SITE_CODE,WLM_ID,MSMT_DATE,WLM_RPE,WLM_GSE,RDNG_WS,RDNG_RP,WSE,RPE_WSE,GSE_WSE,WLM_QA_DESC,WLM_DESC,WLM_ACC_DESC,WLM_ORG_ID,WLM_ORG_NAME,MSMT_CMT,COOP_AGENCY_ORG_ID,COOP_ORG_NAME,TOP_PRF,BOT_PRF,STN_ID,SWN,WELL_NAME,WLM_METHOD,WLM_ACC,BASIN_CODE,BASIN_NAME,COUNTY_NAME,WELL_DEPTH,WELL_USE,WELL_TYPE,WCR_NO,t_range,n_samples,season,fall_high,fall_low,spring_high,spring_low,water_year,Oct.Mar,Apr.Jul,WYsum,Index,water_year_type,region,water_year_start,water_year_end,X,Y
414686N1222830W001,2553026,2020-03-26T00:00:00Z,2624.5,2624,0,5.3,2619.2,5.3,4.8,NA,Acoustic or sonic sounder,Water level accuracy to nearest hundredth of a foot,5109,Siskiyou County Natural Resource Department,NA,5109,Siskiyou County Natural Resource Department,NA,NA,48791,NA,SV04,GPS,20 ft.,1-004,Shasta Valley,Siskiyou,NA,Other,Single Well,NA,2013-04-11 14:45:00 - 2020-03-26 00:00:00,14,spring,NA,NA,4.75,29.229,2020,NA,NA,NA,NA,NA,NA,2019-10-01T00:00:00Z,2020-10-01T00:00:00Z,-122.472,41.7809
414686N1222830W001,2491164,2019-10-29T00:00:00Z,2624.5,2624,0,5.42,2619.08,5.42,4.92,NA,Acoustic or sonic sounder,Water level accuracy to nearest hundredth of a foot,5109,Siskiyou County Natural Resource Department,NA,5109,Siskiyou County Natural Resource Department,NA,NA,48791,NA,SV04,GPS,20 ft.,1-004,Shasta Valley,Siskiyou,NA,Other,Single Well,NA,2013-04-11 14:45:00 - 2020-03-26 00:00:00,14,fall,4.9,5.708,NA,NA,2020,NA,NA,NA,NA,NA,NA,2019-10-01T00:00:00Z,2020-10-01T00:00:00Z,-122.472,41.7809
414686N1222830W001,2467936,2019-05-01T00:00:00Z,2624.5,2624,NA,NA,NA,NA,NA,Special/Other,NA,NA,5109,Siskiyou County Natural Resource Department,NA,5109,Siskiyou County Natural Resource Department,NA,NA,48791,NA,SV04,GPS,20 ft.,1-004,Shasta Valley,Siskiyou,NA,Other,Single Well,NA,2013-04-11 14:45:00 - 2020-03-26 00:00:00,14,spring,NA,NA,4.75,29.229,2019,13.11,10.66,24.77,10.34,Wet,SAC,2018-10-01T00:00:00Z,2019-10-01T00:00:00Z,-122.472,41.7809
414686N1222830W001,2414134,2018-10-24T00:00:00Z,2624.5,2624,0,5.82,2618.68,5.82,5.32,NA,Acoustic or sonic sounder,Water level accuracy to nearest hundredth of a foot,5109,Siskiyou County Natural Resource Department,NA,5109,Siskiyou County Natural Resource Department,NA,NA,48791,NA,SV04,GPS,20 ft.,1-004,Shasta Valley,Siskiyou,NA,Other,Single Well,NA,2013-04-11 14:45:00 - 2020-03-26 00:00:00,14,fall,4.9,5.708,NA,NA,2019,13.11,10.66,24.77,10.34,Wet,SAC,2018-10-01T00:00:00Z,2019-10-01T00:00:00Z,-122.472,41.7809
414686N1222830W001,2294936,2018-03-24T15:30:00Z,2624.5,2624,0,5.25,2619.25,5.25,4.75,NA,Acoustic or sonic sounder,Water level accuracy is unknown,5109,Siskiyou County Natural Resource Department,NA,5109,Siskiyou County Natural Resource Department,NA,NA,48791,NA,SV04,GPS,20 ft.,1-004,Shasta Valley,Siskiyou,NA,Other,Single Well,NA,2013-04-11 14:45:00 - 2020-03-26 00:00:00,14,spring,NA,NA,4.75,29.229,2018,7.09,5.05,12.86,7.14,Below Normal,SAC,2017-10-01T00:00:00Z,2018-10-01T00:00:00Z,-122.472,41.7809
414686N1222830W001,2268207,2017-10-17T13:00:00Z,2624.5,2624,0,5.4,2619.1,5.4,4.9,NA,Steel tape measurement,Water level accuracy to nearest hundredth of a foot,5109,Siskiyou County Natural Resource Department,NA,5109,Siskiyou County Natural Resource Department,NA,NA,48791,NA,SV04,GPS,20 ft.,1-004,Shasta Valley,Siskiyou,NA,Other,Single Well,NA,2013-04-11 14:45:00 - 2020-03-26 00:00:00,14,fall,4.9,5.708,NA,NA,2018,7.09,5.05,12.86,7.14,Below Normal,SAC,2017-10-01T00:00:00Z,2018-10-01T00:00:00Z,-122.472,41.7809
414686N1222830W001,2235244,2017-03-23T13:00:00Z,2624.5,2624,0,9.25,2615.25,9.25,8.75,NA,Steel tape measurement,Water level accuracy to nearest hundredth of a foot,5109,Siskiyou County Natural Resource Department,NA,5109,Siskiyou County Natural Resource Department,NA,NA,48791,NA,SV04,GPS,20 ft.,1-004,Shasta Valley,Siskiyou,NA,Other,Single Well,NA,2013-04-11 14:45:00 - 2020-03-26 00:00:00,14,spring,NA,NA,4.75,29.229,2017,26.17,10.69,37.82,14.14,Wet,SAC,2016-10-01T00:00:00Z,2017-10-01T00:00:00Z,-122.472,41.7809
414686N1222830W001,2213833,2016-10-19T10:30:00Z,2624.5,2624,0,5.46,2619.04,5.46,4.96,NA,Steel tape measurement,Water level accuracy to nearest hundredth of a foot,5109,Siskiyou County Natural Resource Department,NA,5109,Siskiyou County Natural Resource Department,NA,NA,48791,NA,SV04,GPS,20 ft.,1-004,Shasta Valley,Siskiyou,NA,Other,Single Well,NA,2013-04-11 14:45:00 - 2020-03-26 00:00:00,14,fall,4.9,5.708,NA,NA,2017,26.17,10.69,37.82,14.14,Wet,SAC,2016-10-01T00:00:00Z,2017-10-01T00:00:00Z,-122.472,41.7809
414686N1222830W001,2196620,2016-04-28T10:30:00Z,2624.5,2624,0,5.45,2619.05,5.45,4.95,NA,Steel tape measurement,Water level accuracy to nearest hundredth of a foot,5109,Siskiyou County Natural Resource Department,NA,5109,Siskiyou County Natural Resource Department,NA,NA,48791,NA,SV04,GPS,20 ft.,1-004,Shasta Valley,Siskiyou,NA,Other,Single Well,NA,2013-04-11 14:45:00 - 2020-03-26 00:00:00,14,spring,NA,NA,4.75,29.229,2016,12.24,4.6,17.48,6.71,Below Normal,SAC,2015-10-01T00:00:00Z,2016-10-01T00:00:00Z,-122.472,41.7809
414686N1222830W001,2157225,2015-10-21T10:30:00Z,2624.5,2624,0,5.42,2619.08,5.42,4.92,NA,Acoustic or sonic sounder,Water level accuracy to nearest hundredth of a foot,5109,Siskiyou County Natural Resource Department,NA,5109,Siskiyou County Natural Resource Department,NA,NA,48791,NA,SV04,GPS,20 ft.,1-004,Shasta Valley,Siskiyou,NA,Other,Single Well,NA,2013-04-11 14:45:00 - 2020-03-26 00:00:00,14,fall,4.9,5.708,NA,NA,2016,12.24,4.6,17.48,6.71,Below Normal,SAC,2015-10-01T00:00:00Z,2016-10-01T00:00:00Z,-122.472,41.7809
414686N1222830W001,2029301,2014-10-15T00:00:00Z,2624.5,2624,NA,NA,NA,NA,NA,Pump house locked,NA,NA,5109,Siskiyou County Natural Resource Department,NA,5109,Siskiyou County Natural Resource Department,NA,NA,48791,NA,SV04,GPS,20 ft.,1-004,Shasta Valley,Siskiyou,NA,Other,Single Well,NA,2013-04-11 14:45:00 - 2020-03-26 00:00:00,14,fall,4.9,5.708,NA,NA,2015,6.91,1.77,9.23,4,Critical,SAC,2014-10-01T00:00:00Z,2015-10-01T00:00:00Z,-122.472,41.7809
414686N1222830W001,1883536,2014-03-27T14:00:00Z,2624.5,2624,0,5.332,2619.17,5.332,4.832,NA,Electric sounder measurement,Water level accuracy to nearest hundredth of a foot,5109,Siskiyou County Natural Resource Department,NA,5109,Siskiyou County Natural Resource Department,NA,NA,48791,NA,SV04,GPS,20 ft.,1-004,Shasta Valley,Siskiyou,NA,Other,Single Well,NA,2013-04-11 14:45:00 - 2020-03-26 00:00:00,14,spring,NA,NA,4.75,29.229,2014,4.29,2.59,7.46,4.07,Critical,SAC,2013-10-01T00:00:00Z,2014-10-01T00:00:00Z,-122.472,41.7809
414686N1222830W001,1796992,2013-10-23T14:50:00Z,2624.5,2624,0,6.208,2618.29,6.208,5.708,NA,Electric sounder measurement,Water level accuracy to nearest hundredth of a foot,5109,Siskiyou County Natural Resource Department,Reading in feet.,5109,Siskiyou County Natural Resource Department,NA,NA,48791,NA,SV04,GPS,20 ft.,1-004,Shasta Valley,Siskiyou,NA,Other,Single Well,NA,2013-04-11 14:45:00 - 2020-03-26 00:00:00,14,fall,4.9,5.708,NA,NA,2014,4.29,2.59,7.46,4.07,Critical,SAC,2013-10-01T00:00:00Z,2014-10-01T00:00:00Z,-122.472,41.7809
414686N1222830W001,1703357,2013-04-11T14:45:00Z,2624.5,2624,0,29.729,2594.77,29.729,29.229,NA,Electric sounder measurement,Water level accuracy to nearest hundredth of a foot,5109,Siskiyou County Natural Resource Department,Measurement in Feet.,5109,Siskiyou County Natural Resource Department,NA,NA,48791,NA,SV04,GPS,20 ft.,1-004,Shasta Valley,Siskiyou,NA,Other,Single Well,NA,2013-04-11 14:45:00 - 2020-03-26 00:00:00,14,spring,NA,NA,4.75,29.229,2013,8.52,3.01,12.19,5.83,Dry,SAC,2012-10-01T00:00:00Z,2013-10-01T00:00:00Z,-122.472,41.7809
