SITE_CODE,WLM_ID,MSMT_DATE,WLM_RPE,WLM_GSE,RDNG_WS,RDNG_RP,WSE,RPE_WSE,GSE_WSE,WLM_QA_DESC,WLM_DESC,WLM_ACC_DESC,WLM_ORG_ID,WLM_ORG_NAME,MSMT_CMT,COOP_AGENCY_ORG_ID,COOP_ORG_NAME,TOP_PRF,BOT_PRF,STN_ID,SWN,WELL_NAME,WLM_METHOD,WLM_ACC,BASIN_CODE,BASIN_NAME,COUNTY_NAME,WELL_DEPTH,WELL_USE,WELL_TYPE,WCR_NO,t_range,n_samples,season,fall_high,fall_low,spring_high,spring_low,water_year,HUC8,WYT,water_year_type,water_year_start,water_year_end,X,Y
414796N1223568W001,675905,2011-04-21T00:00:00Z,3344.6,3343.6,NA,NA,NA,NA,NA,Measurement Discontinued,NA,NA,1,Department of Water Resources,NA,1,Department of Water Resources,NA,NA,22363,42N04W18P001M,18P001,Unknown,Unknown,1-004,Shasta Valley,Siskiyou,340,Residential,Single Well,101729,1990-09-04 - 2011-04-21,44,spring,NA,NA,240.1,247.1,2011,18010207,Above Normal,Above Normal,2010-10-01T00:00:00Z,2011-10-01T00:00:00Z,-122.357,41.4796
414796N1223568W001,675904,2010-10-26T00:00:00Z,3344.6,3343.6,NA,NA,NA,NA,NA,Measurement Discontinued,NA,NA,1,Department of Water Resources,NA,1,Department of Water Resources,NA,NA,22363,42N04W18P001M,18P001,Unknown,Unknown,1-004,Shasta Valley,Siskiyou,340,Residential,Single Well,101729,1990-09-04 - 2011-04-21,44,fall,229.2,245.7,NA,NA,2011,18010207,Above Normal,Above Normal,2010-10-01T00:00:00Z,2011-10-01T00:00:00Z,-122.357,41.4796
414796N1223568W001,675903,2010-04-01T00:00:00Z,3344.6,3343.6,NA,NA,NA,NA,NA,Measurement Discontinued,NA,NA,1,Department of Water Resources,NA,1,Department of Water Resources,NA,NA,22363,42N04W18P001M,18P001,Unknown,Unknown,1-004,Shasta Valley,Siskiyou,340,Residential,Single Well,101729,1990-09-04 - 2011-04-21,44,spring,NA,NA,240.1,247.1,2010,18010207,Below Normal,Below Normal,2009-10-01T00:00:00Z,2010-10-01T00:00:00Z,-122.357,41.4796
414796N1223568W001,675902,2009-10-29T00:00:00Z,3344.6,3343.6,NA,NA,NA,NA,NA,Casing leaking or wet,NA,NA,1,Department of Water Resources,NA,1,Department of Water Resources,NA,NA,22363,42N04W18P001M,18P001,Unknown,Unknown,1-004,Shasta Valley,Siskiyou,340,Residential,Single Well,101729,1990-09-04 - 2011-04-21,44,fall,229.2,245.7,NA,NA,2010,18010207,Below Normal,Below Normal,2009-10-01T00:00:00Z,2010-10-01T00:00:00Z,-122.357,41.4796
414796N1223568W001,675901,2009-04-07T00:00:00Z,3344.6,3343.6,NA,NA,NA,NA,NA,Casing leaking or wet,NA,NA,1,Department of Water Resources,NA,1,Department of Water Resources,NA,NA,22363,42N04W18P001M,18P001,Unknown,Unknown,1-004,Shasta Valley,Siskiyou,340,Residential,Single Well,101729,1990-09-04 - 2011-04-21,44,spring,NA,NA,240.1,247.1,2009,18010207,Dry,Dry,2008-10-01T00:00:00Z,2009-10-01T00:00:00Z,-122.357,41.4796
414796N1223568W001,675900,2008-10-30T00:00:00Z,3344.6,3343.6,0,242.9,3101.7,242.9,241.9,NA,Unknown,Water level accuracy is unknown,1,Department of Water Resources,NA,1,Department of Water Resources,NA,NA,22363,42N04W18P001M,18P001,Unknown,Unknown,1-004,Shasta Valley,Siskiyou,340,Residential,Single Well,101729,1990-09-04 - 2011-04-21,44,fall,229.2,245.7,NA,NA,2009,18010207,Dry,Dry,2008-10-01T00:00:00Z,2009-10-01T00:00:00Z,-122.357,41.4796
414796N1223568W001,675899,2008-04-04T00:00:00Z,3344.6,3343.6,0,242.1,3102.5,242.1,241.1,NA,Unknown,Water level accuracy is unknown,1,Department of Water Resources,NA,1,Department of Water Resources,NA,NA,22363,42N04W18P001M,18P001,Unknown,Unknown,1-004,Shasta Valley,Siskiyou,340,Residential,Single Well,101729,1990-09-04 - 2011-04-21,44,spring,NA,NA,240.1,247.1,2008,18010207,Dry,Dry,2007-10-01T00:00:00Z,2008-10-01T00:00:00Z,-122.357,41.4796
414796N1223568W001,675898,2007-10-23T00:00:00Z,3344.6,3343.6,NA,NA,NA,NA,NA,Casing leaking or wet,NA,NA,1,Department of Water Resources,NA,1,Department of Water Resources,NA,NA,22363,42N04W18P001M,18P001,Unknown,Unknown,1-004,Shasta Valley,Siskiyou,340,Residential,Single Well,101729,1990-09-04 - 2011-04-21,44,fall,229.2,245.7,NA,NA,2008,18010207,Dry,Dry,2007-10-01T00:00:00Z,2008-10-01T00:00:00Z,-122.357,41.4796
414796N1223568W001,675897,2007-03-28T00:00:00Z,3344.6,3343.6,0,241.2,3103.4,241.2,240.2,NA,Unknown,Water level accuracy is unknown,1,Department of Water Resources,NA,1,Department of Water Resources,NA,NA,22363,42N04W18P001M,18P001,Unknown,Unknown,1-004,Shasta Valley,Siskiyou,340,Residential,Single Well,101729,1990-09-04 - 2011-04-21,44,spring,NA,NA,240.1,247.1,2007,18010207,Below Normal,Below Normal,2006-10-01T00:00:00Z,2007-10-01T00:00:00Z,-122.357,41.4796
414796N1223568W001,675896,2006-10-19T00:00:00Z,3344.6,3343.6,0,241.3,3103.3,241.3,240.3,NA,Unknown,Water level accuracy is unknown,1,Department of Water Resources,NA,1,Department of Water Resources,NA,NA,22363,42N04W18P001M,18P001,Unknown,Unknown,1-004,Shasta Valley,Siskiyou,340,Residential,Single Well,101729,1990-09-04 - 2011-04-21,44,fall,229.2,245.7,NA,NA,2007,18010207,Below Normal,Below Normal,2006-10-01T00:00:00Z,2007-10-01T00:00:00Z,-122.357,41.4796
414796N1223568W001,675895,2006-04-20T00:00:00Z,3344.6,3343.6,0,242,3102.6,242,241,NA,Unknown,Water level accuracy is unknown,1,Department of Water Resources,NA,1,Department of Water Resources,NA,NA,22363,42N04W18P001M,18P001,Unknown,Unknown,1-004,Shasta Valley,Siskiyou,340,Residential,Single Well,101729,1990-09-04 - 2011-04-21,44,spring,NA,NA,240.1,247.1,2006,18010207,Wet,Wet,2005-10-01T00:00:00Z,2006-10-01T00:00:00Z,-122.357,41.4796
414796N1223568W001,675894,2005-10-13T00:00:00Z,3344.6,3343.6,0,242.8,3101.8,242.8,241.8,NA,Unknown,Water level accuracy is unknown,1,Department of Water Resources,NA,1,Department of Water Resources,NA,NA,22363,42N04W18P001M,18P001,Unknown,Unknown,1-004,Shasta Valley,Siskiyou,340,Residential,Single Well,101729,1990-09-04 - 2011-04-21,44,fall,229.2,245.7,NA,NA,2006,18010207,Wet,Wet,2005-10-01T00:00:00Z,2006-10-01T00:00:00Z,-122.357,41.4796
414796N1223568W001,675893,2005-03-29T00:00:00Z,3344.6,3343.6,0,243,3101.6,243,242,NA,Unknown,Water level accuracy is unknown,1,Department of Water Resources,NA,1,Department of Water Resources,NA,NA,22363,42N04W18P001M,18P001,Unknown,Unknown,1-004,Shasta Valley,Siskiyou,340,Residential,Single Well,101729,1990-09-04 - 2011-04-21,44,spring,NA,NA,240.1,247.1,2005,18010207,Above Normal,Above Normal,2004-10-01T00:00:00Z,2005-10-01T00:00:00Z,-122.357,41.4796
414796N1223568W001,675892,2004-10-29T00:00:00Z,3344.6,3343.6,0,245.2,3099.4,245.2,244.2,NA,Unknown,Water level accuracy is unknown,1,Department of Water Resources,NA,1,Department of Water Resources,NA,NA,22363,42N04W18P001M,18P001,Unknown,Unknown,1-004,Shasta Valley,Siskiyou,340,Residential,Single Well,101729,1990-09-04 - 2011-04-21,44,fall,229.2,245.7,NA,NA,2005,18010207,Above Normal,Above Normal,2004-10-01T00:00:00Z,2005-10-01T00:00:00Z,-122.357,41.4796
414796N1223568W001,675891,2004-03-31T00:00:00Z,3344.6,3343.6,0,246,3098.6,246,245,NA,Unknown,Water level accuracy is unknown,1,Department of Water Resources,NA,1,Department of Water Resources,NA,NA,22363,42N04W18P001M,18P001,Unknown,Unknown,1-004,Shasta Valley,Siskiyou,340,Residential,Single Well,101729,1990-09-04 - 2011-04-21,44,spring,NA,NA,240.1,247.1,2004,18010207,Above Normal,Above Normal,2003-10-01T00:00:00Z,2004-10-01T00:00:00Z,-122.357,41.4796
414796N1223568W001,675890,2003-10-07T00:00:00Z,3344.6,3343.6,0,244.6,3100,244.6,243.6,NA,Unknown,Water level accuracy is unknown,1,Department of Water Resources,NA,1,Department of Water Resources,NA,NA,22363,42N04W18P001M,18P001,Unknown,Unknown,1-004,Shasta Valley,Siskiyou,340,Residential,Single Well,101729,1990-09-04 - 2011-04-21,44,fall,229.2,245.7,NA,NA,2004,18010207,Above Normal,Above Normal,2003-10-01T00:00:00Z,2004-10-01T00:00:00Z,-122.357,41.4796
414796N1223568W001,675889,2003-05-07T00:00:00Z,3344.6,3343.6,0,247.3,3097.3,247.3,246.3,NA,Unknown,Water level accuracy is unknown,1,Department of Water Resources,NA,1,Department of Water Resources,NA,NA,22363,42N04W18P001M,18P001,Unknown,Unknown,1-004,Shasta Valley,Siskiyou,340,Residential,Single Well,101729,1990-09-04 - 2011-04-21,44,spring,NA,NA,240.1,247.1,2003,18010207,Above Normal,Above Normal,2002-10-01T00:00:00Z,2003-10-01T00:00:00Z,-122.357,41.4796
414796N1223568W001,675888,2003-03-25T00:00:00Z,3344.6,3343.6,NA,NA,NA,NA,NA,Special/Other,NA,NA,1,Department of Water Resources,NA,1,Department of Water Resources,NA,NA,22363,42N04W18P001M,18P001,Unknown,Unknown,1-004,Shasta Valley,Siskiyou,340,Residential,Single Well,101729,1990-09-04 - 2011-04-21,44,spring,NA,NA,240.1,247.1,2003,18010207,Above Normal,Above Normal,2002-10-01T00:00:00Z,2003-10-01T00:00:00Z,-122.357,41.4796
414796N1223568W001,675887,2002-10-09T00:00:00Z,3344.6,3343.6,NA,NA,NA,NA,NA,Tape hung up,NA,NA,1,Department of Water Resources,NA,1,Department of Water Resources,NA,NA,22363,42N04W18P001M,18P001,Unknown,Unknown,1-004,Shasta Valley,Siskiyou,340,Residential,Single Well,101729,1990-09-04 - 2011-04-21,44,fall,229.2,245.7,NA,NA,2003,18010207,Above Normal,Above Normal,2002-10-01T00:00:00Z,2003-10-01T00:00:00Z,-122.357,41.4796
414796N1223568W001,675886,2002-03-27T00:00:00Z,3344.6,3343.6,0,245.2,3099.4,245.2,244.2,NA,Unknown,Water level accuracy is unknown,1,Department of Water Resources,NA,1,Department of Water Resources,NA,NA,22363,42N04W18P001M,18P001,Unknown,Unknown,1-004,Shasta Valley,Siskiyou,340,Residential,Single Well,101729,1990-09-04 - 2011-04-21,44,spring,NA,NA,240.1,247.1,2002,18010207,Dry,Dry,2001-10-01T00:00:00Z,2002-10-01T00:00:00Z,-122.357,41.4796
414796N1223568W001,675885,2001-10-30T00:00:00Z,3344.6,3343.6,0,244.5,3100.1,244.5,243.5,NA,Unknown,Water level accuracy is unknown,1,Department of Water Resources,NA,1,Department of Water Resources,NA,NA,22363,42N04W18P001M,18P001,Unknown,Unknown,1-004,Shasta Valley,Siskiyou,340,Residential,Single Well,101729,1990-09-04 - 2011-04-21,44,fall,229.2,245.7,NA,NA,2002,18010207,Dry,Dry,2001-10-01T00:00:00Z,2002-10-01T00:00:00Z,-122.357,41.4796
414796N1223568W001,675884,2001-04-03T00:00:00Z,3344.6,3343.6,0,243.2,3101.4,243.2,242.2,NA,Unknown,Water level accuracy is unknown,1,Department of Water Resources,NA,1,Department of Water Resources,NA,NA,22363,42N04W18P001M,18P001,Unknown,Unknown,1-004,Shasta Valley,Siskiyou,340,Residential,Single Well,101729,1990-09-04 - 2011-04-21,44,spring,NA,NA,240.1,247.1,2001,18010207,Critical,Critical,2000-10-01T00:00:00Z,2001-10-01T00:00:00Z,-122.357,41.4796
414796N1223568W001,675883,2000-10-10T00:00:00Z,3344.6,3343.6,0,242.6,3102,242.6,241.6,NA,Unknown,Water level accuracy is unknown,1,Department of Water Resources,NA,1,Department of Water Resources,NA,NA,22363,42N04W18P001M,18P001,Unknown,Unknown,1-004,Shasta Valley,Siskiyou,340,Residential,Single Well,101729,1990-09-04 - 2011-04-21,44,fall,229.2,245.7,NA,NA,2001,18010207,Critical,Critical,2000-10-01T00:00:00Z,2001-10-01T00:00:00Z,-122.357,41.4796
414796N1223568W001,675882,2000-03-22T00:00:00Z,3344.6,3343.6,0,242.2,3102.4,242.2,241.2,NA,Unknown,Water level accuracy is unknown,1,Department of Water Resources,NA,1,Department of Water Resources,NA,NA,22363,42N04W18P001M,18P001,Unknown,Unknown,1-004,Shasta Valley,Siskiyou,340,Residential,Single Well,101729,1990-09-04 - 2011-04-21,44,spring,NA,NA,240.1,247.1,2000,18010207,Above Normal,Above Normal,1999-10-01T00:00:00Z,2000-10-01T00:00:00Z,-122.357,41.4796
414796N1223568W001,675880,1999-10-26T00:00:00Z,3344.6,3343.6,0,241.9,3102.7,241.9,240.9,NA,Unknown,Water level accuracy is unknown,1,Department of Water Resources,NA,1,Department of Water Resources,NA,NA,22363,42N04W18P001M,18P001,Unknown,Unknown,1-004,Shasta Valley,Siskiyou,340,Residential,Single Well,101729,1990-09-04 - 2011-04-21,44,fall,229.2,245.7,NA,NA,2000,18010207,Above Normal,Above Normal,1999-10-01T00:00:00Z,2000-10-01T00:00:00Z,-122.357,41.4796
414796N1223568W001,675881,1999-03-15T00:00:00Z,3344.6,3343.6,0,241.1,3103.5,241.1,240.1,NA,Unknown,Water level accuracy is unknown,1,Department of Water Resources,NA,1,Department of Water Resources,NA,NA,22363,42N04W18P001M,18P001,Unknown,Unknown,1-004,Shasta Valley,Siskiyou,340,Residential,Single Well,101729,1990-09-04 - 2011-04-21,44,spring,NA,NA,240.1,247.1,1999,18010207,Wet,Wet,1998-10-01T00:00:00Z,1999-10-01T00:00:00Z,-122.357,41.4796
414796N1223568W001,675879,1998-10-27T00:00:00Z,3344.6,3343.6,0,241.9,3102.7,241.9,240.9,NA,Unknown,Water level accuracy is unknown,1,Department of Water Resources,NA,1,Department of Water Resources,NA,NA,22363,42N04W18P001M,18P001,Unknown,Unknown,1-004,Shasta Valley,Siskiyou,340,Residential,Single Well,101729,1990-09-04 - 2011-04-21,44,fall,229.2,245.7,NA,NA,1999,18010207,Wet,Wet,1998-10-01T00:00:00Z,1999-10-01T00:00:00Z,-122.357,41.4796
414796N1223568W001,675878,1998-03-31T00:00:00Z,3344.6,3343.6,0,243.8,3100.8,243.8,242.8,NA,Unknown,Water level accuracy is unknown,1,Department of Water Resources,NA,1,Department of Water Resources,NA,NA,22363,42N04W18P001M,18P001,Unknown,Unknown,1-004,Shasta Valley,Siskiyou,340,Residential,Single Well,101729,1990-09-04 - 2011-04-21,44,spring,NA,NA,240.1,247.1,1998,18010207,Wet,Wet,1997-10-01T00:00:00Z,1998-10-01T00:00:00Z,-122.357,41.4796
414796N1223568W001,675877,1997-10-22T00:00:00Z,3344.6,3343.6,0,244.3,3100.3,244.3,243.3,NA,Unknown,Water level accuracy is unknown,1,Department of Water Resources,NA,1,Department of Water Resources,NA,NA,22363,42N04W18P001M,18P001,Unknown,Unknown,1-004,Shasta Valley,Siskiyou,340,Residential,Single Well,101729,1990-09-04 - 2011-04-21,44,fall,229.2,245.7,NA,NA,1998,18010207,Wet,Wet,1997-10-01T00:00:00Z,1998-10-01T00:00:00Z,-122.357,41.4796
414796N1223568W001,675876,1997-03-12T00:00:00Z,3344.6,3343.6,0,244.1,3100.5,244.1,243.1,NA,Unknown,Water level accuracy is unknown,1,Department of Water Resources,NA,1,Department of Water Resources,NA,NA,22363,42N04W18P001M,18P001,Unknown,Unknown,1-004,Shasta Valley,Siskiyou,340,Residential,Single Well,101729,1990-09-04 - 2011-04-21,44,spring,NA,NA,240.1,247.1,1997,18010207,Wet,Wet,1996-10-01T00:00:00Z,1997-10-01T00:00:00Z,-122.357,41.4796
414796N1223568W001,675875,1996-10-22T00:00:00Z,3344.6,3343.6,0,244.2,3100.4,244.2,243.2,NA,Unknown,Water level accuracy is unknown,1,Department of Water Resources,NA,1,Department of Water Resources,NA,NA,22363,42N04W18P001M,18P001,Unknown,Unknown,1-004,Shasta Valley,Siskiyou,340,Residential,Single Well,101729,1990-09-04 - 2011-04-21,44,fall,229.2,245.7,NA,NA,1997,18010207,Wet,Wet,1996-10-01T00:00:00Z,1997-10-01T00:00:00Z,-122.357,41.4796
414796N1223568W001,675874,1996-03-26T00:00:00Z,3344.6,3343.6,0,247.5,3097.1,247.5,246.5,NA,Unknown,Water level accuracy is unknown,1,Department of Water Resources,NA,1,Department of Water Resources,NA,NA,22363,42N04W18P001M,18P001,Unknown,Unknown,1-004,Shasta Valley,Siskiyou,340,Residential,Single Well,101729,1990-09-04 - 2011-04-21,44,spring,NA,NA,240.1,247.1,1996,18010207,Wet,Wet,1995-10-01T00:00:00Z,1996-10-01T00:00:00Z,-122.357,41.4796
414796N1223568W001,675873,1995-10-17T00:00:00Z,3344.6,3343.6,0,244.5,3100.1,244.5,243.5,NA,Unknown,Water level accuracy is unknown,1,Department of Water Resources,NA,1,Department of Water Resources,NA,NA,22363,42N04W18P001M,18P001,Unknown,Unknown,1-004,Shasta Valley,Siskiyou,340,Residential,Single Well,101729,1990-09-04 - 2011-04-21,44,fall,229.2,245.7,NA,NA,1996,18010207,Wet,Wet,1995-10-01T00:00:00Z,1996-10-01T00:00:00Z,-122.357,41.4796
414796N1223568W001,675872,1995-03-27T00:00:00Z,3344.6,3343.6,0,248,3096.6,248,247,NA,Unknown,Water level accuracy is unknown,1,Department of Water Resources,NA,1,Department of Water Resources,NA,NA,22363,42N04W18P001M,18P001,Unknown,Unknown,1-004,Shasta Valley,Siskiyou,340,Residential,Single Well,101729,1990-09-04 - 2011-04-21,44,spring,NA,NA,240.1,247.1,1995,18010207,Wet,Wet,1994-10-01T00:00:00Z,1995-10-01T00:00:00Z,-122.357,41.4796
414796N1223568W001,675871,1994-10-26T00:00:00Z,3344.6,3343.6,0,246.7,3097.9,246.7,245.7,Pumped recently,Unknown,Water level accuracy is unknown,1,Department of Water Resources,NA,1,Department of Water Resources,NA,NA,22363,42N04W18P001M,18P001,Unknown,Unknown,1-004,Shasta Valley,Siskiyou,340,Residential,Single Well,101729,1990-09-04 - 2011-04-21,44,fall,229.2,245.7,NA,NA,1995,18010207,Wet,Wet,1994-10-01T00:00:00Z,1995-10-01T00:00:00Z,-122.357,41.4796
414796N1223568W001,675870,1994-03-31T00:00:00Z,3344.6,3343.6,0,245.9,3098.7,245.9,244.9,NA,Unknown,Water level accuracy is unknown,1,Department of Water Resources,NA,1,Department of Water Resources,NA,NA,22363,42N04W18P001M,18P001,Unknown,Unknown,1-004,Shasta Valley,Siskiyou,340,Residential,Single Well,101729,1990-09-04 - 2011-04-21,44,spring,NA,NA,240.1,247.1,1994,18010207,Dry,Dry,1993-10-01T00:00:00Z,1994-10-01T00:00:00Z,-122.357,41.4796
414796N1223568W001,675869,1993-10-16T00:00:00Z,3344.6,3343.6,NA,NA,NA,NA,NA,Special/Other,NA,NA,1,Department of Water Resources,NA,1,Department of Water Resources,NA,NA,22363,42N04W18P001M,18P001,Unknown,Unknown,1-004,Shasta Valley,Siskiyou,340,Residential,Single Well,101729,1990-09-04 - 2011-04-21,44,fall,229.2,245.7,NA,NA,1994,18010207,Dry,Dry,1993-10-01T00:00:00Z,1994-10-01T00:00:00Z,-122.357,41.4796
414796N1223568W001,675868,1993-03-15T00:00:00Z,3344.6,3343.6,0,246.9,3097.7,246.9,245.9,Pumping,Unknown,Water level accuracy is unknown,1,Department of Water Resources,NA,1,Department of Water Resources,NA,NA,22363,42N04W18P001M,18P001,Unknown,Unknown,1-004,Shasta Valley,Siskiyou,340,Residential,Single Well,101729,1990-09-04 - 2011-04-21,44,spring,NA,NA,240.1,247.1,1993,18010207,Above Normal,Above Normal,1992-10-01T00:00:00Z,1993-10-01T00:00:00Z,-122.357,41.4796
414796N1223568W001,675867,1992-10-19T00:00:00Z,3344.6,3343.6,0,246.1,3098.5,246.1,245.1,NA,Unknown,Water level accuracy is unknown,1,Department of Water Resources,NA,1,Department of Water Resources,NA,NA,22363,42N04W18P001M,18P001,Unknown,Unknown,1-004,Shasta Valley,Siskiyou,340,Residential,Single Well,101729,1990-09-04 - 2011-04-21,44,fall,229.2,245.7,NA,NA,1993,18010207,Above Normal,Above Normal,1992-10-01T00:00:00Z,1993-10-01T00:00:00Z,-122.357,41.4796
414796N1223568W001,675866,1992-03-07T00:00:00Z,3344.6,3343.6,0,245.5,3099.1,245.5,244.5,NA,Unknown,Water level accuracy is unknown,1,Department of Water Resources,NA,1,Department of Water Resources,NA,NA,22363,42N04W18P001M,18P001,Unknown,Unknown,1-004,Shasta Valley,Siskiyou,340,Residential,Single Well,101729,1990-09-04 - 2011-04-21,44,spring,NA,NA,240.1,247.1,1992,18010207,Critical,Critical,1991-10-01T00:00:00Z,1992-10-01T00:00:00Z,-122.357,41.4796
414796N1223568W001,675865,1991-10-03T00:00:00Z,3344.6,3343.6,0,245.2,3099.4,245.2,244.2,NA,Unknown,Water level accuracy is unknown,1,Department of Water Resources,NA,1,Department of Water Resources,NA,NA,22363,42N04W18P001M,18P001,Unknown,Unknown,1-004,Shasta Valley,Siskiyou,340,Residential,Single Well,101729,1990-09-04 - 2011-04-21,44,fall,229.2,245.7,NA,NA,1992,18010207,Critical,Critical,1991-10-01T00:00:00Z,1992-10-01T00:00:00Z,-122.357,41.4796
414796N1223568W001,675864,1991-03-19T00:00:00Z,3344.6,3343.6,0,248.1,3096.5,248.1,247.1,Pumped recently,Unknown,Water level accuracy is unknown,1,Department of Water Resources,NA,1,Department of Water Resources,NA,NA,22363,42N04W18P001M,18P001,Unknown,Unknown,1-004,Shasta Valley,Siskiyou,340,Residential,Single Well,101729,1990-09-04 - 2011-04-21,44,spring,NA,NA,240.1,247.1,1991,18010207,Critical,Critical,1990-10-01T00:00:00Z,1991-10-01T00:00:00Z,-122.357,41.4796
414796N1223568W001,675863,1990-10-01T00:00:00Z,3344.6,3343.6,0,230.2,3114.4,230.2,229.2,NA,Unknown,Water level accuracy is unknown,1,Department of Water Resources,NA,1,Department of Water Resources,NA,NA,22363,42N04W18P001M,18P001,Unknown,Unknown,1-004,Shasta Valley,Siskiyou,340,Residential,Single Well,101729,1990-09-04 - 2011-04-21,44,fall,229.2,245.7,NA,NA,1991,18010207,Critical,Critical,1990-10-01T00:00:00Z,1991-10-01T00:00:00Z,-122.357,41.4796
414796N1223568W001,675862,1990-09-04T00:00:00Z,3344.6,3343.6,NA,NA,NA,NA,NA,Temporarily inaccessible,NA,NA,1,Department of Water Resources,NA,1,Department of Water Resources,NA,NA,22363,42N04W18P001M,18P001,Unknown,Unknown,1-004,Shasta Valley,Siskiyou,340,Residential,Single Well,101729,1990-09-04 - 2011-04-21,44,fall,229.2,245.7,NA,NA,1990,18010207,Dry,Dry,1989-10-01T00:00:00Z,1990-10-01T00:00:00Z,-122.357,41.4796
