SITE_CODE,WLM_ID,MSMT_DATE,WLM_RPE,WLM_GSE,RDNG_WS,RDNG_RP,WSE,RPE_WSE,GSE_WSE,WLM_QA_DESC,WLM_DESC,WLM_ACC_DESC,WLM_ORG_ID,WLM_ORG_NAME,MSMT_CMT,COOP_AGENCY_ORG_ID,COOP_ORG_NAME,TOP_PRF,BOT_PRF,STN_ID,SWN,WELL_NAME,WLM_METHOD,WLM_ACC,BASIN_CODE,BASIN_NAME,COUNTY_NAME,WELL_DEPTH,WELL_USE,WELL_TYPE,WCR_NO,t_range,n_samples,X,Y
414719N1224394W001,2619082,2020-04-10T12:00:00Z,2885.9,2885.5,NA,NA,NA,NA,NA,Special/Other,NA,NA,1,Department of Water Resources,Domestic wells not monitored during COVID-19 (Shelter in Place),1,Department of Water Resources,NA,NA,22364,42N05W20J001M,42N05W20J001M,Digital Elevation Model,Unknown,1-004,Shasta Valley,Siskiyou,40,Residential,Single Well,D-LOG,1953-04-02 00:00:00 - 2020-04-10 12:00:00,207,-122.439,41.4719
414719N1224394W001,2480389,2019-10-25T12:00:00Z,2885.9,2885.5,12.4,20,2878.3,7.6,7.2,NA,Steel tape measurement,Water level accuracy to nearest tenth of a foot,1,Department of Water Resources,NA,1,Department of Water Resources,NA,NA,22364,42N05W20J001M,42N05W20J001M,Digital Elevation Model,Unknown,1-004,Shasta Valley,Siskiyou,40,Residential,Single Well,D-LOG,1953-04-02 00:00:00 - 2020-04-10 12:00:00,207,-122.439,41.4719
414719N1224394W001,2452846,2019-04-04T12:00:00Z,2885.9,2885.5,4,12,2877.9,8,7.6,NA,Steel tape measurement,Water level accuracy to nearest tenth of a foot,1,Department of Water Resources,NA,1,Department of Water Resources,NA,NA,22364,42N05W20J001M,42N05W20J001M,Digital Elevation Model,Unknown,1-004,Shasta Valley,Siskiyou,40,Residential,Single Well,D-LOG,1953-04-02 00:00:00 - 2020-04-10 12:00:00,207,-122.439,41.4719
414719N1224394W001,2413588,2018-10-22T12:00:00Z,2885.9,2885.5,13,22,2876.9,9,8.6,NA,Steel tape measurement,Water level accuracy to nearest tenth of a foot,1,Department of Water Resources,NA,1,Department of Water Resources,NA,NA,22364,42N05W20J001M,42N05W20J001M,Digital Elevation Model,Unknown,1-004,Shasta Valley,Siskiyou,40,Residential,Single Well,D-LOG,1953-04-02 00:00:00 - 2020-04-10 12:00:00,207,-122.439,41.4719
414719N1224394W001,2286526,2018-03-28T12:00:00Z,2885.9,2885.5,10.1,20,2876,9.9,9.5,NA,Steel tape measurement,Water level accuracy to nearest tenth of a foot,1,Department of Water Resources,NA,1,Department of Water Resources,NA,NA,22364,42N05W20J001M,42N05W20J001M,Digital Elevation Model,Unknown,1-004,Shasta Valley,Siskiyou,40,Residential,Single Well,D-LOG,1953-04-02 00:00:00 - 2020-04-10 12:00:00,207,-122.439,41.4719
414719N1224394W001,2266731,2017-10-19T12:00:00Z,2885.9,2885.5,11.4,20,2877.3,8.6,8.2,NA,Steel tape measurement,Water level accuracy to nearest tenth of a foot,1,Department of Water Resources,NA,1,Department of Water Resources,NA,NA,22364,42N05W20J001M,42N05W20J001M,Digital Elevation Model,Unknown,1-004,Shasta Valley,Siskiyou,40,Residential,Single Well,D-LOG,1953-04-02 00:00:00 - 2020-04-10 12:00:00,207,-122.439,41.4719
414719N1224394W001,2241461,2017-03-22T12:00:00Z,2885.9,2885.5,2.5,10,2878.4,7.5,7.1,NA,Steel tape measurement,Water level accuracy to nearest tenth of a foot,1,Department of Water Resources,NA,1,Department of Water Resources,NA,NA,22364,42N05W20J001M,42N05W20J001M,Digital Elevation Model,Unknown,1-004,Shasta Valley,Siskiyou,40,Residential,Single Well,D-LOG,1953-04-02 00:00:00 - 2020-04-10 12:00:00,207,-122.439,41.4719
414719N1224394W001,2214922,2016-10-21T12:00:00Z,2885.9,2885.5,1.5,11,2876.4,9.5,9.1,NA,Steel tape measurement,Water level accuracy to nearest tenth of a foot,1,Department of Water Resources,NA,1,Department of Water Resources,NA,NA,22364,42N05W20J001M,42N05W20J001M,Digital Elevation Model,Unknown,1-004,Shasta Valley,Siskiyou,40,Residential,Single Well,D-LOG,1953-04-02 00:00:00 - 2020-04-10 12:00:00,207,-122.439,41.4719
414719N1224394W001,2189509,2016-04-06T00:00:00Z,2885.9,2885.5,33.2,40,2879.1,6.8,6.4,Pumping,Steel tape measurement,Water level accuracy to nearest tenth of a foot,1,Department of Water Resources,NA,1,Department of Water Resources,NA,NA,22364,42N05W20J001M,42N05W20J001M,Digital Elevation Model,Unknown,1-004,Shasta Valley,Siskiyou,40,Residential,Single Well,D-LOG,1953-04-02 00:00:00 - 2020-04-10 12:00:00,207,-122.439,41.4719
414719N1224394W001,2165278,2015-10-20T00:00:00Z,2885.9,2885.5,0.9,11,2875.8,10.1,9.7,NA,Steel tape measurement,Water level accuracy to nearest tenth of a foot,1,Department of Water Resources,NA,1,Department of Water Resources,NA,NA,22364,42N05W20J001M,42N05W20J001M,Digital Elevation Model,Unknown,1-004,Shasta Valley,Siskiyou,40,Residential,Single Well,D-LOG,1953-04-02 00:00:00 - 2020-04-10 12:00:00,207,-122.439,41.4719
414719N1224394W001,2189773,2015-04-02T00:00:00Z,2885.9,2885.5,NA,NA,NA,NA,NA,Pumping,NA,NA,1,Department of Water Resources,NA,1,Department of Water Resources,NA,NA,22364,42N05W20J001M,42N05W20J001M,Digital Elevation Model,Unknown,1-004,Shasta Valley,Siskiyou,40,Residential,Single Well,D-LOG,1953-04-02 00:00:00 - 2020-04-10 12:00:00,207,-122.439,41.4719
414719N1224394W001,2029950,2014-10-29T00:00:00Z,2885.9,2885.5,0,9.19,2876.71,9.19,8.79,NA,Electric sounder measurement,Water level accuracy to nearest hundredth of a foot,1,Department of Water Resources,NA,1,Department of Water Resources,NA,NA,22364,42N05W20J001M,42N05W20J001M,Digital Elevation Model,Unknown,1-004,Shasta Valley,Siskiyou,40,Residential,Single Well,D-LOG,1953-04-02 00:00:00 - 2020-04-10 12:00:00,207,-122.439,41.4719
414719N1224394W001,1884036,2014-03-24T00:00:00Z,2885.9,2885.5,0,7.4,2878.5,7.4,7,NA,Electric sounder measurement,Water level accuracy to nearest tenth of a foot,1,Department of Water Resources,NA,1,Department of Water Resources,NA,NA,22364,42N05W20J001M,42N05W20J001M,Digital Elevation Model,Unknown,1-004,Shasta Valley,Siskiyou,40,Residential,Single Well,D-LOG,1953-04-02 00:00:00 - 2020-04-10 12:00:00,207,-122.439,41.4719
414719N1224394W001,1797142,2013-10-24T00:00:00Z,2885.9,2885.5,0,9.4,2876.5,9.4,9,NA,Electric sounder measurement,Water level accuracy to nearest tenth of a foot,1,Department of Water Resources,NA,1,Department of Water Resources,NA,NA,22364,42N05W20J001M,42N05W20J001M,Digital Elevation Model,Unknown,1-004,Shasta Valley,Siskiyou,40,Residential,Single Well,D-LOG,1953-04-02 00:00:00 - 2020-04-10 12:00:00,207,-122.439,41.4719
414719N1224394W001,1684654,2013-03-25T00:00:00Z,2885.9,2885.5,12.5,20,2878.4,7.5,7.1,NA,Steel tape measurement,Water level accuracy to nearest tenth of a foot,1,Department of Water Resources,NA,1,Department of Water Resources,NA,NA,22364,42N05W20J001M,42N05W20J001M,Digital Elevation Model,Unknown,1-004,Shasta Valley,Siskiyou,40,Residential,Single Well,D-LOG,1953-04-02 00:00:00 - 2020-04-10 12:00:00,207,-122.439,41.4719
414719N1224394W001,69685,2012-10-26T00:00:00Z,2885.9,2885.5,0.6,10,2876.5,9.4,9,NA,Steel tape measurement,Water level accuracy to nearest tenth of a foot,1,Department of Water Resources,NA,1,Department of Water Resources,NA,NA,22364,42N05W20J001M,42N05W20J001M,Digital Elevation Model,Unknown,1-004,Shasta Valley,Siskiyou,40,Residential,Single Well,D-LOG,1953-04-02 00:00:00 - 2020-04-10 12:00:00,207,-122.439,41.4719
414719N1224394W001,59875,2012-04-18T00:00:00Z,2885.9,2885.5,1.8,8,2879.7,6.2,5.8,NA,Steel tape measurement,Water level accuracy to nearest tenth of a foot,1,Department of Water Resources,NA,1,Department of Water Resources,NA,NA,22364,42N05W20J001M,42N05W20J001M,Digital Elevation Model,Unknown,1-004,Shasta Valley,Siskiyou,40,Residential,Single Well,D-LOG,1953-04-02 00:00:00 - 2020-04-10 12:00:00,207,-122.439,41.4719
414719N1224394W001,1788696,2011-10-20T00:00:00Z,2885.9,2885.5,0,10.38,2875.52,10.38,9.98,Pumping,Unknown,Water level accuracy is unknown,1,Department of Water Resources,NA,1,Department of Water Resources,NA,NA,22364,42N05W20J001M,42N05W20J001M,Digital Elevation Model,Unknown,1-004,Shasta Valley,Siskiyou,40,Residential,Single Well,D-LOG,1953-04-02 00:00:00 - 2020-04-10 12:00:00,207,-122.439,41.4719
414719N1224394W001,39853,2011-10-20T00:00:00Z,2885.9,2885.5,0,10.38,2875.52,10.38,9.98,Pumping,Electric sounder measurement,Water level accuracy to nearest hundredth of a foot,1,Department of Water Resources,NA,1,Department of Water Resources,NA,NA,22364,42N05W20J001M,42N05W20J001M,Digital Elevation Model,Unknown,1-004,Shasta Valley,Siskiyou,40,Residential,Single Well,D-LOG,1953-04-02 00:00:00 - 2020-04-10 12:00:00,207,-122.439,41.4719
414719N1224394W001,1788608,2011-04-21T00:00:00Z,2885.9,2885.5,0,7.7,2878.2,7.7,7.3,NA,Unknown,Water level accuracy is unknown,1,Department of Water Resources,NA,1,Department of Water Resources,NA,NA,22364,42N05W20J001M,42N05W20J001M,Digital Elevation Model,Unknown,1-004,Shasta Valley,Siskiyou,40,Residential,Single Well,D-LOG,1953-04-02 00:00:00 - 2020-04-10 12:00:00,207,-122.439,41.4719
414719N1224394W001,1788607,2010-10-26T00:00:00Z,2885.9,2885.5,0,6.9,2879,6.9,6.5,NA,Unknown,Water level accuracy is unknown,1,Department of Water Resources,NA,1,Department of Water Resources,NA,NA,22364,42N05W20J001M,42N05W20J001M,Digital Elevation Model,Unknown,1-004,Shasta Valley,Siskiyou,40,Residential,Single Well,D-LOG,1953-04-02 00:00:00 - 2020-04-10 12:00:00,207,-122.439,41.4719
414719N1224394W001,1788606,2010-04-01T00:00:00Z,2885.9,2885.5,0,8.6,2877.3,8.6,8.2,NA,Unknown,Water level accuracy is unknown,1,Department of Water Resources,NA,1,Department of Water Resources,NA,NA,22364,42N05W20J001M,42N05W20J001M,Digital Elevation Model,Unknown,1-004,Shasta Valley,Siskiyou,40,Residential,Single Well,D-LOG,1953-04-02 00:00:00 - 2020-04-10 12:00:00,207,-122.439,41.4719
414719N1224394W001,1788605,2009-10-29T00:00:00Z,2885.9,2885.5,0,9.4,2876.5,9.4,9,NA,Unknown,Water level accuracy is unknown,1,Department of Water Resources,NA,1,Department of Water Resources,NA,NA,22364,42N05W20J001M,42N05W20J001M,Digital Elevation Model,Unknown,1-004,Shasta Valley,Siskiyou,40,Residential,Single Well,D-LOG,1953-04-02 00:00:00 - 2020-04-10 12:00:00,207,-122.439,41.4719
414719N1224394W001,1788604,2009-04-07T00:00:00Z,2885.9,2885.5,0,9.1,2876.8,9.1,8.7,NA,Unknown,Water level accuracy is unknown,1,Department of Water Resources,NA,1,Department of Water Resources,NA,NA,22364,42N05W20J001M,42N05W20J001M,Digital Elevation Model,Unknown,1-004,Shasta Valley,Siskiyou,40,Residential,Single Well,D-LOG,1953-04-02 00:00:00 - 2020-04-10 12:00:00,207,-122.439,41.4719
414719N1224394W001,1788603,2008-10-29T00:00:00Z,2885.9,2885.5,0,9,2876.9,9,8.6,NA,Unknown,Water level accuracy is unknown,1,Department of Water Resources,NA,1,Department of Water Resources,NA,NA,22364,42N05W20J001M,42N05W20J001M,Digital Elevation Model,Unknown,1-004,Shasta Valley,Siskiyou,40,Residential,Single Well,D-LOG,1953-04-02 00:00:00 - 2020-04-10 12:00:00,207,-122.439,41.4719
414719N1224394W001,1788602,2008-03-27T00:00:00Z,2885.9,2885.5,0,8.43,2877.47,8.43,8.03,NA,Unknown,Water level accuracy is unknown,1,Department of Water Resources,NA,1,Department of Water Resources,NA,NA,22364,42N05W20J001M,42N05W20J001M,Digital Elevation Model,Unknown,1-004,Shasta Valley,Siskiyou,40,Residential,Single Well,D-LOG,1953-04-02 00:00:00 - 2020-04-10 12:00:00,207,-122.439,41.4719
414719N1224394W001,1788601,2007-10-23T00:00:00Z,2885.9,2885.5,0,8.3,2877.6,8.3,7.9,NA,Unknown,Water level accuracy is unknown,1,Department of Water Resources,NA,1,Department of Water Resources,NA,NA,22364,42N05W20J001M,42N05W20J001M,Digital Elevation Model,Unknown,1-004,Shasta Valley,Siskiyou,40,Residential,Single Well,D-LOG,1953-04-02 00:00:00 - 2020-04-10 12:00:00,207,-122.439,41.4719
414719N1224394W001,1788600,2007-03-27T00:00:00Z,2885.9,2885.5,0,8.6,2877.3,8.6,8.2,NA,Unknown,Water level accuracy is unknown,1,Department of Water Resources,NA,1,Department of Water Resources,NA,NA,22364,42N05W20J001M,42N05W20J001M,Digital Elevation Model,Unknown,1-004,Shasta Valley,Siskiyou,40,Residential,Single Well,D-LOG,1953-04-02 00:00:00 - 2020-04-10 12:00:00,207,-122.439,41.4719
414719N1224394W001,1788599,2006-10-16T00:00:00Z,2885.9,2885.5,0,8.2,2877.7,8.2,7.8,NA,Unknown,Water level accuracy is unknown,1,Department of Water Resources,NA,1,Department of Water Resources,NA,NA,22364,42N05W20J001M,42N05W20J001M,Digital Elevation Model,Unknown,1-004,Shasta Valley,Siskiyou,40,Residential,Single Well,D-LOG,1953-04-02 00:00:00 - 2020-04-10 12:00:00,207,-122.439,41.4719
414719N1224394W001,1788598,2006-04-20T00:00:00Z,2885.9,2885.5,0,7.8,2878.1,7.8,7.4,NA,Unknown,Water level accuracy is unknown,1,Department of Water Resources,NA,1,Department of Water Resources,NA,NA,22364,42N05W20J001M,42N05W20J001M,Digital Elevation Model,Unknown,1-004,Shasta Valley,Siskiyou,40,Residential,Single Well,D-LOG,1953-04-02 00:00:00 - 2020-04-10 12:00:00,207,-122.439,41.4719
414719N1224394W001,1788597,2005-10-13T00:00:00Z,2885.9,2885.5,0,10.3,2875.6,10.3,9.9,NA,Unknown,Water level accuracy is unknown,1,Department of Water Resources,NA,1,Department of Water Resources,NA,NA,22364,42N05W20J001M,42N05W20J001M,Digital Elevation Model,Unknown,1-004,Shasta Valley,Siskiyou,40,Residential,Single Well,D-LOG,1953-04-02 00:00:00 - 2020-04-10 12:00:00,207,-122.439,41.4719
414719N1224394W001,1788596,2005-03-29T00:00:00Z,2885.9,2885.5,0,6.7,2879.2,6.7,6.3,NA,Unknown,Water level accuracy is unknown,1,Department of Water Resources,NA,1,Department of Water Resources,NA,NA,22364,42N05W20J001M,42N05W20J001M,Digital Elevation Model,Unknown,1-004,Shasta Valley,Siskiyou,40,Residential,Single Well,D-LOG,1953-04-02 00:00:00 - 2020-04-10 12:00:00,207,-122.439,41.4719
414719N1224394W001,1788595,2004-10-27T00:00:00Z,2885.9,2885.5,0,7.2,2878.7,7.2,6.8,NA,Unknown,Water level accuracy is unknown,1,Department of Water Resources,NA,1,Department of Water Resources,NA,NA,22364,42N05W20J001M,42N05W20J001M,Digital Elevation Model,Unknown,1-004,Shasta Valley,Siskiyou,40,Residential,Single Well,D-LOG,1953-04-02 00:00:00 - 2020-04-10 12:00:00,207,-122.439,41.4719
414719N1224394W001,1788594,2004-03-31T00:00:00Z,2885.9,2885.5,0,7.7,2878.2,7.7,7.3,NA,Unknown,Water level accuracy is unknown,1,Department of Water Resources,NA,1,Department of Water Resources,NA,NA,22364,42N05W20J001M,42N05W20J001M,Digital Elevation Model,Unknown,1-004,Shasta Valley,Siskiyou,40,Residential,Single Well,D-LOG,1953-04-02 00:00:00 - 2020-04-10 12:00:00,207,-122.439,41.4719
414719N1224394W001,1788593,2003-10-07T00:00:00Z,2885.9,2885.5,0,7.4,2878.5,7.4,7,NA,Unknown,Water level accuracy is unknown,1,Department of Water Resources,NA,1,Department of Water Resources,NA,NA,22364,42N05W20J001M,42N05W20J001M,Digital Elevation Model,Unknown,1-004,Shasta Valley,Siskiyou,40,Residential,Single Well,D-LOG,1953-04-02 00:00:00 - 2020-04-10 12:00:00,207,-122.439,41.4719
414719N1224394W001,1788592,2003-03-24T00:00:00Z,2885.9,2885.5,0,7.5,2878.4,7.5,7.1,NA,Unknown,Water level accuracy is unknown,1,Department of Water Resources,NA,1,Department of Water Resources,NA,NA,22364,42N05W20J001M,42N05W20J001M,Digital Elevation Model,Unknown,1-004,Shasta Valley,Siskiyou,40,Residential,Single Well,D-LOG,1953-04-02 00:00:00 - 2020-04-10 12:00:00,207,-122.439,41.4719
414719N1224394W001,1788591,2002-10-09T00:00:00Z,2885.9,2885.5,0,8.7,2877.2,8.7,8.3,NA,Unknown,Water level accuracy is unknown,1,Department of Water Resources,NA,1,Department of Water Resources,NA,NA,22364,42N05W20J001M,42N05W20J001M,Digital Elevation Model,Unknown,1-004,Shasta Valley,Siskiyou,40,Residential,Single Well,D-LOG,1953-04-02 00:00:00 - 2020-04-10 12:00:00,207,-122.439,41.4719
414719N1224394W001,1788590,2002-03-28T00:00:00Z,2885.9,2885.5,0,8,2877.9,8,7.6,NA,Unknown,Water level accuracy is unknown,1,Department of Water Resources,NA,1,Department of Water Resources,NA,NA,22364,42N05W20J001M,42N05W20J001M,Digital Elevation Model,Unknown,1-004,Shasta Valley,Siskiyou,40,Residential,Single Well,D-LOG,1953-04-02 00:00:00 - 2020-04-10 12:00:00,207,-122.439,41.4719
414719N1224394W001,1788589,2001-10-29T00:00:00Z,2885.9,2885.5,0,8.1,2877.8,8.1,7.7,NA,Unknown,Water level accuracy is unknown,1,Department of Water Resources,NA,1,Department of Water Resources,NA,NA,22364,42N05W20J001M,42N05W20J001M,Digital Elevation Model,Unknown,1-004,Shasta Valley,Siskiyou,40,Residential,Single Well,D-LOG,1953-04-02 00:00:00 - 2020-04-10 12:00:00,207,-122.439,41.4719
414719N1224394W001,1788588,2001-04-02T00:00:00Z,2885.9,2885.5,0,7.2,2878.7,7.2,6.8,NA,Unknown,Water level accuracy is unknown,1,Department of Water Resources,NA,1,Department of Water Resources,NA,NA,22364,42N05W20J001M,42N05W20J001M,Digital Elevation Model,Unknown,1-004,Shasta Valley,Siskiyou,40,Residential,Single Well,D-LOG,1953-04-02 00:00:00 - 2020-04-10 12:00:00,207,-122.439,41.4719
414719N1224394W001,1788587,2000-10-09T00:00:00Z,2885.9,2885.5,0,8.1,2877.8,8.1,7.7,NA,Unknown,Water level accuracy is unknown,1,Department of Water Resources,NA,1,Department of Water Resources,NA,NA,22364,42N05W20J001M,42N05W20J001M,Digital Elevation Model,Unknown,1-004,Shasta Valley,Siskiyou,40,Residential,Single Well,D-LOG,1953-04-02 00:00:00 - 2020-04-10 12:00:00,207,-122.439,41.4719
414719N1224394W001,1788586,2000-03-22T00:00:00Z,2885.9,2885.5,0,6.6,2879.3,6.6,6.2,NA,Unknown,Water level accuracy is unknown,1,Department of Water Resources,NA,1,Department of Water Resources,NA,NA,22364,42N05W20J001M,42N05W20J001M,Digital Elevation Model,Unknown,1-004,Shasta Valley,Siskiyou,40,Residential,Single Well,D-LOG,1953-04-02 00:00:00 - 2020-04-10 12:00:00,207,-122.439,41.4719
414719N1224394W001,1788584,1999-10-25T00:00:00Z,2885.9,2885.5,0,8.1,2877.8,8.1,7.7,NA,Unknown,Water level accuracy is unknown,1,Department of Water Resources,NA,1,Department of Water Resources,NA,NA,22364,42N05W20J001M,42N05W20J001M,Digital Elevation Model,Unknown,1-004,Shasta Valley,Siskiyou,40,Residential,Single Well,D-LOG,1953-04-02 00:00:00 - 2020-04-10 12:00:00,207,-122.439,41.4719
414719N1224394W001,1788585,1999-03-15T00:00:00Z,2885.9,2885.5,0,6.4,2879.5,6.4,6,NA,Unknown,Water level accuracy is unknown,1,Department of Water Resources,NA,1,Department of Water Resources,NA,NA,22364,42N05W20J001M,42N05W20J001M,Digital Elevation Model,Unknown,1-004,Shasta Valley,Siskiyou,40,Residential,Single Well,D-LOG,1953-04-02 00:00:00 - 2020-04-10 12:00:00,207,-122.439,41.4719
414719N1224394W001,1788583,1998-10-26T00:00:00Z,2885.9,2885.5,0,8.2,2877.7,8.2,7.8,NA,Unknown,Water level accuracy is unknown,1,Department of Water Resources,NA,1,Department of Water Resources,NA,NA,22364,42N05W20J001M,42N05W20J001M,Digital Elevation Model,Unknown,1-004,Shasta Valley,Siskiyou,40,Residential,Single Well,D-LOG,1953-04-02 00:00:00 - 2020-04-10 12:00:00,207,-122.439,41.4719
414719N1224394W001,1788582,1998-04-01T00:00:00Z,2885.9,2885.5,0,6.6,2879.3,6.6,6.2,NA,Unknown,Water level accuracy is unknown,1,Department of Water Resources,NA,1,Department of Water Resources,NA,NA,22364,42N05W20J001M,42N05W20J001M,Digital Elevation Model,Unknown,1-004,Shasta Valley,Siskiyou,40,Residential,Single Well,D-LOG,1953-04-02 00:00:00 - 2020-04-10 12:00:00,207,-122.439,41.4719
414719N1224394W001,1788581,1997-10-23T00:00:00Z,2885.9,2885.5,0,8.6,2877.3,8.6,8.2,NA,Unknown,Water level accuracy is unknown,1,Department of Water Resources,NA,1,Department of Water Resources,NA,NA,22364,42N05W20J001M,42N05W20J001M,Digital Elevation Model,Unknown,1-004,Shasta Valley,Siskiyou,40,Residential,Single Well,D-LOG,1953-04-02 00:00:00 - 2020-04-10 12:00:00,207,-122.439,41.4719
414719N1224394W001,1788580,1997-03-10T00:00:00Z,2885.9,2885.5,0,7.6,2878.3,7.6,7.2,NA,Unknown,Water level accuracy is unknown,1,Department of Water Resources,NA,1,Department of Water Resources,NA,NA,22364,42N05W20J001M,42N05W20J001M,Digital Elevation Model,Unknown,1-004,Shasta Valley,Siskiyou,40,Residential,Single Well,D-LOG,1953-04-02 00:00:00 - 2020-04-10 12:00:00,207,-122.439,41.4719
414719N1224394W001,1788579,1996-10-23T00:00:00Z,2885.9,2885.5,0,9.6,2876.3,9.6,9.2,NA,Unknown,Water level accuracy is unknown,1,Department of Water Resources,NA,1,Department of Water Resources,NA,NA,22364,42N05W20J001M,42N05W20J001M,Digital Elevation Model,Unknown,1-004,Shasta Valley,Siskiyou,40,Residential,Single Well,D-LOG,1953-04-02 00:00:00 - 2020-04-10 12:00:00,207,-122.439,41.4719
414719N1224394W001,1788578,1996-04-12T00:00:00Z,2885.9,2885.5,0,8.1,2877.8,8.1,7.7,NA,Unknown,Water level accuracy is unknown,1,Department of Water Resources,NA,1,Department of Water Resources,NA,NA,22364,42N05W20J001M,42N05W20J001M,Digital Elevation Model,Unknown,1-004,Shasta Valley,Siskiyou,40,Residential,Single Well,D-LOG,1953-04-02 00:00:00 - 2020-04-10 12:00:00,207,-122.439,41.4719
414719N1224394W001,1788577,1995-10-18T00:00:00Z,2885.9,2885.5,0,9.3,2876.6,9.3,8.9,NA,Unknown,Water level accuracy is unknown,1,Department of Water Resources,NA,1,Department of Water Resources,NA,NA,22364,42N05W20J001M,42N05W20J001M,Digital Elevation Model,Unknown,1-004,Shasta Valley,Siskiyou,40,Residential,Single Well,D-LOG,1953-04-02 00:00:00 - 2020-04-10 12:00:00,207,-122.439,41.4719
414719N1224394W001,1788576,1995-03-29T00:00:00Z,2885.9,2885.5,0,7.2,2878.7,7.2,6.8,NA,Unknown,Water level accuracy is unknown,1,Department of Water Resources,NA,1,Department of Water Resources,NA,NA,22364,42N05W20J001M,42N05W20J001M,Digital Elevation Model,Unknown,1-004,Shasta Valley,Siskiyou,40,Residential,Single Well,D-LOG,1953-04-02 00:00:00 - 2020-04-10 12:00:00,207,-122.439,41.4719
414719N1224394W001,1788575,1994-10-27T00:00:00Z,2885.9,2885.5,NA,NA,NA,NA,NA,Can't get tape in casing,NA,NA,1,Department of Water Resources,NA,1,Department of Water Resources,NA,NA,22364,42N05W20J001M,42N05W20J001M,Digital Elevation Model,Unknown,1-004,Shasta Valley,Siskiyou,40,Residential,Single Well,D-LOG,1953-04-02 00:00:00 - 2020-04-10 12:00:00,207,-122.439,41.4719
414719N1224394W001,1788574,1994-03-31T00:00:00Z,2885.9,2885.5,0,10.2,2875.7,10.2,9.8,Pumped recently,Unknown,Water level accuracy is unknown,1,Department of Water Resources,NA,1,Department of Water Resources,NA,NA,22364,42N05W20J001M,42N05W20J001M,Digital Elevation Model,Unknown,1-004,Shasta Valley,Siskiyou,40,Residential,Single Well,D-LOG,1953-04-02 00:00:00 - 2020-04-10 12:00:00,207,-122.439,41.4719
414719N1224394W001,1788573,1993-10-15T00:00:00Z,2885.9,2885.5,0,5.2,2880.7,5.2,4.8,NA,Unknown,Water level accuracy is unknown,1,Department of Water Resources,NA,1,Department of Water Resources,NA,NA,22364,42N05W20J001M,42N05W20J001M,Digital Elevation Model,Unknown,1-004,Shasta Valley,Siskiyou,40,Residential,Single Well,D-LOG,1953-04-02 00:00:00 - 2020-04-10 12:00:00,207,-122.439,41.4719
414719N1224394W001,1788572,1993-03-15T00:00:00Z,2885.9,2885.5,0,7.3,2878.6,7.3,6.9,NA,Unknown,Water level accuracy is unknown,1,Department of Water Resources,NA,1,Department of Water Resources,NA,NA,22364,42N05W20J001M,42N05W20J001M,Digital Elevation Model,Unknown,1-004,Shasta Valley,Siskiyou,40,Residential,Single Well,D-LOG,1953-04-02 00:00:00 - 2020-04-10 12:00:00,207,-122.439,41.4719
414719N1224394W001,1788571,1992-10-19T00:00:00Z,2885.9,2885.5,0,5.7,2880.2,5.7,5.3,NA,Unknown,Water level accuracy is unknown,1,Department of Water Resources,NA,1,Department of Water Resources,NA,NA,22364,42N05W20J001M,42N05W20J001M,Digital Elevation Model,Unknown,1-004,Shasta Valley,Siskiyou,40,Residential,Single Well,D-LOG,1953-04-02 00:00:00 - 2020-04-10 12:00:00,207,-122.439,41.4719
414719N1224394W001,1788570,1992-03-04T00:00:00Z,2885.9,2885.5,0,8.6,2877.3,8.6,8.2,NA,Unknown,Water level accuracy is unknown,1,Department of Water Resources,NA,1,Department of Water Resources,NA,NA,22364,42N05W20J001M,42N05W20J001M,Digital Elevation Model,Unknown,1-004,Shasta Valley,Siskiyou,40,Residential,Single Well,D-LOG,1953-04-02 00:00:00 - 2020-04-10 12:00:00,207,-122.439,41.4719
414719N1224394W001,1788569,1991-10-02T00:00:00Z,2885.9,2885.5,0,9.1,2876.8,9.1,8.7,NA,Unknown,Water level accuracy is unknown,1,Department of Water Resources,NA,1,Department of Water Resources,NA,NA,22364,42N05W20J001M,42N05W20J001M,Digital Elevation Model,Unknown,1-004,Shasta Valley,Siskiyou,40,Residential,Single Well,D-LOG,1953-04-02 00:00:00 - 2020-04-10 12:00:00,207,-122.439,41.4719
414719N1224394W001,1788568,1991-03-19T00:00:00Z,2885.9,2885.5,0,8.4,2877.5,8.4,8,NA,Unknown,Water level accuracy is unknown,1,Department of Water Resources,NA,1,Department of Water Resources,NA,NA,22364,42N05W20J001M,42N05W20J001M,Digital Elevation Model,Unknown,1-004,Shasta Valley,Siskiyou,40,Residential,Single Well,D-LOG,1953-04-02 00:00:00 - 2020-04-10 12:00:00,207,-122.439,41.4719
414719N1224394W001,1788567,1990-10-02T00:00:00Z,2885.9,2885.5,0,9.2,2876.7,9.2,8.8,NA,Unknown,Water level accuracy is unknown,1,Department of Water Resources,NA,1,Department of Water Resources,NA,NA,22364,42N05W20J001M,42N05W20J001M,Digital Elevation Model,Unknown,1-004,Shasta Valley,Siskiyou,40,Residential,Single Well,D-LOG,1953-04-02 00:00:00 - 2020-04-10 12:00:00,207,-122.439,41.4719
414719N1224394W001,1788566,1990-07-31T00:00:00Z,2885.9,2885.5,0,9.3,2876.6,9.3,8.9,NA,Unknown,Water level accuracy is unknown,1,Department of Water Resources,NA,1,Department of Water Resources,NA,NA,22364,42N05W20J001M,42N05W20J001M,Digital Elevation Model,Unknown,1-004,Shasta Valley,Siskiyou,40,Residential,Single Well,D-LOG,1953-04-02 00:00:00 - 2020-04-10 12:00:00,207,-122.439,41.4719
414719N1224394W001,1788565,1990-03-22T00:00:00Z,2885.9,2885.5,0,8,2877.9,8,7.6,NA,Unknown,Water level accuracy is unknown,1,Department of Water Resources,NA,1,Department of Water Resources,NA,NA,22364,42N05W20J001M,42N05W20J001M,Digital Elevation Model,Unknown,1-004,Shasta Valley,Siskiyou,40,Residential,Single Well,D-LOG,1953-04-02 00:00:00 - 2020-04-10 12:00:00,207,-122.439,41.4719
414719N1224394W001,1788564,1989-10-05T00:00:00Z,2885.9,2885.5,0,8.9,2877,8.9,8.5,NA,Unknown,Water level accuracy is unknown,1,Department of Water Resources,NA,1,Department of Water Resources,NA,NA,22364,42N05W20J001M,42N05W20J001M,Digital Elevation Model,Unknown,1-004,Shasta Valley,Siskiyou,40,Residential,Single Well,D-LOG,1953-04-02 00:00:00 - 2020-04-10 12:00:00,207,-122.439,41.4719
414719N1224394W001,1788563,1989-03-23T00:00:00Z,2885.9,2885.5,0,6.8,2879.1,6.8,6.4,NA,Unknown,Water level accuracy is unknown,1,Department of Water Resources,NA,1,Department of Water Resources,NA,NA,22364,42N05W20J001M,42N05W20J001M,Digital Elevation Model,Unknown,1-004,Shasta Valley,Siskiyou,40,Residential,Single Well,D-LOG,1953-04-02 00:00:00 - 2020-04-10 12:00:00,207,-122.439,41.4719
414719N1224394W001,1788562,1988-10-26T00:00:00Z,2885.9,2885.5,0,8.8,2877.1,8.8,8.4,NA,Unknown,Water level accuracy is unknown,1,Department of Water Resources,NA,1,Department of Water Resources,NA,NA,22364,42N05W20J001M,42N05W20J001M,Digital Elevation Model,Unknown,1-004,Shasta Valley,Siskiyou,40,Residential,Single Well,D-LOG,1953-04-02 00:00:00 - 2020-04-10 12:00:00,207,-122.439,41.4719
414719N1224394W001,1788561,1988-03-14T00:00:00Z,2885.9,2885.5,0,7.4,2878.5,7.4,7,NA,Unknown,Water level accuracy is unknown,1,Department of Water Resources,NA,1,Department of Water Resources,NA,NA,22364,42N05W20J001M,42N05W20J001M,Digital Elevation Model,Unknown,1-004,Shasta Valley,Siskiyou,40,Residential,Single Well,D-LOG,1953-04-02 00:00:00 - 2020-04-10 12:00:00,207,-122.439,41.4719
414719N1224394W001,1788560,1987-10-21T00:00:00Z,2885.9,2885.5,0,7.8,2878.1,7.8,7.4,NA,Unknown,Water level accuracy is unknown,1,Department of Water Resources,NA,1,Department of Water Resources,NA,NA,22364,42N05W20J001M,42N05W20J001M,Digital Elevation Model,Unknown,1-004,Shasta Valley,Siskiyou,40,Residential,Single Well,D-LOG,1953-04-02 00:00:00 - 2020-04-10 12:00:00,207,-122.439,41.4719
414719N1224394W001,1788559,1987-04-22T00:00:00Z,2885.9,2885.5,0,10.9,2875,10.9,10.5,NA,Unknown,Water level accuracy is unknown,1,Department of Water Resources,NA,1,Department of Water Resources,NA,NA,22364,42N05W20J001M,42N05W20J001M,Digital Elevation Model,Unknown,1-004,Shasta Valley,Siskiyou,40,Residential,Single Well,D-LOG,1953-04-02 00:00:00 - 2020-04-10 12:00:00,207,-122.439,41.4719
414719N1224394W001,1788558,1986-09-24T00:00:00Z,2885.9,2885.5,0,8,2877.9,8,7.6,NA,Unknown,Water level accuracy is unknown,1,Department of Water Resources,NA,1,Department of Water Resources,NA,NA,22364,42N05W20J001M,42N05W20J001M,Digital Elevation Model,Unknown,1-004,Shasta Valley,Siskiyou,40,Residential,Single Well,D-LOG,1953-04-02 00:00:00 - 2020-04-10 12:00:00,207,-122.439,41.4719
414719N1224394W001,1788557,1986-03-25T00:00:00Z,2885.9,2885.5,0,7.5,2878.4,7.5,7.1,NA,Unknown,Water level accuracy is unknown,1,Department of Water Resources,NA,1,Department of Water Resources,NA,NA,22364,42N05W20J001M,42N05W20J001M,Digital Elevation Model,Unknown,1-004,Shasta Valley,Siskiyou,40,Residential,Single Well,D-LOG,1953-04-02 00:00:00 - 2020-04-10 12:00:00,207,-122.439,41.4719
414719N1224394W001,1788556,1985-09-23T00:00:00Z,2885.9,2885.5,0,7.1,2878.8,7.1,6.7,NA,Unknown,Water level accuracy is unknown,1,Department of Water Resources,NA,1,Department of Water Resources,NA,NA,22364,42N05W20J001M,42N05W20J001M,Digital Elevation Model,Unknown,1-004,Shasta Valley,Siskiyou,40,Residential,Single Well,D-LOG,1953-04-02 00:00:00 - 2020-04-10 12:00:00,207,-122.439,41.4719
414719N1224394W001,1788555,1985-03-14T00:00:00Z,2885.9,2885.5,0,8.6,2877.3,8.6,8.2,NA,Unknown,Water level accuracy is unknown,1,Department of Water Resources,NA,1,Department of Water Resources,NA,NA,22364,42N05W20J001M,42N05W20J001M,Digital Elevation Model,Unknown,1-004,Shasta Valley,Siskiyou,40,Residential,Single Well,D-LOG,1953-04-02 00:00:00 - 2020-04-10 12:00:00,207,-122.439,41.4719
414719N1224394W001,1788554,1984-10-30T00:00:00Z,2885.9,2885.5,0,9.2,2876.7,9.2,8.8,NA,Unknown,Water level accuracy is unknown,1,Department of Water Resources,NA,1,Department of Water Resources,NA,NA,22364,42N05W20J001M,42N05W20J001M,Digital Elevation Model,Unknown,1-004,Shasta Valley,Siskiyou,40,Residential,Single Well,D-LOG,1953-04-02 00:00:00 - 2020-04-10 12:00:00,207,-122.439,41.4719
414719N1224394W001,1788553,1984-03-20T00:00:00Z,2885.9,2885.5,0,11.4,2874.5,11.4,11,NA,Unknown,Water level accuracy is unknown,1,Department of Water Resources,NA,1,Department of Water Resources,NA,NA,22364,42N05W20J001M,42N05W20J001M,Digital Elevation Model,Unknown,1-004,Shasta Valley,Siskiyou,40,Residential,Single Well,D-LOG,1953-04-02 00:00:00 - 2020-04-10 12:00:00,207,-122.439,41.4719
414719N1224394W001,1788552,1983-10-24T00:00:00Z,2885.9,2885.5,0,6.5,2879.4,6.5,6.1,NA,Unknown,Water level accuracy is unknown,1,Department of Water Resources,NA,1,Department of Water Resources,NA,NA,22364,42N05W20J001M,42N05W20J001M,Digital Elevation Model,Unknown,1-004,Shasta Valley,Siskiyou,40,Residential,Single Well,D-LOG,1953-04-02 00:00:00 - 2020-04-10 12:00:00,207,-122.439,41.4719
414719N1224394W001,1788551,1983-04-11T00:00:00Z,2885.9,2885.5,0,7.9,2878,7.9,7.5,NA,Unknown,Water level accuracy is unknown,1,Department of Water Resources,NA,1,Department of Water Resources,NA,NA,22364,42N05W20J001M,42N05W20J001M,Digital Elevation Model,Unknown,1-004,Shasta Valley,Siskiyou,40,Residential,Single Well,D-LOG,1953-04-02 00:00:00 - 2020-04-10 12:00:00,207,-122.439,41.4719
414719N1224394W001,1788550,1982-10-13T00:00:00Z,2885.9,2885.5,0,7.1,2878.8,7.1,6.7,NA,Unknown,Water level accuracy is unknown,1,Department of Water Resources,NA,1,Department of Water Resources,NA,NA,22364,42N05W20J001M,42N05W20J001M,Digital Elevation Model,Unknown,1-004,Shasta Valley,Siskiyou,40,Residential,Single Well,D-LOG,1953-04-02 00:00:00 - 2020-04-10 12:00:00,207,-122.439,41.4719
414719N1224394W001,1788549,1982-04-20T00:00:00Z,2885.9,2885.5,0,7.8,2878.1,7.8,7.4,NA,Unknown,Water level accuracy is unknown,1,Department of Water Resources,NA,1,Department of Water Resources,NA,NA,22364,42N05W20J001M,42N05W20J001M,Digital Elevation Model,Unknown,1-004,Shasta Valley,Siskiyou,40,Residential,Single Well,D-LOG,1953-04-02 00:00:00 - 2020-04-10 12:00:00,207,-122.439,41.4719
414719N1224394W001,1788548,1981-10-09T00:00:00Z,2885.9,2885.5,0,7.2,2878.7,7.2,6.8,NA,Unknown,Water level accuracy is unknown,1,Department of Water Resources,NA,1,Department of Water Resources,NA,NA,22364,42N05W20J001M,42N05W20J001M,Digital Elevation Model,Unknown,1-004,Shasta Valley,Siskiyou,40,Residential,Single Well,D-LOG,1953-04-02 00:00:00 - 2020-04-10 12:00:00,207,-122.439,41.4719
414719N1224394W001,1788547,1981-03-28T00:00:00Z,2885.9,2885.5,0,8,2877.9,8,7.6,NA,Unknown,Water level accuracy is unknown,1,Department of Water Resources,NA,1,Department of Water Resources,NA,NA,22364,42N05W20J001M,42N05W20J001M,Digital Elevation Model,Unknown,1-004,Shasta Valley,Siskiyou,40,Residential,Single Well,D-LOG,1953-04-02 00:00:00 - 2020-04-10 12:00:00,207,-122.439,41.4719
414719N1224394W001,1788546,1980-10-03T00:00:00Z,2885.9,2885.5,0,8.2,2877.7,8.2,7.8,NA,Unknown,Water level accuracy is unknown,1,Department of Water Resources,NA,1,Department of Water Resources,NA,NA,22364,42N05W20J001M,42N05W20J001M,Digital Elevation Model,Unknown,1-004,Shasta Valley,Siskiyou,40,Residential,Single Well,D-LOG,1953-04-02 00:00:00 - 2020-04-10 12:00:00,207,-122.439,41.4719
414719N1224394W001,1788545,1980-03-27T00:00:00Z,2885.9,2885.5,0,9.5,2876.4,9.5,9.1,Pumped recently,Unknown,Water level accuracy is unknown,1,Department of Water Resources,NA,1,Department of Water Resources,NA,NA,22364,42N05W20J001M,42N05W20J001M,Digital Elevation Model,Unknown,1-004,Shasta Valley,Siskiyou,40,Residential,Single Well,D-LOG,1953-04-02 00:00:00 - 2020-04-10 12:00:00,207,-122.439,41.4719
414719N1224394W001,1788544,1979-11-01T00:00:00Z,2885.9,2885.5,0,7.5,2878.4,7.5,7.1,NA,Unknown,Water level accuracy is unknown,1,Department of Water Resources,NA,1,Department of Water Resources,NA,NA,22364,42N05W20J001M,42N05W20J001M,Digital Elevation Model,Unknown,1-004,Shasta Valley,Siskiyou,40,Residential,Single Well,D-LOG,1953-04-02 00:00:00 - 2020-04-10 12:00:00,207,-122.439,41.4719
414719N1224394W001,1788543,1979-04-04T00:00:00Z,2885.9,2885.5,0,6,2879.9,6,5.6,NA,Unknown,Water level accuracy is unknown,1,Department of Water Resources,NA,1,Department of Water Resources,NA,NA,22364,42N05W20J001M,42N05W20J001M,Digital Elevation Model,Unknown,1-004,Shasta Valley,Siskiyou,40,Residential,Single Well,D-LOG,1953-04-02 00:00:00 - 2020-04-10 12:00:00,207,-122.439,41.4719
414719N1224394W001,1788542,1978-10-25T00:00:00Z,2885.9,2885.5,0,6.8,2879.1,6.8,6.4,NA,Unknown,Water level accuracy is unknown,1,Department of Water Resources,NA,1,Department of Water Resources,NA,NA,22364,42N05W20J001M,42N05W20J001M,Digital Elevation Model,Unknown,1-004,Shasta Valley,Siskiyou,40,Residential,Single Well,D-LOG,1953-04-02 00:00:00 - 2020-04-10 12:00:00,207,-122.439,41.4719
414719N1224394W001,1788541,1978-03-30T00:00:00Z,2885.9,2885.5,0,6.5,2879.4,6.5,6.1,NA,Unknown,Water level accuracy is unknown,1,Department of Water Resources,NA,1,Department of Water Resources,NA,NA,22364,42N05W20J001M,42N05W20J001M,Digital Elevation Model,Unknown,1-004,Shasta Valley,Siskiyou,40,Residential,Single Well,D-LOG,1953-04-02 00:00:00 - 2020-04-10 12:00:00,207,-122.439,41.4719
414719N1224394W001,1788540,1977-10-19T00:00:00Z,2885.9,2885.5,0,8,2877.9,8,7.6,NA,Unknown,Water level accuracy is unknown,1,Department of Water Resources,NA,1,Department of Water Resources,NA,NA,22364,42N05W20J001M,42N05W20J001M,Digital Elevation Model,Unknown,1-004,Shasta Valley,Siskiyou,40,Residential,Single Well,D-LOG,1953-04-02 00:00:00 - 2020-04-10 12:00:00,207,-122.439,41.4719
414719N1224394W001,1788539,1977-03-28T00:00:00Z,2885.9,2885.5,0,4.5,2881.4,4.5,4.1,NA,Unknown,Water level accuracy is unknown,1,Department of Water Resources,NA,1,Department of Water Resources,NA,NA,22364,42N05W20J001M,42N05W20J001M,Digital Elevation Model,Unknown,1-004,Shasta Valley,Siskiyou,40,Residential,Single Well,D-LOG,1953-04-02 00:00:00 - 2020-04-10 12:00:00,207,-122.439,41.4719
414719N1224394W001,1788538,1976-11-02T00:00:00Z,2885.9,2885.5,0,6.4,2879.5,6.4,6,NA,Unknown,Water level accuracy is unknown,1,Department of Water Resources,NA,1,Department of Water Resources,NA,NA,22364,42N05W20J001M,42N05W20J001M,Digital Elevation Model,Unknown,1-004,Shasta Valley,Siskiyou,40,Residential,Single Well,D-LOG,1953-04-02 00:00:00 - 2020-04-10 12:00:00,207,-122.439,41.4719
414719N1224394W001,1788537,1976-03-17T00:00:00Z,2885.9,2885.5,0,7.9,2878,7.9,7.5,NA,Unknown,Water level accuracy is unknown,1,Department of Water Resources,NA,1,Department of Water Resources,NA,NA,22364,42N05W20J001M,42N05W20J001M,Digital Elevation Model,Unknown,1-004,Shasta Valley,Siskiyou,40,Residential,Single Well,D-LOG,1953-04-02 00:00:00 - 2020-04-10 12:00:00,207,-122.439,41.4719
414719N1224394W001,1788536,1975-11-04T00:00:00Z,2885.9,2885.5,0,7,2878.9,7,6.6,NA,Unknown,Water level accuracy is unknown,1,Department of Water Resources,NA,1,Department of Water Resources,NA,NA,22364,42N05W20J001M,42N05W20J001M,Digital Elevation Model,Unknown,1-004,Shasta Valley,Siskiyou,40,Residential,Single Well,D-LOG,1953-04-02 00:00:00 - 2020-04-10 12:00:00,207,-122.439,41.4719
414719N1224394W001,1788535,1975-04-18T00:00:00Z,2885.9,2885.5,0,6.5,2879.4,6.5,6.1,NA,Unknown,Water level accuracy is unknown,1,Department of Water Resources,NA,1,Department of Water Resources,NA,NA,22364,42N05W20J001M,42N05W20J001M,Digital Elevation Model,Unknown,1-004,Shasta Valley,Siskiyou,40,Residential,Single Well,D-LOG,1953-04-02 00:00:00 - 2020-04-10 12:00:00,207,-122.439,41.4719
414719N1224394W001,1788534,1974-10-15T00:00:00Z,2885.9,2885.5,0,7,2878.9,7,6.6,NA,Unknown,Water level accuracy is unknown,1,Department of Water Resources,NA,1,Department of Water Resources,NA,NA,22364,42N05W20J001M,42N05W20J001M,Digital Elevation Model,Unknown,1-004,Shasta Valley,Siskiyou,40,Residential,Single Well,D-LOG,1953-04-02 00:00:00 - 2020-04-10 12:00:00,207,-122.439,41.4719
414719N1224394W001,1788533,1974-04-10T00:00:00Z,2885.9,2885.5,0,5,2880.9,5,4.6,NA,Unknown,Water level accuracy is unknown,1,Department of Water Resources,NA,1,Department of Water Resources,NA,NA,22364,42N05W20J001M,42N05W20J001M,Digital Elevation Model,Unknown,1-004,Shasta Valley,Siskiyou,40,Residential,Single Well,D-LOG,1953-04-02 00:00:00 - 2020-04-10 12:00:00,207,-122.439,41.4719
414719N1224394W001,1788532,1973-10-09T00:00:00Z,2885.9,2885.5,0,3.8,2882.1,3.8,3.4,NA,Unknown,Water level accuracy is unknown,1,Department of Water Resources,NA,1,Department of Water Resources,NA,NA,22364,42N05W20J001M,42N05W20J001M,Digital Elevation Model,Unknown,1-004,Shasta Valley,Siskiyou,40,Residential,Single Well,D-LOG,1953-04-02 00:00:00 - 2020-04-10 12:00:00,207,-122.439,41.4719
414719N1224394W001,1788531,1973-04-20T00:00:00Z,2885.9,2885.5,0,6.1,2879.8,6.1,5.7,NA,Unknown,Water level accuracy is unknown,1,Department of Water Resources,NA,1,Department of Water Resources,NA,NA,22364,42N05W20J001M,42N05W20J001M,Digital Elevation Model,Unknown,1-004,Shasta Valley,Siskiyou,40,Residential,Single Well,D-LOG,1953-04-02 00:00:00 - 2020-04-10 12:00:00,207,-122.439,41.4719
414719N1224394W001,1788530,1972-10-03T00:00:00Z,2885.9,2885.5,0,2.4,2883.5,2.4,2,NA,Unknown,Water level accuracy is unknown,1,Department of Water Resources,NA,1,Department of Water Resources,NA,NA,22364,42N05W20J001M,42N05W20J001M,Digital Elevation Model,Unknown,1-004,Shasta Valley,Siskiyou,40,Residential,Single Well,D-LOG,1953-04-02 00:00:00 - 2020-04-10 12:00:00,207,-122.439,41.4719
414719N1224394W001,1788529,1972-03-20T00:00:00Z,2885.9,2885.5,0,5.5,2880.4,5.5,5.1,NA,Unknown,Water level accuracy is unknown,1,Department of Water Resources,NA,1,Department of Water Resources,NA,NA,22364,42N05W20J001M,42N05W20J001M,Digital Elevation Model,Unknown,1-004,Shasta Valley,Siskiyou,40,Residential,Single Well,D-LOG,1953-04-02 00:00:00 - 2020-04-10 12:00:00,207,-122.439,41.4719
414719N1224394W001,1788528,1971-10-26T00:00:00Z,2885.9,2885.5,0,4.7,2881.2,4.7,4.3,NA,Unknown,Water level accuracy is unknown,1,Department of Water Resources,NA,1,Department of Water Resources,NA,NA,22364,42N05W20J001M,42N05W20J001M,Digital Elevation Model,Unknown,1-004,Shasta Valley,Siskiyou,40,Residential,Single Well,D-LOG,1953-04-02 00:00:00 - 2020-04-10 12:00:00,207,-122.439,41.4719
414719N1224394W001,1788527,1971-04-07T00:00:00Z,2885.9,2885.5,0,5.5,2880.4,5.5,5.1,NA,Unknown,Water level accuracy is unknown,1,Department of Water Resources,NA,1,Department of Water Resources,NA,NA,22364,42N05W20J001M,42N05W20J001M,Digital Elevation Model,Unknown,1-004,Shasta Valley,Siskiyou,40,Residential,Single Well,D-LOG,1953-04-02 00:00:00 - 2020-04-10 12:00:00,207,-122.439,41.4719
414719N1224394W001,1788526,1970-10-07T00:00:00Z,2885.9,2885.5,0,3.5,2882.4,3.5,3.1,NA,Unknown,Water level accuracy is unknown,1,Department of Water Resources,NA,1,Department of Water Resources,NA,NA,22364,42N05W20J001M,42N05W20J001M,Digital Elevation Model,Unknown,1-004,Shasta Valley,Siskiyou,40,Residential,Single Well,D-LOG,1953-04-02 00:00:00 - 2020-04-10 12:00:00,207,-122.439,41.4719
414719N1224394W001,1788525,1970-04-06T00:00:00Z,2885.9,2885.5,0,5.5,2880.4,5.5,5.1,NA,Unknown,Water level accuracy is unknown,1,Department of Water Resources,NA,1,Department of Water Resources,NA,NA,22364,42N05W20J001M,42N05W20J001M,Digital Elevation Model,Unknown,1-004,Shasta Valley,Siskiyou,40,Residential,Single Well,D-LOG,1953-04-02 00:00:00 - 2020-04-10 12:00:00,207,-122.439,41.4719
414719N1224394W001,1788524,1969-10-07T00:00:00Z,2885.9,2885.5,0,4,2881.9,4,3.6,NA,Unknown,Water level accuracy is unknown,1,Department of Water Resources,NA,1,Department of Water Resources,NA,NA,22364,42N05W20J001M,42N05W20J001M,Digital Elevation Model,Unknown,1-004,Shasta Valley,Siskiyou,40,Residential,Single Well,D-LOG,1953-04-02 00:00:00 - 2020-04-10 12:00:00,207,-122.439,41.4719
414719N1224394W001,1788523,1969-04-07T00:00:00Z,2885.9,2885.5,0,5.5,2880.4,5.5,5.1,NA,Unknown,Water level accuracy is unknown,1,Department of Water Resources,NA,1,Department of Water Resources,NA,NA,22364,42N05W20J001M,42N05W20J001M,Digital Elevation Model,Unknown,1-004,Shasta Valley,Siskiyou,40,Residential,Single Well,D-LOG,1953-04-02 00:00:00 - 2020-04-10 12:00:00,207,-122.439,41.4719
414719N1224394W001,1788522,1968-09-30T00:00:00Z,2885.9,2885.5,0,3.3,2882.6,3.3,2.9,NA,Unknown,Water level accuracy is unknown,1,Department of Water Resources,NA,1,Department of Water Resources,NA,NA,22364,42N05W20J001M,42N05W20J001M,Digital Elevation Model,Unknown,1-004,Shasta Valley,Siskiyou,40,Residential,Single Well,D-LOG,1953-04-02 00:00:00 - 2020-04-10 12:00:00,207,-122.439,41.4719
414719N1224394W001,1788521,1968-04-11T00:00:00Z,2885.9,2885.5,0,4.9,2881,4.9,4.5,NA,Unknown,Water level accuracy is unknown,1,Department of Water Resources,NA,1,Department of Water Resources,NA,NA,22364,42N05W20J001M,42N05W20J001M,Digital Elevation Model,Unknown,1-004,Shasta Valley,Siskiyou,40,Residential,Single Well,D-LOG,1953-04-02 00:00:00 - 2020-04-10 12:00:00,207,-122.439,41.4719
414719N1224394W001,1788520,1967-10-04T00:00:00Z,2885.9,2885.5,0,3.4,2882.5,3.4,3,NA,Unknown,Water level accuracy is unknown,1,Department of Water Resources,NA,1,Department of Water Resources,NA,NA,22364,42N05W20J001M,42N05W20J001M,Digital Elevation Model,Unknown,1-004,Shasta Valley,Siskiyou,40,Residential,Single Well,D-LOG,1953-04-02 00:00:00 - 2020-04-10 12:00:00,207,-122.439,41.4719
414719N1224394W001,1788519,1967-04-13T00:00:00Z,2885.9,2885.5,0,5.4,2880.5,5.4,5,NA,Unknown,Water level accuracy is unknown,1,Department of Water Resources,NA,1,Department of Water Resources,NA,NA,22364,42N05W20J001M,42N05W20J001M,Digital Elevation Model,Unknown,1-004,Shasta Valley,Siskiyou,40,Residential,Single Well,D-LOG,1953-04-02 00:00:00 - 2020-04-10 12:00:00,207,-122.439,41.4719
414719N1224394W001,1788518,1966-10-03T00:00:00Z,2885.9,2885.5,0,5.4,2880.5,5.4,5,NA,Unknown,Water level accuracy is unknown,1,Department of Water Resources,NA,1,Department of Water Resources,NA,NA,22364,42N05W20J001M,42N05W20J001M,Digital Elevation Model,Unknown,1-004,Shasta Valley,Siskiyou,40,Residential,Single Well,D-LOG,1953-04-02 00:00:00 - 2020-04-10 12:00:00,207,-122.439,41.4719
414719N1224394W001,1788695,1966-04-05T00:00:00Z,2885.9,2885.5,0,4.4,2881.5,4.4,4,NA,Unknown,Water level accuracy is unknown,1,Department of Water Resources,NA,5167,United States Geological Survey,NA,NA,22364,42N05W20J001M,42N05W20J001M,Digital Elevation Model,Unknown,1-004,Shasta Valley,Siskiyou,40,Residential,Single Well,D-LOG,1953-04-02 00:00:00 - 2020-04-10 12:00:00,207,-122.439,41.4719
414719N1224394W001,1788694,1966-03-04T00:00:00Z,2885.9,2885.5,0,6.3,2879.6,6.3,5.9,NA,Unknown,Water level accuracy is unknown,1,Department of Water Resources,NA,5167,United States Geological Survey,NA,NA,22364,42N05W20J001M,42N05W20J001M,Digital Elevation Model,Unknown,1-004,Shasta Valley,Siskiyou,40,Residential,Single Well,D-LOG,1953-04-02 00:00:00 - 2020-04-10 12:00:00,207,-122.439,41.4719
414719N1224394W001,1788693,1966-01-31T00:00:00Z,2885.9,2885.5,0,5.4,2880.5,5.4,5,NA,Unknown,Water level accuracy is unknown,1,Department of Water Resources,NA,5167,United States Geological Survey,NA,NA,22364,42N05W20J001M,42N05W20J001M,Digital Elevation Model,Unknown,1-004,Shasta Valley,Siskiyou,40,Residential,Single Well,D-LOG,1953-04-02 00:00:00 - 2020-04-10 12:00:00,207,-122.439,41.4719
414719N1224394W001,1788692,1966-01-10T00:00:00Z,2885.9,2885.5,0,4.6,2881.3,4.6,4.2,NA,Unknown,Water level accuracy is unknown,1,Department of Water Resources,NA,5167,United States Geological Survey,NA,NA,22364,42N05W20J001M,42N05W20J001M,Digital Elevation Model,Unknown,1-004,Shasta Valley,Siskiyou,40,Residential,Single Well,D-LOG,1953-04-02 00:00:00 - 2020-04-10 12:00:00,207,-122.439,41.4719
414719N1224394W001,1788691,1965-12-03T00:00:00Z,2885.9,2885.5,0,5.6,2880.3,5.6,5.2,NA,Unknown,Water level accuracy is unknown,1,Department of Water Resources,NA,5167,United States Geological Survey,NA,NA,22364,42N05W20J001M,42N05W20J001M,Digital Elevation Model,Unknown,1-004,Shasta Valley,Siskiyou,40,Residential,Single Well,D-LOG,1953-04-02 00:00:00 - 2020-04-10 12:00:00,207,-122.439,41.4719
414719N1224394W001,1788517,1965-11-03T00:00:00Z,2885.9,2885.5,0,6,2879.9,6,5.6,NA,Unknown,Water level accuracy is unknown,1,Department of Water Resources,NA,1,Department of Water Resources,NA,NA,22364,42N05W20J001M,42N05W20J001M,Digital Elevation Model,Unknown,1-004,Shasta Valley,Siskiyou,40,Residential,Single Well,D-LOG,1953-04-02 00:00:00 - 2020-04-10 12:00:00,207,-122.439,41.4719
414719N1224394W001,1788690,1965-10-28T00:00:00Z,2885.9,2885.5,0,5.2,2880.7,5.2,4.8,NA,Unknown,Water level accuracy is unknown,1,Department of Water Resources,NA,5167,United States Geological Survey,NA,NA,22364,42N05W20J001M,42N05W20J001M,Digital Elevation Model,Unknown,1-004,Shasta Valley,Siskiyou,40,Residential,Single Well,D-LOG,1953-04-02 00:00:00 - 2020-04-10 12:00:00,207,-122.439,41.4719
414719N1224394W001,1788689,1965-09-25T00:00:00Z,2885.9,2885.5,0,4,2881.9,4,3.6,NA,Unknown,Water level accuracy is unknown,1,Department of Water Resources,NA,5167,United States Geological Survey,NA,NA,22364,42N05W20J001M,42N05W20J001M,Digital Elevation Model,Unknown,1-004,Shasta Valley,Siskiyou,40,Residential,Single Well,D-LOG,1953-04-02 00:00:00 - 2020-04-10 12:00:00,207,-122.439,41.4719
414719N1224394W001,1788688,1965-08-17T00:00:00Z,2885.9,2885.5,0,5,2880.9,5,4.6,NA,Unknown,Water level accuracy is unknown,1,Department of Water Resources,NA,5167,United States Geological Survey,NA,NA,22364,42N05W20J001M,42N05W20J001M,Digital Elevation Model,Unknown,1-004,Shasta Valley,Siskiyou,40,Residential,Single Well,D-LOG,1953-04-02 00:00:00 - 2020-04-10 12:00:00,207,-122.439,41.4719
414719N1224394W001,1788687,1965-07-15T00:00:00Z,2885.9,2885.5,0,4.9,2881,4.9,4.5,NA,Unknown,Water level accuracy is unknown,1,Department of Water Resources,NA,5167,United States Geological Survey,NA,NA,22364,42N05W20J001M,42N05W20J001M,Digital Elevation Model,Unknown,1-004,Shasta Valley,Siskiyou,40,Residential,Single Well,D-LOG,1953-04-02 00:00:00 - 2020-04-10 12:00:00,207,-122.439,41.4719
414719N1224394W001,1788686,1965-06-17T00:00:00Z,2885.9,2885.5,0,3.9,2882,3.9,3.5,NA,Unknown,Water level accuracy is unknown,1,Department of Water Resources,NA,5167,United States Geological Survey,NA,NA,22364,42N05W20J001M,42N05W20J001M,Digital Elevation Model,Unknown,1-004,Shasta Valley,Siskiyou,40,Residential,Single Well,D-LOG,1953-04-02 00:00:00 - 2020-04-10 12:00:00,207,-122.439,41.4719
414719N1224394W001,1788685,1965-05-20T00:00:00Z,2885.9,2885.5,0,3.5,2882.4,3.5,3.1,NA,Unknown,Water level accuracy is unknown,1,Department of Water Resources,NA,5167,United States Geological Survey,NA,NA,22364,42N05W20J001M,42N05W20J001M,Digital Elevation Model,Unknown,1-004,Shasta Valley,Siskiyou,40,Residential,Single Well,D-LOG,1953-04-02 00:00:00 - 2020-04-10 12:00:00,207,-122.439,41.4719
414719N1224394W001,1788684,1965-04-16T00:00:00Z,2885.9,2885.5,0,5,2880.9,5,4.6,NA,Unknown,Water level accuracy is unknown,1,Department of Water Resources,NA,5167,United States Geological Survey,NA,NA,22364,42N05W20J001M,42N05W20J001M,Digital Elevation Model,Unknown,1-004,Shasta Valley,Siskiyou,40,Residential,Single Well,D-LOG,1953-04-02 00:00:00 - 2020-04-10 12:00:00,207,-122.439,41.4719
414719N1224394W001,1788683,1965-03-18T00:00:00Z,2885.9,2885.5,0,6.7,2879.2,6.7,6.3,NA,Unknown,Water level accuracy is unknown,1,Department of Water Resources,NA,5167,United States Geological Survey,NA,NA,22364,42N05W20J001M,42N05W20J001M,Digital Elevation Model,Unknown,1-004,Shasta Valley,Siskiyou,40,Residential,Single Well,D-LOG,1953-04-02 00:00:00 - 2020-04-10 12:00:00,207,-122.439,41.4719
414719N1224394W001,1788682,1965-02-18T00:00:00Z,2885.9,2885.5,0,6.5,2879.4,6.5,6.1,NA,Unknown,Water level accuracy is unknown,1,Department of Water Resources,NA,5167,United States Geological Survey,NA,NA,22364,42N05W20J001M,42N05W20J001M,Digital Elevation Model,Unknown,1-004,Shasta Valley,Siskiyou,40,Residential,Single Well,D-LOG,1953-04-02 00:00:00 - 2020-04-10 12:00:00,207,-122.439,41.4719
414719N1224394W001,1788681,1965-01-21T00:00:00Z,2885.9,2885.5,0,5.9,2880,5.9,5.5,NA,Unknown,Water level accuracy is unknown,1,Department of Water Resources,NA,5167,United States Geological Survey,NA,NA,22364,42N05W20J001M,42N05W20J001M,Digital Elevation Model,Unknown,1-004,Shasta Valley,Siskiyou,40,Residential,Single Well,D-LOG,1953-04-02 00:00:00 - 2020-04-10 12:00:00,207,-122.439,41.4719
414719N1224394W001,1788680,1964-12-17T00:00:00Z,2885.9,2885.5,0,5.7,2880.2,5.7,5.3,NA,Unknown,Water level accuracy is unknown,1,Department of Water Resources,NA,5167,United States Geological Survey,NA,NA,22364,42N05W20J001M,42N05W20J001M,Digital Elevation Model,Unknown,1-004,Shasta Valley,Siskiyou,40,Residential,Single Well,D-LOG,1953-04-02 00:00:00 - 2020-04-10 12:00:00,207,-122.439,41.4719
414719N1224394W001,1788679,1964-11-19T00:00:00Z,2885.9,2885.5,0,6.7,2879.2,6.7,6.3,NA,Unknown,Water level accuracy is unknown,1,Department of Water Resources,NA,5167,United States Geological Survey,NA,NA,22364,42N05W20J001M,42N05W20J001M,Digital Elevation Model,Unknown,1-004,Shasta Valley,Siskiyou,40,Residential,Single Well,D-LOG,1953-04-02 00:00:00 - 2020-04-10 12:00:00,207,-122.439,41.4719
414719N1224394W001,1788678,1964-10-15T00:00:00Z,2885.9,2885.5,0,5.8,2880.1,5.8,5.4,NA,Unknown,Water level accuracy is unknown,1,Department of Water Resources,NA,5167,United States Geological Survey,NA,NA,22364,42N05W20J001M,42N05W20J001M,Digital Elevation Model,Unknown,1-004,Shasta Valley,Siskiyou,40,Residential,Single Well,D-LOG,1953-04-02 00:00:00 - 2020-04-10 12:00:00,207,-122.439,41.4719
414719N1224394W001,1788677,1964-09-17T00:00:00Z,2885.9,2885.5,0,4.3,2881.6,4.3,3.9,NA,Unknown,Water level accuracy is unknown,1,Department of Water Resources,NA,5167,United States Geological Survey,NA,NA,22364,42N05W20J001M,42N05W20J001M,Digital Elevation Model,Unknown,1-004,Shasta Valley,Siskiyou,40,Residential,Single Well,D-LOG,1953-04-02 00:00:00 - 2020-04-10 12:00:00,207,-122.439,41.4719
414719N1224394W001,1788676,1964-08-21T00:00:00Z,2885.9,2885.5,0,3.8,2882.1,3.8,3.4,NA,Unknown,Water level accuracy is unknown,1,Department of Water Resources,NA,5167,United States Geological Survey,NA,NA,22364,42N05W20J001M,42N05W20J001M,Digital Elevation Model,Unknown,1-004,Shasta Valley,Siskiyou,40,Residential,Single Well,D-LOG,1953-04-02 00:00:00 - 2020-04-10 12:00:00,207,-122.439,41.4719
414719N1224394W001,1788675,1964-07-16T00:00:00Z,2885.9,2885.5,0,6.5,2879.4,6.5,6.1,NA,Unknown,Water level accuracy is unknown,1,Department of Water Resources,NA,5167,United States Geological Survey,NA,NA,22364,42N05W20J001M,42N05W20J001M,Digital Elevation Model,Unknown,1-004,Shasta Valley,Siskiyou,40,Residential,Single Well,D-LOG,1953-04-02 00:00:00 - 2020-04-10 12:00:00,207,-122.439,41.4719
414719N1224394W001,1788674,1964-06-18T00:00:00Z,2885.9,2885.5,0,5.1,2880.8,5.1,4.7,NA,Unknown,Water level accuracy is unknown,1,Department of Water Resources,NA,5167,United States Geological Survey,NA,NA,22364,42N05W20J001M,42N05W20J001M,Digital Elevation Model,Unknown,1-004,Shasta Valley,Siskiyou,40,Residential,Single Well,D-LOG,1953-04-02 00:00:00 - 2020-04-10 12:00:00,207,-122.439,41.4719
414719N1224394W001,1788673,1964-05-14T00:00:00Z,2885.9,2885.5,0,5.5,2880.4,5.5,5.1,NA,Unknown,Water level accuracy is unknown,1,Department of Water Resources,NA,5167,United States Geological Survey,NA,NA,22364,42N05W20J001M,42N05W20J001M,Digital Elevation Model,Unknown,1-004,Shasta Valley,Siskiyou,40,Residential,Single Well,D-LOG,1953-04-02 00:00:00 - 2020-04-10 12:00:00,207,-122.439,41.4719
414719N1224394W001,1788672,1964-04-16T00:00:00Z,2885.9,2885.5,0,4.1,2881.8,4.1,3.7,NA,Unknown,Water level accuracy is unknown,1,Department of Water Resources,NA,5167,United States Geological Survey,NA,NA,22364,42N05W20J001M,42N05W20J001M,Digital Elevation Model,Unknown,1-004,Shasta Valley,Siskiyou,40,Residential,Single Well,D-LOG,1953-04-02 00:00:00 - 2020-04-10 12:00:00,207,-122.439,41.4719
414719N1224394W001,1788671,1964-03-19T00:00:00Z,2885.9,2885.5,0,6.7,2879.2,6.7,6.3,NA,Unknown,Water level accuracy is unknown,1,Department of Water Resources,NA,5167,United States Geological Survey,NA,NA,22364,42N05W20J001M,42N05W20J001M,Digital Elevation Model,Unknown,1-004,Shasta Valley,Siskiyou,40,Residential,Single Well,D-LOG,1953-04-02 00:00:00 - 2020-04-10 12:00:00,207,-122.439,41.4719
414719N1224394W001,1788670,1964-02-27T00:00:00Z,2885.9,2885.5,0,6.6,2879.3,6.6,6.2,NA,Unknown,Water level accuracy is unknown,1,Department of Water Resources,NA,5167,United States Geological Survey,NA,NA,22364,42N05W20J001M,42N05W20J001M,Digital Elevation Model,Unknown,1-004,Shasta Valley,Siskiyou,40,Residential,Single Well,D-LOG,1953-04-02 00:00:00 - 2020-04-10 12:00:00,207,-122.439,41.4719
414719N1224394W001,1788669,1964-01-17T00:00:00Z,2885.9,2885.5,0,7.5,2878.4,7.5,7.1,NA,Unknown,Water level accuracy is unknown,1,Department of Water Resources,NA,5167,United States Geological Survey,NA,NA,22364,42N05W20J001M,42N05W20J001M,Digital Elevation Model,Unknown,1-004,Shasta Valley,Siskiyou,40,Residential,Single Well,D-LOG,1953-04-02 00:00:00 - 2020-04-10 12:00:00,207,-122.439,41.4719
414719N1224394W001,1788668,1963-12-16T00:00:00Z,2885.9,2885.5,0,6.1,2879.8,6.1,5.7,NA,Unknown,Water level accuracy is unknown,1,Department of Water Resources,NA,5167,United States Geological Survey,NA,NA,22364,42N05W20J001M,42N05W20J001M,Digital Elevation Model,Unknown,1-004,Shasta Valley,Siskiyou,40,Residential,Single Well,D-LOG,1953-04-02 00:00:00 - 2020-04-10 12:00:00,207,-122.439,41.4719
414719N1224394W001,1788667,1963-11-22T00:00:00Z,2885.9,2885.5,0,6.2,2879.7,6.2,5.8,NA,Unknown,Water level accuracy is unknown,1,Department of Water Resources,NA,5167,United States Geological Survey,NA,NA,22364,42N05W20J001M,42N05W20J001M,Digital Elevation Model,Unknown,1-004,Shasta Valley,Siskiyou,40,Residential,Single Well,D-LOG,1953-04-02 00:00:00 - 2020-04-10 12:00:00,207,-122.439,41.4719
414719N1224394W001,1788666,1963-10-25T00:00:00Z,2885.9,2885.5,0,6.2,2879.7,6.2,5.8,NA,Unknown,Water level accuracy is unknown,1,Department of Water Resources,NA,5167,United States Geological Survey,NA,NA,22364,42N05W20J001M,42N05W20J001M,Digital Elevation Model,Unknown,1-004,Shasta Valley,Siskiyou,40,Residential,Single Well,D-LOG,1953-04-02 00:00:00 - 2020-04-10 12:00:00,207,-122.439,41.4719
414719N1224394W001,1788665,1963-09-20T00:00:00Z,2885.9,2885.5,0,4.6,2881.3,4.6,4.2,NA,Unknown,Water level accuracy is unknown,1,Department of Water Resources,NA,5167,United States Geological Survey,NA,NA,22364,42N05W20J001M,42N05W20J001M,Digital Elevation Model,Unknown,1-004,Shasta Valley,Siskiyou,40,Residential,Single Well,D-LOG,1953-04-02 00:00:00 - 2020-04-10 12:00:00,207,-122.439,41.4719
414719N1224394W001,1788664,1963-08-21T00:00:00Z,2885.9,2885.5,0,5.8,2880.1,5.8,5.4,NA,Unknown,Water level accuracy is unknown,1,Department of Water Resources,NA,5167,United States Geological Survey,NA,NA,22364,42N05W20J001M,42N05W20J001M,Digital Elevation Model,Unknown,1-004,Shasta Valley,Siskiyou,40,Residential,Single Well,D-LOG,1953-04-02 00:00:00 - 2020-04-10 12:00:00,207,-122.439,41.4719
414719N1224394W001,1788663,1963-07-12T00:00:00Z,2885.9,2885.5,0,6.2,2879.7,6.2,5.8,NA,Unknown,Water level accuracy is unknown,1,Department of Water Resources,NA,5167,United States Geological Survey,NA,NA,22364,42N05W20J001M,42N05W20J001M,Digital Elevation Model,Unknown,1-004,Shasta Valley,Siskiyou,40,Residential,Single Well,D-LOG,1953-04-02 00:00:00 - 2020-04-10 12:00:00,207,-122.439,41.4719
414719N1224394W001,1788662,1963-06-20T00:00:00Z,2885.9,2885.5,0,4.8,2881.1,4.8,4.4,NA,Unknown,Water level accuracy is unknown,1,Department of Water Resources,NA,5167,United States Geological Survey,NA,NA,22364,42N05W20J001M,42N05W20J001M,Digital Elevation Model,Unknown,1-004,Shasta Valley,Siskiyou,40,Residential,Single Well,D-LOG,1953-04-02 00:00:00 - 2020-04-10 12:00:00,207,-122.439,41.4719
414719N1224394W001,1788661,1963-05-22T00:00:00Z,2885.9,2885.5,0,4.6,2881.3,4.6,4.2,NA,Unknown,Water level accuracy is unknown,1,Department of Water Resources,NA,5167,United States Geological Survey,NA,NA,22364,42N05W20J001M,42N05W20J001M,Digital Elevation Model,Unknown,1-004,Shasta Valley,Siskiyou,40,Residential,Single Well,D-LOG,1953-04-02 00:00:00 - 2020-04-10 12:00:00,207,-122.439,41.4719
414719N1224394W001,1788660,1963-04-25T00:00:00Z,2885.9,2885.5,0,5.2,2880.7,5.2,4.8,NA,Unknown,Water level accuracy is unknown,1,Department of Water Resources,NA,5167,United States Geological Survey,NA,NA,22364,42N05W20J001M,42N05W20J001M,Digital Elevation Model,Unknown,1-004,Shasta Valley,Siskiyou,40,Residential,Single Well,D-LOG,1953-04-02 00:00:00 - 2020-04-10 12:00:00,207,-122.439,41.4719
414719N1224394W001,1788659,1963-03-21T00:00:00Z,2885.9,2885.5,0,6.1,2879.8,6.1,5.7,NA,Unknown,Water level accuracy is unknown,1,Department of Water Resources,NA,5167,United States Geological Survey,NA,NA,22364,42N05W20J001M,42N05W20J001M,Digital Elevation Model,Unknown,1-004,Shasta Valley,Siskiyou,40,Residential,Single Well,D-LOG,1953-04-02 00:00:00 - 2020-04-10 12:00:00,207,-122.439,41.4719
414719N1224394W001,1788658,1963-02-20T00:00:00Z,2885.9,2885.5,0,5.6,2880.3,5.6,5.2,NA,Unknown,Water level accuracy is unknown,1,Department of Water Resources,NA,5167,United States Geological Survey,NA,NA,22364,42N05W20J001M,42N05W20J001M,Digital Elevation Model,Unknown,1-004,Shasta Valley,Siskiyou,40,Residential,Single Well,D-LOG,1953-04-02 00:00:00 - 2020-04-10 12:00:00,207,-122.439,41.4719
414719N1224394W001,1788657,1963-01-23T00:00:00Z,2885.9,2885.5,0,5.7,2880.2,5.7,5.3,NA,Unknown,Water level accuracy is unknown,1,Department of Water Resources,NA,5167,United States Geological Survey,NA,NA,22364,42N05W20J001M,42N05W20J001M,Digital Elevation Model,Unknown,1-004,Shasta Valley,Siskiyou,40,Residential,Single Well,D-LOG,1953-04-02 00:00:00 - 2020-04-10 12:00:00,207,-122.439,41.4719
414719N1224394W001,1788656,1962-12-17T00:00:00Z,2885.9,2885.5,0,5.3,2880.6,5.3,4.9,NA,Unknown,Water level accuracy is unknown,1,Department of Water Resources,NA,5167,United States Geological Survey,NA,NA,22364,42N05W20J001M,42N05W20J001M,Digital Elevation Model,Unknown,1-004,Shasta Valley,Siskiyou,40,Residential,Single Well,D-LOG,1953-04-02 00:00:00 - 2020-04-10 12:00:00,207,-122.439,41.4719
414719N1224394W001,1788655,1962-11-28T00:00:00Z,2885.9,2885.5,0,5,2880.9,5,4.6,NA,Unknown,Water level accuracy is unknown,1,Department of Water Resources,NA,5167,United States Geological Survey,NA,NA,22364,42N05W20J001M,42N05W20J001M,Digital Elevation Model,Unknown,1-004,Shasta Valley,Siskiyou,40,Residential,Single Well,D-LOG,1953-04-02 00:00:00 - 2020-04-10 12:00:00,207,-122.439,41.4719
414719N1224394W001,1788654,1962-10-23T00:00:00Z,2885.9,2885.5,0,6.2,2879.7,6.2,5.8,NA,Unknown,Water level accuracy is unknown,1,Department of Water Resources,NA,5167,United States Geological Survey,NA,NA,22364,42N05W20J001M,42N05W20J001M,Digital Elevation Model,Unknown,1-004,Shasta Valley,Siskiyou,40,Residential,Single Well,D-LOG,1953-04-02 00:00:00 - 2020-04-10 12:00:00,207,-122.439,41.4719
414719N1224394W001,1788653,1962-09-21T00:00:00Z,2885.9,2885.5,0,6.6,2879.3,6.6,6.2,NA,Unknown,Water level accuracy is unknown,1,Department of Water Resources,NA,5167,United States Geological Survey,NA,NA,22364,42N05W20J001M,42N05W20J001M,Digital Elevation Model,Unknown,1-004,Shasta Valley,Siskiyou,40,Residential,Single Well,D-LOG,1953-04-02 00:00:00 - 2020-04-10 12:00:00,207,-122.439,41.4719
414719N1224394W001,1788652,1962-08-23T00:00:00Z,2885.9,2885.5,0,6.4,2879.5,6.4,6,NA,Unknown,Water level accuracy is unknown,1,Department of Water Resources,NA,5167,United States Geological Survey,NA,NA,22364,42N05W20J001M,42N05W20J001M,Digital Elevation Model,Unknown,1-004,Shasta Valley,Siskiyou,40,Residential,Single Well,D-LOG,1953-04-02 00:00:00 - 2020-04-10 12:00:00,207,-122.439,41.4719
414719N1224394W001,1788651,1962-07-26T00:00:00Z,2885.9,2885.5,0,6.2,2879.7,6.2,5.8,NA,Unknown,Water level accuracy is unknown,1,Department of Water Resources,NA,5167,United States Geological Survey,NA,NA,22364,42N05W20J001M,42N05W20J001M,Digital Elevation Model,Unknown,1-004,Shasta Valley,Siskiyou,40,Residential,Single Well,D-LOG,1953-04-02 00:00:00 - 2020-04-10 12:00:00,207,-122.439,41.4719
414719N1224394W001,1788650,1962-06-27T00:00:00Z,2885.9,2885.5,0,5.4,2880.5,5.4,5,NA,Unknown,Water level accuracy is unknown,1,Department of Water Resources,NA,5167,United States Geological Survey,NA,NA,22364,42N05W20J001M,42N05W20J001M,Digital Elevation Model,Unknown,1-004,Shasta Valley,Siskiyou,40,Residential,Single Well,D-LOG,1953-04-02 00:00:00 - 2020-04-10 12:00:00,207,-122.439,41.4719
414719N1224394W001,1788649,1962-05-25T00:00:00Z,2885.9,2885.5,0,5.8,2880.1,5.8,5.4,NA,Unknown,Water level accuracy is unknown,1,Department of Water Resources,NA,5167,United States Geological Survey,NA,NA,22364,42N05W20J001M,42N05W20J001M,Digital Elevation Model,Unknown,1-004,Shasta Valley,Siskiyou,40,Residential,Single Well,D-LOG,1953-04-02 00:00:00 - 2020-04-10 12:00:00,207,-122.439,41.4719
414719N1224394W001,1788648,1962-04-27T00:00:00Z,2885.9,2885.5,0,5.5,2880.4,5.5,5.1,NA,Unknown,Water level accuracy is unknown,1,Department of Water Resources,NA,5167,United States Geological Survey,NA,NA,22364,42N05W20J001M,42N05W20J001M,Digital Elevation Model,Unknown,1-004,Shasta Valley,Siskiyou,40,Residential,Single Well,D-LOG,1953-04-02 00:00:00 - 2020-04-10 12:00:00,207,-122.439,41.4719
414719N1224394W001,1788647,1962-03-28T00:00:00Z,2885.9,2885.5,0,6.1,2879.8,6.1,5.7,NA,Unknown,Water level accuracy is unknown,1,Department of Water Resources,NA,5167,United States Geological Survey,NA,NA,22364,42N05W20J001M,42N05W20J001M,Digital Elevation Model,Unknown,1-004,Shasta Valley,Siskiyou,40,Residential,Single Well,D-LOG,1953-04-02 00:00:00 - 2020-04-10 12:00:00,207,-122.439,41.4719
414719N1224394W001,1788646,1962-02-28T00:00:00Z,2885.9,2885.5,0,6.2,2879.7,6.2,5.8,NA,Unknown,Water level accuracy is unknown,1,Department of Water Resources,NA,5167,United States Geological Survey,NA,NA,22364,42N05W20J001M,42N05W20J001M,Digital Elevation Model,Unknown,1-004,Shasta Valley,Siskiyou,40,Residential,Single Well,D-LOG,1953-04-02 00:00:00 - 2020-04-10 12:00:00,207,-122.439,41.4719
414719N1224394W001,1788645,1962-01-25T00:00:00Z,2885.9,2885.5,0,6.3,2879.6,6.3,5.9,NA,Unknown,Water level accuracy is unknown,1,Department of Water Resources,NA,5167,United States Geological Survey,NA,NA,22364,42N05W20J001M,42N05W20J001M,Digital Elevation Model,Unknown,1-004,Shasta Valley,Siskiyou,40,Residential,Single Well,D-LOG,1953-04-02 00:00:00 - 2020-04-10 12:00:00,207,-122.439,41.4719
414719N1224394W001,1788644,1961-12-28T00:00:00Z,2885.9,2885.5,0,6,2879.9,6,5.6,NA,Unknown,Water level accuracy is unknown,1,Department of Water Resources,NA,5167,United States Geological Survey,NA,NA,22364,42N05W20J001M,42N05W20J001M,Digital Elevation Model,Unknown,1-004,Shasta Valley,Siskiyou,40,Residential,Single Well,D-LOG,1953-04-02 00:00:00 - 2020-04-10 12:00:00,207,-122.439,41.4719
414719N1224394W001,1788643,1961-11-29T00:00:00Z,2885.9,2885.5,0,5,2880.9,5,4.6,NA,Unknown,Water level accuracy is unknown,1,Department of Water Resources,NA,5167,United States Geological Survey,NA,NA,22364,42N05W20J001M,42N05W20J001M,Digital Elevation Model,Unknown,1-004,Shasta Valley,Siskiyou,40,Residential,Single Well,D-LOG,1953-04-02 00:00:00 - 2020-04-10 12:00:00,207,-122.439,41.4719
414719N1224394W001,1788642,1961-10-25T00:00:00Z,2885.9,2885.5,0,6.2,2879.7,6.2,5.8,NA,Unknown,Water level accuracy is unknown,1,Department of Water Resources,NA,5167,United States Geological Survey,NA,NA,22364,42N05W20J001M,42N05W20J001M,Digital Elevation Model,Unknown,1-004,Shasta Valley,Siskiyou,40,Residential,Single Well,D-LOG,1953-04-02 00:00:00 - 2020-04-10 12:00:00,207,-122.439,41.4719
414719N1224394W001,1788641,1961-09-28T00:00:00Z,2885.9,2885.5,0,6.5,2879.4,6.5,6.1,NA,Unknown,Water level accuracy is unknown,1,Department of Water Resources,NA,5167,United States Geological Survey,NA,NA,22364,42N05W20J001M,42N05W20J001M,Digital Elevation Model,Unknown,1-004,Shasta Valley,Siskiyou,40,Residential,Single Well,D-LOG,1953-04-02 00:00:00 - 2020-04-10 12:00:00,207,-122.439,41.4719
414719N1224394W001,1788640,1961-08-30T00:00:00Z,2885.9,2885.5,0,4.8,2881.1,4.8,4.4,NA,Unknown,Water level accuracy is unknown,1,Department of Water Resources,NA,5167,United States Geological Survey,NA,NA,22364,42N05W20J001M,42N05W20J001M,Digital Elevation Model,Unknown,1-004,Shasta Valley,Siskiyou,40,Residential,Single Well,D-LOG,1953-04-02 00:00:00 - 2020-04-10 12:00:00,207,-122.439,41.4719
414719N1224394W001,1788639,1961-07-28T00:00:00Z,2885.9,2885.5,0,4.4,2881.5,4.4,4,NA,Unknown,Water level accuracy is unknown,1,Department of Water Resources,NA,5167,United States Geological Survey,NA,NA,22364,42N05W20J001M,42N05W20J001M,Digital Elevation Model,Unknown,1-004,Shasta Valley,Siskiyou,40,Residential,Single Well,D-LOG,1953-04-02 00:00:00 - 2020-04-10 12:00:00,207,-122.439,41.4719
414719N1224394W001,1788638,1961-06-28T00:00:00Z,2885.9,2885.5,0,5.1,2880.8,5.1,4.7,NA,Unknown,Water level accuracy is unknown,1,Department of Water Resources,NA,5167,United States Geological Survey,NA,NA,22364,42N05W20J001M,42N05W20J001M,Digital Elevation Model,Unknown,1-004,Shasta Valley,Siskiyou,40,Residential,Single Well,D-LOG,1953-04-02 00:00:00 - 2020-04-10 12:00:00,207,-122.439,41.4719
414719N1224394W001,1788637,1961-05-17T00:00:00Z,2885.9,2885.5,0,6.2,2879.7,6.2,5.8,NA,Unknown,Water level accuracy is unknown,1,Department of Water Resources,NA,5167,United States Geological Survey,NA,NA,22364,42N05W20J001M,42N05W20J001M,Digital Elevation Model,Unknown,1-004,Shasta Valley,Siskiyou,40,Residential,Single Well,D-LOG,1953-04-02 00:00:00 - 2020-04-10 12:00:00,207,-122.439,41.4719
414719N1224394W001,1788636,1961-04-28T00:00:00Z,2885.9,2885.5,0,5.3,2880.6,5.3,4.9,NA,Unknown,Water level accuracy is unknown,1,Department of Water Resources,NA,5167,United States Geological Survey,NA,NA,22364,42N05W20J001M,42N05W20J001M,Digital Elevation Model,Unknown,1-004,Shasta Valley,Siskiyou,40,Residential,Single Well,D-LOG,1953-04-02 00:00:00 - 2020-04-10 12:00:00,207,-122.439,41.4719
414719N1224394W001,1788635,1961-03-29T00:00:00Z,2885.9,2885.5,0,5.9,2880,5.9,5.5,NA,Unknown,Water level accuracy is unknown,1,Department of Water Resources,NA,5167,United States Geological Survey,NA,NA,22364,42N05W20J001M,42N05W20J001M,Digital Elevation Model,Unknown,1-004,Shasta Valley,Siskiyou,40,Residential,Single Well,D-LOG,1953-04-02 00:00:00 - 2020-04-10 12:00:00,207,-122.439,41.4719
414719N1224394W001,1788634,1961-02-22T00:00:00Z,2885.9,2885.5,0,5.6,2880.3,5.6,5.2,NA,Unknown,Water level accuracy is unknown,1,Department of Water Resources,NA,5167,United States Geological Survey,NA,NA,22364,42N05W20J001M,42N05W20J001M,Digital Elevation Model,Unknown,1-004,Shasta Valley,Siskiyou,40,Residential,Single Well,D-LOG,1953-04-02 00:00:00 - 2020-04-10 12:00:00,207,-122.439,41.4719
414719N1224394W001,1788633,1961-01-25T00:00:00Z,2885.9,2885.5,0,6.6,2879.3,6.6,6.2,NA,Unknown,Water level accuracy is unknown,1,Department of Water Resources,NA,5167,United States Geological Survey,NA,NA,22364,42N05W20J001M,42N05W20J001M,Digital Elevation Model,Unknown,1-004,Shasta Valley,Siskiyou,40,Residential,Single Well,D-LOG,1953-04-02 00:00:00 - 2020-04-10 12:00:00,207,-122.439,41.4719
414719N1224394W001,1788632,1960-12-29T00:00:00Z,2885.9,2885.5,0,6.2,2879.7,6.2,5.8,NA,Unknown,Water level accuracy is unknown,1,Department of Water Resources,NA,5167,United States Geological Survey,NA,NA,22364,42N05W20J001M,42N05W20J001M,Digital Elevation Model,Unknown,1-004,Shasta Valley,Siskiyou,40,Residential,Single Well,D-LOG,1953-04-02 00:00:00 - 2020-04-10 12:00:00,207,-122.439,41.4719
414719N1224394W001,1788631,1960-11-16T00:00:00Z,2885.9,2885.5,0,5.9,2880,5.9,5.5,NA,Unknown,Water level accuracy is unknown,1,Department of Water Resources,NA,5167,United States Geological Survey,NA,NA,22364,42N05W20J001M,42N05W20J001M,Digital Elevation Model,Unknown,1-004,Shasta Valley,Siskiyou,40,Residential,Single Well,D-LOG,1953-04-02 00:00:00 - 2020-04-10 12:00:00,207,-122.439,41.4719
414719N1224394W001,1788630,1960-10-26T00:00:00Z,2885.9,2885.5,0,5.9,2880,5.9,5.5,Pumped recently,Unknown,Water level accuracy is unknown,1,Department of Water Resources,NA,5167,United States Geological Survey,NA,NA,22364,42N05W20J001M,42N05W20J001M,Digital Elevation Model,Unknown,1-004,Shasta Valley,Siskiyou,40,Residential,Single Well,D-LOG,1953-04-02 00:00:00 - 2020-04-10 12:00:00,207,-122.439,41.4719
414719N1224394W001,1788629,1960-09-21T00:00:00Z,2885.9,2885.5,0,5.6,2880.3,5.6,5.2,NA,Unknown,Water level accuracy is unknown,1,Department of Water Resources,NA,5167,United States Geological Survey,NA,NA,22364,42N05W20J001M,42N05W20J001M,Digital Elevation Model,Unknown,1-004,Shasta Valley,Siskiyou,40,Residential,Single Well,D-LOG,1953-04-02 00:00:00 - 2020-04-10 12:00:00,207,-122.439,41.4719
414719N1224394W001,1788628,1960-08-24T00:00:00Z,2885.9,2885.5,0,5.2,2880.7,5.2,4.8,Pumped recently,Unknown,Water level accuracy is unknown,1,Department of Water Resources,NA,5167,United States Geological Survey,NA,NA,22364,42N05W20J001M,42N05W20J001M,Digital Elevation Model,Unknown,1-004,Shasta Valley,Siskiyou,40,Residential,Single Well,D-LOG,1953-04-02 00:00:00 - 2020-04-10 12:00:00,207,-122.439,41.4719
414719N1224394W001,1788627,1960-07-21T00:00:00Z,2885.9,2885.5,0,5.9,2880,5.9,5.5,NA,Unknown,Water level accuracy is unknown,1,Department of Water Resources,NA,5167,United States Geological Survey,NA,NA,22364,42N05W20J001M,42N05W20J001M,Digital Elevation Model,Unknown,1-004,Shasta Valley,Siskiyou,40,Residential,Single Well,D-LOG,1953-04-02 00:00:00 - 2020-04-10 12:00:00,207,-122.439,41.4719
414719N1224394W001,1788626,1960-06-22T00:00:00Z,2885.9,2885.5,0,4.9,2881,4.9,4.5,NA,Unknown,Water level accuracy is unknown,1,Department of Water Resources,NA,5167,United States Geological Survey,NA,NA,22364,42N05W20J001M,42N05W20J001M,Digital Elevation Model,Unknown,1-004,Shasta Valley,Siskiyou,40,Residential,Single Well,D-LOG,1953-04-02 00:00:00 - 2020-04-10 12:00:00,207,-122.439,41.4719
414719N1224394W001,1788625,1960-05-26T00:00:00Z,2885.9,2885.5,0,4.3,2881.6,4.3,3.9,NA,Unknown,Water level accuracy is unknown,1,Department of Water Resources,NA,5167,United States Geological Survey,NA,NA,22364,42N05W20J001M,42N05W20J001M,Digital Elevation Model,Unknown,1-004,Shasta Valley,Siskiyou,40,Residential,Single Well,D-LOG,1953-04-02 00:00:00 - 2020-04-10 12:00:00,207,-122.439,41.4719
414719N1224394W001,1788624,1960-04-28T00:00:00Z,2885.9,2885.5,0,5.2,2880.7,5.2,4.8,NA,Unknown,Water level accuracy is unknown,1,Department of Water Resources,NA,5167,United States Geological Survey,NA,NA,22364,42N05W20J001M,42N05W20J001M,Digital Elevation Model,Unknown,1-004,Shasta Valley,Siskiyou,40,Residential,Single Well,D-LOG,1953-04-02 00:00:00 - 2020-04-10 12:00:00,207,-122.439,41.4719
414719N1224394W001,1788623,1960-03-29T00:00:00Z,2885.9,2885.5,0,5.7,2880.2,5.7,5.3,NA,Unknown,Water level accuracy is unknown,1,Department of Water Resources,NA,5167,United States Geological Survey,NA,NA,22364,42N05W20J001M,42N05W20J001M,Digital Elevation Model,Unknown,1-004,Shasta Valley,Siskiyou,40,Residential,Single Well,D-LOG,1953-04-02 00:00:00 - 2020-04-10 12:00:00,207,-122.439,41.4719
414719N1224394W001,1788622,1960-02-18T00:00:00Z,2885.9,2885.5,0,6.2,2879.7,6.2,5.8,Pumped recently,Unknown,Water level accuracy is unknown,1,Department of Water Resources,NA,5167,United States Geological Survey,NA,NA,22364,42N05W20J001M,42N05W20J001M,Digital Elevation Model,Unknown,1-004,Shasta Valley,Siskiyou,40,Residential,Single Well,D-LOG,1953-04-02 00:00:00 - 2020-04-10 12:00:00,207,-122.439,41.4719
414719N1224394W001,1788621,1960-01-28T00:00:00Z,2885.9,2885.5,0,5.7,2880.2,5.7,5.3,NA,Unknown,Water level accuracy is unknown,1,Department of Water Resources,NA,5167,United States Geological Survey,NA,NA,22364,42N05W20J001M,42N05W20J001M,Digital Elevation Model,Unknown,1-004,Shasta Valley,Siskiyou,40,Residential,Single Well,D-LOG,1953-04-02 00:00:00 - 2020-04-10 12:00:00,207,-122.439,41.4719
414719N1224394W001,1788620,1959-12-17T00:00:00Z,2885.9,2885.5,0,5.7,2880.2,5.7,5.3,NA,Unknown,Water level accuracy is unknown,1,Department of Water Resources,NA,5167,United States Geological Survey,NA,NA,22364,42N05W20J001M,42N05W20J001M,Digital Elevation Model,Unknown,1-004,Shasta Valley,Siskiyou,40,Residential,Single Well,D-LOG,1953-04-02 00:00:00 - 2020-04-10 12:00:00,207,-122.439,41.4719
414719N1224394W001,1788619,1959-11-19T00:00:00Z,2885.9,2885.5,0,6.4,2879.5,6.4,6,NA,Unknown,Water level accuracy is unknown,1,Department of Water Resources,NA,5167,United States Geological Survey,NA,NA,22364,42N05W20J001M,42N05W20J001M,Digital Elevation Model,Unknown,1-004,Shasta Valley,Siskiyou,40,Residential,Single Well,D-LOG,1953-04-02 00:00:00 - 2020-04-10 12:00:00,207,-122.439,41.4719
414719N1224394W001,1788618,1959-10-29T00:00:00Z,2885.9,2885.5,0,6.3,2879.6,6.3,5.9,NA,Unknown,Water level accuracy is unknown,1,Department of Water Resources,NA,5167,United States Geological Survey,NA,NA,22364,42N05W20J001M,42N05W20J001M,Digital Elevation Model,Unknown,1-004,Shasta Valley,Siskiyou,40,Residential,Single Well,D-LOG,1953-04-02 00:00:00 - 2020-04-10 12:00:00,207,-122.439,41.4719
414719N1224394W001,1788617,1959-09-24T00:00:00Z,2885.9,2885.5,0,6.2,2879.7,6.2,5.8,NA,Unknown,Water level accuracy is unknown,1,Department of Water Resources,NA,5167,United States Geological Survey,NA,NA,22364,42N05W20J001M,42N05W20J001M,Digital Elevation Model,Unknown,1-004,Shasta Valley,Siskiyou,40,Residential,Single Well,D-LOG,1953-04-02 00:00:00 - 2020-04-10 12:00:00,207,-122.439,41.4719
414719N1224394W001,1788616,1959-08-27T00:00:00Z,2885.9,2885.5,0,5,2880.9,5,4.6,NA,Unknown,Water level accuracy is unknown,1,Department of Water Resources,NA,5167,United States Geological Survey,NA,NA,22364,42N05W20J001M,42N05W20J001M,Digital Elevation Model,Unknown,1-004,Shasta Valley,Siskiyou,40,Residential,Single Well,D-LOG,1953-04-02 00:00:00 - 2020-04-10 12:00:00,207,-122.439,41.4719
414719N1224394W001,1788615,1959-07-22T00:00:00Z,2885.9,2885.5,0,5.6,2880.3,5.6,5.2,NA,Unknown,Water level accuracy is unknown,1,Department of Water Resources,NA,5167,United States Geological Survey,NA,NA,22364,42N05W20J001M,42N05W20J001M,Digital Elevation Model,Unknown,1-004,Shasta Valley,Siskiyou,40,Residential,Single Well,D-LOG,1953-04-02 00:00:00 - 2020-04-10 12:00:00,207,-122.439,41.4719
414719N1224394W001,1788614,1959-06-24T00:00:00Z,2885.9,2885.5,0,5,2880.9,5,4.6,NA,Unknown,Water level accuracy is unknown,1,Department of Water Resources,NA,5167,United States Geological Survey,NA,NA,22364,42N05W20J001M,42N05W20J001M,Digital Elevation Model,Unknown,1-004,Shasta Valley,Siskiyou,40,Residential,Single Well,D-LOG,1953-04-02 00:00:00 - 2020-04-10 12:00:00,207,-122.439,41.4719
414719N1224394W001,1788613,1959-05-20T00:00:00Z,2885.9,2885.5,0,4.5,2881.4,4.5,4.1,NA,Unknown,Water level accuracy is unknown,1,Department of Water Resources,NA,5167,United States Geological Survey,NA,NA,22364,42N05W20J001M,42N05W20J001M,Digital Elevation Model,Unknown,1-004,Shasta Valley,Siskiyou,40,Residential,Single Well,D-LOG,1953-04-02 00:00:00 - 2020-04-10 12:00:00,207,-122.439,41.4719
414719N1224394W001,1788612,1959-04-23T00:00:00Z,2885.9,2885.5,0,4.4,2881.5,4.4,4,NA,Unknown,Water level accuracy is unknown,1,Department of Water Resources,NA,5167,United States Geological Survey,NA,NA,22364,42N05W20J001M,42N05W20J001M,Digital Elevation Model,Unknown,1-004,Shasta Valley,Siskiyou,40,Residential,Single Well,D-LOG,1953-04-02 00:00:00 - 2020-04-10 12:00:00,207,-122.439,41.4719
414719N1224394W001,1788611,1959-03-19T00:00:00Z,2885.9,2885.5,0,5.9,2880,5.9,5.5,NA,Unknown,Water level accuracy is unknown,1,Department of Water Resources,NA,5167,United States Geological Survey,NA,NA,22364,42N05W20J001M,42N05W20J001M,Digital Elevation Model,Unknown,1-004,Shasta Valley,Siskiyou,40,Residential,Single Well,D-LOG,1953-04-02 00:00:00 - 2020-04-10 12:00:00,207,-122.439,41.4719
414719N1224394W001,1788610,1959-02-17T00:00:00Z,2885.9,2885.5,0,3.7,2882.2,3.7,3.3,NA,Unknown,Water level accuracy is unknown,1,Department of Water Resources,NA,5167,United States Geological Survey,NA,NA,22364,42N05W20J001M,42N05W20J001M,Digital Elevation Model,Unknown,1-004,Shasta Valley,Siskiyou,40,Residential,Single Well,D-LOG,1953-04-02 00:00:00 - 2020-04-10 12:00:00,207,-122.439,41.4719
414719N1224394W001,1788609,1959-01-21T00:00:00Z,2885.9,2885.5,0,6,2879.9,6,5.6,NA,Unknown,Water level accuracy is unknown,1,Department of Water Resources,NA,5167,United States Geological Survey,NA,NA,22364,42N05W20J001M,42N05W20J001M,Digital Elevation Model,Unknown,1-004,Shasta Valley,Siskiyou,40,Residential,Single Well,D-LOG,1953-04-02 00:00:00 - 2020-04-10 12:00:00,207,-122.439,41.4719
414719N1224394W001,1788516,1958-12-18T00:00:00Z,2886.3,2885.5,0,7.3,2879,7.3,6.5,NA,Unknown,Water level accuracy is unknown,1,Department of Water Resources,NA,5167,United States Geological Survey,NA,NA,22364,42N05W20J001M,42N05W20J001M,Digital Elevation Model,Unknown,1-004,Shasta Valley,Siskiyou,40,Residential,Single Well,D-LOG,1953-04-02 00:00:00 - 2020-04-10 12:00:00,207,-122.439,41.4719
414719N1224394W001,1788515,1958-11-19T00:00:00Z,2886.3,2885.5,0,8.3,2878,8.3,7.5,NA,Unknown,Water level accuracy is unknown,1,Department of Water Resources,NA,5167,United States Geological Survey,NA,NA,22364,42N05W20J001M,42N05W20J001M,Digital Elevation Model,Unknown,1-004,Shasta Valley,Siskiyou,40,Residential,Single Well,D-LOG,1953-04-02 00:00:00 - 2020-04-10 12:00:00,207,-122.439,41.4719
414719N1224394W001,1788514,1958-10-16T00:00:00Z,2886.3,2885.5,0,7.3,2879,7.3,6.5,NA,Unknown,Water level accuracy is unknown,1,Department of Water Resources,NA,5167,United States Geological Survey,NA,NA,22364,42N05W20J001M,42N05W20J001M,Digital Elevation Model,Unknown,1-004,Shasta Valley,Siskiyou,40,Residential,Single Well,D-LOG,1953-04-02 00:00:00 - 2020-04-10 12:00:00,207,-122.439,41.4719
414719N1224394W001,1788513,1958-03-25T00:00:00Z,2885.9,2885.5,0,5.2,2880.7,5.2,4.8,NA,Unknown,Water level accuracy is unknown,1,Department of Water Resources,NA,5167,United States Geological Survey,NA,NA,22364,42N05W20J001M,42N05W20J001M,Digital Elevation Model,Unknown,1-004,Shasta Valley,Siskiyou,40,Residential,Single Well,D-LOG,1953-04-02 00:00:00 - 2020-04-10 12:00:00,207,-122.439,41.4719
414719N1224394W001,1788512,1954-10-18T00:00:00Z,2885.9,2885.5,0,6.3,2879.6,6.3,5.9,NA,Unknown,Water level accuracy is unknown,1,Department of Water Resources,NA,5167,United States Geological Survey,NA,NA,22364,42N05W20J001M,42N05W20J001M,Digital Elevation Model,Unknown,1-004,Shasta Valley,Siskiyou,40,Residential,Single Well,D-LOG,1953-04-02 00:00:00 - 2020-04-10 12:00:00,207,-122.439,41.4719
414719N1224394W001,1788511,1954-05-04T00:00:00Z,2885.9,2885.5,0,3.8,2882.1,3.8,3.4,NA,Unknown,Water level accuracy is unknown,1,Department of Water Resources,NA,5167,United States Geological Survey,NA,NA,22364,42N05W20J001M,42N05W20J001M,Digital Elevation Model,Unknown,1-004,Shasta Valley,Siskiyou,40,Residential,Single Well,D-LOG,1953-04-02 00:00:00 - 2020-04-10 12:00:00,207,-122.439,41.4719
414719N1224394W001,1788510,1953-10-25T00:00:00Z,2885.9,2885.5,0,6.4,2879.5,6.4,6,NA,Unknown,Water level accuracy is unknown,1,Department of Water Resources,NA,5167,United States Geological Survey,NA,NA,22364,42N05W20J001M,42N05W20J001M,Digital Elevation Model,Unknown,1-004,Shasta Valley,Siskiyou,40,Residential,Single Well,D-LOG,1953-04-02 00:00:00 - 2020-04-10 12:00:00,207,-122.439,41.4719
414719N1224394W001,1788509,1953-10-02T00:00:00Z,2885.9,2885.5,0,6.2,2879.7,6.2,5.8,NA,Unknown,Water level accuracy is unknown,1,Department of Water Resources,NA,5167,United States Geological Survey,NA,NA,22364,42N05W20J001M,42N05W20J001M,Digital Elevation Model,Unknown,1-004,Shasta Valley,Siskiyou,40,Residential,Single Well,D-LOG,1953-04-02 00:00:00 - 2020-04-10 12:00:00,207,-122.439,41.4719
414719N1224394W001,1788508,1953-04-02T00:00:00Z,2886.3,2885.5,0,7,2879.3,7,6.2,NA,Unknown,Water level accuracy is unknown,1,Department of Water Resources,NA,5167,United States Geological Survey,NA,NA,22364,42N05W20J001M,42N05W20J001M,Digital Elevation Model,Unknown,1-004,Shasta Valley,Siskiyou,40,Residential,Single Well,D-LOG,1953-04-02 00:00:00 - 2020-04-10 12:00:00,207,-122.439,41.4719
