SITE_CODE,WLM_ID,MSMT_DATE,WLM_RPE,WLM_GSE,RDNG_WS,RDNG_RP,WSE,RPE_WSE,GSE_WSE,WLM_QA_DESC,WLM_DESC,WLM_ACC_DESC,WLM_ORG_ID,WLM_ORG_NAME,MSMT_CMT,COOP_AGENCY_ORG_ID,COOP_ORG_NAME,TOP_PRF,BOT_PRF,STN_ID,SWN,WELL_NAME,WLM_METHOD,WLM_ACC,BASIN_CODE,BASIN_NAME,COUNTY_NAME,WELL_DEPTH,WELL_USE,WELL_TYPE,WCR_NO,t_range,n_samples,season,fall_high,fall_low,spring_high,spring_low,water_year,HUC8,WYT,water_year_type,water_year_start,water_year_end,X,Y
415351N1225474W001,2619090,2020-04-10T12:00:00Z,2815.4,2813.4,6.2,66,2755.6,59.8,57.8,NA,Steel tape measurement,Water level accuracy to nearest tenth of a foot,1,Department of Water Resources,NA,1,Department of Water Resources,60,238,22373,43N06W33C001M,43N06W33C001M,Digital Elevation Model,Unknown,1-004,Shasta Valley,Siskiyou,317,Irrigation,Single Well,2081,1973-04-20 00:00:00 - 2020-04-10 12:00:00,98,spring,NA,NA,40.5,68.7,2020,NA,NA,NA,2019-10-01T00:00:00Z,2020-10-01T00:00:00Z,-122.547,41.5351
415351N1225474W001,2480397,2019-10-25T12:00:00Z,2815.4,2813.4,16.7,75,2757.1,58.3,56.3,NA,Steel tape measurement,Water level accuracy to nearest tenth of a foot,1,Department of Water Resources,NA,1,Department of Water Resources,60,238,22373,43N06W33C001M,43N06W33C001M,Digital Elevation Model,Unknown,1-004,Shasta Valley,Siskiyou,317,Irrigation,Single Well,2081,1973-04-20 00:00:00 - 2020-04-10 12:00:00,98,fall,36.4,71.9,NA,NA,2020,NA,NA,NA,2019-10-01T00:00:00Z,2020-10-01T00:00:00Z,-122.547,41.5351
415351N1225474W001,2452854,2019-04-03T12:00:00Z,2815.4,2813.4,NA,NA,NA,NA,NA,Pumping,NA,NA,1,Department of Water Resources,NA,1,Department of Water Resources,60,238,22373,43N06W33C001M,43N06W33C001M,Digital Elevation Model,Unknown,1-004,Shasta Valley,Siskiyou,317,Irrigation,Single Well,2081,1973-04-20 00:00:00 - 2020-04-10 12:00:00,98,spring,NA,NA,40.5,68.7,2019,NA,NA,NA,2018-10-01T00:00:00Z,2019-10-01T00:00:00Z,-122.547,41.5351
415351N1225474W001,2413596,2018-10-23T12:00:00Z,2815.4,2813.4,8.5,70,2753.9,61.5,59.5,NA,Steel tape measurement,Water level accuracy to nearest tenth of a foot,1,Department of Water Resources,NA,1,Department of Water Resources,60,238,22373,43N06W33C001M,43N06W33C001M,Digital Elevation Model,Unknown,1-004,Shasta Valley,Siskiyou,317,Irrigation,Single Well,2081,1973-04-20 00:00:00 - 2020-04-10 12:00:00,98,fall,36.4,71.9,NA,NA,2019,NA,NA,NA,2018-10-01T00:00:00Z,2019-10-01T00:00:00Z,-122.547,41.5351
415351N1225474W001,2286534,2018-03-28T12:00:00Z,2815.4,2813.4,17.8,75,2758.2,57.2,55.2,NA,Steel tape measurement,Water level accuracy to nearest tenth of a foot,1,Department of Water Resources,NA,1,Department of Water Resources,60,238,22373,43N06W33C001M,43N06W33C001M,Digital Elevation Model,Unknown,1-004,Shasta Valley,Siskiyou,317,Irrigation,Single Well,2081,1973-04-20 00:00:00 - 2020-04-10 12:00:00,98,spring,NA,NA,40.5,68.7,2018,18010207,Below Normal,Below Normal,2017-10-01T00:00:00Z,2018-10-01T00:00:00Z,-122.547,41.5351
415351N1225474W001,2266739,2017-10-19T12:00:00Z,2815.4,2813.4,13.8,70,2759.2,56.2,54.2,NA,Steel tape measurement,Water level accuracy to nearest tenth of a foot,1,Department of Water Resources,NA,1,Department of Water Resources,60,238,22373,43N06W33C001M,43N06W33C001M,Digital Elevation Model,Unknown,1-004,Shasta Valley,Siskiyou,317,Irrigation,Single Well,2081,1973-04-20 00:00:00 - 2020-04-10 12:00:00,98,fall,36.4,71.9,NA,NA,2018,18010207,Below Normal,Below Normal,2017-10-01T00:00:00Z,2018-10-01T00:00:00Z,-122.547,41.5351
415351N1225474W001,2241469,2017-03-22T12:00:00Z,2815.4,2813.4,5,70,2750.4,65,63,NA,Steel tape measurement,Water level accuracy to nearest tenth of a foot,1,Department of Water Resources,NA,1,Department of Water Resources,60,238,22373,43N06W33C001M,43N06W33C001M,Digital Elevation Model,Unknown,1-004,Shasta Valley,Siskiyou,317,Irrigation,Single Well,2081,1973-04-20 00:00:00 - 2020-04-10 12:00:00,98,spring,NA,NA,40.5,68.7,2017,18010207,Wet,Wet,2016-10-01T00:00:00Z,2017-10-01T00:00:00Z,-122.547,41.5351
415351N1225474W001,2214930,2016-10-21T12:00:00Z,2815.4,2813.4,14.4,77,2752.8,62.6,60.6,NA,Steel tape measurement,Water level accuracy to nearest tenth of a foot,1,Department of Water Resources,NA,1,Department of Water Resources,60,238,22373,43N06W33C001M,43N06W33C001M,Digital Elevation Model,Unknown,1-004,Shasta Valley,Siskiyou,317,Irrigation,Single Well,2081,1973-04-20 00:00:00 - 2020-04-10 12:00:00,98,fall,36.4,71.9,NA,NA,2017,18010207,Wet,Wet,2016-10-01T00:00:00Z,2017-10-01T00:00:00Z,-122.547,41.5351
415351N1225474W001,2189517,2016-04-06T00:00:00Z,2815.4,2813.4,9.3,80,2744.7,70.7,68.7,NA,Steel tape measurement,Water level accuracy to nearest tenth of a foot,1,Department of Water Resources,NA,1,Department of Water Resources,60,238,22373,43N06W33C001M,43N06W33C001M,Digital Elevation Model,Unknown,1-004,Shasta Valley,Siskiyou,317,Irrigation,Single Well,2081,1973-04-20 00:00:00 - 2020-04-10 12:00:00,98,spring,NA,NA,40.5,68.7,2016,18010207,Wet,Wet,2015-10-01T00:00:00Z,2016-10-01T00:00:00Z,-122.547,41.5351
415351N1225474W001,2165286,2015-10-20T00:00:00Z,2815.4,2813.4,16.1,90,2741.5,73.9,71.9,NA,Steel tape measurement,Water level accuracy to nearest tenth of a foot,1,Department of Water Resources,NA,1,Department of Water Resources,60,238,22373,43N06W33C001M,43N06W33C001M,Digital Elevation Model,Unknown,1-004,Shasta Valley,Siskiyou,317,Irrigation,Single Well,2081,1973-04-20 00:00:00 - 2020-04-10 12:00:00,98,fall,36.4,71.9,NA,NA,2016,18010207,Wet,Wet,2015-10-01T00:00:00Z,2016-10-01T00:00:00Z,-122.547,41.5351
415351N1225474W001,2189781,2015-04-02T00:00:00Z,2815.4,2813.4,25.5,96,2744.9,70.5,68.5,NA,Steel tape measurement,Water level accuracy to nearest tenth of a foot,1,Department of Water Resources,NA,1,Department of Water Resources,60,238,22373,43N06W33C001M,43N06W33C001M,Digital Elevation Model,Unknown,1-004,Shasta Valley,Siskiyou,317,Irrigation,Single Well,2081,1973-04-20 00:00:00 - 2020-04-10 12:00:00,98,spring,NA,NA,40.5,68.7,2015,18010207,Below Normal,Below Normal,2014-10-01T00:00:00Z,2015-10-01T00:00:00Z,-122.547,41.5351
415351N1225474W001,2029958,2014-10-29T00:00:00Z,2815.4,2813.4,14.8,80,2750.2,65.2,63.2,NA,Steel tape measurement,Water level accuracy to nearest tenth of a foot,1,Department of Water Resources,NA,1,Department of Water Resources,60,238,22373,43N06W33C001M,43N06W33C001M,Digital Elevation Model,Unknown,1-004,Shasta Valley,Siskiyou,317,Irrigation,Single Well,2081,1973-04-20 00:00:00 - 2020-04-10 12:00:00,98,fall,36.4,71.9,NA,NA,2015,18010207,Below Normal,Below Normal,2014-10-01T00:00:00Z,2015-10-01T00:00:00Z,-122.547,41.5351
415351N1225474W001,1884044,2014-03-24T00:00:00Z,2815.4,2813.4,1.2,67,2749.6,65.8,63.8,NA,Steel tape measurement,Water level accuracy to nearest tenth of a foot,1,Department of Water Resources,NA,1,Department of Water Resources,60,238,22373,43N06W33C001M,43N06W33C001M,Digital Elevation Model,Unknown,1-004,Shasta Valley,Siskiyou,317,Irrigation,Single Well,2081,1973-04-20 00:00:00 - 2020-04-10 12:00:00,98,spring,NA,NA,40.5,68.7,2014,18010207,Critical,Critical,2013-10-01T00:00:00Z,2014-10-01T00:00:00Z,-122.547,41.5351
415351N1225474W001,1797150,2013-10-24T00:00:00Z,2815.4,2813.4,13.8,80,2749.2,66.2,64.2,NA,Steel tape measurement,Water level accuracy to nearest tenth of a foot,1,Department of Water Resources,NA,1,Department of Water Resources,60,238,22373,43N06W33C001M,43N06W33C001M,Digital Elevation Model,Unknown,1-004,Shasta Valley,Siskiyou,317,Irrigation,Single Well,2081,1973-04-20 00:00:00 - 2020-04-10 12:00:00,98,fall,36.4,71.9,NA,NA,2014,18010207,Critical,Critical,2013-10-01T00:00:00Z,2014-10-01T00:00:00Z,-122.547,41.5351
415351N1225474W001,1684660,2013-03-25T00:00:00Z,2815.37,2813.37,10.5,75,2750.87,64.5,62.5,NA,Steel tape measurement,Water level accuracy to nearest tenth of a foot,1,Department of Water Resources,NA,1,Department of Water Resources,60,238,22373,43N06W33C001M,43N06W33C001M,Digital Elevation Model,Unknown,1-004,Shasta Valley,Siskiyou,317,Irrigation,Single Well,2081,1973-04-20 00:00:00 - 2020-04-10 12:00:00,98,spring,NA,NA,40.5,68.7,2013,18010207,Below Normal,Below Normal,2012-10-01T00:00:00Z,2013-10-01T00:00:00Z,-122.547,41.5351
415351N1225474W001,69691,2012-10-26T00:00:00Z,2815.37,2813.37,8.8,77,2747.17,68.2,66.2,NA,Steel tape measurement,Water level accuracy to nearest tenth of a foot,1,Department of Water Resources,NA,1,Department of Water Resources,60,238,22373,43N06W33C001M,43N06W33C001M,Digital Elevation Model,Unknown,1-004,Shasta Valley,Siskiyou,317,Irrigation,Single Well,2081,1973-04-20 00:00:00 - 2020-04-10 12:00:00,98,fall,36.4,71.9,NA,NA,2013,18010207,Below Normal,Below Normal,2012-10-01T00:00:00Z,2013-10-01T00:00:00Z,-122.547,41.5351
415351N1225474W001,59881,2012-04-18T00:00:00Z,2815.37,2813.37,0,62.85,2752.52,62.85,60.85,NA,Steel tape measurement,Water level accuracy to nearest tenth of a foot,1,Department of Water Resources,NA,1,Department of Water Resources,60,238,22373,43N06W33C001M,43N06W33C001M,Digital Elevation Model,Unknown,1-004,Shasta Valley,Siskiyou,317,Irrigation,Single Well,2081,1973-04-20 00:00:00 - 2020-04-10 12:00:00,98,spring,NA,NA,40.5,68.7,2012,18010207,Below Normal,Below Normal,2011-10-01T00:00:00Z,2012-10-01T00:00:00Z,-122.547,41.5351
415351N1225474W001,39860,2011-10-20T00:00:00Z,2815.37,2813.37,0,64.01,2751.36,64.01,62.01,NA,Electric sounder measurement,Water level accuracy to nearest hundredth of a foot,1,Department of Water Resources,NA,1,Department of Water Resources,60,238,22373,43N06W33C001M,43N06W33C001M,Digital Elevation Model,Unknown,1-004,Shasta Valley,Siskiyou,317,Irrigation,Single Well,2081,1973-04-20 00:00:00 - 2020-04-10 12:00:00,98,fall,36.4,71.9,NA,NA,2012,18010207,Below Normal,Below Normal,2011-10-01T00:00:00Z,2012-10-01T00:00:00Z,-122.547,41.5351
415351N1225474W001,677604,2011-10-20T00:00:00Z,2815.4,2813.4,0,64.01,2751.39,64.01,62.01,NA,Unknown,Water level accuracy is unknown,1,Department of Water Resources,NA,1,Department of Water Resources,60,238,22373,43N06W33C001M,43N06W33C001M,Digital Elevation Model,Unknown,1-004,Shasta Valley,Siskiyou,317,Irrigation,Single Well,2081,1973-04-20 00:00:00 - 2020-04-10 12:00:00,98,fall,36.4,71.9,NA,NA,2012,18010207,Below Normal,Below Normal,2011-10-01T00:00:00Z,2012-10-01T00:00:00Z,-122.547,41.5351
415351N1225474W001,677603,2011-04-21T00:00:00Z,2815.4,2813.4,0,59.5,2755.9,59.5,57.5,NA,Unknown,Water level accuracy is unknown,1,Department of Water Resources,NA,1,Department of Water Resources,60,238,22373,43N06W33C001M,43N06W33C001M,Digital Elevation Model,Unknown,1-004,Shasta Valley,Siskiyou,317,Irrigation,Single Well,2081,1973-04-20 00:00:00 - 2020-04-10 12:00:00,98,spring,NA,NA,40.5,68.7,2011,18010207,Above Normal,Above Normal,2010-10-01T00:00:00Z,2011-10-01T00:00:00Z,-122.547,41.5351
415351N1225474W001,677602,2010-10-26T00:00:00Z,2815.4,2813.4,0,59.2,2756.2,59.2,57.2,NA,Unknown,Water level accuracy is unknown,1,Department of Water Resources,NA,1,Department of Water Resources,60,238,22373,43N06W33C001M,43N06W33C001M,Digital Elevation Model,Unknown,1-004,Shasta Valley,Siskiyou,317,Irrigation,Single Well,2081,1973-04-20 00:00:00 - 2020-04-10 12:00:00,98,fall,36.4,71.9,NA,NA,2011,18010207,Above Normal,Above Normal,2010-10-01T00:00:00Z,2011-10-01T00:00:00Z,-122.547,41.5351
415351N1225474W001,677601,2010-04-05T00:00:00Z,2815.4,2813.4,0,56.7,2758.7,56.7,54.7,NA,Unknown,Water level accuracy is unknown,1,Department of Water Resources,NA,1,Department of Water Resources,60,238,22373,43N06W33C001M,43N06W33C001M,Digital Elevation Model,Unknown,1-004,Shasta Valley,Siskiyou,317,Irrigation,Single Well,2081,1973-04-20 00:00:00 - 2020-04-10 12:00:00,98,spring,NA,NA,40.5,68.7,2010,18010207,Below Normal,Below Normal,2009-10-01T00:00:00Z,2010-10-01T00:00:00Z,-122.547,41.5351
415351N1225474W001,677600,2009-10-29T00:00:00Z,2815.4,2813.4,0,53,2762.4,53,51,NA,Unknown,Water level accuracy is unknown,1,Department of Water Resources,NA,1,Department of Water Resources,60,238,22373,43N06W33C001M,43N06W33C001M,Digital Elevation Model,Unknown,1-004,Shasta Valley,Siskiyou,317,Irrigation,Single Well,2081,1973-04-20 00:00:00 - 2020-04-10 12:00:00,98,fall,36.4,71.9,NA,NA,2010,18010207,Below Normal,Below Normal,2009-10-01T00:00:00Z,2010-10-01T00:00:00Z,-122.547,41.5351
415351N1225474W001,677599,2009-04-06T00:00:00Z,2815.4,2813.4,0,52.1,2763.3,52.1,50.1,NA,Unknown,Water level accuracy is unknown,1,Department of Water Resources,NA,1,Department of Water Resources,60,238,22373,43N06W33C001M,43N06W33C001M,Digital Elevation Model,Unknown,1-004,Shasta Valley,Siskiyou,317,Irrigation,Single Well,2081,1973-04-20 00:00:00 - 2020-04-10 12:00:00,98,spring,NA,NA,40.5,68.7,2009,18010207,Dry,Dry,2008-10-01T00:00:00Z,2009-10-01T00:00:00Z,-122.547,41.5351
415351N1225474W001,677598,2008-10-29T00:00:00Z,2815.4,2813.4,0,48.9,2766.5,48.9,46.9,NA,Unknown,Water level accuracy is unknown,1,Department of Water Resources,NA,1,Department of Water Resources,60,238,22373,43N06W33C001M,43N06W33C001M,Digital Elevation Model,Unknown,1-004,Shasta Valley,Siskiyou,317,Irrigation,Single Well,2081,1973-04-20 00:00:00 - 2020-04-10 12:00:00,98,fall,36.4,71.9,NA,NA,2009,18010207,Dry,Dry,2008-10-01T00:00:00Z,2009-10-01T00:00:00Z,-122.547,41.5351
415351N1225474W001,677597,2008-03-27T00:00:00Z,2815.4,2813.4,0,49.28,2766.12,49.28,47.28,NA,Unknown,Water level accuracy is unknown,1,Department of Water Resources,NA,1,Department of Water Resources,60,238,22373,43N06W33C001M,43N06W33C001M,Digital Elevation Model,Unknown,1-004,Shasta Valley,Siskiyou,317,Irrigation,Single Well,2081,1973-04-20 00:00:00 - 2020-04-10 12:00:00,98,spring,NA,NA,40.5,68.7,2008,18010207,Dry,Dry,2007-10-01T00:00:00Z,2008-10-01T00:00:00Z,-122.547,41.5351
415351N1225474W001,677596,2007-10-23T00:00:00Z,2815.4,2813.4,0,47.3,2768.1,47.3,45.3,NA,Unknown,Water level accuracy is unknown,1,Department of Water Resources,NA,1,Department of Water Resources,60,238,22373,43N06W33C001M,43N06W33C001M,Digital Elevation Model,Unknown,1-004,Shasta Valley,Siskiyou,317,Irrigation,Single Well,2081,1973-04-20 00:00:00 - 2020-04-10 12:00:00,98,fall,36.4,71.9,NA,NA,2008,18010207,Dry,Dry,2007-10-01T00:00:00Z,2008-10-01T00:00:00Z,-122.547,41.5351
415351N1225474W001,677595,2007-03-27T00:00:00Z,2815.4,2813.4,0,44.9,2770.5,44.9,42.9,NA,Unknown,Water level accuracy is unknown,1,Department of Water Resources,NA,1,Department of Water Resources,60,238,22373,43N06W33C001M,43N06W33C001M,Digital Elevation Model,Unknown,1-004,Shasta Valley,Siskiyou,317,Irrigation,Single Well,2081,1973-04-20 00:00:00 - 2020-04-10 12:00:00,98,spring,NA,NA,40.5,68.7,2007,18010207,Below Normal,Below Normal,2006-10-01T00:00:00Z,2007-10-01T00:00:00Z,-122.547,41.5351
415351N1225474W001,677594,2006-10-16T00:00:00Z,2815.4,2813.4,0,47.5,2767.9,47.5,45.5,NA,Unknown,Water level accuracy is unknown,1,Department of Water Resources,NA,1,Department of Water Resources,60,238,22373,43N06W33C001M,43N06W33C001M,Digital Elevation Model,Unknown,1-004,Shasta Valley,Siskiyou,317,Irrigation,Single Well,2081,1973-04-20 00:00:00 - 2020-04-10 12:00:00,98,fall,36.4,71.9,NA,NA,2007,18010207,Below Normal,Below Normal,2006-10-01T00:00:00Z,2007-10-01T00:00:00Z,-122.547,41.5351
415351N1225474W001,677593,2006-04-20T00:00:00Z,2815.4,2813.4,0,51.7,2763.7,51.7,49.7,NA,Unknown,Water level accuracy is unknown,1,Department of Water Resources,NA,1,Department of Water Resources,60,238,22373,43N06W33C001M,43N06W33C001M,Digital Elevation Model,Unknown,1-004,Shasta Valley,Siskiyou,317,Irrigation,Single Well,2081,1973-04-20 00:00:00 - 2020-04-10 12:00:00,98,spring,NA,NA,40.5,68.7,2006,18010207,Wet,Wet,2005-10-01T00:00:00Z,2006-10-01T00:00:00Z,-122.547,41.5351
415351N1225474W001,677592,2005-10-13T00:00:00Z,2815.4,2813.4,0,52.2,2763.2,52.2,50.2,NA,Unknown,Water level accuracy is unknown,1,Department of Water Resources,NA,1,Department of Water Resources,60,238,22373,43N06W33C001M,43N06W33C001M,Digital Elevation Model,Unknown,1-004,Shasta Valley,Siskiyou,317,Irrigation,Single Well,2081,1973-04-20 00:00:00 - 2020-04-10 12:00:00,98,fall,36.4,71.9,NA,NA,2006,18010207,Wet,Wet,2005-10-01T00:00:00Z,2006-10-01T00:00:00Z,-122.547,41.5351
415351N1225474W001,677591,2005-03-30T00:00:00Z,2815.4,2813.4,0,57.4,2758,57.4,55.4,NA,Unknown,Water level accuracy is unknown,1,Department of Water Resources,NA,1,Department of Water Resources,60,238,22373,43N06W33C001M,43N06W33C001M,Digital Elevation Model,Unknown,1-004,Shasta Valley,Siskiyou,317,Irrigation,Single Well,2081,1973-04-20 00:00:00 - 2020-04-10 12:00:00,98,spring,NA,NA,40.5,68.7,2005,18010207,Above Normal,Above Normal,2004-10-01T00:00:00Z,2005-10-01T00:00:00Z,-122.547,41.5351
415351N1225474W001,677590,2004-10-28T00:00:00Z,2815.4,2813.4,0,56.7,2758.7,56.7,54.7,NA,Unknown,Water level accuracy is unknown,1,Department of Water Resources,NA,1,Department of Water Resources,60,238,22373,43N06W33C001M,43N06W33C001M,Digital Elevation Model,Unknown,1-004,Shasta Valley,Siskiyou,317,Irrigation,Single Well,2081,1973-04-20 00:00:00 - 2020-04-10 12:00:00,98,fall,36.4,71.9,NA,NA,2005,18010207,Above Normal,Above Normal,2004-10-01T00:00:00Z,2005-10-01T00:00:00Z,-122.547,41.5351
415351N1225474W001,677589,2004-03-31T00:00:00Z,2815.4,2813.4,0,56,2759.4,56,54,NA,Unknown,Water level accuracy is unknown,1,Department of Water Resources,NA,1,Department of Water Resources,60,238,22373,43N06W33C001M,43N06W33C001M,Digital Elevation Model,Unknown,1-004,Shasta Valley,Siskiyou,317,Irrigation,Single Well,2081,1973-04-20 00:00:00 - 2020-04-10 12:00:00,98,spring,NA,NA,40.5,68.7,2004,18010207,Above Normal,Above Normal,2003-10-01T00:00:00Z,2004-10-01T00:00:00Z,-122.547,41.5351
415351N1225474W001,677588,2003-10-07T00:00:00Z,2815.4,2813.4,0,53.9,2761.5,53.9,51.9,Nearby pump operating,Unknown,Water level accuracy is unknown,1,Department of Water Resources,NA,1,Department of Water Resources,60,238,22373,43N06W33C001M,43N06W33C001M,Digital Elevation Model,Unknown,1-004,Shasta Valley,Siskiyou,317,Irrigation,Single Well,2081,1973-04-20 00:00:00 - 2020-04-10 12:00:00,98,fall,36.4,71.9,NA,NA,2004,18010207,Above Normal,Above Normal,2003-10-01T00:00:00Z,2004-10-01T00:00:00Z,-122.547,41.5351
415351N1225474W001,677587,2003-03-25T00:00:00Z,2815.4,2813.4,0,54,2761.4,54,52,NA,Unknown,Water level accuracy is unknown,1,Department of Water Resources,NA,1,Department of Water Resources,60,238,22373,43N06W33C001M,43N06W33C001M,Digital Elevation Model,Unknown,1-004,Shasta Valley,Siskiyou,317,Irrigation,Single Well,2081,1973-04-20 00:00:00 - 2020-04-10 12:00:00,98,spring,NA,NA,40.5,68.7,2003,18010207,Above Normal,Above Normal,2002-10-01T00:00:00Z,2003-10-01T00:00:00Z,-122.547,41.5351
415351N1225474W001,677586,2002-10-09T00:00:00Z,2815.4,2813.4,0,50.4,2765,50.4,48.4,NA,Unknown,Water level accuracy is unknown,1,Department of Water Resources,NA,1,Department of Water Resources,60,238,22373,43N06W33C001M,43N06W33C001M,Digital Elevation Model,Unknown,1-004,Shasta Valley,Siskiyou,317,Irrigation,Single Well,2081,1973-04-20 00:00:00 - 2020-04-10 12:00:00,98,fall,36.4,71.9,NA,NA,2003,18010207,Above Normal,Above Normal,2002-10-01T00:00:00Z,2003-10-01T00:00:00Z,-122.547,41.5351
415351N1225474W001,677585,2002-03-28T00:00:00Z,2815.4,2813.4,0,53.4,2762,53.4,51.4,NA,Unknown,Water level accuracy is unknown,1,Department of Water Resources,NA,1,Department of Water Resources,60,238,22373,43N06W33C001M,43N06W33C001M,Digital Elevation Model,Unknown,1-004,Shasta Valley,Siskiyou,317,Irrigation,Single Well,2081,1973-04-20 00:00:00 - 2020-04-10 12:00:00,98,spring,NA,NA,40.5,68.7,2002,18010207,Dry,Dry,2001-10-01T00:00:00Z,2002-10-01T00:00:00Z,-122.547,41.5351
415351N1225474W001,677584,2001-10-29T00:00:00Z,2815.4,2813.4,0,51.9,2763.5,51.9,49.9,NA,Unknown,Water level accuracy is unknown,1,Department of Water Resources,NA,1,Department of Water Resources,60,238,22373,43N06W33C001M,43N06W33C001M,Digital Elevation Model,Unknown,1-004,Shasta Valley,Siskiyou,317,Irrigation,Single Well,2081,1973-04-20 00:00:00 - 2020-04-10 12:00:00,98,fall,36.4,71.9,NA,NA,2002,18010207,Dry,Dry,2001-10-01T00:00:00Z,2002-10-01T00:00:00Z,-122.547,41.5351
415351N1225474W001,677583,2001-04-02T00:00:00Z,2815.4,2813.4,0,47.9,2767.5,47.9,45.9,NA,Unknown,Water level accuracy is unknown,1,Department of Water Resources,NA,1,Department of Water Resources,60,238,22373,43N06W33C001M,43N06W33C001M,Digital Elevation Model,Unknown,1-004,Shasta Valley,Siskiyou,317,Irrigation,Single Well,2081,1973-04-20 00:00:00 - 2020-04-10 12:00:00,98,spring,NA,NA,40.5,68.7,2001,18010207,Critical,Critical,2000-10-01T00:00:00Z,2001-10-01T00:00:00Z,-122.547,41.5351
415351N1225474W001,677582,2000-10-09T00:00:00Z,2815.4,2813.4,0,46,2769.4,46,44,NA,Unknown,Water level accuracy is unknown,1,Department of Water Resources,NA,1,Department of Water Resources,60,238,22373,43N06W33C001M,43N06W33C001M,Digital Elevation Model,Unknown,1-004,Shasta Valley,Siskiyou,317,Irrigation,Single Well,2081,1973-04-20 00:00:00 - 2020-04-10 12:00:00,98,fall,36.4,71.9,NA,NA,2001,18010207,Critical,Critical,2000-10-01T00:00:00Z,2001-10-01T00:00:00Z,-122.547,41.5351
415351N1225474W001,677581,2000-03-22T00:00:00Z,2815.4,2813.4,0,42.5,2772.9,42.5,40.5,NA,Unknown,Water level accuracy is unknown,1,Department of Water Resources,NA,1,Department of Water Resources,60,238,22373,43N06W33C001M,43N06W33C001M,Digital Elevation Model,Unknown,1-004,Shasta Valley,Siskiyou,317,Irrigation,Single Well,2081,1973-04-20 00:00:00 - 2020-04-10 12:00:00,98,spring,NA,NA,40.5,68.7,2000,18010207,Above Normal,Above Normal,1999-10-01T00:00:00Z,2000-10-01T00:00:00Z,-122.547,41.5351
415351N1225474W001,677579,1999-10-25T00:00:00Z,2815.4,2813.4,0,38.4,2777,38.4,36.4,NA,Unknown,Water level accuracy is unknown,1,Department of Water Resources,NA,1,Department of Water Resources,60,238,22373,43N06W33C001M,43N06W33C001M,Digital Elevation Model,Unknown,1-004,Shasta Valley,Siskiyou,317,Irrigation,Single Well,2081,1973-04-20 00:00:00 - 2020-04-10 12:00:00,98,fall,36.4,71.9,NA,NA,2000,18010207,Above Normal,Above Normal,1999-10-01T00:00:00Z,2000-10-01T00:00:00Z,-122.547,41.5351
415351N1225474W001,677580,1999-03-15T00:00:00Z,2815.4,2813.4,0,44.5,2770.9,44.5,42.5,NA,Unknown,Water level accuracy is unknown,1,Department of Water Resources,NA,1,Department of Water Resources,60,238,22373,43N06W33C001M,43N06W33C001M,Digital Elevation Model,Unknown,1-004,Shasta Valley,Siskiyou,317,Irrigation,Single Well,2081,1973-04-20 00:00:00 - 2020-04-10 12:00:00,98,spring,NA,NA,40.5,68.7,1999,18010207,Wet,Wet,1998-10-01T00:00:00Z,1999-10-01T00:00:00Z,-122.547,41.5351
415351N1225474W001,677578,1998-10-26T00:00:00Z,2815.4,2813.4,0,45.6,2769.8,45.6,43.6,NA,Unknown,Water level accuracy is unknown,1,Department of Water Resources,NA,1,Department of Water Resources,60,238,22373,43N06W33C001M,43N06W33C001M,Digital Elevation Model,Unknown,1-004,Shasta Valley,Siskiyou,317,Irrigation,Single Well,2081,1973-04-20 00:00:00 - 2020-04-10 12:00:00,98,fall,36.4,71.9,NA,NA,1999,18010207,Wet,Wet,1998-10-01T00:00:00Z,1999-10-01T00:00:00Z,-122.547,41.5351
415351N1225474W001,677577,1998-04-01T00:00:00Z,2815.4,2813.4,0,49,2766.4,49,47,NA,Unknown,Water level accuracy is unknown,1,Department of Water Resources,NA,1,Department of Water Resources,60,238,22373,43N06W33C001M,43N06W33C001M,Digital Elevation Model,Unknown,1-004,Shasta Valley,Siskiyou,317,Irrigation,Single Well,2081,1973-04-20 00:00:00 - 2020-04-10 12:00:00,98,spring,NA,NA,40.5,68.7,1998,18010207,Wet,Wet,1997-10-01T00:00:00Z,1998-10-01T00:00:00Z,-122.547,41.5351
415351N1225474W001,677576,1997-10-23T00:00:00Z,2815.4,2813.4,0,51.7,2763.7,51.7,49.7,NA,Unknown,Water level accuracy is unknown,1,Department of Water Resources,NA,1,Department of Water Resources,60,238,22373,43N06W33C001M,43N06W33C001M,Digital Elevation Model,Unknown,1-004,Shasta Valley,Siskiyou,317,Irrigation,Single Well,2081,1973-04-20 00:00:00 - 2020-04-10 12:00:00,98,fall,36.4,71.9,NA,NA,1998,18010207,Wet,Wet,1997-10-01T00:00:00Z,1998-10-01T00:00:00Z,-122.547,41.5351
415351N1225474W001,677575,1997-03-12T00:00:00Z,2815.4,2813.4,0,56.2,2759.2,56.2,54.2,NA,Unknown,Water level accuracy is unknown,1,Department of Water Resources,NA,1,Department of Water Resources,60,238,22373,43N06W33C001M,43N06W33C001M,Digital Elevation Model,Unknown,1-004,Shasta Valley,Siskiyou,317,Irrigation,Single Well,2081,1973-04-20 00:00:00 - 2020-04-10 12:00:00,98,spring,NA,NA,40.5,68.7,1997,18010207,Wet,Wet,1996-10-01T00:00:00Z,1997-10-01T00:00:00Z,-122.547,41.5351
415351N1225474W001,677574,1996-10-24T00:00:00Z,2815.4,2813.4,0,58.2,2757.2,58.2,56.2,NA,Unknown,Water level accuracy is unknown,1,Department of Water Resources,NA,1,Department of Water Resources,60,238,22373,43N06W33C001M,43N06W33C001M,Digital Elevation Model,Unknown,1-004,Shasta Valley,Siskiyou,317,Irrigation,Single Well,2081,1973-04-20 00:00:00 - 2020-04-10 12:00:00,98,fall,36.4,71.9,NA,NA,1997,18010207,Wet,Wet,1996-10-01T00:00:00Z,1997-10-01T00:00:00Z,-122.547,41.5351
415351N1225474W001,677573,1996-04-13T00:00:00Z,2815.4,2813.4,0,58.9,2756.5,58.9,56.9,NA,Unknown,Water level accuracy is unknown,1,Department of Water Resources,NA,1,Department of Water Resources,60,238,22373,43N06W33C001M,43N06W33C001M,Digital Elevation Model,Unknown,1-004,Shasta Valley,Siskiyou,317,Irrigation,Single Well,2081,1973-04-20 00:00:00 - 2020-04-10 12:00:00,98,spring,NA,NA,40.5,68.7,1996,18010207,Wet,Wet,1995-10-01T00:00:00Z,1996-10-01T00:00:00Z,-122.547,41.5351
415351N1225474W001,677572,1995-10-18T00:00:00Z,2815.4,2813.4,0,58.1,2757.3,58.1,56.1,NA,Unknown,Water level accuracy is unknown,1,Department of Water Resources,NA,1,Department of Water Resources,60,238,22373,43N06W33C001M,43N06W33C001M,Digital Elevation Model,Unknown,1-004,Shasta Valley,Siskiyou,317,Irrigation,Single Well,2081,1973-04-20 00:00:00 - 2020-04-10 12:00:00,98,fall,36.4,71.9,NA,NA,1996,18010207,Wet,Wet,1995-10-01T00:00:00Z,1996-10-01T00:00:00Z,-122.547,41.5351
415351N1225474W001,677571,1995-03-29T00:00:00Z,2815.4,2813.4,0,63.4,2752,63.4,61.4,NA,Unknown,Water level accuracy is unknown,1,Department of Water Resources,NA,1,Department of Water Resources,60,238,22373,43N06W33C001M,43N06W33C001M,Digital Elevation Model,Unknown,1-004,Shasta Valley,Siskiyou,317,Irrigation,Single Well,2081,1973-04-20 00:00:00 - 2020-04-10 12:00:00,98,spring,NA,NA,40.5,68.7,1995,18010207,Wet,Wet,1994-10-01T00:00:00Z,1995-10-01T00:00:00Z,-122.547,41.5351
415351N1225474W001,677570,1994-10-27T00:00:00Z,2815.4,2813.4,0,65,2750.4,65,63,NA,Unknown,Water level accuracy is unknown,1,Department of Water Resources,NA,1,Department of Water Resources,60,238,22373,43N06W33C001M,43N06W33C001M,Digital Elevation Model,Unknown,1-004,Shasta Valley,Siskiyou,317,Irrigation,Single Well,2081,1973-04-20 00:00:00 - 2020-04-10 12:00:00,98,fall,36.4,71.9,NA,NA,1995,18010207,Wet,Wet,1994-10-01T00:00:00Z,1995-10-01T00:00:00Z,-122.547,41.5351
415351N1225474W001,677569,1994-03-31T00:00:00Z,2815.4,2813.4,0,61.9,2753.5,61.9,59.9,Nearby pump operating,Unknown,Water level accuracy is unknown,1,Department of Water Resources,NA,1,Department of Water Resources,60,238,22373,43N06W33C001M,43N06W33C001M,Digital Elevation Model,Unknown,1-004,Shasta Valley,Siskiyou,317,Irrigation,Single Well,2081,1973-04-20 00:00:00 - 2020-04-10 12:00:00,98,spring,NA,NA,40.5,68.7,1994,18010207,Dry,Dry,1993-10-01T00:00:00Z,1994-10-01T00:00:00Z,-122.547,41.5351
415351N1225474W001,677568,1993-10-15T00:00:00Z,2815.4,2813.4,0,60,2755.4,60,58,NA,Unknown,Water level accuracy is unknown,1,Department of Water Resources,NA,1,Department of Water Resources,60,238,22373,43N06W33C001M,43N06W33C001M,Digital Elevation Model,Unknown,1-004,Shasta Valley,Siskiyou,317,Irrigation,Single Well,2081,1973-04-20 00:00:00 - 2020-04-10 12:00:00,98,fall,36.4,71.9,NA,NA,1994,18010207,Dry,Dry,1993-10-01T00:00:00Z,1994-10-01T00:00:00Z,-122.547,41.5351
415351N1225474W001,677567,1993-03-15T00:00:00Z,2815.4,2813.4,0,59.5,2755.9,59.5,57.5,NA,Unknown,Water level accuracy is unknown,1,Department of Water Resources,NA,1,Department of Water Resources,60,238,22373,43N06W33C001M,43N06W33C001M,Digital Elevation Model,Unknown,1-004,Shasta Valley,Siskiyou,317,Irrigation,Single Well,2081,1973-04-20 00:00:00 - 2020-04-10 12:00:00,98,spring,NA,NA,40.5,68.7,1993,18010207,Above Normal,Above Normal,1992-10-01T00:00:00Z,1993-10-01T00:00:00Z,-122.547,41.5351
415351N1225474W001,677566,1992-10-19T00:00:00Z,2815.4,2813.4,0,60.8,2754.6,60.8,58.8,NA,Unknown,Water level accuracy is unknown,1,Department of Water Resources,NA,1,Department of Water Resources,60,238,22373,43N06W33C001M,43N06W33C001M,Digital Elevation Model,Unknown,1-004,Shasta Valley,Siskiyou,317,Irrigation,Single Well,2081,1973-04-20 00:00:00 - 2020-04-10 12:00:00,98,fall,36.4,71.9,NA,NA,1993,18010207,Above Normal,Above Normal,1992-10-01T00:00:00Z,1993-10-01T00:00:00Z,-122.547,41.5351
415351N1225474W001,677565,1992-03-04T00:00:00Z,2815.4,2813.4,0,59.9,2755.5,59.9,57.9,NA,Unknown,Water level accuracy is unknown,1,Department of Water Resources,NA,1,Department of Water Resources,60,238,22373,43N06W33C001M,43N06W33C001M,Digital Elevation Model,Unknown,1-004,Shasta Valley,Siskiyou,317,Irrigation,Single Well,2081,1973-04-20 00:00:00 - 2020-04-10 12:00:00,98,spring,NA,NA,40.5,68.7,1992,18010207,Critical,Critical,1991-10-01T00:00:00Z,1992-10-01T00:00:00Z,-122.547,41.5351
415351N1225474W001,677564,1991-10-02T00:00:00Z,2815.4,2813.4,0,59.3,2756.1,59.3,57.3,NA,Unknown,Water level accuracy is unknown,1,Department of Water Resources,NA,1,Department of Water Resources,60,238,22373,43N06W33C001M,43N06W33C001M,Digital Elevation Model,Unknown,1-004,Shasta Valley,Siskiyou,317,Irrigation,Single Well,2081,1973-04-20 00:00:00 - 2020-04-10 12:00:00,98,fall,36.4,71.9,NA,NA,1992,18010207,Critical,Critical,1991-10-01T00:00:00Z,1992-10-01T00:00:00Z,-122.547,41.5351
415351N1225474W001,677563,1991-03-19T00:00:00Z,2815.4,2813.4,0,61.1,2754.3,61.1,59.1,NA,Unknown,Water level accuracy is unknown,1,Department of Water Resources,NA,1,Department of Water Resources,60,238,22373,43N06W33C001M,43N06W33C001M,Digital Elevation Model,Unknown,1-004,Shasta Valley,Siskiyou,317,Irrigation,Single Well,2081,1973-04-20 00:00:00 - 2020-04-10 12:00:00,98,spring,NA,NA,40.5,68.7,1991,18010207,Critical,Critical,1990-10-01T00:00:00Z,1991-10-01T00:00:00Z,-122.547,41.5351
415351N1225474W001,677562,1990-10-02T00:00:00Z,2815.4,2813.4,0,63.5,2751.9,63.5,61.5,NA,Unknown,Water level accuracy is unknown,1,Department of Water Resources,NA,1,Department of Water Resources,60,238,22373,43N06W33C001M,43N06W33C001M,Digital Elevation Model,Unknown,1-004,Shasta Valley,Siskiyou,317,Irrigation,Single Well,2081,1973-04-20 00:00:00 - 2020-04-10 12:00:00,98,fall,36.4,71.9,NA,NA,1991,18010207,Critical,Critical,1990-10-01T00:00:00Z,1991-10-01T00:00:00Z,-122.547,41.5351
415351N1225474W001,677561,1990-07-31T00:00:00Z,2815.4,2813.4,0,67.4,2748,67.4,65.4,NA,Unknown,Water level accuracy is unknown,1,Department of Water Resources,NA,1,Department of Water Resources,60,238,22373,43N06W33C001M,43N06W33C001M,Digital Elevation Model,Unknown,1-004,Shasta Valley,Siskiyou,317,Irrigation,Single Well,2081,1973-04-20 00:00:00 - 2020-04-10 12:00:00,98,other,NA,NA,NA,NA,1990,18010207,Dry,Dry,1989-10-01T00:00:00Z,1990-10-01T00:00:00Z,-122.547,41.5351
415351N1225474W001,677560,1990-03-22T00:00:00Z,2815.4,2813.4,0,58,2757.4,58,56,NA,Unknown,Water level accuracy is unknown,1,Department of Water Resources,NA,1,Department of Water Resources,60,238,22373,43N06W33C001M,43N06W33C001M,Digital Elevation Model,Unknown,1-004,Shasta Valley,Siskiyou,317,Irrigation,Single Well,2081,1973-04-20 00:00:00 - 2020-04-10 12:00:00,98,spring,NA,NA,40.5,68.7,1990,18010207,Dry,Dry,1989-10-01T00:00:00Z,1990-10-01T00:00:00Z,-122.547,41.5351
415351N1225474W001,677559,1989-10-05T00:00:00Z,2815.4,2813.4,0,57.4,2758,57.4,55.4,NA,Unknown,Water level accuracy is unknown,1,Department of Water Resources,NA,1,Department of Water Resources,60,238,22373,43N06W33C001M,43N06W33C001M,Digital Elevation Model,Unknown,1-004,Shasta Valley,Siskiyou,317,Irrigation,Single Well,2081,1973-04-20 00:00:00 - 2020-04-10 12:00:00,98,fall,36.4,71.9,NA,NA,1990,18010207,Dry,Dry,1989-10-01T00:00:00Z,1990-10-01T00:00:00Z,-122.547,41.5351
415351N1225474W001,677558,1989-03-23T00:00:00Z,2815.4,2813.4,0,58.3,2757.1,58.3,56.3,NA,Unknown,Water level accuracy is unknown,1,Department of Water Resources,NA,1,Department of Water Resources,60,238,22373,43N06W33C001M,43N06W33C001M,Digital Elevation Model,Unknown,1-004,Shasta Valley,Siskiyou,317,Irrigation,Single Well,2081,1973-04-20 00:00:00 - 2020-04-10 12:00:00,98,spring,NA,NA,40.5,68.7,1989,18010207,Below Normal,Below Normal,1988-10-01T00:00:00Z,1989-10-01T00:00:00Z,-122.547,41.5351
415351N1225474W001,677557,1988-10-27T00:00:00Z,2815.4,2813.4,0,58.2,2757.2,58.2,56.2,NA,Unknown,Water level accuracy is unknown,1,Department of Water Resources,NA,1,Department of Water Resources,60,238,22373,43N06W33C001M,43N06W33C001M,Digital Elevation Model,Unknown,1-004,Shasta Valley,Siskiyou,317,Irrigation,Single Well,2081,1973-04-20 00:00:00 - 2020-04-10 12:00:00,98,fall,36.4,71.9,NA,NA,1989,18010207,Below Normal,Below Normal,1988-10-01T00:00:00Z,1989-10-01T00:00:00Z,-122.547,41.5351
415351N1225474W001,677556,1988-03-14T00:00:00Z,2815.4,2813.4,0,56.5,2758.9,56.5,54.5,NA,Unknown,Water level accuracy is unknown,1,Department of Water Resources,NA,1,Department of Water Resources,60,238,22373,43N06W33C001M,43N06W33C001M,Digital Elevation Model,Unknown,1-004,Shasta Valley,Siskiyou,317,Irrigation,Single Well,2081,1973-04-20 00:00:00 - 2020-04-10 12:00:00,98,spring,NA,NA,40.5,68.7,1988,18010207,Critical,Critical,1987-10-01T00:00:00Z,1988-10-01T00:00:00Z,-122.547,41.5351
415351N1225474W001,677555,1987-10-21T00:00:00Z,2815.4,2813.4,0,56.6,2758.8,56.6,54.6,NA,Unknown,Water level accuracy is unknown,1,Department of Water Resources,NA,1,Department of Water Resources,60,238,22373,43N06W33C001M,43N06W33C001M,Digital Elevation Model,Unknown,1-004,Shasta Valley,Siskiyou,317,Irrigation,Single Well,2081,1973-04-20 00:00:00 - 2020-04-10 12:00:00,98,fall,36.4,71.9,NA,NA,1988,18010207,Critical,Critical,1987-10-01T00:00:00Z,1988-10-01T00:00:00Z,-122.547,41.5351
415351N1225474W001,677554,1987-04-22T00:00:00Z,2815.4,2813.4,NA,NA,NA,NA,NA,Pumping,NA,NA,1,Department of Water Resources,NA,1,Department of Water Resources,60,238,22373,43N06W33C001M,43N06W33C001M,Digital Elevation Model,Unknown,1-004,Shasta Valley,Siskiyou,317,Irrigation,Single Well,2081,1973-04-20 00:00:00 - 2020-04-10 12:00:00,98,spring,NA,NA,40.5,68.7,1987,18010207,Critical,Critical,1986-10-01T00:00:00Z,1987-10-01T00:00:00Z,-122.547,41.5351
415351N1225474W001,677553,1986-09-24T00:00:00Z,2815.4,2813.4,0,53.4,2762,53.4,51.4,NA,Unknown,Water level accuracy is unknown,1,Department of Water Resources,NA,1,Department of Water Resources,60,238,22373,43N06W33C001M,43N06W33C001M,Digital Elevation Model,Unknown,1-004,Shasta Valley,Siskiyou,317,Irrigation,Single Well,2081,1973-04-20 00:00:00 - 2020-04-10 12:00:00,98,fall,36.4,71.9,NA,NA,1986,18010207,Above Normal,Above Normal,1985-10-01T00:00:00Z,1986-10-01T00:00:00Z,-122.547,41.5351
415351N1225474W001,677552,1986-03-25T00:00:00Z,2815.4,2813.4,0,54,2761.4,54,52,NA,Unknown,Water level accuracy is unknown,1,Department of Water Resources,NA,1,Department of Water Resources,60,238,22373,43N06W33C001M,43N06W33C001M,Digital Elevation Model,Unknown,1-004,Shasta Valley,Siskiyou,317,Irrigation,Single Well,2081,1973-04-20 00:00:00 - 2020-04-10 12:00:00,98,spring,NA,NA,40.5,68.7,1986,18010207,Above Normal,Above Normal,1985-10-01T00:00:00Z,1986-10-01T00:00:00Z,-122.547,41.5351
415351N1225474W001,677551,1985-09-23T00:00:00Z,2815.4,2813.4,0,54.6,2760.8,54.6,52.6,NA,Unknown,Water level accuracy is unknown,1,Department of Water Resources,NA,1,Department of Water Resources,60,238,22373,43N06W33C001M,43N06W33C001M,Digital Elevation Model,Unknown,1-004,Shasta Valley,Siskiyou,317,Irrigation,Single Well,2081,1973-04-20 00:00:00 - 2020-04-10 12:00:00,98,fall,36.4,71.9,NA,NA,1985,18010207,Dry,Dry,1984-10-01T00:00:00Z,1985-10-01T00:00:00Z,-122.547,41.5351
415351N1225474W001,677550,1985-03-14T00:00:00Z,2815.4,2813.4,0,48.5,2766.9,48.5,46.5,NA,Unknown,Water level accuracy is unknown,1,Department of Water Resources,NA,1,Department of Water Resources,60,238,22373,43N06W33C001M,43N06W33C001M,Digital Elevation Model,Unknown,1-004,Shasta Valley,Siskiyou,317,Irrigation,Single Well,2081,1973-04-20 00:00:00 - 2020-04-10 12:00:00,98,spring,NA,NA,40.5,68.7,1985,18010207,Dry,Dry,1984-10-01T00:00:00Z,1985-10-01T00:00:00Z,-122.547,41.5351
415351N1225474W001,677549,1984-10-30T00:00:00Z,2815.4,2813.4,0,49,2766.4,49,47,NA,Unknown,Water level accuracy is unknown,1,Department of Water Resources,NA,1,Department of Water Resources,60,238,22373,43N06W33C001M,43N06W33C001M,Digital Elevation Model,Unknown,1-004,Shasta Valley,Siskiyou,317,Irrigation,Single Well,2081,1973-04-20 00:00:00 - 2020-04-10 12:00:00,98,fall,36.4,71.9,NA,NA,1985,18010207,Dry,Dry,1984-10-01T00:00:00Z,1985-10-01T00:00:00Z,-122.547,41.5351
415351N1225474W001,677548,1984-03-23T00:00:00Z,2815.4,2813.4,0,43.9,2771.5,43.9,41.9,NA,Unknown,Water level accuracy is unknown,1,Department of Water Resources,NA,1,Department of Water Resources,60,238,22373,43N06W33C001M,43N06W33C001M,Digital Elevation Model,Unknown,1-004,Shasta Valley,Siskiyou,317,Irrigation,Single Well,2081,1973-04-20 00:00:00 - 2020-04-10 12:00:00,98,spring,NA,NA,40.5,68.7,1984,18010207,Wet,Wet,1983-10-01T00:00:00Z,1984-10-01T00:00:00Z,-122.547,41.5351
415351N1225474W001,677547,1983-10-24T00:00:00Z,2815.4,2813.4,0,43.7,2771.7,43.7,41.7,NA,Unknown,Water level accuracy is unknown,1,Department of Water Resources,NA,1,Department of Water Resources,60,238,22373,43N06W33C001M,43N06W33C001M,Digital Elevation Model,Unknown,1-004,Shasta Valley,Siskiyou,317,Irrigation,Single Well,2081,1973-04-20 00:00:00 - 2020-04-10 12:00:00,98,fall,36.4,71.9,NA,NA,1984,18010207,Wet,Wet,1983-10-01T00:00:00Z,1984-10-01T00:00:00Z,-122.547,41.5351
415351N1225474W001,677546,1983-04-11T00:00:00Z,2815.4,2813.4,0,47.1,2768.3,47.1,45.1,NA,Unknown,Water level accuracy is unknown,1,Department of Water Resources,NA,1,Department of Water Resources,60,238,22373,43N06W33C001M,43N06W33C001M,Digital Elevation Model,Unknown,1-004,Shasta Valley,Siskiyou,317,Irrigation,Single Well,2081,1973-04-20 00:00:00 - 2020-04-10 12:00:00,98,spring,NA,NA,40.5,68.7,1983,18010207,Wet,Wet,1982-10-01T00:00:00Z,1983-10-01T00:00:00Z,-122.547,41.5351
415351N1225474W001,677545,1982-10-13T00:00:00Z,2815.4,2813.4,0,48.9,2766.5,48.9,46.9,NA,Unknown,Water level accuracy is unknown,1,Department of Water Resources,NA,1,Department of Water Resources,60,238,22373,43N06W33C001M,43N06W33C001M,Digital Elevation Model,Unknown,1-004,Shasta Valley,Siskiyou,317,Irrigation,Single Well,2081,1973-04-20 00:00:00 - 2020-04-10 12:00:00,98,fall,36.4,71.9,NA,NA,1983,18010207,Wet,Wet,1982-10-01T00:00:00Z,1983-10-01T00:00:00Z,-122.547,41.5351
415351N1225474W001,677544,1982-04-20T00:00:00Z,2815.4,2813.4,0,56,2759.4,56,54,NA,Unknown,Water level accuracy is unknown,1,Department of Water Resources,NA,1,Department of Water Resources,60,238,22373,43N06W33C001M,43N06W33C001M,Digital Elevation Model,Unknown,1-004,Shasta Valley,Siskiyou,317,Irrigation,Single Well,2081,1973-04-20 00:00:00 - 2020-04-10 12:00:00,98,spring,NA,NA,40.5,68.7,1982,18010207,Wet,Wet,1981-10-01T00:00:00Z,1982-10-01T00:00:00Z,-122.547,41.5351
415351N1225474W001,677543,1981-10-09T00:00:00Z,2815.4,2813.4,0,58.2,2757.2,58.2,56.2,NA,Unknown,Water level accuracy is unknown,1,Department of Water Resources,NA,1,Department of Water Resources,60,238,22373,43N06W33C001M,43N06W33C001M,Digital Elevation Model,Unknown,1-004,Shasta Valley,Siskiyou,317,Irrigation,Single Well,2081,1973-04-20 00:00:00 - 2020-04-10 12:00:00,98,fall,36.4,71.9,NA,NA,1982,18010207,Wet,Wet,1981-10-01T00:00:00Z,1982-10-01T00:00:00Z,-122.547,41.5351
415351N1225474W001,677542,1981-03-28T00:00:00Z,2815.4,2813.4,0,55.8,2759.6,55.8,53.8,NA,Unknown,Water level accuracy is unknown,1,Department of Water Resources,NA,1,Department of Water Resources,60,238,22373,43N06W33C001M,43N06W33C001M,Digital Elevation Model,Unknown,1-004,Shasta Valley,Siskiyou,317,Irrigation,Single Well,2081,1973-04-20 00:00:00 - 2020-04-10 12:00:00,98,spring,NA,NA,40.5,68.7,1981,18010207,Dry,Dry,1980-10-01T00:00:00Z,1981-10-01T00:00:00Z,-122.547,41.5351
415351N1225474W001,677541,1980-10-01T00:00:00Z,2815.4,2813.4,0,57.9,2757.5,57.9,55.9,NA,Unknown,Water level accuracy is unknown,1,Department of Water Resources,NA,1,Department of Water Resources,60,238,22373,43N06W33C001M,43N06W33C001M,Digital Elevation Model,Unknown,1-004,Shasta Valley,Siskiyou,317,Irrigation,Single Well,2081,1973-04-20 00:00:00 - 2020-04-10 12:00:00,98,fall,36.4,71.9,NA,NA,1981,18010207,Dry,Dry,1980-10-01T00:00:00Z,1981-10-01T00:00:00Z,-122.547,41.5351
415351N1225474W001,677540,1980-03-27T00:00:00Z,2815.4,2813.4,0,55,2760.4,55,53,NA,Unknown,Water level accuracy is unknown,1,Department of Water Resources,NA,1,Department of Water Resources,60,238,22373,43N06W33C001M,43N06W33C001M,Digital Elevation Model,Unknown,1-004,Shasta Valley,Siskiyou,317,Irrigation,Single Well,2081,1973-04-20 00:00:00 - 2020-04-10 12:00:00,98,spring,NA,NA,40.5,68.7,1980,18010207,Below Normal,Below Normal,1979-10-01T00:00:00Z,1980-10-01T00:00:00Z,-122.547,41.5351
415351N1225474W001,677539,1979-11-01T00:00:00Z,2815.4,2813.4,0,54.8,2760.6,54.8,52.8,NA,Unknown,Water level accuracy is unknown,1,Department of Water Resources,NA,1,Department of Water Resources,60,238,22373,43N06W33C001M,43N06W33C001M,Digital Elevation Model,Unknown,1-004,Shasta Valley,Siskiyou,317,Irrigation,Single Well,2081,1973-04-20 00:00:00 - 2020-04-10 12:00:00,98,fall,36.4,71.9,NA,NA,1980,18010207,Below Normal,Below Normal,1979-10-01T00:00:00Z,1980-10-01T00:00:00Z,-122.547,41.5351
415351N1225474W001,677538,1979-04-04T00:00:00Z,2815.4,2813.4,0,52.8,2762.6,52.8,50.8,NA,Unknown,Water level accuracy is unknown,1,Department of Water Resources,NA,1,Department of Water Resources,60,238,22373,43N06W33C001M,43N06W33C001M,Digital Elevation Model,Unknown,1-004,Shasta Valley,Siskiyou,317,Irrigation,Single Well,2081,1973-04-20 00:00:00 - 2020-04-10 12:00:00,98,spring,NA,NA,40.5,68.7,1979,18010207,Dry,Dry,1978-10-01T00:00:00Z,1979-10-01T00:00:00Z,-122.547,41.5351
415351N1225474W001,677537,1978-10-27T00:00:00Z,2815.4,2813.4,0,51,2764.4,51,49,NA,Unknown,Water level accuracy is unknown,1,Department of Water Resources,NA,1,Department of Water Resources,60,238,22373,43N06W33C001M,43N06W33C001M,Digital Elevation Model,Unknown,1-004,Shasta Valley,Siskiyou,317,Irrigation,Single Well,2081,1973-04-20 00:00:00 - 2020-04-10 12:00:00,98,fall,36.4,71.9,NA,NA,1979,18010207,Dry,Dry,1978-10-01T00:00:00Z,1979-10-01T00:00:00Z,-122.547,41.5351
415351N1225474W001,677536,1978-03-30T00:00:00Z,2815.4,2813.4,0,53.8,2761.6,53.8,51.8,NA,Unknown,Water level accuracy is unknown,1,Department of Water Resources,NA,1,Department of Water Resources,60,238,22373,43N06W33C001M,43N06W33C001M,Digital Elevation Model,Unknown,1-004,Shasta Valley,Siskiyou,317,Irrigation,Single Well,2081,1973-04-20 00:00:00 - 2020-04-10 12:00:00,98,spring,NA,NA,40.5,68.7,1978,18010207,Wet,Wet,1977-10-01T00:00:00Z,1978-10-01T00:00:00Z,-122.547,41.5351
415351N1225474W001,677535,1977-10-19T00:00:00Z,2815.4,2813.4,0,55.9,2759.5,55.9,53.9,NA,Unknown,Water level accuracy is unknown,1,Department of Water Resources,NA,1,Department of Water Resources,60,238,22373,43N06W33C001M,43N06W33C001M,Digital Elevation Model,Unknown,1-004,Shasta Valley,Siskiyou,317,Irrigation,Single Well,2081,1973-04-20 00:00:00 - 2020-04-10 12:00:00,98,fall,36.4,71.9,NA,NA,1978,18010207,Wet,Wet,1977-10-01T00:00:00Z,1978-10-01T00:00:00Z,-122.547,41.5351
415351N1225474W001,677534,1977-03-30T00:00:00Z,2815.4,2813.4,0,49.5,2765.9,49.5,47.5,NA,Unknown,Water level accuracy is unknown,1,Department of Water Resources,NA,1,Department of Water Resources,60,238,22373,43N06W33C001M,43N06W33C001M,Digital Elevation Model,Unknown,1-004,Shasta Valley,Siskiyou,317,Irrigation,Single Well,2081,1973-04-20 00:00:00 - 2020-04-10 12:00:00,98,spring,NA,NA,40.5,68.7,1977,18010207,Critical,Critical,1976-10-01T00:00:00Z,1977-10-01T00:00:00Z,-122.547,41.5351
415351N1225474W001,677533,1976-11-02T00:00:00Z,2815.4,2813.4,0,49,2766.4,49,47,NA,Unknown,Water level accuracy is unknown,1,Department of Water Resources,NA,1,Department of Water Resources,60,238,22373,43N06W33C001M,43N06W33C001M,Digital Elevation Model,Unknown,1-004,Shasta Valley,Siskiyou,317,Irrigation,Single Well,2081,1973-04-20 00:00:00 - 2020-04-10 12:00:00,98,fall,36.4,71.9,NA,NA,1977,18010207,Critical,Critical,1976-10-01T00:00:00Z,1977-10-01T00:00:00Z,-122.547,41.5351
415351N1225474W001,677532,1976-03-17T00:00:00Z,2815.4,2813.4,0,45.2,2770.2,45.2,43.2,NA,Unknown,Water level accuracy is unknown,1,Department of Water Resources,NA,1,Department of Water Resources,60,238,22373,43N06W33C001M,43N06W33C001M,Digital Elevation Model,Unknown,1-004,Shasta Valley,Siskiyou,317,Irrigation,Single Well,2081,1973-04-20 00:00:00 - 2020-04-10 12:00:00,98,spring,NA,NA,40.5,68.7,1976,18010207,Dry,Dry,1975-10-01T00:00:00Z,1976-10-01T00:00:00Z,-122.547,41.5351
415351N1225474W001,677531,1976-02-11T00:00:00Z,2815.4,2813.4,0,44.6,2770.8,44.6,42.6,NA,Unknown,Water level accuracy is unknown,1,Department of Water Resources,NA,1,Department of Water Resources,60,238,22373,43N06W33C001M,43N06W33C001M,Digital Elevation Model,Unknown,1-004,Shasta Valley,Siskiyou,317,Irrigation,Single Well,2081,1973-04-20 00:00:00 - 2020-04-10 12:00:00,98,other,NA,NA,NA,NA,1976,18010207,Dry,Dry,1975-10-01T00:00:00Z,1976-10-01T00:00:00Z,-122.547,41.5351
415351N1225474W001,677530,1975-11-04T00:00:00Z,2815.4,2813.4,0,45.5,2769.9,45.5,43.5,NA,Unknown,Water level accuracy is unknown,1,Department of Water Resources,NA,1,Department of Water Resources,60,238,22373,43N06W33C001M,43N06W33C001M,Digital Elevation Model,Unknown,1-004,Shasta Valley,Siskiyou,317,Irrigation,Single Well,2081,1973-04-20 00:00:00 - 2020-04-10 12:00:00,98,fall,36.4,71.9,NA,NA,1976,18010207,Dry,Dry,1975-10-01T00:00:00Z,1976-10-01T00:00:00Z,-122.547,41.5351
415351N1225474W001,677529,1975-04-18T00:00:00Z,2815.4,2813.4,0,44.8,2770.6,44.8,42.8,NA,Unknown,Water level accuracy is unknown,1,Department of Water Resources,NA,1,Department of Water Resources,60,238,22373,43N06W33C001M,43N06W33C001M,Digital Elevation Model,Unknown,1-004,Shasta Valley,Siskiyou,317,Irrigation,Single Well,2081,1973-04-20 00:00:00 - 2020-04-10 12:00:00,98,spring,NA,NA,40.5,68.7,1975,18010207,Wet,Wet,1974-10-01T00:00:00Z,1975-10-01T00:00:00Z,-122.547,41.5351
415351N1225474W001,677528,1974-10-15T00:00:00Z,2815.4,2813.4,0,47,2768.4,47,45,NA,Unknown,Water level accuracy is unknown,1,Department of Water Resources,NA,1,Department of Water Resources,60,238,22373,43N06W33C001M,43N06W33C001M,Digital Elevation Model,Unknown,1-004,Shasta Valley,Siskiyou,317,Irrigation,Single Well,2081,1973-04-20 00:00:00 - 2020-04-10 12:00:00,98,fall,36.4,71.9,NA,NA,1975,18010207,Wet,Wet,1974-10-01T00:00:00Z,1975-10-01T00:00:00Z,-122.547,41.5351
415351N1225474W001,677527,1974-04-10T00:00:00Z,2815.4,2813.4,0,51.6,2763.8,51.6,49.6,NA,Unknown,Water level accuracy is unknown,1,Department of Water Resources,NA,1,Department of Water Resources,60,238,22373,43N06W33C001M,43N06W33C001M,Digital Elevation Model,Unknown,1-004,Shasta Valley,Siskiyou,317,Irrigation,Single Well,2081,1973-04-20 00:00:00 - 2020-04-10 12:00:00,98,spring,NA,NA,40.5,68.7,1974,18010207,Wet,Wet,1973-10-01T00:00:00Z,1974-10-01T00:00:00Z,-122.547,41.5351
415351N1225474W001,677526,1973-10-09T00:00:00Z,2815.4,2813.4,0,53.2,2762.2,53.2,51.2,NA,Unknown,Water level accuracy is unknown,1,Department of Water Resources,NA,1,Department of Water Resources,60,238,22373,43N06W33C001M,43N06W33C001M,Digital Elevation Model,Unknown,1-004,Shasta Valley,Siskiyou,317,Irrigation,Single Well,2081,1973-04-20 00:00:00 - 2020-04-10 12:00:00,98,fall,36.4,71.9,NA,NA,1974,18010207,Wet,Wet,1973-10-01T00:00:00Z,1974-10-01T00:00:00Z,-122.547,41.5351
415351N1225474W001,677525,1973-04-20T00:00:00Z,2815.4,2813.4,0,50.5,2764.9,50.5,48.5,NA,Unknown,Water level accuracy is unknown,1,Department of Water Resources,NA,1,Department of Water Resources,60,238,22373,43N06W33C001M,43N06W33C001M,Digital Elevation Model,Unknown,1-004,Shasta Valley,Siskiyou,317,Irrigation,Single Well,2081,1973-04-20 00:00:00 - 2020-04-10 12:00:00,98,spring,NA,NA,40.5,68.7,1973,18010207,Critical,Critical,1972-10-01T00:00:00Z,1973-10-01T00:00:00Z,-122.547,41.5351
