SITE_CODE,WLM_ID,MSMT_DATE,WLM_RPE,WLM_GSE,RDNG_WS,RDNG_RP,WSE,RPE_WSE,GSE_WSE,WLM_QA_DESC,WLM_DESC,WLM_ACC_DESC,WLM_ORG_ID,WLM_ORG_NAME,MSMT_CMT,COOP_AGENCY_ORG_ID,COOP_ORG_NAME,TOP_PRF,BOT_PRF,STN_ID,SWN,WELL_NAME,WLM_METHOD,WLM_ACC,BASIN_CODE,BASIN_NAME,COUNTY_NAME,WELL_DEPTH,WELL_USE,WELL_TYPE,WCR_NO,t_range,n_samples,season,fall_high,fall_low,spring_high,spring_low,water_year,HUC8,WYT,water_year_type,water_year_start,water_year_end,X,Y
415324N1223676W001,677524,2011-04-21T00:00:00Z,2867.21,2864.41,NA,NA,NA,NA,NA,Measurement Discontinued,NA,NA,1,Department of Water Resources,NA,1,Department of Water Resources,NA,NA,37195,43N05W36G001M,36G001M,Unknown,Unknown,1-004,Shasta Valley,Siskiyou,322,Residential,Single Well,42753,1990-09-04 - 2011-04-21,43,spring,NA,NA,79.2,95.7,2011,18010207,Above Normal,Above Normal,2010-10-01T00:00:00Z,2011-10-01T00:00:00Z,-122.368,41.5324
415324N1223676W001,677523,2010-10-26T00:00:00Z,2867.21,2864.41,NA,NA,NA,NA,NA,Measurement Discontinued,NA,NA,1,Department of Water Resources,NA,1,Department of Water Resources,NA,NA,37195,43N05W36G001M,36G001M,Unknown,Unknown,1-004,Shasta Valley,Siskiyou,322,Residential,Single Well,42753,1990-09-04 - 2011-04-21,43,fall,81.1,100.1,NA,NA,2011,18010207,Above Normal,Above Normal,2010-10-01T00:00:00Z,2011-10-01T00:00:00Z,-122.368,41.5324
415324N1223676W001,677522,2010-04-01T00:00:00Z,2867.21,2864.41,NA,NA,NA,NA,NA,Measurement Discontinued,NA,NA,1,Department of Water Resources,NA,1,Department of Water Resources,NA,NA,37195,43N05W36G001M,36G001M,Unknown,Unknown,1-004,Shasta Valley,Siskiyou,322,Residential,Single Well,42753,1990-09-04 - 2011-04-21,43,spring,NA,NA,79.2,95.7,2010,18010207,Below Normal,Below Normal,2009-10-01T00:00:00Z,2010-10-01T00:00:00Z,-122.368,41.5324
415324N1223676W001,677521,2009-10-29T00:00:00Z,2867.21,2864.41,NA,NA,NA,NA,NA,Measurement Discontinued,NA,NA,1,Department of Water Resources,NA,1,Department of Water Resources,NA,NA,37195,43N05W36G001M,36G001M,Unknown,Unknown,1-004,Shasta Valley,Siskiyou,322,Residential,Single Well,42753,1990-09-04 - 2011-04-21,43,fall,81.1,100.1,NA,NA,2010,18010207,Below Normal,Below Normal,2009-10-01T00:00:00Z,2010-10-01T00:00:00Z,-122.368,41.5324
415324N1223676W001,677520,2009-04-08T00:00:00Z,2867.21,2864.41,NA,NA,NA,NA,NA,Pump house locked,NA,NA,1,Department of Water Resources,NA,1,Department of Water Resources,NA,NA,37195,43N05W36G001M,36G001M,Unknown,Unknown,1-004,Shasta Valley,Siskiyou,322,Residential,Single Well,42753,1990-09-04 - 2011-04-21,43,spring,NA,NA,79.2,95.7,2009,18010207,Dry,Dry,2008-10-01T00:00:00Z,2009-10-01T00:00:00Z,-122.368,41.5324
415324N1223676W001,677519,2008-10-29T00:00:00Z,2867.21,2864.41,NA,NA,NA,NA,NA,Pump house locked,NA,NA,1,Department of Water Resources,NA,1,Department of Water Resources,NA,NA,37195,43N05W36G001M,36G001M,Unknown,Unknown,1-004,Shasta Valley,Siskiyou,322,Residential,Single Well,42753,1990-09-04 - 2011-04-21,43,fall,81.1,100.1,NA,NA,2009,18010207,Dry,Dry,2008-10-01T00:00:00Z,2009-10-01T00:00:00Z,-122.368,41.5324
415324N1223676W001,677518,2008-03-28T00:00:00Z,2867.21,2864.41,NA,NA,NA,NA,NA,Pump house locked,NA,NA,1,Department of Water Resources,NA,1,Department of Water Resources,NA,NA,37195,43N05W36G001M,36G001M,Unknown,Unknown,1-004,Shasta Valley,Siskiyou,322,Residential,Single Well,42753,1990-09-04 - 2011-04-21,43,spring,NA,NA,79.2,95.7,2008,18010207,Dry,Dry,2007-10-01T00:00:00Z,2008-10-01T00:00:00Z,-122.368,41.5324
415324N1223676W001,677517,2007-10-24T00:00:00Z,2867.21,2864.41,NA,NA,NA,NA,NA,Pumping,NA,NA,1,Department of Water Resources,NA,1,Department of Water Resources,NA,NA,37195,43N05W36G001M,36G001M,Unknown,Unknown,1-004,Shasta Valley,Siskiyou,322,Residential,Single Well,42753,1990-09-04 - 2011-04-21,43,fall,81.1,100.1,NA,NA,2008,18010207,Dry,Dry,2007-10-01T00:00:00Z,2008-10-01T00:00:00Z,-122.368,41.5324
415324N1223676W001,677516,2007-03-28T00:00:00Z,2867.21,2864.41,0,85.9,2781.31,85.9,83.1,NA,Unknown,Water level accuracy is unknown,1,Department of Water Resources,NA,1,Department of Water Resources,NA,NA,37195,43N05W36G001M,36G001M,Unknown,Unknown,1-004,Shasta Valley,Siskiyou,322,Residential,Single Well,42753,1990-09-04 - 2011-04-21,43,spring,NA,NA,79.2,95.7,2007,18010207,Below Normal,Below Normal,2006-10-01T00:00:00Z,2007-10-01T00:00:00Z,-122.368,41.5324
415324N1223676W001,677515,2006-10-19T00:00:00Z,2867.21,2864.41,NA,NA,NA,NA,NA,Pumping,NA,NA,1,Department of Water Resources,NA,1,Department of Water Resources,NA,NA,37195,43N05W36G001M,36G001M,Unknown,Unknown,1-004,Shasta Valley,Siskiyou,322,Residential,Single Well,42753,1990-09-04 - 2011-04-21,43,fall,81.1,100.1,NA,NA,2007,18010207,Below Normal,Below Normal,2006-10-01T00:00:00Z,2007-10-01T00:00:00Z,-122.368,41.5324
415324N1223676W001,677514,2006-04-20T00:00:00Z,2867.21,2864.41,NA,NA,NA,NA,NA,Temporarily inaccessible,NA,NA,1,Department of Water Resources,NA,1,Department of Water Resources,NA,NA,37195,43N05W36G001M,36G001M,Unknown,Unknown,1-004,Shasta Valley,Siskiyou,322,Residential,Single Well,42753,1990-09-04 - 2011-04-21,43,spring,NA,NA,79.2,95.7,2006,18010207,Wet,Wet,2005-10-01T00:00:00Z,2006-10-01T00:00:00Z,-122.368,41.5324
415324N1223676W001,677513,2005-10-13T00:00:00Z,2867.21,2864.41,0,90.1,2777.11,90.1,87.3,Pumping,Unknown,Water level accuracy is unknown,1,Department of Water Resources,NA,1,Department of Water Resources,NA,NA,37195,43N05W36G001M,36G001M,Unknown,Unknown,1-004,Shasta Valley,Siskiyou,322,Residential,Single Well,42753,1990-09-04 - 2011-04-21,43,fall,81.1,100.1,NA,NA,2006,18010207,Wet,Wet,2005-10-01T00:00:00Z,2006-10-01T00:00:00Z,-122.368,41.5324
415324N1223676W001,677512,2005-03-29T00:00:00Z,2867.21,2864.41,0,88.7,2778.51,88.7,85.9,NA,Unknown,Water level accuracy is unknown,1,Department of Water Resources,NA,1,Department of Water Resources,NA,NA,37195,43N05W36G001M,36G001M,Unknown,Unknown,1-004,Shasta Valley,Siskiyou,322,Residential,Single Well,42753,1990-09-04 - 2011-04-21,43,spring,NA,NA,79.2,95.7,2005,18010207,Above Normal,Above Normal,2004-10-01T00:00:00Z,2005-10-01T00:00:00Z,-122.368,41.5324
415324N1223676W001,677511,2004-10-29T00:00:00Z,2867.21,2864.41,0,90.1,2777.11,90.1,87.3,NA,Unknown,Water level accuracy is unknown,1,Department of Water Resources,NA,1,Department of Water Resources,NA,NA,37195,43N05W36G001M,36G001M,Unknown,Unknown,1-004,Shasta Valley,Siskiyou,322,Residential,Single Well,42753,1990-09-04 - 2011-04-21,43,fall,81.1,100.1,NA,NA,2005,18010207,Above Normal,Above Normal,2004-10-01T00:00:00Z,2005-10-01T00:00:00Z,-122.368,41.5324
415324N1223676W001,677510,2004-03-31T00:00:00Z,2867.21,2864.41,0,86.1,2781.11,86.1,83.3,NA,Unknown,Water level accuracy is unknown,1,Department of Water Resources,NA,1,Department of Water Resources,NA,NA,37195,43N05W36G001M,36G001M,Unknown,Unknown,1-004,Shasta Valley,Siskiyou,322,Residential,Single Well,42753,1990-09-04 - 2011-04-21,43,spring,NA,NA,79.2,95.7,2004,18010207,Above Normal,Above Normal,2003-10-01T00:00:00Z,2004-10-01T00:00:00Z,-122.368,41.5324
415324N1223676W001,677509,2003-10-07T00:00:00Z,2867.21,2864.41,0,89,2778.21,89,86.2,Pumping,Unknown,Water level accuracy is unknown,1,Department of Water Resources,NA,1,Department of Water Resources,NA,NA,37195,43N05W36G001M,36G001M,Unknown,Unknown,1-004,Shasta Valley,Siskiyou,322,Residential,Single Well,42753,1990-09-04 - 2011-04-21,43,fall,81.1,100.1,NA,NA,2004,18010207,Above Normal,Above Normal,2003-10-01T00:00:00Z,2004-10-01T00:00:00Z,-122.368,41.5324
415324N1223676W001,677508,2003-03-24T00:00:00Z,2867.21,2864.41,0,90,2777.21,90,87.2,NA,Unknown,Water level accuracy is unknown,1,Department of Water Resources,NA,1,Department of Water Resources,NA,NA,37195,43N05W36G001M,36G001M,Unknown,Unknown,1-004,Shasta Valley,Siskiyou,322,Residential,Single Well,42753,1990-09-04 - 2011-04-21,43,spring,NA,NA,79.2,95.7,2003,18010207,Above Normal,Above Normal,2002-10-01T00:00:00Z,2003-10-01T00:00:00Z,-122.368,41.5324
415324N1223676W001,677507,2002-10-09T00:00:00Z,2867.21,2864.41,0,101.4,2765.81,101.4,98.6,Pumping,Unknown,Water level accuracy is unknown,1,Department of Water Resources,NA,1,Department of Water Resources,NA,NA,37195,43N05W36G001M,36G001M,Unknown,Unknown,1-004,Shasta Valley,Siskiyou,322,Residential,Single Well,42753,1990-09-04 - 2011-04-21,43,fall,81.1,100.1,NA,NA,2003,18010207,Above Normal,Above Normal,2002-10-01T00:00:00Z,2003-10-01T00:00:00Z,-122.368,41.5324
415324N1223676W001,677506,2002-03-27T00:00:00Z,2867.21,2864.41,0,93.1,2774.11,93.1,90.3,NA,Unknown,Water level accuracy is unknown,1,Department of Water Resources,NA,1,Department of Water Resources,NA,NA,37195,43N05W36G001M,36G001M,Unknown,Unknown,1-004,Shasta Valley,Siskiyou,322,Residential,Single Well,42753,1990-09-04 - 2011-04-21,43,spring,NA,NA,79.2,95.7,2002,18010207,Dry,Dry,2001-10-01T00:00:00Z,2002-10-01T00:00:00Z,-122.368,41.5324
415324N1223676W001,677505,2001-10-30T00:00:00Z,2867.21,2864.41,0,95.6,2771.61,95.6,92.8,NA,Unknown,Water level accuracy is unknown,1,Department of Water Resources,NA,1,Department of Water Resources,NA,NA,37195,43N05W36G001M,36G001M,Unknown,Unknown,1-004,Shasta Valley,Siskiyou,322,Residential,Single Well,42753,1990-09-04 - 2011-04-21,43,fall,81.1,100.1,NA,NA,2002,18010207,Dry,Dry,2001-10-01T00:00:00Z,2002-10-01T00:00:00Z,-122.368,41.5324
415324N1223676W001,677504,2001-04-02T00:00:00Z,2867.21,2864.41,0,92.6,2774.61,92.6,89.8,NA,Unknown,Water level accuracy is unknown,1,Department of Water Resources,NA,1,Department of Water Resources,NA,NA,37195,43N05W36G001M,36G001M,Unknown,Unknown,1-004,Shasta Valley,Siskiyou,322,Residential,Single Well,42753,1990-09-04 - 2011-04-21,43,spring,NA,NA,79.2,95.7,2001,18010207,Critical,Critical,2000-10-01T00:00:00Z,2001-10-01T00:00:00Z,-122.368,41.5324
415324N1223676W001,677503,2000-10-10T00:00:00Z,2867.21,2864.41,0,88.7,2778.51,88.7,85.9,NA,Unknown,Water level accuracy is unknown,1,Department of Water Resources,NA,1,Department of Water Resources,NA,NA,37195,43N05W36G001M,36G001M,Unknown,Unknown,1-004,Shasta Valley,Siskiyou,322,Residential,Single Well,42753,1990-09-04 - 2011-04-21,43,fall,81.1,100.1,NA,NA,2001,18010207,Critical,Critical,2000-10-01T00:00:00Z,2001-10-01T00:00:00Z,-122.368,41.5324
415324N1223676W001,677502,2000-03-22T00:00:00Z,2867.21,2864.41,0,93.4,2773.81,93.4,90.6,Pumping,Unknown,Water level accuracy is unknown,1,Department of Water Resources,NA,1,Department of Water Resources,NA,NA,37195,43N05W36G001M,36G001M,Unknown,Unknown,1-004,Shasta Valley,Siskiyou,322,Residential,Single Well,42753,1990-09-04 - 2011-04-21,43,spring,NA,NA,79.2,95.7,2000,18010207,Above Normal,Above Normal,1999-10-01T00:00:00Z,2000-10-01T00:00:00Z,-122.368,41.5324
415324N1223676W001,677500,1999-10-26T00:00:00Z,2867.21,2864.41,NA,NA,NA,NA,NA,Pumping,NA,NA,1,Department of Water Resources,NA,1,Department of Water Resources,NA,NA,37195,43N05W36G001M,36G001M,Unknown,Unknown,1-004,Shasta Valley,Siskiyou,322,Residential,Single Well,42753,1990-09-04 - 2011-04-21,43,fall,81.1,100.1,NA,NA,2000,18010207,Above Normal,Above Normal,1999-10-01T00:00:00Z,2000-10-01T00:00:00Z,-122.368,41.5324
415324N1223676W001,677501,1999-03-15T00:00:00Z,2867.21,2864.41,0,82,2785.21,82,79.2,NA,Unknown,Water level accuracy is unknown,1,Department of Water Resources,NA,1,Department of Water Resources,NA,NA,37195,43N05W36G001M,36G001M,Unknown,Unknown,1-004,Shasta Valley,Siskiyou,322,Residential,Single Well,42753,1990-09-04 - 2011-04-21,43,spring,NA,NA,79.2,95.7,1999,18010207,Wet,Wet,1998-10-01T00:00:00Z,1999-10-01T00:00:00Z,-122.368,41.5324
415324N1223676W001,677499,1998-10-27T00:00:00Z,2867.21,2864.41,0,83.9,2783.31,83.9,81.1,NA,Unknown,Water level accuracy is unknown,1,Department of Water Resources,NA,1,Department of Water Resources,NA,NA,37195,43N05W36G001M,36G001M,Unknown,Unknown,1-004,Shasta Valley,Siskiyou,322,Residential,Single Well,42753,1990-09-04 - 2011-04-21,43,fall,81.1,100.1,NA,NA,1999,18010207,Wet,Wet,1998-10-01T00:00:00Z,1999-10-01T00:00:00Z,-122.368,41.5324
415324N1223676W001,677498,1998-03-31T00:00:00Z,2867.21,2864.41,0,84.1,2783.11,84.1,81.3,NA,Unknown,Water level accuracy is unknown,1,Department of Water Resources,NA,1,Department of Water Resources,NA,NA,37195,43N05W36G001M,36G001M,Unknown,Unknown,1-004,Shasta Valley,Siskiyou,322,Residential,Single Well,42753,1990-09-04 - 2011-04-21,43,spring,NA,NA,79.2,95.7,1998,18010207,Wet,Wet,1997-10-01T00:00:00Z,1998-10-01T00:00:00Z,-122.368,41.5324
415324N1223676W001,677497,1997-10-22T00:00:00Z,2867.21,2864.41,0,95.2,2772.01,95.2,92.4,NA,Unknown,Water level accuracy is unknown,1,Department of Water Resources,NA,1,Department of Water Resources,NA,NA,37195,43N05W36G001M,36G001M,Unknown,Unknown,1-004,Shasta Valley,Siskiyou,322,Residential,Single Well,42753,1990-09-04 - 2011-04-21,43,fall,81.1,100.1,NA,NA,1998,18010207,Wet,Wet,1997-10-01T00:00:00Z,1998-10-01T00:00:00Z,-122.368,41.5324
415324N1223676W001,677496,1997-03-12T00:00:00Z,2867.21,2864.41,0,92.2,2775.01,92.2,89.4,Pumping,Unknown,Water level accuracy is unknown,1,Department of Water Resources,NA,1,Department of Water Resources,NA,NA,37195,43N05W36G001M,36G001M,Unknown,Unknown,1-004,Shasta Valley,Siskiyou,322,Residential,Single Well,42753,1990-09-04 - 2011-04-21,43,spring,NA,NA,79.2,95.7,1997,18010207,Wet,Wet,1996-10-01T00:00:00Z,1997-10-01T00:00:00Z,-122.368,41.5324
415324N1223676W001,677495,1996-10-22T00:00:00Z,2867.21,2864.41,0,86.2,2781.01,86.2,83.4,NA,Unknown,Water level accuracy is unknown,1,Department of Water Resources,NA,1,Department of Water Resources,NA,NA,37195,43N05W36G001M,36G001M,Unknown,Unknown,1-004,Shasta Valley,Siskiyou,322,Residential,Single Well,42753,1990-09-04 - 2011-04-21,43,fall,81.1,100.1,NA,NA,1997,18010207,Wet,Wet,1996-10-01T00:00:00Z,1997-10-01T00:00:00Z,-122.368,41.5324
415324N1223676W001,677494,1996-04-12T00:00:00Z,2867.21,2864.41,0,90.2,2777.01,90.2,87.4,Pumping,Unknown,Water level accuracy is unknown,1,Department of Water Resources,NA,1,Department of Water Resources,NA,NA,37195,43N05W36G001M,36G001M,Unknown,Unknown,1-004,Shasta Valley,Siskiyou,322,Residential,Single Well,42753,1990-09-04 - 2011-04-21,43,spring,NA,NA,79.2,95.7,1996,18010207,Wet,Wet,1995-10-01T00:00:00Z,1996-10-01T00:00:00Z,-122.368,41.5324
415324N1223676W001,677493,1995-10-17T00:00:00Z,2867.21,2864.41,0,87,2780.21,87,84.2,Pumped recently,Unknown,Water level accuracy is unknown,1,Department of Water Resources,NA,1,Department of Water Resources,NA,NA,37195,43N05W36G001M,36G001M,Unknown,Unknown,1-004,Shasta Valley,Siskiyou,322,Residential,Single Well,42753,1990-09-04 - 2011-04-21,43,fall,81.1,100.1,NA,NA,1996,18010207,Wet,Wet,1995-10-01T00:00:00Z,1996-10-01T00:00:00Z,-122.368,41.5324
415324N1223676W001,677492,1995-03-29T00:00:00Z,2867.21,2864.41,0,98.2,2769.01,98.2,95.4,NA,Unknown,Water level accuracy is unknown,1,Department of Water Resources,NA,1,Department of Water Resources,NA,NA,37195,43N05W36G001M,36G001M,Unknown,Unknown,1-004,Shasta Valley,Siskiyou,322,Residential,Single Well,42753,1990-09-04 - 2011-04-21,43,spring,NA,NA,79.2,95.7,1995,18010207,Wet,Wet,1994-10-01T00:00:00Z,1995-10-01T00:00:00Z,-122.368,41.5324
415324N1223676W001,677491,1994-10-26T00:00:00Z,2867.21,2864.41,0,102.9,2764.31,102.9,100.1,Pumping,Unknown,Water level accuracy is unknown,1,Department of Water Resources,NA,1,Department of Water Resources,NA,NA,37195,43N05W36G001M,36G001M,Unknown,Unknown,1-004,Shasta Valley,Siskiyou,322,Residential,Single Well,42753,1990-09-04 - 2011-04-21,43,fall,81.1,100.1,NA,NA,1995,18010207,Wet,Wet,1994-10-01T00:00:00Z,1995-10-01T00:00:00Z,-122.368,41.5324
415324N1223676W001,677490,1994-03-31T00:00:00Z,2867.21,2864.41,0,93.3,2773.91,93.3,90.5,NA,Unknown,Water level accuracy is unknown,1,Department of Water Resources,NA,1,Department of Water Resources,NA,NA,37195,43N05W36G001M,36G001M,Unknown,Unknown,1-004,Shasta Valley,Siskiyou,322,Residential,Single Well,42753,1990-09-04 - 2011-04-21,43,spring,NA,NA,79.2,95.7,1994,18010207,Dry,Dry,1993-10-01T00:00:00Z,1994-10-01T00:00:00Z,-122.368,41.5324
415324N1223676W001,677489,1993-10-16T00:00:00Z,2867.21,2864.41,0,84.5,2782.71,84.5,81.7,NA,Unknown,Water level accuracy is unknown,1,Department of Water Resources,NA,1,Department of Water Resources,NA,NA,37195,43N05W36G001M,36G001M,Unknown,Unknown,1-004,Shasta Valley,Siskiyou,322,Residential,Single Well,42753,1990-09-04 - 2011-04-21,43,fall,81.1,100.1,NA,NA,1994,18010207,Dry,Dry,1993-10-01T00:00:00Z,1994-10-01T00:00:00Z,-122.368,41.5324
415324N1223676W001,677488,1993-03-15T00:00:00Z,2867.21,2864.41,0,98.5,2768.71,98.5,95.7,NA,Unknown,Water level accuracy is unknown,1,Department of Water Resources,NA,1,Department of Water Resources,NA,NA,37195,43N05W36G001M,36G001M,Unknown,Unknown,1-004,Shasta Valley,Siskiyou,322,Residential,Single Well,42753,1990-09-04 - 2011-04-21,43,spring,NA,NA,79.2,95.7,1993,18010207,Above Normal,Above Normal,1992-10-01T00:00:00Z,1993-10-01T00:00:00Z,-122.368,41.5324
415324N1223676W001,677487,1992-10-19T00:00:00Z,2867.21,2864.41,0,100.3,2766.91,100.3,97.5,NA,Unknown,Water level accuracy is unknown,1,Department of Water Resources,NA,1,Department of Water Resources,NA,NA,37195,43N05W36G001M,36G001M,Unknown,Unknown,1-004,Shasta Valley,Siskiyou,322,Residential,Single Well,42753,1990-09-04 - 2011-04-21,43,fall,81.1,100.1,NA,NA,1993,18010207,Above Normal,Above Normal,1992-10-01T00:00:00Z,1993-10-01T00:00:00Z,-122.368,41.5324
415324N1223676W001,677486,1992-03-03T00:00:00Z,2867.21,2864.41,0,98.4,2768.81,98.4,95.6,NA,Unknown,Water level accuracy is unknown,1,Department of Water Resources,NA,1,Department of Water Resources,NA,NA,37195,43N05W36G001M,36G001M,Unknown,Unknown,1-004,Shasta Valley,Siskiyou,322,Residential,Single Well,42753,1990-09-04 - 2011-04-21,43,spring,NA,NA,79.2,95.7,1992,18010207,Critical,Critical,1991-10-01T00:00:00Z,1992-10-01T00:00:00Z,-122.368,41.5324
415324N1223676W001,677485,1991-10-02T00:00:00Z,2867.21,2864.41,0,102.5,2764.71,102.5,99.7,Pumping,Unknown,Water level accuracy is unknown,1,Department of Water Resources,NA,1,Department of Water Resources,NA,NA,37195,43N05W36G001M,36G001M,Unknown,Unknown,1-004,Shasta Valley,Siskiyou,322,Residential,Single Well,42753,1990-09-04 - 2011-04-21,43,fall,81.1,100.1,NA,NA,1992,18010207,Critical,Critical,1991-10-01T00:00:00Z,1992-10-01T00:00:00Z,-122.368,41.5324
415324N1223676W001,677484,1991-03-19T00:00:00Z,2867.21,2864.41,0,96,2771.21,96,93.2,Oil or foreign substance in casing,Unknown,Water level accuracy is unknown,1,Department of Water Resources,NA,1,Department of Water Resources,NA,NA,37195,43N05W36G001M,36G001M,Unknown,Unknown,1-004,Shasta Valley,Siskiyou,322,Residential,Single Well,42753,1990-09-04 - 2011-04-21,43,spring,NA,NA,79.2,95.7,1991,18010207,Critical,Critical,1990-10-01T00:00:00Z,1991-10-01T00:00:00Z,-122.368,41.5324
415324N1223676W001,677483,1990-10-01T00:00:00Z,2867.21,2864.41,0,94.5,2772.71,94.5,91.7,NA,Unknown,Water level accuracy is unknown,1,Department of Water Resources,NA,1,Department of Water Resources,NA,NA,37195,43N05W36G001M,36G001M,Unknown,Unknown,1-004,Shasta Valley,Siskiyou,322,Residential,Single Well,42753,1990-09-04 - 2011-04-21,43,fall,81.1,100.1,NA,NA,1991,18010207,Critical,Critical,1990-10-01T00:00:00Z,1991-10-01T00:00:00Z,-122.368,41.5324
415324N1223676W001,677482,1990-09-04T00:00:00Z,2867.21,2864.41,0,93.5,2773.71,93.5,90.7,NA,Unknown,Water level accuracy is unknown,1,Department of Water Resources,NA,1,Department of Water Resources,NA,NA,37195,43N05W36G001M,36G001M,Unknown,Unknown,1-004,Shasta Valley,Siskiyou,322,Residential,Single Well,42753,1990-09-04 - 2011-04-21,43,fall,81.1,100.1,NA,NA,1990,18010207,Dry,Dry,1989-10-01T00:00:00Z,1990-10-01T00:00:00Z,-122.368,41.5324
