SITE_CODE,WLM_ID,MSMT_DATE,WLM_RPE,WLM_GSE,RDNG_WS,RDNG_RP,WSE,RPE_WSE,GSE_WSE,WLM_QA_DESC,WLM_DESC,WLM_ACC_DESC,WLM_ORG_ID,WLM_ORG_NAME,MSMT_CMT,COOP_AGENCY_ORG_ID,COOP_ORG_NAME,TOP_PRF,BOT_PRF,STN_ID,SWN,WELL_NAME,WLM_METHOD,WLM_ACC,BASIN_CODE,BASIN_NAME,COUNTY_NAME,WELL_DEPTH,WELL_USE,WELL_TYPE,WCR_NO,t_range,n_samples,season,fall_high,fall_low,spring_high,spring_low,water_year,HUC8,WYT,water_year_type,water_year_start,water_year_end,X,Y
415637N1225176W001,2619089,2020-04-10T12:00:00Z,2669.9,2669.9,NA,NA,NA,NA,NA,Pumping,NA,NA,1,Department of Water Resources,NA,1,Department of Water Resources,NA,NA,37196,43N06W22A001M,43N06W22A001M,Digital Elevation Model,Unknown,1-004,Shasta Valley,Siskiyou,100,Irrigation,Single Well,205,1952-12-11 00:00:00 - 2020-04-10 12:00:00,204,spring,NA,NA,1.5,18.4,2020,NA,NA,NA,2019-10-01T00:00:00Z,2020-10-01T00:00:00Z,-122.518,41.5637
415637N1225176W001,2480396,2019-10-25T12:00:00Z,2669.9,2669.9,9.7,30,2649.6,20.3,20.3,NA,Steel tape measurement,Water level accuracy to nearest tenth of a foot,1,Department of Water Resources,NA,1,Department of Water Resources,NA,NA,37196,43N06W22A001M,43N06W22A001M,Digital Elevation Model,Unknown,1-004,Shasta Valley,Siskiyou,100,Irrigation,Single Well,205,1952-12-11 00:00:00 - 2020-04-10 12:00:00,204,fall,2.7,42.3,NA,NA,2020,NA,NA,NA,2019-10-01T00:00:00Z,2020-10-01T00:00:00Z,-122.518,41.5637
415637N1225176W001,2452853,2019-04-03T12:00:00Z,2669.9,2669.9,12.8,25,2657.7,12.2,12.2,NA,Steel tape measurement,Water level accuracy to nearest tenth of a foot,1,Department of Water Resources,NA,1,Department of Water Resources,NA,NA,37196,43N06W22A001M,43N06W22A001M,Digital Elevation Model,Unknown,1-004,Shasta Valley,Siskiyou,100,Irrigation,Single Well,205,1952-12-11 00:00:00 - 2020-04-10 12:00:00,204,spring,NA,NA,1.5,18.4,2019,NA,NA,NA,2018-10-01T00:00:00Z,2019-10-01T00:00:00Z,-122.518,41.5637
415637N1225176W001,2413595,2018-10-23T12:00:00Z,2669.9,2669.9,18.7,40,2648.6,21.3,21.3,NA,Steel tape measurement,Water level accuracy to nearest tenth of a foot,1,Department of Water Resources,NA,1,Department of Water Resources,NA,NA,37196,43N06W22A001M,43N06W22A001M,Digital Elevation Model,Unknown,1-004,Shasta Valley,Siskiyou,100,Irrigation,Single Well,205,1952-12-11 00:00:00 - 2020-04-10 12:00:00,204,fall,2.7,42.3,NA,NA,2019,NA,NA,NA,2018-10-01T00:00:00Z,2019-10-01T00:00:00Z,-122.518,41.5637
415637N1225176W001,2286533,2018-03-26T12:00:00Z,2669.9,2669.9,7,20,2656.9,13,13,NA,Steel tape measurement,Water level accuracy to nearest tenth of a foot,1,Department of Water Resources,NA,1,Department of Water Resources,NA,NA,37196,43N06W22A001M,43N06W22A001M,Digital Elevation Model,Unknown,1-004,Shasta Valley,Siskiyou,100,Irrigation,Single Well,205,1952-12-11 00:00:00 - 2020-04-10 12:00:00,204,spring,NA,NA,1.5,18.4,2018,18010207,Below Normal,Below Normal,2017-10-01T00:00:00Z,2018-10-01T00:00:00Z,-122.518,41.5637
415637N1225176W001,2266738,2017-10-19T12:00:00Z,2669.9,2669.9,14.8,40,2644.7,25.2,25.2,NA,Steel tape measurement,Water level accuracy to nearest tenth of a foot,1,Department of Water Resources,NA,1,Department of Water Resources,NA,NA,37196,43N06W22A001M,43N06W22A001M,Digital Elevation Model,Unknown,1-004,Shasta Valley,Siskiyou,100,Irrigation,Single Well,205,1952-12-11 00:00:00 - 2020-04-10 12:00:00,204,fall,2.7,42.3,NA,NA,2018,18010207,Below Normal,Below Normal,2017-10-01T00:00:00Z,2018-10-01T00:00:00Z,-122.518,41.5637
415637N1225176W001,2241468,2017-03-22T12:00:00Z,2669.9,2669.9,19.1,30,2659,10.9,10.9,NA,Steel tape measurement,Water level accuracy to nearest tenth of a foot,1,Department of Water Resources,NA,1,Department of Water Resources,NA,NA,37196,43N06W22A001M,43N06W22A001M,Digital Elevation Model,Unknown,1-004,Shasta Valley,Siskiyou,100,Irrigation,Single Well,205,1952-12-11 00:00:00 - 2020-04-10 12:00:00,204,spring,NA,NA,1.5,18.4,2017,18010207,Wet,Wet,2016-10-01T00:00:00Z,2017-10-01T00:00:00Z,-122.518,41.5637
415637N1225176W001,2214929,2016-10-21T12:00:00Z,2669.9,2669.9,5.1,35,2640,29.9,29.9,NA,Steel tape measurement,Water level accuracy to nearest tenth of a foot,1,Department of Water Resources,NA,1,Department of Water Resources,NA,NA,37196,43N06W22A001M,43N06W22A001M,Digital Elevation Model,Unknown,1-004,Shasta Valley,Siskiyou,100,Irrigation,Single Well,205,1952-12-11 00:00:00 - 2020-04-10 12:00:00,204,fall,2.7,42.3,NA,NA,2017,18010207,Wet,Wet,2016-10-01T00:00:00Z,2017-10-01T00:00:00Z,-122.518,41.5637
415637N1225176W001,2189516,2016-04-06T00:00:00Z,2669.9,2669.9,9.3,20,2659.2,10.7,10.7,NA,Steel tape measurement,Water level accuracy to nearest tenth of a foot,1,Department of Water Resources,NA,1,Department of Water Resources,NA,NA,37196,43N06W22A001M,43N06W22A001M,Digital Elevation Model,Unknown,1-004,Shasta Valley,Siskiyou,100,Irrigation,Single Well,205,1952-12-11 00:00:00 - 2020-04-10 12:00:00,204,spring,NA,NA,1.5,18.4,2016,18010207,Wet,Wet,2015-10-01T00:00:00Z,2016-10-01T00:00:00Z,-122.518,41.5637
415637N1225176W001,2165285,2015-10-20T00:00:00Z,2669.9,2669.9,NA,NA,NA,NA,NA,Pumping,NA,NA,1,Department of Water Resources,NA,1,Department of Water Resources,NA,NA,37196,43N06W22A001M,43N06W22A001M,Digital Elevation Model,Unknown,1-004,Shasta Valley,Siskiyou,100,Irrigation,Single Well,205,1952-12-11 00:00:00 - 2020-04-10 12:00:00,204,fall,2.7,42.3,NA,NA,2016,18010207,Wet,Wet,2015-10-01T00:00:00Z,2016-10-01T00:00:00Z,-122.518,41.5637
415637N1225176W001,2189780,2015-04-02T00:00:00Z,2669.9,2669.9,17.7,33,2654.6,15.3,15.3,NA,Steel tape measurement,Water level accuracy to nearest tenth of a foot,1,Department of Water Resources,NA,1,Department of Water Resources,NA,NA,37196,43N06W22A001M,43N06W22A001M,Digital Elevation Model,Unknown,1-004,Shasta Valley,Siskiyou,100,Irrigation,Single Well,205,1952-12-11 00:00:00 - 2020-04-10 12:00:00,204,spring,NA,NA,1.5,18.4,2015,18010207,Below Normal,Below Normal,2014-10-01T00:00:00Z,2015-10-01T00:00:00Z,-122.518,41.5637
415637N1225176W001,2029957,2014-10-29T00:00:00Z,2669.9,2669.9,0,28.1,2641.8,28.1,28.1,NA,Steel tape measurement,Water level accuracy to nearest tenth of a foot,1,Department of Water Resources,NA,1,Department of Water Resources,NA,NA,37196,43N06W22A001M,43N06W22A001M,Digital Elevation Model,Unknown,1-004,Shasta Valley,Siskiyou,100,Irrigation,Single Well,205,1952-12-11 00:00:00 - 2020-04-10 12:00:00,204,fall,2.7,42.3,NA,NA,2015,18010207,Below Normal,Below Normal,2014-10-01T00:00:00Z,2015-10-01T00:00:00Z,-122.518,41.5637
415637N1225176W001,1884043,2014-03-24T00:00:00Z,2669.9,2669.9,0,18.4,2651.5,18.4,18.4,NA,Electric sounder measurement,Water level accuracy to nearest tenth of a foot,1,Department of Water Resources,NA,1,Department of Water Resources,NA,NA,37196,43N06W22A001M,43N06W22A001M,Digital Elevation Model,Unknown,1-004,Shasta Valley,Siskiyou,100,Irrigation,Single Well,205,1952-12-11 00:00:00 - 2020-04-10 12:00:00,204,spring,NA,NA,1.5,18.4,2014,18010207,Critical,Critical,2013-10-01T00:00:00Z,2014-10-01T00:00:00Z,-122.518,41.5637
415637N1225176W001,1797149,2013-10-24T00:00:00Z,2669.9,2669.9,13,40,2642.9,27,27,NA,Steel tape measurement,Water level accuracy to nearest tenth of a foot,1,Department of Water Resources,NA,1,Department of Water Resources,NA,NA,37196,43N06W22A001M,43N06W22A001M,Digital Elevation Model,Unknown,1-004,Shasta Valley,Siskiyou,100,Irrigation,Single Well,205,1952-12-11 00:00:00 - 2020-04-10 12:00:00,204,fall,2.7,42.3,NA,NA,2014,18010207,Critical,Critical,2013-10-01T00:00:00Z,2014-10-01T00:00:00Z,-122.518,41.5637
415637N1225176W001,1684659,2013-03-25T00:00:00Z,2669.88,2669.88,10.9,25,2655.78,14.1,14.1,NA,Steel tape measurement,Water level accuracy to nearest tenth of a foot,1,Department of Water Resources,NA,1,Department of Water Resources,NA,NA,37196,43N06W22A001M,43N06W22A001M,Digital Elevation Model,Unknown,1-004,Shasta Valley,Siskiyou,100,Irrigation,Single Well,205,1952-12-11 00:00:00 - 2020-04-10 12:00:00,204,spring,NA,NA,1.5,18.4,2013,18010207,Below Normal,Below Normal,2012-10-01T00:00:00Z,2013-10-01T00:00:00Z,-122.518,41.5637
415637N1225176W001,69690,2012-10-26T00:00:00Z,2669.88,2669.88,4.5,40,2634.38,35.5,35.5,NA,Steel tape measurement,Water level accuracy to nearest tenth of a foot,1,Department of Water Resources,NA,1,Department of Water Resources,NA,NA,37196,43N06W22A001M,43N06W22A001M,Digital Elevation Model,Unknown,1-004,Shasta Valley,Siskiyou,100,Irrigation,Single Well,205,1952-12-11 00:00:00 - 2020-04-10 12:00:00,204,fall,2.7,42.3,NA,NA,2013,18010207,Below Normal,Below Normal,2012-10-01T00:00:00Z,2013-10-01T00:00:00Z,-122.518,41.5637
415637N1225176W001,59880,2012-04-18T00:00:00Z,2669.88,2669.88,4.8,13,2661.68,8.2,8.2,NA,Steel tape measurement,Water level accuracy to nearest tenth of a foot,1,Department of Water Resources,NA,1,Department of Water Resources,NA,NA,37196,43N06W22A001M,43N06W22A001M,Digital Elevation Model,Unknown,1-004,Shasta Valley,Siskiyou,100,Irrigation,Single Well,205,1952-12-11 00:00:00 - 2020-04-10 12:00:00,204,spring,NA,NA,1.5,18.4,2012,18010207,Below Normal,Below Normal,2011-10-01T00:00:00Z,2012-10-01T00:00:00Z,-122.518,41.5637
415637N1225176W001,39859,2011-10-20T00:00:00Z,2669.88,2669.88,0,20.1,2649.78,20.1,20.1,NA,Steel tape measurement,Water level accuracy to nearest tenth of a foot,1,Department of Water Resources,NA,1,Department of Water Resources,NA,NA,37196,43N06W22A001M,43N06W22A001M,Digital Elevation Model,Unknown,1-004,Shasta Valley,Siskiyou,100,Irrigation,Single Well,205,1952-12-11 00:00:00 - 2020-04-10 12:00:00,204,fall,2.7,42.3,NA,NA,2012,18010207,Below Normal,Below Normal,2011-10-01T00:00:00Z,2012-10-01T00:00:00Z,-122.518,41.5637
415637N1225176W001,1695969,2011-04-21T00:00:00Z,2669.88,2669.88,0,9.5,2660.38,9.5,9.5,NA,Unknown,Water level accuracy is unknown,1,Department of Water Resources,NA,1,Department of Water Resources,NA,NA,37196,43N06W22A001M,43N06W22A001M,Digital Elevation Model,Unknown,1-004,Shasta Valley,Siskiyou,100,Irrigation,Single Well,205,1952-12-11 00:00:00 - 2020-04-10 12:00:00,204,spring,NA,NA,1.5,18.4,2011,18010207,Above Normal,Above Normal,2010-10-01T00:00:00Z,2011-10-01T00:00:00Z,-122.518,41.5637
415637N1225176W001,1695968,2010-10-27T00:00:00Z,2669.88,2669.88,0,20.8,2649.08,20.8,20.8,NA,Unknown,Water level accuracy is unknown,1,Department of Water Resources,NA,1,Department of Water Resources,NA,NA,37196,43N06W22A001M,43N06W22A001M,Digital Elevation Model,Unknown,1-004,Shasta Valley,Siskiyou,100,Irrigation,Single Well,205,1952-12-11 00:00:00 - 2020-04-10 12:00:00,204,fall,2.7,42.3,NA,NA,2011,18010207,Above Normal,Above Normal,2010-10-01T00:00:00Z,2011-10-01T00:00:00Z,-122.518,41.5637
415637N1225176W001,1695967,2010-04-01T00:00:00Z,2669.88,2669.88,0,11.2,2658.68,11.2,11.2,NA,Unknown,Water level accuracy is unknown,1,Department of Water Resources,NA,1,Department of Water Resources,NA,NA,37196,43N06W22A001M,43N06W22A001M,Digital Elevation Model,Unknown,1-004,Shasta Valley,Siskiyou,100,Irrigation,Single Well,205,1952-12-11 00:00:00 - 2020-04-10 12:00:00,204,spring,NA,NA,1.5,18.4,2010,18010207,Below Normal,Below Normal,2009-10-01T00:00:00Z,2010-10-01T00:00:00Z,-122.518,41.5637
415637N1225176W001,1695966,2009-10-29T00:00:00Z,2669.88,2669.88,0,25.2,2644.68,25.2,25.2,NA,Unknown,Water level accuracy is unknown,1,Department of Water Resources,NA,1,Department of Water Resources,NA,NA,37196,43N06W22A001M,43N06W22A001M,Digital Elevation Model,Unknown,1-004,Shasta Valley,Siskiyou,100,Irrigation,Single Well,205,1952-12-11 00:00:00 - 2020-04-10 12:00:00,204,fall,2.7,42.3,NA,NA,2010,18010207,Below Normal,Below Normal,2009-10-01T00:00:00Z,2010-10-01T00:00:00Z,-122.518,41.5637
415637N1225176W001,1695965,2009-04-06T00:00:00Z,2669.88,2669.88,0,10.7,2659.18,10.7,10.7,NA,Unknown,Water level accuracy is unknown,1,Department of Water Resources,NA,1,Department of Water Resources,NA,NA,37196,43N06W22A001M,43N06W22A001M,Digital Elevation Model,Unknown,1-004,Shasta Valley,Siskiyou,100,Irrigation,Single Well,205,1952-12-11 00:00:00 - 2020-04-10 12:00:00,204,spring,NA,NA,1.5,18.4,2009,18010207,Dry,Dry,2008-10-01T00:00:00Z,2009-10-01T00:00:00Z,-122.518,41.5637
415637N1225176W001,1695964,2008-10-28T00:00:00Z,2669.88,2669.88,NA,NA,NA,NA,NA,Pumping,NA,NA,1,Department of Water Resources,NA,1,Department of Water Resources,NA,NA,37196,43N06W22A001M,43N06W22A001M,Digital Elevation Model,Unknown,1-004,Shasta Valley,Siskiyou,100,Irrigation,Single Well,205,1952-12-11 00:00:00 - 2020-04-10 12:00:00,204,fall,2.7,42.3,NA,NA,2009,18010207,Dry,Dry,2008-10-01T00:00:00Z,2009-10-01T00:00:00Z,-122.518,41.5637
415637N1225176W001,1695963,2008-03-27T00:00:00Z,2669.88,2669.88,0,7.7,2662.18,7.7,7.7,NA,Unknown,Water level accuracy is unknown,1,Department of Water Resources,NA,1,Department of Water Resources,NA,NA,37196,43N06W22A001M,43N06W22A001M,Digital Elevation Model,Unknown,1-004,Shasta Valley,Siskiyou,100,Irrigation,Single Well,205,1952-12-11 00:00:00 - 2020-04-10 12:00:00,204,spring,NA,NA,1.5,18.4,2008,18010207,Dry,Dry,2007-10-01T00:00:00Z,2008-10-01T00:00:00Z,-122.518,41.5637
415637N1225176W001,1695962,2007-10-23T00:00:00Z,2669.88,2669.88,0,18.6,2651.28,18.6,18.6,NA,Unknown,Water level accuracy is unknown,1,Department of Water Resources,NA,1,Department of Water Resources,NA,NA,37196,43N06W22A001M,43N06W22A001M,Digital Elevation Model,Unknown,1-004,Shasta Valley,Siskiyou,100,Irrigation,Single Well,205,1952-12-11 00:00:00 - 2020-04-10 12:00:00,204,fall,2.7,42.3,NA,NA,2008,18010207,Dry,Dry,2007-10-01T00:00:00Z,2008-10-01T00:00:00Z,-122.518,41.5637
415637N1225176W001,1695961,2007-03-27T00:00:00Z,2669.88,2669.88,0,7.7,2662.18,7.7,7.7,NA,Unknown,Water level accuracy is unknown,1,Department of Water Resources,NA,1,Department of Water Resources,NA,NA,37196,43N06W22A001M,43N06W22A001M,Digital Elevation Model,Unknown,1-004,Shasta Valley,Siskiyou,100,Irrigation,Single Well,205,1952-12-11 00:00:00 - 2020-04-10 12:00:00,204,spring,NA,NA,1.5,18.4,2007,18010207,Below Normal,Below Normal,2006-10-01T00:00:00Z,2007-10-01T00:00:00Z,-122.518,41.5637
415637N1225176W001,1695960,2006-10-16T00:00:00Z,2669.88,2669.88,0,20.9,2648.98,20.9,20.9,NA,Unknown,Water level accuracy is unknown,1,Department of Water Resources,NA,1,Department of Water Resources,NA,NA,37196,43N06W22A001M,43N06W22A001M,Digital Elevation Model,Unknown,1-004,Shasta Valley,Siskiyou,100,Irrigation,Single Well,205,1952-12-11 00:00:00 - 2020-04-10 12:00:00,204,fall,2.7,42.3,NA,NA,2007,18010207,Below Normal,Below Normal,2006-10-01T00:00:00Z,2007-10-01T00:00:00Z,-122.518,41.5637
415637N1225176W001,1695959,2006-04-20T00:00:00Z,2669.88,2669.88,0,6.5,2663.38,6.5,6.5,NA,Unknown,Water level accuracy is unknown,1,Department of Water Resources,NA,1,Department of Water Resources,NA,NA,37196,43N06W22A001M,43N06W22A001M,Digital Elevation Model,Unknown,1-004,Shasta Valley,Siskiyou,100,Irrigation,Single Well,205,1952-12-11 00:00:00 - 2020-04-10 12:00:00,204,spring,NA,NA,1.5,18.4,2006,18010207,Wet,Wet,2005-10-01T00:00:00Z,2006-10-01T00:00:00Z,-122.518,41.5637
415637N1225176W001,1695958,2005-10-13T00:00:00Z,2669.88,2669.88,0,17.7,2652.18,17.7,17.7,NA,Unknown,Water level accuracy is unknown,1,Department of Water Resources,NA,1,Department of Water Resources,NA,NA,37196,43N06W22A001M,43N06W22A001M,Digital Elevation Model,Unknown,1-004,Shasta Valley,Siskiyou,100,Irrigation,Single Well,205,1952-12-11 00:00:00 - 2020-04-10 12:00:00,204,fall,2.7,42.3,NA,NA,2006,18010207,Wet,Wet,2005-10-01T00:00:00Z,2006-10-01T00:00:00Z,-122.518,41.5637
415637N1225176W001,1695957,2005-03-30T00:00:00Z,2669.88,2669.88,0,10.2,2659.68,10.2,10.2,NA,Unknown,Water level accuracy is unknown,1,Department of Water Resources,NA,1,Department of Water Resources,NA,NA,37196,43N06W22A001M,43N06W22A001M,Digital Elevation Model,Unknown,1-004,Shasta Valley,Siskiyou,100,Irrigation,Single Well,205,1952-12-11 00:00:00 - 2020-04-10 12:00:00,204,spring,NA,NA,1.5,18.4,2005,18010207,Above Normal,Above Normal,2004-10-01T00:00:00Z,2005-10-01T00:00:00Z,-122.518,41.5637
415637N1225176W001,1695956,2004-10-28T00:00:00Z,2669.88,2669.88,0,13.8,2656.08,13.8,13.8,NA,Unknown,Water level accuracy is unknown,1,Department of Water Resources,NA,1,Department of Water Resources,NA,NA,37196,43N06W22A001M,43N06W22A001M,Digital Elevation Model,Unknown,1-004,Shasta Valley,Siskiyou,100,Irrigation,Single Well,205,1952-12-11 00:00:00 - 2020-04-10 12:00:00,204,fall,2.7,42.3,NA,NA,2005,18010207,Above Normal,Above Normal,2004-10-01T00:00:00Z,2005-10-01T00:00:00Z,-122.518,41.5637
415637N1225176W001,1695955,2004-03-31T00:00:00Z,2669.88,2669.88,0,6.9,2662.98,6.9,6.9,NA,Unknown,Water level accuracy is unknown,1,Department of Water Resources,NA,1,Department of Water Resources,NA,NA,37196,43N06W22A001M,43N06W22A001M,Digital Elevation Model,Unknown,1-004,Shasta Valley,Siskiyou,100,Irrigation,Single Well,205,1952-12-11 00:00:00 - 2020-04-10 12:00:00,204,spring,NA,NA,1.5,18.4,2004,18010207,Above Normal,Above Normal,2003-10-01T00:00:00Z,2004-10-01T00:00:00Z,-122.518,41.5637
415637N1225176W001,1695954,2003-10-07T00:00:00Z,2669.88,2669.88,0,42.3,2627.58,42.3,42.3,Pumping,Unknown,Water level accuracy is unknown,1,Department of Water Resources,NA,1,Department of Water Resources,NA,NA,37196,43N06W22A001M,43N06W22A001M,Digital Elevation Model,Unknown,1-004,Shasta Valley,Siskiyou,100,Irrigation,Single Well,205,1952-12-11 00:00:00 - 2020-04-10 12:00:00,204,fall,2.7,42.3,NA,NA,2004,18010207,Above Normal,Above Normal,2003-10-01T00:00:00Z,2004-10-01T00:00:00Z,-122.518,41.5637
415637N1225176W001,1695953,2003-03-25T00:00:00Z,2669.88,2669.88,0,8.9,2660.98,8.9,8.9,NA,Unknown,Water level accuracy is unknown,1,Department of Water Resources,NA,1,Department of Water Resources,NA,NA,37196,43N06W22A001M,43N06W22A001M,Digital Elevation Model,Unknown,1-004,Shasta Valley,Siskiyou,100,Irrigation,Single Well,205,1952-12-11 00:00:00 - 2020-04-10 12:00:00,204,spring,NA,NA,1.5,18.4,2003,18010207,Above Normal,Above Normal,2002-10-01T00:00:00Z,2003-10-01T00:00:00Z,-122.518,41.5637
415637N1225176W001,1695952,2002-10-09T00:00:00Z,2669.88,2669.88,0,41.8,2628.08,41.8,41.8,Pumping,Unknown,Water level accuracy is unknown,1,Department of Water Resources,NA,1,Department of Water Resources,NA,NA,37196,43N06W22A001M,43N06W22A001M,Digital Elevation Model,Unknown,1-004,Shasta Valley,Siskiyou,100,Irrigation,Single Well,205,1952-12-11 00:00:00 - 2020-04-10 12:00:00,204,fall,2.7,42.3,NA,NA,2003,18010207,Above Normal,Above Normal,2002-10-01T00:00:00Z,2003-10-01T00:00:00Z,-122.518,41.5637
415637N1225176W001,1695951,2002-03-28T00:00:00Z,2669.88,2669.88,0,6.5,2663.38,6.5,6.5,NA,Unknown,Water level accuracy is unknown,1,Department of Water Resources,NA,1,Department of Water Resources,NA,NA,37196,43N06W22A001M,43N06W22A001M,Digital Elevation Model,Unknown,1-004,Shasta Valley,Siskiyou,100,Irrigation,Single Well,205,1952-12-11 00:00:00 - 2020-04-10 12:00:00,204,spring,NA,NA,1.5,18.4,2002,18010207,Dry,Dry,2001-10-01T00:00:00Z,2002-10-01T00:00:00Z,-122.518,41.5637
415637N1225176W001,1695950,2001-10-29T00:00:00Z,2669.88,2669.88,NA,NA,NA,NA,NA,Pumping,NA,NA,1,Department of Water Resources,NA,1,Department of Water Resources,NA,NA,37196,43N06W22A001M,43N06W22A001M,Digital Elevation Model,Unknown,1-004,Shasta Valley,Siskiyou,100,Irrigation,Single Well,205,1952-12-11 00:00:00 - 2020-04-10 12:00:00,204,fall,2.7,42.3,NA,NA,2002,18010207,Dry,Dry,2001-10-01T00:00:00Z,2002-10-01T00:00:00Z,-122.518,41.5637
415637N1225176W001,1695949,2001-04-02T00:00:00Z,2669.88,2669.88,0,7.6,2662.28,7.6,7.6,NA,Unknown,Water level accuracy is unknown,1,Department of Water Resources,NA,1,Department of Water Resources,NA,NA,37196,43N06W22A001M,43N06W22A001M,Digital Elevation Model,Unknown,1-004,Shasta Valley,Siskiyou,100,Irrigation,Single Well,205,1952-12-11 00:00:00 - 2020-04-10 12:00:00,204,spring,NA,NA,1.5,18.4,2001,18010207,Critical,Critical,2000-10-01T00:00:00Z,2001-10-01T00:00:00Z,-122.518,41.5637
415637N1225176W001,1695948,2000-10-09T00:00:00Z,2669.88,2669.88,NA,NA,NA,NA,NA,Pumping,NA,NA,1,Department of Water Resources,NA,1,Department of Water Resources,NA,NA,37196,43N06W22A001M,43N06W22A001M,Digital Elevation Model,Unknown,1-004,Shasta Valley,Siskiyou,100,Irrigation,Single Well,205,1952-12-11 00:00:00 - 2020-04-10 12:00:00,204,fall,2.7,42.3,NA,NA,2001,18010207,Critical,Critical,2000-10-01T00:00:00Z,2001-10-01T00:00:00Z,-122.518,41.5637
415637N1225176W001,1695947,2000-03-22T00:00:00Z,2669.88,2669.88,0,7.4,2662.48,7.4,7.4,NA,Unknown,Water level accuracy is unknown,1,Department of Water Resources,NA,1,Department of Water Resources,NA,NA,37196,43N06W22A001M,43N06W22A001M,Digital Elevation Model,Unknown,1-004,Shasta Valley,Siskiyou,100,Irrigation,Single Well,205,1952-12-11 00:00:00 - 2020-04-10 12:00:00,204,spring,NA,NA,1.5,18.4,2000,18010207,Above Normal,Above Normal,1999-10-01T00:00:00Z,2000-10-01T00:00:00Z,-122.518,41.5637
415637N1225176W001,1695945,1999-10-25T00:00:00Z,2669.88,2669.88,0,24.2,2645.68,24.2,24.2,NA,Unknown,Water level accuracy is unknown,1,Department of Water Resources,NA,1,Department of Water Resources,NA,NA,37196,43N06W22A001M,43N06W22A001M,Digital Elevation Model,Unknown,1-004,Shasta Valley,Siskiyou,100,Irrigation,Single Well,205,1952-12-11 00:00:00 - 2020-04-10 12:00:00,204,fall,2.7,42.3,NA,NA,2000,18010207,Above Normal,Above Normal,1999-10-01T00:00:00Z,2000-10-01T00:00:00Z,-122.518,41.5637
415637N1225176W001,1695946,1999-03-15T00:00:00Z,2669.88,2669.88,0,7.5,2662.38,7.5,7.5,NA,Unknown,Water level accuracy is unknown,1,Department of Water Resources,NA,1,Department of Water Resources,NA,NA,37196,43N06W22A001M,43N06W22A001M,Digital Elevation Model,Unknown,1-004,Shasta Valley,Siskiyou,100,Irrigation,Single Well,205,1952-12-11 00:00:00 - 2020-04-10 12:00:00,204,spring,NA,NA,1.5,18.4,1999,18010207,Wet,Wet,1998-10-01T00:00:00Z,1999-10-01T00:00:00Z,-122.518,41.5637
415637N1225176W001,1695944,1998-10-26T00:00:00Z,2669.88,2669.88,0,10.8,2659.08,10.8,10.8,NA,Unknown,Water level accuracy is unknown,1,Department of Water Resources,NA,1,Department of Water Resources,NA,NA,37196,43N06W22A001M,43N06W22A001M,Digital Elevation Model,Unknown,1-004,Shasta Valley,Siskiyou,100,Irrigation,Single Well,205,1952-12-11 00:00:00 - 2020-04-10 12:00:00,204,fall,2.7,42.3,NA,NA,1999,18010207,Wet,Wet,1998-10-01T00:00:00Z,1999-10-01T00:00:00Z,-122.518,41.5637
415637N1225176W001,1695943,1998-04-01T00:00:00Z,2669.88,2669.88,0,8.5,2661.38,8.5,8.5,NA,Unknown,Water level accuracy is unknown,1,Department of Water Resources,NA,1,Department of Water Resources,NA,NA,37196,43N06W22A001M,43N06W22A001M,Digital Elevation Model,Unknown,1-004,Shasta Valley,Siskiyou,100,Irrigation,Single Well,205,1952-12-11 00:00:00 - 2020-04-10 12:00:00,204,spring,NA,NA,1.5,18.4,1998,18010207,Wet,Wet,1997-10-01T00:00:00Z,1998-10-01T00:00:00Z,-122.518,41.5637
415637N1225176W001,1695942,1997-10-23T00:00:00Z,2669.88,2669.88,0,14.6,2655.28,14.6,14.6,NA,Unknown,Water level accuracy is unknown,1,Department of Water Resources,NA,1,Department of Water Resources,NA,NA,37196,43N06W22A001M,43N06W22A001M,Digital Elevation Model,Unknown,1-004,Shasta Valley,Siskiyou,100,Irrigation,Single Well,205,1952-12-11 00:00:00 - 2020-04-10 12:00:00,204,fall,2.7,42.3,NA,NA,1998,18010207,Wet,Wet,1997-10-01T00:00:00Z,1998-10-01T00:00:00Z,-122.518,41.5637
415637N1225176W001,1695941,1997-03-12T00:00:00Z,2669.88,2669.88,0,9.4,2660.48,9.4,9.4,NA,Unknown,Water level accuracy is unknown,1,Department of Water Resources,NA,1,Department of Water Resources,NA,NA,37196,43N06W22A001M,43N06W22A001M,Digital Elevation Model,Unknown,1-004,Shasta Valley,Siskiyou,100,Irrigation,Single Well,205,1952-12-11 00:00:00 - 2020-04-10 12:00:00,204,spring,NA,NA,1.5,18.4,1997,18010207,Wet,Wet,1996-10-01T00:00:00Z,1997-10-01T00:00:00Z,-122.518,41.5637
415637N1225176W001,1695940,1996-10-24T00:00:00Z,2669.88,2669.88,0,23.6,2646.28,23.6,23.6,NA,Unknown,Water level accuracy is unknown,1,Department of Water Resources,NA,1,Department of Water Resources,NA,NA,37196,43N06W22A001M,43N06W22A001M,Digital Elevation Model,Unknown,1-004,Shasta Valley,Siskiyou,100,Irrigation,Single Well,205,1952-12-11 00:00:00 - 2020-04-10 12:00:00,204,fall,2.7,42.3,NA,NA,1997,18010207,Wet,Wet,1996-10-01T00:00:00Z,1997-10-01T00:00:00Z,-122.518,41.5637
415637N1225176W001,1695939,1996-04-13T00:00:00Z,2669.88,2669.88,0,7,2662.88,7,7,NA,Unknown,Water level accuracy is unknown,1,Department of Water Resources,NA,1,Department of Water Resources,NA,NA,37196,43N06W22A001M,43N06W22A001M,Digital Elevation Model,Unknown,1-004,Shasta Valley,Siskiyou,100,Irrigation,Single Well,205,1952-12-11 00:00:00 - 2020-04-10 12:00:00,204,spring,NA,NA,1.5,18.4,1996,18010207,Wet,Wet,1995-10-01T00:00:00Z,1996-10-01T00:00:00Z,-122.518,41.5637
415637N1225176W001,1695938,1995-10-18T00:00:00Z,2669.88,2669.88,0,20.7,2649.18,20.7,20.7,NA,Unknown,Water level accuracy is unknown,1,Department of Water Resources,NA,1,Department of Water Resources,NA,NA,37196,43N06W22A001M,43N06W22A001M,Digital Elevation Model,Unknown,1-004,Shasta Valley,Siskiyou,100,Irrigation,Single Well,205,1952-12-11 00:00:00 - 2020-04-10 12:00:00,204,fall,2.7,42.3,NA,NA,1996,18010207,Wet,Wet,1995-10-01T00:00:00Z,1996-10-01T00:00:00Z,-122.518,41.5637
415637N1225176W001,1695937,1995-03-29T00:00:00Z,2669.88,2669.88,0,8.5,2661.38,8.5,8.5,NA,Unknown,Water level accuracy is unknown,1,Department of Water Resources,NA,1,Department of Water Resources,NA,NA,37196,43N06W22A001M,43N06W22A001M,Digital Elevation Model,Unknown,1-004,Shasta Valley,Siskiyou,100,Irrigation,Single Well,205,1952-12-11 00:00:00 - 2020-04-10 12:00:00,204,spring,NA,NA,1.5,18.4,1995,18010207,Wet,Wet,1994-10-01T00:00:00Z,1995-10-01T00:00:00Z,-122.518,41.5637
415637N1225176W001,1695936,1994-03-31T00:00:00Z,2669.88,2669.88,0,6.7,2663.18,6.7,6.7,NA,Unknown,Water level accuracy is unknown,1,Department of Water Resources,NA,1,Department of Water Resources,NA,NA,37196,43N06W22A001M,43N06W22A001M,Digital Elevation Model,Unknown,1-004,Shasta Valley,Siskiyou,100,Irrigation,Single Well,205,1952-12-11 00:00:00 - 2020-04-10 12:00:00,204,spring,NA,NA,1.5,18.4,1994,18010207,Dry,Dry,1993-10-01T00:00:00Z,1994-10-01T00:00:00Z,-122.518,41.5637
415637N1225176W001,1695935,1993-10-15T00:00:00Z,2669.88,2669.88,0,23.7,2646.18,23.7,23.7,NA,Unknown,Water level accuracy is unknown,1,Department of Water Resources,NA,1,Department of Water Resources,NA,NA,37196,43N06W22A001M,43N06W22A001M,Digital Elevation Model,Unknown,1-004,Shasta Valley,Siskiyou,100,Irrigation,Single Well,205,1952-12-11 00:00:00 - 2020-04-10 12:00:00,204,fall,2.7,42.3,NA,NA,1994,18010207,Dry,Dry,1993-10-01T00:00:00Z,1994-10-01T00:00:00Z,-122.518,41.5637
415637N1225176W001,1695934,1993-03-15T00:00:00Z,2669.88,2669.88,0,9.2,2660.68,9.2,9.2,NA,Unknown,Water level accuracy is unknown,1,Department of Water Resources,NA,1,Department of Water Resources,NA,NA,37196,43N06W22A001M,43N06W22A001M,Digital Elevation Model,Unknown,1-004,Shasta Valley,Siskiyou,100,Irrigation,Single Well,205,1952-12-11 00:00:00 - 2020-04-10 12:00:00,204,spring,NA,NA,1.5,18.4,1993,18010207,Above Normal,Above Normal,1992-10-01T00:00:00Z,1993-10-01T00:00:00Z,-122.518,41.5637
415637N1225176W001,1695933,1992-10-19T00:00:00Z,2669.88,2669.88,0,25,2644.88,25,25,NA,Unknown,Water level accuracy is unknown,1,Department of Water Resources,NA,1,Department of Water Resources,NA,NA,37196,43N06W22A001M,43N06W22A001M,Digital Elevation Model,Unknown,1-004,Shasta Valley,Siskiyou,100,Irrigation,Single Well,205,1952-12-11 00:00:00 - 2020-04-10 12:00:00,204,fall,2.7,42.3,NA,NA,1993,18010207,Above Normal,Above Normal,1992-10-01T00:00:00Z,1993-10-01T00:00:00Z,-122.518,41.5637
415637N1225176W001,1695932,1992-03-04T00:00:00Z,2669.88,2669.88,0,11.6,2658.28,11.6,11.6,NA,Unknown,Water level accuracy is unknown,1,Department of Water Resources,NA,1,Department of Water Resources,NA,NA,37196,43N06W22A001M,43N06W22A001M,Digital Elevation Model,Unknown,1-004,Shasta Valley,Siskiyou,100,Irrigation,Single Well,205,1952-12-11 00:00:00 - 2020-04-10 12:00:00,204,spring,NA,NA,1.5,18.4,1992,18010207,Critical,Critical,1991-10-01T00:00:00Z,1992-10-01T00:00:00Z,-122.518,41.5637
415637N1225176W001,1695931,1991-10-02T00:00:00Z,2669.88,2669.88,0,38.3,2631.58,38.3,38.3,Pumping,Unknown,Water level accuracy is unknown,1,Department of Water Resources,NA,1,Department of Water Resources,NA,NA,37196,43N06W22A001M,43N06W22A001M,Digital Elevation Model,Unknown,1-004,Shasta Valley,Siskiyou,100,Irrigation,Single Well,205,1952-12-11 00:00:00 - 2020-04-10 12:00:00,204,fall,2.7,42.3,NA,NA,1992,18010207,Critical,Critical,1991-10-01T00:00:00Z,1992-10-01T00:00:00Z,-122.518,41.5637
415637N1225176W001,1695930,1991-03-19T00:00:00Z,2669.88,2669.88,0,10.1,2659.78,10.1,10.1,NA,Unknown,Water level accuracy is unknown,1,Department of Water Resources,NA,1,Department of Water Resources,NA,NA,37196,43N06W22A001M,43N06W22A001M,Digital Elevation Model,Unknown,1-004,Shasta Valley,Siskiyou,100,Irrigation,Single Well,205,1952-12-11 00:00:00 - 2020-04-10 12:00:00,204,spring,NA,NA,1.5,18.4,1991,18010207,Critical,Critical,1990-10-01T00:00:00Z,1991-10-01T00:00:00Z,-122.518,41.5637
415637N1225176W001,1695929,1990-10-02T00:00:00Z,2669.88,2669.88,0,29.2,2640.68,29.2,29.2,Pumping,Unknown,Water level accuracy is unknown,1,Department of Water Resources,NA,1,Department of Water Resources,NA,NA,37196,43N06W22A001M,43N06W22A001M,Digital Elevation Model,Unknown,1-004,Shasta Valley,Siskiyou,100,Irrigation,Single Well,205,1952-12-11 00:00:00 - 2020-04-10 12:00:00,204,fall,2.7,42.3,NA,NA,1991,18010207,Critical,Critical,1990-10-01T00:00:00Z,1991-10-01T00:00:00Z,-122.518,41.5637
415637N1225176W001,1695928,1990-07-31T00:00:00Z,2669.88,2669.88,0,34.8,2635.08,34.8,34.8,Pumping,Unknown,Water level accuracy is unknown,1,Department of Water Resources,NA,1,Department of Water Resources,NA,NA,37196,43N06W22A001M,43N06W22A001M,Digital Elevation Model,Unknown,1-004,Shasta Valley,Siskiyou,100,Irrigation,Single Well,205,1952-12-11 00:00:00 - 2020-04-10 12:00:00,204,other,NA,NA,NA,NA,1990,18010207,Dry,Dry,1989-10-01T00:00:00Z,1990-10-01T00:00:00Z,-122.518,41.5637
415637N1225176W001,1695927,1990-03-22T00:00:00Z,2669.88,2669.88,0,10.2,2659.68,10.2,10.2,NA,Unknown,Water level accuracy is unknown,1,Department of Water Resources,NA,1,Department of Water Resources,NA,NA,37196,43N06W22A001M,43N06W22A001M,Digital Elevation Model,Unknown,1-004,Shasta Valley,Siskiyou,100,Irrigation,Single Well,205,1952-12-11 00:00:00 - 2020-04-10 12:00:00,204,spring,NA,NA,1.5,18.4,1990,18010207,Dry,Dry,1989-10-01T00:00:00Z,1990-10-01T00:00:00Z,-122.518,41.5637
415637N1225176W001,1695926,1989-10-05T00:00:00Z,2669.88,2669.88,0,17.3,2652.58,17.3,17.3,NA,Unknown,Water level accuracy is unknown,1,Department of Water Resources,NA,1,Department of Water Resources,NA,NA,37196,43N06W22A001M,43N06W22A001M,Digital Elevation Model,Unknown,1-004,Shasta Valley,Siskiyou,100,Irrigation,Single Well,205,1952-12-11 00:00:00 - 2020-04-10 12:00:00,204,fall,2.7,42.3,NA,NA,1990,18010207,Dry,Dry,1989-10-01T00:00:00Z,1990-10-01T00:00:00Z,-122.518,41.5637
415637N1225176W001,1695925,1989-03-23T00:00:00Z,2669.88,2669.88,0,9.3,2660.58,9.3,9.3,NA,Unknown,Water level accuracy is unknown,1,Department of Water Resources,NA,1,Department of Water Resources,NA,NA,37196,43N06W22A001M,43N06W22A001M,Digital Elevation Model,Unknown,1-004,Shasta Valley,Siskiyou,100,Irrigation,Single Well,205,1952-12-11 00:00:00 - 2020-04-10 12:00:00,204,spring,NA,NA,1.5,18.4,1989,18010207,Below Normal,Below Normal,1988-10-01T00:00:00Z,1989-10-01T00:00:00Z,-122.518,41.5637
415637N1225176W001,1695924,1988-10-26T00:00:00Z,2669.88,2669.88,0,14.7,2655.18,14.7,14.7,NA,Unknown,Water level accuracy is unknown,1,Department of Water Resources,NA,1,Department of Water Resources,NA,NA,37196,43N06W22A001M,43N06W22A001M,Digital Elevation Model,Unknown,1-004,Shasta Valley,Siskiyou,100,Irrigation,Single Well,205,1952-12-11 00:00:00 - 2020-04-10 12:00:00,204,fall,2.7,42.3,NA,NA,1989,18010207,Below Normal,Below Normal,1988-10-01T00:00:00Z,1989-10-01T00:00:00Z,-122.518,41.5637
415637N1225176W001,1695923,1988-03-14T00:00:00Z,2669.88,2669.88,0,11.3,2658.58,11.3,11.3,Oil or foreign substance in casing,Unknown,Water level accuracy is unknown,1,Department of Water Resources,NA,1,Department of Water Resources,NA,NA,37196,43N06W22A001M,43N06W22A001M,Digital Elevation Model,Unknown,1-004,Shasta Valley,Siskiyou,100,Irrigation,Single Well,205,1952-12-11 00:00:00 - 2020-04-10 12:00:00,204,spring,NA,NA,1.5,18.4,1988,18010207,Critical,Critical,1987-10-01T00:00:00Z,1988-10-01T00:00:00Z,-122.518,41.5637
415637N1225176W001,1695922,1987-10-21T00:00:00Z,2669.88,2669.88,0,20.4,2649.48,20.4,20.4,NA,Unknown,Water level accuracy is unknown,1,Department of Water Resources,NA,1,Department of Water Resources,NA,NA,37196,43N06W22A001M,43N06W22A001M,Digital Elevation Model,Unknown,1-004,Shasta Valley,Siskiyou,100,Irrigation,Single Well,205,1952-12-11 00:00:00 - 2020-04-10 12:00:00,204,fall,2.7,42.3,NA,NA,1988,18010207,Critical,Critical,1987-10-01T00:00:00Z,1988-10-01T00:00:00Z,-122.518,41.5637
415637N1225176W001,1695921,1987-04-22T00:00:00Z,2669.88,2669.88,NA,NA,NA,NA,NA,Pumping,NA,NA,1,Department of Water Resources,NA,1,Department of Water Resources,NA,NA,37196,43N06W22A001M,43N06W22A001M,Digital Elevation Model,Unknown,1-004,Shasta Valley,Siskiyou,100,Irrigation,Single Well,205,1952-12-11 00:00:00 - 2020-04-10 12:00:00,204,spring,NA,NA,1.5,18.4,1987,18010207,Critical,Critical,1986-10-01T00:00:00Z,1987-10-01T00:00:00Z,-122.518,41.5637
415637N1225176W001,1695920,1986-09-24T00:00:00Z,2669.88,2669.88,0,19.4,2650.48,19.4,19.4,NA,Unknown,Water level accuracy is unknown,1,Department of Water Resources,NA,1,Department of Water Resources,NA,NA,37196,43N06W22A001M,43N06W22A001M,Digital Elevation Model,Unknown,1-004,Shasta Valley,Siskiyou,100,Irrigation,Single Well,205,1952-12-11 00:00:00 - 2020-04-10 12:00:00,204,fall,2.7,42.3,NA,NA,1986,18010207,Above Normal,Above Normal,1985-10-01T00:00:00Z,1986-10-01T00:00:00Z,-122.518,41.5637
415637N1225176W001,1695919,1986-03-26T00:00:00Z,2669.88,2669.88,0,8,2661.88,8,8,NA,Unknown,Water level accuracy is unknown,1,Department of Water Resources,NA,1,Department of Water Resources,NA,NA,37196,43N06W22A001M,43N06W22A001M,Digital Elevation Model,Unknown,1-004,Shasta Valley,Siskiyou,100,Irrigation,Single Well,205,1952-12-11 00:00:00 - 2020-04-10 12:00:00,204,spring,NA,NA,1.5,18.4,1986,18010207,Above Normal,Above Normal,1985-10-01T00:00:00Z,1986-10-01T00:00:00Z,-122.518,41.5637
415637N1225176W001,1695918,1985-09-23T00:00:00Z,2669.88,2669.88,0,17.1,2652.78,17.1,17.1,NA,Unknown,Water level accuracy is unknown,1,Department of Water Resources,NA,1,Department of Water Resources,NA,NA,37196,43N06W22A001M,43N06W22A001M,Digital Elevation Model,Unknown,1-004,Shasta Valley,Siskiyou,100,Irrigation,Single Well,205,1952-12-11 00:00:00 - 2020-04-10 12:00:00,204,fall,2.7,42.3,NA,NA,1985,18010207,Dry,Dry,1984-10-01T00:00:00Z,1985-10-01T00:00:00Z,-122.518,41.5637
415637N1225176W001,1695917,1985-03-14T00:00:00Z,2669.88,2669.88,0,9.5,2660.38,9.5,9.5,NA,Unknown,Water level accuracy is unknown,1,Department of Water Resources,NA,1,Department of Water Resources,NA,NA,37196,43N06W22A001M,43N06W22A001M,Digital Elevation Model,Unknown,1-004,Shasta Valley,Siskiyou,100,Irrigation,Single Well,205,1952-12-11 00:00:00 - 2020-04-10 12:00:00,204,spring,NA,NA,1.5,18.4,1985,18010207,Dry,Dry,1984-10-01T00:00:00Z,1985-10-01T00:00:00Z,-122.518,41.5637
415637N1225176W001,1695916,1984-10-30T00:00:00Z,2669.88,2669.88,0,12,2657.88,12,12,NA,Unknown,Water level accuracy is unknown,1,Department of Water Resources,NA,1,Department of Water Resources,NA,NA,37196,43N06W22A001M,43N06W22A001M,Digital Elevation Model,Unknown,1-004,Shasta Valley,Siskiyou,100,Irrigation,Single Well,205,1952-12-11 00:00:00 - 2020-04-10 12:00:00,204,fall,2.7,42.3,NA,NA,1985,18010207,Dry,Dry,1984-10-01T00:00:00Z,1985-10-01T00:00:00Z,-122.518,41.5637
415637N1225176W001,1695915,1984-03-23T00:00:00Z,2669.88,2669.88,0,8.9,2660.98,8.9,8.9,NA,Unknown,Water level accuracy is unknown,1,Department of Water Resources,NA,1,Department of Water Resources,NA,NA,37196,43N06W22A001M,43N06W22A001M,Digital Elevation Model,Unknown,1-004,Shasta Valley,Siskiyou,100,Irrigation,Single Well,205,1952-12-11 00:00:00 - 2020-04-10 12:00:00,204,spring,NA,NA,1.5,18.4,1984,18010207,Wet,Wet,1983-10-01T00:00:00Z,1984-10-01T00:00:00Z,-122.518,41.5637
415637N1225176W001,1695914,1983-10-24T00:00:00Z,2669.88,2669.88,0,29,2640.88,29,29,NA,Unknown,Water level accuracy is unknown,1,Department of Water Resources,NA,1,Department of Water Resources,NA,NA,37196,43N06W22A001M,43N06W22A001M,Digital Elevation Model,Unknown,1-004,Shasta Valley,Siskiyou,100,Irrigation,Single Well,205,1952-12-11 00:00:00 - 2020-04-10 12:00:00,204,fall,2.7,42.3,NA,NA,1984,18010207,Wet,Wet,1983-10-01T00:00:00Z,1984-10-01T00:00:00Z,-122.518,41.5637
415637N1225176W001,1695913,1983-04-11T00:00:00Z,2669.88,2669.88,0,9.3,2660.58,9.3,9.3,NA,Unknown,Water level accuracy is unknown,1,Department of Water Resources,NA,1,Department of Water Resources,NA,NA,37196,43N06W22A001M,43N06W22A001M,Digital Elevation Model,Unknown,1-004,Shasta Valley,Siskiyou,100,Irrigation,Single Well,205,1952-12-11 00:00:00 - 2020-04-10 12:00:00,204,spring,NA,NA,1.5,18.4,1983,18010207,Wet,Wet,1982-10-01T00:00:00Z,1983-10-01T00:00:00Z,-122.518,41.5637
415637N1225176W001,1695912,1982-10-13T00:00:00Z,2669.88,2669.88,NA,NA,NA,NA,NA,Pumping,NA,NA,1,Department of Water Resources,NA,1,Department of Water Resources,NA,NA,37196,43N06W22A001M,43N06W22A001M,Digital Elevation Model,Unknown,1-004,Shasta Valley,Siskiyou,100,Irrigation,Single Well,205,1952-12-11 00:00:00 - 2020-04-10 12:00:00,204,fall,2.7,42.3,NA,NA,1983,18010207,Wet,Wet,1982-10-01T00:00:00Z,1983-10-01T00:00:00Z,-122.518,41.5637
415637N1225176W001,1695911,1982-04-20T00:00:00Z,2669.88,2669.88,0,10.1,2659.78,10.1,10.1,NA,Unknown,Water level accuracy is unknown,1,Department of Water Resources,NA,1,Department of Water Resources,NA,NA,37196,43N06W22A001M,43N06W22A001M,Digital Elevation Model,Unknown,1-004,Shasta Valley,Siskiyou,100,Irrigation,Single Well,205,1952-12-11 00:00:00 - 2020-04-10 12:00:00,204,spring,NA,NA,1.5,18.4,1982,18010207,Wet,Wet,1981-10-01T00:00:00Z,1982-10-01T00:00:00Z,-122.518,41.5637
415637N1225176W001,1695910,1981-10-07T00:00:00Z,2669.88,2669.88,NA,NA,NA,NA,NA,Pumping,NA,NA,1,Department of Water Resources,NA,1,Department of Water Resources,NA,NA,37196,43N06W22A001M,43N06W22A001M,Digital Elevation Model,Unknown,1-004,Shasta Valley,Siskiyou,100,Irrigation,Single Well,205,1952-12-11 00:00:00 - 2020-04-10 12:00:00,204,fall,2.7,42.3,NA,NA,1982,18010207,Wet,Wet,1981-10-01T00:00:00Z,1982-10-01T00:00:00Z,-122.518,41.5637
415637N1225176W001,1695909,1981-03-28T00:00:00Z,2669.88,2669.88,0,10.8,2659.08,10.8,10.8,NA,Unknown,Water level accuracy is unknown,1,Department of Water Resources,NA,1,Department of Water Resources,NA,NA,37196,43N06W22A001M,43N06W22A001M,Digital Elevation Model,Unknown,1-004,Shasta Valley,Siskiyou,100,Irrigation,Single Well,205,1952-12-11 00:00:00 - 2020-04-10 12:00:00,204,spring,NA,NA,1.5,18.4,1981,18010207,Dry,Dry,1980-10-01T00:00:00Z,1981-10-01T00:00:00Z,-122.518,41.5637
415637N1225176W001,1695908,1980-10-01T00:00:00Z,2669.88,2669.88,NA,NA,NA,NA,NA,Pumping,NA,NA,1,Department of Water Resources,NA,1,Department of Water Resources,NA,NA,37196,43N06W22A001M,43N06W22A001M,Digital Elevation Model,Unknown,1-004,Shasta Valley,Siskiyou,100,Irrigation,Single Well,205,1952-12-11 00:00:00 - 2020-04-10 12:00:00,204,fall,2.7,42.3,NA,NA,1981,18010207,Dry,Dry,1980-10-01T00:00:00Z,1981-10-01T00:00:00Z,-122.518,41.5637
415637N1225176W001,1695907,1980-03-20T00:00:00Z,2669.88,2669.88,0,9.9,2659.98,9.9,9.9,NA,Unknown,Water level accuracy is unknown,1,Department of Water Resources,NA,1,Department of Water Resources,NA,NA,37196,43N06W22A001M,43N06W22A001M,Digital Elevation Model,Unknown,1-004,Shasta Valley,Siskiyou,100,Irrigation,Single Well,205,1952-12-11 00:00:00 - 2020-04-10 12:00:00,204,spring,NA,NA,1.5,18.4,1980,18010207,Below Normal,Below Normal,1979-10-01T00:00:00Z,1980-10-01T00:00:00Z,-122.518,41.5637
415637N1225176W001,1695906,1979-11-01T00:00:00Z,2669.88,2669.88,0,19.7,2650.18,19.7,19.7,NA,Unknown,Water level accuracy is unknown,1,Department of Water Resources,NA,1,Department of Water Resources,NA,NA,37196,43N06W22A001M,43N06W22A001M,Digital Elevation Model,Unknown,1-004,Shasta Valley,Siskiyou,100,Irrigation,Single Well,205,1952-12-11 00:00:00 - 2020-04-10 12:00:00,204,fall,2.7,42.3,NA,NA,1980,18010207,Below Normal,Below Normal,1979-10-01T00:00:00Z,1980-10-01T00:00:00Z,-122.518,41.5637
415637N1225176W001,1695905,1979-04-04T00:00:00Z,2669.88,2669.88,0,9.1,2660.78,9.1,9.1,NA,Unknown,Water level accuracy is unknown,1,Department of Water Resources,NA,1,Department of Water Resources,NA,NA,37196,43N06W22A001M,43N06W22A001M,Digital Elevation Model,Unknown,1-004,Shasta Valley,Siskiyou,100,Irrigation,Single Well,205,1952-12-11 00:00:00 - 2020-04-10 12:00:00,204,spring,NA,NA,1.5,18.4,1979,18010207,Dry,Dry,1978-10-01T00:00:00Z,1979-10-01T00:00:00Z,-122.518,41.5637
415637N1225176W001,1695904,1978-10-25T00:00:00Z,2669.88,2669.88,0,22.5,2647.38,22.5,22.5,NA,Unknown,Water level accuracy is unknown,1,Department of Water Resources,NA,1,Department of Water Resources,NA,NA,37196,43N06W22A001M,43N06W22A001M,Digital Elevation Model,Unknown,1-004,Shasta Valley,Siskiyou,100,Irrigation,Single Well,205,1952-12-11 00:00:00 - 2020-04-10 12:00:00,204,fall,2.7,42.3,NA,NA,1979,18010207,Dry,Dry,1978-10-01T00:00:00Z,1979-10-01T00:00:00Z,-122.518,41.5637
415637N1225176W001,1695903,1978-03-30T00:00:00Z,2669.88,2669.88,0,9.4,2660.48,9.4,9.4,NA,Unknown,Water level accuracy is unknown,1,Department of Water Resources,NA,1,Department of Water Resources,NA,NA,37196,43N06W22A001M,43N06W22A001M,Digital Elevation Model,Unknown,1-004,Shasta Valley,Siskiyou,100,Irrigation,Single Well,205,1952-12-11 00:00:00 - 2020-04-10 12:00:00,204,spring,NA,NA,1.5,18.4,1978,18010207,Wet,Wet,1977-10-01T00:00:00Z,1978-10-01T00:00:00Z,-122.518,41.5637
415637N1225176W001,1695902,1977-10-19T00:00:00Z,2669.88,2669.88,0,14.5,2655.38,14.5,14.5,NA,Unknown,Water level accuracy is unknown,1,Department of Water Resources,NA,1,Department of Water Resources,NA,NA,37196,43N06W22A001M,43N06W22A001M,Digital Elevation Model,Unknown,1-004,Shasta Valley,Siskiyou,100,Irrigation,Single Well,205,1952-12-11 00:00:00 - 2020-04-10 12:00:00,204,fall,2.7,42.3,NA,NA,1978,18010207,Wet,Wet,1977-10-01T00:00:00Z,1978-10-01T00:00:00Z,-122.518,41.5637
415637N1225176W001,1695901,1977-03-30T00:00:00Z,2669.88,2669.88,0,7.7,2662.18,7.7,7.7,NA,Unknown,Water level accuracy is unknown,1,Department of Water Resources,NA,1,Department of Water Resources,NA,NA,37196,43N06W22A001M,43N06W22A001M,Digital Elevation Model,Unknown,1-004,Shasta Valley,Siskiyou,100,Irrigation,Single Well,205,1952-12-11 00:00:00 - 2020-04-10 12:00:00,204,spring,NA,NA,1.5,18.4,1977,18010207,Critical,Critical,1976-10-01T00:00:00Z,1977-10-01T00:00:00Z,-122.518,41.5637
415637N1225176W001,1695900,1976-11-02T00:00:00Z,2669.88,2669.88,NA,NA,NA,NA,NA,Pumping,NA,NA,1,Department of Water Resources,NA,1,Department of Water Resources,NA,NA,37196,43N06W22A001M,43N06W22A001M,Digital Elevation Model,Unknown,1-004,Shasta Valley,Siskiyou,100,Irrigation,Single Well,205,1952-12-11 00:00:00 - 2020-04-10 12:00:00,204,fall,2.7,42.3,NA,NA,1977,18010207,Critical,Critical,1976-10-01T00:00:00Z,1977-10-01T00:00:00Z,-122.518,41.5637
415637N1225176W001,1695899,1976-03-17T00:00:00Z,2669.88,2669.88,0,6.7,2663.18,6.7,6.7,NA,Unknown,Water level accuracy is unknown,1,Department of Water Resources,NA,1,Department of Water Resources,NA,NA,37196,43N06W22A001M,43N06W22A001M,Digital Elevation Model,Unknown,1-004,Shasta Valley,Siskiyou,100,Irrigation,Single Well,205,1952-12-11 00:00:00 - 2020-04-10 12:00:00,204,spring,NA,NA,1.5,18.4,1976,18010207,Dry,Dry,1975-10-01T00:00:00Z,1976-10-01T00:00:00Z,-122.518,41.5637
415637N1225176W001,1695898,1975-11-04T00:00:00Z,2669.88,2669.88,0,14.8,2655.08,14.8,14.8,NA,Unknown,Water level accuracy is unknown,1,Department of Water Resources,NA,1,Department of Water Resources,NA,NA,37196,43N06W22A001M,43N06W22A001M,Digital Elevation Model,Unknown,1-004,Shasta Valley,Siskiyou,100,Irrigation,Single Well,205,1952-12-11 00:00:00 - 2020-04-10 12:00:00,204,fall,2.7,42.3,NA,NA,1976,18010207,Dry,Dry,1975-10-01T00:00:00Z,1976-10-01T00:00:00Z,-122.518,41.5637
415637N1225176W001,1695897,1975-04-18T00:00:00Z,2669.88,2669.88,0,6.6,2663.28,6.6,6.6,NA,Unknown,Water level accuracy is unknown,1,Department of Water Resources,NA,1,Department of Water Resources,NA,NA,37196,43N06W22A001M,43N06W22A001M,Digital Elevation Model,Unknown,1-004,Shasta Valley,Siskiyou,100,Irrigation,Single Well,205,1952-12-11 00:00:00 - 2020-04-10 12:00:00,204,spring,NA,NA,1.5,18.4,1975,18010207,Wet,Wet,1974-10-01T00:00:00Z,1975-10-01T00:00:00Z,-122.518,41.5637
415637N1225176W001,1695896,1974-11-07T00:00:00Z,2669.88,2669.88,0,17,2652.88,17,17,NA,Unknown,Water level accuracy is unknown,1,Department of Water Resources,NA,1,Department of Water Resources,NA,NA,37196,43N06W22A001M,43N06W22A001M,Digital Elevation Model,Unknown,1-004,Shasta Valley,Siskiyou,100,Irrigation,Single Well,205,1952-12-11 00:00:00 - 2020-04-10 12:00:00,204,fall,2.7,42.3,NA,NA,1975,18010207,Wet,Wet,1974-10-01T00:00:00Z,1975-10-01T00:00:00Z,-122.518,41.5637
415637N1225176W001,1695895,1974-04-10T00:00:00Z,2669.88,2669.88,0,6.7,2663.18,6.7,6.7,NA,Unknown,Water level accuracy is unknown,1,Department of Water Resources,NA,1,Department of Water Resources,NA,NA,37196,43N06W22A001M,43N06W22A001M,Digital Elevation Model,Unknown,1-004,Shasta Valley,Siskiyou,100,Irrigation,Single Well,205,1952-12-11 00:00:00 - 2020-04-10 12:00:00,204,spring,NA,NA,1.5,18.4,1974,18010207,Wet,Wet,1973-10-01T00:00:00Z,1974-10-01T00:00:00Z,-122.518,41.5637
415637N1225176W001,1695894,1973-10-09T00:00:00Z,2669.88,2669.88,0,28,2641.88,28,28,NA,Unknown,Water level accuracy is unknown,1,Department of Water Resources,NA,1,Department of Water Resources,NA,NA,37196,43N06W22A001M,43N06W22A001M,Digital Elevation Model,Unknown,1-004,Shasta Valley,Siskiyou,100,Irrigation,Single Well,205,1952-12-11 00:00:00 - 2020-04-10 12:00:00,204,fall,2.7,42.3,NA,NA,1974,18010207,Wet,Wet,1973-10-01T00:00:00Z,1974-10-01T00:00:00Z,-122.518,41.5637
415637N1225176W001,1695893,1973-04-20T00:00:00Z,2669.88,2669.88,0,15.5,2654.38,15.5,15.5,Nearby pump operating,Unknown,Water level accuracy is unknown,1,Department of Water Resources,NA,1,Department of Water Resources,NA,NA,37196,43N06W22A001M,43N06W22A001M,Digital Elevation Model,Unknown,1-004,Shasta Valley,Siskiyou,100,Irrigation,Single Well,205,1952-12-11 00:00:00 - 2020-04-10 12:00:00,204,spring,NA,NA,1.5,18.4,1973,18010207,Critical,Critical,1972-10-01T00:00:00Z,1973-10-01T00:00:00Z,-122.518,41.5637
415637N1225176W001,1695892,1972-10-03T00:00:00Z,2669.88,2669.88,0,13.6,2656.28,13.6,13.6,NA,Unknown,Water level accuracy is unknown,1,Department of Water Resources,NA,1,Department of Water Resources,NA,NA,37196,43N06W22A001M,43N06W22A001M,Digital Elevation Model,Unknown,1-004,Shasta Valley,Siskiyou,100,Irrigation,Single Well,205,1952-12-11 00:00:00 - 2020-04-10 12:00:00,204,fall,2.7,42.3,NA,NA,1973,18010207,Critical,Critical,1972-10-01T00:00:00Z,1973-10-01T00:00:00Z,-122.518,41.5637
415637N1225176W001,1695891,1972-03-20T00:00:00Z,2669.88,2669.88,0,5.9,2663.98,5.9,5.9,NA,Unknown,Water level accuracy is unknown,1,Department of Water Resources,NA,1,Department of Water Resources,NA,NA,37196,43N06W22A001M,43N06W22A001M,Digital Elevation Model,Unknown,1-004,Shasta Valley,Siskiyou,100,Irrigation,Single Well,205,1952-12-11 00:00:00 - 2020-04-10 12:00:00,204,spring,NA,NA,1.5,18.4,1972,18010207,Above Normal,Above Normal,1971-10-01T00:00:00Z,1972-10-01T00:00:00Z,-122.518,41.5637
415637N1225176W001,1695890,1971-10-26T00:00:00Z,2669.88,2669.88,NA,NA,NA,NA,NA,Special/Other,NA,NA,1,Department of Water Resources,MEASURED WRONG WELL,1,Department of Water Resources,NA,NA,37196,43N06W22A001M,43N06W22A001M,Digital Elevation Model,Unknown,1-004,Shasta Valley,Siskiyou,100,Irrigation,Single Well,205,1952-12-11 00:00:00 - 2020-04-10 12:00:00,204,fall,2.7,42.3,NA,NA,1972,18010207,Above Normal,Above Normal,1971-10-01T00:00:00Z,1972-10-01T00:00:00Z,-122.518,41.5637
415637N1225176W001,1695889,1971-04-07T00:00:00Z,2669.88,2669.88,NA,NA,NA,NA,NA,Special/Other,NA,NA,1,Department of Water Resources,MEASURED WRONG WELL,1,Department of Water Resources,NA,NA,37196,43N06W22A001M,43N06W22A001M,Digital Elevation Model,Unknown,1-004,Shasta Valley,Siskiyou,100,Irrigation,Single Well,205,1952-12-11 00:00:00 - 2020-04-10 12:00:00,204,spring,NA,NA,1.5,18.4,1971,18010207,Wet,Wet,1970-10-01T00:00:00Z,1971-10-01T00:00:00Z,-122.518,41.5637
415637N1225176W001,1695888,1970-10-07T00:00:00Z,2669.88,2669.88,NA,NA,NA,NA,NA,Special/Other,NA,NA,1,Department of Water Resources,MEASURED WRONG WELL,1,Department of Water Resources,NA,NA,37196,43N06W22A001M,43N06W22A001M,Digital Elevation Model,Unknown,1-004,Shasta Valley,Siskiyou,100,Irrigation,Single Well,205,1952-12-11 00:00:00 - 2020-04-10 12:00:00,204,fall,2.7,42.3,NA,NA,1971,18010207,Wet,Wet,1970-10-01T00:00:00Z,1971-10-01T00:00:00Z,-122.518,41.5637
415637N1225176W001,1695970,1970-04-06T00:00:00Z,2669.88,2669.88,NA,NA,NA,NA,NA,Special/Other,NA,NA,1,Department of Water Resources,MEASURED WRONG WELL,1,Department of Water Resources,NA,NA,37196,43N06W22A001M,43N06W22A001M,Digital Elevation Model,Unknown,1-004,Shasta Valley,Siskiyou,100,Irrigation,Single Well,205,1952-12-11 00:00:00 - 2020-04-10 12:00:00,204,spring,NA,NA,1.5,18.4,1970,18010207,Above Normal,Above Normal,1969-10-01T00:00:00Z,1970-10-01T00:00:00Z,-122.518,41.5637
415637N1225176W001,1695971,1969-10-07T00:00:00Z,2669.88,2669.88,NA,NA,NA,NA,NA,Special/Other,NA,NA,1,Department of Water Resources,MEASURED WRONG WELL,1,Department of Water Resources,NA,NA,37196,43N06W22A001M,43N06W22A001M,Digital Elevation Model,Unknown,1-004,Shasta Valley,Siskiyou,100,Irrigation,Single Well,205,1952-12-11 00:00:00 - 2020-04-10 12:00:00,204,fall,2.7,42.3,NA,NA,1970,18010207,Above Normal,Above Normal,1969-10-01T00:00:00Z,1970-10-01T00:00:00Z,-122.518,41.5637
415637N1225176W001,1695972,1969-04-07T00:00:00Z,2669.88,2669.88,NA,NA,NA,NA,NA,Special/Other,NA,NA,1,Department of Water Resources,MEASURED WRONG WELL,1,Department of Water Resources,NA,NA,37196,43N06W22A001M,43N06W22A001M,Digital Elevation Model,Unknown,1-004,Shasta Valley,Siskiyou,100,Irrigation,Single Well,205,1952-12-11 00:00:00 - 2020-04-10 12:00:00,204,spring,NA,NA,1.5,18.4,1969,18010207,Above Normal,Above Normal,1968-10-01T00:00:00Z,1969-10-01T00:00:00Z,-122.518,41.5637
415637N1225176W001,1695973,1968-09-30T00:00:00Z,2669.88,2669.88,NA,NA,NA,NA,NA,Special/Other,NA,NA,1,Department of Water Resources,MEASURED WRONG WELL,1,Department of Water Resources,NA,NA,37196,43N06W22A001M,43N06W22A001M,Digital Elevation Model,Unknown,1-004,Shasta Valley,Siskiyou,100,Irrigation,Single Well,205,1952-12-11 00:00:00 - 2020-04-10 12:00:00,204,fall,2.7,42.3,NA,NA,1968,18010207,Dry,Dry,1967-10-01T00:00:00Z,1968-10-01T00:00:00Z,-122.518,41.5637
415637N1225176W001,1695974,1968-04-11T00:00:00Z,2669.88,2669.88,NA,NA,NA,NA,NA,Special/Other,NA,NA,1,Department of Water Resources,MEASURED WRONG WELL,1,Department of Water Resources,NA,NA,37196,43N06W22A001M,43N06W22A001M,Digital Elevation Model,Unknown,1-004,Shasta Valley,Siskiyou,100,Irrigation,Single Well,205,1952-12-11 00:00:00 - 2020-04-10 12:00:00,204,spring,NA,NA,1.5,18.4,1968,18010207,Dry,Dry,1967-10-01T00:00:00Z,1968-10-01T00:00:00Z,-122.518,41.5637
415637N1225176W001,1695975,1967-10-04T00:00:00Z,2669.88,2669.88,NA,NA,NA,NA,NA,Special/Other,NA,NA,1,Department of Water Resources,MEASURED WRONG WELL,1,Department of Water Resources,NA,NA,37196,43N06W22A001M,43N06W22A001M,Digital Elevation Model,Unknown,1-004,Shasta Valley,Siskiyou,100,Irrigation,Single Well,205,1952-12-11 00:00:00 - 2020-04-10 12:00:00,204,fall,2.7,42.3,NA,NA,1968,18010207,Dry,Dry,1967-10-01T00:00:00Z,1968-10-01T00:00:00Z,-122.518,41.5637
415637N1225176W001,1695976,1967-04-13T00:00:00Z,2669.88,2669.88,NA,NA,NA,NA,NA,Special/Other,NA,NA,1,Department of Water Resources,MEASURED WRONG WELL,1,Department of Water Resources,NA,NA,37196,43N06W22A001M,43N06W22A001M,Digital Elevation Model,Unknown,1-004,Shasta Valley,Siskiyou,100,Irrigation,Single Well,205,1952-12-11 00:00:00 - 2020-04-10 12:00:00,204,spring,NA,NA,1.5,18.4,1967,18010207,Below Normal,Below Normal,1966-10-01T00:00:00Z,1967-10-01T00:00:00Z,-122.518,41.5637
415637N1225176W001,1695977,1966-10-03T00:00:00Z,2669.88,2669.88,NA,NA,NA,NA,NA,Special/Other,NA,NA,1,Department of Water Resources,MEASURED WRONG WELL,1,Department of Water Resources,NA,NA,37196,43N06W22A001M,43N06W22A001M,Digital Elevation Model,Unknown,1-004,Shasta Valley,Siskiyou,100,Irrigation,Single Well,205,1952-12-11 00:00:00 - 2020-04-10 12:00:00,204,fall,2.7,42.3,NA,NA,1967,18010207,Below Normal,Below Normal,1966-10-01T00:00:00Z,1967-10-01T00:00:00Z,-122.518,41.5637
415637N1225176W001,1695887,1966-04-05T00:00:00Z,2669.88,2669.88,NA,NA,NA,NA,NA,Pumping,NA,NA,1,Department of Water Resources,NA,1,Department of Water Resources,NA,NA,37196,43N06W22A001M,43N06W22A001M,Digital Elevation Model,Unknown,1-004,Shasta Valley,Siskiyou,100,Irrigation,Single Well,205,1952-12-11 00:00:00 - 2020-04-10 12:00:00,204,spring,NA,NA,1.5,18.4,1966,18010207,Dry,Dry,1965-10-01T00:00:00Z,1966-10-01T00:00:00Z,-122.518,41.5637
415637N1225176W001,1695886,1966-03-04T00:00:00Z,2669.88,2669.88,0,6,2663.88,6,6,NA,Unknown,Water level accuracy is unknown,1,Department of Water Resources,NA,5167,United States Geological Survey,NA,NA,37196,43N06W22A001M,43N06W22A001M,Digital Elevation Model,Unknown,1-004,Shasta Valley,Siskiyou,100,Irrigation,Single Well,205,1952-12-11 00:00:00 - 2020-04-10 12:00:00,204,spring,NA,NA,1.5,18.4,1966,18010207,Dry,Dry,1965-10-01T00:00:00Z,1966-10-01T00:00:00Z,-122.518,41.5637
415637N1225176W001,1695885,1966-02-04T00:00:00Z,2669.88,2669.88,NA,NA,NA,NA,NA,Pumping,NA,NA,1,Department of Water Resources,NA,5167,United States Geological Survey,NA,NA,37196,43N06W22A001M,43N06W22A001M,Digital Elevation Model,Unknown,1-004,Shasta Valley,Siskiyou,100,Irrigation,Single Well,205,1952-12-11 00:00:00 - 2020-04-10 12:00:00,204,other,NA,NA,NA,NA,1966,18010207,Dry,Dry,1965-10-01T00:00:00Z,1966-10-01T00:00:00Z,-122.518,41.5637
415637N1225176W001,1695884,1966-01-10T00:00:00Z,2669.88,2669.88,NA,NA,NA,NA,NA,Pumping,NA,NA,1,Department of Water Resources,NA,5167,United States Geological Survey,NA,NA,37196,43N06W22A001M,43N06W22A001M,Digital Elevation Model,Unknown,1-004,Shasta Valley,Siskiyou,100,Irrigation,Single Well,205,1952-12-11 00:00:00 - 2020-04-10 12:00:00,204,other,NA,NA,NA,NA,1966,18010207,Dry,Dry,1965-10-01T00:00:00Z,1966-10-01T00:00:00Z,-122.518,41.5637
415637N1225176W001,1695883,1965-12-03T00:00:00Z,2669.88,2669.88,NA,NA,NA,NA,NA,Pumping,NA,NA,1,Department of Water Resources,NA,5167,United States Geological Survey,NA,NA,37196,43N06W22A001M,43N06W22A001M,Digital Elevation Model,Unknown,1-004,Shasta Valley,Siskiyou,100,Irrigation,Single Well,205,1952-12-11 00:00:00 - 2020-04-10 12:00:00,204,other,NA,NA,NA,NA,1966,18010207,Dry,Dry,1965-10-01T00:00:00Z,1966-10-01T00:00:00Z,-122.518,41.5637
415637N1225176W001,1695882,1965-11-03T00:00:00Z,2669.88,2669.88,0,10.8,2659.08,10.8,10.8,Pumping,Unknown,Water level accuracy is unknown,1,Department of Water Resources,NA,5167,United States Geological Survey,NA,NA,37196,43N06W22A001M,43N06W22A001M,Digital Elevation Model,Unknown,1-004,Shasta Valley,Siskiyou,100,Irrigation,Single Well,205,1952-12-11 00:00:00 - 2020-04-10 12:00:00,204,fall,2.7,42.3,NA,NA,1966,18010207,Dry,Dry,1965-10-01T00:00:00Z,1966-10-01T00:00:00Z,-122.518,41.5637
415637N1225176W001,1695881,1965-09-25T00:00:00Z,2669.88,2669.88,0,22.8,2647.08,22.8,22.8,Pumping,Unknown,Water level accuracy is unknown,1,Department of Water Resources,NA,5167,United States Geological Survey,NA,NA,37196,43N06W22A001M,43N06W22A001M,Digital Elevation Model,Unknown,1-004,Shasta Valley,Siskiyou,100,Irrigation,Single Well,205,1952-12-11 00:00:00 - 2020-04-10 12:00:00,204,fall,2.7,42.3,NA,NA,1965,18010207,Wet,Wet,1964-10-01T00:00:00Z,1965-10-01T00:00:00Z,-122.518,41.5637
415637N1225176W001,1695880,1965-08-17T00:00:00Z,2669.88,2669.88,NA,NA,NA,NA,NA,Pumping,NA,NA,1,Department of Water Resources,NA,5167,United States Geological Survey,NA,NA,37196,43N06W22A001M,43N06W22A001M,Digital Elevation Model,Unknown,1-004,Shasta Valley,Siskiyou,100,Irrigation,Single Well,205,1952-12-11 00:00:00 - 2020-04-10 12:00:00,204,fall,2.7,42.3,NA,NA,1965,18010207,Wet,Wet,1964-10-01T00:00:00Z,1965-10-01T00:00:00Z,-122.518,41.5637
415637N1225176W001,1695879,1965-07-15T00:00:00Z,2669.88,2669.88,0,16.2,2653.68,16.2,16.2,Pumping,Unknown,Water level accuracy is unknown,1,Department of Water Resources,NA,5167,United States Geological Survey,NA,NA,37196,43N06W22A001M,43N06W22A001M,Digital Elevation Model,Unknown,1-004,Shasta Valley,Siskiyou,100,Irrigation,Single Well,205,1952-12-11 00:00:00 - 2020-04-10 12:00:00,204,other,NA,NA,NA,NA,1965,18010207,Wet,Wet,1964-10-01T00:00:00Z,1965-10-01T00:00:00Z,-122.518,41.5637
415637N1225176W001,1695878,1965-06-17T00:00:00Z,2669.88,2669.88,0,21,2648.88,21,21,Pumping,Unknown,Water level accuracy is unknown,1,Department of Water Resources,NA,5167,United States Geological Survey,NA,NA,37196,43N06W22A001M,43N06W22A001M,Digital Elevation Model,Unknown,1-004,Shasta Valley,Siskiyou,100,Irrigation,Single Well,205,1952-12-11 00:00:00 - 2020-04-10 12:00:00,204,other,NA,NA,NA,NA,1965,18010207,Wet,Wet,1964-10-01T00:00:00Z,1965-10-01T00:00:00Z,-122.518,41.5637
415637N1225176W001,1695877,1965-05-20T00:00:00Z,2669.88,2669.88,0,4.4,2665.48,4.4,4.4,NA,Unknown,Water level accuracy is unknown,1,Department of Water Resources,NA,5167,United States Geological Survey,NA,NA,37196,43N06W22A001M,43N06W22A001M,Digital Elevation Model,Unknown,1-004,Shasta Valley,Siskiyou,100,Irrigation,Single Well,205,1952-12-11 00:00:00 - 2020-04-10 12:00:00,204,spring,NA,NA,1.5,18.4,1965,18010207,Wet,Wet,1964-10-01T00:00:00Z,1965-10-01T00:00:00Z,-122.518,41.5637
415637N1225176W001,1695876,1965-04-16T00:00:00Z,2669.88,2669.88,NA,NA,NA,NA,NA,Pumping,NA,NA,1,Department of Water Resources,NA,5167,United States Geological Survey,NA,NA,37196,43N06W22A001M,43N06W22A001M,Digital Elevation Model,Unknown,1-004,Shasta Valley,Siskiyou,100,Irrigation,Single Well,205,1952-12-11 00:00:00 - 2020-04-10 12:00:00,204,spring,NA,NA,1.5,18.4,1965,18010207,Wet,Wet,1964-10-01T00:00:00Z,1965-10-01T00:00:00Z,-122.518,41.5637
415637N1225176W001,1695875,1965-03-18T00:00:00Z,2669.88,2669.88,0,4.1,2665.78,4.1,4.1,NA,Unknown,Water level accuracy is unknown,1,Department of Water Resources,NA,5167,United States Geological Survey,NA,NA,37196,43N06W22A001M,43N06W22A001M,Digital Elevation Model,Unknown,1-004,Shasta Valley,Siskiyou,100,Irrigation,Single Well,205,1952-12-11 00:00:00 - 2020-04-10 12:00:00,204,spring,NA,NA,1.5,18.4,1965,18010207,Wet,Wet,1964-10-01T00:00:00Z,1965-10-01T00:00:00Z,-122.518,41.5637
415637N1225176W001,1695874,1965-02-18T00:00:00Z,2669.88,2669.88,NA,NA,NA,NA,NA,Pumping,NA,NA,1,Department of Water Resources,NA,5167,United States Geological Survey,NA,NA,37196,43N06W22A001M,43N06W22A001M,Digital Elevation Model,Unknown,1-004,Shasta Valley,Siskiyou,100,Irrigation,Single Well,205,1952-12-11 00:00:00 - 2020-04-10 12:00:00,204,other,NA,NA,NA,NA,1965,18010207,Wet,Wet,1964-10-01T00:00:00Z,1965-10-01T00:00:00Z,-122.518,41.5637
415637N1225176W001,1695873,1965-01-21T00:00:00Z,2669.88,2669.88,0,4.7,2665.18,4.7,4.7,NA,Unknown,Water level accuracy is unknown,1,Department of Water Resources,NA,5167,United States Geological Survey,NA,NA,37196,43N06W22A001M,43N06W22A001M,Digital Elevation Model,Unknown,1-004,Shasta Valley,Siskiyou,100,Irrigation,Single Well,205,1952-12-11 00:00:00 - 2020-04-10 12:00:00,204,other,NA,NA,NA,NA,1965,18010207,Wet,Wet,1964-10-01T00:00:00Z,1965-10-01T00:00:00Z,-122.518,41.5637
415637N1225176W001,1695872,1964-12-17T00:00:00Z,2669.88,2669.88,0,8.9,2660.98,8.9,8.9,NA,Unknown,Water level accuracy is unknown,1,Department of Water Resources,NA,5167,United States Geological Survey,NA,NA,37196,43N06W22A001M,43N06W22A001M,Digital Elevation Model,Unknown,1-004,Shasta Valley,Siskiyou,100,Irrigation,Single Well,205,1952-12-11 00:00:00 - 2020-04-10 12:00:00,204,other,NA,NA,NA,NA,1965,18010207,Wet,Wet,1964-10-01T00:00:00Z,1965-10-01T00:00:00Z,-122.518,41.5637
415637N1225176W001,1695871,1964-11-19T00:00:00Z,2669.88,2669.88,NA,NA,NA,NA,NA,Pumping,NA,NA,1,Department of Water Resources,NA,5167,United States Geological Survey,NA,NA,37196,43N06W22A001M,43N06W22A001M,Digital Elevation Model,Unknown,1-004,Shasta Valley,Siskiyou,100,Irrigation,Single Well,205,1952-12-11 00:00:00 - 2020-04-10 12:00:00,204,fall,2.7,42.3,NA,NA,1965,18010207,Wet,Wet,1964-10-01T00:00:00Z,1965-10-01T00:00:00Z,-122.518,41.5637
415637N1225176W001,1695870,1964-10-15T00:00:00Z,2669.88,2669.88,0,18.5,2651.38,18.5,18.5,NA,Unknown,Water level accuracy is unknown,1,Department of Water Resources,NA,5167,United States Geological Survey,NA,NA,37196,43N06W22A001M,43N06W22A001M,Digital Elevation Model,Unknown,1-004,Shasta Valley,Siskiyou,100,Irrigation,Single Well,205,1952-12-11 00:00:00 - 2020-04-10 12:00:00,204,fall,2.7,42.3,NA,NA,1965,18010207,Wet,Wet,1964-10-01T00:00:00Z,1965-10-01T00:00:00Z,-122.518,41.5637
415637N1225176W001,1695869,1964-09-17T00:00:00Z,2669.88,2669.88,0,27.5,2642.38,27.5,27.5,NA,Unknown,Water level accuracy is unknown,1,Department of Water Resources,NA,5167,United States Geological Survey,NA,NA,37196,43N06W22A001M,43N06W22A001M,Digital Elevation Model,Unknown,1-004,Shasta Valley,Siskiyou,100,Irrigation,Single Well,205,1952-12-11 00:00:00 - 2020-04-10 12:00:00,204,fall,2.7,42.3,NA,NA,1964,18010207,Below Normal,Below Normal,1963-10-01T00:00:00Z,1964-10-01T00:00:00Z,-122.518,41.5637
415637N1225176W001,1695868,1964-08-21T00:00:00Z,2669.88,2669.88,NA,NA,NA,NA,NA,Pumping,NA,NA,1,Department of Water Resources,NA,5167,United States Geological Survey,NA,NA,37196,43N06W22A001M,43N06W22A001M,Digital Elevation Model,Unknown,1-004,Shasta Valley,Siskiyou,100,Irrigation,Single Well,205,1952-12-11 00:00:00 - 2020-04-10 12:00:00,204,fall,2.7,42.3,NA,NA,1964,18010207,Below Normal,Below Normal,1963-10-01T00:00:00Z,1964-10-01T00:00:00Z,-122.518,41.5637
415637N1225176W001,1695867,1964-07-16T00:00:00Z,2669.88,2669.88,NA,NA,NA,NA,NA,Pumping,NA,NA,1,Department of Water Resources,NA,5167,United States Geological Survey,NA,NA,37196,43N06W22A001M,43N06W22A001M,Digital Elevation Model,Unknown,1-004,Shasta Valley,Siskiyou,100,Irrigation,Single Well,205,1952-12-11 00:00:00 - 2020-04-10 12:00:00,204,other,NA,NA,NA,NA,1964,18010207,Below Normal,Below Normal,1963-10-01T00:00:00Z,1964-10-01T00:00:00Z,-122.518,41.5637
415637N1225176W001,1695866,1964-06-18T00:00:00Z,2669.88,2669.88,NA,NA,NA,NA,NA,Pumping,NA,NA,1,Department of Water Resources,NA,5167,United States Geological Survey,NA,NA,37196,43N06W22A001M,43N06W22A001M,Digital Elevation Model,Unknown,1-004,Shasta Valley,Siskiyou,100,Irrigation,Single Well,205,1952-12-11 00:00:00 - 2020-04-10 12:00:00,204,other,NA,NA,NA,NA,1964,18010207,Below Normal,Below Normal,1963-10-01T00:00:00Z,1964-10-01T00:00:00Z,-122.518,41.5637
415637N1225176W001,1695865,1964-05-14T00:00:00Z,2669.88,2669.88,NA,NA,NA,NA,NA,Pumping,NA,NA,1,Department of Water Resources,NA,5167,United States Geological Survey,NA,NA,37196,43N06W22A001M,43N06W22A001M,Digital Elevation Model,Unknown,1-004,Shasta Valley,Siskiyou,100,Irrigation,Single Well,205,1952-12-11 00:00:00 - 2020-04-10 12:00:00,204,spring,NA,NA,1.5,18.4,1964,18010207,Below Normal,Below Normal,1963-10-01T00:00:00Z,1964-10-01T00:00:00Z,-122.518,41.5637
415637N1225176W001,1695864,1964-04-16T00:00:00Z,2669.88,2669.88,NA,NA,NA,NA,NA,Pumping,NA,NA,1,Department of Water Resources,NA,5167,United States Geological Survey,NA,NA,37196,43N06W22A001M,43N06W22A001M,Digital Elevation Model,Unknown,1-004,Shasta Valley,Siskiyou,100,Irrigation,Single Well,205,1952-12-11 00:00:00 - 2020-04-10 12:00:00,204,spring,NA,NA,1.5,18.4,1964,18010207,Below Normal,Below Normal,1963-10-01T00:00:00Z,1964-10-01T00:00:00Z,-122.518,41.5637
415637N1225176W001,1695863,1964-03-19T00:00:00Z,2669.88,2669.88,0,3.3,2666.58,3.3,3.3,Pumping,Unknown,Water level accuracy is unknown,1,Department of Water Resources,NA,5167,United States Geological Survey,NA,NA,37196,43N06W22A001M,43N06W22A001M,Digital Elevation Model,Unknown,1-004,Shasta Valley,Siskiyou,100,Irrigation,Single Well,205,1952-12-11 00:00:00 - 2020-04-10 12:00:00,204,spring,NA,NA,1.5,18.4,1964,18010207,Below Normal,Below Normal,1963-10-01T00:00:00Z,1964-10-01T00:00:00Z,-122.518,41.5637
415637N1225176W001,1695862,1964-02-27T00:00:00Z,2669.88,2669.88,0,3.8,2666.08,3.8,3.8,NA,Unknown,Water level accuracy is unknown,1,Department of Water Resources,NA,5167,United States Geological Survey,NA,NA,37196,43N06W22A001M,43N06W22A001M,Digital Elevation Model,Unknown,1-004,Shasta Valley,Siskiyou,100,Irrigation,Single Well,205,1952-12-11 00:00:00 - 2020-04-10 12:00:00,204,other,NA,NA,NA,NA,1964,18010207,Below Normal,Below Normal,1963-10-01T00:00:00Z,1964-10-01T00:00:00Z,-122.518,41.5637
415637N1225176W001,1695861,1964-01-17T00:00:00Z,2669.88,2669.88,0,3.6,2666.28,3.6,3.6,NA,Unknown,Water level accuracy is unknown,1,Department of Water Resources,NA,5167,United States Geological Survey,NA,NA,37196,43N06W22A001M,43N06W22A001M,Digital Elevation Model,Unknown,1-004,Shasta Valley,Siskiyou,100,Irrigation,Single Well,205,1952-12-11 00:00:00 - 2020-04-10 12:00:00,204,other,NA,NA,NA,NA,1964,18010207,Below Normal,Below Normal,1963-10-01T00:00:00Z,1964-10-01T00:00:00Z,-122.518,41.5637
415637N1225176W001,1695860,1963-12-16T00:00:00Z,2669.88,2669.88,0,4.6,2665.28,4.6,4.6,NA,Unknown,Water level accuracy is unknown,1,Department of Water Resources,NA,5167,United States Geological Survey,NA,NA,37196,43N06W22A001M,43N06W22A001M,Digital Elevation Model,Unknown,1-004,Shasta Valley,Siskiyou,100,Irrigation,Single Well,205,1952-12-11 00:00:00 - 2020-04-10 12:00:00,204,other,NA,NA,NA,NA,1964,18010207,Below Normal,Below Normal,1963-10-01T00:00:00Z,1964-10-01T00:00:00Z,-122.518,41.5637
415637N1225176W001,1695859,1963-11-22T00:00:00Z,2669.88,2669.88,0,5.3,2664.58,5.3,5.3,NA,Unknown,Water level accuracy is unknown,1,Department of Water Resources,NA,5167,United States Geological Survey,NA,NA,37196,43N06W22A001M,43N06W22A001M,Digital Elevation Model,Unknown,1-004,Shasta Valley,Siskiyou,100,Irrigation,Single Well,205,1952-12-11 00:00:00 - 2020-04-10 12:00:00,204,fall,2.7,42.3,NA,NA,1964,18010207,Below Normal,Below Normal,1963-10-01T00:00:00Z,1964-10-01T00:00:00Z,-122.518,41.5637
415637N1225176W001,1695858,1963-10-25T00:00:00Z,2669.88,2669.88,0,6.8,2663.08,6.8,6.8,NA,Unknown,Water level accuracy is unknown,1,Department of Water Resources,NA,5167,United States Geological Survey,NA,NA,37196,43N06W22A001M,43N06W22A001M,Digital Elevation Model,Unknown,1-004,Shasta Valley,Siskiyou,100,Irrigation,Single Well,205,1952-12-11 00:00:00 - 2020-04-10 12:00:00,204,fall,2.7,42.3,NA,NA,1964,18010207,Below Normal,Below Normal,1963-10-01T00:00:00Z,1964-10-01T00:00:00Z,-122.518,41.5637
415637N1225176W001,1695857,1963-09-20T00:00:00Z,2669.88,2669.88,NA,NA,NA,NA,NA,Pumping,NA,NA,1,Department of Water Resources,NA,5167,United States Geological Survey,NA,NA,37196,43N06W22A001M,43N06W22A001M,Digital Elevation Model,Unknown,1-004,Shasta Valley,Siskiyou,100,Irrigation,Single Well,205,1952-12-11 00:00:00 - 2020-04-10 12:00:00,204,fall,2.7,42.3,NA,NA,1963,18010207,Wet,Wet,1962-10-01T00:00:00Z,1963-10-01T00:00:00Z,-122.518,41.5637
415637N1225176W001,1695856,1963-08-21T00:00:00Z,2669.88,2669.88,0,28.4,2641.48,28.4,28.4,Nearby pump operating,Unknown,Water level accuracy is unknown,1,Department of Water Resources,NA,5167,United States Geological Survey,NA,NA,37196,43N06W22A001M,43N06W22A001M,Digital Elevation Model,Unknown,1-004,Shasta Valley,Siskiyou,100,Irrigation,Single Well,205,1952-12-11 00:00:00 - 2020-04-10 12:00:00,204,fall,2.7,42.3,NA,NA,1963,18010207,Wet,Wet,1962-10-01T00:00:00Z,1963-10-01T00:00:00Z,-122.518,41.5637
415637N1225176W001,1695855,1963-07-12T00:00:00Z,2669.88,2669.88,0,17.6,2652.28,17.6,17.6,Nearby pump operating,Unknown,Water level accuracy is unknown,1,Department of Water Resources,NA,5167,United States Geological Survey,NA,NA,37196,43N06W22A001M,43N06W22A001M,Digital Elevation Model,Unknown,1-004,Shasta Valley,Siskiyou,100,Irrigation,Single Well,205,1952-12-11 00:00:00 - 2020-04-10 12:00:00,204,other,NA,NA,NA,NA,1963,18010207,Wet,Wet,1962-10-01T00:00:00Z,1963-10-01T00:00:00Z,-122.518,41.5637
415637N1225176W001,1695854,1963-06-20T00:00:00Z,2669.88,2669.88,0,5.5,2664.38,5.5,5.5,NA,Unknown,Water level accuracy is unknown,1,Department of Water Resources,NA,5167,United States Geological Survey,NA,NA,37196,43N06W22A001M,43N06W22A001M,Digital Elevation Model,Unknown,1-004,Shasta Valley,Siskiyou,100,Irrigation,Single Well,205,1952-12-11 00:00:00 - 2020-04-10 12:00:00,204,other,NA,NA,NA,NA,1963,18010207,Wet,Wet,1962-10-01T00:00:00Z,1963-10-01T00:00:00Z,-122.518,41.5637
415637N1225176W001,1695853,1963-05-22T00:00:00Z,2669.88,2669.88,0,4.3,2665.58,4.3,4.3,NA,Unknown,Water level accuracy is unknown,1,Department of Water Resources,NA,5167,United States Geological Survey,NA,NA,37196,43N06W22A001M,43N06W22A001M,Digital Elevation Model,Unknown,1-004,Shasta Valley,Siskiyou,100,Irrigation,Single Well,205,1952-12-11 00:00:00 - 2020-04-10 12:00:00,204,spring,NA,NA,1.5,18.4,1963,18010207,Wet,Wet,1962-10-01T00:00:00Z,1963-10-01T00:00:00Z,-122.518,41.5637
415637N1225176W001,1695852,1963-04-25T00:00:00Z,2669.88,2669.88,0,3.5,2666.38,3.5,3.5,NA,Unknown,Water level accuracy is unknown,1,Department of Water Resources,NA,5167,United States Geological Survey,NA,NA,37196,43N06W22A001M,43N06W22A001M,Digital Elevation Model,Unknown,1-004,Shasta Valley,Siskiyou,100,Irrigation,Single Well,205,1952-12-11 00:00:00 - 2020-04-10 12:00:00,204,spring,NA,NA,1.5,18.4,1963,18010207,Wet,Wet,1962-10-01T00:00:00Z,1963-10-01T00:00:00Z,-122.518,41.5637
415637N1225176W001,1695851,1963-03-21T00:00:00Z,2669.88,2669.88,0,3.4,2666.48,3.4,3.4,NA,Unknown,Water level accuracy is unknown,1,Department of Water Resources,NA,5167,United States Geological Survey,NA,NA,37196,43N06W22A001M,43N06W22A001M,Digital Elevation Model,Unknown,1-004,Shasta Valley,Siskiyou,100,Irrigation,Single Well,205,1952-12-11 00:00:00 - 2020-04-10 12:00:00,204,spring,NA,NA,1.5,18.4,1963,18010207,Wet,Wet,1962-10-01T00:00:00Z,1963-10-01T00:00:00Z,-122.518,41.5637
415637N1225176W001,1695850,1963-02-20T00:00:00Z,2669.88,2669.88,0,2.4,2667.48,2.4,2.4,NA,Unknown,Water level accuracy is unknown,1,Department of Water Resources,NA,5167,United States Geological Survey,NA,NA,37196,43N06W22A001M,43N06W22A001M,Digital Elevation Model,Unknown,1-004,Shasta Valley,Siskiyou,100,Irrigation,Single Well,205,1952-12-11 00:00:00 - 2020-04-10 12:00:00,204,other,NA,NA,NA,NA,1963,18010207,Wet,Wet,1962-10-01T00:00:00Z,1963-10-01T00:00:00Z,-122.518,41.5637
415637N1225176W001,1695849,1963-01-23T00:00:00Z,2669.88,2669.88,0,4.8,2665.08,4.8,4.8,NA,Unknown,Water level accuracy is unknown,1,Department of Water Resources,NA,5167,United States Geological Survey,NA,NA,37196,43N06W22A001M,43N06W22A001M,Digital Elevation Model,Unknown,1-004,Shasta Valley,Siskiyou,100,Irrigation,Single Well,205,1952-12-11 00:00:00 - 2020-04-10 12:00:00,204,other,NA,NA,NA,NA,1963,18010207,Wet,Wet,1962-10-01T00:00:00Z,1963-10-01T00:00:00Z,-122.518,41.5637
415637N1225176W001,1695848,1962-12-17T00:00:00Z,2669.88,2669.88,0,5.8,2664.08,5.8,5.8,NA,Unknown,Water level accuracy is unknown,1,Department of Water Resources,NA,5167,United States Geological Survey,NA,NA,37196,43N06W22A001M,43N06W22A001M,Digital Elevation Model,Unknown,1-004,Shasta Valley,Siskiyou,100,Irrigation,Single Well,205,1952-12-11 00:00:00 - 2020-04-10 12:00:00,204,other,NA,NA,NA,NA,1963,18010207,Wet,Wet,1962-10-01T00:00:00Z,1963-10-01T00:00:00Z,-122.518,41.5637
415637N1225176W001,1695847,1962-11-28T00:00:00Z,2669.88,2669.88,0,6.1,2663.78,6.1,6.1,Pumping,Unknown,Water level accuracy is unknown,1,Department of Water Resources,NA,5167,United States Geological Survey,NA,NA,37196,43N06W22A001M,43N06W22A001M,Digital Elevation Model,Unknown,1-004,Shasta Valley,Siskiyou,100,Irrigation,Single Well,205,1952-12-11 00:00:00 - 2020-04-10 12:00:00,204,fall,2.7,42.3,NA,NA,1963,18010207,Wet,Wet,1962-10-01T00:00:00Z,1963-10-01T00:00:00Z,-122.518,41.5637
415637N1225176W001,1695846,1962-10-23T00:00:00Z,2669.88,2669.88,0,6.3,2663.58,6.3,6.3,NA,Unknown,Water level accuracy is unknown,1,Department of Water Resources,NA,5167,United States Geological Survey,NA,NA,37196,43N06W22A001M,43N06W22A001M,Digital Elevation Model,Unknown,1-004,Shasta Valley,Siskiyou,100,Irrigation,Single Well,205,1952-12-11 00:00:00 - 2020-04-10 12:00:00,204,fall,2.7,42.3,NA,NA,1963,18010207,Wet,Wet,1962-10-01T00:00:00Z,1963-10-01T00:00:00Z,-122.518,41.5637
415637N1225176W001,1695845,1962-09-21T00:00:00Z,2669.88,2669.88,0,5.4,2664.48,5.4,5.4,NA,Unknown,Water level accuracy is unknown,1,Department of Water Resources,NA,5167,United States Geological Survey,NA,NA,37196,43N06W22A001M,43N06W22A001M,Digital Elevation Model,Unknown,1-004,Shasta Valley,Siskiyou,100,Irrigation,Single Well,205,1952-12-11 00:00:00 - 2020-04-10 12:00:00,204,fall,2.7,42.3,NA,NA,1962,18010207,Below Normal,Below Normal,1961-10-01T00:00:00Z,1962-10-01T00:00:00Z,-122.518,41.5637
415637N1225176W001,1695844,1962-08-23T00:00:00Z,2669.88,2669.88,0,5.5,2664.38,5.5,5.5,NA,Unknown,Water level accuracy is unknown,1,Department of Water Resources,NA,5167,United States Geological Survey,NA,NA,37196,43N06W22A001M,43N06W22A001M,Digital Elevation Model,Unknown,1-004,Shasta Valley,Siskiyou,100,Irrigation,Single Well,205,1952-12-11 00:00:00 - 2020-04-10 12:00:00,204,fall,2.7,42.3,NA,NA,1962,18010207,Below Normal,Below Normal,1961-10-01T00:00:00Z,1962-10-01T00:00:00Z,-122.518,41.5637
415637N1225176W001,1695843,1962-07-26T00:00:00Z,2669.88,2669.88,NA,NA,NA,NA,NA,Pumping,NA,NA,1,Department of Water Resources,NA,5167,United States Geological Survey,NA,NA,37196,43N06W22A001M,43N06W22A001M,Digital Elevation Model,Unknown,1-004,Shasta Valley,Siskiyou,100,Irrigation,Single Well,205,1952-12-11 00:00:00 - 2020-04-10 12:00:00,204,other,NA,NA,NA,NA,1962,18010207,Below Normal,Below Normal,1961-10-01T00:00:00Z,1962-10-01T00:00:00Z,-122.518,41.5637
415637N1225176W001,1695842,1962-06-27T00:00:00Z,2669.88,2669.88,0,7.3,2662.58,7.3,7.3,Pumping,Unknown,Water level accuracy is unknown,1,Department of Water Resources,NA,5167,United States Geological Survey,NA,NA,37196,43N06W22A001M,43N06W22A001M,Digital Elevation Model,Unknown,1-004,Shasta Valley,Siskiyou,100,Irrigation,Single Well,205,1952-12-11 00:00:00 - 2020-04-10 12:00:00,204,other,NA,NA,NA,NA,1962,18010207,Below Normal,Below Normal,1961-10-01T00:00:00Z,1962-10-01T00:00:00Z,-122.518,41.5637
415637N1225176W001,1695841,1962-05-25T00:00:00Z,2669.88,2669.88,0,4.9,2664.98,4.9,4.9,NA,Unknown,Water level accuracy is unknown,1,Department of Water Resources,NA,5167,United States Geological Survey,NA,NA,37196,43N06W22A001M,43N06W22A001M,Digital Elevation Model,Unknown,1-004,Shasta Valley,Siskiyou,100,Irrigation,Single Well,205,1952-12-11 00:00:00 - 2020-04-10 12:00:00,204,spring,NA,NA,1.5,18.4,1962,18010207,Below Normal,Below Normal,1961-10-01T00:00:00Z,1962-10-01T00:00:00Z,-122.518,41.5637
415637N1225176W001,1695840,1962-04-27T00:00:00Z,2669.88,2669.88,0,1.5,2668.38,1.5,1.5,NA,Unknown,Water level accuracy is unknown,1,Department of Water Resources,NA,5167,United States Geological Survey,NA,NA,37196,43N06W22A001M,43N06W22A001M,Digital Elevation Model,Unknown,1-004,Shasta Valley,Siskiyou,100,Irrigation,Single Well,205,1952-12-11 00:00:00 - 2020-04-10 12:00:00,204,spring,NA,NA,1.5,18.4,1962,18010207,Below Normal,Below Normal,1961-10-01T00:00:00Z,1962-10-01T00:00:00Z,-122.518,41.5637
415637N1225176W001,1695839,1962-03-28T00:00:00Z,2669.88,2669.88,0,2.3,2667.58,2.3,2.3,NA,Unknown,Water level accuracy is unknown,1,Department of Water Resources,NA,5167,United States Geological Survey,NA,NA,37196,43N06W22A001M,43N06W22A001M,Digital Elevation Model,Unknown,1-004,Shasta Valley,Siskiyou,100,Irrigation,Single Well,205,1952-12-11 00:00:00 - 2020-04-10 12:00:00,204,spring,NA,NA,1.5,18.4,1962,18010207,Below Normal,Below Normal,1961-10-01T00:00:00Z,1962-10-01T00:00:00Z,-122.518,41.5637
415637N1225176W001,1695838,1962-02-28T00:00:00Z,2669.88,2669.88,0,3.5,2666.38,3.5,3.5,NA,Unknown,Water level accuracy is unknown,1,Department of Water Resources,NA,5167,United States Geological Survey,NA,NA,37196,43N06W22A001M,43N06W22A001M,Digital Elevation Model,Unknown,1-004,Shasta Valley,Siskiyou,100,Irrigation,Single Well,205,1952-12-11 00:00:00 - 2020-04-10 12:00:00,204,other,NA,NA,NA,NA,1962,18010207,Below Normal,Below Normal,1961-10-01T00:00:00Z,1962-10-01T00:00:00Z,-122.518,41.5637
415637N1225176W001,1695837,1962-01-25T00:00:00Z,2669.88,2669.88,0,3.5,2666.38,3.5,3.5,NA,Unknown,Water level accuracy is unknown,1,Department of Water Resources,NA,5167,United States Geological Survey,NA,NA,37196,43N06W22A001M,43N06W22A001M,Digital Elevation Model,Unknown,1-004,Shasta Valley,Siskiyou,100,Irrigation,Single Well,205,1952-12-11 00:00:00 - 2020-04-10 12:00:00,204,other,NA,NA,NA,NA,1962,18010207,Below Normal,Below Normal,1961-10-01T00:00:00Z,1962-10-01T00:00:00Z,-122.518,41.5637
415637N1225176W001,1695836,1961-12-28T00:00:00Z,2669.88,2669.88,0,3.5,2666.38,3.5,3.5,NA,Unknown,Water level accuracy is unknown,1,Department of Water Resources,NA,5167,United States Geological Survey,NA,NA,37196,43N06W22A001M,43N06W22A001M,Digital Elevation Model,Unknown,1-004,Shasta Valley,Siskiyou,100,Irrigation,Single Well,205,1952-12-11 00:00:00 - 2020-04-10 12:00:00,204,other,NA,NA,NA,NA,1962,18010207,Below Normal,Below Normal,1961-10-01T00:00:00Z,1962-10-01T00:00:00Z,-122.518,41.5637
415637N1225176W001,1695835,1961-11-29T00:00:00Z,2669.88,2669.88,0,5.3,2664.58,5.3,5.3,NA,Unknown,Water level accuracy is unknown,1,Department of Water Resources,NA,5167,United States Geological Survey,NA,NA,37196,43N06W22A001M,43N06W22A001M,Digital Elevation Model,Unknown,1-004,Shasta Valley,Siskiyou,100,Irrigation,Single Well,205,1952-12-11 00:00:00 - 2020-04-10 12:00:00,204,fall,2.7,42.3,NA,NA,1962,18010207,Below Normal,Below Normal,1961-10-01T00:00:00Z,1962-10-01T00:00:00Z,-122.518,41.5637
415637N1225176W001,1695834,1961-10-25T00:00:00Z,2669.88,2669.88,0,6.5,2663.38,6.5,6.5,NA,Unknown,Water level accuracy is unknown,1,Department of Water Resources,NA,5167,United States Geological Survey,NA,NA,37196,43N06W22A001M,43N06W22A001M,Digital Elevation Model,Unknown,1-004,Shasta Valley,Siskiyou,100,Irrigation,Single Well,205,1952-12-11 00:00:00 - 2020-04-10 12:00:00,204,fall,2.7,42.3,NA,NA,1962,18010207,Below Normal,Below Normal,1961-10-01T00:00:00Z,1962-10-01T00:00:00Z,-122.518,41.5637
415637N1225176W001,1695833,1961-09-28T00:00:00Z,2669.88,2669.88,0,5.8,2664.08,5.8,5.8,NA,Unknown,Water level accuracy is unknown,1,Department of Water Resources,NA,5167,United States Geological Survey,NA,NA,37196,43N06W22A001M,43N06W22A001M,Digital Elevation Model,Unknown,1-004,Shasta Valley,Siskiyou,100,Irrigation,Single Well,205,1952-12-11 00:00:00 - 2020-04-10 12:00:00,204,fall,2.7,42.3,NA,NA,1961,18010207,Below Normal,Below Normal,1960-10-01T00:00:00Z,1961-10-01T00:00:00Z,-122.518,41.5637
415637N1225176W001,1695832,1961-08-30T00:00:00Z,2669.88,2669.88,0,6,2663.88,6,6,NA,Unknown,Water level accuracy is unknown,1,Department of Water Resources,NA,5167,United States Geological Survey,NA,NA,37196,43N06W22A001M,43N06W22A001M,Digital Elevation Model,Unknown,1-004,Shasta Valley,Siskiyou,100,Irrigation,Single Well,205,1952-12-11 00:00:00 - 2020-04-10 12:00:00,204,fall,2.7,42.3,NA,NA,1961,18010207,Below Normal,Below Normal,1960-10-01T00:00:00Z,1961-10-01T00:00:00Z,-122.518,41.5637
415637N1225176W001,1695831,1961-07-28T00:00:00Z,2669.88,2669.88,0,5.2,2664.68,5.2,5.2,NA,Unknown,Water level accuracy is unknown,1,Department of Water Resources,NA,5167,United States Geological Survey,NA,NA,37196,43N06W22A001M,43N06W22A001M,Digital Elevation Model,Unknown,1-004,Shasta Valley,Siskiyou,100,Irrigation,Single Well,205,1952-12-11 00:00:00 - 2020-04-10 12:00:00,204,other,NA,NA,NA,NA,1961,18010207,Below Normal,Below Normal,1960-10-01T00:00:00Z,1961-10-01T00:00:00Z,-122.518,41.5637
415637N1225176W001,1695830,1961-06-28T00:00:00Z,2669.88,2669.88,0,4.4,2665.48,4.4,4.4,NA,Unknown,Water level accuracy is unknown,1,Department of Water Resources,NA,5167,United States Geological Survey,NA,NA,37196,43N06W22A001M,43N06W22A001M,Digital Elevation Model,Unknown,1-004,Shasta Valley,Siskiyou,100,Irrigation,Single Well,205,1952-12-11 00:00:00 - 2020-04-10 12:00:00,204,other,NA,NA,NA,NA,1961,18010207,Below Normal,Below Normal,1960-10-01T00:00:00Z,1961-10-01T00:00:00Z,-122.518,41.5637
415637N1225176W001,1695829,1961-05-17T00:00:00Z,2669.88,2669.88,0,4.2,2665.68,4.2,4.2,NA,Unknown,Water level accuracy is unknown,1,Department of Water Resources,NA,5167,United States Geological Survey,NA,NA,37196,43N06W22A001M,43N06W22A001M,Digital Elevation Model,Unknown,1-004,Shasta Valley,Siskiyou,100,Irrigation,Single Well,205,1952-12-11 00:00:00 - 2020-04-10 12:00:00,204,spring,NA,NA,1.5,18.4,1961,18010207,Below Normal,Below Normal,1960-10-01T00:00:00Z,1961-10-01T00:00:00Z,-122.518,41.5637
415637N1225176W001,1695828,1961-04-28T00:00:00Z,2669.88,2669.88,0,3.5,2666.38,3.5,3.5,NA,Unknown,Water level accuracy is unknown,1,Department of Water Resources,NA,5167,United States Geological Survey,NA,NA,37196,43N06W22A001M,43N06W22A001M,Digital Elevation Model,Unknown,1-004,Shasta Valley,Siskiyou,100,Irrigation,Single Well,205,1952-12-11 00:00:00 - 2020-04-10 12:00:00,204,spring,NA,NA,1.5,18.4,1961,18010207,Below Normal,Below Normal,1960-10-01T00:00:00Z,1961-10-01T00:00:00Z,-122.518,41.5637
415637N1225176W001,1695827,1961-03-29T00:00:00Z,2669.88,2669.88,0,2.8,2667.08,2.8,2.8,NA,Unknown,Water level accuracy is unknown,1,Department of Water Resources,NA,5167,United States Geological Survey,NA,NA,37196,43N06W22A001M,43N06W22A001M,Digital Elevation Model,Unknown,1-004,Shasta Valley,Siskiyou,100,Irrigation,Single Well,205,1952-12-11 00:00:00 - 2020-04-10 12:00:00,204,spring,NA,NA,1.5,18.4,1961,18010207,Below Normal,Below Normal,1960-10-01T00:00:00Z,1961-10-01T00:00:00Z,-122.518,41.5637
415637N1225176W001,1695826,1961-02-22T00:00:00Z,2669.88,2669.88,0,3.8,2666.08,3.8,3.8,NA,Unknown,Water level accuracy is unknown,1,Department of Water Resources,NA,5167,United States Geological Survey,NA,NA,37196,43N06W22A001M,43N06W22A001M,Digital Elevation Model,Unknown,1-004,Shasta Valley,Siskiyou,100,Irrigation,Single Well,205,1952-12-11 00:00:00 - 2020-04-10 12:00:00,204,other,NA,NA,NA,NA,1961,18010207,Below Normal,Below Normal,1960-10-01T00:00:00Z,1961-10-01T00:00:00Z,-122.518,41.5637
415637N1225176W001,1695825,1961-01-25T00:00:00Z,2669.88,2669.88,0,5,2664.88,5,5,NA,Unknown,Water level accuracy is unknown,1,Department of Water Resources,NA,5167,United States Geological Survey,NA,NA,37196,43N06W22A001M,43N06W22A001M,Digital Elevation Model,Unknown,1-004,Shasta Valley,Siskiyou,100,Irrigation,Single Well,205,1952-12-11 00:00:00 - 2020-04-10 12:00:00,204,other,NA,NA,NA,NA,1961,18010207,Below Normal,Below Normal,1960-10-01T00:00:00Z,1961-10-01T00:00:00Z,-122.518,41.5637
415637N1225176W001,1695824,1960-12-29T00:00:00Z,2669.88,2669.88,0,5.3,2664.58,5.3,5.3,NA,Unknown,Water level accuracy is unknown,1,Department of Water Resources,NA,5167,United States Geological Survey,NA,NA,37196,43N06W22A001M,43N06W22A001M,Digital Elevation Model,Unknown,1-004,Shasta Valley,Siskiyou,100,Irrigation,Single Well,205,1952-12-11 00:00:00 - 2020-04-10 12:00:00,204,other,NA,NA,NA,NA,1961,18010207,Below Normal,Below Normal,1960-10-01T00:00:00Z,1961-10-01T00:00:00Z,-122.518,41.5637
415637N1225176W001,1695823,1960-11-16T00:00:00Z,2669.88,2669.88,0,6.8,2663.08,6.8,6.8,NA,Unknown,Water level accuracy is unknown,1,Department of Water Resources,NA,5167,United States Geological Survey,NA,NA,37196,43N06W22A001M,43N06W22A001M,Digital Elevation Model,Unknown,1-004,Shasta Valley,Siskiyou,100,Irrigation,Single Well,205,1952-12-11 00:00:00 - 2020-04-10 12:00:00,204,fall,2.7,42.3,NA,NA,1961,18010207,Below Normal,Below Normal,1960-10-01T00:00:00Z,1961-10-01T00:00:00Z,-122.518,41.5637
415637N1225176W001,1695822,1960-10-26T00:00:00Z,2669.88,2669.88,0,6.8,2663.08,6.8,6.8,NA,Unknown,Water level accuracy is unknown,1,Department of Water Resources,NA,5167,United States Geological Survey,NA,NA,37196,43N06W22A001M,43N06W22A001M,Digital Elevation Model,Unknown,1-004,Shasta Valley,Siskiyou,100,Irrigation,Single Well,205,1952-12-11 00:00:00 - 2020-04-10 12:00:00,204,fall,2.7,42.3,NA,NA,1961,18010207,Below Normal,Below Normal,1960-10-01T00:00:00Z,1961-10-01T00:00:00Z,-122.518,41.5637
415637N1225176W001,1695821,1960-09-21T00:00:00Z,2669.88,2669.88,0,5.8,2664.08,5.8,5.8,NA,Unknown,Water level accuracy is unknown,1,Department of Water Resources,NA,5167,United States Geological Survey,NA,NA,37196,43N06W22A001M,43N06W22A001M,Digital Elevation Model,Unknown,1-004,Shasta Valley,Siskiyou,100,Irrigation,Single Well,205,1952-12-11 00:00:00 - 2020-04-10 12:00:00,204,fall,2.7,42.3,NA,NA,1960,18010207,Critical,Critical,1959-10-01T00:00:00Z,1960-10-01T00:00:00Z,-122.518,41.5637
415637N1225176W001,1695820,1960-08-24T00:00:00Z,2669.88,2669.88,0,5.1,2664.78,5.1,5.1,NA,Unknown,Water level accuracy is unknown,1,Department of Water Resources,NA,5167,United States Geological Survey,NA,NA,37196,43N06W22A001M,43N06W22A001M,Digital Elevation Model,Unknown,1-004,Shasta Valley,Siskiyou,100,Irrigation,Single Well,205,1952-12-11 00:00:00 - 2020-04-10 12:00:00,204,fall,2.7,42.3,NA,NA,1960,18010207,Critical,Critical,1959-10-01T00:00:00Z,1960-10-01T00:00:00Z,-122.518,41.5637
415637N1225176W001,1695819,1960-07-21T00:00:00Z,2669.88,2669.88,0,5.2,2664.68,5.2,5.2,NA,Unknown,Water level accuracy is unknown,1,Department of Water Resources,NA,5167,United States Geological Survey,NA,NA,37196,43N06W22A001M,43N06W22A001M,Digital Elevation Model,Unknown,1-004,Shasta Valley,Siskiyou,100,Irrigation,Single Well,205,1952-12-11 00:00:00 - 2020-04-10 12:00:00,204,other,NA,NA,NA,NA,1960,18010207,Critical,Critical,1959-10-01T00:00:00Z,1960-10-01T00:00:00Z,-122.518,41.5637
415637N1225176W001,1695818,1960-06-22T00:00:00Z,2669.88,2669.88,0,4.1,2665.78,4.1,4.1,NA,Unknown,Water level accuracy is unknown,1,Department of Water Resources,NA,5167,United States Geological Survey,NA,NA,37196,43N06W22A001M,43N06W22A001M,Digital Elevation Model,Unknown,1-004,Shasta Valley,Siskiyou,100,Irrigation,Single Well,205,1952-12-11 00:00:00 - 2020-04-10 12:00:00,204,other,NA,NA,NA,NA,1960,18010207,Critical,Critical,1959-10-01T00:00:00Z,1960-10-01T00:00:00Z,-122.518,41.5637
415637N1225176W001,1695817,1960-05-26T00:00:00Z,2669.88,2669.88,0,2.7,2667.18,2.7,2.7,NA,Unknown,Water level accuracy is unknown,1,Department of Water Resources,NA,5167,United States Geological Survey,NA,NA,37196,43N06W22A001M,43N06W22A001M,Digital Elevation Model,Unknown,1-004,Shasta Valley,Siskiyou,100,Irrigation,Single Well,205,1952-12-11 00:00:00 - 2020-04-10 12:00:00,204,spring,NA,NA,1.5,18.4,1960,18010207,Critical,Critical,1959-10-01T00:00:00Z,1960-10-01T00:00:00Z,-122.518,41.5637
415637N1225176W001,1695816,1960-04-28T00:00:00Z,2669.88,2669.88,0,2.8,2667.08,2.8,2.8,NA,Unknown,Water level accuracy is unknown,1,Department of Water Resources,NA,5167,United States Geological Survey,NA,NA,37196,43N06W22A001M,43N06W22A001M,Digital Elevation Model,Unknown,1-004,Shasta Valley,Siskiyou,100,Irrigation,Single Well,205,1952-12-11 00:00:00 - 2020-04-10 12:00:00,204,spring,NA,NA,1.5,18.4,1960,18010207,Critical,Critical,1959-10-01T00:00:00Z,1960-10-01T00:00:00Z,-122.518,41.5637
415637N1225176W001,1695815,1960-03-29T00:00:00Z,2669.88,2669.88,0,4.8,2665.08,4.8,4.8,NA,Unknown,Water level accuracy is unknown,1,Department of Water Resources,NA,5167,United States Geological Survey,NA,NA,37196,43N06W22A001M,43N06W22A001M,Digital Elevation Model,Unknown,1-004,Shasta Valley,Siskiyou,100,Irrigation,Single Well,205,1952-12-11 00:00:00 - 2020-04-10 12:00:00,204,spring,NA,NA,1.5,18.4,1960,18010207,Critical,Critical,1959-10-01T00:00:00Z,1960-10-01T00:00:00Z,-122.518,41.5637
415637N1225176W001,1695814,1960-02-18T00:00:00Z,2669.88,2669.88,0,3.3,2666.58,3.3,3.3,NA,Unknown,Water level accuracy is unknown,1,Department of Water Resources,NA,5167,United States Geological Survey,NA,NA,37196,43N06W22A001M,43N06W22A001M,Digital Elevation Model,Unknown,1-004,Shasta Valley,Siskiyou,100,Irrigation,Single Well,205,1952-12-11 00:00:00 - 2020-04-10 12:00:00,204,other,NA,NA,NA,NA,1960,18010207,Critical,Critical,1959-10-01T00:00:00Z,1960-10-01T00:00:00Z,-122.518,41.5637
415637N1225176W001,1695813,1960-01-28T00:00:00Z,2669.88,2669.88,0,4.4,2665.48,4.4,4.4,NA,Unknown,Water level accuracy is unknown,1,Department of Water Resources,NA,5167,United States Geological Survey,NA,NA,37196,43N06W22A001M,43N06W22A001M,Digital Elevation Model,Unknown,1-004,Shasta Valley,Siskiyou,100,Irrigation,Single Well,205,1952-12-11 00:00:00 - 2020-04-10 12:00:00,204,other,NA,NA,NA,NA,1960,18010207,Critical,Critical,1959-10-01T00:00:00Z,1960-10-01T00:00:00Z,-122.518,41.5637
415637N1225176W001,1695812,1959-12-17T00:00:00Z,2669.88,2669.88,0,5,2664.88,5,5,NA,Unknown,Water level accuracy is unknown,1,Department of Water Resources,NA,5167,United States Geological Survey,NA,NA,37196,43N06W22A001M,43N06W22A001M,Digital Elevation Model,Unknown,1-004,Shasta Valley,Siskiyou,100,Irrigation,Single Well,205,1952-12-11 00:00:00 - 2020-04-10 12:00:00,204,other,NA,NA,NA,NA,1960,18010207,Critical,Critical,1959-10-01T00:00:00Z,1960-10-01T00:00:00Z,-122.518,41.5637
415637N1225176W001,1695811,1959-11-19T00:00:00Z,2669.88,2669.88,0,5.5,2664.38,5.5,5.5,NA,Unknown,Water level accuracy is unknown,1,Department of Water Resources,NA,5167,United States Geological Survey,NA,NA,37196,43N06W22A001M,43N06W22A001M,Digital Elevation Model,Unknown,1-004,Shasta Valley,Siskiyou,100,Irrigation,Single Well,205,1952-12-11 00:00:00 - 2020-04-10 12:00:00,204,fall,2.7,42.3,NA,NA,1960,18010207,Critical,Critical,1959-10-01T00:00:00Z,1960-10-01T00:00:00Z,-122.518,41.5637
415637N1225176W001,1695810,1959-10-29T00:00:00Z,2669.88,2669.88,0,4.6,2665.28,4.6,4.6,Pumping,Unknown,Water level accuracy is unknown,1,Department of Water Resources,NA,5167,United States Geological Survey,NA,NA,37196,43N06W22A001M,43N06W22A001M,Digital Elevation Model,Unknown,1-004,Shasta Valley,Siskiyou,100,Irrigation,Single Well,205,1952-12-11 00:00:00 - 2020-04-10 12:00:00,204,fall,2.7,42.3,NA,NA,1960,18010207,Critical,Critical,1959-10-01T00:00:00Z,1960-10-01T00:00:00Z,-122.518,41.5637
415637N1225176W001,1695809,1959-09-24T00:00:00Z,2669.88,2669.88,0,5,2664.88,5,5,NA,Unknown,Water level accuracy is unknown,1,Department of Water Resources,NA,5167,United States Geological Survey,NA,NA,37196,43N06W22A001M,43N06W22A001M,Digital Elevation Model,Unknown,1-004,Shasta Valley,Siskiyou,100,Irrigation,Single Well,205,1952-12-11 00:00:00 - 2020-04-10 12:00:00,204,fall,2.7,42.3,NA,NA,1959,18010207,Below Normal,Below Normal,1958-10-01T00:00:00Z,1959-10-01T00:00:00Z,-122.518,41.5637
415637N1225176W001,1695808,1959-08-27T00:00:00Z,2669.88,2669.88,0,5,2664.88,5,5,NA,Unknown,Water level accuracy is unknown,1,Department of Water Resources,NA,5167,United States Geological Survey,NA,NA,37196,43N06W22A001M,43N06W22A001M,Digital Elevation Model,Unknown,1-004,Shasta Valley,Siskiyou,100,Irrigation,Single Well,205,1952-12-11 00:00:00 - 2020-04-10 12:00:00,204,fall,2.7,42.3,NA,NA,1959,18010207,Below Normal,Below Normal,1958-10-01T00:00:00Z,1959-10-01T00:00:00Z,-122.518,41.5637
415637N1225176W001,1695807,1959-07-22T00:00:00Z,2669.88,2669.88,0,3.1,2666.78,3.1,3.1,NA,Unknown,Water level accuracy is unknown,1,Department of Water Resources,NA,5167,United States Geological Survey,NA,NA,37196,43N06W22A001M,43N06W22A001M,Digital Elevation Model,Unknown,1-004,Shasta Valley,Siskiyou,100,Irrigation,Single Well,205,1952-12-11 00:00:00 - 2020-04-10 12:00:00,204,other,NA,NA,NA,NA,1959,18010207,Below Normal,Below Normal,1958-10-01T00:00:00Z,1959-10-01T00:00:00Z,-122.518,41.5637
415637N1225176W001,1695806,1959-06-24T00:00:00Z,2669.88,2669.88,0,4.2,2665.68,4.2,4.2,NA,Unknown,Water level accuracy is unknown,1,Department of Water Resources,NA,5167,United States Geological Survey,NA,NA,37196,43N06W22A001M,43N06W22A001M,Digital Elevation Model,Unknown,1-004,Shasta Valley,Siskiyou,100,Irrigation,Single Well,205,1952-12-11 00:00:00 - 2020-04-10 12:00:00,204,other,NA,NA,NA,NA,1959,18010207,Below Normal,Below Normal,1958-10-01T00:00:00Z,1959-10-01T00:00:00Z,-122.518,41.5637
415637N1225176W001,1695805,1959-05-20T00:00:00Z,2669.88,2669.88,0,4.1,2665.78,4.1,4.1,NA,Unknown,Water level accuracy is unknown,1,Department of Water Resources,NA,5167,United States Geological Survey,NA,NA,37196,43N06W22A001M,43N06W22A001M,Digital Elevation Model,Unknown,1-004,Shasta Valley,Siskiyou,100,Irrigation,Single Well,205,1952-12-11 00:00:00 - 2020-04-10 12:00:00,204,spring,NA,NA,1.5,18.4,1959,18010207,Below Normal,Below Normal,1958-10-01T00:00:00Z,1959-10-01T00:00:00Z,-122.518,41.5637
415637N1225176W001,1695804,1959-04-23T00:00:00Z,2669.88,2669.88,0,3.9,2665.98,3.9,3.9,NA,Unknown,Water level accuracy is unknown,1,Department of Water Resources,NA,5167,United States Geological Survey,NA,NA,37196,43N06W22A001M,43N06W22A001M,Digital Elevation Model,Unknown,1-004,Shasta Valley,Siskiyou,100,Irrigation,Single Well,205,1952-12-11 00:00:00 - 2020-04-10 12:00:00,204,spring,NA,NA,1.5,18.4,1959,18010207,Below Normal,Below Normal,1958-10-01T00:00:00Z,1959-10-01T00:00:00Z,-122.518,41.5637
415637N1225176W001,1695803,1959-03-19T00:00:00Z,2669.88,2669.88,0,3.2,2666.68,3.2,3.2,NA,Unknown,Water level accuracy is unknown,1,Department of Water Resources,NA,5167,United States Geological Survey,NA,NA,37196,43N06W22A001M,43N06W22A001M,Digital Elevation Model,Unknown,1-004,Shasta Valley,Siskiyou,100,Irrigation,Single Well,205,1952-12-11 00:00:00 - 2020-04-10 12:00:00,204,spring,NA,NA,1.5,18.4,1959,18010207,Below Normal,Below Normal,1958-10-01T00:00:00Z,1959-10-01T00:00:00Z,-122.518,41.5637
415637N1225176W001,1695802,1959-02-17T00:00:00Z,2669.88,2669.88,0,3.4,2666.48,3.4,3.4,NA,Unknown,Water level accuracy is unknown,1,Department of Water Resources,NA,5167,United States Geological Survey,NA,NA,37196,43N06W22A001M,43N06W22A001M,Digital Elevation Model,Unknown,1-004,Shasta Valley,Siskiyou,100,Irrigation,Single Well,205,1952-12-11 00:00:00 - 2020-04-10 12:00:00,204,other,NA,NA,NA,NA,1959,18010207,Below Normal,Below Normal,1958-10-01T00:00:00Z,1959-10-01T00:00:00Z,-122.518,41.5637
415637N1225176W001,1695801,1959-01-21T00:00:00Z,2669.88,2669.88,0,4.4,2665.48,4.4,4.4,NA,Unknown,Water level accuracy is unknown,1,Department of Water Resources,NA,5167,United States Geological Survey,NA,NA,37196,43N06W22A001M,43N06W22A001M,Digital Elevation Model,Unknown,1-004,Shasta Valley,Siskiyou,100,Irrigation,Single Well,205,1952-12-11 00:00:00 - 2020-04-10 12:00:00,204,other,NA,NA,NA,NA,1959,18010207,Below Normal,Below Normal,1958-10-01T00:00:00Z,1959-10-01T00:00:00Z,-122.518,41.5637
415637N1225176W001,1695800,1958-12-18T00:00:00Z,2669.88,2669.88,0,4.4,2665.48,4.4,4.4,NA,Unknown,Water level accuracy is unknown,1,Department of Water Resources,NA,5167,United States Geological Survey,NA,NA,37196,43N06W22A001M,43N06W22A001M,Digital Elevation Model,Unknown,1-004,Shasta Valley,Siskiyou,100,Irrigation,Single Well,205,1952-12-11 00:00:00 - 2020-04-10 12:00:00,204,other,NA,NA,NA,NA,1959,18010207,Below Normal,Below Normal,1958-10-01T00:00:00Z,1959-10-01T00:00:00Z,-122.518,41.5637
415637N1225176W001,1695799,1958-11-19T00:00:00Z,2669.88,2669.88,0,4.2,2665.68,4.2,4.2,NA,Unknown,Water level accuracy is unknown,1,Department of Water Resources,NA,5167,United States Geological Survey,NA,NA,37196,43N06W22A001M,43N06W22A001M,Digital Elevation Model,Unknown,1-004,Shasta Valley,Siskiyou,100,Irrigation,Single Well,205,1952-12-11 00:00:00 - 2020-04-10 12:00:00,204,fall,2.7,42.3,NA,NA,1959,18010207,Below Normal,Below Normal,1958-10-01T00:00:00Z,1959-10-01T00:00:00Z,-122.518,41.5637
415637N1225176W001,1695798,1958-10-16T00:00:00Z,2669.88,2669.88,0,2.7,2667.18,2.7,2.7,NA,Unknown,Water level accuracy is unknown,1,Department of Water Resources,NA,5167,United States Geological Survey,NA,NA,37196,43N06W22A001M,43N06W22A001M,Digital Elevation Model,Unknown,1-004,Shasta Valley,Siskiyou,100,Irrigation,Single Well,205,1952-12-11 00:00:00 - 2020-04-10 12:00:00,204,fall,2.7,42.3,NA,NA,1959,18010207,Below Normal,Below Normal,1958-10-01T00:00:00Z,1959-10-01T00:00:00Z,-122.518,41.5637
415637N1225176W001,1695797,1958-03-25T00:00:00Z,2669.88,2669.88,0,4.9,2664.98,4.9,4.9,NA,Unknown,Water level accuracy is unknown,1,Department of Water Resources,NA,1,Department of Water Resources,NA,NA,37196,43N06W22A001M,43N06W22A001M,Digital Elevation Model,Unknown,1-004,Shasta Valley,Siskiyou,100,Irrigation,Single Well,205,1952-12-11 00:00:00 - 2020-04-10 12:00:00,204,spring,NA,NA,1.5,18.4,1958,18010207,Wet,Wet,1957-10-01T00:00:00Z,1958-10-01T00:00:00Z,-122.518,41.5637
415637N1225176W001,1695796,1954-10-18T00:00:00Z,2669.88,2669.88,0,4.8,2665.08,4.8,4.8,NA,Unknown,Water level accuracy is unknown,1,Department of Water Resources,NA,1,Department of Water Resources,NA,NA,37196,43N06W22A001M,43N06W22A001M,Digital Elevation Model,Unknown,1-004,Shasta Valley,Siskiyou,100,Irrigation,Single Well,205,1952-12-11 00:00:00 - 2020-04-10 12:00:00,204,fall,2.7,42.3,NA,NA,1955,18010207,Dry,Dry,1954-10-01T00:00:00Z,1955-10-01T00:00:00Z,-122.518,41.5637
415637N1225176W001,1695795,1954-05-03T00:00:00Z,2669.88,2669.88,0,3.6,2666.28,3.6,3.6,NA,Unknown,Water level accuracy is unknown,1,Department of Water Resources,NA,1,Department of Water Resources,NA,NA,37196,43N06W22A001M,43N06W22A001M,Digital Elevation Model,Unknown,1-004,Shasta Valley,Siskiyou,100,Irrigation,Single Well,205,1952-12-11 00:00:00 - 2020-04-10 12:00:00,204,spring,NA,NA,1.5,18.4,1954,18010207,Wet,Wet,1953-10-01T00:00:00Z,1954-10-01T00:00:00Z,-122.518,41.5637
415637N1225176W001,1695794,1953-10-31T00:00:00Z,2669.88,2669.88,0,5.6,2664.28,5.6,5.6,NA,Unknown,Water level accuracy is unknown,1,Department of Water Resources,NA,5167,United States Geological Survey,NA,NA,37196,43N06W22A001M,43N06W22A001M,Digital Elevation Model,Unknown,1-004,Shasta Valley,Siskiyou,100,Irrigation,Single Well,205,1952-12-11 00:00:00 - 2020-04-10 12:00:00,204,fall,2.7,42.3,NA,NA,1954,18010207,Wet,Wet,1953-10-01T00:00:00Z,1954-10-01T00:00:00Z,-122.518,41.5637
415637N1225176W001,1695793,1953-04-06T00:00:00Z,2669.88,2669.88,0,5.3,2664.58,5.3,5.3,NA,Unknown,Water level accuracy is unknown,1,Department of Water Resources,NA,5167,United States Geological Survey,NA,NA,37196,43N06W22A001M,43N06W22A001M,Digital Elevation Model,Unknown,1-004,Shasta Valley,Siskiyou,100,Irrigation,Single Well,205,1952-12-11 00:00:00 - 2020-04-10 12:00:00,204,spring,NA,NA,1.5,18.4,1953,18010207,Wet,Wet,1952-10-01T00:00:00Z,1953-10-01T00:00:00Z,-122.518,41.5637
415637N1225176W001,1695792,1952-12-11T00:00:00Z,2669.88,2669.88,0,5.3,2664.58,5.3,5.3,NA,Unknown,Water level accuracy is unknown,1,Department of Water Resources,NA,5167,United States Geological Survey,NA,NA,37196,43N06W22A001M,43N06W22A001M,Digital Elevation Model,Unknown,1-004,Shasta Valley,Siskiyou,100,Irrigation,Single Well,205,1952-12-11 00:00:00 - 2020-04-10 12:00:00,204,other,NA,NA,NA,NA,1953,18010207,Wet,Wet,1952-10-01T00:00:00Z,1953-10-01T00:00:00Z,-122.518,41.5637
