SITE_CODE,WLM_ID,MSMT_DATE,WLM_RPE,WLM_GSE,RDNG_WS,RDNG_RP,WSE,RPE_WSE,GSE_WSE,WLM_QA_DESC,WLM_DESC,WLM_ACC_DESC,WLM_ORG_ID,WLM_ORG_NAME,MSMT_CMT,COOP_AGENCY_ORG_ID,COOP_ORG_NAME,TOP_PRF,BOT_PRF,STN_ID,SWN,WELL_NAME,WLM_METHOD,WLM_ACC,BASIN_CODE,BASIN_NAME,COUNTY_NAME,WELL_DEPTH,WELL_USE,WELL_TYPE,WCR_NO,t_range,n_samples,season,fall_high,fall_low,spring_high,spring_low,water_year,HUC8,WYT,water_year_type,water_year_start,water_year_end,X,Y
415748N1225300W001,2619088,2020-04-10T12:00:00Z,2667.6,2667.1,23.6,47,2644.2,23.4,22.9,NA,Steel tape measurement,Water level accuracy to nearest tenth of a foot,1,Department of Water Resources,NA,1,Department of Water Resources,NA,NA,22372,43N06W15F003M,43N06W15F003M,Surveyed to a benchmark,0.1 ft.,1-004,Shasta Valley,Siskiyou,100,Irrigation,Single Well,NA,1971-10-26 00:00:00 - 2020-04-10 12:00:00,100,spring,NA,NA,4.2,30,2020,NA,NA,NA,2019-10-01T00:00:00Z,2020-10-01T00:00:00Z,-122.53,41.5748
415748N1225300W001,2480395,2019-10-25T12:00:00Z,2667.6,2667.1,10.5,40,2638.1,29.5,29,NA,Steel tape measurement,Water level accuracy to nearest tenth of a foot,1,Department of Water Resources,NA,1,Department of Water Resources,NA,NA,22372,43N06W15F003M,43N06W15F003M,Surveyed to a benchmark,0.1 ft.,1-004,Shasta Valley,Siskiyou,100,Irrigation,Single Well,NA,1971-10-26 00:00:00 - 2020-04-10 12:00:00,100,fall,8.6,30.1,NA,NA,2020,NA,NA,NA,2019-10-01T00:00:00Z,2020-10-01T00:00:00Z,-122.53,41.5748
415748N1225300W001,2452852,2019-04-03T12:00:00Z,2667.6,2667.1,17.7,35,2650.3,17.3,16.8,Oil or foreign substance in casing,Steel tape measurement,Water level accuracy to nearest tenth of a foot,1,Department of Water Resources,Oil in casing,1,Department of Water Resources,NA,NA,22372,43N06W15F003M,43N06W15F003M,Surveyed to a benchmark,0.1 ft.,1-004,Shasta Valley,Siskiyou,100,Irrigation,Single Well,NA,1971-10-26 00:00:00 - 2020-04-10 12:00:00,100,spring,NA,NA,4.2,30,2019,NA,NA,NA,2018-10-01T00:00:00Z,2019-10-01T00:00:00Z,-122.53,41.5748
415748N1225300W001,2413594,2018-10-23T12:00:00Z,2667.6,2667.1,11.3,40,2638.9,28.7,28.2,Oil or foreign substance in casing,Steel tape measurement,Water level accuracy to nearest tenth of a foot,1,Department of Water Resources,Oil in casing,1,Department of Water Resources,NA,NA,22372,43N06W15F003M,43N06W15F003M,Surveyed to a benchmark,0.1 ft.,1-004,Shasta Valley,Siskiyou,100,Irrigation,Single Well,NA,1971-10-26 00:00:00 - 2020-04-10 12:00:00,100,fall,8.6,30.1,NA,NA,2019,NA,NA,NA,2018-10-01T00:00:00Z,2019-10-01T00:00:00Z,-122.53,41.5748
415748N1225300W001,2286532,2018-03-26T12:00:00Z,2667.6,2667.1,0,22.8,2644.8,22.8,22.3,NA,Electric sounder measurement,Water level accuracy to nearest tenth of a foot,1,Department of Water Resources,Oil in casing,1,Department of Water Resources,NA,NA,22372,43N06W15F003M,43N06W15F003M,Surveyed to a benchmark,0.1 ft.,1-004,Shasta Valley,Siskiyou,100,Irrigation,Single Well,NA,1971-10-26 00:00:00 - 2020-04-10 12:00:00,100,spring,NA,NA,4.2,30,2018,18010207,Below Normal,Below Normal,2017-10-01T00:00:00Z,2018-10-01T00:00:00Z,-122.53,41.5748
415748N1225300W001,2266737,2017-10-19T12:00:00Z,2667.6,2667.1,11.7,40,2639.3,28.3,27.8,Oil or foreign substance in casing,Steel tape measurement,Water level accuracy to nearest tenth of a foot,1,Department of Water Resources,Oil in casing,1,Department of Water Resources,NA,NA,22372,43N06W15F003M,43N06W15F003M,Surveyed to a benchmark,0.1 ft.,1-004,Shasta Valley,Siskiyou,100,Irrigation,Single Well,NA,1971-10-26 00:00:00 - 2020-04-10 12:00:00,100,fall,8.6,30.1,NA,NA,2018,18010207,Below Normal,Below Normal,2017-10-01T00:00:00Z,2018-10-01T00:00:00Z,-122.53,41.5748
415748N1225300W001,2241467,2017-03-22T12:00:00Z,2667.6,2667.1,2,25,2644.6,23,22.5,NA,Steel tape measurement,Water level accuracy to nearest tenth of a foot,1,Department of Water Resources,NA,1,Department of Water Resources,NA,NA,22372,43N06W15F003M,43N06W15F003M,Surveyed to a benchmark,0.1 ft.,1-004,Shasta Valley,Siskiyou,100,Irrigation,Single Well,NA,1971-10-26 00:00:00 - 2020-04-10 12:00:00,100,spring,NA,NA,4.2,30,2017,18010207,Wet,Wet,2016-10-01T00:00:00Z,2017-10-01T00:00:00Z,-122.53,41.5748
415748N1225300W001,2214928,2016-10-21T12:00:00Z,2667.6,2667.1,20.5,50,2638.1,29.5,29,NA,Steel tape measurement,Water level accuracy to nearest tenth of a foot,1,Department of Water Resources,NA,1,Department of Water Resources,NA,NA,22372,43N06W15F003M,43N06W15F003M,Surveyed to a benchmark,0.1 ft.,1-004,Shasta Valley,Siskiyou,100,Irrigation,Single Well,NA,1971-10-26 00:00:00 - 2020-04-10 12:00:00,100,fall,8.6,30.1,NA,NA,2017,18010207,Wet,Wet,2016-10-01T00:00:00Z,2017-10-01T00:00:00Z,-122.53,41.5748
415748N1225300W001,2189515,2016-04-06T00:00:00Z,2667.6,2667.1,9.7,34,2643.3,24.3,23.8,NA,Steel tape measurement,Water level accuracy to nearest tenth of a foot,1,Department of Water Resources,NA,1,Department of Water Resources,NA,NA,22372,43N06W15F003M,43N06W15F003M,Surveyed to a benchmark,0.1 ft.,1-004,Shasta Valley,Siskiyou,100,Irrigation,Single Well,NA,1971-10-26 00:00:00 - 2020-04-10 12:00:00,100,spring,NA,NA,4.2,30,2016,18010207,Wet,Wet,2015-10-01T00:00:00Z,2016-10-01T00:00:00Z,-122.53,41.5748
415748N1225300W001,2165284,2015-10-20T00:00:00Z,2667.6,2667.1,9.4,40,2637,30.6,30.1,NA,Steel tape measurement,Water level accuracy to nearest tenth of a foot,1,Department of Water Resources,NA,1,Department of Water Resources,NA,NA,22372,43N06W15F003M,43N06W15F003M,Surveyed to a benchmark,0.1 ft.,1-004,Shasta Valley,Siskiyou,100,Irrigation,Single Well,NA,1971-10-26 00:00:00 - 2020-04-10 12:00:00,100,fall,8.6,30.1,NA,NA,2016,18010207,Wet,Wet,2015-10-01T00:00:00Z,2016-10-01T00:00:00Z,-122.53,41.5748
415748N1225300W001,2189779,2015-04-02T00:00:00Z,2667.6,2667.1,16.2,40,2643.8,23.8,23.3,NA,Steel tape measurement,Water level accuracy to nearest tenth of a foot,1,Department of Water Resources,NA,1,Department of Water Resources,NA,NA,22372,43N06W15F003M,43N06W15F003M,Surveyed to a benchmark,0.1 ft.,1-004,Shasta Valley,Siskiyou,100,Irrigation,Single Well,NA,1971-10-26 00:00:00 - 2020-04-10 12:00:00,100,spring,NA,NA,4.2,30,2015,18010207,Below Normal,Below Normal,2014-10-01T00:00:00Z,2015-10-01T00:00:00Z,-122.53,41.5748
415748N1225300W001,2029956,2014-10-29T00:00:00Z,2667.6,2667.1,14.8,45,2637.4,30.2,29.7,NA,Steel tape measurement,Water level accuracy to nearest tenth of a foot,1,Department of Water Resources,NA,1,Department of Water Resources,NA,NA,22372,43N06W15F003M,43N06W15F003M,Surveyed to a benchmark,0.1 ft.,1-004,Shasta Valley,Siskiyou,100,Irrigation,Single Well,NA,1971-10-26 00:00:00 - 2020-04-10 12:00:00,100,fall,8.6,30.1,NA,NA,2015,18010207,Below Normal,Below Normal,2014-10-01T00:00:00Z,2015-10-01T00:00:00Z,-122.53,41.5748
415748N1225300W001,1884042,2014-03-24T00:00:00Z,2667.6,2667.1,2.8,25,2645.4,22.2,21.7,NA,Steel tape measurement,Water level accuracy to nearest tenth of a foot,1,Department of Water Resources,NA,1,Department of Water Resources,NA,NA,22372,43N06W15F003M,43N06W15F003M,Surveyed to a benchmark,0.1 ft.,1-004,Shasta Valley,Siskiyou,100,Irrigation,Single Well,NA,1971-10-26 00:00:00 - 2020-04-10 12:00:00,100,spring,NA,NA,4.2,30,2014,18010207,Critical,Critical,2013-10-01T00:00:00Z,2014-10-01T00:00:00Z,-122.53,41.5748
415748N1225300W001,1797148,2013-10-24T00:00:00Z,2667.6,2667.1,13.5,30,2651.1,16.5,16,NA,Steel tape measurement,Water level accuracy to nearest tenth of a foot,1,Department of Water Resources,NA,1,Department of Water Resources,NA,NA,22372,43N06W15F003M,43N06W15F003M,Surveyed to a benchmark,0.1 ft.,1-004,Shasta Valley,Siskiyou,100,Irrigation,Single Well,NA,1971-10-26 00:00:00 - 2020-04-10 12:00:00,100,fall,8.6,30.1,NA,NA,2014,18010207,Critical,Critical,2013-10-01T00:00:00Z,2014-10-01T00:00:00Z,-122.53,41.5748
415748N1225300W001,1684658,2013-03-25T00:00:00Z,2667.65,2667.15,11,30,2648.65,19,18.5,NA,Steel tape measurement,Water level accuracy to nearest tenth of a foot,1,Department of Water Resources,NA,1,Department of Water Resources,NA,NA,22372,43N06W15F003M,43N06W15F003M,Surveyed to a benchmark,0.1 ft.,1-004,Shasta Valley,Siskiyou,100,Irrigation,Single Well,NA,1971-10-26 00:00:00 - 2020-04-10 12:00:00,100,spring,NA,NA,4.2,30,2013,18010207,Below Normal,Below Normal,2012-10-01T00:00:00Z,2013-10-01T00:00:00Z,-122.53,41.5748
415748N1225300W001,69689,2012-10-26T00:00:00Z,2667.65,2667.15,22.9,45,2645.55,22.1,21.6,NA,Steel tape measurement,Water level accuracy to nearest tenth of a foot,1,Department of Water Resources,NA,1,Department of Water Resources,NA,NA,22372,43N06W15F003M,43N06W15F003M,Surveyed to a benchmark,0.1 ft.,1-004,Shasta Valley,Siskiyou,100,Irrigation,Single Well,NA,1971-10-26 00:00:00 - 2020-04-10 12:00:00,100,fall,8.6,30.1,NA,NA,2013,18010207,Below Normal,Below Normal,2012-10-01T00:00:00Z,2013-10-01T00:00:00Z,-122.53,41.5748
415748N1225300W001,59879,2012-04-18T00:00:00Z,2667.65,2667.15,9,24,2652.65,15,14.5,NA,Steel tape measurement,Water level accuracy to nearest tenth of a foot,1,Department of Water Resources,NA,1,Department of Water Resources,NA,NA,22372,43N06W15F003M,43N06W15F003M,Surveyed to a benchmark,0.1 ft.,1-004,Shasta Valley,Siskiyou,100,Irrigation,Single Well,NA,1971-10-26 00:00:00 - 2020-04-10 12:00:00,100,spring,NA,NA,4.2,30,2012,18010207,Below Normal,Below Normal,2011-10-01T00:00:00Z,2012-10-01T00:00:00Z,-122.53,41.5748
415748N1225300W001,39858,2011-10-20T00:00:00Z,2667.65,2667.15,0,19.4,2648.25,19.4,18.9,NA,Steel tape measurement,Water level accuracy to nearest tenth of a foot,1,Department of Water Resources,NA,1,Department of Water Resources,NA,NA,22372,43N06W15F003M,43N06W15F003M,Surveyed to a benchmark,0.1 ft.,1-004,Shasta Valley,Siskiyou,100,Irrigation,Single Well,NA,1971-10-26 00:00:00 - 2020-04-10 12:00:00,100,fall,8.6,30.1,NA,NA,2012,18010207,Below Normal,Below Normal,2011-10-01T00:00:00Z,2012-10-01T00:00:00Z,-122.53,41.5748
415748N1225300W001,1695791,2011-04-21T00:00:00Z,2667.65,2667.15,0,16.5,2651.15,16.5,16,NA,Unknown,Water level accuracy is unknown,1,Department of Water Resources,NA,1,Department of Water Resources,NA,NA,22372,43N06W15F003M,43N06W15F003M,Surveyed to a benchmark,0.1 ft.,1-004,Shasta Valley,Siskiyou,100,Irrigation,Single Well,NA,1971-10-26 00:00:00 - 2020-04-10 12:00:00,100,spring,NA,NA,4.2,30,2011,18010207,Above Normal,Above Normal,2010-10-01T00:00:00Z,2011-10-01T00:00:00Z,-122.53,41.5748
415748N1225300W001,1695790,2010-10-27T00:00:00Z,2667.65,2667.15,0,19.7,2647.95,19.7,19.2,NA,Unknown,Water level accuracy is unknown,1,Department of Water Resources,NA,1,Department of Water Resources,NA,NA,22372,43N06W15F003M,43N06W15F003M,Surveyed to a benchmark,0.1 ft.,1-004,Shasta Valley,Siskiyou,100,Irrigation,Single Well,NA,1971-10-26 00:00:00 - 2020-04-10 12:00:00,100,fall,8.6,30.1,NA,NA,2011,18010207,Above Normal,Above Normal,2010-10-01T00:00:00Z,2011-10-01T00:00:00Z,-122.53,41.5748
415748N1225300W001,1695789,2010-04-01T00:00:00Z,2667.65,2667.15,0,15.1,2652.55,15.1,14.6,NA,Unknown,Water level accuracy is unknown,1,Department of Water Resources,NA,1,Department of Water Resources,NA,NA,22372,43N06W15F003M,43N06W15F003M,Surveyed to a benchmark,0.1 ft.,1-004,Shasta Valley,Siskiyou,100,Irrigation,Single Well,NA,1971-10-26 00:00:00 - 2020-04-10 12:00:00,100,spring,NA,NA,4.2,30,2010,18010207,Below Normal,Below Normal,2009-10-01T00:00:00Z,2010-10-01T00:00:00Z,-122.53,41.5748
415748N1225300W001,1695788,2009-10-29T00:00:00Z,2667.65,2667.15,0,20.3,2647.35,20.3,19.8,NA,Unknown,Water level accuracy is unknown,1,Department of Water Resources,NA,1,Department of Water Resources,NA,NA,22372,43N06W15F003M,43N06W15F003M,Surveyed to a benchmark,0.1 ft.,1-004,Shasta Valley,Siskiyou,100,Irrigation,Single Well,NA,1971-10-26 00:00:00 - 2020-04-10 12:00:00,100,fall,8.6,30.1,NA,NA,2010,18010207,Below Normal,Below Normal,2009-10-01T00:00:00Z,2010-10-01T00:00:00Z,-122.53,41.5748
415748N1225300W001,1695787,2009-04-06T00:00:00Z,2667.65,2667.15,0,12.5,2655.15,12.5,12,NA,Unknown,Water level accuracy is unknown,1,Department of Water Resources,NA,1,Department of Water Resources,NA,NA,22372,43N06W15F003M,43N06W15F003M,Surveyed to a benchmark,0.1 ft.,1-004,Shasta Valley,Siskiyou,100,Irrigation,Single Well,NA,1971-10-26 00:00:00 - 2020-04-10 12:00:00,100,spring,NA,NA,4.2,30,2009,18010207,Dry,Dry,2008-10-01T00:00:00Z,2009-10-01T00:00:00Z,-122.53,41.5748
415748N1225300W001,1695786,2008-10-28T00:00:00Z,2667.65,2667.15,0,15.8,2651.85,15.8,15.3,NA,Unknown,Water level accuracy is unknown,1,Department of Water Resources,NA,1,Department of Water Resources,NA,NA,22372,43N06W15F003M,43N06W15F003M,Surveyed to a benchmark,0.1 ft.,1-004,Shasta Valley,Siskiyou,100,Irrigation,Single Well,NA,1971-10-26 00:00:00 - 2020-04-10 12:00:00,100,fall,8.6,30.1,NA,NA,2009,18010207,Dry,Dry,2008-10-01T00:00:00Z,2009-10-01T00:00:00Z,-122.53,41.5748
415748N1225300W001,1695785,2008-03-27T00:00:00Z,2667.65,2667.15,0,10.3,2657.35,10.3,9.8,NA,Unknown,Water level accuracy is unknown,1,Department of Water Resources,NA,1,Department of Water Resources,NA,NA,22372,43N06W15F003M,43N06W15F003M,Surveyed to a benchmark,0.1 ft.,1-004,Shasta Valley,Siskiyou,100,Irrigation,Single Well,NA,1971-10-26 00:00:00 - 2020-04-10 12:00:00,100,spring,NA,NA,4.2,30,2008,18010207,Dry,Dry,2007-10-01T00:00:00Z,2008-10-01T00:00:00Z,-122.53,41.5748
415748N1225300W001,1695784,2007-10-23T00:00:00Z,2667.65,2667.15,0,15.6,2652.05,15.6,15.1,NA,Unknown,Water level accuracy is unknown,1,Department of Water Resources,NA,1,Department of Water Resources,NA,NA,22372,43N06W15F003M,43N06W15F003M,Surveyed to a benchmark,0.1 ft.,1-004,Shasta Valley,Siskiyou,100,Irrigation,Single Well,NA,1971-10-26 00:00:00 - 2020-04-10 12:00:00,100,fall,8.6,30.1,NA,NA,2008,18010207,Dry,Dry,2007-10-01T00:00:00Z,2008-10-01T00:00:00Z,-122.53,41.5748
415748N1225300W001,1695783,2007-03-27T00:00:00Z,2667.65,2667.15,0,9.3,2658.35,9.3,8.8,NA,Unknown,Water level accuracy is unknown,1,Department of Water Resources,NA,1,Department of Water Resources,NA,NA,22372,43N06W15F003M,43N06W15F003M,Surveyed to a benchmark,0.1 ft.,1-004,Shasta Valley,Siskiyou,100,Irrigation,Single Well,NA,1971-10-26 00:00:00 - 2020-04-10 12:00:00,100,spring,NA,NA,4.2,30,2007,18010207,Below Normal,Below Normal,2006-10-01T00:00:00Z,2007-10-01T00:00:00Z,-122.53,41.5748
415748N1225300W001,1695782,2006-10-16T00:00:00Z,2667.65,2667.15,0,17.1,2650.55,17.1,16.6,NA,Unknown,Water level accuracy is unknown,1,Department of Water Resources,NA,1,Department of Water Resources,NA,NA,22372,43N06W15F003M,43N06W15F003M,Surveyed to a benchmark,0.1 ft.,1-004,Shasta Valley,Siskiyou,100,Irrigation,Single Well,NA,1971-10-26 00:00:00 - 2020-04-10 12:00:00,100,fall,8.6,30.1,NA,NA,2007,18010207,Below Normal,Below Normal,2006-10-01T00:00:00Z,2007-10-01T00:00:00Z,-122.53,41.5748
415748N1225300W001,1695781,2006-04-20T00:00:00Z,2667.65,2667.15,0,11.8,2655.85,11.8,11.3,NA,Unknown,Water level accuracy is unknown,1,Department of Water Resources,NA,1,Department of Water Resources,NA,NA,22372,43N06W15F003M,43N06W15F003M,Surveyed to a benchmark,0.1 ft.,1-004,Shasta Valley,Siskiyou,100,Irrigation,Single Well,NA,1971-10-26 00:00:00 - 2020-04-10 12:00:00,100,spring,NA,NA,4.2,30,2006,18010207,Wet,Wet,2005-10-01T00:00:00Z,2006-10-01T00:00:00Z,-122.53,41.5748
415748N1225300W001,1695780,2005-10-13T00:00:00Z,2667.65,2667.15,0,20.8,2646.85,20.8,20.3,NA,Unknown,Water level accuracy is unknown,1,Department of Water Resources,NA,1,Department of Water Resources,NA,NA,22372,43N06W15F003M,43N06W15F003M,Surveyed to a benchmark,0.1 ft.,1-004,Shasta Valley,Siskiyou,100,Irrigation,Single Well,NA,1971-10-26 00:00:00 - 2020-04-10 12:00:00,100,fall,8.6,30.1,NA,NA,2006,18010207,Wet,Wet,2005-10-01T00:00:00Z,2006-10-01T00:00:00Z,-122.53,41.5748
415748N1225300W001,1695779,2005-03-30T00:00:00Z,2667.65,2667.15,0,13.9,2653.75,13.9,13.4,NA,Unknown,Water level accuracy is unknown,1,Department of Water Resources,NA,1,Department of Water Resources,NA,NA,22372,43N06W15F003M,43N06W15F003M,Surveyed to a benchmark,0.1 ft.,1-004,Shasta Valley,Siskiyou,100,Irrigation,Single Well,NA,1971-10-26 00:00:00 - 2020-04-10 12:00:00,100,spring,NA,NA,4.2,30,2005,18010207,Above Normal,Above Normal,2004-10-01T00:00:00Z,2005-10-01T00:00:00Z,-122.53,41.5748
415748N1225300W001,1695778,2004-10-29T00:00:00Z,2667.65,2667.15,0,20.1,2647.55,20.1,19.6,NA,Unknown,Water level accuracy is unknown,1,Department of Water Resources,NA,1,Department of Water Resources,NA,NA,22372,43N06W15F003M,43N06W15F003M,Surveyed to a benchmark,0.1 ft.,1-004,Shasta Valley,Siskiyou,100,Irrigation,Single Well,NA,1971-10-26 00:00:00 - 2020-04-10 12:00:00,100,fall,8.6,30.1,NA,NA,2005,18010207,Above Normal,Above Normal,2004-10-01T00:00:00Z,2005-10-01T00:00:00Z,-122.53,41.5748
415748N1225300W001,1695777,2004-03-31T00:00:00Z,2667.65,2667.15,0,12.8,2654.85,12.8,12.3,NA,Unknown,Water level accuracy is unknown,1,Department of Water Resources,NA,1,Department of Water Resources,NA,NA,22372,43N06W15F003M,43N06W15F003M,Surveyed to a benchmark,0.1 ft.,1-004,Shasta Valley,Siskiyou,100,Irrigation,Single Well,NA,1971-10-26 00:00:00 - 2020-04-10 12:00:00,100,spring,NA,NA,4.2,30,2004,18010207,Above Normal,Above Normal,2003-10-01T00:00:00Z,2004-10-01T00:00:00Z,-122.53,41.5748
415748N1225300W001,1695776,2003-10-07T00:00:00Z,2667.65,2667.15,0,19.2,2648.45,19.2,18.7,NA,Unknown,Water level accuracy is unknown,1,Department of Water Resources,NA,1,Department of Water Resources,NA,NA,22372,43N06W15F003M,43N06W15F003M,Surveyed to a benchmark,0.1 ft.,1-004,Shasta Valley,Siskiyou,100,Irrigation,Single Well,NA,1971-10-26 00:00:00 - 2020-04-10 12:00:00,100,fall,8.6,30.1,NA,NA,2004,18010207,Above Normal,Above Normal,2003-10-01T00:00:00Z,2004-10-01T00:00:00Z,-122.53,41.5748
415748N1225300W001,1695775,2003-03-24T00:00:00Z,2667.65,2667.15,0,10.9,2656.75,10.9,10.4,NA,Unknown,Water level accuracy is unknown,1,Department of Water Resources,NA,1,Department of Water Resources,NA,NA,22372,43N06W15F003M,43N06W15F003M,Surveyed to a benchmark,0.1 ft.,1-004,Shasta Valley,Siskiyou,100,Irrigation,Single Well,NA,1971-10-26 00:00:00 - 2020-04-10 12:00:00,100,spring,NA,NA,4.2,30,2003,18010207,Above Normal,Above Normal,2002-10-01T00:00:00Z,2003-10-01T00:00:00Z,-122.53,41.5748
415748N1225300W001,1695774,2002-10-09T00:00:00Z,2667.65,2667.15,0,29.3,2638.35,29.3,28.8,NA,Unknown,Water level accuracy is unknown,1,Department of Water Resources,NA,1,Department of Water Resources,NA,NA,22372,43N06W15F003M,43N06W15F003M,Surveyed to a benchmark,0.1 ft.,1-004,Shasta Valley,Siskiyou,100,Irrigation,Single Well,NA,1971-10-26 00:00:00 - 2020-04-10 12:00:00,100,fall,8.6,30.1,NA,NA,2003,18010207,Above Normal,Above Normal,2002-10-01T00:00:00Z,2003-10-01T00:00:00Z,-122.53,41.5748
415748N1225300W001,1695773,2002-03-28T00:00:00Z,2667.65,2667.15,0,8.6,2659.05,8.6,8.1,NA,Unknown,Water level accuracy is unknown,1,Department of Water Resources,NA,1,Department of Water Resources,NA,NA,22372,43N06W15F003M,43N06W15F003M,Surveyed to a benchmark,0.1 ft.,1-004,Shasta Valley,Siskiyou,100,Irrigation,Single Well,NA,1971-10-26 00:00:00 - 2020-04-10 12:00:00,100,spring,NA,NA,4.2,30,2002,18010207,Dry,Dry,2001-10-01T00:00:00Z,2002-10-01T00:00:00Z,-122.53,41.5748
415748N1225300W001,1695772,2001-10-29T00:00:00Z,2667.65,2667.15,0,10.3,2657.35,10.3,9.8,NA,Unknown,Water level accuracy is unknown,1,Department of Water Resources,NA,1,Department of Water Resources,NA,NA,22372,43N06W15F003M,43N06W15F003M,Surveyed to a benchmark,0.1 ft.,1-004,Shasta Valley,Siskiyou,100,Irrigation,Single Well,NA,1971-10-26 00:00:00 - 2020-04-10 12:00:00,100,fall,8.6,30.1,NA,NA,2002,18010207,Dry,Dry,2001-10-01T00:00:00Z,2002-10-01T00:00:00Z,-122.53,41.5748
415748N1225300W001,1695771,2001-04-02T00:00:00Z,2667.65,2667.15,NA,NA,NA,NA,NA,Pumping,NA,NA,1,Department of Water Resources,NA,1,Department of Water Resources,NA,NA,22372,43N06W15F003M,43N06W15F003M,Surveyed to a benchmark,0.1 ft.,1-004,Shasta Valley,Siskiyou,100,Irrigation,Single Well,NA,1971-10-26 00:00:00 - 2020-04-10 12:00:00,100,spring,NA,NA,4.2,30,2001,18010207,Critical,Critical,2000-10-01T00:00:00Z,2001-10-01T00:00:00Z,-122.53,41.5748
415748N1225300W001,1695770,2000-10-09T00:00:00Z,2667.65,2667.15,0,9.1,2658.55,9.1,8.6,NA,Unknown,Water level accuracy is unknown,1,Department of Water Resources,NA,1,Department of Water Resources,NA,NA,22372,43N06W15F003M,43N06W15F003M,Surveyed to a benchmark,0.1 ft.,1-004,Shasta Valley,Siskiyou,100,Irrigation,Single Well,NA,1971-10-26 00:00:00 - 2020-04-10 12:00:00,100,fall,8.6,30.1,NA,NA,2001,18010207,Critical,Critical,2000-10-01T00:00:00Z,2001-10-01T00:00:00Z,-122.53,41.5748
415748N1225300W001,1695769,2000-03-22T00:00:00Z,2667.65,2667.15,0,4.7,2662.95,4.7,4.2,NA,Unknown,Water level accuracy is unknown,1,Department of Water Resources,NA,1,Department of Water Resources,NA,NA,22372,43N06W15F003M,43N06W15F003M,Surveyed to a benchmark,0.1 ft.,1-004,Shasta Valley,Siskiyou,100,Irrigation,Single Well,NA,1971-10-26 00:00:00 - 2020-04-10 12:00:00,100,spring,NA,NA,4.2,30,2000,18010207,Above Normal,Above Normal,1999-10-01T00:00:00Z,2000-10-01T00:00:00Z,-122.53,41.5748
415748N1225300W001,1695767,1999-10-25T00:00:00Z,2667.65,2667.15,0,9.6,2658.05,9.6,9.1,NA,Unknown,Water level accuracy is unknown,1,Department of Water Resources,NA,1,Department of Water Resources,NA,NA,22372,43N06W15F003M,43N06W15F003M,Surveyed to a benchmark,0.1 ft.,1-004,Shasta Valley,Siskiyou,100,Irrigation,Single Well,NA,1971-10-26 00:00:00 - 2020-04-10 12:00:00,100,fall,8.6,30.1,NA,NA,2000,18010207,Above Normal,Above Normal,1999-10-01T00:00:00Z,2000-10-01T00:00:00Z,-122.53,41.5748
415748N1225300W001,1695768,1999-03-15T00:00:00Z,2667.65,2667.15,0,6.8,2660.85,6.8,6.3,NA,Unknown,Water level accuracy is unknown,1,Department of Water Resources,NA,1,Department of Water Resources,NA,NA,22372,43N06W15F003M,43N06W15F003M,Surveyed to a benchmark,0.1 ft.,1-004,Shasta Valley,Siskiyou,100,Irrigation,Single Well,NA,1971-10-26 00:00:00 - 2020-04-10 12:00:00,100,spring,NA,NA,4.2,30,1999,18010207,Wet,Wet,1998-10-01T00:00:00Z,1999-10-01T00:00:00Z,-122.53,41.5748
415748N1225300W001,1695766,1998-10-26T00:00:00Z,2667.65,2667.15,0,11.6,2656.05,11.6,11.1,NA,Unknown,Water level accuracy is unknown,1,Department of Water Resources,NA,1,Department of Water Resources,NA,NA,22372,43N06W15F003M,43N06W15F003M,Surveyed to a benchmark,0.1 ft.,1-004,Shasta Valley,Siskiyou,100,Irrigation,Single Well,NA,1971-10-26 00:00:00 - 2020-04-10 12:00:00,100,fall,8.6,30.1,NA,NA,1999,18010207,Wet,Wet,1998-10-01T00:00:00Z,1999-10-01T00:00:00Z,-122.53,41.5748
415748N1225300W001,1695765,1998-04-01T00:00:00Z,2667.65,2667.15,0,10.1,2657.55,10.1,9.6,NA,Unknown,Water level accuracy is unknown,1,Department of Water Resources,NA,1,Department of Water Resources,NA,NA,22372,43N06W15F003M,43N06W15F003M,Surveyed to a benchmark,0.1 ft.,1-004,Shasta Valley,Siskiyou,100,Irrigation,Single Well,NA,1971-10-26 00:00:00 - 2020-04-10 12:00:00,100,spring,NA,NA,4.2,30,1998,18010207,Wet,Wet,1997-10-01T00:00:00Z,1998-10-01T00:00:00Z,-122.53,41.5748
415748N1225300W001,1695764,1997-10-23T00:00:00Z,2667.65,2667.15,0,14.6,2653.05,14.6,14.1,NA,Unknown,Water level accuracy is unknown,1,Department of Water Resources,NA,1,Department of Water Resources,NA,NA,22372,43N06W15F003M,43N06W15F003M,Surveyed to a benchmark,0.1 ft.,1-004,Shasta Valley,Siskiyou,100,Irrigation,Single Well,NA,1971-10-26 00:00:00 - 2020-04-10 12:00:00,100,fall,8.6,30.1,NA,NA,1998,18010207,Wet,Wet,1997-10-01T00:00:00Z,1998-10-01T00:00:00Z,-122.53,41.5748
415748N1225300W001,1695763,1997-03-12T00:00:00Z,2667.65,2667.15,0,12.2,2655.45,12.2,11.7,NA,Unknown,Water level accuracy is unknown,1,Department of Water Resources,NA,1,Department of Water Resources,NA,NA,22372,43N06W15F003M,43N06W15F003M,Surveyed to a benchmark,0.1 ft.,1-004,Shasta Valley,Siskiyou,100,Irrigation,Single Well,NA,1971-10-26 00:00:00 - 2020-04-10 12:00:00,100,spring,NA,NA,4.2,30,1997,18010207,Wet,Wet,1996-10-01T00:00:00Z,1997-10-01T00:00:00Z,-122.53,41.5748
415748N1225300W001,1695762,1996-10-24T00:00:00Z,2667.65,2667.15,0,17.8,2649.85,17.8,17.3,NA,Unknown,Water level accuracy is unknown,1,Department of Water Resources,NA,1,Department of Water Resources,NA,NA,22372,43N06W15F003M,43N06W15F003M,Surveyed to a benchmark,0.1 ft.,1-004,Shasta Valley,Siskiyou,100,Irrigation,Single Well,NA,1971-10-26 00:00:00 - 2020-04-10 12:00:00,100,fall,8.6,30.1,NA,NA,1997,18010207,Wet,Wet,1996-10-01T00:00:00Z,1997-10-01T00:00:00Z,-122.53,41.5748
415748N1225300W001,1695761,1996-04-13T00:00:00Z,2667.65,2667.15,0,13,2654.65,13,12.5,NA,Unknown,Water level accuracy is unknown,1,Department of Water Resources,NA,1,Department of Water Resources,NA,NA,22372,43N06W15F003M,43N06W15F003M,Surveyed to a benchmark,0.1 ft.,1-004,Shasta Valley,Siskiyou,100,Irrigation,Single Well,NA,1971-10-26 00:00:00 - 2020-04-10 12:00:00,100,spring,NA,NA,4.2,30,1996,18010207,Wet,Wet,1995-10-01T00:00:00Z,1996-10-01T00:00:00Z,-122.53,41.5748
415748N1225300W001,1695760,1995-10-18T00:00:00Z,2667.65,2667.15,0,17.3,2650.35,17.3,16.8,NA,Unknown,Water level accuracy is unknown,1,Department of Water Resources,NA,1,Department of Water Resources,NA,NA,22372,43N06W15F003M,43N06W15F003M,Surveyed to a benchmark,0.1 ft.,1-004,Shasta Valley,Siskiyou,100,Irrigation,Single Well,NA,1971-10-26 00:00:00 - 2020-04-10 12:00:00,100,fall,8.6,30.1,NA,NA,1996,18010207,Wet,Wet,1995-10-01T00:00:00Z,1996-10-01T00:00:00Z,-122.53,41.5748
415748N1225300W001,1695759,1995-03-29T00:00:00Z,2667.65,2667.15,0,14.2,2653.45,14.2,13.7,NA,Unknown,Water level accuracy is unknown,1,Department of Water Resources,NA,1,Department of Water Resources,NA,NA,22372,43N06W15F003M,43N06W15F003M,Surveyed to a benchmark,0.1 ft.,1-004,Shasta Valley,Siskiyou,100,Irrigation,Single Well,NA,1971-10-26 00:00:00 - 2020-04-10 12:00:00,100,spring,NA,NA,4.2,30,1995,18010207,Wet,Wet,1994-10-01T00:00:00Z,1995-10-01T00:00:00Z,-122.53,41.5748
415748N1225300W001,1695758,1994-10-27T00:00:00Z,2667.65,2667.15,0,18.7,2648.95,18.7,18.2,NA,Unknown,Water level accuracy is unknown,1,Department of Water Resources,NA,1,Department of Water Resources,NA,NA,22372,43N06W15F003M,43N06W15F003M,Surveyed to a benchmark,0.1 ft.,1-004,Shasta Valley,Siskiyou,100,Irrigation,Single Well,NA,1971-10-26 00:00:00 - 2020-04-10 12:00:00,100,fall,8.6,30.1,NA,NA,1995,18010207,Wet,Wet,1994-10-01T00:00:00Z,1995-10-01T00:00:00Z,-122.53,41.5748
415748N1225300W001,1695757,1994-03-31T00:00:00Z,2667.65,2667.15,0,30.5,2637.15,30.5,30,Pumping,Unknown,Water level accuracy is unknown,1,Department of Water Resources,NA,1,Department of Water Resources,NA,NA,22372,43N06W15F003M,43N06W15F003M,Surveyed to a benchmark,0.1 ft.,1-004,Shasta Valley,Siskiyou,100,Irrigation,Single Well,NA,1971-10-26 00:00:00 - 2020-04-10 12:00:00,100,spring,NA,NA,4.2,30,1994,18010207,Dry,Dry,1993-10-01T00:00:00Z,1994-10-01T00:00:00Z,-122.53,41.5748
415748N1225300W001,1695756,1993-10-15T00:00:00Z,2667.65,2667.15,0,17.7,2649.95,17.7,17.2,NA,Unknown,Water level accuracy is unknown,1,Department of Water Resources,NA,1,Department of Water Resources,NA,NA,22372,43N06W15F003M,43N06W15F003M,Surveyed to a benchmark,0.1 ft.,1-004,Shasta Valley,Siskiyou,100,Irrigation,Single Well,NA,1971-10-26 00:00:00 - 2020-04-10 12:00:00,100,fall,8.6,30.1,NA,NA,1994,18010207,Dry,Dry,1993-10-01T00:00:00Z,1994-10-01T00:00:00Z,-122.53,41.5748
415748N1225300W001,1695755,1993-03-15T00:00:00Z,2667.65,2667.15,0,14.9,2652.75,14.9,14.4,NA,Unknown,Water level accuracy is unknown,1,Department of Water Resources,NA,1,Department of Water Resources,NA,NA,22372,43N06W15F003M,43N06W15F003M,Surveyed to a benchmark,0.1 ft.,1-004,Shasta Valley,Siskiyou,100,Irrigation,Single Well,NA,1971-10-26 00:00:00 - 2020-04-10 12:00:00,100,spring,NA,NA,4.2,30,1993,18010207,Above Normal,Above Normal,1992-10-01T00:00:00Z,1993-10-01T00:00:00Z,-122.53,41.5748
415748N1225300W001,1695754,1992-10-19T00:00:00Z,2667.65,2667.15,0,19.2,2648.45,19.2,18.7,NA,Unknown,Water level accuracy is unknown,1,Department of Water Resources,NA,1,Department of Water Resources,NA,NA,22372,43N06W15F003M,43N06W15F003M,Surveyed to a benchmark,0.1 ft.,1-004,Shasta Valley,Siskiyou,100,Irrigation,Single Well,NA,1971-10-26 00:00:00 - 2020-04-10 12:00:00,100,fall,8.6,30.1,NA,NA,1993,18010207,Above Normal,Above Normal,1992-10-01T00:00:00Z,1993-10-01T00:00:00Z,-122.53,41.5748
415748N1225300W001,1695753,1992-03-04T00:00:00Z,2667.65,2667.15,0,14.5,2653.15,14.5,14,NA,Unknown,Water level accuracy is unknown,1,Department of Water Resources,NA,1,Department of Water Resources,NA,NA,22372,43N06W15F003M,43N06W15F003M,Surveyed to a benchmark,0.1 ft.,1-004,Shasta Valley,Siskiyou,100,Irrigation,Single Well,NA,1971-10-26 00:00:00 - 2020-04-10 12:00:00,100,spring,NA,NA,4.2,30,1992,18010207,Critical,Critical,1991-10-01T00:00:00Z,1992-10-01T00:00:00Z,-122.53,41.5748
415748N1225300W001,1695752,1991-10-02T00:00:00Z,2667.65,2667.15,0,20,2647.65,20,19.5,NA,Unknown,Water level accuracy is unknown,1,Department of Water Resources,NA,1,Department of Water Resources,NA,NA,22372,43N06W15F003M,43N06W15F003M,Surveyed to a benchmark,0.1 ft.,1-004,Shasta Valley,Siskiyou,100,Irrigation,Single Well,NA,1971-10-26 00:00:00 - 2020-04-10 12:00:00,100,fall,8.6,30.1,NA,NA,1992,18010207,Critical,Critical,1991-10-01T00:00:00Z,1992-10-01T00:00:00Z,-122.53,41.5748
415748N1225300W001,1695751,1991-03-19T00:00:00Z,2667.65,2667.15,0,14,2653.65,14,13.5,NA,Unknown,Water level accuracy is unknown,1,Department of Water Resources,NA,1,Department of Water Resources,NA,NA,22372,43N06W15F003M,43N06W15F003M,Surveyed to a benchmark,0.1 ft.,1-004,Shasta Valley,Siskiyou,100,Irrigation,Single Well,NA,1971-10-26 00:00:00 - 2020-04-10 12:00:00,100,spring,NA,NA,4.2,30,1991,18010207,Critical,Critical,1990-10-01T00:00:00Z,1991-10-01T00:00:00Z,-122.53,41.5748
415748N1225300W001,1695750,1990-10-02T00:00:00Z,2667.65,2667.15,0,20,2647.65,20,19.5,NA,Unknown,Water level accuracy is unknown,1,Department of Water Resources,NA,1,Department of Water Resources,NA,NA,22372,43N06W15F003M,43N06W15F003M,Surveyed to a benchmark,0.1 ft.,1-004,Shasta Valley,Siskiyou,100,Irrigation,Single Well,NA,1971-10-26 00:00:00 - 2020-04-10 12:00:00,100,fall,8.6,30.1,NA,NA,1991,18010207,Critical,Critical,1990-10-01T00:00:00Z,1991-10-01T00:00:00Z,-122.53,41.5748
415748N1225300W001,1695749,1990-07-31T00:00:00Z,2667.65,2667.15,0,30.5,2637.15,30.5,30,Pumping,Unknown,Water level accuracy is unknown,1,Department of Water Resources,NA,1,Department of Water Resources,NA,NA,22372,43N06W15F003M,43N06W15F003M,Surveyed to a benchmark,0.1 ft.,1-004,Shasta Valley,Siskiyou,100,Irrigation,Single Well,NA,1971-10-26 00:00:00 - 2020-04-10 12:00:00,100,other,NA,NA,NA,NA,1990,18010207,Dry,Dry,1989-10-01T00:00:00Z,1990-10-01T00:00:00Z,-122.53,41.5748
415748N1225300W001,1695748,1990-03-22T00:00:00Z,2667.65,2667.15,0,12.8,2654.85,12.8,12.3,NA,Unknown,Water level accuracy is unknown,1,Department of Water Resources,NA,1,Department of Water Resources,NA,NA,22372,43N06W15F003M,43N06W15F003M,Surveyed to a benchmark,0.1 ft.,1-004,Shasta Valley,Siskiyou,100,Irrigation,Single Well,NA,1971-10-26 00:00:00 - 2020-04-10 12:00:00,100,spring,NA,NA,4.2,30,1990,18010207,Dry,Dry,1989-10-01T00:00:00Z,1990-10-01T00:00:00Z,-122.53,41.5748
415748N1225300W001,1695747,1989-10-05T00:00:00Z,2667.65,2667.15,0,16.9,2650.75,16.9,16.4,NA,Unknown,Water level accuracy is unknown,1,Department of Water Resources,NA,1,Department of Water Resources,NA,NA,22372,43N06W15F003M,43N06W15F003M,Surveyed to a benchmark,0.1 ft.,1-004,Shasta Valley,Siskiyou,100,Irrigation,Single Well,NA,1971-10-26 00:00:00 - 2020-04-10 12:00:00,100,fall,8.6,30.1,NA,NA,1990,18010207,Dry,Dry,1989-10-01T00:00:00Z,1990-10-01T00:00:00Z,-122.53,41.5748
415748N1225300W001,1695746,1989-03-23T00:00:00Z,2667.65,2667.15,0,13.6,2654.05,13.6,13.1,NA,Unknown,Water level accuracy is unknown,1,Department of Water Resources,NA,1,Department of Water Resources,NA,NA,22372,43N06W15F003M,43N06W15F003M,Surveyed to a benchmark,0.1 ft.,1-004,Shasta Valley,Siskiyou,100,Irrigation,Single Well,NA,1971-10-26 00:00:00 - 2020-04-10 12:00:00,100,spring,NA,NA,4.2,30,1989,18010207,Below Normal,Below Normal,1988-10-01T00:00:00Z,1989-10-01T00:00:00Z,-122.53,41.5748
415748N1225300W001,1695745,1988-10-27T00:00:00Z,2667.65,2667.15,0,17.5,2650.15,17.5,17,NA,Unknown,Water level accuracy is unknown,1,Department of Water Resources,NA,1,Department of Water Resources,NA,NA,22372,43N06W15F003M,43N06W15F003M,Surveyed to a benchmark,0.1 ft.,1-004,Shasta Valley,Siskiyou,100,Irrigation,Single Well,NA,1971-10-26 00:00:00 - 2020-04-10 12:00:00,100,fall,8.6,30.1,NA,NA,1989,18010207,Below Normal,Below Normal,1988-10-01T00:00:00Z,1989-10-01T00:00:00Z,-122.53,41.5748
415748N1225300W001,1695744,1988-03-14T00:00:00Z,2667.65,2667.15,0,14.4,2653.25,14.4,13.9,NA,Unknown,Water level accuracy is unknown,1,Department of Water Resources,NA,1,Department of Water Resources,NA,NA,22372,43N06W15F003M,43N06W15F003M,Surveyed to a benchmark,0.1 ft.,1-004,Shasta Valley,Siskiyou,100,Irrigation,Single Well,NA,1971-10-26 00:00:00 - 2020-04-10 12:00:00,100,spring,NA,NA,4.2,30,1988,18010207,Critical,Critical,1987-10-01T00:00:00Z,1988-10-01T00:00:00Z,-122.53,41.5748
415748N1225300W001,1695743,1987-10-21T00:00:00Z,2667.65,2667.15,0,21,2646.65,21,20.5,NA,Unknown,Water level accuracy is unknown,1,Department of Water Resources,NA,1,Department of Water Resources,NA,NA,22372,43N06W15F003M,43N06W15F003M,Surveyed to a benchmark,0.1 ft.,1-004,Shasta Valley,Siskiyou,100,Irrigation,Single Well,NA,1971-10-26 00:00:00 - 2020-04-10 12:00:00,100,fall,8.6,30.1,NA,NA,1988,18010207,Critical,Critical,1987-10-01T00:00:00Z,1988-10-01T00:00:00Z,-122.53,41.5748
415748N1225300W001,1695742,1987-04-22T00:00:00Z,2667.65,2667.15,NA,NA,NA,NA,NA,Pumping,NA,NA,1,Department of Water Resources,NA,1,Department of Water Resources,NA,NA,22372,43N06W15F003M,43N06W15F003M,Surveyed to a benchmark,0.1 ft.,1-004,Shasta Valley,Siskiyou,100,Irrigation,Single Well,NA,1971-10-26 00:00:00 - 2020-04-10 12:00:00,100,spring,NA,NA,4.2,30,1987,18010207,Critical,Critical,1986-10-01T00:00:00Z,1987-10-01T00:00:00Z,-122.53,41.5748
415748N1225300W001,1695741,1986-09-24T00:00:00Z,2667.65,2667.15,0,18.4,2649.25,18.4,17.9,NA,Unknown,Water level accuracy is unknown,1,Department of Water Resources,NA,1,Department of Water Resources,NA,NA,22372,43N06W15F003M,43N06W15F003M,Surveyed to a benchmark,0.1 ft.,1-004,Shasta Valley,Siskiyou,100,Irrigation,Single Well,NA,1971-10-26 00:00:00 - 2020-04-10 12:00:00,100,fall,8.6,30.1,NA,NA,1986,18010207,Above Normal,Above Normal,1985-10-01T00:00:00Z,1986-10-01T00:00:00Z,-122.53,41.5748
415748N1225300W001,1695740,1986-03-25T00:00:00Z,2667.65,2667.15,0,10.2,2657.45,10.2,9.7,NA,Unknown,Water level accuracy is unknown,1,Department of Water Resources,NA,1,Department of Water Resources,NA,NA,22372,43N06W15F003M,43N06W15F003M,Surveyed to a benchmark,0.1 ft.,1-004,Shasta Valley,Siskiyou,100,Irrigation,Single Well,NA,1971-10-26 00:00:00 - 2020-04-10 12:00:00,100,spring,NA,NA,4.2,30,1986,18010207,Above Normal,Above Normal,1985-10-01T00:00:00Z,1986-10-01T00:00:00Z,-122.53,41.5748
415748N1225300W001,1695739,1985-09-23T00:00:00Z,2667.65,2667.15,0,15.4,2652.25,15.4,14.9,NA,Unknown,Water level accuracy is unknown,1,Department of Water Resources,NA,1,Department of Water Resources,NA,NA,22372,43N06W15F003M,43N06W15F003M,Surveyed to a benchmark,0.1 ft.,1-004,Shasta Valley,Siskiyou,100,Irrigation,Single Well,NA,1971-10-26 00:00:00 - 2020-04-10 12:00:00,100,fall,8.6,30.1,NA,NA,1985,18010207,Dry,Dry,1984-10-01T00:00:00Z,1985-10-01T00:00:00Z,-122.53,41.5748
415748N1225300W001,1695738,1985-03-14T00:00:00Z,2667.65,2667.15,0,8.2,2659.45,8.2,7.7,NA,Unknown,Water level accuracy is unknown,1,Department of Water Resources,NA,1,Department of Water Resources,NA,NA,22372,43N06W15F003M,43N06W15F003M,Surveyed to a benchmark,0.1 ft.,1-004,Shasta Valley,Siskiyou,100,Irrigation,Single Well,NA,1971-10-26 00:00:00 - 2020-04-10 12:00:00,100,spring,NA,NA,4.2,30,1985,18010207,Dry,Dry,1984-10-01T00:00:00Z,1985-10-01T00:00:00Z,-122.53,41.5748
415748N1225300W001,1695737,1984-10-30T00:00:00Z,2667.65,2667.15,0,13,2654.65,13,12.5,NA,Unknown,Water level accuracy is unknown,1,Department of Water Resources,NA,1,Department of Water Resources,NA,NA,22372,43N06W15F003M,43N06W15F003M,Surveyed to a benchmark,0.1 ft.,1-004,Shasta Valley,Siskiyou,100,Irrigation,Single Well,NA,1971-10-26 00:00:00 - 2020-04-10 12:00:00,100,fall,8.6,30.1,NA,NA,1985,18010207,Dry,Dry,1984-10-01T00:00:00Z,1985-10-01T00:00:00Z,-122.53,41.5748
415748N1225300W001,1695736,1984-03-23T00:00:00Z,2667.65,2667.15,0,9.2,2658.45,9.2,8.7,NA,Unknown,Water level accuracy is unknown,1,Department of Water Resources,NA,1,Department of Water Resources,NA,NA,22372,43N06W15F003M,43N06W15F003M,Surveyed to a benchmark,0.1 ft.,1-004,Shasta Valley,Siskiyou,100,Irrigation,Single Well,NA,1971-10-26 00:00:00 - 2020-04-10 12:00:00,100,spring,NA,NA,4.2,30,1984,18010207,Wet,Wet,1983-10-01T00:00:00Z,1984-10-01T00:00:00Z,-122.53,41.5748
415748N1225300W001,1695735,1983-10-24T00:00:00Z,2667.65,2667.15,0,16.4,2651.25,16.4,15.9,NA,Unknown,Water level accuracy is unknown,1,Department of Water Resources,NA,1,Department of Water Resources,NA,NA,22372,43N06W15F003M,43N06W15F003M,Surveyed to a benchmark,0.1 ft.,1-004,Shasta Valley,Siskiyou,100,Irrigation,Single Well,NA,1971-10-26 00:00:00 - 2020-04-10 12:00:00,100,fall,8.6,30.1,NA,NA,1984,18010207,Wet,Wet,1983-10-01T00:00:00Z,1984-10-01T00:00:00Z,-122.53,41.5748
415748N1225300W001,1695734,1983-04-11T00:00:00Z,2667.65,2667.15,0,12,2655.65,12,11.5,NA,Unknown,Water level accuracy is unknown,1,Department of Water Resources,NA,1,Department of Water Resources,NA,NA,22372,43N06W15F003M,43N06W15F003M,Surveyed to a benchmark,0.1 ft.,1-004,Shasta Valley,Siskiyou,100,Irrigation,Single Well,NA,1971-10-26 00:00:00 - 2020-04-10 12:00:00,100,spring,NA,NA,4.2,30,1983,18010207,Wet,Wet,1982-10-01T00:00:00Z,1983-10-01T00:00:00Z,-122.53,41.5748
415748N1225300W001,1695733,1982-10-13T00:00:00Z,2667.65,2667.15,0,19.6,2648.05,19.6,19.1,NA,Unknown,Water level accuracy is unknown,1,Department of Water Resources,NA,1,Department of Water Resources,NA,NA,22372,43N06W15F003M,43N06W15F003M,Surveyed to a benchmark,0.1 ft.,1-004,Shasta Valley,Siskiyou,100,Irrigation,Single Well,NA,1971-10-26 00:00:00 - 2020-04-10 12:00:00,100,fall,8.6,30.1,NA,NA,1983,18010207,Wet,Wet,1982-10-01T00:00:00Z,1983-10-01T00:00:00Z,-122.53,41.5748
415748N1225300W001,1695732,1982-04-20T00:00:00Z,2667.65,2667.15,0,13,2654.65,13,12.5,NA,Unknown,Water level accuracy is unknown,1,Department of Water Resources,NA,1,Department of Water Resources,NA,NA,22372,43N06W15F003M,43N06W15F003M,Surveyed to a benchmark,0.1 ft.,1-004,Shasta Valley,Siskiyou,100,Irrigation,Single Well,NA,1971-10-26 00:00:00 - 2020-04-10 12:00:00,100,spring,NA,NA,4.2,30,1982,18010207,Wet,Wet,1981-10-01T00:00:00Z,1982-10-01T00:00:00Z,-122.53,41.5748
415748N1225300W001,1695731,1981-10-07T00:00:00Z,2667.65,2667.15,0,24.5,2643.15,24.5,24,NA,Unknown,Water level accuracy is unknown,1,Department of Water Resources,NA,1,Department of Water Resources,NA,NA,22372,43N06W15F003M,43N06W15F003M,Surveyed to a benchmark,0.1 ft.,1-004,Shasta Valley,Siskiyou,100,Irrigation,Single Well,NA,1971-10-26 00:00:00 - 2020-04-10 12:00:00,100,fall,8.6,30.1,NA,NA,1982,18010207,Wet,Wet,1981-10-01T00:00:00Z,1982-10-01T00:00:00Z,-122.53,41.5748
415748N1225300W001,1695730,1981-03-28T00:00:00Z,2667.65,2667.15,0,13.4,2654.25,13.4,12.9,NA,Unknown,Water level accuracy is unknown,1,Department of Water Resources,NA,1,Department of Water Resources,NA,NA,22372,43N06W15F003M,43N06W15F003M,Surveyed to a benchmark,0.1 ft.,1-004,Shasta Valley,Siskiyou,100,Irrigation,Single Well,NA,1971-10-26 00:00:00 - 2020-04-10 12:00:00,100,spring,NA,NA,4.2,30,1981,18010207,Dry,Dry,1980-10-01T00:00:00Z,1981-10-01T00:00:00Z,-122.53,41.5748
415748N1225300W001,1695729,1980-10-01T00:00:00Z,2667.65,2667.15,0,19.1,2648.55,19.1,18.6,NA,Unknown,Water level accuracy is unknown,1,Department of Water Resources,NA,1,Department of Water Resources,NA,NA,22372,43N06W15F003M,43N06W15F003M,Surveyed to a benchmark,0.1 ft.,1-004,Shasta Valley,Siskiyou,100,Irrigation,Single Well,NA,1971-10-26 00:00:00 - 2020-04-10 12:00:00,100,fall,8.6,30.1,NA,NA,1981,18010207,Dry,Dry,1980-10-01T00:00:00Z,1981-10-01T00:00:00Z,-122.53,41.5748
415748N1225300W001,1695728,1980-03-27T00:00:00Z,2667.65,2667.15,0,11.5,2656.15,11.5,11,NA,Unknown,Water level accuracy is unknown,1,Department of Water Resources,NA,1,Department of Water Resources,NA,NA,22372,43N06W15F003M,43N06W15F003M,Surveyed to a benchmark,0.1 ft.,1-004,Shasta Valley,Siskiyou,100,Irrigation,Single Well,NA,1971-10-26 00:00:00 - 2020-04-10 12:00:00,100,spring,NA,NA,4.2,30,1980,18010207,Below Normal,Below Normal,1979-10-01T00:00:00Z,1980-10-01T00:00:00Z,-122.53,41.5748
415748N1225300W001,1695727,1979-11-01T00:00:00Z,2667.65,2667.15,0,15.9,2651.75,15.9,15.4,NA,Unknown,Water level accuracy is unknown,1,Department of Water Resources,NA,1,Department of Water Resources,NA,NA,22372,43N06W15F003M,43N06W15F003M,Surveyed to a benchmark,0.1 ft.,1-004,Shasta Valley,Siskiyou,100,Irrigation,Single Well,NA,1971-10-26 00:00:00 - 2020-04-10 12:00:00,100,fall,8.6,30.1,NA,NA,1980,18010207,Below Normal,Below Normal,1979-10-01T00:00:00Z,1980-10-01T00:00:00Z,-122.53,41.5748
415748N1225300W001,1695726,1979-04-04T00:00:00Z,2667.65,2667.15,0,10.5,2657.15,10.5,10,NA,Unknown,Water level accuracy is unknown,1,Department of Water Resources,NA,1,Department of Water Resources,NA,NA,22372,43N06W15F003M,43N06W15F003M,Surveyed to a benchmark,0.1 ft.,1-004,Shasta Valley,Siskiyou,100,Irrigation,Single Well,NA,1971-10-26 00:00:00 - 2020-04-10 12:00:00,100,spring,NA,NA,4.2,30,1979,18010207,Dry,Dry,1978-10-01T00:00:00Z,1979-10-01T00:00:00Z,-122.53,41.5748
415748N1225300W001,1695725,1978-10-25T00:00:00Z,2667.65,2667.15,0,14.4,2653.25,14.4,13.9,NA,Unknown,Water level accuracy is unknown,1,Department of Water Resources,NA,1,Department of Water Resources,NA,NA,22372,43N06W15F003M,43N06W15F003M,Surveyed to a benchmark,0.1 ft.,1-004,Shasta Valley,Siskiyou,100,Irrigation,Single Well,NA,1971-10-26 00:00:00 - 2020-04-10 12:00:00,100,fall,8.6,30.1,NA,NA,1979,18010207,Dry,Dry,1978-10-01T00:00:00Z,1979-10-01T00:00:00Z,-122.53,41.5748
415748N1225300W001,1695724,1978-03-30T00:00:00Z,2667.65,2667.15,0,9.4,2658.25,9.4,8.9,NA,Unknown,Water level accuracy is unknown,1,Department of Water Resources,NA,1,Department of Water Resources,NA,NA,22372,43N06W15F003M,43N06W15F003M,Surveyed to a benchmark,0.1 ft.,1-004,Shasta Valley,Siskiyou,100,Irrigation,Single Well,NA,1971-10-26 00:00:00 - 2020-04-10 12:00:00,100,spring,NA,NA,4.2,30,1978,18010207,Wet,Wet,1977-10-01T00:00:00Z,1978-10-01T00:00:00Z,-122.53,41.5748
415748N1225300W001,1695723,1977-10-19T00:00:00Z,2667.65,2667.15,0,13.4,2654.25,13.4,12.9,NA,Unknown,Water level accuracy is unknown,1,Department of Water Resources,NA,1,Department of Water Resources,NA,NA,22372,43N06W15F003M,43N06W15F003M,Surveyed to a benchmark,0.1 ft.,1-004,Shasta Valley,Siskiyou,100,Irrigation,Single Well,NA,1971-10-26 00:00:00 - 2020-04-10 12:00:00,100,fall,8.6,30.1,NA,NA,1978,18010207,Wet,Wet,1977-10-01T00:00:00Z,1978-10-01T00:00:00Z,-122.53,41.5748
415748N1225300W001,1695722,1977-03-30T00:00:00Z,2667.65,2667.15,0,8,2659.65,8,7.5,NA,Unknown,Water level accuracy is unknown,1,Department of Water Resources,NA,1,Department of Water Resources,NA,NA,22372,43N06W15F003M,43N06W15F003M,Surveyed to a benchmark,0.1 ft.,1-004,Shasta Valley,Siskiyou,100,Irrigation,Single Well,NA,1971-10-26 00:00:00 - 2020-04-10 12:00:00,100,spring,NA,NA,4.2,30,1977,18010207,Critical,Critical,1976-10-01T00:00:00Z,1977-10-01T00:00:00Z,-122.53,41.5748
415748N1225300W001,1695721,1976-11-02T00:00:00Z,2667.65,2667.15,0,9.4,2658.25,9.4,8.9,NA,Unknown,Water level accuracy is unknown,1,Department of Water Resources,NA,1,Department of Water Resources,NA,NA,22372,43N06W15F003M,43N06W15F003M,Surveyed to a benchmark,0.1 ft.,1-004,Shasta Valley,Siskiyou,100,Irrigation,Single Well,NA,1971-10-26 00:00:00 - 2020-04-10 12:00:00,100,fall,8.6,30.1,NA,NA,1977,18010207,Critical,Critical,1976-10-01T00:00:00Z,1977-10-01T00:00:00Z,-122.53,41.5748
415748N1225300W001,1695720,1976-03-17T00:00:00Z,2667.65,2667.15,0,6.3,2661.35,6.3,5.8,NA,Unknown,Water level accuracy is unknown,1,Department of Water Resources,NA,1,Department of Water Resources,NA,NA,22372,43N06W15F003M,43N06W15F003M,Surveyed to a benchmark,0.1 ft.,1-004,Shasta Valley,Siskiyou,100,Irrigation,Single Well,NA,1971-10-26 00:00:00 - 2020-04-10 12:00:00,100,spring,NA,NA,4.2,30,1976,18010207,Dry,Dry,1975-10-01T00:00:00Z,1976-10-01T00:00:00Z,-122.53,41.5748
415748N1225300W001,1695719,1976-02-11T00:00:00Z,2667.65,2667.15,0,7.3,2660.35,7.3,6.8,NA,Unknown,Water level accuracy is unknown,1,Department of Water Resources,NA,1,Department of Water Resources,NA,NA,22372,43N06W15F003M,43N06W15F003M,Surveyed to a benchmark,0.1 ft.,1-004,Shasta Valley,Siskiyou,100,Irrigation,Single Well,NA,1971-10-26 00:00:00 - 2020-04-10 12:00:00,100,other,NA,NA,NA,NA,1976,18010207,Dry,Dry,1975-10-01T00:00:00Z,1976-10-01T00:00:00Z,-122.53,41.5748
415748N1225300W001,1695718,1975-11-04T00:00:00Z,2667.65,2667.15,0,9.9,2657.75,9.9,9.4,NA,Unknown,Water level accuracy is unknown,1,Department of Water Resources,NA,1,Department of Water Resources,NA,NA,22372,43N06W15F003M,43N06W15F003M,Surveyed to a benchmark,0.1 ft.,1-004,Shasta Valley,Siskiyou,100,Irrigation,Single Well,NA,1971-10-26 00:00:00 - 2020-04-10 12:00:00,100,fall,8.6,30.1,NA,NA,1976,18010207,Dry,Dry,1975-10-01T00:00:00Z,1976-10-01T00:00:00Z,-122.53,41.5748
415748N1225300W001,1695717,1975-04-18T00:00:00Z,2667.65,2667.15,0,7.2,2660.45,7.2,6.7,NA,Unknown,Water level accuracy is unknown,1,Department of Water Resources,NA,1,Department of Water Resources,NA,NA,22372,43N06W15F003M,43N06W15F003M,Surveyed to a benchmark,0.1 ft.,1-004,Shasta Valley,Siskiyou,100,Irrigation,Single Well,NA,1971-10-26 00:00:00 - 2020-04-10 12:00:00,100,spring,NA,NA,4.2,30,1975,18010207,Wet,Wet,1974-10-01T00:00:00Z,1975-10-01T00:00:00Z,-122.53,41.5748
415748N1225300W001,1695716,1974-10-15T00:00:00Z,2667.65,2667.15,0,13.8,2653.85,13.8,13.3,NA,Unknown,Water level accuracy is unknown,1,Department of Water Resources,NA,1,Department of Water Resources,NA,NA,22372,43N06W15F003M,43N06W15F003M,Surveyed to a benchmark,0.1 ft.,1-004,Shasta Valley,Siskiyou,100,Irrigation,Single Well,NA,1971-10-26 00:00:00 - 2020-04-10 12:00:00,100,fall,8.6,30.1,NA,NA,1975,18010207,Wet,Wet,1974-10-01T00:00:00Z,1975-10-01T00:00:00Z,-122.53,41.5748
415748N1225300W001,1695715,1974-04-10T00:00:00Z,2667.65,2667.15,0,7.9,2659.75,7.9,7.4,NA,Unknown,Water level accuracy is unknown,1,Department of Water Resources,NA,1,Department of Water Resources,NA,NA,22372,43N06W15F003M,43N06W15F003M,Surveyed to a benchmark,0.1 ft.,1-004,Shasta Valley,Siskiyou,100,Irrigation,Single Well,NA,1971-10-26 00:00:00 - 2020-04-10 12:00:00,100,spring,NA,NA,4.2,30,1974,18010207,Wet,Wet,1973-10-01T00:00:00Z,1974-10-01T00:00:00Z,-122.53,41.5748
415748N1225300W001,1695714,1973-10-09T00:00:00Z,2667.65,2667.15,0,11.5,2656.15,11.5,11,NA,Unknown,Water level accuracy is unknown,1,Department of Water Resources,NA,1,Department of Water Resources,NA,NA,22372,43N06W15F003M,43N06W15F003M,Surveyed to a benchmark,0.1 ft.,1-004,Shasta Valley,Siskiyou,100,Irrigation,Single Well,NA,1971-10-26 00:00:00 - 2020-04-10 12:00:00,100,fall,8.6,30.1,NA,NA,1974,18010207,Wet,Wet,1973-10-01T00:00:00Z,1974-10-01T00:00:00Z,-122.53,41.5748
415748N1225300W001,1695713,1973-04-20T00:00:00Z,2667.65,2667.15,0,8.9,2658.75,8.9,8.4,NA,Unknown,Water level accuracy is unknown,1,Department of Water Resources,NA,1,Department of Water Resources,NA,NA,22372,43N06W15F003M,43N06W15F003M,Surveyed to a benchmark,0.1 ft.,1-004,Shasta Valley,Siskiyou,100,Irrigation,Single Well,NA,1971-10-26 00:00:00 - 2020-04-10 12:00:00,100,spring,NA,NA,4.2,30,1973,18010207,Critical,Critical,1972-10-01T00:00:00Z,1973-10-01T00:00:00Z,-122.53,41.5748
415748N1225300W001,1695712,1972-10-03T00:00:00Z,2667.65,2667.15,0,9.9,2657.75,9.9,9.4,NA,Unknown,Water level accuracy is unknown,1,Department of Water Resources,NA,1,Department of Water Resources,NA,NA,22372,43N06W15F003M,43N06W15F003M,Surveyed to a benchmark,0.1 ft.,1-004,Shasta Valley,Siskiyou,100,Irrigation,Single Well,NA,1971-10-26 00:00:00 - 2020-04-10 12:00:00,100,fall,8.6,30.1,NA,NA,1973,18010207,Critical,Critical,1972-10-01T00:00:00Z,1973-10-01T00:00:00Z,-122.53,41.5748
415748N1225300W001,1695711,1972-03-20T00:00:00Z,2667.65,2667.15,0,6,2661.65,6,5.5,NA,Unknown,Water level accuracy is unknown,1,Department of Water Resources,NA,1,Department of Water Resources,NA,NA,22372,43N06W15F003M,43N06W15F003M,Surveyed to a benchmark,0.1 ft.,1-004,Shasta Valley,Siskiyou,100,Irrigation,Single Well,NA,1971-10-26 00:00:00 - 2020-04-10 12:00:00,100,spring,NA,NA,4.2,30,1972,18010207,Above Normal,Above Normal,1971-10-01T00:00:00Z,1972-10-01T00:00:00Z,-122.53,41.5748
415748N1225300W001,1695710,1971-10-26T00:00:00Z,2667.65,2667.15,0,9.6,2658.05,9.6,9.1,NA,Unknown,Water level accuracy is unknown,1,Department of Water Resources,NA,1,Department of Water Resources,NA,NA,22372,43N06W15F003M,43N06W15F003M,Surveyed to a benchmark,0.1 ft.,1-004,Shasta Valley,Siskiyou,100,Irrigation,Single Well,NA,1971-10-26 00:00:00 - 2020-04-10 12:00:00,100,fall,8.6,30.1,NA,NA,1972,18010207,Above Normal,Above Normal,1971-10-01T00:00:00Z,1972-10-01T00:00:00Z,-122.53,41.5748
