SITE_CODE,WLM_ID,MSMT_DATE,WLM_RPE,WLM_GSE,RDNG_WS,RDNG_RP,WSE,RPE_WSE,GSE_WSE,WLM_QA_DESC,WLM_DESC,WLM_ACC_DESC,WLM_ORG_ID,WLM_ORG_NAME,MSMT_CMT,COOP_AGENCY_ORG_ID,COOP_ORG_NAME,TOP_PRF,BOT_PRF,STN_ID,SWN,WELL_NAME,WLM_METHOD,WLM_ACC,BASIN_CODE,BASIN_NAME,COUNTY_NAME,WELL_DEPTH,WELL_USE,WELL_TYPE,WCR_NO,t_range,n_samples,season,fall_high,fall_low,spring_high,spring_low,water_year,HUC8,WYT,water_year_type,water_year_start,water_year_end,X,Y
415753N1224660W001,677481,2011-10-20T00:00:00Z,2658.1,2657.6,0,84.92,2573.18,84.92,84.42,NA,Unknown,Water level accuracy is unknown,1,Department of Water Resources,NA,1,Department of Water Resources,NA,NA,22371,43N05W18G001M,43N05W18G001M,Digital Elevation Model,Unknown,1-004,Shasta Valley,Siskiyou,329,Irrigation,Single Well,NA,1990-09-04 - 2011-10-20,45,fall,83.8,133.4,NA,NA,2012,18010207,Below Normal,Below Normal,2011-10-01T00:00:00Z,2012-10-01T00:00:00Z,-122.466,41.5753
415753N1224660W001,39857,2011-10-20T00:00:00Z,2658.09,2657.59,0,84.92,2573.17,84.92,84.42,NA,Electric sounder measurement,Water level accuracy to nearest hundredth of a foot,1,Department of Water Resources,NA,1,Department of Water Resources,NA,NA,22371,43N05W18G001M,43N05W18G001M,Digital Elevation Model,Unknown,1-004,Shasta Valley,Siskiyou,329,Irrigation,Single Well,NA,1990-09-04 - 2011-10-20,45,fall,83.8,133.4,NA,NA,2012,18010207,Below Normal,Below Normal,2011-10-01T00:00:00Z,2012-10-01T00:00:00Z,-122.466,41.5753
415753N1224660W001,677480,2011-04-21T00:00:00Z,2658.1,2657.6,0,84.4,2573.7,84.4,83.9,Oil or foreign substance in casing,Unknown,Water level accuracy is unknown,1,Department of Water Resources,PUMP REMOVED,1,Department of Water Resources,NA,NA,22371,43N05W18G001M,43N05W18G001M,Digital Elevation Model,Unknown,1-004,Shasta Valley,Siskiyou,329,Irrigation,Single Well,NA,1990-09-04 - 2011-10-20,45,spring,NA,NA,83.9,101.2,2011,18010207,Above Normal,Above Normal,2010-10-01T00:00:00Z,2011-10-01T00:00:00Z,-122.466,41.5753
415753N1224660W001,677479,2010-10-26T00:00:00Z,2658.1,2657.6,NA,NA,NA,NA,NA,Temporarily inaccessible,NA,NA,1,Department of Water Resources,NA,1,Department of Water Resources,NA,NA,22371,43N05W18G001M,43N05W18G001M,Digital Elevation Model,Unknown,1-004,Shasta Valley,Siskiyou,329,Irrigation,Single Well,NA,1990-09-04 - 2011-10-20,45,fall,83.8,133.4,NA,NA,2011,18010207,Above Normal,Above Normal,2010-10-01T00:00:00Z,2011-10-01T00:00:00Z,-122.466,41.5753
415753N1224660W001,677478,2010-04-05T00:00:00Z,2658.1,2657.6,0,101.7,2556.4,101.7,101.2,NA,Unknown,Water level accuracy is unknown,1,Department of Water Resources,NA,1,Department of Water Resources,NA,NA,22371,43N05W18G001M,43N05W18G001M,Digital Elevation Model,Unknown,1-004,Shasta Valley,Siskiyou,329,Irrigation,Single Well,NA,1990-09-04 - 2011-10-20,45,spring,NA,NA,83.9,101.2,2010,18010207,Below Normal,Below Normal,2009-10-01T00:00:00Z,2010-10-01T00:00:00Z,-122.466,41.5753
415753N1224660W001,677477,2009-10-29T00:00:00Z,2658.1,2657.6,0,120,2538.1,120,119.5,NA,Unknown,Water level accuracy is unknown,1,Department of Water Resources,NA,1,Department of Water Resources,NA,NA,22371,43N05W18G001M,43N05W18G001M,Digital Elevation Model,Unknown,1-004,Shasta Valley,Siskiyou,329,Irrigation,Single Well,NA,1990-09-04 - 2011-10-20,45,fall,83.8,133.4,NA,NA,2010,18010207,Below Normal,Below Normal,2009-10-01T00:00:00Z,2010-10-01T00:00:00Z,-122.466,41.5753
415753N1224660W001,677476,2009-04-07T00:00:00Z,2658.1,2657.6,NA,NA,NA,NA,NA,Pumping,NA,NA,1,Department of Water Resources,NA,1,Department of Water Resources,NA,NA,22371,43N05W18G001M,43N05W18G001M,Digital Elevation Model,Unknown,1-004,Shasta Valley,Siskiyou,329,Irrigation,Single Well,NA,1990-09-04 - 2011-10-20,45,spring,NA,NA,83.9,101.2,2009,18010207,Dry,Dry,2008-10-01T00:00:00Z,2009-10-01T00:00:00Z,-122.466,41.5753
415753N1224660W001,677475,2008-10-29T00:00:00Z,2658.1,2657.6,0,133.9,2524.2,133.9,133.4,NA,Unknown,Water level accuracy is unknown,1,Department of Water Resources,NA,1,Department of Water Resources,NA,NA,22371,43N05W18G001M,43N05W18G001M,Digital Elevation Model,Unknown,1-004,Shasta Valley,Siskiyou,329,Irrigation,Single Well,NA,1990-09-04 - 2011-10-20,45,fall,83.8,133.4,NA,NA,2009,18010207,Dry,Dry,2008-10-01T00:00:00Z,2009-10-01T00:00:00Z,-122.466,41.5753
415753N1224660W001,677474,2008-03-27T00:00:00Z,2658.1,2657.6,0,94.8,2563.3,94.8,94.3,NA,Unknown,Water level accuracy is unknown,1,Department of Water Resources,NA,1,Department of Water Resources,NA,NA,22371,43N05W18G001M,43N05W18G001M,Digital Elevation Model,Unknown,1-004,Shasta Valley,Siskiyou,329,Irrigation,Single Well,NA,1990-09-04 - 2011-10-20,45,spring,NA,NA,83.9,101.2,2008,18010207,Dry,Dry,2007-10-01T00:00:00Z,2008-10-01T00:00:00Z,-122.466,41.5753
415753N1224660W001,677473,2007-10-23T00:00:00Z,2658.1,2657.6,0,130.8,2527.3,130.8,130.3,NA,Unknown,Water level accuracy is unknown,1,Department of Water Resources,NA,1,Department of Water Resources,NA,NA,22371,43N05W18G001M,43N05W18G001M,Digital Elevation Model,Unknown,1-004,Shasta Valley,Siskiyou,329,Irrigation,Single Well,NA,1990-09-04 - 2011-10-20,45,fall,83.8,133.4,NA,NA,2008,18010207,Dry,Dry,2007-10-01T00:00:00Z,2008-10-01T00:00:00Z,-122.466,41.5753
415753N1224660W001,677472,2007-03-26T00:00:00Z,2658.1,2657.6,0,85.5,2572.6,85.5,85,NA,Unknown,Water level accuracy is unknown,1,Department of Water Resources,NA,1,Department of Water Resources,NA,NA,22371,43N05W18G001M,43N05W18G001M,Digital Elevation Model,Unknown,1-004,Shasta Valley,Siskiyou,329,Irrigation,Single Well,NA,1990-09-04 - 2011-10-20,45,spring,NA,NA,83.9,101.2,2007,18010207,Below Normal,Below Normal,2006-10-01T00:00:00Z,2007-10-01T00:00:00Z,-122.466,41.5753
415753N1224660W001,677471,2006-10-17T00:00:00Z,2658.1,2657.6,NA,NA,NA,NA,NA,Pumping,NA,NA,1,Department of Water Resources,NA,1,Department of Water Resources,NA,NA,22371,43N05W18G001M,43N05W18G001M,Digital Elevation Model,Unknown,1-004,Shasta Valley,Siskiyou,329,Irrigation,Single Well,NA,1990-09-04 - 2011-10-20,45,fall,83.8,133.4,NA,NA,2007,18010207,Below Normal,Below Normal,2006-10-01T00:00:00Z,2007-10-01T00:00:00Z,-122.466,41.5753
415753N1224660W001,677470,2006-04-20T00:00:00Z,2658.1,2657.6,0,86.9,2571.2,86.9,86.4,NA,Unknown,Water level accuracy is unknown,1,Department of Water Resources,NA,1,Department of Water Resources,NA,NA,22371,43N05W18G001M,43N05W18G001M,Digital Elevation Model,Unknown,1-004,Shasta Valley,Siskiyou,329,Irrigation,Single Well,NA,1990-09-04 - 2011-10-20,45,spring,NA,NA,83.9,101.2,2006,18010207,Wet,Wet,2005-10-01T00:00:00Z,2006-10-01T00:00:00Z,-122.466,41.5753
415753N1224660W001,677469,2005-10-13T00:00:00Z,2658.1,2657.6,0,93,2565.1,93,92.5,NA,Unknown,Water level accuracy is unknown,1,Department of Water Resources,NA,1,Department of Water Resources,NA,NA,22371,43N05W18G001M,43N05W18G001M,Digital Elevation Model,Unknown,1-004,Shasta Valley,Siskiyou,329,Irrigation,Single Well,NA,1990-09-04 - 2011-10-20,45,fall,83.8,133.4,NA,NA,2006,18010207,Wet,Wet,2005-10-01T00:00:00Z,2006-10-01T00:00:00Z,-122.466,41.5753
415753N1224660W001,677468,2005-03-29T00:00:00Z,2658.1,2657.6,0,95.3,2562.8,95.3,94.8,NA,Unknown,Water level accuracy is unknown,1,Department of Water Resources,NA,1,Department of Water Resources,NA,NA,22371,43N05W18G001M,43N05W18G001M,Digital Elevation Model,Unknown,1-004,Shasta Valley,Siskiyou,329,Irrigation,Single Well,NA,1990-09-04 - 2011-10-20,45,spring,NA,NA,83.9,101.2,2005,18010207,Above Normal,Above Normal,2004-10-01T00:00:00Z,2005-10-01T00:00:00Z,-122.466,41.5753
415753N1224660W001,677467,2004-10-28T00:00:00Z,2658.1,2657.6,0,86.2,2571.9,86.2,85.7,NA,Unknown,Water level accuracy is unknown,1,Department of Water Resources,NA,1,Department of Water Resources,NA,NA,22371,43N05W18G001M,43N05W18G001M,Digital Elevation Model,Unknown,1-004,Shasta Valley,Siskiyou,329,Irrigation,Single Well,NA,1990-09-04 - 2011-10-20,45,fall,83.8,133.4,NA,NA,2005,18010207,Above Normal,Above Normal,2004-10-01T00:00:00Z,2005-10-01T00:00:00Z,-122.466,41.5753
415753N1224660W001,677466,2004-03-31T00:00:00Z,2658.1,2657.6,0,84.5,2573.6,84.5,84,NA,Unknown,Water level accuracy is unknown,1,Department of Water Resources,NA,1,Department of Water Resources,NA,NA,22371,43N05W18G001M,43N05W18G001M,Digital Elevation Model,Unknown,1-004,Shasta Valley,Siskiyou,329,Irrigation,Single Well,NA,1990-09-04 - 2011-10-20,45,spring,NA,NA,83.9,101.2,2004,18010207,Above Normal,Above Normal,2003-10-01T00:00:00Z,2004-10-01T00:00:00Z,-122.466,41.5753
415753N1224660W001,677465,2003-10-07T00:00:00Z,2658.1,2657.6,0,98.1,2560,98.1,97.6,NA,Unknown,Water level accuracy is unknown,1,Department of Water Resources,NA,1,Department of Water Resources,NA,NA,22371,43N05W18G001M,43N05W18G001M,Digital Elevation Model,Unknown,1-004,Shasta Valley,Siskiyou,329,Irrigation,Single Well,NA,1990-09-04 - 2011-10-20,45,fall,83.8,133.4,NA,NA,2004,18010207,Above Normal,Above Normal,2003-10-01T00:00:00Z,2004-10-01T00:00:00Z,-122.466,41.5753
415753N1224660W001,677464,2003-03-24T00:00:00Z,2658.1,2657.6,0,96.8,2561.3,96.8,96.3,NA,Unknown,Water level accuracy is unknown,1,Department of Water Resources,NA,1,Department of Water Resources,NA,NA,22371,43N05W18G001M,43N05W18G001M,Digital Elevation Model,Unknown,1-004,Shasta Valley,Siskiyou,329,Irrigation,Single Well,NA,1990-09-04 - 2011-10-20,45,spring,NA,NA,83.9,101.2,2003,18010207,Above Normal,Above Normal,2002-10-01T00:00:00Z,2003-10-01T00:00:00Z,-122.466,41.5753
415753N1224660W001,677463,2002-10-09T00:00:00Z,2658.1,2657.6,0,84.3,2573.8,84.3,83.8,NA,Unknown,Water level accuracy is unknown,1,Department of Water Resources,NA,1,Department of Water Resources,NA,NA,22371,43N05W18G001M,43N05W18G001M,Digital Elevation Model,Unknown,1-004,Shasta Valley,Siskiyou,329,Irrigation,Single Well,NA,1990-09-04 - 2011-10-20,45,fall,83.8,133.4,NA,NA,2003,18010207,Above Normal,Above Normal,2002-10-01T00:00:00Z,2003-10-01T00:00:00Z,-122.466,41.5753
415753N1224660W001,677462,2002-03-28T00:00:00Z,2658.1,2657.6,0,85.5,2572.6,85.5,85,NA,Unknown,Water level accuracy is unknown,1,Department of Water Resources,NA,1,Department of Water Resources,NA,NA,22371,43N05W18G001M,43N05W18G001M,Digital Elevation Model,Unknown,1-004,Shasta Valley,Siskiyou,329,Irrigation,Single Well,NA,1990-09-04 - 2011-10-20,45,spring,NA,NA,83.9,101.2,2002,18010207,Dry,Dry,2001-10-01T00:00:00Z,2002-10-01T00:00:00Z,-122.466,41.5753
415753N1224660W001,677461,2001-10-30T00:00:00Z,2658.1,2657.6,0,107.3,2550.8,107.3,106.8,NA,Unknown,Water level accuracy is unknown,1,Department of Water Resources,NA,1,Department of Water Resources,NA,NA,22371,43N05W18G001M,43N05W18G001M,Digital Elevation Model,Unknown,1-004,Shasta Valley,Siskiyou,329,Irrigation,Single Well,NA,1990-09-04 - 2011-10-20,45,fall,83.8,133.4,NA,NA,2002,18010207,Dry,Dry,2001-10-01T00:00:00Z,2002-10-01T00:00:00Z,-122.466,41.5753
415753N1224660W001,677460,2001-04-02T00:00:00Z,2658.1,2657.6,0,89.1,2569,89.1,88.6,NA,Unknown,Water level accuracy is unknown,1,Department of Water Resources,NA,1,Department of Water Resources,NA,NA,22371,43N05W18G001M,43N05W18G001M,Digital Elevation Model,Unknown,1-004,Shasta Valley,Siskiyou,329,Irrigation,Single Well,NA,1990-09-04 - 2011-10-20,45,spring,NA,NA,83.9,101.2,2001,18010207,Critical,Critical,2000-10-01T00:00:00Z,2001-10-01T00:00:00Z,-122.466,41.5753
415753N1224660W001,677459,2000-10-09T00:00:00Z,2658.1,2657.6,0,88.7,2569.4,88.7,88.2,NA,Unknown,Water level accuracy is unknown,1,Department of Water Resources,NA,1,Department of Water Resources,NA,NA,22371,43N05W18G001M,43N05W18G001M,Digital Elevation Model,Unknown,1-004,Shasta Valley,Siskiyou,329,Irrigation,Single Well,NA,1990-09-04 - 2011-10-20,45,fall,83.8,133.4,NA,NA,2001,18010207,Critical,Critical,2000-10-01T00:00:00Z,2001-10-01T00:00:00Z,-122.466,41.5753
415753N1224660W001,677458,2000-03-22T00:00:00Z,2658.1,2657.6,0,87.2,2570.9,87.2,86.7,NA,Unknown,Water level accuracy is unknown,1,Department of Water Resources,NA,1,Department of Water Resources,NA,NA,22371,43N05W18G001M,43N05W18G001M,Digital Elevation Model,Unknown,1-004,Shasta Valley,Siskiyou,329,Irrigation,Single Well,NA,1990-09-04 - 2011-10-20,45,spring,NA,NA,83.9,101.2,2000,18010207,Above Normal,Above Normal,1999-10-01T00:00:00Z,2000-10-01T00:00:00Z,-122.466,41.5753
415753N1224660W001,677456,1999-10-25T00:00:00Z,2658.1,2657.6,0,84.5,2573.6,84.5,84,NA,Unknown,Water level accuracy is unknown,1,Department of Water Resources,NA,1,Department of Water Resources,NA,NA,22371,43N05W18G001M,43N05W18G001M,Digital Elevation Model,Unknown,1-004,Shasta Valley,Siskiyou,329,Irrigation,Single Well,NA,1990-09-04 - 2011-10-20,45,fall,83.8,133.4,NA,NA,2000,18010207,Above Normal,Above Normal,1999-10-01T00:00:00Z,2000-10-01T00:00:00Z,-122.466,41.5753
415753N1224660W001,677457,1999-03-15T00:00:00Z,2658.1,2657.6,0,88.4,2569.7,88.4,87.9,NA,Unknown,Water level accuracy is unknown,1,Department of Water Resources,NA,1,Department of Water Resources,NA,NA,22371,43N05W18G001M,43N05W18G001M,Digital Elevation Model,Unknown,1-004,Shasta Valley,Siskiyou,329,Irrigation,Single Well,NA,1990-09-04 - 2011-10-20,45,spring,NA,NA,83.9,101.2,1999,18010207,Wet,Wet,1998-10-01T00:00:00Z,1999-10-01T00:00:00Z,-122.466,41.5753
415753N1224660W001,677455,1998-10-26T00:00:00Z,2658.1,2657.6,0,87,2571.1,87,86.5,NA,Unknown,Water level accuracy is unknown,1,Department of Water Resources,NA,1,Department of Water Resources,NA,NA,22371,43N05W18G001M,43N05W18G001M,Digital Elevation Model,Unknown,1-004,Shasta Valley,Siskiyou,329,Irrigation,Single Well,NA,1990-09-04 - 2011-10-20,45,fall,83.8,133.4,NA,NA,1999,18010207,Wet,Wet,1998-10-01T00:00:00Z,1999-10-01T00:00:00Z,-122.466,41.5753
415753N1224660W001,677454,1998-04-01T00:00:00Z,2658.1,2657.6,0,89.6,2568.5,89.6,89.1,NA,Unknown,Water level accuracy is unknown,1,Department of Water Resources,NA,1,Department of Water Resources,NA,NA,22371,43N05W18G001M,43N05W18G001M,Digital Elevation Model,Unknown,1-004,Shasta Valley,Siskiyou,329,Irrigation,Single Well,NA,1990-09-04 - 2011-10-20,45,spring,NA,NA,83.9,101.2,1998,18010207,Wet,Wet,1997-10-01T00:00:00Z,1998-10-01T00:00:00Z,-122.466,41.5753
415753N1224660W001,677453,1997-10-23T00:00:00Z,2658.1,2657.6,0,92.4,2565.7,92.4,91.9,NA,Unknown,Water level accuracy is unknown,1,Department of Water Resources,NA,1,Department of Water Resources,NA,NA,22371,43N05W18G001M,43N05W18G001M,Digital Elevation Model,Unknown,1-004,Shasta Valley,Siskiyou,329,Irrigation,Single Well,NA,1990-09-04 - 2011-10-20,45,fall,83.8,133.4,NA,NA,1998,18010207,Wet,Wet,1997-10-01T00:00:00Z,1998-10-01T00:00:00Z,-122.466,41.5753
415753N1224660W001,677452,1997-03-10T00:00:00Z,2658.1,2657.6,0,90.6,2567.5,90.6,90.1,NA,Unknown,Water level accuracy is unknown,1,Department of Water Resources,NA,1,Department of Water Resources,NA,NA,22371,43N05W18G001M,43N05W18G001M,Digital Elevation Model,Unknown,1-004,Shasta Valley,Siskiyou,329,Irrigation,Single Well,NA,1990-09-04 - 2011-10-20,45,spring,NA,NA,83.9,101.2,1997,18010207,Wet,Wet,1996-10-01T00:00:00Z,1997-10-01T00:00:00Z,-122.466,41.5753
415753N1224660W001,677451,1996-10-23T00:00:00Z,2658.1,2657.6,0,85.4,2572.7,85.4,84.9,NA,Unknown,Water level accuracy is unknown,1,Department of Water Resources,NA,1,Department of Water Resources,NA,NA,22371,43N05W18G001M,43N05W18G001M,Digital Elevation Model,Unknown,1-004,Shasta Valley,Siskiyou,329,Irrigation,Single Well,NA,1990-09-04 - 2011-10-20,45,fall,83.8,133.4,NA,NA,1997,18010207,Wet,Wet,1996-10-01T00:00:00Z,1997-10-01T00:00:00Z,-122.466,41.5753
415753N1224660W001,677450,1996-04-12T00:00:00Z,2658.1,2657.6,0,85,2573.1,85,84.5,NA,Unknown,Water level accuracy is unknown,1,Department of Water Resources,NA,1,Department of Water Resources,NA,NA,22371,43N05W18G001M,43N05W18G001M,Digital Elevation Model,Unknown,1-004,Shasta Valley,Siskiyou,329,Irrigation,Single Well,NA,1990-09-04 - 2011-10-20,45,spring,NA,NA,83.9,101.2,1996,18010207,Wet,Wet,1995-10-01T00:00:00Z,1996-10-01T00:00:00Z,-122.466,41.5753
415753N1224660W001,677449,1995-10-18T00:00:00Z,2658.1,2657.6,0,88.8,2569.3,88.8,88.3,NA,Unknown,Water level accuracy is unknown,1,Department of Water Resources,NA,1,Department of Water Resources,NA,NA,22371,43N05W18G001M,43N05W18G001M,Digital Elevation Model,Unknown,1-004,Shasta Valley,Siskiyou,329,Irrigation,Single Well,NA,1990-09-04 - 2011-10-20,45,fall,83.8,133.4,NA,NA,1996,18010207,Wet,Wet,1995-10-01T00:00:00Z,1996-10-01T00:00:00Z,-122.466,41.5753
415753N1224660W001,677448,1995-03-29T00:00:00Z,2658.1,2657.6,0,99.3,2558.8,99.3,98.8,NA,Unknown,Water level accuracy is unknown,1,Department of Water Resources,NA,1,Department of Water Resources,NA,NA,22371,43N05W18G001M,43N05W18G001M,Digital Elevation Model,Unknown,1-004,Shasta Valley,Siskiyou,329,Irrigation,Single Well,NA,1990-09-04 - 2011-10-20,45,spring,NA,NA,83.9,101.2,1995,18010207,Wet,Wet,1994-10-01T00:00:00Z,1995-10-01T00:00:00Z,-122.466,41.5753
415753N1224660W001,677447,1994-10-26T00:00:00Z,2658.1,2657.6,0,99.4,2558.7,99.4,98.9,NA,Unknown,Water level accuracy is unknown,1,Department of Water Resources,NA,1,Department of Water Resources,NA,NA,22371,43N05W18G001M,43N05W18G001M,Digital Elevation Model,Unknown,1-004,Shasta Valley,Siskiyou,329,Irrigation,Single Well,NA,1990-09-04 - 2011-10-20,45,fall,83.8,133.4,NA,NA,1995,18010207,Wet,Wet,1994-10-01T00:00:00Z,1995-10-01T00:00:00Z,-122.466,41.5753
415753N1224660W001,677446,1994-03-31T00:00:00Z,2658.1,2657.6,0,86.4,2571.7,86.4,85.9,NA,Unknown,Water level accuracy is unknown,1,Department of Water Resources,NA,1,Department of Water Resources,NA,NA,22371,43N05W18G001M,43N05W18G001M,Digital Elevation Model,Unknown,1-004,Shasta Valley,Siskiyou,329,Irrigation,Single Well,NA,1990-09-04 - 2011-10-20,45,spring,NA,NA,83.9,101.2,1994,18010207,Dry,Dry,1993-10-01T00:00:00Z,1994-10-01T00:00:00Z,-122.466,41.5753
415753N1224660W001,677445,1993-10-15T00:00:00Z,2658.1,2657.6,0,92.5,2565.6,92.5,92,NA,Unknown,Water level accuracy is unknown,1,Department of Water Resources,NA,1,Department of Water Resources,NA,NA,22371,43N05W18G001M,43N05W18G001M,Digital Elevation Model,Unknown,1-004,Shasta Valley,Siskiyou,329,Irrigation,Single Well,NA,1990-09-04 - 2011-10-20,45,fall,83.8,133.4,NA,NA,1994,18010207,Dry,Dry,1993-10-01T00:00:00Z,1994-10-01T00:00:00Z,-122.466,41.5753
415753N1224660W001,677444,1993-03-15T00:00:00Z,2658.1,2657.6,0,86.1,2572,86.1,85.6,NA,Unknown,Water level accuracy is unknown,1,Department of Water Resources,NA,1,Department of Water Resources,NA,NA,22371,43N05W18G001M,43N05W18G001M,Digital Elevation Model,Unknown,1-004,Shasta Valley,Siskiyou,329,Irrigation,Single Well,NA,1990-09-04 - 2011-10-20,45,spring,NA,NA,83.9,101.2,1993,18010207,Above Normal,Above Normal,1992-10-01T00:00:00Z,1993-10-01T00:00:00Z,-122.466,41.5753
415753N1224660W001,677443,1992-10-19T00:00:00Z,2658.1,2657.6,0,94.3,2563.8,94.3,93.8,NA,Unknown,Water level accuracy is unknown,1,Department of Water Resources,NA,1,Department of Water Resources,NA,NA,22371,43N05W18G001M,43N05W18G001M,Digital Elevation Model,Unknown,1-004,Shasta Valley,Siskiyou,329,Irrigation,Single Well,NA,1990-09-04 - 2011-10-20,45,fall,83.8,133.4,NA,NA,1993,18010207,Above Normal,Above Normal,1992-10-01T00:00:00Z,1993-10-01T00:00:00Z,-122.466,41.5753
415753N1224660W001,677442,1992-03-03T00:00:00Z,2658.1,2657.6,0,85.9,2572.2,85.9,85.4,NA,Unknown,Water level accuracy is unknown,1,Department of Water Resources,NA,1,Department of Water Resources,NA,NA,22371,43N05W18G001M,43N05W18G001M,Digital Elevation Model,Unknown,1-004,Shasta Valley,Siskiyou,329,Irrigation,Single Well,NA,1990-09-04 - 2011-10-20,45,spring,NA,NA,83.9,101.2,1992,18010207,Critical,Critical,1991-10-01T00:00:00Z,1992-10-01T00:00:00Z,-122.466,41.5753
415753N1224660W001,677441,1991-10-02T00:00:00Z,2658.1,2657.6,0,91.6,2566.5,91.6,91.1,NA,Unknown,Water level accuracy is unknown,1,Department of Water Resources,NA,1,Department of Water Resources,NA,NA,22371,43N05W18G001M,43N05W18G001M,Digital Elevation Model,Unknown,1-004,Shasta Valley,Siskiyou,329,Irrigation,Single Well,NA,1990-09-04 - 2011-10-20,45,fall,83.8,133.4,NA,NA,1992,18010207,Critical,Critical,1991-10-01T00:00:00Z,1992-10-01T00:00:00Z,-122.466,41.5753
415753N1224660W001,677440,1991-03-19T00:00:00Z,2658.1,2657.6,0,86.2,2571.9,86.2,85.7,NA,Unknown,Water level accuracy is unknown,1,Department of Water Resources,NA,1,Department of Water Resources,NA,NA,22371,43N05W18G001M,43N05W18G001M,Digital Elevation Model,Unknown,1-004,Shasta Valley,Siskiyou,329,Irrigation,Single Well,NA,1990-09-04 - 2011-10-20,45,spring,NA,NA,83.9,101.2,1991,18010207,Critical,Critical,1990-10-01T00:00:00Z,1991-10-01T00:00:00Z,-122.466,41.5753
415753N1224660W001,677439,1990-10-02T00:00:00Z,2658.1,2657.6,0,94.3,2563.8,94.3,93.8,NA,Unknown,Water level accuracy is unknown,1,Department of Water Resources,NA,1,Department of Water Resources,NA,NA,22371,43N05W18G001M,43N05W18G001M,Digital Elevation Model,Unknown,1-004,Shasta Valley,Siskiyou,329,Irrigation,Single Well,NA,1990-09-04 - 2011-10-20,45,fall,83.8,133.4,NA,NA,1991,18010207,Critical,Critical,1990-10-01T00:00:00Z,1991-10-01T00:00:00Z,-122.466,41.5753
415753N1224660W001,677438,1990-09-04T00:00:00Z,2658.1,2657.6,0,88.2,2569.9,88.2,87.7,NA,Unknown,Water level accuracy is unknown,1,Department of Water Resources,NA,1,Department of Water Resources,NA,NA,22371,43N05W18G001M,43N05W18G001M,Digital Elevation Model,Unknown,1-004,Shasta Valley,Siskiyou,329,Irrigation,Single Well,NA,1990-09-04 - 2011-10-20,45,fall,83.8,133.4,NA,NA,1990,18010207,Dry,Dry,1989-10-01T00:00:00Z,1990-10-01T00:00:00Z,-122.466,41.5753
