SITE_CODE,WLM_ID,MSMT_DATE,WLM_RPE,WLM_GSE,RDNG_WS,RDNG_RP,WSE,RPE_WSE,GSE_WSE,WLM_QA_DESC,WLM_DESC,WLM_ACC_DESC,WLM_ORG_ID,WLM_ORG_NAME,MSMT_CMT,COOP_AGENCY_ORG_ID,COOP_ORG_NAME,TOP_PRF,BOT_PRF,STN_ID,SWN,WELL_NAME,WLM_METHOD,WLM_ACC,BASIN_CODE,BASIN_NAME,COUNTY_NAME,WELL_DEPTH,WELL_USE,WELL_TYPE,WCR_NO,t_range,n_samples,season,fall_high,fall_low,spring_high,spring_low,water_year,HUC8,WYT,water_year_type,water_year_start,water_year_end,X,Y
415891N1223553W001,677291,2007-10-23T00:00:00Z,2897.57,2897.17,NA,NA,NA,NA,NA,Measurement Discontinued,NA,NA,1,Department of Water Resources,NA,1,Department of Water Resources,NA,NA,37193,43N04W07M001M,07M001,Unknown,Unknown,1-004,Shasta Valley,Siskiyou,395,Residential,Single Well,54058,1990-08-01 - 2007-10-23,36,fall,266.7,286.4,NA,NA,2008,18010207,Dry,Dry,2007-10-01T00:00:00Z,2008-10-01T00:00:00Z,-122.355,41.5891
415891N1223553W001,677290,2007-03-28T00:00:00Z,2897.57,2897.17,NA,NA,NA,NA,NA,Temporarily inaccessible,NA,NA,1,Department of Water Resources,NA,1,Department of Water Resources,NA,NA,37193,43N04W07M001M,07M001,Unknown,Unknown,1-004,Shasta Valley,Siskiyou,395,Residential,Single Well,54058,1990-08-01 - 2007-10-23,36,spring,NA,NA,266.6,285.1,2007,18010207,Below Normal,Below Normal,2006-10-01T00:00:00Z,2007-10-01T00:00:00Z,-122.355,41.5891
415891N1223553W001,677289,2006-10-20T00:00:00Z,2897.57,2897.17,NA,NA,NA,NA,NA,Temporarily inaccessible,NA,NA,1,Department of Water Resources,NA,1,Department of Water Resources,NA,NA,37193,43N04W07M001M,07M001,Unknown,Unknown,1-004,Shasta Valley,Siskiyou,395,Residential,Single Well,54058,1990-08-01 - 2007-10-23,36,fall,266.7,286.4,NA,NA,2007,18010207,Below Normal,Below Normal,2006-10-01T00:00:00Z,2007-10-01T00:00:00Z,-122.355,41.5891
415891N1223553W001,677288,2006-04-20T00:00:00Z,2897.57,2897.17,NA,NA,NA,NA,NA,Temporarily inaccessible,NA,NA,1,Department of Water Resources,NA,1,Department of Water Resources,NA,NA,37193,43N04W07M001M,07M001,Unknown,Unknown,1-004,Shasta Valley,Siskiyou,395,Residential,Single Well,54058,1990-08-01 - 2007-10-23,36,spring,NA,NA,266.6,285.1,2006,18010207,Wet,Wet,2005-10-01T00:00:00Z,2006-10-01T00:00:00Z,-122.355,41.5891
415891N1223553W001,677287,2005-10-13T00:00:00Z,2897.57,2897.17,0,277.8,2619.77,277.8,277.4,NA,Unknown,Water level accuracy is unknown,1,Department of Water Resources,NA,1,Department of Water Resources,NA,NA,37193,43N04W07M001M,07M001,Unknown,Unknown,1-004,Shasta Valley,Siskiyou,395,Residential,Single Well,54058,1990-08-01 - 2007-10-23,36,fall,266.7,286.4,NA,NA,2006,18010207,Wet,Wet,2005-10-01T00:00:00Z,2006-10-01T00:00:00Z,-122.355,41.5891
415891N1223553W001,677286,2005-04-06T00:00:00Z,2897.57,2897.17,0,267,2630.57,267,266.6,NA,Unknown,Water level accuracy is unknown,1,Department of Water Resources,NA,1,Department of Water Resources,NA,NA,37193,43N04W07M001M,07M001,Unknown,Unknown,1-004,Shasta Valley,Siskiyou,395,Residential,Single Well,54058,1990-08-01 - 2007-10-23,36,spring,NA,NA,266.6,285.1,2005,18010207,Above Normal,Above Normal,2004-10-01T00:00:00Z,2005-10-01T00:00:00Z,-122.355,41.5891
415891N1223553W001,677285,2004-10-29T00:00:00Z,2897.57,2897.17,0,272.7,2624.87,272.7,272.3,NA,Unknown,Water level accuracy is unknown,1,Department of Water Resources,NA,1,Department of Water Resources,NA,NA,37193,43N04W07M001M,07M001,Unknown,Unknown,1-004,Shasta Valley,Siskiyou,395,Residential,Single Well,54058,1990-08-01 - 2007-10-23,36,fall,266.7,286.4,NA,NA,2005,18010207,Above Normal,Above Normal,2004-10-01T00:00:00Z,2005-10-01T00:00:00Z,-122.355,41.5891
415891N1223553W001,677284,2004-03-31T00:00:00Z,2897.57,2897.17,0,274,2623.57,274,273.6,NA,Unknown,Water level accuracy is unknown,1,Department of Water Resources,NA,1,Department of Water Resources,NA,NA,37193,43N04W07M001M,07M001,Unknown,Unknown,1-004,Shasta Valley,Siskiyou,395,Residential,Single Well,54058,1990-08-01 - 2007-10-23,36,spring,NA,NA,266.6,285.1,2004,18010207,Above Normal,Above Normal,2003-10-01T00:00:00Z,2004-10-01T00:00:00Z,-122.355,41.5891
415891N1223553W001,677283,2003-10-07T00:00:00Z,2897.57,2897.17,0,272.5,2625.07,272.5,272.1,NA,Unknown,Water level accuracy is unknown,1,Department of Water Resources,NA,1,Department of Water Resources,NA,NA,37193,43N04W07M001M,07M001,Unknown,Unknown,1-004,Shasta Valley,Siskiyou,395,Residential,Single Well,54058,1990-08-01 - 2007-10-23,36,fall,266.7,286.4,NA,NA,2004,18010207,Above Normal,Above Normal,2003-10-01T00:00:00Z,2004-10-01T00:00:00Z,-122.355,41.5891
415891N1223553W001,677282,2003-05-07T00:00:00Z,2897.57,2897.17,0,272.1,2625.47,272.1,271.7,NA,Unknown,Water level accuracy is unknown,1,Department of Water Resources,NA,1,Department of Water Resources,NA,NA,37193,43N04W07M001M,07M001,Unknown,Unknown,1-004,Shasta Valley,Siskiyou,395,Residential,Single Well,54058,1990-08-01 - 2007-10-23,36,spring,NA,NA,266.6,285.1,2003,18010207,Above Normal,Above Normal,2002-10-01T00:00:00Z,2003-10-01T00:00:00Z,-122.355,41.5891
415891N1223553W001,677281,2003-03-25T00:00:00Z,2897.57,2897.17,NA,NA,NA,NA,NA,Special/Other,NA,NA,1,Department of Water Resources,NA,1,Department of Water Resources,NA,NA,37193,43N04W07M001M,07M001,Unknown,Unknown,1-004,Shasta Valley,Siskiyou,395,Residential,Single Well,54058,1990-08-01 - 2007-10-23,36,spring,NA,NA,266.6,285.1,2003,18010207,Above Normal,Above Normal,2002-10-01T00:00:00Z,2003-10-01T00:00:00Z,-122.355,41.5891
415891N1223553W001,677280,2002-10-09T00:00:00Z,2897.57,2897.17,0,267.1,2630.47,267.1,266.7,NA,Unknown,Water level accuracy is unknown,1,Department of Water Resources,NA,1,Department of Water Resources,NA,NA,37193,43N04W07M001M,07M001,Unknown,Unknown,1-004,Shasta Valley,Siskiyou,395,Residential,Single Well,54058,1990-08-01 - 2007-10-23,36,fall,266.7,286.4,NA,NA,2003,18010207,Above Normal,Above Normal,2002-10-01T00:00:00Z,2003-10-01T00:00:00Z,-122.355,41.5891
415891N1223553W001,677279,2002-03-28T00:00:00Z,2897.57,2897.17,0,271.8,2625.77,271.8,271.4,NA,Unknown,Water level accuracy is unknown,1,Department of Water Resources,NA,1,Department of Water Resources,NA,NA,37193,43N04W07M001M,07M001,Unknown,Unknown,1-004,Shasta Valley,Siskiyou,395,Residential,Single Well,54058,1990-08-01 - 2007-10-23,36,spring,NA,NA,266.6,285.1,2002,18010207,Dry,Dry,2001-10-01T00:00:00Z,2002-10-01T00:00:00Z,-122.355,41.5891
415891N1223553W001,677278,2001-10-30T00:00:00Z,2897.57,2897.17,0,272.5,2625.07,272.5,272.1,NA,Unknown,Water level accuracy is unknown,1,Department of Water Resources,NA,1,Department of Water Resources,NA,NA,37193,43N04W07M001M,07M001,Unknown,Unknown,1-004,Shasta Valley,Siskiyou,395,Residential,Single Well,54058,1990-08-01 - 2007-10-23,36,fall,266.7,286.4,NA,NA,2002,18010207,Dry,Dry,2001-10-01T00:00:00Z,2002-10-01T00:00:00Z,-122.355,41.5891
415891N1223553W001,677277,2001-04-02T00:00:00Z,2897.57,2897.17,0,272.7,2624.87,272.7,272.3,NA,Unknown,Water level accuracy is unknown,1,Department of Water Resources,NA,1,Department of Water Resources,NA,NA,37193,43N04W07M001M,07M001,Unknown,Unknown,1-004,Shasta Valley,Siskiyou,395,Residential,Single Well,54058,1990-08-01 - 2007-10-23,36,spring,NA,NA,266.6,285.1,2001,18010207,Critical,Critical,2000-10-01T00:00:00Z,2001-10-01T00:00:00Z,-122.355,41.5891
415891N1223553W001,677276,2000-10-09T00:00:00Z,2897.57,2897.17,0,272.7,2624.87,272.7,272.3,NA,Unknown,Water level accuracy is unknown,1,Department of Water Resources,NA,1,Department of Water Resources,NA,NA,37193,43N04W07M001M,07M001,Unknown,Unknown,1-004,Shasta Valley,Siskiyou,395,Residential,Single Well,54058,1990-08-01 - 2007-10-23,36,fall,266.7,286.4,NA,NA,2001,18010207,Critical,Critical,2000-10-01T00:00:00Z,2001-10-01T00:00:00Z,-122.355,41.5891
415891N1223553W001,677275,2000-03-22T00:00:00Z,2897.57,2897.17,0,272.5,2625.07,272.5,272.1,NA,Unknown,Water level accuracy is unknown,1,Department of Water Resources,NA,1,Department of Water Resources,NA,NA,37193,43N04W07M001M,07M001,Unknown,Unknown,1-004,Shasta Valley,Siskiyou,395,Residential,Single Well,54058,1990-08-01 - 2007-10-23,36,spring,NA,NA,266.6,285.1,2000,18010207,Above Normal,Above Normal,1999-10-01T00:00:00Z,2000-10-01T00:00:00Z,-122.355,41.5891
415891N1223553W001,677273,1999-10-25T00:00:00Z,2897.57,2897.17,0,271.1,2626.47,271.1,270.7,NA,Unknown,Water level accuracy is unknown,1,Department of Water Resources,NA,1,Department of Water Resources,NA,NA,37193,43N04W07M001M,07M001,Unknown,Unknown,1-004,Shasta Valley,Siskiyou,395,Residential,Single Well,54058,1990-08-01 - 2007-10-23,36,fall,266.7,286.4,NA,NA,2000,18010207,Above Normal,Above Normal,1999-10-01T00:00:00Z,2000-10-01T00:00:00Z,-122.355,41.5891
415891N1223553W001,677274,1999-03-16T00:00:00Z,2897.57,2897.17,0,272.7,2624.87,272.7,272.3,NA,Unknown,Water level accuracy is unknown,1,Department of Water Resources,NA,1,Department of Water Resources,NA,NA,37193,43N04W07M001M,07M001,Unknown,Unknown,1-004,Shasta Valley,Siskiyou,395,Residential,Single Well,54058,1990-08-01 - 2007-10-23,36,spring,NA,NA,266.6,285.1,1999,18010207,Wet,Wet,1998-10-01T00:00:00Z,1999-10-01T00:00:00Z,-122.355,41.5891
415891N1223553W001,677272,1998-10-27T00:00:00Z,2897.57,2897.17,0,273,2624.57,273,272.6,NA,Unknown,Water level accuracy is unknown,1,Department of Water Resources,NA,1,Department of Water Resources,NA,NA,37193,43N04W07M001M,07M001,Unknown,Unknown,1-004,Shasta Valley,Siskiyou,395,Residential,Single Well,54058,1990-08-01 - 2007-10-23,36,fall,266.7,286.4,NA,NA,1999,18010207,Wet,Wet,1998-10-01T00:00:00Z,1999-10-01T00:00:00Z,-122.355,41.5891
415891N1223553W001,677271,1998-03-31T00:00:00Z,2897.57,2897.17,0,273.4,2624.17,273.4,273,NA,Unknown,Water level accuracy is unknown,1,Department of Water Resources,NA,1,Department of Water Resources,NA,NA,37193,43N04W07M001M,07M001,Unknown,Unknown,1-004,Shasta Valley,Siskiyou,395,Residential,Single Well,54058,1990-08-01 - 2007-10-23,36,spring,NA,NA,266.6,285.1,1998,18010207,Wet,Wet,1997-10-01T00:00:00Z,1998-10-01T00:00:00Z,-122.355,41.5891
415891N1223553W001,677270,1997-10-22T00:00:00Z,2897.57,2897.17,0,274.4,2623.17,274.4,274,NA,Unknown,Water level accuracy is unknown,1,Department of Water Resources,NA,1,Department of Water Resources,NA,NA,37193,43N04W07M001M,07M001,Unknown,Unknown,1-004,Shasta Valley,Siskiyou,395,Residential,Single Well,54058,1990-08-01 - 2007-10-23,36,fall,266.7,286.4,NA,NA,1998,18010207,Wet,Wet,1997-10-01T00:00:00Z,1998-10-01T00:00:00Z,-122.355,41.5891
415891N1223553W001,677269,1997-03-12T00:00:00Z,2897.57,2897.17,0,273.6,2623.97,273.6,273.2,NA,Unknown,Water level accuracy is unknown,1,Department of Water Resources,NA,1,Department of Water Resources,NA,NA,37193,43N04W07M001M,07M001,Unknown,Unknown,1-004,Shasta Valley,Siskiyou,395,Residential,Single Well,54058,1990-08-01 - 2007-10-23,36,spring,NA,NA,266.6,285.1,1997,18010207,Wet,Wet,1996-10-01T00:00:00Z,1997-10-01T00:00:00Z,-122.355,41.5891
415891N1223553W001,677268,1996-10-23T00:00:00Z,2897.57,2897.17,0,273.9,2623.67,273.9,273.5,NA,Unknown,Water level accuracy is unknown,1,Department of Water Resources,NA,1,Department of Water Resources,NA,NA,37193,43N04W07M001M,07M001,Unknown,Unknown,1-004,Shasta Valley,Siskiyou,395,Residential,Single Well,54058,1990-08-01 - 2007-10-23,36,fall,266.7,286.4,NA,NA,1997,18010207,Wet,Wet,1996-10-01T00:00:00Z,1997-10-01T00:00:00Z,-122.355,41.5891
415891N1223553W001,677267,1996-04-12T00:00:00Z,2897.57,2897.17,0,274.5,2623.07,274.5,274.1,NA,Unknown,Water level accuracy is unknown,1,Department of Water Resources,NA,1,Department of Water Resources,NA,NA,37193,43N04W07M001M,07M001,Unknown,Unknown,1-004,Shasta Valley,Siskiyou,395,Residential,Single Well,54058,1990-08-01 - 2007-10-23,36,spring,NA,NA,266.6,285.1,1996,18010207,Wet,Wet,1995-10-01T00:00:00Z,1996-10-01T00:00:00Z,-122.355,41.5891
415891N1223553W001,677266,1995-10-18T00:00:00Z,2897.57,2897.17,0,275.8,2621.77,275.8,275.4,NA,Unknown,Water level accuracy is unknown,1,Department of Water Resources,NA,1,Department of Water Resources,NA,NA,37193,43N04W07M001M,07M001,Unknown,Unknown,1-004,Shasta Valley,Siskiyou,395,Residential,Single Well,54058,1990-08-01 - 2007-10-23,36,fall,266.7,286.4,NA,NA,1996,18010207,Wet,Wet,1995-10-01T00:00:00Z,1996-10-01T00:00:00Z,-122.355,41.5891
415891N1223553W001,677265,1995-03-29T00:00:00Z,2897.57,2897.17,0,285.5,2612.07,285.5,285.1,NA,Unknown,Water level accuracy is unknown,1,Department of Water Resources,NA,1,Department of Water Resources,NA,NA,37193,43N04W07M001M,07M001,Unknown,Unknown,1-004,Shasta Valley,Siskiyou,395,Residential,Single Well,54058,1990-08-01 - 2007-10-23,36,spring,NA,NA,266.6,285.1,1995,18010207,Wet,Wet,1994-10-01T00:00:00Z,1995-10-01T00:00:00Z,-122.355,41.5891
415891N1223553W001,677264,1994-03-31T00:00:00Z,2897.57,2897.17,0,284,2613.57,284,283.6,Pumped recently,Unknown,Water level accuracy is unknown,1,Department of Water Resources,NA,1,Department of Water Resources,NA,NA,37193,43N04W07M001M,07M001,Unknown,Unknown,1-004,Shasta Valley,Siskiyou,395,Residential,Single Well,54058,1990-08-01 - 2007-10-23,36,spring,NA,NA,266.6,285.1,1994,18010207,Dry,Dry,1993-10-01T00:00:00Z,1994-10-01T00:00:00Z,-122.355,41.5891
415891N1223553W001,677263,1993-10-15T00:00:00Z,2897.57,2897.17,NA,NA,NA,NA,NA,Special/Other,NA,NA,1,Department of Water Resources,NA,1,Department of Water Resources,NA,NA,37193,43N04W07M001M,07M001,Unknown,Unknown,1-004,Shasta Valley,Siskiyou,395,Residential,Single Well,54058,1990-08-01 - 2007-10-23,36,fall,266.7,286.4,NA,NA,1994,18010207,Dry,Dry,1993-10-01T00:00:00Z,1994-10-01T00:00:00Z,-122.355,41.5891
415891N1223553W001,677262,1993-03-16T00:00:00Z,2897.57,2897.17,0,272,2625.57,272,271.6,NA,Unknown,Water level accuracy is unknown,1,Department of Water Resources,NA,1,Department of Water Resources,NA,NA,37193,43N04W07M001M,07M001,Unknown,Unknown,1-004,Shasta Valley,Siskiyou,395,Residential,Single Well,54058,1990-08-01 - 2007-10-23,36,spring,NA,NA,266.6,285.1,1993,18010207,Above Normal,Above Normal,1992-10-01T00:00:00Z,1993-10-01T00:00:00Z,-122.355,41.5891
415891N1223553W001,677261,1992-10-20T00:00:00Z,2897.57,2897.17,0,273.8,2623.77,273.8,273.4,NA,Unknown,Water level accuracy is unknown,1,Department of Water Resources,NA,1,Department of Water Resources,NA,NA,37193,43N04W07M001M,07M001,Unknown,Unknown,1-004,Shasta Valley,Siskiyou,395,Residential,Single Well,54058,1990-08-01 - 2007-10-23,36,fall,266.7,286.4,NA,NA,1993,18010207,Above Normal,Above Normal,1992-10-01T00:00:00Z,1993-10-01T00:00:00Z,-122.355,41.5891
415891N1223553W001,677260,1992-03-07T00:00:00Z,2897.57,2897.17,0,274.9,2622.67,274.9,274.5,NA,Unknown,Water level accuracy is unknown,1,Department of Water Resources,NA,1,Department of Water Resources,NA,NA,37193,43N04W07M001M,07M001,Unknown,Unknown,1-004,Shasta Valley,Siskiyou,395,Residential,Single Well,54058,1990-08-01 - 2007-10-23,36,spring,NA,NA,266.6,285.1,1992,18010207,Critical,Critical,1991-10-01T00:00:00Z,1992-10-01T00:00:00Z,-122.355,41.5891
415891N1223553W001,677259,1991-10-03T00:00:00Z,2897.57,2897.17,0,274.2,2623.37,274.2,273.8,NA,Unknown,Water level accuracy is unknown,1,Department of Water Resources,NA,1,Department of Water Resources,NA,NA,37193,43N04W07M001M,07M001,Unknown,Unknown,1-004,Shasta Valley,Siskiyou,395,Residential,Single Well,54058,1990-08-01 - 2007-10-23,36,fall,266.7,286.4,NA,NA,1992,18010207,Critical,Critical,1991-10-01T00:00:00Z,1992-10-01T00:00:00Z,-122.355,41.5891
415891N1223553W001,677258,1991-03-19T00:00:00Z,2897.57,2897.17,0,272.9,2624.67,272.9,272.5,NA,Unknown,Water level accuracy is unknown,1,Department of Water Resources,NA,1,Department of Water Resources,NA,NA,37193,43N04W07M001M,07M001,Unknown,Unknown,1-004,Shasta Valley,Siskiyou,395,Residential,Single Well,54058,1990-08-01 - 2007-10-23,36,spring,NA,NA,266.6,285.1,1991,18010207,Critical,Critical,1990-10-01T00:00:00Z,1991-10-01T00:00:00Z,-122.355,41.5891
415891N1223553W001,677257,1990-10-02T00:00:00Z,2897.57,2897.17,0,286.8,2610.77,286.8,286.4,NA,Unknown,Water level accuracy is unknown,1,Department of Water Resources,NA,1,Department of Water Resources,NA,NA,37193,43N04W07M001M,07M001,Unknown,Unknown,1-004,Shasta Valley,Siskiyou,395,Residential,Single Well,54058,1990-08-01 - 2007-10-23,36,fall,266.7,286.4,NA,NA,1991,18010207,Critical,Critical,1990-10-01T00:00:00Z,1991-10-01T00:00:00Z,-122.355,41.5891
415891N1223553W001,677256,1990-08-01T00:00:00Z,2897.57,2897.17,0,279,2618.57,279,278.6,NA,Unknown,Water level accuracy is unknown,1,Department of Water Resources,NA,1,Department of Water Resources,NA,NA,37193,43N04W07M001M,07M001,Unknown,Unknown,1-004,Shasta Valley,Siskiyou,395,Residential,Single Well,54058,1990-08-01 - 2007-10-23,36,fall,266.7,286.4,NA,NA,1990,18010207,Dry,Dry,1989-10-01T00:00:00Z,1990-10-01T00:00:00Z,-122.355,41.5891
