SITE_CODE,WLM_ID,MSMT_DATE,WLM_RPE,WLM_GSE,RDNG_WS,RDNG_RP,WSE,RPE_WSE,GSE_WSE,WLM_QA_DESC,WLM_DESC,WLM_ACC_DESC,WLM_ORG_ID,WLM_ORG_NAME,MSMT_CMT,COOP_AGENCY_ORG_ID,COOP_ORG_NAME,TOP_PRF,BOT_PRF,STN_ID,SWN,WELL_NAME,WLM_METHOD,WLM_ACC,BASIN_CODE,BASIN_NAME,COUNTY_NAME,WELL_DEPTH,WELL_USE,WELL_TYPE,WCR_NO,t_range,n_samples,season,fall_high,fall_low,spring_high,spring_low,water_year,HUC8,WYT,water_year_type,water_year_start,water_year_end,X,Y
415867N1224630W001,2619085,2020-04-10T12:00:00Z,2636,2635,NA,NA,NA,NA,NA,Temporarily inaccessible,NA,NA,1,Department of Water Resources,Locked Gate,1,Department of Water Resources,16,73,49296,43N05W07K001M,43N05W07K001M,USGS quad,5 ft.,1-004,Shasta Valley,Siskiyou,73,Unknown,Single Well,NA,2010-04-05 00:00:00 - 2020-04-10 12:00:00,22,spring,NA,NA,58.35,60.1,2020,NA,NA,NA,2019-10-01T00:00:00Z,2020-10-01T00:00:00Z,-122.463,41.5867
415867N1224630W001,2480392,2019-10-25T12:00:00Z,2636,2635,NA,NA,NA,NA,NA,Temporarily inaccessible,NA,NA,1,Department of Water Resources,Gate locked,1,Department of Water Resources,16,73,49296,43N05W07K001M,43N05W07K001M,USGS quad,5 ft.,1-004,Shasta Valley,Siskiyou,73,Unknown,Single Well,NA,2010-04-05 00:00:00 - 2020-04-10 12:00:00,22,fall,57.74,58.4,NA,NA,2020,NA,NA,NA,2019-10-01T00:00:00Z,2020-10-01T00:00:00Z,-122.463,41.5867
415867N1224630W001,2452849,2019-04-04T12:00:00Z,2636,2635,NA,NA,NA,NA,NA,Temporarily inaccessible,NA,NA,1,Department of Water Resources,Gate locked,1,Department of Water Resources,16,73,49296,43N05W07K001M,43N05W07K001M,USGS quad,5 ft.,1-004,Shasta Valley,Siskiyou,73,Unknown,Single Well,NA,2010-04-05 00:00:00 - 2020-04-10 12:00:00,22,spring,NA,NA,58.35,60.1,2019,NA,NA,NA,2018-10-01T00:00:00Z,2019-10-01T00:00:00Z,-122.463,41.5867
415867N1224630W001,2413591,2018-10-23T12:00:00Z,2636,2635,NA,NA,NA,NA,NA,Temporarily inaccessible,NA,NA,1,Department of Water Resources,Gate locked,1,Department of Water Resources,16,73,49296,43N05W07K001M,43N05W07K001M,USGS quad,5 ft.,1-004,Shasta Valley,Siskiyou,73,Unknown,Single Well,NA,2010-04-05 00:00:00 - 2020-04-10 12:00:00,22,fall,57.74,58.4,NA,NA,2019,NA,NA,NA,2018-10-01T00:00:00Z,2019-10-01T00:00:00Z,-122.463,41.5867
415867N1224630W001,2286529,2018-03-28T12:00:00Z,2636,2635,NA,NA,NA,NA,NA,Temporarily inaccessible,NA,NA,1,Department of Water Resources,Gate locked,1,Department of Water Resources,16,73,49296,43N05W07K001M,43N05W07K001M,USGS quad,5 ft.,1-004,Shasta Valley,Siskiyou,73,Unknown,Single Well,NA,2010-04-05 00:00:00 - 2020-04-10 12:00:00,22,spring,NA,NA,58.35,60.1,2018,18010207,Below Normal,Below Normal,2017-10-01T00:00:00Z,2018-10-01T00:00:00Z,-122.463,41.5867
415867N1224630W001,2266734,2017-10-19T12:00:00Z,2636,2635,NA,NA,NA,NA,NA,Temporarily inaccessible,NA,NA,1,Department of Water Resources,Gate locked,1,Department of Water Resources,16,73,49296,43N05W07K001M,43N05W07K001M,USGS quad,5 ft.,1-004,Shasta Valley,Siskiyou,73,Unknown,Single Well,NA,2010-04-05 00:00:00 - 2020-04-10 12:00:00,22,fall,57.74,58.4,NA,NA,2018,18010207,Below Normal,Below Normal,2017-10-01T00:00:00Z,2018-10-01T00:00:00Z,-122.463,41.5867
415867N1224630W001,2241464,2017-03-22T12:00:00Z,2636,2635,NA,NA,NA,NA,NA,Temporarily inaccessible,NA,NA,1,Department of Water Resources,Gate locked,1,Department of Water Resources,16,73,49296,43N05W07K001M,43N05W07K001M,USGS quad,5 ft.,1-004,Shasta Valley,Siskiyou,73,Unknown,Single Well,NA,2010-04-05 00:00:00 - 2020-04-10 12:00:00,22,spring,NA,NA,58.35,60.1,2017,18010207,Wet,Wet,2016-10-01T00:00:00Z,2017-10-01T00:00:00Z,-122.463,41.5867
415867N1224630W001,2214925,2016-10-21T12:00:00Z,2636,2635,NA,NA,NA,NA,NA,Temporarily inaccessible,NA,NA,1,Department of Water Resources,NA,1,Department of Water Resources,16,73,49296,43N05W07K001M,43N05W07K001M,USGS quad,5 ft.,1-004,Shasta Valley,Siskiyou,73,Unknown,Single Well,NA,2010-04-05 00:00:00 - 2020-04-10 12:00:00,22,fall,57.74,58.4,NA,NA,2017,18010207,Wet,Wet,2016-10-01T00:00:00Z,2017-10-01T00:00:00Z,-122.463,41.5867
415867N1224630W001,2189512,2016-04-06T00:00:00Z,2636,2635,NA,NA,NA,NA,NA,Temporarily inaccessible,NA,NA,1,Department of Water Resources,Gate Locked,1,Department of Water Resources,16,73,49296,43N05W07K001M,43N05W07K001M,USGS quad,5 ft.,1-004,Shasta Valley,Siskiyou,73,Unknown,Single Well,NA,2010-04-05 00:00:00 - 2020-04-10 12:00:00,22,spring,NA,NA,58.35,60.1,2016,18010207,Wet,Wet,2015-10-01T00:00:00Z,2016-10-01T00:00:00Z,-122.463,41.5867
415867N1224630W001,2165281,2015-10-20T00:00:00Z,2636,2635,NA,NA,NA,NA,NA,Temporarily inaccessible,NA,NA,1,Department of Water Resources,New padlock on gate,1,Department of Water Resources,16,73,49296,43N05W07K001M,43N05W07K001M,USGS quad,5 ft.,1-004,Shasta Valley,Siskiyou,73,Unknown,Single Well,NA,2010-04-05 00:00:00 - 2020-04-10 12:00:00,22,fall,57.74,58.4,NA,NA,2016,18010207,Wet,Wet,2015-10-01T00:00:00Z,2016-10-01T00:00:00Z,-122.463,41.5867
415867N1224630W001,2189776,2015-04-02T00:00:00Z,2636,2635,0,60,2576,60,59,NA,Electric sounder measurement,Water level accuracy to nearest tenth of a foot,1,Department of Water Resources,NA,1,Department of Water Resources,16,73,49296,43N05W07K001M,43N05W07K001M,USGS quad,5 ft.,1-004,Shasta Valley,Siskiyou,73,Unknown,Single Well,NA,2010-04-05 00:00:00 - 2020-04-10 12:00:00,22,spring,NA,NA,58.35,60.1,2015,18010207,Below Normal,Below Normal,2014-10-01T00:00:00Z,2015-10-01T00:00:00Z,-122.463,41.5867
415867N1224630W001,2029953,2014-10-29T00:00:00Z,2636,2635,0,59.4,2576.6,59.4,58.4,NA,Electric sounder measurement,Water level accuracy to nearest hundredth of a foot,1,Department of Water Resources,NA,1,Department of Water Resources,16,73,49296,43N05W07K001M,43N05W07K001M,USGS quad,5 ft.,1-004,Shasta Valley,Siskiyou,73,Unknown,Single Well,NA,2010-04-05 00:00:00 - 2020-04-10 12:00:00,22,fall,57.74,58.4,NA,NA,2015,18010207,Below Normal,Below Normal,2014-10-01T00:00:00Z,2015-10-01T00:00:00Z,-122.463,41.5867
415867N1224630W001,1884039,2014-03-24T00:00:00Z,2636,2635,0,59.4,2576.6,59.4,58.4,NA,Electric sounder measurement,Water level accuracy to nearest tenth of a foot,1,Department of Water Resources,NA,1,Department of Water Resources,16,73,49296,43N05W07K001M,43N05W07K001M,USGS quad,5 ft.,1-004,Shasta Valley,Siskiyou,73,Unknown,Single Well,NA,2010-04-05 00:00:00 - 2020-04-10 12:00:00,22,spring,NA,NA,58.35,60.1,2014,18010207,Critical,Critical,2013-10-01T00:00:00Z,2014-10-01T00:00:00Z,-122.463,41.5867
415867N1224630W001,1797145,2013-10-24T00:00:00Z,2636,2635,0,58.74,2577.26,58.74,57.74,NA,Electric sounder measurement,Water level accuracy to nearest tenth of a foot,1,Department of Water Resources,NA,1,Department of Water Resources,16,73,49296,43N05W07K001M,43N05W07K001M,USGS quad,5 ft.,1-004,Shasta Valley,Siskiyou,73,Unknown,Single Well,NA,2010-04-05 00:00:00 - 2020-04-10 12:00:00,22,fall,57.74,58.4,NA,NA,2014,18010207,Critical,Critical,2013-10-01T00:00:00Z,2014-10-01T00:00:00Z,-122.463,41.5867
415867N1224630W001,2030202,2013-06-04T06:00:00Z,2636,2635,0,58.8,2577.2,58.8,57.8,NA,Steel tape measurement,Water level accuracy to nearest tenth of a foot,1,Department of Water Resources,NA,1,Department of Water Resources,16,73,49296,43N05W07K001M,43N05W07K001M,USGS quad,5 ft.,1-004,Shasta Valley,Siskiyou,73,Unknown,Single Well,NA,2010-04-05 00:00:00 - 2020-04-10 12:00:00,22,other,NA,NA,NA,NA,2013,18010207,Below Normal,Below Normal,2012-10-01T00:00:00Z,2013-10-01T00:00:00Z,-122.463,41.5867
415867N1224630W001,1684674,2013-03-25T00:00:00Z,2636,2635,0,59.35,2576.65,59.35,58.35,NA,Electric sounder measurement,Water level accuracy to nearest tenth of a foot,1,Department of Water Resources,Somewhat aggressive dogs!!,1,Department of Water Resources,16,73,49296,43N05W07K001M,43N05W07K001M,USGS quad,5 ft.,1-004,Shasta Valley,Siskiyou,73,Unknown,Single Well,NA,2010-04-05 00:00:00 - 2020-04-10 12:00:00,22,spring,NA,NA,58.35,60.1,2013,18010207,Below Normal,Below Normal,2012-10-01T00:00:00Z,2013-10-01T00:00:00Z,-122.463,41.5867
415867N1224630W001,2030201,2012-10-26T05:00:00Z,2636,2635,0,58.8,2577.2,58.8,57.8,NA,Steel tape measurement,Water level accuracy to nearest tenth of a foot,1,Department of Water Resources,NA,1,Department of Water Resources,16,73,49296,43N05W07K001M,43N05W07K001M,USGS quad,5 ft.,1-004,Shasta Valley,Siskiyou,73,Unknown,Single Well,NA,2010-04-05 00:00:00 - 2020-04-10 12:00:00,22,fall,57.74,58.4,NA,NA,2013,18010207,Below Normal,Below Normal,2012-10-01T00:00:00Z,2013-10-01T00:00:00Z,-122.463,41.5867
415867N1224630W001,2030200,2012-04-18T04:00:00Z,2636,2635,0,59.55,2576.45,59.55,58.55,NA,Steel tape measurement,Water level accuracy to nearest tenth of a foot,1,Department of Water Resources,NA,1,Department of Water Resources,16,73,49296,43N05W07K001M,43N05W07K001M,USGS quad,5 ft.,1-004,Shasta Valley,Siskiyou,73,Unknown,Single Well,NA,2010-04-05 00:00:00 - 2020-04-10 12:00:00,22,spring,NA,NA,58.35,60.1,2012,18010207,Below Normal,Below Normal,2011-10-01T00:00:00Z,2012-10-01T00:00:00Z,-122.463,41.5867
415867N1224630W001,2030199,2011-10-20T03:00:00Z,2636,2635,0,59.03,2576.97,59.03,58.03,NA,Steel tape measurement,Water level accuracy to nearest tenth of a foot,1,Department of Water Resources,NA,1,Department of Water Resources,16,73,49296,43N05W07K001M,43N05W07K001M,USGS quad,5 ft.,1-004,Shasta Valley,Siskiyou,73,Unknown,Single Well,NA,2010-04-05 00:00:00 - 2020-04-10 12:00:00,22,fall,57.74,58.4,NA,NA,2012,18010207,Below Normal,Below Normal,2011-10-01T00:00:00Z,2012-10-01T00:00:00Z,-122.463,41.5867
415867N1224630W001,2030198,2011-04-21T02:00:00Z,2636,2635,0,59.7,2576.3,59.7,58.7,NA,Steel tape measurement,Water level accuracy to nearest tenth of a foot,1,Department of Water Resources,NA,1,Department of Water Resources,16,73,49296,43N05W07K001M,43N05W07K001M,USGS quad,5 ft.,1-004,Shasta Valley,Siskiyou,73,Unknown,Single Well,NA,2010-04-05 00:00:00 - 2020-04-10 12:00:00,22,spring,NA,NA,58.35,60.1,2011,18010207,Above Normal,Above Normal,2010-10-01T00:00:00Z,2011-10-01T00:00:00Z,-122.463,41.5867
415867N1224630W001,2030197,2010-10-20T01:00:00Z,2636,2635,0,59.2,2576.8,59.2,58.2,NA,Steel tape measurement,Water level accuracy to nearest tenth of a foot,1,Department of Water Resources,NA,1,Department of Water Resources,16,73,49296,43N05W07K001M,43N05W07K001M,USGS quad,5 ft.,1-004,Shasta Valley,Siskiyou,73,Unknown,Single Well,NA,2010-04-05 00:00:00 - 2020-04-10 12:00:00,22,fall,57.74,58.4,NA,NA,2011,18010207,Above Normal,Above Normal,2010-10-01T00:00:00Z,2011-10-01T00:00:00Z,-122.463,41.5867
415867N1224630W001,2030196,2010-04-05T00:00:00Z,2636,2635,0,61.1,2574.9,61.1,60.1,NA,Steel tape measurement,Water level accuracy to nearest tenth of a foot,1,Department of Water Resources,NA,1,Department of Water Resources,16,73,49296,43N05W07K001M,43N05W07K001M,USGS quad,5 ft.,1-004,Shasta Valley,Siskiyou,73,Unknown,Single Well,NA,2010-04-05 00:00:00 - 2020-04-10 12:00:00,22,spring,NA,NA,58.35,60.1,2010,18010207,Below Normal,Below Normal,2009-10-01T00:00:00Z,2010-10-01T00:00:00Z,-122.463,41.5867
