SITE_CODE,WLM_ID,MSMT_DATE,WLM_RPE,WLM_GSE,RDNG_WS,RDNG_RP,WSE,RPE_WSE,GSE_WSE,WLM_QA_DESC,WLM_DESC,WLM_ACC_DESC,WLM_ORG_ID,WLM_ORG_NAME,MSMT_CMT,COOP_AGENCY_ORG_ID,COOP_ORG_NAME,TOP_PRF,BOT_PRF,STN_ID,SWN,WELL_NAME,WLM_METHOD,WLM_ACC,BASIN_CODE,BASIN_NAME,COUNTY_NAME,WELL_DEPTH,WELL_USE,WELL_TYPE,WCR_NO,t_range,n_samples,season,fall_high,fall_low,spring_high,spring_low,water_year,Oct.Mar,Apr.Jul,WYsum,Index,water_year_type,region,water_year_start,water_year_end,X,Y
415952N1223848W001,2619086,2020-04-10T12:00:00Z,2743.9,2743.4,NA,NA,NA,NA,NA,Pumping,NA,NA,1,Department of Water Resources,NA,1,Department of Water Resources,NA,NA,22370,43N05W11A001M,43N05W11A001M,Digital Elevation Model,Unknown,1-004,Shasta Valley,Siskiyou,167,Irrigation,Single Well,5586,1971-10-28 00:00:00 - 2020-04-10 12:00:00,102,spring,NA,NA,120.5,149.5,2019,13.11,10.66,24.77,10.34,Wet,SAC,2019-10-01T00:00:00Z,2020-10-01T00:00:00Z,-122.385,41.5952
415952N1223848W001,2480393,2019-10-25T12:00:00Z,2743.9,2743.4,7.9,152,2599.8,144.1,143.6,NA,Steel tape measurement,Water level accuracy to nearest tenth of a foot,1,Department of Water Resources,NA,1,Department of Water Resources,NA,NA,22370,43N05W11A001M,43N05W11A001M,Digital Elevation Model,Unknown,1-004,Shasta Valley,Siskiyou,167,Irrigation,Single Well,5586,1971-10-28 00:00:00 - 2020-04-10 12:00:00,102,fall,121,156.5,NA,NA,2019,13.11,10.66,24.77,10.34,Wet,SAC,2019-10-01T00:00:00Z,2020-10-01T00:00:00Z,-122.385,41.5952
415952N1223848W001,2452850,2019-04-04T12:00:00Z,2743.9,2743.4,3.5,150,2597.4,146.5,146,NA,Steel tape measurement,Water level accuracy to nearest tenth of a foot,1,Department of Water Resources,NA,1,Department of Water Resources,NA,NA,22370,43N05W11A001M,43N05W11A001M,Digital Elevation Model,Unknown,1-004,Shasta Valley,Siskiyou,167,Irrigation,Single Well,5586,1971-10-28 00:00:00 - 2020-04-10 12:00:00,102,spring,NA,NA,120.5,149.5,2018,7.09,5.05,12.86,7.14,Below Normal,SAC,2018-10-01T00:00:00Z,2019-10-01T00:00:00Z,-122.385,41.5952
415952N1223848W001,2413592,2018-10-22T12:00:00Z,2743.9,2743.4,8.8,150,2602.7,141.2,140.7,NA,Steel tape measurement,Water level accuracy to nearest tenth of a foot,1,Department of Water Resources,NA,1,Department of Water Resources,NA,NA,22370,43N05W11A001M,43N05W11A001M,Digital Elevation Model,Unknown,1-004,Shasta Valley,Siskiyou,167,Irrigation,Single Well,5586,1971-10-28 00:00:00 - 2020-04-10 12:00:00,102,fall,121,156.5,NA,NA,2018,7.09,5.05,12.86,7.14,Below Normal,SAC,2018-10-01T00:00:00Z,2019-10-01T00:00:00Z,-122.385,41.5952
415952N1223848W001,2286530,2018-03-26T12:00:00Z,2743.9,2743.4,NA,NA,NA,NA,NA,Can't get tape in casing,NA,NA,1,Department of Water Resources,RP plugged,1,Department of Water Resources,NA,NA,22370,43N05W11A001M,43N05W11A001M,Digital Elevation Model,Unknown,1-004,Shasta Valley,Siskiyou,167,Irrigation,Single Well,5586,1971-10-28 00:00:00 - 2020-04-10 12:00:00,102,spring,NA,NA,120.5,149.5,2017,26.17,10.69,37.82,14.14,Wet,SAC,2017-10-01T00:00:00Z,2018-10-01T00:00:00Z,-122.385,41.5952
415952N1223848W001,2266735,2017-10-18T12:00:00Z,2743.9,2743.4,32.6,160,2616.5,127.4,126.9,Oil or foreign substance in casing,Steel tape measurement,Water level accuracy to nearest tenth of a foot,1,Department of Water Resources,Oil in casing,1,Department of Water Resources,NA,NA,22370,43N05W11A001M,43N05W11A001M,Digital Elevation Model,Unknown,1-004,Shasta Valley,Siskiyou,167,Irrigation,Single Well,5586,1971-10-28 00:00:00 - 2020-04-10 12:00:00,102,fall,121,156.5,NA,NA,2017,26.17,10.69,37.82,14.14,Wet,SAC,2017-10-01T00:00:00Z,2018-10-01T00:00:00Z,-122.385,41.5952
415952N1223848W001,2241465,2017-03-22T12:00:00Z,2743.9,2743.4,16.3,150,2610.2,133.7,133.2,Oil or foreign substance in casing,Steel tape measurement,Water level accuracy to nearest tenth of a foot,1,Department of Water Resources,NA,1,Department of Water Resources,NA,NA,22370,43N05W11A001M,43N05W11A001M,Digital Elevation Model,Unknown,1-004,Shasta Valley,Siskiyou,167,Irrigation,Single Well,5586,1971-10-28 00:00:00 - 2020-04-10 12:00:00,102,spring,NA,NA,120.5,149.5,2016,12.24,4.6,17.48,6.71,Below Normal,SAC,2016-10-01T00:00:00Z,2017-10-01T00:00:00Z,-122.385,41.5952
415952N1223848W001,2214926,2016-10-21T12:00:00Z,2743.9,2743.4,15.9,155,2604.8,139.1,138.6,Oil or foreign substance in casing,Steel tape measurement,Water level accuracy to nearest tenth of a foot,1,Department of Water Resources,NA,1,Department of Water Resources,NA,NA,22370,43N05W11A001M,43N05W11A001M,Digital Elevation Model,Unknown,1-004,Shasta Valley,Siskiyou,167,Irrigation,Single Well,5586,1971-10-28 00:00:00 - 2020-04-10 12:00:00,102,fall,121,156.5,NA,NA,2016,12.24,4.6,17.48,6.71,Below Normal,SAC,2016-10-01T00:00:00Z,2017-10-01T00:00:00Z,-122.385,41.5952
415952N1223848W001,2189513,2016-04-06T00:00:00Z,2743.9,2743.4,9.7,150,2603.6,140.3,139.8,Oil or foreign substance in casing,Steel tape measurement,Water level accuracy to nearest tenth of a foot,1,Department of Water Resources,NA,1,Department of Water Resources,NA,NA,22370,43N05W11A001M,43N05W11A001M,Digital Elevation Model,Unknown,1-004,Shasta Valley,Siskiyou,167,Irrigation,Single Well,5586,1971-10-28 00:00:00 - 2020-04-10 12:00:00,102,spring,NA,NA,120.5,149.5,2015,6.91,1.77,9.23,4,Critical,SAC,2015-10-01T00:00:00Z,2016-10-01T00:00:00Z,-122.385,41.5952
415952N1223848W001,2165282,2015-10-20T00:00:00Z,2743.9,2743.4,24.3,160,2608.2,135.7,135.2,Oil or foreign substance in casing,Steel tape measurement,Water level accuracy to nearest tenth of a foot,1,Department of Water Resources,NA,1,Department of Water Resources,NA,NA,22370,43N05W11A001M,43N05W11A001M,Digital Elevation Model,Unknown,1-004,Shasta Valley,Siskiyou,167,Irrigation,Single Well,5586,1971-10-28 00:00:00 - 2020-04-10 12:00:00,102,fall,121,156.5,NA,NA,2015,6.91,1.77,9.23,4,Critical,SAC,2015-10-01T00:00:00Z,2016-10-01T00:00:00Z,-122.385,41.5952
415952N1223848W001,2189777,2015-04-02T00:00:00Z,2743.9,2743.4,23.6,165,2602.5,141.4,140.9,Oil or foreign substance in casing,Steel tape measurement,Water level accuracy to nearest tenth of a foot,1,Department of Water Resources,NA,1,Department of Water Resources,NA,NA,22370,43N05W11A001M,43N05W11A001M,Digital Elevation Model,Unknown,1-004,Shasta Valley,Siskiyou,167,Irrigation,Single Well,5586,1971-10-28 00:00:00 - 2020-04-10 12:00:00,102,spring,NA,NA,120.5,149.5,2014,4.29,2.59,7.46,4.07,Critical,SAC,2014-10-01T00:00:00Z,2015-10-01T00:00:00Z,-122.385,41.5952
415952N1223848W001,2029954,2014-10-29T00:00:00Z,2743.9,2743.4,38.5,160,2622.4,121.5,121,Oil or foreign substance in casing,Steel tape measurement,Water level accuracy to nearest tenth of a foot,1,Department of Water Resources,NA,1,Department of Water Resources,NA,NA,22370,43N05W11A001M,43N05W11A001M,Digital Elevation Model,Unknown,1-004,Shasta Valley,Siskiyou,167,Irrigation,Single Well,5586,1971-10-28 00:00:00 - 2020-04-10 12:00:00,102,fall,121,156.5,NA,NA,2014,4.29,2.59,7.46,4.07,Critical,SAC,2014-10-01T00:00:00Z,2015-10-01T00:00:00Z,-122.385,41.5952
415952N1223848W001,1884040,2014-03-24T00:00:00Z,2743.9,2743.4,14.6,161,2597.5,146.4,145.9,Oil or foreign substance in casing,Steel tape measurement,Water level accuracy to nearest tenth of a foot,1,Department of Water Resources,NA,1,Department of Water Resources,NA,NA,22370,43N05W11A001M,43N05W11A001M,Digital Elevation Model,Unknown,1-004,Shasta Valley,Siskiyou,167,Irrigation,Single Well,5586,1971-10-28 00:00:00 - 2020-04-10 12:00:00,102,spring,NA,NA,120.5,149.5,2013,8.52,3.01,12.19,5.83,Dry,SAC,2013-10-01T00:00:00Z,2014-10-01T00:00:00Z,-122.385,41.5952
415952N1223848W001,1797146,2013-10-24T00:00:00Z,2743.9,2743.4,NA,NA,NA,NA,NA,Tape hung up,NA,NA,1,Department of Water Resources,NA,1,Department of Water Resources,NA,NA,22370,43N05W11A001M,43N05W11A001M,Digital Elevation Model,Unknown,1-004,Shasta Valley,Siskiyou,167,Irrigation,Single Well,5586,1971-10-28 00:00:00 - 2020-04-10 12:00:00,102,fall,121,156.5,NA,NA,2013,8.52,3.01,12.19,5.83,Dry,SAC,2013-10-01T00:00:00Z,2014-10-01T00:00:00Z,-122.385,41.5952
415952N1223848W001,1684657,2013-03-25T00:00:00Z,2743.93,2743.43,8.8,155,2597.73,146.2,145.7,Oil or foreign substance in casing,Steel tape measurement,Water level accuracy to nearest tenth of a foot,1,Department of Water Resources,Oil,1,Department of Water Resources,NA,NA,22370,43N05W11A001M,43N05W11A001M,Digital Elevation Model,Unknown,1-004,Shasta Valley,Siskiyou,167,Irrigation,Single Well,5586,1971-10-28 00:00:00 - 2020-04-10 12:00:00,102,spring,NA,NA,120.5,149.5,2012,5.69,5.46,11.84,6.89,Below Normal,SAC,2012-10-01T00:00:00Z,2013-10-01T00:00:00Z,-122.385,41.5952
415952N1223848W001,69688,2012-10-26T00:00:00Z,2743.93,2743.43,20.2,150,2614.13,129.8,129.3,Oil or foreign substance in casing,Steel tape measurement,Water level accuracy to nearest tenth of a foot,1,Department of Water Resources,NA,1,Department of Water Resources,NA,NA,22370,43N05W11A001M,43N05W11A001M,Digital Elevation Model,Unknown,1-004,Shasta Valley,Siskiyou,167,Irrigation,Single Well,5586,1971-10-28 00:00:00 - 2020-04-10 12:00:00,102,fall,121,156.5,NA,NA,2012,5.69,5.46,11.84,6.89,Below Normal,SAC,2012-10-01T00:00:00Z,2013-10-01T00:00:00Z,-122.385,41.5952
415952N1223848W001,59878,2012-04-18T00:00:00Z,2743.93,2743.43,0.8,145,2599.73,144.2,143.7,Oil or foreign substance in casing,Steel tape measurement,Water level accuracy to nearest tenth of a foot,1,Department of Water Resources,NA,1,Department of Water Resources,NA,NA,22370,43N05W11A001M,43N05W11A001M,Digital Elevation Model,Unknown,1-004,Shasta Valley,Siskiyou,167,Irrigation,Single Well,5586,1971-10-28 00:00:00 - 2020-04-10 12:00:00,102,spring,NA,NA,120.5,149.5,2011,12.68,11.53,25.21,10.54,Wet,SAC,2011-10-01T00:00:00Z,2012-10-01T00:00:00Z,-122.385,41.5952
415952N1223848W001,39856,2011-10-20T00:00:00Z,2743.93,2743.43,0,143.4,2600.53,143.4,142.9,Oil or foreign substance in casing,Steel tape measurement,Water level accuracy to nearest tenth of a foot,1,Department of Water Resources,NA,1,Department of Water Resources,NA,NA,22370,43N05W11A001M,43N05W11A001M,Digital Elevation Model,Unknown,1-004,Shasta Valley,Siskiyou,167,Irrigation,Single Well,5586,1971-10-28 00:00:00 - 2020-04-10 12:00:00,102,fall,121,156.5,NA,NA,2011,12.68,11.53,25.21,10.54,Wet,SAC,2011-10-01T00:00:00Z,2012-10-01T00:00:00Z,-122.385,41.5952
415952N1223848W001,677437,2011-10-20T00:00:00Z,2743.9,2743.4,0,143.4,2600.5,143.4,142.9,Oil or foreign substance in casing,Unknown,Water level accuracy is unknown,1,Department of Water Resources,NA,1,Department of Water Resources,NA,NA,22370,43N05W11A001M,43N05W11A001M,Digital Elevation Model,Unknown,1-004,Shasta Valley,Siskiyou,167,Irrigation,Single Well,5586,1971-10-28 00:00:00 - 2020-04-10 12:00:00,102,fall,121,156.5,NA,NA,2011,12.68,11.53,25.21,10.54,Wet,SAC,2011-10-01T00:00:00Z,2012-10-01T00:00:00Z,-122.385,41.5952
415952N1223848W001,677436,2011-04-21T00:00:00Z,2743.9,2743.4,0,131.3,2612.6,131.3,130.8,Oil or foreign substance in casing,Unknown,Water level accuracy is unknown,1,Department of Water Resources,NA,1,Department of Water Resources,NA,NA,22370,43N05W11A001M,43N05W11A001M,Digital Elevation Model,Unknown,1-004,Shasta Valley,Siskiyou,167,Irrigation,Single Well,5586,1971-10-28 00:00:00 - 2020-04-10 12:00:00,102,spring,NA,NA,120.5,149.5,2010,7.45,7.78,16.01,7.08,Below Normal,SAC,2010-10-01T00:00:00Z,2011-10-01T00:00:00Z,-122.385,41.5952
415952N1223848W001,677435,2010-10-26T00:00:00Z,2743.9,2743.4,0,129.5,2614.4,129.5,129,Oil or foreign substance in casing,Unknown,Water level accuracy is unknown,1,Department of Water Resources,NA,1,Department of Water Resources,NA,NA,22370,43N05W11A001M,43N05W11A001M,Digital Elevation Model,Unknown,1-004,Shasta Valley,Siskiyou,167,Irrigation,Single Well,5586,1971-10-28 00:00:00 - 2020-04-10 12:00:00,102,fall,121,156.5,NA,NA,2010,7.45,7.78,16.01,7.08,Below Normal,SAC,2010-10-01T00:00:00Z,2011-10-01T00:00:00Z,-122.385,41.5952
415952N1223848W001,677434,2010-04-05T00:00:00Z,2743.9,2743.4,0,136.4,2607.5,136.4,135.9,Oil or foreign substance in casing,Unknown,Water level accuracy is unknown,1,Department of Water Resources,NA,1,Department of Water Resources,NA,NA,22370,43N05W11A001M,43N05W11A001M,Digital Elevation Model,Unknown,1-004,Shasta Valley,Siskiyou,167,Irrigation,Single Well,5586,1971-10-28 00:00:00 - 2020-04-10 12:00:00,102,spring,NA,NA,120.5,149.5,2009,7.05,5.3,13.02,5.78,Dry,SAC,2009-10-01T00:00:00Z,2010-10-01T00:00:00Z,-122.385,41.5952
415952N1223848W001,677433,2009-10-29T00:00:00Z,2743.9,2743.4,0,131.1,2612.8,131.1,130.6,Oil or foreign substance in casing,Unknown,Water level accuracy is unknown,1,Department of Water Resources,NA,1,Department of Water Resources,NA,NA,22370,43N05W11A001M,43N05W11A001M,Digital Elevation Model,Unknown,1-004,Shasta Valley,Siskiyou,167,Irrigation,Single Well,5586,1971-10-28 00:00:00 - 2020-04-10 12:00:00,102,fall,121,156.5,NA,NA,2009,7.05,5.3,13.02,5.78,Dry,SAC,2009-10-01T00:00:00Z,2010-10-01T00:00:00Z,-122.385,41.5952
415952N1223848W001,677432,2009-04-07T00:00:00Z,2743.9,2743.4,0,147,2596.9,147,146.5,Oil or foreign substance in casing,Unknown,Water level accuracy is unknown,1,Department of Water Resources,NA,1,Department of Water Resources,NA,NA,22370,43N05W11A001M,43N05W11A001M,Digital Elevation Model,Unknown,1-004,Shasta Valley,Siskiyou,167,Irrigation,Single Well,5586,1971-10-28 00:00:00 - 2020-04-10 12:00:00,102,spring,NA,NA,120.5,149.5,2008,5.9,3.82,10.28,5.16,Critical,SAC,2008-10-01T00:00:00Z,2009-10-01T00:00:00Z,-122.385,41.5952
415952N1223848W001,677431,2008-10-29T00:00:00Z,2743.9,2743.4,0,132,2611.9,132,131.5,Oil or foreign substance in casing,Unknown,Water level accuracy is unknown,1,Department of Water Resources,NA,1,Department of Water Resources,NA,NA,22370,43N05W11A001M,43N05W11A001M,Digital Elevation Model,Unknown,1-004,Shasta Valley,Siskiyou,167,Irrigation,Single Well,5586,1971-10-28 00:00:00 - 2020-04-10 12:00:00,102,fall,121,156.5,NA,NA,2008,5.9,3.82,10.28,5.16,Critical,SAC,2008-10-01T00:00:00Z,2009-10-01T00:00:00Z,-122.385,41.5952
415952N1223848W001,677430,2008-03-27T00:00:00Z,2743.9,2743.4,0,140,2603.9,140,139.5,Oil or foreign substance in casing,Unknown,Water level accuracy is unknown,1,Department of Water Resources,NA,1,Department of Water Resources,NA,NA,22370,43N05W11A001M,43N05W11A001M,Digital Elevation Model,Unknown,1-004,Shasta Valley,Siskiyou,167,Irrigation,Single Well,5586,1971-10-28 00:00:00 - 2020-04-10 12:00:00,102,spring,NA,NA,120.5,149.5,2007,6.59,3.04,10.28,6.19,Dry,SAC,2007-10-01T00:00:00Z,2008-10-01T00:00:00Z,-122.385,41.5952
415952N1223848W001,677429,2007-10-24T00:00:00Z,2743.9,2743.4,0,150,2593.9,150,149.5,Oil or foreign substance in casing,Unknown,Water level accuracy is unknown,1,Department of Water Resources,NA,1,Department of Water Resources,NA,NA,22370,43N05W11A001M,43N05W11A001M,Digital Elevation Model,Unknown,1-004,Shasta Valley,Siskiyou,167,Irrigation,Single Well,5586,1971-10-28 00:00:00 - 2020-04-10 12:00:00,102,fall,121,156.5,NA,NA,2007,6.59,3.04,10.28,6.19,Dry,SAC,2007-10-01T00:00:00Z,2008-10-01T00:00:00Z,-122.385,41.5952
415952N1223848W001,677428,2007-03-28T00:00:00Z,2743.9,2743.4,0,134.6,2609.3,134.6,134.1,Oil or foreign substance in casing,Unknown,Water level accuracy is unknown,1,Department of Water Resources,NA,1,Department of Water Resources,NA,NA,22370,43N05W11A001M,43N05W11A001M,Digital Elevation Model,Unknown,1-004,Shasta Valley,Siskiyou,167,Irrigation,Single Well,5586,1971-10-28 00:00:00 - 2020-04-10 12:00:00,102,spring,NA,NA,120.5,149.5,2006,18.06,13.09,32.09,13.2,Wet,SAC,2006-10-01T00:00:00Z,2007-10-01T00:00:00Z,-122.385,41.5952
415952N1223848W001,677427,2006-10-17T00:00:00Z,2743.9,2743.4,0,147.7,2596.2,147.7,147.2,Oil or foreign substance in casing,Unknown,Water level accuracy is unknown,1,Department of Water Resources,NA,1,Department of Water Resources,NA,NA,22370,43N05W11A001M,43N05W11A001M,Digital Elevation Model,Unknown,1-004,Shasta Valley,Siskiyou,167,Irrigation,Single Well,5586,1971-10-28 00:00:00 - 2020-04-10 12:00:00,102,fall,121,156.5,NA,NA,2006,18.06,13.09,32.09,13.2,Wet,SAC,2006-10-01T00:00:00Z,2007-10-01T00:00:00Z,-122.385,41.5952
415952N1223848W001,677426,2006-04-20T00:00:00Z,2743.9,2743.4,0,146.8,2597.1,146.8,146.3,Oil or foreign substance in casing,Unknown,Water level accuracy is unknown,1,Department of Water Resources,NA,1,Department of Water Resources,NA,NA,22370,43N05W11A001M,43N05W11A001M,Digital Elevation Model,Unknown,1-004,Shasta Valley,Siskiyou,167,Irrigation,Single Well,5586,1971-10-28 00:00:00 - 2020-04-10 12:00:00,102,spring,NA,NA,120.5,149.5,2005,8.4,9.28,18.55,8.49,Above Normal,SAC,2005-10-01T00:00:00Z,2006-10-01T00:00:00Z,-122.385,41.5952
415952N1223848W001,677425,2005-10-13T00:00:00Z,2743.9,2743.4,0,148.1,2595.8,148.1,147.6,NA,Unknown,Water level accuracy is unknown,1,Department of Water Resources,NA,1,Department of Water Resources,NA,NA,22370,43N05W11A001M,43N05W11A001M,Digital Elevation Model,Unknown,1-004,Shasta Valley,Siskiyou,167,Irrigation,Single Well,5586,1971-10-28 00:00:00 - 2020-04-10 12:00:00,102,fall,121,156.5,NA,NA,2005,8.4,9.28,18.55,8.49,Above Normal,SAC,2005-10-01T00:00:00Z,2006-10-01T00:00:00Z,-122.385,41.5952
415952N1223848W001,677424,2005-03-29T00:00:00Z,2743.9,2743.4,0,136.9,2607,136.9,136.4,NA,Unknown,Water level accuracy is unknown,1,Department of Water Resources,NA,1,Department of Water Resources,NA,NA,22370,43N05W11A001M,43N05W11A001M,Digital Elevation Model,Unknown,1-004,Shasta Valley,Siskiyou,167,Irrigation,Single Well,5586,1971-10-28 00:00:00 - 2020-04-10 12:00:00,102,spring,NA,NA,120.5,149.5,2004,10.95,4.4,16.04,7.51,Below Normal,SAC,2004-10-01T00:00:00Z,2005-10-01T00:00:00Z,-122.385,41.5952
415952N1223848W001,677423,2004-10-29T00:00:00Z,2743.9,2743.4,0,148.2,2595.7,148.2,147.7,Oil or foreign substance in casing,Unknown,Water level accuracy is unknown,1,Department of Water Resources,NA,1,Department of Water Resources,NA,NA,22370,43N05W11A001M,43N05W11A001M,Digital Elevation Model,Unknown,1-004,Shasta Valley,Siskiyou,167,Irrigation,Single Well,5586,1971-10-28 00:00:00 - 2020-04-10 12:00:00,102,fall,121,156.5,NA,NA,2004,10.95,4.4,16.04,7.51,Below Normal,SAC,2004-10-01T00:00:00Z,2005-10-01T00:00:00Z,-122.385,41.5952
415952N1223848W001,677422,2004-03-31T00:00:00Z,2743.9,2743.4,0,127.1,2616.8,127.1,126.6,NA,Unknown,Water level accuracy is unknown,1,Department of Water Resources,NA,1,Department of Water Resources,NA,NA,22370,43N05W11A001M,43N05W11A001M,Digital Elevation Model,Unknown,1-004,Shasta Valley,Siskiyou,167,Irrigation,Single Well,5586,1971-10-28 00:00:00 - 2020-04-10 12:00:00,102,spring,NA,NA,120.5,149.5,2003,10.71,7.74,19.31,8.21,Above Normal,SAC,2003-10-01T00:00:00Z,2004-10-01T00:00:00Z,-122.385,41.5952
415952N1223848W001,677421,2003-10-07T00:00:00Z,2743.9,2743.4,0,136.5,2607.4,136.5,136,Oil or foreign substance in casing,Unknown,Water level accuracy is unknown,1,Department of Water Resources,NA,1,Department of Water Resources,NA,NA,22370,43N05W11A001M,43N05W11A001M,Digital Elevation Model,Unknown,1-004,Shasta Valley,Siskiyou,167,Irrigation,Single Well,5586,1971-10-28 00:00:00 - 2020-04-10 12:00:00,102,fall,121,156.5,NA,NA,2003,10.71,7.74,19.31,8.21,Above Normal,SAC,2003-10-01T00:00:00Z,2004-10-01T00:00:00Z,-122.385,41.5952
415952N1223848W001,677420,2003-03-24T00:00:00Z,2743.9,2743.4,0,150,2593.9,150,149.5,Oil or foreign substance in casing,Unknown,Water level accuracy is unknown,1,Department of Water Resources,NA,1,Department of Water Resources,NA,NA,22370,43N05W11A001M,43N05W11A001M,Digital Elevation Model,Unknown,1-004,Shasta Valley,Siskiyou,167,Irrigation,Single Well,5586,1971-10-28 00:00:00 - 2020-04-10 12:00:00,102,spring,NA,NA,120.5,149.5,2002,9.32,4.57,14.6,6.35,Dry,SAC,2002-10-01T00:00:00Z,2003-10-01T00:00:00Z,-122.385,41.5952
415952N1223848W001,677419,2002-10-10T00:00:00Z,2743.9,2743.4,0,157,2586.9,157,156.5,Oil or foreign substance in casing,Unknown,Water level accuracy is unknown,1,Department of Water Resources,NA,1,Department of Water Resources,NA,NA,22370,43N05W11A001M,43N05W11A001M,Digital Elevation Model,Unknown,1-004,Shasta Valley,Siskiyou,167,Irrigation,Single Well,5586,1971-10-28 00:00:00 - 2020-04-10 12:00:00,102,fall,121,156.5,NA,NA,2002,9.32,4.57,14.6,6.35,Dry,SAC,2002-10-01T00:00:00Z,2003-10-01T00:00:00Z,-122.385,41.5952
415952N1223848W001,677418,2002-03-27T00:00:00Z,2743.9,2743.4,0,147.4,2596.5,147.4,146.9,Oil or foreign substance in casing,Unknown,Water level accuracy is unknown,1,Department of Water Resources,NA,1,Department of Water Resources,NA,NA,22370,43N05W11A001M,43N05W11A001M,Digital Elevation Model,Unknown,1-004,Shasta Valley,Siskiyou,167,Irrigation,Single Well,5586,1971-10-28 00:00:00 - 2020-04-10 12:00:00,102,spring,NA,NA,120.5,149.5,2001,5.64,3.46,9.81,5.76,Dry,SAC,2001-10-01T00:00:00Z,2002-10-01T00:00:00Z,-122.385,41.5952
415952N1223848W001,677417,2001-10-30T00:00:00Z,2743.9,2743.4,0,145.3,2598.6,145.3,144.8,Oil or foreign substance in casing,Unknown,Water level accuracy is unknown,1,Department of Water Resources,NA,1,Department of Water Resources,NA,NA,22370,43N05W11A001M,43N05W11A001M,Digital Elevation Model,Unknown,1-004,Shasta Valley,Siskiyou,167,Irrigation,Single Well,5586,1971-10-28 00:00:00 - 2020-04-10 12:00:00,102,fall,121,156.5,NA,NA,2001,5.64,3.46,9.81,5.76,Dry,SAC,2001-10-01T00:00:00Z,2002-10-01T00:00:00Z,-122.385,41.5952
415952N1223848W001,677416,2001-04-02T00:00:00Z,2743.9,2743.4,0,132,2611.9,132,131.5,Oil or foreign substance in casing,Unknown,Water level accuracy is unknown,1,Department of Water Resources,NA,1,Department of Water Resources,NA,NA,22370,43N05W11A001M,43N05W11A001M,Digital Elevation Model,Unknown,1-004,Shasta Valley,Siskiyou,167,Irrigation,Single Well,5586,1971-10-28 00:00:00 - 2020-04-10 12:00:00,102,spring,NA,NA,120.5,149.5,2000,12.06,5.96,18.9,8.94,Above Normal,SAC,2000-10-01T00:00:00Z,2001-10-01T00:00:00Z,-122.385,41.5952
415952N1223848W001,677415,2000-10-09T00:00:00Z,2743.9,2743.4,0,125.9,2618,125.9,125.4,Oil or foreign substance in casing,Unknown,Water level accuracy is unknown,1,Department of Water Resources,NA,1,Department of Water Resources,NA,NA,22370,43N05W11A001M,43N05W11A001M,Digital Elevation Model,Unknown,1-004,Shasta Valley,Siskiyou,167,Irrigation,Single Well,5586,1971-10-28 00:00:00 - 2020-04-10 12:00:00,102,fall,121,156.5,NA,NA,2000,12.06,5.96,18.9,8.94,Above Normal,SAC,2000-10-01T00:00:00Z,2001-10-01T00:00:00Z,-122.385,41.5952
415952N1223848W001,677414,2000-03-22T00:00:00Z,2743.9,2743.4,0,127,2616.9,127,126.5,Oil or foreign substance in casing,Unknown,Water level accuracy is unknown,1,Department of Water Resources,NA,1,Department of Water Resources,NA,NA,22370,43N05W11A001M,43N05W11A001M,Digital Elevation Model,Unknown,1-004,Shasta Valley,Siskiyou,167,Irrigation,Single Well,5586,1971-10-28 00:00:00 - 2020-04-10 12:00:00,102,spring,NA,NA,120.5,149.5,1999,12.97,7.26,21.19,9.8,Wet,SAC,1999-10-01T00:00:00Z,2000-10-01T00:00:00Z,-122.385,41.5952
415952N1223848W001,677412,1999-10-25T00:00:00Z,2743.9,2743.4,0,126.5,2617.4,126.5,126,Oil or foreign substance in casing,Unknown,Water level accuracy is unknown,1,Department of Water Resources,NA,1,Department of Water Resources,NA,NA,22370,43N05W11A001M,43N05W11A001M,Digital Elevation Model,Unknown,1-004,Shasta Valley,Siskiyou,167,Irrigation,Single Well,5586,1971-10-28 00:00:00 - 2020-04-10 12:00:00,102,fall,121,156.5,NA,NA,1999,12.97,7.26,21.19,9.8,Wet,SAC,1999-10-01T00:00:00Z,2000-10-01T00:00:00Z,-122.385,41.5952
415952N1223848W001,677413,1999-03-15T00:00:00Z,2743.9,2743.4,0,126.6,2617.3,126.6,126.1,Oil or foreign substance in casing,Unknown,Water level accuracy is unknown,1,Department of Water Resources,NA,1,Department of Water Resources,NA,NA,22370,43N05W11A001M,43N05W11A001M,Digital Elevation Model,Unknown,1-004,Shasta Valley,Siskiyou,167,Irrigation,Single Well,5586,1971-10-28 00:00:00 - 2020-04-10 12:00:00,102,spring,NA,NA,120.5,149.5,1998,17.65,12.54,31.4,13.31,Wet,SAC,1998-10-01T00:00:00Z,1999-10-01T00:00:00Z,-122.385,41.5952
415952N1223848W001,677411,1998-10-27T00:00:00Z,2743.9,2743.4,0,126.4,2617.5,126.4,125.9,Oil or foreign substance in casing,Unknown,Water level accuracy is unknown,1,Department of Water Resources,NA,1,Department of Water Resources,NA,NA,22370,43N05W11A001M,43N05W11A001M,Digital Elevation Model,Unknown,1-004,Shasta Valley,Siskiyou,167,Irrigation,Single Well,5586,1971-10-28 00:00:00 - 2020-04-10 12:00:00,102,fall,121,156.5,NA,NA,1998,17.65,12.54,31.4,13.31,Wet,SAC,1998-10-01T00:00:00Z,1999-10-01T00:00:00Z,-122.385,41.5952
415952N1223848W001,677410,1998-03-31T00:00:00Z,2743.9,2743.4,0,132.7,2611.2,132.7,132.2,Oil or foreign substance in casing,Unknown,Water level accuracy is unknown,1,Department of Water Resources,NA,1,Department of Water Resources,NA,NA,22370,43N05W11A001M,43N05W11A001M,Digital Elevation Model,Unknown,1-004,Shasta Valley,Siskiyou,167,Irrigation,Single Well,5586,1971-10-28 00:00:00 - 2020-04-10 12:00:00,102,spring,NA,NA,120.5,149.5,1997,20.22,4.39,25.42,10.82,Wet,SAC,1997-10-01T00:00:00Z,1998-10-01T00:00:00Z,-122.385,41.5952
415952N1223848W001,677409,1997-10-22T00:00:00Z,2743.9,2743.4,0,145,2598.9,145,144.5,Pumping,Unknown,Water level accuracy is unknown,1,Department of Water Resources,& OIL,1,Department of Water Resources,NA,NA,22370,43N05W11A001M,43N05W11A001M,Digital Elevation Model,Unknown,1-004,Shasta Valley,Siskiyou,167,Irrigation,Single Well,5586,1971-10-28 00:00:00 - 2020-04-10 12:00:00,102,fall,121,156.5,NA,NA,1997,20.22,4.39,25.42,10.82,Wet,SAC,1997-10-01T00:00:00Z,1998-10-01T00:00:00Z,-122.385,41.5952
415952N1223848W001,677408,1997-03-10T00:00:00Z,2743.9,2743.4,0,128.6,2615.3,128.6,128.1,Oil or foreign substance in casing,Unknown,Water level accuracy is unknown,1,Department of Water Resources,NA,1,Department of Water Resources,NA,NA,22370,43N05W11A001M,43N05W11A001M,Digital Elevation Model,Unknown,1-004,Shasta Valley,Siskiyou,167,Irrigation,Single Well,5586,1971-10-28 00:00:00 - 2020-04-10 12:00:00,102,spring,NA,NA,120.5,149.5,1996,13.05,8.37,22.29,10.26,Wet,SAC,1996-10-01T00:00:00Z,1997-10-01T00:00:00Z,-122.385,41.5952
415952N1223848W001,677407,1996-10-23T00:00:00Z,2743.9,2743.4,0,130.5,2613.4,130.5,130,Oil or foreign substance in casing,Unknown,Water level accuracy is unknown,1,Department of Water Resources,NA,1,Department of Water Resources,NA,NA,22370,43N05W11A001M,43N05W11A001M,Digital Elevation Model,Unknown,1-004,Shasta Valley,Siskiyou,167,Irrigation,Single Well,5586,1971-10-28 00:00:00 - 2020-04-10 12:00:00,102,fall,121,156.5,NA,NA,1996,13.05,8.37,22.29,10.26,Wet,SAC,1996-10-01T00:00:00Z,1997-10-01T00:00:00Z,-122.385,41.5952
415952N1223848W001,677406,1996-04-12T00:00:00Z,2743.9,2743.4,0,127.4,2616.5,127.4,126.9,NA,Unknown,Water level accuracy is unknown,1,Department of Water Resources,NA,1,Department of Water Resources,NA,NA,22370,43N05W11A001M,43N05W11A001M,Digital Elevation Model,Unknown,1-004,Shasta Valley,Siskiyou,167,Irrigation,Single Well,5586,1971-10-28 00:00:00 - 2020-04-10 12:00:00,102,spring,NA,NA,120.5,149.5,1995,19.83,13.6,34.55,12.89,Wet,SAC,1995-10-01T00:00:00Z,1996-10-01T00:00:00Z,-122.385,41.5952
415952N1223848W001,677405,1995-10-18T00:00:00Z,2743.9,2743.4,0,132.4,2611.5,132.4,131.9,Oil or foreign substance in casing,Unknown,Water level accuracy is unknown,1,Department of Water Resources,NA,1,Department of Water Resources,NA,NA,22370,43N05W11A001M,43N05W11A001M,Digital Elevation Model,Unknown,1-004,Shasta Valley,Siskiyou,167,Irrigation,Single Well,5586,1971-10-28 00:00:00 - 2020-04-10 12:00:00,102,fall,121,156.5,NA,NA,1995,19.83,13.6,34.55,12.89,Wet,SAC,1995-10-01T00:00:00Z,1996-10-01T00:00:00Z,-122.385,41.5952
415952N1223848W001,677404,1995-03-29T00:00:00Z,2743.9,2743.4,0,127.6,2616.3,127.6,127.1,Oil or foreign substance in casing,Unknown,Water level accuracy is unknown,1,Department of Water Resources,NA,1,Department of Water Resources,NA,NA,22370,43N05W11A001M,43N05W11A001M,Digital Elevation Model,Unknown,1-004,Shasta Valley,Siskiyou,167,Irrigation,Single Well,5586,1971-10-28 00:00:00 - 2020-04-10 12:00:00,102,spring,NA,NA,120.5,149.5,1994,4.55,2.73,7.81,5.02,Critical,SAC,1994-10-01T00:00:00Z,1995-10-01T00:00:00Z,-122.385,41.5952
415952N1223848W001,677403,1994-10-26T00:00:00Z,2743.9,2743.4,0,128.3,2615.6,128.3,127.8,Oil or foreign substance in casing,Unknown,Water level accuracy is unknown,1,Department of Water Resources,NA,1,Department of Water Resources,NA,NA,22370,43N05W11A001M,43N05W11A001M,Digital Elevation Model,Unknown,1-004,Shasta Valley,Siskiyou,167,Irrigation,Single Well,5586,1971-10-28 00:00:00 - 2020-04-10 12:00:00,102,fall,121,156.5,NA,NA,1994,4.55,2.73,7.81,5.02,Critical,SAC,1994-10-01T00:00:00Z,1995-10-01T00:00:00Z,-122.385,41.5952
415952N1223848W001,677402,1994-03-31T00:00:00Z,2743.9,2743.4,0,128.1,2615.8,128.1,127.6,Oil or foreign substance in casing,Unknown,Water level accuracy is unknown,1,Department of Water Resources,NA,1,Department of Water Resources,NA,NA,22370,43N05W11A001M,43N05W11A001M,Digital Elevation Model,Unknown,1-004,Shasta Valley,Siskiyou,167,Irrigation,Single Well,5586,1971-10-28 00:00:00 - 2020-04-10 12:00:00,102,spring,NA,NA,120.5,149.5,1993,12.44,8.98,22.21,8.54,Above Normal,SAC,1993-10-01T00:00:00Z,1994-10-01T00:00:00Z,-122.385,41.5952
415952N1223848W001,677401,1993-10-15T00:00:00Z,2743.9,2743.4,0,126.5,2617.4,126.5,126,Oil or foreign substance in casing,Unknown,Water level accuracy is unknown,1,Department of Water Resources,NA,1,Department of Water Resources,NA,NA,22370,43N05W11A001M,43N05W11A001M,Digital Elevation Model,Unknown,1-004,Shasta Valley,Siskiyou,167,Irrigation,Single Well,5586,1971-10-28 00:00:00 - 2020-04-10 12:00:00,102,fall,121,156.5,NA,NA,1993,12.44,8.98,22.21,8.54,Above Normal,SAC,1993-10-01T00:00:00Z,1994-10-01T00:00:00Z,-122.385,41.5952
415952N1223848W001,677400,1993-03-15T00:00:00Z,2743.9,2743.4,0,130.4,2613.5,130.4,129.9,Oil or foreign substance in casing,Unknown,Water level accuracy is unknown,1,Department of Water Resources,NA,1,Department of Water Resources,NA,NA,22370,43N05W11A001M,43N05W11A001M,Digital Elevation Model,Unknown,1-004,Shasta Valley,Siskiyou,167,Irrigation,Single Well,5586,1971-10-28 00:00:00 - 2020-04-10 12:00:00,102,spring,NA,NA,120.5,149.5,1992,5.41,2.93,8.87,4.06,Critical,SAC,1992-10-01T00:00:00Z,1993-10-01T00:00:00Z,-122.385,41.5952
415952N1223848W001,677399,1992-10-20T00:00:00Z,2743.9,2743.4,0,127.6,2616.3,127.6,127.1,Oil or foreign substance in casing,Unknown,Water level accuracy is unknown,1,Department of Water Resources,NA,1,Department of Water Resources,NA,NA,22370,43N05W11A001M,43N05W11A001M,Digital Elevation Model,Unknown,1-004,Shasta Valley,Siskiyou,167,Irrigation,Single Well,5586,1971-10-28 00:00:00 - 2020-04-10 12:00:00,102,fall,121,156.5,NA,NA,1992,5.41,2.93,8.87,4.06,Critical,SAC,1992-10-01T00:00:00Z,1993-10-01T00:00:00Z,-122.385,41.5952
415952N1223848W001,677398,1992-03-03T00:00:00Z,2743.9,2743.4,0,129.6,2614.3,129.6,129.1,Oil or foreign substance in casing,Unknown,Water level accuracy is unknown,1,Department of Water Resources,NA,1,Department of Water Resources,NA,NA,22370,43N05W11A001M,43N05W11A001M,Digital Elevation Model,Unknown,1-004,Shasta Valley,Siskiyou,167,Irrigation,Single Well,5586,1971-10-28 00:00:00 - 2020-04-10 12:00:00,102,spring,NA,NA,120.5,149.5,1991,3.9,4.01,8.44,4.21,Critical,SAC,1991-10-01T00:00:00Z,1992-10-01T00:00:00Z,-122.385,41.5952
415952N1223848W001,677397,1991-10-01T00:00:00Z,2743.9,2743.4,0,139.4,2604.5,139.4,138.9,Oil or foreign substance in casing,Unknown,Water level accuracy is unknown,1,Department of Water Resources,NA,1,Department of Water Resources,NA,NA,22370,43N05W11A001M,43N05W11A001M,Digital Elevation Model,Unknown,1-004,Shasta Valley,Siskiyou,167,Irrigation,Single Well,5586,1971-10-28 00:00:00 - 2020-04-10 12:00:00,102,fall,121,156.5,NA,NA,1991,3.9,4.01,8.44,4.21,Critical,SAC,1991-10-01T00:00:00Z,1992-10-01T00:00:00Z,-122.385,41.5952
415952N1223848W001,677396,1991-03-19T00:00:00Z,2743.9,2743.4,0,126.9,2617,126.9,126.4,Oil or foreign substance in casing,Unknown,Water level accuracy is unknown,1,Department of Water Resources,NA,1,Department of Water Resources,NA,NA,22370,43N05W11A001M,43N05W11A001M,Digital Elevation Model,Unknown,1-004,Shasta Valley,Siskiyou,167,Irrigation,Single Well,5586,1971-10-28 00:00:00 - 2020-04-10 12:00:00,102,spring,NA,NA,120.5,149.5,1990,4.94,3.72,9.26,4.81,Critical,SAC,1990-10-01T00:00:00Z,1991-10-01T00:00:00Z,-122.385,41.5952
415952N1223848W001,677395,1990-10-01T00:00:00Z,2743.9,2743.4,0,145.4,2598.5,145.4,144.9,Oil or foreign substance in casing,Unknown,Water level accuracy is unknown,1,Department of Water Resources,NA,1,Department of Water Resources,NA,NA,22370,43N05W11A001M,43N05W11A001M,Digital Elevation Model,Unknown,1-004,Shasta Valley,Siskiyou,167,Irrigation,Single Well,5586,1971-10-28 00:00:00 - 2020-04-10 12:00:00,102,fall,121,156.5,NA,NA,1990,4.94,3.72,9.26,4.81,Critical,SAC,1990-10-01T00:00:00Z,1991-10-01T00:00:00Z,-122.385,41.5952
415952N1223848W001,677394,1990-08-08T00:00:00Z,2743.9,2743.4,0,137.2,2606.7,137.2,136.7,Pumping,Unknown,Water level accuracy is unknown,1,Department of Water Resources,NA,1,Department of Water Resources,NA,NA,22370,43N05W11A001M,43N05W11A001M,Digital Elevation Model,Unknown,1-004,Shasta Valley,Siskiyou,167,Irrigation,Single Well,5586,1971-10-28 00:00:00 - 2020-04-10 12:00:00,102,fall,121,156.5,NA,NA,1989,9.03,5.07,14.82,6.13,Dry,SAC,1989-10-01T00:00:00Z,1990-10-01T00:00:00Z,-122.385,41.5952
415952N1223848W001,677393,1990-03-21T00:00:00Z,2743.9,2743.4,0,128.3,2615.6,128.3,127.8,Oil or foreign substance in casing,Unknown,Water level accuracy is unknown,1,Department of Water Resources,NA,1,Department of Water Resources,NA,NA,22370,43N05W11A001M,43N05W11A001M,Digital Elevation Model,Unknown,1-004,Shasta Valley,Siskiyou,167,Irrigation,Single Well,5586,1971-10-28 00:00:00 - 2020-04-10 12:00:00,102,spring,NA,NA,120.5,149.5,1989,9.03,5.07,14.82,6.13,Dry,SAC,1989-10-01T00:00:00Z,1990-10-01T00:00:00Z,-122.385,41.5952
415952N1223848W001,677392,1989-10-04T00:00:00Z,2743.9,2743.4,0,127.1,2616.8,127.1,126.6,Oil or foreign substance in casing,Unknown,Water level accuracy is unknown,1,Department of Water Resources,NA,1,Department of Water Resources,NA,NA,22370,43N05W11A001M,43N05W11A001M,Digital Elevation Model,Unknown,1-004,Shasta Valley,Siskiyou,167,Irrigation,Single Well,5586,1971-10-28 00:00:00 - 2020-04-10 12:00:00,102,fall,121,156.5,NA,NA,1989,9.03,5.07,14.82,6.13,Dry,SAC,1989-10-01T00:00:00Z,1990-10-01T00:00:00Z,-122.385,41.5952
415952N1223848W001,677391,1989-03-22T00:00:00Z,2743.9,2743.4,0,126.3,2617.6,126.3,125.8,Oil or foreign substance in casing,Unknown,Water level accuracy is unknown,1,Department of Water Resources,NA,1,Department of Water Resources,NA,NA,22370,43N05W11A001M,43N05W11A001M,Digital Elevation Model,Unknown,1-004,Shasta Valley,Siskiyou,167,Irrigation,Single Well,5586,1971-10-28 00:00:00 - 2020-04-10 12:00:00,102,spring,NA,NA,120.5,149.5,1988,5.78,2.9,9.23,4.65,Critical,SAC,1988-10-01T00:00:00Z,1989-10-01T00:00:00Z,-122.385,41.5952
415952N1223848W001,677390,1988-10-26T00:00:00Z,2743.9,2743.4,0,139.7,2604.2,139.7,139.2,Oil or foreign substance in casing,Unknown,Water level accuracy is unknown,1,Department of Water Resources,NA,1,Department of Water Resources,NA,NA,22370,43N05W11A001M,43N05W11A001M,Digital Elevation Model,Unknown,1-004,Shasta Valley,Siskiyou,167,Irrigation,Single Well,5586,1971-10-28 00:00:00 - 2020-04-10 12:00:00,102,fall,121,156.5,NA,NA,1988,5.78,2.9,9.23,4.65,Critical,SAC,1988-10-01T00:00:00Z,1989-10-01T00:00:00Z,-122.385,41.5952
415952N1223848W001,677389,1988-03-14T00:00:00Z,2743.9,2743.4,0,126.7,2617.2,126.7,126.2,Oil or foreign substance in casing,Unknown,Water level accuracy is unknown,1,Department of Water Resources,NA,1,Department of Water Resources,NA,NA,22370,43N05W11A001M,43N05W11A001M,Digital Elevation Model,Unknown,1-004,Shasta Valley,Siskiyou,167,Irrigation,Single Well,5586,1971-10-28 00:00:00 - 2020-04-10 12:00:00,102,spring,NA,NA,120.5,149.5,1987,5.85,2.8,9.27,5.86,Dry,SAC,1987-10-01T00:00:00Z,1988-10-01T00:00:00Z,-122.385,41.5952
415952N1223848W001,677388,1987-10-20T00:00:00Z,2743.9,2743.4,0,144.4,2599.5,144.4,143.9,Oil or foreign substance in casing,Unknown,Water level accuracy is unknown,1,Department of Water Resources,NA,1,Department of Water Resources,NA,NA,22370,43N05W11A001M,43N05W11A001M,Digital Elevation Model,Unknown,1-004,Shasta Valley,Siskiyou,167,Irrigation,Single Well,5586,1971-10-28 00:00:00 - 2020-04-10 12:00:00,102,fall,121,156.5,NA,NA,1987,5.85,2.8,9.27,5.86,Dry,SAC,1987-10-01T00:00:00Z,1988-10-01T00:00:00Z,-122.385,41.5952
415952N1223848W001,677387,1987-04-22T00:00:00Z,2743.9,2743.4,0,128.8,2615.1,128.8,128.3,Oil or foreign substance in casing,Unknown,Water level accuracy is unknown,1,Department of Water Resources,NA,1,Department of Water Resources,NA,NA,22370,43N05W11A001M,43N05W11A001M,Digital Elevation Model,Unknown,1-004,Shasta Valley,Siskiyou,167,Irrigation,Single Well,5586,1971-10-28 00:00:00 - 2020-04-10 12:00:00,102,spring,NA,NA,120.5,149.5,1986,19.45,5.45,25.83,9.96,Wet,SAC,1986-10-01T00:00:00Z,1987-10-01T00:00:00Z,-122.385,41.5952
415952N1223848W001,677386,1986-09-25T00:00:00Z,2743.9,2743.4,0,127.1,2616.8,127.1,126.6,Oil or foreign substance in casing,Unknown,Water level accuracy is unknown,1,Department of Water Resources,NA,1,Department of Water Resources,NA,NA,22370,43N05W11A001M,43N05W11A001M,Digital Elevation Model,Unknown,1-004,Shasta Valley,Siskiyou,167,Irrigation,Single Well,5586,1971-10-28 00:00:00 - 2020-04-10 12:00:00,102,fall,121,156.5,NA,NA,1985,6.24,4,11.04,6.47,Dry,SAC,1985-10-01T00:00:00Z,1986-10-01T00:00:00Z,-122.385,41.5952
415952N1223848W001,677385,1986-03-25T00:00:00Z,2743.9,2743.4,0,126.2,2617.7,126.2,125.7,Oil or foreign substance in casing,Unknown,Water level accuracy is unknown,1,Department of Water Resources,NA,1,Department of Water Resources,NA,NA,22370,43N05W11A001M,43N05W11A001M,Digital Elevation Model,Unknown,1-004,Shasta Valley,Siskiyou,167,Irrigation,Single Well,5586,1971-10-28 00:00:00 - 2020-04-10 12:00:00,102,spring,NA,NA,120.5,149.5,1985,6.24,4,11.04,6.47,Dry,SAC,1985-10-01T00:00:00Z,1986-10-01T00:00:00Z,-122.385,41.5952
415952N1223848W001,677384,1985-09-23T00:00:00Z,2743.9,2743.4,0,126.9,2617,126.9,126.4,Oil or foreign substance in casing,Unknown,Water level accuracy is unknown,1,Department of Water Resources,NA,1,Department of Water Resources,NA,NA,22370,43N05W11A001M,43N05W11A001M,Digital Elevation Model,Unknown,1-004,Shasta Valley,Siskiyou,167,Irrigation,Single Well,5586,1971-10-28 00:00:00 - 2020-04-10 12:00:00,102,fall,121,156.5,NA,NA,1984,15.98,5.52,22.35,10,Wet,SAC,1984-10-01T00:00:00Z,1985-10-01T00:00:00Z,-122.385,41.5952
415952N1223848W001,677383,1985-03-14T00:00:00Z,2743.9,2743.4,0,126.2,2617.7,126.2,125.7,Oil or foreign substance in casing,Unknown,Water level accuracy is unknown,1,Department of Water Resources,NA,1,Department of Water Resources,NA,NA,22370,43N05W11A001M,43N05W11A001M,Digital Elevation Model,Unknown,1-004,Shasta Valley,Siskiyou,167,Irrigation,Single Well,5586,1971-10-28 00:00:00 - 2020-04-10 12:00:00,102,spring,NA,NA,120.5,149.5,1984,15.98,5.52,22.35,10,Wet,SAC,1984-10-01T00:00:00Z,1985-10-01T00:00:00Z,-122.385,41.5952
415952N1223848W001,677382,1984-10-30T00:00:00Z,2743.9,2743.4,0,127.1,2616.8,127.1,126.6,NA,Unknown,Water level accuracy is unknown,1,Department of Water Resources,NA,1,Department of Water Resources,NA,NA,22370,43N05W11A001M,43N05W11A001M,Digital Elevation Model,Unknown,1-004,Shasta Valley,Siskiyou,167,Irrigation,Single Well,5586,1971-10-28 00:00:00 - 2020-04-10 12:00:00,102,fall,121,156.5,NA,NA,1984,15.98,5.52,22.35,10,Wet,SAC,1984-10-01T00:00:00Z,1985-10-01T00:00:00Z,-122.385,41.5952
415952N1223848W001,677381,1984-03-23T00:00:00Z,2743.9,2743.4,0,131.5,2612.4,131.5,131,NA,Unknown,Water level accuracy is unknown,1,Department of Water Resources,NA,1,Department of Water Resources,NA,NA,22370,43N05W11A001M,43N05W11A001M,Digital Elevation Model,Unknown,1-004,Shasta Valley,Siskiyou,167,Irrigation,Single Well,5586,1971-10-28 00:00:00 - 2020-04-10 12:00:00,102,spring,NA,NA,120.5,149.5,1983,22.75,13.66,37.68,15.29,Wet,SAC,1983-10-01T00:00:00Z,1984-10-01T00:00:00Z,-122.385,41.5952
415952N1223848W001,677380,1983-10-24T00:00:00Z,2743.9,2743.4,0,126.4,2617.5,126.4,125.9,Oil or foreign substance in casing,Unknown,Water level accuracy is unknown,1,Department of Water Resources,NA,1,Department of Water Resources,NA,NA,22370,43N05W11A001M,43N05W11A001M,Digital Elevation Model,Unknown,1-004,Shasta Valley,Siskiyou,167,Irrigation,Single Well,5586,1971-10-28 00:00:00 - 2020-04-10 12:00:00,102,fall,121,156.5,NA,NA,1983,22.75,13.66,37.68,15.29,Wet,SAC,1983-10-01T00:00:00Z,1984-10-01T00:00:00Z,-122.385,41.5952
415952N1223848W001,677379,1983-04-12T00:00:00Z,2743.9,2743.4,0,126.6,2617.3,126.6,126.1,Oil or foreign substance in casing,Unknown,Water level accuracy is unknown,1,Department of Water Resources,NA,1,Department of Water Resources,NA,NA,22370,43N05W11A001M,43N05W11A001M,Digital Elevation Model,Unknown,1-004,Shasta Valley,Siskiyou,167,Irrigation,Single Well,5586,1971-10-28 00:00:00 - 2020-04-10 12:00:00,102,spring,NA,NA,120.5,149.5,1982,20.56,11.82,33.41,12.76,Wet,SAC,1982-10-01T00:00:00Z,1983-10-01T00:00:00Z,-122.385,41.5952
415952N1223848W001,677378,1982-10-19T00:00:00Z,2743.9,2743.4,0,133.7,2610.2,133.7,133.2,Oil or foreign substance in casing,Unknown,Water level accuracy is unknown,1,Department of Water Resources,NA,1,Department of Water Resources,NA,NA,22370,43N05W11A001M,43N05W11A001M,Digital Elevation Model,Unknown,1-004,Shasta Valley,Siskiyou,167,Irrigation,Single Well,5586,1971-10-28 00:00:00 - 2020-04-10 12:00:00,102,fall,121,156.5,NA,NA,1982,20.56,11.82,33.41,12.76,Wet,SAC,1982-10-01T00:00:00Z,1983-10-01T00:00:00Z,-122.385,41.5952
415952N1223848W001,677377,1982-04-20T00:00:00Z,2743.9,2743.4,0,133.7,2610.2,133.7,133.2,NA,Unknown,Water level accuracy is unknown,1,Department of Water Resources,NA,1,Department of Water Resources,NA,NA,22370,43N05W11A001M,43N05W11A001M,Digital Elevation Model,Unknown,1-004,Shasta Valley,Siskiyou,167,Irrigation,Single Well,5586,1971-10-28 00:00:00 - 2020-04-10 12:00:00,102,spring,NA,NA,120.5,149.5,1981,6.81,3.63,11.1,6.21,Dry,SAC,1981-10-01T00:00:00Z,1982-10-01T00:00:00Z,-122.385,41.5952
415952N1223848W001,677376,1981-10-07T00:00:00Z,2743.9,2743.4,0,135,2608.9,135,134.5,Oil or foreign substance in casing,Unknown,Water level accuracy is unknown,1,Department of Water Resources,NA,1,Department of Water Resources,NA,NA,22370,43N05W11A001M,43N05W11A001M,Digital Elevation Model,Unknown,1-004,Shasta Valley,Siskiyou,167,Irrigation,Single Well,5586,1971-10-28 00:00:00 - 2020-04-10 12:00:00,102,fall,121,156.5,NA,NA,1981,6.81,3.63,11.1,6.21,Dry,SAC,1981-10-01T00:00:00Z,1982-10-01T00:00:00Z,-122.385,41.5952
415952N1223848W001,677375,1981-03-28T00:00:00Z,2743.9,2743.4,0,130.2,2613.7,130.2,129.7,NA,Unknown,Water level accuracy is unknown,1,Department of Water Resources,NA,1,Department of Water Resources,NA,NA,22370,43N05W11A001M,43N05W11A001M,Digital Elevation Model,Unknown,1-004,Shasta Valley,Siskiyou,167,Irrigation,Single Well,5586,1971-10-28 00:00:00 - 2020-04-10 12:00:00,102,spring,NA,NA,120.5,149.5,1980,15.49,6,22.33,9.04,Above Normal,SAC,1980-10-01T00:00:00Z,1981-10-01T00:00:00Z,-122.385,41.5952
415952N1223848W001,677374,1980-10-01T00:00:00Z,2743.9,2743.4,0,128,2615.9,128,127.5,Oil or foreign substance in casing,Unknown,Water level accuracy is unknown,1,Department of Water Resources,NA,1,Department of Water Resources,NA,NA,22370,43N05W11A001M,43N05W11A001M,Digital Elevation Model,Unknown,1-004,Shasta Valley,Siskiyou,167,Irrigation,Single Well,5586,1971-10-28 00:00:00 - 2020-04-10 12:00:00,102,fall,121,156.5,NA,NA,1980,15.49,6,22.33,9.04,Above Normal,SAC,1980-10-01T00:00:00Z,1981-10-01T00:00:00Z,-122.385,41.5952
415952N1223848W001,677373,1980-03-27T00:00:00Z,2743.9,2743.4,0,132,2611.9,132,131.5,Oil or foreign substance in casing,Unknown,Water level accuracy is unknown,1,Department of Water Resources,NA,1,Department of Water Resources,NA,NA,22370,43N05W11A001M,43N05W11A001M,Digital Elevation Model,Unknown,1-004,Shasta Valley,Siskiyou,167,Irrigation,Single Well,5586,1971-10-28 00:00:00 - 2020-04-10 12:00:00,102,spring,NA,NA,120.5,149.5,1979,6.06,5.64,12.41,6.67,Below Normal,SAC,1979-10-01T00:00:00Z,1980-10-01T00:00:00Z,-122.385,41.5952
415952N1223848W001,677372,1979-11-01T00:00:00Z,2743.9,2743.4,0,126.7,2617.2,126.7,126.2,Oil or foreign substance in casing,Unknown,Water level accuracy is unknown,1,Department of Water Resources,NA,1,Department of Water Resources,NA,NA,22370,43N05W11A001M,43N05W11A001M,Digital Elevation Model,Unknown,1-004,Shasta Valley,Siskiyou,167,Irrigation,Single Well,5586,1971-10-28 00:00:00 - 2020-04-10 12:00:00,102,fall,121,156.5,NA,NA,1979,6.06,5.64,12.41,6.67,Below Normal,SAC,1979-10-01T00:00:00Z,1980-10-01T00:00:00Z,-122.385,41.5952
415952N1223848W001,677371,1979-04-04T00:00:00Z,2743.9,2743.4,0,126.5,2617.4,126.5,126,Oil or foreign substance in casing,Unknown,Water level accuracy is unknown,1,Department of Water Resources,NA,1,Department of Water Resources,NA,NA,22370,43N05W11A001M,43N05W11A001M,Digital Elevation Model,Unknown,1-004,Shasta Valley,Siskiyou,167,Irrigation,Single Well,5586,1971-10-28 00:00:00 - 2020-04-10 12:00:00,102,spring,NA,NA,120.5,149.5,1978,14.9,8.12,23.92,8.65,Above Normal,SAC,1978-10-01T00:00:00Z,1979-10-01T00:00:00Z,-122.385,41.5952
415952N1223848W001,677370,1978-10-25T00:00:00Z,2743.9,2743.4,0,126,2617.9,126,125.5,Oil or foreign substance in casing,Unknown,Water level accuracy is unknown,1,Department of Water Resources,NA,1,Department of Water Resources,NA,NA,22370,43N05W11A001M,43N05W11A001M,Digital Elevation Model,Unknown,1-004,Shasta Valley,Siskiyou,167,Irrigation,Single Well,5586,1971-10-28 00:00:00 - 2020-04-10 12:00:00,102,fall,121,156.5,NA,NA,1978,14.9,8.12,23.92,8.65,Above Normal,SAC,1978-10-01T00:00:00Z,1979-10-01T00:00:00Z,-122.385,41.5952
415952N1223848W001,677369,1978-03-30T00:00:00Z,2743.9,2743.4,0,126.7,2617.2,126.7,126.2,Oil or foreign substance in casing,Unknown,Water level accuracy is unknown,1,Department of Water Resources,NA,1,Department of Water Resources,NA,NA,22370,43N05W11A001M,43N05W11A001M,Digital Elevation Model,Unknown,1-004,Shasta Valley,Siskiyou,167,Irrigation,Single Well,5586,1971-10-28 00:00:00 - 2020-04-10 12:00:00,102,spring,NA,NA,120.5,149.5,1977,2.49,1.93,5.12,3.11,Critical,SAC,1977-10-01T00:00:00Z,1978-10-01T00:00:00Z,-122.385,41.5952
415952N1223848W001,677368,1977-10-19T00:00:00Z,2743.9,2743.4,0,127.2,2616.7,127.2,126.7,Oil or foreign substance in casing,Unknown,Water level accuracy is unknown,1,Department of Water Resources,NA,1,Department of Water Resources,NA,NA,22370,43N05W11A001M,43N05W11A001M,Digital Elevation Model,Unknown,1-004,Shasta Valley,Siskiyou,167,Irrigation,Single Well,5586,1971-10-28 00:00:00 - 2020-04-10 12:00:00,102,fall,121,156.5,NA,NA,1977,2.49,1.93,5.12,3.11,Critical,SAC,1977-10-01T00:00:00Z,1978-10-01T00:00:00Z,-122.385,41.5952
415952N1223848W001,677367,1977-03-30T00:00:00Z,2743.9,2743.4,0,126.7,2617.2,126.7,126.2,Oil or foreign substance in casing,Unknown,Water level accuracy is unknown,1,Department of Water Resources,NA,1,Department of Water Resources,NA,NA,22370,43N05W11A001M,43N05W11A001M,Digital Elevation Model,Unknown,1-004,Shasta Valley,Siskiyou,167,Irrigation,Single Well,5586,1971-10-28 00:00:00 - 2020-04-10 12:00:00,102,spring,NA,NA,120.5,149.5,1976,4.63,2.75,8.2,5.29,Critical,SAC,1976-10-01T00:00:00Z,1977-10-01T00:00:00Z,-122.385,41.5952
415952N1223848W001,677366,1976-11-01T00:00:00Z,2743.9,2743.4,0,125.8,2618.1,125.8,125.3,Oil or foreign substance in casing,Unknown,Water level accuracy is unknown,1,Department of Water Resources,NA,1,Department of Water Resources,NA,NA,22370,43N05W11A001M,43N05W11A001M,Digital Elevation Model,Unknown,1-004,Shasta Valley,Siskiyou,167,Irrigation,Single Well,5586,1971-10-28 00:00:00 - 2020-04-10 12:00:00,102,fall,121,156.5,NA,NA,1976,4.63,2.75,8.2,5.29,Critical,SAC,1976-10-01T00:00:00Z,1977-10-01T00:00:00Z,-122.385,41.5952
415952N1223848W001,677365,1976-03-18T00:00:00Z,2743.9,2743.4,0,126.3,2617.6,126.3,125.8,Oil or foreign substance in casing,Unknown,Water level accuracy is unknown,1,Department of Water Resources,NA,1,Department of Water Resources,NA,NA,22370,43N05W11A001M,43N05W11A001M,Digital Elevation Model,Unknown,1-004,Shasta Valley,Siskiyou,167,Irrigation,Single Well,5586,1971-10-28 00:00:00 - 2020-04-10 12:00:00,102,spring,NA,NA,120.5,149.5,1975,9.24,8.95,19.23,9.35,Wet,SAC,1975-10-01T00:00:00Z,1976-10-01T00:00:00Z,-122.385,41.5952
415952N1223848W001,677364,1976-02-10T00:00:00Z,2743.9,2743.4,0,127,2616.9,127,126.5,Oil or foreign substance in casing,Unknown,Water level accuracy is unknown,1,Department of Water Resources,NA,1,Department of Water Resources,NA,NA,22370,43N05W11A001M,43N05W11A001M,Digital Elevation Model,Unknown,1-004,Shasta Valley,Siskiyou,167,Irrigation,Single Well,5586,1971-10-28 00:00:00 - 2020-04-10 12:00:00,102,other,NA,NA,NA,NA,1975,9.24,8.95,19.23,9.35,Wet,SAC,1975-10-01T00:00:00Z,1976-10-01T00:00:00Z,-122.385,41.5952
415952N1223848W001,677363,1975-11-04T00:00:00Z,2743.9,2743.4,0,126,2617.9,126,125.5,Oil or foreign substance in casing,Unknown,Water level accuracy is unknown,1,Department of Water Resources,NA,1,Department of Water Resources,NA,NA,22370,43N05W11A001M,43N05W11A001M,Digital Elevation Model,Unknown,1-004,Shasta Valley,Siskiyou,167,Irrigation,Single Well,5586,1971-10-28 00:00:00 - 2020-04-10 12:00:00,102,fall,121,156.5,NA,NA,1975,9.24,8.95,19.23,9.35,Wet,SAC,1975-10-01T00:00:00Z,1976-10-01T00:00:00Z,-122.385,41.5952
415952N1223848W001,677362,1975-04-17T00:00:00Z,2743.9,2743.4,0,125.9,2618,125.9,125.4,Oil or foreign substance in casing,Unknown,Water level accuracy is unknown,1,Department of Water Resources,NA,1,Department of Water Resources,NA,NA,22370,43N05W11A001M,43N05W11A001M,Digital Elevation Model,Unknown,1-004,Shasta Valley,Siskiyou,167,Irrigation,Single Well,5586,1971-10-28 00:00:00 - 2020-04-10 12:00:00,102,spring,NA,NA,120.5,149.5,1974,21.69,9.78,32.5,12.99,Wet,SAC,1974-10-01T00:00:00Z,1975-10-01T00:00:00Z,-122.385,41.5952
415952N1223848W001,677361,1974-11-07T00:00:00Z,2743.9,2743.4,0,126.5,2617.4,126.5,126,Oil or foreign substance in casing,Unknown,Water level accuracy is unknown,1,Department of Water Resources,NA,1,Department of Water Resources,NA,NA,22370,43N05W11A001M,43N05W11A001M,Digital Elevation Model,Unknown,1-004,Shasta Valley,Siskiyou,167,Irrigation,Single Well,5586,1971-10-28 00:00:00 - 2020-04-10 12:00:00,102,fall,121,156.5,NA,NA,1974,21.69,9.78,32.5,12.99,Wet,SAC,1974-10-01T00:00:00Z,1975-10-01T00:00:00Z,-122.385,41.5952
415952N1223848W001,677360,1974-10-15T00:00:00Z,2743.9,2743.4,NA,NA,NA,NA,NA,Pumping,NA,NA,1,Department of Water Resources,NA,1,Department of Water Resources,NA,NA,22370,43N05W11A001M,43N05W11A001M,Digital Elevation Model,Unknown,1-004,Shasta Valley,Siskiyou,167,Irrigation,Single Well,5586,1971-10-28 00:00:00 - 2020-04-10 12:00:00,102,fall,121,156.5,NA,NA,1974,21.69,9.78,32.5,12.99,Wet,SAC,1974-10-01T00:00:00Z,1975-10-01T00:00:00Z,-122.385,41.5952
415952N1223848W001,677359,1974-04-10T00:00:00Z,2743.9,2743.4,0,121,2622.9,121,120.5,Oil or foreign substance in casing,Unknown,Water level accuracy is unknown,1,Department of Water Resources,NA,1,Department of Water Resources,NA,NA,22370,43N05W11A001M,43N05W11A001M,Digital Elevation Model,Unknown,1-004,Shasta Valley,Siskiyou,167,Irrigation,Single Well,5586,1971-10-28 00:00:00 - 2020-04-10 12:00:00,102,spring,NA,NA,120.5,149.5,1973,12.8,6.38,20.05,8.58,Above Normal,SAC,1973-10-01T00:00:00Z,1974-10-01T00:00:00Z,-122.385,41.5952
415952N1223848W001,677358,1973-10-10T00:00:00Z,2743.9,2743.4,0,128,2615.9,128,127.5,Oil or foreign substance in casing,Unknown,Water level accuracy is unknown,1,Department of Water Resources,NA,1,Department of Water Resources,NA,NA,22370,43N05W11A001M,43N05W11A001M,Digital Elevation Model,Unknown,1-004,Shasta Valley,Siskiyou,167,Irrigation,Single Well,5586,1971-10-28 00:00:00 - 2020-04-10 12:00:00,102,fall,121,156.5,NA,NA,1973,12.8,6.38,20.05,8.58,Above Normal,SAC,1973-10-01T00:00:00Z,1974-10-01T00:00:00Z,-122.385,41.5952
415952N1223848W001,677357,1973-04-19T00:00:00Z,2743.9,2743.4,0,127.3,2616.6,127.3,126.8,Oil or foreign substance in casing,Unknown,Water level accuracy is unknown,1,Department of Water Resources,NA,1,Department of Water Resources,NA,NA,22370,43N05W11A001M,43N05W11A001M,Digital Elevation Model,Unknown,1-004,Shasta Valley,Siskiyou,167,Irrigation,Single Well,5586,1971-10-28 00:00:00 - 2020-04-10 12:00:00,102,spring,NA,NA,120.5,149.5,1972,7.61,5.02,13.43,7.29,Below Normal,SAC,1972-10-01T00:00:00Z,1973-10-01T00:00:00Z,-122.385,41.5952
415952N1223848W001,677356,1972-10-03T00:00:00Z,2743.9,2743.4,0,127.4,2616.5,127.4,126.9,Oil or foreign substance in casing,Unknown,Water level accuracy is unknown,1,Department of Water Resources,NA,1,Department of Water Resources,NA,NA,22370,43N05W11A001M,43N05W11A001M,Digital Elevation Model,Unknown,1-004,Shasta Valley,Siskiyou,167,Irrigation,Single Well,5586,1971-10-28 00:00:00 - 2020-04-10 12:00:00,102,fall,121,156.5,NA,NA,1972,7.61,5.02,13.43,7.29,Below Normal,SAC,1972-10-01T00:00:00Z,1973-10-01T00:00:00Z,-122.385,41.5952
415952N1223848W001,677355,1972-03-21T00:00:00Z,2743.9,2743.4,0,127.1,2616.8,127.1,126.6,NA,Unknown,Water level accuracy is unknown,1,Department of Water Resources,NA,1,Department of Water Resources,NA,NA,22370,43N05W11A001M,43N05W11A001M,Digital Elevation Model,Unknown,1-004,Shasta Valley,Siskiyou,167,Irrigation,Single Well,5586,1971-10-28 00:00:00 - 2020-04-10 12:00:00,102,spring,NA,NA,120.5,149.5,1971,12.71,8.9,22.57,10.37,Wet,SAC,1971-10-01T00:00:00Z,1972-10-01T00:00:00Z,-122.385,41.5952
415952N1223848W001,677354,1971-10-28T00:00:00Z,2743.9,2743.4,0,126.3,2617.6,126.3,125.8,NA,Unknown,Water level accuracy is unknown,1,Department of Water Resources,NA,1,Department of Water Resources,NA,NA,22370,43N05W11A001M,43N05W11A001M,Digital Elevation Model,Unknown,1-004,Shasta Valley,Siskiyou,167,Irrigation,Single Well,5586,1971-10-28 00:00:00 - 2020-04-10 12:00:00,102,fall,121,156.5,NA,NA,1971,12.71,8.9,22.57,10.37,Wet,SAC,1971-10-01T00:00:00Z,1972-10-01T00:00:00Z,-122.385,41.5952
