SITE_CODE,WLM_ID,MSMT_DATE,WLM_RPE,WLM_GSE,RDNG_WS,RDNG_RP,WSE,RPE_WSE,GSE_WSE,WLM_QA_DESC,WLM_DESC,WLM_ACC_DESC,WLM_ORG_ID,WLM_ORG_NAME,MSMT_CMT,COOP_AGENCY_ORG_ID,COOP_ORG_NAME,TOP_PRF,BOT_PRF,STN_ID,SWN,WELL_NAME,WLM_METHOD,WLM_ACC,BASIN_CODE,BASIN_NAME,COUNTY_NAME,WELL_DEPTH,WELL_USE,WELL_TYPE,WCR_NO,t_range,n_samples,X,Y
416083N1223932W001,2619084,2020-04-10T12:00:00Z,2661.1,2660.8,NA,NA,NA,NA,NA,Pumping,NA,NA,1,Department of Water Resources,NA,1,Department of Water Resources,NA,NA,50631,43N05W02C002M,SV03A,Unknown,Unknown,1-004,Shasta Valley,Siskiyou,102,Irrigation,Single Well,127502,1990-08-09 00:00:00 - 2020-04-10 12:00:00,60,-122.393,41.6083
416083N1223932W001,2480391,2019-10-25T12:00:00Z,2661.1,2660.8,7.9,65,2604,57.1,56.8,NA,Steel tape measurement,Water level accuracy to nearest tenth of a foot,1,Department of Water Resources,NA,1,Department of Water Resources,NA,NA,50631,43N05W02C002M,SV03A,Unknown,Unknown,1-004,Shasta Valley,Siskiyou,102,Irrigation,Single Well,127502,1990-08-09 00:00:00 - 2020-04-10 12:00:00,60,-122.393,41.6083
416083N1223932W001,2452848,2019-04-04T12:00:00Z,2661.1,2660.8,6.8,65,2602.9,58.2,57.9,NA,Steel tape measurement,Water level accuracy to nearest tenth of a foot,1,Department of Water Resources,NA,1,Department of Water Resources,NA,NA,50631,43N05W02C002M,SV03A,Unknown,Unknown,1-004,Shasta Valley,Siskiyou,102,Irrigation,Single Well,127502,1990-08-09 00:00:00 - 2020-04-10 12:00:00,60,-122.393,41.6083
416083N1223932W001,2413590,2018-10-22T12:00:00Z,2661.1,2660.8,24.5,70,2615.6,45.5,45.2,NA,Steel tape measurement,Water level accuracy to nearest tenth of a foot,1,Department of Water Resources,NA,1,Department of Water Resources,NA,NA,50631,43N05W02C002M,SV03A,Unknown,Unknown,1-004,Shasta Valley,Siskiyou,102,Irrigation,Single Well,127502,1990-08-09 00:00:00 - 2020-04-10 12:00:00,60,-122.393,41.6083
416083N1223932W001,2286528,2018-03-27T12:00:00Z,2661.1,2660.8,8.8,60,2609.9,51.2,50.9,NA,Steel tape measurement,Water level accuracy to nearest tenth of a foot,1,Department of Water Resources,NA,1,Department of Water Resources,NA,NA,50631,43N05W02C002M,SV03A,Unknown,Unknown,1-004,Shasta Valley,Siskiyou,102,Irrigation,Single Well,127502,1990-08-09 00:00:00 - 2020-04-10 12:00:00,60,-122.393,41.6083
416083N1223932W001,2266733,2017-10-18T12:00:00Z,2661.1,2660.8,15.7,70,2606.8,54.3,54,NA,Steel tape measurement,Water level accuracy to nearest tenth of a foot,1,Department of Water Resources,NA,1,Department of Water Resources,NA,NA,50631,43N05W02C002M,SV03A,Unknown,Unknown,1-004,Shasta Valley,Siskiyou,102,Irrigation,Single Well,127502,1990-08-09 00:00:00 - 2020-04-10 12:00:00,60,-122.393,41.6083
416083N1223932W001,2241463,2017-03-22T12:00:00Z,2661.1,2660.8,9,60,2610.1,51,50.7,NA,Steel tape measurement,Water level accuracy to nearest tenth of a foot,1,Department of Water Resources,NA,1,Department of Water Resources,NA,NA,50631,43N05W02C002M,SV03A,Unknown,Unknown,1-004,Shasta Valley,Siskiyou,102,Irrigation,Single Well,127502,1990-08-09 00:00:00 - 2020-04-10 12:00:00,60,-122.393,41.6083
416083N1223932W001,2214924,2016-10-21T12:00:00Z,2661.1,2660.8,9.9,55,2616,45.1,44.8,NA,Steel tape measurement,Water level accuracy to nearest tenth of a foot,1,Department of Water Resources,NA,1,Department of Water Resources,NA,NA,50631,43N05W02C002M,SV03A,Unknown,Unknown,1-004,Shasta Valley,Siskiyou,102,Irrigation,Single Well,127502,1990-08-09 00:00:00 - 2020-04-10 12:00:00,60,-122.393,41.6083
416083N1223932W001,2189511,2016-04-06T00:00:00Z,2661.1,2660.8,9.8,55,2615.9,45.2,44.9,NA,Steel tape measurement,Water level accuracy to nearest tenth of a foot,1,Department of Water Resources,NA,1,Department of Water Resources,NA,NA,50631,43N05W02C002M,SV03A,Unknown,Unknown,1-004,Shasta Valley,Siskiyou,102,Irrigation,Single Well,127502,1990-08-09 00:00:00 - 2020-04-10 12:00:00,60,-122.393,41.6083
416083N1223932W001,2165280,2015-10-20T00:00:00Z,2661.1,2660.8,14.2,60,2615.3,45.8,45.5,NA,Steel tape measurement,Water level accuracy to nearest tenth of a foot,1,Department of Water Resources,NA,1,Department of Water Resources,NA,NA,50631,43N05W02C002M,SV03A,Unknown,Unknown,1-004,Shasta Valley,Siskiyou,102,Irrigation,Single Well,127502,1990-08-09 00:00:00 - 2020-04-10 12:00:00,60,-122.393,41.6083
416083N1223932W001,2189775,2015-04-02T00:00:00Z,2661.1,2660.8,5.2,50,2616.3,44.8,44.5,NA,Steel tape measurement,Water level accuracy to nearest tenth of a foot,1,Department of Water Resources,NA,1,Department of Water Resources,NA,NA,50631,43N05W02C002M,SV03A,Unknown,Unknown,1-004,Shasta Valley,Siskiyou,102,Irrigation,Single Well,127502,1990-08-09 00:00:00 - 2020-04-10 12:00:00,60,-122.393,41.6083
416083N1223932W001,2132592,2014-10-29T00:00:00Z,2661.1,2660.8,14.3,60,2615.4,45.7,45.4,Oil or foreign substance in casing,Steel tape measurement,Water level accuracy to nearest tenth of a foot,1,Department of Water Resources,NA,1,Department of Water Resources,NA,NA,50631,43N05W02C002M,SV03A,Unknown,Unknown,1-004,Shasta Valley,Siskiyou,102,Irrigation,Single Well,127502,1990-08-09 00:00:00 - 2020-04-10 12:00:00,60,-122.393,41.6083
416083N1223932W001,2179162,2014-03-23T00:00:00Z,2661.1,2660.8,3,48.1,2616,45.1,44.8,NA,Steel tape measurement,Water level accuracy to nearest tenth of a foot,1,Department of Water Resources,NA,1,Department of Water Resources,NA,NA,50631,43N05W02C002M,SV03A,Unknown,Unknown,1-004,Shasta Valley,Siskiyou,102,Irrigation,Single Well,127502,1990-08-09 00:00:00 - 2020-04-10 12:00:00,60,-122.393,41.6083
416083N1223932W001,2179161,2013-10-24T00:00:00Z,2661.1,2660.8,18.1,70,2609.2,51.9,51.6,NA,Steel tape measurement,Water level accuracy to nearest tenth of a foot,1,Department of Water Resources,NA,1,Department of Water Resources,NA,NA,50631,43N05W02C002M,SV03A,Unknown,Unknown,1-004,Shasta Valley,Siskiyou,102,Irrigation,Single Well,127502,1990-08-09 00:00:00 - 2020-04-10 12:00:00,60,-122.393,41.6083
416083N1223932W001,2179160,2013-03-25T00:00:00Z,2661.1,2660.8,7.9,65,2604,57.1,56.8,Oil or foreign substance in casing,Steel tape measurement,Water level accuracy to nearest tenth of a foot,1,Department of Water Resources,NA,1,Department of Water Resources,NA,NA,50631,43N05W02C002M,SV03A,Unknown,Unknown,1-004,Shasta Valley,Siskiyou,102,Irrigation,Single Well,127502,1990-08-09 00:00:00 - 2020-04-10 12:00:00,60,-122.393,41.6083
416083N1223932W001,2179159,2012-10-26T00:00:00Z,2661.1,2660.8,3.2,48,2616.3,44.8,44.5,Oil or foreign substance in casing,Steel tape measurement,Water level accuracy to nearest tenth of a foot,1,Department of Water Resources,NA,1,Department of Water Resources,NA,NA,50631,43N05W02C002M,SV03A,Unknown,Unknown,1-004,Shasta Valley,Siskiyou,102,Irrigation,Single Well,127502,1990-08-09 00:00:00 - 2020-04-10 12:00:00,60,-122.393,41.6083
416083N1223932W001,2179158,2012-04-18T00:00:00Z,2661.1,2660.8,6,50,2617.1,44,43.7,NA,Steel tape measurement,Water level accuracy to nearest tenth of a foot,1,Department of Water Resources,NA,1,Department of Water Resources,NA,NA,50631,43N05W02C002M,SV03A,Unknown,Unknown,1-004,Shasta Valley,Siskiyou,102,Irrigation,Single Well,127502,1990-08-09 00:00:00 - 2020-04-10 12:00:00,60,-122.393,41.6083
416083N1223932W001,2179157,2011-10-20T00:00:00Z,2661.1,2660.8,12,56,2617.1,44,43.7,NA,Steel tape measurement,Water level accuracy to nearest tenth of a foot,1,Department of Water Resources,NA,1,Department of Water Resources,NA,NA,50631,43N05W02C002M,SV03A,Unknown,Unknown,1-004,Shasta Valley,Siskiyou,102,Irrigation,Single Well,127502,1990-08-09 00:00:00 - 2020-04-10 12:00:00,60,-122.393,41.6083
416083N1223932W001,2179156,2011-04-21T00:00:00Z,2661.1,2660.8,-0.1,45,2616,45.1,44.8,NA,Steel tape measurement,Water level accuracy to nearest tenth of a foot,1,Department of Water Resources,NA,1,Department of Water Resources,NA,NA,50631,43N05W02C002M,SV03A,Unknown,Unknown,1-004,Shasta Valley,Siskiyou,102,Irrigation,Single Well,127502,1990-08-09 00:00:00 - 2020-04-10 12:00:00,60,-122.393,41.6083
416083N1223932W001,2179155,2010-10-26T00:00:00Z,2661.1,2660.8,-0.9,47,2613.2,47.9,47.6,NA,Steel tape measurement,Water level accuracy to nearest tenth of a foot,1,Department of Water Resources,NA,1,Department of Water Resources,NA,NA,50631,43N05W02C002M,SV03A,Unknown,Unknown,1-004,Shasta Valley,Siskiyou,102,Irrigation,Single Well,127502,1990-08-09 00:00:00 - 2020-04-10 12:00:00,60,-122.393,41.6083
416083N1223932W001,2179154,2010-04-01T00:00:00Z,2661.1,2660.8,11.1,56,2616.2,44.9,44.6,NA,Steel tape measurement,Water level accuracy to nearest tenth of a foot,1,Department of Water Resources,NA,1,Department of Water Resources,NA,NA,50631,43N05W02C002M,SV03A,Unknown,Unknown,1-004,Shasta Valley,Siskiyou,102,Irrigation,Single Well,127502,1990-08-09 00:00:00 - 2020-04-10 12:00:00,60,-122.393,41.6083
416083N1223932W001,2179153,2009-10-28T00:00:00Z,2661.1,2660.8,28,75,2614.1,47,46.7,NA,Steel tape measurement,Water level accuracy to nearest tenth of a foot,1,Department of Water Resources,NA,1,Department of Water Resources,NA,NA,50631,43N05W02C002M,SV03A,Unknown,Unknown,1-004,Shasta Valley,Siskiyou,102,Irrigation,Single Well,127502,1990-08-09 00:00:00 - 2020-04-10 12:00:00,60,-122.393,41.6083
416083N1223932W001,2179152,2009-04-07T00:00:00Z,2661.1,2660.8,0,46.1,2615,46.1,45.8,Pumping,Unknown,Water level accuracy to nearest tenth of a foot,1,Department of Water Resources,NA,1,Department of Water Resources,NA,NA,50631,43N05W02C002M,SV03A,Unknown,Unknown,1-004,Shasta Valley,Siskiyou,102,Irrigation,Single Well,127502,1990-08-09 00:00:00 - 2020-04-10 12:00:00,60,-122.393,41.6083
416083N1223932W001,2179151,2008-10-29T00:00:00Z,2661.1,2660.8,0,44,2617.1,44,43.7,NA,Unknown,Water level accuracy to nearest tenth of a foot,1,Department of Water Resources,NA,1,Department of Water Resources,NA,NA,50631,43N05W02C002M,SV03A,Unknown,Unknown,1-004,Shasta Valley,Siskiyou,102,Irrigation,Single Well,127502,1990-08-09 00:00:00 - 2020-04-10 12:00:00,60,-122.393,41.6083
416083N1223932W001,2179150,2008-03-28T00:00:00Z,2661.1,2660.8,0,44,2617.1,44,43.7,NA,Unknown,Water level accuracy to nearest tenth of a foot,1,Department of Water Resources,NA,1,Department of Water Resources,NA,NA,50631,43N05W02C002M,SV03A,Unknown,Unknown,1-004,Shasta Valley,Siskiyou,102,Irrigation,Single Well,127502,1990-08-09 00:00:00 - 2020-04-10 12:00:00,60,-122.393,41.6083
416083N1223932W001,2179149,2007-10-24T00:00:00Z,2661.1,2660.8,0,44,2617.1,44,43.7,NA,Unknown,Water level accuracy to nearest tenth of a foot,1,Department of Water Resources,NA,1,Department of Water Resources,NA,NA,50631,43N05W02C002M,SV03A,Unknown,Unknown,1-004,Shasta Valley,Siskiyou,102,Irrigation,Single Well,127502,1990-08-09 00:00:00 - 2020-04-10 12:00:00,60,-122.393,41.6083
416083N1223932W001,2179148,2007-03-28T00:00:00Z,2661.1,2660.8,60.9,105,2617,44.1,43.8,NA,Steel tape measurement,Water level accuracy to nearest tenth of a foot,1,Department of Water Resources,NA,1,Department of Water Resources,NA,NA,50631,43N05W02C002M,SV03A,Unknown,Unknown,1-004,Shasta Valley,Siskiyou,102,Irrigation,Single Well,127502,1990-08-09 00:00:00 - 2020-04-10 12:00:00,60,-122.393,41.6083
416083N1223932W001,2179147,2006-10-17T00:00:00Z,2661.1,2660.8,0,43.1,2618,43.1,42.8,NA,Unknown,Water level accuracy to nearest tenth of a foot,1,Department of Water Resources,NA,1,Department of Water Resources,NA,NA,50631,43N05W02C002M,SV03A,Unknown,Unknown,1-004,Shasta Valley,Siskiyou,102,Irrigation,Single Well,127502,1990-08-09 00:00:00 - 2020-04-10 12:00:00,60,-122.393,41.6083
416083N1223932W001,2179146,2006-04-20T00:00:00Z,2661.1,2660.8,0,43.5,2617.6,43.5,43.2,NA,Unknown,Water level accuracy to nearest tenth of a foot,1,Department of Water Resources,NA,1,Department of Water Resources,NA,NA,50631,43N05W02C002M,SV03A,Unknown,Unknown,1-004,Shasta Valley,Siskiyou,102,Irrigation,Single Well,127502,1990-08-09 00:00:00 - 2020-04-10 12:00:00,60,-122.393,41.6083
416083N1223932W001,2179145,2005-10-13T00:00:00Z,2661.1,2660.8,59.9,110,2611,50.1,49.8,Pumping,Steel tape measurement,Water level accuracy to nearest tenth of a foot,1,Department of Water Resources,NA,1,Department of Water Resources,NA,NA,50631,43N05W02C002M,SV03A,Unknown,Unknown,1-004,Shasta Valley,Siskiyou,102,Irrigation,Single Well,127502,1990-08-09 00:00:00 - 2020-04-10 12:00:00,60,-122.393,41.6083
416083N1223932W001,2179144,2005-03-29T00:00:00Z,2661.1,2660.8,0,46,2615.1,46,45.7,Pumping,Unknown,Water level accuracy to nearest tenth of a foot,1,Department of Water Resources,NA,1,Department of Water Resources,NA,NA,50631,43N05W02C002M,SV03A,Unknown,Unknown,1-004,Shasta Valley,Siskiyou,102,Irrigation,Single Well,127502,1990-08-09 00:00:00 - 2020-04-10 12:00:00,60,-122.393,41.6083
416083N1223932W001,2179143,2004-10-29T00:00:00Z,2661.1,2660.8,NA,NA,NA,NA,NA,Special/Other,NA,NA,1,Department of Water Resources,MEASURED WRONG WELL,1,Department of Water Resources,NA,NA,50631,43N05W02C002M,SV03A,Unknown,Unknown,1-004,Shasta Valley,Siskiyou,102,Irrigation,Single Well,127502,1990-08-09 00:00:00 - 2020-04-10 12:00:00,60,-122.393,41.6083
416083N1223932W001,2179142,2004-03-29T00:00:00Z,2661.1,2660.8,1.3,46,2616.4,44.7,44.4,NA,Steel tape measurement,Water level accuracy to nearest tenth of a foot,1,Department of Water Resources,NA,1,Department of Water Resources,NA,NA,50631,43N05W02C002M,SV03A,Unknown,Unknown,1-004,Shasta Valley,Siskiyou,102,Irrigation,Single Well,127502,1990-08-09 00:00:00 - 2020-04-10 12:00:00,60,-122.393,41.6083
416083N1223932W001,2179141,2003-10-07T00:00:00Z,2661.1,2660.8,4.4,49,2616.5,44.6,44.3,NA,Steel tape measurement,Water level accuracy to nearest tenth of a foot,1,Department of Water Resources,NA,1,Department of Water Resources,NA,NA,50631,43N05W02C002M,SV03A,Unknown,Unknown,1-004,Shasta Valley,Siskiyou,102,Irrigation,Single Well,127502,1990-08-09 00:00:00 - 2020-04-10 12:00:00,60,-122.393,41.6083
416083N1223932W001,2179140,2003-03-24T00:00:00Z,2661.1,2660.8,6.1,50,2617.2,43.9,43.6,NA,Steel tape measurement,Water level accuracy to nearest tenth of a foot,1,Department of Water Resources,NA,1,Department of Water Resources,NA,NA,50631,43N05W02C002M,SV03A,Unknown,Unknown,1-004,Shasta Valley,Siskiyou,102,Irrigation,Single Well,127502,1990-08-09 00:00:00 - 2020-04-10 12:00:00,60,-122.393,41.6083
416083N1223932W001,2179139,2002-10-10T00:00:00Z,2661.1,2660.8,5,68,2598.1,63,62.7,Pumping,Steel tape measurement,Water level accuracy to nearest tenth of a foot,1,Department of Water Resources,NA,1,Department of Water Resources,NA,NA,50631,43N05W02C002M,SV03A,Unknown,Unknown,1-004,Shasta Valley,Siskiyou,102,Irrigation,Single Well,127502,1990-08-09 00:00:00 - 2020-04-10 12:00:00,60,-122.393,41.6083
416083N1223932W001,2179138,2002-03-27T00:00:00Z,2661.1,2660.8,15.8,60,2616.9,44.2,43.9,NA,Steel tape measurement,Water level accuracy to nearest tenth of a foot,1,Department of Water Resources,NA,1,Department of Water Resources,NA,NA,50631,43N05W02C002M,SV03A,Unknown,Unknown,1-004,Shasta Valley,Siskiyou,102,Irrigation,Single Well,127502,1990-08-09 00:00:00 - 2020-04-10 12:00:00,60,-122.393,41.6083
416083N1223932W001,2179137,2001-10-30T00:00:00Z,2661.1,2660.8,10.7,55,2616.8,44.3,44,NA,Steel tape measurement,Water level accuracy to nearest tenth of a foot,1,Department of Water Resources,NA,1,Department of Water Resources,NA,NA,50631,43N05W02C002M,SV03A,Unknown,Unknown,1-004,Shasta Valley,Siskiyou,102,Irrigation,Single Well,127502,1990-08-09 00:00:00 - 2020-04-10 12:00:00,60,-122.393,41.6083
416083N1223932W001,2179136,2001-04-02T00:00:00Z,2661.1,2660.8,NA,NA,NA,NA,NA,Pumping,NA,NA,1,Department of Water Resources,NA,1,Department of Water Resources,NA,NA,50631,43N05W02C002M,SV03A,Unknown,Unknown,1-004,Shasta Valley,Siskiyou,102,Irrigation,Single Well,127502,1990-08-09 00:00:00 - 2020-04-10 12:00:00,60,-122.393,41.6083
416083N1223932W001,2179135,2000-10-09T00:00:00Z,2661.1,2660.8,1.6,45,2617.7,43.4,43.1,NA,Steel tape measurement,Water level accuracy to nearest tenth of a foot,1,Department of Water Resources,NA,1,Department of Water Resources,NA,NA,50631,43N05W02C002M,SV03A,Unknown,Unknown,1-004,Shasta Valley,Siskiyou,102,Irrigation,Single Well,127502,1990-08-09 00:00:00 - 2020-04-10 12:00:00,60,-122.393,41.6083
416083N1223932W001,2179134,2000-03-22T00:00:00Z,2661.1,2660.8,0.3,45,2616.4,44.7,44.4,NA,Steel tape measurement,Water level accuracy to nearest tenth of a foot,1,Department of Water Resources,NA,1,Department of Water Resources,NA,NA,50631,43N05W02C002M,SV03A,Unknown,Unknown,1-004,Shasta Valley,Siskiyou,102,Irrigation,Single Well,127502,1990-08-09 00:00:00 - 2020-04-10 12:00:00,60,-122.393,41.6083
416083N1223932W001,2179133,1999-10-25T00:00:00Z,2661.1,2660.8,4,48,2617.1,44,43.7,NA,Steel tape measurement,Water level accuracy to nearest tenth of a foot,1,Department of Water Resources,NA,1,Department of Water Resources,NA,NA,50631,43N05W02C002M,SV03A,Unknown,Unknown,1-004,Shasta Valley,Siskiyou,102,Irrigation,Single Well,127502,1990-08-09 00:00:00 - 2020-04-10 12:00:00,60,-122.393,41.6083
416083N1223932W001,2179132,1999-03-15T00:00:00Z,2661.1,2660.8,0.7,45,2616.8,44.3,44,NA,Steel tape measurement,Water level accuracy to nearest tenth of a foot,1,Department of Water Resources,NA,1,Department of Water Resources,NA,NA,50631,43N05W02C002M,SV03A,Unknown,Unknown,1-004,Shasta Valley,Siskiyou,102,Irrigation,Single Well,127502,1990-08-09 00:00:00 - 2020-04-10 12:00:00,60,-122.393,41.6083
416083N1223932W001,2179131,1998-10-27T00:00:00Z,2661.1,2660.8,2.6,50,2613.7,47.4,47.1,NA,Steel tape measurement,Water level accuracy to nearest tenth of a foot,1,Department of Water Resources,NA,1,Department of Water Resources,NA,NA,50631,43N05W02C002M,SV03A,Unknown,Unknown,1-004,Shasta Valley,Siskiyou,102,Irrigation,Single Well,127502,1990-08-09 00:00:00 - 2020-04-10 12:00:00,60,-122.393,41.6083
416083N1223932W001,2179130,1998-03-31T00:00:00Z,2661.1,2660.8,0.4,45,2616.5,44.6,44.3,NA,Steel tape measurement,Water level accuracy to nearest tenth of a foot,1,Department of Water Resources,NA,1,Department of Water Resources,NA,NA,50631,43N05W02C002M,SV03A,Unknown,Unknown,1-004,Shasta Valley,Siskiyou,102,Irrigation,Single Well,127502,1990-08-09 00:00:00 - 2020-04-10 12:00:00,60,-122.393,41.6083
416083N1223932W001,2179129,1997-10-22T00:00:00Z,2661.1,2660.8,5.2,50,2616.3,44.8,44.5,NA,Steel tape measurement,Water level accuracy to nearest tenth of a foot,1,Department of Water Resources,NA,1,Department of Water Resources,NA,NA,50631,43N05W02C002M,SV03A,Unknown,Unknown,1-004,Shasta Valley,Siskiyou,102,Irrigation,Single Well,127502,1990-08-09 00:00:00 - 2020-04-10 12:00:00,60,-122.393,41.6083
416083N1223932W001,2179128,1997-03-10T00:00:00Z,2661.1,2660.8,10,55,2616.1,45,44.7,NA,Steel tape measurement,Water level accuracy to nearest tenth of a foot,1,Department of Water Resources,NA,1,Department of Water Resources,NA,NA,50631,43N05W02C002M,SV03A,Unknown,Unknown,1-004,Shasta Valley,Siskiyou,102,Irrigation,Single Well,127502,1990-08-09 00:00:00 - 2020-04-10 12:00:00,60,-122.393,41.6083
416083N1223932W001,2179127,1996-10-23T00:00:00Z,2661.1,2660.8,10.2,55,2616.3,44.8,44.5,NA,Steel tape measurement,Water level accuracy to nearest tenth of a foot,1,Department of Water Resources,NA,1,Department of Water Resources,NA,NA,50631,43N05W02C002M,SV03A,Unknown,Unknown,1-004,Shasta Valley,Siskiyou,102,Irrigation,Single Well,127502,1990-08-09 00:00:00 - 2020-04-10 12:00:00,60,-122.393,41.6083
416083N1223932W001,2179126,1996-04-12T00:00:00Z,2661.1,2660.8,6,51,2616.1,45,44.7,Oil or foreign substance in casing,Steel tape measurement,Water level accuracy to nearest tenth of a foot,1,Department of Water Resources,NA,1,Department of Water Resources,NA,NA,50631,43N05W02C002M,SV03A,Unknown,Unknown,1-004,Shasta Valley,Siskiyou,102,Irrigation,Single Well,127502,1990-08-09 00:00:00 - 2020-04-10 12:00:00,60,-122.393,41.6083
416083N1223932W001,2179125,1995-10-18T00:00:00Z,2661.1,2660.8,17.4,65,2613.5,47.6,47.3,Oil or foreign substance in casing,Steel tape measurement,Water level accuracy to nearest tenth of a foot,1,Department of Water Resources,NA,1,Department of Water Resources,NA,NA,50631,43N05W02C002M,SV03A,Unknown,Unknown,1-004,Shasta Valley,Siskiyou,102,Irrigation,Single Well,127502,1990-08-09 00:00:00 - 2020-04-10 12:00:00,60,-122.393,41.6083
416083N1223932W001,2179124,1995-03-30T00:00:00Z,2661.1,2660.8,0,45.1,2616,45.1,44.8,Oil or foreign substance in casing,Electric sounder measurement,Water level accuracy to nearest tenth of a foot,1,Department of Water Resources,NA,1,Department of Water Resources,NA,NA,50631,43N05W02C002M,SV03A,Unknown,Unknown,1-004,Shasta Valley,Siskiyou,102,Irrigation,Single Well,127502,1990-08-09 00:00:00 - 2020-04-10 12:00:00,60,-122.393,41.6083
416083N1223932W001,2179123,1994-03-31T00:00:00Z,2661.1,2660.8,-0.5,45,2615.6,45.5,45.2,NA,Steel tape measurement,Water level accuracy to nearest tenth of a foot,1,Department of Water Resources,NA,1,Department of Water Resources,NA,NA,50631,43N05W02C002M,SV03A,Unknown,Unknown,1-004,Shasta Valley,Siskiyou,102,Irrigation,Single Well,127502,1990-08-09 00:00:00 - 2020-04-10 12:00:00,60,-122.393,41.6083
416083N1223932W001,2179122,1993-10-15T00:00:00Z,2661.1,2660.8,6.3,50,2617.4,43.7,43.4,NA,Steel tape measurement,Water level accuracy to nearest tenth of a foot,1,Department of Water Resources,NA,1,Department of Water Resources,NA,NA,50631,43N05W02C002M,SV03A,Unknown,Unknown,1-004,Shasta Valley,Siskiyou,102,Irrigation,Single Well,127502,1990-08-09 00:00:00 - 2020-04-10 12:00:00,60,-122.393,41.6083
416083N1223932W001,2179121,1993-03-16T00:00:00Z,2661.1,2660.8,5,50,2616.1,45,44.7,NA,Steel tape measurement,Water level accuracy to nearest tenth of a foot,1,Department of Water Resources,NA,1,Department of Water Resources,NA,NA,50631,43N05W02C002M,SV03A,Unknown,Unknown,1-004,Shasta Valley,Siskiyou,102,Irrigation,Single Well,127502,1990-08-09 00:00:00 - 2020-04-10 12:00:00,60,-122.393,41.6083
416083N1223932W001,2179120,1992-10-20T00:00:00Z,2661.1,2660.8,0,45.3,2615.8,45.3,45,NA,Electric sounder measurement,Water level accuracy to nearest tenth of a foot,1,Department of Water Resources,NA,1,Department of Water Resources,NA,NA,50631,43N05W02C002M,SV03A,Unknown,Unknown,1-004,Shasta Valley,Siskiyou,102,Irrigation,Single Well,127502,1990-08-09 00:00:00 - 2020-04-10 12:00:00,60,-122.393,41.6083
416083N1223932W001,2179119,1992-03-03T00:00:00Z,2661.1,2660.8,3,50,2614.1,47,46.7,NA,Steel tape measurement,Water level accuracy to nearest tenth of a foot,1,Department of Water Resources,NA,1,Department of Water Resources,NA,NA,50631,43N05W02C002M,SV03A,Unknown,Unknown,1-004,Shasta Valley,Siskiyou,102,Irrigation,Single Well,127502,1990-08-09 00:00:00 - 2020-04-10 12:00:00,60,-122.393,41.6083
416083N1223932W001,2179118,1991-10-01T00:00:00Z,2661.1,2660.8,0.6,50,2611.7,49.4,49.1,Pumping,Steel tape measurement,Water level accuracy to nearest tenth of a foot,1,Department of Water Resources,NA,1,Department of Water Resources,NA,NA,50631,43N05W02C002M,SV03A,Unknown,Unknown,1-004,Shasta Valley,Siskiyou,102,Irrigation,Single Well,127502,1990-08-09 00:00:00 - 2020-04-10 12:00:00,60,-122.393,41.6083
416083N1223932W001,2179117,1991-03-19T00:00:00Z,2661.1,2660.8,1.9,47,2616,45.1,44.8,NA,Steel tape measurement,Water level accuracy to nearest tenth of a foot,1,Department of Water Resources,NA,1,Department of Water Resources,NA,NA,50631,43N05W02C002M,SV03A,Unknown,Unknown,1-004,Shasta Valley,Siskiyou,102,Irrigation,Single Well,127502,1990-08-09 00:00:00 - 2020-04-10 12:00:00,60,-122.393,41.6083
416083N1223932W001,2179116,1990-10-01T00:00:00Z,2661.1,2660.8,3.8,50,2614.9,46.2,45.9,NA,Steel tape measurement,Water level accuracy to nearest tenth of a foot,1,Department of Water Resources,NA,1,Department of Water Resources,NA,NA,50631,43N05W02C002M,SV03A,Unknown,Unknown,1-004,Shasta Valley,Siskiyou,102,Irrigation,Single Well,127502,1990-08-09 00:00:00 - 2020-04-10 12:00:00,60,-122.393,41.6083
416083N1223932W001,2179115,1990-08-09T00:00:00Z,2661.1,2660.8,1.8,50,2612.9,48.2,47.9,Pumping,Steel tape measurement,Water level accuracy to nearest tenth of a foot,1,Department of Water Resources,NA,1,Department of Water Resources,NA,NA,50631,43N05W02C002M,SV03A,Unknown,Unknown,1-004,Shasta Valley,Siskiyou,102,Irrigation,Single Well,127502,1990-08-09 00:00:00 - 2020-04-10 12:00:00,60,-122.393,41.6083
