SITE_CODE,WLM_ID,MSMT_DATE,WLM_RPE,WLM_GSE,RDNG_WS,RDNG_RP,WSE,RPE_WSE,GSE_WSE,WLM_QA_DESC,WLM_DESC,WLM_ACC_DESC,WLM_ORG_ID,WLM_ORG_NAME,MSMT_CMT,COOP_AGENCY_ORG_ID,COOP_ORG_NAME,TOP_PRF,BOT_PRF,STN_ID,SWN,WELL_NAME,WLM_METHOD,WLM_ACC,BASIN_CODE,BASIN_NAME,COUNTY_NAME,WELL_DEPTH,WELL_USE,WELL_TYPE,WCR_NO,t_range,n_samples,season,fall_high,fall_low,spring_high,spring_low,water_year,Oct.Mar,Apr.Jul,WYsum,Index,water_year_type,region,water_year_start,water_year_end,X,Y
416191N1223997W001,2619094,2020-04-10T12:00:00Z,2640.7,2640.4,NA,NA,NA,NA,NA,Pumping,NA,NA,1,Department of Water Resources,NA,1,Department of Water Resources,NA,NA,24040,44N05W34H001M,44N05W34H001M,Digital Elevation Model,Unknown,1-004,Shasta Valley,Siskiyou,96,Irrigation,Single Well,USGS,1952-11-02 00:00:00 - 2020-04-10 12:00:00,139,spring,NA,NA,27.1,36.7,2019,13.11,10.66,24.77,10.34,Wet,SAC,2019-10-01T00:00:00Z,2020-10-01T00:00:00Z,-122.4,41.6191
416191N1223997W001,2480401,2019-10-25T12:00:00Z,2640.7,2640.4,10.3,40,2611,29.7,29.4,NA,Steel tape measurement,Water level accuracy to nearest tenth of a foot,1,Department of Water Resources,NA,1,Department of Water Resources,NA,NA,24040,44N05W34H001M,44N05W34H001M,Digital Elevation Model,Unknown,1-004,Shasta Valley,Siskiyou,96,Irrigation,Single Well,USGS,1952-11-02 00:00:00 - 2020-04-10 12:00:00,139,fall,8.2,42.5,NA,NA,2019,13.11,10.66,24.77,10.34,Wet,SAC,2019-10-01T00:00:00Z,2020-10-01T00:00:00Z,-122.4,41.6191
416191N1223997W001,2452858,2019-04-04T12:00:00Z,2640.7,2640.4,4.7,35,2610.4,30.3,30,NA,Steel tape measurement,Water level accuracy to nearest tenth of a foot,1,Department of Water Resources,NA,1,Department of Water Resources,NA,NA,24040,44N05W34H001M,44N05W34H001M,Digital Elevation Model,Unknown,1-004,Shasta Valley,Siskiyou,96,Irrigation,Single Well,USGS,1952-11-02 00:00:00 - 2020-04-10 12:00:00,139,spring,NA,NA,27.1,36.7,2018,7.09,5.05,12.86,7.14,Below Normal,SAC,2018-10-01T00:00:00Z,2019-10-01T00:00:00Z,-122.4,41.6191
416191N1223997W001,2413600,2018-10-22T12:00:00Z,2640.7,2640.4,10,40,2610.7,30,29.7,NA,Steel tape measurement,Water level accuracy to nearest tenth of a foot,1,Department of Water Resources,NA,1,Department of Water Resources,NA,NA,24040,44N05W34H001M,44N05W34H001M,Digital Elevation Model,Unknown,1-004,Shasta Valley,Siskiyou,96,Irrigation,Single Well,USGS,1952-11-02 00:00:00 - 2020-04-10 12:00:00,139,fall,8.2,42.5,NA,NA,2018,7.09,5.05,12.86,7.14,Below Normal,SAC,2018-10-01T00:00:00Z,2019-10-01T00:00:00Z,-122.4,41.6191
416191N1223997W001,2286538,2018-03-26T12:00:00Z,2640.7,2640.4,10.1,40,2610.8,29.9,29.6,NA,Steel tape measurement,Water level accuracy to nearest tenth of a foot,1,Department of Water Resources,NA,1,Department of Water Resources,NA,NA,24040,44N05W34H001M,44N05W34H001M,Digital Elevation Model,Unknown,1-004,Shasta Valley,Siskiyou,96,Irrigation,Single Well,USGS,1952-11-02 00:00:00 - 2020-04-10 12:00:00,139,spring,NA,NA,27.1,36.7,2017,26.17,10.69,37.82,14.14,Wet,SAC,2017-10-01T00:00:00Z,2018-10-01T00:00:00Z,-122.4,41.6191
416191N1223997W001,2266743,2017-10-18T12:00:00Z,2640.7,2640.4,11.2,40,2611.9,28.8,28.5,Oil or foreign substance in casing,Steel tape measurement,Water level accuracy to nearest tenth of a foot,1,Department of Water Resources,Oil in casing,1,Department of Water Resources,NA,NA,24040,44N05W34H001M,44N05W34H001M,Digital Elevation Model,Unknown,1-004,Shasta Valley,Siskiyou,96,Irrigation,Single Well,USGS,1952-11-02 00:00:00 - 2020-04-10 12:00:00,139,fall,8.2,42.5,NA,NA,2017,26.17,10.69,37.82,14.14,Wet,SAC,2017-10-01T00:00:00Z,2018-10-01T00:00:00Z,-122.4,41.6191
416191N1223997W001,2241473,2017-03-22T12:00:00Z,2640.7,2640.4,0.08,30,2610.78,29.92,29.62,Oil or foreign substance in casing,Steel tape measurement,Water level accuracy to nearest tenth of a foot,1,Department of Water Resources,NA,1,Department of Water Resources,NA,NA,24040,44N05W34H001M,44N05W34H001M,Digital Elevation Model,Unknown,1-004,Shasta Valley,Siskiyou,96,Irrigation,Single Well,USGS,1952-11-02 00:00:00 - 2020-04-10 12:00:00,139,spring,NA,NA,27.1,36.7,2016,12.24,4.6,17.48,6.71,Below Normal,SAC,2016-10-01T00:00:00Z,2017-10-01T00:00:00Z,-122.4,41.6191
416191N1223997W001,2214934,2016-10-21T12:00:00Z,2640.7,2640.4,15.6,45,2611.3,29.4,29.1,Oil or foreign substance in casing,Steel tape measurement,Water level accuracy to nearest tenth of a foot,1,Department of Water Resources,NA,1,Department of Water Resources,NA,NA,24040,44N05W34H001M,44N05W34H001M,Digital Elevation Model,Unknown,1-004,Shasta Valley,Siskiyou,96,Irrigation,Single Well,USGS,1952-11-02 00:00:00 - 2020-04-10 12:00:00,139,fall,8.2,42.5,NA,NA,2016,12.24,4.6,17.48,6.71,Below Normal,SAC,2016-10-01T00:00:00Z,2017-10-01T00:00:00Z,-122.4,41.6191
416191N1223997W001,2189521,2016-04-06T00:00:00Z,2640.7,2640.4,NA,NA,NA,NA,NA,Pumping,NA,NA,1,Department of Water Resources,NA,1,Department of Water Resources,NA,NA,24040,44N05W34H001M,44N05W34H001M,Digital Elevation Model,Unknown,1-004,Shasta Valley,Siskiyou,96,Irrigation,Single Well,USGS,1952-11-02 00:00:00 - 2020-04-10 12:00:00,139,spring,NA,NA,27.1,36.7,2015,6.91,1.77,9.23,4,Critical,SAC,2015-10-01T00:00:00Z,2016-10-01T00:00:00Z,-122.4,41.6191
416191N1223997W001,2165290,2015-10-20T00:00:00Z,2640.7,2640.4,14.5,45,2610.2,30.5,30.2,Oil or foreign substance in casing,Steel tape measurement,Water level accuracy to nearest tenth of a foot,1,Department of Water Resources,NA,1,Department of Water Resources,NA,NA,24040,44N05W34H001M,44N05W34H001M,Digital Elevation Model,Unknown,1-004,Shasta Valley,Siskiyou,96,Irrigation,Single Well,USGS,1952-11-02 00:00:00 - 2020-04-10 12:00:00,139,fall,8.2,42.5,NA,NA,2015,6.91,1.77,9.23,4,Critical,SAC,2015-10-01T00:00:00Z,2016-10-01T00:00:00Z,-122.4,41.6191
416191N1223997W001,2189785,2015-04-02T00:00:00Z,2640.7,2640.4,NA,NA,NA,NA,NA,Pumping,NA,NA,1,Department of Water Resources,NA,1,Department of Water Resources,NA,NA,24040,44N05W34H001M,44N05W34H001M,Digital Elevation Model,Unknown,1-004,Shasta Valley,Siskiyou,96,Irrigation,Single Well,USGS,1952-11-02 00:00:00 - 2020-04-10 12:00:00,139,spring,NA,NA,27.1,36.7,2014,4.29,2.59,7.46,4.07,Critical,SAC,2014-10-01T00:00:00Z,2015-10-01T00:00:00Z,-122.4,41.6191
416191N1223997W001,2029962,2014-10-29T00:00:00Z,2640.7,2640.4,3.5,31,2613.2,27.5,27.2,Oil or foreign substance in casing,Steel tape measurement,Water level accuracy to nearest tenth of a foot,1,Department of Water Resources,NA,1,Department of Water Resources,NA,NA,24040,44N05W34H001M,44N05W34H001M,Digital Elevation Model,Unknown,1-004,Shasta Valley,Siskiyou,96,Irrigation,Single Well,USGS,1952-11-02 00:00:00 - 2020-04-10 12:00:00,139,fall,8.2,42.5,NA,NA,2014,4.29,2.59,7.46,4.07,Critical,SAC,2014-10-01T00:00:00Z,2015-10-01T00:00:00Z,-122.4,41.6191
416191N1223997W001,1884048,2014-03-24T00:00:00Z,2640.7,2640.4,15,45,2610.7,30,29.7,Oil or foreign substance in casing,Steel tape measurement,Water level accuracy to nearest tenth of a foot,1,Department of Water Resources,NA,1,Department of Water Resources,NA,NA,24040,44N05W34H001M,44N05W34H001M,Digital Elevation Model,Unknown,1-004,Shasta Valley,Siskiyou,96,Irrigation,Single Well,USGS,1952-11-02 00:00:00 - 2020-04-10 12:00:00,139,spring,NA,NA,27.1,36.7,2013,8.52,3.01,12.19,5.83,Dry,SAC,2013-10-01T00:00:00Z,2014-10-01T00:00:00Z,-122.4,41.6191
416191N1223997W001,1797154,2013-10-24T00:00:00Z,2640.7,2640.4,18.5,50,2609.2,31.5,31.2,NA,Steel tape measurement,Water level accuracy to nearest tenth of a foot,1,Department of Water Resources,NA,1,Department of Water Resources,NA,NA,24040,44N05W34H001M,44N05W34H001M,Digital Elevation Model,Unknown,1-004,Shasta Valley,Siskiyou,96,Irrigation,Single Well,USGS,1952-11-02 00:00:00 - 2020-04-10 12:00:00,139,fall,8.2,42.5,NA,NA,2013,8.52,3.01,12.19,5.83,Dry,SAC,2013-10-01T00:00:00Z,2014-10-01T00:00:00Z,-122.4,41.6191
416191N1223997W001,1684664,2013-03-25T00:00:00Z,2640.7,2640.4,NA,NA,NA,NA,NA,Pumping,NA,NA,1,Department of Water Resources,"Pumping, irrigating field",1,Department of Water Resources,NA,NA,24040,44N05W34H001M,44N05W34H001M,Digital Elevation Model,Unknown,1-004,Shasta Valley,Siskiyou,96,Irrigation,Single Well,USGS,1952-11-02 00:00:00 - 2020-04-10 12:00:00,139,spring,NA,NA,27.1,36.7,2012,5.69,5.46,11.84,6.89,Below Normal,SAC,2012-10-01T00:00:00Z,2013-10-01T00:00:00Z,-122.4,41.6191
416191N1223997W001,69695,2012-10-26T00:00:00Z,2640.7,2640.4,14.6,45,2610.3,30.4,30.1,Oil or foreign substance in casing,Steel tape measurement,Water level accuracy to nearest tenth of a foot,1,Department of Water Resources,NA,1,Department of Water Resources,NA,NA,24040,44N05W34H001M,44N05W34H001M,Digital Elevation Model,Unknown,1-004,Shasta Valley,Siskiyou,96,Irrigation,Single Well,USGS,1952-11-02 00:00:00 - 2020-04-10 12:00:00,139,fall,8.2,42.5,NA,NA,2012,5.69,5.46,11.84,6.89,Below Normal,SAC,2012-10-01T00:00:00Z,2013-10-01T00:00:00Z,-122.4,41.6191
416191N1223997W001,59885,2012-04-18T00:00:00Z,2640.7,2640.4,2.6,38,2605.3,35.4,35.1,Oil or foreign substance in casing,Steel tape measurement,Water level accuracy to nearest tenth of a foot,1,Department of Water Resources,NA,1,Department of Water Resources,NA,NA,24040,44N05W34H001M,44N05W34H001M,Digital Elevation Model,Unknown,1-004,Shasta Valley,Siskiyou,96,Irrigation,Single Well,USGS,1952-11-02 00:00:00 - 2020-04-10 12:00:00,139,spring,NA,NA,27.1,36.7,2011,12.68,11.53,25.21,10.54,Wet,SAC,2011-10-01T00:00:00Z,2012-10-01T00:00:00Z,-122.4,41.6191
416191N1223997W001,39864,2011-10-20T00:00:00Z,2640.7,2640.4,0,8.5,2632.2,8.5,8.2,Oil or foreign substance in casing,Steel tape measurement,Water level accuracy to nearest tenth of a foot,1,Department of Water Resources,NA,1,Department of Water Resources,NA,NA,24040,44N05W34H001M,44N05W34H001M,Digital Elevation Model,Unknown,1-004,Shasta Valley,Siskiyou,96,Irrigation,Single Well,USGS,1952-11-02 00:00:00 - 2020-04-10 12:00:00,139,fall,8.2,42.5,NA,NA,2011,12.68,11.53,25.21,10.54,Wet,SAC,2011-10-01T00:00:00Z,2012-10-01T00:00:00Z,-122.4,41.6191
416191N1223997W001,1789650,2011-10-20T00:00:00Z,2640.7,2640.4,0,8.5,2632.2,8.5,8.2,Oil or foreign substance in casing,Unknown,Water level accuracy is unknown,1,Department of Water Resources,NA,1,Department of Water Resources,NA,NA,24040,44N05W34H001M,44N05W34H001M,Digital Elevation Model,Unknown,1-004,Shasta Valley,Siskiyou,96,Irrigation,Single Well,USGS,1952-11-02 00:00:00 - 2020-04-10 12:00:00,139,fall,8.2,42.5,NA,NA,2011,12.68,11.53,25.21,10.54,Wet,SAC,2011-10-01T00:00:00Z,2012-10-01T00:00:00Z,-122.4,41.6191
416191N1223997W001,1789649,2011-04-21T00:00:00Z,2640.7,2640.4,0,32.5,2608.2,32.5,32.2,Oil or foreign substance in casing,Unknown,Water level accuracy is unknown,1,Department of Water Resources,NA,1,Department of Water Resources,NA,NA,24040,44N05W34H001M,44N05W34H001M,Digital Elevation Model,Unknown,1-004,Shasta Valley,Siskiyou,96,Irrigation,Single Well,USGS,1952-11-02 00:00:00 - 2020-04-10 12:00:00,139,spring,NA,NA,27.1,36.7,2010,7.45,7.78,16.01,7.08,Below Normal,SAC,2010-10-01T00:00:00Z,2011-10-01T00:00:00Z,-122.4,41.6191
416191N1223997W001,1789648,2010-10-26T00:00:00Z,2640.7,2640.4,0,36,2604.7,36,35.7,Oil or foreign substance in casing,Unknown,Water level accuracy is unknown,1,Department of Water Resources,NA,1,Department of Water Resources,NA,NA,24040,44N05W34H001M,44N05W34H001M,Digital Elevation Model,Unknown,1-004,Shasta Valley,Siskiyou,96,Irrigation,Single Well,USGS,1952-11-02 00:00:00 - 2020-04-10 12:00:00,139,fall,8.2,42.5,NA,NA,2010,7.45,7.78,16.01,7.08,Below Normal,SAC,2010-10-01T00:00:00Z,2011-10-01T00:00:00Z,-122.4,41.6191
416191N1223997W001,1789647,2010-04-01T00:00:00Z,2640.7,2640.4,0,35.4,2605.3,35.4,35.1,Oil or foreign substance in casing,Unknown,Water level accuracy is unknown,1,Department of Water Resources,NA,1,Department of Water Resources,NA,NA,24040,44N05W34H001M,44N05W34H001M,Digital Elevation Model,Unknown,1-004,Shasta Valley,Siskiyou,96,Irrigation,Single Well,USGS,1952-11-02 00:00:00 - 2020-04-10 12:00:00,139,spring,NA,NA,27.1,36.7,2009,7.05,5.3,13.02,5.78,Dry,SAC,2009-10-01T00:00:00Z,2010-10-01T00:00:00Z,-122.4,41.6191
416191N1223997W001,1789646,2009-10-28T00:00:00Z,2640.7,2640.4,0,35,2605.7,35,34.7,Oil or foreign substance in casing,Unknown,Water level accuracy is unknown,1,Department of Water Resources,NA,1,Department of Water Resources,NA,NA,24040,44N05W34H001M,44N05W34H001M,Digital Elevation Model,Unknown,1-004,Shasta Valley,Siskiyou,96,Irrigation,Single Well,USGS,1952-11-02 00:00:00 - 2020-04-10 12:00:00,139,fall,8.2,42.5,NA,NA,2009,7.05,5.3,13.02,5.78,Dry,SAC,2009-10-01T00:00:00Z,2010-10-01T00:00:00Z,-122.4,41.6191
416191N1223997W001,1789645,2009-04-07T00:00:00Z,2640.7,2640.4,0,36.4,2604.3,36.4,36.1,Oil or foreign substance in casing,Unknown,Water level accuracy is unknown,1,Department of Water Resources,NA,1,Department of Water Resources,NA,NA,24040,44N05W34H001M,44N05W34H001M,Digital Elevation Model,Unknown,1-004,Shasta Valley,Siskiyou,96,Irrigation,Single Well,USGS,1952-11-02 00:00:00 - 2020-04-10 12:00:00,139,spring,NA,NA,27.1,36.7,2008,5.9,3.82,10.28,5.16,Critical,SAC,2008-10-01T00:00:00Z,2009-10-01T00:00:00Z,-122.4,41.6191
416191N1223997W001,1789644,2008-10-29T00:00:00Z,2640.7,2640.4,0,29.3,2611.4,29.3,29,Oil or foreign substance in casing,Unknown,Water level accuracy is unknown,1,Department of Water Resources,NA,1,Department of Water Resources,NA,NA,24040,44N05W34H001M,44N05W34H001M,Digital Elevation Model,Unknown,1-004,Shasta Valley,Siskiyou,96,Irrigation,Single Well,USGS,1952-11-02 00:00:00 - 2020-04-10 12:00:00,139,fall,8.2,42.5,NA,NA,2008,5.9,3.82,10.28,5.16,Critical,SAC,2008-10-01T00:00:00Z,2009-10-01T00:00:00Z,-122.4,41.6191
416191N1223997W001,1789643,2008-03-27T00:00:00Z,2640.7,2640.4,0,35.5,2605.2,35.5,35.2,Oil or foreign substance in casing,Unknown,Water level accuracy is unknown,1,Department of Water Resources,NA,1,Department of Water Resources,NA,NA,24040,44N05W34H001M,44N05W34H001M,Digital Elevation Model,Unknown,1-004,Shasta Valley,Siskiyou,96,Irrigation,Single Well,USGS,1952-11-02 00:00:00 - 2020-04-10 12:00:00,139,spring,NA,NA,27.1,36.7,2007,6.59,3.04,10.28,6.19,Dry,SAC,2007-10-01T00:00:00Z,2008-10-01T00:00:00Z,-122.4,41.6191
416191N1223997W001,1789642,2007-10-24T00:00:00Z,2640.7,2640.4,0,39.7,2601,39.7,39.4,Oil or foreign substance in casing,Unknown,Water level accuracy is unknown,1,Department of Water Resources,NA,1,Department of Water Resources,NA,NA,24040,44N05W34H001M,44N05W34H001M,Digital Elevation Model,Unknown,1-004,Shasta Valley,Siskiyou,96,Irrigation,Single Well,USGS,1952-11-02 00:00:00 - 2020-04-10 12:00:00,139,fall,8.2,42.5,NA,NA,2007,6.59,3.04,10.28,6.19,Dry,SAC,2007-10-01T00:00:00Z,2008-10-01T00:00:00Z,-122.4,41.6191
416191N1223997W001,1789641,2007-03-28T00:00:00Z,2640.7,2640.4,0,37,2603.7,37,36.7,Oil or foreign substance in casing,Unknown,Water level accuracy is unknown,1,Department of Water Resources,NA,1,Department of Water Resources,NA,NA,24040,44N05W34H001M,44N05W34H001M,Digital Elevation Model,Unknown,1-004,Shasta Valley,Siskiyou,96,Irrigation,Single Well,USGS,1952-11-02 00:00:00 - 2020-04-10 12:00:00,139,spring,NA,NA,27.1,36.7,2006,18.06,13.09,32.09,13.2,Wet,SAC,2006-10-01T00:00:00Z,2007-10-01T00:00:00Z,-122.4,41.6191
416191N1223997W001,1789640,2006-10-16T00:00:00Z,2640.7,2640.4,0,27.6,2613.1,27.6,27.3,Oil or foreign substance in casing,Unknown,Water level accuracy is unknown,1,Department of Water Resources,NA,1,Department of Water Resources,NA,NA,24040,44N05W34H001M,44N05W34H001M,Digital Elevation Model,Unknown,1-004,Shasta Valley,Siskiyou,96,Irrigation,Single Well,USGS,1952-11-02 00:00:00 - 2020-04-10 12:00:00,139,fall,8.2,42.5,NA,NA,2006,18.06,13.09,32.09,13.2,Wet,SAC,2006-10-01T00:00:00Z,2007-10-01T00:00:00Z,-122.4,41.6191
416191N1223997W001,1789639,2006-04-20T00:00:00Z,2640.7,2640.4,0,31.1,2609.6,31.1,30.8,Oil or foreign substance in casing,Unknown,Water level accuracy is unknown,1,Department of Water Resources,NA,1,Department of Water Resources,NA,NA,24040,44N05W34H001M,44N05W34H001M,Digital Elevation Model,Unknown,1-004,Shasta Valley,Siskiyou,96,Irrigation,Single Well,USGS,1952-11-02 00:00:00 - 2020-04-10 12:00:00,139,spring,NA,NA,27.1,36.7,2005,8.4,9.28,18.55,8.49,Above Normal,SAC,2005-10-01T00:00:00Z,2006-10-01T00:00:00Z,-122.4,41.6191
416191N1223997W001,1789638,2005-10-13T00:00:00Z,2640.7,2640.4,0,32.7,2608,32.7,32.4,Oil or foreign substance in casing,Unknown,Water level accuracy is unknown,1,Department of Water Resources,NA,1,Department of Water Resources,NA,NA,24040,44N05W34H001M,44N05W34H001M,Digital Elevation Model,Unknown,1-004,Shasta Valley,Siskiyou,96,Irrigation,Single Well,USGS,1952-11-02 00:00:00 - 2020-04-10 12:00:00,139,fall,8.2,42.5,NA,NA,2005,8.4,9.28,18.55,8.49,Above Normal,SAC,2005-10-01T00:00:00Z,2006-10-01T00:00:00Z,-122.4,41.6191
416191N1223997W001,1789637,2005-03-29T00:00:00Z,2640.7,2640.4,0,35.5,2605.2,35.5,35.2,Nearby pump operating,Unknown,Water level accuracy is unknown,1,Department of Water Resources,NA,1,Department of Water Resources,NA,NA,24040,44N05W34H001M,44N05W34H001M,Digital Elevation Model,Unknown,1-004,Shasta Valley,Siskiyou,96,Irrigation,Single Well,USGS,1952-11-02 00:00:00 - 2020-04-10 12:00:00,139,spring,NA,NA,27.1,36.7,2004,10.95,4.4,16.04,7.51,Below Normal,SAC,2004-10-01T00:00:00Z,2005-10-01T00:00:00Z,-122.4,41.6191
416191N1223997W001,1789636,2004-10-29T00:00:00Z,2640.7,2640.4,0,33.9,2606.8,33.9,33.6,Oil or foreign substance in casing,Unknown,Water level accuracy is unknown,1,Department of Water Resources,NA,1,Department of Water Resources,NA,NA,24040,44N05W34H001M,44N05W34H001M,Digital Elevation Model,Unknown,1-004,Shasta Valley,Siskiyou,96,Irrigation,Single Well,USGS,1952-11-02 00:00:00 - 2020-04-10 12:00:00,139,fall,8.2,42.5,NA,NA,2004,10.95,4.4,16.04,7.51,Below Normal,SAC,2004-10-01T00:00:00Z,2005-10-01T00:00:00Z,-122.4,41.6191
416191N1223997W001,1789635,2004-03-29T00:00:00Z,2640.7,2640.4,0,34.3,2606.4,34.3,34,Oil or foreign substance in casing,Unknown,Water level accuracy is unknown,1,Department of Water Resources,NA,1,Department of Water Resources,NA,NA,24040,44N05W34H001M,44N05W34H001M,Digital Elevation Model,Unknown,1-004,Shasta Valley,Siskiyou,96,Irrigation,Single Well,USGS,1952-11-02 00:00:00 - 2020-04-10 12:00:00,139,spring,NA,NA,27.1,36.7,2003,10.71,7.74,19.31,8.21,Above Normal,SAC,2003-10-01T00:00:00Z,2004-10-01T00:00:00Z,-122.4,41.6191
416191N1223997W001,1789634,2003-10-07T00:00:00Z,2640.7,2640.4,0,33.9,2606.8,33.9,33.6,Oil or foreign substance in casing,Unknown,Water level accuracy is unknown,1,Department of Water Resources,NA,1,Department of Water Resources,NA,NA,24040,44N05W34H001M,44N05W34H001M,Digital Elevation Model,Unknown,1-004,Shasta Valley,Siskiyou,96,Irrigation,Single Well,USGS,1952-11-02 00:00:00 - 2020-04-10 12:00:00,139,fall,8.2,42.5,NA,NA,2003,10.71,7.74,19.31,8.21,Above Normal,SAC,2003-10-01T00:00:00Z,2004-10-01T00:00:00Z,-122.4,41.6191
416191N1223997W001,1789633,2003-03-24T00:00:00Z,2640.7,2640.4,0,34.6,2606.1,34.6,34.3,NA,Unknown,Water level accuracy is unknown,1,Department of Water Resources,NA,1,Department of Water Resources,NA,NA,24040,44N05W34H001M,44N05W34H001M,Digital Elevation Model,Unknown,1-004,Shasta Valley,Siskiyou,96,Irrigation,Single Well,USGS,1952-11-02 00:00:00 - 2020-04-10 12:00:00,139,spring,NA,NA,27.1,36.7,2002,9.32,4.57,14.6,6.35,Dry,SAC,2002-10-01T00:00:00Z,2003-10-01T00:00:00Z,-122.4,41.6191
416191N1223997W001,1789632,2002-10-10T00:00:00Z,2640.7,2640.4,0,33.3,2607.4,33.3,33,NA,Unknown,Water level accuracy is unknown,1,Department of Water Resources,NA,1,Department of Water Resources,NA,NA,24040,44N05W34H001M,44N05W34H001M,Digital Elevation Model,Unknown,1-004,Shasta Valley,Siskiyou,96,Irrigation,Single Well,USGS,1952-11-02 00:00:00 - 2020-04-10 12:00:00,139,fall,8.2,42.5,NA,NA,2002,9.32,4.57,14.6,6.35,Dry,SAC,2002-10-01T00:00:00Z,2003-10-01T00:00:00Z,-122.4,41.6191
416191N1223997W001,1789631,2002-03-27T00:00:00Z,2640.7,2640.4,0,28.5,2612.2,28.5,28.2,NA,Unknown,Water level accuracy is unknown,1,Department of Water Resources,NA,1,Department of Water Resources,NA,NA,24040,44N05W34H001M,44N05W34H001M,Digital Elevation Model,Unknown,1-004,Shasta Valley,Siskiyou,96,Irrigation,Single Well,USGS,1952-11-02 00:00:00 - 2020-04-10 12:00:00,139,spring,NA,NA,27.1,36.7,2001,5.64,3.46,9.81,5.76,Dry,SAC,2001-10-01T00:00:00Z,2002-10-01T00:00:00Z,-122.4,41.6191
416191N1223997W001,1789630,2001-10-31T00:00:00Z,2640.7,2640.4,0,32.1,2608.6,32.1,31.8,NA,Unknown,Water level accuracy is unknown,1,Department of Water Resources,NA,1,Department of Water Resources,NA,NA,24040,44N05W34H001M,44N05W34H001M,Digital Elevation Model,Unknown,1-004,Shasta Valley,Siskiyou,96,Irrigation,Single Well,USGS,1952-11-02 00:00:00 - 2020-04-10 12:00:00,139,fall,8.2,42.5,NA,NA,2001,5.64,3.46,9.81,5.76,Dry,SAC,2001-10-01T00:00:00Z,2002-10-01T00:00:00Z,-122.4,41.6191
416191N1223997W001,1789629,2001-04-02T00:00:00Z,2640.7,2640.4,NA,NA,NA,NA,NA,Pumping,NA,NA,1,Department of Water Resources,NA,1,Department of Water Resources,NA,NA,24040,44N05W34H001M,44N05W34H001M,Digital Elevation Model,Unknown,1-004,Shasta Valley,Siskiyou,96,Irrigation,Single Well,USGS,1952-11-02 00:00:00 - 2020-04-10 12:00:00,139,spring,NA,NA,27.1,36.7,2000,12.06,5.96,18.9,8.94,Above Normal,SAC,2000-10-01T00:00:00Z,2001-10-01T00:00:00Z,-122.4,41.6191
416191N1223997W001,1789628,2000-10-09T00:00:00Z,2640.7,2640.4,0,28.8,2611.9,28.8,28.5,Oil or foreign substance in casing,Unknown,Water level accuracy is unknown,1,Department of Water Resources,NA,1,Department of Water Resources,NA,NA,24040,44N05W34H001M,44N05W34H001M,Digital Elevation Model,Unknown,1-004,Shasta Valley,Siskiyou,96,Irrigation,Single Well,USGS,1952-11-02 00:00:00 - 2020-04-10 12:00:00,139,fall,8.2,42.5,NA,NA,2000,12.06,5.96,18.9,8.94,Above Normal,SAC,2000-10-01T00:00:00Z,2001-10-01T00:00:00Z,-122.4,41.6191
416191N1223997W001,1789627,2000-03-22T00:00:00Z,2640.7,2640.4,0,29.2,2611.5,29.2,28.9,Oil or foreign substance in casing,Unknown,Water level accuracy is unknown,1,Department of Water Resources,NA,1,Department of Water Resources,NA,NA,24040,44N05W34H001M,44N05W34H001M,Digital Elevation Model,Unknown,1-004,Shasta Valley,Siskiyou,96,Irrigation,Single Well,USGS,1952-11-02 00:00:00 - 2020-04-10 12:00:00,139,spring,NA,NA,27.1,36.7,1999,12.97,7.26,21.19,9.8,Wet,SAC,1999-10-01T00:00:00Z,2000-10-01T00:00:00Z,-122.4,41.6191
416191N1223997W001,1789625,1999-10-25T00:00:00Z,2640.7,2640.4,0,28.4,2612.3,28.4,28.1,Oil or foreign substance in casing,Unknown,Water level accuracy is unknown,1,Department of Water Resources,NA,1,Department of Water Resources,NA,NA,24040,44N05W34H001M,44N05W34H001M,Digital Elevation Model,Unknown,1-004,Shasta Valley,Siskiyou,96,Irrigation,Single Well,USGS,1952-11-02 00:00:00 - 2020-04-10 12:00:00,139,fall,8.2,42.5,NA,NA,1999,12.97,7.26,21.19,9.8,Wet,SAC,1999-10-01T00:00:00Z,2000-10-01T00:00:00Z,-122.4,41.6191
416191N1223997W001,1789626,1999-03-15T00:00:00Z,2640.7,2640.4,0,28.7,2612,28.7,28.4,Oil or foreign substance in casing,Unknown,Water level accuracy is unknown,1,Department of Water Resources,NA,1,Department of Water Resources,NA,NA,24040,44N05W34H001M,44N05W34H001M,Digital Elevation Model,Unknown,1-004,Shasta Valley,Siskiyou,96,Irrigation,Single Well,USGS,1952-11-02 00:00:00 - 2020-04-10 12:00:00,139,spring,NA,NA,27.1,36.7,1998,17.65,12.54,31.4,13.31,Wet,SAC,1998-10-01T00:00:00Z,1999-10-01T00:00:00Z,-122.4,41.6191
416191N1223997W001,1789624,1998-10-27T00:00:00Z,2640.7,2640.4,0,28.1,2612.6,28.1,27.8,Oil or foreign substance in casing,Unknown,Water level accuracy is unknown,1,Department of Water Resources,NA,1,Department of Water Resources,NA,NA,24040,44N05W34H001M,44N05W34H001M,Digital Elevation Model,Unknown,1-004,Shasta Valley,Siskiyou,96,Irrigation,Single Well,USGS,1952-11-02 00:00:00 - 2020-04-10 12:00:00,139,fall,8.2,42.5,NA,NA,1998,17.65,12.54,31.4,13.31,Wet,SAC,1998-10-01T00:00:00Z,1999-10-01T00:00:00Z,-122.4,41.6191
416191N1223997W001,1789623,1998-03-31T00:00:00Z,2640.7,2640.4,0,30.8,2609.9,30.8,30.5,Oil or foreign substance in casing,Unknown,Water level accuracy is unknown,1,Department of Water Resources,NA,1,Department of Water Resources,NA,NA,24040,44N05W34H001M,44N05W34H001M,Digital Elevation Model,Unknown,1-004,Shasta Valley,Siskiyou,96,Irrigation,Single Well,USGS,1952-11-02 00:00:00 - 2020-04-10 12:00:00,139,spring,NA,NA,27.1,36.7,1997,20.22,4.39,25.42,10.82,Wet,SAC,1997-10-01T00:00:00Z,1998-10-01T00:00:00Z,-122.4,41.6191
416191N1223997W001,1789622,1997-10-22T00:00:00Z,2640.7,2640.4,0,29.4,2611.3,29.4,29.1,Oil or foreign substance in casing,Unknown,Water level accuracy is unknown,1,Department of Water Resources,NA,1,Department of Water Resources,NA,NA,24040,44N05W34H001M,44N05W34H001M,Digital Elevation Model,Unknown,1-004,Shasta Valley,Siskiyou,96,Irrigation,Single Well,USGS,1952-11-02 00:00:00 - 2020-04-10 12:00:00,139,fall,8.2,42.5,NA,NA,1997,20.22,4.39,25.42,10.82,Wet,SAC,1997-10-01T00:00:00Z,1998-10-01T00:00:00Z,-122.4,41.6191
416191N1223997W001,1789621,1997-03-10T00:00:00Z,2640.4,2640.4,0,29.9,2610.5,29.9,29.9,Oil or foreign substance in casing,Unknown,Water level accuracy is unknown,1,Department of Water Resources,NA,1,Department of Water Resources,NA,NA,24040,44N05W34H001M,44N05W34H001M,Digital Elevation Model,Unknown,1-004,Shasta Valley,Siskiyou,96,Irrigation,Single Well,USGS,1952-11-02 00:00:00 - 2020-04-10 12:00:00,139,spring,NA,NA,27.1,36.7,1996,13.05,8.37,22.29,10.26,Wet,SAC,1996-10-01T00:00:00Z,1997-10-01T00:00:00Z,-122.4,41.6191
416191N1223997W001,1789620,1996-10-23T00:00:00Z,2640.4,2640.4,0,31,2609.4,31,31,Oil or foreign substance in casing,Unknown,Water level accuracy is unknown,1,Department of Water Resources,NA,1,Department of Water Resources,NA,NA,24040,44N05W34H001M,44N05W34H001M,Digital Elevation Model,Unknown,1-004,Shasta Valley,Siskiyou,96,Irrigation,Single Well,USGS,1952-11-02 00:00:00 - 2020-04-10 12:00:00,139,fall,8.2,42.5,NA,NA,1996,13.05,8.37,22.29,10.26,Wet,SAC,1996-10-01T00:00:00Z,1997-10-01T00:00:00Z,-122.4,41.6191
416191N1223997W001,1789619,1996-04-12T00:00:00Z,2640.4,2640.4,0,28.9,2611.5,28.9,28.9,NA,Unknown,Water level accuracy is unknown,1,Department of Water Resources,NA,1,Department of Water Resources,NA,NA,24040,44N05W34H001M,44N05W34H001M,Digital Elevation Model,Unknown,1-004,Shasta Valley,Siskiyou,96,Irrigation,Single Well,USGS,1952-11-02 00:00:00 - 2020-04-10 12:00:00,139,spring,NA,NA,27.1,36.7,1995,19.83,13.6,34.55,12.89,Wet,SAC,1995-10-01T00:00:00Z,1996-10-01T00:00:00Z,-122.4,41.6191
416191N1223997W001,1789618,1995-10-18T00:00:00Z,2640.4,2640.4,0,30.5,2609.9,30.5,30.5,Oil or foreign substance in casing,Unknown,Water level accuracy is unknown,1,Department of Water Resources,NA,1,Department of Water Resources,NA,NA,24040,44N05W34H001M,44N05W34H001M,Digital Elevation Model,Unknown,1-004,Shasta Valley,Siskiyou,96,Irrigation,Single Well,USGS,1952-11-02 00:00:00 - 2020-04-10 12:00:00,139,fall,8.2,42.5,NA,NA,1995,19.83,13.6,34.55,12.89,Wet,SAC,1995-10-01T00:00:00Z,1996-10-01T00:00:00Z,-122.4,41.6191
416191N1223997W001,1789617,1995-03-29T00:00:00Z,2640.4,2640.4,0,31.2,2609.2,31.2,31.2,Oil or foreign substance in casing,Unknown,Water level accuracy is unknown,1,Department of Water Resources,NA,1,Department of Water Resources,NA,NA,24040,44N05W34H001M,44N05W34H001M,Digital Elevation Model,Unknown,1-004,Shasta Valley,Siskiyou,96,Irrigation,Single Well,USGS,1952-11-02 00:00:00 - 2020-04-10 12:00:00,139,spring,NA,NA,27.1,36.7,1994,4.55,2.73,7.81,5.02,Critical,SAC,1994-10-01T00:00:00Z,1995-10-01T00:00:00Z,-122.4,41.6191
416191N1223997W001,1789616,1994-10-26T00:00:00Z,2640.4,2640.4,0,31.2,2609.2,31.2,31.2,Oil or foreign substance in casing,Unknown,Water level accuracy is unknown,1,Department of Water Resources,NA,1,Department of Water Resources,NA,NA,24040,44N05W34H001M,44N05W34H001M,Digital Elevation Model,Unknown,1-004,Shasta Valley,Siskiyou,96,Irrigation,Single Well,USGS,1952-11-02 00:00:00 - 2020-04-10 12:00:00,139,fall,8.2,42.5,NA,NA,1994,4.55,2.73,7.81,5.02,Critical,SAC,1994-10-01T00:00:00Z,1995-10-01T00:00:00Z,-122.4,41.6191
416191N1223997W001,1789615,1994-03-31T00:00:00Z,2640.4,2640.4,0,33.2,2607.2,33.2,33.2,Oil or foreign substance in casing,Unknown,Water level accuracy is unknown,1,Department of Water Resources,NA,1,Department of Water Resources,NA,NA,24040,44N05W34H001M,44N05W34H001M,Digital Elevation Model,Unknown,1-004,Shasta Valley,Siskiyou,96,Irrigation,Single Well,USGS,1952-11-02 00:00:00 - 2020-04-10 12:00:00,139,spring,NA,NA,27.1,36.7,1993,12.44,8.98,22.21,8.54,Above Normal,SAC,1993-10-01T00:00:00Z,1994-10-01T00:00:00Z,-122.4,41.6191
416191N1223997W001,1789614,1993-10-16T00:00:00Z,2640.4,2640.4,0,33.8,2606.6,33.8,33.8,Oil or foreign substance in casing,Unknown,Water level accuracy is unknown,1,Department of Water Resources,NA,1,Department of Water Resources,NA,NA,24040,44N05W34H001M,44N05W34H001M,Digital Elevation Model,Unknown,1-004,Shasta Valley,Siskiyou,96,Irrigation,Single Well,USGS,1952-11-02 00:00:00 - 2020-04-10 12:00:00,139,fall,8.2,42.5,NA,NA,1993,12.44,8.98,22.21,8.54,Above Normal,SAC,1993-10-01T00:00:00Z,1994-10-01T00:00:00Z,-122.4,41.6191
416191N1223997W001,1789613,1993-03-16T00:00:00Z,2640.4,2640.4,0,29.9,2610.5,29.9,29.9,Oil or foreign substance in casing,Unknown,Water level accuracy is unknown,1,Department of Water Resources,NA,1,Department of Water Resources,NA,NA,24040,44N05W34H001M,44N05W34H001M,Digital Elevation Model,Unknown,1-004,Shasta Valley,Siskiyou,96,Irrigation,Single Well,USGS,1952-11-02 00:00:00 - 2020-04-10 12:00:00,139,spring,NA,NA,27.1,36.7,1992,5.41,2.93,8.87,4.06,Critical,SAC,1992-10-01T00:00:00Z,1993-10-01T00:00:00Z,-122.4,41.6191
416191N1223997W001,1789612,1992-10-20T00:00:00Z,2640.4,2640.4,0,35.7,2604.7,35.7,35.7,Oil or foreign substance in casing,Unknown,Water level accuracy is unknown,1,Department of Water Resources,NA,1,Department of Water Resources,NA,NA,24040,44N05W34H001M,44N05W34H001M,Digital Elevation Model,Unknown,1-004,Shasta Valley,Siskiyou,96,Irrigation,Single Well,USGS,1952-11-02 00:00:00 - 2020-04-10 12:00:00,139,fall,8.2,42.5,NA,NA,1992,5.41,2.93,8.87,4.06,Critical,SAC,1992-10-01T00:00:00Z,1993-10-01T00:00:00Z,-122.4,41.6191
416191N1223997W001,1789611,1992-03-03T00:00:00Z,2640.4,2640.4,0,30.9,2609.5,30.9,30.9,Oil or foreign substance in casing,Unknown,Water level accuracy is unknown,1,Department of Water Resources,NA,1,Department of Water Resources,NA,NA,24040,44N05W34H001M,44N05W34H001M,Digital Elevation Model,Unknown,1-004,Shasta Valley,Siskiyou,96,Irrigation,Single Well,USGS,1952-11-02 00:00:00 - 2020-04-10 12:00:00,139,spring,NA,NA,27.1,36.7,1991,3.9,4.01,8.44,4.21,Critical,SAC,1991-10-01T00:00:00Z,1992-10-01T00:00:00Z,-122.4,41.6191
416191N1223997W001,1789610,1991-10-01T00:00:00Z,2640.4,2640.4,0,35.7,2604.7,35.7,35.7,Oil or foreign substance in casing,Unknown,Water level accuracy is unknown,1,Department of Water Resources,NA,1,Department of Water Resources,NA,NA,24040,44N05W34H001M,44N05W34H001M,Digital Elevation Model,Unknown,1-004,Shasta Valley,Siskiyou,96,Irrigation,Single Well,USGS,1952-11-02 00:00:00 - 2020-04-10 12:00:00,139,fall,8.2,42.5,NA,NA,1991,3.9,4.01,8.44,4.21,Critical,SAC,1991-10-01T00:00:00Z,1992-10-01T00:00:00Z,-122.4,41.6191
416191N1223997W001,1789609,1991-03-19T00:00:00Z,2640.4,2640.4,0,29.1,2611.3,29.1,29.1,Oil or foreign substance in casing,Unknown,Water level accuracy is unknown,1,Department of Water Resources,NA,1,Department of Water Resources,NA,NA,24040,44N05W34H001M,44N05W34H001M,Digital Elevation Model,Unknown,1-004,Shasta Valley,Siskiyou,96,Irrigation,Single Well,USGS,1952-11-02 00:00:00 - 2020-04-10 12:00:00,139,spring,NA,NA,27.1,36.7,1990,4.94,3.72,9.26,4.81,Critical,SAC,1990-10-01T00:00:00Z,1991-10-01T00:00:00Z,-122.4,41.6191
416191N1223997W001,1789608,1990-10-01T00:00:00Z,2640.4,2640.4,0,34,2606.4,34,34,Oil or foreign substance in casing,Unknown,Water level accuracy is unknown,1,Department of Water Resources,NA,1,Department of Water Resources,NA,NA,24040,44N05W34H001M,44N05W34H001M,Digital Elevation Model,Unknown,1-004,Shasta Valley,Siskiyou,96,Irrigation,Single Well,USGS,1952-11-02 00:00:00 - 2020-04-10 12:00:00,139,fall,8.2,42.5,NA,NA,1990,4.94,3.72,9.26,4.81,Critical,SAC,1990-10-01T00:00:00Z,1991-10-01T00:00:00Z,-122.4,41.6191
416191N1223997W001,1789607,1990-08-01T00:00:00Z,2640.4,2640.4,0,41,2599.4,41,41,Pumping,Unknown,Water level accuracy is unknown,1,Department of Water Resources,& OIL,1,Department of Water Resources,NA,NA,24040,44N05W34H001M,44N05W34H001M,Digital Elevation Model,Unknown,1-004,Shasta Valley,Siskiyou,96,Irrigation,Single Well,USGS,1952-11-02 00:00:00 - 2020-04-10 12:00:00,139,fall,8.2,42.5,NA,NA,1989,9.03,5.07,14.82,6.13,Dry,SAC,1989-10-01T00:00:00Z,1990-10-01T00:00:00Z,-122.4,41.6191
416191N1223997W001,1789606,1990-03-21T00:00:00Z,2640.4,2640.4,0,29,2611.4,29,29,Oil or foreign substance in casing,Unknown,Water level accuracy is unknown,1,Department of Water Resources,NA,1,Department of Water Resources,NA,NA,24040,44N05W34H001M,44N05W34H001M,Digital Elevation Model,Unknown,1-004,Shasta Valley,Siskiyou,96,Irrigation,Single Well,USGS,1952-11-02 00:00:00 - 2020-04-10 12:00:00,139,spring,NA,NA,27.1,36.7,1989,9.03,5.07,14.82,6.13,Dry,SAC,1989-10-01T00:00:00Z,1990-10-01T00:00:00Z,-122.4,41.6191
416191N1223997W001,1789605,1989-10-04T00:00:00Z,2640.4,2640.4,0,42.5,2597.9,42.5,42.5,Oil or foreign substance in casing,Unknown,Water level accuracy is unknown,1,Department of Water Resources,NA,1,Department of Water Resources,NA,NA,24040,44N05W34H001M,44N05W34H001M,Digital Elevation Model,Unknown,1-004,Shasta Valley,Siskiyou,96,Irrigation,Single Well,USGS,1952-11-02 00:00:00 - 2020-04-10 12:00:00,139,fall,8.2,42.5,NA,NA,1989,9.03,5.07,14.82,6.13,Dry,SAC,1989-10-01T00:00:00Z,1990-10-01T00:00:00Z,-122.4,41.6191
416191N1223997W001,1789604,1989-03-22T00:00:00Z,2640.4,2640.4,0,28.3,2612.1,28.3,28.3,Oil or foreign substance in casing,Unknown,Water level accuracy is unknown,1,Department of Water Resources,NA,1,Department of Water Resources,NA,NA,24040,44N05W34H001M,44N05W34H001M,Digital Elevation Model,Unknown,1-004,Shasta Valley,Siskiyou,96,Irrigation,Single Well,USGS,1952-11-02 00:00:00 - 2020-04-10 12:00:00,139,spring,NA,NA,27.1,36.7,1988,5.78,2.9,9.23,4.65,Critical,SAC,1988-10-01T00:00:00Z,1989-10-01T00:00:00Z,-122.4,41.6191
416191N1223997W001,1789603,1988-10-26T00:00:00Z,2640.4,2640.4,0,29,2611.4,29,29,Oil or foreign substance in casing,Unknown,Water level accuracy is unknown,1,Department of Water Resources,NA,1,Department of Water Resources,NA,NA,24040,44N05W34H001M,44N05W34H001M,Digital Elevation Model,Unknown,1-004,Shasta Valley,Siskiyou,96,Irrigation,Single Well,USGS,1952-11-02 00:00:00 - 2020-04-10 12:00:00,139,fall,8.2,42.5,NA,NA,1988,5.78,2.9,9.23,4.65,Critical,SAC,1988-10-01T00:00:00Z,1989-10-01T00:00:00Z,-122.4,41.6191
416191N1223997W001,1789602,1988-03-14T00:00:00Z,2640.4,2640.4,0,28.1,2612.3,28.1,28.1,Oil or foreign substance in casing,Unknown,Water level accuracy is unknown,1,Department of Water Resources,NA,1,Department of Water Resources,NA,NA,24040,44N05W34H001M,44N05W34H001M,Digital Elevation Model,Unknown,1-004,Shasta Valley,Siskiyou,96,Irrigation,Single Well,USGS,1952-11-02 00:00:00 - 2020-04-10 12:00:00,139,spring,NA,NA,27.1,36.7,1987,5.85,2.8,9.27,5.86,Dry,SAC,1987-10-01T00:00:00Z,1988-10-01T00:00:00Z,-122.4,41.6191
416191N1223997W001,1789601,1987-10-20T00:00:00Z,2640.4,2640.4,0,31.2,2609.2,31.2,31.2,Oil or foreign substance in casing,Unknown,Water level accuracy is unknown,1,Department of Water Resources,NA,1,Department of Water Resources,NA,NA,24040,44N05W34H001M,44N05W34H001M,Digital Elevation Model,Unknown,1-004,Shasta Valley,Siskiyou,96,Irrigation,Single Well,USGS,1952-11-02 00:00:00 - 2020-04-10 12:00:00,139,fall,8.2,42.5,NA,NA,1987,5.85,2.8,9.27,5.86,Dry,SAC,1987-10-01T00:00:00Z,1988-10-01T00:00:00Z,-122.4,41.6191
416191N1223997W001,1789600,1987-04-22T00:00:00Z,2640.4,2640.4,NA,NA,NA,NA,NA,Pumping,NA,NA,1,Department of Water Resources,NA,1,Department of Water Resources,NA,NA,24040,44N05W34H001M,44N05W34H001M,Digital Elevation Model,Unknown,1-004,Shasta Valley,Siskiyou,96,Irrigation,Single Well,USGS,1952-11-02 00:00:00 - 2020-04-10 12:00:00,139,spring,NA,NA,27.1,36.7,1986,19.45,5.45,25.83,9.96,Wet,SAC,1986-10-01T00:00:00Z,1987-10-01T00:00:00Z,-122.4,41.6191
416191N1223997W001,1789599,1986-09-25T00:00:00Z,2640.4,2640.4,0,29.2,2611.2,29.2,29.2,Oil or foreign substance in casing,Unknown,Water level accuracy is unknown,1,Department of Water Resources,NA,1,Department of Water Resources,NA,NA,24040,44N05W34H001M,44N05W34H001M,Digital Elevation Model,Unknown,1-004,Shasta Valley,Siskiyou,96,Irrigation,Single Well,USGS,1952-11-02 00:00:00 - 2020-04-10 12:00:00,139,fall,8.2,42.5,NA,NA,1985,6.24,4,11.04,6.47,Dry,SAC,1985-10-01T00:00:00Z,1986-10-01T00:00:00Z,-122.4,41.6191
416191N1223997W001,1789598,1986-03-25T00:00:00Z,2640.4,2640.4,0,30.1,2610.3,30.1,30.1,Oil or foreign substance in casing,Unknown,Water level accuracy is unknown,1,Department of Water Resources,NA,1,Department of Water Resources,NA,NA,24040,44N05W34H001M,44N05W34H001M,Digital Elevation Model,Unknown,1-004,Shasta Valley,Siskiyou,96,Irrigation,Single Well,USGS,1952-11-02 00:00:00 - 2020-04-10 12:00:00,139,spring,NA,NA,27.1,36.7,1985,6.24,4,11.04,6.47,Dry,SAC,1985-10-01T00:00:00Z,1986-10-01T00:00:00Z,-122.4,41.6191
416191N1223997W001,1789597,1985-09-23T00:00:00Z,2640.4,2640.4,NA,NA,NA,NA,NA,Pumping,NA,NA,1,Department of Water Resources,NA,1,Department of Water Resources,NA,NA,24040,44N05W34H001M,44N05W34H001M,Digital Elevation Model,Unknown,1-004,Shasta Valley,Siskiyou,96,Irrigation,Single Well,USGS,1952-11-02 00:00:00 - 2020-04-10 12:00:00,139,fall,8.2,42.5,NA,NA,1984,15.98,5.52,22.35,10,Wet,SAC,1984-10-01T00:00:00Z,1985-10-01T00:00:00Z,-122.4,41.6191
416191N1223997W001,1789596,1985-03-16T00:00:00Z,2640.4,2640.4,0,30,2610.4,30,30,Oil or foreign substance in casing,Unknown,Water level accuracy is unknown,1,Department of Water Resources,NA,1,Department of Water Resources,NA,NA,24040,44N05W34H001M,44N05W34H001M,Digital Elevation Model,Unknown,1-004,Shasta Valley,Siskiyou,96,Irrigation,Single Well,USGS,1952-11-02 00:00:00 - 2020-04-10 12:00:00,139,spring,NA,NA,27.1,36.7,1984,15.98,5.52,22.35,10,Wet,SAC,1984-10-01T00:00:00Z,1985-10-01T00:00:00Z,-122.4,41.6191
416191N1223997W001,1789595,1984-10-30T00:00:00Z,2640.4,2640.4,0,28.3,2612.1,28.3,28.3,Oil or foreign substance in casing,Unknown,Water level accuracy is unknown,1,Department of Water Resources,NA,1,Department of Water Resources,NA,NA,24040,44N05W34H001M,44N05W34H001M,Digital Elevation Model,Unknown,1-004,Shasta Valley,Siskiyou,96,Irrigation,Single Well,USGS,1952-11-02 00:00:00 - 2020-04-10 12:00:00,139,fall,8.2,42.5,NA,NA,1984,15.98,5.52,22.35,10,Wet,SAC,1984-10-01T00:00:00Z,1985-10-01T00:00:00Z,-122.4,41.6191
416191N1223997W001,1789594,1984-03-23T00:00:00Z,2640.4,2640.4,0,28.9,2611.5,28.9,28.9,Oil or foreign substance in casing,Unknown,Water level accuracy is unknown,1,Department of Water Resources,NA,1,Department of Water Resources,NA,NA,24040,44N05W34H001M,44N05W34H001M,Digital Elevation Model,Unknown,1-004,Shasta Valley,Siskiyou,96,Irrigation,Single Well,USGS,1952-11-02 00:00:00 - 2020-04-10 12:00:00,139,spring,NA,NA,27.1,36.7,1983,22.75,13.66,37.68,15.29,Wet,SAC,1983-10-01T00:00:00Z,1984-10-01T00:00:00Z,-122.4,41.6191
416191N1223997W001,1789593,1983-10-24T00:00:00Z,2640.4,2640.4,0,28.3,2612.1,28.3,28.3,Oil or foreign substance in casing,Unknown,Water level accuracy is unknown,1,Department of Water Resources,NA,1,Department of Water Resources,NA,NA,24040,44N05W34H001M,44N05W34H001M,Digital Elevation Model,Unknown,1-004,Shasta Valley,Siskiyou,96,Irrigation,Single Well,USGS,1952-11-02 00:00:00 - 2020-04-10 12:00:00,139,fall,8.2,42.5,NA,NA,1983,22.75,13.66,37.68,15.29,Wet,SAC,1983-10-01T00:00:00Z,1984-10-01T00:00:00Z,-122.4,41.6191
416191N1223997W001,1789592,1983-04-12T00:00:00Z,2640.4,2640.4,0,27.9,2612.5,27.9,27.9,Oil or foreign substance in casing,Unknown,Water level accuracy is unknown,1,Department of Water Resources,NA,1,Department of Water Resources,NA,NA,24040,44N05W34H001M,44N05W34H001M,Digital Elevation Model,Unknown,1-004,Shasta Valley,Siskiyou,96,Irrigation,Single Well,USGS,1952-11-02 00:00:00 - 2020-04-10 12:00:00,139,spring,NA,NA,27.1,36.7,1982,20.56,11.82,33.41,12.76,Wet,SAC,1982-10-01T00:00:00Z,1983-10-01T00:00:00Z,-122.4,41.6191
416191N1223997W001,1789591,1982-10-14T00:00:00Z,2640.4,2640.4,0,30,2610.4,30,30,Oil or foreign substance in casing,Unknown,Water level accuracy is unknown,1,Department of Water Resources,NA,1,Department of Water Resources,NA,NA,24040,44N05W34H001M,44N05W34H001M,Digital Elevation Model,Unknown,1-004,Shasta Valley,Siskiyou,96,Irrigation,Single Well,USGS,1952-11-02 00:00:00 - 2020-04-10 12:00:00,139,fall,8.2,42.5,NA,NA,1982,20.56,11.82,33.41,12.76,Wet,SAC,1982-10-01T00:00:00Z,1983-10-01T00:00:00Z,-122.4,41.6191
416191N1223997W001,1789590,1982-04-20T00:00:00Z,2640.4,2640.4,0,30.3,2610.1,30.3,30.3,Oil or foreign substance in casing,Unknown,Water level accuracy is unknown,1,Department of Water Resources,NA,1,Department of Water Resources,NA,NA,24040,44N05W34H001M,44N05W34H001M,Digital Elevation Model,Unknown,1-004,Shasta Valley,Siskiyou,96,Irrigation,Single Well,USGS,1952-11-02 00:00:00 - 2020-04-10 12:00:00,139,spring,NA,NA,27.1,36.7,1981,6.81,3.63,11.1,6.21,Dry,SAC,1981-10-01T00:00:00Z,1982-10-01T00:00:00Z,-122.4,41.6191
416191N1223997W001,1789589,1981-10-07T00:00:00Z,2640.4,2640.4,0,32.4,2608,32.4,32.4,Oil or foreign substance in casing,Unknown,Water level accuracy is unknown,1,Department of Water Resources,NA,1,Department of Water Resources,NA,NA,24040,44N05W34H001M,44N05W34H001M,Digital Elevation Model,Unknown,1-004,Shasta Valley,Siskiyou,96,Irrigation,Single Well,USGS,1952-11-02 00:00:00 - 2020-04-10 12:00:00,139,fall,8.2,42.5,NA,NA,1981,6.81,3.63,11.1,6.21,Dry,SAC,1981-10-01T00:00:00Z,1982-10-01T00:00:00Z,-122.4,41.6191
416191N1223997W001,1789588,1981-03-28T00:00:00Z,2640.4,2640.4,0,31,2609.4,31,31,NA,Unknown,Water level accuracy is unknown,1,Department of Water Resources,NA,1,Department of Water Resources,NA,NA,24040,44N05W34H001M,44N05W34H001M,Digital Elevation Model,Unknown,1-004,Shasta Valley,Siskiyou,96,Irrigation,Single Well,USGS,1952-11-02 00:00:00 - 2020-04-10 12:00:00,139,spring,NA,NA,27.1,36.7,1980,15.49,6,22.33,9.04,Above Normal,SAC,1980-10-01T00:00:00Z,1981-10-01T00:00:00Z,-122.4,41.6191
416191N1223997W001,1789587,1980-10-01T00:00:00Z,2640.4,2640.4,0,30.9,2609.5,30.9,30.9,Oil or foreign substance in casing,Unknown,Water level accuracy is unknown,1,Department of Water Resources,NA,1,Department of Water Resources,NA,NA,24040,44N05W34H001M,44N05W34H001M,Digital Elevation Model,Unknown,1-004,Shasta Valley,Siskiyou,96,Irrigation,Single Well,USGS,1952-11-02 00:00:00 - 2020-04-10 12:00:00,139,fall,8.2,42.5,NA,NA,1980,15.49,6,22.33,9.04,Above Normal,SAC,1980-10-01T00:00:00Z,1981-10-01T00:00:00Z,-122.4,41.6191
416191N1223997W001,1789586,1980-03-27T00:00:00Z,2640.4,2640.4,0,34.5,2605.9,34.5,34.5,Oil or foreign substance in casing,Unknown,Water level accuracy is unknown,1,Department of Water Resources,NA,1,Department of Water Resources,NA,NA,24040,44N05W34H001M,44N05W34H001M,Digital Elevation Model,Unknown,1-004,Shasta Valley,Siskiyou,96,Irrigation,Single Well,USGS,1952-11-02 00:00:00 - 2020-04-10 12:00:00,139,spring,NA,NA,27.1,36.7,1979,6.06,5.64,12.41,6.67,Below Normal,SAC,1979-10-01T00:00:00Z,1980-10-01T00:00:00Z,-122.4,41.6191
416191N1223997W001,1789585,1979-11-01T00:00:00Z,2640.4,2640.4,0,27.3,2613.1,27.3,27.3,Oil or foreign substance in casing,Unknown,Water level accuracy is unknown,1,Department of Water Resources,NA,1,Department of Water Resources,NA,NA,24040,44N05W34H001M,44N05W34H001M,Digital Elevation Model,Unknown,1-004,Shasta Valley,Siskiyou,96,Irrigation,Single Well,USGS,1952-11-02 00:00:00 - 2020-04-10 12:00:00,139,fall,8.2,42.5,NA,NA,1979,6.06,5.64,12.41,6.67,Below Normal,SAC,1979-10-01T00:00:00Z,1980-10-01T00:00:00Z,-122.4,41.6191
416191N1223997W001,1789584,1979-04-04T00:00:00Z,2640.4,2640.4,0,34,2606.4,34,34,Oil or foreign substance in casing,Unknown,Water level accuracy is unknown,1,Department of Water Resources,NA,1,Department of Water Resources,NA,NA,24040,44N05W34H001M,44N05W34H001M,Digital Elevation Model,Unknown,1-004,Shasta Valley,Siskiyou,96,Irrigation,Single Well,USGS,1952-11-02 00:00:00 - 2020-04-10 12:00:00,139,spring,NA,NA,27.1,36.7,1978,14.9,8.12,23.92,8.65,Above Normal,SAC,1978-10-01T00:00:00Z,1979-10-01T00:00:00Z,-122.4,41.6191
416191N1223997W001,1789583,1979-03-30T00:00:00Z,2640.4,2640.4,0,34,2606.4,34,34,Oil or foreign substance in casing,Unknown,Water level accuracy is unknown,1,Department of Water Resources,NA,1,Department of Water Resources,NA,NA,24040,44N05W34H001M,44N05W34H001M,Digital Elevation Model,Unknown,1-004,Shasta Valley,Siskiyou,96,Irrigation,Single Well,USGS,1952-11-02 00:00:00 - 2020-04-10 12:00:00,139,spring,NA,NA,27.1,36.7,1978,14.9,8.12,23.92,8.65,Above Normal,SAC,1978-10-01T00:00:00Z,1979-10-01T00:00:00Z,-122.4,41.6191
416191N1223997W001,1789582,1978-10-25T00:00:00Z,2640.4,2640.4,0,26.5,2613.9,26.5,26.5,Oil or foreign substance in casing,Unknown,Water level accuracy is unknown,1,Department of Water Resources,NA,1,Department of Water Resources,NA,NA,24040,44N05W34H001M,44N05W34H001M,Digital Elevation Model,Unknown,1-004,Shasta Valley,Siskiyou,96,Irrigation,Single Well,USGS,1952-11-02 00:00:00 - 2020-04-10 12:00:00,139,fall,8.2,42.5,NA,NA,1978,14.9,8.12,23.92,8.65,Above Normal,SAC,1978-10-01T00:00:00Z,1979-10-01T00:00:00Z,-122.4,41.6191
416191N1223997W001,1789581,1978-03-30T00:00:00Z,2640.4,2640.4,0,34,2606.4,34,34,NA,Unknown,Water level accuracy is unknown,1,Department of Water Resources,NA,1,Department of Water Resources,NA,NA,24040,44N05W34H001M,44N05W34H001M,Digital Elevation Model,Unknown,1-004,Shasta Valley,Siskiyou,96,Irrigation,Single Well,USGS,1952-11-02 00:00:00 - 2020-04-10 12:00:00,139,spring,NA,NA,27.1,36.7,1977,2.49,1.93,5.12,3.11,Critical,SAC,1977-10-01T00:00:00Z,1978-10-01T00:00:00Z,-122.4,41.6191
416191N1223997W001,1789580,1977-10-19T00:00:00Z,2640.4,2640.4,0,35.9,2604.5,35.9,35.9,Oil or foreign substance in casing,Unknown,Water level accuracy is unknown,1,Department of Water Resources,NA,1,Department of Water Resources,NA,NA,24040,44N05W34H001M,44N05W34H001M,Digital Elevation Model,Unknown,1-004,Shasta Valley,Siskiyou,96,Irrigation,Single Well,USGS,1952-11-02 00:00:00 - 2020-04-10 12:00:00,139,fall,8.2,42.5,NA,NA,1977,2.49,1.93,5.12,3.11,Critical,SAC,1977-10-01T00:00:00Z,1978-10-01T00:00:00Z,-122.4,41.6191
416191N1223997W001,1789579,1977-03-30T00:00:00Z,2640.4,2640.4,NA,NA,NA,NA,NA,Pumping,NA,NA,1,Department of Water Resources,NA,1,Department of Water Resources,NA,NA,24040,44N05W34H001M,44N05W34H001M,Digital Elevation Model,Unknown,1-004,Shasta Valley,Siskiyou,96,Irrigation,Single Well,USGS,1952-11-02 00:00:00 - 2020-04-10 12:00:00,139,spring,NA,NA,27.1,36.7,1976,4.63,2.75,8.2,5.29,Critical,SAC,1976-10-01T00:00:00Z,1977-10-01T00:00:00Z,-122.4,41.6191
416191N1223997W001,1789578,1976-11-01T00:00:00Z,2640.4,2640.4,0,32,2608.4,32,32,Oil or foreign substance in casing,Unknown,Water level accuracy is unknown,1,Department of Water Resources,NA,1,Department of Water Resources,NA,NA,24040,44N05W34H001M,44N05W34H001M,Digital Elevation Model,Unknown,1-004,Shasta Valley,Siskiyou,96,Irrigation,Single Well,USGS,1952-11-02 00:00:00 - 2020-04-10 12:00:00,139,fall,8.2,42.5,NA,NA,1976,4.63,2.75,8.2,5.29,Critical,SAC,1976-10-01T00:00:00Z,1977-10-01T00:00:00Z,-122.4,41.6191
416191N1223997W001,1789577,1976-03-18T00:00:00Z,2640.4,2640.4,0,27.8,2612.6,27.8,27.8,Oil or foreign substance in casing,Unknown,Water level accuracy is unknown,1,Department of Water Resources,NA,1,Department of Water Resources,NA,NA,24040,44N05W34H001M,44N05W34H001M,Digital Elevation Model,Unknown,1-004,Shasta Valley,Siskiyou,96,Irrigation,Single Well,USGS,1952-11-02 00:00:00 - 2020-04-10 12:00:00,139,spring,NA,NA,27.1,36.7,1975,9.24,8.95,19.23,9.35,Wet,SAC,1975-10-01T00:00:00Z,1976-10-01T00:00:00Z,-122.4,41.6191
416191N1223997W001,1789576,1976-02-10T00:00:00Z,2640.4,2640.4,0,26,2614.4,26,26,Oil or foreign substance in casing,Unknown,Water level accuracy is unknown,1,Department of Water Resources,NA,1,Department of Water Resources,NA,NA,24040,44N05W34H001M,44N05W34H001M,Digital Elevation Model,Unknown,1-004,Shasta Valley,Siskiyou,96,Irrigation,Single Well,USGS,1952-11-02 00:00:00 - 2020-04-10 12:00:00,139,other,NA,NA,NA,NA,1975,9.24,8.95,19.23,9.35,Wet,SAC,1975-10-01T00:00:00Z,1976-10-01T00:00:00Z,-122.4,41.6191
416191N1223997W001,1789575,1975-11-04T00:00:00Z,2640.4,2640.4,0,26.2,2614.2,26.2,26.2,Oil or foreign substance in casing,Unknown,Water level accuracy is unknown,1,Department of Water Resources,NA,1,Department of Water Resources,NA,NA,24040,44N05W34H001M,44N05W34H001M,Digital Elevation Model,Unknown,1-004,Shasta Valley,Siskiyou,96,Irrigation,Single Well,USGS,1952-11-02 00:00:00 - 2020-04-10 12:00:00,139,fall,8.2,42.5,NA,NA,1975,9.24,8.95,19.23,9.35,Wet,SAC,1975-10-01T00:00:00Z,1976-10-01T00:00:00Z,-122.4,41.6191
416191N1223997W001,1789574,1975-04-17T00:00:00Z,2640.4,2640.4,0,27.1,2613.3,27.1,27.1,Oil or foreign substance in casing,Unknown,Water level accuracy is unknown,1,Department of Water Resources,NA,1,Department of Water Resources,NA,NA,24040,44N05W34H001M,44N05W34H001M,Digital Elevation Model,Unknown,1-004,Shasta Valley,Siskiyou,96,Irrigation,Single Well,USGS,1952-11-02 00:00:00 - 2020-04-10 12:00:00,139,spring,NA,NA,27.1,36.7,1974,21.69,9.78,32.5,12.99,Wet,SAC,1974-10-01T00:00:00Z,1975-10-01T00:00:00Z,-122.4,41.6191
416191N1223997W001,1789573,1974-10-15T00:00:00Z,2640.4,2640.4,0,26.5,2613.9,26.5,26.5,Oil or foreign substance in casing,Unknown,Water level accuracy is unknown,1,Department of Water Resources,NA,1,Department of Water Resources,NA,NA,24040,44N05W34H001M,44N05W34H001M,Digital Elevation Model,Unknown,1-004,Shasta Valley,Siskiyou,96,Irrigation,Single Well,USGS,1952-11-02 00:00:00 - 2020-04-10 12:00:00,139,fall,8.2,42.5,NA,NA,1974,21.69,9.78,32.5,12.99,Wet,SAC,1974-10-01T00:00:00Z,1975-10-01T00:00:00Z,-122.4,41.6191
416191N1223997W001,1789572,1974-04-10T00:00:00Z,2640.4,2640.4,0,28,2612.4,28,28,Oil or foreign substance in casing,Unknown,Water level accuracy is unknown,1,Department of Water Resources,NA,1,Department of Water Resources,NA,NA,24040,44N05W34H001M,44N05W34H001M,Digital Elevation Model,Unknown,1-004,Shasta Valley,Siskiyou,96,Irrigation,Single Well,USGS,1952-11-02 00:00:00 - 2020-04-10 12:00:00,139,spring,NA,NA,27.1,36.7,1973,12.8,6.38,20.05,8.58,Above Normal,SAC,1973-10-01T00:00:00Z,1974-10-01T00:00:00Z,-122.4,41.6191
416191N1223997W001,1789571,1973-10-10T00:00:00Z,2640.4,2640.4,0,28.4,2612,28.4,28.4,Oil or foreign substance in casing,Unknown,Water level accuracy is unknown,1,Department of Water Resources,NA,1,Department of Water Resources,NA,NA,24040,44N05W34H001M,44N05W34H001M,Digital Elevation Model,Unknown,1-004,Shasta Valley,Siskiyou,96,Irrigation,Single Well,USGS,1952-11-02 00:00:00 - 2020-04-10 12:00:00,139,fall,8.2,42.5,NA,NA,1973,12.8,6.38,20.05,8.58,Above Normal,SAC,1973-10-01T00:00:00Z,1974-10-01T00:00:00Z,-122.4,41.6191
416191N1223997W001,1789570,1973-04-19T00:00:00Z,2640.4,2640.4,0,29,2611.4,29,29,Oil or foreign substance in casing,Unknown,Water level accuracy is unknown,1,Department of Water Resources,NA,1,Department of Water Resources,NA,NA,24040,44N05W34H001M,44N05W34H001M,Digital Elevation Model,Unknown,1-004,Shasta Valley,Siskiyou,96,Irrigation,Single Well,USGS,1952-11-02 00:00:00 - 2020-04-10 12:00:00,139,spring,NA,NA,27.1,36.7,1972,7.61,5.02,13.43,7.29,Below Normal,SAC,1972-10-01T00:00:00Z,1973-10-01T00:00:00Z,-122.4,41.6191
416191N1223997W001,1789569,1972-10-03T00:00:00Z,2640.4,2640.4,0,26,2614.4,26,26,Oil or foreign substance in casing,Unknown,Water level accuracy is unknown,1,Department of Water Resources,NA,1,Department of Water Resources,NA,NA,24040,44N05W34H001M,44N05W34H001M,Digital Elevation Model,Unknown,1-004,Shasta Valley,Siskiyou,96,Irrigation,Single Well,USGS,1952-11-02 00:00:00 - 2020-04-10 12:00:00,139,fall,8.2,42.5,NA,NA,1972,7.61,5.02,13.43,7.29,Below Normal,SAC,1972-10-01T00:00:00Z,1973-10-01T00:00:00Z,-122.4,41.6191
416191N1223997W001,1789568,1972-03-21T00:00:00Z,2640.4,2640.4,0,31.5,2608.9,31.5,31.5,Oil or foreign substance in casing,Unknown,Water level accuracy is unknown,1,Department of Water Resources,NA,1,Department of Water Resources,NA,NA,24040,44N05W34H001M,44N05W34H001M,Digital Elevation Model,Unknown,1-004,Shasta Valley,Siskiyou,96,Irrigation,Single Well,USGS,1952-11-02 00:00:00 - 2020-04-10 12:00:00,139,spring,NA,NA,27.1,36.7,1971,12.71,8.9,22.57,10.37,Wet,SAC,1971-10-01T00:00:00Z,1972-10-01T00:00:00Z,-122.4,41.6191
416191N1223997W001,1789567,1971-10-27T00:00:00Z,2640.4,2640.4,0,26.3,2614.1,26.3,26.3,Oil or foreign substance in casing,Unknown,Water level accuracy is unknown,1,Department of Water Resources,NA,1,Department of Water Resources,NA,NA,24040,44N05W34H001M,44N05W34H001M,Digital Elevation Model,Unknown,1-004,Shasta Valley,Siskiyou,96,Irrigation,Single Well,USGS,1952-11-02 00:00:00 - 2020-04-10 12:00:00,139,fall,8.2,42.5,NA,NA,1971,12.71,8.9,22.57,10.37,Wet,SAC,1971-10-01T00:00:00Z,1972-10-01T00:00:00Z,-122.4,41.6191
416191N1223997W001,1789566,1971-04-06T00:00:00Z,2640.4,2640.4,0,30,2610.4,30,30,NA,Unknown,Water level accuracy is unknown,1,Department of Water Resources,NA,1,Department of Water Resources,NA,NA,24040,44N05W34H001M,44N05W34H001M,Digital Elevation Model,Unknown,1-004,Shasta Valley,Siskiyou,96,Irrigation,Single Well,USGS,1952-11-02 00:00:00 - 2020-04-10 12:00:00,139,spring,NA,NA,27.1,36.7,1970,18.87,4.35,24.06,10.4,Wet,SAC,1970-10-01T00:00:00Z,1971-10-01T00:00:00Z,-122.4,41.6191
416191N1223997W001,1789565,1970-10-06T00:00:00Z,2640.4,2640.4,0,25.2,2615.2,25.2,25.2,NA,Unknown,Water level accuracy is unknown,1,Department of Water Resources,NA,1,Department of Water Resources,NA,NA,24040,44N05W34H001M,44N05W34H001M,Digital Elevation Model,Unknown,1-004,Shasta Valley,Siskiyou,96,Irrigation,Single Well,USGS,1952-11-02 00:00:00 - 2020-04-10 12:00:00,139,fall,8.2,42.5,NA,NA,1970,18.87,4.35,24.06,10.4,Wet,SAC,1970-10-01T00:00:00Z,1971-10-01T00:00:00Z,-122.4,41.6191
416191N1223997W001,1789564,1970-04-06T00:00:00Z,2640.4,2640.4,0,28.8,2611.6,28.8,28.8,Oil or foreign substance in casing,Unknown,Water level accuracy is unknown,1,Department of Water Resources,NA,1,Department of Water Resources,NA,NA,24040,44N05W34H001M,44N05W34H001M,Digital Elevation Model,Unknown,1-004,Shasta Valley,Siskiyou,96,Irrigation,Single Well,USGS,1952-11-02 00:00:00 - 2020-04-10 12:00:00,139,spring,NA,NA,27.1,36.7,1969,15.33,10.68,26.98,11.05,Wet,SAC,1969-10-01T00:00:00Z,1970-10-01T00:00:00Z,-122.4,41.6191
416191N1223997W001,1789563,1969-10-07T00:00:00Z,2640.4,2640.4,0,25,2615.4,25,25,Oil or foreign substance in casing,Unknown,Water level accuracy is unknown,1,Department of Water Resources,NA,1,Department of Water Resources,NA,NA,24040,44N05W34H001M,44N05W34H001M,Digital Elevation Model,Unknown,1-004,Shasta Valley,Siskiyou,96,Irrigation,Single Well,USGS,1952-11-02 00:00:00 - 2020-04-10 12:00:00,139,fall,8.2,42.5,NA,NA,1969,15.33,10.68,26.98,11.05,Wet,SAC,1969-10-01T00:00:00Z,1970-10-01T00:00:00Z,-122.4,41.6191
416191N1223997W001,1789562,1969-04-07T00:00:00Z,2640.4,2640.4,0,27.8,2612.6,27.8,27.8,NA,Unknown,Water level accuracy is unknown,1,Department of Water Resources,NA,1,Department of Water Resources,NA,NA,24040,44N05W34H001M,44N05W34H001M,Digital Elevation Model,Unknown,1-004,Shasta Valley,Siskiyou,96,Irrigation,Single Well,USGS,1952-11-02 00:00:00 - 2020-04-10 12:00:00,139,spring,NA,NA,27.1,36.7,1968,8.66,4.12,13.64,7.24,Below Normal,SAC,1968-10-01T00:00:00Z,1969-10-01T00:00:00Z,-122.4,41.6191
416191N1223997W001,1789561,1968-10-01T00:00:00Z,2640.4,2640.4,0,24.7,2615.7,24.7,24.7,Oil or foreign substance in casing,Unknown,Water level accuracy is unknown,1,Department of Water Resources,NA,1,Department of Water Resources,NA,NA,24040,44N05W34H001M,44N05W34H001M,Digital Elevation Model,Unknown,1-004,Shasta Valley,Siskiyou,96,Irrigation,Single Well,USGS,1952-11-02 00:00:00 - 2020-04-10 12:00:00,139,fall,8.2,42.5,NA,NA,1968,8.66,4.12,13.64,7.24,Below Normal,SAC,1968-10-01T00:00:00Z,1969-10-01T00:00:00Z,-122.4,41.6191
416191N1223997W001,1789560,1968-04-11T00:00:00Z,2640.4,2640.4,0,29.2,2611.2,29.2,29.2,Oil or foreign substance in casing,Unknown,Water level accuracy is unknown,1,Department of Water Resources,NA,1,Department of Water Resources,NA,NA,24040,44N05W34H001M,44N05W34H001M,Digital Elevation Model,Unknown,1-004,Shasta Valley,Siskiyou,96,Irrigation,Single Well,USGS,1952-11-02 00:00:00 - 2020-04-10 12:00:00,139,spring,NA,NA,27.1,36.7,1967,12.14,11.01,24.06,10.2,Wet,SAC,1967-10-01T00:00:00Z,1968-10-01T00:00:00Z,-122.4,41.6191
416191N1223997W001,1789559,1967-10-04T00:00:00Z,2640.4,2640.4,0,25.6,2614.8,25.6,25.6,Oil or foreign substance in casing,Unknown,Water level accuracy is unknown,1,Department of Water Resources,NA,1,Department of Water Resources,NA,NA,24040,44N05W34H001M,44N05W34H001M,Digital Elevation Model,Unknown,1-004,Shasta Valley,Siskiyou,96,Irrigation,Single Well,USGS,1952-11-02 00:00:00 - 2020-04-10 12:00:00,139,fall,8.2,42.5,NA,NA,1967,12.14,11.01,24.06,10.2,Wet,SAC,1967-10-01T00:00:00Z,1968-10-01T00:00:00Z,-122.4,41.6191
416191N1223997W001,1789558,1967-04-12T00:00:00Z,2640.4,2640.4,0,30.4,2610,30.4,30.4,Oil or foreign substance in casing,Unknown,Water level accuracy is unknown,1,Department of Water Resources,NA,1,Department of Water Resources,NA,NA,24040,44N05W34H001M,44N05W34H001M,Digital Elevation Model,Unknown,1-004,Shasta Valley,Siskiyou,96,Irrigation,Single Well,USGS,1952-11-02 00:00:00 - 2020-04-10 12:00:00,139,spring,NA,NA,27.1,36.7,1966,7.42,4.84,12.95,7.16,Below Normal,SAC,1966-10-01T00:00:00Z,1967-10-01T00:00:00Z,-122.4,41.6191
416191N1223997W001,1789557,1966-10-04T00:00:00Z,2640.4,2640.4,0,24.4,2616,24.4,24.4,NA,Unknown,Water level accuracy is unknown,1,Department of Water Resources,NA,1,Department of Water Resources,NA,NA,24040,44N05W34H001M,44N05W34H001M,Digital Elevation Model,Unknown,1-004,Shasta Valley,Siskiyou,96,Irrigation,Single Well,USGS,1952-11-02 00:00:00 - 2020-04-10 12:00:00,139,fall,8.2,42.5,NA,NA,1966,7.42,4.84,12.95,7.16,Below Normal,SAC,1966-10-01T00:00:00Z,1967-10-01T00:00:00Z,-122.4,41.6191
416191N1223997W001,1789556,1965-11-03T00:00:00Z,2640.4,2640.4,0,25.5,2614.9,25.5,25.5,Oil or foreign substance in casing,Unknown,Water level accuracy is unknown,1,Department of Water Resources,NA,1,Department of Water Resources,NA,NA,24040,44N05W34H001M,44N05W34H001M,Digital Elevation Model,Unknown,1-004,Shasta Valley,Siskiyou,96,Irrigation,Single Well,USGS,1952-11-02 00:00:00 - 2020-04-10 12:00:00,139,fall,8.2,42.5,NA,NA,1965,16.59,8.13,25.64,10.15,Wet,SAC,1965-10-01T00:00:00Z,1966-10-01T00:00:00Z,-122.4,41.6191
416191N1223997W001,1789555,1958-12-18T00:00:00Z,2640.4,2640.4,0,28.3,2612.1,28.3,28.3,NA,Unknown,Water level accuracy is unknown,1,Department of Water Resources,NA,5167,United States Geological Survey,NA,NA,24040,44N05W34H001M,44N05W34H001M,Digital Elevation Model,Unknown,1-004,Shasta Valley,Siskiyou,96,Irrigation,Single Well,USGS,1952-11-02 00:00:00 - 2020-04-10 12:00:00,139,other,NA,NA,NA,NA,1958,16.37,12.24,29.71,12.16,Wet,SAC,1958-10-01T00:00:00Z,1959-10-01T00:00:00Z,-122.4,41.6191
416191N1223997W001,1789554,1958-11-19T00:00:00Z,2640.4,2640.4,0,27.4,2613,27.4,27.4,NA,Unknown,Water level accuracy is unknown,1,Department of Water Resources,NA,5167,United States Geological Survey,NA,NA,24040,44N05W34H001M,44N05W34H001M,Digital Elevation Model,Unknown,1-004,Shasta Valley,Siskiyou,96,Irrigation,Single Well,USGS,1952-11-02 00:00:00 - 2020-04-10 12:00:00,139,fall,8.2,42.5,NA,NA,1958,16.37,12.24,29.71,12.16,Wet,SAC,1958-10-01T00:00:00Z,1959-10-01T00:00:00Z,-122.4,41.6191
416191N1223997W001,1789553,1958-10-16T00:00:00Z,2640.4,2640.4,0,25.7,2614.7,25.7,25.7,NA,Unknown,Water level accuracy is unknown,1,Department of Water Resources,NA,5167,United States Geological Survey,NA,NA,24040,44N05W34H001M,44N05W34H001M,Digital Elevation Model,Unknown,1-004,Shasta Valley,Siskiyou,96,Irrigation,Single Well,USGS,1952-11-02 00:00:00 - 2020-04-10 12:00:00,139,fall,8.2,42.5,NA,NA,1958,16.37,12.24,29.71,12.16,Wet,SAC,1958-10-01T00:00:00Z,1959-10-01T00:00:00Z,-122.4,41.6191
416191N1223997W001,1789552,1958-03-25T00:00:00Z,2640.4,2640.4,0,29.3,2611.1,29.3,29.3,NA,Unknown,Water level accuracy is unknown,1,Department of Water Resources,NA,1,Department of Water Resources,NA,NA,24040,44N05W34H001M,44N05W34H001M,Digital Elevation Model,Unknown,1-004,Shasta Valley,Siskiyou,96,Irrigation,Single Well,USGS,1952-11-02 00:00:00 - 2020-04-10 12:00:00,139,spring,NA,NA,27.1,36.7,1957,7.72,6.29,14.89,7.83,Above Normal,SAC,1957-10-01T00:00:00Z,1958-10-01T00:00:00Z,-122.4,41.6191
416191N1223997W001,1789551,1954-10-28T00:00:00Z,2640.4,2640.4,0,27.8,2612.6,27.8,27.8,NA,Unknown,Water level accuracy is unknown,1,Department of Water Resources,NA,1,Department of Water Resources,NA,NA,24040,44N05W34H001M,44N05W34H001M,Digital Elevation Model,Unknown,1-004,Shasta Valley,Siskiyou,96,Irrigation,Single Well,USGS,1952-11-02 00:00:00 - 2020-04-10 12:00:00,139,fall,8.2,42.5,NA,NA,1954,9.74,6.81,17.43,8.51,Above Normal,SAC,1954-10-01T00:00:00Z,1955-10-01T00:00:00Z,-122.4,41.6191
416191N1223997W001,1789550,1954-05-05T00:00:00Z,2640.4,2640.4,0,28.6,2611.8,28.6,28.6,NA,Unknown,Water level accuracy is unknown,1,Department of Water Resources,NA,1,Department of Water Resources,NA,NA,24040,44N05W34H001M,44N05W34H001M,Digital Elevation Model,Unknown,1-004,Shasta Valley,Siskiyou,96,Irrigation,Single Well,USGS,1952-11-02 00:00:00 - 2020-04-10 12:00:00,139,spring,NA,NA,27.1,36.7,1953,10.84,8.26,20.09,9.55,Wet,SAC,1953-10-01T00:00:00Z,1954-10-01T00:00:00Z,-122.4,41.6191
416191N1223997W001,1789549,1954-03-31T00:00:00Z,2640.4,2640.4,0,29.8,2610.6,29.8,29.8,NA,Unknown,Water level accuracy is unknown,1,Department of Water Resources,NA,1,Department of Water Resources,NA,NA,24040,44N05W34H001M,44N05W34H001M,Digital Elevation Model,Unknown,1-004,Shasta Valley,Siskiyou,96,Irrigation,Single Well,USGS,1952-11-02 00:00:00 - 2020-04-10 12:00:00,139,spring,NA,NA,27.1,36.7,1953,10.84,8.26,20.09,9.55,Wet,SAC,1953-10-01T00:00:00Z,1954-10-01T00:00:00Z,-122.4,41.6191
416191N1223997W001,1789548,1953-11-16T00:00:00Z,2640.4,2640.4,0,28.3,2612.1,28.3,28.3,NA,Unknown,Water level accuracy is unknown,1,Department of Water Resources,NA,5167,United States Geological Survey,NA,NA,24040,44N05W34H001M,44N05W34H001M,Digital Elevation Model,Unknown,1-004,Shasta Valley,Siskiyou,96,Irrigation,Single Well,USGS,1952-11-02 00:00:00 - 2020-04-10 12:00:00,139,fall,8.2,42.5,NA,NA,1953,10.84,8.26,20.09,9.55,Wet,SAC,1953-10-01T00:00:00Z,1954-10-01T00:00:00Z,-122.4,41.6191
416191N1223997W001,1789547,1953-10-25T00:00:00Z,2640.4,2640.4,0,27.4,2613,27.4,27.4,NA,Unknown,Water level accuracy is unknown,1,Department of Water Resources,NA,5167,United States Geological Survey,NA,NA,24040,44N05W34H001M,44N05W34H001M,Digital Elevation Model,Unknown,1-004,Shasta Valley,Siskiyou,96,Irrigation,Single Well,USGS,1952-11-02 00:00:00 - 2020-04-10 12:00:00,139,fall,8.2,42.5,NA,NA,1953,10.84,8.26,20.09,9.55,Wet,SAC,1953-10-01T00:00:00Z,1954-10-01T00:00:00Z,-122.4,41.6191
416191N1223997W001,1789546,1953-10-19T00:00:00Z,2640.4,2640.4,0,27.4,2613,27.4,27.4,NA,Unknown,Water level accuracy is unknown,1,Department of Water Resources,NA,5167,United States Geological Survey,NA,NA,24040,44N05W34H001M,44N05W34H001M,Digital Elevation Model,Unknown,1-004,Shasta Valley,Siskiyou,96,Irrigation,Single Well,USGS,1952-11-02 00:00:00 - 2020-04-10 12:00:00,139,fall,8.2,42.5,NA,NA,1953,10.84,8.26,20.09,9.55,Wet,SAC,1953-10-01T00:00:00Z,1954-10-01T00:00:00Z,-122.4,41.6191
416191N1223997W001,1789545,1953-10-12T00:00:00Z,2640.4,2640.4,0,26.9,2613.5,26.9,26.9,NA,Unknown,Water level accuracy is unknown,1,Department of Water Resources,NA,5167,United States Geological Survey,NA,NA,24040,44N05W34H001M,44N05W34H001M,Digital Elevation Model,Unknown,1-004,Shasta Valley,Siskiyou,96,Irrigation,Single Well,USGS,1952-11-02 00:00:00 - 2020-04-10 12:00:00,139,fall,8.2,42.5,NA,NA,1953,10.84,8.26,20.09,9.55,Wet,SAC,1953-10-01T00:00:00Z,1954-10-01T00:00:00Z,-122.4,41.6191
416191N1223997W001,1789544,1953-10-05T00:00:00Z,2640.4,2640.4,0,26.7,2613.7,26.7,26.7,NA,Unknown,Water level accuracy is unknown,1,Department of Water Resources,NA,5167,United States Geological Survey,NA,NA,24040,44N05W34H001M,44N05W34H001M,Digital Elevation Model,Unknown,1-004,Shasta Valley,Siskiyou,96,Irrigation,Single Well,USGS,1952-11-02 00:00:00 - 2020-04-10 12:00:00,139,fall,8.2,42.5,NA,NA,1953,10.84,8.26,20.09,9.55,Wet,SAC,1953-10-01T00:00:00Z,1954-10-01T00:00:00Z,-122.4,41.6191
416191N1223997W001,1789543,1953-09-28T00:00:00Z,2640.4,2640.4,0,26.4,2614,26.4,26.4,NA,Unknown,Water level accuracy is unknown,1,Department of Water Resources,NA,5167,United States Geological Survey,NA,NA,24040,44N05W34H001M,44N05W34H001M,Digital Elevation Model,Unknown,1-004,Shasta Valley,Siskiyou,96,Irrigation,Single Well,USGS,1952-11-02 00:00:00 - 2020-04-10 12:00:00,139,fall,8.2,42.5,NA,NA,1952,13.86,13.68,28.6,12.38,Wet,SAC,1952-10-01T00:00:00Z,1953-10-01T00:00:00Z,-122.4,41.6191
416191N1223997W001,1789542,1953-09-21T00:00:00Z,2640.4,2640.4,0,25.8,2614.6,25.8,25.8,NA,Unknown,Water level accuracy is unknown,1,Department of Water Resources,NA,5167,United States Geological Survey,NA,NA,24040,44N05W34H001M,44N05W34H001M,Digital Elevation Model,Unknown,1-004,Shasta Valley,Siskiyou,96,Irrigation,Single Well,USGS,1952-11-02 00:00:00 - 2020-04-10 12:00:00,139,fall,8.2,42.5,NA,NA,1952,13.86,13.68,28.6,12.38,Wet,SAC,1952-10-01T00:00:00Z,1953-10-01T00:00:00Z,-122.4,41.6191
416191N1223997W001,1789541,1953-09-14T00:00:00Z,2640.4,2640.4,0,26,2614.4,26,26,NA,Unknown,Water level accuracy is unknown,1,Department of Water Resources,NA,5167,United States Geological Survey,NA,NA,24040,44N05W34H001M,44N05W34H001M,Digital Elevation Model,Unknown,1-004,Shasta Valley,Siskiyou,96,Irrigation,Single Well,USGS,1952-11-02 00:00:00 - 2020-04-10 12:00:00,139,fall,8.2,42.5,NA,NA,1952,13.86,13.68,28.6,12.38,Wet,SAC,1952-10-01T00:00:00Z,1953-10-01T00:00:00Z,-122.4,41.6191
416191N1223997W001,1789540,1953-08-31T00:00:00Z,2640.4,2640.4,0,25.4,2615,25.4,25.4,NA,Unknown,Water level accuracy is unknown,1,Department of Water Resources,NA,5167,United States Geological Survey,NA,NA,24040,44N05W34H001M,44N05W34H001M,Digital Elevation Model,Unknown,1-004,Shasta Valley,Siskiyou,96,Irrigation,Single Well,USGS,1952-11-02 00:00:00 - 2020-04-10 12:00:00,139,fall,8.2,42.5,NA,NA,1952,13.86,13.68,28.6,12.38,Wet,SAC,1952-10-01T00:00:00Z,1953-10-01T00:00:00Z,-122.4,41.6191
416191N1223997W001,1789539,1953-08-24T00:00:00Z,2640.4,2640.4,0,33.6,2606.8,33.6,33.6,Pumping,Unknown,Water level accuracy is unknown,1,Department of Water Resources,NA,5167,United States Geological Survey,NA,NA,24040,44N05W34H001M,44N05W34H001M,Digital Elevation Model,Unknown,1-004,Shasta Valley,Siskiyou,96,Irrigation,Single Well,USGS,1952-11-02 00:00:00 - 2020-04-10 12:00:00,139,fall,8.2,42.5,NA,NA,1952,13.86,13.68,28.6,12.38,Wet,SAC,1952-10-01T00:00:00Z,1953-10-01T00:00:00Z,-122.4,41.6191
416191N1223997W001,1789538,1953-08-17T00:00:00Z,2640.4,2640.4,0,33.6,2606.8,33.6,33.6,Pumping,Unknown,Water level accuracy is unknown,1,Department of Water Resources,NA,5167,United States Geological Survey,NA,NA,24040,44N05W34H001M,44N05W34H001M,Digital Elevation Model,Unknown,1-004,Shasta Valley,Siskiyou,96,Irrigation,Single Well,USGS,1952-11-02 00:00:00 - 2020-04-10 12:00:00,139,fall,8.2,42.5,NA,NA,1952,13.86,13.68,28.6,12.38,Wet,SAC,1952-10-01T00:00:00Z,1953-10-01T00:00:00Z,-122.4,41.6191
416191N1223997W001,1789537,1953-08-10T00:00:00Z,2640.4,2640.4,0,26.4,2614,26.4,26.4,NA,Unknown,Water level accuracy is unknown,1,Department of Water Resources,NA,5167,United States Geological Survey,NA,NA,24040,44N05W34H001M,44N05W34H001M,Digital Elevation Model,Unknown,1-004,Shasta Valley,Siskiyou,96,Irrigation,Single Well,USGS,1952-11-02 00:00:00 - 2020-04-10 12:00:00,139,fall,8.2,42.5,NA,NA,1952,13.86,13.68,28.6,12.38,Wet,SAC,1952-10-01T00:00:00Z,1953-10-01T00:00:00Z,-122.4,41.6191
416191N1223997W001,1789536,1953-08-03T00:00:00Z,2640.4,2640.4,0,33.9,2606.5,33.9,33.9,Pumping,Unknown,Water level accuracy is unknown,1,Department of Water Resources,NA,5167,United States Geological Survey,NA,NA,24040,44N05W34H001M,44N05W34H001M,Digital Elevation Model,Unknown,1-004,Shasta Valley,Siskiyou,96,Irrigation,Single Well,USGS,1952-11-02 00:00:00 - 2020-04-10 12:00:00,139,fall,8.2,42.5,NA,NA,1952,13.86,13.68,28.6,12.38,Wet,SAC,1952-10-01T00:00:00Z,1953-10-01T00:00:00Z,-122.4,41.6191
416191N1223997W001,1789535,1953-07-27T00:00:00Z,2640.4,2640.4,0,27,2613.4,27,27,NA,Unknown,Water level accuracy is unknown,1,Department of Water Resources,NA,5167,United States Geological Survey,NA,NA,24040,44N05W34H001M,44N05W34H001M,Digital Elevation Model,Unknown,1-004,Shasta Valley,Siskiyou,96,Irrigation,Single Well,USGS,1952-11-02 00:00:00 - 2020-04-10 12:00:00,139,other,NA,NA,NA,NA,1952,13.86,13.68,28.6,12.38,Wet,SAC,1952-10-01T00:00:00Z,1953-10-01T00:00:00Z,-122.4,41.6191
416191N1223997W001,1789534,1953-07-20T00:00:00Z,2640.4,2640.4,0,27.4,2613,27.4,27.4,NA,Unknown,Water level accuracy is unknown,1,Department of Water Resources,NA,5167,United States Geological Survey,NA,NA,24040,44N05W34H001M,44N05W34H001M,Digital Elevation Model,Unknown,1-004,Shasta Valley,Siskiyou,96,Irrigation,Single Well,USGS,1952-11-02 00:00:00 - 2020-04-10 12:00:00,139,other,NA,NA,NA,NA,1952,13.86,13.68,28.6,12.38,Wet,SAC,1952-10-01T00:00:00Z,1953-10-01T00:00:00Z,-122.4,41.6191
416191N1223997W001,1789533,1953-07-16T00:00:00Z,2640.4,2640.4,0,29,2611.4,29,29,NA,Unknown,Water level accuracy is unknown,1,Department of Water Resources,NA,5167,United States Geological Survey,NA,NA,24040,44N05W34H001M,44N05W34H001M,Digital Elevation Model,Unknown,1-004,Shasta Valley,Siskiyou,96,Irrigation,Single Well,USGS,1952-11-02 00:00:00 - 2020-04-10 12:00:00,139,other,NA,NA,NA,NA,1952,13.86,13.68,28.6,12.38,Wet,SAC,1952-10-01T00:00:00Z,1953-10-01T00:00:00Z,-122.4,41.6191
416191N1223997W001,1789532,1953-04-02T00:00:00Z,2640.4,2640.4,0,29.8,2610.6,29.8,29.8,NA,Unknown,Water level accuracy is unknown,1,Department of Water Resources,NA,5167,United States Geological Survey,NA,NA,24040,44N05W34H001M,44N05W34H001M,Digital Elevation Model,Unknown,1-004,Shasta Valley,Siskiyou,96,Irrigation,Single Well,USGS,1952-11-02 00:00:00 - 2020-04-10 12:00:00,139,spring,NA,NA,27.1,36.7,1952,13.86,13.68,28.6,12.38,Wet,SAC,1952-10-01T00:00:00Z,1953-10-01T00:00:00Z,-122.4,41.6191
416191N1223997W001,1789531,1952-12-11T00:00:00Z,2640.4,2640.4,0,28.4,2612,28.4,28.4,NA,Unknown,Water level accuracy is unknown,1,Department of Water Resources,NA,1,Department of Water Resources,NA,NA,24040,44N05W34H001M,44N05W34H001M,Digital Elevation Model,Unknown,1-004,Shasta Valley,Siskiyou,96,Irrigation,Single Well,USGS,1952-11-02 00:00:00 - 2020-04-10 12:00:00,139,other,NA,NA,NA,NA,1952,13.86,13.68,28.6,12.38,Wet,SAC,1952-10-01T00:00:00Z,1953-10-01T00:00:00Z,-122.4,41.6191
416191N1223997W001,1789530,1952-11-02T00:00:00Z,2640.4,2640.4,0,28.4,2612,28.4,28.4,NA,Unknown,Water level accuracy is unknown,1,Department of Water Resources,NA,5167,United States Geological Survey,NA,NA,24040,44N05W34H001M,44N05W34H001M,Digital Elevation Model,Unknown,1-004,Shasta Valley,Siskiyou,96,Irrigation,Single Well,USGS,1952-11-02 00:00:00 - 2020-04-10 12:00:00,139,fall,8.2,42.5,NA,NA,1952,13.86,13.68,28.6,12.38,Wet,SAC,1952-10-01T00:00:00Z,1953-10-01T00:00:00Z,-122.4,41.6191
