SITE_CODE,WLM_ID,MSMT_DATE,WLM_RPE,WLM_GSE,RDNG_WS,RDNG_RP,WSE,RPE_WSE,GSE_WSE,WLM_QA_DESC,WLM_DESC,WLM_ACC_DESC,WLM_ORG_ID,WLM_ORG_NAME,MSMT_CMT,COOP_AGENCY_ORG_ID,COOP_ORG_NAME,TOP_PRF,BOT_PRF,STN_ID,SWN,WELL_NAME,WLM_METHOD,WLM_ACC,BASIN_CODE,BASIN_NAME,COUNTY_NAME,WELL_DEPTH,WELL_USE,WELL_TYPE,WCR_NO,t_range,n_samples,season,fall_high,fall_low,spring_high,spring_low,water_year,HUC8,WYT,water_year_type,water_year_start,water_year_end,X,Y
416237N1224524W001,2619093,2020-04-10T12:00:00Z,2611.6,2611.6,NA,NA,NA,NA,NA,Pumping,NA,NA,1,Department of Water Resources,NA,1,Department of Water Resources,40,69,36753,44N05W32C002M,44N05W32C002M,USGS quad,10 ft.,1-004,Shasta Valley,Siskiyou,79,Irrigation,Single Well,53277,1954-05-13 00:00:00 - 2020-04-10 12:00:00,63,spring,NA,NA,37,50.3,2020,NA,NA,NA,2019-10-01T00:00:00Z,2020-10-01T00:00:00Z,-122.452,41.6237
416237N1224524W001,2480400,2019-10-25T12:00:00Z,2611.6,2611.6,NA,NA,NA,NA,NA,Tape hung up,NA,NA,1,Department of Water Resources,Dry to 60 feet,1,Department of Water Resources,40,69,36753,44N05W32C002M,44N05W32C002M,USGS quad,10 ft.,1-004,Shasta Valley,Siskiyou,79,Irrigation,Single Well,53277,1954-05-13 00:00:00 - 2020-04-10 12:00:00,63,fall,36.5,66.4,NA,NA,2020,NA,NA,NA,2019-10-01T00:00:00Z,2020-10-01T00:00:00Z,-122.452,41.6237
416237N1224524W001,2452857,2019-04-04T12:00:00Z,2611.6,2611.6,9.4,55,2566,45.6,45.6,NA,Steel tape measurement,Water level accuracy to nearest tenth of a foot,1,Department of Water Resources,NA,1,Department of Water Resources,40,69,36753,44N05W32C002M,44N05W32C002M,USGS quad,10 ft.,1-004,Shasta Valley,Siskiyou,79,Irrigation,Single Well,53277,1954-05-13 00:00:00 - 2020-04-10 12:00:00,63,spring,NA,NA,37,50.3,2019,NA,NA,NA,2018-10-01T00:00:00Z,2019-10-01T00:00:00Z,-122.452,41.6237
416237N1224524W001,2413599,2018-10-22T12:00:00Z,2611.6,2611.6,11,65,2557.6,54,54,Other,Steel tape measurement,Water level accuracy to nearest tenth of a foot,1,Department of Water Resources,Tape hanging up,1,Department of Water Resources,40,69,36753,44N05W32C002M,44N05W32C002M,USGS quad,10 ft.,1-004,Shasta Valley,Siskiyou,79,Irrigation,Single Well,53277,1954-05-13 00:00:00 - 2020-04-10 12:00:00,63,fall,36.5,66.4,NA,NA,2019,NA,NA,NA,2018-10-01T00:00:00Z,2019-10-01T00:00:00Z,-122.452,41.6237
416237N1224524W001,2286537,2018-03-26T12:00:00Z,2611.6,2611.6,9.8,50,2571.4,40.2,40.2,Other,Steel tape measurement,Water level accuracy to nearest tenth of a foot,1,Department of Water Resources,Tape hanging up,1,Department of Water Resources,40,69,36753,44N05W32C002M,44N05W32C002M,USGS quad,10 ft.,1-004,Shasta Valley,Siskiyou,79,Irrigation,Single Well,53277,1954-05-13 00:00:00 - 2020-04-10 12:00:00,63,spring,NA,NA,37,50.3,2018,18010207,Below Normal,Below Normal,2017-10-01T00:00:00Z,2018-10-01T00:00:00Z,-122.452,41.6237
416237N1224524W001,2266742,2017-10-18T12:00:00Z,2611.6,2611.6,12.7,65,2559.3,52.3,52.3,NA,Steel tape measurement,Water level accuracy to nearest tenth of a foot,1,Department of Water Resources,NA,1,Department of Water Resources,40,69,36753,44N05W32C002M,44N05W32C002M,USGS quad,10 ft.,1-004,Shasta Valley,Siskiyou,79,Irrigation,Single Well,53277,1954-05-13 00:00:00 - 2020-04-10 12:00:00,63,fall,36.5,66.4,NA,NA,2018,18010207,Below Normal,Below Normal,2017-10-01T00:00:00Z,2018-10-01T00:00:00Z,-122.452,41.6237
416237N1224524W001,2241472,2017-03-22T12:00:00Z,2611.6,2611.6,0.8,40,2572.4,39.2,39.2,NA,Steel tape measurement,Water level accuracy to nearest tenth of a foot,1,Department of Water Resources,NA,1,Department of Water Resources,40,69,36753,44N05W32C002M,44N05W32C002M,USGS quad,10 ft.,1-004,Shasta Valley,Siskiyou,79,Irrigation,Single Well,53277,1954-05-13 00:00:00 - 2020-04-10 12:00:00,63,spring,NA,NA,37,50.3,2017,18010207,Wet,Wet,2016-10-01T00:00:00Z,2017-10-01T00:00:00Z,-122.452,41.6237
416237N1224524W001,2214933,2016-10-21T12:00:00Z,2611.6,2611.6,2.6,47,2567.2,44.4,44.4,NA,Steel tape measurement,Water level accuracy to nearest tenth of a foot,1,Department of Water Resources,NA,1,Department of Water Resources,40,69,36753,44N05W32C002M,44N05W32C002M,USGS quad,10 ft.,1-004,Shasta Valley,Siskiyou,79,Irrigation,Single Well,53277,1954-05-13 00:00:00 - 2020-04-10 12:00:00,63,fall,36.5,66.4,NA,NA,2017,18010207,Wet,Wet,2016-10-01T00:00:00Z,2017-10-01T00:00:00Z,-122.452,41.6237
416237N1224524W001,2189520,2016-04-06T00:00:00Z,2611.6,2611.6,9.7,60,2561.3,50.3,50.3,Pumping,Steel tape measurement,Water level accuracy to nearest tenth of a foot,1,Department of Water Resources,NA,1,Department of Water Resources,40,69,36753,44N05W32C002M,44N05W32C002M,USGS quad,10 ft.,1-004,Shasta Valley,Siskiyou,79,Irrigation,Single Well,53277,1954-05-13 00:00:00 - 2020-04-10 12:00:00,63,spring,NA,NA,37,50.3,2016,18010207,Wet,Wet,2015-10-01T00:00:00Z,2016-10-01T00:00:00Z,-122.452,41.6237
416237N1224524W001,2165289,2015-10-20T00:00:00Z,2611.6,2611.6,9.6,50,2571.2,40.4,40.4,NA,Steel tape measurement,Water level accuracy to nearest tenth of a foot,1,Department of Water Resources,NA,1,Department of Water Resources,40,69,36753,44N05W32C002M,44N05W32C002M,USGS quad,10 ft.,1-004,Shasta Valley,Siskiyou,79,Irrigation,Single Well,53277,1954-05-13 00:00:00 - 2020-04-10 12:00:00,63,fall,36.5,66.4,NA,NA,2016,18010207,Wet,Wet,2015-10-01T00:00:00Z,2016-10-01T00:00:00Z,-122.452,41.6237
416237N1224524W001,2189784,2015-04-02T00:00:00Z,2611.6,2611.6,0.5,40,2572.1,39.5,39.5,NA,Steel tape measurement,Water level accuracy to nearest tenth of a foot,1,Department of Water Resources,NA,1,Department of Water Resources,40,69,36753,44N05W32C002M,44N05W32C002M,USGS quad,10 ft.,1-004,Shasta Valley,Siskiyou,79,Irrigation,Single Well,53277,1954-05-13 00:00:00 - 2020-04-10 12:00:00,63,spring,NA,NA,37,50.3,2015,18010207,Below Normal,Below Normal,2014-10-01T00:00:00Z,2015-10-01T00:00:00Z,-122.452,41.6237
416237N1224524W001,2029961,2014-10-29T00:00:00Z,2611.6,2611.6,15.7,60,2567.3,44.3,44.3,NA,Steel tape measurement,Water level accuracy to nearest tenth of a foot,1,Department of Water Resources,NA,1,Department of Water Resources,40,69,36753,44N05W32C002M,44N05W32C002M,USGS quad,10 ft.,1-004,Shasta Valley,Siskiyou,79,Irrigation,Single Well,53277,1954-05-13 00:00:00 - 2020-04-10 12:00:00,63,fall,36.5,66.4,NA,NA,2015,18010207,Below Normal,Below Normal,2014-10-01T00:00:00Z,2015-10-01T00:00:00Z,-122.452,41.6237
416237N1224524W001,1884047,2014-03-24T00:00:00Z,2611.6,2611.6,2.2,43,2570.8,40.8,40.8,NA,Steel tape measurement,Water level accuracy to nearest tenth of a foot,1,Department of Water Resources,NA,1,Department of Water Resources,40,69,36753,44N05W32C002M,44N05W32C002M,USGS quad,10 ft.,1-004,Shasta Valley,Siskiyou,79,Irrigation,Single Well,53277,1954-05-13 00:00:00 - 2020-04-10 12:00:00,63,spring,NA,NA,37,50.3,2014,18010207,Critical,Critical,2013-10-01T00:00:00Z,2014-10-01T00:00:00Z,-122.452,41.6237
416237N1224524W001,1797153,2013-10-24T00:00:00Z,2611.6,2611.6,0.9,53,2559.5,52.1,52.1,NA,Steel tape measurement,Water level accuracy to nearest tenth of a foot,1,Department of Water Resources,NA,1,Department of Water Resources,40,69,36753,44N05W32C002M,44N05W32C002M,USGS quad,10 ft.,1-004,Shasta Valley,Siskiyou,79,Irrigation,Single Well,53277,1954-05-13 00:00:00 - 2020-04-10 12:00:00,63,fall,36.5,66.4,NA,NA,2014,18010207,Critical,Critical,2013-10-01T00:00:00Z,2014-10-01T00:00:00Z,-122.452,41.6237
416237N1224524W001,1684663,2013-03-25T00:00:00Z,2611.56,2611.56,10.3,55,2566.86,44.7,44.7,NA,Steel tape measurement,Water level accuracy to nearest tenth of a foot,1,Department of Water Resources,NA,1,Department of Water Resources,40,69,36753,44N05W32C002M,44N05W32C002M,USGS quad,10 ft.,1-004,Shasta Valley,Siskiyou,79,Irrigation,Single Well,53277,1954-05-13 00:00:00 - 2020-04-10 12:00:00,63,spring,NA,NA,37,50.3,2013,18010207,Below Normal,Below Normal,2012-10-01T00:00:00Z,2013-10-01T00:00:00Z,-122.452,41.6237
416237N1224524W001,69694,2012-10-26T00:00:00Z,2611.56,2611.56,0.7,48,2564.26,47.3,47.3,NA,Steel tape measurement,Water level accuracy to nearest tenth of a foot,1,Department of Water Resources,NA,1,Department of Water Resources,40,69,36753,44N05W32C002M,44N05W32C002M,USGS quad,10 ft.,1-004,Shasta Valley,Siskiyou,79,Irrigation,Single Well,53277,1954-05-13 00:00:00 - 2020-04-10 12:00:00,63,fall,36.5,66.4,NA,NA,2013,18010207,Below Normal,Below Normal,2012-10-01T00:00:00Z,2013-10-01T00:00:00Z,-122.452,41.6237
416237N1224524W001,59884,2012-04-18T00:00:00Z,2611.56,2611.56,3.5,47,2568.06,43.5,43.5,NA,Steel tape measurement,Water level accuracy to nearest tenth of a foot,1,Department of Water Resources,NA,1,Department of Water Resources,40,69,36753,44N05W32C002M,44N05W32C002M,USGS quad,10 ft.,1-004,Shasta Valley,Siskiyou,79,Irrigation,Single Well,53277,1954-05-13 00:00:00 - 2020-04-10 12:00:00,63,spring,NA,NA,37,50.3,2012,18010207,Below Normal,Below Normal,2011-10-01T00:00:00Z,2012-10-01T00:00:00Z,-122.452,41.6237
416237N1224524W001,39863,2011-10-20T00:00:00Z,2611.56,2611.56,0,43.6,2567.96,43.6,43.6,NA,Steel tape measurement,Water level accuracy to nearest tenth of a foot,1,Department of Water Resources,NA,1,Department of Water Resources,40,69,36753,44N05W32C002M,44N05W32C002M,USGS quad,10 ft.,1-004,Shasta Valley,Siskiyou,79,Irrigation,Single Well,53277,1954-05-13 00:00:00 - 2020-04-10 12:00:00,63,fall,36.5,66.4,NA,NA,2012,18010207,Below Normal,Below Normal,2011-10-01T00:00:00Z,2012-10-01T00:00:00Z,-122.452,41.6237
416237N1224524W001,1789529,2011-10-20T00:00:00Z,2611.6,2611.6,0,43.6,2568,43.6,43.6,NA,Unknown,Water level accuracy is unknown,1,Department of Water Resources,NA,1,Department of Water Resources,40,69,36753,44N05W32C002M,44N05W32C002M,USGS quad,10 ft.,1-004,Shasta Valley,Siskiyou,79,Irrigation,Single Well,53277,1954-05-13 00:00:00 - 2020-04-10 12:00:00,63,fall,36.5,66.4,NA,NA,2012,18010207,Below Normal,Below Normal,2011-10-01T00:00:00Z,2012-10-01T00:00:00Z,-122.452,41.6237
416237N1224524W001,1789528,2011-04-21T00:00:00Z,2611.6,2611.6,0,38.7,2572.9,38.7,38.7,NA,Unknown,Water level accuracy is unknown,1,Department of Water Resources,NA,1,Department of Water Resources,40,69,36753,44N05W32C002M,44N05W32C002M,USGS quad,10 ft.,1-004,Shasta Valley,Siskiyou,79,Irrigation,Single Well,53277,1954-05-13 00:00:00 - 2020-04-10 12:00:00,63,spring,NA,NA,37,50.3,2011,18010207,Above Normal,Above Normal,2010-10-01T00:00:00Z,2011-10-01T00:00:00Z,-122.452,41.6237
416237N1224524W001,1789527,2010-10-26T00:00:00Z,2611.6,2611.6,0,43.1,2568.5,43.1,43.1,NA,Unknown,Water level accuracy is unknown,1,Department of Water Resources,NA,1,Department of Water Resources,40,69,36753,44N05W32C002M,44N05W32C002M,USGS quad,10 ft.,1-004,Shasta Valley,Siskiyou,79,Irrigation,Single Well,53277,1954-05-13 00:00:00 - 2020-04-10 12:00:00,63,fall,36.5,66.4,NA,NA,2011,18010207,Above Normal,Above Normal,2010-10-01T00:00:00Z,2011-10-01T00:00:00Z,-122.452,41.6237
416237N1224524W001,1789526,2010-04-01T00:00:00Z,2611.6,2611.6,0,39.7,2571.9,39.7,39.7,NA,Unknown,Water level accuracy is unknown,1,Department of Water Resources,NA,1,Department of Water Resources,40,69,36753,44N05W32C002M,44N05W32C002M,USGS quad,10 ft.,1-004,Shasta Valley,Siskiyou,79,Irrigation,Single Well,53277,1954-05-13 00:00:00 - 2020-04-10 12:00:00,63,spring,NA,NA,37,50.3,2010,18010207,Below Normal,Below Normal,2009-10-01T00:00:00Z,2010-10-01T00:00:00Z,-122.452,41.6237
416237N1224524W001,1789525,2009-10-28T00:00:00Z,2611.6,2611.6,0,45.8,2565.8,45.8,45.8,NA,Unknown,Water level accuracy is unknown,1,Department of Water Resources,NA,1,Department of Water Resources,40,69,36753,44N05W32C002M,44N05W32C002M,USGS quad,10 ft.,1-004,Shasta Valley,Siskiyou,79,Irrigation,Single Well,53277,1954-05-13 00:00:00 - 2020-04-10 12:00:00,63,fall,36.5,66.4,NA,NA,2010,18010207,Below Normal,Below Normal,2009-10-01T00:00:00Z,2010-10-01T00:00:00Z,-122.452,41.6237
416237N1224524W001,1789524,2009-04-07T00:00:00Z,2611.6,2611.6,0,40.7,2570.9,40.7,40.7,NA,Unknown,Water level accuracy is unknown,1,Department of Water Resources,NA,1,Department of Water Resources,40,69,36753,44N05W32C002M,44N05W32C002M,USGS quad,10 ft.,1-004,Shasta Valley,Siskiyou,79,Irrigation,Single Well,53277,1954-05-13 00:00:00 - 2020-04-10 12:00:00,63,spring,NA,NA,37,50.3,2009,18010207,Dry,Dry,2008-10-01T00:00:00Z,2009-10-01T00:00:00Z,-122.452,41.6237
416237N1224524W001,1789523,2008-10-29T00:00:00Z,2611.6,2611.6,0,45.7,2565.9,45.7,45.7,NA,Unknown,Water level accuracy is unknown,1,Department of Water Resources,NA,1,Department of Water Resources,40,69,36753,44N05W32C002M,44N05W32C002M,USGS quad,10 ft.,1-004,Shasta Valley,Siskiyou,79,Irrigation,Single Well,53277,1954-05-13 00:00:00 - 2020-04-10 12:00:00,63,fall,36.5,66.4,NA,NA,2009,18010207,Dry,Dry,2008-10-01T00:00:00Z,2009-10-01T00:00:00Z,-122.452,41.6237
416237N1224524W001,1789522,2008-03-28T00:00:00Z,2611.6,2611.6,0,38.2,2573.4,38.2,38.2,NA,Unknown,Water level accuracy is unknown,1,Department of Water Resources,NA,1,Department of Water Resources,40,69,36753,44N05W32C002M,44N05W32C002M,USGS quad,10 ft.,1-004,Shasta Valley,Siskiyou,79,Irrigation,Single Well,53277,1954-05-13 00:00:00 - 2020-04-10 12:00:00,63,spring,NA,NA,37,50.3,2008,18010207,Dry,Dry,2007-10-01T00:00:00Z,2008-10-01T00:00:00Z,-122.452,41.6237
416237N1224524W001,1789521,2007-10-24T00:00:00Z,2611.6,2611.6,0,45.4,2566.2,45.4,45.4,NA,Unknown,Water level accuracy is unknown,1,Department of Water Resources,NA,1,Department of Water Resources,40,69,36753,44N05W32C002M,44N05W32C002M,USGS quad,10 ft.,1-004,Shasta Valley,Siskiyou,79,Irrigation,Single Well,53277,1954-05-13 00:00:00 - 2020-04-10 12:00:00,63,fall,36.5,66.4,NA,NA,2008,18010207,Dry,Dry,2007-10-01T00:00:00Z,2008-10-01T00:00:00Z,-122.452,41.6237
416237N1224524W001,1789520,2007-03-28T00:00:00Z,2611.6,2611.6,0,39.5,2572.1,39.5,39.5,NA,Unknown,Water level accuracy is unknown,1,Department of Water Resources,NA,1,Department of Water Resources,40,69,36753,44N05W32C002M,44N05W32C002M,USGS quad,10 ft.,1-004,Shasta Valley,Siskiyou,79,Irrigation,Single Well,53277,1954-05-13 00:00:00 - 2020-04-10 12:00:00,63,spring,NA,NA,37,50.3,2007,18010207,Below Normal,Below Normal,2006-10-01T00:00:00Z,2007-10-01T00:00:00Z,-122.452,41.6237
416237N1224524W001,1789519,2006-10-16T00:00:00Z,2611.6,2611.6,NA,NA,NA,NA,NA,Pumping,NA,NA,1,Department of Water Resources,NA,1,Department of Water Resources,40,69,36753,44N05W32C002M,44N05W32C002M,USGS quad,10 ft.,1-004,Shasta Valley,Siskiyou,79,Irrigation,Single Well,53277,1954-05-13 00:00:00 - 2020-04-10 12:00:00,63,fall,36.5,66.4,NA,NA,2007,18010207,Below Normal,Below Normal,2006-10-01T00:00:00Z,2007-10-01T00:00:00Z,-122.452,41.6237
416237N1224524W001,1789518,2006-04-20T00:00:00Z,2611.6,2611.6,0,37,2574.6,37,37,NA,Unknown,Water level accuracy is unknown,1,Department of Water Resources,NA,1,Department of Water Resources,40,69,36753,44N05W32C002M,44N05W32C002M,USGS quad,10 ft.,1-004,Shasta Valley,Siskiyou,79,Irrigation,Single Well,53277,1954-05-13 00:00:00 - 2020-04-10 12:00:00,63,spring,NA,NA,37,50.3,2006,18010207,Wet,Wet,2005-10-01T00:00:00Z,2006-10-01T00:00:00Z,-122.452,41.6237
416237N1224524W001,1789517,2005-03-29T00:00:00Z,2611.6,2611.6,0,38.8,2572.8,38.8,38.8,NA,Unknown,Water level accuracy is unknown,1,Department of Water Resources,NA,1,Department of Water Resources,40,69,36753,44N05W32C002M,44N05W32C002M,USGS quad,10 ft.,1-004,Shasta Valley,Siskiyou,79,Irrigation,Single Well,53277,1954-05-13 00:00:00 - 2020-04-10 12:00:00,63,spring,NA,NA,37,50.3,2005,18010207,Above Normal,Above Normal,2004-10-01T00:00:00Z,2005-10-01T00:00:00Z,-122.452,41.6237
416237N1224524W001,1789516,2004-10-29T00:00:00Z,2611.6,2611.6,0,40.5,2571.1,40.5,40.5,NA,Unknown,Water level accuracy is unknown,1,Department of Water Resources,NA,1,Department of Water Resources,40,69,36753,44N05W32C002M,44N05W32C002M,USGS quad,10 ft.,1-004,Shasta Valley,Siskiyou,79,Irrigation,Single Well,53277,1954-05-13 00:00:00 - 2020-04-10 12:00:00,63,fall,36.5,66.4,NA,NA,2005,18010207,Above Normal,Above Normal,2004-10-01T00:00:00Z,2005-10-01T00:00:00Z,-122.452,41.6237
416237N1224524W001,1789515,2004-03-31T00:00:00Z,2611.6,2611.6,0,40.8,2570.8,40.8,40.8,NA,Unknown,Water level accuracy is unknown,1,Department of Water Resources,NA,1,Department of Water Resources,40,69,36753,44N05W32C002M,44N05W32C002M,USGS quad,10 ft.,1-004,Shasta Valley,Siskiyou,79,Irrigation,Single Well,53277,1954-05-13 00:00:00 - 2020-04-10 12:00:00,63,spring,NA,NA,37,50.3,2004,18010207,Above Normal,Above Normal,2003-10-01T00:00:00Z,2004-10-01T00:00:00Z,-122.452,41.6237
416237N1224524W001,1789514,2003-10-07T00:00:00Z,2611.6,2611.6,0,65.2,2546.4,65.2,65.2,Pumping,Unknown,Water level accuracy is unknown,1,Department of Water Resources,NA,1,Department of Water Resources,40,69,36753,44N05W32C002M,44N05W32C002M,USGS quad,10 ft.,1-004,Shasta Valley,Siskiyou,79,Irrigation,Single Well,53277,1954-05-13 00:00:00 - 2020-04-10 12:00:00,63,fall,36.5,66.4,NA,NA,2004,18010207,Above Normal,Above Normal,2003-10-01T00:00:00Z,2004-10-01T00:00:00Z,-122.452,41.6237
416237N1224524W001,1789513,2003-03-24T00:00:00Z,2611.6,2611.6,0,43,2568.6,43,43,Other,Unknown,Water level accuracy is unknown,1,Department of Water Resources,NA,1,Department of Water Resources,40,69,36753,44N05W32C002M,44N05W32C002M,USGS quad,10 ft.,1-004,Shasta Valley,Siskiyou,79,Irrigation,Single Well,53277,1954-05-13 00:00:00 - 2020-04-10 12:00:00,63,spring,NA,NA,37,50.3,2003,18010207,Above Normal,Above Normal,2002-10-01T00:00:00Z,2003-10-01T00:00:00Z,-122.452,41.6237
416237N1224524W001,1789512,2002-10-10T00:00:00Z,2611.6,2611.6,0,66.4,2545.2,66.4,66.4,Pumping,Unknown,Water level accuracy is unknown,1,Department of Water Resources,NA,1,Department of Water Resources,40,69,36753,44N05W32C002M,44N05W32C002M,USGS quad,10 ft.,1-004,Shasta Valley,Siskiyou,79,Irrigation,Single Well,53277,1954-05-13 00:00:00 - 2020-04-10 12:00:00,63,fall,36.5,66.4,NA,NA,2003,18010207,Above Normal,Above Normal,2002-10-01T00:00:00Z,2003-10-01T00:00:00Z,-122.452,41.6237
416237N1224524W001,1789511,2002-03-27T00:00:00Z,2611.6,2611.6,0,42,2569.6,42,42,NA,Unknown,Water level accuracy is unknown,1,Department of Water Resources,NA,1,Department of Water Resources,40,69,36753,44N05W32C002M,44N05W32C002M,USGS quad,10 ft.,1-004,Shasta Valley,Siskiyou,79,Irrigation,Single Well,53277,1954-05-13 00:00:00 - 2020-04-10 12:00:00,63,spring,NA,NA,37,50.3,2002,18010207,Dry,Dry,2001-10-01T00:00:00Z,2002-10-01T00:00:00Z,-122.452,41.6237
416237N1224524W001,1789510,2001-10-30T00:00:00Z,2611.6,2611.6,0,51.3,2560.3,51.3,51.3,NA,Unknown,Water level accuracy is unknown,1,Department of Water Resources,NA,1,Department of Water Resources,40,69,36753,44N05W32C002M,44N05W32C002M,USGS quad,10 ft.,1-004,Shasta Valley,Siskiyou,79,Irrigation,Single Well,53277,1954-05-13 00:00:00 - 2020-04-10 12:00:00,63,fall,36.5,66.4,NA,NA,2002,18010207,Dry,Dry,2001-10-01T00:00:00Z,2002-10-01T00:00:00Z,-122.452,41.6237
416237N1224524W001,1789509,2001-04-02T00:00:00Z,2611.6,2611.6,0,40.5,2571.1,40.5,40.5,NA,Unknown,Water level accuracy is unknown,1,Department of Water Resources,NA,1,Department of Water Resources,40,69,36753,44N05W32C002M,44N05W32C002M,USGS quad,10 ft.,1-004,Shasta Valley,Siskiyou,79,Irrigation,Single Well,53277,1954-05-13 00:00:00 - 2020-04-10 12:00:00,63,spring,NA,NA,37,50.3,2001,18010207,Critical,Critical,2000-10-01T00:00:00Z,2001-10-01T00:00:00Z,-122.452,41.6237
416237N1224524W001,1789508,2000-10-09T00:00:00Z,2611.6,2611.6,0,50.5,2561.1,50.5,50.5,Oil or foreign substance in casing,Unknown,Water level accuracy is unknown,1,Department of Water Resources,NA,1,Department of Water Resources,40,69,36753,44N05W32C002M,44N05W32C002M,USGS quad,10 ft.,1-004,Shasta Valley,Siskiyou,79,Irrigation,Single Well,53277,1954-05-13 00:00:00 - 2020-04-10 12:00:00,63,fall,36.5,66.4,NA,NA,2001,18010207,Critical,Critical,2000-10-01T00:00:00Z,2001-10-01T00:00:00Z,-122.452,41.6237
416237N1224524W001,1789507,2000-03-22T00:00:00Z,2611.6,2611.6,0,40.4,2571.2,40.4,40.4,NA,Unknown,Water level accuracy is unknown,1,Department of Water Resources,NA,1,Department of Water Resources,40,69,36753,44N05W32C002M,44N05W32C002M,USGS quad,10 ft.,1-004,Shasta Valley,Siskiyou,79,Irrigation,Single Well,53277,1954-05-13 00:00:00 - 2020-04-10 12:00:00,63,spring,NA,NA,37,50.3,2000,18010207,Above Normal,Above Normal,1999-10-01T00:00:00Z,2000-10-01T00:00:00Z,-122.452,41.6237
416237N1224524W001,1789505,1999-10-25T00:00:00Z,2611.6,2611.6,0,47.4,2564.2,47.4,47.4,NA,Unknown,Water level accuracy is unknown,1,Department of Water Resources,NA,1,Department of Water Resources,40,69,36753,44N05W32C002M,44N05W32C002M,USGS quad,10 ft.,1-004,Shasta Valley,Siskiyou,79,Irrigation,Single Well,53277,1954-05-13 00:00:00 - 2020-04-10 12:00:00,63,fall,36.5,66.4,NA,NA,2000,18010207,Above Normal,Above Normal,1999-10-01T00:00:00Z,2000-10-01T00:00:00Z,-122.452,41.6237
416237N1224524W001,1789506,1999-03-15T00:00:00Z,2611.6,2611.6,0,38.9,2572.7,38.9,38.9,NA,Unknown,Water level accuracy is unknown,1,Department of Water Resources,NA,1,Department of Water Resources,40,69,36753,44N05W32C002M,44N05W32C002M,USGS quad,10 ft.,1-004,Shasta Valley,Siskiyou,79,Irrigation,Single Well,53277,1954-05-13 00:00:00 - 2020-04-10 12:00:00,63,spring,NA,NA,37,50.3,1999,18010207,Wet,Wet,1998-10-01T00:00:00Z,1999-10-01T00:00:00Z,-122.452,41.6237
416237N1224524W001,1789504,1998-10-27T00:00:00Z,2611.6,2611.6,0,45.3,2566.3,45.3,45.3,NA,Unknown,Water level accuracy is unknown,1,Department of Water Resources,NA,1,Department of Water Resources,40,69,36753,44N05W32C002M,44N05W32C002M,USGS quad,10 ft.,1-004,Shasta Valley,Siskiyou,79,Irrigation,Single Well,53277,1954-05-13 00:00:00 - 2020-04-10 12:00:00,63,fall,36.5,66.4,NA,NA,1999,18010207,Wet,Wet,1998-10-01T00:00:00Z,1999-10-01T00:00:00Z,-122.452,41.6237
416237N1224524W001,1789503,1998-03-31T00:00:00Z,2611.6,2611.6,0,40.3,2571.3,40.3,40.3,NA,Unknown,Water level accuracy is unknown,1,Department of Water Resources,NA,1,Department of Water Resources,40,69,36753,44N05W32C002M,44N05W32C002M,USGS quad,10 ft.,1-004,Shasta Valley,Siskiyou,79,Irrigation,Single Well,53277,1954-05-13 00:00:00 - 2020-04-10 12:00:00,63,spring,NA,NA,37,50.3,1998,18010207,Wet,Wet,1997-10-01T00:00:00Z,1998-10-01T00:00:00Z,-122.452,41.6237
416237N1224524W001,1789502,1997-10-22T00:00:00Z,2611.6,2611.6,0,47,2564.6,47,47,NA,Unknown,Water level accuracy is unknown,1,Department of Water Resources,NA,1,Department of Water Resources,40,69,36753,44N05W32C002M,44N05W32C002M,USGS quad,10 ft.,1-004,Shasta Valley,Siskiyou,79,Irrigation,Single Well,53277,1954-05-13 00:00:00 - 2020-04-10 12:00:00,63,fall,36.5,66.4,NA,NA,1998,18010207,Wet,Wet,1997-10-01T00:00:00Z,1998-10-01T00:00:00Z,-122.452,41.6237
416237N1224524W001,1789501,1997-03-10T00:00:00Z,2611.6,2611.6,0,39.9,2571.7,39.9,39.9,NA,Unknown,Water level accuracy is unknown,1,Department of Water Resources,NA,1,Department of Water Resources,40,69,36753,44N05W32C002M,44N05W32C002M,USGS quad,10 ft.,1-004,Shasta Valley,Siskiyou,79,Irrigation,Single Well,53277,1954-05-13 00:00:00 - 2020-04-10 12:00:00,63,spring,NA,NA,37,50.3,1997,18010207,Wet,Wet,1996-10-01T00:00:00Z,1997-10-01T00:00:00Z,-122.452,41.6237
416237N1224524W001,1789500,1996-10-24T00:00:00Z,2611.6,2611.6,0,51.4,2560.2,51.4,51.4,NA,Unknown,Water level accuracy is unknown,1,Department of Water Resources,NA,1,Department of Water Resources,40,69,36753,44N05W32C002M,44N05W32C002M,USGS quad,10 ft.,1-004,Shasta Valley,Siskiyou,79,Irrigation,Single Well,53277,1954-05-13 00:00:00 - 2020-04-10 12:00:00,63,fall,36.5,66.4,NA,NA,1997,18010207,Wet,Wet,1996-10-01T00:00:00Z,1997-10-01T00:00:00Z,-122.452,41.6237
416237N1224524W001,1789499,1996-04-12T00:00:00Z,2611.6,2611.6,0,39.6,2572,39.6,39.6,NA,Unknown,Water level accuracy is unknown,1,Department of Water Resources,NA,1,Department of Water Resources,40,69,36753,44N05W32C002M,44N05W32C002M,USGS quad,10 ft.,1-004,Shasta Valley,Siskiyou,79,Irrigation,Single Well,53277,1954-05-13 00:00:00 - 2020-04-10 12:00:00,63,spring,NA,NA,37,50.3,1996,18010207,Wet,Wet,1995-10-01T00:00:00Z,1996-10-01T00:00:00Z,-122.452,41.6237
416237N1224524W001,1789498,1995-10-18T00:00:00Z,2611.6,2611.6,0,51.1,2560.5,51.1,51.1,NA,Unknown,Water level accuracy is unknown,1,Department of Water Resources,NA,1,Department of Water Resources,40,69,36753,44N05W32C002M,44N05W32C002M,USGS quad,10 ft.,1-004,Shasta Valley,Siskiyou,79,Irrigation,Single Well,53277,1954-05-13 00:00:00 - 2020-04-10 12:00:00,63,fall,36.5,66.4,NA,NA,1996,18010207,Wet,Wet,1995-10-01T00:00:00Z,1996-10-01T00:00:00Z,-122.452,41.6237
416237N1224524W001,1789497,1995-03-29T00:00:00Z,2611.6,2611.6,0,47.8,2563.8,47.8,47.8,NA,Unknown,Water level accuracy is unknown,1,Department of Water Resources,NA,1,Department of Water Resources,40,69,36753,44N05W32C002M,44N05W32C002M,USGS quad,10 ft.,1-004,Shasta Valley,Siskiyou,79,Irrigation,Single Well,53277,1954-05-13 00:00:00 - 2020-04-10 12:00:00,63,spring,NA,NA,37,50.3,1995,18010207,Wet,Wet,1994-10-01T00:00:00Z,1995-10-01T00:00:00Z,-122.452,41.6237
416237N1224524W001,1789496,1994-03-31T00:00:00Z,2611.6,2611.6,0,40.6,2571,40.6,40.6,NA,Unknown,Water level accuracy is unknown,1,Department of Water Resources,NA,1,Department of Water Resources,40,69,36753,44N05W32C002M,44N05W32C002M,USGS quad,10 ft.,1-004,Shasta Valley,Siskiyou,79,Irrigation,Single Well,53277,1954-05-13 00:00:00 - 2020-04-10 12:00:00,63,spring,NA,NA,37,50.3,1994,18010207,Dry,Dry,1993-10-01T00:00:00Z,1994-10-01T00:00:00Z,-122.452,41.6237
416237N1224524W001,1789495,1993-10-15T00:00:00Z,2611.6,2611.6,0,47.4,2564.2,47.4,47.4,NA,Unknown,Water level accuracy is unknown,1,Department of Water Resources,NA,1,Department of Water Resources,40,69,36753,44N05W32C002M,44N05W32C002M,USGS quad,10 ft.,1-004,Shasta Valley,Siskiyou,79,Irrigation,Single Well,53277,1954-05-13 00:00:00 - 2020-04-10 12:00:00,63,fall,36.5,66.4,NA,NA,1994,18010207,Dry,Dry,1993-10-01T00:00:00Z,1994-10-01T00:00:00Z,-122.452,41.6237
416237N1224524W001,1789494,1993-03-16T00:00:00Z,2611.6,2611.6,0,41.1,2570.5,41.1,41.1,NA,Unknown,Water level accuracy is unknown,1,Department of Water Resources,NA,1,Department of Water Resources,40,69,36753,44N05W32C002M,44N05W32C002M,USGS quad,10 ft.,1-004,Shasta Valley,Siskiyou,79,Irrigation,Single Well,53277,1954-05-13 00:00:00 - 2020-04-10 12:00:00,63,spring,NA,NA,37,50.3,1993,18010207,Above Normal,Above Normal,1992-10-01T00:00:00Z,1993-10-01T00:00:00Z,-122.452,41.6237
416237N1224524W001,1789493,1992-10-20T00:00:00Z,2611.6,2611.6,0,49.5,2562.1,49.5,49.5,NA,Unknown,Water level accuracy is unknown,1,Department of Water Resources,NA,1,Department of Water Resources,40,69,36753,44N05W32C002M,44N05W32C002M,USGS quad,10 ft.,1-004,Shasta Valley,Siskiyou,79,Irrigation,Single Well,53277,1954-05-13 00:00:00 - 2020-04-10 12:00:00,63,fall,36.5,66.4,NA,NA,1993,18010207,Above Normal,Above Normal,1992-10-01T00:00:00Z,1993-10-01T00:00:00Z,-122.452,41.6237
416237N1224524W001,1789492,1992-03-03T00:00:00Z,2611.6,2611.6,0,41.8,2569.8,41.8,41.8,NA,Unknown,Water level accuracy is unknown,1,Department of Water Resources,NA,1,Department of Water Resources,40,69,36753,44N05W32C002M,44N05W32C002M,USGS quad,10 ft.,1-004,Shasta Valley,Siskiyou,79,Irrigation,Single Well,53277,1954-05-13 00:00:00 - 2020-04-10 12:00:00,63,spring,NA,NA,37,50.3,1992,18010207,Critical,Critical,1991-10-01T00:00:00Z,1992-10-01T00:00:00Z,-122.452,41.6237
416237N1224524W001,1789491,1991-10-02T00:00:00Z,2611.6,2611.6,0,50.8,2560.8,50.8,50.8,NA,Unknown,Water level accuracy is unknown,1,Department of Water Resources,NA,1,Department of Water Resources,40,69,36753,44N05W32C002M,44N05W32C002M,USGS quad,10 ft.,1-004,Shasta Valley,Siskiyou,79,Irrigation,Single Well,53277,1954-05-13 00:00:00 - 2020-04-10 12:00:00,63,fall,36.5,66.4,NA,NA,1992,18010207,Critical,Critical,1991-10-01T00:00:00Z,1992-10-01T00:00:00Z,-122.452,41.6237
416237N1224524W001,1789490,1991-03-19T00:00:00Z,2612.5,2611.6,0,41.5,2571,41.5,40.6,NA,Unknown,Water level accuracy is unknown,1,Department of Water Resources,NA,1,Department of Water Resources,40,69,36753,44N05W32C002M,44N05W32C002M,USGS quad,10 ft.,1-004,Shasta Valley,Siskiyou,79,Irrigation,Single Well,53277,1954-05-13 00:00:00 - 2020-04-10 12:00:00,63,spring,NA,NA,37,50.3,1991,18010207,Critical,Critical,1990-10-01T00:00:00Z,1991-10-01T00:00:00Z,-122.452,41.6237
416237N1224524W001,1789489,1990-10-01T00:00:00Z,2612.5,2611.6,0,58,2554.5,58,57.1,NA,Unknown,Water level accuracy is unknown,1,Department of Water Resources,NA,1,Department of Water Resources,40,69,36753,44N05W32C002M,44N05W32C002M,USGS quad,10 ft.,1-004,Shasta Valley,Siskiyou,79,Irrigation,Single Well,53277,1954-05-13 00:00:00 - 2020-04-10 12:00:00,63,fall,36.5,66.4,NA,NA,1991,18010207,Critical,Critical,1990-10-01T00:00:00Z,1991-10-01T00:00:00Z,-122.452,41.6237
416237N1224524W001,1789488,1990-08-01T00:00:00Z,2612.5,2611.6,0,60,2552.5,60,59.1,NA,Unknown,Water level accuracy is unknown,1,Department of Water Resources,NA,1,Department of Water Resources,40,69,36753,44N05W32C002M,44N05W32C002M,USGS quad,10 ft.,1-004,Shasta Valley,Siskiyou,79,Irrigation,Single Well,53277,1954-05-13 00:00:00 - 2020-04-10 12:00:00,63,fall,36.5,66.4,NA,NA,1990,18010207,Dry,Dry,1989-10-01T00:00:00Z,1990-10-01T00:00:00Z,-122.452,41.6237
416237N1224524W001,2030184,1954-10-16T00:00:00Z,2611.6,2611.6,NA,NA,NA,NA,NA,Special/Other,NA,NA,1,Department of Water Resources,Not measured again until 8/1/1990.,1,Department of Water Resources,40,69,36753,44N05W32C002M,44N05W32C002M,USGS quad,10 ft.,1-004,Shasta Valley,Siskiyou,79,Irrigation,Single Well,53277,1954-05-13 00:00:00 - 2020-04-10 12:00:00,63,fall,36.5,66.4,NA,NA,1955,18010207,Dry,Dry,1954-10-01T00:00:00Z,1955-10-01T00:00:00Z,-122.452,41.6237
416237N1224524W001,1789487,1954-10-15T00:00:00Z,2612.5,2611.6,0,37.4,2575.1,37.4,36.5,NA,Unknown,Water level accuracy is unknown,1,Department of Water Resources,NA,1,Department of Water Resources,40,69,36753,44N05W32C002M,44N05W32C002M,USGS quad,10 ft.,1-004,Shasta Valley,Siskiyou,79,Irrigation,Single Well,53277,1954-05-13 00:00:00 - 2020-04-10 12:00:00,63,fall,36.5,66.4,NA,NA,1955,18010207,Dry,Dry,1954-10-01T00:00:00Z,1955-10-01T00:00:00Z,-122.452,41.6237
416237N1224524W001,1789486,1954-05-13T00:00:00Z,2612.5,2611.6,0,38,2574.5,38,37.1,NA,Unknown,Water level accuracy is unknown,1,Department of Water Resources,NA,1,Department of Water Resources,40,69,36753,44N05W32C002M,44N05W32C002M,USGS quad,10 ft.,1-004,Shasta Valley,Siskiyou,79,Irrigation,Single Well,53277,1954-05-13 00:00:00 - 2020-04-10 12:00:00,63,spring,NA,NA,37,50.3,1954,18010207,Wet,Wet,1953-10-01T00:00:00Z,1954-10-01T00:00:00Z,-122.452,41.6237
