SITE_CODE,WLM_ID,MSMT_DATE,WLM_RPE,WLM_GSE,RDNG_WS,RDNG_RP,WSE,RPE_WSE,GSE_WSE,WLM_QA_DESC,WLM_DESC,WLM_ACC_DESC,WLM_ORG_ID,WLM_ORG_NAME,MSMT_CMT,COOP_AGENCY_ORG_ID,COOP_ORG_NAME,TOP_PRF,BOT_PRF,STN_ID,SWN,WELL_NAME,WLM_METHOD,WLM_ACC,BASIN_CODE,BASIN_NAME,COUNTY_NAME,WELL_DEPTH,WELL_USE,WELL_TYPE,WCR_NO,t_range,n_samples,X,Y
416397N1225224W001,2619097,2020-04-10T12:00:00Z,2564.3,2563.3,NA,NA,NA,NA,NA,Special/Other,NA,NA,1,Department of Water Resources,Domestic wells not monitored during COVID-19 (Shelter in Place),1,Department of Water Resources,50,110,36999,44N06W27B001M,44N06W27B001M,Digital Elevation Model,Unknown,1-004,Shasta Valley,Siskiyou,110,Residential,Single Well,129187,1975-11-04 00:00:00 - 2020-04-10 12:00:00,92,-122.522,41.6397
416397N1225224W001,2480404,2019-10-25T12:00:00Z,2564.3,2563.3,10.3,30,2544.6,19.7,18.7,NA,Steel tape measurement,Water level accuracy to nearest tenth of a foot,1,Department of Water Resources,NA,1,Department of Water Resources,50,110,36999,44N06W27B001M,44N06W27B001M,Digital Elevation Model,Unknown,1-004,Shasta Valley,Siskiyou,110,Residential,Single Well,129187,1975-11-04 00:00:00 - 2020-04-10 12:00:00,92,-122.522,41.6397
416397N1225224W001,2452861,2019-04-03T12:00:00Z,2564.3,2563.3,9.9,30,2544.2,20.1,19.1,NA,Steel tape measurement,Water level accuracy to nearest tenth of a foot,1,Department of Water Resources,NA,1,Department of Water Resources,50,110,36999,44N06W27B001M,44N06W27B001M,Digital Elevation Model,Unknown,1-004,Shasta Valley,Siskiyou,110,Residential,Single Well,129187,1975-11-04 00:00:00 - 2020-04-10 12:00:00,92,-122.522,41.6397
416397N1225224W001,2413603,2018-10-22T12:00:00Z,2564.3,2563.3,11.5,32,2543.8,20.5,19.5,NA,Steel tape measurement,Water level accuracy to nearest tenth of a foot,1,Department of Water Resources,NA,1,Department of Water Resources,50,110,36999,44N06W27B001M,44N06W27B001M,Digital Elevation Model,Unknown,1-004,Shasta Valley,Siskiyou,110,Residential,Single Well,129187,1975-11-04 00:00:00 - 2020-04-10 12:00:00,92,-122.522,41.6397
416397N1225224W001,2286541,2018-03-28T12:00:00Z,2564.3,2563.3,9.8,30,2544.1,20.2,19.2,NA,Steel tape measurement,Water level accuracy to nearest tenth of a foot,1,Department of Water Resources,NA,1,Department of Water Resources,50,110,36999,44N06W27B001M,44N06W27B001M,Digital Elevation Model,Unknown,1-004,Shasta Valley,Siskiyou,110,Residential,Single Well,129187,1975-11-04 00:00:00 - 2020-04-10 12:00:00,92,-122.522,41.6397
416397N1225224W001,2266746,2017-10-18T12:00:00Z,2564.3,2563.3,9.8,30,2544.1,20.2,19.2,NA,Steel tape measurement,Water level accuracy to nearest tenth of a foot,1,Department of Water Resources,NA,1,Department of Water Resources,50,110,36999,44N06W27B001M,44N06W27B001M,Digital Elevation Model,Unknown,1-004,Shasta Valley,Siskiyou,110,Residential,Single Well,129187,1975-11-04 00:00:00 - 2020-04-10 12:00:00,92,-122.522,41.6397
416397N1225224W001,2241476,2017-03-22T12:00:00Z,2564.3,2563.3,2.7,20,2547,17.3,16.3,NA,Steel tape measurement,Water level accuracy to nearest tenth of a foot,1,Department of Water Resources,NA,1,Department of Water Resources,50,110,36999,44N06W27B001M,44N06W27B001M,Digital Elevation Model,Unknown,1-004,Shasta Valley,Siskiyou,110,Residential,Single Well,129187,1975-11-04 00:00:00 - 2020-04-10 12:00:00,92,-122.522,41.6397
416397N1225224W001,2214937,2016-10-21T12:00:00Z,2564.3,2563.3,2.1,21,2545.4,18.9,17.9,NA,Steel tape measurement,Water level accuracy to nearest tenth of a foot,1,Department of Water Resources,NA,1,Department of Water Resources,50,110,36999,44N06W27B001M,44N06W27B001M,Digital Elevation Model,Unknown,1-004,Shasta Valley,Siskiyou,110,Residential,Single Well,129187,1975-11-04 00:00:00 - 2020-04-10 12:00:00,92,-122.522,41.6397
416397N1225224W001,2189524,2016-04-06T00:00:00Z,2564.3,2563.3,12.4,30,2546.7,17.6,16.6,NA,Steel tape measurement,Water level accuracy to nearest tenth of a foot,1,Department of Water Resources,NA,1,Department of Water Resources,50,110,36999,44N06W27B001M,44N06W27B001M,Digital Elevation Model,Unknown,1-004,Shasta Valley,Siskiyou,110,Residential,Single Well,129187,1975-11-04 00:00:00 - 2020-04-10 12:00:00,92,-122.522,41.6397
416397N1225224W001,2165293,2015-10-20T00:00:00Z,2564.3,2563.3,18.8,40,2543.1,21.2,20.2,NA,Steel tape measurement,Water level accuracy to nearest tenth of a foot,1,Department of Water Resources,NA,1,Department of Water Resources,50,110,36999,44N06W27B001M,44N06W27B001M,Digital Elevation Model,Unknown,1-004,Shasta Valley,Siskiyou,110,Residential,Single Well,129187,1975-11-04 00:00:00 - 2020-04-10 12:00:00,92,-122.522,41.6397
416397N1225224W001,2189788,2015-04-02T00:00:00Z,2564.3,2563.3,2,22,2544.3,20,19,NA,Steel tape measurement,Water level accuracy to nearest tenth of a foot,1,Department of Water Resources,NA,1,Department of Water Resources,50,110,36999,44N06W27B001M,44N06W27B001M,Digital Elevation Model,Unknown,1-004,Shasta Valley,Siskiyou,110,Residential,Single Well,129187,1975-11-04 00:00:00 - 2020-04-10 12:00:00,92,-122.522,41.6397
416397N1225224W001,2029965,2014-10-29T00:00:00Z,2564.3,2563.3,0,21.08,2543.22,21.08,20.08,NA,Electric sounder measurement,Water level accuracy to nearest hundredth of a foot,1,Department of Water Resources,NA,1,Department of Water Resources,50,110,36999,44N06W27B001M,44N06W27B001M,Digital Elevation Model,Unknown,1-004,Shasta Valley,Siskiyou,110,Residential,Single Well,129187,1975-11-04 00:00:00 - 2020-04-10 12:00:00,92,-122.522,41.6397
416397N1225224W001,1884051,2014-03-24T00:00:00Z,2564.3,2563.3,0,20.8,2543.5,20.8,19.8,NA,Electric sounder measurement,Water level accuracy to nearest tenth of a foot,1,Department of Water Resources,NA,1,Department of Water Resources,50,110,36999,44N06W27B001M,44N06W27B001M,Digital Elevation Model,Unknown,1-004,Shasta Valley,Siskiyou,110,Residential,Single Well,129187,1975-11-04 00:00:00 - 2020-04-10 12:00:00,92,-122.522,41.6397
416397N1225224W001,1797157,2013-10-24T00:00:00Z,2564.3,2563.3,0,18.76,2545.54,18.76,17.76,NA,Electric sounder measurement,Water level accuracy to nearest tenth of a foot,1,Department of Water Resources,NA,1,Department of Water Resources,50,110,36999,44N06W27B001M,44N06W27B001M,Digital Elevation Model,Unknown,1-004,Shasta Valley,Siskiyou,110,Residential,Single Well,129187,1975-11-04 00:00:00 - 2020-04-10 12:00:00,92,-122.522,41.6397
416397N1225224W001,1684666,2013-03-25T00:00:00Z,2564.33,2563.33,10.3,30,2544.63,19.7,18.7,NA,Steel tape measurement,Water level accuracy to nearest tenth of a foot,1,Department of Water Resources,NA,1,Department of Water Resources,50,110,36999,44N06W27B001M,44N06W27B001M,Digital Elevation Model,Unknown,1-004,Shasta Valley,Siskiyou,110,Residential,Single Well,129187,1975-11-04 00:00:00 - 2020-04-10 12:00:00,92,-122.522,41.6397
416397N1225224W001,69697,2012-10-26T00:00:00Z,2564.33,2563.33,5.5,24,2545.83,18.5,17.5,NA,Steel tape measurement,Water level accuracy to nearest tenth of a foot,1,Department of Water Resources,NA,1,Department of Water Resources,50,110,36999,44N06W27B001M,44N06W27B001M,Digital Elevation Model,Unknown,1-004,Shasta Valley,Siskiyou,110,Residential,Single Well,129187,1975-11-04 00:00:00 - 2020-04-10 12:00:00,92,-122.522,41.6397
416397N1225224W001,59887,2012-04-18T00:00:00Z,2564.33,2563.33,0.8,20,2545.13,19.2,18.2,NA,Electric sounder measurement,Water level accuracy to nearest hundredth of a foot,1,Department of Water Resources,NA,1,Department of Water Resources,50,110,36999,44N06W27B001M,44N06W27B001M,Digital Elevation Model,Unknown,1-004,Shasta Valley,Siskiyou,110,Residential,Single Well,129187,1975-11-04 00:00:00 - 2020-04-10 12:00:00,92,-122.522,41.6397
416397N1225224W001,39866,2011-10-20T00:00:00Z,2564.33,2563.33,0,16.18,2548.15,16.18,15.18,NA,Electric sounder measurement,Water level accuracy to nearest hundredth of a foot,1,Department of Water Resources,NA,1,Department of Water Resources,50,110,36999,44N06W27B001M,44N06W27B001M,Digital Elevation Model,Unknown,1-004,Shasta Valley,Siskiyou,110,Residential,Single Well,129187,1975-11-04 00:00:00 - 2020-04-10 12:00:00,92,-122.522,41.6397
416397N1225224W001,678427,2011-10-20T00:00:00Z,2564.3,2563.3,0,16.18,2548.12,16.18,15.18,NA,Unknown,Water level accuracy is unknown,1,Department of Water Resources,NA,1,Department of Water Resources,50,110,36999,44N06W27B001M,44N06W27B001M,Digital Elevation Model,Unknown,1-004,Shasta Valley,Siskiyou,110,Residential,Single Well,129187,1975-11-04 00:00:00 - 2020-04-10 12:00:00,92,-122.522,41.6397
416397N1225224W001,678426,2011-04-21T00:00:00Z,2564.3,2563.3,0,16.7,2547.6,16.7,15.7,NA,Unknown,Water level accuracy is unknown,1,Department of Water Resources,NA,1,Department of Water Resources,50,110,36999,44N06W27B001M,44N06W27B001M,Digital Elevation Model,Unknown,1-004,Shasta Valley,Siskiyou,110,Residential,Single Well,129187,1975-11-04 00:00:00 - 2020-04-10 12:00:00,92,-122.522,41.6397
416397N1225224W001,678425,2010-10-26T00:00:00Z,2564.3,2563.3,0,17.4,2546.9,17.4,16.4,NA,Unknown,Water level accuracy is unknown,1,Department of Water Resources,NA,1,Department of Water Resources,50,110,36999,44N06W27B001M,44N06W27B001M,Digital Elevation Model,Unknown,1-004,Shasta Valley,Siskiyou,110,Residential,Single Well,129187,1975-11-04 00:00:00 - 2020-04-10 12:00:00,92,-122.522,41.6397
416397N1225224W001,678424,2010-04-05T00:00:00Z,2564.3,2563.3,0,19,2545.3,19,18,NA,Unknown,Water level accuracy is unknown,1,Department of Water Resources,NA,1,Department of Water Resources,50,110,36999,44N06W27B001M,44N06W27B001M,Digital Elevation Model,Unknown,1-004,Shasta Valley,Siskiyou,110,Residential,Single Well,129187,1975-11-04 00:00:00 - 2020-04-10 12:00:00,92,-122.522,41.6397
416397N1225224W001,678423,2009-10-29T00:00:00Z,2564.3,2563.3,0,18,2546.3,18,17,NA,Unknown,Water level accuracy is unknown,1,Department of Water Resources,NA,1,Department of Water Resources,50,110,36999,44N06W27B001M,44N06W27B001M,Digital Elevation Model,Unknown,1-004,Shasta Valley,Siskiyou,110,Residential,Single Well,129187,1975-11-04 00:00:00 - 2020-04-10 12:00:00,92,-122.522,41.6397
416397N1225224W001,678422,2009-04-07T00:00:00Z,2564.3,2563.3,0,16.7,2547.6,16.7,15.7,NA,Unknown,Water level accuracy is unknown,1,Department of Water Resources,NA,1,Department of Water Resources,50,110,36999,44N06W27B001M,44N06W27B001M,Digital Elevation Model,Unknown,1-004,Shasta Valley,Siskiyou,110,Residential,Single Well,129187,1975-11-04 00:00:00 - 2020-04-10 12:00:00,92,-122.522,41.6397
416397N1225224W001,678421,2008-10-29T00:00:00Z,2564.3,2563.3,0,16.4,2547.9,16.4,15.4,NA,Unknown,Water level accuracy is unknown,1,Department of Water Resources,NA,1,Department of Water Resources,50,110,36999,44N06W27B001M,44N06W27B001M,Digital Elevation Model,Unknown,1-004,Shasta Valley,Siskiyou,110,Residential,Single Well,129187,1975-11-04 00:00:00 - 2020-04-10 12:00:00,92,-122.522,41.6397
416397N1225224W001,678420,2008-03-27T00:00:00Z,2564.3,2563.3,0,16.7,2547.6,16.7,15.7,NA,Unknown,Water level accuracy is unknown,1,Department of Water Resources,NA,1,Department of Water Resources,50,110,36999,44N06W27B001M,44N06W27B001M,Digital Elevation Model,Unknown,1-004,Shasta Valley,Siskiyou,110,Residential,Single Well,129187,1975-11-04 00:00:00 - 2020-04-10 12:00:00,92,-122.522,41.6397
416397N1225224W001,678419,2007-10-23T00:00:00Z,2564.3,2563.3,0,14.1,2550.2,14.1,13.1,NA,Unknown,Water level accuracy is unknown,1,Department of Water Resources,NA,1,Department of Water Resources,50,110,36999,44N06W27B001M,44N06W27B001M,Digital Elevation Model,Unknown,1-004,Shasta Valley,Siskiyou,110,Residential,Single Well,129187,1975-11-04 00:00:00 - 2020-04-10 12:00:00,92,-122.522,41.6397
416397N1225224W001,678418,2007-03-27T00:00:00Z,2564.3,2563.3,0,15.3,2549,15.3,14.3,NA,Unknown,Water level accuracy is unknown,1,Department of Water Resources,NA,1,Department of Water Resources,50,110,36999,44N06W27B001M,44N06W27B001M,Digital Elevation Model,Unknown,1-004,Shasta Valley,Siskiyou,110,Residential,Single Well,129187,1975-11-04 00:00:00 - 2020-04-10 12:00:00,92,-122.522,41.6397
416397N1225224W001,678417,2006-10-16T00:00:00Z,2564.3,2563.3,0,13.9,2550.4,13.9,12.9,NA,Unknown,Water level accuracy is unknown,1,Department of Water Resources,NA,1,Department of Water Resources,50,110,36999,44N06W27B001M,44N06W27B001M,Digital Elevation Model,Unknown,1-004,Shasta Valley,Siskiyou,110,Residential,Single Well,129187,1975-11-04 00:00:00 - 2020-04-10 12:00:00,92,-122.522,41.6397
416397N1225224W001,678416,2006-04-20T00:00:00Z,2564.3,2563.3,0,14.1,2550.2,14.1,13.1,NA,Unknown,Water level accuracy is unknown,1,Department of Water Resources,NA,1,Department of Water Resources,50,110,36999,44N06W27B001M,44N06W27B001M,Digital Elevation Model,Unknown,1-004,Shasta Valley,Siskiyou,110,Residential,Single Well,129187,1975-11-04 00:00:00 - 2020-04-10 12:00:00,92,-122.522,41.6397
416397N1225224W001,678415,2005-10-14T00:00:00Z,2564.3,2563.3,0,14.5,2549.8,14.5,13.5,NA,Unknown,Water level accuracy is unknown,1,Department of Water Resources,NA,1,Department of Water Resources,50,110,36999,44N06W27B001M,44N06W27B001M,Digital Elevation Model,Unknown,1-004,Shasta Valley,Siskiyou,110,Residential,Single Well,129187,1975-11-04 00:00:00 - 2020-04-10 12:00:00,92,-122.522,41.6397
416397N1225224W001,678414,2005-03-30T00:00:00Z,2564.3,2563.3,0,19.4,2544.9,19.4,18.4,NA,Unknown,Water level accuracy is unknown,1,Department of Water Resources,NA,1,Department of Water Resources,50,110,36999,44N06W27B001M,44N06W27B001M,Digital Elevation Model,Unknown,1-004,Shasta Valley,Siskiyou,110,Residential,Single Well,129187,1975-11-04 00:00:00 - 2020-04-10 12:00:00,92,-122.522,41.6397
416397N1225224W001,678413,2004-10-27T00:00:00Z,2564.3,2563.3,0,14.7,2549.6,14.7,13.7,NA,Unknown,Water level accuracy is unknown,1,Department of Water Resources,NA,1,Department of Water Resources,50,110,36999,44N06W27B001M,44N06W27B001M,Digital Elevation Model,Unknown,1-004,Shasta Valley,Siskiyou,110,Residential,Single Well,129187,1975-11-04 00:00:00 - 2020-04-10 12:00:00,92,-122.522,41.6397
416397N1225224W001,678412,2004-03-31T00:00:00Z,2564.3,2563.3,0,17,2547.3,17,16,NA,Unknown,Water level accuracy is unknown,1,Department of Water Resources,NA,1,Department of Water Resources,50,110,36999,44N06W27B001M,44N06W27B001M,Digital Elevation Model,Unknown,1-004,Shasta Valley,Siskiyou,110,Residential,Single Well,129187,1975-11-04 00:00:00 - 2020-04-10 12:00:00,92,-122.522,41.6397
416397N1225224W001,678411,2003-10-06T00:00:00Z,2564.3,2563.3,0,13.7,2550.6,13.7,12.7,NA,Unknown,Water level accuracy is unknown,1,Department of Water Resources,NA,1,Department of Water Resources,50,110,36999,44N06W27B001M,44N06W27B001M,Digital Elevation Model,Unknown,1-004,Shasta Valley,Siskiyou,110,Residential,Single Well,129187,1975-11-04 00:00:00 - 2020-04-10 12:00:00,92,-122.522,41.6397
416397N1225224W001,678410,2003-03-24T00:00:00Z,2564.3,2563.3,0,15.7,2548.6,15.7,14.7,NA,Unknown,Water level accuracy is unknown,1,Department of Water Resources,NA,1,Department of Water Resources,50,110,36999,44N06W27B001M,44N06W27B001M,Digital Elevation Model,Unknown,1-004,Shasta Valley,Siskiyou,110,Residential,Single Well,129187,1975-11-04 00:00:00 - 2020-04-10 12:00:00,92,-122.522,41.6397
416397N1225224W001,678409,2002-10-09T00:00:00Z,2564.3,2563.3,0,14,2550.3,14,13,NA,Unknown,Water level accuracy is unknown,1,Department of Water Resources,NA,1,Department of Water Resources,50,110,36999,44N06W27B001M,44N06W27B001M,Digital Elevation Model,Unknown,1-004,Shasta Valley,Siskiyou,110,Residential,Single Well,129187,1975-11-04 00:00:00 - 2020-04-10 12:00:00,92,-122.522,41.6397
416397N1225224W001,678408,2002-03-27T00:00:00Z,2564.3,2563.3,0,17.7,2546.6,17.7,16.7,NA,Unknown,Water level accuracy is unknown,1,Department of Water Resources,NA,1,Department of Water Resources,50,110,36999,44N06W27B001M,44N06W27B001M,Digital Elevation Model,Unknown,1-004,Shasta Valley,Siskiyou,110,Residential,Single Well,129187,1975-11-04 00:00:00 - 2020-04-10 12:00:00,92,-122.522,41.6397
416397N1225224W001,678407,2001-10-29T00:00:00Z,2564.3,2563.3,0,15.3,2549,15.3,14.3,NA,Unknown,Water level accuracy is unknown,1,Department of Water Resources,NA,1,Department of Water Resources,50,110,36999,44N06W27B001M,44N06W27B001M,Digital Elevation Model,Unknown,1-004,Shasta Valley,Siskiyou,110,Residential,Single Well,129187,1975-11-04 00:00:00 - 2020-04-10 12:00:00,92,-122.522,41.6397
416397N1225224W001,678406,2001-04-02T00:00:00Z,2564.3,2563.3,0,19.7,2544.6,19.7,18.7,NA,Unknown,Water level accuracy is unknown,1,Department of Water Resources,NA,1,Department of Water Resources,50,110,36999,44N06W27B001M,44N06W27B001M,Digital Elevation Model,Unknown,1-004,Shasta Valley,Siskiyou,110,Residential,Single Well,129187,1975-11-04 00:00:00 - 2020-04-10 12:00:00,92,-122.522,41.6397
416397N1225224W001,678405,2000-10-09T00:00:00Z,2564.3,2563.3,0,12.7,2551.6,12.7,11.7,NA,Unknown,Water level accuracy is unknown,1,Department of Water Resources,NA,1,Department of Water Resources,50,110,36999,44N06W27B001M,44N06W27B001M,Digital Elevation Model,Unknown,1-004,Shasta Valley,Siskiyou,110,Residential,Single Well,129187,1975-11-04 00:00:00 - 2020-04-10 12:00:00,92,-122.522,41.6397
416397N1225224W001,678404,2000-03-22T00:00:00Z,2564.3,2563.3,0,15.2,2549.1,15.2,14.2,Pumped recently,Unknown,Water level accuracy is unknown,1,Department of Water Resources,NA,1,Department of Water Resources,50,110,36999,44N06W27B001M,44N06W27B001M,Digital Elevation Model,Unknown,1-004,Shasta Valley,Siskiyou,110,Residential,Single Well,129187,1975-11-04 00:00:00 - 2020-04-10 12:00:00,92,-122.522,41.6397
416397N1225224W001,678402,1999-10-25T00:00:00Z,2564.3,2563.3,0,12.8,2551.5,12.8,11.8,NA,Unknown,Water level accuracy is unknown,1,Department of Water Resources,NA,1,Department of Water Resources,50,110,36999,44N06W27B001M,44N06W27B001M,Digital Elevation Model,Unknown,1-004,Shasta Valley,Siskiyou,110,Residential,Single Well,129187,1975-11-04 00:00:00 - 2020-04-10 12:00:00,92,-122.522,41.6397
416397N1225224W001,678403,1999-03-15T00:00:00Z,2564.3,2563.3,0,14.5,2549.8,14.5,13.5,NA,Unknown,Water level accuracy is unknown,1,Department of Water Resources,NA,1,Department of Water Resources,50,110,36999,44N06W27B001M,44N06W27B001M,Digital Elevation Model,Unknown,1-004,Shasta Valley,Siskiyou,110,Residential,Single Well,129187,1975-11-04 00:00:00 - 2020-04-10 12:00:00,92,-122.522,41.6397
416397N1225224W001,678401,1998-10-26T00:00:00Z,2564.3,2563.3,0,13.3,2551,13.3,12.3,NA,Unknown,Water level accuracy is unknown,1,Department of Water Resources,NA,1,Department of Water Resources,50,110,36999,44N06W27B001M,44N06W27B001M,Digital Elevation Model,Unknown,1-004,Shasta Valley,Siskiyou,110,Residential,Single Well,129187,1975-11-04 00:00:00 - 2020-04-10 12:00:00,92,-122.522,41.6397
416397N1225224W001,678400,1998-04-01T00:00:00Z,2564.3,2563.3,0,14.8,2549.5,14.8,13.8,NA,Unknown,Water level accuracy is unknown,1,Department of Water Resources,NA,1,Department of Water Resources,50,110,36999,44N06W27B001M,44N06W27B001M,Digital Elevation Model,Unknown,1-004,Shasta Valley,Siskiyou,110,Residential,Single Well,129187,1975-11-04 00:00:00 - 2020-04-10 12:00:00,92,-122.522,41.6397
416397N1225224W001,678399,1997-10-23T00:00:00Z,2564.3,2563.3,0,13.1,2551.2,13.1,12.1,NA,Unknown,Water level accuracy is unknown,1,Department of Water Resources,NA,1,Department of Water Resources,50,110,36999,44N06W27B001M,44N06W27B001M,Digital Elevation Model,Unknown,1-004,Shasta Valley,Siskiyou,110,Residential,Single Well,129187,1975-11-04 00:00:00 - 2020-04-10 12:00:00,92,-122.522,41.6397
416397N1225224W001,678398,1997-03-12T00:00:00Z,2564.3,2563.3,0,14.8,2549.5,14.8,13.8,NA,Unknown,Water level accuracy is unknown,1,Department of Water Resources,NA,1,Department of Water Resources,50,110,36999,44N06W27B001M,44N06W27B001M,Digital Elevation Model,Unknown,1-004,Shasta Valley,Siskiyou,110,Residential,Single Well,129187,1975-11-04 00:00:00 - 2020-04-10 12:00:00,92,-122.522,41.6397
416397N1225224W001,678397,1996-10-23T00:00:00Z,2564.3,2563.3,0,13,2551.3,13,12,NA,Unknown,Water level accuracy is unknown,1,Department of Water Resources,NA,1,Department of Water Resources,50,110,36999,44N06W27B001M,44N06W27B001M,Digital Elevation Model,Unknown,1-004,Shasta Valley,Siskiyou,110,Residential,Single Well,129187,1975-11-04 00:00:00 - 2020-04-10 12:00:00,92,-122.522,41.6397
416397N1225224W001,678396,1996-04-12T00:00:00Z,2564.3,2563.3,0,14,2550.3,14,13,NA,Unknown,Water level accuracy is unknown,1,Department of Water Resources,NA,1,Department of Water Resources,50,110,36999,44N06W27B001M,44N06W27B001M,Digital Elevation Model,Unknown,1-004,Shasta Valley,Siskiyou,110,Residential,Single Well,129187,1975-11-04 00:00:00 - 2020-04-10 12:00:00,92,-122.522,41.6397
416397N1225224W001,678395,1995-10-18T00:00:00Z,2564.3,2563.3,0,12.8,2551.5,12.8,11.8,NA,Unknown,Water level accuracy is unknown,1,Department of Water Resources,NA,1,Department of Water Resources,50,110,36999,44N06W27B001M,44N06W27B001M,Digital Elevation Model,Unknown,1-004,Shasta Valley,Siskiyou,110,Residential,Single Well,129187,1975-11-04 00:00:00 - 2020-04-10 12:00:00,92,-122.522,41.6397
416397N1225224W001,678394,1995-03-29T00:00:00Z,2564.3,2563.3,0,15.9,2548.4,15.9,14.9,NA,Unknown,Water level accuracy is unknown,1,Department of Water Resources,NA,1,Department of Water Resources,50,110,36999,44N06W27B001M,44N06W27B001M,Digital Elevation Model,Unknown,1-004,Shasta Valley,Siskiyou,110,Residential,Single Well,129187,1975-11-04 00:00:00 - 2020-04-10 12:00:00,92,-122.522,41.6397
416397N1225224W001,678393,1994-10-26T00:00:00Z,2564.3,2563.3,0,17.4,2546.9,17.4,16.4,NA,Unknown,Water level accuracy is unknown,1,Department of Water Resources,NA,1,Department of Water Resources,50,110,36999,44N06W27B001M,44N06W27B001M,Digital Elevation Model,Unknown,1-004,Shasta Valley,Siskiyou,110,Residential,Single Well,129187,1975-11-04 00:00:00 - 2020-04-10 12:00:00,92,-122.522,41.6397
416397N1225224W001,678392,1994-03-31T00:00:00Z,2564.3,2563.3,0,17.8,2546.5,17.8,16.8,Nearby pump operating,Unknown,Water level accuracy is unknown,1,Department of Water Resources,NA,1,Department of Water Resources,50,110,36999,44N06W27B001M,44N06W27B001M,Digital Elevation Model,Unknown,1-004,Shasta Valley,Siskiyou,110,Residential,Single Well,129187,1975-11-04 00:00:00 - 2020-04-10 12:00:00,92,-122.522,41.6397
416397N1225224W001,678391,1993-10-16T00:00:00Z,2564.3,2563.3,0,16.1,2548.2,16.1,15.1,NA,Unknown,Water level accuracy is unknown,1,Department of Water Resources,NA,1,Department of Water Resources,50,110,36999,44N06W27B001M,44N06W27B001M,Digital Elevation Model,Unknown,1-004,Shasta Valley,Siskiyou,110,Residential,Single Well,129187,1975-11-04 00:00:00 - 2020-04-10 12:00:00,92,-122.522,41.6397
416397N1225224W001,678390,1993-03-15T00:00:00Z,2564.3,2563.3,0,18.5,2545.8,18.5,17.5,NA,Unknown,Water level accuracy is unknown,1,Department of Water Resources,NA,1,Department of Water Resources,50,110,36999,44N06W27B001M,44N06W27B001M,Digital Elevation Model,Unknown,1-004,Shasta Valley,Siskiyou,110,Residential,Single Well,129187,1975-11-04 00:00:00 - 2020-04-10 12:00:00,92,-122.522,41.6397
416397N1225224W001,678389,1992-10-21T00:00:00Z,2564.3,2563.3,0,18.2,2546.1,18.2,17.2,NA,Unknown,Water level accuracy is unknown,1,Department of Water Resources,NA,1,Department of Water Resources,50,110,36999,44N06W27B001M,44N06W27B001M,Digital Elevation Model,Unknown,1-004,Shasta Valley,Siskiyou,110,Residential,Single Well,129187,1975-11-04 00:00:00 - 2020-04-10 12:00:00,92,-122.522,41.6397
416397N1225224W001,678388,1992-03-04T00:00:00Z,2564.3,2563.3,0,17.4,2546.9,17.4,16.4,NA,Unknown,Water level accuracy is unknown,1,Department of Water Resources,NA,1,Department of Water Resources,50,110,36999,44N06W27B001M,44N06W27B001M,Digital Elevation Model,Unknown,1-004,Shasta Valley,Siskiyou,110,Residential,Single Well,129187,1975-11-04 00:00:00 - 2020-04-10 12:00:00,92,-122.522,41.6397
416397N1225224W001,678387,1991-10-02T00:00:00Z,2564.3,2563.3,0,14.1,2550.2,14.1,13.1,NA,Unknown,Water level accuracy is unknown,1,Department of Water Resources,NA,1,Department of Water Resources,50,110,36999,44N06W27B001M,44N06W27B001M,Digital Elevation Model,Unknown,1-004,Shasta Valley,Siskiyou,110,Residential,Single Well,129187,1975-11-04 00:00:00 - 2020-04-10 12:00:00,92,-122.522,41.6397
416397N1225224W001,678386,1991-03-19T00:00:00Z,2564.3,2563.3,0,17.1,2547.2,17.1,16.1,NA,Unknown,Water level accuracy is unknown,1,Department of Water Resources,NA,1,Department of Water Resources,50,110,36999,44N06W27B001M,44N06W27B001M,Digital Elevation Model,Unknown,1-004,Shasta Valley,Siskiyou,110,Residential,Single Well,129187,1975-11-04 00:00:00 - 2020-04-10 12:00:00,92,-122.522,41.6397
416397N1225224W001,678385,1990-10-02T00:00:00Z,2564.3,2563.3,0,15,2549.3,15,14,NA,Unknown,Water level accuracy is unknown,1,Department of Water Resources,NA,1,Department of Water Resources,50,110,36999,44N06W27B001M,44N06W27B001M,Digital Elevation Model,Unknown,1-004,Shasta Valley,Siskiyou,110,Residential,Single Well,129187,1975-11-04 00:00:00 - 2020-04-10 12:00:00,92,-122.522,41.6397
416397N1225224W001,678384,1990-07-31T00:00:00Z,2564.3,2563.3,0,13.7,2550.6,13.7,12.7,NA,Unknown,Water level accuracy is unknown,1,Department of Water Resources,NA,1,Department of Water Resources,50,110,36999,44N06W27B001M,44N06W27B001M,Digital Elevation Model,Unknown,1-004,Shasta Valley,Siskiyou,110,Residential,Single Well,129187,1975-11-04 00:00:00 - 2020-04-10 12:00:00,92,-122.522,41.6397
416397N1225224W001,678383,1990-03-21T00:00:00Z,2564.3,2563.3,0,16.7,2547.6,16.7,15.7,NA,Unknown,Water level accuracy is unknown,1,Department of Water Resources,NA,1,Department of Water Resources,50,110,36999,44N06W27B001M,44N06W27B001M,Digital Elevation Model,Unknown,1-004,Shasta Valley,Siskiyou,110,Residential,Single Well,129187,1975-11-04 00:00:00 - 2020-04-10 12:00:00,92,-122.522,41.6397
416397N1225224W001,678382,1989-10-04T00:00:00Z,2564.3,2563.3,0,12.1,2552.2,12.1,11.1,NA,Unknown,Water level accuracy is unknown,1,Department of Water Resources,NA,1,Department of Water Resources,50,110,36999,44N06W27B001M,44N06W27B001M,Digital Elevation Model,Unknown,1-004,Shasta Valley,Siskiyou,110,Residential,Single Well,129187,1975-11-04 00:00:00 - 2020-04-10 12:00:00,92,-122.522,41.6397
416397N1225224W001,678381,1989-03-23T00:00:00Z,2564.3,2563.3,0,16.8,2547.5,16.8,15.8,NA,Unknown,Water level accuracy is unknown,1,Department of Water Resources,NA,1,Department of Water Resources,50,110,36999,44N06W27B001M,44N06W27B001M,Digital Elevation Model,Unknown,1-004,Shasta Valley,Siskiyou,110,Residential,Single Well,129187,1975-11-04 00:00:00 - 2020-04-10 12:00:00,92,-122.522,41.6397
416397N1225224W001,678380,1988-10-26T00:00:00Z,2564.3,2563.3,0,15.6,2548.7,15.6,14.6,NA,Unknown,Water level accuracy is unknown,1,Department of Water Resources,NA,1,Department of Water Resources,50,110,36999,44N06W27B001M,44N06W27B001M,Digital Elevation Model,Unknown,1-004,Shasta Valley,Siskiyou,110,Residential,Single Well,129187,1975-11-04 00:00:00 - 2020-04-10 12:00:00,92,-122.522,41.6397
416397N1225224W001,678379,1988-03-14T00:00:00Z,2564.3,2563.3,0,17,2547.3,17,16,NA,Unknown,Water level accuracy is unknown,1,Department of Water Resources,NA,1,Department of Water Resources,50,110,36999,44N06W27B001M,44N06W27B001M,Digital Elevation Model,Unknown,1-004,Shasta Valley,Siskiyou,110,Residential,Single Well,129187,1975-11-04 00:00:00 - 2020-04-10 12:00:00,92,-122.522,41.6397
416397N1225224W001,678378,1987-10-21T00:00:00Z,2564.3,2563.3,0,14.2,2550.1,14.2,13.2,NA,Unknown,Water level accuracy is unknown,1,Department of Water Resources,NA,1,Department of Water Resources,50,110,36999,44N06W27B001M,44N06W27B001M,Digital Elevation Model,Unknown,1-004,Shasta Valley,Siskiyou,110,Residential,Single Well,129187,1975-11-04 00:00:00 - 2020-04-10 12:00:00,92,-122.522,41.6397
416397N1225224W001,678377,1987-04-22T00:00:00Z,2564.3,2563.3,0,12.5,2551.8,12.5,11.5,NA,Unknown,Water level accuracy is unknown,1,Department of Water Resources,NA,1,Department of Water Resources,50,110,36999,44N06W27B001M,44N06W27B001M,Digital Elevation Model,Unknown,1-004,Shasta Valley,Siskiyou,110,Residential,Single Well,129187,1975-11-04 00:00:00 - 2020-04-10 12:00:00,92,-122.522,41.6397
416397N1225224W001,678376,1986-09-24T00:00:00Z,2564.3,2563.3,0,13.1,2551.2,13.1,12.1,NA,Unknown,Water level accuracy is unknown,1,Department of Water Resources,NA,1,Department of Water Resources,50,110,36999,44N06W27B001M,44N06W27B001M,Digital Elevation Model,Unknown,1-004,Shasta Valley,Siskiyou,110,Residential,Single Well,129187,1975-11-04 00:00:00 - 2020-04-10 12:00:00,92,-122.522,41.6397
416397N1225224W001,678375,1986-03-25T00:00:00Z,2564.3,2563.3,0,13.6,2550.7,13.6,12.6,NA,Unknown,Water level accuracy is unknown,1,Department of Water Resources,NA,1,Department of Water Resources,50,110,36999,44N06W27B001M,44N06W27B001M,Digital Elevation Model,Unknown,1-004,Shasta Valley,Siskiyou,110,Residential,Single Well,129187,1975-11-04 00:00:00 - 2020-04-10 12:00:00,92,-122.522,41.6397
416397N1225224W001,678374,1985-09-23T00:00:00Z,2564.3,2563.3,0,13,2551.3,13,12,NA,Unknown,Water level accuracy is unknown,1,Department of Water Resources,NA,1,Department of Water Resources,50,110,36999,44N06W27B001M,44N06W27B001M,Digital Elevation Model,Unknown,1-004,Shasta Valley,Siskiyou,110,Residential,Single Well,129187,1975-11-04 00:00:00 - 2020-04-10 12:00:00,92,-122.522,41.6397
416397N1225224W001,678373,1985-03-14T00:00:00Z,2564.3,2563.3,0,15.5,2548.8,15.5,14.5,NA,Unknown,Water level accuracy is unknown,1,Department of Water Resources,NA,1,Department of Water Resources,50,110,36999,44N06W27B001M,44N06W27B001M,Digital Elevation Model,Unknown,1-004,Shasta Valley,Siskiyou,110,Residential,Single Well,129187,1975-11-04 00:00:00 - 2020-04-10 12:00:00,92,-122.522,41.6397
416397N1225224W001,678372,1984-10-30T00:00:00Z,2564.3,2563.3,0,12.8,2551.5,12.8,11.8,NA,Unknown,Water level accuracy is unknown,1,Department of Water Resources,NA,1,Department of Water Resources,50,110,36999,44N06W27B001M,44N06W27B001M,Digital Elevation Model,Unknown,1-004,Shasta Valley,Siskiyou,110,Residential,Single Well,129187,1975-11-04 00:00:00 - 2020-04-10 12:00:00,92,-122.522,41.6397
416397N1225224W001,678371,1984-03-23T00:00:00Z,2564.3,2563.3,0,15.2,2549.1,15.2,14.2,NA,Unknown,Water level accuracy is unknown,1,Department of Water Resources,NA,1,Department of Water Resources,50,110,36999,44N06W27B001M,44N06W27B001M,Digital Elevation Model,Unknown,1-004,Shasta Valley,Siskiyou,110,Residential,Single Well,129187,1975-11-04 00:00:00 - 2020-04-10 12:00:00,92,-122.522,41.6397
416397N1225224W001,678370,1983-10-24T00:00:00Z,2564.3,2563.3,0,10.4,2553.9,10.4,9.4,NA,Unknown,Water level accuracy is unknown,1,Department of Water Resources,NA,1,Department of Water Resources,50,110,36999,44N06W27B001M,44N06W27B001M,Digital Elevation Model,Unknown,1-004,Shasta Valley,Siskiyou,110,Residential,Single Well,129187,1975-11-04 00:00:00 - 2020-04-10 12:00:00,92,-122.522,41.6397
416397N1225224W001,678369,1983-04-11T00:00:00Z,2564.3,2563.3,0,13.7,2550.6,13.7,12.7,NA,Unknown,Water level accuracy is unknown,1,Department of Water Resources,NA,1,Department of Water Resources,50,110,36999,44N06W27B001M,44N06W27B001M,Digital Elevation Model,Unknown,1-004,Shasta Valley,Siskiyou,110,Residential,Single Well,129187,1975-11-04 00:00:00 - 2020-04-10 12:00:00,92,-122.522,41.6397
416397N1225224W001,678368,1982-10-13T00:00:00Z,2564.3,2563.3,0,12.4,2551.9,12.4,11.4,NA,Unknown,Water level accuracy is unknown,1,Department of Water Resources,NA,1,Department of Water Resources,50,110,36999,44N06W27B001M,44N06W27B001M,Digital Elevation Model,Unknown,1-004,Shasta Valley,Siskiyou,110,Residential,Single Well,129187,1975-11-04 00:00:00 - 2020-04-10 12:00:00,92,-122.522,41.6397
416397N1225224W001,678367,1982-04-20T00:00:00Z,2564.3,2563.3,0,11.9,2552.4,11.9,10.9,NA,Unknown,Water level accuracy is unknown,1,Department of Water Resources,NA,1,Department of Water Resources,50,110,36999,44N06W27B001M,44N06W27B001M,Digital Elevation Model,Unknown,1-004,Shasta Valley,Siskiyou,110,Residential,Single Well,129187,1975-11-04 00:00:00 - 2020-04-10 12:00:00,92,-122.522,41.6397
416397N1225224W001,678366,1981-10-07T00:00:00Z,2564.3,2563.3,0,13.6,2550.7,13.6,12.6,NA,Unknown,Water level accuracy is unknown,1,Department of Water Resources,NA,1,Department of Water Resources,50,110,36999,44N06W27B001M,44N06W27B001M,Digital Elevation Model,Unknown,1-004,Shasta Valley,Siskiyou,110,Residential,Single Well,129187,1975-11-04 00:00:00 - 2020-04-10 12:00:00,92,-122.522,41.6397
416397N1225224W001,678365,1981-03-28T00:00:00Z,2564.3,2563.3,0,16,2548.3,16,15,NA,Unknown,Water level accuracy is unknown,1,Department of Water Resources,NA,1,Department of Water Resources,50,110,36999,44N06W27B001M,44N06W27B001M,Digital Elevation Model,Unknown,1-004,Shasta Valley,Siskiyou,110,Residential,Single Well,129187,1975-11-04 00:00:00 - 2020-04-10 12:00:00,92,-122.522,41.6397
416397N1225224W001,678364,1980-10-01T00:00:00Z,2564.3,2563.3,0,12.1,2552.2,12.1,11.1,NA,Unknown,Water level accuracy is unknown,1,Department of Water Resources,NA,1,Department of Water Resources,50,110,36999,44N06W27B001M,44N06W27B001M,Digital Elevation Model,Unknown,1-004,Shasta Valley,Siskiyou,110,Residential,Single Well,129187,1975-11-04 00:00:00 - 2020-04-10 12:00:00,92,-122.522,41.6397
416397N1225224W001,678363,1980-03-27T00:00:00Z,2564.3,2563.3,0,15.1,2549.2,15.1,14.1,NA,Unknown,Water level accuracy is unknown,1,Department of Water Resources,NA,1,Department of Water Resources,50,110,36999,44N06W27B001M,44N06W27B001M,Digital Elevation Model,Unknown,1-004,Shasta Valley,Siskiyou,110,Residential,Single Well,129187,1975-11-04 00:00:00 - 2020-04-10 12:00:00,92,-122.522,41.6397
416397N1225224W001,678362,1979-11-01T00:00:00Z,2564.3,2563.3,0,14.6,2549.7,14.6,13.6,NA,Unknown,Water level accuracy is unknown,1,Department of Water Resources,NA,1,Department of Water Resources,50,110,36999,44N06W27B001M,44N06W27B001M,Digital Elevation Model,Unknown,1-004,Shasta Valley,Siskiyou,110,Residential,Single Well,129187,1975-11-04 00:00:00 - 2020-04-10 12:00:00,92,-122.522,41.6397
416397N1225224W001,678361,1979-04-04T00:00:00Z,2564.3,2563.3,0,12.5,2551.8,12.5,11.5,NA,Unknown,Water level accuracy is unknown,1,Department of Water Resources,NA,1,Department of Water Resources,50,110,36999,44N06W27B001M,44N06W27B001M,Digital Elevation Model,Unknown,1-004,Shasta Valley,Siskiyou,110,Residential,Single Well,129187,1975-11-04 00:00:00 - 2020-04-10 12:00:00,92,-122.522,41.6397
416397N1225224W001,678360,1978-10-25T00:00:00Z,2564.3,2563.3,0,16,2548.3,16,15,NA,Unknown,Water level accuracy is unknown,1,Department of Water Resources,NA,1,Department of Water Resources,50,110,36999,44N06W27B001M,44N06W27B001M,Digital Elevation Model,Unknown,1-004,Shasta Valley,Siskiyou,110,Residential,Single Well,129187,1975-11-04 00:00:00 - 2020-04-10 12:00:00,92,-122.522,41.6397
416397N1225224W001,678359,1978-03-30T00:00:00Z,2564.3,2563.3,0,15.8,2548.5,15.8,14.8,NA,Unknown,Water level accuracy is unknown,1,Department of Water Resources,NA,1,Department of Water Resources,50,110,36999,44N06W27B001M,44N06W27B001M,Digital Elevation Model,Unknown,1-004,Shasta Valley,Siskiyou,110,Residential,Single Well,129187,1975-11-04 00:00:00 - 2020-04-10 12:00:00,92,-122.522,41.6397
416397N1225224W001,678358,1977-10-19T00:00:00Z,2564.3,2563.3,0,14.4,2549.9,14.4,13.4,NA,Unknown,Water level accuracy is unknown,1,Department of Water Resources,NA,1,Department of Water Resources,50,110,36999,44N06W27B001M,44N06W27B001M,Digital Elevation Model,Unknown,1-004,Shasta Valley,Siskiyou,110,Residential,Single Well,129187,1975-11-04 00:00:00 - 2020-04-10 12:00:00,92,-122.522,41.6397
416397N1225224W001,678357,1977-03-30T00:00:00Z,2564.3,2563.3,0,14.4,2549.9,14.4,13.4,NA,Unknown,Water level accuracy is unknown,1,Department of Water Resources,NA,1,Department of Water Resources,50,110,36999,44N06W27B001M,44N06W27B001M,Digital Elevation Model,Unknown,1-004,Shasta Valley,Siskiyou,110,Residential,Single Well,129187,1975-11-04 00:00:00 - 2020-04-10 12:00:00,92,-122.522,41.6397
416397N1225224W001,678356,1976-11-01T00:00:00Z,2564.3,2563.3,0,12.5,2551.8,12.5,11.5,NA,Unknown,Water level accuracy is unknown,1,Department of Water Resources,NA,1,Department of Water Resources,50,110,36999,44N06W27B001M,44N06W27B001M,Digital Elevation Model,Unknown,1-004,Shasta Valley,Siskiyou,110,Residential,Single Well,129187,1975-11-04 00:00:00 - 2020-04-10 12:00:00,92,-122.522,41.6397
416397N1225224W001,678355,1976-03-17T00:00:00Z,2564.3,2563.3,0,15.6,2548.7,15.6,14.6,NA,Unknown,Water level accuracy is unknown,1,Department of Water Resources,NA,1,Department of Water Resources,50,110,36999,44N06W27B001M,44N06W27B001M,Digital Elevation Model,Unknown,1-004,Shasta Valley,Siskiyou,110,Residential,Single Well,129187,1975-11-04 00:00:00 - 2020-04-10 12:00:00,92,-122.522,41.6397
416397N1225224W001,678354,1975-11-04T00:00:00Z,2564.3,2563.3,0,12.2,2552.1,12.2,11.2,NA,Unknown,Water level accuracy is unknown,1,Department of Water Resources,NA,1,Department of Water Resources,50,110,36999,44N06W27B001M,44N06W27B001M,Digital Elevation Model,Unknown,1-004,Shasta Valley,Siskiyou,110,Residential,Single Well,129187,1975-11-04 00:00:00 - 2020-04-10 12:00:00,92,-122.522,41.6397
