SITE_CODE,WLM_ID,MSMT_DATE,WLM_RPE,WLM_GSE,RDNG_WS,RDNG_RP,WSE,RPE_WSE,GSE_WSE,WLM_QA_DESC,WLM_DESC,WLM_ACC_DESC,WLM_ORG_ID,WLM_ORG_NAME,MSMT_CMT,COOP_AGENCY_ORG_ID,COOP_ORG_NAME,TOP_PRF,BOT_PRF,STN_ID,SWN,WELL_NAME,WLM_METHOD,WLM_ACC,BASIN_CODE,BASIN_NAME,COUNTY_NAME,WELL_DEPTH,WELL_USE,WELL_TYPE,WCR_NO,t_range,n_samples,season,fall_high,fall_low,spring_high,spring_low,water_year,Oct.Mar,Apr.Jul,WYsum,Index,water_year_type,region,water_year_start,water_year_end,X,Y
416462N1224190W001,2619092,2020-04-10T12:00:00Z,2670.8,2670.7,6.9,94,2583.7,87.1,87,NA,Steel tape measurement,Water level accuracy to nearest tenth of a foot,1,Department of Water Resources,NA,1,Department of Water Resources,NA,NA,22376,44N05W21H001M,44N05W21H001M,Digital Elevation Model,Unknown,1-004,Shasta Valley,Siskiyou,335,Stockwatering,Single Well,YES,1954-05-12 00:00:00 - 2020-04-10 12:00:00,64,spring,NA,NA,77.6,96.3,2020,NA,NA,NA,NA,NA,NA,2019-10-01T00:00:00Z,2020-10-01T00:00:00Z,-122.419,41.6462
416462N1224190W001,2480399,2019-10-25T12:00:00Z,2670.8,2670.7,28.3,110,2589.1,81.7,81.6,Pumping,Steel tape measurement,Water level accuracy to nearest tenth of a foot,1,Department of Water Resources,Recently pumped,1,Department of Water Resources,NA,NA,22376,44N05W21H001M,44N05W21H001M,Digital Elevation Model,Unknown,1-004,Shasta Valley,Siskiyou,335,Stockwatering,Single Well,YES,1954-05-12 00:00:00 - 2020-04-10 12:00:00,64,fall,78.2,100.2,NA,NA,2020,NA,NA,NA,NA,NA,NA,2019-10-01T00:00:00Z,2020-10-01T00:00:00Z,-122.419,41.6462
416462N1224190W001,2452856,2019-04-04T12:00:00Z,2670.8,2670.7,NA,NA,NA,NA,NA,Pumping,NA,NA,1,Department of Water Resources,NA,1,Department of Water Resources,NA,NA,22376,44N05W21H001M,44N05W21H001M,Digital Elevation Model,Unknown,1-004,Shasta Valley,Siskiyou,335,Stockwatering,Single Well,YES,1954-05-12 00:00:00 - 2020-04-10 12:00:00,64,spring,NA,NA,77.6,96.3,2019,13.11,10.66,24.77,10.34,Wet,SAC,2018-10-01T00:00:00Z,2019-10-01T00:00:00Z,-122.419,41.6462
416462N1224190W001,2413598,2018-10-22T12:00:00Z,2670.8,2670.7,24.6,110,2585.4,85.4,85.3,Pumping,Steel tape measurement,Water level accuracy to nearest tenth of a foot,1,Department of Water Resources,Pumping,1,Department of Water Resources,NA,NA,22376,44N05W21H001M,44N05W21H001M,Digital Elevation Model,Unknown,1-004,Shasta Valley,Siskiyou,335,Stockwatering,Single Well,YES,1954-05-12 00:00:00 - 2020-04-10 12:00:00,64,fall,78.2,100.2,NA,NA,2019,13.11,10.66,24.77,10.34,Wet,SAC,2018-10-01T00:00:00Z,2019-10-01T00:00:00Z,-122.419,41.6462
416462N1224190W001,2286536,2018-03-28T12:00:00Z,2670.8,2670.7,NA,NA,NA,NA,NA,Pumping,NA,NA,1,Department of Water Resources,Pumping,1,Department of Water Resources,NA,NA,22376,44N05W21H001M,44N05W21H001M,Digital Elevation Model,Unknown,1-004,Shasta Valley,Siskiyou,335,Stockwatering,Single Well,YES,1954-05-12 00:00:00 - 2020-04-10 12:00:00,64,spring,NA,NA,77.6,96.3,2018,7.09,5.05,12.86,7.14,Below Normal,SAC,2017-10-01T00:00:00Z,2018-10-01T00:00:00Z,-122.419,41.6462
416462N1224190W001,2266741,2017-10-18T12:00:00Z,2670.8,2670.7,21.7,122,2570.5,100.3,100.2,Pumping,Steel tape measurement,Water level accuracy to nearest tenth of a foot,1,Department of Water Resources,Pumping,1,Department of Water Resources,NA,NA,22376,44N05W21H001M,44N05W21H001M,Digital Elevation Model,Unknown,1-004,Shasta Valley,Siskiyou,335,Stockwatering,Single Well,YES,1954-05-12 00:00:00 - 2020-04-10 12:00:00,64,fall,78.2,100.2,NA,NA,2018,7.09,5.05,12.86,7.14,Below Normal,SAC,2017-10-01T00:00:00Z,2018-10-01T00:00:00Z,-122.419,41.6462
416462N1224190W001,2241471,2017-03-22T12:00:00Z,2670.8,2670.7,4.8,85,2590.6,80.2,80.1,NA,Steel tape measurement,Water level accuracy to nearest tenth of a foot,1,Department of Water Resources,NA,1,Department of Water Resources,NA,NA,22376,44N05W21H001M,44N05W21H001M,Digital Elevation Model,Unknown,1-004,Shasta Valley,Siskiyou,335,Stockwatering,Single Well,YES,1954-05-12 00:00:00 - 2020-04-10 12:00:00,64,spring,NA,NA,77.6,96.3,2017,26.17,10.69,37.82,14.14,Wet,SAC,2016-10-01T00:00:00Z,2017-10-01T00:00:00Z,-122.419,41.6462
416462N1224190W001,2214932,2016-10-20T12:00:00Z,2670.8,2670.7,7.1,95,2582.9,87.9,87.8,NA,Steel tape measurement,Water level accuracy to nearest tenth of a foot,1,Department of Water Resources,Cows around trough,1,Department of Water Resources,NA,NA,22376,44N05W21H001M,44N05W21H001M,Digital Elevation Model,Unknown,1-004,Shasta Valley,Siskiyou,335,Stockwatering,Single Well,YES,1954-05-12 00:00:00 - 2020-04-10 12:00:00,64,fall,78.2,100.2,NA,NA,2017,26.17,10.69,37.82,14.14,Wet,SAC,2016-10-01T00:00:00Z,2017-10-01T00:00:00Z,-122.419,41.6462
416462N1224190W001,2189519,2016-04-06T00:00:00Z,2670.8,2670.7,14.4,100,2585.2,85.6,85.5,NA,Steel tape measurement,Water level accuracy to nearest tenth of a foot,1,Department of Water Resources,NA,1,Department of Water Resources,NA,NA,22376,44N05W21H001M,44N05W21H001M,Digital Elevation Model,Unknown,1-004,Shasta Valley,Siskiyou,335,Stockwatering,Single Well,YES,1954-05-12 00:00:00 - 2020-04-10 12:00:00,64,spring,NA,NA,77.6,96.3,2016,12.24,4.6,17.48,6.71,Below Normal,SAC,2015-10-01T00:00:00Z,2016-10-01T00:00:00Z,-122.419,41.6462
416462N1224190W001,2165288,2015-10-20T00:00:00Z,2670.8,2670.7,13.7,100,2584.5,86.3,86.2,NA,Steel tape measurement,Water level accuracy to nearest tenth of a foot,1,Department of Water Resources,NA,1,Department of Water Resources,NA,NA,22376,44N05W21H001M,44N05W21H001M,Digital Elevation Model,Unknown,1-004,Shasta Valley,Siskiyou,335,Stockwatering,Single Well,YES,1954-05-12 00:00:00 - 2020-04-10 12:00:00,64,fall,78.2,100.2,NA,NA,2016,12.24,4.6,17.48,6.71,Below Normal,SAC,2015-10-01T00:00:00Z,2016-10-01T00:00:00Z,-122.419,41.6462
416462N1224190W001,2189783,2015-04-02T00:00:00Z,2670.8,2670.7,7.5,90,2588.3,82.5,82.4,NA,Steel tape measurement,Water level accuracy to nearest tenth of a foot,1,Department of Water Resources,NA,1,Department of Water Resources,NA,NA,22376,44N05W21H001M,44N05W21H001M,Digital Elevation Model,Unknown,1-004,Shasta Valley,Siskiyou,335,Stockwatering,Single Well,YES,1954-05-12 00:00:00 - 2020-04-10 12:00:00,64,spring,NA,NA,77.6,96.3,2015,6.91,1.77,9.23,4,Critical,SAC,2014-10-01T00:00:00Z,2015-10-01T00:00:00Z,-122.419,41.6462
416462N1224190W001,2029960,2014-10-29T00:00:00Z,2670.8,2670.7,16.8,100,2587.6,83.2,83.1,NA,Steel tape measurement,Water level accuracy to nearest tenth of a foot,1,Department of Water Resources,NA,1,Department of Water Resources,NA,NA,22376,44N05W21H001M,44N05W21H001M,Digital Elevation Model,Unknown,1-004,Shasta Valley,Siskiyou,335,Stockwatering,Single Well,YES,1954-05-12 00:00:00 - 2020-04-10 12:00:00,64,fall,78.2,100.2,NA,NA,2015,6.91,1.77,9.23,4,Critical,SAC,2014-10-01T00:00:00Z,2015-10-01T00:00:00Z,-122.419,41.6462
416462N1224190W001,1884046,2014-03-24T00:00:00Z,2670.8,2670.7,15.6,98,2588.4,82.4,82.3,NA,Steel tape measurement,Water level accuracy to nearest tenth of a foot,1,Department of Water Resources,NA,1,Department of Water Resources,NA,NA,22376,44N05W21H001M,44N05W21H001M,Digital Elevation Model,Unknown,1-004,Shasta Valley,Siskiyou,335,Stockwatering,Single Well,YES,1954-05-12 00:00:00 - 2020-04-10 12:00:00,64,spring,NA,NA,77.6,96.3,2014,4.29,2.59,7.46,4.07,Critical,SAC,2013-10-01T00:00:00Z,2014-10-01T00:00:00Z,-122.419,41.6462
416462N1224190W001,1797152,2013-10-24T00:00:00Z,2670.8,2670.7,18.1,105,2583.9,86.9,86.8,NA,Steel tape measurement,Water level accuracy to nearest tenth of a foot,1,Department of Water Resources,NA,1,Department of Water Resources,NA,NA,22376,44N05W21H001M,44N05W21H001M,Digital Elevation Model,Unknown,1-004,Shasta Valley,Siskiyou,335,Stockwatering,Single Well,YES,1954-05-12 00:00:00 - 2020-04-10 12:00:00,64,fall,78.2,100.2,NA,NA,2014,4.29,2.59,7.46,4.07,Critical,SAC,2013-10-01T00:00:00Z,2014-10-01T00:00:00Z,-122.419,41.6462
416462N1224190W001,1684662,2013-03-25T00:00:00Z,2670.79,2670.69,17.7,100,2588.49,82.3,82.2,NA,Steel tape measurement,Water level accuracy to nearest tenth of a foot,1,Department of Water Resources,NA,1,Department of Water Resources,NA,NA,22376,44N05W21H001M,44N05W21H001M,Digital Elevation Model,Unknown,1-004,Shasta Valley,Siskiyou,335,Stockwatering,Single Well,YES,1954-05-12 00:00:00 - 2020-04-10 12:00:00,64,spring,NA,NA,77.6,96.3,2013,8.52,3.01,12.19,5.83,Dry,SAC,2012-10-01T00:00:00Z,2013-10-01T00:00:00Z,-122.419,41.6462
416462N1224190W001,69693,2012-10-26T00:00:00Z,2670.79,2670.69,4.7,87,2588.49,82.3,82.2,NA,Steel tape measurement,Water level accuracy to nearest tenth of a foot,1,Department of Water Resources,KICKED ON AND OFF QUICKLY.  DON'T THINK THAT MEASUREMENT WAS AFFECTED.,1,Department of Water Resources,NA,NA,22376,44N05W21H001M,44N05W21H001M,Digital Elevation Model,Unknown,1-004,Shasta Valley,Siskiyou,335,Stockwatering,Single Well,YES,1954-05-12 00:00:00 - 2020-04-10 12:00:00,64,fall,78.2,100.2,NA,NA,2013,8.52,3.01,12.19,5.83,Dry,SAC,2012-10-01T00:00:00Z,2013-10-01T00:00:00Z,-122.419,41.6462
416462N1224190W001,59883,2012-04-18T00:00:00Z,2670.79,2670.69,2.3,89,2584.09,86.7,86.6,NA,Electric sounder measurement,Water level accuracy to nearest hundredth of a foot,1,Department of Water Resources,NA,1,Department of Water Resources,NA,NA,22376,44N05W21H001M,44N05W21H001M,Digital Elevation Model,Unknown,1-004,Shasta Valley,Siskiyou,335,Stockwatering,Single Well,YES,1954-05-12 00:00:00 - 2020-04-10 12:00:00,64,spring,NA,NA,77.6,96.3,2012,5.69,5.46,11.84,6.89,Below Normal,SAC,2011-10-01T00:00:00Z,2012-10-01T00:00:00Z,-122.419,41.6462
416462N1224190W001,39862,2011-10-20T00:00:00Z,2670.79,2670.69,0,82.6,2588.19,82.6,82.5,NA,Steel tape measurement,Water level accuracy to nearest tenth of a foot,1,Department of Water Resources,NA,1,Department of Water Resources,NA,NA,22376,44N05W21H001M,44N05W21H001M,Digital Elevation Model,Unknown,1-004,Shasta Valley,Siskiyou,335,Stockwatering,Single Well,YES,1954-05-12 00:00:00 - 2020-04-10 12:00:00,64,fall,78.2,100.2,NA,NA,2012,5.69,5.46,11.84,6.89,Below Normal,SAC,2011-10-01T00:00:00Z,2012-10-01T00:00:00Z,-122.419,41.6462
416462N1224190W001,678255,2011-10-20T00:00:00Z,2670.8,2670.7,0,82.6,2588.2,82.6,82.5,NA,Unknown,Water level accuracy is unknown,1,Department of Water Resources,NA,1,Department of Water Resources,NA,NA,22376,44N05W21H001M,44N05W21H001M,Digital Elevation Model,Unknown,1-004,Shasta Valley,Siskiyou,335,Stockwatering,Single Well,YES,1954-05-12 00:00:00 - 2020-04-10 12:00:00,64,fall,78.2,100.2,NA,NA,2012,5.69,5.46,11.84,6.89,Below Normal,SAC,2011-10-01T00:00:00Z,2012-10-01T00:00:00Z,-122.419,41.6462
416462N1224190W001,678254,2011-04-21T00:00:00Z,2670.8,2670.7,0,80.6,2590.2,80.6,80.5,NA,Unknown,Water level accuracy is unknown,1,Department of Water Resources,NA,1,Department of Water Resources,NA,NA,22376,44N05W21H001M,44N05W21H001M,Digital Elevation Model,Unknown,1-004,Shasta Valley,Siskiyou,335,Stockwatering,Single Well,YES,1954-05-12 00:00:00 - 2020-04-10 12:00:00,64,spring,NA,NA,77.6,96.3,2011,12.68,11.53,25.21,10.54,Wet,SAC,2010-10-01T00:00:00Z,2011-10-01T00:00:00Z,-122.419,41.6462
416462N1224190W001,678253,2010-10-26T00:00:00Z,2670.8,2670.7,0,79.9,2590.9,79.9,79.8,NA,Unknown,Water level accuracy is unknown,1,Department of Water Resources,NA,1,Department of Water Resources,NA,NA,22376,44N05W21H001M,44N05W21H001M,Digital Elevation Model,Unknown,1-004,Shasta Valley,Siskiyou,335,Stockwatering,Single Well,YES,1954-05-12 00:00:00 - 2020-04-10 12:00:00,64,fall,78.2,100.2,NA,NA,2011,12.68,11.53,25.21,10.54,Wet,SAC,2010-10-01T00:00:00Z,2011-10-01T00:00:00Z,-122.419,41.6462
416462N1224190W001,678252,2010-04-01T00:00:00Z,2670.8,2670.7,0,82.4,2588.4,82.4,82.3,NA,Unknown,Water level accuracy is unknown,1,Department of Water Resources,NA,1,Department of Water Resources,NA,NA,22376,44N05W21H001M,44N05W21H001M,Digital Elevation Model,Unknown,1-004,Shasta Valley,Siskiyou,335,Stockwatering,Single Well,YES,1954-05-12 00:00:00 - 2020-04-10 12:00:00,64,spring,NA,NA,77.6,96.3,2010,7.45,7.78,16.01,7.08,Below Normal,SAC,2009-10-01T00:00:00Z,2010-10-01T00:00:00Z,-122.419,41.6462
416462N1224190W001,678251,2009-10-28T00:00:00Z,2670.8,2670.7,0,85,2585.8,85,84.9,NA,Unknown,Water level accuracy is unknown,1,Department of Water Resources,NA,1,Department of Water Resources,NA,NA,22376,44N05W21H001M,44N05W21H001M,Digital Elevation Model,Unknown,1-004,Shasta Valley,Siskiyou,335,Stockwatering,Single Well,YES,1954-05-12 00:00:00 - 2020-04-10 12:00:00,64,fall,78.2,100.2,NA,NA,2010,7.45,7.78,16.01,7.08,Below Normal,SAC,2009-10-01T00:00:00Z,2010-10-01T00:00:00Z,-122.419,41.6462
416462N1224190W001,678250,2009-04-06T00:00:00Z,2670.8,2670.7,0,82.4,2588.4,82.4,82.3,NA,Unknown,Water level accuracy is unknown,1,Department of Water Resources,NA,1,Department of Water Resources,NA,NA,22376,44N05W21H001M,44N05W21H001M,Digital Elevation Model,Unknown,1-004,Shasta Valley,Siskiyou,335,Stockwatering,Single Well,YES,1954-05-12 00:00:00 - 2020-04-10 12:00:00,64,spring,NA,NA,77.6,96.3,2009,7.05,5.3,13.02,5.78,Dry,SAC,2008-10-01T00:00:00Z,2009-10-01T00:00:00Z,-122.419,41.6462
416462N1224190W001,678249,2008-10-28T00:00:00Z,2670.8,2670.7,NA,NA,NA,NA,NA,Pumping,NA,NA,1,Department of Water Resources,NA,1,Department of Water Resources,NA,NA,22376,44N05W21H001M,44N05W21H001M,Digital Elevation Model,Unknown,1-004,Shasta Valley,Siskiyou,335,Stockwatering,Single Well,YES,1954-05-12 00:00:00 - 2020-04-10 12:00:00,64,fall,78.2,100.2,NA,NA,2009,7.05,5.3,13.02,5.78,Dry,SAC,2008-10-01T00:00:00Z,2009-10-01T00:00:00Z,-122.419,41.6462
416462N1224190W001,678248,2008-03-28T00:00:00Z,2670.8,2670.7,0,80.45,2590.35,80.45,80.35,NA,Unknown,Water level accuracy is unknown,1,Department of Water Resources,NA,1,Department of Water Resources,NA,NA,22376,44N05W21H001M,44N05W21H001M,Digital Elevation Model,Unknown,1-004,Shasta Valley,Siskiyou,335,Stockwatering,Single Well,YES,1954-05-12 00:00:00 - 2020-04-10 12:00:00,64,spring,NA,NA,77.6,96.3,2008,5.9,3.82,10.28,5.16,Critical,SAC,2007-10-01T00:00:00Z,2008-10-01T00:00:00Z,-122.419,41.6462
416462N1224190W001,678247,2007-10-24T00:00:00Z,2670.8,2670.7,0,78.9,2591.9,78.9,78.8,NA,Unknown,Water level accuracy is unknown,1,Department of Water Resources,NA,1,Department of Water Resources,NA,NA,22376,44N05W21H001M,44N05W21H001M,Digital Elevation Model,Unknown,1-004,Shasta Valley,Siskiyou,335,Stockwatering,Single Well,YES,1954-05-12 00:00:00 - 2020-04-10 12:00:00,64,fall,78.2,100.2,NA,NA,2008,5.9,3.82,10.28,5.16,Critical,SAC,2007-10-01T00:00:00Z,2008-10-01T00:00:00Z,-122.419,41.6462
416462N1224190W001,678246,2007-03-28T00:00:00Z,2670.8,2670.7,0,79.9,2590.9,79.9,79.8,NA,Unknown,Water level accuracy is unknown,1,Department of Water Resources,NA,1,Department of Water Resources,NA,NA,22376,44N05W21H001M,44N05W21H001M,Digital Elevation Model,Unknown,1-004,Shasta Valley,Siskiyou,335,Stockwatering,Single Well,YES,1954-05-12 00:00:00 - 2020-04-10 12:00:00,64,spring,NA,NA,77.6,96.3,2007,6.59,3.04,10.28,6.19,Dry,SAC,2006-10-01T00:00:00Z,2007-10-01T00:00:00Z,-122.419,41.6462
416462N1224190W001,678245,2006-10-16T00:00:00Z,2670.8,2670.7,0,80.4,2590.4,80.4,80.3,NA,Unknown,Water level accuracy is unknown,1,Department of Water Resources,NA,1,Department of Water Resources,NA,NA,22376,44N05W21H001M,44N05W21H001M,Digital Elevation Model,Unknown,1-004,Shasta Valley,Siskiyou,335,Stockwatering,Single Well,YES,1954-05-12 00:00:00 - 2020-04-10 12:00:00,64,fall,78.2,100.2,NA,NA,2007,6.59,3.04,10.28,6.19,Dry,SAC,2006-10-01T00:00:00Z,2007-10-01T00:00:00Z,-122.419,41.6462
416462N1224190W001,678244,2006-04-20T00:00:00Z,2670.8,2670.7,0,87.2,2583.6,87.2,87.1,Pumped recently,Unknown,Water level accuracy is unknown,1,Department of Water Resources,NA,1,Department of Water Resources,NA,NA,22376,44N05W21H001M,44N05W21H001M,Digital Elevation Model,Unknown,1-004,Shasta Valley,Siskiyou,335,Stockwatering,Single Well,YES,1954-05-12 00:00:00 - 2020-04-10 12:00:00,64,spring,NA,NA,77.6,96.3,2006,18.06,13.09,32.09,13.2,Wet,SAC,2005-10-01T00:00:00Z,2006-10-01T00:00:00Z,-122.419,41.6462
416462N1224190W001,678243,2005-10-13T00:00:00Z,2670.8,2670.7,0,83,2587.8,83,82.9,NA,Unknown,Water level accuracy is unknown,1,Department of Water Resources,NA,1,Department of Water Resources,NA,NA,22376,44N05W21H001M,44N05W21H001M,Digital Elevation Model,Unknown,1-004,Shasta Valley,Siskiyou,335,Stockwatering,Single Well,YES,1954-05-12 00:00:00 - 2020-04-10 12:00:00,64,fall,78.2,100.2,NA,NA,2006,18.06,13.09,32.09,13.2,Wet,SAC,2005-10-01T00:00:00Z,2006-10-01T00:00:00Z,-122.419,41.6462
416462N1224190W001,678242,2005-03-29T00:00:00Z,2670.8,2670.7,0,81.8,2589,81.8,81.7,NA,Unknown,Water level accuracy is unknown,1,Department of Water Resources,NA,1,Department of Water Resources,NA,NA,22376,44N05W21H001M,44N05W21H001M,Digital Elevation Model,Unknown,1-004,Shasta Valley,Siskiyou,335,Stockwatering,Single Well,YES,1954-05-12 00:00:00 - 2020-04-10 12:00:00,64,spring,NA,NA,77.6,96.3,2005,8.4,9.28,18.55,8.49,Above Normal,SAC,2004-10-01T00:00:00Z,2005-10-01T00:00:00Z,-122.419,41.6462
416462N1224190W001,678241,2004-10-29T00:00:00Z,2670.8,2670.7,0,79,2591.8,79,78.9,NA,Unknown,Water level accuracy is unknown,1,Department of Water Resources,NA,1,Department of Water Resources,NA,NA,22376,44N05W21H001M,44N05W21H001M,Digital Elevation Model,Unknown,1-004,Shasta Valley,Siskiyou,335,Stockwatering,Single Well,YES,1954-05-12 00:00:00 - 2020-04-10 12:00:00,64,fall,78.2,100.2,NA,NA,2005,8.4,9.28,18.55,8.49,Above Normal,SAC,2004-10-01T00:00:00Z,2005-10-01T00:00:00Z,-122.419,41.6462
416462N1224190W001,678240,2004-03-29T00:00:00Z,2670.8,2670.7,0,87.8,2583,87.8,87.7,NA,Unknown,Water level accuracy is unknown,1,Department of Water Resources,NA,1,Department of Water Resources,NA,NA,22376,44N05W21H001M,44N05W21H001M,Digital Elevation Model,Unknown,1-004,Shasta Valley,Siskiyou,335,Stockwatering,Single Well,YES,1954-05-12 00:00:00 - 2020-04-10 12:00:00,64,spring,NA,NA,77.6,96.3,2004,10.95,4.4,16.04,7.51,Below Normal,SAC,2003-10-01T00:00:00Z,2004-10-01T00:00:00Z,-122.419,41.6462
416462N1224190W001,678239,2003-10-07T00:00:00Z,2670.8,2670.7,0,78.5,2592.3,78.5,78.4,NA,Unknown,Water level accuracy is unknown,1,Department of Water Resources,NA,1,Department of Water Resources,NA,NA,22376,44N05W21H001M,44N05W21H001M,Digital Elevation Model,Unknown,1-004,Shasta Valley,Siskiyou,335,Stockwatering,Single Well,YES,1954-05-12 00:00:00 - 2020-04-10 12:00:00,64,fall,78.2,100.2,NA,NA,2004,10.95,4.4,16.04,7.51,Below Normal,SAC,2003-10-01T00:00:00Z,2004-10-01T00:00:00Z,-122.419,41.6462
416462N1224190W001,678238,2003-03-24T00:00:00Z,2670.8,2670.7,0,79.9,2590.9,79.9,79.8,NA,Unknown,Water level accuracy is unknown,1,Department of Water Resources,NA,1,Department of Water Resources,NA,NA,22376,44N05W21H001M,44N05W21H001M,Digital Elevation Model,Unknown,1-004,Shasta Valley,Siskiyou,335,Stockwatering,Single Well,YES,1954-05-12 00:00:00 - 2020-04-10 12:00:00,64,spring,NA,NA,77.6,96.3,2003,10.71,7.74,19.31,8.21,Above Normal,SAC,2002-10-01T00:00:00Z,2003-10-01T00:00:00Z,-122.419,41.6462
416462N1224190W001,678237,2002-10-10T00:00:00Z,2670.8,2670.7,0,78.6,2592.2,78.6,78.5,NA,Unknown,Water level accuracy is unknown,1,Department of Water Resources,NA,1,Department of Water Resources,NA,NA,22376,44N05W21H001M,44N05W21H001M,Digital Elevation Model,Unknown,1-004,Shasta Valley,Siskiyou,335,Stockwatering,Single Well,YES,1954-05-12 00:00:00 - 2020-04-10 12:00:00,64,fall,78.2,100.2,NA,NA,2003,10.71,7.74,19.31,8.21,Above Normal,SAC,2002-10-01T00:00:00Z,2003-10-01T00:00:00Z,-122.419,41.6462
416462N1224190W001,678236,2002-03-27T00:00:00Z,2670.8,2670.7,0,96.4,2574.4,96.4,96.3,NA,Unknown,Water level accuracy is unknown,1,Department of Water Resources,NA,1,Department of Water Resources,NA,NA,22376,44N05W21H001M,44N05W21H001M,Digital Elevation Model,Unknown,1-004,Shasta Valley,Siskiyou,335,Stockwatering,Single Well,YES,1954-05-12 00:00:00 - 2020-04-10 12:00:00,64,spring,NA,NA,77.6,96.3,2002,9.32,4.57,14.6,6.35,Dry,SAC,2001-10-01T00:00:00Z,2002-10-01T00:00:00Z,-122.419,41.6462
416462N1224190W001,678235,2001-10-30T00:00:00Z,2670.8,2670.7,0,88.1,2582.7,88.1,88,NA,Unknown,Water level accuracy is unknown,1,Department of Water Resources,NA,1,Department of Water Resources,NA,NA,22376,44N05W21H001M,44N05W21H001M,Digital Elevation Model,Unknown,1-004,Shasta Valley,Siskiyou,335,Stockwatering,Single Well,YES,1954-05-12 00:00:00 - 2020-04-10 12:00:00,64,fall,78.2,100.2,NA,NA,2002,9.32,4.57,14.6,6.35,Dry,SAC,2001-10-01T00:00:00Z,2002-10-01T00:00:00Z,-122.419,41.6462
416462N1224190W001,678234,2001-04-02T00:00:00Z,2670.8,2670.7,0,81.4,2589.4,81.4,81.3,NA,Unknown,Water level accuracy is unknown,1,Department of Water Resources,NA,1,Department of Water Resources,NA,NA,22376,44N05W21H001M,44N05W21H001M,Digital Elevation Model,Unknown,1-004,Shasta Valley,Siskiyou,335,Stockwatering,Single Well,YES,1954-05-12 00:00:00 - 2020-04-10 12:00:00,64,spring,NA,NA,77.6,96.3,2001,5.64,3.46,9.81,5.76,Dry,SAC,2000-10-01T00:00:00Z,2001-10-01T00:00:00Z,-122.419,41.6462
416462N1224190W001,678233,2000-10-09T00:00:00Z,2670.8,2670.7,0,84.1,2586.7,84.1,84,NA,Unknown,Water level accuracy is unknown,1,Department of Water Resources,NA,1,Department of Water Resources,NA,NA,22376,44N05W21H001M,44N05W21H001M,Digital Elevation Model,Unknown,1-004,Shasta Valley,Siskiyou,335,Stockwatering,Single Well,YES,1954-05-12 00:00:00 - 2020-04-10 12:00:00,64,fall,78.2,100.2,NA,NA,2001,5.64,3.46,9.81,5.76,Dry,SAC,2000-10-01T00:00:00Z,2001-10-01T00:00:00Z,-122.419,41.6462
416462N1224190W001,678232,2000-03-22T00:00:00Z,2670.8,2670.7,0,82.7,2588.1,82.7,82.6,NA,Unknown,Water level accuracy is unknown,1,Department of Water Resources,NA,1,Department of Water Resources,NA,NA,22376,44N05W21H001M,44N05W21H001M,Digital Elevation Model,Unknown,1-004,Shasta Valley,Siskiyou,335,Stockwatering,Single Well,YES,1954-05-12 00:00:00 - 2020-04-10 12:00:00,64,spring,NA,NA,77.6,96.3,2000,12.06,5.96,18.9,8.94,Above Normal,SAC,1999-10-01T00:00:00Z,2000-10-01T00:00:00Z,-122.419,41.6462
416462N1224190W001,678230,1999-10-25T00:00:00Z,2670.8,2670.7,0,79.6,2591.2,79.6,79.5,Pumped recently,Unknown,Water level accuracy is unknown,1,Department of Water Resources,NA,1,Department of Water Resources,NA,NA,22376,44N05W21H001M,44N05W21H001M,Digital Elevation Model,Unknown,1-004,Shasta Valley,Siskiyou,335,Stockwatering,Single Well,YES,1954-05-12 00:00:00 - 2020-04-10 12:00:00,64,fall,78.2,100.2,NA,NA,2000,12.06,5.96,18.9,8.94,Above Normal,SAC,1999-10-01T00:00:00Z,2000-10-01T00:00:00Z,-122.419,41.6462
416462N1224190W001,678231,1999-03-15T00:00:00Z,2670.8,2670.7,0,80,2590.8,80,79.9,NA,Unknown,Water level accuracy is unknown,1,Department of Water Resources,NA,1,Department of Water Resources,NA,NA,22376,44N05W21H001M,44N05W21H001M,Digital Elevation Model,Unknown,1-004,Shasta Valley,Siskiyou,335,Stockwatering,Single Well,YES,1954-05-12 00:00:00 - 2020-04-10 12:00:00,64,spring,NA,NA,77.6,96.3,1999,12.97,7.26,21.19,9.8,Wet,SAC,1998-10-01T00:00:00Z,1999-10-01T00:00:00Z,-122.419,41.6462
416462N1224190W001,678229,1998-10-27T00:00:00Z,2670.8,2670.7,0,79.2,2591.6,79.2,79.1,NA,Unknown,Water level accuracy is unknown,1,Department of Water Resources,NA,1,Department of Water Resources,NA,NA,22376,44N05W21H001M,44N05W21H001M,Digital Elevation Model,Unknown,1-004,Shasta Valley,Siskiyou,335,Stockwatering,Single Well,YES,1954-05-12 00:00:00 - 2020-04-10 12:00:00,64,fall,78.2,100.2,NA,NA,1999,12.97,7.26,21.19,9.8,Wet,SAC,1998-10-01T00:00:00Z,1999-10-01T00:00:00Z,-122.419,41.6462
416462N1224190W001,678228,1998-03-31T00:00:00Z,2670.8,2670.7,0,79.9,2590.9,79.9,79.8,NA,Unknown,Water level accuracy is unknown,1,Department of Water Resources,NA,1,Department of Water Resources,NA,NA,22376,44N05W21H001M,44N05W21H001M,Digital Elevation Model,Unknown,1-004,Shasta Valley,Siskiyou,335,Stockwatering,Single Well,YES,1954-05-12 00:00:00 - 2020-04-10 12:00:00,64,spring,NA,NA,77.6,96.3,1998,17.65,12.54,31.4,13.31,Wet,SAC,1997-10-01T00:00:00Z,1998-10-01T00:00:00Z,-122.419,41.6462
416462N1224190W001,678227,1997-10-22T00:00:00Z,2670.8,2670.7,0,83.9,2586.9,83.9,83.8,NA,Unknown,Water level accuracy is unknown,1,Department of Water Resources,NA,1,Department of Water Resources,NA,NA,22376,44N05W21H001M,44N05W21H001M,Digital Elevation Model,Unknown,1-004,Shasta Valley,Siskiyou,335,Stockwatering,Single Well,YES,1954-05-12 00:00:00 - 2020-04-10 12:00:00,64,fall,78.2,100.2,NA,NA,1998,17.65,12.54,31.4,13.31,Wet,SAC,1997-10-01T00:00:00Z,1998-10-01T00:00:00Z,-122.419,41.6462
416462N1224190W001,678226,1997-03-10T00:00:00Z,2670.8,2670.7,0,88.9,2581.9,88.9,88.8,NA,Unknown,Water level accuracy is unknown,1,Department of Water Resources,NA,1,Department of Water Resources,NA,NA,22376,44N05W21H001M,44N05W21H001M,Digital Elevation Model,Unknown,1-004,Shasta Valley,Siskiyou,335,Stockwatering,Single Well,YES,1954-05-12 00:00:00 - 2020-04-10 12:00:00,64,spring,NA,NA,77.6,96.3,1997,20.22,4.39,25.42,10.82,Wet,SAC,1996-10-01T00:00:00Z,1997-10-01T00:00:00Z,-122.419,41.6462
416462N1224190W001,678225,1996-10-23T00:00:00Z,2670.8,2670.7,0,82.5,2588.3,82.5,82.4,Pumped recently,Unknown,Water level accuracy is unknown,1,Department of Water Resources,NA,1,Department of Water Resources,NA,NA,22376,44N05W21H001M,44N05W21H001M,Digital Elevation Model,Unknown,1-004,Shasta Valley,Siskiyou,335,Stockwatering,Single Well,YES,1954-05-12 00:00:00 - 2020-04-10 12:00:00,64,fall,78.2,100.2,NA,NA,1997,20.22,4.39,25.42,10.82,Wet,SAC,1996-10-01T00:00:00Z,1997-10-01T00:00:00Z,-122.419,41.6462
416462N1224190W001,678224,1996-04-12T00:00:00Z,2670.8,2670.7,0,92,2578.8,92,91.9,NA,Unknown,Water level accuracy is unknown,1,Department of Water Resources,NA,1,Department of Water Resources,NA,NA,22376,44N05W21H001M,44N05W21H001M,Digital Elevation Model,Unknown,1-004,Shasta Valley,Siskiyou,335,Stockwatering,Single Well,YES,1954-05-12 00:00:00 - 2020-04-10 12:00:00,64,spring,NA,NA,77.6,96.3,1996,13.05,8.37,22.29,10.26,Wet,SAC,1995-10-01T00:00:00Z,1996-10-01T00:00:00Z,-122.419,41.6462
416462N1224190W001,678223,1995-10-18T00:00:00Z,2670.8,2670.7,0,79.2,2591.6,79.2,79.1,NA,Unknown,Water level accuracy is unknown,1,Department of Water Resources,NA,1,Department of Water Resources,NA,NA,22376,44N05W21H001M,44N05W21H001M,Digital Elevation Model,Unknown,1-004,Shasta Valley,Siskiyou,335,Stockwatering,Single Well,YES,1954-05-12 00:00:00 - 2020-04-10 12:00:00,64,fall,78.2,100.2,NA,NA,1996,13.05,8.37,22.29,10.26,Wet,SAC,1995-10-01T00:00:00Z,1996-10-01T00:00:00Z,-122.419,41.6462
416462N1224190W001,678222,1995-03-29T00:00:00Z,2670.8,2670.7,0,77.7,2593.1,77.7,77.6,NA,Unknown,Water level accuracy is unknown,1,Department of Water Resources,NA,1,Department of Water Resources,NA,NA,22376,44N05W21H001M,44N05W21H001M,Digital Elevation Model,Unknown,1-004,Shasta Valley,Siskiyou,335,Stockwatering,Single Well,YES,1954-05-12 00:00:00 - 2020-04-10 12:00:00,64,spring,NA,NA,77.6,96.3,1995,19.83,13.6,34.55,12.89,Wet,SAC,1994-10-01T00:00:00Z,1995-10-01T00:00:00Z,-122.419,41.6462
416462N1224190W001,678221,1994-10-26T00:00:00Z,2670.8,2670.7,0,79.3,2591.5,79.3,79.2,NA,Unknown,Water level accuracy is unknown,1,Department of Water Resources,NA,1,Department of Water Resources,NA,NA,22376,44N05W21H001M,44N05W21H001M,Digital Elevation Model,Unknown,1-004,Shasta Valley,Siskiyou,335,Stockwatering,Single Well,YES,1954-05-12 00:00:00 - 2020-04-10 12:00:00,64,fall,78.2,100.2,NA,NA,1995,19.83,13.6,34.55,12.89,Wet,SAC,1994-10-01T00:00:00Z,1995-10-01T00:00:00Z,-122.419,41.6462
416462N1224190W001,678220,1994-03-31T00:00:00Z,2670.8,2670.7,NA,NA,NA,NA,NA,Tape hung up,NA,NA,1,Department of Water Resources,NA,1,Department of Water Resources,NA,NA,22376,44N05W21H001M,44N05W21H001M,Digital Elevation Model,Unknown,1-004,Shasta Valley,Siskiyou,335,Stockwatering,Single Well,YES,1954-05-12 00:00:00 - 2020-04-10 12:00:00,64,spring,NA,NA,77.6,96.3,1994,4.55,2.73,7.81,5.02,Critical,SAC,1993-10-01T00:00:00Z,1994-10-01T00:00:00Z,-122.419,41.6462
416462N1224190W001,678219,1993-10-16T00:00:00Z,2670.8,2670.7,0,78.9,2591.9,78.9,78.8,NA,Unknown,Water level accuracy is unknown,1,Department of Water Resources,NA,1,Department of Water Resources,NA,NA,22376,44N05W21H001M,44N05W21H001M,Digital Elevation Model,Unknown,1-004,Shasta Valley,Siskiyou,335,Stockwatering,Single Well,YES,1954-05-12 00:00:00 - 2020-04-10 12:00:00,64,fall,78.2,100.2,NA,NA,1994,4.55,2.73,7.81,5.02,Critical,SAC,1993-10-01T00:00:00Z,1994-10-01T00:00:00Z,-122.419,41.6462
416462N1224190W001,678218,1993-03-16T00:00:00Z,2670.8,2670.7,0,81.9,2588.9,81.9,81.8,NA,Unknown,Water level accuracy is unknown,1,Department of Water Resources,NA,1,Department of Water Resources,NA,NA,22376,44N05W21H001M,44N05W21H001M,Digital Elevation Model,Unknown,1-004,Shasta Valley,Siskiyou,335,Stockwatering,Single Well,YES,1954-05-12 00:00:00 - 2020-04-10 12:00:00,64,spring,NA,NA,77.6,96.3,1993,12.44,8.98,22.21,8.54,Above Normal,SAC,1992-10-01T00:00:00Z,1993-10-01T00:00:00Z,-122.419,41.6462
416462N1224190W001,678217,1992-10-20T00:00:00Z,2670.8,2670.7,0,80.1,2590.7,80.1,80,NA,Unknown,Water level accuracy is unknown,1,Department of Water Resources,NA,1,Department of Water Resources,NA,NA,22376,44N05W21H001M,44N05W21H001M,Digital Elevation Model,Unknown,1-004,Shasta Valley,Siskiyou,335,Stockwatering,Single Well,YES,1954-05-12 00:00:00 - 2020-04-10 12:00:00,64,fall,78.2,100.2,NA,NA,1993,12.44,8.98,22.21,8.54,Above Normal,SAC,1992-10-01T00:00:00Z,1993-10-01T00:00:00Z,-122.419,41.6462
416462N1224190W001,678216,1992-03-03T00:00:00Z,2670.8,2670.7,0,96.4,2574.4,96.4,96.3,NA,Unknown,Water level accuracy is unknown,1,Department of Water Resources,NA,1,Department of Water Resources,NA,NA,22376,44N05W21H001M,44N05W21H001M,Digital Elevation Model,Unknown,1-004,Shasta Valley,Siskiyou,335,Stockwatering,Single Well,YES,1954-05-12 00:00:00 - 2020-04-10 12:00:00,64,spring,NA,NA,77.6,96.3,1992,5.41,2.93,8.87,4.06,Critical,SAC,1991-10-01T00:00:00Z,1992-10-01T00:00:00Z,-122.419,41.6462
416462N1224190W001,678215,1991-10-01T00:00:00Z,2670.8,2670.7,0,79.5,2591.3,79.5,79.4,NA,Unknown,Water level accuracy is unknown,1,Department of Water Resources,NA,1,Department of Water Resources,NA,NA,22376,44N05W21H001M,44N05W21H001M,Digital Elevation Model,Unknown,1-004,Shasta Valley,Siskiyou,335,Stockwatering,Single Well,YES,1954-05-12 00:00:00 - 2020-04-10 12:00:00,64,fall,78.2,100.2,NA,NA,1992,5.41,2.93,8.87,4.06,Critical,SAC,1991-10-01T00:00:00Z,1992-10-01T00:00:00Z,-122.419,41.6462
416462N1224190W001,678214,1991-03-19T00:00:00Z,2670.8,2670.7,0,83.2,2587.6,83.2,83.1,NA,Unknown,Water level accuracy is unknown,1,Department of Water Resources,NA,1,Department of Water Resources,NA,NA,22376,44N05W21H001M,44N05W21H001M,Digital Elevation Model,Unknown,1-004,Shasta Valley,Siskiyou,335,Stockwatering,Single Well,YES,1954-05-12 00:00:00 - 2020-04-10 12:00:00,64,spring,NA,NA,77.6,96.3,1991,3.9,4.01,8.44,4.21,Critical,SAC,1990-10-01T00:00:00Z,1991-10-01T00:00:00Z,-122.419,41.6462
416462N1224190W001,678213,1990-08-01T00:00:00Z,2670.8,2670.7,0,93.6,2577.2,93.6,93.5,NA,Unknown,Water level accuracy is unknown,1,Department of Water Resources,NA,1,Department of Water Resources,NA,NA,22376,44N05W21H001M,44N05W21H001M,Digital Elevation Model,Unknown,1-004,Shasta Valley,Siskiyou,335,Stockwatering,Single Well,YES,1954-05-12 00:00:00 - 2020-04-10 12:00:00,64,fall,78.2,100.2,NA,NA,1990,4.94,3.72,9.26,4.81,Critical,SAC,1989-10-01T00:00:00Z,1990-10-01T00:00:00Z,-122.419,41.6462
416462N1224190W001,2030183,1954-10-29T00:00:00Z,2670.8,2670.7,NA,NA,NA,NA,NA,Special/Other,NA,NA,1,Department of Water Resources,Not measured again until 8/1/1990.,1,Department of Water Resources,NA,NA,22376,44N05W21H001M,44N05W21H001M,Digital Elevation Model,Unknown,1-004,Shasta Valley,Siskiyou,335,Stockwatering,Single Well,YES,1954-05-12 00:00:00 - 2020-04-10 12:00:00,64,fall,78.2,100.2,NA,NA,1955,5.19,5.07,10.98,6.14,Dry,SAC,1954-10-01T00:00:00Z,1955-10-01T00:00:00Z,-122.419,41.6462
416462N1224190W001,678212,1954-10-28T00:00:00Z,2670.8,2670.7,0,78.3,2592.5,78.3,78.2,NA,Unknown,Water level accuracy is unknown,1,Department of Water Resources,NA,1,Department of Water Resources,NA,NA,22376,44N05W21H001M,44N05W21H001M,Digital Elevation Model,Unknown,1-004,Shasta Valley,Siskiyou,335,Stockwatering,Single Well,YES,1954-05-12 00:00:00 - 2020-04-10 12:00:00,64,fall,78.2,100.2,NA,NA,1955,5.19,5.07,10.98,6.14,Dry,SAC,1954-10-01T00:00:00Z,1955-10-01T00:00:00Z,-122.419,41.6462
416462N1224190W001,678211,1954-05-12T00:00:00Z,2670.8,2670.7,0,80.5,2590.3,80.5,80.4,NA,Unknown,Water level accuracy is unknown,1,Department of Water Resources,NA,1,Department of Water Resources,NA,NA,22376,44N05W21H001M,44N05W21H001M,Digital Elevation Model,Unknown,1-004,Shasta Valley,Siskiyou,335,Stockwatering,Single Well,YES,1954-05-12 00:00:00 - 2020-04-10 12:00:00,64,spring,NA,NA,77.6,96.3,1954,9.74,6.81,17.43,8.51,Above Normal,SAC,1953-10-01T00:00:00Z,1954-10-01T00:00:00Z,-122.419,41.6462
