SITE_CODE,WLM_ID,MSMT_DATE,WLM_RPE,WLM_GSE,RDNG_WS,RDNG_RP,WSE,RPE_WSE,GSE_WSE,WLM_QA_DESC,WLM_DESC,WLM_ACC_DESC,WLM_ORG_ID,WLM_ORG_NAME,MSMT_CMT,COOP_AGENCY_ORG_ID,COOP_ORG_NAME,TOP_PRF,BOT_PRF,STN_ID,SWN,WELL_NAME,WLM_METHOD,WLM_ACC,BASIN_CODE,BASIN_NAME,COUNTY_NAME,WELL_DEPTH,WELL_USE,WELL_TYPE,WCR_NO,t_range,n_samples,X,Y
416595N1223971W001,2619091,2020-04-10T12:00:00Z,2693.9,2693.7,NA,NA,NA,NA,NA,Special/Other,NA,NA,1,Department of Water Resources,Domestic wells not monitored during COVID-19 (Shelter in Place),1,Department of Water Resources,NA,NA,22375,44N05W14M002M,44N05W14M002M,Digital Elevation Model,Unknown,1-004,Shasta Valley,Siskiyou,95,Residential,Single Well,133440,1990-09-04 00:00:00 - 2020-04-10 12:00:00,61,-122.397,41.6595
416595N1223971W001,2480398,2019-10-25T12:00:00Z,2693.9,2693.7,0,55.7,2638.2,55.7,55.5,NA,Electric sounder measurement,Water level accuracy to nearest hundredth of a foot,1,Department of Water Resources,NA,1,Department of Water Resources,NA,NA,22375,44N05W14M002M,44N05W14M002M,Digital Elevation Model,Unknown,1-004,Shasta Valley,Siskiyou,95,Residential,Single Well,133440,1990-09-04 00:00:00 - 2020-04-10 12:00:00,61,-122.397,41.6595
416595N1223971W001,2452855,2019-04-04T12:00:00Z,2693.9,2693.7,0,57.8,2636.1,57.8,57.6,NA,Electric sounder measurement,Water level accuracy to nearest tenth of a foot,1,Department of Water Resources,NA,1,Department of Water Resources,NA,NA,22375,44N05W14M002M,44N05W14M002M,Digital Elevation Model,Unknown,1-004,Shasta Valley,Siskiyou,95,Residential,Single Well,133440,1990-09-04 00:00:00 - 2020-04-10 12:00:00,61,-122.397,41.6595
416595N1223971W001,2413597,2018-10-22T12:00:00Z,2693.9,2693.7,0,56.3,2637.6,56.3,56.1,NA,Electric sounder measurement,Water level accuracy to nearest tenth of a foot,1,Department of Water Resources,NA,1,Department of Water Resources,NA,NA,22375,44N05W14M002M,44N05W14M002M,Digital Elevation Model,Unknown,1-004,Shasta Valley,Siskiyou,95,Residential,Single Well,133440,1990-09-04 00:00:00 - 2020-04-10 12:00:00,61,-122.397,41.6595
416595N1223971W001,2286535,2018-03-28T12:00:00Z,2693.9,2693.7,13.1,70,2637,56.9,56.7,NA,Steel tape measurement,Water level accuracy to nearest tenth of a foot,1,Department of Water Resources,NA,1,Department of Water Resources,NA,NA,22375,44N05W14M002M,44N05W14M002M,Digital Elevation Model,Unknown,1-004,Shasta Valley,Siskiyou,95,Residential,Single Well,133440,1990-09-04 00:00:00 - 2020-04-10 12:00:00,61,-122.397,41.6595
416595N1223971W001,2266740,2017-10-18T12:00:00Z,2693.9,2693.7,0,55.3,2638.6,55.3,55.1,NA,Electric sounder measurement,Water level accuracy to nearest tenth of a foot,1,Department of Water Resources,NA,1,Department of Water Resources,NA,NA,22375,44N05W14M002M,44N05W14M002M,Digital Elevation Model,Unknown,1-004,Shasta Valley,Siskiyou,95,Residential,Single Well,133440,1990-09-04 00:00:00 - 2020-04-10 12:00:00,61,-122.397,41.6595
416595N1223971W001,2241470,2017-03-22T12:00:00Z,2693.9,2693.7,0,56.7,2637.2,56.7,56.5,NA,Electric sounder measurement,Water level accuracy to nearest tenth of a foot,1,Department of Water Resources,NA,1,Department of Water Resources,NA,NA,22375,44N05W14M002M,44N05W14M002M,Digital Elevation Model,Unknown,1-004,Shasta Valley,Siskiyou,95,Residential,Single Well,133440,1990-09-04 00:00:00 - 2020-04-10 12:00:00,61,-122.397,41.6595
416595N1223971W001,2214931,2016-10-20T12:00:00Z,2693.9,2693.7,0,55.53,2638.37,55.53,55.33,NA,Electric sounder measurement,Water level accuracy to nearest tenth of a foot,1,Department of Water Resources,NA,1,Department of Water Resources,NA,NA,22375,44N05W14M002M,44N05W14M002M,Digital Elevation Model,Unknown,1-004,Shasta Valley,Siskiyou,95,Residential,Single Well,133440,1990-09-04 00:00:00 - 2020-04-10 12:00:00,61,-122.397,41.6595
416595N1223971W001,2189518,2016-04-06T00:00:00Z,2693.9,2693.7,12.4,70,2636.3,57.6,57.4,NA,Steel tape measurement,Water level accuracy to nearest tenth of a foot,1,Department of Water Resources,NA,1,Department of Water Resources,NA,NA,22375,44N05W14M002M,44N05W14M002M,Digital Elevation Model,Unknown,1-004,Shasta Valley,Siskiyou,95,Residential,Single Well,133440,1990-09-04 00:00:00 - 2020-04-10 12:00:00,61,-122.397,41.6595
416595N1223971W001,2165287,2015-10-20T00:00:00Z,2693.9,2693.7,13.2,70,2637.1,56.8,56.6,NA,Steel tape measurement,Water level accuracy to nearest tenth of a foot,1,Department of Water Resources,NA,1,Department of Water Resources,NA,NA,22375,44N05W14M002M,44N05W14M002M,Digital Elevation Model,Unknown,1-004,Shasta Valley,Siskiyou,95,Residential,Single Well,133440,1990-09-04 00:00:00 - 2020-04-10 12:00:00,61,-122.397,41.6595
416595N1223971W001,2189782,2015-04-02T00:00:00Z,2693.9,2693.7,-0.6,60,2633.3,60.6,60.4,NA,Steel tape measurement,Water level accuracy to nearest tenth of a foot,1,Department of Water Resources,NA,1,Department of Water Resources,NA,NA,22375,44N05W14M002M,44N05W14M002M,Digital Elevation Model,Unknown,1-004,Shasta Valley,Siskiyou,95,Residential,Single Well,133440,1990-09-04 00:00:00 - 2020-04-10 12:00:00,61,-122.397,41.6595
416595N1223971W001,2029959,2014-10-29T00:00:00Z,2693.9,2693.7,0,58.2,2635.7,58.2,58,NA,Steel tape measurement,Water level accuracy to nearest tenth of a foot,1,Department of Water Resources,NA,1,Department of Water Resources,NA,NA,22375,44N05W14M002M,44N05W14M002M,Digital Elevation Model,Unknown,1-004,Shasta Valley,Siskiyou,95,Residential,Single Well,133440,1990-09-04 00:00:00 - 2020-04-10 12:00:00,61,-122.397,41.6595
416595N1223971W001,1884045,2014-03-24T00:00:00Z,2693.9,2693.7,0,57.9,2636,57.9,57.7,NA,Electric sounder measurement,Water level accuracy to nearest tenth of a foot,1,Department of Water Resources,NA,1,Department of Water Resources,NA,NA,22375,44N05W14M002M,44N05W14M002M,Digital Elevation Model,Unknown,1-004,Shasta Valley,Siskiyou,95,Residential,Single Well,133440,1990-09-04 00:00:00 - 2020-04-10 12:00:00,61,-122.397,41.6595
416595N1223971W001,1797151,2013-10-24T00:00:00Z,2693.9,2693.7,0,56.3,2637.6,56.3,56.1,NA,Electric sounder measurement,Water level accuracy to nearest tenth of a foot,1,Department of Water Resources,NA,1,Department of Water Resources,NA,NA,22375,44N05W14M002M,44N05W14M002M,Digital Elevation Model,Unknown,1-004,Shasta Valley,Siskiyou,95,Residential,Single Well,133440,1990-09-04 00:00:00 - 2020-04-10 12:00:00,61,-122.397,41.6595
416595N1223971W001,1684661,2013-03-25T00:00:00Z,2693.92,2693.72,8.8,66,2636.72,57.2,57,NA,Steel tape measurement,Water level accuracy to nearest tenth of a foot,1,Department of Water Resources,NA,1,Department of Water Resources,NA,NA,22375,44N05W14M002M,44N05W14M002M,Digital Elevation Model,Unknown,1-004,Shasta Valley,Siskiyou,95,Residential,Single Well,133440,1990-09-04 00:00:00 - 2020-04-10 12:00:00,61,-122.397,41.6595
416595N1223971W001,69692,2012-10-26T00:00:00Z,2693.92,2693.72,4.4,60,2638.32,55.6,55.4,NA,Steel tape measurement,Water level accuracy to nearest tenth of a foot,1,Department of Water Resources,NA,1,Department of Water Resources,NA,NA,22375,44N05W14M002M,44N05W14M002M,Digital Elevation Model,Unknown,1-004,Shasta Valley,Siskiyou,95,Residential,Single Well,133440,1990-09-04 00:00:00 - 2020-04-10 12:00:00,61,-122.397,41.6595
416595N1223971W001,59882,2012-04-18T00:00:00Z,2693.92,2693.72,0,57.05,2636.87,57.05,56.85,NA,Electric sounder measurement,Water level accuracy to nearest hundredth of a foot,1,Department of Water Resources,NA,1,Department of Water Resources,NA,NA,22375,44N05W14M002M,44N05W14M002M,Digital Elevation Model,Unknown,1-004,Shasta Valley,Siskiyou,95,Residential,Single Well,133440,1990-09-04 00:00:00 - 2020-04-10 12:00:00,61,-122.397,41.6595
416595N1223971W001,39861,2011-10-20T00:00:00Z,2693.92,2693.72,0,56.11,2637.81,56.11,55.91,NA,Electric sounder measurement,Water level accuracy to nearest hundredth of a foot,1,Department of Water Resources,NA,1,Department of Water Resources,NA,NA,22375,44N05W14M002M,44N05W14M002M,Digital Elevation Model,Unknown,1-004,Shasta Valley,Siskiyou,95,Residential,Single Well,133440,1990-09-04 00:00:00 - 2020-04-10 12:00:00,61,-122.397,41.6595
416595N1223971W001,678210,2011-10-20T00:00:00Z,2693.9,2693.7,0,56.11,2637.79,56.11,55.91,NA,Unknown,Water level accuracy is unknown,1,Department of Water Resources,NA,1,Department of Water Resources,NA,NA,22375,44N05W14M002M,44N05W14M002M,Digital Elevation Model,Unknown,1-004,Shasta Valley,Siskiyou,95,Residential,Single Well,133440,1990-09-04 00:00:00 - 2020-04-10 12:00:00,61,-122.397,41.6595
416595N1223971W001,678209,2011-04-21T00:00:00Z,2693.9,2693.7,0,57,2636.9,57,56.8,NA,Unknown,Water level accuracy is unknown,1,Department of Water Resources,NA,1,Department of Water Resources,NA,NA,22375,44N05W14M002M,44N05W14M002M,Digital Elevation Model,Unknown,1-004,Shasta Valley,Siskiyou,95,Residential,Single Well,133440,1990-09-04 00:00:00 - 2020-04-10 12:00:00,61,-122.397,41.6595
416595N1223971W001,678208,2010-10-26T00:00:00Z,2693.9,2693.7,NA,NA,NA,NA,NA,Temporarily inaccessible,NA,NA,1,Department of Water Resources,NA,1,Department of Water Resources,NA,NA,22375,44N05W14M002M,44N05W14M002M,Digital Elevation Model,Unknown,1-004,Shasta Valley,Siskiyou,95,Residential,Single Well,133440,1990-09-04 00:00:00 - 2020-04-10 12:00:00,61,-122.397,41.6595
416595N1223971W001,678207,2010-04-01T00:00:00Z,2693.9,2693.7,0,58.9,2635,58.9,58.7,NA,Unknown,Water level accuracy is unknown,1,Department of Water Resources,NA,1,Department of Water Resources,NA,NA,22375,44N05W14M002M,44N05W14M002M,Digital Elevation Model,Unknown,1-004,Shasta Valley,Siskiyou,95,Residential,Single Well,133440,1990-09-04 00:00:00 - 2020-04-10 12:00:00,61,-122.397,41.6595
416595N1223971W001,678206,2009-10-28T00:00:00Z,2693.9,2693.7,NA,NA,NA,NA,NA,Temporarily inaccessible,NA,NA,1,Department of Water Resources,NA,1,Department of Water Resources,NA,NA,22375,44N05W14M002M,44N05W14M002M,Digital Elevation Model,Unknown,1-004,Shasta Valley,Siskiyou,95,Residential,Single Well,133440,1990-09-04 00:00:00 - 2020-04-10 12:00:00,61,-122.397,41.6595
416595N1223971W001,678205,2009-04-07T00:00:00Z,2693.9,2693.7,0,56.7,2637.2,56.7,56.5,NA,Unknown,Water level accuracy is unknown,1,Department of Water Resources,NA,1,Department of Water Resources,NA,NA,22375,44N05W14M002M,44N05W14M002M,Digital Elevation Model,Unknown,1-004,Shasta Valley,Siskiyou,95,Residential,Single Well,133440,1990-09-04 00:00:00 - 2020-04-10 12:00:00,61,-122.397,41.6595
416595N1223971W001,678204,2008-10-28T00:00:00Z,2693.9,2693.7,0,56.15,2637.75,56.15,55.95,NA,Unknown,Water level accuracy is unknown,1,Department of Water Resources,NA,1,Department of Water Resources,NA,NA,22375,44N05W14M002M,44N05W14M002M,Digital Elevation Model,Unknown,1-004,Shasta Valley,Siskiyou,95,Residential,Single Well,133440,1990-09-04 00:00:00 - 2020-04-10 12:00:00,61,-122.397,41.6595
416595N1223971W001,678203,2008-03-28T00:00:00Z,2693.9,2693.7,0,56.7,2637.2,56.7,56.5,NA,Unknown,Water level accuracy is unknown,1,Department of Water Resources,NA,1,Department of Water Resources,NA,NA,22375,44N05W14M002M,44N05W14M002M,Digital Elevation Model,Unknown,1-004,Shasta Valley,Siskiyou,95,Residential,Single Well,133440,1990-09-04 00:00:00 - 2020-04-10 12:00:00,61,-122.397,41.6595
416595N1223971W001,678202,2007-10-23T00:00:00Z,2693.9,2693.7,0,56.1,2637.8,56.1,55.9,NA,Unknown,Water level accuracy is unknown,1,Department of Water Resources,NA,1,Department of Water Resources,NA,NA,22375,44N05W14M002M,44N05W14M002M,Digital Elevation Model,Unknown,1-004,Shasta Valley,Siskiyou,95,Residential,Single Well,133440,1990-09-04 00:00:00 - 2020-04-10 12:00:00,61,-122.397,41.6595
416595N1223971W001,678201,2007-03-27T00:00:00Z,2693.9,2693.7,0,56.3,2637.6,56.3,56.1,NA,Unknown,Water level accuracy is unknown,1,Department of Water Resources,NA,1,Department of Water Resources,NA,NA,22375,44N05W14M002M,44N05W14M002M,Digital Elevation Model,Unknown,1-004,Shasta Valley,Siskiyou,95,Residential,Single Well,133440,1990-09-04 00:00:00 - 2020-04-10 12:00:00,61,-122.397,41.6595
416595N1223971W001,678200,2006-10-16T00:00:00Z,2693.9,2693.7,0,54.7,2639.2,54.7,54.5,NA,Unknown,Water level accuracy is unknown,1,Department of Water Resources,NA,1,Department of Water Resources,NA,NA,22375,44N05W14M002M,44N05W14M002M,Digital Elevation Model,Unknown,1-004,Shasta Valley,Siskiyou,95,Residential,Single Well,133440,1990-09-04 00:00:00 - 2020-04-10 12:00:00,61,-122.397,41.6595
416595N1223971W001,678199,2006-04-20T00:00:00Z,2693.9,2693.7,0,55.6,2638.3,55.6,55.4,NA,Unknown,Water level accuracy is unknown,1,Department of Water Resources,NA,1,Department of Water Resources,NA,NA,22375,44N05W14M002M,44N05W14M002M,Digital Elevation Model,Unknown,1-004,Shasta Valley,Siskiyou,95,Residential,Single Well,133440,1990-09-04 00:00:00 - 2020-04-10 12:00:00,61,-122.397,41.6595
416595N1223971W001,678198,2005-10-13T00:00:00Z,2693.9,2693.7,0,60,2633.9,60,59.8,Pumping,Unknown,Water level accuracy is unknown,1,Department of Water Resources,NA,1,Department of Water Resources,NA,NA,22375,44N05W14M002M,44N05W14M002M,Digital Elevation Model,Unknown,1-004,Shasta Valley,Siskiyou,95,Residential,Single Well,133440,1990-09-04 00:00:00 - 2020-04-10 12:00:00,61,-122.397,41.6595
416595N1223971W001,678197,2005-03-29T00:00:00Z,2693.9,2693.7,0,56.9,2637,56.9,56.7,NA,Unknown,Water level accuracy is unknown,1,Department of Water Resources,NA,1,Department of Water Resources,NA,NA,22375,44N05W14M002M,44N05W14M002M,Digital Elevation Model,Unknown,1-004,Shasta Valley,Siskiyou,95,Residential,Single Well,133440,1990-09-04 00:00:00 - 2020-04-10 12:00:00,61,-122.397,41.6595
416595N1223971W001,678196,2004-10-29T00:00:00Z,2693.9,2693.7,0,55.9,2638,55.9,55.7,NA,Unknown,Water level accuracy is unknown,1,Department of Water Resources,NA,1,Department of Water Resources,NA,NA,22375,44N05W14M002M,44N05W14M002M,Digital Elevation Model,Unknown,1-004,Shasta Valley,Siskiyou,95,Residential,Single Well,133440,1990-09-04 00:00:00 - 2020-04-10 12:00:00,61,-122.397,41.6595
416595N1223971W001,678195,2004-03-29T00:00:00Z,2693.9,2693.7,0,58.3,2635.6,58.3,58.1,NA,Unknown,Water level accuracy is unknown,1,Department of Water Resources,NA,1,Department of Water Resources,NA,NA,22375,44N05W14M002M,44N05W14M002M,Digital Elevation Model,Unknown,1-004,Shasta Valley,Siskiyou,95,Residential,Single Well,133440,1990-09-04 00:00:00 - 2020-04-10 12:00:00,61,-122.397,41.6595
416595N1223971W001,678194,2003-10-06T00:00:00Z,2693.9,2693.7,0,55.6,2638.3,55.6,55.4,NA,Unknown,Water level accuracy is unknown,1,Department of Water Resources,NA,1,Department of Water Resources,NA,NA,22375,44N05W14M002M,44N05W14M002M,Digital Elevation Model,Unknown,1-004,Shasta Valley,Siskiyou,95,Residential,Single Well,133440,1990-09-04 00:00:00 - 2020-04-10 12:00:00,61,-122.397,41.6595
416595N1223971W001,678193,2003-03-24T00:00:00Z,2693.9,2693.7,0,57,2636.9,57,56.8,NA,Unknown,Water level accuracy is unknown,1,Department of Water Resources,NA,1,Department of Water Resources,NA,NA,22375,44N05W14M002M,44N05W14M002M,Digital Elevation Model,Unknown,1-004,Shasta Valley,Siskiyou,95,Residential,Single Well,133440,1990-09-04 00:00:00 - 2020-04-10 12:00:00,61,-122.397,41.6595
416595N1223971W001,678192,2002-10-10T00:00:00Z,2693.9,2693.7,0,56.7,2637.2,56.7,56.5,NA,Unknown,Water level accuracy is unknown,1,Department of Water Resources,NA,1,Department of Water Resources,NA,NA,22375,44N05W14M002M,44N05W14M002M,Digital Elevation Model,Unknown,1-004,Shasta Valley,Siskiyou,95,Residential,Single Well,133440,1990-09-04 00:00:00 - 2020-04-10 12:00:00,61,-122.397,41.6595
416595N1223971W001,678191,2002-03-27T00:00:00Z,2693.9,2693.7,0,58,2635.9,58,57.8,NA,Unknown,Water level accuracy is unknown,1,Department of Water Resources,NA,1,Department of Water Resources,NA,NA,22375,44N05W14M002M,44N05W14M002M,Digital Elevation Model,Unknown,1-004,Shasta Valley,Siskiyou,95,Residential,Single Well,133440,1990-09-04 00:00:00 - 2020-04-10 12:00:00,61,-122.397,41.6595
416595N1223971W001,678190,2001-10-30T00:00:00Z,2693.9,2693.7,0,57.1,2636.8,57.1,56.9,NA,Unknown,Water level accuracy is unknown,1,Department of Water Resources,NA,1,Department of Water Resources,NA,NA,22375,44N05W14M002M,44N05W14M002M,Digital Elevation Model,Unknown,1-004,Shasta Valley,Siskiyou,95,Residential,Single Well,133440,1990-09-04 00:00:00 - 2020-04-10 12:00:00,61,-122.397,41.6595
416595N1223971W001,678189,2001-04-02T00:00:00Z,2693.9,2693.7,0,58.8,2635.1,58.8,58.6,NA,Unknown,Water level accuracy is unknown,1,Department of Water Resources,NA,1,Department of Water Resources,NA,NA,22375,44N05W14M002M,44N05W14M002M,Digital Elevation Model,Unknown,1-004,Shasta Valley,Siskiyou,95,Residential,Single Well,133440,1990-09-04 00:00:00 - 2020-04-10 12:00:00,61,-122.397,41.6595
416595N1223971W001,678188,2000-10-09T00:00:00Z,2693.9,2693.7,0,55.2,2638.7,55.2,55,NA,Unknown,Water level accuracy is unknown,1,Department of Water Resources,NA,1,Department of Water Resources,NA,NA,22375,44N05W14M002M,44N05W14M002M,Digital Elevation Model,Unknown,1-004,Shasta Valley,Siskiyou,95,Residential,Single Well,133440,1990-09-04 00:00:00 - 2020-04-10 12:00:00,61,-122.397,41.6595
416595N1223971W001,678187,2000-03-22T00:00:00Z,2693.9,2693.7,0,55.9,2638,55.9,55.7,NA,Unknown,Water level accuracy is unknown,1,Department of Water Resources,NA,1,Department of Water Resources,NA,NA,22375,44N05W14M002M,44N05W14M002M,Digital Elevation Model,Unknown,1-004,Shasta Valley,Siskiyou,95,Residential,Single Well,133440,1990-09-04 00:00:00 - 2020-04-10 12:00:00,61,-122.397,41.6595
416595N1223971W001,678185,1999-10-25T00:00:00Z,2693.9,2693.7,0,52.7,2641.2,52.7,52.5,NA,Unknown,Water level accuracy is unknown,1,Department of Water Resources,NA,1,Department of Water Resources,NA,NA,22375,44N05W14M002M,44N05W14M002M,Digital Elevation Model,Unknown,1-004,Shasta Valley,Siskiyou,95,Residential,Single Well,133440,1990-09-04 00:00:00 - 2020-04-10 12:00:00,61,-122.397,41.6595
416595N1223971W001,678186,1999-03-15T00:00:00Z,2693.9,2693.7,0,56.1,2637.8,56.1,55.9,NA,Unknown,Water level accuracy is unknown,1,Department of Water Resources,NA,1,Department of Water Resources,NA,NA,22375,44N05W14M002M,44N05W14M002M,Digital Elevation Model,Unknown,1-004,Shasta Valley,Siskiyou,95,Residential,Single Well,133440,1990-09-04 00:00:00 - 2020-04-10 12:00:00,61,-122.397,41.6595
416595N1223971W001,678184,1998-10-27T00:00:00Z,2693.9,2693.7,0,55.7,2638.2,55.7,55.5,NA,Unknown,Water level accuracy is unknown,1,Department of Water Resources,NA,1,Department of Water Resources,NA,NA,22375,44N05W14M002M,44N05W14M002M,Digital Elevation Model,Unknown,1-004,Shasta Valley,Siskiyou,95,Residential,Single Well,133440,1990-09-04 00:00:00 - 2020-04-10 12:00:00,61,-122.397,41.6595
416595N1223971W001,678183,1998-03-31T00:00:00Z,2693.9,2693.7,0,57.5,2636.4,57.5,57.3,NA,Unknown,Water level accuracy is unknown,1,Department of Water Resources,NA,1,Department of Water Resources,NA,NA,22375,44N05W14M002M,44N05W14M002M,Digital Elevation Model,Unknown,1-004,Shasta Valley,Siskiyou,95,Residential,Single Well,133440,1990-09-04 00:00:00 - 2020-04-10 12:00:00,61,-122.397,41.6595
416595N1223971W001,678182,1997-10-22T00:00:00Z,2693.9,2693.7,0,56.1,2637.8,56.1,55.9,NA,Unknown,Water level accuracy is unknown,1,Department of Water Resources,NA,1,Department of Water Resources,NA,NA,22375,44N05W14M002M,44N05W14M002M,Digital Elevation Model,Unknown,1-004,Shasta Valley,Siskiyou,95,Residential,Single Well,133440,1990-09-04 00:00:00 - 2020-04-10 12:00:00,61,-122.397,41.6595
416595N1223971W001,678181,1997-03-10T00:00:00Z,2693.9,2693.7,0,56.8,2637.1,56.8,56.6,NA,Unknown,Water level accuracy is unknown,1,Department of Water Resources,NA,1,Department of Water Resources,NA,NA,22375,44N05W14M002M,44N05W14M002M,Digital Elevation Model,Unknown,1-004,Shasta Valley,Siskiyou,95,Residential,Single Well,133440,1990-09-04 00:00:00 - 2020-04-10 12:00:00,61,-122.397,41.6595
416595N1223971W001,678180,1996-10-23T00:00:00Z,2693.9,2693.7,0,56.2,2637.7,56.2,56,NA,Unknown,Water level accuracy is unknown,1,Department of Water Resources,NA,1,Department of Water Resources,NA,NA,22375,44N05W14M002M,44N05W14M002M,Digital Elevation Model,Unknown,1-004,Shasta Valley,Siskiyou,95,Residential,Single Well,133440,1990-09-04 00:00:00 - 2020-04-10 12:00:00,61,-122.397,41.6595
416595N1223971W001,678179,1996-04-12T00:00:00Z,2693.9,2693.7,0,57.5,2636.4,57.5,57.3,NA,Unknown,Water level accuracy is unknown,1,Department of Water Resources,NA,1,Department of Water Resources,NA,NA,22375,44N05W14M002M,44N05W14M002M,Digital Elevation Model,Unknown,1-004,Shasta Valley,Siskiyou,95,Residential,Single Well,133440,1990-09-04 00:00:00 - 2020-04-10 12:00:00,61,-122.397,41.6595
416595N1223971W001,678178,1995-10-17T00:00:00Z,2693.9,2693.7,0,57.4,2636.5,57.4,57.2,NA,Unknown,Water level accuracy is unknown,1,Department of Water Resources,NA,1,Department of Water Resources,NA,NA,22375,44N05W14M002M,44N05W14M002M,Digital Elevation Model,Unknown,1-004,Shasta Valley,Siskiyou,95,Residential,Single Well,133440,1990-09-04 00:00:00 - 2020-04-10 12:00:00,61,-122.397,41.6595
416595N1223971W001,678177,1995-03-29T00:00:00Z,2693.9,2693.7,0,59.5,2634.4,59.5,59.3,NA,Unknown,Water level accuracy is unknown,1,Department of Water Resources,NA,1,Department of Water Resources,NA,NA,22375,44N05W14M002M,44N05W14M002M,Digital Elevation Model,Unknown,1-004,Shasta Valley,Siskiyou,95,Residential,Single Well,133440,1990-09-04 00:00:00 - 2020-04-10 12:00:00,61,-122.397,41.6595
416595N1223971W001,678176,1994-03-31T00:00:00Z,2693.9,2693.7,0,58.2,2635.7,58.2,58,NA,Unknown,Water level accuracy is unknown,1,Department of Water Resources,NA,1,Department of Water Resources,NA,NA,22375,44N05W14M002M,44N05W14M002M,Digital Elevation Model,Unknown,1-004,Shasta Valley,Siskiyou,95,Residential,Single Well,133440,1990-09-04 00:00:00 - 2020-04-10 12:00:00,61,-122.397,41.6595
416595N1223971W001,678175,1993-10-16T00:00:00Z,2693.9,2693.7,0,56,2637.9,56,55.8,NA,Unknown,Water level accuracy is unknown,1,Department of Water Resources,NA,1,Department of Water Resources,NA,NA,22375,44N05W14M002M,44N05W14M002M,Digital Elevation Model,Unknown,1-004,Shasta Valley,Siskiyou,95,Residential,Single Well,133440,1990-09-04 00:00:00 - 2020-04-10 12:00:00,61,-122.397,41.6595
416595N1223971W001,678174,1993-03-16T00:00:00Z,2693.9,2693.7,0,59,2634.9,59,58.8,NA,Unknown,Water level accuracy is unknown,1,Department of Water Resources,NA,1,Department of Water Resources,NA,NA,22375,44N05W14M002M,44N05W14M002M,Digital Elevation Model,Unknown,1-004,Shasta Valley,Siskiyou,95,Residential,Single Well,133440,1990-09-04 00:00:00 - 2020-04-10 12:00:00,61,-122.397,41.6595
416595N1223971W001,678173,1992-10-20T00:00:00Z,2693.9,2693.7,0,57.1,2636.8,57.1,56.9,NA,Unknown,Water level accuracy is unknown,1,Department of Water Resources,NA,1,Department of Water Resources,NA,NA,22375,44N05W14M002M,44N05W14M002M,Digital Elevation Model,Unknown,1-004,Shasta Valley,Siskiyou,95,Residential,Single Well,133440,1990-09-04 00:00:00 - 2020-04-10 12:00:00,61,-122.397,41.6595
416595N1223971W001,678172,1992-03-02T00:00:00Z,2693.9,2693.7,0,57,2636.9,57,56.8,NA,Unknown,Water level accuracy is unknown,1,Department of Water Resources,NA,1,Department of Water Resources,NA,NA,22375,44N05W14M002M,44N05W14M002M,Digital Elevation Model,Unknown,1-004,Shasta Valley,Siskiyou,95,Residential,Single Well,133440,1990-09-04 00:00:00 - 2020-04-10 12:00:00,61,-122.397,41.6595
416595N1223971W001,678171,1991-10-01T00:00:00Z,2693.9,2693.7,0,59,2634.9,59,58.8,Pumped recently,Unknown,Water level accuracy is unknown,1,Department of Water Resources,NA,1,Department of Water Resources,NA,NA,22375,44N05W14M002M,44N05W14M002M,Digital Elevation Model,Unknown,1-004,Shasta Valley,Siskiyou,95,Residential,Single Well,133440,1990-09-04 00:00:00 - 2020-04-10 12:00:00,61,-122.397,41.6595
416595N1223971W001,678170,1991-03-19T00:00:00Z,2693.9,2693.7,0,57,2636.9,57,56.8,NA,Unknown,Water level accuracy is unknown,1,Department of Water Resources,NA,1,Department of Water Resources,NA,NA,22375,44N05W14M002M,44N05W14M002M,Digital Elevation Model,Unknown,1-004,Shasta Valley,Siskiyou,95,Residential,Single Well,133440,1990-09-04 00:00:00 - 2020-04-10 12:00:00,61,-122.397,41.6595
416595N1223971W001,678169,1990-10-01T00:00:00Z,2693.9,2693.7,0,56.2,2637.7,56.2,56,NA,Unknown,Water level accuracy is unknown,1,Department of Water Resources,NA,1,Department of Water Resources,NA,NA,22375,44N05W14M002M,44N05W14M002M,Digital Elevation Model,Unknown,1-004,Shasta Valley,Siskiyou,95,Residential,Single Well,133440,1990-09-04 00:00:00 - 2020-04-10 12:00:00,61,-122.397,41.6595
416595N1223971W001,678168,1990-09-04T00:00:00Z,2693.9,2693.7,0,56.6,2637.3,56.6,56.4,NA,Unknown,Water level accuracy is unknown,1,Department of Water Resources,NA,1,Department of Water Resources,NA,NA,22375,44N05W14M002M,44N05W14M002M,Digital Elevation Model,Unknown,1-004,Shasta Valley,Siskiyou,95,Residential,Single Well,133440,1990-09-04 00:00:00 - 2020-04-10 12:00:00,61,-122.397,41.6595
