SITE_CODE,WLM_ID,MSMT_DATE,WLM_RPE,WLM_GSE,RDNG_WS,RDNG_RP,WSE,RPE_WSE,GSE_WSE,WLM_QA_DESC,WLM_DESC,WLM_ACC_DESC,WLM_ORG_ID,WLM_ORG_NAME,MSMT_CMT,COOP_AGENCY_ORG_ID,COOP_ORG_NAME,TOP_PRF,BOT_PRF,STN_ID,SWN,WELL_NAME,WLM_METHOD,WLM_ACC,BASIN_CODE,BASIN_NAME,COUNTY_NAME,WELL_DEPTH,WELL_USE,WELL_TYPE,WCR_NO,t_range,n_samples,season,fall_high,fall_low,spring_high,spring_low,water_year,HUC8,WYT,water_year_type,water_year_start,water_year_end,X,Y
416774N1225301W001,2619095,2020-04-10T12:00:00Z,2540.3,2540.3,16,40,2516.3,24,24,NA,Steel tape measurement,Water level accuracy to nearest tenth of a foot,1,Department of Water Resources,NA,1,Department of Water Resources,NA,NA,24041,44N06W10F001M,44N06W10F001M,Digital Elevation Model,Unknown,1-004,Shasta Valley,Siskiyou,113,Residential,Single Well,NA,1953-04-06 00:00:00 - 2020-04-10 12:00:00,117,spring,NA,NA,14.3,32,2020,NA,NA,NA,2019-10-01T00:00:00Z,2020-10-01T00:00:00Z,-122.53,41.6774
416774N1225301W001,2480402,2019-10-25T12:00:00Z,2540.3,2540.3,16,40,2516.3,24,24,NA,Steel tape measurement,Water level accuracy to nearest tenth of a foot,1,Department of Water Resources,NA,1,Department of Water Resources,NA,NA,24041,44N06W10F001M,44N06W10F001M,Digital Elevation Model,Unknown,1-004,Shasta Valley,Siskiyou,113,Residential,Single Well,NA,1953-04-06 00:00:00 - 2020-04-10 12:00:00,117,fall,13.4,32.8,NA,NA,2020,NA,NA,NA,2019-10-01T00:00:00Z,2020-10-01T00:00:00Z,-122.53,41.6774
416774N1225301W001,2452859,2019-04-03T12:00:00Z,2540.3,2540.3,9.3,35,2514.6,25.7,25.7,NA,Steel tape measurement,Water level accuracy to nearest tenth of a foot,1,Department of Water Resources,NA,1,Department of Water Resources,NA,NA,24041,44N06W10F001M,44N06W10F001M,Digital Elevation Model,Unknown,1-004,Shasta Valley,Siskiyou,113,Residential,Single Well,NA,1953-04-06 00:00:00 - 2020-04-10 12:00:00,117,spring,NA,NA,14.3,32,2019,NA,NA,NA,2018-10-01T00:00:00Z,2019-10-01T00:00:00Z,-122.53,41.6774
416774N1225301W001,2413601,2018-10-22T12:00:00Z,2540.3,2540.3,15.8,40,2516.1,24.2,24.2,NA,Steel tape measurement,Water level accuracy to nearest tenth of a foot,1,Department of Water Resources,NA,1,Department of Water Resources,NA,NA,24041,44N06W10F001M,44N06W10F001M,Digital Elevation Model,Unknown,1-004,Shasta Valley,Siskiyou,113,Residential,Single Well,NA,1953-04-06 00:00:00 - 2020-04-10 12:00:00,117,fall,13.4,32.8,NA,NA,2019,NA,NA,NA,2018-10-01T00:00:00Z,2019-10-01T00:00:00Z,-122.53,41.6774
416774N1225301W001,2286539,2018-03-28T12:00:00Z,2540.3,2540.3,14.1,43,2511.4,28.9,28.9,NA,Steel tape measurement,Water level accuracy to nearest tenth of a foot,1,Department of Water Resources,NA,1,Department of Water Resources,NA,NA,24041,44N06W10F001M,44N06W10F001M,Digital Elevation Model,Unknown,1-004,Shasta Valley,Siskiyou,113,Residential,Single Well,NA,1953-04-06 00:00:00 - 2020-04-10 12:00:00,117,spring,NA,NA,14.3,32,2018,18010207,Below Normal,Below Normal,2017-10-01T00:00:00Z,2018-10-01T00:00:00Z,-122.53,41.6774
416774N1225301W001,2266744,2017-10-18T12:00:00Z,2540.3,2540.3,8.7,30,2519,21.3,21.3,NA,Steel tape measurement,Water level accuracy to nearest tenth of a foot,1,Department of Water Resources,NA,1,Department of Water Resources,NA,NA,24041,44N06W10F001M,44N06W10F001M,Digital Elevation Model,Unknown,1-004,Shasta Valley,Siskiyou,113,Residential,Single Well,NA,1953-04-06 00:00:00 - 2020-04-10 12:00:00,117,fall,13.4,32.8,NA,NA,2018,18010207,Below Normal,Below Normal,2017-10-01T00:00:00Z,2018-10-01T00:00:00Z,-122.53,41.6774
416774N1225301W001,2241474,2017-03-22T12:00:00Z,2540.3,2540.3,5,30,2515.3,25,25,NA,Steel tape measurement,Water level accuracy to nearest tenth of a foot,1,Department of Water Resources,NA,1,Department of Water Resources,NA,NA,24041,44N06W10F001M,44N06W10F001M,Digital Elevation Model,Unknown,1-004,Shasta Valley,Siskiyou,113,Residential,Single Well,NA,1953-04-06 00:00:00 - 2020-04-10 12:00:00,117,spring,NA,NA,14.3,32,2017,18010207,Wet,Wet,2016-10-01T00:00:00Z,2017-10-01T00:00:00Z,-122.53,41.6774
416774N1225301W001,2214935,2016-10-20T12:00:00Z,2540.3,2540.3,9.9,33,2517.2,23.1,23.1,NA,Steel tape measurement,Water level accuracy to nearest tenth of a foot,1,Department of Water Resources,NA,1,Department of Water Resources,NA,NA,24041,44N06W10F001M,44N06W10F001M,Digital Elevation Model,Unknown,1-004,Shasta Valley,Siskiyou,113,Residential,Single Well,NA,1953-04-06 00:00:00 - 2020-04-10 12:00:00,117,fall,13.4,32.8,NA,NA,2017,18010207,Wet,Wet,2016-10-01T00:00:00Z,2017-10-01T00:00:00Z,-122.53,41.6774
416774N1225301W001,2189522,2016-04-06T00:00:00Z,2540.3,2540.3,8.4,38,2510.7,29.6,29.6,NA,Steel tape measurement,Water level accuracy to nearest tenth of a foot,1,Department of Water Resources,NA,1,Department of Water Resources,NA,NA,24041,44N06W10F001M,44N06W10F001M,Digital Elevation Model,Unknown,1-004,Shasta Valley,Siskiyou,113,Residential,Single Well,NA,1953-04-06 00:00:00 - 2020-04-10 12:00:00,117,spring,NA,NA,14.3,32,2016,18010207,Wet,Wet,2015-10-01T00:00:00Z,2016-10-01T00:00:00Z,-122.53,41.6774
416774N1225301W001,2165291,2015-10-20T00:00:00Z,2540.3,2540.3,12.2,45,2507.5,32.8,32.8,NA,Steel tape measurement,Water level accuracy to nearest tenth of a foot,1,Department of Water Resources,NA,1,Department of Water Resources,NA,NA,24041,44N06W10F001M,44N06W10F001M,Digital Elevation Model,Unknown,1-004,Shasta Valley,Siskiyou,113,Residential,Single Well,NA,1953-04-06 00:00:00 - 2020-04-10 12:00:00,117,fall,13.4,32.8,NA,NA,2016,18010207,Wet,Wet,2015-10-01T00:00:00Z,2016-10-01T00:00:00Z,-122.53,41.6774
416774N1225301W001,2189786,2015-04-02T00:00:00Z,2540.3,2540.3,-0.1,30,2510.2,30.1,30.1,NA,Steel tape measurement,Water level accuracy to nearest tenth of a foot,1,Department of Water Resources,NA,1,Department of Water Resources,NA,NA,24041,44N06W10F001M,44N06W10F001M,Digital Elevation Model,Unknown,1-004,Shasta Valley,Siskiyou,113,Residential,Single Well,NA,1953-04-06 00:00:00 - 2020-04-10 12:00:00,117,spring,NA,NA,14.3,32,2015,18010207,Below Normal,Below Normal,2014-10-01T00:00:00Z,2015-10-01T00:00:00Z,-122.53,41.6774
416774N1225301W001,2029963,2014-10-29T00:00:00Z,2540.3,2540.3,0,25.2,2515.1,25.2,25.2,NA,Electric sounder measurement,Water level accuracy to nearest hundredth of a foot,1,Department of Water Resources,NA,1,Department of Water Resources,NA,NA,24041,44N06W10F001M,44N06W10F001M,Digital Elevation Model,Unknown,1-004,Shasta Valley,Siskiyou,113,Residential,Single Well,NA,1953-04-06 00:00:00 - 2020-04-10 12:00:00,117,fall,13.4,32.8,NA,NA,2015,18010207,Below Normal,Below Normal,2014-10-01T00:00:00Z,2015-10-01T00:00:00Z,-122.53,41.6774
416774N1225301W001,1884049,2014-03-24T00:00:00Z,2540.3,2540.3,0,29.4,2510.9,29.4,29.4,NA,Electric sounder measurement,Water level accuracy to nearest tenth of a foot,1,Department of Water Resources,NA,1,Department of Water Resources,NA,NA,24041,44N06W10F001M,44N06W10F001M,Digital Elevation Model,Unknown,1-004,Shasta Valley,Siskiyou,113,Residential,Single Well,NA,1953-04-06 00:00:00 - 2020-04-10 12:00:00,117,spring,NA,NA,14.3,32,2014,18010207,Critical,Critical,2013-10-01T00:00:00Z,2014-10-01T00:00:00Z,-122.53,41.6774
416774N1225301W001,1797155,2013-10-24T00:00:00Z,2540.3,2540.3,0,24.65,2515.65,24.65,24.65,NA,Electric sounder measurement,Water level accuracy to nearest tenth of a foot,1,Department of Water Resources,NA,1,Department of Water Resources,NA,NA,24041,44N06W10F001M,44N06W10F001M,Digital Elevation Model,Unknown,1-004,Shasta Valley,Siskiyou,113,Residential,Single Well,NA,1953-04-06 00:00:00 - 2020-04-10 12:00:00,117,fall,13.4,32.8,NA,NA,2014,18010207,Critical,Critical,2013-10-01T00:00:00Z,2014-10-01T00:00:00Z,-122.53,41.6774
416774N1225301W001,1684665,2013-03-25T00:00:00Z,2540.34,2540.34,11.2,40,2511.54,28.8,28.8,NA,Steel tape measurement,Water level accuracy to nearest tenth of a foot,1,Department of Water Resources,NA,1,Department of Water Resources,NA,NA,24041,44N06W10F001M,44N06W10F001M,Digital Elevation Model,Unknown,1-004,Shasta Valley,Siskiyou,113,Residential,Single Well,NA,1953-04-06 00:00:00 - 2020-04-10 12:00:00,117,spring,NA,NA,14.3,32,2013,18010207,Below Normal,Below Normal,2012-10-01T00:00:00Z,2013-10-01T00:00:00Z,-122.53,41.6774
416774N1225301W001,69696,2012-10-26T00:00:00Z,2540.34,2540.34,3.8,28,2516.14,24.2,24.2,NA,Steel tape measurement,Water level accuracy to nearest tenth of a foot,1,Department of Water Resources,NA,1,Department of Water Resources,NA,NA,24041,44N06W10F001M,44N06W10F001M,Digital Elevation Model,Unknown,1-004,Shasta Valley,Siskiyou,113,Residential,Single Well,NA,1953-04-06 00:00:00 - 2020-04-10 12:00:00,117,fall,13.4,32.8,NA,NA,2013,18010207,Below Normal,Below Normal,2012-10-01T00:00:00Z,2013-10-01T00:00:00Z,-122.53,41.6774
416774N1225301W001,59886,2012-04-18T00:00:00Z,2540.34,2540.34,0,28.9,2511.44,28.9,28.9,NA,Steel tape measurement,Water level accuracy to nearest tenth of a foot,1,Department of Water Resources,NA,1,Department of Water Resources,NA,NA,24041,44N06W10F001M,44N06W10F001M,Digital Elevation Model,Unknown,1-004,Shasta Valley,Siskiyou,113,Residential,Single Well,NA,1953-04-06 00:00:00 - 2020-04-10 12:00:00,117,spring,NA,NA,14.3,32,2012,18010207,Below Normal,Below Normal,2011-10-01T00:00:00Z,2012-10-01T00:00:00Z,-122.53,41.6774
416774N1225301W001,39865,2011-10-20T00:00:00Z,2540.34,2540.34,0,25.29,2515.05,25.29,25.29,NA,Electric sounder measurement,Water level accuracy to nearest hundredth of a foot,1,Department of Water Resources,NA,1,Department of Water Resources,NA,NA,24041,44N06W10F001M,44N06W10F001M,Digital Elevation Model,Unknown,1-004,Shasta Valley,Siskiyou,113,Residential,Single Well,NA,1953-04-06 00:00:00 - 2020-04-10 12:00:00,117,fall,13.4,32.8,NA,NA,2012,18010207,Below Normal,Below Normal,2011-10-01T00:00:00Z,2012-10-01T00:00:00Z,-122.53,41.6774
416774N1225301W001,678353,2011-10-20T00:00:00Z,2540.3,2540.3,0,25.29,2515.01,25.29,25.29,NA,Unknown,Water level accuracy is unknown,1,Department of Water Resources,NA,1,Department of Water Resources,NA,NA,24041,44N06W10F001M,44N06W10F001M,Digital Elevation Model,Unknown,1-004,Shasta Valley,Siskiyou,113,Residential,Single Well,NA,1953-04-06 00:00:00 - 2020-04-10 12:00:00,117,fall,13.4,32.8,NA,NA,2012,18010207,Below Normal,Below Normal,2011-10-01T00:00:00Z,2012-10-01T00:00:00Z,-122.53,41.6774
416774N1225301W001,678352,2011-04-21T00:00:00Z,2540.3,2540.3,0,26.8,2513.5,26.8,26.8,NA,Unknown,Water level accuracy is unknown,1,Department of Water Resources,NA,1,Department of Water Resources,NA,NA,24041,44N06W10F001M,44N06W10F001M,Digital Elevation Model,Unknown,1-004,Shasta Valley,Siskiyou,113,Residential,Single Well,NA,1953-04-06 00:00:00 - 2020-04-10 12:00:00,117,spring,NA,NA,14.3,32,2011,18010207,Above Normal,Above Normal,2010-10-01T00:00:00Z,2011-10-01T00:00:00Z,-122.53,41.6774
416774N1225301W001,678351,2010-10-26T00:00:00Z,2540.3,2540.3,0,24.2,2516.1,24.2,24.2,NA,Unknown,Water level accuracy is unknown,1,Department of Water Resources,NA,1,Department of Water Resources,NA,NA,24041,44N06W10F001M,44N06W10F001M,Digital Elevation Model,Unknown,1-004,Shasta Valley,Siskiyou,113,Residential,Single Well,NA,1953-04-06 00:00:00 - 2020-04-10 12:00:00,117,fall,13.4,32.8,NA,NA,2011,18010207,Above Normal,Above Normal,2010-10-01T00:00:00Z,2011-10-01T00:00:00Z,-122.53,41.6774
416774N1225301W001,678350,2010-04-05T00:00:00Z,2540.3,2540.3,0,29.2,2511.1,29.2,29.2,NA,Unknown,Water level accuracy is unknown,1,Department of Water Resources,NA,1,Department of Water Resources,NA,NA,24041,44N06W10F001M,44N06W10F001M,Digital Elevation Model,Unknown,1-004,Shasta Valley,Siskiyou,113,Residential,Single Well,NA,1953-04-06 00:00:00 - 2020-04-10 12:00:00,117,spring,NA,NA,14.3,32,2010,18010207,Below Normal,Below Normal,2009-10-01T00:00:00Z,2010-10-01T00:00:00Z,-122.53,41.6774
416774N1225301W001,678349,2009-10-29T00:00:00Z,2540.3,2540.3,0,24,2516.3,24,24,NA,Unknown,Water level accuracy is unknown,1,Department of Water Resources,NA,1,Department of Water Resources,NA,NA,24041,44N06W10F001M,44N06W10F001M,Digital Elevation Model,Unknown,1-004,Shasta Valley,Siskiyou,113,Residential,Single Well,NA,1953-04-06 00:00:00 - 2020-04-10 12:00:00,117,fall,13.4,32.8,NA,NA,2010,18010207,Below Normal,Below Normal,2009-10-01T00:00:00Z,2010-10-01T00:00:00Z,-122.53,41.6774
416774N1225301W001,678348,2009-04-07T00:00:00Z,2540.3,2540.3,0,29,2511.3,29,29,NA,Unknown,Water level accuracy is unknown,1,Department of Water Resources,NA,1,Department of Water Resources,NA,NA,24041,44N06W10F001M,44N06W10F001M,Digital Elevation Model,Unknown,1-004,Shasta Valley,Siskiyou,113,Residential,Single Well,NA,1953-04-06 00:00:00 - 2020-04-10 12:00:00,117,spring,NA,NA,14.3,32,2009,18010207,Dry,Dry,2008-10-01T00:00:00Z,2009-10-01T00:00:00Z,-122.53,41.6774
416774N1225301W001,678347,2008-10-29T00:00:00Z,2540.3,2540.3,0,24.4,2515.9,24.4,24.4,NA,Unknown,Water level accuracy is unknown,1,Department of Water Resources,NA,1,Department of Water Resources,NA,NA,24041,44N06W10F001M,44N06W10F001M,Digital Elevation Model,Unknown,1-004,Shasta Valley,Siskiyou,113,Residential,Single Well,NA,1953-04-06 00:00:00 - 2020-04-10 12:00:00,117,fall,13.4,32.8,NA,NA,2009,18010207,Dry,Dry,2008-10-01T00:00:00Z,2009-10-01T00:00:00Z,-122.53,41.6774
416774N1225301W001,678346,2008-03-27T00:00:00Z,2540.3,2540.3,0,26.9,2513.4,26.9,26.9,NA,Unknown,Water level accuracy is unknown,1,Department of Water Resources,NA,1,Department of Water Resources,NA,NA,24041,44N06W10F001M,44N06W10F001M,Digital Elevation Model,Unknown,1-004,Shasta Valley,Siskiyou,113,Residential,Single Well,NA,1953-04-06 00:00:00 - 2020-04-10 12:00:00,117,spring,NA,NA,14.3,32,2008,18010207,Dry,Dry,2007-10-01T00:00:00Z,2008-10-01T00:00:00Z,-122.53,41.6774
416774N1225301W001,678345,2007-10-23T00:00:00Z,2540.3,2540.3,0,24.8,2515.5,24.8,24.8,NA,Unknown,Water level accuracy is unknown,1,Department of Water Resources,NA,1,Department of Water Resources,NA,NA,24041,44N06W10F001M,44N06W10F001M,Digital Elevation Model,Unknown,1-004,Shasta Valley,Siskiyou,113,Residential,Single Well,NA,1953-04-06 00:00:00 - 2020-04-10 12:00:00,117,fall,13.4,32.8,NA,NA,2008,18010207,Dry,Dry,2007-10-01T00:00:00Z,2008-10-01T00:00:00Z,-122.53,41.6774
416774N1225301W001,678344,2007-03-27T00:00:00Z,2540.3,2540.3,0,26.2,2514.1,26.2,26.2,NA,Unknown,Water level accuracy is unknown,1,Department of Water Resources,NA,1,Department of Water Resources,NA,NA,24041,44N06W10F001M,44N06W10F001M,Digital Elevation Model,Unknown,1-004,Shasta Valley,Siskiyou,113,Residential,Single Well,NA,1953-04-06 00:00:00 - 2020-04-10 12:00:00,117,spring,NA,NA,14.3,32,2007,18010207,Below Normal,Below Normal,2006-10-01T00:00:00Z,2007-10-01T00:00:00Z,-122.53,41.6774
416774N1225301W001,678343,2006-10-16T00:00:00Z,2540.3,2540.3,0,17.3,2523,17.3,17.3,NA,Unknown,Water level accuracy is unknown,1,Department of Water Resources,NA,1,Department of Water Resources,NA,NA,24041,44N06W10F001M,44N06W10F001M,Digital Elevation Model,Unknown,1-004,Shasta Valley,Siskiyou,113,Residential,Single Well,NA,1953-04-06 00:00:00 - 2020-04-10 12:00:00,117,fall,13.4,32.8,NA,NA,2007,18010207,Below Normal,Below Normal,2006-10-01T00:00:00Z,2007-10-01T00:00:00Z,-122.53,41.6774
416774N1225301W001,678342,2006-04-20T00:00:00Z,2540.3,2540.3,0,23.7,2516.6,23.7,23.7,NA,Unknown,Water level accuracy is unknown,1,Department of Water Resources,NA,1,Department of Water Resources,NA,NA,24041,44N06W10F001M,44N06W10F001M,Digital Elevation Model,Unknown,1-004,Shasta Valley,Siskiyou,113,Residential,Single Well,NA,1953-04-06 00:00:00 - 2020-04-10 12:00:00,117,spring,NA,NA,14.3,32,2006,18010207,Wet,Wet,2005-10-01T00:00:00Z,2006-10-01T00:00:00Z,-122.53,41.6774
416774N1225301W001,678341,2005-10-14T00:00:00Z,2540.3,2540.3,0,19.4,2520.9,19.4,19.4,NA,Unknown,Water level accuracy is unknown,1,Department of Water Resources,NA,1,Department of Water Resources,NA,NA,24041,44N06W10F001M,44N06W10F001M,Digital Elevation Model,Unknown,1-004,Shasta Valley,Siskiyou,113,Residential,Single Well,NA,1953-04-06 00:00:00 - 2020-04-10 12:00:00,117,fall,13.4,32.8,NA,NA,2006,18010207,Wet,Wet,2005-10-01T00:00:00Z,2006-10-01T00:00:00Z,-122.53,41.6774
416774N1225301W001,678340,2005-03-30T00:00:00Z,2540.3,2540.3,0,27.1,2513.2,27.1,27.1,NA,Unknown,Water level accuracy is unknown,1,Department of Water Resources,NA,1,Department of Water Resources,NA,NA,24041,44N06W10F001M,44N06W10F001M,Digital Elevation Model,Unknown,1-004,Shasta Valley,Siskiyou,113,Residential,Single Well,NA,1953-04-06 00:00:00 - 2020-04-10 12:00:00,117,spring,NA,NA,14.3,32,2005,18010207,Above Normal,Above Normal,2004-10-01T00:00:00Z,2005-10-01T00:00:00Z,-122.53,41.6774
416774N1225301W001,678339,2004-10-29T00:00:00Z,2540.3,2540.3,0,20,2520.3,20,20,NA,Unknown,Water level accuracy is unknown,1,Department of Water Resources,NA,1,Department of Water Resources,NA,NA,24041,44N06W10F001M,44N06W10F001M,Digital Elevation Model,Unknown,1-004,Shasta Valley,Siskiyou,113,Residential,Single Well,NA,1953-04-06 00:00:00 - 2020-04-10 12:00:00,117,fall,13.4,32.8,NA,NA,2005,18010207,Above Normal,Above Normal,2004-10-01T00:00:00Z,2005-10-01T00:00:00Z,-122.53,41.6774
416774N1225301W001,678338,2004-03-31T00:00:00Z,2540.3,2540.3,0,26.8,2513.5,26.8,26.8,NA,Unknown,Water level accuracy is unknown,1,Department of Water Resources,NA,1,Department of Water Resources,NA,NA,24041,44N06W10F001M,44N06W10F001M,Digital Elevation Model,Unknown,1-004,Shasta Valley,Siskiyou,113,Residential,Single Well,NA,1953-04-06 00:00:00 - 2020-04-10 12:00:00,117,spring,NA,NA,14.3,32,2004,18010207,Above Normal,Above Normal,2003-10-01T00:00:00Z,2004-10-01T00:00:00Z,-122.53,41.6774
416774N1225301W001,678337,2003-10-06T00:00:00Z,2540.3,2540.3,0,16.7,2523.6,16.7,16.7,NA,Unknown,Water level accuracy is unknown,1,Department of Water Resources,NA,1,Department of Water Resources,NA,NA,24041,44N06W10F001M,44N06W10F001M,Digital Elevation Model,Unknown,1-004,Shasta Valley,Siskiyou,113,Residential,Single Well,NA,1953-04-06 00:00:00 - 2020-04-10 12:00:00,117,fall,13.4,32.8,NA,NA,2004,18010207,Above Normal,Above Normal,2003-10-01T00:00:00Z,2004-10-01T00:00:00Z,-122.53,41.6774
416774N1225301W001,678336,2003-03-24T00:00:00Z,2540.3,2540.3,0,29.7,2510.6,29.7,29.7,NA,Unknown,Water level accuracy is unknown,1,Department of Water Resources,NA,1,Department of Water Resources,NA,NA,24041,44N06W10F001M,44N06W10F001M,Digital Elevation Model,Unknown,1-004,Shasta Valley,Siskiyou,113,Residential,Single Well,NA,1953-04-06 00:00:00 - 2020-04-10 12:00:00,117,spring,NA,NA,14.3,32,2003,18010207,Above Normal,Above Normal,2002-10-01T00:00:00Z,2003-10-01T00:00:00Z,-122.53,41.6774
416774N1225301W001,678335,2002-10-09T00:00:00Z,2540.3,2540.3,0,18.9,2521.4,18.9,18.9,NA,Unknown,Water level accuracy is unknown,1,Department of Water Resources,NA,1,Department of Water Resources,NA,NA,24041,44N06W10F001M,44N06W10F001M,Digital Elevation Model,Unknown,1-004,Shasta Valley,Siskiyou,113,Residential,Single Well,NA,1953-04-06 00:00:00 - 2020-04-10 12:00:00,117,fall,13.4,32.8,NA,NA,2003,18010207,Above Normal,Above Normal,2002-10-01T00:00:00Z,2003-10-01T00:00:00Z,-122.53,41.6774
416774N1225301W001,678334,2002-03-27T00:00:00Z,2540.3,2540.3,0,27.5,2512.8,27.5,27.5,NA,Unknown,Water level accuracy is unknown,1,Department of Water Resources,NA,1,Department of Water Resources,NA,NA,24041,44N06W10F001M,44N06W10F001M,Digital Elevation Model,Unknown,1-004,Shasta Valley,Siskiyou,113,Residential,Single Well,NA,1953-04-06 00:00:00 - 2020-04-10 12:00:00,117,spring,NA,NA,14.3,32,2002,18010207,Dry,Dry,2001-10-01T00:00:00Z,2002-10-01T00:00:00Z,-122.53,41.6774
416774N1225301W001,678333,2001-10-29T00:00:00Z,2540.3,2540.3,0,23.4,2516.9,23.4,23.4,NA,Unknown,Water level accuracy is unknown,1,Department of Water Resources,NA,1,Department of Water Resources,NA,NA,24041,44N06W10F001M,44N06W10F001M,Digital Elevation Model,Unknown,1-004,Shasta Valley,Siskiyou,113,Residential,Single Well,NA,1953-04-06 00:00:00 - 2020-04-10 12:00:00,117,fall,13.4,32.8,NA,NA,2002,18010207,Dry,Dry,2001-10-01T00:00:00Z,2002-10-01T00:00:00Z,-122.53,41.6774
416774N1225301W001,678332,2001-04-02T00:00:00Z,2540.3,2540.3,0,29.4,2510.9,29.4,29.4,NA,Unknown,Water level accuracy is unknown,1,Department of Water Resources,NA,1,Department of Water Resources,NA,NA,24041,44N06W10F001M,44N06W10F001M,Digital Elevation Model,Unknown,1-004,Shasta Valley,Siskiyou,113,Residential,Single Well,NA,1953-04-06 00:00:00 - 2020-04-10 12:00:00,117,spring,NA,NA,14.3,32,2001,18010207,Critical,Critical,2000-10-01T00:00:00Z,2001-10-01T00:00:00Z,-122.53,41.6774
416774N1225301W001,678331,2000-10-09T00:00:00Z,2540.3,2540.3,0,15.9,2524.4,15.9,15.9,NA,Unknown,Water level accuracy is unknown,1,Department of Water Resources,NA,1,Department of Water Resources,NA,NA,24041,44N06W10F001M,44N06W10F001M,Digital Elevation Model,Unknown,1-004,Shasta Valley,Siskiyou,113,Residential,Single Well,NA,1953-04-06 00:00:00 - 2020-04-10 12:00:00,117,fall,13.4,32.8,NA,NA,2001,18010207,Critical,Critical,2000-10-01T00:00:00Z,2001-10-01T00:00:00Z,-122.53,41.6774
416774N1225301W001,678330,2000-03-22T00:00:00Z,2540.3,2540.3,0,26.7,2513.6,26.7,26.7,NA,Unknown,Water level accuracy is unknown,1,Department of Water Resources,NA,1,Department of Water Resources,NA,NA,24041,44N06W10F001M,44N06W10F001M,Digital Elevation Model,Unknown,1-004,Shasta Valley,Siskiyou,113,Residential,Single Well,NA,1953-04-06 00:00:00 - 2020-04-10 12:00:00,117,spring,NA,NA,14.3,32,2000,18010207,Above Normal,Above Normal,1999-10-01T00:00:00Z,2000-10-01T00:00:00Z,-122.53,41.6774
416774N1225301W001,678328,1999-10-25T00:00:00Z,2540.3,2540.3,0,19.4,2520.9,19.4,19.4,NA,Unknown,Water level accuracy is unknown,1,Department of Water Resources,NA,1,Department of Water Resources,NA,NA,24041,44N06W10F001M,44N06W10F001M,Digital Elevation Model,Unknown,1-004,Shasta Valley,Siskiyou,113,Residential,Single Well,NA,1953-04-06 00:00:00 - 2020-04-10 12:00:00,117,fall,13.4,32.8,NA,NA,2000,18010207,Above Normal,Above Normal,1999-10-01T00:00:00Z,2000-10-01T00:00:00Z,-122.53,41.6774
416774N1225301W001,678329,1999-03-15T00:00:00Z,2540.3,2540.3,0,24.7,2515.6,24.7,24.7,NA,Unknown,Water level accuracy is unknown,1,Department of Water Resources,NA,1,Department of Water Resources,NA,NA,24041,44N06W10F001M,44N06W10F001M,Digital Elevation Model,Unknown,1-004,Shasta Valley,Siskiyou,113,Residential,Single Well,NA,1953-04-06 00:00:00 - 2020-04-10 12:00:00,117,spring,NA,NA,14.3,32,1999,18010207,Wet,Wet,1998-10-01T00:00:00Z,1999-10-01T00:00:00Z,-122.53,41.6774
416774N1225301W001,678327,1998-10-26T00:00:00Z,2540.3,2540.3,0,19.8,2520.5,19.8,19.8,NA,Unknown,Water level accuracy is unknown,1,Department of Water Resources,NA,1,Department of Water Resources,NA,NA,24041,44N06W10F001M,44N06W10F001M,Digital Elevation Model,Unknown,1-004,Shasta Valley,Siskiyou,113,Residential,Single Well,NA,1953-04-06 00:00:00 - 2020-04-10 12:00:00,117,fall,13.4,32.8,NA,NA,1999,18010207,Wet,Wet,1998-10-01T00:00:00Z,1999-10-01T00:00:00Z,-122.53,41.6774
416774N1225301W001,678326,1998-03-31T00:00:00Z,2540.3,2540.3,0,26.3,2514,26.3,26.3,NA,Unknown,Water level accuracy is unknown,1,Department of Water Resources,NA,1,Department of Water Resources,NA,NA,24041,44N06W10F001M,44N06W10F001M,Digital Elevation Model,Unknown,1-004,Shasta Valley,Siskiyou,113,Residential,Single Well,NA,1953-04-06 00:00:00 - 2020-04-10 12:00:00,117,spring,NA,NA,14.3,32,1998,18010207,Wet,Wet,1997-10-01T00:00:00Z,1998-10-01T00:00:00Z,-122.53,41.6774
416774N1225301W001,678325,1997-10-22T00:00:00Z,2540.3,2540.3,0,20.8,2519.5,20.8,20.8,NA,Unknown,Water level accuracy is unknown,1,Department of Water Resources,NA,1,Department of Water Resources,NA,NA,24041,44N06W10F001M,44N06W10F001M,Digital Elevation Model,Unknown,1-004,Shasta Valley,Siskiyou,113,Residential,Single Well,NA,1953-04-06 00:00:00 - 2020-04-10 12:00:00,117,fall,13.4,32.8,NA,NA,1998,18010207,Wet,Wet,1997-10-01T00:00:00Z,1998-10-01T00:00:00Z,-122.53,41.6774
416774N1225301W001,678324,1997-03-10T00:00:00Z,2540.3,2540.3,0,24.6,2515.7,24.6,24.6,NA,Unknown,Water level accuracy is unknown,1,Department of Water Resources,NA,1,Department of Water Resources,NA,NA,24041,44N06W10F001M,44N06W10F001M,Digital Elevation Model,Unknown,1-004,Shasta Valley,Siskiyou,113,Residential,Single Well,NA,1953-04-06 00:00:00 - 2020-04-10 12:00:00,117,spring,NA,NA,14.3,32,1997,18010207,Wet,Wet,1996-10-01T00:00:00Z,1997-10-01T00:00:00Z,-122.53,41.6774
416774N1225301W001,678323,1996-10-23T00:00:00Z,2540.3,2540.3,0,18.2,2522.1,18.2,18.2,NA,Unknown,Water level accuracy is unknown,1,Department of Water Resources,NA,1,Department of Water Resources,NA,NA,24041,44N06W10F001M,44N06W10F001M,Digital Elevation Model,Unknown,1-004,Shasta Valley,Siskiyou,113,Residential,Single Well,NA,1953-04-06 00:00:00 - 2020-04-10 12:00:00,117,fall,13.4,32.8,NA,NA,1997,18010207,Wet,Wet,1996-10-01T00:00:00Z,1997-10-01T00:00:00Z,-122.53,41.6774
416774N1225301W001,678322,1996-04-12T00:00:00Z,2540.3,2540.3,0,27.6,2512.7,27.6,27.6,NA,Unknown,Water level accuracy is unknown,1,Department of Water Resources,NA,1,Department of Water Resources,NA,NA,24041,44N06W10F001M,44N06W10F001M,Digital Elevation Model,Unknown,1-004,Shasta Valley,Siskiyou,113,Residential,Single Well,NA,1953-04-06 00:00:00 - 2020-04-10 12:00:00,117,spring,NA,NA,14.3,32,1996,18010207,Wet,Wet,1995-10-01T00:00:00Z,1996-10-01T00:00:00Z,-122.53,41.6774
416774N1225301W001,678321,1995-10-18T00:00:00Z,2540.3,2540.3,0,18.4,2521.9,18.4,18.4,NA,Unknown,Water level accuracy is unknown,1,Department of Water Resources,NA,1,Department of Water Resources,NA,NA,24041,44N06W10F001M,44N06W10F001M,Digital Elevation Model,Unknown,1-004,Shasta Valley,Siskiyou,113,Residential,Single Well,NA,1953-04-06 00:00:00 - 2020-04-10 12:00:00,117,fall,13.4,32.8,NA,NA,1996,18010207,Wet,Wet,1995-10-01T00:00:00Z,1996-10-01T00:00:00Z,-122.53,41.6774
416774N1225301W001,678320,1995-03-29T00:00:00Z,2540.3,2540.3,0,27.5,2512.8,27.5,27.5,NA,Unknown,Water level accuracy is unknown,1,Department of Water Resources,NA,1,Department of Water Resources,NA,NA,24041,44N06W10F001M,44N06W10F001M,Digital Elevation Model,Unknown,1-004,Shasta Valley,Siskiyou,113,Residential,Single Well,NA,1953-04-06 00:00:00 - 2020-04-10 12:00:00,117,spring,NA,NA,14.3,32,1995,18010207,Wet,Wet,1994-10-01T00:00:00Z,1995-10-01T00:00:00Z,-122.53,41.6774
416774N1225301W001,678319,1994-10-26T00:00:00Z,2540.3,2540.3,0,20.2,2520.1,20.2,20.2,NA,Unknown,Water level accuracy is unknown,1,Department of Water Resources,NA,1,Department of Water Resources,NA,NA,24041,44N06W10F001M,44N06W10F001M,Digital Elevation Model,Unknown,1-004,Shasta Valley,Siskiyou,113,Residential,Single Well,NA,1953-04-06 00:00:00 - 2020-04-10 12:00:00,117,fall,13.4,32.8,NA,NA,1995,18010207,Wet,Wet,1994-10-01T00:00:00Z,1995-10-01T00:00:00Z,-122.53,41.6774
416774N1225301W001,678318,1994-04-01T00:00:00Z,2540.3,2540.3,0,29.2,2511.1,29.2,29.2,NA,Unknown,Water level accuracy is unknown,1,Department of Water Resources,NA,1,Department of Water Resources,NA,NA,24041,44N06W10F001M,44N06W10F001M,Digital Elevation Model,Unknown,1-004,Shasta Valley,Siskiyou,113,Residential,Single Well,NA,1953-04-06 00:00:00 - 2020-04-10 12:00:00,117,spring,NA,NA,14.3,32,1994,18010207,Dry,Dry,1993-10-01T00:00:00Z,1994-10-01T00:00:00Z,-122.53,41.6774
416774N1225301W001,678317,1993-10-16T00:00:00Z,2540.3,2540.3,0,17.2,2523.1,17.2,17.2,NA,Unknown,Water level accuracy is unknown,1,Department of Water Resources,NA,1,Department of Water Resources,NA,NA,24041,44N06W10F001M,44N06W10F001M,Digital Elevation Model,Unknown,1-004,Shasta Valley,Siskiyou,113,Residential,Single Well,NA,1953-04-06 00:00:00 - 2020-04-10 12:00:00,117,fall,13.4,32.8,NA,NA,1994,18010207,Dry,Dry,1993-10-01T00:00:00Z,1994-10-01T00:00:00Z,-122.53,41.6774
416774N1225301W001,678316,1993-03-15T00:00:00Z,2540.3,2540.3,0,27,2513.3,27,27,NA,Unknown,Water level accuracy is unknown,1,Department of Water Resources,NA,1,Department of Water Resources,NA,NA,24041,44N06W10F001M,44N06W10F001M,Digital Elevation Model,Unknown,1-004,Shasta Valley,Siskiyou,113,Residential,Single Well,NA,1953-04-06 00:00:00 - 2020-04-10 12:00:00,117,spring,NA,NA,14.3,32,1993,18010207,Above Normal,Above Normal,1992-10-01T00:00:00Z,1993-10-01T00:00:00Z,-122.53,41.6774
416774N1225301W001,678315,1992-10-21T00:00:00Z,2540.3,2540.3,0,19.5,2520.8,19.5,19.5,NA,Unknown,Water level accuracy is unknown,1,Department of Water Resources,NA,1,Department of Water Resources,NA,NA,24041,44N06W10F001M,44N06W10F001M,Digital Elevation Model,Unknown,1-004,Shasta Valley,Siskiyou,113,Residential,Single Well,NA,1953-04-06 00:00:00 - 2020-04-10 12:00:00,117,fall,13.4,32.8,NA,NA,1993,18010207,Above Normal,Above Normal,1992-10-01T00:00:00Z,1993-10-01T00:00:00Z,-122.53,41.6774
416774N1225301W001,678314,1992-03-03T00:00:00Z,2540.3,2540.3,0,27.1,2513.2,27.1,27.1,NA,Unknown,Water level accuracy is unknown,1,Department of Water Resources,NA,1,Department of Water Resources,NA,NA,24041,44N06W10F001M,44N06W10F001M,Digital Elevation Model,Unknown,1-004,Shasta Valley,Siskiyou,113,Residential,Single Well,NA,1953-04-06 00:00:00 - 2020-04-10 12:00:00,117,spring,NA,NA,14.3,32,1992,18010207,Critical,Critical,1991-10-01T00:00:00Z,1992-10-01T00:00:00Z,-122.53,41.6774
416774N1225301W001,678313,1991-10-02T00:00:00Z,2540.3,2540.3,0,17.1,2523.2,17.1,17.1,NA,Unknown,Water level accuracy is unknown,1,Department of Water Resources,NA,1,Department of Water Resources,NA,NA,24041,44N06W10F001M,44N06W10F001M,Digital Elevation Model,Unknown,1-004,Shasta Valley,Siskiyou,113,Residential,Single Well,NA,1953-04-06 00:00:00 - 2020-04-10 12:00:00,117,fall,13.4,32.8,NA,NA,1992,18010207,Critical,Critical,1991-10-01T00:00:00Z,1992-10-01T00:00:00Z,-122.53,41.6774
416774N1225301W001,678312,1991-03-20T00:00:00Z,2540.3,2540.3,0,29,2511.3,29,29,Pumped recently,Unknown,Water level accuracy is unknown,1,Department of Water Resources,NA,1,Department of Water Resources,NA,NA,24041,44N06W10F001M,44N06W10F001M,Digital Elevation Model,Unknown,1-004,Shasta Valley,Siskiyou,113,Residential,Single Well,NA,1953-04-06 00:00:00 - 2020-04-10 12:00:00,117,spring,NA,NA,14.3,32,1991,18010207,Critical,Critical,1990-10-01T00:00:00Z,1991-10-01T00:00:00Z,-122.53,41.6774
416774N1225301W001,678311,1990-10-01T00:00:00Z,2540.3,2540.3,0,20.2,2520.1,20.2,20.2,NA,Unknown,Water level accuracy is unknown,1,Department of Water Resources,NA,1,Department of Water Resources,NA,NA,24041,44N06W10F001M,44N06W10F001M,Digital Elevation Model,Unknown,1-004,Shasta Valley,Siskiyou,113,Residential,Single Well,NA,1953-04-06 00:00:00 - 2020-04-10 12:00:00,117,fall,13.4,32.8,NA,NA,1991,18010207,Critical,Critical,1990-10-01T00:00:00Z,1991-10-01T00:00:00Z,-122.53,41.6774
416774N1225301W001,678310,1990-07-31T00:00:00Z,2540.3,2540.3,0,22.5,2517.8,22.5,22.5,NA,Unknown,Water level accuracy is unknown,1,Department of Water Resources,NA,1,Department of Water Resources,NA,NA,24041,44N06W10F001M,44N06W10F001M,Digital Elevation Model,Unknown,1-004,Shasta Valley,Siskiyou,113,Residential,Single Well,NA,1953-04-06 00:00:00 - 2020-04-10 12:00:00,117,other,NA,NA,NA,NA,1990,18010207,Dry,Dry,1989-10-01T00:00:00Z,1990-10-01T00:00:00Z,-122.53,41.6774
416774N1225301W001,678309,1990-03-21T00:00:00Z,2540.3,2540.3,0,28.3,2512,28.3,28.3,NA,Unknown,Water level accuracy is unknown,1,Department of Water Resources,NA,1,Department of Water Resources,NA,NA,24041,44N06W10F001M,44N06W10F001M,Digital Elevation Model,Unknown,1-004,Shasta Valley,Siskiyou,113,Residential,Single Well,NA,1953-04-06 00:00:00 - 2020-04-10 12:00:00,117,spring,NA,NA,14.3,32,1990,18010207,Dry,Dry,1989-10-01T00:00:00Z,1990-10-01T00:00:00Z,-122.53,41.6774
416774N1225301W001,678308,1989-10-04T00:00:00Z,2540.3,2540.3,0,21.2,2519.1,21.2,21.2,NA,Unknown,Water level accuracy is unknown,1,Department of Water Resources,NA,1,Department of Water Resources,NA,NA,24041,44N06W10F001M,44N06W10F001M,Digital Elevation Model,Unknown,1-004,Shasta Valley,Siskiyou,113,Residential,Single Well,NA,1953-04-06 00:00:00 - 2020-04-10 12:00:00,117,fall,13.4,32.8,NA,NA,1990,18010207,Dry,Dry,1989-10-01T00:00:00Z,1990-10-01T00:00:00Z,-122.53,41.6774
416774N1225301W001,678307,1989-03-23T00:00:00Z,2540.3,2540.3,0,27,2513.3,27,27,NA,Unknown,Water level accuracy is unknown,1,Department of Water Resources,NA,1,Department of Water Resources,NA,NA,24041,44N06W10F001M,44N06W10F001M,Digital Elevation Model,Unknown,1-004,Shasta Valley,Siskiyou,113,Residential,Single Well,NA,1953-04-06 00:00:00 - 2020-04-10 12:00:00,117,spring,NA,NA,14.3,32,1989,18010207,Below Normal,Below Normal,1988-10-01T00:00:00Z,1989-10-01T00:00:00Z,-122.53,41.6774
416774N1225301W001,678306,1988-10-26T00:00:00Z,2540.3,2540.3,0,20.7,2519.6,20.7,20.7,NA,Unknown,Water level accuracy is unknown,1,Department of Water Resources,NA,1,Department of Water Resources,NA,NA,24041,44N06W10F001M,44N06W10F001M,Digital Elevation Model,Unknown,1-004,Shasta Valley,Siskiyou,113,Residential,Single Well,NA,1953-04-06 00:00:00 - 2020-04-10 12:00:00,117,fall,13.4,32.8,NA,NA,1989,18010207,Below Normal,Below Normal,1988-10-01T00:00:00Z,1989-10-01T00:00:00Z,-122.53,41.6774
416774N1225301W001,678305,1988-03-14T00:00:00Z,2540.3,2540.3,0,27.6,2512.7,27.6,27.6,NA,Unknown,Water level accuracy is unknown,1,Department of Water Resources,NA,1,Department of Water Resources,NA,NA,24041,44N06W10F001M,44N06W10F001M,Digital Elevation Model,Unknown,1-004,Shasta Valley,Siskiyou,113,Residential,Single Well,NA,1953-04-06 00:00:00 - 2020-04-10 12:00:00,117,spring,NA,NA,14.3,32,1988,18010207,Critical,Critical,1987-10-01T00:00:00Z,1988-10-01T00:00:00Z,-122.53,41.6774
416774N1225301W001,678304,1987-10-21T00:00:00Z,2540.3,2540.3,0,20,2520.3,20,20,NA,Unknown,Water level accuracy is unknown,1,Department of Water Resources,NA,1,Department of Water Resources,NA,NA,24041,44N06W10F001M,44N06W10F001M,Digital Elevation Model,Unknown,1-004,Shasta Valley,Siskiyou,113,Residential,Single Well,NA,1953-04-06 00:00:00 - 2020-04-10 12:00:00,117,fall,13.4,32.8,NA,NA,1988,18010207,Critical,Critical,1987-10-01T00:00:00Z,1988-10-01T00:00:00Z,-122.53,41.6774
416774N1225301W001,678303,1987-04-22T00:00:00Z,2540.3,2540.3,0,27.2,2513.1,27.2,27.2,NA,Unknown,Water level accuracy is unknown,1,Department of Water Resources,NA,1,Department of Water Resources,NA,NA,24041,44N06W10F001M,44N06W10F001M,Digital Elevation Model,Unknown,1-004,Shasta Valley,Siskiyou,113,Residential,Single Well,NA,1953-04-06 00:00:00 - 2020-04-10 12:00:00,117,spring,NA,NA,14.3,32,1987,18010207,Critical,Critical,1986-10-01T00:00:00Z,1987-10-01T00:00:00Z,-122.53,41.6774
416774N1225301W001,678302,1986-09-24T00:00:00Z,2540.3,2540.3,0,20.8,2519.5,20.8,20.8,NA,Unknown,Water level accuracy is unknown,1,Department of Water Resources,NA,1,Department of Water Resources,NA,NA,24041,44N06W10F001M,44N06W10F001M,Digital Elevation Model,Unknown,1-004,Shasta Valley,Siskiyou,113,Residential,Single Well,NA,1953-04-06 00:00:00 - 2020-04-10 12:00:00,117,fall,13.4,32.8,NA,NA,1986,18010207,Above Normal,Above Normal,1985-10-01T00:00:00Z,1986-10-01T00:00:00Z,-122.53,41.6774
416774N1225301W001,678301,1986-03-25T00:00:00Z,2540.3,2540.3,0,27.2,2513.1,27.2,27.2,NA,Unknown,Water level accuracy is unknown,1,Department of Water Resources,NA,1,Department of Water Resources,NA,NA,24041,44N06W10F001M,44N06W10F001M,Digital Elevation Model,Unknown,1-004,Shasta Valley,Siskiyou,113,Residential,Single Well,NA,1953-04-06 00:00:00 - 2020-04-10 12:00:00,117,spring,NA,NA,14.3,32,1986,18010207,Above Normal,Above Normal,1985-10-01T00:00:00Z,1986-10-01T00:00:00Z,-122.53,41.6774
416774N1225301W001,678300,1985-09-23T00:00:00Z,2540.3,2540.3,0,20.9,2519.4,20.9,20.9,NA,Unknown,Water level accuracy is unknown,1,Department of Water Resources,NA,1,Department of Water Resources,NA,NA,24041,44N06W10F001M,44N06W10F001M,Digital Elevation Model,Unknown,1-004,Shasta Valley,Siskiyou,113,Residential,Single Well,NA,1953-04-06 00:00:00 - 2020-04-10 12:00:00,117,fall,13.4,32.8,NA,NA,1985,18010207,Dry,Dry,1984-10-01T00:00:00Z,1985-10-01T00:00:00Z,-122.53,41.6774
416774N1225301W001,678299,1985-03-14T00:00:00Z,2540.3,2540.3,0,27,2513.3,27,27,NA,Unknown,Water level accuracy is unknown,1,Department of Water Resources,NA,1,Department of Water Resources,NA,NA,24041,44N06W10F001M,44N06W10F001M,Digital Elevation Model,Unknown,1-004,Shasta Valley,Siskiyou,113,Residential,Single Well,NA,1953-04-06 00:00:00 - 2020-04-10 12:00:00,117,spring,NA,NA,14.3,32,1985,18010207,Dry,Dry,1984-10-01T00:00:00Z,1985-10-01T00:00:00Z,-122.53,41.6774
416774N1225301W001,678298,1984-10-30T00:00:00Z,2540.3,2540.3,0,18.2,2522.1,18.2,18.2,NA,Unknown,Water level accuracy is unknown,1,Department of Water Resources,NA,1,Department of Water Resources,NA,NA,24041,44N06W10F001M,44N06W10F001M,Digital Elevation Model,Unknown,1-004,Shasta Valley,Siskiyou,113,Residential,Single Well,NA,1953-04-06 00:00:00 - 2020-04-10 12:00:00,117,fall,13.4,32.8,NA,NA,1985,18010207,Dry,Dry,1984-10-01T00:00:00Z,1985-10-01T00:00:00Z,-122.53,41.6774
416774N1225301W001,678297,1984-03-23T00:00:00Z,2540.3,2540.3,0,27.2,2513.1,27.2,27.2,NA,Unknown,Water level accuracy is unknown,1,Department of Water Resources,NA,1,Department of Water Resources,NA,NA,24041,44N06W10F001M,44N06W10F001M,Digital Elevation Model,Unknown,1-004,Shasta Valley,Siskiyou,113,Residential,Single Well,NA,1953-04-06 00:00:00 - 2020-04-10 12:00:00,117,spring,NA,NA,14.3,32,1984,18010207,Wet,Wet,1983-10-01T00:00:00Z,1984-10-01T00:00:00Z,-122.53,41.6774
416774N1225301W001,678296,1983-10-24T00:00:00Z,2540.3,2540.3,0,18.7,2521.6,18.7,18.7,NA,Unknown,Water level accuracy is unknown,1,Department of Water Resources,NA,1,Department of Water Resources,NA,NA,24041,44N06W10F001M,44N06W10F001M,Digital Elevation Model,Unknown,1-004,Shasta Valley,Siskiyou,113,Residential,Single Well,NA,1953-04-06 00:00:00 - 2020-04-10 12:00:00,117,fall,13.4,32.8,NA,NA,1984,18010207,Wet,Wet,1983-10-01T00:00:00Z,1984-10-01T00:00:00Z,-122.53,41.6774
416774N1225301W001,678295,1983-04-11T00:00:00Z,2540.3,2540.3,0,26,2514.3,26,26,NA,Unknown,Water level accuracy is unknown,1,Department of Water Resources,NA,1,Department of Water Resources,NA,NA,24041,44N06W10F001M,44N06W10F001M,Digital Elevation Model,Unknown,1-004,Shasta Valley,Siskiyou,113,Residential,Single Well,NA,1953-04-06 00:00:00 - 2020-04-10 12:00:00,117,spring,NA,NA,14.3,32,1983,18010207,Wet,Wet,1982-10-01T00:00:00Z,1983-10-01T00:00:00Z,-122.53,41.6774
416774N1225301W001,678294,1982-10-13T00:00:00Z,2540.3,2540.3,0,18.7,2521.6,18.7,18.7,NA,Unknown,Water level accuracy is unknown,1,Department of Water Resources,NA,1,Department of Water Resources,NA,NA,24041,44N06W10F001M,44N06W10F001M,Digital Elevation Model,Unknown,1-004,Shasta Valley,Siskiyou,113,Residential,Single Well,NA,1953-04-06 00:00:00 - 2020-04-10 12:00:00,117,fall,13.4,32.8,NA,NA,1983,18010207,Wet,Wet,1982-10-01T00:00:00Z,1983-10-01T00:00:00Z,-122.53,41.6774
416774N1225301W001,678293,1982-04-20T00:00:00Z,2540.3,2540.3,0,27.3,2513,27.3,27.3,NA,Unknown,Water level accuracy is unknown,1,Department of Water Resources,NA,1,Department of Water Resources,NA,NA,24041,44N06W10F001M,44N06W10F001M,Digital Elevation Model,Unknown,1-004,Shasta Valley,Siskiyou,113,Residential,Single Well,NA,1953-04-06 00:00:00 - 2020-04-10 12:00:00,117,spring,NA,NA,14.3,32,1982,18010207,Wet,Wet,1981-10-01T00:00:00Z,1982-10-01T00:00:00Z,-122.53,41.6774
416774N1225301W001,678292,1981-10-07T00:00:00Z,2540.3,2540.3,0,19.4,2520.9,19.4,19.4,NA,Unknown,Water level accuracy is unknown,1,Department of Water Resources,NA,1,Department of Water Resources,NA,NA,24041,44N06W10F001M,44N06W10F001M,Digital Elevation Model,Unknown,1-004,Shasta Valley,Siskiyou,113,Residential,Single Well,NA,1953-04-06 00:00:00 - 2020-04-10 12:00:00,117,fall,13.4,32.8,NA,NA,1982,18010207,Wet,Wet,1981-10-01T00:00:00Z,1982-10-01T00:00:00Z,-122.53,41.6774
416774N1225301W001,678291,1981-03-28T00:00:00Z,2540.3,2540.3,0,32,2508.3,32,32,NA,Unknown,Water level accuracy is unknown,1,Department of Water Resources,NA,1,Department of Water Resources,NA,NA,24041,44N06W10F001M,44N06W10F001M,Digital Elevation Model,Unknown,1-004,Shasta Valley,Siskiyou,113,Residential,Single Well,NA,1953-04-06 00:00:00 - 2020-04-10 12:00:00,117,spring,NA,NA,14.3,32,1981,18010207,Dry,Dry,1980-10-01T00:00:00Z,1981-10-01T00:00:00Z,-122.53,41.6774
416774N1225301W001,678290,1980-10-01T00:00:00Z,2540.3,2540.3,0,22.5,2517.8,22.5,22.5,NA,Unknown,Water level accuracy is unknown,1,Department of Water Resources,NA,1,Department of Water Resources,NA,NA,24041,44N06W10F001M,44N06W10F001M,Digital Elevation Model,Unknown,1-004,Shasta Valley,Siskiyou,113,Residential,Single Well,NA,1953-04-06 00:00:00 - 2020-04-10 12:00:00,117,fall,13.4,32.8,NA,NA,1981,18010207,Dry,Dry,1980-10-01T00:00:00Z,1981-10-01T00:00:00Z,-122.53,41.6774
416774N1225301W001,678289,1980-03-27T00:00:00Z,2540.3,2540.3,0,27.9,2512.4,27.9,27.9,NA,Unknown,Water level accuracy is unknown,1,Department of Water Resources,NA,1,Department of Water Resources,NA,NA,24041,44N06W10F001M,44N06W10F001M,Digital Elevation Model,Unknown,1-004,Shasta Valley,Siskiyou,113,Residential,Single Well,NA,1953-04-06 00:00:00 - 2020-04-10 12:00:00,117,spring,NA,NA,14.3,32,1980,18010207,Below Normal,Below Normal,1979-10-01T00:00:00Z,1980-10-01T00:00:00Z,-122.53,41.6774
416774N1225301W001,678288,1979-11-01T00:00:00Z,2540.3,2540.3,0,20,2520.3,20,20,NA,Unknown,Water level accuracy is unknown,1,Department of Water Resources,NA,1,Department of Water Resources,NA,NA,24041,44N06W10F001M,44N06W10F001M,Digital Elevation Model,Unknown,1-004,Shasta Valley,Siskiyou,113,Residential,Single Well,NA,1953-04-06 00:00:00 - 2020-04-10 12:00:00,117,fall,13.4,32.8,NA,NA,1980,18010207,Below Normal,Below Normal,1979-10-01T00:00:00Z,1980-10-01T00:00:00Z,-122.53,41.6774
416774N1225301W001,678287,1979-04-04T00:00:00Z,2540.3,2540.3,0,30.4,2509.9,30.4,30.4,NA,Unknown,Water level accuracy is unknown,1,Department of Water Resources,NA,1,Department of Water Resources,NA,NA,24041,44N06W10F001M,44N06W10F001M,Digital Elevation Model,Unknown,1-004,Shasta Valley,Siskiyou,113,Residential,Single Well,NA,1953-04-06 00:00:00 - 2020-04-10 12:00:00,117,spring,NA,NA,14.3,32,1979,18010207,Dry,Dry,1978-10-01T00:00:00Z,1979-10-01T00:00:00Z,-122.53,41.6774
416774N1225301W001,678286,1978-10-24T00:00:00Z,2540.3,2540.3,0,22.5,2517.8,22.5,22.5,NA,Unknown,Water level accuracy is unknown,1,Department of Water Resources,NA,1,Department of Water Resources,NA,NA,24041,44N06W10F001M,44N06W10F001M,Digital Elevation Model,Unknown,1-004,Shasta Valley,Siskiyou,113,Residential,Single Well,NA,1953-04-06 00:00:00 - 2020-04-10 12:00:00,117,fall,13.4,32.8,NA,NA,1979,18010207,Dry,Dry,1978-10-01T00:00:00Z,1979-10-01T00:00:00Z,-122.53,41.6774
416774N1225301W001,678285,1978-03-30T00:00:00Z,2540.3,2540.3,0,30,2510.3,30,30,NA,Unknown,Water level accuracy is unknown,1,Department of Water Resources,NA,1,Department of Water Resources,NA,NA,24041,44N06W10F001M,44N06W10F001M,Digital Elevation Model,Unknown,1-004,Shasta Valley,Siskiyou,113,Residential,Single Well,NA,1953-04-06 00:00:00 - 2020-04-10 12:00:00,117,spring,NA,NA,14.3,32,1978,18010207,Wet,Wet,1977-10-01T00:00:00Z,1978-10-01T00:00:00Z,-122.53,41.6774
416774N1225301W001,678284,1977-10-19T00:00:00Z,2540.3,2540.3,0,20,2520.3,20,20,NA,Unknown,Water level accuracy is unknown,1,Department of Water Resources,NA,1,Department of Water Resources,NA,NA,24041,44N06W10F001M,44N06W10F001M,Digital Elevation Model,Unknown,1-004,Shasta Valley,Siskiyou,113,Residential,Single Well,NA,1953-04-06 00:00:00 - 2020-04-10 12:00:00,117,fall,13.4,32.8,NA,NA,1978,18010207,Wet,Wet,1977-10-01T00:00:00Z,1978-10-01T00:00:00Z,-122.53,41.6774
416774N1225301W001,678283,1977-03-30T00:00:00Z,2540.3,2540.3,0,27.4,2512.9,27.4,27.4,NA,Unknown,Water level accuracy is unknown,1,Department of Water Resources,NA,1,Department of Water Resources,NA,NA,24041,44N06W10F001M,44N06W10F001M,Digital Elevation Model,Unknown,1-004,Shasta Valley,Siskiyou,113,Residential,Single Well,NA,1953-04-06 00:00:00 - 2020-04-10 12:00:00,117,spring,NA,NA,14.3,32,1977,18010207,Critical,Critical,1976-10-01T00:00:00Z,1977-10-01T00:00:00Z,-122.53,41.6774
416774N1225301W001,678282,1976-11-01T00:00:00Z,2540.3,2540.3,0,19.1,2521.2,19.1,19.1,NA,Unknown,Water level accuracy is unknown,1,Department of Water Resources,NA,1,Department of Water Resources,NA,NA,24041,44N06W10F001M,44N06W10F001M,Digital Elevation Model,Unknown,1-004,Shasta Valley,Siskiyou,113,Residential,Single Well,NA,1953-04-06 00:00:00 - 2020-04-10 12:00:00,117,fall,13.4,32.8,NA,NA,1977,18010207,Critical,Critical,1976-10-01T00:00:00Z,1977-10-01T00:00:00Z,-122.53,41.6774
416774N1225301W001,678281,1976-03-17T00:00:00Z,2540.3,2540.3,0,26.8,2513.5,26.8,26.8,NA,Unknown,Water level accuracy is unknown,1,Department of Water Resources,NA,1,Department of Water Resources,NA,NA,24041,44N06W10F001M,44N06W10F001M,Digital Elevation Model,Unknown,1-004,Shasta Valley,Siskiyou,113,Residential,Single Well,NA,1953-04-06 00:00:00 - 2020-04-10 12:00:00,117,spring,NA,NA,14.3,32,1976,18010207,Dry,Dry,1975-10-01T00:00:00Z,1976-10-01T00:00:00Z,-122.53,41.6774
416774N1225301W001,678280,1975-11-04T00:00:00Z,2540.3,2540.3,0,17.5,2522.8,17.5,17.5,NA,Unknown,Water level accuracy is unknown,1,Department of Water Resources,NA,1,Department of Water Resources,NA,NA,24041,44N06W10F001M,44N06W10F001M,Digital Elevation Model,Unknown,1-004,Shasta Valley,Siskiyou,113,Residential,Single Well,NA,1953-04-06 00:00:00 - 2020-04-10 12:00:00,117,fall,13.4,32.8,NA,NA,1976,18010207,Dry,Dry,1975-10-01T00:00:00Z,1976-10-01T00:00:00Z,-122.53,41.6774
416774N1225301W001,678279,1975-04-17T00:00:00Z,2540.3,2540.3,0,26.8,2513.5,26.8,26.8,NA,Unknown,Water level accuracy is unknown,1,Department of Water Resources,NA,1,Department of Water Resources,NA,NA,24041,44N06W10F001M,44N06W10F001M,Digital Elevation Model,Unknown,1-004,Shasta Valley,Siskiyou,113,Residential,Single Well,NA,1953-04-06 00:00:00 - 2020-04-10 12:00:00,117,spring,NA,NA,14.3,32,1975,18010207,Wet,Wet,1974-10-01T00:00:00Z,1975-10-01T00:00:00Z,-122.53,41.6774
416774N1225301W001,678278,1974-10-15T00:00:00Z,2540.3,2540.3,0,13.6,2526.7,13.6,13.6,NA,Unknown,Water level accuracy is unknown,1,Department of Water Resources,NA,1,Department of Water Resources,NA,NA,24041,44N06W10F001M,44N06W10F001M,Digital Elevation Model,Unknown,1-004,Shasta Valley,Siskiyou,113,Residential,Single Well,NA,1953-04-06 00:00:00 - 2020-04-10 12:00:00,117,fall,13.4,32.8,NA,NA,1975,18010207,Wet,Wet,1974-10-01T00:00:00Z,1975-10-01T00:00:00Z,-122.53,41.6774
416774N1225301W001,678277,1974-04-10T00:00:00Z,2540.3,2540.3,0,24,2516.3,24,24,NA,Unknown,Water level accuracy is unknown,1,Department of Water Resources,NA,1,Department of Water Resources,NA,NA,24041,44N06W10F001M,44N06W10F001M,Digital Elevation Model,Unknown,1-004,Shasta Valley,Siskiyou,113,Residential,Single Well,NA,1953-04-06 00:00:00 - 2020-04-10 12:00:00,117,spring,NA,NA,14.3,32,1974,18010207,Wet,Wet,1973-10-01T00:00:00Z,1974-10-01T00:00:00Z,-122.53,41.6774
416774N1225301W001,678276,1973-10-09T00:00:00Z,2540.3,2540.3,0,20.2,2520.1,20.2,20.2,NA,Unknown,Water level accuracy is unknown,1,Department of Water Resources,NA,1,Department of Water Resources,NA,NA,24041,44N06W10F001M,44N06W10F001M,Digital Elevation Model,Unknown,1-004,Shasta Valley,Siskiyou,113,Residential,Single Well,NA,1953-04-06 00:00:00 - 2020-04-10 12:00:00,117,fall,13.4,32.8,NA,NA,1974,18010207,Wet,Wet,1973-10-01T00:00:00Z,1974-10-01T00:00:00Z,-122.53,41.6774
416774N1225301W001,678275,1973-04-20T00:00:00Z,2540.3,2540.3,0,27,2513.3,27,27,NA,Unknown,Water level accuracy is unknown,1,Department of Water Resources,NA,1,Department of Water Resources,NA,NA,24041,44N06W10F001M,44N06W10F001M,Digital Elevation Model,Unknown,1-004,Shasta Valley,Siskiyou,113,Residential,Single Well,NA,1953-04-06 00:00:00 - 2020-04-10 12:00:00,117,spring,NA,NA,14.3,32,1973,18010207,Critical,Critical,1972-10-01T00:00:00Z,1973-10-01T00:00:00Z,-122.53,41.6774
416774N1225301W001,678274,1972-10-03T00:00:00Z,2540.3,2540.3,0,16.5,2523.8,16.5,16.5,NA,Unknown,Water level accuracy is unknown,1,Department of Water Resources,NA,1,Department of Water Resources,NA,NA,24041,44N06W10F001M,44N06W10F001M,Digital Elevation Model,Unknown,1-004,Shasta Valley,Siskiyou,113,Residential,Single Well,NA,1953-04-06 00:00:00 - 2020-04-10 12:00:00,117,fall,13.4,32.8,NA,NA,1973,18010207,Critical,Critical,1972-10-01T00:00:00Z,1973-10-01T00:00:00Z,-122.53,41.6774
416774N1225301W001,678273,1972-03-21T00:00:00Z,2540.3,2540.3,0,26.3,2514,26.3,26.3,NA,Unknown,Water level accuracy is unknown,1,Department of Water Resources,NA,1,Department of Water Resources,NA,NA,24041,44N06W10F001M,44N06W10F001M,Digital Elevation Model,Unknown,1-004,Shasta Valley,Siskiyou,113,Residential,Single Well,NA,1953-04-06 00:00:00 - 2020-04-10 12:00:00,117,spring,NA,NA,14.3,32,1972,18010207,Above Normal,Above Normal,1971-10-01T00:00:00Z,1972-10-01T00:00:00Z,-122.53,41.6774
416774N1225301W001,678272,1971-10-26T00:00:00Z,2540.3,2540.3,0,16.6,2523.7,16.6,16.6,NA,Unknown,Water level accuracy is unknown,1,Department of Water Resources,NA,1,Department of Water Resources,NA,NA,24041,44N06W10F001M,44N06W10F001M,Digital Elevation Model,Unknown,1-004,Shasta Valley,Siskiyou,113,Residential,Single Well,NA,1953-04-06 00:00:00 - 2020-04-10 12:00:00,117,fall,13.4,32.8,NA,NA,1972,18010207,Above Normal,Above Normal,1971-10-01T00:00:00Z,1972-10-01T00:00:00Z,-122.53,41.6774
416774N1225301W001,678271,1971-04-06T00:00:00Z,2540.3,2540.3,0,25.6,2514.7,25.6,25.6,NA,Unknown,Water level accuracy is unknown,1,Department of Water Resources,NA,1,Department of Water Resources,NA,NA,24041,44N06W10F001M,44N06W10F001M,Digital Elevation Model,Unknown,1-004,Shasta Valley,Siskiyou,113,Residential,Single Well,NA,1953-04-06 00:00:00 - 2020-04-10 12:00:00,117,spring,NA,NA,14.3,32,1971,18010207,Wet,Wet,1970-10-01T00:00:00Z,1971-10-01T00:00:00Z,-122.53,41.6774
416774N1225301W001,678270,1970-10-06T00:00:00Z,2540.3,2540.3,0,13.4,2526.9,13.4,13.4,NA,Unknown,Water level accuracy is unknown,1,Department of Water Resources,NA,1,Department of Water Resources,NA,NA,24041,44N06W10F001M,44N06W10F001M,Digital Elevation Model,Unknown,1-004,Shasta Valley,Siskiyou,113,Residential,Single Well,NA,1953-04-06 00:00:00 - 2020-04-10 12:00:00,117,fall,13.4,32.8,NA,NA,1971,18010207,Wet,Wet,1970-10-01T00:00:00Z,1971-10-01T00:00:00Z,-122.53,41.6774
416774N1225301W001,678269,1970-04-06T00:00:00Z,2540.3,2540.3,0,25,2515.3,25,25,NA,Unknown,Water level accuracy is unknown,1,Department of Water Resources,NA,1,Department of Water Resources,NA,NA,24041,44N06W10F001M,44N06W10F001M,Digital Elevation Model,Unknown,1-004,Shasta Valley,Siskiyou,113,Residential,Single Well,NA,1953-04-06 00:00:00 - 2020-04-10 12:00:00,117,spring,NA,NA,14.3,32,1970,18010207,Above Normal,Above Normal,1969-10-01T00:00:00Z,1970-10-01T00:00:00Z,-122.53,41.6774
416774N1225301W001,678268,1969-10-07T00:00:00Z,2540.3,2540.3,0,14.8,2525.5,14.8,14.8,NA,Unknown,Water level accuracy is unknown,1,Department of Water Resources,NA,1,Department of Water Resources,NA,NA,24041,44N06W10F001M,44N06W10F001M,Digital Elevation Model,Unknown,1-004,Shasta Valley,Siskiyou,113,Residential,Single Well,NA,1953-04-06 00:00:00 - 2020-04-10 12:00:00,117,fall,13.4,32.8,NA,NA,1970,18010207,Above Normal,Above Normal,1969-10-01T00:00:00Z,1970-10-01T00:00:00Z,-122.53,41.6774
416774N1225301W001,678267,1969-04-07T00:00:00Z,2540.3,2540.3,0,25.5,2514.8,25.5,25.5,NA,Unknown,Water level accuracy is unknown,1,Department of Water Resources,NA,1,Department of Water Resources,NA,NA,24041,44N06W10F001M,44N06W10F001M,Digital Elevation Model,Unknown,1-004,Shasta Valley,Siskiyou,113,Residential,Single Well,NA,1953-04-06 00:00:00 - 2020-04-10 12:00:00,117,spring,NA,NA,14.3,32,1969,18010207,Above Normal,Above Normal,1968-10-01T00:00:00Z,1969-10-01T00:00:00Z,-122.53,41.6774
416774N1225301W001,678266,1968-09-30T00:00:00Z,2540.3,2540.3,0,18,2522.3,18,18,NA,Unknown,Water level accuracy is unknown,1,Department of Water Resources,NA,1,Department of Water Resources,NA,NA,24041,44N06W10F001M,44N06W10F001M,Digital Elevation Model,Unknown,1-004,Shasta Valley,Siskiyou,113,Residential,Single Well,NA,1953-04-06 00:00:00 - 2020-04-10 12:00:00,117,fall,13.4,32.8,NA,NA,1968,18010207,Dry,Dry,1967-10-01T00:00:00Z,1968-10-01T00:00:00Z,-122.53,41.6774
416774N1225301W001,678265,1968-04-11T00:00:00Z,2540.3,2540.3,0,27.8,2512.5,27.8,27.8,NA,Unknown,Water level accuracy is unknown,1,Department of Water Resources,NA,1,Department of Water Resources,NA,NA,24041,44N06W10F001M,44N06W10F001M,Digital Elevation Model,Unknown,1-004,Shasta Valley,Siskiyou,113,Residential,Single Well,NA,1953-04-06 00:00:00 - 2020-04-10 12:00:00,117,spring,NA,NA,14.3,32,1968,18010207,Dry,Dry,1967-10-01T00:00:00Z,1968-10-01T00:00:00Z,-122.53,41.6774
416774N1225301W001,678264,1967-10-04T00:00:00Z,2540.3,2540.3,0,16.3,2524,16.3,16.3,NA,Unknown,Water level accuracy is unknown,1,Department of Water Resources,NA,1,Department of Water Resources,NA,NA,24041,44N06W10F001M,44N06W10F001M,Digital Elevation Model,Unknown,1-004,Shasta Valley,Siskiyou,113,Residential,Single Well,NA,1953-04-06 00:00:00 - 2020-04-10 12:00:00,117,fall,13.4,32.8,NA,NA,1968,18010207,Dry,Dry,1967-10-01T00:00:00Z,1968-10-01T00:00:00Z,-122.53,41.6774
416774N1225301W001,678263,1967-04-12T00:00:00Z,2540.3,2540.3,0,14.3,2526,14.3,14.3,NA,Unknown,Water level accuracy is unknown,1,Department of Water Resources,NA,1,Department of Water Resources,NA,NA,24041,44N06W10F001M,44N06W10F001M,Digital Elevation Model,Unknown,1-004,Shasta Valley,Siskiyou,113,Residential,Single Well,NA,1953-04-06 00:00:00 - 2020-04-10 12:00:00,117,spring,NA,NA,14.3,32,1967,18010207,Below Normal,Below Normal,1966-10-01T00:00:00Z,1967-10-01T00:00:00Z,-122.53,41.6774
416774N1225301W001,678262,1966-10-04T00:00:00Z,2540.3,2540.3,0,18,2522.3,18,18,NA,Unknown,Water level accuracy is unknown,1,Department of Water Resources,NA,1,Department of Water Resources,NA,NA,24041,44N06W10F001M,44N06W10F001M,Digital Elevation Model,Unknown,1-004,Shasta Valley,Siskiyou,113,Residential,Single Well,NA,1953-04-06 00:00:00 - 2020-04-10 12:00:00,117,fall,13.4,32.8,NA,NA,1967,18010207,Below Normal,Below Normal,1966-10-01T00:00:00Z,1967-10-01T00:00:00Z,-122.53,41.6774
416774N1225301W001,678261,1966-04-05T00:00:00Z,2540.3,2540.3,0,16.9,2523.4,16.9,16.9,NA,Unknown,Water level accuracy is unknown,1,Department of Water Resources,NA,1,Department of Water Resources,NA,NA,24041,44N06W10F001M,44N06W10F001M,Digital Elevation Model,Unknown,1-004,Shasta Valley,Siskiyou,113,Residential,Single Well,NA,1953-04-06 00:00:00 - 2020-04-10 12:00:00,117,spring,NA,NA,14.3,32,1966,18010207,Dry,Dry,1965-10-01T00:00:00Z,1966-10-01T00:00:00Z,-122.53,41.6774
416774N1225301W001,678260,1965-11-03T00:00:00Z,2540.3,2540.3,0,19.4,2520.9,19.4,19.4,NA,Unknown,Water level accuracy is unknown,1,Department of Water Resources,NA,1,Department of Water Resources,NA,NA,24041,44N06W10F001M,44N06W10F001M,Digital Elevation Model,Unknown,1-004,Shasta Valley,Siskiyou,113,Residential,Single Well,NA,1953-04-06 00:00:00 - 2020-04-10 12:00:00,117,fall,13.4,32.8,NA,NA,1966,18010207,Dry,Dry,1965-10-01T00:00:00Z,1966-10-01T00:00:00Z,-122.53,41.6774
416774N1225301W001,2030194,1954-10-16T00:00:00Z,2540.3,2540.3,NA,NA,NA,NA,NA,Special/Other,NA,NA,1,Department of Water Resources,Not measured again until 11/3/1965.,1,Department of Water Resources,NA,NA,24041,44N06W10F001M,44N06W10F001M,Digital Elevation Model,Unknown,1-004,Shasta Valley,Siskiyou,113,Residential,Single Well,NA,1953-04-06 00:00:00 - 2020-04-10 12:00:00,117,fall,13.4,32.8,NA,NA,1955,18010207,Dry,Dry,1954-10-01T00:00:00Z,1955-10-01T00:00:00Z,-122.53,41.6774
416774N1225301W001,678259,1954-10-15T00:00:00Z,2540.3,2540.3,0,20.5,2519.8,20.5,20.5,NA,Unknown,Water level accuracy is unknown,1,Department of Water Resources,NA,1,Department of Water Resources,NA,NA,24041,44N06W10F001M,44N06W10F001M,Digital Elevation Model,Unknown,1-004,Shasta Valley,Siskiyou,113,Residential,Single Well,NA,1953-04-06 00:00:00 - 2020-04-10 12:00:00,117,fall,13.4,32.8,NA,NA,1955,18010207,Dry,Dry,1954-10-01T00:00:00Z,1955-10-01T00:00:00Z,-122.53,41.6774
416774N1225301W001,678258,1954-05-03T00:00:00Z,2540.3,2540.3,0,26.1,2514.2,26.1,26.1,NA,Unknown,Water level accuracy is unknown,1,Department of Water Resources,NA,1,Department of Water Resources,NA,NA,24041,44N06W10F001M,44N06W10F001M,Digital Elevation Model,Unknown,1-004,Shasta Valley,Siskiyou,113,Residential,Single Well,NA,1953-04-06 00:00:00 - 2020-04-10 12:00:00,117,spring,NA,NA,14.3,32,1954,18010207,Wet,Wet,1953-10-01T00:00:00Z,1954-10-01T00:00:00Z,-122.53,41.6774
416774N1225301W001,678257,1953-10-31T00:00:00Z,2540.3,2540.3,0,23.7,2516.6,23.7,23.7,NA,Unknown,Water level accuracy is unknown,1,Department of Water Resources,NA,1,Department of Water Resources,NA,NA,24041,44N06W10F001M,44N06W10F001M,Digital Elevation Model,Unknown,1-004,Shasta Valley,Siskiyou,113,Residential,Single Well,NA,1953-04-06 00:00:00 - 2020-04-10 12:00:00,117,fall,13.4,32.8,NA,NA,1954,18010207,Wet,Wet,1953-10-01T00:00:00Z,1954-10-01T00:00:00Z,-122.53,41.6774
416774N1225301W001,678256,1953-04-06T00:00:00Z,2540.3,2540.3,0,26.3,2514,26.3,26.3,NA,Unknown,Water level accuracy is unknown,1,Department of Water Resources,NA,1,Department of Water Resources,NA,NA,24041,44N06W10F001M,44N06W10F001M,Digital Elevation Model,Unknown,1-004,Shasta Valley,Siskiyou,113,Residential,Single Well,NA,1953-04-06 00:00:00 - 2020-04-10 12:00:00,117,spring,NA,NA,14.3,32,1953,18010207,Wet,Wet,1952-10-01T00:00:00Z,1953-10-01T00:00:00Z,-122.53,41.6774
