SITE_CODE,WLM_ID,MSMT_DATE,WLM_RPE,WLM_GSE,RDNG_WS,RDNG_RP,WSE,RPE_WSE,GSE_WSE,WLM_QA_DESC,WLM_DESC,WLM_ACC_DESC,WLM_ORG_ID,WLM_ORG_NAME,MSMT_CMT,COOP_AGENCY_ORG_ID,COOP_ORG_NAME,TOP_PRF,BOT_PRF,STN_ID,SWN,WELL_NAME,WLM_METHOD,WLM_ACC,BASIN_CODE,BASIN_NAME,COUNTY_NAME,WELL_DEPTH,WELL_USE,WELL_TYPE,WCR_NO,t_range,n_samples,season,fall_high,fall_low,spring_high,spring_low,water_year,Oct.Mar,Apr.Jul,WYsum,Index,water_year_type,region,water_year_start,water_year_end,X,Y
417236N1224461W001,679095,1969-04-07T00:00:00Z,2628.42,2628.02,NA,NA,NA,NA,NA,Well has been destroyed,NA,NA,1,Department of Water Resources,NA,1,Department of Water Resources,NA,NA,24046,45N05W29B001M,NA,Unknown,Unknown,1-004,Shasta Valley,Siskiyou,25,Residential,Unknown,NA,1953-04-08 - 1969-04-07,115,spring,NA,NA,17.7,22.2,1968,8.66,4.12,13.64,7.24,Below Normal,SAC,1968-10-01T00:00:00Z,1969-10-01T00:00:00Z,-122.446,41.7236
417236N1224461W001,679094,1968-10-01T00:00:00Z,2628.42,2628.02,0,18.3,2610.12,18.3,17.9,NA,Unknown,Water level accuracy is unknown,1,Department of Water Resources,NA,1,Department of Water Resources,NA,NA,24046,45N05W29B001M,NA,Unknown,Unknown,1-004,Shasta Valley,Siskiyou,25,Residential,Unknown,NA,1953-04-08 - 1969-04-07,115,fall,15.2,20.6,NA,NA,1968,8.66,4.12,13.64,7.24,Below Normal,SAC,1968-10-01T00:00:00Z,1969-10-01T00:00:00Z,-122.446,41.7236
417236N1224461W001,679093,1968-04-11T00:00:00Z,2628.42,2628.02,0,21.8,2606.62,21.8,21.4,NA,Unknown,Water level accuracy is unknown,1,Department of Water Resources,NA,1,Department of Water Resources,NA,NA,24046,45N05W29B001M,NA,Unknown,Unknown,1-004,Shasta Valley,Siskiyou,25,Residential,Unknown,NA,1953-04-08 - 1969-04-07,115,spring,NA,NA,17.7,22.2,1967,12.14,11.01,24.06,10.2,Wet,SAC,1967-10-01T00:00:00Z,1968-10-01T00:00:00Z,-122.446,41.7236
417236N1224461W001,679092,1967-10-04T00:00:00Z,2628.42,2628.02,0,17.3,2611.12,17.3,16.9,NA,Unknown,Water level accuracy is unknown,1,Department of Water Resources,NA,1,Department of Water Resources,NA,NA,24046,45N05W29B001M,NA,Unknown,Unknown,1-004,Shasta Valley,Siskiyou,25,Residential,Unknown,NA,1953-04-08 - 1969-04-07,115,fall,15.2,20.6,NA,NA,1967,12.14,11.01,24.06,10.2,Wet,SAC,1967-10-01T00:00:00Z,1968-10-01T00:00:00Z,-122.446,41.7236
417236N1224461W001,679091,1967-04-12T00:00:00Z,2628.42,2628.02,0,18.2,2610.22,18.2,17.8,NA,Unknown,Water level accuracy is unknown,1,Department of Water Resources,NA,1,Department of Water Resources,NA,NA,24046,45N05W29B001M,NA,Unknown,Unknown,1-004,Shasta Valley,Siskiyou,25,Residential,Unknown,NA,1953-04-08 - 1969-04-07,115,spring,NA,NA,17.7,22.2,1966,7.42,4.84,12.95,7.16,Below Normal,SAC,1966-10-01T00:00:00Z,1967-10-01T00:00:00Z,-122.446,41.7236
417236N1224461W001,679090,1966-10-04T00:00:00Z,2628.42,2628.02,0,18.3,2610.12,18.3,17.9,NA,Unknown,Water level accuracy is unknown,1,Department of Water Resources,NA,1,Department of Water Resources,NA,NA,24046,45N05W29B001M,NA,Unknown,Unknown,1-004,Shasta Valley,Siskiyou,25,Residential,Unknown,NA,1953-04-08 - 1969-04-07,115,fall,15.2,20.6,NA,NA,1966,7.42,4.84,12.95,7.16,Below Normal,SAC,1966-10-01T00:00:00Z,1967-10-01T00:00:00Z,-122.446,41.7236
417236N1224461W001,679089,1966-04-05T00:00:00Z,2628.42,2628.02,NA,NA,NA,NA,NA,Pumping,NA,NA,1,Department of Water Resources,NA,5167,United States Geological Survey,NA,NA,24046,45N05W29B001M,NA,Unknown,Unknown,1-004,Shasta Valley,Siskiyou,25,Residential,Unknown,NA,1953-04-08 - 1969-04-07,115,spring,NA,NA,17.7,22.2,1965,16.59,8.13,25.64,10.15,Wet,SAC,1965-10-01T00:00:00Z,1966-10-01T00:00:00Z,-122.446,41.7236
417236N1224461W001,679088,1966-03-04T00:00:00Z,2628.42,2628.02,0,21.7,2606.72,21.7,21.3,NA,Unknown,Water level accuracy is unknown,1,Department of Water Resources,NA,5167,United States Geological Survey,NA,NA,24046,45N05W29B001M,NA,Unknown,Unknown,1-004,Shasta Valley,Siskiyou,25,Residential,Unknown,NA,1953-04-08 - 1969-04-07,115,spring,NA,NA,17.7,22.2,1965,16.59,8.13,25.64,10.15,Wet,SAC,1965-10-01T00:00:00Z,1966-10-01T00:00:00Z,-122.446,41.7236
417236N1224461W001,679087,1966-01-31T00:00:00Z,2628.42,2628.02,0,20.8,2607.62,20.8,20.4,NA,Unknown,Water level accuracy is unknown,1,Department of Water Resources,NA,5167,United States Geological Survey,NA,NA,24046,45N05W29B001M,NA,Unknown,Unknown,1-004,Shasta Valley,Siskiyou,25,Residential,Unknown,NA,1953-04-08 - 1969-04-07,115,other,NA,NA,NA,NA,1965,16.59,8.13,25.64,10.15,Wet,SAC,1965-10-01T00:00:00Z,1966-10-01T00:00:00Z,-122.446,41.7236
417236N1224461W001,679086,1966-01-10T00:00:00Z,2628.42,2628.02,0,20.4,2608.02,20.4,20,NA,Unknown,Water level accuracy is unknown,1,Department of Water Resources,NA,5167,United States Geological Survey,NA,NA,24046,45N05W29B001M,NA,Unknown,Unknown,1-004,Shasta Valley,Siskiyou,25,Residential,Unknown,NA,1953-04-08 - 1969-04-07,115,other,NA,NA,NA,NA,1965,16.59,8.13,25.64,10.15,Wet,SAC,1965-10-01T00:00:00Z,1966-10-01T00:00:00Z,-122.446,41.7236
417236N1224461W001,679085,1965-12-03T00:00:00Z,2628.42,2628.02,0,19.3,2609.12,19.3,18.9,NA,Unknown,Water level accuracy is unknown,1,Department of Water Resources,NA,5167,United States Geological Survey,NA,NA,24046,45N05W29B001M,NA,Unknown,Unknown,1-004,Shasta Valley,Siskiyou,25,Residential,Unknown,NA,1953-04-08 - 1969-04-07,115,other,NA,NA,NA,NA,1965,16.59,8.13,25.64,10.15,Wet,SAC,1965-10-01T00:00:00Z,1966-10-01T00:00:00Z,-122.446,41.7236
417236N1224461W001,679084,1965-10-28T00:00:00Z,2628.42,2628.02,0,18.2,2610.22,18.2,17.8,NA,Unknown,Water level accuracy is unknown,1,Department of Water Resources,NA,5167,United States Geological Survey,NA,NA,24046,45N05W29B001M,NA,Unknown,Unknown,1-004,Shasta Valley,Siskiyou,25,Residential,Unknown,NA,1953-04-08 - 1969-04-07,115,fall,15.2,20.6,NA,NA,1965,16.59,8.13,25.64,10.15,Wet,SAC,1965-10-01T00:00:00Z,1966-10-01T00:00:00Z,-122.446,41.7236
417236N1224461W001,679083,1965-09-25T00:00:00Z,2628.42,2628.02,0,18.6,2609.82,18.6,18.2,Pumping,Unknown,Water level accuracy is unknown,1,Department of Water Resources,NA,5167,United States Geological Survey,NA,NA,24046,45N05W29B001M,NA,Unknown,Unknown,1-004,Shasta Valley,Siskiyou,25,Residential,Unknown,NA,1953-04-08 - 1969-04-07,115,fall,15.2,20.6,NA,NA,1964,5.9,4.37,10.92,6.41,Dry,SAC,1964-10-01T00:00:00Z,1965-10-01T00:00:00Z,-122.446,41.7236
417236N1224461W001,679082,1965-08-17T00:00:00Z,2628.42,2628.02,0,17.4,2611.02,17.4,17,NA,Unknown,Water level accuracy is unknown,1,Department of Water Resources,NA,5167,United States Geological Survey,NA,NA,24046,45N05W29B001M,NA,Unknown,Unknown,1-004,Shasta Valley,Siskiyou,25,Residential,Unknown,NA,1953-04-08 - 1969-04-07,115,fall,15.2,20.6,NA,NA,1964,5.9,4.37,10.92,6.41,Dry,SAC,1964-10-01T00:00:00Z,1965-10-01T00:00:00Z,-122.446,41.7236
417236N1224461W001,679081,1965-07-15T00:00:00Z,2628.42,2628.02,0,17.4,2611.02,17.4,17,NA,Unknown,Water level accuracy is unknown,1,Department of Water Resources,NA,5167,United States Geological Survey,NA,NA,24046,45N05W29B001M,NA,Unknown,Unknown,1-004,Shasta Valley,Siskiyou,25,Residential,Unknown,NA,1953-04-08 - 1969-04-07,115,other,NA,NA,NA,NA,1964,5.9,4.37,10.92,6.41,Dry,SAC,1964-10-01T00:00:00Z,1965-10-01T00:00:00Z,-122.446,41.7236
417236N1224461W001,679080,1965-06-17T00:00:00Z,2628.42,2628.02,0,17.9,2610.52,17.9,17.5,NA,Unknown,Water level accuracy is unknown,1,Department of Water Resources,NA,5167,United States Geological Survey,NA,NA,24046,45N05W29B001M,NA,Unknown,Unknown,1-004,Shasta Valley,Siskiyou,25,Residential,Unknown,NA,1953-04-08 - 1969-04-07,115,other,NA,NA,NA,NA,1964,5.9,4.37,10.92,6.41,Dry,SAC,1964-10-01T00:00:00Z,1965-10-01T00:00:00Z,-122.446,41.7236
417236N1224461W001,679079,1965-05-20T00:00:00Z,2628.42,2628.02,0,20,2608.42,20,19.6,NA,Unknown,Water level accuracy is unknown,1,Department of Water Resources,NA,5167,United States Geological Survey,NA,NA,24046,45N05W29B001M,NA,Unknown,Unknown,1-004,Shasta Valley,Siskiyou,25,Residential,Unknown,NA,1953-04-08 - 1969-04-07,115,spring,NA,NA,17.7,22.2,1964,5.9,4.37,10.92,6.41,Dry,SAC,1964-10-01T00:00:00Z,1965-10-01T00:00:00Z,-122.446,41.7236
417236N1224461W001,679078,1965-04-16T00:00:00Z,2628.42,2628.02,0,20.1,2608.32,20.1,19.7,NA,Unknown,Water level accuracy is unknown,1,Department of Water Resources,NA,5167,United States Geological Survey,NA,NA,24046,45N05W29B001M,NA,Unknown,Unknown,1-004,Shasta Valley,Siskiyou,25,Residential,Unknown,NA,1953-04-08 - 1969-04-07,115,spring,NA,NA,17.7,22.2,1964,5.9,4.37,10.92,6.41,Dry,SAC,1964-10-01T00:00:00Z,1965-10-01T00:00:00Z,-122.446,41.7236
417236N1224461W001,679077,1965-03-18T00:00:00Z,2628.42,2628.02,0,20,2608.42,20,19.6,NA,Unknown,Water level accuracy is unknown,1,Department of Water Resources,NA,5167,United States Geological Survey,NA,NA,24046,45N05W29B001M,NA,Unknown,Unknown,1-004,Shasta Valley,Siskiyou,25,Residential,Unknown,NA,1953-04-08 - 1969-04-07,115,spring,NA,NA,17.7,22.2,1964,5.9,4.37,10.92,6.41,Dry,SAC,1964-10-01T00:00:00Z,1965-10-01T00:00:00Z,-122.446,41.7236
417236N1224461W001,679076,1965-02-18T00:00:00Z,2628.42,2628.02,0,19.2,2609.22,19.2,18.8,NA,Unknown,Water level accuracy is unknown,1,Department of Water Resources,NA,5167,United States Geological Survey,NA,NA,24046,45N05W29B001M,NA,Unknown,Unknown,1-004,Shasta Valley,Siskiyou,25,Residential,Unknown,NA,1953-04-08 - 1969-04-07,115,other,NA,NA,NA,NA,1964,5.9,4.37,10.92,6.41,Dry,SAC,1964-10-01T00:00:00Z,1965-10-01T00:00:00Z,-122.446,41.7236
417236N1224461W001,679075,1965-01-21T00:00:00Z,2628.42,2628.02,0,19,2609.42,19,18.6,NA,Unknown,Water level accuracy is unknown,1,Department of Water Resources,NA,5167,United States Geological Survey,NA,NA,24046,45N05W29B001M,NA,Unknown,Unknown,1-004,Shasta Valley,Siskiyou,25,Residential,Unknown,NA,1953-04-08 - 1969-04-07,115,other,NA,NA,NA,NA,1964,5.9,4.37,10.92,6.41,Dry,SAC,1964-10-01T00:00:00Z,1965-10-01T00:00:00Z,-122.446,41.7236
417236N1224461W001,679074,1964-12-17T00:00:00Z,2628.42,2628.02,0,20.7,2607.72,20.7,20.3,NA,Unknown,Water level accuracy is unknown,1,Department of Water Resources,NA,5167,United States Geological Survey,NA,NA,24046,45N05W29B001M,NA,Unknown,Unknown,1-004,Shasta Valley,Siskiyou,25,Residential,Unknown,NA,1953-04-08 - 1969-04-07,115,other,NA,NA,NA,NA,1964,5.9,4.37,10.92,6.41,Dry,SAC,1964-10-01T00:00:00Z,1965-10-01T00:00:00Z,-122.446,41.7236
417236N1224461W001,679073,1964-11-19T00:00:00Z,2628.42,2628.02,0,20,2608.42,20,19.6,NA,Unknown,Water level accuracy is unknown,1,Department of Water Resources,NA,5167,United States Geological Survey,NA,NA,24046,45N05W29B001M,NA,Unknown,Unknown,1-004,Shasta Valley,Siskiyou,25,Residential,Unknown,NA,1953-04-08 - 1969-04-07,115,fall,15.2,20.6,NA,NA,1964,5.9,4.37,10.92,6.41,Dry,SAC,1964-10-01T00:00:00Z,1965-10-01T00:00:00Z,-122.446,41.7236
417236N1224461W001,679072,1964-10-15T00:00:00Z,2628.42,2628.02,0,19.9,2608.52,19.9,19.5,NA,Unknown,Water level accuracy is unknown,1,Department of Water Resources,NA,5167,United States Geological Survey,NA,NA,24046,45N05W29B001M,NA,Unknown,Unknown,1-004,Shasta Valley,Siskiyou,25,Residential,Unknown,NA,1953-04-08 - 1969-04-07,115,fall,15.2,20.6,NA,NA,1964,5.9,4.37,10.92,6.41,Dry,SAC,1964-10-01T00:00:00Z,1965-10-01T00:00:00Z,-122.446,41.7236
417236N1224461W001,679071,1964-09-17T00:00:00Z,2628.42,2628.02,0,19,2609.42,19,18.6,NA,Unknown,Water level accuracy is unknown,1,Department of Water Resources,NA,5167,United States Geological Survey,NA,NA,24046,45N05W29B001M,NA,Unknown,Unknown,1-004,Shasta Valley,Siskiyou,25,Residential,Unknown,NA,1953-04-08 - 1969-04-07,115,fall,15.2,20.6,NA,NA,1963,12.01,10.09,22.99,9.63,Wet,SAC,1963-10-01T00:00:00Z,1964-10-01T00:00:00Z,-122.446,41.7236
417236N1224461W001,679070,1964-08-21T00:00:00Z,2628.42,2628.02,0,18.8,2609.62,18.8,18.4,NA,Unknown,Water level accuracy is unknown,1,Department of Water Resources,NA,5167,United States Geological Survey,NA,NA,24046,45N05W29B001M,NA,Unknown,Unknown,1-004,Shasta Valley,Siskiyou,25,Residential,Unknown,NA,1953-04-08 - 1969-04-07,115,fall,15.2,20.6,NA,NA,1963,12.01,10.09,22.99,9.63,Wet,SAC,1963-10-01T00:00:00Z,1964-10-01T00:00:00Z,-122.446,41.7236
417236N1224461W001,679069,1964-07-16T00:00:00Z,2628.42,2628.02,0,19.4,2609.02,19.4,19,NA,Unknown,Water level accuracy is unknown,1,Department of Water Resources,NA,5167,United States Geological Survey,NA,NA,24046,45N05W29B001M,NA,Unknown,Unknown,1-004,Shasta Valley,Siskiyou,25,Residential,Unknown,NA,1953-04-08 - 1969-04-07,115,other,NA,NA,NA,NA,1963,12.01,10.09,22.99,9.63,Wet,SAC,1963-10-01T00:00:00Z,1964-10-01T00:00:00Z,-122.446,41.7236
417236N1224461W001,679068,1964-06-18T00:00:00Z,2628.42,2628.02,0,18.9,2609.52,18.9,18.5,NA,Unknown,Water level accuracy is unknown,1,Department of Water Resources,NA,5167,United States Geological Survey,NA,NA,24046,45N05W29B001M,NA,Unknown,Unknown,1-004,Shasta Valley,Siskiyou,25,Residential,Unknown,NA,1953-04-08 - 1969-04-07,115,other,NA,NA,NA,NA,1963,12.01,10.09,22.99,9.63,Wet,SAC,1963-10-01T00:00:00Z,1964-10-01T00:00:00Z,-122.446,41.7236
417236N1224461W001,679067,1964-05-14T00:00:00Z,2628.42,2628.02,0,20.5,2607.92,20.5,20.1,NA,Unknown,Water level accuracy is unknown,1,Department of Water Resources,NA,5167,United States Geological Survey,NA,NA,24046,45N05W29B001M,NA,Unknown,Unknown,1-004,Shasta Valley,Siskiyou,25,Residential,Unknown,NA,1953-04-08 - 1969-04-07,115,spring,NA,NA,17.7,22.2,1963,12.01,10.09,22.99,9.63,Wet,SAC,1963-10-01T00:00:00Z,1964-10-01T00:00:00Z,-122.446,41.7236
417236N1224461W001,679066,1964-04-16T00:00:00Z,2628.42,2628.02,NA,NA,NA,NA,NA,Pumping,NA,NA,1,Department of Water Resources,NA,5167,United States Geological Survey,NA,NA,24046,45N05W29B001M,NA,Unknown,Unknown,1-004,Shasta Valley,Siskiyou,25,Residential,Unknown,NA,1953-04-08 - 1969-04-07,115,spring,NA,NA,17.7,22.2,1963,12.01,10.09,22.99,9.63,Wet,SAC,1963-10-01T00:00:00Z,1964-10-01T00:00:00Z,-122.446,41.7236
417236N1224461W001,679065,1964-03-19T00:00:00Z,2628.42,2628.02,0,21.1,2607.32,21.1,20.7,NA,Unknown,Water level accuracy is unknown,1,Department of Water Resources,NA,5167,United States Geological Survey,NA,NA,24046,45N05W29B001M,NA,Unknown,Unknown,1-004,Shasta Valley,Siskiyou,25,Residential,Unknown,NA,1953-04-08 - 1969-04-07,115,spring,NA,NA,17.7,22.2,1963,12.01,10.09,22.99,9.63,Wet,SAC,1963-10-01T00:00:00Z,1964-10-01T00:00:00Z,-122.446,41.7236
417236N1224461W001,679064,1964-02-27T00:00:00Z,2628.42,2628.02,0,20.4,2608.02,20.4,20,NA,Unknown,Water level accuracy is unknown,1,Department of Water Resources,NA,5167,United States Geological Survey,NA,NA,24046,45N05W29B001M,NA,Unknown,Unknown,1-004,Shasta Valley,Siskiyou,25,Residential,Unknown,NA,1953-04-08 - 1969-04-07,115,other,NA,NA,NA,NA,1963,12.01,10.09,22.99,9.63,Wet,SAC,1963-10-01T00:00:00Z,1964-10-01T00:00:00Z,-122.446,41.7236
417236N1224461W001,679063,1964-01-17T00:00:00Z,2628.42,2628.02,0,19.3,2609.12,19.3,18.9,NA,Unknown,Water level accuracy is unknown,1,Department of Water Resources,NA,5167,United States Geological Survey,NA,NA,24046,45N05W29B001M,NA,Unknown,Unknown,1-004,Shasta Valley,Siskiyou,25,Residential,Unknown,NA,1953-04-08 - 1969-04-07,115,other,NA,NA,NA,NA,1963,12.01,10.09,22.99,9.63,Wet,SAC,1963-10-01T00:00:00Z,1964-10-01T00:00:00Z,-122.446,41.7236
417236N1224461W001,679062,1963-12-16T00:00:00Z,2628.42,2628.02,0,18.3,2610.12,18.3,17.9,Pumping,Unknown,Water level accuracy is unknown,1,Department of Water Resources,NA,5167,United States Geological Survey,NA,NA,24046,45N05W29B001M,NA,Unknown,Unknown,1-004,Shasta Valley,Siskiyou,25,Residential,Unknown,NA,1953-04-08 - 1969-04-07,115,other,NA,NA,NA,NA,1963,12.01,10.09,22.99,9.63,Wet,SAC,1963-10-01T00:00:00Z,1964-10-01T00:00:00Z,-122.446,41.7236
417236N1224461W001,679061,1963-11-21T00:00:00Z,2628.42,2628.02,0,17.3,2611.12,17.3,16.9,NA,Unknown,Water level accuracy is unknown,1,Department of Water Resources,NA,5167,United States Geological Survey,NA,NA,24046,45N05W29B001M,NA,Unknown,Unknown,1-004,Shasta Valley,Siskiyou,25,Residential,Unknown,NA,1953-04-08 - 1969-04-07,115,fall,15.2,20.6,NA,NA,1963,12.01,10.09,22.99,9.63,Wet,SAC,1963-10-01T00:00:00Z,1964-10-01T00:00:00Z,-122.446,41.7236
417236N1224461W001,679060,1963-10-25T00:00:00Z,2628.42,2628.02,0,16.8,2611.62,16.8,16.4,NA,Unknown,Water level accuracy is unknown,1,Department of Water Resources,NA,5167,United States Geological Survey,NA,NA,24046,45N05W29B001M,NA,Unknown,Unknown,1-004,Shasta Valley,Siskiyou,25,Residential,Unknown,NA,1953-04-08 - 1969-04-07,115,fall,15.2,20.6,NA,NA,1963,12.01,10.09,22.99,9.63,Wet,SAC,1963-10-01T00:00:00Z,1964-10-01T00:00:00Z,-122.446,41.7236
417236N1224461W001,679059,1963-09-20T00:00:00Z,2628.42,2628.02,0,19.9,2608.52,19.9,19.5,NA,Unknown,Water level accuracy is unknown,1,Department of Water Resources,NA,5167,United States Geological Survey,NA,NA,24046,45N05W29B001M,NA,Unknown,Unknown,1-004,Shasta Valley,Siskiyou,25,Residential,Unknown,NA,1953-04-08 - 1969-04-07,115,fall,15.2,20.6,NA,NA,1962,8.17,6.23,15.11,6.65,Below Normal,SAC,1962-10-01T00:00:00Z,1963-10-01T00:00:00Z,-122.446,41.7236
417236N1224461W001,679058,1963-08-21T00:00:00Z,2628.42,2628.02,0,17.8,2610.62,17.8,17.4,NA,Unknown,Water level accuracy is unknown,1,Department of Water Resources,NA,5167,United States Geological Survey,NA,NA,24046,45N05W29B001M,NA,Unknown,Unknown,1-004,Shasta Valley,Siskiyou,25,Residential,Unknown,NA,1953-04-08 - 1969-04-07,115,fall,15.2,20.6,NA,NA,1962,8.17,6.23,15.11,6.65,Below Normal,SAC,1962-10-01T00:00:00Z,1963-10-01T00:00:00Z,-122.446,41.7236
417236N1224461W001,679057,1963-07-12T00:00:00Z,2628.42,2628.02,NA,NA,NA,NA,NA,Pumping,NA,NA,1,Department of Water Resources,NA,5167,United States Geological Survey,NA,NA,24046,45N05W29B001M,NA,Unknown,Unknown,1-004,Shasta Valley,Siskiyou,25,Residential,Unknown,NA,1953-04-08 - 1969-04-07,115,other,NA,NA,NA,NA,1962,8.17,6.23,15.11,6.65,Below Normal,SAC,1962-10-01T00:00:00Z,1963-10-01T00:00:00Z,-122.446,41.7236
417236N1224461W001,679056,1963-06-20T00:00:00Z,2628.42,2628.02,0,20.8,2607.62,20.8,20.4,NA,Unknown,Water level accuracy is unknown,1,Department of Water Resources,NA,5167,United States Geological Survey,NA,NA,24046,45N05W29B001M,NA,Unknown,Unknown,1-004,Shasta Valley,Siskiyou,25,Residential,Unknown,NA,1953-04-08 - 1969-04-07,115,other,NA,NA,NA,NA,1962,8.17,6.23,15.11,6.65,Below Normal,SAC,1962-10-01T00:00:00Z,1963-10-01T00:00:00Z,-122.446,41.7236
417236N1224461W001,679055,1963-05-22T00:00:00Z,2628.42,2628.02,0,21.4,2607.02,21.4,21,NA,Unknown,Water level accuracy is unknown,1,Department of Water Resources,NA,5167,United States Geological Survey,NA,NA,24046,45N05W29B001M,NA,Unknown,Unknown,1-004,Shasta Valley,Siskiyou,25,Residential,Unknown,NA,1953-04-08 - 1969-04-07,115,spring,NA,NA,17.7,22.2,1962,8.17,6.23,15.11,6.65,Below Normal,SAC,1962-10-01T00:00:00Z,1963-10-01T00:00:00Z,-122.446,41.7236
417236N1224461W001,679054,1963-04-25T00:00:00Z,2628.42,2628.02,0,22.6,2605.82,22.6,22.2,NA,Unknown,Water level accuracy is unknown,1,Department of Water Resources,NA,5167,United States Geological Survey,NA,NA,24046,45N05W29B001M,NA,Unknown,Unknown,1-004,Shasta Valley,Siskiyou,25,Residential,Unknown,NA,1953-04-08 - 1969-04-07,115,spring,NA,NA,17.7,22.2,1962,8.17,6.23,15.11,6.65,Below Normal,SAC,1962-10-01T00:00:00Z,1963-10-01T00:00:00Z,-122.446,41.7236
417236N1224461W001,679053,1963-03-21T00:00:00Z,2628.42,2628.02,0,21.4,2607.02,21.4,21,NA,Unknown,Water level accuracy is unknown,1,Department of Water Resources,NA,5167,United States Geological Survey,NA,NA,24046,45N05W29B001M,NA,Unknown,Unknown,1-004,Shasta Valley,Siskiyou,25,Residential,Unknown,NA,1953-04-08 - 1969-04-07,115,spring,NA,NA,17.7,22.2,1962,8.17,6.23,15.11,6.65,Below Normal,SAC,1962-10-01T00:00:00Z,1963-10-01T00:00:00Z,-122.446,41.7236
417236N1224461W001,679052,1963-02-20T00:00:00Z,2628.42,2628.02,0,20.8,2607.62,20.8,20.4,NA,Unknown,Water level accuracy is unknown,1,Department of Water Resources,NA,5167,United States Geological Survey,NA,NA,24046,45N05W29B001M,NA,Unknown,Unknown,1-004,Shasta Valley,Siskiyou,25,Residential,Unknown,NA,1953-04-08 - 1969-04-07,115,other,NA,NA,NA,NA,1962,8.17,6.23,15.11,6.65,Below Normal,SAC,1962-10-01T00:00:00Z,1963-10-01T00:00:00Z,-122.446,41.7236
417236N1224461W001,679051,1963-01-23T00:00:00Z,2628.42,2628.02,0,20.3,2608.12,20.3,19.9,NA,Unknown,Water level accuracy is unknown,1,Department of Water Resources,NA,5167,United States Geological Survey,NA,NA,24046,45N05W29B001M,NA,Unknown,Unknown,1-004,Shasta Valley,Siskiyou,25,Residential,Unknown,NA,1953-04-08 - 1969-04-07,115,other,NA,NA,NA,NA,1962,8.17,6.23,15.11,6.65,Below Normal,SAC,1962-10-01T00:00:00Z,1963-10-01T00:00:00Z,-122.446,41.7236
417236N1224461W001,679050,1962-12-17T00:00:00Z,2628.42,2628.02,0,18.2,2610.22,18.2,17.8,NA,Unknown,Water level accuracy is unknown,1,Department of Water Resources,NA,5167,United States Geological Survey,NA,NA,24046,45N05W29B001M,NA,Unknown,Unknown,1-004,Shasta Valley,Siskiyou,25,Residential,Unknown,NA,1953-04-08 - 1969-04-07,115,other,NA,NA,NA,NA,1962,8.17,6.23,15.11,6.65,Below Normal,SAC,1962-10-01T00:00:00Z,1963-10-01T00:00:00Z,-122.446,41.7236
417236N1224461W001,679049,1962-11-28T00:00:00Z,2628.42,2628.02,0,18.8,2609.62,18.8,18.4,NA,Unknown,Water level accuracy is unknown,1,Department of Water Resources,NA,5167,United States Geological Survey,NA,NA,24046,45N05W29B001M,NA,Unknown,Unknown,1-004,Shasta Valley,Siskiyou,25,Residential,Unknown,NA,1953-04-08 - 1969-04-07,115,fall,15.2,20.6,NA,NA,1962,8.17,6.23,15.11,6.65,Below Normal,SAC,1962-10-01T00:00:00Z,1963-10-01T00:00:00Z,-122.446,41.7236
417236N1224461W001,679048,1962-10-23T00:00:00Z,2628.42,2628.02,0,20.6,2607.82,20.6,20.2,NA,Unknown,Water level accuracy is unknown,1,Department of Water Resources,NA,5167,United States Geological Survey,NA,NA,24046,45N05W29B001M,NA,Unknown,Unknown,1-004,Shasta Valley,Siskiyou,25,Residential,Unknown,NA,1953-04-08 - 1969-04-07,115,fall,15.2,20.6,NA,NA,1962,8.17,6.23,15.11,6.65,Below Normal,SAC,1962-10-01T00:00:00Z,1963-10-01T00:00:00Z,-122.446,41.7236
417236N1224461W001,679047,1962-09-21T00:00:00Z,2628.42,2628.02,0,20,2608.42,20,19.6,NA,Unknown,Water level accuracy is unknown,1,Department of Water Resources,NA,5167,United States Geological Survey,NA,NA,24046,45N05W29B001M,NA,Unknown,Unknown,1-004,Shasta Valley,Siskiyou,25,Residential,Unknown,NA,1953-04-08 - 1969-04-07,115,fall,15.2,20.6,NA,NA,1961,6.87,4.39,11.97,5.68,Dry,SAC,1961-10-01T00:00:00Z,1962-10-01T00:00:00Z,-122.446,41.7236
417236N1224461W001,679046,1962-08-23T00:00:00Z,2628.42,2628.02,0,18.6,2609.82,18.6,18.2,NA,Unknown,Water level accuracy is unknown,1,Department of Water Resources,NA,5167,United States Geological Survey,NA,NA,24046,45N05W29B001M,NA,Unknown,Unknown,1-004,Shasta Valley,Siskiyou,25,Residential,Unknown,NA,1953-04-08 - 1969-04-07,115,fall,15.2,20.6,NA,NA,1961,6.87,4.39,11.97,5.68,Dry,SAC,1961-10-01T00:00:00Z,1962-10-01T00:00:00Z,-122.446,41.7236
417236N1224461W001,679045,1962-07-26T00:00:00Z,2628.42,2628.02,0,18.6,2609.82,18.6,18.2,NA,Unknown,Water level accuracy is unknown,1,Department of Water Resources,NA,5167,United States Geological Survey,NA,NA,24046,45N05W29B001M,NA,Unknown,Unknown,1-004,Shasta Valley,Siskiyou,25,Residential,Unknown,NA,1953-04-08 - 1969-04-07,115,other,NA,NA,NA,NA,1961,6.87,4.39,11.97,5.68,Dry,SAC,1961-10-01T00:00:00Z,1962-10-01T00:00:00Z,-122.446,41.7236
417236N1224461W001,679044,1962-06-27T00:00:00Z,2628.42,2628.02,0,20.8,2607.62,20.8,20.4,Pumping,Unknown,Water level accuracy is unknown,1,Department of Water Resources,NA,5167,United States Geological Survey,NA,NA,24046,45N05W29B001M,NA,Unknown,Unknown,1-004,Shasta Valley,Siskiyou,25,Residential,Unknown,NA,1953-04-08 - 1969-04-07,115,other,NA,NA,NA,NA,1961,6.87,4.39,11.97,5.68,Dry,SAC,1961-10-01T00:00:00Z,1962-10-01T00:00:00Z,-122.446,41.7236
417236N1224461W001,679043,1962-05-24T00:00:00Z,2628.42,2628.02,0,19.6,2608.82,19.6,19.2,NA,Unknown,Water level accuracy is unknown,1,Department of Water Resources,NA,5167,United States Geological Survey,NA,NA,24046,45N05W29B001M,NA,Unknown,Unknown,1-004,Shasta Valley,Siskiyou,25,Residential,Unknown,NA,1953-04-08 - 1969-04-07,115,spring,NA,NA,17.7,22.2,1961,6.87,4.39,11.97,5.68,Dry,SAC,1961-10-01T00:00:00Z,1962-10-01T00:00:00Z,-122.446,41.7236
417236N1224461W001,679042,1962-04-27T00:00:00Z,2628.42,2628.02,0,20.5,2607.92,20.5,20.1,NA,Unknown,Water level accuracy is unknown,1,Department of Water Resources,NA,5167,United States Geological Survey,NA,NA,24046,45N05W29B001M,NA,Unknown,Unknown,1-004,Shasta Valley,Siskiyou,25,Residential,Unknown,NA,1953-04-08 - 1969-04-07,115,spring,NA,NA,17.7,22.2,1961,6.87,4.39,11.97,5.68,Dry,SAC,1961-10-01T00:00:00Z,1962-10-01T00:00:00Z,-122.446,41.7236
417236N1224461W001,679041,1962-03-28T00:00:00Z,2628.42,2628.02,0,20.4,2608.02,20.4,20,NA,Unknown,Water level accuracy is unknown,1,Department of Water Resources,NA,5167,United States Geological Survey,NA,NA,24046,45N05W29B001M,NA,Unknown,Unknown,1-004,Shasta Valley,Siskiyou,25,Residential,Unknown,NA,1953-04-08 - 1969-04-07,115,spring,NA,NA,17.7,22.2,1961,6.87,4.39,11.97,5.68,Dry,SAC,1961-10-01T00:00:00Z,1962-10-01T00:00:00Z,-122.446,41.7236
417236N1224461W001,679040,1962-02-28T00:00:00Z,2628.42,2628.02,0,20.1,2608.32,20.1,19.7,NA,Unknown,Water level accuracy is unknown,1,Department of Water Resources,NA,5167,United States Geological Survey,NA,NA,24046,45N05W29B001M,NA,Unknown,Unknown,1-004,Shasta Valley,Siskiyou,25,Residential,Unknown,NA,1953-04-08 - 1969-04-07,115,other,NA,NA,NA,NA,1961,6.87,4.39,11.97,5.68,Dry,SAC,1961-10-01T00:00:00Z,1962-10-01T00:00:00Z,-122.446,41.7236
417236N1224461W001,679039,1962-01-25T00:00:00Z,2628.42,2628.02,0,19.6,2608.82,19.6,19.2,NA,Unknown,Water level accuracy is unknown,1,Department of Water Resources,NA,5167,United States Geological Survey,NA,NA,24046,45N05W29B001M,NA,Unknown,Unknown,1-004,Shasta Valley,Siskiyou,25,Residential,Unknown,NA,1953-04-08 - 1969-04-07,115,other,NA,NA,NA,NA,1961,6.87,4.39,11.97,5.68,Dry,SAC,1961-10-01T00:00:00Z,1962-10-01T00:00:00Z,-122.446,41.7236
417236N1224461W001,679038,1961-12-27T00:00:00Z,2628.42,2628.02,0,19.1,2609.32,19.1,18.7,NA,Unknown,Water level accuracy is unknown,1,Department of Water Resources,NA,5167,United States Geological Survey,NA,NA,24046,45N05W29B001M,NA,Unknown,Unknown,1-004,Shasta Valley,Siskiyou,25,Residential,Unknown,NA,1953-04-08 - 1969-04-07,115,other,NA,NA,NA,NA,1961,6.87,4.39,11.97,5.68,Dry,SAC,1961-10-01T00:00:00Z,1962-10-01T00:00:00Z,-122.446,41.7236
417236N1224461W001,679037,1961-11-29T00:00:00Z,2628.42,2628.02,0,18.5,2609.92,18.5,18.1,NA,Unknown,Water level accuracy is unknown,1,Department of Water Resources,NA,5167,United States Geological Survey,NA,NA,24046,45N05W29B001M,NA,Unknown,Unknown,1-004,Shasta Valley,Siskiyou,25,Residential,Unknown,NA,1953-04-08 - 1969-04-07,115,fall,15.2,20.6,NA,NA,1961,6.87,4.39,11.97,5.68,Dry,SAC,1961-10-01T00:00:00Z,1962-10-01T00:00:00Z,-122.446,41.7236
417236N1224461W001,679036,1961-10-25T00:00:00Z,2628.42,2628.02,0,18.1,2610.32,18.1,17.7,NA,Unknown,Water level accuracy is unknown,1,Department of Water Resources,NA,5167,United States Geological Survey,NA,NA,24046,45N05W29B001M,NA,Unknown,Unknown,1-004,Shasta Valley,Siskiyou,25,Residential,Unknown,NA,1953-04-08 - 1969-04-07,115,fall,15.2,20.6,NA,NA,1961,6.87,4.39,11.97,5.68,Dry,SAC,1961-10-01T00:00:00Z,1962-10-01T00:00:00Z,-122.446,41.7236
417236N1224461W001,679035,1961-09-28T00:00:00Z,2628.42,2628.02,0,17.5,2610.92,17.5,17.1,NA,Unknown,Water level accuracy is unknown,1,Department of Water Resources,NA,5167,United States Geological Survey,NA,NA,24046,45N05W29B001M,NA,Unknown,Unknown,1-004,Shasta Valley,Siskiyou,25,Residential,Unknown,NA,1953-04-08 - 1969-04-07,115,fall,15.2,20.6,NA,NA,1960,7.72,4.65,13.06,6.2,Dry,SAC,1960-10-01T00:00:00Z,1961-10-01T00:00:00Z,-122.446,41.7236
417236N1224461W001,679034,1961-08-30T00:00:00Z,2628.42,2628.02,0,19.1,2609.32,19.1,18.7,NA,Unknown,Water level accuracy is unknown,1,Department of Water Resources,NA,5167,United States Geological Survey,NA,NA,24046,45N05W29B001M,NA,Unknown,Unknown,1-004,Shasta Valley,Siskiyou,25,Residential,Unknown,NA,1953-04-08 - 1969-04-07,115,fall,15.2,20.6,NA,NA,1960,7.72,4.65,13.06,6.2,Dry,SAC,1960-10-01T00:00:00Z,1961-10-01T00:00:00Z,-122.446,41.7236
417236N1224461W001,679033,1961-07-27T00:00:00Z,2628.42,2628.02,0,19.5,2608.92,19.5,19.1,NA,Unknown,Water level accuracy is unknown,1,Department of Water Resources,NA,5167,United States Geological Survey,NA,NA,24046,45N05W29B001M,NA,Unknown,Unknown,1-004,Shasta Valley,Siskiyou,25,Residential,Unknown,NA,1953-04-08 - 1969-04-07,115,other,NA,NA,NA,NA,1960,7.72,4.65,13.06,6.2,Dry,SAC,1960-10-01T00:00:00Z,1961-10-01T00:00:00Z,-122.446,41.7236
417236N1224461W001,679032,1961-06-28T00:00:00Z,2628.42,2628.02,NA,NA,NA,NA,NA,Special/Other,NA,NA,1,Department of Water Resources,NA,5167,United States Geological Survey,NA,NA,24046,45N05W29B001M,NA,Unknown,Unknown,1-004,Shasta Valley,Siskiyou,25,Residential,Unknown,NA,1953-04-08 - 1969-04-07,115,other,NA,NA,NA,NA,1960,7.72,4.65,13.06,6.2,Dry,SAC,1960-10-01T00:00:00Z,1961-10-01T00:00:00Z,-122.446,41.7236
417236N1224461W001,679031,1961-05-16T00:00:00Z,2628.42,2628.02,0,22,2606.42,22,21.6,NA,Unknown,Water level accuracy is unknown,1,Department of Water Resources,NA,5167,United States Geological Survey,NA,NA,24046,45N05W29B001M,NA,Unknown,Unknown,1-004,Shasta Valley,Siskiyou,25,Residential,Unknown,NA,1953-04-08 - 1969-04-07,115,spring,NA,NA,17.7,22.2,1960,7.72,4.65,13.06,6.2,Dry,SAC,1960-10-01T00:00:00Z,1961-10-01T00:00:00Z,-122.446,41.7236
417236N1224461W001,679030,1961-04-28T00:00:00Z,2628.42,2628.02,0,22.1,2606.32,22.1,21.7,NA,Unknown,Water level accuracy is unknown,1,Department of Water Resources,NA,5167,United States Geological Survey,NA,NA,24046,45N05W29B001M,NA,Unknown,Unknown,1-004,Shasta Valley,Siskiyou,25,Residential,Unknown,NA,1953-04-08 - 1969-04-07,115,spring,NA,NA,17.7,22.2,1960,7.72,4.65,13.06,6.2,Dry,SAC,1960-10-01T00:00:00Z,1961-10-01T00:00:00Z,-122.446,41.7236
417236N1224461W001,679029,1961-03-28T00:00:00Z,2628.42,2628.02,0,22.2,2606.22,22.2,21.8,NA,Unknown,Water level accuracy is unknown,1,Department of Water Resources,NA,5167,United States Geological Survey,NA,NA,24046,45N05W29B001M,NA,Unknown,Unknown,1-004,Shasta Valley,Siskiyou,25,Residential,Unknown,NA,1953-04-08 - 1969-04-07,115,spring,NA,NA,17.7,22.2,1960,7.72,4.65,13.06,6.2,Dry,SAC,1960-10-01T00:00:00Z,1961-10-01T00:00:00Z,-122.446,41.7236
417236N1224461W001,679028,1961-02-22T00:00:00Z,2628.42,2628.02,0,20.3,2608.12,20.3,19.9,NA,Unknown,Water level accuracy is unknown,1,Department of Water Resources,NA,5167,United States Geological Survey,NA,NA,24046,45N05W29B001M,NA,Unknown,Unknown,1-004,Shasta Valley,Siskiyou,25,Residential,Unknown,NA,1953-04-08 - 1969-04-07,115,other,NA,NA,NA,NA,1960,7.72,4.65,13.06,6.2,Dry,SAC,1960-10-01T00:00:00Z,1961-10-01T00:00:00Z,-122.446,41.7236
417236N1224461W001,679027,1961-01-24T00:00:00Z,2628.42,2628.02,0,21.8,2606.62,21.8,21.4,NA,Unknown,Water level accuracy is unknown,1,Department of Water Resources,NA,5167,United States Geological Survey,NA,NA,24046,45N05W29B001M,NA,Unknown,Unknown,1-004,Shasta Valley,Siskiyou,25,Residential,Unknown,NA,1953-04-08 - 1969-04-07,115,other,NA,NA,NA,NA,1960,7.72,4.65,13.06,6.2,Dry,SAC,1960-10-01T00:00:00Z,1961-10-01T00:00:00Z,-122.446,41.7236
417236N1224461W001,679026,1960-12-29T00:00:00Z,2628.42,2628.02,0,22.1,2606.32,22.1,21.7,NA,Unknown,Water level accuracy is unknown,1,Department of Water Resources,NA,5167,United States Geological Survey,NA,NA,24046,45N05W29B001M,NA,Unknown,Unknown,1-004,Shasta Valley,Siskiyou,25,Residential,Unknown,NA,1953-04-08 - 1969-04-07,115,other,NA,NA,NA,NA,1960,7.72,4.65,13.06,6.2,Dry,SAC,1960-10-01T00:00:00Z,1961-10-01T00:00:00Z,-122.446,41.7236
417236N1224461W001,679025,1960-11-16T00:00:00Z,2628.42,2628.02,0,20.9,2607.52,20.9,20.5,NA,Unknown,Water level accuracy is unknown,1,Department of Water Resources,NA,5167,United States Geological Survey,NA,NA,24046,45N05W29B001M,NA,Unknown,Unknown,1-004,Shasta Valley,Siskiyou,25,Residential,Unknown,NA,1953-04-08 - 1969-04-07,115,fall,15.2,20.6,NA,NA,1960,7.72,4.65,13.06,6.2,Dry,SAC,1960-10-01T00:00:00Z,1961-10-01T00:00:00Z,-122.446,41.7236
417236N1224461W001,679024,1960-10-26T00:00:00Z,2628.42,2628.02,0,21,2607.42,21,20.6,NA,Unknown,Water level accuracy is unknown,1,Department of Water Resources,NA,5167,United States Geological Survey,NA,NA,24046,45N05W29B001M,NA,Unknown,Unknown,1-004,Shasta Valley,Siskiyou,25,Residential,Unknown,NA,1953-04-08 - 1969-04-07,115,fall,15.2,20.6,NA,NA,1960,7.72,4.65,13.06,6.2,Dry,SAC,1960-10-01T00:00:00Z,1961-10-01T00:00:00Z,-122.446,41.7236
417236N1224461W001,679023,1960-09-21T00:00:00Z,2628.42,2628.02,0,20.3,2608.12,20.3,19.9,NA,Unknown,Water level accuracy is unknown,1,Department of Water Resources,NA,5167,United States Geological Survey,NA,NA,24046,45N05W29B001M,NA,Unknown,Unknown,1-004,Shasta Valley,Siskiyou,25,Residential,Unknown,NA,1953-04-08 - 1969-04-07,115,fall,15.2,20.6,NA,NA,1959,7.4,3.84,12.05,6.75,Below Normal,SAC,1959-10-01T00:00:00Z,1960-10-01T00:00:00Z,-122.446,41.7236
417236N1224461W001,679022,1960-08-24T00:00:00Z,2628.42,2628.02,0,20.7,2607.72,20.7,20.3,NA,Unknown,Water level accuracy is unknown,1,Department of Water Resources,NA,5167,United States Geological Survey,NA,NA,24046,45N05W29B001M,NA,Unknown,Unknown,1-004,Shasta Valley,Siskiyou,25,Residential,Unknown,NA,1953-04-08 - 1969-04-07,115,fall,15.2,20.6,NA,NA,1959,7.4,3.84,12.05,6.75,Below Normal,SAC,1959-10-01T00:00:00Z,1960-10-01T00:00:00Z,-122.446,41.7236
417236N1224461W001,679021,1960-07-20T00:00:00Z,2628.42,2628.02,NA,NA,NA,NA,NA,Pumping,NA,NA,1,Department of Water Resources,NA,5167,United States Geological Survey,NA,NA,24046,45N05W29B001M,NA,Unknown,Unknown,1-004,Shasta Valley,Siskiyou,25,Residential,Unknown,NA,1953-04-08 - 1969-04-07,115,other,NA,NA,NA,NA,1959,7.4,3.84,12.05,6.75,Below Normal,SAC,1959-10-01T00:00:00Z,1960-10-01T00:00:00Z,-122.446,41.7236
417236N1224461W001,679020,1960-06-23T00:00:00Z,2628.42,2628.02,0,21.2,2607.22,21.2,20.8,Pumping,Unknown,Water level accuracy is unknown,1,Department of Water Resources,NA,5167,United States Geological Survey,NA,NA,24046,45N05W29B001M,NA,Unknown,Unknown,1-004,Shasta Valley,Siskiyou,25,Residential,Unknown,NA,1953-04-08 - 1969-04-07,115,other,NA,NA,NA,NA,1959,7.4,3.84,12.05,6.75,Below Normal,SAC,1959-10-01T00:00:00Z,1960-10-01T00:00:00Z,-122.446,41.7236
417236N1224461W001,679019,1960-05-25T00:00:00Z,2628.42,2628.02,0,20.5,2607.92,20.5,20.1,NA,Unknown,Water level accuracy is unknown,1,Department of Water Resources,NA,5167,United States Geological Survey,NA,NA,24046,45N05W29B001M,NA,Unknown,Unknown,1-004,Shasta Valley,Siskiyou,25,Residential,Unknown,NA,1953-04-08 - 1969-04-07,115,spring,NA,NA,17.7,22.2,1959,7.4,3.84,12.05,6.75,Below Normal,SAC,1959-10-01T00:00:00Z,1960-10-01T00:00:00Z,-122.446,41.7236
417236N1224461W001,679018,1960-04-28T00:00:00Z,2628.42,2628.02,0,21.4,2607.02,21.4,21,NA,Unknown,Water level accuracy is unknown,1,Department of Water Resources,NA,5167,United States Geological Survey,NA,NA,24046,45N05W29B001M,NA,Unknown,Unknown,1-004,Shasta Valley,Siskiyou,25,Residential,Unknown,NA,1953-04-08 - 1969-04-07,115,spring,NA,NA,17.7,22.2,1959,7.4,3.84,12.05,6.75,Below Normal,SAC,1959-10-01T00:00:00Z,1960-10-01T00:00:00Z,-122.446,41.7236
417236N1224461W001,679017,1960-03-29T00:00:00Z,2628.42,2628.02,0,20.8,2607.62,20.8,20.4,NA,Unknown,Water level accuracy is unknown,1,Department of Water Resources,NA,5167,United States Geological Survey,NA,NA,24046,45N05W29B001M,NA,Unknown,Unknown,1-004,Shasta Valley,Siskiyou,25,Residential,Unknown,NA,1953-04-08 - 1969-04-07,115,spring,NA,NA,17.7,22.2,1959,7.4,3.84,12.05,6.75,Below Normal,SAC,1959-10-01T00:00:00Z,1960-10-01T00:00:00Z,-122.446,41.7236
417236N1224461W001,679016,1960-02-18T00:00:00Z,2628.42,2628.02,0,20.2,2608.22,20.2,19.8,NA,Unknown,Water level accuracy is unknown,1,Department of Water Resources,NA,5167,United States Geological Survey,NA,NA,24046,45N05W29B001M,NA,Unknown,Unknown,1-004,Shasta Valley,Siskiyou,25,Residential,Unknown,NA,1953-04-08 - 1969-04-07,115,other,NA,NA,NA,NA,1959,7.4,3.84,12.05,6.75,Below Normal,SAC,1959-10-01T00:00:00Z,1960-10-01T00:00:00Z,-122.446,41.7236
417236N1224461W001,679015,1960-01-28T00:00:00Z,2628.42,2628.02,0,20.2,2608.22,20.2,19.8,NA,Unknown,Water level accuracy is unknown,1,Department of Water Resources,NA,5167,United States Geological Survey,NA,NA,24046,45N05W29B001M,NA,Unknown,Unknown,1-004,Shasta Valley,Siskiyou,25,Residential,Unknown,NA,1953-04-08 - 1969-04-07,115,other,NA,NA,NA,NA,1959,7.4,3.84,12.05,6.75,Below Normal,SAC,1959-10-01T00:00:00Z,1960-10-01T00:00:00Z,-122.446,41.7236
417236N1224461W001,679014,1959-12-17T00:00:00Z,2628.42,2628.02,0,18.9,2609.52,18.9,18.5,NA,Unknown,Water level accuracy is unknown,1,Department of Water Resources,NA,5167,United States Geological Survey,NA,NA,24046,45N05W29B001M,NA,Unknown,Unknown,1-004,Shasta Valley,Siskiyou,25,Residential,Unknown,NA,1953-04-08 - 1969-04-07,115,other,NA,NA,NA,NA,1959,7.4,3.84,12.05,6.75,Below Normal,SAC,1959-10-01T00:00:00Z,1960-10-01T00:00:00Z,-122.446,41.7236
417236N1224461W001,679013,1959-11-19T00:00:00Z,2628.42,2628.02,0,17.7,2610.72,17.7,17.3,NA,Unknown,Water level accuracy is unknown,1,Department of Water Resources,NA,5167,United States Geological Survey,NA,NA,24046,45N05W29B001M,NA,Unknown,Unknown,1-004,Shasta Valley,Siskiyou,25,Residential,Unknown,NA,1953-04-08 - 1969-04-07,115,fall,15.2,20.6,NA,NA,1959,7.4,3.84,12.05,6.75,Below Normal,SAC,1959-10-01T00:00:00Z,1960-10-01T00:00:00Z,-122.446,41.7236
417236N1224461W001,679012,1959-10-29T00:00:00Z,2628.42,2628.02,0,17.3,2611.12,17.3,16.9,Pumped recently,Unknown,Water level accuracy is unknown,1,Department of Water Resources,NA,5167,United States Geological Survey,NA,NA,24046,45N05W29B001M,NA,Unknown,Unknown,1-004,Shasta Valley,Siskiyou,25,Residential,Unknown,NA,1953-04-08 - 1969-04-07,115,fall,15.2,20.6,NA,NA,1959,7.4,3.84,12.05,6.75,Below Normal,SAC,1959-10-01T00:00:00Z,1960-10-01T00:00:00Z,-122.446,41.7236
417236N1224461W001,679011,1959-09-24T00:00:00Z,2628.42,2628.02,0,16.1,2612.32,16.1,15.7,Pumping,Unknown,Water level accuracy is unknown,1,Department of Water Resources,NA,5167,United States Geological Survey,NA,NA,24046,45N05W29B001M,NA,Unknown,Unknown,1-004,Shasta Valley,Siskiyou,25,Residential,Unknown,NA,1953-04-08 - 1969-04-07,115,fall,15.2,20.6,NA,NA,1958,16.37,12.24,29.71,12.16,Wet,SAC,1958-10-01T00:00:00Z,1959-10-01T00:00:00Z,-122.446,41.7236
417236N1224461W001,679010,1959-08-26T00:00:00Z,2628.42,2628.02,0,16.5,2611.92,16.5,16.1,Pumping,Unknown,Water level accuracy is unknown,1,Department of Water Resources,NA,5167,United States Geological Survey,NA,NA,24046,45N05W29B001M,NA,Unknown,Unknown,1-004,Shasta Valley,Siskiyou,25,Residential,Unknown,NA,1953-04-08 - 1969-04-07,115,fall,15.2,20.6,NA,NA,1958,16.37,12.24,29.71,12.16,Wet,SAC,1958-10-01T00:00:00Z,1959-10-01T00:00:00Z,-122.446,41.7236
417236N1224461W001,679009,1959-07-22T00:00:00Z,2628.42,2628.02,0,17.2,2611.22,17.2,16.8,NA,Unknown,Water level accuracy is unknown,1,Department of Water Resources,NA,5167,United States Geological Survey,NA,NA,24046,45N05W29B001M,NA,Unknown,Unknown,1-004,Shasta Valley,Siskiyou,25,Residential,Unknown,NA,1953-04-08 - 1969-04-07,115,other,NA,NA,NA,NA,1958,16.37,12.24,29.71,12.16,Wet,SAC,1958-10-01T00:00:00Z,1959-10-01T00:00:00Z,-122.446,41.7236
417236N1224461W001,679008,1959-06-24T00:00:00Z,2628.42,2628.02,0,17.5,2610.92,17.5,17.1,NA,Unknown,Water level accuracy is unknown,1,Department of Water Resources,NA,5167,United States Geological Survey,NA,NA,24046,45N05W29B001M,NA,Unknown,Unknown,1-004,Shasta Valley,Siskiyou,25,Residential,Unknown,NA,1953-04-08 - 1969-04-07,115,other,NA,NA,NA,NA,1958,16.37,12.24,29.71,12.16,Wet,SAC,1958-10-01T00:00:00Z,1959-10-01T00:00:00Z,-122.446,41.7236
417236N1224461W001,679007,1959-05-20T00:00:00Z,2628.42,2628.02,0,18.6,2609.82,18.6,18.2,NA,Unknown,Water level accuracy is unknown,1,Department of Water Resources,NA,5167,United States Geological Survey,NA,NA,24046,45N05W29B001M,NA,Unknown,Unknown,1-004,Shasta Valley,Siskiyou,25,Residential,Unknown,NA,1953-04-08 - 1969-04-07,115,spring,NA,NA,17.7,22.2,1958,16.37,12.24,29.71,12.16,Wet,SAC,1958-10-01T00:00:00Z,1959-10-01T00:00:00Z,-122.446,41.7236
417236N1224461W001,679006,1959-04-23T00:00:00Z,2628.42,2628.02,0,20.8,2607.62,20.8,20.4,Pumping,Unknown,Water level accuracy is unknown,1,Department of Water Resources,NA,5167,United States Geological Survey,NA,NA,24046,45N05W29B001M,NA,Unknown,Unknown,1-004,Shasta Valley,Siskiyou,25,Residential,Unknown,NA,1953-04-08 - 1969-04-07,115,spring,NA,NA,17.7,22.2,1958,16.37,12.24,29.71,12.16,Wet,SAC,1958-10-01T00:00:00Z,1959-10-01T00:00:00Z,-122.446,41.7236
417236N1224461W001,679005,1959-03-19T00:00:00Z,2628.42,2628.02,0,20.7,2607.72,20.7,20.3,NA,Unknown,Water level accuracy is unknown,1,Department of Water Resources,NA,5167,United States Geological Survey,NA,NA,24046,45N05W29B001M,NA,Unknown,Unknown,1-004,Shasta Valley,Siskiyou,25,Residential,Unknown,NA,1953-04-08 - 1969-04-07,115,spring,NA,NA,17.7,22.2,1958,16.37,12.24,29.71,12.16,Wet,SAC,1958-10-01T00:00:00Z,1959-10-01T00:00:00Z,-122.446,41.7236
417236N1224461W001,679004,1959-02-17T00:00:00Z,2628.42,2628.02,0,19.7,2608.72,19.7,19.3,NA,Unknown,Water level accuracy is unknown,1,Department of Water Resources,NA,5167,United States Geological Survey,NA,NA,24046,45N05W29B001M,NA,Unknown,Unknown,1-004,Shasta Valley,Siskiyou,25,Residential,Unknown,NA,1953-04-08 - 1969-04-07,115,other,NA,NA,NA,NA,1958,16.37,12.24,29.71,12.16,Wet,SAC,1958-10-01T00:00:00Z,1959-10-01T00:00:00Z,-122.446,41.7236
417236N1224461W001,679003,1959-01-21T00:00:00Z,2628.42,2628.02,0,19.1,2609.32,19.1,18.7,NA,Unknown,Water level accuracy is unknown,1,Department of Water Resources,NA,5167,United States Geological Survey,NA,NA,24046,45N05W29B001M,NA,Unknown,Unknown,1-004,Shasta Valley,Siskiyou,25,Residential,Unknown,NA,1953-04-08 - 1969-04-07,115,other,NA,NA,NA,NA,1958,16.37,12.24,29.71,12.16,Wet,SAC,1958-10-01T00:00:00Z,1959-10-01T00:00:00Z,-122.446,41.7236
417236N1224461W001,679002,1958-12-18T00:00:00Z,2628.42,2628.02,0,17.7,2610.72,17.7,17.3,NA,Unknown,Water level accuracy is unknown,1,Department of Water Resources,NA,5167,United States Geological Survey,NA,NA,24046,45N05W29B001M,NA,Unknown,Unknown,1-004,Shasta Valley,Siskiyou,25,Residential,Unknown,NA,1953-04-08 - 1969-04-07,115,other,NA,NA,NA,NA,1958,16.37,12.24,29.71,12.16,Wet,SAC,1958-10-01T00:00:00Z,1959-10-01T00:00:00Z,-122.446,41.7236
417236N1224461W001,679001,1958-11-19T00:00:00Z,2628.42,2628.02,0,16.5,2611.92,16.5,16.1,NA,Unknown,Water level accuracy is unknown,1,Department of Water Resources,NA,5167,United States Geological Survey,NA,NA,24046,45N05W29B001M,NA,Unknown,Unknown,1-004,Shasta Valley,Siskiyou,25,Residential,Unknown,NA,1953-04-08 - 1969-04-07,115,fall,15.2,20.6,NA,NA,1958,16.37,12.24,29.71,12.16,Wet,SAC,1958-10-01T00:00:00Z,1959-10-01T00:00:00Z,-122.446,41.7236
417236N1224461W001,679000,1958-10-16T00:00:00Z,2628.42,2628.02,0,15.6,2612.82,15.6,15.2,NA,Unknown,Water level accuracy is unknown,1,Department of Water Resources,NA,5167,United States Geological Survey,NA,NA,24046,45N05W29B001M,NA,Unknown,Unknown,1-004,Shasta Valley,Siskiyou,25,Residential,Unknown,NA,1953-04-08 - 1969-04-07,115,fall,15.2,20.6,NA,NA,1958,16.37,12.24,29.71,12.16,Wet,SAC,1958-10-01T00:00:00Z,1959-10-01T00:00:00Z,-122.446,41.7236
417236N1224461W001,678999,1958-03-25T00:00:00Z,2628.42,2628.02,0,18.1,2610.32,18.1,17.7,NA,Unknown,Water level accuracy is unknown,1,Department of Water Resources,NA,1,Department of Water Resources,NA,NA,24046,45N05W29B001M,NA,Unknown,Unknown,1-004,Shasta Valley,Siskiyou,25,Residential,Unknown,NA,1953-04-08 - 1969-04-07,115,spring,NA,NA,17.7,22.2,1957,7.72,6.29,14.89,7.83,Above Normal,SAC,1957-10-01T00:00:00Z,1958-10-01T00:00:00Z,-122.446,41.7236
417236N1224461W001,678998,1954-11-01T00:00:00Z,2628.42,2628.02,0,17.9,2610.52,17.9,17.5,NA,Unknown,Water level accuracy is unknown,1,Department of Water Resources,NA,1,Department of Water Resources,NA,NA,24046,45N05W29B001M,NA,Unknown,Unknown,1-004,Shasta Valley,Siskiyou,25,Residential,Unknown,NA,1953-04-08 - 1969-04-07,115,fall,15.2,20.6,NA,NA,1954,9.74,6.81,17.43,8.51,Above Normal,SAC,1954-10-01T00:00:00Z,1955-10-01T00:00:00Z,-122.446,41.7236
417236N1224461W001,678997,1954-05-05T00:00:00Z,2628.42,2628.02,0,22,2606.42,22,21.6,Pumping,Unknown,Water level accuracy is unknown,1,Department of Water Resources,NA,1,Department of Water Resources,NA,NA,24046,45N05W29B001M,NA,Unknown,Unknown,1-004,Shasta Valley,Siskiyou,25,Residential,Unknown,NA,1953-04-08 - 1969-04-07,115,spring,NA,NA,17.7,22.2,1953,10.84,8.26,20.09,9.55,Wet,SAC,1953-10-01T00:00:00Z,1954-10-01T00:00:00Z,-122.446,41.7236
417236N1224461W001,678996,1953-11-16T00:00:00Z,2628.42,2628.02,0,18.2,2610.22,18.2,17.8,Pumping,Unknown,Water level accuracy is unknown,1,Department of Water Resources,NA,5167,United States Geological Survey,NA,NA,24046,45N05W29B001M,NA,Unknown,Unknown,1-004,Shasta Valley,Siskiyou,25,Residential,Unknown,NA,1953-04-08 - 1969-04-07,115,fall,15.2,20.6,NA,NA,1953,10.84,8.26,20.09,9.55,Wet,SAC,1953-10-01T00:00:00Z,1954-10-01T00:00:00Z,-122.446,41.7236
417236N1224461W001,678995,1953-10-19T00:00:00Z,2628.42,2628.02,0,17.6,2610.82,17.6,17.2,NA,Unknown,Water level accuracy is unknown,1,Department of Water Resources,NA,5167,United States Geological Survey,NA,NA,24046,45N05W29B001M,NA,Unknown,Unknown,1-004,Shasta Valley,Siskiyou,25,Residential,Unknown,NA,1953-04-08 - 1969-04-07,115,fall,15.2,20.6,NA,NA,1953,10.84,8.26,20.09,9.55,Wet,SAC,1953-10-01T00:00:00Z,1954-10-01T00:00:00Z,-122.446,41.7236
417236N1224461W001,678994,1953-10-12T00:00:00Z,2628.42,2628.02,0,17.6,2610.82,17.6,17.2,NA,Unknown,Water level accuracy is unknown,1,Department of Water Resources,NA,5167,United States Geological Survey,NA,NA,24046,45N05W29B001M,NA,Unknown,Unknown,1-004,Shasta Valley,Siskiyou,25,Residential,Unknown,NA,1953-04-08 - 1969-04-07,115,fall,15.2,20.6,NA,NA,1953,10.84,8.26,20.09,9.55,Wet,SAC,1953-10-01T00:00:00Z,1954-10-01T00:00:00Z,-122.446,41.7236
417236N1224461W001,678993,1953-10-05T00:00:00Z,2628.42,2628.02,0,17.6,2610.82,17.6,17.2,NA,Unknown,Water level accuracy is unknown,1,Department of Water Resources,NA,5167,United States Geological Survey,NA,NA,24046,45N05W29B001M,NA,Unknown,Unknown,1-004,Shasta Valley,Siskiyou,25,Residential,Unknown,NA,1953-04-08 - 1969-04-07,115,fall,15.2,20.6,NA,NA,1953,10.84,8.26,20.09,9.55,Wet,SAC,1953-10-01T00:00:00Z,1954-10-01T00:00:00Z,-122.446,41.7236
417236N1224461W001,678992,1953-09-28T00:00:00Z,2628.42,2628.02,0,17.6,2610.82,17.6,17.2,NA,Unknown,Water level accuracy is unknown,1,Department of Water Resources,NA,5167,United States Geological Survey,NA,NA,24046,45N05W29B001M,NA,Unknown,Unknown,1-004,Shasta Valley,Siskiyou,25,Residential,Unknown,NA,1953-04-08 - 1969-04-07,115,fall,15.2,20.6,NA,NA,1952,13.86,13.68,28.6,12.38,Wet,SAC,1952-10-01T00:00:00Z,1953-10-01T00:00:00Z,-122.446,41.7236
417236N1224461W001,678991,1953-09-21T00:00:00Z,2628.42,2628.02,0,17.6,2610.82,17.6,17.2,NA,Unknown,Water level accuracy is unknown,1,Department of Water Resources,NA,5167,United States Geological Survey,NA,NA,24046,45N05W29B001M,NA,Unknown,Unknown,1-004,Shasta Valley,Siskiyou,25,Residential,Unknown,NA,1953-04-08 - 1969-04-07,115,fall,15.2,20.6,NA,NA,1952,13.86,13.68,28.6,12.38,Wet,SAC,1952-10-01T00:00:00Z,1953-10-01T00:00:00Z,-122.446,41.7236
417236N1224461W001,678990,1953-09-14T00:00:00Z,2628.42,2628.02,0,17.6,2610.82,17.6,17.2,NA,Unknown,Water level accuracy is unknown,1,Department of Water Resources,NA,5167,United States Geological Survey,NA,NA,24046,45N05W29B001M,NA,Unknown,Unknown,1-004,Shasta Valley,Siskiyou,25,Residential,Unknown,NA,1953-04-08 - 1969-04-07,115,fall,15.2,20.6,NA,NA,1952,13.86,13.68,28.6,12.38,Wet,SAC,1952-10-01T00:00:00Z,1953-10-01T00:00:00Z,-122.446,41.7236
417236N1224461W001,678989,1953-08-31T00:00:00Z,2628.42,2628.02,0,17.3,2611.12,17.3,16.9,NA,Unknown,Water level accuracy is unknown,1,Department of Water Resources,NA,5167,United States Geological Survey,NA,NA,24046,45N05W29B001M,NA,Unknown,Unknown,1-004,Shasta Valley,Siskiyou,25,Residential,Unknown,NA,1953-04-08 - 1969-04-07,115,fall,15.2,20.6,NA,NA,1952,13.86,13.68,28.6,12.38,Wet,SAC,1952-10-01T00:00:00Z,1953-10-01T00:00:00Z,-122.446,41.7236
417236N1224461W001,678988,1953-08-24T00:00:00Z,2628.42,2628.02,0,18.3,2610.12,18.3,17.9,NA,Unknown,Water level accuracy is unknown,1,Department of Water Resources,NA,5167,United States Geological Survey,NA,NA,24046,45N05W29B001M,NA,Unknown,Unknown,1-004,Shasta Valley,Siskiyou,25,Residential,Unknown,NA,1953-04-08 - 1969-04-07,115,fall,15.2,20.6,NA,NA,1952,13.86,13.68,28.6,12.38,Wet,SAC,1952-10-01T00:00:00Z,1953-10-01T00:00:00Z,-122.446,41.7236
417236N1224461W001,678987,1953-08-17T00:00:00Z,2628.42,2628.02,0,20.2,2608.22,20.2,19.8,Pumping,Unknown,Water level accuracy is unknown,1,Department of Water Resources,NA,5167,United States Geological Survey,NA,NA,24046,45N05W29B001M,NA,Unknown,Unknown,1-004,Shasta Valley,Siskiyou,25,Residential,Unknown,NA,1953-04-08 - 1969-04-07,115,fall,15.2,20.6,NA,NA,1952,13.86,13.68,28.6,12.38,Wet,SAC,1952-10-01T00:00:00Z,1953-10-01T00:00:00Z,-122.446,41.7236
417236N1224461W001,678986,1953-08-10T00:00:00Z,2628.42,2628.02,0,19.1,2609.32,19.1,18.7,NA,Unknown,Water level accuracy is unknown,1,Department of Water Resources,NA,5167,United States Geological Survey,NA,NA,24046,45N05W29B001M,NA,Unknown,Unknown,1-004,Shasta Valley,Siskiyou,25,Residential,Unknown,NA,1953-04-08 - 1969-04-07,115,fall,15.2,20.6,NA,NA,1952,13.86,13.68,28.6,12.38,Wet,SAC,1952-10-01T00:00:00Z,1953-10-01T00:00:00Z,-122.446,41.7236
417236N1224461W001,678985,1953-08-03T00:00:00Z,2628.42,2628.02,0,18,2610.42,18,17.6,NA,Unknown,Water level accuracy is unknown,1,Department of Water Resources,NA,5167,United States Geological Survey,NA,NA,24046,45N05W29B001M,NA,Unknown,Unknown,1-004,Shasta Valley,Siskiyou,25,Residential,Unknown,NA,1953-04-08 - 1969-04-07,115,fall,15.2,20.6,NA,NA,1952,13.86,13.68,28.6,12.38,Wet,SAC,1952-10-01T00:00:00Z,1953-10-01T00:00:00Z,-122.446,41.7236
417236N1224461W001,678984,1953-07-27T00:00:00Z,2628.42,2628.02,0,18,2610.42,18,17.6,NA,Unknown,Water level accuracy is unknown,1,Department of Water Resources,NA,5167,United States Geological Survey,NA,NA,24046,45N05W29B001M,NA,Unknown,Unknown,1-004,Shasta Valley,Siskiyou,25,Residential,Unknown,NA,1953-04-08 - 1969-04-07,115,other,NA,NA,NA,NA,1952,13.86,13.68,28.6,12.38,Wet,SAC,1952-10-01T00:00:00Z,1953-10-01T00:00:00Z,-122.446,41.7236
417236N1224461W001,678983,1953-07-20T00:00:00Z,2628.42,2628.02,0,18.4,2610.02,18.4,18,NA,Unknown,Water level accuracy is unknown,1,Department of Water Resources,NA,5167,United States Geological Survey,NA,NA,24046,45N05W29B001M,NA,Unknown,Unknown,1-004,Shasta Valley,Siskiyou,25,Residential,Unknown,NA,1953-04-08 - 1969-04-07,115,other,NA,NA,NA,NA,1952,13.86,13.68,28.6,12.38,Wet,SAC,1952-10-01T00:00:00Z,1953-10-01T00:00:00Z,-122.446,41.7236
417236N1224461W001,678982,1953-07-14T00:00:00Z,2628.42,2628.02,0,19,2609.42,19,18.6,Pumping,Unknown,Water level accuracy is unknown,1,Department of Water Resources,NA,5167,United States Geological Survey,NA,NA,24046,45N05W29B001M,NA,Unknown,Unknown,1-004,Shasta Valley,Siskiyou,25,Residential,Unknown,NA,1953-04-08 - 1969-04-07,115,other,NA,NA,NA,NA,1952,13.86,13.68,28.6,12.38,Wet,SAC,1952-10-01T00:00:00Z,1953-10-01T00:00:00Z,-122.446,41.7236
417236N1224461W001,678981,1953-04-08T00:00:00Z,2628.42,2628.02,0,21.3,2607.12,21.3,20.9,NA,Unknown,Water level accuracy is unknown,1,Department of Water Resources,NA,5167,United States Geological Survey,NA,NA,24046,45N05W29B001M,NA,Unknown,Unknown,1-004,Shasta Valley,Siskiyou,25,Residential,Unknown,NA,1953-04-08 - 1969-04-07,115,spring,NA,NA,17.7,22.2,1952,13.86,13.68,28.6,12.38,Wet,SAC,1952-10-01T00:00:00Z,1953-10-01T00:00:00Z,-122.446,41.7236
