SITE_CODE,WLM_ID,MSMT_DATE,WLM_RPE,WLM_GSE,RDNG_WS,RDNG_RP,WSE,RPE_WSE,GSE_WSE,WLM_QA_DESC,WLM_DESC,WLM_ACC_DESC,WLM_ORG_ID,WLM_ORG_NAME,MSMT_CMT,COOP_AGENCY_ORG_ID,COOP_ORG_NAME,TOP_PRF,BOT_PRF,STN_ID,SWN,WELL_NAME,WLM_METHOD,WLM_ACC,BASIN_CODE,BASIN_NAME,COUNTY_NAME,WELL_DEPTH,WELL_USE,WELL_TYPE,WCR_NO,t_range,n_samples,season,fall_high,fall_low,spring_high,spring_low,water_year,HUC8,WYT,water_year_type,water_year_start,water_year_end,X,Y
417262N1225917W001,679231,2011-04-21T00:00:00Z,2546.34,2543.34,NA,NA,NA,NA,NA,Measurement Discontinued,NA,NA,1,Department of Water Resources,NA,1,Department of Water Resources,NA,NA,37002,45N06W30D004M,30D004M,Unknown,Unknown,1-004,Shasta Valley,Siskiyou,170,Irrigation,Single Well,134530,2000-09-21 - 2011-04-21,23,spring,NA,NA,2.2,4.8,2011,18010207,Above Normal,Above Normal,2010-10-01T00:00:00Z,2011-10-01T00:00:00Z,-122.592,41.7262
417262N1225917W001,679230,2010-10-26T00:00:00Z,2546.34,2543.34,NA,NA,NA,NA,NA,Measurement Discontinued,NA,NA,1,Department of Water Resources,NA,1,Department of Water Resources,NA,NA,37002,45N06W30D004M,30D004M,Unknown,Unknown,1-004,Shasta Valley,Siskiyou,170,Irrigation,Single Well,134530,2000-09-21 - 2011-04-21,23,fall,2.2,5.4,NA,NA,2011,18010207,Above Normal,Above Normal,2010-10-01T00:00:00Z,2011-10-01T00:00:00Z,-122.592,41.7262
417262N1225917W001,679229,2010-04-01T00:00:00Z,2546.34,2543.34,NA,NA,NA,NA,NA,Measurement Discontinued,NA,NA,1,Department of Water Resources,NA,1,Department of Water Resources,NA,NA,37002,45N06W30D004M,30D004M,Unknown,Unknown,1-004,Shasta Valley,Siskiyou,170,Irrigation,Single Well,134530,2000-09-21 - 2011-04-21,23,spring,NA,NA,2.2,4.8,2010,18010207,Below Normal,Below Normal,2009-10-01T00:00:00Z,2010-10-01T00:00:00Z,-122.592,41.7262
417262N1225917W001,679228,2009-10-28T00:00:00Z,2546.34,2543.34,NA,NA,NA,NA,NA,Measurement Discontinued,NA,NA,1,Department of Water Resources,NA,1,Department of Water Resources,NA,NA,37002,45N06W30D004M,30D004M,Unknown,Unknown,1-004,Shasta Valley,Siskiyou,170,Irrigation,Single Well,134530,2000-09-21 - 2011-04-21,23,fall,2.2,5.4,NA,NA,2010,18010207,Below Normal,Below Normal,2009-10-01T00:00:00Z,2010-10-01T00:00:00Z,-122.592,41.7262
417262N1225917W001,679227,2009-04-07T00:00:00Z,2546.34,2543.34,NA,NA,NA,NA,NA,Measurement Discontinued,NA,NA,1,Department of Water Resources,NA,1,Department of Water Resources,NA,NA,37002,45N06W30D004M,30D004M,Unknown,Unknown,1-004,Shasta Valley,Siskiyou,170,Irrigation,Single Well,134530,2000-09-21 - 2011-04-21,23,spring,NA,NA,2.2,4.8,2009,18010207,Dry,Dry,2008-10-01T00:00:00Z,2009-10-01T00:00:00Z,-122.592,41.7262
417262N1225917W001,679226,2008-10-29T00:00:00Z,2546.34,2543.34,0,8.1,2538.24,8.1,5.1,NA,Unknown,Water level accuracy is unknown,1,Department of Water Resources,NA,1,Department of Water Resources,NA,NA,37002,45N06W30D004M,30D004M,Unknown,Unknown,1-004,Shasta Valley,Siskiyou,170,Irrigation,Single Well,134530,2000-09-21 - 2011-04-21,23,fall,2.2,5.4,NA,NA,2009,18010207,Dry,Dry,2008-10-01T00:00:00Z,2009-10-01T00:00:00Z,-122.592,41.7262
417262N1225917W001,679225,2008-04-03T00:00:00Z,2546.34,2543.34,0,5.9,2540.44,5.9,2.9,NA,Unknown,Water level accuracy is unknown,1,Department of Water Resources,NA,1,Department of Water Resources,NA,NA,37002,45N06W30D004M,30D004M,Unknown,Unknown,1-004,Shasta Valley,Siskiyou,170,Irrigation,Single Well,134530,2000-09-21 - 2011-04-21,23,spring,NA,NA,2.2,4.8,2008,18010207,Dry,Dry,2007-10-01T00:00:00Z,2008-10-01T00:00:00Z,-122.592,41.7262
417262N1225917W001,679224,2007-10-23T00:00:00Z,2546.34,2543.34,0,5.5,2540.84,5.5,2.5,NA,Unknown,Water level accuracy is unknown,1,Department of Water Resources,NA,1,Department of Water Resources,NA,NA,37002,45N06W30D004M,30D004M,Unknown,Unknown,1-004,Shasta Valley,Siskiyou,170,Irrigation,Single Well,134530,2000-09-21 - 2011-04-21,23,fall,2.2,5.4,NA,NA,2008,18010207,Dry,Dry,2007-10-01T00:00:00Z,2008-10-01T00:00:00Z,-122.592,41.7262
417262N1225917W001,679223,2007-03-27T00:00:00Z,2546.34,2543.34,0,6.5,2539.84,6.5,3.5,NA,Unknown,Water level accuracy is unknown,1,Department of Water Resources,NA,1,Department of Water Resources,NA,NA,37002,45N06W30D004M,30D004M,Unknown,Unknown,1-004,Shasta Valley,Siskiyou,170,Irrigation,Single Well,134530,2000-09-21 - 2011-04-21,23,spring,NA,NA,2.2,4.8,2007,18010207,Below Normal,Below Normal,2006-10-01T00:00:00Z,2007-10-01T00:00:00Z,-122.592,41.7262
417262N1225917W001,679222,2006-10-16T00:00:00Z,2546.34,2543.34,0,8.4,2537.94,8.4,5.4,NA,Unknown,Water level accuracy is unknown,1,Department of Water Resources,NA,1,Department of Water Resources,NA,NA,37002,45N06W30D004M,30D004M,Unknown,Unknown,1-004,Shasta Valley,Siskiyou,170,Irrigation,Single Well,134530,2000-09-21 - 2011-04-21,23,fall,2.2,5.4,NA,NA,2007,18010207,Below Normal,Below Normal,2006-10-01T00:00:00Z,2007-10-01T00:00:00Z,-122.592,41.7262
417262N1225917W001,679221,2006-04-20T00:00:00Z,2546.34,2543.34,0,5.7,2540.64,5.7,2.7,NA,Unknown,Water level accuracy is unknown,1,Department of Water Resources,NA,1,Department of Water Resources,NA,NA,37002,45N06W30D004M,30D004M,Unknown,Unknown,1-004,Shasta Valley,Siskiyou,170,Irrigation,Single Well,134530,2000-09-21 - 2011-04-21,23,spring,NA,NA,2.2,4.8,2006,18010207,Wet,Wet,2005-10-01T00:00:00Z,2006-10-01T00:00:00Z,-122.592,41.7262
417262N1225917W001,679220,2005-10-14T00:00:00Z,2546.34,2543.34,0,8.2,2538.14,8.2,5.2,NA,Unknown,Water level accuracy is unknown,1,Department of Water Resources,NA,1,Department of Water Resources,NA,NA,37002,45N06W30D004M,30D004M,Unknown,Unknown,1-004,Shasta Valley,Siskiyou,170,Irrigation,Single Well,134530,2000-09-21 - 2011-04-21,23,fall,2.2,5.4,NA,NA,2006,18010207,Wet,Wet,2005-10-01T00:00:00Z,2006-10-01T00:00:00Z,-122.592,41.7262
417262N1225917W001,679219,2005-03-30T00:00:00Z,2546.34,2543.34,0,6.2,2540.14,6.2,3.2,NA,Unknown,Water level accuracy is unknown,1,Department of Water Resources,NA,1,Department of Water Resources,NA,NA,37002,45N06W30D004M,30D004M,Unknown,Unknown,1-004,Shasta Valley,Siskiyou,170,Irrigation,Single Well,134530,2000-09-21 - 2011-04-21,23,spring,NA,NA,2.2,4.8,2005,18010207,Above Normal,Above Normal,2004-10-01T00:00:00Z,2005-10-01T00:00:00Z,-122.592,41.7262
417262N1225917W001,679218,2004-10-27T00:00:00Z,2546.34,2543.34,0,7,2539.34,7,4,NA,Unknown,Water level accuracy is unknown,1,Department of Water Resources,NA,1,Department of Water Resources,NA,NA,37002,45N06W30D004M,30D004M,Unknown,Unknown,1-004,Shasta Valley,Siskiyou,170,Irrigation,Single Well,134530,2000-09-21 - 2011-04-21,23,fall,2.2,5.4,NA,NA,2005,18010207,Above Normal,Above Normal,2004-10-01T00:00:00Z,2005-10-01T00:00:00Z,-122.592,41.7262
417262N1225917W001,679217,2004-03-31T00:00:00Z,2546.34,2543.34,0,5.6,2540.74,5.6,2.6,NA,Unknown,Water level accuracy is unknown,1,Department of Water Resources,NA,1,Department of Water Resources,NA,NA,37002,45N06W30D004M,30D004M,Unknown,Unknown,1-004,Shasta Valley,Siskiyou,170,Irrigation,Single Well,134530,2000-09-21 - 2011-04-21,23,spring,NA,NA,2.2,4.8,2004,18010207,Above Normal,Above Normal,2003-10-01T00:00:00Z,2004-10-01T00:00:00Z,-122.592,41.7262
417262N1225917W001,679216,2003-10-06T00:00:00Z,2546.34,2543.34,0,6.8,2539.54,6.8,3.8,NA,Unknown,Water level accuracy is unknown,1,Department of Water Resources,NA,1,Department of Water Resources,NA,NA,37002,45N06W30D004M,30D004M,Unknown,Unknown,1-004,Shasta Valley,Siskiyou,170,Irrigation,Single Well,134530,2000-09-21 - 2011-04-21,23,fall,2.2,5.4,NA,NA,2004,18010207,Above Normal,Above Normal,2003-10-01T00:00:00Z,2004-10-01T00:00:00Z,-122.592,41.7262
417262N1225917W001,679215,2003-03-24T00:00:00Z,2546.34,2543.34,0,5.2,2541.14,5.2,2.2,NA,Unknown,Water level accuracy is unknown,1,Department of Water Resources,NA,1,Department of Water Resources,NA,NA,37002,45N06W30D004M,30D004M,Unknown,Unknown,1-004,Shasta Valley,Siskiyou,170,Irrigation,Single Well,134530,2000-09-21 - 2011-04-21,23,spring,NA,NA,2.2,4.8,2003,18010207,Above Normal,Above Normal,2002-10-01T00:00:00Z,2003-10-01T00:00:00Z,-122.592,41.7262
417262N1225917W001,679211,2002-10-09T00:00:00Z,2546.34,2543.34,0,7.9,2538.44,7.9,4.9,NA,Unknown,Water level accuracy is unknown,1,Department of Water Resources,NA,1,Department of Water Resources,NA,NA,37002,45N06W30D004M,30D004M,Unknown,Unknown,1-004,Shasta Valley,Siskiyou,170,Irrigation,Single Well,134530,2000-09-21 - 2011-04-21,23,fall,2.2,5.4,NA,NA,2003,18010207,Above Normal,Above Normal,2002-10-01T00:00:00Z,2003-10-01T00:00:00Z,-122.592,41.7262
417262N1225917W001,679214,2002-03-27T00:00:00Z,2546.34,2543.34,0,5.6,2540.74,5.6,2.6,NA,Unknown,Water level accuracy is unknown,1,Department of Water Resources,NA,1,Department of Water Resources,NA,NA,37002,45N06W30D004M,30D004M,Unknown,Unknown,1-004,Shasta Valley,Siskiyou,170,Irrigation,Single Well,134530,2000-09-21 - 2011-04-21,23,spring,NA,NA,2.2,4.8,2002,18010207,Dry,Dry,2001-10-01T00:00:00Z,2002-10-01T00:00:00Z,-122.592,41.7262
417262N1225917W001,679210,2001-10-29T00:00:00Z,2546.34,2543.34,0,7,2539.34,7,4,NA,Unknown,Water level accuracy is unknown,1,Department of Water Resources,NA,1,Department of Water Resources,NA,NA,37002,45N06W30D004M,30D004M,Unknown,Unknown,1-004,Shasta Valley,Siskiyou,170,Irrigation,Single Well,134530,2000-09-21 - 2011-04-21,23,fall,2.2,5.4,NA,NA,2002,18010207,Dry,Dry,2001-10-01T00:00:00Z,2002-10-01T00:00:00Z,-122.592,41.7262
417262N1225917W001,679209,2001-04-02T00:00:00Z,2546.34,2543.34,0,7.8,2538.54,7.8,4.8,NA,Unknown,Water level accuracy is unknown,1,Department of Water Resources,NA,1,Department of Water Resources,NA,NA,37002,45N06W30D004M,30D004M,Unknown,Unknown,1-004,Shasta Valley,Siskiyou,170,Irrigation,Single Well,134530,2000-09-21 - 2011-04-21,23,spring,NA,NA,2.2,4.8,2001,18010207,Critical,Critical,2000-10-01T00:00:00Z,2001-10-01T00:00:00Z,-122.592,41.7262
417262N1225917W001,679213,2000-10-09T00:00:00Z,2546.34,2543.34,0,6.8,2539.54,6.8,3.8,NA,Unknown,Water level accuracy is unknown,1,Department of Water Resources,NA,1,Department of Water Resources,NA,NA,37002,45N06W30D004M,30D004M,Unknown,Unknown,1-004,Shasta Valley,Siskiyou,170,Irrigation,Single Well,134530,2000-09-21 - 2011-04-21,23,fall,2.2,5.4,NA,NA,2001,18010207,Critical,Critical,2000-10-01T00:00:00Z,2001-10-01T00:00:00Z,-122.592,41.7262
417262N1225917W001,679212,2000-09-21T00:00:00Z,2546.34,2543.34,0,5.2,2541.14,5.2,2.2,NA,Unknown,Water level accuracy is unknown,1,Department of Water Resources,NA,1,Department of Water Resources,NA,NA,37002,45N06W30D004M,30D004M,Unknown,Unknown,1-004,Shasta Valley,Siskiyou,170,Irrigation,Single Well,134530,2000-09-21 - 2011-04-21,23,fall,2.2,5.4,NA,NA,2000,18010207,Above Normal,Above Normal,1999-10-01T00:00:00Z,2000-10-01T00:00:00Z,-122.592,41.7262
