SITE_CODE,WLM_ID,MSMT_DATE,WLM_RPE,WLM_GSE,RDNG_WS,RDNG_RP,WSE,RPE_WSE,GSE_WSE,WLM_QA_DESC,WLM_DESC,WLM_ACC_DESC,WLM_ORG_ID,WLM_ORG_NAME,MSMT_CMT,COOP_AGENCY_ORG_ID,COOP_ORG_NAME,TOP_PRF,BOT_PRF,STN_ID,SWN,WELL_NAME,WLM_METHOD,WLM_ACC,BASIN_CODE,BASIN_NAME,COUNTY_NAME,WELL_DEPTH,WELL_USE,WELL_TYPE,WCR_NO,t_range,n_samples,X,Y
417220N1225928W001,2619103,2020-04-10T12:00:00Z,2562.9,2562.4,NA,NA,NA,NA,NA,Special/Other,NA,NA,1,Department of Water Resources,Domestic wells not monitored during COVID-19 (Shelter in Place),1,Department of Water Resources,NA,NA,24068,45N06W30E001M,45N06W30E001M,Digital Elevation Model,Unknown,1-004,Shasta Valley,Siskiyou,105,Residential,Single Well,49811,1990-07-20 00:00:00 - 2020-04-10 12:00:00,62,-122.593,41.7219
417220N1225928W001,2480410,2019-10-25T12:00:00Z,2562.9,2562.4,7,20,2549.9,13,12.5,NA,Steel tape measurement,Water level accuracy to nearest tenth of a foot,1,Department of Water Resources,NA,1,Department of Water Resources,NA,NA,24068,45N06W30E001M,45N06W30E001M,Digital Elevation Model,Unknown,1-004,Shasta Valley,Siskiyou,105,Residential,Single Well,49811,1990-07-20 00:00:00 - 2020-04-10 12:00:00,62,-122.593,41.7219
417220N1225928W001,2452867,2019-04-03T12:00:00Z,2562.9,2562.4,7.4,15,2555.3,7.6,7.1,NA,Steel tape measurement,Water level accuracy to nearest tenth of a foot,1,Department of Water Resources,NA,1,Department of Water Resources,NA,NA,24068,45N06W30E001M,45N06W30E001M,Digital Elevation Model,Unknown,1-004,Shasta Valley,Siskiyou,105,Residential,Single Well,49811,1990-07-20 00:00:00 - 2020-04-10 12:00:00,62,-122.593,41.7219
417220N1225928W001,2413609,2018-10-22T12:00:00Z,2562.9,2562.4,17,30,2549.9,13,12.5,NA,Steel tape measurement,Water level accuracy to nearest tenth of a foot,1,Department of Water Resources,NA,1,Department of Water Resources,NA,NA,24068,45N06W30E001M,45N06W30E001M,Digital Elevation Model,Unknown,1-004,Shasta Valley,Siskiyou,105,Residential,Single Well,49811,1990-07-20 00:00:00 - 2020-04-10 12:00:00,62,-122.593,41.7219
417220N1225928W001,2286547,2018-03-28T12:00:00Z,2562.9,2562.4,12,25,2549.9,13,12.5,NA,Steel tape measurement,Water level accuracy to nearest tenth of a foot,1,Department of Water Resources,NA,1,Department of Water Resources,NA,NA,24068,45N06W30E001M,45N06W30E001M,Digital Elevation Model,Unknown,1-004,Shasta Valley,Siskiyou,105,Residential,Single Well,49811,1990-07-20 00:00:00 - 2020-04-10 12:00:00,62,-122.593,41.7219
417220N1225928W001,2266752,2017-10-18T12:00:00Z,2562.9,2562.4,8.3,20,2551.2,11.7,11.2,NA,Steel tape measurement,Water level accuracy to nearest tenth of a foot,1,Department of Water Resources,NA,1,Department of Water Resources,NA,NA,24068,45N06W30E001M,45N06W30E001M,Digital Elevation Model,Unknown,1-004,Shasta Valley,Siskiyou,105,Residential,Single Well,49811,1990-07-20 00:00:00 - 2020-04-10 12:00:00,62,-122.593,41.7219
417220N1225928W001,2241482,2017-03-22T12:00:00Z,2562.9,2562.4,9.3,15,2557.2,5.7,5.2,NA,Steel tape measurement,Water level accuracy to nearest tenth of a foot,1,Department of Water Resources,NA,1,Department of Water Resources,NA,NA,24068,45N06W30E001M,45N06W30E001M,Digital Elevation Model,Unknown,1-004,Shasta Valley,Siskiyou,105,Residential,Single Well,49811,1990-07-20 00:00:00 - 2020-04-10 12:00:00,62,-122.593,41.7219
417220N1225928W001,2214943,2016-10-20T12:00:00Z,2562.9,2562.4,2.1,15,2550,12.9,12.4,NA,Steel tape measurement,Water level accuracy to nearest tenth of a foot,1,Department of Water Resources,NA,1,Department of Water Resources,NA,NA,24068,45N06W30E001M,45N06W30E001M,Digital Elevation Model,Unknown,1-004,Shasta Valley,Siskiyou,105,Residential,Single Well,49811,1990-07-20 00:00:00 - 2020-04-10 12:00:00,62,-122.593,41.7219
417220N1225928W001,2189530,2016-04-06T00:00:00Z,2562.9,2562.4,12.1,20,2555,7.9,7.4,NA,Steel tape measurement,Water level accuracy to nearest tenth of a foot,1,Department of Water Resources,NA,1,Department of Water Resources,NA,NA,24068,45N06W30E001M,45N06W30E001M,Digital Elevation Model,Unknown,1-004,Shasta Valley,Siskiyou,105,Residential,Single Well,49811,1990-07-20 00:00:00 - 2020-04-10 12:00:00,62,-122.593,41.7219
417220N1225928W001,2165299,2015-10-20T00:00:00Z,2562.9,2562.4,15,30,2547.9,15,14.5,NA,Steel tape measurement,Water level accuracy to nearest tenth of a foot,1,Department of Water Resources,NA,1,Department of Water Resources,NA,NA,24068,45N06W30E001M,45N06W30E001M,Digital Elevation Model,Unknown,1-004,Shasta Valley,Siskiyou,105,Residential,Single Well,49811,1990-07-20 00:00:00 - 2020-04-10 12:00:00,62,-122.593,41.7219
417220N1225928W001,2189794,2015-04-02T00:00:00Z,2562.9,2562.4,4,15,2551.9,11,10.5,NA,Steel tape measurement,Water level accuracy to nearest tenth of a foot,1,Department of Water Resources,NA,1,Department of Water Resources,NA,NA,24068,45N06W30E001M,45N06W30E001M,Digital Elevation Model,Unknown,1-004,Shasta Valley,Siskiyou,105,Residential,Single Well,49811,1990-07-20 00:00:00 - 2020-04-10 12:00:00,62,-122.593,41.7219
417220N1225928W001,2029971,2014-10-29T00:00:00Z,2562.9,2562.4,1.4,20,2544.3,18.6,18.1,NA,Steel tape measurement,Water level accuracy to nearest tenth of a foot,1,Department of Water Resources,NA,1,Department of Water Resources,NA,NA,24068,45N06W30E001M,45N06W30E001M,Digital Elevation Model,Unknown,1-004,Shasta Valley,Siskiyou,105,Residential,Single Well,49811,1990-07-20 00:00:00 - 2020-04-10 12:00:00,62,-122.593,41.7219
417220N1225928W001,1884057,2014-03-24T00:00:00Z,2562.9,2562.4,4.3,18,2549.2,13.7,13.2,NA,Steel tape measurement,Water level accuracy to nearest tenth of a foot,1,Department of Water Resources,NA,1,Department of Water Resources,NA,NA,24068,45N06W30E001M,45N06W30E001M,Digital Elevation Model,Unknown,1-004,Shasta Valley,Siskiyou,105,Residential,Single Well,49811,1990-07-20 00:00:00 - 2020-04-10 12:00:00,62,-122.593,41.7219
417220N1225928W001,1797163,2013-10-24T00:00:00Z,2562.9,2562.4,3.1,20,2546,16.9,16.4,NA,Steel tape measurement,Water level accuracy to nearest tenth of a foot,1,Department of Water Resources,NA,1,Department of Water Resources,NA,NA,24068,45N06W30E001M,45N06W30E001M,Digital Elevation Model,Unknown,1-004,Shasta Valley,Siskiyou,105,Residential,Single Well,49811,1990-07-20 00:00:00 - 2020-04-10 12:00:00,62,-122.593,41.7219
417220N1225928W001,1684671,2013-03-25T00:00:00Z,2562.85,2562.35,15.8,29,2549.65,13.2,12.7,NA,Steel tape measurement,Water level accuracy to nearest tenth of a foot,1,Department of Water Resources,NA,1,Department of Water Resources,NA,NA,24068,45N06W30E001M,45N06W30E001M,Digital Elevation Model,Unknown,1-004,Shasta Valley,Siskiyou,105,Residential,Single Well,49811,1990-07-20 00:00:00 - 2020-04-10 12:00:00,62,-122.593,41.7219
417220N1225928W001,69702,2012-10-26T00:00:00Z,2562.85,2562.35,4.1,19,2547.95,14.9,14.4,NA,Steel tape measurement,Water level accuracy to nearest tenth of a foot,1,Department of Water Resources,NA,1,Department of Water Resources,NA,NA,24068,45N06W30E001M,45N06W30E001M,Digital Elevation Model,Unknown,1-004,Shasta Valley,Siskiyou,105,Residential,Single Well,49811,1990-07-20 00:00:00 - 2020-04-10 12:00:00,62,-122.593,41.7219
417220N1225928W001,59892,2012-04-18T00:00:00Z,2562.85,2562.35,9.5,20,2552.35,10.5,10,NA,Steel tape measurement,Water level accuracy to nearest tenth of a foot,1,Department of Water Resources,NA,1,Department of Water Resources,NA,NA,24068,45N06W30E001M,45N06W30E001M,Digital Elevation Model,Unknown,1-004,Shasta Valley,Siskiyou,105,Residential,Single Well,49811,1990-07-20 00:00:00 - 2020-04-10 12:00:00,62,-122.593,41.7219
417220N1225928W001,39869,2011-10-20T00:00:00Z,2562.85,2562.35,0,11.9,2550.95,11.9,11.4,NA,Steel tape measurement,Water level accuracy to nearest tenth of a foot,1,Department of Water Resources,NA,1,Department of Water Resources,NA,NA,24068,45N06W30E001M,45N06W30E001M,Digital Elevation Model,Unknown,1-004,Shasta Valley,Siskiyou,105,Residential,Single Well,49811,1990-07-20 00:00:00 - 2020-04-10 12:00:00,62,-122.593,41.7219
417220N1225928W001,679275,2011-10-20T00:00:00Z,2562.9,2562.4,0,11.9,2551,11.9,11.4,NA,Unknown,Water level accuracy is unknown,1,Department of Water Resources,NA,1,Department of Water Resources,NA,NA,24068,45N06W30E001M,45N06W30E001M,Digital Elevation Model,Unknown,1-004,Shasta Valley,Siskiyou,105,Residential,Single Well,49811,1990-07-20 00:00:00 - 2020-04-10 12:00:00,62,-122.593,41.7219
417220N1225928W001,679274,2011-04-21T00:00:00Z,2562.9,2562.4,0,8.6,2554.3,8.6,8.1,NA,Unknown,Water level accuracy is unknown,1,Department of Water Resources,NA,1,Department of Water Resources,NA,NA,24068,45N06W30E001M,45N06W30E001M,Digital Elevation Model,Unknown,1-004,Shasta Valley,Siskiyou,105,Residential,Single Well,49811,1990-07-20 00:00:00 - 2020-04-10 12:00:00,62,-122.593,41.7219
417220N1225928W001,679273,2010-10-26T00:00:00Z,2562.9,2562.4,0,14.8,2548.1,14.8,14.3,NA,Unknown,Water level accuracy is unknown,1,Department of Water Resources,NA,1,Department of Water Resources,NA,NA,24068,45N06W30E001M,45N06W30E001M,Digital Elevation Model,Unknown,1-004,Shasta Valley,Siskiyou,105,Residential,Single Well,49811,1990-07-20 00:00:00 - 2020-04-10 12:00:00,62,-122.593,41.7219
417220N1225928W001,679272,2010-04-05T00:00:00Z,2562.9,2562.4,0,13,2549.9,13,12.5,NA,Unknown,Water level accuracy is unknown,1,Department of Water Resources,NA,1,Department of Water Resources,NA,NA,24068,45N06W30E001M,45N06W30E001M,Digital Elevation Model,Unknown,1-004,Shasta Valley,Siskiyou,105,Residential,Single Well,49811,1990-07-20 00:00:00 - 2020-04-10 12:00:00,62,-122.593,41.7219
417220N1225928W001,679271,2009-10-28T00:00:00Z,2562.9,2562.4,0,14.5,2548.4,14.5,14,NA,Unknown,Water level accuracy is unknown,1,Department of Water Resources,NA,1,Department of Water Resources,NA,NA,24068,45N06W30E001M,45N06W30E001M,Digital Elevation Model,Unknown,1-004,Shasta Valley,Siskiyou,105,Residential,Single Well,49811,1990-07-20 00:00:00 - 2020-04-10 12:00:00,62,-122.593,41.7219
417220N1225928W001,679270,2009-04-07T00:00:00Z,2562.9,2562.4,0,12,2550.9,12,11.5,NA,Unknown,Water level accuracy is unknown,1,Department of Water Resources,NA,1,Department of Water Resources,NA,NA,24068,45N06W30E001M,45N06W30E001M,Digital Elevation Model,Unknown,1-004,Shasta Valley,Siskiyou,105,Residential,Single Well,49811,1990-07-20 00:00:00 - 2020-04-10 12:00:00,62,-122.593,41.7219
417220N1225928W001,679269,2008-10-29T00:00:00Z,2562.9,2562.4,0,11.9,2551,11.9,11.4,NA,Unknown,Water level accuracy is unknown,1,Department of Water Resources,NA,1,Department of Water Resources,NA,NA,24068,45N06W30E001M,45N06W30E001M,Digital Elevation Model,Unknown,1-004,Shasta Valley,Siskiyou,105,Residential,Single Well,49811,1990-07-20 00:00:00 - 2020-04-10 12:00:00,62,-122.593,41.7219
417220N1225928W001,679268,2008-04-03T00:00:00Z,2562.9,2562.4,0,8.5,2554.4,8.5,8,NA,Unknown,Water level accuracy is unknown,1,Department of Water Resources,NA,1,Department of Water Resources,NA,NA,24068,45N06W30E001M,45N06W30E001M,Digital Elevation Model,Unknown,1-004,Shasta Valley,Siskiyou,105,Residential,Single Well,49811,1990-07-20 00:00:00 - 2020-04-10 12:00:00,62,-122.593,41.7219
417220N1225928W001,679267,2007-10-23T00:00:00Z,2562.9,2562.4,0,11.4,2551.5,11.4,10.9,NA,Unknown,Water level accuracy is unknown,1,Department of Water Resources,NA,1,Department of Water Resources,NA,NA,24068,45N06W30E001M,45N06W30E001M,Digital Elevation Model,Unknown,1-004,Shasta Valley,Siskiyou,105,Residential,Single Well,49811,1990-07-20 00:00:00 - 2020-04-10 12:00:00,62,-122.593,41.7219
417220N1225928W001,679266,2007-03-27T00:00:00Z,2562.9,2562.4,0,7.7,2555.2,7.7,7.2,NA,Unknown,Water level accuracy is unknown,1,Department of Water Resources,NA,1,Department of Water Resources,NA,NA,24068,45N06W30E001M,45N06W30E001M,Digital Elevation Model,Unknown,1-004,Shasta Valley,Siskiyou,105,Residential,Single Well,49811,1990-07-20 00:00:00 - 2020-04-10 12:00:00,62,-122.593,41.7219
417220N1225928W001,679265,2006-10-16T00:00:00Z,2562.9,2562.4,0,9.3,2553.6,9.3,8.8,NA,Unknown,Water level accuracy is unknown,1,Department of Water Resources,NA,1,Department of Water Resources,NA,NA,24068,45N06W30E001M,45N06W30E001M,Digital Elevation Model,Unknown,1-004,Shasta Valley,Siskiyou,105,Residential,Single Well,49811,1990-07-20 00:00:00 - 2020-04-10 12:00:00,62,-122.593,41.7219
417220N1225928W001,679264,2006-04-20T00:00:00Z,2562.9,2562.4,0,8,2554.9,8,7.5,NA,Unknown,Water level accuracy is unknown,1,Department of Water Resources,NA,1,Department of Water Resources,NA,NA,24068,45N06W30E001M,45N06W30E001M,Digital Elevation Model,Unknown,1-004,Shasta Valley,Siskiyou,105,Residential,Single Well,49811,1990-07-20 00:00:00 - 2020-04-10 12:00:00,62,-122.593,41.7219
417220N1225928W001,679263,2005-10-13T00:00:00Z,2562.9,2562.4,0,13,2549.9,13,12.5,NA,Unknown,Water level accuracy is unknown,1,Department of Water Resources,NA,1,Department of Water Resources,NA,NA,24068,45N06W30E001M,45N06W30E001M,Digital Elevation Model,Unknown,1-004,Shasta Valley,Siskiyou,105,Residential,Single Well,49811,1990-07-20 00:00:00 - 2020-04-10 12:00:00,62,-122.593,41.7219
417220N1225928W001,679262,2005-03-30T00:00:00Z,2562.9,2562.4,0,10.8,2552.1,10.8,10.3,NA,Unknown,Water level accuracy is unknown,1,Department of Water Resources,NA,1,Department of Water Resources,NA,NA,24068,45N06W30E001M,45N06W30E001M,Digital Elevation Model,Unknown,1-004,Shasta Valley,Siskiyou,105,Residential,Single Well,49811,1990-07-20 00:00:00 - 2020-04-10 12:00:00,62,-122.593,41.7219
417220N1225928W001,679261,2004-10-27T00:00:00Z,2562.9,2562.4,0,12.2,2550.7,12.2,11.7,NA,Unknown,Water level accuracy is unknown,1,Department of Water Resources,NA,1,Department of Water Resources,NA,NA,24068,45N06W30E001M,45N06W30E001M,Digital Elevation Model,Unknown,1-004,Shasta Valley,Siskiyou,105,Residential,Single Well,49811,1990-07-20 00:00:00 - 2020-04-10 12:00:00,62,-122.593,41.7219
417220N1225928W001,679260,2004-03-29T00:00:00Z,2562.9,2562.4,0,7.9,2555,7.9,7.4,NA,Unknown,Water level accuracy is unknown,1,Department of Water Resources,NA,1,Department of Water Resources,NA,NA,24068,45N06W30E001M,45N06W30E001M,Digital Elevation Model,Unknown,1-004,Shasta Valley,Siskiyou,105,Residential,Single Well,49811,1990-07-20 00:00:00 - 2020-04-10 12:00:00,62,-122.593,41.7219
417220N1225928W001,679259,2003-10-06T00:00:00Z,2562.9,2562.4,0,12.8,2550.1,12.8,12.3,NA,Unknown,Water level accuracy is unknown,1,Department of Water Resources,NA,1,Department of Water Resources,NA,NA,24068,45N06W30E001M,45N06W30E001M,Digital Elevation Model,Unknown,1-004,Shasta Valley,Siskiyou,105,Residential,Single Well,49811,1990-07-20 00:00:00 - 2020-04-10 12:00:00,62,-122.593,41.7219
417220N1225928W001,679258,2003-03-24T00:00:00Z,2562.9,2562.4,0,8.3,2554.6,8.3,7.8,NA,Unknown,Water level accuracy is unknown,1,Department of Water Resources,NA,1,Department of Water Resources,NA,NA,24068,45N06W30E001M,45N06W30E001M,Digital Elevation Model,Unknown,1-004,Shasta Valley,Siskiyou,105,Residential,Single Well,49811,1990-07-20 00:00:00 - 2020-04-10 12:00:00,62,-122.593,41.7219
417220N1225928W001,679257,2002-10-09T00:00:00Z,2562.9,2562.4,0,23.3,2539.6,23.3,22.8,NA,Unknown,Water level accuracy is unknown,1,Department of Water Resources,NA,1,Department of Water Resources,NA,NA,24068,45N06W30E001M,45N06W30E001M,Digital Elevation Model,Unknown,1-004,Shasta Valley,Siskiyou,105,Residential,Single Well,49811,1990-07-20 00:00:00 - 2020-04-10 12:00:00,62,-122.593,41.7219
417220N1225928W001,679256,2002-03-27T00:00:00Z,2562.9,2562.4,0,10.3,2552.6,10.3,9.8,NA,Unknown,Water level accuracy is unknown,1,Department of Water Resources,NA,1,Department of Water Resources,NA,NA,24068,45N06W30E001M,45N06W30E001M,Digital Elevation Model,Unknown,1-004,Shasta Valley,Siskiyou,105,Residential,Single Well,49811,1990-07-20 00:00:00 - 2020-04-10 12:00:00,62,-122.593,41.7219
417220N1225928W001,679255,2001-10-29T00:00:00Z,2562.9,2562.4,0,15.2,2547.7,15.2,14.7,NA,Unknown,Water level accuracy is unknown,1,Department of Water Resources,NA,1,Department of Water Resources,NA,NA,24068,45N06W30E001M,45N06W30E001M,Digital Elevation Model,Unknown,1-004,Shasta Valley,Siskiyou,105,Residential,Single Well,49811,1990-07-20 00:00:00 - 2020-04-10 12:00:00,62,-122.593,41.7219
417220N1225928W001,679254,2001-04-02T00:00:00Z,2562.9,2562.4,0,11.9,2551,11.9,11.4,NA,Unknown,Water level accuracy is unknown,1,Department of Water Resources,NA,1,Department of Water Resources,NA,NA,24068,45N06W30E001M,45N06W30E001M,Digital Elevation Model,Unknown,1-004,Shasta Valley,Siskiyou,105,Residential,Single Well,49811,1990-07-20 00:00:00 - 2020-04-10 12:00:00,62,-122.593,41.7219
417220N1225928W001,679253,2000-10-09T00:00:00Z,2562.9,2562.4,0,11.5,2551.4,11.5,11,NA,Unknown,Water level accuracy is unknown,1,Department of Water Resources,NA,1,Department of Water Resources,NA,NA,24068,45N06W30E001M,45N06W30E001M,Digital Elevation Model,Unknown,1-004,Shasta Valley,Siskiyou,105,Residential,Single Well,49811,1990-07-20 00:00:00 - 2020-04-10 12:00:00,62,-122.593,41.7219
417220N1225928W001,679252,2000-03-22T00:00:00Z,2562.9,2562.4,0,5.7,2557.2,5.7,5.2,NA,Unknown,Water level accuracy is unknown,1,Department of Water Resources,NA,1,Department of Water Resources,NA,NA,24068,45N06W30E001M,45N06W30E001M,Digital Elevation Model,Unknown,1-004,Shasta Valley,Siskiyou,105,Residential,Single Well,49811,1990-07-20 00:00:00 - 2020-04-10 12:00:00,62,-122.593,41.7219
417220N1225928W001,679250,1999-10-25T00:00:00Z,2562.9,2562.4,0,11.5,2551.4,11.5,11,NA,Unknown,Water level accuracy is unknown,1,Department of Water Resources,NA,1,Department of Water Resources,NA,NA,24068,45N06W30E001M,45N06W30E001M,Digital Elevation Model,Unknown,1-004,Shasta Valley,Siskiyou,105,Residential,Single Well,49811,1990-07-20 00:00:00 - 2020-04-10 12:00:00,62,-122.593,41.7219
417220N1225928W001,679251,1999-03-15T00:00:00Z,2562.9,2562.4,0,7.4,2555.5,7.4,6.9,NA,Unknown,Water level accuracy is unknown,1,Department of Water Resources,NA,1,Department of Water Resources,NA,NA,24068,45N06W30E001M,45N06W30E001M,Digital Elevation Model,Unknown,1-004,Shasta Valley,Siskiyou,105,Residential,Single Well,49811,1990-07-20 00:00:00 - 2020-04-10 12:00:00,62,-122.593,41.7219
417220N1225928W001,679249,1998-10-26T00:00:00Z,2562.9,2562.4,0,11,2551.9,11,10.5,NA,Unknown,Water level accuracy is unknown,1,Department of Water Resources,NA,1,Department of Water Resources,NA,NA,24068,45N06W30E001M,45N06W30E001M,Digital Elevation Model,Unknown,1-004,Shasta Valley,Siskiyou,105,Residential,Single Well,49811,1990-07-20 00:00:00 - 2020-04-10 12:00:00,62,-122.593,41.7219
417220N1225928W001,679248,1998-03-31T00:00:00Z,2562.9,2562.4,0,8.9,2554,8.9,8.4,NA,Unknown,Water level accuracy is unknown,1,Department of Water Resources,NA,1,Department of Water Resources,NA,NA,24068,45N06W30E001M,45N06W30E001M,Digital Elevation Model,Unknown,1-004,Shasta Valley,Siskiyou,105,Residential,Single Well,49811,1990-07-20 00:00:00 - 2020-04-10 12:00:00,62,-122.593,41.7219
417220N1225928W001,679247,1997-10-22T00:00:00Z,2562.9,2562.4,0,12.4,2550.5,12.4,11.9,NA,Unknown,Water level accuracy is unknown,1,Department of Water Resources,NA,1,Department of Water Resources,NA,NA,24068,45N06W30E001M,45N06W30E001M,Digital Elevation Model,Unknown,1-004,Shasta Valley,Siskiyou,105,Residential,Single Well,49811,1990-07-20 00:00:00 - 2020-04-10 12:00:00,62,-122.593,41.7219
417220N1225928W001,679246,1997-03-10T00:00:00Z,2562.9,2562.4,0,8.8,2554.1,8.8,8.3,NA,Unknown,Water level accuracy is unknown,1,Department of Water Resources,NA,1,Department of Water Resources,NA,NA,24068,45N06W30E001M,45N06W30E001M,Digital Elevation Model,Unknown,1-004,Shasta Valley,Siskiyou,105,Residential,Single Well,49811,1990-07-20 00:00:00 - 2020-04-10 12:00:00,62,-122.593,41.7219
417220N1225928W001,679245,1996-10-23T00:00:00Z,2562.9,2562.4,0,13.8,2549.1,13.8,13.3,NA,Unknown,Water level accuracy is unknown,1,Department of Water Resources,NA,1,Department of Water Resources,NA,NA,24068,45N06W30E001M,45N06W30E001M,Digital Elevation Model,Unknown,1-004,Shasta Valley,Siskiyou,105,Residential,Single Well,49811,1990-07-20 00:00:00 - 2020-04-10 12:00:00,62,-122.593,41.7219
417220N1225928W001,679244,1996-04-12T00:00:00Z,2562.9,2562.4,0,16.2,2546.7,16.2,15.7,NA,Unknown,Water level accuracy is unknown,1,Department of Water Resources,NA,1,Department of Water Resources,NA,NA,24068,45N06W30E001M,45N06W30E001M,Digital Elevation Model,Unknown,1-004,Shasta Valley,Siskiyou,105,Residential,Single Well,49811,1990-07-20 00:00:00 - 2020-04-10 12:00:00,62,-122.593,41.7219
417220N1225928W001,679243,1995-03-29T00:00:00Z,2562.9,2562.4,0,13.8,2549.1,13.8,13.3,NA,Unknown,Water level accuracy is unknown,1,Department of Water Resources,NA,1,Department of Water Resources,NA,NA,24068,45N06W30E001M,45N06W30E001M,Digital Elevation Model,Unknown,1-004,Shasta Valley,Siskiyou,105,Residential,Single Well,49811,1990-07-20 00:00:00 - 2020-04-10 12:00:00,62,-122.593,41.7219
417220N1225928W001,679242,1994-10-18T00:00:00Z,2562.9,2562.4,0,20.9,2542,20.9,20.4,NA,Unknown,Water level accuracy is unknown,1,Department of Water Resources,NA,1,Department of Water Resources,NA,NA,24068,45N06W30E001M,45N06W30E001M,Digital Elevation Model,Unknown,1-004,Shasta Valley,Siskiyou,105,Residential,Single Well,49811,1990-07-20 00:00:00 - 2020-04-10 12:00:00,62,-122.593,41.7219
417220N1225928W001,679241,1994-03-31T00:00:00Z,2562.9,2562.4,0,15.9,2547,15.9,15.4,NA,Unknown,Water level accuracy is unknown,1,Department of Water Resources,NA,1,Department of Water Resources,NA,NA,24068,45N06W30E001M,45N06W30E001M,Digital Elevation Model,Unknown,1-004,Shasta Valley,Siskiyou,105,Residential,Single Well,49811,1990-07-20 00:00:00 - 2020-04-10 12:00:00,62,-122.593,41.7219
417220N1225928W001,679240,1993-10-16T00:00:00Z,2562.9,2562.4,0,16.8,2546.1,16.8,16.3,NA,Unknown,Water level accuracy is unknown,1,Department of Water Resources,NA,1,Department of Water Resources,NA,NA,24068,45N06W30E001M,45N06W30E001M,Digital Elevation Model,Unknown,1-004,Shasta Valley,Siskiyou,105,Residential,Single Well,49811,1990-07-20 00:00:00 - 2020-04-10 12:00:00,62,-122.593,41.7219
417220N1225928W001,679239,1993-03-16T00:00:00Z,2562.9,2562.4,0,13.7,2549.2,13.7,13.2,NA,Unknown,Water level accuracy is unknown,1,Department of Water Resources,NA,1,Department of Water Resources,NA,NA,24068,45N06W30E001M,45N06W30E001M,Digital Elevation Model,Unknown,1-004,Shasta Valley,Siskiyou,105,Residential,Single Well,49811,1990-07-20 00:00:00 - 2020-04-10 12:00:00,62,-122.593,41.7219
417220N1225928W001,679238,1992-10-21T00:00:00Z,2562.9,2562.4,0,19,2543.9,19,18.5,NA,Unknown,Water level accuracy is unknown,1,Department of Water Resources,NA,1,Department of Water Resources,NA,NA,24068,45N06W30E001M,45N06W30E001M,Digital Elevation Model,Unknown,1-004,Shasta Valley,Siskiyou,105,Residential,Single Well,49811,1990-07-20 00:00:00 - 2020-04-10 12:00:00,62,-122.593,41.7219
417220N1225928W001,679237,1992-03-04T00:00:00Z,2562.9,2562.4,0,17,2545.9,17,16.5,NA,Unknown,Water level accuracy is unknown,1,Department of Water Resources,NA,1,Department of Water Resources,NA,NA,24068,45N06W30E001M,45N06W30E001M,Digital Elevation Model,Unknown,1-004,Shasta Valley,Siskiyou,105,Residential,Single Well,49811,1990-07-20 00:00:00 - 2020-04-10 12:00:00,62,-122.593,41.7219
417220N1225928W001,679236,1991-10-02T00:00:00Z,2562.9,2562.4,0,25.4,2537.5,25.4,24.9,NA,Unknown,Water level accuracy is unknown,1,Department of Water Resources,NA,1,Department of Water Resources,NA,NA,24068,45N06W30E001M,45N06W30E001M,Digital Elevation Model,Unknown,1-004,Shasta Valley,Siskiyou,105,Residential,Single Well,49811,1990-07-20 00:00:00 - 2020-04-10 12:00:00,62,-122.593,41.7219
417220N1225928W001,679235,1991-03-20T00:00:00Z,2562.9,2562.4,0,14.7,2548.2,14.7,14.2,NA,Unknown,Water level accuracy is unknown,1,Department of Water Resources,NA,1,Department of Water Resources,NA,NA,24068,45N06W30E001M,45N06W30E001M,Digital Elevation Model,Unknown,1-004,Shasta Valley,Siskiyou,105,Residential,Single Well,49811,1990-07-20 00:00:00 - 2020-04-10 12:00:00,62,-122.593,41.7219
417220N1225928W001,679234,1990-10-01T00:00:00Z,2562.9,2562.4,0,11.5,2551.4,11.5,11,NA,Unknown,Water level accuracy is unknown,1,Department of Water Resources,NA,1,Department of Water Resources,NA,NA,24068,45N06W30E001M,45N06W30E001M,Digital Elevation Model,Unknown,1-004,Shasta Valley,Siskiyou,105,Residential,Single Well,49811,1990-07-20 00:00:00 - 2020-04-10 12:00:00,62,-122.593,41.7219
417220N1225928W001,679233,1990-07-31T00:00:00Z,2562.9,2562.4,0,16.9,2546,16.9,16.4,Pumped recently,Unknown,Water level accuracy is unknown,1,Department of Water Resources,NA,1,Department of Water Resources,NA,NA,24068,45N06W30E001M,45N06W30E001M,Digital Elevation Model,Unknown,1-004,Shasta Valley,Siskiyou,105,Residential,Single Well,49811,1990-07-20 00:00:00 - 2020-04-10 12:00:00,62,-122.593,41.7219
417220N1225928W001,679232,1990-07-20T00:00:00Z,2562.9,2562.4,0,14.4,2548.5,14.4,13.9,NA,Unknown,Water level accuracy is unknown,1,Department of Water Resources,NA,1,Department of Water Resources,NA,NA,24068,45N06W30E001M,45N06W30E001M,Digital Elevation Model,Unknown,1-004,Shasta Valley,Siskiyou,105,Residential,Single Well,49811,1990-07-20 00:00:00 - 2020-04-10 12:00:00,62,-122.593,41.7219
