STN_ID.x,SITE_CODE,WLM_ID,MSMT_DATE,WLM_RPE,WLM_GSE,RDNG_WS,RDNG_RP,WSE,RPE_WSE,GSE_WSE,WLM_QA_DESC,WLM_DESC,WLM_ACC_DESC,WLM_ORG_ID,WLM_ORG_NAME,MSMT_CMT,COOP_AGENCY_ORG_ID,COOP_ORG_NAME,STN_ID.y,TOP_PRF,BOT_PRF,STN_ID,SWN,WELL_NAME,WLM_METHOD,WLM_ACC,BASIN_CODE,BASIN_NAME,COUNTY_NAME,WELL_DEPTH,WELL_USE,WELL_TYPE,WCR_NO,t_range,n_samples
52642,417522N1218184W002,2619071,2020-04-01T12:00:00Z,4399.5,4398,NA,NA,NA,NA,NA,Pumping,NA,NA,1,Department of Water Resources,NA,1,Department of Water Resources,NA,NA,NA,52642,45N01E12N001M,45N01E12N001M,Digital Elevation Model,5 ft.,1-018,Red Rock Valley,Siskiyou,205,Stockwatering,Single Well,138711,2018-06-28 00:00:00 - 2020-04-01 12:00:00,4
52642,417522N1218184W002,2453088,2019-04-04T12:00:00Z,4399.5,4398,NA,NA,NA,NA,NA,Special/Other,NA,NA,1,Department of Water Resources,Steel Tape not long enough to reach water level >200ft,1,Department of Water Resources,NA,NA,NA,52642,45N01E12N001M,45N01E12N001M,Digital Elevation Model,5 ft.,1-018,Red Rock Valley,Siskiyou,205,Stockwatering,Single Well,138711,2018-06-28 00:00:00 - 2020-04-01 12:00:00,4
52642,417522N1218184W002,2438651,2018-10-30T00:00:00Z,4399.5,4398,3.8,200,4203.3,196.2,194.7,NA,Steel tape measurement,Water level accuracy to nearest tenth of a foot,1,Department of Water Resources,NA,1,Department of Water Resources,NA,NA,NA,52642,45N01E12N001M,45N01E12N001M,Digital Elevation Model,5 ft.,1-018,Red Rock Valley,Siskiyou,205,Stockwatering,Single Well,138711,2018-06-28 00:00:00 - 2020-04-01 12:00:00,4
52642,417522N1218184W002,2438650,2018-06-28T00:00:00Z,4399.5,4398,3.6,220,4183.1,216.4,214.9,NA,Steel tape measurement,Water level accuracy to nearest tenth of a foot,1,Department of Water Resources,NA,1,Department of Water Resources,NA,NA,NA,52642,45N01E12N001M,45N01E12N001M,Digital Elevation Model,5 ft.,1-018,Red Rock Valley,Siskiyou,205,Stockwatering,Single Well,138711,2018-06-28 00:00:00 - 2020-04-01 12:00:00,4
