SITE_CODE,WLM_ID,MSMT_DATE,WLM_RPE,WLM_GSE,RDNG_WS,RDNG_RP,WSE,RPE_WSE,GSE_WSE,WLM_QA_DESC,WLM_DESC,WLM_ACC_DESC,WLM_ORG_ID,WLM_ORG_NAME,MSMT_CMT,COOP_AGENCY_ORG_ID,COOP_ORG_NAME,TOP_PRF,BOT_PRF,STN_ID,SWN,WELL_NAME,WLM_METHOD,WLM_ACC,BASIN_CODE,BASIN_NAME,COUNTY_NAME,WELL_DEPTH,WELL_USE,WELL_TYPE,WCR_NO,t_range,n_samples,X,Y
417539N1220414W001,678936,1990-10-01T00:00:00Z,4278.89,4278.89,NA,NA,NA,NA,NA,Measurement Discontinued,NA,NA,1,Department of Water Resources,NA,1,Department of Water Resources,NA,NA,24044,45N02W11P001M,NA,Unknown,Unknown,NA,NA,Siskiyou,NA,Unknown,Unknown,NA,1972-03-21 - 1990-10-01,54,-122.041,41.7539
417539N1220414W001,678935,1990-03-22T00:00:00Z,4278.89,4278.89,NA,NA,NA,NA,NA,Measurement Discontinued,NA,NA,1,Department of Water Resources,NA,1,Department of Water Resources,NA,NA,24044,45N02W11P001M,NA,Unknown,Unknown,NA,NA,Siskiyou,NA,Unknown,Unknown,NA,1972-03-21 - 1990-10-01,54,-122.041,41.7539
417539N1220414W001,678934,1989-10-04T00:00:00Z,4278.89,4278.89,0,57.6,4221.29,57.6,57.6,NA,Unknown,Water level accuracy is unknown,1,Department of Water Resources,NA,1,Department of Water Resources,NA,NA,24044,45N02W11P001M,NA,Unknown,Unknown,NA,NA,Siskiyou,NA,Unknown,Unknown,NA,1972-03-21 - 1990-10-01,54,-122.041,41.7539
417539N1220414W001,678933,1989-03-20T00:00:00Z,4278.89,4278.89,0,50.5,4228.39,50.5,50.5,NA,Unknown,Water level accuracy is unknown,1,Department of Water Resources,NA,1,Department of Water Resources,NA,NA,24044,45N02W11P001M,NA,Unknown,Unknown,NA,NA,Siskiyou,NA,Unknown,Unknown,NA,1972-03-21 - 1990-10-01,54,-122.041,41.7539
417539N1220414W001,678932,1988-10-24T00:00:00Z,4278.89,4278.89,0,57.5,4221.39,57.5,57.5,NA,Unknown,Water level accuracy is unknown,1,Department of Water Resources,NA,1,Department of Water Resources,NA,NA,24044,45N02W11P001M,NA,Unknown,Unknown,NA,NA,Siskiyou,NA,Unknown,Unknown,NA,1972-03-21 - 1990-10-01,54,-122.041,41.7539
417539N1220414W001,678931,1988-03-23T00:00:00Z,4278.89,4278.89,0,52.3,4226.59,52.3,52.3,NA,Unknown,Water level accuracy is unknown,1,Department of Water Resources,NA,1,Department of Water Resources,NA,NA,24044,45N02W11P001M,NA,Unknown,Unknown,NA,NA,Siskiyou,NA,Unknown,Unknown,NA,1972-03-21 - 1990-10-01,54,-122.041,41.7539
417539N1220414W001,678930,1987-10-19T00:00:00Z,4278.89,4278.89,0,54.6,4224.29,54.6,54.6,NA,Unknown,Water level accuracy is unknown,1,Department of Water Resources,NA,1,Department of Water Resources,NA,NA,24044,45N02W11P001M,NA,Unknown,Unknown,NA,NA,Siskiyou,NA,Unknown,Unknown,NA,1972-03-21 - 1990-10-01,54,-122.041,41.7539
417539N1220414W001,678929,1987-04-21T00:00:00Z,4278.89,4278.89,0,49.9,4228.99,49.9,49.9,NA,Unknown,Water level accuracy is unknown,1,Department of Water Resources,NA,1,Department of Water Resources,NA,NA,24044,45N02W11P001M,NA,Unknown,Unknown,NA,NA,Siskiyou,NA,Unknown,Unknown,NA,1972-03-21 - 1990-10-01,54,-122.041,41.7539
417539N1220414W001,678928,1986-09-25T00:00:00Z,4278.89,4278.89,0,47.2,4231.69,47.2,47.2,NA,Unknown,Water level accuracy is unknown,1,Department of Water Resources,NA,1,Department of Water Resources,NA,NA,24044,45N02W11P001M,NA,Unknown,Unknown,NA,NA,Siskiyou,NA,Unknown,Unknown,NA,1972-03-21 - 1990-10-01,54,-122.041,41.7539
417539N1220414W001,678927,1986-03-25T00:00:00Z,4278.89,4278.89,0,40.2,4238.69,40.2,40.2,NA,Unknown,Water level accuracy is unknown,1,Department of Water Resources,NA,1,Department of Water Resources,NA,NA,24044,45N02W11P001M,NA,Unknown,Unknown,NA,NA,Siskiyou,NA,Unknown,Unknown,NA,1972-03-21 - 1990-10-01,54,-122.041,41.7539
417539N1220414W001,678926,1985-09-24T00:00:00Z,4278.89,4278.89,0,50.6,4228.29,50.6,50.6,NA,Unknown,Water level accuracy is unknown,1,Department of Water Resources,NA,1,Department of Water Resources,NA,NA,24044,45N02W11P001M,NA,Unknown,Unknown,NA,NA,Siskiyou,NA,Unknown,Unknown,NA,1972-03-21 - 1990-10-01,54,-122.041,41.7539
417539N1220414W001,678925,1985-03-19T00:00:00Z,4278.89,4278.89,0,43.9,4234.99,43.9,43.9,NA,Unknown,Water level accuracy is unknown,1,Department of Water Resources,NA,1,Department of Water Resources,NA,NA,24044,45N02W11P001M,NA,Unknown,Unknown,NA,NA,Siskiyou,NA,Unknown,Unknown,NA,1972-03-21 - 1990-10-01,54,-122.041,41.7539
417539N1220414W001,678924,1984-10-31T00:00:00Z,4278.89,4278.89,0,46.8,4232.09,46.8,46.8,NA,Unknown,Water level accuracy is unknown,1,Department of Water Resources,NA,1,Department of Water Resources,NA,NA,24044,45N02W11P001M,NA,Unknown,Unknown,NA,NA,Siskiyou,NA,Unknown,Unknown,NA,1972-03-21 - 1990-10-01,54,-122.041,41.7539
417539N1220414W001,678923,1984-03-23T00:00:00Z,4278.89,4278.89,0,40,4238.89,40,40,NA,Unknown,Water level accuracy is unknown,1,Department of Water Resources,NA,1,Department of Water Resources,NA,NA,24044,45N02W11P001M,NA,Unknown,Unknown,NA,NA,Siskiyou,NA,Unknown,Unknown,NA,1972-03-21 - 1990-10-01,54,-122.041,41.7539
417539N1220414W001,678922,1983-10-04T00:00:00Z,4278.89,4278.89,0,46.2,4232.69,46.2,46.2,NA,Unknown,Water level accuracy is unknown,1,Department of Water Resources,NA,1,Department of Water Resources,NA,NA,24044,45N02W11P001M,NA,Unknown,Unknown,NA,NA,Siskiyou,NA,Unknown,Unknown,NA,1972-03-21 - 1990-10-01,54,-122.041,41.7539
417539N1220414W001,678921,1983-04-12T00:00:00Z,4278.89,4278.89,0,42.3,4236.59,42.3,42.3,NA,Unknown,Water level accuracy is unknown,1,Department of Water Resources,NA,1,Department of Water Resources,NA,NA,24044,45N02W11P001M,NA,Unknown,Unknown,NA,NA,Siskiyou,NA,Unknown,Unknown,NA,1972-03-21 - 1990-10-01,54,-122.041,41.7539
417539N1220414W001,678920,1982-10-14T00:00:00Z,4278.89,4278.89,0,51.5,4227.39,51.5,51.5,NA,Unknown,Water level accuracy is unknown,1,Department of Water Resources,NA,1,Department of Water Resources,NA,NA,24044,45N02W11P001M,NA,Unknown,Unknown,NA,NA,Siskiyou,NA,Unknown,Unknown,NA,1972-03-21 - 1990-10-01,54,-122.041,41.7539
417539N1220414W001,678919,1982-04-21T00:00:00Z,4278.89,4278.89,0,48.7,4230.19,48.7,48.7,NA,Unknown,Water level accuracy is unknown,1,Department of Water Resources,NA,1,Department of Water Resources,NA,NA,24044,45N02W11P001M,NA,Unknown,Unknown,NA,NA,Siskiyou,NA,Unknown,Unknown,NA,1972-03-21 - 1990-10-01,54,-122.041,41.7539
417539N1220414W001,678918,1981-10-08T00:00:00Z,4278.89,4278.89,0,62,4216.89,62,62,NA,Unknown,Water level accuracy is unknown,1,Department of Water Resources,NA,1,Department of Water Resources,NA,NA,24044,45N02W11P001M,NA,Unknown,Unknown,NA,NA,Siskiyou,NA,Unknown,Unknown,NA,1972-03-21 - 1990-10-01,54,-122.041,41.7539
417539N1220414W001,678917,1981-03-27T00:00:00Z,4278.89,4278.89,0,59,4219.89,59,59,NA,Unknown,Water level accuracy is unknown,1,Department of Water Resources,NA,1,Department of Water Resources,NA,NA,24044,45N02W11P001M,NA,Unknown,Unknown,NA,NA,Siskiyou,NA,Unknown,Unknown,NA,1972-03-21 - 1990-10-01,54,-122.041,41.7539
417539N1220414W001,678916,1980-10-02T00:00:00Z,4278.89,4278.89,0,54.8,4224.09,54.8,54.8,NA,Unknown,Water level accuracy is unknown,1,Department of Water Resources,NA,1,Department of Water Resources,NA,NA,24044,45N02W11P001M,NA,Unknown,Unknown,NA,NA,Siskiyou,NA,Unknown,Unknown,NA,1972-03-21 - 1990-10-01,54,-122.041,41.7539
417539N1220414W001,678915,1980-03-26T00:00:00Z,4278.89,4278.89,0,46.5,4232.39,46.5,46.5,NA,Unknown,Water level accuracy is unknown,1,Department of Water Resources,NA,1,Department of Water Resources,NA,NA,24044,45N02W11P001M,NA,Unknown,Unknown,NA,NA,Siskiyou,NA,Unknown,Unknown,NA,1972-03-21 - 1990-10-01,54,-122.041,41.7539
417539N1220414W001,678914,1979-10-31T00:00:00Z,4278.89,4278.89,NA,NA,NA,NA,NA,Temporarily inaccessible,NA,NA,1,Department of Water Resources,NA,1,Department of Water Resources,NA,NA,24044,45N02W11P001M,NA,Unknown,Unknown,NA,NA,Siskiyou,NA,Unknown,Unknown,NA,1972-03-21 - 1990-10-01,54,-122.041,41.7539
417539N1220414W001,678913,1979-04-03T00:00:00Z,4278.89,4278.89,0,48.8,4230.09,48.8,48.8,NA,Unknown,Water level accuracy is unknown,1,Department of Water Resources,NA,1,Department of Water Resources,NA,NA,24044,45N02W11P001M,NA,Unknown,Unknown,NA,NA,Siskiyou,NA,Unknown,Unknown,NA,1972-03-21 - 1990-10-01,54,-122.041,41.7539
417539N1220414W001,678912,1978-10-24T00:00:00Z,4278.89,4278.89,0,48,4230.89,48,48,NA,Unknown,Water level accuracy is unknown,1,Department of Water Resources,NA,1,Department of Water Resources,NA,NA,24044,45N02W11P001M,NA,Unknown,Unknown,NA,NA,Siskiyou,NA,Unknown,Unknown,NA,1972-03-21 - 1990-10-01,54,-122.041,41.7539
417539N1220414W001,678911,1978-04-26T00:00:00Z,4278.89,4278.89,0,42.7,4236.19,42.7,42.7,NA,Unknown,Water level accuracy is unknown,1,Department of Water Resources,NA,1,Department of Water Resources,NA,NA,24044,45N02W11P001M,NA,Unknown,Unknown,NA,NA,Siskiyou,NA,Unknown,Unknown,NA,1972-03-21 - 1990-10-01,54,-122.041,41.7539
417539N1220414W001,678910,1978-03-29T00:00:00Z,4278.89,4278.89,0,42.8,4236.09,42.8,42.8,NA,Unknown,Water level accuracy is unknown,1,Department of Water Resources,NA,1,Department of Water Resources,NA,NA,24044,45N02W11P001M,NA,Unknown,Unknown,NA,NA,Siskiyou,NA,Unknown,Unknown,NA,1972-03-21 - 1990-10-01,54,-122.041,41.7539
417539N1220414W001,678909,1977-10-20T00:00:00Z,4278.89,4278.89,0,48.8,4230.09,48.8,48.8,NA,Unknown,Water level accuracy is unknown,1,Department of Water Resources,NA,1,Department of Water Resources,NA,NA,24044,45N02W11P001M,NA,Unknown,Unknown,NA,NA,Siskiyou,NA,Unknown,Unknown,NA,1972-03-21 - 1990-10-01,54,-122.041,41.7539
417539N1220414W001,678908,1977-03-29T00:00:00Z,4278.89,4278.89,0,46,4232.89,46,46,NA,Unknown,Water level accuracy is unknown,1,Department of Water Resources,NA,1,Department of Water Resources,NA,NA,24044,45N02W11P001M,NA,Unknown,Unknown,NA,NA,Siskiyou,NA,Unknown,Unknown,NA,1972-03-21 - 1990-10-01,54,-122.041,41.7539
417539N1220414W001,678907,1976-11-01T00:00:00Z,4278.89,4278.89,0,44,4234.89,44,44,NA,Unknown,Water level accuracy is unknown,1,Department of Water Resources,NA,1,Department of Water Resources,NA,NA,24044,45N02W11P001M,NA,Unknown,Unknown,NA,NA,Siskiyou,NA,Unknown,Unknown,NA,1972-03-21 - 1990-10-01,54,-122.041,41.7539
417539N1220414W001,678906,1976-03-18T00:00:00Z,4278.89,4278.89,NA,NA,NA,NA,NA,Temporarily inaccessible,NA,NA,1,Department of Water Resources,NA,1,Department of Water Resources,NA,NA,24044,45N02W11P001M,NA,Unknown,Unknown,NA,NA,Siskiyou,NA,Unknown,Unknown,NA,1972-03-21 - 1990-10-01,54,-122.041,41.7539
417539N1220414W001,678905,1976-02-10T00:00:00Z,4278.89,4278.89,0,40.5,4238.39,40.5,40.5,NA,Unknown,Water level accuracy is unknown,1,Department of Water Resources,NA,1,Department of Water Resources,NA,NA,24044,45N02W11P001M,NA,Unknown,Unknown,NA,NA,Siskiyou,NA,Unknown,Unknown,NA,1972-03-21 - 1990-10-01,54,-122.041,41.7539
417539N1220414W001,678904,1975-11-05T00:00:00Z,4278.89,4278.89,0,45,4233.89,45,45,NA,Unknown,Water level accuracy is unknown,1,Department of Water Resources,NA,1,Department of Water Resources,NA,NA,24044,45N02W11P001M,NA,Unknown,Unknown,NA,NA,Siskiyou,NA,Unknown,Unknown,NA,1972-03-21 - 1990-10-01,54,-122.041,41.7539
417539N1220414W001,678903,1975-04-17T00:00:00Z,4278.89,4278.89,0,36.5,4242.39,36.5,36.5,NA,Unknown,Water level accuracy is unknown,1,Department of Water Resources,NA,1,Department of Water Resources,NA,NA,24044,45N02W11P001M,NA,Unknown,Unknown,NA,NA,Siskiyou,NA,Unknown,Unknown,NA,1972-03-21 - 1990-10-01,54,-122.041,41.7539
417539N1220414W001,678902,1974-11-06T00:00:00Z,4278.89,4278.89,0,40,4238.89,40,40,NA,Unknown,Water level accuracy is unknown,1,Department of Water Resources,NA,1,Department of Water Resources,NA,NA,24044,45N02W11P001M,NA,Unknown,Unknown,NA,NA,Siskiyou,NA,Unknown,Unknown,NA,1972-03-21 - 1990-10-01,54,-122.041,41.7539
417539N1220414W001,678901,1974-09-11T00:00:00Z,4278.89,4278.89,0,44.6,4234.29,44.6,44.6,NA,Unknown,Water level accuracy is unknown,1,Department of Water Resources,NA,1,Department of Water Resources,NA,NA,24044,45N02W11P001M,NA,Unknown,Unknown,NA,NA,Siskiyou,NA,Unknown,Unknown,NA,1972-03-21 - 1990-10-01,54,-122.041,41.7539
417539N1220414W001,678900,1974-09-03T00:00:00Z,4278.89,4278.89,0,42,4236.89,42,42,NA,Unknown,Water level accuracy is unknown,1,Department of Water Resources,NA,1,Department of Water Resources,NA,NA,24044,45N02W11P001M,NA,Unknown,Unknown,NA,NA,Siskiyou,NA,Unknown,Unknown,NA,1972-03-21 - 1990-10-01,54,-122.041,41.7539
417539N1220414W001,678899,1974-08-26T00:00:00Z,4278.89,4278.89,0,48.6,4230.29,48.6,48.6,NA,Unknown,Water level accuracy is unknown,1,Department of Water Resources,NA,1,Department of Water Resources,NA,NA,24044,45N02W11P001M,NA,Unknown,Unknown,NA,NA,Siskiyou,NA,Unknown,Unknown,NA,1972-03-21 - 1990-10-01,54,-122.041,41.7539
417539N1220414W001,678898,1974-08-19T00:00:00Z,4278.89,4278.89,0,40.6,4238.29,40.6,40.6,NA,Unknown,Water level accuracy is unknown,1,Department of Water Resources,NA,1,Department of Water Resources,NA,NA,24044,45N02W11P001M,NA,Unknown,Unknown,NA,NA,Siskiyou,NA,Unknown,Unknown,NA,1972-03-21 - 1990-10-01,54,-122.041,41.7539
417539N1220414W001,678897,1974-08-12T00:00:00Z,4278.89,4278.89,0,46.7,4232.19,46.7,46.7,NA,Unknown,Water level accuracy is unknown,1,Department of Water Resources,NA,1,Department of Water Resources,NA,NA,24044,45N02W11P001M,NA,Unknown,Unknown,NA,NA,Siskiyou,NA,Unknown,Unknown,NA,1972-03-21 - 1990-10-01,54,-122.041,41.7539
417539N1220414W001,678896,1974-08-05T00:00:00Z,4278.89,4278.89,0,48.5,4230.39,48.5,48.5,NA,Unknown,Water level accuracy is unknown,1,Department of Water Resources,NA,1,Department of Water Resources,NA,NA,24044,45N02W11P001M,NA,Unknown,Unknown,NA,NA,Siskiyou,NA,Unknown,Unknown,NA,1972-03-21 - 1990-10-01,54,-122.041,41.7539
417539N1220414W001,678895,1974-07-29T00:00:00Z,4278.89,4278.89,0,42.9,4235.99,42.9,42.9,NA,Unknown,Water level accuracy is unknown,1,Department of Water Resources,NA,1,Department of Water Resources,NA,NA,24044,45N02W11P001M,NA,Unknown,Unknown,NA,NA,Siskiyou,NA,Unknown,Unknown,NA,1972-03-21 - 1990-10-01,54,-122.041,41.7539
417539N1220414W001,678894,1974-04-11T00:00:00Z,4278.89,4278.89,0,38.7,4240.19,38.7,38.7,NA,Unknown,Water level accuracy is unknown,1,Department of Water Resources,NA,1,Department of Water Resources,NA,NA,24044,45N02W11P001M,NA,Unknown,Unknown,NA,NA,Siskiyou,NA,Unknown,Unknown,NA,1972-03-21 - 1990-10-01,54,-122.041,41.7539
417539N1220414W001,678893,1973-10-10T00:00:00Z,4278.89,4278.89,0,54.8,4224.09,54.8,54.8,NA,Unknown,Water level accuracy is unknown,1,Department of Water Resources,NA,1,Department of Water Resources,NA,NA,24044,45N02W11P001M,NA,Unknown,Unknown,NA,NA,Siskiyou,NA,Unknown,Unknown,NA,1972-03-21 - 1990-10-01,54,-122.041,41.7539
417539N1220414W001,678892,1973-04-19T00:00:00Z,4278.89,4278.89,0,53.7,4225.19,53.7,53.7,NA,Unknown,Water level accuracy is unknown,1,Department of Water Resources,NA,1,Department of Water Resources,NA,NA,24044,45N02W11P001M,NA,Unknown,Unknown,NA,NA,Siskiyou,NA,Unknown,Unknown,NA,1972-03-21 - 1990-10-01,54,-122.041,41.7539
417539N1220414W001,678891,1972-10-03T00:00:00Z,4278.89,4278.89,0,46.1,4232.79,46.1,46.1,NA,Unknown,Water level accuracy is unknown,1,Department of Water Resources,NA,1,Department of Water Resources,NA,NA,24044,45N02W11P001M,NA,Unknown,Unknown,NA,NA,Siskiyou,NA,Unknown,Unknown,NA,1972-03-21 - 1990-10-01,54,-122.041,41.7539
417539N1220414W001,678890,1972-09-19T00:00:00Z,4278.89,4278.89,0,46,4232.89,46,46,NA,Unknown,Water level accuracy is unknown,1,Department of Water Resources,NA,1,Department of Water Resources,NA,NA,24044,45N02W11P001M,NA,Unknown,Unknown,NA,NA,Siskiyou,NA,Unknown,Unknown,NA,1972-03-21 - 1990-10-01,54,-122.041,41.7539
417539N1220414W001,678889,1972-08-21T00:00:00Z,4278.89,4278.89,0,59.9,4218.99,59.9,59.9,NA,Unknown,Water level accuracy is unknown,1,Department of Water Resources,NA,1,Department of Water Resources,NA,NA,24044,45N02W11P001M,NA,Unknown,Unknown,NA,NA,Siskiyou,NA,Unknown,Unknown,NA,1972-03-21 - 1990-10-01,54,-122.041,41.7539
417539N1220414W001,678888,1972-07-10T00:00:00Z,4278.89,4278.89,0,47.4,4231.49,47.4,47.4,NA,Unknown,Water level accuracy is unknown,1,Department of Water Resources,NA,1,Department of Water Resources,NA,NA,24044,45N02W11P001M,NA,Unknown,Unknown,NA,NA,Siskiyou,NA,Unknown,Unknown,NA,1972-03-21 - 1990-10-01,54,-122.041,41.7539
417539N1220414W001,678887,1972-06-13T00:00:00Z,4278.89,4278.89,0,36.7,4242.19,36.7,36.7,NA,Unknown,Water level accuracy is unknown,1,Department of Water Resources,NA,1,Department of Water Resources,NA,NA,24044,45N02W11P001M,NA,Unknown,Unknown,NA,NA,Siskiyou,NA,Unknown,Unknown,NA,1972-03-21 - 1990-10-01,54,-122.041,41.7539
417539N1220414W001,678886,1972-05-11T00:00:00Z,4278.89,4278.89,0,50.1,4228.79,50.1,50.1,NA,Unknown,Water level accuracy is unknown,1,Department of Water Resources,NA,1,Department of Water Resources,NA,NA,24044,45N02W11P001M,NA,Unknown,Unknown,NA,NA,Siskiyou,NA,Unknown,Unknown,NA,1972-03-21 - 1990-10-01,54,-122.041,41.7539
417539N1220414W001,678885,1972-04-26T00:00:00Z,4278.89,4278.89,0,39.5,4239.39,39.5,39.5,NA,Unknown,Water level accuracy is unknown,1,Department of Water Resources,NA,1,Department of Water Resources,NA,NA,24044,45N02W11P001M,NA,Unknown,Unknown,NA,NA,Siskiyou,NA,Unknown,Unknown,NA,1972-03-21 - 1990-10-01,54,-122.041,41.7539
417539N1220414W001,678884,1972-03-30T00:00:00Z,4278.89,4278.89,0,39.4,4239.49,39.4,39.4,NA,Unknown,Water level accuracy is unknown,1,Department of Water Resources,NA,1,Department of Water Resources,NA,NA,24044,45N02W11P001M,NA,Unknown,Unknown,NA,NA,Siskiyou,NA,Unknown,Unknown,NA,1972-03-21 - 1990-10-01,54,-122.041,41.7539
417539N1220414W001,678883,1972-03-21T00:00:00Z,4278.89,4278.89,0,39.2,4239.69,39.2,39.2,NA,Unknown,Water level accuracy is unknown,1,Department of Water Resources,NA,1,Department of Water Resources,NA,NA,24044,45N02W11P001M,NA,Unknown,Unknown,NA,NA,Siskiyou,NA,Unknown,Unknown,NA,1972-03-21 - 1990-10-01,54,-122.041,41.7539
