SITE_CODE,WLM_ID,MSMT_DATE,WLM_RPE,WLM_GSE,RDNG_WS,RDNG_RP,WSE,RPE_WSE,GSE_WSE,WLM_QA_DESC,WLM_DESC,WLM_ACC_DESC,WLM_ORG_ID,WLM_ORG_NAME,MSMT_CMT,COOP_AGENCY_ORG_ID,COOP_ORG_NAME,TOP_PRF,BOT_PRF,STN_ID,SWN,WELL_NAME,WLM_METHOD,WLM_ACC,BASIN_CODE,BASIN_NAME,COUNTY_NAME,WELL_DEPTH,WELL_USE,WELL_TYPE,WCR_NO,t_range,n_samples,season,fall_high,fall_low,spring_high,spring_low,water_year,Oct.Mar,Apr.Jul,WYsum,Index,water_year_type,region,water_year_start,water_year_end,X,Y
417660N1224811W001,2619100,2020-04-10T12:00:00Z,2615.1,2614.9,4.4,129,2490.5,124.6,124.4,NA,Steel tape measurement,Water level accuracy to nearest tenth of a foot,1,Department of Water Resources,NA,1,Department of Water Resources,33,84,37001,45N06W12G001M,SV01,Digital Elevation Model,Unknown,1-004,Shasta Valley,Siskiyou,150,Residential,Single Well,112928,1990-07-20 00:00:00 - 2020-04-10 12:00:00,71,spring,NA,NA,3.9,124.4,2020,NA,NA,NA,NA,NA,NA,2019-10-01T00:00:00Z,2020-10-01T00:00:00Z,-122.481,41.766
417660N1224811W001,2553027,2020-03-26T00:00:00Z,2615.1,2614.9,0,14.7,2600.4,14.7,14.5,NA,Other,Water level accuracy to nearest tenth of a foot,5109,Siskiyou County Natural Resource Department,Continuous equipment,5109,Siskiyou County Natural Resource Department,33,84,37001,45N06W12G001M,SV01,Digital Elevation Model,Unknown,1-004,Shasta Valley,Siskiyou,150,Residential,Single Well,112928,1990-07-20 00:00:00 - 2020-04-10 12:00:00,71,spring,NA,NA,3.9,124.4,2020,NA,NA,NA,NA,NA,NA,2019-10-01T00:00:00Z,2020-10-01T00:00:00Z,-122.481,41.766
417660N1224811W001,2486968,2019-10-28T00:00:00Z,2615.1,2614.9,0,14.88,2600.22,14.88,14.68,NA,Electronic pressure transducer,Water level accuracy to nearest tenth of a foot,5109,Siskiyou County Natural Resource Department,NA,5109,Siskiyou County Natural Resource Department,33,84,37001,45N06W12G001M,SV01,Digital Elevation Model,Unknown,1-004,Shasta Valley,Siskiyou,150,Residential,Single Well,112928,1990-07-20 00:00:00 - 2020-04-10 12:00:00,71,fall,6.4,32.9,NA,NA,2020,NA,NA,NA,NA,NA,NA,2019-10-01T00:00:00Z,2020-10-01T00:00:00Z,-122.481,41.766
417660N1224811W001,2480407,2019-10-25T12:00:00Z,2615.1,2614.9,15.9,40,2591,24.1,23.9,NA,Steel tape measurement,Water level accuracy to nearest tenth of a foot,1,Department of Water Resources,NA,1,Department of Water Resources,33,84,37001,45N06W12G001M,SV01,Digital Elevation Model,Unknown,1-004,Shasta Valley,Siskiyou,150,Residential,Single Well,112928,1990-07-20 00:00:00 - 2020-04-10 12:00:00,71,fall,6.4,32.9,NA,NA,2020,NA,NA,NA,NA,NA,NA,2019-10-01T00:00:00Z,2020-10-01T00:00:00Z,-122.481,41.766
417660N1224811W001,2452864,2019-04-03T12:00:00Z,2615.1,2614.9,10.6,25,2600.7,14.4,14.2,NA,Steel tape measurement,Water level accuracy to nearest tenth of a foot,1,Department of Water Resources,NA,1,Department of Water Resources,33,84,37001,45N06W12G001M,SV01,Digital Elevation Model,Unknown,1-004,Shasta Valley,Siskiyou,150,Residential,Single Well,112928,1990-07-20 00:00:00 - 2020-04-10 12:00:00,71,spring,NA,NA,3.9,124.4,2019,13.11,10.66,24.77,10.34,Wet,SAC,2018-10-01T00:00:00Z,2019-10-01T00:00:00Z,-122.481,41.766
417660N1224811W001,2467898,2019-04-01T00:00:00Z,2615.1,2614.9,0,21.55,2593.55,21.55,21.35,NA,Steel tape measurement,Water level accuracy to nearest tenth of a foot,5109,Siskiyou County Natural Resource Department,Date is incorrect. Should be 5/1/19,5109,Siskiyou County Natural Resource Department,33,84,37001,45N06W12G001M,SV01,Digital Elevation Model,Unknown,1-004,Shasta Valley,Siskiyou,150,Residential,Single Well,112928,1990-07-20 00:00:00 - 2020-04-10 12:00:00,71,spring,NA,NA,3.9,124.4,2019,13.11,10.66,24.77,10.34,Wet,SAC,2018-10-01T00:00:00Z,2019-10-01T00:00:00Z,-122.481,41.766
417660N1224811W001,2414133,2018-10-24T00:00:00Z,2615.1,2614.9,0,28.8,2586.3,28.8,28.6,NA,Acoustic or sonic sounder,Water level accuracy to nearest tenth of a foot,5109,Siskiyou County Natural Resource Department,NA,5109,Siskiyou County Natural Resource Department,33,84,37001,45N06W12G001M,SV01,Digital Elevation Model,Unknown,1-004,Shasta Valley,Siskiyou,150,Residential,Single Well,112928,1990-07-20 00:00:00 - 2020-04-10 12:00:00,71,fall,6.4,32.9,NA,NA,2019,13.11,10.66,24.77,10.34,Wet,SAC,2018-10-01T00:00:00Z,2019-10-01T00:00:00Z,-122.481,41.766
417660N1224811W001,2413606,2018-10-22T12:00:00Z,2615.1,2614.9,16.9,50,2582,33.1,32.9,NA,Steel tape measurement,Water level accuracy to nearest tenth of a foot,1,Department of Water Resources,NA,1,Department of Water Resources,33,84,37001,45N06W12G001M,SV01,Digital Elevation Model,Unknown,1-004,Shasta Valley,Siskiyou,150,Residential,Single Well,112928,1990-07-20 00:00:00 - 2020-04-10 12:00:00,71,fall,6.4,32.9,NA,NA,2019,13.11,10.66,24.77,10.34,Wet,SAC,2018-10-01T00:00:00Z,2019-10-01T00:00:00Z,-122.481,41.766
417660N1224811W001,2286544,2018-03-28T12:00:00Z,2615.1,2614.9,11.8,25,2601.9,13.2,13,NA,Steel tape measurement,Water level accuracy to nearest tenth of a foot,1,Department of Water Resources,NA,1,Department of Water Resources,33,84,37001,45N06W12G001M,SV01,Digital Elevation Model,Unknown,1-004,Shasta Valley,Siskiyou,150,Residential,Single Well,112928,1990-07-20 00:00:00 - 2020-04-10 12:00:00,71,spring,NA,NA,3.9,124.4,2018,7.09,5.05,12.86,7.14,Below Normal,SAC,2017-10-01T00:00:00Z,2018-10-01T00:00:00Z,-122.481,41.766
417660N1224811W001,2294919,2018-03-24T15:00:00Z,2615.1,2614.9,0,19.75,2595.35,19.75,19.55,NA,Acoustic or sonic sounder,Water level accuracy is unknown,5109,Siskiyou County Natural Resource Department,NA,5109,Siskiyou County Natural Resource Department,33,84,37001,45N06W12G001M,SV01,Digital Elevation Model,Unknown,1-004,Shasta Valley,Siskiyou,150,Residential,Single Well,112928,1990-07-20 00:00:00 - 2020-04-10 12:00:00,71,spring,NA,NA,3.9,124.4,2018,7.09,5.05,12.86,7.14,Below Normal,SAC,2017-10-01T00:00:00Z,2018-10-01T00:00:00Z,-122.481,41.766
417660N1224811W001,2266749,2017-10-18T12:00:00Z,2615.1,2614.9,13.3,35,2593.4,21.7,21.5,NA,Steel tape measurement,Water level accuracy to nearest tenth of a foot,1,Department of Water Resources,NA,1,Department of Water Resources,33,84,37001,45N06W12G001M,SV01,Digital Elevation Model,Unknown,1-004,Shasta Valley,Siskiyou,150,Residential,Single Well,112928,1990-07-20 00:00:00 - 2020-04-10 12:00:00,71,fall,6.4,32.9,NA,NA,2018,7.09,5.05,12.86,7.14,Below Normal,SAC,2017-10-01T00:00:00Z,2018-10-01T00:00:00Z,-122.481,41.766
417660N1224811W001,2268205,2017-10-17T12:30:00Z,2615.1,2614.9,0,24.41,2590.69,24.41,24.21,NA,Steel tape measurement,Water level accuracy to nearest tenth of a foot,5109,Siskiyou County Natural Resource Department,NA,5109,Siskiyou County Natural Resource Department,33,84,37001,45N06W12G001M,SV01,Digital Elevation Model,Unknown,1-004,Shasta Valley,Siskiyou,150,Residential,Single Well,112928,1990-07-20 00:00:00 - 2020-04-10 12:00:00,71,fall,6.4,32.9,NA,NA,2018,7.09,5.05,12.86,7.14,Below Normal,SAC,2017-10-01T00:00:00Z,2018-10-01T00:00:00Z,-122.481,41.766
417660N1224811W001,2235234,2017-03-23T12:30:00Z,2615.1,2614.9,0,24.34,2590.76,24.34,24.14,NA,Acoustic or sonic sounder,Water level accuracy is unknown,5109,Siskiyou County Natural Resource Department,NA,5109,Siskiyou County Natural Resource Department,33,84,37001,45N06W12G001M,SV01,Digital Elevation Model,Unknown,1-004,Shasta Valley,Siskiyou,150,Residential,Single Well,112928,1990-07-20 00:00:00 - 2020-04-10 12:00:00,71,spring,NA,NA,3.9,124.4,2017,26.17,10.69,37.82,14.14,Wet,SAC,2016-10-01T00:00:00Z,2017-10-01T00:00:00Z,-122.481,41.766
417660N1224811W001,2241479,2017-03-22T12:00:00Z,2615.1,2614.9,8,20,2603.1,12,11.8,NA,Steel tape measurement,Water level accuracy to nearest tenth of a foot,1,Department of Water Resources,NA,1,Department of Water Resources,33,84,37001,45N06W12G001M,SV01,Digital Elevation Model,Unknown,1-004,Shasta Valley,Siskiyou,150,Residential,Single Well,112928,1990-07-20 00:00:00 - 2020-04-10 12:00:00,71,spring,NA,NA,3.9,124.4,2017,26.17,10.69,37.82,14.14,Wet,SAC,2016-10-01T00:00:00Z,2017-10-01T00:00:00Z,-122.481,41.766
417660N1224811W001,2214940,2016-10-20T12:00:00Z,2615.1,2614.9,8.8,33,2590.9,24.2,24,NA,Steel tape measurement,Water level accuracy to nearest tenth of a foot,1,Department of Water Resources,NA,1,Department of Water Resources,33,84,37001,45N06W12G001M,SV01,Digital Elevation Model,Unknown,1-004,Shasta Valley,Siskiyou,150,Residential,Single Well,112928,1990-07-20 00:00:00 - 2020-04-10 12:00:00,71,fall,6.4,32.9,NA,NA,2017,26.17,10.69,37.82,14.14,Wet,SAC,2016-10-01T00:00:00Z,2017-10-01T00:00:00Z,-122.481,41.766
417660N1224811W001,2213830,2016-10-19T10:15:00Z,2615.1,2614.9,0,30.87,2584.23,30.87,30.67,NA,Acoustic or sonic sounder,Water level accuracy is unknown,5109,Siskiyou County Natural Resource Department,NA,5109,Siskiyou County Natural Resource Department,33,84,37001,45N06W12G001M,SV01,Digital Elevation Model,Unknown,1-004,Shasta Valley,Siskiyou,150,Residential,Single Well,112928,1990-07-20 00:00:00 - 2020-04-10 12:00:00,71,fall,6.4,32.9,NA,NA,2017,26.17,10.69,37.82,14.14,Wet,SAC,2016-10-01T00:00:00Z,2017-10-01T00:00:00Z,-122.481,41.766
417660N1224811W001,2196617,2016-04-28T10:50:00Z,2615.1,2614.9,0,27.02,2588.08,27.02,26.82,NA,Electric sounder measurement,Water level accuracy to nearest tenth of a foot,5109,Siskiyou County Natural Resource Department,NA,5109,Siskiyou County Natural Resource Department,33,84,37001,45N06W12G001M,SV01,Digital Elevation Model,Unknown,1-004,Shasta Valley,Siskiyou,150,Residential,Single Well,112928,1990-07-20 00:00:00 - 2020-04-10 12:00:00,71,spring,NA,NA,3.9,124.4,2016,12.24,4.6,17.48,6.71,Below Normal,SAC,2015-10-01T00:00:00Z,2016-10-01T00:00:00Z,-122.481,41.766
417660N1224811W001,2189527,2016-04-06T00:00:00Z,2615.1,2614.9,18.4,32,2601.5,13.6,13.4,NA,Steel tape measurement,Water level accuracy to nearest tenth of a foot,1,Department of Water Resources,NA,1,Department of Water Resources,33,84,37001,45N06W12G001M,SV01,Digital Elevation Model,Unknown,1-004,Shasta Valley,Siskiyou,150,Residential,Single Well,112928,1990-07-20 00:00:00 - 2020-04-10 12:00:00,71,spring,NA,NA,3.9,124.4,2016,12.24,4.6,17.48,6.71,Below Normal,SAC,2015-10-01T00:00:00Z,2016-10-01T00:00:00Z,-122.481,41.766
417660N1224811W001,2157223,2015-10-21T10:15:00Z,2615.1,2614.9,0,25.32,2589.78,25.32,25.12,NA,Acoustic or sonic sounder,Water level accuracy to nearest hundredth of a foot,5109,Siskiyou County Natural Resource Department,NA,5109,Siskiyou County Natural Resource Department,33,84,37001,45N06W12G001M,SV01,Digital Elevation Model,Unknown,1-004,Shasta Valley,Siskiyou,150,Residential,Single Well,112928,1990-07-20 00:00:00 - 2020-04-10 12:00:00,71,fall,6.4,32.9,NA,NA,2016,12.24,4.6,17.48,6.71,Below Normal,SAC,2015-10-01T00:00:00Z,2016-10-01T00:00:00Z,-122.481,41.766
417660N1224811W001,2165296,2015-10-20T00:00:00Z,2615.1,2614.9,28.3,55,2588.4,26.7,26.5,NA,Steel tape measurement,Water level accuracy to nearest tenth of a foot,1,Department of Water Resources,NA,1,Department of Water Resources,33,84,37001,45N06W12G001M,SV01,Digital Elevation Model,Unknown,1-004,Shasta Valley,Siskiyou,150,Residential,Single Well,112928,1990-07-20 00:00:00 - 2020-04-10 12:00:00,71,fall,6.4,32.9,NA,NA,2016,12.24,4.6,17.48,6.71,Below Normal,SAC,2015-10-01T00:00:00Z,2016-10-01T00:00:00Z,-122.481,41.766
417660N1224811W001,2189791,2015-04-02T00:00:00Z,2615.1,2614.9,1.1,45,2571.2,43.9,43.7,NA,Steel tape measurement,Water level accuracy to nearest tenth of a foot,1,Department of Water Resources,NA,1,Department of Water Resources,33,84,37001,45N06W12G001M,SV01,Digital Elevation Model,Unknown,1-004,Shasta Valley,Siskiyou,150,Residential,Single Well,112928,1990-07-20 00:00:00 - 2020-04-10 12:00:00,71,spring,NA,NA,3.9,124.4,2015,6.91,1.77,9.23,4,Critical,SAC,2014-10-01T00:00:00Z,2015-10-01T00:00:00Z,-122.481,41.766
417660N1224811W001,2135870,2015-03-26T14:20:00Z,2615.1,2614.9,0,43.06,2572.04,43.06,42.86,NA,Acoustic or sonic sounder,Water level accuracy to nearest hundredth of a foot,5109,Siskiyou County Natural Resource Department,NA,5109,Siskiyou County Natural Resource Department,33,84,37001,45N06W12G001M,SV01,Digital Elevation Model,Unknown,1-004,Shasta Valley,Siskiyou,150,Residential,Single Well,112928,1990-07-20 00:00:00 - 2020-04-10 12:00:00,71,spring,NA,NA,3.9,124.4,2015,6.91,1.77,9.23,4,Critical,SAC,2014-10-01T00:00:00Z,2015-10-01T00:00:00Z,-122.481,41.766
417660N1224811W001,2029968,2014-10-29T00:00:00Z,2615.1,2614.9,0,30.24,2584.86,30.24,30.04,NA,Electric sounder measurement,Water level accuracy to nearest hundredth of a foot,1,Department of Water Resources,NA,1,Department of Water Resources,33,84,37001,45N06W12G001M,SV01,Digital Elevation Model,Unknown,1-004,Shasta Valley,Siskiyou,150,Residential,Single Well,112928,1990-07-20 00:00:00 - 2020-04-10 12:00:00,71,fall,6.4,32.9,NA,NA,2015,6.91,1.77,9.23,4,Critical,SAC,2014-10-01T00:00:00Z,2015-10-01T00:00:00Z,-122.481,41.766
417660N1224811W001,2029298,2014-10-15T00:00:00Z,2615.1,2614.9,NA,NA,NA,NA,NA,Can't get tape in casing,NA,NA,5109,Siskiyou County Natural Resource Department,NA,5109,Siskiyou County Natural Resource Department,33,84,37001,45N06W12G001M,SV01,Digital Elevation Model,Unknown,1-004,Shasta Valley,Siskiyou,150,Residential,Single Well,112928,1990-07-20 00:00:00 - 2020-04-10 12:00:00,71,fall,6.4,32.9,NA,NA,2015,6.91,1.77,9.23,4,Critical,SAC,2014-10-01T00:00:00Z,2015-10-01T00:00:00Z,-122.481,41.766
417660N1224811W001,1883528,2014-03-27T14:50:00Z,2615.1,2614.9,0,15,2600.1,15,14.8,NA,Electric sounder measurement,Water level accuracy to nearest hundredth of a foot,5109,Siskiyou County Natural Resource Department,NA,5109,Siskiyou County Natural Resource Department,33,84,37001,45N06W12G001M,SV01,Digital Elevation Model,Unknown,1-004,Shasta Valley,Siskiyou,150,Residential,Single Well,112928,1990-07-20 00:00:00 - 2020-04-10 12:00:00,71,spring,NA,NA,3.9,124.4,2014,4.29,2.59,7.46,4.07,Critical,SAC,2013-10-01T00:00:00Z,2014-10-01T00:00:00Z,-122.481,41.766
417660N1224811W001,1884054,2014-03-24T00:00:00Z,2615.1,2614.9,0,18.3,2596.8,18.3,18.1,NA,Electric sounder measurement,Water level accuracy to nearest tenth of a foot,1,Department of Water Resources,NA,1,Department of Water Resources,33,84,37001,45N06W12G001M,SV01,Digital Elevation Model,Unknown,1-004,Shasta Valley,Siskiyou,150,Residential,Single Well,112928,1990-07-20 00:00:00 - 2020-04-10 12:00:00,71,spring,NA,NA,3.9,124.4,2014,4.29,2.59,7.46,4.07,Critical,SAC,2013-10-01T00:00:00Z,2014-10-01T00:00:00Z,-122.481,41.766
417660N1224811W001,1797160,2013-10-24T00:00:00Z,2615.1,2614.9,7,20,2602.1,13,12.8,NA,Steel tape measurement,Water level accuracy to nearest tenth of a foot,1,Department of Water Resources,NA,1,Department of Water Resources,33,84,37001,45N06W12G001M,SV01,Digital Elevation Model,Unknown,1-004,Shasta Valley,Siskiyou,150,Residential,Single Well,112928,1990-07-20 00:00:00 - 2020-04-10 12:00:00,71,fall,6.4,32.9,NA,NA,2014,4.29,2.59,7.46,4.07,Critical,SAC,2013-10-01T00:00:00Z,2014-10-01T00:00:00Z,-122.481,41.766
417660N1224811W001,1796989,2013-10-23T15:25:00Z,2615.1,2614.9,0,14.313,2600.79,14.313,14.113,NA,Electric sounder measurement,Water level accuracy to nearest hundredth of a foot,5109,Siskiyou County Natural Resource Department,Measurement in feet.,5109,Siskiyou County Natural Resource Department,33,84,37001,45N06W12G001M,SV01,Digital Elevation Model,Unknown,1-004,Shasta Valley,Siskiyou,150,Residential,Single Well,112928,1990-07-20 00:00:00 - 2020-04-10 12:00:00,71,fall,6.4,32.9,NA,NA,2014,4.29,2.59,7.46,4.07,Critical,SAC,2013-10-01T00:00:00Z,2014-10-01T00:00:00Z,-122.481,41.766
417660N1224811W001,1703356,2013-04-11T15:15:00Z,2615.1,2614.9,0,11.396,2603.7,11.396,11.196,NA,Electric sounder measurement,Water level accuracy to nearest hundredth of a foot,5109,Siskiyou County Natural Resource Department,Measurement in Feet.,5109,Siskiyou County Natural Resource Department,33,84,37001,45N06W12G001M,SV01,Digital Elevation Model,Unknown,1-004,Shasta Valley,Siskiyou,150,Residential,Single Well,112928,1990-07-20 00:00:00 - 2020-04-10 12:00:00,71,spring,NA,NA,3.9,124.4,2013,8.52,3.01,12.19,5.83,Dry,SAC,2012-10-01T00:00:00Z,2013-10-01T00:00:00Z,-122.481,41.766
417660N1224811W001,1684669,2013-03-25T00:00:00Z,2615.1,2614.9,8.5,50,2573.6,41.5,41.3,Other,Steel tape measurement,Water level accuracy to nearest tenth of a foot,1,Department of Water Resources,edited to a QM - potentially nearby pumping,1,Department of Water Resources,33,84,37001,45N06W12G001M,SV01,Digital Elevation Model,Unknown,1-004,Shasta Valley,Siskiyou,150,Residential,Single Well,112928,1990-07-20 00:00:00 - 2020-04-10 12:00:00,71,spring,NA,NA,3.9,124.4,2013,8.52,3.01,12.19,5.83,Dry,SAC,2012-10-01T00:00:00Z,2013-10-01T00:00:00Z,-122.481,41.766
417660N1224811W001,69700,2012-10-26T00:00:00Z,2615.1,2614.9,3.9,16,2603,12.1,11.9,NA,Steel tape measurement,Water level accuracy to nearest tenth of a foot,1,Department of Water Resources,NA,1,Department of Water Resources,33,84,37001,45N06W12G001M,SV01,Digital Elevation Model,Unknown,1-004,Shasta Valley,Siskiyou,150,Residential,Single Well,112928,1990-07-20 00:00:00 - 2020-04-10 12:00:00,71,fall,6.4,32.9,NA,NA,2013,8.52,3.01,12.19,5.83,Dry,SAC,2012-10-01T00:00:00Z,2013-10-01T00:00:00Z,-122.481,41.766
417660N1224811W001,59890,2012-04-18T00:00:00Z,2615.1,2614.9,-0.4,12,2602.7,12.4,12.2,NA,Electric sounder measurement,Water level accuracy to nearest hundredth of a foot,1,Department of Water Resources,NA,1,Department of Water Resources,33,84,37001,45N06W12G001M,SV01,Digital Elevation Model,Unknown,1-004,Shasta Valley,Siskiyou,150,Residential,Single Well,112928,1990-07-20 00:00:00 - 2020-04-10 12:00:00,71,spring,NA,NA,3.9,124.4,2012,5.69,5.46,11.84,6.89,Below Normal,SAC,2011-10-01T00:00:00Z,2012-10-01T00:00:00Z,-122.481,41.766
417660N1224811W001,39868,2011-10-20T00:00:00Z,2615.1,2614.9,NA,NA,NA,NA,NA,Can't get tape in casing,NA,NA,1,Department of Water Resources,NA,1,Department of Water Resources,33,84,37001,45N06W12G001M,SV01,Digital Elevation Model,Unknown,1-004,Shasta Valley,Siskiyou,150,Residential,Single Well,112928,1990-07-20 00:00:00 - 2020-04-10 12:00:00,71,fall,6.4,32.9,NA,NA,2012,5.69,5.46,11.84,6.89,Below Normal,SAC,2011-10-01T00:00:00Z,2012-10-01T00:00:00Z,-122.481,41.766
417660N1224811W001,679208,2011-04-27T00:00:00Z,2615.1,2614.9,0,10.6,2604.5,10.6,10.4,NA,Unknown,Water level accuracy is unknown,1,Department of Water Resources,NA,1,Department of Water Resources,33,84,37001,45N06W12G001M,SV01,Digital Elevation Model,Unknown,1-004,Shasta Valley,Siskiyou,150,Residential,Single Well,112928,1990-07-20 00:00:00 - 2020-04-10 12:00:00,71,spring,NA,NA,3.9,124.4,2011,12.68,11.53,25.21,10.54,Wet,SAC,2010-10-01T00:00:00Z,2011-10-01T00:00:00Z,-122.481,41.766
417660N1224811W001,679207,2008-03-28T00:00:00Z,2615.1,2614.9,NA,NA,NA,NA,NA,Measurement Discontinued,NA,NA,1,Department of Water Resources,NA,1,Department of Water Resources,33,84,37001,45N06W12G001M,SV01,Digital Elevation Model,Unknown,1-004,Shasta Valley,Siskiyou,150,Residential,Single Well,112928,1990-07-20 00:00:00 - 2020-04-10 12:00:00,71,spring,NA,NA,3.9,124.4,2008,5.9,3.82,10.28,5.16,Critical,SAC,2007-10-01T00:00:00Z,2008-10-01T00:00:00Z,-122.481,41.766
417660N1224811W001,679206,2007-10-23T00:00:00Z,2615.1,2614.9,NA,NA,NA,NA,NA,Measurement Discontinued,NA,NA,1,Department of Water Resources,NA,1,Department of Water Resources,33,84,37001,45N06W12G001M,SV01,Digital Elevation Model,Unknown,1-004,Shasta Valley,Siskiyou,150,Residential,Single Well,112928,1990-07-20 00:00:00 - 2020-04-10 12:00:00,71,fall,6.4,32.9,NA,NA,2008,5.9,3.82,10.28,5.16,Critical,SAC,2007-10-01T00:00:00Z,2008-10-01T00:00:00Z,-122.481,41.766
417660N1224811W001,679205,2007-03-27T00:00:00Z,2615.1,2614.9,NA,NA,NA,NA,NA,Measurement Discontinued,NA,NA,1,Department of Water Resources,NA,1,Department of Water Resources,33,84,37001,45N06W12G001M,SV01,Digital Elevation Model,Unknown,1-004,Shasta Valley,Siskiyou,150,Residential,Single Well,112928,1990-07-20 00:00:00 - 2020-04-10 12:00:00,71,spring,NA,NA,3.9,124.4,2007,6.59,3.04,10.28,6.19,Dry,SAC,2006-10-01T00:00:00Z,2007-10-01T00:00:00Z,-122.481,41.766
417660N1224811W001,679204,2006-10-16T00:00:00Z,2615.1,2614.9,NA,NA,NA,NA,NA,Measurement Discontinued,NA,NA,1,Department of Water Resources,NA,1,Department of Water Resources,33,84,37001,45N06W12G001M,SV01,Digital Elevation Model,Unknown,1-004,Shasta Valley,Siskiyou,150,Residential,Single Well,112928,1990-07-20 00:00:00 - 2020-04-10 12:00:00,71,fall,6.4,32.9,NA,NA,2007,6.59,3.04,10.28,6.19,Dry,SAC,2006-10-01T00:00:00Z,2007-10-01T00:00:00Z,-122.481,41.766
417660N1224811W001,679203,2006-04-20T00:00:00Z,2615.1,2614.9,NA,NA,NA,NA,NA,Measurement Discontinued,NA,NA,1,Department of Water Resources,NA,1,Department of Water Resources,33,84,37001,45N06W12G001M,SV01,Digital Elevation Model,Unknown,1-004,Shasta Valley,Siskiyou,150,Residential,Single Well,112928,1990-07-20 00:00:00 - 2020-04-10 12:00:00,71,spring,NA,NA,3.9,124.4,2006,18.06,13.09,32.09,13.2,Wet,SAC,2005-10-01T00:00:00Z,2006-10-01T00:00:00Z,-122.481,41.766
417660N1224811W001,679202,2005-10-14T00:00:00Z,2615.1,2614.9,NA,NA,NA,NA,NA,Pumping,NA,NA,1,Department of Water Resources,NA,1,Department of Water Resources,33,84,37001,45N06W12G001M,SV01,Digital Elevation Model,Unknown,1-004,Shasta Valley,Siskiyou,150,Residential,Single Well,112928,1990-07-20 00:00:00 - 2020-04-10 12:00:00,71,fall,6.4,32.9,NA,NA,2006,18.06,13.09,32.09,13.2,Wet,SAC,2005-10-01T00:00:00Z,2006-10-01T00:00:00Z,-122.481,41.766
417660N1224811W001,679201,2005-03-30T00:00:00Z,2615.1,2614.9,NA,NA,NA,NA,NA,Measurement Discontinued,NA,NA,1,Department of Water Resources,NA,1,Department of Water Resources,33,84,37001,45N06W12G001M,SV01,Digital Elevation Model,Unknown,1-004,Shasta Valley,Siskiyou,150,Residential,Single Well,112928,1990-07-20 00:00:00 - 2020-04-10 12:00:00,71,spring,NA,NA,3.9,124.4,2005,8.4,9.28,18.55,8.49,Above Normal,SAC,2004-10-01T00:00:00Z,2005-10-01T00:00:00Z,-122.481,41.766
417660N1224811W001,679200,2004-10-29T00:00:00Z,2615.1,2614.9,0,10.8,2604.3,10.8,10.6,NA,Unknown,Water level accuracy is unknown,1,Department of Water Resources,NA,1,Department of Water Resources,33,84,37001,45N06W12G001M,SV01,Digital Elevation Model,Unknown,1-004,Shasta Valley,Siskiyou,150,Residential,Single Well,112928,1990-07-20 00:00:00 - 2020-04-10 12:00:00,71,fall,6.4,32.9,NA,NA,2005,8.4,9.28,18.55,8.49,Above Normal,SAC,2004-10-01T00:00:00Z,2005-10-01T00:00:00Z,-122.481,41.766
417660N1224811W001,679199,2004-03-29T00:00:00Z,2615.1,2614.9,0,10.4,2604.7,10.4,10.2,NA,Unknown,Water level accuracy is unknown,1,Department of Water Resources,NA,1,Department of Water Resources,33,84,37001,45N06W12G001M,SV01,Digital Elevation Model,Unknown,1-004,Shasta Valley,Siskiyou,150,Residential,Single Well,112928,1990-07-20 00:00:00 - 2020-04-10 12:00:00,71,spring,NA,NA,3.9,124.4,2004,10.95,4.4,16.04,7.51,Below Normal,SAC,2003-10-01T00:00:00Z,2004-10-01T00:00:00Z,-122.481,41.766
417660N1224811W001,679198,2003-10-07T00:00:00Z,2615.1,2614.9,0,11.3,2603.8,11.3,11.1,NA,Unknown,Water level accuracy is unknown,1,Department of Water Resources,NA,1,Department of Water Resources,33,84,37001,45N06W12G001M,SV01,Digital Elevation Model,Unknown,1-004,Shasta Valley,Siskiyou,150,Residential,Single Well,112928,1990-07-20 00:00:00 - 2020-04-10 12:00:00,71,fall,6.4,32.9,NA,NA,2004,10.95,4.4,16.04,7.51,Below Normal,SAC,2003-10-01T00:00:00Z,2004-10-01T00:00:00Z,-122.481,41.766
417660N1224811W001,679197,2003-03-24T00:00:00Z,2615.1,2614.9,NA,NA,NA,NA,NA,Temporarily inaccessible,NA,NA,1,Department of Water Resources,NA,1,Department of Water Resources,33,84,37001,45N06W12G001M,SV01,Digital Elevation Model,Unknown,1-004,Shasta Valley,Siskiyou,150,Residential,Single Well,112928,1990-07-20 00:00:00 - 2020-04-10 12:00:00,71,spring,NA,NA,3.9,124.4,2003,10.71,7.74,19.31,8.21,Above Normal,SAC,2002-10-01T00:00:00Z,2003-10-01T00:00:00Z,-122.481,41.766
417660N1224811W001,679196,2002-10-10T00:00:00Z,2615.1,2614.9,0,13.8,2601.3,13.8,13.6,NA,Unknown,Water level accuracy is unknown,1,Department of Water Resources,NA,1,Department of Water Resources,33,84,37001,45N06W12G001M,SV01,Digital Elevation Model,Unknown,1-004,Shasta Valley,Siskiyou,150,Residential,Single Well,112928,1990-07-20 00:00:00 - 2020-04-10 12:00:00,71,fall,6.4,32.9,NA,NA,2003,10.71,7.74,19.31,8.21,Above Normal,SAC,2002-10-01T00:00:00Z,2003-10-01T00:00:00Z,-122.481,41.766
417660N1224811W001,679195,2002-03-27T00:00:00Z,2615.1,2614.9,NA,NA,NA,NA,NA,Temporarily inaccessible,NA,NA,1,Department of Water Resources,NA,1,Department of Water Resources,33,84,37001,45N06W12G001M,SV01,Digital Elevation Model,Unknown,1-004,Shasta Valley,Siskiyou,150,Residential,Single Well,112928,1990-07-20 00:00:00 - 2020-04-10 12:00:00,71,spring,NA,NA,3.9,124.4,2002,9.32,4.57,14.6,6.35,Dry,SAC,2001-10-01T00:00:00Z,2002-10-01T00:00:00Z,-122.481,41.766
417660N1224811W001,679194,2001-10-25T00:00:00Z,2615.1,2614.9,0,8.9,2606.2,8.9,8.7,NA,Unknown,Water level accuracy is unknown,1,Department of Water Resources,NA,1,Department of Water Resources,33,84,37001,45N06W12G001M,SV01,Digital Elevation Model,Unknown,1-004,Shasta Valley,Siskiyou,150,Residential,Single Well,112928,1990-07-20 00:00:00 - 2020-04-10 12:00:00,71,fall,6.4,32.9,NA,NA,2002,9.32,4.57,14.6,6.35,Dry,SAC,2001-10-01T00:00:00Z,2002-10-01T00:00:00Z,-122.481,41.766
417660N1224811W001,679193,2001-04-02T00:00:00Z,2615.1,2614.9,0,6.8,2608.3,6.8,6.6,NA,Unknown,Water level accuracy is unknown,1,Department of Water Resources,NA,1,Department of Water Resources,33,84,37001,45N06W12G001M,SV01,Digital Elevation Model,Unknown,1-004,Shasta Valley,Siskiyou,150,Residential,Single Well,112928,1990-07-20 00:00:00 - 2020-04-10 12:00:00,71,spring,NA,NA,3.9,124.4,2001,5.64,3.46,9.81,5.76,Dry,SAC,2000-10-01T00:00:00Z,2001-10-01T00:00:00Z,-122.481,41.766
417660N1224811W001,679192,2000-10-09T00:00:00Z,2615.1,2614.9,0,6.6,2608.5,6.6,6.4,NA,Unknown,Water level accuracy is unknown,1,Department of Water Resources,NA,1,Department of Water Resources,33,84,37001,45N06W12G001M,SV01,Digital Elevation Model,Unknown,1-004,Shasta Valley,Siskiyou,150,Residential,Single Well,112928,1990-07-20 00:00:00 - 2020-04-10 12:00:00,71,fall,6.4,32.9,NA,NA,2001,5.64,3.46,9.81,5.76,Dry,SAC,2000-10-01T00:00:00Z,2001-10-01T00:00:00Z,-122.481,41.766
417660N1224811W001,679191,2000-03-22T00:00:00Z,2615.1,2614.9,0,5.1,2610,5.1,4.9,NA,Unknown,Water level accuracy is unknown,1,Department of Water Resources,NA,1,Department of Water Resources,33,84,37001,45N06W12G001M,SV01,Digital Elevation Model,Unknown,1-004,Shasta Valley,Siskiyou,150,Residential,Single Well,112928,1990-07-20 00:00:00 - 2020-04-10 12:00:00,71,spring,NA,NA,3.9,124.4,2000,12.06,5.96,18.9,8.94,Above Normal,SAC,1999-10-01T00:00:00Z,2000-10-01T00:00:00Z,-122.481,41.766
417660N1224811W001,679189,1999-10-25T00:00:00Z,2615.1,2614.9,0,6.7,2608.4,6.7,6.5,NA,Unknown,Water level accuracy is unknown,1,Department of Water Resources,NA,1,Department of Water Resources,33,84,37001,45N06W12G001M,SV01,Digital Elevation Model,Unknown,1-004,Shasta Valley,Siskiyou,150,Residential,Single Well,112928,1990-07-20 00:00:00 - 2020-04-10 12:00:00,71,fall,6.4,32.9,NA,NA,2000,12.06,5.96,18.9,8.94,Above Normal,SAC,1999-10-01T00:00:00Z,2000-10-01T00:00:00Z,-122.481,41.766
417660N1224811W001,679190,1999-03-15T00:00:00Z,2615.1,2614.9,0,4.2,2610.9,4.2,4,NA,Unknown,Water level accuracy is unknown,1,Department of Water Resources,NA,1,Department of Water Resources,33,84,37001,45N06W12G001M,SV01,Digital Elevation Model,Unknown,1-004,Shasta Valley,Siskiyou,150,Residential,Single Well,112928,1990-07-20 00:00:00 - 2020-04-10 12:00:00,71,spring,NA,NA,3.9,124.4,1999,12.97,7.26,21.19,9.8,Wet,SAC,1998-10-01T00:00:00Z,1999-10-01T00:00:00Z,-122.481,41.766
417660N1224811W001,679188,1998-10-26T00:00:00Z,2615.1,2614.9,0,6.6,2608.5,6.6,6.4,NA,Unknown,Water level accuracy is unknown,1,Department of Water Resources,NA,1,Department of Water Resources,33,84,37001,45N06W12G001M,SV01,Digital Elevation Model,Unknown,1-004,Shasta Valley,Siskiyou,150,Residential,Single Well,112928,1990-07-20 00:00:00 - 2020-04-10 12:00:00,71,fall,6.4,32.9,NA,NA,1999,12.97,7.26,21.19,9.8,Wet,SAC,1998-10-01T00:00:00Z,1999-10-01T00:00:00Z,-122.481,41.766
417660N1224811W001,679187,1998-04-01T00:00:00Z,2615.1,2614.9,0,4.1,2611,4.1,3.9,NA,Unknown,Water level accuracy is unknown,1,Department of Water Resources,NA,1,Department of Water Resources,33,84,37001,45N06W12G001M,SV01,Digital Elevation Model,Unknown,1-004,Shasta Valley,Siskiyou,150,Residential,Single Well,112928,1990-07-20 00:00:00 - 2020-04-10 12:00:00,71,spring,NA,NA,3.9,124.4,1998,17.65,12.54,31.4,13.31,Wet,SAC,1997-10-01T00:00:00Z,1998-10-01T00:00:00Z,-122.481,41.766
417660N1224811W001,679186,1997-10-23T00:00:00Z,2615.1,2614.9,0,7.1,2608,7.1,6.9,NA,Unknown,Water level accuracy is unknown,1,Department of Water Resources,NA,1,Department of Water Resources,33,84,37001,45N06W12G001M,SV01,Digital Elevation Model,Unknown,1-004,Shasta Valley,Siskiyou,150,Residential,Single Well,112928,1990-07-20 00:00:00 - 2020-04-10 12:00:00,71,fall,6.4,32.9,NA,NA,1998,17.65,12.54,31.4,13.31,Wet,SAC,1997-10-01T00:00:00Z,1998-10-01T00:00:00Z,-122.481,41.766
417660N1224811W001,679185,1997-03-10T00:00:00Z,2615.1,2614.9,0,5,2610.1,5,4.8,NA,Unknown,Water level accuracy is unknown,1,Department of Water Resources,NA,1,Department of Water Resources,33,84,37001,45N06W12G001M,SV01,Digital Elevation Model,Unknown,1-004,Shasta Valley,Siskiyou,150,Residential,Single Well,112928,1990-07-20 00:00:00 - 2020-04-10 12:00:00,71,spring,NA,NA,3.9,124.4,1997,20.22,4.39,25.42,10.82,Wet,SAC,1996-10-01T00:00:00Z,1997-10-01T00:00:00Z,-122.481,41.766
417660N1224811W001,679184,1996-10-23T00:00:00Z,2615.1,2614.9,0,6.7,2608.4,6.7,6.5,NA,Unknown,Water level accuracy is unknown,1,Department of Water Resources,NA,1,Department of Water Resources,33,84,37001,45N06W12G001M,SV01,Digital Elevation Model,Unknown,1-004,Shasta Valley,Siskiyou,150,Residential,Single Well,112928,1990-07-20 00:00:00 - 2020-04-10 12:00:00,71,fall,6.4,32.9,NA,NA,1997,20.22,4.39,25.42,10.82,Wet,SAC,1996-10-01T00:00:00Z,1997-10-01T00:00:00Z,-122.481,41.766
417660N1224811W001,679183,1996-04-12T00:00:00Z,2615.1,2614.9,0,7,2608.1,7,6.8,NA,Unknown,Water level accuracy is unknown,1,Department of Water Resources,NA,1,Department of Water Resources,33,84,37001,45N06W12G001M,SV01,Digital Elevation Model,Unknown,1-004,Shasta Valley,Siskiyou,150,Residential,Single Well,112928,1990-07-20 00:00:00 - 2020-04-10 12:00:00,71,spring,NA,NA,3.9,124.4,1996,13.05,8.37,22.29,10.26,Wet,SAC,1995-10-01T00:00:00Z,1996-10-01T00:00:00Z,-122.481,41.766
417660N1224811W001,679182,1995-10-18T00:00:00Z,2615.1,2614.9,0,7.7,2607.4,7.7,7.5,NA,Unknown,Water level accuracy is unknown,1,Department of Water Resources,NA,1,Department of Water Resources,33,84,37001,45N06W12G001M,SV01,Digital Elevation Model,Unknown,1-004,Shasta Valley,Siskiyou,150,Residential,Single Well,112928,1990-07-20 00:00:00 - 2020-04-10 12:00:00,71,fall,6.4,32.9,NA,NA,1996,13.05,8.37,22.29,10.26,Wet,SAC,1995-10-01T00:00:00Z,1996-10-01T00:00:00Z,-122.481,41.766
417660N1224811W001,679181,1995-03-29T00:00:00Z,2615.1,2614.9,0,7,2608.1,7,6.8,NA,Unknown,Water level accuracy is unknown,1,Department of Water Resources,NA,1,Department of Water Resources,33,84,37001,45N06W12G001M,SV01,Digital Elevation Model,Unknown,1-004,Shasta Valley,Siskiyou,150,Residential,Single Well,112928,1990-07-20 00:00:00 - 2020-04-10 12:00:00,71,spring,NA,NA,3.9,124.4,1995,19.83,13.6,34.55,12.89,Wet,SAC,1994-10-01T00:00:00Z,1995-10-01T00:00:00Z,-122.481,41.766
417660N1224811W001,679180,1994-04-01T00:00:00Z,2615.1,2614.9,0,7.1,2608,7.1,6.9,NA,Unknown,Water level accuracy is unknown,1,Department of Water Resources,NA,1,Department of Water Resources,33,84,37001,45N06W12G001M,SV01,Digital Elevation Model,Unknown,1-004,Shasta Valley,Siskiyou,150,Residential,Single Well,112928,1990-07-20 00:00:00 - 2020-04-10 12:00:00,71,spring,NA,NA,3.9,124.4,1994,4.55,2.73,7.81,5.02,Critical,SAC,1993-10-01T00:00:00Z,1994-10-01T00:00:00Z,-122.481,41.766
417660N1224811W001,679179,1993-10-15T00:00:00Z,2615.1,2614.9,0,8.5,2606.6,8.5,8.3,NA,Unknown,Water level accuracy is unknown,1,Department of Water Resources,NA,1,Department of Water Resources,33,84,37001,45N06W12G001M,SV01,Digital Elevation Model,Unknown,1-004,Shasta Valley,Siskiyou,150,Residential,Single Well,112928,1990-07-20 00:00:00 - 2020-04-10 12:00:00,71,fall,6.4,32.9,NA,NA,1994,4.55,2.73,7.81,5.02,Critical,SAC,1993-10-01T00:00:00Z,1994-10-01T00:00:00Z,-122.481,41.766
417660N1224811W001,679178,1993-03-16T00:00:00Z,2615.1,2614.9,0,8,2607.1,8,7.8,NA,Unknown,Water level accuracy is unknown,1,Department of Water Resources,NA,1,Department of Water Resources,33,84,37001,45N06W12G001M,SV01,Digital Elevation Model,Unknown,1-004,Shasta Valley,Siskiyou,150,Residential,Single Well,112928,1990-07-20 00:00:00 - 2020-04-10 12:00:00,71,spring,NA,NA,3.9,124.4,1993,12.44,8.98,22.21,8.54,Above Normal,SAC,1992-10-01T00:00:00Z,1993-10-01T00:00:00Z,-122.481,41.766
417660N1224811W001,679177,1992-10-21T00:00:00Z,2615.1,2614.9,0,10.5,2604.6,10.5,10.3,NA,Unknown,Water level accuracy is unknown,1,Department of Water Resources,NA,1,Department of Water Resources,33,84,37001,45N06W12G001M,SV01,Digital Elevation Model,Unknown,1-004,Shasta Valley,Siskiyou,150,Residential,Single Well,112928,1990-07-20 00:00:00 - 2020-04-10 12:00:00,71,fall,6.4,32.9,NA,NA,1993,12.44,8.98,22.21,8.54,Above Normal,SAC,1992-10-01T00:00:00Z,1993-10-01T00:00:00Z,-122.481,41.766
417660N1224811W001,679176,1992-03-04T00:00:00Z,2615.1,2614.9,0,8.6,2606.5,8.6,8.4,NA,Unknown,Water level accuracy is unknown,1,Department of Water Resources,NA,1,Department of Water Resources,33,84,37001,45N06W12G001M,SV01,Digital Elevation Model,Unknown,1-004,Shasta Valley,Siskiyou,150,Residential,Single Well,112928,1990-07-20 00:00:00 - 2020-04-10 12:00:00,71,spring,NA,NA,3.9,124.4,1992,5.41,2.93,8.87,4.06,Critical,SAC,1991-10-01T00:00:00Z,1992-10-01T00:00:00Z,-122.481,41.766
417660N1224811W001,679175,1991-10-01T00:00:00Z,2615.1,2614.9,0,9.6,2605.5,9.6,9.4,NA,Unknown,Water level accuracy is unknown,1,Department of Water Resources,NA,1,Department of Water Resources,33,84,37001,45N06W12G001M,SV01,Digital Elevation Model,Unknown,1-004,Shasta Valley,Siskiyou,150,Residential,Single Well,112928,1990-07-20 00:00:00 - 2020-04-10 12:00:00,71,fall,6.4,32.9,NA,NA,1992,5.41,2.93,8.87,4.06,Critical,SAC,1991-10-01T00:00:00Z,1992-10-01T00:00:00Z,-122.481,41.766
417660N1224811W001,679174,1991-03-20T00:00:00Z,2615.1,2614.9,0,7.9,2607.2,7.9,7.7,NA,Unknown,Water level accuracy is unknown,1,Department of Water Resources,NA,1,Department of Water Resources,33,84,37001,45N06W12G001M,SV01,Digital Elevation Model,Unknown,1-004,Shasta Valley,Siskiyou,150,Residential,Single Well,112928,1990-07-20 00:00:00 - 2020-04-10 12:00:00,71,spring,NA,NA,3.9,124.4,1991,3.9,4.01,8.44,4.21,Critical,SAC,1990-10-01T00:00:00Z,1991-10-01T00:00:00Z,-122.481,41.766
417660N1224811W001,679173,1990-10-01T00:00:00Z,2615.1,2614.9,0,9.4,2605.7,9.4,9.2,NA,Unknown,Water level accuracy is unknown,1,Department of Water Resources,NA,1,Department of Water Resources,33,84,37001,45N06W12G001M,SV01,Digital Elevation Model,Unknown,1-004,Shasta Valley,Siskiyou,150,Residential,Single Well,112928,1990-07-20 00:00:00 - 2020-04-10 12:00:00,71,fall,6.4,32.9,NA,NA,1991,3.9,4.01,8.44,4.21,Critical,SAC,1990-10-01T00:00:00Z,1991-10-01T00:00:00Z,-122.481,41.766
417660N1224811W001,679172,1990-08-01T00:00:00Z,2615.1,2614.9,0,8.5,2606.6,8.5,8.3,NA,Unknown,Water level accuracy is unknown,1,Department of Water Resources,NA,1,Department of Water Resources,33,84,37001,45N06W12G001M,SV01,Digital Elevation Model,Unknown,1-004,Shasta Valley,Siskiyou,150,Residential,Single Well,112928,1990-07-20 00:00:00 - 2020-04-10 12:00:00,71,fall,6.4,32.9,NA,NA,1990,4.94,3.72,9.26,4.81,Critical,SAC,1989-10-01T00:00:00Z,1990-10-01T00:00:00Z,-122.481,41.766
417660N1224811W001,679171,1990-07-20T00:00:00Z,2615.1,2614.9,0,8.2,2606.9,8.2,8,NA,Unknown,Water level accuracy is unknown,1,Department of Water Resources,NA,1,Department of Water Resources,33,84,37001,45N06W12G001M,SV01,Digital Elevation Model,Unknown,1-004,Shasta Valley,Siskiyou,150,Residential,Single Well,112928,1990-07-20 00:00:00 - 2020-04-10 12:00:00,71,other,NA,NA,NA,NA,1990,4.94,3.72,9.26,4.81,Critical,SAC,1989-10-01T00:00:00Z,1990-10-01T00:00:00Z,-122.481,41.766
