SITE_CODE,WLM_ID,MSMT_DATE,WLM_RPE,WLM_GSE,RDNG_WS,RDNG_RP,WSE,RPE_WSE,GSE_WSE,WLM_QA_DESC,WLM_DESC,WLM_ACC_DESC,WLM_ORG_ID,WLM_ORG_NAME,MSMT_CMT,COOP_AGENCY_ORG_ID,COOP_ORG_NAME,TOP_PRF,BOT_PRF,STN_ID,SWN,WELL_NAME,WLM_METHOD,WLM_ACC,BASIN_CODE,BASIN_NAME,COUNTY_NAME,WELL_DEPTH,WELL_USE,WELL_TYPE,WCR_NO,t_range,n_samples,season,fall_high,fall_low,spring_high,spring_low,water_year,Oct.Mar,Apr.Jul,WYsum,Index,water_year_type,region,water_year_start,water_year_end,X,Y
417638N1224574W001,2619098,2020-04-10T12:00:00Z,2662.1,2660.8,NA,NA,NA,NA,NA,Special/Other,NA,NA,1,Department of Water Resources,Domestic wells not monitored during COVID-19 (Shelter in Place),1,Department of Water Resources,40,80,24045,45N05W07H002M,45N05W07H002M,Digital Elevation Model,Unknown,1-004,Shasta Valley,Siskiyou,80,Residential,Single Well,078681,1990-07-20 00:00:00 - 2020-04-10 12:00:00,62,spring,NA,NA,12.9,29.4,2019,13.11,10.66,24.77,10.34,Wet,SAC,2019-10-01T00:00:00Z,2020-10-01T00:00:00Z,-122.457,41.7638
417638N1224574W001,2480405,2019-10-25T12:00:00Z,2662.1,2660.8,0,19.6,2642.5,19.6,18.3,NA,Electric sounder measurement,Water level accuracy to nearest hundredth of a foot,1,Department of Water Resources,NA,1,Department of Water Resources,40,80,24045,45N05W07H002M,45N05W07H002M,Digital Elevation Model,Unknown,1-004,Shasta Valley,Siskiyou,80,Residential,Single Well,078681,1990-07-20 00:00:00 - 2020-04-10 12:00:00,62,fall,15.1,27.9,NA,NA,2019,13.11,10.66,24.77,10.34,Wet,SAC,2019-10-01T00:00:00Z,2020-10-01T00:00:00Z,-122.457,41.7638
417638N1224574W001,2452862,2019-04-03T12:00:00Z,2662.1,2660.8,0,21.2,2640.9,21.2,19.9,NA,Electric sounder measurement,Water level accuracy to nearest hundredth of a foot,1,Department of Water Resources,NA,1,Department of Water Resources,40,80,24045,45N05W07H002M,45N05W07H002M,Digital Elevation Model,Unknown,1-004,Shasta Valley,Siskiyou,80,Residential,Single Well,078681,1990-07-20 00:00:00 - 2020-04-10 12:00:00,62,spring,NA,NA,12.9,29.4,2018,7.09,5.05,12.86,7.14,Below Normal,SAC,2018-10-01T00:00:00Z,2019-10-01T00:00:00Z,-122.457,41.7638
417638N1224574W001,2413604,2018-10-22T12:00:00Z,2662.1,2660.8,0,19.9,2642.2,19.9,18.6,NA,Electric sounder measurement,Water level accuracy to nearest hundredth of a foot,1,Department of Water Resources,NA,1,Department of Water Resources,40,80,24045,45N05W07H002M,45N05W07H002M,Digital Elevation Model,Unknown,1-004,Shasta Valley,Siskiyou,80,Residential,Single Well,078681,1990-07-20 00:00:00 - 2020-04-10 12:00:00,62,fall,15.1,27.9,NA,NA,2018,7.09,5.05,12.86,7.14,Below Normal,SAC,2018-10-01T00:00:00Z,2019-10-01T00:00:00Z,-122.457,41.7638
417638N1224574W001,2286542,2018-03-28T12:00:00Z,2662.1,2660.8,0,19.2,2642.9,19.2,17.9,NA,Electric sounder measurement,Water level accuracy to nearest hundredth of a foot,1,Department of Water Resources,NA,1,Department of Water Resources,40,80,24045,45N05W07H002M,45N05W07H002M,Digital Elevation Model,Unknown,1-004,Shasta Valley,Siskiyou,80,Residential,Single Well,078681,1990-07-20 00:00:00 - 2020-04-10 12:00:00,62,spring,NA,NA,12.9,29.4,2017,26.17,10.69,37.82,14.14,Wet,SAC,2017-10-01T00:00:00Z,2018-10-01T00:00:00Z,-122.457,41.7638
417638N1224574W001,2266747,2017-10-18T12:00:00Z,2662.1,2660.8,13,30,2645.1,17,15.7,NA,Steel tape measurement,Water level accuracy to nearest tenth of a foot,1,Department of Water Resources,NA,1,Department of Water Resources,40,80,24045,45N05W07H002M,45N05W07H002M,Digital Elevation Model,Unknown,1-004,Shasta Valley,Siskiyou,80,Residential,Single Well,078681,1990-07-20 00:00:00 - 2020-04-10 12:00:00,62,fall,15.1,27.9,NA,NA,2017,26.17,10.69,37.82,14.14,Wet,SAC,2017-10-01T00:00:00Z,2018-10-01T00:00:00Z,-122.457,41.7638
417638N1224574W001,2241477,2017-03-22T12:00:00Z,2662.1,2660.8,0,17.6,2644.5,17.6,16.3,NA,Electric sounder measurement,Water level accuracy to nearest tenth of a foot,1,Department of Water Resources,NA,1,Department of Water Resources,40,80,24045,45N05W07H002M,45N05W07H002M,Digital Elevation Model,Unknown,1-004,Shasta Valley,Siskiyou,80,Residential,Single Well,078681,1990-07-20 00:00:00 - 2020-04-10 12:00:00,62,spring,NA,NA,12.9,29.4,2016,12.24,4.6,17.48,6.71,Below Normal,SAC,2016-10-01T00:00:00Z,2017-10-01T00:00:00Z,-122.457,41.7638
417638N1224574W001,2214938,2016-10-20T12:00:00Z,2662.1,2660.8,0,20.45,2641.65,20.45,19.15,NA,Electric sounder measurement,Water level accuracy to nearest tenth of a foot,1,Department of Water Resources,NA,1,Department of Water Resources,40,80,24045,45N05W07H002M,45N05W07H002M,Digital Elevation Model,Unknown,1-004,Shasta Valley,Siskiyou,80,Residential,Single Well,078681,1990-07-20 00:00:00 - 2020-04-10 12:00:00,62,fall,15.1,27.9,NA,NA,2016,12.24,4.6,17.48,6.71,Below Normal,SAC,2016-10-01T00:00:00Z,2017-10-01T00:00:00Z,-122.457,41.7638
417638N1224574W001,2189525,2016-04-06T00:00:00Z,2662.1,2660.8,NA,NA,NA,NA,NA,Temporarily inaccessible,NA,NA,1,Department of Water Resources,Cap on well stuck,1,Department of Water Resources,40,80,24045,45N05W07H002M,45N05W07H002M,Digital Elevation Model,Unknown,1-004,Shasta Valley,Siskiyou,80,Residential,Single Well,078681,1990-07-20 00:00:00 - 2020-04-10 12:00:00,62,spring,NA,NA,12.9,29.4,2015,6.91,1.77,9.23,4,Critical,SAC,2015-10-01T00:00:00Z,2016-10-01T00:00:00Z,-122.457,41.7638
417638N1224574W001,2165294,2015-10-20T00:00:00Z,2662.1,2660.8,NA,NA,NA,NA,NA,Temporarily inaccessible,NA,NA,1,Department of Water Resources,Cap stuck on well,1,Department of Water Resources,40,80,24045,45N05W07H002M,45N05W07H002M,Digital Elevation Model,Unknown,1-004,Shasta Valley,Siskiyou,80,Residential,Single Well,078681,1990-07-20 00:00:00 - 2020-04-10 12:00:00,62,fall,15.1,27.9,NA,NA,2015,6.91,1.77,9.23,4,Critical,SAC,2015-10-01T00:00:00Z,2016-10-01T00:00:00Z,-122.457,41.7638
417638N1224574W001,2189789,2015-04-02T00:00:00Z,2662.1,2660.8,0,30.5,2631.6,30.5,29.2,NA,Electric sounder measurement,Water level accuracy to nearest tenth of a foot,1,Department of Water Resources,NA,1,Department of Water Resources,40,80,24045,45N05W07H002M,45N05W07H002M,Digital Elevation Model,Unknown,1-004,Shasta Valley,Siskiyou,80,Residential,Single Well,078681,1990-07-20 00:00:00 - 2020-04-10 12:00:00,62,spring,NA,NA,12.9,29.4,2014,4.29,2.59,7.46,4.07,Critical,SAC,2014-10-01T00:00:00Z,2015-10-01T00:00:00Z,-122.457,41.7638
417638N1224574W001,2132606,2014-10-29T00:00:00Z,2662.1,2660.8,0,29,2633.1,29,27.7,NA,Electric sounder measurement,Water level accuracy to nearest hundredth of a foot,1,Department of Water Resources,NA,1,Department of Water Resources,40,80,24045,45N05W07H002M,45N05W07H002M,Digital Elevation Model,Unknown,1-004,Shasta Valley,Siskiyou,80,Residential,Single Well,078681,1990-07-20 00:00:00 - 2020-04-10 12:00:00,62,fall,15.1,27.9,NA,NA,2014,4.29,2.59,7.46,4.07,Critical,SAC,2014-10-01T00:00:00Z,2015-10-01T00:00:00Z,-122.457,41.7638
417638N1224574W001,1884052,2014-03-24T00:00:00Z,2662.1,2660.8,0,26.6,2635.5,26.6,25.3,NA,Electric sounder measurement,Water level accuracy to nearest tenth of a foot,1,Department of Water Resources,NA,1,Department of Water Resources,40,80,24045,45N05W07H002M,45N05W07H002M,Digital Elevation Model,Unknown,1-004,Shasta Valley,Siskiyou,80,Residential,Single Well,078681,1990-07-20 00:00:00 - 2020-04-10 12:00:00,62,spring,NA,NA,12.9,29.4,2013,8.52,3.01,12.19,5.83,Dry,SAC,2013-10-01T00:00:00Z,2014-10-01T00:00:00Z,-122.457,41.7638
417638N1224574W001,1797158,2013-10-24T00:00:00Z,2662.1,2660.8,0,23.14,2638.96,23.14,21.84,NA,Electric sounder measurement,Water level accuracy to nearest tenth of a foot,1,Department of Water Resources,NA,1,Department of Water Resources,40,80,24045,45N05W07H002M,45N05W07H002M,Digital Elevation Model,Unknown,1-004,Shasta Valley,Siskiyou,80,Residential,Single Well,078681,1990-07-20 00:00:00 - 2020-04-10 12:00:00,62,fall,15.1,27.9,NA,NA,2013,8.52,3.01,12.19,5.83,Dry,SAC,2013-10-01T00:00:00Z,2014-10-01T00:00:00Z,-122.457,41.7638
417638N1224574W001,1684667,2013-03-25T00:00:00Z,2662.13,2660.83,0,22.8,2639.33,22.8,21.5,NA,Electric sounder measurement,Water level accuracy to nearest tenth of a foot,1,Department of Water Resources,NA,1,Department of Water Resources,40,80,24045,45N05W07H002M,45N05W07H002M,Digital Elevation Model,Unknown,1-004,Shasta Valley,Siskiyou,80,Residential,Single Well,078681,1990-07-20 00:00:00 - 2020-04-10 12:00:00,62,spring,NA,NA,12.9,29.4,2012,5.69,5.46,11.84,6.89,Below Normal,SAC,2012-10-01T00:00:00Z,2013-10-01T00:00:00Z,-122.457,41.7638
417638N1224574W001,69698,2012-10-26T00:00:00Z,2662.13,2660.83,1.8,22,2641.93,20.2,18.9,NA,Steel tape measurement,Water level accuracy to nearest tenth of a foot,1,Department of Water Resources,NA,1,Department of Water Resources,40,80,24045,45N05W07H002M,45N05W07H002M,Digital Elevation Model,Unknown,1-004,Shasta Valley,Siskiyou,80,Residential,Single Well,078681,1990-07-20 00:00:00 - 2020-04-10 12:00:00,62,fall,15.1,27.9,NA,NA,2012,5.69,5.46,11.84,6.89,Below Normal,SAC,2012-10-01T00:00:00Z,2013-10-01T00:00:00Z,-122.457,41.7638
417638N1224574W001,59888,2012-04-18T00:00:00Z,2662.13,2660.83,0,22.8,2639.33,22.8,21.5,NA,Steel tape measurement,Water level accuracy to nearest tenth of a foot,1,Department of Water Resources,NA,1,Department of Water Resources,40,80,24045,45N05W07H002M,45N05W07H002M,Digital Elevation Model,Unknown,1-004,Shasta Valley,Siskiyou,80,Residential,Single Well,078681,1990-07-20 00:00:00 - 2020-04-10 12:00:00,62,spring,NA,NA,12.9,29.4,2011,12.68,11.53,25.21,10.54,Wet,SAC,2011-10-01T00:00:00Z,2012-10-01T00:00:00Z,-122.457,41.7638
417638N1224574W001,39867,2011-10-19T00:00:00Z,2662.13,2660.83,0,19.63,2642.5,19.63,18.33,NA,Electric sounder measurement,Water level accuracy to nearest hundredth of a foot,1,Department of Water Resources,NA,1,Department of Water Resources,40,80,24045,45N05W07H002M,45N05W07H002M,Digital Elevation Model,Unknown,1-004,Shasta Valley,Siskiyou,80,Residential,Single Well,078681,1990-07-20 00:00:00 - 2020-04-10 12:00:00,62,fall,15.1,27.9,NA,NA,2011,12.68,11.53,25.21,10.54,Wet,SAC,2011-10-01T00:00:00Z,2012-10-01T00:00:00Z,-122.457,41.7638
417638N1224574W001,678980,2011-10-19T00:00:00Z,2662.1,2660.8,0,19.63,2642.47,19.63,18.33,NA,Unknown,Water level accuracy is unknown,1,Department of Water Resources,NA,1,Department of Water Resources,40,80,24045,45N05W07H002M,45N05W07H002M,Digital Elevation Model,Unknown,1-004,Shasta Valley,Siskiyou,80,Residential,Single Well,078681,1990-07-20 00:00:00 - 2020-04-10 12:00:00,62,fall,15.1,27.9,NA,NA,2011,12.68,11.53,25.21,10.54,Wet,SAC,2011-10-01T00:00:00Z,2012-10-01T00:00:00Z,-122.457,41.7638
417638N1224574W001,678979,2011-04-21T00:00:00Z,2662.1,2660.8,0,22.8,2639.3,22.8,21.5,NA,Unknown,Water level accuracy is unknown,1,Department of Water Resources,NA,1,Department of Water Resources,40,80,24045,45N05W07H002M,45N05W07H002M,Digital Elevation Model,Unknown,1-004,Shasta Valley,Siskiyou,80,Residential,Single Well,078681,1990-07-20 00:00:00 - 2020-04-10 12:00:00,62,spring,NA,NA,12.9,29.4,2010,7.45,7.78,16.01,7.08,Below Normal,SAC,2010-10-01T00:00:00Z,2011-10-01T00:00:00Z,-122.457,41.7638
417638N1224574W001,678978,2010-10-26T00:00:00Z,2662.1,2660.8,0,22.7,2639.4,22.7,21.4,NA,Unknown,Water level accuracy is unknown,1,Department of Water Resources,NA,1,Department of Water Resources,40,80,24045,45N05W07H002M,45N05W07H002M,Digital Elevation Model,Unknown,1-004,Shasta Valley,Siskiyou,80,Residential,Single Well,078681,1990-07-20 00:00:00 - 2020-04-10 12:00:00,62,fall,15.1,27.9,NA,NA,2010,7.45,7.78,16.01,7.08,Below Normal,SAC,2010-10-01T00:00:00Z,2011-10-01T00:00:00Z,-122.457,41.7638
417638N1224574W001,678977,2010-04-05T00:00:00Z,2662.1,2660.8,0,26.2,2635.9,26.2,24.9,NA,Unknown,Water level accuracy is unknown,1,Department of Water Resources,NA,1,Department of Water Resources,40,80,24045,45N05W07H002M,45N05W07H002M,Digital Elevation Model,Unknown,1-004,Shasta Valley,Siskiyou,80,Residential,Single Well,078681,1990-07-20 00:00:00 - 2020-04-10 12:00:00,62,spring,NA,NA,12.9,29.4,2009,7.05,5.3,13.02,5.78,Dry,SAC,2009-10-01T00:00:00Z,2010-10-01T00:00:00Z,-122.457,41.7638
417638N1224574W001,678976,2009-10-28T00:00:00Z,2662.1,2660.8,0,24.2,2637.9,24.2,22.9,NA,Unknown,Water level accuracy is unknown,1,Department of Water Resources,NA,1,Department of Water Resources,40,80,24045,45N05W07H002M,45N05W07H002M,Digital Elevation Model,Unknown,1-004,Shasta Valley,Siskiyou,80,Residential,Single Well,078681,1990-07-20 00:00:00 - 2020-04-10 12:00:00,62,fall,15.1,27.9,NA,NA,2009,7.05,5.3,13.02,5.78,Dry,SAC,2009-10-01T00:00:00Z,2010-10-01T00:00:00Z,-122.457,41.7638
417638N1224574W001,678975,2009-04-07T00:00:00Z,2662.1,2660.8,0,21.7,2640.4,21.7,20.4,NA,Unknown,Water level accuracy is unknown,1,Department of Water Resources,NA,1,Department of Water Resources,40,80,24045,45N05W07H002M,45N05W07H002M,Digital Elevation Model,Unknown,1-004,Shasta Valley,Siskiyou,80,Residential,Single Well,078681,1990-07-20 00:00:00 - 2020-04-10 12:00:00,62,spring,NA,NA,12.9,29.4,2008,5.9,3.82,10.28,5.16,Critical,SAC,2008-10-01T00:00:00Z,2009-10-01T00:00:00Z,-122.457,41.7638
417638N1224574W001,678974,2008-10-29T00:00:00Z,2662.1,2660.8,0,18.8,2643.3,18.8,17.5,NA,Unknown,Water level accuracy is unknown,1,Department of Water Resources,NA,1,Department of Water Resources,40,80,24045,45N05W07H002M,45N05W07H002M,Digital Elevation Model,Unknown,1-004,Shasta Valley,Siskiyou,80,Residential,Single Well,078681,1990-07-20 00:00:00 - 2020-04-10 12:00:00,62,fall,15.1,27.9,NA,NA,2008,5.9,3.82,10.28,5.16,Critical,SAC,2008-10-01T00:00:00Z,2009-10-01T00:00:00Z,-122.457,41.7638
417638N1224574W001,678973,2008-03-28T00:00:00Z,2662.1,2660.8,0,18.55,2643.55,18.55,17.25,NA,Unknown,Water level accuracy is unknown,1,Department of Water Resources,NA,1,Department of Water Resources,40,80,24045,45N05W07H002M,45N05W07H002M,Digital Elevation Model,Unknown,1-004,Shasta Valley,Siskiyou,80,Residential,Single Well,078681,1990-07-20 00:00:00 - 2020-04-10 12:00:00,62,spring,NA,NA,12.9,29.4,2007,6.59,3.04,10.28,6.19,Dry,SAC,2007-10-01T00:00:00Z,2008-10-01T00:00:00Z,-122.457,41.7638
417638N1224574W001,678972,2007-10-23T00:00:00Z,2662.1,2660.8,0,17.7,2644.4,17.7,16.4,NA,Unknown,Water level accuracy is unknown,1,Department of Water Resources,NA,1,Department of Water Resources,40,80,24045,45N05W07H002M,45N05W07H002M,Digital Elevation Model,Unknown,1-004,Shasta Valley,Siskiyou,80,Residential,Single Well,078681,1990-07-20 00:00:00 - 2020-04-10 12:00:00,62,fall,15.1,27.9,NA,NA,2007,6.59,3.04,10.28,6.19,Dry,SAC,2007-10-01T00:00:00Z,2008-10-01T00:00:00Z,-122.457,41.7638
417638N1224574W001,678971,2007-03-27T00:00:00Z,2662.1,2660.8,0,17.4,2644.7,17.4,16.1,NA,Unknown,Water level accuracy is unknown,1,Department of Water Resources,NA,1,Department of Water Resources,40,80,24045,45N05W07H002M,45N05W07H002M,Digital Elevation Model,Unknown,1-004,Shasta Valley,Siskiyou,80,Residential,Single Well,078681,1990-07-20 00:00:00 - 2020-04-10 12:00:00,62,spring,NA,NA,12.9,29.4,2006,18.06,13.09,32.09,13.2,Wet,SAC,2006-10-01T00:00:00Z,2007-10-01T00:00:00Z,-122.457,41.7638
417638N1224574W001,678970,2006-10-16T00:00:00Z,2662.1,2660.8,0,17.5,2644.6,17.5,16.2,NA,Unknown,Water level accuracy is unknown,1,Department of Water Resources,NA,1,Department of Water Resources,40,80,24045,45N05W07H002M,45N05W07H002M,Digital Elevation Model,Unknown,1-004,Shasta Valley,Siskiyou,80,Residential,Single Well,078681,1990-07-20 00:00:00 - 2020-04-10 12:00:00,62,fall,15.1,27.9,NA,NA,2006,18.06,13.09,32.09,13.2,Wet,SAC,2006-10-01T00:00:00Z,2007-10-01T00:00:00Z,-122.457,41.7638
417638N1224574W001,678969,2006-04-20T00:00:00Z,2662.1,2660.8,0,15.6,2646.5,15.6,14.3,NA,Unknown,Water level accuracy is unknown,1,Department of Water Resources,NA,1,Department of Water Resources,40,80,24045,45N05W07H002M,45N05W07H002M,Digital Elevation Model,Unknown,1-004,Shasta Valley,Siskiyou,80,Residential,Single Well,078681,1990-07-20 00:00:00 - 2020-04-10 12:00:00,62,spring,NA,NA,12.9,29.4,2005,8.4,9.28,18.55,8.49,Above Normal,SAC,2005-10-01T00:00:00Z,2006-10-01T00:00:00Z,-122.457,41.7638
417638N1224574W001,678968,2005-10-14T00:00:00Z,2662.1,2660.8,0,21.3,2640.8,21.3,20,NA,Unknown,Water level accuracy is unknown,1,Department of Water Resources,NA,1,Department of Water Resources,40,80,24045,45N05W07H002M,45N05W07H002M,Digital Elevation Model,Unknown,1-004,Shasta Valley,Siskiyou,80,Residential,Single Well,078681,1990-07-20 00:00:00 - 2020-04-10 12:00:00,62,fall,15.1,27.9,NA,NA,2005,8.4,9.28,18.55,8.49,Above Normal,SAC,2005-10-01T00:00:00Z,2006-10-01T00:00:00Z,-122.457,41.7638
417638N1224574W001,678967,2005-03-30T00:00:00Z,2662.1,2660.8,0,21.3,2640.8,21.3,20,NA,Unknown,Water level accuracy is unknown,1,Department of Water Resources,NA,1,Department of Water Resources,40,80,24045,45N05W07H002M,45N05W07H002M,Digital Elevation Model,Unknown,1-004,Shasta Valley,Siskiyou,80,Residential,Single Well,078681,1990-07-20 00:00:00 - 2020-04-10 12:00:00,62,spring,NA,NA,12.9,29.4,2004,10.95,4.4,16.04,7.51,Below Normal,SAC,2004-10-01T00:00:00Z,2005-10-01T00:00:00Z,-122.457,41.7638
417638N1224574W001,678966,2004-10-29T00:00:00Z,2662.1,2660.8,0,19.3,2642.8,19.3,18,NA,Unknown,Water level accuracy is unknown,1,Department of Water Resources,NA,1,Department of Water Resources,40,80,24045,45N05W07H002M,45N05W07H002M,Digital Elevation Model,Unknown,1-004,Shasta Valley,Siskiyou,80,Residential,Single Well,078681,1990-07-20 00:00:00 - 2020-04-10 12:00:00,62,fall,15.1,27.9,NA,NA,2004,10.95,4.4,16.04,7.51,Below Normal,SAC,2004-10-01T00:00:00Z,2005-10-01T00:00:00Z,-122.457,41.7638
417638N1224574W001,678965,2004-03-29T00:00:00Z,2662.1,2660.8,0,20.3,2641.8,20.3,19,NA,Unknown,Water level accuracy is unknown,1,Department of Water Resources,NA,1,Department of Water Resources,40,80,24045,45N05W07H002M,45N05W07H002M,Digital Elevation Model,Unknown,1-004,Shasta Valley,Siskiyou,80,Residential,Single Well,078681,1990-07-20 00:00:00 - 2020-04-10 12:00:00,62,spring,NA,NA,12.9,29.4,2003,10.71,7.74,19.31,8.21,Above Normal,SAC,2003-10-01T00:00:00Z,2004-10-01T00:00:00Z,-122.457,41.7638
417638N1224574W001,678964,2003-10-06T00:00:00Z,2662.1,2660.8,0,18.4,2643.7,18.4,17.1,NA,Unknown,Water level accuracy is unknown,1,Department of Water Resources,NA,1,Department of Water Resources,40,80,24045,45N05W07H002M,45N05W07H002M,Digital Elevation Model,Unknown,1-004,Shasta Valley,Siskiyou,80,Residential,Single Well,078681,1990-07-20 00:00:00 - 2020-04-10 12:00:00,62,fall,15.1,27.9,NA,NA,2003,10.71,7.74,19.31,8.21,Above Normal,SAC,2003-10-01T00:00:00Z,2004-10-01T00:00:00Z,-122.457,41.7638
417638N1224574W001,678963,2003-03-24T00:00:00Z,2662.1,2660.8,0,23,2639.1,23,21.7,NA,Unknown,Water level accuracy is unknown,1,Department of Water Resources,NA,1,Department of Water Resources,40,80,24045,45N05W07H002M,45N05W07H002M,Digital Elevation Model,Unknown,1-004,Shasta Valley,Siskiyou,80,Residential,Single Well,078681,1990-07-20 00:00:00 - 2020-04-10 12:00:00,62,spring,NA,NA,12.9,29.4,2002,9.32,4.57,14.6,6.35,Dry,SAC,2002-10-01T00:00:00Z,2003-10-01T00:00:00Z,-122.457,41.7638
417638N1224574W001,678962,2002-10-10T00:00:00Z,2662.1,2660.8,0,21.9,2640.2,21.9,20.6,NA,Unknown,Water level accuracy is unknown,1,Department of Water Resources,NA,1,Department of Water Resources,40,80,24045,45N05W07H002M,45N05W07H002M,Digital Elevation Model,Unknown,1-004,Shasta Valley,Siskiyou,80,Residential,Single Well,078681,1990-07-20 00:00:00 - 2020-04-10 12:00:00,62,fall,15.1,27.9,NA,NA,2002,9.32,4.57,14.6,6.35,Dry,SAC,2002-10-01T00:00:00Z,2003-10-01T00:00:00Z,-122.457,41.7638
417638N1224574W001,678961,2002-03-27T00:00:00Z,2662.1,2660.8,0,23.6,2638.5,23.6,22.3,NA,Unknown,Water level accuracy is unknown,1,Department of Water Resources,NA,1,Department of Water Resources,40,80,24045,45N05W07H002M,45N05W07H002M,Digital Elevation Model,Unknown,1-004,Shasta Valley,Siskiyou,80,Residential,Single Well,078681,1990-07-20 00:00:00 - 2020-04-10 12:00:00,62,spring,NA,NA,12.9,29.4,2001,5.64,3.46,9.81,5.76,Dry,SAC,2001-10-01T00:00:00Z,2002-10-01T00:00:00Z,-122.457,41.7638
417638N1224574W001,678960,2001-10-25T00:00:00Z,2662.1,2660.8,0,22.1,2640,22.1,20.8,NA,Unknown,Water level accuracy is unknown,1,Department of Water Resources,NA,1,Department of Water Resources,40,80,24045,45N05W07H002M,45N05W07H002M,Digital Elevation Model,Unknown,1-004,Shasta Valley,Siskiyou,80,Residential,Single Well,078681,1990-07-20 00:00:00 - 2020-04-10 12:00:00,62,fall,15.1,27.9,NA,NA,2001,5.64,3.46,9.81,5.76,Dry,SAC,2001-10-01T00:00:00Z,2002-10-01T00:00:00Z,-122.457,41.7638
417638N1224574W001,678959,2001-04-02T00:00:00Z,2662.1,2660.8,0,19.9,2642.2,19.9,18.6,NA,Unknown,Water level accuracy is unknown,1,Department of Water Resources,NA,1,Department of Water Resources,40,80,24045,45N05W07H002M,45N05W07H002M,Digital Elevation Model,Unknown,1-004,Shasta Valley,Siskiyou,80,Residential,Single Well,078681,1990-07-20 00:00:00 - 2020-04-10 12:00:00,62,spring,NA,NA,12.9,29.4,2000,12.06,5.96,18.9,8.94,Above Normal,SAC,2000-10-01T00:00:00Z,2001-10-01T00:00:00Z,-122.457,41.7638
417638N1224574W001,678958,2000-10-09T00:00:00Z,2662.1,2660.8,0,18.4,2643.7,18.4,17.1,Pumping,Unknown,Water level accuracy is unknown,1,Department of Water Resources,NA,1,Department of Water Resources,40,80,24045,45N05W07H002M,45N05W07H002M,Digital Elevation Model,Unknown,1-004,Shasta Valley,Siskiyou,80,Residential,Single Well,078681,1990-07-20 00:00:00 - 2020-04-10 12:00:00,62,fall,15.1,27.9,NA,NA,2000,12.06,5.96,18.9,8.94,Above Normal,SAC,2000-10-01T00:00:00Z,2001-10-01T00:00:00Z,-122.457,41.7638
417638N1224574W001,678957,2000-03-22T00:00:00Z,2662.1,2660.8,0,17.1,2645,17.1,15.8,NA,Unknown,Water level accuracy is unknown,1,Department of Water Resources,NA,1,Department of Water Resources,40,80,24045,45N05W07H002M,45N05W07H002M,Digital Elevation Model,Unknown,1-004,Shasta Valley,Siskiyou,80,Residential,Single Well,078681,1990-07-20 00:00:00 - 2020-04-10 12:00:00,62,spring,NA,NA,12.9,29.4,1999,12.97,7.26,21.19,9.8,Wet,SAC,1999-10-01T00:00:00Z,2000-10-01T00:00:00Z,-122.457,41.7638
417638N1224574W001,678955,1999-10-25T00:00:00Z,2662.1,2660.8,0,16.4,2645.7,16.4,15.1,NA,Unknown,Water level accuracy is unknown,1,Department of Water Resources,NA,1,Department of Water Resources,40,80,24045,45N05W07H002M,45N05W07H002M,Digital Elevation Model,Unknown,1-004,Shasta Valley,Siskiyou,80,Residential,Single Well,078681,1990-07-20 00:00:00 - 2020-04-10 12:00:00,62,fall,15.1,27.9,NA,NA,1999,12.97,7.26,21.19,9.8,Wet,SAC,1999-10-01T00:00:00Z,2000-10-01T00:00:00Z,-122.457,41.7638
417638N1224574W001,678956,1999-03-15T00:00:00Z,2662.1,2660.8,0,14.2,2647.9,14.2,12.9,NA,Unknown,Water level accuracy is unknown,1,Department of Water Resources,NA,1,Department of Water Resources,40,80,24045,45N05W07H002M,45N05W07H002M,Digital Elevation Model,Unknown,1-004,Shasta Valley,Siskiyou,80,Residential,Single Well,078681,1990-07-20 00:00:00 - 2020-04-10 12:00:00,62,spring,NA,NA,12.9,29.4,1998,17.65,12.54,31.4,13.31,Wet,SAC,1998-10-01T00:00:00Z,1999-10-01T00:00:00Z,-122.457,41.7638
417638N1224574W001,678954,1998-10-26T00:00:00Z,2662.1,2660.8,0,17,2645.1,17,15.7,NA,Unknown,Water level accuracy is unknown,1,Department of Water Resources,NA,1,Department of Water Resources,40,80,24045,45N05W07H002M,45N05W07H002M,Digital Elevation Model,Unknown,1-004,Shasta Valley,Siskiyou,80,Residential,Single Well,078681,1990-07-20 00:00:00 - 2020-04-10 12:00:00,62,fall,15.1,27.9,NA,NA,1998,17.65,12.54,31.4,13.31,Wet,SAC,1998-10-01T00:00:00Z,1999-10-01T00:00:00Z,-122.457,41.7638
417638N1224574W001,678953,1998-04-01T00:00:00Z,2662.1,2660.8,0,17.6,2644.5,17.6,16.3,NA,Unknown,Water level accuracy is unknown,1,Department of Water Resources,NA,1,Department of Water Resources,40,80,24045,45N05W07H002M,45N05W07H002M,Digital Elevation Model,Unknown,1-004,Shasta Valley,Siskiyou,80,Residential,Single Well,078681,1990-07-20 00:00:00 - 2020-04-10 12:00:00,62,spring,NA,NA,12.9,29.4,1997,20.22,4.39,25.42,10.82,Wet,SAC,1997-10-01T00:00:00Z,1998-10-01T00:00:00Z,-122.457,41.7638
417638N1224574W001,678952,1997-10-23T00:00:00Z,2662.1,2660.8,0,17.4,2644.7,17.4,16.1,NA,Unknown,Water level accuracy is unknown,1,Department of Water Resources,NA,1,Department of Water Resources,40,80,24045,45N05W07H002M,45N05W07H002M,Digital Elevation Model,Unknown,1-004,Shasta Valley,Siskiyou,80,Residential,Single Well,078681,1990-07-20 00:00:00 - 2020-04-10 12:00:00,62,fall,15.1,27.9,NA,NA,1997,20.22,4.39,25.42,10.82,Wet,SAC,1997-10-01T00:00:00Z,1998-10-01T00:00:00Z,-122.457,41.7638
417638N1224574W001,678951,1997-03-12T00:00:00Z,2662.1,2660.8,0,17.6,2644.5,17.6,16.3,NA,Unknown,Water level accuracy is unknown,1,Department of Water Resources,NA,1,Department of Water Resources,40,80,24045,45N05W07H002M,45N05W07H002M,Digital Elevation Model,Unknown,1-004,Shasta Valley,Siskiyou,80,Residential,Single Well,078681,1990-07-20 00:00:00 - 2020-04-10 12:00:00,62,spring,NA,NA,12.9,29.4,1996,13.05,8.37,22.29,10.26,Wet,SAC,1996-10-01T00:00:00Z,1997-10-01T00:00:00Z,-122.457,41.7638
417638N1224574W001,678950,1996-10-23T00:00:00Z,2662.1,2660.8,0,20.1,2642,20.1,18.8,NA,Unknown,Water level accuracy is unknown,1,Department of Water Resources,NA,1,Department of Water Resources,40,80,24045,45N05W07H002M,45N05W07H002M,Digital Elevation Model,Unknown,1-004,Shasta Valley,Siskiyou,80,Residential,Single Well,078681,1990-07-20 00:00:00 - 2020-04-10 12:00:00,62,fall,15.1,27.9,NA,NA,1996,13.05,8.37,22.29,10.26,Wet,SAC,1996-10-01T00:00:00Z,1997-10-01T00:00:00Z,-122.457,41.7638
417638N1224574W001,678949,1996-04-12T00:00:00Z,2662.1,2660.8,0,20.4,2641.7,20.4,19.1,NA,Unknown,Water level accuracy is unknown,1,Department of Water Resources,NA,1,Department of Water Resources,40,80,24045,45N05W07H002M,45N05W07H002M,Digital Elevation Model,Unknown,1-004,Shasta Valley,Siskiyou,80,Residential,Single Well,078681,1990-07-20 00:00:00 - 2020-04-10 12:00:00,62,spring,NA,NA,12.9,29.4,1995,19.83,13.6,34.55,12.89,Wet,SAC,1995-10-01T00:00:00Z,1996-10-01T00:00:00Z,-122.457,41.7638
417638N1224574W001,678948,1995-10-18T00:00:00Z,2662.1,2660.8,0,23.7,2638.4,23.7,22.4,NA,Unknown,Water level accuracy is unknown,1,Department of Water Resources,NA,1,Department of Water Resources,40,80,24045,45N05W07H002M,45N05W07H002M,Digital Elevation Model,Unknown,1-004,Shasta Valley,Siskiyou,80,Residential,Single Well,078681,1990-07-20 00:00:00 - 2020-04-10 12:00:00,62,fall,15.1,27.9,NA,NA,1995,19.83,13.6,34.55,12.89,Wet,SAC,1995-10-01T00:00:00Z,1996-10-01T00:00:00Z,-122.457,41.7638
417638N1224574W001,678947,1995-03-29T00:00:00Z,2662.1,2660.8,0,29.2,2632.9,29.2,27.9,NA,Unknown,Water level accuracy is unknown,1,Department of Water Resources,NA,1,Department of Water Resources,40,80,24045,45N05W07H002M,45N05W07H002M,Digital Elevation Model,Unknown,1-004,Shasta Valley,Siskiyou,80,Residential,Single Well,078681,1990-07-20 00:00:00 - 2020-04-10 12:00:00,62,spring,NA,NA,12.9,29.4,1994,4.55,2.73,7.81,5.02,Critical,SAC,1994-10-01T00:00:00Z,1995-10-01T00:00:00Z,-122.457,41.7638
417638N1224574W001,678946,1994-04-01T00:00:00Z,2662.1,2660.8,0,27,2635.1,27,25.7,NA,Unknown,Water level accuracy is unknown,1,Department of Water Resources,NA,1,Department of Water Resources,40,80,24045,45N05W07H002M,45N05W07H002M,Digital Elevation Model,Unknown,1-004,Shasta Valley,Siskiyou,80,Residential,Single Well,078681,1990-07-20 00:00:00 - 2020-04-10 12:00:00,62,spring,NA,NA,12.9,29.4,1993,12.44,8.98,22.21,8.54,Above Normal,SAC,1993-10-01T00:00:00Z,1994-10-01T00:00:00Z,-122.457,41.7638
417638N1224574W001,678945,1993-10-16T00:00:00Z,2662.1,2660.8,0,27.6,2634.5,27.6,26.3,NA,Unknown,Water level accuracy is unknown,1,Department of Water Resources,NA,1,Department of Water Resources,40,80,24045,45N05W07H002M,45N05W07H002M,Digital Elevation Model,Unknown,1-004,Shasta Valley,Siskiyou,80,Residential,Single Well,078681,1990-07-20 00:00:00 - 2020-04-10 12:00:00,62,fall,15.1,27.9,NA,NA,1993,12.44,8.98,22.21,8.54,Above Normal,SAC,1993-10-01T00:00:00Z,1994-10-01T00:00:00Z,-122.457,41.7638
417638N1224574W001,678944,1993-03-16T00:00:00Z,2662.1,2660.8,0,30.7,2631.4,30.7,29.4,NA,Unknown,Water level accuracy is unknown,1,Department of Water Resources,NA,1,Department of Water Resources,40,80,24045,45N05W07H002M,45N05W07H002M,Digital Elevation Model,Unknown,1-004,Shasta Valley,Siskiyou,80,Residential,Single Well,078681,1990-07-20 00:00:00 - 2020-04-10 12:00:00,62,spring,NA,NA,12.9,29.4,1992,5.41,2.93,8.87,4.06,Critical,SAC,1992-10-01T00:00:00Z,1993-10-01T00:00:00Z,-122.457,41.7638
417638N1224574W001,678943,1992-10-21T00:00:00Z,2662.1,2660.8,0,29.2,2632.9,29.2,27.9,NA,Unknown,Water level accuracy is unknown,1,Department of Water Resources,NA,1,Department of Water Resources,40,80,24045,45N05W07H002M,45N05W07H002M,Digital Elevation Model,Unknown,1-004,Shasta Valley,Siskiyou,80,Residential,Single Well,078681,1990-07-20 00:00:00 - 2020-04-10 12:00:00,62,fall,15.1,27.9,NA,NA,1992,5.41,2.93,8.87,4.06,Critical,SAC,1992-10-01T00:00:00Z,1993-10-01T00:00:00Z,-122.457,41.7638
417638N1224574W001,678942,1992-03-04T00:00:00Z,2662.1,2660.8,0,29.5,2632.6,29.5,28.2,NA,Unknown,Water level accuracy is unknown,1,Department of Water Resources,NA,1,Department of Water Resources,40,80,24045,45N05W07H002M,45N05W07H002M,Digital Elevation Model,Unknown,1-004,Shasta Valley,Siskiyou,80,Residential,Single Well,078681,1990-07-20 00:00:00 - 2020-04-10 12:00:00,62,spring,NA,NA,12.9,29.4,1991,3.9,4.01,8.44,4.21,Critical,SAC,1991-10-01T00:00:00Z,1992-10-01T00:00:00Z,-122.457,41.7638
417638N1224574W001,678941,1991-10-01T00:00:00Z,2662.1,2660.8,0,29,2633.1,29,27.7,Pumped recently,Unknown,Water level accuracy is unknown,1,Department of Water Resources,NA,1,Department of Water Resources,40,80,24045,45N05W07H002M,45N05W07H002M,Digital Elevation Model,Unknown,1-004,Shasta Valley,Siskiyou,80,Residential,Single Well,078681,1990-07-20 00:00:00 - 2020-04-10 12:00:00,62,fall,15.1,27.9,NA,NA,1991,3.9,4.01,8.44,4.21,Critical,SAC,1991-10-01T00:00:00Z,1992-10-01T00:00:00Z,-122.457,41.7638
417638N1224574W001,678940,1991-03-20T00:00:00Z,2662.1,2660.8,0,29.7,2632.4,29.7,28.4,NA,Unknown,Water level accuracy is unknown,1,Department of Water Resources,NA,1,Department of Water Resources,40,80,24045,45N05W07H002M,45N05W07H002M,Digital Elevation Model,Unknown,1-004,Shasta Valley,Siskiyou,80,Residential,Single Well,078681,1990-07-20 00:00:00 - 2020-04-10 12:00:00,62,spring,NA,NA,12.9,29.4,1990,4.94,3.72,9.26,4.81,Critical,SAC,1990-10-01T00:00:00Z,1991-10-01T00:00:00Z,-122.457,41.7638
417638N1224574W001,678939,1990-10-01T00:00:00Z,2662.1,2660.8,0,27.2,2634.9,27.2,25.9,NA,Unknown,Water level accuracy is unknown,1,Department of Water Resources,NA,1,Department of Water Resources,40,80,24045,45N05W07H002M,45N05W07H002M,Digital Elevation Model,Unknown,1-004,Shasta Valley,Siskiyou,80,Residential,Single Well,078681,1990-07-20 00:00:00 - 2020-04-10 12:00:00,62,fall,15.1,27.9,NA,NA,1990,4.94,3.72,9.26,4.81,Critical,SAC,1990-10-01T00:00:00Z,1991-10-01T00:00:00Z,-122.457,41.7638
417638N1224574W001,678938,1990-08-01T00:00:00Z,2662.1,2660.8,0,27.2,2634.9,27.2,25.9,NA,Unknown,Water level accuracy is unknown,1,Department of Water Resources,NA,1,Department of Water Resources,40,80,24045,45N05W07H002M,45N05W07H002M,Digital Elevation Model,Unknown,1-004,Shasta Valley,Siskiyou,80,Residential,Single Well,078681,1990-07-20 00:00:00 - 2020-04-10 12:00:00,62,fall,15.1,27.9,NA,NA,1989,9.03,5.07,14.82,6.13,Dry,SAC,1989-10-01T00:00:00Z,1990-10-01T00:00:00Z,-122.457,41.7638
417638N1224574W001,678937,1990-07-20T00:00:00Z,2662.1,2660.8,0,28.2,2633.9,28.2,26.9,NA,Unknown,Water level accuracy is unknown,1,Department of Water Resources,NA,1,Department of Water Resources,40,80,24045,45N05W07H002M,45N05W07H002M,Digital Elevation Model,Unknown,1-004,Shasta Valley,Siskiyou,80,Residential,Single Well,078681,1990-07-20 00:00:00 - 2020-04-10 12:00:00,62,other,NA,NA,NA,NA,1989,9.03,5.07,14.82,6.13,Dry,SAC,1989-10-01T00:00:00Z,1990-10-01T00:00:00Z,-122.457,41.7638
