SITE_CODE,WLM_ID,MSMT_DATE,WLM_RPE,WLM_GSE,RDNG_WS,RDNG_RP,WSE,RPE_WSE,GSE_WSE,WLM_QA_DESC,WLM_DESC,WLM_ACC_DESC,WLM_ORG_ID,WLM_ORG_NAME,MSMT_CMT,COOP_AGENCY_ORG_ID,COOP_ORG_NAME,TOP_PRF,BOT_PRF,STN_ID,SWN,WELL_NAME,WLM_METHOD,WLM_ACC,BASIN_CODE,BASIN_NAME,COUNTY_NAME,WELL_DEPTH,WELL_USE,WELL_TYPE,WCR_NO,t_range,n_samples,season,fall_high,fall_low,spring_high,spring_low,water_year,Oct.Mar,Apr.Jul,WYsum,Index,water_year_type,region,water_year_start,water_year_end,X,Y
417704N1225126W001,2619099,2020-04-10T12:00:00Z,2678.79,2677.29,18,29,2667.79,11,9.5,NA,Steel tape measurement,Water level accuracy to nearest tenth of a foot,1,Department of Water Resources,NA,1,Department of Water Resources,NA,NA,24066,45N06W10A001M,45N06W10A001M,USGS quad,10 ft.,1-004,Shasta Valley,Siskiyou,NA,Residential,Single Well,NA,1953-04-07 00:00:00 - 2020-04-10 12:00:00,65,spring,NA,NA,-1.5,20.6,2020,NA,NA,NA,NA,NA,NA,2019-10-01T00:00:00Z,2020-10-01T00:00:00Z,-122.513,41.7704
417704N1225126W001,2480406,2019-10-25T12:00:00Z,2678.79,2677.29,9.8,16,2672.59,6.2,4.7,NA,Steel tape measurement,Water level accuracy to nearest tenth of a foot,1,Department of Water Resources,NA,1,Department of Water Resources,NA,NA,24066,45N06W10A001M,45N06W10A001M,USGS quad,10 ft.,1-004,Shasta Valley,Siskiyou,NA,Residential,Single Well,NA,1953-04-07 00:00:00 - 2020-04-10 12:00:00,65,fall,0.5,58.8,NA,NA,2020,NA,NA,NA,NA,NA,NA,2019-10-01T00:00:00Z,2020-10-01T00:00:00Z,-122.513,41.7704
417704N1225126W001,2452863,2019-04-03T12:00:00Z,2678.79,2677.29,7.9,15,2671.69,7.1,5.6,NA,Steel tape measurement,Water level accuracy to nearest tenth of a foot,1,Department of Water Resources,NA,1,Department of Water Resources,NA,NA,24066,45N06W10A001M,45N06W10A001M,USGS quad,10 ft.,1-004,Shasta Valley,Siskiyou,NA,Residential,Single Well,NA,1953-04-07 00:00:00 - 2020-04-10 12:00:00,65,spring,NA,NA,-1.5,20.6,2019,13.11,10.66,24.77,10.34,Wet,SAC,2018-10-01T00:00:00Z,2019-10-01T00:00:00Z,-122.513,41.7704
417704N1225126W001,2413605,2018-10-22T12:00:00Z,2678.79,2677.29,9.3,20,2668.09,10.7,9.2,NA,Steel tape measurement,Water level accuracy to nearest tenth of a foot,1,Department of Water Resources,NA,1,Department of Water Resources,NA,NA,24066,45N06W10A001M,45N06W10A001M,USGS quad,10 ft.,1-004,Shasta Valley,Siskiyou,NA,Residential,Single Well,NA,1953-04-07 00:00:00 - 2020-04-10 12:00:00,65,fall,0.5,58.8,NA,NA,2019,13.11,10.66,24.77,10.34,Wet,SAC,2018-10-01T00:00:00Z,2019-10-01T00:00:00Z,-122.513,41.7704
417704N1225126W001,2286543,2018-03-28T12:00:00Z,2678.79,2677.29,13.7,20,2672.49,6.3,4.8,NA,Steel tape measurement,Water level accuracy to nearest tenth of a foot,1,Department of Water Resources,NA,1,Department of Water Resources,NA,NA,24066,45N06W10A001M,45N06W10A001M,USGS quad,10 ft.,1-004,Shasta Valley,Siskiyou,NA,Residential,Single Well,NA,1953-04-07 00:00:00 - 2020-04-10 12:00:00,65,spring,NA,NA,-1.5,20.6,2018,7.09,5.05,12.86,7.14,Below Normal,SAC,2017-10-01T00:00:00Z,2018-10-01T00:00:00Z,-122.513,41.7704
417704N1225126W001,2266748,2017-10-18T12:00:00Z,2678.79,2677.29,22.8,25,2676.59,2.2,0.7,NA,Steel tape measurement,Water level accuracy to nearest tenth of a foot,1,Department of Water Resources,NA,1,Department of Water Resources,NA,NA,24066,45N06W10A001M,45N06W10A001M,USGS quad,10 ft.,1-004,Shasta Valley,Siskiyou,NA,Residential,Single Well,NA,1953-04-07 00:00:00 - 2020-04-10 12:00:00,65,fall,0.5,58.8,NA,NA,2018,7.09,5.05,12.86,7.14,Below Normal,SAC,2017-10-01T00:00:00Z,2018-10-01T00:00:00Z,-122.513,41.7704
417704N1225126W001,2241478,2017-03-22T12:00:00Z,2678.79,2677.29,0,0,2678.79,0,-1.5,NA,Steel tape measurement,Water level accuracy to nearest tenth of a foot,1,Department of Water Resources,Almost Artesian,1,Department of Water Resources,NA,NA,24066,45N06W10A001M,45N06W10A001M,USGS quad,10 ft.,1-004,Shasta Valley,Siskiyou,NA,Residential,Single Well,NA,1953-04-07 00:00:00 - 2020-04-10 12:00:00,65,spring,NA,NA,-1.5,20.6,2017,26.17,10.69,37.82,14.14,Wet,SAC,2016-10-01T00:00:00Z,2017-10-01T00:00:00Z,-122.513,41.7704
417704N1225126W001,2214939,2016-10-20T12:00:00Z,2678.79,2677.29,10,12,2676.79,2,0.5,NA,Steel tape measurement,Water level accuracy to nearest tenth of a foot,1,Department of Water Resources,NA,1,Department of Water Resources,NA,NA,24066,45N06W10A001M,45N06W10A001M,USGS quad,10 ft.,1-004,Shasta Valley,Siskiyou,NA,Residential,Single Well,NA,1953-04-07 00:00:00 - 2020-04-10 12:00:00,65,fall,0.5,58.8,NA,NA,2017,26.17,10.69,37.82,14.14,Wet,SAC,2016-10-01T00:00:00Z,2017-10-01T00:00:00Z,-122.513,41.7704
417704N1225126W001,2189526,2016-04-06T00:00:00Z,2678.79,2677.29,8,9,2677.79,1,-0.5,NA,Steel tape measurement,Water level accuracy to nearest tenth of a foot,1,Department of Water Resources,NA,1,Department of Water Resources,NA,NA,24066,45N06W10A001M,45N06W10A001M,USGS quad,10 ft.,1-004,Shasta Valley,Siskiyou,NA,Residential,Single Well,NA,1953-04-07 00:00:00 - 2020-04-10 12:00:00,65,spring,NA,NA,-1.5,20.6,2016,12.24,4.6,17.48,6.71,Below Normal,SAC,2015-10-01T00:00:00Z,2016-10-01T00:00:00Z,-122.513,41.7704
417704N1225126W001,2165295,2015-10-20T00:00:00Z,2678.79,2677.29,13,20,2671.79,7,5.5,NA,Steel tape measurement,Water level accuracy to nearest tenth of a foot,1,Department of Water Resources,NA,1,Department of Water Resources,NA,NA,24066,45N06W10A001M,45N06W10A001M,USGS quad,10 ft.,1-004,Shasta Valley,Siskiyou,NA,Residential,Single Well,NA,1953-04-07 00:00:00 - 2020-04-10 12:00:00,65,fall,0.5,58.8,NA,NA,2016,12.24,4.6,17.48,6.71,Below Normal,SAC,2015-10-01T00:00:00Z,2016-10-01T00:00:00Z,-122.513,41.7704
417704N1225126W001,2189790,2015-04-02T00:00:00Z,2678.79,2677.29,14.7,25,2668.49,10.3,8.8,NA,Steel tape measurement,Water level accuracy to nearest tenth of a foot,1,Department of Water Resources,NA,1,Department of Water Resources,NA,NA,24066,45N06W10A001M,45N06W10A001M,USGS quad,10 ft.,1-004,Shasta Valley,Siskiyou,NA,Residential,Single Well,NA,1953-04-07 00:00:00 - 2020-04-10 12:00:00,65,spring,NA,NA,-1.5,20.6,2015,6.91,1.77,9.23,4,Critical,SAC,2014-10-01T00:00:00Z,2015-10-01T00:00:00Z,-122.513,41.7704
417704N1225126W001,2029967,2014-10-29T00:00:00Z,2678.79,2677.29,3.2,20,2661.99,16.8,15.3,NA,Steel tape measurement,Water level accuracy to nearest tenth of a foot,1,Department of Water Resources,NA,1,Department of Water Resources,NA,NA,24066,45N06W10A001M,45N06W10A001M,USGS quad,10 ft.,1-004,Shasta Valley,Siskiyou,NA,Residential,Single Well,NA,1953-04-07 00:00:00 - 2020-04-10 12:00:00,65,fall,0.5,58.8,NA,NA,2015,6.91,1.77,9.23,4,Critical,SAC,2014-10-01T00:00:00Z,2015-10-01T00:00:00Z,-122.513,41.7704
417704N1225126W001,1884053,2014-03-24T00:00:00Z,2678.8,2677.3,4.3,15,2668.1,10.7,9.2,NA,Steel tape measurement,Water level accuracy to nearest tenth of a foot,1,Department of Water Resources,NA,1,Department of Water Resources,NA,NA,24066,45N06W10A001M,45N06W10A001M,USGS quad,10 ft.,1-004,Shasta Valley,Siskiyou,NA,Residential,Single Well,NA,1953-04-07 00:00:00 - 2020-04-10 12:00:00,65,spring,NA,NA,-1.5,20.6,2014,4.29,2.59,7.46,4.07,Critical,SAC,2013-10-01T00:00:00Z,2014-10-01T00:00:00Z,-122.513,41.7704
417704N1225126W001,1797159,2013-10-24T00:00:00Z,2678.8,2677.3,NA,NA,NA,NA,NA,Temporarily inaccessible,NA,NA,1,Department of Water Resources,Forgot to measure.,1,Department of Water Resources,NA,NA,24066,45N06W10A001M,45N06W10A001M,USGS quad,10 ft.,1-004,Shasta Valley,Siskiyou,NA,Residential,Single Well,NA,1953-04-07 00:00:00 - 2020-04-10 12:00:00,65,fall,0.5,58.8,NA,NA,2014,4.29,2.59,7.46,4.07,Critical,SAC,2013-10-01T00:00:00Z,2014-10-01T00:00:00Z,-122.513,41.7704
417704N1225126W001,1684668,2013-03-25T00:00:00Z,2678.79,2677.29,9.1,15,2672.89,5.9,4.4,NA,Steel tape measurement,Water level accuracy to nearest tenth of a foot,1,Department of Water Resources,NA,1,Department of Water Resources,NA,NA,24066,45N06W10A001M,45N06W10A001M,USGS quad,10 ft.,1-004,Shasta Valley,Siskiyou,NA,Residential,Single Well,NA,1953-04-07 00:00:00 - 2020-04-10 12:00:00,65,spring,NA,NA,-1.5,20.6,2013,8.52,3.01,12.19,5.83,Dry,SAC,2012-10-01T00:00:00Z,2013-10-01T00:00:00Z,-122.513,41.7704
417704N1225126W001,69699,2012-10-26T00:00:00Z,2678.79,2677.29,19.5,24,2674.29,4.5,3,NA,Steel tape measurement,Water level accuracy to nearest tenth of a foot,1,Department of Water Resources,NA,1,Department of Water Resources,NA,NA,24066,45N06W10A001M,45N06W10A001M,USGS quad,10 ft.,1-004,Shasta Valley,Siskiyou,NA,Residential,Single Well,NA,1953-04-07 00:00:00 - 2020-04-10 12:00:00,65,fall,0.5,58.8,NA,NA,2013,8.52,3.01,12.19,5.83,Dry,SAC,2012-10-01T00:00:00Z,2013-10-01T00:00:00Z,-122.513,41.7704
417704N1225126W001,59889,2012-04-18T00:00:00Z,2678.79,2677.29,5,10,2673.79,5,3.5,NA,Steel tape measurement,Water level accuracy to nearest tenth of a foot,1,Department of Water Resources,NA,1,Department of Water Resources,NA,NA,24066,45N06W10A001M,45N06W10A001M,USGS quad,10 ft.,1-004,Shasta Valley,Siskiyou,NA,Residential,Single Well,NA,1953-04-07 00:00:00 - 2020-04-10 12:00:00,65,spring,NA,NA,-1.5,20.6,2012,5.69,5.46,11.84,6.89,Below Normal,SAC,2011-10-01T00:00:00Z,2012-10-01T00:00:00Z,-122.513,41.7704
417704N1225126W001,679170,2011-04-21T00:00:00Z,2678.79,2677.29,NA,NA,NA,NA,NA,Measurement Discontinued,NA,NA,1,Department of Water Resources,NA,1,Department of Water Resources,NA,NA,24066,45N06W10A001M,45N06W10A001M,USGS quad,10 ft.,1-004,Shasta Valley,Siskiyou,NA,Residential,Single Well,NA,1953-04-07 00:00:00 - 2020-04-10 12:00:00,65,spring,NA,NA,-1.5,20.6,2011,12.68,11.53,25.21,10.54,Wet,SAC,2010-10-01T00:00:00Z,2011-10-01T00:00:00Z,-122.513,41.7704
417704N1225126W001,679169,2010-10-26T00:00:00Z,2678.79,2677.29,NA,NA,NA,NA,NA,Measurement Discontinued,NA,NA,1,Department of Water Resources,NA,1,Department of Water Resources,NA,NA,24066,45N06W10A001M,45N06W10A001M,USGS quad,10 ft.,1-004,Shasta Valley,Siskiyou,NA,Residential,Single Well,NA,1953-04-07 00:00:00 - 2020-04-10 12:00:00,65,fall,0.5,58.8,NA,NA,2011,12.68,11.53,25.21,10.54,Wet,SAC,2010-10-01T00:00:00Z,2011-10-01T00:00:00Z,-122.513,41.7704
417704N1225126W001,679168,2010-04-01T00:00:00Z,2678.79,2677.29,NA,NA,NA,NA,NA,Measurement Discontinued,NA,NA,1,Department of Water Resources,NA,1,Department of Water Resources,NA,NA,24066,45N06W10A001M,45N06W10A001M,USGS quad,10 ft.,1-004,Shasta Valley,Siskiyou,NA,Residential,Single Well,NA,1953-04-07 00:00:00 - 2020-04-10 12:00:00,65,spring,NA,NA,-1.5,20.6,2010,7.45,7.78,16.01,7.08,Below Normal,SAC,2009-10-01T00:00:00Z,2010-10-01T00:00:00Z,-122.513,41.7704
417704N1225126W001,679167,2009-10-28T00:00:00Z,2678.79,2677.29,0,18.5,2660.29,18.5,17,NA,Unknown,Water level accuracy is unknown,1,Department of Water Resources,NA,1,Department of Water Resources,NA,NA,24066,45N06W10A001M,45N06W10A001M,USGS quad,10 ft.,1-004,Shasta Valley,Siskiyou,NA,Residential,Single Well,NA,1953-04-07 00:00:00 - 2020-04-10 12:00:00,65,fall,0.5,58.8,NA,NA,2010,7.45,7.78,16.01,7.08,Below Normal,SAC,2009-10-01T00:00:00Z,2010-10-01T00:00:00Z,-122.513,41.7704
417704N1225126W001,679166,2009-04-07T00:00:00Z,2678.79,2677.29,0,11.1,2667.69,11.1,9.6,NA,Unknown,Water level accuracy is unknown,1,Department of Water Resources,NA,1,Department of Water Resources,NA,NA,24066,45N06W10A001M,45N06W10A001M,USGS quad,10 ft.,1-004,Shasta Valley,Siskiyou,NA,Residential,Single Well,NA,1953-04-07 00:00:00 - 2020-04-10 12:00:00,65,spring,NA,NA,-1.5,20.6,2009,7.05,5.3,13.02,5.78,Dry,SAC,2008-10-01T00:00:00Z,2009-10-01T00:00:00Z,-122.513,41.7704
417704N1225126W001,679165,2008-10-29T00:00:00Z,2678.79,2677.29,0,10.7,2668.09,10.7,9.2,NA,Unknown,Water level accuracy is unknown,1,Department of Water Resources,NA,1,Department of Water Resources,NA,NA,24066,45N06W10A001M,45N06W10A001M,USGS quad,10 ft.,1-004,Shasta Valley,Siskiyou,NA,Residential,Single Well,NA,1953-04-07 00:00:00 - 2020-04-10 12:00:00,65,fall,0.5,58.8,NA,NA,2009,7.05,5.3,13.02,5.78,Dry,SAC,2008-10-01T00:00:00Z,2009-10-01T00:00:00Z,-122.513,41.7704
417704N1225126W001,679164,2008-03-28T00:00:00Z,2678.79,2677.29,0,2.3,2676.49,2.3,0.8,NA,Unknown,Water level accuracy is unknown,1,Department of Water Resources,NA,1,Department of Water Resources,NA,NA,24066,45N06W10A001M,45N06W10A001M,USGS quad,10 ft.,1-004,Shasta Valley,Siskiyou,NA,Residential,Single Well,NA,1953-04-07 00:00:00 - 2020-04-10 12:00:00,65,spring,NA,NA,-1.5,20.6,2008,5.9,3.82,10.28,5.16,Critical,SAC,2007-10-01T00:00:00Z,2008-10-01T00:00:00Z,-122.513,41.7704
417704N1225126W001,679163,2007-10-23T00:00:00Z,2678.79,2677.29,0,9.8,2668.99,9.8,8.3,NA,Unknown,Water level accuracy is unknown,1,Department of Water Resources,NA,1,Department of Water Resources,NA,NA,24066,45N06W10A001M,45N06W10A001M,USGS quad,10 ft.,1-004,Shasta Valley,Siskiyou,NA,Residential,Single Well,NA,1953-04-07 00:00:00 - 2020-04-10 12:00:00,65,fall,0.5,58.8,NA,NA,2008,5.9,3.82,10.28,5.16,Critical,SAC,2007-10-01T00:00:00Z,2008-10-01T00:00:00Z,-122.513,41.7704
417704N1225126W001,679162,2007-03-27T00:00:00Z,2678.79,2677.29,0,1,2677.79,1,-0.5,NA,Unknown,Water level accuracy is unknown,1,Department of Water Resources,NA,1,Department of Water Resources,NA,NA,24066,45N06W10A001M,45N06W10A001M,USGS quad,10 ft.,1-004,Shasta Valley,Siskiyou,NA,Residential,Single Well,NA,1953-04-07 00:00:00 - 2020-04-10 12:00:00,65,spring,NA,NA,-1.5,20.6,2007,6.59,3.04,10.28,6.19,Dry,SAC,2006-10-01T00:00:00Z,2007-10-01T00:00:00Z,-122.513,41.7704
417704N1225126W001,679161,2006-10-16T00:00:00Z,2678.79,2677.29,0,6.1,2672.69,6.1,4.6,NA,Unknown,Water level accuracy is unknown,1,Department of Water Resources,NA,1,Department of Water Resources,NA,NA,24066,45N06W10A001M,45N06W10A001M,USGS quad,10 ft.,1-004,Shasta Valley,Siskiyou,NA,Residential,Single Well,NA,1953-04-07 00:00:00 - 2020-04-10 12:00:00,65,fall,0.5,58.8,NA,NA,2007,6.59,3.04,10.28,6.19,Dry,SAC,2006-10-01T00:00:00Z,2007-10-01T00:00:00Z,-122.513,41.7704
417704N1225126W001,679160,2006-04-20T00:00:00Z,2678.79,2677.29,NA,NA,NA,NA,NA,Special/Other,NA,NA,1,Department of Water Resources,NA,1,Department of Water Resources,NA,NA,24066,45N06W10A001M,45N06W10A001M,USGS quad,10 ft.,1-004,Shasta Valley,Siskiyou,NA,Residential,Single Well,NA,1953-04-07 00:00:00 - 2020-04-10 12:00:00,65,spring,NA,NA,-1.5,20.6,2006,18.06,13.09,32.09,13.2,Wet,SAC,2005-10-01T00:00:00Z,2006-10-01T00:00:00Z,-122.513,41.7704
417704N1225126W001,679159,2005-10-14T00:00:00Z,2678.79,2677.29,0,14.8,2663.99,14.8,13.3,NA,Unknown,Water level accuracy is unknown,1,Department of Water Resources,NA,1,Department of Water Resources,NA,NA,24066,45N06W10A001M,45N06W10A001M,USGS quad,10 ft.,1-004,Shasta Valley,Siskiyou,NA,Residential,Single Well,NA,1953-04-07 00:00:00 - 2020-04-10 12:00:00,65,fall,0.5,58.8,NA,NA,2006,18.06,13.09,32.09,13.2,Wet,SAC,2005-10-01T00:00:00Z,2006-10-01T00:00:00Z,-122.513,41.7704
417704N1225126W001,679158,2005-03-30T00:00:00Z,2678.79,2677.29,0,11.1,2667.69,11.1,9.6,NA,Unknown,Water level accuracy is unknown,1,Department of Water Resources,NA,1,Department of Water Resources,NA,NA,24066,45N06W10A001M,45N06W10A001M,USGS quad,10 ft.,1-004,Shasta Valley,Siskiyou,NA,Residential,Single Well,NA,1953-04-07 00:00:00 - 2020-04-10 12:00:00,65,spring,NA,NA,-1.5,20.6,2005,8.4,9.28,18.55,8.49,Above Normal,SAC,2004-10-01T00:00:00Z,2005-10-01T00:00:00Z,-122.513,41.7704
417704N1225126W001,679157,2004-10-29T00:00:00Z,2678.79,2677.29,0,10.1,2668.69,10.1,8.6,NA,Unknown,Water level accuracy is unknown,1,Department of Water Resources,NA,1,Department of Water Resources,NA,NA,24066,45N06W10A001M,45N06W10A001M,USGS quad,10 ft.,1-004,Shasta Valley,Siskiyou,NA,Residential,Single Well,NA,1953-04-07 00:00:00 - 2020-04-10 12:00:00,65,fall,0.5,58.8,NA,NA,2005,8.4,9.28,18.55,8.49,Above Normal,SAC,2004-10-01T00:00:00Z,2005-10-01T00:00:00Z,-122.513,41.7704
417704N1225126W001,679156,2004-03-29T00:00:00Z,2678.79,2677.29,0,4,2674.79,4,2.5,NA,Unknown,Water level accuracy is unknown,1,Department of Water Resources,NA,1,Department of Water Resources,NA,NA,24066,45N06W10A001M,45N06W10A001M,USGS quad,10 ft.,1-004,Shasta Valley,Siskiyou,NA,Residential,Single Well,NA,1953-04-07 00:00:00 - 2020-04-10 12:00:00,65,spring,NA,NA,-1.5,20.6,2004,10.95,4.4,16.04,7.51,Below Normal,SAC,2003-10-01T00:00:00Z,2004-10-01T00:00:00Z,-122.513,41.7704
417704N1225126W001,679155,2003-10-07T00:00:00Z,2678.79,2677.29,0,16.4,2662.39,16.4,14.9,NA,Unknown,Water level accuracy is unknown,1,Department of Water Resources,NA,1,Department of Water Resources,NA,NA,24066,45N06W10A001M,45N06W10A001M,USGS quad,10 ft.,1-004,Shasta Valley,Siskiyou,NA,Residential,Single Well,NA,1953-04-07 00:00:00 - 2020-04-10 12:00:00,65,fall,0.5,58.8,NA,NA,2004,10.95,4.4,16.04,7.51,Below Normal,SAC,2003-10-01T00:00:00Z,2004-10-01T00:00:00Z,-122.513,41.7704
417704N1225126W001,679154,2003-03-24T00:00:00Z,2678.79,2677.29,0,5.3,2673.49,5.3,3.8,NA,Unknown,Water level accuracy is unknown,1,Department of Water Resources,NA,1,Department of Water Resources,NA,NA,24066,45N06W10A001M,45N06W10A001M,USGS quad,10 ft.,1-004,Shasta Valley,Siskiyou,NA,Residential,Single Well,NA,1953-04-07 00:00:00 - 2020-04-10 12:00:00,65,spring,NA,NA,-1.5,20.6,2003,10.71,7.74,19.31,8.21,Above Normal,SAC,2002-10-01T00:00:00Z,2003-10-01T00:00:00Z,-122.513,41.7704
417704N1225126W001,679153,2002-10-10T00:00:00Z,2678.79,2677.29,0,18.5,2660.29,18.5,17,NA,Unknown,Water level accuracy is unknown,1,Department of Water Resources,NA,1,Department of Water Resources,NA,NA,24066,45N06W10A001M,45N06W10A001M,USGS quad,10 ft.,1-004,Shasta Valley,Siskiyou,NA,Residential,Single Well,NA,1953-04-07 00:00:00 - 2020-04-10 12:00:00,65,fall,0.5,58.8,NA,NA,2003,10.71,7.74,19.31,8.21,Above Normal,SAC,2002-10-01T00:00:00Z,2003-10-01T00:00:00Z,-122.513,41.7704
417704N1225126W001,679152,2002-03-27T00:00:00Z,2678.79,2677.29,0,6,2672.79,6,4.5,NA,Unknown,Water level accuracy is unknown,1,Department of Water Resources,NA,1,Department of Water Resources,NA,NA,24066,45N06W10A001M,45N06W10A001M,USGS quad,10 ft.,1-004,Shasta Valley,Siskiyou,NA,Residential,Single Well,NA,1953-04-07 00:00:00 - 2020-04-10 12:00:00,65,spring,NA,NA,-1.5,20.6,2002,9.32,4.57,14.6,6.35,Dry,SAC,2001-10-01T00:00:00Z,2002-10-01T00:00:00Z,-122.513,41.7704
417704N1225126W001,679151,2001-10-25T00:00:00Z,2678.79,2677.29,0,17.9,2660.89,17.9,16.4,NA,Unknown,Water level accuracy is unknown,1,Department of Water Resources,NA,1,Department of Water Resources,NA,NA,24066,45N06W10A001M,45N06W10A001M,USGS quad,10 ft.,1-004,Shasta Valley,Siskiyou,NA,Residential,Single Well,NA,1953-04-07 00:00:00 - 2020-04-10 12:00:00,65,fall,0.5,58.8,NA,NA,2002,9.32,4.57,14.6,6.35,Dry,SAC,2001-10-01T00:00:00Z,2002-10-01T00:00:00Z,-122.513,41.7704
417704N1225126W001,679150,2001-04-02T00:00:00Z,2678.79,2677.29,0,6.9,2671.89,6.9,5.4,NA,Unknown,Water level accuracy is unknown,1,Department of Water Resources,NA,1,Department of Water Resources,NA,NA,24066,45N06W10A001M,45N06W10A001M,USGS quad,10 ft.,1-004,Shasta Valley,Siskiyou,NA,Residential,Single Well,NA,1953-04-07 00:00:00 - 2020-04-10 12:00:00,65,spring,NA,NA,-1.5,20.6,2001,5.64,3.46,9.81,5.76,Dry,SAC,2000-10-01T00:00:00Z,2001-10-01T00:00:00Z,-122.513,41.7704
417704N1225126W001,679149,2000-10-09T00:00:00Z,2678.79,2677.29,0,18,2660.79,18,16.5,NA,Unknown,Water level accuracy is unknown,1,Department of Water Resources,NA,1,Department of Water Resources,NA,NA,24066,45N06W10A001M,45N06W10A001M,USGS quad,10 ft.,1-004,Shasta Valley,Siskiyou,NA,Residential,Single Well,NA,1953-04-07 00:00:00 - 2020-04-10 12:00:00,65,fall,0.5,58.8,NA,NA,2001,5.64,3.46,9.81,5.76,Dry,SAC,2000-10-01T00:00:00Z,2001-10-01T00:00:00Z,-122.513,41.7704
417704N1225126W001,679148,2000-03-22T00:00:00Z,2678.79,2677.29,0,0,2678.79,0,-1.5,NA,Unknown,Water level accuracy is unknown,1,Department of Water Resources,NA,1,Department of Water Resources,NA,NA,24066,45N06W10A001M,45N06W10A001M,USGS quad,10 ft.,1-004,Shasta Valley,Siskiyou,NA,Residential,Single Well,NA,1953-04-07 00:00:00 - 2020-04-10 12:00:00,65,spring,NA,NA,-1.5,20.6,2000,12.06,5.96,18.9,8.94,Above Normal,SAC,1999-10-01T00:00:00Z,2000-10-01T00:00:00Z,-122.513,41.7704
417704N1225126W001,679146,1999-10-25T00:00:00Z,2678.79,2677.29,0,9.8,2668.99,9.8,8.3,NA,Unknown,Water level accuracy is unknown,1,Department of Water Resources,NA,1,Department of Water Resources,NA,NA,24066,45N06W10A001M,45N06W10A001M,USGS quad,10 ft.,1-004,Shasta Valley,Siskiyou,NA,Residential,Single Well,NA,1953-04-07 00:00:00 - 2020-04-10 12:00:00,65,fall,0.5,58.8,NA,NA,2000,12.06,5.96,18.9,8.94,Above Normal,SAC,1999-10-01T00:00:00Z,2000-10-01T00:00:00Z,-122.513,41.7704
417704N1225126W001,679147,1999-03-15T00:00:00Z,2678.79,2677.29,NA,NA,NA,NA,NA,Special/Other,NA,NA,1,Department of Water Resources,NA,1,Department of Water Resources,NA,NA,24066,45N06W10A001M,45N06W10A001M,USGS quad,10 ft.,1-004,Shasta Valley,Siskiyou,NA,Residential,Single Well,NA,1953-04-07 00:00:00 - 2020-04-10 12:00:00,65,spring,NA,NA,-1.5,20.6,1999,12.97,7.26,21.19,9.8,Wet,SAC,1998-10-01T00:00:00Z,1999-10-01T00:00:00Z,-122.513,41.7704
417704N1225126W001,679145,1998-10-26T00:00:00Z,2678.79,2677.29,0,2.9,2675.89,2.9,1.4,NA,Unknown,Water level accuracy is unknown,1,Department of Water Resources,NA,1,Department of Water Resources,NA,NA,24066,45N06W10A001M,45N06W10A001M,USGS quad,10 ft.,1-004,Shasta Valley,Siskiyou,NA,Residential,Single Well,NA,1953-04-07 00:00:00 - 2020-04-10 12:00:00,65,fall,0.5,58.8,NA,NA,1999,12.97,7.26,21.19,9.8,Wet,SAC,1998-10-01T00:00:00Z,1999-10-01T00:00:00Z,-122.513,41.7704
417704N1225126W001,679144,1998-04-01T00:00:00Z,2678.79,2677.29,NA,NA,NA,NA,NA,Special/Other,NA,NA,1,Department of Water Resources,NA,1,Department of Water Resources,NA,NA,24066,45N06W10A001M,45N06W10A001M,USGS quad,10 ft.,1-004,Shasta Valley,Siskiyou,NA,Residential,Single Well,NA,1953-04-07 00:00:00 - 2020-04-10 12:00:00,65,spring,NA,NA,-1.5,20.6,1998,17.65,12.54,31.4,13.31,Wet,SAC,1997-10-01T00:00:00Z,1998-10-01T00:00:00Z,-122.513,41.7704
417704N1225126W001,679143,1997-10-23T00:00:00Z,2678.79,2677.29,0,9.1,2669.69,9.1,7.6,NA,Unknown,Water level accuracy is unknown,1,Department of Water Resources,NA,1,Department of Water Resources,NA,NA,24066,45N06W10A001M,45N06W10A001M,USGS quad,10 ft.,1-004,Shasta Valley,Siskiyou,NA,Residential,Single Well,NA,1953-04-07 00:00:00 - 2020-04-10 12:00:00,65,fall,0.5,58.8,NA,NA,1998,17.65,12.54,31.4,13.31,Wet,SAC,1997-10-01T00:00:00Z,1998-10-01T00:00:00Z,-122.513,41.7704
417704N1225126W001,679142,1997-03-10T00:00:00Z,2678.79,2677.29,NA,NA,NA,NA,NA,Special/Other,NA,NA,1,Department of Water Resources,NA,1,Department of Water Resources,NA,NA,24066,45N06W10A001M,45N06W10A001M,USGS quad,10 ft.,1-004,Shasta Valley,Siskiyou,NA,Residential,Single Well,NA,1953-04-07 00:00:00 - 2020-04-10 12:00:00,65,spring,NA,NA,-1.5,20.6,1997,20.22,4.39,25.42,10.82,Wet,SAC,1996-10-01T00:00:00Z,1997-10-01T00:00:00Z,-122.513,41.7704
417704N1225126W001,679141,1996-10-23T00:00:00Z,2678.79,2677.29,0,7.1,2671.69,7.1,5.6,NA,Unknown,Water level accuracy is unknown,1,Department of Water Resources,NA,1,Department of Water Resources,NA,NA,24066,45N06W10A001M,45N06W10A001M,USGS quad,10 ft.,1-004,Shasta Valley,Siskiyou,NA,Residential,Single Well,NA,1953-04-07 00:00:00 - 2020-04-10 12:00:00,65,fall,0.5,58.8,NA,NA,1997,20.22,4.39,25.42,10.82,Wet,SAC,1996-10-01T00:00:00Z,1997-10-01T00:00:00Z,-122.513,41.7704
417704N1225126W001,679140,1996-04-12T00:00:00Z,2678.79,2677.29,NA,NA,NA,NA,NA,Special/Other,NA,NA,1,Department of Water Resources,NA,1,Department of Water Resources,NA,NA,24066,45N06W10A001M,45N06W10A001M,USGS quad,10 ft.,1-004,Shasta Valley,Siskiyou,NA,Residential,Single Well,NA,1953-04-07 00:00:00 - 2020-04-10 12:00:00,65,spring,NA,NA,-1.5,20.6,1996,13.05,8.37,22.29,10.26,Wet,SAC,1995-10-01T00:00:00Z,1996-10-01T00:00:00Z,-122.513,41.7704
417704N1225126W001,679139,1995-10-18T00:00:00Z,2678.79,2677.29,0,17.3,2661.49,17.3,15.8,NA,Unknown,Water level accuracy is unknown,1,Department of Water Resources,NA,1,Department of Water Resources,NA,NA,24066,45N06W10A001M,45N06W10A001M,USGS quad,10 ft.,1-004,Shasta Valley,Siskiyou,NA,Residential,Single Well,NA,1953-04-07 00:00:00 - 2020-04-10 12:00:00,65,fall,0.5,58.8,NA,NA,1996,13.05,8.37,22.29,10.26,Wet,SAC,1995-10-01T00:00:00Z,1996-10-01T00:00:00Z,-122.513,41.7704
417704N1225126W001,679138,1995-03-29T00:00:00Z,2678.79,2677.29,0,7.7,2671.09,7.7,6.2,NA,Unknown,Water level accuracy is unknown,1,Department of Water Resources,NA,1,Department of Water Resources,NA,NA,24066,45N06W10A001M,45N06W10A001M,USGS quad,10 ft.,1-004,Shasta Valley,Siskiyou,NA,Residential,Single Well,NA,1953-04-07 00:00:00 - 2020-04-10 12:00:00,65,spring,NA,NA,-1.5,20.6,1995,19.83,13.6,34.55,12.89,Wet,SAC,1994-10-01T00:00:00Z,1995-10-01T00:00:00Z,-122.513,41.7704
417704N1225126W001,679137,1994-10-26T00:00:00Z,2678.79,2677.29,0,25.2,2653.59,25.2,23.7,NA,Unknown,Water level accuracy is unknown,1,Department of Water Resources,NA,1,Department of Water Resources,NA,NA,24066,45N06W10A001M,45N06W10A001M,USGS quad,10 ft.,1-004,Shasta Valley,Siskiyou,NA,Residential,Single Well,NA,1953-04-07 00:00:00 - 2020-04-10 12:00:00,65,fall,0.5,58.8,NA,NA,1995,19.83,13.6,34.55,12.89,Wet,SAC,1994-10-01T00:00:00Z,1995-10-01T00:00:00Z,-122.513,41.7704
417704N1225126W001,679136,1994-04-01T00:00:00Z,2678.79,2677.29,0,18.7,2660.09,18.7,17.2,NA,Unknown,Water level accuracy is unknown,1,Department of Water Resources,NA,1,Department of Water Resources,NA,NA,24066,45N06W10A001M,45N06W10A001M,USGS quad,10 ft.,1-004,Shasta Valley,Siskiyou,NA,Residential,Single Well,NA,1953-04-07 00:00:00 - 2020-04-10 12:00:00,65,spring,NA,NA,-1.5,20.6,1994,4.55,2.73,7.81,5.02,Critical,SAC,1993-10-01T00:00:00Z,1994-10-01T00:00:00Z,-122.513,41.7704
417704N1225126W001,679135,1993-10-15T00:00:00Z,2678.79,2677.29,NA,NA,NA,NA,NA,Special/Other,NA,NA,1,Department of Water Resources,NA,1,Department of Water Resources,NA,NA,24066,45N06W10A001M,45N06W10A001M,USGS quad,10 ft.,1-004,Shasta Valley,Siskiyou,NA,Residential,Single Well,NA,1953-04-07 00:00:00 - 2020-04-10 12:00:00,65,fall,0.5,58.8,NA,NA,1994,4.55,2.73,7.81,5.02,Critical,SAC,1993-10-01T00:00:00Z,1994-10-01T00:00:00Z,-122.513,41.7704
417704N1225126W001,679134,1993-03-16T00:00:00Z,2678.79,2677.29,0,18.6,2660.19,18.6,17.1,NA,Unknown,Water level accuracy is unknown,1,Department of Water Resources,NA,1,Department of Water Resources,NA,NA,24066,45N06W10A001M,45N06W10A001M,USGS quad,10 ft.,1-004,Shasta Valley,Siskiyou,NA,Residential,Single Well,NA,1953-04-07 00:00:00 - 2020-04-10 12:00:00,65,spring,NA,NA,-1.5,20.6,1993,12.44,8.98,22.21,8.54,Above Normal,SAC,1992-10-01T00:00:00Z,1993-10-01T00:00:00Z,-122.513,41.7704
417704N1225126W001,679133,1992-10-21T00:00:00Z,2678.79,2677.29,0,60.3,2618.49,60.3,58.8,NA,Unknown,Water level accuracy is unknown,1,Department of Water Resources,NA,1,Department of Water Resources,NA,NA,24066,45N06W10A001M,45N06W10A001M,USGS quad,10 ft.,1-004,Shasta Valley,Siskiyou,NA,Residential,Single Well,NA,1953-04-07 00:00:00 - 2020-04-10 12:00:00,65,fall,0.5,58.8,NA,NA,1993,12.44,8.98,22.21,8.54,Above Normal,SAC,1992-10-01T00:00:00Z,1993-10-01T00:00:00Z,-122.513,41.7704
417704N1225126W001,679132,1992-03-04T00:00:00Z,2678.79,2677.29,0,22.1,2656.69,22.1,20.6,NA,Unknown,Water level accuracy is unknown,1,Department of Water Resources,NA,1,Department of Water Resources,NA,NA,24066,45N06W10A001M,45N06W10A001M,USGS quad,10 ft.,1-004,Shasta Valley,Siskiyou,NA,Residential,Single Well,NA,1953-04-07 00:00:00 - 2020-04-10 12:00:00,65,spring,NA,NA,-1.5,20.6,1992,5.41,2.93,8.87,4.06,Critical,SAC,1991-10-01T00:00:00Z,1992-10-01T00:00:00Z,-122.513,41.7704
417704N1225126W001,679131,1991-10-01T00:00:00Z,2678.79,2677.29,0,47.5,2631.29,47.5,46,NA,Unknown,Water level accuracy is unknown,1,Department of Water Resources,NA,1,Department of Water Resources,NA,NA,24066,45N06W10A001M,45N06W10A001M,USGS quad,10 ft.,1-004,Shasta Valley,Siskiyou,NA,Residential,Single Well,NA,1953-04-07 00:00:00 - 2020-04-10 12:00:00,65,fall,0.5,58.8,NA,NA,1992,5.41,2.93,8.87,4.06,Critical,SAC,1991-10-01T00:00:00Z,1992-10-01T00:00:00Z,-122.513,41.7704
417704N1225126W001,679130,1991-03-20T00:00:00Z,2678.79,2677.29,0,13.7,2665.09,13.7,12.2,NA,Unknown,Water level accuracy is unknown,1,Department of Water Resources,NA,1,Department of Water Resources,NA,NA,24066,45N06W10A001M,45N06W10A001M,USGS quad,10 ft.,1-004,Shasta Valley,Siskiyou,NA,Residential,Single Well,NA,1953-04-07 00:00:00 - 2020-04-10 12:00:00,65,spring,NA,NA,-1.5,20.6,1991,3.9,4.01,8.44,4.21,Critical,SAC,1990-10-01T00:00:00Z,1991-10-01T00:00:00Z,-122.513,41.7704
417704N1225126W001,679129,1990-10-01T00:00:00Z,2678.79,2677.29,0,45.9,2632.89,45.9,44.4,NA,Unknown,Water level accuracy is unknown,1,Department of Water Resources,NA,1,Department of Water Resources,NA,NA,24066,45N06W10A001M,45N06W10A001M,USGS quad,10 ft.,1-004,Shasta Valley,Siskiyou,NA,Residential,Single Well,NA,1953-04-07 00:00:00 - 2020-04-10 12:00:00,65,fall,0.5,58.8,NA,NA,1991,3.9,4.01,8.44,4.21,Critical,SAC,1990-10-01T00:00:00Z,1991-10-01T00:00:00Z,-122.513,41.7704
417704N1225126W001,679128,1990-09-04T00:00:00Z,2678.79,2677.29,0,38.9,2639.89,38.9,37.4,NA,Unknown,Water level accuracy is unknown,1,Department of Water Resources,NA,1,Department of Water Resources,NA,NA,24066,45N06W10A001M,45N06W10A001M,USGS quad,10 ft.,1-004,Shasta Valley,Siskiyou,NA,Residential,Single Well,NA,1953-04-07 00:00:00 - 2020-04-10 12:00:00,65,fall,0.5,58.8,NA,NA,1990,4.94,3.72,9.26,4.81,Critical,SAC,1989-10-01T00:00:00Z,1990-10-01T00:00:00Z,-122.513,41.7704
417704N1225126W001,2030195,1954-10-30T00:00:00Z,2678.79,2677.29,NA,NA,NA,NA,NA,Special/Other,NA,NA,1,Department of Water Resources,Not measured again until 9/4/1990.,1,Department of Water Resources,NA,NA,24066,45N06W10A001M,45N06W10A001M,USGS quad,10 ft.,1-004,Shasta Valley,Siskiyou,NA,Residential,Single Well,NA,1953-04-07 00:00:00 - 2020-04-10 12:00:00,65,fall,0.5,58.8,NA,NA,1955,5.19,5.07,10.98,6.14,Dry,SAC,1954-10-01T00:00:00Z,1955-10-01T00:00:00Z,-122.513,41.7704
417704N1225126W001,679127,1954-10-29T00:00:00Z,2678.79,2677.29,0,7.1,2671.69,7.1,5.6,NA,Unknown,Water level accuracy is unknown,1,Department of Water Resources,NA,1,Department of Water Resources,NA,NA,24066,45N06W10A001M,45N06W10A001M,USGS quad,10 ft.,1-004,Shasta Valley,Siskiyou,NA,Residential,Single Well,NA,1953-04-07 00:00:00 - 2020-04-10 12:00:00,65,fall,0.5,58.8,NA,NA,1955,5.19,5.07,10.98,6.14,Dry,SAC,1954-10-01T00:00:00Z,1955-10-01T00:00:00Z,-122.513,41.7704
417704N1225126W001,679126,1954-05-06T00:00:00Z,2678.79,2677.29,0,7.4,2671.39,7.4,5.9,NA,Unknown,Water level accuracy is unknown,1,Department of Water Resources,NA,1,Department of Water Resources,NA,NA,24066,45N06W10A001M,45N06W10A001M,USGS quad,10 ft.,1-004,Shasta Valley,Siskiyou,NA,Residential,Single Well,NA,1953-04-07 00:00:00 - 2020-04-10 12:00:00,65,spring,NA,NA,-1.5,20.6,1954,9.74,6.81,17.43,8.51,Above Normal,SAC,1953-10-01T00:00:00Z,1954-10-01T00:00:00Z,-122.513,41.7704
417704N1225126W001,679125,1953-10-24T00:00:00Z,2678.79,2677.29,0,5,2673.79,5,3.5,NA,Unknown,Water level accuracy is unknown,1,Department of Water Resources,NA,1,Department of Water Resources,NA,NA,24066,45N06W10A001M,45N06W10A001M,USGS quad,10 ft.,1-004,Shasta Valley,Siskiyou,NA,Residential,Single Well,NA,1953-04-07 00:00:00 - 2020-04-10 12:00:00,65,fall,0.5,58.8,NA,NA,1954,9.74,6.81,17.43,8.51,Above Normal,SAC,1953-10-01T00:00:00Z,1954-10-01T00:00:00Z,-122.513,41.7704
417704N1225126W001,679124,1953-04-07T00:00:00Z,2678.79,2677.29,0,3.5,2675.29,3.5,2,NA,Unknown,Water level accuracy is unknown,1,Department of Water Resources,NA,1,Department of Water Resources,NA,NA,24066,45N06W10A001M,45N06W10A001M,USGS quad,10 ft.,1-004,Shasta Valley,Siskiyou,NA,Residential,Single Well,NA,1953-04-07 00:00:00 - 2020-04-10 12:00:00,65,spring,NA,NA,-1.5,20.6,1953,10.84,8.26,20.09,9.55,Wet,SAC,1952-10-01T00:00:00Z,1953-10-01T00:00:00Z,-122.513,41.7704
