SITE_CODE,WLM_ID,MSMT_DATE,WLM_RPE,WLM_GSE,RDNG_WS,RDNG_RP,WSE,RPE_WSE,GSE_WSE,WLM_QA_DESC,WLM_DESC,WLM_ACC_DESC,WLM_ORG_ID,WLM_ORG_NAME,MSMT_CMT,COOP_AGENCY_ORG_ID,COOP_ORG_NAME,TOP_PRF,BOT_PRF,STN_ID,SWN,WELL_NAME,WLM_METHOD,WLM_ACC,BASIN_CODE,BASIN_NAME,COUNTY_NAME,WELL_DEPTH,WELL_USE,WELL_TYPE,WCR_NO,t_range,n_samples,X,Y
417860N1220153W001,2619023,2020-04-01T00:00:00Z,4252.83,4252,NA,NA,NA,NA,NA,Special/Other,NA,NA,5109,Siskiyou County Natural Resource Department,Covid-19,5109,Siskiyou County Natural Resource Department,NA,NA,49273,NA,BV01,GPS,20 ft.,1-003,Butte Valley,Siskiyou,NA,Irrigation,Single Well,NA,2013-04-12 12:25:00 - 2020-04-01 00:00:00,13,-122.015,41.786
417860N1220153W001,2491171,2019-10-29T00:00:00Z,4252.83,4252,NA,NA,NA,NA,NA,Pumping,NA,NA,5109,Siskiyou County Natural Resource Department,NA,5109,Siskiyou County Natural Resource Department,NA,NA,49273,NA,BV01,GPS,20 ft.,1-003,Butte Valley,Siskiyou,NA,Irrigation,Single Well,NA,2013-04-12 12:25:00 - 2020-04-01 00:00:00,13,-122.015,41.786
417860N1220153W001,2467964,2019-03-27T00:00:00Z,4252.83,4252,NA,NA,NA,NA,NA,Special/Other,NA,NA,5109,Siskiyou County Natural Resource Department,NA,5109,Siskiyou County Natural Resource Department,NA,NA,49273,NA,BV01,GPS,20 ft.,1-003,Butte Valley,Siskiyou,NA,Irrigation,Single Well,NA,2013-04-12 12:25:00 - 2020-04-01 00:00:00,13,-122.015,41.786
417860N1220153W001,2414117,2018-10-30T00:00:00Z,4252.83,4252,0,53.15,4199.68,53.15,52.32,NA,Acoustic or sonic sounder,Water level accuracy is unknown,5109,Siskiyou County Natural Resource Department,NA,5109,Siskiyou County Natural Resource Department,NA,NA,49273,NA,BV01,GPS,20 ft.,1-003,Butte Valley,Siskiyou,NA,Irrigation,Single Well,NA,2013-04-12 12:25:00 - 2020-04-01 00:00:00,13,-122.015,41.786
417860N1220153W001,2294926,2018-03-23T11:00:00Z,4252.83,4252,0,52.99,4199.84,52.99,52.16,NA,Acoustic or sonic sounder,Water level accuracy is unknown,5109,Siskiyou County Natural Resource Department,NA,5109,Siskiyou County Natural Resource Department,NA,NA,49273,NA,BV01,GPS,20 ft.,1-003,Butte Valley,Siskiyou,NA,Irrigation,Single Well,NA,2013-04-12 12:25:00 - 2020-04-01 00:00:00,13,-122.015,41.786
417860N1220153W001,2268218,2017-10-20T10:20:00Z,4252.83,4252,0,53.87,4198.96,53.87,53.04,NA,Acoustic or sonic sounder,Water level accuracy is unknown,5109,Siskiyou County Natural Resource Department,NA,5109,Siskiyou County Natural Resource Department,NA,NA,49273,NA,BV01,GPS,20 ft.,1-003,Butte Valley,Siskiyou,NA,Irrigation,Single Well,NA,2013-04-12 12:25:00 - 2020-04-01 00:00:00,13,-122.015,41.786
417860N1220153W001,2235240,2017-03-22T10:25:00Z,4252.83,4252,0,52.12,4200.71,52.12,51.29,NA,Acoustic or sonic sounder,Water level accuracy is unknown,5109,Siskiyou County Natural Resource Department,NA,5109,Siskiyou County Natural Resource Department,NA,NA,49273,NA,BV01,GPS,20 ft.,1-003,Butte Valley,Siskiyou,NA,Irrigation,Single Well,NA,2013-04-12 12:25:00 - 2020-04-01 00:00:00,13,-122.015,41.786
417860N1220153W001,2213834,2016-10-20T10:45:00Z,4252.83,4252,0,53.4,4199.43,53.4,52.57,NA,Acoustic or sonic sounder,Water level accuracy is unknown,5109,Siskiyou County Natural Resource Department,NA,5109,Siskiyou County Natural Resource Department,NA,NA,49273,NA,BV01,GPS,20 ft.,1-003,Butte Valley,Siskiyou,NA,Irrigation,Single Well,NA,2013-04-12 12:25:00 - 2020-04-01 00:00:00,13,-122.015,41.786
417860N1220153W001,2196734,2016-04-27T11:20:00Z,4252.83,4252,0,50.76,4202.07,50.76,49.93,NA,Electric sounder measurement,Water level accuracy to nearest hundredth of a foot,5109,Siskiyou County Natural Resource Department,NA,5109,Siskiyou County Natural Resource Department,NA,NA,49273,NA,BV01,GPS,20 ft.,1-003,Butte Valley,Siskiyou,NA,Irrigation,Single Well,NA,2013-04-12 12:25:00 - 2020-04-01 00:00:00,13,-122.015,41.786
417860N1220153W001,2157218,2015-10-20T10:50:00Z,4252.83,4252,0,53.6,4199.23,53.6,52.77,NA,Electric sounder measurement,Water level accuracy to nearest hundredth of a foot,5109,Siskiyou County Natural Resource Department,NA,5109,Siskiyou County Natural Resource Department,NA,NA,49273,NA,BV01,GPS,20 ft.,1-003,Butte Valley,Siskiyou,NA,Irrigation,Single Well,NA,2013-04-12 12:25:00 - 2020-04-01 00:00:00,13,-122.015,41.786
417860N1220153W001,2137668,2015-04-30T10:20:00Z,4252.83,4252,0,53.3,4199.53,53.3,52.47,NA,Electric sounder measurement,Water level accuracy to nearest hundredth of a foot,5109,Siskiyou County Natural Resource Department,NA,5109,Siskiyou County Natural Resource Department,NA,NA,49273,NA,BV01,GPS,20 ft.,1-003,Butte Valley,Siskiyou,NA,Irrigation,Single Well,NA,2013-04-12 12:25:00 - 2020-04-01 00:00:00,13,-122.015,41.786
417860N1220153W001,1796971,2013-10-22T10:45:00Z,4252.83,4252,0,77.667,4175.16,77.667,76.837,NA,Electric sounder measurement,Water level accuracy to nearest hundredth of a foot,5109,Siskiyou County Natural Resource Department,Measurement in feet.,5109,Siskiyou County Natural Resource Department,NA,NA,49273,NA,BV01,GPS,20 ft.,1-003,Butte Valley,Siskiyou,NA,Irrigation,Single Well,NA,2013-04-12 12:25:00 - 2020-04-01 00:00:00,13,-122.015,41.786
417860N1220153W001,1703361,2013-04-12T12:25:00Z,4252.83,4252,0,53.458,4199.37,53.458,52.628,NA,Electric sounder measurement,Water level accuracy to nearest hundredth of a foot,5109,Siskiyou County Natural Resource Department,Reading in feet.,5109,Siskiyou County Natural Resource Department,NA,NA,49273,NA,BV01,GPS,20 ft.,1-003,Butte Valley,Siskiyou,NA,Irrigation,Single Well,NA,2013-04-12 12:25:00 - 2020-04-01 00:00:00,13,-122.015,41.786
