SITE_CODE,WLM_ID,MSMT_DATE,WLM_RPE,WLM_GSE,RDNG_WS,RDNG_RP,WSE,RPE_WSE,GSE_WSE,WLM_QA_DESC,WLM_DESC,WLM_ACC_DESC,WLM_ORG_ID,WLM_ORG_NAME,MSMT_CMT,COOP_AGENCY_ORG_ID,COOP_ORG_NAME,TOP_PRF,BOT_PRF,STN_ID,SWN,WELL_NAME,WLM_METHOD,WLM_ACC,BASIN_CODE,BASIN_NAME,COUNTY_NAME,WELL_DEPTH,WELL_USE,WELL_TYPE,WCR_NO,t_range,n_samples,season,fall_high,fall_low,spring_high,spring_low,water_year,Oct.Mar,Apr.Jul,WYsum,Index,water_year_type,region,water_year_start,water_year_end,X,Y
417941N1224710W001,2619104,2020-04-10T12:00:00Z,2661.4,2660.8,NA,NA,NA,NA,NA,Special/Other,NA,NA,1,Department of Water Resources,Domestic wells not monitored during COVID-19 (Shelter in Place),1,Department of Water Resources,NA,NA,24091,46N05W31F001M,46N05W31F001M,Digital Elevation Model,Unknown,1-004,Shasta Valley,Siskiyou,75,Residential,Single Well,NA,1990-09-05 00:00:00 - 2020-04-10 12:00:00,61,spring,NA,NA,6.1,16.4,2020,NA,NA,NA,NA,NA,NA,2019-10-01T00:00:00Z,2020-10-01T00:00:00Z,-122.471,41.7941
417941N1224710W001,2480411,2019-10-25T12:00:00Z,2661.4,2660.8,NA,NA,NA,NA,NA,Pumping,NA,NA,1,Department of Water Resources,Pumping,1,Department of Water Resources,NA,NA,24091,46N05W31F001M,46N05W31F001M,Digital Elevation Model,Unknown,1-004,Shasta Valley,Siskiyou,75,Residential,Single Well,NA,1990-09-05 00:00:00 - 2020-04-10 12:00:00,61,fall,4,17.5,NA,NA,2020,NA,NA,NA,NA,NA,NA,2019-10-01T00:00:00Z,2020-10-01T00:00:00Z,-122.471,41.7941
417941N1224710W001,2452868,2019-04-03T12:00:00Z,2661.4,2660.8,9.5,20,2650.9,10.5,9.9,NA,Steel tape measurement,Water level accuracy to nearest tenth of a foot,1,Department of Water Resources,NA,1,Department of Water Resources,NA,NA,24091,46N05W31F001M,46N05W31F001M,Digital Elevation Model,Unknown,1-004,Shasta Valley,Siskiyou,75,Residential,Single Well,NA,1990-09-05 00:00:00 - 2020-04-10 12:00:00,61,spring,NA,NA,6.1,16.4,2019,13.11,10.66,24.77,10.34,Wet,SAC,2018-10-01T00:00:00Z,2019-10-01T00:00:00Z,-122.471,41.7941
417941N1224710W001,2413610,2018-10-22T12:00:00Z,2661.4,2660.8,8.3,20,2649.7,11.7,11.1,NA,Steel tape measurement,Water level accuracy to nearest tenth of a foot,1,Department of Water Resources,NA,1,Department of Water Resources,NA,NA,24091,46N05W31F001M,46N05W31F001M,Digital Elevation Model,Unknown,1-004,Shasta Valley,Siskiyou,75,Residential,Single Well,NA,1990-09-05 00:00:00 - 2020-04-10 12:00:00,61,fall,4,17.5,NA,NA,2019,13.11,10.66,24.77,10.34,Wet,SAC,2018-10-01T00:00:00Z,2019-10-01T00:00:00Z,-122.471,41.7941
417941N1224710W001,2286548,2018-03-28T12:00:00Z,2661.4,2660.8,13.7,25,2650.1,11.3,10.7,NA,Steel tape measurement,Water level accuracy to nearest tenth of a foot,1,Department of Water Resources,NA,1,Department of Water Resources,NA,NA,24091,46N05W31F001M,46N05W31F001M,Digital Elevation Model,Unknown,1-004,Shasta Valley,Siskiyou,75,Residential,Single Well,NA,1990-09-05 00:00:00 - 2020-04-10 12:00:00,61,spring,NA,NA,6.1,16.4,2018,7.09,5.05,12.86,7.14,Below Normal,SAC,2017-10-01T00:00:00Z,2018-10-01T00:00:00Z,-122.471,41.7941
417941N1224710W001,2266753,2017-10-18T12:00:00Z,2661.4,2660.8,8.7,15,2655.1,6.3,5.7,NA,Steel tape measurement,Water level accuracy to nearest tenth of a foot,1,Department of Water Resources,NA,1,Department of Water Resources,NA,NA,24091,46N05W31F001M,46N05W31F001M,Digital Elevation Model,Unknown,1-004,Shasta Valley,Siskiyou,75,Residential,Single Well,NA,1990-09-05 00:00:00 - 2020-04-10 12:00:00,61,fall,4,17.5,NA,NA,2018,7.09,5.05,12.86,7.14,Below Normal,SAC,2017-10-01T00:00:00Z,2018-10-01T00:00:00Z,-122.471,41.7941
417941N1224710W001,2241483,2017-03-22T12:00:00Z,2661.4,2660.8,7.8,15,2654.2,7.2,6.6,NA,Steel tape measurement,Water level accuracy to nearest tenth of a foot,1,Department of Water Resources,NA,1,Department of Water Resources,NA,NA,24091,46N05W31F001M,46N05W31F001M,Digital Elevation Model,Unknown,1-004,Shasta Valley,Siskiyou,75,Residential,Single Well,NA,1990-09-05 00:00:00 - 2020-04-10 12:00:00,61,spring,NA,NA,6.1,16.4,2017,26.17,10.69,37.82,14.14,Wet,SAC,2016-10-01T00:00:00Z,2017-10-01T00:00:00Z,-122.471,41.7941
417941N1224710W001,2214944,2016-10-20T12:00:00Z,2661.4,2660.8,9.1,17,2653.5,7.9,7.3,NA,Steel tape measurement,Water level accuracy to nearest tenth of a foot,1,Department of Water Resources,NA,1,Department of Water Resources,NA,NA,24091,46N05W31F001M,46N05W31F001M,Digital Elevation Model,Unknown,1-004,Shasta Valley,Siskiyou,75,Residential,Single Well,NA,1990-09-05 00:00:00 - 2020-04-10 12:00:00,61,fall,4,17.5,NA,NA,2017,26.17,10.69,37.82,14.14,Wet,SAC,2016-10-01T00:00:00Z,2017-10-01T00:00:00Z,-122.471,41.7941
417941N1224710W001,2189531,2016-04-06T00:00:00Z,2661.4,2660.8,14.8,25,2651.2,10.2,9.6,NA,Steel tape measurement,Water level accuracy to nearest tenth of a foot,1,Department of Water Resources,NA,1,Department of Water Resources,NA,NA,24091,46N05W31F001M,46N05W31F001M,Digital Elevation Model,Unknown,1-004,Shasta Valley,Siskiyou,75,Residential,Single Well,NA,1990-09-05 00:00:00 - 2020-04-10 12:00:00,61,spring,NA,NA,6.1,16.4,2016,12.24,4.6,17.48,6.71,Below Normal,SAC,2015-10-01T00:00:00Z,2016-10-01T00:00:00Z,-122.471,41.7941
417941N1224710W001,2165300,2015-10-20T00:00:00Z,2661.4,2660.8,8,20,2649.4,12,11.4,NA,Steel tape measurement,Water level accuracy to nearest tenth of a foot,1,Department of Water Resources,NA,1,Department of Water Resources,NA,NA,24091,46N05W31F001M,46N05W31F001M,Digital Elevation Model,Unknown,1-004,Shasta Valley,Siskiyou,75,Residential,Single Well,NA,1990-09-05 00:00:00 - 2020-04-10 12:00:00,61,fall,4,17.5,NA,NA,2016,12.24,4.6,17.48,6.71,Below Normal,SAC,2015-10-01T00:00:00Z,2016-10-01T00:00:00Z,-122.471,41.7941
417941N1224710W001,2189795,2015-04-02T00:00:00Z,2661.4,2660.8,0,17,2644.4,17,16.4,NA,Steel tape measurement,Water level accuracy to nearest tenth of a foot,1,Department of Water Resources,NA,1,Department of Water Resources,NA,NA,24091,46N05W31F001M,46N05W31F001M,Digital Elevation Model,Unknown,1-004,Shasta Valley,Siskiyou,75,Residential,Single Well,NA,1990-09-05 00:00:00 - 2020-04-10 12:00:00,61,spring,NA,NA,6.1,16.4,2015,6.91,1.77,9.23,4,Critical,SAC,2014-10-01T00:00:00Z,2015-10-01T00:00:00Z,-122.471,41.7941
417941N1224710W001,2029972,2014-10-29T00:00:00Z,2661.4,2660.8,3.9,22,2643.3,18.1,17.5,NA,Steel tape measurement,Water level accuracy to nearest tenth of a foot,1,Department of Water Resources,NA,1,Department of Water Resources,NA,NA,24091,46N05W31F001M,46N05W31F001M,Digital Elevation Model,Unknown,1-004,Shasta Valley,Siskiyou,75,Residential,Single Well,NA,1990-09-05 00:00:00 - 2020-04-10 12:00:00,61,fall,4,17.5,NA,NA,2015,6.91,1.77,9.23,4,Critical,SAC,2014-10-01T00:00:00Z,2015-10-01T00:00:00Z,-122.471,41.7941
417941N1224710W001,1884058,2014-03-24T00:00:00Z,2661.4,2660.8,1.8,17,2646.2,15.2,14.6,NA,Steel tape measurement,Water level accuracy to nearest tenth of a foot,1,Department of Water Resources,NA,1,Department of Water Resources,NA,NA,24091,46N05W31F001M,46N05W31F001M,Digital Elevation Model,Unknown,1-004,Shasta Valley,Siskiyou,75,Residential,Single Well,NA,1990-09-05 00:00:00 - 2020-04-10 12:00:00,61,spring,NA,NA,6.1,16.4,2014,4.29,2.59,7.46,4.07,Critical,SAC,2013-10-01T00:00:00Z,2014-10-01T00:00:00Z,-122.471,41.7941
417941N1224710W001,1797164,2013-10-24T00:00:00Z,2661.4,2660.8,8.8,21,2649.2,12.2,11.6,NA,Steel tape measurement,Water level accuracy to nearest tenth of a foot,1,Department of Water Resources,NA,1,Department of Water Resources,NA,NA,24091,46N05W31F001M,46N05W31F001M,Digital Elevation Model,Unknown,1-004,Shasta Valley,Siskiyou,75,Residential,Single Well,NA,1990-09-05 00:00:00 - 2020-04-10 12:00:00,61,fall,4,17.5,NA,NA,2014,4.29,2.59,7.46,4.07,Critical,SAC,2013-10-01T00:00:00Z,2014-10-01T00:00:00Z,-122.471,41.7941
417941N1224710W001,1684672,2013-03-25T00:00:00Z,2661.41,2660.81,12.5,25,2648.91,12.5,11.9,NA,Steel tape measurement,Water level accuracy to nearest tenth of a foot,1,Department of Water Resources,NA,1,Department of Water Resources,NA,NA,24091,46N05W31F001M,46N05W31F001M,Digital Elevation Model,Unknown,1-004,Shasta Valley,Siskiyou,75,Residential,Single Well,NA,1990-09-05 00:00:00 - 2020-04-10 12:00:00,61,spring,NA,NA,6.1,16.4,2013,8.52,3.01,12.19,5.83,Dry,SAC,2012-10-01T00:00:00Z,2013-10-01T00:00:00Z,-122.471,41.7941
417941N1224710W001,69703,2012-10-26T00:00:00Z,2661.41,2660.81,0.3,8,2653.71,7.7,7.1,NA,Steel tape measurement,Water level accuracy to nearest tenth of a foot,1,Department of Water Resources,NA,1,Department of Water Resources,NA,NA,24091,46N05W31F001M,46N05W31F001M,Digital Elevation Model,Unknown,1-004,Shasta Valley,Siskiyou,75,Residential,Single Well,NA,1990-09-05 00:00:00 - 2020-04-10 12:00:00,61,fall,4,17.5,NA,NA,2013,8.52,3.01,12.19,5.83,Dry,SAC,2012-10-01T00:00:00Z,2013-10-01T00:00:00Z,-122.471,41.7941
417941N1224710W001,59893,2012-04-18T00:00:00Z,2661.41,2660.81,1,11,2651.41,10,9.4,NA,Steel tape measurement,Water level accuracy to nearest tenth of a foot,1,Department of Water Resources,NA,1,Department of Water Resources,NA,NA,24091,46N05W31F001M,46N05W31F001M,Digital Elevation Model,Unknown,1-004,Shasta Valley,Siskiyou,75,Residential,Single Well,NA,1990-09-05 00:00:00 - 2020-04-10 12:00:00,61,spring,NA,NA,6.1,16.4,2012,5.69,5.46,11.84,6.89,Below Normal,SAC,2011-10-01T00:00:00Z,2012-10-01T00:00:00Z,-122.471,41.7941
417941N1224710W001,39870,2011-10-19T00:00:00Z,2661.41,2660.81,0,6.2,2655.21,6.2,5.6,NA,Steel tape measurement,Water level accuracy to nearest tenth of a foot,1,Department of Water Resources,NA,1,Department of Water Resources,NA,NA,24091,46N05W31F001M,46N05W31F001M,Digital Elevation Model,Unknown,1-004,Shasta Valley,Siskiyou,75,Residential,Single Well,NA,1990-09-05 00:00:00 - 2020-04-10 12:00:00,61,fall,4,17.5,NA,NA,2012,5.69,5.46,11.84,6.89,Below Normal,SAC,2011-10-01T00:00:00Z,2012-10-01T00:00:00Z,-122.471,41.7941
417941N1224710W001,680861,2011-10-19T00:00:00Z,2661.4,2660.8,0,6.2,2655.2,6.2,5.6,NA,Unknown,Water level accuracy is unknown,1,Department of Water Resources,NA,1,Department of Water Resources,NA,NA,24091,46N05W31F001M,46N05W31F001M,Digital Elevation Model,Unknown,1-004,Shasta Valley,Siskiyou,75,Residential,Single Well,NA,1990-09-05 00:00:00 - 2020-04-10 12:00:00,61,fall,4,17.5,NA,NA,2012,5.69,5.46,11.84,6.89,Below Normal,SAC,2011-10-01T00:00:00Z,2012-10-01T00:00:00Z,-122.471,41.7941
417941N1224710W001,680860,2011-04-21T00:00:00Z,2661.4,2660.8,0,10.3,2651.1,10.3,9.7,NA,Unknown,Water level accuracy is unknown,1,Department of Water Resources,NA,1,Department of Water Resources,NA,NA,24091,46N05W31F001M,46N05W31F001M,Digital Elevation Model,Unknown,1-004,Shasta Valley,Siskiyou,75,Residential,Single Well,NA,1990-09-05 00:00:00 - 2020-04-10 12:00:00,61,spring,NA,NA,6.1,16.4,2011,12.68,11.53,25.21,10.54,Wet,SAC,2010-10-01T00:00:00Z,2011-10-01T00:00:00Z,-122.471,41.7941
417941N1224710W001,680859,2010-10-26T00:00:00Z,2661.4,2660.8,0,8.2,2653.2,8.2,7.6,NA,Unknown,Water level accuracy is unknown,1,Department of Water Resources,NA,1,Department of Water Resources,NA,NA,24091,46N05W31F001M,46N05W31F001M,Digital Elevation Model,Unknown,1-004,Shasta Valley,Siskiyou,75,Residential,Single Well,NA,1990-09-05 00:00:00 - 2020-04-10 12:00:00,61,fall,4,17.5,NA,NA,2011,12.68,11.53,25.21,10.54,Wet,SAC,2010-10-01T00:00:00Z,2011-10-01T00:00:00Z,-122.471,41.7941
417941N1224710W001,680858,2010-04-05T00:00:00Z,2661.4,2660.8,0,15.8,2645.6,15.8,15.2,NA,Unknown,Water level accuracy is unknown,1,Department of Water Resources,NA,1,Department of Water Resources,NA,NA,24091,46N05W31F001M,46N05W31F001M,Digital Elevation Model,Unknown,1-004,Shasta Valley,Siskiyou,75,Residential,Single Well,NA,1990-09-05 00:00:00 - 2020-04-10 12:00:00,61,spring,NA,NA,6.1,16.4,2010,7.45,7.78,16.01,7.08,Below Normal,SAC,2009-10-01T00:00:00Z,2010-10-01T00:00:00Z,-122.471,41.7941
417941N1224710W001,680857,2009-10-28T00:00:00Z,2661.4,2660.8,0,14.3,2647.1,14.3,13.7,NA,Unknown,Water level accuracy is unknown,1,Department of Water Resources,NA,1,Department of Water Resources,NA,NA,24091,46N05W31F001M,46N05W31F001M,Digital Elevation Model,Unknown,1-004,Shasta Valley,Siskiyou,75,Residential,Single Well,NA,1990-09-05 00:00:00 - 2020-04-10 12:00:00,61,fall,4,17.5,NA,NA,2010,7.45,7.78,16.01,7.08,Below Normal,SAC,2009-10-01T00:00:00Z,2010-10-01T00:00:00Z,-122.471,41.7941
417941N1224710W001,680856,2009-04-07T00:00:00Z,2661.4,2660.8,0,13.4,2648,13.4,12.8,NA,Unknown,Water level accuracy is unknown,1,Department of Water Resources,NA,1,Department of Water Resources,NA,NA,24091,46N05W31F001M,46N05W31F001M,Digital Elevation Model,Unknown,1-004,Shasta Valley,Siskiyou,75,Residential,Single Well,NA,1990-09-05 00:00:00 - 2020-04-10 12:00:00,61,spring,NA,NA,6.1,16.4,2009,7.05,5.3,13.02,5.78,Dry,SAC,2008-10-01T00:00:00Z,2009-10-01T00:00:00Z,-122.471,41.7941
417941N1224710W001,680855,2008-10-29T00:00:00Z,2661.4,2660.8,NA,NA,NA,NA,NA,Pumping,NA,NA,1,Department of Water Resources,NA,1,Department of Water Resources,NA,NA,24091,46N05W31F001M,46N05W31F001M,Digital Elevation Model,Unknown,1-004,Shasta Valley,Siskiyou,75,Residential,Single Well,NA,1990-09-05 00:00:00 - 2020-04-10 12:00:00,61,fall,4,17.5,NA,NA,2009,7.05,5.3,13.02,5.78,Dry,SAC,2008-10-01T00:00:00Z,2009-10-01T00:00:00Z,-122.471,41.7941
417941N1224710W001,680854,2008-03-28T00:00:00Z,2661.4,2660.8,0,9.2,2652.2,9.2,8.6,NA,Unknown,Water level accuracy is unknown,1,Department of Water Resources,NA,1,Department of Water Resources,NA,NA,24091,46N05W31F001M,46N05W31F001M,Digital Elevation Model,Unknown,1-004,Shasta Valley,Siskiyou,75,Residential,Single Well,NA,1990-09-05 00:00:00 - 2020-04-10 12:00:00,61,spring,NA,NA,6.1,16.4,2008,5.9,3.82,10.28,5.16,Critical,SAC,2007-10-01T00:00:00Z,2008-10-01T00:00:00Z,-122.471,41.7941
417941N1224710W001,680853,2007-10-23T00:00:00Z,2661.4,2660.8,0,7.4,2654,7.4,6.8,NA,Unknown,Water level accuracy is unknown,1,Department of Water Resources,NA,1,Department of Water Resources,NA,NA,24091,46N05W31F001M,46N05W31F001M,Digital Elevation Model,Unknown,1-004,Shasta Valley,Siskiyou,75,Residential,Single Well,NA,1990-09-05 00:00:00 - 2020-04-10 12:00:00,61,fall,4,17.5,NA,NA,2008,5.9,3.82,10.28,5.16,Critical,SAC,2007-10-01T00:00:00Z,2008-10-01T00:00:00Z,-122.471,41.7941
417941N1224710W001,680852,2007-03-27T00:00:00Z,2661.4,2660.8,0,7.6,2653.8,7.6,7,NA,Unknown,Water level accuracy is unknown,1,Department of Water Resources,NA,1,Department of Water Resources,NA,NA,24091,46N05W31F001M,46N05W31F001M,Digital Elevation Model,Unknown,1-004,Shasta Valley,Siskiyou,75,Residential,Single Well,NA,1990-09-05 00:00:00 - 2020-04-10 12:00:00,61,spring,NA,NA,6.1,16.4,2007,6.59,3.04,10.28,6.19,Dry,SAC,2006-10-01T00:00:00Z,2007-10-01T00:00:00Z,-122.471,41.7941
417941N1224710W001,680851,2006-10-16T00:00:00Z,2661.4,2660.8,0,5.4,2656,5.4,4.8,NA,Unknown,Water level accuracy is unknown,1,Department of Water Resources,NA,1,Department of Water Resources,NA,NA,24091,46N05W31F001M,46N05W31F001M,Digital Elevation Model,Unknown,1-004,Shasta Valley,Siskiyou,75,Residential,Single Well,NA,1990-09-05 00:00:00 - 2020-04-10 12:00:00,61,fall,4,17.5,NA,NA,2007,6.59,3.04,10.28,6.19,Dry,SAC,2006-10-01T00:00:00Z,2007-10-01T00:00:00Z,-122.471,41.7941
417941N1224710W001,680850,2006-04-19T00:00:00Z,2661.4,2660.8,0,9.2,2652.2,9.2,8.6,Pumping,Unknown,Water level accuracy is unknown,1,Department of Water Resources,NA,1,Department of Water Resources,NA,NA,24091,46N05W31F001M,46N05W31F001M,Digital Elevation Model,Unknown,1-004,Shasta Valley,Siskiyou,75,Residential,Single Well,NA,1990-09-05 00:00:00 - 2020-04-10 12:00:00,61,spring,NA,NA,6.1,16.4,2006,18.06,13.09,32.09,13.2,Wet,SAC,2005-10-01T00:00:00Z,2006-10-01T00:00:00Z,-122.471,41.7941
417941N1224710W001,680849,2005-10-14T00:00:00Z,2661.4,2660.8,0,6.7,2654.7,6.7,6.1,NA,Unknown,Water level accuracy is unknown,1,Department of Water Resources,NA,1,Department of Water Resources,NA,NA,24091,46N05W31F001M,46N05W31F001M,Digital Elevation Model,Unknown,1-004,Shasta Valley,Siskiyou,75,Residential,Single Well,NA,1990-09-05 00:00:00 - 2020-04-10 12:00:00,61,fall,4,17.5,NA,NA,2006,18.06,13.09,32.09,13.2,Wet,SAC,2005-10-01T00:00:00Z,2006-10-01T00:00:00Z,-122.471,41.7941
417941N1224710W001,680848,2005-03-30T00:00:00Z,2661.4,2660.8,0,11,2650.4,11,10.4,NA,Unknown,Water level accuracy is unknown,1,Department of Water Resources,NA,1,Department of Water Resources,NA,NA,24091,46N05W31F001M,46N05W31F001M,Digital Elevation Model,Unknown,1-004,Shasta Valley,Siskiyou,75,Residential,Single Well,NA,1990-09-05 00:00:00 - 2020-04-10 12:00:00,61,spring,NA,NA,6.1,16.4,2005,8.4,9.28,18.55,8.49,Above Normal,SAC,2004-10-01T00:00:00Z,2005-10-01T00:00:00Z,-122.471,41.7941
417941N1224710W001,680847,2004-10-29T00:00:00Z,2661.4,2660.8,0,6.9,2654.5,6.9,6.3,NA,Unknown,Water level accuracy is unknown,1,Department of Water Resources,NA,1,Department of Water Resources,NA,NA,24091,46N05W31F001M,46N05W31F001M,Digital Elevation Model,Unknown,1-004,Shasta Valley,Siskiyou,75,Residential,Single Well,NA,1990-09-05 00:00:00 - 2020-04-10 12:00:00,61,fall,4,17.5,NA,NA,2005,8.4,9.28,18.55,8.49,Above Normal,SAC,2004-10-01T00:00:00Z,2005-10-01T00:00:00Z,-122.471,41.7941
417941N1224710W001,680846,2004-03-29T00:00:00Z,2661.4,2660.8,0,9.8,2651.6,9.8,9.2,NA,Unknown,Water level accuracy is unknown,1,Department of Water Resources,NA,1,Department of Water Resources,NA,NA,24091,46N05W31F001M,46N05W31F001M,Digital Elevation Model,Unknown,1-004,Shasta Valley,Siskiyou,75,Residential,Single Well,NA,1990-09-05 00:00:00 - 2020-04-10 12:00:00,61,spring,NA,NA,6.1,16.4,2004,10.95,4.4,16.04,7.51,Below Normal,SAC,2003-10-01T00:00:00Z,2004-10-01T00:00:00Z,-122.471,41.7941
417941N1224710W001,680845,2003-10-06T00:00:00Z,2661.4,2660.8,0,4.8,2656.6,4.8,4.2,NA,Unknown,Water level accuracy is unknown,1,Department of Water Resources,NA,1,Department of Water Resources,NA,NA,24091,46N05W31F001M,46N05W31F001M,Digital Elevation Model,Unknown,1-004,Shasta Valley,Siskiyou,75,Residential,Single Well,NA,1990-09-05 00:00:00 - 2020-04-10 12:00:00,61,fall,4,17.5,NA,NA,2004,10.95,4.4,16.04,7.51,Below Normal,SAC,2003-10-01T00:00:00Z,2004-10-01T00:00:00Z,-122.471,41.7941
417941N1224710W001,680844,2003-03-24T00:00:00Z,2661.4,2660.8,0,13.1,2648.3,13.1,12.5,Pumping,Unknown,Water level accuracy is unknown,1,Department of Water Resources,NA,1,Department of Water Resources,NA,NA,24091,46N05W31F001M,46N05W31F001M,Digital Elevation Model,Unknown,1-004,Shasta Valley,Siskiyou,75,Residential,Single Well,NA,1990-09-05 00:00:00 - 2020-04-10 12:00:00,61,spring,NA,NA,6.1,16.4,2003,10.71,7.74,19.31,8.21,Above Normal,SAC,2002-10-01T00:00:00Z,2003-10-01T00:00:00Z,-122.471,41.7941
417941N1224710W001,680843,2002-10-10T00:00:00Z,2661.4,2660.8,0,11.8,2649.6,11.8,11.2,NA,Unknown,Water level accuracy is unknown,1,Department of Water Resources,NA,1,Department of Water Resources,NA,NA,24091,46N05W31F001M,46N05W31F001M,Digital Elevation Model,Unknown,1-004,Shasta Valley,Siskiyou,75,Residential,Single Well,NA,1990-09-05 00:00:00 - 2020-04-10 12:00:00,61,fall,4,17.5,NA,NA,2003,10.71,7.74,19.31,8.21,Above Normal,SAC,2002-10-01T00:00:00Z,2003-10-01T00:00:00Z,-122.471,41.7941
417941N1224710W001,680842,2002-03-27T00:00:00Z,2661.4,2660.8,0,15.7,2645.7,15.7,15.1,Pumping,Unknown,Water level accuracy is unknown,1,Department of Water Resources,NA,1,Department of Water Resources,NA,NA,24091,46N05W31F001M,46N05W31F001M,Digital Elevation Model,Unknown,1-004,Shasta Valley,Siskiyou,75,Residential,Single Well,NA,1990-09-05 00:00:00 - 2020-04-10 12:00:00,61,spring,NA,NA,6.1,16.4,2002,9.32,4.57,14.6,6.35,Dry,SAC,2001-10-01T00:00:00Z,2002-10-01T00:00:00Z,-122.471,41.7941
417941N1224710W001,680841,2001-10-25T00:00:00Z,2661.4,2660.8,0,13.5,2647.9,13.5,12.9,NA,Unknown,Water level accuracy is unknown,1,Department of Water Resources,NA,1,Department of Water Resources,NA,NA,24091,46N05W31F001M,46N05W31F001M,Digital Elevation Model,Unknown,1-004,Shasta Valley,Siskiyou,75,Residential,Single Well,NA,1990-09-05 00:00:00 - 2020-04-10 12:00:00,61,fall,4,17.5,NA,NA,2002,9.32,4.57,14.6,6.35,Dry,SAC,2001-10-01T00:00:00Z,2002-10-01T00:00:00Z,-122.471,41.7941
417941N1224710W001,680840,2001-04-02T00:00:00Z,2661.4,2660.8,0,12.3,2649.1,12.3,11.7,NA,Unknown,Water level accuracy is unknown,1,Department of Water Resources,NA,1,Department of Water Resources,NA,NA,24091,46N05W31F001M,46N05W31F001M,Digital Elevation Model,Unknown,1-004,Shasta Valley,Siskiyou,75,Residential,Single Well,NA,1990-09-05 00:00:00 - 2020-04-10 12:00:00,61,spring,NA,NA,6.1,16.4,2001,5.64,3.46,9.81,5.76,Dry,SAC,2000-10-01T00:00:00Z,2001-10-01T00:00:00Z,-122.471,41.7941
417941N1224710W001,680839,2000-10-09T00:00:00Z,2661.4,2660.8,0,4.6,2656.8,4.6,4,NA,Unknown,Water level accuracy is unknown,1,Department of Water Resources,NA,1,Department of Water Resources,NA,NA,24091,46N05W31F001M,46N05W31F001M,Digital Elevation Model,Unknown,1-004,Shasta Valley,Siskiyou,75,Residential,Single Well,NA,1990-09-05 00:00:00 - 2020-04-10 12:00:00,61,fall,4,17.5,NA,NA,2001,5.64,3.46,9.81,5.76,Dry,SAC,2000-10-01T00:00:00Z,2001-10-01T00:00:00Z,-122.471,41.7941
417941N1224710W001,680838,2000-03-22T00:00:00Z,2661.4,2660.8,0,9,2652.4,9,8.4,Pumped recently,Unknown,Water level accuracy is unknown,1,Department of Water Resources,NA,1,Department of Water Resources,NA,NA,24091,46N05W31F001M,46N05W31F001M,Digital Elevation Model,Unknown,1-004,Shasta Valley,Siskiyou,75,Residential,Single Well,NA,1990-09-05 00:00:00 - 2020-04-10 12:00:00,61,spring,NA,NA,6.1,16.4,2000,12.06,5.96,18.9,8.94,Above Normal,SAC,1999-10-01T00:00:00Z,2000-10-01T00:00:00Z,-122.471,41.7941
417941N1224710W001,680836,1999-10-25T00:00:00Z,2661.4,2660.8,0,7.5,2653.9,7.5,6.9,NA,Unknown,Water level accuracy is unknown,1,Department of Water Resources,NA,1,Department of Water Resources,NA,NA,24091,46N05W31F001M,46N05W31F001M,Digital Elevation Model,Unknown,1-004,Shasta Valley,Siskiyou,75,Residential,Single Well,NA,1990-09-05 00:00:00 - 2020-04-10 12:00:00,61,fall,4,17.5,NA,NA,2000,12.06,5.96,18.9,8.94,Above Normal,SAC,1999-10-01T00:00:00Z,2000-10-01T00:00:00Z,-122.471,41.7941
417941N1224710W001,680837,1999-03-15T00:00:00Z,2661.4,2660.8,0,6.7,2654.7,6.7,6.1,NA,Unknown,Water level accuracy is unknown,1,Department of Water Resources,NA,1,Department of Water Resources,NA,NA,24091,46N05W31F001M,46N05W31F001M,Digital Elevation Model,Unknown,1-004,Shasta Valley,Siskiyou,75,Residential,Single Well,NA,1990-09-05 00:00:00 - 2020-04-10 12:00:00,61,spring,NA,NA,6.1,16.4,1999,12.97,7.26,21.19,9.8,Wet,SAC,1998-10-01T00:00:00Z,1999-10-01T00:00:00Z,-122.471,41.7941
417941N1224710W001,680835,1998-10-26T00:00:00Z,2661.4,2660.8,0,7.4,2654,7.4,6.8,NA,Unknown,Water level accuracy is unknown,1,Department of Water Resources,NA,1,Department of Water Resources,NA,NA,24091,46N05W31F001M,46N05W31F001M,Digital Elevation Model,Unknown,1-004,Shasta Valley,Siskiyou,75,Residential,Single Well,NA,1990-09-05 00:00:00 - 2020-04-10 12:00:00,61,fall,4,17.5,NA,NA,1999,12.97,7.26,21.19,9.8,Wet,SAC,1998-10-01T00:00:00Z,1999-10-01T00:00:00Z,-122.471,41.7941
417941N1224710W001,680834,1998-04-01T00:00:00Z,2661.4,2660.8,0,8.4,2653,8.4,7.8,NA,Unknown,Water level accuracy is unknown,1,Department of Water Resources,NA,1,Department of Water Resources,NA,NA,24091,46N05W31F001M,46N05W31F001M,Digital Elevation Model,Unknown,1-004,Shasta Valley,Siskiyou,75,Residential,Single Well,NA,1990-09-05 00:00:00 - 2020-04-10 12:00:00,61,spring,NA,NA,6.1,16.4,1998,17.65,12.54,31.4,13.31,Wet,SAC,1997-10-01T00:00:00Z,1998-10-01T00:00:00Z,-122.471,41.7941
417941N1224710W001,680833,1997-10-28T00:00:00Z,2661.4,2660.8,0,8.4,2653,8.4,7.8,NA,Unknown,Water level accuracy is unknown,1,Department of Water Resources,NA,1,Department of Water Resources,NA,NA,24091,46N05W31F001M,46N05W31F001M,Digital Elevation Model,Unknown,1-004,Shasta Valley,Siskiyou,75,Residential,Single Well,NA,1990-09-05 00:00:00 - 2020-04-10 12:00:00,61,fall,4,17.5,NA,NA,1998,17.65,12.54,31.4,13.31,Wet,SAC,1997-10-01T00:00:00Z,1998-10-01T00:00:00Z,-122.471,41.7941
417941N1224710W001,680832,1997-03-10T00:00:00Z,2661.4,2660.8,0,7.5,2653.9,7.5,6.9,NA,Unknown,Water level accuracy is unknown,1,Department of Water Resources,NA,1,Department of Water Resources,NA,NA,24091,46N05W31F001M,46N05W31F001M,Digital Elevation Model,Unknown,1-004,Shasta Valley,Siskiyou,75,Residential,Single Well,NA,1990-09-05 00:00:00 - 2020-04-10 12:00:00,61,spring,NA,NA,6.1,16.4,1997,20.22,4.39,25.42,10.82,Wet,SAC,1996-10-01T00:00:00Z,1997-10-01T00:00:00Z,-122.471,41.7941
417941N1224710W001,680831,1996-10-23T00:00:00Z,2661.4,2660.8,0,7.1,2654.3,7.1,6.5,NA,Unknown,Water level accuracy is unknown,1,Department of Water Resources,NA,1,Department of Water Resources,NA,NA,24091,46N05W31F001M,46N05W31F001M,Digital Elevation Model,Unknown,1-004,Shasta Valley,Siskiyou,75,Residential,Single Well,NA,1990-09-05 00:00:00 - 2020-04-10 12:00:00,61,fall,4,17.5,NA,NA,1997,20.22,4.39,25.42,10.82,Wet,SAC,1996-10-01T00:00:00Z,1997-10-01T00:00:00Z,-122.471,41.7941
417941N1224710W001,680830,1996-04-12T00:00:00Z,2661.4,2660.8,0,7.5,2653.9,7.5,6.9,NA,Unknown,Water level accuracy is unknown,1,Department of Water Resources,NA,1,Department of Water Resources,NA,NA,24091,46N05W31F001M,46N05W31F001M,Digital Elevation Model,Unknown,1-004,Shasta Valley,Siskiyou,75,Residential,Single Well,NA,1990-09-05 00:00:00 - 2020-04-10 12:00:00,61,spring,NA,NA,6.1,16.4,1996,13.05,8.37,22.29,10.26,Wet,SAC,1995-10-01T00:00:00Z,1996-10-01T00:00:00Z,-122.471,41.7941
417941N1224710W001,680829,1995-10-18T00:00:00Z,2661.4,2660.8,0,6.6,2654.8,6.6,6,NA,Unknown,Water level accuracy is unknown,1,Department of Water Resources,NA,1,Department of Water Resources,NA,NA,24091,46N05W31F001M,46N05W31F001M,Digital Elevation Model,Unknown,1-004,Shasta Valley,Siskiyou,75,Residential,Single Well,NA,1990-09-05 00:00:00 - 2020-04-10 12:00:00,61,fall,4,17.5,NA,NA,1996,13.05,8.37,22.29,10.26,Wet,SAC,1995-10-01T00:00:00Z,1996-10-01T00:00:00Z,-122.471,41.7941
417941N1224710W001,680828,1995-03-29T00:00:00Z,2661.4,2660.8,0,14.1,2647.3,14.1,13.5,NA,Unknown,Water level accuracy is unknown,1,Department of Water Resources,NA,1,Department of Water Resources,NA,NA,24091,46N05W31F001M,46N05W31F001M,Digital Elevation Model,Unknown,1-004,Shasta Valley,Siskiyou,75,Residential,Single Well,NA,1990-09-05 00:00:00 - 2020-04-10 12:00:00,61,spring,NA,NA,6.1,16.4,1995,19.83,13.6,34.55,12.89,Wet,SAC,1994-10-01T00:00:00Z,1995-10-01T00:00:00Z,-122.471,41.7941
417941N1224710W001,680827,1994-04-01T00:00:00Z,2661.4,2660.8,0,10,2651.4,10,9.4,NA,Unknown,Water level accuracy is unknown,1,Department of Water Resources,NA,1,Department of Water Resources,NA,NA,24091,46N05W31F001M,46N05W31F001M,Digital Elevation Model,Unknown,1-004,Shasta Valley,Siskiyou,75,Residential,Single Well,NA,1990-09-05 00:00:00 - 2020-04-10 12:00:00,61,spring,NA,NA,6.1,16.4,1994,4.55,2.73,7.81,5.02,Critical,SAC,1993-10-01T00:00:00Z,1994-10-01T00:00:00Z,-122.471,41.7941
417941N1224710W001,680826,1993-10-16T00:00:00Z,2661.4,2660.8,0,14,2647.4,14,13.4,NA,Unknown,Water level accuracy is unknown,1,Department of Water Resources,NA,1,Department of Water Resources,NA,NA,24091,46N05W31F001M,46N05W31F001M,Digital Elevation Model,Unknown,1-004,Shasta Valley,Siskiyou,75,Residential,Single Well,NA,1990-09-05 00:00:00 - 2020-04-10 12:00:00,61,fall,4,17.5,NA,NA,1994,4.55,2.73,7.81,5.02,Critical,SAC,1993-10-01T00:00:00Z,1994-10-01T00:00:00Z,-122.471,41.7941
417941N1224710W001,680825,1993-03-16T00:00:00Z,2661.4,2660.8,0,15.7,2645.7,15.7,15.1,Pumping,Unknown,Water level accuracy is unknown,1,Department of Water Resources,NA,1,Department of Water Resources,NA,NA,24091,46N05W31F001M,46N05W31F001M,Digital Elevation Model,Unknown,1-004,Shasta Valley,Siskiyou,75,Residential,Single Well,NA,1990-09-05 00:00:00 - 2020-04-10 12:00:00,61,spring,NA,NA,6.1,16.4,1993,12.44,8.98,22.21,8.54,Above Normal,SAC,1992-10-01T00:00:00Z,1993-10-01T00:00:00Z,-122.471,41.7941
417941N1224710W001,680824,1992-10-21T00:00:00Z,2661.4,2660.8,0,15.7,2645.7,15.7,15.1,NA,Unknown,Water level accuracy is unknown,1,Department of Water Resources,NA,1,Department of Water Resources,NA,NA,24091,46N05W31F001M,46N05W31F001M,Digital Elevation Model,Unknown,1-004,Shasta Valley,Siskiyou,75,Residential,Single Well,NA,1990-09-05 00:00:00 - 2020-04-10 12:00:00,61,fall,4,17.5,NA,NA,1993,12.44,8.98,22.21,8.54,Above Normal,SAC,1992-10-01T00:00:00Z,1993-10-01T00:00:00Z,-122.471,41.7941
417941N1224710W001,680823,1992-03-04T00:00:00Z,2661.4,2660.8,0,13.7,2647.7,13.7,13.1,NA,Unknown,Water level accuracy is unknown,1,Department of Water Resources,NA,1,Department of Water Resources,NA,NA,24091,46N05W31F001M,46N05W31F001M,Digital Elevation Model,Unknown,1-004,Shasta Valley,Siskiyou,75,Residential,Single Well,NA,1990-09-05 00:00:00 - 2020-04-10 12:00:00,61,spring,NA,NA,6.1,16.4,1992,5.41,2.93,8.87,4.06,Critical,SAC,1991-10-01T00:00:00Z,1992-10-01T00:00:00Z,-122.471,41.7941
417941N1224710W001,680822,1991-10-01T00:00:00Z,2661.4,2660.8,0,5.5,2655.9,5.5,4.9,NA,Unknown,Water level accuracy is unknown,1,Department of Water Resources,NA,1,Department of Water Resources,NA,NA,24091,46N05W31F001M,46N05W31F001M,Digital Elevation Model,Unknown,1-004,Shasta Valley,Siskiyou,75,Residential,Single Well,NA,1990-09-05 00:00:00 - 2020-04-10 12:00:00,61,fall,4,17.5,NA,NA,1992,5.41,2.93,8.87,4.06,Critical,SAC,1991-10-01T00:00:00Z,1992-10-01T00:00:00Z,-122.471,41.7941
417941N1224710W001,680821,1991-03-20T00:00:00Z,2661.4,2660.8,0,11.7,2649.7,11.7,11.1,NA,Unknown,Water level accuracy is unknown,1,Department of Water Resources,NA,1,Department of Water Resources,NA,NA,24091,46N05W31F001M,46N05W31F001M,Digital Elevation Model,Unknown,1-004,Shasta Valley,Siskiyou,75,Residential,Single Well,NA,1990-09-05 00:00:00 - 2020-04-10 12:00:00,61,spring,NA,NA,6.1,16.4,1991,3.9,4.01,8.44,4.21,Critical,SAC,1990-10-01T00:00:00Z,1991-10-01T00:00:00Z,-122.471,41.7941
417941N1224710W001,680820,1990-10-01T00:00:00Z,2661.4,2660.8,0,6,2655.4,6,5.4,NA,Unknown,Water level accuracy is unknown,1,Department of Water Resources,NA,1,Department of Water Resources,NA,NA,24091,46N05W31F001M,46N05W31F001M,Digital Elevation Model,Unknown,1-004,Shasta Valley,Siskiyou,75,Residential,Single Well,NA,1990-09-05 00:00:00 - 2020-04-10 12:00:00,61,fall,4,17.5,NA,NA,1991,3.9,4.01,8.44,4.21,Critical,SAC,1990-10-01T00:00:00Z,1991-10-01T00:00:00Z,-122.471,41.7941
417941N1224710W001,680819,1990-09-05T00:00:00Z,2661.4,2660.8,0,6.8,2654.6,6.8,6.2,NA,Unknown,Water level accuracy is unknown,1,Department of Water Resources,NA,1,Department of Water Resources,NA,NA,24091,46N05W31F001M,46N05W31F001M,Digital Elevation Model,Unknown,1-004,Shasta Valley,Siskiyou,75,Residential,Single Well,NA,1990-09-05 00:00:00 - 2020-04-10 12:00:00,61,fall,4,17.5,NA,NA,1990,4.94,3.72,9.26,4.81,Critical,SAC,1989-10-01T00:00:00Z,1990-10-01T00:00:00Z,-122.471,41.7941
