SITE_CODE,WLM_ID,MSMT_DATE,WLM_RPE,WLM_GSE,RDNG_WS,RDNG_RP,WSE,RPE_WSE,GSE_WSE,WLM_QA_DESC,WLM_DESC,WLM_ACC_DESC,WLM_ORG_ID,WLM_ORG_NAME,MSMT_CMT,COOP_AGENCY_ORG_ID,COOP_ORG_NAME,TOP_PRF,BOT_PRF,STN_ID,SWN,WELL_NAME,WLM_METHOD,WLM_ACC,BASIN_CODE,BASIN_NAME,COUNTY_NAME,WELL_DEPTH,WELL_USE,WELL_TYPE,WCR_NO,t_range,n_samples,X,Y
418483N1218912W001,679460,2007-10-25T00:00:00Z,4254.8,4253.8,NA,NA,NA,NA,NA,Measurement Discontinued,NA,NA,1,Department of Water Resources,NA,1,Department of Water Resources,NA,NA,24071,46N01E08D001M,08D001M,Unknown,Unknown,NA,NA,Siskiyou,NA,Irrigation,Single Well,NA,1977-04-06 - 2007-10-25,68,-121.891,41.8483
418483N1218912W001,679459,2007-03-29T00:00:00Z,4254.8,4253.8,NA,NA,NA,NA,NA,Measurement Discontinued,NA,NA,1,Department of Water Resources,NA,1,Department of Water Resources,NA,NA,24071,46N01E08D001M,08D001M,Unknown,Unknown,NA,NA,Siskiyou,NA,Irrigation,Single Well,NA,1977-04-06 - 2007-10-25,68,-121.891,41.8483
418483N1218912W001,679458,2006-10-12T00:00:00Z,4254.8,4253.8,NA,NA,NA,NA,NA,Measurement Discontinued,NA,NA,1,Department of Water Resources,NA,1,Department of Water Resources,NA,NA,24071,46N01E08D001M,08D001M,Unknown,Unknown,NA,NA,Siskiyou,NA,Irrigation,Single Well,NA,1977-04-06 - 2007-10-25,68,-121.891,41.8483
418483N1218912W001,679457,2006-04-18T00:00:00Z,4254.8,4253.8,NA,NA,NA,NA,NA,Measurement Discontinued,NA,NA,1,Department of Water Resources,NA,1,Department of Water Resources,NA,NA,24071,46N01E08D001M,08D001M,Unknown,Unknown,NA,NA,Siskiyou,NA,Irrigation,Single Well,NA,1977-04-06 - 2007-10-25,68,-121.891,41.8483
418483N1218912W001,679456,2005-10-10T00:00:00Z,4254.8,4253.8,NA,NA,NA,NA,NA,Measurement Discontinued,NA,NA,1,Department of Water Resources,NA,1,Department of Water Resources,NA,NA,24071,46N01E08D001M,08D001M,Unknown,Unknown,NA,NA,Siskiyou,NA,Irrigation,Single Well,NA,1977-04-06 - 2007-10-25,68,-121.891,41.8483
418483N1218912W001,679455,2005-04-05T00:00:00Z,4254.8,4253.8,NA,NA,NA,NA,NA,Measurement Discontinued,NA,NA,1,Department of Water Resources,NA,1,Department of Water Resources,NA,NA,24071,46N01E08D001M,08D001M,Unknown,Unknown,NA,NA,Siskiyou,NA,Irrigation,Single Well,NA,1977-04-06 - 2007-10-25,68,-121.891,41.8483
418483N1218912W001,679454,2004-11-02T00:00:00Z,4254.8,4253.8,NA,NA,NA,NA,NA,Measurement Discontinued,NA,NA,1,Department of Water Resources,NA,1,Department of Water Resources,NA,NA,24071,46N01E08D001M,08D001M,Unknown,Unknown,NA,NA,Siskiyou,NA,Irrigation,Single Well,NA,1977-04-06 - 2007-10-25,68,-121.891,41.8483
418483N1218912W001,679453,2004-03-30T00:00:00Z,4254.8,4253.8,NA,NA,NA,NA,NA,Can't get tape in casing,NA,NA,1,Department of Water Resources,NA,1,Department of Water Resources,NA,NA,24071,46N01E08D001M,08D001M,Unknown,Unknown,NA,NA,Siskiyou,NA,Irrigation,Single Well,NA,1977-04-06 - 2007-10-25,68,-121.891,41.8483
418483N1218912W001,679452,2003-10-20T00:00:00Z,4254.8,4253.8,0,42.8,4212,42.8,41.8,NA,Unknown,Water level accuracy is unknown,1,Department of Water Resources,NA,1,Department of Water Resources,NA,NA,24071,46N01E08D001M,08D001M,Unknown,Unknown,NA,NA,Siskiyou,NA,Irrigation,Single Well,NA,1977-04-06 - 2007-10-25,68,-121.891,41.8483
418483N1218912W001,679451,2003-04-01T00:00:00Z,4254.8,4253.8,0,41.9,4212.9,41.9,40.9,NA,Unknown,Water level accuracy is unknown,1,Department of Water Resources,NA,1,Department of Water Resources,NA,NA,24071,46N01E08D001M,08D001M,Unknown,Unknown,NA,NA,Siskiyou,NA,Irrigation,Single Well,NA,1977-04-06 - 2007-10-25,68,-121.891,41.8483
418483N1218912W001,679450,2002-10-11T00:00:00Z,4254.8,4253.8,0,42.5,4212.3,42.5,41.5,NA,Unknown,Water level accuracy is unknown,1,Department of Water Resources,NA,1,Department of Water Resources,NA,NA,24071,46N01E08D001M,08D001M,Unknown,Unknown,NA,NA,Siskiyou,NA,Irrigation,Single Well,NA,1977-04-06 - 2007-10-25,68,-121.891,41.8483
418483N1218912W001,679449,2002-03-26T00:00:00Z,4254.8,4253.8,0,40.2,4214.6,40.2,39.2,NA,Unknown,Water level accuracy is unknown,1,Department of Water Resources,NA,1,Department of Water Resources,NA,NA,24071,46N01E08D001M,08D001M,Unknown,Unknown,NA,NA,Siskiyou,NA,Irrigation,Single Well,NA,1977-04-06 - 2007-10-25,68,-121.891,41.8483
418483N1218912W001,679448,2001-10-24T00:00:00Z,4254.8,4253.8,0,40.2,4214.6,40.2,39.2,NA,Unknown,Water level accuracy is unknown,1,Department of Water Resources,NA,1,Department of Water Resources,NA,NA,24071,46N01E08D001M,08D001M,Unknown,Unknown,NA,NA,Siskiyou,NA,Irrigation,Single Well,NA,1977-04-06 - 2007-10-25,68,-121.891,41.8483
418483N1218912W001,679447,2001-04-03T00:00:00Z,4254.8,4253.8,0,37.6,4217.2,37.6,36.6,NA,Unknown,Water level accuracy is unknown,1,Department of Water Resources,NA,1,Department of Water Resources,NA,NA,24071,46N01E08D001M,08D001M,Unknown,Unknown,NA,NA,Siskiyou,NA,Irrigation,Single Well,NA,1977-04-06 - 2007-10-25,68,-121.891,41.8483
418483N1218912W001,679446,2000-10-10T00:00:00Z,4254.8,4253.8,0,37.1,4217.7,37.1,36.1,NA,Unknown,Water level accuracy is unknown,1,Department of Water Resources,NA,1,Department of Water Resources,NA,NA,24071,46N01E08D001M,08D001M,Unknown,Unknown,NA,NA,Siskiyou,NA,Irrigation,Single Well,NA,1977-04-06 - 2007-10-25,68,-121.891,41.8483
418483N1218912W001,679445,2000-03-22T00:00:00Z,4254.8,4253.8,0,36.4,4218.4,36.4,35.4,Oil or foreign substance in casing,Unknown,Water level accuracy is unknown,1,Department of Water Resources,NA,1,Department of Water Resources,NA,NA,24071,46N01E08D001M,08D001M,Unknown,Unknown,NA,NA,Siskiyou,NA,Irrigation,Single Well,NA,1977-04-06 - 2007-10-25,68,-121.891,41.8483
418483N1218912W001,679443,1999-10-26T00:00:00Z,4254.8,4253.8,0,36.8,4218,36.8,35.8,Oil or foreign substance in casing,Unknown,Water level accuracy is unknown,1,Department of Water Resources,NA,1,Department of Water Resources,NA,NA,24071,46N01E08D001M,08D001M,Unknown,Unknown,NA,NA,Siskiyou,NA,Irrigation,Single Well,NA,1977-04-06 - 2007-10-25,68,-121.891,41.8483
418483N1218912W001,679444,1999-03-16T00:00:00Z,4254.8,4253.8,0,36.3,4218.5,36.3,35.3,NA,Unknown,Water level accuracy is unknown,1,Department of Water Resources,NA,1,Department of Water Resources,NA,NA,24071,46N01E08D001M,08D001M,Unknown,Unknown,NA,NA,Siskiyou,NA,Irrigation,Single Well,NA,1977-04-06 - 2007-10-25,68,-121.891,41.8483
418483N1218912W001,679442,1998-10-27T00:00:00Z,4254.8,4253.8,0,37.6,4217.2,37.6,36.6,NA,Unknown,Water level accuracy is unknown,1,Department of Water Resources,NA,1,Department of Water Resources,NA,NA,24071,46N01E08D001M,08D001M,Unknown,Unknown,NA,NA,Siskiyou,NA,Irrigation,Single Well,NA,1977-04-06 - 2007-10-25,68,-121.891,41.8483
418483N1218912W001,679441,1998-03-30T00:00:00Z,4254.8,4253.8,0,36.3,4218.5,36.3,35.3,NA,Unknown,Water level accuracy is unknown,1,Department of Water Resources,NA,1,Department of Water Resources,NA,NA,24071,46N01E08D001M,08D001M,Unknown,Unknown,NA,NA,Siskiyou,NA,Irrigation,Single Well,NA,1977-04-06 - 2007-10-25,68,-121.891,41.8483
418483N1218912W001,679440,1997-10-21T00:00:00Z,4254.8,4253.8,0,40.6,4214.2,40.6,39.6,NA,Unknown,Water level accuracy is unknown,1,Department of Water Resources,NA,1,Department of Water Resources,NA,NA,24071,46N01E08D001M,08D001M,Unknown,Unknown,NA,NA,Siskiyou,NA,Irrigation,Single Well,NA,1977-04-06 - 2007-10-25,68,-121.891,41.8483
418483N1218912W001,679439,1997-03-11T00:00:00Z,4254.8,4253.8,0,39.1,4215.7,39.1,38.1,NA,Unknown,Water level accuracy is unknown,1,Department of Water Resources,NA,1,Department of Water Resources,NA,NA,24071,46N01E08D001M,08D001M,Unknown,Unknown,NA,NA,Siskiyou,NA,Irrigation,Single Well,NA,1977-04-06 - 2007-10-25,68,-121.891,41.8483
418483N1218912W001,679438,1996-10-22T00:00:00Z,4254.8,4253.8,0,41,4213.8,41,40,NA,Unknown,Water level accuracy is unknown,1,Department of Water Resources,NA,1,Department of Water Resources,NA,NA,24071,46N01E08D001M,08D001M,Unknown,Unknown,NA,NA,Siskiyou,NA,Irrigation,Single Well,NA,1977-04-06 - 2007-10-25,68,-121.891,41.8483
418483N1218912W001,679437,1996-03-26T00:00:00Z,4254.8,4253.8,0,40.8,4214,40.8,39.8,NA,Unknown,Water level accuracy is unknown,1,Department of Water Resources,NA,1,Department of Water Resources,NA,NA,24071,46N01E08D001M,08D001M,Unknown,Unknown,NA,NA,Siskiyou,NA,Irrigation,Single Well,NA,1977-04-06 - 2007-10-25,68,-121.891,41.8483
418483N1218912W001,679436,1995-10-17T00:00:00Z,4254.8,4253.8,0,42,4212.8,42,41,NA,Unknown,Water level accuracy is unknown,1,Department of Water Resources,NA,1,Department of Water Resources,NA,NA,24071,46N01E08D001M,08D001M,Unknown,Unknown,NA,NA,Siskiyou,NA,Irrigation,Single Well,NA,1977-04-06 - 2007-10-25,68,-121.891,41.8483
418483N1218912W001,679435,1995-03-27T00:00:00Z,4254.8,4253.8,0,44.9,4209.9,44.9,43.9,NA,Unknown,Water level accuracy is unknown,1,Department of Water Resources,NA,1,Department of Water Resources,NA,NA,24071,46N01E08D001M,08D001M,Unknown,Unknown,NA,NA,Siskiyou,NA,Irrigation,Single Well,NA,1977-04-06 - 2007-10-25,68,-121.891,41.8483
418483N1218912W001,679434,1994-03-29T00:00:00Z,4254.8,4253.8,0,44.6,4210.2,44.6,43.6,NA,Unknown,Water level accuracy is unknown,1,Department of Water Resources,NA,1,Department of Water Resources,NA,NA,24071,46N01E08D001M,08D001M,Unknown,Unknown,NA,NA,Siskiyou,NA,Irrigation,Single Well,NA,1977-04-06 - 2007-10-25,68,-121.891,41.8483
418483N1218912W001,679433,1993-10-14T00:00:00Z,4254.8,4253.8,0,44.2,4210.6,44.2,43.2,NA,Unknown,Water level accuracy is unknown,1,Department of Water Resources,NA,1,Department of Water Resources,NA,NA,24071,46N01E08D001M,08D001M,Unknown,Unknown,NA,NA,Siskiyou,NA,Irrigation,Single Well,NA,1977-04-06 - 2007-10-25,68,-121.891,41.8483
418483N1218912W001,679432,1993-03-17T00:00:00Z,4254.8,4253.8,0,45.1,4209.7,45.1,44.1,NA,Unknown,Water level accuracy is unknown,1,Department of Water Resources,NA,1,Department of Water Resources,NA,NA,24071,46N01E08D001M,08D001M,Unknown,Unknown,NA,NA,Siskiyou,NA,Irrigation,Single Well,NA,1977-04-06 - 2007-10-25,68,-121.891,41.8483
418483N1218912W001,679431,1992-10-19T00:00:00Z,4254.8,4253.8,0,44.8,4210,44.8,43.8,NA,Unknown,Water level accuracy is unknown,1,Department of Water Resources,NA,1,Department of Water Resources,NA,NA,24071,46N01E08D001M,08D001M,Unknown,Unknown,NA,NA,Siskiyou,NA,Irrigation,Single Well,NA,1977-04-06 - 2007-10-25,68,-121.891,41.8483
418483N1218912W001,679430,1992-03-02T00:00:00Z,4254.8,4253.8,0,43,4211.8,43,42,NA,Unknown,Water level accuracy is unknown,1,Department of Water Resources,NA,1,Department of Water Resources,NA,NA,24071,46N01E08D001M,08D001M,Unknown,Unknown,NA,NA,Siskiyou,NA,Irrigation,Single Well,NA,1977-04-06 - 2007-10-25,68,-121.891,41.8483
418483N1218912W001,679429,1991-09-30T00:00:00Z,4254.8,4253.8,0,42.6,4212.2,42.6,41.6,NA,Unknown,Water level accuracy is unknown,1,Department of Water Resources,NA,1,Department of Water Resources,NA,NA,24071,46N01E08D001M,08D001M,Unknown,Unknown,NA,NA,Siskiyou,NA,Irrigation,Single Well,NA,1977-04-06 - 2007-10-25,68,-121.891,41.8483
418483N1218912W001,679428,1991-03-20T00:00:00Z,4254.8,4253.8,0,44.5,4210.3,44.5,43.5,NA,Unknown,Water level accuracy is unknown,1,Department of Water Resources,NA,1,Department of Water Resources,NA,NA,24071,46N01E08D001M,08D001M,Unknown,Unknown,NA,NA,Siskiyou,NA,Irrigation,Single Well,NA,1977-04-06 - 2007-10-25,68,-121.891,41.8483
418483N1218912W001,679427,1990-10-02T00:00:00Z,4254.8,4253.8,0,40.7,4214.1,40.7,39.7,NA,Unknown,Water level accuracy is unknown,1,Department of Water Resources,NA,1,Department of Water Resources,NA,NA,24071,46N01E08D001M,08D001M,Unknown,Unknown,NA,NA,Siskiyou,NA,Irrigation,Single Well,NA,1977-04-06 - 2007-10-25,68,-121.891,41.8483
418483N1218912W001,679426,1990-03-20T00:00:00Z,4254.8,4253.8,0,39.8,4215,39.8,38.8,NA,Unknown,Water level accuracy is unknown,1,Department of Water Resources,NA,1,Department of Water Resources,NA,NA,24071,46N01E08D001M,08D001M,Unknown,Unknown,NA,NA,Siskiyou,NA,Irrigation,Single Well,NA,1977-04-06 - 2007-10-25,68,-121.891,41.8483
418483N1218912W001,679425,1989-10-03T00:00:00Z,4254.8,4253.8,0,39.8,4215,39.8,38.8,NA,Unknown,Water level accuracy is unknown,1,Department of Water Resources,NA,1,Department of Water Resources,NA,NA,24071,46N01E08D001M,08D001M,Unknown,Unknown,NA,NA,Siskiyou,NA,Irrigation,Single Well,NA,1977-04-06 - 2007-10-25,68,-121.891,41.8483
418483N1218912W001,679424,1989-03-22T00:00:00Z,4254.8,4253.8,0,38.4,4216.4,38.4,37.4,NA,Unknown,Water level accuracy is unknown,1,Department of Water Resources,NA,1,Department of Water Resources,NA,NA,24071,46N01E08D001M,08D001M,Unknown,Unknown,NA,NA,Siskiyou,NA,Irrigation,Single Well,NA,1977-04-06 - 2007-10-25,68,-121.891,41.8483
418483N1218912W001,679423,1988-10-24T00:00:00Z,4254.8,4253.8,0,38.1,4216.7,38.1,37.1,NA,Unknown,Water level accuracy is unknown,1,Department of Water Resources,NA,1,Department of Water Resources,NA,NA,24071,46N01E08D001M,08D001M,Unknown,Unknown,NA,NA,Siskiyou,NA,Irrigation,Single Well,NA,1977-04-06 - 2007-10-25,68,-121.891,41.8483
418483N1218912W001,679422,1988-03-23T00:00:00Z,4254.8,4253.8,0,36.1,4218.7,36.1,35.1,NA,Unknown,Water level accuracy is unknown,1,Department of Water Resources,NA,1,Department of Water Resources,NA,NA,24071,46N01E08D001M,08D001M,Unknown,Unknown,NA,NA,Siskiyou,NA,Irrigation,Single Well,NA,1977-04-06 - 2007-10-25,68,-121.891,41.8483
418483N1218912W001,679421,1987-10-20T00:00:00Z,4254.8,4253.8,0,35.7,4219.1,35.7,34.7,NA,Unknown,Water level accuracy is unknown,1,Department of Water Resources,NA,1,Department of Water Resources,NA,NA,24071,46N01E08D001M,08D001M,Unknown,Unknown,NA,NA,Siskiyou,NA,Irrigation,Single Well,NA,1977-04-06 - 2007-10-25,68,-121.891,41.8483
418483N1218912W001,679420,1987-04-21T00:00:00Z,4254.8,4253.8,0,33.7,4221.1,33.7,32.7,NA,Unknown,Water level accuracy is unknown,1,Department of Water Resources,NA,1,Department of Water Resources,NA,NA,24071,46N01E08D001M,08D001M,Unknown,Unknown,NA,NA,Siskiyou,NA,Irrigation,Single Well,NA,1977-04-06 - 2007-10-25,68,-121.891,41.8483
418483N1218912W001,679419,1986-04-29T00:00:00Z,4254.8,4253.8,0,32.4,4222.4,32.4,31.4,NA,Unknown,Water level accuracy is unknown,1,Department of Water Resources,NA,624,Bureau of Reclamation,NA,NA,24071,46N01E08D001M,08D001M,Unknown,Unknown,NA,NA,Siskiyou,NA,Irrigation,Single Well,NA,1977-04-06 - 2007-10-25,68,-121.891,41.8483
418483N1218912W001,679418,1985-10-16T00:00:00Z,4254.8,4253.8,0,33.8,4221,33.8,32.8,NA,Unknown,Water level accuracy is unknown,1,Department of Water Resources,NA,624,Bureau of Reclamation,NA,NA,24071,46N01E08D001M,08D001M,Unknown,Unknown,NA,NA,Siskiyou,NA,Irrigation,Single Well,NA,1977-04-06 - 2007-10-25,68,-121.891,41.8483
418483N1218912W001,679417,1985-04-15T00:00:00Z,4254.8,4253.8,0,31.2,4223.6,31.2,30.2,NA,Unknown,Water level accuracy is unknown,1,Department of Water Resources,NA,624,Bureau of Reclamation,NA,NA,24071,46N01E08D001M,08D001M,Unknown,Unknown,NA,NA,Siskiyou,NA,Irrigation,Single Well,NA,1977-04-06 - 2007-10-25,68,-121.891,41.8483
418483N1218912W001,679416,1984-10-25T00:00:00Z,4254.8,4253.8,0,32.5,4222.3,32.5,31.5,NA,Unknown,Water level accuracy is unknown,1,Department of Water Resources,NA,624,Bureau of Reclamation,NA,NA,24071,46N01E08D001M,08D001M,Unknown,Unknown,NA,NA,Siskiyou,NA,Irrigation,Single Well,NA,1977-04-06 - 2007-10-25,68,-121.891,41.8483
418483N1218912W001,679415,1984-04-16T00:00:00Z,4254.8,4253.8,0,29.6,4225.2,29.6,28.6,NA,Unknown,Water level accuracy is unknown,1,Department of Water Resources,NA,624,Bureau of Reclamation,NA,NA,24071,46N01E08D001M,08D001M,Unknown,Unknown,NA,NA,Siskiyou,NA,Irrigation,Single Well,NA,1977-04-06 - 2007-10-25,68,-121.891,41.8483
418483N1218912W001,679414,1983-10-14T00:00:00Z,4254.8,4253.8,0,31.3,4223.5,31.3,30.3,NA,Unknown,Water level accuracy is unknown,1,Department of Water Resources,NA,624,Bureau of Reclamation,NA,NA,24071,46N01E08D001M,08D001M,Unknown,Unknown,NA,NA,Siskiyou,NA,Irrigation,Single Well,NA,1977-04-06 - 2007-10-25,68,-121.891,41.8483
418483N1218912W001,679413,1983-05-11T00:00:00Z,4254.8,4253.8,0,32.9,4221.9,32.9,31.9,NA,Unknown,Water level accuracy is unknown,1,Department of Water Resources,NA,624,Bureau of Reclamation,NA,NA,24071,46N01E08D001M,08D001M,Unknown,Unknown,NA,NA,Siskiyou,NA,Irrigation,Single Well,NA,1977-04-06 - 2007-10-25,68,-121.891,41.8483
418483N1218912W001,679412,1982-10-25T00:00:00Z,4254.8,4253.8,0,36.3,4218.5,36.3,35.3,NA,Unknown,Water level accuracy is unknown,1,Department of Water Resources,NA,624,Bureau of Reclamation,NA,NA,24071,46N01E08D001M,08D001M,Unknown,Unknown,NA,NA,Siskiyou,NA,Irrigation,Single Well,NA,1977-04-06 - 2007-10-25,68,-121.891,41.8483
418483N1218912W001,679411,1982-04-21T00:00:00Z,4254.8,4253.8,0,36.3,4218.5,36.3,35.3,NA,Unknown,Water level accuracy is unknown,1,Department of Water Resources,NA,624,Bureau of Reclamation,NA,NA,24071,46N01E08D001M,08D001M,Unknown,Unknown,NA,NA,Siskiyou,NA,Irrigation,Single Well,NA,1977-04-06 - 2007-10-25,68,-121.891,41.8483
418483N1218912W001,679410,1981-10-15T00:00:00Z,4254.8,4253.8,0,41.5,4213.3,41.5,40.5,NA,Unknown,Water level accuracy is unknown,1,Department of Water Resources,NA,624,Bureau of Reclamation,NA,NA,24071,46N01E08D001M,08D001M,Unknown,Unknown,NA,NA,Siskiyou,NA,Irrigation,Single Well,NA,1977-04-06 - 2007-10-25,68,-121.891,41.8483
418483N1218912W001,679409,1981-04-24T00:00:00Z,4254.8,4253.8,0,36.8,4218,36.8,35.8,NA,Unknown,Water level accuracy is unknown,1,Department of Water Resources,NA,624,Bureau of Reclamation,NA,NA,24071,46N01E08D001M,08D001M,Unknown,Unknown,NA,NA,Siskiyou,NA,Irrigation,Single Well,NA,1977-04-06 - 2007-10-25,68,-121.891,41.8483
418483N1218912W001,679408,1980-10-24T00:00:00Z,4254.8,4253.8,0,36.8,4218,36.8,35.8,NA,Unknown,Water level accuracy is unknown,1,Department of Water Resources,NA,624,Bureau of Reclamation,NA,NA,24071,46N01E08D001M,08D001M,Unknown,Unknown,NA,NA,Siskiyou,NA,Irrigation,Single Well,NA,1977-04-06 - 2007-10-25,68,-121.891,41.8483
418483N1218912W001,679407,1980-04-17T00:00:00Z,4254.8,4253.8,0,35,4219.8,35,34,NA,Unknown,Water level accuracy is unknown,1,Department of Water Resources,NA,624,Bureau of Reclamation,NA,NA,24071,46N01E08D001M,08D001M,Unknown,Unknown,NA,NA,Siskiyou,NA,Irrigation,Single Well,NA,1977-04-06 - 2007-10-25,68,-121.891,41.8483
418483N1218912W001,679406,1979-10-12T00:00:00Z,4254.8,4253.8,0,35.1,4219.7,35.1,34.1,NA,Unknown,Water level accuracy is unknown,1,Department of Water Resources,NA,624,Bureau of Reclamation,NA,NA,24071,46N01E08D001M,08D001M,Unknown,Unknown,NA,NA,Siskiyou,NA,Irrigation,Single Well,NA,1977-04-06 - 2007-10-25,68,-121.891,41.8483
418483N1218912W001,679405,1979-04-27T00:00:00Z,4254.8,4253.8,0,32.5,4222.3,32.5,31.5,NA,Unknown,Water level accuracy is unknown,1,Department of Water Resources,NA,624,Bureau of Reclamation,NA,NA,24071,46N01E08D001M,08D001M,Unknown,Unknown,NA,NA,Siskiyou,NA,Irrigation,Single Well,NA,1977-04-06 - 2007-10-25,68,-121.891,41.8483
418483N1218912W001,679404,1978-09-18T00:00:00Z,4254.8,4253.8,0,32.1,4222.7,32.1,31.1,NA,Unknown,Water level accuracy is unknown,1,Department of Water Resources,NA,624,Bureau of Reclamation,NA,NA,24071,46N01E08D001M,08D001M,Unknown,Unknown,NA,NA,Siskiyou,NA,Irrigation,Single Well,NA,1977-04-06 - 2007-10-25,68,-121.891,41.8483
418483N1218912W001,679403,1978-08-15T00:00:00Z,4254.8,4253.8,NA,NA,NA,NA,NA,Pumping,NA,NA,1,Department of Water Resources,NA,624,Bureau of Reclamation,NA,NA,24071,46N01E08D001M,08D001M,Unknown,Unknown,NA,NA,Siskiyou,NA,Irrigation,Single Well,NA,1977-04-06 - 2007-10-25,68,-121.891,41.8483
418483N1218912W001,679402,1978-07-19T00:00:00Z,4254.8,4253.8,NA,NA,NA,NA,NA,Pumping,NA,NA,1,Department of Water Resources,NA,624,Bureau of Reclamation,NA,NA,24071,46N01E08D001M,08D001M,Unknown,Unknown,NA,NA,Siskiyou,NA,Irrigation,Single Well,NA,1977-04-06 - 2007-10-25,68,-121.891,41.8483
418483N1218912W001,679401,1978-06-16T00:00:00Z,4254.8,4253.8,0,31.3,4223.5,31.3,30.3,NA,Unknown,Water level accuracy is unknown,1,Department of Water Resources,NA,624,Bureau of Reclamation,NA,NA,24071,46N01E08D001M,08D001M,Unknown,Unknown,NA,NA,Siskiyou,NA,Irrigation,Single Well,NA,1977-04-06 - 2007-10-25,68,-121.891,41.8483
418483N1218912W001,679400,1978-05-12T00:00:00Z,4254.8,4253.8,0,31.2,4223.6,31.2,30.2,NA,Unknown,Water level accuracy is unknown,1,Department of Water Resources,NA,624,Bureau of Reclamation,NA,NA,24071,46N01E08D001M,08D001M,Unknown,Unknown,NA,NA,Siskiyou,NA,Irrigation,Single Well,NA,1977-04-06 - 2007-10-25,68,-121.891,41.8483
418483N1218912W001,679399,1978-04-13T00:00:00Z,4254.8,4253.8,0,31.7,4223.1,31.7,30.7,NA,Unknown,Water level accuracy is unknown,1,Department of Water Resources,NA,624,Bureau of Reclamation,NA,NA,24071,46N01E08D001M,08D001M,Unknown,Unknown,NA,NA,Siskiyou,NA,Irrigation,Single Well,NA,1977-04-06 - 2007-10-25,68,-121.891,41.8483
418483N1218912W001,679398,1977-10-14T00:00:00Z,4254.8,4253.8,0,33.2,4221.6,33.2,32.2,NA,Unknown,Water level accuracy is unknown,1,Department of Water Resources,NA,624,Bureau of Reclamation,NA,NA,24071,46N01E08D001M,08D001M,Unknown,Unknown,NA,NA,Siskiyou,NA,Irrigation,Single Well,NA,1977-04-06 - 2007-10-25,68,-121.891,41.8483
418483N1218912W001,679397,1977-09-15T00:00:00Z,4254.8,4253.8,0,33.2,4221.6,33.2,32.2,NA,Unknown,Water level accuracy is unknown,1,Department of Water Resources,NA,624,Bureau of Reclamation,NA,NA,24071,46N01E08D001M,08D001M,Unknown,Unknown,NA,NA,Siskiyou,NA,Irrigation,Single Well,NA,1977-04-06 - 2007-10-25,68,-121.891,41.8483
418483N1218912W001,679396,1977-08-16T00:00:00Z,4254.8,4253.8,NA,NA,NA,NA,NA,Pumping,NA,NA,1,Department of Water Resources,NA,624,Bureau of Reclamation,NA,NA,24071,46N01E08D001M,08D001M,Unknown,Unknown,NA,NA,Siskiyou,NA,Irrigation,Single Well,NA,1977-04-06 - 2007-10-25,68,-121.891,41.8483
418483N1218912W001,679395,1977-07-20T00:00:00Z,4254.8,4253.8,NA,NA,NA,NA,NA,Pumping,NA,NA,1,Department of Water Resources,NA,624,Bureau of Reclamation,NA,NA,24071,46N01E08D001M,08D001M,Unknown,Unknown,NA,NA,Siskiyou,NA,Irrigation,Single Well,NA,1977-04-06 - 2007-10-25,68,-121.891,41.8483
418483N1218912W001,679394,1977-06-14T00:00:00Z,4254.8,4253.8,0,30.1,4224.7,30.1,29.1,NA,Unknown,Water level accuracy is unknown,1,Department of Water Resources,NA,624,Bureau of Reclamation,NA,NA,24071,46N01E08D001M,08D001M,Unknown,Unknown,NA,NA,Siskiyou,NA,Irrigation,Single Well,NA,1977-04-06 - 2007-10-25,68,-121.891,41.8483
418483N1218912W001,679393,1977-04-06T00:00:00Z,4254.8,4253.8,0,29.3,4225.5,29.3,28.3,NA,Unknown,Water level accuracy is unknown,1,Department of Water Resources,NA,624,Bureau of Reclamation,NA,NA,24071,46N01E08D001M,08D001M,Unknown,Unknown,NA,NA,Siskiyou,NA,Irrigation,Single Well,NA,1977-04-06 - 2007-10-25,68,-121.891,41.8483
