SITE_CODE,WLM_ID,MSMT_DATE,WLM_RPE,WLM_GSE,RDNG_WS,RDNG_RP,WSE,RPE_WSE,GSE_WSE,WLM_QA_DESC,WLM_DESC,WLM_ACC_DESC,WLM_ORG_ID,WLM_ORG_NAME,MSMT_CMT,COOP_AGENCY_ORG_ID,COOP_ORG_NAME,TOP_PRF,BOT_PRF,STN_ID,SWN,WELL_NAME,WLM_METHOD,WLM_ACC,BASIN_CODE,BASIN_NAME,COUNTY_NAME,WELL_DEPTH,WELL_USE,WELL_TYPE,WCR_NO,t_range,n_samples,X,Y
418408N1219789W001,679585,1990-10-01T00:00:00Z,4403.82,4403.82,NA,NA,NA,NA,NA,Measurement Discontinued,NA,NA,1,Department of Water Resources,NA,1,Department of Water Resources,200,542,24074,46N01W09R001M,NA,Unknown,Unknown,1-003,Butte Valley,Siskiyou,602,Irrigation,Unknown,3956,1987-04-21 - 1990-10-01,8,-121.979,41.8408
418408N1219789W001,679584,1990-03-22T00:00:00Z,4403.82,4403.82,NA,NA,NA,NA,NA,Measurement Discontinued,NA,NA,1,Department of Water Resources,NA,1,Department of Water Resources,200,542,24074,46N01W09R001M,NA,Unknown,Unknown,1-003,Butte Valley,Siskiyou,602,Irrigation,Unknown,3956,1987-04-21 - 1990-10-01,8,-121.979,41.8408
418408N1219789W001,679583,1989-10-04T00:00:00Z,4403.82,4403.82,0,188.1,4215.72,188.1,188.1,NA,Unknown,Water level accuracy is unknown,1,Department of Water Resources,NA,1,Department of Water Resources,200,542,24074,46N01W09R001M,NA,Unknown,Unknown,1-003,Butte Valley,Siskiyou,602,Irrigation,Unknown,3956,1987-04-21 - 1990-10-01,8,-121.979,41.8408
418408N1219789W001,679582,1989-03-21T00:00:00Z,4403.82,4403.82,0,181.8,4222.02,181.8,181.8,NA,Unknown,Water level accuracy is unknown,1,Department of Water Resources,NA,1,Department of Water Resources,200,542,24074,46N01W09R001M,NA,Unknown,Unknown,1-003,Butte Valley,Siskiyou,602,Irrigation,Unknown,3956,1987-04-21 - 1990-10-01,8,-121.979,41.8408
418408N1219789W001,679581,1988-10-24T00:00:00Z,4403.82,4403.82,0,184.8,4219.02,184.8,184.8,NA,Unknown,Water level accuracy is unknown,1,Department of Water Resources,NA,1,Department of Water Resources,200,542,24074,46N01W09R001M,NA,Unknown,Unknown,1-003,Butte Valley,Siskiyou,602,Irrigation,Unknown,3956,1987-04-21 - 1990-10-01,8,-121.979,41.8408
418408N1219789W001,679580,1988-03-23T00:00:00Z,4403.82,4403.82,0,179.9,4223.92,179.9,179.9,NA,Unknown,Water level accuracy is unknown,1,Department of Water Resources,NA,1,Department of Water Resources,200,542,24074,46N01W09R001M,NA,Unknown,Unknown,1-003,Butte Valley,Siskiyou,602,Irrigation,Unknown,3956,1987-04-21 - 1990-10-01,8,-121.979,41.8408
418408N1219789W001,679579,1987-10-20T00:00:00Z,4403.82,4403.82,0,190.3,4213.52,190.3,190.3,NA,Unknown,Water level accuracy is unknown,1,Department of Water Resources,NA,1,Department of Water Resources,200,542,24074,46N01W09R001M,NA,Unknown,Unknown,1-003,Butte Valley,Siskiyou,602,Irrigation,Unknown,3956,1987-04-21 - 1990-10-01,8,-121.979,41.8408
418408N1219789W001,679578,1987-04-21T00:00:00Z,4403.82,4403.82,0,178.9,4224.92,178.9,178.9,NA,Unknown,Water level accuracy is unknown,1,Department of Water Resources,NA,1,Department of Water Resources,200,542,24074,46N01W09R001M,NA,Unknown,Unknown,1-003,Butte Valley,Siskiyou,602,Irrigation,Unknown,3956,1987-04-21 - 1990-10-01,8,-121.979,41.8408
