SITE_CODE,WLM_ID,MSMT_DATE,WLM_RPE,WLM_GSE,RDNG_WS,RDNG_RP,WSE,RPE_WSE,GSE_WSE,WLM_QA_DESC,WLM_DESC,WLM_ACC_DESC,WLM_ORG_ID,WLM_ORG_NAME,MSMT_CMT,COOP_AGENCY_ORG_ID,COOP_ORG_NAME,TOP_PRF,BOT_PRF,STN_ID,SWN,WELL_NAME,WLM_METHOD,WLM_ACC,BASIN_CODE,BASIN_NAME,COUNTY_NAME,WELL_DEPTH,WELL_USE,WELL_TYPE,WCR_NO,t_range,n_samples,X,Y
418515N1218903W001,679392,1990-10-02T00:00:00Z,4263.8,4263.8,NA,NA,NA,NA,NA,Measurement Discontinued,NA,NA,1,Department of Water Resources,NA,1,Department of Water Resources,NA,NA,24070,46N01E08C001M,NA,Unknown,Unknown,NA,NA,Siskiyou,118,Residential,Unknown,NA,1977-04-06 - 1990-10-02,35,-121.89,41.8515
418515N1218903W001,679391,1990-03-22T00:00:00Z,4263.8,4263.8,NA,NA,NA,NA,NA,Measurement Discontinued,NA,NA,1,Department of Water Resources,NA,1,Department of Water Resources,NA,NA,24070,46N01E08C001M,NA,Unknown,Unknown,NA,NA,Siskiyou,118,Residential,Unknown,NA,1977-04-06 - 1990-10-02,35,-121.89,41.8515
418515N1218903W001,679390,1989-10-03T00:00:00Z,4263.8,4263.8,0,51,4212.8,51,51,NA,Unknown,Water level accuracy is unknown,1,Department of Water Resources,NA,1,Department of Water Resources,NA,NA,24070,46N01E08C001M,NA,Unknown,Unknown,NA,NA,Siskiyou,118,Residential,Unknown,NA,1977-04-06 - 1990-10-02,35,-121.89,41.8515
418515N1218903W001,679389,1989-03-22T00:00:00Z,4263.8,4263.8,0,50.1,4213.7,50.1,50.1,NA,Unknown,Water level accuracy is unknown,1,Department of Water Resources,NA,1,Department of Water Resources,NA,NA,24070,46N01E08C001M,NA,Unknown,Unknown,NA,NA,Siskiyou,118,Residential,Unknown,NA,1977-04-06 - 1990-10-02,35,-121.89,41.8515
418515N1218903W001,679388,1988-10-24T00:00:00Z,4263.8,4263.8,0,49.9,4213.9,49.9,49.9,NA,Unknown,Water level accuracy is unknown,1,Department of Water Resources,NA,1,Department of Water Resources,NA,NA,24070,46N01E08C001M,NA,Unknown,Unknown,NA,NA,Siskiyou,118,Residential,Unknown,NA,1977-04-06 - 1990-10-02,35,-121.89,41.8515
418515N1218903W001,679387,1988-03-23T00:00:00Z,4263.8,4263.8,0,47.8,4216,47.8,47.8,NA,Unknown,Water level accuracy is unknown,1,Department of Water Resources,NA,1,Department of Water Resources,NA,NA,24070,46N01E08C001M,NA,Unknown,Unknown,NA,NA,Siskiyou,118,Residential,Unknown,NA,1977-04-06 - 1990-10-02,35,-121.89,41.8515
418515N1218903W001,679386,1987-10-20T00:00:00Z,4263.8,4263.8,0,47.5,4216.3,47.5,47.5,NA,Unknown,Water level accuracy is unknown,1,Department of Water Resources,NA,1,Department of Water Resources,NA,NA,24070,46N01E08C001M,NA,Unknown,Unknown,NA,NA,Siskiyou,118,Residential,Unknown,NA,1977-04-06 - 1990-10-02,35,-121.89,41.8515
418515N1218903W001,679385,1987-04-21T00:00:00Z,4263.8,4263.8,0,45.6,4218.2,45.6,45.6,NA,Unknown,Water level accuracy is unknown,1,Department of Water Resources,NA,1,Department of Water Resources,NA,NA,24070,46N01E08C001M,NA,Unknown,Unknown,NA,NA,Siskiyou,118,Residential,Unknown,NA,1977-04-06 - 1990-10-02,35,-121.89,41.8515
418515N1218903W001,679384,1986-04-29T00:00:00Z,4263.8,4263.8,0,43.9,4219.9,43.9,43.9,NA,Unknown,Water level accuracy is unknown,1,Department of Water Resources,NA,624,Bureau of Reclamation,NA,NA,24070,46N01E08C001M,NA,Unknown,Unknown,NA,NA,Siskiyou,118,Residential,Unknown,NA,1977-04-06 - 1990-10-02,35,-121.89,41.8515
418515N1218903W001,679383,1985-10-16T00:00:00Z,4263.8,4263.8,0,45.4,4218.4,45.4,45.4,NA,Unknown,Water level accuracy is unknown,1,Department of Water Resources,NA,624,Bureau of Reclamation,NA,NA,24070,46N01E08C001M,NA,Unknown,Unknown,NA,NA,Siskiyou,118,Residential,Unknown,NA,1977-04-06 - 1990-10-02,35,-121.89,41.8515
418515N1218903W001,679382,1985-04-15T00:00:00Z,4263.8,4263.8,0,42.5,4221.3,42.5,42.5,NA,Unknown,Water level accuracy is unknown,1,Department of Water Resources,NA,624,Bureau of Reclamation,NA,NA,24070,46N01E08C001M,NA,Unknown,Unknown,NA,NA,Siskiyou,118,Residential,Unknown,NA,1977-04-06 - 1990-10-02,35,-121.89,41.8515
418515N1218903W001,679381,1984-10-25T00:00:00Z,4263.8,4263.8,0,42.6,4221.2,42.6,42.6,NA,Unknown,Water level accuracy is unknown,1,Department of Water Resources,NA,624,Bureau of Reclamation,NA,NA,24070,46N01E08C001M,NA,Unknown,Unknown,NA,NA,Siskiyou,118,Residential,Unknown,NA,1977-04-06 - 1990-10-02,35,-121.89,41.8515
418515N1218903W001,679380,1984-04-16T00:00:00Z,4263.8,4263.8,0,41.7,4222.1,41.7,41.7,NA,Unknown,Water level accuracy is unknown,1,Department of Water Resources,NA,624,Bureau of Reclamation,NA,NA,24070,46N01E08C001M,NA,Unknown,Unknown,NA,NA,Siskiyou,118,Residential,Unknown,NA,1977-04-06 - 1990-10-02,35,-121.89,41.8515
418515N1218903W001,679379,1983-10-14T00:00:00Z,4263.8,4263.8,0,42.9,4220.9,42.9,42.9,NA,Unknown,Water level accuracy is unknown,1,Department of Water Resources,NA,624,Bureau of Reclamation,NA,NA,24070,46N01E08C001M,NA,Unknown,Unknown,NA,NA,Siskiyou,118,Residential,Unknown,NA,1977-04-06 - 1990-10-02,35,-121.89,41.8515
418515N1218903W001,679378,1983-05-11T00:00:00Z,4263.8,4263.8,0,44.4,4219.4,44.4,44.4,NA,Unknown,Water level accuracy is unknown,1,Department of Water Resources,NA,624,Bureau of Reclamation,NA,NA,24070,46N01E08C001M,NA,Unknown,Unknown,NA,NA,Siskiyou,118,Residential,Unknown,NA,1977-04-06 - 1990-10-02,35,-121.89,41.8515
418515N1218903W001,679377,1982-10-25T00:00:00Z,4263.8,4263.8,0,52.6,4211.2,52.6,52.6,NA,Unknown,Water level accuracy is unknown,1,Department of Water Resources,NA,624,Bureau of Reclamation,NA,NA,24070,46N01E08C001M,NA,Unknown,Unknown,NA,NA,Siskiyou,118,Residential,Unknown,NA,1977-04-06 - 1990-10-02,35,-121.89,41.8515
418515N1218903W001,679376,1982-04-21T00:00:00Z,4263.8,4263.8,0,57.8,4206,57.8,57.8,NA,Unknown,Water level accuracy is unknown,1,Department of Water Resources,NA,624,Bureau of Reclamation,NA,NA,24070,46N01E08C001M,NA,Unknown,Unknown,NA,NA,Siskiyou,118,Residential,Unknown,NA,1977-04-06 - 1990-10-02,35,-121.89,41.8515
418515N1218903W001,679375,1981-10-15T00:00:00Z,4263.8,4263.8,0,50.5,4213.3,50.5,50.5,NA,Unknown,Water level accuracy is unknown,1,Department of Water Resources,NA,624,Bureau of Reclamation,NA,NA,24070,46N01E08C001M,NA,Unknown,Unknown,NA,NA,Siskiyou,118,Residential,Unknown,NA,1977-04-06 - 1990-10-02,35,-121.89,41.8515
418515N1218903W001,679374,1981-04-24T00:00:00Z,4263.8,4263.8,0,64,4199.8,64,64,Pumped recently,Unknown,Water level accuracy is unknown,1,Department of Water Resources,NA,624,Bureau of Reclamation,NA,NA,24070,46N01E08C001M,NA,Unknown,Unknown,NA,NA,Siskiyou,118,Residential,Unknown,NA,1977-04-06 - 1990-10-02,35,-121.89,41.8515
418515N1218903W001,679373,1980-10-24T00:00:00Z,4263.8,4263.8,0,60,4203.8,60,60,Other,Unknown,Water level accuracy is unknown,1,Department of Water Resources,NA,624,Bureau of Reclamation,NA,NA,24070,46N01E08C001M,NA,Unknown,Unknown,NA,NA,Siskiyou,118,Residential,Unknown,NA,1977-04-06 - 1990-10-02,35,-121.89,41.8515
418515N1218903W001,679372,1980-04-17T00:00:00Z,4263.8,4263.8,0,46.3,4217.5,46.3,46.3,NA,Unknown,Water level accuracy is unknown,1,Department of Water Resources,NA,624,Bureau of Reclamation,NA,NA,24070,46N01E08C001M,NA,Unknown,Unknown,NA,NA,Siskiyou,118,Residential,Unknown,NA,1977-04-06 - 1990-10-02,35,-121.89,41.8515
418515N1218903W001,679371,1979-10-12T00:00:00Z,4263.8,4263.8,0,46.6,4217.2,46.6,46.6,NA,Unknown,Water level accuracy is unknown,1,Department of Water Resources,NA,624,Bureau of Reclamation,NA,NA,24070,46N01E08C001M,NA,Unknown,Unknown,NA,NA,Siskiyou,118,Residential,Unknown,NA,1977-04-06 - 1990-10-02,35,-121.89,41.8515
418515N1218903W001,679370,1979-04-27T00:00:00Z,4263.8,4263.8,0,44.1,4219.7,44.1,44.1,NA,Unknown,Water level accuracy is unknown,1,Department of Water Resources,NA,624,Bureau of Reclamation,NA,NA,24070,46N01E08C001M,NA,Unknown,Unknown,NA,NA,Siskiyou,118,Residential,Unknown,NA,1977-04-06 - 1990-10-02,35,-121.89,41.8515
418515N1218903W001,679369,1978-09-18T00:00:00Z,4263.8,4263.8,0,54.8,4209,54.8,54.8,NA,Unknown,Water level accuracy is unknown,1,Department of Water Resources,NA,624,Bureau of Reclamation,NA,NA,24070,46N01E08C001M,NA,Unknown,Unknown,NA,NA,Siskiyou,118,Residential,Unknown,NA,1977-04-06 - 1990-10-02,35,-121.89,41.8515
418515N1218903W001,679368,1978-08-15T00:00:00Z,4263.8,4263.8,0,46.1,4217.7,46.1,46.1,NA,Unknown,Water level accuracy is unknown,1,Department of Water Resources,NA,624,Bureau of Reclamation,NA,NA,24070,46N01E08C001M,NA,Unknown,Unknown,NA,NA,Siskiyou,118,Residential,Unknown,NA,1977-04-06 - 1990-10-02,35,-121.89,41.8515
418515N1218903W001,679367,1978-07-19T00:00:00Z,4263.8,4263.8,0,43,4220.8,43,43,NA,Unknown,Water level accuracy is unknown,1,Department of Water Resources,NA,624,Bureau of Reclamation,NA,NA,24070,46N01E08C001M,NA,Unknown,Unknown,NA,NA,Siskiyou,118,Residential,Unknown,NA,1977-04-06 - 1990-10-02,35,-121.89,41.8515
418515N1218903W001,679366,1978-06-16T00:00:00Z,4263.8,4263.8,0,42.8,4221,42.8,42.8,NA,Unknown,Water level accuracy is unknown,1,Department of Water Resources,NA,624,Bureau of Reclamation,NA,NA,24070,46N01E08C001M,NA,Unknown,Unknown,NA,NA,Siskiyou,118,Residential,Unknown,NA,1977-04-06 - 1990-10-02,35,-121.89,41.8515
418515N1218903W001,679365,1978-05-12T00:00:00Z,4263.8,4263.8,0,42.9,4220.9,42.9,42.9,NA,Unknown,Water level accuracy is unknown,1,Department of Water Resources,NA,624,Bureau of Reclamation,NA,NA,24070,46N01E08C001M,NA,Unknown,Unknown,NA,NA,Siskiyou,118,Residential,Unknown,NA,1977-04-06 - 1990-10-02,35,-121.89,41.8515
418515N1218903W001,679364,1978-04-13T00:00:00Z,4263.8,4263.8,0,43.1,4220.7,43.1,43.1,NA,Unknown,Water level accuracy is unknown,1,Department of Water Resources,NA,624,Bureau of Reclamation,NA,NA,24070,46N01E08C001M,NA,Unknown,Unknown,NA,NA,Siskiyou,118,Residential,Unknown,NA,1977-04-06 - 1990-10-02,35,-121.89,41.8515
418515N1218903W001,679363,1977-10-14T00:00:00Z,4263.8,4263.8,0,43.6,4220.2,43.6,43.6,NA,Unknown,Water level accuracy is unknown,1,Department of Water Resources,NA,624,Bureau of Reclamation,NA,NA,24070,46N01E08C001M,NA,Unknown,Unknown,NA,NA,Siskiyou,118,Residential,Unknown,NA,1977-04-06 - 1990-10-02,35,-121.89,41.8515
418515N1218903W001,679362,1977-09-15T00:00:00Z,4263.8,4263.8,0,43.4,4220.4,43.4,43.4,NA,Unknown,Water level accuracy is unknown,1,Department of Water Resources,NA,624,Bureau of Reclamation,NA,NA,24070,46N01E08C001M,NA,Unknown,Unknown,NA,NA,Siskiyou,118,Residential,Unknown,NA,1977-04-06 - 1990-10-02,35,-121.89,41.8515
418515N1218903W001,679361,1977-08-16T00:00:00Z,4263.8,4263.8,0,43.3,4220.5,43.3,43.3,NA,Unknown,Water level accuracy is unknown,1,Department of Water Resources,NA,624,Bureau of Reclamation,NA,NA,24070,46N01E08C001M,NA,Unknown,Unknown,NA,NA,Siskiyou,118,Residential,Unknown,NA,1977-04-06 - 1990-10-02,35,-121.89,41.8515
418515N1218903W001,679360,1977-07-20T00:00:00Z,4263.8,4263.8,0,63.1,4200.7,63.1,63.1,NA,Unknown,Water level accuracy is unknown,1,Department of Water Resources,NA,624,Bureau of Reclamation,NA,NA,24070,46N01E08C001M,NA,Unknown,Unknown,NA,NA,Siskiyou,118,Residential,Unknown,NA,1977-04-06 - 1990-10-02,35,-121.89,41.8515
418515N1218903W001,679359,1977-06-14T00:00:00Z,4263.8,4263.8,0,42.5,4221.3,42.5,42.5,NA,Unknown,Water level accuracy is unknown,1,Department of Water Resources,NA,624,Bureau of Reclamation,NA,NA,24070,46N01E08C001M,NA,Unknown,Unknown,NA,NA,Siskiyou,118,Residential,Unknown,NA,1977-04-06 - 1990-10-02,35,-121.89,41.8515
418515N1218903W001,679358,1977-04-06T00:00:00Z,4263.8,4263.8,0,40.6,4223.2,40.6,40.6,NA,Unknown,Water level accuracy is unknown,1,Department of Water Resources,NA,624,Bureau of Reclamation,NA,NA,24070,46N01E08C001M,NA,Unknown,Unknown,NA,NA,Siskiyou,118,Residential,Unknown,NA,1977-04-06 - 1990-10-02,35,-121.89,41.8515
