SITE_CODE,WLM_ID,MSMT_DATE,WLM_RPE,WLM_GSE,RDNG_WS,RDNG_RP,WSE,RPE_WSE,GSE_WSE,WLM_QA_DESC,WLM_DESC,WLM_ACC_DESC,WLM_ORG_ID,WLM_ORG_NAME,MSMT_CMT,COOP_AGENCY_ORG_ID,COOP_ORG_NAME,TOP_PRF,BOT_PRF,STN_ID,SWN,WELL_NAME,WLM_METHOD,WLM_ACC,BASIN_CODE,BASIN_NAME,COUNTY_NAME,WELL_DEPTH,WELL_USE,WELL_TYPE,WCR_NO,t_range,n_samples,X,Y
418544N1219958W001,2619110,2020-04-01T12:00:00Z,4241.82,4240.82,6,39,4208.82,33,32,NA,Steel tape measurement,Water level accuracy to nearest tenth of a foot,1,Department of Water Resources,NA,1,Department of Water Resources,NA,NA,24073,46N01W04N002M,46N01W04N002M,USGS quad,5 ft.,1-003,Butte Valley,Siskiyou,220,Unknown,Single Well,NA,1976-10-12 00:00:00 - 2020-04-01 12:00:00,95,-121.996,41.8544
418544N1219958W001,2453064,2019-04-03T12:00:00Z,4241.82,4240.82,5.7,40,4207.52,34.3,33.3,NA,Steel tape measurement,Water level accuracy to nearest tenth of a foot,1,Department of Water Resources,NA,1,Department of Water Resources,NA,NA,24073,46N01W04N002M,46N01W04N002M,USGS quad,5 ft.,1-003,Butte Valley,Siskiyou,220,Unknown,Single Well,NA,1976-10-12 00:00:00 - 2020-04-01 12:00:00,95,-121.996,41.8544
418544N1219958W001,2413555,2018-10-30T12:00:00Z,4241.82,4240.82,22.1,55,4208.92,32.9,31.9,NA,Steel tape measurement,Water level accuracy to nearest tenth of a foot,1,Department of Water Resources,NA,1,Department of Water Resources,NA,NA,24073,46N01W04N002M,46N01W04N002M,USGS quad,5 ft.,1-003,Butte Valley,Siskiyou,220,Unknown,Single Well,NA,1976-10-12 00:00:00 - 2020-04-01 12:00:00,95,-121.996,41.8544
418544N1219958W001,2286504,2018-03-29T12:00:00Z,4241.82,4240.82,11.9,45,4208.72,33.1,32.1,NA,Steel tape measurement,Water level accuracy to nearest tenth of a foot,1,Department of Water Resources,NA,1,Department of Water Resources,NA,NA,24073,46N01W04N002M,46N01W04N002M,USGS quad,5 ft.,1-003,Butte Valley,Siskiyou,220,Unknown,Single Well,NA,1976-10-12 00:00:00 - 2020-04-01 12:00:00,95,-121.996,41.8544
418544N1219958W001,2266631,2017-10-17T12:00:00Z,4241.82,4240.82,7.4,40,4209.22,32.6,31.6,NA,Steel tape measurement,Water level accuracy to nearest tenth of a foot,1,Department of Water Resources,NA,1,Department of Water Resources,NA,NA,24073,46N01W04N002M,46N01W04N002M,USGS quad,5 ft.,1-003,Butte Valley,Siskiyou,220,Unknown,Single Well,NA,1976-10-12 00:00:00 - 2020-04-01 12:00:00,95,-121.996,41.8544
418544N1219958W001,2241609,2017-03-23T12:00:00Z,4241.82,4240.82,1.2,33,4210.02,31.8,30.8,NA,Steel tape measurement,Water level accuracy to nearest tenth of a foot,1,Department of Water Resources,NA,1,Department of Water Resources,NA,NA,24073,46N01W04N002M,46N01W04N002M,USGS quad,5 ft.,1-003,Butte Valley,Siskiyou,220,Unknown,Single Well,NA,1976-10-12 00:00:00 - 2020-04-01 12:00:00,95,-121.996,41.8544
418544N1219958W001,2214900,2016-10-20T12:00:00Z,4241.82,4240.82,3.9,36,4209.72,32.1,31.1,NA,Steel tape measurement,Water level accuracy to nearest tenth of a foot,1,Department of Water Resources,NA,1,Department of Water Resources,NA,NA,24073,46N01W04N002M,46N01W04N002M,USGS quad,5 ft.,1-003,Butte Valley,Siskiyou,220,Unknown,Single Well,NA,1976-10-12 00:00:00 - 2020-04-01 12:00:00,95,-121.996,41.8544
418544N1219958W001,2184888,2016-03-22T12:00:00Z,4241.82,4240.82,2,35,4208.82,33,32,NA,Steel tape measurement,Water level accuracy to nearest tenth of a foot,1,Department of Water Resources,NA,1,Department of Water Resources,NA,NA,24073,46N01W04N002M,46N01W04N002M,USGS quad,5 ft.,1-003,Butte Valley,Siskiyou,220,Unknown,Single Well,NA,1976-10-12 00:00:00 - 2020-04-01 12:00:00,95,-121.996,41.8544
418544N1219958W001,2158512,2015-10-19T00:00:00Z,4241.82,4240.82,3.2,35,4210.02,31.8,30.8,NA,Steel tape measurement,Water level accuracy to nearest tenth of a foot,1,Department of Water Resources,NA,1,Department of Water Resources,NA,NA,24073,46N01W04N002M,46N01W04N002M,USGS quad,5 ft.,1-003,Butte Valley,Siskiyou,220,Unknown,Single Well,NA,1976-10-12 00:00:00 - 2020-04-01 12:00:00,95,-121.996,41.8544
418544N1219958W001,2130469,2015-03-23T00:00:00Z,4241.82,4240.82,1,32,4210.82,31,30,NA,Steel tape measurement,Water level accuracy to nearest tenth of a foot,1,Department of Water Resources,NA,1,Department of Water Resources,NA,NA,24073,46N01W04N002M,46N01W04N002M,USGS quad,5 ft.,1-003,Butte Valley,Siskiyou,220,Unknown,Single Well,NA,1976-10-12 00:00:00 - 2020-04-01 12:00:00,95,-121.996,41.8544
418544N1219958W001,2029080,2014-10-20T00:00:00Z,4241.82,4240.82,4.3,35,4211.12,30.7,29.7,NA,Steel tape measurement,Water level accuracy to nearest tenth of a foot,1,Department of Water Resources,NA,1,Department of Water Resources,NA,NA,24073,46N01W04N002M,46N01W04N002M,USGS quad,5 ft.,1-003,Butte Valley,Siskiyou,220,Unknown,Single Well,NA,1976-10-12 00:00:00 - 2020-04-01 12:00:00,95,-121.996,41.8544
418544N1219958W001,1885347,2014-03-24T00:00:00Z,4241.82,4240.82,3,33,4211.82,30,29,NA,Steel tape measurement,Water level accuracy to nearest tenth of a foot,1,Department of Water Resources,NA,1,Department of Water Resources,NA,NA,24073,46N01W04N002M,46N01W04N002M,USGS quad,5 ft.,1-003,Butte Valley,Siskiyou,220,Unknown,Single Well,NA,1976-10-12 00:00:00 - 2020-04-01 12:00:00,95,-121.996,41.8544
418544N1219958W001,1797519,2013-10-21T00:00:00Z,4241.82,4240.82,1.2,31,4212.02,29.8,28.8,NA,Steel tape measurement,Water level accuracy to nearest tenth of a foot,1,Department of Water Resources,NA,1,Department of Water Resources,NA,NA,24073,46N01W04N002M,46N01W04N002M,USGS quad,5 ft.,1-003,Butte Valley,Siskiyou,220,Unknown,Single Well,NA,1976-10-12 00:00:00 - 2020-04-01 12:00:00,95,-121.996,41.8544
418544N1219958W001,1685052,2013-03-25T00:00:00Z,4241.82,4240.82,1.7,31,4212.52,29.3,28.3,NA,Steel tape measurement,Water level accuracy to nearest tenth of a foot,1,Department of Water Resources,NA,1,Department of Water Resources,NA,NA,24073,46N01W04N002M,46N01W04N002M,USGS quad,5 ft.,1-003,Butte Valley,Siskiyou,220,Unknown,Single Well,NA,1976-10-12 00:00:00 - 2020-04-01 12:00:00,95,-121.996,41.8544
418544N1219958W001,70268,2012-10-29T00:00:00Z,4241.82,4240.82,0,29,4212.82,29,28,NA,Steel tape measurement,Water level accuracy to nearest tenth of a foot,1,Department of Water Resources,NA,1,Department of Water Resources,NA,NA,24073,46N01W04N002M,46N01W04N002M,USGS quad,5 ft.,1-003,Butte Valley,Siskiyou,220,Unknown,Single Well,NA,1976-10-12 00:00:00 - 2020-04-01 12:00:00,95,-121.996,41.8544
418544N1219958W001,59899,2012-04-17T00:00:00Z,4241.82,4240.82,0.7,29,4213.52,28.3,27.3,NA,Steel tape measurement,Water level accuracy to nearest tenth of a foot,1,Department of Water Resources,NA,1,Department of Water Resources,NA,NA,24073,46N01W04N002M,46N01W04N002M,USGS quad,5 ft.,1-003,Butte Valley,Siskiyou,220,Unknown,Single Well,NA,1976-10-12 00:00:00 - 2020-04-01 12:00:00,95,-121.996,41.8544
418544N1219958W001,41176,2011-10-18T00:00:00Z,4241.82,4240.82,0,28.1,4213.72,28.1,27.1,NA,Steel tape measurement,Water level accuracy to nearest tenth of a foot,1,Department of Water Resources,NA,1,Department of Water Resources,NA,NA,24073,46N01W04N002M,46N01W04N002M,USGS quad,5 ft.,1-003,Butte Valley,Siskiyou,220,Unknown,Single Well,NA,1976-10-12 00:00:00 - 2020-04-01 12:00:00,95,-121.996,41.8544
418544N1219958W001,679577,2011-10-18T00:00:00Z,4241.82,4240.82,0,28.1,4213.72,28.1,27.1,NA,Unknown,Water level accuracy is unknown,1,Department of Water Resources,NA,1,Department of Water Resources,NA,NA,24073,46N01W04N002M,46N01W04N002M,USGS quad,5 ft.,1-003,Butte Valley,Siskiyou,220,Unknown,Single Well,NA,1976-10-12 00:00:00 - 2020-04-01 12:00:00,95,-121.996,41.8544
418544N1219958W001,679576,2011-04-20T00:00:00Z,4241.82,4240.82,0,27.9,4213.92,27.9,26.9,NA,Unknown,Water level accuracy is unknown,1,Department of Water Resources,NA,1,Department of Water Resources,NA,NA,24073,46N01W04N002M,46N01W04N002M,USGS quad,5 ft.,1-003,Butte Valley,Siskiyou,220,Unknown,Single Well,NA,1976-10-12 00:00:00 - 2020-04-01 12:00:00,95,-121.996,41.8544
418544N1219958W001,679575,2010-10-25T00:00:00Z,4241.82,4240.82,0,27.7,4214.12,27.7,26.7,NA,Unknown,Water level accuracy is unknown,1,Department of Water Resources,NA,1,Department of Water Resources,NA,NA,24073,46N01W04N002M,46N01W04N002M,USGS quad,5 ft.,1-003,Butte Valley,Siskiyou,220,Unknown,Single Well,NA,1976-10-12 00:00:00 - 2020-04-01 12:00:00,95,-121.996,41.8544
418544N1219958W001,679574,2010-03-30T00:00:00Z,4241.82,4240.82,0,26.7,4215.12,26.7,25.7,NA,Unknown,Water level accuracy is unknown,1,Department of Water Resources,NA,1,Department of Water Resources,NA,NA,24073,46N01W04N002M,46N01W04N002M,USGS quad,5 ft.,1-003,Butte Valley,Siskiyou,220,Unknown,Single Well,NA,1976-10-12 00:00:00 - 2020-04-01 12:00:00,95,-121.996,41.8544
418544N1219958W001,679573,2009-10-27T00:00:00Z,4241.82,4240.82,NA,NA,NA,NA,NA,Special/Other,NA,NA,1,Department of Water Resources,CAN'T GET TAPE PAST 27-FT,1,Department of Water Resources,NA,NA,24073,46N01W04N002M,46N01W04N002M,USGS quad,5 ft.,1-003,Butte Valley,Siskiyou,220,Unknown,Single Well,NA,1976-10-12 00:00:00 - 2020-04-01 12:00:00,95,-121.996,41.8544
418544N1219958W001,679572,2009-04-08T00:00:00Z,4241.82,4240.82,0,25.1,4216.72,25.1,24.1,NA,Unknown,Water level accuracy is unknown,1,Department of Water Resources,NA,1,Department of Water Resources,NA,NA,24073,46N01W04N002M,46N01W04N002M,USGS quad,5 ft.,1-003,Butte Valley,Siskiyou,220,Unknown,Single Well,NA,1976-10-12 00:00:00 - 2020-04-01 12:00:00,95,-121.996,41.8544
418544N1219958W001,679571,2008-10-30T00:00:00Z,4241.82,4240.82,0,25.8,4216.02,25.8,24.8,NA,Unknown,Water level accuracy is unknown,1,Department of Water Resources,NA,1,Department of Water Resources,NA,NA,24073,46N01W04N002M,46N01W04N002M,USGS quad,5 ft.,1-003,Butte Valley,Siskiyou,220,Unknown,Single Well,NA,1976-10-12 00:00:00 - 2020-04-01 12:00:00,95,-121.996,41.8544
418544N1219958W001,679570,2008-04-04T00:00:00Z,4241.82,4240.82,0,21.4,4220.42,21.4,20.4,NA,Unknown,Water level accuracy is unknown,1,Department of Water Resources,NA,1,Department of Water Resources,NA,NA,24073,46N01W04N002M,46N01W04N002M,USGS quad,5 ft.,1-003,Butte Valley,Siskiyou,220,Unknown,Single Well,NA,1976-10-12 00:00:00 - 2020-04-01 12:00:00,95,-121.996,41.8544
418544N1219958W001,679569,2007-10-25T00:00:00Z,4241.82,4240.82,0,21.6,4220.22,21.6,20.6,NA,Unknown,Water level accuracy is unknown,1,Department of Water Resources,NA,1,Department of Water Resources,NA,NA,24073,46N01W04N002M,46N01W04N002M,USGS quad,5 ft.,1-003,Butte Valley,Siskiyou,220,Unknown,Single Well,NA,1976-10-12 00:00:00 - 2020-04-01 12:00:00,95,-121.996,41.8544
418544N1219958W001,679568,2007-03-29T00:00:00Z,4241.82,4240.82,0,20.3,4221.52,20.3,19.3,NA,Unknown,Water level accuracy is unknown,1,Department of Water Resources,NA,1,Department of Water Resources,NA,NA,24073,46N01W04N002M,46N01W04N002M,USGS quad,5 ft.,1-003,Butte Valley,Siskiyou,220,Unknown,Single Well,NA,1976-10-12 00:00:00 - 2020-04-01 12:00:00,95,-121.996,41.8544
418544N1219958W001,679567,2006-10-12T00:00:00Z,4241.82,4240.82,0,19.4,4222.42,19.4,18.4,NA,Unknown,Water level accuracy is unknown,1,Department of Water Resources,NA,1,Department of Water Resources,NA,NA,24073,46N01W04N002M,46N01W04N002M,USGS quad,5 ft.,1-003,Butte Valley,Siskiyou,220,Unknown,Single Well,NA,1976-10-12 00:00:00 - 2020-04-01 12:00:00,95,-121.996,41.8544
418544N1219958W001,679566,2006-04-18T00:00:00Z,4241.82,4240.82,0,19.7,4222.12,19.7,18.7,NA,Unknown,Water level accuracy is unknown,1,Department of Water Resources,NA,1,Department of Water Resources,NA,NA,24073,46N01W04N002M,46N01W04N002M,USGS quad,5 ft.,1-003,Butte Valley,Siskiyou,220,Unknown,Single Well,NA,1976-10-12 00:00:00 - 2020-04-01 12:00:00,95,-121.996,41.8544
418544N1219958W001,679565,2005-10-10T00:00:00Z,4241.82,4240.82,0,24.5,4217.32,24.5,23.5,NA,Unknown,Water level accuracy is unknown,1,Department of Water Resources,NA,1,Department of Water Resources,NA,NA,24073,46N01W04N002M,46N01W04N002M,USGS quad,5 ft.,1-003,Butte Valley,Siskiyou,220,Unknown,Single Well,NA,1976-10-12 00:00:00 - 2020-04-01 12:00:00,95,-121.996,41.8544
418544N1219958W001,679564,2005-04-05T00:00:00Z,4241.82,4240.82,0,24.6,4217.22,24.6,23.6,NA,Unknown,Water level accuracy is unknown,1,Department of Water Resources,NA,1,Department of Water Resources,NA,NA,24073,46N01W04N002M,46N01W04N002M,USGS quad,5 ft.,1-003,Butte Valley,Siskiyou,220,Unknown,Single Well,NA,1976-10-12 00:00:00 - 2020-04-01 12:00:00,95,-121.996,41.8544
418544N1219958W001,679563,2004-11-02T00:00:00Z,4241.82,4240.82,0,24.8,4217.02,24.8,23.8,NA,Unknown,Water level accuracy is unknown,1,Department of Water Resources,NA,1,Department of Water Resources,NA,NA,24073,46N01W04N002M,46N01W04N002M,USGS quad,5 ft.,1-003,Butte Valley,Siskiyou,220,Unknown,Single Well,NA,1976-10-12 00:00:00 - 2020-04-01 12:00:00,95,-121.996,41.8544
418544N1219958W001,679562,2004-03-30T00:00:00Z,4241.82,4240.82,0,23.6,4218.22,23.6,22.6,NA,Unknown,Water level accuracy is unknown,1,Department of Water Resources,NA,1,Department of Water Resources,NA,NA,24073,46N01W04N002M,46N01W04N002M,USGS quad,5 ft.,1-003,Butte Valley,Siskiyou,220,Unknown,Single Well,NA,1976-10-12 00:00:00 - 2020-04-01 12:00:00,95,-121.996,41.8544
418544N1219958W001,679561,2003-10-20T00:00:00Z,4241.82,4240.82,0,22.5,4219.32,22.5,21.5,NA,Unknown,Water level accuracy is unknown,1,Department of Water Resources,NA,1,Department of Water Resources,NA,NA,24073,46N01W04N002M,46N01W04N002M,USGS quad,5 ft.,1-003,Butte Valley,Siskiyou,220,Unknown,Single Well,NA,1976-10-12 00:00:00 - 2020-04-01 12:00:00,95,-121.996,41.8544
418544N1219958W001,679560,2003-04-01T00:00:00Z,4241.82,4240.82,0,22.1,4219.72,22.1,21.1,NA,Unknown,Water level accuracy is unknown,1,Department of Water Resources,NA,1,Department of Water Resources,NA,NA,24073,46N01W04N002M,46N01W04N002M,USGS quad,5 ft.,1-003,Butte Valley,Siskiyou,220,Unknown,Single Well,NA,1976-10-12 00:00:00 - 2020-04-01 12:00:00,95,-121.996,41.8544
418544N1219958W001,679559,2002-10-11T00:00:00Z,4241.82,4240.82,0,20.3,4221.52,20.3,19.3,NA,Unknown,Water level accuracy is unknown,1,Department of Water Resources,NA,1,Department of Water Resources,NA,NA,24073,46N01W04N002M,46N01W04N002M,USGS quad,5 ft.,1-003,Butte Valley,Siskiyou,220,Unknown,Single Well,NA,1976-10-12 00:00:00 - 2020-04-01 12:00:00,95,-121.996,41.8544
418544N1219958W001,679558,2002-03-26T00:00:00Z,4241.82,4240.82,0,20.4,4221.42,20.4,19.4,NA,Unknown,Water level accuracy is unknown,1,Department of Water Resources,NA,1,Department of Water Resources,NA,NA,24073,46N01W04N002M,46N01W04N002M,USGS quad,5 ft.,1-003,Butte Valley,Siskiyou,220,Unknown,Single Well,NA,1976-10-12 00:00:00 - 2020-04-01 12:00:00,95,-121.996,41.8544
418544N1219958W001,679557,2001-10-24T00:00:00Z,4241.82,4240.82,0,21.2,4220.62,21.2,20.2,NA,Unknown,Water level accuracy is unknown,1,Department of Water Resources,NA,1,Department of Water Resources,NA,NA,24073,46N01W04N002M,46N01W04N002M,USGS quad,5 ft.,1-003,Butte Valley,Siskiyou,220,Unknown,Single Well,NA,1976-10-12 00:00:00 - 2020-04-01 12:00:00,95,-121.996,41.8544
418544N1219958W001,679556,2001-04-03T00:00:00Z,4241.82,4240.82,0,18.8,4223.02,18.8,17.8,NA,Unknown,Water level accuracy is unknown,1,Department of Water Resources,NA,1,Department of Water Resources,NA,NA,24073,46N01W04N002M,46N01W04N002M,USGS quad,5 ft.,1-003,Butte Valley,Siskiyou,220,Unknown,Single Well,NA,1976-10-12 00:00:00 - 2020-04-01 12:00:00,95,-121.996,41.8544
418544N1219958W001,679555,2000-10-10T00:00:00Z,4241.82,4240.82,0,17.7,4224.12,17.7,16.7,NA,Unknown,Water level accuracy is unknown,1,Department of Water Resources,NA,1,Department of Water Resources,NA,NA,24073,46N01W04N002M,46N01W04N002M,USGS quad,5 ft.,1-003,Butte Valley,Siskiyou,220,Unknown,Single Well,NA,1976-10-12 00:00:00 - 2020-04-01 12:00:00,95,-121.996,41.8544
418544N1219958W001,679554,2000-03-22T00:00:00Z,4241.82,4240.82,0,17.5,4224.32,17.5,16.5,NA,Unknown,Water level accuracy is unknown,1,Department of Water Resources,NA,1,Department of Water Resources,NA,NA,24073,46N01W04N002M,46N01W04N002M,USGS quad,5 ft.,1-003,Butte Valley,Siskiyou,220,Unknown,Single Well,NA,1976-10-12 00:00:00 - 2020-04-01 12:00:00,95,-121.996,41.8544
418544N1219958W001,679552,1999-10-26T00:00:00Z,4241.82,4240.82,0,18.1,4223.72,18.1,17.1,NA,Unknown,Water level accuracy is unknown,1,Department of Water Resources,NA,1,Department of Water Resources,NA,NA,24073,46N01W04N002M,46N01W04N002M,USGS quad,5 ft.,1-003,Butte Valley,Siskiyou,220,Unknown,Single Well,NA,1976-10-12 00:00:00 - 2020-04-01 12:00:00,95,-121.996,41.8544
418544N1219958W001,679553,1999-03-16T00:00:00Z,4241.82,4240.82,0,18.1,4223.72,18.1,17.1,NA,Unknown,Water level accuracy is unknown,1,Department of Water Resources,NA,1,Department of Water Resources,NA,NA,24073,46N01W04N002M,46N01W04N002M,USGS quad,5 ft.,1-003,Butte Valley,Siskiyou,220,Unknown,Single Well,NA,1976-10-12 00:00:00 - 2020-04-01 12:00:00,95,-121.996,41.8544
418544N1219958W001,679551,1998-10-27T00:00:00Z,4241.82,4240.82,0,18.7,4223.12,18.7,17.7,NA,Unknown,Water level accuracy is unknown,1,Department of Water Resources,NA,1,Department of Water Resources,NA,NA,24073,46N01W04N002M,46N01W04N002M,USGS quad,5 ft.,1-003,Butte Valley,Siskiyou,220,Unknown,Single Well,NA,1976-10-12 00:00:00 - 2020-04-01 12:00:00,95,-121.996,41.8544
418544N1219958W001,679550,1998-03-31T00:00:00Z,4241.82,4240.82,0,20.1,4221.72,20.1,19.1,NA,Unknown,Water level accuracy is unknown,1,Department of Water Resources,NA,1,Department of Water Resources,NA,NA,24073,46N01W04N002M,46N01W04N002M,USGS quad,5 ft.,1-003,Butte Valley,Siskiyou,220,Unknown,Single Well,NA,1976-10-12 00:00:00 - 2020-04-01 12:00:00,95,-121.996,41.8544
418544N1219958W001,679549,1997-10-22T00:00:00Z,4241.82,4240.82,0,19.8,4222.02,19.8,18.8,NA,Unknown,Water level accuracy is unknown,1,Department of Water Resources,NA,1,Department of Water Resources,NA,NA,24073,46N01W04N002M,46N01W04N002M,USGS quad,5 ft.,1-003,Butte Valley,Siskiyou,220,Unknown,Single Well,NA,1976-10-12 00:00:00 - 2020-04-01 12:00:00,95,-121.996,41.8544
418544N1219958W001,679548,1997-03-11T00:00:00Z,4241.82,4240.82,0,21.4,4220.42,21.4,20.4,NA,Unknown,Water level accuracy is unknown,1,Department of Water Resources,NA,1,Department of Water Resources,NA,NA,24073,46N01W04N002M,46N01W04N002M,USGS quad,5 ft.,1-003,Butte Valley,Siskiyou,220,Unknown,Single Well,NA,1976-10-12 00:00:00 - 2020-04-01 12:00:00,95,-121.996,41.8544
418544N1219958W001,679547,1996-10-21T00:00:00Z,4241.82,4240.82,0,22.6,4219.22,22.6,21.6,NA,Unknown,Water level accuracy is unknown,1,Department of Water Resources,NA,1,Department of Water Resources,NA,NA,24073,46N01W04N002M,46N01W04N002M,USGS quad,5 ft.,1-003,Butte Valley,Siskiyou,220,Unknown,Single Well,NA,1976-10-12 00:00:00 - 2020-04-01 12:00:00,95,-121.996,41.8544
418544N1219958W001,679546,1996-03-26T00:00:00Z,4241.82,4240.82,0,24.9,4216.92,24.9,23.9,NA,Unknown,Water level accuracy is unknown,1,Department of Water Resources,NA,1,Department of Water Resources,NA,NA,24073,46N01W04N002M,46N01W04N002M,USGS quad,5 ft.,1-003,Butte Valley,Siskiyou,220,Unknown,Single Well,NA,1976-10-12 00:00:00 - 2020-04-01 12:00:00,95,-121.996,41.8544
418544N1219958W001,679545,1995-10-17T00:00:00Z,4241.82,4240.82,0,26,4215.82,26,25,NA,Unknown,Water level accuracy is unknown,1,Department of Water Resources,NA,1,Department of Water Resources,NA,NA,24073,46N01W04N002M,46N01W04N002M,USGS quad,5 ft.,1-003,Butte Valley,Siskiyou,220,Unknown,Single Well,NA,1976-10-12 00:00:00 - 2020-04-01 12:00:00,95,-121.996,41.8544
418544N1219958W001,679544,1995-03-27T00:00:00Z,4241.82,4240.82,0,27.5,4214.32,27.5,26.5,NA,Unknown,Water level accuracy is unknown,1,Department of Water Resources,NA,1,Department of Water Resources,NA,NA,24073,46N01W04N002M,46N01W04N002M,USGS quad,5 ft.,1-003,Butte Valley,Siskiyou,220,Unknown,Single Well,NA,1976-10-12 00:00:00 - 2020-04-01 12:00:00,95,-121.996,41.8544
418544N1219958W001,679543,1994-10-25T00:00:00Z,4241.82,4240.82,0,27.4,4214.42,27.4,26.4,NA,Unknown,Water level accuracy is unknown,1,Department of Water Resources,NA,1,Department of Water Resources,NA,NA,24073,46N01W04N002M,46N01W04N002M,USGS quad,5 ft.,1-003,Butte Valley,Siskiyou,220,Unknown,Single Well,NA,1976-10-12 00:00:00 - 2020-04-01 12:00:00,95,-121.996,41.8544
418544N1219958W001,679542,1994-03-29T00:00:00Z,4241.82,4240.82,0,26,4215.82,26,25,NA,Unknown,Water level accuracy is unknown,1,Department of Water Resources,NA,1,Department of Water Resources,NA,NA,24073,46N01W04N002M,46N01W04N002M,USGS quad,5 ft.,1-003,Butte Valley,Siskiyou,220,Unknown,Single Well,NA,1976-10-12 00:00:00 - 2020-04-01 12:00:00,95,-121.996,41.8544
418544N1219958W001,679541,1993-10-14T00:00:00Z,4241.82,4240.82,0,25.5,4216.32,25.5,24.5,NA,Unknown,Water level accuracy is unknown,1,Department of Water Resources,NA,1,Department of Water Resources,NA,NA,24073,46N01W04N002M,46N01W04N002M,USGS quad,5 ft.,1-003,Butte Valley,Siskiyou,220,Unknown,Single Well,NA,1976-10-12 00:00:00 - 2020-04-01 12:00:00,95,-121.996,41.8544
418544N1219958W001,679540,1993-03-16T00:00:00Z,4241.82,4240.82,0,25.6,4216.22,25.6,24.6,NA,Unknown,Water level accuracy is unknown,1,Department of Water Resources,NA,1,Department of Water Resources,NA,NA,24073,46N01W04N002M,46N01W04N002M,USGS quad,5 ft.,1-003,Butte Valley,Siskiyou,220,Unknown,Single Well,NA,1976-10-12 00:00:00 - 2020-04-01 12:00:00,95,-121.996,41.8544
418544N1219958W001,679539,1992-10-19T00:00:00Z,4241.82,4240.82,0,25.4,4216.42,25.4,24.4,NA,Unknown,Water level accuracy is unknown,1,Department of Water Resources,NA,1,Department of Water Resources,NA,NA,24073,46N01W04N002M,46N01W04N002M,USGS quad,5 ft.,1-003,Butte Valley,Siskiyou,220,Unknown,Single Well,NA,1976-10-12 00:00:00 - 2020-04-01 12:00:00,95,-121.996,41.8544
418544N1219958W001,679538,1992-03-02T00:00:00Z,4241.82,4240.82,0,23.9,4217.92,23.9,22.9,NA,Unknown,Water level accuracy is unknown,1,Department of Water Resources,NA,1,Department of Water Resources,NA,NA,24073,46N01W04N002M,46N01W04N002M,USGS quad,5 ft.,1-003,Butte Valley,Siskiyou,220,Unknown,Single Well,NA,1976-10-12 00:00:00 - 2020-04-01 12:00:00,95,-121.996,41.8544
418544N1219958W001,679537,1991-09-30T00:00:00Z,4241.82,4240.82,0,23.6,4218.22,23.6,22.6,NA,Unknown,Water level accuracy is unknown,1,Department of Water Resources,NA,1,Department of Water Resources,NA,NA,24073,46N01W04N002M,46N01W04N002M,USGS quad,5 ft.,1-003,Butte Valley,Siskiyou,220,Unknown,Single Well,NA,1976-10-12 00:00:00 - 2020-04-01 12:00:00,95,-121.996,41.8544
418544N1219958W001,679536,1991-03-20T00:00:00Z,4241.82,4240.82,0,22.2,4219.62,22.2,21.2,NA,Unknown,Water level accuracy is unknown,1,Department of Water Resources,NA,1,Department of Water Resources,NA,NA,24073,46N01W04N002M,46N01W04N002M,USGS quad,5 ft.,1-003,Butte Valley,Siskiyou,220,Unknown,Single Well,NA,1976-10-12 00:00:00 - 2020-04-01 12:00:00,95,-121.996,41.8544
418544N1219958W001,679535,1990-10-01T00:00:00Z,4241.82,4240.82,0,22.8,4219.02,22.8,21.8,NA,Unknown,Water level accuracy is unknown,1,Department of Water Resources,NA,1,Department of Water Resources,NA,NA,24073,46N01W04N002M,46N01W04N002M,USGS quad,5 ft.,1-003,Butte Valley,Siskiyou,220,Unknown,Single Well,NA,1976-10-12 00:00:00 - 2020-04-01 12:00:00,95,-121.996,41.8544
418544N1219958W001,679534,1990-03-20T00:00:00Z,4241.82,4240.82,0,21.3,4220.52,21.3,20.3,NA,Unknown,Water level accuracy is unknown,1,Department of Water Resources,NA,1,Department of Water Resources,NA,NA,24073,46N01W04N002M,46N01W04N002M,USGS quad,5 ft.,1-003,Butte Valley,Siskiyou,220,Unknown,Single Well,NA,1976-10-12 00:00:00 - 2020-04-01 12:00:00,95,-121.996,41.8544
418544N1219958W001,679533,1989-10-04T00:00:00Z,4241.82,4240.82,0,21.2,4220.62,21.2,20.2,NA,Unknown,Water level accuracy is unknown,1,Department of Water Resources,NA,1,Department of Water Resources,NA,NA,24073,46N01W04N002M,46N01W04N002M,USGS quad,5 ft.,1-003,Butte Valley,Siskiyou,220,Unknown,Single Well,NA,1976-10-12 00:00:00 - 2020-04-01 12:00:00,95,-121.996,41.8544
418544N1219958W001,679532,1989-03-21T00:00:00Z,4241.82,4240.82,0,20.7,4221.12,20.7,19.7,NA,Unknown,Water level accuracy is unknown,1,Department of Water Resources,NA,1,Department of Water Resources,NA,NA,24073,46N01W04N002M,46N01W04N002M,USGS quad,5 ft.,1-003,Butte Valley,Siskiyou,220,Unknown,Single Well,NA,1976-10-12 00:00:00 - 2020-04-01 12:00:00,95,-121.996,41.8544
418544N1219958W001,679531,1988-10-26T00:00:00Z,4241.82,4240.82,0,21.4,4220.42,21.4,20.4,NA,Unknown,Water level accuracy is unknown,1,Department of Water Resources,NA,1,Department of Water Resources,NA,NA,24073,46N01W04N002M,46N01W04N002M,USGS quad,5 ft.,1-003,Butte Valley,Siskiyou,220,Unknown,Single Well,NA,1976-10-12 00:00:00 - 2020-04-01 12:00:00,95,-121.996,41.8544
418544N1219958W001,679530,1988-03-23T00:00:00Z,4241.82,4240.82,0,18.8,4223.02,18.8,17.8,NA,Unknown,Water level accuracy is unknown,1,Department of Water Resources,NA,1,Department of Water Resources,NA,NA,24073,46N01W04N002M,46N01W04N002M,USGS quad,5 ft.,1-003,Butte Valley,Siskiyou,220,Unknown,Single Well,NA,1976-10-12 00:00:00 - 2020-04-01 12:00:00,95,-121.996,41.8544
418544N1219958W001,679529,1987-10-19T00:00:00Z,4241.82,4240.82,0,19,4222.82,19,18,NA,Unknown,Water level accuracy is unknown,1,Department of Water Resources,NA,1,Department of Water Resources,NA,NA,24073,46N01W04N002M,46N01W04N002M,USGS quad,5 ft.,1-003,Butte Valley,Siskiyou,220,Unknown,Single Well,NA,1976-10-12 00:00:00 - 2020-04-01 12:00:00,95,-121.996,41.8544
418544N1219958W001,679528,1987-04-21T00:00:00Z,4241.82,4240.82,0,17.9,4223.92,17.9,16.9,NA,Unknown,Water level accuracy is unknown,1,Department of Water Resources,NA,1,Department of Water Resources,NA,NA,24073,46N01W04N002M,46N01W04N002M,USGS quad,5 ft.,1-003,Butte Valley,Siskiyou,220,Unknown,Single Well,NA,1976-10-12 00:00:00 - 2020-04-01 12:00:00,95,-121.996,41.8544
418544N1219958W001,679527,1986-04-29T00:00:00Z,4241.82,4240.82,0,18.8,4223.02,18.8,17.8,NA,Unknown,Water level accuracy is unknown,1,Department of Water Resources,NA,624,Bureau of Reclamation,NA,NA,24073,46N01W04N002M,46N01W04N002M,USGS quad,5 ft.,1-003,Butte Valley,Siskiyou,220,Unknown,Single Well,NA,1976-10-12 00:00:00 - 2020-04-01 12:00:00,95,-121.996,41.8544
418544N1219958W001,679526,1985-10-16T00:00:00Z,4241.82,4240.82,0,21.3,4220.52,21.3,20.3,NA,Unknown,Water level accuracy is unknown,1,Department of Water Resources,NA,624,Bureau of Reclamation,NA,NA,24073,46N01W04N002M,46N01W04N002M,USGS quad,5 ft.,1-003,Butte Valley,Siskiyou,220,Unknown,Single Well,NA,1976-10-12 00:00:00 - 2020-04-01 12:00:00,95,-121.996,41.8544
418544N1219958W001,679525,1985-04-15T00:00:00Z,4241.82,4240.82,0,18.3,4223.52,18.3,17.3,NA,Unknown,Water level accuracy is unknown,1,Department of Water Resources,NA,624,Bureau of Reclamation,NA,NA,24073,46N01W04N002M,46N01W04N002M,USGS quad,5 ft.,1-003,Butte Valley,Siskiyou,220,Unknown,Single Well,NA,1976-10-12 00:00:00 - 2020-04-01 12:00:00,95,-121.996,41.8544
418544N1219958W001,679524,1984-10-25T00:00:00Z,4241.82,4240.82,0,19.8,4222.02,19.8,18.8,NA,Unknown,Water level accuracy is unknown,1,Department of Water Resources,NA,624,Bureau of Reclamation,NA,NA,24073,46N01W04N002M,46N01W04N002M,USGS quad,5 ft.,1-003,Butte Valley,Siskiyou,220,Unknown,Single Well,NA,1976-10-12 00:00:00 - 2020-04-01 12:00:00,95,-121.996,41.8544
418544N1219958W001,679523,1984-04-16T00:00:00Z,4241.82,4240.82,0,18.2,4223.62,18.2,17.2,NA,Unknown,Water level accuracy is unknown,1,Department of Water Resources,NA,624,Bureau of Reclamation,NA,NA,24073,46N01W04N002M,46N01W04N002M,USGS quad,5 ft.,1-003,Butte Valley,Siskiyou,220,Unknown,Single Well,NA,1976-10-12 00:00:00 - 2020-04-01 12:00:00,95,-121.996,41.8544
418544N1219958W001,679522,1983-10-14T00:00:00Z,4241.82,4240.82,0,21.5,4220.32,21.5,20.5,NA,Unknown,Water level accuracy is unknown,1,Department of Water Resources,NA,624,Bureau of Reclamation,NA,NA,24073,46N01W04N002M,46N01W04N002M,USGS quad,5 ft.,1-003,Butte Valley,Siskiyou,220,Unknown,Single Well,NA,1976-10-12 00:00:00 - 2020-04-01 12:00:00,95,-121.996,41.8544
418544N1219958W001,679521,1983-05-11T00:00:00Z,4241.82,4240.82,0,19.5,4222.32,19.5,18.5,NA,Unknown,Water level accuracy is unknown,1,Department of Water Resources,NA,624,Bureau of Reclamation,NA,NA,24073,46N01W04N002M,46N01W04N002M,USGS quad,5 ft.,1-003,Butte Valley,Siskiyou,220,Unknown,Single Well,NA,1976-10-12 00:00:00 - 2020-04-01 12:00:00,95,-121.996,41.8544
418544N1219958W001,679520,1982-10-25T00:00:00Z,4241.82,4240.82,0,24.6,4217.22,24.6,23.6,NA,Unknown,Water level accuracy is unknown,1,Department of Water Resources,NA,624,Bureau of Reclamation,NA,NA,24073,46N01W04N002M,46N01W04N002M,USGS quad,5 ft.,1-003,Butte Valley,Siskiyou,220,Unknown,Single Well,NA,1976-10-12 00:00:00 - 2020-04-01 12:00:00,95,-121.996,41.8544
418544N1219958W001,679519,1982-04-21T00:00:00Z,4241.82,4240.82,0,20.7,4221.12,20.7,19.7,NA,Unknown,Water level accuracy is unknown,1,Department of Water Resources,NA,624,Bureau of Reclamation,NA,NA,24073,46N01W04N002M,46N01W04N002M,USGS quad,5 ft.,1-003,Butte Valley,Siskiyou,220,Unknown,Single Well,NA,1976-10-12 00:00:00 - 2020-04-01 12:00:00,95,-121.996,41.8544
418544N1219958W001,679518,1981-10-15T00:00:00Z,4241.82,4240.82,0,25.9,4215.92,25.9,24.9,NA,Unknown,Water level accuracy is unknown,1,Department of Water Resources,NA,624,Bureau of Reclamation,NA,NA,24073,46N01W04N002M,46N01W04N002M,USGS quad,5 ft.,1-003,Butte Valley,Siskiyou,220,Unknown,Single Well,NA,1976-10-12 00:00:00 - 2020-04-01 12:00:00,95,-121.996,41.8544
418544N1219958W001,679517,1981-04-24T00:00:00Z,4241.82,4240.82,0,20.6,4221.22,20.6,19.6,NA,Unknown,Water level accuracy is unknown,1,Department of Water Resources,NA,624,Bureau of Reclamation,NA,NA,24073,46N01W04N002M,46N01W04N002M,USGS quad,5 ft.,1-003,Butte Valley,Siskiyou,220,Unknown,Single Well,NA,1976-10-12 00:00:00 - 2020-04-01 12:00:00,95,-121.996,41.8544
418544N1219958W001,679516,1980-10-24T00:00:00Z,4241.82,4240.82,0,22.1,4219.72,22.1,21.1,NA,Unknown,Water level accuracy is unknown,1,Department of Water Resources,NA,624,Bureau of Reclamation,NA,NA,24073,46N01W04N002M,46N01W04N002M,USGS quad,5 ft.,1-003,Butte Valley,Siskiyou,220,Unknown,Single Well,NA,1976-10-12 00:00:00 - 2020-04-01 12:00:00,95,-121.996,41.8544
418544N1219958W001,679515,1980-04-18T00:00:00Z,4241.82,4240.82,0,18.6,4223.22,18.6,17.6,NA,Unknown,Water level accuracy is unknown,1,Department of Water Resources,NA,624,Bureau of Reclamation,NA,NA,24073,46N01W04N002M,46N01W04N002M,USGS quad,5 ft.,1-003,Butte Valley,Siskiyou,220,Unknown,Single Well,NA,1976-10-12 00:00:00 - 2020-04-01 12:00:00,95,-121.996,41.8544
418544N1219958W001,679514,1979-10-12T00:00:00Z,4241.82,4240.82,0,20,4221.82,20,19,NA,Unknown,Water level accuracy is unknown,1,Department of Water Resources,NA,624,Bureau of Reclamation,NA,NA,24073,46N01W04N002M,46N01W04N002M,USGS quad,5 ft.,1-003,Butte Valley,Siskiyou,220,Unknown,Single Well,NA,1976-10-12 00:00:00 - 2020-04-01 12:00:00,95,-121.996,41.8544
418544N1219958W001,679513,1979-05-02T00:00:00Z,4241.82,4240.82,0,17.6,4224.22,17.6,16.6,NA,Unknown,Water level accuracy is unknown,1,Department of Water Resources,NA,624,Bureau of Reclamation,NA,NA,24073,46N01W04N002M,46N01W04N002M,USGS quad,5 ft.,1-003,Butte Valley,Siskiyou,220,Unknown,Single Well,NA,1976-10-12 00:00:00 - 2020-04-01 12:00:00,95,-121.996,41.8544
418544N1219958W001,679512,1978-09-18T00:00:00Z,4241.82,4240.82,0,26,4215.82,26,25,Nearby pump operating,Unknown,Water level accuracy is unknown,1,Department of Water Resources,NA,624,Bureau of Reclamation,NA,NA,24073,46N01W04N002M,46N01W04N002M,USGS quad,5 ft.,1-003,Butte Valley,Siskiyou,220,Unknown,Single Well,NA,1976-10-12 00:00:00 - 2020-04-01 12:00:00,95,-121.996,41.8544
418544N1219958W001,679511,1978-08-15T00:00:00Z,4241.82,4240.82,0,18.6,4223.22,18.6,17.6,NA,Unknown,Water level accuracy is unknown,1,Department of Water Resources,NA,624,Bureau of Reclamation,NA,NA,24073,46N01W04N002M,46N01W04N002M,USGS quad,5 ft.,1-003,Butte Valley,Siskiyou,220,Unknown,Single Well,NA,1976-10-12 00:00:00 - 2020-04-01 12:00:00,95,-121.996,41.8544
418544N1219958W001,679510,1978-07-18T00:00:00Z,4241.82,4240.82,0,26.8,4215.02,26.8,25.8,Nearby pump operating,Unknown,Water level accuracy is unknown,1,Department of Water Resources,NA,624,Bureau of Reclamation,NA,NA,24073,46N01W04N002M,46N01W04N002M,USGS quad,5 ft.,1-003,Butte Valley,Siskiyou,220,Unknown,Single Well,NA,1976-10-12 00:00:00 - 2020-04-01 12:00:00,95,-121.996,41.8544
418544N1219958W001,679509,1978-06-16T00:00:00Z,4241.82,4240.82,0,27.6,4214.22,27.6,26.6,Nearby pump operating,Unknown,Water level accuracy is unknown,1,Department of Water Resources,NA,624,Bureau of Reclamation,NA,NA,24073,46N01W04N002M,46N01W04N002M,USGS quad,5 ft.,1-003,Butte Valley,Siskiyou,220,Unknown,Single Well,NA,1976-10-12 00:00:00 - 2020-04-01 12:00:00,95,-121.996,41.8544
418544N1219958W001,679508,1978-05-12T00:00:00Z,4241.82,4240.82,0,16.8,4225.02,16.8,15.8,NA,Unknown,Water level accuracy is unknown,1,Department of Water Resources,NA,624,Bureau of Reclamation,NA,NA,24073,46N01W04N002M,46N01W04N002M,USGS quad,5 ft.,1-003,Butte Valley,Siskiyou,220,Unknown,Single Well,NA,1976-10-12 00:00:00 - 2020-04-01 12:00:00,95,-121.996,41.8544
418544N1219958W001,679507,1978-04-13T00:00:00Z,4241.82,4240.82,0,17.3,4224.52,17.3,16.3,NA,Unknown,Water level accuracy is unknown,1,Department of Water Resources,NA,624,Bureau of Reclamation,NA,NA,24073,46N01W04N002M,46N01W04N002M,USGS quad,5 ft.,1-003,Butte Valley,Siskiyou,220,Unknown,Single Well,NA,1976-10-12 00:00:00 - 2020-04-01 12:00:00,95,-121.996,41.8544
418544N1219958W001,679506,1977-10-14T00:00:00Z,4241.82,4240.82,0,20.5,4221.32,20.5,19.5,NA,Unknown,Water level accuracy is unknown,1,Department of Water Resources,NA,624,Bureau of Reclamation,NA,NA,24073,46N01W04N002M,46N01W04N002M,USGS quad,5 ft.,1-003,Butte Valley,Siskiyou,220,Unknown,Single Well,NA,1976-10-12 00:00:00 - 2020-04-01 12:00:00,95,-121.996,41.8544
418544N1219958W001,679505,1977-09-15T00:00:00Z,4241.82,4240.82,0,20.3,4221.52,20.3,19.3,NA,Unknown,Water level accuracy is unknown,1,Department of Water Resources,NA,624,Bureau of Reclamation,NA,NA,24073,46N01W04N002M,46N01W04N002M,USGS quad,5 ft.,1-003,Butte Valley,Siskiyou,220,Unknown,Single Well,NA,1976-10-12 00:00:00 - 2020-04-01 12:00:00,95,-121.996,41.8544
418544N1219958W001,679504,1977-08-16T00:00:00Z,4241.82,4240.82,0,23.5,4218.32,23.5,22.5,NA,Unknown,Water level accuracy is unknown,1,Department of Water Resources,NA,624,Bureau of Reclamation,NA,NA,24073,46N01W04N002M,46N01W04N002M,USGS quad,5 ft.,1-003,Butte Valley,Siskiyou,220,Unknown,Single Well,NA,1976-10-12 00:00:00 - 2020-04-01 12:00:00,95,-121.996,41.8544
418544N1219958W001,679503,1977-07-20T00:00:00Z,4241.82,4240.82,0,29.7,4212.12,29.7,28.7,NA,Unknown,Water level accuracy is unknown,1,Department of Water Resources,NA,624,Bureau of Reclamation,NA,NA,24073,46N01W04N002M,46N01W04N002M,USGS quad,5 ft.,1-003,Butte Valley,Siskiyou,220,Unknown,Single Well,NA,1976-10-12 00:00:00 - 2020-04-01 12:00:00,95,-121.996,41.8544
418544N1219958W001,679502,1977-06-13T00:00:00Z,4241.82,4240.82,0,21.2,4220.62,21.2,20.2,NA,Unknown,Water level accuracy is unknown,1,Department of Water Resources,NA,624,Bureau of Reclamation,NA,NA,24073,46N01W04N002M,46N01W04N002M,USGS quad,5 ft.,1-003,Butte Valley,Siskiyou,220,Unknown,Single Well,NA,1976-10-12 00:00:00 - 2020-04-01 12:00:00,95,-121.996,41.8544
418544N1219958W001,679501,1977-04-05T00:00:00Z,4241.82,4240.82,0,17.2,4224.62,17.2,16.2,NA,Unknown,Water level accuracy is unknown,1,Department of Water Resources,NA,624,Bureau of Reclamation,NA,NA,24073,46N01W04N002M,46N01W04N002M,USGS quad,5 ft.,1-003,Butte Valley,Siskiyou,220,Unknown,Single Well,NA,1976-10-12 00:00:00 - 2020-04-01 12:00:00,95,-121.996,41.8544
418544N1219958W001,679500,1976-10-12T00:00:00Z,4241.82,4240.82,0,19,4222.82,19,18,NA,Unknown,Water level accuracy is unknown,1,Department of Water Resources,NA,624,Bureau of Reclamation,NA,NA,24073,46N01W04N002M,46N01W04N002M,USGS quad,5 ft.,1-003,Butte Valley,Siskiyou,220,Unknown,Single Well,NA,1976-10-12 00:00:00 - 2020-04-01 12:00:00,95,-121.996,41.8544
