SITE_CODE,WLM_ID,MSMT_DATE,WLM_RPE,WLM_GSE,RDNG_WS,RDNG_RP,WSE,RPE_WSE,GSE_WSE,WLM_QA_DESC,WLM_DESC,WLM_ACC_DESC,WLM_ORG_ID,WLM_ORG_NAME,MSMT_CMT,COOP_AGENCY_ORG_ID,COOP_ORG_NAME,TOP_PRF,BOT_PRF,STN_ID,SWN,WELL_NAME,WLM_METHOD,WLM_ACC,BASIN_CODE,BASIN_NAME,COUNTY_NAME,WELL_DEPTH,WELL_USE,WELL_TYPE,WCR_NO,t_range,n_samples,X,Y
418512N1219183W001,2619108,2020-04-01T12:00:00Z,4246.79,4245.79,2,59,4189.79,57,56,NA,Steel tape measurement,Water level accuracy to nearest tenth of a foot,1,Department of Water Resources,NA,1,Department of Water Resources,30,150,39102,46N01E06N001M,46N01E06N001M,Unknown,Unknown,1-003,Butte Valley,Siskiyou,200,Irrigation,Single Well,USGS,1952-11-10 00:00:00 - 2020-04-01 12:00:00,215,-121.918,41.8511
418512N1219183W001,2453062,2019-04-03T12:00:00Z,4246.79,4245.79,19,70,4195.79,51,50,Oil or foreign substance in casing,Steel tape measurement,Water level accuracy to nearest tenth of a foot,1,Department of Water Resources,NA,1,Department of Water Resources,30,150,39102,46N01E06N001M,46N01E06N001M,Unknown,Unknown,1-003,Butte Valley,Siskiyou,200,Irrigation,Single Well,USGS,1952-11-10 00:00:00 - 2020-04-01 12:00:00,215,-121.918,41.8511
418512N1219183W001,2413553,2018-10-30T12:00:00Z,4246.79,4245.79,13,70,4189.79,57,56,NA,Steel tape measurement,Water level accuracy to nearest tenth of a foot,1,Department of Water Resources,NA,1,Department of Water Resources,30,150,39102,46N01E06N001M,46N01E06N001M,Unknown,Unknown,1-003,Butte Valley,Siskiyou,200,Irrigation,Single Well,USGS,1952-11-10 00:00:00 - 2020-04-01 12:00:00,215,-121.918,41.8511
418512N1219183W001,2286502,2018-03-29T12:00:00Z,4246.79,4245.79,14.1,65,4195.89,50.9,49.9,NA,Steel tape measurement,Water level accuracy to nearest tenth of a foot,1,Department of Water Resources,NA,1,Department of Water Resources,30,150,39102,46N01E06N001M,46N01E06N001M,Unknown,Unknown,1-003,Butte Valley,Siskiyou,200,Irrigation,Single Well,USGS,1952-11-10 00:00:00 - 2020-04-01 12:00:00,215,-121.918,41.8511
418512N1219183W001,2266629,2017-10-17T12:00:00Z,4246.79,4245.79,NA,NA,NA,NA,NA,Pumping,NA,NA,1,Department of Water Resources,Pumping,1,Department of Water Resources,30,150,39102,46N01E06N001M,46N01E06N001M,Unknown,Unknown,1-003,Butte Valley,Siskiyou,200,Irrigation,Single Well,USGS,1952-11-10 00:00:00 - 2020-04-01 12:00:00,215,-121.918,41.8511
418512N1219183W001,2241607,2017-03-23T12:00:00Z,4246.79,4245.79,5,55,4196.79,50,49,NA,Steel tape measurement,Water level accuracy to nearest tenth of a foot,1,Department of Water Resources,NA,1,Department of Water Resources,30,150,39102,46N01E06N001M,46N01E06N001M,Unknown,Unknown,1-003,Butte Valley,Siskiyou,200,Irrigation,Single Well,USGS,1952-11-10 00:00:00 - 2020-04-01 12:00:00,215,-121.918,41.8511
418512N1219183W001,2214898,2016-10-20T12:00:00Z,4246.79,4245.79,10.9,65,4192.69,54.1,53.1,NA,Steel tape measurement,Water level accuracy to nearest tenth of a foot,1,Department of Water Resources,NA,1,Department of Water Resources,30,150,39102,46N01E06N001M,46N01E06N001M,Unknown,Unknown,1-003,Butte Valley,Siskiyou,200,Irrigation,Single Well,USGS,1952-11-10 00:00:00 - 2020-04-01 12:00:00,215,-121.918,41.8511
418512N1219183W001,2184886,2016-03-22T12:00:00Z,4246.79,4245.79,9.9,60,4196.69,50.1,49.1,NA,Steel tape measurement,Water level accuracy to nearest tenth of a foot,1,Department of Water Resources,NA,1,Department of Water Resources,30,150,39102,46N01E06N001M,46N01E06N001M,Unknown,Unknown,1-003,Butte Valley,Siskiyou,200,Irrigation,Single Well,USGS,1952-11-10 00:00:00 - 2020-04-01 12:00:00,215,-121.918,41.8511
418512N1219183W001,2158510,2015-10-19T00:00:00Z,4246.79,4245.79,5.1,59,4192.89,53.9,52.9,NA,Steel tape measurement,Water level accuracy to nearest tenth of a foot,1,Department of Water Resources,NA,1,Department of Water Resources,30,150,39102,46N01E06N001M,46N01E06N001M,Unknown,Unknown,1-003,Butte Valley,Siskiyou,200,Irrigation,Single Well,USGS,1952-11-10 00:00:00 - 2020-04-01 12:00:00,215,-121.918,41.8511
418512N1219183W001,2130467,2015-03-23T00:00:00Z,4246.79,4245.79,4.9,55,4196.69,50.1,49.1,NA,Steel tape measurement,Water level accuracy to nearest tenth of a foot,1,Department of Water Resources,NA,1,Department of Water Resources,30,150,39102,46N01E06N001M,46N01E06N001M,Unknown,Unknown,1-003,Butte Valley,Siskiyou,200,Irrigation,Single Well,USGS,1952-11-10 00:00:00 - 2020-04-01 12:00:00,215,-121.918,41.8511
418512N1219183W001,2029078,2014-10-20T00:00:00Z,4246.79,4245.79,5.2,60,4191.99,54.8,53.8,Oil or foreign substance in casing,Steel tape measurement,Water level accuracy to nearest tenth of a foot,1,Department of Water Resources,NA,1,Department of Water Resources,30,150,39102,46N01E06N001M,46N01E06N001M,Unknown,Unknown,1-003,Butte Valley,Siskiyou,200,Irrigation,Single Well,USGS,1952-11-10 00:00:00 - 2020-04-01 12:00:00,215,-121.918,41.8511
418512N1219183W001,1885345,2014-03-24T00:00:00Z,4246.79,4245.79,NA,NA,NA,NA,NA,Pumping,NA,NA,1,Department of Water Resources,NA,1,Department of Water Resources,30,150,39102,46N01E06N001M,46N01E06N001M,Unknown,Unknown,1-003,Butte Valley,Siskiyou,200,Irrigation,Single Well,USGS,1952-11-10 00:00:00 - 2020-04-01 12:00:00,215,-121.918,41.8511
418512N1219183W001,1797517,2013-10-21T00:00:00Z,4246.79,4245.79,2.9,55,4194.69,52.1,51.1,Oil or foreign substance in casing,Steel tape measurement,Water level accuracy to nearest tenth of a foot,1,Department of Water Resources,NA,1,Department of Water Resources,30,150,39102,46N01E06N001M,46N01E06N001M,Unknown,Unknown,1-003,Butte Valley,Siskiyou,200,Irrigation,Single Well,USGS,1952-11-10 00:00:00 - 2020-04-01 12:00:00,215,-121.918,41.8511
418512N1219183W001,1685050,2013-03-25T00:00:00Z,4246.79,4245.79,2.8,50,4199.59,47.2,46.2,NA,Steel tape measurement,Water level accuracy to nearest tenth of a foot,1,Department of Water Resources,NA,1,Department of Water Resources,30,150,39102,46N01E06N001M,46N01E06N001M,Unknown,Unknown,1-003,Butte Valley,Siskiyou,200,Irrigation,Single Well,USGS,1952-11-10 00:00:00 - 2020-04-01 12:00:00,215,-121.918,41.8511
418512N1219183W001,70266,2012-10-29T00:00:00Z,4246.79,4245.79,NA,NA,NA,NA,NA,Pumping,NA,NA,1,Department of Water Resources,NA,1,Department of Water Resources,30,150,39102,46N01E06N001M,46N01E06N001M,Unknown,Unknown,1-003,Butte Valley,Siskiyou,200,Irrigation,Single Well,USGS,1952-11-10 00:00:00 - 2020-04-01 12:00:00,215,-121.918,41.8511
418512N1219183W001,59897,2012-04-17T00:00:00Z,4246.79,4245.79,NA,NA,NA,NA,NA,Pumping,NA,NA,1,Department of Water Resources,NA,1,Department of Water Resources,30,150,39102,46N01E06N001M,46N01E06N001M,Unknown,Unknown,1-003,Butte Valley,Siskiyou,200,Irrigation,Single Well,USGS,1952-11-10 00:00:00 - 2020-04-01 12:00:00,215,-121.918,41.8511
418512N1219183W001,41174,2011-10-18T00:00:00Z,4246.79,4245.79,0,49.4,4197.39,49.4,48.4,NA,Steel tape measurement,Water level accuracy to nearest tenth of a foot,1,Department of Water Resources,NA,1,Department of Water Resources,30,150,39102,46N01E06N001M,46N01E06N001M,Unknown,Unknown,1-003,Butte Valley,Siskiyou,200,Irrigation,Single Well,USGS,1952-11-10 00:00:00 - 2020-04-01 12:00:00,215,-121.918,41.8511
418512N1219183W001,1789987,2011-10-18T00:00:00Z,4246.79,4245.79,0,49.4,4197.39,49.4,48.4,NA,Unknown,Water level accuracy is unknown,1,Department of Water Resources,NA,1,Department of Water Resources,30,150,39102,46N01E06N001M,46N01E06N001M,Unknown,Unknown,1-003,Butte Valley,Siskiyou,200,Irrigation,Single Well,USGS,1952-11-10 00:00:00 - 2020-04-01 12:00:00,215,-121.918,41.8511
418512N1219183W001,1789986,2011-04-20T00:00:00Z,4246.79,4245.79,0,45.2,4201.59,45.2,44.2,NA,Unknown,Water level accuracy is unknown,1,Department of Water Resources,NA,1,Department of Water Resources,30,150,39102,46N01E06N001M,46N01E06N001M,Unknown,Unknown,1-003,Butte Valley,Siskiyou,200,Irrigation,Single Well,USGS,1952-11-10 00:00:00 - 2020-04-01 12:00:00,215,-121.918,41.8511
418512N1219183W001,1789985,2010-10-25T00:00:00Z,4246.79,4245.79,0,49.5,4197.29,49.5,48.5,NA,Unknown,Water level accuracy is unknown,1,Department of Water Resources,NA,1,Department of Water Resources,30,150,39102,46N01E06N001M,46N01E06N001M,Unknown,Unknown,1-003,Butte Valley,Siskiyou,200,Irrigation,Single Well,USGS,1952-11-10 00:00:00 - 2020-04-01 12:00:00,215,-121.918,41.8511
418512N1219183W001,1789984,2010-03-30T00:00:00Z,4246.79,4245.79,0,44.3,4202.49,44.3,43.3,NA,Unknown,Water level accuracy is unknown,1,Department of Water Resources,NA,1,Department of Water Resources,30,150,39102,46N01E06N001M,46N01E06N001M,Unknown,Unknown,1-003,Butte Valley,Siskiyou,200,Irrigation,Single Well,USGS,1952-11-10 00:00:00 - 2020-04-01 12:00:00,215,-121.918,41.8511
418512N1219183W001,1789983,2009-10-27T00:00:00Z,4246.79,4245.79,0,47.9,4198.89,47.9,46.9,NA,Unknown,Water level accuracy is unknown,1,Department of Water Resources,NA,1,Department of Water Resources,30,150,39102,46N01E06N001M,46N01E06N001M,Unknown,Unknown,1-003,Butte Valley,Siskiyou,200,Irrigation,Single Well,USGS,1952-11-10 00:00:00 - 2020-04-01 12:00:00,215,-121.918,41.8511
418512N1219183W001,1789982,2009-04-08T00:00:00Z,4246.79,4245.79,0,43.1,4203.69,43.1,42.1,NA,Unknown,Water level accuracy is unknown,1,Department of Water Resources,NA,1,Department of Water Resources,30,150,39102,46N01E06N001M,46N01E06N001M,Unknown,Unknown,1-003,Butte Valley,Siskiyou,200,Irrigation,Single Well,USGS,1952-11-10 00:00:00 - 2020-04-01 12:00:00,215,-121.918,41.8511
418512N1219183W001,1789981,2008-10-30T00:00:00Z,4246.79,4245.79,0,47.3,4199.49,47.3,46.3,NA,Unknown,Water level accuracy is unknown,1,Department of Water Resources,NA,1,Department of Water Resources,30,150,39102,46N01E06N001M,46N01E06N001M,Unknown,Unknown,1-003,Butte Valley,Siskiyou,200,Irrigation,Single Well,USGS,1952-11-10 00:00:00 - 2020-04-01 12:00:00,215,-121.918,41.8511
418512N1219183W001,1789980,2008-04-04T00:00:00Z,4246.79,4245.79,0,41.6,4205.19,41.6,40.6,NA,Unknown,Water level accuracy is unknown,1,Department of Water Resources,NA,1,Department of Water Resources,30,150,39102,46N01E06N001M,46N01E06N001M,Unknown,Unknown,1-003,Butte Valley,Siskiyou,200,Irrigation,Single Well,USGS,1952-11-10 00:00:00 - 2020-04-01 12:00:00,215,-121.918,41.8511
418512N1219183W001,1789979,2007-10-25T00:00:00Z,4246.79,4245.79,0,45.8,4200.99,45.8,44.8,NA,Unknown,Water level accuracy is unknown,1,Department of Water Resources,NA,1,Department of Water Resources,30,150,39102,46N01E06N001M,46N01E06N001M,Unknown,Unknown,1-003,Butte Valley,Siskiyou,200,Irrigation,Single Well,USGS,1952-11-10 00:00:00 - 2020-04-01 12:00:00,215,-121.918,41.8511
418512N1219183W001,1789978,2007-03-29T00:00:00Z,4246.79,4245.79,0,39.3,4207.49,39.3,38.3,NA,Unknown,Water level accuracy is unknown,1,Department of Water Resources,NA,1,Department of Water Resources,30,150,39102,46N01E06N001M,46N01E06N001M,Unknown,Unknown,1-003,Butte Valley,Siskiyou,200,Irrigation,Single Well,USGS,1952-11-10 00:00:00 - 2020-04-01 12:00:00,215,-121.918,41.8511
418512N1219183W001,1789977,2006-10-12T00:00:00Z,4246.79,4245.79,0,44.5,4202.29,44.5,43.5,NA,Unknown,Water level accuracy is unknown,1,Department of Water Resources,NA,1,Department of Water Resources,30,150,39102,46N01E06N001M,46N01E06N001M,Unknown,Unknown,1-003,Butte Valley,Siskiyou,200,Irrigation,Single Well,USGS,1952-11-10 00:00:00 - 2020-04-01 12:00:00,215,-121.918,41.8511
418512N1219183W001,1789976,2006-04-18T00:00:00Z,4246.79,4245.79,0,40.1,4206.69,40.1,39.1,NA,Unknown,Water level accuracy is unknown,1,Department of Water Resources,NA,1,Department of Water Resources,30,150,39102,46N01E06N001M,46N01E06N001M,Unknown,Unknown,1-003,Butte Valley,Siskiyou,200,Irrigation,Single Well,USGS,1952-11-10 00:00:00 - 2020-04-01 12:00:00,215,-121.918,41.8511
418512N1219183W001,1789975,2005-10-10T00:00:00Z,4246.79,4245.79,0,46.4,4200.39,46.4,45.4,NA,Unknown,Water level accuracy is unknown,1,Department of Water Resources,NA,1,Department of Water Resources,30,150,39102,46N01E06N001M,46N01E06N001M,Unknown,Unknown,1-003,Butte Valley,Siskiyou,200,Irrigation,Single Well,USGS,1952-11-10 00:00:00 - 2020-04-01 12:00:00,215,-121.918,41.8511
418512N1219183W001,1789974,2005-04-05T00:00:00Z,4246.79,4245.79,0,40.9,4205.89,40.9,39.9,NA,Unknown,Water level accuracy is unknown,1,Department of Water Resources,NA,1,Department of Water Resources,30,150,39102,46N01E06N001M,46N01E06N001M,Unknown,Unknown,1-003,Butte Valley,Siskiyou,200,Irrigation,Single Well,USGS,1952-11-10 00:00:00 - 2020-04-01 12:00:00,215,-121.918,41.8511
418512N1219183W001,1789973,2004-11-02T00:00:00Z,4246.79,4245.79,0,47.7,4199.09,47.7,46.7,NA,Unknown,Water level accuracy is unknown,1,Department of Water Resources,NA,1,Department of Water Resources,30,150,39102,46N01E06N001M,46N01E06N001M,Unknown,Unknown,1-003,Butte Valley,Siskiyou,200,Irrigation,Single Well,USGS,1952-11-10 00:00:00 - 2020-04-01 12:00:00,215,-121.918,41.8511
418512N1219183W001,1789972,2004-03-30T00:00:00Z,4246.79,4245.79,0,39.6,4207.19,39.6,38.6,NA,Unknown,Water level accuracy is unknown,1,Department of Water Resources,NA,1,Department of Water Resources,30,150,39102,46N01E06N001M,46N01E06N001M,Unknown,Unknown,1-003,Butte Valley,Siskiyou,200,Irrigation,Single Well,USGS,1952-11-10 00:00:00 - 2020-04-01 12:00:00,215,-121.918,41.8511
418512N1219183W001,1789971,2003-10-20T00:00:00Z,4246.79,4245.79,0,43.7,4203.09,43.7,42.7,NA,Unknown,Water level accuracy is unknown,1,Department of Water Resources,NA,1,Department of Water Resources,30,150,39102,46N01E06N001M,46N01E06N001M,Unknown,Unknown,1-003,Butte Valley,Siskiyou,200,Irrigation,Single Well,USGS,1952-11-10 00:00:00 - 2020-04-01 12:00:00,215,-121.918,41.8511
418512N1219183W001,1789970,2003-04-01T00:00:00Z,4246.79,4245.79,0,37.3,4209.49,37.3,36.3,NA,Unknown,Water level accuracy is unknown,1,Department of Water Resources,NA,1,Department of Water Resources,30,150,39102,46N01E06N001M,46N01E06N001M,Unknown,Unknown,1-003,Butte Valley,Siskiyou,200,Irrigation,Single Well,USGS,1952-11-10 00:00:00 - 2020-04-01 12:00:00,215,-121.918,41.8511
418512N1219183W001,1789969,2002-10-11T00:00:00Z,4246.79,4245.79,0,46,4200.79,46,45,NA,Unknown,Water level accuracy is unknown,1,Department of Water Resources,NA,1,Department of Water Resources,30,150,39102,46N01E06N001M,46N01E06N001M,Unknown,Unknown,1-003,Butte Valley,Siskiyou,200,Irrigation,Single Well,USGS,1952-11-10 00:00:00 - 2020-04-01 12:00:00,215,-121.918,41.8511
418512N1219183W001,1789968,2002-03-26T00:00:00Z,4246.79,4245.79,0,37.1,4209.69,37.1,36.1,NA,Unknown,Water level accuracy is unknown,1,Department of Water Resources,NA,1,Department of Water Resources,30,150,39102,46N01E06N001M,46N01E06N001M,Unknown,Unknown,1-003,Butte Valley,Siskiyou,200,Irrigation,Single Well,USGS,1952-11-10 00:00:00 - 2020-04-01 12:00:00,215,-121.918,41.8511
418512N1219183W001,1789967,2001-10-23T00:00:00Z,4246.79,4245.79,0,64.1,4182.69,64.1,63.1,NA,Unknown,Water level accuracy is unknown,1,Department of Water Resources,NA,1,Department of Water Resources,30,150,39102,46N01E06N001M,46N01E06N001M,Unknown,Unknown,1-003,Butte Valley,Siskiyou,200,Irrigation,Single Well,USGS,1952-11-10 00:00:00 - 2020-04-01 12:00:00,215,-121.918,41.8511
418512N1219183W001,1789966,2001-04-03T00:00:00Z,4246.79,4245.79,0,39,4207.79,39,38,NA,Unknown,Water level accuracy is unknown,1,Department of Water Resources,NA,1,Department of Water Resources,30,150,39102,46N01E06N001M,46N01E06N001M,Unknown,Unknown,1-003,Butte Valley,Siskiyou,200,Irrigation,Single Well,USGS,1952-11-10 00:00:00 - 2020-04-01 12:00:00,215,-121.918,41.8511
418512N1219183W001,1789965,2000-10-10T00:00:00Z,4246.79,4245.79,0,39.3,4207.49,39.3,38.3,NA,Unknown,Water level accuracy is unknown,1,Department of Water Resources,NA,1,Department of Water Resources,30,150,39102,46N01E06N001M,46N01E06N001M,Unknown,Unknown,1-003,Butte Valley,Siskiyou,200,Irrigation,Single Well,USGS,1952-11-10 00:00:00 - 2020-04-01 12:00:00,215,-121.918,41.8511
418512N1219183W001,1789964,2000-03-22T00:00:00Z,4246.79,4245.79,0,33,4213.79,33,32,NA,Unknown,Water level accuracy is unknown,1,Department of Water Resources,NA,1,Department of Water Resources,30,150,39102,46N01E06N001M,46N01E06N001M,Unknown,Unknown,1-003,Butte Valley,Siskiyou,200,Irrigation,Single Well,USGS,1952-11-10 00:00:00 - 2020-04-01 12:00:00,215,-121.918,41.8511
418512N1219183W001,1789962,1999-10-26T00:00:00Z,4246.79,4245.79,0,38,4208.79,38,37,Oil or foreign substance in casing,Unknown,Water level accuracy is unknown,1,Department of Water Resources,NA,1,Department of Water Resources,30,150,39102,46N01E06N001M,46N01E06N001M,Unknown,Unknown,1-003,Butte Valley,Siskiyou,200,Irrigation,Single Well,USGS,1952-11-10 00:00:00 - 2020-04-01 12:00:00,215,-121.918,41.8511
418512N1219183W001,1789963,1999-03-16T00:00:00Z,4246.79,4245.79,0,33,4213.79,33,32,NA,Unknown,Water level accuracy is unknown,1,Department of Water Resources,NA,1,Department of Water Resources,30,150,39102,46N01E06N001M,46N01E06N001M,Unknown,Unknown,1-003,Butte Valley,Siskiyou,200,Irrigation,Single Well,USGS,1952-11-10 00:00:00 - 2020-04-01 12:00:00,215,-121.918,41.8511
418512N1219183W001,1789961,1998-10-27T00:00:00Z,4246.79,4245.79,0,39.6,4207.19,39.6,38.6,NA,Unknown,Water level accuracy is unknown,1,Department of Water Resources,NA,1,Department of Water Resources,30,150,39102,46N01E06N001M,46N01E06N001M,Unknown,Unknown,1-003,Butte Valley,Siskiyou,200,Irrigation,Single Well,USGS,1952-11-10 00:00:00 - 2020-04-01 12:00:00,215,-121.918,41.8511
418512N1219183W001,1789960,1998-03-30T00:00:00Z,4246.79,4245.79,0,36.3,4210.49,36.3,35.3,NA,Unknown,Water level accuracy is unknown,1,Department of Water Resources,NA,1,Department of Water Resources,30,150,39102,46N01E06N001M,46N01E06N001M,Unknown,Unknown,1-003,Butte Valley,Siskiyou,200,Irrigation,Single Well,USGS,1952-11-10 00:00:00 - 2020-04-01 12:00:00,215,-121.918,41.8511
418512N1219183W001,1789959,1997-10-21T00:00:00Z,4246.79,4245.79,0,42.6,4204.19,42.6,41.6,NA,Unknown,Water level accuracy is unknown,1,Department of Water Resources,NA,1,Department of Water Resources,30,150,39102,46N01E06N001M,46N01E06N001M,Unknown,Unknown,1-003,Butte Valley,Siskiyou,200,Irrigation,Single Well,USGS,1952-11-10 00:00:00 - 2020-04-01 12:00:00,215,-121.918,41.8511
418512N1219183W001,1789958,1997-03-11T00:00:00Z,4246.79,4245.79,0,36.6,4210.19,36.6,35.6,NA,Unknown,Water level accuracy is unknown,1,Department of Water Resources,NA,1,Department of Water Resources,30,150,39102,46N01E06N001M,46N01E06N001M,Unknown,Unknown,1-003,Butte Valley,Siskiyou,200,Irrigation,Single Well,USGS,1952-11-10 00:00:00 - 2020-04-01 12:00:00,215,-121.918,41.8511
418512N1219183W001,1789957,1996-10-22T00:00:00Z,4246.79,4245.79,0,43.2,4203.59,43.2,42.2,NA,Unknown,Water level accuracy is unknown,1,Department of Water Resources,NA,1,Department of Water Resources,30,150,39102,46N01E06N001M,46N01E06N001M,Unknown,Unknown,1-003,Butte Valley,Siskiyou,200,Irrigation,Single Well,USGS,1952-11-10 00:00:00 - 2020-04-01 12:00:00,215,-121.918,41.8511
418512N1219183W001,1789956,1996-03-26T00:00:00Z,4246.79,4245.79,0,42.2,4204.59,42.2,41.2,NA,Unknown,Water level accuracy is unknown,1,Department of Water Resources,NA,1,Department of Water Resources,30,150,39102,46N01E06N001M,46N01E06N001M,Unknown,Unknown,1-003,Butte Valley,Siskiyou,200,Irrigation,Single Well,USGS,1952-11-10 00:00:00 - 2020-04-01 12:00:00,215,-121.918,41.8511
418512N1219183W001,1789955,1995-10-17T00:00:00Z,4246.79,4245.79,0,44.8,4201.99,44.8,43.8,NA,Unknown,Water level accuracy is unknown,1,Department of Water Resources,NA,1,Department of Water Resources,30,150,39102,46N01E06N001M,46N01E06N001M,Unknown,Unknown,1-003,Butte Valley,Siskiyou,200,Irrigation,Single Well,USGS,1952-11-10 00:00:00 - 2020-04-01 12:00:00,215,-121.918,41.8511
418512N1219183W001,1789954,1995-03-27T00:00:00Z,4246.79,4245.79,0,54,4192.79,54,53,NA,Unknown,Water level accuracy is unknown,1,Department of Water Resources,NA,1,Department of Water Resources,30,150,39102,46N01E06N001M,46N01E06N001M,Unknown,Unknown,1-003,Butte Valley,Siskiyou,200,Irrigation,Single Well,USGS,1952-11-10 00:00:00 - 2020-04-01 12:00:00,215,-121.918,41.8511
418512N1219183W001,1789953,1994-10-25T00:00:00Z,4246.79,4245.79,0,46,4200.79,46,45,NA,Unknown,Water level accuracy is unknown,1,Department of Water Resources,NA,1,Department of Water Resources,30,150,39102,46N01E06N001M,46N01E06N001M,Unknown,Unknown,1-003,Butte Valley,Siskiyou,200,Irrigation,Single Well,USGS,1952-11-10 00:00:00 - 2020-04-01 12:00:00,215,-121.918,41.8511
418512N1219183W001,1789952,1994-03-29T00:00:00Z,4246.79,4245.79,0,39.5,4207.29,39.5,38.5,NA,Unknown,Water level accuracy is unknown,1,Department of Water Resources,NA,1,Department of Water Resources,30,150,39102,46N01E06N001M,46N01E06N001M,Unknown,Unknown,1-003,Butte Valley,Siskiyou,200,Irrigation,Single Well,USGS,1952-11-10 00:00:00 - 2020-04-01 12:00:00,215,-121.918,41.8511
418512N1219183W001,1789951,1993-10-14T00:00:00Z,4246.79,4245.79,0,46.6,4200.19,46.6,45.6,NA,Unknown,Water level accuracy is unknown,1,Department of Water Resources,NA,1,Department of Water Resources,30,150,39102,46N01E06N001M,46N01E06N001M,Unknown,Unknown,1-003,Butte Valley,Siskiyou,200,Irrigation,Single Well,USGS,1952-11-10 00:00:00 - 2020-04-01 12:00:00,215,-121.918,41.8511
418512N1219183W001,1789950,1993-03-17T00:00:00Z,4246.79,4245.79,0,38.9,4207.89,38.9,37.9,NA,Unknown,Water level accuracy is unknown,1,Department of Water Resources,NA,1,Department of Water Resources,30,150,39102,46N01E06N001M,46N01E06N001M,Unknown,Unknown,1-003,Butte Valley,Siskiyou,200,Irrigation,Single Well,USGS,1952-11-10 00:00:00 - 2020-04-01 12:00:00,215,-121.918,41.8511
418512N1219183W001,1789949,1992-10-19T00:00:00Z,4246.79,4245.79,0,43.1,4203.69,43.1,42.1,NA,Unknown,Water level accuracy is unknown,1,Department of Water Resources,NA,1,Department of Water Resources,30,150,39102,46N01E06N001M,46N01E06N001M,Unknown,Unknown,1-003,Butte Valley,Siskiyou,200,Irrigation,Single Well,USGS,1952-11-10 00:00:00 - 2020-04-01 12:00:00,215,-121.918,41.8511
418512N1219183W001,1789948,1992-03-02T00:00:00Z,4246.79,4245.79,0,37,4209.79,37,36,NA,Unknown,Water level accuracy is unknown,1,Department of Water Resources,NA,1,Department of Water Resources,30,150,39102,46N01E06N001M,46N01E06N001M,Unknown,Unknown,1-003,Butte Valley,Siskiyou,200,Irrigation,Single Well,USGS,1952-11-10 00:00:00 - 2020-04-01 12:00:00,215,-121.918,41.8511
418512N1219183W001,1789947,1991-09-30T00:00:00Z,4246.79,4245.79,0,42.1,4204.69,42.1,41.1,NA,Unknown,Water level accuracy is unknown,1,Department of Water Resources,NA,1,Department of Water Resources,30,150,39102,46N01E06N001M,46N01E06N001M,Unknown,Unknown,1-003,Butte Valley,Siskiyou,200,Irrigation,Single Well,USGS,1952-11-10 00:00:00 - 2020-04-01 12:00:00,215,-121.918,41.8511
418512N1219183W001,1789946,1991-03-20T00:00:00Z,4246.79,4245.79,0,34,4212.79,34,33,NA,Unknown,Water level accuracy is unknown,1,Department of Water Resources,NA,1,Department of Water Resources,30,150,39102,46N01E06N001M,46N01E06N001M,Unknown,Unknown,1-003,Butte Valley,Siskiyou,200,Irrigation,Single Well,USGS,1952-11-10 00:00:00 - 2020-04-01 12:00:00,215,-121.918,41.8511
418512N1219183W001,1789945,1990-10-02T00:00:00Z,4246.79,4245.79,0,39.8,4206.99,39.8,38.8,NA,Unknown,Water level accuracy is unknown,1,Department of Water Resources,NA,1,Department of Water Resources,30,150,39102,46N01E06N001M,46N01E06N001M,Unknown,Unknown,1-003,Butte Valley,Siskiyou,200,Irrigation,Single Well,USGS,1952-11-10 00:00:00 - 2020-04-01 12:00:00,215,-121.918,41.8511
418512N1219183W001,1789944,1990-03-20T00:00:00Z,4246.79,4245.79,0,33.4,4213.39,33.4,32.4,NA,Unknown,Water level accuracy is unknown,1,Department of Water Resources,NA,1,Department of Water Resources,30,150,39102,46N01E06N001M,46N01E06N001M,Unknown,Unknown,1-003,Butte Valley,Siskiyou,200,Irrigation,Single Well,USGS,1952-11-10 00:00:00 - 2020-04-01 12:00:00,215,-121.918,41.8511
418512N1219183W001,1789943,1989-10-03T00:00:00Z,4246.79,4245.79,0,37.8,4208.99,37.8,36.8,NA,Unknown,Water level accuracy is unknown,1,Department of Water Resources,NA,1,Department of Water Resources,30,150,39102,46N01E06N001M,46N01E06N001M,Unknown,Unknown,1-003,Butte Valley,Siskiyou,200,Irrigation,Single Well,USGS,1952-11-10 00:00:00 - 2020-04-01 12:00:00,215,-121.918,41.8511
418512N1219183W001,1789942,1989-03-22T00:00:00Z,4246.79,4245.79,0,31.3,4215.49,31.3,30.3,NA,Unknown,Water level accuracy is unknown,1,Department of Water Resources,NA,1,Department of Water Resources,30,150,39102,46N01E06N001M,46N01E06N001M,Unknown,Unknown,1-003,Butte Valley,Siskiyou,200,Irrigation,Single Well,USGS,1952-11-10 00:00:00 - 2020-04-01 12:00:00,215,-121.918,41.8511
418512N1219183W001,1789941,1988-10-24T00:00:00Z,4246.79,4245.79,0,33.1,4213.69,33.1,32.1,NA,Unknown,Water level accuracy is unknown,1,Department of Water Resources,NA,1,Department of Water Resources,30,150,39102,46N01E06N001M,46N01E06N001M,Unknown,Unknown,1-003,Butte Valley,Siskiyou,200,Irrigation,Single Well,USGS,1952-11-10 00:00:00 - 2020-04-01 12:00:00,215,-121.918,41.8511
418512N1219183W001,1789940,1988-03-23T00:00:00Z,4246.79,4245.79,0,29,4217.79,29,28,NA,Unknown,Water level accuracy is unknown,1,Department of Water Resources,NA,1,Department of Water Resources,30,150,39102,46N01E06N001M,46N01E06N001M,Unknown,Unknown,1-003,Butte Valley,Siskiyou,200,Irrigation,Single Well,USGS,1952-11-10 00:00:00 - 2020-04-01 12:00:00,215,-121.918,41.8511
418512N1219183W001,1789939,1987-10-20T00:00:00Z,4246.79,4245.79,0,30.8,4215.99,30.8,29.8,NA,Unknown,Water level accuracy is unknown,1,Department of Water Resources,NA,1,Department of Water Resources,30,150,39102,46N01E06N001M,46N01E06N001M,Unknown,Unknown,1-003,Butte Valley,Siskiyou,200,Irrigation,Single Well,USGS,1952-11-10 00:00:00 - 2020-04-01 12:00:00,215,-121.918,41.8511
418512N1219183W001,1789938,1987-04-21T00:00:00Z,4246.79,4245.79,0,27.2,4219.59,27.2,26.2,NA,Unknown,Water level accuracy is unknown,1,Department of Water Resources,NA,1,Department of Water Resources,30,150,39102,46N01E06N001M,46N01E06N001M,Unknown,Unknown,1-003,Butte Valley,Siskiyou,200,Irrigation,Single Well,USGS,1952-11-10 00:00:00 - 2020-04-01 12:00:00,215,-121.918,41.8511
418512N1219183W001,1789937,1986-09-25T00:00:00Z,4246.79,4245.79,0,31.9,4214.89,31.9,30.9,NA,Unknown,Water level accuracy is unknown,1,Department of Water Resources,NA,1,Department of Water Resources,30,150,39102,46N01E06N001M,46N01E06N001M,Unknown,Unknown,1-003,Butte Valley,Siskiyou,200,Irrigation,Single Well,USGS,1952-11-10 00:00:00 - 2020-04-01 12:00:00,215,-121.918,41.8511
418512N1219183W001,1789936,1986-03-25T00:00:00Z,4246.79,4245.79,0,26.2,4220.59,26.2,25.2,NA,Unknown,Water level accuracy is unknown,1,Department of Water Resources,NA,1,Department of Water Resources,30,150,39102,46N01E06N001M,46N01E06N001M,Unknown,Unknown,1-003,Butte Valley,Siskiyou,200,Irrigation,Single Well,USGS,1952-11-10 00:00:00 - 2020-04-01 12:00:00,215,-121.918,41.8511
418512N1219183W001,1789935,1985-09-24T00:00:00Z,4246.79,4245.79,0,33.6,4213.19,33.6,32.6,NA,Unknown,Water level accuracy is unknown,1,Department of Water Resources,NA,1,Department of Water Resources,30,150,39102,46N01E06N001M,46N01E06N001M,Unknown,Unknown,1-003,Butte Valley,Siskiyou,200,Irrigation,Single Well,USGS,1952-11-10 00:00:00 - 2020-04-01 12:00:00,215,-121.918,41.8511
418512N1219183W001,1789934,1985-03-19T00:00:00Z,4246.79,4245.79,0,26.2,4220.59,26.2,25.2,NA,Unknown,Water level accuracy is unknown,1,Department of Water Resources,NA,1,Department of Water Resources,30,150,39102,46N01E06N001M,46N01E06N001M,Unknown,Unknown,1-003,Butte Valley,Siskiyou,200,Irrigation,Single Well,USGS,1952-11-10 00:00:00 - 2020-04-01 12:00:00,215,-121.918,41.8511
418512N1219183W001,1789933,1984-10-31T00:00:00Z,4246.79,4245.79,0,30.6,4216.19,30.6,29.6,NA,Unknown,Water level accuracy is unknown,1,Department of Water Resources,NA,1,Department of Water Resources,30,150,39102,46N01E06N001M,46N01E06N001M,Unknown,Unknown,1-003,Butte Valley,Siskiyou,200,Irrigation,Single Well,USGS,1952-11-10 00:00:00 - 2020-04-01 12:00:00,215,-121.918,41.8511
418512N1219183W001,1789932,1984-03-23T00:00:00Z,4246.79,4245.79,0,25.3,4221.49,25.3,24.3,NA,Unknown,Water level accuracy is unknown,1,Department of Water Resources,NA,1,Department of Water Resources,30,150,39102,46N01E06N001M,46N01E06N001M,Unknown,Unknown,1-003,Butte Valley,Siskiyou,200,Irrigation,Single Well,USGS,1952-11-10 00:00:00 - 2020-04-01 12:00:00,215,-121.918,41.8511
418512N1219183W001,1789931,1983-10-24T00:00:00Z,4246.79,4245.79,0,32.6,4214.19,32.6,31.6,NA,Unknown,Water level accuracy is unknown,1,Department of Water Resources,NA,1,Department of Water Resources,30,150,39102,46N01E06N001M,46N01E06N001M,Unknown,Unknown,1-003,Butte Valley,Siskiyou,200,Irrigation,Single Well,USGS,1952-11-10 00:00:00 - 2020-04-01 12:00:00,215,-121.918,41.8511
418512N1219183W001,1789930,1983-04-12T00:00:00Z,4246.79,4245.79,0,29.1,4217.69,29.1,28.1,NA,Unknown,Water level accuracy is unknown,1,Department of Water Resources,NA,1,Department of Water Resources,30,150,39102,46N01E06N001M,46N01E06N001M,Unknown,Unknown,1-003,Butte Valley,Siskiyou,200,Irrigation,Single Well,USGS,1952-11-10 00:00:00 - 2020-04-01 12:00:00,215,-121.918,41.8511
418512N1219183W001,1789929,1982-10-14T00:00:00Z,4246.79,4245.79,0,34.5,4212.29,34.5,33.5,NA,Unknown,Water level accuracy is unknown,1,Department of Water Resources,NA,1,Department of Water Resources,30,150,39102,46N01E06N001M,46N01E06N001M,Unknown,Unknown,1-003,Butte Valley,Siskiyou,200,Irrigation,Single Well,USGS,1952-11-10 00:00:00 - 2020-04-01 12:00:00,215,-121.918,41.8511
418512N1219183W001,1789928,1982-04-21T00:00:00Z,4246.79,4245.79,0,30.9,4215.89,30.9,29.9,NA,Unknown,Water level accuracy is unknown,1,Department of Water Resources,NA,1,Department of Water Resources,30,150,39102,46N01E06N001M,46N01E06N001M,Unknown,Unknown,1-003,Butte Valley,Siskiyou,200,Irrigation,Single Well,USGS,1952-11-10 00:00:00 - 2020-04-01 12:00:00,215,-121.918,41.8511
418512N1219183W001,1789927,1981-10-08T00:00:00Z,4246.79,4245.79,0,37.7,4209.09,37.7,36.7,NA,Unknown,Water level accuracy is unknown,1,Department of Water Resources,NA,1,Department of Water Resources,30,150,39102,46N01E06N001M,46N01E06N001M,Unknown,Unknown,1-003,Butte Valley,Siskiyou,200,Irrigation,Single Well,USGS,1952-11-10 00:00:00 - 2020-04-01 12:00:00,215,-121.918,41.8511
418512N1219183W001,1789926,1981-03-27T00:00:00Z,4246.79,4245.79,0,30.2,4216.59,30.2,29.2,NA,Unknown,Water level accuracy is unknown,1,Department of Water Resources,NA,1,Department of Water Resources,30,150,39102,46N01E06N001M,46N01E06N001M,Unknown,Unknown,1-003,Butte Valley,Siskiyou,200,Irrigation,Single Well,USGS,1952-11-10 00:00:00 - 2020-04-01 12:00:00,215,-121.918,41.8511
418512N1219183W001,1789925,1980-10-02T00:00:00Z,4246.79,4245.79,0,36.3,4210.49,36.3,35.3,NA,Unknown,Water level accuracy is unknown,1,Department of Water Resources,NA,1,Department of Water Resources,30,150,39102,46N01E06N001M,46N01E06N001M,Unknown,Unknown,1-003,Butte Valley,Siskiyou,200,Irrigation,Single Well,USGS,1952-11-10 00:00:00 - 2020-04-01 12:00:00,215,-121.918,41.8511
418512N1219183W001,1789924,1980-03-26T00:00:00Z,4246.79,4245.79,0,33,4213.79,33,32,NA,Unknown,Water level accuracy is unknown,1,Department of Water Resources,NA,1,Department of Water Resources,30,150,39102,46N01E06N001M,46N01E06N001M,Unknown,Unknown,1-003,Butte Valley,Siskiyou,200,Irrigation,Single Well,USGS,1952-11-10 00:00:00 - 2020-04-01 12:00:00,215,-121.918,41.8511
418512N1219183W001,1789923,1979-10-31T00:00:00Z,4246.79,4245.79,NA,NA,NA,NA,NA,Special/Other,NA,NA,1,Department of Water Resources,NA,1,Department of Water Resources,30,150,39102,46N01E06N001M,46N01E06N001M,Unknown,Unknown,1-003,Butte Valley,Siskiyou,200,Irrigation,Single Well,USGS,1952-11-10 00:00:00 - 2020-04-01 12:00:00,215,-121.918,41.8511
418512N1219183W001,1789922,1979-04-03T00:00:00Z,4246.79,4245.79,0,25.1,4221.69,25.1,24.1,NA,Unknown,Water level accuracy is unknown,1,Department of Water Resources,NA,1,Department of Water Resources,30,150,39102,46N01E06N001M,46N01E06N001M,Unknown,Unknown,1-003,Butte Valley,Siskiyou,200,Irrigation,Single Well,USGS,1952-11-10 00:00:00 - 2020-04-01 12:00:00,215,-121.918,41.8511
418512N1219183W001,1789921,1978-10-24T00:00:00Z,4246.79,4245.79,0,27.8,4218.99,27.8,26.8,NA,Unknown,Water level accuracy is unknown,1,Department of Water Resources,NA,1,Department of Water Resources,30,150,39102,46N01E06N001M,46N01E06N001M,Unknown,Unknown,1-003,Butte Valley,Siskiyou,200,Irrigation,Single Well,USGS,1952-11-10 00:00:00 - 2020-04-01 12:00:00,215,-121.918,41.8511
418512N1219183W001,1789920,1978-04-26T00:00:00Z,4246.79,4245.79,0,23.5,4223.29,23.5,22.5,NA,Unknown,Water level accuracy is unknown,1,Department of Water Resources,NA,1,Department of Water Resources,30,150,39102,46N01E06N001M,46N01E06N001M,Unknown,Unknown,1-003,Butte Valley,Siskiyou,200,Irrigation,Single Well,USGS,1952-11-10 00:00:00 - 2020-04-01 12:00:00,215,-121.918,41.8511
418512N1219183W001,1789919,1978-03-29T00:00:00Z,4246.79,4245.79,0,25.5,4221.29,25.5,24.5,NA,Unknown,Water level accuracy is unknown,1,Department of Water Resources,NA,1,Department of Water Resources,30,150,39102,46N01E06N001M,46N01E06N001M,Unknown,Unknown,1-003,Butte Valley,Siskiyou,200,Irrigation,Single Well,USGS,1952-11-10 00:00:00 - 2020-04-01 12:00:00,215,-121.918,41.8511
418512N1219183W001,1789918,1977-10-20T00:00:00Z,4246.79,4245.79,0,29.5,4217.29,29.5,28.5,NA,Unknown,Water level accuracy is unknown,1,Department of Water Resources,NA,1,Department of Water Resources,30,150,39102,46N01E06N001M,46N01E06N001M,Unknown,Unknown,1-003,Butte Valley,Siskiyou,200,Irrigation,Single Well,USGS,1952-11-10 00:00:00 - 2020-04-01 12:00:00,215,-121.918,41.8511
418512N1219183W001,1789917,1977-03-29T00:00:00Z,4246.79,4245.79,0,22,4224.79,22,21,NA,Unknown,Water level accuracy is unknown,1,Department of Water Resources,NA,1,Department of Water Resources,30,150,39102,46N01E06N001M,46N01E06N001M,Unknown,Unknown,1-003,Butte Valley,Siskiyou,200,Irrigation,Single Well,USGS,1952-11-10 00:00:00 - 2020-04-01 12:00:00,215,-121.918,41.8511
418512N1219183W001,1789916,1976-11-01T00:00:00Z,4246.79,4245.79,0,25.5,4221.29,25.5,24.5,NA,Unknown,Water level accuracy is unknown,1,Department of Water Resources,NA,1,Department of Water Resources,30,150,39102,46N01E06N001M,46N01E06N001M,Unknown,Unknown,1-003,Butte Valley,Siskiyou,200,Irrigation,Single Well,USGS,1952-11-10 00:00:00 - 2020-04-01 12:00:00,215,-121.918,41.8511
418512N1219183W001,1789915,1976-03-18T00:00:00Z,4246.79,4245.79,0,19.2,4227.59,19.2,18.2,NA,Unknown,Water level accuracy is unknown,1,Department of Water Resources,NA,1,Department of Water Resources,30,150,39102,46N01E06N001M,46N01E06N001M,Unknown,Unknown,1-003,Butte Valley,Siskiyou,200,Irrigation,Single Well,USGS,1952-11-10 00:00:00 - 2020-04-01 12:00:00,215,-121.918,41.8511
418512N1219183W001,1789914,1975-11-05T00:00:00Z,4246.79,4245.79,0,24.2,4222.59,24.2,23.2,NA,Unknown,Water level accuracy is unknown,1,Department of Water Resources,NA,1,Department of Water Resources,30,150,39102,46N01E06N001M,46N01E06N001M,Unknown,Unknown,1-003,Butte Valley,Siskiyou,200,Irrigation,Single Well,USGS,1952-11-10 00:00:00 - 2020-04-01 12:00:00,215,-121.918,41.8511
418512N1219183W001,1789913,1975-04-17T00:00:00Z,4246.79,4245.79,0,18.5,4228.29,18.5,17.5,NA,Unknown,Water level accuracy is unknown,1,Department of Water Resources,NA,1,Department of Water Resources,30,150,39102,46N01E06N001M,46N01E06N001M,Unknown,Unknown,1-003,Butte Valley,Siskiyou,200,Irrigation,Single Well,USGS,1952-11-10 00:00:00 - 2020-04-01 12:00:00,215,-121.918,41.8511
418512N1219183W001,1789912,1974-11-06T00:00:00Z,4246.79,4245.79,0,24.2,4222.59,24.2,23.2,NA,Unknown,Water level accuracy is unknown,1,Department of Water Resources,NA,1,Department of Water Resources,30,150,39102,46N01E06N001M,46N01E06N001M,Unknown,Unknown,1-003,Butte Valley,Siskiyou,200,Irrigation,Single Well,USGS,1952-11-10 00:00:00 - 2020-04-01 12:00:00,215,-121.918,41.8511
418512N1219183W001,1789911,1974-04-11T00:00:00Z,4246.79,4245.79,0,21,4225.79,21,20,NA,Unknown,Water level accuracy is unknown,1,Department of Water Resources,NA,1,Department of Water Resources,30,150,39102,46N01E06N001M,46N01E06N001M,Unknown,Unknown,1-003,Butte Valley,Siskiyou,200,Irrigation,Single Well,USGS,1952-11-10 00:00:00 - 2020-04-01 12:00:00,215,-121.918,41.8511
418512N1219183W001,1789910,1973-10-10T00:00:00Z,4246.79,4245.79,0,28.2,4218.59,28.2,27.2,NA,Unknown,Water level accuracy is unknown,1,Department of Water Resources,NA,1,Department of Water Resources,30,150,39102,46N01E06N001M,46N01E06N001M,Unknown,Unknown,1-003,Butte Valley,Siskiyou,200,Irrigation,Single Well,USGS,1952-11-10 00:00:00 - 2020-04-01 12:00:00,215,-121.918,41.8511
418512N1219183W001,1789909,1973-04-19T00:00:00Z,4246.79,4245.79,0,21.5,4225.29,21.5,20.5,NA,Unknown,Water level accuracy is unknown,1,Department of Water Resources,NA,1,Department of Water Resources,30,150,39102,46N01E06N001M,46N01E06N001M,Unknown,Unknown,1-003,Butte Valley,Siskiyou,200,Irrigation,Single Well,USGS,1952-11-10 00:00:00 - 2020-04-01 12:00:00,215,-121.918,41.8511
418512N1219183W001,1789908,1972-10-04T00:00:00Z,4246.79,4245.79,0,27.3,4219.49,27.3,26.3,NA,Unknown,Water level accuracy is unknown,1,Department of Water Resources,NA,1,Department of Water Resources,30,150,39102,46N01E06N001M,46N01E06N001M,Unknown,Unknown,1-003,Butte Valley,Siskiyou,200,Irrigation,Single Well,USGS,1952-11-10 00:00:00 - 2020-04-01 12:00:00,215,-121.918,41.8511
418512N1219183W001,1789907,1972-04-27T00:00:00Z,4246.79,4245.79,0,20.1,4226.69,20.1,19.1,NA,Unknown,Water level accuracy is unknown,1,Department of Water Resources,NA,1,Department of Water Resources,30,150,39102,46N01E06N001M,46N01E06N001M,Unknown,Unknown,1-003,Butte Valley,Siskiyou,200,Irrigation,Single Well,USGS,1952-11-10 00:00:00 - 2020-04-01 12:00:00,215,-121.918,41.8511
418512N1219183W001,1789906,1972-03-21T00:00:00Z,4246.79,4245.79,0,20.5,4226.29,20.5,19.5,NA,Unknown,Water level accuracy is unknown,1,Department of Water Resources,NA,1,Department of Water Resources,30,150,39102,46N01E06N001M,46N01E06N001M,Unknown,Unknown,1-003,Butte Valley,Siskiyou,200,Irrigation,Single Well,USGS,1952-11-10 00:00:00 - 2020-04-01 12:00:00,215,-121.918,41.8511
418512N1219183W001,1789905,1972-02-18T00:00:00Z,4246.79,4245.79,0,21.1,4225.69,21.1,20.1,NA,Unknown,Water level accuracy is unknown,1,Department of Water Resources,NA,1,Department of Water Resources,30,150,39102,46N01E06N001M,46N01E06N001M,Unknown,Unknown,1-003,Butte Valley,Siskiyou,200,Irrigation,Single Well,USGS,1952-11-10 00:00:00 - 2020-04-01 12:00:00,215,-121.918,41.8511
418512N1219183W001,1789904,1971-12-16T00:00:00Z,4246.79,4245.79,0,21.8,4224.99,21.8,20.8,NA,Unknown,Water level accuracy is unknown,1,Department of Water Resources,NA,1,Department of Water Resources,30,150,39102,46N01E06N001M,46N01E06N001M,Unknown,Unknown,1-003,Butte Valley,Siskiyou,200,Irrigation,Single Well,USGS,1952-11-10 00:00:00 - 2020-04-01 12:00:00,215,-121.918,41.8511
418512N1219183W001,1789903,1971-10-29T00:00:00Z,4246.79,4245.79,0,24.6,4222.19,24.6,23.6,NA,Unknown,Water level accuracy is unknown,1,Department of Water Resources,NA,624,Bureau of Reclamation,30,150,39102,46N01E06N001M,46N01E06N001M,Unknown,Unknown,1-003,Butte Valley,Siskiyou,200,Irrigation,Single Well,USGS,1952-11-10 00:00:00 - 2020-04-01 12:00:00,215,-121.918,41.8511
418512N1219183W001,1789902,1971-10-28T00:00:00Z,4246.79,4245.79,0,23.3,4223.49,23.3,22.3,NA,Unknown,Water level accuracy is unknown,1,Department of Water Resources,NA,1,Department of Water Resources,30,150,39102,46N01E06N001M,46N01E06N001M,Unknown,Unknown,1-003,Butte Valley,Siskiyou,200,Irrigation,Single Well,USGS,1952-11-10 00:00:00 - 2020-04-01 12:00:00,215,-121.918,41.8511
418512N1219183W001,1789901,1971-10-07T00:00:00Z,4246.79,4245.79,0,25.4,4221.39,25.4,24.4,NA,Unknown,Water level accuracy is unknown,1,Department of Water Resources,NA,624,Bureau of Reclamation,30,150,39102,46N01E06N001M,46N01E06N001M,Unknown,Unknown,1-003,Butte Valley,Siskiyou,200,Irrigation,Single Well,USGS,1952-11-10 00:00:00 - 2020-04-01 12:00:00,215,-121.918,41.8511
418512N1219183W001,1789900,1971-08-31T00:00:00Z,4246.79,4245.79,0,31.4,4215.39,31.4,30.4,NA,Unknown,Water level accuracy is unknown,1,Department of Water Resources,NA,624,Bureau of Reclamation,30,150,39102,46N01E06N001M,46N01E06N001M,Unknown,Unknown,1-003,Butte Valley,Siskiyou,200,Irrigation,Single Well,USGS,1952-11-10 00:00:00 - 2020-04-01 12:00:00,215,-121.918,41.8511
418512N1219183W001,1789899,1971-07-27T00:00:00Z,4246.79,4245.79,0,31.5,4215.29,31.5,30.5,NA,Unknown,Water level accuracy is unknown,1,Department of Water Resources,NA,624,Bureau of Reclamation,30,150,39102,46N01E06N001M,46N01E06N001M,Unknown,Unknown,1-003,Butte Valley,Siskiyou,200,Irrigation,Single Well,USGS,1952-11-10 00:00:00 - 2020-04-01 12:00:00,215,-121.918,41.8511
418512N1219183W001,1789898,1971-06-30T00:00:00Z,4246.79,4245.79,0,30,4216.79,30,29,NA,Unknown,Water level accuracy is unknown,1,Department of Water Resources,NA,624,Bureau of Reclamation,30,150,39102,46N01E06N001M,46N01E06N001M,Unknown,Unknown,1-003,Butte Valley,Siskiyou,200,Irrigation,Single Well,USGS,1952-11-10 00:00:00 - 2020-04-01 12:00:00,215,-121.918,41.8511
418512N1219183W001,1789897,1971-04-06T00:00:00Z,4246.79,4245.79,0,19.5,4227.29,19.5,18.5,NA,Unknown,Water level accuracy is unknown,1,Department of Water Resources,NA,1,Department of Water Resources,30,150,39102,46N01E06N001M,46N01E06N001M,Unknown,Unknown,1-003,Butte Valley,Siskiyou,200,Irrigation,Single Well,USGS,1952-11-10 00:00:00 - 2020-04-01 12:00:00,215,-121.918,41.8511
418512N1219183W001,1789896,1970-10-06T00:00:00Z,4246.79,4245.79,0,25,4221.79,25,24,NA,Unknown,Water level accuracy is unknown,1,Department of Water Resources,NA,1,Department of Water Resources,30,150,39102,46N01E06N001M,46N01E06N001M,Unknown,Unknown,1-003,Butte Valley,Siskiyou,200,Irrigation,Single Well,USGS,1952-11-10 00:00:00 - 2020-04-01 12:00:00,215,-121.918,41.8511
418512N1219183W001,1789895,1970-04-06T00:00:00Z,4246.79,4245.79,0,21,4225.79,21,20,NA,Unknown,Water level accuracy is unknown,1,Department of Water Resources,NA,1,Department of Water Resources,30,150,39102,46N01E06N001M,46N01E06N001M,Unknown,Unknown,1-003,Butte Valley,Siskiyou,200,Irrigation,Single Well,USGS,1952-11-10 00:00:00 - 2020-04-01 12:00:00,215,-121.918,41.8511
418512N1219183W001,1789894,1969-10-08T00:00:00Z,4246.79,4245.79,0,29,4217.79,29,28,NA,Unknown,Water level accuracy is unknown,1,Department of Water Resources,NA,1,Department of Water Resources,30,150,39102,46N01E06N001M,46N01E06N001M,Unknown,Unknown,1-003,Butte Valley,Siskiyou,200,Irrigation,Single Well,USGS,1952-11-10 00:00:00 - 2020-04-01 12:00:00,215,-121.918,41.8511
418512N1219183W001,1789893,1969-04-07T00:00:00Z,4246.79,4245.79,0,21.3,4225.49,21.3,20.3,NA,Unknown,Water level accuracy is unknown,1,Department of Water Resources,NA,1,Department of Water Resources,30,150,39102,46N01E06N001M,46N01E06N001M,Unknown,Unknown,1-003,Butte Valley,Siskiyou,200,Irrigation,Single Well,USGS,1952-11-10 00:00:00 - 2020-04-01 12:00:00,215,-121.918,41.8511
418512N1219183W001,1789892,1968-10-01T00:00:00Z,4246.79,4245.79,0,25.7,4221.09,25.7,24.7,NA,Unknown,Water level accuracy is unknown,1,Department of Water Resources,NA,1,Department of Water Resources,30,150,39102,46N01E06N001M,46N01E06N001M,Unknown,Unknown,1-003,Butte Valley,Siskiyou,200,Irrigation,Single Well,USGS,1952-11-10 00:00:00 - 2020-04-01 12:00:00,215,-121.918,41.8511
418512N1219183W001,1789891,1968-04-12T00:00:00Z,4246.79,4245.79,0,20.2,4226.59,20.2,19.2,NA,Unknown,Water level accuracy is unknown,1,Department of Water Resources,NA,1,Department of Water Resources,30,150,39102,46N01E06N001M,46N01E06N001M,Unknown,Unknown,1-003,Butte Valley,Siskiyou,200,Irrigation,Single Well,USGS,1952-11-10 00:00:00 - 2020-04-01 12:00:00,215,-121.918,41.8511
418512N1219183W001,1789890,1967-10-05T00:00:00Z,4246.79,4245.79,0,23.9,4222.89,23.9,22.9,NA,Unknown,Water level accuracy is unknown,1,Department of Water Resources,NA,1,Department of Water Resources,30,150,39102,46N01E06N001M,46N01E06N001M,Unknown,Unknown,1-003,Butte Valley,Siskiyou,200,Irrigation,Single Well,USGS,1952-11-10 00:00:00 - 2020-04-01 12:00:00,215,-121.918,41.8511
418512N1219183W001,1789889,1967-04-13T00:00:00Z,4246.79,4245.79,0,21.5,4225.29,21.5,20.5,NA,Unknown,Water level accuracy is unknown,1,Department of Water Resources,NA,1,Department of Water Resources,30,150,39102,46N01E06N001M,46N01E06N001M,Unknown,Unknown,1-003,Butte Valley,Siskiyou,200,Irrigation,Single Well,USGS,1952-11-10 00:00:00 - 2020-04-01 12:00:00,215,-121.918,41.8511
418512N1219183W001,1789888,1966-10-03T00:00:00Z,4246.79,4245.79,0,26.5,4220.29,26.5,25.5,NA,Unknown,Water level accuracy is unknown,1,Department of Water Resources,NA,1,Department of Water Resources,30,150,39102,46N01E06N001M,46N01E06N001M,Unknown,Unknown,1-003,Butte Valley,Siskiyou,200,Irrigation,Single Well,USGS,1952-11-10 00:00:00 - 2020-04-01 12:00:00,215,-121.918,41.8511
418512N1219183W001,1789887,1966-04-04T00:00:00Z,4247.19,4245.79,0,20.2,4226.99,20.2,18.8,NA,Unknown,Water level accuracy is unknown,1,Department of Water Resources,NA,5167,United States Geological Survey,30,150,39102,46N01E06N001M,46N01E06N001M,Unknown,Unknown,1-003,Butte Valley,Siskiyou,200,Irrigation,Single Well,USGS,1952-11-10 00:00:00 - 2020-04-01 12:00:00,215,-121.918,41.8511
418512N1219183W001,1789886,1966-03-03T00:00:00Z,4247.19,4245.79,0,20.5,4226.69,20.5,19.1,NA,Unknown,Water level accuracy is unknown,1,Department of Water Resources,NA,5167,United States Geological Survey,30,150,39102,46N01E06N001M,46N01E06N001M,Unknown,Unknown,1-003,Butte Valley,Siskiyou,200,Irrigation,Single Well,USGS,1952-11-10 00:00:00 - 2020-04-01 12:00:00,215,-121.918,41.8511
418512N1219183W001,1789885,1966-02-04T00:00:00Z,4247.19,4245.79,0,21.2,4225.99,21.2,19.8,NA,Unknown,Water level accuracy is unknown,1,Department of Water Resources,NA,5167,United States Geological Survey,30,150,39102,46N01E06N001M,46N01E06N001M,Unknown,Unknown,1-003,Butte Valley,Siskiyou,200,Irrigation,Single Well,USGS,1952-11-10 00:00:00 - 2020-04-01 12:00:00,215,-121.918,41.8511
418512N1219183W001,1789884,1966-01-11T00:00:00Z,4247.19,4245.79,0,21,4226.19,21,19.6,NA,Unknown,Water level accuracy is unknown,1,Department of Water Resources,NA,5167,United States Geological Survey,30,150,39102,46N01E06N001M,46N01E06N001M,Unknown,Unknown,1-003,Butte Valley,Siskiyou,200,Irrigation,Single Well,USGS,1952-11-10 00:00:00 - 2020-04-01 12:00:00,215,-121.918,41.8511
418512N1219183W001,1789883,1965-12-03T00:00:00Z,4247.19,4245.79,0,21.9,4225.29,21.9,20.5,NA,Unknown,Water level accuracy is unknown,1,Department of Water Resources,NA,5167,United States Geological Survey,30,150,39102,46N01E06N001M,46N01E06N001M,Unknown,Unknown,1-003,Butte Valley,Siskiyou,200,Irrigation,Single Well,USGS,1952-11-10 00:00:00 - 2020-04-01 12:00:00,215,-121.918,41.8511
418512N1219183W001,1789882,1965-11-05T00:00:00Z,4247.19,4245.79,0,23.1,4224.09,23.1,21.7,NA,Unknown,Water level accuracy is unknown,1,Department of Water Resources,NA,5167,United States Geological Survey,30,150,39102,46N01E06N001M,46N01E06N001M,Unknown,Unknown,1-003,Butte Valley,Siskiyou,200,Irrigation,Single Well,USGS,1952-11-10 00:00:00 - 2020-04-01 12:00:00,215,-121.918,41.8511
418512N1219183W001,1789881,1965-10-28T00:00:00Z,4247.19,4245.79,0,22.8,4224.39,22.8,21.4,NA,Unknown,Water level accuracy is unknown,1,Department of Water Resources,NA,5167,United States Geological Survey,30,150,39102,46N01E06N001M,46N01E06N001M,Unknown,Unknown,1-003,Butte Valley,Siskiyou,200,Irrigation,Single Well,USGS,1952-11-10 00:00:00 - 2020-04-01 12:00:00,215,-121.918,41.8511
418512N1219183W001,1789880,1965-09-25T00:00:00Z,4247.19,4245.79,0,24,4223.19,24,22.6,NA,Unknown,Water level accuracy is unknown,1,Department of Water Resources,NA,5167,United States Geological Survey,30,150,39102,46N01E06N001M,46N01E06N001M,Unknown,Unknown,1-003,Butte Valley,Siskiyou,200,Irrigation,Single Well,USGS,1952-11-10 00:00:00 - 2020-04-01 12:00:00,215,-121.918,41.8511
418512N1219183W001,1789879,1965-08-17T00:00:00Z,4247.19,4245.79,0,31.6,4215.59,31.6,30.2,NA,Unknown,Water level accuracy is unknown,1,Department of Water Resources,NA,5167,United States Geological Survey,30,150,39102,46N01E06N001M,46N01E06N001M,Unknown,Unknown,1-003,Butte Valley,Siskiyou,200,Irrigation,Single Well,USGS,1952-11-10 00:00:00 - 2020-04-01 12:00:00,215,-121.918,41.8511
418512N1219183W001,1789878,1965-07-15T00:00:00Z,4247.19,4245.79,0,28.3,4218.89,28.3,26.9,NA,Unknown,Water level accuracy is unknown,1,Department of Water Resources,NA,5167,United States Geological Survey,30,150,39102,46N01E06N001M,46N01E06N001M,Unknown,Unknown,1-003,Butte Valley,Siskiyou,200,Irrigation,Single Well,USGS,1952-11-10 00:00:00 - 2020-04-01 12:00:00,215,-121.918,41.8511
418512N1219183W001,1789877,1965-06-17T00:00:00Z,4247.19,4245.79,0,25.4,4221.79,25.4,24,NA,Unknown,Water level accuracy is unknown,1,Department of Water Resources,NA,5167,United States Geological Survey,30,150,39102,46N01E06N001M,46N01E06N001M,Unknown,Unknown,1-003,Butte Valley,Siskiyou,200,Irrigation,Single Well,USGS,1952-11-10 00:00:00 - 2020-04-01 12:00:00,215,-121.918,41.8511
418512N1219183W001,1789876,1965-05-20T00:00:00Z,4247.19,4245.79,0,26.8,4220.39,26.8,25.4,NA,Unknown,Water level accuracy is unknown,1,Department of Water Resources,NA,5167,United States Geological Survey,30,150,39102,46N01E06N001M,46N01E06N001M,Unknown,Unknown,1-003,Butte Valley,Siskiyou,200,Irrigation,Single Well,USGS,1952-11-10 00:00:00 - 2020-04-01 12:00:00,215,-121.918,41.8511
418512N1219183W001,1789875,1965-04-16T00:00:00Z,4247.19,4245.79,0,19.7,4227.49,19.7,18.3,NA,Unknown,Water level accuracy is unknown,1,Department of Water Resources,NA,5167,United States Geological Survey,30,150,39102,46N01E06N001M,46N01E06N001M,Unknown,Unknown,1-003,Butte Valley,Siskiyou,200,Irrigation,Single Well,USGS,1952-11-10 00:00:00 - 2020-04-01 12:00:00,215,-121.918,41.8511
418512N1219183W001,1789874,1965-03-18T00:00:00Z,4247.19,4245.79,0,20,4227.19,20,18.6,NA,Unknown,Water level accuracy is unknown,1,Department of Water Resources,NA,5167,United States Geological Survey,30,150,39102,46N01E06N001M,46N01E06N001M,Unknown,Unknown,1-003,Butte Valley,Siskiyou,200,Irrigation,Single Well,USGS,1952-11-10 00:00:00 - 2020-04-01 12:00:00,215,-121.918,41.8511
418512N1219183W001,1789873,1965-02-18T00:00:00Z,4247.19,4245.79,0,20.4,4226.79,20.4,19,NA,Unknown,Water level accuracy is unknown,1,Department of Water Resources,NA,5167,United States Geological Survey,30,150,39102,46N01E06N001M,46N01E06N001M,Unknown,Unknown,1-003,Butte Valley,Siskiyou,200,Irrigation,Single Well,USGS,1952-11-10 00:00:00 - 2020-04-01 12:00:00,215,-121.918,41.8511
418512N1219183W001,1789872,1965-01-20T00:00:00Z,4247.19,4245.79,0,21.8,4225.39,21.8,20.4,NA,Unknown,Water level accuracy is unknown,1,Department of Water Resources,NA,5167,United States Geological Survey,30,150,39102,46N01E06N001M,46N01E06N001M,Unknown,Unknown,1-003,Butte Valley,Siskiyou,200,Irrigation,Single Well,USGS,1952-11-10 00:00:00 - 2020-04-01 12:00:00,215,-121.918,41.8511
418512N1219183W001,1789871,1964-12-17T00:00:00Z,4247.19,4245.79,0,23.4,4223.79,23.4,22,NA,Unknown,Water level accuracy is unknown,1,Department of Water Resources,NA,5167,United States Geological Survey,30,150,39102,46N01E06N001M,46N01E06N001M,Unknown,Unknown,1-003,Butte Valley,Siskiyou,200,Irrigation,Single Well,USGS,1952-11-10 00:00:00 - 2020-04-01 12:00:00,215,-121.918,41.8511
418512N1219183W001,1789870,1964-11-19T00:00:00Z,4247.19,4245.79,0,24.1,4223.09,24.1,22.7,NA,Unknown,Water level accuracy is unknown,1,Department of Water Resources,NA,5167,United States Geological Survey,30,150,39102,46N01E06N001M,46N01E06N001M,Unknown,Unknown,1-003,Butte Valley,Siskiyou,200,Irrigation,Single Well,USGS,1952-11-10 00:00:00 - 2020-04-01 12:00:00,215,-121.918,41.8511
418512N1219183W001,1789869,1964-10-15T00:00:00Z,4247.19,4245.79,0,25.3,4221.89,25.3,23.9,NA,Unknown,Water level accuracy is unknown,1,Department of Water Resources,NA,5167,United States Geological Survey,30,150,39102,46N01E06N001M,46N01E06N001M,Unknown,Unknown,1-003,Butte Valley,Siskiyou,200,Irrigation,Single Well,USGS,1952-11-10 00:00:00 - 2020-04-01 12:00:00,215,-121.918,41.8511
418512N1219183W001,1789868,1964-09-17T00:00:00Z,4247.19,4245.79,0,17,4230.19,17,15.6,NA,Unknown,Water level accuracy is unknown,1,Department of Water Resources,NA,5167,United States Geological Survey,30,150,39102,46N01E06N001M,46N01E06N001M,Unknown,Unknown,1-003,Butte Valley,Siskiyou,200,Irrigation,Single Well,USGS,1952-11-10 00:00:00 - 2020-04-01 12:00:00,215,-121.918,41.8511
418512N1219183W001,1789867,1964-08-21T00:00:00Z,4247.19,4245.79,0,32,4215.19,32,30.6,NA,Unknown,Water level accuracy is unknown,1,Department of Water Resources,NA,5167,United States Geological Survey,30,150,39102,46N01E06N001M,46N01E06N001M,Unknown,Unknown,1-003,Butte Valley,Siskiyou,200,Irrigation,Single Well,USGS,1952-11-10 00:00:00 - 2020-04-01 12:00:00,215,-121.918,41.8511
418512N1219183W001,1789866,1964-07-16T00:00:00Z,4247.19,4245.79,0,25.3,4221.89,25.3,23.9,NA,Unknown,Water level accuracy is unknown,1,Department of Water Resources,NA,5167,United States Geological Survey,30,150,39102,46N01E06N001M,46N01E06N001M,Unknown,Unknown,1-003,Butte Valley,Siskiyou,200,Irrigation,Single Well,USGS,1952-11-10 00:00:00 - 2020-04-01 12:00:00,215,-121.918,41.8511
418512N1219183W001,1789865,1964-06-18T00:00:00Z,4247.19,4245.79,0,22.3,4224.89,22.3,20.9,NA,Unknown,Water level accuracy is unknown,1,Department of Water Resources,NA,5167,United States Geological Survey,30,150,39102,46N01E06N001M,46N01E06N001M,Unknown,Unknown,1-003,Butte Valley,Siskiyou,200,Irrigation,Single Well,USGS,1952-11-10 00:00:00 - 2020-04-01 12:00:00,215,-121.918,41.8511
418512N1219183W001,1789864,1964-05-14T00:00:00Z,4247.19,4245.79,0,28.1,4219.09,28.1,26.7,NA,Unknown,Water level accuracy is unknown,1,Department of Water Resources,NA,5167,United States Geological Survey,30,150,39102,46N01E06N001M,46N01E06N001M,Unknown,Unknown,1-003,Butte Valley,Siskiyou,200,Irrigation,Single Well,USGS,1952-11-10 00:00:00 - 2020-04-01 12:00:00,215,-121.918,41.8511
418512N1219183W001,1789863,1964-04-16T00:00:00Z,4247.19,4245.79,0,20.8,4226.39,20.8,19.4,NA,Unknown,Water level accuracy is unknown,1,Department of Water Resources,NA,5167,United States Geological Survey,30,150,39102,46N01E06N001M,46N01E06N001M,Unknown,Unknown,1-003,Butte Valley,Siskiyou,200,Irrigation,Single Well,USGS,1952-11-10 00:00:00 - 2020-04-01 12:00:00,215,-121.918,41.8511
418512N1219183W001,1789862,1964-03-19T00:00:00Z,4247.19,4245.79,0,20.8,4226.39,20.8,19.4,NA,Unknown,Water level accuracy is unknown,1,Department of Water Resources,NA,5167,United States Geological Survey,30,150,39102,46N01E06N001M,46N01E06N001M,Unknown,Unknown,1-003,Butte Valley,Siskiyou,200,Irrigation,Single Well,USGS,1952-11-10 00:00:00 - 2020-04-01 12:00:00,215,-121.918,41.8511
418512N1219183W001,1789861,1964-02-27T00:00:00Z,4247.19,4245.79,0,21.1,4226.09,21.1,19.7,NA,Unknown,Water level accuracy is unknown,1,Department of Water Resources,NA,5167,United States Geological Survey,30,150,39102,46N01E06N001M,46N01E06N001M,Unknown,Unknown,1-003,Butte Valley,Siskiyou,200,Irrigation,Single Well,USGS,1952-11-10 00:00:00 - 2020-04-01 12:00:00,215,-121.918,41.8511
418512N1219183W001,1789860,1964-01-17T00:00:00Z,4247.19,4245.79,0,21.5,4225.69,21.5,20.1,NA,Unknown,Water level accuracy is unknown,1,Department of Water Resources,NA,5167,United States Geological Survey,30,150,39102,46N01E06N001M,46N01E06N001M,Unknown,Unknown,1-003,Butte Valley,Siskiyou,200,Irrigation,Single Well,USGS,1952-11-10 00:00:00 - 2020-04-01 12:00:00,215,-121.918,41.8511
418512N1219183W001,1789859,1963-12-16T00:00:00Z,4247.19,4245.79,0,21.9,4225.29,21.9,20.5,NA,Unknown,Water level accuracy is unknown,1,Department of Water Resources,NA,5167,United States Geological Survey,30,150,39102,46N01E06N001M,46N01E06N001M,Unknown,Unknown,1-003,Butte Valley,Siskiyou,200,Irrigation,Single Well,USGS,1952-11-10 00:00:00 - 2020-04-01 12:00:00,215,-121.918,41.8511
418512N1219183W001,1789858,1963-11-22T00:00:00Z,4247.19,4245.79,0,22.4,4224.79,22.4,21,NA,Unknown,Water level accuracy is unknown,1,Department of Water Resources,NA,5167,United States Geological Survey,30,150,39102,46N01E06N001M,46N01E06N001M,Unknown,Unknown,1-003,Butte Valley,Siskiyou,200,Irrigation,Single Well,USGS,1952-11-10 00:00:00 - 2020-04-01 12:00:00,215,-121.918,41.8511
418512N1219183W001,1789857,1963-10-25T00:00:00Z,4247.19,4245.79,0,23.4,4223.79,23.4,22,NA,Unknown,Water level accuracy is unknown,1,Department of Water Resources,NA,5167,United States Geological Survey,30,150,39102,46N01E06N001M,46N01E06N001M,Unknown,Unknown,1-003,Butte Valley,Siskiyou,200,Irrigation,Single Well,USGS,1952-11-10 00:00:00 - 2020-04-01 12:00:00,215,-121.918,41.8511
418512N1219183W001,1789856,1963-09-20T00:00:00Z,4247.19,4245.79,0,25.3,4221.89,25.3,23.9,NA,Unknown,Water level accuracy is unknown,1,Department of Water Resources,NA,5167,United States Geological Survey,30,150,39102,46N01E06N001M,46N01E06N001M,Unknown,Unknown,1-003,Butte Valley,Siskiyou,200,Irrigation,Single Well,USGS,1952-11-10 00:00:00 - 2020-04-01 12:00:00,215,-121.918,41.8511
418512N1219183W001,1789855,1963-08-21T00:00:00Z,4247.19,4245.79,0,30.5,4216.69,30.5,29.1,NA,Unknown,Water level accuracy is unknown,1,Department of Water Resources,NA,5167,United States Geological Survey,30,150,39102,46N01E06N001M,46N01E06N001M,Unknown,Unknown,1-003,Butte Valley,Siskiyou,200,Irrigation,Single Well,USGS,1952-11-10 00:00:00 - 2020-04-01 12:00:00,215,-121.918,41.8511
418512N1219183W001,1789854,1963-07-12T00:00:00Z,4247.19,4245.79,0,23.9,4223.29,23.9,22.5,NA,Unknown,Water level accuracy is unknown,1,Department of Water Resources,NA,5167,United States Geological Survey,30,150,39102,46N01E06N001M,46N01E06N001M,Unknown,Unknown,1-003,Butte Valley,Siskiyou,200,Irrigation,Single Well,USGS,1952-11-10 00:00:00 - 2020-04-01 12:00:00,215,-121.918,41.8511
418512N1219183W001,1789853,1963-06-20T00:00:00Z,4247.19,4245.79,0,22.8,4224.39,22.8,21.4,NA,Unknown,Water level accuracy is unknown,1,Department of Water Resources,NA,5167,United States Geological Survey,30,150,39102,46N01E06N001M,46N01E06N001M,Unknown,Unknown,1-003,Butte Valley,Siskiyou,200,Irrigation,Single Well,USGS,1952-11-10 00:00:00 - 2020-04-01 12:00:00,215,-121.918,41.8511
418512N1219183W001,1789852,1963-05-22T00:00:00Z,4247.19,4245.79,0,25,4222.19,25,23.6,NA,Unknown,Water level accuracy is unknown,1,Department of Water Resources,NA,5167,United States Geological Survey,30,150,39102,46N01E06N001M,46N01E06N001M,Unknown,Unknown,1-003,Butte Valley,Siskiyou,200,Irrigation,Single Well,USGS,1952-11-10 00:00:00 - 2020-04-01 12:00:00,215,-121.918,41.8511
418512N1219183W001,1789851,1963-04-25T00:00:00Z,4247.19,4245.79,0,20.7,4226.49,20.7,19.3,NA,Unknown,Water level accuracy is unknown,1,Department of Water Resources,NA,5167,United States Geological Survey,30,150,39102,46N01E06N001M,46N01E06N001M,Unknown,Unknown,1-003,Butte Valley,Siskiyou,200,Irrigation,Single Well,USGS,1952-11-10 00:00:00 - 2020-04-01 12:00:00,215,-121.918,41.8511
418512N1219183W001,1789850,1963-03-21T00:00:00Z,4247.19,4245.79,0,21.2,4225.99,21.2,19.8,NA,Unknown,Water level accuracy is unknown,1,Department of Water Resources,NA,5167,United States Geological Survey,30,150,39102,46N01E06N001M,46N01E06N001M,Unknown,Unknown,1-003,Butte Valley,Siskiyou,200,Irrigation,Single Well,USGS,1952-11-10 00:00:00 - 2020-04-01 12:00:00,215,-121.918,41.8511
418512N1219183W001,1789849,1963-02-20T00:00:00Z,4247.19,4245.79,0,21.8,4225.39,21.8,20.4,NA,Unknown,Water level accuracy is unknown,1,Department of Water Resources,NA,5167,United States Geological Survey,30,150,39102,46N01E06N001M,46N01E06N001M,Unknown,Unknown,1-003,Butte Valley,Siskiyou,200,Irrigation,Single Well,USGS,1952-11-10 00:00:00 - 2020-04-01 12:00:00,215,-121.918,41.8511
418512N1219183W001,1789848,1962-11-28T00:00:00Z,4247.19,4245.79,0,23.4,4223.79,23.4,22,NA,Unknown,Water level accuracy is unknown,1,Department of Water Resources,NA,5167,United States Geological Survey,30,150,39102,46N01E06N001M,46N01E06N001M,Unknown,Unknown,1-003,Butte Valley,Siskiyou,200,Irrigation,Single Well,USGS,1952-11-10 00:00:00 - 2020-04-01 12:00:00,215,-121.918,41.8511
418512N1219183W001,1789847,1962-10-22T00:00:00Z,4247.19,4245.79,0,24.7,4222.49,24.7,23.3,NA,Unknown,Water level accuracy is unknown,1,Department of Water Resources,NA,5167,United States Geological Survey,30,150,39102,46N01E06N001M,46N01E06N001M,Unknown,Unknown,1-003,Butte Valley,Siskiyou,200,Irrigation,Single Well,USGS,1952-11-10 00:00:00 - 2020-04-01 12:00:00,215,-121.918,41.8511
418512N1219183W001,1789846,1962-09-21T00:00:00Z,4247.19,4245.79,0,25.6,4221.59,25.6,24.2,NA,Unknown,Water level accuracy is unknown,1,Department of Water Resources,NA,5167,United States Geological Survey,30,150,39102,46N01E06N001M,46N01E06N001M,Unknown,Unknown,1-003,Butte Valley,Siskiyou,200,Irrigation,Single Well,USGS,1952-11-10 00:00:00 - 2020-04-01 12:00:00,215,-121.918,41.8511
418512N1219183W001,1789845,1962-08-23T00:00:00Z,4247.19,4245.79,0,29.4,4217.79,29.4,28,NA,Unknown,Water level accuracy is unknown,1,Department of Water Resources,NA,5167,United States Geological Survey,30,150,39102,46N01E06N001M,46N01E06N001M,Unknown,Unknown,1-003,Butte Valley,Siskiyou,200,Irrigation,Single Well,USGS,1952-11-10 00:00:00 - 2020-04-01 12:00:00,215,-121.918,41.8511
418512N1219183W001,1789844,1962-07-26T00:00:00Z,4247.19,4245.79,0,31.9,4215.29,31.9,30.5,NA,Unknown,Water level accuracy is unknown,1,Department of Water Resources,NA,5167,United States Geological Survey,30,150,39102,46N01E06N001M,46N01E06N001M,Unknown,Unknown,1-003,Butte Valley,Siskiyou,200,Irrigation,Single Well,USGS,1952-11-10 00:00:00 - 2020-04-01 12:00:00,215,-121.918,41.8511
418512N1219183W001,1789843,1962-06-27T00:00:00Z,4247.19,4245.79,0,29.5,4217.69,29.5,28.1,NA,Unknown,Water level accuracy is unknown,1,Department of Water Resources,NA,5167,United States Geological Survey,30,150,39102,46N01E06N001M,46N01E06N001M,Unknown,Unknown,1-003,Butte Valley,Siskiyou,200,Irrigation,Single Well,USGS,1952-11-10 00:00:00 - 2020-04-01 12:00:00,215,-121.918,41.8511
418512N1219183W001,1789842,1962-05-25T00:00:00Z,4247.19,4245.79,0,24.1,4223.09,24.1,22.7,NA,Unknown,Water level accuracy is unknown,1,Department of Water Resources,NA,5167,United States Geological Survey,30,150,39102,46N01E06N001M,46N01E06N001M,Unknown,Unknown,1-003,Butte Valley,Siskiyou,200,Irrigation,Single Well,USGS,1952-11-10 00:00:00 - 2020-04-01 12:00:00,215,-121.918,41.8511
418512N1219183W001,1789841,1962-02-28T00:00:00Z,4247.19,4245.79,0,21.2,4225.99,21.2,19.8,NA,Unknown,Water level accuracy is unknown,1,Department of Water Resources,NA,5167,United States Geological Survey,30,150,39102,46N01E06N001M,46N01E06N001M,Unknown,Unknown,1-003,Butte Valley,Siskiyou,200,Irrigation,Single Well,USGS,1952-11-10 00:00:00 - 2020-04-01 12:00:00,215,-121.918,41.8511
418512N1219183W001,1789840,1962-01-25T00:00:00Z,4247.19,4245.79,0,24.4,4222.79,24.4,23,NA,Unknown,Water level accuracy is unknown,1,Department of Water Resources,NA,5167,United States Geological Survey,30,150,39102,46N01E06N001M,46N01E06N001M,Unknown,Unknown,1-003,Butte Valley,Siskiyou,200,Irrigation,Single Well,USGS,1952-11-10 00:00:00 - 2020-04-01 12:00:00,215,-121.918,41.8511
418512N1219183W001,1789839,1961-12-28T00:00:00Z,4247.19,4245.79,0,23,4224.19,23,21.6,NA,Unknown,Water level accuracy is unknown,1,Department of Water Resources,NA,5167,United States Geological Survey,30,150,39102,46N01E06N001M,46N01E06N001M,Unknown,Unknown,1-003,Butte Valley,Siskiyou,200,Irrigation,Single Well,USGS,1952-11-10 00:00:00 - 2020-04-01 12:00:00,215,-121.918,41.8511
418512N1219183W001,1789838,1961-11-29T00:00:00Z,4247.19,4245.79,0,23.4,4223.79,23.4,22,NA,Unknown,Water level accuracy is unknown,1,Department of Water Resources,NA,5167,United States Geological Survey,30,150,39102,46N01E06N001M,46N01E06N001M,Unknown,Unknown,1-003,Butte Valley,Siskiyou,200,Irrigation,Single Well,USGS,1952-11-10 00:00:00 - 2020-04-01 12:00:00,215,-121.918,41.8511
418512N1219183W001,1789837,1961-10-25T00:00:00Z,4247.19,4245.79,0,24.4,4222.79,24.4,23,NA,Unknown,Water level accuracy is unknown,1,Department of Water Resources,NA,5167,United States Geological Survey,30,150,39102,46N01E06N001M,46N01E06N001M,Unknown,Unknown,1-003,Butte Valley,Siskiyou,200,Irrigation,Single Well,USGS,1952-11-10 00:00:00 - 2020-04-01 12:00:00,215,-121.918,41.8511
418512N1219183W001,1789836,1961-09-29T00:00:00Z,4247.19,4245.79,0,19.7,4227.49,19.7,18.3,NA,Unknown,Water level accuracy is unknown,1,Department of Water Resources,NA,5167,United States Geological Survey,30,150,39102,46N01E06N001M,46N01E06N001M,Unknown,Unknown,1-003,Butte Valley,Siskiyou,200,Irrigation,Single Well,USGS,1952-11-10 00:00:00 - 2020-04-01 12:00:00,215,-121.918,41.8511
418512N1219183W001,1789835,1961-08-31T00:00:00Z,4247.19,4245.79,0,31.6,4215.59,31.6,30.2,NA,Unknown,Water level accuracy is unknown,1,Department of Water Resources,NA,5167,United States Geological Survey,30,150,39102,46N01E06N001M,46N01E06N001M,Unknown,Unknown,1-003,Butte Valley,Siskiyou,200,Irrigation,Single Well,USGS,1952-11-10 00:00:00 - 2020-04-01 12:00:00,215,-121.918,41.8511
418512N1219183W001,1789834,1961-07-28T00:00:00Z,4247.19,4245.79,0,31.4,4215.79,31.4,30,NA,Unknown,Water level accuracy is unknown,1,Department of Water Resources,NA,5167,United States Geological Survey,30,150,39102,46N01E06N001M,46N01E06N001M,Unknown,Unknown,1-003,Butte Valley,Siskiyou,200,Irrigation,Single Well,USGS,1952-11-10 00:00:00 - 2020-04-01 12:00:00,215,-121.918,41.8511
418512N1219183W001,1789833,1961-06-28T00:00:00Z,4247.19,4245.79,0,28.3,4218.89,28.3,26.9,NA,Unknown,Water level accuracy is unknown,1,Department of Water Resources,NA,5167,United States Geological Survey,30,150,39102,46N01E06N001M,46N01E06N001M,Unknown,Unknown,1-003,Butte Valley,Siskiyou,200,Irrigation,Single Well,USGS,1952-11-10 00:00:00 - 2020-04-01 12:00:00,215,-121.918,41.8511
418512N1219183W001,1789832,1961-05-17T00:00:00Z,4247.19,4245.79,0,25.7,4221.49,25.7,24.3,NA,Unknown,Water level accuracy is unknown,1,Department of Water Resources,NA,5167,United States Geological Survey,30,150,39102,46N01E06N001M,46N01E06N001M,Unknown,Unknown,1-003,Butte Valley,Siskiyou,200,Irrigation,Single Well,USGS,1952-11-10 00:00:00 - 2020-04-01 12:00:00,215,-121.918,41.8511
418512N1219183W001,1789831,1961-04-28T00:00:00Z,4247.19,4245.79,0,20.9,4226.29,20.9,19.5,NA,Unknown,Water level accuracy is unknown,1,Department of Water Resources,NA,5167,United States Geological Survey,30,150,39102,46N01E06N001M,46N01E06N001M,Unknown,Unknown,1-003,Butte Valley,Siskiyou,200,Irrigation,Single Well,USGS,1952-11-10 00:00:00 - 2020-04-01 12:00:00,215,-121.918,41.8511
418512N1219183W001,1789830,1961-03-29T00:00:00Z,4247.19,4245.79,0,21.7,4225.49,21.7,20.3,NA,Unknown,Water level accuracy is unknown,1,Department of Water Resources,NA,5167,United States Geological Survey,30,150,39102,46N01E06N001M,46N01E06N001M,Unknown,Unknown,1-003,Butte Valley,Siskiyou,200,Irrigation,Single Well,USGS,1952-11-10 00:00:00 - 2020-04-01 12:00:00,215,-121.918,41.8511
418512N1219183W001,1789829,1961-02-22T00:00:00Z,4247.19,4245.79,0,21.8,4225.39,21.8,20.4,NA,Unknown,Water level accuracy is unknown,1,Department of Water Resources,NA,5167,United States Geological Survey,30,150,39102,46N01E06N001M,46N01E06N001M,Unknown,Unknown,1-003,Butte Valley,Siskiyou,200,Irrigation,Single Well,USGS,1952-11-10 00:00:00 - 2020-04-01 12:00:00,215,-121.918,41.8511
418512N1219183W001,1789828,1961-01-25T00:00:00Z,4247.19,4245.79,0,22.9,4224.29,22.9,21.5,NA,Unknown,Water level accuracy is unknown,1,Department of Water Resources,NA,5167,United States Geological Survey,30,150,39102,46N01E06N001M,46N01E06N001M,Unknown,Unknown,1-003,Butte Valley,Siskiyou,200,Irrigation,Single Well,USGS,1952-11-10 00:00:00 - 2020-04-01 12:00:00,215,-121.918,41.8511
418512N1219183W001,1789827,1960-12-29T00:00:00Z,4247.19,4245.79,0,22,4225.19,22,20.6,NA,Unknown,Water level accuracy is unknown,1,Department of Water Resources,NA,5167,United States Geological Survey,30,150,39102,46N01E06N001M,46N01E06N001M,Unknown,Unknown,1-003,Butte Valley,Siskiyou,200,Irrigation,Single Well,USGS,1952-11-10 00:00:00 - 2020-04-01 12:00:00,215,-121.918,41.8511
418512N1219183W001,1789826,1960-11-16T00:00:00Z,4247.19,4245.79,0,22.9,4224.29,22.9,21.5,NA,Unknown,Water level accuracy is unknown,1,Department of Water Resources,NA,5167,United States Geological Survey,30,150,39102,46N01E06N001M,46N01E06N001M,Unknown,Unknown,1-003,Butte Valley,Siskiyou,200,Irrigation,Single Well,USGS,1952-11-10 00:00:00 - 2020-04-01 12:00:00,215,-121.918,41.8511
418512N1219183W001,1789825,1960-10-26T00:00:00Z,4247.19,4245.79,0,23.4,4223.79,23.4,22,NA,Unknown,Water level accuracy is unknown,1,Department of Water Resources,NA,5167,United States Geological Survey,30,150,39102,46N01E06N001M,46N01E06N001M,Unknown,Unknown,1-003,Butte Valley,Siskiyou,200,Irrigation,Single Well,USGS,1952-11-10 00:00:00 - 2020-04-01 12:00:00,215,-121.918,41.8511
418512N1219183W001,1789824,1960-09-21T00:00:00Z,4247.19,4245.79,0,25,4222.19,25,23.6,NA,Unknown,Water level accuracy is unknown,1,Department of Water Resources,NA,5167,United States Geological Survey,30,150,39102,46N01E06N001M,46N01E06N001M,Unknown,Unknown,1-003,Butte Valley,Siskiyou,200,Irrigation,Single Well,USGS,1952-11-10 00:00:00 - 2020-04-01 12:00:00,215,-121.918,41.8511
418512N1219183W001,1789823,1960-08-24T00:00:00Z,4247.19,4245.79,0,30.9,4216.29,30.9,29.5,NA,Unknown,Water level accuracy is unknown,1,Department of Water Resources,NA,5167,United States Geological Survey,30,150,39102,46N01E06N001M,46N01E06N001M,Unknown,Unknown,1-003,Butte Valley,Siskiyou,200,Irrigation,Single Well,USGS,1952-11-10 00:00:00 - 2020-04-01 12:00:00,215,-121.918,41.8511
418512N1219183W001,1789822,1960-07-21T00:00:00Z,4247.19,4245.79,0,29,4218.19,29,27.6,NA,Unknown,Water level accuracy is unknown,1,Department of Water Resources,NA,5167,United States Geological Survey,30,150,39102,46N01E06N001M,46N01E06N001M,Unknown,Unknown,1-003,Butte Valley,Siskiyou,200,Irrigation,Single Well,USGS,1952-11-10 00:00:00 - 2020-04-01 12:00:00,215,-121.918,41.8511
418512N1219183W001,1789821,1960-06-23T00:00:00Z,4247.19,4245.79,0,28.3,4218.89,28.3,26.9,NA,Unknown,Water level accuracy is unknown,1,Department of Water Resources,NA,5167,United States Geological Survey,30,150,39102,46N01E06N001M,46N01E06N001M,Unknown,Unknown,1-003,Butte Valley,Siskiyou,200,Irrigation,Single Well,USGS,1952-11-10 00:00:00 - 2020-04-01 12:00:00,215,-121.918,41.8511
418512N1219183W001,1789820,1960-05-26T00:00:00Z,4247.19,4245.79,0,21.4,4225.79,21.4,20,NA,Unknown,Water level accuracy is unknown,1,Department of Water Resources,NA,5167,United States Geological Survey,30,150,39102,46N01E06N001M,46N01E06N001M,Unknown,Unknown,1-003,Butte Valley,Siskiyou,200,Irrigation,Single Well,USGS,1952-11-10 00:00:00 - 2020-04-01 12:00:00,215,-121.918,41.8511
418512N1219183W001,1789819,1960-04-28T00:00:00Z,4247.19,4245.79,0,20,4227.19,20,18.6,NA,Unknown,Water level accuracy is unknown,1,Department of Water Resources,NA,5167,United States Geological Survey,30,150,39102,46N01E06N001M,46N01E06N001M,Unknown,Unknown,1-003,Butte Valley,Siskiyou,200,Irrigation,Single Well,USGS,1952-11-10 00:00:00 - 2020-04-01 12:00:00,215,-121.918,41.8511
418512N1219183W001,1789818,1960-03-30T00:00:00Z,4247.19,4245.79,0,19.9,4227.29,19.9,18.5,NA,Unknown,Water level accuracy is unknown,1,Department of Water Resources,NA,5167,United States Geological Survey,30,150,39102,46N01E06N001M,46N01E06N001M,Unknown,Unknown,1-003,Butte Valley,Siskiyou,200,Irrigation,Single Well,USGS,1952-11-10 00:00:00 - 2020-04-01 12:00:00,215,-121.918,41.8511
418512N1219183W001,1789817,1960-02-18T00:00:00Z,4247.19,4245.79,0,20.1,4227.09,20.1,18.7,NA,Unknown,Water level accuracy is unknown,1,Department of Water Resources,NA,5167,United States Geological Survey,30,150,39102,46N01E06N001M,46N01E06N001M,Unknown,Unknown,1-003,Butte Valley,Siskiyou,200,Irrigation,Single Well,USGS,1952-11-10 00:00:00 - 2020-04-01 12:00:00,215,-121.918,41.8511
418512N1219183W001,1789816,1960-01-28T00:00:00Z,4247.19,4245.79,0,20.4,4226.79,20.4,19,NA,Unknown,Water level accuracy is unknown,1,Department of Water Resources,NA,5167,United States Geological Survey,30,150,39102,46N01E06N001M,46N01E06N001M,Unknown,Unknown,1-003,Butte Valley,Siskiyou,200,Irrigation,Single Well,USGS,1952-11-10 00:00:00 - 2020-04-01 12:00:00,215,-121.918,41.8511
418512N1219183W001,1789815,1959-12-17T00:00:00Z,4247.19,4245.79,0,20.8,4226.39,20.8,19.4,NA,Unknown,Water level accuracy is unknown,1,Department of Water Resources,NA,5167,United States Geological Survey,30,150,39102,46N01E06N001M,46N01E06N001M,Unknown,Unknown,1-003,Butte Valley,Siskiyou,200,Irrigation,Single Well,USGS,1952-11-10 00:00:00 - 2020-04-01 12:00:00,215,-121.918,41.8511
418512N1219183W001,1789814,1959-11-19T00:00:00Z,4247.19,4245.79,0,21.5,4225.69,21.5,20.1,NA,Unknown,Water level accuracy is unknown,1,Department of Water Resources,NA,5167,United States Geological Survey,30,150,39102,46N01E06N001M,46N01E06N001M,Unknown,Unknown,1-003,Butte Valley,Siskiyou,200,Irrigation,Single Well,USGS,1952-11-10 00:00:00 - 2020-04-01 12:00:00,215,-121.918,41.8511
418512N1219183W001,1789813,1959-10-29T00:00:00Z,4247.19,4245.79,0,22.2,4224.99,22.2,20.8,NA,Unknown,Water level accuracy is unknown,1,Department of Water Resources,NA,5167,United States Geological Survey,30,150,39102,46N01E06N001M,46N01E06N001M,Unknown,Unknown,1-003,Butte Valley,Siskiyou,200,Irrigation,Single Well,USGS,1952-11-10 00:00:00 - 2020-04-01 12:00:00,215,-121.918,41.8511
418512N1219183W001,1789812,1959-09-24T00:00:00Z,4247.19,4245.79,0,24,4223.19,24,22.6,NA,Unknown,Water level accuracy is unknown,1,Department of Water Resources,NA,5167,United States Geological Survey,30,150,39102,46N01E06N001M,46N01E06N001M,Unknown,Unknown,1-003,Butte Valley,Siskiyou,200,Irrigation,Single Well,USGS,1952-11-10 00:00:00 - 2020-04-01 12:00:00,215,-121.918,41.8511
418512N1219183W001,1789811,1959-08-27T00:00:00Z,4247.19,4245.79,0,28.4,4218.79,28.4,27,NA,Unknown,Water level accuracy is unknown,1,Department of Water Resources,NA,5167,United States Geological Survey,30,150,39102,46N01E06N001M,46N01E06N001M,Unknown,Unknown,1-003,Butte Valley,Siskiyou,200,Irrigation,Single Well,USGS,1952-11-10 00:00:00 - 2020-04-01 12:00:00,215,-121.918,41.8511
418512N1219183W001,1789810,1959-07-22T00:00:00Z,4247.19,4245.79,0,29.6,4217.59,29.6,28.2,NA,Unknown,Water level accuracy is unknown,1,Department of Water Resources,NA,5167,United States Geological Survey,30,150,39102,46N01E06N001M,46N01E06N001M,Unknown,Unknown,1-003,Butte Valley,Siskiyou,200,Irrigation,Single Well,USGS,1952-11-10 00:00:00 - 2020-04-01 12:00:00,215,-121.918,41.8511
418512N1219183W001,1789809,1959-06-25T00:00:00Z,4247.19,4245.79,0,27.8,4219.39,27.8,26.4,NA,Unknown,Water level accuracy is unknown,1,Department of Water Resources,NA,5167,United States Geological Survey,30,150,39102,46N01E06N001M,46N01E06N001M,Unknown,Unknown,1-003,Butte Valley,Siskiyou,200,Irrigation,Single Well,USGS,1952-11-10 00:00:00 - 2020-04-01 12:00:00,215,-121.918,41.8511
418512N1219183W001,1789808,1959-05-21T00:00:00Z,4247.19,4245.79,0,21.9,4225.29,21.9,20.5,NA,Unknown,Water level accuracy is unknown,1,Department of Water Resources,NA,5167,United States Geological Survey,30,150,39102,46N01E06N001M,46N01E06N001M,Unknown,Unknown,1-003,Butte Valley,Siskiyou,200,Irrigation,Single Well,USGS,1952-11-10 00:00:00 - 2020-04-01 12:00:00,215,-121.918,41.8511
418512N1219183W001,1789807,1959-04-23T00:00:00Z,4247.19,4245.79,0,19.6,4227.59,19.6,18.2,NA,Unknown,Water level accuracy is unknown,1,Department of Water Resources,NA,5167,United States Geological Survey,30,150,39102,46N01E06N001M,46N01E06N001M,Unknown,Unknown,1-003,Butte Valley,Siskiyou,200,Irrigation,Single Well,USGS,1952-11-10 00:00:00 - 2020-04-01 12:00:00,215,-121.918,41.8511
418512N1219183W001,1789806,1959-03-19T00:00:00Z,4247.19,4245.79,0,18.5,4228.69,18.5,17.1,NA,Unknown,Water level accuracy is unknown,1,Department of Water Resources,NA,5167,United States Geological Survey,30,150,39102,46N01E06N001M,46N01E06N001M,Unknown,Unknown,1-003,Butte Valley,Siskiyou,200,Irrigation,Single Well,USGS,1952-11-10 00:00:00 - 2020-04-01 12:00:00,215,-121.918,41.8511
418512N1219183W001,1789805,1959-02-17T00:00:00Z,4247.19,4245.79,0,19.5,4227.69,19.5,18.1,NA,Unknown,Water level accuracy is unknown,1,Department of Water Resources,NA,5167,United States Geological Survey,30,150,39102,46N01E06N001M,46N01E06N001M,Unknown,Unknown,1-003,Butte Valley,Siskiyou,200,Irrigation,Single Well,USGS,1952-11-10 00:00:00 - 2020-04-01 12:00:00,215,-121.918,41.8511
418512N1219183W001,1789804,1959-01-21T00:00:00Z,4247.19,4245.79,0,18.7,4228.49,18.7,17.3,NA,Unknown,Water level accuracy is unknown,1,Department of Water Resources,NA,5167,United States Geological Survey,30,150,39102,46N01E06N001M,46N01E06N001M,Unknown,Unknown,1-003,Butte Valley,Siskiyou,200,Irrigation,Single Well,USGS,1952-11-10 00:00:00 - 2020-04-01 12:00:00,215,-121.918,41.8511
418512N1219183W001,1789803,1958-12-19T00:00:00Z,4247.19,4245.79,0,18.9,4228.29,18.9,17.5,NA,Unknown,Water level accuracy is unknown,1,Department of Water Resources,NA,5167,United States Geological Survey,30,150,39102,46N01E06N001M,46N01E06N001M,Unknown,Unknown,1-003,Butte Valley,Siskiyou,200,Irrigation,Single Well,USGS,1952-11-10 00:00:00 - 2020-04-01 12:00:00,215,-121.918,41.8511
418512N1219183W001,1789802,1958-11-19T00:00:00Z,4247.19,4245.79,0,19.3,4227.89,19.3,17.9,NA,Unknown,Water level accuracy is unknown,1,Department of Water Resources,NA,5167,United States Geological Survey,30,150,39102,46N01E06N001M,46N01E06N001M,Unknown,Unknown,1-003,Butte Valley,Siskiyou,200,Irrigation,Single Well,USGS,1952-11-10 00:00:00 - 2020-04-01 12:00:00,215,-121.918,41.8511
418512N1219183W001,1789801,1958-10-17T00:00:00Z,4247.19,4245.79,0,19.7,4227.49,19.7,18.3,NA,Unknown,Water level accuracy is unknown,1,Department of Water Resources,NA,5167,United States Geological Survey,30,150,39102,46N01E06N001M,46N01E06N001M,Unknown,Unknown,1-003,Butte Valley,Siskiyou,200,Irrigation,Single Well,USGS,1952-11-10 00:00:00 - 2020-04-01 12:00:00,215,-121.918,41.8511
418512N1219183W001,1789800,1958-10-09T00:00:00Z,4247.19,4245.79,NA,NA,NA,NA,NA,Pumping,NA,NA,1,Department of Water Resources,NA,624,Bureau of Reclamation,30,150,39102,46N01E06N001M,46N01E06N001M,Unknown,Unknown,1-003,Butte Valley,Siskiyou,200,Irrigation,Single Well,USGS,1952-11-10 00:00:00 - 2020-04-01 12:00:00,215,-121.918,41.8511
418512N1219183W001,1789799,1958-05-01T00:00:00Z,4247.19,4245.79,NA,NA,NA,NA,NA,Pumping,NA,NA,1,Department of Water Resources,NA,624,Bureau of Reclamation,30,150,39102,46N01E06N001M,46N01E06N001M,Unknown,Unknown,1-003,Butte Valley,Siskiyou,200,Irrigation,Single Well,USGS,1952-11-10 00:00:00 - 2020-04-01 12:00:00,215,-121.918,41.8511
418512N1219183W001,1789798,1957-09-25T00:00:00Z,4247.19,4245.79,0,23.7,4223.49,23.7,22.3,NA,Unknown,Water level accuracy is unknown,1,Department of Water Resources,NA,624,Bureau of Reclamation,30,150,39102,46N01E06N001M,46N01E06N001M,Unknown,Unknown,1-003,Butte Valley,Siskiyou,200,Irrigation,Single Well,USGS,1952-11-10 00:00:00 - 2020-04-01 12:00:00,215,-121.918,41.8511
418512N1219183W001,1789797,1956-05-02T00:00:00Z,4247.19,4245.79,0,21.2,4225.99,21.2,19.8,NA,Unknown,Water level accuracy is unknown,1,Department of Water Resources,NA,624,Bureau of Reclamation,30,150,39102,46N01E06N001M,46N01E06N001M,Unknown,Unknown,1-003,Butte Valley,Siskiyou,200,Irrigation,Single Well,USGS,1952-11-10 00:00:00 - 2020-04-01 12:00:00,215,-121.918,41.8511
418512N1219183W001,1789796,1955-10-03T00:00:00Z,4247.19,4245.79,0,25.2,4221.99,25.2,23.8,NA,Unknown,Water level accuracy is unknown,1,Department of Water Resources,NA,624,Bureau of Reclamation,30,150,39102,46N01E06N001M,46N01E06N001M,Unknown,Unknown,1-003,Butte Valley,Siskiyou,200,Irrigation,Single Well,USGS,1952-11-10 00:00:00 - 2020-04-01 12:00:00,215,-121.918,41.8511
418512N1219183W001,1789795,1954-09-28T00:00:00Z,4247.19,4245.79,0,24.8,4222.39,24.8,23.4,NA,Unknown,Water level accuracy is unknown,1,Department of Water Resources,NA,5167,United States Geological Survey,30,150,39102,46N01E06N001M,46N01E06N001M,Unknown,Unknown,1-003,Butte Valley,Siskiyou,200,Irrigation,Single Well,USGS,1952-11-10 00:00:00 - 2020-04-01 12:00:00,215,-121.918,41.8511
418512N1219183W001,1789794,1954-05-05T00:00:00Z,4247.19,4245.79,0,22.7,4224.49,22.7,21.3,NA,Unknown,Water level accuracy is unknown,1,Department of Water Resources,NA,5167,United States Geological Survey,30,150,39102,46N01E06N001M,46N01E06N001M,Unknown,Unknown,1-003,Butte Valley,Siskiyou,200,Irrigation,Single Well,USGS,1952-11-10 00:00:00 - 2020-04-01 12:00:00,215,-121.918,41.8511
418512N1219183W001,1789793,1953-11-15T00:00:00Z,4247.19,4245.79,0,24.1,4223.09,24.1,22.7,NA,Unknown,Water level accuracy is unknown,1,Department of Water Resources,NA,5167,United States Geological Survey,30,150,39102,46N01E06N001M,46N01E06N001M,Unknown,Unknown,1-003,Butte Valley,Siskiyou,200,Irrigation,Single Well,USGS,1952-11-10 00:00:00 - 2020-04-01 12:00:00,215,-121.918,41.8511
418512N1219183W001,1789792,1953-10-30T00:00:00Z,4247.19,4245.79,0,24.1,4223.09,24.1,22.7,NA,Unknown,Water level accuracy is unknown,1,Department of Water Resources,NA,5167,United States Geological Survey,30,150,39102,46N01E06N001M,46N01E06N001M,Unknown,Unknown,1-003,Butte Valley,Siskiyou,200,Irrigation,Single Well,USGS,1952-11-10 00:00:00 - 2020-04-01 12:00:00,215,-121.918,41.8511
418512N1219183W001,1789791,1953-04-01T00:00:00Z,4247.19,4245.79,0,23.2,4223.99,23.2,21.8,NA,Unknown,Water level accuracy is unknown,1,Department of Water Resources,NA,624,Bureau of Reclamation,30,150,39102,46N01E06N001M,46N01E06N001M,Unknown,Unknown,1-003,Butte Valley,Siskiyou,200,Irrigation,Single Well,USGS,1952-11-10 00:00:00 - 2020-04-01 12:00:00,215,-121.918,41.8511
418512N1219183W001,1789790,1952-11-10T00:00:00Z,4247.19,4245.79,0,22.9,4224.29,22.9,21.5,NA,Unknown,Water level accuracy is unknown,1,Department of Water Resources,NA,624,Bureau of Reclamation,30,150,39102,46N01E06N001M,46N01E06N001M,Unknown,Unknown,1-003,Butte Valley,Siskiyou,200,Irrigation,Single Well,USGS,1952-11-10 00:00:00 - 2020-04-01 12:00:00,215,-121.918,41.8511
