SITE_CODE,WLM_ID,MSMT_DATE,WLM_RPE,WLM_GSE,RDNG_WS,RDNG_RP,WSE,RPE_WSE,GSE_WSE,WLM_QA_DESC,WLM_DESC,WLM_ACC_DESC,WLM_ORG_ID,WLM_ORG_NAME,MSMT_CMT,COOP_AGENCY_ORG_ID,COOP_ORG_NAME,TOP_PRF,BOT_PRF,STN_ID,SWN,WELL_NAME,WLM_METHOD,WLM_ACC,BASIN_CODE,BASIN_NAME,COUNTY_NAME,WELL_DEPTH,WELL_USE,WELL_TYPE,WCR_NO,t_range,n_samples,X,Y
418661N1219587W001,2619124,2020-04-01T12:00:00Z,4243.5,4240.8,9.1,55,4197.6,45.9,43.2,NA,Steel tape measurement,Water level accuracy to nearest tenth of a foot,1,Department of Water Resources,NA,1,Department of Water Resources,60,304,37473,47N01W34Q001M,47N01W34Q001M,USGS quad,5 ft.,1-003,Butte Valley,Siskiyou,358,Irrigation,Single Well,7399,1953-10-30 00:00:00 - 2020-04-01 12:00:00,90,-121.965,41.866
418661N1219587W001,2453079,2019-04-03T12:00:00Z,4243.5,4240.8,24.6,70,4198.1,45.4,42.7,NA,Steel tape measurement,Water level accuracy to nearest tenth of a foot,1,Department of Water Resources,NA,1,Department of Water Resources,60,304,37473,47N01W34Q001M,47N01W34Q001M,USGS quad,5 ft.,1-003,Butte Valley,Siskiyou,358,Irrigation,Single Well,7399,1953-10-30 00:00:00 - 2020-04-01 12:00:00,90,-121.965,41.866
418661N1219587W001,2413570,2018-10-30T12:00:00Z,4243.5,4240.8,7.2,60,4190.7,52.8,50.1,NA,Steel tape measurement,Water level accuracy to nearest tenth of a foot,1,Department of Water Resources,NA,1,Department of Water Resources,60,304,37473,47N01W34Q001M,47N01W34Q001M,USGS quad,5 ft.,1-003,Butte Valley,Siskiyou,358,Irrigation,Single Well,7399,1953-10-30 00:00:00 - 2020-04-01 12:00:00,90,-121.965,41.866
418661N1219587W001,2286519,2018-03-30T12:00:00Z,4243.5,4240.8,0,45.8,4197.7,45.8,43.1,NA,Electric sounder measurement,Water level accuracy to nearest tenth of a foot,1,Department of Water Resources,NA,1,Department of Water Resources,60,304,37473,47N01W34Q001M,47N01W34Q001M,USGS quad,5 ft.,1-003,Butte Valley,Siskiyou,358,Irrigation,Single Well,7399,1953-10-30 00:00:00 - 2020-04-01 12:00:00,90,-121.965,41.866
418661N1219587W001,2266646,2017-10-17T12:00:00Z,4243.5,4240.8,0,55.45,4188.05,55.45,52.75,NA,Electric sounder measurement,Water level accuracy to nearest tenth of a foot,1,Department of Water Resources,NA,1,Department of Water Resources,60,304,37473,47N01W34Q001M,47N01W34Q001M,USGS quad,5 ft.,1-003,Butte Valley,Siskiyou,358,Irrigation,Single Well,7399,1953-10-30 00:00:00 - 2020-04-01 12:00:00,90,-121.965,41.866
418661N1219587W001,2241624,2017-03-23T12:00:00Z,4243.5,4240.8,0,43.9,4199.6,43.9,41.2,NA,Electric sounder measurement,Water level accuracy to nearest tenth of a foot,1,Department of Water Resources,NA,1,Department of Water Resources,60,304,37473,47N01W34Q001M,47N01W34Q001M,USGS quad,5 ft.,1-003,Butte Valley,Siskiyou,358,Irrigation,Single Well,7399,1953-10-30 00:00:00 - 2020-04-01 12:00:00,90,-121.965,41.866
418661N1219587W001,2214915,2016-10-20T12:00:00Z,4243.5,4240.8,6.1,60,4189.6,53.9,51.2,NA,Steel tape measurement,Water level accuracy to nearest tenth of a foot,1,Department of Water Resources,NA,1,Department of Water Resources,60,304,37473,47N01W34Q001M,47N01W34Q001M,USGS quad,5 ft.,1-003,Butte Valley,Siskiyou,358,Irrigation,Single Well,7399,1953-10-30 00:00:00 - 2020-04-01 12:00:00,90,-121.965,41.866
418661N1219587W001,2184902,2016-03-22T12:00:00Z,4243.5,4240.8,4.6,50,4198.1,45.4,42.7,NA,Steel tape measurement,Water level accuracy to nearest tenth of a foot,1,Department of Water Resources,NA,1,Department of Water Resources,60,304,37473,47N01W34Q001M,47N01W34Q001M,USGS quad,5 ft.,1-003,Butte Valley,Siskiyou,358,Irrigation,Single Well,7399,1953-10-30 00:00:00 - 2020-04-01 12:00:00,90,-121.965,41.866
418661N1219587W001,2158526,2015-10-19T00:00:00Z,4243.5,4240.8,20.6,75,4189.1,54.4,51.7,NA,Steel tape measurement,Water level accuracy to nearest tenth of a foot,1,Department of Water Resources,NA,1,Department of Water Resources,60,304,37473,47N01W34Q001M,47N01W34Q001M,USGS quad,5 ft.,1-003,Butte Valley,Siskiyou,358,Irrigation,Single Well,7399,1953-10-30 00:00:00 - 2020-04-01 12:00:00,90,-121.965,41.866
418661N1219587W001,2130483,2015-03-23T00:00:00Z,4243.5,4240.8,15,60,4198.5,45,42.3,NA,Steel tape measurement,Water level accuracy to nearest tenth of a foot,1,Department of Water Resources,NA,1,Department of Water Resources,60,304,37473,47N01W34Q001M,47N01W34Q001M,USGS quad,5 ft.,1-003,Butte Valley,Siskiyou,358,Irrigation,Single Well,7399,1953-10-30 00:00:00 - 2020-04-01 12:00:00,90,-121.965,41.866
418661N1219587W001,2029094,2014-10-20T00:00:00Z,4243.5,4240.8,2.6,60,4186.1,57.4,54.7,NA,Steel tape measurement,Water level accuracy to nearest tenth of a foot,1,Department of Water Resources,NA,1,Department of Water Resources,60,304,37473,47N01W34Q001M,47N01W34Q001M,USGS quad,5 ft.,1-003,Butte Valley,Siskiyou,358,Irrigation,Single Well,7399,1953-10-30 00:00:00 - 2020-04-01 12:00:00,90,-121.965,41.866
418661N1219587W001,1885361,2014-03-24T00:00:00Z,4243.5,4240.8,6.6,50,4200.1,43.4,40.7,Oil or foreign substance in casing,Steel tape measurement,Water level accuracy to nearest tenth of a foot,1,Department of Water Resources,NA,1,Department of Water Resources,60,304,37473,47N01W34Q001M,47N01W34Q001M,USGS quad,5 ft.,1-003,Butte Valley,Siskiyou,358,Irrigation,Single Well,7399,1953-10-30 00:00:00 - 2020-04-01 12:00:00,90,-121.965,41.866
418661N1219587W001,1797533,2013-10-21T00:00:00Z,4243.5,4240.8,10.2,60,4193.7,49.8,47.1,Oil or foreign substance in casing,Steel tape measurement,Water level accuracy to nearest tenth of a foot,1,Department of Water Resources,NA,1,Department of Water Resources,60,304,37473,47N01W34Q001M,47N01W34Q001M,USGS quad,5 ft.,1-003,Butte Valley,Siskiyou,358,Irrigation,Single Well,7399,1953-10-30 00:00:00 - 2020-04-01 12:00:00,90,-121.965,41.866
418661N1219587W001,1685066,2013-03-25T00:00:00Z,4243.5,4240.8,3.1,44,4202.6,40.9,38.2,NA,Steel tape measurement,Water level accuracy to nearest tenth of a foot,1,Department of Water Resources,switched RP to sounding tube on west side of pad. measures 2.7' above GS,1,Department of Water Resources,60,304,37473,47N01W34Q001M,47N01W34Q001M,USGS quad,5 ft.,1-003,Butte Valley,Siskiyou,358,Irrigation,Single Well,7399,1953-10-30 00:00:00 - 2020-04-01 12:00:00,90,-121.965,41.866
418661N1219587W001,70282,2012-10-29T00:00:00Z,4242.8,4240.8,2,56,4188.8,54,52,NA,Steel tape measurement,Water level accuracy to nearest tenth of a foot,1,Department of Water Resources,NA,1,Department of Water Resources,60,304,37473,47N01W34Q001M,47N01W34Q001M,USGS quad,5 ft.,1-003,Butte Valley,Siskiyou,358,Irrigation,Single Well,7399,1953-10-30 00:00:00 - 2020-04-01 12:00:00,90,-121.965,41.866
418661N1219587W001,59913,2012-04-17T00:00:00Z,4242.8,4240.8,0.9,50,4193.7,49.1,47.1,Oil or foreign substance in casing,Steel tape measurement,Water level accuracy to nearest tenth of a foot,1,Department of Water Resources,NA,1,Department of Water Resources,60,304,37473,47N01W34Q001M,47N01W34Q001M,USGS quad,5 ft.,1-003,Butte Valley,Siskiyou,358,Irrigation,Single Well,7399,1953-10-30 00:00:00 - 2020-04-01 12:00:00,90,-121.965,41.866
418661N1219587W001,41190,2011-10-18T00:00:00Z,4242.8,4240.8,0,55,4187.8,55,53,NA,Steel tape measurement,Water level accuracy to nearest tenth of a foot,1,Department of Water Resources,NA,1,Department of Water Resources,60,304,37473,47N01W34Q001M,47N01W34Q001M,USGS quad,5 ft.,1-003,Butte Valley,Siskiyou,358,Irrigation,Single Well,7399,1953-10-30 00:00:00 - 2020-04-01 12:00:00,90,-121.965,41.866
418661N1219587W001,681523,2011-10-18T00:00:00Z,4242.8,4240.8,0,55,4187.8,55,53,NA,Unknown,Water level accuracy is unknown,1,Department of Water Resources,NA,1,Department of Water Resources,60,304,37473,47N01W34Q001M,47N01W34Q001M,USGS quad,5 ft.,1-003,Butte Valley,Siskiyou,358,Irrigation,Single Well,7399,1953-10-30 00:00:00 - 2020-04-01 12:00:00,90,-121.965,41.866
418661N1219587W001,681522,2011-04-20T00:00:00Z,4242.8,4240.8,0,46.1,4196.7,46.1,44.1,Oil or foreign substance in casing,Unknown,Water level accuracy is unknown,1,Department of Water Resources,NA,1,Department of Water Resources,60,304,37473,47N01W34Q001M,47N01W34Q001M,USGS quad,5 ft.,1-003,Butte Valley,Siskiyou,358,Irrigation,Single Well,7399,1953-10-30 00:00:00 - 2020-04-01 12:00:00,90,-121.965,41.866
418661N1219587W001,681521,2010-10-25T00:00:00Z,4242.8,4240.8,NA,NA,NA,NA,NA,Special/Other,NA,NA,1,Department of Water Resources,MEASURED WRONG WELL,1,Department of Water Resources,60,304,37473,47N01W34Q001M,47N01W34Q001M,USGS quad,5 ft.,1-003,Butte Valley,Siskiyou,358,Irrigation,Single Well,7399,1953-10-30 00:00:00 - 2020-04-01 12:00:00,90,-121.965,41.866
418661N1219587W001,681520,2010-03-30T00:00:00Z,4242.8,4240.8,NA,NA,NA,NA,NA,Special/Other,NA,NA,1,Department of Water Resources,MEASURED WRONG WELL,1,Department of Water Resources,60,304,37473,47N01W34Q001M,47N01W34Q001M,USGS quad,5 ft.,1-003,Butte Valley,Siskiyou,358,Irrigation,Single Well,7399,1953-10-30 00:00:00 - 2020-04-01 12:00:00,90,-121.965,41.866
418661N1219587W001,681519,2009-10-27T00:00:00Z,4242.8,4240.8,NA,NA,NA,NA,NA,Special/Other,NA,NA,1,Department of Water Resources,MEASURED WRONG WELL,1,Department of Water Resources,60,304,37473,47N01W34Q001M,47N01W34Q001M,USGS quad,5 ft.,1-003,Butte Valley,Siskiyou,358,Irrigation,Single Well,7399,1953-10-30 00:00:00 - 2020-04-01 12:00:00,90,-121.965,41.866
418661N1219587W001,681518,2009-04-08T00:00:00Z,4242.8,4240.8,NA,NA,NA,NA,NA,Special/Other,NA,NA,1,Department of Water Resources,MEASURED WRONG WELL,1,Department of Water Resources,60,304,37473,47N01W34Q001M,47N01W34Q001M,USGS quad,5 ft.,1-003,Butte Valley,Siskiyou,358,Irrigation,Single Well,7399,1953-10-30 00:00:00 - 2020-04-01 12:00:00,90,-121.965,41.866
418661N1219587W001,681517,2008-10-30T00:00:00Z,4242.8,4240.8,NA,NA,NA,NA,NA,Special/Other,NA,NA,1,Department of Water Resources,MEASURED WRONG WELL,1,Department of Water Resources,60,304,37473,47N01W34Q001M,47N01W34Q001M,USGS quad,5 ft.,1-003,Butte Valley,Siskiyou,358,Irrigation,Single Well,7399,1953-10-30 00:00:00 - 2020-04-01 12:00:00,90,-121.965,41.866
418661N1219587W001,681516,2008-04-04T00:00:00Z,4242.8,4240.8,NA,NA,NA,NA,NA,Special/Other,NA,NA,1,Department of Water Resources,MEASURED WRONG WELL,1,Department of Water Resources,60,304,37473,47N01W34Q001M,47N01W34Q001M,USGS quad,5 ft.,1-003,Butte Valley,Siskiyou,358,Irrigation,Single Well,7399,1953-10-30 00:00:00 - 2020-04-01 12:00:00,90,-121.965,41.866
418661N1219587W001,681515,2007-10-25T00:00:00Z,4242.8,4240.8,NA,NA,NA,NA,NA,Special/Other,NA,NA,1,Department of Water Resources,MEASURED WRONG WELL,1,Department of Water Resources,60,304,37473,47N01W34Q001M,47N01W34Q001M,USGS quad,5 ft.,1-003,Butte Valley,Siskiyou,358,Irrigation,Single Well,7399,1953-10-30 00:00:00 - 2020-04-01 12:00:00,90,-121.965,41.866
418661N1219587W001,681514,2007-03-29T00:00:00Z,4242.8,4240.8,NA,NA,NA,NA,NA,Special/Other,NA,NA,1,Department of Water Resources,MEASURED WRONG WELL,1,Department of Water Resources,60,304,37473,47N01W34Q001M,47N01W34Q001M,USGS quad,5 ft.,1-003,Butte Valley,Siskiyou,358,Irrigation,Single Well,7399,1953-10-30 00:00:00 - 2020-04-01 12:00:00,90,-121.965,41.866
418661N1219587W001,681513,2006-10-12T00:00:00Z,4242.8,4240.8,NA,NA,NA,NA,NA,Special/Other,NA,NA,1,Department of Water Resources,MEASURED WRONG WELL,1,Department of Water Resources,60,304,37473,47N01W34Q001M,47N01W34Q001M,USGS quad,5 ft.,1-003,Butte Valley,Siskiyou,358,Irrigation,Single Well,7399,1953-10-30 00:00:00 - 2020-04-01 12:00:00,90,-121.965,41.866
418661N1219587W001,681512,2006-04-18T00:00:00Z,4242.8,4240.8,NA,NA,NA,NA,NA,Special/Other,NA,NA,1,Department of Water Resources,MEASURED WRONG WELL,1,Department of Water Resources,60,304,37473,47N01W34Q001M,47N01W34Q001M,USGS quad,5 ft.,1-003,Butte Valley,Siskiyou,358,Irrigation,Single Well,7399,1953-10-30 00:00:00 - 2020-04-01 12:00:00,90,-121.965,41.866
418661N1219587W001,681511,2005-10-10T00:00:00Z,4242.8,4240.8,NA,NA,NA,NA,NA,Special/Other,NA,NA,1,Department of Water Resources,MEASURED WRONG WELL,1,Department of Water Resources,60,304,37473,47N01W34Q001M,47N01W34Q001M,USGS quad,5 ft.,1-003,Butte Valley,Siskiyou,358,Irrigation,Single Well,7399,1953-10-30 00:00:00 - 2020-04-01 12:00:00,90,-121.965,41.866
418661N1219587W001,681510,2005-04-05T00:00:00Z,4242.8,4240.8,NA,NA,NA,NA,NA,Special/Other,NA,NA,1,Department of Water Resources,MEASURED WRONG WELL,1,Department of Water Resources,60,304,37473,47N01W34Q001M,47N01W34Q001M,USGS quad,5 ft.,1-003,Butte Valley,Siskiyou,358,Irrigation,Single Well,7399,1953-10-30 00:00:00 - 2020-04-01 12:00:00,90,-121.965,41.866
418661N1219587W001,681509,2004-11-02T00:00:00Z,4242.8,4240.8,NA,NA,NA,NA,NA,Special/Other,NA,NA,1,Department of Water Resources,MEASURED WRONG WELL,1,Department of Water Resources,60,304,37473,47N01W34Q001M,47N01W34Q001M,USGS quad,5 ft.,1-003,Butte Valley,Siskiyou,358,Irrigation,Single Well,7399,1953-10-30 00:00:00 - 2020-04-01 12:00:00,90,-121.965,41.866
418661N1219587W001,681508,2004-03-30T00:00:00Z,4242.8,4240.8,NA,NA,NA,NA,NA,Special/Other,NA,NA,1,Department of Water Resources,MEASURED WRONG WELL,1,Department of Water Resources,60,304,37473,47N01W34Q001M,47N01W34Q001M,USGS quad,5 ft.,1-003,Butte Valley,Siskiyou,358,Irrigation,Single Well,7399,1953-10-30 00:00:00 - 2020-04-01 12:00:00,90,-121.965,41.866
418661N1219587W001,681507,2003-10-20T00:00:00Z,4242.8,4240.8,NA,NA,NA,NA,NA,Special/Other,NA,NA,1,Department of Water Resources,MEASURED WRONG WELL,1,Department of Water Resources,60,304,37473,47N01W34Q001M,47N01W34Q001M,USGS quad,5 ft.,1-003,Butte Valley,Siskiyou,358,Irrigation,Single Well,7399,1953-10-30 00:00:00 - 2020-04-01 12:00:00,90,-121.965,41.866
418661N1219587W001,681506,2003-04-01T00:00:00Z,4242.8,4240.8,NA,NA,NA,NA,NA,Special/Other,NA,NA,1,Department of Water Resources,MEASURED WRONG WELL,1,Department of Water Resources,60,304,37473,47N01W34Q001M,47N01W34Q001M,USGS quad,5 ft.,1-003,Butte Valley,Siskiyou,358,Irrigation,Single Well,7399,1953-10-30 00:00:00 - 2020-04-01 12:00:00,90,-121.965,41.866
418661N1219587W001,681505,2002-10-11T00:00:00Z,4242.8,4240.8,NA,NA,NA,NA,NA,Special/Other,NA,NA,1,Department of Water Resources,MEASURED WRONG WELL,1,Department of Water Resources,60,304,37473,47N01W34Q001M,47N01W34Q001M,USGS quad,5 ft.,1-003,Butte Valley,Siskiyou,358,Irrigation,Single Well,7399,1953-10-30 00:00:00 - 2020-04-01 12:00:00,90,-121.965,41.866
418661N1219587W001,681504,2002-03-26T00:00:00Z,4242.8,4240.8,NA,NA,NA,NA,NA,Special/Other,NA,NA,1,Department of Water Resources,MEASURED WRONG WELL,1,Department of Water Resources,60,304,37473,47N01W34Q001M,47N01W34Q001M,USGS quad,5 ft.,1-003,Butte Valley,Siskiyou,358,Irrigation,Single Well,7399,1953-10-30 00:00:00 - 2020-04-01 12:00:00,90,-121.965,41.866
418661N1219587W001,681503,2001-10-24T00:00:00Z,4242.8,4240.8,NA,NA,NA,NA,NA,Special/Other,NA,NA,1,Department of Water Resources,MEASURED WRONG WELL,1,Department of Water Resources,60,304,37473,47N01W34Q001M,47N01W34Q001M,USGS quad,5 ft.,1-003,Butte Valley,Siskiyou,358,Irrigation,Single Well,7399,1953-10-30 00:00:00 - 2020-04-01 12:00:00,90,-121.965,41.866
418661N1219587W001,681502,2001-04-03T00:00:00Z,4242.8,4240.8,0,34.4,4208.4,34.4,32.4,NA,Unknown,Water level accuracy is unknown,1,Department of Water Resources,NA,1,Department of Water Resources,60,304,37473,47N01W34Q001M,47N01W34Q001M,USGS quad,5 ft.,1-003,Butte Valley,Siskiyou,358,Irrigation,Single Well,7399,1953-10-30 00:00:00 - 2020-04-01 12:00:00,90,-121.965,41.866
418661N1219587W001,681501,2000-10-10T00:00:00Z,4242.8,4240.8,0,41.4,4201.4,41.4,39.4,NA,Unknown,Water level accuracy is unknown,1,Department of Water Resources,NA,1,Department of Water Resources,60,304,37473,47N01W34Q001M,47N01W34Q001M,USGS quad,5 ft.,1-003,Butte Valley,Siskiyou,358,Irrigation,Single Well,7399,1953-10-30 00:00:00 - 2020-04-01 12:00:00,90,-121.965,41.866
418661N1219587W001,681500,2000-03-24T00:00:00Z,4242.8,4240.8,0,32.7,4210.1,32.7,30.7,Oil or foreign substance in casing,Unknown,Water level accuracy is unknown,1,Department of Water Resources,NA,1,Department of Water Resources,60,304,37473,47N01W34Q001M,47N01W34Q001M,USGS quad,5 ft.,1-003,Butte Valley,Siskiyou,358,Irrigation,Single Well,7399,1953-10-30 00:00:00 - 2020-04-01 12:00:00,90,-121.965,41.866
418661N1219587W001,681498,1999-10-26T00:00:00Z,4242.8,4240.8,0,38.3,4204.5,38.3,36.3,Oil or foreign substance in casing,Unknown,Water level accuracy is unknown,1,Department of Water Resources,NA,1,Department of Water Resources,60,304,37473,47N01W34Q001M,47N01W34Q001M,USGS quad,5 ft.,1-003,Butte Valley,Siskiyou,358,Irrigation,Single Well,7399,1953-10-30 00:00:00 - 2020-04-01 12:00:00,90,-121.965,41.866
418661N1219587W001,681499,1999-03-16T00:00:00Z,4242.8,4240.8,0,32.2,4210.6,32.2,30.2,Oil or foreign substance in casing,Unknown,Water level accuracy is unknown,1,Department of Water Resources,NA,1,Department of Water Resources,60,304,37473,47N01W34Q001M,47N01W34Q001M,USGS quad,5 ft.,1-003,Butte Valley,Siskiyou,358,Irrigation,Single Well,7399,1953-10-30 00:00:00 - 2020-04-01 12:00:00,90,-121.965,41.866
418661N1219587W001,681497,1998-10-27T00:00:00Z,4242.8,4240.8,0,37.8,4205,37.8,35.8,Oil or foreign substance in casing,Unknown,Water level accuracy is unknown,1,Department of Water Resources,NA,1,Department of Water Resources,60,304,37473,47N01W34Q001M,47N01W34Q001M,USGS quad,5 ft.,1-003,Butte Valley,Siskiyou,358,Irrigation,Single Well,7399,1953-10-30 00:00:00 - 2020-04-01 12:00:00,90,-121.965,41.866
418661N1219587W001,681496,1998-03-30T00:00:00Z,4242.8,4240.8,0,31.3,4211.5,31.3,29.3,NA,Unknown,Water level accuracy is unknown,1,Department of Water Resources,NA,1,Department of Water Resources,60,304,37473,47N01W34Q001M,47N01W34Q001M,USGS quad,5 ft.,1-003,Butte Valley,Siskiyou,358,Irrigation,Single Well,7399,1953-10-30 00:00:00 - 2020-04-01 12:00:00,90,-121.965,41.866
418661N1219587W001,681495,1997-10-21T00:00:00Z,4242.8,4240.8,0,38.4,4204.4,38.4,36.4,NA,Unknown,Water level accuracy is unknown,1,Department of Water Resources,NA,1,Department of Water Resources,60,304,37473,47N01W34Q001M,47N01W34Q001M,USGS quad,5 ft.,1-003,Butte Valley,Siskiyou,358,Irrigation,Single Well,7399,1953-10-30 00:00:00 - 2020-04-01 12:00:00,90,-121.965,41.866
418661N1219587W001,681494,1997-03-11T00:00:00Z,4242.8,4240.8,0,34.1,4208.7,34.1,32.1,NA,Unknown,Water level accuracy is unknown,1,Department of Water Resources,NA,1,Department of Water Resources,60,304,37473,47N01W34Q001M,47N01W34Q001M,USGS quad,5 ft.,1-003,Butte Valley,Siskiyou,358,Irrigation,Single Well,7399,1953-10-30 00:00:00 - 2020-04-01 12:00:00,90,-121.965,41.866
418661N1219587W001,681493,1996-10-22T00:00:00Z,4242.8,4240.8,0,38.3,4204.5,38.3,36.3,NA,Unknown,Water level accuracy is unknown,1,Department of Water Resources,NA,1,Department of Water Resources,60,304,37473,47N01W34Q001M,47N01W34Q001M,USGS quad,5 ft.,1-003,Butte Valley,Siskiyou,358,Irrigation,Single Well,7399,1953-10-30 00:00:00 - 2020-04-01 12:00:00,90,-121.965,41.866
418661N1219587W001,681492,1996-03-26T00:00:00Z,4242.8,4240.8,0,34.5,4208.3,34.5,32.5,NA,Unknown,Water level accuracy is unknown,1,Department of Water Resources,NA,1,Department of Water Resources,60,304,37473,47N01W34Q001M,47N01W34Q001M,USGS quad,5 ft.,1-003,Butte Valley,Siskiyou,358,Irrigation,Single Well,7399,1953-10-30 00:00:00 - 2020-04-01 12:00:00,90,-121.965,41.866
418661N1219587W001,681491,1995-10-17T00:00:00Z,4242.8,4240.8,0,38.9,4203.9,38.9,36.9,NA,Unknown,Water level accuracy is unknown,1,Department of Water Resources,NA,1,Department of Water Resources,60,304,37473,47N01W34Q001M,47N01W34Q001M,USGS quad,5 ft.,1-003,Butte Valley,Siskiyou,358,Irrigation,Single Well,7399,1953-10-30 00:00:00 - 2020-04-01 12:00:00,90,-121.965,41.866
418661N1219587W001,681490,1995-03-27T00:00:00Z,4242.8,4240.8,0,39.6,4203.2,39.6,37.6,NA,Unknown,Water level accuracy is unknown,1,Department of Water Resources,NA,1,Department of Water Resources,60,304,37473,47N01W34Q001M,47N01W34Q001M,USGS quad,5 ft.,1-003,Butte Valley,Siskiyou,358,Irrigation,Single Well,7399,1953-10-30 00:00:00 - 2020-04-01 12:00:00,90,-121.965,41.866
418661N1219587W001,681489,1994-10-25T00:00:00Z,4242.8,4240.8,0,37.8,4205,37.8,35.8,Oil or foreign substance in casing,Unknown,Water level accuracy is unknown,1,Department of Water Resources,NA,1,Department of Water Resources,60,304,37473,47N01W34Q001M,47N01W34Q001M,USGS quad,5 ft.,1-003,Butte Valley,Siskiyou,358,Irrigation,Single Well,7399,1953-10-30 00:00:00 - 2020-04-01 12:00:00,90,-121.965,41.866
418661N1219587W001,681488,1994-03-29T00:00:00Z,4242.8,4240.8,0,33.2,4209.6,33.2,31.2,NA,Unknown,Water level accuracy is unknown,1,Department of Water Resources,NA,1,Department of Water Resources,60,304,37473,47N01W34Q001M,47N01W34Q001M,USGS quad,5 ft.,1-003,Butte Valley,Siskiyou,358,Irrigation,Single Well,7399,1953-10-30 00:00:00 - 2020-04-01 12:00:00,90,-121.965,41.866
418661N1219587W001,681487,1993-10-14T00:00:00Z,4242.8,4240.8,0,37.9,4204.9,37.9,35.9,NA,Unknown,Water level accuracy is unknown,1,Department of Water Resources,NA,1,Department of Water Resources,60,304,37473,47N01W34Q001M,47N01W34Q001M,USGS quad,5 ft.,1-003,Butte Valley,Siskiyou,358,Irrigation,Single Well,7399,1953-10-30 00:00:00 - 2020-04-01 12:00:00,90,-121.965,41.866
418661N1219587W001,681486,1993-03-17T00:00:00Z,4242.8,4240.8,0,32.9,4209.9,32.9,30.9,NA,Unknown,Water level accuracy is unknown,1,Department of Water Resources,NA,1,Department of Water Resources,60,304,37473,47N01W34Q001M,47N01W34Q001M,USGS quad,5 ft.,1-003,Butte Valley,Siskiyou,358,Irrigation,Single Well,7399,1953-10-30 00:00:00 - 2020-04-01 12:00:00,90,-121.965,41.866
418661N1219587W001,681485,1992-10-19T00:00:00Z,4242.8,4240.8,0,37,4205.8,37,35,NA,Unknown,Water level accuracy is unknown,1,Department of Water Resources,NA,1,Department of Water Resources,60,304,37473,47N01W34Q001M,47N01W34Q001M,USGS quad,5 ft.,1-003,Butte Valley,Siskiyou,358,Irrigation,Single Well,7399,1953-10-30 00:00:00 - 2020-04-01 12:00:00,90,-121.965,41.866
418661N1219587W001,681484,1992-03-02T00:00:00Z,4242.8,4240.8,0,31.2,4211.6,31.2,29.2,NA,Unknown,Water level accuracy is unknown,1,Department of Water Resources,NA,1,Department of Water Resources,60,304,37473,47N01W34Q001M,47N01W34Q001M,USGS quad,5 ft.,1-003,Butte Valley,Siskiyou,358,Irrigation,Single Well,7399,1953-10-30 00:00:00 - 2020-04-01 12:00:00,90,-121.965,41.866
418661N1219587W001,681483,1991-09-30T00:00:00Z,4242.8,4240.8,0,40.2,4202.6,40.2,38.2,NA,Unknown,Water level accuracy is unknown,1,Department of Water Resources,NA,1,Department of Water Resources,60,304,37473,47N01W34Q001M,47N01W34Q001M,USGS quad,5 ft.,1-003,Butte Valley,Siskiyou,358,Irrigation,Single Well,7399,1953-10-30 00:00:00 - 2020-04-01 12:00:00,90,-121.965,41.866
418661N1219587W001,681482,1991-03-19T00:00:00Z,4242.8,4240.8,0,29.1,4213.7,29.1,27.1,NA,Unknown,Water level accuracy is unknown,1,Department of Water Resources,NA,1,Department of Water Resources,60,304,37473,47N01W34Q001M,47N01W34Q001M,USGS quad,5 ft.,1-003,Butte Valley,Siskiyou,358,Irrigation,Single Well,7399,1953-10-30 00:00:00 - 2020-04-01 12:00:00,90,-121.965,41.866
418661N1219587W001,681481,1990-10-02T00:00:00Z,4242.8,4240.8,0,36.8,4206,36.8,34.8,NA,Unknown,Water level accuracy is unknown,1,Department of Water Resources,NA,1,Department of Water Resources,60,304,37473,47N01W34Q001M,47N01W34Q001M,USGS quad,5 ft.,1-003,Butte Valley,Siskiyou,358,Irrigation,Single Well,7399,1953-10-30 00:00:00 - 2020-04-01 12:00:00,90,-121.965,41.866
418661N1219587W001,681480,1990-03-20T00:00:00Z,4242.8,4240.8,0,28.1,4214.7,28.1,26.1,NA,Unknown,Water level accuracy is unknown,1,Department of Water Resources,NA,1,Department of Water Resources,60,304,37473,47N01W34Q001M,47N01W34Q001M,USGS quad,5 ft.,1-003,Butte Valley,Siskiyou,358,Irrigation,Single Well,7399,1953-10-30 00:00:00 - 2020-04-01 12:00:00,90,-121.965,41.866
418661N1219587W001,681479,1989-10-03T00:00:00Z,4242.8,4240.8,0,34.9,4207.9,34.9,32.9,NA,Unknown,Water level accuracy is unknown,1,Department of Water Resources,NA,1,Department of Water Resources,60,304,37473,47N01W34Q001M,47N01W34Q001M,USGS quad,5 ft.,1-003,Butte Valley,Siskiyou,358,Irrigation,Single Well,7399,1953-10-30 00:00:00 - 2020-04-01 12:00:00,90,-121.965,41.866
418661N1219587W001,681478,1978-03-29T00:00:00Z,4242.8,4240.8,0,21,4221.8,21,19,NA,Unknown,Water level accuracy is unknown,1,Department of Water Resources,NA,1,Department of Water Resources,60,304,37473,47N01W34Q001M,47N01W34Q001M,USGS quad,5 ft.,1-003,Butte Valley,Siskiyou,358,Irrigation,Single Well,7399,1953-10-30 00:00:00 - 2020-04-01 12:00:00,90,-121.965,41.866
418661N1219587W001,681477,1977-10-20T00:00:00Z,4242.8,4240.8,0,25.2,4217.6,25.2,23.2,NA,Unknown,Water level accuracy is unknown,1,Department of Water Resources,NA,1,Department of Water Resources,60,304,37473,47N01W34Q001M,47N01W34Q001M,USGS quad,5 ft.,1-003,Butte Valley,Siskiyou,358,Irrigation,Single Well,7399,1953-10-30 00:00:00 - 2020-04-01 12:00:00,90,-121.965,41.866
418661N1219587W001,681476,1977-01-29T00:00:00Z,4242.8,4240.8,0,20.7,4222.1,20.7,18.7,NA,Unknown,Water level accuracy is unknown,1,Department of Water Resources,NA,1,Department of Water Resources,60,304,37473,47N01W34Q001M,47N01W34Q001M,USGS quad,5 ft.,1-003,Butte Valley,Siskiyou,358,Irrigation,Single Well,7399,1953-10-30 00:00:00 - 2020-04-01 12:00:00,90,-121.965,41.866
418661N1219587W001,681475,1976-11-01T00:00:00Z,4242.8,4240.8,0,22.3,4220.5,22.3,20.3,NA,Unknown,Water level accuracy is unknown,1,Department of Water Resources,NA,1,Department of Water Resources,60,304,37473,47N01W34Q001M,47N01W34Q001M,USGS quad,5 ft.,1-003,Butte Valley,Siskiyou,358,Irrigation,Single Well,7399,1953-10-30 00:00:00 - 2020-04-01 12:00:00,90,-121.965,41.866
418661N1219587W001,681474,1976-03-18T00:00:00Z,4242.8,4240.8,0,19.8,4223,19.8,17.8,NA,Unknown,Water level accuracy is unknown,1,Department of Water Resources,NA,1,Department of Water Resources,60,304,37473,47N01W34Q001M,47N01W34Q001M,USGS quad,5 ft.,1-003,Butte Valley,Siskiyou,358,Irrigation,Single Well,7399,1953-10-30 00:00:00 - 2020-04-01 12:00:00,90,-121.965,41.866
418661N1219587W001,681473,1975-11-05T00:00:00Z,4242.8,4240.8,0,20.5,4222.3,20.5,18.5,NA,Unknown,Water level accuracy is unknown,1,Department of Water Resources,NA,1,Department of Water Resources,60,304,37473,47N01W34Q001M,47N01W34Q001M,USGS quad,5 ft.,1-003,Butte Valley,Siskiyou,358,Irrigation,Single Well,7399,1953-10-30 00:00:00 - 2020-04-01 12:00:00,90,-121.965,41.866
418661N1219587W001,681472,1975-04-17T00:00:00Z,4242.8,4240.8,0,17.8,4225,17.8,15.8,NA,Unknown,Water level accuracy is unknown,1,Department of Water Resources,NA,1,Department of Water Resources,60,304,37473,47N01W34Q001M,47N01W34Q001M,USGS quad,5 ft.,1-003,Butte Valley,Siskiyou,358,Irrigation,Single Well,7399,1953-10-30 00:00:00 - 2020-04-01 12:00:00,90,-121.965,41.866
418661N1219587W001,681471,1974-11-06T00:00:00Z,4242.8,4240.8,0,21,4221.8,21,19,NA,Unknown,Water level accuracy is unknown,1,Department of Water Resources,NA,1,Department of Water Resources,60,304,37473,47N01W34Q001M,47N01W34Q001M,USGS quad,5 ft.,1-003,Butte Valley,Siskiyou,358,Irrigation,Single Well,7399,1953-10-30 00:00:00 - 2020-04-01 12:00:00,90,-121.965,41.866
418661N1219587W001,681470,1974-04-11T00:00:00Z,4242.8,4240.8,0,18,4224.8,18,16,NA,Unknown,Water level accuracy is unknown,1,Department of Water Resources,NA,1,Department of Water Resources,60,304,37473,47N01W34Q001M,47N01W34Q001M,USGS quad,5 ft.,1-003,Butte Valley,Siskiyou,358,Irrigation,Single Well,7399,1953-10-30 00:00:00 - 2020-04-01 12:00:00,90,-121.965,41.866
418661N1219587W001,681469,1973-10-10T00:00:00Z,4242.8,4240.8,0,22.2,4220.6,22.2,20.2,NA,Unknown,Water level accuracy is unknown,1,Department of Water Resources,NA,1,Department of Water Resources,60,304,37473,47N01W34Q001M,47N01W34Q001M,USGS quad,5 ft.,1-003,Butte Valley,Siskiyou,358,Irrigation,Single Well,7399,1953-10-30 00:00:00 - 2020-04-01 12:00:00,90,-121.965,41.866
418661N1219587W001,681468,1973-04-19T00:00:00Z,4242.8,4240.8,0,18.3,4224.5,18.3,16.3,NA,Unknown,Water level accuracy is unknown,1,Department of Water Resources,NA,1,Department of Water Resources,60,304,37473,47N01W34Q001M,47N01W34Q001M,USGS quad,5 ft.,1-003,Butte Valley,Siskiyou,358,Irrigation,Single Well,7399,1953-10-30 00:00:00 - 2020-04-01 12:00:00,90,-121.965,41.866
418661N1219587W001,681467,1972-10-04T00:00:00Z,4242.8,4240.8,0,21.3,4221.5,21.3,19.3,NA,Unknown,Water level accuracy is unknown,1,Department of Water Resources,NA,1,Department of Water Resources,60,304,37473,47N01W34Q001M,47N01W34Q001M,USGS quad,5 ft.,1-003,Butte Valley,Siskiyou,358,Irrigation,Single Well,7399,1953-10-30 00:00:00 - 2020-04-01 12:00:00,90,-121.965,41.866
418661N1219587W001,681466,1972-03-30T00:00:00Z,4242.8,4240.8,0,17.1,4225.7,17.1,15.1,NA,Unknown,Water level accuracy is unknown,1,Department of Water Resources,NA,1,Department of Water Resources,60,304,37473,47N01W34Q001M,47N01W34Q001M,USGS quad,5 ft.,1-003,Butte Valley,Siskiyou,358,Irrigation,Single Well,7399,1953-10-30 00:00:00 - 2020-04-01 12:00:00,90,-121.965,41.866
418661N1219587W001,681465,1971-10-29T00:00:00Z,4242.8,4240.8,0,19.2,4223.6,19.2,17.2,NA,Unknown,Water level accuracy is unknown,1,Department of Water Resources,NA,624,Bureau of Reclamation,60,304,37473,47N01W34Q001M,47N01W34Q001M,USGS quad,5 ft.,1-003,Butte Valley,Siskiyou,358,Irrigation,Single Well,7399,1953-10-30 00:00:00 - 2020-04-01 12:00:00,90,-121.965,41.866
418661N1219587W001,681464,1971-10-07T00:00:00Z,4242.8,4240.8,0,20.4,4222.4,20.4,18.4,NA,Unknown,Water level accuracy is unknown,1,Department of Water Resources,NA,624,Bureau of Reclamation,60,304,37473,47N01W34Q001M,47N01W34Q001M,USGS quad,5 ft.,1-003,Butte Valley,Siskiyou,358,Irrigation,Single Well,7399,1953-10-30 00:00:00 - 2020-04-01 12:00:00,90,-121.965,41.866
418661N1219587W001,681463,1971-08-30T00:00:00Z,4242.8,4240.8,0,35.3,4207.5,35.3,33.3,NA,Unknown,Water level accuracy is unknown,1,Department of Water Resources,NA,624,Bureau of Reclamation,60,304,37473,47N01W34Q001M,47N01W34Q001M,USGS quad,5 ft.,1-003,Butte Valley,Siskiyou,358,Irrigation,Single Well,7399,1953-10-30 00:00:00 - 2020-04-01 12:00:00,90,-121.965,41.866
418661N1219587W001,681462,1971-07-27T00:00:00Z,4242.8,4240.8,0,31,4211.8,31,29,NA,Unknown,Water level accuracy is unknown,1,Department of Water Resources,NA,624,Bureau of Reclamation,60,304,37473,47N01W34Q001M,47N01W34Q001M,USGS quad,5 ft.,1-003,Butte Valley,Siskiyou,358,Irrigation,Single Well,7399,1953-10-30 00:00:00 - 2020-04-01 12:00:00,90,-121.965,41.866
418661N1219587W001,681461,1971-06-30T00:00:00Z,4242.8,4240.8,0,25.7,4217.1,25.7,23.7,NA,Unknown,Water level accuracy is unknown,1,Department of Water Resources,NA,624,Bureau of Reclamation,60,304,37473,47N01W34Q001M,47N01W34Q001M,USGS quad,5 ft.,1-003,Butte Valley,Siskiyou,358,Irrigation,Single Well,7399,1953-10-30 00:00:00 - 2020-04-01 12:00:00,90,-121.965,41.866
418661N1219587W001,681460,1958-10-09T00:00:00Z,4242.8,4240.8,NA,NA,NA,NA,NA,Special/Other,NA,NA,1,Department of Water Resources,NA,624,Bureau of Reclamation,60,304,37473,47N01W34Q001M,47N01W34Q001M,USGS quad,5 ft.,1-003,Butte Valley,Siskiyou,358,Irrigation,Single Well,7399,1953-10-30 00:00:00 - 2020-04-01 12:00:00,90,-121.965,41.866
418661N1219587W001,681459,1958-05-01T00:00:00Z,4242.8,4240.8,NA,NA,NA,NA,NA,Special/Other,NA,NA,1,Department of Water Resources,NA,624,Bureau of Reclamation,60,304,37473,47N01W34Q001M,47N01W34Q001M,USGS quad,5 ft.,1-003,Butte Valley,Siskiyou,358,Irrigation,Single Well,7399,1953-10-30 00:00:00 - 2020-04-01 12:00:00,90,-121.965,41.866
418661N1219587W001,681458,1957-09-25T00:00:00Z,4242.8,4240.8,0,15.8,4227,15.8,13.8,NA,Unknown,Water level accuracy is unknown,1,Department of Water Resources,NA,624,Bureau of Reclamation,60,304,37473,47N01W34Q001M,47N01W34Q001M,USGS quad,5 ft.,1-003,Butte Valley,Siskiyou,358,Irrigation,Single Well,7399,1953-10-30 00:00:00 - 2020-04-01 12:00:00,90,-121.965,41.866
418661N1219587W001,681457,1956-10-09T00:00:00Z,4242.8,4240.8,0,17,4225.8,17,15,NA,Unknown,Water level accuracy is unknown,1,Department of Water Resources,NA,624,Bureau of Reclamation,60,304,37473,47N01W34Q001M,47N01W34Q001M,USGS quad,5 ft.,1-003,Butte Valley,Siskiyou,358,Irrigation,Single Well,7399,1953-10-30 00:00:00 - 2020-04-01 12:00:00,90,-121.965,41.866
418661N1219587W001,681456,1956-05-02T00:00:00Z,4242.8,4240.8,0,13.1,4229.7,13.1,11.1,NA,Unknown,Water level accuracy is unknown,1,Department of Water Resources,NA,624,Bureau of Reclamation,60,304,37473,47N01W34Q001M,47N01W34Q001M,USGS quad,5 ft.,1-003,Butte Valley,Siskiyou,358,Irrigation,Single Well,7399,1953-10-30 00:00:00 - 2020-04-01 12:00:00,90,-121.965,41.866
418661N1219587W001,681455,1956-04-19T00:00:00Z,4242.8,4240.8,0,13.9,4228.9,13.9,11.9,NA,Unknown,Water level accuracy is unknown,1,Department of Water Resources,NA,624,Bureau of Reclamation,60,304,37473,47N01W34Q001M,47N01W34Q001M,USGS quad,5 ft.,1-003,Butte Valley,Siskiyou,358,Irrigation,Single Well,7399,1953-10-30 00:00:00 - 2020-04-01 12:00:00,90,-121.965,41.866
418661N1219587W001,681454,1956-04-04T00:00:00Z,4242.8,4240.8,0,11.7,4231.1,11.7,9.7,NA,Unknown,Water level accuracy is unknown,1,Department of Water Resources,NA,624,Bureau of Reclamation,60,304,37473,47N01W34Q001M,47N01W34Q001M,USGS quad,5 ft.,1-003,Butte Valley,Siskiyou,358,Irrigation,Single Well,7399,1953-10-30 00:00:00 - 2020-04-01 12:00:00,90,-121.965,41.866
418661N1219587W001,681453,1955-10-03T00:00:00Z,4242.8,4240.8,0,18.8,4224,18.8,16.8,NA,Unknown,Water level accuracy is unknown,1,Department of Water Resources,NA,624,Bureau of Reclamation,60,304,37473,47N01W34Q001M,47N01W34Q001M,USGS quad,5 ft.,1-003,Butte Valley,Siskiyou,358,Irrigation,Single Well,7399,1953-10-30 00:00:00 - 2020-04-01 12:00:00,90,-121.965,41.866
418661N1219587W001,681452,1954-05-05T00:00:00Z,4242.8,4240.8,0,21.5,4221.3,21.5,19.5,NA,Unknown,Water level accuracy is unknown,1,Department of Water Resources,NA,1,Department of Water Resources,60,304,37473,47N01W34Q001M,47N01W34Q001M,USGS quad,5 ft.,1-003,Butte Valley,Siskiyou,358,Irrigation,Single Well,7399,1953-10-30 00:00:00 - 2020-04-01 12:00:00,90,-121.965,41.866
418661N1219587W001,681451,1953-10-30T00:00:00Z,4242.8,4240.8,0,17.7,4225.1,17.7,15.7,NA,Unknown,Water level accuracy is unknown,1,Department of Water Resources,NA,5167,United States Geological Survey,60,304,37473,47N01W34Q001M,47N01W34Q001M,USGS quad,5 ft.,1-003,Butte Valley,Siskiyou,358,Irrigation,Single Well,7399,1953-10-30 00:00:00 - 2020-04-01 12:00:00,90,-121.965,41.866
