STN_ID.x,SITE_CODE,WLM_ID,MSMT_DATE,WLM_RPE,WLM_GSE,RDNG_WS,RDNG_RP,WSE,RPE_WSE,GSE_WSE,WLM_QA_DESC,WLM_DESC,WLM_ACC_DESC,WLM_ORG_ID,WLM_ORG_NAME,MSMT_CMT,COOP_AGENCY_ORG_ID,COOP_ORG_NAME,STN_ID.y,TOP_PRF,BOT_PRF,STN_ID,SWN,WELL_NAME,WLM_METHOD,WLM_ACC,BASIN_CODE,BASIN_NAME,COUNTY_NAME,WELL_DEPTH,WELL_USE,WELL_TYPE,WCR_NO,t_range,n_samples
37477,418948N1220832W001,2619126,2020-04-01T12:00:00Z,4239.07,4238.77,21.6,59,4201.67,37.4,37.1,Oil or foreign substance in casing,Steel tape measurement,Water level accuracy to nearest tenth of a foot,1,Department of Water Resources,NA,1,Department of Water Resources,37477,160,410,37477,47N02W27C001M,47N02W27C001M,Unknown,Unknown,NA,NA,Siskiyou,601,Irrigation,Single Well,421213,1993-10-14 00:00:00 - 2020-04-01 12:00:00,130
37477,418948N1220832W001,2619126,2020-04-01T12:00:00Z,4239.07,4238.77,21.6,59,4201.67,37.4,37.1,Oil or foreign substance in casing,Steel tape measurement,Water level accuracy to nearest tenth of a foot,1,Department of Water Resources,NA,1,Department of Water Resources,37477,435,599,37477,47N02W27C001M,47N02W27C001M,Unknown,Unknown,NA,NA,Siskiyou,601,Irrigation,Single Well,421213,1993-10-14 00:00:00 - 2020-04-01 12:00:00,130
37477,418948N1220832W001,2453081,2019-04-03T12:00:00Z,4239.07,4238.77,6,45,4200.07,39,38.7,Oil or foreign substance in casing,Steel tape measurement,Water level accuracy to nearest tenth of a foot,1,Department of Water Resources,NA,1,Department of Water Resources,37477,160,410,37477,47N02W27C001M,47N02W27C001M,Unknown,Unknown,NA,NA,Siskiyou,601,Irrigation,Single Well,421213,1993-10-14 00:00:00 - 2020-04-01 12:00:00,130
37477,418948N1220832W001,2453081,2019-04-03T12:00:00Z,4239.07,4238.77,6,45,4200.07,39,38.7,Oil or foreign substance in casing,Steel tape measurement,Water level accuracy to nearest tenth of a foot,1,Department of Water Resources,NA,1,Department of Water Resources,37477,435,599,37477,47N02W27C001M,47N02W27C001M,Unknown,Unknown,NA,NA,Siskiyou,601,Irrigation,Single Well,421213,1993-10-14 00:00:00 - 2020-04-01 12:00:00,130
37477,418948N1220832W001,2413572,2018-10-30T12:00:00Z,4239.07,4238.77,10.5,55,4194.57,44.5,44.2,Oil or foreign substance in casing,Steel tape measurement,Water level accuracy to nearest tenth of a foot,1,Department of Water Resources,Oil in casing,1,Department of Water Resources,37477,160,410,37477,47N02W27C001M,47N02W27C001M,Unknown,Unknown,NA,NA,Siskiyou,601,Irrigation,Single Well,421213,1993-10-14 00:00:00 - 2020-04-01 12:00:00,130
37477,418948N1220832W001,2413572,2018-10-30T12:00:00Z,4239.07,4238.77,10.5,55,4194.57,44.5,44.2,Oil or foreign substance in casing,Steel tape measurement,Water level accuracy to nearest tenth of a foot,1,Department of Water Resources,Oil in casing,1,Department of Water Resources,37477,435,599,37477,47N02W27C001M,47N02W27C001M,Unknown,Unknown,NA,NA,Siskiyou,601,Irrigation,Single Well,421213,1993-10-14 00:00:00 - 2020-04-01 12:00:00,130
37477,418948N1220832W001,2286521,2018-03-30T12:00:00Z,4239.07,4238.77,14.3,50,4203.37,35.7,35.4,Oil or foreign substance in casing,Steel tape measurement,Water level accuracy to nearest tenth of a foot,1,Department of Water Resources,Oil in casing,1,Department of Water Resources,37477,160,410,37477,47N02W27C001M,47N02W27C001M,Unknown,Unknown,NA,NA,Siskiyou,601,Irrigation,Single Well,421213,1993-10-14 00:00:00 - 2020-04-01 12:00:00,130
37477,418948N1220832W001,2286521,2018-03-30T12:00:00Z,4239.07,4238.77,14.3,50,4203.37,35.7,35.4,Oil or foreign substance in casing,Steel tape measurement,Water level accuracy to nearest tenth of a foot,1,Department of Water Resources,Oil in casing,1,Department of Water Resources,37477,435,599,37477,47N02W27C001M,47N02W27C001M,Unknown,Unknown,NA,NA,Siskiyou,601,Irrigation,Single Well,421213,1993-10-14 00:00:00 - 2020-04-01 12:00:00,130
37477,418948N1220832W001,2266648,2017-10-17T12:00:00Z,4239.07,4238.77,12.4,55,4196.47,42.6,42.3,Oil or foreign substance in casing,Steel tape measurement,Water level accuracy to nearest tenth of a foot,1,Department of Water Resources,Oil in casing,1,Department of Water Resources,37477,160,410,37477,47N02W27C001M,47N02W27C001M,Unknown,Unknown,NA,NA,Siskiyou,601,Irrigation,Single Well,421213,1993-10-14 00:00:00 - 2020-04-01 12:00:00,130
37477,418948N1220832W001,2266648,2017-10-17T12:00:00Z,4239.07,4238.77,12.4,55,4196.47,42.6,42.3,Oil or foreign substance in casing,Steel tape measurement,Water level accuracy to nearest tenth of a foot,1,Department of Water Resources,Oil in casing,1,Department of Water Resources,37477,435,599,37477,47N02W27C001M,47N02W27C001M,Unknown,Unknown,NA,NA,Siskiyou,601,Irrigation,Single Well,421213,1993-10-14 00:00:00 - 2020-04-01 12:00:00,130
37477,418948N1220832W001,2241626,2017-03-23T12:00:00Z,4239.07,4238.77,3.3,40,4202.37,36.7,36.4,Oil or foreign substance in casing,Steel tape measurement,Water level accuracy to nearest tenth of a foot,1,Department of Water Resources,Oil in casing,1,Department of Water Resources,37477,160,410,37477,47N02W27C001M,47N02W27C001M,Unknown,Unknown,NA,NA,Siskiyou,601,Irrigation,Single Well,421213,1993-10-14 00:00:00 - 2020-04-01 12:00:00,130
37477,418948N1220832W001,2241626,2017-03-23T12:00:00Z,4239.07,4238.77,3.3,40,4202.37,36.7,36.4,Oil or foreign substance in casing,Steel tape measurement,Water level accuracy to nearest tenth of a foot,1,Department of Water Resources,Oil in casing,1,Department of Water Resources,37477,435,599,37477,47N02W27C001M,47N02W27C001M,Unknown,Unknown,NA,NA,Siskiyou,601,Irrigation,Single Well,421213,1993-10-14 00:00:00 - 2020-04-01 12:00:00,130
37477,418948N1220832W001,2214917,2016-10-20T12:00:00Z,4239.07,4238.77,21.6,69,4191.67,47.4,47.1,Oil or foreign substance in casing,Steel tape measurement,Water level accuracy to nearest tenth of a foot,1,Department of Water Resources,NA,1,Department of Water Resources,37477,160,410,37477,47N02W27C001M,47N02W27C001M,Unknown,Unknown,NA,NA,Siskiyou,601,Irrigation,Single Well,421213,1993-10-14 00:00:00 - 2020-04-01 12:00:00,130
37477,418948N1220832W001,2214917,2016-10-20T12:00:00Z,4239.07,4238.77,21.6,69,4191.67,47.4,47.1,Oil or foreign substance in casing,Steel tape measurement,Water level accuracy to nearest tenth of a foot,1,Department of Water Resources,NA,1,Department of Water Resources,37477,435,599,37477,47N02W27C001M,47N02W27C001M,Unknown,Unknown,NA,NA,Siskiyou,601,Irrigation,Single Well,421213,1993-10-14 00:00:00 - 2020-04-01 12:00:00,130
37477,418948N1220832W001,2184904,2016-03-22T12:00:00Z,4239.07,4238.77,4.1,42,4201.17,37.9,37.6,Oil or foreign substance in casing,Steel tape measurement,Water level accuracy to nearest tenth of a foot,1,Department of Water Resources,NA,1,Department of Water Resources,37477,160,410,37477,47N02W27C001M,47N02W27C001M,Unknown,Unknown,NA,NA,Siskiyou,601,Irrigation,Single Well,421213,1993-10-14 00:00:00 - 2020-04-01 12:00:00,130
37477,418948N1220832W001,2184904,2016-03-22T12:00:00Z,4239.07,4238.77,4.1,42,4201.17,37.9,37.6,Oil or foreign substance in casing,Steel tape measurement,Water level accuracy to nearest tenth of a foot,1,Department of Water Resources,NA,1,Department of Water Resources,37477,435,599,37477,47N02W27C001M,47N02W27C001M,Unknown,Unknown,NA,NA,Siskiyou,601,Irrigation,Single Well,421213,1993-10-14 00:00:00 - 2020-04-01 12:00:00,130
37477,418948N1220832W001,2158528,2015-10-19T00:00:00Z,4239.07,4238.77,17.5,65,4191.57,47.5,47.2,Oil or foreign substance in casing,Steel tape measurement,Water level accuracy to nearest tenth of a foot,1,Department of Water Resources,NA,1,Department of Water Resources,37477,160,410,37477,47N02W27C001M,47N02W27C001M,Unknown,Unknown,NA,NA,Siskiyou,601,Irrigation,Single Well,421213,1993-10-14 00:00:00 - 2020-04-01 12:00:00,130
37477,418948N1220832W001,2158528,2015-10-19T00:00:00Z,4239.07,4238.77,17.5,65,4191.57,47.5,47.2,Oil or foreign substance in casing,Steel tape measurement,Water level accuracy to nearest tenth of a foot,1,Department of Water Resources,NA,1,Department of Water Resources,37477,435,599,37477,47N02W27C001M,47N02W27C001M,Unknown,Unknown,NA,NA,Siskiyou,601,Irrigation,Single Well,421213,1993-10-14 00:00:00 - 2020-04-01 12:00:00,130
37477,418948N1220832W001,2130485,2015-03-23T00:00:00Z,4239.07,4238.77,3.5,41,4201.57,37.5,37.2,Oil or foreign substance in casing,Steel tape measurement,Water level accuracy to nearest tenth of a foot,1,Department of Water Resources,NA,1,Department of Water Resources,37477,160,410,37477,47N02W27C001M,47N02W27C001M,Unknown,Unknown,NA,NA,Siskiyou,601,Irrigation,Single Well,421213,1993-10-14 00:00:00 - 2020-04-01 12:00:00,130
37477,418948N1220832W001,2130485,2015-03-23T00:00:00Z,4239.07,4238.77,3.5,41,4201.57,37.5,37.2,Oil or foreign substance in casing,Steel tape measurement,Water level accuracy to nearest tenth of a foot,1,Department of Water Resources,NA,1,Department of Water Resources,37477,435,599,37477,47N02W27C001M,47N02W27C001M,Unknown,Unknown,NA,NA,Siskiyou,601,Irrigation,Single Well,421213,1993-10-14 00:00:00 - 2020-04-01 12:00:00,130
37477,418948N1220832W001,2029096,2014-10-20T00:00:00Z,4239.07,4238.77,13.4,59,4193.47,45.6,45.3,NA,Steel tape measurement,Water level accuracy to nearest tenth of a foot,1,Department of Water Resources,NA,1,Department of Water Resources,37477,160,410,37477,47N02W27C001M,47N02W27C001M,Unknown,Unknown,NA,NA,Siskiyou,601,Irrigation,Single Well,421213,1993-10-14 00:00:00 - 2020-04-01 12:00:00,130
37477,418948N1220832W001,2029096,2014-10-20T00:00:00Z,4239.07,4238.77,13.4,59,4193.47,45.6,45.3,NA,Steel tape measurement,Water level accuracy to nearest tenth of a foot,1,Department of Water Resources,NA,1,Department of Water Resources,37477,435,599,37477,47N02W27C001M,47N02W27C001M,Unknown,Unknown,NA,NA,Siskiyou,601,Irrigation,Single Well,421213,1993-10-14 00:00:00 - 2020-04-01 12:00:00,130
37477,418948N1220832W001,1885363,2014-03-24T00:00:00Z,4239.07,4238.77,-0.1,35,4203.97,35.1,34.8,Oil or foreign substance in casing,Steel tape measurement,Water level accuracy to nearest tenth of a foot,1,Department of Water Resources,NA,1,Department of Water Resources,37477,160,410,37477,47N02W27C001M,47N02W27C001M,Unknown,Unknown,NA,NA,Siskiyou,601,Irrigation,Single Well,421213,1993-10-14 00:00:00 - 2020-04-01 12:00:00,130
37477,418948N1220832W001,1885363,2014-03-24T00:00:00Z,4239.07,4238.77,-0.1,35,4203.97,35.1,34.8,Oil or foreign substance in casing,Steel tape measurement,Water level accuracy to nearest tenth of a foot,1,Department of Water Resources,NA,1,Department of Water Resources,37477,435,599,37477,47N02W27C001M,47N02W27C001M,Unknown,Unknown,NA,NA,Siskiyou,601,Irrigation,Single Well,421213,1993-10-14 00:00:00 - 2020-04-01 12:00:00,130
37477,418948N1220832W001,1797535,2013-10-21T00:00:00Z,4239.07,4238.77,3.3,45,4197.37,41.7,41.4,Oil or foreign substance in casing,Steel tape measurement,Water level accuracy to nearest tenth of a foot,1,Department of Water Resources,NA,1,Department of Water Resources,37477,160,410,37477,47N02W27C001M,47N02W27C001M,Unknown,Unknown,NA,NA,Siskiyou,601,Irrigation,Single Well,421213,1993-10-14 00:00:00 - 2020-04-01 12:00:00,130
37477,418948N1220832W001,1797535,2013-10-21T00:00:00Z,4239.07,4238.77,3.3,45,4197.37,41.7,41.4,Oil or foreign substance in casing,Steel tape measurement,Water level accuracy to nearest tenth of a foot,1,Department of Water Resources,NA,1,Department of Water Resources,37477,435,599,37477,47N02W27C001M,47N02W27C001M,Unknown,Unknown,NA,NA,Siskiyou,601,Irrigation,Single Well,421213,1993-10-14 00:00:00 - 2020-04-01 12:00:00,130
37477,418948N1220832W001,1685068,2013-03-25T00:00:00Z,4239.07,4238.77,-0.1,33,4205.97,33.1,32.8,Oil or foreign substance in casing,Steel tape measurement,Water level accuracy to nearest tenth of a foot,1,Department of Water Resources,NA,1,Department of Water Resources,37477,160,410,37477,47N02W27C001M,47N02W27C001M,Unknown,Unknown,NA,NA,Siskiyou,601,Irrigation,Single Well,421213,1993-10-14 00:00:00 - 2020-04-01 12:00:00,130
37477,418948N1220832W001,1685068,2013-03-25T00:00:00Z,4239.07,4238.77,-0.1,33,4205.97,33.1,32.8,Oil or foreign substance in casing,Steel tape measurement,Water level accuracy to nearest tenth of a foot,1,Department of Water Resources,NA,1,Department of Water Resources,37477,435,599,37477,47N02W27C001M,47N02W27C001M,Unknown,Unknown,NA,NA,Siskiyou,601,Irrigation,Single Well,421213,1993-10-14 00:00:00 - 2020-04-01 12:00:00,130
37477,418948N1220832W001,70284,2012-10-29T00:00:00Z,4239.07,4238.77,0.9,42,4197.97,41.1,40.8,Oil or foreign substance in casing,Steel tape measurement,Water level accuracy to nearest tenth of a foot,1,Department of Water Resources,NA,1,Department of Water Resources,37477,160,410,37477,47N02W27C001M,47N02W27C001M,Unknown,Unknown,NA,NA,Siskiyou,601,Irrigation,Single Well,421213,1993-10-14 00:00:00 - 2020-04-01 12:00:00,130
37477,418948N1220832W001,70284,2012-10-29T00:00:00Z,4239.07,4238.77,0.9,42,4197.97,41.1,40.8,Oil or foreign substance in casing,Steel tape measurement,Water level accuracy to nearest tenth of a foot,1,Department of Water Resources,NA,1,Department of Water Resources,37477,435,599,37477,47N02W27C001M,47N02W27C001M,Unknown,Unknown,NA,NA,Siskiyou,601,Irrigation,Single Well,421213,1993-10-14 00:00:00 - 2020-04-01 12:00:00,130
37477,418948N1220832W001,59915,2012-04-17T00:00:00Z,4239.07,4238.77,2.8,33,4208.87,30.2,29.9,Oil or foreign substance in casing,Steel tape measurement,Water level accuracy to nearest tenth of a foot,1,Department of Water Resources,NA,1,Department of Water Resources,37477,160,410,37477,47N02W27C001M,47N02W27C001M,Unknown,Unknown,NA,NA,Siskiyou,601,Irrigation,Single Well,421213,1993-10-14 00:00:00 - 2020-04-01 12:00:00,130
37477,418948N1220832W001,59915,2012-04-17T00:00:00Z,4239.07,4238.77,2.8,33,4208.87,30.2,29.9,Oil or foreign substance in casing,Steel tape measurement,Water level accuracy to nearest tenth of a foot,1,Department of Water Resources,NA,1,Department of Water Resources,37477,435,599,37477,47N02W27C001M,47N02W27C001M,Unknown,Unknown,NA,NA,Siskiyou,601,Irrigation,Single Well,421213,1993-10-14 00:00:00 - 2020-04-01 12:00:00,130
37477,418948N1220832W001,41192,2011-10-18T00:00:00Z,4239.07,4238.77,0,41.5,4197.57,41.5,41.2,Oil or foreign substance in casing,Steel tape measurement,Water level accuracy to nearest tenth of a foot,1,Department of Water Resources,NA,1,Department of Water Resources,37477,160,410,37477,47N02W27C001M,47N02W27C001M,Unknown,Unknown,NA,NA,Siskiyou,601,Irrigation,Single Well,421213,1993-10-14 00:00:00 - 2020-04-01 12:00:00,130
37477,418948N1220832W001,41192,2011-10-18T00:00:00Z,4239.07,4238.77,0,41.5,4197.57,41.5,41.2,Oil or foreign substance in casing,Steel tape measurement,Water level accuracy to nearest tenth of a foot,1,Department of Water Resources,NA,1,Department of Water Resources,37477,435,599,37477,47N02W27C001M,47N02W27C001M,Unknown,Unknown,NA,NA,Siskiyou,601,Irrigation,Single Well,421213,1993-10-14 00:00:00 - 2020-04-01 12:00:00,130
37477,418948N1220832W001,681726,2011-10-18T00:00:00Z,4239.07,4238.77,0,41.5,4197.57,41.5,41.2,Oil or foreign substance in casing,Unknown,Water level accuracy is unknown,1,Department of Water Resources,NA,1,Department of Water Resources,37477,160,410,37477,47N02W27C001M,47N02W27C001M,Unknown,Unknown,NA,NA,Siskiyou,601,Irrigation,Single Well,421213,1993-10-14 00:00:00 - 2020-04-01 12:00:00,130
37477,418948N1220832W001,681726,2011-10-18T00:00:00Z,4239.07,4238.77,0,41.5,4197.57,41.5,41.2,Oil or foreign substance in casing,Unknown,Water level accuracy is unknown,1,Department of Water Resources,NA,1,Department of Water Resources,37477,435,599,37477,47N02W27C001M,47N02W27C001M,Unknown,Unknown,NA,NA,Siskiyou,601,Irrigation,Single Well,421213,1993-10-14 00:00:00 - 2020-04-01 12:00:00,130
37477,418948N1220832W001,681725,2011-04-20T00:00:00Z,4239.07,4238.77,0,29.5,4209.57,29.5,29.2,Oil or foreign substance in casing,Unknown,Water level accuracy is unknown,1,Department of Water Resources,NA,1,Department of Water Resources,37477,160,410,37477,47N02W27C001M,47N02W27C001M,Unknown,Unknown,NA,NA,Siskiyou,601,Irrigation,Single Well,421213,1993-10-14 00:00:00 - 2020-04-01 12:00:00,130
37477,418948N1220832W001,681725,2011-04-20T00:00:00Z,4239.07,4238.77,0,29.5,4209.57,29.5,29.2,Oil or foreign substance in casing,Unknown,Water level accuracy is unknown,1,Department of Water Resources,NA,1,Department of Water Resources,37477,435,599,37477,47N02W27C001M,47N02W27C001M,Unknown,Unknown,NA,NA,Siskiyou,601,Irrigation,Single Well,421213,1993-10-14 00:00:00 - 2020-04-01 12:00:00,130
37477,418948N1220832W001,681724,2010-10-25T00:00:00Z,4239.07,4238.77,0,39.1,4199.97,39.1,38.8,Oil or foreign substance in casing,Unknown,Water level accuracy is unknown,1,Department of Water Resources,NA,1,Department of Water Resources,37477,160,410,37477,47N02W27C001M,47N02W27C001M,Unknown,Unknown,NA,NA,Siskiyou,601,Irrigation,Single Well,421213,1993-10-14 00:00:00 - 2020-04-01 12:00:00,130
37477,418948N1220832W001,681724,2010-10-25T00:00:00Z,4239.07,4238.77,0,39.1,4199.97,39.1,38.8,Oil or foreign substance in casing,Unknown,Water level accuracy is unknown,1,Department of Water Resources,NA,1,Department of Water Resources,37477,435,599,37477,47N02W27C001M,47N02W27C001M,Unknown,Unknown,NA,NA,Siskiyou,601,Irrigation,Single Well,421213,1993-10-14 00:00:00 - 2020-04-01 12:00:00,130
37477,418948N1220832W001,681723,2010-03-30T00:00:00Z,4239.07,4238.77,0,30.8,4208.27,30.8,30.5,Oil or foreign substance in casing,Unknown,Water level accuracy is unknown,1,Department of Water Resources,NA,1,Department of Water Resources,37477,160,410,37477,47N02W27C001M,47N02W27C001M,Unknown,Unknown,NA,NA,Siskiyou,601,Irrigation,Single Well,421213,1993-10-14 00:00:00 - 2020-04-01 12:00:00,130
37477,418948N1220832W001,681723,2010-03-30T00:00:00Z,4239.07,4238.77,0,30.8,4208.27,30.8,30.5,Oil or foreign substance in casing,Unknown,Water level accuracy is unknown,1,Department of Water Resources,NA,1,Department of Water Resources,37477,435,599,37477,47N02W27C001M,47N02W27C001M,Unknown,Unknown,NA,NA,Siskiyou,601,Irrigation,Single Well,421213,1993-10-14 00:00:00 - 2020-04-01 12:00:00,130
37477,418948N1220832W001,681722,2009-10-27T00:00:00Z,4239.07,4238.77,0,37,4202.07,37,36.7,Oil or foreign substance in casing,Unknown,Water level accuracy is unknown,1,Department of Water Resources,NA,1,Department of Water Resources,37477,160,410,37477,47N02W27C001M,47N02W27C001M,Unknown,Unknown,NA,NA,Siskiyou,601,Irrigation,Single Well,421213,1993-10-14 00:00:00 - 2020-04-01 12:00:00,130
37477,418948N1220832W001,681722,2009-10-27T00:00:00Z,4239.07,4238.77,0,37,4202.07,37,36.7,Oil or foreign substance in casing,Unknown,Water level accuracy is unknown,1,Department of Water Resources,NA,1,Department of Water Resources,37477,435,599,37477,47N02W27C001M,47N02W27C001M,Unknown,Unknown,NA,NA,Siskiyou,601,Irrigation,Single Well,421213,1993-10-14 00:00:00 - 2020-04-01 12:00:00,130
37477,418948N1220832W001,681721,2009-04-08T00:00:00Z,4239.07,4238.77,0,28.8,4210.27,28.8,28.5,Oil or foreign substance in casing,Unknown,Water level accuracy is unknown,1,Department of Water Resources,NA,1,Department of Water Resources,37477,160,410,37477,47N02W27C001M,47N02W27C001M,Unknown,Unknown,NA,NA,Siskiyou,601,Irrigation,Single Well,421213,1993-10-14 00:00:00 - 2020-04-01 12:00:00,130
37477,418948N1220832W001,681721,2009-04-08T00:00:00Z,4239.07,4238.77,0,28.8,4210.27,28.8,28.5,Oil or foreign substance in casing,Unknown,Water level accuracy is unknown,1,Department of Water Resources,NA,1,Department of Water Resources,37477,435,599,37477,47N02W27C001M,47N02W27C001M,Unknown,Unknown,NA,NA,Siskiyou,601,Irrigation,Single Well,421213,1993-10-14 00:00:00 - 2020-04-01 12:00:00,130
37477,418948N1220832W001,681720,2008-10-30T00:00:00Z,4239.07,4238.77,0,34,4205.07,34,33.7,Oil or foreign substance in casing,Unknown,Water level accuracy is unknown,1,Department of Water Resources,NA,1,Department of Water Resources,37477,160,410,37477,47N02W27C001M,47N02W27C001M,Unknown,Unknown,NA,NA,Siskiyou,601,Irrigation,Single Well,421213,1993-10-14 00:00:00 - 2020-04-01 12:00:00,130
37477,418948N1220832W001,681720,2008-10-30T00:00:00Z,4239.07,4238.77,0,34,4205.07,34,33.7,Oil or foreign substance in casing,Unknown,Water level accuracy is unknown,1,Department of Water Resources,NA,1,Department of Water Resources,37477,435,599,37477,47N02W27C001M,47N02W27C001M,Unknown,Unknown,NA,NA,Siskiyou,601,Irrigation,Single Well,421213,1993-10-14 00:00:00 - 2020-04-01 12:00:00,130
37477,418948N1220832W001,681719,2008-04-04T00:00:00Z,4239.07,4238.77,0,26,4213.07,26,25.7,Oil or foreign substance in casing,Unknown,Water level accuracy is unknown,1,Department of Water Resources,NA,1,Department of Water Resources,37477,160,410,37477,47N02W27C001M,47N02W27C001M,Unknown,Unknown,NA,NA,Siskiyou,601,Irrigation,Single Well,421213,1993-10-14 00:00:00 - 2020-04-01 12:00:00,130
37477,418948N1220832W001,681719,2008-04-04T00:00:00Z,4239.07,4238.77,0,26,4213.07,26,25.7,Oil or foreign substance in casing,Unknown,Water level accuracy is unknown,1,Department of Water Resources,NA,1,Department of Water Resources,37477,435,599,37477,47N02W27C001M,47N02W27C001M,Unknown,Unknown,NA,NA,Siskiyou,601,Irrigation,Single Well,421213,1993-10-14 00:00:00 - 2020-04-01 12:00:00,130
37477,418948N1220832W001,681718,2007-10-25T00:00:00Z,4239.07,4238.77,0,33.5,4205.57,33.5,33.2,Oil or foreign substance in casing,Unknown,Water level accuracy is unknown,1,Department of Water Resources,NA,1,Department of Water Resources,37477,160,410,37477,47N02W27C001M,47N02W27C001M,Unknown,Unknown,NA,NA,Siskiyou,601,Irrigation,Single Well,421213,1993-10-14 00:00:00 - 2020-04-01 12:00:00,130
37477,418948N1220832W001,681718,2007-10-25T00:00:00Z,4239.07,4238.77,0,33.5,4205.57,33.5,33.2,Oil or foreign substance in casing,Unknown,Water level accuracy is unknown,1,Department of Water Resources,NA,1,Department of Water Resources,37477,435,599,37477,47N02W27C001M,47N02W27C001M,Unknown,Unknown,NA,NA,Siskiyou,601,Irrigation,Single Well,421213,1993-10-14 00:00:00 - 2020-04-01 12:00:00,130
37477,418948N1220832W001,681717,2007-03-29T00:00:00Z,4239.07,4238.77,0,25.3,4213.77,25.3,25,Oil or foreign substance in casing,Unknown,Water level accuracy is unknown,1,Department of Water Resources,NA,1,Department of Water Resources,37477,160,410,37477,47N02W27C001M,47N02W27C001M,Unknown,Unknown,NA,NA,Siskiyou,601,Irrigation,Single Well,421213,1993-10-14 00:00:00 - 2020-04-01 12:00:00,130
37477,418948N1220832W001,681717,2007-03-29T00:00:00Z,4239.07,4238.77,0,25.3,4213.77,25.3,25,Oil or foreign substance in casing,Unknown,Water level accuracy is unknown,1,Department of Water Resources,NA,1,Department of Water Resources,37477,435,599,37477,47N02W27C001M,47N02W27C001M,Unknown,Unknown,NA,NA,Siskiyou,601,Irrigation,Single Well,421213,1993-10-14 00:00:00 - 2020-04-01 12:00:00,130
37477,418948N1220832W001,681716,2006-10-12T00:00:00Z,4239.07,4238.77,0,34.2,4204.87,34.2,33.9,Oil or foreign substance in casing,Unknown,Water level accuracy is unknown,1,Department of Water Resources,NA,1,Department of Water Resources,37477,160,410,37477,47N02W27C001M,47N02W27C001M,Unknown,Unknown,NA,NA,Siskiyou,601,Irrigation,Single Well,421213,1993-10-14 00:00:00 - 2020-04-01 12:00:00,130
37477,418948N1220832W001,681716,2006-10-12T00:00:00Z,4239.07,4238.77,0,34.2,4204.87,34.2,33.9,Oil or foreign substance in casing,Unknown,Water level accuracy is unknown,1,Department of Water Resources,NA,1,Department of Water Resources,37477,435,599,37477,47N02W27C001M,47N02W27C001M,Unknown,Unknown,NA,NA,Siskiyou,601,Irrigation,Single Well,421213,1993-10-14 00:00:00 - 2020-04-01 12:00:00,130
37477,418948N1220832W001,681715,2006-04-18T00:00:00Z,4239.07,4238.77,0,22.5,4216.57,22.5,22.2,Oil or foreign substance in casing,Unknown,Water level accuracy is unknown,1,Department of Water Resources,NA,1,Department of Water Resources,37477,160,410,37477,47N02W27C001M,47N02W27C001M,Unknown,Unknown,NA,NA,Siskiyou,601,Irrigation,Single Well,421213,1993-10-14 00:00:00 - 2020-04-01 12:00:00,130
37477,418948N1220832W001,681715,2006-04-18T00:00:00Z,4239.07,4238.77,0,22.5,4216.57,22.5,22.2,Oil or foreign substance in casing,Unknown,Water level accuracy is unknown,1,Department of Water Resources,NA,1,Department of Water Resources,37477,435,599,37477,47N02W27C001M,47N02W27C001M,Unknown,Unknown,NA,NA,Siskiyou,601,Irrigation,Single Well,421213,1993-10-14 00:00:00 - 2020-04-01 12:00:00,130
37477,418948N1220832W001,681714,2005-10-10T00:00:00Z,4239.07,4238.77,0,39,4200.07,39,38.7,Oil or foreign substance in casing,Unknown,Water level accuracy is unknown,1,Department of Water Resources,NA,1,Department of Water Resources,37477,160,410,37477,47N02W27C001M,47N02W27C001M,Unknown,Unknown,NA,NA,Siskiyou,601,Irrigation,Single Well,421213,1993-10-14 00:00:00 - 2020-04-01 12:00:00,130
37477,418948N1220832W001,681714,2005-10-10T00:00:00Z,4239.07,4238.77,0,39,4200.07,39,38.7,Oil or foreign substance in casing,Unknown,Water level accuracy is unknown,1,Department of Water Resources,NA,1,Department of Water Resources,37477,435,599,37477,47N02W27C001M,47N02W27C001M,Unknown,Unknown,NA,NA,Siskiyou,601,Irrigation,Single Well,421213,1993-10-14 00:00:00 - 2020-04-01 12:00:00,130
37477,418948N1220832W001,681713,2005-04-05T00:00:00Z,4239.07,4238.77,0,28.1,4210.97,28.1,27.8,Oil or foreign substance in casing,Unknown,Water level accuracy is unknown,1,Department of Water Resources,NA,1,Department of Water Resources,37477,160,410,37477,47N02W27C001M,47N02W27C001M,Unknown,Unknown,NA,NA,Siskiyou,601,Irrigation,Single Well,421213,1993-10-14 00:00:00 - 2020-04-01 12:00:00,130
37477,418948N1220832W001,681713,2005-04-05T00:00:00Z,4239.07,4238.77,0,28.1,4210.97,28.1,27.8,Oil or foreign substance in casing,Unknown,Water level accuracy is unknown,1,Department of Water Resources,NA,1,Department of Water Resources,37477,435,599,37477,47N02W27C001M,47N02W27C001M,Unknown,Unknown,NA,NA,Siskiyou,601,Irrigation,Single Well,421213,1993-10-14 00:00:00 - 2020-04-01 12:00:00,130
37477,418948N1220832W001,681712,2004-11-03T00:00:00Z,4239.07,4238.77,0,34.7,4204.37,34.7,34.4,Oil or foreign substance in casing,Unknown,Water level accuracy is unknown,1,Department of Water Resources,NA,1,Department of Water Resources,37477,160,410,37477,47N02W27C001M,47N02W27C001M,Unknown,Unknown,NA,NA,Siskiyou,601,Irrigation,Single Well,421213,1993-10-14 00:00:00 - 2020-04-01 12:00:00,130
37477,418948N1220832W001,681712,2004-11-03T00:00:00Z,4239.07,4238.77,0,34.7,4204.37,34.7,34.4,Oil or foreign substance in casing,Unknown,Water level accuracy is unknown,1,Department of Water Resources,NA,1,Department of Water Resources,37477,435,599,37477,47N02W27C001M,47N02W27C001M,Unknown,Unknown,NA,NA,Siskiyou,601,Irrigation,Single Well,421213,1993-10-14 00:00:00 - 2020-04-01 12:00:00,130
37477,418948N1220832W001,681711,2004-03-30T00:00:00Z,4239.07,4238.77,0,27,4212.07,27,26.7,Oil or foreign substance in casing,Unknown,Water level accuracy is unknown,1,Department of Water Resources,NA,1,Department of Water Resources,37477,160,410,37477,47N02W27C001M,47N02W27C001M,Unknown,Unknown,NA,NA,Siskiyou,601,Irrigation,Single Well,421213,1993-10-14 00:00:00 - 2020-04-01 12:00:00,130
37477,418948N1220832W001,681711,2004-03-30T00:00:00Z,4239.07,4238.77,0,27,4212.07,27,26.7,Oil or foreign substance in casing,Unknown,Water level accuracy is unknown,1,Department of Water Resources,NA,1,Department of Water Resources,37477,435,599,37477,47N02W27C001M,47N02W27C001M,Unknown,Unknown,NA,NA,Siskiyou,601,Irrigation,Single Well,421213,1993-10-14 00:00:00 - 2020-04-01 12:00:00,130
37477,418948N1220832W001,681710,2003-10-20T00:00:00Z,4239.07,4238.77,0,36,4203.07,36,35.7,Oil or foreign substance in casing,Unknown,Water level accuracy is unknown,1,Department of Water Resources,NA,1,Department of Water Resources,37477,160,410,37477,47N02W27C001M,47N02W27C001M,Unknown,Unknown,NA,NA,Siskiyou,601,Irrigation,Single Well,421213,1993-10-14 00:00:00 - 2020-04-01 12:00:00,130
37477,418948N1220832W001,681710,2003-10-20T00:00:00Z,4239.07,4238.77,0,36,4203.07,36,35.7,Oil or foreign substance in casing,Unknown,Water level accuracy is unknown,1,Department of Water Resources,NA,1,Department of Water Resources,37477,435,599,37477,47N02W27C001M,47N02W27C001M,Unknown,Unknown,NA,NA,Siskiyou,601,Irrigation,Single Well,421213,1993-10-14 00:00:00 - 2020-04-01 12:00:00,130
37477,418948N1220832W001,681709,2003-04-01T00:00:00Z,4239.07,4238.77,0,26.5,4212.57,26.5,26.2,Oil or foreign substance in casing,Unknown,Water level accuracy is unknown,1,Department of Water Resources,NA,1,Department of Water Resources,37477,160,410,37477,47N02W27C001M,47N02W27C001M,Unknown,Unknown,NA,NA,Siskiyou,601,Irrigation,Single Well,421213,1993-10-14 00:00:00 - 2020-04-01 12:00:00,130
37477,418948N1220832W001,681709,2003-04-01T00:00:00Z,4239.07,4238.77,0,26.5,4212.57,26.5,26.2,Oil or foreign substance in casing,Unknown,Water level accuracy is unknown,1,Department of Water Resources,NA,1,Department of Water Resources,37477,435,599,37477,47N02W27C001M,47N02W27C001M,Unknown,Unknown,NA,NA,Siskiyou,601,Irrigation,Single Well,421213,1993-10-14 00:00:00 - 2020-04-01 12:00:00,130
37477,418948N1220832W001,681708,2002-10-11T00:00:00Z,4239.07,4238.77,0,36.7,4202.37,36.7,36.4,Oil or foreign substance in casing,Unknown,Water level accuracy is unknown,1,Department of Water Resources,NA,1,Department of Water Resources,37477,160,410,37477,47N02W27C001M,47N02W27C001M,Unknown,Unknown,NA,NA,Siskiyou,601,Irrigation,Single Well,421213,1993-10-14 00:00:00 - 2020-04-01 12:00:00,130
37477,418948N1220832W001,681708,2002-10-11T00:00:00Z,4239.07,4238.77,0,36.7,4202.37,36.7,36.4,Oil or foreign substance in casing,Unknown,Water level accuracy is unknown,1,Department of Water Resources,NA,1,Department of Water Resources,37477,435,599,37477,47N02W27C001M,47N02W27C001M,Unknown,Unknown,NA,NA,Siskiyou,601,Irrigation,Single Well,421213,1993-10-14 00:00:00 - 2020-04-01 12:00:00,130
37477,418948N1220832W001,681707,2002-03-26T00:00:00Z,4239.07,4238.77,0,24.7,4214.37,24.7,24.4,NA,Unknown,Water level accuracy is unknown,1,Department of Water Resources,NA,1,Department of Water Resources,37477,160,410,37477,47N02W27C001M,47N02W27C001M,Unknown,Unknown,NA,NA,Siskiyou,601,Irrigation,Single Well,421213,1993-10-14 00:00:00 - 2020-04-01 12:00:00,130
37477,418948N1220832W001,681707,2002-03-26T00:00:00Z,4239.07,4238.77,0,24.7,4214.37,24.7,24.4,NA,Unknown,Water level accuracy is unknown,1,Department of Water Resources,NA,1,Department of Water Resources,37477,435,599,37477,47N02W27C001M,47N02W27C001M,Unknown,Unknown,NA,NA,Siskiyou,601,Irrigation,Single Well,421213,1993-10-14 00:00:00 - 2020-04-01 12:00:00,130
37477,418948N1220832W001,681706,2001-10-23T00:00:00Z,4239.07,4238.77,0,30.6,4208.47,30.6,30.3,NA,Unknown,Water level accuracy is unknown,1,Department of Water Resources,NA,1,Department of Water Resources,37477,160,410,37477,47N02W27C001M,47N02W27C001M,Unknown,Unknown,NA,NA,Siskiyou,601,Irrigation,Single Well,421213,1993-10-14 00:00:00 - 2020-04-01 12:00:00,130
37477,418948N1220832W001,681706,2001-10-23T00:00:00Z,4239.07,4238.77,0,30.6,4208.47,30.6,30.3,NA,Unknown,Water level accuracy is unknown,1,Department of Water Resources,NA,1,Department of Water Resources,37477,435,599,37477,47N02W27C001M,47N02W27C001M,Unknown,Unknown,NA,NA,Siskiyou,601,Irrigation,Single Well,421213,1993-10-14 00:00:00 - 2020-04-01 12:00:00,130
37477,418948N1220832W001,681705,2001-04-03T00:00:00Z,4239.07,4238.77,0,21.7,4217.37,21.7,21.4,Oil or foreign substance in casing,Unknown,Water level accuracy is unknown,1,Department of Water Resources,NA,1,Department of Water Resources,37477,160,410,37477,47N02W27C001M,47N02W27C001M,Unknown,Unknown,NA,NA,Siskiyou,601,Irrigation,Single Well,421213,1993-10-14 00:00:00 - 2020-04-01 12:00:00,130
37477,418948N1220832W001,681705,2001-04-03T00:00:00Z,4239.07,4238.77,0,21.7,4217.37,21.7,21.4,Oil or foreign substance in casing,Unknown,Water level accuracy is unknown,1,Department of Water Resources,NA,1,Department of Water Resources,37477,435,599,37477,47N02W27C001M,47N02W27C001M,Unknown,Unknown,NA,NA,Siskiyou,601,Irrigation,Single Well,421213,1993-10-14 00:00:00 - 2020-04-01 12:00:00,130
37477,418948N1220832W001,681704,2000-10-10T00:00:00Z,4239.07,4238.77,0,37.4,4201.67,37.4,37.1,Pumping,Unknown,Water level accuracy is unknown,1,Department of Water Resources,& OIL,1,Department of Water Resources,37477,160,410,37477,47N02W27C001M,47N02W27C001M,Unknown,Unknown,NA,NA,Siskiyou,601,Irrigation,Single Well,421213,1993-10-14 00:00:00 - 2020-04-01 12:00:00,130
37477,418948N1220832W001,681704,2000-10-10T00:00:00Z,4239.07,4238.77,0,37.4,4201.67,37.4,37.1,Pumping,Unknown,Water level accuracy is unknown,1,Department of Water Resources,& OIL,1,Department of Water Resources,37477,435,599,37477,47N02W27C001M,47N02W27C001M,Unknown,Unknown,NA,NA,Siskiyou,601,Irrigation,Single Well,421213,1993-10-14 00:00:00 - 2020-04-01 12:00:00,130
37477,418948N1220832W001,681703,2000-03-24T00:00:00Z,4239.07,4238.77,0,20.6,4218.47,20.6,20.3,Oil or foreign substance in casing,Unknown,Water level accuracy is unknown,1,Department of Water Resources,NA,1,Department of Water Resources,37477,160,410,37477,47N02W27C001M,47N02W27C001M,Unknown,Unknown,NA,NA,Siskiyou,601,Irrigation,Single Well,421213,1993-10-14 00:00:00 - 2020-04-01 12:00:00,130
37477,418948N1220832W001,681703,2000-03-24T00:00:00Z,4239.07,4238.77,0,20.6,4218.47,20.6,20.3,Oil or foreign substance in casing,Unknown,Water level accuracy is unknown,1,Department of Water Resources,NA,1,Department of Water Resources,37477,435,599,37477,47N02W27C001M,47N02W27C001M,Unknown,Unknown,NA,NA,Siskiyou,601,Irrigation,Single Well,421213,1993-10-14 00:00:00 - 2020-04-01 12:00:00,130
37477,418948N1220832W001,681701,1999-10-27T00:00:00Z,4239.07,4238.77,0,34.8,4204.27,34.8,34.5,Oil or foreign substance in casing,Unknown,Water level accuracy is unknown,1,Department of Water Resources,NA,1,Department of Water Resources,37477,160,410,37477,47N02W27C001M,47N02W27C001M,Unknown,Unknown,NA,NA,Siskiyou,601,Irrigation,Single Well,421213,1993-10-14 00:00:00 - 2020-04-01 12:00:00,130
37477,418948N1220832W001,681701,1999-10-27T00:00:00Z,4239.07,4238.77,0,34.8,4204.27,34.8,34.5,Oil or foreign substance in casing,Unknown,Water level accuracy is unknown,1,Department of Water Resources,NA,1,Department of Water Resources,37477,435,599,37477,47N02W27C001M,47N02W27C001M,Unknown,Unknown,NA,NA,Siskiyou,601,Irrigation,Single Well,421213,1993-10-14 00:00:00 - 2020-04-01 12:00:00,130
37477,418948N1220832W001,681702,1999-03-16T00:00:00Z,4239.07,4238.77,0,24.5,4214.57,24.5,24.2,Oil or foreign substance in casing,Unknown,Water level accuracy is unknown,1,Department of Water Resources,NA,1,Department of Water Resources,37477,160,410,37477,47N02W27C001M,47N02W27C001M,Unknown,Unknown,NA,NA,Siskiyou,601,Irrigation,Single Well,421213,1993-10-14 00:00:00 - 2020-04-01 12:00:00,130
37477,418948N1220832W001,681702,1999-03-16T00:00:00Z,4239.07,4238.77,0,24.5,4214.57,24.5,24.2,Oil or foreign substance in casing,Unknown,Water level accuracy is unknown,1,Department of Water Resources,NA,1,Department of Water Resources,37477,435,599,37477,47N02W27C001M,47N02W27C001M,Unknown,Unknown,NA,NA,Siskiyou,601,Irrigation,Single Well,421213,1993-10-14 00:00:00 - 2020-04-01 12:00:00,130
37477,418948N1220832W001,681700,1998-10-28T00:00:00Z,4239.07,4238.77,0,36.2,4202.87,36.2,35.9,Pumping,Unknown,Water level accuracy is unknown,1,Department of Water Resources,& OIL,1,Department of Water Resources,37477,160,410,37477,47N02W27C001M,47N02W27C001M,Unknown,Unknown,NA,NA,Siskiyou,601,Irrigation,Single Well,421213,1993-10-14 00:00:00 - 2020-04-01 12:00:00,130
37477,418948N1220832W001,681700,1998-10-28T00:00:00Z,4239.07,4238.77,0,36.2,4202.87,36.2,35.9,Pumping,Unknown,Water level accuracy is unknown,1,Department of Water Resources,& OIL,1,Department of Water Resources,37477,435,599,37477,47N02W27C001M,47N02W27C001M,Unknown,Unknown,NA,NA,Siskiyou,601,Irrigation,Single Well,421213,1993-10-14 00:00:00 - 2020-04-01 12:00:00,130
37477,418948N1220832W001,681699,1998-03-31T00:00:00Z,4239.07,4238.77,0,22.8,4216.27,22.8,22.5,Oil or foreign substance in casing,Unknown,Water level accuracy is unknown,1,Department of Water Resources,NA,1,Department of Water Resources,37477,160,410,37477,47N02W27C001M,47N02W27C001M,Unknown,Unknown,NA,NA,Siskiyou,601,Irrigation,Single Well,421213,1993-10-14 00:00:00 - 2020-04-01 12:00:00,130
37477,418948N1220832W001,681699,1998-03-31T00:00:00Z,4239.07,4238.77,0,22.8,4216.27,22.8,22.5,Oil or foreign substance in casing,Unknown,Water level accuracy is unknown,1,Department of Water Resources,NA,1,Department of Water Resources,37477,435,599,37477,47N02W27C001M,47N02W27C001M,Unknown,Unknown,NA,NA,Siskiyou,601,Irrigation,Single Well,421213,1993-10-14 00:00:00 - 2020-04-01 12:00:00,130
37477,418948N1220832W001,681698,1997-10-22T00:00:00Z,4239.07,4238.77,0,38.5,4200.57,38.5,38.2,Pumping,Unknown,Water level accuracy is unknown,1,Department of Water Resources,& OIL,1,Department of Water Resources,37477,160,410,37477,47N02W27C001M,47N02W27C001M,Unknown,Unknown,NA,NA,Siskiyou,601,Irrigation,Single Well,421213,1993-10-14 00:00:00 - 2020-04-01 12:00:00,130
37477,418948N1220832W001,681698,1997-10-22T00:00:00Z,4239.07,4238.77,0,38.5,4200.57,38.5,38.2,Pumping,Unknown,Water level accuracy is unknown,1,Department of Water Resources,& OIL,1,Department of Water Resources,37477,435,599,37477,47N02W27C001M,47N02W27C001M,Unknown,Unknown,NA,NA,Siskiyou,601,Irrigation,Single Well,421213,1993-10-14 00:00:00 - 2020-04-01 12:00:00,130
37477,418948N1220832W001,681697,1997-03-11T00:00:00Z,4239.07,4238.77,0,22.5,4216.57,22.5,22.2,Oil or foreign substance in casing,Unknown,Water level accuracy is unknown,1,Department of Water Resources,NA,1,Department of Water Resources,37477,160,410,37477,47N02W27C001M,47N02W27C001M,Unknown,Unknown,NA,NA,Siskiyou,601,Irrigation,Single Well,421213,1993-10-14 00:00:00 - 2020-04-01 12:00:00,130
37477,418948N1220832W001,681697,1997-03-11T00:00:00Z,4239.07,4238.77,0,22.5,4216.57,22.5,22.2,Oil or foreign substance in casing,Unknown,Water level accuracy is unknown,1,Department of Water Resources,NA,1,Department of Water Resources,37477,435,599,37477,47N02W27C001M,47N02W27C001M,Unknown,Unknown,NA,NA,Siskiyou,601,Irrigation,Single Well,421213,1993-10-14 00:00:00 - 2020-04-01 12:00:00,130
37477,418948N1220832W001,681696,1997-02-25T00:00:00Z,4239.07,4238.77,0,23.3,4215.77,23.3,23,NA,Unknown,Water level accuracy is unknown,1,Department of Water Resources,NA,1,Department of Water Resources,37477,160,410,37477,47N02W27C001M,47N02W27C001M,Unknown,Unknown,NA,NA,Siskiyou,601,Irrigation,Single Well,421213,1993-10-14 00:00:00 - 2020-04-01 12:00:00,130
37477,418948N1220832W001,681696,1997-02-25T00:00:00Z,4239.07,4238.77,0,23.3,4215.77,23.3,23,NA,Unknown,Water level accuracy is unknown,1,Department of Water Resources,NA,1,Department of Water Resources,37477,435,599,37477,47N02W27C001M,47N02W27C001M,Unknown,Unknown,NA,NA,Siskiyou,601,Irrigation,Single Well,421213,1993-10-14 00:00:00 - 2020-04-01 12:00:00,130
37477,418948N1220832W001,681695,1997-01-10T00:00:00Z,4239.07,4238.77,0,26.4,4212.67,26.4,26.1,NA,Unknown,Water level accuracy is unknown,1,Department of Water Resources,NA,1,Department of Water Resources,37477,160,410,37477,47N02W27C001M,47N02W27C001M,Unknown,Unknown,NA,NA,Siskiyou,601,Irrigation,Single Well,421213,1993-10-14 00:00:00 - 2020-04-01 12:00:00,130
37477,418948N1220832W001,681695,1997-01-10T00:00:00Z,4239.07,4238.77,0,26.4,4212.67,26.4,26.1,NA,Unknown,Water level accuracy is unknown,1,Department of Water Resources,NA,1,Department of Water Resources,37477,435,599,37477,47N02W27C001M,47N02W27C001M,Unknown,Unknown,NA,NA,Siskiyou,601,Irrigation,Single Well,421213,1993-10-14 00:00:00 - 2020-04-01 12:00:00,130
37477,418948N1220832W001,681694,1996-11-11T00:00:00Z,4239.07,4238.77,0,28,4211.07,28,27.7,Oil or foreign substance in casing,Unknown,Water level accuracy is unknown,1,Department of Water Resources,NA,1,Department of Water Resources,37477,160,410,37477,47N02W27C001M,47N02W27C001M,Unknown,Unknown,NA,NA,Siskiyou,601,Irrigation,Single Well,421213,1993-10-14 00:00:00 - 2020-04-01 12:00:00,130
37477,418948N1220832W001,681694,1996-11-11T00:00:00Z,4239.07,4238.77,0,28,4211.07,28,27.7,Oil or foreign substance in casing,Unknown,Water level accuracy is unknown,1,Department of Water Resources,NA,1,Department of Water Resources,37477,435,599,37477,47N02W27C001M,47N02W27C001M,Unknown,Unknown,NA,NA,Siskiyou,601,Irrigation,Single Well,421213,1993-10-14 00:00:00 - 2020-04-01 12:00:00,130
37477,418948N1220832W001,681693,1996-10-21T00:00:00Z,4239.07,4238.77,0,32.8,4206.27,32.8,32.5,Oil or foreign substance in casing,Unknown,Water level accuracy is unknown,1,Department of Water Resources,NA,1,Department of Water Resources,37477,160,410,37477,47N02W27C001M,47N02W27C001M,Unknown,Unknown,NA,NA,Siskiyou,601,Irrigation,Single Well,421213,1993-10-14 00:00:00 - 2020-04-01 12:00:00,130
37477,418948N1220832W001,681693,1996-10-21T00:00:00Z,4239.07,4238.77,0,32.8,4206.27,32.8,32.5,Oil or foreign substance in casing,Unknown,Water level accuracy is unknown,1,Department of Water Resources,NA,1,Department of Water Resources,37477,435,599,37477,47N02W27C001M,47N02W27C001M,Unknown,Unknown,NA,NA,Siskiyou,601,Irrigation,Single Well,421213,1993-10-14 00:00:00 - 2020-04-01 12:00:00,130
37477,418948N1220832W001,681692,1996-09-10T00:00:00Z,4239.07,4238.77,0,37.7,4201.37,37.7,37.4,Oil or foreign substance in casing,Unknown,Water level accuracy is unknown,1,Department of Water Resources,NA,1,Department of Water Resources,37477,160,410,37477,47N02W27C001M,47N02W27C001M,Unknown,Unknown,NA,NA,Siskiyou,601,Irrigation,Single Well,421213,1993-10-14 00:00:00 - 2020-04-01 12:00:00,130
37477,418948N1220832W001,681692,1996-09-10T00:00:00Z,4239.07,4238.77,0,37.7,4201.37,37.7,37.4,Oil or foreign substance in casing,Unknown,Water level accuracy is unknown,1,Department of Water Resources,NA,1,Department of Water Resources,37477,435,599,37477,47N02W27C001M,47N02W27C001M,Unknown,Unknown,NA,NA,Siskiyou,601,Irrigation,Single Well,421213,1993-10-14 00:00:00 - 2020-04-01 12:00:00,130
37477,418948N1220832W001,681691,1996-08-23T00:00:00Z,4239.07,4238.77,0,49.8,4189.27,49.8,49.5,Pumping,Unknown,Water level accuracy is unknown,1,Department of Water Resources,& OIL,1,Department of Water Resources,37477,160,410,37477,47N02W27C001M,47N02W27C001M,Unknown,Unknown,NA,NA,Siskiyou,601,Irrigation,Single Well,421213,1993-10-14 00:00:00 - 2020-04-01 12:00:00,130
37477,418948N1220832W001,681691,1996-08-23T00:00:00Z,4239.07,4238.77,0,49.8,4189.27,49.8,49.5,Pumping,Unknown,Water level accuracy is unknown,1,Department of Water Resources,& OIL,1,Department of Water Resources,37477,435,599,37477,47N02W27C001M,47N02W27C001M,Unknown,Unknown,NA,NA,Siskiyou,601,Irrigation,Single Well,421213,1993-10-14 00:00:00 - 2020-04-01 12:00:00,130
37477,418948N1220832W001,681690,1996-08-09T00:00:00Z,4239.07,4238.77,0,33.6,4205.47,33.6,33.3,Oil or foreign substance in casing,Unknown,Water level accuracy is unknown,1,Department of Water Resources,NA,1,Department of Water Resources,37477,160,410,37477,47N02W27C001M,47N02W27C001M,Unknown,Unknown,NA,NA,Siskiyou,601,Irrigation,Single Well,421213,1993-10-14 00:00:00 - 2020-04-01 12:00:00,130
37477,418948N1220832W001,681690,1996-08-09T00:00:00Z,4239.07,4238.77,0,33.6,4205.47,33.6,33.3,Oil or foreign substance in casing,Unknown,Water level accuracy is unknown,1,Department of Water Resources,NA,1,Department of Water Resources,37477,435,599,37477,47N02W27C001M,47N02W27C001M,Unknown,Unknown,NA,NA,Siskiyou,601,Irrigation,Single Well,421213,1993-10-14 00:00:00 - 2020-04-01 12:00:00,130
37477,418948N1220832W001,681689,1996-07-26T00:00:00Z,4239.07,4238.77,0,44.9,4194.17,44.9,44.6,Oil or foreign substance in casing,Unknown,Water level accuracy is unknown,1,Department of Water Resources,NA,1,Department of Water Resources,37477,160,410,37477,47N02W27C001M,47N02W27C001M,Unknown,Unknown,NA,NA,Siskiyou,601,Irrigation,Single Well,421213,1993-10-14 00:00:00 - 2020-04-01 12:00:00,130
37477,418948N1220832W001,681689,1996-07-26T00:00:00Z,4239.07,4238.77,0,44.9,4194.17,44.9,44.6,Oil or foreign substance in casing,Unknown,Water level accuracy is unknown,1,Department of Water Resources,NA,1,Department of Water Resources,37477,435,599,37477,47N02W27C001M,47N02W27C001M,Unknown,Unknown,NA,NA,Siskiyou,601,Irrigation,Single Well,421213,1993-10-14 00:00:00 - 2020-04-01 12:00:00,130
37477,418948N1220832W001,681688,1996-07-17T00:00:00Z,4239.07,4238.77,0,35.4,4203.67,35.4,35.1,Oil or foreign substance in casing,Unknown,Water level accuracy is unknown,1,Department of Water Resources,NA,1,Department of Water Resources,37477,160,410,37477,47N02W27C001M,47N02W27C001M,Unknown,Unknown,NA,NA,Siskiyou,601,Irrigation,Single Well,421213,1993-10-14 00:00:00 - 2020-04-01 12:00:00,130
37477,418948N1220832W001,681688,1996-07-17T00:00:00Z,4239.07,4238.77,0,35.4,4203.67,35.4,35.1,Oil or foreign substance in casing,Unknown,Water level accuracy is unknown,1,Department of Water Resources,NA,1,Department of Water Resources,37477,435,599,37477,47N02W27C001M,47N02W27C001M,Unknown,Unknown,NA,NA,Siskiyou,601,Irrigation,Single Well,421213,1993-10-14 00:00:00 - 2020-04-01 12:00:00,130
37477,418948N1220832W001,681687,1996-06-14T00:00:00Z,4239.07,4238.77,0,29.5,4209.57,29.5,29.2,NA,Unknown,Water level accuracy is unknown,1,Department of Water Resources,NA,1,Department of Water Resources,37477,160,410,37477,47N02W27C001M,47N02W27C001M,Unknown,Unknown,NA,NA,Siskiyou,601,Irrigation,Single Well,421213,1993-10-14 00:00:00 - 2020-04-01 12:00:00,130
37477,418948N1220832W001,681687,1996-06-14T00:00:00Z,4239.07,4238.77,0,29.5,4209.57,29.5,29.2,NA,Unknown,Water level accuracy is unknown,1,Department of Water Resources,NA,1,Department of Water Resources,37477,435,599,37477,47N02W27C001M,47N02W27C001M,Unknown,Unknown,NA,NA,Siskiyou,601,Irrigation,Single Well,421213,1993-10-14 00:00:00 - 2020-04-01 12:00:00,130
37477,418948N1220832W001,681686,1996-05-02T00:00:00Z,4239.07,4238.77,0,34.2,4204.87,34.2,33.9,NA,Unknown,Water level accuracy is unknown,1,Department of Water Resources,NA,1,Department of Water Resources,37477,160,410,37477,47N02W27C001M,47N02W27C001M,Unknown,Unknown,NA,NA,Siskiyou,601,Irrigation,Single Well,421213,1993-10-14 00:00:00 - 2020-04-01 12:00:00,130
37477,418948N1220832W001,681686,1996-05-02T00:00:00Z,4239.07,4238.77,0,34.2,4204.87,34.2,33.9,NA,Unknown,Water level accuracy is unknown,1,Department of Water Resources,NA,1,Department of Water Resources,37477,435,599,37477,47N02W27C001M,47N02W27C001M,Unknown,Unknown,NA,NA,Siskiyou,601,Irrigation,Single Well,421213,1993-10-14 00:00:00 - 2020-04-01 12:00:00,130
37477,418948N1220832W001,681685,1996-04-30T00:00:00Z,4239.07,4238.77,0,22.6,4216.47,22.6,22.3,NA,Unknown,Water level accuracy is unknown,1,Department of Water Resources,NA,1,Department of Water Resources,37477,160,410,37477,47N02W27C001M,47N02W27C001M,Unknown,Unknown,NA,NA,Siskiyou,601,Irrigation,Single Well,421213,1993-10-14 00:00:00 - 2020-04-01 12:00:00,130
37477,418948N1220832W001,681685,1996-04-30T00:00:00Z,4239.07,4238.77,0,22.6,4216.47,22.6,22.3,NA,Unknown,Water level accuracy is unknown,1,Department of Water Resources,NA,1,Department of Water Resources,37477,435,599,37477,47N02W27C001M,47N02W27C001M,Unknown,Unknown,NA,NA,Siskiyou,601,Irrigation,Single Well,421213,1993-10-14 00:00:00 - 2020-04-01 12:00:00,130
37477,418948N1220832W001,681684,1996-03-26T00:00:00Z,4239.07,4238.77,0,23.3,4215.77,23.3,23,Oil or foreign substance in casing,Unknown,Water level accuracy is unknown,1,Department of Water Resources,NA,1,Department of Water Resources,37477,160,410,37477,47N02W27C001M,47N02W27C001M,Unknown,Unknown,NA,NA,Siskiyou,601,Irrigation,Single Well,421213,1993-10-14 00:00:00 - 2020-04-01 12:00:00,130
37477,418948N1220832W001,681684,1996-03-26T00:00:00Z,4239.07,4238.77,0,23.3,4215.77,23.3,23,Oil or foreign substance in casing,Unknown,Water level accuracy is unknown,1,Department of Water Resources,NA,1,Department of Water Resources,37477,435,599,37477,47N02W27C001M,47N02W27C001M,Unknown,Unknown,NA,NA,Siskiyou,601,Irrigation,Single Well,421213,1993-10-14 00:00:00 - 2020-04-01 12:00:00,130
37477,418948N1220832W001,681683,1995-10-17T00:00:00Z,4239.07,4238.77,0,37,4202.07,37,36.7,Oil or foreign substance in casing,Unknown,Water level accuracy is unknown,1,Department of Water Resources,NA,1,Department of Water Resources,37477,160,410,37477,47N02W27C001M,47N02W27C001M,Unknown,Unknown,NA,NA,Siskiyou,601,Irrigation,Single Well,421213,1993-10-14 00:00:00 - 2020-04-01 12:00:00,130
37477,418948N1220832W001,681683,1995-10-17T00:00:00Z,4239.07,4238.77,0,37,4202.07,37,36.7,Oil or foreign substance in casing,Unknown,Water level accuracy is unknown,1,Department of Water Resources,NA,1,Department of Water Resources,37477,435,599,37477,47N02W27C001M,47N02W27C001M,Unknown,Unknown,NA,NA,Siskiyou,601,Irrigation,Single Well,421213,1993-10-14 00:00:00 - 2020-04-01 12:00:00,130
37477,418948N1220832W001,681682,1995-03-27T00:00:00Z,4239.07,4238.77,0,28.4,4210.67,28.4,28.1,NA,Unknown,Water level accuracy is unknown,1,Department of Water Resources,NA,1,Department of Water Resources,37477,160,410,37477,47N02W27C001M,47N02W27C001M,Unknown,Unknown,NA,NA,Siskiyou,601,Irrigation,Single Well,421213,1993-10-14 00:00:00 - 2020-04-01 12:00:00,130
37477,418948N1220832W001,681682,1995-03-27T00:00:00Z,4239.07,4238.77,0,28.4,4210.67,28.4,28.1,NA,Unknown,Water level accuracy is unknown,1,Department of Water Resources,NA,1,Department of Water Resources,37477,435,599,37477,47N02W27C001M,47N02W27C001M,Unknown,Unknown,NA,NA,Siskiyou,601,Irrigation,Single Well,421213,1993-10-14 00:00:00 - 2020-04-01 12:00:00,130
37477,418948N1220832W001,681681,1994-10-26T00:00:00Z,4239.07,4238.77,0,35.7,4203.37,35.7,35.4,Oil or foreign substance in casing,Unknown,Water level accuracy is unknown,1,Department of Water Resources,NA,1,Department of Water Resources,37477,160,410,37477,47N02W27C001M,47N02W27C001M,Unknown,Unknown,NA,NA,Siskiyou,601,Irrigation,Single Well,421213,1993-10-14 00:00:00 - 2020-04-01 12:00:00,130
37477,418948N1220832W001,681681,1994-10-26T00:00:00Z,4239.07,4238.77,0,35.7,4203.37,35.7,35.4,Oil or foreign substance in casing,Unknown,Water level accuracy is unknown,1,Department of Water Resources,NA,1,Department of Water Resources,37477,435,599,37477,47N02W27C001M,47N02W27C001M,Unknown,Unknown,NA,NA,Siskiyou,601,Irrigation,Single Well,421213,1993-10-14 00:00:00 - 2020-04-01 12:00:00,130
37477,418948N1220832W001,681680,1994-03-29T00:00:00Z,4239.07,4238.77,0,27.1,4211.97,27.1,26.8,Oil or foreign substance in casing,Unknown,Water level accuracy is unknown,1,Department of Water Resources,NA,1,Department of Water Resources,37477,160,410,37477,47N02W27C001M,47N02W27C001M,Unknown,Unknown,NA,NA,Siskiyou,601,Irrigation,Single Well,421213,1993-10-14 00:00:00 - 2020-04-01 12:00:00,130
37477,418948N1220832W001,681680,1994-03-29T00:00:00Z,4239.07,4238.77,0,27.1,4211.97,27.1,26.8,Oil or foreign substance in casing,Unknown,Water level accuracy is unknown,1,Department of Water Resources,NA,1,Department of Water Resources,37477,435,599,37477,47N02W27C001M,47N02W27C001M,Unknown,Unknown,NA,NA,Siskiyou,601,Irrigation,Single Well,421213,1993-10-14 00:00:00 - 2020-04-01 12:00:00,130
37477,418948N1220832W001,681679,1993-10-14T00:00:00Z,4239.07,4238.77,0,31.2,4207.87,31.2,30.9,Oil or foreign substance in casing,Unknown,Water level accuracy is unknown,1,Department of Water Resources,NA,1,Department of Water Resources,37477,160,410,37477,47N02W27C001M,47N02W27C001M,Unknown,Unknown,NA,NA,Siskiyou,601,Irrigation,Single Well,421213,1993-10-14 00:00:00 - 2020-04-01 12:00:00,130
37477,418948N1220832W001,681679,1993-10-14T00:00:00Z,4239.07,4238.77,0,31.2,4207.87,31.2,30.9,Oil or foreign substance in casing,Unknown,Water level accuracy is unknown,1,Department of Water Resources,NA,1,Department of Water Resources,37477,435,599,37477,47N02W27C001M,47N02W27C001M,Unknown,Unknown,NA,NA,Siskiyou,601,Irrigation,Single Well,421213,1993-10-14 00:00:00 - 2020-04-01 12:00:00,130
