SITE_CODE,WLM_ID,MSMT_DATE,WLM_RPE,WLM_GSE,RDNG_WS,RDNG_RP,WSE,RPE_WSE,GSE_WSE,WLM_QA_DESC,WLM_DESC,WLM_ACC_DESC,WLM_ORG_ID,WLM_ORG_NAME,MSMT_CMT,COOP_AGENCY_ORG_ID,COOP_ORG_NAME,TOP_PRF,BOT_PRF,STN_ID,SWN,WELL_NAME,WLM_METHOD,WLM_ACC,BASIN_CODE,BASIN_NAME,COUNTY_NAME,WELL_DEPTH,WELL_USE,WELL_TYPE,WCR_NO,t_range,n_samples,X,Y
419018N1220664W001,2619125,2020-04-01T12:00:00Z,4243.5,4242.8,27.5,65,4206,37.5,36.8,NA,Steel tape measurement,Water level accuracy to nearest tenth of a foot,1,Department of Water Resources,NA,1,Department of Water Resources,150,281,23450,47N02W23L001M,47N02W23L001M,USGS quad,5 ft.,NA,NA,Siskiyou,281,Irrigation,Single Well,NA,1977-04-05 00:00:00 - 2020-04-01 12:00:00,105,-122.066,41.9017
419018N1220664W001,2453080,2019-04-03T12:00:00Z,4243.5,4242.8,7.5,45,4206,37.5,36.8,NA,Steel tape measurement,Water level accuracy to nearest tenth of a foot,1,Department of Water Resources,NA,1,Department of Water Resources,150,281,23450,47N02W23L001M,47N02W23L001M,USGS quad,5 ft.,NA,NA,Siskiyou,281,Irrigation,Single Well,NA,1977-04-05 00:00:00 - 2020-04-01 12:00:00,105,-122.066,41.9017
419018N1220664W001,2413571,2018-10-30T12:00:00Z,4243.5,4242.8,6.2,50,4199.7,43.8,43.1,NA,Steel tape measurement,Water level accuracy to nearest tenth of a foot,1,Department of Water Resources,NA,1,Department of Water Resources,150,281,23450,47N02W23L001M,47N02W23L001M,USGS quad,5 ft.,NA,NA,Siskiyou,281,Irrigation,Single Well,NA,1977-04-05 00:00:00 - 2020-04-01 12:00:00,105,-122.066,41.9017
419018N1220664W001,2286520,2018-03-30T12:00:00Z,4243.5,4242.8,15.9,52,4207.4,36.1,35.4,NA,Steel tape measurement,Water level accuracy to nearest tenth of a foot,1,Department of Water Resources,NA,1,Department of Water Resources,150,281,23450,47N02W23L001M,47N02W23L001M,USGS quad,5 ft.,NA,NA,Siskiyou,281,Irrigation,Single Well,NA,1977-04-05 00:00:00 - 2020-04-01 12:00:00,105,-122.066,41.9017
419018N1220664W001,2266647,2017-10-17T12:00:00Z,4243.5,4242.8,7.9,50,4201.4,42.1,41.4,NA,Steel tape measurement,Water level accuracy to nearest tenth of a foot,1,Department of Water Resources,NA,1,Department of Water Resources,150,281,23450,47N02W23L001M,47N02W23L001M,USGS quad,5 ft.,NA,NA,Siskiyou,281,Irrigation,Single Well,NA,1977-04-05 00:00:00 - 2020-04-01 12:00:00,105,-122.066,41.9017
419018N1220664W001,2241625,2017-03-23T12:00:00Z,4243.5,4242.8,7.4,45,4205.9,37.6,36.9,NA,Steel tape measurement,Water level accuracy to nearest tenth of a foot,1,Department of Water Resources,NA,1,Department of Water Resources,150,281,23450,47N02W23L001M,47N02W23L001M,USGS quad,5 ft.,NA,NA,Siskiyou,281,Irrigation,Single Well,NA,1977-04-05 00:00:00 - 2020-04-01 12:00:00,105,-122.066,41.9017
419018N1220664W001,2214916,2016-10-20T12:00:00Z,4243.5,4242.8,5.6,52,4197.1,46.4,45.7,NA,Steel tape measurement,Water level accuracy to nearest tenth of a foot,1,Department of Water Resources,NA,1,Department of Water Resources,150,281,23450,47N02W23L001M,47N02W23L001M,USGS quad,5 ft.,NA,NA,Siskiyou,281,Irrigation,Single Well,NA,1977-04-05 00:00:00 - 2020-04-01 12:00:00,105,-122.066,41.9017
419018N1220664W001,2184903,2016-03-22T12:00:00Z,4243.5,4242.8,3.2,42,4204.7,38.8,38.1,NA,Steel tape measurement,Water level accuracy to nearest tenth of a foot,1,Department of Water Resources,NA,1,Department of Water Resources,150,281,23450,47N02W23L001M,47N02W23L001M,USGS quad,5 ft.,NA,NA,Siskiyou,281,Irrigation,Single Well,NA,1977-04-05 00:00:00 - 2020-04-01 12:00:00,105,-122.066,41.9017
419018N1220664W001,2158527,2015-10-19T00:00:00Z,4243.5,4242.8,3.9,50,4197.4,46.1,45.4,NA,Steel tape measurement,Water level accuracy to nearest tenth of a foot,1,Department of Water Resources,NA,1,Department of Water Resources,150,281,23450,47N02W23L001M,47N02W23L001M,USGS quad,5 ft.,NA,NA,Siskiyou,281,Irrigation,Single Well,NA,1977-04-05 00:00:00 - 2020-04-01 12:00:00,105,-122.066,41.9017
419018N1220664W001,2130484,2015-03-23T00:00:00Z,4243.5,4242.8,3.2,41,4205.7,37.8,37.1,NA,Steel tape measurement,Water level accuracy to nearest tenth of a foot,1,Department of Water Resources,NA,1,Department of Water Resources,150,281,23450,47N02W23L001M,47N02W23L001M,USGS quad,5 ft.,NA,NA,Siskiyou,281,Irrigation,Single Well,NA,1977-04-05 00:00:00 - 2020-04-01 12:00:00,105,-122.066,41.9017
419018N1220664W001,2029095,2014-10-20T00:00:00Z,4243.5,4242.8,20.1,65,4198.6,44.9,44.2,NA,Steel tape measurement,Water level accuracy to nearest tenth of a foot,1,Department of Water Resources,NA,1,Department of Water Resources,150,281,23450,47N02W23L001M,47N02W23L001M,USGS quad,5 ft.,NA,NA,Siskiyou,281,Irrigation,Single Well,NA,1977-04-05 00:00:00 - 2020-04-01 12:00:00,105,-122.066,41.9017
419018N1220664W001,1885362,2014-03-24T00:00:00Z,4243.5,4242.8,0.4,36,4207.9,35.6,34.9,Oil or foreign substance in casing,Steel tape measurement,Water level accuracy to nearest tenth of a foot,1,Department of Water Resources,New Pump Installed ?.New RP,1,Department of Water Resources,150,281,23450,47N02W23L001M,47N02W23L001M,USGS quad,5 ft.,NA,NA,Siskiyou,281,Irrigation,Single Well,NA,1977-04-05 00:00:00 - 2020-04-01 12:00:00,105,-122.066,41.9017
419018N1220664W001,1797534,2013-10-21T00:00:00Z,4243.9,4242.77,6,47,4202.9,41,39.87,Oil or foreign substance in casing,Steel tape measurement,Water level accuracy to nearest tenth of a foot,1,Department of Water Resources,New Pump Installed ?.New RP,1,Department of Water Resources,150,281,23450,47N02W23L001M,47N02W23L001M,USGS quad,5 ft.,NA,NA,Siskiyou,281,Irrigation,Single Well,NA,1977-04-05 00:00:00 - 2020-04-01 12:00:00,105,-122.066,41.9017
419018N1220664W001,1685067,2013-03-25T00:00:00Z,4242.77,4242.77,6.9,40,4209.67,33.1,33.1,Oil or foreign substance in casing,Steel tape measurement,Water level accuracy to nearest tenth of a foot,1,Department of Water Resources,NA,1,Department of Water Resources,150,281,23450,47N02W23L001M,47N02W23L001M,USGS quad,5 ft.,NA,NA,Siskiyou,281,Irrigation,Single Well,NA,1977-04-05 00:00:00 - 2020-04-01 12:00:00,105,-122.066,41.9017
419018N1220664W001,70283,2012-10-29T00:00:00Z,4242.77,4242.77,16,55,4203.77,39,39,Oil or foreign substance in casing,Steel tape measurement,Water level accuracy to nearest tenth of a foot,1,Department of Water Resources,NA,1,Department of Water Resources,150,281,23450,47N02W23L001M,47N02W23L001M,USGS quad,5 ft.,NA,NA,Siskiyou,281,Irrigation,Single Well,NA,1977-04-05 00:00:00 - 2020-04-01 12:00:00,105,-122.066,41.9017
419018N1220664W001,59914,2012-04-17T00:00:00Z,4242.77,4242.77,3.3,33,4213.07,29.7,29.7,NA,Steel tape measurement,Water level accuracy to nearest tenth of a foot,1,Department of Water Resources,NA,1,Department of Water Resources,150,281,23450,47N02W23L001M,47N02W23L001M,USGS quad,5 ft.,NA,NA,Siskiyou,281,Irrigation,Single Well,NA,1977-04-05 00:00:00 - 2020-04-01 12:00:00,105,-122.066,41.9017
419018N1220664W001,1791987,2011-10-18T00:00:00Z,4242.77,4242.77,0,33.5,4209.27,33.5,33.5,Oil or foreign substance in casing,Unknown,Water level accuracy is unknown,1,Department of Water Resources,NA,1,Department of Water Resources,150,281,23450,47N02W23L001M,47N02W23L001M,USGS quad,5 ft.,NA,NA,Siskiyou,281,Irrigation,Single Well,NA,1977-04-05 00:00:00 - 2020-04-01 12:00:00,105,-122.066,41.9017
419018N1220664W001,41191,2011-10-18T00:00:00Z,4242.77,4242.77,0,33.5,4209.27,33.5,33.5,Oil or foreign substance in casing,Steel tape measurement,Water level accuracy to nearest tenth of a foot,1,Department of Water Resources,NA,1,Department of Water Resources,150,281,23450,47N02W23L001M,47N02W23L001M,USGS quad,5 ft.,NA,NA,Siskiyou,281,Irrigation,Single Well,NA,1977-04-05 00:00:00 - 2020-04-01 12:00:00,105,-122.066,41.9017
419018N1220664W001,1791986,2011-04-20T00:00:00Z,4242.77,4242.77,0,29.9,4212.87,29.9,29.9,Oil or foreign substance in casing,Unknown,Water level accuracy is unknown,1,Department of Water Resources,NA,1,Department of Water Resources,150,281,23450,47N02W23L001M,47N02W23L001M,USGS quad,5 ft.,NA,NA,Siskiyou,281,Irrigation,Single Well,NA,1977-04-05 00:00:00 - 2020-04-01 12:00:00,105,-122.066,41.9017
419018N1220664W001,1791985,2010-10-25T00:00:00Z,4242.77,4242.77,0,38.9,4203.87,38.9,38.9,Oil or foreign substance in casing,Unknown,Water level accuracy is unknown,1,Department of Water Resources,NA,1,Department of Water Resources,150,281,23450,47N02W23L001M,47N02W23L001M,USGS quad,5 ft.,NA,NA,Siskiyou,281,Irrigation,Single Well,NA,1977-04-05 00:00:00 - 2020-04-01 12:00:00,105,-122.066,41.9017
419018N1220664W001,1791984,2010-03-30T00:00:00Z,4242.77,4242.77,0,30.4,4212.37,30.4,30.4,Oil or foreign substance in casing,Unknown,Water level accuracy is unknown,1,Department of Water Resources,NA,1,Department of Water Resources,150,281,23450,47N02W23L001M,47N02W23L001M,USGS quad,5 ft.,NA,NA,Siskiyou,281,Irrigation,Single Well,NA,1977-04-05 00:00:00 - 2020-04-01 12:00:00,105,-122.066,41.9017
419018N1220664W001,1791983,2009-10-27T00:00:00Z,4242.77,4242.77,0,40,4202.77,40,40,Oil or foreign substance in casing,Unknown,Water level accuracy is unknown,1,Department of Water Resources,NA,1,Department of Water Resources,150,281,23450,47N02W23L001M,47N02W23L001M,USGS quad,5 ft.,NA,NA,Siskiyou,281,Irrigation,Single Well,NA,1977-04-05 00:00:00 - 2020-04-01 12:00:00,105,-122.066,41.9017
419018N1220664W001,1791982,2009-04-08T00:00:00Z,4242.77,4242.77,0,29.9,4212.87,29.9,29.9,Oil or foreign substance in casing,Unknown,Water level accuracy is unknown,1,Department of Water Resources,NA,1,Department of Water Resources,150,281,23450,47N02W23L001M,47N02W23L001M,USGS quad,5 ft.,NA,NA,Siskiyou,281,Irrigation,Single Well,NA,1977-04-05 00:00:00 - 2020-04-01 12:00:00,105,-122.066,41.9017
419018N1220664W001,1791981,2008-10-30T00:00:00Z,4242.77,4242.77,0,38.4,4204.37,38.4,38.4,Oil or foreign substance in casing,Unknown,Water level accuracy is unknown,1,Department of Water Resources,NA,1,Department of Water Resources,150,281,23450,47N02W23L001M,47N02W23L001M,USGS quad,5 ft.,NA,NA,Siskiyou,281,Irrigation,Single Well,NA,1977-04-05 00:00:00 - 2020-04-01 12:00:00,105,-122.066,41.9017
419018N1220664W001,1791980,2008-04-04T00:00:00Z,4242.77,4242.77,0,26.2,4216.57,26.2,26.2,Oil or foreign substance in casing,Unknown,Water level accuracy is unknown,1,Department of Water Resources,NA,1,Department of Water Resources,150,281,23450,47N02W23L001M,47N02W23L001M,USGS quad,5 ft.,NA,NA,Siskiyou,281,Irrigation,Single Well,NA,1977-04-05 00:00:00 - 2020-04-01 12:00:00,105,-122.066,41.9017
419018N1220664W001,1791979,2007-10-25T00:00:00Z,4242.77,4242.77,0,38.7,4204.07,38.7,38.7,Oil or foreign substance in casing,Unknown,Water level accuracy is unknown,1,Department of Water Resources,NA,1,Department of Water Resources,150,281,23450,47N02W23L001M,47N02W23L001M,USGS quad,5 ft.,NA,NA,Siskiyou,281,Irrigation,Single Well,NA,1977-04-05 00:00:00 - 2020-04-01 12:00:00,105,-122.066,41.9017
419018N1220664W001,1791978,2007-03-29T00:00:00Z,4242.77,4242.77,0,23.8,4218.97,23.8,23.8,Oil or foreign substance in casing,Unknown,Water level accuracy is unknown,1,Department of Water Resources,NA,1,Department of Water Resources,150,281,23450,47N02W23L001M,47N02W23L001M,USGS quad,5 ft.,NA,NA,Siskiyou,281,Irrigation,Single Well,NA,1977-04-05 00:00:00 - 2020-04-01 12:00:00,105,-122.066,41.9017
419018N1220664W001,1791977,2006-10-12T00:00:00Z,4242.77,4242.77,0,36,4206.77,36,36,Oil or foreign substance in casing,Unknown,Water level accuracy is unknown,1,Department of Water Resources,NA,1,Department of Water Resources,150,281,23450,47N02W23L001M,47N02W23L001M,USGS quad,5 ft.,NA,NA,Siskiyou,281,Irrigation,Single Well,NA,1977-04-05 00:00:00 - 2020-04-01 12:00:00,105,-122.066,41.9017
419018N1220664W001,1791976,2006-04-18T00:00:00Z,4242.77,4242.77,0,28.2,4214.57,28.2,28.2,Oil or foreign substance in casing,Unknown,Water level accuracy is unknown,1,Department of Water Resources,NA,1,Department of Water Resources,150,281,23450,47N02W23L001M,47N02W23L001M,USGS quad,5 ft.,NA,NA,Siskiyou,281,Irrigation,Single Well,NA,1977-04-05 00:00:00 - 2020-04-01 12:00:00,105,-122.066,41.9017
419018N1220664W001,1791975,2005-10-10T00:00:00Z,4242.77,4242.77,0,38,4204.77,38,38,Oil or foreign substance in casing,Unknown,Water level accuracy is unknown,1,Department of Water Resources,NA,1,Department of Water Resources,150,281,23450,47N02W23L001M,47N02W23L001M,USGS quad,5 ft.,NA,NA,Siskiyou,281,Irrigation,Single Well,NA,1977-04-05 00:00:00 - 2020-04-01 12:00:00,105,-122.066,41.9017
419018N1220664W001,1791974,2005-04-05T00:00:00Z,4242.77,4242.77,0,28.3,4214.47,28.3,28.3,Oil or foreign substance in casing,Unknown,Water level accuracy is unknown,1,Department of Water Resources,NA,1,Department of Water Resources,150,281,23450,47N02W23L001M,47N02W23L001M,USGS quad,5 ft.,NA,NA,Siskiyou,281,Irrigation,Single Well,NA,1977-04-05 00:00:00 - 2020-04-01 12:00:00,105,-122.066,41.9017
419018N1220664W001,1791973,2004-11-03T00:00:00Z,4242.77,4242.77,0,34.6,4208.17,34.6,34.6,Oil or foreign substance in casing,Unknown,Water level accuracy is unknown,1,Department of Water Resources,NA,1,Department of Water Resources,150,281,23450,47N02W23L001M,47N02W23L001M,USGS quad,5 ft.,NA,NA,Siskiyou,281,Irrigation,Single Well,NA,1977-04-05 00:00:00 - 2020-04-01 12:00:00,105,-122.066,41.9017
419018N1220664W001,1791972,2004-03-30T00:00:00Z,4242.77,4242.77,0,26.4,4216.37,26.4,26.4,Oil or foreign substance in casing,Unknown,Water level accuracy is unknown,1,Department of Water Resources,NA,1,Department of Water Resources,150,281,23450,47N02W23L001M,47N02W23L001M,USGS quad,5 ft.,NA,NA,Siskiyou,281,Irrigation,Single Well,NA,1977-04-05 00:00:00 - 2020-04-01 12:00:00,105,-122.066,41.9017
419018N1220664W001,1791971,2003-10-20T00:00:00Z,4242.77,4242.77,0,34,4208.77,34,34,Oil or foreign substance in casing,Unknown,Water level accuracy is unknown,1,Department of Water Resources,NA,1,Department of Water Resources,150,281,23450,47N02W23L001M,47N02W23L001M,USGS quad,5 ft.,NA,NA,Siskiyou,281,Irrigation,Single Well,NA,1977-04-05 00:00:00 - 2020-04-01 12:00:00,105,-122.066,41.9017
419018N1220664W001,1791970,2003-04-01T00:00:00Z,4242.77,4242.77,0,25.9,4216.87,25.9,25.9,Oil or foreign substance in casing,Unknown,Water level accuracy is unknown,1,Department of Water Resources,NA,1,Department of Water Resources,150,281,23450,47N02W23L001M,47N02W23L001M,USGS quad,5 ft.,NA,NA,Siskiyou,281,Irrigation,Single Well,NA,1977-04-05 00:00:00 - 2020-04-01 12:00:00,105,-122.066,41.9017
419018N1220664W001,1791969,2002-10-11T00:00:00Z,4242.77,4242.77,0,33.9,4208.87,33.9,33.9,Oil or foreign substance in casing,Unknown,Water level accuracy is unknown,1,Department of Water Resources,NA,1,Department of Water Resources,150,281,23450,47N02W23L001M,47N02W23L001M,USGS quad,5 ft.,NA,NA,Siskiyou,281,Irrigation,Single Well,NA,1977-04-05 00:00:00 - 2020-04-01 12:00:00,105,-122.066,41.9017
419018N1220664W001,1791968,2002-03-26T00:00:00Z,4242.77,4242.77,0,23.8,4218.97,23.8,23.8,Oil or foreign substance in casing,Unknown,Water level accuracy is unknown,1,Department of Water Resources,NA,1,Department of Water Resources,150,281,23450,47N02W23L001M,47N02W23L001M,USGS quad,5 ft.,NA,NA,Siskiyou,281,Irrigation,Single Well,NA,1977-04-05 00:00:00 - 2020-04-01 12:00:00,105,-122.066,41.9017
419018N1220664W001,1791967,2001-10-23T00:00:00Z,4242.77,4242.77,0,41.6,4201.17,41.6,41.6,Oil or foreign substance in casing,Unknown,Water level accuracy is unknown,1,Department of Water Resources,NA,1,Department of Water Resources,150,281,23450,47N02W23L001M,47N02W23L001M,USGS quad,5 ft.,NA,NA,Siskiyou,281,Irrigation,Single Well,NA,1977-04-05 00:00:00 - 2020-04-01 12:00:00,105,-122.066,41.9017
419018N1220664W001,1791966,2001-04-03T00:00:00Z,4242.77,4242.77,0,22.4,4220.37,22.4,22.4,Oil or foreign substance in casing,Unknown,Water level accuracy is unknown,1,Department of Water Resources,NA,1,Department of Water Resources,150,281,23450,47N02W23L001M,47N02W23L001M,USGS quad,5 ft.,NA,NA,Siskiyou,281,Irrigation,Single Well,NA,1977-04-05 00:00:00 - 2020-04-01 12:00:00,105,-122.066,41.9017
419018N1220664W001,1791965,2000-10-10T00:00:00Z,4242.77,4242.77,0,30.5,4212.27,30.5,30.5,Oil or foreign substance in casing,Unknown,Water level accuracy is unknown,1,Department of Water Resources,NA,1,Department of Water Resources,150,281,23450,47N02W23L001M,47N02W23L001M,USGS quad,5 ft.,NA,NA,Siskiyou,281,Irrigation,Single Well,NA,1977-04-05 00:00:00 - 2020-04-01 12:00:00,105,-122.066,41.9017
419018N1220664W001,1791964,2000-03-24T00:00:00Z,4242.77,4242.77,0,20,4222.77,20,20,Oil or foreign substance in casing,Unknown,Water level accuracy is unknown,1,Department of Water Resources,NA,1,Department of Water Resources,150,281,23450,47N02W23L001M,47N02W23L001M,USGS quad,5 ft.,NA,NA,Siskiyou,281,Irrigation,Single Well,NA,1977-04-05 00:00:00 - 2020-04-01 12:00:00,105,-122.066,41.9017
419018N1220664W001,1791962,1999-10-27T00:00:00Z,4242.77,4242.77,0,31,4211.77,31,31,Oil or foreign substance in casing,Unknown,Water level accuracy is unknown,1,Department of Water Resources,NA,1,Department of Water Resources,150,281,23450,47N02W23L001M,47N02W23L001M,USGS quad,5 ft.,NA,NA,Siskiyou,281,Irrigation,Single Well,NA,1977-04-05 00:00:00 - 2020-04-01 12:00:00,105,-122.066,41.9017
419018N1220664W001,1791963,1999-03-16T00:00:00Z,4242.77,4242.77,0,19.4,4223.37,19.4,19.4,Oil or foreign substance in casing,Unknown,Water level accuracy is unknown,1,Department of Water Resources,NA,1,Department of Water Resources,150,281,23450,47N02W23L001M,47N02W23L001M,USGS quad,5 ft.,NA,NA,Siskiyou,281,Irrigation,Single Well,NA,1977-04-05 00:00:00 - 2020-04-01 12:00:00,105,-122.066,41.9017
419018N1220664W001,1791961,1998-10-28T00:00:00Z,4242.77,4242.77,0,31.1,4211.67,31.1,31.1,Oil or foreign substance in casing,Unknown,Water level accuracy is unknown,1,Department of Water Resources,NA,1,Department of Water Resources,150,281,23450,47N02W23L001M,47N02W23L001M,USGS quad,5 ft.,NA,NA,Siskiyou,281,Irrigation,Single Well,NA,1977-04-05 00:00:00 - 2020-04-01 12:00:00,105,-122.066,41.9017
419018N1220664W001,1791960,1998-03-31T00:00:00Z,4242.77,4242.77,0,22.6,4220.17,22.6,22.6,Oil or foreign substance in casing,Unknown,Water level accuracy is unknown,1,Department of Water Resources,NA,1,Department of Water Resources,150,281,23450,47N02W23L001M,47N02W23L001M,USGS quad,5 ft.,NA,NA,Siskiyou,281,Irrigation,Single Well,NA,1977-04-05 00:00:00 - 2020-04-01 12:00:00,105,-122.066,41.9017
419018N1220664W001,1791959,1997-10-22T00:00:00Z,4242.77,4242.77,0,30.3,4212.47,30.3,30.3,Oil or foreign substance in casing,Unknown,Water level accuracy is unknown,1,Department of Water Resources,NA,1,Department of Water Resources,150,281,23450,47N02W23L001M,47N02W23L001M,USGS quad,5 ft.,NA,NA,Siskiyou,281,Irrigation,Single Well,NA,1977-04-05 00:00:00 - 2020-04-01 12:00:00,105,-122.066,41.9017
419018N1220664W001,1791958,1997-03-11T00:00:00Z,4243.67,4243.57,0,23.3,4220.37,23.3,23.2,Oil or foreign substance in casing,Unknown,Water level accuracy is unknown,1,Department of Water Resources,NA,1,Department of Water Resources,150,281,23450,47N02W23L001M,47N02W23L001M,USGS quad,5 ft.,NA,NA,Siskiyou,281,Irrigation,Single Well,NA,1977-04-05 00:00:00 - 2020-04-01 12:00:00,105,-122.066,41.9017
419018N1220664W001,1791957,1997-02-25T00:00:00Z,4243.67,4243.57,0,23.8,4219.87,23.8,23.7,Oil or foreign substance in casing,Unknown,Water level accuracy is unknown,1,Department of Water Resources,NA,1,Department of Water Resources,150,281,23450,47N02W23L001M,47N02W23L001M,USGS quad,5 ft.,NA,NA,Siskiyou,281,Irrigation,Single Well,NA,1977-04-05 00:00:00 - 2020-04-01 12:00:00,105,-122.066,41.9017
419018N1220664W001,1791956,1997-01-10T00:00:00Z,4243.67,4243.57,0,24.6,4219.07,24.6,24.5,Oil or foreign substance in casing,Unknown,Water level accuracy is unknown,1,Department of Water Resources,NA,1,Department of Water Resources,150,281,23450,47N02W23L001M,47N02W23L001M,USGS quad,5 ft.,NA,NA,Siskiyou,281,Irrigation,Single Well,NA,1977-04-05 00:00:00 - 2020-04-01 12:00:00,105,-122.066,41.9017
419018N1220664W001,1791955,1996-11-11T00:00:00Z,4243.67,4243.57,0,29.1,4214.57,29.1,29,Oil or foreign substance in casing,Unknown,Water level accuracy is unknown,1,Department of Water Resources,NA,1,Department of Water Resources,150,281,23450,47N02W23L001M,47N02W23L001M,USGS quad,5 ft.,NA,NA,Siskiyou,281,Irrigation,Single Well,NA,1977-04-05 00:00:00 - 2020-04-01 12:00:00,105,-122.066,41.9017
419018N1220664W001,1791954,1996-10-21T00:00:00Z,4243.67,4243.57,0,28.8,4214.87,28.8,28.7,Oil or foreign substance in casing,Unknown,Water level accuracy is unknown,1,Department of Water Resources,NA,1,Department of Water Resources,150,281,23450,47N02W23L001M,47N02W23L001M,USGS quad,5 ft.,NA,NA,Siskiyou,281,Irrigation,Single Well,NA,1977-04-05 00:00:00 - 2020-04-01 12:00:00,105,-122.066,41.9017
419018N1220664W001,1791953,1996-09-10T00:00:00Z,4243.67,4243.57,0,34.9,4208.77,34.9,34.8,Oil or foreign substance in casing,Unknown,Water level accuracy is unknown,1,Department of Water Resources,NA,1,Department of Water Resources,150,281,23450,47N02W23L001M,47N02W23L001M,USGS quad,5 ft.,NA,NA,Siskiyou,281,Irrigation,Single Well,NA,1977-04-05 00:00:00 - 2020-04-01 12:00:00,105,-122.066,41.9017
419018N1220664W001,1791952,1996-08-23T00:00:00Z,4243.67,4243.57,0,34.7,4208.97,34.7,34.6,Oil or foreign substance in casing,Unknown,Water level accuracy is unknown,1,Department of Water Resources,NA,1,Department of Water Resources,150,281,23450,47N02W23L001M,47N02W23L001M,USGS quad,5 ft.,NA,NA,Siskiyou,281,Irrigation,Single Well,NA,1977-04-05 00:00:00 - 2020-04-01 12:00:00,105,-122.066,41.9017
419018N1220664W001,1791951,1996-08-09T00:00:00Z,4243.67,4243.57,0,34.7,4208.97,34.7,34.6,Oil or foreign substance in casing,Unknown,Water level accuracy is unknown,1,Department of Water Resources,NA,1,Department of Water Resources,150,281,23450,47N02W23L001M,47N02W23L001M,USGS quad,5 ft.,NA,NA,Siskiyou,281,Irrigation,Single Well,NA,1977-04-05 00:00:00 - 2020-04-01 12:00:00,105,-122.066,41.9017
419018N1220664W001,1791950,1996-07-26T00:00:00Z,4243.67,4243.57,0,36.5,4207.17,36.5,36.4,Oil or foreign substance in casing,Unknown,Water level accuracy is unknown,1,Department of Water Resources,NA,1,Department of Water Resources,150,281,23450,47N02W23L001M,47N02W23L001M,USGS quad,5 ft.,NA,NA,Siskiyou,281,Irrigation,Single Well,NA,1977-04-05 00:00:00 - 2020-04-01 12:00:00,105,-122.066,41.9017
419018N1220664W001,1791949,1996-07-17T00:00:00Z,4243.67,4243.57,0,29,4214.67,29,28.9,Oil or foreign substance in casing,Unknown,Water level accuracy is unknown,1,Department of Water Resources,NA,1,Department of Water Resources,150,281,23450,47N02W23L001M,47N02W23L001M,USGS quad,5 ft.,NA,NA,Siskiyou,281,Irrigation,Single Well,NA,1977-04-05 00:00:00 - 2020-04-01 12:00:00,105,-122.066,41.9017
419018N1220664W001,1791948,1996-06-14T00:00:00Z,4243.67,4243.57,0,34.2,4209.47,34.2,34.1,Oil or foreign substance in casing,Unknown,Water level accuracy is unknown,1,Department of Water Resources,NA,1,Department of Water Resources,150,281,23450,47N02W23L001M,47N02W23L001M,USGS quad,5 ft.,NA,NA,Siskiyou,281,Irrigation,Single Well,NA,1977-04-05 00:00:00 - 2020-04-01 12:00:00,105,-122.066,41.9017
419018N1220664W001,1791947,1996-05-02T00:00:00Z,4243.67,4243.57,0,23,4220.67,23,22.9,Oil or foreign substance in casing,Unknown,Water level accuracy is unknown,1,Department of Water Resources,NA,1,Department of Water Resources,150,281,23450,47N02W23L001M,47N02W23L001M,USGS quad,5 ft.,NA,NA,Siskiyou,281,Irrigation,Single Well,NA,1977-04-05 00:00:00 - 2020-04-01 12:00:00,105,-122.066,41.9017
419018N1220664W001,1791946,1996-04-30T00:00:00Z,4243.67,4243.57,0,27.7,4215.97,27.7,27.6,Oil or foreign substance in casing,Unknown,Water level accuracy is unknown,1,Department of Water Resources,NA,1,Department of Water Resources,150,281,23450,47N02W23L001M,47N02W23L001M,USGS quad,5 ft.,NA,NA,Siskiyou,281,Irrigation,Single Well,NA,1977-04-05 00:00:00 - 2020-04-01 12:00:00,105,-122.066,41.9017
419018N1220664W001,1791945,1996-03-26T00:00:00Z,4243.67,4243.57,0,28.1,4215.57,28.1,28,Oil or foreign substance in casing,Unknown,Water level accuracy is unknown,1,Department of Water Resources,NA,1,Department of Water Resources,150,281,23450,47N02W23L001M,47N02W23L001M,USGS quad,5 ft.,NA,NA,Siskiyou,281,Irrigation,Single Well,NA,1977-04-05 00:00:00 - 2020-04-01 12:00:00,105,-122.066,41.9017
419018N1220664W001,1791944,1995-10-17T00:00:00Z,4243.67,4243.57,0,36.8,4206.87,36.8,36.7,Oil or foreign substance in casing,Unknown,Water level accuracy is unknown,1,Department of Water Resources,NA,1,Department of Water Resources,150,281,23450,47N02W23L001M,47N02W23L001M,USGS quad,5 ft.,NA,NA,Siskiyou,281,Irrigation,Single Well,NA,1977-04-05 00:00:00 - 2020-04-01 12:00:00,105,-122.066,41.9017
419018N1220664W001,1791943,1995-03-27T00:00:00Z,4243.67,4243.57,0,27.8,4215.87,27.8,27.7,Oil or foreign substance in casing,Unknown,Water level accuracy is unknown,1,Department of Water Resources,NA,1,Department of Water Resources,150,281,23450,47N02W23L001M,47N02W23L001M,USGS quad,5 ft.,NA,NA,Siskiyou,281,Irrigation,Single Well,NA,1977-04-05 00:00:00 - 2020-04-01 12:00:00,105,-122.066,41.9017
419018N1220664W001,1791942,1994-10-26T00:00:00Z,4243.67,4243.57,0,43.7,4199.97,43.7,43.6,Oil or foreign substance in casing,Unknown,Water level accuracy is unknown,1,Department of Water Resources,NA,1,Department of Water Resources,150,281,23450,47N02W23L001M,47N02W23L001M,USGS quad,5 ft.,NA,NA,Siskiyou,281,Irrigation,Single Well,NA,1977-04-05 00:00:00 - 2020-04-01 12:00:00,105,-122.066,41.9017
419018N1220664W001,1791941,1994-03-29T00:00:00Z,4243.67,4243.57,0,28.4,4215.27,28.4,28.3,Oil or foreign substance in casing,Unknown,Water level accuracy is unknown,1,Department of Water Resources,NA,1,Department of Water Resources,150,281,23450,47N02W23L001M,47N02W23L001M,USGS quad,5 ft.,NA,NA,Siskiyou,281,Irrigation,Single Well,NA,1977-04-05 00:00:00 - 2020-04-01 12:00:00,105,-122.066,41.9017
419018N1220664W001,1791940,1993-10-14T00:00:00Z,4243.67,4243.57,0,37.3,4206.37,37.3,37.2,Oil or foreign substance in casing,Unknown,Water level accuracy is unknown,1,Department of Water Resources,NA,1,Department of Water Resources,150,281,23450,47N02W23L001M,47N02W23L001M,USGS quad,5 ft.,NA,NA,Siskiyou,281,Irrigation,Single Well,NA,1977-04-05 00:00:00 - 2020-04-01 12:00:00,105,-122.066,41.9017
419018N1220664W001,1791939,1993-03-17T00:00:00Z,4243.67,4243.57,0,27.4,4216.27,27.4,27.3,NA,Unknown,Water level accuracy is unknown,1,Department of Water Resources,NA,1,Department of Water Resources,150,281,23450,47N02W23L001M,47N02W23L001M,USGS quad,5 ft.,NA,NA,Siskiyou,281,Irrigation,Single Well,NA,1977-04-05 00:00:00 - 2020-04-01 12:00:00,105,-122.066,41.9017
419018N1220664W001,1791938,1992-10-20T00:00:00Z,4243.67,4243.57,0,34.7,4208.97,34.7,34.6,Oil or foreign substance in casing,Unknown,Water level accuracy is unknown,1,Department of Water Resources,NA,1,Department of Water Resources,150,281,23450,47N02W23L001M,47N02W23L001M,USGS quad,5 ft.,NA,NA,Siskiyou,281,Irrigation,Single Well,NA,1977-04-05 00:00:00 - 2020-04-01 12:00:00,105,-122.066,41.9017
419018N1220664W001,1791937,1992-03-02T00:00:00Z,4243.67,4243.57,0,25.9,4217.77,25.9,25.8,Oil or foreign substance in casing,Unknown,Water level accuracy is unknown,1,Department of Water Resources,NA,1,Department of Water Resources,150,281,23450,47N02W23L001M,47N02W23L001M,USGS quad,5 ft.,NA,NA,Siskiyou,281,Irrigation,Single Well,NA,1977-04-05 00:00:00 - 2020-04-01 12:00:00,105,-122.066,41.9017
419018N1220664W001,1791936,1991-09-30T00:00:00Z,4243.67,4243.57,0,31,4212.67,31,30.9,Oil or foreign substance in casing,Unknown,Water level accuracy is unknown,1,Department of Water Resources,NA,1,Department of Water Resources,150,281,23450,47N02W23L001M,47N02W23L001M,USGS quad,5 ft.,NA,NA,Siskiyou,281,Irrigation,Single Well,NA,1977-04-05 00:00:00 - 2020-04-01 12:00:00,105,-122.066,41.9017
419018N1220664W001,1791935,1991-03-19T00:00:00Z,4243.67,4243.57,0,25.1,4218.57,25.1,25,Oil or foreign substance in casing,Unknown,Water level accuracy is unknown,1,Department of Water Resources,NA,1,Department of Water Resources,150,281,23450,47N02W23L001M,47N02W23L001M,USGS quad,5 ft.,NA,NA,Siskiyou,281,Irrigation,Single Well,NA,1977-04-05 00:00:00 - 2020-04-01 12:00:00,105,-122.066,41.9017
419018N1220664W001,1791934,1990-10-02T00:00:00Z,4243.67,4243.57,0,34.3,4209.37,34.3,34.2,Oil or foreign substance in casing,Unknown,Water level accuracy is unknown,1,Department of Water Resources,NA,1,Department of Water Resources,150,281,23450,47N02W23L001M,47N02W23L001M,USGS quad,5 ft.,NA,NA,Siskiyou,281,Irrigation,Single Well,NA,1977-04-05 00:00:00 - 2020-04-01 12:00:00,105,-122.066,41.9017
419018N1220664W001,1791933,1990-03-20T00:00:00Z,4243.67,4243.57,0,21.1,4222.57,21.1,21,Oil or foreign substance in casing,Unknown,Water level accuracy is unknown,1,Department of Water Resources,NA,1,Department of Water Resources,150,281,23450,47N02W23L001M,47N02W23L001M,USGS quad,5 ft.,NA,NA,Siskiyou,281,Irrigation,Single Well,NA,1977-04-05 00:00:00 - 2020-04-01 12:00:00,105,-122.066,41.9017
419018N1220664W001,1791932,1989-10-02T00:00:00Z,4243.67,4243.57,0,25.4,4218.27,25.4,25.3,Oil or foreign substance in casing,Unknown,Water level accuracy is unknown,1,Department of Water Resources,NA,1,Department of Water Resources,150,281,23450,47N02W23L001M,47N02W23L001M,USGS quad,5 ft.,NA,NA,Siskiyou,281,Irrigation,Single Well,NA,1977-04-05 00:00:00 - 2020-04-01 12:00:00,105,-122.066,41.9017
419018N1220664W001,1791931,1989-03-21T00:00:00Z,4243.67,4243.57,0,19.9,4223.77,19.9,19.8,Oil or foreign substance in casing,Unknown,Water level accuracy is unknown,1,Department of Water Resources,NA,1,Department of Water Resources,150,281,23450,47N02W23L001M,47N02W23L001M,USGS quad,5 ft.,NA,NA,Siskiyou,281,Irrigation,Single Well,NA,1977-04-05 00:00:00 - 2020-04-01 12:00:00,105,-122.066,41.9017
419018N1220664W001,1791930,1988-10-25T00:00:00Z,4243.67,4243.57,0,22.9,4220.77,22.9,22.8,Oil or foreign substance in casing,Unknown,Water level accuracy is unknown,1,Department of Water Resources,NA,1,Department of Water Resources,150,281,23450,47N02W23L001M,47N02W23L001M,USGS quad,5 ft.,NA,NA,Siskiyou,281,Irrigation,Single Well,NA,1977-04-05 00:00:00 - 2020-04-01 12:00:00,105,-122.066,41.9017
419018N1220664W001,1791929,1988-03-24T00:00:00Z,4243.67,4243.57,0,17.5,4226.17,17.5,17.4,Oil or foreign substance in casing,Unknown,Water level accuracy is unknown,1,Department of Water Resources,NA,1,Department of Water Resources,150,281,23450,47N02W23L001M,47N02W23L001M,USGS quad,5 ft.,NA,NA,Siskiyou,281,Irrigation,Single Well,NA,1977-04-05 00:00:00 - 2020-04-01 12:00:00,105,-122.066,41.9017
419018N1220664W001,1791928,1987-10-19T00:00:00Z,4243.67,4243.57,0,20.3,4223.37,20.3,20.2,Oil or foreign substance in casing,Unknown,Water level accuracy is unknown,1,Department of Water Resources,NA,1,Department of Water Resources,150,281,23450,47N02W23L001M,47N02W23L001M,USGS quad,5 ft.,NA,NA,Siskiyou,281,Irrigation,Single Well,NA,1977-04-05 00:00:00 - 2020-04-01 12:00:00,105,-122.066,41.9017
419018N1220664W001,1791927,1987-04-21T00:00:00Z,4243.67,4243.57,0,14.8,4228.87,14.8,14.7,Oil or foreign substance in casing,Unknown,Water level accuracy is unknown,1,Department of Water Resources,NA,1,Department of Water Resources,150,281,23450,47N02W23L001M,47N02W23L001M,USGS quad,5 ft.,NA,NA,Siskiyou,281,Irrigation,Single Well,NA,1977-04-05 00:00:00 - 2020-04-01 12:00:00,105,-122.066,41.9017
419018N1220664W001,1791926,1986-04-29T00:00:00Z,4243.67,4243.57,0,12.4,4231.27,12.4,12.3,NA,Unknown,Water level accuracy is unknown,1,Department of Water Resources,NA,624,Bureau of Reclamation,150,281,23450,47N02W23L001M,47N02W23L001M,USGS quad,5 ft.,NA,NA,Siskiyou,281,Irrigation,Single Well,NA,1977-04-05 00:00:00 - 2020-04-01 12:00:00,105,-122.066,41.9017
419018N1220664W001,1791925,1985-10-16T00:00:00Z,4243.67,4243.57,0,19.2,4224.47,19.2,19.1,Oil or foreign substance in casing,Unknown,Water level accuracy is unknown,1,Department of Water Resources,NA,624,Bureau of Reclamation,150,281,23450,47N02W23L001M,47N02W23L001M,USGS quad,5 ft.,NA,NA,Siskiyou,281,Irrigation,Single Well,NA,1977-04-05 00:00:00 - 2020-04-01 12:00:00,105,-122.066,41.9017
419018N1220664W001,1791924,1985-04-15T00:00:00Z,4243.67,4243.57,0,11,4232.67,11,10.9,Oil or foreign substance in casing,Unknown,Water level accuracy is unknown,1,Department of Water Resources,NA,624,Bureau of Reclamation,150,281,23450,47N02W23L001M,47N02W23L001M,USGS quad,5 ft.,NA,NA,Siskiyou,281,Irrigation,Single Well,NA,1977-04-05 00:00:00 - 2020-04-01 12:00:00,105,-122.066,41.9017
419018N1220664W001,1791923,1984-10-25T00:00:00Z,4243.67,4243.57,0,13.8,4229.87,13.8,13.7,Oil or foreign substance in casing,Unknown,Water level accuracy is unknown,1,Department of Water Resources,NA,624,Bureau of Reclamation,150,281,23450,47N02W23L001M,47N02W23L001M,USGS quad,5 ft.,NA,NA,Siskiyou,281,Irrigation,Single Well,NA,1977-04-05 00:00:00 - 2020-04-01 12:00:00,105,-122.066,41.9017
419018N1220664W001,1791922,1984-04-16T00:00:00Z,4243.67,4243.57,0,9.4,4234.27,9.4,9.3,Oil or foreign substance in casing,Unknown,Water level accuracy is unknown,1,Department of Water Resources,NA,624,Bureau of Reclamation,150,281,23450,47N02W23L001M,47N02W23L001M,USGS quad,5 ft.,NA,NA,Siskiyou,281,Irrigation,Single Well,NA,1977-04-05 00:00:00 - 2020-04-01 12:00:00,105,-122.066,41.9017
419018N1220664W001,1791921,1983-10-14T00:00:00Z,4243.67,4243.57,0,14.6,4229.07,14.6,14.5,Oil or foreign substance in casing,Unknown,Water level accuracy is unknown,1,Department of Water Resources,NA,624,Bureau of Reclamation,150,281,23450,47N02W23L001M,47N02W23L001M,USGS quad,5 ft.,NA,NA,Siskiyou,281,Irrigation,Single Well,NA,1977-04-05 00:00:00 - 2020-04-01 12:00:00,105,-122.066,41.9017
419018N1220664W001,1791920,1983-05-11T00:00:00Z,4243.67,4243.57,0,12.2,4231.47,12.2,12.1,Oil or foreign substance in casing,Unknown,Water level accuracy is unknown,1,Department of Water Resources,NA,624,Bureau of Reclamation,150,281,23450,47N02W23L001M,47N02W23L001M,USGS quad,5 ft.,NA,NA,Siskiyou,281,Irrigation,Single Well,NA,1977-04-05 00:00:00 - 2020-04-01 12:00:00,105,-122.066,41.9017
419018N1220664W001,1791919,1982-10-25T00:00:00Z,4243.67,4243.57,0,21.5,4222.17,21.5,21.4,Oil or foreign substance in casing,Unknown,Water level accuracy is unknown,1,Department of Water Resources,NA,624,Bureau of Reclamation,150,281,23450,47N02W23L001M,47N02W23L001M,USGS quad,5 ft.,NA,NA,Siskiyou,281,Irrigation,Single Well,NA,1977-04-05 00:00:00 - 2020-04-01 12:00:00,105,-122.066,41.9017
419018N1220664W001,1791918,1982-04-21T00:00:00Z,4243.67,4243.57,0,14.8,4228.87,14.8,14.7,Oil or foreign substance in casing,Unknown,Water level accuracy is unknown,1,Department of Water Resources,NA,624,Bureau of Reclamation,150,281,23450,47N02W23L001M,47N02W23L001M,USGS quad,5 ft.,NA,NA,Siskiyou,281,Irrigation,Single Well,NA,1977-04-05 00:00:00 - 2020-04-01 12:00:00,105,-122.066,41.9017
419018N1220664W001,1791917,1981-10-15T00:00:00Z,4243.67,4243.57,0,24.5,4219.17,24.5,24.4,Oil or foreign substance in casing,Unknown,Water level accuracy is unknown,1,Department of Water Resources,NA,624,Bureau of Reclamation,150,281,23450,47N02W23L001M,47N02W23L001M,USGS quad,5 ft.,NA,NA,Siskiyou,281,Irrigation,Single Well,NA,1977-04-05 00:00:00 - 2020-04-01 12:00:00,105,-122.066,41.9017
419018N1220664W001,1791916,1981-04-24T00:00:00Z,4243.67,4243.57,0,15.8,4227.87,15.8,15.7,Oil or foreign substance in casing,Unknown,Water level accuracy is unknown,1,Department of Water Resources,NA,624,Bureau of Reclamation,150,281,23450,47N02W23L001M,47N02W23L001M,USGS quad,5 ft.,NA,NA,Siskiyou,281,Irrigation,Single Well,NA,1977-04-05 00:00:00 - 2020-04-01 12:00:00,105,-122.066,41.9017
419018N1220664W001,1791915,1980-10-24T00:00:00Z,4243.67,4243.57,0,16.1,4227.57,16.1,16,Oil or foreign substance in casing,Unknown,Water level accuracy is unknown,1,Department of Water Resources,NA,624,Bureau of Reclamation,150,281,23450,47N02W23L001M,47N02W23L001M,USGS quad,5 ft.,NA,NA,Siskiyou,281,Irrigation,Single Well,NA,1977-04-05 00:00:00 - 2020-04-01 12:00:00,105,-122.066,41.9017
419018N1220664W001,1791914,1980-04-18T00:00:00Z,4243.67,4243.57,0,12.4,4231.27,12.4,12.3,Oil or foreign substance in casing,Unknown,Water level accuracy is unknown,1,Department of Water Resources,NA,624,Bureau of Reclamation,150,281,23450,47N02W23L001M,47N02W23L001M,USGS quad,5 ft.,NA,NA,Siskiyou,281,Irrigation,Single Well,NA,1977-04-05 00:00:00 - 2020-04-01 12:00:00,105,-122.066,41.9017
419018N1220664W001,1791913,1979-10-12T00:00:00Z,4243.67,4243.57,0,14.5,4229.17,14.5,14.4,Oil or foreign substance in casing,Unknown,Water level accuracy is unknown,1,Department of Water Resources,NA,624,Bureau of Reclamation,150,281,23450,47N02W23L001M,47N02W23L001M,USGS quad,5 ft.,NA,NA,Siskiyou,281,Irrigation,Single Well,NA,1977-04-05 00:00:00 - 2020-04-01 12:00:00,105,-122.066,41.9017
419018N1220664W001,1791912,1979-04-27T00:00:00Z,4243.67,4243.57,0,11.8,4231.87,11.8,11.7,Oil or foreign substance in casing,Unknown,Water level accuracy is unknown,1,Department of Water Resources,NA,624,Bureau of Reclamation,150,281,23450,47N02W23L001M,47N02W23L001M,USGS quad,5 ft.,NA,NA,Siskiyou,281,Irrigation,Single Well,NA,1977-04-05 00:00:00 - 2020-04-01 12:00:00,105,-122.066,41.9017
419018N1220664W001,1791911,1978-09-18T00:00:00Z,4243.67,4243.57,0,16.6,4227.07,16.6,16.5,Oil or foreign substance in casing,Unknown,Water level accuracy is unknown,1,Department of Water Resources,NA,624,Bureau of Reclamation,150,281,23450,47N02W23L001M,47N02W23L001M,USGS quad,5 ft.,NA,NA,Siskiyou,281,Irrigation,Single Well,NA,1977-04-05 00:00:00 - 2020-04-01 12:00:00,105,-122.066,41.9017
419018N1220664W001,1791910,1978-08-15T00:00:00Z,4243.67,4243.57,0,16.3,4227.37,16.3,16.2,Oil or foreign substance in casing,Unknown,Water level accuracy is unknown,1,Department of Water Resources,NA,624,Bureau of Reclamation,150,281,23450,47N02W23L001M,47N02W23L001M,USGS quad,5 ft.,NA,NA,Siskiyou,281,Irrigation,Single Well,NA,1977-04-05 00:00:00 - 2020-04-01 12:00:00,105,-122.066,41.9017
419018N1220664W001,1791909,1978-07-18T00:00:00Z,4243.67,4243.57,0,54.4,4189.27,54.4,54.3,Pumping,Unknown,Water level accuracy is unknown,1,Department of Water Resources,NA,624,Bureau of Reclamation,150,281,23450,47N02W23L001M,47N02W23L001M,USGS quad,5 ft.,NA,NA,Siskiyou,281,Irrigation,Single Well,NA,1977-04-05 00:00:00 - 2020-04-01 12:00:00,105,-122.066,41.9017
419018N1220664W001,1791908,1978-06-16T00:00:00Z,4243.67,4243.57,NA,NA,NA,NA,NA,Can't get tape in casing,NA,NA,1,Department of Water Resources,NA,624,Bureau of Reclamation,150,281,23450,47N02W23L001M,47N02W23L001M,USGS quad,5 ft.,NA,NA,Siskiyou,281,Irrigation,Single Well,NA,1977-04-05 00:00:00 - 2020-04-01 12:00:00,105,-122.066,41.9017
419018N1220664W001,1791907,1978-05-12T00:00:00Z,4243.67,4243.57,NA,NA,NA,NA,NA,Can't get tape in casing,NA,NA,1,Department of Water Resources,NA,624,Bureau of Reclamation,150,281,23450,47N02W23L001M,47N02W23L001M,USGS quad,5 ft.,NA,NA,Siskiyou,281,Irrigation,Single Well,NA,1977-04-05 00:00:00 - 2020-04-01 12:00:00,105,-122.066,41.9017
419018N1220664W001,1791906,1978-04-13T00:00:00Z,4243.67,4243.57,0,9.7,4233.97,9.7,9.6,NA,Unknown,Water level accuracy is unknown,1,Department of Water Resources,NA,624,Bureau of Reclamation,150,281,23450,47N02W23L001M,47N02W23L001M,USGS quad,5 ft.,NA,NA,Siskiyou,281,Irrigation,Single Well,NA,1977-04-05 00:00:00 - 2020-04-01 12:00:00,105,-122.066,41.9017
419018N1220664W001,1791905,1977-10-14T00:00:00Z,4243.67,4243.57,NA,NA,NA,NA,NA,Temporarily inaccessible,NA,NA,1,Department of Water Resources,NA,624,Bureau of Reclamation,150,281,23450,47N02W23L001M,47N02W23L001M,USGS quad,5 ft.,NA,NA,Siskiyou,281,Irrigation,Single Well,NA,1977-04-05 00:00:00 - 2020-04-01 12:00:00,105,-122.066,41.9017
419018N1220664W001,1791904,1977-09-15T00:00:00Z,4243.67,4243.57,0,14.6,4229.07,14.6,14.5,Pumped recently,Unknown,Water level accuracy is unknown,1,Department of Water Resources,NA,624,Bureau of Reclamation,150,281,23450,47N02W23L001M,47N02W23L001M,USGS quad,5 ft.,NA,NA,Siskiyou,281,Irrigation,Single Well,NA,1977-04-05 00:00:00 - 2020-04-01 12:00:00,105,-122.066,41.9017
419018N1220664W001,1791903,1977-08-16T00:00:00Z,4243.67,4243.57,0,13.1,4230.57,13.1,13,NA,Unknown,Water level accuracy is unknown,1,Department of Water Resources,NA,624,Bureau of Reclamation,150,281,23450,47N02W23L001M,47N02W23L001M,USGS quad,5 ft.,NA,NA,Siskiyou,281,Irrigation,Single Well,NA,1977-04-05 00:00:00 - 2020-04-01 12:00:00,105,-122.066,41.9017
419018N1220664W001,1791902,1977-07-20T00:00:00Z,4243.67,4243.57,0,13.1,4230.57,13.1,13,NA,Unknown,Water level accuracy is unknown,1,Department of Water Resources,NA,624,Bureau of Reclamation,150,281,23450,47N02W23L001M,47N02W23L001M,USGS quad,5 ft.,NA,NA,Siskiyou,281,Irrigation,Single Well,NA,1977-04-05 00:00:00 - 2020-04-01 12:00:00,105,-122.066,41.9017
419018N1220664W001,1791901,1977-06-13T00:00:00Z,4243.67,4243.57,0,9.2,4234.47,9.2,9.1,NA,Unknown,Water level accuracy is unknown,1,Department of Water Resources,NA,624,Bureau of Reclamation,150,281,23450,47N02W23L001M,47N02W23L001M,USGS quad,5 ft.,NA,NA,Siskiyou,281,Irrigation,Single Well,NA,1977-04-05 00:00:00 - 2020-04-01 12:00:00,105,-122.066,41.9017
419018N1220664W001,1791900,1977-04-05T00:00:00Z,4243.67,4243.57,0,8.9,4234.77,8.9,8.8,NA,Unknown,Water level accuracy is unknown,1,Department of Water Resources,NA,624,Bureau of Reclamation,150,281,23450,47N02W23L001M,47N02W23L001M,USGS quad,5 ft.,NA,NA,Siskiyou,281,Irrigation,Single Well,NA,1977-04-05 00:00:00 - 2020-04-01 12:00:00,105,-122.066,41.9017
