SITE_CODE,WLM_ID,MSMT_DATE,WLM_RPE,WLM_GSE,RDNG_WS,RDNG_RP,WSE,RPE_WSE,GSE_WSE,WLM_QA_DESC,WLM_DESC,WLM_ACC_DESC,WLM_ORG_ID,WLM_ORG_NAME,MSMT_CMT,COOP_AGENCY_ORG_ID,COOP_ORG_NAME,TOP_PRF,BOT_PRF,STN_ID,SWN,WELL_NAME,WLM_METHOD,WLM_ACC,BASIN_CODE,BASIN_NAME,COUNTY_NAME,WELL_DEPTH,WELL_USE,WELL_TYPE,WCR_NO,t_range,n_samples,X,Y
419662N1219633W001,2619130,2020-04-01T12:00:00Z,4259.76,4259.76,3.1,29,4233.86,25.9,25.9,NA,Steel tape measurement,Water level accuracy to nearest tenth of a foot,1,Department of Water Resources,NA,1,Department of Water Resources,38,515,23465,48N01W34B001M,48N01W34B001M,Unknown,Unknown,NA,NA,Siskiyou,515,Irrigation,Single Well,2376,1980-10-24 00:00:00 - 2020-04-01 12:00:00,79,-121.963,41.9664
419662N1219633W001,2453084,2019-04-03T12:00:00Z,4259.76,4259.76,19.2,100,4178.96,80.8,80.8,NA,Steel tape measurement,Water level accuracy to nearest tenth of a foot,1,Department of Water Resources,NA,1,Department of Water Resources,38,515,23465,48N01W34B001M,48N01W34B001M,Unknown,Unknown,NA,NA,Siskiyou,515,Irrigation,Single Well,2376,1980-10-24 00:00:00 - 2020-04-01 12:00:00,79,-121.963,41.9664
419662N1219633W001,2413575,2018-10-30T12:00:00Z,4259.76,4259.76,24.9,120,4164.66,95.1,95.1,NA,Steel tape measurement,Water level accuracy to nearest tenth of a foot,1,Department of Water Resources,NA,1,Department of Water Resources,38,515,23465,48N01W34B001M,48N01W34B001M,Unknown,Unknown,NA,NA,Siskiyou,515,Irrigation,Single Well,2376,1980-10-24 00:00:00 - 2020-04-01 12:00:00,79,-121.963,41.9664
419662N1219633W001,2286524,2018-03-30T12:00:00Z,4259.76,4259.76,10.3,100,4170.06,89.7,89.7,NA,Steel tape measurement,Water level accuracy to nearest tenth of a foot,1,Department of Water Resources,NA,1,Department of Water Resources,38,515,23465,48N01W34B001M,48N01W34B001M,Unknown,Unknown,NA,NA,Siskiyou,515,Irrigation,Single Well,2376,1980-10-24 00:00:00 - 2020-04-01 12:00:00,79,-121.963,41.9664
419662N1219633W001,2266651,2017-10-17T12:00:00Z,4259.76,4259.76,11.5,110,4161.26,98.5,98.5,NA,Steel tape measurement,Water level accuracy to nearest tenth of a foot,1,Department of Water Resources,NA,1,Department of Water Resources,38,515,23465,48N01W34B001M,48N01W34B001M,Unknown,Unknown,NA,NA,Siskiyou,515,Irrigation,Single Well,2376,1980-10-24 00:00:00 - 2020-04-01 12:00:00,79,-121.963,41.9664
419662N1219633W001,2241629,2017-03-23T12:00:00Z,4259.76,4259.76,12.4,100,4172.16,87.6,87.6,Oil or foreign substance in casing,Steel tape measurement,Water level accuracy to nearest tenth of a foot,1,Department of Water Resources,Oil in casing,1,Department of Water Resources,38,515,23465,48N01W34B001M,48N01W34B001M,Unknown,Unknown,NA,NA,Siskiyou,515,Irrigation,Single Well,2376,1980-10-24 00:00:00 - 2020-04-01 12:00:00,79,-121.963,41.9664
419662N1219633W001,2214920,2016-10-20T12:00:00Z,4259.76,4259.76,6.5,108,4158.26,101.5,101.5,Oil or foreign substance in casing,Steel tape measurement,Water level accuracy to nearest tenth of a foot,1,Department of Water Resources,NA,1,Department of Water Resources,38,515,23465,48N01W34B001M,48N01W34B001M,Unknown,Unknown,NA,NA,Siskiyou,515,Irrigation,Single Well,2376,1980-10-24 00:00:00 - 2020-04-01 12:00:00,79,-121.963,41.9664
419662N1219633W001,2184907,2016-03-22T12:00:00Z,4259.76,4259.76,5,86,4178.76,81,81,NA,Steel tape measurement,Water level accuracy to nearest tenth of a foot,1,Department of Water Resources,NA,1,Department of Water Resources,38,515,23465,48N01W34B001M,48N01W34B001M,Unknown,Unknown,NA,NA,Siskiyou,515,Irrigation,Single Well,2376,1980-10-24 00:00:00 - 2020-04-01 12:00:00,79,-121.963,41.9664
419662N1219633W001,2158531,2015-10-19T00:00:00Z,4259.76,4259.76,20.8,113,4167.56,92.2,92.2,Oil or foreign substance in casing,Steel tape measurement,Water level accuracy to nearest tenth of a foot,1,Department of Water Resources,NA,1,Department of Water Resources,38,515,23465,48N01W34B001M,48N01W34B001M,Unknown,Unknown,NA,NA,Siskiyou,515,Irrigation,Single Well,2376,1980-10-24 00:00:00 - 2020-04-01 12:00:00,79,-121.963,41.9664
419662N1219633W001,2130488,2015-03-23T00:00:00Z,4259.76,4259.76,5.2,85,4179.96,79.8,79.8,Oil or foreign substance in casing,Steel tape measurement,Water level accuracy to nearest tenth of a foot,1,Department of Water Resources,NA,1,Department of Water Resources,38,515,23465,48N01W34B001M,48N01W34B001M,Unknown,Unknown,NA,NA,Siskiyou,515,Irrigation,Single Well,2376,1980-10-24 00:00:00 - 2020-04-01 12:00:00,79,-121.963,41.9664
419662N1219633W001,2029099,2014-10-20T00:00:00Z,4259.76,4259.76,6.1,105,4160.86,98.9,98.9,NA,Steel tape measurement,Water level accuracy to nearest tenth of a foot,1,Department of Water Resources,NA,1,Department of Water Resources,38,515,23465,48N01W34B001M,48N01W34B001M,Unknown,Unknown,NA,NA,Siskiyou,515,Irrigation,Single Well,2376,1980-10-24 00:00:00 - 2020-04-01 12:00:00,79,-121.963,41.9664
419662N1219633W001,1885366,2014-03-24T00:00:00Z,4259.76,4259.76,1.4,80,4181.16,78.6,78.6,NA,Steel tape measurement,Water level accuracy to nearest tenth of a foot,1,Department of Water Resources,NA,1,Department of Water Resources,38,515,23465,48N01W34B001M,48N01W34B001M,Unknown,Unknown,NA,NA,Siskiyou,515,Irrigation,Single Well,2376,1980-10-24 00:00:00 - 2020-04-01 12:00:00,79,-121.963,41.9664
419662N1219633W001,1797538,2013-10-21T00:00:00Z,4259.76,4259.76,4.9,95,4169.66,90.1,90.1,NA,Steel tape measurement,Water level accuracy to nearest tenth of a foot,1,Department of Water Resources,NA,1,Department of Water Resources,38,515,23465,48N01W34B001M,48N01W34B001M,Unknown,Unknown,NA,NA,Siskiyou,515,Irrigation,Single Well,2376,1980-10-24 00:00:00 - 2020-04-01 12:00:00,79,-121.963,41.9664
419662N1219633W001,1685071,2013-03-25T00:00:00Z,4259.76,4259.76,3.8,80,4183.56,76.2,76.2,NA,Steel tape measurement,Water level accuracy to nearest tenth of a foot,1,Department of Water Resources,NA,1,Department of Water Resources,38,515,23465,48N01W34B001M,48N01W34B001M,Unknown,Unknown,NA,NA,Siskiyou,515,Irrigation,Single Well,2376,1980-10-24 00:00:00 - 2020-04-01 12:00:00,79,-121.963,41.9664
419662N1219633W001,70288,2012-10-29T00:00:00Z,4259.76,4259.76,13.9,102,4171.66,88.1,88.1,NA,Steel tape measurement,Water level accuracy to nearest tenth of a foot,1,Department of Water Resources,NA,1,Department of Water Resources,38,515,23465,48N01W34B001M,48N01W34B001M,Unknown,Unknown,NA,NA,Siskiyou,515,Irrigation,Single Well,2376,1980-10-24 00:00:00 - 2020-04-01 12:00:00,79,-121.963,41.9664
419662N1219633W001,59919,2012-04-17T00:00:00Z,4259.76,4259.76,2.4,77,4185.16,74.6,74.6,NA,Steel tape measurement,Water level accuracy to nearest tenth of a foot,1,Department of Water Resources,NA,1,Department of Water Resources,38,515,23465,48N01W34B001M,48N01W34B001M,Unknown,Unknown,NA,NA,Siskiyou,515,Irrigation,Single Well,2376,1980-10-24 00:00:00 - 2020-04-01 12:00:00,79,-121.963,41.9664
419662N1219633W001,41196,2011-10-18T00:00:00Z,4259.76,4259.76,0,87.3,4172.46,87.3,87.3,NA,Steel tape measurement,Water level accuracy to nearest tenth of a foot,1,Department of Water Resources,NA,1,Department of Water Resources,38,515,23465,48N01W34B001M,48N01W34B001M,Unknown,Unknown,NA,NA,Siskiyou,515,Irrigation,Single Well,2376,1980-10-24 00:00:00 - 2020-04-01 12:00:00,79,-121.963,41.9664
419662N1219633W001,682123,2011-10-18T00:00:00Z,4259.76,4259.76,0,87.3,4172.46,87.3,87.3,NA,Unknown,Water level accuracy is unknown,1,Department of Water Resources,NA,1,Department of Water Resources,38,515,23465,48N01W34B001M,48N01W34B001M,Unknown,Unknown,NA,NA,Siskiyou,515,Irrigation,Single Well,2376,1980-10-24 00:00:00 - 2020-04-01 12:00:00,79,-121.963,41.9664
419662N1219633W001,682122,2011-04-20T00:00:00Z,4259.76,4259.76,0,75.8,4183.96,75.8,75.8,NA,Unknown,Water level accuracy is unknown,1,Department of Water Resources,NA,1,Department of Water Resources,38,515,23465,48N01W34B001M,48N01W34B001M,Unknown,Unknown,NA,NA,Siskiyou,515,Irrigation,Single Well,2376,1980-10-24 00:00:00 - 2020-04-01 12:00:00,79,-121.963,41.9664
419662N1219633W001,682121,2010-10-25T00:00:00Z,4259.76,4259.76,0,88.9,4170.86,88.9,88.9,NA,Unknown,Water level accuracy is unknown,1,Department of Water Resources,NA,1,Department of Water Resources,38,515,23465,48N01W34B001M,48N01W34B001M,Unknown,Unknown,NA,NA,Siskiyou,515,Irrigation,Single Well,2376,1980-10-24 00:00:00 - 2020-04-01 12:00:00,79,-121.963,41.9664
419662N1219633W001,682120,2010-03-30T00:00:00Z,4259.76,4259.76,0,73.8,4185.96,73.8,73.8,NA,Unknown,Water level accuracy is unknown,1,Department of Water Resources,NA,1,Department of Water Resources,38,515,23465,48N01W34B001M,48N01W34B001M,Unknown,Unknown,NA,NA,Siskiyou,515,Irrigation,Single Well,2376,1980-10-24 00:00:00 - 2020-04-01 12:00:00,79,-121.963,41.9664
419662N1219633W001,682119,2009-10-27T00:00:00Z,4259.76,4259.76,0,86.8,4172.96,86.8,86.8,NA,Unknown,Water level accuracy is unknown,1,Department of Water Resources,NA,1,Department of Water Resources,38,515,23465,48N01W34B001M,48N01W34B001M,Unknown,Unknown,NA,NA,Siskiyou,515,Irrigation,Single Well,2376,1980-10-24 00:00:00 - 2020-04-01 12:00:00,79,-121.963,41.9664
419662N1219633W001,682118,2009-04-08T00:00:00Z,4259.76,4259.76,0,72.2,4187.56,72.2,72.2,NA,Unknown,Water level accuracy is unknown,1,Department of Water Resources,NA,1,Department of Water Resources,38,515,23465,48N01W34B001M,48N01W34B001M,Unknown,Unknown,NA,NA,Siskiyou,515,Irrigation,Single Well,2376,1980-10-24 00:00:00 - 2020-04-01 12:00:00,79,-121.963,41.9664
419662N1219633W001,682117,2008-10-30T00:00:00Z,4259.76,4259.76,0,83.6,4176.16,83.6,83.6,NA,Unknown,Water level accuracy is unknown,1,Department of Water Resources,NA,1,Department of Water Resources,38,515,23465,48N01W34B001M,48N01W34B001M,Unknown,Unknown,NA,NA,Siskiyou,515,Irrigation,Single Well,2376,1980-10-24 00:00:00 - 2020-04-01 12:00:00,79,-121.963,41.9664
419662N1219633W001,682116,2008-04-04T00:00:00Z,4259.76,4259.76,NA,NA,NA,NA,NA,Special/Other,NA,NA,1,Department of Water Resources,NA,1,Department of Water Resources,38,515,23465,48N01W34B001M,48N01W34B001M,Unknown,Unknown,NA,NA,Siskiyou,515,Irrigation,Single Well,2376,1980-10-24 00:00:00 - 2020-04-01 12:00:00,79,-121.963,41.9664
419662N1219633W001,682115,2007-10-25T00:00:00Z,4259.76,4259.76,0,81.5,4178.26,81.5,81.5,NA,Unknown,Water level accuracy is unknown,1,Department of Water Resources,NA,1,Department of Water Resources,38,515,23465,48N01W34B001M,48N01W34B001M,Unknown,Unknown,NA,NA,Siskiyou,515,Irrigation,Single Well,2376,1980-10-24 00:00:00 - 2020-04-01 12:00:00,79,-121.963,41.9664
419662N1219633W001,682114,2007-03-29T00:00:00Z,4259.76,4259.76,0,68.3,4191.46,68.3,68.3,NA,Unknown,Water level accuracy is unknown,1,Department of Water Resources,NA,1,Department of Water Resources,38,515,23465,48N01W34B001M,48N01W34B001M,Unknown,Unknown,NA,NA,Siskiyou,515,Irrigation,Single Well,2376,1980-10-24 00:00:00 - 2020-04-01 12:00:00,79,-121.963,41.9664
419662N1219633W001,682113,2006-10-12T00:00:00Z,4259.76,4259.76,0,81.5,4178.26,81.5,81.5,NA,Unknown,Water level accuracy is unknown,1,Department of Water Resources,NA,1,Department of Water Resources,38,515,23465,48N01W34B001M,48N01W34B001M,Unknown,Unknown,NA,NA,Siskiyou,515,Irrigation,Single Well,2376,1980-10-24 00:00:00 - 2020-04-01 12:00:00,79,-121.963,41.9664
419662N1219633W001,682112,2006-04-18T00:00:00Z,4259.76,4259.76,0,67.9,4191.86,67.9,67.9,NA,Unknown,Water level accuracy is unknown,1,Department of Water Resources,NA,1,Department of Water Resources,38,515,23465,48N01W34B001M,48N01W34B001M,Unknown,Unknown,NA,NA,Siskiyou,515,Irrigation,Single Well,2376,1980-10-24 00:00:00 - 2020-04-01 12:00:00,79,-121.963,41.9664
419662N1219633W001,682111,2005-10-10T00:00:00Z,4259.76,4259.76,0,92.5,4167.26,92.5,92.5,NA,Unknown,Water level accuracy is unknown,1,Department of Water Resources,NA,1,Department of Water Resources,38,515,23465,48N01W34B001M,48N01W34B001M,Unknown,Unknown,NA,NA,Siskiyou,515,Irrigation,Single Well,2376,1980-10-24 00:00:00 - 2020-04-01 12:00:00,79,-121.963,41.9664
419662N1219633W001,682110,2005-04-05T00:00:00Z,4259.76,4259.76,0,69.2,4190.56,69.2,69.2,NA,Unknown,Water level accuracy is unknown,1,Department of Water Resources,NA,1,Department of Water Resources,38,515,23465,48N01W34B001M,48N01W34B001M,Unknown,Unknown,NA,NA,Siskiyou,515,Irrigation,Single Well,2376,1980-10-24 00:00:00 - 2020-04-01 12:00:00,79,-121.963,41.9664
419662N1219633W001,682109,2004-11-03T00:00:00Z,4259.76,4259.76,0,81.4,4178.36,81.4,81.4,NA,Unknown,Water level accuracy is unknown,1,Department of Water Resources,NA,1,Department of Water Resources,38,515,23465,48N01W34B001M,48N01W34B001M,Unknown,Unknown,NA,NA,Siskiyou,515,Irrigation,Single Well,2376,1980-10-24 00:00:00 - 2020-04-01 12:00:00,79,-121.963,41.9664
419662N1219633W001,682108,2004-03-30T00:00:00Z,4259.76,4259.76,0,79.8,4179.96,79.8,79.8,NA,Unknown,Water level accuracy is unknown,1,Department of Water Resources,NA,1,Department of Water Resources,38,515,23465,48N01W34B001M,48N01W34B001M,Unknown,Unknown,NA,NA,Siskiyou,515,Irrigation,Single Well,2376,1980-10-24 00:00:00 - 2020-04-01 12:00:00,79,-121.963,41.9664
419662N1219633W001,682107,2003-10-20T00:00:00Z,4259.76,4259.76,0,80.1,4179.66,80.1,80.1,NA,Unknown,Water level accuracy is unknown,1,Department of Water Resources,NA,1,Department of Water Resources,38,515,23465,48N01W34B001M,48N01W34B001M,Unknown,Unknown,NA,NA,Siskiyou,515,Irrigation,Single Well,2376,1980-10-24 00:00:00 - 2020-04-01 12:00:00,79,-121.963,41.9664
419662N1219633W001,682106,2003-04-01T00:00:00Z,4259.76,4259.76,0,71.7,4188.06,71.7,71.7,NA,Unknown,Water level accuracy is unknown,1,Department of Water Resources,NA,1,Department of Water Resources,38,515,23465,48N01W34B001M,48N01W34B001M,Unknown,Unknown,NA,NA,Siskiyou,515,Irrigation,Single Well,2376,1980-10-24 00:00:00 - 2020-04-01 12:00:00,79,-121.963,41.9664
419662N1219633W001,682105,2002-10-11T00:00:00Z,4259.76,4259.76,0,80.3,4179.46,80.3,80.3,NA,Unknown,Water level accuracy is unknown,1,Department of Water Resources,NA,1,Department of Water Resources,38,515,23465,48N01W34B001M,48N01W34B001M,Unknown,Unknown,NA,NA,Siskiyou,515,Irrigation,Single Well,2376,1980-10-24 00:00:00 - 2020-04-01 12:00:00,79,-121.963,41.9664
419662N1219633W001,682104,2002-03-26T00:00:00Z,4259.76,4259.76,0,66.3,4193.46,66.3,66.3,NA,Unknown,Water level accuracy is unknown,1,Department of Water Resources,NA,1,Department of Water Resources,38,515,23465,48N01W34B001M,48N01W34B001M,Unknown,Unknown,NA,NA,Siskiyou,515,Irrigation,Single Well,2376,1980-10-24 00:00:00 - 2020-04-01 12:00:00,79,-121.963,41.9664
419662N1219633W001,682103,2001-10-23T00:00:00Z,4259.76,4259.76,0,76.6,4183.16,76.6,76.6,NA,Unknown,Water level accuracy is unknown,1,Department of Water Resources,NA,1,Department of Water Resources,38,515,23465,48N01W34B001M,48N01W34B001M,Unknown,Unknown,NA,NA,Siskiyou,515,Irrigation,Single Well,2376,1980-10-24 00:00:00 - 2020-04-01 12:00:00,79,-121.963,41.9664
419662N1219633W001,682102,2001-04-03T00:00:00Z,4259.76,4259.76,0,63.9,4195.86,63.9,63.9,NA,Unknown,Water level accuracy is unknown,1,Department of Water Resources,NA,1,Department of Water Resources,38,515,23465,48N01W34B001M,48N01W34B001M,Unknown,Unknown,NA,NA,Siskiyou,515,Irrigation,Single Well,2376,1980-10-24 00:00:00 - 2020-04-01 12:00:00,79,-121.963,41.9664
419662N1219633W001,682101,2000-10-10T00:00:00Z,4259.76,4259.76,0,72.7,4187.06,72.7,72.7,NA,Unknown,Water level accuracy is unknown,1,Department of Water Resources,NA,1,Department of Water Resources,38,515,23465,48N01W34B001M,48N01W34B001M,Unknown,Unknown,NA,NA,Siskiyou,515,Irrigation,Single Well,2376,1980-10-24 00:00:00 - 2020-04-01 12:00:00,79,-121.963,41.9664
419662N1219633W001,682100,2000-03-23T00:00:00Z,4259.76,4259.76,0,63.1,4196.66,63.1,63.1,NA,Unknown,Water level accuracy is unknown,1,Department of Water Resources,NA,1,Department of Water Resources,38,515,23465,48N01W34B001M,48N01W34B001M,Unknown,Unknown,NA,NA,Siskiyou,515,Irrigation,Single Well,2376,1980-10-24 00:00:00 - 2020-04-01 12:00:00,79,-121.963,41.9664
419662N1219633W001,682098,1999-10-26T00:00:00Z,4259.76,4259.76,0,70,4189.76,70,70,NA,Unknown,Water level accuracy is unknown,1,Department of Water Resources,NA,1,Department of Water Resources,38,515,23465,48N01W34B001M,48N01W34B001M,Unknown,Unknown,NA,NA,Siskiyou,515,Irrigation,Single Well,2376,1980-10-24 00:00:00 - 2020-04-01 12:00:00,79,-121.963,41.9664
419662N1219633W001,682099,1999-03-16T00:00:00Z,4259.76,4259.76,0,62.6,4197.16,62.6,62.6,NA,Unknown,Water level accuracy is unknown,1,Department of Water Resources,NA,1,Department of Water Resources,38,515,23465,48N01W34B001M,48N01W34B001M,Unknown,Unknown,NA,NA,Siskiyou,515,Irrigation,Single Well,2376,1980-10-24 00:00:00 - 2020-04-01 12:00:00,79,-121.963,41.9664
419662N1219633W001,682097,1998-10-28T00:00:00Z,4259.76,4259.76,0,68.8,4190.96,68.8,68.8,NA,Unknown,Water level accuracy is unknown,1,Department of Water Resources,NA,1,Department of Water Resources,38,515,23465,48N01W34B001M,48N01W34B001M,Unknown,Unknown,NA,NA,Siskiyou,515,Irrigation,Single Well,2376,1980-10-24 00:00:00 - 2020-04-01 12:00:00,79,-121.963,41.9664
419662N1219633W001,682096,1998-03-30T00:00:00Z,4259.76,4259.76,0,64.8,4194.96,64.8,64.8,NA,Unknown,Water level accuracy is unknown,1,Department of Water Resources,NA,1,Department of Water Resources,38,515,23465,48N01W34B001M,48N01W34B001M,Unknown,Unknown,NA,NA,Siskiyou,515,Irrigation,Single Well,2376,1980-10-24 00:00:00 - 2020-04-01 12:00:00,79,-121.963,41.9664
419662N1219633W001,682095,1997-10-22T00:00:00Z,4259.76,4259.76,0,71.1,4188.66,71.1,71.1,NA,Unknown,Water level accuracy is unknown,1,Department of Water Resources,NA,1,Department of Water Resources,38,515,23465,48N01W34B001M,48N01W34B001M,Unknown,Unknown,NA,NA,Siskiyou,515,Irrigation,Single Well,2376,1980-10-24 00:00:00 - 2020-04-01 12:00:00,79,-121.963,41.9664
419662N1219633W001,682094,1997-03-11T00:00:00Z,4259.76,4259.76,0,66.9,4192.86,66.9,66.9,NA,Unknown,Water level accuracy is unknown,1,Department of Water Resources,NA,1,Department of Water Resources,38,515,23465,48N01W34B001M,48N01W34B001M,Unknown,Unknown,NA,NA,Siskiyou,515,Irrigation,Single Well,2376,1980-10-24 00:00:00 - 2020-04-01 12:00:00,79,-121.963,41.9664
419662N1219633W001,682093,1996-10-22T00:00:00Z,4259.76,4259.76,0,72.5,4187.26,72.5,72.5,NA,Unknown,Water level accuracy is unknown,1,Department of Water Resources,NA,1,Department of Water Resources,38,515,23465,48N01W34B001M,48N01W34B001M,Unknown,Unknown,NA,NA,Siskiyou,515,Irrigation,Single Well,2376,1980-10-24 00:00:00 - 2020-04-01 12:00:00,79,-121.963,41.9664
419662N1219633W001,682092,1996-03-26T00:00:00Z,4259.76,4259.76,0,66.5,4193.26,66.5,66.5,NA,Unknown,Water level accuracy is unknown,1,Department of Water Resources,NA,1,Department of Water Resources,38,515,23465,48N01W34B001M,48N01W34B001M,Unknown,Unknown,NA,NA,Siskiyou,515,Irrigation,Single Well,2376,1980-10-24 00:00:00 - 2020-04-01 12:00:00,79,-121.963,41.9664
419662N1219633W001,682091,1995-10-17T00:00:00Z,4259.76,4259.76,0,74.7,4185.06,74.7,74.7,NA,Unknown,Water level accuracy is unknown,1,Department of Water Resources,NA,1,Department of Water Resources,38,515,23465,48N01W34B001M,48N01W34B001M,Unknown,Unknown,NA,NA,Siskiyou,515,Irrigation,Single Well,2376,1980-10-24 00:00:00 - 2020-04-01 12:00:00,79,-121.963,41.9664
419662N1219633W001,682090,1995-03-27T00:00:00Z,4259.76,4259.76,0,71.7,4188.06,71.7,71.7,NA,Unknown,Water level accuracy is unknown,1,Department of Water Resources,NA,1,Department of Water Resources,38,515,23465,48N01W34B001M,48N01W34B001M,Unknown,Unknown,NA,NA,Siskiyou,515,Irrigation,Single Well,2376,1980-10-24 00:00:00 - 2020-04-01 12:00:00,79,-121.963,41.9664
419662N1219633W001,682089,1994-10-25T00:00:00Z,4259.76,4259.76,NA,NA,NA,NA,NA,Temporarily inaccessible,NA,NA,1,Department of Water Resources,NA,1,Department of Water Resources,38,515,23465,48N01W34B001M,48N01W34B001M,Unknown,Unknown,NA,NA,Siskiyou,515,Irrigation,Single Well,2376,1980-10-24 00:00:00 - 2020-04-01 12:00:00,79,-121.963,41.9664
419662N1219633W001,682088,1994-03-29T00:00:00Z,4259.76,4259.76,0,68.2,4191.56,68.2,68.2,NA,Unknown,Water level accuracy is unknown,1,Department of Water Resources,NA,1,Department of Water Resources,38,515,23465,48N01W34B001M,48N01W34B001M,Unknown,Unknown,NA,NA,Siskiyou,515,Irrigation,Single Well,2376,1980-10-24 00:00:00 - 2020-04-01 12:00:00,79,-121.963,41.9664
419662N1219633W001,682087,1993-10-15T00:00:00Z,4259.76,4259.76,0,72,4187.76,72,72,NA,Unknown,Water level accuracy is unknown,1,Department of Water Resources,NA,1,Department of Water Resources,38,515,23465,48N01W34B001M,48N01W34B001M,Unknown,Unknown,NA,NA,Siskiyou,515,Irrigation,Single Well,2376,1980-10-24 00:00:00 - 2020-04-01 12:00:00,79,-121.963,41.9664
419662N1219633W001,682086,1993-03-17T00:00:00Z,4259.76,4259.76,0,64.8,4194.96,64.8,64.8,NA,Unknown,Water level accuracy is unknown,1,Department of Water Resources,NA,1,Department of Water Resources,38,515,23465,48N01W34B001M,48N01W34B001M,Unknown,Unknown,NA,NA,Siskiyou,515,Irrigation,Single Well,2376,1980-10-24 00:00:00 - 2020-04-01 12:00:00,79,-121.963,41.9664
419662N1219633W001,682085,1992-10-20T00:00:00Z,4259.76,4259.76,0,72.3,4187.46,72.3,72.3,NA,Unknown,Water level accuracy is unknown,1,Department of Water Resources,NA,1,Department of Water Resources,38,515,23465,48N01W34B001M,48N01W34B001M,Unknown,Unknown,NA,NA,Siskiyou,515,Irrigation,Single Well,2376,1980-10-24 00:00:00 - 2020-04-01 12:00:00,79,-121.963,41.9664
419662N1219633W001,682084,1992-03-02T00:00:00Z,4259.76,4259.76,0,62.4,4197.36,62.4,62.4,NA,Unknown,Water level accuracy is unknown,1,Department of Water Resources,NA,1,Department of Water Resources,38,515,23465,48N01W34B001M,48N01W34B001M,Unknown,Unknown,NA,NA,Siskiyou,515,Irrigation,Single Well,2376,1980-10-24 00:00:00 - 2020-04-01 12:00:00,79,-121.963,41.9664
419662N1219633W001,682083,1991-09-30T00:00:00Z,4259.76,4259.76,0,69.7,4190.06,69.7,69.7,NA,Unknown,Water level accuracy is unknown,1,Department of Water Resources,NA,1,Department of Water Resources,38,515,23465,48N01W34B001M,48N01W34B001M,Unknown,Unknown,NA,NA,Siskiyou,515,Irrigation,Single Well,2376,1980-10-24 00:00:00 - 2020-04-01 12:00:00,79,-121.963,41.9664
419662N1219633W001,682082,1991-03-19T00:00:00Z,4259.76,4259.76,0,60.4,4199.36,60.4,60.4,NA,Unknown,Water level accuracy is unknown,1,Department of Water Resources,NA,1,Department of Water Resources,38,515,23465,48N01W34B001M,48N01W34B001M,Unknown,Unknown,NA,NA,Siskiyou,515,Irrigation,Single Well,2376,1980-10-24 00:00:00 - 2020-04-01 12:00:00,79,-121.963,41.9664
419662N1219633W001,682081,1990-10-02T00:00:00Z,4259.76,4259.76,0,69.3,4190.46,69.3,69.3,NA,Unknown,Water level accuracy is unknown,1,Department of Water Resources,NA,1,Department of Water Resources,38,515,23465,48N01W34B001M,48N01W34B001M,Unknown,Unknown,NA,NA,Siskiyou,515,Irrigation,Single Well,2376,1980-10-24 00:00:00 - 2020-04-01 12:00:00,79,-121.963,41.9664
419662N1219633W001,682080,1990-03-20T00:00:00Z,4259.76,4259.76,0,60.2,4199.56,60.2,60.2,NA,Unknown,Water level accuracy is unknown,1,Department of Water Resources,NA,1,Department of Water Resources,38,515,23465,48N01W34B001M,48N01W34B001M,Unknown,Unknown,NA,NA,Siskiyou,515,Irrigation,Single Well,2376,1980-10-24 00:00:00 - 2020-04-01 12:00:00,79,-121.963,41.9664
419662N1219633W001,682079,1989-10-02T00:00:00Z,4259.76,4259.76,0,70.2,4189.56,70.2,70.2,NA,Unknown,Water level accuracy is unknown,1,Department of Water Resources,NA,1,Department of Water Resources,38,515,23465,48N01W34B001M,48N01W34B001M,Unknown,Unknown,NA,NA,Siskiyou,515,Irrigation,Single Well,2376,1980-10-24 00:00:00 - 2020-04-01 12:00:00,79,-121.963,41.9664
419662N1219633W001,682078,1989-03-21T00:00:00Z,4259.76,4259.76,0,59.4,4200.36,59.4,59.4,NA,Unknown,Water level accuracy is unknown,1,Department of Water Resources,NA,1,Department of Water Resources,38,515,23465,48N01W34B001M,48N01W34B001M,Unknown,Unknown,NA,NA,Siskiyou,515,Irrigation,Single Well,2376,1980-10-24 00:00:00 - 2020-04-01 12:00:00,79,-121.963,41.9664
419662N1219633W001,682077,1988-10-25T00:00:00Z,4259.76,4259.76,0,70.4,4189.36,70.4,70.4,NA,Unknown,Water level accuracy is unknown,1,Department of Water Resources,NA,1,Department of Water Resources,38,515,23465,48N01W34B001M,48N01W34B001M,Unknown,Unknown,NA,NA,Siskiyou,515,Irrigation,Single Well,2376,1980-10-24 00:00:00 - 2020-04-01 12:00:00,79,-121.963,41.9664
419662N1219633W001,682076,1988-03-23T00:00:00Z,4259.76,4259.76,0,56.6,4203.16,56.6,56.6,NA,Unknown,Water level accuracy is unknown,1,Department of Water Resources,NA,1,Department of Water Resources,38,515,23465,48N01W34B001M,48N01W34B001M,Unknown,Unknown,NA,NA,Siskiyou,515,Irrigation,Single Well,2376,1980-10-24 00:00:00 - 2020-04-01 12:00:00,79,-121.963,41.9664
419662N1219633W001,682075,1987-10-20T00:00:00Z,4259.76,4259.76,0,63,4196.76,63,63,NA,Unknown,Water level accuracy is unknown,1,Department of Water Resources,NA,1,Department of Water Resources,38,515,23465,48N01W34B001M,48N01W34B001M,Unknown,Unknown,NA,NA,Siskiyou,515,Irrigation,Single Well,2376,1980-10-24 00:00:00 - 2020-04-01 12:00:00,79,-121.963,41.9664
419662N1219633W001,682074,1987-04-20T00:00:00Z,4259.76,4259.76,0,55.5,4204.26,55.5,55.5,NA,Unknown,Water level accuracy is unknown,1,Department of Water Resources,NA,1,Department of Water Resources,38,515,23465,48N01W34B001M,48N01W34B001M,Unknown,Unknown,NA,NA,Siskiyou,515,Irrigation,Single Well,2376,1980-10-24 00:00:00 - 2020-04-01 12:00:00,79,-121.963,41.9664
419662N1219633W001,682073,1986-04-29T00:00:00Z,4259.76,4259.76,NA,NA,NA,NA,NA,Temporarily inaccessible,NA,NA,1,Department of Water Resources,NA,624,Bureau of Reclamation,38,515,23465,48N01W34B001M,48N01W34B001M,Unknown,Unknown,NA,NA,Siskiyou,515,Irrigation,Single Well,2376,1980-10-24 00:00:00 - 2020-04-01 12:00:00,79,-121.963,41.9664
419662N1219633W001,682072,1985-10-16T00:00:00Z,4259.76,4259.76,0,62.5,4197.26,62.5,62.5,NA,Unknown,Water level accuracy is unknown,1,Department of Water Resources,NA,624,Bureau of Reclamation,38,515,23465,48N01W34B001M,48N01W34B001M,Unknown,Unknown,NA,NA,Siskiyou,515,Irrigation,Single Well,2376,1980-10-24 00:00:00 - 2020-04-01 12:00:00,79,-121.963,41.9664
419662N1219633W001,682071,1985-04-15T00:00:00Z,4259.76,4259.76,0,53.6,4206.16,53.6,53.6,NA,Unknown,Water level accuracy is unknown,1,Department of Water Resources,NA,624,Bureau of Reclamation,38,515,23465,48N01W34B001M,48N01W34B001M,Unknown,Unknown,NA,NA,Siskiyou,515,Irrigation,Single Well,2376,1980-10-24 00:00:00 - 2020-04-01 12:00:00,79,-121.963,41.9664
419662N1219633W001,682070,1984-10-25T00:00:00Z,4259.76,4259.76,0,61.5,4198.26,61.5,61.5,NA,Unknown,Water level accuracy is unknown,1,Department of Water Resources,NA,624,Bureau of Reclamation,38,515,23465,48N01W34B001M,48N01W34B001M,Unknown,Unknown,NA,NA,Siskiyou,515,Irrigation,Single Well,2376,1980-10-24 00:00:00 - 2020-04-01 12:00:00,79,-121.963,41.9664
419662N1219633W001,682069,1984-04-16T00:00:00Z,4259.76,4259.76,0,53.2,4206.56,53.2,53.2,NA,Unknown,Water level accuracy is unknown,1,Department of Water Resources,NA,624,Bureau of Reclamation,38,515,23465,48N01W34B001M,48N01W34B001M,Unknown,Unknown,NA,NA,Siskiyou,515,Irrigation,Single Well,2376,1980-10-24 00:00:00 - 2020-04-01 12:00:00,79,-121.963,41.9664
419662N1219633W001,682068,1983-10-14T00:00:00Z,4259.76,4259.76,0,65.2,4194.56,65.2,65.2,NA,Unknown,Water level accuracy is unknown,1,Department of Water Resources,NA,624,Bureau of Reclamation,38,515,23465,48N01W34B001M,48N01W34B001M,Unknown,Unknown,NA,NA,Siskiyou,515,Irrigation,Single Well,2376,1980-10-24 00:00:00 - 2020-04-01 12:00:00,79,-121.963,41.9664
419662N1219633W001,682067,1983-05-11T00:00:00Z,4259.76,4259.76,0,66.7,4193.06,66.7,66.7,NA,Unknown,Water level accuracy is unknown,1,Department of Water Resources,NA,624,Bureau of Reclamation,38,515,23465,48N01W34B001M,48N01W34B001M,Unknown,Unknown,NA,NA,Siskiyou,515,Irrigation,Single Well,2376,1980-10-24 00:00:00 - 2020-04-01 12:00:00,79,-121.963,41.9664
419662N1219633W001,682066,1982-10-25T00:00:00Z,4259.76,4259.76,0,84.5,4175.26,84.5,84.5,NA,Unknown,Water level accuracy is unknown,1,Department of Water Resources,NA,624,Bureau of Reclamation,38,515,23465,48N01W34B001M,48N01W34B001M,Unknown,Unknown,NA,NA,Siskiyou,515,Irrigation,Single Well,2376,1980-10-24 00:00:00 - 2020-04-01 12:00:00,79,-121.963,41.9664
419662N1219633W001,682065,1982-04-21T00:00:00Z,4259.76,4259.76,0,65.1,4194.66,65.1,65.1,NA,Unknown,Water level accuracy is unknown,1,Department of Water Resources,NA,624,Bureau of Reclamation,38,515,23465,48N01W34B001M,48N01W34B001M,Unknown,Unknown,NA,NA,Siskiyou,515,Irrigation,Single Well,2376,1980-10-24 00:00:00 - 2020-04-01 12:00:00,79,-121.963,41.9664
419662N1219633W001,682064,1981-10-15T00:00:00Z,4259.76,4259.76,0,70.6,4189.16,70.6,70.6,NA,Unknown,Water level accuracy is unknown,1,Department of Water Resources,NA,624,Bureau of Reclamation,38,515,23465,48N01W34B001M,48N01W34B001M,Unknown,Unknown,NA,NA,Siskiyou,515,Irrigation,Single Well,2376,1980-10-24 00:00:00 - 2020-04-01 12:00:00,79,-121.963,41.9664
419662N1219633W001,682063,1981-04-24T00:00:00Z,4259.76,4259.76,0,57,4202.76,57,57,NA,Unknown,Water level accuracy is unknown,1,Department of Water Resources,NA,624,Bureau of Reclamation,38,515,23465,48N01W34B001M,48N01W34B001M,Unknown,Unknown,NA,NA,Siskiyou,515,Irrigation,Single Well,2376,1980-10-24 00:00:00 - 2020-04-01 12:00:00,79,-121.963,41.9664
419662N1219633W001,682062,1980-10-24T00:00:00Z,4259.76,4259.76,0,66,4193.76,66,66,NA,Unknown,Water level accuracy is unknown,1,Department of Water Resources,NA,624,Bureau of Reclamation,38,515,23465,48N01W34B001M,48N01W34B001M,Unknown,Unknown,NA,NA,Siskiyou,515,Irrigation,Single Well,2376,1980-10-24 00:00:00 - 2020-04-01 12:00:00,79,-121.963,41.9664
