STN_ID.x,SITE_CODE,WLM_ID,MSMT_DATE,WLM_RPE,WLM_GSE,RDNG_WS,RDNG_RP,WSE,RPE_WSE,GSE_WSE,WLM_QA_DESC,WLM_DESC,WLM_ACC_DESC,WLM_ORG_ID,WLM_ORG_NAME,MSMT_CMT,COOP_AGENCY_ORG_ID,COOP_ORG_NAME,STN_ID.y,TOP_PRF,BOT_PRF,STN_ID,SWN,WELL_NAME,WLM_METHOD,WLM_ACC,BASIN_CODE,BASIN_NAME,COUNTY_NAME,WELL_DEPTH,WELL_USE,WELL_TYPE,WCR_NO,t_range,n_samples
23463,419755N1219785W001,2619129,2020-04-01T12:00:00Z,4259.4,4258.8,3,90,4172.4,87,86.4,NA,Steel tape measurement,Water level accuracy to nearest tenth of a foot,1,Department of Water Resources,NA,1,Department of Water Resources,23463,180,240,23463,48N01W28J001M,48N01W28J001M,Unknown,Unknown,NA,NA,Siskiyou,350,Irrigation,Single Well,NA,1977-04-06 00:00:00 - 2020-04-01 12:00:00,71
23463,419755N1219785W001,2453083,2019-04-03T12:00:00Z,4259.4,4258.8,4.8,70,4194.2,65.2,64.6,NA,Steel tape measurement,Water level accuracy to nearest tenth of a foot,1,Department of Water Resources,NA,1,Department of Water Resources,23463,180,240,23463,48N01W28J001M,48N01W28J001M,Unknown,Unknown,NA,NA,Siskiyou,350,Irrigation,Single Well,NA,1977-04-06 00:00:00 - 2020-04-01 12:00:00,71
23463,419755N1219785W001,2413574,2018-10-30T12:00:00Z,4259.4,4258.8,3.3,85,4177.7,81.7,81.1,NA,Steel tape measurement,Water level accuracy to nearest tenth of a foot,1,Department of Water Resources,NA,1,Department of Water Resources,23463,180,240,23463,48N01W28J001M,48N01W28J001M,Unknown,Unknown,NA,NA,Siskiyou,350,Irrigation,Single Well,NA,1977-04-06 00:00:00 - 2020-04-01 12:00:00,71
23463,419755N1219785W001,2286523,2018-03-30T12:00:00Z,4259.4,4258.8,9.6,75,4194,65.4,64.8,NA,Steel tape measurement,Water level accuracy to nearest tenth of a foot,1,Department of Water Resources,NA,1,Department of Water Resources,23463,180,240,23463,48N01W28J001M,48N01W28J001M,Unknown,Unknown,NA,NA,Siskiyou,350,Irrigation,Single Well,NA,1977-04-06 00:00:00 - 2020-04-01 12:00:00,71
23463,419755N1219785W001,2266650,2017-10-17T12:00:00Z,4259.4,4258.8,11.6,95,4176,83.4,82.8,NA,Steel tape measurement,Water level accuracy to nearest tenth of a foot,1,Department of Water Resources,NA,1,Department of Water Resources,23463,180,240,23463,48N01W28J001M,48N01W28J001M,Unknown,Unknown,NA,NA,Siskiyou,350,Irrigation,Single Well,NA,1977-04-06 00:00:00 - 2020-04-01 12:00:00,71
23463,419755N1219785W001,2241628,2017-03-23T12:00:00Z,4259.4,4258.8,4.3,70,4193.7,65.7,65.1,NA,Steel tape measurement,Water level accuracy to nearest tenth of a foot,1,Department of Water Resources,NA,1,Department of Water Resources,23463,180,240,23463,48N01W28J001M,48N01W28J001M,Unknown,Unknown,NA,NA,Siskiyou,350,Irrigation,Single Well,NA,1977-04-06 00:00:00 - 2020-04-01 12:00:00,71
23463,419755N1219785W001,2214919,2016-10-20T12:00:00Z,4259.4,4258.8,14.2,100,4173.6,85.8,85.2,Oil or foreign substance in casing,Steel tape measurement,Water level accuracy to nearest tenth of a foot,1,Department of Water Resources,NA,1,Department of Water Resources,23463,180,240,23463,48N01W28J001M,48N01W28J001M,Unknown,Unknown,NA,NA,Siskiyou,350,Irrigation,Single Well,NA,1977-04-06 00:00:00 - 2020-04-01 12:00:00,71
23463,419755N1219785W001,2184906,2016-03-22T12:00:00Z,4259.4,4258.8,5.9,70,4195.3,64.1,63.5,NA,Steel tape measurement,Water level accuracy to nearest tenth of a foot,1,Department of Water Resources,NA,1,Department of Water Resources,23463,180,240,23463,48N01W28J001M,48N01W28J001M,Unknown,Unknown,NA,NA,Siskiyou,350,Irrigation,Single Well,NA,1977-04-06 00:00:00 - 2020-04-01 12:00:00,71
23463,419755N1219785W001,2158530,2015-10-19T00:00:00Z,4259.4,4258.8,9.8,90,4179.2,80.2,79.6,NA,Steel tape measurement,Water level accuracy to nearest tenth of a foot,1,Department of Water Resources,NA,1,Department of Water Resources,23463,180,240,23463,48N01W28J001M,48N01W28J001M,Unknown,Unknown,NA,NA,Siskiyou,350,Irrigation,Single Well,NA,1977-04-06 00:00:00 - 2020-04-01 12:00:00,71
23463,419755N1219785W001,2130487,2015-03-23T00:00:00Z,4259.4,4258.8,2,65,4196.4,63,62.4,NA,Steel tape measurement,Water level accuracy to nearest tenth of a foot,1,Department of Water Resources,NA,1,Department of Water Resources,23463,180,240,23463,48N01W28J001M,48N01W28J001M,Unknown,Unknown,NA,NA,Siskiyou,350,Irrigation,Single Well,NA,1977-04-06 00:00:00 - 2020-04-01 12:00:00,71
23463,419755N1219785W001,2029098,2014-10-20T00:00:00Z,4259.4,4258.8,1.3,88,4172.7,86.7,86.1,Oil or foreign substance in casing,Steel tape measurement,Water level accuracy to nearest tenth of a foot,1,Department of Water Resources,NA,1,Department of Water Resources,23463,180,240,23463,48N01W28J001M,48N01W28J001M,Unknown,Unknown,NA,NA,Siskiyou,350,Irrigation,Single Well,NA,1977-04-06 00:00:00 - 2020-04-01 12:00:00,71
23463,419755N1219785W001,1885365,2014-03-24T00:00:00Z,4259.4,4258.8,14.9,75,4199.3,60.1,59.5,Oil or foreign substance in casing,Steel tape measurement,Water level accuracy to nearest tenth of a foot,1,Department of Water Resources,New Pump Installed ?.New RP,1,Department of Water Resources,23463,180,240,23463,48N01W28J001M,48N01W28J001M,Unknown,Unknown,NA,NA,Siskiyou,350,Irrigation,Single Well,NA,1977-04-06 00:00:00 - 2020-04-01 12:00:00,71
23463,419755N1219785W001,1797537,2013-10-21T00:00:00Z,4259.4,4258.77,7.2,80,4186.6,72.8,72.17,NA,Steel tape measurement,Water level accuracy to nearest tenth of a foot,1,Department of Water Resources,New Pump Installed ?.New RP,1,Department of Water Resources,23463,180,240,23463,48N01W28J001M,48N01W28J001M,Unknown,Unknown,NA,NA,Siskiyou,350,Irrigation,Single Well,NA,1977-04-06 00:00:00 - 2020-04-01 12:00:00,71
23463,419755N1219785W001,1685070,2013-03-25T00:00:00Z,4259.27,4258.77,2.1,55,4206.37,52.9,52.4,Other,Steel tape measurement,Water level accuracy to nearest tenth of a foot,1,Department of Water Resources,NEW PUMP BEING INSTALLED ..NEW PUMP PAD ? UNSURE ABOUT RP,1,Department of Water Resources,23463,180,240,23463,48N01W28J001M,48N01W28J001M,Unknown,Unknown,NA,NA,Siskiyou,350,Irrigation,Single Well,NA,1977-04-06 00:00:00 - 2020-04-01 12:00:00,71
23463,419755N1219785W001,70286,2012-10-29T00:00:00Z,4259.27,4258.77,6.2,67,4198.47,60.8,60.3,NA,Steel tape measurement,Water level accuracy to nearest tenth of a foot,1,Department of Water Resources,NA,1,Department of Water Resources,23463,180,240,23463,48N01W28J001M,48N01W28J001M,Unknown,Unknown,NA,NA,Siskiyou,350,Irrigation,Single Well,NA,1977-04-06 00:00:00 - 2020-04-01 12:00:00,71
23463,419755N1219785W001,59918,2012-04-17T00:00:00Z,4259.27,4258.77,9.3,60,4208.57,50.7,50.2,NA,Steel tape measurement,Water level accuracy to nearest tenth of a foot,1,Department of Water Resources,NA,1,Department of Water Resources,23463,180,240,23463,48N01W28J001M,48N01W28J001M,Unknown,Unknown,NA,NA,Siskiyou,350,Irrigation,Single Well,NA,1977-04-06 00:00:00 - 2020-04-01 12:00:00,71
23463,419755N1219785W001,41195,2011-10-18T00:00:00Z,4259.27,4258.77,0,60.8,4198.47,60.8,60.3,NA,Steel tape measurement,Water level accuracy to nearest tenth of a foot,1,Department of Water Resources,NA,1,Department of Water Resources,23463,180,240,23463,48N01W28J001M,48N01W28J001M,Unknown,Unknown,NA,NA,Siskiyou,350,Irrigation,Single Well,NA,1977-04-06 00:00:00 - 2020-04-01 12:00:00,71
23463,419755N1219785W001,1793110,2011-10-18T00:00:00Z,4259.27,4258.77,0,60.8,4198.47,60.8,60.3,NA,Unknown,Water level accuracy is unknown,1,Department of Water Resources,NA,1,Department of Water Resources,23463,180,240,23463,48N01W28J001M,48N01W28J001M,Unknown,Unknown,NA,NA,Siskiyou,350,Irrigation,Single Well,NA,1977-04-06 00:00:00 - 2020-04-01 12:00:00,71
23463,419755N1219785W001,1793109,2007-10-25T00:00:00Z,4259.27,4258.77,NA,NA,NA,NA,NA,Measurement Discontinued,NA,NA,1,Department of Water Resources,NA,1,Department of Water Resources,23463,180,240,23463,48N01W28J001M,48N01W28J001M,Unknown,Unknown,NA,NA,Siskiyou,350,Irrigation,Single Well,NA,1977-04-06 00:00:00 - 2020-04-01 12:00:00,71
23463,419755N1219785W001,1793108,2007-03-29T00:00:00Z,4259.27,4258.77,0,45,4214.27,45,44.5,NA,Unknown,Water level accuracy is unknown,1,Department of Water Resources,NA,1,Department of Water Resources,23463,180,240,23463,48N01W28J001M,48N01W28J001M,Unknown,Unknown,NA,NA,Siskiyou,350,Irrigation,Single Well,NA,1977-04-06 00:00:00 - 2020-04-01 12:00:00,71
23463,419755N1219785W001,1793107,2006-10-12T00:00:00Z,4259.27,4258.77,NA,NA,NA,NA,NA,Special/Other,NA,NA,1,Department of Water Resources,NA,1,Department of Water Resources,23463,180,240,23463,48N01W28J001M,48N01W28J001M,Unknown,Unknown,NA,NA,Siskiyou,350,Irrigation,Single Well,NA,1977-04-06 00:00:00 - 2020-04-01 12:00:00,71
23463,419755N1219785W001,1793106,2006-04-18T00:00:00Z,4259.27,4258.77,NA,NA,NA,NA,NA,Special/Other,NA,NA,1,Department of Water Resources,NA,1,Department of Water Resources,23463,180,240,23463,48N01W28J001M,48N01W28J001M,Unknown,Unknown,NA,NA,Siskiyou,350,Irrigation,Single Well,NA,1977-04-06 00:00:00 - 2020-04-01 12:00:00,71
23463,419755N1219785W001,1793105,2005-10-10T00:00:00Z,4259.27,4258.77,NA,NA,NA,NA,NA,Special/Other,NA,NA,1,Department of Water Resources,NA,1,Department of Water Resources,23463,180,240,23463,48N01W28J001M,48N01W28J001M,Unknown,Unknown,NA,NA,Siskiyou,350,Irrigation,Single Well,NA,1977-04-06 00:00:00 - 2020-04-01 12:00:00,71
23463,419755N1219785W001,1793104,2005-04-05T00:00:00Z,4259.27,4258.77,0,49.3,4209.97,49.3,48.8,NA,Unknown,Water level accuracy is unknown,1,Department of Water Resources,NA,1,Department of Water Resources,23463,180,240,23463,48N01W28J001M,48N01W28J001M,Unknown,Unknown,NA,NA,Siskiyou,350,Irrigation,Single Well,NA,1977-04-06 00:00:00 - 2020-04-01 12:00:00,71
23463,419755N1219785W001,1793103,2004-11-03T00:00:00Z,4259.27,4258.77,0,56.8,4202.47,56.8,56.3,NA,Unknown,Water level accuracy is unknown,1,Department of Water Resources,NA,1,Department of Water Resources,23463,180,240,23463,48N01W28J001M,48N01W28J001M,Unknown,Unknown,NA,NA,Siskiyou,350,Irrigation,Single Well,NA,1977-04-06 00:00:00 - 2020-04-01 12:00:00,71
23463,419755N1219785W001,1793102,2004-03-30T00:00:00Z,4259.27,4258.77,0,48.1,4211.17,48.1,47.6,NA,Unknown,Water level accuracy is unknown,1,Department of Water Resources,NA,1,Department of Water Resources,23463,180,240,23463,48N01W28J001M,48N01W28J001M,Unknown,Unknown,NA,NA,Siskiyou,350,Irrigation,Single Well,NA,1977-04-06 00:00:00 - 2020-04-01 12:00:00,71
23463,419755N1219785W001,1793101,2003-10-20T00:00:00Z,4259.27,4258.77,0,57,4202.27,57,56.5,NA,Unknown,Water level accuracy is unknown,1,Department of Water Resources,NA,1,Department of Water Resources,23463,180,240,23463,48N01W28J001M,48N01W28J001M,Unknown,Unknown,NA,NA,Siskiyou,350,Irrigation,Single Well,NA,1977-04-06 00:00:00 - 2020-04-01 12:00:00,71
23463,419755N1219785W001,1793100,2003-04-01T00:00:00Z,4259.27,4258.77,0,48,4211.27,48,47.5,NA,Unknown,Water level accuracy is unknown,1,Department of Water Resources,NA,1,Department of Water Resources,23463,180,240,23463,48N01W28J001M,48N01W28J001M,Unknown,Unknown,NA,NA,Siskiyou,350,Irrigation,Single Well,NA,1977-04-06 00:00:00 - 2020-04-01 12:00:00,71
23463,419755N1219785W001,1793099,2002-10-11T00:00:00Z,4259.27,4258.77,0,58.4,4200.87,58.4,57.9,NA,Unknown,Water level accuracy is unknown,1,Department of Water Resources,NA,1,Department of Water Resources,23463,180,240,23463,48N01W28J001M,48N01W28J001M,Unknown,Unknown,NA,NA,Siskiyou,350,Irrigation,Single Well,NA,1977-04-06 00:00:00 - 2020-04-01 12:00:00,71
23463,419755N1219785W001,1793098,2002-03-26T00:00:00Z,4259.27,4258.77,0,47.2,4212.07,47.2,46.7,NA,Unknown,Water level accuracy is unknown,1,Department of Water Resources,NA,1,Department of Water Resources,23463,180,240,23463,48N01W28J001M,48N01W28J001M,Unknown,Unknown,NA,NA,Siskiyou,350,Irrigation,Single Well,NA,1977-04-06 00:00:00 - 2020-04-01 12:00:00,71
23463,419755N1219785W001,1793097,2001-10-23T00:00:00Z,4259.27,4258.77,0,55.5,4203.77,55.5,55,NA,Unknown,Water level accuracy is unknown,1,Department of Water Resources,NA,1,Department of Water Resources,23463,180,240,23463,48N01W28J001M,48N01W28J001M,Unknown,Unknown,NA,NA,Siskiyou,350,Irrigation,Single Well,NA,1977-04-06 00:00:00 - 2020-04-01 12:00:00,71
23463,419755N1219785W001,1793096,2001-04-03T00:00:00Z,4259.27,4258.77,0,45,4214.27,45,44.5,NA,Unknown,Water level accuracy is unknown,1,Department of Water Resources,NA,1,Department of Water Resources,23463,180,240,23463,48N01W28J001M,48N01W28J001M,Unknown,Unknown,NA,NA,Siskiyou,350,Irrigation,Single Well,NA,1977-04-06 00:00:00 - 2020-04-01 12:00:00,71
23463,419755N1219785W001,1793095,2000-10-10T00:00:00Z,4259.27,4258.77,0,51.4,4207.87,51.4,50.9,NA,Unknown,Water level accuracy is unknown,1,Department of Water Resources,NA,1,Department of Water Resources,23463,180,240,23463,48N01W28J001M,48N01W28J001M,Unknown,Unknown,NA,NA,Siskiyou,350,Irrigation,Single Well,NA,1977-04-06 00:00:00 - 2020-04-01 12:00:00,71
23463,419755N1219785W001,1793094,2000-03-23T00:00:00Z,4259.27,4258.77,0,42.3,4216.97,42.3,41.8,NA,Unknown,Water level accuracy is unknown,1,Department of Water Resources,NA,1,Department of Water Resources,23463,180,240,23463,48N01W28J001M,48N01W28J001M,Unknown,Unknown,NA,NA,Siskiyou,350,Irrigation,Single Well,NA,1977-04-06 00:00:00 - 2020-04-01 12:00:00,71
23463,419755N1219785W001,1793092,1999-10-26T00:00:00Z,4259.27,4258.77,0,49.9,4209.37,49.9,49.4,NA,Unknown,Water level accuracy is unknown,1,Department of Water Resources,NA,1,Department of Water Resources,23463,180,240,23463,48N01W28J001M,48N01W28J001M,Unknown,Unknown,NA,NA,Siskiyou,350,Irrigation,Single Well,NA,1977-04-06 00:00:00 - 2020-04-01 12:00:00,71
23463,419755N1219785W001,1793093,1999-03-16T00:00:00Z,4259.27,4258.77,0,42.6,4216.67,42.6,42.1,NA,Unknown,Water level accuracy is unknown,1,Department of Water Resources,NA,1,Department of Water Resources,23463,180,240,23463,48N01W28J001M,48N01W28J001M,Unknown,Unknown,NA,NA,Siskiyou,350,Irrigation,Single Well,NA,1977-04-06 00:00:00 - 2020-04-01 12:00:00,71
23463,419755N1219785W001,1793091,1998-10-28T00:00:00Z,4259.27,4258.77,0,47.3,4211.97,47.3,46.8,NA,Unknown,Water level accuracy is unknown,1,Department of Water Resources,NA,1,Department of Water Resources,23463,180,240,23463,48N01W28J001M,48N01W28J001M,Unknown,Unknown,NA,NA,Siskiyou,350,Irrigation,Single Well,NA,1977-04-06 00:00:00 - 2020-04-01 12:00:00,71
23463,419755N1219785W001,1793090,1998-03-30T00:00:00Z,4259.27,4258.77,0,45,4214.27,45,44.5,NA,Unknown,Water level accuracy is unknown,1,Department of Water Resources,NA,1,Department of Water Resources,23463,180,240,23463,48N01W28J001M,48N01W28J001M,Unknown,Unknown,NA,NA,Siskiyou,350,Irrigation,Single Well,NA,1977-04-06 00:00:00 - 2020-04-01 12:00:00,71
23463,419755N1219785W001,1793089,1997-10-22T00:00:00Z,4259.27,4258.77,0,50.7,4208.57,50.7,50.2,NA,Unknown,Water level accuracy is unknown,1,Department of Water Resources,NA,1,Department of Water Resources,23463,180,240,23463,48N01W28J001M,48N01W28J001M,Unknown,Unknown,NA,NA,Siskiyou,350,Irrigation,Single Well,NA,1977-04-06 00:00:00 - 2020-04-01 12:00:00,71
23463,419755N1219785W001,1793088,1997-03-11T00:00:00Z,4259.27,4258.77,0,47,4212.27,47,46.5,NA,Unknown,Water level accuracy is unknown,1,Department of Water Resources,NA,1,Department of Water Resources,23463,180,240,23463,48N01W28J001M,48N01W28J001M,Unknown,Unknown,NA,NA,Siskiyou,350,Irrigation,Single Well,NA,1977-04-06 00:00:00 - 2020-04-01 12:00:00,71
23463,419755N1219785W001,1793087,1996-10-22T00:00:00Z,4259.27,4258.77,0,53.5,4205.77,53.5,53,NA,Unknown,Water level accuracy is unknown,1,Department of Water Resources,NA,1,Department of Water Resources,23463,180,240,23463,48N01W28J001M,48N01W28J001M,Unknown,Unknown,NA,NA,Siskiyou,350,Irrigation,Single Well,NA,1977-04-06 00:00:00 - 2020-04-01 12:00:00,71
23463,419755N1219785W001,1793086,1996-03-27T00:00:00Z,4259.27,4258.77,0,48.5,4210.77,48.5,48,NA,Unknown,Water level accuracy is unknown,1,Department of Water Resources,NA,1,Department of Water Resources,23463,180,240,23463,48N01W28J001M,48N01W28J001M,Unknown,Unknown,NA,NA,Siskiyou,350,Irrigation,Single Well,NA,1977-04-06 00:00:00 - 2020-04-01 12:00:00,71
23463,419755N1219785W001,1793085,1995-10-17T00:00:00Z,4259.27,4258.77,0,57.7,4201.57,57.7,57.2,NA,Unknown,Water level accuracy is unknown,1,Department of Water Resources,NA,1,Department of Water Resources,23463,180,240,23463,48N01W28J001M,48N01W28J001M,Unknown,Unknown,NA,NA,Siskiyou,350,Irrigation,Single Well,NA,1977-04-06 00:00:00 - 2020-04-01 12:00:00,71
23463,419755N1219785W001,1793084,1995-03-28T00:00:00Z,4259.27,4258.77,0,51.3,4207.97,51.3,50.8,NA,Unknown,Water level accuracy is unknown,1,Department of Water Resources,NA,1,Department of Water Resources,23463,180,240,23463,48N01W28J001M,48N01W28J001M,Unknown,Unknown,NA,NA,Siskiyou,350,Irrigation,Single Well,NA,1977-04-06 00:00:00 - 2020-04-01 12:00:00,71
23463,419755N1219785W001,1793083,1994-10-25T00:00:00Z,4259.27,4258.77,0,58.9,4200.37,58.9,58.4,NA,Unknown,Water level accuracy is unknown,1,Department of Water Resources,NA,1,Department of Water Resources,23463,180,240,23463,48N01W28J001M,48N01W28J001M,Unknown,Unknown,NA,NA,Siskiyou,350,Irrigation,Single Well,NA,1977-04-06 00:00:00 - 2020-04-01 12:00:00,71
23463,419755N1219785W001,1793082,1994-03-29T00:00:00Z,4259.27,4258.77,0,53.7,4205.57,53.7,53.2,NA,Unknown,Water level accuracy is unknown,1,Department of Water Resources,NA,1,Department of Water Resources,23463,180,240,23463,48N01W28J001M,48N01W28J001M,Unknown,Unknown,NA,NA,Siskiyou,350,Irrigation,Single Well,NA,1977-04-06 00:00:00 - 2020-04-01 12:00:00,71
23463,419755N1219785W001,1793081,1993-10-15T00:00:00Z,4259.27,4258.77,0,55.1,4204.17,55.1,54.6,NA,Unknown,Water level accuracy is unknown,1,Department of Water Resources,NA,1,Department of Water Resources,23463,180,240,23463,48N01W28J001M,48N01W28J001M,Unknown,Unknown,NA,NA,Siskiyou,350,Irrigation,Single Well,NA,1977-04-06 00:00:00 - 2020-04-01 12:00:00,71
23463,419755N1219785W001,1793080,1993-03-17T00:00:00Z,4259.27,4258.77,0,47,4212.27,47,46.5,NA,Unknown,Water level accuracy is unknown,1,Department of Water Resources,NA,1,Department of Water Resources,23463,180,240,23463,48N01W28J001M,48N01W28J001M,Unknown,Unknown,NA,NA,Siskiyou,350,Irrigation,Single Well,NA,1977-04-06 00:00:00 - 2020-04-01 12:00:00,71
23463,419755N1219785W001,1793079,1992-10-20T00:00:00Z,4259.27,4258.77,0,56,4203.27,56,55.5,NA,Unknown,Water level accuracy is unknown,1,Department of Water Resources,NA,1,Department of Water Resources,23463,180,240,23463,48N01W28J001M,48N01W28J001M,Unknown,Unknown,NA,NA,Siskiyou,350,Irrigation,Single Well,NA,1977-04-06 00:00:00 - 2020-04-01 12:00:00,71
23463,419755N1219785W001,1793078,1992-03-02T00:00:00Z,4259.27,4258.77,0,45,4214.27,45,44.5,NA,Unknown,Water level accuracy is unknown,1,Department of Water Resources,NA,1,Department of Water Resources,23463,180,240,23463,48N01W28J001M,48N01W28J001M,Unknown,Unknown,NA,NA,Siskiyou,350,Irrigation,Single Well,NA,1977-04-06 00:00:00 - 2020-04-01 12:00:00,71
23463,419755N1219785W001,1793077,1991-09-30T00:00:00Z,4259.27,4258.77,0,53.9,4205.37,53.9,53.4,NA,Unknown,Water level accuracy is unknown,1,Department of Water Resources,NA,1,Department of Water Resources,23463,180,240,23463,48N01W28J001M,48N01W28J001M,Unknown,Unknown,NA,NA,Siskiyou,350,Irrigation,Single Well,NA,1977-04-06 00:00:00 - 2020-04-01 12:00:00,71
23463,419755N1219785W001,1793076,1991-03-19T00:00:00Z,4259.27,4258.77,0,42.3,4216.97,42.3,41.8,NA,Unknown,Water level accuracy is unknown,1,Department of Water Resources,NA,1,Department of Water Resources,23463,180,240,23463,48N01W28J001M,48N01W28J001M,Unknown,Unknown,NA,NA,Siskiyou,350,Irrigation,Single Well,NA,1977-04-06 00:00:00 - 2020-04-01 12:00:00,71
23463,419755N1219785W001,1793075,1990-10-02T00:00:00Z,4259.27,4258.77,0,47,4212.27,47,46.5,NA,Unknown,Water level accuracy is unknown,1,Department of Water Resources,NA,1,Department of Water Resources,23463,180,240,23463,48N01W28J001M,48N01W28J001M,Unknown,Unknown,NA,NA,Siskiyou,350,Irrigation,Single Well,NA,1977-04-06 00:00:00 - 2020-04-01 12:00:00,71
23463,419755N1219785W001,1793074,1990-03-20T00:00:00Z,4259.27,4258.77,0,41.6,4217.67,41.6,41.1,NA,Unknown,Water level accuracy is unknown,1,Department of Water Resources,NA,1,Department of Water Resources,23463,180,240,23463,48N01W28J001M,48N01W28J001M,Unknown,Unknown,NA,NA,Siskiyou,350,Irrigation,Single Well,NA,1977-04-06 00:00:00 - 2020-04-01 12:00:00,71
23463,419755N1219785W001,1793073,1989-10-02T00:00:00Z,4259.27,4258.77,0,50.2,4209.07,50.2,49.7,NA,Unknown,Water level accuracy is unknown,1,Department of Water Resources,NA,1,Department of Water Resources,23463,180,240,23463,48N01W28J001M,48N01W28J001M,Unknown,Unknown,NA,NA,Siskiyou,350,Irrigation,Single Well,NA,1977-04-06 00:00:00 - 2020-04-01 12:00:00,71
23463,419755N1219785W001,1793072,1980-10-24T00:00:00Z,4258.77,4258.77,0,51.7,4207.07,51.7,51.7,NA,Unknown,Water level accuracy is unknown,1,Department of Water Resources,NA,624,Bureau of Reclamation,23463,180,240,23463,48N01W28J001M,48N01W28J001M,Unknown,Unknown,NA,NA,Siskiyou,350,Irrigation,Single Well,NA,1977-04-06 00:00:00 - 2020-04-01 12:00:00,71
23463,419755N1219785W001,1793071,1980-04-17T00:00:00Z,4258.77,4258.77,0,42.7,4216.07,42.7,42.7,NA,Unknown,Water level accuracy is unknown,1,Department of Water Resources,NA,624,Bureau of Reclamation,23463,180,240,23463,48N01W28J001M,48N01W28J001M,Unknown,Unknown,NA,NA,Siskiyou,350,Irrigation,Single Well,NA,1977-04-06 00:00:00 - 2020-04-01 12:00:00,71
23463,419755N1219785W001,1793070,1979-10-12T00:00:00Z,4258.77,4258.77,0,53.1,4205.67,53.1,53.1,NA,Unknown,Water level accuracy is unknown,1,Department of Water Resources,NA,624,Bureau of Reclamation,23463,180,240,23463,48N01W28J001M,48N01W28J001M,Unknown,Unknown,NA,NA,Siskiyou,350,Irrigation,Single Well,NA,1977-04-06 00:00:00 - 2020-04-01 12:00:00,71
23463,419755N1219785W001,1793069,1979-04-27T00:00:00Z,4258.77,4258.77,0,39.3,4219.47,39.3,39.3,NA,Unknown,Water level accuracy is unknown,1,Department of Water Resources,NA,624,Bureau of Reclamation,23463,180,240,23463,48N01W28J001M,48N01W28J001M,Unknown,Unknown,NA,NA,Siskiyou,350,Irrigation,Single Well,NA,1977-04-06 00:00:00 - 2020-04-01 12:00:00,71
23463,419755N1219785W001,1793068,1978-09-18T00:00:00Z,4258.77,4258.77,0,52.2,4206.57,52.2,52.2,NA,Unknown,Water level accuracy is unknown,1,Department of Water Resources,NA,624,Bureau of Reclamation,23463,180,240,23463,48N01W28J001M,48N01W28J001M,Unknown,Unknown,NA,NA,Siskiyou,350,Irrigation,Single Well,NA,1977-04-06 00:00:00 - 2020-04-01 12:00:00,71
23463,419755N1219785W001,1793067,1978-08-15T00:00:00Z,4258.77,4258.77,0,70.8,4187.97,70.8,70.8,NA,Unknown,Water level accuracy is unknown,1,Department of Water Resources,NA,624,Bureau of Reclamation,23463,180,240,23463,48N01W28J001M,48N01W28J001M,Unknown,Unknown,NA,NA,Siskiyou,350,Irrigation,Single Well,NA,1977-04-06 00:00:00 - 2020-04-01 12:00:00,71
23463,419755N1219785W001,1793066,1978-07-18T00:00:00Z,4258.77,4258.77,0,87.2,4171.57,87.2,87.2,Nearby pump operating,Unknown,Water level accuracy is unknown,1,Department of Water Resources,NA,624,Bureau of Reclamation,23463,180,240,23463,48N01W28J001M,48N01W28J001M,Unknown,Unknown,NA,NA,Siskiyou,350,Irrigation,Single Well,NA,1977-04-06 00:00:00 - 2020-04-01 12:00:00,71
23463,419755N1219785W001,1793065,1978-06-16T00:00:00Z,4258.77,4258.77,0,89.6,4169.17,89.6,89.6,Other,Unknown,Water level accuracy is unknown,1,Department of Water Resources,NA,624,Bureau of Reclamation,23463,180,240,23463,48N01W28J001M,48N01W28J001M,Unknown,Unknown,NA,NA,Siskiyou,350,Irrigation,Single Well,NA,1977-04-06 00:00:00 - 2020-04-01 12:00:00,71
23463,419755N1219785W001,1793064,1978-05-12T00:00:00Z,4258.77,4258.77,0,37.9,4220.87,37.9,37.9,NA,Unknown,Water level accuracy is unknown,1,Department of Water Resources,NA,624,Bureau of Reclamation,23463,180,240,23463,48N01W28J001M,48N01W28J001M,Unknown,Unknown,NA,NA,Siskiyou,350,Irrigation,Single Well,NA,1977-04-06 00:00:00 - 2020-04-01 12:00:00,71
23463,419755N1219785W001,1793063,1978-04-13T00:00:00Z,4258.77,4258.77,0,50.7,4208.07,50.7,50.7,NA,Unknown,Water level accuracy is unknown,1,Department of Water Resources,NA,624,Bureau of Reclamation,23463,180,240,23463,48N01W28J001M,48N01W28J001M,Unknown,Unknown,NA,NA,Siskiyou,350,Irrigation,Single Well,NA,1977-04-06 00:00:00 - 2020-04-01 12:00:00,71
23463,419755N1219785W001,1793062,1977-10-14T00:00:00Z,4258.77,4258.77,0,49.8,4208.97,49.8,49.8,NA,Unknown,Water level accuracy is unknown,1,Department of Water Resources,NA,624,Bureau of Reclamation,23463,180,240,23463,48N01W28J001M,48N01W28J001M,Unknown,Unknown,NA,NA,Siskiyou,350,Irrigation,Single Well,NA,1977-04-06 00:00:00 - 2020-04-01 12:00:00,71
23463,419755N1219785W001,1793061,1977-09-15T00:00:00Z,4258.77,4258.77,0,57.1,4201.67,57.1,57.1,NA,Unknown,Water level accuracy is unknown,1,Department of Water Resources,NA,624,Bureau of Reclamation,23463,180,240,23463,48N01W28J001M,48N01W28J001M,Unknown,Unknown,NA,NA,Siskiyou,350,Irrigation,Single Well,NA,1977-04-06 00:00:00 - 2020-04-01 12:00:00,71
23463,419755N1219785W001,1793060,1977-08-16T00:00:00Z,4258.77,4258.77,0,53.9,4204.87,53.9,53.9,NA,Unknown,Water level accuracy is unknown,1,Department of Water Resources,NA,624,Bureau of Reclamation,23463,180,240,23463,48N01W28J001M,48N01W28J001M,Unknown,Unknown,NA,NA,Siskiyou,350,Irrigation,Single Well,NA,1977-04-06 00:00:00 - 2020-04-01 12:00:00,71
23463,419755N1219785W001,1793059,1977-07-20T00:00:00Z,4258.77,4258.77,0,94.8,4163.97,94.8,94.8,Nearby pump operating,Unknown,Water level accuracy is unknown,1,Department of Water Resources,NA,624,Bureau of Reclamation,23463,180,240,23463,48N01W28J001M,48N01W28J001M,Unknown,Unknown,NA,NA,Siskiyou,350,Irrigation,Single Well,NA,1977-04-06 00:00:00 - 2020-04-01 12:00:00,71
23463,419755N1219785W001,1793058,1977-06-13T00:00:00Z,4258.77,4258.77,NA,NA,NA,NA,NA,Special/Other,NA,NA,1,Department of Water Resources,NA,624,Bureau of Reclamation,23463,180,240,23463,48N01W28J001M,48N01W28J001M,Unknown,Unknown,NA,NA,Siskiyou,350,Irrigation,Single Well,NA,1977-04-06 00:00:00 - 2020-04-01 12:00:00,71
23463,419755N1219785W001,1793057,1977-04-06T00:00:00Z,4258.77,4258.77,0,36,4222.77,36,36,NA,Unknown,Water level accuracy is unknown,1,Department of Water Resources,NA,624,Bureau of Reclamation,23463,180,240,23463,48N01W28J001M,48N01W28J001M,Unknown,Unknown,NA,NA,Siskiyou,350,Irrigation,Single Well,NA,1977-04-06 00:00:00 - 2020-04-01 12:00:00,71
