SITE_CODE,WLM_ID,MSMT_DATE,WLM_RPE,WLM_GSE,RDNG_WS,RDNG_RP,WSE,RPE_WSE,GSE_WSE,WLM_QA_DESC,WLM_DESC,WLM_ACC_DESC,WLM_ORG_ID,WLM_ORG_NAME,MSMT_CMT,COOP_AGENCY_ORG_ID,COOP_ORG_NAME,TOP_PRF,BOT_PRF,STN_ID,SWN,WELL_NAME,WLM_METHOD,WLM_ACC,BASIN_CODE,BASIN_NAME,COUNTY_NAME,WELL_DEPTH,WELL_USE,WELL_TYPE,WCR_NO,t_range,n_samples,X,Y
419803N1219570W001,2619128,2020-04-01T12:00:00Z,4263.28,4262.78,23,89,4197.28,66,65.5,NA,Steel tape measurement,Water level accuracy to nearest tenth of a foot,1,Department of Water Resources,NA,1,Department of Water Resources,137,1019,23461,48N01W26E001M,48N01W26E001M,Unknown,Unknown,NA,NA,Siskiyou,1019,Irrigation,Single Well,81301,1980-10-24 00:00:00 - 2020-04-01 12:00:00,78,-121.957,41.9805
419803N1219570W001,2453082,2019-04-03T12:00:00Z,4263.28,4262.78,12.4,95,4180.68,82.6,82.1,Oil or foreign substance in casing,Steel tape measurement,Water level accuracy to nearest tenth of a foot,1,Department of Water Resources,NA,1,Department of Water Resources,137,1019,23461,48N01W26E001M,48N01W26E001M,Unknown,Unknown,NA,NA,Siskiyou,1019,Irrigation,Single Well,81301,1980-10-24 00:00:00 - 2020-04-01 12:00:00,78,-121.957,41.9805
419803N1219570W001,2413573,2018-10-30T12:00:00Z,4263.28,4262.78,7.7,110,4160.98,102.3,101.8,Oil or foreign substance in casing,Steel tape measurement,Water level accuracy to nearest tenth of a foot,1,Department of Water Resources,Oil in casing,1,Department of Water Resources,137,1019,23461,48N01W26E001M,48N01W26E001M,Unknown,Unknown,NA,NA,Siskiyou,1019,Irrigation,Single Well,81301,1980-10-24 00:00:00 - 2020-04-01 12:00:00,78,-121.957,41.9805
419803N1219570W001,2286522,2018-03-30T12:00:00Z,4263.28,4262.78,12.7,100,4175.98,87.3,86.8,Oil or foreign substance in casing,Steel tape measurement,Water level accuracy to nearest tenth of a foot,1,Department of Water Resources,Oil in casing,1,Department of Water Resources,137,1019,23461,48N01W26E001M,48N01W26E001M,Unknown,Unknown,NA,NA,Siskiyou,1019,Irrigation,Single Well,81301,1980-10-24 00:00:00 - 2020-04-01 12:00:00,78,-121.957,41.9805
419803N1219570W001,2266649,2017-10-17T12:00:00Z,4263.28,4262.78,9.3,105,4167.58,95.7,95.2,Oil or foreign substance in casing,Steel tape measurement,Water level accuracy to nearest tenth of a foot,1,Department of Water Resources,Oil in casing,1,Department of Water Resources,137,1019,23461,48N01W26E001M,48N01W26E001M,Unknown,Unknown,NA,NA,Siskiyou,1019,Irrigation,Single Well,81301,1980-10-24 00:00:00 - 2020-04-01 12:00:00,78,-121.957,41.9805
419803N1219570W001,2241627,2017-03-23T12:00:00Z,4263.28,4262.78,3,95,4171.28,92,91.5,NA,Steel tape measurement,Water level accuracy to nearest tenth of a foot,1,Department of Water Resources,NA,1,Department of Water Resources,137,1019,23461,48N01W26E001M,48N01W26E001M,Unknown,Unknown,NA,NA,Siskiyou,1019,Irrigation,Single Well,81301,1980-10-24 00:00:00 - 2020-04-01 12:00:00,78,-121.957,41.9805
419803N1219570W001,2214918,2016-10-20T12:00:00Z,4263.28,4262.78,14.1,110,4167.38,95.9,95.4,Oil or foreign substance in casing,Steel tape measurement,Water level accuracy to nearest tenth of a foot,1,Department of Water Resources,NA,1,Department of Water Resources,137,1019,23461,48N01W26E001M,48N01W26E001M,Unknown,Unknown,NA,NA,Siskiyou,1019,Irrigation,Single Well,81301,1980-10-24 00:00:00 - 2020-04-01 12:00:00,78,-121.957,41.9805
419803N1219570W001,2184905,2016-03-22T12:00:00Z,4263.28,4262.78,14.3,108,4169.58,93.7,93.2,Oil or foreign substance in casing,Steel tape measurement,Water level accuracy to nearest tenth of a foot,1,Department of Water Resources,NA,1,Department of Water Resources,137,1019,23461,48N01W26E001M,48N01W26E001M,Unknown,Unknown,NA,NA,Siskiyou,1019,Irrigation,Single Well,81301,1980-10-24 00:00:00 - 2020-04-01 12:00:00,78,-121.957,41.9805
419803N1219570W001,2158529,2015-10-19T00:00:00Z,4263.28,4262.78,14.3,108,4169.58,93.7,93.2,Oil or foreign substance in casing,Steel tape measurement,Water level accuracy to nearest tenth of a foot,1,Department of Water Resources,NA,1,Department of Water Resources,137,1019,23461,48N01W26E001M,48N01W26E001M,Unknown,Unknown,NA,NA,Siskiyou,1019,Irrigation,Single Well,81301,1980-10-24 00:00:00 - 2020-04-01 12:00:00,78,-121.957,41.9805
419803N1219570W001,2130486,2015-03-23T00:00:00Z,4263.28,4262.78,13.8,100,4177.08,86.2,85.7,Oil or foreign substance in casing,Steel tape measurement,Water level accuracy to nearest tenth of a foot,1,Department of Water Resources,NA,1,Department of Water Resources,137,1019,23461,48N01W26E001M,48N01W26E001M,Unknown,Unknown,NA,NA,Siskiyou,1019,Irrigation,Single Well,81301,1980-10-24 00:00:00 - 2020-04-01 12:00:00,78,-121.957,41.9805
419803N1219570W001,2029097,2014-10-20T00:00:00Z,4263.28,4262.78,13.4,108,4168.68,94.6,94.1,NA,Steel tape measurement,Water level accuracy to nearest tenth of a foot,1,Department of Water Resources,NA,1,Department of Water Resources,137,1019,23461,48N01W26E001M,48N01W26E001M,Unknown,Unknown,NA,NA,Siskiyou,1019,Irrigation,Single Well,81301,1980-10-24 00:00:00 - 2020-04-01 12:00:00,78,-121.957,41.9805
419803N1219570W001,1885364,2014-03-24T00:00:00Z,4263.28,4262.78,28.4,108,4183.68,79.6,79.1,Oil or foreign substance in casing,Steel tape measurement,Water level accuracy to nearest tenth of a foot,1,Department of Water Resources,NA,1,Department of Water Resources,137,1019,23461,48N01W26E001M,48N01W26E001M,Unknown,Unknown,NA,NA,Siskiyou,1019,Irrigation,Single Well,81301,1980-10-24 00:00:00 - 2020-04-01 12:00:00,78,-121.957,41.9805
419803N1219570W001,1797536,2013-10-21T00:00:00Z,4263.28,4262.78,14.8,110,4168.08,95.2,94.7,Oil or foreign substance in casing,Steel tape measurement,Water level accuracy to nearest tenth of a foot,1,Department of Water Resources,NA,1,Department of Water Resources,137,1019,23461,48N01W26E001M,48N01W26E001M,Unknown,Unknown,NA,NA,Siskiyou,1019,Irrigation,Single Well,81301,1980-10-24 00:00:00 - 2020-04-01 12:00:00,78,-121.957,41.9805
419803N1219570W001,1685069,2013-03-25T00:00:00Z,4263.28,4262.78,14.2,111,4166.48,96.8,96.3,Oil or foreign substance in casing,Steel tape measurement,Water level accuracy to nearest tenth of a foot,1,Department of Water Resources,NA,1,Department of Water Resources,137,1019,23461,48N01W26E001M,48N01W26E001M,Unknown,Unknown,NA,NA,Siskiyou,1019,Irrigation,Single Well,81301,1980-10-24 00:00:00 - 2020-04-01 12:00:00,78,-121.957,41.9805
419803N1219570W001,70285,2012-10-29T00:00:00Z,4263.28,4262.78,20,119,4164.28,99,98.5,Oil or foreign substance in casing,Steel tape measurement,Water level accuracy to nearest tenth of a foot,1,Department of Water Resources,NA,1,Department of Water Resources,137,1019,23461,48N01W26E001M,48N01W26E001M,Unknown,Unknown,NA,NA,Siskiyou,1019,Irrigation,Single Well,81301,1980-10-24 00:00:00 - 2020-04-01 12:00:00,78,-121.957,41.9805
419803N1219570W001,59917,2012-04-17T00:00:00Z,4263.28,4262.78,0.5,77,4186.78,76.5,76,Oil or foreign substance in casing,Steel tape measurement,Water level accuracy to nearest tenth of a foot,1,Department of Water Resources,NA,1,Department of Water Resources,137,1019,23461,48N01W26E001M,48N01W26E001M,Unknown,Unknown,NA,NA,Siskiyou,1019,Irrigation,Single Well,81301,1980-10-24 00:00:00 - 2020-04-01 12:00:00,78,-121.957,41.9805
419803N1219570W001,41194,2011-10-18T00:00:00Z,4263.28,4262.78,0,115.5,4147.78,115.5,115,NA,Steel tape measurement,Water level accuracy to nearest tenth of a foot,1,Department of Water Resources,NA,1,Department of Water Resources,137,1019,23461,48N01W26E001M,48N01W26E001M,Unknown,Unknown,NA,NA,Siskiyou,1019,Irrigation,Single Well,81301,1980-10-24 00:00:00 - 2020-04-01 12:00:00,78,-121.957,41.9805
419803N1219570W001,682006,2011-10-18T00:00:00Z,4263.28,4262.78,0,115.5,4147.78,115.5,115,NA,Unknown,Water level accuracy is unknown,1,Department of Water Resources,NA,1,Department of Water Resources,137,1019,23461,48N01W26E001M,48N01W26E001M,Unknown,Unknown,NA,NA,Siskiyou,1019,Irrigation,Single Well,81301,1980-10-24 00:00:00 - 2020-04-01 12:00:00,78,-121.957,41.9805
419803N1219570W001,682005,2011-04-20T00:00:00Z,4263.28,4262.78,0,79.6,4183.68,79.6,79.1,Oil or foreign substance in casing,Unknown,Water level accuracy is unknown,1,Department of Water Resources,NA,1,Department of Water Resources,137,1019,23461,48N01W26E001M,48N01W26E001M,Unknown,Unknown,NA,NA,Siskiyou,1019,Irrigation,Single Well,81301,1980-10-24 00:00:00 - 2020-04-01 12:00:00,78,-121.957,41.9805
419803N1219570W001,682004,2010-10-25T00:00:00Z,4263.28,4262.78,0,110.3,4152.98,110.3,109.8,Oil or foreign substance in casing,Unknown,Water level accuracy is unknown,1,Department of Water Resources,NA,1,Department of Water Resources,137,1019,23461,48N01W26E001M,48N01W26E001M,Unknown,Unknown,NA,NA,Siskiyou,1019,Irrigation,Single Well,81301,1980-10-24 00:00:00 - 2020-04-01 12:00:00,78,-121.957,41.9805
419803N1219570W001,682003,2010-03-30T00:00:00Z,4263.28,4262.78,0,75.7,4187.58,75.7,75.2,Oil or foreign substance in casing,Unknown,Water level accuracy is unknown,1,Department of Water Resources,NA,1,Department of Water Resources,137,1019,23461,48N01W26E001M,48N01W26E001M,Unknown,Unknown,NA,NA,Siskiyou,1019,Irrigation,Single Well,81301,1980-10-24 00:00:00 - 2020-04-01 12:00:00,78,-121.957,41.9805
419803N1219570W001,682002,2009-10-27T00:00:00Z,4263.28,4262.78,0,104.8,4158.48,104.8,104.3,Oil or foreign substance in casing,Unknown,Water level accuracy is unknown,1,Department of Water Resources,NA,1,Department of Water Resources,137,1019,23461,48N01W26E001M,48N01W26E001M,Unknown,Unknown,NA,NA,Siskiyou,1019,Irrigation,Single Well,81301,1980-10-24 00:00:00 - 2020-04-01 12:00:00,78,-121.957,41.9805
419803N1219570W001,682001,2009-04-08T00:00:00Z,4263.28,4262.78,0,75.5,4187.78,75.5,75,Oil or foreign substance in casing,Unknown,Water level accuracy is unknown,1,Department of Water Resources,NA,1,Department of Water Resources,137,1019,23461,48N01W26E001M,48N01W26E001M,Unknown,Unknown,NA,NA,Siskiyou,1019,Irrigation,Single Well,81301,1980-10-24 00:00:00 - 2020-04-01 12:00:00,78,-121.957,41.9805
419803N1219570W001,682000,2008-10-30T00:00:00Z,4263.28,4262.78,0,90,4173.28,90,89.5,Oil or foreign substance in casing,Unknown,Water level accuracy is unknown,1,Department of Water Resources,NA,1,Department of Water Resources,137,1019,23461,48N01W26E001M,48N01W26E001M,Unknown,Unknown,NA,NA,Siskiyou,1019,Irrigation,Single Well,81301,1980-10-24 00:00:00 - 2020-04-01 12:00:00,78,-121.957,41.9805
419803N1219570W001,681999,2008-04-04T00:00:00Z,4263.28,4262.78,0,75.2,4188.08,75.2,74.7,Oil or foreign substance in casing,Unknown,Water level accuracy is unknown,1,Department of Water Resources,NA,1,Department of Water Resources,137,1019,23461,48N01W26E001M,48N01W26E001M,Unknown,Unknown,NA,NA,Siskiyou,1019,Irrigation,Single Well,81301,1980-10-24 00:00:00 - 2020-04-01 12:00:00,78,-121.957,41.9805
419803N1219570W001,681998,2007-10-25T00:00:00Z,4263.28,4262.78,0,89.9,4173.38,89.9,89.4,Oil or foreign substance in casing,Unknown,Water level accuracy is unknown,1,Department of Water Resources,NA,1,Department of Water Resources,137,1019,23461,48N01W26E001M,48N01W26E001M,Unknown,Unknown,NA,NA,Siskiyou,1019,Irrigation,Single Well,81301,1980-10-24 00:00:00 - 2020-04-01 12:00:00,78,-121.957,41.9805
419803N1219570W001,681997,2007-03-29T00:00:00Z,4263.28,4262.78,0,69.5,4193.78,69.5,69,Oil or foreign substance in casing,Unknown,Water level accuracy is unknown,1,Department of Water Resources,NA,1,Department of Water Resources,137,1019,23461,48N01W26E001M,48N01W26E001M,Unknown,Unknown,NA,NA,Siskiyou,1019,Irrigation,Single Well,81301,1980-10-24 00:00:00 - 2020-04-01 12:00:00,78,-121.957,41.9805
419803N1219570W001,681996,2006-10-12T00:00:00Z,4263.28,4262.78,0,89.5,4173.78,89.5,89,Oil or foreign substance in casing,Unknown,Water level accuracy is unknown,1,Department of Water Resources,NA,1,Department of Water Resources,137,1019,23461,48N01W26E001M,48N01W26E001M,Unknown,Unknown,NA,NA,Siskiyou,1019,Irrigation,Single Well,81301,1980-10-24 00:00:00 - 2020-04-01 12:00:00,78,-121.957,41.9805
419803N1219570W001,681995,2006-04-18T00:00:00Z,4263.28,4262.78,0,84.7,4178.58,84.7,84.2,Oil or foreign substance in casing,Unknown,Water level accuracy is unknown,1,Department of Water Resources,NA,1,Department of Water Resources,137,1019,23461,48N01W26E001M,48N01W26E001M,Unknown,Unknown,NA,NA,Siskiyou,1019,Irrigation,Single Well,81301,1980-10-24 00:00:00 - 2020-04-01 12:00:00,78,-121.957,41.9805
419803N1219570W001,681994,2005-10-10T00:00:00Z,4263.28,4262.78,0,89.5,4173.78,89.5,89,Oil or foreign substance in casing,Unknown,Water level accuracy is unknown,1,Department of Water Resources,NA,1,Department of Water Resources,137,1019,23461,48N01W26E001M,48N01W26E001M,Unknown,Unknown,NA,NA,Siskiyou,1019,Irrigation,Single Well,81301,1980-10-24 00:00:00 - 2020-04-01 12:00:00,78,-121.957,41.9805
419803N1219570W001,681993,2005-04-05T00:00:00Z,4263.28,4262.78,0,75,4188.28,75,74.5,Oil or foreign substance in casing,Unknown,Water level accuracy is unknown,1,Department of Water Resources,NA,1,Department of Water Resources,137,1019,23461,48N01W26E001M,48N01W26E001M,Unknown,Unknown,NA,NA,Siskiyou,1019,Irrigation,Single Well,81301,1980-10-24 00:00:00 - 2020-04-01 12:00:00,78,-121.957,41.9805
419803N1219570W001,681992,2004-11-03T00:00:00Z,4263.28,4262.78,0,81.9,4181.38,81.9,81.4,Oil or foreign substance in casing,Unknown,Water level accuracy is unknown,1,Department of Water Resources,NA,1,Department of Water Resources,137,1019,23461,48N01W26E001M,48N01W26E001M,Unknown,Unknown,NA,NA,Siskiyou,1019,Irrigation,Single Well,81301,1980-10-24 00:00:00 - 2020-04-01 12:00:00,78,-121.957,41.9805
419803N1219570W001,681991,2004-03-30T00:00:00Z,4263.28,4262.78,0,70.1,4193.18,70.1,69.6,Oil or foreign substance in casing,Unknown,Water level accuracy is unknown,1,Department of Water Resources,NA,1,Department of Water Resources,137,1019,23461,48N01W26E001M,48N01W26E001M,Unknown,Unknown,NA,NA,Siskiyou,1019,Irrigation,Single Well,81301,1980-10-24 00:00:00 - 2020-04-01 12:00:00,78,-121.957,41.9805
419803N1219570W001,681990,2003-10-20T00:00:00Z,4263.28,4262.78,0,69.9,4193.38,69.9,69.4,Oil or foreign substance in casing,Unknown,Water level accuracy is unknown,1,Department of Water Resources,NA,1,Department of Water Resources,137,1019,23461,48N01W26E001M,48N01W26E001M,Unknown,Unknown,NA,NA,Siskiyou,1019,Irrigation,Single Well,81301,1980-10-24 00:00:00 - 2020-04-01 12:00:00,78,-121.957,41.9805
419803N1219570W001,681989,2003-04-01T00:00:00Z,4263.28,4262.78,0,73.8,4189.48,73.8,73.3,NA,Unknown,Water level accuracy is unknown,1,Department of Water Resources,NA,1,Department of Water Resources,137,1019,23461,48N01W26E001M,48N01W26E001M,Unknown,Unknown,NA,NA,Siskiyou,1019,Irrigation,Single Well,81301,1980-10-24 00:00:00 - 2020-04-01 12:00:00,78,-121.957,41.9805
419803N1219570W001,681988,2002-10-11T00:00:00Z,4263.28,4262.78,0,81.3,4181.98,81.3,80.8,Oil or foreign substance in casing,Unknown,Water level accuracy is unknown,1,Department of Water Resources,NA,1,Department of Water Resources,137,1019,23461,48N01W26E001M,48N01W26E001M,Unknown,Unknown,NA,NA,Siskiyou,1019,Irrigation,Single Well,81301,1980-10-24 00:00:00 - 2020-04-01 12:00:00,78,-121.957,41.9805
419803N1219570W001,681987,2002-03-26T00:00:00Z,4263.28,4262.78,NA,NA,NA,NA,NA,Temporarily inaccessible,NA,NA,1,Department of Water Resources,NA,1,Department of Water Resources,137,1019,23461,48N01W26E001M,48N01W26E001M,Unknown,Unknown,NA,NA,Siskiyou,1019,Irrigation,Single Well,81301,1980-10-24 00:00:00 - 2020-04-01 12:00:00,78,-121.957,41.9805
419803N1219570W001,681986,2001-10-23T00:00:00Z,4263.28,4262.78,NA,NA,NA,NA,NA,Temporarily inaccessible,NA,NA,1,Department of Water Resources,NA,1,Department of Water Resources,137,1019,23461,48N01W26E001M,48N01W26E001M,Unknown,Unknown,NA,NA,Siskiyou,1019,Irrigation,Single Well,81301,1980-10-24 00:00:00 - 2020-04-01 12:00:00,78,-121.957,41.9805
419803N1219570W001,681985,2001-04-03T00:00:00Z,4263.28,4262.78,0,66.4,4196.88,66.4,65.9,Oil or foreign substance in casing,Unknown,Water level accuracy is unknown,1,Department of Water Resources,NA,1,Department of Water Resources,137,1019,23461,48N01W26E001M,48N01W26E001M,Unknown,Unknown,NA,NA,Siskiyou,1019,Irrigation,Single Well,81301,1980-10-24 00:00:00 - 2020-04-01 12:00:00,78,-121.957,41.9805
419803N1219570W001,681984,2000-10-10T00:00:00Z,4263.28,4262.78,0,71.6,4191.68,71.6,71.1,NA,Unknown,Water level accuracy is unknown,1,Department of Water Resources,NA,1,Department of Water Resources,137,1019,23461,48N01W26E001M,48N01W26E001M,Unknown,Unknown,NA,NA,Siskiyou,1019,Irrigation,Single Well,81301,1980-10-24 00:00:00 - 2020-04-01 12:00:00,78,-121.957,41.9805
419803N1219570W001,681983,2000-03-24T00:00:00Z,4263.28,4262.78,0,62.1,4201.18,62.1,61.6,NA,Unknown,Water level accuracy is unknown,1,Department of Water Resources,NA,1,Department of Water Resources,137,1019,23461,48N01W26E001M,48N01W26E001M,Unknown,Unknown,NA,NA,Siskiyou,1019,Irrigation,Single Well,81301,1980-10-24 00:00:00 - 2020-04-01 12:00:00,78,-121.957,41.9805
419803N1219570W001,681981,1999-10-26T00:00:00Z,4263.28,4262.78,0,69.2,4194.08,69.2,68.7,NA,Unknown,Water level accuracy is unknown,1,Department of Water Resources,NA,1,Department of Water Resources,137,1019,23461,48N01W26E001M,48N01W26E001M,Unknown,Unknown,NA,NA,Siskiyou,1019,Irrigation,Single Well,81301,1980-10-24 00:00:00 - 2020-04-01 12:00:00,78,-121.957,41.9805
419803N1219570W001,681982,1999-03-16T00:00:00Z,4263.28,4262.78,0,63.1,4200.18,63.1,62.6,NA,Unknown,Water level accuracy is unknown,1,Department of Water Resources,NA,1,Department of Water Resources,137,1019,23461,48N01W26E001M,48N01W26E001M,Unknown,Unknown,NA,NA,Siskiyou,1019,Irrigation,Single Well,81301,1980-10-24 00:00:00 - 2020-04-01 12:00:00,78,-121.957,41.9805
419803N1219570W001,681980,1998-10-28T00:00:00Z,4263.28,4262.78,0,70.9,4192.38,70.9,70.4,NA,Unknown,Water level accuracy is unknown,1,Department of Water Resources,NA,1,Department of Water Resources,137,1019,23461,48N01W26E001M,48N01W26E001M,Unknown,Unknown,NA,NA,Siskiyou,1019,Irrigation,Single Well,81301,1980-10-24 00:00:00 - 2020-04-01 12:00:00,78,-121.957,41.9805
419803N1219570W001,681979,1998-03-30T00:00:00Z,4263.28,4262.78,0,64.4,4198.88,64.4,63.9,NA,Unknown,Water level accuracy is unknown,1,Department of Water Resources,NA,1,Department of Water Resources,137,1019,23461,48N01W26E001M,48N01W26E001M,Unknown,Unknown,NA,NA,Siskiyou,1019,Irrigation,Single Well,81301,1980-10-24 00:00:00 - 2020-04-01 12:00:00,78,-121.957,41.9805
419803N1219570W001,681978,1997-10-22T00:00:00Z,4263.28,4262.78,0,70.8,4192.48,70.8,70.3,NA,Unknown,Water level accuracy is unknown,1,Department of Water Resources,NA,1,Department of Water Resources,137,1019,23461,48N01W26E001M,48N01W26E001M,Unknown,Unknown,NA,NA,Siskiyou,1019,Irrigation,Single Well,81301,1980-10-24 00:00:00 - 2020-04-01 12:00:00,78,-121.957,41.9805
419803N1219570W001,681977,1997-03-11T00:00:00Z,4263.28,4262.78,0,67.3,4195.98,67.3,66.8,NA,Unknown,Water level accuracy is unknown,1,Department of Water Resources,NA,1,Department of Water Resources,137,1019,23461,48N01W26E001M,48N01W26E001M,Unknown,Unknown,NA,NA,Siskiyou,1019,Irrigation,Single Well,81301,1980-10-24 00:00:00 - 2020-04-01 12:00:00,78,-121.957,41.9805
419803N1219570W001,681976,1996-10-22T00:00:00Z,4263.28,4262.78,0,76,4187.28,76,75.5,NA,Unknown,Water level accuracy is unknown,1,Department of Water Resources,NA,1,Department of Water Resources,137,1019,23461,48N01W26E001M,48N01W26E001M,Unknown,Unknown,NA,NA,Siskiyou,1019,Irrigation,Single Well,81301,1980-10-24 00:00:00 - 2020-04-01 12:00:00,78,-121.957,41.9805
419803N1219570W001,681975,1996-03-26T00:00:00Z,4263.28,4262.78,0,77,4186.28,77,76.5,NA,Unknown,Water level accuracy is unknown,1,Department of Water Resources,NA,1,Department of Water Resources,137,1019,23461,48N01W26E001M,48N01W26E001M,Unknown,Unknown,NA,NA,Siskiyou,1019,Irrigation,Single Well,81301,1980-10-24 00:00:00 - 2020-04-01 12:00:00,78,-121.957,41.9805
419803N1219570W001,681974,1995-10-17T00:00:00Z,4263.28,4262.78,0,75.2,4188.08,75.2,74.7,Oil or foreign substance in casing,Unknown,Water level accuracy is unknown,1,Department of Water Resources,NA,1,Department of Water Resources,137,1019,23461,48N01W26E001M,48N01W26E001M,Unknown,Unknown,NA,NA,Siskiyou,1019,Irrigation,Single Well,81301,1980-10-24 00:00:00 - 2020-04-01 12:00:00,78,-121.957,41.9805
419803N1219570W001,681973,1995-03-28T00:00:00Z,4263.28,4262.78,0,70.9,4192.38,70.9,70.4,NA,Unknown,Water level accuracy is unknown,1,Department of Water Resources,NA,1,Department of Water Resources,137,1019,23461,48N01W26E001M,48N01W26E001M,Unknown,Unknown,NA,NA,Siskiyou,1019,Irrigation,Single Well,81301,1980-10-24 00:00:00 - 2020-04-01 12:00:00,78,-121.957,41.9805
419803N1219570W001,681972,1994-03-29T00:00:00Z,4263.28,4262.78,0,68.9,4194.38,68.9,68.4,NA,Unknown,Water level accuracy is unknown,1,Department of Water Resources,NA,1,Department of Water Resources,137,1019,23461,48N01W26E001M,48N01W26E001M,Unknown,Unknown,NA,NA,Siskiyou,1019,Irrigation,Single Well,81301,1980-10-24 00:00:00 - 2020-04-01 12:00:00,78,-121.957,41.9805
419803N1219570W001,681971,1993-10-15T00:00:00Z,4263.28,4262.78,0,73.1,4190.18,73.1,72.6,Oil or foreign substance in casing,Unknown,Water level accuracy is unknown,1,Department of Water Resources,NA,1,Department of Water Resources,137,1019,23461,48N01W26E001M,48N01W26E001M,Unknown,Unknown,NA,NA,Siskiyou,1019,Irrigation,Single Well,81301,1980-10-24 00:00:00 - 2020-04-01 12:00:00,78,-121.957,41.9805
419803N1219570W001,681970,1993-03-17T00:00:00Z,4263.28,4262.78,0,65.8,4197.48,65.8,65.3,Oil or foreign substance in casing,Unknown,Water level accuracy is unknown,1,Department of Water Resources,NA,1,Department of Water Resources,137,1019,23461,48N01W26E001M,48N01W26E001M,Unknown,Unknown,NA,NA,Siskiyou,1019,Irrigation,Single Well,81301,1980-10-24 00:00:00 - 2020-04-01 12:00:00,78,-121.957,41.9805
419803N1219570W001,681969,1992-10-20T00:00:00Z,4263.28,4262.78,0,75.7,4187.58,75.7,75.2,Oil or foreign substance in casing,Unknown,Water level accuracy is unknown,1,Department of Water Resources,NA,1,Department of Water Resources,137,1019,23461,48N01W26E001M,48N01W26E001M,Unknown,Unknown,NA,NA,Siskiyou,1019,Irrigation,Single Well,81301,1980-10-24 00:00:00 - 2020-04-01 12:00:00,78,-121.957,41.9805
419803N1219570W001,681968,1992-03-02T00:00:00Z,4263.28,4262.78,0,63.8,4199.48,63.8,63.3,NA,Unknown,Water level accuracy is unknown,1,Department of Water Resources,NA,1,Department of Water Resources,137,1019,23461,48N01W26E001M,48N01W26E001M,Unknown,Unknown,NA,NA,Siskiyou,1019,Irrigation,Single Well,81301,1980-10-24 00:00:00 - 2020-04-01 12:00:00,78,-121.957,41.9805
419803N1219570W001,681967,1991-09-30T00:00:00Z,4263.28,4262.78,0,75,4188.28,75,74.5,Oil or foreign substance in casing,Unknown,Water level accuracy is unknown,1,Department of Water Resources,NA,1,Department of Water Resources,137,1019,23461,48N01W26E001M,48N01W26E001M,Unknown,Unknown,NA,NA,Siskiyou,1019,Irrigation,Single Well,81301,1980-10-24 00:00:00 - 2020-04-01 12:00:00,78,-121.957,41.9805
419803N1219570W001,681966,1991-03-19T00:00:00Z,4263.28,4262.78,0,61,4202.28,61,60.5,Oil or foreign substance in casing,Unknown,Water level accuracy is unknown,1,Department of Water Resources,NA,1,Department of Water Resources,137,1019,23461,48N01W26E001M,48N01W26E001M,Unknown,Unknown,NA,NA,Siskiyou,1019,Irrigation,Single Well,81301,1980-10-24 00:00:00 - 2020-04-01 12:00:00,78,-121.957,41.9805
419803N1219570W001,681965,1990-10-02T00:00:00Z,4263.28,4262.78,0,72,4191.28,72,71.5,Oil or foreign substance in casing,Unknown,Water level accuracy is unknown,1,Department of Water Resources,NA,1,Department of Water Resources,137,1019,23461,48N01W26E001M,48N01W26E001M,Unknown,Unknown,NA,NA,Siskiyou,1019,Irrigation,Single Well,81301,1980-10-24 00:00:00 - 2020-04-01 12:00:00,78,-121.957,41.9805
419803N1219570W001,681964,1990-03-20T00:00:00Z,4263.28,4262.78,0,61,4202.28,61,60.5,Oil or foreign substance in casing,Unknown,Water level accuracy is unknown,1,Department of Water Resources,NA,1,Department of Water Resources,137,1019,23461,48N01W26E001M,48N01W26E001M,Unknown,Unknown,NA,NA,Siskiyou,1019,Irrigation,Single Well,81301,1980-10-24 00:00:00 - 2020-04-01 12:00:00,78,-121.957,41.9805
419803N1219570W001,681963,1989-10-03T00:00:00Z,4263.28,4262.78,0,66.1,4197.18,66.1,65.6,Oil or foreign substance in casing,Unknown,Water level accuracy is unknown,1,Department of Water Resources,NA,1,Department of Water Resources,137,1019,23461,48N01W26E001M,48N01W26E001M,Unknown,Unknown,NA,NA,Siskiyou,1019,Irrigation,Single Well,81301,1980-10-24 00:00:00 - 2020-04-01 12:00:00,78,-121.957,41.9805
419803N1219570W001,681962,1989-03-21T00:00:00Z,4263.28,4262.78,0,60.5,4202.78,60.5,60,Oil or foreign substance in casing,Unknown,Water level accuracy is unknown,1,Department of Water Resources,NA,1,Department of Water Resources,137,1019,23461,48N01W26E001M,48N01W26E001M,Unknown,Unknown,NA,NA,Siskiyou,1019,Irrigation,Single Well,81301,1980-10-24 00:00:00 - 2020-04-01 12:00:00,78,-121.957,41.9805
419803N1219570W001,681961,1988-10-25T00:00:00Z,4263.28,4262.78,0,71.4,4191.88,71.4,70.9,Oil or foreign substance in casing,Unknown,Water level accuracy is unknown,1,Department of Water Resources,NA,1,Department of Water Resources,137,1019,23461,48N01W26E001M,48N01W26E001M,Unknown,Unknown,NA,NA,Siskiyou,1019,Irrigation,Single Well,81301,1980-10-24 00:00:00 - 2020-04-01 12:00:00,78,-121.957,41.9805
419803N1219570W001,681960,1988-03-23T00:00:00Z,4263.28,4262.78,0,57.4,4205.88,57.4,56.9,Oil or foreign substance in casing,Unknown,Water level accuracy is unknown,1,Department of Water Resources,NA,1,Department of Water Resources,137,1019,23461,48N01W26E001M,48N01W26E001M,Unknown,Unknown,NA,NA,Siskiyou,1019,Irrigation,Single Well,81301,1980-10-24 00:00:00 - 2020-04-01 12:00:00,78,-121.957,41.9805
419803N1219570W001,681959,1987-10-20T00:00:00Z,4263.28,4262.78,0,64.3,4198.98,64.3,63.8,Oil or foreign substance in casing,Unknown,Water level accuracy is unknown,1,Department of Water Resources,NA,1,Department of Water Resources,137,1019,23461,48N01W26E001M,48N01W26E001M,Unknown,Unknown,NA,NA,Siskiyou,1019,Irrigation,Single Well,81301,1980-10-24 00:00:00 - 2020-04-01 12:00:00,78,-121.957,41.9805
419803N1219570W001,681958,1987-04-20T00:00:00Z,4263.28,4262.78,0,56.1,4207.18,56.1,55.6,Oil or foreign substance in casing,Unknown,Water level accuracy is unknown,1,Department of Water Resources,NA,1,Department of Water Resources,137,1019,23461,48N01W26E001M,48N01W26E001M,Unknown,Unknown,NA,NA,Siskiyou,1019,Irrigation,Single Well,81301,1980-10-24 00:00:00 - 2020-04-01 12:00:00,78,-121.957,41.9805
419803N1219570W001,681957,1986-04-29T00:00:00Z,4263.28,4262.78,0,55.4,4207.88,55.4,54.9,Oil or foreign substance in casing,Unknown,Water level accuracy is unknown,1,Department of Water Resources,NA,624,Bureau of Reclamation,137,1019,23461,48N01W26E001M,48N01W26E001M,Unknown,Unknown,NA,NA,Siskiyou,1019,Irrigation,Single Well,81301,1980-10-24 00:00:00 - 2020-04-01 12:00:00,78,-121.957,41.9805
419803N1219570W001,681956,1985-10-16T00:00:00Z,4263.28,4262.78,0,65.4,4197.88,65.4,64.9,Oil or foreign substance in casing,Unknown,Water level accuracy is unknown,1,Department of Water Resources,NA,624,Bureau of Reclamation,137,1019,23461,48N01W26E001M,48N01W26E001M,Unknown,Unknown,NA,NA,Siskiyou,1019,Irrigation,Single Well,81301,1980-10-24 00:00:00 - 2020-04-01 12:00:00,78,-121.957,41.9805
419803N1219570W001,681955,1985-04-15T00:00:00Z,4263.28,4262.78,0,54.5,4208.78,54.5,54,Oil or foreign substance in casing,Unknown,Water level accuracy is unknown,1,Department of Water Resources,NA,624,Bureau of Reclamation,137,1019,23461,48N01W26E001M,48N01W26E001M,Unknown,Unknown,NA,NA,Siskiyou,1019,Irrigation,Single Well,81301,1980-10-24 00:00:00 - 2020-04-01 12:00:00,78,-121.957,41.9805
419803N1219570W001,681954,1984-10-25T00:00:00Z,4263.28,4262.78,0,63.5,4199.78,63.5,63,Oil or foreign substance in casing,Unknown,Water level accuracy is unknown,1,Department of Water Resources,NA,624,Bureau of Reclamation,137,1019,23461,48N01W26E001M,48N01W26E001M,Unknown,Unknown,NA,NA,Siskiyou,1019,Irrigation,Single Well,81301,1980-10-24 00:00:00 - 2020-04-01 12:00:00,78,-121.957,41.9805
419803N1219570W001,681953,1984-04-16T00:00:00Z,4263.28,4262.78,0,54.2,4209.08,54.2,53.7,Oil or foreign substance in casing,Unknown,Water level accuracy is unknown,1,Department of Water Resources,NA,624,Bureau of Reclamation,137,1019,23461,48N01W26E001M,48N01W26E001M,Unknown,Unknown,NA,NA,Siskiyou,1019,Irrigation,Single Well,81301,1980-10-24 00:00:00 - 2020-04-01 12:00:00,78,-121.957,41.9805
419803N1219570W001,681952,1983-10-14T00:00:00Z,4263.28,4262.78,0,66.5,4196.78,66.5,66,NA,Unknown,Water level accuracy is unknown,1,Department of Water Resources,NA,624,Bureau of Reclamation,137,1019,23461,48N01W26E001M,48N01W26E001M,Unknown,Unknown,NA,NA,Siskiyou,1019,Irrigation,Single Well,81301,1980-10-24 00:00:00 - 2020-04-01 12:00:00,78,-121.957,41.9805
419803N1219570W001,681951,1983-05-11T00:00:00Z,4263.28,4262.78,0,60.5,4202.78,60.5,60,NA,Unknown,Water level accuracy is unknown,1,Department of Water Resources,NA,624,Bureau of Reclamation,137,1019,23461,48N01W26E001M,48N01W26E001M,Unknown,Unknown,NA,NA,Siskiyou,1019,Irrigation,Single Well,81301,1980-10-24 00:00:00 - 2020-04-01 12:00:00,78,-121.957,41.9805
419803N1219570W001,681950,1982-10-25T00:00:00Z,4263.28,4262.78,0,71.1,4192.18,71.1,70.6,Casing leaking or wet,Unknown,Water level accuracy is unknown,1,Department of Water Resources,NA,624,Bureau of Reclamation,137,1019,23461,48N01W26E001M,48N01W26E001M,Unknown,Unknown,NA,NA,Siskiyou,1019,Irrigation,Single Well,81301,1980-10-24 00:00:00 - 2020-04-01 12:00:00,78,-121.957,41.9805
419803N1219570W001,681949,1982-04-21T00:00:00Z,4263.28,4262.78,0,58.8,4204.48,58.8,58.3,Oil or foreign substance in casing,Unknown,Water level accuracy is unknown,1,Department of Water Resources,NA,624,Bureau of Reclamation,137,1019,23461,48N01W26E001M,48N01W26E001M,Unknown,Unknown,NA,NA,Siskiyou,1019,Irrigation,Single Well,81301,1980-10-24 00:00:00 - 2020-04-01 12:00:00,78,-121.957,41.9805
419803N1219570W001,681948,1981-10-15T00:00:00Z,4263.28,4262.78,0,71.9,4191.38,71.9,71.4,Oil or foreign substance in casing,Unknown,Water level accuracy is unknown,1,Department of Water Resources,NA,624,Bureau of Reclamation,137,1019,23461,48N01W26E001M,48N01W26E001M,Unknown,Unknown,NA,NA,Siskiyou,1019,Irrigation,Single Well,81301,1980-10-24 00:00:00 - 2020-04-01 12:00:00,78,-121.957,41.9805
419803N1219570W001,681947,1981-04-24T00:00:00Z,4263.28,4262.78,0,58.1,4205.18,58.1,57.6,Oil or foreign substance in casing,Unknown,Water level accuracy is unknown,1,Department of Water Resources,NA,624,Bureau of Reclamation,137,1019,23461,48N01W26E001M,48N01W26E001M,Unknown,Unknown,NA,NA,Siskiyou,1019,Irrigation,Single Well,81301,1980-10-24 00:00:00 - 2020-04-01 12:00:00,78,-121.957,41.9805
419803N1219570W001,681946,1980-10-24T00:00:00Z,4263.28,4262.78,0,67.8,4195.48,67.8,67.3,NA,Unknown,Water level accuracy is unknown,1,Department of Water Resources,NA,624,Bureau of Reclamation,137,1019,23461,48N01W26E001M,48N01W26E001M,Unknown,Unknown,NA,NA,Siskiyou,1019,Irrigation,Single Well,81301,1980-10-24 00:00:00 - 2020-04-01 12:00:00,78,-121.957,41.9805
