SITE_CODE,WLM_ID,MSMT_DATE,WLM_RPE,WLM_GSE,RDNG_WS,RDNG_RP,WSE,RPE_WSE,GSE_WSE,WLM_QA_DESC,WLM_DESC,WLM_ACC_DESC,WLM_ORG_ID,WLM_ORG_NAME,MSMT_CMT,COOP_AGENCY_ORG_ID,COOP_ORG_NAME,TOP_PRF,BOT_PRF,STN_ID,SWN,WELL_NAME,WLM_METHOD,WLM_ACC,BASIN_CODE,BASIN_NAME,COUNTY_NAME,WELL_DEPTH,WELL_USE,WELL_TYPE,WCR_NO,t_range,n_samples,X,Y
390664N1231491W001,2624427,2020-05-13T10:33:00Z,554.375,553,0,18.37,536.005,18.37,16.995,NA,Electric sounder measurement,Water level accuracy to nearest hundredth of a foot,5191,Mendocino County Water Agency,NA,5191,Mendocino County Water Agency,36,56,51455,NA,Ukiah Valley-32,GPS with WAAS,10 ft.,1-052,Ukiah Valley,Mendocino,60,Residential,Single Well,17867,2016-05-11 12:35:00 - 2020-05-13 10:33:00,9,-123.149,39.0664
390664N1231491W001,2493675,2019-10-30T10:55:00Z,554.375,553,0,25.19,529.185,25.19,23.815,Pumping,Electric sounder measurement,Water level accuracy to nearest hundredth of a foot,5191,Mendocino County Water Agency,NA,5191,Mendocino County Water Agency,36,56,51455,NA,Ukiah Valley-32,GPS with WAAS,10 ft.,1-052,Ukiah Valley,Mendocino,60,Residential,Single Well,17867,2016-05-11 12:35:00 - 2020-05-13 10:33:00,9,-123.149,39.0664
390664N1231491W001,2463884,2019-04-29T11:09:00Z,554.375,553,0,12.99,541.385,12.99,11.615,NA,Electric sounder measurement,Water level accuracy to nearest hundredth of a foot,5191,Mendocino County Water Agency,NA,5191,Mendocino County Water Agency,36,56,51455,NA,Ukiah Valley-32,GPS with WAAS,10 ft.,1-052,Ukiah Valley,Mendocino,60,Residential,Single Well,17867,2016-05-11 12:35:00 - 2020-05-13 10:33:00,9,-123.149,39.0664
390664N1231491W001,2423040,2018-11-02T10:30:00Z,554.375,553,0,18.71,535.665,18.71,17.335,NA,Electric sounder measurement,Water level accuracy to nearest hundredth of a foot,5191,Mendocino County Water Agency,NA,5191,Mendocino County Water Agency,36,56,51455,NA,Ukiah Valley-32,GPS with WAAS,10 ft.,1-052,Ukiah Valley,Mendocino,60,Residential,Single Well,17867,2016-05-11 12:35:00 - 2020-05-13 10:33:00,9,-123.149,39.0664
390664N1231491W001,2307158,2018-04-27T11:15:00Z,554.375,553,0,15.31,539.065,15.31,13.935,NA,Electric sounder measurement,Water level accuracy to nearest hundredth of a foot,5191,Mendocino County Water Agency,NA,5191,Mendocino County Water Agency,36,56,51455,NA,Ukiah Valley-32,GPS with WAAS,10 ft.,1-052,Ukiah Valley,Mendocino,60,Residential,Single Well,17867,2016-05-11 12:35:00 - 2020-05-13 10:33:00,9,-123.149,39.0664
390664N1231491W001,2277526,2017-10-24T10:45:00Z,554.375,553,0,18.42,535.955,18.42,17.045,NA,Electric sounder measurement,Water level accuracy to nearest hundredth of a foot,5191,Mendocino County Water Agency,NA,5191,Mendocino County Water Agency,36,56,51455,NA,Ukiah Valley-32,GPS with WAAS,10 ft.,1-052,Ukiah Valley,Mendocino,60,Residential,Single Well,17867,2016-05-11 12:35:00 - 2020-05-13 10:33:00,9,-123.149,39.0664
390664N1231491W001,2297158,2017-04-19T11:48:00Z,554.375,553,0,12.36,542.015,12.36,10.985,NA,Electric sounder measurement,Water level accuracy to nearest hundredth of a foot,5191,Mendocino County Water Agency,NA,5191,Mendocino County Water Agency,36,56,51455,NA,Ukiah Valley-32,GPS with WAAS,10 ft.,1-052,Ukiah Valley,Mendocino,60,Residential,Single Well,17867,2016-05-11 12:35:00 - 2020-05-13 10:33:00,9,-123.149,39.0664
390664N1231491W001,2221742,2016-10-18T16:10:00Z,554.375,553,0,18.3,536.075,18.3,16.925,NA,Electric sounder measurement,Water level accuracy to nearest hundredth of a foot,5191,Mendocino County Water Agency,NA,5191,Mendocino County Water Agency,36,56,51455,NA,Ukiah Valley-32,GPS with WAAS,10 ft.,1-052,Ukiah Valley,Mendocino,60,Residential,Single Well,17867,2016-05-11 12:35:00 - 2020-05-13 10:33:00,9,-123.149,39.0664
390664N1231491W001,2196267,2016-05-11T12:35:00Z,554.375,553,0,15.85,538.525,15.85,14.475,Pumped recently,Electric sounder measurement,Water level accuracy to nearest hundredth of a foot,5191,Mendocino County Water Agency,NA,5191,Mendocino County Water Agency,36,56,51455,NA,Ukiah Valley-32,GPS with WAAS,10 ft.,1-052,Ukiah Valley,Mendocino,60,Residential,Single Well,17867,2016-05-11 12:35:00 - 2020-05-13 10:33:00,9,-123.149,39.0664
