SITE_CODE,WLM_ID,MSMT_DATE,WLM_RPE,WLM_GSE,RDNG_WS,RDNG_RP,WSE,RPE_WSE,GSE_WSE,WLM_QA_DESC,WLM_DESC,WLM_ACC_DESC,WLM_ORG_ID,WLM_ORG_NAME,MSMT_CMT,COOP_AGENCY_ORG_ID,COOP_ORG_NAME,TOP_PRF,BOT_PRF,STN_ID,SWN,WELL_NAME,WLM_METHOD,WLM_ACC,BASIN_CODE,BASIN_NAME,COUNTY_NAME,WELL_DEPTH,WELL_USE,WELL_TYPE,WCR_NO,t_range,n_samples,season,fall_high,fall_low,spring_high,spring_low,water_year,X1,Precip,water_year_type,water_year_start,water_year_end,X,Y
391031N1231649W001,2624405,2020-05-15T11:44:00Z,588.79,588,0,29.2,559.59,29.2,28.41,NA,Electric sounder measurement,Water level accuracy to nearest hundredth of a foot,5191,Mendocino County Water Agency,NA,5191,Mendocino County Water Agency,30,105,50371,NA,Ukiah Valley-12a,Unknown,Unknown,1-052,Ukiah Valley,Mendocino,105,Irrigation,Single Well,NA,2014-10-21 00:00:00 - 2020-05-15 11:44:00,12,spring,NA,NA,7.2,28.41,2020,NA,NA,NA,2019-10-01T00:00:00Z,2020-10-01T00:00:00Z,-123.165,39.1031
391031N1231649W001,2493653,2019-10-28T13:18:00Z,588.79,588,0,34.87,553.92,34.87,34.08,NA,Electric sounder measurement,Water level accuracy to nearest hundredth of a foot,5191,Mendocino County Water Agency,NA,5191,Mendocino County Water Agency,30,105,50371,NA,Ukiah Valley-12a,Unknown,Unknown,1-052,Ukiah Valley,Mendocino,105,Irrigation,Single Well,NA,2014-10-21 00:00:00 - 2020-05-15 11:44:00,12,fall,33.81,37.12,NA,NA,2020,NA,NA,NA,2019-10-01T00:00:00Z,2020-10-01T00:00:00Z,-123.165,39.1031
391031N1231649W001,2463862,2019-04-30T14:26:00Z,588.79,588,0,10.36,578.43,10.36,9.57,NA,Electric sounder measurement,Water level accuracy to nearest hundredth of a foot,5191,Mendocino County Water Agency,NA,5191,Mendocino County Water Agency,30,105,50371,NA,Ukiah Valley-12a,Unknown,Unknown,1-052,Ukiah Valley,Mendocino,105,Irrigation,Single Well,NA,2014-10-21 00:00:00 - 2020-05-15 11:44:00,12,spring,NA,NA,7.2,28.41,2019,119,43.64,Wet,2018-10-01T00:00:00Z,2019-10-01T00:00:00Z,-123.165,39.1031
391031N1231649W001,2423018,2018-10-30T11:02:00Z,588.79,588,0,35.68,553.11,35.68,34.89,NA,Electric sounder measurement,Water level accuracy to nearest hundredth of a foot,5191,Mendocino County Water Agency,NA,5191,Mendocino County Water Agency,30,105,50371,NA,Ukiah Valley-12a,Unknown,Unknown,1-052,Ukiah Valley,Mendocino,105,Irrigation,Single Well,NA,2014-10-21 00:00:00 - 2020-05-15 11:44:00,12,fall,33.81,37.12,NA,NA,2019,119,43.64,Wet,2018-10-01T00:00:00Z,2019-10-01T00:00:00Z,-123.165,39.1031
391031N1231649W001,2277478,2017-10-20T12:45:00Z,588.79,588,0,34.86,553.93,34.86,34.07,NA,Electric sounder measurement,Water level accuracy to nearest hundredth of a foot,5191,Mendocino County Water Agency,NA,5191,Mendocino County Water Agency,30,105,50371,NA,Ukiah Valley-12a,Unknown,Unknown,1-052,Ukiah Valley,Mendocino,105,Irrigation,Single Well,NA,2014-10-21 00:00:00 - 2020-05-15 11:44:00,12,fall,33.81,37.12,NA,NA,2018,118,23.57,Dry,2017-10-01T00:00:00Z,2018-10-01T00:00:00Z,-123.165,39.1031
391031N1231649W001,2246677,2017-04-19T11:08:00Z,588.79,588,0,7.99,580.8,7.99,7.2,NA,Electric sounder measurement,Water level accuracy to nearest hundredth of a foot,5191,Mendocino County Water Agency,Well was pumped earlier in the day prior to reading,5191,Mendocino County Water Agency,30,105,50371,NA,Ukiah Valley-12a,Unknown,Unknown,1-052,Ukiah Valley,Mendocino,105,Irrigation,Single Well,NA,2014-10-21 00:00:00 - 2020-05-15 11:44:00,12,spring,NA,NA,7.2,28.41,2017,117,52.12,Wet,2016-10-01T00:00:00Z,2017-10-01T00:00:00Z,-123.165,39.1031
391031N1231649W001,2219671,2016-10-21T00:00:00Z,588.79,588,0,34.6,554.19,34.6,33.81,NA,Electric sounder measurement,Water level accuracy to nearest hundredth of a foot,5191,Mendocino County Water Agency,NA,5191,Mendocino County Water Agency,30,105,50371,NA,Ukiah Valley-12a,Unknown,Unknown,1-052,Ukiah Valley,Mendocino,105,Irrigation,Single Well,NA,2014-10-21 00:00:00 - 2020-05-15 11:44:00,12,fall,33.81,37.12,NA,NA,2017,117,52.12,Wet,2016-10-01T00:00:00Z,2017-10-01T00:00:00Z,-123.165,39.1031
391031N1231649W001,2196244,2016-04-14T12:27:00Z,588.79,588,0,10.11,578.68,10.11,9.32,NA,Electric sounder measurement,Water level accuracy to nearest hundredth of a foot,5191,Mendocino County Water Agency,NA,5191,Mendocino County Water Agency,30,105,50371,NA,Ukiah Valley-12a,Unknown,Unknown,1-052,Ukiah Valley,Mendocino,105,Irrigation,Single Well,NA,2014-10-21 00:00:00 - 2020-05-15 11:44:00,12,spring,NA,NA,7.2,28.41,2016,116,36.52,Above Normal,2015-10-01T00:00:00Z,2016-10-01T00:00:00Z,-123.165,39.1031
391031N1231649W001,2157919,2015-10-16T10:34:00Z,588.79,588,0,37.91,550.88,37.91,37.12,NA,Electric sounder measurement,Water level accuracy to nearest hundredth of a foot,5191,Mendocino County Water Agency,NA,5191,Mendocino County Water Agency,30,105,50371,NA,Ukiah Valley-12a,Unknown,Unknown,1-052,Ukiah Valley,Mendocino,105,Irrigation,Single Well,NA,2014-10-21 00:00:00 - 2020-05-15 11:44:00,12,fall,33.81,37.12,NA,NA,2016,116,36.52,Above Normal,2015-10-01T00:00:00Z,2016-10-01T00:00:00Z,-123.165,39.1031
391031N1231649W001,2138334,2015-05-01T00:25:00Z,588.79,588,0,25.5,563.29,25.5,24.71,NA,Electric sounder measurement,Water level accuracy to nearest hundredth of a foot,5191,Mendocino County Water Agency,NA,5191,Mendocino County Water Agency,30,105,50371,NA,Ukiah Valley-12a,Unknown,Unknown,1-052,Ukiah Valley,Mendocino,105,Irrigation,Single Well,NA,2014-10-21 00:00:00 - 2020-05-15 11:44:00,12,spring,NA,NA,7.2,28.41,2015,115,26.75,Dry,2014-10-01T00:00:00Z,2015-10-01T00:00:00Z,-123.165,39.1031
391031N1231649W001,2106423,2014-10-21T00:00:00Z,588.79,588,0,36.28,552.51,36.28,35.49,NA,Electric sounder measurement,Water level accuracy to nearest hundredth of a foot,5191,Mendocino County Water Agency,NA,5191,Mendocino County Water Agency,30,105,50371,NA,Ukiah Valley-12a,Unknown,Unknown,1-052,Ukiah Valley,Mendocino,105,Irrigation,Single Well,NA,2014-10-21 00:00:00 - 2020-05-15 11:44:00,12,fall,33.81,37.12,NA,NA,2015,115,26.75,Dry,2014-10-01T00:00:00Z,2015-10-01T00:00:00Z,-123.165,39.1031
