SITE_CODE,WLM_ID,MSMT_DATE,WLM_RPE,WLM_GSE,RDNG_WS,RDNG_RP,WSE,RPE_WSE,GSE_WSE,WLM_QA_DESC,WLM_DESC,WLM_ACC_DESC,WLM_ORG_ID,WLM_ORG_NAME,MSMT_CMT,COOP_AGENCY_ORG_ID,COOP_ORG_NAME,TOP_PRF,BOT_PRF,STN_ID,SWN,WELL_NAME,WLM_METHOD,WLM_ACC,BASIN_CODE,BASIN_NAME,COUNTY_NAME,WELL_DEPTH,WELL_USE,WELL_TYPE,WCR_NO,t_range,n_samples,X,Y
391174N1231836W001,2624421,2020-05-15T12:48:00Z,577.833,574,0,23.78,554.053,23.78,19.947,NA,Electric sounder measurement,Water level accuracy to nearest hundredth of a foot,5191,Mendocino County Water Agency,NA,5191,Mendocino County Water Agency,26,70,51449,NA,Ukiah Valley-28,GPS with WAAS,10 ft.,1-052,Ukiah Valley,Mendocino,75,Irrigation,Single Well,NA,2016-04-25 12:46:00 - 2020-05-15 12:48:00,9,-123.184,39.1174
391174N1231836W001,2493669,2019-10-29T10:15:00Z,577.833,574,0,24.1,553.733,24.1,20.267,NA,Electric sounder measurement,Water level accuracy to nearest hundredth of a foot,5191,Mendocino County Water Agency,NA,5191,Mendocino County Water Agency,26,70,51449,NA,Ukiah Valley-28,GPS with WAAS,10 ft.,1-052,Ukiah Valley,Mendocino,75,Irrigation,Single Well,NA,2016-04-25 12:46:00 - 2020-05-15 12:48:00,9,-123.184,39.1174
391174N1231836W001,2463878,2019-04-29T10:36:00Z,577.833,574,0,18.03,559.803,18.03,14.197,NA,Electric sounder measurement,Water level accuracy to nearest hundredth of a foot,5191,Mendocino County Water Agency,NA,5191,Mendocino County Water Agency,26,70,51449,NA,Ukiah Valley-28,GPS with WAAS,10 ft.,1-052,Ukiah Valley,Mendocino,75,Irrigation,Single Well,NA,2016-04-25 12:46:00 - 2020-05-15 12:48:00,9,-123.184,39.1174
391174N1231836W001,2423034,2018-10-29T09:40:00Z,577.833,574,0,24.29,553.543,24.29,20.457,NA,Electric sounder measurement,Water level accuracy to nearest hundredth of a foot,5191,Mendocino County Water Agency,NA,5191,Mendocino County Water Agency,26,70,51449,NA,Ukiah Valley-28,GPS with WAAS,10 ft.,1-052,Ukiah Valley,Mendocino,75,Irrigation,Single Well,NA,2016-04-25 12:46:00 - 2020-05-15 12:48:00,9,-123.184,39.1174
391174N1231836W001,2307152,2018-04-30T13:00:00Z,577.833,574,0,19.9,557.933,19.9,16.067,NA,Electric sounder measurement,Water level accuracy to nearest hundredth of a foot,5191,Mendocino County Water Agency,NA,5191,Mendocino County Water Agency,26,70,51449,NA,Ukiah Valley-28,GPS with WAAS,10 ft.,1-052,Ukiah Valley,Mendocino,75,Irrigation,Single Well,NA,2016-04-25 12:46:00 - 2020-05-15 12:48:00,9,-123.184,39.1174
391174N1231836W001,2277520,2017-10-24T09:55:00Z,577.833,574,0,24.1,553.733,24.1,20.267,NA,Electric sounder measurement,Water level accuracy to nearest hundredth of a foot,5191,Mendocino County Water Agency,NA,5191,Mendocino County Water Agency,26,70,51449,NA,Ukiah Valley-28,GPS with WAAS,10 ft.,1-052,Ukiah Valley,Mendocino,75,Irrigation,Single Well,NA,2016-04-25 12:46:00 - 2020-05-15 12:48:00,9,-123.184,39.1174
391174N1231836W001,2246665,2017-04-19T09:11:00Z,577.833,574,0,17.87,559.963,17.87,14.037,NA,Electric sounder measurement,Water level accuracy to nearest hundredth of a foot,5191,Mendocino County Water Agency,NA,5191,Mendocino County Water Agency,26,70,51449,NA,Ukiah Valley-28,GPS with WAAS,10 ft.,1-052,Ukiah Valley,Mendocino,75,Irrigation,Single Well,NA,2016-04-25 12:46:00 - 2020-05-15 12:48:00,9,-123.184,39.1174
391174N1231836W001,2221747,2016-12-18T15:45:00Z,577.833,574,0,24.31,553.523,24.31,20.477,NA,Electric sounder measurement,Water level accuracy to nearest hundredth of a foot,5191,Mendocino County Water Agency,NA,5191,Mendocino County Water Agency,26,70,51449,NA,Ukiah Valley-28,GPS with WAAS,10 ft.,1-052,Ukiah Valley,Mendocino,75,Irrigation,Single Well,NA,2016-04-25 12:46:00 - 2020-05-15 12:48:00,9,-123.184,39.1174
391174N1231836W001,2196261,2016-04-25T12:46:00Z,577.83,574,0,18.52,559.31,18.52,14.69,NA,Electric sounder measurement,Water level accuracy to nearest hundredth of a foot,5191,Mendocino County Water Agency,Collected by RCD,5191,Mendocino County Water Agency,26,70,51449,NA,Ukiah Valley-28,GPS with WAAS,10 ft.,1-052,Ukiah Valley,Mendocino,75,Irrigation,Single Well,NA,2016-04-25 12:46:00 - 2020-05-15 12:48:00,9,-123.184,39.1174
