SITE_CODE,WLM_ID,MSMT_DATE,WLM_RPE,WLM_GSE,RDNG_WS,RDNG_RP,WSE,RPE_WSE,GSE_WSE,WLM_QA_DESC,WLM_DESC,WLM_ACC_DESC,WLM_ORG_ID,WLM_ORG_NAME,MSMT_CMT,COOP_AGENCY_ORG_ID,COOP_ORG_NAME,TOP_PRF,BOT_PRF,STN_ID,SWN,WELL_NAME,WLM_METHOD,WLM_ACC,BASIN_CODE,BASIN_NAME,COUNTY_NAME,WELL_DEPTH,WELL_USE,WELL_TYPE,WCR_NO,t_range,n_samples,season,fall_high,fall_low,spring_high,spring_low,water_year,X1,Precip,water_year_type,water_year_start,water_year_end,X,Y
391159N1231770W001,2624423,2020-05-15T12:32:00Z,575.833,574,0,21.07,554.763,21.07,19.237,NA,Electric sounder measurement,Water level accuracy to nearest hundredth of a foot,5191,Mendocino County Water Agency,NA,5191,Mendocino County Water Agency,25,85,51451,NA,Ukiah Valley -29b,GPS with WAAS,10 ft.,1-052,Ukiah Valley,Mendocino,91,Irrigation,Single Well,NA,2016-04-25 12:20:00 - 2020-05-15 12:32:00,9,spring,NA,NA,12.277,19.237,2020,NA,NA,NA,2019-10-01T00:00:00Z,2020-10-01T00:00:00Z,-123.177,39.1159
391159N1231770W001,2493671,2019-10-29T10:10:00Z,575.833,574,0,21.01,554.823,21.01,19.177,NA,Electric sounder measurement,Water level accuracy to nearest hundredth of a foot,5191,Mendocino County Water Agency,NA,5191,Mendocino County Water Agency,25,85,51451,NA,Ukiah Valley -29b,GPS with WAAS,10 ft.,1-052,Ukiah Valley,Mendocino,91,Irrigation,Single Well,NA,2016-04-25 12:20:00 - 2020-05-15 12:32:00,9,fall,19.177,20.467,NA,NA,2020,NA,NA,NA,2019-10-01T00:00:00Z,2020-10-01T00:00:00Z,-123.177,39.1159
391159N1231770W001,2463880,2019-04-29T10:18:00Z,575.833,574,0,14.41,561.423,14.41,12.577,NA,Electric sounder measurement,Water level accuracy to nearest hundredth of a foot,5191,Mendocino County Water Agency,NA,5191,Mendocino County Water Agency,25,85,51451,NA,Ukiah Valley -29b,GPS with WAAS,10 ft.,1-052,Ukiah Valley,Mendocino,91,Irrigation,Single Well,NA,2016-04-25 12:20:00 - 2020-05-15 12:32:00,9,spring,NA,NA,12.277,19.237,2019,119,43.64,Wet,2018-10-01T00:00:00Z,2019-10-01T00:00:00Z,-123.177,39.1159
391159N1231770W001,2423036,2018-10-29T09:15:00Z,575.833,574,0,21.95,553.883,21.95,20.117,NA,Electric sounder measurement,Water level accuracy to nearest hundredth of a foot,5191,Mendocino County Water Agency,NA,5191,Mendocino County Water Agency,25,85,51451,NA,Ukiah Valley -29b,GPS with WAAS,10 ft.,1-052,Ukiah Valley,Mendocino,91,Irrigation,Single Well,NA,2016-04-25 12:20:00 - 2020-05-15 12:32:00,9,fall,19.177,20.467,NA,NA,2019,119,43.64,Wet,2018-10-01T00:00:00Z,2019-10-01T00:00:00Z,-123.177,39.1159
391159N1231770W001,2307155,2018-04-30T12:45:00Z,575.833,574,0,16.3,559.533,16.3,14.467,NA,Electric sounder measurement,Water level accuracy to nearest hundredth of a foot,5191,Mendocino County Water Agency,NA,5191,Mendocino County Water Agency,25,85,51451,NA,Ukiah Valley -29b,GPS with WAAS,10 ft.,1-052,Ukiah Valley,Mendocino,91,Irrigation,Single Well,NA,2016-04-25 12:20:00 - 2020-05-15 12:32:00,9,spring,NA,NA,12.277,19.237,2018,118,23.57,Dry,2017-10-01T00:00:00Z,2018-10-01T00:00:00Z,-123.177,39.1159
391159N1231770W001,2277522,2017-10-24T09:32:00Z,575.833,574,0,22.3,553.533,22.3,20.467,NA,Electric sounder measurement,Water level accuracy to nearest hundredth of a foot,5191,Mendocino County Water Agency,NA,5191,Mendocino County Water Agency,25,85,51451,NA,Ukiah Valley -29b,GPS with WAAS,10 ft.,1-052,Ukiah Valley,Mendocino,91,Irrigation,Single Well,NA,2016-04-25 12:20:00 - 2020-05-15 12:32:00,9,fall,19.177,20.467,NA,NA,2018,118,23.57,Dry,2017-10-01T00:00:00Z,2018-10-01T00:00:00Z,-123.177,39.1159
391159N1231770W001,2297160,2017-04-19T08:48:00Z,575.833,574,0,14.11,561.723,14.11,12.277,NA,Electric sounder measurement,Water level accuracy to nearest hundredth of a foot,5191,Mendocino County Water Agency,NA,5191,Mendocino County Water Agency,25,85,51451,NA,Ukiah Valley -29b,GPS with WAAS,10 ft.,1-052,Ukiah Valley,Mendocino,91,Irrigation,Single Well,NA,2016-04-25 12:20:00 - 2020-05-15 12:32:00,9,spring,NA,NA,12.277,19.237,2017,117,52.12,Wet,2016-10-01T00:00:00Z,2017-10-01T00:00:00Z,-123.177,39.1159
391159N1231770W001,2221749,2016-10-18T15:40:00Z,575.833,574,0,21.8,554.033,21.8,19.967,NA,Electric sounder measurement,Water level accuracy to nearest hundredth of a foot,5191,Mendocino County Water Agency,NA,5191,Mendocino County Water Agency,25,85,51451,NA,Ukiah Valley -29b,GPS with WAAS,10 ft.,1-052,Ukiah Valley,Mendocino,91,Irrigation,Single Well,NA,2016-04-25 12:20:00 - 2020-05-15 12:32:00,9,fall,19.177,20.467,NA,NA,2017,117,52.12,Wet,2016-10-01T00:00:00Z,2017-10-01T00:00:00Z,-123.177,39.1159
391159N1231770W001,2196263,2016-04-25T12:20:00Z,575.833,574,0,15.24,560.593,15.24,13.407,NA,Electric sounder measurement,Water level accuracy to nearest hundredth of a foot,5191,Mendocino County Water Agency,Collected by RCD,5191,Mendocino County Water Agency,25,85,51451,NA,Ukiah Valley -29b,GPS with WAAS,10 ft.,1-052,Ukiah Valley,Mendocino,91,Irrigation,Single Well,NA,2016-04-25 12:20:00 - 2020-05-15 12:32:00,9,spring,NA,NA,12.277,19.237,2016,116,36.52,Above Normal,2015-10-01T00:00:00Z,2016-10-01T00:00:00Z,-123.177,39.1159
