SITE_CODE,WLM_ID,MSMT_DATE,WLM_RPE,WLM_GSE,RDNG_WS,RDNG_RP,WSE,RPE_WSE,GSE_WSE,WLM_QA_DESC,WLM_DESC,WLM_ACC_DESC,WLM_ORG_ID,WLM_ORG_NAME,MSMT_CMT,COOP_AGENCY_ORG_ID,COOP_ORG_NAME,TOP_PRF,BOT_PRF,STN_ID,SWN,WELL_NAME,WLM_METHOD,WLM_ACC,BASIN_CODE,BASIN_NAME,COUNTY_NAME,WELL_DEPTH,WELL_USE,WELL_TYPE,WCR_NO,t_range,n_samples,season,fall_high,fall_low,spring_high,spring_low,water_year,X1,Precip,water_year_type,water_year_start,water_year_end,X,Y
391185N1231747W001,2624422,2020-05-15T12:16:00Z,582.125,580,0,25.8,556.325,25.8,23.675,NA,Electric sounder measurement,Water level accuracy to nearest hundredth of a foot,5191,Mendocino County Water Agency,NA,5191,Mendocino County Water Agency,80,170,51450,NA,Ukiah Valley-29a,GPS with WAAS,10 ft.,1-052,Ukiah Valley,Mendocino,170,Residential,Single Well,NA,2016-04-25 12:00:00 - 2020-05-15 12:16:00,9,spring,NA,NA,12.345,23.675,2020,NA,NA,NA,2019-10-01T00:00:00Z,2020-10-01T00:00:00Z,-123.175,39.1185
391185N1231747W001,2493670,2019-10-29T09:50:00Z,582.125,580,0,24.6,557.525,24.6,22.475,NA,Electric sounder measurement,Water level accuracy to nearest hundredth of a foot,5191,Mendocino County Water Agency,NA,5191,Mendocino County Water Agency,80,170,51450,NA,Ukiah Valley-29a,GPS with WAAS,10 ft.,1-052,Ukiah Valley,Mendocino,170,Residential,Single Well,NA,2016-04-25 12:00:00 - 2020-05-15 12:16:00,9,fall,20.455,22.485,NA,NA,2020,NA,NA,NA,2019-10-01T00:00:00Z,2020-10-01T00:00:00Z,-123.175,39.1185
391185N1231747W001,2463879,2019-04-29T10:06:00Z,582.125,580,0,18.24,563.885,18.24,16.115,NA,Electric sounder measurement,Water level accuracy to nearest hundredth of a foot,5191,Mendocino County Water Agency,NA,5191,Mendocino County Water Agency,80,170,51450,NA,Ukiah Valley-29a,GPS with WAAS,10 ft.,1-052,Ukiah Valley,Mendocino,170,Residential,Single Well,NA,2016-04-25 12:00:00 - 2020-05-15 12:16:00,9,spring,NA,NA,12.345,23.675,2019,119,43.64,Wet,2018-10-01T00:00:00Z,2019-10-01T00:00:00Z,-123.175,39.1185
391185N1231747W001,2423035,2018-10-29T09:10:00Z,582.125,580,0,24.57,557.555,24.57,22.445,NA,Electric sounder measurement,Water level accuracy to nearest hundredth of a foot,5191,Mendocino County Water Agency,NA,5191,Mendocino County Water Agency,80,170,51450,NA,Ukiah Valley-29a,GPS with WAAS,10 ft.,1-052,Ukiah Valley,Mendocino,170,Residential,Single Well,NA,2016-04-25 12:00:00 - 2020-05-15 12:16:00,9,fall,20.455,22.485,NA,NA,2019,119,43.64,Wet,2018-10-01T00:00:00Z,2019-10-01T00:00:00Z,-123.175,39.1185
391185N1231747W001,2307153,2018-04-30T12:40:00Z,582.125,580,0,19.85,562.275,19.85,17.725,NA,Electric sounder measurement,Water level accuracy to nearest hundredth of a foot,5191,Mendocino County Water Agency,NA,5191,Mendocino County Water Agency,80,170,51450,NA,Ukiah Valley-29a,GPS with WAAS,10 ft.,1-052,Ukiah Valley,Mendocino,170,Residential,Single Well,NA,2016-04-25 12:00:00 - 2020-05-15 12:16:00,9,spring,NA,NA,12.345,23.675,2018,118,23.57,Dry,2017-10-01T00:00:00Z,2018-10-01T00:00:00Z,-123.175,39.1185
391185N1231747W001,2277521,2017-10-24T09:11:00Z,582.125,580,0,24.61,557.515,24.61,22.485,NA,Electric sounder measurement,Water level accuracy to nearest hundredth of a foot,5191,Mendocino County Water Agency,NA,5191,Mendocino County Water Agency,80,170,51450,NA,Ukiah Valley-29a,GPS with WAAS,10 ft.,1-052,Ukiah Valley,Mendocino,170,Residential,Single Well,NA,2016-04-25 12:00:00 - 2020-05-15 12:16:00,9,fall,20.455,22.485,NA,NA,2018,118,23.57,Dry,2017-10-01T00:00:00Z,2018-10-01T00:00:00Z,-123.175,39.1185
391185N1231747W001,2297161,2017-04-19T08:38:00Z,582.125,580,0,14.47,567.655,14.47,12.345,NA,Electric sounder measurement,Water level accuracy to nearest hundredth of a foot,5191,Mendocino County Water Agency,NA,5191,Mendocino County Water Agency,80,170,51450,NA,Ukiah Valley-29a,GPS with WAAS,10 ft.,1-052,Ukiah Valley,Mendocino,170,Residential,Single Well,NA,2016-04-25 12:00:00 - 2020-05-15 12:16:00,9,spring,NA,NA,12.345,23.675,2017,117,52.12,Wet,2016-10-01T00:00:00Z,2017-10-01T00:00:00Z,-123.175,39.1185
391185N1231747W001,2221750,2016-10-18T15:15:00Z,582.125,580,0,22.58,559.545,22.58,20.455,NA,Electric sounder measurement,Water level accuracy to nearest hundredth of a foot,5191,Mendocino County Water Agency,NA,5191,Mendocino County Water Agency,80,170,51450,NA,Ukiah Valley-29a,GPS with WAAS,10 ft.,1-052,Ukiah Valley,Mendocino,170,Residential,Single Well,NA,2016-04-25 12:00:00 - 2020-05-15 12:16:00,9,fall,20.455,22.485,NA,NA,2017,117,52.12,Wet,2016-10-01T00:00:00Z,2017-10-01T00:00:00Z,-123.175,39.1185
391185N1231747W001,2196262,2016-04-25T12:00:00Z,582.125,580,0,15.87,566.255,15.87,13.745,NA,Electric sounder measurement,Water level accuracy to nearest hundredth of a foot,5191,Mendocino County Water Agency,collected by RCD,5191,Mendocino County Water Agency,80,170,51450,NA,Ukiah Valley-29a,GPS with WAAS,10 ft.,1-052,Ukiah Valley,Mendocino,170,Residential,Single Well,NA,2016-04-25 12:00:00 - 2020-05-15 12:16:00,9,spring,NA,NA,12.345,23.675,2016,116,36.52,Above Normal,2015-10-01T00:00:00Z,2016-10-01T00:00:00Z,-123.175,39.1185
