SITE_CODE,WLM_ID,MSMT_DATE,WLM_RPE,WLM_GSE,RDNG_WS,RDNG_RP,WSE,RPE_WSE,GSE_WSE,WLM_QA_DESC,WLM_DESC,WLM_ACC_DESC,WLM_ORG_ID,WLM_ORG_NAME,MSMT_CMT,COOP_AGENCY_ORG_ID,COOP_ORG_NAME,TOP_PRF,BOT_PRF,STN_ID,SWN,WELL_NAME,WLM_METHOD,WLM_ACC,BASIN_CODE,BASIN_NAME,COUNTY_NAME,WELL_DEPTH,WELL_USE,WELL_TYPE,WCR_NO,t_range,n_samples,season,fall_high,fall_low,spring_high,spring_low,water_year,X1,Precip,water_year_type,water_year_start,water_year_end,X,Y
391156N1231788W001,2624424,2020-05-15T12:40:00Z,575.833,574,0,22.32,553.513,22.32,20.487,NA,Electric sounder measurement,Water level accuracy to nearest hundredth of a foot,5191,Mendocino County Water Agency,NA,5191,Mendocino County Water Agency,25,95,51452,NA,Ukiah Valley-29c,GPS with WAAS,10 ft.,1-052,Ukiah Valley,Mendocino,100,Irrigation,Single Well,NA,2016-04-25 12:37:00 - 2020-05-15 12:40:00,9,spring,NA,NA,13.867,20.487,2020,NA,NA,NA,2019-10-01T00:00:00Z,2020-10-01T00:00:00Z,-123.179,39.1156
391156N1231788W001,2493672,2019-10-31T11:05:00Z,575.833,574,0,22.72,553.113,22.72,20.887,NA,Electric sounder measurement,Water level accuracy to nearest hundredth of a foot,5191,Mendocino County Water Agency,NA,5191,Mendocino County Water Agency,25,95,51452,NA,Ukiah Valley-29c,GPS with WAAS,10 ft.,1-052,Ukiah Valley,Mendocino,100,Irrigation,Single Well,NA,2016-04-25 12:37:00 - 2020-05-15 12:40:00,9,fall,20.887,22.097,NA,NA,2020,NA,NA,NA,2019-10-01T00:00:00Z,2020-10-01T00:00:00Z,-123.179,39.1156
391156N1231788W001,2463881,2019-04-29T10:28:00Z,575.833,574,0,15.92,559.913,15.92,14.087,NA,Electric sounder measurement,Water level accuracy to nearest hundredth of a foot,5191,Mendocino County Water Agency,NA,5191,Mendocino County Water Agency,25,95,51452,NA,Ukiah Valley-29c,GPS with WAAS,10 ft.,1-052,Ukiah Valley,Mendocino,100,Irrigation,Single Well,NA,2016-04-25 12:37:00 - 2020-05-15 12:40:00,9,spring,NA,NA,13.867,20.487,2019,119,43.64,Wet,2018-10-01T00:00:00Z,2019-10-01T00:00:00Z,-123.179,39.1156
391156N1231788W001,2423037,2018-10-29T09:30:00Z,575.833,574,0,23,552.833,23,21.167,NA,Electric sounder measurement,Water level accuracy to nearest hundredth of a foot,5191,Mendocino County Water Agency,NA,5191,Mendocino County Water Agency,25,95,51452,NA,Ukiah Valley-29c,GPS with WAAS,10 ft.,1-052,Ukiah Valley,Mendocino,100,Irrigation,Single Well,NA,2016-04-25 12:37:00 - 2020-05-15 12:40:00,9,fall,20.887,22.097,NA,NA,2019,119,43.64,Wet,2018-10-01T00:00:00Z,2019-10-01T00:00:00Z,-123.179,39.1156
391156N1231788W001,2307154,2018-04-30T12:55:00Z,575.833,574,0,17.82,558.013,17.82,15.987,NA,Electric sounder measurement,Water level accuracy to nearest hundredth of a foot,5191,Mendocino County Water Agency,NA,5191,Mendocino County Water Agency,25,95,51452,NA,Ukiah Valley-29c,GPS with WAAS,10 ft.,1-052,Ukiah Valley,Mendocino,100,Irrigation,Single Well,NA,2016-04-25 12:37:00 - 2020-05-15 12:40:00,9,spring,NA,NA,13.867,20.487,2018,118,23.57,Dry,2017-10-01T00:00:00Z,2018-10-01T00:00:00Z,-123.179,39.1156
391156N1231788W001,2277523,2017-10-24T09:24:00Z,575.833,574,0,23.35,552.483,23.35,21.517,NA,Electric sounder measurement,Water level accuracy to nearest hundredth of a foot,5191,Mendocino County Water Agency,NA,5191,Mendocino County Water Agency,25,95,51452,NA,Ukiah Valley-29c,GPS with WAAS,10 ft.,1-052,Ukiah Valley,Mendocino,100,Irrigation,Single Well,NA,2016-04-25 12:37:00 - 2020-05-15 12:40:00,9,fall,20.887,22.097,NA,NA,2018,118,23.57,Dry,2017-10-01T00:00:00Z,2018-10-01T00:00:00Z,-123.179,39.1156
391156N1231788W001,2297159,2017-04-19T08:58:00Z,575.833,574,0,15.7,560.133,15.7,13.867,NA,Electric sounder measurement,Water level accuracy to nearest hundredth of a foot,5191,Mendocino County Water Agency,NA,5191,Mendocino County Water Agency,25,95,51452,NA,Ukiah Valley-29c,GPS with WAAS,10 ft.,1-052,Ukiah Valley,Mendocino,100,Irrigation,Single Well,NA,2016-04-25 12:37:00 - 2020-05-15 12:40:00,9,spring,NA,NA,13.867,20.487,2017,117,52.12,Wet,2016-10-01T00:00:00Z,2017-10-01T00:00:00Z,-123.179,39.1156
391156N1231788W001,2221748,2016-10-18T15:40:00Z,574.833,574,0,22.93,551.903,22.93,22.097,NA,Electric sounder measurement,Water level accuracy to nearest hundredth of a foot,5191,Mendocino County Water Agency,NA,5191,Mendocino County Water Agency,25,95,51452,NA,Ukiah Valley-29c,GPS with WAAS,10 ft.,1-052,Ukiah Valley,Mendocino,100,Irrigation,Single Well,NA,2016-04-25 12:37:00 - 2020-05-15 12:40:00,9,fall,20.887,22.097,NA,NA,2017,117,52.12,Wet,2016-10-01T00:00:00Z,2017-10-01T00:00:00Z,-123.179,39.1156
391156N1231788W001,2196264,2016-04-25T12:37:00Z,575.83,574,0,16.5,559.33,16.5,14.67,NA,Electric sounder measurement,Water level accuracy to nearest hundredth of a foot,5191,Mendocino County Water Agency,Collected by RCD,5191,Mendocino County Water Agency,25,95,51452,NA,Ukiah Valley-29c,GPS with WAAS,10 ft.,1-052,Ukiah Valley,Mendocino,100,Irrigation,Single Well,NA,2016-04-25 12:37:00 - 2020-05-15 12:40:00,9,spring,NA,NA,13.867,20.487,2016,116,36.52,Above Normal,2015-10-01T00:00:00Z,2016-10-01T00:00:00Z,-123.179,39.1156
