STN_ID.x,SITE_CODE,WLM_ID,MSMT_DATE,WLM_RPE,WLM_GSE,RDNG_WS,RDNG_RP,WSE,RPE_WSE,GSE_WSE,WLM_QA_DESC,WLM_DESC,WLM_ACC_DESC,WLM_ORG_ID,WLM_ORG_NAME,MSMT_CMT,COOP_AGENCY_ORG_ID,COOP_ORG_NAME,STN_ID.y,TOP_PRF,BOT_PRF,STN_ID,SWN,WELL_NAME,WLM_METHOD,WLM_ACC,BASIN_CODE,BASIN_NAME,COUNTY_NAME,WELL_DEPTH,WELL_USE,WELL_TYPE,WCR_NO,t_range,n_samples
51626,391248N1231848W001,2624433,2020-05-15T12:58:00Z,576,574,0,26.84,549.16,26.84,24.84,NA,Electric sounder measurement,Water level accuracy to nearest hundredth of a foot,5191,Mendocino County Water Agency,NA,5191,Mendocino County Water Agency,51626,150,180,51626,NA,Ukiah Valley-38,GPS with WAAS,5 ft.,1-052,Ukiah Valley,Mendocino,180,Irrigation,Single Well,NA,2017-04-19 09:37:00 - 2020-05-15 12:58:00,7
51626,391248N1231848W001,2493681,2019-10-31T11:25:00Z,576,574,0,25.88,550.12,25.88,23.88,NA,Electric sounder measurement,Water level accuracy to nearest hundredth of a foot,5191,Mendocino County Water Agency,NA,5191,Mendocino County Water Agency,51626,150,180,51626,NA,Ukiah Valley-38,GPS with WAAS,5 ft.,1-052,Ukiah Valley,Mendocino,180,Irrigation,Single Well,NA,2017-04-19 09:37:00 - 2020-05-15 12:58:00,7
51626,391248N1231848W001,2463890,2019-04-29T10:48:00Z,576,574,0,21.67,554.33,21.67,19.67,NA,Electric sounder measurement,Water level accuracy to nearest hundredth of a foot,5191,Mendocino County Water Agency,NA,5191,Mendocino County Water Agency,51626,150,180,51626,NA,Ukiah Valley-38,GPS with WAAS,5 ft.,1-052,Ukiah Valley,Mendocino,180,Irrigation,Single Well,NA,2017-04-19 09:37:00 - 2020-05-15 12:58:00,7
51626,391248N1231848W001,2423046,2018-10-29T09:50:00Z,576,574,0,25.85,550.15,25.85,23.85,NA,Electric sounder measurement,Water level accuracy to nearest hundredth of a foot,5191,Mendocino County Water Agency,NA,5191,Mendocino County Water Agency,51626,150,180,51626,NA,Ukiah Valley-38,GPS with WAAS,5 ft.,1-052,Ukiah Valley,Mendocino,180,Irrigation,Single Well,NA,2017-04-19 09:37:00 - 2020-05-15 12:58:00,7
51626,391248N1231848W001,2307164,2018-04-30T13:10:00Z,576,574,0,22.77,553.23,22.77,20.77,NA,Electric sounder measurement,Water level accuracy to nearest hundredth of a foot,5191,Mendocino County Water Agency,NA,5191,Mendocino County Water Agency,51626,150,180,51626,NA,Ukiah Valley-38,GPS with WAAS,5 ft.,1-052,Ukiah Valley,Mendocino,180,Irrigation,Single Well,NA,2017-04-19 09:37:00 - 2020-05-15 12:58:00,7
51626,391248N1231848W001,2277531,2017-10-23T10:21:00Z,576,574,0,26.23,549.77,26.23,24.23,NA,Electric sounder measurement,Water level accuracy to nearest hundredth of a foot,5191,Mendocino County Water Agency,NA,5191,Mendocino County Water Agency,51626,150,180,51626,NA,Ukiah Valley-38,GPS with WAAS,5 ft.,1-052,Ukiah Valley,Mendocino,180,Irrigation,Single Well,NA,2017-04-19 09:37:00 - 2020-05-15 12:58:00,7
51626,391248N1231848W001,2297162,2017-04-19T09:37:00Z,576,574,0,20.71,555.29,20.71,18.71,NA,Electric sounder measurement,Water level accuracy to nearest hundredth of a foot,5191,Mendocino County Water Agency,NA,5191,Mendocino County Water Agency,51626,150,180,51626,NA,Ukiah Valley-38,GPS with WAAS,5 ft.,1-052,Ukiah Valley,Mendocino,180,Irrigation,Single Well,NA,2017-04-19 09:37:00 - 2020-05-15 12:58:00,7
