SITE_CODE,WLM_ID,MSMT_DATE,WLM_RPE,WLM_GSE,RDNG_WS,RDNG_RP,WSE,RPE_WSE,GSE_WSE,WLM_QA_DESC,WLM_DESC,WLM_ACC_DESC,WLM_ORG_ID,WLM_ORG_NAME,MSMT_CMT,COOP_AGENCY_ORG_ID,COOP_ORG_NAME,TOP_PRF,BOT_PRF,STN_ID,SWN,WELL_NAME,WLM_METHOD,WLM_ACC,BASIN_CODE,BASIN_NAME,COUNTY_NAME,WELL_DEPTH,WELL_USE,WELL_TYPE,WCR_NO,t_range,n_samples,X,Y
391236N1231869W001,2624415,2020-05-13T09:58:00Z,541.417,538,0,22.77,518.647,22.77,19.353,NA,Electric sounder measurement,Water level accuracy to nearest hundredth of a foot,5191,Mendocino County Water Agency,NA,5191,Mendocino County Water Agency,30,100,51447,NA,Ukiah Valley-22,GPS with WAAS,10 ft.,1-052,Ukiah Valley,Mendocino,100,Irrigation,Single Well,NA,2016-04-14 11:37:00 - 2020-05-13 09:58:00,9,-123.187,39.1236
391236N1231869W001,2493663,2019-10-28T12:14:00Z,541.417,538,0,23.22,518.197,23.22,19.803,NA,Electric sounder measurement,Water level accuracy to nearest hundredth of a foot,5191,Mendocino County Water Agency,NA,5191,Mendocino County Water Agency,30,100,51447,NA,Ukiah Valley-22,GPS with WAAS,10 ft.,1-052,Ukiah Valley,Mendocino,100,Irrigation,Single Well,NA,2016-04-14 11:37:00 - 2020-05-13 09:58:00,9,-123.187,39.1236
391236N1231869W001,2463872,2019-04-30T13:37:00Z,541.417,538,0,17.8,523.617,17.8,14.383,NA,Electric sounder measurement,Water level accuracy to nearest hundredth of a foot,5191,Mendocino County Water Agency,NA,5191,Mendocino County Water Agency,30,100,51447,NA,Ukiah Valley-22,GPS with WAAS,10 ft.,1-052,Ukiah Valley,Mendocino,100,Irrigation,Single Well,NA,2016-04-14 11:37:00 - 2020-05-13 09:58:00,9,-123.187,39.1236
391236N1231869W001,2423028,2018-10-30T10:10:00Z,541.417,538,0,23.51,517.907,23.51,20.093,NA,Electric sounder measurement,Water level accuracy to nearest hundredth of a foot,5191,Mendocino County Water Agency,NA,5191,Mendocino County Water Agency,30,100,51447,NA,Ukiah Valley-22,GPS with WAAS,10 ft.,1-052,Ukiah Valley,Mendocino,100,Irrigation,Single Well,NA,2016-04-14 11:37:00 - 2020-05-13 09:58:00,9,-123.187,39.1236
391236N1231869W001,2307146,2018-05-03T12:55:00Z,541.417,538,0,18.56,522.857,18.56,15.143,NA,Electric sounder measurement,Water level accuracy to nearest hundredth of a foot,5191,Mendocino County Water Agency,NA,5191,Mendocino County Water Agency,30,100,51447,NA,Ukiah Valley-22,GPS with WAAS,10 ft.,1-052,Ukiah Valley,Mendocino,100,Irrigation,Single Well,NA,2016-04-14 11:37:00 - 2020-05-13 09:58:00,9,-123.187,39.1236
391236N1231869W001,2277488,2017-10-20T11:51:00Z,541.417,538,0,23.21,518.207,23.21,19.793,NA,Electric sounder measurement,Water level accuracy to nearest hundredth of a foot,5191,Mendocino County Water Agency,NA,5191,Mendocino County Water Agency,30,100,51447,NA,Ukiah Valley-22,GPS with WAAS,10 ft.,1-052,Ukiah Valley,Mendocino,100,Irrigation,Single Well,NA,2016-04-14 11:37:00 - 2020-05-13 09:58:00,9,-123.187,39.1236
391236N1231869W001,2246672,2017-04-19T10:45:00Z,541.417,538,0,16.68,524.737,16.68,13.263,NA,Electric sounder measurement,Water level accuracy to nearest hundredth of a foot,5191,Mendocino County Water Agency,NA,5191,Mendocino County Water Agency,30,100,51447,NA,Ukiah Valley-22,GPS with WAAS,10 ft.,1-052,Ukiah Valley,Mendocino,100,Irrigation,Single Well,NA,2016-04-14 11:37:00 - 2020-05-13 09:58:00,9,-123.187,39.1236
391236N1231869W001,2221761,2016-10-21T14:09:00Z,541.417,538,0,23.27,518.147,23.27,19.853,NA,Electric sounder measurement,Water level accuracy to nearest hundredth of a foot,5191,Mendocino County Water Agency,NA,5191,Mendocino County Water Agency,30,100,51447,NA,Ukiah Valley-22,GPS with WAAS,10 ft.,1-052,Ukiah Valley,Mendocino,100,Irrigation,Single Well,NA,2016-04-14 11:37:00 - 2020-05-13 09:58:00,9,-123.187,39.1236
391236N1231869W001,2196259,2016-04-14T11:37:00Z,541.42,538,0,16.5,524.92,16.5,13.08,NA,Electric sounder measurement,Water level accuracy to nearest hundredth of a foot,5191,Mendocino County Water Agency,Collected by RCD,5191,Mendocino County Water Agency,30,100,51447,NA,Ukiah Valley-22,GPS with WAAS,10 ft.,1-052,Ukiah Valley,Mendocino,100,Irrigation,Single Well,NA,2016-04-14 11:37:00 - 2020-05-13 09:58:00,9,-123.187,39.1236
