STN_ID.x,SITE_CODE,WLM_ID,MSMT_DATE,WLM_RPE,WLM_GSE,RDNG_WS,RDNG_RP,WSE,RPE_WSE,GSE_WSE,WLM_QA_DESC,WLM_DESC,WLM_ACC_DESC,WLM_ORG_ID,WLM_ORG_NAME,MSMT_CMT,COOP_AGENCY_ORG_ID,COOP_ORG_NAME,STN_ID.y,TOP_PRF,BOT_PRF,STN_ID,SWN,WELL_NAME,WLM_METHOD,WLM_ACC,BASIN_CODE,BASIN_NAME,COUNTY_NAME,WELL_DEPTH,WELL_USE,WELL_TYPE,WCR_NO,t_range,n_samples
51457,391285N1231607W001,2624429,2020-05-15T11:17:00Z,655.917,655,0,12.98,642.937,12.98,12.063,NA,Electric sounder measurement,Water level accuracy to nearest hundredth of a foot,5191,Mendocino County Water Agency,NA,5191,Mendocino County Water Agency,51457,80,160,51457,NA,Ukiah Valley-34,GPS with WAAS,10 ft.,1-052,Ukiah Valley,Mendocino,160,Irrigation,Single Well,811129,2016-05-11 13:40:00 - 2020-05-15 11:17:00,9
51457,391285N1231607W001,2493677,2019-10-30T11:45:00Z,655.917,655,0,16.49,639.427,16.49,15.573,NA,Electric sounder measurement,Water level accuracy to nearest hundredth of a foot,5191,Mendocino County Water Agency,NA,5191,Mendocino County Water Agency,51457,80,160,51457,NA,Ukiah Valley-34,GPS with WAAS,10 ft.,1-052,Ukiah Valley,Mendocino,160,Irrigation,Single Well,811129,2016-05-11 13:40:00 - 2020-05-15 11:17:00,9
51457,391285N1231607W001,2463886,2019-04-29T11:41:00Z,655.75,655,0,8.8,646.95,8.8,8.05,NA,Electric sounder measurement,Water level accuracy to nearest hundredth of a foot,5191,Mendocino County Water Agency,NA,5191,Mendocino County Water Agency,51457,80,160,51457,NA,Ukiah Valley-34,GPS with WAAS,10 ft.,1-052,Ukiah Valley,Mendocino,160,Irrigation,Single Well,811129,2016-05-11 13:40:00 - 2020-05-15 11:17:00,9
51457,391285N1231607W001,2423042,2018-11-02T11:12:00Z,655.917,655,0,20.25,635.667,20.25,19.333,NA,Electric sounder measurement,Water level accuracy to nearest hundredth of a foot,5191,Mendocino County Water Agency,NA,5191,Mendocino County Water Agency,51457,80,160,51457,NA,Ukiah Valley-34,GPS with WAAS,10 ft.,1-052,Ukiah Valley,Mendocino,160,Irrigation,Single Well,811129,2016-05-11 13:40:00 - 2020-05-15 11:17:00,9
51457,391285N1231607W001,2307160,2018-04-27T11:51:00Z,655.917,655,0,11.06,644.857,11.06,10.143,NA,Electric sounder measurement,Water level accuracy to nearest hundredth of a foot,5191,Mendocino County Water Agency,NA,5191,Mendocino County Water Agency,51457,80,160,51457,NA,Ukiah Valley-34,GPS with WAAS,10 ft.,1-052,Ukiah Valley,Mendocino,160,Irrigation,Single Well,811129,2016-05-11 13:40:00 - 2020-05-15 11:17:00,9
51457,391285N1231607W001,2277528,2017-10-24T11:55:00Z,655.917,655,0,22.39,633.527,22.39,21.473,NA,Electric sounder measurement,Water level accuracy to nearest hundredth of a foot,5191,Mendocino County Water Agency,NA,5191,Mendocino County Water Agency,51457,80,160,51457,NA,Ukiah Valley-34,GPS with WAAS,10 ft.,1-052,Ukiah Valley,Mendocino,160,Irrigation,Single Well,811129,2016-05-11 13:40:00 - 2020-05-15 11:17:00,9
51457,391285N1231607W001,2297251,2017-04-04T10:36:00Z,656.625,655,0,6.94,649.685,6.94,5.315,NA,Electric sounder measurement,Water level accuracy to nearest hundredth of a foot,5191,Mendocino County Water Agency,NA,5191,Mendocino County Water Agency,51457,80,160,51457,NA,Ukiah Valley-34,GPS with WAAS,10 ft.,1-052,Ukiah Valley,Mendocino,160,Irrigation,Single Well,811129,2016-05-11 13:40:00 - 2020-05-15 11:17:00,9
51457,391285N1231607W001,2221741,2016-10-18T16:49:00Z,656.625,655,0,18.88,637.745,18.88,17.255,NA,Electric sounder measurement,Water level accuracy to nearest hundredth of a foot,5191,Mendocino County Water Agency,NA,5191,Mendocino County Water Agency,51457,80,160,51457,NA,Ukiah Valley-34,GPS with WAAS,10 ft.,1-052,Ukiah Valley,Mendocino,160,Irrigation,Single Well,811129,2016-05-11 13:40:00 - 2020-05-15 11:17:00,9
51457,391285N1231607W001,2196269,2016-05-11T13:40:00Z,656.625,655,0,11.29,645.335,11.29,9.665,NA,Electric sounder measurement,Water level accuracy to nearest hundredth of a foot,5191,Mendocino County Water Agency,NA,5191,Mendocino County Water Agency,51457,80,160,51457,NA,Ukiah Valley-34,GPS with WAAS,10 ft.,1-052,Ukiah Valley,Mendocino,160,Irrigation,Single Well,811129,2016-05-11 13:40:00 - 2020-05-15 11:17:00,9
