SITE_CODE,WLM_ID,MSMT_DATE,WLM_RPE,WLM_GSE,RDNG_WS,RDNG_RP,WSE,RPE_WSE,GSE_WSE,WLM_QA_DESC,WLM_DESC,WLM_ACC_DESC,WLM_ORG_ID,WLM_ORG_NAME,MSMT_CMT,COOP_AGENCY_ORG_ID,COOP_ORG_NAME,TOP_PRF,BOT_PRF,STN_ID,SWN,WELL_NAME,WLM_METHOD,WLM_ACC,BASIN_CODE,BASIN_NAME,COUNTY_NAME,WELL_DEPTH,WELL_USE,WELL_TYPE,WCR_NO,t_range,n_samples,season,fall_high,fall_low,spring_high,spring_low,water_year,X1,Precip,water_year_type,water_year_start,water_year_end,X,Y
391281N1231621W001,2624428,2020-05-15T11:13:00Z,649.542,648,0,9.35,640.192,9.35,7.808,NA,Electric sounder measurement,Water level accuracy to nearest hundredth of a foot,5191,Mendocino County Water Agency,NA,5191,Mendocino County Water Agency,13,41,51456,NA,Ukiah Valley-33,GPS with WAAS,10 ft.,1-052,Ukiah Valley,Mendocino,41,Irrigation,Single Well,NA,2016-05-11 00:00:00 - 2020-05-15 11:13:00,9,spring,NA,NA,2.598,103.518,2020,NA,NA,NA,2019-10-01T00:00:00Z,2020-10-01T00:00:00Z,-123.162,39.1281
391281N1231621W001,2493676,2019-10-30T11:20:00Z,649.542,648,0,10.85,638.692,10.85,9.308,NA,Electric sounder measurement,Water level accuracy to nearest hundredth of a foot,5191,Mendocino County Water Agency,NA,5191,Mendocino County Water Agency,13,41,51456,NA,Ukiah Valley-33,GPS with WAAS,10 ft.,1-052,Ukiah Valley,Mendocino,41,Irrigation,Single Well,NA,2016-05-11 00:00:00 - 2020-05-15 11:13:00,9,fall,9.288,11.528,NA,NA,2020,NA,NA,NA,2019-10-01T00:00:00Z,2020-10-01T00:00:00Z,-123.162,39.1281
391281N1231621W001,2463885,2019-04-29T11:29:00Z,649.542,648,0,5.21,644.332,5.21,3.668,NA,Electric sounder measurement,Water level accuracy to nearest hundredth of a foot,5191,Mendocino County Water Agency,NA,5191,Mendocino County Water Agency,13,41,51456,NA,Ukiah Valley-33,GPS with WAAS,10 ft.,1-052,Ukiah Valley,Mendocino,41,Irrigation,Single Well,NA,2016-05-11 00:00:00 - 2020-05-15 11:13:00,9,spring,NA,NA,2.598,103.518,2019,119,43.64,Wet,2018-10-01T00:00:00Z,2019-10-01T00:00:00Z,-123.162,39.1281
391281N1231621W001,2423041,2018-11-02T10:50:00Z,649.542,648,0,13.07,636.472,13.07,11.528,NA,Electric sounder measurement,Water level accuracy to nearest hundredth of a foot,5191,Mendocino County Water Agency,NA,5191,Mendocino County Water Agency,13,41,51456,NA,Ukiah Valley-33,GPS with WAAS,10 ft.,1-052,Ukiah Valley,Mendocino,41,Irrigation,Single Well,NA,2016-05-11 00:00:00 - 2020-05-15 11:13:00,9,fall,9.288,11.528,NA,NA,2019,119,43.64,Wet,2018-10-01T00:00:00Z,2019-10-01T00:00:00Z,-123.162,39.1281
391281N1231621W001,2307159,2018-04-27T00:00:00Z,549.542,648,0,5.06,544.482,5.06,103.518,NA,Electric sounder measurement,Water level accuracy to nearest hundredth of a foot,5191,Mendocino County Water Agency,NA,5191,Mendocino County Water Agency,13,41,51456,NA,Ukiah Valley-33,GPS with WAAS,10 ft.,1-052,Ukiah Valley,Mendocino,41,Irrigation,Single Well,NA,2016-05-11 00:00:00 - 2020-05-15 11:13:00,9,spring,NA,NA,2.598,103.518,2018,118,23.57,Dry,2017-10-01T00:00:00Z,2018-10-01T00:00:00Z,-123.162,39.1281
391281N1231621W001,2277527,2017-10-24T11:43:00Z,649.542,648,0,10.83,638.712,10.83,9.288,NA,Electric sounder measurement,Water level accuracy to nearest hundredth of a foot,5191,Mendocino County Water Agency,NA,5191,Mendocino County Water Agency,13,41,51456,NA,Ukiah Valley-33,GPS with WAAS,10 ft.,1-052,Ukiah Valley,Mendocino,41,Irrigation,Single Well,NA,2016-05-11 00:00:00 - 2020-05-15 11:13:00,9,fall,9.288,11.528,NA,NA,2018,118,23.57,Dry,2017-10-01T00:00:00Z,2018-10-01T00:00:00Z,-123.162,39.1281
391281N1231621W001,2297163,2017-04-12T10:25:00Z,649.542,648,0,4.14,645.402,4.14,2.598,NA,Electric sounder measurement,Water level accuracy to nearest hundredth of a foot,5191,Mendocino County Water Agency,NA,5191,Mendocino County Water Agency,13,41,51456,NA,Ukiah Valley-33,GPS with WAAS,10 ft.,1-052,Ukiah Valley,Mendocino,41,Irrigation,Single Well,NA,2016-05-11 00:00:00 - 2020-05-15 11:13:00,9,spring,NA,NA,2.598,103.518,2017,117,52.12,Wet,2016-10-01T00:00:00Z,2017-10-01T00:00:00Z,-123.162,39.1281
391281N1231621W001,2221744,2016-10-18T16:35:00Z,649.542,648,0,12.19,637.352,12.19,10.648,NA,Electric sounder measurement,Water level accuracy to nearest hundredth of a foot,5191,Mendocino County Water Agency,NA,5191,Mendocino County Water Agency,13,41,51456,NA,Ukiah Valley-33,GPS with WAAS,10 ft.,1-052,Ukiah Valley,Mendocino,41,Irrigation,Single Well,NA,2016-05-11 00:00:00 - 2020-05-15 11:13:00,9,fall,9.288,11.528,NA,NA,2017,117,52.12,Wet,2016-10-01T00:00:00Z,2017-10-01T00:00:00Z,-123.162,39.1281
391281N1231621W001,2196268,2016-05-11T00:00:00Z,649.542,648,0,6.26,643.282,6.26,4.718,NA,Electric sounder measurement,Water level accuracy to nearest hundredth of a foot,5191,Mendocino County Water Agency,NA,5191,Mendocino County Water Agency,13,41,51456,NA,Ukiah Valley-33,GPS with WAAS,10 ft.,1-052,Ukiah Valley,Mendocino,41,Irrigation,Single Well,NA,2016-05-11 00:00:00 - 2020-05-15 11:13:00,9,spring,NA,NA,2.598,103.518,2016,116,36.52,Above Normal,2015-10-01T00:00:00Z,2016-10-01T00:00:00Z,-123.162,39.1281
