SITE_CODE,WLM_ID,MSMT_DATE,WLM_RPE,WLM_GSE,RDNG_WS,RDNG_RP,WSE,RPE_WSE,GSE_WSE,WLM_QA_DESC,WLM_DESC,WLM_ACC_DESC,WLM_ORG_ID,WLM_ORG_NAME,MSMT_CMT,COOP_AGENCY_ORG_ID,COOP_ORG_NAME,TOP_PRF,BOT_PRF,STN_ID,SWN,WELL_NAME,WLM_METHOD,WLM_ACC,BASIN_CODE,BASIN_NAME,COUNTY_NAME,WELL_DEPTH,WELL_USE,WELL_TYPE,WCR_NO,t_range,n_samples,season,fall_high,fall_low,spring_high,spring_low,water_year,Oct.Mar,Apr.Jul,WYsum,Index,water_year_type,region,water_year_start,water_year_end,X,Y
391334N1231885W001,2624417,2020-05-13T09:19:00Z,588.25,584,0,24.32,563.93,24.32,20.07,NA,Electric sounder measurement,Water level accuracy to nearest hundredth of a foot,5191,Mendocino County Water Agency,NA,5191,Mendocino County Water Agency,40,120,50826,NA,Ukiah Valley-24,GPS,Unknown,1-052,Ukiah Valley,Mendocino,120,Irrigation,Single Well,NA,2015-05-01 10:10:00 - 2020-05-13 09:19:00,11,spring,NA,NA,17.45,22.77,2019,13.11,10.66,24.77,10.34,Wet,SAC,2019-10-01T00:00:00Z,2020-10-01T00:00:00Z,-123.188,39.1334
391334N1231885W001,2493665,2019-10-28T11:34:00Z,588.25,584,0,24.01,564.24,24.01,19.76,NA,Electric sounder measurement,Water level accuracy to nearest hundredth of a foot,5191,Mendocino County Water Agency,NA,5191,Mendocino County Water Agency,40,120,50826,NA,Ukiah Valley-24,GPS,Unknown,1-052,Ukiah Valley,Mendocino,120,Irrigation,Single Well,NA,2015-05-01 10:10:00 - 2020-05-13 09:19:00,11,fall,19.75,20.86,NA,NA,2019,13.11,10.66,24.77,10.34,Wet,SAC,2019-10-01T00:00:00Z,2020-10-01T00:00:00Z,-123.188,39.1334
391334N1231885W001,2463874,2019-04-30T13:04:00Z,588.25,584,0,22.32,565.93,22.32,18.07,NA,Electric sounder measurement,Water level accuracy to nearest hundredth of a foot,5191,Mendocino County Water Agency,NA,5191,Mendocino County Water Agency,40,120,50826,NA,Ukiah Valley-24,GPS,Unknown,1-052,Ukiah Valley,Mendocino,120,Irrigation,Single Well,NA,2015-05-01 10:10:00 - 2020-05-13 09:19:00,11,spring,NA,NA,17.45,22.77,2018,7.09,5.05,12.86,7.14,Below Normal,SAC,2018-10-01T00:00:00Z,2019-10-01T00:00:00Z,-123.188,39.1334
391334N1231885W001,2423030,2018-10-30T09:37:00Z,588.25,584,0,24.44,563.81,24.44,20.19,NA,Electric sounder measurement,Water level accuracy to nearest hundredth of a foot,5191,Mendocino County Water Agency,NA,5191,Mendocino County Water Agency,40,120,50826,NA,Ukiah Valley-24,GPS,Unknown,1-052,Ukiah Valley,Mendocino,120,Irrigation,Single Well,NA,2015-05-01 10:10:00 - 2020-05-13 09:19:00,11,fall,19.75,20.86,NA,NA,2018,7.09,5.05,12.86,7.14,Below Normal,SAC,2018-10-01T00:00:00Z,2019-10-01T00:00:00Z,-123.188,39.1334
391334N1231885W001,2307148,2018-04-27T14:45:00Z,588.25,588,0,23.02,565.23,23.02,22.77,NA,Electric sounder measurement,Water level accuracy to nearest hundredth of a foot,5191,Mendocino County Water Agency,NA,5191,Mendocino County Water Agency,40,120,50826,NA,Ukiah Valley-24,GPS,Unknown,1-052,Ukiah Valley,Mendocino,120,Irrigation,Single Well,NA,2015-05-01 10:10:00 - 2020-05-13 09:19:00,11,spring,NA,NA,17.45,22.77,2017,26.17,10.69,37.82,14.14,Wet,SAC,2017-10-01T00:00:00Z,2018-10-01T00:00:00Z,-123.188,39.1334
391334N1231885W001,2277516,2017-10-20T11:15:00Z,588.25,584,0,24,564.25,24,19.75,NA,Electric sounder measurement,Water level accuracy to nearest hundredth of a foot,5191,Mendocino County Water Agency,NA,5191,Mendocino County Water Agency,40,120,50826,NA,Ukiah Valley-24,GPS,Unknown,1-052,Ukiah Valley,Mendocino,120,Irrigation,Single Well,NA,2015-05-01 10:10:00 - 2020-05-13 09:19:00,11,fall,19.75,20.86,NA,NA,2017,26.17,10.69,37.82,14.14,Wet,SAC,2017-10-01T00:00:00Z,2018-10-01T00:00:00Z,-123.188,39.1334
391334N1231885W001,2246666,2017-04-19T13:40:00Z,588.25,584,0,21.7,566.55,21.7,17.45,NA,Electric sounder measurement,Water level accuracy to nearest hundredth of a foot,5191,Mendocino County Water Agency,NA,5191,Mendocino County Water Agency,40,120,50826,NA,Ukiah Valley-24,GPS,Unknown,1-052,Ukiah Valley,Mendocino,120,Irrigation,Single Well,NA,2015-05-01 10:10:00 - 2020-05-13 09:19:00,11,spring,NA,NA,17.45,22.77,2016,12.24,4.6,17.48,6.71,Below Normal,SAC,2016-10-01T00:00:00Z,2017-10-01T00:00:00Z,-123.188,39.1334
391334N1231885W001,2221763,2016-10-21T15:25:00Z,588.25,584,0,24.1,564.15,24.1,19.85,NA,Electric sounder measurement,Water level accuracy to nearest hundredth of a foot,5191,Mendocino County Water Agency,NA,5191,Mendocino County Water Agency,40,120,50826,NA,Ukiah Valley-24,GPS,Unknown,1-052,Ukiah Valley,Mendocino,120,Irrigation,Single Well,NA,2015-05-01 10:10:00 - 2020-05-13 09:19:00,11,fall,19.75,20.86,NA,NA,2016,12.24,4.6,17.48,6.71,Below Normal,SAC,2016-10-01T00:00:00Z,2017-10-01T00:00:00Z,-123.188,39.1334
391334N1231885W001,2196254,2016-04-14T13:04:00Z,588.25,584,0,22.46,565.79,22.46,18.21,NA,Electric sounder measurement,Water level accuracy to nearest hundredth of a foot,5191,Mendocino County Water Agency,NA,5191,Mendocino County Water Agency,40,120,50826,NA,Ukiah Valley-24,GPS,Unknown,1-052,Ukiah Valley,Mendocino,120,Irrigation,Single Well,NA,2015-05-01 10:10:00 - 2020-05-13 09:19:00,11,spring,NA,NA,17.45,22.77,2015,6.91,1.77,9.23,4,Critical,SAC,2015-10-01T00:00:00Z,2016-10-01T00:00:00Z,-123.188,39.1334
391334N1231885W001,2157929,2015-10-16T09:25:00Z,588.25,584,0,25.11,563.14,25.11,20.86,NA,Electric sounder measurement,Water level accuracy to nearest hundredth of a foot,5191,Mendocino County Water Agency,NA,5191,Mendocino County Water Agency,40,120,50826,NA,Ukiah Valley-24,GPS,Unknown,1-052,Ukiah Valley,Mendocino,120,Irrigation,Single Well,NA,2015-05-01 10:10:00 - 2020-05-13 09:19:00,11,fall,19.75,20.86,NA,NA,2015,6.91,1.77,9.23,4,Critical,SAC,2015-10-01T00:00:00Z,2016-10-01T00:00:00Z,-123.188,39.1334
391334N1231885W001,2138344,2015-05-01T10:10:00Z,588.25,584,0,23.5,564.75,23.5,19.25,NA,Electric sounder measurement,Water level accuracy to nearest hundredth of a foot,5191,Mendocino County Water Agency,NA,5191,Mendocino County Water Agency,40,120,50826,NA,Ukiah Valley-24,GPS,Unknown,1-052,Ukiah Valley,Mendocino,120,Irrigation,Single Well,NA,2015-05-01 10:10:00 - 2020-05-13 09:19:00,11,spring,NA,NA,17.45,22.77,2014,4.29,2.59,7.46,4.07,Critical,SAC,2014-10-01T00:00:00Z,2015-10-01T00:00:00Z,-123.188,39.1334
