SITE_CODE,WLM_ID,MSMT_DATE,WLM_RPE,WLM_GSE,RDNG_WS,RDNG_RP,WSE,RPE_WSE,GSE_WSE,WLM_QA_DESC,WLM_DESC,WLM_ACC_DESC,WLM_ORG_ID,WLM_ORG_NAME,MSMT_CMT,COOP_AGENCY_ORG_ID,COOP_ORG_NAME,TOP_PRF,BOT_PRF,STN_ID,SWN,WELL_NAME,WLM_METHOD,WLM_ACC,BASIN_CODE,BASIN_NAME,COUNTY_NAME,WELL_DEPTH,WELL_USE,WELL_TYPE,WCR_NO,t_range,n_samples,season,fall_high,fall_low,spring_high,spring_low,water_year,X1,Precip,water_year_type,water_year_start,water_year_end,X,Y
391411N1231983W002,2624432,2020-05-11T09:30:00Z,594,594,0,57.917,536.083,57.917,57.917,NA,Electric sounder measurement,Water level accuracy to nearest hundredth of a foot,5191,Mendocino County Water Agency,NA,5191,Mendocino County Water Agency,60,70,51562,NA,Ukiah Valley-37,GPS,5 ft.,1-052,Ukiah Valley,Mendocino,215,Observation,Single Well,e0317247,2019-11-05 10:00:00 - 2020-05-11 09:30:00,6,spring,NA,NA,57.917,57.917,2020,NA,NA,NA,2019-10-01T00:00:00Z,2020-10-01T00:00:00Z,-123.198,39.1411
391411N1231983W002,2624432,2020-05-11T09:30:00Z,594,594,0,57.917,536.083,57.917,57.917,NA,Electric sounder measurement,Water level accuracy to nearest hundredth of a foot,5191,Mendocino County Water Agency,NA,5191,Mendocino County Water Agency,100,140,51562,NA,Ukiah Valley-37,GPS,5 ft.,1-052,Ukiah Valley,Mendocino,215,Observation,Single Well,e0317247,2019-11-05 10:00:00 - 2020-05-11 09:30:00,6,spring,NA,NA,57.917,57.917,2020,NA,NA,NA,2019-10-01T00:00:00Z,2020-10-01T00:00:00Z,-123.198,39.1411
391411N1231983W002,2624432,2020-05-11T09:30:00Z,594,594,0,57.917,536.083,57.917,57.917,NA,Electric sounder measurement,Water level accuracy to nearest hundredth of a foot,5191,Mendocino County Water Agency,NA,5191,Mendocino County Water Agency,170,210,51562,NA,Ukiah Valley-37,GPS,5 ft.,1-052,Ukiah Valley,Mendocino,215,Observation,Single Well,e0317247,2019-11-05 10:00:00 - 2020-05-11 09:30:00,6,spring,NA,NA,57.917,57.917,2020,NA,NA,NA,2019-10-01T00:00:00Z,2020-10-01T00:00:00Z,-123.198,39.1411
391411N1231983W002,2493680,2019-11-05T10:00:00Z,594,594,0,51.3,542.7,51.3,51.3,NA,Electric sounder measurement,Water level accuracy to nearest hundredth of a foot,5191,Mendocino County Water Agency,NA,5191,Mendocino County Water Agency,60,70,51562,NA,Ukiah Valley-37,GPS,5 ft.,1-052,Ukiah Valley,Mendocino,215,Observation,Single Well,e0317247,2019-11-05 10:00:00 - 2020-05-11 09:30:00,6,fall,51.3,51.3,NA,NA,2020,NA,NA,NA,2019-10-01T00:00:00Z,2020-10-01T00:00:00Z,-123.198,39.1411
391411N1231983W002,2493680,2019-11-05T10:00:00Z,594,594,0,51.3,542.7,51.3,51.3,NA,Electric sounder measurement,Water level accuracy to nearest hundredth of a foot,5191,Mendocino County Water Agency,NA,5191,Mendocino County Water Agency,100,140,51562,NA,Ukiah Valley-37,GPS,5 ft.,1-052,Ukiah Valley,Mendocino,215,Observation,Single Well,e0317247,2019-11-05 10:00:00 - 2020-05-11 09:30:00,6,fall,51.3,51.3,NA,NA,2020,NA,NA,NA,2019-10-01T00:00:00Z,2020-10-01T00:00:00Z,-123.198,39.1411
391411N1231983W002,2493680,2019-11-05T10:00:00Z,594,594,0,51.3,542.7,51.3,51.3,NA,Electric sounder measurement,Water level accuracy to nearest hundredth of a foot,5191,Mendocino County Water Agency,NA,5191,Mendocino County Water Agency,170,210,51562,NA,Ukiah Valley-37,GPS,5 ft.,1-052,Ukiah Valley,Mendocino,215,Observation,Single Well,e0317247,2019-11-05 10:00:00 - 2020-05-11 09:30:00,6,fall,51.3,51.3,NA,NA,2020,NA,NA,NA,2019-10-01T00:00:00Z,2020-10-01T00:00:00Z,-123.198,39.1411
