STN_ID.x,SITE_CODE,WLM_ID,MSMT_DATE,WLM_RPE,WLM_GSE,RDNG_WS,RDNG_RP,WSE,RPE_WSE,GSE_WSE,WLM_QA_DESC,WLM_DESC,WLM_ACC_DESC,WLM_ORG_ID,WLM_ORG_NAME,MSMT_CMT,COOP_AGENCY_ORG_ID,COOP_ORG_NAME,STN_ID.y,TOP_PRF,BOT_PRF,STN_ID,SWN,WELL_NAME,WLM_METHOD,WLM_ACC,BASIN_CODE,BASIN_NAME,COUNTY_NAME,WELL_DEPTH,WELL_USE,WELL_TYPE,WCR_NO,t_range,n_samples
51561,391411N1231983W001,2463889,2019-05-07T09:00:00Z,594,594,0,49.8,544.2,49.8,49.8,NA,Electric sounder measurement,Water level accuracy to nearest hundredth of a foot,5191,Mendocino County Water Agency,NA,5191,Mendocino County Water Agency,51561,60,70,51561,NA,Ukiah Valley-37,GPS,5 ft.,1-052,Ukiah Valley,Mendocino,215,Observation,Single Well,e0317247,2016-10-21 11:44:00 - 2019-05-07 09:00:00,18
51561,391411N1231983W001,2463889,2019-05-07T09:00:00Z,594,594,0,49.8,544.2,49.8,49.8,NA,Electric sounder measurement,Water level accuracy to nearest hundredth of a foot,5191,Mendocino County Water Agency,NA,5191,Mendocino County Water Agency,51561,100,140,51561,NA,Ukiah Valley-37,GPS,5 ft.,1-052,Ukiah Valley,Mendocino,215,Observation,Single Well,e0317247,2016-10-21 11:44:00 - 2019-05-07 09:00:00,18
51561,391411N1231983W001,2463889,2019-05-07T09:00:00Z,594,594,0,49.8,544.2,49.8,49.8,NA,Electric sounder measurement,Water level accuracy to nearest hundredth of a foot,5191,Mendocino County Water Agency,NA,5191,Mendocino County Water Agency,51561,170,210,51561,NA,Ukiah Valley-37,GPS,5 ft.,1-052,Ukiah Valley,Mendocino,215,Observation,Single Well,e0317247,2016-10-21 11:44:00 - 2019-05-07 09:00:00,18
51561,391411N1231983W001,2423045,2018-10-29T11:45:00Z,594,594,0,43.5,550.5,43.5,43.5,NA,Electric sounder measurement,Water level accuracy to nearest hundredth of a foot,5191,Mendocino County Water Agency,NA,5191,Mendocino County Water Agency,51561,60,70,51561,NA,Ukiah Valley-37,GPS,5 ft.,1-052,Ukiah Valley,Mendocino,215,Observation,Single Well,e0317247,2016-10-21 11:44:00 - 2019-05-07 09:00:00,18
51561,391411N1231983W001,2423045,2018-10-29T11:45:00Z,594,594,0,43.5,550.5,43.5,43.5,NA,Electric sounder measurement,Water level accuracy to nearest hundredth of a foot,5191,Mendocino County Water Agency,NA,5191,Mendocino County Water Agency,51561,100,140,51561,NA,Ukiah Valley-37,GPS,5 ft.,1-052,Ukiah Valley,Mendocino,215,Observation,Single Well,e0317247,2016-10-21 11:44:00 - 2019-05-07 09:00:00,18
51561,391411N1231983W001,2423045,2018-10-29T11:45:00Z,594,594,0,43.5,550.5,43.5,43.5,NA,Electric sounder measurement,Water level accuracy to nearest hundredth of a foot,5191,Mendocino County Water Agency,NA,5191,Mendocino County Water Agency,51561,170,210,51561,NA,Ukiah Valley-37,GPS,5 ft.,1-052,Ukiah Valley,Mendocino,215,Observation,Single Well,e0317247,2016-10-21 11:44:00 - 2019-05-07 09:00:00,18
51561,391411N1231983W001,2307163,2018-04-25T15:23:00Z,594,594,0,44,550,44,44,NA,Electric sounder measurement,Water level accuracy to nearest hundredth of a foot,5191,Mendocino County Water Agency,NA,5191,Mendocino County Water Agency,51561,60,70,51561,NA,Ukiah Valley-37,GPS,5 ft.,1-052,Ukiah Valley,Mendocino,215,Observation,Single Well,e0317247,2016-10-21 11:44:00 - 2019-05-07 09:00:00,18
51561,391411N1231983W001,2307163,2018-04-25T15:23:00Z,594,594,0,44,550,44,44,NA,Electric sounder measurement,Water level accuracy to nearest hundredth of a foot,5191,Mendocino County Water Agency,NA,5191,Mendocino County Water Agency,51561,100,140,51561,NA,Ukiah Valley-37,GPS,5 ft.,1-052,Ukiah Valley,Mendocino,215,Observation,Single Well,e0317247,2016-10-21 11:44:00 - 2019-05-07 09:00:00,18
51561,391411N1231983W001,2307163,2018-04-25T15:23:00Z,594,594,0,44,550,44,44,NA,Electric sounder measurement,Water level accuracy to nearest hundredth of a foot,5191,Mendocino County Water Agency,NA,5191,Mendocino County Water Agency,51561,170,210,51561,NA,Ukiah Valley-37,GPS,5 ft.,1-052,Ukiah Valley,Mendocino,215,Observation,Single Well,e0317247,2016-10-21 11:44:00 - 2019-05-07 09:00:00,18
51561,391411N1231983W001,2277530,2017-10-24T07:48:00Z,594,594,0,47.4,546.6,47.4,47.4,NA,Electric sounder measurement,Water level accuracy to nearest hundredth of a foot,5191,Mendocino County Water Agency,NA,5191,Mendocino County Water Agency,51561,60,70,51561,NA,Ukiah Valley-37,GPS,5 ft.,1-052,Ukiah Valley,Mendocino,215,Observation,Single Well,e0317247,2016-10-21 11:44:00 - 2019-05-07 09:00:00,18
51561,391411N1231983W001,2277530,2017-10-24T07:48:00Z,594,594,0,47.4,546.6,47.4,47.4,NA,Electric sounder measurement,Water level accuracy to nearest hundredth of a foot,5191,Mendocino County Water Agency,NA,5191,Mendocino County Water Agency,51561,100,140,51561,NA,Ukiah Valley-37,GPS,5 ft.,1-052,Ukiah Valley,Mendocino,215,Observation,Single Well,e0317247,2016-10-21 11:44:00 - 2019-05-07 09:00:00,18
51561,391411N1231983W001,2277530,2017-10-24T07:48:00Z,594,594,0,47.4,546.6,47.4,47.4,NA,Electric sounder measurement,Water level accuracy to nearest hundredth of a foot,5191,Mendocino County Water Agency,NA,5191,Mendocino County Water Agency,51561,170,210,51561,NA,Ukiah Valley-37,GPS,5 ft.,1-052,Ukiah Valley,Mendocino,215,Observation,Single Well,e0317247,2016-10-21 11:44:00 - 2019-05-07 09:00:00,18
51561,391411N1231983W001,2246676,2017-04-20T15:39:00Z,594,594,0,41.2,552.8,41.2,41.2,NA,Electric sounder measurement,Water level accuracy to nearest hundredth of a foot,5191,Mendocino County Water Agency,replacement for 14,5191,Mendocino County Water Agency,51561,60,70,51561,NA,Ukiah Valley-37,GPS,5 ft.,1-052,Ukiah Valley,Mendocino,215,Observation,Single Well,e0317247,2016-10-21 11:44:00 - 2019-05-07 09:00:00,18
51561,391411N1231983W001,2246676,2017-04-20T15:39:00Z,594,594,0,41.2,552.8,41.2,41.2,NA,Electric sounder measurement,Water level accuracy to nearest hundredth of a foot,5191,Mendocino County Water Agency,replacement for 14,5191,Mendocino County Water Agency,51561,100,140,51561,NA,Ukiah Valley-37,GPS,5 ft.,1-052,Ukiah Valley,Mendocino,215,Observation,Single Well,e0317247,2016-10-21 11:44:00 - 2019-05-07 09:00:00,18
51561,391411N1231983W001,2246676,2017-04-20T15:39:00Z,594,594,0,41.2,552.8,41.2,41.2,NA,Electric sounder measurement,Water level accuracy to nearest hundredth of a foot,5191,Mendocino County Water Agency,replacement for 14,5191,Mendocino County Water Agency,51561,170,210,51561,NA,Ukiah Valley-37,GPS,5 ft.,1-052,Ukiah Valley,Mendocino,215,Observation,Single Well,e0317247,2016-10-21 11:44:00 - 2019-05-07 09:00:00,18
51561,391411N1231983W001,2221764,2016-10-21T11:44:00Z,594,594,0,50,544,50,50,NA,Electric sounder measurement,Water level accuracy to nearest hundredth of a foot,5191,Mendocino County Water Agency,NA,5191,Mendocino County Water Agency,51561,60,70,51561,NA,Ukiah Valley-37,GPS,5 ft.,1-052,Ukiah Valley,Mendocino,215,Observation,Single Well,e0317247,2016-10-21 11:44:00 - 2019-05-07 09:00:00,18
51561,391411N1231983W001,2221764,2016-10-21T11:44:00Z,594,594,0,50,544,50,50,NA,Electric sounder measurement,Water level accuracy to nearest hundredth of a foot,5191,Mendocino County Water Agency,NA,5191,Mendocino County Water Agency,51561,100,140,51561,NA,Ukiah Valley-37,GPS,5 ft.,1-052,Ukiah Valley,Mendocino,215,Observation,Single Well,e0317247,2016-10-21 11:44:00 - 2019-05-07 09:00:00,18
51561,391411N1231983W001,2221764,2016-10-21T11:44:00Z,594,594,0,50,544,50,50,NA,Electric sounder measurement,Water level accuracy to nearest hundredth of a foot,5191,Mendocino County Water Agency,NA,5191,Mendocino County Water Agency,51561,170,210,51561,NA,Ukiah Valley-37,GPS,5 ft.,1-052,Ukiah Valley,Mendocino,215,Observation,Single Well,e0317247,2016-10-21 11:44:00 - 2019-05-07 09:00:00,18
