SITE_CODE,WLM_ID,MSMT_DATE,WLM_RPE,WLM_GSE,RDNG_WS,RDNG_RP,WSE,RPE_WSE,GSE_WSE,WLM_QA_DESC,WLM_DESC,WLM_ACC_DESC,WLM_ORG_ID,WLM_ORG_NAME,MSMT_CMT,COOP_AGENCY_ORG_ID,COOP_ORG_NAME,TOP_PRF,BOT_PRF,STN_ID,SWN,WELL_NAME,WLM_METHOD,WLM_ACC,BASIN_CODE,BASIN_NAME,COUNTY_NAME,WELL_DEPTH,WELL_USE,WELL_TYPE,WCR_NO,t_range,n_samples,season,fall_high,fall_low,spring_high,spring_low,water_year,Oct.Mar,Apr.Jul,WYsum,Index,water_year_type,region,water_year_start,water_year_end,X,Y
391411N1231983W001,2463889,2019-05-07T09:00:00Z,594,594,0,49.8,544.2,49.8,49.8,NA,Electric sounder measurement,Water level accuracy to nearest hundredth of a foot,5191,Mendocino County Water Agency,NA,5191,Mendocino County Water Agency,60,70,51561,NA,Ukiah Valley-37,GPS,5 ft.,1-052,Ukiah Valley,Mendocino,215,Observation,Single Well,e0317247,2016-10-21 11:44:00 - 2019-05-07 09:00:00,18,spring,NA,NA,41.2,49.8,2018,7.09,5.05,12.86,7.14,Below Normal,SAC,2018-10-01T00:00:00Z,2019-10-01T00:00:00Z,-123.198,39.1411
391411N1231983W001,2463889,2019-05-07T09:00:00Z,594,594,0,49.8,544.2,49.8,49.8,NA,Electric sounder measurement,Water level accuracy to nearest hundredth of a foot,5191,Mendocino County Water Agency,NA,5191,Mendocino County Water Agency,100,140,51561,NA,Ukiah Valley-37,GPS,5 ft.,1-052,Ukiah Valley,Mendocino,215,Observation,Single Well,e0317247,2016-10-21 11:44:00 - 2019-05-07 09:00:00,18,spring,NA,NA,41.2,49.8,2018,7.09,5.05,12.86,7.14,Below Normal,SAC,2018-10-01T00:00:00Z,2019-10-01T00:00:00Z,-123.198,39.1411
391411N1231983W001,2463889,2019-05-07T09:00:00Z,594,594,0,49.8,544.2,49.8,49.8,NA,Electric sounder measurement,Water level accuracy to nearest hundredth of a foot,5191,Mendocino County Water Agency,NA,5191,Mendocino County Water Agency,170,210,51561,NA,Ukiah Valley-37,GPS,5 ft.,1-052,Ukiah Valley,Mendocino,215,Observation,Single Well,e0317247,2016-10-21 11:44:00 - 2019-05-07 09:00:00,18,spring,NA,NA,41.2,49.8,2018,7.09,5.05,12.86,7.14,Below Normal,SAC,2018-10-01T00:00:00Z,2019-10-01T00:00:00Z,-123.198,39.1411
391411N1231983W001,2423045,2018-10-29T11:45:00Z,594,594,0,43.5,550.5,43.5,43.5,NA,Electric sounder measurement,Water level accuracy to nearest hundredth of a foot,5191,Mendocino County Water Agency,NA,5191,Mendocino County Water Agency,60,70,51561,NA,Ukiah Valley-37,GPS,5 ft.,1-052,Ukiah Valley,Mendocino,215,Observation,Single Well,e0317247,2016-10-21 11:44:00 - 2019-05-07 09:00:00,18,fall,43.5,50,NA,NA,2018,7.09,5.05,12.86,7.14,Below Normal,SAC,2018-10-01T00:00:00Z,2019-10-01T00:00:00Z,-123.198,39.1411
391411N1231983W001,2423045,2018-10-29T11:45:00Z,594,594,0,43.5,550.5,43.5,43.5,NA,Electric sounder measurement,Water level accuracy to nearest hundredth of a foot,5191,Mendocino County Water Agency,NA,5191,Mendocino County Water Agency,100,140,51561,NA,Ukiah Valley-37,GPS,5 ft.,1-052,Ukiah Valley,Mendocino,215,Observation,Single Well,e0317247,2016-10-21 11:44:00 - 2019-05-07 09:00:00,18,fall,43.5,50,NA,NA,2018,7.09,5.05,12.86,7.14,Below Normal,SAC,2018-10-01T00:00:00Z,2019-10-01T00:00:00Z,-123.198,39.1411
391411N1231983W001,2423045,2018-10-29T11:45:00Z,594,594,0,43.5,550.5,43.5,43.5,NA,Electric sounder measurement,Water level accuracy to nearest hundredth of a foot,5191,Mendocino County Water Agency,NA,5191,Mendocino County Water Agency,170,210,51561,NA,Ukiah Valley-37,GPS,5 ft.,1-052,Ukiah Valley,Mendocino,215,Observation,Single Well,e0317247,2016-10-21 11:44:00 - 2019-05-07 09:00:00,18,fall,43.5,50,NA,NA,2018,7.09,5.05,12.86,7.14,Below Normal,SAC,2018-10-01T00:00:00Z,2019-10-01T00:00:00Z,-123.198,39.1411
391411N1231983W001,2307163,2018-04-25T15:23:00Z,594,594,0,44,550,44,44,NA,Electric sounder measurement,Water level accuracy to nearest hundredth of a foot,5191,Mendocino County Water Agency,NA,5191,Mendocino County Water Agency,60,70,51561,NA,Ukiah Valley-37,GPS,5 ft.,1-052,Ukiah Valley,Mendocino,215,Observation,Single Well,e0317247,2016-10-21 11:44:00 - 2019-05-07 09:00:00,18,spring,NA,NA,41.2,49.8,2017,26.17,10.69,37.82,14.14,Wet,SAC,2017-10-01T00:00:00Z,2018-10-01T00:00:00Z,-123.198,39.1411
391411N1231983W001,2307163,2018-04-25T15:23:00Z,594,594,0,44,550,44,44,NA,Electric sounder measurement,Water level accuracy to nearest hundredth of a foot,5191,Mendocino County Water Agency,NA,5191,Mendocino County Water Agency,100,140,51561,NA,Ukiah Valley-37,GPS,5 ft.,1-052,Ukiah Valley,Mendocino,215,Observation,Single Well,e0317247,2016-10-21 11:44:00 - 2019-05-07 09:00:00,18,spring,NA,NA,41.2,49.8,2017,26.17,10.69,37.82,14.14,Wet,SAC,2017-10-01T00:00:00Z,2018-10-01T00:00:00Z,-123.198,39.1411
391411N1231983W001,2307163,2018-04-25T15:23:00Z,594,594,0,44,550,44,44,NA,Electric sounder measurement,Water level accuracy to nearest hundredth of a foot,5191,Mendocino County Water Agency,NA,5191,Mendocino County Water Agency,170,210,51561,NA,Ukiah Valley-37,GPS,5 ft.,1-052,Ukiah Valley,Mendocino,215,Observation,Single Well,e0317247,2016-10-21 11:44:00 - 2019-05-07 09:00:00,18,spring,NA,NA,41.2,49.8,2017,26.17,10.69,37.82,14.14,Wet,SAC,2017-10-01T00:00:00Z,2018-10-01T00:00:00Z,-123.198,39.1411
391411N1231983W001,2277530,2017-10-24T07:48:00Z,594,594,0,47.4,546.6,47.4,47.4,NA,Electric sounder measurement,Water level accuracy to nearest hundredth of a foot,5191,Mendocino County Water Agency,NA,5191,Mendocino County Water Agency,60,70,51561,NA,Ukiah Valley-37,GPS,5 ft.,1-052,Ukiah Valley,Mendocino,215,Observation,Single Well,e0317247,2016-10-21 11:44:00 - 2019-05-07 09:00:00,18,fall,43.5,50,NA,NA,2017,26.17,10.69,37.82,14.14,Wet,SAC,2017-10-01T00:00:00Z,2018-10-01T00:00:00Z,-123.198,39.1411
391411N1231983W001,2277530,2017-10-24T07:48:00Z,594,594,0,47.4,546.6,47.4,47.4,NA,Electric sounder measurement,Water level accuracy to nearest hundredth of a foot,5191,Mendocino County Water Agency,NA,5191,Mendocino County Water Agency,100,140,51561,NA,Ukiah Valley-37,GPS,5 ft.,1-052,Ukiah Valley,Mendocino,215,Observation,Single Well,e0317247,2016-10-21 11:44:00 - 2019-05-07 09:00:00,18,fall,43.5,50,NA,NA,2017,26.17,10.69,37.82,14.14,Wet,SAC,2017-10-01T00:00:00Z,2018-10-01T00:00:00Z,-123.198,39.1411
391411N1231983W001,2277530,2017-10-24T07:48:00Z,594,594,0,47.4,546.6,47.4,47.4,NA,Electric sounder measurement,Water level accuracy to nearest hundredth of a foot,5191,Mendocino County Water Agency,NA,5191,Mendocino County Water Agency,170,210,51561,NA,Ukiah Valley-37,GPS,5 ft.,1-052,Ukiah Valley,Mendocino,215,Observation,Single Well,e0317247,2016-10-21 11:44:00 - 2019-05-07 09:00:00,18,fall,43.5,50,NA,NA,2017,26.17,10.69,37.82,14.14,Wet,SAC,2017-10-01T00:00:00Z,2018-10-01T00:00:00Z,-123.198,39.1411
391411N1231983W001,2246676,2017-04-20T15:39:00Z,594,594,0,41.2,552.8,41.2,41.2,NA,Electric sounder measurement,Water level accuracy to nearest hundredth of a foot,5191,Mendocino County Water Agency,replacement for 14,5191,Mendocino County Water Agency,60,70,51561,NA,Ukiah Valley-37,GPS,5 ft.,1-052,Ukiah Valley,Mendocino,215,Observation,Single Well,e0317247,2016-10-21 11:44:00 - 2019-05-07 09:00:00,18,spring,NA,NA,41.2,49.8,2016,12.24,4.6,17.48,6.71,Below Normal,SAC,2016-10-01T00:00:00Z,2017-10-01T00:00:00Z,-123.198,39.1411
391411N1231983W001,2246676,2017-04-20T15:39:00Z,594,594,0,41.2,552.8,41.2,41.2,NA,Electric sounder measurement,Water level accuracy to nearest hundredth of a foot,5191,Mendocino County Water Agency,replacement for 14,5191,Mendocino County Water Agency,100,140,51561,NA,Ukiah Valley-37,GPS,5 ft.,1-052,Ukiah Valley,Mendocino,215,Observation,Single Well,e0317247,2016-10-21 11:44:00 - 2019-05-07 09:00:00,18,spring,NA,NA,41.2,49.8,2016,12.24,4.6,17.48,6.71,Below Normal,SAC,2016-10-01T00:00:00Z,2017-10-01T00:00:00Z,-123.198,39.1411
391411N1231983W001,2246676,2017-04-20T15:39:00Z,594,594,0,41.2,552.8,41.2,41.2,NA,Electric sounder measurement,Water level accuracy to nearest hundredth of a foot,5191,Mendocino County Water Agency,replacement for 14,5191,Mendocino County Water Agency,170,210,51561,NA,Ukiah Valley-37,GPS,5 ft.,1-052,Ukiah Valley,Mendocino,215,Observation,Single Well,e0317247,2016-10-21 11:44:00 - 2019-05-07 09:00:00,18,spring,NA,NA,41.2,49.8,2016,12.24,4.6,17.48,6.71,Below Normal,SAC,2016-10-01T00:00:00Z,2017-10-01T00:00:00Z,-123.198,39.1411
391411N1231983W001,2221764,2016-10-21T11:44:00Z,594,594,0,50,544,50,50,NA,Electric sounder measurement,Water level accuracy to nearest hundredth of a foot,5191,Mendocino County Water Agency,NA,5191,Mendocino County Water Agency,60,70,51561,NA,Ukiah Valley-37,GPS,5 ft.,1-052,Ukiah Valley,Mendocino,215,Observation,Single Well,e0317247,2016-10-21 11:44:00 - 2019-05-07 09:00:00,18,fall,43.5,50,NA,NA,2016,12.24,4.6,17.48,6.71,Below Normal,SAC,2016-10-01T00:00:00Z,2017-10-01T00:00:00Z,-123.198,39.1411
391411N1231983W001,2221764,2016-10-21T11:44:00Z,594,594,0,50,544,50,50,NA,Electric sounder measurement,Water level accuracy to nearest hundredth of a foot,5191,Mendocino County Water Agency,NA,5191,Mendocino County Water Agency,100,140,51561,NA,Ukiah Valley-37,GPS,5 ft.,1-052,Ukiah Valley,Mendocino,215,Observation,Single Well,e0317247,2016-10-21 11:44:00 - 2019-05-07 09:00:00,18,fall,43.5,50,NA,NA,2016,12.24,4.6,17.48,6.71,Below Normal,SAC,2016-10-01T00:00:00Z,2017-10-01T00:00:00Z,-123.198,39.1411
391411N1231983W001,2221764,2016-10-21T11:44:00Z,594,594,0,50,544,50,50,NA,Electric sounder measurement,Water level accuracy to nearest hundredth of a foot,5191,Mendocino County Water Agency,NA,5191,Mendocino County Water Agency,170,210,51561,NA,Ukiah Valley-37,GPS,5 ft.,1-052,Ukiah Valley,Mendocino,215,Observation,Single Well,e0317247,2016-10-21 11:44:00 - 2019-05-07 09:00:00,18,fall,43.5,50,NA,NA,2016,12.24,4.6,17.48,6.71,Below Normal,SAC,2016-10-01T00:00:00Z,2017-10-01T00:00:00Z,-123.198,39.1411
