STN_ID.x,SITE_CODE,WLM_ID,MSMT_DATE,WLM_RPE,WLM_GSE,RDNG_WS,RDNG_RP,WSE,RPE_WSE,GSE_WSE,WLM_QA_DESC,WLM_DESC,WLM_ACC_DESC,WLM_ORG_ID,WLM_ORG_NAME,MSMT_CMT,COOP_AGENCY_ORG_ID,COOP_ORG_NAME,STN_ID.y,TOP_PRF,BOT_PRF,STN_ID,SWN,WELL_NAME,WLM_METHOD,WLM_ACC,BASIN_CODE,BASIN_NAME,COUNTY_NAME,WELL_DEPTH,WELL_USE,WELL_TYPE,WCR_NO,t_range,n_samples
51454,391482N1231810W001,2624426,2020-05-13T11:36:00Z,637.625,633,0,70.02,567.605,70.02,65.395,Pumping,Electric sounder measurement,Water level accuracy to nearest hundredth of a foot,5191,Mendocino County Water Agency,NA,5191,Mendocino County Water Agency,51454,60,283,51454,NA,Ukiah Valley-31,GPS with WAAS,10 ft.,1-052,Ukiah Valley,Mendocino,283,Residential,Single Well,e071160,2016-04-29 09:45:00 - 2020-05-13 11:36:00,9
51454,391482N1231810W001,2493674,2019-11-05T11:20:00Z,637.625,633,0,69.56,568.065,69.56,64.935,Pumping,Electric sounder measurement,Water level accuracy to nearest hundredth of a foot,5191,Mendocino County Water Agency,NA,5191,Mendocino County Water Agency,51454,60,283,51454,NA,Ukiah Valley-31,GPS with WAAS,10 ft.,1-052,Ukiah Valley,Mendocino,283,Residential,Single Well,e071160,2016-04-29 09:45:00 - 2020-05-13 11:36:00,9
51454,391482N1231810W001,2463883,2019-05-06T10:20:00Z,637.625,633,0,30.51,607.115,30.51,25.885,NA,Electric sounder measurement,Water level accuracy to nearest hundredth of a foot,5191,Mendocino County Water Agency,NA,5191,Mendocino County Water Agency,51454,60,283,51454,NA,Ukiah Valley-31,GPS with WAAS,10 ft.,1-052,Ukiah Valley,Mendocino,283,Residential,Single Well,e071160,2016-04-29 09:45:00 - 2020-05-13 11:36:00,9
51454,391482N1231810W001,2423039,2018-11-02T09:40:00Z,637.625,633,0,43.76,593.865,43.76,39.135,NA,Electric sounder measurement,Water level accuracy to nearest hundredth of a foot,5191,Mendocino County Water Agency,NA,5191,Mendocino County Water Agency,51454,60,283,51454,NA,Ukiah Valley-31,GPS with WAAS,10 ft.,1-052,Ukiah Valley,Mendocino,283,Residential,Single Well,e071160,2016-04-29 09:45:00 - 2020-05-13 11:36:00,9
51454,391482N1231810W001,2307157,2018-04-30T14:15:00Z,637.625,633,0,32.28,605.345,32.28,27.655,NA,Electric sounder measurement,Water level accuracy to nearest hundredth of a foot,5191,Mendocino County Water Agency,NA,5191,Mendocino County Water Agency,51454,60,283,51454,NA,Ukiah Valley-31,GPS with WAAS,10 ft.,1-052,Ukiah Valley,Mendocino,283,Residential,Single Well,e071160,2016-04-29 09:45:00 - 2020-05-13 11:36:00,9
51454,391482N1231810W001,2277525,2017-10-24T11:17:00Z,637.625,633,0,70.92,566.705,70.92,66.295,Pumping,Electric sounder measurement,Water level accuracy to nearest hundredth of a foot,5191,Mendocino County Water Agency,NA,5191,Mendocino County Water Agency,51454,60,283,51454,NA,Ukiah Valley-31,GPS with WAAS,10 ft.,1-052,Ukiah Valley,Mendocino,283,Residential,Single Well,e071160,2016-04-29 09:45:00 - 2020-05-13 11:36:00,9
51454,391482N1231810W001,2297254,2017-04-12T09:15:00Z,637.625,633,0,28.09,609.535,28.09,23.465,NA,Electric sounder measurement,Water level accuracy to nearest hundredth of a foot,5191,Mendocino County Water Agency,NA,5191,Mendocino County Water Agency,51454,60,283,51454,NA,Ukiah Valley-31,GPS with WAAS,10 ft.,1-052,Ukiah Valley,Mendocino,283,Residential,Single Well,e071160,2016-04-29 09:45:00 - 2020-05-13 11:36:00,9
51454,391482N1231810W001,2221745,2016-10-18T14:25:00Z,637.625,633,0,44.97,592.655,44.97,40.345,Pumped recently,Electric sounder measurement,Water level accuracy to nearest hundredth of a foot,5191,Mendocino County Water Agency,NA,5191,Mendocino County Water Agency,51454,60,283,51454,NA,Ukiah Valley-31,GPS with WAAS,10 ft.,1-052,Ukiah Valley,Mendocino,283,Residential,Single Well,e071160,2016-04-29 09:45:00 - 2020-05-13 11:36:00,9
51454,391482N1231810W001,2196266,2016-04-29T09:45:00Z,637.63,633,0,29.81,607.82,29.81,25.18,NA,Electric sounder measurement,Water level accuracy to nearest hundredth of a foot,5191,Mendocino County Water Agency,Collected by RCD,5191,Mendocino County Water Agency,51454,60,283,51454,NA,Ukiah Valley-31,GPS with WAAS,10 ft.,1-052,Ukiah Valley,Mendocino,283,Residential,Single Well,e071160,2016-04-29 09:45:00 - 2020-05-13 11:36:00,9
