SITE_CODE,WLM_ID,MSMT_DATE,WLM_RPE,WLM_GSE,RDNG_WS,RDNG_RP,WSE,RPE_WSE,GSE_WSE,WLM_QA_DESC,WLM_DESC,WLM_ACC_DESC,WLM_ORG_ID,WLM_ORG_NAME,MSMT_CMT,COOP_AGENCY_ORG_ID,COOP_ORG_NAME,TOP_PRF,BOT_PRF,STN_ID,SWN,WELL_NAME,WLM_METHOD,WLM_ACC,BASIN_CODE,BASIN_NAME,COUNTY_NAME,WELL_DEPTH,WELL_USE,WELL_TYPE,WCR_NO,t_range,n_samples,X,Y
391409N1231982W001,2297252,2017-04-12T00:00:00Z,0,0,NA,NA,NA,NA,NA,Measurement Discontinued,NA,NA,5191,Mendocino County Water Agency,no longer monitoring,5191,Mendocino County Water Agency,35,55,50344,15N12W20R003M,Ukiah Valley-14,Other,Unknown,1-052,Ukiah Valley,Mendocino,222,Unknown,Single Well,NA,2014-11-07 11:30:00 - 2017-04-12 00:00:00,25,-123.198,39.1409
391409N1231982W001,2297252,2017-04-12T00:00:00Z,0,0,NA,NA,NA,NA,NA,Measurement Discontinued,NA,NA,5191,Mendocino County Water Agency,no longer monitoring,5191,Mendocino County Water Agency,75,95,50344,15N12W20R003M,Ukiah Valley-14,Other,Unknown,1-052,Ukiah Valley,Mendocino,222,Unknown,Single Well,NA,2014-11-07 11:30:00 - 2017-04-12 00:00:00,25,-123.198,39.1409
391409N1231982W001,2297252,2017-04-12T00:00:00Z,0,0,NA,NA,NA,NA,NA,Measurement Discontinued,NA,NA,5191,Mendocino County Water Agency,no longer monitoring,5191,Mendocino County Water Agency,115,135,50344,15N12W20R003M,Ukiah Valley-14,Other,Unknown,1-052,Ukiah Valley,Mendocino,222,Unknown,Single Well,NA,2014-11-07 11:30:00 - 2017-04-12 00:00:00,25,-123.198,39.1409
391409N1231982W001,2297252,2017-04-12T00:00:00Z,0,0,NA,NA,NA,NA,NA,Measurement Discontinued,NA,NA,5191,Mendocino County Water Agency,no longer monitoring,5191,Mendocino County Water Agency,155,175,50344,15N12W20R003M,Ukiah Valley-14,Other,Unknown,1-052,Ukiah Valley,Mendocino,222,Unknown,Single Well,NA,2014-11-07 11:30:00 - 2017-04-12 00:00:00,25,-123.198,39.1409
391409N1231982W001,2297252,2017-04-12T00:00:00Z,0,0,NA,NA,NA,NA,NA,Measurement Discontinued,NA,NA,5191,Mendocino County Water Agency,no longer monitoring,5191,Mendocino County Water Agency,193,213,50344,15N12W20R003M,Ukiah Valley-14,Other,Unknown,1-052,Ukiah Valley,Mendocino,222,Unknown,Single Well,NA,2014-11-07 11:30:00 - 2017-04-12 00:00:00,25,-123.198,39.1409
391409N1231982W001,2196248,2016-04-13T08:33:00Z,601,600,0,40,561,40,39,NA,Electric sounder measurement,Water level accuracy to nearest hundredth of a foot,5191,Mendocino County Water Agency,NA,5191,Mendocino County Water Agency,35,55,50344,15N12W20R003M,Ukiah Valley-14,Other,Unknown,1-052,Ukiah Valley,Mendocino,222,Unknown,Single Well,NA,2014-11-07 11:30:00 - 2017-04-12 00:00:00,25,-123.198,39.1409
391409N1231982W001,2196248,2016-04-13T08:33:00Z,601,600,0,40,561,40,39,NA,Electric sounder measurement,Water level accuracy to nearest hundredth of a foot,5191,Mendocino County Water Agency,NA,5191,Mendocino County Water Agency,75,95,50344,15N12W20R003M,Ukiah Valley-14,Other,Unknown,1-052,Ukiah Valley,Mendocino,222,Unknown,Single Well,NA,2014-11-07 11:30:00 - 2017-04-12 00:00:00,25,-123.198,39.1409
391409N1231982W001,2196248,2016-04-13T08:33:00Z,601,600,0,40,561,40,39,NA,Electric sounder measurement,Water level accuracy to nearest hundredth of a foot,5191,Mendocino County Water Agency,NA,5191,Mendocino County Water Agency,115,135,50344,15N12W20R003M,Ukiah Valley-14,Other,Unknown,1-052,Ukiah Valley,Mendocino,222,Unknown,Single Well,NA,2014-11-07 11:30:00 - 2017-04-12 00:00:00,25,-123.198,39.1409
391409N1231982W001,2196248,2016-04-13T08:33:00Z,601,600,0,40,561,40,39,NA,Electric sounder measurement,Water level accuracy to nearest hundredth of a foot,5191,Mendocino County Water Agency,NA,5191,Mendocino County Water Agency,155,175,50344,15N12W20R003M,Ukiah Valley-14,Other,Unknown,1-052,Ukiah Valley,Mendocino,222,Unknown,Single Well,NA,2014-11-07 11:30:00 - 2017-04-12 00:00:00,25,-123.198,39.1409
391409N1231982W001,2196248,2016-04-13T08:33:00Z,601,600,0,40,561,40,39,NA,Electric sounder measurement,Water level accuracy to nearest hundredth of a foot,5191,Mendocino County Water Agency,NA,5191,Mendocino County Water Agency,193,213,50344,15N12W20R003M,Ukiah Valley-14,Other,Unknown,1-052,Ukiah Valley,Mendocino,222,Unknown,Single Well,NA,2014-11-07 11:30:00 - 2017-04-12 00:00:00,25,-123.198,39.1409
391409N1231982W001,2157922,2015-10-16T15:00:00Z,601,600,0,48.5,552.5,48.5,47.5,NA,Electric sounder measurement,Water level accuracy to nearest hundredth of a foot,5191,Mendocino County Water Agency,NA,5191,Mendocino County Water Agency,35,55,50344,15N12W20R003M,Ukiah Valley-14,Other,Unknown,1-052,Ukiah Valley,Mendocino,222,Unknown,Single Well,NA,2014-11-07 11:30:00 - 2017-04-12 00:00:00,25,-123.198,39.1409
391409N1231982W001,2157922,2015-10-16T15:00:00Z,601,600,0,48.5,552.5,48.5,47.5,NA,Electric sounder measurement,Water level accuracy to nearest hundredth of a foot,5191,Mendocino County Water Agency,NA,5191,Mendocino County Water Agency,75,95,50344,15N12W20R003M,Ukiah Valley-14,Other,Unknown,1-052,Ukiah Valley,Mendocino,222,Unknown,Single Well,NA,2014-11-07 11:30:00 - 2017-04-12 00:00:00,25,-123.198,39.1409
391409N1231982W001,2157922,2015-10-16T15:00:00Z,601,600,0,48.5,552.5,48.5,47.5,NA,Electric sounder measurement,Water level accuracy to nearest hundredth of a foot,5191,Mendocino County Water Agency,NA,5191,Mendocino County Water Agency,115,135,50344,15N12W20R003M,Ukiah Valley-14,Other,Unknown,1-052,Ukiah Valley,Mendocino,222,Unknown,Single Well,NA,2014-11-07 11:30:00 - 2017-04-12 00:00:00,25,-123.198,39.1409
391409N1231982W001,2157922,2015-10-16T15:00:00Z,601,600,0,48.5,552.5,48.5,47.5,NA,Electric sounder measurement,Water level accuracy to nearest hundredth of a foot,5191,Mendocino County Water Agency,NA,5191,Mendocino County Water Agency,155,175,50344,15N12W20R003M,Ukiah Valley-14,Other,Unknown,1-052,Ukiah Valley,Mendocino,222,Unknown,Single Well,NA,2014-11-07 11:30:00 - 2017-04-12 00:00:00,25,-123.198,39.1409
391409N1231982W001,2157922,2015-10-16T15:00:00Z,601,600,0,48.5,552.5,48.5,47.5,NA,Electric sounder measurement,Water level accuracy to nearest hundredth of a foot,5191,Mendocino County Water Agency,NA,5191,Mendocino County Water Agency,193,213,50344,15N12W20R003M,Ukiah Valley-14,Other,Unknown,1-052,Ukiah Valley,Mendocino,222,Unknown,Single Well,NA,2014-11-07 11:30:00 - 2017-04-12 00:00:00,25,-123.198,39.1409
391409N1231982W001,2138337,2015-05-01T12:23:00Z,601,600,0,45,556,45,44,NA,Electric sounder measurement,Water level accuracy to nearest hundredth of a foot,5191,Mendocino County Water Agency,NA,5191,Mendocino County Water Agency,35,55,50344,15N12W20R003M,Ukiah Valley-14,Other,Unknown,1-052,Ukiah Valley,Mendocino,222,Unknown,Single Well,NA,2014-11-07 11:30:00 - 2017-04-12 00:00:00,25,-123.198,39.1409
391409N1231982W001,2138337,2015-05-01T12:23:00Z,601,600,0,45,556,45,44,NA,Electric sounder measurement,Water level accuracy to nearest hundredth of a foot,5191,Mendocino County Water Agency,NA,5191,Mendocino County Water Agency,75,95,50344,15N12W20R003M,Ukiah Valley-14,Other,Unknown,1-052,Ukiah Valley,Mendocino,222,Unknown,Single Well,NA,2014-11-07 11:30:00 - 2017-04-12 00:00:00,25,-123.198,39.1409
391409N1231982W001,2138337,2015-05-01T12:23:00Z,601,600,0,45,556,45,44,NA,Electric sounder measurement,Water level accuracy to nearest hundredth of a foot,5191,Mendocino County Water Agency,NA,5191,Mendocino County Water Agency,115,135,50344,15N12W20R003M,Ukiah Valley-14,Other,Unknown,1-052,Ukiah Valley,Mendocino,222,Unknown,Single Well,NA,2014-11-07 11:30:00 - 2017-04-12 00:00:00,25,-123.198,39.1409
391409N1231982W001,2138337,2015-05-01T12:23:00Z,601,600,0,45,556,45,44,NA,Electric sounder measurement,Water level accuracy to nearest hundredth of a foot,5191,Mendocino County Water Agency,NA,5191,Mendocino County Water Agency,155,175,50344,15N12W20R003M,Ukiah Valley-14,Other,Unknown,1-052,Ukiah Valley,Mendocino,222,Unknown,Single Well,NA,2014-11-07 11:30:00 - 2017-04-12 00:00:00,25,-123.198,39.1409
391409N1231982W001,2138337,2015-05-01T12:23:00Z,601,600,0,45,556,45,44,NA,Electric sounder measurement,Water level accuracy to nearest hundredth of a foot,5191,Mendocino County Water Agency,NA,5191,Mendocino County Water Agency,193,213,50344,15N12W20R003M,Ukiah Valley-14,Other,Unknown,1-052,Ukiah Valley,Mendocino,222,Unknown,Single Well,NA,2014-11-07 11:30:00 - 2017-04-12 00:00:00,25,-123.198,39.1409
391409N1231982W001,2106426,2014-11-07T11:30:00Z,601,600,0,49,552,49,48,NA,Electric sounder measurement,Water level accuracy to nearest hundredth of a foot,5191,Mendocino County Water Agency,NA,5191,Mendocino County Water Agency,35,55,50344,15N12W20R003M,Ukiah Valley-14,Other,Unknown,1-052,Ukiah Valley,Mendocino,222,Unknown,Single Well,NA,2014-11-07 11:30:00 - 2017-04-12 00:00:00,25,-123.198,39.1409
391409N1231982W001,2106426,2014-11-07T11:30:00Z,601,600,0,49,552,49,48,NA,Electric sounder measurement,Water level accuracy to nearest hundredth of a foot,5191,Mendocino County Water Agency,NA,5191,Mendocino County Water Agency,75,95,50344,15N12W20R003M,Ukiah Valley-14,Other,Unknown,1-052,Ukiah Valley,Mendocino,222,Unknown,Single Well,NA,2014-11-07 11:30:00 - 2017-04-12 00:00:00,25,-123.198,39.1409
391409N1231982W001,2106426,2014-11-07T11:30:00Z,601,600,0,49,552,49,48,NA,Electric sounder measurement,Water level accuracy to nearest hundredth of a foot,5191,Mendocino County Water Agency,NA,5191,Mendocino County Water Agency,115,135,50344,15N12W20R003M,Ukiah Valley-14,Other,Unknown,1-052,Ukiah Valley,Mendocino,222,Unknown,Single Well,NA,2014-11-07 11:30:00 - 2017-04-12 00:00:00,25,-123.198,39.1409
391409N1231982W001,2106426,2014-11-07T11:30:00Z,601,600,0,49,552,49,48,NA,Electric sounder measurement,Water level accuracy to nearest hundredth of a foot,5191,Mendocino County Water Agency,NA,5191,Mendocino County Water Agency,155,175,50344,15N12W20R003M,Ukiah Valley-14,Other,Unknown,1-052,Ukiah Valley,Mendocino,222,Unknown,Single Well,NA,2014-11-07 11:30:00 - 2017-04-12 00:00:00,25,-123.198,39.1409
391409N1231982W001,2106426,2014-11-07T11:30:00Z,601,600,0,49,552,49,48,NA,Electric sounder measurement,Water level accuracy to nearest hundredth of a foot,5191,Mendocino County Water Agency,NA,5191,Mendocino County Water Agency,193,213,50344,15N12W20R003M,Ukiah Valley-14,Other,Unknown,1-052,Ukiah Valley,Mendocino,222,Unknown,Single Well,NA,2014-11-07 11:30:00 - 2017-04-12 00:00:00,25,-123.198,39.1409
