SITE_CODE,WLM_ID,MSMT_DATE,WLM_RPE,WLM_GSE,RDNG_WS,RDNG_RP,WSE,RPE_WSE,GSE_WSE,WLM_QA_DESC,WLM_DESC,WLM_ACC_DESC,WLM_ORG_ID,WLM_ORG_NAME,MSMT_CMT,COOP_AGENCY_ORG_ID,COOP_ORG_NAME,TOP_PRF,BOT_PRF,STN_ID,SWN,WELL_NAME,WLM_METHOD,WLM_ACC,BASIN_CODE,BASIN_NAME,COUNTY_NAME,WELL_DEPTH,WELL_USE,WELL_TYPE,WCR_NO,t_range,n_samples,X,Y
391586N1232003W002,2624431,2020-05-11T09:30:00Z,608,608,0,69.917,538.083,69.917,69.917,NA,Electric sounder measurement,Water level accuracy to nearest hundredth of a foot,5191,Mendocino County Water Agency,NA,5191,Mendocino County Water Agency,80,120,51768,NA,Ukiah Valley-36,GPS with WAAS,Unknown,1-052,Ukiah Valley,Mendocino,260,Observation,Single Well,e0316347,2017-04-20 15:14:00 - 2020-05-11 09:30:00,21,-123.2,39.1586
391586N1232003W002,2624431,2020-05-11T09:30:00Z,608,608,0,69.917,538.083,69.917,69.917,NA,Electric sounder measurement,Water level accuracy to nearest hundredth of a foot,5191,Mendocino County Water Agency,NA,5191,Mendocino County Water Agency,150,180,51768,NA,Ukiah Valley-36,GPS with WAAS,Unknown,1-052,Ukiah Valley,Mendocino,260,Observation,Single Well,e0316347,2017-04-20 15:14:00 - 2020-05-11 09:30:00,21,-123.2,39.1586
391586N1232003W002,2624431,2020-05-11T09:30:00Z,608,608,0,69.917,538.083,69.917,69.917,NA,Electric sounder measurement,Water level accuracy to nearest hundredth of a foot,5191,Mendocino County Water Agency,NA,5191,Mendocino County Water Agency,230,260,51768,NA,Ukiah Valley-36,GPS with WAAS,Unknown,1-052,Ukiah Valley,Mendocino,260,Observation,Single Well,e0316347,2017-04-20 15:14:00 - 2020-05-11 09:30:00,21,-123.2,39.1586
391586N1232003W002,2493679,2019-11-05T10:00:00Z,608,608,0,59,549,59,59,NA,Electric sounder measurement,Water level accuracy to nearest hundredth of a foot,5191,Mendocino County Water Agency,NA,5191,Mendocino County Water Agency,80,120,51768,NA,Ukiah Valley-36,GPS with WAAS,Unknown,1-052,Ukiah Valley,Mendocino,260,Observation,Single Well,e0316347,2017-04-20 15:14:00 - 2020-05-11 09:30:00,21,-123.2,39.1586
391586N1232003W002,2493679,2019-11-05T10:00:00Z,608,608,0,59,549,59,59,NA,Electric sounder measurement,Water level accuracy to nearest hundredth of a foot,5191,Mendocino County Water Agency,NA,5191,Mendocino County Water Agency,150,180,51768,NA,Ukiah Valley-36,GPS with WAAS,Unknown,1-052,Ukiah Valley,Mendocino,260,Observation,Single Well,e0316347,2017-04-20 15:14:00 - 2020-05-11 09:30:00,21,-123.2,39.1586
391586N1232003W002,2493679,2019-11-05T10:00:00Z,608,608,0,59,549,59,59,NA,Electric sounder measurement,Water level accuracy to nearest hundredth of a foot,5191,Mendocino County Water Agency,NA,5191,Mendocino County Water Agency,230,260,51768,NA,Ukiah Valley-36,GPS with WAAS,Unknown,1-052,Ukiah Valley,Mendocino,260,Observation,Single Well,e0316347,2017-04-20 15:14:00 - 2020-05-11 09:30:00,21,-123.2,39.1586
391586N1232003W002,2463888,2019-05-07T10:17:00Z,608,608,0,65.4,542.6,65.4,65.4,NA,Electric sounder measurement,Water level accuracy to nearest hundredth of a foot,5191,Mendocino County Water Agency,NA,5191,Mendocino County Water Agency,80,120,51768,NA,Ukiah Valley-36,GPS with WAAS,Unknown,1-052,Ukiah Valley,Mendocino,260,Observation,Single Well,e0316347,2017-04-20 15:14:00 - 2020-05-11 09:30:00,21,-123.2,39.1586
391586N1232003W002,2463888,2019-05-07T10:17:00Z,608,608,0,65.4,542.6,65.4,65.4,NA,Electric sounder measurement,Water level accuracy to nearest hundredth of a foot,5191,Mendocino County Water Agency,NA,5191,Mendocino County Water Agency,150,180,51768,NA,Ukiah Valley-36,GPS with WAAS,Unknown,1-052,Ukiah Valley,Mendocino,260,Observation,Single Well,e0316347,2017-04-20 15:14:00 - 2020-05-11 09:30:00,21,-123.2,39.1586
391586N1232003W002,2463888,2019-05-07T10:17:00Z,608,608,0,65.4,542.6,65.4,65.4,NA,Electric sounder measurement,Water level accuracy to nearest hundredth of a foot,5191,Mendocino County Water Agency,NA,5191,Mendocino County Water Agency,230,260,51768,NA,Ukiah Valley-36,GPS with WAAS,Unknown,1-052,Ukiah Valley,Mendocino,260,Observation,Single Well,e0316347,2017-04-20 15:14:00 - 2020-05-11 09:30:00,21,-123.2,39.1586
391586N1232003W002,2423044,2018-10-29T11:45:00Z,608,608,0,55.17,552.83,55.17,55.17,NA,Electric sounder measurement,Water level accuracy to nearest hundredth of a foot,5191,Mendocino County Water Agency,NA,5191,Mendocino County Water Agency,80,120,51768,NA,Ukiah Valley-36,GPS with WAAS,Unknown,1-052,Ukiah Valley,Mendocino,260,Observation,Single Well,e0316347,2017-04-20 15:14:00 - 2020-05-11 09:30:00,21,-123.2,39.1586
391586N1232003W002,2423044,2018-10-29T11:45:00Z,608,608,0,55.17,552.83,55.17,55.17,NA,Electric sounder measurement,Water level accuracy to nearest hundredth of a foot,5191,Mendocino County Water Agency,NA,5191,Mendocino County Water Agency,150,180,51768,NA,Ukiah Valley-36,GPS with WAAS,Unknown,1-052,Ukiah Valley,Mendocino,260,Observation,Single Well,e0316347,2017-04-20 15:14:00 - 2020-05-11 09:30:00,21,-123.2,39.1586
391586N1232003W002,2423044,2018-10-29T11:45:00Z,608,608,0,55.17,552.83,55.17,55.17,NA,Electric sounder measurement,Water level accuracy to nearest hundredth of a foot,5191,Mendocino County Water Agency,NA,5191,Mendocino County Water Agency,230,260,51768,NA,Ukiah Valley-36,GPS with WAAS,Unknown,1-052,Ukiah Valley,Mendocino,260,Observation,Single Well,e0316347,2017-04-20 15:14:00 - 2020-05-11 09:30:00,21,-123.2,39.1586
391586N1232003W002,2307162,2018-04-25T15:23:00Z,608,608,0,53.9,554.1,53.9,53.9,NA,Electric sounder measurement,Water level accuracy to nearest hundredth of a foot,5191,Mendocino County Water Agency,NA,5191,Mendocino County Water Agency,80,120,51768,NA,Ukiah Valley-36,GPS with WAAS,Unknown,1-052,Ukiah Valley,Mendocino,260,Observation,Single Well,e0316347,2017-04-20 15:14:00 - 2020-05-11 09:30:00,21,-123.2,39.1586
391586N1232003W002,2307162,2018-04-25T15:23:00Z,608,608,0,53.9,554.1,53.9,53.9,NA,Electric sounder measurement,Water level accuracy to nearest hundredth of a foot,5191,Mendocino County Water Agency,NA,5191,Mendocino County Water Agency,150,180,51768,NA,Ukiah Valley-36,GPS with WAAS,Unknown,1-052,Ukiah Valley,Mendocino,260,Observation,Single Well,e0316347,2017-04-20 15:14:00 - 2020-05-11 09:30:00,21,-123.2,39.1586
391586N1232003W002,2307162,2018-04-25T15:23:00Z,608,608,0,53.9,554.1,53.9,53.9,NA,Electric sounder measurement,Water level accuracy to nearest hundredth of a foot,5191,Mendocino County Water Agency,NA,5191,Mendocino County Water Agency,230,260,51768,NA,Ukiah Valley-36,GPS with WAAS,Unknown,1-052,Ukiah Valley,Mendocino,260,Observation,Single Well,e0316347,2017-04-20 15:14:00 - 2020-05-11 09:30:00,21,-123.2,39.1586
391586N1232003W002,2277532,2017-10-24T07:48:00Z,608,608,0,58.2,549.8,58.2,58.2,NA,Electric sounder measurement,Water level accuracy to nearest hundredth of a foot,5191,Mendocino County Water Agency,NA,5191,Mendocino County Water Agency,80,120,51768,NA,Ukiah Valley-36,GPS with WAAS,Unknown,1-052,Ukiah Valley,Mendocino,260,Observation,Single Well,e0316347,2017-04-20 15:14:00 - 2020-05-11 09:30:00,21,-123.2,39.1586
391586N1232003W002,2277532,2017-10-24T07:48:00Z,608,608,0,58.2,549.8,58.2,58.2,NA,Electric sounder measurement,Water level accuracy to nearest hundredth of a foot,5191,Mendocino County Water Agency,NA,5191,Mendocino County Water Agency,150,180,51768,NA,Ukiah Valley-36,GPS with WAAS,Unknown,1-052,Ukiah Valley,Mendocino,260,Observation,Single Well,e0316347,2017-04-20 15:14:00 - 2020-05-11 09:30:00,21,-123.2,39.1586
391586N1232003W002,2277532,2017-10-24T07:48:00Z,608,608,0,58.2,549.8,58.2,58.2,NA,Electric sounder measurement,Water level accuracy to nearest hundredth of a foot,5191,Mendocino County Water Agency,NA,5191,Mendocino County Water Agency,230,260,51768,NA,Ukiah Valley-36,GPS with WAAS,Unknown,1-052,Ukiah Valley,Mendocino,260,Observation,Single Well,e0316347,2017-04-20 15:14:00 - 2020-05-11 09:30:00,21,-123.2,39.1586
391586N1232003W002,2297255,2017-04-20T15:14:00Z,608,608,0,50.6,557.4,50.6,50.6,NA,Electric sounder measurement,Water level accuracy to nearest hundredth of a foot,5191,Mendocino County Water Agency,NA,5191,Mendocino County Water Agency,80,120,51768,NA,Ukiah Valley-36,GPS with WAAS,Unknown,1-052,Ukiah Valley,Mendocino,260,Observation,Single Well,e0316347,2017-04-20 15:14:00 - 2020-05-11 09:30:00,21,-123.2,39.1586
391586N1232003W002,2297255,2017-04-20T15:14:00Z,608,608,0,50.6,557.4,50.6,50.6,NA,Electric sounder measurement,Water level accuracy to nearest hundredth of a foot,5191,Mendocino County Water Agency,NA,5191,Mendocino County Water Agency,150,180,51768,NA,Ukiah Valley-36,GPS with WAAS,Unknown,1-052,Ukiah Valley,Mendocino,260,Observation,Single Well,e0316347,2017-04-20 15:14:00 - 2020-05-11 09:30:00,21,-123.2,39.1586
391586N1232003W002,2297255,2017-04-20T15:14:00Z,608,608,0,50.6,557.4,50.6,50.6,NA,Electric sounder measurement,Water level accuracy to nearest hundredth of a foot,5191,Mendocino County Water Agency,NA,5191,Mendocino County Water Agency,230,260,51768,NA,Ukiah Valley-36,GPS with WAAS,Unknown,1-052,Ukiah Valley,Mendocino,260,Observation,Single Well,e0316347,2017-04-20 15:14:00 - 2020-05-11 09:30:00,21,-123.2,39.1586
