SITE_CODE,WLM_ID,MSMT_DATE,WLM_RPE,WLM_GSE,RDNG_WS,RDNG_RP,WSE,RPE_WSE,GSE_WSE,WLM_QA_DESC,WLM_DESC,WLM_ACC_DESC,WLM_ORG_ID,WLM_ORG_NAME,MSMT_CMT,COOP_AGENCY_ORG_ID,COOP_ORG_NAME,TOP_PRF,BOT_PRF,STN_ID,SWN,WELL_NAME,WLM_METHOD,WLM_ACC,BASIN_CODE,BASIN_NAME,COUNTY_NAME,WELL_DEPTH,WELL_USE,WELL_TYPE,WCR_NO,t_range,n_samples,X,Y
391730N1232108W001,2286162,2018-04-11T00:00:00Z,643.87,642.87,NA,NA,NA,NA,NA,Measurement Discontinued,NA,NA,1,Department of Water Resources,It appears the well has been destroyed.,1,Department of Water Resources,NA,NA,35242,15N12W08L001M,15N12W08L001M,Unknown,Unknown,1-052,Ukiah Valley,Mendocino,62,Unknown,Single Well,NA,1966-08-23 - 2018-04-11,102,-123.211,39.173
391730N1232108W001,2284756,2018-03-06T00:00:00Z,643.87,642.87,NA,NA,NA,NA,NA,Measurement Discontinued,NA,NA,1,Department of Water Resources,Well gone.  Site clear for construction.,1,Department of Water Resources,NA,NA,35242,15N12W08L001M,15N12W08L001M,Unknown,Unknown,1-052,Ukiah Valley,Mendocino,62,Unknown,Single Well,NA,1966-08-23 - 2018-04-11,102,-123.211,39.173
391730N1232108W001,2237000,2017-03-29T00:00:00Z,643.87,642.87,0,18.4,625.47,18.4,17.4,NA,Electric sounder measurement,Water level accuracy to nearest tenth of a foot,1,Department of Water Resources,house and fence are gone can still get reading from well though,1,Department of Water Resources,NA,NA,35242,15N12W08L001M,15N12W08L001M,Unknown,Unknown,1-052,Ukiah Valley,Mendocino,62,Unknown,Single Well,NA,1966-08-23 - 2018-04-11,102,-123.211,39.173
391730N1232108W001,2216651,2016-10-25T00:00:00Z,643.87,642.87,0,27.3,616.57,27.3,26.3,NA,Electric sounder measurement,Water level accuracy to nearest tenth of a foot,1,Department of Water Resources,NA,1,Department of Water Resources,NA,NA,35242,15N12W08L001M,15N12W08L001M,Unknown,Unknown,1-052,Ukiah Valley,Mendocino,62,Unknown,Single Well,NA,1966-08-23 - 2018-04-11,102,-123.211,39.173
391730N1232108W001,2196910,2016-03-18T00:00:00Z,643.87,642.87,0,15.2,628.67,15.2,14.2,NA,Electric sounder measurement,Water level accuracy to nearest tenth of a foot,1,Department of Water Resources,house and fence are gone can still get reading from well though,1,Department of Water Resources,NA,NA,35242,15N12W08L001M,15N12W08L001M,Unknown,Unknown,1-052,Ukiah Valley,Mendocino,62,Unknown,Single Well,NA,1966-08-23 - 2018-04-11,102,-123.211,39.173
391730N1232108W001,2164329,2015-10-20T00:00:00Z,643.87,642.87,0,31.1,612.77,31.1,30.1,NA,Electric sounder measurement,Water level accuracy to nearest tenth of a foot,1,Department of Water Resources,house and fence are gone can still get reading from well though,1,Department of Water Resources,NA,NA,35242,15N12W08L001M,15N12W08L001M,Unknown,Unknown,1-052,Ukiah Valley,Mendocino,62,Unknown,Single Well,NA,1966-08-23 - 2018-04-11,102,-123.211,39.173
391730N1232108W001,2120203,2015-03-25T00:00:00Z,643.87,642.87,0,21.3,622.57,21.3,20.3,NA,Electric sounder measurement,Water level accuracy to nearest tenth of a foot,1,Department of Water Resources,house and fence are gone can still get reading from well though,1,Department of Water Resources,NA,NA,35242,15N12W08L001M,15N12W08L001M,Unknown,Unknown,1-052,Ukiah Valley,Mendocino,62,Unknown,Single Well,NA,1966-08-23 - 2018-04-11,102,-123.211,39.173
391730N1232108W001,2030339,2014-10-23T00:00:00Z,643.87,642.87,NA,NA,NA,NA,NA,Tape hung up,NA,NA,1,Department of Water Resources,tape is hanging up before above water level,1,Department of Water Resources,NA,NA,35242,15N12W08L001M,15N12W08L001M,Unknown,Unknown,1-052,Ukiah Valley,Mendocino,62,Unknown,Single Well,NA,1966-08-23 - 2018-04-11,102,-123.211,39.173
391730N1232108W001,2030442,2014-03-04T00:00:00Z,643.87,642.87,NA,NA,NA,NA,NA,Tape hung up,NA,NA,1,Department of Water Resources,tape is hanging up before above water level,1,Department of Water Resources,NA,NA,35242,15N12W08L001M,15N12W08L001M,Unknown,Unknown,1-052,Ukiah Valley,Mendocino,62,Unknown,Single Well,NA,1966-08-23 - 2018-04-11,102,-123.211,39.173
391730N1232108W001,1876845,2014-03-04T00:00:00Z,643.87,642.87,NA,NA,NA,NA,NA,Temporarily inaccessible,NA,NA,1,Department of Water Resources,Temporary fence around house.  Looks like house is being torn down,1,Department of Water Resources,NA,NA,35242,15N12W08L001M,15N12W08L001M,Unknown,Unknown,1-052,Ukiah Valley,Mendocino,62,Unknown,Single Well,NA,1966-08-23 - 2018-04-11,102,-123.211,39.173
391730N1232108W001,1823310,2013-12-11T00:00:00Z,643.87,642.87,NA,NA,NA,NA,NA,Tape hung up,NA,NA,1,Department of Water Resources,tape is hanging up before above water level,1,Department of Water Resources,NA,NA,35242,15N12W08L001M,15N12W08L001M,Unknown,Unknown,1-052,Ukiah Valley,Mendocino,62,Unknown,Single Well,NA,1966-08-23 - 2018-04-11,102,-123.211,39.173
391730N1232108W001,1715752,2013-04-24T00:00:00Z,643.87,642.87,24.7,51,617.57,26.3,25.3,NA,Steel tape measurement,Water level accuracy to nearest tenth of a foot,1,Department of Water Resources,NA,1,Department of Water Resources,NA,NA,35242,15N12W08L001M,15N12W08L001M,Unknown,Unknown,1-052,Ukiah Valley,Mendocino,62,Unknown,Single Well,NA,1966-08-23 - 2018-04-11,102,-123.211,39.173
391730N1232108W001,1715740,2012-11-27T00:00:00Z,643.87,642.87,0,27.3,616.57,27.3,26.3,NA,Electric sounder measurement,Water level accuracy to nearest tenth of a foot,1,Department of Water Resources,NA,1,Department of Water Resources,NA,NA,35242,15N12W08L001M,15N12W08L001M,Unknown,Unknown,1-052,Ukiah Valley,Mendocino,62,Unknown,Single Well,NA,1966-08-23 - 2018-04-11,102,-123.211,39.173
391730N1232108W001,66642,2012-05-03T00:00:00Z,643.87,642.87,0,20.3,623.57,20.3,19.3,NA,Electric sounder measurement,Water level accuracy to nearest tenth of a foot,1,Department of Water Resources,NA,1,Department of Water Resources,NA,NA,35242,15N12W08L001M,15N12W08L001M,Unknown,Unknown,1-052,Ukiah Valley,Mendocino,62,Unknown,Single Well,NA,1966-08-23 - 2018-04-11,102,-123.211,39.173
391730N1232108W001,984014,2011-12-14T00:00:00Z,643.87,642.87,0,25.9,617.97,25.9,24.9,NA,Unknown,Water level accuracy is unknown,1,Department of Water Resources,NA,1,Department of Water Resources,NA,NA,35242,15N12W08L001M,15N12W08L001M,Unknown,Unknown,1-052,Ukiah Valley,Mendocino,62,Unknown,Single Well,NA,1966-08-23 - 2018-04-11,102,-123.211,39.173
391730N1232108W001,984013,2011-05-25T00:00:00Z,643.87,642.87,0,21.7,622.17,21.7,20.7,NA,Unknown,Water level accuracy is unknown,1,Department of Water Resources,NA,1,Department of Water Resources,NA,NA,35242,15N12W08L001M,15N12W08L001M,Unknown,Unknown,1-052,Ukiah Valley,Mendocino,62,Unknown,Single Well,NA,1966-08-23 - 2018-04-11,102,-123.211,39.173
391730N1232108W001,984012,2010-11-16T00:00:00Z,643.87,642.87,0,22.8,621.07,22.8,21.8,NA,Unknown,Water level accuracy is unknown,1,Department of Water Resources,NA,1,Department of Water Resources,NA,NA,35242,15N12W08L001M,15N12W08L001M,Unknown,Unknown,1-052,Ukiah Valley,Mendocino,62,Unknown,Single Well,NA,1966-08-23 - 2018-04-11,102,-123.211,39.173
391730N1232108W001,984011,2010-04-27T00:00:00Z,643.87,642.87,0,18.5,625.37,18.5,17.5,NA,Unknown,Water level accuracy is unknown,1,Department of Water Resources,NA,1,Department of Water Resources,NA,NA,35242,15N12W08L001M,15N12W08L001M,Unknown,Unknown,1-052,Ukiah Valley,Mendocino,62,Unknown,Single Well,NA,1966-08-23 - 2018-04-11,102,-123.211,39.173
391730N1232108W001,984010,2009-12-16T00:00:00Z,643.87,642.87,0,24.3,619.57,24.3,23.3,NA,Unknown,Water level accuracy is unknown,1,Department of Water Resources,NA,1,Department of Water Resources,NA,NA,35242,15N12W08L001M,15N12W08L001M,Unknown,Unknown,1-052,Ukiah Valley,Mendocino,62,Unknown,Single Well,NA,1966-08-23 - 2018-04-11,102,-123.211,39.173
391730N1232108W001,984009,2009-05-27T00:00:00Z,643.87,642.87,0,23.5,620.37,23.5,22.5,NA,Unknown,Water level accuracy is unknown,1,Department of Water Resources,NA,1,Department of Water Resources,NA,NA,35242,15N12W08L001M,15N12W08L001M,Unknown,Unknown,1-052,Ukiah Valley,Mendocino,62,Unknown,Single Well,NA,1966-08-23 - 2018-04-11,102,-123.211,39.173
391730N1232108W001,984008,2008-11-19T00:00:00Z,643.87,642.87,0,24.5,619.37,24.5,23.5,NA,Unknown,Water level accuracy is unknown,1,Department of Water Resources,NA,1,Department of Water Resources,NA,NA,35242,15N12W08L001M,15N12W08L001M,Unknown,Unknown,1-052,Ukiah Valley,Mendocino,62,Unknown,Single Well,NA,1966-08-23 - 2018-04-11,102,-123.211,39.173
391730N1232108W001,984007,2008-04-15T00:00:00Z,643.87,642.87,0,21,622.87,21,20,NA,Unknown,Water level accuracy is unknown,1,Department of Water Resources,NA,1,Department of Water Resources,NA,NA,35242,15N12W08L001M,15N12W08L001M,Unknown,Unknown,1-052,Ukiah Valley,Mendocino,62,Unknown,Single Well,NA,1966-08-23 - 2018-04-11,102,-123.211,39.173
391730N1232108W001,984006,2007-10-22T00:00:00Z,643.87,642.87,0,24.4,619.47,24.4,23.4,NA,Unknown,Water level accuracy is unknown,1,Department of Water Resources,NA,1,Department of Water Resources,NA,NA,35242,15N12W08L001M,15N12W08L001M,Unknown,Unknown,1-052,Ukiah Valley,Mendocino,62,Unknown,Single Well,NA,1966-08-23 - 2018-04-11,102,-123.211,39.173
391730N1232108W001,984005,2007-04-03T00:00:00Z,643.87,642.87,0,20.2,623.67,20.2,19.2,NA,Unknown,Water level accuracy is unknown,1,Department of Water Resources,NA,1,Department of Water Resources,NA,NA,35242,15N12W08L001M,15N12W08L001M,Unknown,Unknown,1-052,Ukiah Valley,Mendocino,62,Unknown,Single Well,NA,1966-08-23 - 2018-04-11,102,-123.211,39.173
391730N1232108W001,984004,2006-03-20T00:00:00Z,643.87,642.87,0,16.7,627.17,16.7,15.7,NA,Unknown,Water level accuracy is unknown,1,Department of Water Resources,NA,1,Department of Water Resources,NA,NA,35242,15N12W08L001M,15N12W08L001M,Unknown,Unknown,1-052,Ukiah Valley,Mendocino,62,Unknown,Single Well,NA,1966-08-23 - 2018-04-11,102,-123.211,39.173
391730N1232108W001,984003,2005-09-26T00:00:00Z,643.87,642.87,0,24.9,618.97,24.9,23.9,NA,Unknown,Water level accuracy is unknown,1,Department of Water Resources,NA,1,Department of Water Resources,NA,NA,35242,15N12W08L001M,15N12W08L001M,Unknown,Unknown,1-052,Ukiah Valley,Mendocino,62,Unknown,Single Well,NA,1966-08-23 - 2018-04-11,102,-123.211,39.173
391730N1232108W001,984002,2005-04-11T00:00:00Z,643.87,642.87,0,17.4,626.47,17.4,16.4,NA,Unknown,Water level accuracy is unknown,1,Department of Water Resources,NA,1,Department of Water Resources,NA,NA,35242,15N12W08L001M,15N12W08L001M,Unknown,Unknown,1-052,Ukiah Valley,Mendocino,62,Unknown,Single Well,NA,1966-08-23 - 2018-04-11,102,-123.211,39.173
391730N1232108W001,984001,2004-10-27T00:00:00Z,643.87,642.87,0,23.6,620.27,23.6,22.6,NA,Unknown,Water level accuracy is unknown,1,Department of Water Resources,NA,1,Department of Water Resources,NA,NA,35242,15N12W08L001M,15N12W08L001M,Unknown,Unknown,1-052,Ukiah Valley,Mendocino,62,Unknown,Single Well,NA,1966-08-23 - 2018-04-11,102,-123.211,39.173
391730N1232108W001,984000,2004-03-22T00:00:00Z,643.87,642.87,0,18,625.87,18,17,NA,Unknown,Water level accuracy is unknown,1,Department of Water Resources,NA,1,Department of Water Resources,NA,NA,35242,15N12W08L001M,15N12W08L001M,Unknown,Unknown,1-052,Ukiah Valley,Mendocino,62,Unknown,Single Well,NA,1966-08-23 - 2018-04-11,102,-123.211,39.173
391730N1232108W001,983999,2003-11-19T00:00:00Z,643.87,642.87,0,24.7,619.17,24.7,23.7,NA,Unknown,Water level accuracy is unknown,1,Department of Water Resources,NA,1,Department of Water Resources,NA,NA,35242,15N12W08L001M,15N12W08L001M,Unknown,Unknown,1-052,Ukiah Valley,Mendocino,62,Unknown,Single Well,NA,1966-08-23 - 2018-04-11,102,-123.211,39.173
391730N1232108W001,983998,2003-04-07T00:00:00Z,643.87,642.87,0,19.6,624.27,19.6,18.6,NA,Unknown,Water level accuracy is unknown,1,Department of Water Resources,NA,1,Department of Water Resources,NA,NA,35242,15N12W08L001M,15N12W08L001M,Unknown,Unknown,1-052,Ukiah Valley,Mendocino,62,Unknown,Single Well,NA,1966-08-23 - 2018-04-11,102,-123.211,39.173
391730N1232108W001,983997,2002-10-07T00:00:00Z,643.87,642.87,0,25.8,618.07,25.8,24.8,NA,Unknown,Water level accuracy is unknown,1,Department of Water Resources,NA,1,Department of Water Resources,NA,NA,35242,15N12W08L001M,15N12W08L001M,Unknown,Unknown,1-052,Ukiah Valley,Mendocino,62,Unknown,Single Well,NA,1966-08-23 - 2018-04-11,102,-123.211,39.173
391730N1232108W001,983995,2002-04-09T00:00:00Z,643.87,642.87,0,21.5,622.37,21.5,20.5,NA,Unknown,Water level accuracy is unknown,1,Department of Water Resources,NA,1,Department of Water Resources,NA,NA,35242,15N12W08L001M,15N12W08L001M,Unknown,Unknown,1-052,Ukiah Valley,Mendocino,62,Unknown,Single Well,NA,1966-08-23 - 2018-04-11,102,-123.211,39.173
391730N1232108W001,983994,2001-10-17T00:00:00Z,643.87,642.87,0,24.4,619.47,24.4,23.4,NA,Unknown,Water level accuracy is unknown,1,Department of Water Resources,NA,1,Department of Water Resources,NA,NA,35242,15N12W08L001M,15N12W08L001M,Unknown,Unknown,1-052,Ukiah Valley,Mendocino,62,Unknown,Single Well,NA,1966-08-23 - 2018-04-11,102,-123.211,39.173
391730N1232108W001,983996,2001-05-16T00:00:00Z,643.87,642.87,0,22.6,621.27,22.6,21.6,NA,Unknown,Water level accuracy is unknown,1,Department of Water Resources,NA,1,Department of Water Resources,NA,NA,35242,15N12W08L001M,15N12W08L001M,Unknown,Unknown,1-052,Ukiah Valley,Mendocino,62,Unknown,Single Well,NA,1966-08-23 - 2018-04-11,102,-123.211,39.173
391730N1232108W001,983988,2000-11-14T00:00:00Z,643.87,642.87,0,24.2,619.67,24.2,23.2,NA,Unknown,Water level accuracy is unknown,1,Department of Water Resources,NA,1,Department of Water Resources,NA,NA,35242,15N12W08L001M,15N12W08L001M,Unknown,Unknown,1-052,Ukiah Valley,Mendocino,62,Unknown,Single Well,NA,1966-08-23 - 2018-04-11,102,-123.211,39.173
391730N1232108W001,983987,2000-04-26T00:00:00Z,643.87,642.87,0,20.1,623.77,20.1,19.1,NA,Unknown,Water level accuracy is unknown,1,Department of Water Resources,NA,1,Department of Water Resources,NA,NA,35242,15N12W08L001M,15N12W08L001M,Unknown,Unknown,1-052,Ukiah Valley,Mendocino,62,Unknown,Single Well,NA,1966-08-23 - 2018-04-11,102,-123.211,39.173
391730N1232108W001,983986,1999-12-14T00:00:00Z,643.87,642.87,0,23.7,620.17,23.7,22.7,NA,Unknown,Water level accuracy is unknown,1,Department of Water Resources,NA,1,Department of Water Resources,NA,NA,35242,15N12W08L001M,15N12W08L001M,Unknown,Unknown,1-052,Ukiah Valley,Mendocino,62,Unknown,Single Well,NA,1966-08-23 - 2018-04-11,102,-123.211,39.173
391730N1232108W001,983985,1999-04-28T00:00:00Z,643.87,642.87,0,19.8,624.07,19.8,18.8,NA,Unknown,Water level accuracy is unknown,1,Department of Water Resources,NA,1,Department of Water Resources,NA,NA,35242,15N12W08L001M,15N12W08L001M,Unknown,Unknown,1-052,Ukiah Valley,Mendocino,62,Unknown,Single Well,NA,1966-08-23 - 2018-04-11,102,-123.211,39.173
391730N1232108W001,983993,1998-11-23T00:00:00Z,643.87,642.87,0,22.2,621.67,22.2,21.2,NA,Unknown,Water level accuracy is unknown,1,Department of Water Resources,NA,1,Department of Water Resources,NA,NA,35242,15N12W08L001M,15N12W08L001M,Unknown,Unknown,1-052,Ukiah Valley,Mendocino,62,Unknown,Single Well,NA,1966-08-23 - 2018-04-11,102,-123.211,39.173
391730N1232108W001,983992,1998-05-27T00:00:00Z,643.87,642.87,0,21.4,622.47,21.4,20.4,NA,Unknown,Water level accuracy is unknown,1,Department of Water Resources,NA,1,Department of Water Resources,NA,NA,35242,15N12W08L001M,15N12W08L001M,Unknown,Unknown,1-052,Ukiah Valley,Mendocino,62,Unknown,Single Well,NA,1966-08-23 - 2018-04-11,102,-123.211,39.173
391730N1232108W001,983991,1997-11-20T00:00:00Z,643.87,642.87,0,23.9,619.97,23.9,22.9,NA,Unknown,Water level accuracy is unknown,1,Department of Water Resources,NA,1,Department of Water Resources,NA,NA,35242,15N12W08L001M,15N12W08L001M,Unknown,Unknown,1-052,Ukiah Valley,Mendocino,62,Unknown,Single Well,NA,1966-08-23 - 2018-04-11,102,-123.211,39.173
391730N1232108W001,983990,1997-04-24T00:00:00Z,643.87,642.87,0,22,621.87,22,21,NA,Unknown,Water level accuracy is unknown,1,Department of Water Resources,NA,1,Department of Water Resources,NA,NA,35242,15N12W08L001M,15N12W08L001M,Unknown,Unknown,1-052,Ukiah Valley,Mendocino,62,Unknown,Single Well,NA,1966-08-23 - 2018-04-11,102,-123.211,39.173
391730N1232108W001,983989,1996-12-19T00:00:00Z,643.87,642.87,0,21,622.87,21,20,NA,Unknown,Water level accuracy is unknown,1,Department of Water Resources,NA,1,Department of Water Resources,NA,NA,35242,15N12W08L001M,15N12W08L001M,Unknown,Unknown,1-052,Ukiah Valley,Mendocino,62,Unknown,Single Well,NA,1966-08-23 - 2018-04-11,102,-123.211,39.173
391730N1232108W001,983984,1996-05-30T00:00:00Z,643.87,642.87,0,22,621.87,22,21,NA,Unknown,Water level accuracy is unknown,1,Department of Water Resources,NA,1,Department of Water Resources,NA,NA,35242,15N12W08L001M,15N12W08L001M,Unknown,Unknown,1-052,Ukiah Valley,Mendocino,62,Unknown,Single Well,NA,1966-08-23 - 2018-04-11,102,-123.211,39.173
391730N1232108W001,983983,1995-10-11T00:00:00Z,643.87,642.87,0,26.2,617.67,26.2,25.2,NA,Unknown,Water level accuracy is unknown,1,Department of Water Resources,NA,1,Department of Water Resources,NA,NA,35242,15N12W08L001M,15N12W08L001M,Unknown,Unknown,1-052,Ukiah Valley,Mendocino,62,Unknown,Single Well,NA,1966-08-23 - 2018-04-11,102,-123.211,39.173
391730N1232108W001,983982,1995-05-31T00:00:00Z,643.87,642.87,0,20.3,623.57,20.3,19.3,NA,Unknown,Water level accuracy is unknown,1,Department of Water Resources,NA,1,Department of Water Resources,NA,NA,35242,15N12W08L001M,15N12W08L001M,Unknown,Unknown,1-052,Ukiah Valley,Mendocino,62,Unknown,Single Well,NA,1966-08-23 - 2018-04-11,102,-123.211,39.173
391730N1232108W001,983981,1994-10-26T00:00:00Z,643.87,642.87,0,28.6,615.27,28.6,27.6,NA,Unknown,Water level accuracy is unknown,1,Department of Water Resources,NA,1,Department of Water Resources,NA,NA,35242,15N12W08L001M,15N12W08L001M,Unknown,Unknown,1-052,Ukiah Valley,Mendocino,62,Unknown,Single Well,NA,1966-08-23 - 2018-04-11,102,-123.211,39.173
391730N1232108W001,983980,1994-04-26T00:00:00Z,643.87,642.87,0,22,621.87,22,21,NA,Unknown,Water level accuracy is unknown,1,Department of Water Resources,NA,1,Department of Water Resources,NA,NA,35242,15N12W08L001M,15N12W08L001M,Unknown,Unknown,1-052,Ukiah Valley,Mendocino,62,Unknown,Single Well,NA,1966-08-23 - 2018-04-11,102,-123.211,39.173
391730N1232108W001,983979,1993-12-07T00:00:00Z,643.87,642.87,0,26.5,617.37,26.5,25.5,NA,Unknown,Water level accuracy is unknown,1,Department of Water Resources,NA,1,Department of Water Resources,NA,NA,35242,15N12W08L001M,15N12W08L001M,Unknown,Unknown,1-052,Ukiah Valley,Mendocino,62,Unknown,Single Well,NA,1966-08-23 - 2018-04-11,102,-123.211,39.173
391730N1232108W001,983978,1993-06-23T00:00:00Z,643.87,642.87,0,22.5,621.37,22.5,21.5,NA,Unknown,Water level accuracy is unknown,1,Department of Water Resources,NA,1,Department of Water Resources,NA,NA,35242,15N12W08L001M,15N12W08L001M,Unknown,Unknown,1-052,Ukiah Valley,Mendocino,62,Unknown,Single Well,NA,1966-08-23 - 2018-04-11,102,-123.211,39.173
391730N1232108W001,983977,1992-12-30T00:00:00Z,643.87,642.87,0,21.4,622.47,21.4,20.4,NA,Unknown,Water level accuracy is unknown,1,Department of Water Resources,NA,1,Department of Water Resources,NA,NA,35242,15N12W08L001M,15N12W08L001M,Unknown,Unknown,1-052,Ukiah Valley,Mendocino,62,Unknown,Single Well,NA,1966-08-23 - 2018-04-11,102,-123.211,39.173
391730N1232108W001,983976,1992-04-30T00:00:00Z,643.87,642.87,0,21,622.87,21,20,NA,Unknown,Water level accuracy is unknown,1,Department of Water Resources,NA,1,Department of Water Resources,NA,NA,35242,15N12W08L001M,15N12W08L001M,Unknown,Unknown,1-052,Ukiah Valley,Mendocino,62,Unknown,Single Well,NA,1966-08-23 - 2018-04-11,102,-123.211,39.173
391730N1232108W001,983930,1991-09-25T00:00:00Z,643.87,642.87,0,27.4,616.47,27.4,26.4,NA,Unknown,Water level accuracy is unknown,1,Department of Water Resources,NA,1,Department of Water Resources,NA,NA,35242,15N12W08L001M,15N12W08L001M,Unknown,Unknown,1-052,Ukiah Valley,Mendocino,62,Unknown,Single Well,NA,1966-08-23 - 2018-04-11,102,-123.211,39.173
391730N1232108W001,983929,1991-04-25T00:00:00Z,643.87,642.87,0,20,623.87,20,19,NA,Unknown,Water level accuracy is unknown,1,Department of Water Resources,NA,1,Department of Water Resources,NA,NA,35242,15N12W08L001M,15N12W08L001M,Unknown,Unknown,1-052,Ukiah Valley,Mendocino,62,Unknown,Single Well,NA,1966-08-23 - 2018-04-11,102,-123.211,39.173
391730N1232108W001,983928,1990-11-20T00:00:00Z,643.87,642.87,0,24.6,619.27,24.6,23.6,NA,Unknown,Water level accuracy is unknown,1,Department of Water Resources,NA,1,Department of Water Resources,NA,NA,35242,15N12W08L001M,15N12W08L001M,Unknown,Unknown,1-052,Ukiah Valley,Mendocino,62,Unknown,Single Well,NA,1966-08-23 - 2018-04-11,102,-123.211,39.173
391730N1232108W001,983927,1990-04-12T00:00:00Z,643.87,642.87,0,22,621.87,22,21,NA,Unknown,Water level accuracy is unknown,1,Department of Water Resources,NA,1,Department of Water Resources,NA,NA,35242,15N12W08L001M,15N12W08L001M,Unknown,Unknown,1-052,Ukiah Valley,Mendocino,62,Unknown,Single Well,NA,1966-08-23 - 2018-04-11,102,-123.211,39.173
391730N1232108W001,983931,1989-11-29T00:00:00Z,643.87,642.87,0,24.9,618.97,24.9,23.9,NA,Unknown,Water level accuracy is unknown,1,Department of Water Resources,NA,1,Department of Water Resources,NA,NA,35242,15N12W08L001M,15N12W08L001M,Unknown,Unknown,1-052,Ukiah Valley,Mendocino,62,Unknown,Single Well,NA,1966-08-23 - 2018-04-11,102,-123.211,39.173
391730N1232108W001,983932,1989-04-25T00:00:00Z,643.87,642.87,0,19.6,624.27,19.6,18.6,NA,Unknown,Water level accuracy is unknown,1,Department of Water Resources,NA,1,Department of Water Resources,NA,NA,35242,15N12W08L001M,15N12W08L001M,Unknown,Unknown,1-052,Ukiah Valley,Mendocino,62,Unknown,Single Well,NA,1966-08-23 - 2018-04-11,102,-123.211,39.173
391730N1232108W001,983933,1988-11-01T00:00:00Z,643.87,642.87,0,27.8,616.07,27.8,26.8,NA,Unknown,Water level accuracy is unknown,1,Department of Water Resources,NA,1,Department of Water Resources,NA,NA,35242,15N12W08L001M,15N12W08L001M,Unknown,Unknown,1-052,Ukiah Valley,Mendocino,62,Unknown,Single Well,NA,1966-08-23 - 2018-04-11,102,-123.211,39.173
391730N1232108W001,983934,1988-04-13T00:00:00Z,643.87,642.87,0,22.9,620.97,22.9,21.9,NA,Unknown,Water level accuracy is unknown,1,Department of Water Resources,NA,1,Department of Water Resources,NA,NA,35242,15N12W08L001M,15N12W08L001M,Unknown,Unknown,1-052,Ukiah Valley,Mendocino,62,Unknown,Single Well,NA,1966-08-23 - 2018-04-11,102,-123.211,39.173
391730N1232108W001,983935,1987-10-20T00:00:00Z,643.87,642.87,0,27.3,616.57,27.3,26.3,NA,Unknown,Water level accuracy is unknown,1,Department of Water Resources,NA,1,Department of Water Resources,NA,NA,35242,15N12W08L001M,15N12W08L001M,Unknown,Unknown,1-052,Ukiah Valley,Mendocino,62,Unknown,Single Well,NA,1966-08-23 - 2018-04-11,102,-123.211,39.173
391730N1232108W001,983936,1987-04-22T00:00:00Z,643.87,642.87,0,20,623.87,20,19,NA,Unknown,Water level accuracy is unknown,1,Department of Water Resources,NA,1,Department of Water Resources,NA,NA,35242,15N12W08L001M,15N12W08L001M,Unknown,Unknown,1-052,Ukiah Valley,Mendocino,62,Unknown,Single Well,NA,1966-08-23 - 2018-04-11,102,-123.211,39.173
391730N1232108W001,983937,1986-10-14T00:00:00Z,643.87,642.87,0,25.5,618.37,25.5,24.5,NA,Unknown,Water level accuracy is unknown,1,Department of Water Resources,NA,1,Department of Water Resources,NA,NA,35242,15N12W08L001M,15N12W08L001M,Unknown,Unknown,1-052,Ukiah Valley,Mendocino,62,Unknown,Single Well,NA,1966-08-23 - 2018-04-11,102,-123.211,39.173
391730N1232108W001,983938,1986-04-01T00:00:00Z,643.87,642.87,0,18.5,625.37,18.5,17.5,NA,Unknown,Water level accuracy is unknown,1,Department of Water Resources,NA,1,Department of Water Resources,NA,NA,35242,15N12W08L001M,15N12W08L001M,Unknown,Unknown,1-052,Ukiah Valley,Mendocino,62,Unknown,Single Well,NA,1966-08-23 - 2018-04-11,102,-123.211,39.173
391730N1232108W001,983939,1985-10-29T00:00:00Z,643.87,642.87,0,25.9,617.97,25.9,24.9,NA,Unknown,Water level accuracy is unknown,1,Department of Water Resources,NA,1,Department of Water Resources,NA,NA,35242,15N12W08L001M,15N12W08L001M,Unknown,Unknown,1-052,Ukiah Valley,Mendocino,62,Unknown,Single Well,NA,1966-08-23 - 2018-04-11,102,-123.211,39.173
391730N1232108W001,983940,1985-04-02T00:00:00Z,643.87,642.87,0,19.4,624.47,19.4,18.4,NA,Unknown,Water level accuracy is unknown,1,Department of Water Resources,NA,1,Department of Water Resources,NA,NA,35242,15N12W08L001M,15N12W08L001M,Unknown,Unknown,1-052,Ukiah Valley,Mendocino,62,Unknown,Single Well,NA,1966-08-23 - 2018-04-11,102,-123.211,39.173
391730N1232108W001,983941,1984-10-16T00:00:00Z,643.87,642.87,0,25.9,617.97,25.9,24.9,NA,Unknown,Water level accuracy is unknown,1,Department of Water Resources,NA,1,Department of Water Resources,NA,NA,35242,15N12W08L001M,15N12W08L001M,Unknown,Unknown,1-052,Ukiah Valley,Mendocino,62,Unknown,Single Well,NA,1966-08-23 - 2018-04-11,102,-123.211,39.173
391730N1232108W001,983942,1984-03-21T00:00:00Z,643.87,642.87,0,19.2,624.67,19.2,18.2,NA,Unknown,Water level accuracy is unknown,1,Department of Water Resources,NA,1,Department of Water Resources,NA,NA,35242,15N12W08L001M,15N12W08L001M,Unknown,Unknown,1-052,Ukiah Valley,Mendocino,62,Unknown,Single Well,NA,1966-08-23 - 2018-04-11,102,-123.211,39.173
391730N1232108W001,983943,1983-10-17T00:00:00Z,643.87,642.87,0,25.6,618.27,25.6,24.6,NA,Unknown,Water level accuracy is unknown,1,Department of Water Resources,NA,1,Department of Water Resources,NA,NA,35242,15N12W08L001M,15N12W08L001M,Unknown,Unknown,1-052,Ukiah Valley,Mendocino,62,Unknown,Single Well,NA,1966-08-23 - 2018-04-11,102,-123.211,39.173
391730N1232108W001,983944,1983-04-11T00:00:00Z,643.87,642.87,0,17.8,626.07,17.8,16.8,NA,Unknown,Water level accuracy is unknown,1,Department of Water Resources,NA,1,Department of Water Resources,NA,NA,35242,15N12W08L001M,15N12W08L001M,Unknown,Unknown,1-052,Ukiah Valley,Mendocino,62,Unknown,Single Well,NA,1966-08-23 - 2018-04-11,102,-123.211,39.173
391730N1232108W001,983945,1982-10-05T00:00:00Z,643.87,642.87,0,25.2,618.67,25.2,24.2,NA,Unknown,Water level accuracy is unknown,1,Department of Water Resources,NA,1,Department of Water Resources,NA,NA,35242,15N12W08L001M,15N12W08L001M,Unknown,Unknown,1-052,Ukiah Valley,Mendocino,62,Unknown,Single Well,NA,1966-08-23 - 2018-04-11,102,-123.211,39.173
391730N1232108W001,983946,1982-03-15T00:00:00Z,643.87,642.87,0,17.8,626.07,17.8,16.8,NA,Unknown,Water level accuracy is unknown,1,Department of Water Resources,NA,1,Department of Water Resources,NA,NA,35242,15N12W08L001M,15N12W08L001M,Unknown,Unknown,1-052,Ukiah Valley,Mendocino,62,Unknown,Single Well,NA,1966-08-23 - 2018-04-11,102,-123.211,39.173
391730N1232108W001,983947,1981-10-06T00:00:00Z,643.87,642.87,0,25.7,618.17,25.7,24.7,NA,Unknown,Water level accuracy is unknown,1,Department of Water Resources,NA,1,Department of Water Resources,NA,NA,35242,15N12W08L001M,15N12W08L001M,Unknown,Unknown,1-052,Ukiah Valley,Mendocino,62,Unknown,Single Well,NA,1966-08-23 - 2018-04-11,102,-123.211,39.173
391730N1232108W001,983948,1981-03-24T00:00:00Z,643.87,642.87,0,19,624.87,19,18,NA,Unknown,Water level accuracy is unknown,1,Department of Water Resources,NA,1,Department of Water Resources,NA,NA,35242,15N12W08L001M,15N12W08L001M,Unknown,Unknown,1-052,Ukiah Valley,Mendocino,62,Unknown,Single Well,NA,1966-08-23 - 2018-04-11,102,-123.211,39.173
391730N1232108W001,983949,1980-10-07T00:00:00Z,643.87,642.87,0,26,617.87,26,25,NA,Unknown,Water level accuracy is unknown,1,Department of Water Resources,NA,1,Department of Water Resources,NA,NA,35242,15N12W08L001M,15N12W08L001M,Unknown,Unknown,1-052,Ukiah Valley,Mendocino,62,Unknown,Single Well,NA,1966-08-23 - 2018-04-11,102,-123.211,39.173
391730N1232108W001,983950,1980-03-18T00:00:00Z,643.87,642.87,0,17.6,626.27,17.6,16.6,NA,Unknown,Water level accuracy is unknown,1,Department of Water Resources,NA,1,Department of Water Resources,NA,NA,35242,15N12W08L001M,15N12W08L001M,Unknown,Unknown,1-052,Ukiah Valley,Mendocino,62,Unknown,Single Well,NA,1966-08-23 - 2018-04-11,102,-123.211,39.173
391730N1232108W001,983951,1979-10-02T00:00:00Z,643.87,642.87,0,27.1,616.77,27.1,26.1,NA,Unknown,Water level accuracy is unknown,1,Department of Water Resources,NA,1,Department of Water Resources,NA,NA,35242,15N12W08L001M,15N12W08L001M,Unknown,Unknown,1-052,Ukiah Valley,Mendocino,62,Unknown,Single Well,NA,1966-08-23 - 2018-04-11,102,-123.211,39.173
391730N1232108W001,983952,1979-04-03T00:00:00Z,643.87,642.87,0,18.6,625.27,18.6,17.6,NA,Unknown,Water level accuracy is unknown,1,Department of Water Resources,NA,1,Department of Water Resources,NA,NA,35242,15N12W08L001M,15N12W08L001M,Unknown,Unknown,1-052,Ukiah Valley,Mendocino,62,Unknown,Single Well,NA,1966-08-23 - 2018-04-11,102,-123.211,39.173
391730N1232108W001,983953,1978-10-03T00:00:00Z,643.87,642.87,0,26,617.87,26,25,NA,Unknown,Water level accuracy is unknown,1,Department of Water Resources,NA,1,Department of Water Resources,NA,NA,35242,15N12W08L001M,15N12W08L001M,Unknown,Unknown,1-052,Ukiah Valley,Mendocino,62,Unknown,Single Well,NA,1966-08-23 - 2018-04-11,102,-123.211,39.173
391730N1232108W001,983954,1978-03-14T00:00:00Z,643.87,642.87,0,16.1,627.77,16.1,15.1,NA,Unknown,Water level accuracy is unknown,1,Department of Water Resources,NA,1,Department of Water Resources,NA,NA,35242,15N12W08L001M,15N12W08L001M,Unknown,Unknown,1-052,Ukiah Valley,Mendocino,62,Unknown,Single Well,NA,1966-08-23 - 2018-04-11,102,-123.211,39.173
391730N1232108W001,983955,1977-10-11T00:00:00Z,643.87,642.87,0,29.5,614.37,29.5,28.5,NA,Unknown,Water level accuracy is unknown,1,Department of Water Resources,NA,1,Department of Water Resources,NA,NA,35242,15N12W08L001M,15N12W08L001M,Unknown,Unknown,1-052,Ukiah Valley,Mendocino,62,Unknown,Single Well,NA,1966-08-23 - 2018-04-11,102,-123.211,39.173
391730N1232108W001,983956,1977-03-10T00:00:00Z,643.87,642.87,0,26.2,617.67,26.2,25.2,NA,Unknown,Water level accuracy is unknown,1,Department of Water Resources,NA,1,Department of Water Resources,NA,NA,35242,15N12W08L001M,15N12W08L001M,Unknown,Unknown,1-052,Ukiah Valley,Mendocino,62,Unknown,Single Well,NA,1966-08-23 - 2018-04-11,102,-123.211,39.173
391730N1232108W001,983957,1976-10-04T00:00:00Z,643.87,642.87,0,29.3,614.57,29.3,28.3,NA,Unknown,Water level accuracy is unknown,1,Department of Water Resources,NA,1,Department of Water Resources,NA,NA,35242,15N12W08L001M,15N12W08L001M,Unknown,Unknown,1-052,Ukiah Valley,Mendocino,62,Unknown,Single Well,NA,1966-08-23 - 2018-04-11,102,-123.211,39.173
391730N1232108W001,983958,1976-03-18T00:00:00Z,643.87,642.87,0,23.1,620.77,23.1,22.1,NA,Unknown,Water level accuracy is unknown,1,Department of Water Resources,NA,1,Department of Water Resources,NA,NA,35242,15N12W08L001M,15N12W08L001M,Unknown,Unknown,1-052,Ukiah Valley,Mendocino,62,Unknown,Single Well,NA,1966-08-23 - 2018-04-11,102,-123.211,39.173
391730N1232108W001,983959,1975-10-06T00:00:00Z,643.87,642.87,0,27.7,616.17,27.7,26.7,NA,Unknown,Water level accuracy is unknown,1,Department of Water Resources,NA,1,Department of Water Resources,NA,NA,35242,15N12W08L001M,15N12W08L001M,Unknown,Unknown,1-052,Ukiah Valley,Mendocino,62,Unknown,Single Well,NA,1966-08-23 - 2018-04-11,102,-123.211,39.173
391730N1232108W001,983960,1975-03-25T00:00:00Z,643.87,642.87,0,14.8,629.07,14.8,13.8,NA,Unknown,Water level accuracy is unknown,1,Department of Water Resources,NA,1,Department of Water Resources,NA,NA,35242,15N12W08L001M,15N12W08L001M,Unknown,Unknown,1-052,Ukiah Valley,Mendocino,62,Unknown,Single Well,NA,1966-08-23 - 2018-04-11,102,-123.211,39.173
391730N1232108W001,983961,1974-10-09T00:00:00Z,643.87,642.87,0,27.2,616.67,27.2,26.2,NA,Unknown,Water level accuracy is unknown,1,Department of Water Resources,NA,1,Department of Water Resources,NA,NA,35242,15N12W08L001M,15N12W08L001M,Unknown,Unknown,1-052,Ukiah Valley,Mendocino,62,Unknown,Single Well,NA,1966-08-23 - 2018-04-11,102,-123.211,39.173
391730N1232108W001,983962,1974-03-12T00:00:00Z,643.87,642.87,0,17.2,626.67,17.2,16.2,NA,Unknown,Water level accuracy is unknown,1,Department of Water Resources,NA,1,Department of Water Resources,NA,NA,35242,15N12W08L001M,15N12W08L001M,Unknown,Unknown,1-052,Ukiah Valley,Mendocino,62,Unknown,Single Well,NA,1966-08-23 - 2018-04-11,102,-123.211,39.173
391730N1232108W001,983963,1973-10-04T00:00:00Z,643.87,642.87,0,27.3,616.57,27.3,26.3,NA,Unknown,Water level accuracy is unknown,1,Department of Water Resources,NA,1,Department of Water Resources,NA,NA,35242,15N12W08L001M,15N12W08L001M,Unknown,Unknown,1-052,Ukiah Valley,Mendocino,62,Unknown,Single Well,NA,1966-08-23 - 2018-04-11,102,-123.211,39.173
391730N1232108W001,983964,1973-03-19T00:00:00Z,643.87,642.87,0,18.2,625.67,18.2,17.2,NA,Unknown,Water level accuracy is unknown,1,Department of Water Resources,NA,1,Department of Water Resources,NA,NA,35242,15N12W08L001M,15N12W08L001M,Unknown,Unknown,1-052,Ukiah Valley,Mendocino,62,Unknown,Single Well,NA,1966-08-23 - 2018-04-11,102,-123.211,39.173
391730N1232108W001,983965,1972-10-11T00:00:00Z,643.87,642.87,0,27.7,616.17,27.7,26.7,NA,Unknown,Water level accuracy is unknown,1,Department of Water Resources,NA,1,Department of Water Resources,NA,NA,35242,15N12W08L001M,15N12W08L001M,Unknown,Unknown,1-052,Ukiah Valley,Mendocino,62,Unknown,Single Well,NA,1966-08-23 - 2018-04-11,102,-123.211,39.173
391730N1232108W001,983966,1972-03-08T00:00:00Z,643.87,642.87,0,18.2,625.67,18.2,17.2,NA,Unknown,Water level accuracy is unknown,1,Department of Water Resources,NA,1,Department of Water Resources,NA,NA,35242,15N12W08L001M,15N12W08L001M,Unknown,Unknown,1-052,Ukiah Valley,Mendocino,62,Unknown,Single Well,NA,1966-08-23 - 2018-04-11,102,-123.211,39.173
391730N1232108W001,983967,1971-10-05T00:00:00Z,643.87,642.87,0,27.4,616.47,27.4,26.4,NA,Unknown,Water level accuracy is unknown,1,Department of Water Resources,NA,1,Department of Water Resources,NA,NA,35242,15N12W08L001M,15N12W08L001M,Unknown,Unknown,1-052,Ukiah Valley,Mendocino,62,Unknown,Single Well,NA,1966-08-23 - 2018-04-11,102,-123.211,39.173
391730N1232108W001,983968,1971-03-11T00:00:00Z,643.87,642.87,0,20,623.87,20,19,NA,Unknown,Water level accuracy is unknown,1,Department of Water Resources,NA,1,Department of Water Resources,NA,NA,35242,15N12W08L001M,15N12W08L001M,Unknown,Unknown,1-052,Ukiah Valley,Mendocino,62,Unknown,Single Well,NA,1966-08-23 - 2018-04-11,102,-123.211,39.173
391730N1232108W001,983969,1970-10-06T00:00:00Z,643.87,642.87,0,29.1,614.77,29.1,28.1,NA,Unknown,Water level accuracy is unknown,1,Department of Water Resources,NA,1,Department of Water Resources,NA,NA,35242,15N12W08L001M,15N12W08L001M,Unknown,Unknown,1-052,Ukiah Valley,Mendocino,62,Unknown,Single Well,NA,1966-08-23 - 2018-04-11,102,-123.211,39.173
391730N1232108W001,983970,1970-03-26T00:00:00Z,643.87,642.87,0,18.8,625.07,18.8,17.8,NA,Unknown,Water level accuracy is unknown,1,Department of Water Resources,NA,1,Department of Water Resources,NA,NA,35242,15N12W08L001M,15N12W08L001M,Unknown,Unknown,1-052,Ukiah Valley,Mendocino,62,Unknown,Single Well,NA,1966-08-23 - 2018-04-11,102,-123.211,39.173
391730N1232108W001,983971,1969-10-08T00:00:00Z,643.87,642.87,0,27.9,615.97,27.9,26.9,NA,Unknown,Water level accuracy is unknown,1,Department of Water Resources,NA,1,Department of Water Resources,NA,NA,35242,15N12W08L001M,15N12W08L001M,Unknown,Unknown,1-052,Ukiah Valley,Mendocino,62,Unknown,Single Well,NA,1966-08-23 - 2018-04-11,102,-123.211,39.173
391730N1232108W001,983972,1969-03-20T00:00:00Z,643.87,642.87,0,18,625.87,18,17,NA,Unknown,Water level accuracy is unknown,1,Department of Water Resources,NA,1,Department of Water Resources,NA,NA,35242,15N12W08L001M,15N12W08L001M,Unknown,Unknown,1-052,Ukiah Valley,Mendocino,62,Unknown,Single Well,NA,1966-08-23 - 2018-04-11,102,-123.211,39.173
391730N1232108W001,983973,1968-04-10T00:00:00Z,643.87,642.87,0,19,624.87,19,18,NA,Unknown,Water level accuracy is unknown,1,Department of Water Resources,NA,1,Department of Water Resources,NA,NA,35242,15N12W08L001M,15N12W08L001M,Unknown,Unknown,1-052,Ukiah Valley,Mendocino,62,Unknown,Single Well,NA,1966-08-23 - 2018-04-11,102,-123.211,39.173
391730N1232108W001,983974,1967-03-22T00:00:00Z,643.87,642.87,0,17.3,626.57,17.3,16.3,NA,Unknown,Water level accuracy is unknown,1,Department of Water Resources,NA,1,Department of Water Resources,NA,NA,35242,15N12W08L001M,15N12W08L001M,Unknown,Unknown,1-052,Ukiah Valley,Mendocino,62,Unknown,Single Well,NA,1966-08-23 - 2018-04-11,102,-123.211,39.173
391730N1232108W001,983975,1966-08-23T00:00:00Z,643.87,642.87,0,25.7,618.17,25.7,24.7,NA,Unknown,Water level accuracy is unknown,1,Department of Water Resources,NA,1,Department of Water Resources,NA,NA,35242,15N12W08L001M,15N12W08L001M,Unknown,Unknown,1-052,Ukiah Valley,Mendocino,62,Unknown,Single Well,NA,1966-08-23 - 2018-04-11,102,-123.211,39.173
