SITE_CODE,WLM_ID,MSMT_DATE,WLM_RPE,WLM_GSE,RDNG_WS,RDNG_RP,WSE,RPE_WSE,GSE_WSE,WLM_QA_DESC,WLM_DESC,WLM_ACC_DESC,WLM_ORG_ID,WLM_ORG_NAME,MSMT_CMT,COOP_AGENCY_ORG_ID,COOP_ORG_NAME,TOP_PRF,BOT_PRF,STN_ID,SWN,WELL_NAME,WLM_METHOD,WLM_ACC,BASIN_CODE,BASIN_NAME,COUNTY_NAME,WELL_DEPTH,WELL_USE,WELL_TYPE,WCR_NO,t_range,n_samples,season,fall_high,fall_low,spring_high,spring_low,water_year,Oct.Mar,Apr.Jul,WYsum,Index,water_year_type,region,water_year_start,water_year_end,X,Y
391860N1232039W001,2624408,2020-05-11T09:30:00Z,621,620,0,21.833,599.167,21.833,20.833,NA,Electric sounder measurement,Water level accuracy to nearest hundredth of a foot,5191,Mendocino County Water Agency,NA,5191,Mendocino County Water Agency,20,45,50343,15N12W05J004M,Ukiah Valley-15,USGS quad,Unknown,1-052,Ukiah Valley,Mendocino,45,Unknown,Single Well,34445,2014-11-07 11:30:00 - 2020-05-11 09:30:00,13,spring,NA,NA,17,20.833,2019,13.11,10.66,24.77,10.34,Wet,SAC,2019-10-01T00:00:00Z,2020-10-01T00:00:00Z,-123.204,39.186
391860N1232039W001,2493656,2019-11-05T10:00:00Z,621,620,0,22,599,22,21,NA,Electric sounder measurement,Water level accuracy to nearest hundredth of a foot,5191,Mendocino County Water Agency,NA,5191,Mendocino County Water Agency,20,45,50343,15N12W05J004M,Ukiah Valley-15,USGS quad,Unknown,1-052,Ukiah Valley,Mendocino,45,Unknown,Single Well,34445,2014-11-07 11:30:00 - 2020-05-11 09:30:00,13,fall,21,23,NA,NA,2019,13.11,10.66,24.77,10.34,Wet,SAC,2019-10-01T00:00:00Z,2020-10-01T00:00:00Z,-123.204,39.186
391860N1232039W001,2463865,2019-05-07T11:12:00Z,621,620,0,19,602,19,18,NA,Electric sounder measurement,Water level accuracy to nearest hundredth of a foot,5191,Mendocino County Water Agency,NA,5191,Mendocino County Water Agency,20,45,50343,15N12W05J004M,Ukiah Valley-15,USGS quad,Unknown,1-052,Ukiah Valley,Mendocino,45,Unknown,Single Well,34445,2014-11-07 11:30:00 - 2020-05-11 09:30:00,13,spring,NA,NA,17,20.833,2018,7.09,5.05,12.86,7.14,Below Normal,SAC,2018-10-01T00:00:00Z,2019-10-01T00:00:00Z,-123.204,39.186
391860N1232039W001,2423021,2018-10-29T11:45:00Z,621,620,0,23.5,597.5,23.5,22.5,NA,Electric sounder measurement,Water level accuracy to nearest hundredth of a foot,5191,Mendocino County Water Agency,NA,5191,Mendocino County Water Agency,20,45,50343,15N12W05J004M,Ukiah Valley-15,USGS quad,Unknown,1-052,Ukiah Valley,Mendocino,45,Unknown,Single Well,34445,2014-11-07 11:30:00 - 2020-05-11 09:30:00,13,fall,21,23,NA,NA,2018,7.09,5.05,12.86,7.14,Below Normal,SAC,2018-10-01T00:00:00Z,2019-10-01T00:00:00Z,-123.204,39.186
391860N1232039W001,2277481,2017-10-24T00:00:00Z,621,620,0,23.7,597.3,23.7,22.7,NA,Electric sounder measurement,Water level accuracy to nearest hundredth of a foot,5191,Mendocino County Water Agency,NA,5191,Mendocino County Water Agency,20,45,50343,15N12W05J004M,Ukiah Valley-15,USGS quad,Unknown,1-052,Ukiah Valley,Mendocino,45,Unknown,Single Well,34445,2014-11-07 11:30:00 - 2020-05-11 09:30:00,13,fall,21,23,NA,NA,2017,26.17,10.69,37.82,14.14,Wet,SAC,2017-10-01T00:00:00Z,2018-10-01T00:00:00Z,-123.204,39.186
391860N1232039W001,2246669,2017-04-19T17:04:00Z,621,620,0,19.42,601.58,19.42,18.42,NA,Electric sounder measurement,Water level accuracy to nearest hundredth of a foot,5191,Mendocino County Water Agency,NA,5191,Mendocino County Water Agency,20,45,50343,15N12W05J004M,Ukiah Valley-15,USGS quad,Unknown,1-052,Ukiah Valley,Mendocino,45,Unknown,Single Well,34445,2014-11-07 11:30:00 - 2020-05-11 09:30:00,13,spring,NA,NA,17,20.833,2016,12.24,4.6,17.48,6.71,Below Normal,SAC,2016-10-01T00:00:00Z,2017-10-01T00:00:00Z,-123.204,39.186
391860N1232039W001,2221756,2016-10-21T14:36:00Z,621,620,0,24,597,24,23,NA,Electric sounder measurement,Water level accuracy to nearest hundredth of a foot,5191,Mendocino County Water Agency,NA,5191,Mendocino County Water Agency,20,45,50343,15N12W05J004M,Ukiah Valley-15,USGS quad,Unknown,1-052,Ukiah Valley,Mendocino,45,Unknown,Single Well,34445,2014-11-07 11:30:00 - 2020-05-11 09:30:00,13,fall,21,23,NA,NA,2016,12.24,4.6,17.48,6.71,Below Normal,SAC,2016-10-01T00:00:00Z,2017-10-01T00:00:00Z,-123.204,39.186
391860N1232039W001,2196247,2016-04-13T08:33:00Z,621,620,0,18,603,18,17,NA,Electric sounder measurement,Water level accuracy to nearest hundredth of a foot,5191,Mendocino County Water Agency,NA,5191,Mendocino County Water Agency,20,45,50343,15N12W05J004M,Ukiah Valley-15,USGS quad,Unknown,1-052,Ukiah Valley,Mendocino,45,Unknown,Single Well,34445,2014-11-07 11:30:00 - 2020-05-11 09:30:00,13,spring,NA,NA,17,20.833,2015,6.91,1.77,9.23,4,Critical,SAC,2015-10-01T00:00:00Z,2016-10-01T00:00:00Z,-123.204,39.186
391860N1232039W001,2157923,2015-10-16T15:00:00Z,621,620,0,23.67,597.33,23.67,22.67,NA,Electric sounder measurement,Water level accuracy to nearest hundredth of a foot,5191,Mendocino County Water Agency,NA,5191,Mendocino County Water Agency,20,45,50343,15N12W05J004M,Ukiah Valley-15,USGS quad,Unknown,1-052,Ukiah Valley,Mendocino,45,Unknown,Single Well,34445,2014-11-07 11:30:00 - 2020-05-11 09:30:00,13,fall,21,23,NA,NA,2015,6.91,1.77,9.23,4,Critical,SAC,2015-10-01T00:00:00Z,2016-10-01T00:00:00Z,-123.204,39.186
391860N1232039W001,2138338,2015-05-01T12:23:00Z,621,620,0,21,600,21,20,NA,Electric sounder measurement,Water level accuracy to nearest hundredth of a foot,5191,Mendocino County Water Agency,NA,5191,Mendocino County Water Agency,20,45,50343,15N12W05J004M,Ukiah Valley-15,USGS quad,Unknown,1-052,Ukiah Valley,Mendocino,45,Unknown,Single Well,34445,2014-11-07 11:30:00 - 2020-05-11 09:30:00,13,spring,NA,NA,17,20.833,2014,4.29,2.59,7.46,4.07,Critical,SAC,2014-10-01T00:00:00Z,2015-10-01T00:00:00Z,-123.204,39.186
391860N1232039W001,2106428,2014-11-07T11:30:00Z,621,620,0,23,598,23,22,NA,Electric sounder measurement,Water level accuracy to nearest hundredth of a foot,5191,Mendocino County Water Agency,NA,5191,Mendocino County Water Agency,20,45,50343,15N12W05J004M,Ukiah Valley-15,USGS quad,Unknown,1-052,Ukiah Valley,Mendocino,45,Unknown,Single Well,34445,2014-11-07 11:30:00 - 2020-05-11 09:30:00,13,fall,21,23,NA,NA,2014,4.29,2.59,7.46,4.07,Critical,SAC,2014-10-01T00:00:00Z,2015-10-01T00:00:00Z,-123.204,39.186
391860N1232039W001,2106427,2014-11-07T11:30:00Z,621,620,0,23,598,23,22,NA,Electric sounder measurement,Water level accuracy to nearest hundredth of a foot,5191,Mendocino County Water Agency,NA,5191,Mendocino County Water Agency,20,45,50343,15N12W05J004M,Ukiah Valley-15,USGS quad,Unknown,1-052,Ukiah Valley,Mendocino,45,Unknown,Single Well,34445,2014-11-07 11:30:00 - 2020-05-11 09:30:00,13,fall,21,23,NA,NA,2014,4.29,2.59,7.46,4.07,Critical,SAC,2014-10-01T00:00:00Z,2015-10-01T00:00:00Z,-123.204,39.186
