SITE_CODE,WLM_ID,MSMT_DATE,WLM_RPE,WLM_GSE,RDNG_WS,RDNG_RP,WSE,RPE_WSE,GSE_WSE,WLM_QA_DESC,WLM_DESC,WLM_ACC_DESC,WLM_ORG_ID,WLM_ORG_NAME,MSMT_CMT,COOP_AGENCY_ORG_ID,COOP_ORG_NAME,TOP_PRF,BOT_PRF,STN_ID,SWN,WELL_NAME,WLM_METHOD,WLM_ACC,BASIN_CODE,BASIN_NAME,COUNTY_NAME,WELL_DEPTH,WELL_USE,WELL_TYPE,WCR_NO,t_range,n_samples,season,fall_high,fall_low,spring_high,spring_low,water_year,Oct.Mar,Apr.Jul,WYsum,Index,water_year_type,region,water_year_start,water_year_end,X,Y
391918N1232003W003,2624396,2020-05-15T10:33:00Z,638.21,635,0,49.77,588.44,49.77,46.56,NA,Electric sounder measurement,Water level accuracy to nearest hundredth of a foot,5191,Mendocino County Water Agency,NA,5191,Mendocino County Water Agency,350,370,50341,NA,Ukiah Valley-3,Unknown,Unknown,1-052,Ukiah Valley,Mendocino,380,Observation,Part of a nested/multi-completion well,e0207604 A-D,2014-10-30 13:45:00 - 2020-05-15 10:33:00,12,spring,NA,NA,37.41,46.56,2019,13.11,10.66,24.77,10.34,Wet,SAC,2019-10-01T00:00:00Z,2020-10-01T00:00:00Z,-123.2,39.1918
391918N1232003W003,2493644,2019-10-24T10:15:00Z,638.21,635,0,51.1,587.11,51.1,47.89,NA,Electric sounder measurement,Water level accuracy to nearest hundredth of a foot,5191,Mendocino County Water Agency,NA,5191,Mendocino County Water Agency,350,370,50341,NA,Ukiah Valley-3,Unknown,Unknown,1-052,Ukiah Valley,Mendocino,380,Observation,Part of a nested/multi-completion well,e0207604 A-D,2014-10-30 13:45:00 - 2020-05-15 10:33:00,12,fall,41.495,49.41,NA,NA,2019,13.11,10.66,24.77,10.34,Wet,SAC,2019-10-01T00:00:00Z,2020-10-01T00:00:00Z,-123.2,39.1918
391918N1232003W003,2463853,2019-05-02T09:45:00Z,638.21,635,0,40.62,597.59,40.62,37.41,NA,Electric sounder measurement,Water level accuracy to nearest hundredth of a foot,5191,Mendocino County Water Agency,NA,5191,Mendocino County Water Agency,350,370,50341,NA,Ukiah Valley-3,Unknown,Unknown,1-052,Ukiah Valley,Mendocino,380,Observation,Part of a nested/multi-completion well,e0207604 A-D,2014-10-30 13:45:00 - 2020-05-15 10:33:00,12,spring,NA,NA,37.41,46.56,2018,7.09,5.05,12.86,7.14,Below Normal,SAC,2018-10-01T00:00:00Z,2019-10-01T00:00:00Z,-123.2,39.1918
391918N1232003W003,2423010,2018-10-25T10:32:00Z,638.21,635,0,50.93,587.28,50.93,47.72,NA,Electric sounder measurement,Water level accuracy to nearest hundredth of a foot,5191,Mendocino County Water Agency,NA,5191,Mendocino County Water Agency,350,370,50341,NA,Ukiah Valley-3,Unknown,Unknown,1-052,Ukiah Valley,Mendocino,380,Observation,Part of a nested/multi-completion well,e0207604 A-D,2014-10-30 13:45:00 - 2020-05-15 10:33:00,12,fall,41.495,49.41,NA,NA,2018,7.09,5.05,12.86,7.14,Below Normal,SAC,2018-10-01T00:00:00Z,2019-10-01T00:00:00Z,-123.2,39.1918
391918N1232003W003,2307127,2018-04-30T09:55:00Z,638.21,635,0,44.34,593.87,44.34,41.13,NA,Electric sounder measurement,Water level accuracy to nearest hundredth of a foot,5191,Mendocino County Water Agency,NA,5191,Mendocino County Water Agency,350,370,50341,NA,Ukiah Valley-3,Unknown,Unknown,1-052,Ukiah Valley,Mendocino,380,Observation,Part of a nested/multi-completion well,e0207604 A-D,2014-10-30 13:45:00 - 2020-05-15 10:33:00,12,spring,NA,NA,37.41,46.56,2017,26.17,10.69,37.82,14.14,Wet,SAC,2017-10-01T00:00:00Z,2018-10-01T00:00:00Z,-123.2,39.1918
391918N1232003W003,2277469,2017-10-26T11:24:00Z,638.21,635,0,50.58,587.63,50.58,47.37,NA,Electric sounder measurement,Water level accuracy to nearest hundredth of a foot,5191,Mendocino County Water Agency,NA,5191,Mendocino County Water Agency,350,370,50341,NA,Ukiah Valley-3,Unknown,Unknown,1-052,Ukiah Valley,Mendocino,380,Observation,Part of a nested/multi-completion well,e0207604 A-D,2014-10-30 13:45:00 - 2020-05-15 10:33:00,12,fall,41.495,49.41,NA,NA,2017,26.17,10.69,37.82,14.14,Wet,SAC,2017-10-01T00:00:00Z,2018-10-01T00:00:00Z,-123.2,39.1918
391918N1232003W003,2246678,2017-04-12T11:03:00Z,638.21,635,0,41.29,596.92,41.29,38.08,NA,Electric sounder measurement,Water level accuracy to nearest hundredth of a foot,5191,Mendocino County Water Agency,NA,5191,Mendocino County Water Agency,350,370,50341,NA,Ukiah Valley-3,Unknown,Unknown,1-052,Ukiah Valley,Mendocino,380,Observation,Part of a nested/multi-completion well,e0207604 A-D,2014-10-30 13:45:00 - 2020-05-15 10:33:00,12,spring,NA,NA,37.41,46.56,2016,12.24,4.6,17.48,6.71,Below Normal,SAC,2016-10-01T00:00:00Z,2017-10-01T00:00:00Z,-123.2,39.1918
391918N1232003W003,2219662,2016-10-19T16:15:00Z,638.21,635,0,50.8,587.41,50.8,47.59,NA,Electric sounder measurement,Water level accuracy to nearest hundredth of a foot,5191,Mendocino County Water Agency,NA,5191,Mendocino County Water Agency,350,370,50341,NA,Ukiah Valley-3,Unknown,Unknown,1-052,Ukiah Valley,Mendocino,380,Observation,Part of a nested/multi-completion well,e0207604 A-D,2014-10-30 13:45:00 - 2020-05-15 10:33:00,12,fall,41.495,49.41,NA,NA,2016,12.24,4.6,17.48,6.71,Below Normal,SAC,2016-10-01T00:00:00Z,2017-10-01T00:00:00Z,-123.2,39.1918
391918N1232003W003,2196235,2016-04-13T14:39:00Z,638.21,635,0,49.1,589.11,49.1,45.89,NA,Electric sounder measurement,Water level accuracy to nearest hundredth of a foot,5191,Mendocino County Water Agency,NA,5191,Mendocino County Water Agency,350,370,50341,NA,Ukiah Valley-3,Unknown,Unknown,1-052,Ukiah Valley,Mendocino,380,Observation,Part of a nested/multi-completion well,e0207604 A-D,2014-10-30 13:45:00 - 2020-05-15 10:33:00,12,spring,NA,NA,37.41,46.56,2015,6.91,1.77,9.23,4,Critical,SAC,2015-10-01T00:00:00Z,2016-10-01T00:00:00Z,-123.2,39.1918
391918N1232003W003,2157910,2015-10-14T16:25:00Z,638.21,635,0,52.62,585.59,52.62,49.41,NA,Electric sounder measurement,Water level accuracy to nearest hundredth of a foot,5191,Mendocino County Water Agency,NA,5191,Mendocino County Water Agency,350,370,50341,NA,Ukiah Valley-3,Unknown,Unknown,1-052,Ukiah Valley,Mendocino,380,Observation,Part of a nested/multi-completion well,e0207604 A-D,2014-10-30 13:45:00 - 2020-05-15 10:33:00,12,fall,41.495,49.41,NA,NA,2015,6.91,1.77,9.23,4,Critical,SAC,2015-10-01T00:00:00Z,2016-10-01T00:00:00Z,-123.2,39.1918
391918N1232003W003,2138324,2015-05-04T10:28:00Z,638.21,635,0,44.6,593.61,44.6,41.39,NA,Electric sounder measurement,Water level accuracy to nearest hundredth of a foot,5191,Mendocino County Water Agency,NA,5191,Mendocino County Water Agency,350,370,50341,NA,Ukiah Valley-3,Unknown,Unknown,1-052,Ukiah Valley,Mendocino,380,Observation,Part of a nested/multi-completion well,e0207604 A-D,2014-10-30 13:45:00 - 2020-05-15 10:33:00,12,spring,NA,NA,37.41,46.56,2014,4.29,2.59,7.46,4.07,Critical,SAC,2014-10-01T00:00:00Z,2015-10-01T00:00:00Z,-123.2,39.1918
391918N1232003W003,2106415,2014-10-30T13:45:00Z,637,635,0,43.495,593.505,43.495,41.495,NA,Electric sounder measurement,Water level accuracy to nearest hundredth of a foot,5191,Mendocino County Water Agency,NA,5191,Mendocino County Water Agency,350,370,50341,NA,Ukiah Valley-3,Unknown,Unknown,1-052,Ukiah Valley,Mendocino,380,Observation,Part of a nested/multi-completion well,e0207604 A-D,2014-10-30 13:45:00 - 2020-05-15 10:33:00,12,fall,41.495,49.41,NA,NA,2014,4.29,2.59,7.46,4.07,Critical,SAC,2014-10-01T00:00:00Z,2015-10-01T00:00:00Z,-123.2,39.1918
