SITE_CODE,WLM_ID,MSMT_DATE,WLM_RPE,WLM_GSE,RDNG_WS,RDNG_RP,WSE,RPE_WSE,GSE_WSE,WLM_QA_DESC,WLM_DESC,WLM_ACC_DESC,WLM_ORG_ID,WLM_ORG_NAME,MSMT_CMT,COOP_AGENCY_ORG_ID,COOP_ORG_NAME,TOP_PRF,BOT_PRF,STN_ID,SWN,WELL_NAME,WLM_METHOD,WLM_ACC,BASIN_CODE,BASIN_NAME,COUNTY_NAME,WELL_DEPTH,WELL_USE,WELL_TYPE,WCR_NO,t_range,n_samples,X,Y
391920N1232273W001,2624414,2020-05-15T14:10:00Z,668.646,667,0,8.45,660.196,8.45,6.804,NA,Electric sounder measurement,Water level accuracy to nearest hundredth of a foot,5191,Mendocino County Water Agency,NA,5191,Mendocino County Water Agency,20,40,51446,NA,Ukiah Valley-21,GPS with WAAS,10 ft.,1-052,Ukiah Valley,Mendocino,140,Unknown,Single Well,NA,2016-04-21 13:35:00 - 2020-05-15 14:10:00,27,-123.227,39.192
391920N1232273W001,2624414,2020-05-15T14:10:00Z,668.646,667,0,8.45,660.196,8.45,6.804,NA,Electric sounder measurement,Water level accuracy to nearest hundredth of a foot,5191,Mendocino County Water Agency,NA,5191,Mendocino County Water Agency,60,80,51446,NA,Ukiah Valley-21,GPS with WAAS,10 ft.,1-052,Ukiah Valley,Mendocino,140,Unknown,Single Well,NA,2016-04-21 13:35:00 - 2020-05-15 14:10:00,27,-123.227,39.192
391920N1232273W001,2624414,2020-05-15T14:10:00Z,668.646,667,0,8.45,660.196,8.45,6.804,NA,Electric sounder measurement,Water level accuracy to nearest hundredth of a foot,5191,Mendocino County Water Agency,NA,5191,Mendocino County Water Agency,120,140,51446,NA,Ukiah Valley-21,GPS with WAAS,10 ft.,1-052,Ukiah Valley,Mendocino,140,Unknown,Single Well,NA,2016-04-21 13:35:00 - 2020-05-15 14:10:00,27,-123.227,39.192
391920N1232273W001,2493662,2019-11-05T00:00:00Z,668.646,667,NA,NA,NA,NA,NA,Pumping,NA,NA,5191,Mendocino County Water Agency,New owner; will continue to seek permission.,5191,Mendocino County Water Agency,20,40,51446,NA,Ukiah Valley-21,GPS with WAAS,10 ft.,1-052,Ukiah Valley,Mendocino,140,Unknown,Single Well,NA,2016-04-21 13:35:00 - 2020-05-15 14:10:00,27,-123.227,39.192
391920N1232273W001,2493662,2019-11-05T00:00:00Z,668.646,667,NA,NA,NA,NA,NA,Pumping,NA,NA,5191,Mendocino County Water Agency,New owner; will continue to seek permission.,5191,Mendocino County Water Agency,60,80,51446,NA,Ukiah Valley-21,GPS with WAAS,10 ft.,1-052,Ukiah Valley,Mendocino,140,Unknown,Single Well,NA,2016-04-21 13:35:00 - 2020-05-15 14:10:00,27,-123.227,39.192
391920N1232273W001,2493662,2019-11-05T00:00:00Z,668.646,667,NA,NA,NA,NA,NA,Pumping,NA,NA,5191,Mendocino County Water Agency,New owner; will continue to seek permission.,5191,Mendocino County Water Agency,120,140,51446,NA,Ukiah Valley-21,GPS with WAAS,10 ft.,1-052,Ukiah Valley,Mendocino,140,Unknown,Single Well,NA,2016-04-21 13:35:00 - 2020-05-15 14:10:00,27,-123.227,39.192
391920N1232273W001,2463871,2019-05-02T10:37:00Z,668.646,667,0,7.33,661.316,7.33,5.684,NA,Electric sounder measurement,Water level accuracy to nearest hundredth of a foot,5191,Mendocino County Water Agency,NA,5191,Mendocino County Water Agency,20,40,51446,NA,Ukiah Valley-21,GPS with WAAS,10 ft.,1-052,Ukiah Valley,Mendocino,140,Unknown,Single Well,NA,2016-04-21 13:35:00 - 2020-05-15 14:10:00,27,-123.227,39.192
391920N1232273W001,2463871,2019-05-02T10:37:00Z,668.646,667,0,7.33,661.316,7.33,5.684,NA,Electric sounder measurement,Water level accuracy to nearest hundredth of a foot,5191,Mendocino County Water Agency,NA,5191,Mendocino County Water Agency,60,80,51446,NA,Ukiah Valley-21,GPS with WAAS,10 ft.,1-052,Ukiah Valley,Mendocino,140,Unknown,Single Well,NA,2016-04-21 13:35:00 - 2020-05-15 14:10:00,27,-123.227,39.192
391920N1232273W001,2463871,2019-05-02T10:37:00Z,668.646,667,0,7.33,661.316,7.33,5.684,NA,Electric sounder measurement,Water level accuracy to nearest hundredth of a foot,5191,Mendocino County Water Agency,NA,5191,Mendocino County Water Agency,120,140,51446,NA,Ukiah Valley-21,GPS with WAAS,10 ft.,1-052,Ukiah Valley,Mendocino,140,Unknown,Single Well,NA,2016-04-21 13:35:00 - 2020-05-15 14:10:00,27,-123.227,39.192
391920N1232273W001,2423027,2018-10-31T13:15:00Z,668.646,667,0,10.05,658.596,10.05,8.404,NA,Electric sounder measurement,Water level accuracy to nearest hundredth of a foot,5191,Mendocino County Water Agency,NA,5191,Mendocino County Water Agency,20,40,51446,NA,Ukiah Valley-21,GPS with WAAS,10 ft.,1-052,Ukiah Valley,Mendocino,140,Unknown,Single Well,NA,2016-04-21 13:35:00 - 2020-05-15 14:10:00,27,-123.227,39.192
391920N1232273W001,2423027,2018-10-31T13:15:00Z,668.646,667,0,10.05,658.596,10.05,8.404,NA,Electric sounder measurement,Water level accuracy to nearest hundredth of a foot,5191,Mendocino County Water Agency,NA,5191,Mendocino County Water Agency,60,80,51446,NA,Ukiah Valley-21,GPS with WAAS,10 ft.,1-052,Ukiah Valley,Mendocino,140,Unknown,Single Well,NA,2016-04-21 13:35:00 - 2020-05-15 14:10:00,27,-123.227,39.192
391920N1232273W001,2423027,2018-10-31T13:15:00Z,668.646,667,0,10.05,658.596,10.05,8.404,NA,Electric sounder measurement,Water level accuracy to nearest hundredth of a foot,5191,Mendocino County Water Agency,NA,5191,Mendocino County Water Agency,120,140,51446,NA,Ukiah Valley-21,GPS with WAAS,10 ft.,1-052,Ukiah Valley,Mendocino,140,Unknown,Single Well,NA,2016-04-21 13:35:00 - 2020-05-15 14:10:00,27,-123.227,39.192
391920N1232273W001,2307145,2018-05-03T12:35:00Z,668.646,667,0,7.6,661.046,7.6,5.954,NA,Electric sounder measurement,Water level accuracy to nearest hundredth of a foot,5191,Mendocino County Water Agency,NA,5191,Mendocino County Water Agency,20,40,51446,NA,Ukiah Valley-21,GPS with WAAS,10 ft.,1-052,Ukiah Valley,Mendocino,140,Unknown,Single Well,NA,2016-04-21 13:35:00 - 2020-05-15 14:10:00,27,-123.227,39.192
391920N1232273W001,2307145,2018-05-03T12:35:00Z,668.646,667,0,7.6,661.046,7.6,5.954,NA,Electric sounder measurement,Water level accuracy to nearest hundredth of a foot,5191,Mendocino County Water Agency,NA,5191,Mendocino County Water Agency,60,80,51446,NA,Ukiah Valley-21,GPS with WAAS,10 ft.,1-052,Ukiah Valley,Mendocino,140,Unknown,Single Well,NA,2016-04-21 13:35:00 - 2020-05-15 14:10:00,27,-123.227,39.192
391920N1232273W001,2307145,2018-05-03T12:35:00Z,668.646,667,0,7.6,661.046,7.6,5.954,NA,Electric sounder measurement,Water level accuracy to nearest hundredth of a foot,5191,Mendocino County Water Agency,NA,5191,Mendocino County Water Agency,120,140,51446,NA,Ukiah Valley-21,GPS with WAAS,10 ft.,1-052,Ukiah Valley,Mendocino,140,Unknown,Single Well,NA,2016-04-21 13:35:00 - 2020-05-15 14:10:00,27,-123.227,39.192
391920N1232273W001,2277487,2017-10-26T11:55:00Z,668.646,667,0,9.79,658.856,9.79,8.144,NA,Electric sounder measurement,Water level accuracy to nearest hundredth of a foot,5191,Mendocino County Water Agency,NA,5191,Mendocino County Water Agency,20,40,51446,NA,Ukiah Valley-21,GPS with WAAS,10 ft.,1-052,Ukiah Valley,Mendocino,140,Unknown,Single Well,NA,2016-04-21 13:35:00 - 2020-05-15 14:10:00,27,-123.227,39.192
391920N1232273W001,2277487,2017-10-26T11:55:00Z,668.646,667,0,9.79,658.856,9.79,8.144,NA,Electric sounder measurement,Water level accuracy to nearest hundredth of a foot,5191,Mendocino County Water Agency,NA,5191,Mendocino County Water Agency,60,80,51446,NA,Ukiah Valley-21,GPS with WAAS,10 ft.,1-052,Ukiah Valley,Mendocino,140,Unknown,Single Well,NA,2016-04-21 13:35:00 - 2020-05-15 14:10:00,27,-123.227,39.192
391920N1232273W001,2277487,2017-10-26T11:55:00Z,668.646,667,0,9.79,658.856,9.79,8.144,NA,Electric sounder measurement,Water level accuracy to nearest hundredth of a foot,5191,Mendocino County Water Agency,NA,5191,Mendocino County Water Agency,120,140,51446,NA,Ukiah Valley-21,GPS with WAAS,10 ft.,1-052,Ukiah Valley,Mendocino,140,Unknown,Single Well,NA,2016-04-21 13:35:00 - 2020-05-15 14:10:00,27,-123.227,39.192
391920N1232273W001,2297256,2017-04-20T10:10:00Z,668.646,667,0,7.03,661.616,7.03,5.384,NA,Electric sounder measurement,Water level accuracy to nearest hundredth of a foot,5191,Mendocino County Water Agency,NA,5191,Mendocino County Water Agency,20,40,51446,NA,Ukiah Valley-21,GPS with WAAS,10 ft.,1-052,Ukiah Valley,Mendocino,140,Unknown,Single Well,NA,2016-04-21 13:35:00 - 2020-05-15 14:10:00,27,-123.227,39.192
391920N1232273W001,2297256,2017-04-20T10:10:00Z,668.646,667,0,7.03,661.616,7.03,5.384,NA,Electric sounder measurement,Water level accuracy to nearest hundredth of a foot,5191,Mendocino County Water Agency,NA,5191,Mendocino County Water Agency,60,80,51446,NA,Ukiah Valley-21,GPS with WAAS,10 ft.,1-052,Ukiah Valley,Mendocino,140,Unknown,Single Well,NA,2016-04-21 13:35:00 - 2020-05-15 14:10:00,27,-123.227,39.192
391920N1232273W001,2297256,2017-04-20T10:10:00Z,668.646,667,0,7.03,661.616,7.03,5.384,NA,Electric sounder measurement,Water level accuracy to nearest hundredth of a foot,5191,Mendocino County Water Agency,NA,5191,Mendocino County Water Agency,120,140,51446,NA,Ukiah Valley-21,GPS with WAAS,10 ft.,1-052,Ukiah Valley,Mendocino,140,Unknown,Single Well,NA,2016-04-21 13:35:00 - 2020-05-15 14:10:00,27,-123.227,39.192
391920N1232273W001,2221752,2016-10-13T13:15:00Z,668.646,667,0,8.67,659.976,8.67,7.024,NA,Electric sounder measurement,Water level accuracy to nearest hundredth of a foot,5191,Mendocino County Water Agency,NA,5191,Mendocino County Water Agency,20,40,51446,NA,Ukiah Valley-21,GPS with WAAS,10 ft.,1-052,Ukiah Valley,Mendocino,140,Unknown,Single Well,NA,2016-04-21 13:35:00 - 2020-05-15 14:10:00,27,-123.227,39.192
391920N1232273W001,2221752,2016-10-13T13:15:00Z,668.646,667,0,8.67,659.976,8.67,7.024,NA,Electric sounder measurement,Water level accuracy to nearest hundredth of a foot,5191,Mendocino County Water Agency,NA,5191,Mendocino County Water Agency,60,80,51446,NA,Ukiah Valley-21,GPS with WAAS,10 ft.,1-052,Ukiah Valley,Mendocino,140,Unknown,Single Well,NA,2016-04-21 13:35:00 - 2020-05-15 14:10:00,27,-123.227,39.192
391920N1232273W001,2221752,2016-10-13T13:15:00Z,668.646,667,0,8.67,659.976,8.67,7.024,NA,Electric sounder measurement,Water level accuracy to nearest hundredth of a foot,5191,Mendocino County Water Agency,NA,5191,Mendocino County Water Agency,120,140,51446,NA,Ukiah Valley-21,GPS with WAAS,10 ft.,1-052,Ukiah Valley,Mendocino,140,Unknown,Single Well,NA,2016-04-21 13:35:00 - 2020-05-15 14:10:00,27,-123.227,39.192
391920N1232273W001,2196258,2016-04-21T13:35:00Z,668.65,667,0,7.41,661.24,7.41,5.76,NA,Electric sounder measurement,Water level accuracy to nearest hundredth of a foot,5191,Mendocino County Water Agency,Collected by RCD,5191,Mendocino County Water Agency,20,40,51446,NA,Ukiah Valley-21,GPS with WAAS,10 ft.,1-052,Ukiah Valley,Mendocino,140,Unknown,Single Well,NA,2016-04-21 13:35:00 - 2020-05-15 14:10:00,27,-123.227,39.192
391920N1232273W001,2196258,2016-04-21T13:35:00Z,668.65,667,0,7.41,661.24,7.41,5.76,NA,Electric sounder measurement,Water level accuracy to nearest hundredth of a foot,5191,Mendocino County Water Agency,Collected by RCD,5191,Mendocino County Water Agency,60,80,51446,NA,Ukiah Valley-21,GPS with WAAS,10 ft.,1-052,Ukiah Valley,Mendocino,140,Unknown,Single Well,NA,2016-04-21 13:35:00 - 2020-05-15 14:10:00,27,-123.227,39.192
391920N1232273W001,2196258,2016-04-21T13:35:00Z,668.65,667,0,7.41,661.24,7.41,5.76,NA,Electric sounder measurement,Water level accuracy to nearest hundredth of a foot,5191,Mendocino County Water Agency,Collected by RCD,5191,Mendocino County Water Agency,120,140,51446,NA,Ukiah Valley-21,GPS with WAAS,10 ft.,1-052,Ukiah Valley,Mendocino,140,Unknown,Single Well,NA,2016-04-21 13:35:00 - 2020-05-15 14:10:00,27,-123.227,39.192
