SITE_CODE,WLM_ID,MSMT_DATE,WLM_RPE,WLM_GSE,RDNG_WS,RDNG_RP,WSE,RPE_WSE,GSE_WSE,WLM_QA_DESC,WLM_DESC,WLM_ACC_DESC,WLM_ORG_ID,WLM_ORG_NAME,MSMT_CMT,COOP_AGENCY_ORG_ID,COOP_ORG_NAME,TOP_PRF,BOT_PRF,STN_ID,SWN,WELL_NAME,WLM_METHOD,WLM_ACC,BASIN_CODE,BASIN_NAME,COUNTY_NAME,WELL_DEPTH,WELL_USE,WELL_TYPE,WCR_NO,t_range,n_samples,season,fall_high,fall_low,spring_high,spring_low,water_year,Oct.Mar,Apr.Jul,WYsum,Index,water_year_type,region,water_year_start,water_year_end,X,Y
391918N1232003W001,2624394,2020-05-15T10:27:00Z,637.63,635,0,37.75,599.88,37.75,35.12,NA,Electric sounder measurement,Water level accuracy to nearest hundredth of a foot,5191,Mendocino County Water Agency,NA,5191,Mendocino County Water Agency,130,150,50339,NA,Ukiah Valley-1,Unknown,Unknown,1-052,Ukiah Valley,Mendocino,160,Observation,Part of a nested/multi-completion well,e0207604 A-D,2014-10-30 14:00:00 - 2020-05-15 10:27:00,12,spring,NA,NA,28.47,35.12,2019,13.11,10.66,24.77,10.34,Wet,SAC,2019-10-01T00:00:00Z,2020-10-01T00:00:00Z,-123.2,39.1918
391918N1232003W001,2493642,2019-10-24T10:00:00Z,637.63,635,0,39.41,598.22,39.41,36.78,NA,Electric sounder measurement,Water level accuracy to nearest hundredth of a foot,5191,Mendocino County Water Agency,NA,5191,Mendocino County Water Agency,130,150,50339,NA,Ukiah Valley-1,Unknown,Unknown,1-052,Ukiah Valley,Mendocino,160,Observation,Part of a nested/multi-completion well,e0207604 A-D,2014-10-30 14:00:00 - 2020-05-15 10:27:00,12,fall,32.155,40.17,NA,NA,2019,13.11,10.66,24.77,10.34,Wet,SAC,2019-10-01T00:00:00Z,2020-10-01T00:00:00Z,-123.2,39.1918
391918N1232003W001,2463851,2019-05-02T09:35:00Z,637.63,635,0,31.24,606.39,31.24,28.61,NA,Electric sounder measurement,Water level accuracy to nearest hundredth of a foot,5191,Mendocino County Water Agency,NA,5191,Mendocino County Water Agency,130,150,50339,NA,Ukiah Valley-1,Unknown,Unknown,1-052,Ukiah Valley,Mendocino,160,Observation,Part of a nested/multi-completion well,e0207604 A-D,2014-10-30 14:00:00 - 2020-05-15 10:27:00,12,spring,NA,NA,28.47,35.12,2018,7.09,5.05,12.86,7.14,Below Normal,SAC,2018-10-01T00:00:00Z,2019-10-01T00:00:00Z,-123.2,39.1918
391918N1232003W001,2423008,2018-10-25T10:10:00Z,637.63,635,0,40.46,597.17,40.46,37.83,NA,Electric sounder measurement,Water level accuracy to nearest hundredth of a foot,5191,Mendocino County Water Agency,NA,5191,Mendocino County Water Agency,130,150,50339,NA,Ukiah Valley-1,Unknown,Unknown,1-052,Ukiah Valley,Mendocino,160,Observation,Part of a nested/multi-completion well,e0207604 A-D,2014-10-30 14:00:00 - 2020-05-15 10:27:00,12,fall,32.155,40.17,NA,NA,2018,7.09,5.05,12.86,7.14,Below Normal,SAC,2018-10-01T00:00:00Z,2019-10-01T00:00:00Z,-123.2,39.1918
391918N1232003W001,2307125,2018-04-30T09:40:00Z,637.63,635,0,32.46,605.17,32.46,29.83,NA,Electric sounder measurement,Water level accuracy to nearest hundredth of a foot,5191,Mendocino County Water Agency,NA,5191,Mendocino County Water Agency,130,150,50339,NA,Ukiah Valley-1,Unknown,Unknown,1-052,Ukiah Valley,Mendocino,160,Observation,Part of a nested/multi-completion well,e0207604 A-D,2014-10-30 14:00:00 - 2020-05-15 10:27:00,12,spring,NA,NA,28.47,35.12,2017,26.17,10.69,37.82,14.14,Wet,SAC,2017-10-01T00:00:00Z,2018-10-01T00:00:00Z,-123.2,39.1918
391918N1232003W001,2277467,2017-10-26T11:30:00Z,637.63,635,0,39.57,598.06,39.57,36.94,NA,Electric sounder measurement,Water level accuracy to nearest hundredth of a foot,5191,Mendocino County Water Agency,NA,5191,Mendocino County Water Agency,130,150,50339,NA,Ukiah Valley-1,Unknown,Unknown,1-052,Ukiah Valley,Mendocino,160,Observation,Part of a nested/multi-completion well,e0207604 A-D,2014-10-30 14:00:00 - 2020-05-15 10:27:00,12,fall,32.155,40.17,NA,NA,2017,26.17,10.69,37.82,14.14,Wet,SAC,2017-10-01T00:00:00Z,2018-10-01T00:00:00Z,-123.2,39.1918
391918N1232003W001,2304850,2017-04-12T10:57:00Z,637.63,635,0,31.1,606.53,31.1,28.47,NA,Electric sounder measurement,Water level accuracy to nearest hundredth of a foot,5191,Mendocino County Water Agency,NA,5191,Mendocino County Water Agency,130,150,50339,NA,Ukiah Valley-1,Unknown,Unknown,1-052,Ukiah Valley,Mendocino,160,Observation,Part of a nested/multi-completion well,e0207604 A-D,2014-10-30 14:00:00 - 2020-05-15 10:27:00,12,spring,NA,NA,28.47,35.12,2016,12.24,4.6,17.48,6.71,Below Normal,SAC,2016-10-01T00:00:00Z,2017-10-01T00:00:00Z,-123.2,39.1918
391918N1232003W001,2219660,2016-10-19T00:00:00Z,637.63,635,0,40.365,597.265,40.365,37.735,NA,Electric sounder measurement,Water level accuracy to nearest hundredth of a foot,5191,Mendocino County Water Agency,NA,5191,Mendocino County Water Agency,130,150,50339,NA,Ukiah Valley-1,Unknown,Unknown,1-052,Ukiah Valley,Mendocino,160,Observation,Part of a nested/multi-completion well,e0207604 A-D,2014-10-30 14:00:00 - 2020-05-15 10:27:00,12,fall,32.155,40.17,NA,NA,2016,12.24,4.6,17.48,6.71,Below Normal,SAC,2016-10-01T00:00:00Z,2017-10-01T00:00:00Z,-123.2,39.1918
391918N1232003W001,2196233,2016-04-13T14:26:00Z,637.63,635,0,34.65,602.98,34.65,32.02,NA,Electric sounder measurement,Water level accuracy to nearest hundredth of a foot,5191,Mendocino County Water Agency,NA,5191,Mendocino County Water Agency,130,150,50339,NA,Ukiah Valley-1,Unknown,Unknown,1-052,Ukiah Valley,Mendocino,160,Observation,Part of a nested/multi-completion well,e0207604 A-D,2014-10-30 14:00:00 - 2020-05-15 10:27:00,12,spring,NA,NA,28.47,35.12,2015,6.91,1.77,9.23,4,Critical,SAC,2015-10-01T00:00:00Z,2016-10-01T00:00:00Z,-123.2,39.1918
391918N1232003W001,2157908,2015-10-14T16:10:00Z,637.63,635,0,42.8,594.83,42.8,40.17,NA,Electric sounder measurement,Water level accuracy to nearest hundredth of a foot,5191,Mendocino County Water Agency,NA,5191,Mendocino County Water Agency,130,150,50339,NA,Ukiah Valley-1,Unknown,Unknown,1-052,Ukiah Valley,Mendocino,160,Observation,Part of a nested/multi-completion well,e0207604 A-D,2014-10-30 14:00:00 - 2020-05-15 10:27:00,12,fall,32.155,40.17,NA,NA,2015,6.91,1.77,9.23,4,Critical,SAC,2015-10-01T00:00:00Z,2016-10-01T00:00:00Z,-123.2,39.1918
391918N1232003W001,2138322,2015-05-04T10:14:00Z,637.63,635,0,35.63,602,35.63,33,NA,Electric sounder measurement,Water level accuracy to nearest hundredth of a foot,5191,Mendocino County Water Agency,NA,5191,Mendocino County Water Agency,130,150,50339,NA,Ukiah Valley-1,Unknown,Unknown,1-052,Ukiah Valley,Mendocino,160,Observation,Part of a nested/multi-completion well,e0207604 A-D,2014-10-30 14:00:00 - 2020-05-15 10:27:00,12,spring,NA,NA,28.47,35.12,2014,4.29,2.59,7.46,4.07,Critical,SAC,2014-10-01T00:00:00Z,2015-10-01T00:00:00Z,-123.2,39.1918
391918N1232003W001,2106404,2014-10-30T14:00:00Z,639,635,0,36.155,602.845,36.155,32.155,NA,Electric sounder measurement,Water level accuracy to nearest hundredth of a foot,5191,Mendocino County Water Agency,NA,5191,Mendocino County Water Agency,130,150,50339,NA,Ukiah Valley-1,Unknown,Unknown,1-052,Ukiah Valley,Mendocino,160,Observation,Part of a nested/multi-completion well,e0207604 A-D,2014-10-30 14:00:00 - 2020-05-15 10:27:00,12,fall,32.155,40.17,NA,NA,2014,4.29,2.59,7.46,4.07,Critical,SAC,2014-10-01T00:00:00Z,2015-10-01T00:00:00Z,-123.2,39.1918
