STN_ID.x,SITE_CODE,WLM_ID,MSMT_DATE,WLM_RPE,WLM_GSE,RDNG_WS,RDNG_RP,WSE,RPE_WSE,GSE_WSE,WLM_QA_DESC,WLM_DESC,WLM_ACC_DESC,WLM_ORG_ID,WLM_ORG_NAME,MSMT_CMT,COOP_AGENCY_ORG_ID,COOP_ORG_NAME,STN_ID.y,TOP_PRF,BOT_PRF,STN_ID,SWN,WELL_NAME,WLM_METHOD,WLM_ACC,BASIN_CODE,BASIN_NAME,COUNTY_NAME,WELL_DEPTH,WELL_USE,WELL_TYPE,WCR_NO,t_range,n_samples
51458,391932N1232124W001,2624430,2020-05-14T14:30:00Z,654.27,654,0,30.36,623.91,30.36,30.09,NA,Electric sounder measurement,Water level accuracy to nearest hundredth of a foot,5191,Mendocino County Water Agency,NA,5191,Mendocino County Water Agency,NA,NA,NA,51458,NA,Ukiah Valley-35,GPS with WAAS,10 ft.,1-052,Ukiah Valley,Mendocino,NA,Unknown,Single Well,NA,2016-05-11 10:35:00 - 2020-05-14 14:30:00,9
51458,391932N1232124W001,2493678,2019-10-30T15:15:00Z,654.27,654,0,17.91,636.36,17.91,17.64,NA,Electric sounder measurement,Water level accuracy to nearest hundredth of a foot,5191,Mendocino County Water Agency,NA,5191,Mendocino County Water Agency,NA,NA,NA,51458,NA,Ukiah Valley-35,GPS with WAAS,10 ft.,1-052,Ukiah Valley,Mendocino,NA,Unknown,Single Well,NA,2016-05-11 10:35:00 - 2020-05-14 14:30:00,9
51458,391932N1232124W001,2463887,2019-05-01T10:13:00Z,654.27,654,0,20.4,633.87,20.4,20.13,NA,Electric sounder measurement,Water level accuracy to nearest hundredth of a foot,5191,Mendocino County Water Agency,NA,5191,Mendocino County Water Agency,NA,NA,NA,51458,NA,Ukiah Valley-35,GPS with WAAS,10 ft.,1-052,Ukiah Valley,Mendocino,NA,Unknown,Single Well,NA,2016-05-11 10:35:00 - 2020-05-14 14:30:00,9
51458,391932N1232124W001,2423043,2018-11-05T10:14:00Z,654.27,654,0,34.02,620.25,34.02,33.75,Pumping,Electric sounder measurement,Water level accuracy to nearest hundredth of a foot,5191,Mendocino County Water Agency,NA,5191,Mendocino County Water Agency,NA,NA,NA,51458,NA,Ukiah Valley-35,GPS with WAAS,10 ft.,1-052,Ukiah Valley,Mendocino,NA,Unknown,Single Well,NA,2016-05-11 10:35:00 - 2020-05-14 14:30:00,9
51458,391932N1232124W001,2307161,2018-04-18T15:44:00Z,654.27,654,0,31.57,622.7,31.57,31.3,NA,Electric sounder measurement,Water level accuracy to nearest hundredth of a foot,5191,Mendocino County Water Agency,NA,5191,Mendocino County Water Agency,NA,NA,NA,51458,NA,Ukiah Valley-35,GPS with WAAS,10 ft.,1-052,Ukiah Valley,Mendocino,NA,Unknown,Single Well,NA,2016-05-11 10:35:00 - 2020-05-14 14:30:00,9
51458,391932N1232124W001,2277529,2017-10-23T13:55:00Z,654.375,654,0,13.92,640.455,13.92,13.545,NA,Electric sounder measurement,Water level accuracy to nearest hundredth of a foot,5191,Mendocino County Water Agency,NA,5191,Mendocino County Water Agency,NA,NA,NA,51458,NA,Ukiah Valley-35,GPS with WAAS,10 ft.,1-052,Ukiah Valley,Mendocino,NA,Unknown,Single Well,NA,2016-05-11 10:35:00 - 2020-05-14 14:30:00,9
51458,391932N1232124W001,2304851,2017-04-19T15:00:00Z,654.375,654,0,7.43,646.945,7.43,7.055,NA,Unknown,Water level accuracy to nearest hundredth of a foot,5191,Mendocino County Water Agency,NA,5191,Mendocino County Water Agency,NA,NA,NA,51458,NA,Ukiah Valley-35,GPS with WAAS,10 ft.,1-052,Ukiah Valley,Mendocino,NA,Unknown,Single Well,NA,2016-05-11 10:35:00 - 2020-05-14 14:30:00,9
51458,391932N1232124W001,2221743,2016-10-13T12:38:00Z,654.375,654,0,13.29,641.085,13.29,12.915,NA,Electric sounder measurement,Water level accuracy to nearest hundredth of a foot,5191,Mendocino County Water Agency,NA,5191,Mendocino County Water Agency,NA,NA,NA,51458,NA,Ukiah Valley-35,GPS with WAAS,10 ft.,1-052,Ukiah Valley,Mendocino,NA,Unknown,Single Well,NA,2016-05-11 10:35:00 - 2020-05-14 14:30:00,9
51458,391932N1232124W001,2196270,2016-05-11T10:35:00Z,654.375,654,0,10.11,644.265,10.11,9.735,NA,Electric sounder measurement,Water level accuracy to nearest hundredth of a foot,5191,Mendocino County Water Agency,NA,5191,Mendocino County Water Agency,NA,NA,NA,51458,NA,Ukiah Valley-35,GPS with WAAS,10 ft.,1-052,Ukiah Valley,Mendocino,NA,Unknown,Single Well,NA,2016-05-11 10:35:00 - 2020-05-14 14:30:00,9
