STN_ID.x,SITE_CODE,WLM_ID,MSMT_DATE,WLM_RPE,WLM_GSE,RDNG_WS,RDNG_RP,WSE,RPE_WSE,GSE_WSE,WLM_QA_DESC,WLM_DESC,WLM_ACC_DESC,WLM_ORG_ID,WLM_ORG_NAME,MSMT_CMT,COOP_AGENCY_ORG_ID,COOP_ORG_NAME,STN_ID.y,TOP_PRF,BOT_PRF,STN_ID,SWN,WELL_NAME,WLM_METHOD,WLM_ACC,BASIN_CODE,BASIN_NAME,COUNTY_NAME,WELL_DEPTH,WELL_USE,WELL_TYPE,WCR_NO,t_range,n_samples
50340,391918N1232003W002,2624395,2020-05-15T10:29:00Z,638.17,635,0,48.8,589.37,48.8,45.63,NA,Electric sounder measurement,Water level accuracy to nearest hundredth of a foot,5191,Mendocino County Water Agency,NA,5191,Mendocino County Water Agency,50340,200,220,50340,NA,Ukiah Valley-2,Unknown,Unknown,1-052,Ukiah Valley,Mendocino,230,Observation,Part of a nested/multi-completion well,e0207604 A-D,2014-10-30 13:50:00 - 2020-05-15 10:29:00,12
50340,391918N1232003W002,2493643,2019-10-24T10:10:00Z,638.17,635,0,49.9,588.27,49.9,46.73,NA,Electric sounder measurement,Water level accuracy to nearest hundredth of a foot,5191,Mendocino County Water Agency,NA,5191,Mendocino County Water Agency,50340,200,220,50340,NA,Ukiah Valley-2,Unknown,Unknown,1-052,Ukiah Valley,Mendocino,230,Observation,Part of a nested/multi-completion well,e0207604 A-D,2014-10-30 13:50:00 - 2020-05-15 10:29:00,12
50340,391918N1232003W002,2463852,2019-05-02T09:40:00Z,638.17,635,0,40.04,598.13,40.04,36.87,NA,Electric sounder measurement,Water level accuracy to nearest hundredth of a foot,5191,Mendocino County Water Agency,NA,5191,Mendocino County Water Agency,50340,200,220,50340,NA,Ukiah Valley-2,Unknown,Unknown,1-052,Ukiah Valley,Mendocino,230,Observation,Part of a nested/multi-completion well,e0207604 A-D,2014-10-30 13:50:00 - 2020-05-15 10:29:00,12
50340,391918N1232003W002,2423009,2018-10-25T10:20:00Z,638.17,635,0,50.06,588.11,50.06,46.89,NA,Electric sounder measurement,Water level accuracy to nearest hundredth of a foot,5191,Mendocino County Water Agency,NA,5191,Mendocino County Water Agency,50340,200,220,50340,NA,Ukiah Valley-2,Unknown,Unknown,1-052,Ukiah Valley,Mendocino,230,Observation,Part of a nested/multi-completion well,e0207604 A-D,2014-10-30 13:50:00 - 2020-05-15 10:29:00,12
50340,391918N1232003W002,2307126,2018-04-30T09:50:00Z,638.17,635,0,32.46,605.71,32.46,29.29,NA,Electric sounder measurement,Water level accuracy to nearest hundredth of a foot,5191,Mendocino County Water Agency,NA,5191,Mendocino County Water Agency,50340,200,220,50340,NA,Ukiah Valley-2,Unknown,Unknown,1-052,Ukiah Valley,Mendocino,230,Observation,Part of a nested/multi-completion well,e0207604 A-D,2014-10-30 13:50:00 - 2020-05-15 10:29:00,12
50340,391918N1232003W002,2277468,2017-10-26T11:27:00Z,638.17,635,0,49.65,588.52,49.65,46.48,NA,Electric sounder measurement,Water level accuracy to nearest hundredth of a foot,5191,Mendocino County Water Agency,NA,5191,Mendocino County Water Agency,50340,200,220,50340,NA,Ukiah Valley-2,Unknown,Unknown,1-052,Ukiah Valley,Mendocino,230,Observation,Part of a nested/multi-completion well,e0207604 A-D,2014-10-30 13:50:00 - 2020-05-15 10:29:00,12
50340,391918N1232003W002,2246680,2017-04-12T11:00:00Z,638.17,635,0,40.56,597.61,40.56,37.39,NA,Electric sounder measurement,Water level accuracy to nearest hundredth of a foot,5191,Mendocino County Water Agency,NA,5191,Mendocino County Water Agency,50340,200,220,50340,NA,Ukiah Valley-2,Unknown,Unknown,1-052,Ukiah Valley,Mendocino,230,Observation,Part of a nested/multi-completion well,e0207604 A-D,2014-10-30 13:50:00 - 2020-05-15 10:29:00,12
50340,391918N1232003W002,2219661,2016-10-19T16:00:00Z,638.17,635,0,49.84,588.33,49.84,46.67,NA,Electric sounder measurement,Water level accuracy to nearest hundredth of a foot,5191,Mendocino County Water Agency,NA,5191,Mendocino County Water Agency,50340,200,220,50340,NA,Ukiah Valley-2,Unknown,Unknown,1-052,Ukiah Valley,Mendocino,230,Observation,Part of a nested/multi-completion well,e0207604 A-D,2014-10-30 13:50:00 - 2020-05-15 10:29:00,12
50340,391918N1232003W002,2196234,2016-04-13T14:32:00Z,638.17,635,0,46.75,591.42,46.75,43.58,NA,Electric sounder measurement,Water level accuracy to nearest hundredth of a foot,5191,Mendocino County Water Agency,NA,5191,Mendocino County Water Agency,50340,200,220,50340,NA,Ukiah Valley-2,Unknown,Unknown,1-052,Ukiah Valley,Mendocino,230,Observation,Part of a nested/multi-completion well,e0207604 A-D,2014-10-30 13:50:00 - 2020-05-15 10:29:00,12
50340,391918N1232003W002,2157909,2015-10-14T16:15:00Z,638.17,635,0,51.7,586.47,51.7,48.53,NA,Electric sounder measurement,Water level accuracy to nearest hundredth of a foot,5191,Mendocino County Water Agency,NA,5191,Mendocino County Water Agency,50340,200,220,50340,NA,Ukiah Valley-2,Unknown,Unknown,1-052,Ukiah Valley,Mendocino,230,Observation,Part of a nested/multi-completion well,e0207604 A-D,2014-10-30 13:50:00 - 2020-05-15 10:29:00,12
50340,391918N1232003W002,2138323,2015-05-04T10:23:00Z,638.17,635,0,43.92,594.25,43.92,40.75,NA,Electric sounder measurement,Water level accuracy to nearest hundredth of a foot,5191,Mendocino County Water Agency,NA,5191,Mendocino County Water Agency,50340,200,220,50340,NA,Ukiah Valley-2,Unknown,Unknown,1-052,Ukiah Valley,Mendocino,230,Observation,Part of a nested/multi-completion well,e0207604 A-D,2014-10-30 13:50:00 - 2020-05-15 10:29:00,12
50340,391918N1232003W002,2106414,2014-10-30T13:50:00Z,638,635,0,42.835,595.165,42.835,39.835,NA,Electric sounder measurement,Water level accuracy to nearest hundredth of a foot,5191,Mendocino County Water Agency,NA,5191,Mendocino County Water Agency,50340,200,220,50340,NA,Ukiah Valley-2,Unknown,Unknown,1-052,Ukiah Valley,Mendocino,230,Observation,Part of a nested/multi-completion well,e0207604 A-D,2014-10-30 13:50:00 - 2020-05-15 10:29:00,12
