STN_ID.x,SITE_CODE,WLM_ID,MSMT_DATE,WLM_RPE,WLM_GSE,RDNG_WS,RDNG_RP,WSE,RPE_WSE,GSE_WSE,WLM_QA_DESC,WLM_DESC,WLM_ACC_DESC,WLM_ORG_ID,WLM_ORG_NAME,MSMT_CMT,COOP_AGENCY_ORG_ID,COOP_ORG_NAME,STN_ID.y,TOP_PRF,BOT_PRF,STN_ID,SWN,WELL_NAME,WLM_METHOD,WLM_ACC,BASIN_CODE,BASIN_NAME,COUNTY_NAME,WELL_DEPTH,WELL_USE,WELL_TYPE,WCR_NO,t_range,n_samples
51448,391917N1232000W001,2624416,2020-05-15T10:41:00Z,626.083,624,0,47.92,578.163,47.92,45.837,NA,Electric sounder measurement,Water level accuracy to nearest hundredth of a foot,5191,Mendocino County Water Agency,NA,5191,Mendocino County Water Agency,51448,120,220,51448,NA,Ukiah Valley-23,GPS with WAAS,10 ft.,1-052,Ukiah Valley,Mendocino,420,Other,Single Well,e0232792,2016-04-13 15:01:00 - 2020-05-15 10:41:00,9
51448,391917N1232000W001,2493664,2019-10-24T10:30:00Z,626.083,624,0,49.11,576.973,49.11,47.027,NA,Electric sounder measurement,Water level accuracy to nearest hundredth of a foot,5191,Mendocino County Water Agency,NA,5191,Mendocino County Water Agency,51448,120,220,51448,NA,Ukiah Valley-23,GPS with WAAS,10 ft.,1-052,Ukiah Valley,Mendocino,420,Other,Single Well,e0232792,2016-04-13 15:01:00 - 2020-05-15 10:41:00,9
51448,391917N1232000W001,2463873,2019-05-02T09:55:00Z,626.083,624,0,39.19,586.893,39.19,37.107,NA,Electric sounder measurement,Water level accuracy to nearest hundredth of a foot,5191,Mendocino County Water Agency,NA,5191,Mendocino County Water Agency,51448,120,220,51448,NA,Ukiah Valley-23,GPS with WAAS,10 ft.,1-052,Ukiah Valley,Mendocino,420,Other,Single Well,e0232792,2016-04-13 15:01:00 - 2020-05-15 10:41:00,9
51448,391917N1232000W001,2423029,2018-10-25T10:50:00Z,626.083,624,0,49.21,576.873,49.21,47.127,NA,Electric sounder measurement,Water level accuracy to nearest hundredth of a foot,5191,Mendocino County Water Agency,NA,5191,Mendocino County Water Agency,51448,120,220,51448,NA,Ukiah Valley-23,GPS with WAAS,10 ft.,1-052,Ukiah Valley,Mendocino,420,Other,Single Well,e0232792,2016-04-13 15:01:00 - 2020-05-15 10:41:00,9
51448,391917N1232000W001,2307147,2018-04-30T10:05:00Z,626.083,624,0,42.55,583.533,42.55,40.467,NA,Electric sounder measurement,Water level accuracy to nearest hundredth of a foot,5191,Mendocino County Water Agency,NA,5191,Mendocino County Water Agency,51448,120,220,51448,NA,Ukiah Valley-23,GPS with WAAS,10 ft.,1-052,Ukiah Valley,Mendocino,420,Other,Single Well,e0232792,2016-04-13 15:01:00 - 2020-05-15 10:41:00,9
51448,391917N1232000W001,2277489,2017-10-26T11:35:00Z,626.083,624,0,48.79,577.293,48.79,46.707,NA,Electric sounder measurement,Water level accuracy to nearest hundredth of a foot,5191,Mendocino County Water Agency,NA,5191,Mendocino County Water Agency,51448,120,220,51448,NA,Ukiah Valley-23,GPS with WAAS,10 ft.,1-052,Ukiah Valley,Mendocino,420,Other,Single Well,e0232792,2016-04-13 15:01:00 - 2020-05-15 10:41:00,9
51448,391917N1232000W001,2246681,2017-04-12T11:14:00Z,626.083,624,0,39.9,586.183,39.9,37.817,NA,Electric sounder measurement,Water level accuracy to nearest hundredth of a foot,5191,Mendocino County Water Agency,NA,5191,Mendocino County Water Agency,51448,120,220,51448,NA,Ukiah Valley-23,GPS with WAAS,10 ft.,1-052,Ukiah Valley,Mendocino,420,Other,Single Well,e0232792,2016-04-13 15:01:00 - 2020-05-15 10:41:00,9
51448,391917N1232000W001,2221762,2016-10-19T15:55:00Z,626.083,624,0,49,577.083,49,46.917,NA,Electric sounder measurement,Water level accuracy to nearest hundredth of a foot,5191,Mendocino County Water Agency,NA,5191,Mendocino County Water Agency,51448,120,220,51448,NA,Ukiah Valley-23,GPS with WAAS,10 ft.,1-052,Ukiah Valley,Mendocino,420,Other,Single Well,e0232792,2016-04-13 15:01:00 - 2020-05-15 10:41:00,9
51448,391917N1232000W001,2196260,2016-04-13T15:01:00Z,626.08,624,0,46.02,580.06,46.02,43.94,NA,Electric sounder measurement,Water level accuracy to nearest hundredth of a foot,5191,Mendocino County Water Agency,Collected by RCD,5191,Mendocino County Water Agency,51448,120,220,51448,NA,Ukiah Valley-23,GPS with WAAS,10 ft.,1-052,Ukiah Valley,Mendocino,420,Other,Single Well,e0232792,2016-04-13 15:01:00 - 2020-05-15 10:41:00,9
