SITE_CODE,WLM_ID,MSMT_DATE,WLM_RPE,WLM_GSE,RDNG_WS,RDNG_RP,WSE,RPE_WSE,GSE_WSE,WLM_QA_DESC,WLM_DESC,WLM_ACC_DESC,WLM_ORG_ID,WLM_ORG_NAME,MSMT_CMT,COOP_AGENCY_ORG_ID,COOP_ORG_NAME,TOP_PRF,BOT_PRF,STN_ID,SWN,WELL_NAME,WLM_METHOD,WLM_ACC,BASIN_CODE,BASIN_NAME,COUNTY_NAME,WELL_DEPTH,WELL_USE,WELL_TYPE,WCR_NO,t_range,n_samples,season,fall_high,fall_low,spring_high,spring_low,water_year,Oct.Mar,Apr.Jul,WYsum,Index,water_year_type,region,water_year_start,water_year_end,X,Y
392358N1232020W001,2662635,2020-09-10T00:00:00Z,684.35,682.85,0,21.8,662.55,21.8,20.3,NA,Electric sounder measurement,Water level accuracy to nearest tenth of a foot,1,Department of Water Resources,Run 1,1,Department of Water Resources,94,274,33876,16N12W16N002M,NA,Unknown,Unknown,1-052,Ukiah Valley,Mendocino,274,Residential,Unknown,15976,1973-10-18 - 2020-09-10,117,fall,19,138,NA,NA,2019,13.11,10.66,24.77,10.34,Wet,SAC,2019-10-01T00:00:00Z,2020-10-01T00:00:00Z,-123.202,39.2358
392358N1232020W001,2660446,2020-08-05T00:00:00Z,684.35,682.85,0,21.3,663.05,21.3,19.8,NA,Electric sounder measurement,Water level accuracy to nearest tenth of a foot,1,Department of Water Resources,Run 1,1,Department of Water Resources,94,274,33876,16N12W16N002M,NA,Unknown,Unknown,1-052,Ukiah Valley,Mendocino,274,Residential,Unknown,15976,1973-10-18 - 2020-09-10,117,fall,19,138,NA,NA,2019,13.11,10.66,24.77,10.34,Wet,SAC,2019-10-01T00:00:00Z,2020-10-01T00:00:00Z,-123.202,39.2358
392358N1232020W001,2632457,2020-07-01T00:00:00Z,684.35,682.85,0,20.8,663.55,20.8,19.3,NA,Electric sounder measurement,Water level accuracy to nearest tenth of a foot,1,Department of Water Resources,Run 1,1,Department of Water Resources,94,274,33876,16N12W16N002M,NA,Unknown,Unknown,1-052,Ukiah Valley,Mendocino,274,Residential,Unknown,15976,1973-10-18 - 2020-09-10,117,other,NA,NA,NA,NA,2019,13.11,10.66,24.77,10.34,Wet,SAC,2019-10-01T00:00:00Z,2020-10-01T00:00:00Z,-123.202,39.2358
392358N1232020W001,2626452,2020-06-03T00:00:00Z,684.35,682.85,0,21.1,663.25,21.1,19.6,NA,Electric sounder measurement,Water level accuracy to nearest tenth of a foot,1,Department of Water Resources,Run 1,1,Department of Water Resources,94,274,33876,16N12W16N002M,NA,Unknown,Unknown,1-052,Ukiah Valley,Mendocino,274,Residential,Unknown,15976,1973-10-18 - 2020-09-10,117,other,NA,NA,NA,NA,2019,13.11,10.66,24.77,10.34,Wet,SAC,2019-10-01T00:00:00Z,2020-10-01T00:00:00Z,-123.202,39.2358
392358N1232020W001,2624598,2020-05-15T00:00:00Z,684.35,682.85,0,19.7,664.65,19.7,18.2,NA,Electric sounder measurement,Water level accuracy to nearest tenth of a foot,1,Department of Water Resources,NA,1,Department of Water Resources,94,274,33876,16N12W16N002M,NA,Unknown,Unknown,1-052,Ukiah Valley,Mendocino,274,Residential,Unknown,15976,1973-10-18 - 2020-09-10,117,spring,NA,NA,15.9,179.6,2019,13.11,10.66,24.77,10.34,Wet,SAC,2019-10-01T00:00:00Z,2020-10-01T00:00:00Z,-123.202,39.2358
392358N1232020W001,2538502,2020-03-10T00:00:00Z,684.35,682.85,0,18.9,665.45,18.9,17.4,NA,Electric sounder measurement,Water level accuracy to nearest tenth of a foot,1,Department of Water Resources,NA,1,Department of Water Resources,94,274,33876,16N12W16N002M,NA,Unknown,Unknown,1-052,Ukiah Valley,Mendocino,274,Residential,Unknown,15976,1973-10-18 - 2020-09-10,117,spring,NA,NA,15.9,179.6,2019,13.11,10.66,24.77,10.34,Wet,SAC,2019-10-01T00:00:00Z,2020-10-01T00:00:00Z,-123.202,39.2358
392358N1232020W001,2519645,2020-02-06T00:00:00Z,684.35,682.85,0,19,665.35,19,17.5,NA,Electric sounder measurement,Water level accuracy to nearest tenth of a foot,1,Department of Water Resources,NA,1,Department of Water Resources,94,274,33876,16N12W16N002M,NA,Unknown,Unknown,1-052,Ukiah Valley,Mendocino,274,Residential,Unknown,15976,1973-10-18 - 2020-09-10,117,other,NA,NA,NA,NA,2019,13.11,10.66,24.77,10.34,Wet,SAC,2019-10-01T00:00:00Z,2020-10-01T00:00:00Z,-123.202,39.2358
392358N1232020W001,2493851,2020-01-09T00:00:00Z,684.35,682.85,0,19.7,664.65,19.7,18.2,NA,Electric sounder measurement,Water level accuracy to nearest tenth of a foot,1,Department of Water Resources,NA,1,Department of Water Resources,94,274,33876,16N12W16N002M,NA,Unknown,Unknown,1-052,Ukiah Valley,Mendocino,274,Residential,Unknown,15976,1973-10-18 - 2020-09-10,117,other,NA,NA,NA,NA,2019,13.11,10.66,24.77,10.34,Wet,SAC,2019-10-01T00:00:00Z,2020-10-01T00:00:00Z,-123.202,39.2358
392358N1232020W001,2489302,2019-12-10T00:00:00Z,684.35,682.85,0,20.7,663.65,20.7,19.2,NA,Electric sounder measurement,Water level accuracy to nearest tenth of a foot,1,Department of Water Resources,NA,1,Department of Water Resources,94,274,33876,16N12W16N002M,NA,Unknown,Unknown,1-052,Ukiah Valley,Mendocino,274,Residential,Unknown,15976,1973-10-18 - 2020-09-10,117,other,NA,NA,NA,NA,2019,13.11,10.66,24.77,10.34,Wet,SAC,2019-10-01T00:00:00Z,2020-10-01T00:00:00Z,-123.202,39.2358
392358N1232020W001,2485105,2019-11-13T00:00:00Z,684.35,682.85,0,21.2,663.15,21.2,19.7,NA,Electric sounder measurement,Water level accuracy to nearest tenth of a foot,1,Department of Water Resources,NA,1,Department of Water Resources,94,274,33876,16N12W16N002M,NA,Unknown,Unknown,1-052,Ukiah Valley,Mendocino,274,Residential,Unknown,15976,1973-10-18 - 2020-09-10,117,fall,19,138,NA,NA,2019,13.11,10.66,24.77,10.34,Wet,SAC,2019-10-01T00:00:00Z,2020-10-01T00:00:00Z,-123.202,39.2358
392358N1232020W001,2479722,2019-10-23T00:00:00Z,684.35,682.85,0,21.2,663.15,21.2,19.7,NA,Electric sounder measurement,Water level accuracy to nearest tenth of a foot,1,Department of Water Resources,NA,1,Department of Water Resources,94,274,33876,16N12W16N002M,NA,Unknown,Unknown,1-052,Ukiah Valley,Mendocino,274,Residential,Unknown,15976,1973-10-18 - 2020-09-10,117,fall,19,138,NA,NA,2019,13.11,10.66,24.77,10.34,Wet,SAC,2019-10-01T00:00:00Z,2020-10-01T00:00:00Z,-123.202,39.2358
392358N1232020W001,2475351,2019-09-18T00:00:00Z,684.35,682.85,0,21,663.35,21,19.5,NA,Electric sounder measurement,Water level accuracy to nearest tenth of a foot,1,Department of Water Resources,NA,1,Department of Water Resources,94,274,33876,16N12W16N002M,NA,Unknown,Unknown,1-052,Ukiah Valley,Mendocino,274,Residential,Unknown,15976,1973-10-18 - 2020-09-10,117,fall,19,138,NA,NA,2018,7.09,5.05,12.86,7.14,Below Normal,SAC,2018-10-01T00:00:00Z,2019-10-01T00:00:00Z,-123.202,39.2358
392358N1232020W001,2474486,2019-08-19T00:00:00Z,684.35,682.85,0,20.5,663.85,20.5,19,NA,Electric sounder measurement,Water level accuracy to nearest tenth of a foot,1,Department of Water Resources,NA,1,Department of Water Resources,94,274,33876,16N12W16N002M,NA,Unknown,Unknown,1-052,Ukiah Valley,Mendocino,274,Residential,Unknown,15976,1973-10-18 - 2020-09-10,117,fall,19,138,NA,NA,2018,7.09,5.05,12.86,7.14,Below Normal,SAC,2018-10-01T00:00:00Z,2019-10-01T00:00:00Z,-123.202,39.2358
392358N1232020W001,2472417,2019-07-15T00:00:00Z,684.35,682.85,0,20.1,664.25,20.1,18.6,NA,Electric sounder measurement,Water level accuracy to nearest tenth of a foot,1,Department of Water Resources,NA,1,Department of Water Resources,94,274,33876,16N12W16N002M,NA,Unknown,Unknown,1-052,Ukiah Valley,Mendocino,274,Residential,Unknown,15976,1973-10-18 - 2020-09-10,117,other,NA,NA,NA,NA,2018,7.09,5.05,12.86,7.14,Below Normal,SAC,2018-10-01T00:00:00Z,2019-10-01T00:00:00Z,-123.202,39.2358
392358N1232020W001,2465728,2019-06-18T00:00:00Z,684.35,682.85,0,19.5,664.85,19.5,18,NA,Electric sounder measurement,Water level accuracy to nearest tenth of a foot,1,Department of Water Resources,NA,1,Department of Water Resources,94,274,33876,16N12W16N002M,NA,Unknown,Unknown,1-052,Ukiah Valley,Mendocino,274,Residential,Unknown,15976,1973-10-18 - 2020-09-10,117,other,NA,NA,NA,NA,2018,7.09,5.05,12.86,7.14,Below Normal,SAC,2018-10-01T00:00:00Z,2019-10-01T00:00:00Z,-123.202,39.2358
392358N1232020W001,2461324,2019-05-20T00:00:00Z,684.35,682.85,0,19.1,665.25,19.1,17.6,NA,Electric sounder measurement,Water level accuracy to nearest tenth of a foot,1,Department of Water Resources,NA,1,Department of Water Resources,94,274,33876,16N12W16N002M,NA,Unknown,Unknown,1-052,Ukiah Valley,Mendocino,274,Residential,Unknown,15976,1973-10-18 - 2020-09-10,117,spring,NA,NA,15.9,179.6,2018,7.09,5.05,12.86,7.14,Below Normal,SAC,2018-10-01T00:00:00Z,2019-10-01T00:00:00Z,-123.202,39.2358
392358N1232020W001,2453231,2019-04-08T00:00:00Z,684.35,682.85,0,18.1,666.25,18.1,16.6,NA,Electric sounder measurement,Water level accuracy to nearest tenth of a foot,1,Department of Water Resources,NA,1,Department of Water Resources,94,274,33876,16N12W16N002M,NA,Unknown,Unknown,1-052,Ukiah Valley,Mendocino,274,Residential,Unknown,15976,1973-10-18 - 2020-09-10,117,spring,NA,NA,15.9,179.6,2018,7.09,5.05,12.86,7.14,Below Normal,SAC,2018-10-01T00:00:00Z,2019-10-01T00:00:00Z,-123.202,39.2358
392358N1232020W001,2450160,2019-03-11T00:00:00Z,684.35,682.85,0,17.6,666.75,17.6,16.1,NA,Electric sounder measurement,Water level accuracy to nearest tenth of a foot,1,Department of Water Resources,NA,1,Department of Water Resources,94,274,33876,16N12W16N002M,NA,Unknown,Unknown,1-052,Ukiah Valley,Mendocino,274,Residential,Unknown,15976,1973-10-18 - 2020-09-10,117,spring,NA,NA,15.9,179.6,2018,7.09,5.05,12.86,7.14,Below Normal,SAC,2018-10-01T00:00:00Z,2019-10-01T00:00:00Z,-123.202,39.2358
392358N1232020W001,2447890,2019-02-19T00:00:00Z,684.35,682.85,0,18.6,665.75,18.6,17.1,NA,Electric sounder measurement,Water level accuracy to nearest tenth of a foot,1,Department of Water Resources,NA,1,Department of Water Resources,94,274,33876,16N12W16N002M,NA,Unknown,Unknown,1-052,Ukiah Valley,Mendocino,274,Residential,Unknown,15976,1973-10-18 - 2020-09-10,117,other,NA,NA,NA,NA,2018,7.09,5.05,12.86,7.14,Below Normal,SAC,2018-10-01T00:00:00Z,2019-10-01T00:00:00Z,-123.202,39.2358
392358N1232020W001,2438373,2019-01-14T00:00:00Z,684.35,682.85,0,20.4,663.95,20.4,18.9,NA,Electric sounder measurement,Water level accuracy to nearest tenth of a foot,1,Department of Water Resources,NA,1,Department of Water Resources,94,274,33876,16N12W16N002M,NA,Unknown,Unknown,1-052,Ukiah Valley,Mendocino,274,Residential,Unknown,15976,1973-10-18 - 2020-09-10,117,other,NA,NA,NA,NA,2018,7.09,5.05,12.86,7.14,Below Normal,SAC,2018-10-01T00:00:00Z,2019-10-01T00:00:00Z,-123.202,39.2358
392358N1232020W001,2433604,2018-12-17T00:00:00Z,684.35,682.85,0,21.8,662.55,21.8,20.3,NA,Electric sounder measurement,Water level accuracy to nearest tenth of a foot,1,Department of Water Resources,NA,1,Department of Water Resources,94,274,33876,16N12W16N002M,NA,Unknown,Unknown,1-052,Ukiah Valley,Mendocino,274,Residential,Unknown,15976,1973-10-18 - 2020-09-10,117,other,NA,NA,NA,NA,2018,7.09,5.05,12.86,7.14,Below Normal,SAC,2018-10-01T00:00:00Z,2019-10-01T00:00:00Z,-123.202,39.2358
392358N1232020W001,2429197,2018-11-08T00:00:00Z,684.35,682.85,0,23.3,661.05,23.3,21.8,NA,Electric sounder measurement,Water level accuracy to nearest tenth of a foot,1,Department of Water Resources,NA,1,Department of Water Resources,94,274,33876,16N12W16N002M,NA,Unknown,Unknown,1-052,Ukiah Valley,Mendocino,274,Residential,Unknown,15976,1973-10-18 - 2020-09-10,117,fall,19,138,NA,NA,2018,7.09,5.05,12.86,7.14,Below Normal,SAC,2018-10-01T00:00:00Z,2019-10-01T00:00:00Z,-123.202,39.2358
392358N1232020W001,2411665,2018-10-08T00:00:00Z,684.35,682.85,0,24.2,660.15,24.2,22.7,NA,Electric sounder measurement,Water level accuracy to nearest tenth of a foot,1,Department of Water Resources,NA,1,Department of Water Resources,94,274,33876,16N12W16N002M,NA,Unknown,Unknown,1-052,Ukiah Valley,Mendocino,274,Residential,Unknown,15976,1973-10-18 - 2020-09-10,117,fall,19,138,NA,NA,2018,7.09,5.05,12.86,7.14,Below Normal,SAC,2018-10-01T00:00:00Z,2019-10-01T00:00:00Z,-123.202,39.2358
392358N1232020W001,2410338,2018-09-19T00:00:00Z,684.35,682.85,0,25.2,659.15,25.2,23.7,NA,Electric sounder measurement,Water level accuracy to nearest tenth of a foot,1,Department of Water Resources,NA,1,Department of Water Resources,94,274,33876,16N12W16N002M,NA,Unknown,Unknown,1-052,Ukiah Valley,Mendocino,274,Residential,Unknown,15976,1973-10-18 - 2020-09-10,117,fall,19,138,NA,NA,2017,26.17,10.69,37.82,14.14,Wet,SAC,2017-10-01T00:00:00Z,2018-10-01T00:00:00Z,-123.202,39.2358
392358N1232020W001,2409214,2018-08-22T00:00:00Z,684.35,682.85,0,28.6,655.75,28.6,27.1,NA,Electric sounder measurement,Water level accuracy to nearest tenth of a foot,1,Department of Water Resources,NA,1,Department of Water Resources,94,274,33876,16N12W16N002M,NA,Unknown,Unknown,1-052,Ukiah Valley,Mendocino,274,Residential,Unknown,15976,1973-10-18 - 2020-09-10,117,fall,19,138,NA,NA,2017,26.17,10.69,37.82,14.14,Wet,SAC,2017-10-01T00:00:00Z,2018-10-01T00:00:00Z,-123.202,39.2358
392358N1232020W001,2306520,2018-07-11T00:00:00Z,684.35,682.85,0,33.1,651.25,33.1,31.6,NA,Electric sounder measurement,Water level accuracy to nearest tenth of a foot,1,Department of Water Resources,NA,1,Department of Water Resources,94,274,33876,16N12W16N002M,NA,Unknown,Unknown,1-052,Ukiah Valley,Mendocino,274,Residential,Unknown,15976,1973-10-18 - 2020-09-10,117,other,NA,NA,NA,NA,2017,26.17,10.69,37.82,14.14,Wet,SAC,2017-10-01T00:00:00Z,2018-10-01T00:00:00Z,-123.202,39.2358
392358N1232020W001,2306509,2018-05-23T00:00:00Z,684.35,682.85,0,62.1,622.25,62.1,60.6,NA,Electric sounder measurement,Water level accuracy to nearest tenth of a foot,1,Department of Water Resources,NA,1,Department of Water Resources,94,274,33876,16N12W16N002M,NA,Unknown,Unknown,1-052,Ukiah Valley,Mendocino,274,Residential,Unknown,15976,1973-10-18 - 2020-09-10,117,spring,NA,NA,15.9,179.6,2017,26.17,10.69,37.82,14.14,Wet,SAC,2017-10-01T00:00:00Z,2018-10-01T00:00:00Z,-123.202,39.2358
392358N1232020W001,2284755,2018-03-05T00:00:00Z,684.35,682.85,0,19,665.35,19,17.5,NA,Electric sounder measurement,Water level accuracy to nearest tenth of a foot,1,Department of Water Resources,NA,1,Department of Water Resources,94,274,33876,16N12W16N002M,NA,Unknown,Unknown,1-052,Ukiah Valley,Mendocino,274,Residential,Unknown,15976,1973-10-18 - 2020-09-10,117,spring,NA,NA,15.9,179.6,2017,26.17,10.69,37.82,14.14,Wet,SAC,2017-10-01T00:00:00Z,2018-10-01T00:00:00Z,-123.202,39.2358
392358N1232020W001,2237002,2017-03-29T00:00:00Z,684.35,682.85,0,17.7,666.65,17.7,16.2,NA,Electric sounder measurement,Water level accuracy to nearest tenth of a foot,1,Department of Water Resources,NA,1,Department of Water Resources,94,274,33876,16N12W16N002M,NA,Unknown,Unknown,1-052,Ukiah Valley,Mendocino,274,Residential,Unknown,15976,1973-10-18 - 2020-09-10,117,spring,NA,NA,15.9,179.6,2016,12.24,4.6,17.48,6.71,Below Normal,SAC,2016-10-01T00:00:00Z,2017-10-01T00:00:00Z,-123.202,39.2358
392358N1232020W001,2216653,2016-10-25T00:00:00Z,684.35,682.85,0,20.9,663.45,20.9,19.4,NA,Electric sounder measurement,Water level accuracy to nearest tenth of a foot,1,Department of Water Resources,NA,1,Department of Water Resources,94,274,33876,16N12W16N002M,NA,Unknown,Unknown,1-052,Ukiah Valley,Mendocino,274,Residential,Unknown,15976,1973-10-18 - 2020-09-10,117,fall,19,138,NA,NA,2016,12.24,4.6,17.48,6.71,Below Normal,SAC,2016-10-01T00:00:00Z,2017-10-01T00:00:00Z,-123.202,39.2358
392358N1232020W001,2196912,2016-03-16T00:00:00Z,684.35,682.85,0,18.1,666.25,18.1,16.6,NA,Electric sounder measurement,Water level accuracy to nearest tenth of a foot,1,Department of Water Resources,NA,1,Department of Water Resources,94,274,33876,16N12W16N002M,NA,Unknown,Unknown,1-052,Ukiah Valley,Mendocino,274,Residential,Unknown,15976,1973-10-18 - 2020-09-10,117,spring,NA,NA,15.9,179.6,2015,6.91,1.77,9.23,4,Critical,SAC,2015-10-01T00:00:00Z,2016-10-01T00:00:00Z,-123.202,39.2358
392358N1232020W001,2164331,2015-10-21T00:00:00Z,684.35,682.85,0,22.1,662.25,22.1,20.6,NA,Electric sounder measurement,Water level accuracy to nearest tenth of a foot,1,Department of Water Resources,NA,1,Department of Water Resources,94,274,33876,16N12W16N002M,NA,Unknown,Unknown,1-052,Ukiah Valley,Mendocino,274,Residential,Unknown,15976,1973-10-18 - 2020-09-10,117,fall,19,138,NA,NA,2015,6.91,1.77,9.23,4,Critical,SAC,2015-10-01T00:00:00Z,2016-10-01T00:00:00Z,-123.202,39.2358
392358N1232020W001,2120205,2015-03-25T00:00:00Z,684.35,682.85,0,19.4,664.95,19.4,17.9,NA,Electric sounder measurement,Water level accuracy to nearest tenth of a foot,1,Department of Water Resources,NA,1,Department of Water Resources,94,274,33876,16N12W16N002M,NA,Unknown,Unknown,1-052,Ukiah Valley,Mendocino,274,Residential,Unknown,15976,1973-10-18 - 2020-09-10,117,spring,NA,NA,15.9,179.6,2014,4.29,2.59,7.46,4.07,Critical,SAC,2014-10-01T00:00:00Z,2015-10-01T00:00:00Z,-123.202,39.2358
392358N1232020W001,2030341,2014-10-23T00:00:00Z,684.35,682.85,0,21.3,663.05,21.3,19.8,NA,Electric sounder measurement,Water level accuracy to nearest tenth of a foot,1,Department of Water Resources,NA,1,Department of Water Resources,94,274,33876,16N12W16N002M,NA,Unknown,Unknown,1-052,Ukiah Valley,Mendocino,274,Residential,Unknown,15976,1973-10-18 - 2020-09-10,117,fall,19,138,NA,NA,2014,4.29,2.59,7.46,4.07,Critical,SAC,2014-10-01T00:00:00Z,2015-10-01T00:00:00Z,-123.202,39.2358
392358N1232020W001,2030444,2014-03-04T00:00:00Z,684.35,682.85,0,19.9,664.45,19.9,18.4,NA,Electric sounder measurement,Water level accuracy to nearest tenth of a foot,1,Department of Water Resources,NA,1,Department of Water Resources,94,274,33876,16N12W16N002M,NA,Unknown,Unknown,1-052,Ukiah Valley,Mendocino,274,Residential,Unknown,15976,1973-10-18 - 2020-09-10,117,spring,NA,NA,15.9,179.6,2013,8.52,3.01,12.19,5.83,Dry,SAC,2013-10-01T00:00:00Z,2014-10-01T00:00:00Z,-123.202,39.2358
392358N1232020W001,1876847,2014-03-04T00:00:00Z,684.35,682.85,0,19.9,664.45,19.9,18.4,NA,Electric sounder measurement,Water level accuracy to nearest tenth of a foot,1,Department of Water Resources,NA,1,Department of Water Resources,94,274,33876,16N12W16N002M,NA,Unknown,Unknown,1-052,Ukiah Valley,Mendocino,274,Residential,Unknown,15976,1973-10-18 - 2020-09-10,117,spring,NA,NA,15.9,179.6,2013,8.52,3.01,12.19,5.83,Dry,SAC,2013-10-01T00:00:00Z,2014-10-01T00:00:00Z,-123.202,39.2358
392358N1232020W001,1823312,2013-12-10T00:00:00Z,684.35,682.85,0,21.4,662.95,21.4,19.9,NA,Electric sounder measurement,Water level accuracy to nearest tenth of a foot,1,Department of Water Resources,NA,1,Department of Water Resources,94,274,33876,16N12W16N002M,NA,Unknown,Unknown,1-052,Ukiah Valley,Mendocino,274,Residential,Unknown,15976,1973-10-18 - 2020-09-10,117,other,NA,NA,NA,NA,2013,8.52,3.01,12.19,5.83,Dry,SAC,2013-10-01T00:00:00Z,2014-10-01T00:00:00Z,-123.202,39.2358
392358N1232020W001,1715754,2013-04-24T00:00:00Z,684.35,682.85,0,19.8,664.55,19.8,18.3,NA,Electric sounder measurement,Water level accuracy to nearest tenth of a foot,1,Department of Water Resources,NA,1,Department of Water Resources,94,274,33876,16N12W16N002M,NA,Unknown,Unknown,1-052,Ukiah Valley,Mendocino,274,Residential,Unknown,15976,1973-10-18 - 2020-09-10,117,spring,NA,NA,15.9,179.6,2012,5.69,5.46,11.84,6.89,Below Normal,SAC,2012-10-01T00:00:00Z,2013-10-01T00:00:00Z,-123.202,39.2358
392358N1232020W001,1715742,2012-11-27T00:00:00Z,684.35,682.85,0,27.7,656.65,27.7,26.2,NA,Electric sounder measurement,Water level accuracy to nearest tenth of a foot,1,Department of Water Resources,NA,1,Department of Water Resources,94,274,33876,16N12W16N002M,NA,Unknown,Unknown,1-052,Ukiah Valley,Mendocino,274,Residential,Unknown,15976,1973-10-18 - 2020-09-10,117,fall,19,138,NA,NA,2012,5.69,5.46,11.84,6.89,Below Normal,SAC,2012-10-01T00:00:00Z,2013-10-01T00:00:00Z,-123.202,39.2358
392358N1232020W001,66644,2012-05-03T00:00:00Z,684.35,682.85,0,18.9,665.45,18.9,17.4,NA,Electric sounder measurement,Water level accuracy to nearest tenth of a foot,1,Department of Water Resources,NA,1,Department of Water Resources,94,274,33876,16N12W16N002M,NA,Unknown,Unknown,1-052,Ukiah Valley,Mendocino,274,Residential,Unknown,15976,1973-10-18 - 2020-09-10,117,spring,NA,NA,15.9,179.6,2011,12.68,11.53,25.21,10.54,Wet,SAC,2011-10-01T00:00:00Z,2012-10-01T00:00:00Z,-123.202,39.2358
392358N1232020W001,1014478,2009-12-16T00:00:00Z,684.35,682.85,0,43.4,640.95,43.4,41.9,NA,Unknown,Water level accuracy is unknown,1,Department of Water Resources,NA,1,Department of Water Resources,94,274,33876,16N12W16N002M,NA,Unknown,Unknown,1-052,Ukiah Valley,Mendocino,274,Residential,Unknown,15976,1973-10-18 - 2020-09-10,117,other,NA,NA,NA,NA,2009,7.05,5.3,13.02,5.78,Dry,SAC,2009-10-01T00:00:00Z,2010-10-01T00:00:00Z,-123.202,39.2358
392358N1232020W001,1014477,2009-05-27T00:00:00Z,684.35,682.85,0,181.1,503.25,181.1,179.6,Pumping,Unknown,Water level accuracy is unknown,1,Department of Water Resources,NA,1,Department of Water Resources,94,274,33876,16N12W16N002M,NA,Unknown,Unknown,1-052,Ukiah Valley,Mendocino,274,Residential,Unknown,15976,1973-10-18 - 2020-09-10,117,spring,NA,NA,15.9,179.6,2008,5.9,3.82,10.28,5.16,Critical,SAC,2008-10-01T00:00:00Z,2009-10-01T00:00:00Z,-123.202,39.2358
392358N1232020W001,1014476,2008-11-19T00:00:00Z,684.35,682.85,0,25.8,658.55,25.8,24.3,NA,Unknown,Water level accuracy is unknown,1,Department of Water Resources,NA,1,Department of Water Resources,94,274,33876,16N12W16N002M,NA,Unknown,Unknown,1-052,Ukiah Valley,Mendocino,274,Residential,Unknown,15976,1973-10-18 - 2020-09-10,117,fall,19,138,NA,NA,2008,5.9,3.82,10.28,5.16,Critical,SAC,2008-10-01T00:00:00Z,2009-10-01T00:00:00Z,-123.202,39.2358
392358N1232020W001,1014475,2008-04-14T00:00:00Z,684.35,682.85,0,89.7,594.65,89.7,88.2,Pumped recently,Unknown,Water level accuracy is unknown,1,Department of Water Resources,NA,1,Department of Water Resources,94,274,33876,16N12W16N002M,NA,Unknown,Unknown,1-052,Ukiah Valley,Mendocino,274,Residential,Unknown,15976,1973-10-18 - 2020-09-10,117,spring,NA,NA,15.9,179.6,2007,6.59,3.04,10.28,6.19,Dry,SAC,2007-10-01T00:00:00Z,2008-10-01T00:00:00Z,-123.202,39.2358
392358N1232020W001,1014474,2007-10-22T00:00:00Z,684.35,682.85,0,53.3,631.05,53.3,51.8,NA,Unknown,Water level accuracy is unknown,1,Department of Water Resources,NA,1,Department of Water Resources,94,274,33876,16N12W16N002M,NA,Unknown,Unknown,1-052,Ukiah Valley,Mendocino,274,Residential,Unknown,15976,1973-10-18 - 2020-09-10,117,fall,19,138,NA,NA,2007,6.59,3.04,10.28,6.19,Dry,SAC,2007-10-01T00:00:00Z,2008-10-01T00:00:00Z,-123.202,39.2358
392358N1232020W001,1014473,2007-04-02T00:00:00Z,684.35,682.85,0,28.4,655.95,28.4,26.9,NA,Unknown,Water level accuracy is unknown,1,Department of Water Resources,NA,1,Department of Water Resources,94,274,33876,16N12W16N002M,NA,Unknown,Unknown,1-052,Ukiah Valley,Mendocino,274,Residential,Unknown,15976,1973-10-18 - 2020-09-10,117,spring,NA,NA,15.9,179.6,2006,18.06,13.09,32.09,13.2,Wet,SAC,2006-10-01T00:00:00Z,2007-10-01T00:00:00Z,-123.202,39.2358
392358N1232020W001,1014472,2006-03-20T00:00:00Z,684.35,682.85,0,19.8,664.55,19.8,18.3,NA,Unknown,Water level accuracy is unknown,1,Department of Water Resources,NA,1,Department of Water Resources,94,274,33876,16N12W16N002M,NA,Unknown,Unknown,1-052,Ukiah Valley,Mendocino,274,Residential,Unknown,15976,1973-10-18 - 2020-09-10,117,spring,NA,NA,15.9,179.6,2005,8.4,9.28,18.55,8.49,Above Normal,SAC,2005-10-01T00:00:00Z,2006-10-01T00:00:00Z,-123.202,39.2358
392358N1232020W001,1014471,2005-09-26T00:00:00Z,684.35,682.85,0,30.3,654.05,30.3,28.8,NA,Unknown,Water level accuracy is unknown,1,Department of Water Resources,NA,1,Department of Water Resources,94,274,33876,16N12W16N002M,NA,Unknown,Unknown,1-052,Ukiah Valley,Mendocino,274,Residential,Unknown,15976,1973-10-18 - 2020-09-10,117,fall,19,138,NA,NA,2004,10.95,4.4,16.04,7.51,Below Normal,SAC,2004-10-01T00:00:00Z,2005-10-01T00:00:00Z,-123.202,39.2358
392358N1232020W001,1014470,2005-04-12T00:00:00Z,684.35,682.85,0,24.6,659.75,24.6,23.1,NA,Unknown,Water level accuracy is unknown,1,Department of Water Resources,NA,1,Department of Water Resources,94,274,33876,16N12W16N002M,NA,Unknown,Unknown,1-052,Ukiah Valley,Mendocino,274,Residential,Unknown,15976,1973-10-18 - 2020-09-10,117,spring,NA,NA,15.9,179.6,2004,10.95,4.4,16.04,7.51,Below Normal,SAC,2004-10-01T00:00:00Z,2005-10-01T00:00:00Z,-123.202,39.2358
392358N1232020W001,1014469,2004-10-27T00:00:00Z,684.35,682.85,0,29.4,654.95,29.4,27.9,NA,Unknown,Water level accuracy is unknown,1,Department of Water Resources,NA,1,Department of Water Resources,94,274,33876,16N12W16N002M,NA,Unknown,Unknown,1-052,Ukiah Valley,Mendocino,274,Residential,Unknown,15976,1973-10-18 - 2020-09-10,117,fall,19,138,NA,NA,2004,10.95,4.4,16.04,7.51,Below Normal,SAC,2004-10-01T00:00:00Z,2005-10-01T00:00:00Z,-123.202,39.2358
392358N1232020W001,1014468,2004-03-22T00:00:00Z,684.35,682.85,0,28.7,655.65,28.7,27.2,NA,Unknown,Water level accuracy is unknown,1,Department of Water Resources,NA,1,Department of Water Resources,94,274,33876,16N12W16N002M,NA,Unknown,Unknown,1-052,Ukiah Valley,Mendocino,274,Residential,Unknown,15976,1973-10-18 - 2020-09-10,117,spring,NA,NA,15.9,179.6,2003,10.71,7.74,19.31,8.21,Above Normal,SAC,2003-10-01T00:00:00Z,2004-10-01T00:00:00Z,-123.202,39.2358
392358N1232020W001,1014467,2003-10-06T00:00:00Z,684.35,682.85,0,32.2,652.15,32.2,30.7,NA,Unknown,Water level accuracy is unknown,1,Department of Water Resources,NA,1,Department of Water Resources,94,274,33876,16N12W16N002M,NA,Unknown,Unknown,1-052,Ukiah Valley,Mendocino,274,Residential,Unknown,15976,1973-10-18 - 2020-09-10,117,fall,19,138,NA,NA,2003,10.71,7.74,19.31,8.21,Above Normal,SAC,2003-10-01T00:00:00Z,2004-10-01T00:00:00Z,-123.202,39.2358
392358N1232020W001,1014466,2003-04-07T00:00:00Z,684.35,682.85,0,30.9,653.45,30.9,29.4,NA,Unknown,Water level accuracy is unknown,1,Department of Water Resources,NA,1,Department of Water Resources,94,274,33876,16N12W16N002M,NA,Unknown,Unknown,1-052,Ukiah Valley,Mendocino,274,Residential,Unknown,15976,1973-10-18 - 2020-09-10,117,spring,NA,NA,15.9,179.6,2002,9.32,4.57,14.6,6.35,Dry,SAC,2002-10-01T00:00:00Z,2003-10-01T00:00:00Z,-123.202,39.2358
392358N1232020W001,1014465,2002-10-07T00:00:00Z,684.35,682.85,0,30.5,653.85,30.5,29,NA,Unknown,Water level accuracy is unknown,1,Department of Water Resources,NA,1,Department of Water Resources,94,274,33876,16N12W16N002M,NA,Unknown,Unknown,1-052,Ukiah Valley,Mendocino,274,Residential,Unknown,15976,1973-10-18 - 2020-09-10,117,fall,19,138,NA,NA,2002,9.32,4.57,14.6,6.35,Dry,SAC,2002-10-01T00:00:00Z,2003-10-01T00:00:00Z,-123.202,39.2358
392358N1232020W001,1014463,2002-04-08T00:00:00Z,684.35,682.85,0,18.6,665.75,18.6,17.1,NA,Unknown,Water level accuracy is unknown,1,Department of Water Resources,NA,1,Department of Water Resources,94,274,33876,16N12W16N002M,NA,Unknown,Unknown,1-052,Ukiah Valley,Mendocino,274,Residential,Unknown,15976,1973-10-18 - 2020-09-10,117,spring,NA,NA,15.9,179.6,2001,5.64,3.46,9.81,5.76,Dry,SAC,2001-10-01T00:00:00Z,2002-10-01T00:00:00Z,-123.202,39.2358
392358N1232020W001,1014462,2001-10-17T00:00:00Z,684.35,682.85,0,21,663.35,21,19.5,NA,Unknown,Water level accuracy is unknown,1,Department of Water Resources,NA,1,Department of Water Resources,94,274,33876,16N12W16N002M,NA,Unknown,Unknown,1-052,Ukiah Valley,Mendocino,274,Residential,Unknown,15976,1973-10-18 - 2020-09-10,117,fall,19,138,NA,NA,2001,5.64,3.46,9.81,5.76,Dry,SAC,2001-10-01T00:00:00Z,2002-10-01T00:00:00Z,-123.202,39.2358
392358N1232020W001,1014464,2001-05-16T00:00:00Z,684.35,682.85,0,19.6,664.75,19.6,18.1,NA,Unknown,Water level accuracy is unknown,1,Department of Water Resources,NA,1,Department of Water Resources,94,274,33876,16N12W16N002M,NA,Unknown,Unknown,1-052,Ukiah Valley,Mendocino,274,Residential,Unknown,15976,1973-10-18 - 2020-09-10,117,spring,NA,NA,15.9,179.6,2000,12.06,5.96,18.9,8.94,Above Normal,SAC,2000-10-01T00:00:00Z,2001-10-01T00:00:00Z,-123.202,39.2358
392358N1232020W001,1014456,2000-11-14T00:00:00Z,684.35,682.85,0,21,663.35,21,19.5,NA,Unknown,Water level accuracy is unknown,1,Department of Water Resources,NA,1,Department of Water Resources,94,274,33876,16N12W16N002M,NA,Unknown,Unknown,1-052,Ukiah Valley,Mendocino,274,Residential,Unknown,15976,1973-10-18 - 2020-09-10,117,fall,19,138,NA,NA,2000,12.06,5.96,18.9,8.94,Above Normal,SAC,2000-10-01T00:00:00Z,2001-10-01T00:00:00Z,-123.202,39.2358
392358N1232020W001,1014455,2000-04-26T00:00:00Z,684.35,682.85,0,26.6,657.75,26.6,25.1,NA,Unknown,Water level accuracy is unknown,1,Department of Water Resources,NA,1,Department of Water Resources,94,274,33876,16N12W16N002M,NA,Unknown,Unknown,1-052,Ukiah Valley,Mendocino,274,Residential,Unknown,15976,1973-10-18 - 2020-09-10,117,spring,NA,NA,15.9,179.6,1999,12.97,7.26,21.19,9.8,Wet,SAC,1999-10-01T00:00:00Z,2000-10-01T00:00:00Z,-123.202,39.2358
392358N1232020W001,1014454,1999-12-14T00:00:00Z,684.35,682.85,0,20.1,664.25,20.1,18.6,NA,Unknown,Water level accuracy is unknown,1,Department of Water Resources,NA,1,Department of Water Resources,94,274,33876,16N12W16N002M,NA,Unknown,Unknown,1-052,Ukiah Valley,Mendocino,274,Residential,Unknown,15976,1973-10-18 - 2020-09-10,117,other,NA,NA,NA,NA,1999,12.97,7.26,21.19,9.8,Wet,SAC,1999-10-01T00:00:00Z,2000-10-01T00:00:00Z,-123.202,39.2358
392358N1232020W001,1014453,1999-04-28T00:00:00Z,684.35,682.85,0,18.4,665.95,18.4,16.9,NA,Unknown,Water level accuracy is unknown,1,Department of Water Resources,NA,1,Department of Water Resources,94,274,33876,16N12W16N002M,NA,Unknown,Unknown,1-052,Ukiah Valley,Mendocino,274,Residential,Unknown,15976,1973-10-18 - 2020-09-10,117,spring,NA,NA,15.9,179.6,1998,17.65,12.54,31.4,13.31,Wet,SAC,1998-10-01T00:00:00Z,1999-10-01T00:00:00Z,-123.202,39.2358
392358N1232020W001,1014461,1998-11-23T00:00:00Z,684.35,682.85,0,21,663.35,21,19.5,Casing leaking or wet,Unknown,Water level accuracy is unknown,1,Department of Water Resources,NA,1,Department of Water Resources,94,274,33876,16N12W16N002M,NA,Unknown,Unknown,1-052,Ukiah Valley,Mendocino,274,Residential,Unknown,15976,1973-10-18 - 2020-09-10,117,fall,19,138,NA,NA,1998,17.65,12.54,31.4,13.31,Wet,SAC,1998-10-01T00:00:00Z,1999-10-01T00:00:00Z,-123.202,39.2358
392358N1232020W001,1014460,1998-05-27T00:00:00Z,684.35,682.85,0,18.9,665.45,18.9,17.4,NA,Unknown,Water level accuracy is unknown,1,Department of Water Resources,NA,1,Department of Water Resources,94,274,33876,16N12W16N002M,NA,Unknown,Unknown,1-052,Ukiah Valley,Mendocino,274,Residential,Unknown,15976,1973-10-18 - 2020-09-10,117,spring,NA,NA,15.9,179.6,1997,20.22,4.39,25.42,10.82,Wet,SAC,1997-10-01T00:00:00Z,1998-10-01T00:00:00Z,-123.202,39.2358
392358N1232020W001,1014459,1997-11-20T00:00:00Z,684.35,682.85,0,23,661.35,23,21.5,NA,Unknown,Water level accuracy is unknown,1,Department of Water Resources,NA,1,Department of Water Resources,94,274,33876,16N12W16N002M,NA,Unknown,Unknown,1-052,Ukiah Valley,Mendocino,274,Residential,Unknown,15976,1973-10-18 - 2020-09-10,117,fall,19,138,NA,NA,1997,20.22,4.39,25.42,10.82,Wet,SAC,1997-10-01T00:00:00Z,1998-10-01T00:00:00Z,-123.202,39.2358
392358N1232020W001,1014458,1997-04-24T00:00:00Z,684.35,682.85,0,18.5,665.85,18.5,17,NA,Unknown,Water level accuracy is unknown,1,Department of Water Resources,NA,1,Department of Water Resources,94,274,33876,16N12W16N002M,NA,Unknown,Unknown,1-052,Ukiah Valley,Mendocino,274,Residential,Unknown,15976,1973-10-18 - 2020-09-10,117,spring,NA,NA,15.9,179.6,1996,13.05,8.37,22.29,10.26,Wet,SAC,1996-10-01T00:00:00Z,1997-10-01T00:00:00Z,-123.202,39.2358
392358N1232020W001,1014457,1996-12-19T00:00:00Z,684.35,682.85,0,19.7,664.65,19.7,18.2,NA,Unknown,Water level accuracy is unknown,1,Department of Water Resources,NA,1,Department of Water Resources,94,274,33876,16N12W16N002M,NA,Unknown,Unknown,1-052,Ukiah Valley,Mendocino,274,Residential,Unknown,15976,1973-10-18 - 2020-09-10,117,other,NA,NA,NA,NA,1996,13.05,8.37,22.29,10.26,Wet,SAC,1996-10-01T00:00:00Z,1997-10-01T00:00:00Z,-123.202,39.2358
392358N1232020W001,1014452,1996-05-31T00:00:00Z,684.35,682.85,0,18.8,665.55,18.8,17.3,NA,Unknown,Water level accuracy is unknown,1,Department of Water Resources,NA,1,Department of Water Resources,94,274,33876,16N12W16N002M,NA,Unknown,Unknown,1-052,Ukiah Valley,Mendocino,274,Residential,Unknown,15976,1973-10-18 - 2020-09-10,117,spring,NA,NA,15.9,179.6,1995,19.83,13.6,34.55,12.89,Wet,SAC,1995-10-01T00:00:00Z,1996-10-01T00:00:00Z,-123.202,39.2358
392358N1232020W001,1014451,1995-10-11T00:00:00Z,684.35,682.85,0,20.9,663.45,20.9,19.4,NA,Unknown,Water level accuracy is unknown,1,Department of Water Resources,NA,1,Department of Water Resources,94,274,33876,16N12W16N002M,NA,Unknown,Unknown,1-052,Ukiah Valley,Mendocino,274,Residential,Unknown,15976,1973-10-18 - 2020-09-10,117,fall,19,138,NA,NA,1995,19.83,13.6,34.55,12.89,Wet,SAC,1995-10-01T00:00:00Z,1996-10-01T00:00:00Z,-123.202,39.2358
392358N1232020W001,1014450,1995-05-31T00:00:00Z,684.35,682.85,0,18.4,665.95,18.4,16.9,NA,Unknown,Water level accuracy is unknown,1,Department of Water Resources,NA,1,Department of Water Resources,94,274,33876,16N12W16N002M,NA,Unknown,Unknown,1-052,Ukiah Valley,Mendocino,274,Residential,Unknown,15976,1973-10-18 - 2020-09-10,117,spring,NA,NA,15.9,179.6,1994,4.55,2.73,7.81,5.02,Critical,SAC,1994-10-01T00:00:00Z,1995-10-01T00:00:00Z,-123.202,39.2358
392358N1232020W001,1014449,1994-10-26T00:00:00Z,684.35,682.85,0,21.3,663.05,21.3,19.8,NA,Unknown,Water level accuracy is unknown,1,Department of Water Resources,NA,1,Department of Water Resources,94,274,33876,16N12W16N002M,NA,Unknown,Unknown,1-052,Ukiah Valley,Mendocino,274,Residential,Unknown,15976,1973-10-18 - 2020-09-10,117,fall,19,138,NA,NA,1994,4.55,2.73,7.81,5.02,Critical,SAC,1994-10-01T00:00:00Z,1995-10-01T00:00:00Z,-123.202,39.2358
392358N1232020W001,1014448,1994-04-26T00:00:00Z,684.35,682.85,0,19.1,665.25,19.1,17.6,NA,Unknown,Water level accuracy is unknown,1,Department of Water Resources,NA,1,Department of Water Resources,94,274,33876,16N12W16N002M,NA,Unknown,Unknown,1-052,Ukiah Valley,Mendocino,274,Residential,Unknown,15976,1973-10-18 - 2020-09-10,117,spring,NA,NA,15.9,179.6,1993,12.44,8.98,22.21,8.54,Above Normal,SAC,1993-10-01T00:00:00Z,1994-10-01T00:00:00Z,-123.202,39.2358
392358N1232020W001,1014447,1993-12-07T00:00:00Z,684.35,682.85,0,21,663.35,21,19.5,NA,Unknown,Water level accuracy is unknown,1,Department of Water Resources,NA,1,Department of Water Resources,94,274,33876,16N12W16N002M,NA,Unknown,Unknown,1-052,Ukiah Valley,Mendocino,274,Residential,Unknown,15976,1973-10-18 - 2020-09-10,117,other,NA,NA,NA,NA,1993,12.44,8.98,22.21,8.54,Above Normal,SAC,1993-10-01T00:00:00Z,1994-10-01T00:00:00Z,-123.202,39.2358
392358N1232020W001,1014446,1993-06-23T00:00:00Z,684.35,682.85,0,19.1,665.25,19.1,17.6,NA,Unknown,Water level accuracy is unknown,1,Department of Water Resources,NA,1,Department of Water Resources,94,274,33876,16N12W16N002M,NA,Unknown,Unknown,1-052,Ukiah Valley,Mendocino,274,Residential,Unknown,15976,1973-10-18 - 2020-09-10,117,other,NA,NA,NA,NA,1992,5.41,2.93,8.87,4.06,Critical,SAC,1992-10-01T00:00:00Z,1993-10-01T00:00:00Z,-123.202,39.2358
392358N1232020W001,1014445,1992-12-30T00:00:00Z,684.35,682.85,0,20,664.35,20,18.5,NA,Unknown,Water level accuracy is unknown,1,Department of Water Resources,NA,1,Department of Water Resources,94,274,33876,16N12W16N002M,NA,Unknown,Unknown,1-052,Ukiah Valley,Mendocino,274,Residential,Unknown,15976,1973-10-18 - 2020-09-10,117,other,NA,NA,NA,NA,1992,5.41,2.93,8.87,4.06,Critical,SAC,1992-10-01T00:00:00Z,1993-10-01T00:00:00Z,-123.202,39.2358
392358N1232020W001,1014444,1992-04-30T00:00:00Z,684.35,682.85,0,19.4,664.95,19.4,17.9,NA,Unknown,Water level accuracy is unknown,1,Department of Water Resources,NA,1,Department of Water Resources,94,274,33876,16N12W16N002M,NA,Unknown,Unknown,1-052,Ukiah Valley,Mendocino,274,Residential,Unknown,15976,1973-10-18 - 2020-09-10,117,spring,NA,NA,15.9,179.6,1991,3.9,4.01,8.44,4.21,Critical,SAC,1991-10-01T00:00:00Z,1992-10-01T00:00:00Z,-123.202,39.2358
392358N1232020W001,1014410,1991-09-26T00:00:00Z,684.35,682.85,0,21.8,662.55,21.8,20.3,NA,Unknown,Water level accuracy is unknown,1,Department of Water Resources,NA,1,Department of Water Resources,94,274,33876,16N12W16N002M,NA,Unknown,Unknown,1-052,Ukiah Valley,Mendocino,274,Residential,Unknown,15976,1973-10-18 - 2020-09-10,117,fall,19,138,NA,NA,1990,4.94,3.72,9.26,4.81,Critical,SAC,1990-10-01T00:00:00Z,1991-10-01T00:00:00Z,-123.202,39.2358
392358N1232020W001,1014409,1991-04-25T00:00:00Z,684.35,682.85,0,19.5,664.85,19.5,18,NA,Unknown,Water level accuracy is unknown,1,Department of Water Resources,NA,1,Department of Water Resources,94,274,33876,16N12W16N002M,NA,Unknown,Unknown,1-052,Ukiah Valley,Mendocino,274,Residential,Unknown,15976,1973-10-18 - 2020-09-10,117,spring,NA,NA,15.9,179.6,1990,4.94,3.72,9.26,4.81,Critical,SAC,1990-10-01T00:00:00Z,1991-10-01T00:00:00Z,-123.202,39.2358
392358N1232020W001,1014408,1990-11-20T00:00:00Z,684.35,682.85,0,21.5,662.85,21.5,20,NA,Unknown,Water level accuracy is unknown,1,Department of Water Resources,NA,1,Department of Water Resources,94,274,33876,16N12W16N002M,NA,Unknown,Unknown,1-052,Ukiah Valley,Mendocino,274,Residential,Unknown,15976,1973-10-18 - 2020-09-10,117,fall,19,138,NA,NA,1990,4.94,3.72,9.26,4.81,Critical,SAC,1990-10-01T00:00:00Z,1991-10-01T00:00:00Z,-123.202,39.2358
392358N1232020W001,1014407,1990-04-12T00:00:00Z,684.35,682.85,0,20.4,663.95,20.4,18.9,NA,Unknown,Water level accuracy is unknown,1,Department of Water Resources,NA,1,Department of Water Resources,94,274,33876,16N12W16N002M,NA,Unknown,Unknown,1-052,Ukiah Valley,Mendocino,274,Residential,Unknown,15976,1973-10-18 - 2020-09-10,117,spring,NA,NA,15.9,179.6,1989,9.03,5.07,14.82,6.13,Dry,SAC,1989-10-01T00:00:00Z,1990-10-01T00:00:00Z,-123.202,39.2358
392358N1232020W001,1014443,1989-11-29T00:00:00Z,684.35,682.85,0,22.7,661.65,22.7,21.2,NA,Unknown,Water level accuracy is unknown,1,Department of Water Resources,NA,1,Department of Water Resources,94,274,33876,16N12W16N002M,NA,Unknown,Unknown,1-052,Ukiah Valley,Mendocino,274,Residential,Unknown,15976,1973-10-18 - 2020-09-10,117,fall,19,138,NA,NA,1989,9.03,5.07,14.82,6.13,Dry,SAC,1989-10-01T00:00:00Z,1990-10-01T00:00:00Z,-123.202,39.2358
392358N1232020W001,1014442,1989-04-25T00:00:00Z,684.35,682.85,0,20.1,664.25,20.1,18.6,NA,Unknown,Water level accuracy is unknown,1,Department of Water Resources,NA,1,Department of Water Resources,94,274,33876,16N12W16N002M,NA,Unknown,Unknown,1-052,Ukiah Valley,Mendocino,274,Residential,Unknown,15976,1973-10-18 - 2020-09-10,117,spring,NA,NA,15.9,179.6,1988,5.78,2.9,9.23,4.65,Critical,SAC,1988-10-01T00:00:00Z,1989-10-01T00:00:00Z,-123.202,39.2358
392358N1232020W001,1014441,1988-11-01T00:00:00Z,684.35,682.85,0,54.5,629.85,54.5,53,NA,Unknown,Water level accuracy is unknown,1,Department of Water Resources,NA,1,Department of Water Resources,94,274,33876,16N12W16N002M,NA,Unknown,Unknown,1-052,Ukiah Valley,Mendocino,274,Residential,Unknown,15976,1973-10-18 - 2020-09-10,117,fall,19,138,NA,NA,1988,5.78,2.9,9.23,4.65,Critical,SAC,1988-10-01T00:00:00Z,1989-10-01T00:00:00Z,-123.202,39.2358
392358N1232020W001,1014440,1988-04-14T00:00:00Z,684.35,682.85,0,52.2,632.15,52.2,50.7,NA,Unknown,Water level accuracy is unknown,1,Department of Water Resources,NA,1,Department of Water Resources,94,274,33876,16N12W16N002M,NA,Unknown,Unknown,1-052,Ukiah Valley,Mendocino,274,Residential,Unknown,15976,1973-10-18 - 2020-09-10,117,spring,NA,NA,15.9,179.6,1987,5.85,2.8,9.27,5.86,Dry,SAC,1987-10-01T00:00:00Z,1988-10-01T00:00:00Z,-123.202,39.2358
392358N1232020W001,1014438,1987-04-21T00:00:00Z,684.35,682.85,0,24.1,660.25,24.1,22.6,NA,Unknown,Water level accuracy is unknown,1,Department of Water Resources,NA,1,Department of Water Resources,94,274,33876,16N12W16N002M,NA,Unknown,Unknown,1-052,Ukiah Valley,Mendocino,274,Residential,Unknown,15976,1973-10-18 - 2020-09-10,117,spring,NA,NA,15.9,179.6,1986,19.45,5.45,25.83,9.96,Wet,SAC,1986-10-01T00:00:00Z,1987-10-01T00:00:00Z,-123.202,39.2358
392358N1232020W001,1014436,1986-04-01T00:00:00Z,684.35,682.85,0,17.4,666.95,17.4,15.9,NA,Unknown,Water level accuracy is unknown,1,Department of Water Resources,NA,1,Department of Water Resources,94,274,33876,16N12W16N002M,NA,Unknown,Unknown,1-052,Ukiah Valley,Mendocino,274,Residential,Unknown,15976,1973-10-18 - 2020-09-10,117,spring,NA,NA,15.9,179.6,1985,6.24,4,11.04,6.47,Dry,SAC,1985-10-01T00:00:00Z,1986-10-01T00:00:00Z,-123.202,39.2358
392358N1232020W001,1014435,1985-10-29T00:00:00Z,684.35,682.85,0,22,662.35,22,20.5,NA,Unknown,Water level accuracy is unknown,1,Department of Water Resources,NA,1,Department of Water Resources,94,274,33876,16N12W16N002M,NA,Unknown,Unknown,1-052,Ukiah Valley,Mendocino,274,Residential,Unknown,15976,1973-10-18 - 2020-09-10,117,fall,19,138,NA,NA,1985,6.24,4,11.04,6.47,Dry,SAC,1985-10-01T00:00:00Z,1986-10-01T00:00:00Z,-123.202,39.2358
392358N1232020W001,1014434,1985-04-02T00:00:00Z,684.35,682.85,0,18.4,665.95,18.4,16.9,NA,Unknown,Water level accuracy is unknown,1,Department of Water Resources,NA,1,Department of Water Resources,94,274,33876,16N12W16N002M,NA,Unknown,Unknown,1-052,Ukiah Valley,Mendocino,274,Residential,Unknown,15976,1973-10-18 - 2020-09-10,117,spring,NA,NA,15.9,179.6,1984,15.98,5.52,22.35,10,Wet,SAC,1984-10-01T00:00:00Z,1985-10-01T00:00:00Z,-123.202,39.2358
392358N1232020W001,1014433,1984-10-16T00:00:00Z,684.35,682.85,0,21.5,662.85,21.5,20,NA,Unknown,Water level accuracy is unknown,1,Department of Water Resources,NA,1,Department of Water Resources,94,274,33876,16N12W16N002M,NA,Unknown,Unknown,1-052,Ukiah Valley,Mendocino,274,Residential,Unknown,15976,1973-10-18 - 2020-09-10,117,fall,19,138,NA,NA,1984,15.98,5.52,22.35,10,Wet,SAC,1984-10-01T00:00:00Z,1985-10-01T00:00:00Z,-123.202,39.2358
392358N1232020W001,1014432,1984-03-21T00:00:00Z,684.35,682.85,0,18.9,665.45,18.9,17.4,NA,Unknown,Water level accuracy is unknown,1,Department of Water Resources,NA,1,Department of Water Resources,94,274,33876,16N12W16N002M,NA,Unknown,Unknown,1-052,Ukiah Valley,Mendocino,274,Residential,Unknown,15976,1973-10-18 - 2020-09-10,117,spring,NA,NA,15.9,179.6,1983,22.75,13.66,37.68,15.29,Wet,SAC,1983-10-01T00:00:00Z,1984-10-01T00:00:00Z,-123.202,39.2358
392358N1232020W001,1014431,1983-10-17T00:00:00Z,684.35,682.85,0,24.2,660.15,24.2,22.7,NA,Unknown,Water level accuracy is unknown,1,Department of Water Resources,NA,1,Department of Water Resources,94,274,33876,16N12W16N002M,NA,Unknown,Unknown,1-052,Ukiah Valley,Mendocino,274,Residential,Unknown,15976,1973-10-18 - 2020-09-10,117,fall,19,138,NA,NA,1983,22.75,13.66,37.68,15.29,Wet,SAC,1983-10-01T00:00:00Z,1984-10-01T00:00:00Z,-123.202,39.2358
392358N1232020W001,1014430,1983-04-11T00:00:00Z,684.35,682.85,0,55,629.35,55,53.5,NA,Unknown,Water level accuracy is unknown,1,Department of Water Resources,NA,1,Department of Water Resources,94,274,33876,16N12W16N002M,NA,Unknown,Unknown,1-052,Ukiah Valley,Mendocino,274,Residential,Unknown,15976,1973-10-18 - 2020-09-10,117,spring,NA,NA,15.9,179.6,1982,20.56,11.82,33.41,12.76,Wet,SAC,1982-10-01T00:00:00Z,1983-10-01T00:00:00Z,-123.202,39.2358
392358N1232020W001,1014429,1982-10-04T00:00:00Z,684.35,682.85,0,139.5,544.85,139.5,138,NA,Unknown,Water level accuracy is unknown,1,Department of Water Resources,NA,1,Department of Water Resources,94,274,33876,16N12W16N002M,NA,Unknown,Unknown,1-052,Ukiah Valley,Mendocino,274,Residential,Unknown,15976,1973-10-18 - 2020-09-10,117,fall,19,138,NA,NA,1982,20.56,11.82,33.41,12.76,Wet,SAC,1982-10-01T00:00:00Z,1983-10-01T00:00:00Z,-123.202,39.2358
392358N1232020W001,1014427,1981-10-06T00:00:00Z,684.35,682.85,0,57.8,626.55,57.8,56.3,NA,Unknown,Water level accuracy is unknown,1,Department of Water Resources,NA,1,Department of Water Resources,94,274,33876,16N12W16N002M,NA,Unknown,Unknown,1-052,Ukiah Valley,Mendocino,274,Residential,Unknown,15976,1973-10-18 - 2020-09-10,117,fall,19,138,NA,NA,1981,6.81,3.63,11.1,6.21,Dry,SAC,1981-10-01T00:00:00Z,1982-10-01T00:00:00Z,-123.202,39.2358
392358N1232020W001,1014426,1981-03-24T00:00:00Z,684.35,682.85,0,52.1,632.25,52.1,50.6,NA,Unknown,Water level accuracy is unknown,1,Department of Water Resources,NA,1,Department of Water Resources,94,274,33876,16N12W16N002M,NA,Unknown,Unknown,1-052,Ukiah Valley,Mendocino,274,Residential,Unknown,15976,1973-10-18 - 2020-09-10,117,spring,NA,NA,15.9,179.6,1980,15.49,6,22.33,9.04,Above Normal,SAC,1980-10-01T00:00:00Z,1981-10-01T00:00:00Z,-123.202,39.2358
392358N1232020W001,1014425,1980-10-07T00:00:00Z,684.35,682.85,0,60,624.35,60,58.5,NA,Unknown,Water level accuracy is unknown,1,Department of Water Resources,NA,1,Department of Water Resources,94,274,33876,16N12W16N002M,NA,Unknown,Unknown,1-052,Ukiah Valley,Mendocino,274,Residential,Unknown,15976,1973-10-18 - 2020-09-10,117,fall,19,138,NA,NA,1980,15.49,6,22.33,9.04,Above Normal,SAC,1980-10-01T00:00:00Z,1981-10-01T00:00:00Z,-123.202,39.2358
392358N1232020W001,1014424,1980-03-18T00:00:00Z,684.35,682.85,0,28.2,656.15,28.2,26.7,NA,Unknown,Water level accuracy is unknown,1,Department of Water Resources,NA,1,Department of Water Resources,94,274,33876,16N12W16N002M,NA,Unknown,Unknown,1-052,Ukiah Valley,Mendocino,274,Residential,Unknown,15976,1973-10-18 - 2020-09-10,117,spring,NA,NA,15.9,179.6,1979,6.06,5.64,12.41,6.67,Below Normal,SAC,1979-10-01T00:00:00Z,1980-10-01T00:00:00Z,-123.202,39.2358
392358N1232020W001,1014423,1979-10-02T00:00:00Z,684.35,682.85,0,63.5,620.85,63.5,62,NA,Unknown,Water level accuracy is unknown,1,Department of Water Resources,NA,1,Department of Water Resources,94,274,33876,16N12W16N002M,NA,Unknown,Unknown,1-052,Ukiah Valley,Mendocino,274,Residential,Unknown,15976,1973-10-18 - 2020-09-10,117,fall,19,138,NA,NA,1979,6.06,5.64,12.41,6.67,Below Normal,SAC,1979-10-01T00:00:00Z,1980-10-01T00:00:00Z,-123.202,39.2358
392358N1232020W001,1014422,1979-04-03T00:00:00Z,684.35,682.85,0,110.2,574.15,110.2,108.7,Casing leaking or wet,Unknown,Water level accuracy is unknown,1,Department of Water Resources,NA,1,Department of Water Resources,94,274,33876,16N12W16N002M,NA,Unknown,Unknown,1-052,Ukiah Valley,Mendocino,274,Residential,Unknown,15976,1973-10-18 - 2020-09-10,117,spring,NA,NA,15.9,179.6,1978,14.9,8.12,23.92,8.65,Above Normal,SAC,1978-10-01T00:00:00Z,1979-10-01T00:00:00Z,-123.202,39.2358
392358N1232020W001,1014421,1978-10-03T00:00:00Z,684.35,682.85,0,78,606.35,78,76.5,NA,Unknown,Water level accuracy is unknown,1,Department of Water Resources,NA,1,Department of Water Resources,94,274,33876,16N12W16N002M,NA,Unknown,Unknown,1-052,Ukiah Valley,Mendocino,274,Residential,Unknown,15976,1973-10-18 - 2020-09-10,117,fall,19,138,NA,NA,1978,14.9,8.12,23.92,8.65,Above Normal,SAC,1978-10-01T00:00:00Z,1979-10-01T00:00:00Z,-123.202,39.2358
392358N1232020W001,1014420,1978-03-14T00:00:00Z,684.35,682.85,0,45.7,638.65,45.7,44.2,NA,Unknown,Water level accuracy is unknown,1,Department of Water Resources,NA,1,Department of Water Resources,94,274,33876,16N12W16N002M,NA,Unknown,Unknown,1-052,Ukiah Valley,Mendocino,274,Residential,Unknown,15976,1973-10-18 - 2020-09-10,117,spring,NA,NA,15.9,179.6,1977,2.49,1.93,5.12,3.11,Critical,SAC,1977-10-01T00:00:00Z,1978-10-01T00:00:00Z,-123.202,39.2358
392358N1232020W001,1014419,1977-10-11T00:00:00Z,684.35,682.85,0,55,629.35,55,53.5,NA,Unknown,Water level accuracy is unknown,1,Department of Water Resources,NA,1,Department of Water Resources,94,274,33876,16N12W16N002M,NA,Unknown,Unknown,1-052,Ukiah Valley,Mendocino,274,Residential,Unknown,15976,1973-10-18 - 2020-09-10,117,fall,19,138,NA,NA,1977,2.49,1.93,5.12,3.11,Critical,SAC,1977-10-01T00:00:00Z,1978-10-01T00:00:00Z,-123.202,39.2358
392358N1232020W001,1014418,1977-03-10T00:00:00Z,684.35,682.85,0,53.5,630.85,53.5,52,NA,Unknown,Water level accuracy is unknown,1,Department of Water Resources,NA,1,Department of Water Resources,94,274,33876,16N12W16N002M,NA,Unknown,Unknown,1-052,Ukiah Valley,Mendocino,274,Residential,Unknown,15976,1973-10-18 - 2020-09-10,117,spring,NA,NA,15.9,179.6,1976,4.63,2.75,8.2,5.29,Critical,SAC,1976-10-01T00:00:00Z,1977-10-01T00:00:00Z,-123.202,39.2358
392358N1232020W001,1014417,1976-10-04T00:00:00Z,684.35,682.85,0,96.2,588.15,96.2,94.7,NA,Unknown,Water level accuracy is unknown,1,Department of Water Resources,NA,1,Department of Water Resources,94,274,33876,16N12W16N002M,NA,Unknown,Unknown,1-052,Ukiah Valley,Mendocino,274,Residential,Unknown,15976,1973-10-18 - 2020-09-10,117,fall,19,138,NA,NA,1976,4.63,2.75,8.2,5.29,Critical,SAC,1976-10-01T00:00:00Z,1977-10-01T00:00:00Z,-123.202,39.2358
392358N1232020W001,1014416,1976-03-18T00:00:00Z,684.35,682.85,0,62,622.35,62,60.5,NA,Unknown,Water level accuracy is unknown,1,Department of Water Resources,NA,1,Department of Water Resources,94,274,33876,16N12W16N002M,NA,Unknown,Unknown,1-052,Ukiah Valley,Mendocino,274,Residential,Unknown,15976,1973-10-18 - 2020-09-10,117,spring,NA,NA,15.9,179.6,1975,9.24,8.95,19.23,9.35,Wet,SAC,1975-10-01T00:00:00Z,1976-10-01T00:00:00Z,-123.202,39.2358
392358N1232020W001,1014415,1975-10-07T00:00:00Z,684.35,682.85,0,94.5,589.85,94.5,93,NA,Unknown,Water level accuracy is unknown,1,Department of Water Resources,NA,1,Department of Water Resources,94,274,33876,16N12W16N002M,NA,Unknown,Unknown,1-052,Ukiah Valley,Mendocino,274,Residential,Unknown,15976,1973-10-18 - 2020-09-10,117,fall,19,138,NA,NA,1975,9.24,8.95,19.23,9.35,Wet,SAC,1975-10-01T00:00:00Z,1976-10-01T00:00:00Z,-123.202,39.2358
392358N1232020W001,1014414,1975-03-25T00:00:00Z,684.35,682.85,0,69.4,614.95,69.4,67.9,NA,Unknown,Water level accuracy is unknown,1,Department of Water Resources,NA,1,Department of Water Resources,94,274,33876,16N12W16N002M,NA,Unknown,Unknown,1-052,Ukiah Valley,Mendocino,274,Residential,Unknown,15976,1973-10-18 - 2020-09-10,117,spring,NA,NA,15.9,179.6,1974,21.69,9.78,32.5,12.99,Wet,SAC,1974-10-01T00:00:00Z,1975-10-01T00:00:00Z,-123.202,39.2358
392358N1232020W001,1014413,1974-10-09T00:00:00Z,684.35,682.85,0,87.5,596.85,87.5,86,NA,Unknown,Water level accuracy is unknown,1,Department of Water Resources,NA,1,Department of Water Resources,94,274,33876,16N12W16N002M,NA,Unknown,Unknown,1-052,Ukiah Valley,Mendocino,274,Residential,Unknown,15976,1973-10-18 - 2020-09-10,117,fall,19,138,NA,NA,1974,21.69,9.78,32.5,12.99,Wet,SAC,1974-10-01T00:00:00Z,1975-10-01T00:00:00Z,-123.202,39.2358
392358N1232020W001,1014412,1974-03-12T00:00:00Z,684.35,682.85,0,44,640.35,44,42.5,NA,Unknown,Water level accuracy is unknown,1,Department of Water Resources,NA,1,Department of Water Resources,94,274,33876,16N12W16N002M,NA,Unknown,Unknown,1-052,Ukiah Valley,Mendocino,274,Residential,Unknown,15976,1973-10-18 - 2020-09-10,117,spring,NA,NA,15.9,179.6,1973,12.8,6.38,20.05,8.58,Above Normal,SAC,1973-10-01T00:00:00Z,1974-10-01T00:00:00Z,-123.202,39.2358
392358N1232020W001,1014411,1973-10-18T00:00:00Z,684.35,682.85,0,116.9,567.45,116.9,115.4,Pumped recently,Unknown,Water level accuracy is unknown,1,Department of Water Resources,NA,1,Department of Water Resources,94,274,33876,16N12W16N002M,NA,Unknown,Unknown,1-052,Ukiah Valley,Mendocino,274,Residential,Unknown,15976,1973-10-18 - 2020-09-10,117,fall,19,138,NA,NA,1973,12.8,6.38,20.05,8.58,Above Normal,SAC,1973-10-01T00:00:00Z,1974-10-01T00:00:00Z,-123.202,39.2358
