SITE_CODE,WLM_ID,MSMT_DATE,WLM_RPE,WLM_GSE,RDNG_WS,RDNG_RP,WSE,RPE_WSE,GSE_WSE,WLM_QA_DESC,WLM_DESC,WLM_ACC_DESC,WLM_ORG_ID,WLM_ORG_NAME,MSMT_CMT,COOP_AGENCY_ORG_ID,COOP_ORG_NAME,TOP_PRF,BOT_PRF,STN_ID,SWN,WELL_NAME,WLM_METHOD,WLM_ACC,BASIN_CODE,BASIN_NAME,COUNTY_NAME,WELL_DEPTH,WELL_USE,WELL_TYPE,WCR_NO,t_range,n_samples,season,fall_high,fall_low,spring_high,spring_low,water_year,X1,Precip,water_year_type,water_year_start,water_year_end,X,Y
392455N1231977W003,2624411,2020-05-14T10:00:00Z,732,730,0,58.55,673.45,58.55,56.55,NA,Electric sounder measurement,Water level accuracy to nearest hundredth of a foot,5191,Mendocino County Water Agency,NA,5191,Mendocino County Water Agency,280,291,50542,NA,Ukiah Valley-18,Unknown,Unknown,1-052,Ukiah Valley,Mendocino,345,Observation,Part of a nested/multi-completion well,NA,2014-10-21 14:40:00 - 2020-05-14 10:00:00,24,spring,NA,NA,56.55,59.96,2020,NA,NA,NA,2019-10-01T00:00:00Z,2020-10-01T00:00:00Z,-123.198,39.2455
392455N1231977W003,2624411,2020-05-14T10:00:00Z,732,730,0,58.55,673.45,58.55,56.55,NA,Electric sounder measurement,Water level accuracy to nearest hundredth of a foot,5191,Mendocino County Water Agency,NA,5191,Mendocino County Water Agency,330,340,50542,NA,Ukiah Valley-18,Unknown,Unknown,1-052,Ukiah Valley,Mendocino,345,Observation,Part of a nested/multi-completion well,NA,2014-10-21 14:40:00 - 2020-05-14 10:00:00,24,spring,NA,NA,56.55,59.96,2020,NA,NA,NA,2019-10-01T00:00:00Z,2020-10-01T00:00:00Z,-123.198,39.2455
392455N1231977W003,2493659,2019-10-24T13:10:00Z,732,730,0,56.61,675.39,56.61,54.61,NA,Electric sounder measurement,Water level accuracy to nearest hundredth of a foot,5191,Mendocino County Water Agency,NA,5191,Mendocino County Water Agency,280,291,50542,NA,Ukiah Valley-18,Unknown,Unknown,1-052,Ukiah Valley,Mendocino,345,Observation,Part of a nested/multi-completion well,NA,2014-10-21 14:40:00 - 2020-05-14 10:00:00,24,fall,54.61,67.07,NA,NA,2020,NA,NA,NA,2019-10-01T00:00:00Z,2020-10-01T00:00:00Z,-123.198,39.2455
392455N1231977W003,2493659,2019-10-24T13:10:00Z,732,730,0,56.61,675.39,56.61,54.61,NA,Electric sounder measurement,Water level accuracy to nearest hundredth of a foot,5191,Mendocino County Water Agency,NA,5191,Mendocino County Water Agency,330,340,50542,NA,Ukiah Valley-18,Unknown,Unknown,1-052,Ukiah Valley,Mendocino,345,Observation,Part of a nested/multi-completion well,NA,2014-10-21 14:40:00 - 2020-05-14 10:00:00,24,fall,54.61,67.07,NA,NA,2020,NA,NA,NA,2019-10-01T00:00:00Z,2020-10-01T00:00:00Z,-123.198,39.2455
392455N1231977W003,2463868,2019-05-01T14:10:00Z,732,730,0,59.27,672.73,59.27,57.27,NA,Electric sounder measurement,Water level accuracy to nearest hundredth of a foot,5191,Mendocino County Water Agency,NA,5191,Mendocino County Water Agency,280,291,50542,NA,Ukiah Valley-18,Unknown,Unknown,1-052,Ukiah Valley,Mendocino,345,Observation,Part of a nested/multi-completion well,NA,2014-10-21 14:40:00 - 2020-05-14 10:00:00,24,spring,NA,NA,56.55,59.96,2019,119,43.64,Wet,2018-10-01T00:00:00Z,2019-10-01T00:00:00Z,-123.198,39.2455
392455N1231977W003,2463868,2019-05-01T14:10:00Z,732,730,0,59.27,672.73,59.27,57.27,NA,Electric sounder measurement,Water level accuracy to nearest hundredth of a foot,5191,Mendocino County Water Agency,NA,5191,Mendocino County Water Agency,330,340,50542,NA,Ukiah Valley-18,Unknown,Unknown,1-052,Ukiah Valley,Mendocino,345,Observation,Part of a nested/multi-completion well,NA,2014-10-21 14:40:00 - 2020-05-14 10:00:00,24,spring,NA,NA,56.55,59.96,2019,119,43.64,Wet,2018-10-01T00:00:00Z,2019-10-01T00:00:00Z,-123.198,39.2455
392455N1231977W003,2423024,2018-10-24T15:30:00Z,732,730,0,61.98,670.02,61.98,59.98,NA,Electric sounder measurement,Water level accuracy to nearest hundredth of a foot,5191,Mendocino County Water Agency,NA,5191,Mendocino County Water Agency,280,291,50542,NA,Ukiah Valley-18,Unknown,Unknown,1-052,Ukiah Valley,Mendocino,345,Observation,Part of a nested/multi-completion well,NA,2014-10-21 14:40:00 - 2020-05-14 10:00:00,24,fall,54.61,67.07,NA,NA,2019,119,43.64,Wet,2018-10-01T00:00:00Z,2019-10-01T00:00:00Z,-123.198,39.2455
392455N1231977W003,2423024,2018-10-24T15:30:00Z,732,730,0,61.98,670.02,61.98,59.98,NA,Electric sounder measurement,Water level accuracy to nearest hundredth of a foot,5191,Mendocino County Water Agency,NA,5191,Mendocino County Water Agency,330,340,50542,NA,Ukiah Valley-18,Unknown,Unknown,1-052,Ukiah Valley,Mendocino,345,Observation,Part of a nested/multi-completion well,NA,2014-10-21 14:40:00 - 2020-05-14 10:00:00,24,fall,54.61,67.07,NA,NA,2019,119,43.64,Wet,2018-10-01T00:00:00Z,2019-10-01T00:00:00Z,-123.198,39.2455
392455N1231977W003,2307142,2018-04-18T15:11:00Z,732,730,0,59.51,672.49,59.51,57.51,NA,Electric sounder measurement,Water level accuracy to nearest hundredth of a foot,5191,Mendocino County Water Agency,NA,5191,Mendocino County Water Agency,280,291,50542,NA,Ukiah Valley-18,Unknown,Unknown,1-052,Ukiah Valley,Mendocino,345,Observation,Part of a nested/multi-completion well,NA,2014-10-21 14:40:00 - 2020-05-14 10:00:00,24,spring,NA,NA,56.55,59.96,2018,118,23.57,Dry,2017-10-01T00:00:00Z,2018-10-01T00:00:00Z,-123.198,39.2455
392455N1231977W003,2307142,2018-04-18T15:11:00Z,732,730,0,59.51,672.49,59.51,57.51,NA,Electric sounder measurement,Water level accuracy to nearest hundredth of a foot,5191,Mendocino County Water Agency,NA,5191,Mendocino County Water Agency,330,340,50542,NA,Ukiah Valley-18,Unknown,Unknown,1-052,Ukiah Valley,Mendocino,345,Observation,Part of a nested/multi-completion well,NA,2014-10-21 14:40:00 - 2020-05-14 10:00:00,24,spring,NA,NA,56.55,59.96,2018,118,23.57,Dry,2017-10-01T00:00:00Z,2018-10-01T00:00:00Z,-123.198,39.2455
392455N1231977W003,2277484,2017-10-20T00:00:00Z,732,730,0,62.48,669.52,62.48,60.48,NA,Electric sounder measurement,Water level accuracy to nearest hundredth of a foot,5191,Mendocino County Water Agency,NA,5191,Mendocino County Water Agency,280,291,50542,NA,Ukiah Valley-18,Unknown,Unknown,1-052,Ukiah Valley,Mendocino,345,Observation,Part of a nested/multi-completion well,NA,2014-10-21 14:40:00 - 2020-05-14 10:00:00,24,fall,54.61,67.07,NA,NA,2018,118,23.57,Dry,2017-10-01T00:00:00Z,2018-10-01T00:00:00Z,-123.198,39.2455
392455N1231977W003,2277484,2017-10-20T00:00:00Z,732,730,0,62.48,669.52,62.48,60.48,NA,Electric sounder measurement,Water level accuracy to nearest hundredth of a foot,5191,Mendocino County Water Agency,NA,5191,Mendocino County Water Agency,330,340,50542,NA,Ukiah Valley-18,Unknown,Unknown,1-052,Ukiah Valley,Mendocino,345,Observation,Part of a nested/multi-completion well,NA,2014-10-21 14:40:00 - 2020-05-14 10:00:00,24,fall,54.61,67.07,NA,NA,2018,118,23.57,Dry,2017-10-01T00:00:00Z,2018-10-01T00:00:00Z,-123.198,39.2455
392455N1231977W003,2246688,2017-04-12T12:20:00Z,732,730,0,60.04,671.96,60.04,58.04,NA,Electric sounder measurement,Water level accuracy to nearest hundredth of a foot,5191,Mendocino County Water Agency,NA,5191,Mendocino County Water Agency,280,291,50542,NA,Ukiah Valley-18,Unknown,Unknown,1-052,Ukiah Valley,Mendocino,345,Observation,Part of a nested/multi-completion well,NA,2014-10-21 14:40:00 - 2020-05-14 10:00:00,24,spring,NA,NA,56.55,59.96,2017,117,52.12,Wet,2016-10-01T00:00:00Z,2017-10-01T00:00:00Z,-123.198,39.2455
392455N1231977W003,2246688,2017-04-12T12:20:00Z,732,730,0,60.04,671.96,60.04,58.04,NA,Electric sounder measurement,Water level accuracy to nearest hundredth of a foot,5191,Mendocino County Water Agency,NA,5191,Mendocino County Water Agency,330,340,50542,NA,Ukiah Valley-18,Unknown,Unknown,1-052,Ukiah Valley,Mendocino,345,Observation,Part of a nested/multi-completion well,NA,2014-10-21 14:40:00 - 2020-05-14 10:00:00,24,spring,NA,NA,56.55,59.96,2017,117,52.12,Wet,2016-10-01T00:00:00Z,2017-10-01T00:00:00Z,-123.198,39.2455
392455N1231977W003,2221759,2016-10-19T10:38:00Z,732,730,0,60.1,671.9,60.1,58.1,NA,Electric sounder measurement,Water level accuracy to nearest hundredth of a foot,5191,Mendocino County Water Agency,NA,5191,Mendocino County Water Agency,280,291,50542,NA,Ukiah Valley-18,Unknown,Unknown,1-052,Ukiah Valley,Mendocino,345,Observation,Part of a nested/multi-completion well,NA,2014-10-21 14:40:00 - 2020-05-14 10:00:00,24,fall,54.61,67.07,NA,NA,2017,117,52.12,Wet,2016-10-01T00:00:00Z,2017-10-01T00:00:00Z,-123.198,39.2455
392455N1231977W003,2221759,2016-10-19T10:38:00Z,732,730,0,60.1,671.9,60.1,58.1,NA,Electric sounder measurement,Water level accuracy to nearest hundredth of a foot,5191,Mendocino County Water Agency,NA,5191,Mendocino County Water Agency,330,340,50542,NA,Ukiah Valley-18,Unknown,Unknown,1-052,Ukiah Valley,Mendocino,345,Observation,Part of a nested/multi-completion well,NA,2014-10-21 14:40:00 - 2020-05-14 10:00:00,24,fall,54.61,67.07,NA,NA,2017,117,52.12,Wet,2016-10-01T00:00:00Z,2017-10-01T00:00:00Z,-123.198,39.2455
392455N1231977W003,2196251,2016-04-15T14:40:00Z,732,730,0,60.2,671.8,60.2,58.2,NA,Electric sounder measurement,Water level accuracy to nearest hundredth of a foot,5191,Mendocino County Water Agency,NA,5191,Mendocino County Water Agency,280,291,50542,NA,Ukiah Valley-18,Unknown,Unknown,1-052,Ukiah Valley,Mendocino,345,Observation,Part of a nested/multi-completion well,NA,2014-10-21 14:40:00 - 2020-05-14 10:00:00,24,spring,NA,NA,56.55,59.96,2016,116,36.52,Above Normal,2015-10-01T00:00:00Z,2016-10-01T00:00:00Z,-123.198,39.2455
392455N1231977W003,2196251,2016-04-15T14:40:00Z,732,730,0,60.2,671.8,60.2,58.2,NA,Electric sounder measurement,Water level accuracy to nearest hundredth of a foot,5191,Mendocino County Water Agency,NA,5191,Mendocino County Water Agency,330,340,50542,NA,Ukiah Valley-18,Unknown,Unknown,1-052,Ukiah Valley,Mendocino,345,Observation,Part of a nested/multi-completion well,NA,2014-10-21 14:40:00 - 2020-05-14 10:00:00,24,spring,NA,NA,56.55,59.96,2016,116,36.52,Above Normal,2015-10-01T00:00:00Z,2016-10-01T00:00:00Z,-123.198,39.2455
392455N1231977W003,2157926,2015-10-14T15:46:00Z,732,730,0,63.9,668.1,63.9,61.9,NA,Electric sounder measurement,Water level accuracy to nearest hundredth of a foot,5191,Mendocino County Water Agency,Nested wells-deep,5191,Mendocino County Water Agency,280,291,50542,NA,Ukiah Valley-18,Unknown,Unknown,1-052,Ukiah Valley,Mendocino,345,Observation,Part of a nested/multi-completion well,NA,2014-10-21 14:40:00 - 2020-05-14 10:00:00,24,fall,54.61,67.07,NA,NA,2016,116,36.52,Above Normal,2015-10-01T00:00:00Z,2016-10-01T00:00:00Z,-123.198,39.2455
392455N1231977W003,2157926,2015-10-14T15:46:00Z,732,730,0,63.9,668.1,63.9,61.9,NA,Electric sounder measurement,Water level accuracy to nearest hundredth of a foot,5191,Mendocino County Water Agency,Nested wells-deep,5191,Mendocino County Water Agency,330,340,50542,NA,Ukiah Valley-18,Unknown,Unknown,1-052,Ukiah Valley,Mendocino,345,Observation,Part of a nested/multi-completion well,NA,2014-10-21 14:40:00 - 2020-05-14 10:00:00,24,fall,54.61,67.07,NA,NA,2016,116,36.52,Above Normal,2015-10-01T00:00:00Z,2016-10-01T00:00:00Z,-123.198,39.2455
392455N1231977W003,2138341,2015-04-24T10:40:00Z,732,730,0,61.96,670.04,61.96,59.96,NA,Electric sounder measurement,Water level accuracy to nearest hundredth of a foot,5191,Mendocino County Water Agency,NA,5191,Mendocino County Water Agency,280,291,50542,NA,Ukiah Valley-18,Unknown,Unknown,1-052,Ukiah Valley,Mendocino,345,Observation,Part of a nested/multi-completion well,NA,2014-10-21 14:40:00 - 2020-05-14 10:00:00,24,spring,NA,NA,56.55,59.96,2015,115,26.75,Dry,2014-10-01T00:00:00Z,2015-10-01T00:00:00Z,-123.198,39.2455
392455N1231977W003,2138341,2015-04-24T10:40:00Z,732,730,0,61.96,670.04,61.96,59.96,NA,Electric sounder measurement,Water level accuracy to nearest hundredth of a foot,5191,Mendocino County Water Agency,NA,5191,Mendocino County Water Agency,330,340,50542,NA,Ukiah Valley-18,Unknown,Unknown,1-052,Ukiah Valley,Mendocino,345,Observation,Part of a nested/multi-completion well,NA,2014-10-21 14:40:00 - 2020-05-14 10:00:00,24,spring,NA,NA,56.55,59.96,2015,115,26.75,Dry,2014-10-01T00:00:00Z,2015-10-01T00:00:00Z,-123.198,39.2455
392455N1231977W003,2106431,2014-10-21T14:40:00Z,732,730,0,69.07,662.93,69.07,67.07,NA,Electric sounder measurement,Water level accuracy to nearest hundredth of a foot,5191,Mendocino County Water Agency,Nested Wells- deep,5191,Mendocino County Water Agency,280,291,50542,NA,Ukiah Valley-18,Unknown,Unknown,1-052,Ukiah Valley,Mendocino,345,Observation,Part of a nested/multi-completion well,NA,2014-10-21 14:40:00 - 2020-05-14 10:00:00,24,fall,54.61,67.07,NA,NA,2015,115,26.75,Dry,2014-10-01T00:00:00Z,2015-10-01T00:00:00Z,-123.198,39.2455
392455N1231977W003,2106431,2014-10-21T14:40:00Z,732,730,0,69.07,662.93,69.07,67.07,NA,Electric sounder measurement,Water level accuracy to nearest hundredth of a foot,5191,Mendocino County Water Agency,Nested Wells- deep,5191,Mendocino County Water Agency,330,340,50542,NA,Ukiah Valley-18,Unknown,Unknown,1-052,Ukiah Valley,Mendocino,345,Observation,Part of a nested/multi-completion well,NA,2014-10-21 14:40:00 - 2020-05-14 10:00:00,24,fall,54.61,67.07,NA,NA,2015,115,26.75,Dry,2014-10-01T00:00:00Z,2015-10-01T00:00:00Z,-123.198,39.2455
