SITE_CODE,WLM_ID,MSMT_DATE,WLM_RPE,WLM_GSE,RDNG_WS,RDNG_RP,WSE,RPE_WSE,GSE_WSE,WLM_QA_DESC,WLM_DESC,WLM_ACC_DESC,WLM_ORG_ID,WLM_ORG_NAME,MSMT_CMT,COOP_AGENCY_ORG_ID,COOP_ORG_NAME,TOP_PRF,BOT_PRF,STN_ID,SWN,WELL_NAME,WLM_METHOD,WLM_ACC,BASIN_CODE,BASIN_NAME,COUNTY_NAME,WELL_DEPTH,WELL_USE,WELL_TYPE,WCR_NO,t_range,n_samples,season,fall_high,fall_low,spring_high,spring_low,water_year,Oct.Mar,Apr.Jul,WYsum,Index,water_year_type,region,water_year_start,water_year_end,X,Y
392572N1231906W001,2493649,2019-10-31T12:45:00Z,789.458,790,0,39.73,749.728,39.73,40.272,NA,Electric sounder measurement,Water level accuracy to nearest hundredth of a foot,5191,Mendocino County Water Agency,NA,5191,Mendocino County Water Agency,NA,NA,50348,16N12W09J001M,Ukiah Valley-9,Unknown,Unknown,1-052,Ukiah Valley,Mendocino,133,Residential,Single Well,NA,2014-10-21 16:00:00 - 2020-05-15 00:00:00,9,fall,34.532,40.272,NA,NA,2019,13.11,10.66,24.77,10.34,Wet,SAC,2019-10-01T00:00:00Z,2020-10-01T00:00:00Z,-123.191,39.2572
392572N1231906W001,2463858,2019-05-01T13:21:00Z,789.458,790,0,21.93,767.528,21.93,22.472,NA,Electric sounder measurement,Water level accuracy to nearest hundredth of a foot,5191,Mendocino County Water Agency,NA,5191,Mendocino County Water Agency,NA,NA,50348,16N12W09J001M,Ukiah Valley-9,Unknown,Unknown,1-052,Ukiah Valley,Mendocino,133,Residential,Single Well,NA,2014-10-21 16:00:00 - 2020-05-15 00:00:00,9,spring,NA,NA,20.032,22.472,2018,7.09,5.05,12.86,7.14,Below Normal,SAC,2018-10-01T00:00:00Z,2019-10-01T00:00:00Z,-123.191,39.2572
392572N1231906W001,2423015,2018-10-31T11:30:00Z,789.458,790,0,34.94,754.518,34.94,35.482,NA,Electric sounder measurement,Water level accuracy to nearest hundredth of a foot,5191,Mendocino County Water Agency,NA,5191,Mendocino County Water Agency,NA,NA,50348,16N12W09J001M,Ukiah Valley-9,Unknown,Unknown,1-052,Ukiah Valley,Mendocino,133,Residential,Single Well,NA,2014-10-21 16:00:00 - 2020-05-15 00:00:00,9,fall,34.532,40.272,NA,NA,2018,7.09,5.05,12.86,7.14,Below Normal,SAC,2018-10-01T00:00:00Z,2019-10-01T00:00:00Z,-123.191,39.2572
392572N1231906W001,2307132,2018-04-18T14:43:00Z,789.458,790,0,19.76,769.698,19.76,20.302,NA,Electric sounder measurement,Water level accuracy to nearest hundredth of a foot,5191,Mendocino County Water Agency,NA,5191,Mendocino County Water Agency,NA,NA,50348,16N12W09J001M,Ukiah Valley-9,Unknown,Unknown,1-052,Ukiah Valley,Mendocino,133,Residential,Single Well,NA,2014-10-21 16:00:00 - 2020-05-15 00:00:00,9,spring,NA,NA,20.032,22.472,2017,26.17,10.69,37.82,14.14,Wet,SAC,2017-10-01T00:00:00Z,2018-10-01T00:00:00Z,-123.191,39.2572
392572N1231906W001,2277474,2017-10-23T11:58:00Z,789.458,790,0,35.02,754.438,35.02,35.562,NA,Electric sounder measurement,Water level accuracy to nearest hundredth of a foot,5191,Mendocino County Water Agency,NA,5191,Mendocino County Water Agency,NA,NA,50348,16N12W09J001M,Ukiah Valley-9,Unknown,Unknown,1-052,Ukiah Valley,Mendocino,133,Residential,Single Well,NA,2014-10-21 16:00:00 - 2020-05-15 00:00:00,9,fall,34.532,40.272,NA,NA,2017,26.17,10.69,37.82,14.14,Wet,SAC,2017-10-01T00:00:00Z,2018-10-01T00:00:00Z,-123.191,39.2572
392572N1231906W001,2246684,2017-04-19T14:27:00Z,789.458,790,0,19.49,769.968,19.49,20.032,NA,Electric sounder measurement,Water level accuracy to nearest hundredth of a foot,5191,Mendocino County Water Agency,NA,5191,Mendocino County Water Agency,NA,NA,50348,16N12W09J001M,Ukiah Valley-9,Unknown,Unknown,1-052,Ukiah Valley,Mendocino,133,Residential,Single Well,NA,2014-10-21 16:00:00 - 2020-05-15 00:00:00,9,spring,NA,NA,20.032,22.472,2016,12.24,4.6,17.48,6.71,Below Normal,SAC,2016-10-01T00:00:00Z,2017-10-01T00:00:00Z,-123.191,39.2572
392572N1231906W001,2219667,2016-10-19T13:40:00Z,789.458,790,0,33.99,755.468,33.99,34.532,NA,Electric sounder measurement,Water level accuracy to nearest hundredth of a foot,5191,Mendocino County Water Agency,NA,5191,Mendocino County Water Agency,NA,NA,50348,16N12W09J001M,Ukiah Valley-9,Unknown,Unknown,1-052,Ukiah Valley,Mendocino,133,Residential,Single Well,NA,2014-10-21 16:00:00 - 2020-05-15 00:00:00,9,fall,34.532,40.272,NA,NA,2016,12.24,4.6,17.48,6.71,Below Normal,SAC,2016-10-01T00:00:00Z,2017-10-01T00:00:00Z,-123.191,39.2572
