SITE_CODE,WLM_ID,MSMT_DATE,WLM_RPE,WLM_GSE,RDNG_WS,RDNG_RP,WSE,RPE_WSE,GSE_WSE,WLM_QA_DESC,WLM_DESC,WLM_ACC_DESC,WLM_ORG_ID,WLM_ORG_NAME,MSMT_CMT,COOP_AGENCY_ORG_ID,COOP_ORG_NAME,TOP_PRF,BOT_PRF,STN_ID,SWN,WELL_NAME,WLM_METHOD,WLM_ACC,BASIN_CODE,BASIN_NAME,COUNTY_NAME,WELL_DEPTH,WELL_USE,WELL_TYPE,WCR_NO,t_range,n_samples,season,fall_high,fall_low,spring_high,spring_low,water_year,Oct.Mar,Apr.Jul,WYsum,Index,water_year_type,region,water_year_start,water_year_end,X,Y
392556N1232312W001,2493648,2019-10-24T13:32:00Z,738.66,738,0,38.83,699.83,38.83,38.17,NA,Electric sounder measurement,Water level accuracy to nearest hundredth of a foot,5191,Mendocino County Water Agency,NA,5191,Mendocino County Water Agency,NA,NA,50347,16N12W07K001M,Ukiah Valley-8,Unknown,Unknown,1-052,Ukiah Valley,Mendocino,200,Unknown,Single Well,NA,2014-10-21 16:31:00 - 2020-05-15 00:00:00,13,fall,34.35,54.93,NA,NA,2019,13.11,10.66,24.77,10.34,Wet,SAC,2019-10-01T00:00:00Z,2020-10-01T00:00:00Z,-123.231,39.2555
392556N1232312W001,2463857,2019-05-01T11:37:00Z,738.66,738,0,27.12,711.54,27.12,26.46,NA,Electric sounder measurement,Water level accuracy to nearest hundredth of a foot,5191,Mendocino County Water Agency,NA,5191,Mendocino County Water Agency,NA,NA,50347,16N12W07K001M,Ukiah Valley-8,Unknown,Unknown,1-052,Ukiah Valley,Mendocino,200,Unknown,Single Well,NA,2014-10-21 16:31:00 - 2020-05-15 00:00:00,13,spring,NA,NA,21.27,33.47,2018,7.09,5.05,12.86,7.14,Below Normal,SAC,2018-10-01T00:00:00Z,2019-10-01T00:00:00Z,-123.231,39.2555
392556N1232312W001,2423014,2018-10-31T09:45:00Z,738.66,738,0,39.09,699.57,39.09,38.43,NA,Electric sounder measurement,Water level accuracy to nearest hundredth of a foot,5191,Mendocino County Water Agency,NA,5191,Mendocino County Water Agency,NA,NA,50347,16N12W07K001M,Ukiah Valley-8,Unknown,Unknown,1-052,Ukiah Valley,Mendocino,200,Unknown,Single Well,NA,2014-10-21 16:31:00 - 2020-05-15 00:00:00,13,fall,34.35,54.93,NA,NA,2018,7.09,5.05,12.86,7.14,Below Normal,SAC,2018-10-01T00:00:00Z,2019-10-01T00:00:00Z,-123.231,39.2555
392556N1232312W001,2307131,2018-04-30T10:40:00Z,738.66,738,0,24.84,713.82,24.84,24.18,NA,Electric sounder measurement,Water level accuracy to nearest hundredth of a foot,5191,Mendocino County Water Agency,NA,5191,Mendocino County Water Agency,NA,NA,50347,16N12W07K001M,Ukiah Valley-8,Unknown,Unknown,1-052,Ukiah Valley,Mendocino,200,Unknown,Single Well,NA,2014-10-21 16:31:00 - 2020-05-15 00:00:00,13,spring,NA,NA,21.27,33.47,2017,26.17,10.69,37.82,14.14,Wet,SAC,2017-10-01T00:00:00Z,2018-10-01T00:00:00Z,-123.231,39.2555
392556N1232312W001,2277473,2017-10-23T13:04:00Z,738.66,738,0,35.01,703.65,35.01,34.35,NA,Electric sounder measurement,Water level accuracy to nearest hundredth of a foot,5191,Mendocino County Water Agency,NA,5191,Mendocino County Water Agency,NA,NA,50347,16N12W07K001M,Ukiah Valley-8,Unknown,Unknown,1-052,Ukiah Valley,Mendocino,200,Unknown,Single Well,NA,2014-10-21 16:31:00 - 2020-05-15 00:00:00,13,fall,34.35,54.93,NA,NA,2017,26.17,10.69,37.82,14.14,Wet,SAC,2017-10-01T00:00:00Z,2018-10-01T00:00:00Z,-123.231,39.2555
392556N1232312W001,2246687,2017-04-25T13:35:00Z,738.66,738,2,23.93,716.73,21.93,21.27,NA,Electric sounder measurement,Water level accuracy to nearest hundredth of a foot,5191,Mendocino County Water Agency,NA,5191,Mendocino County Water Agency,NA,NA,50347,16N12W07K001M,Ukiah Valley-8,Unknown,Unknown,1-052,Ukiah Valley,Mendocino,200,Unknown,Single Well,NA,2014-10-21 16:31:00 - 2020-05-15 00:00:00,13,spring,NA,NA,21.27,33.47,2016,12.24,4.6,17.48,6.71,Below Normal,SAC,2016-10-01T00:00:00Z,2017-10-01T00:00:00Z,-123.231,39.2555
392556N1232312W001,2219666,2016-10-19T11:30:00Z,738.66,738,0,41.92,696.74,41.92,41.26,NA,Electric sounder measurement,Water level accuracy to nearest hundredth of a foot,5191,Mendocino County Water Agency,NA,5191,Mendocino County Water Agency,NA,NA,50347,16N12W07K001M,Ukiah Valley-8,Unknown,Unknown,1-052,Ukiah Valley,Mendocino,200,Unknown,Single Well,NA,2014-10-21 16:31:00 - 2020-05-15 00:00:00,13,fall,34.35,54.93,NA,NA,2016,12.24,4.6,17.48,6.71,Below Normal,SAC,2016-10-01T00:00:00Z,2017-10-01T00:00:00Z,-123.231,39.2555
392556N1232312W001,2196240,2016-04-18T13:45:00Z,738.66,738,0,28.08,710.58,28.08,27.42,NA,Electric sounder measurement,Water level accuracy to nearest hundredth of a foot,5191,Mendocino County Water Agency,NA,5191,Mendocino County Water Agency,NA,NA,50347,16N12W07K001M,Ukiah Valley-8,Unknown,Unknown,1-052,Ukiah Valley,Mendocino,200,Unknown,Single Well,NA,2014-10-21 16:31:00 - 2020-05-15 00:00:00,13,spring,NA,NA,21.27,33.47,2015,6.91,1.77,9.23,4,Critical,SAC,2015-10-01T00:00:00Z,2016-10-01T00:00:00Z,-123.231,39.2555
392556N1232312W001,2157915,2015-10-15T11:47:00Z,738.66,738,0,55.59,683.07,55.59,54.93,Pumped recently,Electric sounder measurement,Water level accuracy to nearest hundredth of a foot,5191,Mendocino County Water Agency,NA,5191,Mendocino County Water Agency,NA,NA,50347,16N12W07K001M,Ukiah Valley-8,Unknown,Unknown,1-052,Ukiah Valley,Mendocino,200,Unknown,Single Well,NA,2014-10-21 16:31:00 - 2020-05-15 00:00:00,13,fall,34.35,54.93,NA,NA,2015,6.91,1.77,9.23,4,Critical,SAC,2015-10-01T00:00:00Z,2016-10-01T00:00:00Z,-123.231,39.2555
392556N1232312W001,2138330,2015-05-07T09:50:00Z,738.66,738,0,34.13,704.53,34.13,33.47,NA,Electric sounder measurement,Water level accuracy to nearest hundredth of a foot,5191,Mendocino County Water Agency,NA,5191,Mendocino County Water Agency,NA,NA,50347,16N12W07K001M,Ukiah Valley-8,Unknown,Unknown,1-052,Ukiah Valley,Mendocino,200,Unknown,Single Well,NA,2014-10-21 16:31:00 - 2020-05-15 00:00:00,13,spring,NA,NA,21.27,33.47,2014,4.29,2.59,7.46,4.07,Critical,SAC,2014-10-01T00:00:00Z,2015-10-01T00:00:00Z,-123.231,39.2555
392556N1232312W001,2138329,2015-05-07T09:50:00Z,738.66,738,0,34.13,704.53,34.13,33.47,NA,Electric sounder measurement,Water level accuracy to nearest hundredth of a foot,5191,Mendocino County Water Agency,NA,5191,Mendocino County Water Agency,NA,NA,50347,16N12W07K001M,Ukiah Valley-8,Unknown,Unknown,1-052,Ukiah Valley,Mendocino,200,Unknown,Single Well,NA,2014-10-21 16:31:00 - 2020-05-15 00:00:00,13,spring,NA,NA,21.27,33.47,2014,4.29,2.59,7.46,4.07,Critical,SAC,2014-10-01T00:00:00Z,2015-10-01T00:00:00Z,-123.231,39.2555
392556N1232312W001,2106420,2014-10-21T16:31:00Z,739,738,0,47.765,691.235,47.765,46.765,NA,Electric sounder measurement,Water level accuracy to nearest hundredth of a foot,5191,Mendocino County Water Agency,NA,5191,Mendocino County Water Agency,NA,NA,50347,16N12W07K001M,Ukiah Valley-8,Unknown,Unknown,1-052,Ukiah Valley,Mendocino,200,Unknown,Single Well,NA,2014-10-21 16:31:00 - 2020-05-15 00:00:00,13,fall,34.35,54.93,NA,NA,2014,4.29,2.59,7.46,4.07,Critical,SAC,2014-10-01T00:00:00Z,2015-10-01T00:00:00Z,-123.231,39.2555
