SITE_CODE,WLM_ID,MSMT_DATE,WLM_RPE,WLM_GSE,RDNG_WS,RDNG_RP,WSE,RPE_WSE,GSE_WSE,WLM_QA_DESC,WLM_DESC,WLM_ACC_DESC,WLM_ORG_ID,WLM_ORG_NAME,MSMT_CMT,COOP_AGENCY_ORG_ID,COOP_ORG_NAME,TOP_PRF,BOT_PRF,STN_ID,SWN,WELL_NAME,WLM_METHOD,WLM_ACC,BASIN_CODE,BASIN_NAME,COUNTY_NAME,WELL_DEPTH,WELL_USE,WELL_TYPE,WCR_NO,t_range,n_samples,season,fall_high,fall_low,spring_high,spring_low,water_year,Oct.Mar,Apr.Jul,WYsum,Index,water_year_type,region,water_year_start,water_year_end,X,Y
392516N1231610W001,2493661,2019-11-05T12:15:00Z,1120.75,1120,0,101.9,1018.85,101.9,101.15,NA,Electric sounder measurement,Water level accuracy to nearest hundredth of a foot,5191,Mendocino County Water Agency,NA,5191,Mendocino County Water Agency,80,140,50825,NA,Ukiah Valley-20,GPS,Unknown,1-052,Ukiah Valley,Mendocino,200,Residential,Single Well,NA,2015-05-11 10:35:00 - 2020-05-15 00:00:00,22,fall,101.15,109.63,NA,NA,2019,13.11,10.66,24.77,10.34,Wet,SAC,2019-10-01T00:00:00Z,2020-10-01T00:00:00Z,-123.161,39.2516
392516N1231610W001,2493661,2019-11-05T12:15:00Z,1120.75,1120,0,101.9,1018.85,101.9,101.15,NA,Electric sounder measurement,Water level accuracy to nearest hundredth of a foot,5191,Mendocino County Water Agency,NA,5191,Mendocino County Water Agency,180,200,50825,NA,Ukiah Valley-20,GPS,Unknown,1-052,Ukiah Valley,Mendocino,200,Residential,Single Well,NA,2015-05-11 10:35:00 - 2020-05-15 00:00:00,22,fall,101.15,109.63,NA,NA,2019,13.11,10.66,24.77,10.34,Wet,SAC,2019-10-01T00:00:00Z,2020-10-01T00:00:00Z,-123.161,39.2516
392516N1231610W001,2463870,2019-05-01T14:30:00Z,1120.75,1120,0,102.27,1018.48,102.27,101.52,NA,Electric sounder measurement,Water level accuracy to nearest hundredth of a foot,5191,Mendocino County Water Agency,NA,5191,Mendocino County Water Agency,80,140,50825,NA,Ukiah Valley-20,GPS,Unknown,1-052,Ukiah Valley,Mendocino,200,Residential,Single Well,NA,2015-05-11 10:35:00 - 2020-05-15 00:00:00,22,spring,NA,NA,101.52,109.32,2018,7.09,5.05,12.86,7.14,Below Normal,SAC,2018-10-01T00:00:00Z,2019-10-01T00:00:00Z,-123.161,39.2516
392516N1231610W001,2463870,2019-05-01T14:30:00Z,1120.75,1120,0,102.27,1018.48,102.27,101.52,NA,Electric sounder measurement,Water level accuracy to nearest hundredth of a foot,5191,Mendocino County Water Agency,NA,5191,Mendocino County Water Agency,180,200,50825,NA,Ukiah Valley-20,GPS,Unknown,1-052,Ukiah Valley,Mendocino,200,Residential,Single Well,NA,2015-05-11 10:35:00 - 2020-05-15 00:00:00,22,spring,NA,NA,101.52,109.32,2018,7.09,5.05,12.86,7.14,Below Normal,SAC,2018-10-01T00:00:00Z,2019-10-01T00:00:00Z,-123.161,39.2516
392516N1231610W001,2423026,2018-10-31T12:30:00Z,1120.75,1120,0,105.5,1015.25,105.5,104.75,NA,Electric sounder measurement,Water level accuracy to nearest hundredth of a foot,5191,Mendocino County Water Agency,NA,5191,Mendocino County Water Agency,80,140,50825,NA,Ukiah Valley-20,GPS,Unknown,1-052,Ukiah Valley,Mendocino,200,Residential,Single Well,NA,2015-05-11 10:35:00 - 2020-05-15 00:00:00,22,fall,101.15,109.63,NA,NA,2018,7.09,5.05,12.86,7.14,Below Normal,SAC,2018-10-01T00:00:00Z,2019-10-01T00:00:00Z,-123.161,39.2516
392516N1231610W001,2423026,2018-10-31T12:30:00Z,1120.75,1120,0,105.5,1015.25,105.5,104.75,NA,Electric sounder measurement,Water level accuracy to nearest hundredth of a foot,5191,Mendocino County Water Agency,NA,5191,Mendocino County Water Agency,180,200,50825,NA,Ukiah Valley-20,GPS,Unknown,1-052,Ukiah Valley,Mendocino,200,Residential,Single Well,NA,2015-05-11 10:35:00 - 2020-05-15 00:00:00,22,fall,101.15,109.63,NA,NA,2018,7.09,5.05,12.86,7.14,Below Normal,SAC,2018-10-01T00:00:00Z,2019-10-01T00:00:00Z,-123.161,39.2516
392516N1231610W001,2307144,2018-04-30T11:50:00Z,1120.75,1120,0,105.68,1015.07,105.68,104.93,NA,Electric sounder measurement,Water level accuracy to nearest hundredth of a foot,5191,Mendocino County Water Agency,NA,5191,Mendocino County Water Agency,80,140,50825,NA,Ukiah Valley-20,GPS,Unknown,1-052,Ukiah Valley,Mendocino,200,Residential,Single Well,NA,2015-05-11 10:35:00 - 2020-05-15 00:00:00,22,spring,NA,NA,101.52,109.32,2017,26.17,10.69,37.82,14.14,Wet,SAC,2017-10-01T00:00:00Z,2018-10-01T00:00:00Z,-123.161,39.2516
392516N1231610W001,2307144,2018-04-30T11:50:00Z,1120.75,1120,0,105.68,1015.07,105.68,104.93,NA,Electric sounder measurement,Water level accuracy to nearest hundredth of a foot,5191,Mendocino County Water Agency,NA,5191,Mendocino County Water Agency,180,200,50825,NA,Ukiah Valley-20,GPS,Unknown,1-052,Ukiah Valley,Mendocino,200,Residential,Single Well,NA,2015-05-11 10:35:00 - 2020-05-15 00:00:00,22,spring,NA,NA,101.52,109.32,2017,26.17,10.69,37.82,14.14,Wet,SAC,2017-10-01T00:00:00Z,2018-10-01T00:00:00Z,-123.161,39.2516
392516N1231610W001,2297259,2017-04-12T13:32:00Z,1120.75,1120,0,106,1014.75,106,105.25,NA,Electric sounder measurement,Water level accuracy to nearest hundredth of a foot,5191,Mendocino County Water Agency,NA,5191,Mendocino County Water Agency,80,140,50825,NA,Ukiah Valley-20,GPS,Unknown,1-052,Ukiah Valley,Mendocino,200,Residential,Single Well,NA,2015-05-11 10:35:00 - 2020-05-15 00:00:00,22,spring,NA,NA,101.52,109.32,2016,12.24,4.6,17.48,6.71,Below Normal,SAC,2016-10-01T00:00:00Z,2017-10-01T00:00:00Z,-123.161,39.2516
392516N1231610W001,2297259,2017-04-12T13:32:00Z,1120.75,1120,0,106,1014.75,106,105.25,NA,Electric sounder measurement,Water level accuracy to nearest hundredth of a foot,5191,Mendocino County Water Agency,NA,5191,Mendocino County Water Agency,180,200,50825,NA,Ukiah Valley-20,GPS,Unknown,1-052,Ukiah Valley,Mendocino,200,Residential,Single Well,NA,2015-05-11 10:35:00 - 2020-05-15 00:00:00,22,spring,NA,NA,101.52,109.32,2016,12.24,4.6,17.48,6.71,Below Normal,SAC,2016-10-01T00:00:00Z,2017-10-01T00:00:00Z,-123.161,39.2516
392516N1231610W001,2221751,2016-10-13T12:02:00Z,1120.75,1120,0,108.9,1011.85,108.9,108.15,NA,Electric sounder measurement,Water level accuracy to nearest hundredth of a foot,5191,Mendocino County Water Agency,NA,5191,Mendocino County Water Agency,80,140,50825,NA,Ukiah Valley-20,GPS,Unknown,1-052,Ukiah Valley,Mendocino,200,Residential,Single Well,NA,2015-05-11 10:35:00 - 2020-05-15 00:00:00,22,fall,101.15,109.63,NA,NA,2016,12.24,4.6,17.48,6.71,Below Normal,SAC,2016-10-01T00:00:00Z,2017-10-01T00:00:00Z,-123.161,39.2516
392516N1231610W001,2221751,2016-10-13T12:02:00Z,1120.75,1120,0,108.9,1011.85,108.9,108.15,NA,Electric sounder measurement,Water level accuracy to nearest hundredth of a foot,5191,Mendocino County Water Agency,NA,5191,Mendocino County Water Agency,180,200,50825,NA,Ukiah Valley-20,GPS,Unknown,1-052,Ukiah Valley,Mendocino,200,Residential,Single Well,NA,2015-05-11 10:35:00 - 2020-05-15 00:00:00,22,fall,101.15,109.63,NA,NA,2016,12.24,4.6,17.48,6.71,Below Normal,SAC,2016-10-01T00:00:00Z,2017-10-01T00:00:00Z,-123.161,39.2516
392516N1231610W001,2196253,2016-04-21T15:35:00Z,1120.75,1120,0,108.65,1012.1,108.65,107.9,NA,Electric sounder measurement,Water level accuracy to nearest hundredth of a foot,5191,Mendocino County Water Agency,NA,5191,Mendocino County Water Agency,80,140,50825,NA,Ukiah Valley-20,GPS,Unknown,1-052,Ukiah Valley,Mendocino,200,Residential,Single Well,NA,2015-05-11 10:35:00 - 2020-05-15 00:00:00,22,spring,NA,NA,101.52,109.32,2015,6.91,1.77,9.23,4,Critical,SAC,2015-10-01T00:00:00Z,2016-10-01T00:00:00Z,-123.161,39.2516
392516N1231610W001,2196253,2016-04-21T15:35:00Z,1120.75,1120,0,108.65,1012.1,108.65,107.9,NA,Electric sounder measurement,Water level accuracy to nearest hundredth of a foot,5191,Mendocino County Water Agency,NA,5191,Mendocino County Water Agency,180,200,50825,NA,Ukiah Valley-20,GPS,Unknown,1-052,Ukiah Valley,Mendocino,200,Residential,Single Well,NA,2015-05-11 10:35:00 - 2020-05-15 00:00:00,22,spring,NA,NA,101.52,109.32,2015,6.91,1.77,9.23,4,Critical,SAC,2015-10-01T00:00:00Z,2016-10-01T00:00:00Z,-123.161,39.2516
392516N1231610W001,2157928,2015-10-16T11:35:00Z,1120.75,1120,0,110.38,1010.37,110.38,109.63,NA,Electric sounder measurement,Water level accuracy to nearest hundredth of a foot,5191,Mendocino County Water Agency,NA,5191,Mendocino County Water Agency,80,140,50825,NA,Ukiah Valley-20,GPS,Unknown,1-052,Ukiah Valley,Mendocino,200,Residential,Single Well,NA,2015-05-11 10:35:00 - 2020-05-15 00:00:00,22,fall,101.15,109.63,NA,NA,2015,6.91,1.77,9.23,4,Critical,SAC,2015-10-01T00:00:00Z,2016-10-01T00:00:00Z,-123.161,39.2516
392516N1231610W001,2157928,2015-10-16T11:35:00Z,1120.75,1120,0,110.38,1010.37,110.38,109.63,NA,Electric sounder measurement,Water level accuracy to nearest hundredth of a foot,5191,Mendocino County Water Agency,NA,5191,Mendocino County Water Agency,180,200,50825,NA,Ukiah Valley-20,GPS,Unknown,1-052,Ukiah Valley,Mendocino,200,Residential,Single Well,NA,2015-05-11 10:35:00 - 2020-05-15 00:00:00,22,fall,101.15,109.63,NA,NA,2015,6.91,1.77,9.23,4,Critical,SAC,2015-10-01T00:00:00Z,2016-10-01T00:00:00Z,-123.161,39.2516
392516N1231610W001,2138343,2015-05-11T10:35:00Z,1120.75,1120,0,110.07,1010.68,110.07,109.32,NA,Electric sounder measurement,Water level accuracy to nearest hundredth of a foot,5191,Mendocino County Water Agency,NA,5191,Mendocino County Water Agency,80,140,50825,NA,Ukiah Valley-20,GPS,Unknown,1-052,Ukiah Valley,Mendocino,200,Residential,Single Well,NA,2015-05-11 10:35:00 - 2020-05-15 00:00:00,22,spring,NA,NA,101.52,109.32,2014,4.29,2.59,7.46,4.07,Critical,SAC,2014-10-01T00:00:00Z,2015-10-01T00:00:00Z,-123.161,39.2516
392516N1231610W001,2138343,2015-05-11T10:35:00Z,1120.75,1120,0,110.07,1010.68,110.07,109.32,NA,Electric sounder measurement,Water level accuracy to nearest hundredth of a foot,5191,Mendocino County Water Agency,NA,5191,Mendocino County Water Agency,180,200,50825,NA,Ukiah Valley-20,GPS,Unknown,1-052,Ukiah Valley,Mendocino,200,Residential,Single Well,NA,2015-05-11 10:35:00 - 2020-05-15 00:00:00,22,spring,NA,NA,101.52,109.32,2014,4.29,2.59,7.46,4.07,Critical,SAC,2014-10-01T00:00:00Z,2015-10-01T00:00:00Z,-123.161,39.2516
