STN_ID.x,SITE_CODE,WLM_ID,MSMT_DATE,WLM_RPE,WLM_GSE,RDNG_WS,RDNG_RP,WSE,RPE_WSE,GSE_WSE,WLM_QA_DESC,WLM_DESC,WLM_ACC_DESC,WLM_ORG_ID,WLM_ORG_NAME,MSMT_CMT,COOP_AGENCY_ORG_ID,COOP_ORG_NAME,STN_ID.y,TOP_PRF,BOT_PRF,STN_ID,SWN,WELL_NAME,WLM_METHOD,WLM_ACC,BASIN_CODE,BASIN_NAME,COUNTY_NAME,WELL_DEPTH,WELL_USE,WELL_TYPE,WCR_NO,t_range,n_samples
50348,392572N1231906W001,2624401,2020-05-15T00:00:00Z,789.458,790,NA,NA,NA,NA,NA,Temporarily inaccessible,NA,NA,5191,Mendocino County Water Agency,unable to monitor (temporary),5191,Mendocino County Water Agency,NA,NA,NA,50348,16N12W09J001M,Ukiah Valley-9,Unknown,Unknown,1-052,Ukiah Valley,Mendocino,133,Residential,Single Well,NA,2014-10-21 16:00:00 - 2020-05-15 00:00:00,9
50348,392572N1231906W001,2493649,2019-10-31T12:45:00Z,789.458,790,0,39.73,749.728,39.73,40.272,NA,Electric sounder measurement,Water level accuracy to nearest hundredth of a foot,5191,Mendocino County Water Agency,NA,5191,Mendocino County Water Agency,NA,NA,NA,50348,16N12W09J001M,Ukiah Valley-9,Unknown,Unknown,1-052,Ukiah Valley,Mendocino,133,Residential,Single Well,NA,2014-10-21 16:00:00 - 2020-05-15 00:00:00,9
50348,392572N1231906W001,2463858,2019-05-01T13:21:00Z,789.458,790,0,21.93,767.528,21.93,22.472,NA,Electric sounder measurement,Water level accuracy to nearest hundredth of a foot,5191,Mendocino County Water Agency,NA,5191,Mendocino County Water Agency,NA,NA,NA,50348,16N12W09J001M,Ukiah Valley-9,Unknown,Unknown,1-052,Ukiah Valley,Mendocino,133,Residential,Single Well,NA,2014-10-21 16:00:00 - 2020-05-15 00:00:00,9
50348,392572N1231906W001,2423015,2018-10-31T11:30:00Z,789.458,790,0,34.94,754.518,34.94,35.482,NA,Electric sounder measurement,Water level accuracy to nearest hundredth of a foot,5191,Mendocino County Water Agency,NA,5191,Mendocino County Water Agency,NA,NA,NA,50348,16N12W09J001M,Ukiah Valley-9,Unknown,Unknown,1-052,Ukiah Valley,Mendocino,133,Residential,Single Well,NA,2014-10-21 16:00:00 - 2020-05-15 00:00:00,9
50348,392572N1231906W001,2307132,2018-04-18T14:43:00Z,789.458,790,0,19.76,769.698,19.76,20.302,NA,Electric sounder measurement,Water level accuracy to nearest hundredth of a foot,5191,Mendocino County Water Agency,NA,5191,Mendocino County Water Agency,NA,NA,NA,50348,16N12W09J001M,Ukiah Valley-9,Unknown,Unknown,1-052,Ukiah Valley,Mendocino,133,Residential,Single Well,NA,2014-10-21 16:00:00 - 2020-05-15 00:00:00,9
50348,392572N1231906W001,2277474,2017-10-23T11:58:00Z,789.458,790,0,35.02,754.438,35.02,35.562,NA,Electric sounder measurement,Water level accuracy to nearest hundredth of a foot,5191,Mendocino County Water Agency,NA,5191,Mendocino County Water Agency,NA,NA,NA,50348,16N12W09J001M,Ukiah Valley-9,Unknown,Unknown,1-052,Ukiah Valley,Mendocino,133,Residential,Single Well,NA,2014-10-21 16:00:00 - 2020-05-15 00:00:00,9
50348,392572N1231906W001,2246684,2017-04-19T14:27:00Z,789.458,790,0,19.49,769.968,19.49,20.032,NA,Electric sounder measurement,Water level accuracy to nearest hundredth of a foot,5191,Mendocino County Water Agency,NA,5191,Mendocino County Water Agency,NA,NA,NA,50348,16N12W09J001M,Ukiah Valley-9,Unknown,Unknown,1-052,Ukiah Valley,Mendocino,133,Residential,Single Well,NA,2014-10-21 16:00:00 - 2020-05-15 00:00:00,9
50348,392572N1231906W001,2219667,2016-10-19T13:40:00Z,789.458,790,0,33.99,755.468,33.99,34.532,NA,Electric sounder measurement,Water level accuracy to nearest hundredth of a foot,5191,Mendocino County Water Agency,NA,5191,Mendocino County Water Agency,NA,NA,NA,50348,16N12W09J001M,Ukiah Valley-9,Unknown,Unknown,1-052,Ukiah Valley,Mendocino,133,Residential,Single Well,NA,2014-10-21 16:00:00 - 2020-05-15 00:00:00,9
50348,392572N1231906W001,2106432,2014-10-21T16:00:00Z,738,737,NA,NA,NA,NA,NA,Temporarily inaccessible,NA,NA,5191,Mendocino County Water Agency,Unable to access at the time,5191,Mendocino County Water Agency,NA,NA,NA,50348,16N12W09J001M,Ukiah Valley-9,Unknown,Unknown,1-052,Ukiah Valley,Mendocino,133,Residential,Single Well,NA,2014-10-21 16:00:00 - 2020-05-15 00:00:00,9
