SITE_CODE,WLM_ID,MSMT_DATE,WLM_RPE,WLM_GSE,RDNG_WS,RDNG_RP,WSE,RPE_WSE,GSE_WSE,WLM_QA_DESC,WLM_DESC,WLM_ACC_DESC,WLM_ORG_ID,WLM_ORG_NAME,MSMT_CMT,COOP_AGENCY_ORG_ID,COOP_ORG_NAME,TOP_PRF,BOT_PRF,STN_ID,SWN,WELL_NAME,WLM_METHOD,WLM_ACC,BASIN_CODE,BASIN_NAME,COUNTY_NAME,WELL_DEPTH,WELL_USE,WELL_TYPE,WCR_NO,t_range,n_samples,X,Y
392647N1232245W001,2624425,2020-05-14T13:47:00Z,812.08,811,0,74.5,737.58,74.5,73.42,NA,Electric sounder measurement,Water level accuracy to nearest hundredth of a foot,5191,Mendocino County Water Agency,NA,5191,Mendocino County Water Agency,20,80,51453,NA,Ukiah Valley-30,GPS with WAAS,10 ft.,1-052,Ukiah Valley,Mendocino,80,Residential,Single Well,NA,2016-04-28 15:15:00 - 2020-05-14 13:47:00,9,-123.225,39.2647
392647N1232245W001,2493673,2019-10-31T12:05:00Z,812.08,811,0,73.29,738.79,73.29,72.21,NA,Electric sounder measurement,Water level accuracy to nearest hundredth of a foot,5191,Mendocino County Water Agency,NA,5191,Mendocino County Water Agency,20,80,51453,NA,Ukiah Valley-30,GPS with WAAS,10 ft.,1-052,Ukiah Valley,Mendocino,80,Residential,Single Well,NA,2016-04-28 15:15:00 - 2020-05-14 13:47:00,9,-123.225,39.2647
392647N1232245W001,2463882,2019-05-01T12:09:00Z,812.08,811,0,61.66,750.42,61.66,60.58,NA,Electric sounder measurement,Water level accuracy to nearest hundredth of a foot,5191,Mendocino County Water Agency,NA,5191,Mendocino County Water Agency,20,80,51453,NA,Ukiah Valley-30,GPS with WAAS,10 ft.,1-052,Ukiah Valley,Mendocino,80,Residential,Single Well,NA,2016-04-28 15:15:00 - 2020-05-14 13:47:00,9,-123.225,39.2647
392647N1232245W001,2423038,2018-10-31T10:45:00Z,812.08,811,0,77.01,735.07,77.01,75.93,NA,Electric sounder measurement,Water level accuracy to nearest hundredth of a foot,5191,Mendocino County Water Agency,NA,5191,Mendocino County Water Agency,20,80,51453,NA,Ukiah Valley-30,GPS with WAAS,10 ft.,1-052,Ukiah Valley,Mendocino,80,Residential,Single Well,NA,2016-04-28 15:15:00 - 2020-05-14 13:47:00,9,-123.225,39.2647
392647N1232245W001,2307156,2018-04-18T13:32:00Z,812.08,811,0,64.66,747.42,64.66,63.58,NA,Electric sounder measurement,Water level accuracy to nearest hundredth of a foot,5191,Mendocino County Water Agency,NA,5191,Mendocino County Water Agency,20,80,51453,NA,Ukiah Valley-30,GPS with WAAS,10 ft.,1-052,Ukiah Valley,Mendocino,80,Residential,Single Well,NA,2016-04-28 15:15:00 - 2020-05-14 13:47:00,9,-123.225,39.2647
392647N1232245W001,2277524,2017-10-23T12:40:00Z,812.08,811,0,77.36,734.72,77.36,76.28,NA,Electric sounder measurement,Water level accuracy to nearest hundredth of a foot,5191,Mendocino County Water Agency,New RP due to new well cap,5191,Mendocino County Water Agency,20,80,51453,NA,Ukiah Valley-30,GPS with WAAS,10 ft.,1-052,Ukiah Valley,Mendocino,80,Residential,Single Well,NA,2016-04-28 15:15:00 - 2020-05-14 13:47:00,9,-123.225,39.2647
392647N1232245W001,2297260,2017-04-20T09:41:00Z,812.08,811,0,51.07,761.01,51.07,49.99,Other,Electric sounder measurement,Water level accuracy to nearest hundredth of a foot,5191,Mendocino County Water Agency,New RP due to new well cap,5191,Mendocino County Water Agency,20,80,51453,NA,Ukiah Valley-30,GPS with WAAS,10 ft.,1-052,Ukiah Valley,Mendocino,80,Residential,Single Well,NA,2016-04-28 15:15:00 - 2020-05-14 13:47:00,9,-123.225,39.2647
392647N1232245W001,2221746,2016-10-18T00:00:00Z,812.08,811,0,93.45,718.63,93.45,92.37,NA,Electric sounder measurement,Water level accuracy to nearest hundredth of a foot,5191,Mendocino County Water Agency,New RP due to new well cap,5191,Mendocino County Water Agency,20,80,51453,NA,Ukiah Valley-30,GPS with WAAS,10 ft.,1-052,Ukiah Valley,Mendocino,80,Residential,Single Well,NA,2016-04-28 15:15:00 - 2020-05-14 13:47:00,9,-123.225,39.2647
392647N1232245W001,2196265,2016-04-28T15:15:00Z,811.75,811,NA,NA,NA,NA,NA,Temporarily inaccessible,NA,NA,5191,Mendocino County Water Agency,Well Cap Stuck - it will be replaced prior to next measurement,5191,Mendocino County Water Agency,20,80,51453,NA,Ukiah Valley-30,GPS with WAAS,10 ft.,1-052,Ukiah Valley,Mendocino,80,Residential,Single Well,NA,2016-04-28 15:15:00 - 2020-05-14 13:47:00,9,-123.225,39.2647
