STN_ID.x,SITE_CODE,WLM_ID,MSMT_DATE,WLM_RPE,WLM_GSE,RDNG_WS,RDNG_RP,WSE,RPE_WSE,GSE_WSE,WLM_QA_DESC,WLM_DESC,WLM_ACC_DESC,WLM_ORG_ID,WLM_ORG_NAME,MSMT_CMT,COOP_AGENCY_ORG_ID,COOP_ORG_NAME,STN_ID.y,TOP_PRF,BOT_PRF,STN_ID,SWN,WELL_NAME,WLM_METHOD,WLM_ACC,BASIN_CODE,BASIN_NAME,COUNTY_NAME,WELL_DEPTH,WELL_USE,WELL_TYPE,WCR_NO,t_range,n_samples
50346,392648N1232318W001,2297261,2017-04-20T00:00:00Z,0,0,NA,NA,NA,NA,NA,Measurement Discontinued,NA,NA,5191,Mendocino County Water Agency,no longer monitoring,5191,Mendocino County Water Agency,NA,NA,NA,50346,16N12W07B001M,Ukiah Valley-7,Unknown,Unknown,1-052,Ukiah Valley,Mendocino,60,Residential,Single Well,NA,2014-10-24 10:15:00 - 2017-04-20 00:00:00,6
50346,392648N1232318W001,2196239,2016-04-18T14:10:00Z,742.21,741,0,7.61,734.6,7.61,6.4,NA,Electric sounder measurement,Water level accuracy to nearest hundredth of a foot,5191,Mendocino County Water Agency,NA,5191,Mendocino County Water Agency,NA,NA,NA,50346,16N12W07B001M,Ukiah Valley-7,Unknown,Unknown,1-052,Ukiah Valley,Mendocino,60,Residential,Single Well,NA,2014-10-24 10:15:00 - 2017-04-20 00:00:00,6
50346,392648N1232318W001,2157914,2015-10-15T12:45:00Z,742.17,741,0,11.98,730.19,11.98,10.81,Pumped recently,Electric sounder measurement,Water level accuracy to nearest hundredth of a foot,5191,Mendocino County Water Agency,NA,5191,Mendocino County Water Agency,NA,NA,NA,50346,16N12W07B001M,Ukiah Valley-7,Unknown,Unknown,1-052,Ukiah Valley,Mendocino,60,Residential,Single Well,NA,2014-10-24 10:15:00 - 2017-04-20 00:00:00,6
50346,392648N1232318W001,2138328,2015-05-04T12:15:00Z,742.21,741,0,9.2,733.01,9.2,7.99,NA,Electric sounder measurement,Water level accuracy to nearest hundredth of a foot,5191,Mendocino County Water Agency,NA,5191,Mendocino County Water Agency,NA,NA,NA,50346,16N12W07B001M,Ukiah Valley-7,Unknown,Unknown,1-052,Ukiah Valley,Mendocino,60,Residential,Single Well,NA,2014-10-24 10:15:00 - 2017-04-20 00:00:00,6
50346,392648N1232318W001,2137658,2015-02-17T01:15:00Z,742.21,741,0.6,6,736.81,5.4,4.19,NA,Electric sounder measurement,Water level accuracy to nearest hundredth of a foot,5191,Mendocino County Water Agency,NA,5191,Mendocino County Water Agency,NA,NA,NA,50346,16N12W07B001M,Ukiah Valley-7,Unknown,Unknown,1-052,Ukiah Valley,Mendocino,60,Residential,Single Well,NA,2014-10-24 10:15:00 - 2017-04-20 00:00:00,6
50346,392648N1232318W001,2106419,2014-10-24T10:15:00Z,742,741,0,12.195,729.805,12.195,11.195,NA,Electric sounder measurement,Water level accuracy to nearest hundredth of a foot,5191,Mendocino County Water Agency,NA,5191,Mendocino County Water Agency,NA,NA,NA,50346,16N12W07B001M,Ukiah Valley-7,Unknown,Unknown,1-052,Ukiah Valley,Mendocino,60,Residential,Single Well,NA,2014-10-24 10:15:00 - 2017-04-20 00:00:00,6
