STN_ID.x,SITE_CODE,WLM_ID,MSMT_DATE,WLM_RPE,WLM_GSE,RDNG_WS,RDNG_RP,WSE,RPE_WSE,GSE_WSE,WLM_QA_DESC,WLM_DESC,WLM_ACC_DESC,WLM_ORG_ID,WLM_ORG_NAME,MSMT_CMT,COOP_AGENCY_ORG_ID,COOP_ORG_NAME,STN_ID.y,TOP_PRF,BOT_PRF,STN_ID,SWN,WELL_NAME,WLM_METHOD,WLM_ACC,BASIN_CODE,BASIN_NAME,COUNTY_NAME,WELL_DEPTH,WELL_USE,WELL_TYPE,WCR_NO,t_range,n_samples
50350,392730N1231770W001,2624407,2020-05-14T10:26:00Z,926.57,924,0,35.77,890.8,35.77,33.2,NA,Electric sounder measurement,Water level accuracy to nearest hundredth of a foot,5191,Mendocino County Water Agency,NA,5191,Mendocino County Water Agency,50350,186,400,50350,16N12W03G001M,Ukiah Valley-13,Unknown,Unknown,1-052,Ukiah Valley,Mendocino,400,Unknown,Single Well,e066664,2014-10-21 14:00:00 - 2020-05-14 10:26:00,12
50350,392730N1231770W001,2493655,2019-10-24T11:05:00Z,926.57,924,0,36.07,890.5,36.07,33.5,NA,Electric sounder measurement,Water level accuracy to nearest hundredth of a foot,5191,Mendocino County Water Agency,NA,5191,Mendocino County Water Agency,50350,186,400,50350,16N12W03G001M,Ukiah Valley-13,Unknown,Unknown,1-052,Ukiah Valley,Mendocino,400,Unknown,Single Well,e066664,2014-10-21 14:00:00 - 2020-05-14 10:26:00,12
50350,392730N1231770W001,2463864,2019-05-01T13:01:00Z,926.57,924,0,36.16,890.41,36.16,33.59,NA,Electric sounder measurement,Water level accuracy to nearest hundredth of a foot,5191,Mendocino County Water Agency,NA,5191,Mendocino County Water Agency,50350,186,400,50350,16N12W03G001M,Ukiah Valley-13,Unknown,Unknown,1-052,Ukiah Valley,Mendocino,400,Unknown,Single Well,e066664,2014-10-21 14:00:00 - 2020-05-14 10:26:00,12
50350,392730N1231770W001,2423020,2018-10-24T16:15:00Z,926.57,924,0,36.86,889.71,36.86,34.29,NA,Electric sounder measurement,Water level accuracy to nearest hundredth of a foot,5191,Mendocino County Water Agency,NA,5191,Mendocino County Water Agency,50350,186,400,50350,16N12W03G001M,Ukiah Valley-13,Unknown,Unknown,1-052,Ukiah Valley,Mendocino,400,Unknown,Single Well,e066664,2014-10-21 14:00:00 - 2020-05-14 10:26:00,12
50350,392730N1231770W001,2307138,2018-04-30T11:15:00Z,926.57,924,0,36.7,889.87,36.7,34.13,NA,Electric sounder measurement,Water level accuracy to nearest hundredth of a foot,5191,Mendocino County Water Agency,NA,5191,Mendocino County Water Agency,50350,186,400,50350,16N12W03G001M,Ukiah Valley-13,Unknown,Unknown,1-052,Ukiah Valley,Mendocino,400,Unknown,Single Well,e066664,2014-10-21 14:00:00 - 2020-05-14 10:26:00,12
50350,392730N1231770W001,2277480,2017-10-23T11:40:00Z,926.57,924,0,37.65,888.92,37.65,35.08,NA,Electric sounder measurement,Water level accuracy to nearest hundredth of a foot,5191,Mendocino County Water Agency,NA,5191,Mendocino County Water Agency,50350,186,400,50350,16N12W03G001M,Ukiah Valley-13,Unknown,Unknown,1-052,Ukiah Valley,Mendocino,400,Unknown,Single Well,e066664,2014-10-21 14:00:00 - 2020-05-14 10:26:00,12
50350,392730N1231770W001,2246675,2017-04-12T12:47:00Z,926.57,924,0,38.87,887.7,38.87,36.3,NA,Electric sounder measurement,Water level accuracy to nearest hundredth of a foot,5191,Mendocino County Water Agency,NA,5191,Mendocino County Water Agency,50350,186,400,50350,16N12W03G001M,Ukiah Valley-13,Unknown,Unknown,1-052,Ukiah Valley,Mendocino,400,Unknown,Single Well,e066664,2014-10-21 14:00:00 - 2020-05-14 10:26:00,12
50350,392730N1231770W001,2219673,2016-10-21T12:22:00Z,926.57,924,0,39.48,887.09,39.48,36.91,NA,Electric sounder measurement,Water level accuracy to nearest hundredth of a foot,5191,Mendocino County Water Agency,NA,5191,Mendocino County Water Agency,50350,186,400,50350,16N12W03G001M,Ukiah Valley-13,Unknown,Unknown,1-052,Ukiah Valley,Mendocino,400,Unknown,Single Well,e066664,2014-10-21 14:00:00 - 2020-05-14 10:26:00,12
50350,392730N1231770W001,2196249,2016-04-15T14:05:00Z,926.57,924,0,39.96,886.61,39.96,37.39,NA,Electric sounder measurement,Water level accuracy to nearest hundredth of a foot,5191,Mendocino County Water Agency,NA,5191,Mendocino County Water Agency,50350,186,400,50350,16N12W03G001M,Ukiah Valley-13,Unknown,Unknown,1-052,Ukiah Valley,Mendocino,400,Unknown,Single Well,e066664,2014-10-21 14:00:00 - 2020-05-14 10:26:00,12
50350,392730N1231770W001,2157921,2015-10-14T14:59:00Z,926.57,924,0,41.11,885.46,41.11,38.54,NA,Electric sounder measurement,Water level accuracy to nearest hundredth of a foot,5191,Mendocino County Water Agency,NA,5191,Mendocino County Water Agency,50350,186,400,50350,16N12W03G001M,Ukiah Valley-13,Unknown,Unknown,1-052,Ukiah Valley,Mendocino,400,Unknown,Single Well,e066664,2014-10-21 14:00:00 - 2020-05-14 10:26:00,12
50350,392730N1231770W001,2138336,2015-04-24T09:57:00Z,926.57,924,0,41.32,885.25,41.32,38.75,NA,Electric sounder measurement,Water level accuracy to nearest hundredth of a foot,5191,Mendocino County Water Agency,NA,5191,Mendocino County Water Agency,50350,186,400,50350,16N12W03G001M,Ukiah Valley-13,Unknown,Unknown,1-052,Ukiah Valley,Mendocino,400,Unknown,Single Well,e066664,2014-10-21 14:00:00 - 2020-05-14 10:26:00,12
50350,392730N1231770W001,2106424,2014-10-21T14:00:00Z,926.57,924,0,43.37,883.2,43.37,40.8,NA,Electric sounder measurement,Water level accuracy to nearest hundredth of a foot,5191,Mendocino County Water Agency,NA,5191,Mendocino County Water Agency,50350,186,400,50350,16N12W03G001M,Ukiah Valley-13,Unknown,Unknown,1-052,Ukiah Valley,Mendocino,400,Unknown,Single Well,e066664,2014-10-21 14:00:00 - 2020-05-14 10:26:00,12
