STN_ID.x,SITE_CODE,WLM_ID,MSMT_DATE,WLM_RPE,WLM_GSE,RDNG_WS,RDNG_RP,WSE,RPE_WSE,GSE_WSE,WLM_QA_DESC,WLM_DESC,WLM_ACC_DESC,WLM_ORG_ID,WLM_ORG_NAME,MSMT_CMT,COOP_AGENCY_ORG_ID,COOP_ORG_NAME,STN_ID.y,TOP_PRF,BOT_PRF,STN_ID,SWN,WELL_NAME,WLM_METHOD,WLM_ACC,BASIN_CODE,BASIN_NAME,COUNTY_NAME,WELL_DEPTH,WELL_USE,WELL_TYPE,WCR_NO,t_range,n_samples
53435,392882N1231962W002,2624434,2020-05-14T11:30:00Z,816.083,815,0,15.56,800.523,15.56,14.477,NA,Electric sounder measurement,Water level accuracy to nearest hundredth of a foot,5191,Mendocino County Water Agency,NA,5191,Mendocino County Water Agency,53435,21,41,53435,NA,Ukiah Valley-39,Unknown,Unknown,1-052,Ukiah Valley,Mendocino,81,Residential,Single Well,NA,2019-10-24 11:45:00 - 2020-05-14 11:30:00,4
53435,392882N1231962W002,2624434,2020-05-14T11:30:00Z,816.083,815,0,15.56,800.523,15.56,14.477,NA,Electric sounder measurement,Water level accuracy to nearest hundredth of a foot,5191,Mendocino County Water Agency,NA,5191,Mendocino County Water Agency,53435,61,81,53435,NA,Ukiah Valley-39,Unknown,Unknown,1-052,Ukiah Valley,Mendocino,81,Residential,Single Well,NA,2019-10-24 11:45:00 - 2020-05-14 11:30:00,4
53435,392882N1231962W002,2493682,2019-10-24T11:45:00Z,816.083,815,0,22.4,793.683,22.4,21.317,NA,Electric sounder measurement,Water level accuracy to nearest hundredth of a foot,5191,Mendocino County Water Agency,NA,5191,Mendocino County Water Agency,53435,21,41,53435,NA,Ukiah Valley-39,Unknown,Unknown,1-052,Ukiah Valley,Mendocino,81,Residential,Single Well,NA,2019-10-24 11:45:00 - 2020-05-14 11:30:00,4
53435,392882N1231962W002,2493682,2019-10-24T11:45:00Z,816.083,815,0,22.4,793.683,22.4,21.317,NA,Electric sounder measurement,Water level accuracy to nearest hundredth of a foot,5191,Mendocino County Water Agency,NA,5191,Mendocino County Water Agency,53435,61,81,53435,NA,Ukiah Valley-39,Unknown,Unknown,1-052,Ukiah Valley,Mendocino,81,Residential,Single Well,NA,2019-10-24 11:45:00 - 2020-05-14 11:30:00,4
