SITE_CODE,WLM_ID,MSMT_DATE,WLM_RPE,WLM_GSE,RDNG_WS,RDNG_RP,WSE,RPE_WSE,GSE_WSE,WLM_QA_DESC,WLM_DESC,WLM_ACC_DESC,WLM_ORG_ID,WLM_ORG_NAME,MSMT_CMT,COOP_AGENCY_ORG_ID,COOP_ORG_NAME,TOP_PRF,BOT_PRF,STN_ID,SWN,WELL_NAME,WLM_METHOD,WLM_ACC,BASIN_CODE,BASIN_NAME,COUNTY_NAME,WELL_DEPTH,WELL_USE,WELL_TYPE,WCR_NO,t_range,n_samples,season,fall_high,fall_low,spring_high,spring_low,water_year,Oct.Mar,Apr.Jul,WYsum,Index,water_year_type,region,water_year_start,water_year_end,X,Y
392962N1232047W001,2662633,2020-09-10T00:00:00Z,798.4,797.9,0,17.3,781.1,17.3,16.8,NA,Electric sounder measurement,Water level accuracy to nearest tenth of a foot,1,Department of Water Resources,Run 1,1,Department of Water Resources,NA,NA,17115,17N12W28M001M,NA,Unknown,Unknown,1-052,Ukiah Valley,Mendocino,32,Residential,Unknown,NA,2012-05-03 - 2020-09-10,41,fall,13.3,57.8,NA,NA,2019,13.11,10.66,24.77,10.34,Wet,SAC,2019-10-01T00:00:00Z,2020-10-01T00:00:00Z,-123.205,39.2962
392962N1232047W001,2538501,2020-03-10T00:00:00Z,798.4,797.9,0,9.9,788.5,9.9,9.4,NA,Electric sounder measurement,Water level accuracy to nearest tenth of a foot,1,Department of Water Resources,NA,1,Department of Water Resources,NA,NA,17115,17N12W28M001M,NA,Unknown,Unknown,1-052,Ukiah Valley,Mendocino,32,Residential,Unknown,NA,2012-05-03 - 2020-09-10,41,spring,NA,NA,6.6,13.6,2019,13.11,10.66,24.77,10.34,Wet,SAC,2019-10-01T00:00:00Z,2020-10-01T00:00:00Z,-123.205,39.2962
392962N1232047W001,2519644,2020-02-06T00:00:00Z,798.4,797.9,0,9.3,789.1,9.3,8.8,NA,Electric sounder measurement,Water level accuracy to nearest tenth of a foot,1,Department of Water Resources,NA,1,Department of Water Resources,NA,NA,17115,17N12W28M001M,NA,Unknown,Unknown,1-052,Ukiah Valley,Mendocino,32,Residential,Unknown,NA,2012-05-03 - 2020-09-10,41,other,NA,NA,NA,NA,2019,13.11,10.66,24.77,10.34,Wet,SAC,2019-10-01T00:00:00Z,2020-10-01T00:00:00Z,-123.205,39.2962
392962N1232047W001,2493850,2020-01-09T00:00:00Z,798.4,797.9,0,13.2,785.2,13.2,12.7,NA,Electric sounder measurement,Water level accuracy to nearest tenth of a foot,1,Department of Water Resources,NA,1,Department of Water Resources,NA,NA,17115,17N12W28M001M,NA,Unknown,Unknown,1-052,Ukiah Valley,Mendocino,32,Residential,Unknown,NA,2012-05-03 - 2020-09-10,41,other,NA,NA,NA,NA,2019,13.11,10.66,24.77,10.34,Wet,SAC,2019-10-01T00:00:00Z,2020-10-01T00:00:00Z,-123.205,39.2962
392962N1232047W001,2489301,2019-12-10T00:00:00Z,798.4,797.9,0,15.7,782.7,15.7,15.2,NA,Electric sounder measurement,Water level accuracy to nearest tenth of a foot,1,Department of Water Resources,NA,1,Department of Water Resources,NA,NA,17115,17N12W28M001M,NA,Unknown,Unknown,1-052,Ukiah Valley,Mendocino,32,Residential,Unknown,NA,2012-05-03 - 2020-09-10,41,other,NA,NA,NA,NA,2019,13.11,10.66,24.77,10.34,Wet,SAC,2019-10-01T00:00:00Z,2020-10-01T00:00:00Z,-123.205,39.2962
392962N1232047W001,2485104,2019-11-13T00:00:00Z,798.4,797.9,0,16.6,781.8,16.6,16.1,NA,Electric sounder measurement,Water level accuracy to nearest tenth of a foot,1,Department of Water Resources,NA,1,Department of Water Resources,NA,NA,17115,17N12W28M001M,NA,Unknown,Unknown,1-052,Ukiah Valley,Mendocino,32,Residential,Unknown,NA,2012-05-03 - 2020-09-10,41,fall,13.3,57.8,NA,NA,2019,13.11,10.66,24.77,10.34,Wet,SAC,2019-10-01T00:00:00Z,2020-10-01T00:00:00Z,-123.205,39.2962
392962N1232047W001,2479721,2019-10-23T00:00:00Z,798.4,797.9,0,17,781.4,17,16.5,NA,Electric sounder measurement,Water level accuracy to nearest tenth of a foot,1,Department of Water Resources,NA,1,Department of Water Resources,NA,NA,17115,17N12W28M001M,NA,Unknown,Unknown,1-052,Ukiah Valley,Mendocino,32,Residential,Unknown,NA,2012-05-03 - 2020-09-10,41,fall,13.3,57.8,NA,NA,2019,13.11,10.66,24.77,10.34,Wet,SAC,2019-10-01T00:00:00Z,2020-10-01T00:00:00Z,-123.205,39.2962
392962N1232047W001,2475350,2019-09-18T00:00:00Z,798.4,797.9,0,15.5,782.9,15.5,15,NA,Electric sounder measurement,Water level accuracy to nearest tenth of a foot,1,Department of Water Resources,NA,1,Department of Water Resources,NA,NA,17115,17N12W28M001M,NA,Unknown,Unknown,1-052,Ukiah Valley,Mendocino,32,Residential,Unknown,NA,2012-05-03 - 2020-09-10,41,fall,13.3,57.8,NA,NA,2018,7.09,5.05,12.86,7.14,Below Normal,SAC,2018-10-01T00:00:00Z,2019-10-01T00:00:00Z,-123.205,39.2962
392962N1232047W001,2474485,2019-08-19T00:00:00Z,798.4,797.9,0,13.8,784.6,13.8,13.3,NA,Electric sounder measurement,Water level accuracy to nearest tenth of a foot,1,Department of Water Resources,NA,1,Department of Water Resources,NA,NA,17115,17N12W28M001M,NA,Unknown,Unknown,1-052,Ukiah Valley,Mendocino,32,Residential,Unknown,NA,2012-05-03 - 2020-09-10,41,fall,13.3,57.8,NA,NA,2018,7.09,5.05,12.86,7.14,Below Normal,SAC,2018-10-01T00:00:00Z,2019-10-01T00:00:00Z,-123.205,39.2962
392962N1232047W001,2472416,2019-07-15T00:00:00Z,798.4,797.9,0,10.8,787.6,10.8,10.3,NA,Electric sounder measurement,Water level accuracy to nearest tenth of a foot,1,Department of Water Resources,NA,1,Department of Water Resources,NA,NA,17115,17N12W28M001M,NA,Unknown,Unknown,1-052,Ukiah Valley,Mendocino,32,Residential,Unknown,NA,2012-05-03 - 2020-09-10,41,other,NA,NA,NA,NA,2018,7.09,5.05,12.86,7.14,Below Normal,SAC,2018-10-01T00:00:00Z,2019-10-01T00:00:00Z,-123.205,39.2962
392962N1232047W001,2465727,2019-06-17T00:00:00Z,798.4,797.9,0,9.3,789.1,9.3,8.8,NA,Electric sounder measurement,Water level accuracy to nearest tenth of a foot,1,Department of Water Resources,NA,1,Department of Water Resources,NA,NA,17115,17N12W28M001M,NA,Unknown,Unknown,1-052,Ukiah Valley,Mendocino,32,Residential,Unknown,NA,2012-05-03 - 2020-09-10,41,other,NA,NA,NA,NA,2018,7.09,5.05,12.86,7.14,Below Normal,SAC,2018-10-01T00:00:00Z,2019-10-01T00:00:00Z,-123.205,39.2962
392962N1232047W001,2461323,2019-05-20T00:00:00Z,798.4,797.9,0,9.1,789.3,9.1,8.6,NA,Electric sounder measurement,Water level accuracy to nearest tenth of a foot,1,Department of Water Resources,NA,1,Department of Water Resources,NA,NA,17115,17N12W28M001M,NA,Unknown,Unknown,1-052,Ukiah Valley,Mendocino,32,Residential,Unknown,NA,2012-05-03 - 2020-09-10,41,spring,NA,NA,6.6,13.6,2018,7.09,5.05,12.86,7.14,Below Normal,SAC,2018-10-01T00:00:00Z,2019-10-01T00:00:00Z,-123.205,39.2962
392962N1232047W001,2453230,2019-04-08T00:00:00Z,798.4,797.9,0,8,790.4,8,7.5,NA,Electric sounder measurement,Water level accuracy to nearest tenth of a foot,1,Department of Water Resources,NA,1,Department of Water Resources,NA,NA,17115,17N12W28M001M,NA,Unknown,Unknown,1-052,Ukiah Valley,Mendocino,32,Residential,Unknown,NA,2012-05-03 - 2020-09-10,41,spring,NA,NA,6.6,13.6,2018,7.09,5.05,12.86,7.14,Below Normal,SAC,2018-10-01T00:00:00Z,2019-10-01T00:00:00Z,-123.205,39.2962
392962N1232047W001,2450159,2019-03-11T00:00:00Z,798.4,797.9,0,7.1,791.3,7.1,6.6,NA,Electric sounder measurement,Water level accuracy to nearest tenth of a foot,1,Department of Water Resources,NA,1,Department of Water Resources,NA,NA,17115,17N12W28M001M,NA,Unknown,Unknown,1-052,Ukiah Valley,Mendocino,32,Residential,Unknown,NA,2012-05-03 - 2020-09-10,41,spring,NA,NA,6.6,13.6,2018,7.09,5.05,12.86,7.14,Below Normal,SAC,2018-10-01T00:00:00Z,2019-10-01T00:00:00Z,-123.205,39.2962
392962N1232047W001,2447889,2019-02-19T00:00:00Z,798.4,797.9,0,6.1,792.3,6.1,5.6,NA,Electric sounder measurement,Water level accuracy to nearest tenth of a foot,1,Department of Water Resources,NA,1,Department of Water Resources,NA,NA,17115,17N12W28M001M,NA,Unknown,Unknown,1-052,Ukiah Valley,Mendocino,32,Residential,Unknown,NA,2012-05-03 - 2020-09-10,41,other,NA,NA,NA,NA,2018,7.09,5.05,12.86,7.14,Below Normal,SAC,2018-10-01T00:00:00Z,2019-10-01T00:00:00Z,-123.205,39.2962
392962N1232047W001,2438372,2019-01-14T00:00:00Z,798.4,797.9,0,9.4,789,9.4,8.9,NA,Electric sounder measurement,Water level accuracy to nearest tenth of a foot,1,Department of Water Resources,NA,1,Department of Water Resources,NA,NA,17115,17N12W28M001M,NA,Unknown,Unknown,1-052,Ukiah Valley,Mendocino,32,Residential,Unknown,NA,2012-05-03 - 2020-09-10,41,other,NA,NA,NA,NA,2018,7.09,5.05,12.86,7.14,Below Normal,SAC,2018-10-01T00:00:00Z,2019-10-01T00:00:00Z,-123.205,39.2962
392962N1232047W001,2433603,2018-12-17T00:00:00Z,798.4,797.9,0,16.1,782.3,16.1,15.6,NA,Electric sounder measurement,Water level accuracy to nearest tenth of a foot,1,Department of Water Resources,NA,1,Department of Water Resources,NA,NA,17115,17N12W28M001M,NA,Unknown,Unknown,1-052,Ukiah Valley,Mendocino,32,Residential,Unknown,NA,2012-05-03 - 2020-09-10,41,other,NA,NA,NA,NA,2018,7.09,5.05,12.86,7.14,Below Normal,SAC,2018-10-01T00:00:00Z,2019-10-01T00:00:00Z,-123.205,39.2962
392962N1232047W001,2429196,2018-11-08T00:00:00Z,798.4,797.9,0,17.8,780.6,17.8,17.3,NA,Electric sounder measurement,Water level accuracy to nearest tenth of a foot,1,Department of Water Resources,NA,1,Department of Water Resources,NA,NA,17115,17N12W28M001M,NA,Unknown,Unknown,1-052,Ukiah Valley,Mendocino,32,Residential,Unknown,NA,2012-05-03 - 2020-09-10,41,fall,13.3,57.8,NA,NA,2018,7.09,5.05,12.86,7.14,Below Normal,SAC,2018-10-01T00:00:00Z,2019-10-01T00:00:00Z,-123.205,39.2962
392962N1232047W001,2411664,2018-10-08T00:00:00Z,798.4,797.9,0,15.9,782.5,15.9,15.4,NA,Electric sounder measurement,Water level accuracy to nearest tenth of a foot,1,Department of Water Resources,NA,1,Department of Water Resources,NA,NA,17115,17N12W28M001M,NA,Unknown,Unknown,1-052,Ukiah Valley,Mendocino,32,Residential,Unknown,NA,2012-05-03 - 2020-09-10,41,fall,13.3,57.8,NA,NA,2018,7.09,5.05,12.86,7.14,Below Normal,SAC,2018-10-01T00:00:00Z,2019-10-01T00:00:00Z,-123.205,39.2962
392962N1232047W001,2410337,2018-09-19T00:00:00Z,798.4,797.9,0,15.7,782.7,15.7,15.2,NA,Electric sounder measurement,Water level accuracy to nearest tenth of a foot,1,Department of Water Resources,NA,1,Department of Water Resources,NA,NA,17115,17N12W28M001M,NA,Unknown,Unknown,1-052,Ukiah Valley,Mendocino,32,Residential,Unknown,NA,2012-05-03 - 2020-09-10,41,fall,13.3,57.8,NA,NA,2017,26.17,10.69,37.82,14.14,Wet,SAC,2017-10-01T00:00:00Z,2018-10-01T00:00:00Z,-123.205,39.2962
392962N1232047W001,2409213,2018-08-22T00:00:00Z,798.4,797.9,0,14.7,783.7,14.7,14.2,NA,Electric sounder measurement,Water level accuracy to nearest tenth of a foot,1,Department of Water Resources,NA,1,Department of Water Resources,NA,NA,17115,17N12W28M001M,NA,Unknown,Unknown,1-052,Ukiah Valley,Mendocino,32,Residential,Unknown,NA,2012-05-03 - 2020-09-10,41,fall,13.3,57.8,NA,NA,2017,26.17,10.69,37.82,14.14,Wet,SAC,2017-10-01T00:00:00Z,2018-10-01T00:00:00Z,-123.205,39.2962
392962N1232047W001,2306519,2018-07-11T00:00:00Z,798.4,797.9,0,11.4,787,11.4,10.9,NA,Electric sounder measurement,Water level accuracy to nearest tenth of a foot,1,Department of Water Resources,NA,1,Department of Water Resources,NA,NA,17115,17N12W28M001M,NA,Unknown,Unknown,1-052,Ukiah Valley,Mendocino,32,Residential,Unknown,NA,2012-05-03 - 2020-09-10,41,other,NA,NA,NA,NA,2017,26.17,10.69,37.82,14.14,Wet,SAC,2017-10-01T00:00:00Z,2018-10-01T00:00:00Z,-123.205,39.2962
392962N1232047W001,2306508,2018-05-23T00:00:00Z,798.4,797.9,0,9.7,788.7,9.7,9.2,NA,Electric sounder measurement,Water level accuracy to nearest tenth of a foot,1,Department of Water Resources,NA,1,Department of Water Resources,NA,NA,17115,17N12W28M001M,NA,Unknown,Unknown,1-052,Ukiah Valley,Mendocino,32,Residential,Unknown,NA,2012-05-03 - 2020-09-10,41,spring,NA,NA,6.6,13.6,2017,26.17,10.69,37.82,14.14,Wet,SAC,2017-10-01T00:00:00Z,2018-10-01T00:00:00Z,-123.205,39.2962
392962N1232047W001,2284754,2018-03-05T00:00:00Z,798.4,797.9,0,10.3,788.1,10.3,9.8,NA,Electric sounder measurement,Water level accuracy to nearest tenth of a foot,1,Department of Water Resources,NA,1,Department of Water Resources,NA,NA,17115,17N12W28M001M,NA,Unknown,Unknown,1-052,Ukiah Valley,Mendocino,32,Residential,Unknown,NA,2012-05-03 - 2020-09-10,41,spring,NA,NA,6.6,13.6,2017,26.17,10.69,37.82,14.14,Wet,SAC,2017-10-01T00:00:00Z,2018-10-01T00:00:00Z,-123.205,39.2962
392962N1232047W001,2237003,2017-03-29T00:00:00Z,798.4,797.9,0,8.7,789.7,8.7,8.2,NA,Electric sounder measurement,Water level accuracy to nearest tenth of a foot,1,Department of Water Resources,NA,1,Department of Water Resources,NA,NA,17115,17N12W28M001M,NA,Unknown,Unknown,1-052,Ukiah Valley,Mendocino,32,Residential,Unknown,NA,2012-05-03 - 2020-09-10,41,spring,NA,NA,6.6,13.6,2016,12.24,4.6,17.48,6.71,Below Normal,SAC,2016-10-01T00:00:00Z,2017-10-01T00:00:00Z,-123.205,39.2962
392962N1232047W001,2216654,2016-10-25T00:00:00Z,798.4,797.9,0,17.2,781.2,17.2,16.7,NA,Electric sounder measurement,Water level accuracy to nearest tenth of a foot,1,Department of Water Resources,NA,1,Department of Water Resources,NA,NA,17115,17N12W28M001M,NA,Unknown,Unknown,1-052,Ukiah Valley,Mendocino,32,Residential,Unknown,NA,2012-05-03 - 2020-09-10,41,fall,13.3,57.8,NA,NA,2016,12.24,4.6,17.48,6.71,Below Normal,SAC,2016-10-01T00:00:00Z,2017-10-01T00:00:00Z,-123.205,39.2962
392962N1232047W001,2196913,2016-03-16T00:00:00Z,798.4,797.9,0,8.1,790.3,8.1,7.6,NA,Electric sounder measurement,Water level accuracy to nearest tenth of a foot,1,Department of Water Resources,NA,1,Department of Water Resources,NA,NA,17115,17N12W28M001M,NA,Unknown,Unknown,1-052,Ukiah Valley,Mendocino,32,Residential,Unknown,NA,2012-05-03 - 2020-09-10,41,spring,NA,NA,6.6,13.6,2015,6.91,1.77,9.23,4,Critical,SAC,2015-10-01T00:00:00Z,2016-10-01T00:00:00Z,-123.205,39.2962
392962N1232047W001,2164332,2015-10-21T00:00:00Z,798.4,797.9,0,17.5,780.9,17.5,17,NA,Electric sounder measurement,Water level accuracy to nearest tenth of a foot,1,Department of Water Resources,NA,1,Department of Water Resources,NA,NA,17115,17N12W28M001M,NA,Unknown,Unknown,1-052,Ukiah Valley,Mendocino,32,Residential,Unknown,NA,2012-05-03 - 2020-09-10,41,fall,13.3,57.8,NA,NA,2015,6.91,1.77,9.23,4,Critical,SAC,2015-10-01T00:00:00Z,2016-10-01T00:00:00Z,-123.205,39.2962
392962N1232047W001,2120206,2015-03-25T00:00:00Z,798.4,797.9,0,12.5,785.9,12.5,12,NA,Electric sounder measurement,Water level accuracy to nearest tenth of a foot,1,Department of Water Resources,NA,1,Department of Water Resources,NA,NA,17115,17N12W28M001M,NA,Unknown,Unknown,1-052,Ukiah Valley,Mendocino,32,Residential,Unknown,NA,2012-05-03 - 2020-09-10,41,spring,NA,NA,6.6,13.6,2014,4.29,2.59,7.46,4.07,Critical,SAC,2014-10-01T00:00:00Z,2015-10-01T00:00:00Z,-123.205,39.2962
392962N1232047W001,2030342,2014-10-23T00:00:00Z,798.4,797.9,0,58.3,740.1,58.3,57.8,NA,Electric sounder measurement,Water level accuracy to nearest tenth of a foot,1,Department of Water Resources,new storage tank next to well,1,Department of Water Resources,NA,NA,17115,17N12W28M001M,NA,Unknown,Unknown,1-052,Ukiah Valley,Mendocino,32,Residential,Unknown,NA,2012-05-03 - 2020-09-10,41,fall,13.3,57.8,NA,NA,2014,4.29,2.59,7.46,4.07,Critical,SAC,2014-10-01T00:00:00Z,2015-10-01T00:00:00Z,-123.205,39.2962
392962N1232047W001,2030445,2014-03-04T00:00:00Z,798.4,797.9,0,14.1,784.3,14.1,13.6,NA,Electric sounder measurement,Water level accuracy to nearest tenth of a foot,1,Department of Water Resources,NA,1,Department of Water Resources,NA,NA,17115,17N12W28M001M,NA,Unknown,Unknown,1-052,Ukiah Valley,Mendocino,32,Residential,Unknown,NA,2012-05-03 - 2020-09-10,41,spring,NA,NA,6.6,13.6,2013,8.52,3.01,12.19,5.83,Dry,SAC,2013-10-01T00:00:00Z,2014-10-01T00:00:00Z,-123.205,39.2962
392962N1232047W001,1876848,2014-03-04T00:00:00Z,798.4,797.9,0,14.1,784.3,14.1,13.6,NA,Electric sounder measurement,Water level accuracy to nearest tenth of a foot,1,Department of Water Resources,NA,1,Department of Water Resources,NA,NA,17115,17N12W28M001M,NA,Unknown,Unknown,1-052,Ukiah Valley,Mendocino,32,Residential,Unknown,NA,2012-05-03 - 2020-09-10,41,spring,NA,NA,6.6,13.6,2013,8.52,3.01,12.19,5.83,Dry,SAC,2013-10-01T00:00:00Z,2014-10-01T00:00:00Z,-123.205,39.2962
392962N1232047W001,1823313,2013-12-10T00:00:00Z,798.4,797.9,0,17.9,780.5,17.9,17.4,NA,Electric sounder measurement,Water level accuracy to nearest tenth of a foot,1,Department of Water Resources,NA,1,Department of Water Resources,NA,NA,17115,17N12W28M001M,NA,Unknown,Unknown,1-052,Ukiah Valley,Mendocino,32,Residential,Unknown,NA,2012-05-03 - 2020-09-10,41,other,NA,NA,NA,NA,2013,8.52,3.01,12.19,5.83,Dry,SAC,2013-10-01T00:00:00Z,2014-10-01T00:00:00Z,-123.205,39.2962
392962N1232047W001,1715755,2013-04-24T00:00:00Z,798.4,797.9,0,8.8,789.6,8.8,8.3,NA,Electric sounder measurement,Water level accuracy to nearest tenth of a foot,1,Department of Water Resources,NA,1,Department of Water Resources,NA,NA,17115,17N12W28M001M,NA,Unknown,Unknown,1-052,Ukiah Valley,Mendocino,32,Residential,Unknown,NA,2012-05-03 - 2020-09-10,41,spring,NA,NA,6.6,13.6,2012,5.69,5.46,11.84,6.89,Below Normal,SAC,2012-10-01T00:00:00Z,2013-10-01T00:00:00Z,-123.205,39.2962
392962N1232047W001,1715743,2012-11-27T00:00:00Z,798.4,797.9,0,16,782.4,16,15.5,NA,Electric sounder measurement,Water level accuracy to nearest tenth of a foot,1,Department of Water Resources,NA,1,Department of Water Resources,NA,NA,17115,17N12W28M001M,NA,Unknown,Unknown,1-052,Ukiah Valley,Mendocino,32,Residential,Unknown,NA,2012-05-03 - 2020-09-10,41,fall,13.3,57.8,NA,NA,2012,5.69,5.46,11.84,6.89,Below Normal,SAC,2012-10-01T00:00:00Z,2013-10-01T00:00:00Z,-123.205,39.2962
392962N1232047W001,66645,2012-05-03T00:00:00Z,798.4,797.9,0,8.7,789.7,8.7,8.2,NA,Electric sounder measurement,Water level accuracy to nearest tenth of a foot,1,Department of Water Resources,NA,1,Department of Water Resources,NA,NA,17115,17N12W28M001M,NA,Unknown,Unknown,1-052,Ukiah Valley,Mendocino,32,Residential,Unknown,NA,2012-05-03 - 2020-09-10,41,spring,NA,NA,6.6,13.6,2011,12.68,11.53,25.21,10.54,Wet,SAC,2011-10-01T00:00:00Z,2012-10-01T00:00:00Z,-123.205,39.2962
