SITE_CODE,WLM_ID,MSMT_DATE,WLM_RPE,WLM_GSE,RDNG_WS,RDNG_RP,WSE,RPE_WSE,GSE_WSE,WLM_QA_DESC,WLM_DESC,WLM_ACC_DESC,WLM_ORG_ID,WLM_ORG_NAME,MSMT_CMT,COOP_AGENCY_ORG_ID,COOP_ORG_NAME,TOP_PRF,BOT_PRF,STN_ID,SWN,WELL_NAME,WLM_METHOD,WLM_ACC,BASIN_CODE,BASIN_NAME,COUNTY_NAME,WELL_DEPTH,WELL_USE,WELL_TYPE,WCR_NO,t_range,n_samples,season,fall_high,fall_low,spring_high,spring_low,water_year,Oct.Mar,Apr.Jul,WYsum,Index,water_year_type,region,water_year_start,water_year_end,X,Y
417789N1220759W001,2619107,2020-04-01T12:00:00Z,4264.41,4263.91,3.9,50,4218.31,46.1,45.6,NA,Steel tape measurement,Water level accuracy to nearest tenth of a foot,1,Department of Water Resources,NA,1,Department of Water Resources,NA,NA,36826,45N02W04B001M,45N02W04B001M,Unknown,Unknown,1-003,Butte Valley,Siskiyou,1237,Irrigation,Single Well,NA,1980-10-24 00:00:00 - 2020-04-01 12:00:00,79,spring,NA,NA,16.7,45.6,2020,NA,NA,NA,NA,NA,NA,2019-10-01T00:00:00Z,2020-10-01T00:00:00Z,-122.076,41.7788
417789N1220759W001,2453061,2019-04-03T12:00:00Z,4264.41,4263.91,6.9,50,4221.31,43.1,42.6,NA,Steel tape measurement,Water level accuracy to nearest tenth of a foot,1,Department of Water Resources,NA,1,Department of Water Resources,NA,NA,36826,45N02W04B001M,45N02W04B001M,Unknown,Unknown,1-003,Butte Valley,Siskiyou,1237,Irrigation,Single Well,NA,1980-10-24 00:00:00 - 2020-04-01 12:00:00,79,spring,NA,NA,16.7,45.6,2019,13.11,10.66,24.77,10.34,Wet,SAC,2018-10-01T00:00:00Z,2019-10-01T00:00:00Z,-122.076,41.7788
417789N1220759W001,2413552,2018-10-30T12:00:00Z,4264.41,4263.91,17.6,65,4217.01,47.4,46.9,NA,Steel tape measurement,Water level accuracy to nearest tenth of a foot,1,Department of Water Resources,NA,1,Department of Water Resources,NA,NA,36826,45N02W04B001M,45N02W04B001M,Unknown,Unknown,1-003,Butte Valley,Siskiyou,1237,Irrigation,Single Well,NA,1980-10-24 00:00:00 - 2020-04-01 12:00:00,79,fall,26.7,61.6,NA,NA,2019,13.11,10.66,24.77,10.34,Wet,SAC,2018-10-01T00:00:00Z,2019-10-01T00:00:00Z,-122.076,41.7788
417789N1220759W001,2286501,2018-03-29T12:00:00Z,4264.41,4263.91,16.9,60,4221.31,43.1,42.6,NA,Steel tape measurement,Water level accuracy to nearest tenth of a foot,1,Department of Water Resources,NA,1,Department of Water Resources,NA,NA,36826,45N02W04B001M,45N02W04B001M,Unknown,Unknown,1-003,Butte Valley,Siskiyou,1237,Irrigation,Single Well,NA,1980-10-24 00:00:00 - 2020-04-01 12:00:00,79,spring,NA,NA,16.7,45.6,2018,7.09,5.05,12.86,7.14,Below Normal,SAC,2017-10-01T00:00:00Z,2018-10-01T00:00:00Z,-122.076,41.7788
417789N1220759W001,2266628,2017-10-17T12:00:00Z,4264.41,4263.91,13.9,65,4213.31,51.1,50.6,NA,Steel tape measurement,Water level accuracy to nearest tenth of a foot,1,Department of Water Resources,NA,1,Department of Water Resources,NA,NA,36826,45N02W04B001M,45N02W04B001M,Unknown,Unknown,1-003,Butte Valley,Siskiyou,1237,Irrigation,Single Well,NA,1980-10-24 00:00:00 - 2020-04-01 12:00:00,79,fall,26.7,61.6,NA,NA,2018,7.09,5.05,12.86,7.14,Below Normal,SAC,2017-10-01T00:00:00Z,2018-10-01T00:00:00Z,-122.076,41.7788
417789N1220759W001,2241606,2017-03-23T12:00:00Z,4264.41,4263.91,5.9,50,4220.31,44.1,43.6,NA,Steel tape measurement,Water level accuracy to nearest tenth of a foot,1,Department of Water Resources,NA,1,Department of Water Resources,NA,NA,36826,45N02W04B001M,45N02W04B001M,Unknown,Unknown,1-003,Butte Valley,Siskiyou,1237,Irrigation,Single Well,NA,1980-10-24 00:00:00 - 2020-04-01 12:00:00,79,spring,NA,NA,16.7,45.6,2017,26.17,10.69,37.82,14.14,Wet,SAC,2016-10-01T00:00:00Z,2017-10-01T00:00:00Z,-122.076,41.7788
417789N1220759W001,2214897,2016-10-20T12:00:00Z,4264.41,4263.91,2.9,65,4202.31,62.1,61.6,NA,Steel tape measurement,Water level accuracy to nearest tenth of a foot,1,Department of Water Resources,NA,1,Department of Water Resources,NA,NA,36826,45N02W04B001M,45N02W04B001M,Unknown,Unknown,1-003,Butte Valley,Siskiyou,1237,Irrigation,Single Well,NA,1980-10-24 00:00:00 - 2020-04-01 12:00:00,79,fall,26.7,61.6,NA,NA,2017,26.17,10.69,37.82,14.14,Wet,SAC,2016-10-01T00:00:00Z,2017-10-01T00:00:00Z,-122.076,41.7788
417789N1220759W001,2184885,2016-03-22T12:00:00Z,4264.41,4263.91,2.9,49,4218.31,46.1,45.6,NA,Steel tape measurement,Water level accuracy to nearest tenth of a foot,1,Department of Water Resources,NA,1,Department of Water Resources,NA,NA,36826,45N02W04B001M,45N02W04B001M,Unknown,Unknown,1-003,Butte Valley,Siskiyou,1237,Irrigation,Single Well,NA,1980-10-24 00:00:00 - 2020-04-01 12:00:00,79,spring,NA,NA,16.7,45.6,2016,12.24,4.6,17.48,6.71,Below Normal,SAC,2015-10-01T00:00:00Z,2016-10-01T00:00:00Z,-122.076,41.7788
417789N1220759W001,2158509,2015-10-19T00:00:00Z,4264.41,4263.91,2.9,57,4210.31,54.1,53.6,NA,Steel tape measurement,Water level accuracy to nearest tenth of a foot,1,Department of Water Resources,NA,1,Department of Water Resources,NA,NA,36826,45N02W04B001M,45N02W04B001M,Unknown,Unknown,1-003,Butte Valley,Siskiyou,1237,Irrigation,Single Well,NA,1980-10-24 00:00:00 - 2020-04-01 12:00:00,79,fall,26.7,61.6,NA,NA,2016,12.24,4.6,17.48,6.71,Below Normal,SAC,2015-10-01T00:00:00Z,2016-10-01T00:00:00Z,-122.076,41.7788
417789N1220759W001,2130466,2015-03-23T00:00:00Z,4264.41,4263.91,1.3,46,4219.71,44.7,44.2,NA,Steel tape measurement,Water level accuracy to nearest tenth of a foot,1,Department of Water Resources,NA,1,Department of Water Resources,NA,NA,36826,45N02W04B001M,45N02W04B001M,Unknown,Unknown,1-003,Butte Valley,Siskiyou,1237,Irrigation,Single Well,NA,1980-10-24 00:00:00 - 2020-04-01 12:00:00,79,spring,NA,NA,16.7,45.6,2015,6.91,1.77,9.23,4,Critical,SAC,2014-10-01T00:00:00Z,2015-10-01T00:00:00Z,-122.076,41.7788
417789N1220759W001,2029077,2014-10-20T00:00:00Z,4264.41,4263.91,3.7,55,4213.11,51.3,50.8,NA,Steel tape measurement,Water level accuracy to nearest tenth of a foot,1,Department of Water Resources,NA,1,Department of Water Resources,NA,NA,36826,45N02W04B001M,45N02W04B001M,Unknown,Unknown,1-003,Butte Valley,Siskiyou,1237,Irrigation,Single Well,NA,1980-10-24 00:00:00 - 2020-04-01 12:00:00,79,fall,26.7,61.6,NA,NA,2015,6.91,1.77,9.23,4,Critical,SAC,2014-10-01T00:00:00Z,2015-10-01T00:00:00Z,-122.076,41.7788
417789N1220759W001,1885344,2014-03-24T00:00:00Z,4264.41,4263.91,2.1,45,4221.51,42.9,42.4,NA,Steel tape measurement,Water level accuracy to nearest tenth of a foot,1,Department of Water Resources,NA,1,Department of Water Resources,NA,NA,36826,45N02W04B001M,45N02W04B001M,Unknown,Unknown,1-003,Butte Valley,Siskiyou,1237,Irrigation,Single Well,NA,1980-10-24 00:00:00 - 2020-04-01 12:00:00,79,spring,NA,NA,16.7,45.6,2014,4.29,2.59,7.46,4.07,Critical,SAC,2013-10-01T00:00:00Z,2014-10-01T00:00:00Z,-122.076,41.7788
417789N1220759W001,1797516,2013-10-21T00:00:00Z,4264.41,4263.91,0.8,50,4215.21,49.2,48.7,NA,Steel tape measurement,Water level accuracy to nearest tenth of a foot,1,Department of Water Resources,NA,1,Department of Water Resources,NA,NA,36826,45N02W04B001M,45N02W04B001M,Unknown,Unknown,1-003,Butte Valley,Siskiyou,1237,Irrigation,Single Well,NA,1980-10-24 00:00:00 - 2020-04-01 12:00:00,79,fall,26.7,61.6,NA,NA,2014,4.29,2.59,7.46,4.07,Critical,SAC,2013-10-01T00:00:00Z,2014-10-01T00:00:00Z,-122.076,41.7788
417789N1220759W001,1685049,2013-03-25T00:00:00Z,4264.41,4263.91,1.2,41,4224.61,39.8,39.3,NA,Steel tape measurement,Water level accuracy to nearest tenth of a foot,1,Department of Water Resources,NA,1,Department of Water Resources,NA,NA,36826,45N02W04B001M,45N02W04B001M,Unknown,Unknown,1-003,Butte Valley,Siskiyou,1237,Irrigation,Single Well,NA,1980-10-24 00:00:00 - 2020-04-01 12:00:00,79,spring,NA,NA,16.7,45.6,2013,8.52,3.01,12.19,5.83,Dry,SAC,2012-10-01T00:00:00Z,2013-10-01T00:00:00Z,-122.076,41.7788
417789N1220759W001,70265,2012-10-29T00:00:00Z,4264.41,4263.91,5.9,53,4217.31,47.1,46.6,NA,Steel tape measurement,Water level accuracy to nearest tenth of a foot,1,Department of Water Resources,NA,1,Department of Water Resources,NA,NA,36826,45N02W04B001M,45N02W04B001M,Unknown,Unknown,1-003,Butte Valley,Siskiyou,1237,Irrigation,Single Well,NA,1980-10-24 00:00:00 - 2020-04-01 12:00:00,79,fall,26.7,61.6,NA,NA,2013,8.52,3.01,12.19,5.83,Dry,SAC,2012-10-01T00:00:00Z,2013-10-01T00:00:00Z,-122.076,41.7788
417789N1220759W001,59896,2012-04-17T00:00:00Z,4264.41,4263.91,6.5,45,4225.91,38.5,38,NA,Steel tape measurement,Water level accuracy to nearest tenth of a foot,1,Department of Water Resources,NA,1,Department of Water Resources,NA,NA,36826,45N02W04B001M,45N02W04B001M,Unknown,Unknown,1-003,Butte Valley,Siskiyou,1237,Irrigation,Single Well,NA,1980-10-24 00:00:00 - 2020-04-01 12:00:00,79,spring,NA,NA,16.7,45.6,2012,5.69,5.46,11.84,6.89,Below Normal,SAC,2011-10-01T00:00:00Z,2012-10-01T00:00:00Z,-122.076,41.7788
417789N1220759W001,41173,2011-10-18T00:00:00Z,4264.41,4263.91,0,49.4,4215.01,49.4,48.9,Oil or foreign substance in casing,Steel tape measurement,Water level accuracy to nearest tenth of a foot,1,Department of Water Resources,NA,1,Department of Water Resources,NA,NA,36826,45N02W04B001M,45N02W04B001M,Unknown,Unknown,1-003,Butte Valley,Siskiyou,1237,Irrigation,Single Well,NA,1980-10-24 00:00:00 - 2020-04-01 12:00:00,79,fall,26.7,61.6,NA,NA,2012,5.69,5.46,11.84,6.89,Below Normal,SAC,2011-10-01T00:00:00Z,2012-10-01T00:00:00Z,-122.076,41.7788
417789N1220759W001,678882,2011-10-18T00:00:00Z,4264.41,4263.91,0,49.4,4215.01,49.4,48.9,Oil or foreign substance in casing,Unknown,Water level accuracy is unknown,1,Department of Water Resources,NA,1,Department of Water Resources,NA,NA,36826,45N02W04B001M,45N02W04B001M,Unknown,Unknown,1-003,Butte Valley,Siskiyou,1237,Irrigation,Single Well,NA,1980-10-24 00:00:00 - 2020-04-01 12:00:00,79,fall,26.7,61.6,NA,NA,2012,5.69,5.46,11.84,6.89,Below Normal,SAC,2011-10-01T00:00:00Z,2012-10-01T00:00:00Z,-122.076,41.7788
417789N1220759W001,678881,2011-04-20T00:00:00Z,4264.41,4263.91,0,33.1,4231.31,33.1,32.6,Oil or foreign substance in casing,Unknown,Water level accuracy is unknown,1,Department of Water Resources,NA,1,Department of Water Resources,NA,NA,36826,45N02W04B001M,45N02W04B001M,Unknown,Unknown,1-003,Butte Valley,Siskiyou,1237,Irrigation,Single Well,NA,1980-10-24 00:00:00 - 2020-04-01 12:00:00,79,spring,NA,NA,16.7,45.6,2011,12.68,11.53,25.21,10.54,Wet,SAC,2010-10-01T00:00:00Z,2011-10-01T00:00:00Z,-122.076,41.7788
417789N1220759W001,678880,2010-10-25T00:00:00Z,4264.41,4263.91,0,46.1,4218.31,46.1,45.6,NA,Unknown,Water level accuracy is unknown,1,Department of Water Resources,NA,1,Department of Water Resources,NA,NA,36826,45N02W04B001M,45N02W04B001M,Unknown,Unknown,1-003,Butte Valley,Siskiyou,1237,Irrigation,Single Well,NA,1980-10-24 00:00:00 - 2020-04-01 12:00:00,79,fall,26.7,61.6,NA,NA,2011,12.68,11.53,25.21,10.54,Wet,SAC,2010-10-01T00:00:00Z,2011-10-01T00:00:00Z,-122.076,41.7788
417789N1220759W001,678879,2010-03-30T00:00:00Z,4264.41,4263.91,0,38.8,4225.61,38.8,38.3,NA,Unknown,Water level accuracy is unknown,1,Department of Water Resources,NA,1,Department of Water Resources,NA,NA,36826,45N02W04B001M,45N02W04B001M,Unknown,Unknown,1-003,Butte Valley,Siskiyou,1237,Irrigation,Single Well,NA,1980-10-24 00:00:00 - 2020-04-01 12:00:00,79,spring,NA,NA,16.7,45.6,2010,7.45,7.78,16.01,7.08,Below Normal,SAC,2009-10-01T00:00:00Z,2010-10-01T00:00:00Z,-122.076,41.7788
417789N1220759W001,678878,2009-10-27T00:00:00Z,4264.41,4263.91,0,49.5,4214.91,49.5,49,NA,Unknown,Water level accuracy is unknown,1,Department of Water Resources,NA,1,Department of Water Resources,NA,NA,36826,45N02W04B001M,45N02W04B001M,Unknown,Unknown,1-003,Butte Valley,Siskiyou,1237,Irrigation,Single Well,NA,1980-10-24 00:00:00 - 2020-04-01 12:00:00,79,fall,26.7,61.6,NA,NA,2010,7.45,7.78,16.01,7.08,Below Normal,SAC,2009-10-01T00:00:00Z,2010-10-01T00:00:00Z,-122.076,41.7788
417789N1220759W001,678877,2009-04-08T00:00:00Z,4264.41,4263.91,0,35.8,4228.61,35.8,35.3,NA,Unknown,Water level accuracy is unknown,1,Department of Water Resources,NA,1,Department of Water Resources,NA,NA,36826,45N02W04B001M,45N02W04B001M,Unknown,Unknown,1-003,Butte Valley,Siskiyou,1237,Irrigation,Single Well,NA,1980-10-24 00:00:00 - 2020-04-01 12:00:00,79,spring,NA,NA,16.7,45.6,2009,7.05,5.3,13.02,5.78,Dry,SAC,2008-10-01T00:00:00Z,2009-10-01T00:00:00Z,-122.076,41.7788
417789N1220759W001,678876,2008-10-30T00:00:00Z,4264.41,4263.91,0,43.4,4221.01,43.4,42.9,NA,Unknown,Water level accuracy is unknown,1,Department of Water Resources,NA,1,Department of Water Resources,NA,NA,36826,45N02W04B001M,45N02W04B001M,Unknown,Unknown,1-003,Butte Valley,Siskiyou,1237,Irrigation,Single Well,NA,1980-10-24 00:00:00 - 2020-04-01 12:00:00,79,fall,26.7,61.6,NA,NA,2009,7.05,5.3,13.02,5.78,Dry,SAC,2008-10-01T00:00:00Z,2009-10-01T00:00:00Z,-122.076,41.7788
417789N1220759W001,678875,2008-04-04T00:00:00Z,4264.41,4263.91,0,33.23,4231.18,33.23,32.73,NA,Unknown,Water level accuracy is unknown,1,Department of Water Resources,NA,1,Department of Water Resources,NA,NA,36826,45N02W04B001M,45N02W04B001M,Unknown,Unknown,1-003,Butte Valley,Siskiyou,1237,Irrigation,Single Well,NA,1980-10-24 00:00:00 - 2020-04-01 12:00:00,79,spring,NA,NA,16.7,45.6,2008,5.9,3.82,10.28,5.16,Critical,SAC,2007-10-01T00:00:00Z,2008-10-01T00:00:00Z,-122.076,41.7788
417789N1220759W001,678874,2007-10-25T00:00:00Z,4264.41,4263.91,0,40.4,4224.01,40.4,39.9,NA,Unknown,Water level accuracy is unknown,1,Department of Water Resources,NA,1,Department of Water Resources,NA,NA,36826,45N02W04B001M,45N02W04B001M,Unknown,Unknown,1-003,Butte Valley,Siskiyou,1237,Irrigation,Single Well,NA,1980-10-24 00:00:00 - 2020-04-01 12:00:00,79,fall,26.7,61.6,NA,NA,2008,5.9,3.82,10.28,5.16,Critical,SAC,2007-10-01T00:00:00Z,2008-10-01T00:00:00Z,-122.076,41.7788
417789N1220759W001,678873,2007-03-29T00:00:00Z,4264.41,4263.91,0,29,4235.41,29,28.5,NA,Unknown,Water level accuracy is unknown,1,Department of Water Resources,NA,1,Department of Water Resources,NA,NA,36826,45N02W04B001M,45N02W04B001M,Unknown,Unknown,1-003,Butte Valley,Siskiyou,1237,Irrigation,Single Well,NA,1980-10-24 00:00:00 - 2020-04-01 12:00:00,79,spring,NA,NA,16.7,45.6,2007,6.59,3.04,10.28,6.19,Dry,SAC,2006-10-01T00:00:00Z,2007-10-01T00:00:00Z,-122.076,41.7788
417789N1220759W001,678872,2006-10-12T00:00:00Z,4264.41,4263.91,0,59.6,4204.81,59.6,59.1,NA,Unknown,Water level accuracy is unknown,1,Department of Water Resources,NA,1,Department of Water Resources,NA,NA,36826,45N02W04B001M,45N02W04B001M,Unknown,Unknown,1-003,Butte Valley,Siskiyou,1237,Irrigation,Single Well,NA,1980-10-24 00:00:00 - 2020-04-01 12:00:00,79,fall,26.7,61.6,NA,NA,2007,6.59,3.04,10.28,6.19,Dry,SAC,2006-10-01T00:00:00Z,2007-10-01T00:00:00Z,-122.076,41.7788
417789N1220759W001,678871,2006-04-18T00:00:00Z,4264.41,4263.91,0,30.9,4233.51,30.9,30.4,NA,Unknown,Water level accuracy is unknown,1,Department of Water Resources,NA,1,Department of Water Resources,NA,NA,36826,45N02W04B001M,45N02W04B001M,Unknown,Unknown,1-003,Butte Valley,Siskiyou,1237,Irrigation,Single Well,NA,1980-10-24 00:00:00 - 2020-04-01 12:00:00,79,spring,NA,NA,16.7,45.6,2006,18.06,13.09,32.09,13.2,Wet,SAC,2005-10-01T00:00:00Z,2006-10-01T00:00:00Z,-122.076,41.7788
417789N1220759W001,678870,2005-10-10T00:00:00Z,4264.41,4263.91,0,44.3,4220.11,44.3,43.8,NA,Unknown,Water level accuracy is unknown,1,Department of Water Resources,NA,1,Department of Water Resources,NA,NA,36826,45N02W04B001M,45N02W04B001M,Unknown,Unknown,1-003,Butte Valley,Siskiyou,1237,Irrigation,Single Well,NA,1980-10-24 00:00:00 - 2020-04-01 12:00:00,79,fall,26.7,61.6,NA,NA,2006,18.06,13.09,32.09,13.2,Wet,SAC,2005-10-01T00:00:00Z,2006-10-01T00:00:00Z,-122.076,41.7788
417789N1220759W001,678869,2005-04-05T00:00:00Z,4264.41,4263.91,0,35.3,4229.11,35.3,34.8,NA,Unknown,Water level accuracy is unknown,1,Department of Water Resources,NA,1,Department of Water Resources,NA,NA,36826,45N02W04B001M,45N02W04B001M,Unknown,Unknown,1-003,Butte Valley,Siskiyou,1237,Irrigation,Single Well,NA,1980-10-24 00:00:00 - 2020-04-01 12:00:00,79,spring,NA,NA,16.7,45.6,2005,8.4,9.28,18.55,8.49,Above Normal,SAC,2004-10-01T00:00:00Z,2005-10-01T00:00:00Z,-122.076,41.7788
417789N1220759W001,678868,2004-11-02T00:00:00Z,4264.41,4263.91,0,43.2,4221.21,43.2,42.7,NA,Unknown,Water level accuracy is unknown,1,Department of Water Resources,NA,1,Department of Water Resources,NA,NA,36826,45N02W04B001M,45N02W04B001M,Unknown,Unknown,1-003,Butte Valley,Siskiyou,1237,Irrigation,Single Well,NA,1980-10-24 00:00:00 - 2020-04-01 12:00:00,79,fall,26.7,61.6,NA,NA,2005,8.4,9.28,18.55,8.49,Above Normal,SAC,2004-10-01T00:00:00Z,2005-10-01T00:00:00Z,-122.076,41.7788
417789N1220759W001,678867,2004-03-30T00:00:00Z,4264.41,4263.91,0,32.8,4231.61,32.8,32.3,NA,Unknown,Water level accuracy is unknown,1,Department of Water Resources,NA,1,Department of Water Resources,NA,NA,36826,45N02W04B001M,45N02W04B001M,Unknown,Unknown,1-003,Butte Valley,Siskiyou,1237,Irrigation,Single Well,NA,1980-10-24 00:00:00 - 2020-04-01 12:00:00,79,spring,NA,NA,16.7,45.6,2004,10.95,4.4,16.04,7.51,Below Normal,SAC,2003-10-01T00:00:00Z,2004-10-01T00:00:00Z,-122.076,41.7788
417789N1220759W001,678866,2003-10-20T00:00:00Z,4264.41,4263.91,0,47.7,4216.71,47.7,47.2,NA,Unknown,Water level accuracy is unknown,1,Department of Water Resources,NA,1,Department of Water Resources,NA,NA,36826,45N02W04B001M,45N02W04B001M,Unknown,Unknown,1-003,Butte Valley,Siskiyou,1237,Irrigation,Single Well,NA,1980-10-24 00:00:00 - 2020-04-01 12:00:00,79,fall,26.7,61.6,NA,NA,2004,10.95,4.4,16.04,7.51,Below Normal,SAC,2003-10-01T00:00:00Z,2004-10-01T00:00:00Z,-122.076,41.7788
417789N1220759W001,678865,2003-04-01T00:00:00Z,4264.41,4263.91,0,29.3,4235.11,29.3,28.8,NA,Unknown,Water level accuracy is unknown,1,Department of Water Resources,NA,1,Department of Water Resources,NA,NA,36826,45N02W04B001M,45N02W04B001M,Unknown,Unknown,1-003,Butte Valley,Siskiyou,1237,Irrigation,Single Well,NA,1980-10-24 00:00:00 - 2020-04-01 12:00:00,79,spring,NA,NA,16.7,45.6,2003,10.71,7.74,19.31,8.21,Above Normal,SAC,2002-10-01T00:00:00Z,2003-10-01T00:00:00Z,-122.076,41.7788
417789N1220759W001,678864,2002-10-11T00:00:00Z,4264.41,4263.91,0,45.2,4219.21,45.2,44.7,NA,Unknown,Water level accuracy is unknown,1,Department of Water Resources,NA,1,Department of Water Resources,NA,NA,36826,45N02W04B001M,45N02W04B001M,Unknown,Unknown,1-003,Butte Valley,Siskiyou,1237,Irrigation,Single Well,NA,1980-10-24 00:00:00 - 2020-04-01 12:00:00,79,fall,26.7,61.6,NA,NA,2003,10.71,7.74,19.31,8.21,Above Normal,SAC,2002-10-01T00:00:00Z,2003-10-01T00:00:00Z,-122.076,41.7788
417789N1220759W001,678863,2002-03-26T00:00:00Z,4264.41,4263.91,0,28.1,4236.31,28.1,27.6,NA,Unknown,Water level accuracy is unknown,1,Department of Water Resources,NA,1,Department of Water Resources,NA,NA,36826,45N02W04B001M,45N02W04B001M,Unknown,Unknown,1-003,Butte Valley,Siskiyou,1237,Irrigation,Single Well,NA,1980-10-24 00:00:00 - 2020-04-01 12:00:00,79,spring,NA,NA,16.7,45.6,2002,9.32,4.57,14.6,6.35,Dry,SAC,2001-10-01T00:00:00Z,2002-10-01T00:00:00Z,-122.076,41.7788
417789N1220759W001,678862,2001-10-24T00:00:00Z,4264.41,4263.91,0,44.1,4220.31,44.1,43.6,NA,Unknown,Water level accuracy is unknown,1,Department of Water Resources,NA,1,Department of Water Resources,NA,NA,36826,45N02W04B001M,45N02W04B001M,Unknown,Unknown,1-003,Butte Valley,Siskiyou,1237,Irrigation,Single Well,NA,1980-10-24 00:00:00 - 2020-04-01 12:00:00,79,fall,26.7,61.6,NA,NA,2002,9.32,4.57,14.6,6.35,Dry,SAC,2001-10-01T00:00:00Z,2002-10-01T00:00:00Z,-122.076,41.7788
417789N1220759W001,678861,2001-04-03T00:00:00Z,4264.41,4263.91,0,34.2,4230.21,34.2,33.7,NA,Unknown,Water level accuracy is unknown,1,Department of Water Resources,NA,1,Department of Water Resources,NA,NA,36826,45N02W04B001M,45N02W04B001M,Unknown,Unknown,1-003,Butte Valley,Siskiyou,1237,Irrigation,Single Well,NA,1980-10-24 00:00:00 - 2020-04-01 12:00:00,79,spring,NA,NA,16.7,45.6,2001,5.64,3.46,9.81,5.76,Dry,SAC,2000-10-01T00:00:00Z,2001-10-01T00:00:00Z,-122.076,41.7788
417789N1220759W001,678860,2000-10-10T00:00:00Z,4264.41,4263.91,0,40.2,4224.21,40.2,39.7,NA,Unknown,Water level accuracy is unknown,1,Department of Water Resources,NA,1,Department of Water Resources,NA,NA,36826,45N02W04B001M,45N02W04B001M,Unknown,Unknown,1-003,Butte Valley,Siskiyou,1237,Irrigation,Single Well,NA,1980-10-24 00:00:00 - 2020-04-01 12:00:00,79,fall,26.7,61.6,NA,NA,2001,5.64,3.46,9.81,5.76,Dry,SAC,2000-10-01T00:00:00Z,2001-10-01T00:00:00Z,-122.076,41.7788
417789N1220759W001,678859,2000-03-22T00:00:00Z,4264.41,4263.91,0,27.8,4236.61,27.8,27.3,NA,Unknown,Water level accuracy is unknown,1,Department of Water Resources,NA,1,Department of Water Resources,NA,NA,36826,45N02W04B001M,45N02W04B001M,Unknown,Unknown,1-003,Butte Valley,Siskiyou,1237,Irrigation,Single Well,NA,1980-10-24 00:00:00 - 2020-04-01 12:00:00,79,spring,NA,NA,16.7,45.6,2000,12.06,5.96,18.9,8.94,Above Normal,SAC,1999-10-01T00:00:00Z,2000-10-01T00:00:00Z,-122.076,41.7788
417789N1220759W001,678857,1999-10-26T00:00:00Z,4264.41,4263.91,0,36.8,4227.61,36.8,36.3,NA,Unknown,Water level accuracy is unknown,1,Department of Water Resources,NA,1,Department of Water Resources,NA,NA,36826,45N02W04B001M,45N02W04B001M,Unknown,Unknown,1-003,Butte Valley,Siskiyou,1237,Irrigation,Single Well,NA,1980-10-24 00:00:00 - 2020-04-01 12:00:00,79,fall,26.7,61.6,NA,NA,2000,12.06,5.96,18.9,8.94,Above Normal,SAC,1999-10-01T00:00:00Z,2000-10-01T00:00:00Z,-122.076,41.7788
417789N1220759W001,678858,1999-03-16T00:00:00Z,4264.41,4263.91,0,28.5,4235.91,28.5,28,NA,Unknown,Water level accuracy is unknown,1,Department of Water Resources,NA,1,Department of Water Resources,NA,NA,36826,45N02W04B001M,45N02W04B001M,Unknown,Unknown,1-003,Butte Valley,Siskiyou,1237,Irrigation,Single Well,NA,1980-10-24 00:00:00 - 2020-04-01 12:00:00,79,spring,NA,NA,16.7,45.6,1999,12.97,7.26,21.19,9.8,Wet,SAC,1998-10-01T00:00:00Z,1999-10-01T00:00:00Z,-122.076,41.7788
417789N1220759W001,678856,1998-10-28T00:00:00Z,4264.41,4263.91,0,40,4224.41,40,39.5,NA,Unknown,Water level accuracy is unknown,1,Department of Water Resources,NA,1,Department of Water Resources,NA,NA,36826,45N02W04B001M,45N02W04B001M,Unknown,Unknown,1-003,Butte Valley,Siskiyou,1237,Irrigation,Single Well,NA,1980-10-24 00:00:00 - 2020-04-01 12:00:00,79,fall,26.7,61.6,NA,NA,1999,12.97,7.26,21.19,9.8,Wet,SAC,1998-10-01T00:00:00Z,1999-10-01T00:00:00Z,-122.076,41.7788
417789N1220759W001,678855,1998-03-31T00:00:00Z,4264.41,4263.91,0,30.9,4233.51,30.9,30.4,Casing leaking or wet,Unknown,Water level accuracy is unknown,1,Department of Water Resources,NA,1,Department of Water Resources,NA,NA,36826,45N02W04B001M,45N02W04B001M,Unknown,Unknown,1-003,Butte Valley,Siskiyou,1237,Irrigation,Single Well,NA,1980-10-24 00:00:00 - 2020-04-01 12:00:00,79,spring,NA,NA,16.7,45.6,1998,17.65,12.54,31.4,13.31,Wet,SAC,1997-10-01T00:00:00Z,1998-10-01T00:00:00Z,-122.076,41.7788
417789N1220759W001,678854,1997-10-22T00:00:00Z,4264.41,4263.91,0,42,4222.41,42,41.5,NA,Unknown,Water level accuracy is unknown,1,Department of Water Resources,NA,1,Department of Water Resources,NA,NA,36826,45N02W04B001M,45N02W04B001M,Unknown,Unknown,1-003,Butte Valley,Siskiyou,1237,Irrigation,Single Well,NA,1980-10-24 00:00:00 - 2020-04-01 12:00:00,79,fall,26.7,61.6,NA,NA,1998,17.65,12.54,31.4,13.31,Wet,SAC,1997-10-01T00:00:00Z,1998-10-01T00:00:00Z,-122.076,41.7788
417789N1220759W001,678853,1997-03-11T00:00:00Z,4264.41,4263.91,0,29.8,4234.61,29.8,29.3,NA,Unknown,Water level accuracy is unknown,1,Department of Water Resources,NA,1,Department of Water Resources,NA,NA,36826,45N02W04B001M,45N02W04B001M,Unknown,Unknown,1-003,Butte Valley,Siskiyou,1237,Irrigation,Single Well,NA,1980-10-24 00:00:00 - 2020-04-01 12:00:00,79,spring,NA,NA,16.7,45.6,1997,20.22,4.39,25.42,10.82,Wet,SAC,1996-10-01T00:00:00Z,1997-10-01T00:00:00Z,-122.076,41.7788
417789N1220759W001,678852,1996-10-21T00:00:00Z,4264.41,4263.91,0,39.8,4224.61,39.8,39.3,NA,Unknown,Water level accuracy is unknown,1,Department of Water Resources,NA,1,Department of Water Resources,NA,NA,36826,45N02W04B001M,45N02W04B001M,Unknown,Unknown,1-003,Butte Valley,Siskiyou,1237,Irrigation,Single Well,NA,1980-10-24 00:00:00 - 2020-04-01 12:00:00,79,fall,26.7,61.6,NA,NA,1997,20.22,4.39,25.42,10.82,Wet,SAC,1996-10-01T00:00:00Z,1997-10-01T00:00:00Z,-122.076,41.7788
417789N1220759W001,678851,1996-03-26T00:00:00Z,4264.41,4263.91,0,29.8,4234.61,29.8,29.3,NA,Unknown,Water level accuracy is unknown,1,Department of Water Resources,NA,1,Department of Water Resources,NA,NA,36826,45N02W04B001M,45N02W04B001M,Unknown,Unknown,1-003,Butte Valley,Siskiyou,1237,Irrigation,Single Well,NA,1980-10-24 00:00:00 - 2020-04-01 12:00:00,79,spring,NA,NA,16.7,45.6,1996,13.05,8.37,22.29,10.26,Wet,SAC,1995-10-01T00:00:00Z,1996-10-01T00:00:00Z,-122.076,41.7788
417789N1220759W001,678850,1995-10-17T00:00:00Z,4264.41,4263.91,0,31.9,4232.51,31.9,31.4,NA,Unknown,Water level accuracy is unknown,1,Department of Water Resources,NA,1,Department of Water Resources,NA,NA,36826,45N02W04B001M,45N02W04B001M,Unknown,Unknown,1-003,Butte Valley,Siskiyou,1237,Irrigation,Single Well,NA,1980-10-24 00:00:00 - 2020-04-01 12:00:00,79,fall,26.7,61.6,NA,NA,1996,13.05,8.37,22.29,10.26,Wet,SAC,1995-10-01T00:00:00Z,1996-10-01T00:00:00Z,-122.076,41.7788
417789N1220759W001,678849,1995-03-27T00:00:00Z,4264.41,4263.91,0,29.9,4234.51,29.9,29.4,NA,Unknown,Water level accuracy is unknown,1,Department of Water Resources,NA,1,Department of Water Resources,NA,NA,36826,45N02W04B001M,45N02W04B001M,Unknown,Unknown,1-003,Butte Valley,Siskiyou,1237,Irrigation,Single Well,NA,1980-10-24 00:00:00 - 2020-04-01 12:00:00,79,spring,NA,NA,16.7,45.6,1995,19.83,13.6,34.55,12.89,Wet,SAC,1994-10-01T00:00:00Z,1995-10-01T00:00:00Z,-122.076,41.7788
417789N1220759W001,678848,1994-10-26T00:00:00Z,4264.41,4263.91,0,47.1,4217.31,47.1,46.6,Casing leaking or wet,Unknown,Water level accuracy is unknown,1,Department of Water Resources,NA,1,Department of Water Resources,NA,NA,36826,45N02W04B001M,45N02W04B001M,Unknown,Unknown,1-003,Butte Valley,Siskiyou,1237,Irrigation,Single Well,NA,1980-10-24 00:00:00 - 2020-04-01 12:00:00,79,fall,26.7,61.6,NA,NA,1995,19.83,13.6,34.55,12.89,Wet,SAC,1994-10-01T00:00:00Z,1995-10-01T00:00:00Z,-122.076,41.7788
417789N1220759W001,678847,1994-03-29T00:00:00Z,4264.41,4263.91,0,40,4224.41,40,39.5,NA,Unknown,Water level accuracy is unknown,1,Department of Water Resources,NA,1,Department of Water Resources,NA,NA,36826,45N02W04B001M,45N02W04B001M,Unknown,Unknown,1-003,Butte Valley,Siskiyou,1237,Irrigation,Single Well,NA,1980-10-24 00:00:00 - 2020-04-01 12:00:00,79,spring,NA,NA,16.7,45.6,1994,4.55,2.73,7.81,5.02,Critical,SAC,1993-10-01T00:00:00Z,1994-10-01T00:00:00Z,-122.076,41.7788
417789N1220759W001,678846,1993-10-14T00:00:00Z,4264.41,4263.91,0,53.5,4210.91,53.5,53,Casing leaking or wet,Unknown,Water level accuracy is unknown,1,Department of Water Resources,NA,1,Department of Water Resources,NA,NA,36826,45N02W04B001M,45N02W04B001M,Unknown,Unknown,1-003,Butte Valley,Siskiyou,1237,Irrigation,Single Well,NA,1980-10-24 00:00:00 - 2020-04-01 12:00:00,79,fall,26.7,61.6,NA,NA,1994,4.55,2.73,7.81,5.02,Critical,SAC,1993-10-01T00:00:00Z,1994-10-01T00:00:00Z,-122.076,41.7788
417789N1220759W001,678845,1993-03-16T00:00:00Z,4264.41,4263.91,0,34.5,4229.91,34.5,34,NA,Unknown,Water level accuracy is unknown,1,Department of Water Resources,NA,1,Department of Water Resources,NA,NA,36826,45N02W04B001M,45N02W04B001M,Unknown,Unknown,1-003,Butte Valley,Siskiyou,1237,Irrigation,Single Well,NA,1980-10-24 00:00:00 - 2020-04-01 12:00:00,79,spring,NA,NA,16.7,45.6,1993,12.44,8.98,22.21,8.54,Above Normal,SAC,1992-10-01T00:00:00Z,1993-10-01T00:00:00Z,-122.076,41.7788
417789N1220759W001,678844,1992-10-19T00:00:00Z,4264.41,4263.91,0,43.9,4220.51,43.9,43.4,NA,Unknown,Water level accuracy is unknown,1,Department of Water Resources,NA,1,Department of Water Resources,NA,NA,36826,45N02W04B001M,45N02W04B001M,Unknown,Unknown,1-003,Butte Valley,Siskiyou,1237,Irrigation,Single Well,NA,1980-10-24 00:00:00 - 2020-04-01 12:00:00,79,fall,26.7,61.6,NA,NA,1993,12.44,8.98,22.21,8.54,Above Normal,SAC,1992-10-01T00:00:00Z,1993-10-01T00:00:00Z,-122.076,41.7788
417789N1220759W001,678843,1992-03-02T00:00:00Z,4264.41,4263.91,0,38.9,4225.51,38.9,38.4,NA,Unknown,Water level accuracy is unknown,1,Department of Water Resources,NA,1,Department of Water Resources,NA,NA,36826,45N02W04B001M,45N02W04B001M,Unknown,Unknown,1-003,Butte Valley,Siskiyou,1237,Irrigation,Single Well,NA,1980-10-24 00:00:00 - 2020-04-01 12:00:00,79,spring,NA,NA,16.7,45.6,1992,5.41,2.93,8.87,4.06,Critical,SAC,1991-10-01T00:00:00Z,1992-10-01T00:00:00Z,-122.076,41.7788
417789N1220759W001,678842,1991-09-30T00:00:00Z,4264.41,4263.91,0,39.8,4224.61,39.8,39.3,NA,Unknown,Water level accuracy is unknown,1,Department of Water Resources,NA,1,Department of Water Resources,NA,NA,36826,45N02W04B001M,45N02W04B001M,Unknown,Unknown,1-003,Butte Valley,Siskiyou,1237,Irrigation,Single Well,NA,1980-10-24 00:00:00 - 2020-04-01 12:00:00,79,fall,26.7,61.6,NA,NA,1991,3.9,4.01,8.44,4.21,Critical,SAC,1990-10-01T00:00:00Z,1991-10-01T00:00:00Z,-122.076,41.7788
417789N1220759W001,678841,1991-03-20T00:00:00Z,4264.41,4263.91,0,33.6,4230.81,33.6,33.1,NA,Unknown,Water level accuracy is unknown,1,Department of Water Resources,NA,1,Department of Water Resources,NA,NA,36826,45N02W04B001M,45N02W04B001M,Unknown,Unknown,1-003,Butte Valley,Siskiyou,1237,Irrigation,Single Well,NA,1980-10-24 00:00:00 - 2020-04-01 12:00:00,79,spring,NA,NA,16.7,45.6,1991,3.9,4.01,8.44,4.21,Critical,SAC,1990-10-01T00:00:00Z,1991-10-01T00:00:00Z,-122.076,41.7788
417789N1220759W001,678840,1990-10-01T00:00:00Z,4264.41,4263.91,0,36.2,4228.21,36.2,35.7,NA,Unknown,Water level accuracy is unknown,1,Department of Water Resources,NA,1,Department of Water Resources,NA,NA,36826,45N02W04B001M,45N02W04B001M,Unknown,Unknown,1-003,Butte Valley,Siskiyou,1237,Irrigation,Single Well,NA,1980-10-24 00:00:00 - 2020-04-01 12:00:00,79,fall,26.7,61.6,NA,NA,1991,3.9,4.01,8.44,4.21,Critical,SAC,1990-10-01T00:00:00Z,1991-10-01T00:00:00Z,-122.076,41.7788
417789N1220759W001,678839,1990-03-20T00:00:00Z,4264.41,4263.91,0,30.6,4233.81,30.6,30.1,NA,Unknown,Water level accuracy is unknown,1,Department of Water Resources,NA,1,Department of Water Resources,NA,NA,36826,45N02W04B001M,45N02W04B001M,Unknown,Unknown,1-003,Butte Valley,Siskiyou,1237,Irrigation,Single Well,NA,1980-10-24 00:00:00 - 2020-04-01 12:00:00,79,spring,NA,NA,16.7,45.6,1990,4.94,3.72,9.26,4.81,Critical,SAC,1989-10-01T00:00:00Z,1990-10-01T00:00:00Z,-122.076,41.7788
417789N1220759W001,678838,1989-10-04T00:00:00Z,4264.41,4263.91,0,35.7,4228.71,35.7,35.2,NA,Unknown,Water level accuracy is unknown,1,Department of Water Resources,NA,1,Department of Water Resources,NA,NA,36826,45N02W04B001M,45N02W04B001M,Unknown,Unknown,1-003,Butte Valley,Siskiyou,1237,Irrigation,Single Well,NA,1980-10-24 00:00:00 - 2020-04-01 12:00:00,79,fall,26.7,61.6,NA,NA,1990,4.94,3.72,9.26,4.81,Critical,SAC,1989-10-01T00:00:00Z,1990-10-01T00:00:00Z,-122.076,41.7788
417789N1220759W001,678837,1989-03-22T00:00:00Z,4264.41,4263.91,0,30.4,4234.01,30.4,29.9,NA,Unknown,Water level accuracy is unknown,1,Department of Water Resources,NA,1,Department of Water Resources,NA,NA,36826,45N02W04B001M,45N02W04B001M,Unknown,Unknown,1-003,Butte Valley,Siskiyou,1237,Irrigation,Single Well,NA,1980-10-24 00:00:00 - 2020-04-01 12:00:00,79,spring,NA,NA,16.7,45.6,1989,9.03,5.07,14.82,6.13,Dry,SAC,1988-10-01T00:00:00Z,1989-10-01T00:00:00Z,-122.076,41.7788
417789N1220759W001,678836,1988-10-26T00:00:00Z,4264.41,4263.91,0,38,4226.41,38,37.5,NA,Unknown,Water level accuracy is unknown,1,Department of Water Resources,NA,1,Department of Water Resources,NA,NA,36826,45N02W04B001M,45N02W04B001M,Unknown,Unknown,1-003,Butte Valley,Siskiyou,1237,Irrigation,Single Well,NA,1980-10-24 00:00:00 - 2020-04-01 12:00:00,79,fall,26.7,61.6,NA,NA,1989,9.03,5.07,14.82,6.13,Dry,SAC,1988-10-01T00:00:00Z,1989-10-01T00:00:00Z,-122.076,41.7788
417789N1220759W001,678835,1988-03-23T00:00:00Z,4264.41,4263.91,0,24.4,4240.01,24.4,23.9,NA,Unknown,Water level accuracy is unknown,1,Department of Water Resources,NA,1,Department of Water Resources,NA,NA,36826,45N02W04B001M,45N02W04B001M,Unknown,Unknown,1-003,Butte Valley,Siskiyou,1237,Irrigation,Single Well,NA,1980-10-24 00:00:00 - 2020-04-01 12:00:00,79,spring,NA,NA,16.7,45.6,1988,5.78,2.9,9.23,4.65,Critical,SAC,1987-10-01T00:00:00Z,1988-10-01T00:00:00Z,-122.076,41.7788
417789N1220759W001,678834,1987-10-19T00:00:00Z,4264.41,4263.91,0,31.9,4232.51,31.9,31.4,NA,Unknown,Water level accuracy is unknown,1,Department of Water Resources,NA,1,Department of Water Resources,NA,NA,36826,45N02W04B001M,45N02W04B001M,Unknown,Unknown,1-003,Butte Valley,Siskiyou,1237,Irrigation,Single Well,NA,1980-10-24 00:00:00 - 2020-04-01 12:00:00,79,fall,26.7,61.6,NA,NA,1988,5.78,2.9,9.23,4.65,Critical,SAC,1987-10-01T00:00:00Z,1988-10-01T00:00:00Z,-122.076,41.7788
417789N1220759W001,678833,1987-04-21T00:00:00Z,4264.41,4263.91,0,24.3,4240.11,24.3,23.8,NA,Unknown,Water level accuracy is unknown,1,Department of Water Resources,NA,1,Department of Water Resources,NA,NA,36826,45N02W04B001M,45N02W04B001M,Unknown,Unknown,1-003,Butte Valley,Siskiyou,1237,Irrigation,Single Well,NA,1980-10-24 00:00:00 - 2020-04-01 12:00:00,79,spring,NA,NA,16.7,45.6,1987,5.85,2.8,9.27,5.86,Dry,SAC,1986-10-01T00:00:00Z,1987-10-01T00:00:00Z,-122.076,41.7788
417789N1220759W001,678832,1986-04-29T00:00:00Z,4264.41,4263.91,0,20.1,4244.31,20.1,19.6,NA,Unknown,Water level accuracy is unknown,1,Department of Water Resources,NA,624,Bureau of Reclamation,NA,NA,36826,45N02W04B001M,45N02W04B001M,Unknown,Unknown,1-003,Butte Valley,Siskiyou,1237,Irrigation,Single Well,NA,1980-10-24 00:00:00 - 2020-04-01 12:00:00,79,spring,NA,NA,16.7,45.6,1986,19.45,5.45,25.83,9.96,Wet,SAC,1985-10-01T00:00:00Z,1986-10-01T00:00:00Z,-122.076,41.7788
417789N1220759W001,678831,1985-10-16T00:00:00Z,4264.41,4263.91,0,30.3,4234.11,30.3,29.8,NA,Unknown,Water level accuracy is unknown,1,Department of Water Resources,NA,624,Bureau of Reclamation,NA,NA,36826,45N02W04B001M,45N02W04B001M,Unknown,Unknown,1-003,Butte Valley,Siskiyou,1237,Irrigation,Single Well,NA,1980-10-24 00:00:00 - 2020-04-01 12:00:00,79,fall,26.7,61.6,NA,NA,1986,19.45,5.45,25.83,9.96,Wet,SAC,1985-10-01T00:00:00Z,1986-10-01T00:00:00Z,-122.076,41.7788
417789N1220759W001,678830,1985-04-15T00:00:00Z,4264.41,4263.91,0,20.4,4244.01,20.4,19.9,NA,Unknown,Water level accuracy is unknown,1,Department of Water Resources,NA,624,Bureau of Reclamation,NA,NA,36826,45N02W04B001M,45N02W04B001M,Unknown,Unknown,1-003,Butte Valley,Siskiyou,1237,Irrigation,Single Well,NA,1980-10-24 00:00:00 - 2020-04-01 12:00:00,79,spring,NA,NA,16.7,45.6,1985,6.24,4,11.04,6.47,Dry,SAC,1984-10-01T00:00:00Z,1985-10-01T00:00:00Z,-122.076,41.7788
417789N1220759W001,678829,1984-10-25T00:00:00Z,4264.41,4263.91,0,29.5,4234.91,29.5,29,NA,Unknown,Water level accuracy is unknown,1,Department of Water Resources,NA,624,Bureau of Reclamation,NA,NA,36826,45N02W04B001M,45N02W04B001M,Unknown,Unknown,1-003,Butte Valley,Siskiyou,1237,Irrigation,Single Well,NA,1980-10-24 00:00:00 - 2020-04-01 12:00:00,79,fall,26.7,61.6,NA,NA,1985,6.24,4,11.04,6.47,Dry,SAC,1984-10-01T00:00:00Z,1985-10-01T00:00:00Z,-122.076,41.7788
417789N1220759W001,678828,1984-04-16T00:00:00Z,4264.41,4263.91,0,17.2,4247.21,17.2,16.7,NA,Unknown,Water level accuracy is unknown,1,Department of Water Resources,NA,624,Bureau of Reclamation,NA,NA,36826,45N02W04B001M,45N02W04B001M,Unknown,Unknown,1-003,Butte Valley,Siskiyou,1237,Irrigation,Single Well,NA,1980-10-24 00:00:00 - 2020-04-01 12:00:00,79,spring,NA,NA,16.7,45.6,1984,15.98,5.52,22.35,10,Wet,SAC,1983-10-01T00:00:00Z,1984-10-01T00:00:00Z,-122.076,41.7788
417789N1220759W001,678827,1983-10-14T00:00:00Z,4264.41,4263.91,0,27.2,4237.21,27.2,26.7,NA,Unknown,Water level accuracy is unknown,1,Department of Water Resources,NA,624,Bureau of Reclamation,NA,NA,36826,45N02W04B001M,45N02W04B001M,Unknown,Unknown,1-003,Butte Valley,Siskiyou,1237,Irrigation,Single Well,NA,1980-10-24 00:00:00 - 2020-04-01 12:00:00,79,fall,26.7,61.6,NA,NA,1984,15.98,5.52,22.35,10,Wet,SAC,1983-10-01T00:00:00Z,1984-10-01T00:00:00Z,-122.076,41.7788
417789N1220759W001,678826,1983-05-11T00:00:00Z,4264.41,4263.91,0,22.1,4242.31,22.1,21.6,NA,Unknown,Water level accuracy is unknown,1,Department of Water Resources,NA,624,Bureau of Reclamation,NA,NA,36826,45N02W04B001M,45N02W04B001M,Unknown,Unknown,1-003,Butte Valley,Siskiyou,1237,Irrigation,Single Well,NA,1980-10-24 00:00:00 - 2020-04-01 12:00:00,79,spring,NA,NA,16.7,45.6,1983,22.75,13.66,37.68,15.29,Wet,SAC,1982-10-01T00:00:00Z,1983-10-01T00:00:00Z,-122.076,41.7788
417789N1220759W001,678825,1982-10-25T00:00:00Z,4264.41,4263.91,0,39.7,4224.71,39.7,39.2,NA,Unknown,Water level accuracy is unknown,1,Department of Water Resources,NA,624,Bureau of Reclamation,NA,NA,36826,45N02W04B001M,45N02W04B001M,Unknown,Unknown,1-003,Butte Valley,Siskiyou,1237,Irrigation,Single Well,NA,1980-10-24 00:00:00 - 2020-04-01 12:00:00,79,fall,26.7,61.6,NA,NA,1983,22.75,13.66,37.68,15.29,Wet,SAC,1982-10-01T00:00:00Z,1983-10-01T00:00:00Z,-122.076,41.7788
417789N1220759W001,678824,1982-04-21T00:00:00Z,4264.41,4263.91,0,26.9,4237.51,26.9,26.4,NA,Unknown,Water level accuracy is unknown,1,Department of Water Resources,NA,624,Bureau of Reclamation,NA,NA,36826,45N02W04B001M,45N02W04B001M,Unknown,Unknown,1-003,Butte Valley,Siskiyou,1237,Irrigation,Single Well,NA,1980-10-24 00:00:00 - 2020-04-01 12:00:00,79,spring,NA,NA,16.7,45.6,1982,20.56,11.82,33.41,12.76,Wet,SAC,1981-10-01T00:00:00Z,1982-10-01T00:00:00Z,-122.076,41.7788
417789N1220759W001,678823,1981-10-15T00:00:00Z,4264.41,4263.91,0,39.2,4225.21,39.2,38.7,NA,Unknown,Water level accuracy is unknown,1,Department of Water Resources,NA,624,Bureau of Reclamation,NA,NA,36826,45N02W04B001M,45N02W04B001M,Unknown,Unknown,1-003,Butte Valley,Siskiyou,1237,Irrigation,Single Well,NA,1980-10-24 00:00:00 - 2020-04-01 12:00:00,79,fall,26.7,61.6,NA,NA,1982,20.56,11.82,33.41,12.76,Wet,SAC,1981-10-01T00:00:00Z,1982-10-01T00:00:00Z,-122.076,41.7788
417789N1220759W001,678822,1981-04-24T00:00:00Z,4264.41,4263.91,0,30.5,4233.91,30.5,30,NA,Unknown,Water level accuracy is unknown,1,Department of Water Resources,NA,624,Bureau of Reclamation,NA,NA,36826,45N02W04B001M,45N02W04B001M,Unknown,Unknown,1-003,Butte Valley,Siskiyou,1237,Irrigation,Single Well,NA,1980-10-24 00:00:00 - 2020-04-01 12:00:00,79,spring,NA,NA,16.7,45.6,1981,6.81,3.63,11.1,6.21,Dry,SAC,1980-10-01T00:00:00Z,1981-10-01T00:00:00Z,-122.076,41.7788
417789N1220759W001,678821,1980-10-24T00:00:00Z,4264.41,4263.91,0,38,4226.41,38,37.5,NA,Unknown,Water level accuracy is unknown,1,Department of Water Resources,NA,624,Bureau of Reclamation,NA,NA,36826,45N02W04B001M,45N02W04B001M,Unknown,Unknown,1-003,Butte Valley,Siskiyou,1237,Irrigation,Single Well,NA,1980-10-24 00:00:00 - 2020-04-01 12:00:00,79,fall,26.7,61.6,NA,NA,1981,6.81,3.63,11.1,6.21,Dry,SAC,1980-10-01T00:00:00Z,1981-10-01T00:00:00Z,-122.076,41.7788
