SITE_CODE,WLM_ID,MSMT_DATE,WLM_RPE,WLM_GSE,RDNG_WS,RDNG_RP,WSE,RPE_WSE,GSE_WSE,WLM_QA_DESC,WLM_DESC,WLM_ACC_DESC,WLM_ORG_ID,WLM_ORG_NAME,MSMT_CMT,COOP_AGENCY_ORG_ID,COOP_ORG_NAME,TOP_PRF,BOT_PRF,STN_ID,SWN,WELL_NAME,WLM_METHOD,WLM_ACC,BASIN_CODE,BASIN_NAME,COUNTY_NAME,WELL_DEPTH,WELL_USE,WELL_TYPE,WCR_NO,t_range,n_samples,season,fall_high,fall_low,spring_high,spring_low,water_year,HUC8,WYT,water_year_type,water_year_start,water_year_end,X,Y
417786N1220041W001,2619106,2020-04-01T12:00:00Z,4262.83,4261.83,0,55.4,4207.43,55.4,54.4,NA,Electric sounder measurement,Water level accuracy to nearest tenth of a foot,1,Department of Water Resources,NA,1,Department of Water Resources,40,104,24043,45N01W06A001M,45N01W06A001M,Unknown,Unknown,1-003,Butte Valley,Siskiyou,104,Irrigation,Single Well,49917,1971-10-28 00:00:00 - 2020-04-01 12:00:00,80,spring,NA,NA,24.8,59.9,2020,NA,NA,NA,2019-10-01T00:00:00Z,2020-10-01T00:00:00Z,-122.004,41.7786
417786N1220041W001,2453060,2019-04-03T12:00:00Z,4262.83,4261.83,0,55.5,4207.33,55.5,54.5,NA,Electric sounder measurement,Water level accuracy to nearest hundredth of a foot,1,Department of Water Resources,NA,1,Department of Water Resources,40,104,24043,45N01W06A001M,45N01W06A001M,Unknown,Unknown,1-003,Butte Valley,Siskiyou,104,Irrigation,Single Well,49917,1971-10-28 00:00:00 - 2020-04-01 12:00:00,80,spring,NA,NA,24.8,59.9,2019,NA,NA,NA,2018-10-01T00:00:00Z,2019-10-01T00:00:00Z,-122.004,41.7786
417786N1220041W001,2413551,2018-10-30T12:00:00Z,4262.83,4261.83,0,70.25,4192.58,70.25,69.25,NA,Electric sounder measurement,Water level accuracy to nearest hundredth of a foot,1,Department of Water Resources,NA,1,Department of Water Resources,40,104,24043,45N01W06A001M,45N01W06A001M,Unknown,Unknown,1-003,Butte Valley,Siskiyou,104,Irrigation,Single Well,49917,1971-10-28 00:00:00 - 2020-04-01 12:00:00,80,fall,24.7,80.8,NA,NA,2019,NA,NA,NA,2018-10-01T00:00:00Z,2019-10-01T00:00:00Z,-122.004,41.7786
417786N1220041W001,2286500,2018-03-29T12:00:00Z,4262.83,4261.83,0,52.8,4210.03,52.8,51.8,NA,Electric sounder measurement,Water level accuracy to nearest tenth of a foot,1,Department of Water Resources,NA,1,Department of Water Resources,40,104,24043,45N01W06A001M,45N01W06A001M,Unknown,Unknown,1-003,Butte Valley,Siskiyou,104,Irrigation,Single Well,49917,1971-10-28 00:00:00 - 2020-04-01 12:00:00,80,spring,NA,NA,24.8,59.9,2018,18010205,Below Normal,Below Normal,2017-10-01T00:00:00Z,2018-10-01T00:00:00Z,-122.004,41.7786
417786N1220041W001,2266627,2017-10-17T12:00:00Z,4262.83,4261.83,0,70.65,4192.18,70.65,69.65,NA,Electric sounder measurement,Water level accuracy to nearest tenth of a foot,1,Department of Water Resources,NA,1,Department of Water Resources,40,104,24043,45N01W06A001M,45N01W06A001M,Unknown,Unknown,1-003,Butte Valley,Siskiyou,104,Irrigation,Single Well,49917,1971-10-28 00:00:00 - 2020-04-01 12:00:00,80,fall,24.7,80.8,NA,NA,2018,18010205,Below Normal,Below Normal,2017-10-01T00:00:00Z,2018-10-01T00:00:00Z,-122.004,41.7786
417786N1220041W001,2241605,2017-03-23T12:00:00Z,4262.83,4261.83,0,58,4204.83,58,57,NA,Electric sounder measurement,Water level accuracy to nearest tenth of a foot,1,Department of Water Resources,NA,1,Department of Water Resources,40,104,24043,45N01W06A001M,45N01W06A001M,Unknown,Unknown,1-003,Butte Valley,Siskiyou,104,Irrigation,Single Well,49917,1971-10-28 00:00:00 - 2020-04-01 12:00:00,80,spring,NA,NA,24.8,59.9,2017,18010205,Wet,Wet,2016-10-01T00:00:00Z,2017-10-01T00:00:00Z,-122.004,41.7786
417786N1220041W001,2214896,2016-10-20T12:00:00Z,4262.83,4261.83,0,80.2,4182.63,80.2,79.2,NA,Electric sounder measurement,Water level accuracy to nearest tenth of a foot,1,Department of Water Resources,NA,1,Department of Water Resources,40,104,24043,45N01W06A001M,45N01W06A001M,Unknown,Unknown,1-003,Butte Valley,Siskiyou,104,Irrigation,Single Well,49917,1971-10-28 00:00:00 - 2020-04-01 12:00:00,80,fall,24.7,80.8,NA,NA,2017,18010205,Wet,Wet,2016-10-01T00:00:00Z,2017-10-01T00:00:00Z,-122.004,41.7786
417786N1220041W001,2184884,2016-03-22T12:00:00Z,4262.83,4261.83,4.1,65,4201.93,60.9,59.9,NA,Steel tape measurement,Water level accuracy to nearest tenth of a foot,1,Department of Water Resources,NA,1,Department of Water Resources,40,104,24043,45N01W06A001M,45N01W06A001M,Unknown,Unknown,1-003,Butte Valley,Siskiyou,104,Irrigation,Single Well,49917,1971-10-28 00:00:00 - 2020-04-01 12:00:00,80,spring,NA,NA,24.8,59.9,2016,18010205,Wet,Wet,2015-10-01T00:00:00Z,2016-10-01T00:00:00Z,-122.004,41.7786
417786N1220041W001,2158508,2015-10-19T00:00:00Z,4262.83,4261.83,5.6,86,4182.43,80.4,79.4,NA,Steel tape measurement,Water level accuracy to nearest tenth of a foot,1,Department of Water Resources,NA,1,Department of Water Resources,40,104,24043,45N01W06A001M,45N01W06A001M,Unknown,Unknown,1-003,Butte Valley,Siskiyou,104,Irrigation,Single Well,49917,1971-10-28 00:00:00 - 2020-04-01 12:00:00,80,fall,24.7,80.8,NA,NA,2016,18010205,Wet,Wet,2015-10-01T00:00:00Z,2016-10-01T00:00:00Z,-122.004,41.7786
417786N1220041W001,2130465,2015-03-23T00:00:00Z,4262.83,4261.83,5.5,65,4203.33,59.5,58.5,NA,Steel tape measurement,Water level accuracy to nearest tenth of a foot,1,Department of Water Resources,NA,1,Department of Water Resources,40,104,24043,45N01W06A001M,45N01W06A001M,Unknown,Unknown,1-003,Butte Valley,Siskiyou,104,Irrigation,Single Well,49917,1971-10-28 00:00:00 - 2020-04-01 12:00:00,80,spring,NA,NA,24.8,59.9,2015,18010205,Below Normal,Below Normal,2014-10-01T00:00:00Z,2015-10-01T00:00:00Z,-122.004,41.7786
417786N1220041W001,2029076,2014-10-20T00:00:00Z,4262.83,4261.83,3.2,85,4181.03,81.8,80.8,NA,Steel tape measurement,Water level accuracy to nearest tenth of a foot,1,Department of Water Resources,NA,1,Department of Water Resources,40,104,24043,45N01W06A001M,45N01W06A001M,Unknown,Unknown,1-003,Butte Valley,Siskiyou,104,Irrigation,Single Well,49917,1971-10-28 00:00:00 - 2020-04-01 12:00:00,80,fall,24.7,80.8,NA,NA,2015,18010205,Below Normal,Below Normal,2014-10-01T00:00:00Z,2015-10-01T00:00:00Z,-122.004,41.7786
417786N1220041W001,1885343,2014-03-24T00:00:00Z,4262.83,4261.83,2,60,4204.83,58,57,NA,Steel tape measurement,Water level accuracy to nearest tenth of a foot,1,Department of Water Resources,NA,1,Department of Water Resources,40,104,24043,45N01W06A001M,45N01W06A001M,Unknown,Unknown,1-003,Butte Valley,Siskiyou,104,Irrigation,Single Well,49917,1971-10-28 00:00:00 - 2020-04-01 12:00:00,80,spring,NA,NA,24.8,59.9,2014,18010205,Critical,Critical,2013-10-01T00:00:00Z,2014-10-01T00:00:00Z,-122.004,41.7786
417786N1220041W001,1797515,2013-10-21T00:00:00Z,4262.83,4261.83,1.6,80,4184.43,78.4,77.4,NA,Steel tape measurement,Water level accuracy to nearest tenth of a foot,1,Department of Water Resources,NA,1,Department of Water Resources,40,104,24043,45N01W06A001M,45N01W06A001M,Unknown,Unknown,1-003,Butte Valley,Siskiyou,104,Irrigation,Single Well,49917,1971-10-28 00:00:00 - 2020-04-01 12:00:00,80,fall,24.7,80.8,NA,NA,2014,18010205,Critical,Critical,2013-10-01T00:00:00Z,2014-10-01T00:00:00Z,-122.004,41.7786
417786N1220041W001,1685048,2013-03-25T00:00:00Z,4262.83,4261.83,5.5,60,4208.33,54.5,53.5,NA,Steel tape measurement,Water level accuracy to nearest tenth of a foot,1,Department of Water Resources,NA,1,Department of Water Resources,40,104,24043,45N01W06A001M,45N01W06A001M,Unknown,Unknown,1-003,Butte Valley,Siskiyou,104,Irrigation,Single Well,49917,1971-10-28 00:00:00 - 2020-04-01 12:00:00,80,spring,NA,NA,24.8,59.9,2013,18010205,Dry,Dry,2012-10-01T00:00:00Z,2013-10-01T00:00:00Z,-122.004,41.7786
417786N1220041W001,70264,2012-10-29T00:00:00Z,4262.83,4261.83,1.2,80,4184.03,78.8,77.8,NA,Steel tape measurement,Water level accuracy to nearest tenth of a foot,1,Department of Water Resources,NA,1,Department of Water Resources,40,104,24043,45N01W06A001M,45N01W06A001M,Unknown,Unknown,1-003,Butte Valley,Siskiyou,104,Irrigation,Single Well,49917,1971-10-28 00:00:00 - 2020-04-01 12:00:00,80,fall,24.7,80.8,NA,NA,2013,18010205,Dry,Dry,2012-10-01T00:00:00Z,2013-10-01T00:00:00Z,-122.004,41.7786
417786N1220041W001,59895,2012-04-17T00:00:00Z,4262.83,4261.83,NA,NA,NA,NA,NA,Temporarily inaccessible,NA,NA,1,Department of Water Resources,NA,1,Department of Water Resources,40,104,24043,45N01W06A001M,45N01W06A001M,Unknown,Unknown,1-003,Butte Valley,Siskiyou,104,Irrigation,Single Well,49917,1971-10-28 00:00:00 - 2020-04-01 12:00:00,80,spring,NA,NA,24.8,59.9,2012,18010205,Dry,Dry,2011-10-01T00:00:00Z,2012-10-01T00:00:00Z,-122.004,41.7786
417786N1220041W001,41172,2011-10-18T00:00:00Z,4262.83,4261.83,0,70.1,4192.73,70.1,69.1,NA,Steel tape measurement,Water level accuracy to nearest tenth of a foot,1,Department of Water Resources,NA,1,Department of Water Resources,40,104,24043,45N01W06A001M,45N01W06A001M,Unknown,Unknown,1-003,Butte Valley,Siskiyou,104,Irrigation,Single Well,49917,1971-10-28 00:00:00 - 2020-04-01 12:00:00,80,fall,24.7,80.8,NA,NA,2012,18010205,Dry,Dry,2011-10-01T00:00:00Z,2012-10-01T00:00:00Z,-122.004,41.7786
417786N1220041W001,678820,2011-10-18T00:00:00Z,4262.83,4261.83,0,70.1,4192.73,70.1,69.1,NA,Unknown,Water level accuracy is unknown,1,Department of Water Resources,NA,1,Department of Water Resources,40,104,24043,45N01W06A001M,45N01W06A001M,Unknown,Unknown,1-003,Butte Valley,Siskiyou,104,Irrigation,Single Well,49917,1971-10-28 00:00:00 - 2020-04-01 12:00:00,80,fall,24.7,80.8,NA,NA,2012,18010205,Dry,Dry,2011-10-01T00:00:00Z,2012-10-01T00:00:00Z,-122.004,41.7786
417786N1220041W001,678819,2011-04-20T00:00:00Z,4262.83,4261.83,0,50.2,4212.63,50.2,49.2,NA,Unknown,Water level accuracy is unknown,1,Department of Water Resources,NA,1,Department of Water Resources,40,104,24043,45N01W06A001M,45N01W06A001M,Unknown,Unknown,1-003,Butte Valley,Siskiyou,104,Irrigation,Single Well,49917,1971-10-28 00:00:00 - 2020-04-01 12:00:00,80,spring,NA,NA,24.8,59.9,2011,18010205,Above Normal,Above Normal,2010-10-01T00:00:00Z,2011-10-01T00:00:00Z,-122.004,41.7786
417786N1220041W001,678818,2010-10-25T00:00:00Z,4262.83,4261.83,0,77.9,4184.93,77.9,76.9,NA,Unknown,Water level accuracy is unknown,1,Department of Water Resources,NA,1,Department of Water Resources,40,104,24043,45N01W06A001M,45N01W06A001M,Unknown,Unknown,1-003,Butte Valley,Siskiyou,104,Irrigation,Single Well,49917,1971-10-28 00:00:00 - 2020-04-01 12:00:00,80,fall,24.7,80.8,NA,NA,2011,18010205,Above Normal,Above Normal,2010-10-01T00:00:00Z,2011-10-01T00:00:00Z,-122.004,41.7786
417786N1220041W001,678817,2010-03-30T00:00:00Z,4262.83,4261.83,0,53,4209.83,53,52,NA,Unknown,Water level accuracy is unknown,1,Department of Water Resources,NA,1,Department of Water Resources,40,104,24043,45N01W06A001M,45N01W06A001M,Unknown,Unknown,1-003,Butte Valley,Siskiyou,104,Irrigation,Single Well,49917,1971-10-28 00:00:00 - 2020-04-01 12:00:00,80,spring,NA,NA,24.8,59.9,2010,18010205,Dry,Dry,2009-10-01T00:00:00Z,2010-10-01T00:00:00Z,-122.004,41.7786
417786N1220041W001,678816,2009-10-27T00:00:00Z,4262.83,4261.83,0,76.2,4186.63,76.2,75.2,NA,Unknown,Water level accuracy is unknown,1,Department of Water Resources,NA,1,Department of Water Resources,40,104,24043,45N01W06A001M,45N01W06A001M,Unknown,Unknown,1-003,Butte Valley,Siskiyou,104,Irrigation,Single Well,49917,1971-10-28 00:00:00 - 2020-04-01 12:00:00,80,fall,24.7,80.8,NA,NA,2010,18010205,Dry,Dry,2009-10-01T00:00:00Z,2010-10-01T00:00:00Z,-122.004,41.7786
417786N1220041W001,678815,2009-04-08T00:00:00Z,4262.83,4261.83,0,45.5,4217.33,45.5,44.5,NA,Unknown,Water level accuracy is unknown,1,Department of Water Resources,NA,1,Department of Water Resources,40,104,24043,45N01W06A001M,45N01W06A001M,Unknown,Unknown,1-003,Butte Valley,Siskiyou,104,Irrigation,Single Well,49917,1971-10-28 00:00:00 - 2020-04-01 12:00:00,80,spring,NA,NA,24.8,59.9,2009,18010205,Dry,Dry,2008-10-01T00:00:00Z,2009-10-01T00:00:00Z,-122.004,41.7786
417786N1220041W001,678814,2008-10-30T00:00:00Z,4262.83,4261.83,0,75.9,4186.93,75.9,74.9,NA,Unknown,Water level accuracy is unknown,1,Department of Water Resources,NA,1,Department of Water Resources,40,104,24043,45N01W06A001M,45N01W06A001M,Unknown,Unknown,1-003,Butte Valley,Siskiyou,104,Irrigation,Single Well,49917,1971-10-28 00:00:00 - 2020-04-01 12:00:00,80,fall,24.7,80.8,NA,NA,2009,18010205,Dry,Dry,2008-10-01T00:00:00Z,2009-10-01T00:00:00Z,-122.004,41.7786
417786N1220041W001,678813,2008-04-04T00:00:00Z,4262.83,4261.83,0,46.6,4216.23,46.6,45.6,NA,Unknown,Water level accuracy is unknown,1,Department of Water Resources,NA,1,Department of Water Resources,40,104,24043,45N01W06A001M,45N01W06A001M,Unknown,Unknown,1-003,Butte Valley,Siskiyou,104,Irrigation,Single Well,49917,1971-10-28 00:00:00 - 2020-04-01 12:00:00,80,spring,NA,NA,24.8,59.9,2008,18010205,Dry,Dry,2007-10-01T00:00:00Z,2008-10-01T00:00:00Z,-122.004,41.7786
417786N1220041W001,678812,2007-10-25T00:00:00Z,4262.83,4261.83,0,61,4201.83,61,60,NA,Unknown,Water level accuracy is unknown,1,Department of Water Resources,NA,1,Department of Water Resources,40,104,24043,45N01W06A001M,45N01W06A001M,Unknown,Unknown,1-003,Butte Valley,Siskiyou,104,Irrigation,Single Well,49917,1971-10-28 00:00:00 - 2020-04-01 12:00:00,80,fall,24.7,80.8,NA,NA,2008,18010205,Dry,Dry,2007-10-01T00:00:00Z,2008-10-01T00:00:00Z,-122.004,41.7786
417786N1220041W001,678811,2007-03-29T00:00:00Z,4262.83,4261.83,0,45.5,4217.33,45.5,44.5,NA,Unknown,Water level accuracy is unknown,1,Department of Water Resources,NA,1,Department of Water Resources,40,104,24043,45N01W06A001M,45N01W06A001M,Unknown,Unknown,1-003,Butte Valley,Siskiyou,104,Irrigation,Single Well,49917,1971-10-28 00:00:00 - 2020-04-01 12:00:00,80,spring,NA,NA,24.8,59.9,2007,18010205,Above Normal,Above Normal,2006-10-01T00:00:00Z,2007-10-01T00:00:00Z,-122.004,41.7786
417786N1220041W001,678810,2006-10-12T00:00:00Z,4262.83,4261.83,0,57.2,4205.63,57.2,56.2,NA,Unknown,Water level accuracy is unknown,1,Department of Water Resources,NA,1,Department of Water Resources,40,104,24043,45N01W06A001M,45N01W06A001M,Unknown,Unknown,1-003,Butte Valley,Siskiyou,104,Irrigation,Single Well,49917,1971-10-28 00:00:00 - 2020-04-01 12:00:00,80,fall,24.7,80.8,NA,NA,2007,18010205,Above Normal,Above Normal,2006-10-01T00:00:00Z,2007-10-01T00:00:00Z,-122.004,41.7786
417786N1220041W001,678809,2006-04-18T00:00:00Z,4262.83,4261.83,0,48.3,4214.53,48.3,47.3,NA,Unknown,Water level accuracy is unknown,1,Department of Water Resources,NA,1,Department of Water Resources,40,104,24043,45N01W06A001M,45N01W06A001M,Unknown,Unknown,1-003,Butte Valley,Siskiyou,104,Irrigation,Single Well,49917,1971-10-28 00:00:00 - 2020-04-01 12:00:00,80,spring,NA,NA,24.8,59.9,2006,18010205,Wet,Wet,2005-10-01T00:00:00Z,2006-10-01T00:00:00Z,-122.004,41.7786
417786N1220041W001,678808,2005-10-10T00:00:00Z,4262.83,4261.83,0,72.2,4190.63,72.2,71.2,NA,Unknown,Water level accuracy is unknown,1,Department of Water Resources,NA,1,Department of Water Resources,40,104,24043,45N01W06A001M,45N01W06A001M,Unknown,Unknown,1-003,Butte Valley,Siskiyou,104,Irrigation,Single Well,49917,1971-10-28 00:00:00 - 2020-04-01 12:00:00,80,fall,24.7,80.8,NA,NA,2006,18010205,Wet,Wet,2005-10-01T00:00:00Z,2006-10-01T00:00:00Z,-122.004,41.7786
417786N1220041W001,678807,2005-04-05T00:00:00Z,4262.83,4261.83,0,50.5,4212.33,50.5,49.5,NA,Unknown,Water level accuracy is unknown,1,Department of Water Resources,NA,1,Department of Water Resources,40,104,24043,45N01W06A001M,45N01W06A001M,Unknown,Unknown,1-003,Butte Valley,Siskiyou,104,Irrigation,Single Well,49917,1971-10-28 00:00:00 - 2020-04-01 12:00:00,80,spring,NA,NA,24.8,59.9,2005,18010205,Above Normal,Above Normal,2004-10-01T00:00:00Z,2005-10-01T00:00:00Z,-122.004,41.7786
417786N1220041W001,678806,2004-11-02T00:00:00Z,4262.83,4261.83,0,63.4,4199.43,63.4,62.4,NA,Unknown,Water level accuracy is unknown,1,Department of Water Resources,NA,1,Department of Water Resources,40,104,24043,45N01W06A001M,45N01W06A001M,Unknown,Unknown,1-003,Butte Valley,Siskiyou,104,Irrigation,Single Well,49917,1971-10-28 00:00:00 - 2020-04-01 12:00:00,80,fall,24.7,80.8,NA,NA,2005,18010205,Above Normal,Above Normal,2004-10-01T00:00:00Z,2005-10-01T00:00:00Z,-122.004,41.7786
417786N1220041W001,678805,2004-03-30T00:00:00Z,4262.83,4261.83,0,45.3,4217.53,45.3,44.3,NA,Unknown,Water level accuracy is unknown,1,Department of Water Resources,NA,1,Department of Water Resources,40,104,24043,45N01W06A001M,45N01W06A001M,Unknown,Unknown,1-003,Butte Valley,Siskiyou,104,Irrigation,Single Well,49917,1971-10-28 00:00:00 - 2020-04-01 12:00:00,80,spring,NA,NA,24.8,59.9,2004,18010205,Below Normal,Below Normal,2003-10-01T00:00:00Z,2004-10-01T00:00:00Z,-122.004,41.7786
417786N1220041W001,678804,2003-10-20T00:00:00Z,4262.83,4261.83,0,61.6,4201.23,61.6,60.6,NA,Unknown,Water level accuracy is unknown,1,Department of Water Resources,NA,1,Department of Water Resources,40,104,24043,45N01W06A001M,45N01W06A001M,Unknown,Unknown,1-003,Butte Valley,Siskiyou,104,Irrigation,Single Well,49917,1971-10-28 00:00:00 - 2020-04-01 12:00:00,80,fall,24.7,80.8,NA,NA,2004,18010205,Below Normal,Below Normal,2003-10-01T00:00:00Z,2004-10-01T00:00:00Z,-122.004,41.7786
417786N1220041W001,678803,2003-04-01T00:00:00Z,4262.83,4261.83,0,50.4,4212.43,50.4,49.4,NA,Unknown,Water level accuracy is unknown,1,Department of Water Resources,NA,1,Department of Water Resources,40,104,24043,45N01W06A001M,45N01W06A001M,Unknown,Unknown,1-003,Butte Valley,Siskiyou,104,Irrigation,Single Well,49917,1971-10-28 00:00:00 - 2020-04-01 12:00:00,80,spring,NA,NA,24.8,59.9,2003,18010205,Below Normal,Below Normal,2002-10-01T00:00:00Z,2003-10-01T00:00:00Z,-122.004,41.7786
417786N1220041W001,678802,2002-10-11T00:00:00Z,4262.83,4261.83,0,68.9,4193.93,68.9,67.9,NA,Unknown,Water level accuracy is unknown,1,Department of Water Resources,NA,1,Department of Water Resources,40,104,24043,45N01W06A001M,45N01W06A001M,Unknown,Unknown,1-003,Butte Valley,Siskiyou,104,Irrigation,Single Well,49917,1971-10-28 00:00:00 - 2020-04-01 12:00:00,80,fall,24.7,80.8,NA,NA,2003,18010205,Below Normal,Below Normal,2002-10-01T00:00:00Z,2003-10-01T00:00:00Z,-122.004,41.7786
417786N1220041W001,678801,2002-03-26T00:00:00Z,4262.83,4261.83,0,43.3,4219.53,43.3,42.3,NA,Unknown,Water level accuracy is unknown,1,Department of Water Resources,NA,1,Department of Water Resources,40,104,24043,45N01W06A001M,45N01W06A001M,Unknown,Unknown,1-003,Butte Valley,Siskiyou,104,Irrigation,Single Well,49917,1971-10-28 00:00:00 - 2020-04-01 12:00:00,80,spring,NA,NA,24.8,59.9,2002,18010205,Dry,Dry,2001-10-01T00:00:00Z,2002-10-01T00:00:00Z,-122.004,41.7786
417786N1220041W001,678800,2001-10-24T00:00:00Z,4262.83,4261.83,0,62.1,4200.73,62.1,61.1,NA,Unknown,Water level accuracy is unknown,1,Department of Water Resources,NA,1,Department of Water Resources,40,104,24043,45N01W06A001M,45N01W06A001M,Unknown,Unknown,1-003,Butte Valley,Siskiyou,104,Irrigation,Single Well,49917,1971-10-28 00:00:00 - 2020-04-01 12:00:00,80,fall,24.7,80.8,NA,NA,2002,18010205,Dry,Dry,2001-10-01T00:00:00Z,2002-10-01T00:00:00Z,-122.004,41.7786
417786N1220041W001,678799,2001-04-03T00:00:00Z,4262.83,4261.83,0,44,4218.83,44,43,NA,Unknown,Water level accuracy is unknown,1,Department of Water Resources,NA,1,Department of Water Resources,40,104,24043,45N01W06A001M,45N01W06A001M,Unknown,Unknown,1-003,Butte Valley,Siskiyou,104,Irrigation,Single Well,49917,1971-10-28 00:00:00 - 2020-04-01 12:00:00,80,spring,NA,NA,24.8,59.9,2001,18010205,Critical,Critical,2000-10-01T00:00:00Z,2001-10-01T00:00:00Z,-122.004,41.7786
417786N1220041W001,678798,2000-10-10T00:00:00Z,4262.83,4261.83,0,53.6,4209.23,53.6,52.6,NA,Unknown,Water level accuracy is unknown,1,Department of Water Resources,NA,1,Department of Water Resources,40,104,24043,45N01W06A001M,45N01W06A001M,Unknown,Unknown,1-003,Butte Valley,Siskiyou,104,Irrigation,Single Well,49917,1971-10-28 00:00:00 - 2020-04-01 12:00:00,80,fall,24.7,80.8,NA,NA,2001,18010205,Critical,Critical,2000-10-01T00:00:00Z,2001-10-01T00:00:00Z,-122.004,41.7786
417786N1220041W001,678797,2000-03-22T00:00:00Z,4262.83,4261.83,0,38.3,4224.53,38.3,37.3,NA,Unknown,Water level accuracy is unknown,1,Department of Water Resources,NA,1,Department of Water Resources,40,104,24043,45N01W06A001M,45N01W06A001M,Unknown,Unknown,1-003,Butte Valley,Siskiyou,104,Irrigation,Single Well,49917,1971-10-28 00:00:00 - 2020-04-01 12:00:00,80,spring,NA,NA,24.8,59.9,2000,18010205,Above Normal,Above Normal,1999-10-01T00:00:00Z,2000-10-01T00:00:00Z,-122.004,41.7786
417786N1220041W001,678795,1999-10-26T00:00:00Z,4262.83,4261.83,0,47.6,4215.23,47.6,46.6,NA,Unknown,Water level accuracy is unknown,1,Department of Water Resources,NA,1,Department of Water Resources,40,104,24043,45N01W06A001M,45N01W06A001M,Unknown,Unknown,1-003,Butte Valley,Siskiyou,104,Irrigation,Single Well,49917,1971-10-28 00:00:00 - 2020-04-01 12:00:00,80,fall,24.7,80.8,NA,NA,2000,18010205,Above Normal,Above Normal,1999-10-01T00:00:00Z,2000-10-01T00:00:00Z,-122.004,41.7786
417786N1220041W001,678796,1999-03-16T00:00:00Z,4262.83,4261.83,0,38.4,4224.43,38.4,37.4,NA,Unknown,Water level accuracy is unknown,1,Department of Water Resources,NA,1,Department of Water Resources,40,104,24043,45N01W06A001M,45N01W06A001M,Unknown,Unknown,1-003,Butte Valley,Siskiyou,104,Irrigation,Single Well,49917,1971-10-28 00:00:00 - 2020-04-01 12:00:00,80,spring,NA,NA,24.8,59.9,1999,18010205,Wet,Wet,1998-10-01T00:00:00Z,1999-10-01T00:00:00Z,-122.004,41.7786
417786N1220041W001,678794,1998-10-27T00:00:00Z,4262.83,4261.83,0,52.7,4210.13,52.7,51.7,NA,Unknown,Water level accuracy is unknown,1,Department of Water Resources,NA,1,Department of Water Resources,40,104,24043,45N01W06A001M,45N01W06A001M,Unknown,Unknown,1-003,Butte Valley,Siskiyou,104,Irrigation,Single Well,49917,1971-10-28 00:00:00 - 2020-04-01 12:00:00,80,fall,24.7,80.8,NA,NA,1999,18010205,Wet,Wet,1998-10-01T00:00:00Z,1999-10-01T00:00:00Z,-122.004,41.7786
417786N1220041W001,678793,1998-03-30T00:00:00Z,4262.83,4261.83,0,41,4221.83,41,40,NA,Unknown,Water level accuracy is unknown,1,Department of Water Resources,NA,1,Department of Water Resources,40,104,24043,45N01W06A001M,45N01W06A001M,Unknown,Unknown,1-003,Butte Valley,Siskiyou,104,Irrigation,Single Well,49917,1971-10-28 00:00:00 - 2020-04-01 12:00:00,80,spring,NA,NA,24.8,59.9,1998,18010205,Wet,Wet,1997-10-01T00:00:00Z,1998-10-01T00:00:00Z,-122.004,41.7786
417786N1220041W001,678792,1997-10-22T00:00:00Z,4262.83,4261.83,0,57.1,4205.73,57.1,56.1,NA,Unknown,Water level accuracy is unknown,1,Department of Water Resources,NA,1,Department of Water Resources,40,104,24043,45N01W06A001M,45N01W06A001M,Unknown,Unknown,1-003,Butte Valley,Siskiyou,104,Irrigation,Single Well,49917,1971-10-28 00:00:00 - 2020-04-01 12:00:00,80,fall,24.7,80.8,NA,NA,1998,18010205,Wet,Wet,1997-10-01T00:00:00Z,1998-10-01T00:00:00Z,-122.004,41.7786
417786N1220041W001,678791,1997-03-11T00:00:00Z,4262.83,4261.83,0,41.7,4221.13,41.7,40.7,NA,Unknown,Water level accuracy is unknown,1,Department of Water Resources,NA,1,Department of Water Resources,40,104,24043,45N01W06A001M,45N01W06A001M,Unknown,Unknown,1-003,Butte Valley,Siskiyou,104,Irrigation,Single Well,49917,1971-10-28 00:00:00 - 2020-04-01 12:00:00,80,spring,NA,NA,24.8,59.9,1997,18010205,Wet,Wet,1996-10-01T00:00:00Z,1997-10-01T00:00:00Z,-122.004,41.7786
417786N1220041W001,678790,1996-10-22T00:00:00Z,4262.83,4261.83,0,57.6,4205.23,57.6,56.6,NA,Unknown,Water level accuracy is unknown,1,Department of Water Resources,NA,1,Department of Water Resources,40,104,24043,45N01W06A001M,45N01W06A001M,Unknown,Unknown,1-003,Butte Valley,Siskiyou,104,Irrigation,Single Well,49917,1971-10-28 00:00:00 - 2020-04-01 12:00:00,80,fall,24.7,80.8,NA,NA,1997,18010205,Wet,Wet,1996-10-01T00:00:00Z,1997-10-01T00:00:00Z,-122.004,41.7786
417786N1220041W001,678789,1996-03-26T00:00:00Z,4262.83,4261.83,0,47.6,4215.23,47.6,46.6,NA,Unknown,Water level accuracy is unknown,1,Department of Water Resources,NA,1,Department of Water Resources,40,104,24043,45N01W06A001M,45N01W06A001M,Unknown,Unknown,1-003,Butte Valley,Siskiyou,104,Irrigation,Single Well,49917,1971-10-28 00:00:00 - 2020-04-01 12:00:00,80,spring,NA,NA,24.8,59.9,1996,18010205,Wet,Wet,1995-10-01T00:00:00Z,1996-10-01T00:00:00Z,-122.004,41.7786
417786N1220041W001,678788,1995-10-17T00:00:00Z,4262.83,4261.83,0,58.7,4204.13,58.7,57.7,NA,Unknown,Water level accuracy is unknown,1,Department of Water Resources,NA,1,Department of Water Resources,40,104,24043,45N01W06A001M,45N01W06A001M,Unknown,Unknown,1-003,Butte Valley,Siskiyou,104,Irrigation,Single Well,49917,1971-10-28 00:00:00 - 2020-04-01 12:00:00,80,fall,24.7,80.8,NA,NA,1996,18010205,Wet,Wet,1995-10-01T00:00:00Z,1996-10-01T00:00:00Z,-122.004,41.7786
417786N1220041W001,678787,1995-03-27T00:00:00Z,4262.83,4261.83,0,57.8,4205.03,57.8,56.8,NA,Unknown,Water level accuracy is unknown,1,Department of Water Resources,NA,1,Department of Water Resources,40,104,24043,45N01W06A001M,45N01W06A001M,Unknown,Unknown,1-003,Butte Valley,Siskiyou,104,Irrigation,Single Well,49917,1971-10-28 00:00:00 - 2020-04-01 12:00:00,80,spring,NA,NA,24.8,59.9,1995,18010205,Wet,Wet,1994-10-01T00:00:00Z,1995-10-01T00:00:00Z,-122.004,41.7786
417786N1220041W001,678786,1994-10-26T00:00:00Z,4262.83,4261.83,0,78.8,4184.03,78.8,77.8,NA,Unknown,Water level accuracy is unknown,1,Department of Water Resources,NA,1,Department of Water Resources,40,104,24043,45N01W06A001M,45N01W06A001M,Unknown,Unknown,1-003,Butte Valley,Siskiyou,104,Irrigation,Single Well,49917,1971-10-28 00:00:00 - 2020-04-01 12:00:00,80,fall,24.7,80.8,NA,NA,1995,18010205,Wet,Wet,1994-10-01T00:00:00Z,1995-10-01T00:00:00Z,-122.004,41.7786
417786N1220041W001,678785,1994-03-29T00:00:00Z,4262.83,4261.83,0,47,4215.83,47,46,NA,Unknown,Water level accuracy is unknown,1,Department of Water Resources,NA,1,Department of Water Resources,40,104,24043,45N01W06A001M,45N01W06A001M,Unknown,Unknown,1-003,Butte Valley,Siskiyou,104,Irrigation,Single Well,49917,1971-10-28 00:00:00 - 2020-04-01 12:00:00,80,spring,NA,NA,24.8,59.9,1994,18010205,Dry,Dry,1993-10-01T00:00:00Z,1994-10-01T00:00:00Z,-122.004,41.7786
417786N1220041W001,678784,1993-10-14T00:00:00Z,4262.83,4261.83,0,71.4,4191.43,71.4,70.4,NA,Unknown,Water level accuracy is unknown,1,Department of Water Resources,NA,1,Department of Water Resources,40,104,24043,45N01W06A001M,45N01W06A001M,Unknown,Unknown,1-003,Butte Valley,Siskiyou,104,Irrigation,Single Well,49917,1971-10-28 00:00:00 - 2020-04-01 12:00:00,80,fall,24.7,80.8,NA,NA,1994,18010205,Dry,Dry,1993-10-01T00:00:00Z,1994-10-01T00:00:00Z,-122.004,41.7786
417786N1220041W001,678783,1993-03-16T00:00:00Z,4262.83,4261.83,0,53,4209.83,53,52,NA,Unknown,Water level accuracy is unknown,1,Department of Water Resources,NA,1,Department of Water Resources,40,104,24043,45N01W06A001M,45N01W06A001M,Unknown,Unknown,1-003,Butte Valley,Siskiyou,104,Irrigation,Single Well,49917,1971-10-28 00:00:00 - 2020-04-01 12:00:00,80,spring,NA,NA,24.8,59.9,1993,18010205,Wet,Wet,1992-10-01T00:00:00Z,1993-10-01T00:00:00Z,-122.004,41.7786
417786N1220041W001,678782,1992-10-19T00:00:00Z,4262.83,4261.83,0,77.4,4185.43,77.4,76.4,NA,Unknown,Water level accuracy is unknown,1,Department of Water Resources,NA,1,Department of Water Resources,40,104,24043,45N01W06A001M,45N01W06A001M,Unknown,Unknown,1-003,Butte Valley,Siskiyou,104,Irrigation,Single Well,49917,1971-10-28 00:00:00 - 2020-04-01 12:00:00,80,fall,24.7,80.8,NA,NA,1993,18010205,Wet,Wet,1992-10-01T00:00:00Z,1993-10-01T00:00:00Z,-122.004,41.7786
417786N1220041W001,678781,1992-03-02T00:00:00Z,4262.83,4261.83,0,49.7,4213.13,49.7,48.7,NA,Unknown,Water level accuracy is unknown,1,Department of Water Resources,NA,1,Department of Water Resources,40,104,24043,45N01W06A001M,45N01W06A001M,Unknown,Unknown,1-003,Butte Valley,Siskiyou,104,Irrigation,Single Well,49917,1971-10-28 00:00:00 - 2020-04-01 12:00:00,80,spring,NA,NA,24.8,59.9,1992,18010205,Critical,Critical,1991-10-01T00:00:00Z,1992-10-01T00:00:00Z,-122.004,41.7786
417786N1220041W001,678780,1991-09-30T00:00:00Z,4262.83,4261.83,0,80.3,4182.53,80.3,79.3,NA,Unknown,Water level accuracy is unknown,1,Department of Water Resources,NA,1,Department of Water Resources,40,104,24043,45N01W06A001M,45N01W06A001M,Unknown,Unknown,1-003,Butte Valley,Siskiyou,104,Irrigation,Single Well,49917,1971-10-28 00:00:00 - 2020-04-01 12:00:00,80,fall,24.7,80.8,NA,NA,1991,18010205,Critical,Critical,1990-10-01T00:00:00Z,1991-10-01T00:00:00Z,-122.004,41.7786
417786N1220041W001,678779,1991-03-20T00:00:00Z,4262.83,4261.83,0,44.2,4218.63,44.2,43.2,NA,Unknown,Water level accuracy is unknown,1,Department of Water Resources,NA,1,Department of Water Resources,40,104,24043,45N01W06A001M,45N01W06A001M,Unknown,Unknown,1-003,Butte Valley,Siskiyou,104,Irrigation,Single Well,49917,1971-10-28 00:00:00 - 2020-04-01 12:00:00,80,spring,NA,NA,24.8,59.9,1991,18010205,Critical,Critical,1990-10-01T00:00:00Z,1991-10-01T00:00:00Z,-122.004,41.7786
417786N1220041W001,678778,1990-10-01T00:00:00Z,4262.83,4261.83,0,71.8,4191.03,71.8,70.8,NA,Unknown,Water level accuracy is unknown,1,Department of Water Resources,NA,1,Department of Water Resources,40,104,24043,45N01W06A001M,45N01W06A001M,Unknown,Unknown,1-003,Butte Valley,Siskiyou,104,Irrigation,Single Well,49917,1971-10-28 00:00:00 - 2020-04-01 12:00:00,80,fall,24.7,80.8,NA,NA,1991,18010205,Critical,Critical,1990-10-01T00:00:00Z,1991-10-01T00:00:00Z,-122.004,41.7786
417786N1220041W001,678777,1990-03-20T00:00:00Z,4262.83,4261.83,0,41.3,4221.53,41.3,40.3,NA,Unknown,Water level accuracy is unknown,1,Department of Water Resources,NA,1,Department of Water Resources,40,104,24043,45N01W06A001M,45N01W06A001M,Unknown,Unknown,1-003,Butte Valley,Siskiyou,104,Irrigation,Single Well,49917,1971-10-28 00:00:00 - 2020-04-01 12:00:00,80,spring,NA,NA,24.8,59.9,1990,18010205,Below Normal,Below Normal,1989-10-01T00:00:00Z,1990-10-01T00:00:00Z,-122.004,41.7786
417786N1220041W001,678776,1989-10-04T00:00:00Z,4262.83,4261.83,0,54.2,4208.63,54.2,53.2,NA,Unknown,Water level accuracy is unknown,1,Department of Water Resources,NA,1,Department of Water Resources,40,104,24043,45N01W06A001M,45N01W06A001M,Unknown,Unknown,1-003,Butte Valley,Siskiyou,104,Irrigation,Single Well,49917,1971-10-28 00:00:00 - 2020-04-01 12:00:00,80,fall,24.7,80.8,NA,NA,1990,18010205,Below Normal,Below Normal,1989-10-01T00:00:00Z,1990-10-01T00:00:00Z,-122.004,41.7786
417786N1220041W001,678775,1978-03-01T00:00:00Z,4262.83,4261.83,0,33,4229.83,33,32,NA,Unknown,Water level accuracy is unknown,1,Department of Water Resources,NA,1,Department of Water Resources,40,104,24043,45N01W06A001M,45N01W06A001M,Unknown,Unknown,1-003,Butte Valley,Siskiyou,104,Irrigation,Single Well,49917,1971-10-28 00:00:00 - 2020-04-01 12:00:00,80,spring,NA,NA,24.8,59.9,1978,18010205,Above Normal,Above Normal,1977-10-01T00:00:00Z,1978-10-01T00:00:00Z,-122.004,41.7786
417786N1220041W001,678774,1977-10-20T00:00:00Z,4262.83,4261.83,0,48.8,4214.03,48.8,47.8,NA,Unknown,Water level accuracy is unknown,1,Department of Water Resources,NA,1,Department of Water Resources,40,104,24043,45N01W06A001M,45N01W06A001M,Unknown,Unknown,1-003,Butte Valley,Siskiyou,104,Irrigation,Single Well,49917,1971-10-28 00:00:00 - 2020-04-01 12:00:00,80,fall,24.7,80.8,NA,NA,1978,18010205,Above Normal,Above Normal,1977-10-01T00:00:00Z,1978-10-01T00:00:00Z,-122.004,41.7786
417786N1220041W001,678773,1977-03-29T00:00:00Z,4262.83,4261.83,0,32,4230.83,32,31,NA,Unknown,Water level accuracy is unknown,1,Department of Water Resources,NA,1,Department of Water Resources,40,104,24043,45N01W06A001M,45N01W06A001M,Unknown,Unknown,1-003,Butte Valley,Siskiyou,104,Irrigation,Single Well,49917,1971-10-28 00:00:00 - 2020-04-01 12:00:00,80,spring,NA,NA,24.8,59.9,1977,18010205,Critical,Critical,1976-10-01T00:00:00Z,1977-10-01T00:00:00Z,-122.004,41.7786
417786N1220041W001,678772,1976-11-01T00:00:00Z,4262.83,4261.83,0,34,4228.83,34,33,NA,Unknown,Water level accuracy is unknown,1,Department of Water Resources,NA,1,Department of Water Resources,40,104,24043,45N01W06A001M,45N01W06A001M,Unknown,Unknown,1-003,Butte Valley,Siskiyou,104,Irrigation,Single Well,49917,1971-10-28 00:00:00 - 2020-04-01 12:00:00,80,fall,24.7,80.8,NA,NA,1977,18010205,Critical,Critical,1976-10-01T00:00:00Z,1977-10-01T00:00:00Z,-122.004,41.7786
417786N1220041W001,678771,1976-03-18T00:00:00Z,4262.83,4261.83,0,27.2,4235.63,27.2,26.2,NA,Unknown,Water level accuracy is unknown,1,Department of Water Resources,NA,1,Department of Water Resources,40,104,24043,45N01W06A001M,45N01W06A001M,Unknown,Unknown,1-003,Butte Valley,Siskiyou,104,Irrigation,Single Well,49917,1971-10-28 00:00:00 - 2020-04-01 12:00:00,80,spring,NA,NA,24.8,59.9,1976,18010205,Dry,Dry,1975-10-01T00:00:00Z,1976-10-01T00:00:00Z,-122.004,41.7786
417786N1220041W001,678770,1975-11-05T00:00:00Z,4262.83,4261.83,0,30,4232.83,30,29,NA,Unknown,Water level accuracy is unknown,1,Department of Water Resources,NA,1,Department of Water Resources,40,104,24043,45N01W06A001M,45N01W06A001M,Unknown,Unknown,1-003,Butte Valley,Siskiyou,104,Irrigation,Single Well,49917,1971-10-28 00:00:00 - 2020-04-01 12:00:00,80,fall,24.7,80.8,NA,NA,1976,18010205,Dry,Dry,1975-10-01T00:00:00Z,1976-10-01T00:00:00Z,-122.004,41.7786
417786N1220041W001,678769,1975-04-17T00:00:00Z,4262.83,4261.83,0,25.8,4237.03,25.8,24.8,NA,Unknown,Water level accuracy is unknown,1,Department of Water Resources,NA,1,Department of Water Resources,40,104,24043,45N01W06A001M,45N01W06A001M,Unknown,Unknown,1-003,Butte Valley,Siskiyou,104,Irrigation,Single Well,49917,1971-10-28 00:00:00 - 2020-04-01 12:00:00,80,spring,NA,NA,24.8,59.9,1975,18010205,Above Normal,Above Normal,1974-10-01T00:00:00Z,1975-10-01T00:00:00Z,-122.004,41.7786
417786N1220041W001,678768,1974-11-06T00:00:00Z,4262.83,4261.83,0,28.5,4234.33,28.5,27.5,NA,Unknown,Water level accuracy is unknown,1,Department of Water Resources,NA,1,Department of Water Resources,40,104,24043,45N01W06A001M,45N01W06A001M,Unknown,Unknown,1-003,Butte Valley,Siskiyou,104,Irrigation,Single Well,49917,1971-10-28 00:00:00 - 2020-04-01 12:00:00,80,fall,24.7,80.8,NA,NA,1975,18010205,Above Normal,Above Normal,1974-10-01T00:00:00Z,1975-10-01T00:00:00Z,-122.004,41.7786
417786N1220041W001,678767,1974-04-11T00:00:00Z,4262.83,4261.83,0,27.8,4235.03,27.8,26.8,NA,Unknown,Water level accuracy is unknown,1,Department of Water Resources,NA,1,Department of Water Resources,40,104,24043,45N01W06A001M,45N01W06A001M,Unknown,Unknown,1-003,Butte Valley,Siskiyou,104,Irrigation,Single Well,49917,1971-10-28 00:00:00 - 2020-04-01 12:00:00,80,spring,NA,NA,24.8,59.9,1974,18010205,Wet,Wet,1973-10-01T00:00:00Z,1974-10-01T00:00:00Z,-122.004,41.7786
417786N1220041W001,678766,1973-11-19T00:00:00Z,4262.83,4261.83,0,34.6,4228.23,34.6,33.6,NA,Unknown,Water level accuracy is unknown,1,Department of Water Resources,NA,1,Department of Water Resources,40,104,24043,45N01W06A001M,45N01W06A001M,Unknown,Unknown,1-003,Butte Valley,Siskiyou,104,Irrigation,Single Well,49917,1971-10-28 00:00:00 - 2020-04-01 12:00:00,80,fall,24.7,80.8,NA,NA,1974,18010205,Wet,Wet,1973-10-01T00:00:00Z,1974-10-01T00:00:00Z,-122.004,41.7786
417786N1220041W001,678765,1973-10-10T00:00:00Z,4262.83,4261.83,0,41.8,4221.03,41.8,40.8,NA,Unknown,Water level accuracy is unknown,1,Department of Water Resources,NA,1,Department of Water Resources,40,104,24043,45N01W06A001M,45N01W06A001M,Unknown,Unknown,1-003,Butte Valley,Siskiyou,104,Irrigation,Single Well,49917,1971-10-28 00:00:00 - 2020-04-01 12:00:00,80,fall,24.7,80.8,NA,NA,1974,18010205,Wet,Wet,1973-10-01T00:00:00Z,1974-10-01T00:00:00Z,-122.004,41.7786
417786N1220041W001,678764,1973-04-19T00:00:00Z,4262.83,4261.83,0,30.6,4232.23,30.6,29.6,NA,Unknown,Water level accuracy is unknown,1,Department of Water Resources,NA,1,Department of Water Resources,40,104,24043,45N01W06A001M,45N01W06A001M,Unknown,Unknown,1-003,Butte Valley,Siskiyou,104,Irrigation,Single Well,49917,1971-10-28 00:00:00 - 2020-04-01 12:00:00,80,spring,NA,NA,24.8,59.9,1973,18010205,Critical,Critical,1972-10-01T00:00:00Z,1973-10-01T00:00:00Z,-122.004,41.7786
417786N1220041W001,678763,1972-10-04T00:00:00Z,4262.83,4261.83,0,34.8,4228.03,34.8,33.8,NA,Unknown,Water level accuracy is unknown,1,Department of Water Resources,NA,1,Department of Water Resources,40,104,24043,45N01W06A001M,45N01W06A001M,Unknown,Unknown,1-003,Butte Valley,Siskiyou,104,Irrigation,Single Well,49917,1971-10-28 00:00:00 - 2020-04-01 12:00:00,80,fall,24.7,80.8,NA,NA,1973,18010205,Critical,Critical,1972-10-01T00:00:00Z,1973-10-01T00:00:00Z,-122.004,41.7786
417786N1220041W001,678762,1972-04-27T00:00:00Z,4262.83,4261.83,0,27.5,4235.33,27.5,26.5,NA,Unknown,Water level accuracy is unknown,1,Department of Water Resources,NA,1,Department of Water Resources,40,104,24043,45N01W06A001M,45N01W06A001M,Unknown,Unknown,1-003,Butte Valley,Siskiyou,104,Irrigation,Single Well,49917,1971-10-28 00:00:00 - 2020-04-01 12:00:00,80,spring,NA,NA,24.8,59.9,1972,18010205,Above Normal,Above Normal,1971-10-01T00:00:00Z,1972-10-01T00:00:00Z,-122.004,41.7786
417786N1220041W001,678761,1972-03-21T00:00:00Z,4262.83,4261.83,0,27.8,4235.03,27.8,26.8,NA,Unknown,Water level accuracy is unknown,1,Department of Water Resources,NA,1,Department of Water Resources,40,104,24043,45N01W06A001M,45N01W06A001M,Unknown,Unknown,1-003,Butte Valley,Siskiyou,104,Irrigation,Single Well,49917,1971-10-28 00:00:00 - 2020-04-01 12:00:00,80,spring,NA,NA,24.8,59.9,1972,18010205,Above Normal,Above Normal,1971-10-01T00:00:00Z,1972-10-01T00:00:00Z,-122.004,41.7786
417786N1220041W001,678760,1972-02-18T00:00:00Z,4262.83,4261.83,0,28.8,4234.03,28.8,27.8,NA,Unknown,Water level accuracy is unknown,1,Department of Water Resources,NA,1,Department of Water Resources,40,104,24043,45N01W06A001M,45N01W06A001M,Unknown,Unknown,1-003,Butte Valley,Siskiyou,104,Irrigation,Single Well,49917,1971-10-28 00:00:00 - 2020-04-01 12:00:00,80,other,NA,NA,NA,NA,1972,18010205,Above Normal,Above Normal,1971-10-01T00:00:00Z,1972-10-01T00:00:00Z,-122.004,41.7786
417786N1220041W001,678759,1971-12-16T00:00:00Z,4262.83,4261.83,0,29.6,4233.23,29.6,28.6,NA,Unknown,Water level accuracy is unknown,1,Department of Water Resources,NA,1,Department of Water Resources,40,104,24043,45N01W06A001M,45N01W06A001M,Unknown,Unknown,1-003,Butte Valley,Siskiyou,104,Irrigation,Single Well,49917,1971-10-28 00:00:00 - 2020-04-01 12:00:00,80,other,NA,NA,NA,NA,1972,18010205,Above Normal,Above Normal,1971-10-01T00:00:00Z,1972-10-01T00:00:00Z,-122.004,41.7786
417786N1220041W001,678758,1971-10-28T00:00:00Z,4262.83,4261.83,0,25.7,4237.13,25.7,24.7,NA,Unknown,Water level accuracy is unknown,1,Department of Water Resources,NA,1,Department of Water Resources,40,104,24043,45N01W06A001M,45N01W06A001M,Unknown,Unknown,1-003,Butte Valley,Siskiyou,104,Irrigation,Single Well,49917,1971-10-28 00:00:00 - 2020-04-01 12:00:00,80,fall,24.7,80.8,NA,NA,1972,18010205,Above Normal,Above Normal,1971-10-01T00:00:00Z,1972-10-01T00:00:00Z,-122.004,41.7786
