SITE_CODE,WLM_ID,MSMT_DATE,WLM_RPE,WLM_GSE,RDNG_WS,RDNG_RP,WSE,RPE_WSE,GSE_WSE,WLM_QA_DESC,WLM_DESC,WLM_ACC_DESC,WLM_ORG_ID,WLM_ORG_NAME,MSMT_CMT,COOP_AGENCY_ORG_ID,COOP_ORG_NAME,TOP_PRF,BOT_PRF,STN_ID,SWN,WELL_NAME,WLM_METHOD,WLM_ACC,BASIN_CODE,BASIN_NAME,COUNTY_NAME,WELL_DEPTH,WELL_USE,WELL_TYPE,WCR_NO,t_range,n_samples,season,fall_high,fall_low,spring_high,spring_low,water_year,HUC8,WYT,water_year_type,water_year_start,water_year_end,X,Y
417944N1220350W001,2619115,2020-04-01T12:00:00Z,4259.83,4259.83,26.1,76,4209.93,49.9,49.9,Oil or foreign substance in casing,Steel tape measurement,Water level accuracy to nearest tenth of a foot,1,Department of Water Resources,NA,1,Department of Water Resources,NA,NA,24082,46N02W25R002M,46N02W25R002M,Unknown,Unknown,1-003,Butte Valley,Siskiyou,116,Irrigation,Single Well,72,1952-11-06 00:00:00 - 2020-04-01 12:00:00,188,spring,NA,NA,22.1,59.2,2020,NA,NA,NA,2019-10-01T00:00:00Z,2020-10-01T00:00:00Z,-122.035,41.7943
417944N1220350W001,2453069,2019-04-03T12:00:00Z,4259.83,4259.83,7.7,60,4207.53,52.3,52.3,NA,Steel tape measurement,Water level accuracy to nearest tenth of a foot,1,Department of Water Resources,NA,1,Department of Water Resources,NA,NA,24082,46N02W25R002M,46N02W25R002M,Unknown,Unknown,1-003,Butte Valley,Siskiyou,116,Irrigation,Single Well,72,1952-11-06 00:00:00 - 2020-04-01 12:00:00,188,spring,NA,NA,22.1,59.2,2019,NA,NA,NA,2018-10-01T00:00:00Z,2019-10-01T00:00:00Z,-122.035,41.7943
417944N1220350W001,2413560,2018-10-30T12:00:00Z,4259.83,4259.83,30.2,80,4210.03,49.8,49.8,NA,Steel tape measurement,Water level accuracy to nearest tenth of a foot,1,Department of Water Resources,NA,1,Department of Water Resources,NA,NA,24082,46N02W25R002M,46N02W25R002M,Unknown,Unknown,1-003,Butte Valley,Siskiyou,116,Irrigation,Single Well,72,1952-11-06 00:00:00 - 2020-04-01 12:00:00,188,fall,22.5,76.1,NA,NA,2019,NA,NA,NA,2018-10-01T00:00:00Z,2019-10-01T00:00:00Z,-122.035,41.7943
417944N1220350W001,2286509,2018-03-29T12:00:00Z,4259.83,4259.83,NA,NA,NA,NA,NA,Tape hung up,NA,NA,1,Department of Water Resources,Blocked downhole with sediment at 58',1,Department of Water Resources,NA,NA,24082,46N02W25R002M,46N02W25R002M,Unknown,Unknown,1-003,Butte Valley,Siskiyou,116,Irrigation,Single Well,72,1952-11-06 00:00:00 - 2020-04-01 12:00:00,188,spring,NA,NA,22.1,59.2,2018,18010205,Below Normal,Below Normal,2017-10-01T00:00:00Z,2018-10-01T00:00:00Z,-122.035,41.7943
417944N1220350W001,2266636,2017-10-17T12:00:00Z,4259.83,4259.83,NA,NA,NA,NA,NA,Tape hung up,NA,NA,1,Department of Water Resources,Tape blocked by sediment,1,Department of Water Resources,NA,NA,24082,46N02W25R002M,46N02W25R002M,Unknown,Unknown,1-003,Butte Valley,Siskiyou,116,Irrigation,Single Well,72,1952-11-06 00:00:00 - 2020-04-01 12:00:00,188,fall,22.5,76.1,NA,NA,2018,18010205,Below Normal,Below Normal,2017-10-01T00:00:00Z,2018-10-01T00:00:00Z,-122.035,41.7943
417944N1220350W001,2241614,2017-03-23T12:00:00Z,4259.83,4259.83,0.8,60,4200.63,59.2,59.2,NA,Steel tape measurement,Water level accuracy to nearest tenth of a foot,1,Department of Water Resources,NA,1,Department of Water Resources,NA,NA,24082,46N02W25R002M,46N02W25R002M,Unknown,Unknown,1-003,Butte Valley,Siskiyou,116,Irrigation,Single Well,72,1952-11-06 00:00:00 - 2020-04-01 12:00:00,188,spring,NA,NA,22.1,59.2,2017,18010205,Wet,Wet,2016-10-01T00:00:00Z,2017-10-01T00:00:00Z,-122.035,41.7943
417944N1220350W001,2214905,2016-10-20T12:00:00Z,4259.83,4259.83,19.8,95,4184.63,75.2,75.2,Casing leaking or wet,Steel tape measurement,Water level accuracy to nearest tenth of a foot,1,Department of Water Resources,NA,1,Department of Water Resources,NA,NA,24082,46N02W25R002M,46N02W25R002M,Unknown,Unknown,1-003,Butte Valley,Siskiyou,116,Irrigation,Single Well,72,1952-11-06 00:00:00 - 2020-04-01 12:00:00,188,fall,22.5,76.1,NA,NA,2017,18010205,Wet,Wet,2016-10-01T00:00:00Z,2017-10-01T00:00:00Z,-122.035,41.7943
417944N1220350W001,2184893,2016-03-22T12:00:00Z,4259.83,4259.83,17.1,69,4207.93,51.9,51.9,Casing leaking or wet,Steel tape measurement,Water level accuracy to nearest tenth of a foot,1,Department of Water Resources,NA,1,Department of Water Resources,NA,NA,24082,46N02W25R002M,46N02W25R002M,Unknown,Unknown,1-003,Butte Valley,Siskiyou,116,Irrigation,Single Well,72,1952-11-06 00:00:00 - 2020-04-01 12:00:00,188,spring,NA,NA,22.1,59.2,2016,18010205,Wet,Wet,2015-10-01T00:00:00Z,2016-10-01T00:00:00Z,-122.035,41.7943
417944N1220350W001,2158517,2015-10-19T00:00:00Z,4259.83,4259.83,21.9,98,4183.73,76.1,76.1,Casing leaking or wet,Steel tape measurement,Water level accuracy to nearest tenth of a foot,1,Department of Water Resources,NA,1,Department of Water Resources,NA,NA,24082,46N02W25R002M,46N02W25R002M,Unknown,Unknown,1-003,Butte Valley,Siskiyou,116,Irrigation,Single Well,72,1952-11-06 00:00:00 - 2020-04-01 12:00:00,188,fall,22.5,76.1,NA,NA,2016,18010205,Wet,Wet,2015-10-01T00:00:00Z,2016-10-01T00:00:00Z,-122.035,41.7943
417944N1220350W001,2130474,2015-03-23T00:00:00Z,4259.83,4259.83,16.2,73,4203.03,56.8,56.8,NA,Steel tape measurement,Water level accuracy to nearest tenth of a foot,1,Department of Water Resources,NA,1,Department of Water Resources,NA,NA,24082,46N02W25R002M,46N02W25R002M,Unknown,Unknown,1-003,Butte Valley,Siskiyou,116,Irrigation,Single Well,72,1952-11-06 00:00:00 - 2020-04-01 12:00:00,188,spring,NA,NA,22.1,59.2,2015,18010205,Below Normal,Below Normal,2014-10-01T00:00:00Z,2015-10-01T00:00:00Z,-122.035,41.7943
417944N1220350W001,2029085,2014-10-20T00:00:00Z,4259.83,4259.83,NA,NA,NA,NA,NA,Pumping,NA,NA,1,Department of Water Resources,NA,1,Department of Water Resources,NA,NA,24082,46N02W25R002M,46N02W25R002M,Unknown,Unknown,1-003,Butte Valley,Siskiyou,116,Irrigation,Single Well,72,1952-11-06 00:00:00 - 2020-04-01 12:00:00,188,fall,22.5,76.1,NA,NA,2015,18010205,Below Normal,Below Normal,2014-10-01T00:00:00Z,2015-10-01T00:00:00Z,-122.035,41.7943
417944N1220350W001,1885352,2014-03-24T00:00:00Z,4259.83,4259.83,14,69,4204.83,55,55,NA,Steel tape measurement,Water level accuracy to nearest tenth of a foot,1,Department of Water Resources,NA,1,Department of Water Resources,NA,NA,24082,46N02W25R002M,46N02W25R002M,Unknown,Unknown,1-003,Butte Valley,Siskiyou,116,Irrigation,Single Well,72,1952-11-06 00:00:00 - 2020-04-01 12:00:00,188,spring,NA,NA,22.1,59.2,2014,18010205,Critical,Critical,2013-10-01T00:00:00Z,2014-10-01T00:00:00Z,-122.035,41.7943
417944N1220350W001,1797524,2013-10-21T00:00:00Z,4259.83,4259.83,NA,NA,NA,NA,NA,Pumping,NA,NA,1,Department of Water Resources,NA,1,Department of Water Resources,NA,NA,24082,46N02W25R002M,46N02W25R002M,Unknown,Unknown,1-003,Butte Valley,Siskiyou,116,Irrigation,Single Well,72,1952-11-06 00:00:00 - 2020-04-01 12:00:00,188,fall,22.5,76.1,NA,NA,2014,18010205,Critical,Critical,2013-10-01T00:00:00Z,2014-10-01T00:00:00Z,-122.035,41.7943
417944N1220350W001,1685057,2013-03-25T00:00:00Z,4259.83,4259.83,10,62,4207.83,52,52,Oil or foreign substance in casing,Steel tape measurement,Water level accuracy to nearest tenth of a foot,1,Department of Water Resources,NA,1,Department of Water Resources,NA,NA,24082,46N02W25R002M,46N02W25R002M,Unknown,Unknown,1-003,Butte Valley,Siskiyou,116,Irrigation,Single Well,72,1952-11-06 00:00:00 - 2020-04-01 12:00:00,188,spring,NA,NA,22.1,59.2,2013,18010205,Dry,Dry,2012-10-01T00:00:00Z,2013-10-01T00:00:00Z,-122.035,41.7943
417944N1220350W001,70273,2012-10-29T00:00:00Z,4259.83,4259.83,16.9,73,4203.73,56.1,56.1,Oil or foreign substance in casing,Steel tape measurement,Water level accuracy to nearest tenth of a foot,1,Department of Water Resources,NA,1,Department of Water Resources,NA,NA,24082,46N02W25R002M,46N02W25R002M,Unknown,Unknown,1-003,Butte Valley,Siskiyou,116,Irrigation,Single Well,72,1952-11-06 00:00:00 - 2020-04-01 12:00:00,188,fall,22.5,76.1,NA,NA,2013,18010205,Dry,Dry,2012-10-01T00:00:00Z,2013-10-01T00:00:00Z,-122.035,41.7943
417944N1220350W001,59904,2012-04-17T00:00:00Z,4259.83,4259.83,3.5,51,4212.33,47.5,47.5,Oil or foreign substance in casing,Steel tape measurement,Water level accuracy to nearest tenth of a foot,1,Department of Water Resources,NA,1,Department of Water Resources,NA,NA,24082,46N02W25R002M,46N02W25R002M,Unknown,Unknown,1-003,Butte Valley,Siskiyou,116,Irrigation,Single Well,72,1952-11-06 00:00:00 - 2020-04-01 12:00:00,188,spring,NA,NA,22.1,59.2,2012,18010205,Dry,Dry,2011-10-01T00:00:00Z,2012-10-01T00:00:00Z,-122.035,41.7943
417944N1220350W001,41181,2011-10-18T00:00:00Z,4259.83,4259.83,0,70,4189.83,70,70,Pumped recently,Steel tape measurement,Water level accuracy to nearest tenth of a foot,1,Department of Water Resources,NA,1,Department of Water Resources,NA,NA,24082,46N02W25R002M,46N02W25R002M,Unknown,Unknown,1-003,Butte Valley,Siskiyou,116,Irrigation,Single Well,72,1952-11-06 00:00:00 - 2020-04-01 12:00:00,188,fall,22.5,76.1,NA,NA,2012,18010205,Dry,Dry,2011-10-01T00:00:00Z,2012-10-01T00:00:00Z,-122.035,41.7943
417944N1220350W001,680073,2011-10-18T00:00:00Z,4259.83,4259.83,0,70,4189.83,70,70,Pumped recently,Unknown,Water level accuracy is unknown,1,Department of Water Resources,NA,1,Department of Water Resources,NA,NA,24082,46N02W25R002M,46N02W25R002M,Unknown,Unknown,1-003,Butte Valley,Siskiyou,116,Irrigation,Single Well,72,1952-11-06 00:00:00 - 2020-04-01 12:00:00,188,fall,22.5,76.1,NA,NA,2012,18010205,Dry,Dry,2011-10-01T00:00:00Z,2012-10-01T00:00:00Z,-122.035,41.7943
417944N1220350W001,680072,2011-04-20T00:00:00Z,4259.83,4259.83,0,47.5,4212.33,47.5,47.5,NA,Unknown,Water level accuracy is unknown,1,Department of Water Resources,NA,1,Department of Water Resources,NA,NA,24082,46N02W25R002M,46N02W25R002M,Unknown,Unknown,1-003,Butte Valley,Siskiyou,116,Irrigation,Single Well,72,1952-11-06 00:00:00 - 2020-04-01 12:00:00,188,spring,NA,NA,22.1,59.2,2011,18010205,Above Normal,Above Normal,2010-10-01T00:00:00Z,2011-10-01T00:00:00Z,-122.035,41.7943
417944N1220350W001,680071,2010-10-25T00:00:00Z,4259.83,4259.83,0,54.1,4205.73,54.1,54.1,NA,Unknown,Water level accuracy is unknown,1,Department of Water Resources,NA,1,Department of Water Resources,NA,NA,24082,46N02W25R002M,46N02W25R002M,Unknown,Unknown,1-003,Butte Valley,Siskiyou,116,Irrigation,Single Well,72,1952-11-06 00:00:00 - 2020-04-01 12:00:00,188,fall,22.5,76.1,NA,NA,2011,18010205,Above Normal,Above Normal,2010-10-01T00:00:00Z,2011-10-01T00:00:00Z,-122.035,41.7943
417944N1220350W001,680070,2010-03-30T00:00:00Z,4259.83,4259.83,0,50,4209.83,50,50,NA,Unknown,Water level accuracy is unknown,1,Department of Water Resources,NA,1,Department of Water Resources,NA,NA,24082,46N02W25R002M,46N02W25R002M,Unknown,Unknown,1-003,Butte Valley,Siskiyou,116,Irrigation,Single Well,72,1952-11-06 00:00:00 - 2020-04-01 12:00:00,188,spring,NA,NA,22.1,59.2,2010,18010205,Dry,Dry,2009-10-01T00:00:00Z,2010-10-01T00:00:00Z,-122.035,41.7943
417944N1220350W001,680069,2009-10-27T00:00:00Z,4259.83,4259.83,0,47,4212.83,47,47,NA,Unknown,Water level accuracy is unknown,1,Department of Water Resources,NA,1,Department of Water Resources,NA,NA,24082,46N02W25R002M,46N02W25R002M,Unknown,Unknown,1-003,Butte Valley,Siskiyou,116,Irrigation,Single Well,72,1952-11-06 00:00:00 - 2020-04-01 12:00:00,188,fall,22.5,76.1,NA,NA,2010,18010205,Dry,Dry,2009-10-01T00:00:00Z,2010-10-01T00:00:00Z,-122.035,41.7943
417944N1220350W001,680068,2009-04-08T00:00:00Z,4259.83,4259.83,0,47.6,4212.23,47.6,47.6,NA,Unknown,Water level accuracy is unknown,1,Department of Water Resources,NA,1,Department of Water Resources,NA,NA,24082,46N02W25R002M,46N02W25R002M,Unknown,Unknown,1-003,Butte Valley,Siskiyou,116,Irrigation,Single Well,72,1952-11-06 00:00:00 - 2020-04-01 12:00:00,188,spring,NA,NA,22.1,59.2,2009,18010205,Dry,Dry,2008-10-01T00:00:00Z,2009-10-01T00:00:00Z,-122.035,41.7943
417944N1220350W001,680067,2008-10-30T00:00:00Z,4259.83,4259.83,0,62.8,4197.03,62.8,62.8,NA,Unknown,Water level accuracy is unknown,1,Department of Water Resources,NA,1,Department of Water Resources,NA,NA,24082,46N02W25R002M,46N02W25R002M,Unknown,Unknown,1-003,Butte Valley,Siskiyou,116,Irrigation,Single Well,72,1952-11-06 00:00:00 - 2020-04-01 12:00:00,188,fall,22.5,76.1,NA,NA,2009,18010205,Dry,Dry,2008-10-01T00:00:00Z,2009-10-01T00:00:00Z,-122.035,41.7943
417944N1220350W001,680066,2008-04-04T00:00:00Z,4259.83,4259.83,0,43.55,4216.28,43.55,43.55,NA,Unknown,Water level accuracy is unknown,1,Department of Water Resources,NA,1,Department of Water Resources,NA,NA,24082,46N02W25R002M,46N02W25R002M,Unknown,Unknown,1-003,Butte Valley,Siskiyou,116,Irrigation,Single Well,72,1952-11-06 00:00:00 - 2020-04-01 12:00:00,188,spring,NA,NA,22.1,59.2,2008,18010205,Dry,Dry,2007-10-01T00:00:00Z,2008-10-01T00:00:00Z,-122.035,41.7943
417944N1220350W001,680065,2007-10-25T00:00:00Z,4259.83,4259.83,0,57.8,4202.03,57.8,57.8,NA,Unknown,Water level accuracy is unknown,1,Department of Water Resources,NA,1,Department of Water Resources,NA,NA,24082,46N02W25R002M,46N02W25R002M,Unknown,Unknown,1-003,Butte Valley,Siskiyou,116,Irrigation,Single Well,72,1952-11-06 00:00:00 - 2020-04-01 12:00:00,188,fall,22.5,76.1,NA,NA,2008,18010205,Dry,Dry,2007-10-01T00:00:00Z,2008-10-01T00:00:00Z,-122.035,41.7943
417944N1220350W001,680064,2007-03-29T00:00:00Z,4259.83,4259.83,0,45,4214.83,45,45,NA,Unknown,Water level accuracy is unknown,1,Department of Water Resources,NA,1,Department of Water Resources,NA,NA,24082,46N02W25R002M,46N02W25R002M,Unknown,Unknown,1-003,Butte Valley,Siskiyou,116,Irrigation,Single Well,72,1952-11-06 00:00:00 - 2020-04-01 12:00:00,188,spring,NA,NA,22.1,59.2,2007,18010205,Above Normal,Above Normal,2006-10-01T00:00:00Z,2007-10-01T00:00:00Z,-122.035,41.7943
417944N1220350W001,680063,2006-10-12T00:00:00Z,4259.83,4259.83,0,54.3,4205.53,54.3,54.3,NA,Unknown,Water level accuracy is unknown,1,Department of Water Resources,NA,1,Department of Water Resources,NA,NA,24082,46N02W25R002M,46N02W25R002M,Unknown,Unknown,1-003,Butte Valley,Siskiyou,116,Irrigation,Single Well,72,1952-11-06 00:00:00 - 2020-04-01 12:00:00,188,fall,22.5,76.1,NA,NA,2007,18010205,Above Normal,Above Normal,2006-10-01T00:00:00Z,2007-10-01T00:00:00Z,-122.035,41.7943
417944N1220350W001,680062,2006-04-18T00:00:00Z,4259.83,4259.83,0,40.5,4219.33,40.5,40.5,NA,Unknown,Water level accuracy is unknown,1,Department of Water Resources,NA,1,Department of Water Resources,NA,NA,24082,46N02W25R002M,46N02W25R002M,Unknown,Unknown,1-003,Butte Valley,Siskiyou,116,Irrigation,Single Well,72,1952-11-06 00:00:00 - 2020-04-01 12:00:00,188,spring,NA,NA,22.1,59.2,2006,18010205,Wet,Wet,2005-10-01T00:00:00Z,2006-10-01T00:00:00Z,-122.035,41.7943
417944N1220350W001,680061,2005-10-10T00:00:00Z,4259.83,4259.83,0,62.6,4197.23,62.6,62.6,NA,Unknown,Water level accuracy is unknown,1,Department of Water Resources,NA,1,Department of Water Resources,NA,NA,24082,46N02W25R002M,46N02W25R002M,Unknown,Unknown,1-003,Butte Valley,Siskiyou,116,Irrigation,Single Well,72,1952-11-06 00:00:00 - 2020-04-01 12:00:00,188,fall,22.5,76.1,NA,NA,2006,18010205,Wet,Wet,2005-10-01T00:00:00Z,2006-10-01T00:00:00Z,-122.035,41.7943
417944N1220350W001,680060,2005-04-05T00:00:00Z,4259.83,4259.83,0,43.9,4215.93,43.9,43.9,NA,Unknown,Water level accuracy is unknown,1,Department of Water Resources,NA,1,Department of Water Resources,NA,NA,24082,46N02W25R002M,46N02W25R002M,Unknown,Unknown,1-003,Butte Valley,Siskiyou,116,Irrigation,Single Well,72,1952-11-06 00:00:00 - 2020-04-01 12:00:00,188,spring,NA,NA,22.1,59.2,2005,18010205,Above Normal,Above Normal,2004-10-01T00:00:00Z,2005-10-01T00:00:00Z,-122.035,41.7943
417944N1220350W001,680059,2004-11-02T00:00:00Z,4259.83,4259.83,0,60.4,4199.43,60.4,60.4,NA,Unknown,Water level accuracy is unknown,1,Department of Water Resources,NA,1,Department of Water Resources,NA,NA,24082,46N02W25R002M,46N02W25R002M,Unknown,Unknown,1-003,Butte Valley,Siskiyou,116,Irrigation,Single Well,72,1952-11-06 00:00:00 - 2020-04-01 12:00:00,188,fall,22.5,76.1,NA,NA,2005,18010205,Above Normal,Above Normal,2004-10-01T00:00:00Z,2005-10-01T00:00:00Z,-122.035,41.7943
417944N1220350W001,680058,2004-03-30T00:00:00Z,4259.83,4259.83,0,41.9,4217.93,41.9,41.9,NA,Unknown,Water level accuracy is unknown,1,Department of Water Resources,NA,1,Department of Water Resources,NA,NA,24082,46N02W25R002M,46N02W25R002M,Unknown,Unknown,1-003,Butte Valley,Siskiyou,116,Irrigation,Single Well,72,1952-11-06 00:00:00 - 2020-04-01 12:00:00,188,spring,NA,NA,22.1,59.2,2004,18010205,Below Normal,Below Normal,2003-10-01T00:00:00Z,2004-10-01T00:00:00Z,-122.035,41.7943
417944N1220350W001,680057,2003-10-20T00:00:00Z,4259.83,4259.83,0,58.7,4201.13,58.7,58.7,NA,Unknown,Water level accuracy is unknown,1,Department of Water Resources,NA,1,Department of Water Resources,NA,NA,24082,46N02W25R002M,46N02W25R002M,Unknown,Unknown,1-003,Butte Valley,Siskiyou,116,Irrigation,Single Well,72,1952-11-06 00:00:00 - 2020-04-01 12:00:00,188,fall,22.5,76.1,NA,NA,2004,18010205,Below Normal,Below Normal,2003-10-01T00:00:00Z,2004-10-01T00:00:00Z,-122.035,41.7943
417944N1220350W001,680056,2003-04-01T00:00:00Z,4259.83,4259.83,0,42.1,4217.73,42.1,42.1,NA,Unknown,Water level accuracy is unknown,1,Department of Water Resources,NA,1,Department of Water Resources,NA,NA,24082,46N02W25R002M,46N02W25R002M,Unknown,Unknown,1-003,Butte Valley,Siskiyou,116,Irrigation,Single Well,72,1952-11-06 00:00:00 - 2020-04-01 12:00:00,188,spring,NA,NA,22.1,59.2,2003,18010205,Below Normal,Below Normal,2002-10-01T00:00:00Z,2003-10-01T00:00:00Z,-122.035,41.7943
417944N1220350W001,680055,2002-10-11T00:00:00Z,4259.83,4259.83,0,65.2,4194.63,65.2,65.2,NA,Unknown,Water level accuracy is unknown,1,Department of Water Resources,NA,1,Department of Water Resources,NA,NA,24082,46N02W25R002M,46N02W25R002M,Unknown,Unknown,1-003,Butte Valley,Siskiyou,116,Irrigation,Single Well,72,1952-11-06 00:00:00 - 2020-04-01 12:00:00,188,fall,22.5,76.1,NA,NA,2003,18010205,Below Normal,Below Normal,2002-10-01T00:00:00Z,2003-10-01T00:00:00Z,-122.035,41.7943
417944N1220350W001,680054,2002-03-26T00:00:00Z,4259.83,4259.83,0,44.2,4215.63,44.2,44.2,NA,Unknown,Water level accuracy is unknown,1,Department of Water Resources,NA,1,Department of Water Resources,NA,NA,24082,46N02W25R002M,46N02W25R002M,Unknown,Unknown,1-003,Butte Valley,Siskiyou,116,Irrigation,Single Well,72,1952-11-06 00:00:00 - 2020-04-01 12:00:00,188,spring,NA,NA,22.1,59.2,2002,18010205,Dry,Dry,2001-10-01T00:00:00Z,2002-10-01T00:00:00Z,-122.035,41.7943
417944N1220350W001,680053,2001-10-24T00:00:00Z,4259.83,4259.83,0,46.1,4213.73,46.1,46.1,NA,Unknown,Water level accuracy is unknown,1,Department of Water Resources,NA,1,Department of Water Resources,NA,NA,24082,46N02W25R002M,46N02W25R002M,Unknown,Unknown,1-003,Butte Valley,Siskiyou,116,Irrigation,Single Well,72,1952-11-06 00:00:00 - 2020-04-01 12:00:00,188,fall,22.5,76.1,NA,NA,2002,18010205,Dry,Dry,2001-10-01T00:00:00Z,2002-10-01T00:00:00Z,-122.035,41.7943
417944N1220350W001,680052,2001-04-03T00:00:00Z,4259.83,4259.83,0,37.5,4222.33,37.5,37.5,NA,Unknown,Water level accuracy is unknown,1,Department of Water Resources,NA,1,Department of Water Resources,NA,NA,24082,46N02W25R002M,46N02W25R002M,Unknown,Unknown,1-003,Butte Valley,Siskiyou,116,Irrigation,Single Well,72,1952-11-06 00:00:00 - 2020-04-01 12:00:00,188,spring,NA,NA,22.1,59.2,2001,18010205,Critical,Critical,2000-10-01T00:00:00Z,2001-10-01T00:00:00Z,-122.035,41.7943
417944N1220350W001,680051,2000-10-10T00:00:00Z,4259.83,4259.83,0,49.3,4210.53,49.3,49.3,NA,Unknown,Water level accuracy is unknown,1,Department of Water Resources,NA,1,Department of Water Resources,NA,NA,24082,46N02W25R002M,46N02W25R002M,Unknown,Unknown,1-003,Butte Valley,Siskiyou,116,Irrigation,Single Well,72,1952-11-06 00:00:00 - 2020-04-01 12:00:00,188,fall,22.5,76.1,NA,NA,2001,18010205,Critical,Critical,2000-10-01T00:00:00Z,2001-10-01T00:00:00Z,-122.035,41.7943
417944N1220350W001,680050,2000-03-22T00:00:00Z,4259.83,4259.83,0,35.2,4224.63,35.2,35.2,NA,Unknown,Water level accuracy is unknown,1,Department of Water Resources,NA,1,Department of Water Resources,NA,NA,24082,46N02W25R002M,46N02W25R002M,Unknown,Unknown,1-003,Butte Valley,Siskiyou,116,Irrigation,Single Well,72,1952-11-06 00:00:00 - 2020-04-01 12:00:00,188,spring,NA,NA,22.1,59.2,2000,18010205,Above Normal,Above Normal,1999-10-01T00:00:00Z,2000-10-01T00:00:00Z,-122.035,41.7943
417944N1220350W001,680048,1999-10-26T00:00:00Z,4259.83,4259.83,0,44.8,4215.03,44.8,44.8,NA,Unknown,Water level accuracy is unknown,1,Department of Water Resources,NA,1,Department of Water Resources,NA,NA,24082,46N02W25R002M,46N02W25R002M,Unknown,Unknown,1-003,Butte Valley,Siskiyou,116,Irrigation,Single Well,72,1952-11-06 00:00:00 - 2020-04-01 12:00:00,188,fall,22.5,76.1,NA,NA,2000,18010205,Above Normal,Above Normal,1999-10-01T00:00:00Z,2000-10-01T00:00:00Z,-122.035,41.7943
417944N1220350W001,680049,1999-03-16T00:00:00Z,4259.83,4259.83,0,35.4,4224.43,35.4,35.4,NA,Unknown,Water level accuracy is unknown,1,Department of Water Resources,NA,1,Department of Water Resources,NA,NA,24082,46N02W25R002M,46N02W25R002M,Unknown,Unknown,1-003,Butte Valley,Siskiyou,116,Irrigation,Single Well,72,1952-11-06 00:00:00 - 2020-04-01 12:00:00,188,spring,NA,NA,22.1,59.2,1999,18010205,Wet,Wet,1998-10-01T00:00:00Z,1999-10-01T00:00:00Z,-122.035,41.7943
417944N1220350W001,680047,1998-10-28T00:00:00Z,4259.83,4259.83,0,44.2,4215.63,44.2,44.2,NA,Unknown,Water level accuracy is unknown,1,Department of Water Resources,NA,1,Department of Water Resources,NA,NA,24082,46N02W25R002M,46N02W25R002M,Unknown,Unknown,1-003,Butte Valley,Siskiyou,116,Irrigation,Single Well,72,1952-11-06 00:00:00 - 2020-04-01 12:00:00,188,fall,22.5,76.1,NA,NA,1999,18010205,Wet,Wet,1998-10-01T00:00:00Z,1999-10-01T00:00:00Z,-122.035,41.7943
417944N1220350W001,680046,1998-03-31T00:00:00Z,4259.83,4259.83,0,37.7,4222.13,37.7,37.7,NA,Unknown,Water level accuracy is unknown,1,Department of Water Resources,NA,1,Department of Water Resources,NA,NA,24082,46N02W25R002M,46N02W25R002M,Unknown,Unknown,1-003,Butte Valley,Siskiyou,116,Irrigation,Single Well,72,1952-11-06 00:00:00 - 2020-04-01 12:00:00,188,spring,NA,NA,22.1,59.2,1998,18010205,Wet,Wet,1997-10-01T00:00:00Z,1998-10-01T00:00:00Z,-122.035,41.7943
417944N1220350W001,680045,1997-10-22T00:00:00Z,4259.83,4259.83,0,57.2,4202.63,57.2,57.2,Pumping,Unknown,Water level accuracy is unknown,1,Department of Water Resources,NA,1,Department of Water Resources,NA,NA,24082,46N02W25R002M,46N02W25R002M,Unknown,Unknown,1-003,Butte Valley,Siskiyou,116,Irrigation,Single Well,72,1952-11-06 00:00:00 - 2020-04-01 12:00:00,188,fall,22.5,76.1,NA,NA,1998,18010205,Wet,Wet,1997-10-01T00:00:00Z,1998-10-01T00:00:00Z,-122.035,41.7943
417944N1220350W001,680044,1997-03-11T00:00:00Z,4259.83,4259.83,0,39.4,4220.43,39.4,39.4,NA,Unknown,Water level accuracy is unknown,1,Department of Water Resources,NA,1,Department of Water Resources,NA,NA,24082,46N02W25R002M,46N02W25R002M,Unknown,Unknown,1-003,Butte Valley,Siskiyou,116,Irrigation,Single Well,72,1952-11-06 00:00:00 - 2020-04-01 12:00:00,188,spring,NA,NA,22.1,59.2,1997,18010205,Wet,Wet,1996-10-01T00:00:00Z,1997-10-01T00:00:00Z,-122.035,41.7943
417944N1220350W001,680043,1996-10-21T00:00:00Z,4259.83,4259.83,0,55,4204.83,55,55,NA,Unknown,Water level accuracy is unknown,1,Department of Water Resources,NA,1,Department of Water Resources,NA,NA,24082,46N02W25R002M,46N02W25R002M,Unknown,Unknown,1-003,Butte Valley,Siskiyou,116,Irrigation,Single Well,72,1952-11-06 00:00:00 - 2020-04-01 12:00:00,188,fall,22.5,76.1,NA,NA,1997,18010205,Wet,Wet,1996-10-01T00:00:00Z,1997-10-01T00:00:00Z,-122.035,41.7943
417944N1220350W001,680042,1996-03-26T00:00:00Z,4259.83,4259.83,0,39.3,4220.53,39.3,39.3,NA,Unknown,Water level accuracy is unknown,1,Department of Water Resources,NA,1,Department of Water Resources,NA,NA,24082,46N02W25R002M,46N02W25R002M,Unknown,Unknown,1-003,Butte Valley,Siskiyou,116,Irrigation,Single Well,72,1952-11-06 00:00:00 - 2020-04-01 12:00:00,188,spring,NA,NA,22.1,59.2,1996,18010205,Wet,Wet,1995-10-01T00:00:00Z,1996-10-01T00:00:00Z,-122.035,41.7943
417944N1220350W001,680041,1995-10-17T00:00:00Z,4259.83,4259.83,0,55.8,4204.03,55.8,55.8,NA,Unknown,Water level accuracy is unknown,1,Department of Water Resources,NA,1,Department of Water Resources,NA,NA,24082,46N02W25R002M,46N02W25R002M,Unknown,Unknown,1-003,Butte Valley,Siskiyou,116,Irrigation,Single Well,72,1952-11-06 00:00:00 - 2020-04-01 12:00:00,188,fall,22.5,76.1,NA,NA,1996,18010205,Wet,Wet,1995-10-01T00:00:00Z,1996-10-01T00:00:00Z,-122.035,41.7943
417944N1220350W001,680040,1995-03-27T00:00:00Z,4259.83,4259.83,0,56.1,4203.73,56.1,56.1,NA,Unknown,Water level accuracy is unknown,1,Department of Water Resources,NA,1,Department of Water Resources,NA,NA,24082,46N02W25R002M,46N02W25R002M,Unknown,Unknown,1-003,Butte Valley,Siskiyou,116,Irrigation,Single Well,72,1952-11-06 00:00:00 - 2020-04-01 12:00:00,188,spring,NA,NA,22.1,59.2,1995,18010205,Wet,Wet,1994-10-01T00:00:00Z,1995-10-01T00:00:00Z,-122.035,41.7943
417944N1220350W001,680039,1994-03-29T00:00:00Z,4259.83,4259.83,0,44.1,4215.73,44.1,44.1,NA,Unknown,Water level accuracy is unknown,1,Department of Water Resources,NA,1,Department of Water Resources,NA,NA,24082,46N02W25R002M,46N02W25R002M,Unknown,Unknown,1-003,Butte Valley,Siskiyou,116,Irrigation,Single Well,72,1952-11-06 00:00:00 - 2020-04-01 12:00:00,188,spring,NA,NA,22.1,59.2,1994,18010205,Dry,Dry,1993-10-01T00:00:00Z,1994-10-01T00:00:00Z,-122.035,41.7943
417944N1220350W001,680038,1993-10-14T00:00:00Z,4259.83,4259.83,0,64.5,4195.33,64.5,64.5,NA,Unknown,Water level accuracy is unknown,1,Department of Water Resources,NA,1,Department of Water Resources,NA,NA,24082,46N02W25R002M,46N02W25R002M,Unknown,Unknown,1-003,Butte Valley,Siskiyou,116,Irrigation,Single Well,72,1952-11-06 00:00:00 - 2020-04-01 12:00:00,188,fall,22.5,76.1,NA,NA,1994,18010205,Dry,Dry,1993-10-01T00:00:00Z,1994-10-01T00:00:00Z,-122.035,41.7943
417944N1220350W001,680037,1993-03-16T00:00:00Z,4259.83,4259.83,0,50,4209.83,50,50,NA,Unknown,Water level accuracy is unknown,1,Department of Water Resources,NA,1,Department of Water Resources,NA,NA,24082,46N02W25R002M,46N02W25R002M,Unknown,Unknown,1-003,Butte Valley,Siskiyou,116,Irrigation,Single Well,72,1952-11-06 00:00:00 - 2020-04-01 12:00:00,188,spring,NA,NA,22.1,59.2,1993,18010205,Wet,Wet,1992-10-01T00:00:00Z,1993-10-01T00:00:00Z,-122.035,41.7943
417944N1220350W001,680036,1992-10-19T00:00:00Z,4259.83,4259.83,0,69.7,4190.13,69.7,69.7,NA,Unknown,Water level accuracy is unknown,1,Department of Water Resources,NA,1,Department of Water Resources,NA,NA,24082,46N02W25R002M,46N02W25R002M,Unknown,Unknown,1-003,Butte Valley,Siskiyou,116,Irrigation,Single Well,72,1952-11-06 00:00:00 - 2020-04-01 12:00:00,188,fall,22.5,76.1,NA,NA,1993,18010205,Wet,Wet,1992-10-01T00:00:00Z,1993-10-01T00:00:00Z,-122.035,41.7943
417944N1220350W001,680035,1992-03-02T00:00:00Z,4259.83,4259.83,0,46.7,4213.13,46.7,46.7,NA,Unknown,Water level accuracy is unknown,1,Department of Water Resources,NA,1,Department of Water Resources,NA,NA,24082,46N02W25R002M,46N02W25R002M,Unknown,Unknown,1-003,Butte Valley,Siskiyou,116,Irrigation,Single Well,72,1952-11-06 00:00:00 - 2020-04-01 12:00:00,188,spring,NA,NA,22.1,59.2,1992,18010205,Critical,Critical,1991-10-01T00:00:00Z,1992-10-01T00:00:00Z,-122.035,41.7943
417944N1220350W001,680034,1991-10-01T00:00:00Z,4259.83,4259.83,0,70.2,4189.63,70.2,70.2,Pumped recently,Unknown,Water level accuracy is unknown,1,Department of Water Resources,NA,1,Department of Water Resources,NA,NA,24082,46N02W25R002M,46N02W25R002M,Unknown,Unknown,1-003,Butte Valley,Siskiyou,116,Irrigation,Single Well,72,1952-11-06 00:00:00 - 2020-04-01 12:00:00,188,fall,22.5,76.1,NA,NA,1992,18010205,Critical,Critical,1991-10-01T00:00:00Z,1992-10-01T00:00:00Z,-122.035,41.7943
417944N1220350W001,680033,1991-03-20T00:00:00Z,4259.83,4259.83,0,41.5,4218.33,41.5,41.5,NA,Unknown,Water level accuracy is unknown,1,Department of Water Resources,NA,1,Department of Water Resources,NA,NA,24082,46N02W25R002M,46N02W25R002M,Unknown,Unknown,1-003,Butte Valley,Siskiyou,116,Irrigation,Single Well,72,1952-11-06 00:00:00 - 2020-04-01 12:00:00,188,spring,NA,NA,22.1,59.2,1991,18010205,Critical,Critical,1990-10-01T00:00:00Z,1991-10-01T00:00:00Z,-122.035,41.7943
417944N1220350W001,680032,1990-10-01T00:00:00Z,4259.83,4259.83,0,51,4208.83,51,51,NA,Unknown,Water level accuracy is unknown,1,Department of Water Resources,NA,1,Department of Water Resources,NA,NA,24082,46N02W25R002M,46N02W25R002M,Unknown,Unknown,1-003,Butte Valley,Siskiyou,116,Irrigation,Single Well,72,1952-11-06 00:00:00 - 2020-04-01 12:00:00,188,fall,22.5,76.1,NA,NA,1991,18010205,Critical,Critical,1990-10-01T00:00:00Z,1991-10-01T00:00:00Z,-122.035,41.7943
417944N1220350W001,680031,1990-03-20T00:00:00Z,4259.83,4259.83,0,38.4,4221.43,38.4,38.4,NA,Unknown,Water level accuracy is unknown,1,Department of Water Resources,NA,1,Department of Water Resources,NA,NA,24082,46N02W25R002M,46N02W25R002M,Unknown,Unknown,1-003,Butte Valley,Siskiyou,116,Irrigation,Single Well,72,1952-11-06 00:00:00 - 2020-04-01 12:00:00,188,spring,NA,NA,22.1,59.2,1990,18010205,Below Normal,Below Normal,1989-10-01T00:00:00Z,1990-10-01T00:00:00Z,-122.035,41.7943
417944N1220350W001,680030,1989-10-04T00:00:00Z,4259.83,4259.83,0,60.1,4199.73,60.1,60.1,NA,Unknown,Water level accuracy is unknown,1,Department of Water Resources,NA,1,Department of Water Resources,NA,NA,24082,46N02W25R002M,46N02W25R002M,Unknown,Unknown,1-003,Butte Valley,Siskiyou,116,Irrigation,Single Well,72,1952-11-06 00:00:00 - 2020-04-01 12:00:00,188,fall,22.5,76.1,NA,NA,1990,18010205,Below Normal,Below Normal,1989-10-01T00:00:00Z,1990-10-01T00:00:00Z,-122.035,41.7943
417944N1220350W001,680029,1978-03-29T00:00:00Z,4259.83,4259.83,0,30.8,4229.03,30.8,30.8,NA,Unknown,Water level accuracy is unknown,1,Department of Water Resources,NA,1,Department of Water Resources,NA,NA,24082,46N02W25R002M,46N02W25R002M,Unknown,Unknown,1-003,Butte Valley,Siskiyou,116,Irrigation,Single Well,72,1952-11-06 00:00:00 - 2020-04-01 12:00:00,188,spring,NA,NA,22.1,59.2,1978,18010205,Above Normal,Above Normal,1977-10-01T00:00:00Z,1978-10-01T00:00:00Z,-122.035,41.7943
417944N1220350W001,680028,1977-10-20T00:00:00Z,4259.83,4259.83,0,43.5,4216.33,43.5,43.5,NA,Unknown,Water level accuracy is unknown,1,Department of Water Resources,NA,1,Department of Water Resources,NA,NA,24082,46N02W25R002M,46N02W25R002M,Unknown,Unknown,1-003,Butte Valley,Siskiyou,116,Irrigation,Single Well,72,1952-11-06 00:00:00 - 2020-04-01 12:00:00,188,fall,22.5,76.1,NA,NA,1978,18010205,Above Normal,Above Normal,1977-10-01T00:00:00Z,1978-10-01T00:00:00Z,-122.035,41.7943
417944N1220350W001,680027,1977-03-29T00:00:00Z,4259.83,4259.83,0,28.9,4230.93,28.9,28.9,NA,Unknown,Water level accuracy is unknown,1,Department of Water Resources,NA,1,Department of Water Resources,NA,NA,24082,46N02W25R002M,46N02W25R002M,Unknown,Unknown,1-003,Butte Valley,Siskiyou,116,Irrigation,Single Well,72,1952-11-06 00:00:00 - 2020-04-01 12:00:00,188,spring,NA,NA,22.1,59.2,1977,18010205,Critical,Critical,1976-10-01T00:00:00Z,1977-10-01T00:00:00Z,-122.035,41.7943
417944N1220350W001,680026,1976-11-01T00:00:00Z,4259.83,4259.83,0,31.1,4228.73,31.1,31.1,NA,Unknown,Water level accuracy is unknown,1,Department of Water Resources,NA,1,Department of Water Resources,NA,NA,24082,46N02W25R002M,46N02W25R002M,Unknown,Unknown,1-003,Butte Valley,Siskiyou,116,Irrigation,Single Well,72,1952-11-06 00:00:00 - 2020-04-01 12:00:00,188,fall,22.5,76.1,NA,NA,1977,18010205,Critical,Critical,1976-10-01T00:00:00Z,1977-10-01T00:00:00Z,-122.035,41.7943
417944N1220350W001,680025,1976-03-18T00:00:00Z,4259.83,4259.83,0,24.8,4235.03,24.8,24.8,NA,Unknown,Water level accuracy is unknown,1,Department of Water Resources,NA,1,Department of Water Resources,NA,NA,24082,46N02W25R002M,46N02W25R002M,Unknown,Unknown,1-003,Butte Valley,Siskiyou,116,Irrigation,Single Well,72,1952-11-06 00:00:00 - 2020-04-01 12:00:00,188,spring,NA,NA,22.1,59.2,1976,18010205,Dry,Dry,1975-10-01T00:00:00Z,1976-10-01T00:00:00Z,-122.035,41.7943
417944N1220350W001,680024,1975-11-05T00:00:00Z,4259.83,4259.83,0,27,4232.83,27,27,NA,Unknown,Water level accuracy is unknown,1,Department of Water Resources,NA,1,Department of Water Resources,NA,NA,24082,46N02W25R002M,46N02W25R002M,Unknown,Unknown,1-003,Butte Valley,Siskiyou,116,Irrigation,Single Well,72,1952-11-06 00:00:00 - 2020-04-01 12:00:00,188,fall,22.5,76.1,NA,NA,1976,18010205,Dry,Dry,1975-10-01T00:00:00Z,1976-10-01T00:00:00Z,-122.035,41.7943
417944N1220350W001,680023,1975-04-17T00:00:00Z,4259.83,4259.83,0,23,4236.83,23,23,NA,Unknown,Water level accuracy is unknown,1,Department of Water Resources,NA,1,Department of Water Resources,NA,NA,24082,46N02W25R002M,46N02W25R002M,Unknown,Unknown,1-003,Butte Valley,Siskiyou,116,Irrigation,Single Well,72,1952-11-06 00:00:00 - 2020-04-01 12:00:00,188,spring,NA,NA,22.1,59.2,1975,18010205,Above Normal,Above Normal,1974-10-01T00:00:00Z,1975-10-01T00:00:00Z,-122.035,41.7943
417944N1220350W001,680022,1974-11-06T00:00:00Z,4259.83,4259.83,0,25.5,4234.33,25.5,25.5,NA,Unknown,Water level accuracy is unknown,1,Department of Water Resources,NA,1,Department of Water Resources,NA,NA,24082,46N02W25R002M,46N02W25R002M,Unknown,Unknown,1-003,Butte Valley,Siskiyou,116,Irrigation,Single Well,72,1952-11-06 00:00:00 - 2020-04-01 12:00:00,188,fall,22.5,76.1,NA,NA,1975,18010205,Above Normal,Above Normal,1974-10-01T00:00:00Z,1975-10-01T00:00:00Z,-122.035,41.7943
417944N1220350W001,680021,1974-04-11T00:00:00Z,4259.83,4259.83,0,25.5,4234.33,25.5,25.5,NA,Unknown,Water level accuracy is unknown,1,Department of Water Resources,NA,1,Department of Water Resources,NA,NA,24082,46N02W25R002M,46N02W25R002M,Unknown,Unknown,1-003,Butte Valley,Siskiyou,116,Irrigation,Single Well,72,1952-11-06 00:00:00 - 2020-04-01 12:00:00,188,spring,NA,NA,22.1,59.2,1974,18010205,Wet,Wet,1973-10-01T00:00:00Z,1974-10-01T00:00:00Z,-122.035,41.7943
417944N1220350W001,680020,1973-11-19T00:00:00Z,4259.83,4259.83,0,31.6,4228.23,31.6,31.6,NA,Unknown,Water level accuracy is unknown,1,Department of Water Resources,NA,1,Department of Water Resources,NA,NA,24082,46N02W25R002M,46N02W25R002M,Unknown,Unknown,1-003,Butte Valley,Siskiyou,116,Irrigation,Single Well,72,1952-11-06 00:00:00 - 2020-04-01 12:00:00,188,fall,22.5,76.1,NA,NA,1974,18010205,Wet,Wet,1973-10-01T00:00:00Z,1974-10-01T00:00:00Z,-122.035,41.7943
417944N1220350W001,680019,1973-10-10T00:00:00Z,4259.83,4259.83,0,39.3,4220.53,39.3,39.3,NA,Unknown,Water level accuracy is unknown,1,Department of Water Resources,NA,1,Department of Water Resources,NA,NA,24082,46N02W25R002M,46N02W25R002M,Unknown,Unknown,1-003,Butte Valley,Siskiyou,116,Irrigation,Single Well,72,1952-11-06 00:00:00 - 2020-04-01 12:00:00,188,fall,22.5,76.1,NA,NA,1974,18010205,Wet,Wet,1973-10-01T00:00:00Z,1974-10-01T00:00:00Z,-122.035,41.7943
417944N1220350W001,680018,1973-04-19T00:00:00Z,4259.83,4259.83,0,27.8,4232.03,27.8,27.8,NA,Unknown,Water level accuracy is unknown,1,Department of Water Resources,NA,1,Department of Water Resources,NA,NA,24082,46N02W25R002M,46N02W25R002M,Unknown,Unknown,1-003,Butte Valley,Siskiyou,116,Irrigation,Single Well,72,1952-11-06 00:00:00 - 2020-04-01 12:00:00,188,spring,NA,NA,22.1,59.2,1973,18010205,Critical,Critical,1972-10-01T00:00:00Z,1973-10-01T00:00:00Z,-122.035,41.7943
417944N1220350W001,680017,1972-10-03T00:00:00Z,4259.83,4259.83,0,32.1,4227.73,32.1,32.1,NA,Unknown,Water level accuracy is unknown,1,Department of Water Resources,NA,1,Department of Water Resources,NA,NA,24082,46N02W25R002M,46N02W25R002M,Unknown,Unknown,1-003,Butte Valley,Siskiyou,116,Irrigation,Single Well,72,1952-11-06 00:00:00 - 2020-04-01 12:00:00,188,fall,22.5,76.1,NA,NA,1973,18010205,Critical,Critical,1972-10-01T00:00:00Z,1973-10-01T00:00:00Z,-122.035,41.7943
417944N1220350W001,680016,1972-04-27T00:00:00Z,4259.83,4259.83,0,23.8,4236.03,23.8,23.8,NA,Unknown,Water level accuracy is unknown,1,Department of Water Resources,NA,1,Department of Water Resources,NA,NA,24082,46N02W25R002M,46N02W25R002M,Unknown,Unknown,1-003,Butte Valley,Siskiyou,116,Irrigation,Single Well,72,1952-11-06 00:00:00 - 2020-04-01 12:00:00,188,spring,NA,NA,22.1,59.2,1972,18010205,Above Normal,Above Normal,1971-10-01T00:00:00Z,1972-10-01T00:00:00Z,-122.035,41.7943
417944N1220350W001,680015,1972-03-21T00:00:00Z,4259.83,4259.83,0,25.2,4234.63,25.2,25.2,NA,Unknown,Water level accuracy is unknown,1,Department of Water Resources,NA,1,Department of Water Resources,NA,NA,24082,46N02W25R002M,46N02W25R002M,Unknown,Unknown,1-003,Butte Valley,Siskiyou,116,Irrigation,Single Well,72,1952-11-06 00:00:00 - 2020-04-01 12:00:00,188,spring,NA,NA,22.1,59.2,1972,18010205,Above Normal,Above Normal,1971-10-01T00:00:00Z,1972-10-01T00:00:00Z,-122.035,41.7943
417944N1220350W001,680014,1972-02-18T00:00:00Z,4259.83,4259.83,0,25.8,4234.03,25.8,25.8,NA,Unknown,Water level accuracy is unknown,1,Department of Water Resources,NA,1,Department of Water Resources,NA,NA,24082,46N02W25R002M,46N02W25R002M,Unknown,Unknown,1-003,Butte Valley,Siskiyou,116,Irrigation,Single Well,72,1952-11-06 00:00:00 - 2020-04-01 12:00:00,188,other,NA,NA,NA,NA,1972,18010205,Above Normal,Above Normal,1971-10-01T00:00:00Z,1972-10-01T00:00:00Z,-122.035,41.7943
417944N1220350W001,680013,1971-12-16T00:00:00Z,4259.83,4259.83,0,26.5,4233.33,26.5,26.5,NA,Unknown,Water level accuracy is unknown,1,Department of Water Resources,NA,1,Department of Water Resources,NA,NA,24082,46N02W25R002M,46N02W25R002M,Unknown,Unknown,1-003,Butte Valley,Siskiyou,116,Irrigation,Single Well,72,1952-11-06 00:00:00 - 2020-04-01 12:00:00,188,other,NA,NA,NA,NA,1972,18010205,Above Normal,Above Normal,1971-10-01T00:00:00Z,1972-10-01T00:00:00Z,-122.035,41.7943
417944N1220350W001,680012,1971-10-29T00:00:00Z,4259.83,4259.83,0,28.5,4231.33,28.5,28.5,NA,Unknown,Water level accuracy is unknown,1,Department of Water Resources,NA,1,Department of Water Resources,NA,NA,24082,46N02W25R002M,46N02W25R002M,Unknown,Unknown,1-003,Butte Valley,Siskiyou,116,Irrigation,Single Well,72,1952-11-06 00:00:00 - 2020-04-01 12:00:00,188,fall,22.5,76.1,NA,NA,1972,18010205,Above Normal,Above Normal,1971-10-01T00:00:00Z,1972-10-01T00:00:00Z,-122.035,41.7943
417944N1220350W001,680011,1971-10-28T00:00:00Z,4259.83,4259.83,0,28.4,4231.43,28.4,28.4,NA,Unknown,Water level accuracy is unknown,1,Department of Water Resources,NA,1,Department of Water Resources,NA,NA,24082,46N02W25R002M,46N02W25R002M,Unknown,Unknown,1-003,Butte Valley,Siskiyou,116,Irrigation,Single Well,72,1952-11-06 00:00:00 - 2020-04-01 12:00:00,188,fall,22.5,76.1,NA,NA,1972,18010205,Above Normal,Above Normal,1971-10-01T00:00:00Z,1972-10-01T00:00:00Z,-122.035,41.7943
417944N1220350W001,680010,1971-10-07T00:00:00Z,4259.83,4259.83,0,30.3,4229.53,30.3,30.3,NA,Unknown,Water level accuracy is unknown,1,Department of Water Resources,NA,624,Bureau of Reclamation,NA,NA,24082,46N02W25R002M,46N02W25R002M,Unknown,Unknown,1-003,Butte Valley,Siskiyou,116,Irrigation,Single Well,72,1952-11-06 00:00:00 - 2020-04-01 12:00:00,188,fall,22.5,76.1,NA,NA,1972,18010205,Above Normal,Above Normal,1971-10-01T00:00:00Z,1972-10-01T00:00:00Z,-122.035,41.7943
417944N1220350W001,680009,1971-08-31T00:00:00Z,4259.83,4259.83,0,44.3,4215.53,44.3,44.3,NA,Unknown,Water level accuracy is unknown,1,Department of Water Resources,NA,624,Bureau of Reclamation,NA,NA,24082,46N02W25R002M,46N02W25R002M,Unknown,Unknown,1-003,Butte Valley,Siskiyou,116,Irrigation,Single Well,72,1952-11-06 00:00:00 - 2020-04-01 12:00:00,188,fall,22.5,76.1,NA,NA,1971,18010205,Wet,Wet,1970-10-01T00:00:00Z,1971-10-01T00:00:00Z,-122.035,41.7943
417944N1220350W001,680008,1971-07-28T00:00:00Z,4259.83,4259.83,0,44.1,4215.73,44.1,44.1,NA,Unknown,Water level accuracy is unknown,1,Department of Water Resources,NA,624,Bureau of Reclamation,NA,NA,24082,46N02W25R002M,46N02W25R002M,Unknown,Unknown,1-003,Butte Valley,Siskiyou,116,Irrigation,Single Well,72,1952-11-06 00:00:00 - 2020-04-01 12:00:00,188,other,NA,NA,NA,NA,1971,18010205,Wet,Wet,1970-10-01T00:00:00Z,1971-10-01T00:00:00Z,-122.035,41.7943
417944N1220350W001,680007,1971-06-30T00:00:00Z,4259.83,4259.83,0,35.2,4224.63,35.2,35.2,NA,Unknown,Water level accuracy is unknown,1,Department of Water Resources,NA,624,Bureau of Reclamation,NA,NA,24082,46N02W25R002M,46N02W25R002M,Unknown,Unknown,1-003,Butte Valley,Siskiyou,116,Irrigation,Single Well,72,1952-11-06 00:00:00 - 2020-04-01 12:00:00,188,other,NA,NA,NA,NA,1971,18010205,Wet,Wet,1970-10-01T00:00:00Z,1971-10-01T00:00:00Z,-122.035,41.7943
417944N1220350W001,680006,1971-04-06T00:00:00Z,4259.83,4259.83,0,25.2,4234.63,25.2,25.2,NA,Unknown,Water level accuracy is unknown,1,Department of Water Resources,NA,1,Department of Water Resources,NA,NA,24082,46N02W25R002M,46N02W25R002M,Unknown,Unknown,1-003,Butte Valley,Siskiyou,116,Irrigation,Single Well,72,1952-11-06 00:00:00 - 2020-04-01 12:00:00,188,spring,NA,NA,22.1,59.2,1971,18010205,Wet,Wet,1970-10-01T00:00:00Z,1971-10-01T00:00:00Z,-122.035,41.7943
417944N1220350W001,680005,1970-10-06T00:00:00Z,4259.83,4259.83,0,32.8,4227.03,32.8,32.8,NA,Unknown,Water level accuracy is unknown,1,Department of Water Resources,NA,1,Department of Water Resources,NA,NA,24082,46N02W25R002M,46N02W25R002M,Unknown,Unknown,1-003,Butte Valley,Siskiyou,116,Irrigation,Single Well,72,1952-11-06 00:00:00 - 2020-04-01 12:00:00,188,fall,22.5,76.1,NA,NA,1971,18010205,Wet,Wet,1970-10-01T00:00:00Z,1971-10-01T00:00:00Z,-122.035,41.7943
417944N1220350W001,680004,1970-04-06T00:00:00Z,4259.83,4259.83,0,23.5,4236.33,23.5,23.5,NA,Unknown,Water level accuracy is unknown,1,Department of Water Resources,NA,1,Department of Water Resources,NA,NA,24082,46N02W25R002M,46N02W25R002M,Unknown,Unknown,1-003,Butte Valley,Siskiyou,116,Irrigation,Single Well,72,1952-11-06 00:00:00 - 2020-04-01 12:00:00,188,spring,NA,NA,22.1,59.2,1970,18010205,Wet,Wet,1969-10-01T00:00:00Z,1970-10-01T00:00:00Z,-122.035,41.7943
417944N1220350W001,680003,1969-10-08T00:00:00Z,4259.83,4259.83,0,32.9,4226.93,32.9,32.9,NA,Unknown,Water level accuracy is unknown,1,Department of Water Resources,NA,1,Department of Water Resources,NA,NA,24082,46N02W25R002M,46N02W25R002M,Unknown,Unknown,1-003,Butte Valley,Siskiyou,116,Irrigation,Single Well,72,1952-11-06 00:00:00 - 2020-04-01 12:00:00,188,fall,22.5,76.1,NA,NA,1970,18010205,Wet,Wet,1969-10-01T00:00:00Z,1970-10-01T00:00:00Z,-122.035,41.7943
417944N1220350W001,680002,1969-04-07T00:00:00Z,4259.83,4259.83,0,24.9,4234.93,24.9,24.9,NA,Unknown,Water level accuracy is unknown,1,Department of Water Resources,NA,1,Department of Water Resources,NA,NA,24082,46N02W25R002M,46N02W25R002M,Unknown,Unknown,1-003,Butte Valley,Siskiyou,116,Irrigation,Single Well,72,1952-11-06 00:00:00 - 2020-04-01 12:00:00,188,spring,NA,NA,22.1,59.2,1969,18010205,Above Normal,Above Normal,1968-10-01T00:00:00Z,1969-10-01T00:00:00Z,-122.035,41.7943
417944N1220350W001,680001,1968-10-01T00:00:00Z,4259.83,4259.83,0,35.4,4224.43,35.4,35.4,NA,Unknown,Water level accuracy is unknown,1,Department of Water Resources,NA,1,Department of Water Resources,NA,NA,24082,46N02W25R002M,46N02W25R002M,Unknown,Unknown,1-003,Butte Valley,Siskiyou,116,Irrigation,Single Well,72,1952-11-06 00:00:00 - 2020-04-01 12:00:00,188,fall,22.5,76.1,NA,NA,1969,18010205,Above Normal,Above Normal,1968-10-01T00:00:00Z,1969-10-01T00:00:00Z,-122.035,41.7943
417944N1220350W001,680000,1968-04-12T00:00:00Z,4259.83,4259.83,0,24.6,4235.23,24.6,24.6,NA,Unknown,Water level accuracy is unknown,1,Department of Water Resources,NA,1,Department of Water Resources,NA,NA,24082,46N02W25R002M,46N02W25R002M,Unknown,Unknown,1-003,Butte Valley,Siskiyou,116,Irrigation,Single Well,72,1952-11-06 00:00:00 - 2020-04-01 12:00:00,188,spring,NA,NA,22.1,59.2,1968,18010205,Dry,Dry,1967-10-01T00:00:00Z,1968-10-01T00:00:00Z,-122.035,41.7943
417944N1220350W001,679999,1967-10-05T00:00:00Z,4259.83,4259.83,0,30,4229.83,30,30,NA,Unknown,Water level accuracy is unknown,1,Department of Water Resources,NA,1,Department of Water Resources,NA,NA,24082,46N02W25R002M,46N02W25R002M,Unknown,Unknown,1-003,Butte Valley,Siskiyou,116,Irrigation,Single Well,72,1952-11-06 00:00:00 - 2020-04-01 12:00:00,188,fall,22.5,76.1,NA,NA,1968,18010205,Dry,Dry,1967-10-01T00:00:00Z,1968-10-01T00:00:00Z,-122.035,41.7943
417944N1220350W001,679998,1967-04-13T00:00:00Z,4259.83,4259.83,0,24.8,4235.03,24.8,24.8,NA,Unknown,Water level accuracy is unknown,1,Department of Water Resources,NA,1,Department of Water Resources,NA,NA,24082,46N02W25R002M,46N02W25R002M,Unknown,Unknown,1-003,Butte Valley,Siskiyou,116,Irrigation,Single Well,72,1952-11-06 00:00:00 - 2020-04-01 12:00:00,188,spring,NA,NA,22.1,59.2,1967,18010205,Above Normal,Above Normal,1966-10-01T00:00:00Z,1967-10-01T00:00:00Z,-122.035,41.7943
417944N1220350W001,679997,1966-10-03T00:00:00Z,4259.83,4259.83,0,37,4222.83,37,37,NA,Unknown,Water level accuracy is unknown,1,Department of Water Resources,NA,1,Department of Water Resources,NA,NA,24082,46N02W25R002M,46N02W25R002M,Unknown,Unknown,1-003,Butte Valley,Siskiyou,116,Irrigation,Single Well,72,1952-11-06 00:00:00 - 2020-04-01 12:00:00,188,fall,22.5,76.1,NA,NA,1967,18010205,Above Normal,Above Normal,1966-10-01T00:00:00Z,1967-10-01T00:00:00Z,-122.035,41.7943
417944N1220350W001,679996,1966-04-04T00:00:00Z,4259.83,4259.83,0,26.1,4233.73,26.1,26.1,NA,Unknown,Water level accuracy is unknown,1,Department of Water Resources,NA,1,Department of Water Resources,NA,NA,24082,46N02W25R002M,46N02W25R002M,Unknown,Unknown,1-003,Butte Valley,Siskiyou,116,Irrigation,Single Well,72,1952-11-06 00:00:00 - 2020-04-01 12:00:00,188,spring,NA,NA,22.1,59.2,1966,18010205,Dry,Dry,1965-10-01T00:00:00Z,1966-10-01T00:00:00Z,-122.035,41.7943
417944N1220350W001,679995,1966-03-03T00:00:00Z,4259.83,4259.83,0,26.7,4233.13,26.7,26.7,NA,Unknown,Water level accuracy is unknown,1,Department of Water Resources,NA,1,Department of Water Resources,NA,NA,24082,46N02W25R002M,46N02W25R002M,Unknown,Unknown,1-003,Butte Valley,Siskiyou,116,Irrigation,Single Well,72,1952-11-06 00:00:00 - 2020-04-01 12:00:00,188,spring,NA,NA,22.1,59.2,1966,18010205,Dry,Dry,1965-10-01T00:00:00Z,1966-10-01T00:00:00Z,-122.035,41.7943
417944N1220350W001,679994,1966-02-04T00:00:00Z,4259.83,4259.83,0,26.8,4233.03,26.8,26.8,NA,Unknown,Water level accuracy is unknown,1,Department of Water Resources,NA,1,Department of Water Resources,NA,NA,24082,46N02W25R002M,46N02W25R002M,Unknown,Unknown,1-003,Butte Valley,Siskiyou,116,Irrigation,Single Well,72,1952-11-06 00:00:00 - 2020-04-01 12:00:00,188,other,NA,NA,NA,NA,1966,18010205,Dry,Dry,1965-10-01T00:00:00Z,1966-10-01T00:00:00Z,-122.035,41.7943
417944N1220350W001,679993,1966-01-11T00:00:00Z,4259.83,4259.83,0,26.8,4233.03,26.8,26.8,NA,Unknown,Water level accuracy is unknown,1,Department of Water Resources,NA,1,Department of Water Resources,NA,NA,24082,46N02W25R002M,46N02W25R002M,Unknown,Unknown,1-003,Butte Valley,Siskiyou,116,Irrigation,Single Well,72,1952-11-06 00:00:00 - 2020-04-01 12:00:00,188,other,NA,NA,NA,NA,1966,18010205,Dry,Dry,1965-10-01T00:00:00Z,1966-10-01T00:00:00Z,-122.035,41.7943
417944N1220350W001,679992,1965-12-03T00:00:00Z,4259.83,4259.83,0,26.7,4233.13,26.7,26.7,NA,Unknown,Water level accuracy is unknown,1,Department of Water Resources,NA,1,Department of Water Resources,NA,NA,24082,46N02W25R002M,46N02W25R002M,Unknown,Unknown,1-003,Butte Valley,Siskiyou,116,Irrigation,Single Well,72,1952-11-06 00:00:00 - 2020-04-01 12:00:00,188,other,NA,NA,NA,NA,1966,18010205,Dry,Dry,1965-10-01T00:00:00Z,1966-10-01T00:00:00Z,-122.035,41.7943
417944N1220350W001,679991,1965-10-28T00:00:00Z,4259.83,4259.83,0,27.8,4232.03,27.8,27.8,NA,Unknown,Water level accuracy is unknown,1,Department of Water Resources,NA,1,Department of Water Resources,NA,NA,24082,46N02W25R002M,46N02W25R002M,Unknown,Unknown,1-003,Butte Valley,Siskiyou,116,Irrigation,Single Well,72,1952-11-06 00:00:00 - 2020-04-01 12:00:00,188,fall,22.5,76.1,NA,NA,1966,18010205,Dry,Dry,1965-10-01T00:00:00Z,1966-10-01T00:00:00Z,-122.035,41.7943
417944N1220350W001,679990,1965-09-25T00:00:00Z,4259.83,4259.83,0,30,4229.83,30,30,NA,Unknown,Water level accuracy is unknown,1,Department of Water Resources,NA,1,Department of Water Resources,NA,NA,24082,46N02W25R002M,46N02W25R002M,Unknown,Unknown,1-003,Butte Valley,Siskiyou,116,Irrigation,Single Well,72,1952-11-06 00:00:00 - 2020-04-01 12:00:00,188,fall,22.5,76.1,NA,NA,1965,18010205,Wet,Wet,1964-10-01T00:00:00Z,1965-10-01T00:00:00Z,-122.035,41.7943
417944N1220350W001,679989,1965-08-23T00:00:00Z,4259.83,4259.83,NA,NA,NA,NA,NA,Pumping,NA,NA,1,Department of Water Resources,NA,1,Department of Water Resources,NA,NA,24082,46N02W25R002M,46N02W25R002M,Unknown,Unknown,1-003,Butte Valley,Siskiyou,116,Irrigation,Single Well,72,1952-11-06 00:00:00 - 2020-04-01 12:00:00,188,fall,22.5,76.1,NA,NA,1965,18010205,Wet,Wet,1964-10-01T00:00:00Z,1965-10-01T00:00:00Z,-122.035,41.7943
417944N1220350W001,679988,1965-08-17T00:00:00Z,4259.83,4259.83,0,40.1,4219.73,40.1,40.1,NA,Unknown,Water level accuracy is unknown,1,Department of Water Resources,NA,1,Department of Water Resources,NA,NA,24082,46N02W25R002M,46N02W25R002M,Unknown,Unknown,1-003,Butte Valley,Siskiyou,116,Irrigation,Single Well,72,1952-11-06 00:00:00 - 2020-04-01 12:00:00,188,fall,22.5,76.1,NA,NA,1965,18010205,Wet,Wet,1964-10-01T00:00:00Z,1965-10-01T00:00:00Z,-122.035,41.7943
417944N1220350W001,679987,1965-07-15T00:00:00Z,4259.83,4259.83,0,47.4,4212.43,47.4,47.4,NA,Unknown,Water level accuracy is unknown,1,Department of Water Resources,NA,1,Department of Water Resources,NA,NA,24082,46N02W25R002M,46N02W25R002M,Unknown,Unknown,1-003,Butte Valley,Siskiyou,116,Irrigation,Single Well,72,1952-11-06 00:00:00 - 2020-04-01 12:00:00,188,other,NA,NA,NA,NA,1965,18010205,Wet,Wet,1964-10-01T00:00:00Z,1965-10-01T00:00:00Z,-122.035,41.7943
417944N1220350W001,679986,1965-06-17T00:00:00Z,4259.83,4259.83,0,31.1,4228.73,31.1,31.1,NA,Unknown,Water level accuracy is unknown,1,Department of Water Resources,NA,1,Department of Water Resources,NA,NA,24082,46N02W25R002M,46N02W25R002M,Unknown,Unknown,1-003,Butte Valley,Siskiyou,116,Irrigation,Single Well,72,1952-11-06 00:00:00 - 2020-04-01 12:00:00,188,other,NA,NA,NA,NA,1965,18010205,Wet,Wet,1964-10-01T00:00:00Z,1965-10-01T00:00:00Z,-122.035,41.7943
417944N1220350W001,679985,1965-05-20T00:00:00Z,4259.83,4259.83,0,28.8,4231.03,28.8,28.8,NA,Unknown,Water level accuracy is unknown,1,Department of Water Resources,NA,1,Department of Water Resources,NA,NA,24082,46N02W25R002M,46N02W25R002M,Unknown,Unknown,1-003,Butte Valley,Siskiyou,116,Irrigation,Single Well,72,1952-11-06 00:00:00 - 2020-04-01 12:00:00,188,spring,NA,NA,22.1,59.2,1965,18010205,Wet,Wet,1964-10-01T00:00:00Z,1965-10-01T00:00:00Z,-122.035,41.7943
417944N1220350W001,679984,1965-04-16T00:00:00Z,4259.83,4259.83,0,23,4236.83,23,23,NA,Unknown,Water level accuracy is unknown,1,Department of Water Resources,NA,1,Department of Water Resources,NA,NA,24082,46N02W25R002M,46N02W25R002M,Unknown,Unknown,1-003,Butte Valley,Siskiyou,116,Irrigation,Single Well,72,1952-11-06 00:00:00 - 2020-04-01 12:00:00,188,spring,NA,NA,22.1,59.2,1965,18010205,Wet,Wet,1964-10-01T00:00:00Z,1965-10-01T00:00:00Z,-122.035,41.7943
417944N1220350W001,679983,1965-03-18T00:00:00Z,4259.83,4259.83,0,22.1,4237.73,22.1,22.1,NA,Unknown,Water level accuracy is unknown,1,Department of Water Resources,NA,1,Department of Water Resources,NA,NA,24082,46N02W25R002M,46N02W25R002M,Unknown,Unknown,1-003,Butte Valley,Siskiyou,116,Irrigation,Single Well,72,1952-11-06 00:00:00 - 2020-04-01 12:00:00,188,spring,NA,NA,22.1,59.2,1965,18010205,Wet,Wet,1964-10-01T00:00:00Z,1965-10-01T00:00:00Z,-122.035,41.7943
417944N1220350W001,679982,1965-02-18T00:00:00Z,4259.83,4259.83,0,21.1,4238.73,21.1,21.1,NA,Unknown,Water level accuracy is unknown,1,Department of Water Resources,NA,1,Department of Water Resources,NA,NA,24082,46N02W25R002M,46N02W25R002M,Unknown,Unknown,1-003,Butte Valley,Siskiyou,116,Irrigation,Single Well,72,1952-11-06 00:00:00 - 2020-04-01 12:00:00,188,other,NA,NA,NA,NA,1965,18010205,Wet,Wet,1964-10-01T00:00:00Z,1965-10-01T00:00:00Z,-122.035,41.7943
417944N1220350W001,679981,1965-01-20T00:00:00Z,4259.83,4259.83,0,22.4,4237.43,22.4,22.4,NA,Unknown,Water level accuracy is unknown,1,Department of Water Resources,NA,1,Department of Water Resources,NA,NA,24082,46N02W25R002M,46N02W25R002M,Unknown,Unknown,1-003,Butte Valley,Siskiyou,116,Irrigation,Single Well,72,1952-11-06 00:00:00 - 2020-04-01 12:00:00,188,other,NA,NA,NA,NA,1965,18010205,Wet,Wet,1964-10-01T00:00:00Z,1965-10-01T00:00:00Z,-122.035,41.7943
417944N1220350W001,679980,1964-12-17T00:00:00Z,4259.83,4259.83,0,28.8,4231.03,28.8,28.8,NA,Unknown,Water level accuracy is unknown,1,Department of Water Resources,NA,1,Department of Water Resources,NA,NA,24082,46N02W25R002M,46N02W25R002M,Unknown,Unknown,1-003,Butte Valley,Siskiyou,116,Irrigation,Single Well,72,1952-11-06 00:00:00 - 2020-04-01 12:00:00,188,other,NA,NA,NA,NA,1965,18010205,Wet,Wet,1964-10-01T00:00:00Z,1965-10-01T00:00:00Z,-122.035,41.7943
417944N1220350W001,679979,1964-11-19T00:00:00Z,4259.83,4259.83,0,30,4229.83,30,30,NA,Unknown,Water level accuracy is unknown,1,Department of Water Resources,NA,1,Department of Water Resources,NA,NA,24082,46N02W25R002M,46N02W25R002M,Unknown,Unknown,1-003,Butte Valley,Siskiyou,116,Irrigation,Single Well,72,1952-11-06 00:00:00 - 2020-04-01 12:00:00,188,fall,22.5,76.1,NA,NA,1965,18010205,Wet,Wet,1964-10-01T00:00:00Z,1965-10-01T00:00:00Z,-122.035,41.7943
417944N1220350W001,679978,1964-10-15T00:00:00Z,4259.83,4259.83,0,34.2,4225.63,34.2,34.2,NA,Unknown,Water level accuracy is unknown,1,Department of Water Resources,NA,1,Department of Water Resources,NA,NA,24082,46N02W25R002M,46N02W25R002M,Unknown,Unknown,1-003,Butte Valley,Siskiyou,116,Irrigation,Single Well,72,1952-11-06 00:00:00 - 2020-04-01 12:00:00,188,fall,22.5,76.1,NA,NA,1965,18010205,Wet,Wet,1964-10-01T00:00:00Z,1965-10-01T00:00:00Z,-122.035,41.7943
417944N1220350W001,679977,1964-09-17T00:00:00Z,4259.83,4259.83,0,28.5,4231.33,28.5,28.5,NA,Unknown,Water level accuracy is unknown,1,Department of Water Resources,NA,1,Department of Water Resources,NA,NA,24082,46N02W25R002M,46N02W25R002M,Unknown,Unknown,1-003,Butte Valley,Siskiyou,116,Irrigation,Single Well,72,1952-11-06 00:00:00 - 2020-04-01 12:00:00,188,fall,22.5,76.1,NA,NA,1964,18010205,Above Normal,Above Normal,1963-10-01T00:00:00Z,1964-10-01T00:00:00Z,-122.035,41.7943
417944N1220350W001,679976,1964-08-21T00:00:00Z,4259.83,4259.83,NA,NA,NA,NA,NA,Pumping,NA,NA,1,Department of Water Resources,NA,1,Department of Water Resources,NA,NA,24082,46N02W25R002M,46N02W25R002M,Unknown,Unknown,1-003,Butte Valley,Siskiyou,116,Irrigation,Single Well,72,1952-11-06 00:00:00 - 2020-04-01 12:00:00,188,fall,22.5,76.1,NA,NA,1964,18010205,Above Normal,Above Normal,1963-10-01T00:00:00Z,1964-10-01T00:00:00Z,-122.035,41.7943
417944N1220350W001,679975,1964-07-16T00:00:00Z,4259.83,4259.83,NA,NA,NA,NA,NA,Pumping,NA,NA,1,Department of Water Resources,NA,1,Department of Water Resources,NA,NA,24082,46N02W25R002M,46N02W25R002M,Unknown,Unknown,1-003,Butte Valley,Siskiyou,116,Irrigation,Single Well,72,1952-11-06 00:00:00 - 2020-04-01 12:00:00,188,other,NA,NA,NA,NA,1964,18010205,Above Normal,Above Normal,1963-10-01T00:00:00Z,1964-10-01T00:00:00Z,-122.035,41.7943
417944N1220350W001,679974,1964-06-18T00:00:00Z,4259.83,4259.83,0,29.3,4230.53,29.3,29.3,NA,Unknown,Water level accuracy is unknown,1,Department of Water Resources,NA,1,Department of Water Resources,NA,NA,24082,46N02W25R002M,46N02W25R002M,Unknown,Unknown,1-003,Butte Valley,Siskiyou,116,Irrigation,Single Well,72,1952-11-06 00:00:00 - 2020-04-01 12:00:00,188,other,NA,NA,NA,NA,1964,18010205,Above Normal,Above Normal,1963-10-01T00:00:00Z,1964-10-01T00:00:00Z,-122.035,41.7943
417944N1220350W001,679973,1964-05-14T00:00:00Z,4259.83,4259.83,0,31.3,4228.53,31.3,31.3,NA,Unknown,Water level accuracy is unknown,1,Department of Water Resources,NA,1,Department of Water Resources,NA,NA,24082,46N02W25R002M,46N02W25R002M,Unknown,Unknown,1-003,Butte Valley,Siskiyou,116,Irrigation,Single Well,72,1952-11-06 00:00:00 - 2020-04-01 12:00:00,188,spring,NA,NA,22.1,59.2,1964,18010205,Above Normal,Above Normal,1963-10-01T00:00:00Z,1964-10-01T00:00:00Z,-122.035,41.7943
417944N1220350W001,679972,1964-04-16T00:00:00Z,4259.83,4259.83,0,26.2,4233.63,26.2,26.2,NA,Unknown,Water level accuracy is unknown,1,Department of Water Resources,NA,1,Department of Water Resources,NA,NA,24082,46N02W25R002M,46N02W25R002M,Unknown,Unknown,1-003,Butte Valley,Siskiyou,116,Irrigation,Single Well,72,1952-11-06 00:00:00 - 2020-04-01 12:00:00,188,spring,NA,NA,22.1,59.2,1964,18010205,Above Normal,Above Normal,1963-10-01T00:00:00Z,1964-10-01T00:00:00Z,-122.035,41.7943
417944N1220350W001,679971,1964-03-19T00:00:00Z,4259.83,4259.83,0,26.1,4233.73,26.1,26.1,NA,Unknown,Water level accuracy is unknown,1,Department of Water Resources,NA,1,Department of Water Resources,NA,NA,24082,46N02W25R002M,46N02W25R002M,Unknown,Unknown,1-003,Butte Valley,Siskiyou,116,Irrigation,Single Well,72,1952-11-06 00:00:00 - 2020-04-01 12:00:00,188,spring,NA,NA,22.1,59.2,1964,18010205,Above Normal,Above Normal,1963-10-01T00:00:00Z,1964-10-01T00:00:00Z,-122.035,41.7943
417944N1220350W001,679970,1964-02-27T00:00:00Z,4259.83,4259.83,0,25.9,4233.93,25.9,25.9,NA,Unknown,Water level accuracy is unknown,1,Department of Water Resources,NA,1,Department of Water Resources,NA,NA,24082,46N02W25R002M,46N02W25R002M,Unknown,Unknown,1-003,Butte Valley,Siskiyou,116,Irrigation,Single Well,72,1952-11-06 00:00:00 - 2020-04-01 12:00:00,188,other,NA,NA,NA,NA,1964,18010205,Above Normal,Above Normal,1963-10-01T00:00:00Z,1964-10-01T00:00:00Z,-122.035,41.7943
417944N1220350W001,679969,1964-01-17T00:00:00Z,4259.83,4259.83,0,25.6,4234.23,25.6,25.6,NA,Unknown,Water level accuracy is unknown,1,Department of Water Resources,NA,1,Department of Water Resources,NA,NA,24082,46N02W25R002M,46N02W25R002M,Unknown,Unknown,1-003,Butte Valley,Siskiyou,116,Irrigation,Single Well,72,1952-11-06 00:00:00 - 2020-04-01 12:00:00,188,other,NA,NA,NA,NA,1964,18010205,Above Normal,Above Normal,1963-10-01T00:00:00Z,1964-10-01T00:00:00Z,-122.035,41.7943
417944N1220350W001,679968,1963-12-16T00:00:00Z,4259.83,4259.83,0,26,4233.83,26,26,NA,Unknown,Water level accuracy is unknown,1,Department of Water Resources,NA,1,Department of Water Resources,NA,NA,24082,46N02W25R002M,46N02W25R002M,Unknown,Unknown,1-003,Butte Valley,Siskiyou,116,Irrigation,Single Well,72,1952-11-06 00:00:00 - 2020-04-01 12:00:00,188,other,NA,NA,NA,NA,1964,18010205,Above Normal,Above Normal,1963-10-01T00:00:00Z,1964-10-01T00:00:00Z,-122.035,41.7943
417944N1220350W001,679967,1963-11-22T00:00:00Z,4259.83,4259.83,0,26,4233.83,26,26,NA,Unknown,Water level accuracy is unknown,1,Department of Water Resources,NA,1,Department of Water Resources,NA,NA,24082,46N02W25R002M,46N02W25R002M,Unknown,Unknown,1-003,Butte Valley,Siskiyou,116,Irrigation,Single Well,72,1952-11-06 00:00:00 - 2020-04-01 12:00:00,188,fall,22.5,76.1,NA,NA,1964,18010205,Above Normal,Above Normal,1963-10-01T00:00:00Z,1964-10-01T00:00:00Z,-122.035,41.7943
417944N1220350W001,679966,1963-10-25T00:00:00Z,4259.83,4259.83,0,27.2,4232.63,27.2,27.2,NA,Unknown,Water level accuracy is unknown,1,Department of Water Resources,NA,1,Department of Water Resources,NA,NA,24082,46N02W25R002M,46N02W25R002M,Unknown,Unknown,1-003,Butte Valley,Siskiyou,116,Irrigation,Single Well,72,1952-11-06 00:00:00 - 2020-04-01 12:00:00,188,fall,22.5,76.1,NA,NA,1964,18010205,Above Normal,Above Normal,1963-10-01T00:00:00Z,1964-10-01T00:00:00Z,-122.035,41.7943
417944N1220350W001,679965,1963-09-20T00:00:00Z,4259.83,4259.83,0,31.5,4228.33,31.5,31.5,NA,Unknown,Water level accuracy is unknown,1,Department of Water Resources,NA,1,Department of Water Resources,NA,NA,24082,46N02W25R002M,46N02W25R002M,Unknown,Unknown,1-003,Butte Valley,Siskiyou,116,Irrigation,Single Well,72,1952-11-06 00:00:00 - 2020-04-01 12:00:00,188,fall,22.5,76.1,NA,NA,1963,18010205,Wet,Wet,1962-10-01T00:00:00Z,1963-10-01T00:00:00Z,-122.035,41.7943
417944N1220350W001,679964,1963-08-21T00:00:00Z,4259.83,4259.83,NA,NA,NA,NA,NA,Pumping,NA,NA,1,Department of Water Resources,NA,1,Department of Water Resources,NA,NA,24082,46N02W25R002M,46N02W25R002M,Unknown,Unknown,1-003,Butte Valley,Siskiyou,116,Irrigation,Single Well,72,1952-11-06 00:00:00 - 2020-04-01 12:00:00,188,fall,22.5,76.1,NA,NA,1963,18010205,Wet,Wet,1962-10-01T00:00:00Z,1963-10-01T00:00:00Z,-122.035,41.7943
417944N1220350W001,679963,1963-07-12T00:00:00Z,4259.83,4259.83,NA,NA,NA,NA,NA,Pumping,NA,NA,1,Department of Water Resources,NA,1,Department of Water Resources,NA,NA,24082,46N02W25R002M,46N02W25R002M,Unknown,Unknown,1-003,Butte Valley,Siskiyou,116,Irrigation,Single Well,72,1952-11-06 00:00:00 - 2020-04-01 12:00:00,188,other,NA,NA,NA,NA,1963,18010205,Wet,Wet,1962-10-01T00:00:00Z,1963-10-01T00:00:00Z,-122.035,41.7943
417944N1220350W001,679962,1963-06-20T00:00:00Z,4259.83,4259.83,NA,NA,NA,NA,NA,Pumping,NA,NA,1,Department of Water Resources,NA,1,Department of Water Resources,NA,NA,24082,46N02W25R002M,46N02W25R002M,Unknown,Unknown,1-003,Butte Valley,Siskiyou,116,Irrigation,Single Well,72,1952-11-06 00:00:00 - 2020-04-01 12:00:00,188,other,NA,NA,NA,NA,1963,18010205,Wet,Wet,1962-10-01T00:00:00Z,1963-10-01T00:00:00Z,-122.035,41.7943
417944N1220350W001,679961,1963-05-25T00:00:00Z,4259.83,4259.83,0,23.7,4236.13,23.7,23.7,NA,Unknown,Water level accuracy is unknown,1,Department of Water Resources,NA,1,Department of Water Resources,NA,NA,24082,46N02W25R002M,46N02W25R002M,Unknown,Unknown,1-003,Butte Valley,Siskiyou,116,Irrigation,Single Well,72,1952-11-06 00:00:00 - 2020-04-01 12:00:00,188,spring,NA,NA,22.1,59.2,1963,18010205,Wet,Wet,1962-10-01T00:00:00Z,1963-10-01T00:00:00Z,-122.035,41.7943
417944N1220350W001,679960,1963-04-25T00:00:00Z,4259.83,4259.83,0,23.5,4236.33,23.5,23.5,NA,Unknown,Water level accuracy is unknown,1,Department of Water Resources,NA,1,Department of Water Resources,NA,NA,24082,46N02W25R002M,46N02W25R002M,Unknown,Unknown,1-003,Butte Valley,Siskiyou,116,Irrigation,Single Well,72,1952-11-06 00:00:00 - 2020-04-01 12:00:00,188,spring,NA,NA,22.1,59.2,1963,18010205,Wet,Wet,1962-10-01T00:00:00Z,1963-10-01T00:00:00Z,-122.035,41.7943
417944N1220350W001,679959,1963-03-21T00:00:00Z,4259.83,4259.83,0,24.5,4235.33,24.5,24.5,NA,Unknown,Water level accuracy is unknown,1,Department of Water Resources,NA,1,Department of Water Resources,NA,NA,24082,46N02W25R002M,46N02W25R002M,Unknown,Unknown,1-003,Butte Valley,Siskiyou,116,Irrigation,Single Well,72,1952-11-06 00:00:00 - 2020-04-01 12:00:00,188,spring,NA,NA,22.1,59.2,1963,18010205,Wet,Wet,1962-10-01T00:00:00Z,1963-10-01T00:00:00Z,-122.035,41.7943
417944N1220350W001,679958,1963-02-20T00:00:00Z,4259.83,4259.83,0,24.9,4234.93,24.9,24.9,NA,Unknown,Water level accuracy is unknown,1,Department of Water Resources,NA,1,Department of Water Resources,NA,NA,24082,46N02W25R002M,46N02W25R002M,Unknown,Unknown,1-003,Butte Valley,Siskiyou,116,Irrigation,Single Well,72,1952-11-06 00:00:00 - 2020-04-01 12:00:00,188,other,NA,NA,NA,NA,1963,18010205,Wet,Wet,1962-10-01T00:00:00Z,1963-10-01T00:00:00Z,-122.035,41.7943
417944N1220350W001,679957,1963-01-23T00:00:00Z,4259.83,4259.83,0,26.6,4233.23,26.6,26.6,NA,Unknown,Water level accuracy is unknown,1,Department of Water Resources,NA,1,Department of Water Resources,NA,NA,24082,46N02W25R002M,46N02W25R002M,Unknown,Unknown,1-003,Butte Valley,Siskiyou,116,Irrigation,Single Well,72,1952-11-06 00:00:00 - 2020-04-01 12:00:00,188,other,NA,NA,NA,NA,1963,18010205,Wet,Wet,1962-10-01T00:00:00Z,1963-10-01T00:00:00Z,-122.035,41.7943
417944N1220350W001,679956,1962-12-17T00:00:00Z,4259.83,4259.83,0,26.9,4232.93,26.9,26.9,NA,Unknown,Water level accuracy is unknown,1,Department of Water Resources,NA,1,Department of Water Resources,NA,NA,24082,46N02W25R002M,46N02W25R002M,Unknown,Unknown,1-003,Butte Valley,Siskiyou,116,Irrigation,Single Well,72,1952-11-06 00:00:00 - 2020-04-01 12:00:00,188,other,NA,NA,NA,NA,1963,18010205,Wet,Wet,1962-10-01T00:00:00Z,1963-10-01T00:00:00Z,-122.035,41.7943
417944N1220350W001,679955,1962-11-28T00:00:00Z,4259.83,4259.83,0,27.1,4232.73,27.1,27.1,NA,Unknown,Water level accuracy is unknown,1,Department of Water Resources,NA,1,Department of Water Resources,NA,NA,24082,46N02W25R002M,46N02W25R002M,Unknown,Unknown,1-003,Butte Valley,Siskiyou,116,Irrigation,Single Well,72,1952-11-06 00:00:00 - 2020-04-01 12:00:00,188,fall,22.5,76.1,NA,NA,1963,18010205,Wet,Wet,1962-10-01T00:00:00Z,1963-10-01T00:00:00Z,-122.035,41.7943
417944N1220350W001,679954,1962-10-23T00:00:00Z,4259.83,4259.83,0,28.4,4231.43,28.4,28.4,NA,Unknown,Water level accuracy is unknown,1,Department of Water Resources,NA,1,Department of Water Resources,NA,NA,24082,46N02W25R002M,46N02W25R002M,Unknown,Unknown,1-003,Butte Valley,Siskiyou,116,Irrigation,Single Well,72,1952-11-06 00:00:00 - 2020-04-01 12:00:00,188,fall,22.5,76.1,NA,NA,1963,18010205,Wet,Wet,1962-10-01T00:00:00Z,1963-10-01T00:00:00Z,-122.035,41.7943
417944N1220350W001,679953,1962-09-21T00:00:00Z,4259.83,4259.83,0,34.2,4225.63,34.2,34.2,NA,Unknown,Water level accuracy is unknown,1,Department of Water Resources,NA,1,Department of Water Resources,NA,NA,24082,46N02W25R002M,46N02W25R002M,Unknown,Unknown,1-003,Butte Valley,Siskiyou,116,Irrigation,Single Well,72,1952-11-06 00:00:00 - 2020-04-01 12:00:00,188,fall,22.5,76.1,NA,NA,1962,18010205,Below Normal,Below Normal,1961-10-01T00:00:00Z,1962-10-01T00:00:00Z,-122.035,41.7943
417944N1220350W001,679952,1962-07-26T00:00:00Z,4259.83,4259.83,NA,NA,NA,NA,NA,Pumping,NA,NA,1,Department of Water Resources,NA,5167,United States Geological Survey,NA,NA,24082,46N02W25R002M,46N02W25R002M,Unknown,Unknown,1-003,Butte Valley,Siskiyou,116,Irrigation,Single Well,72,1952-11-06 00:00:00 - 2020-04-01 12:00:00,188,other,NA,NA,NA,NA,1962,18010205,Below Normal,Below Normal,1961-10-01T00:00:00Z,1962-10-01T00:00:00Z,-122.035,41.7943
417944N1220350W001,679951,1962-06-27T00:00:00Z,4259.83,4259.83,NA,NA,NA,NA,NA,Pumping,NA,NA,1,Department of Water Resources,NA,1,Department of Water Resources,NA,NA,24082,46N02W25R002M,46N02W25R002M,Unknown,Unknown,1-003,Butte Valley,Siskiyou,116,Irrigation,Single Well,72,1952-11-06 00:00:00 - 2020-04-01 12:00:00,188,other,NA,NA,NA,NA,1962,18010205,Below Normal,Below Normal,1961-10-01T00:00:00Z,1962-10-01T00:00:00Z,-122.035,41.7943
417944N1220350W001,679950,1962-05-25T00:00:00Z,4259.83,4259.83,0,28,4231.83,28,28,NA,Unknown,Water level accuracy is unknown,1,Department of Water Resources,NA,1,Department of Water Resources,NA,NA,24082,46N02W25R002M,46N02W25R002M,Unknown,Unknown,1-003,Butte Valley,Siskiyou,116,Irrigation,Single Well,72,1952-11-06 00:00:00 - 2020-04-01 12:00:00,188,spring,NA,NA,22.1,59.2,1962,18010205,Below Normal,Below Normal,1961-10-01T00:00:00Z,1962-10-01T00:00:00Z,-122.035,41.7943
417944N1220350W001,679949,1962-04-27T00:00:00Z,4259.83,4259.83,0,28.7,4231.13,28.7,28.7,NA,Unknown,Water level accuracy is unknown,1,Department of Water Resources,NA,1,Department of Water Resources,NA,NA,24082,46N02W25R002M,46N02W25R002M,Unknown,Unknown,1-003,Butte Valley,Siskiyou,116,Irrigation,Single Well,72,1952-11-06 00:00:00 - 2020-04-01 12:00:00,188,spring,NA,NA,22.1,59.2,1962,18010205,Below Normal,Below Normal,1961-10-01T00:00:00Z,1962-10-01T00:00:00Z,-122.035,41.7943
417944N1220350W001,679948,1962-03-28T00:00:00Z,4259.83,4259.83,0,28.2,4231.63,28.2,28.2,NA,Unknown,Water level accuracy is unknown,1,Department of Water Resources,NA,1,Department of Water Resources,NA,NA,24082,46N02W25R002M,46N02W25R002M,Unknown,Unknown,1-003,Butte Valley,Siskiyou,116,Irrigation,Single Well,72,1952-11-06 00:00:00 - 2020-04-01 12:00:00,188,spring,NA,NA,22.1,59.2,1962,18010205,Below Normal,Below Normal,1961-10-01T00:00:00Z,1962-10-01T00:00:00Z,-122.035,41.7943
417944N1220350W001,679947,1962-02-28T00:00:00Z,4259.83,4259.83,0,28.1,4231.73,28.1,28.1,NA,Unknown,Water level accuracy is unknown,1,Department of Water Resources,NA,1,Department of Water Resources,NA,NA,24082,46N02W25R002M,46N02W25R002M,Unknown,Unknown,1-003,Butte Valley,Siskiyou,116,Irrigation,Single Well,72,1952-11-06 00:00:00 - 2020-04-01 12:00:00,188,other,NA,NA,NA,NA,1962,18010205,Below Normal,Below Normal,1961-10-01T00:00:00Z,1962-10-01T00:00:00Z,-122.035,41.7943
417944N1220350W001,679946,1961-12-28T00:00:00Z,4259.83,4259.83,0,29.5,4230.33,29.5,29.5,NA,Unknown,Water level accuracy is unknown,1,Department of Water Resources,NA,1,Department of Water Resources,NA,NA,24082,46N02W25R002M,46N02W25R002M,Unknown,Unknown,1-003,Butte Valley,Siskiyou,116,Irrigation,Single Well,72,1952-11-06 00:00:00 - 2020-04-01 12:00:00,188,other,NA,NA,NA,NA,1962,18010205,Below Normal,Below Normal,1961-10-01T00:00:00Z,1962-10-01T00:00:00Z,-122.035,41.7943
417944N1220350W001,679945,1961-11-29T00:00:00Z,4259.83,4259.83,0,30,4229.83,30,30,NA,Unknown,Water level accuracy is unknown,1,Department of Water Resources,NA,1,Department of Water Resources,NA,NA,24082,46N02W25R002M,46N02W25R002M,Unknown,Unknown,1-003,Butte Valley,Siskiyou,116,Irrigation,Single Well,72,1952-11-06 00:00:00 - 2020-04-01 12:00:00,188,fall,22.5,76.1,NA,NA,1962,18010205,Below Normal,Below Normal,1961-10-01T00:00:00Z,1962-10-01T00:00:00Z,-122.035,41.7943
417944N1220350W001,679944,1961-10-25T00:00:00Z,4259.83,4259.83,0,30.8,4229.03,30.8,30.8,NA,Unknown,Water level accuracy is unknown,1,Department of Water Resources,NA,1,Department of Water Resources,NA,NA,24082,46N02W25R002M,46N02W25R002M,Unknown,Unknown,1-003,Butte Valley,Siskiyou,116,Irrigation,Single Well,72,1952-11-06 00:00:00 - 2020-04-01 12:00:00,188,fall,22.5,76.1,NA,NA,1962,18010205,Below Normal,Below Normal,1961-10-01T00:00:00Z,1962-10-01T00:00:00Z,-122.035,41.7943
417944N1220350W001,679943,1961-09-29T00:00:00Z,4259.83,4259.83,0,33.1,4226.73,33.1,33.1,NA,Unknown,Water level accuracy is unknown,1,Department of Water Resources,NA,1,Department of Water Resources,NA,NA,24082,46N02W25R002M,46N02W25R002M,Unknown,Unknown,1-003,Butte Valley,Siskiyou,116,Irrigation,Single Well,72,1952-11-06 00:00:00 - 2020-04-01 12:00:00,188,fall,22.5,76.1,NA,NA,1961,18010205,Below Normal,Below Normal,1960-10-01T00:00:00Z,1961-10-01T00:00:00Z,-122.035,41.7943
417944N1220350W001,679942,1961-08-30T00:00:00Z,4259.83,4259.83,0,43.7,4216.13,43.7,43.7,NA,Unknown,Water level accuracy is unknown,1,Department of Water Resources,NA,1,Department of Water Resources,NA,NA,24082,46N02W25R002M,46N02W25R002M,Unknown,Unknown,1-003,Butte Valley,Siskiyou,116,Irrigation,Single Well,72,1952-11-06 00:00:00 - 2020-04-01 12:00:00,188,fall,22.5,76.1,NA,NA,1961,18010205,Below Normal,Below Normal,1960-10-01T00:00:00Z,1961-10-01T00:00:00Z,-122.035,41.7943
417944N1220350W001,679941,1961-06-28T00:00:00Z,4259.83,4259.83,NA,NA,NA,NA,NA,Pumping,NA,NA,1,Department of Water Resources,NA,1,Department of Water Resources,NA,NA,24082,46N02W25R002M,46N02W25R002M,Unknown,Unknown,1-003,Butte Valley,Siskiyou,116,Irrigation,Single Well,72,1952-11-06 00:00:00 - 2020-04-01 12:00:00,188,other,NA,NA,NA,NA,1961,18010205,Below Normal,Below Normal,1960-10-01T00:00:00Z,1961-10-01T00:00:00Z,-122.035,41.7943
417944N1220350W001,679940,1961-05-17T00:00:00Z,4259.83,4259.83,NA,NA,NA,NA,NA,Pumping,NA,NA,1,Department of Water Resources,NA,1,Department of Water Resources,NA,NA,24082,46N02W25R002M,46N02W25R002M,Unknown,Unknown,1-003,Butte Valley,Siskiyou,116,Irrigation,Single Well,72,1952-11-06 00:00:00 - 2020-04-01 12:00:00,188,spring,NA,NA,22.1,59.2,1961,18010205,Below Normal,Below Normal,1960-10-01T00:00:00Z,1961-10-01T00:00:00Z,-122.035,41.7943
417944N1220350W001,679939,1961-04-28T00:00:00Z,4259.83,4259.83,0,29.8,4230.03,29.8,29.8,NA,Unknown,Water level accuracy is unknown,1,Department of Water Resources,NA,1,Department of Water Resources,NA,NA,24082,46N02W25R002M,46N02W25R002M,Unknown,Unknown,1-003,Butte Valley,Siskiyou,116,Irrigation,Single Well,72,1952-11-06 00:00:00 - 2020-04-01 12:00:00,188,spring,NA,NA,22.1,59.2,1961,18010205,Below Normal,Below Normal,1960-10-01T00:00:00Z,1961-10-01T00:00:00Z,-122.035,41.7943
417944N1220350W001,679938,1961-03-29T00:00:00Z,4259.83,4259.83,0,28.2,4231.63,28.2,28.2,NA,Unknown,Water level accuracy is unknown,1,Department of Water Resources,NA,1,Department of Water Resources,NA,NA,24082,46N02W25R002M,46N02W25R002M,Unknown,Unknown,1-003,Butte Valley,Siskiyou,116,Irrigation,Single Well,72,1952-11-06 00:00:00 - 2020-04-01 12:00:00,188,spring,NA,NA,22.1,59.2,1961,18010205,Below Normal,Below Normal,1960-10-01T00:00:00Z,1961-10-01T00:00:00Z,-122.035,41.7943
417944N1220350W001,679937,1961-02-22T00:00:00Z,4259.83,4259.83,0,28.3,4231.53,28.3,28.3,NA,Unknown,Water level accuracy is unknown,1,Department of Water Resources,NA,1,Department of Water Resources,NA,NA,24082,46N02W25R002M,46N02W25R002M,Unknown,Unknown,1-003,Butte Valley,Siskiyou,116,Irrigation,Single Well,72,1952-11-06 00:00:00 - 2020-04-01 12:00:00,188,other,NA,NA,NA,NA,1961,18010205,Below Normal,Below Normal,1960-10-01T00:00:00Z,1961-10-01T00:00:00Z,-122.035,41.7943
417944N1220350W001,679936,1961-01-25T00:00:00Z,4259.83,4259.83,0,29.1,4230.73,29.1,29.1,NA,Unknown,Water level accuracy is unknown,1,Department of Water Resources,NA,1,Department of Water Resources,NA,NA,24082,46N02W25R002M,46N02W25R002M,Unknown,Unknown,1-003,Butte Valley,Siskiyou,116,Irrigation,Single Well,72,1952-11-06 00:00:00 - 2020-04-01 12:00:00,188,other,NA,NA,NA,NA,1961,18010205,Below Normal,Below Normal,1960-10-01T00:00:00Z,1961-10-01T00:00:00Z,-122.035,41.7943
417944N1220350W001,679935,1960-12-29T00:00:00Z,4259.83,4259.83,0,28.9,4230.93,28.9,28.9,NA,Unknown,Water level accuracy is unknown,1,Department of Water Resources,NA,1,Department of Water Resources,NA,NA,24082,46N02W25R002M,46N02W25R002M,Unknown,Unknown,1-003,Butte Valley,Siskiyou,116,Irrigation,Single Well,72,1952-11-06 00:00:00 - 2020-04-01 12:00:00,188,other,NA,NA,NA,NA,1961,18010205,Below Normal,Below Normal,1960-10-01T00:00:00Z,1961-10-01T00:00:00Z,-122.035,41.7943
417944N1220350W001,679934,1960-11-16T00:00:00Z,4259.83,4259.83,0,30.1,4229.73,30.1,30.1,NA,Unknown,Water level accuracy is unknown,1,Department of Water Resources,NA,1,Department of Water Resources,NA,NA,24082,46N02W25R002M,46N02W25R002M,Unknown,Unknown,1-003,Butte Valley,Siskiyou,116,Irrigation,Single Well,72,1952-11-06 00:00:00 - 2020-04-01 12:00:00,188,fall,22.5,76.1,NA,NA,1961,18010205,Below Normal,Below Normal,1960-10-01T00:00:00Z,1961-10-01T00:00:00Z,-122.035,41.7943
417944N1220350W001,679933,1960-10-26T00:00:00Z,4259.83,4259.83,0,31.1,4228.73,31.1,31.1,NA,Unknown,Water level accuracy is unknown,1,Department of Water Resources,NA,1,Department of Water Resources,NA,NA,24082,46N02W25R002M,46N02W25R002M,Unknown,Unknown,1-003,Butte Valley,Siskiyou,116,Irrigation,Single Well,72,1952-11-06 00:00:00 - 2020-04-01 12:00:00,188,fall,22.5,76.1,NA,NA,1961,18010205,Below Normal,Below Normal,1960-10-01T00:00:00Z,1961-10-01T00:00:00Z,-122.035,41.7943
417944N1220350W001,679932,1960-09-21T00:00:00Z,4259.83,4259.83,0,35.8,4224.03,35.8,35.8,NA,Unknown,Water level accuracy is unknown,1,Department of Water Resources,NA,1,Department of Water Resources,NA,NA,24082,46N02W25R002M,46N02W25R002M,Unknown,Unknown,1-003,Butte Valley,Siskiyou,116,Irrigation,Single Well,72,1952-11-06 00:00:00 - 2020-04-01 12:00:00,188,fall,22.5,76.1,NA,NA,1960,18010205,Critical,Critical,1959-10-01T00:00:00Z,1960-10-01T00:00:00Z,-122.035,41.7943
417944N1220350W001,679931,1960-08-24T00:00:00Z,4259.83,4259.83,0,42.1,4217.73,42.1,42.1,NA,Unknown,Water level accuracy is unknown,1,Department of Water Resources,NA,1,Department of Water Resources,NA,NA,24082,46N02W25R002M,46N02W25R002M,Unknown,Unknown,1-003,Butte Valley,Siskiyou,116,Irrigation,Single Well,72,1952-11-06 00:00:00 - 2020-04-01 12:00:00,188,fall,22.5,76.1,NA,NA,1960,18010205,Critical,Critical,1959-10-01T00:00:00Z,1960-10-01T00:00:00Z,-122.035,41.7943
417944N1220350W001,679930,1960-07-21T00:00:00Z,4259.83,4259.83,NA,NA,NA,NA,NA,Pumping,NA,NA,1,Department of Water Resources,NA,1,Department of Water Resources,NA,NA,24082,46N02W25R002M,46N02W25R002M,Unknown,Unknown,1-003,Butte Valley,Siskiyou,116,Irrigation,Single Well,72,1952-11-06 00:00:00 - 2020-04-01 12:00:00,188,other,NA,NA,NA,NA,1960,18010205,Critical,Critical,1959-10-01T00:00:00Z,1960-10-01T00:00:00Z,-122.035,41.7943
417944N1220350W001,679929,1960-06-23T00:00:00Z,4259.83,4259.83,0,39.8,4220.03,39.8,39.8,NA,Unknown,Water level accuracy is unknown,1,Department of Water Resources,NA,1,Department of Water Resources,NA,NA,24082,46N02W25R002M,46N02W25R002M,Unknown,Unknown,1-003,Butte Valley,Siskiyou,116,Irrigation,Single Well,72,1952-11-06 00:00:00 - 2020-04-01 12:00:00,188,other,NA,NA,NA,NA,1960,18010205,Critical,Critical,1959-10-01T00:00:00Z,1960-10-01T00:00:00Z,-122.035,41.7943
417944N1220350W001,679928,1960-05-26T00:00:00Z,4259.83,4259.83,0,29.4,4230.43,29.4,29.4,NA,Unknown,Water level accuracy is unknown,1,Department of Water Resources,NA,1,Department of Water Resources,NA,NA,24082,46N02W25R002M,46N02W25R002M,Unknown,Unknown,1-003,Butte Valley,Siskiyou,116,Irrigation,Single Well,72,1952-11-06 00:00:00 - 2020-04-01 12:00:00,188,spring,NA,NA,22.1,59.2,1960,18010205,Critical,Critical,1959-10-01T00:00:00Z,1960-10-01T00:00:00Z,-122.035,41.7943
417944N1220350W001,679927,1960-04-28T00:00:00Z,4259.83,4259.83,0,26.7,4233.13,26.7,26.7,NA,Unknown,Water level accuracy is unknown,1,Department of Water Resources,NA,1,Department of Water Resources,NA,NA,24082,46N02W25R002M,46N02W25R002M,Unknown,Unknown,1-003,Butte Valley,Siskiyou,116,Irrigation,Single Well,72,1952-11-06 00:00:00 - 2020-04-01 12:00:00,188,spring,NA,NA,22.1,59.2,1960,18010205,Critical,Critical,1959-10-01T00:00:00Z,1960-10-01T00:00:00Z,-122.035,41.7943
417944N1220350W001,679926,1960-03-30T00:00:00Z,4259.83,4259.83,0,26.7,4233.13,26.7,26.7,NA,Unknown,Water level accuracy is unknown,1,Department of Water Resources,NA,1,Department of Water Resources,NA,NA,24082,46N02W25R002M,46N02W25R002M,Unknown,Unknown,1-003,Butte Valley,Siskiyou,116,Irrigation,Single Well,72,1952-11-06 00:00:00 - 2020-04-01 12:00:00,188,spring,NA,NA,22.1,59.2,1960,18010205,Critical,Critical,1959-10-01T00:00:00Z,1960-10-01T00:00:00Z,-122.035,41.7943
417944N1220350W001,679925,1960-02-18T00:00:00Z,4259.83,4259.83,0,26.8,4233.03,26.8,26.8,NA,Unknown,Water level accuracy is unknown,1,Department of Water Resources,NA,1,Department of Water Resources,NA,NA,24082,46N02W25R002M,46N02W25R002M,Unknown,Unknown,1-003,Butte Valley,Siskiyou,116,Irrigation,Single Well,72,1952-11-06 00:00:00 - 2020-04-01 12:00:00,188,other,NA,NA,NA,NA,1960,18010205,Critical,Critical,1959-10-01T00:00:00Z,1960-10-01T00:00:00Z,-122.035,41.7943
417944N1220350W001,679924,1960-01-28T00:00:00Z,4259.83,4259.83,0,26.6,4233.23,26.6,26.6,NA,Unknown,Water level accuracy is unknown,1,Department of Water Resources,NA,1,Department of Water Resources,NA,NA,24082,46N02W25R002M,46N02W25R002M,Unknown,Unknown,1-003,Butte Valley,Siskiyou,116,Irrigation,Single Well,72,1952-11-06 00:00:00 - 2020-04-01 12:00:00,188,other,NA,NA,NA,NA,1960,18010205,Critical,Critical,1959-10-01T00:00:00Z,1960-10-01T00:00:00Z,-122.035,41.7943
417944N1220350W001,679923,1959-12-17T00:00:00Z,4259.83,4259.83,0,27,4232.83,27,27,NA,Unknown,Water level accuracy is unknown,1,Department of Water Resources,NA,1,Department of Water Resources,NA,NA,24082,46N02W25R002M,46N02W25R002M,Unknown,Unknown,1-003,Butte Valley,Siskiyou,116,Irrigation,Single Well,72,1952-11-06 00:00:00 - 2020-04-01 12:00:00,188,other,NA,NA,NA,NA,1960,18010205,Critical,Critical,1959-10-01T00:00:00Z,1960-10-01T00:00:00Z,-122.035,41.7943
417944N1220350W001,679922,1959-11-19T00:00:00Z,4259.83,4259.83,0,27.2,4232.63,27.2,27.2,NA,Unknown,Water level accuracy is unknown,1,Department of Water Resources,NA,1,Department of Water Resources,NA,NA,24082,46N02W25R002M,46N02W25R002M,Unknown,Unknown,1-003,Butte Valley,Siskiyou,116,Irrigation,Single Well,72,1952-11-06 00:00:00 - 2020-04-01 12:00:00,188,fall,22.5,76.1,NA,NA,1960,18010205,Critical,Critical,1959-10-01T00:00:00Z,1960-10-01T00:00:00Z,-122.035,41.7943
417944N1220350W001,679921,1959-10-29T00:00:00Z,4259.83,4259.83,0,27.3,4232.53,27.3,27.3,NA,Unknown,Water level accuracy is unknown,1,Department of Water Resources,NA,1,Department of Water Resources,NA,NA,24082,46N02W25R002M,46N02W25R002M,Unknown,Unknown,1-003,Butte Valley,Siskiyou,116,Irrigation,Single Well,72,1952-11-06 00:00:00 - 2020-04-01 12:00:00,188,fall,22.5,76.1,NA,NA,1960,18010205,Critical,Critical,1959-10-01T00:00:00Z,1960-10-01T00:00:00Z,-122.035,41.7943
417944N1220350W001,679920,1959-09-24T00:00:00Z,4259.83,4259.83,0,28.1,4231.73,28.1,28.1,NA,Unknown,Water level accuracy is unknown,1,Department of Water Resources,NA,1,Department of Water Resources,NA,NA,24082,46N02W25R002M,46N02W25R002M,Unknown,Unknown,1-003,Butte Valley,Siskiyou,116,Irrigation,Single Well,72,1952-11-06 00:00:00 - 2020-04-01 12:00:00,188,fall,22.5,76.1,NA,NA,1959,18010205,Above Normal,Above Normal,1958-10-01T00:00:00Z,1959-10-01T00:00:00Z,-122.035,41.7943
417944N1220350W001,679919,1959-08-27T00:00:00Z,4259.83,4259.83,0,31.8,4228.03,31.8,31.8,NA,Unknown,Water level accuracy is unknown,1,Department of Water Resources,NA,1,Department of Water Resources,NA,NA,24082,46N02W25R002M,46N02W25R002M,Unknown,Unknown,1-003,Butte Valley,Siskiyou,116,Irrigation,Single Well,72,1952-11-06 00:00:00 - 2020-04-01 12:00:00,188,fall,22.5,76.1,NA,NA,1959,18010205,Above Normal,Above Normal,1958-10-01T00:00:00Z,1959-10-01T00:00:00Z,-122.035,41.7943
417944N1220350W001,679918,1959-06-25T00:00:00Z,4259.83,4259.83,NA,NA,NA,NA,NA,Pumping,NA,NA,1,Department of Water Resources,NA,1,Department of Water Resources,NA,NA,24082,46N02W25R002M,46N02W25R002M,Unknown,Unknown,1-003,Butte Valley,Siskiyou,116,Irrigation,Single Well,72,1952-11-06 00:00:00 - 2020-04-01 12:00:00,188,other,NA,NA,NA,NA,1959,18010205,Above Normal,Above Normal,1958-10-01T00:00:00Z,1959-10-01T00:00:00Z,-122.035,41.7943
417944N1220350W001,679917,1959-05-21T00:00:00Z,4259.83,4259.83,0,27.6,4232.23,27.6,27.6,NA,Unknown,Water level accuracy is unknown,1,Department of Water Resources,NA,1,Department of Water Resources,NA,NA,24082,46N02W25R002M,46N02W25R002M,Unknown,Unknown,1-003,Butte Valley,Siskiyou,116,Irrigation,Single Well,72,1952-11-06 00:00:00 - 2020-04-01 12:00:00,188,spring,NA,NA,22.1,59.2,1959,18010205,Above Normal,Above Normal,1958-10-01T00:00:00Z,1959-10-01T00:00:00Z,-122.035,41.7943
417944N1220350W001,679916,1959-04-23T00:00:00Z,4259.83,4259.83,NA,NA,NA,NA,NA,Pumping,NA,NA,1,Department of Water Resources,NA,1,Department of Water Resources,NA,NA,24082,46N02W25R002M,46N02W25R002M,Unknown,Unknown,1-003,Butte Valley,Siskiyou,116,Irrigation,Single Well,72,1952-11-06 00:00:00 - 2020-04-01 12:00:00,188,spring,NA,NA,22.1,59.2,1959,18010205,Above Normal,Above Normal,1958-10-01T00:00:00Z,1959-10-01T00:00:00Z,-122.035,41.7943
417944N1220350W001,679915,1959-03-19T00:00:00Z,4259.83,4259.83,0,23.8,4236.03,23.8,23.8,NA,Unknown,Water level accuracy is unknown,1,Department of Water Resources,NA,1,Department of Water Resources,NA,NA,24082,46N02W25R002M,46N02W25R002M,Unknown,Unknown,1-003,Butte Valley,Siskiyou,116,Irrigation,Single Well,72,1952-11-06 00:00:00 - 2020-04-01 12:00:00,188,spring,NA,NA,22.1,59.2,1959,18010205,Above Normal,Above Normal,1958-10-01T00:00:00Z,1959-10-01T00:00:00Z,-122.035,41.7943
417944N1220350W001,679914,1959-02-17T00:00:00Z,4259.83,4259.83,0,23.7,4236.13,23.7,23.7,NA,Unknown,Water level accuracy is unknown,1,Department of Water Resources,NA,1,Department of Water Resources,NA,NA,24082,46N02W25R002M,46N02W25R002M,Unknown,Unknown,1-003,Butte Valley,Siskiyou,116,Irrigation,Single Well,72,1952-11-06 00:00:00 - 2020-04-01 12:00:00,188,other,NA,NA,NA,NA,1959,18010205,Above Normal,Above Normal,1958-10-01T00:00:00Z,1959-10-01T00:00:00Z,-122.035,41.7943
417944N1220350W001,679913,1959-01-21T00:00:00Z,4259.83,4259.83,0,23.8,4236.03,23.8,23.8,NA,Unknown,Water level accuracy is unknown,1,Department of Water Resources,NA,1,Department of Water Resources,NA,NA,24082,46N02W25R002M,46N02W25R002M,Unknown,Unknown,1-003,Butte Valley,Siskiyou,116,Irrigation,Single Well,72,1952-11-06 00:00:00 - 2020-04-01 12:00:00,188,other,NA,NA,NA,NA,1959,18010205,Above Normal,Above Normal,1958-10-01T00:00:00Z,1959-10-01T00:00:00Z,-122.035,41.7943
417944N1220350W001,679912,1958-12-19T00:00:00Z,4259.83,4259.83,0,24.1,4235.73,24.1,24.1,NA,Unknown,Water level accuracy is unknown,1,Department of Water Resources,NA,1,Department of Water Resources,NA,NA,24082,46N02W25R002M,46N02W25R002M,Unknown,Unknown,1-003,Butte Valley,Siskiyou,116,Irrigation,Single Well,72,1952-11-06 00:00:00 - 2020-04-01 12:00:00,188,other,NA,NA,NA,NA,1959,18010205,Above Normal,Above Normal,1958-10-01T00:00:00Z,1959-10-01T00:00:00Z,-122.035,41.7943
417944N1220350W001,679911,1958-11-19T00:00:00Z,4259.83,4259.83,0,24.2,4235.63,24.2,24.2,NA,Unknown,Water level accuracy is unknown,1,Department of Water Resources,NA,1,Department of Water Resources,NA,NA,24082,46N02W25R002M,46N02W25R002M,Unknown,Unknown,1-003,Butte Valley,Siskiyou,116,Irrigation,Single Well,72,1952-11-06 00:00:00 - 2020-04-01 12:00:00,188,fall,22.5,76.1,NA,NA,1959,18010205,Above Normal,Above Normal,1958-10-01T00:00:00Z,1959-10-01T00:00:00Z,-122.035,41.7943
417944N1220350W001,679910,1958-10-17T00:00:00Z,4259.83,4259.83,0,22.5,4237.33,22.5,22.5,NA,Unknown,Water level accuracy is unknown,1,Department of Water Resources,NA,1,Department of Water Resources,NA,NA,24082,46N02W25R002M,46N02W25R002M,Unknown,Unknown,1-003,Butte Valley,Siskiyou,116,Irrigation,Single Well,72,1952-11-06 00:00:00 - 2020-04-01 12:00:00,188,fall,22.5,76.1,NA,NA,1959,18010205,Above Normal,Above Normal,1958-10-01T00:00:00Z,1959-10-01T00:00:00Z,-122.035,41.7943
417944N1220350W001,679909,1954-09-27T00:00:00Z,4259.83,4259.83,0,33.8,4226.03,33.8,33.8,NA,Unknown,Water level accuracy is unknown,1,Department of Water Resources,NA,1,Department of Water Resources,NA,NA,24082,46N02W25R002M,46N02W25R002M,Unknown,Unknown,1-003,Butte Valley,Siskiyou,116,Irrigation,Single Well,72,1952-11-06 00:00:00 - 2020-04-01 12:00:00,188,fall,22.5,76.1,NA,NA,1954,18010205,Above Normal,Above Normal,1953-10-01T00:00:00Z,1954-10-01T00:00:00Z,-122.035,41.7943
417944N1220350W001,679908,1954-07-07T00:00:00Z,4259.83,4259.83,0,46.8,4213.03,46.8,46.8,NA,Unknown,Water level accuracy is unknown,1,Department of Water Resources,NA,1,Department of Water Resources,NA,NA,24082,46N02W25R002M,46N02W25R002M,Unknown,Unknown,1-003,Butte Valley,Siskiyou,116,Irrigation,Single Well,72,1952-11-06 00:00:00 - 2020-04-01 12:00:00,188,other,NA,NA,NA,NA,1954,18010205,Above Normal,Above Normal,1953-10-01T00:00:00Z,1954-10-01T00:00:00Z,-122.035,41.7943
417944N1220350W001,679907,1954-05-04T00:00:00Z,4259.83,4259.83,0,30.4,4229.43,30.4,30.4,NA,Unknown,Water level accuracy is unknown,1,Department of Water Resources,NA,624,Bureau of Reclamation,NA,NA,24082,46N02W25R002M,46N02W25R002M,Unknown,Unknown,1-003,Butte Valley,Siskiyou,116,Irrigation,Single Well,72,1952-11-06 00:00:00 - 2020-04-01 12:00:00,188,spring,NA,NA,22.1,59.2,1954,18010205,Above Normal,Above Normal,1953-10-01T00:00:00Z,1954-10-01T00:00:00Z,-122.035,41.7943
417944N1220350W001,679906,1954-04-01T00:00:00Z,4259.83,4259.83,0,30.7,4229.13,30.7,30.7,NA,Unknown,Water level accuracy is unknown,1,Department of Water Resources,NA,1,Department of Water Resources,NA,NA,24082,46N02W25R002M,46N02W25R002M,Unknown,Unknown,1-003,Butte Valley,Siskiyou,116,Irrigation,Single Well,72,1952-11-06 00:00:00 - 2020-04-01 12:00:00,188,spring,NA,NA,22.1,59.2,1954,18010205,Above Normal,Above Normal,1953-10-01T00:00:00Z,1954-10-01T00:00:00Z,-122.035,41.7943
417944N1220350W001,679905,1953-11-15T00:00:00Z,4259.83,4259.83,0,33.7,4226.13,33.7,33.7,NA,Unknown,Water level accuracy is unknown,1,Department of Water Resources,NA,624,Bureau of Reclamation,NA,NA,24082,46N02W25R002M,46N02W25R002M,Unknown,Unknown,1-003,Butte Valley,Siskiyou,116,Irrigation,Single Well,72,1952-11-06 00:00:00 - 2020-04-01 12:00:00,188,fall,22.5,76.1,NA,NA,1954,18010205,Above Normal,Above Normal,1953-10-01T00:00:00Z,1954-10-01T00:00:00Z,-122.035,41.7943
417944N1220350W001,679904,1953-10-22T00:00:00Z,4259.83,4259.83,0,33.7,4226.13,33.7,33.7,NA,Unknown,Water level accuracy is unknown,1,Department of Water Resources,NA,624,Bureau of Reclamation,NA,NA,24082,46N02W25R002M,46N02W25R002M,Unknown,Unknown,1-003,Butte Valley,Siskiyou,116,Irrigation,Single Well,72,1952-11-06 00:00:00 - 2020-04-01 12:00:00,188,fall,22.5,76.1,NA,NA,1954,18010205,Above Normal,Above Normal,1953-10-01T00:00:00Z,1954-10-01T00:00:00Z,-122.035,41.7943
417944N1220350W001,679903,1952-11-06T00:00:00Z,4259.83,4259.83,0,33.1,4226.73,33.1,33.1,NA,Unknown,Water level accuracy is unknown,1,Department of Water Resources,NA,624,Bureau of Reclamation,NA,NA,24082,46N02W25R002M,46N02W25R002M,Unknown,Unknown,1-003,Butte Valley,Siskiyou,116,Irrigation,Single Well,72,1952-11-06 00:00:00 - 2020-04-01 12:00:00,188,fall,22.5,76.1,NA,NA,1953,18010205,Wet,Wet,1952-10-01T00:00:00Z,1953-10-01T00:00:00Z,-122.035,41.7943
