SITE_CODE,WLM_ID,MSMT_DATE,WLM_RPE,WLM_GSE,RDNG_WS,RDNG_RP,WSE,RPE_WSE,GSE_WSE,WLM_QA_DESC,WLM_DESC,WLM_ACC_DESC,WLM_ORG_ID,WLM_ORG_NAME,MSMT_CMT,COOP_AGENCY_ORG_ID,COOP_ORG_NAME,TOP_PRF,BOT_PRF,STN_ID,SWN,WELL_NAME,WLM_METHOD,WLM_ACC,BASIN_CODE,BASIN_NAME,COUNTY_NAME,WELL_DEPTH,WELL_USE,WELL_TYPE,WCR_NO,t_range,n_samples,season,fall_high,fall_low,spring_high,spring_low,water_year,Oct.Mar,Apr.Jul,WYsum,Index,water_year_type,region,water_year_start,water_year_end,X,Y
417920N1220617W001,2619117,2020-04-01T12:00:00Z,4258.86,4259.86,20.1,50,4228.96,29.9,30.9,NA,Steel tape measurement,Water level accuracy to nearest tenth of a foot,1,Department of Water Resources,NA,1,Department of Water Resources,NA,NA,36888,46N02W35C001M,46N02W35C001M,Unknown,Unknown,1-003,Butte Valley,Siskiyou,104,Irrigation,Single Well,NA,1952-11-07 00:00:00 - 2020-04-01 12:00:00,99,spring,NA,NA,17.5,41.3,2020,NA,NA,NA,NA,NA,NA,2019-10-01T00:00:00Z,2020-10-01T00:00:00Z,-122.064,41.7901
417920N1220617W001,2453071,2019-04-03T12:00:00Z,4258.86,4259.86,9.1,40,4227.96,30.9,31.9,NA,Steel tape measurement,Water level accuracy to nearest tenth of a foot,1,Department of Water Resources,NA,1,Department of Water Resources,NA,NA,36888,46N02W35C001M,46N02W35C001M,Unknown,Unknown,1-003,Butte Valley,Siskiyou,104,Irrigation,Single Well,NA,1952-11-07 00:00:00 - 2020-04-01 12:00:00,99,spring,NA,NA,17.5,41.3,2019,13.11,10.66,24.77,10.34,Wet,SAC,2018-10-01T00:00:00Z,2019-10-01T00:00:00Z,-122.064,41.7901
417920N1220617W001,2413562,2018-10-30T12:00:00Z,4258.86,4259.86,NA,NA,NA,NA,NA,Pumping,NA,NA,1,Department of Water Resources,Pumping,1,Department of Water Resources,NA,NA,36888,46N02W35C001M,46N02W35C001M,Unknown,Unknown,1-003,Butte Valley,Siskiyou,104,Irrigation,Single Well,NA,1952-11-07 00:00:00 - 2020-04-01 12:00:00,99,fall,20.4,39.9,NA,NA,2019,13.11,10.66,24.77,10.34,Wet,SAC,2018-10-01T00:00:00Z,2019-10-01T00:00:00Z,-122.064,41.7901
417920N1220617W001,2286511,2018-03-29T12:00:00Z,4258.86,4259.86,11.1,40,4229.96,28.9,29.9,NA,Steel tape measurement,Water level accuracy to nearest tenth of a foot,1,Department of Water Resources,NA,1,Department of Water Resources,NA,NA,36888,46N02W35C001M,46N02W35C001M,Unknown,Unknown,1-003,Butte Valley,Siskiyou,104,Irrigation,Single Well,NA,1952-11-07 00:00:00 - 2020-04-01 12:00:00,99,spring,NA,NA,17.5,41.3,2018,7.09,5.05,12.86,7.14,Below Normal,SAC,2017-10-01T00:00:00Z,2018-10-01T00:00:00Z,-122.064,41.7901
417920N1220617W001,2266638,2017-10-17T12:00:00Z,4258.86,4259.86,12.7,50,4221.56,37.3,38.3,NA,Steel tape measurement,Water level accuracy to nearest tenth of a foot,1,Department of Water Resources,NA,1,Department of Water Resources,NA,NA,36888,46N02W35C001M,46N02W35C001M,Unknown,Unknown,1-003,Butte Valley,Siskiyou,104,Irrigation,Single Well,NA,1952-11-07 00:00:00 - 2020-04-01 12:00:00,99,fall,20.4,39.9,NA,NA,2018,7.09,5.05,12.86,7.14,Below Normal,SAC,2017-10-01T00:00:00Z,2018-10-01T00:00:00Z,-122.064,41.7901
417920N1220617W001,2241616,2017-03-23T12:00:00Z,4258.86,4259.86,14.2,45,4228.06,30.8,31.8,NA,Steel tape measurement,Water level accuracy to nearest tenth of a foot,1,Department of Water Resources,NA,1,Department of Water Resources,NA,NA,36888,46N02W35C001M,46N02W35C001M,Unknown,Unknown,1-003,Butte Valley,Siskiyou,104,Irrigation,Single Well,NA,1952-11-07 00:00:00 - 2020-04-01 12:00:00,99,spring,NA,NA,17.5,41.3,2017,26.17,10.69,37.82,14.14,Wet,SAC,2016-10-01T00:00:00Z,2017-10-01T00:00:00Z,-122.064,41.7901
417920N1220617W001,2214907,2016-10-20T12:00:00Z,4258.86,4259.86,13.9,50,4222.76,36.1,37.1,Oil or foreign substance in casing,Steel tape measurement,Water level accuracy to nearest tenth of a foot,1,Department of Water Resources,NA,1,Department of Water Resources,NA,NA,36888,46N02W35C001M,46N02W35C001M,Unknown,Unknown,1-003,Butte Valley,Siskiyou,104,Irrigation,Single Well,NA,1952-11-07 00:00:00 - 2020-04-01 12:00:00,99,fall,20.4,39.9,NA,NA,2017,26.17,10.69,37.82,14.14,Wet,SAC,2016-10-01T00:00:00Z,2017-10-01T00:00:00Z,-122.064,41.7901
417920N1220617W001,680250,2011-10-18T00:00:00Z,4258.86,4259.86,NA,NA,NA,NA,NA,Temporarily inaccessible,NA,NA,1,Department of Water Resources,BURIED,1,Department of Water Resources,NA,NA,36888,46N02W35C001M,46N02W35C001M,Unknown,Unknown,1-003,Butte Valley,Siskiyou,104,Irrigation,Single Well,NA,1952-11-07 00:00:00 - 2020-04-01 12:00:00,99,fall,20.4,39.9,NA,NA,2012,5.69,5.46,11.84,6.89,Below Normal,SAC,2011-10-01T00:00:00Z,2012-10-01T00:00:00Z,-122.064,41.7901
417920N1220617W001,680249,2011-04-20T00:00:00Z,4258.86,4259.86,NA,NA,NA,NA,NA,Temporarily inaccessible,NA,NA,1,Department of Water Resources,NA,1,Department of Water Resources,NA,NA,36888,46N02W35C001M,46N02W35C001M,Unknown,Unknown,1-003,Butte Valley,Siskiyou,104,Irrigation,Single Well,NA,1952-11-07 00:00:00 - 2020-04-01 12:00:00,99,spring,NA,NA,17.5,41.3,2011,12.68,11.53,25.21,10.54,Wet,SAC,2010-10-01T00:00:00Z,2011-10-01T00:00:00Z,-122.064,41.7901
417920N1220617W001,680248,2010-10-25T00:00:00Z,4258.86,4259.86,NA,NA,NA,NA,NA,Temporarily inaccessible,NA,NA,1,Department of Water Resources,COVERED,1,Department of Water Resources,NA,NA,36888,46N02W35C001M,46N02W35C001M,Unknown,Unknown,1-003,Butte Valley,Siskiyou,104,Irrigation,Single Well,NA,1952-11-07 00:00:00 - 2020-04-01 12:00:00,99,fall,20.4,39.9,NA,NA,2011,12.68,11.53,25.21,10.54,Wet,SAC,2010-10-01T00:00:00Z,2011-10-01T00:00:00Z,-122.064,41.7901
417920N1220617W001,680247,2010-03-30T00:00:00Z,4258.86,4259.86,NA,NA,NA,NA,NA,Temporarily inaccessible,NA,NA,1,Department of Water Resources,NA,1,Department of Water Resources,NA,NA,36888,46N02W35C001M,46N02W35C001M,Unknown,Unknown,1-003,Butte Valley,Siskiyou,104,Irrigation,Single Well,NA,1952-11-07 00:00:00 - 2020-04-01 12:00:00,99,spring,NA,NA,17.5,41.3,2010,7.45,7.78,16.01,7.08,Below Normal,SAC,2009-10-01T00:00:00Z,2010-10-01T00:00:00Z,-122.064,41.7901
417920N1220617W001,680246,2009-10-27T00:00:00Z,4258.86,4259.86,NA,NA,NA,NA,NA,Temporarily inaccessible,NA,NA,1,Department of Water Resources,NA,1,Department of Water Resources,NA,NA,36888,46N02W35C001M,46N02W35C001M,Unknown,Unknown,1-003,Butte Valley,Siskiyou,104,Irrigation,Single Well,NA,1952-11-07 00:00:00 - 2020-04-01 12:00:00,99,fall,20.4,39.9,NA,NA,2010,7.45,7.78,16.01,7.08,Below Normal,SAC,2009-10-01T00:00:00Z,2010-10-01T00:00:00Z,-122.064,41.7901
417920N1220617W001,680245,2009-04-08T00:00:00Z,4258.86,4259.86,NA,NA,NA,NA,NA,Temporarily inaccessible,NA,NA,1,Department of Water Resources,NA,1,Department of Water Resources,NA,NA,36888,46N02W35C001M,46N02W35C001M,Unknown,Unknown,1-003,Butte Valley,Siskiyou,104,Irrigation,Single Well,NA,1952-11-07 00:00:00 - 2020-04-01 12:00:00,99,spring,NA,NA,17.5,41.3,2009,7.05,5.3,13.02,5.78,Dry,SAC,2008-10-01T00:00:00Z,2009-10-01T00:00:00Z,-122.064,41.7901
417920N1220617W001,680244,2008-10-30T00:00:00Z,4258.86,4259.86,NA,NA,NA,NA,NA,Temporarily inaccessible,NA,NA,1,Department of Water Resources,NA,1,Department of Water Resources,NA,NA,36888,46N02W35C001M,46N02W35C001M,Unknown,Unknown,1-003,Butte Valley,Siskiyou,104,Irrigation,Single Well,NA,1952-11-07 00:00:00 - 2020-04-01 12:00:00,99,fall,20.4,39.9,NA,NA,2009,7.05,5.3,13.02,5.78,Dry,SAC,2008-10-01T00:00:00Z,2009-10-01T00:00:00Z,-122.064,41.7901
417920N1220617W001,680243,2008-04-04T00:00:00Z,4258.86,4259.86,NA,NA,NA,NA,NA,Temporarily inaccessible,NA,NA,1,Department of Water Resources,NA,1,Department of Water Resources,NA,NA,36888,46N02W35C001M,46N02W35C001M,Unknown,Unknown,1-003,Butte Valley,Siskiyou,104,Irrigation,Single Well,NA,1952-11-07 00:00:00 - 2020-04-01 12:00:00,99,spring,NA,NA,17.5,41.3,2008,5.9,3.82,10.28,5.16,Critical,SAC,2007-10-01T00:00:00Z,2008-10-01T00:00:00Z,-122.064,41.7901
417920N1220617W001,680242,2007-10-25T00:00:00Z,4258.86,4259.86,NA,NA,NA,NA,NA,Temporarily inaccessible,NA,NA,1,Department of Water Resources,NA,1,Department of Water Resources,NA,NA,36888,46N02W35C001M,46N02W35C001M,Unknown,Unknown,1-003,Butte Valley,Siskiyou,104,Irrigation,Single Well,NA,1952-11-07 00:00:00 - 2020-04-01 12:00:00,99,fall,20.4,39.9,NA,NA,2008,5.9,3.82,10.28,5.16,Critical,SAC,2007-10-01T00:00:00Z,2008-10-01T00:00:00Z,-122.064,41.7901
417920N1220617W001,680241,2007-03-29T00:00:00Z,4258.86,4259.86,NA,NA,NA,NA,NA,Temporarily inaccessible,NA,NA,1,Department of Water Resources,NA,1,Department of Water Resources,NA,NA,36888,46N02W35C001M,46N02W35C001M,Unknown,Unknown,1-003,Butte Valley,Siskiyou,104,Irrigation,Single Well,NA,1952-11-07 00:00:00 - 2020-04-01 12:00:00,99,spring,NA,NA,17.5,41.3,2007,6.59,3.04,10.28,6.19,Dry,SAC,2006-10-01T00:00:00Z,2007-10-01T00:00:00Z,-122.064,41.7901
417920N1220617W001,680240,2006-10-12T00:00:00Z,4258.86,4259.86,NA,NA,NA,NA,NA,Temporarily inaccessible,NA,NA,1,Department of Water Resources,NA,1,Department of Water Resources,NA,NA,36888,46N02W35C001M,46N02W35C001M,Unknown,Unknown,1-003,Butte Valley,Siskiyou,104,Irrigation,Single Well,NA,1952-11-07 00:00:00 - 2020-04-01 12:00:00,99,fall,20.4,39.9,NA,NA,2007,6.59,3.04,10.28,6.19,Dry,SAC,2006-10-01T00:00:00Z,2007-10-01T00:00:00Z,-122.064,41.7901
417920N1220617W001,680239,2006-04-18T00:00:00Z,4258.86,4259.86,NA,NA,NA,NA,NA,Temporarily inaccessible,NA,NA,1,Department of Water Resources,NA,1,Department of Water Resources,NA,NA,36888,46N02W35C001M,46N02W35C001M,Unknown,Unknown,1-003,Butte Valley,Siskiyou,104,Irrigation,Single Well,NA,1952-11-07 00:00:00 - 2020-04-01 12:00:00,99,spring,NA,NA,17.5,41.3,2006,18.06,13.09,32.09,13.2,Wet,SAC,2005-10-01T00:00:00Z,2006-10-01T00:00:00Z,-122.064,41.7901
417920N1220617W001,680238,2005-10-10T00:00:00Z,4258.86,4259.86,0,30,4228.86,30,31,NA,Unknown,Water level accuracy is unknown,1,Department of Water Resources,NA,1,Department of Water Resources,NA,NA,36888,46N02W35C001M,46N02W35C001M,Unknown,Unknown,1-003,Butte Valley,Siskiyou,104,Irrigation,Single Well,NA,1952-11-07 00:00:00 - 2020-04-01 12:00:00,99,fall,20.4,39.9,NA,NA,2006,18.06,13.09,32.09,13.2,Wet,SAC,2005-10-01T00:00:00Z,2006-10-01T00:00:00Z,-122.064,41.7901
417920N1220617W001,680237,2005-04-05T00:00:00Z,4258.86,4259.86,0,26.8,4232.06,26.8,27.8,NA,Unknown,Water level accuracy is unknown,1,Department of Water Resources,NA,1,Department of Water Resources,NA,NA,36888,46N02W35C001M,46N02W35C001M,Unknown,Unknown,1-003,Butte Valley,Siskiyou,104,Irrigation,Single Well,NA,1952-11-07 00:00:00 - 2020-04-01 12:00:00,99,spring,NA,NA,17.5,41.3,2005,8.4,9.28,18.55,8.49,Above Normal,SAC,2004-10-01T00:00:00Z,2005-10-01T00:00:00Z,-122.064,41.7901
417920N1220617W001,680236,2004-11-02T00:00:00Z,4258.86,4259.86,0,31.5,4227.36,31.5,32.5,NA,Unknown,Water level accuracy is unknown,1,Department of Water Resources,NA,1,Department of Water Resources,NA,NA,36888,46N02W35C001M,46N02W35C001M,Unknown,Unknown,1-003,Butte Valley,Siskiyou,104,Irrigation,Single Well,NA,1952-11-07 00:00:00 - 2020-04-01 12:00:00,99,fall,20.4,39.9,NA,NA,2005,8.4,9.28,18.55,8.49,Above Normal,SAC,2004-10-01T00:00:00Z,2005-10-01T00:00:00Z,-122.064,41.7901
417920N1220617W001,680235,2004-03-30T00:00:00Z,4258.86,4259.86,0,26.4,4232.46,26.4,27.4,NA,Unknown,Water level accuracy is unknown,1,Department of Water Resources,NA,1,Department of Water Resources,NA,NA,36888,46N02W35C001M,46N02W35C001M,Unknown,Unknown,1-003,Butte Valley,Siskiyou,104,Irrigation,Single Well,NA,1952-11-07 00:00:00 - 2020-04-01 12:00:00,99,spring,NA,NA,17.5,41.3,2004,10.95,4.4,16.04,7.51,Below Normal,SAC,2003-10-01T00:00:00Z,2004-10-01T00:00:00Z,-122.064,41.7901
417920N1220617W001,680234,2003-10-20T00:00:00Z,4258.86,4259.86,0,29,4229.86,29,30,NA,Unknown,Water level accuracy is unknown,1,Department of Water Resources,NA,1,Department of Water Resources,NA,NA,36888,46N02W35C001M,46N02W35C001M,Unknown,Unknown,1-003,Butte Valley,Siskiyou,104,Irrigation,Single Well,NA,1952-11-07 00:00:00 - 2020-04-01 12:00:00,99,fall,20.4,39.9,NA,NA,2004,10.95,4.4,16.04,7.51,Below Normal,SAC,2003-10-01T00:00:00Z,2004-10-01T00:00:00Z,-122.064,41.7901
417920N1220617W001,680233,2003-04-01T00:00:00Z,4258.86,4259.86,0,26.6,4232.26,26.6,27.6,NA,Unknown,Water level accuracy is unknown,1,Department of Water Resources,NA,1,Department of Water Resources,NA,NA,36888,46N02W35C001M,46N02W35C001M,Unknown,Unknown,1-003,Butte Valley,Siskiyou,104,Irrigation,Single Well,NA,1952-11-07 00:00:00 - 2020-04-01 12:00:00,99,spring,NA,NA,17.5,41.3,2003,10.71,7.74,19.31,8.21,Above Normal,SAC,2002-10-01T00:00:00Z,2003-10-01T00:00:00Z,-122.064,41.7901
417920N1220617W001,680232,2002-10-11T00:00:00Z,4258.86,4259.86,0,31.2,4227.66,31.2,32.2,NA,Unknown,Water level accuracy is unknown,1,Department of Water Resources,NA,1,Department of Water Resources,NA,NA,36888,46N02W35C001M,46N02W35C001M,Unknown,Unknown,1-003,Butte Valley,Siskiyou,104,Irrigation,Single Well,NA,1952-11-07 00:00:00 - 2020-04-01 12:00:00,99,fall,20.4,39.9,NA,NA,2003,10.71,7.74,19.31,8.21,Above Normal,SAC,2002-10-01T00:00:00Z,2003-10-01T00:00:00Z,-122.064,41.7901
417920N1220617W001,680231,2002-03-26T00:00:00Z,4258.86,4259.86,0,26.1,4232.76,26.1,27.1,NA,Unknown,Water level accuracy is unknown,1,Department of Water Resources,NA,1,Department of Water Resources,NA,NA,36888,46N02W35C001M,46N02W35C001M,Unknown,Unknown,1-003,Butte Valley,Siskiyou,104,Irrigation,Single Well,NA,1952-11-07 00:00:00 - 2020-04-01 12:00:00,99,spring,NA,NA,17.5,41.3,2002,9.32,4.57,14.6,6.35,Dry,SAC,2001-10-01T00:00:00Z,2002-10-01T00:00:00Z,-122.064,41.7901
417920N1220617W001,680230,2001-10-24T00:00:00Z,4258.86,4259.86,0,31,4227.86,31,32,NA,Unknown,Water level accuracy is unknown,1,Department of Water Resources,NA,1,Department of Water Resources,NA,NA,36888,46N02W35C001M,46N02W35C001M,Unknown,Unknown,1-003,Butte Valley,Siskiyou,104,Irrigation,Single Well,NA,1952-11-07 00:00:00 - 2020-04-01 12:00:00,99,fall,20.4,39.9,NA,NA,2002,9.32,4.57,14.6,6.35,Dry,SAC,2001-10-01T00:00:00Z,2002-10-01T00:00:00Z,-122.064,41.7901
417920N1220617W001,680229,2001-04-03T00:00:00Z,4258.86,4259.86,0,25.1,4233.76,25.1,26.1,NA,Unknown,Water level accuracy is unknown,1,Department of Water Resources,NA,1,Department of Water Resources,NA,NA,36888,46N02W35C001M,46N02W35C001M,Unknown,Unknown,1-003,Butte Valley,Siskiyou,104,Irrigation,Single Well,NA,1952-11-07 00:00:00 - 2020-04-01 12:00:00,99,spring,NA,NA,17.5,41.3,2001,5.64,3.46,9.81,5.76,Dry,SAC,2000-10-01T00:00:00Z,2001-10-01T00:00:00Z,-122.064,41.7901
417920N1220617W001,680228,2000-10-10T00:00:00Z,4258.86,4259.86,0,27.8,4231.06,27.8,28.8,NA,Unknown,Water level accuracy is unknown,1,Department of Water Resources,NA,1,Department of Water Resources,NA,NA,36888,46N02W35C001M,46N02W35C001M,Unknown,Unknown,1-003,Butte Valley,Siskiyou,104,Irrigation,Single Well,NA,1952-11-07 00:00:00 - 2020-04-01 12:00:00,99,fall,20.4,39.9,NA,NA,2001,5.64,3.46,9.81,5.76,Dry,SAC,2000-10-01T00:00:00Z,2001-10-01T00:00:00Z,-122.064,41.7901
417920N1220617W001,680227,2000-03-22T00:00:00Z,4258.86,4259.86,0,21.5,4237.36,21.5,22.5,NA,Unknown,Water level accuracy is unknown,1,Department of Water Resources,NA,1,Department of Water Resources,NA,NA,36888,46N02W35C001M,46N02W35C001M,Unknown,Unknown,1-003,Butte Valley,Siskiyou,104,Irrigation,Single Well,NA,1952-11-07 00:00:00 - 2020-04-01 12:00:00,99,spring,NA,NA,17.5,41.3,2000,12.06,5.96,18.9,8.94,Above Normal,SAC,1999-10-01T00:00:00Z,2000-10-01T00:00:00Z,-122.064,41.7901
417920N1220617W001,680225,1999-10-26T00:00:00Z,4258.86,4259.86,0,25.3,4233.56,25.3,26.3,NA,Unknown,Water level accuracy is unknown,1,Department of Water Resources,NA,1,Department of Water Resources,NA,NA,36888,46N02W35C001M,46N02W35C001M,Unknown,Unknown,1-003,Butte Valley,Siskiyou,104,Irrigation,Single Well,NA,1952-11-07 00:00:00 - 2020-04-01 12:00:00,99,fall,20.4,39.9,NA,NA,2000,12.06,5.96,18.9,8.94,Above Normal,SAC,1999-10-01T00:00:00Z,2000-10-01T00:00:00Z,-122.064,41.7901
417920N1220617W001,680226,1999-03-16T00:00:00Z,4258.86,4259.86,0,20.5,4238.36,20.5,21.5,NA,Unknown,Water level accuracy is unknown,1,Department of Water Resources,NA,1,Department of Water Resources,NA,NA,36888,46N02W35C001M,46N02W35C001M,Unknown,Unknown,1-003,Butte Valley,Siskiyou,104,Irrigation,Single Well,NA,1952-11-07 00:00:00 - 2020-04-01 12:00:00,99,spring,NA,NA,17.5,41.3,1999,12.97,7.26,21.19,9.8,Wet,SAC,1998-10-01T00:00:00Z,1999-10-01T00:00:00Z,-122.064,41.7901
417920N1220617W001,680224,1998-10-28T00:00:00Z,4258.86,4259.86,0,26.7,4232.16,26.7,27.7,NA,Unknown,Water level accuracy is unknown,1,Department of Water Resources,NA,1,Department of Water Resources,NA,NA,36888,46N02W35C001M,46N02W35C001M,Unknown,Unknown,1-003,Butte Valley,Siskiyou,104,Irrigation,Single Well,NA,1952-11-07 00:00:00 - 2020-04-01 12:00:00,99,fall,20.4,39.9,NA,NA,1999,12.97,7.26,21.19,9.8,Wet,SAC,1998-10-01T00:00:00Z,1999-10-01T00:00:00Z,-122.064,41.7901
417920N1220617W001,680223,1998-03-31T00:00:00Z,4258.86,4259.86,0,22.5,4236.36,22.5,23.5,NA,Unknown,Water level accuracy is unknown,1,Department of Water Resources,NA,1,Department of Water Resources,NA,NA,36888,46N02W35C001M,46N02W35C001M,Unknown,Unknown,1-003,Butte Valley,Siskiyou,104,Irrigation,Single Well,NA,1952-11-07 00:00:00 - 2020-04-01 12:00:00,99,spring,NA,NA,17.5,41.3,1998,17.65,12.54,31.4,13.31,Wet,SAC,1997-10-01T00:00:00Z,1998-10-01T00:00:00Z,-122.064,41.7901
417920N1220617W001,680222,1997-10-22T00:00:00Z,4258.86,4259.86,0,28.3,4230.56,28.3,29.3,NA,Unknown,Water level accuracy is unknown,1,Department of Water Resources,NA,1,Department of Water Resources,NA,NA,36888,46N02W35C001M,46N02W35C001M,Unknown,Unknown,1-003,Butte Valley,Siskiyou,104,Irrigation,Single Well,NA,1952-11-07 00:00:00 - 2020-04-01 12:00:00,99,fall,20.4,39.9,NA,NA,1998,17.65,12.54,31.4,13.31,Wet,SAC,1997-10-01T00:00:00Z,1998-10-01T00:00:00Z,-122.064,41.7901
417920N1220617W001,680221,1997-03-11T00:00:00Z,4258.86,4259.86,0,23.1,4235.76,23.1,24.1,NA,Unknown,Water level accuracy is unknown,1,Department of Water Resources,NA,1,Department of Water Resources,NA,NA,36888,46N02W35C001M,46N02W35C001M,Unknown,Unknown,1-003,Butte Valley,Siskiyou,104,Irrigation,Single Well,NA,1952-11-07 00:00:00 - 2020-04-01 12:00:00,99,spring,NA,NA,17.5,41.3,1997,20.22,4.39,25.42,10.82,Wet,SAC,1996-10-01T00:00:00Z,1997-10-01T00:00:00Z,-122.064,41.7901
417920N1220617W001,680220,1996-10-21T00:00:00Z,4258.86,4259.86,0,30.2,4228.66,30.2,31.2,NA,Unknown,Water level accuracy is unknown,1,Department of Water Resources,NA,1,Department of Water Resources,NA,NA,36888,46N02W35C001M,46N02W35C001M,Unknown,Unknown,1-003,Butte Valley,Siskiyou,104,Irrigation,Single Well,NA,1952-11-07 00:00:00 - 2020-04-01 12:00:00,99,fall,20.4,39.9,NA,NA,1997,20.22,4.39,25.42,10.82,Wet,SAC,1996-10-01T00:00:00Z,1997-10-01T00:00:00Z,-122.064,41.7901
417920N1220617W001,680219,1996-03-26T00:00:00Z,4258.86,4259.86,0,25,4233.86,25,26,NA,Unknown,Water level accuracy is unknown,1,Department of Water Resources,NA,1,Department of Water Resources,NA,NA,36888,46N02W35C001M,46N02W35C001M,Unknown,Unknown,1-003,Butte Valley,Siskiyou,104,Irrigation,Single Well,NA,1952-11-07 00:00:00 - 2020-04-01 12:00:00,99,spring,NA,NA,17.5,41.3,1996,13.05,8.37,22.29,10.26,Wet,SAC,1995-10-01T00:00:00Z,1996-10-01T00:00:00Z,-122.064,41.7901
417920N1220617W001,680218,1995-10-17T00:00:00Z,4258.86,4259.86,0,32.9,4225.96,32.9,33.9,Oil or foreign substance in casing,Unknown,Water level accuracy is unknown,1,Department of Water Resources,NA,1,Department of Water Resources,NA,NA,36888,46N02W35C001M,46N02W35C001M,Unknown,Unknown,1-003,Butte Valley,Siskiyou,104,Irrigation,Single Well,NA,1952-11-07 00:00:00 - 2020-04-01 12:00:00,99,fall,20.4,39.9,NA,NA,1996,13.05,8.37,22.29,10.26,Wet,SAC,1995-10-01T00:00:00Z,1996-10-01T00:00:00Z,-122.064,41.7901
417920N1220617W001,680217,1995-03-27T00:00:00Z,4258.86,4259.86,0,40.3,4218.56,40.3,41.3,Oil or foreign substance in casing,Unknown,Water level accuracy is unknown,1,Department of Water Resources,NA,1,Department of Water Resources,NA,NA,36888,46N02W35C001M,46N02W35C001M,Unknown,Unknown,1-003,Butte Valley,Siskiyou,104,Irrigation,Single Well,NA,1952-11-07 00:00:00 - 2020-04-01 12:00:00,99,spring,NA,NA,17.5,41.3,1995,19.83,13.6,34.55,12.89,Wet,SAC,1994-10-01T00:00:00Z,1995-10-01T00:00:00Z,-122.064,41.7901
417920N1220617W001,680216,1994-10-26T00:00:00Z,4258.86,4259.86,0,37.4,4221.46,37.4,38.4,Oil or foreign substance in casing,Unknown,Water level accuracy is unknown,1,Department of Water Resources,NA,1,Department of Water Resources,NA,NA,36888,46N02W35C001M,46N02W35C001M,Unknown,Unknown,1-003,Butte Valley,Siskiyou,104,Irrigation,Single Well,NA,1952-11-07 00:00:00 - 2020-04-01 12:00:00,99,fall,20.4,39.9,NA,NA,1995,19.83,13.6,34.55,12.89,Wet,SAC,1994-10-01T00:00:00Z,1995-10-01T00:00:00Z,-122.064,41.7901
417920N1220617W001,680215,1994-03-29T00:00:00Z,4258.86,4259.86,0,31.5,4227.36,31.5,32.5,NA,Unknown,Water level accuracy is unknown,1,Department of Water Resources,NA,1,Department of Water Resources,NA,NA,36888,46N02W35C001M,46N02W35C001M,Unknown,Unknown,1-003,Butte Valley,Siskiyou,104,Irrigation,Single Well,NA,1952-11-07 00:00:00 - 2020-04-01 12:00:00,99,spring,NA,NA,17.5,41.3,1994,4.55,2.73,7.81,5.02,Critical,SAC,1993-10-01T00:00:00Z,1994-10-01T00:00:00Z,-122.064,41.7901
417920N1220617W001,680214,1993-10-14T00:00:00Z,4258.86,4259.86,0,37.3,4221.56,37.3,38.3,Oil or foreign substance in casing,Unknown,Water level accuracy is unknown,1,Department of Water Resources,NA,1,Department of Water Resources,NA,NA,36888,46N02W35C001M,46N02W35C001M,Unknown,Unknown,1-003,Butte Valley,Siskiyou,104,Irrigation,Single Well,NA,1952-11-07 00:00:00 - 2020-04-01 12:00:00,99,fall,20.4,39.9,NA,NA,1994,4.55,2.73,7.81,5.02,Critical,SAC,1993-10-01T00:00:00Z,1994-10-01T00:00:00Z,-122.064,41.7901
417920N1220617W001,680213,1993-03-16T00:00:00Z,4258.86,4259.86,0,33.7,4225.16,33.7,34.7,Oil or foreign substance in casing,Unknown,Water level accuracy is unknown,1,Department of Water Resources,NA,1,Department of Water Resources,NA,NA,36888,46N02W35C001M,46N02W35C001M,Unknown,Unknown,1-003,Butte Valley,Siskiyou,104,Irrigation,Single Well,NA,1952-11-07 00:00:00 - 2020-04-01 12:00:00,99,spring,NA,NA,17.5,41.3,1993,12.44,8.98,22.21,8.54,Above Normal,SAC,1992-10-01T00:00:00Z,1993-10-01T00:00:00Z,-122.064,41.7901
417920N1220617W001,680212,1992-10-19T00:00:00Z,4258.86,4259.86,0,38.9,4219.96,38.9,39.9,Oil or foreign substance in casing,Unknown,Water level accuracy is unknown,1,Department of Water Resources,NA,1,Department of Water Resources,NA,NA,36888,46N02W35C001M,46N02W35C001M,Unknown,Unknown,1-003,Butte Valley,Siskiyou,104,Irrigation,Single Well,NA,1952-11-07 00:00:00 - 2020-04-01 12:00:00,99,fall,20.4,39.9,NA,NA,1993,12.44,8.98,22.21,8.54,Above Normal,SAC,1992-10-01T00:00:00Z,1993-10-01T00:00:00Z,-122.064,41.7901
417920N1220617W001,680211,1992-03-02T00:00:00Z,4258.86,4259.86,0,30.4,4228.46,30.4,31.4,NA,Unknown,Water level accuracy is unknown,1,Department of Water Resources,NA,1,Department of Water Resources,NA,NA,36888,46N02W35C001M,46N02W35C001M,Unknown,Unknown,1-003,Butte Valley,Siskiyou,104,Irrigation,Single Well,NA,1952-11-07 00:00:00 - 2020-04-01 12:00:00,99,spring,NA,NA,17.5,41.3,1992,5.41,2.93,8.87,4.06,Critical,SAC,1991-10-01T00:00:00Z,1992-10-01T00:00:00Z,-122.064,41.7901
417920N1220617W001,680210,1991-09-30T00:00:00Z,4258.86,4259.86,0,37,4221.86,37,38,NA,Unknown,Water level accuracy is unknown,1,Department of Water Resources,NA,1,Department of Water Resources,NA,NA,36888,46N02W35C001M,46N02W35C001M,Unknown,Unknown,1-003,Butte Valley,Siskiyou,104,Irrigation,Single Well,NA,1952-11-07 00:00:00 - 2020-04-01 12:00:00,99,fall,20.4,39.9,NA,NA,1991,3.9,4.01,8.44,4.21,Critical,SAC,1990-10-01T00:00:00Z,1991-10-01T00:00:00Z,-122.064,41.7901
417920N1220617W001,680209,1991-03-20T00:00:00Z,4258.86,4259.86,0,26.7,4232.16,26.7,27.7,NA,Unknown,Water level accuracy is unknown,1,Department of Water Resources,NA,1,Department of Water Resources,NA,NA,36888,46N02W35C001M,46N02W35C001M,Unknown,Unknown,1-003,Butte Valley,Siskiyou,104,Irrigation,Single Well,NA,1952-11-07 00:00:00 - 2020-04-01 12:00:00,99,spring,NA,NA,17.5,41.3,1991,3.9,4.01,8.44,4.21,Critical,SAC,1990-10-01T00:00:00Z,1991-10-01T00:00:00Z,-122.064,41.7901
417920N1220617W001,680208,1990-10-01T00:00:00Z,4258.86,4259.86,0,33.3,4225.56,33.3,34.3,NA,Unknown,Water level accuracy is unknown,1,Department of Water Resources,NA,1,Department of Water Resources,NA,NA,36888,46N02W35C001M,46N02W35C001M,Unknown,Unknown,1-003,Butte Valley,Siskiyou,104,Irrigation,Single Well,NA,1952-11-07 00:00:00 - 2020-04-01 12:00:00,99,fall,20.4,39.9,NA,NA,1991,3.9,4.01,8.44,4.21,Critical,SAC,1990-10-01T00:00:00Z,1991-10-01T00:00:00Z,-122.064,41.7901
417920N1220617W001,680207,1990-03-20T00:00:00Z,4258.86,4259.86,0,25.1,4233.76,25.1,26.1,NA,Unknown,Water level accuracy is unknown,1,Department of Water Resources,NA,1,Department of Water Resources,NA,NA,36888,46N02W35C001M,46N02W35C001M,Unknown,Unknown,1-003,Butte Valley,Siskiyou,104,Irrigation,Single Well,NA,1952-11-07 00:00:00 - 2020-04-01 12:00:00,99,spring,NA,NA,17.5,41.3,1990,4.94,3.72,9.26,4.81,Critical,SAC,1989-10-01T00:00:00Z,1990-10-01T00:00:00Z,-122.064,41.7901
417920N1220617W001,680206,1989-10-04T00:00:00Z,4258.86,4259.86,0,31.1,4227.76,31.1,32.1,NA,Unknown,Water level accuracy is unknown,1,Department of Water Resources,NA,1,Department of Water Resources,NA,NA,36888,46N02W35C001M,46N02W35C001M,Unknown,Unknown,1-003,Butte Valley,Siskiyou,104,Irrigation,Single Well,NA,1952-11-07 00:00:00 - 2020-04-01 12:00:00,99,fall,20.4,39.9,NA,NA,1990,4.94,3.72,9.26,4.81,Critical,SAC,1989-10-01T00:00:00Z,1990-10-01T00:00:00Z,-122.064,41.7901
417920N1220617W001,680205,1989-03-22T00:00:00Z,4258.86,4259.86,0,24.2,4234.66,24.2,25.2,NA,Unknown,Water level accuracy is unknown,1,Department of Water Resources,NA,1,Department of Water Resources,NA,NA,36888,46N02W35C001M,46N02W35C001M,Unknown,Unknown,1-003,Butte Valley,Siskiyou,104,Irrigation,Single Well,NA,1952-11-07 00:00:00 - 2020-04-01 12:00:00,99,spring,NA,NA,17.5,41.3,1989,9.03,5.07,14.82,6.13,Dry,SAC,1988-10-01T00:00:00Z,1989-10-01T00:00:00Z,-122.064,41.7901
417920N1220617W001,680204,1988-10-26T00:00:00Z,4258.86,4259.86,0,28.9,4229.96,28.9,29.9,NA,Unknown,Water level accuracy is unknown,1,Department of Water Resources,NA,1,Department of Water Resources,NA,NA,36888,46N02W35C001M,46N02W35C001M,Unknown,Unknown,1-003,Butte Valley,Siskiyou,104,Irrigation,Single Well,NA,1952-11-07 00:00:00 - 2020-04-01 12:00:00,99,fall,20.4,39.9,NA,NA,1989,9.03,5.07,14.82,6.13,Dry,SAC,1988-10-01T00:00:00Z,1989-10-01T00:00:00Z,-122.064,41.7901
417920N1220617W001,680203,1988-03-23T00:00:00Z,4258.86,4259.86,0,22.2,4236.66,22.2,23.2,NA,Unknown,Water level accuracy is unknown,1,Department of Water Resources,NA,1,Department of Water Resources,NA,NA,36888,46N02W35C001M,46N02W35C001M,Unknown,Unknown,1-003,Butte Valley,Siskiyou,104,Irrigation,Single Well,NA,1952-11-07 00:00:00 - 2020-04-01 12:00:00,99,spring,NA,NA,17.5,41.3,1988,5.78,2.9,9.23,4.65,Critical,SAC,1987-10-01T00:00:00Z,1988-10-01T00:00:00Z,-122.064,41.7901
417920N1220617W001,680202,1987-10-19T00:00:00Z,4258.86,4259.86,0,27.3,4231.56,27.3,28.3,NA,Unknown,Water level accuracy is unknown,1,Department of Water Resources,NA,1,Department of Water Resources,NA,NA,36888,46N02W35C001M,46N02W35C001M,Unknown,Unknown,1-003,Butte Valley,Siskiyou,104,Irrigation,Single Well,NA,1952-11-07 00:00:00 - 2020-04-01 12:00:00,99,fall,20.4,39.9,NA,NA,1988,5.78,2.9,9.23,4.65,Critical,SAC,1987-10-01T00:00:00Z,1988-10-01T00:00:00Z,-122.064,41.7901
417920N1220617W001,680201,1987-04-21T00:00:00Z,4258.86,4259.86,0,20.7,4238.16,20.7,21.7,NA,Unknown,Water level accuracy is unknown,1,Department of Water Resources,NA,1,Department of Water Resources,NA,NA,36888,46N02W35C001M,46N02W35C001M,Unknown,Unknown,1-003,Butte Valley,Siskiyou,104,Irrigation,Single Well,NA,1952-11-07 00:00:00 - 2020-04-01 12:00:00,99,spring,NA,NA,17.5,41.3,1987,5.85,2.8,9.27,5.86,Dry,SAC,1986-10-01T00:00:00Z,1987-10-01T00:00:00Z,-122.064,41.7901
417920N1220617W001,680200,1986-04-29T00:00:00Z,4258.86,4259.86,0,17.3,4241.56,17.3,18.3,NA,Unknown,Water level accuracy is unknown,1,Department of Water Resources,NA,624,Bureau of Reclamation,NA,NA,36888,46N02W35C001M,46N02W35C001M,Unknown,Unknown,1-003,Butte Valley,Siskiyou,104,Irrigation,Single Well,NA,1952-11-07 00:00:00 - 2020-04-01 12:00:00,99,spring,NA,NA,17.5,41.3,1986,19.45,5.45,25.83,9.96,Wet,SAC,1985-10-01T00:00:00Z,1986-10-01T00:00:00Z,-122.064,41.7901
417920N1220617W001,680199,1985-10-16T00:00:00Z,4258.86,4259.86,0,26.2,4232.66,26.2,27.2,NA,Unknown,Water level accuracy is unknown,1,Department of Water Resources,NA,624,Bureau of Reclamation,NA,NA,36888,46N02W35C001M,46N02W35C001M,Unknown,Unknown,1-003,Butte Valley,Siskiyou,104,Irrigation,Single Well,NA,1952-11-07 00:00:00 - 2020-04-01 12:00:00,99,fall,20.4,39.9,NA,NA,1986,19.45,5.45,25.83,9.96,Wet,SAC,1985-10-01T00:00:00Z,1986-10-01T00:00:00Z,-122.064,41.7901
417920N1220617W001,680198,1985-04-15T00:00:00Z,4258.86,4259.86,0,18,4240.86,18,19,NA,Unknown,Water level accuracy is unknown,1,Department of Water Resources,NA,624,Bureau of Reclamation,NA,NA,36888,46N02W35C001M,46N02W35C001M,Unknown,Unknown,1-003,Butte Valley,Siskiyou,104,Irrigation,Single Well,NA,1952-11-07 00:00:00 - 2020-04-01 12:00:00,99,spring,NA,NA,17.5,41.3,1985,6.24,4,11.04,6.47,Dry,SAC,1984-10-01T00:00:00Z,1985-10-01T00:00:00Z,-122.064,41.7901
417920N1220617W001,680197,1984-10-25T00:00:00Z,4258.86,4259.86,0,23.1,4235.76,23.1,24.1,NA,Unknown,Water level accuracy is unknown,1,Department of Water Resources,NA,624,Bureau of Reclamation,NA,NA,36888,46N02W35C001M,46N02W35C001M,Unknown,Unknown,1-003,Butte Valley,Siskiyou,104,Irrigation,Single Well,NA,1952-11-07 00:00:00 - 2020-04-01 12:00:00,99,fall,20.4,39.9,NA,NA,1985,6.24,4,11.04,6.47,Dry,SAC,1984-10-01T00:00:00Z,1985-10-01T00:00:00Z,-122.064,41.7901
417920N1220617W001,680196,1984-04-16T00:00:00Z,4258.86,4259.86,0,16.5,4242.36,16.5,17.5,NA,Unknown,Water level accuracy is unknown,1,Department of Water Resources,NA,624,Bureau of Reclamation,NA,NA,36888,46N02W35C001M,46N02W35C001M,Unknown,Unknown,1-003,Butte Valley,Siskiyou,104,Irrigation,Single Well,NA,1952-11-07 00:00:00 - 2020-04-01 12:00:00,99,spring,NA,NA,17.5,41.3,1984,15.98,5.52,22.35,10,Wet,SAC,1983-10-01T00:00:00Z,1984-10-01T00:00:00Z,-122.064,41.7901
417920N1220617W001,680195,1983-10-14T00:00:00Z,4258.86,4259.86,0,24,4234.86,24,25,NA,Unknown,Water level accuracy is unknown,1,Department of Water Resources,NA,624,Bureau of Reclamation,NA,NA,36888,46N02W35C001M,46N02W35C001M,Unknown,Unknown,1-003,Butte Valley,Siskiyou,104,Irrigation,Single Well,NA,1952-11-07 00:00:00 - 2020-04-01 12:00:00,99,fall,20.4,39.9,NA,NA,1984,15.98,5.52,22.35,10,Wet,SAC,1983-10-01T00:00:00Z,1984-10-01T00:00:00Z,-122.064,41.7901
417920N1220617W001,680194,1983-05-11T00:00:00Z,4258.86,4259.86,0,18.9,4239.96,18.9,19.9,NA,Unknown,Water level accuracy is unknown,1,Department of Water Resources,NA,624,Bureau of Reclamation,NA,NA,36888,46N02W35C001M,46N02W35C001M,Unknown,Unknown,1-003,Butte Valley,Siskiyou,104,Irrigation,Single Well,NA,1952-11-07 00:00:00 - 2020-04-01 12:00:00,99,spring,NA,NA,17.5,41.3,1983,22.75,13.66,37.68,15.29,Wet,SAC,1982-10-01T00:00:00Z,1983-10-01T00:00:00Z,-122.064,41.7901
417920N1220617W001,680193,1982-10-25T00:00:00Z,4258.86,4259.86,0,25.3,4233.56,25.3,26.3,NA,Unknown,Water level accuracy is unknown,1,Department of Water Resources,NA,624,Bureau of Reclamation,NA,NA,36888,46N02W35C001M,46N02W35C001M,Unknown,Unknown,1-003,Butte Valley,Siskiyou,104,Irrigation,Single Well,NA,1952-11-07 00:00:00 - 2020-04-01 12:00:00,99,fall,20.4,39.9,NA,NA,1983,22.75,13.66,37.68,15.29,Wet,SAC,1982-10-01T00:00:00Z,1983-10-01T00:00:00Z,-122.064,41.7901
417920N1220617W001,680192,1982-04-21T00:00:00Z,4258.86,4259.86,0,21,4237.86,21,22,NA,Unknown,Water level accuracy is unknown,1,Department of Water Resources,NA,624,Bureau of Reclamation,NA,NA,36888,46N02W35C001M,46N02W35C001M,Unknown,Unknown,1-003,Butte Valley,Siskiyou,104,Irrigation,Single Well,NA,1952-11-07 00:00:00 - 2020-04-01 12:00:00,99,spring,NA,NA,17.5,41.3,1982,20.56,11.82,33.41,12.76,Wet,SAC,1981-10-01T00:00:00Z,1982-10-01T00:00:00Z,-122.064,41.7901
417920N1220617W001,680191,1981-10-15T00:00:00Z,4258.86,4259.86,0,34,4224.86,34,35,NA,Unknown,Water level accuracy is unknown,1,Department of Water Resources,NA,624,Bureau of Reclamation,NA,NA,36888,46N02W35C001M,46N02W35C001M,Unknown,Unknown,1-003,Butte Valley,Siskiyou,104,Irrigation,Single Well,NA,1952-11-07 00:00:00 - 2020-04-01 12:00:00,99,fall,20.4,39.9,NA,NA,1982,20.56,11.82,33.41,12.76,Wet,SAC,1981-10-01T00:00:00Z,1982-10-01T00:00:00Z,-122.064,41.7901
417920N1220617W001,680190,1981-04-24T00:00:00Z,4258.86,4259.86,0,24,4234.86,24,25,NA,Unknown,Water level accuracy is unknown,1,Department of Water Resources,NA,624,Bureau of Reclamation,NA,NA,36888,46N02W35C001M,46N02W35C001M,Unknown,Unknown,1-003,Butte Valley,Siskiyou,104,Irrigation,Single Well,NA,1952-11-07 00:00:00 - 2020-04-01 12:00:00,99,spring,NA,NA,17.5,41.3,1981,6.81,3.63,11.1,6.21,Dry,SAC,1980-10-01T00:00:00Z,1981-10-01T00:00:00Z,-122.064,41.7901
417920N1220617W001,680189,1980-10-24T00:00:00Z,4258.86,4259.86,0,29.7,4229.16,29.7,30.7,NA,Unknown,Water level accuracy is unknown,1,Department of Water Resources,NA,624,Bureau of Reclamation,NA,NA,36888,46N02W35C001M,46N02W35C001M,Unknown,Unknown,1-003,Butte Valley,Siskiyou,104,Irrigation,Single Well,NA,1952-11-07 00:00:00 - 2020-04-01 12:00:00,99,fall,20.4,39.9,NA,NA,1981,6.81,3.63,11.1,6.21,Dry,SAC,1980-10-01T00:00:00Z,1981-10-01T00:00:00Z,-122.064,41.7901
417920N1220617W001,680188,1980-04-18T00:00:00Z,4258.86,4259.86,0,21.2,4237.66,21.2,22.2,NA,Unknown,Water level accuracy is unknown,1,Department of Water Resources,NA,624,Bureau of Reclamation,NA,NA,36888,46N02W35C001M,46N02W35C001M,Unknown,Unknown,1-003,Butte Valley,Siskiyou,104,Irrigation,Single Well,NA,1952-11-07 00:00:00 - 2020-04-01 12:00:00,99,spring,NA,NA,17.5,41.3,1980,15.49,6,22.33,9.04,Above Normal,SAC,1979-10-01T00:00:00Z,1980-10-01T00:00:00Z,-122.064,41.7901
417920N1220617W001,680187,1979-10-12T00:00:00Z,4258.86,4259.86,0,30.4,4228.46,30.4,31.4,NA,Unknown,Water level accuracy is unknown,1,Department of Water Resources,NA,624,Bureau of Reclamation,NA,NA,36888,46N02W35C001M,46N02W35C001M,Unknown,Unknown,1-003,Butte Valley,Siskiyou,104,Irrigation,Single Well,NA,1952-11-07 00:00:00 - 2020-04-01 12:00:00,99,fall,20.4,39.9,NA,NA,1980,15.49,6,22.33,9.04,Above Normal,SAC,1979-10-01T00:00:00Z,1980-10-01T00:00:00Z,-122.064,41.7901
417920N1220617W001,680186,1979-04-27T00:00:00Z,4258.86,4259.86,0,21.4,4237.46,21.4,22.4,NA,Unknown,Water level accuracy is unknown,1,Department of Water Resources,NA,624,Bureau of Reclamation,NA,NA,36888,46N02W35C001M,46N02W35C001M,Unknown,Unknown,1-003,Butte Valley,Siskiyou,104,Irrigation,Single Well,NA,1952-11-07 00:00:00 - 2020-04-01 12:00:00,99,spring,NA,NA,17.5,41.3,1979,6.06,5.64,12.41,6.67,Below Normal,SAC,1978-10-01T00:00:00Z,1979-10-01T00:00:00Z,-122.064,41.7901
417920N1220617W001,680185,1978-09-18T00:00:00Z,4258.86,4259.86,0,26.3,4232.56,26.3,27.3,NA,Unknown,Water level accuracy is unknown,1,Department of Water Resources,NA,624,Bureau of Reclamation,NA,NA,36888,46N02W35C001M,46N02W35C001M,Unknown,Unknown,1-003,Butte Valley,Siskiyou,104,Irrigation,Single Well,NA,1952-11-07 00:00:00 - 2020-04-01 12:00:00,99,fall,20.4,39.9,NA,NA,1978,14.9,8.12,23.92,8.65,Above Normal,SAC,1977-10-01T00:00:00Z,1978-10-01T00:00:00Z,-122.064,41.7901
417920N1220617W001,680184,1978-08-15T00:00:00Z,4258.86,4259.86,0,32,4226.86,32,33,NA,Unknown,Water level accuracy is unknown,1,Department of Water Resources,NA,624,Bureau of Reclamation,NA,NA,36888,46N02W35C001M,46N02W35C001M,Unknown,Unknown,1-003,Butte Valley,Siskiyou,104,Irrigation,Single Well,NA,1952-11-07 00:00:00 - 2020-04-01 12:00:00,99,fall,20.4,39.9,NA,NA,1978,14.9,8.12,23.92,8.65,Above Normal,SAC,1977-10-01T00:00:00Z,1978-10-01T00:00:00Z,-122.064,41.7901
417920N1220617W001,680183,1978-07-19T00:00:00Z,4258.86,4259.86,0,38.9,4219.96,38.9,39.9,NA,Unknown,Water level accuracy is unknown,1,Department of Water Resources,NA,624,Bureau of Reclamation,NA,NA,36888,46N02W35C001M,46N02W35C001M,Unknown,Unknown,1-003,Butte Valley,Siskiyou,104,Irrigation,Single Well,NA,1952-11-07 00:00:00 - 2020-04-01 12:00:00,99,other,NA,NA,NA,NA,1978,14.9,8.12,23.92,8.65,Above Normal,SAC,1977-10-01T00:00:00Z,1978-10-01T00:00:00Z,-122.064,41.7901
417920N1220617W001,680182,1978-06-16T00:00:00Z,4258.86,4259.86,0,37.5,4221.36,37.5,38.5,NA,Unknown,Water level accuracy is unknown,1,Department of Water Resources,NA,624,Bureau of Reclamation,NA,NA,36888,46N02W35C001M,46N02W35C001M,Unknown,Unknown,1-003,Butte Valley,Siskiyou,104,Irrigation,Single Well,NA,1952-11-07 00:00:00 - 2020-04-01 12:00:00,99,other,NA,NA,NA,NA,1978,14.9,8.12,23.92,8.65,Above Normal,SAC,1977-10-01T00:00:00Z,1978-10-01T00:00:00Z,-122.064,41.7901
417920N1220617W001,680181,1978-05-12T00:00:00Z,4258.86,4259.86,0,19,4239.86,19,20,NA,Unknown,Water level accuracy is unknown,1,Department of Water Resources,NA,624,Bureau of Reclamation,NA,NA,36888,46N02W35C001M,46N02W35C001M,Unknown,Unknown,1-003,Butte Valley,Siskiyou,104,Irrigation,Single Well,NA,1952-11-07 00:00:00 - 2020-04-01 12:00:00,99,spring,NA,NA,17.5,41.3,1978,14.9,8.12,23.92,8.65,Above Normal,SAC,1977-10-01T00:00:00Z,1978-10-01T00:00:00Z,-122.064,41.7901
417920N1220617W001,680180,1978-04-13T00:00:00Z,4258.86,4259.86,0,19,4239.86,19,20,NA,Unknown,Water level accuracy is unknown,1,Department of Water Resources,NA,624,Bureau of Reclamation,NA,NA,36888,46N02W35C001M,46N02W35C001M,Unknown,Unknown,1-003,Butte Valley,Siskiyou,104,Irrigation,Single Well,NA,1952-11-07 00:00:00 - 2020-04-01 12:00:00,99,spring,NA,NA,17.5,41.3,1978,14.9,8.12,23.92,8.65,Above Normal,SAC,1977-10-01T00:00:00Z,1978-10-01T00:00:00Z,-122.064,41.7901
417920N1220617W001,680179,1977-10-14T00:00:00Z,4258.86,4259.86,0,27.6,4231.26,27.6,28.6,NA,Unknown,Water level accuracy is unknown,1,Department of Water Resources,NA,624,Bureau of Reclamation,NA,NA,36888,46N02W35C001M,46N02W35C001M,Unknown,Unknown,1-003,Butte Valley,Siskiyou,104,Irrigation,Single Well,NA,1952-11-07 00:00:00 - 2020-04-01 12:00:00,99,fall,20.4,39.9,NA,NA,1978,14.9,8.12,23.92,8.65,Above Normal,SAC,1977-10-01T00:00:00Z,1978-10-01T00:00:00Z,-122.064,41.7901
417920N1220617W001,680178,1977-09-15T00:00:00Z,4258.86,4259.86,0,31.4,4227.46,31.4,32.4,NA,Unknown,Water level accuracy is unknown,1,Department of Water Resources,NA,624,Bureau of Reclamation,NA,NA,36888,46N02W35C001M,46N02W35C001M,Unknown,Unknown,1-003,Butte Valley,Siskiyou,104,Irrigation,Single Well,NA,1952-11-07 00:00:00 - 2020-04-01 12:00:00,99,fall,20.4,39.9,NA,NA,1977,2.49,1.93,5.12,3.11,Critical,SAC,1976-10-01T00:00:00Z,1977-10-01T00:00:00Z,-122.064,41.7901
417920N1220617W001,680177,1977-08-16T00:00:00Z,4258.86,4259.86,0,35.7,4223.16,35.7,36.7,NA,Unknown,Water level accuracy is unknown,1,Department of Water Resources,NA,624,Bureau of Reclamation,NA,NA,36888,46N02W35C001M,46N02W35C001M,Unknown,Unknown,1-003,Butte Valley,Siskiyou,104,Irrigation,Single Well,NA,1952-11-07 00:00:00 - 2020-04-01 12:00:00,99,fall,20.4,39.9,NA,NA,1977,2.49,1.93,5.12,3.11,Critical,SAC,1976-10-01T00:00:00Z,1977-10-01T00:00:00Z,-122.064,41.7901
417920N1220617W001,680176,1977-07-22T00:00:00Z,4258.86,4259.86,NA,NA,NA,NA,NA,Pumping,NA,NA,1,Department of Water Resources,NA,624,Bureau of Reclamation,NA,NA,36888,46N02W35C001M,46N02W35C001M,Unknown,Unknown,1-003,Butte Valley,Siskiyou,104,Irrigation,Single Well,NA,1952-11-07 00:00:00 - 2020-04-01 12:00:00,99,other,NA,NA,NA,NA,1977,2.49,1.93,5.12,3.11,Critical,SAC,1976-10-01T00:00:00Z,1977-10-01T00:00:00Z,-122.064,41.7901
417920N1220617W001,680175,1977-06-14T00:00:00Z,4258.86,4259.86,0,27.9,4230.96,27.9,28.9,NA,Unknown,Water level accuracy is unknown,1,Department of Water Resources,NA,624,Bureau of Reclamation,NA,NA,36888,46N02W35C001M,46N02W35C001M,Unknown,Unknown,1-003,Butte Valley,Siskiyou,104,Irrigation,Single Well,NA,1952-11-07 00:00:00 - 2020-04-01 12:00:00,99,other,NA,NA,NA,NA,1977,2.49,1.93,5.12,3.11,Critical,SAC,1976-10-01T00:00:00Z,1977-10-01T00:00:00Z,-122.064,41.7901
417920N1220617W001,680174,1977-04-05T00:00:00Z,4258.86,4259.86,0,19.7,4239.16,19.7,20.7,NA,Unknown,Water level accuracy is unknown,1,Department of Water Resources,NA,624,Bureau of Reclamation,NA,NA,36888,46N02W35C001M,46N02W35C001M,Unknown,Unknown,1-003,Butte Valley,Siskiyou,104,Irrigation,Single Well,NA,1952-11-07 00:00:00 - 2020-04-01 12:00:00,99,spring,NA,NA,17.5,41.3,1977,2.49,1.93,5.12,3.11,Critical,SAC,1976-10-01T00:00:00Z,1977-10-01T00:00:00Z,-122.064,41.7901
417920N1220617W001,680173,1958-10-09T00:00:00Z,4258.86,4259.86,0,19.4,4239.46,19.4,20.4,NA,Unknown,Water level accuracy is unknown,1,Department of Water Resources,NA,624,Bureau of Reclamation,NA,NA,36888,46N02W35C001M,46N02W35C001M,Unknown,Unknown,1-003,Butte Valley,Siskiyou,104,Irrigation,Single Well,NA,1952-11-07 00:00:00 - 2020-04-01 12:00:00,99,fall,20.4,39.9,NA,NA,1959,7.4,3.84,12.05,6.75,Below Normal,SAC,1958-10-01T00:00:00Z,1959-10-01T00:00:00Z,-122.064,41.7901
417920N1220617W001,680172,1958-05-01T00:00:00Z,4258.86,4259.86,0,23.2,4235.66,23.2,24.2,NA,Unknown,Water level accuracy is unknown,1,Department of Water Resources,NA,624,Bureau of Reclamation,NA,NA,36888,46N02W35C001M,46N02W35C001M,Unknown,Unknown,1-003,Butte Valley,Siskiyou,104,Irrigation,Single Well,NA,1952-11-07 00:00:00 - 2020-04-01 12:00:00,99,spring,NA,NA,17.5,41.3,1958,16.37,12.24,29.71,12.16,Wet,SAC,1957-10-01T00:00:00Z,1958-10-01T00:00:00Z,-122.064,41.7901
417920N1220617W001,680171,1957-09-25T00:00:00Z,4258.86,4259.86,0,30.9,4227.96,30.9,31.9,NA,Unknown,Water level accuracy is unknown,1,Department of Water Resources,NA,624,Bureau of Reclamation,NA,NA,36888,46N02W35C001M,46N02W35C001M,Unknown,Unknown,1-003,Butte Valley,Siskiyou,104,Irrigation,Single Well,NA,1952-11-07 00:00:00 - 2020-04-01 12:00:00,99,fall,20.4,39.9,NA,NA,1957,7.72,6.29,14.89,7.83,Above Normal,SAC,1956-10-01T00:00:00Z,1957-10-01T00:00:00Z,-122.064,41.7901
417920N1220617W001,680170,1957-04-12T00:00:00Z,4258.86,4259.86,0,19.5,4239.36,19.5,20.5,NA,Unknown,Water level accuracy is unknown,1,Department of Water Resources,NA,624,Bureau of Reclamation,NA,NA,36888,46N02W35C001M,46N02W35C001M,Unknown,Unknown,1-003,Butte Valley,Siskiyou,104,Irrigation,Single Well,NA,1952-11-07 00:00:00 - 2020-04-01 12:00:00,99,spring,NA,NA,17.5,41.3,1957,7.72,6.29,14.89,7.83,Above Normal,SAC,1956-10-01T00:00:00Z,1957-10-01T00:00:00Z,-122.064,41.7901
417920N1220617W001,680169,1956-10-09T00:00:00Z,4258.86,4259.86,0,24.2,4234.66,24.2,25.2,NA,Unknown,Water level accuracy is unknown,1,Department of Water Resources,NA,624,Bureau of Reclamation,NA,NA,36888,46N02W35C001M,46N02W35C001M,Unknown,Unknown,1-003,Butte Valley,Siskiyou,104,Irrigation,Single Well,NA,1952-11-07 00:00:00 - 2020-04-01 12:00:00,99,fall,20.4,39.9,NA,NA,1957,7.72,6.29,14.89,7.83,Above Normal,SAC,1956-10-01T00:00:00Z,1957-10-01T00:00:00Z,-122.064,41.7901
417920N1220617W001,680168,1956-05-02T00:00:00Z,4258.86,4259.86,0,20.5,4238.36,20.5,21.5,NA,Unknown,Water level accuracy is unknown,1,Department of Water Resources,NA,624,Bureau of Reclamation,NA,NA,36888,46N02W35C001M,46N02W35C001M,Unknown,Unknown,1-003,Butte Valley,Siskiyou,104,Irrigation,Single Well,NA,1952-11-07 00:00:00 - 2020-04-01 12:00:00,99,spring,NA,NA,17.5,41.3,1956,20.32,8.6,29.89,11.38,Wet,SAC,1955-10-01T00:00:00Z,1956-10-01T00:00:00Z,-122.064,41.7901
417920N1220617W001,680167,1956-04-04T00:00:00Z,4258.86,4259.86,0,20.5,4238.36,20.5,21.5,NA,Unknown,Water level accuracy is unknown,1,Department of Water Resources,NA,624,Bureau of Reclamation,NA,NA,36888,46N02W35C001M,46N02W35C001M,Unknown,Unknown,1-003,Butte Valley,Siskiyou,104,Irrigation,Single Well,NA,1952-11-07 00:00:00 - 2020-04-01 12:00:00,99,spring,NA,NA,17.5,41.3,1956,20.32,8.6,29.89,11.38,Wet,SAC,1955-10-01T00:00:00Z,1956-10-01T00:00:00Z,-122.064,41.7901
417920N1220617W001,680166,1956-03-12T00:00:00Z,4258.86,4259.86,0,21.2,4237.66,21.2,22.2,NA,Unknown,Water level accuracy is unknown,1,Department of Water Resources,NA,624,Bureau of Reclamation,NA,NA,36888,46N02W35C001M,46N02W35C001M,Unknown,Unknown,1-003,Butte Valley,Siskiyou,104,Irrigation,Single Well,NA,1952-11-07 00:00:00 - 2020-04-01 12:00:00,99,spring,NA,NA,17.5,41.3,1956,20.32,8.6,29.89,11.38,Wet,SAC,1955-10-01T00:00:00Z,1956-10-01T00:00:00Z,-122.064,41.7901
417920N1220617W001,680165,1955-10-03T00:00:00Z,4258.86,4259.86,0,37.7,4221.16,37.7,38.7,NA,Unknown,Water level accuracy is unknown,1,Department of Water Resources,NA,624,Bureau of Reclamation,NA,NA,36888,46N02W35C001M,46N02W35C001M,Unknown,Unknown,1-003,Butte Valley,Siskiyou,104,Irrigation,Single Well,NA,1952-11-07 00:00:00 - 2020-04-01 12:00:00,99,fall,20.4,39.9,NA,NA,1956,20.32,8.6,29.89,11.38,Wet,SAC,1955-10-01T00:00:00Z,1956-10-01T00:00:00Z,-122.064,41.7901
417920N1220617W001,680164,1955-03-21T00:00:00Z,4258.86,4259.86,0,23.8,4235.06,23.8,24.8,NA,Unknown,Water level accuracy is unknown,1,Department of Water Resources,NA,624,Bureau of Reclamation,NA,NA,36888,46N02W35C001M,46N02W35C001M,Unknown,Unknown,1-003,Butte Valley,Siskiyou,104,Irrigation,Single Well,NA,1952-11-07 00:00:00 - 2020-04-01 12:00:00,99,spring,NA,NA,17.5,41.3,1955,5.19,5.07,10.98,6.14,Dry,SAC,1954-10-01T00:00:00Z,1955-10-01T00:00:00Z,-122.064,41.7901
417920N1220617W001,680163,1954-09-27T00:00:00Z,4258.86,4259.86,0,34.5,4224.36,34.5,35.5,NA,Unknown,Water level accuracy is unknown,1,Department of Water Resources,NA,624,Bureau of Reclamation,NA,NA,36888,46N02W35C001M,46N02W35C001M,Unknown,Unknown,1-003,Butte Valley,Siskiyou,104,Irrigation,Single Well,NA,1952-11-07 00:00:00 - 2020-04-01 12:00:00,99,fall,20.4,39.9,NA,NA,1954,9.74,6.81,17.43,8.51,Above Normal,SAC,1953-10-01T00:00:00Z,1954-10-01T00:00:00Z,-122.064,41.7901
417920N1220617W001,680162,1954-05-04T00:00:00Z,4258.86,4259.86,0,23.1,4235.76,23.1,24.1,NA,Unknown,Water level accuracy is unknown,1,Department of Water Resources,NA,624,Bureau of Reclamation,NA,NA,36888,46N02W35C001M,46N02W35C001M,Unknown,Unknown,1-003,Butte Valley,Siskiyou,104,Irrigation,Single Well,NA,1952-11-07 00:00:00 - 2020-04-01 12:00:00,99,spring,NA,NA,17.5,41.3,1954,9.74,6.81,17.43,8.51,Above Normal,SAC,1953-10-01T00:00:00Z,1954-10-01T00:00:00Z,-122.064,41.7901
417920N1220617W001,680161,1953-11-15T00:00:00Z,4258.86,4259.86,0,26.8,4232.06,26.8,27.8,NA,Unknown,Water level accuracy is unknown,1,Department of Water Resources,NA,624,Bureau of Reclamation,NA,NA,36888,46N02W35C001M,46N02W35C001M,Unknown,Unknown,1-003,Butte Valley,Siskiyou,104,Irrigation,Single Well,NA,1952-11-07 00:00:00 - 2020-04-01 12:00:00,99,fall,20.4,39.9,NA,NA,1954,9.74,6.81,17.43,8.51,Above Normal,SAC,1953-10-01T00:00:00Z,1954-10-01T00:00:00Z,-122.064,41.7901
417920N1220617W001,680160,1953-04-01T00:00:00Z,4258.86,4259.86,0,23.2,4235.66,23.2,24.2,NA,Unknown,Water level accuracy is unknown,1,Department of Water Resources,NA,624,Bureau of Reclamation,NA,NA,36888,46N02W35C001M,46N02W35C001M,Unknown,Unknown,1-003,Butte Valley,Siskiyou,104,Irrigation,Single Well,NA,1952-11-07 00:00:00 - 2020-04-01 12:00:00,99,spring,NA,NA,17.5,41.3,1953,10.84,8.26,20.09,9.55,Wet,SAC,1952-10-01T00:00:00Z,1953-10-01T00:00:00Z,-122.064,41.7901
417920N1220617W001,680159,1952-11-07T00:00:00Z,4258.86,4259.86,0,26.3,4232.56,26.3,27.3,NA,Unknown,Water level accuracy is unknown,1,Department of Water Resources,NA,624,Bureau of Reclamation,NA,NA,36888,46N02W35C001M,46N02W35C001M,Unknown,Unknown,1-003,Butte Valley,Siskiyou,104,Irrigation,Single Well,NA,1952-11-07 00:00:00 - 2020-04-01 12:00:00,99,fall,20.4,39.9,NA,NA,1953,10.84,8.26,20.09,9.55,Wet,SAC,1952-10-01T00:00:00Z,1953-10-01T00:00:00Z,-122.064,41.7901
