SITE_CODE,WLM_ID,MSMT_DATE,WLM_RPE,WLM_GSE,RDNG_WS,RDNG_RP,WSE,RPE_WSE,GSE_WSE,WLM_QA_DESC,WLM_DESC,WLM_ACC_DESC,WLM_ORG_ID,WLM_ORG_NAME,MSMT_CMT,COOP_AGENCY_ORG_ID,COOP_ORG_NAME,TOP_PRF,BOT_PRF,STN_ID,SWN,WELL_NAME,WLM_METHOD,WLM_ACC,BASIN_CODE,BASIN_NAME,COUNTY_NAME,WELL_DEPTH,WELL_USE,WELL_TYPE,WCR_NO,t_range,n_samples,season,fall_high,fall_low,spring_high,spring_low,water_year,Oct.Mar,Apr.Jul,WYsum,Index,water_year_type,region,water_year_start,water_year_end,X,Y
417959N1220575W001,1790114,2003-04-01T00:00:00Z,4257.84,4257.84,NA,NA,NA,NA,NA,Unable to locate well,NA,NA,1,Department of Water Resources,NA,1,Department of Water Resources,100,120,24083,46N02W26Q001M,NA,Unknown,Unknown,1-003,Butte Valley,Siskiyou,120,Unknown,Unknown,DWR,1971-06-30 - 2003-04-01,59,spring,NA,NA,9,28.5,2003,10.71,7.74,19.31,8.21,Above Normal,SAC,2002-10-01T00:00:00Z,2003-10-01T00:00:00Z,-122.058,41.7959
417959N1220575W001,1790113,2002-10-11T00:00:00Z,4257.84,4257.84,NA,NA,NA,NA,NA,Unable to locate well,NA,NA,1,Department of Water Resources,NA,1,Department of Water Resources,100,120,24083,46N02W26Q001M,NA,Unknown,Unknown,1-003,Butte Valley,Siskiyou,120,Unknown,Unknown,DWR,1971-06-30 - 2003-04-01,59,fall,11.2,28.6,NA,NA,2003,10.71,7.74,19.31,8.21,Above Normal,SAC,2002-10-01T00:00:00Z,2003-10-01T00:00:00Z,-122.058,41.7959
417959N1220575W001,1790112,2002-03-26T00:00:00Z,4257.84,4257.84,NA,NA,NA,NA,NA,Unable to locate well,NA,NA,1,Department of Water Resources,NA,1,Department of Water Resources,100,120,24083,46N02W26Q001M,NA,Unknown,Unknown,1-003,Butte Valley,Siskiyou,120,Unknown,Unknown,DWR,1971-06-30 - 2003-04-01,59,spring,NA,NA,9,28.5,2002,9.32,4.57,14.6,6.35,Dry,SAC,2001-10-01T00:00:00Z,2002-10-01T00:00:00Z,-122.058,41.7959
417959N1220575W001,1790111,2001-10-24T00:00:00Z,4257.84,4257.84,NA,NA,NA,NA,NA,Unable to locate well,NA,NA,1,Department of Water Resources,NA,1,Department of Water Resources,100,120,24083,46N02W26Q001M,NA,Unknown,Unknown,1-003,Butte Valley,Siskiyou,120,Unknown,Unknown,DWR,1971-06-30 - 2003-04-01,59,fall,11.2,28.6,NA,NA,2002,9.32,4.57,14.6,6.35,Dry,SAC,2001-10-01T00:00:00Z,2002-10-01T00:00:00Z,-122.058,41.7959
417959N1220575W001,1790110,2001-04-03T00:00:00Z,4257.84,4257.84,0,18.6,4239.24,18.6,18.6,NA,Unknown,Water level accuracy is unknown,1,Department of Water Resources,NA,1,Department of Water Resources,100,120,24083,46N02W26Q001M,NA,Unknown,Unknown,1-003,Butte Valley,Siskiyou,120,Unknown,Unknown,DWR,1971-06-30 - 2003-04-01,59,spring,NA,NA,9,28.5,2001,5.64,3.46,9.81,5.76,Dry,SAC,2000-10-01T00:00:00Z,2001-10-01T00:00:00Z,-122.058,41.7959
417959N1220575W001,1790109,2000-10-10T00:00:00Z,4257.84,4257.84,0,20.1,4237.74,20.1,20.1,NA,Unknown,Water level accuracy is unknown,1,Department of Water Resources,NA,1,Department of Water Resources,100,120,24083,46N02W26Q001M,NA,Unknown,Unknown,1-003,Butte Valley,Siskiyou,120,Unknown,Unknown,DWR,1971-06-30 - 2003-04-01,59,fall,11.2,28.6,NA,NA,2001,5.64,3.46,9.81,5.76,Dry,SAC,2000-10-01T00:00:00Z,2001-10-01T00:00:00Z,-122.058,41.7959
417959N1220575W001,1790108,2000-03-22T00:00:00Z,4257.84,4257.84,0,15.7,4242.14,15.7,15.7,NA,Unknown,Water level accuracy is unknown,1,Department of Water Resources,NA,1,Department of Water Resources,100,120,24083,46N02W26Q001M,NA,Unknown,Unknown,1-003,Butte Valley,Siskiyou,120,Unknown,Unknown,DWR,1971-06-30 - 2003-04-01,59,spring,NA,NA,9,28.5,2000,12.06,5.96,18.9,8.94,Above Normal,SAC,1999-10-01T00:00:00Z,2000-10-01T00:00:00Z,-122.058,41.7959
417959N1220575W001,1790106,1999-10-26T00:00:00Z,4257.84,4257.84,0,17.7,4240.14,17.7,17.7,NA,Unknown,Water level accuracy is unknown,1,Department of Water Resources,NA,1,Department of Water Resources,100,120,24083,46N02W26Q001M,NA,Unknown,Unknown,1-003,Butte Valley,Siskiyou,120,Unknown,Unknown,DWR,1971-06-30 - 2003-04-01,59,fall,11.2,28.6,NA,NA,2000,12.06,5.96,18.9,8.94,Above Normal,SAC,1999-10-01T00:00:00Z,2000-10-01T00:00:00Z,-122.058,41.7959
417959N1220575W001,1790107,1999-03-16T00:00:00Z,4257.84,4257.84,0,14,4243.84,14,14,NA,Unknown,Water level accuracy is unknown,1,Department of Water Resources,NA,1,Department of Water Resources,100,120,24083,46N02W26Q001M,NA,Unknown,Unknown,1-003,Butte Valley,Siskiyou,120,Unknown,Unknown,DWR,1971-06-30 - 2003-04-01,59,spring,NA,NA,9,28.5,1999,12.97,7.26,21.19,9.8,Wet,SAC,1998-10-01T00:00:00Z,1999-10-01T00:00:00Z,-122.058,41.7959
417959N1220575W001,1790105,1998-10-28T00:00:00Z,4257.84,4257.84,0,18.7,4239.14,18.7,18.7,NA,Unknown,Water level accuracy is unknown,1,Department of Water Resources,NA,1,Department of Water Resources,100,120,24083,46N02W26Q001M,NA,Unknown,Unknown,1-003,Butte Valley,Siskiyou,120,Unknown,Unknown,DWR,1971-06-30 - 2003-04-01,59,fall,11.2,28.6,NA,NA,1999,12.97,7.26,21.19,9.8,Wet,SAC,1998-10-01T00:00:00Z,1999-10-01T00:00:00Z,-122.058,41.7959
417959N1220575W001,1790104,1998-03-31T00:00:00Z,4257.84,4257.84,0,15.7,4242.14,15.7,15.7,NA,Unknown,Water level accuracy is unknown,1,Department of Water Resources,NA,1,Department of Water Resources,100,120,24083,46N02W26Q001M,NA,Unknown,Unknown,1-003,Butte Valley,Siskiyou,120,Unknown,Unknown,DWR,1971-06-30 - 2003-04-01,59,spring,NA,NA,9,28.5,1998,17.65,12.54,31.4,13.31,Wet,SAC,1997-10-01T00:00:00Z,1998-10-01T00:00:00Z,-122.058,41.7959
417959N1220575W001,1790103,1997-10-22T00:00:00Z,4257.84,4257.84,0,19.6,4238.24,19.6,19.6,NA,Unknown,Water level accuracy is unknown,1,Department of Water Resources,NA,1,Department of Water Resources,100,120,24083,46N02W26Q001M,NA,Unknown,Unknown,1-003,Butte Valley,Siskiyou,120,Unknown,Unknown,DWR,1971-06-30 - 2003-04-01,59,fall,11.2,28.6,NA,NA,1998,17.65,12.54,31.4,13.31,Wet,SAC,1997-10-01T00:00:00Z,1998-10-01T00:00:00Z,-122.058,41.7959
417959N1220575W001,1790102,1997-03-11T00:00:00Z,4257.84,4257.84,0,15.9,4241.94,15.9,15.9,NA,Unknown,Water level accuracy is unknown,1,Department of Water Resources,NA,1,Department of Water Resources,100,120,24083,46N02W26Q001M,NA,Unknown,Unknown,1-003,Butte Valley,Siskiyou,120,Unknown,Unknown,DWR,1971-06-30 - 2003-04-01,59,spring,NA,NA,9,28.5,1997,20.22,4.39,25.42,10.82,Wet,SAC,1996-10-01T00:00:00Z,1997-10-01T00:00:00Z,-122.058,41.7959
417959N1220575W001,1790101,1996-10-21T00:00:00Z,4257.84,4257.84,0,20.5,4237.34,20.5,20.5,NA,Unknown,Water level accuracy is unknown,1,Department of Water Resources,NA,1,Department of Water Resources,100,120,24083,46N02W26Q001M,NA,Unknown,Unknown,1-003,Butte Valley,Siskiyou,120,Unknown,Unknown,DWR,1971-06-30 - 2003-04-01,59,fall,11.2,28.6,NA,NA,1997,20.22,4.39,25.42,10.82,Wet,SAC,1996-10-01T00:00:00Z,1997-10-01T00:00:00Z,-122.058,41.7959
417959N1220575W001,1790100,1996-03-26T00:00:00Z,4257.84,4257.84,0,17.1,4240.74,17.1,17.1,NA,Unknown,Water level accuracy is unknown,1,Department of Water Resources,NA,1,Department of Water Resources,100,120,24083,46N02W26Q001M,NA,Unknown,Unknown,1-003,Butte Valley,Siskiyou,120,Unknown,Unknown,DWR,1971-06-30 - 2003-04-01,59,spring,NA,NA,9,28.5,1996,13.05,8.37,22.29,10.26,Wet,SAC,1995-10-01T00:00:00Z,1996-10-01T00:00:00Z,-122.058,41.7959
417959N1220575W001,1790099,1995-10-17T00:00:00Z,4257.84,4257.84,0,22.5,4235.34,22.5,22.5,NA,Unknown,Water level accuracy is unknown,1,Department of Water Resources,NA,1,Department of Water Resources,100,120,24083,46N02W26Q001M,NA,Unknown,Unknown,1-003,Butte Valley,Siskiyou,120,Unknown,Unknown,DWR,1971-06-30 - 2003-04-01,59,fall,11.2,28.6,NA,NA,1996,13.05,8.37,22.29,10.26,Wet,SAC,1995-10-01T00:00:00Z,1996-10-01T00:00:00Z,-122.058,41.7959
417959N1220575W001,1790098,1995-03-27T00:00:00Z,4257.84,4257.84,0,28.5,4229.34,28.5,28.5,NA,Unknown,Water level accuracy is unknown,1,Department of Water Resources,NA,1,Department of Water Resources,100,120,24083,46N02W26Q001M,NA,Unknown,Unknown,1-003,Butte Valley,Siskiyou,120,Unknown,Unknown,DWR,1971-06-30 - 2003-04-01,59,spring,NA,NA,9,28.5,1995,19.83,13.6,34.55,12.89,Wet,SAC,1994-10-01T00:00:00Z,1995-10-01T00:00:00Z,-122.058,41.7959
417959N1220575W001,1790097,1994-03-29T00:00:00Z,4257.84,4257.84,0,22.2,4235.64,22.2,22.2,NA,Unknown,Water level accuracy is unknown,1,Department of Water Resources,NA,1,Department of Water Resources,100,120,24083,46N02W26Q001M,NA,Unknown,Unknown,1-003,Butte Valley,Siskiyou,120,Unknown,Unknown,DWR,1971-06-30 - 2003-04-01,59,spring,NA,NA,9,28.5,1994,4.55,2.73,7.81,5.02,Critical,SAC,1993-10-01T00:00:00Z,1994-10-01T00:00:00Z,-122.058,41.7959
417959N1220575W001,1790096,1993-10-14T00:00:00Z,4257.84,4257.84,0,23.1,4234.74,23.1,23.1,NA,Unknown,Water level accuracy is unknown,1,Department of Water Resources,NA,1,Department of Water Resources,100,120,24083,46N02W26Q001M,NA,Unknown,Unknown,1-003,Butte Valley,Siskiyou,120,Unknown,Unknown,DWR,1971-06-30 - 2003-04-01,59,fall,11.2,28.6,NA,NA,1994,4.55,2.73,7.81,5.02,Critical,SAC,1993-10-01T00:00:00Z,1994-10-01T00:00:00Z,-122.058,41.7959
417959N1220575W001,1790095,1993-03-16T00:00:00Z,4257.84,4257.84,0,25.8,4232.04,25.8,25.8,NA,Unknown,Water level accuracy is unknown,1,Department of Water Resources,NA,1,Department of Water Resources,100,120,24083,46N02W26Q001M,NA,Unknown,Unknown,1-003,Butte Valley,Siskiyou,120,Unknown,Unknown,DWR,1971-06-30 - 2003-04-01,59,spring,NA,NA,9,28.5,1993,12.44,8.98,22.21,8.54,Above Normal,SAC,1992-10-01T00:00:00Z,1993-10-01T00:00:00Z,-122.058,41.7959
417959N1220575W001,1790094,1992-10-19T00:00:00Z,4257.84,4257.84,0,28.6,4229.24,28.6,28.6,NA,Unknown,Water level accuracy is unknown,1,Department of Water Resources,NA,1,Department of Water Resources,100,120,24083,46N02W26Q001M,NA,Unknown,Unknown,1-003,Butte Valley,Siskiyou,120,Unknown,Unknown,DWR,1971-06-30 - 2003-04-01,59,fall,11.2,28.6,NA,NA,1993,12.44,8.98,22.21,8.54,Above Normal,SAC,1992-10-01T00:00:00Z,1993-10-01T00:00:00Z,-122.058,41.7959
417959N1220575W001,1790093,1992-03-02T00:00:00Z,4257.84,4257.84,0,24.5,4233.34,24.5,24.5,NA,Unknown,Water level accuracy is unknown,1,Department of Water Resources,NA,1,Department of Water Resources,100,120,24083,46N02W26Q001M,NA,Unknown,Unknown,1-003,Butte Valley,Siskiyou,120,Unknown,Unknown,DWR,1971-06-30 - 2003-04-01,59,spring,NA,NA,9,28.5,1992,5.41,2.93,8.87,4.06,Critical,SAC,1991-10-01T00:00:00Z,1992-10-01T00:00:00Z,-122.058,41.7959
417959N1220575W001,1790092,1991-09-30T00:00:00Z,4257.84,4257.84,0,26.7,4231.14,26.7,26.7,NA,Unknown,Water level accuracy is unknown,1,Department of Water Resources,NA,1,Department of Water Resources,100,120,24083,46N02W26Q001M,NA,Unknown,Unknown,1-003,Butte Valley,Siskiyou,120,Unknown,Unknown,DWR,1971-06-30 - 2003-04-01,59,fall,11.2,28.6,NA,NA,1991,3.9,4.01,8.44,4.21,Critical,SAC,1990-10-01T00:00:00Z,1991-10-01T00:00:00Z,-122.058,41.7959
417959N1220575W001,1790091,1991-03-20T00:00:00Z,4257.84,4257.84,0,21.7,4236.14,21.7,21.7,NA,Unknown,Water level accuracy is unknown,1,Department of Water Resources,NA,1,Department of Water Resources,100,120,24083,46N02W26Q001M,NA,Unknown,Unknown,1-003,Butte Valley,Siskiyou,120,Unknown,Unknown,DWR,1971-06-30 - 2003-04-01,59,spring,NA,NA,9,28.5,1991,3.9,4.01,8.44,4.21,Critical,SAC,1990-10-01T00:00:00Z,1991-10-01T00:00:00Z,-122.058,41.7959
417959N1220575W001,1790090,1990-10-01T00:00:00Z,4257.84,4257.84,0,23.4,4234.44,23.4,23.4,NA,Unknown,Water level accuracy is unknown,1,Department of Water Resources,NA,1,Department of Water Resources,100,120,24083,46N02W26Q001M,NA,Unknown,Unknown,1-003,Butte Valley,Siskiyou,120,Unknown,Unknown,DWR,1971-06-30 - 2003-04-01,59,fall,11.2,28.6,NA,NA,1991,3.9,4.01,8.44,4.21,Critical,SAC,1990-10-01T00:00:00Z,1991-10-01T00:00:00Z,-122.058,41.7959
417959N1220575W001,1790089,1990-03-20T00:00:00Z,4257.84,4257.84,0,19,4238.84,19,19,NA,Unknown,Water level accuracy is unknown,1,Department of Water Resources,NA,1,Department of Water Resources,100,120,24083,46N02W26Q001M,NA,Unknown,Unknown,1-003,Butte Valley,Siskiyou,120,Unknown,Unknown,DWR,1971-06-30 - 2003-04-01,59,spring,NA,NA,9,28.5,1990,4.94,3.72,9.26,4.81,Critical,SAC,1989-10-01T00:00:00Z,1990-10-01T00:00:00Z,-122.058,41.7959
417959N1220575W001,1790088,1989-10-04T00:00:00Z,4257.84,4257.84,0,21.3,4236.54,21.3,21.3,NA,Unknown,Water level accuracy is unknown,1,Department of Water Resources,NA,1,Department of Water Resources,100,120,24083,46N02W26Q001M,NA,Unknown,Unknown,1-003,Butte Valley,Siskiyou,120,Unknown,Unknown,DWR,1971-06-30 - 2003-04-01,59,fall,11.2,28.6,NA,NA,1990,4.94,3.72,9.26,4.81,Critical,SAC,1989-10-01T00:00:00Z,1990-10-01T00:00:00Z,-122.058,41.7959
417959N1220575W001,1790087,1978-03-29T00:00:00Z,4258.84,4257.84,0,15.5,4243.34,15.5,14.5,NA,Unknown,Water level accuracy is unknown,1,Department of Water Resources,NA,1,Department of Water Resources,100,120,24083,46N02W26Q001M,NA,Unknown,Unknown,1-003,Butte Valley,Siskiyou,120,Unknown,Unknown,DWR,1971-06-30 - 2003-04-01,59,spring,NA,NA,9,28.5,1978,14.9,8.12,23.92,8.65,Above Normal,SAC,1977-10-01T00:00:00Z,1978-10-01T00:00:00Z,-122.058,41.7959
417959N1220575W001,1790086,1977-10-20T00:00:00Z,4258.84,4257.84,0,21,4237.84,21,20,NA,Unknown,Water level accuracy is unknown,1,Department of Water Resources,NA,1,Department of Water Resources,100,120,24083,46N02W26Q001M,NA,Unknown,Unknown,1-003,Butte Valley,Siskiyou,120,Unknown,Unknown,DWR,1971-06-30 - 2003-04-01,59,fall,11.2,28.6,NA,NA,1978,14.9,8.12,23.92,8.65,Above Normal,SAC,1977-10-01T00:00:00Z,1978-10-01T00:00:00Z,-122.058,41.7959
417959N1220575W001,1790085,1977-03-29T00:00:00Z,4258.84,4257.84,0,15.2,4243.64,15.2,14.2,NA,Unknown,Water level accuracy is unknown,1,Department of Water Resources,NA,1,Department of Water Resources,100,120,24083,46N02W26Q001M,NA,Unknown,Unknown,1-003,Butte Valley,Siskiyou,120,Unknown,Unknown,DWR,1971-06-30 - 2003-04-01,59,spring,NA,NA,9,28.5,1977,2.49,1.93,5.12,3.11,Critical,SAC,1976-10-01T00:00:00Z,1977-10-01T00:00:00Z,-122.058,41.7959
417959N1220575W001,1790084,1976-11-01T00:00:00Z,4258.84,4257.84,0,16.6,4242.24,16.6,15.6,NA,Unknown,Water level accuracy is unknown,1,Department of Water Resources,NA,1,Department of Water Resources,100,120,24083,46N02W26Q001M,NA,Unknown,Unknown,1-003,Butte Valley,Siskiyou,120,Unknown,Unknown,DWR,1971-06-30 - 2003-04-01,59,fall,11.2,28.6,NA,NA,1977,2.49,1.93,5.12,3.11,Critical,SAC,1976-10-01T00:00:00Z,1977-10-01T00:00:00Z,-122.058,41.7959
417959N1220575W001,1790083,1976-03-18T00:00:00Z,4258.84,4257.84,0,14,4244.84,14,13,NA,Unknown,Water level accuracy is unknown,1,Department of Water Resources,NA,1,Department of Water Resources,100,120,24083,46N02W26Q001M,NA,Unknown,Unknown,1-003,Butte Valley,Siskiyou,120,Unknown,Unknown,DWR,1971-06-30 - 2003-04-01,59,spring,NA,NA,9,28.5,1976,4.63,2.75,8.2,5.29,Critical,SAC,1975-10-01T00:00:00Z,1976-10-01T00:00:00Z,-122.058,41.7959
417959N1220575W001,1790082,1975-11-17T00:00:00Z,4258.84,4257.84,0,12.2,4246.64,12.2,11.2,NA,Unknown,Water level accuracy is unknown,1,Department of Water Resources,NA,1,Department of Water Resources,100,120,24083,46N02W26Q001M,NA,Unknown,Unknown,1-003,Butte Valley,Siskiyou,120,Unknown,Unknown,DWR,1971-06-30 - 2003-04-01,59,fall,11.2,28.6,NA,NA,1976,4.63,2.75,8.2,5.29,Critical,SAC,1975-10-01T00:00:00Z,1976-10-01T00:00:00Z,-122.058,41.7959
417959N1220575W001,1790081,1975-11-05T00:00:00Z,4258.84,4257.84,0,15,4243.84,15,14,NA,Unknown,Water level accuracy is unknown,1,Department of Water Resources,NA,1,Department of Water Resources,100,120,24083,46N02W26Q001M,NA,Unknown,Unknown,1-003,Butte Valley,Siskiyou,120,Unknown,Unknown,DWR,1971-06-30 - 2003-04-01,59,fall,11.2,28.6,NA,NA,1976,4.63,2.75,8.2,5.29,Critical,SAC,1975-10-01T00:00:00Z,1976-10-01T00:00:00Z,-122.058,41.7959
417959N1220575W001,1790080,1975-04-17T00:00:00Z,4258.84,4257.84,0,12.2,4246.64,12.2,11.2,NA,Unknown,Water level accuracy is unknown,1,Department of Water Resources,NA,1,Department of Water Resources,100,120,24083,46N02W26Q001M,NA,Unknown,Unknown,1-003,Butte Valley,Siskiyou,120,Unknown,Unknown,DWR,1971-06-30 - 2003-04-01,59,spring,NA,NA,9,28.5,1975,9.24,8.95,19.23,9.35,Wet,SAC,1974-10-01T00:00:00Z,1975-10-01T00:00:00Z,-122.058,41.7959
417959N1220575W001,1790079,1974-11-06T00:00:00Z,4258.84,4257.84,0,15.8,4243.04,15.8,14.8,NA,Unknown,Water level accuracy is unknown,1,Department of Water Resources,NA,1,Department of Water Resources,100,120,24083,46N02W26Q001M,NA,Unknown,Unknown,1-003,Butte Valley,Siskiyou,120,Unknown,Unknown,DWR,1971-06-30 - 2003-04-01,59,fall,11.2,28.6,NA,NA,1975,9.24,8.95,19.23,9.35,Wet,SAC,1974-10-01T00:00:00Z,1975-10-01T00:00:00Z,-122.058,41.7959
417959N1220575W001,1790078,1974-09-19T00:00:00Z,4258.84,4257.84,0,22.2,4236.64,22.2,21.2,NA,Unknown,Water level accuracy is unknown,1,Department of Water Resources,NA,1,Department of Water Resources,100,120,24083,46N02W26Q001M,NA,Unknown,Unknown,1-003,Butte Valley,Siskiyou,120,Unknown,Unknown,DWR,1971-06-30 - 2003-04-01,59,fall,11.2,28.6,NA,NA,1974,21.69,9.78,32.5,12.99,Wet,SAC,1973-10-01T00:00:00Z,1974-10-01T00:00:00Z,-122.058,41.7959
417959N1220575W001,1790077,1974-09-11T00:00:00Z,4258.84,4257.84,0,20.5,4238.34,20.5,19.5,NA,Unknown,Water level accuracy is unknown,1,Department of Water Resources,NA,1,Department of Water Resources,100,120,24083,46N02W26Q001M,NA,Unknown,Unknown,1-003,Butte Valley,Siskiyou,120,Unknown,Unknown,DWR,1971-06-30 - 2003-04-01,59,fall,11.2,28.6,NA,NA,1974,21.69,9.78,32.5,12.99,Wet,SAC,1973-10-01T00:00:00Z,1974-10-01T00:00:00Z,-122.058,41.7959
417959N1220575W001,1790076,1974-09-03T00:00:00Z,4258.84,4257.84,0,20.9,4237.94,20.9,19.9,NA,Unknown,Water level accuracy is unknown,1,Department of Water Resources,NA,1,Department of Water Resources,100,120,24083,46N02W26Q001M,NA,Unknown,Unknown,1-003,Butte Valley,Siskiyou,120,Unknown,Unknown,DWR,1971-06-30 - 2003-04-01,59,fall,11.2,28.6,NA,NA,1974,21.69,9.78,32.5,12.99,Wet,SAC,1973-10-01T00:00:00Z,1974-10-01T00:00:00Z,-122.058,41.7959
417959N1220575W001,1790075,1974-08-26T00:00:00Z,4258.84,4257.84,0,20.9,4237.94,20.9,19.9,NA,Unknown,Water level accuracy is unknown,1,Department of Water Resources,NA,1,Department of Water Resources,100,120,24083,46N02W26Q001M,NA,Unknown,Unknown,1-003,Butte Valley,Siskiyou,120,Unknown,Unknown,DWR,1971-06-30 - 2003-04-01,59,fall,11.2,28.6,NA,NA,1974,21.69,9.78,32.5,12.99,Wet,SAC,1973-10-01T00:00:00Z,1974-10-01T00:00:00Z,-122.058,41.7959
417959N1220575W001,1790074,1974-08-12T00:00:00Z,4258.84,4257.84,0,22,4236.84,22,21,NA,Unknown,Water level accuracy is unknown,1,Department of Water Resources,NA,1,Department of Water Resources,100,120,24083,46N02W26Q001M,NA,Unknown,Unknown,1-003,Butte Valley,Siskiyou,120,Unknown,Unknown,DWR,1971-06-30 - 2003-04-01,59,fall,11.2,28.6,NA,NA,1974,21.69,9.78,32.5,12.99,Wet,SAC,1973-10-01T00:00:00Z,1974-10-01T00:00:00Z,-122.058,41.7959
417959N1220575W001,1790073,1974-08-05T00:00:00Z,4258.84,4257.84,0,22.5,4236.34,22.5,21.5,NA,Unknown,Water level accuracy is unknown,1,Department of Water Resources,NA,1,Department of Water Resources,100,120,24083,46N02W26Q001M,NA,Unknown,Unknown,1-003,Butte Valley,Siskiyou,120,Unknown,Unknown,DWR,1971-06-30 - 2003-04-01,59,fall,11.2,28.6,NA,NA,1974,21.69,9.78,32.5,12.99,Wet,SAC,1973-10-01T00:00:00Z,1974-10-01T00:00:00Z,-122.058,41.7959
417959N1220575W001,1790072,1974-04-11T00:00:00Z,4258.84,4257.84,0,13,4245.84,13,12,NA,Unknown,Water level accuracy is unknown,1,Department of Water Resources,NA,1,Department of Water Resources,100,120,24083,46N02W26Q001M,NA,Unknown,Unknown,1-003,Butte Valley,Siskiyou,120,Unknown,Unknown,DWR,1971-06-30 - 2003-04-01,59,spring,NA,NA,9,28.5,1974,21.69,9.78,32.5,12.99,Wet,SAC,1973-10-01T00:00:00Z,1974-10-01T00:00:00Z,-122.058,41.7959
417959N1220575W001,1790071,1974-03-01T00:00:00Z,4258.84,4257.84,0,22.3,4236.54,22.3,21.3,NA,Unknown,Water level accuracy is unknown,1,Department of Water Resources,NA,1,Department of Water Resources,100,120,24083,46N02W26Q001M,NA,Unknown,Unknown,1-003,Butte Valley,Siskiyou,120,Unknown,Unknown,DWR,1971-06-30 - 2003-04-01,59,spring,NA,NA,9,28.5,1974,21.69,9.78,32.5,12.99,Wet,SAC,1973-10-01T00:00:00Z,1974-10-01T00:00:00Z,-122.058,41.7959
417959N1220575W001,1790070,1973-11-19T00:00:00Z,4258.84,4257.84,0,20.2,4238.64,20.2,19.2,NA,Unknown,Water level accuracy is unknown,1,Department of Water Resources,NA,1,Department of Water Resources,100,120,24083,46N02W26Q001M,NA,Unknown,Unknown,1-003,Butte Valley,Siskiyou,120,Unknown,Unknown,DWR,1971-06-30 - 2003-04-01,59,fall,11.2,28.6,NA,NA,1974,21.69,9.78,32.5,12.99,Wet,SAC,1973-10-01T00:00:00Z,1974-10-01T00:00:00Z,-122.058,41.7959
417959N1220575W001,1790069,1973-10-10T00:00:00Z,4258.84,4257.84,0,23,4235.84,23,22,NA,Unknown,Water level accuracy is unknown,1,Department of Water Resources,NA,1,Department of Water Resources,100,120,24083,46N02W26Q001M,NA,Unknown,Unknown,1-003,Butte Valley,Siskiyou,120,Unknown,Unknown,DWR,1971-06-30 - 2003-04-01,59,fall,11.2,28.6,NA,NA,1974,21.69,9.78,32.5,12.99,Wet,SAC,1973-10-01T00:00:00Z,1974-10-01T00:00:00Z,-122.058,41.7959
417959N1220575W001,1790068,1973-04-19T00:00:00Z,4258.84,4257.84,0,14.7,4244.14,14.7,13.7,NA,Unknown,Water level accuracy is unknown,1,Department of Water Resources,NA,1,Department of Water Resources,100,120,24083,46N02W26Q001M,NA,Unknown,Unknown,1-003,Butte Valley,Siskiyou,120,Unknown,Unknown,DWR,1971-06-30 - 2003-04-01,59,spring,NA,NA,9,28.5,1973,12.8,6.38,20.05,8.58,Above Normal,SAC,1972-10-01T00:00:00Z,1973-10-01T00:00:00Z,-122.058,41.7959
417959N1220575W001,1790067,1972-10-04T00:00:00Z,4258.84,4257.84,0,16.4,4242.44,16.4,15.4,NA,Unknown,Water level accuracy is unknown,1,Department of Water Resources,NA,1,Department of Water Resources,100,120,24083,46N02W26Q001M,NA,Unknown,Unknown,1-003,Butte Valley,Siskiyou,120,Unknown,Unknown,DWR,1971-06-30 - 2003-04-01,59,fall,11.2,28.6,NA,NA,1973,12.8,6.38,20.05,8.58,Above Normal,SAC,1972-10-01T00:00:00Z,1973-10-01T00:00:00Z,-122.058,41.7959
417959N1220575W001,1790066,1972-06-13T00:00:00Z,4258.84,4257.84,0,17.4,4241.44,17.4,16.4,NA,Unknown,Water level accuracy is unknown,1,Department of Water Resources,NA,1,Department of Water Resources,100,120,24083,46N02W26Q001M,NA,Unknown,Unknown,1-003,Butte Valley,Siskiyou,120,Unknown,Unknown,DWR,1971-06-30 - 2003-04-01,59,other,NA,NA,NA,NA,1972,7.61,5.02,13.43,7.29,Below Normal,SAC,1971-10-01T00:00:00Z,1972-10-01T00:00:00Z,-122.058,41.7959
417959N1220575W001,1790065,1972-05-11T00:00:00Z,4258.84,4257.84,0,13.2,4245.64,13.2,12.2,NA,Unknown,Water level accuracy is unknown,1,Department of Water Resources,NA,1,Department of Water Resources,100,120,24083,46N02W26Q001M,NA,Unknown,Unknown,1-003,Butte Valley,Siskiyou,120,Unknown,Unknown,DWR,1971-06-30 - 2003-04-01,59,spring,NA,NA,9,28.5,1972,7.61,5.02,13.43,7.29,Below Normal,SAC,1971-10-01T00:00:00Z,1972-10-01T00:00:00Z,-122.058,41.7959
417959N1220575W001,1790064,1972-04-13T00:00:00Z,4258.84,4257.84,0,10.5,4248.34,10.5,9.5,NA,Unknown,Water level accuracy is unknown,1,Department of Water Resources,NA,1,Department of Water Resources,100,120,24083,46N02W26Q001M,NA,Unknown,Unknown,1-003,Butte Valley,Siskiyou,120,Unknown,Unknown,DWR,1971-06-30 - 2003-04-01,59,spring,NA,NA,9,28.5,1972,7.61,5.02,13.43,7.29,Below Normal,SAC,1971-10-01T00:00:00Z,1972-10-01T00:00:00Z,-122.058,41.7959
417959N1220575W001,1790063,1972-03-30T00:00:00Z,4258.84,4257.84,0,10,4248.84,10,9,NA,Unknown,Water level accuracy is unknown,1,Department of Water Resources,NA,1,Department of Water Resources,100,120,24083,46N02W26Q001M,NA,Unknown,Unknown,1-003,Butte Valley,Siskiyou,120,Unknown,Unknown,DWR,1971-06-30 - 2003-04-01,59,spring,NA,NA,9,28.5,1972,7.61,5.02,13.43,7.29,Below Normal,SAC,1971-10-01T00:00:00Z,1972-10-01T00:00:00Z,-122.058,41.7959
417959N1220575W001,1790062,1972-02-18T00:00:00Z,4258.84,4257.84,0,12.8,4246.04,12.8,11.8,NA,Unknown,Water level accuracy is unknown,1,Department of Water Resources,NA,1,Department of Water Resources,100,120,24083,46N02W26Q001M,NA,Unknown,Unknown,1-003,Butte Valley,Siskiyou,120,Unknown,Unknown,DWR,1971-06-30 - 2003-04-01,59,other,NA,NA,NA,NA,1972,7.61,5.02,13.43,7.29,Below Normal,SAC,1971-10-01T00:00:00Z,1972-10-01T00:00:00Z,-122.058,41.7959
417959N1220575W001,1790061,1971-12-16T00:00:00Z,4258.84,4257.84,0,13.9,4244.94,13.9,12.9,NA,Unknown,Water level accuracy is unknown,1,Department of Water Resources,NA,1,Department of Water Resources,100,120,24083,46N02W26Q001M,NA,Unknown,Unknown,1-003,Butte Valley,Siskiyou,120,Unknown,Unknown,DWR,1971-06-30 - 2003-04-01,59,other,NA,NA,NA,NA,1972,7.61,5.02,13.43,7.29,Below Normal,SAC,1971-10-01T00:00:00Z,1972-10-01T00:00:00Z,-122.058,41.7959
417959N1220575W001,1790060,1971-10-29T00:00:00Z,4258.84,4257.84,0,15.6,4243.24,15.6,14.6,NA,Unknown,Water level accuracy is unknown,1,Department of Water Resources,NA,624,Bureau of Reclamation,100,120,24083,46N02W26Q001M,NA,Unknown,Unknown,1-003,Butte Valley,Siskiyou,120,Unknown,Unknown,DWR,1971-06-30 - 2003-04-01,59,fall,11.2,28.6,NA,NA,1972,7.61,5.02,13.43,7.29,Below Normal,SAC,1971-10-01T00:00:00Z,1972-10-01T00:00:00Z,-122.058,41.7959
417959N1220575W001,1790059,1971-10-07T00:00:00Z,4258.84,4257.84,0,16.1,4242.74,16.1,15.1,NA,Unknown,Water level accuracy is unknown,1,Department of Water Resources,NA,624,Bureau of Reclamation,100,120,24083,46N02W26Q001M,NA,Unknown,Unknown,1-003,Butte Valley,Siskiyou,120,Unknown,Unknown,DWR,1971-06-30 - 2003-04-01,59,fall,11.2,28.6,NA,NA,1972,7.61,5.02,13.43,7.29,Below Normal,SAC,1971-10-01T00:00:00Z,1972-10-01T00:00:00Z,-122.058,41.7959
417959N1220575W001,1790058,1971-08-31T00:00:00Z,4258.84,4257.84,0,20.3,4238.54,20.3,19.3,NA,Unknown,Water level accuracy is unknown,1,Department of Water Resources,NA,624,Bureau of Reclamation,100,120,24083,46N02W26Q001M,NA,Unknown,Unknown,1-003,Butte Valley,Siskiyou,120,Unknown,Unknown,DWR,1971-06-30 - 2003-04-01,59,fall,11.2,28.6,NA,NA,1971,12.71,8.9,22.57,10.37,Wet,SAC,1970-10-01T00:00:00Z,1971-10-01T00:00:00Z,-122.058,41.7959
417959N1220575W001,1790057,1971-07-28T00:00:00Z,4258.84,4257.84,0,19.7,4239.14,19.7,18.7,NA,Unknown,Water level accuracy is unknown,1,Department of Water Resources,NA,624,Bureau of Reclamation,100,120,24083,46N02W26Q001M,NA,Unknown,Unknown,1-003,Butte Valley,Siskiyou,120,Unknown,Unknown,DWR,1971-06-30 - 2003-04-01,59,other,NA,NA,NA,NA,1971,12.71,8.9,22.57,10.37,Wet,SAC,1970-10-01T00:00:00Z,1971-10-01T00:00:00Z,-122.058,41.7959
417959N1220575W001,1790056,1971-06-30T00:00:00Z,4258.84,4257.84,0,17.2,4241.64,17.2,16.2,NA,Unknown,Water level accuracy is unknown,1,Department of Water Resources,NA,624,Bureau of Reclamation,100,120,24083,46N02W26Q001M,NA,Unknown,Unknown,1-003,Butte Valley,Siskiyou,120,Unknown,Unknown,DWR,1971-06-30 - 2003-04-01,59,other,NA,NA,NA,NA,1971,12.71,8.9,22.57,10.37,Wet,SAC,1970-10-01T00:00:00Z,1971-10-01T00:00:00Z,-122.058,41.7959
