SITE_CODE,WLM_ID,MSMT_DATE,WLM_RPE,WLM_GSE,RDNG_WS,RDNG_RP,WSE,RPE_WSE,GSE_WSE,WLM_QA_DESC,WLM_DESC,WLM_ACC_DESC,WLM_ORG_ID,WLM_ORG_NAME,MSMT_CMT,COOP_AGENCY_ORG_ID,COOP_ORG_NAME,TOP_PRF,BOT_PRF,STN_ID,SWN,WELL_NAME,WLM_METHOD,WLM_ACC,BASIN_CODE,BASIN_NAME,COUNTY_NAME,WELL_DEPTH,WELL_USE,WELL_TYPE,WCR_NO,t_range,n_samples,season,fall_high,fall_low,spring_high,spring_low,water_year,HUC8,WYT,water_year_type,water_year_start,water_year_end,X,Y
418081N1220122W001,2619113,2020-04-01T12:00:00Z,4261.83,4261.83,20.5,75,4207.33,54.5,54.5,Oil or foreign substance in casing,Steel tape measurement,Water level accuracy to nearest tenth of a foot,1,Department of Water Resources,NA,1,Department of Water Resources,NA,NA,24079,46N01W20N001M,46N01W20N001M,Unknown,Unknown,1-003,Butte Valley,Siskiyou,NA,Irrigation,Single Well,50,1978-09-18 00:00:00 - 2020-04-01 12:00:00,83,spring,NA,NA,29.7,59.7,2020,NA,NA,NA,2019-10-01T00:00:00Z,2020-10-01T00:00:00Z,-122.012,41.8081
418081N1220122W001,2453067,2019-04-03T12:00:00Z,4261.83,4261.83,9.3,60,4211.13,50.7,50.7,NA,Steel tape measurement,Water level accuracy to nearest tenth of a foot,1,Department of Water Resources,NA,1,Department of Water Resources,NA,NA,24079,46N01W20N001M,46N01W20N001M,Unknown,Unknown,1-003,Butte Valley,Siskiyou,NA,Irrigation,Single Well,50,1978-09-18 00:00:00 - 2020-04-01 12:00:00,83,spring,NA,NA,29.7,59.7,2019,NA,NA,NA,2018-10-01T00:00:00Z,2019-10-01T00:00:00Z,-122.012,41.8081
418081N1220122W001,2413558,2018-10-30T12:00:00Z,4261.83,4261.83,0,69.8,4192.03,69.8,69.8,NA,Electric sounder measurement,Water level accuracy to nearest hundredth of a foot,1,Department of Water Resources,NA,1,Department of Water Resources,NA,NA,24079,46N01W20N001M,46N01W20N001M,Unknown,Unknown,1-003,Butte Valley,Siskiyou,NA,Irrigation,Single Well,50,1978-09-18 00:00:00 - 2020-04-01 12:00:00,83,fall,37.4,71.2,NA,NA,2019,NA,NA,NA,2018-10-01T00:00:00Z,2019-10-01T00:00:00Z,-122.012,41.8081
418081N1220122W001,2286507,2018-03-29T12:00:00Z,4261.83,4261.83,0,57.3,4204.53,57.3,57.3,NA,Electric sounder measurement,Water level accuracy to nearest hundredth of a foot,1,Department of Water Resources,NA,1,Department of Water Resources,NA,NA,24079,46N01W20N001M,46N01W20N001M,Unknown,Unknown,1-003,Butte Valley,Siskiyou,NA,Irrigation,Single Well,50,1978-09-18 00:00:00 - 2020-04-01 12:00:00,83,spring,NA,NA,29.7,59.7,2018,18010205,Below Normal,Below Normal,2017-10-01T00:00:00Z,2018-10-01T00:00:00Z,-122.012,41.8081
418081N1220122W001,2266634,2017-10-17T12:00:00Z,4261.83,4261.83,0,69.7,4192.13,69.7,69.7,Casing leaking or wet,Electric sounder measurement,Water level accuracy to nearest hundredth of a foot,1,Department of Water Resources,Sewer gas oder,1,Department of Water Resources,NA,NA,24079,46N01W20N001M,46N01W20N001M,Unknown,Unknown,1-003,Butte Valley,Siskiyou,NA,Irrigation,Single Well,50,1978-09-18 00:00:00 - 2020-04-01 12:00:00,83,fall,37.4,71.2,NA,NA,2018,18010205,Below Normal,Below Normal,2017-10-01T00:00:00Z,2018-10-01T00:00:00Z,-122.012,41.8081
418081N1220122W001,2241612,2017-03-23T12:00:00Z,4261.83,4261.83,0,58.15,4203.68,58.15,58.15,NA,Electric sounder measurement,Water level accuracy to nearest hundredth of a foot,1,Department of Water Resources,NA,1,Department of Water Resources,NA,NA,24079,46N01W20N001M,46N01W20N001M,Unknown,Unknown,1-003,Butte Valley,Siskiyou,NA,Irrigation,Single Well,50,1978-09-18 00:00:00 - 2020-04-01 12:00:00,83,spring,NA,NA,29.7,59.7,2017,18010205,Wet,Wet,2016-10-01T00:00:00Z,2017-10-01T00:00:00Z,-122.012,41.8081
418081N1220122W001,2214903,2016-10-20T12:00:00Z,4261.83,4261.83,0,71.1,4190.73,71.1,71.1,NA,Electric sounder measurement,Water level accuracy to nearest tenth of a foot,1,Department of Water Resources,NA,1,Department of Water Resources,NA,NA,24079,46N01W20N001M,46N01W20N001M,Unknown,Unknown,1-003,Butte Valley,Siskiyou,NA,Irrigation,Single Well,50,1978-09-18 00:00:00 - 2020-04-01 12:00:00,83,fall,37.4,71.2,NA,NA,2017,18010205,Wet,Wet,2016-10-01T00:00:00Z,2017-10-01T00:00:00Z,-122.012,41.8081
418081N1220122W001,2184891,2016-03-22T12:00:00Z,4261.83,4261.83,13.3,73,4202.13,59.7,59.7,NA,Electric sounder measurement,Water level accuracy to nearest tenth of a foot,1,Department of Water Resources,NA,1,Department of Water Resources,NA,NA,24079,46N01W20N001M,46N01W20N001M,Unknown,Unknown,1-003,Butte Valley,Siskiyou,NA,Irrigation,Single Well,50,1978-09-18 00:00:00 - 2020-04-01 12:00:00,83,spring,NA,NA,29.7,59.7,2016,18010205,Wet,Wet,2015-10-01T00:00:00Z,2016-10-01T00:00:00Z,-122.012,41.8081
418081N1220122W001,2158515,2015-10-19T00:00:00Z,4261.83,4261.83,0,71.2,4190.63,71.2,71.2,NA,Electric sounder measurement,Water level accuracy to nearest tenth of a foot,1,Department of Water Resources,NA,1,Department of Water Resources,NA,NA,24079,46N01W20N001M,46N01W20N001M,Unknown,Unknown,1-003,Butte Valley,Siskiyou,NA,Irrigation,Single Well,50,1978-09-18 00:00:00 - 2020-04-01 12:00:00,83,fall,37.4,71.2,NA,NA,2016,18010205,Wet,Wet,2015-10-01T00:00:00Z,2016-10-01T00:00:00Z,-122.012,41.8081
418081N1220122W001,2130472,2015-03-23T00:00:00Z,4261.83,4261.83,11.1,70,4202.93,58.9,58.9,NA,Electric sounder measurement,Water level accuracy to nearest tenth of a foot,1,Department of Water Resources,NA,1,Department of Water Resources,NA,NA,24079,46N01W20N001M,46N01W20N001M,Unknown,Unknown,1-003,Butte Valley,Siskiyou,NA,Irrigation,Single Well,50,1978-09-18 00:00:00 - 2020-04-01 12:00:00,83,spring,NA,NA,29.7,59.7,2015,18010205,Below Normal,Below Normal,2014-10-01T00:00:00Z,2015-10-01T00:00:00Z,-122.012,41.8081
418081N1220122W001,2029083,2014-10-20T00:00:00Z,4261.83,4261.83,0,70.9,4190.93,70.9,70.9,NA,Electric sounder measurement,Water level accuracy to nearest tenth of a foot,1,Department of Water Resources,NA,1,Department of Water Resources,NA,NA,24079,46N01W20N001M,46N01W20N001M,Unknown,Unknown,1-003,Butte Valley,Siskiyou,NA,Irrigation,Single Well,50,1978-09-18 00:00:00 - 2020-04-01 12:00:00,83,fall,37.4,71.2,NA,NA,2015,18010205,Below Normal,Below Normal,2014-10-01T00:00:00Z,2015-10-01T00:00:00Z,-122.012,41.8081
418081N1220122W001,1885350,2014-03-24T00:00:00Z,4261.83,4261.83,2.9,60,4204.73,57.1,57.1,NA,Steel tape measurement,Water level accuracy to nearest tenth of a foot,1,Department of Water Resources,NA,1,Department of Water Resources,NA,NA,24079,46N01W20N001M,46N01W20N001M,Unknown,Unknown,1-003,Butte Valley,Siskiyou,NA,Irrigation,Single Well,50,1978-09-18 00:00:00 - 2020-04-01 12:00:00,83,spring,NA,NA,29.7,59.7,2014,18010205,Critical,Critical,2013-10-01T00:00:00Z,2014-10-01T00:00:00Z,-122.012,41.8081
418081N1220122W001,1797522,2013-10-21T00:00:00Z,4261.83,4261.83,NA,NA,NA,NA,NA,Pumping,NA,NA,1,Department of Water Resources,NA,1,Department of Water Resources,NA,NA,24079,46N01W20N001M,46N01W20N001M,Unknown,Unknown,1-003,Butte Valley,Siskiyou,NA,Irrigation,Single Well,50,1978-09-18 00:00:00 - 2020-04-01 12:00:00,83,fall,37.4,71.2,NA,NA,2014,18010205,Critical,Critical,2013-10-01T00:00:00Z,2014-10-01T00:00:00Z,-122.012,41.8081
418081N1220122W001,1685055,2013-03-25T00:00:00Z,4261.83,4261.83,0,53.7,4208.13,53.7,53.7,NA,Electric sounder measurement,Water level accuracy to nearest tenth of a foot,1,Department of Water Resources,NA,1,Department of Water Resources,NA,NA,24079,46N01W20N001M,46N01W20N001M,Unknown,Unknown,1-003,Butte Valley,Siskiyou,NA,Irrigation,Single Well,50,1978-09-18 00:00:00 - 2020-04-01 12:00:00,83,spring,NA,NA,29.7,59.7,2013,18010205,Dry,Dry,2012-10-01T00:00:00Z,2013-10-01T00:00:00Z,-122.012,41.8081
418081N1220122W001,70271,2012-10-29T00:00:00Z,4261.83,4261.83,0,70.1,4191.73,70.1,70.1,NA,Electric sounder measurement,Water level accuracy to nearest tenth of a foot,1,Department of Water Resources,NA,1,Department of Water Resources,NA,NA,24079,46N01W20N001M,46N01W20N001M,Unknown,Unknown,1-003,Butte Valley,Siskiyou,NA,Irrigation,Single Well,50,1978-09-18 00:00:00 - 2020-04-01 12:00:00,83,fall,37.4,71.2,NA,NA,2013,18010205,Dry,Dry,2012-10-01T00:00:00Z,2013-10-01T00:00:00Z,-122.012,41.8081
418081N1220122W001,59902,2012-04-17T00:00:00Z,4261.83,4261.83,0,49.6,4212.23,49.6,49.6,NA,Electric sounder measurement,Water level accuracy to nearest hundredth of a foot,1,Department of Water Resources,NA,1,Department of Water Resources,NA,NA,24079,46N01W20N001M,46N01W20N001M,Unknown,Unknown,1-003,Butte Valley,Siskiyou,NA,Irrigation,Single Well,50,1978-09-18 00:00:00 - 2020-04-01 12:00:00,83,spring,NA,NA,29.7,59.7,2012,18010205,Dry,Dry,2011-10-01T00:00:00Z,2012-10-01T00:00:00Z,-122.012,41.8081
418081N1220122W001,41179,2011-10-18T00:00:00Z,4261.83,4261.83,0,68.5,4193.33,68.5,68.5,NA,Electric sounder measurement,Water level accuracy to nearest hundredth of a foot,1,Department of Water Resources,NA,1,Department of Water Resources,NA,NA,24079,46N01W20N001M,46N01W20N001M,Unknown,Unknown,1-003,Butte Valley,Siskiyou,NA,Irrigation,Single Well,50,1978-09-18 00:00:00 - 2020-04-01 12:00:00,83,fall,37.4,71.2,NA,NA,2012,18010205,Dry,Dry,2011-10-01T00:00:00Z,2012-10-01T00:00:00Z,-122.012,41.8081
418081N1220122W001,679781,2011-10-18T00:00:00Z,4261.83,4261.83,0,68.5,4193.33,68.5,68.5,NA,Unknown,Water level accuracy is unknown,1,Department of Water Resources,NA,1,Department of Water Resources,NA,NA,24079,46N01W20N001M,46N01W20N001M,Unknown,Unknown,1-003,Butte Valley,Siskiyou,NA,Irrigation,Single Well,50,1978-09-18 00:00:00 - 2020-04-01 12:00:00,83,fall,37.4,71.2,NA,NA,2012,18010205,Dry,Dry,2011-10-01T00:00:00Z,2012-10-01T00:00:00Z,-122.012,41.8081
418081N1220122W001,679780,2011-04-20T00:00:00Z,4261.83,4261.83,0,47.1,4214.73,47.1,47.1,NA,Unknown,Water level accuracy is unknown,1,Department of Water Resources,NA,1,Department of Water Resources,NA,NA,24079,46N01W20N001M,46N01W20N001M,Unknown,Unknown,1-003,Butte Valley,Siskiyou,NA,Irrigation,Single Well,50,1978-09-18 00:00:00 - 2020-04-01 12:00:00,83,spring,NA,NA,29.7,59.7,2011,18010205,Above Normal,Above Normal,2010-10-01T00:00:00Z,2011-10-01T00:00:00Z,-122.012,41.8081
418081N1220122W001,679779,2010-10-25T00:00:00Z,4261.83,4261.83,0,70.4,4191.43,70.4,70.4,NA,Unknown,Water level accuracy is unknown,1,Department of Water Resources,NA,1,Department of Water Resources,NA,NA,24079,46N01W20N001M,46N01W20N001M,Unknown,Unknown,1-003,Butte Valley,Siskiyou,NA,Irrigation,Single Well,50,1978-09-18 00:00:00 - 2020-04-01 12:00:00,83,fall,37.4,71.2,NA,NA,2011,18010205,Above Normal,Above Normal,2010-10-01T00:00:00Z,2011-10-01T00:00:00Z,-122.012,41.8081
418081N1220122W001,679778,2010-03-30T00:00:00Z,4261.83,4261.83,0,52.2,4209.63,52.2,52.2,NA,Unknown,Water level accuracy is unknown,1,Department of Water Resources,NA,1,Department of Water Resources,NA,NA,24079,46N01W20N001M,46N01W20N001M,Unknown,Unknown,1-003,Butte Valley,Siskiyou,NA,Irrigation,Single Well,50,1978-09-18 00:00:00 - 2020-04-01 12:00:00,83,spring,NA,NA,29.7,59.7,2010,18010205,Dry,Dry,2009-10-01T00:00:00Z,2010-10-01T00:00:00Z,-122.012,41.8081
418081N1220122W001,679777,2009-10-27T00:00:00Z,4261.83,4261.83,0,69.5,4192.33,69.5,69.5,NA,Unknown,Water level accuracy is unknown,1,Department of Water Resources,NA,1,Department of Water Resources,NA,NA,24079,46N01W20N001M,46N01W20N001M,Unknown,Unknown,1-003,Butte Valley,Siskiyou,NA,Irrigation,Single Well,50,1978-09-18 00:00:00 - 2020-04-01 12:00:00,83,fall,37.4,71.2,NA,NA,2010,18010205,Dry,Dry,2009-10-01T00:00:00Z,2010-10-01T00:00:00Z,-122.012,41.8081
418081N1220122W001,679776,2009-04-08T00:00:00Z,4261.83,4261.83,0,49.6,4212.23,49.6,49.6,NA,Unknown,Water level accuracy is unknown,1,Department of Water Resources,NA,1,Department of Water Resources,NA,NA,24079,46N01W20N001M,46N01W20N001M,Unknown,Unknown,1-003,Butte Valley,Siskiyou,NA,Irrigation,Single Well,50,1978-09-18 00:00:00 - 2020-04-01 12:00:00,83,spring,NA,NA,29.7,59.7,2009,18010205,Dry,Dry,2008-10-01T00:00:00Z,2009-10-01T00:00:00Z,-122.012,41.8081
418081N1220122W001,679775,2008-10-30T00:00:00Z,4261.83,4261.83,0,67.9,4193.93,67.9,67.9,NA,Unknown,Water level accuracy is unknown,1,Department of Water Resources,NA,1,Department of Water Resources,NA,NA,24079,46N01W20N001M,46N01W20N001M,Unknown,Unknown,1-003,Butte Valley,Siskiyou,NA,Irrigation,Single Well,50,1978-09-18 00:00:00 - 2020-04-01 12:00:00,83,fall,37.4,71.2,NA,NA,2009,18010205,Dry,Dry,2008-10-01T00:00:00Z,2009-10-01T00:00:00Z,-122.012,41.8081
418081N1220122W001,679774,2008-04-04T00:00:00Z,4261.83,4261.83,0,45.34,4216.49,45.34,45.34,NA,Unknown,Water level accuracy is unknown,1,Department of Water Resources,NA,1,Department of Water Resources,NA,NA,24079,46N01W20N001M,46N01W20N001M,Unknown,Unknown,1-003,Butte Valley,Siskiyou,NA,Irrigation,Single Well,50,1978-09-18 00:00:00 - 2020-04-01 12:00:00,83,spring,NA,NA,29.7,59.7,2008,18010205,Dry,Dry,2007-10-01T00:00:00Z,2008-10-01T00:00:00Z,-122.012,41.8081
418081N1220122W001,679773,2007-10-25T00:00:00Z,4261.83,4261.83,0,59.6,4202.23,59.6,59.6,NA,Unknown,Water level accuracy is unknown,1,Department of Water Resources,NA,1,Department of Water Resources,NA,NA,24079,46N01W20N001M,46N01W20N001M,Unknown,Unknown,1-003,Butte Valley,Siskiyou,NA,Irrigation,Single Well,50,1978-09-18 00:00:00 - 2020-04-01 12:00:00,83,fall,37.4,71.2,NA,NA,2008,18010205,Dry,Dry,2007-10-01T00:00:00Z,2008-10-01T00:00:00Z,-122.012,41.8081
418081N1220122W001,679772,2007-03-29T00:00:00Z,4261.83,4261.83,NA,NA,NA,NA,NA,Pumping,NA,NA,1,Department of Water Resources,NA,1,Department of Water Resources,NA,NA,24079,46N01W20N001M,46N01W20N001M,Unknown,Unknown,1-003,Butte Valley,Siskiyou,NA,Irrigation,Single Well,50,1978-09-18 00:00:00 - 2020-04-01 12:00:00,83,spring,NA,NA,29.7,59.7,2007,18010205,Above Normal,Above Normal,2006-10-01T00:00:00Z,2007-10-01T00:00:00Z,-122.012,41.8081
418081N1220122W001,679771,2006-10-12T00:00:00Z,4261.83,4261.83,0,56.3,4205.53,56.3,56.3,Nearby pump operating,Unknown,Water level accuracy is unknown,1,Department of Water Resources,NA,1,Department of Water Resources,NA,NA,24079,46N01W20N001M,46N01W20N001M,Unknown,Unknown,1-003,Butte Valley,Siskiyou,NA,Irrigation,Single Well,50,1978-09-18 00:00:00 - 2020-04-01 12:00:00,83,fall,37.4,71.2,NA,NA,2007,18010205,Above Normal,Above Normal,2006-10-01T00:00:00Z,2007-10-01T00:00:00Z,-122.012,41.8081
418081N1220122W001,679770,2006-04-18T00:00:00Z,4261.83,4261.83,0,42.9,4218.93,42.9,42.9,NA,Unknown,Water level accuracy is unknown,1,Department of Water Resources,NA,1,Department of Water Resources,NA,NA,24079,46N01W20N001M,46N01W20N001M,Unknown,Unknown,1-003,Butte Valley,Siskiyou,NA,Irrigation,Single Well,50,1978-09-18 00:00:00 - 2020-04-01 12:00:00,83,spring,NA,NA,29.7,59.7,2006,18010205,Wet,Wet,2005-10-01T00:00:00Z,2006-10-01T00:00:00Z,-122.012,41.8081
418081N1220122W001,679769,2005-10-10T00:00:00Z,4261.83,4261.83,0,67,4194.83,67,67,NA,Unknown,Water level accuracy is unknown,1,Department of Water Resources,NA,1,Department of Water Resources,NA,NA,24079,46N01W20N001M,46N01W20N001M,Unknown,Unknown,1-003,Butte Valley,Siskiyou,NA,Irrigation,Single Well,50,1978-09-18 00:00:00 - 2020-04-01 12:00:00,83,fall,37.4,71.2,NA,NA,2006,18010205,Wet,Wet,2005-10-01T00:00:00Z,2006-10-01T00:00:00Z,-122.012,41.8081
418081N1220122W001,679768,2005-04-05T00:00:00Z,4261.83,4261.83,0,46,4215.83,46,46,NA,Unknown,Water level accuracy is unknown,1,Department of Water Resources,NA,1,Department of Water Resources,NA,NA,24079,46N01W20N001M,46N01W20N001M,Unknown,Unknown,1-003,Butte Valley,Siskiyou,NA,Irrigation,Single Well,50,1978-09-18 00:00:00 - 2020-04-01 12:00:00,83,spring,NA,NA,29.7,59.7,2005,18010205,Above Normal,Above Normal,2004-10-01T00:00:00Z,2005-10-01T00:00:00Z,-122.012,41.8081
418081N1220122W001,679767,2004-11-02T00:00:00Z,4261.83,4261.83,0,62.2,4199.63,62.2,62.2,NA,Unknown,Water level accuracy is unknown,1,Department of Water Resources,NA,1,Department of Water Resources,NA,NA,24079,46N01W20N001M,46N01W20N001M,Unknown,Unknown,1-003,Butte Valley,Siskiyou,NA,Irrigation,Single Well,50,1978-09-18 00:00:00 - 2020-04-01 12:00:00,83,fall,37.4,71.2,NA,NA,2005,18010205,Above Normal,Above Normal,2004-10-01T00:00:00Z,2005-10-01T00:00:00Z,-122.012,41.8081
418081N1220122W001,679766,2004-03-30T00:00:00Z,4261.83,4261.83,0,44.2,4217.63,44.2,44.2,NA,Unknown,Water level accuracy is unknown,1,Department of Water Resources,NA,1,Department of Water Resources,NA,NA,24079,46N01W20N001M,46N01W20N001M,Unknown,Unknown,1-003,Butte Valley,Siskiyou,NA,Irrigation,Single Well,50,1978-09-18 00:00:00 - 2020-04-01 12:00:00,83,spring,NA,NA,29.7,59.7,2004,18010205,Below Normal,Below Normal,2003-10-01T00:00:00Z,2004-10-01T00:00:00Z,-122.012,41.8081
418081N1220122W001,679765,2003-10-20T00:00:00Z,4261.83,4261.83,0,57.7,4204.13,57.7,57.7,NA,Unknown,Water level accuracy is unknown,1,Department of Water Resources,NA,1,Department of Water Resources,NA,NA,24079,46N01W20N001M,46N01W20N001M,Unknown,Unknown,1-003,Butte Valley,Siskiyou,NA,Irrigation,Single Well,50,1978-09-18 00:00:00 - 2020-04-01 12:00:00,83,fall,37.4,71.2,NA,NA,2004,18010205,Below Normal,Below Normal,2003-10-01T00:00:00Z,2004-10-01T00:00:00Z,-122.012,41.8081
418081N1220122W001,679764,2003-04-01T00:00:00Z,4261.83,4261.83,0,44.5,4217.33,44.5,44.5,NA,Unknown,Water level accuracy is unknown,1,Department of Water Resources,NA,1,Department of Water Resources,NA,NA,24079,46N01W20N001M,46N01W20N001M,Unknown,Unknown,1-003,Butte Valley,Siskiyou,NA,Irrigation,Single Well,50,1978-09-18 00:00:00 - 2020-04-01 12:00:00,83,spring,NA,NA,29.7,59.7,2003,18010205,Below Normal,Below Normal,2002-10-01T00:00:00Z,2003-10-01T00:00:00Z,-122.012,41.8081
418081N1220122W001,679763,2002-10-11T00:00:00Z,4261.83,4261.83,0,66.4,4195.43,66.4,66.4,Nearby pump operating,Unknown,Water level accuracy is unknown,1,Department of Water Resources,NA,1,Department of Water Resources,NA,NA,24079,46N01W20N001M,46N01W20N001M,Unknown,Unknown,1-003,Butte Valley,Siskiyou,NA,Irrigation,Single Well,50,1978-09-18 00:00:00 - 2020-04-01 12:00:00,83,fall,37.4,71.2,NA,NA,2003,18010205,Below Normal,Below Normal,2002-10-01T00:00:00Z,2003-10-01T00:00:00Z,-122.012,41.8081
418081N1220122W001,679762,2002-03-26T00:00:00Z,4261.83,4261.83,0,42.7,4219.13,42.7,42.7,NA,Unknown,Water level accuracy is unknown,1,Department of Water Resources,NA,1,Department of Water Resources,NA,NA,24079,46N01W20N001M,46N01W20N001M,Unknown,Unknown,1-003,Butte Valley,Siskiyou,NA,Irrigation,Single Well,50,1978-09-18 00:00:00 - 2020-04-01 12:00:00,83,spring,NA,NA,29.7,59.7,2002,18010205,Dry,Dry,2001-10-01T00:00:00Z,2002-10-01T00:00:00Z,-122.012,41.8081
418081N1220122W001,679761,2001-10-24T00:00:00Z,4261.83,4261.83,0,59.3,4202.53,59.3,59.3,NA,Unknown,Water level accuracy is unknown,1,Department of Water Resources,NA,1,Department of Water Resources,NA,NA,24079,46N01W20N001M,46N01W20N001M,Unknown,Unknown,1-003,Butte Valley,Siskiyou,NA,Irrigation,Single Well,50,1978-09-18 00:00:00 - 2020-04-01 12:00:00,83,fall,37.4,71.2,NA,NA,2002,18010205,Dry,Dry,2001-10-01T00:00:00Z,2002-10-01T00:00:00Z,-122.012,41.8081
418081N1220122W001,679760,2001-04-03T00:00:00Z,4261.83,4261.83,0,39.6,4222.23,39.6,39.6,NA,Unknown,Water level accuracy is unknown,1,Department of Water Resources,NA,1,Department of Water Resources,NA,NA,24079,46N01W20N001M,46N01W20N001M,Unknown,Unknown,1-003,Butte Valley,Siskiyou,NA,Irrigation,Single Well,50,1978-09-18 00:00:00 - 2020-04-01 12:00:00,83,spring,NA,NA,29.7,59.7,2001,18010205,Critical,Critical,2000-10-01T00:00:00Z,2001-10-01T00:00:00Z,-122.012,41.8081
418081N1220122W001,679759,2000-10-10T00:00:00Z,4261.83,4261.83,0,51.2,4210.63,51.2,51.2,NA,Unknown,Water level accuracy is unknown,1,Department of Water Resources,NA,1,Department of Water Resources,NA,NA,24079,46N01W20N001M,46N01W20N001M,Unknown,Unknown,1-003,Butte Valley,Siskiyou,NA,Irrigation,Single Well,50,1978-09-18 00:00:00 - 2020-04-01 12:00:00,83,fall,37.4,71.2,NA,NA,2001,18010205,Critical,Critical,2000-10-01T00:00:00Z,2001-10-01T00:00:00Z,-122.012,41.8081
418081N1220122W001,679758,2000-03-22T00:00:00Z,4261.83,4261.83,0,37.6,4224.23,37.6,37.6,NA,Unknown,Water level accuracy is unknown,1,Department of Water Resources,NA,1,Department of Water Resources,NA,NA,24079,46N01W20N001M,46N01W20N001M,Unknown,Unknown,1-003,Butte Valley,Siskiyou,NA,Irrigation,Single Well,50,1978-09-18 00:00:00 - 2020-04-01 12:00:00,83,spring,NA,NA,29.7,59.7,2000,18010205,Above Normal,Above Normal,1999-10-01T00:00:00Z,2000-10-01T00:00:00Z,-122.012,41.8081
418081N1220122W001,679756,1999-10-26T00:00:00Z,4261.83,4261.83,0,50.4,4211.43,50.4,50.4,NA,Unknown,Water level accuracy is unknown,1,Department of Water Resources,NA,1,Department of Water Resources,NA,NA,24079,46N01W20N001M,46N01W20N001M,Unknown,Unknown,1-003,Butte Valley,Siskiyou,NA,Irrigation,Single Well,50,1978-09-18 00:00:00 - 2020-04-01 12:00:00,83,fall,37.4,71.2,NA,NA,2000,18010205,Above Normal,Above Normal,1999-10-01T00:00:00Z,2000-10-01T00:00:00Z,-122.012,41.8081
418081N1220122W001,679757,1999-03-16T00:00:00Z,4261.83,4261.83,0,37.5,4224.33,37.5,37.5,NA,Unknown,Water level accuracy is unknown,1,Department of Water Resources,NA,1,Department of Water Resources,NA,NA,24079,46N01W20N001M,46N01W20N001M,Unknown,Unknown,1-003,Butte Valley,Siskiyou,NA,Irrigation,Single Well,50,1978-09-18 00:00:00 - 2020-04-01 12:00:00,83,spring,NA,NA,29.7,59.7,1999,18010205,Wet,Wet,1998-10-01T00:00:00Z,1999-10-01T00:00:00Z,-122.012,41.8081
418081N1220122W001,679755,1998-10-27T00:00:00Z,4261.83,4261.83,0,46.1,4215.73,46.1,46.1,NA,Unknown,Water level accuracy is unknown,1,Department of Water Resources,NA,1,Department of Water Resources,NA,NA,24079,46N01W20N001M,46N01W20N001M,Unknown,Unknown,1-003,Butte Valley,Siskiyou,NA,Irrigation,Single Well,50,1978-09-18 00:00:00 - 2020-04-01 12:00:00,83,fall,37.4,71.2,NA,NA,1999,18010205,Wet,Wet,1998-10-01T00:00:00Z,1999-10-01T00:00:00Z,-122.012,41.8081
418081N1220122W001,679754,1998-03-30T00:00:00Z,4261.83,4261.83,0,40.4,4221.43,40.4,40.4,NA,Unknown,Water level accuracy is unknown,1,Department of Water Resources,NA,1,Department of Water Resources,NA,NA,24079,46N01W20N001M,46N01W20N001M,Unknown,Unknown,1-003,Butte Valley,Siskiyou,NA,Irrigation,Single Well,50,1978-09-18 00:00:00 - 2020-04-01 12:00:00,83,spring,NA,NA,29.7,59.7,1998,18010205,Wet,Wet,1997-10-01T00:00:00Z,1998-10-01T00:00:00Z,-122.012,41.8081
418081N1220122W001,679753,1997-10-21T00:00:00Z,4261.83,4261.83,0,53.5,4208.33,53.5,53.5,NA,Unknown,Water level accuracy is unknown,1,Department of Water Resources,NA,1,Department of Water Resources,NA,NA,24079,46N01W20N001M,46N01W20N001M,Unknown,Unknown,1-003,Butte Valley,Siskiyou,NA,Irrigation,Single Well,50,1978-09-18 00:00:00 - 2020-04-01 12:00:00,83,fall,37.4,71.2,NA,NA,1998,18010205,Wet,Wet,1997-10-01T00:00:00Z,1998-10-01T00:00:00Z,-122.012,41.8081
418081N1220122W001,679752,1997-03-11T00:00:00Z,4261.83,4261.83,0,41,4220.83,41,41,NA,Unknown,Water level accuracy is unknown,1,Department of Water Resources,NA,1,Department of Water Resources,NA,NA,24079,46N01W20N001M,46N01W20N001M,Unknown,Unknown,1-003,Butte Valley,Siskiyou,NA,Irrigation,Single Well,50,1978-09-18 00:00:00 - 2020-04-01 12:00:00,83,spring,NA,NA,29.7,59.7,1997,18010205,Wet,Wet,1996-10-01T00:00:00Z,1997-10-01T00:00:00Z,-122.012,41.8081
418081N1220122W001,679751,1996-10-22T00:00:00Z,4261.83,4261.83,0,55.5,4206.33,55.5,55.5,NA,Unknown,Water level accuracy is unknown,1,Department of Water Resources,NA,1,Department of Water Resources,NA,NA,24079,46N01W20N001M,46N01W20N001M,Unknown,Unknown,1-003,Butte Valley,Siskiyou,NA,Irrigation,Single Well,50,1978-09-18 00:00:00 - 2020-04-01 12:00:00,83,fall,37.4,71.2,NA,NA,1997,18010205,Wet,Wet,1996-10-01T00:00:00Z,1997-10-01T00:00:00Z,-122.012,41.8081
418081N1220122W001,679750,1996-03-26T00:00:00Z,4261.83,4261.83,0,45.3,4216.53,45.3,45.3,NA,Unknown,Water level accuracy is unknown,1,Department of Water Resources,NA,1,Department of Water Resources,NA,NA,24079,46N01W20N001M,46N01W20N001M,Unknown,Unknown,1-003,Butte Valley,Siskiyou,NA,Irrigation,Single Well,50,1978-09-18 00:00:00 - 2020-04-01 12:00:00,83,spring,NA,NA,29.7,59.7,1996,18010205,Wet,Wet,1995-10-01T00:00:00Z,1996-10-01T00:00:00Z,-122.012,41.8081
418081N1220122W001,679749,1995-10-17T00:00:00Z,4261.83,4261.83,0,54.8,4207.03,54.8,54.8,NA,Unknown,Water level accuracy is unknown,1,Department of Water Resources,NA,1,Department of Water Resources,NA,NA,24079,46N01W20N001M,46N01W20N001M,Unknown,Unknown,1-003,Butte Valley,Siskiyou,NA,Irrigation,Single Well,50,1978-09-18 00:00:00 - 2020-04-01 12:00:00,83,fall,37.4,71.2,NA,NA,1996,18010205,Wet,Wet,1995-10-01T00:00:00Z,1996-10-01T00:00:00Z,-122.012,41.8081
418081N1220122W001,679748,1995-03-27T00:00:00Z,4261.83,4261.83,0,53.3,4208.53,53.3,53.3,NA,Unknown,Water level accuracy is unknown,1,Department of Water Resources,NA,1,Department of Water Resources,NA,NA,24079,46N01W20N001M,46N01W20N001M,Unknown,Unknown,1-003,Butte Valley,Siskiyou,NA,Irrigation,Single Well,50,1978-09-18 00:00:00 - 2020-04-01 12:00:00,83,spring,NA,NA,29.7,59.7,1995,18010205,Wet,Wet,1994-10-01T00:00:00Z,1995-10-01T00:00:00Z,-122.012,41.8081
418081N1220122W001,679747,1994-10-26T00:00:00Z,4261.83,4261.83,0,62,4199.83,62,62,NA,Unknown,Water level accuracy is unknown,1,Department of Water Resources,NA,1,Department of Water Resources,NA,NA,24079,46N01W20N001M,46N01W20N001M,Unknown,Unknown,1-003,Butte Valley,Siskiyou,NA,Irrigation,Single Well,50,1978-09-18 00:00:00 - 2020-04-01 12:00:00,83,fall,37.4,71.2,NA,NA,1995,18010205,Wet,Wet,1994-10-01T00:00:00Z,1995-10-01T00:00:00Z,-122.012,41.8081
418081N1220122W001,679746,1994-03-29T00:00:00Z,4261.83,4261.83,0,51.7,4210.13,51.7,51.7,NA,Unknown,Water level accuracy is unknown,1,Department of Water Resources,NA,1,Department of Water Resources,NA,NA,24079,46N01W20N001M,46N01W20N001M,Unknown,Unknown,1-003,Butte Valley,Siskiyou,NA,Irrigation,Single Well,50,1978-09-18 00:00:00 - 2020-04-01 12:00:00,83,spring,NA,NA,29.7,59.7,1994,18010205,Dry,Dry,1993-10-01T00:00:00Z,1994-10-01T00:00:00Z,-122.012,41.8081
418081N1220122W001,679745,1993-10-14T00:00:00Z,4261.83,4261.83,0,65.4,4196.43,65.4,65.4,NA,Unknown,Water level accuracy is unknown,1,Department of Water Resources,NA,1,Department of Water Resources,NA,NA,24079,46N01W20N001M,46N01W20N001M,Unknown,Unknown,1-003,Butte Valley,Siskiyou,NA,Irrigation,Single Well,50,1978-09-18 00:00:00 - 2020-04-01 12:00:00,83,fall,37.4,71.2,NA,NA,1994,18010205,Dry,Dry,1993-10-01T00:00:00Z,1994-10-01T00:00:00Z,-122.012,41.8081
418081N1220122W001,679744,1993-03-16T00:00:00Z,4261.83,4261.83,0,52,4209.83,52,52,NA,Unknown,Water level accuracy is unknown,1,Department of Water Resources,NA,1,Department of Water Resources,NA,NA,24079,46N01W20N001M,46N01W20N001M,Unknown,Unknown,1-003,Butte Valley,Siskiyou,NA,Irrigation,Single Well,50,1978-09-18 00:00:00 - 2020-04-01 12:00:00,83,spring,NA,NA,29.7,59.7,1993,18010205,Wet,Wet,1992-10-01T00:00:00Z,1993-10-01T00:00:00Z,-122.012,41.8081
418081N1220122W001,679743,1992-10-19T00:00:00Z,4261.83,4261.83,0,69.6,4192.23,69.6,69.6,NA,Unknown,Water level accuracy is unknown,1,Department of Water Resources,NA,1,Department of Water Resources,NA,NA,24079,46N01W20N001M,46N01W20N001M,Unknown,Unknown,1-003,Butte Valley,Siskiyou,NA,Irrigation,Single Well,50,1978-09-18 00:00:00 - 2020-04-01 12:00:00,83,fall,37.4,71.2,NA,NA,1993,18010205,Wet,Wet,1992-10-01T00:00:00Z,1993-10-01T00:00:00Z,-122.012,41.8081
418081N1220122W001,679742,1992-03-02T00:00:00Z,4261.83,4261.83,0,48.9,4212.93,48.9,48.9,NA,Unknown,Water level accuracy is unknown,1,Department of Water Resources,NA,1,Department of Water Resources,NA,NA,24079,46N01W20N001M,46N01W20N001M,Unknown,Unknown,1-003,Butte Valley,Siskiyou,NA,Irrigation,Single Well,50,1978-09-18 00:00:00 - 2020-04-01 12:00:00,83,spring,NA,NA,29.7,59.7,1992,18010205,Critical,Critical,1991-10-01T00:00:00Z,1992-10-01T00:00:00Z,-122.012,41.8081
418081N1220122W001,679741,1991-09-30T00:00:00Z,4261.83,4261.83,0,69.2,4192.63,69.2,69.2,NA,Unknown,Water level accuracy is unknown,1,Department of Water Resources,NA,1,Department of Water Resources,NA,NA,24079,46N01W20N001M,46N01W20N001M,Unknown,Unknown,1-003,Butte Valley,Siskiyou,NA,Irrigation,Single Well,50,1978-09-18 00:00:00 - 2020-04-01 12:00:00,83,fall,37.4,71.2,NA,NA,1991,18010205,Critical,Critical,1990-10-01T00:00:00Z,1991-10-01T00:00:00Z,-122.012,41.8081
418081N1220122W001,679740,1991-03-20T00:00:00Z,4261.83,4261.83,0,48.9,4212.93,48.9,48.9,NA,Unknown,Water level accuracy is unknown,1,Department of Water Resources,NA,1,Department of Water Resources,NA,NA,24079,46N01W20N001M,46N01W20N001M,Unknown,Unknown,1-003,Butte Valley,Siskiyou,NA,Irrigation,Single Well,50,1978-09-18 00:00:00 - 2020-04-01 12:00:00,83,spring,NA,NA,29.7,59.7,1991,18010205,Critical,Critical,1990-10-01T00:00:00Z,1991-10-01T00:00:00Z,-122.012,41.8081
418081N1220122W001,679739,1990-10-01T00:00:00Z,4261.83,4261.83,0,50,4211.83,50,50,NA,Unknown,Water level accuracy is unknown,1,Department of Water Resources,NA,1,Department of Water Resources,NA,NA,24079,46N01W20N001M,46N01W20N001M,Unknown,Unknown,1-003,Butte Valley,Siskiyou,NA,Irrigation,Single Well,50,1978-09-18 00:00:00 - 2020-04-01 12:00:00,83,fall,37.4,71.2,NA,NA,1991,18010205,Critical,Critical,1990-10-01T00:00:00Z,1991-10-01T00:00:00Z,-122.012,41.8081
418081N1220122W001,679738,1990-03-20T00:00:00Z,4261.83,4261.83,0,40.7,4221.13,40.7,40.7,NA,Unknown,Water level accuracy is unknown,1,Department of Water Resources,NA,1,Department of Water Resources,NA,NA,24079,46N01W20N001M,46N01W20N001M,Unknown,Unknown,1-003,Butte Valley,Siskiyou,NA,Irrigation,Single Well,50,1978-09-18 00:00:00 - 2020-04-01 12:00:00,83,spring,NA,NA,29.7,59.7,1990,18010205,Below Normal,Below Normal,1989-10-01T00:00:00Z,1990-10-01T00:00:00Z,-122.012,41.8081
418081N1220122W001,679737,1989-10-04T00:00:00Z,4261.83,4261.83,0,55,4206.83,55,55,NA,Unknown,Water level accuracy is unknown,1,Department of Water Resources,NA,1,Department of Water Resources,NA,NA,24079,46N01W20N001M,46N01W20N001M,Unknown,Unknown,1-003,Butte Valley,Siskiyou,NA,Irrigation,Single Well,50,1978-09-18 00:00:00 - 2020-04-01 12:00:00,83,fall,37.4,71.2,NA,NA,1990,18010205,Below Normal,Below Normal,1989-10-01T00:00:00Z,1990-10-01T00:00:00Z,-122.012,41.8081
418081N1220122W001,679736,1989-03-22T00:00:00Z,4261.83,4261.83,0,40.1,4221.73,40.1,40.1,NA,Unknown,Water level accuracy is unknown,1,Department of Water Resources,NA,1,Department of Water Resources,NA,NA,24079,46N01W20N001M,46N01W20N001M,Unknown,Unknown,1-003,Butte Valley,Siskiyou,NA,Irrigation,Single Well,50,1978-09-18 00:00:00 - 2020-04-01 12:00:00,83,spring,NA,NA,29.7,59.7,1989,18010205,Below Normal,Below Normal,1988-10-01T00:00:00Z,1989-10-01T00:00:00Z,-122.012,41.8081
418081N1220122W001,679735,1988-10-24T00:00:00Z,4261.83,4261.83,0,49.9,4211.93,49.9,49.9,NA,Unknown,Water level accuracy is unknown,1,Department of Water Resources,NA,1,Department of Water Resources,NA,NA,24079,46N01W20N001M,46N01W20N001M,Unknown,Unknown,1-003,Butte Valley,Siskiyou,NA,Irrigation,Single Well,50,1978-09-18 00:00:00 - 2020-04-01 12:00:00,83,fall,37.4,71.2,NA,NA,1989,18010205,Below Normal,Below Normal,1988-10-01T00:00:00Z,1989-10-01T00:00:00Z,-122.012,41.8081
418081N1220122W001,679734,1988-03-23T00:00:00Z,4261.83,4261.83,0,37.7,4224.13,37.7,37.7,NA,Unknown,Water level accuracy is unknown,1,Department of Water Resources,NA,1,Department of Water Resources,NA,NA,24079,46N01W20N001M,46N01W20N001M,Unknown,Unknown,1-003,Butte Valley,Siskiyou,NA,Irrigation,Single Well,50,1978-09-18 00:00:00 - 2020-04-01 12:00:00,83,spring,NA,NA,29.7,59.7,1988,18010205,Critical,Critical,1987-10-01T00:00:00Z,1988-10-01T00:00:00Z,-122.012,41.8081
418081N1220122W001,679733,1987-10-20T00:00:00Z,4261.83,4261.83,0,47.6,4214.23,47.6,47.6,NA,Unknown,Water level accuracy is unknown,1,Department of Water Resources,NA,1,Department of Water Resources,NA,NA,24079,46N01W20N001M,46N01W20N001M,Unknown,Unknown,1-003,Butte Valley,Siskiyou,NA,Irrigation,Single Well,50,1978-09-18 00:00:00 - 2020-04-01 12:00:00,83,fall,37.4,71.2,NA,NA,1988,18010205,Critical,Critical,1987-10-01T00:00:00Z,1988-10-01T00:00:00Z,-122.012,41.8081
418081N1220122W001,679732,1987-04-21T00:00:00Z,4261.83,4261.83,0,35.3,4226.53,35.3,35.3,NA,Unknown,Water level accuracy is unknown,1,Department of Water Resources,NA,1,Department of Water Resources,NA,NA,24079,46N01W20N001M,46N01W20N001M,Unknown,Unknown,1-003,Butte Valley,Siskiyou,NA,Irrigation,Single Well,50,1978-09-18 00:00:00 - 2020-04-01 12:00:00,83,spring,NA,NA,29.7,59.7,1987,18010205,Critical,Critical,1986-10-01T00:00:00Z,1987-10-01T00:00:00Z,-122.012,41.8081
418081N1220122W001,679731,1986-04-29T00:00:00Z,4261.83,4261.83,0,32.8,4229.03,32.8,32.8,NA,Unknown,Water level accuracy is unknown,1,Department of Water Resources,NA,624,Bureau of Reclamation,NA,NA,24079,46N01W20N001M,46N01W20N001M,Unknown,Unknown,1-003,Butte Valley,Siskiyou,NA,Irrigation,Single Well,50,1978-09-18 00:00:00 - 2020-04-01 12:00:00,83,spring,NA,NA,29.7,59.7,1986,18010205,Above Normal,Above Normal,1985-10-01T00:00:00Z,1986-10-01T00:00:00Z,-122.012,41.8081
418081N1220122W001,679730,1985-10-16T00:00:00Z,4261.83,4261.83,0,47.5,4214.33,47.5,47.5,NA,Unknown,Water level accuracy is unknown,1,Department of Water Resources,NA,624,Bureau of Reclamation,NA,NA,24079,46N01W20N001M,46N01W20N001M,Unknown,Unknown,1-003,Butte Valley,Siskiyou,NA,Irrigation,Single Well,50,1978-09-18 00:00:00 - 2020-04-01 12:00:00,83,fall,37.4,71.2,NA,NA,1986,18010205,Above Normal,Above Normal,1985-10-01T00:00:00Z,1986-10-01T00:00:00Z,-122.012,41.8081
418081N1220122W001,679729,1985-04-15T00:00:00Z,4261.83,4261.83,0,33,4228.83,33,33,NA,Unknown,Water level accuracy is unknown,1,Department of Water Resources,NA,624,Bureau of Reclamation,NA,NA,24079,46N01W20N001M,46N01W20N001M,Unknown,Unknown,1-003,Butte Valley,Siskiyou,NA,Irrigation,Single Well,50,1978-09-18 00:00:00 - 2020-04-01 12:00:00,83,spring,NA,NA,29.7,59.7,1985,18010205,Dry,Dry,1984-10-01T00:00:00Z,1985-10-01T00:00:00Z,-122.012,41.8081
418081N1220122W001,679728,1984-10-25T00:00:00Z,4261.83,4261.83,0,37.4,4224.43,37.4,37.4,NA,Unknown,Water level accuracy is unknown,1,Department of Water Resources,NA,624,Bureau of Reclamation,NA,NA,24079,46N01W20N001M,46N01W20N001M,Unknown,Unknown,1-003,Butte Valley,Siskiyou,NA,Irrigation,Single Well,50,1978-09-18 00:00:00 - 2020-04-01 12:00:00,83,fall,37.4,71.2,NA,NA,1985,18010205,Dry,Dry,1984-10-01T00:00:00Z,1985-10-01T00:00:00Z,-122.012,41.8081
418081N1220122W001,679727,1984-04-16T00:00:00Z,4261.83,4261.83,0,29.7,4232.13,29.7,29.7,NA,Unknown,Water level accuracy is unknown,1,Department of Water Resources,NA,624,Bureau of Reclamation,NA,NA,24079,46N01W20N001M,46N01W20N001M,Unknown,Unknown,1-003,Butte Valley,Siskiyou,NA,Irrigation,Single Well,50,1978-09-18 00:00:00 - 2020-04-01 12:00:00,83,spring,NA,NA,29.7,59.7,1984,18010205,Wet,Wet,1983-10-01T00:00:00Z,1984-10-01T00:00:00Z,-122.012,41.8081
418081N1220122W001,679726,1983-10-14T00:00:00Z,4261.83,4261.83,0,37.5,4224.33,37.5,37.5,Oil or foreign substance in casing,Unknown,Water level accuracy is unknown,1,Department of Water Resources,NA,624,Bureau of Reclamation,NA,NA,24079,46N01W20N001M,46N01W20N001M,Unknown,Unknown,1-003,Butte Valley,Siskiyou,NA,Irrigation,Single Well,50,1978-09-18 00:00:00 - 2020-04-01 12:00:00,83,fall,37.4,71.2,NA,NA,1984,18010205,Wet,Wet,1983-10-01T00:00:00Z,1984-10-01T00:00:00Z,-122.012,41.8081
418081N1220122W001,679725,1983-05-11T00:00:00Z,4261.83,4261.83,0,33.5,4228.33,33.5,33.5,NA,Unknown,Water level accuracy is unknown,1,Department of Water Resources,NA,624,Bureau of Reclamation,NA,NA,24079,46N01W20N001M,46N01W20N001M,Unknown,Unknown,1-003,Butte Valley,Siskiyou,NA,Irrigation,Single Well,50,1978-09-18 00:00:00 - 2020-04-01 12:00:00,83,spring,NA,NA,29.7,59.7,1983,18010205,Wet,Wet,1982-10-01T00:00:00Z,1983-10-01T00:00:00Z,-122.012,41.8081
418081N1220122W001,679724,1982-10-25T00:00:00Z,4261.83,4261.83,0,50.4,4211.43,50.4,50.4,NA,Unknown,Water level accuracy is unknown,1,Department of Water Resources,NA,624,Bureau of Reclamation,NA,NA,24079,46N01W20N001M,46N01W20N001M,Unknown,Unknown,1-003,Butte Valley,Siskiyou,NA,Irrigation,Single Well,50,1978-09-18 00:00:00 - 2020-04-01 12:00:00,83,fall,37.4,71.2,NA,NA,1983,18010205,Wet,Wet,1982-10-01T00:00:00Z,1983-10-01T00:00:00Z,-122.012,41.8081
418081N1220122W001,679723,1982-04-21T00:00:00Z,4261.83,4261.83,0,37.2,4224.63,37.2,37.2,NA,Unknown,Water level accuracy is unknown,1,Department of Water Resources,NA,624,Bureau of Reclamation,NA,NA,24079,46N01W20N001M,46N01W20N001M,Unknown,Unknown,1-003,Butte Valley,Siskiyou,NA,Irrigation,Single Well,50,1978-09-18 00:00:00 - 2020-04-01 12:00:00,83,spring,NA,NA,29.7,59.7,1982,18010205,Wet,Wet,1981-10-01T00:00:00Z,1982-10-01T00:00:00Z,-122.012,41.8081
418081N1220122W001,679722,1981-10-15T00:00:00Z,4261.83,4261.83,0,59,4202.83,59,59,NA,Unknown,Water level accuracy is unknown,1,Department of Water Resources,NA,624,Bureau of Reclamation,NA,NA,24079,46N01W20N001M,46N01W20N001M,Unknown,Unknown,1-003,Butte Valley,Siskiyou,NA,Irrigation,Single Well,50,1978-09-18 00:00:00 - 2020-04-01 12:00:00,83,fall,37.4,71.2,NA,NA,1982,18010205,Wet,Wet,1981-10-01T00:00:00Z,1982-10-01T00:00:00Z,-122.012,41.8081
418081N1220122W001,679721,1981-04-24T00:00:00Z,4261.83,4261.83,0,38.8,4223.03,38.8,38.8,NA,Unknown,Water level accuracy is unknown,1,Department of Water Resources,NA,624,Bureau of Reclamation,NA,NA,24079,46N01W20N001M,46N01W20N001M,Unknown,Unknown,1-003,Butte Valley,Siskiyou,NA,Irrigation,Single Well,50,1978-09-18 00:00:00 - 2020-04-01 12:00:00,83,spring,NA,NA,29.7,59.7,1981,18010205,Below Normal,Below Normal,1980-10-01T00:00:00Z,1981-10-01T00:00:00Z,-122.012,41.8081
418081N1220122W001,679720,1980-10-24T00:00:00Z,4261.83,4261.83,0,57.2,4204.63,57.2,57.2,NA,Unknown,Water level accuracy is unknown,1,Department of Water Resources,NA,624,Bureau of Reclamation,NA,NA,24079,46N01W20N001M,46N01W20N001M,Unknown,Unknown,1-003,Butte Valley,Siskiyou,NA,Irrigation,Single Well,50,1978-09-18 00:00:00 - 2020-04-01 12:00:00,83,fall,37.4,71.2,NA,NA,1981,18010205,Below Normal,Below Normal,1980-10-01T00:00:00Z,1981-10-01T00:00:00Z,-122.012,41.8081
418081N1220122W001,679719,1980-04-17T00:00:00Z,4261.83,4261.83,0,40,4221.83,40,40,NA,Unknown,Water level accuracy is unknown,1,Department of Water Resources,NA,624,Bureau of Reclamation,NA,NA,24079,46N01W20N001M,46N01W20N001M,Unknown,Unknown,1-003,Butte Valley,Siskiyou,NA,Irrigation,Single Well,50,1978-09-18 00:00:00 - 2020-04-01 12:00:00,83,spring,NA,NA,29.7,59.7,1980,18010205,Above Normal,Above Normal,1979-10-01T00:00:00Z,1980-10-01T00:00:00Z,-122.012,41.8081
418081N1220122W001,679718,1979-10-12T00:00:00Z,4261.83,4261.83,0,52.5,4209.33,52.5,52.5,NA,Unknown,Water level accuracy is unknown,1,Department of Water Resources,NA,624,Bureau of Reclamation,NA,NA,24079,46N01W20N001M,46N01W20N001M,Unknown,Unknown,1-003,Butte Valley,Siskiyou,NA,Irrigation,Single Well,50,1978-09-18 00:00:00 - 2020-04-01 12:00:00,83,fall,37.4,71.2,NA,NA,1980,18010205,Above Normal,Above Normal,1979-10-01T00:00:00Z,1980-10-01T00:00:00Z,-122.012,41.8081
418081N1220122W001,679717,1979-04-27T00:00:00Z,4261.83,4261.83,0,34.7,4227.13,34.7,34.7,NA,Unknown,Water level accuracy is unknown,1,Department of Water Resources,NA,624,Bureau of Reclamation,NA,NA,24079,46N01W20N001M,46N01W20N001M,Unknown,Unknown,1-003,Butte Valley,Siskiyou,NA,Irrigation,Single Well,50,1978-09-18 00:00:00 - 2020-04-01 12:00:00,83,spring,NA,NA,29.7,59.7,1979,18010205,Dry,Dry,1978-10-01T00:00:00Z,1979-10-01T00:00:00Z,-122.012,41.8081
418081N1220122W001,679716,1978-09-18T00:00:00Z,4261.83,4261.83,0,52.7,4209.13,52.7,52.7,NA,Unknown,Water level accuracy is unknown,1,Department of Water Resources,NA,624,Bureau of Reclamation,NA,NA,24079,46N01W20N001M,46N01W20N001M,Unknown,Unknown,1-003,Butte Valley,Siskiyou,NA,Irrigation,Single Well,50,1978-09-18 00:00:00 - 2020-04-01 12:00:00,83,fall,37.4,71.2,NA,NA,1978,18010205,Above Normal,Above Normal,1977-10-01T00:00:00Z,1978-10-01T00:00:00Z,-122.012,41.8081
