SITE_CODE,WLM_ID,MSMT_DATE,WLM_RPE,WLM_GSE,RDNG_WS,RDNG_RP,WSE,RPE_WSE,GSE_WSE,WLM_QA_DESC,WLM_DESC,WLM_ACC_DESC,WLM_ORG_ID,WLM_ORG_NAME,MSMT_CMT,COOP_AGENCY_ORG_ID,COOP_ORG_NAME,TOP_PRF,BOT_PRF,STN_ID,SWN,WELL_NAME,WLM_METHOD,WLM_ACC,BASIN_CODE,BASIN_NAME,COUNTY_NAME,WELL_DEPTH,WELL_USE,WELL_TYPE,WCR_NO,t_range,n_samples,season,fall_high,fall_low,spring_high,spring_low,water_year,HUC8,WYT,water_year_type,water_year_start,water_year_end,X,Y
418100N1220090W001,2619114,2020-04-01T12:00:00Z,4260.33,4259.83,23.8,77,4207.13,53.2,52.7,Oil or foreign substance in casing,Steel tape measurement,Water level accuracy to nearest tenth of a foot,1,Department of Water Resources,NA,1,Department of Water Resources,1323,1526,24080,46N01W20N002M,46N01W20N002M,Unknown,Unknown,1-003,Butte Valley,Siskiyou,1526,Irrigation,Single Well,GEOL.,1979-10-12 00:00:00 - 2020-04-01 12:00:00,81,spring,NA,NA,28.1,54.1,2020,NA,NA,NA,2019-10-01T00:00:00Z,2020-10-01T00:00:00Z,-122.011,41.8082
418100N1220090W001,2453068,2019-04-03T12:00:00Z,4260.33,4259.83,7,60,4207.33,53,52.5,NA,Steel tape measurement,Water level accuracy to nearest tenth of a foot,1,Department of Water Resources,NA,1,Department of Water Resources,1323,1526,24080,46N01W20N002M,46N01W20N002M,Unknown,Unknown,1-003,Butte Valley,Siskiyou,1526,Irrigation,Single Well,GEOL.,1979-10-12 00:00:00 - 2020-04-01 12:00:00,81,spring,NA,NA,28.1,54.1,2019,NA,NA,NA,2018-10-01T00:00:00Z,2019-10-01T00:00:00Z,-122.011,41.8082
418100N1220090W001,2413559,2018-10-30T12:00:00Z,4260.33,4259.83,11.1,65,4206.43,53.9,53.4,NA,Steel tape measurement,Water level accuracy to nearest tenth of a foot,1,Department of Water Resources,NA,1,Department of Water Resources,1323,1526,24080,46N01W20N002M,46N01W20N002M,Unknown,Unknown,1-003,Butte Valley,Siskiyou,1526,Irrigation,Single Well,GEOL.,1979-10-12 00:00:00 - 2020-04-01 12:00:00,81,fall,30.6,56,NA,NA,2019,NA,NA,NA,2018-10-01T00:00:00Z,2019-10-01T00:00:00Z,-122.011,41.8082
418100N1220090W001,2286508,2018-03-29T12:00:00Z,4260.33,4259.83,NA,NA,NA,NA,NA,Tape hung up,NA,NA,1,Department of Water Resources,Blocked downhole with sediment at 34',1,Department of Water Resources,1323,1526,24080,46N01W20N002M,46N01W20N002M,Unknown,Unknown,1-003,Butte Valley,Siskiyou,1526,Irrigation,Single Well,GEOL.,1979-10-12 00:00:00 - 2020-04-01 12:00:00,81,spring,NA,NA,28.1,54.1,2018,18010205,Below Normal,Below Normal,2017-10-01T00:00:00Z,2018-10-01T00:00:00Z,-122.011,41.8082
418100N1220090W001,2266635,2017-10-17T12:00:00Z,4260.33,4259.83,13.5,65,4208.83,51.5,51,NA,Steel tape measurement,Water level accuracy to nearest tenth of a foot,1,Department of Water Resources,NA,1,Department of Water Resources,1323,1526,24080,46N01W20N002M,46N01W20N002M,Unknown,Unknown,1-003,Butte Valley,Siskiyou,1526,Irrigation,Single Well,GEOL.,1979-10-12 00:00:00 - 2020-04-01 12:00:00,81,fall,30.6,56,NA,NA,2018,18010205,Below Normal,Below Normal,2017-10-01T00:00:00Z,2018-10-01T00:00:00Z,-122.011,41.8082
418100N1220090W001,2241613,2017-03-23T12:00:00Z,4260.33,4259.83,2.4,55,4207.73,52.6,52.1,NA,Steel tape measurement,Water level accuracy to nearest tenth of a foot,1,Department of Water Resources,NA,1,Department of Water Resources,1323,1526,24080,46N01W20N002M,46N01W20N002M,Unknown,Unknown,1-003,Butte Valley,Siskiyou,1526,Irrigation,Single Well,GEOL.,1979-10-12 00:00:00 - 2020-04-01 12:00:00,81,spring,NA,NA,28.1,54.1,2017,18010205,Wet,Wet,2016-10-01T00:00:00Z,2017-10-01T00:00:00Z,-122.011,41.8082
418100N1220090W001,2214904,2016-10-20T12:00:00Z,4260.33,4259.83,19.2,75,4204.53,55.8,55.3,Oil or foreign substance in casing,Steel tape measurement,Water level accuracy to nearest tenth of a foot,1,Department of Water Resources,NA,1,Department of Water Resources,1323,1526,24080,46N01W20N002M,46N01W20N002M,Unknown,Unknown,1-003,Butte Valley,Siskiyou,1526,Irrigation,Single Well,GEOL.,1979-10-12 00:00:00 - 2020-04-01 12:00:00,81,fall,30.6,56,NA,NA,2017,18010205,Wet,Wet,2016-10-01T00:00:00Z,2017-10-01T00:00:00Z,-122.011,41.8082
418100N1220090W001,2184892,2016-03-22T12:00:00Z,4260.33,4259.83,21.4,76,4205.73,54.6,54.1,Oil or foreign substance in casing,Steel tape measurement,Water level accuracy to nearest tenth of a foot,1,Department of Water Resources,NA,1,Department of Water Resources,1323,1526,24080,46N01W20N002M,46N01W20N002M,Unknown,Unknown,1-003,Butte Valley,Siskiyou,1526,Irrigation,Single Well,GEOL.,1979-10-12 00:00:00 - 2020-04-01 12:00:00,81,spring,NA,NA,28.1,54.1,2016,18010205,Wet,Wet,2015-10-01T00:00:00Z,2016-10-01T00:00:00Z,-122.011,41.8082
418100N1220090W001,2158516,2015-10-19T00:00:00Z,4260.33,4259.83,NA,NA,NA,NA,NA,Pumping,NA,NA,1,Department of Water Resources,NA,1,Department of Water Resources,1323,1526,24080,46N01W20N002M,46N01W20N002M,Unknown,Unknown,1-003,Butte Valley,Siskiyou,1526,Irrigation,Single Well,GEOL.,1979-10-12 00:00:00 - 2020-04-01 12:00:00,81,fall,30.6,56,NA,NA,2016,18010205,Wet,Wet,2015-10-01T00:00:00Z,2016-10-01T00:00:00Z,-122.011,41.8082
418100N1220090W001,2130473,2015-03-23T00:00:00Z,4260.33,4259.83,16.9,70,4207.23,53.1,52.6,Oil or foreign substance in casing,Steel tape measurement,Water level accuracy to nearest tenth of a foot,1,Department of Water Resources,NA,1,Department of Water Resources,1323,1526,24080,46N01W20N002M,46N01W20N002M,Unknown,Unknown,1-003,Butte Valley,Siskiyou,1526,Irrigation,Single Well,GEOL.,1979-10-12 00:00:00 - 2020-04-01 12:00:00,81,spring,NA,NA,28.1,54.1,2015,18010205,Below Normal,Below Normal,2014-10-01T00:00:00Z,2015-10-01T00:00:00Z,-122.011,41.8082
418100N1220090W001,2029084,2014-10-20T00:00:00Z,4260.33,4259.83,23.5,80,4203.83,56.5,56,NA,Steel tape measurement,Water level accuracy to nearest tenth of a foot,1,Department of Water Resources,NA,1,Department of Water Resources,1323,1526,24080,46N01W20N002M,46N01W20N002M,Unknown,Unknown,1-003,Butte Valley,Siskiyou,1526,Irrigation,Single Well,GEOL.,1979-10-12 00:00:00 - 2020-04-01 12:00:00,81,fall,30.6,56,NA,NA,2015,18010205,Below Normal,Below Normal,2014-10-01T00:00:00Z,2015-10-01T00:00:00Z,-122.011,41.8082
418100N1220090W001,1885351,2014-03-24T00:00:00Z,4260.33,4259.83,6.9,59,4208.23,52.1,51.6,NA,Steel tape measurement,Water level accuracy to nearest tenth of a foot,1,Department of Water Resources,NA,1,Department of Water Resources,1323,1526,24080,46N01W20N002M,46N01W20N002M,Unknown,Unknown,1-003,Butte Valley,Siskiyou,1526,Irrigation,Single Well,GEOL.,1979-10-12 00:00:00 - 2020-04-01 12:00:00,81,spring,NA,NA,28.1,54.1,2014,18010205,Critical,Critical,2013-10-01T00:00:00Z,2014-10-01T00:00:00Z,-122.011,41.8082
418100N1220090W001,1797523,2013-10-21T00:00:00Z,4260.33,4259.83,NA,NA,NA,NA,NA,Pumping,NA,NA,1,Department of Water Resources,NA,1,Department of Water Resources,1323,1526,24080,46N01W20N002M,46N01W20N002M,Unknown,Unknown,1-003,Butte Valley,Siskiyou,1526,Irrigation,Single Well,GEOL.,1979-10-12 00:00:00 - 2020-04-01 12:00:00,81,fall,30.6,56,NA,NA,2014,18010205,Critical,Critical,2013-10-01T00:00:00Z,2014-10-01T00:00:00Z,-122.011,41.8082
418100N1220090W001,1685056,2013-03-25T00:00:00Z,4260.33,4259.83,5.2,55,4210.53,49.8,49.3,Oil or foreign substance in casing,Steel tape measurement,Water level accuracy to nearest tenth of a foot,1,Department of Water Resources,NA,1,Department of Water Resources,1323,1526,24080,46N01W20N002M,46N01W20N002M,Unknown,Unknown,1-003,Butte Valley,Siskiyou,1526,Irrigation,Single Well,GEOL.,1979-10-12 00:00:00 - 2020-04-01 12:00:00,81,spring,NA,NA,28.1,54.1,2013,18010205,Dry,Dry,2012-10-01T00:00:00Z,2013-10-01T00:00:00Z,-122.011,41.8082
418100N1220090W001,70272,2012-10-29T00:00:00Z,4260.33,4259.83,4.7,55,4210.03,50.3,49.8,Oil or foreign substance in casing,Steel tape measurement,Water level accuracy to nearest tenth of a foot,1,Department of Water Resources,NA,1,Department of Water Resources,1323,1526,24080,46N01W20N002M,46N01W20N002M,Unknown,Unknown,1-003,Butte Valley,Siskiyou,1526,Irrigation,Single Well,GEOL.,1979-10-12 00:00:00 - 2020-04-01 12:00:00,81,fall,30.6,56,NA,NA,2013,18010205,Dry,Dry,2012-10-01T00:00:00Z,2013-10-01T00:00:00Z,-122.011,41.8082
418100N1220090W001,59903,2012-04-17T00:00:00Z,4260.33,4259.83,1.8,50,4212.13,48.2,47.7,Oil or foreign substance in casing,Steel tape measurement,Water level accuracy to nearest tenth of a foot,1,Department of Water Resources,NA,1,Department of Water Resources,1323,1526,24080,46N01W20N002M,46N01W20N002M,Unknown,Unknown,1-003,Butte Valley,Siskiyou,1526,Irrigation,Single Well,GEOL.,1979-10-12 00:00:00 - 2020-04-01 12:00:00,81,spring,NA,NA,28.1,54.1,2012,18010205,Dry,Dry,2011-10-01T00:00:00Z,2012-10-01T00:00:00Z,-122.011,41.8082
418100N1220090W001,41180,2011-10-18T00:00:00Z,4260.33,4259.83,0,51.6,4208.73,51.6,51.1,Oil or foreign substance in casing,Steel tape measurement,Water level accuracy to nearest tenth of a foot,1,Department of Water Resources,NA,1,Department of Water Resources,1323,1526,24080,46N01W20N002M,46N01W20N002M,Unknown,Unknown,1-003,Butte Valley,Siskiyou,1526,Irrigation,Single Well,GEOL.,1979-10-12 00:00:00 - 2020-04-01 12:00:00,81,fall,30.6,56,NA,NA,2012,18010205,Dry,Dry,2011-10-01T00:00:00Z,2012-10-01T00:00:00Z,-122.011,41.8082
418100N1220090W001,679845,2011-10-18T00:00:00Z,4260.33,4259.83,0,51.6,4208.73,51.6,51.1,Oil or foreign substance in casing,Unknown,Water level accuracy is unknown,1,Department of Water Resources,NA,1,Department of Water Resources,1323,1526,24080,46N01W20N002M,46N01W20N002M,Unknown,Unknown,1-003,Butte Valley,Siskiyou,1526,Irrigation,Single Well,GEOL.,1979-10-12 00:00:00 - 2020-04-01 12:00:00,81,fall,30.6,56,NA,NA,2012,18010205,Dry,Dry,2011-10-01T00:00:00Z,2012-10-01T00:00:00Z,-122.011,41.8082
418100N1220090W001,679844,2011-04-20T00:00:00Z,4260.33,4259.83,NA,NA,NA,NA,NA,Measurement Discontinued,NA,NA,1,Department of Water Resources,NA,1,Department of Water Resources,1323,1526,24080,46N01W20N002M,46N01W20N002M,Unknown,Unknown,1-003,Butte Valley,Siskiyou,1526,Irrigation,Single Well,GEOL.,1979-10-12 00:00:00 - 2020-04-01 12:00:00,81,spring,NA,NA,28.1,54.1,2011,18010205,Above Normal,Above Normal,2010-10-01T00:00:00Z,2011-10-01T00:00:00Z,-122.011,41.8082
418100N1220090W001,679843,2010-10-25T00:00:00Z,4260.33,4259.83,NA,NA,NA,NA,NA,Measurement Discontinued,NA,NA,1,Department of Water Resources,NA,1,Department of Water Resources,1323,1526,24080,46N01W20N002M,46N01W20N002M,Unknown,Unknown,1-003,Butte Valley,Siskiyou,1526,Irrigation,Single Well,GEOL.,1979-10-12 00:00:00 - 2020-04-01 12:00:00,81,fall,30.6,56,NA,NA,2011,18010205,Above Normal,Above Normal,2010-10-01T00:00:00Z,2011-10-01T00:00:00Z,-122.011,41.8082
418100N1220090W001,679842,2010-03-30T00:00:00Z,4260.33,4259.83,NA,NA,NA,NA,NA,Measurement Discontinued,NA,NA,1,Department of Water Resources,NA,1,Department of Water Resources,1323,1526,24080,46N01W20N002M,46N01W20N002M,Unknown,Unknown,1-003,Butte Valley,Siskiyou,1526,Irrigation,Single Well,GEOL.,1979-10-12 00:00:00 - 2020-04-01 12:00:00,81,spring,NA,NA,28.1,54.1,2010,18010205,Dry,Dry,2009-10-01T00:00:00Z,2010-10-01T00:00:00Z,-122.011,41.8082
418100N1220090W001,679841,2009-10-27T00:00:00Z,4260.33,4259.83,NA,NA,NA,NA,NA,Measurement Discontinued,NA,NA,1,Department of Water Resources,NA,1,Department of Water Resources,1323,1526,24080,46N01W20N002M,46N01W20N002M,Unknown,Unknown,1-003,Butte Valley,Siskiyou,1526,Irrigation,Single Well,GEOL.,1979-10-12 00:00:00 - 2020-04-01 12:00:00,81,fall,30.6,56,NA,NA,2010,18010205,Dry,Dry,2009-10-01T00:00:00Z,2010-10-01T00:00:00Z,-122.011,41.8082
418100N1220090W001,679840,2009-04-08T00:00:00Z,4260.33,4259.83,NA,NA,NA,NA,NA,Measurement Discontinued,NA,NA,1,Department of Water Resources,NA,1,Department of Water Resources,1323,1526,24080,46N01W20N002M,46N01W20N002M,Unknown,Unknown,1-003,Butte Valley,Siskiyou,1526,Irrigation,Single Well,GEOL.,1979-10-12 00:00:00 - 2020-04-01 12:00:00,81,spring,NA,NA,28.1,54.1,2009,18010205,Dry,Dry,2008-10-01T00:00:00Z,2009-10-01T00:00:00Z,-122.011,41.8082
418100N1220090W001,679839,2008-10-30T00:00:00Z,4260.33,4259.83,NA,NA,NA,NA,NA,Measurement Discontinued,NA,NA,1,Department of Water Resources,NA,1,Department of Water Resources,1323,1526,24080,46N01W20N002M,46N01W20N002M,Unknown,Unknown,1-003,Butte Valley,Siskiyou,1526,Irrigation,Single Well,GEOL.,1979-10-12 00:00:00 - 2020-04-01 12:00:00,81,fall,30.6,56,NA,NA,2009,18010205,Dry,Dry,2008-10-01T00:00:00Z,2009-10-01T00:00:00Z,-122.011,41.8082
418100N1220090W001,679838,2008-04-04T00:00:00Z,4260.33,4259.83,NA,NA,NA,NA,NA,Measurement Discontinued,NA,NA,1,Department of Water Resources,NA,1,Department of Water Resources,1323,1526,24080,46N01W20N002M,46N01W20N002M,Unknown,Unknown,1-003,Butte Valley,Siskiyou,1526,Irrigation,Single Well,GEOL.,1979-10-12 00:00:00 - 2020-04-01 12:00:00,81,spring,NA,NA,28.1,54.1,2008,18010205,Dry,Dry,2007-10-01T00:00:00Z,2008-10-01T00:00:00Z,-122.011,41.8082
418100N1220090W001,679837,2007-10-25T00:00:00Z,4260.33,4259.83,0,44.6,4215.73,44.6,44.1,Oil or foreign substance in casing,Unknown,Water level accuracy is unknown,1,Department of Water Resources,NA,1,Department of Water Resources,1323,1526,24080,46N01W20N002M,46N01W20N002M,Unknown,Unknown,1-003,Butte Valley,Siskiyou,1526,Irrigation,Single Well,GEOL.,1979-10-12 00:00:00 - 2020-04-01 12:00:00,81,fall,30.6,56,NA,NA,2008,18010205,Dry,Dry,2007-10-01T00:00:00Z,2008-10-01T00:00:00Z,-122.011,41.8082
418100N1220090W001,679836,2007-03-29T00:00:00Z,4260.33,4259.83,0,41.5,4218.83,41.5,41,Nearby pump operating,Unknown,Water level accuracy is unknown,1,Department of Water Resources,NA,1,Department of Water Resources,1323,1526,24080,46N01W20N002M,46N01W20N002M,Unknown,Unknown,1-003,Butte Valley,Siskiyou,1526,Irrigation,Single Well,GEOL.,1979-10-12 00:00:00 - 2020-04-01 12:00:00,81,spring,NA,NA,28.1,54.1,2007,18010205,Above Normal,Above Normal,2006-10-01T00:00:00Z,2007-10-01T00:00:00Z,-122.011,41.8082
418100N1220090W001,679835,2006-10-12T00:00:00Z,4260.33,4259.83,NA,NA,NA,NA,NA,Pumping,NA,NA,1,Department of Water Resources,NA,1,Department of Water Resources,1323,1526,24080,46N01W20N002M,46N01W20N002M,Unknown,Unknown,1-003,Butte Valley,Siskiyou,1526,Irrigation,Single Well,GEOL.,1979-10-12 00:00:00 - 2020-04-01 12:00:00,81,fall,30.6,56,NA,NA,2007,18010205,Above Normal,Above Normal,2006-10-01T00:00:00Z,2007-10-01T00:00:00Z,-122.011,41.8082
418100N1220090W001,679834,2006-04-18T00:00:00Z,4260.33,4259.83,0,41.6,4218.73,41.6,41.1,Oil or foreign substance in casing,Unknown,Water level accuracy is unknown,1,Department of Water Resources,NA,1,Department of Water Resources,1323,1526,24080,46N01W20N002M,46N01W20N002M,Unknown,Unknown,1-003,Butte Valley,Siskiyou,1526,Irrigation,Single Well,GEOL.,1979-10-12 00:00:00 - 2020-04-01 12:00:00,81,spring,NA,NA,28.1,54.1,2006,18010205,Wet,Wet,2005-10-01T00:00:00Z,2006-10-01T00:00:00Z,-122.011,41.8082
418100N1220090W001,679833,2005-10-10T00:00:00Z,4260.33,4259.83,0,47,4213.33,47,46.5,Oil or foreign substance in casing,Unknown,Water level accuracy is unknown,1,Department of Water Resources,NA,1,Department of Water Resources,1323,1526,24080,46N01W20N002M,46N01W20N002M,Unknown,Unknown,1-003,Butte Valley,Siskiyou,1526,Irrigation,Single Well,GEOL.,1979-10-12 00:00:00 - 2020-04-01 12:00:00,81,fall,30.6,56,NA,NA,2006,18010205,Wet,Wet,2005-10-01T00:00:00Z,2006-10-01T00:00:00Z,-122.011,41.8082
418100N1220090W001,679832,2005-04-05T00:00:00Z,4260.33,4259.83,0,43.3,4217.03,43.3,42.8,Oil or foreign substance in casing,Unknown,Water level accuracy is unknown,1,Department of Water Resources,NA,1,Department of Water Resources,1323,1526,24080,46N01W20N002M,46N01W20N002M,Unknown,Unknown,1-003,Butte Valley,Siskiyou,1526,Irrigation,Single Well,GEOL.,1979-10-12 00:00:00 - 2020-04-01 12:00:00,81,spring,NA,NA,28.1,54.1,2005,18010205,Above Normal,Above Normal,2004-10-01T00:00:00Z,2005-10-01T00:00:00Z,-122.011,41.8082
418100N1220090W001,679831,2004-11-02T00:00:00Z,4260.33,4259.83,0,43.6,4216.73,43.6,43.1,Oil or foreign substance in casing,Unknown,Water level accuracy is unknown,1,Department of Water Resources,NA,1,Department of Water Resources,1323,1526,24080,46N01W20N002M,46N01W20N002M,Unknown,Unknown,1-003,Butte Valley,Siskiyou,1526,Irrigation,Single Well,GEOL.,1979-10-12 00:00:00 - 2020-04-01 12:00:00,81,fall,30.6,56,NA,NA,2005,18010205,Above Normal,Above Normal,2004-10-01T00:00:00Z,2005-10-01T00:00:00Z,-122.011,41.8082
418100N1220090W001,679830,2004-03-30T00:00:00Z,4260.33,4259.83,0,42.1,4218.23,42.1,41.6,Oil or foreign substance in casing,Unknown,Water level accuracy is unknown,1,Department of Water Resources,NA,1,Department of Water Resources,1323,1526,24080,46N01W20N002M,46N01W20N002M,Unknown,Unknown,1-003,Butte Valley,Siskiyou,1526,Irrigation,Single Well,GEOL.,1979-10-12 00:00:00 - 2020-04-01 12:00:00,81,spring,NA,NA,28.1,54.1,2004,18010205,Below Normal,Below Normal,2003-10-01T00:00:00Z,2004-10-01T00:00:00Z,-122.011,41.8082
418100N1220090W001,679829,2003-10-20T00:00:00Z,4260.33,4259.83,0,42.1,4218.23,42.1,41.6,Oil or foreign substance in casing,Unknown,Water level accuracy is unknown,1,Department of Water Resources,NA,1,Department of Water Resources,1323,1526,24080,46N01W20N002M,46N01W20N002M,Unknown,Unknown,1-003,Butte Valley,Siskiyou,1526,Irrigation,Single Well,GEOL.,1979-10-12 00:00:00 - 2020-04-01 12:00:00,81,fall,30.6,56,NA,NA,2004,18010205,Below Normal,Below Normal,2003-10-01T00:00:00Z,2004-10-01T00:00:00Z,-122.011,41.8082
418100N1220090W001,679828,2003-04-01T00:00:00Z,4260.33,4259.83,0,42,4218.33,42,41.5,Oil or foreign substance in casing,Unknown,Water level accuracy is unknown,1,Department of Water Resources,NA,1,Department of Water Resources,1323,1526,24080,46N01W20N002M,46N01W20N002M,Unknown,Unknown,1-003,Butte Valley,Siskiyou,1526,Irrigation,Single Well,GEOL.,1979-10-12 00:00:00 - 2020-04-01 12:00:00,81,spring,NA,NA,28.1,54.1,2003,18010205,Below Normal,Below Normal,2002-10-01T00:00:00Z,2003-10-01T00:00:00Z,-122.011,41.8082
418100N1220090W001,679827,2002-10-11T00:00:00Z,4260.33,4259.83,NA,NA,NA,NA,NA,Pumping,NA,NA,1,Department of Water Resources,NA,1,Department of Water Resources,1323,1526,24080,46N01W20N002M,46N01W20N002M,Unknown,Unknown,1-003,Butte Valley,Siskiyou,1526,Irrigation,Single Well,GEOL.,1979-10-12 00:00:00 - 2020-04-01 12:00:00,81,fall,30.6,56,NA,NA,2003,18010205,Below Normal,Below Normal,2002-10-01T00:00:00Z,2003-10-01T00:00:00Z,-122.011,41.8082
418100N1220090W001,679826,2002-03-26T00:00:00Z,4260.33,4259.83,0,40.6,4219.73,40.6,40.1,Oil or foreign substance in casing,Unknown,Water level accuracy is unknown,1,Department of Water Resources,NA,1,Department of Water Resources,1323,1526,24080,46N01W20N002M,46N01W20N002M,Unknown,Unknown,1-003,Butte Valley,Siskiyou,1526,Irrigation,Single Well,GEOL.,1979-10-12 00:00:00 - 2020-04-01 12:00:00,81,spring,NA,NA,28.1,54.1,2002,18010205,Dry,Dry,2001-10-01T00:00:00Z,2002-10-01T00:00:00Z,-122.011,41.8082
418100N1220090W001,679825,2001-10-24T00:00:00Z,4260.33,4259.83,0,40,4220.33,40,39.5,Oil or foreign substance in casing,Unknown,Water level accuracy is unknown,1,Department of Water Resources,NA,1,Department of Water Resources,1323,1526,24080,46N01W20N002M,46N01W20N002M,Unknown,Unknown,1-003,Butte Valley,Siskiyou,1526,Irrigation,Single Well,GEOL.,1979-10-12 00:00:00 - 2020-04-01 12:00:00,81,fall,30.6,56,NA,NA,2002,18010205,Dry,Dry,2001-10-01T00:00:00Z,2002-10-01T00:00:00Z,-122.011,41.8082
418100N1220090W001,679824,2001-04-03T00:00:00Z,4260.33,4259.83,0,37,4223.33,37,36.5,NA,Unknown,Water level accuracy is unknown,1,Department of Water Resources,NA,1,Department of Water Resources,1323,1526,24080,46N01W20N002M,46N01W20N002M,Unknown,Unknown,1-003,Butte Valley,Siskiyou,1526,Irrigation,Single Well,GEOL.,1979-10-12 00:00:00 - 2020-04-01 12:00:00,81,spring,NA,NA,28.1,54.1,2001,18010205,Critical,Critical,2000-10-01T00:00:00Z,2001-10-01T00:00:00Z,-122.011,41.8082
418100N1220090W001,679823,2000-10-10T00:00:00Z,4260.33,4259.83,0,38,4222.33,38,37.5,Oil or foreign substance in casing,Unknown,Water level accuracy is unknown,1,Department of Water Resources,NA,1,Department of Water Resources,1323,1526,24080,46N01W20N002M,46N01W20N002M,Unknown,Unknown,1-003,Butte Valley,Siskiyou,1526,Irrigation,Single Well,GEOL.,1979-10-12 00:00:00 - 2020-04-01 12:00:00,81,fall,30.6,56,NA,NA,2001,18010205,Critical,Critical,2000-10-01T00:00:00Z,2001-10-01T00:00:00Z,-122.011,41.8082
418100N1220090W001,679822,2000-03-22T00:00:00Z,4260.33,4259.83,0,36.5,4223.83,36.5,36,Oil or foreign substance in casing,Unknown,Water level accuracy is unknown,1,Department of Water Resources,NA,1,Department of Water Resources,1323,1526,24080,46N01W20N002M,46N01W20N002M,Unknown,Unknown,1-003,Butte Valley,Siskiyou,1526,Irrigation,Single Well,GEOL.,1979-10-12 00:00:00 - 2020-04-01 12:00:00,81,spring,NA,NA,28.1,54.1,2000,18010205,Above Normal,Above Normal,1999-10-01T00:00:00Z,2000-10-01T00:00:00Z,-122.011,41.8082
418100N1220090W001,679820,1999-10-26T00:00:00Z,4260.33,4259.83,0,38.1,4222.23,38.1,37.6,Oil or foreign substance in casing,Unknown,Water level accuracy is unknown,1,Department of Water Resources,NA,1,Department of Water Resources,1323,1526,24080,46N01W20N002M,46N01W20N002M,Unknown,Unknown,1-003,Butte Valley,Siskiyou,1526,Irrigation,Single Well,GEOL.,1979-10-12 00:00:00 - 2020-04-01 12:00:00,81,fall,30.6,56,NA,NA,2000,18010205,Above Normal,Above Normal,1999-10-01T00:00:00Z,2000-10-01T00:00:00Z,-122.011,41.8082
418100N1220090W001,679821,1999-03-16T00:00:00Z,4260.33,4259.83,0,36.2,4224.13,36.2,35.7,Oil or foreign substance in casing,Unknown,Water level accuracy is unknown,1,Department of Water Resources,NA,1,Department of Water Resources,1323,1526,24080,46N01W20N002M,46N01W20N002M,Unknown,Unknown,1-003,Butte Valley,Siskiyou,1526,Irrigation,Single Well,GEOL.,1979-10-12 00:00:00 - 2020-04-01 12:00:00,81,spring,NA,NA,28.1,54.1,1999,18010205,Wet,Wet,1998-10-01T00:00:00Z,1999-10-01T00:00:00Z,-122.011,41.8082
418100N1220090W001,679819,1998-10-27T00:00:00Z,4260.33,4259.83,0,37.2,4223.13,37.2,36.7,Oil or foreign substance in casing,Unknown,Water level accuracy is unknown,1,Department of Water Resources,NA,1,Department of Water Resources,1323,1526,24080,46N01W20N002M,46N01W20N002M,Unknown,Unknown,1-003,Butte Valley,Siskiyou,1526,Irrigation,Single Well,GEOL.,1979-10-12 00:00:00 - 2020-04-01 12:00:00,81,fall,30.6,56,NA,NA,1999,18010205,Wet,Wet,1998-10-01T00:00:00Z,1999-10-01T00:00:00Z,-122.011,41.8082
418100N1220090W001,679818,1998-03-30T00:00:00Z,4260.33,4259.83,0,39.8,4220.53,39.8,39.3,Oil or foreign substance in casing,Unknown,Water level accuracy is unknown,1,Department of Water Resources,NA,1,Department of Water Resources,1323,1526,24080,46N01W20N002M,46N01W20N002M,Unknown,Unknown,1-003,Butte Valley,Siskiyou,1526,Irrigation,Single Well,GEOL.,1979-10-12 00:00:00 - 2020-04-01 12:00:00,81,spring,NA,NA,28.1,54.1,1998,18010205,Wet,Wet,1997-10-01T00:00:00Z,1998-10-01T00:00:00Z,-122.011,41.8082
418100N1220090W001,679817,1997-10-21T00:00:00Z,4260.33,4259.83,0,41.6,4218.73,41.6,41.1,NA,Unknown,Water level accuracy is unknown,1,Department of Water Resources,NA,1,Department of Water Resources,1323,1526,24080,46N01W20N002M,46N01W20N002M,Unknown,Unknown,1-003,Butte Valley,Siskiyou,1526,Irrigation,Single Well,GEOL.,1979-10-12 00:00:00 - 2020-04-01 12:00:00,81,fall,30.6,56,NA,NA,1998,18010205,Wet,Wet,1997-10-01T00:00:00Z,1998-10-01T00:00:00Z,-122.011,41.8082
418100N1220090W001,679816,1997-03-11T00:00:00Z,4260.33,4259.83,0,40.3,4220.03,40.3,39.8,Oil or foreign substance in casing,Unknown,Water level accuracy is unknown,1,Department of Water Resources,NA,1,Department of Water Resources,1323,1526,24080,46N01W20N002M,46N01W20N002M,Unknown,Unknown,1-003,Butte Valley,Siskiyou,1526,Irrigation,Single Well,GEOL.,1979-10-12 00:00:00 - 2020-04-01 12:00:00,81,spring,NA,NA,28.1,54.1,1997,18010205,Wet,Wet,1996-10-01T00:00:00Z,1997-10-01T00:00:00Z,-122.011,41.8082
418100N1220090W001,679815,1996-10-21T00:00:00Z,4260.33,4259.83,0,41.8,4218.53,41.8,41.3,Oil or foreign substance in casing,Unknown,Water level accuracy is unknown,1,Department of Water Resources,NA,1,Department of Water Resources,1323,1526,24080,46N01W20N002M,46N01W20N002M,Unknown,Unknown,1-003,Butte Valley,Siskiyou,1526,Irrigation,Single Well,GEOL.,1979-10-12 00:00:00 - 2020-04-01 12:00:00,81,fall,30.6,56,NA,NA,1997,18010205,Wet,Wet,1996-10-01T00:00:00Z,1997-10-01T00:00:00Z,-122.011,41.8082
418100N1220090W001,679814,1996-03-26T00:00:00Z,4260.33,4259.83,0,40.4,4219.93,40.4,39.9,Oil or foreign substance in casing,Unknown,Water level accuracy is unknown,1,Department of Water Resources,NA,1,Department of Water Resources,1323,1526,24080,46N01W20N002M,46N01W20N002M,Unknown,Unknown,1-003,Butte Valley,Siskiyou,1526,Irrigation,Single Well,GEOL.,1979-10-12 00:00:00 - 2020-04-01 12:00:00,81,spring,NA,NA,28.1,54.1,1996,18010205,Wet,Wet,1995-10-01T00:00:00Z,1996-10-01T00:00:00Z,-122.011,41.8082
418100N1220090W001,679813,1995-10-17T00:00:00Z,4260.33,4259.83,0,42.3,4218.03,42.3,41.8,Oil or foreign substance in casing,Unknown,Water level accuracy is unknown,1,Department of Water Resources,NA,1,Department of Water Resources,1323,1526,24080,46N01W20N002M,46N01W20N002M,Unknown,Unknown,1-003,Butte Valley,Siskiyou,1526,Irrigation,Single Well,GEOL.,1979-10-12 00:00:00 - 2020-04-01 12:00:00,81,fall,30.6,56,NA,NA,1996,18010205,Wet,Wet,1995-10-01T00:00:00Z,1996-10-01T00:00:00Z,-122.011,41.8082
418100N1220090W001,679812,1995-03-27T00:00:00Z,4260.33,4259.83,0,47.2,4213.13,47.2,46.7,Oil or foreign substance in casing,Unknown,Water level accuracy is unknown,1,Department of Water Resources,NA,1,Department of Water Resources,1323,1526,24080,46N01W20N002M,46N01W20N002M,Unknown,Unknown,1-003,Butte Valley,Siskiyou,1526,Irrigation,Single Well,GEOL.,1979-10-12 00:00:00 - 2020-04-01 12:00:00,81,spring,NA,NA,28.1,54.1,1995,18010205,Wet,Wet,1994-10-01T00:00:00Z,1995-10-01T00:00:00Z,-122.011,41.8082
418100N1220090W001,679811,1994-10-26T00:00:00Z,4260.33,4259.83,0,47.6,4212.73,47.6,47.1,Oil or foreign substance in casing,Unknown,Water level accuracy is unknown,1,Department of Water Resources,NA,1,Department of Water Resources,1323,1526,24080,46N01W20N002M,46N01W20N002M,Unknown,Unknown,1-003,Butte Valley,Siskiyou,1526,Irrigation,Single Well,GEOL.,1979-10-12 00:00:00 - 2020-04-01 12:00:00,81,fall,30.6,56,NA,NA,1995,18010205,Wet,Wet,1994-10-01T00:00:00Z,1995-10-01T00:00:00Z,-122.011,41.8082
418100N1220090W001,679810,1994-03-29T00:00:00Z,4260.33,4259.83,0,45.7,4214.63,45.7,45.2,Oil or foreign substance in casing,Unknown,Water level accuracy is unknown,1,Department of Water Resources,NA,1,Department of Water Resources,1323,1526,24080,46N01W20N002M,46N01W20N002M,Unknown,Unknown,1-003,Butte Valley,Siskiyou,1526,Irrigation,Single Well,GEOL.,1979-10-12 00:00:00 - 2020-04-01 12:00:00,81,spring,NA,NA,28.1,54.1,1994,18010205,Dry,Dry,1993-10-01T00:00:00Z,1994-10-01T00:00:00Z,-122.011,41.8082
418100N1220090W001,679809,1993-10-14T00:00:00Z,4260.33,4259.83,0,45.4,4214.93,45.4,44.9,Oil or foreign substance in casing,Unknown,Water level accuracy is unknown,1,Department of Water Resources,NA,1,Department of Water Resources,1323,1526,24080,46N01W20N002M,46N01W20N002M,Unknown,Unknown,1-003,Butte Valley,Siskiyou,1526,Irrigation,Single Well,GEOL.,1979-10-12 00:00:00 - 2020-04-01 12:00:00,81,fall,30.6,56,NA,NA,1994,18010205,Dry,Dry,1993-10-01T00:00:00Z,1994-10-01T00:00:00Z,-122.011,41.8082
418100N1220090W001,679808,1993-03-16T00:00:00Z,4260.33,4259.83,0,46.4,4213.93,46.4,45.9,Oil or foreign substance in casing,Unknown,Water level accuracy is unknown,1,Department of Water Resources,NA,1,Department of Water Resources,1323,1526,24080,46N01W20N002M,46N01W20N002M,Unknown,Unknown,1-003,Butte Valley,Siskiyou,1526,Irrigation,Single Well,GEOL.,1979-10-12 00:00:00 - 2020-04-01 12:00:00,81,spring,NA,NA,28.1,54.1,1993,18010205,Wet,Wet,1992-10-01T00:00:00Z,1993-10-01T00:00:00Z,-122.011,41.8082
418100N1220090W001,679807,1992-10-19T00:00:00Z,4260.33,4259.83,0,46.2,4214.13,46.2,45.7,Oil or foreign substance in casing,Unknown,Water level accuracy is unknown,1,Department of Water Resources,NA,1,Department of Water Resources,1323,1526,24080,46N01W20N002M,46N01W20N002M,Unknown,Unknown,1-003,Butte Valley,Siskiyou,1526,Irrigation,Single Well,GEOL.,1979-10-12 00:00:00 - 2020-04-01 12:00:00,81,fall,30.6,56,NA,NA,1993,18010205,Wet,Wet,1992-10-01T00:00:00Z,1993-10-01T00:00:00Z,-122.011,41.8082
418100N1220090W001,679806,1992-03-02T00:00:00Z,4260.33,4259.83,0,44.3,4216.03,44.3,43.8,Oil or foreign substance in casing,Unknown,Water level accuracy is unknown,1,Department of Water Resources,NA,1,Department of Water Resources,1323,1526,24080,46N01W20N002M,46N01W20N002M,Unknown,Unknown,1-003,Butte Valley,Siskiyou,1526,Irrigation,Single Well,GEOL.,1979-10-12 00:00:00 - 2020-04-01 12:00:00,81,spring,NA,NA,28.1,54.1,1992,18010205,Critical,Critical,1991-10-01T00:00:00Z,1992-10-01T00:00:00Z,-122.011,41.8082
418100N1220090W001,679805,1991-09-30T00:00:00Z,4260.33,4259.83,0,43.9,4216.43,43.9,43.4,Oil or foreign substance in casing,Unknown,Water level accuracy is unknown,1,Department of Water Resources,NA,1,Department of Water Resources,1323,1526,24080,46N01W20N002M,46N01W20N002M,Unknown,Unknown,1-003,Butte Valley,Siskiyou,1526,Irrigation,Single Well,GEOL.,1979-10-12 00:00:00 - 2020-04-01 12:00:00,81,fall,30.6,56,NA,NA,1991,18010205,Critical,Critical,1990-10-01T00:00:00Z,1991-10-01T00:00:00Z,-122.011,41.8082
418100N1220090W001,679804,1991-03-20T00:00:00Z,4260.33,4259.83,0,41.1,4219.23,41.1,40.6,Oil or foreign substance in casing,Unknown,Water level accuracy is unknown,1,Department of Water Resources,NA,1,Department of Water Resources,1323,1526,24080,46N01W20N002M,46N01W20N002M,Unknown,Unknown,1-003,Butte Valley,Siskiyou,1526,Irrigation,Single Well,GEOL.,1979-10-12 00:00:00 - 2020-04-01 12:00:00,81,spring,NA,NA,28.1,54.1,1991,18010205,Critical,Critical,1990-10-01T00:00:00Z,1991-10-01T00:00:00Z,-122.011,41.8082
418100N1220090W001,679803,1990-10-01T00:00:00Z,4260.33,4259.83,0,41.9,4218.43,41.9,41.4,Oil or foreign substance in casing,Unknown,Water level accuracy is unknown,1,Department of Water Resources,NA,1,Department of Water Resources,1323,1526,24080,46N01W20N002M,46N01W20N002M,Unknown,Unknown,1-003,Butte Valley,Siskiyou,1526,Irrigation,Single Well,GEOL.,1979-10-12 00:00:00 - 2020-04-01 12:00:00,81,fall,30.6,56,NA,NA,1991,18010205,Critical,Critical,1990-10-01T00:00:00Z,1991-10-01T00:00:00Z,-122.011,41.8082
418100N1220090W001,679802,1990-03-20T00:00:00Z,4260.33,4259.83,0,40.1,4220.23,40.1,39.6,Oil or foreign substance in casing,Unknown,Water level accuracy is unknown,1,Department of Water Resources,NA,1,Department of Water Resources,1323,1526,24080,46N01W20N002M,46N01W20N002M,Unknown,Unknown,1-003,Butte Valley,Siskiyou,1526,Irrigation,Single Well,GEOL.,1979-10-12 00:00:00 - 2020-04-01 12:00:00,81,spring,NA,NA,28.1,54.1,1990,18010205,Below Normal,Below Normal,1989-10-01T00:00:00Z,1990-10-01T00:00:00Z,-122.011,41.8082
418100N1220090W001,679801,1989-10-04T00:00:00Z,4260.33,4259.83,0,40.4,4219.93,40.4,39.9,Oil or foreign substance in casing,Unknown,Water level accuracy is unknown,1,Department of Water Resources,NA,1,Department of Water Resources,1323,1526,24080,46N01W20N002M,46N01W20N002M,Unknown,Unknown,1-003,Butte Valley,Siskiyou,1526,Irrigation,Single Well,GEOL.,1979-10-12 00:00:00 - 2020-04-01 12:00:00,81,fall,30.6,56,NA,NA,1990,18010205,Below Normal,Below Normal,1989-10-01T00:00:00Z,1990-10-01T00:00:00Z,-122.011,41.8082
418100N1220090W001,679800,1989-03-22T00:00:00Z,4260.33,4259.83,0,38.6,4221.73,38.6,38.1,Oil or foreign substance in casing,Unknown,Water level accuracy is unknown,1,Department of Water Resources,NA,1,Department of Water Resources,1323,1526,24080,46N01W20N002M,46N01W20N002M,Unknown,Unknown,1-003,Butte Valley,Siskiyou,1526,Irrigation,Single Well,GEOL.,1979-10-12 00:00:00 - 2020-04-01 12:00:00,81,spring,NA,NA,28.1,54.1,1989,18010205,Below Normal,Below Normal,1988-10-01T00:00:00Z,1989-10-01T00:00:00Z,-122.011,41.8082
418100N1220090W001,679799,1988-10-24T00:00:00Z,4260.33,4259.83,0,39.4,4220.93,39.4,38.9,Oil or foreign substance in casing,Unknown,Water level accuracy is unknown,1,Department of Water Resources,NA,1,Department of Water Resources,1323,1526,24080,46N01W20N002M,46N01W20N002M,Unknown,Unknown,1-003,Butte Valley,Siskiyou,1526,Irrigation,Single Well,GEOL.,1979-10-12 00:00:00 - 2020-04-01 12:00:00,81,fall,30.6,56,NA,NA,1989,18010205,Below Normal,Below Normal,1988-10-01T00:00:00Z,1989-10-01T00:00:00Z,-122.011,41.8082
418100N1220090W001,679798,1988-03-23T00:00:00Z,4260.33,4259.83,0,36.9,4223.43,36.9,36.4,Oil or foreign substance in casing,Unknown,Water level accuracy is unknown,1,Department of Water Resources,NA,1,Department of Water Resources,1323,1526,24080,46N01W20N002M,46N01W20N002M,Unknown,Unknown,1-003,Butte Valley,Siskiyou,1526,Irrigation,Single Well,GEOL.,1979-10-12 00:00:00 - 2020-04-01 12:00:00,81,spring,NA,NA,28.1,54.1,1988,18010205,Critical,Critical,1987-10-01T00:00:00Z,1988-10-01T00:00:00Z,-122.011,41.8082
418100N1220090W001,679797,1987-10-20T00:00:00Z,4260.33,4259.83,0,39.1,4221.23,39.1,38.6,Oil or foreign substance in casing,Unknown,Water level accuracy is unknown,1,Department of Water Resources,NA,1,Department of Water Resources,1323,1526,24080,46N01W20N002M,46N01W20N002M,Unknown,Unknown,1-003,Butte Valley,Siskiyou,1526,Irrigation,Single Well,GEOL.,1979-10-12 00:00:00 - 2020-04-01 12:00:00,81,fall,30.6,56,NA,NA,1988,18010205,Critical,Critical,1987-10-01T00:00:00Z,1988-10-01T00:00:00Z,-122.011,41.8082
418100N1220090W001,679796,1987-04-21T00:00:00Z,4260.33,4259.83,0,34.3,4226.03,34.3,33.8,Oil or foreign substance in casing,Unknown,Water level accuracy is unknown,1,Department of Water Resources,NA,1,Department of Water Resources,1323,1526,24080,46N01W20N002M,46N01W20N002M,Unknown,Unknown,1-003,Butte Valley,Siskiyou,1526,Irrigation,Single Well,GEOL.,1979-10-12 00:00:00 - 2020-04-01 12:00:00,81,spring,NA,NA,28.1,54.1,1987,18010205,Critical,Critical,1986-10-01T00:00:00Z,1987-10-01T00:00:00Z,-122.011,41.8082
418100N1220090W001,679795,1986-04-29T00:00:00Z,4260.33,4259.83,0,31.6,4228.73,31.6,31.1,Oil or foreign substance in casing,Unknown,Water level accuracy is unknown,1,Department of Water Resources,NA,624,Bureau of Reclamation,1323,1526,24080,46N01W20N002M,46N01W20N002M,Unknown,Unknown,1-003,Butte Valley,Siskiyou,1526,Irrigation,Single Well,GEOL.,1979-10-12 00:00:00 - 2020-04-01 12:00:00,81,spring,NA,NA,28.1,54.1,1986,18010205,Above Normal,Above Normal,1985-10-01T00:00:00Z,1986-10-01T00:00:00Z,-122.011,41.8082
418100N1220090W001,679794,1985-10-16T00:00:00Z,4260.33,4259.83,0,33.3,4227.03,33.3,32.8,Oil or foreign substance in casing,Unknown,Water level accuracy is unknown,1,Department of Water Resources,NA,624,Bureau of Reclamation,1323,1526,24080,46N01W20N002M,46N01W20N002M,Unknown,Unknown,1-003,Butte Valley,Siskiyou,1526,Irrigation,Single Well,GEOL.,1979-10-12 00:00:00 - 2020-04-01 12:00:00,81,fall,30.6,56,NA,NA,1986,18010205,Above Normal,Above Normal,1985-10-01T00:00:00Z,1986-10-01T00:00:00Z,-122.011,41.8082
418100N1220090W001,679793,1985-04-15T00:00:00Z,4260.33,4259.83,NA,NA,NA,NA,NA,Tape hung up,NA,NA,1,Department of Water Resources,NA,624,Bureau of Reclamation,1323,1526,24080,46N01W20N002M,46N01W20N002M,Unknown,Unknown,1-003,Butte Valley,Siskiyou,1526,Irrigation,Single Well,GEOL.,1979-10-12 00:00:00 - 2020-04-01 12:00:00,81,spring,NA,NA,28.1,54.1,1985,18010205,Dry,Dry,1984-10-01T00:00:00Z,1985-10-01T00:00:00Z,-122.011,41.8082
418100N1220090W001,679792,1984-10-25T00:00:00Z,4260.33,4259.83,0,31.4,4228.93,31.4,30.9,Oil or foreign substance in casing,Unknown,Water level accuracy is unknown,1,Department of Water Resources,NA,624,Bureau of Reclamation,1323,1526,24080,46N01W20N002M,46N01W20N002M,Unknown,Unknown,1-003,Butte Valley,Siskiyou,1526,Irrigation,Single Well,GEOL.,1979-10-12 00:00:00 - 2020-04-01 12:00:00,81,fall,30.6,56,NA,NA,1985,18010205,Dry,Dry,1984-10-01T00:00:00Z,1985-10-01T00:00:00Z,-122.011,41.8082
418100N1220090W001,679791,1983-10-14T00:00:00Z,4260.33,4259.83,0,31.1,4229.23,31.1,30.6,Oil or foreign substance in casing,Unknown,Water level accuracy is unknown,1,Department of Water Resources,NA,624,Bureau of Reclamation,1323,1526,24080,46N01W20N002M,46N01W20N002M,Unknown,Unknown,1-003,Butte Valley,Siskiyou,1526,Irrigation,Single Well,GEOL.,1979-10-12 00:00:00 - 2020-04-01 12:00:00,81,fall,30.6,56,NA,NA,1984,18010205,Wet,Wet,1983-10-01T00:00:00Z,1984-10-01T00:00:00Z,-122.011,41.8082
418100N1220090W001,679790,1983-05-11T00:00:00Z,4260.33,4259.83,0,31.8,4228.53,31.8,31.3,Oil or foreign substance in casing,Unknown,Water level accuracy is unknown,1,Department of Water Resources,NA,624,Bureau of Reclamation,1323,1526,24080,46N01W20N002M,46N01W20N002M,Unknown,Unknown,1-003,Butte Valley,Siskiyou,1526,Irrigation,Single Well,GEOL.,1979-10-12 00:00:00 - 2020-04-01 12:00:00,81,spring,NA,NA,28.1,54.1,1983,18010205,Wet,Wet,1982-10-01T00:00:00Z,1983-10-01T00:00:00Z,-122.011,41.8082
418100N1220090W001,679789,1983-04-16T00:00:00Z,4260.33,4259.83,0,28.6,4231.73,28.6,28.1,Oil or foreign substance in casing,Unknown,Water level accuracy is unknown,1,Department of Water Resources,NA,624,Bureau of Reclamation,1323,1526,24080,46N01W20N002M,46N01W20N002M,Unknown,Unknown,1-003,Butte Valley,Siskiyou,1526,Irrigation,Single Well,GEOL.,1979-10-12 00:00:00 - 2020-04-01 12:00:00,81,spring,NA,NA,28.1,54.1,1983,18010205,Wet,Wet,1982-10-01T00:00:00Z,1983-10-01T00:00:00Z,-122.011,41.8082
418100N1220090W001,679788,1982-10-25T00:00:00Z,4260.33,4259.83,0,35.6,4224.73,35.6,35.1,Oil or foreign substance in casing,Unknown,Water level accuracy is unknown,1,Department of Water Resources,NA,624,Bureau of Reclamation,1323,1526,24080,46N01W20N002M,46N01W20N002M,Unknown,Unknown,1-003,Butte Valley,Siskiyou,1526,Irrigation,Single Well,GEOL.,1979-10-12 00:00:00 - 2020-04-01 12:00:00,81,fall,30.6,56,NA,NA,1983,18010205,Wet,Wet,1982-10-01T00:00:00Z,1983-10-01T00:00:00Z,-122.011,41.8082
418100N1220090W001,679787,1982-04-21T00:00:00Z,4260.33,4259.83,0,35.6,4224.73,35.6,35.1,Oil or foreign substance in casing,Unknown,Water level accuracy is unknown,1,Department of Water Resources,NA,624,Bureau of Reclamation,1323,1526,24080,46N01W20N002M,46N01W20N002M,Unknown,Unknown,1-003,Butte Valley,Siskiyou,1526,Irrigation,Single Well,GEOL.,1979-10-12 00:00:00 - 2020-04-01 12:00:00,81,spring,NA,NA,28.1,54.1,1982,18010205,Wet,Wet,1981-10-01T00:00:00Z,1982-10-01T00:00:00Z,-122.011,41.8082
418100N1220090W001,679786,1981-10-15T00:00:00Z,4260.33,4259.83,0,34.9,4225.43,34.9,34.4,NA,Unknown,Water level accuracy is unknown,1,Department of Water Resources,NA,624,Bureau of Reclamation,1323,1526,24080,46N01W20N002M,46N01W20N002M,Unknown,Unknown,1-003,Butte Valley,Siskiyou,1526,Irrigation,Single Well,GEOL.,1979-10-12 00:00:00 - 2020-04-01 12:00:00,81,fall,30.6,56,NA,NA,1982,18010205,Wet,Wet,1981-10-01T00:00:00Z,1982-10-01T00:00:00Z,-122.011,41.8082
418100N1220090W001,679785,1981-04-24T00:00:00Z,4260.33,4259.83,0,37.1,4223.23,37.1,36.6,NA,Unknown,Water level accuracy is unknown,1,Department of Water Resources,NA,624,Bureau of Reclamation,1323,1526,24080,46N01W20N002M,46N01W20N002M,Unknown,Unknown,1-003,Butte Valley,Siskiyou,1526,Irrigation,Single Well,GEOL.,1979-10-12 00:00:00 - 2020-04-01 12:00:00,81,spring,NA,NA,28.1,54.1,1981,18010205,Below Normal,Below Normal,1980-10-01T00:00:00Z,1981-10-01T00:00:00Z,-122.011,41.8082
418100N1220090W001,679784,1980-10-24T00:00:00Z,4260.33,4259.83,0,39.7,4220.63,39.7,39.2,Oil or foreign substance in casing,Unknown,Water level accuracy is unknown,1,Department of Water Resources,NA,624,Bureau of Reclamation,1323,1526,24080,46N01W20N002M,46N01W20N002M,Unknown,Unknown,1-003,Butte Valley,Siskiyou,1526,Irrigation,Single Well,GEOL.,1979-10-12 00:00:00 - 2020-04-01 12:00:00,81,fall,30.6,56,NA,NA,1981,18010205,Below Normal,Below Normal,1980-10-01T00:00:00Z,1981-10-01T00:00:00Z,-122.011,41.8082
418100N1220090W001,679783,1980-04-17T00:00:00Z,4260.33,4259.83,0,32.1,4228.23,32.1,31.6,Oil or foreign substance in casing,Unknown,Water level accuracy is unknown,1,Department of Water Resources,NA,624,Bureau of Reclamation,1323,1526,24080,46N01W20N002M,46N01W20N002M,Unknown,Unknown,1-003,Butte Valley,Siskiyou,1526,Irrigation,Single Well,GEOL.,1979-10-12 00:00:00 - 2020-04-01 12:00:00,81,spring,NA,NA,28.1,54.1,1980,18010205,Above Normal,Above Normal,1979-10-01T00:00:00Z,1980-10-01T00:00:00Z,-122.011,41.8082
418100N1220090W001,679782,1979-10-12T00:00:00Z,4260.33,4259.83,0,36.4,4223.93,36.4,35.9,NA,Unknown,Water level accuracy is unknown,1,Department of Water Resources,NA,624,Bureau of Reclamation,1323,1526,24080,46N01W20N002M,46N01W20N002M,Unknown,Unknown,1-003,Butte Valley,Siskiyou,1526,Irrigation,Single Well,GEOL.,1979-10-12 00:00:00 - 2020-04-01 12:00:00,81,fall,30.6,56,NA,NA,1980,18010205,Above Normal,Above Normal,1979-10-01T00:00:00Z,1980-10-01T00:00:00Z,-122.011,41.8082
