SITE_CODE,WLM_ID,MSMT_DATE,WLM_RPE,WLM_GSE,RDNG_WS,RDNG_RP,WSE,RPE_WSE,GSE_WSE,WLM_QA_DESC,WLM_DESC,WLM_ACC_DESC,WLM_ORG_ID,WLM_ORG_NAME,MSMT_CMT,COOP_AGENCY_ORG_ID,COOP_ORG_NAME,TOP_PRF,BOT_PRF,STN_ID,SWN,WELL_NAME,WLM_METHOD,WLM_ACC,BASIN_CODE,BASIN_NAME,COUNTY_NAME,WELL_DEPTH,WELL_USE,WELL_TYPE,WCR_NO,t_range,n_samples,season,fall_high,fall_low,spring_high,spring_low,water_year,Oct.Mar,Apr.Jul,WYsum,Index,water_year_type,region,water_year_start,water_year_end,X,Y
418225N1220333W001,2553025,2020-03-26T00:00:00Z,4229.25,4229,0,45.24,4184.01,45.24,44.99,NA,Acoustic or sonic sounder,Water level accuracy to nearest hundredth of a foot,5109,Siskiyou County Natural Resource Department,NA,5109,Siskiyou County Natural Resource Department,NA,NA,49275,NA,BV03,GPS,20 ft.,1-003,Butte Valley,Siskiyou,NA,Irrigation,Single Well,NA,2013-04-12 13:00:00 - 2020-03-26 00:00:00,15,spring,NA,NA,41.792,49.57,2020,NA,NA,NA,NA,NA,NA,2019-10-01T00:00:00Z,2020-10-01T00:00:00Z,-122.033,41.8225
418225N1220333W001,2491174,2019-10-30T00:00:00Z,4229.25,4229,0,60.2,4169.05,60.2,59.95,NA,Acoustic or sonic sounder,Water level accuracy to nearest tenth of a foot,5109,Siskiyou County Natural Resource Department,NA,5109,Siskiyou County Natural Resource Department,NA,NA,49275,NA,BV03,GPS,20 ft.,1-003,Butte Valley,Siskiyou,NA,Irrigation,Single Well,NA,2013-04-12 13:00:00 - 2020-03-26 00:00:00,15,fall,59.45,69.5,NA,NA,2020,NA,NA,NA,NA,NA,NA,2019-10-01T00:00:00Z,2020-10-01T00:00:00Z,-122.033,41.8225
418225N1220333W001,2468049,2019-03-27T00:00:00Z,4229.25,4229,NA,NA,NA,NA,NA,Pumping,NA,NA,5109,Siskiyou County Natural Resource Department,NA,5109,Siskiyou County Natural Resource Department,NA,NA,49275,NA,BV03,GPS,20 ft.,1-003,Butte Valley,Siskiyou,NA,Irrigation,Single Well,NA,2013-04-12 13:00:00 - 2020-03-26 00:00:00,15,spring,NA,NA,41.792,49.57,2019,13.11,10.66,24.77,10.34,Wet,SAC,2018-10-01T00:00:00Z,2019-10-01T00:00:00Z,-122.033,41.8225
418225N1220333W001,2414119,2018-10-30T00:00:00Z,4229.25,4229,0,59.7,4169.55,59.7,59.45,NA,Acoustic or sonic sounder,Water level accuracy to nearest hundredth of a foot,5109,Siskiyou County Natural Resource Department,NA,5109,Siskiyou County Natural Resource Department,NA,NA,49275,NA,BV03,GPS,20 ft.,1-003,Butte Valley,Siskiyou,NA,Irrigation,Single Well,NA,2013-04-12 13:00:00 - 2020-03-26 00:00:00,15,fall,59.45,69.5,NA,NA,2019,13.11,10.66,24.77,10.34,Wet,SAC,2018-10-01T00:00:00Z,2019-10-01T00:00:00Z,-122.033,41.8225
418225N1220333W001,2294925,2018-03-23T11:15:00Z,4229.25,4229,0,42.14,4187.11,42.14,41.89,NA,Acoustic or sonic sounder,Water level accuracy is unknown,5109,Siskiyou County Natural Resource Department,NA,5109,Siskiyou County Natural Resource Department,NA,NA,49275,NA,BV03,GPS,20 ft.,1-003,Butte Valley,Siskiyou,NA,Irrigation,Single Well,NA,2013-04-12 13:00:00 - 2020-03-26 00:00:00,15,spring,NA,NA,41.792,49.57,2018,7.09,5.05,12.86,7.14,Below Normal,SAC,2017-10-01T00:00:00Z,2018-10-01T00:00:00Z,-122.033,41.8225
418225N1220333W001,2268220,2017-10-20T10:40:00Z,4229.25,4229,0,61.5,4167.75,61.5,61.25,NA,Acoustic or sonic sounder,Water level accuracy is unknown,5109,Siskiyou County Natural Resource Department,NA,5109,Siskiyou County Natural Resource Department,NA,NA,49275,NA,BV03,GPS,20 ft.,1-003,Butte Valley,Siskiyou,NA,Irrigation,Single Well,NA,2013-04-12 13:00:00 - 2020-03-26 00:00:00,15,fall,59.45,69.5,NA,NA,2018,7.09,5.05,12.86,7.14,Below Normal,SAC,2017-10-01T00:00:00Z,2018-10-01T00:00:00Z,-122.033,41.8225
418225N1220333W001,2235239,2017-03-22T10:35:00Z,4229.25,4229,0,49.61,4179.64,49.61,49.36,NA,Acoustic or sonic sounder,Water level accuracy is unknown,5109,Siskiyou County Natural Resource Department,NA,5109,Siskiyou County Natural Resource Department,NA,NA,49275,NA,BV03,GPS,20 ft.,1-003,Butte Valley,Siskiyou,NA,Irrigation,Single Well,NA,2013-04-12 13:00:00 - 2020-03-26 00:00:00,15,spring,NA,NA,41.792,49.57,2017,26.17,10.69,37.82,14.14,Wet,SAC,2016-10-01T00:00:00Z,2017-10-01T00:00:00Z,-122.033,41.8225
418225N1220333W001,2213836,2016-10-20T11:00:00Z,4229.25,4229,0,69.52,4159.73,69.52,69.27,NA,Acoustic or sonic sounder,Water level accuracy is unknown,5109,Siskiyou County Natural Resource Department,NA,5109,Siskiyou County Natural Resource Department,NA,NA,49275,NA,BV03,GPS,20 ft.,1-003,Butte Valley,Siskiyou,NA,Irrigation,Single Well,NA,2013-04-12 13:00:00 - 2020-03-26 00:00:00,15,fall,59.45,69.5,NA,NA,2017,26.17,10.69,37.82,14.14,Wet,SAC,2016-10-01T00:00:00Z,2017-10-01T00:00:00Z,-122.033,41.8225
418225N1220333W001,2196736,2016-04-27T11:30:00Z,4229.25,4229,0,49.61,4179.64,49.61,49.36,NA,Electric sounder measurement,Water level accuracy to nearest hundredth of a foot,5109,Siskiyou County Natural Resource Department,NA,5109,Siskiyou County Natural Resource Department,NA,NA,49275,NA,BV03,GPS,20 ft.,1-003,Butte Valley,Siskiyou,NA,Irrigation,Single Well,NA,2013-04-12 13:00:00 - 2020-03-26 00:00:00,15,spring,NA,NA,41.792,49.57,2016,12.24,4.6,17.48,6.71,Below Normal,SAC,2015-10-01T00:00:00Z,2016-10-01T00:00:00Z,-122.033,41.8225
418225N1220333W001,2157219,2015-10-20T11:05:00Z,4229.25,4229,0,69.75,4159.5,69.75,69.5,NA,Electric sounder measurement,Water level accuracy to nearest hundredth of a foot,5109,Siskiyou County Natural Resource Department,NA,5109,Siskiyou County Natural Resource Department,NA,NA,49275,NA,BV03,GPS,20 ft.,1-003,Butte Valley,Siskiyou,NA,Irrigation,Single Well,NA,2013-04-12 13:00:00 - 2020-03-26 00:00:00,15,fall,59.45,69.5,NA,NA,2016,12.24,4.6,17.48,6.71,Below Normal,SAC,2015-10-01T00:00:00Z,2016-10-01T00:00:00Z,-122.033,41.8225
418225N1220333W001,2137670,2015-04-30T10:40:00Z,4229.25,4229,0,49.82,4179.43,49.82,49.57,NA,Electric sounder measurement,Water level accuracy to nearest hundredth of a foot,5109,Siskiyou County Natural Resource Department,NA,5109,Siskiyou County Natural Resource Department,NA,NA,49275,NA,BV03,GPS,20 ft.,1-003,Butte Valley,Siskiyou,NA,Irrigation,Single Well,NA,2013-04-12 13:00:00 - 2020-03-26 00:00:00,15,spring,NA,NA,41.792,49.57,2015,6.91,1.77,9.23,4,Critical,SAC,2014-10-01T00:00:00Z,2015-10-01T00:00:00Z,-122.033,41.8225
418225N1220333W001,2029350,2014-10-14T11:30:00Z,4229.25,4229,0,68.4,4160.85,68.4,68.15,NA,Electric sounder measurement,Water level accuracy to nearest hundredth of a foot,5109,Siskiyou County Natural Resource Department,NA,5109,Siskiyou County Natural Resource Department,NA,NA,49275,NA,BV03,GPS,20 ft.,1-003,Butte Valley,Siskiyou,NA,Irrigation,Single Well,NA,2013-04-12 13:00:00 - 2020-03-26 00:00:00,15,fall,59.45,69.5,NA,NA,2015,6.91,1.77,9.23,4,Critical,SAC,2014-10-01T00:00:00Z,2015-10-01T00:00:00Z,-122.033,41.8225
418225N1220333W001,1897094,2014-04-09T10:35:00Z,4229.25,4229,0,45.38,4183.87,45.38,45.13,NA,Electric sounder measurement,Water level accuracy to nearest hundredth of a foot,5109,Siskiyou County Natural Resource Department,NA,5109,Siskiyou County Natural Resource Department,NA,NA,49275,NA,BV03,GPS,20 ft.,1-003,Butte Valley,Siskiyou,NA,Irrigation,Single Well,NA,2013-04-12 13:00:00 - 2020-03-26 00:00:00,15,spring,NA,NA,41.792,49.57,2014,4.29,2.59,7.46,4.07,Critical,SAC,2013-10-01T00:00:00Z,2014-10-01T00:00:00Z,-122.033,41.8225
418225N1220333W001,1796973,2013-10-22T11:25:00Z,4229.25,4229,0,65.229,4164.02,65.229,64.979,NA,Electric sounder measurement,Water level accuracy to nearest hundredth of a foot,5109,Siskiyou County Natural Resource Department,Measurement in feet.,5109,Siskiyou County Natural Resource Department,NA,NA,49275,NA,BV03,GPS,20 ft.,1-003,Butte Valley,Siskiyou,NA,Irrigation,Single Well,NA,2013-04-12 13:00:00 - 2020-03-26 00:00:00,15,fall,59.45,69.5,NA,NA,2014,4.29,2.59,7.46,4.07,Critical,SAC,2013-10-01T00:00:00Z,2014-10-01T00:00:00Z,-122.033,41.8225
418225N1220333W001,1703363,2013-04-12T13:00:00Z,4229.25,4229,0,42.042,4187.21,42.042,41.792,NA,Electric sounder measurement,Water level accuracy to nearest hundredth of a foot,5109,Siskiyou County Natural Resource Department,Measurement in feet.,5109,Siskiyou County Natural Resource Department,NA,NA,49275,NA,BV03,GPS,20 ft.,1-003,Butte Valley,Siskiyou,NA,Irrigation,Single Well,NA,2013-04-12 13:00:00 - 2020-03-26 00:00:00,15,spring,NA,NA,41.792,49.57,2013,8.52,3.01,12.19,5.83,Dry,SAC,2012-10-01T00:00:00Z,2013-10-01T00:00:00Z,-122.033,41.8225
