SITE_CODE,WLM_ID,MSMT_DATE,WLM_RPE,WLM_GSE,RDNG_WS,RDNG_RP,WSE,RPE_WSE,GSE_WSE,WLM_QA_DESC,WLM_DESC,WLM_ACC_DESC,WLM_ORG_ID,WLM_ORG_NAME,MSMT_CMT,COOP_AGENCY_ORG_ID,COOP_ORG_NAME,TOP_PRF,BOT_PRF,STN_ID,SWN,WELL_NAME,WLM_METHOD,WLM_ACC,BASIN_CODE,BASIN_NAME,COUNTY_NAME,WELL_DEPTH,WELL_USE,WELL_TYPE,WCR_NO,t_range,n_samples,season,fall_high,fall_low,spring_high,spring_low,water_year,Oct.Mar,Apr.Jul,WYsum,Index,water_year_type,region,water_year_start,water_year_end,X,Y
418226N1220249W001,2619112,2020-04-01T12:00:00Z,4251.32,4250.82,20,65,4206.32,45,44.5,Oil or foreign substance in casing,Steel tape measurement,Water level accuracy to nearest tenth of a foot,1,Department of Water Resources,NA,1,Department of Water Resources,NA,NA,24078,46N01W18Q001M,46N01W18Q001M,Unknown,Unknown,1-003,Butte Valley,Siskiyou,142,Irrigation,Single Well,43,1971-06-30 00:00:00 - 2020-04-01 12:00:00,85,spring,NA,NA,14.7,55.2,2020,NA,NA,NA,NA,NA,NA,2019-10-01T00:00:00Z,2020-10-01T00:00:00Z,-122.025,41.8225
418226N1220249W001,2453066,2019-04-03T12:00:00Z,4251.32,4250.82,15.1,60,4206.42,44.9,44.4,NA,Steel tape measurement,Water level accuracy to nearest tenth of a foot,1,Department of Water Resources,NA,1,Department of Water Resources,NA,NA,24078,46N01W18Q001M,46N01W18Q001M,Unknown,Unknown,1-003,Butte Valley,Siskiyou,142,Irrigation,Single Well,43,1971-06-30 00:00:00 - 2020-04-01 12:00:00,85,spring,NA,NA,14.7,55.2,2019,13.11,10.66,24.77,10.34,Wet,SAC,2018-10-01T00:00:00Z,2019-10-01T00:00:00Z,-122.025,41.8225
418226N1220249W001,2413557,2018-10-30T12:00:00Z,4251.32,4250.82,3.9,80,4175.22,76.1,75.6,NA,Steel tape measurement,Water level accuracy to nearest tenth of a foot,1,Department of Water Resources,NA,1,Department of Water Resources,NA,NA,24078,46N01W18Q001M,46N01W18Q001M,Unknown,Unknown,1-003,Butte Valley,Siskiyou,142,Irrigation,Single Well,43,1971-06-30 00:00:00 - 2020-04-01 12:00:00,85,fall,18.8,84.1,NA,NA,2019,13.11,10.66,24.77,10.34,Wet,SAC,2018-10-01T00:00:00Z,2019-10-01T00:00:00Z,-122.025,41.8225
418226N1220249W001,2286506,2018-03-29T12:00:00Z,4251.32,4250.82,21.2,65,4207.52,43.8,43.3,NA,Steel tape measurement,Water level accuracy to nearest tenth of a foot,1,Department of Water Resources,NA,1,Department of Water Resources,NA,NA,24078,46N01W18Q001M,46N01W18Q001M,Unknown,Unknown,1-003,Butte Valley,Siskiyou,142,Irrigation,Single Well,43,1971-06-30 00:00:00 - 2020-04-01 12:00:00,85,spring,NA,NA,14.7,55.2,2018,7.09,5.05,12.86,7.14,Below Normal,SAC,2017-10-01T00:00:00Z,2018-10-01T00:00:00Z,-122.025,41.8225
418226N1220249W001,2266633,2017-10-17T12:00:00Z,4251.32,4250.82,22.6,90,4183.92,67.4,66.9,NA,Steel tape measurement,Water level accuracy to nearest tenth of a foot,1,Department of Water Resources,NA,1,Department of Water Resources,NA,NA,24078,46N01W18Q001M,46N01W18Q001M,Unknown,Unknown,1-003,Butte Valley,Siskiyou,142,Irrigation,Single Well,43,1971-06-30 00:00:00 - 2020-04-01 12:00:00,85,fall,18.8,84.1,NA,NA,2018,7.09,5.05,12.86,7.14,Below Normal,SAC,2017-10-01T00:00:00Z,2018-10-01T00:00:00Z,-122.025,41.8225
418226N1220249W001,2241611,2017-03-23T12:00:00Z,4251.32,4250.82,3.2,55,4199.52,51.8,51.3,NA,Steel tape measurement,Water level accuracy to nearest tenth of a foot,1,Department of Water Resources,NA,1,Department of Water Resources,NA,NA,24078,46N01W18Q001M,46N01W18Q001M,Unknown,Unknown,1-003,Butte Valley,Siskiyou,142,Irrigation,Single Well,43,1971-06-30 00:00:00 - 2020-04-01 12:00:00,85,spring,NA,NA,14.7,55.2,2017,26.17,10.69,37.82,14.14,Wet,SAC,2016-10-01T00:00:00Z,2017-10-01T00:00:00Z,-122.025,41.8225
418226N1220249W001,2214902,2016-10-20T12:00:00Z,4251.32,4250.82,5.4,90,4166.72,84.6,84.1,NA,Steel tape measurement,Water level accuracy to nearest tenth of a foot,1,Department of Water Resources,NA,1,Department of Water Resources,NA,NA,24078,46N01W18Q001M,46N01W18Q001M,Unknown,Unknown,1-003,Butte Valley,Siskiyou,142,Irrigation,Single Well,43,1971-06-30 00:00:00 - 2020-04-01 12:00:00,85,fall,18.8,84.1,NA,NA,2017,26.17,10.69,37.82,14.14,Wet,SAC,2016-10-01T00:00:00Z,2017-10-01T00:00:00Z,-122.025,41.8225
418226N1220249W001,2184890,2016-03-22T12:00:00Z,4251.32,4250.82,16.3,72,4195.62,55.7,55.2,NA,Steel tape measurement,Water level accuracy to nearest tenth of a foot,1,Department of Water Resources,NA,1,Department of Water Resources,NA,NA,24078,46N01W18Q001M,46N01W18Q001M,Unknown,Unknown,1-003,Butte Valley,Siskiyou,142,Irrigation,Single Well,43,1971-06-30 00:00:00 - 2020-04-01 12:00:00,85,spring,NA,NA,14.7,55.2,2016,12.24,4.6,17.48,6.71,Below Normal,SAC,2015-10-01T00:00:00Z,2016-10-01T00:00:00Z,-122.025,41.8225
418226N1220249W001,2158514,2015-10-19T00:00:00Z,4251.32,4250.82,18,90,4179.32,72,71.5,NA,Steel tape measurement,Water level accuracy to nearest tenth of a foot,1,Department of Water Resources,NA,1,Department of Water Resources,NA,NA,24078,46N01W18Q001M,46N01W18Q001M,Unknown,Unknown,1-003,Butte Valley,Siskiyou,142,Irrigation,Single Well,43,1971-06-30 00:00:00 - 2020-04-01 12:00:00,85,fall,18.8,84.1,NA,NA,2016,12.24,4.6,17.48,6.71,Below Normal,SAC,2015-10-01T00:00:00Z,2016-10-01T00:00:00Z,-122.025,41.8225
418226N1220249W001,2130471,2015-03-23T00:00:00Z,4251.32,4250.82,15.4,69,4197.72,53.6,53.1,NA,Steel tape measurement,Water level accuracy to nearest tenth of a foot,1,Department of Water Resources,NA,1,Department of Water Resources,NA,NA,24078,46N01W18Q001M,46N01W18Q001M,Unknown,Unknown,1-003,Butte Valley,Siskiyou,142,Irrigation,Single Well,43,1971-06-30 00:00:00 - 2020-04-01 12:00:00,85,spring,NA,NA,14.7,55.2,2015,6.91,1.77,9.23,4,Critical,SAC,2014-10-01T00:00:00Z,2015-10-01T00:00:00Z,-122.025,41.8225
418226N1220249W001,2029082,2014-10-20T00:00:00Z,4251.32,4250.82,19.5,90,4180.82,70.5,70,NA,Steel tape measurement,Water level accuracy to nearest tenth of a foot,1,Department of Water Resources,NA,1,Department of Water Resources,NA,NA,24078,46N01W18Q001M,46N01W18Q001M,Unknown,Unknown,1-003,Butte Valley,Siskiyou,142,Irrigation,Single Well,43,1971-06-30 00:00:00 - 2020-04-01 12:00:00,85,fall,18.8,84.1,NA,NA,2015,6.91,1.77,9.23,4,Critical,SAC,2014-10-01T00:00:00Z,2015-10-01T00:00:00Z,-122.025,41.8225
418226N1220249W001,1885349,2014-03-24T00:00:00Z,4251.32,4250.82,1.8,50,4203.12,48.2,47.7,Oil or foreign substance in casing,Steel tape measurement,Water level accuracy to nearest tenth of a foot,1,Department of Water Resources,NA,1,Department of Water Resources,NA,NA,24078,46N01W18Q001M,46N01W18Q001M,Unknown,Unknown,1-003,Butte Valley,Siskiyou,142,Irrigation,Single Well,43,1971-06-30 00:00:00 - 2020-04-01 12:00:00,85,spring,NA,NA,14.7,55.2,2014,4.29,2.59,7.46,4.07,Critical,SAC,2013-10-01T00:00:00Z,2014-10-01T00:00:00Z,-122.025,41.8225
418226N1220249W001,1797521,2013-10-21T00:00:00Z,4251.32,4250.82,1.7,69,4184.02,67.3,66.8,Oil or foreign substance in casing,Steel tape measurement,Water level accuracy to nearest tenth of a foot,1,Department of Water Resources,NA,1,Department of Water Resources,NA,NA,24078,46N01W18Q001M,46N01W18Q001M,Unknown,Unknown,1-003,Butte Valley,Siskiyou,142,Irrigation,Single Well,43,1971-06-30 00:00:00 - 2020-04-01 12:00:00,85,fall,18.8,84.1,NA,NA,2014,4.29,2.59,7.46,4.07,Critical,SAC,2013-10-01T00:00:00Z,2014-10-01T00:00:00Z,-122.025,41.8225
418226N1220249W001,1685054,2013-03-25T00:00:00Z,4251.32,4250.82,-0.1,45,4206.22,45.1,44.6,Oil or foreign substance in casing,Steel tape measurement,Water level accuracy to nearest tenth of a foot,1,Department of Water Resources,NA,1,Department of Water Resources,NA,NA,24078,46N01W18Q001M,46N01W18Q001M,Unknown,Unknown,1-003,Butte Valley,Siskiyou,142,Irrigation,Single Well,43,1971-06-30 00:00:00 - 2020-04-01 12:00:00,85,spring,NA,NA,14.7,55.2,2013,8.52,3.01,12.19,5.83,Dry,SAC,2012-10-01T00:00:00Z,2013-10-01T00:00:00Z,-122.025,41.8225
418226N1220249W001,70270,2012-10-29T00:00:00Z,4251.32,4250.82,1.2,65,4187.52,63.8,63.3,Oil or foreign substance in casing,Steel tape measurement,Water level accuracy to nearest tenth of a foot,1,Department of Water Resources,NA,1,Department of Water Resources,NA,NA,24078,46N01W18Q001M,46N01W18Q001M,Unknown,Unknown,1-003,Butte Valley,Siskiyou,142,Irrigation,Single Well,43,1971-06-30 00:00:00 - 2020-04-01 12:00:00,85,fall,18.8,84.1,NA,NA,2013,8.52,3.01,12.19,5.83,Dry,SAC,2012-10-01T00:00:00Z,2013-10-01T00:00:00Z,-122.025,41.8225
418226N1220249W001,59901,2012-04-17T00:00:00Z,4251.32,4250.82,5,45,4211.32,40,39.5,NA,Steel tape measurement,Water level accuracy to nearest tenth of a foot,1,Department of Water Resources,NA,1,Department of Water Resources,NA,NA,24078,46N01W18Q001M,46N01W18Q001M,Unknown,Unknown,1-003,Butte Valley,Siskiyou,142,Irrigation,Single Well,43,1971-06-30 00:00:00 - 2020-04-01 12:00:00,85,spring,NA,NA,14.7,55.2,2012,5.69,5.46,11.84,6.89,Below Normal,SAC,2011-10-01T00:00:00Z,2012-10-01T00:00:00Z,-122.025,41.8225
418226N1220249W001,41178,2011-10-18T00:00:00Z,4251.32,4250.82,0,59.5,4191.82,59.5,59,Oil or foreign substance in casing,Steel tape measurement,Water level accuracy to nearest tenth of a foot,1,Department of Water Resources,NA,1,Department of Water Resources,NA,NA,24078,46N01W18Q001M,46N01W18Q001M,Unknown,Unknown,1-003,Butte Valley,Siskiyou,142,Irrigation,Single Well,43,1971-06-30 00:00:00 - 2020-04-01 12:00:00,85,fall,18.8,84.1,NA,NA,2012,5.69,5.46,11.84,6.89,Below Normal,SAC,2011-10-01T00:00:00Z,2012-10-01T00:00:00Z,-122.025,41.8225
418226N1220249W001,1790055,2011-10-18T00:00:00Z,4251.32,4250.82,0,59.5,4191.82,59.5,59,Oil or foreign substance in casing,Unknown,Water level accuracy is unknown,1,Department of Water Resources,NA,1,Department of Water Resources,NA,NA,24078,46N01W18Q001M,46N01W18Q001M,Unknown,Unknown,1-003,Butte Valley,Siskiyou,142,Irrigation,Single Well,43,1971-06-30 00:00:00 - 2020-04-01 12:00:00,85,fall,18.8,84.1,NA,NA,2012,5.69,5.46,11.84,6.89,Below Normal,SAC,2011-10-01T00:00:00Z,2012-10-01T00:00:00Z,-122.025,41.8225
418226N1220249W001,1790054,2011-04-20T00:00:00Z,4251.32,4250.82,0,40.3,4211.02,40.3,39.8,NA,Unknown,Water level accuracy is unknown,1,Department of Water Resources,NA,1,Department of Water Resources,NA,NA,24078,46N01W18Q001M,46N01W18Q001M,Unknown,Unknown,1-003,Butte Valley,Siskiyou,142,Irrigation,Single Well,43,1971-06-30 00:00:00 - 2020-04-01 12:00:00,85,spring,NA,NA,14.7,55.2,2011,12.68,11.53,25.21,10.54,Wet,SAC,2010-10-01T00:00:00Z,2011-10-01T00:00:00Z,-122.025,41.8225
418226N1220249W001,1790053,2010-10-25T00:00:00Z,4251.32,4250.82,0,62.9,4188.42,62.9,62.4,NA,Unknown,Water level accuracy is unknown,1,Department of Water Resources,NA,1,Department of Water Resources,NA,NA,24078,46N01W18Q001M,46N01W18Q001M,Unknown,Unknown,1-003,Butte Valley,Siskiyou,142,Irrigation,Single Well,43,1971-06-30 00:00:00 - 2020-04-01 12:00:00,85,fall,18.8,84.1,NA,NA,2011,12.68,11.53,25.21,10.54,Wet,SAC,2010-10-01T00:00:00Z,2011-10-01T00:00:00Z,-122.025,41.8225
418226N1220249W001,1790052,2010-03-30T00:00:00Z,4251.32,4250.82,0,43,4208.32,43,42.5,NA,Unknown,Water level accuracy is unknown,1,Department of Water Resources,NA,1,Department of Water Resources,NA,NA,24078,46N01W18Q001M,46N01W18Q001M,Unknown,Unknown,1-003,Butte Valley,Siskiyou,142,Irrigation,Single Well,43,1971-06-30 00:00:00 - 2020-04-01 12:00:00,85,spring,NA,NA,14.7,55.2,2010,7.45,7.78,16.01,7.08,Below Normal,SAC,2009-10-01T00:00:00Z,2010-10-01T00:00:00Z,-122.025,41.8225
418226N1220249W001,1790051,2009-10-27T00:00:00Z,4251.32,4250.82,0,59.9,4191.42,59.9,59.4,Oil or foreign substance in casing,Unknown,Water level accuracy is unknown,1,Department of Water Resources,NA,1,Department of Water Resources,NA,NA,24078,46N01W18Q001M,46N01W18Q001M,Unknown,Unknown,1-003,Butte Valley,Siskiyou,142,Irrigation,Single Well,43,1971-06-30 00:00:00 - 2020-04-01 12:00:00,85,fall,18.8,84.1,NA,NA,2010,7.45,7.78,16.01,7.08,Below Normal,SAC,2009-10-01T00:00:00Z,2010-10-01T00:00:00Z,-122.025,41.8225
418226N1220249W001,1790050,2009-04-08T00:00:00Z,4251.32,4250.82,0,40.1,4211.22,40.1,39.6,NA,Unknown,Water level accuracy is unknown,1,Department of Water Resources,NA,1,Department of Water Resources,NA,NA,24078,46N01W18Q001M,46N01W18Q001M,Unknown,Unknown,1-003,Butte Valley,Siskiyou,142,Irrigation,Single Well,43,1971-06-30 00:00:00 - 2020-04-01 12:00:00,85,spring,NA,NA,14.7,55.2,2009,7.05,5.3,13.02,5.78,Dry,SAC,2008-10-01T00:00:00Z,2009-10-01T00:00:00Z,-122.025,41.8225
418226N1220249W001,1790049,2008-10-30T00:00:00Z,4251.32,4250.82,0,63.6,4187.72,63.6,63.1,Oil or foreign substance in casing,Unknown,Water level accuracy is unknown,1,Department of Water Resources,NA,1,Department of Water Resources,NA,NA,24078,46N01W18Q001M,46N01W18Q001M,Unknown,Unknown,1-003,Butte Valley,Siskiyou,142,Irrigation,Single Well,43,1971-06-30 00:00:00 - 2020-04-01 12:00:00,85,fall,18.8,84.1,NA,NA,2009,7.05,5.3,13.02,5.78,Dry,SAC,2008-10-01T00:00:00Z,2009-10-01T00:00:00Z,-122.025,41.8225
418226N1220249W001,1790048,2008-04-04T00:00:00Z,4251.32,4250.82,0,35.6,4215.72,35.6,35.1,NA,Unknown,Water level accuracy is unknown,1,Department of Water Resources,NA,1,Department of Water Resources,NA,NA,24078,46N01W18Q001M,46N01W18Q001M,Unknown,Unknown,1-003,Butte Valley,Siskiyou,142,Irrigation,Single Well,43,1971-06-30 00:00:00 - 2020-04-01 12:00:00,85,spring,NA,NA,14.7,55.2,2008,5.9,3.82,10.28,5.16,Critical,SAC,2007-10-01T00:00:00Z,2008-10-01T00:00:00Z,-122.025,41.8225
418226N1220249W001,1790047,2007-10-25T00:00:00Z,4251.32,4250.82,0,53.8,4197.52,53.8,53.3,NA,Unknown,Water level accuracy is unknown,1,Department of Water Resources,NA,1,Department of Water Resources,NA,NA,24078,46N01W18Q001M,46N01W18Q001M,Unknown,Unknown,1-003,Butte Valley,Siskiyou,142,Irrigation,Single Well,43,1971-06-30 00:00:00 - 2020-04-01 12:00:00,85,fall,18.8,84.1,NA,NA,2008,5.9,3.82,10.28,5.16,Critical,SAC,2007-10-01T00:00:00Z,2008-10-01T00:00:00Z,-122.025,41.8225
418226N1220249W001,1790046,2007-03-29T00:00:00Z,4251.32,4250.82,0,32.9,4218.42,32.9,32.4,NA,Unknown,Water level accuracy is unknown,1,Department of Water Resources,NA,1,Department of Water Resources,NA,NA,24078,46N01W18Q001M,46N01W18Q001M,Unknown,Unknown,1-003,Butte Valley,Siskiyou,142,Irrigation,Single Well,43,1971-06-30 00:00:00 - 2020-04-01 12:00:00,85,spring,NA,NA,14.7,55.2,2007,6.59,3.04,10.28,6.19,Dry,SAC,2006-10-01T00:00:00Z,2007-10-01T00:00:00Z,-122.025,41.8225
418226N1220249W001,1790045,2006-10-12T00:00:00Z,4251.32,4250.82,0,49.2,4202.12,49.2,48.7,Oil or foreign substance in casing,Unknown,Water level accuracy is unknown,1,Department of Water Resources,NA,1,Department of Water Resources,NA,NA,24078,46N01W18Q001M,46N01W18Q001M,Unknown,Unknown,1-003,Butte Valley,Siskiyou,142,Irrigation,Single Well,43,1971-06-30 00:00:00 - 2020-04-01 12:00:00,85,fall,18.8,84.1,NA,NA,2007,6.59,3.04,10.28,6.19,Dry,SAC,2006-10-01T00:00:00Z,2007-10-01T00:00:00Z,-122.025,41.8225
418226N1220249W001,1790044,2006-04-18T00:00:00Z,4251.32,4250.82,0,33.1,4218.22,33.1,32.6,NA,Unknown,Water level accuracy is unknown,1,Department of Water Resources,NA,1,Department of Water Resources,NA,NA,24078,46N01W18Q001M,46N01W18Q001M,Unknown,Unknown,1-003,Butte Valley,Siskiyou,142,Irrigation,Single Well,43,1971-06-30 00:00:00 - 2020-04-01 12:00:00,85,spring,NA,NA,14.7,55.2,2006,18.06,13.09,32.09,13.2,Wet,SAC,2005-10-01T00:00:00Z,2006-10-01T00:00:00Z,-122.025,41.8225
418226N1220249W001,1790043,2005-10-10T00:00:00Z,4251.32,4250.82,0,64.8,4186.52,64.8,64.3,Oil or foreign substance in casing,Unknown,Water level accuracy is unknown,1,Department of Water Resources,NA,1,Department of Water Resources,NA,NA,24078,46N01W18Q001M,46N01W18Q001M,Unknown,Unknown,1-003,Butte Valley,Siskiyou,142,Irrigation,Single Well,43,1971-06-30 00:00:00 - 2020-04-01 12:00:00,85,fall,18.8,84.1,NA,NA,2006,18.06,13.09,32.09,13.2,Wet,SAC,2005-10-01T00:00:00Z,2006-10-01T00:00:00Z,-122.025,41.8225
418226N1220249W001,1790042,2005-04-05T00:00:00Z,4251.32,4250.82,0,37.2,4214.12,37.2,36.7,Oil or foreign substance in casing,Unknown,Water level accuracy is unknown,1,Department of Water Resources,NA,1,Department of Water Resources,NA,NA,24078,46N01W18Q001M,46N01W18Q001M,Unknown,Unknown,1-003,Butte Valley,Siskiyou,142,Irrigation,Single Well,43,1971-06-30 00:00:00 - 2020-04-01 12:00:00,85,spring,NA,NA,14.7,55.2,2005,8.4,9.28,18.55,8.49,Above Normal,SAC,2004-10-01T00:00:00Z,2005-10-01T00:00:00Z,-122.025,41.8225
418226N1220249W001,1790041,2004-11-02T00:00:00Z,4251.32,4250.82,0,55.2,4196.12,55.2,54.7,Oil or foreign substance in casing,Unknown,Water level accuracy is unknown,1,Department of Water Resources,NA,1,Department of Water Resources,NA,NA,24078,46N01W18Q001M,46N01W18Q001M,Unknown,Unknown,1-003,Butte Valley,Siskiyou,142,Irrigation,Single Well,43,1971-06-30 00:00:00 - 2020-04-01 12:00:00,85,fall,18.8,84.1,NA,NA,2005,8.4,9.28,18.55,8.49,Above Normal,SAC,2004-10-01T00:00:00Z,2005-10-01T00:00:00Z,-122.025,41.8225
418226N1220249W001,1790040,2004-03-30T00:00:00Z,4251.32,4250.82,0,34.7,4216.62,34.7,34.2,NA,Unknown,Water level accuracy is unknown,1,Department of Water Resources,NA,1,Department of Water Resources,NA,NA,24078,46N01W18Q001M,46N01W18Q001M,Unknown,Unknown,1-003,Butte Valley,Siskiyou,142,Irrigation,Single Well,43,1971-06-30 00:00:00 - 2020-04-01 12:00:00,85,spring,NA,NA,14.7,55.2,2004,10.95,4.4,16.04,7.51,Below Normal,SAC,2003-10-01T00:00:00Z,2004-10-01T00:00:00Z,-122.025,41.8225
418226N1220249W001,1790039,2003-10-20T00:00:00Z,4251.32,4250.82,0,62.2,4189.12,62.2,61.7,Oil or foreign substance in casing,Unknown,Water level accuracy is unknown,1,Department of Water Resources,NA,1,Department of Water Resources,NA,NA,24078,46N01W18Q001M,46N01W18Q001M,Unknown,Unknown,1-003,Butte Valley,Siskiyou,142,Irrigation,Single Well,43,1971-06-30 00:00:00 - 2020-04-01 12:00:00,85,fall,18.8,84.1,NA,NA,2004,10.95,4.4,16.04,7.51,Below Normal,SAC,2003-10-01T00:00:00Z,2004-10-01T00:00:00Z,-122.025,41.8225
418226N1220249W001,1790038,2003-04-01T00:00:00Z,4251.32,4250.82,0,34.8,4216.52,34.8,34.3,NA,Unknown,Water level accuracy is unknown,1,Department of Water Resources,NA,1,Department of Water Resources,NA,NA,24078,46N01W18Q001M,46N01W18Q001M,Unknown,Unknown,1-003,Butte Valley,Siskiyou,142,Irrigation,Single Well,43,1971-06-30 00:00:00 - 2020-04-01 12:00:00,85,spring,NA,NA,14.7,55.2,2003,10.71,7.74,19.31,8.21,Above Normal,SAC,2002-10-01T00:00:00Z,2003-10-01T00:00:00Z,-122.025,41.8225
418226N1220249W001,1790037,2002-10-11T00:00:00Z,4251.32,4250.82,0,61.9,4189.42,61.9,61.4,Oil or foreign substance in casing,Unknown,Water level accuracy is unknown,1,Department of Water Resources,NA,1,Department of Water Resources,NA,NA,24078,46N01W18Q001M,46N01W18Q001M,Unknown,Unknown,1-003,Butte Valley,Siskiyou,142,Irrigation,Single Well,43,1971-06-30 00:00:00 - 2020-04-01 12:00:00,85,fall,18.8,84.1,NA,NA,2003,10.71,7.74,19.31,8.21,Above Normal,SAC,2002-10-01T00:00:00Z,2003-10-01T00:00:00Z,-122.025,41.8225
418226N1220249W001,1790036,2002-03-26T00:00:00Z,4251.32,4250.82,0,33,4218.32,33,32.5,NA,Unknown,Water level accuracy is unknown,1,Department of Water Resources,NA,1,Department of Water Resources,NA,NA,24078,46N01W18Q001M,46N01W18Q001M,Unknown,Unknown,1-003,Butte Valley,Siskiyou,142,Irrigation,Single Well,43,1971-06-30 00:00:00 - 2020-04-01 12:00:00,85,spring,NA,NA,14.7,55.2,2002,9.32,4.57,14.6,6.35,Dry,SAC,2001-10-01T00:00:00Z,2002-10-01T00:00:00Z,-122.025,41.8225
418226N1220249W001,1790035,2001-10-24T00:00:00Z,4251.32,4250.82,0,54.3,4197.02,54.3,53.8,Oil or foreign substance in casing,Unknown,Water level accuracy is unknown,1,Department of Water Resources,NA,1,Department of Water Resources,NA,NA,24078,46N01W18Q001M,46N01W18Q001M,Unknown,Unknown,1-003,Butte Valley,Siskiyou,142,Irrigation,Single Well,43,1971-06-30 00:00:00 - 2020-04-01 12:00:00,85,fall,18.8,84.1,NA,NA,2002,9.32,4.57,14.6,6.35,Dry,SAC,2001-10-01T00:00:00Z,2002-10-01T00:00:00Z,-122.025,41.8225
418226N1220249W001,1790034,2001-04-03T00:00:00Z,4251.32,4250.82,0,29.7,4221.62,29.7,29.2,NA,Unknown,Water level accuracy is unknown,1,Department of Water Resources,NA,1,Department of Water Resources,NA,NA,24078,46N01W18Q001M,46N01W18Q001M,Unknown,Unknown,1-003,Butte Valley,Siskiyou,142,Irrigation,Single Well,43,1971-06-30 00:00:00 - 2020-04-01 12:00:00,85,spring,NA,NA,14.7,55.2,2001,5.64,3.46,9.81,5.76,Dry,SAC,2000-10-01T00:00:00Z,2001-10-01T00:00:00Z,-122.025,41.8225
418226N1220249W001,1790033,2000-10-10T00:00:00Z,4251.32,4250.82,0,45,4206.32,45,44.5,NA,Unknown,Water level accuracy is unknown,1,Department of Water Resources,NA,1,Department of Water Resources,NA,NA,24078,46N01W18Q001M,46N01W18Q001M,Unknown,Unknown,1-003,Butte Valley,Siskiyou,142,Irrigation,Single Well,43,1971-06-30 00:00:00 - 2020-04-01 12:00:00,85,fall,18.8,84.1,NA,NA,2001,5.64,3.46,9.81,5.76,Dry,SAC,2000-10-01T00:00:00Z,2001-10-01T00:00:00Z,-122.025,41.8225
418226N1220249W001,1790032,2000-03-22T00:00:00Z,4251.32,4250.82,0,28.9,4222.42,28.9,28.4,NA,Unknown,Water level accuracy is unknown,1,Department of Water Resources,NA,1,Department of Water Resources,NA,NA,24078,46N01W18Q001M,46N01W18Q001M,Unknown,Unknown,1-003,Butte Valley,Siskiyou,142,Irrigation,Single Well,43,1971-06-30 00:00:00 - 2020-04-01 12:00:00,85,spring,NA,NA,14.7,55.2,2000,12.06,5.96,18.9,8.94,Above Normal,SAC,1999-10-01T00:00:00Z,2000-10-01T00:00:00Z,-122.025,41.8225
418226N1220249W001,1790030,1999-10-26T00:00:00Z,4251.32,4250.82,0,38.5,4212.82,38.5,38,NA,Unknown,Water level accuracy is unknown,1,Department of Water Resources,NA,1,Department of Water Resources,NA,NA,24078,46N01W18Q001M,46N01W18Q001M,Unknown,Unknown,1-003,Butte Valley,Siskiyou,142,Irrigation,Single Well,43,1971-06-30 00:00:00 - 2020-04-01 12:00:00,85,fall,18.8,84.1,NA,NA,2000,12.06,5.96,18.9,8.94,Above Normal,SAC,1999-10-01T00:00:00Z,2000-10-01T00:00:00Z,-122.025,41.8225
418226N1220249W001,1790031,1999-03-16T00:00:00Z,4251.32,4250.82,0,28.5,4222.82,28.5,28,NA,Unknown,Water level accuracy is unknown,1,Department of Water Resources,NA,1,Department of Water Resources,NA,NA,24078,46N01W18Q001M,46N01W18Q001M,Unknown,Unknown,1-003,Butte Valley,Siskiyou,142,Irrigation,Single Well,43,1971-06-30 00:00:00 - 2020-04-01 12:00:00,85,spring,NA,NA,14.7,55.2,1999,12.97,7.26,21.19,9.8,Wet,SAC,1998-10-01T00:00:00Z,1999-10-01T00:00:00Z,-122.025,41.8225
418226N1220249W001,1790029,1998-10-28T00:00:00Z,4251.32,4250.82,0,37.3,4214.02,37.3,36.8,NA,Unknown,Water level accuracy is unknown,1,Department of Water Resources,NA,1,Department of Water Resources,NA,NA,24078,46N01W18Q001M,46N01W18Q001M,Unknown,Unknown,1-003,Butte Valley,Siskiyou,142,Irrigation,Single Well,43,1971-06-30 00:00:00 - 2020-04-01 12:00:00,85,fall,18.8,84.1,NA,NA,1999,12.97,7.26,21.19,9.8,Wet,SAC,1998-10-01T00:00:00Z,1999-10-01T00:00:00Z,-122.025,41.8225
418226N1220249W001,1790028,1998-03-30T00:00:00Z,4251.32,4250.82,0,30.5,4220.82,30.5,30,NA,Unknown,Water level accuracy is unknown,1,Department of Water Resources,NA,1,Department of Water Resources,NA,NA,24078,46N01W18Q001M,46N01W18Q001M,Unknown,Unknown,1-003,Butte Valley,Siskiyou,142,Irrigation,Single Well,43,1971-06-30 00:00:00 - 2020-04-01 12:00:00,85,spring,NA,NA,14.7,55.2,1998,17.65,12.54,31.4,13.31,Wet,SAC,1997-10-01T00:00:00Z,1998-10-01T00:00:00Z,-122.025,41.8225
418226N1220249W001,1790027,1997-10-21T00:00:00Z,4251.32,4250.82,0,45.9,4205.42,45.9,45.4,NA,Unknown,Water level accuracy is unknown,1,Department of Water Resources,NA,1,Department of Water Resources,NA,NA,24078,46N01W18Q001M,46N01W18Q001M,Unknown,Unknown,1-003,Butte Valley,Siskiyou,142,Irrigation,Single Well,43,1971-06-30 00:00:00 - 2020-04-01 12:00:00,85,fall,18.8,84.1,NA,NA,1998,17.65,12.54,31.4,13.31,Wet,SAC,1997-10-01T00:00:00Z,1998-10-01T00:00:00Z,-122.025,41.8225
418226N1220249W001,1790026,1997-03-11T00:00:00Z,4251.32,4250.82,0,31.2,4220.12,31.2,30.7,NA,Unknown,Water level accuracy is unknown,1,Department of Water Resources,NA,1,Department of Water Resources,NA,NA,24078,46N01W18Q001M,46N01W18Q001M,Unknown,Unknown,1-003,Butte Valley,Siskiyou,142,Irrigation,Single Well,43,1971-06-30 00:00:00 - 2020-04-01 12:00:00,85,spring,NA,NA,14.7,55.2,1997,20.22,4.39,25.42,10.82,Wet,SAC,1996-10-01T00:00:00Z,1997-10-01T00:00:00Z,-122.025,41.8225
418226N1220249W001,1790025,1996-10-21T00:00:00Z,4251.32,4250.82,0,50.6,4200.72,50.6,50.1,NA,Unknown,Water level accuracy is unknown,1,Department of Water Resources,NA,1,Department of Water Resources,NA,NA,24078,46N01W18Q001M,46N01W18Q001M,Unknown,Unknown,1-003,Butte Valley,Siskiyou,142,Irrigation,Single Well,43,1971-06-30 00:00:00 - 2020-04-01 12:00:00,85,fall,18.8,84.1,NA,NA,1997,20.22,4.39,25.42,10.82,Wet,SAC,1996-10-01T00:00:00Z,1997-10-01T00:00:00Z,-122.025,41.8225
418226N1220249W001,1790024,1996-03-26T00:00:00Z,4251.32,4250.82,0,37.1,4214.22,37.1,36.6,NA,Unknown,Water level accuracy is unknown,1,Department of Water Resources,NA,1,Department of Water Resources,NA,NA,24078,46N01W18Q001M,46N01W18Q001M,Unknown,Unknown,1-003,Butte Valley,Siskiyou,142,Irrigation,Single Well,43,1971-06-30 00:00:00 - 2020-04-01 12:00:00,85,spring,NA,NA,14.7,55.2,1996,13.05,8.37,22.29,10.26,Wet,SAC,1995-10-01T00:00:00Z,1996-10-01T00:00:00Z,-122.025,41.8225
418226N1220249W001,1790023,1995-10-17T00:00:00Z,4251.32,4250.82,0,57,4194.32,57,56.5,Oil or foreign substance in casing,Unknown,Water level accuracy is unknown,1,Department of Water Resources,NA,1,Department of Water Resources,NA,NA,24078,46N01W18Q001M,46N01W18Q001M,Unknown,Unknown,1-003,Butte Valley,Siskiyou,142,Irrigation,Single Well,43,1971-06-30 00:00:00 - 2020-04-01 12:00:00,85,fall,18.8,84.1,NA,NA,1996,13.05,8.37,22.29,10.26,Wet,SAC,1995-10-01T00:00:00Z,1996-10-01T00:00:00Z,-122.025,41.8225
418226N1220249W001,1790022,1995-03-27T00:00:00Z,4251.32,4250.82,0,42.9,4208.42,42.9,42.4,Oil or foreign substance in casing,Unknown,Water level accuracy is unknown,1,Department of Water Resources,NA,1,Department of Water Resources,NA,NA,24078,46N01W18Q001M,46N01W18Q001M,Unknown,Unknown,1-003,Butte Valley,Siskiyou,142,Irrigation,Single Well,43,1971-06-30 00:00:00 - 2020-04-01 12:00:00,85,spring,NA,NA,14.7,55.2,1995,19.83,13.6,34.55,12.89,Wet,SAC,1994-10-01T00:00:00Z,1995-10-01T00:00:00Z,-122.025,41.8225
418226N1220249W001,1790021,1994-10-26T00:00:00Z,4251.32,4250.82,0,61.9,4189.42,61.9,61.4,Oil or foreign substance in casing,Unknown,Water level accuracy is unknown,1,Department of Water Resources,NA,1,Department of Water Resources,NA,NA,24078,46N01W18Q001M,46N01W18Q001M,Unknown,Unknown,1-003,Butte Valley,Siskiyou,142,Irrigation,Single Well,43,1971-06-30 00:00:00 - 2020-04-01 12:00:00,85,fall,18.8,84.1,NA,NA,1995,19.83,13.6,34.55,12.89,Wet,SAC,1994-10-01T00:00:00Z,1995-10-01T00:00:00Z,-122.025,41.8225
418226N1220249W001,1790020,1994-03-29T00:00:00Z,4251.32,4250.82,0,37.1,4214.22,37.1,36.6,NA,Unknown,Water level accuracy is unknown,1,Department of Water Resources,NA,1,Department of Water Resources,NA,NA,24078,46N01W18Q001M,46N01W18Q001M,Unknown,Unknown,1-003,Butte Valley,Siskiyou,142,Irrigation,Single Well,43,1971-06-30 00:00:00 - 2020-04-01 12:00:00,85,spring,NA,NA,14.7,55.2,1994,4.55,2.73,7.81,5.02,Critical,SAC,1993-10-01T00:00:00Z,1994-10-01T00:00:00Z,-122.025,41.8225
418226N1220249W001,1790019,1993-10-14T00:00:00Z,4251.32,4250.82,0,55,4196.32,55,54.5,NA,Unknown,Water level accuracy is unknown,1,Department of Water Resources,NA,1,Department of Water Resources,NA,NA,24078,46N01W18Q001M,46N01W18Q001M,Unknown,Unknown,1-003,Butte Valley,Siskiyou,142,Irrigation,Single Well,43,1971-06-30 00:00:00 - 2020-04-01 12:00:00,85,fall,18.8,84.1,NA,NA,1994,4.55,2.73,7.81,5.02,Critical,SAC,1993-10-01T00:00:00Z,1994-10-01T00:00:00Z,-122.025,41.8225
418226N1220249W001,1790018,1993-03-17T00:00:00Z,4251.32,4250.82,0,43,4208.32,43,42.5,NA,Unknown,Water level accuracy is unknown,1,Department of Water Resources,NA,1,Department of Water Resources,NA,NA,24078,46N01W18Q001M,46N01W18Q001M,Unknown,Unknown,1-003,Butte Valley,Siskiyou,142,Irrigation,Single Well,43,1971-06-30 00:00:00 - 2020-04-01 12:00:00,85,spring,NA,NA,14.7,55.2,1993,12.44,8.98,22.21,8.54,Above Normal,SAC,1992-10-01T00:00:00Z,1993-10-01T00:00:00Z,-122.025,41.8225
418226N1220249W001,1790017,1992-10-19T00:00:00Z,4251.32,4250.82,0,61.9,4189.42,61.9,61.4,NA,Unknown,Water level accuracy is unknown,1,Department of Water Resources,NA,1,Department of Water Resources,NA,NA,24078,46N01W18Q001M,46N01W18Q001M,Unknown,Unknown,1-003,Butte Valley,Siskiyou,142,Irrigation,Single Well,43,1971-06-30 00:00:00 - 2020-04-01 12:00:00,85,fall,18.8,84.1,NA,NA,1993,12.44,8.98,22.21,8.54,Above Normal,SAC,1992-10-01T00:00:00Z,1993-10-01T00:00:00Z,-122.025,41.8225
418226N1220249W001,1790016,1992-03-02T00:00:00Z,4251.32,4250.82,0,39.2,4212.12,39.2,38.7,NA,Unknown,Water level accuracy is unknown,1,Department of Water Resources,NA,1,Department of Water Resources,NA,NA,24078,46N01W18Q001M,46N01W18Q001M,Unknown,Unknown,1-003,Butte Valley,Siskiyou,142,Irrigation,Single Well,43,1971-06-30 00:00:00 - 2020-04-01 12:00:00,85,spring,NA,NA,14.7,55.2,1992,5.41,2.93,8.87,4.06,Critical,SAC,1991-10-01T00:00:00Z,1992-10-01T00:00:00Z,-122.025,41.8225
418226N1220249W001,1790015,1991-09-30T00:00:00Z,4251.32,4250.82,0,73.2,4178.12,73.2,72.7,Pumping,Unknown,Water level accuracy is unknown,1,Department of Water Resources,NA,1,Department of Water Resources,NA,NA,24078,46N01W18Q001M,46N01W18Q001M,Unknown,Unknown,1-003,Butte Valley,Siskiyou,142,Irrigation,Single Well,43,1971-06-30 00:00:00 - 2020-04-01 12:00:00,85,fall,18.8,84.1,NA,NA,1991,3.9,4.01,8.44,4.21,Critical,SAC,1990-10-01T00:00:00Z,1991-10-01T00:00:00Z,-122.025,41.8225
418226N1220249W001,1790014,1991-03-20T00:00:00Z,4251.32,4250.82,0,36.8,4214.52,36.8,36.3,NA,Unknown,Water level accuracy is unknown,1,Department of Water Resources,NA,1,Department of Water Resources,NA,NA,24078,46N01W18Q001M,46N01W18Q001M,Unknown,Unknown,1-003,Butte Valley,Siskiyou,142,Irrigation,Single Well,43,1971-06-30 00:00:00 - 2020-04-01 12:00:00,85,spring,NA,NA,14.7,55.2,1991,3.9,4.01,8.44,4.21,Critical,SAC,1990-10-01T00:00:00Z,1991-10-01T00:00:00Z,-122.025,41.8225
418226N1220249W001,1790013,1990-10-01T00:00:00Z,4251.32,4250.82,0,54.3,4197.02,54.3,53.8,NA,Unknown,Water level accuracy is unknown,1,Department of Water Resources,NA,1,Department of Water Resources,NA,NA,24078,46N01W18Q001M,46N01W18Q001M,Unknown,Unknown,1-003,Butte Valley,Siskiyou,142,Irrigation,Single Well,43,1971-06-30 00:00:00 - 2020-04-01 12:00:00,85,fall,18.8,84.1,NA,NA,1991,3.9,4.01,8.44,4.21,Critical,SAC,1990-10-01T00:00:00Z,1991-10-01T00:00:00Z,-122.025,41.8225
418226N1220249W001,1790012,1990-03-20T00:00:00Z,4251.32,4250.82,0,35.5,4215.82,35.5,35,NA,Unknown,Water level accuracy is unknown,1,Department of Water Resources,NA,1,Department of Water Resources,NA,NA,24078,46N01W18Q001M,46N01W18Q001M,Unknown,Unknown,1-003,Butte Valley,Siskiyou,142,Irrigation,Single Well,43,1971-06-30 00:00:00 - 2020-04-01 12:00:00,85,spring,NA,NA,14.7,55.2,1990,4.94,3.72,9.26,4.81,Critical,SAC,1989-10-01T00:00:00Z,1990-10-01T00:00:00Z,-122.025,41.8225
418226N1220249W001,1790011,1989-10-04T00:00:00Z,4251.32,4250.82,0,50.1,4201.22,50.1,49.6,NA,Unknown,Water level accuracy is unknown,1,Department of Water Resources,NA,1,Department of Water Resources,NA,NA,24078,46N01W18Q001M,46N01W18Q001M,Unknown,Unknown,1-003,Butte Valley,Siskiyou,142,Irrigation,Single Well,43,1971-06-30 00:00:00 - 2020-04-01 12:00:00,85,fall,18.8,84.1,NA,NA,1990,4.94,3.72,9.26,4.81,Critical,SAC,1989-10-01T00:00:00Z,1990-10-01T00:00:00Z,-122.025,41.8225
418226N1220249W001,1790010,1978-03-29T00:00:00Z,4251.82,4250.82,0,22.4,4229.42,22.4,21.4,NA,Unknown,Water level accuracy is unknown,1,Department of Water Resources,NA,1,Department of Water Resources,NA,NA,24078,46N01W18Q001M,46N01W18Q001M,Unknown,Unknown,1-003,Butte Valley,Siskiyou,142,Irrigation,Single Well,43,1971-06-30 00:00:00 - 2020-04-01 12:00:00,85,spring,NA,NA,14.7,55.2,1978,14.9,8.12,23.92,8.65,Above Normal,SAC,1977-10-01T00:00:00Z,1978-10-01T00:00:00Z,-122.025,41.8225
418226N1220249W001,1790009,1977-10-20T00:00:00Z,4251.82,4250.82,0,40.5,4211.32,40.5,39.5,NA,Unknown,Water level accuracy is unknown,1,Department of Water Resources,NA,1,Department of Water Resources,NA,NA,24078,46N01W18Q001M,46N01W18Q001M,Unknown,Unknown,1-003,Butte Valley,Siskiyou,142,Irrigation,Single Well,43,1971-06-30 00:00:00 - 2020-04-01 12:00:00,85,fall,18.8,84.1,NA,NA,1978,14.9,8.12,23.92,8.65,Above Normal,SAC,1977-10-01T00:00:00Z,1978-10-01T00:00:00Z,-122.025,41.8225
418226N1220249W001,1790008,1977-03-29T00:00:00Z,4251.82,4250.82,0,20.7,4231.12,20.7,19.7,NA,Unknown,Water level accuracy is unknown,1,Department of Water Resources,NA,1,Department of Water Resources,NA,NA,24078,46N01W18Q001M,46N01W18Q001M,Unknown,Unknown,1-003,Butte Valley,Siskiyou,142,Irrigation,Single Well,43,1971-06-30 00:00:00 - 2020-04-01 12:00:00,85,spring,NA,NA,14.7,55.2,1977,2.49,1.93,5.12,3.11,Critical,SAC,1976-10-01T00:00:00Z,1977-10-01T00:00:00Z,-122.025,41.8225
418226N1220249W001,1790007,1976-11-01T00:00:00Z,4251.82,4250.82,0,23.5,4228.32,23.5,22.5,NA,Unknown,Water level accuracy is unknown,1,Department of Water Resources,NA,1,Department of Water Resources,NA,NA,24078,46N01W18Q001M,46N01W18Q001M,Unknown,Unknown,1-003,Butte Valley,Siskiyou,142,Irrigation,Single Well,43,1971-06-30 00:00:00 - 2020-04-01 12:00:00,85,fall,18.8,84.1,NA,NA,1977,2.49,1.93,5.12,3.11,Critical,SAC,1976-10-01T00:00:00Z,1977-10-01T00:00:00Z,-122.025,41.8225
418226N1220249W001,1790006,1976-03-18T00:00:00Z,4251.82,4250.82,0,17.1,4234.72,17.1,16.1,NA,Unknown,Water level accuracy is unknown,1,Department of Water Resources,NA,1,Department of Water Resources,NA,NA,24078,46N01W18Q001M,46N01W18Q001M,Unknown,Unknown,1-003,Butte Valley,Siskiyou,142,Irrigation,Single Well,43,1971-06-30 00:00:00 - 2020-04-01 12:00:00,85,spring,NA,NA,14.7,55.2,1976,4.63,2.75,8.2,5.29,Critical,SAC,1975-10-01T00:00:00Z,1976-10-01T00:00:00Z,-122.025,41.8225
418226N1220249W001,1790005,1975-11-08T00:00:00Z,4251.82,4250.82,0,19.8,4232.02,19.8,18.8,NA,Unknown,Water level accuracy is unknown,1,Department of Water Resources,NA,1,Department of Water Resources,NA,NA,24078,46N01W18Q001M,46N01W18Q001M,Unknown,Unknown,1-003,Butte Valley,Siskiyou,142,Irrigation,Single Well,43,1971-06-30 00:00:00 - 2020-04-01 12:00:00,85,fall,18.8,84.1,NA,NA,1976,4.63,2.75,8.2,5.29,Critical,SAC,1975-10-01T00:00:00Z,1976-10-01T00:00:00Z,-122.025,41.8225
418226N1220249W001,1790004,1975-04-17T00:00:00Z,4251.82,4250.82,0,15.7,4236.12,15.7,14.7,NA,Unknown,Water level accuracy is unknown,1,Department of Water Resources,NA,1,Department of Water Resources,NA,NA,24078,46N01W18Q001M,46N01W18Q001M,Unknown,Unknown,1-003,Butte Valley,Siskiyou,142,Irrigation,Single Well,43,1971-06-30 00:00:00 - 2020-04-01 12:00:00,85,spring,NA,NA,14.7,55.2,1975,9.24,8.95,19.23,9.35,Wet,SAC,1974-10-01T00:00:00Z,1975-10-01T00:00:00Z,-122.025,41.8225
418226N1220249W001,1790003,1974-05-06T00:00:00Z,4251.82,4250.82,0,24.2,4227.62,24.2,23.2,NA,Unknown,Water level accuracy is unknown,1,Department of Water Resources,NA,1,Department of Water Resources,NA,NA,24078,46N01W18Q001M,46N01W18Q001M,Unknown,Unknown,1-003,Butte Valley,Siskiyou,142,Irrigation,Single Well,43,1971-06-30 00:00:00 - 2020-04-01 12:00:00,85,spring,NA,NA,14.7,55.2,1974,21.69,9.78,32.5,12.99,Wet,SAC,1973-10-01T00:00:00Z,1974-10-01T00:00:00Z,-122.025,41.8225
418226N1220249W001,1790002,1974-04-11T00:00:00Z,4251.82,4250.82,0,17.9,4233.92,17.9,16.9,NA,Unknown,Water level accuracy is unknown,1,Department of Water Resources,NA,1,Department of Water Resources,NA,NA,24078,46N01W18Q001M,46N01W18Q001M,Unknown,Unknown,1-003,Butte Valley,Siskiyou,142,Irrigation,Single Well,43,1971-06-30 00:00:00 - 2020-04-01 12:00:00,85,spring,NA,NA,14.7,55.2,1974,21.69,9.78,32.5,12.99,Wet,SAC,1973-10-01T00:00:00Z,1974-10-01T00:00:00Z,-122.025,41.8225
418226N1220249W001,1790001,1973-11-19T00:00:00Z,4251.82,4250.82,0,24.5,4227.32,24.5,23.5,NA,Unknown,Water level accuracy is unknown,1,Department of Water Resources,NA,1,Department of Water Resources,NA,NA,24078,46N01W18Q001M,46N01W18Q001M,Unknown,Unknown,1-003,Butte Valley,Siskiyou,142,Irrigation,Single Well,43,1971-06-30 00:00:00 - 2020-04-01 12:00:00,85,fall,18.8,84.1,NA,NA,1974,21.69,9.78,32.5,12.99,Wet,SAC,1973-10-01T00:00:00Z,1974-10-01T00:00:00Z,-122.025,41.8225
418226N1220249W001,1790000,1973-10-10T00:00:00Z,4251.82,4250.82,0,35.5,4216.32,35.5,34.5,NA,Unknown,Water level accuracy is unknown,1,Department of Water Resources,NA,1,Department of Water Resources,NA,NA,24078,46N01W18Q001M,46N01W18Q001M,Unknown,Unknown,1-003,Butte Valley,Siskiyou,142,Irrigation,Single Well,43,1971-06-30 00:00:00 - 2020-04-01 12:00:00,85,fall,18.8,84.1,NA,NA,1974,21.69,9.78,32.5,12.99,Wet,SAC,1973-10-01T00:00:00Z,1974-10-01T00:00:00Z,-122.025,41.8225
418226N1220249W001,1789999,1973-04-19T00:00:00Z,4251.82,4250.82,0,19.6,4232.22,19.6,18.6,NA,Unknown,Water level accuracy is unknown,1,Department of Water Resources,NA,1,Department of Water Resources,NA,NA,24078,46N01W18Q001M,46N01W18Q001M,Unknown,Unknown,1-003,Butte Valley,Siskiyou,142,Irrigation,Single Well,43,1971-06-30 00:00:00 - 2020-04-01 12:00:00,85,spring,NA,NA,14.7,55.2,1973,12.8,6.38,20.05,8.58,Above Normal,SAC,1972-10-01T00:00:00Z,1973-10-01T00:00:00Z,-122.025,41.8225
418226N1220249W001,1789998,1972-10-04T00:00:00Z,4251.82,4250.82,0,24,4227.82,24,23,NA,Unknown,Water level accuracy is unknown,1,Department of Water Resources,NA,1,Department of Water Resources,NA,NA,24078,46N01W18Q001M,46N01W18Q001M,Unknown,Unknown,1-003,Butte Valley,Siskiyou,142,Irrigation,Single Well,43,1971-06-30 00:00:00 - 2020-04-01 12:00:00,85,fall,18.8,84.1,NA,NA,1973,12.8,6.38,20.05,8.58,Above Normal,SAC,1972-10-01T00:00:00Z,1973-10-01T00:00:00Z,-122.025,41.8225
418226N1220249W001,1789997,1972-04-27T00:00:00Z,4251.82,4250.82,0,16,4235.82,16,15,NA,Unknown,Water level accuracy is unknown,1,Department of Water Resources,NA,1,Department of Water Resources,NA,NA,24078,46N01W18Q001M,46N01W18Q001M,Unknown,Unknown,1-003,Butte Valley,Siskiyou,142,Irrigation,Single Well,43,1971-06-30 00:00:00 - 2020-04-01 12:00:00,85,spring,NA,NA,14.7,55.2,1972,7.61,5.02,13.43,7.29,Below Normal,SAC,1971-10-01T00:00:00Z,1972-10-01T00:00:00Z,-122.025,41.8225
418226N1220249W001,1789996,1972-03-30T00:00:00Z,4251.82,4250.82,0,17.3,4234.52,17.3,16.3,NA,Unknown,Water level accuracy is unknown,1,Department of Water Resources,NA,1,Department of Water Resources,NA,NA,24078,46N01W18Q001M,46N01W18Q001M,Unknown,Unknown,1-003,Butte Valley,Siskiyou,142,Irrigation,Single Well,43,1971-06-30 00:00:00 - 2020-04-01 12:00:00,85,spring,NA,NA,14.7,55.2,1972,7.61,5.02,13.43,7.29,Below Normal,SAC,1971-10-01T00:00:00Z,1972-10-01T00:00:00Z,-122.025,41.8225
418226N1220249W001,1789995,1972-02-18T00:00:00Z,4251.82,4250.82,0,18.4,4233.42,18.4,17.4,NA,Unknown,Water level accuracy is unknown,1,Department of Water Resources,NA,1,Department of Water Resources,NA,NA,24078,46N01W18Q001M,46N01W18Q001M,Unknown,Unknown,1-003,Butte Valley,Siskiyou,142,Irrigation,Single Well,43,1971-06-30 00:00:00 - 2020-04-01 12:00:00,85,other,NA,NA,NA,NA,1972,7.61,5.02,13.43,7.29,Below Normal,SAC,1971-10-01T00:00:00Z,1972-10-01T00:00:00Z,-122.025,41.8225
418226N1220249W001,1789994,1971-12-16T00:00:00Z,4251.82,4250.82,0,19.2,4232.62,19.2,18.2,NA,Unknown,Water level accuracy is unknown,1,Department of Water Resources,NA,1,Department of Water Resources,NA,NA,24078,46N01W18Q001M,46N01W18Q001M,Unknown,Unknown,1-003,Butte Valley,Siskiyou,142,Irrigation,Single Well,43,1971-06-30 00:00:00 - 2020-04-01 12:00:00,85,other,NA,NA,NA,NA,1972,7.61,5.02,13.43,7.29,Below Normal,SAC,1971-10-01T00:00:00Z,1972-10-01T00:00:00Z,-122.025,41.8225
418226N1220249W001,1789993,1971-10-29T00:00:00Z,4251.82,4250.82,0,26.6,4225.22,26.6,25.6,NA,Unknown,Water level accuracy is unknown,1,Department of Water Resources,NA,624,Bureau of Reclamation,NA,NA,24078,46N01W18Q001M,46N01W18Q001M,Unknown,Unknown,1-003,Butte Valley,Siskiyou,142,Irrigation,Single Well,43,1971-06-30 00:00:00 - 2020-04-01 12:00:00,85,fall,18.8,84.1,NA,NA,1972,7.61,5.02,13.43,7.29,Below Normal,SAC,1971-10-01T00:00:00Z,1972-10-01T00:00:00Z,-122.025,41.8225
418226N1220249W001,1789992,1971-10-28T00:00:00Z,4251.82,4250.82,0,20.5,4231.32,20.5,19.5,NA,Unknown,Water level accuracy is unknown,1,Department of Water Resources,NA,1,Department of Water Resources,NA,NA,24078,46N01W18Q001M,46N01W18Q001M,Unknown,Unknown,1-003,Butte Valley,Siskiyou,142,Irrigation,Single Well,43,1971-06-30 00:00:00 - 2020-04-01 12:00:00,85,fall,18.8,84.1,NA,NA,1972,7.61,5.02,13.43,7.29,Below Normal,SAC,1971-10-01T00:00:00Z,1972-10-01T00:00:00Z,-122.025,41.8225
418226N1220249W001,1789991,1971-10-07T00:00:00Z,4251.82,4250.82,0,21.3,4230.52,21.3,20.3,NA,Unknown,Water level accuracy is unknown,1,Department of Water Resources,NA,624,Bureau of Reclamation,NA,NA,24078,46N01W18Q001M,46N01W18Q001M,Unknown,Unknown,1-003,Butte Valley,Siskiyou,142,Irrigation,Single Well,43,1971-06-30 00:00:00 - 2020-04-01 12:00:00,85,fall,18.8,84.1,NA,NA,1972,7.61,5.02,13.43,7.29,Below Normal,SAC,1971-10-01T00:00:00Z,1972-10-01T00:00:00Z,-122.025,41.8225
418226N1220249W001,1789990,1971-08-31T00:00:00Z,4251.82,4250.82,0,34.5,4217.32,34.5,33.5,NA,Unknown,Water level accuracy is unknown,1,Department of Water Resources,NA,624,Bureau of Reclamation,NA,NA,24078,46N01W18Q001M,46N01W18Q001M,Unknown,Unknown,1-003,Butte Valley,Siskiyou,142,Irrigation,Single Well,43,1971-06-30 00:00:00 - 2020-04-01 12:00:00,85,fall,18.8,84.1,NA,NA,1971,12.71,8.9,22.57,10.37,Wet,SAC,1970-10-01T00:00:00Z,1971-10-01T00:00:00Z,-122.025,41.8225
418226N1220249W001,1789989,1971-07-28T00:00:00Z,4251.82,4250.82,0,34,4217.82,34,33,NA,Unknown,Water level accuracy is unknown,1,Department of Water Resources,NA,624,Bureau of Reclamation,NA,NA,24078,46N01W18Q001M,46N01W18Q001M,Unknown,Unknown,1-003,Butte Valley,Siskiyou,142,Irrigation,Single Well,43,1971-06-30 00:00:00 - 2020-04-01 12:00:00,85,other,NA,NA,NA,NA,1971,12.71,8.9,22.57,10.37,Wet,SAC,1970-10-01T00:00:00Z,1971-10-01T00:00:00Z,-122.025,41.8225
418226N1220249W001,1789988,1971-06-30T00:00:00Z,4251.82,4250.82,0,27.4,4224.42,27.4,26.4,NA,Unknown,Water level accuracy is unknown,1,Department of Water Resources,NA,624,Bureau of Reclamation,NA,NA,24078,46N01W18Q001M,46N01W18Q001M,Unknown,Unknown,1-003,Butte Valley,Siskiyou,142,Irrigation,Single Well,43,1971-06-30 00:00:00 - 2020-04-01 12:00:00,85,other,NA,NA,NA,NA,1971,12.71,8.9,22.57,10.37,Wet,SAC,1970-10-01T00:00:00Z,1971-10-01T00:00:00Z,-122.025,41.8225
