SITE_CODE,WLM_ID,MSMT_DATE,WLM_RPE,WLM_GSE,RDNG_WS,RDNG_RP,WSE,RPE_WSE,GSE_WSE,WLM_QA_DESC,WLM_DESC,WLM_ACC_DESC,WLM_ORG_ID,WLM_ORG_NAME,MSMT_CMT,COOP_AGENCY_ORG_ID,COOP_ORG_NAME,TOP_PRF,BOT_PRF,STN_ID,SWN,WELL_NAME,WLM_METHOD,WLM_ACC,BASIN_CODE,BASIN_NAME,COUNTY_NAME,WELL_DEPTH,WELL_USE,WELL_TYPE,WCR_NO,t_range,n_samples,season,fall_high,fall_low,spring_high,spring_low,water_year,HUC8,WYT,water_year_type,water_year_start,water_year_end,X,Y
418371N1221105W001,2619024,2020-03-30T00:00:00Z,4339.33,4340,0,38.6,4300.73,38.6,39.27,NA,Electronic pressure transducer,Water level accuracy to nearest tenth of a foot,5109,Siskiyou County Natural Resource Department,NA,5109,Siskiyou County Natural Resource Department,NA,NA,49990,NA,BV05,GPS,20 ft.,1-003,Butte Valley,Siskiyou,284,Other,Single Well,NA,2014-04-09 11:45:00 - 2020-03-30 00:00:00,12,spring,NA,NA,35.67,50.28,2020,NA,NA,NA,2019-10-01T00:00:00Z,2020-10-01T00:00:00Z,-122.111,41.8371
418371N1221105W001,2491173,2019-10-30T00:00:00Z,4339.33,4340,0,47.6,4291.73,47.6,48.27,NA,Acoustic or sonic sounder,Water level accuracy to nearest hundredth of a foot,5109,Siskiyou County Natural Resource Department,NA,5109,Siskiyou County Natural Resource Department,NA,NA,49990,NA,BV05,GPS,20 ft.,1-003,Butte Valley,Siskiyou,284,Other,Single Well,NA,2014-04-09 11:45:00 - 2020-03-30 00:00:00,12,fall,45.04,50.37,NA,NA,2020,NA,NA,NA,2019-10-01T00:00:00Z,2020-10-01T00:00:00Z,-122.111,41.8371
418371N1221105W001,2467937,2019-03-27T00:00:00Z,4339.33,4340,0,39.5,4299.83,39.5,40.17,NA,Acoustic or sonic sounder,Water level accuracy to nearest hundredth of a foot,5109,Siskiyou County Natural Resource Department,NA,5109,Siskiyou County Natural Resource Department,NA,NA,49990,NA,BV05,GPS,20 ft.,1-003,Butte Valley,Siskiyou,284,Other,Single Well,NA,2014-04-09 11:45:00 - 2020-03-30 00:00:00,12,spring,NA,NA,35.67,50.28,2019,NA,NA,NA,2018-10-01T00:00:00Z,2019-10-01T00:00:00Z,-122.111,41.8371
418371N1221105W001,2414130,2018-10-30T00:00:00Z,4339.33,4340,0,44.37,4294.96,44.37,45.04,NA,Acoustic or sonic sounder,Water level accuracy is unknown,5109,Siskiyou County Natural Resource Department,pumping,5109,Siskiyou County Natural Resource Department,NA,NA,49990,NA,BV05,GPS,20 ft.,1-003,Butte Valley,Siskiyou,284,Other,Single Well,NA,2014-04-09 11:45:00 - 2020-03-30 00:00:00,12,fall,45.04,50.37,NA,NA,2019,NA,NA,NA,2018-10-01T00:00:00Z,2019-10-01T00:00:00Z,-122.111,41.8371
418371N1221105W001,2294922,2018-03-23T11:45:00Z,4339.33,4340,0,41.93,4297.4,41.93,42.6,NA,Acoustic or sonic sounder,Water level accuracy is unknown,5109,Siskiyou County Natural Resource Department,NA,5109,Siskiyou County Natural Resource Department,NA,NA,49990,NA,BV05,GPS,20 ft.,1-003,Butte Valley,Siskiyou,284,Other,Single Well,NA,2014-04-09 11:45:00 - 2020-03-30 00:00:00,12,spring,NA,NA,35.67,50.28,2018,18010205,Below Normal,Below Normal,2017-10-01T00:00:00Z,2018-10-01T00:00:00Z,-122.111,41.8371
418371N1221105W001,2268222,2017-10-20T11:15:00Z,4339.33,4340,0,49.12,4290.21,49.12,49.79,NA,Acoustic or sonic sounder,Water level accuracy is unknown,5109,Siskiyou County Natural Resource Department,NA,5109,Siskiyou County Natural Resource Department,NA,NA,49990,NA,BV05,GPS,20 ft.,1-003,Butte Valley,Siskiyou,284,Other,Single Well,NA,2014-04-09 11:45:00 - 2020-03-30 00:00:00,12,fall,45.04,50.37,NA,NA,2018,18010205,Below Normal,Below Normal,2017-10-01T00:00:00Z,2018-10-01T00:00:00Z,-122.111,41.8371
418371N1221105W001,2235236,2017-03-22T10:55:00Z,4339.33,4340,0,49.61,4289.72,49.61,50.28,NA,Acoustic or sonic sounder,Water level accuracy is unknown,5109,Siskiyou County Natural Resource Department,NA,5109,Siskiyou County Natural Resource Department,NA,NA,49990,NA,BV05,GPS,20 ft.,1-003,Butte Valley,Siskiyou,284,Other,Single Well,NA,2014-04-09 11:45:00 - 2020-03-30 00:00:00,12,spring,NA,NA,35.67,50.28,2017,18010205,Wet,Wet,2016-10-01T00:00:00Z,2017-10-01T00:00:00Z,-122.111,41.8371
418371N1221105W001,2213838,2016-10-20T11:20:00Z,4339.33,4340,0,49.7,4289.63,49.7,50.37,NA,Acoustic or sonic sounder,Water level accuracy is unknown,5109,Siskiyou County Natural Resource Department,NA,5109,Siskiyou County Natural Resource Department,NA,NA,49990,NA,BV05,GPS,20 ft.,1-003,Butte Valley,Siskiyou,284,Other,Single Well,NA,2014-04-09 11:45:00 - 2020-03-30 00:00:00,12,fall,45.04,50.37,NA,NA,2017,18010205,Wet,Wet,2016-10-01T00:00:00Z,2017-10-01T00:00:00Z,-122.111,41.8371
418371N1221105W001,2196738,2016-04-27T12:30:00Z,4339.33,4340,0,48.51,4290.82,48.51,49.18,NA,Electric sounder measurement,Water level accuracy to nearest tenth of a foot,5109,Siskiyou County Natural Resource Department,Well retro fitted with access port.,5109,Siskiyou County Natural Resource Department,NA,NA,49990,NA,BV05,GPS,20 ft.,1-003,Butte Valley,Siskiyou,284,Other,Single Well,NA,2014-04-09 11:45:00 - 2020-03-30 00:00:00,12,spring,NA,NA,35.67,50.28,2016,18010205,Wet,Wet,2015-10-01T00:00:00Z,2016-10-01T00:00:00Z,-122.111,41.8371
418371N1221105W001,2137672,2015-04-30T00:00:00Z,4339.33,4340,NA,NA,NA,NA,NA,Temporarily inaccessible,NA,NA,5109,Siskiyou County Natural Resource Department,NA,5109,Siskiyou County Natural Resource Department,NA,NA,49990,NA,BV05,GPS,20 ft.,1-003,Butte Valley,Siskiyou,284,Other,Single Well,NA,2014-04-09 11:45:00 - 2020-03-30 00:00:00,12,spring,NA,NA,35.67,50.28,2015,18010205,Below Normal,Below Normal,2014-10-01T00:00:00Z,2015-10-01T00:00:00Z,-122.111,41.8371
418371N1221105W001,2137673,2014-10-28T12:10:00Z,4339.33,4340,NA,NA,NA,NA,NA,Temporarily inaccessible,NA,NA,5109,Siskiyou County Natural Resource Department,NA,5109,Siskiyou County Natural Resource Department,NA,NA,49990,NA,BV05,GPS,20 ft.,1-003,Butte Valley,Siskiyou,284,Other,Single Well,NA,2014-04-09 11:45:00 - 2020-03-30 00:00:00,12,fall,45.04,50.37,NA,NA,2015,18010205,Below Normal,Below Normal,2014-10-01T00:00:00Z,2015-10-01T00:00:00Z,-122.111,41.8371
418371N1221105W001,1976530,2014-04-09T11:45:00Z,4339.33,4340,0,35,4304.33,35,35.67,NA,Electric sounder measurement,Water level accuracy to nearest foot,5109,Siskiyou County Natural Resource Department,NA,5109,Siskiyou County Natural Resource Department,NA,NA,49990,NA,BV05,GPS,20 ft.,1-003,Butte Valley,Siskiyou,284,Other,Single Well,NA,2014-04-09 11:45:00 - 2020-03-30 00:00:00,12,spring,NA,NA,35.67,50.28,2014,18010205,Critical,Critical,2013-10-01T00:00:00Z,2014-10-01T00:00:00Z,-122.111,41.8371
