SITE_CODE,WLM_ID,MSMT_DATE,WLM_RPE,WLM_GSE,RDNG_WS,RDNG_RP,WSE,RPE_WSE,GSE_WSE,WLM_QA_DESC,WLM_DESC,WLM_ACC_DESC,WLM_ORG_ID,WLM_ORG_NAME,MSMT_CMT,COOP_AGENCY_ORG_ID,COOP_ORG_NAME,TOP_PRF,BOT_PRF,STN_ID,SWN,WELL_NAME,WLM_METHOD,WLM_ACC,BASIN_CODE,BASIN_NAME,COUNTY_NAME,WELL_DEPTH,WELL_USE,WELL_TYPE,WCR_NO,t_range,n_samples,season,fall_high,fall_low,spring_high,spring_low,water_year,Oct.Mar,Apr.Jul,WYsum,Index,water_year_type,region,water_year_start,water_year_end,X,Y
418339N1220049W001,2619111,2020-04-01T12:00:00Z,4250.83,4249.83,16,75,4191.83,59,58,Oil or foreign substance in casing,Steel tape measurement,Water level accuracy to nearest tenth of a foot,1,Department of Water Resources,NA,1,Department of Water Resources,60,80,24076,46N01W17B001M,46N01W17B001M,Unknown,Unknown,1-003,Butte Valley,Siskiyou,80,Irrigation,Single Well,YES,1971-10-28 00:00:00 - 2020-04-01 12:00:00,78,spring,NA,NA,29.2,63.7,2020,NA,NA,NA,NA,NA,NA,2019-10-01T00:00:00Z,2020-10-01T00:00:00Z,-122.005,41.8338
418339N1220049W001,2453065,2019-04-03T12:00:00Z,4250.83,4249.83,NA,NA,NA,NA,NA,Pumping,NA,NA,1,Department of Water Resources,NA,1,Department of Water Resources,60,80,24076,46N01W17B001M,46N01W17B001M,Unknown,Unknown,1-003,Butte Valley,Siskiyou,80,Irrigation,Single Well,YES,1971-10-28 00:00:00 - 2020-04-01 12:00:00,78,spring,NA,NA,29.2,63.7,2019,13.11,10.66,24.77,10.34,Wet,SAC,2018-10-01T00:00:00Z,2019-10-01T00:00:00Z,-122.005,41.8338
418339N1220049W001,2413556,2018-10-30T12:00:00Z,4250.83,4249.83,19.1,70,4199.93,50.9,49.9,NA,Steel tape measurement,Water level accuracy to nearest tenth of a foot,1,Department of Water Resources,NA,1,Department of Water Resources,60,80,24076,46N01W17B001M,46N01W17B001M,Unknown,Unknown,1-003,Butte Valley,Siskiyou,80,Irrigation,Single Well,YES,1971-10-28 00:00:00 - 2020-04-01 12:00:00,78,fall,34.5,64.1,NA,NA,2019,13.11,10.66,24.77,10.34,Wet,SAC,2018-10-01T00:00:00Z,2019-10-01T00:00:00Z,-122.005,41.8338
418339N1220049W001,2286505,2018-03-29T12:00:00Z,4250.83,4249.83,11.6,70,4192.43,58.4,57.4,NA,Steel tape measurement,Water level accuracy to nearest tenth of a foot,1,Department of Water Resources,NA,1,Department of Water Resources,60,80,24076,46N01W17B001M,46N01W17B001M,Unknown,Unknown,1-003,Butte Valley,Siskiyou,80,Irrigation,Single Well,YES,1971-10-28 00:00:00 - 2020-04-01 12:00:00,78,spring,NA,NA,29.2,63.7,2018,7.09,5.05,12.86,7.14,Below Normal,SAC,2017-10-01T00:00:00Z,2018-10-01T00:00:00Z,-122.005,41.8338
418339N1220049W001,2266632,2017-10-17T12:00:00Z,4250.83,4249.83,8.9,65,4194.73,56.1,55.1,NA,Steel tape measurement,Water level accuracy to nearest tenth of a foot,1,Department of Water Resources,NA,1,Department of Water Resources,60,80,24076,46N01W17B001M,46N01W17B001M,Unknown,Unknown,1-003,Butte Valley,Siskiyou,80,Irrigation,Single Well,YES,1971-10-28 00:00:00 - 2020-04-01 12:00:00,78,fall,34.5,64.1,NA,NA,2018,7.09,5.05,12.86,7.14,Below Normal,SAC,2017-10-01T00:00:00Z,2018-10-01T00:00:00Z,-122.005,41.8338
418339N1220049W001,2241610,2017-03-23T12:00:00Z,4250.83,4249.83,0.3,65,4186.13,64.7,63.7,NA,Steel tape measurement,Water level accuracy to nearest tenth of a foot,1,Department of Water Resources,NA,1,Department of Water Resources,60,80,24076,46N01W17B001M,46N01W17B001M,Unknown,Unknown,1-003,Butte Valley,Siskiyou,80,Irrigation,Single Well,YES,1971-10-28 00:00:00 - 2020-04-01 12:00:00,78,spring,NA,NA,29.2,63.7,2017,26.17,10.69,37.82,14.14,Wet,SAC,2016-10-01T00:00:00Z,2017-10-01T00:00:00Z,-122.005,41.8338
418339N1220049W001,2214901,2016-10-20T12:00:00Z,4250.83,4249.83,14.9,80,4185.73,65.1,64.1,Oil or foreign substance in casing,Steel tape measurement,Water level accuracy to nearest tenth of a foot,1,Department of Water Resources,NA,1,Department of Water Resources,60,80,24076,46N01W17B001M,46N01W17B001M,Unknown,Unknown,1-003,Butte Valley,Siskiyou,80,Irrigation,Single Well,YES,1971-10-28 00:00:00 - 2020-04-01 12:00:00,78,fall,34.5,64.1,NA,NA,2017,26.17,10.69,37.82,14.14,Wet,SAC,2016-10-01T00:00:00Z,2017-10-01T00:00:00Z,-122.005,41.8338
418339N1220049W001,2184889,2016-03-22T12:00:00Z,4250.83,4249.83,20.4,80,4191.23,59.6,58.6,Oil or foreign substance in casing,Steel tape measurement,Water level accuracy to nearest tenth of a foot,1,Department of Water Resources,NA,1,Department of Water Resources,60,80,24076,46N01W17B001M,46N01W17B001M,Unknown,Unknown,1-003,Butte Valley,Siskiyou,80,Irrigation,Single Well,YES,1971-10-28 00:00:00 - 2020-04-01 12:00:00,78,spring,NA,NA,29.2,63.7,2016,12.24,4.6,17.48,6.71,Below Normal,SAC,2015-10-01T00:00:00Z,2016-10-01T00:00:00Z,-122.005,41.8338
418339N1220049W001,2158513,2015-10-19T00:00:00Z,4250.83,4249.83,21.1,85,4186.93,63.9,62.9,Oil or foreign substance in casing,Steel tape measurement,Water level accuracy to nearest tenth of a foot,1,Department of Water Resources,NA,1,Department of Water Resources,60,80,24076,46N01W17B001M,46N01W17B001M,Unknown,Unknown,1-003,Butte Valley,Siskiyou,80,Irrigation,Single Well,YES,1971-10-28 00:00:00 - 2020-04-01 12:00:00,78,fall,34.5,64.1,NA,NA,2016,12.24,4.6,17.48,6.71,Below Normal,SAC,2015-10-01T00:00:00Z,2016-10-01T00:00:00Z,-122.005,41.8338
418339N1220049W001,2130470,2015-03-23T00:00:00Z,4250.83,4249.83,13,72,4191.83,59,58,Oil or foreign substance in casing,Steel tape measurement,Water level accuracy to nearest tenth of a foot,1,Department of Water Resources,NA,1,Department of Water Resources,60,80,24076,46N01W17B001M,46N01W17B001M,Unknown,Unknown,1-003,Butte Valley,Siskiyou,80,Irrigation,Single Well,YES,1971-10-28 00:00:00 - 2020-04-01 12:00:00,78,spring,NA,NA,29.2,63.7,2015,6.91,1.77,9.23,4,Critical,SAC,2014-10-01T00:00:00Z,2015-10-01T00:00:00Z,-122.005,41.8338
418339N1220049W001,2029081,2014-10-20T00:00:00Z,4250.83,4249.83,16.2,80,4187.03,63.8,62.8,NA,Steel tape measurement,Water level accuracy to nearest tenth of a foot,1,Department of Water Resources,NA,1,Department of Water Resources,60,80,24076,46N01W17B001M,46N01W17B001M,Unknown,Unknown,1-003,Butte Valley,Siskiyou,80,Irrigation,Single Well,YES,1971-10-28 00:00:00 - 2020-04-01 12:00:00,78,fall,34.5,64.1,NA,NA,2015,6.91,1.77,9.23,4,Critical,SAC,2014-10-01T00:00:00Z,2015-10-01T00:00:00Z,-122.005,41.8338
418339N1220049W001,1885348,2014-03-24T00:00:00Z,4250.83,4249.83,17.9,76,4192.73,58.1,57.1,Oil or foreign substance in casing,Steel tape measurement,Water level accuracy to nearest tenth of a foot,1,Department of Water Resources,NA,1,Department of Water Resources,60,80,24076,46N01W17B001M,46N01W17B001M,Unknown,Unknown,1-003,Butte Valley,Siskiyou,80,Irrigation,Single Well,YES,1971-10-28 00:00:00 - 2020-04-01 12:00:00,78,spring,NA,NA,29.2,63.7,2014,4.29,2.59,7.46,4.07,Critical,SAC,2013-10-01T00:00:00Z,2014-10-01T00:00:00Z,-122.005,41.8338
418339N1220049W001,1797520,2013-10-21T00:00:00Z,4250.83,4249.83,NA,NA,NA,NA,NA,Pumping,NA,NA,1,Department of Water Resources,NA,1,Department of Water Resources,60,80,24076,46N01W17B001M,46N01W17B001M,Unknown,Unknown,1-003,Butte Valley,Siskiyou,80,Irrigation,Single Well,YES,1971-10-28 00:00:00 - 2020-04-01 12:00:00,78,fall,34.5,64.1,NA,NA,2014,4.29,2.59,7.46,4.07,Critical,SAC,2013-10-01T00:00:00Z,2014-10-01T00:00:00Z,-122.005,41.8338
418339N1220049W001,1685053,2013-03-25T00:00:00Z,4250.83,4249.83,22,78,4194.83,56,55,Oil or foreign substance in casing,Steel tape measurement,Water level accuracy to nearest tenth of a foot,1,Department of Water Resources,NA,1,Department of Water Resources,60,80,24076,46N01W17B001M,46N01W17B001M,Unknown,Unknown,1-003,Butte Valley,Siskiyou,80,Irrigation,Single Well,YES,1971-10-28 00:00:00 - 2020-04-01 12:00:00,78,spring,NA,NA,29.2,63.7,2013,8.52,3.01,12.19,5.83,Dry,SAC,2012-10-01T00:00:00Z,2013-10-01T00:00:00Z,-122.005,41.8338
418339N1220049W001,70269,2012-10-29T00:00:00Z,4250.83,4249.83,17.2,78,4190.03,60.8,59.8,Oil or foreign substance in casing,Steel tape measurement,Water level accuracy to nearest tenth of a foot,1,Department of Water Resources,NA,1,Department of Water Resources,60,80,24076,46N01W17B001M,46N01W17B001M,Unknown,Unknown,1-003,Butte Valley,Siskiyou,80,Irrigation,Single Well,YES,1971-10-28 00:00:00 - 2020-04-01 12:00:00,78,fall,34.5,64.1,NA,NA,2013,8.52,3.01,12.19,5.83,Dry,SAC,2012-10-01T00:00:00Z,2013-10-01T00:00:00Z,-122.005,41.8338
418339N1220049W001,59900,2012-04-17T00:00:00Z,4250.83,4249.83,0.9,55,4196.73,54.1,53.1,Oil or foreign substance in casing,Steel tape measurement,Water level accuracy to nearest tenth of a foot,1,Department of Water Resources,NA,1,Department of Water Resources,60,80,24076,46N01W17B001M,46N01W17B001M,Unknown,Unknown,1-003,Butte Valley,Siskiyou,80,Irrigation,Single Well,YES,1971-10-28 00:00:00 - 2020-04-01 12:00:00,78,spring,NA,NA,29.2,63.7,2012,5.69,5.46,11.84,6.89,Below Normal,SAC,2011-10-01T00:00:00Z,2012-10-01T00:00:00Z,-122.005,41.8338
418339N1220049W001,41177,2011-10-18T00:00:00Z,4250.83,4249.83,0,61.9,4188.93,61.9,60.9,Oil or foreign substance in casing,Steel tape measurement,Water level accuracy to nearest tenth of a foot,1,Department of Water Resources,NA,1,Department of Water Resources,60,80,24076,46N01W17B001M,46N01W17B001M,Unknown,Unknown,1-003,Butte Valley,Siskiyou,80,Irrigation,Single Well,YES,1971-10-28 00:00:00 - 2020-04-01 12:00:00,78,fall,34.5,64.1,NA,NA,2012,5.69,5.46,11.84,6.89,Below Normal,SAC,2011-10-01T00:00:00Z,2012-10-01T00:00:00Z,-122.005,41.8338
418339N1220049W001,679694,2011-10-18T00:00:00Z,4250.83,4249.83,0,61.9,4188.93,61.9,60.9,Oil or foreign substance in casing,Unknown,Water level accuracy is unknown,1,Department of Water Resources,NA,1,Department of Water Resources,60,80,24076,46N01W17B001M,46N01W17B001M,Unknown,Unknown,1-003,Butte Valley,Siskiyou,80,Irrigation,Single Well,YES,1971-10-28 00:00:00 - 2020-04-01 12:00:00,78,fall,34.5,64.1,NA,NA,2012,5.69,5.46,11.84,6.89,Below Normal,SAC,2011-10-01T00:00:00Z,2012-10-01T00:00:00Z,-122.005,41.8338
418339N1220049W001,679693,2011-04-20T00:00:00Z,4250.83,4249.83,0,55,4195.83,55,54,NA,Unknown,Water level accuracy is unknown,1,Department of Water Resources,NA,1,Department of Water Resources,60,80,24076,46N01W17B001M,46N01W17B001M,Unknown,Unknown,1-003,Butte Valley,Siskiyou,80,Irrigation,Single Well,YES,1971-10-28 00:00:00 - 2020-04-01 12:00:00,78,spring,NA,NA,29.2,63.7,2011,12.68,11.53,25.21,10.54,Wet,SAC,2010-10-01T00:00:00Z,2011-10-01T00:00:00Z,-122.005,41.8338
418339N1220049W001,679692,2010-10-25T00:00:00Z,4250.83,4249.83,0,61.9,4188.93,61.9,60.9,Oil or foreign substance in casing,Unknown,Water level accuracy is unknown,1,Department of Water Resources,NA,1,Department of Water Resources,60,80,24076,46N01W17B001M,46N01W17B001M,Unknown,Unknown,1-003,Butte Valley,Siskiyou,80,Irrigation,Single Well,YES,1971-10-28 00:00:00 - 2020-04-01 12:00:00,78,fall,34.5,64.1,NA,NA,2011,12.68,11.53,25.21,10.54,Wet,SAC,2010-10-01T00:00:00Z,2011-10-01T00:00:00Z,-122.005,41.8338
418339N1220049W001,679691,2010-03-30T00:00:00Z,4250.83,4249.83,0,53.5,4197.33,53.5,52.5,Oil or foreign substance in casing,Unknown,Water level accuracy is unknown,1,Department of Water Resources,NA,1,Department of Water Resources,60,80,24076,46N01W17B001M,46N01W17B001M,Unknown,Unknown,1-003,Butte Valley,Siskiyou,80,Irrigation,Single Well,YES,1971-10-28 00:00:00 - 2020-04-01 12:00:00,78,spring,NA,NA,29.2,63.7,2010,7.45,7.78,16.01,7.08,Below Normal,SAC,2009-10-01T00:00:00Z,2010-10-01T00:00:00Z,-122.005,41.8338
418339N1220049W001,679690,2009-10-27T00:00:00Z,4250.83,4249.83,0,59.3,4191.53,59.3,58.3,NA,Unknown,Water level accuracy is unknown,1,Department of Water Resources,NA,1,Department of Water Resources,60,80,24076,46N01W17B001M,46N01W17B001M,Unknown,Unknown,1-003,Butte Valley,Siskiyou,80,Irrigation,Single Well,YES,1971-10-28 00:00:00 - 2020-04-01 12:00:00,78,fall,34.5,64.1,NA,NA,2010,7.45,7.78,16.01,7.08,Below Normal,SAC,2009-10-01T00:00:00Z,2010-10-01T00:00:00Z,-122.005,41.8338
418339N1220049W001,679689,2009-04-08T00:00:00Z,4250.83,4249.83,0,50.05,4200.78,50.05,49.05,NA,Unknown,Water level accuracy is unknown,1,Department of Water Resources,NA,1,Department of Water Resources,60,80,24076,46N01W17B001M,46N01W17B001M,Unknown,Unknown,1-003,Butte Valley,Siskiyou,80,Irrigation,Single Well,YES,1971-10-28 00:00:00 - 2020-04-01 12:00:00,78,spring,NA,NA,29.2,63.7,2009,7.05,5.3,13.02,5.78,Dry,SAC,2008-10-01T00:00:00Z,2009-10-01T00:00:00Z,-122.005,41.8338
418339N1220049W001,679688,2008-10-30T00:00:00Z,4250.83,4249.83,0,55.2,4195.63,55.2,54.2,NA,Unknown,Water level accuracy is unknown,1,Department of Water Resources,NA,1,Department of Water Resources,60,80,24076,46N01W17B001M,46N01W17B001M,Unknown,Unknown,1-003,Butte Valley,Siskiyou,80,Irrigation,Single Well,YES,1971-10-28 00:00:00 - 2020-04-01 12:00:00,78,fall,34.5,64.1,NA,NA,2009,7.05,5.3,13.02,5.78,Dry,SAC,2008-10-01T00:00:00Z,2009-10-01T00:00:00Z,-122.005,41.8338
418339N1220049W001,679687,2008-04-04T00:00:00Z,4250.83,4249.83,0,47.9,4202.93,47.9,46.9,Oil or foreign substance in casing,Unknown,Water level accuracy is unknown,1,Department of Water Resources,NA,1,Department of Water Resources,60,80,24076,46N01W17B001M,46N01W17B001M,Unknown,Unknown,1-003,Butte Valley,Siskiyou,80,Irrigation,Single Well,YES,1971-10-28 00:00:00 - 2020-04-01 12:00:00,78,spring,NA,NA,29.2,63.7,2008,5.9,3.82,10.28,5.16,Critical,SAC,2007-10-01T00:00:00Z,2008-10-01T00:00:00Z,-122.005,41.8338
418339N1220049W001,679686,2007-10-25T00:00:00Z,4250.83,4249.83,0,53.2,4197.63,53.2,52.2,Oil or foreign substance in casing,Unknown,Water level accuracy is unknown,1,Department of Water Resources,NA,1,Department of Water Resources,60,80,24076,46N01W17B001M,46N01W17B001M,Unknown,Unknown,1-003,Butte Valley,Siskiyou,80,Irrigation,Single Well,YES,1971-10-28 00:00:00 - 2020-04-01 12:00:00,78,fall,34.5,64.1,NA,NA,2008,5.9,3.82,10.28,5.16,Critical,SAC,2007-10-01T00:00:00Z,2008-10-01T00:00:00Z,-122.005,41.8338
418339N1220049W001,679685,2007-03-29T00:00:00Z,4250.83,4249.83,0,46.1,4204.73,46.1,45.1,Oil or foreign substance in casing,Unknown,Water level accuracy is unknown,1,Department of Water Resources,NA,1,Department of Water Resources,60,80,24076,46N01W17B001M,46N01W17B001M,Unknown,Unknown,1-003,Butte Valley,Siskiyou,80,Irrigation,Single Well,YES,1971-10-28 00:00:00 - 2020-04-01 12:00:00,78,spring,NA,NA,29.2,63.7,2007,6.59,3.04,10.28,6.19,Dry,SAC,2006-10-01T00:00:00Z,2007-10-01T00:00:00Z,-122.005,41.8338
418339N1220049W001,679684,2006-10-12T00:00:00Z,4250.83,4249.83,NA,NA,NA,NA,NA,Pumping,NA,NA,1,Department of Water Resources,NA,1,Department of Water Resources,60,80,24076,46N01W17B001M,46N01W17B001M,Unknown,Unknown,1-003,Butte Valley,Siskiyou,80,Irrigation,Single Well,YES,1971-10-28 00:00:00 - 2020-04-01 12:00:00,78,fall,34.5,64.1,NA,NA,2007,6.59,3.04,10.28,6.19,Dry,SAC,2006-10-01T00:00:00Z,2007-10-01T00:00:00Z,-122.005,41.8338
418339N1220049W001,679683,2006-04-18T00:00:00Z,4250.83,4249.83,0,46.8,4204.03,46.8,45.8,Oil or foreign substance in casing,Unknown,Water level accuracy is unknown,1,Department of Water Resources,NA,1,Department of Water Resources,60,80,24076,46N01W17B001M,46N01W17B001M,Unknown,Unknown,1-003,Butte Valley,Siskiyou,80,Irrigation,Single Well,YES,1971-10-28 00:00:00 - 2020-04-01 12:00:00,78,spring,NA,NA,29.2,63.7,2006,18.06,13.09,32.09,13.2,Wet,SAC,2005-10-01T00:00:00Z,2006-10-01T00:00:00Z,-122.005,41.8338
418339N1220049W001,679682,2005-10-10T00:00:00Z,4250.83,4249.83,0,52,4198.83,52,51,Oil or foreign substance in casing,Unknown,Water level accuracy is unknown,1,Department of Water Resources,NA,1,Department of Water Resources,60,80,24076,46N01W17B001M,46N01W17B001M,Unknown,Unknown,1-003,Butte Valley,Siskiyou,80,Irrigation,Single Well,YES,1971-10-28 00:00:00 - 2020-04-01 12:00:00,78,fall,34.5,64.1,NA,NA,2006,18.06,13.09,32.09,13.2,Wet,SAC,2005-10-01T00:00:00Z,2006-10-01T00:00:00Z,-122.005,41.8338
418339N1220049W001,679681,2005-04-05T00:00:00Z,4250.83,4249.83,0,46.4,4204.43,46.4,45.4,Oil or foreign substance in casing,Unknown,Water level accuracy is unknown,1,Department of Water Resources,NA,1,Department of Water Resources,60,80,24076,46N01W17B001M,46N01W17B001M,Unknown,Unknown,1-003,Butte Valley,Siskiyou,80,Irrigation,Single Well,YES,1971-10-28 00:00:00 - 2020-04-01 12:00:00,78,spring,NA,NA,29.2,63.7,2005,8.4,9.28,18.55,8.49,Above Normal,SAC,2004-10-01T00:00:00Z,2005-10-01T00:00:00Z,-122.005,41.8338
418339N1220049W001,679680,2004-11-02T00:00:00Z,4250.83,4249.83,0,51.5,4199.33,51.5,50.5,Oil or foreign substance in casing,Unknown,Water level accuracy is unknown,1,Department of Water Resources,NA,1,Department of Water Resources,60,80,24076,46N01W17B001M,46N01W17B001M,Unknown,Unknown,1-003,Butte Valley,Siskiyou,80,Irrigation,Single Well,YES,1971-10-28 00:00:00 - 2020-04-01 12:00:00,78,fall,34.5,64.1,NA,NA,2005,8.4,9.28,18.55,8.49,Above Normal,SAC,2004-10-01T00:00:00Z,2005-10-01T00:00:00Z,-122.005,41.8338
418339N1220049W001,679679,2004-03-30T00:00:00Z,4250.83,4249.83,0,43.9,4206.93,43.9,42.9,Oil or foreign substance in casing,Unknown,Water level accuracy is unknown,1,Department of Water Resources,NA,1,Department of Water Resources,60,80,24076,46N01W17B001M,46N01W17B001M,Unknown,Unknown,1-003,Butte Valley,Siskiyou,80,Irrigation,Single Well,YES,1971-10-28 00:00:00 - 2020-04-01 12:00:00,78,spring,NA,NA,29.2,63.7,2004,10.95,4.4,16.04,7.51,Below Normal,SAC,2003-10-01T00:00:00Z,2004-10-01T00:00:00Z,-122.005,41.8338
418339N1220049W001,679678,2003-10-20T00:00:00Z,4250.83,4249.83,0,47.5,4203.33,47.5,46.5,Oil or foreign substance in casing,Unknown,Water level accuracy is unknown,1,Department of Water Resources,NA,1,Department of Water Resources,60,80,24076,46N01W17B001M,46N01W17B001M,Unknown,Unknown,1-003,Butte Valley,Siskiyou,80,Irrigation,Single Well,YES,1971-10-28 00:00:00 - 2020-04-01 12:00:00,78,fall,34.5,64.1,NA,NA,2004,10.95,4.4,16.04,7.51,Below Normal,SAC,2003-10-01T00:00:00Z,2004-10-01T00:00:00Z,-122.005,41.8338
418339N1220049W001,679677,2003-04-01T00:00:00Z,4250.83,4249.83,0,42.5,4208.33,42.5,41.5,Oil or foreign substance in casing,Unknown,Water level accuracy is unknown,1,Department of Water Resources,NA,1,Department of Water Resources,60,80,24076,46N01W17B001M,46N01W17B001M,Unknown,Unknown,1-003,Butte Valley,Siskiyou,80,Irrigation,Single Well,YES,1971-10-28 00:00:00 - 2020-04-01 12:00:00,78,spring,NA,NA,29.2,63.7,2003,10.71,7.74,19.31,8.21,Above Normal,SAC,2002-10-01T00:00:00Z,2003-10-01T00:00:00Z,-122.005,41.8338
418339N1220049W001,679676,2002-10-11T00:00:00Z,4250.83,4249.83,0,46.3,4204.53,46.3,45.3,Oil or foreign substance in casing,Unknown,Water level accuracy is unknown,1,Department of Water Resources,NA,1,Department of Water Resources,60,80,24076,46N01W17B001M,46N01W17B001M,Unknown,Unknown,1-003,Butte Valley,Siskiyou,80,Irrigation,Single Well,YES,1971-10-28 00:00:00 - 2020-04-01 12:00:00,78,fall,34.5,64.1,NA,NA,2003,10.71,7.74,19.31,8.21,Above Normal,SAC,2002-10-01T00:00:00Z,2003-10-01T00:00:00Z,-122.005,41.8338
418339N1220049W001,679675,2002-03-26T00:00:00Z,4250.83,4249.83,0,40.1,4210.73,40.1,39.1,Oil or foreign substance in casing,Unknown,Water level accuracy is unknown,1,Department of Water Resources,NA,1,Department of Water Resources,60,80,24076,46N01W17B001M,46N01W17B001M,Unknown,Unknown,1-003,Butte Valley,Siskiyou,80,Irrigation,Single Well,YES,1971-10-28 00:00:00 - 2020-04-01 12:00:00,78,spring,NA,NA,29.2,63.7,2002,9.32,4.57,14.6,6.35,Dry,SAC,2001-10-01T00:00:00Z,2002-10-01T00:00:00Z,-122.005,41.8338
418339N1220049W001,679674,2001-10-24T00:00:00Z,4250.83,4249.83,0,42.6,4208.23,42.6,41.6,Nearby pump operating,Unknown,Water level accuracy is unknown,1,Department of Water Resources,NA,1,Department of Water Resources,60,80,24076,46N01W17B001M,46N01W17B001M,Unknown,Unknown,1-003,Butte Valley,Siskiyou,80,Irrigation,Single Well,YES,1971-10-28 00:00:00 - 2020-04-01 12:00:00,78,fall,34.5,64.1,NA,NA,2002,9.32,4.57,14.6,6.35,Dry,SAC,2001-10-01T00:00:00Z,2002-10-01T00:00:00Z,-122.005,41.8338
418339N1220049W001,679673,2001-04-03T00:00:00Z,4250.83,4249.83,0,37.6,4213.23,37.6,36.6,NA,Unknown,Water level accuracy is unknown,1,Department of Water Resources,NA,1,Department of Water Resources,60,80,24076,46N01W17B001M,46N01W17B001M,Unknown,Unknown,1-003,Butte Valley,Siskiyou,80,Irrigation,Single Well,YES,1971-10-28 00:00:00 - 2020-04-01 12:00:00,78,spring,NA,NA,29.2,63.7,2001,5.64,3.46,9.81,5.76,Dry,SAC,2000-10-01T00:00:00Z,2001-10-01T00:00:00Z,-122.005,41.8338
418339N1220049W001,679672,2000-10-10T00:00:00Z,4250.83,4249.83,0,41.3,4209.53,41.3,40.3,NA,Unknown,Water level accuracy is unknown,1,Department of Water Resources,NA,1,Department of Water Resources,60,80,24076,46N01W17B001M,46N01W17B001M,Unknown,Unknown,1-003,Butte Valley,Siskiyou,80,Irrigation,Single Well,YES,1971-10-28 00:00:00 - 2020-04-01 12:00:00,78,fall,34.5,64.1,NA,NA,2001,5.64,3.46,9.81,5.76,Dry,SAC,2000-10-01T00:00:00Z,2001-10-01T00:00:00Z,-122.005,41.8338
418339N1220049W001,679671,2000-03-22T00:00:00Z,4250.83,4249.83,0,37.4,4213.43,37.4,36.4,NA,Unknown,Water level accuracy is unknown,1,Department of Water Resources,NA,1,Department of Water Resources,60,80,24076,46N01W17B001M,46N01W17B001M,Unknown,Unknown,1-003,Butte Valley,Siskiyou,80,Irrigation,Single Well,YES,1971-10-28 00:00:00 - 2020-04-01 12:00:00,78,spring,NA,NA,29.2,63.7,2000,12.06,5.96,18.9,8.94,Above Normal,SAC,1999-10-01T00:00:00Z,2000-10-01T00:00:00Z,-122.005,41.8338
418339N1220049W001,679669,1999-10-26T00:00:00Z,4250.83,4249.83,0,41.3,4209.53,41.3,40.3,Oil or foreign substance in casing,Unknown,Water level accuracy is unknown,1,Department of Water Resources,NA,1,Department of Water Resources,60,80,24076,46N01W17B001M,46N01W17B001M,Unknown,Unknown,1-003,Butte Valley,Siskiyou,80,Irrigation,Single Well,YES,1971-10-28 00:00:00 - 2020-04-01 12:00:00,78,fall,34.5,64.1,NA,NA,2000,12.06,5.96,18.9,8.94,Above Normal,SAC,1999-10-01T00:00:00Z,2000-10-01T00:00:00Z,-122.005,41.8338
418339N1220049W001,679670,1999-03-16T00:00:00Z,4250.83,4249.83,0,38.2,4212.63,38.2,37.2,NA,Unknown,Water level accuracy is unknown,1,Department of Water Resources,NA,1,Department of Water Resources,60,80,24076,46N01W17B001M,46N01W17B001M,Unknown,Unknown,1-003,Butte Valley,Siskiyou,80,Irrigation,Single Well,YES,1971-10-28 00:00:00 - 2020-04-01 12:00:00,78,spring,NA,NA,29.2,63.7,1999,12.97,7.26,21.19,9.8,Wet,SAC,1998-10-01T00:00:00Z,1999-10-01T00:00:00Z,-122.005,41.8338
418339N1220049W001,679668,1998-10-27T00:00:00Z,4250.83,4249.83,0,41.4,4209.43,41.4,40.4,Oil or foreign substance in casing,Unknown,Water level accuracy is unknown,1,Department of Water Resources,NA,1,Department of Water Resources,60,80,24076,46N01W17B001M,46N01W17B001M,Unknown,Unknown,1-003,Butte Valley,Siskiyou,80,Irrigation,Single Well,YES,1971-10-28 00:00:00 - 2020-04-01 12:00:00,78,fall,34.5,64.1,NA,NA,1999,12.97,7.26,21.19,9.8,Wet,SAC,1998-10-01T00:00:00Z,1999-10-01T00:00:00Z,-122.005,41.8338
418339N1220049W001,679667,1998-03-30T00:00:00Z,4250.83,4249.83,0,42,4208.83,42,41,NA,Unknown,Water level accuracy is unknown,1,Department of Water Resources,NA,1,Department of Water Resources,60,80,24076,46N01W17B001M,46N01W17B001M,Unknown,Unknown,1-003,Butte Valley,Siskiyou,80,Irrigation,Single Well,YES,1971-10-28 00:00:00 - 2020-04-01 12:00:00,78,spring,NA,NA,29.2,63.7,1998,17.65,12.54,31.4,13.31,Wet,SAC,1997-10-01T00:00:00Z,1998-10-01T00:00:00Z,-122.005,41.8338
418339N1220049W001,679666,1997-10-21T00:00:00Z,4250.83,4249.83,0,45.4,4205.43,45.4,44.4,NA,Unknown,Water level accuracy is unknown,1,Department of Water Resources,NA,1,Department of Water Resources,60,80,24076,46N01W17B001M,46N01W17B001M,Unknown,Unknown,1-003,Butte Valley,Siskiyou,80,Irrigation,Single Well,YES,1971-10-28 00:00:00 - 2020-04-01 12:00:00,78,fall,34.5,64.1,NA,NA,1998,17.65,12.54,31.4,13.31,Wet,SAC,1997-10-01T00:00:00Z,1998-10-01T00:00:00Z,-122.005,41.8338
418339N1220049W001,679665,1997-03-11T00:00:00Z,4250.83,4249.83,0,45,4205.83,45,44,NA,Unknown,Water level accuracy is unknown,1,Department of Water Resources,NA,1,Department of Water Resources,60,80,24076,46N01W17B001M,46N01W17B001M,Unknown,Unknown,1-003,Butte Valley,Siskiyou,80,Irrigation,Single Well,YES,1971-10-28 00:00:00 - 2020-04-01 12:00:00,78,spring,NA,NA,29.2,63.7,1997,20.22,4.39,25.42,10.82,Wet,SAC,1996-10-01T00:00:00Z,1997-10-01T00:00:00Z,-122.005,41.8338
418339N1220049W001,679664,1996-10-21T00:00:00Z,4250.83,4249.83,0,49.9,4200.93,49.9,48.9,NA,Unknown,Water level accuracy is unknown,1,Department of Water Resources,NA,1,Department of Water Resources,60,80,24076,46N01W17B001M,46N01W17B001M,Unknown,Unknown,1-003,Butte Valley,Siskiyou,80,Irrigation,Single Well,YES,1971-10-28 00:00:00 - 2020-04-01 12:00:00,78,fall,34.5,64.1,NA,NA,1997,20.22,4.39,25.42,10.82,Wet,SAC,1996-10-01T00:00:00Z,1997-10-01T00:00:00Z,-122.005,41.8338
418339N1220049W001,679663,1996-03-26T00:00:00Z,4250.83,4249.83,0,48,4202.83,48,47,NA,Unknown,Water level accuracy is unknown,1,Department of Water Resources,NA,1,Department of Water Resources,60,80,24076,46N01W17B001M,46N01W17B001M,Unknown,Unknown,1-003,Butte Valley,Siskiyou,80,Irrigation,Single Well,YES,1971-10-28 00:00:00 - 2020-04-01 12:00:00,78,spring,NA,NA,29.2,63.7,1996,13.05,8.37,22.29,10.26,Wet,SAC,1995-10-01T00:00:00Z,1996-10-01T00:00:00Z,-122.005,41.8338
418339N1220049W001,679662,1995-10-17T00:00:00Z,4250.83,4249.83,0,51.8,4199.03,51.8,50.8,NA,Unknown,Water level accuracy is unknown,1,Department of Water Resources,NA,1,Department of Water Resources,60,80,24076,46N01W17B001M,46N01W17B001M,Unknown,Unknown,1-003,Butte Valley,Siskiyou,80,Irrigation,Single Well,YES,1971-10-28 00:00:00 - 2020-04-01 12:00:00,78,fall,34.5,64.1,NA,NA,1996,13.05,8.37,22.29,10.26,Wet,SAC,1995-10-01T00:00:00Z,1996-10-01T00:00:00Z,-122.005,41.8338
418339N1220049W001,679661,1995-03-27T00:00:00Z,4250.83,4249.83,0,46.9,4203.93,46.9,45.9,NA,Unknown,Water level accuracy is unknown,1,Department of Water Resources,NA,1,Department of Water Resources,60,80,24076,46N01W17B001M,46N01W17B001M,Unknown,Unknown,1-003,Butte Valley,Siskiyou,80,Irrigation,Single Well,YES,1971-10-28 00:00:00 - 2020-04-01 12:00:00,78,spring,NA,NA,29.2,63.7,1995,19.83,13.6,34.55,12.89,Wet,SAC,1994-10-01T00:00:00Z,1995-10-01T00:00:00Z,-122.005,41.8338
418339N1220049W001,679660,1994-10-26T00:00:00Z,4250.83,4249.83,0,51.9,4198.93,51.9,50.9,NA,Unknown,Water level accuracy is unknown,1,Department of Water Resources,NA,1,Department of Water Resources,60,80,24076,46N01W17B001M,46N01W17B001M,Unknown,Unknown,1-003,Butte Valley,Siskiyou,80,Irrigation,Single Well,YES,1971-10-28 00:00:00 - 2020-04-01 12:00:00,78,fall,34.5,64.1,NA,NA,1995,19.83,13.6,34.55,12.89,Wet,SAC,1994-10-01T00:00:00Z,1995-10-01T00:00:00Z,-122.005,41.8338
418339N1220049W001,679659,1994-03-29T00:00:00Z,4250.83,4249.83,0,46.1,4204.73,46.1,45.1,NA,Unknown,Water level accuracy is unknown,1,Department of Water Resources,NA,1,Department of Water Resources,60,80,24076,46N01W17B001M,46N01W17B001M,Unknown,Unknown,1-003,Butte Valley,Siskiyou,80,Irrigation,Single Well,YES,1971-10-28 00:00:00 - 2020-04-01 12:00:00,78,spring,NA,NA,29.2,63.7,1994,4.55,2.73,7.81,5.02,Critical,SAC,1993-10-01T00:00:00Z,1994-10-01T00:00:00Z,-122.005,41.8338
418339N1220049W001,679658,1993-10-14T00:00:00Z,4250.83,4249.83,0,50.7,4200.13,50.7,49.7,NA,Unknown,Water level accuracy is unknown,1,Department of Water Resources,NA,1,Department of Water Resources,60,80,24076,46N01W17B001M,46N01W17B001M,Unknown,Unknown,1-003,Butte Valley,Siskiyou,80,Irrigation,Single Well,YES,1971-10-28 00:00:00 - 2020-04-01 12:00:00,78,fall,34.5,64.1,NA,NA,1994,4.55,2.73,7.81,5.02,Critical,SAC,1993-10-01T00:00:00Z,1994-10-01T00:00:00Z,-122.005,41.8338
418339N1220049W001,679657,1993-03-17T00:00:00Z,4250.83,4249.83,0,47.3,4203.53,47.3,46.3,NA,Unknown,Water level accuracy is unknown,1,Department of Water Resources,NA,1,Department of Water Resources,60,80,24076,46N01W17B001M,46N01W17B001M,Unknown,Unknown,1-003,Butte Valley,Siskiyou,80,Irrigation,Single Well,YES,1971-10-28 00:00:00 - 2020-04-01 12:00:00,78,spring,NA,NA,29.2,63.7,1993,12.44,8.98,22.21,8.54,Above Normal,SAC,1992-10-01T00:00:00Z,1993-10-01T00:00:00Z,-122.005,41.8338
418339N1220049W001,679656,1992-10-19T00:00:00Z,4250.83,4249.83,0,51.5,4199.33,51.5,50.5,NA,Unknown,Water level accuracy is unknown,1,Department of Water Resources,NA,1,Department of Water Resources,60,80,24076,46N01W17B001M,46N01W17B001M,Unknown,Unknown,1-003,Butte Valley,Siskiyou,80,Irrigation,Single Well,YES,1971-10-28 00:00:00 - 2020-04-01 12:00:00,78,fall,34.5,64.1,NA,NA,1993,12.44,8.98,22.21,8.54,Above Normal,SAC,1992-10-01T00:00:00Z,1993-10-01T00:00:00Z,-122.005,41.8338
418339N1220049W001,679655,1992-03-02T00:00:00Z,4250.83,4249.83,0,44.3,4206.53,44.3,43.3,NA,Unknown,Water level accuracy is unknown,1,Department of Water Resources,NA,1,Department of Water Resources,60,80,24076,46N01W17B001M,46N01W17B001M,Unknown,Unknown,1-003,Butte Valley,Siskiyou,80,Irrigation,Single Well,YES,1971-10-28 00:00:00 - 2020-04-01 12:00:00,78,spring,NA,NA,29.2,63.7,1992,5.41,2.93,8.87,4.06,Critical,SAC,1991-10-01T00:00:00Z,1992-10-01T00:00:00Z,-122.005,41.8338
418339N1220049W001,679654,1991-09-30T00:00:00Z,4250.83,4249.83,0,48.8,4202.03,48.8,47.8,NA,Unknown,Water level accuracy is unknown,1,Department of Water Resources,NA,1,Department of Water Resources,60,80,24076,46N01W17B001M,46N01W17B001M,Unknown,Unknown,1-003,Butte Valley,Siskiyou,80,Irrigation,Single Well,YES,1971-10-28 00:00:00 - 2020-04-01 12:00:00,78,fall,34.5,64.1,NA,NA,1991,3.9,4.01,8.44,4.21,Critical,SAC,1990-10-01T00:00:00Z,1991-10-01T00:00:00Z,-122.005,41.8338
418339N1220049W001,679653,1991-03-20T00:00:00Z,4250.83,4249.83,NA,NA,NA,NA,NA,Can't get tape in casing,NA,NA,1,Department of Water Resources,NA,1,Department of Water Resources,60,80,24076,46N01W17B001M,46N01W17B001M,Unknown,Unknown,1-003,Butte Valley,Siskiyou,80,Irrigation,Single Well,YES,1971-10-28 00:00:00 - 2020-04-01 12:00:00,78,spring,NA,NA,29.2,63.7,1991,3.9,4.01,8.44,4.21,Critical,SAC,1990-10-01T00:00:00Z,1991-10-01T00:00:00Z,-122.005,41.8338
418339N1220049W001,679652,1990-10-01T00:00:00Z,4250.83,4249.83,0,45.5,4205.33,45.5,44.5,NA,Unknown,Water level accuracy is unknown,1,Department of Water Resources,NA,1,Department of Water Resources,60,80,24076,46N01W17B001M,46N01W17B001M,Unknown,Unknown,1-003,Butte Valley,Siskiyou,80,Irrigation,Single Well,YES,1971-10-28 00:00:00 - 2020-04-01 12:00:00,78,fall,34.5,64.1,NA,NA,1991,3.9,4.01,8.44,4.21,Critical,SAC,1990-10-01T00:00:00Z,1991-10-01T00:00:00Z,-122.005,41.8338
418339N1220049W001,679651,1990-03-20T00:00:00Z,4250.83,4249.83,0,38.2,4212.63,38.2,37.2,NA,Unknown,Water level accuracy is unknown,1,Department of Water Resources,NA,1,Department of Water Resources,60,80,24076,46N01W17B001M,46N01W17B001M,Unknown,Unknown,1-003,Butte Valley,Siskiyou,80,Irrigation,Single Well,YES,1971-10-28 00:00:00 - 2020-04-01 12:00:00,78,spring,NA,NA,29.2,63.7,1990,4.94,3.72,9.26,4.81,Critical,SAC,1989-10-01T00:00:00Z,1990-10-01T00:00:00Z,-122.005,41.8338
418339N1220049W001,679650,1989-10-03T00:00:00Z,4250.83,4249.83,0,43.2,4207.63,43.2,42.2,NA,Unknown,Water level accuracy is unknown,1,Department of Water Resources,NA,1,Department of Water Resources,60,80,24076,46N01W17B001M,46N01W17B001M,Unknown,Unknown,1-003,Butte Valley,Siskiyou,80,Irrigation,Single Well,YES,1971-10-28 00:00:00 - 2020-04-01 12:00:00,78,fall,34.5,64.1,NA,NA,1990,4.94,3.72,9.26,4.81,Critical,SAC,1989-10-01T00:00:00Z,1990-10-01T00:00:00Z,-122.005,41.8338
418339N1220049W001,679649,1978-03-29T00:00:00Z,4250.83,4249.83,0,34,4216.83,34,33,NA,Unknown,Water level accuracy is unknown,1,Department of Water Resources,NA,1,Department of Water Resources,60,80,24076,46N01W17B001M,46N01W17B001M,Unknown,Unknown,1-003,Butte Valley,Siskiyou,80,Irrigation,Single Well,YES,1971-10-28 00:00:00 - 2020-04-01 12:00:00,78,spring,NA,NA,29.2,63.7,1978,14.9,8.12,23.92,8.65,Above Normal,SAC,1977-10-01T00:00:00Z,1978-10-01T00:00:00Z,-122.005,41.8338
418339N1220049W001,679648,1977-05-20T00:00:00Z,4250.83,4249.83,0,41,4209.83,41,40,NA,Unknown,Water level accuracy is unknown,1,Department of Water Resources,NA,1,Department of Water Resources,60,80,24076,46N01W17B001M,46N01W17B001M,Unknown,Unknown,1-003,Butte Valley,Siskiyou,80,Irrigation,Single Well,YES,1971-10-28 00:00:00 - 2020-04-01 12:00:00,78,spring,NA,NA,29.2,63.7,1977,2.49,1.93,5.12,3.11,Critical,SAC,1976-10-01T00:00:00Z,1977-10-01T00:00:00Z,-122.005,41.8338
418339N1220049W001,679647,1977-03-29T00:00:00Z,4250.83,4249.83,0,30.2,4220.63,30.2,29.2,NA,Unknown,Water level accuracy is unknown,1,Department of Water Resources,NA,1,Department of Water Resources,60,80,24076,46N01W17B001M,46N01W17B001M,Unknown,Unknown,1-003,Butte Valley,Siskiyou,80,Irrigation,Single Well,YES,1971-10-28 00:00:00 - 2020-04-01 12:00:00,78,spring,NA,NA,29.2,63.7,1977,2.49,1.93,5.12,3.11,Critical,SAC,1976-10-01T00:00:00Z,1977-10-01T00:00:00Z,-122.005,41.8338
418339N1220049W001,679646,1976-11-01T00:00:00Z,4250.83,4249.83,0,35.5,4215.33,35.5,34.5,NA,Unknown,Water level accuracy is unknown,1,Department of Water Resources,NA,1,Department of Water Resources,60,80,24076,46N01W17B001M,46N01W17B001M,Unknown,Unknown,1-003,Butte Valley,Siskiyou,80,Irrigation,Single Well,YES,1971-10-28 00:00:00 - 2020-04-01 12:00:00,78,fall,34.5,64.1,NA,NA,1977,2.49,1.93,5.12,3.11,Critical,SAC,1976-10-01T00:00:00Z,1977-10-01T00:00:00Z,-122.005,41.8338
418339N1220049W001,679645,1976-03-18T00:00:00Z,4250.83,4249.83,0,30.8,4220.03,30.8,29.8,NA,Unknown,Water level accuracy is unknown,1,Department of Water Resources,NA,1,Department of Water Resources,60,80,24076,46N01W17B001M,46N01W17B001M,Unknown,Unknown,1-003,Butte Valley,Siskiyou,80,Irrigation,Single Well,YES,1971-10-28 00:00:00 - 2020-04-01 12:00:00,78,spring,NA,NA,29.2,63.7,1976,4.63,2.75,8.2,5.29,Critical,SAC,1975-10-01T00:00:00Z,1976-10-01T00:00:00Z,-122.005,41.8338
418339N1220049W001,679644,1975-11-05T00:00:00Z,4250.83,4249.83,0,37,4213.83,37,36,NA,Unknown,Water level accuracy is unknown,1,Department of Water Resources,NA,1,Department of Water Resources,60,80,24076,46N01W17B001M,46N01W17B001M,Unknown,Unknown,1-003,Butte Valley,Siskiyou,80,Irrigation,Single Well,YES,1971-10-28 00:00:00 - 2020-04-01 12:00:00,78,fall,34.5,64.1,NA,NA,1976,4.63,2.75,8.2,5.29,Critical,SAC,1975-10-01T00:00:00Z,1976-10-01T00:00:00Z,-122.005,41.8338
418339N1220049W001,679643,1974-11-06T00:00:00Z,4250.83,4249.83,0,39.6,4211.23,39.6,38.6,NA,Unknown,Water level accuracy is unknown,1,Department of Water Resources,NA,1,Department of Water Resources,60,80,24076,46N01W17B001M,46N01W17B001M,Unknown,Unknown,1-003,Butte Valley,Siskiyou,80,Irrigation,Single Well,YES,1971-10-28 00:00:00 - 2020-04-01 12:00:00,78,fall,34.5,64.1,NA,NA,1975,9.24,8.95,19.23,9.35,Wet,SAC,1974-10-01T00:00:00Z,1975-10-01T00:00:00Z,-122.005,41.8338
418339N1220049W001,679642,1974-04-11T00:00:00Z,4250.83,4249.83,0,34.5,4216.33,34.5,33.5,NA,Unknown,Water level accuracy is unknown,1,Department of Water Resources,NA,1,Department of Water Resources,60,80,24076,46N01W17B001M,46N01W17B001M,Unknown,Unknown,1-003,Butte Valley,Siskiyou,80,Irrigation,Single Well,YES,1971-10-28 00:00:00 - 2020-04-01 12:00:00,78,spring,NA,NA,29.2,63.7,1974,21.69,9.78,32.5,12.99,Wet,SAC,1973-10-01T00:00:00Z,1974-10-01T00:00:00Z,-122.005,41.8338
418339N1220049W001,679641,1973-10-10T00:00:00Z,4250.83,4249.83,0,46.2,4204.63,46.2,45.2,NA,Unknown,Water level accuracy is unknown,1,Department of Water Resources,NA,1,Department of Water Resources,60,80,24076,46N01W17B001M,46N01W17B001M,Unknown,Unknown,1-003,Butte Valley,Siskiyou,80,Irrigation,Single Well,YES,1971-10-28 00:00:00 - 2020-04-01 12:00:00,78,fall,34.5,64.1,NA,NA,1974,21.69,9.78,32.5,12.99,Wet,SAC,1973-10-01T00:00:00Z,1974-10-01T00:00:00Z,-122.005,41.8338
418339N1220049W001,679640,1973-04-19T00:00:00Z,4250.83,4249.83,0,32,4218.83,32,31,NA,Unknown,Water level accuracy is unknown,1,Department of Water Resources,NA,1,Department of Water Resources,60,80,24076,46N01W17B001M,46N01W17B001M,Unknown,Unknown,1-003,Butte Valley,Siskiyou,80,Irrigation,Single Well,YES,1971-10-28 00:00:00 - 2020-04-01 12:00:00,78,spring,NA,NA,29.2,63.7,1973,12.8,6.38,20.05,8.58,Above Normal,SAC,1972-10-01T00:00:00Z,1973-10-01T00:00:00Z,-122.005,41.8338
418339N1220049W001,679639,1972-10-04T00:00:00Z,4250.83,4249.83,0,44.1,4206.73,44.1,43.1,NA,Unknown,Water level accuracy is unknown,1,Department of Water Resources,NA,1,Department of Water Resources,60,80,24076,46N01W17B001M,46N01W17B001M,Unknown,Unknown,1-003,Butte Valley,Siskiyou,80,Irrigation,Single Well,YES,1971-10-28 00:00:00 - 2020-04-01 12:00:00,78,fall,34.5,64.1,NA,NA,1973,12.8,6.38,20.05,8.58,Above Normal,SAC,1972-10-01T00:00:00Z,1973-10-01T00:00:00Z,-122.005,41.8338
418339N1220049W001,679638,1972-04-27T00:00:00Z,4250.83,4249.83,0,31.1,4219.73,31.1,30.1,NA,Unknown,Water level accuracy is unknown,1,Department of Water Resources,NA,1,Department of Water Resources,60,80,24076,46N01W17B001M,46N01W17B001M,Unknown,Unknown,1-003,Butte Valley,Siskiyou,80,Irrigation,Single Well,YES,1971-10-28 00:00:00 - 2020-04-01 12:00:00,78,spring,NA,NA,29.2,63.7,1972,7.61,5.02,13.43,7.29,Below Normal,SAC,1971-10-01T00:00:00Z,1972-10-01T00:00:00Z,-122.005,41.8338
418339N1220049W001,679637,1972-03-21T00:00:00Z,4250.83,4249.83,0,31,4219.83,31,30,NA,Unknown,Water level accuracy is unknown,1,Department of Water Resources,NA,1,Department of Water Resources,60,80,24076,46N01W17B001M,46N01W17B001M,Unknown,Unknown,1-003,Butte Valley,Siskiyou,80,Irrigation,Single Well,YES,1971-10-28 00:00:00 - 2020-04-01 12:00:00,78,spring,NA,NA,29.2,63.7,1972,7.61,5.02,13.43,7.29,Below Normal,SAC,1971-10-01T00:00:00Z,1972-10-01T00:00:00Z,-122.005,41.8338
418339N1220049W001,679636,1972-02-18T00:00:00Z,4250.83,4249.83,0,34.1,4216.73,34.1,33.1,NA,Unknown,Water level accuracy is unknown,1,Department of Water Resources,NA,1,Department of Water Resources,60,80,24076,46N01W17B001M,46N01W17B001M,Unknown,Unknown,1-003,Butte Valley,Siskiyou,80,Irrigation,Single Well,YES,1971-10-28 00:00:00 - 2020-04-01 12:00:00,78,other,NA,NA,NA,NA,1972,7.61,5.02,13.43,7.29,Below Normal,SAC,1971-10-01T00:00:00Z,1972-10-01T00:00:00Z,-122.005,41.8338
418339N1220049W001,679635,1971-12-16T00:00:00Z,4250.83,4249.83,0,37.5,4213.33,37.5,36.5,NA,Unknown,Water level accuracy is unknown,1,Department of Water Resources,NA,1,Department of Water Resources,60,80,24076,46N01W17B001M,46N01W17B001M,Unknown,Unknown,1-003,Butte Valley,Siskiyou,80,Irrigation,Single Well,YES,1971-10-28 00:00:00 - 2020-04-01 12:00:00,78,other,NA,NA,NA,NA,1972,7.61,5.02,13.43,7.29,Below Normal,SAC,1971-10-01T00:00:00Z,1972-10-01T00:00:00Z,-122.005,41.8338
418339N1220049W001,679634,1971-10-28T00:00:00Z,4250.83,4249.83,0,41.9,4208.93,41.9,40.9,NA,Unknown,Water level accuracy is unknown,1,Department of Water Resources,NA,1,Department of Water Resources,60,80,24076,46N01W17B001M,46N01W17B001M,Unknown,Unknown,1-003,Butte Valley,Siskiyou,80,Irrigation,Single Well,YES,1971-10-28 00:00:00 - 2020-04-01 12:00:00,78,fall,34.5,64.1,NA,NA,1972,7.61,5.02,13.43,7.29,Below Normal,SAC,1971-10-01T00:00:00Z,1972-10-01T00:00:00Z,-122.005,41.8338
