SITE_CODE,WLM_ID,MSMT_DATE,WLM_RPE,WLM_GSE,RDNG_WS,RDNG_RP,WSE,RPE_WSE,GSE_WSE,WLM_QA_DESC,WLM_DESC,WLM_ACC_DESC,WLM_ORG_ID,WLM_ORG_NAME,MSMT_CMT,COOP_AGENCY_ORG_ID,COOP_ORG_NAME,TOP_PRF,BOT_PRF,STN_ID,SWN,WELL_NAME,WLM_METHOD,WLM_ACC,BASIN_CODE,BASIN_NAME,COUNTY_NAME,WELL_DEPTH,WELL_USE,WELL_TYPE,WCR_NO,t_range,n_samples,season,fall_high,fall_low,spring_high,spring_low,water_year,Oct.Mar,Apr.Jul,WYsum,Index,water_year_type,region,water_year_start,water_year_end,X,Y
418378N1221032W001,2619016,2020-04-01T00:00:00Z,4351.5,4350,NA,NA,NA,NA,NA,Special/Other,NA,NA,5109,Siskiyou County Natural Resource Department,Covid-19,5109,Siskiyou County Natural Resource Department,NA,NA,49991,NA,BV06,GPS,20 ft.,1-003,Butte Valley,Siskiyou,NA,Industrial,Single Well,NA,2014-04-09 11:15:00 - 2020-04-01 00:00:00,13,spring,NA,NA,37.75,45.92,2020,NA,NA,NA,NA,NA,NA,2019-10-01T00:00:00Z,2020-10-01T00:00:00Z,-122.103,41.8378
418378N1221032W001,2491172,2019-10-30T00:00:00Z,4351.5,4350,0,48.75,4302.75,48.75,47.25,NA,Acoustic or sonic sounder,Water level accuracy to nearest tenth of a foot,5109,Siskiyou County Natural Resource Department,NA,5109,Siskiyou County Natural Resource Department,NA,NA,49991,NA,BV06,GPS,20 ft.,1-003,Butte Valley,Siskiyou,NA,Industrial,Single Well,NA,2014-04-09 11:15:00 - 2020-04-01 00:00:00,13,fall,41.25,49.52,NA,NA,2020,NA,NA,NA,NA,NA,NA,2019-10-01T00:00:00Z,2020-10-01T00:00:00Z,-122.103,41.8378
418378N1221032W001,2467939,2019-03-27T00:00:00Z,4351.5,4350,NA,NA,NA,NA,NA,Can't get tape in casing,NA,NA,5109,Siskiyou County Natural Resource Department,NA,5109,Siskiyou County Natural Resource Department,NA,NA,49991,NA,BV06,GPS,20 ft.,1-003,Butte Valley,Siskiyou,NA,Industrial,Single Well,NA,2014-04-09 11:15:00 - 2020-04-01 00:00:00,13,spring,NA,NA,37.75,45.92,2019,13.11,10.66,24.77,10.34,Wet,SAC,2018-10-01T00:00:00Z,2019-10-01T00:00:00Z,-122.103,41.8378
418378N1221032W001,2414120,2018-10-30T00:00:00Z,4351.5,4350,0,49.13,4302.37,49.13,47.63,NA,Acoustic or sonic sounder,Water level accuracy to nearest hundredth of a foot,5109,Siskiyou County Natural Resource Department,NA,5109,Siskiyou County Natural Resource Department,NA,NA,49991,NA,BV06,GPS,20 ft.,1-003,Butte Valley,Siskiyou,NA,Industrial,Single Well,NA,2014-04-09 11:15:00 - 2020-04-01 00:00:00,13,fall,41.25,49.52,NA,NA,2019,13.11,10.66,24.77,10.34,Wet,SAC,2018-10-01T00:00:00Z,2019-10-01T00:00:00Z,-122.103,41.8378
418378N1221032W001,2294921,2018-03-23T11:30:00Z,4351.5,4350,0,44.84,4306.66,44.84,43.34,NA,Acoustic or sonic sounder,Water level accuracy is unknown,5109,Siskiyou County Natural Resource Department,NA,5109,Siskiyou County Natural Resource Department,NA,NA,49991,NA,BV06,GPS,20 ft.,1-003,Butte Valley,Siskiyou,NA,Industrial,Single Well,NA,2014-04-09 11:15:00 - 2020-04-01 00:00:00,13,spring,NA,NA,37.75,45.92,2018,7.09,5.05,12.86,7.14,Below Normal,SAC,2017-10-01T00:00:00Z,2018-10-01T00:00:00Z,-122.103,41.8378
418378N1221032W001,2268224,2017-10-20T11:30:00Z,4351.5,4350,0,42.86,4308.64,42.86,41.36,NA,Acoustic or sonic sounder,Water level accuracy is unknown,5109,Siskiyou County Natural Resource Department,NA,5109,Siskiyou County Natural Resource Department,NA,NA,49991,NA,BV06,GPS,20 ft.,1-003,Butte Valley,Siskiyou,NA,Industrial,Single Well,NA,2014-04-09 11:15:00 - 2020-04-01 00:00:00,13,fall,41.25,49.52,NA,NA,2018,7.09,5.05,12.86,7.14,Below Normal,SAC,2017-10-01T00:00:00Z,2018-10-01T00:00:00Z,-122.103,41.8378
418378N1221032W001,2235237,2017-03-22T10:45:00Z,4351.5,4350,0,45.22,4306.28,45.22,43.72,NA,Acoustic or sonic sounder,Water level accuracy is unknown,5109,Siskiyou County Natural Resource Department,NA,5109,Siskiyou County Natural Resource Department,NA,NA,49991,NA,BV06,GPS,20 ft.,1-003,Butte Valley,Siskiyou,NA,Industrial,Single Well,NA,2014-04-09 11:15:00 - 2020-04-01 00:00:00,13,spring,NA,NA,37.75,45.92,2017,26.17,10.69,37.82,14.14,Wet,SAC,2016-10-01T00:00:00Z,2017-10-01T00:00:00Z,-122.103,41.8378
418378N1221032W001,2213839,2016-10-20T11:15:00Z,4351.5,4350,0,51.02,4300.48,51.02,49.52,NA,Acoustic or sonic sounder,Water level accuracy is unknown,5109,Siskiyou County Natural Resource Department,NA,5109,Siskiyou County Natural Resource Department,NA,NA,49991,NA,BV06,GPS,20 ft.,1-003,Butte Valley,Siskiyou,NA,Industrial,Single Well,NA,2014-04-09 11:15:00 - 2020-04-01 00:00:00,13,fall,41.25,49.52,NA,NA,2017,26.17,10.69,37.82,14.14,Wet,SAC,2016-10-01T00:00:00Z,2017-10-01T00:00:00Z,-122.103,41.8378
418378N1221032W001,2196739,2016-04-27T12:15:00Z,4351.5,4350,0,47.42,4304.08,47.42,45.92,NA,Electric sounder measurement,Water level accuracy to nearest hundredth of a foot,5109,Siskiyou County Natural Resource Department,NA,5109,Siskiyou County Natural Resource Department,NA,NA,49991,NA,BV06,GPS,20 ft.,1-003,Butte Valley,Siskiyou,NA,Industrial,Single Well,NA,2014-04-09 11:15:00 - 2020-04-01 00:00:00,13,spring,NA,NA,37.75,45.92,2016,12.24,4.6,17.48,6.71,Below Normal,SAC,2015-10-01T00:00:00Z,2016-10-01T00:00:00Z,-122.103,41.8378
418378N1221032W001,2157222,2015-10-20T11:30:00Z,4351.5,4350,0,42.75,4308.75,42.75,41.25,NA,Acoustic or sonic sounder,Water level accuracy to nearest hundredth of a foot,5109,Siskiyou County Natural Resource Department,NA,5109,Siskiyou County Natural Resource Department,NA,NA,49991,NA,BV06,GPS,20 ft.,1-003,Butte Valley,Siskiyou,NA,Industrial,Single Well,NA,2014-04-09 11:15:00 - 2020-04-01 00:00:00,13,fall,41.25,49.52,NA,NA,2016,12.24,4.6,17.48,6.71,Below Normal,SAC,2015-10-01T00:00:00Z,2016-10-01T00:00:00Z,-122.103,41.8378
418378N1221032W001,2137674,2015-04-30T11:05:00Z,4351.5,4350,0,42.65,4308.85,42.65,41.15,NA,Acoustic or sonic sounder,Water level accuracy to nearest hundredth of a foot,5109,Siskiyou County Natural Resource Department,NA,5109,Siskiyou County Natural Resource Department,NA,NA,49991,NA,BV06,GPS,20 ft.,1-003,Butte Valley,Siskiyou,NA,Industrial,Single Well,NA,2014-04-09 11:15:00 - 2020-04-01 00:00:00,13,spring,NA,NA,37.75,45.92,2015,6.91,1.77,9.23,4,Critical,SAC,2014-10-01T00:00:00Z,2015-10-01T00:00:00Z,-122.103,41.8378
418378N1221032W001,2029352,2014-10-14T11:45:00Z,4351.5,4350,0,45.34,4306.16,45.34,43.84,NA,Electric sounder measurement,Water level accuracy to nearest hundredth of a foot,5109,Siskiyou County Natural Resource Department,NA,5109,Siskiyou County Natural Resource Department,NA,NA,49991,NA,BV06,GPS,20 ft.,1-003,Butte Valley,Siskiyou,NA,Industrial,Single Well,NA,2014-04-09 11:15:00 - 2020-04-01 00:00:00,13,fall,41.25,49.52,NA,NA,2015,6.91,1.77,9.23,4,Critical,SAC,2014-10-01T00:00:00Z,2015-10-01T00:00:00Z,-122.103,41.8378
418378N1221032W001,1897112,2014-04-09T11:15:00Z,4351.5,4350,0,39.25,4312.25,39.25,37.75,NA,Electric sounder measurement,Water level accuracy to nearest hundredth of a foot,5109,Siskiyou County Natural Resource Department,NA,5109,Siskiyou County Natural Resource Department,NA,NA,49991,NA,BV06,GPS,20 ft.,1-003,Butte Valley,Siskiyou,NA,Industrial,Single Well,NA,2014-04-09 11:15:00 - 2020-04-01 00:00:00,13,spring,NA,NA,37.75,45.92,2014,4.29,2.59,7.46,4.07,Critical,SAC,2013-10-01T00:00:00Z,2014-10-01T00:00:00Z,-122.103,41.8378
