SITE_CODE,WLM_ID,MSMT_DATE,WLM_RPE,WLM_GSE,RDNG_WS,RDNG_RP,WSE,RPE_WSE,GSE_WSE,WLM_QA_DESC,WLM_DESC,WLM_ACC_DESC,WLM_ORG_ID,WLM_ORG_NAME,MSMT_CMT,COOP_AGENCY_ORG_ID,COOP_ORG_NAME,TOP_PRF,BOT_PRF,STN_ID,SWN,WELL_NAME,WLM_METHOD,WLM_ACC,BASIN_CODE,BASIN_NAME,COUNTY_NAME,WELL_DEPTH,WELL_USE,WELL_TYPE,WCR_NO,t_range,n_samples,season,fall_high,fall_low,spring_high,spring_low,water_year,Oct.Mar,Apr.Jul,WYsum,Index,water_year_type,region,water_year_start,water_year_end,X,Y
418463N1219644W001,679633,2007-10-25T00:00:00Z,4364.31,4363.81,NA,NA,NA,NA,NA,Measurement Discontinued,NA,NA,1,Department of Water Resources,NA,1,Department of Water Resources,NA,NA,24075,46N01W10K001M,10K001M,Unknown,Unknown,1-003,Butte Valley,Siskiyou,NA,Irrigation,Single Well,NA,1983-05-11 - 2007-10-25,48,fall,157.5,190.5,NA,NA,2008,5.9,3.82,10.28,5.16,Critical,SAC,2007-10-01T00:00:00Z,2008-10-01T00:00:00Z,-121.964,41.8463
418463N1219644W001,679632,2007-03-29T00:00:00Z,4364.31,4363.81,NA,NA,NA,NA,NA,Measurement Discontinued,NA,NA,1,Department of Water Resources,NA,1,Department of Water Resources,NA,NA,24075,46N01W10K001M,10K001M,Unknown,Unknown,1-003,Butte Valley,Siskiyou,NA,Irrigation,Single Well,NA,1983-05-11 - 2007-10-25,48,spring,NA,NA,155.5,187.1,2007,6.59,3.04,10.28,6.19,Dry,SAC,2006-10-01T00:00:00Z,2007-10-01T00:00:00Z,-121.964,41.8463
418463N1219644W001,679631,2006-10-12T00:00:00Z,4364.31,4363.81,NA,NA,NA,NA,NA,Measurement Discontinued,NA,NA,1,Department of Water Resources,NA,1,Department of Water Resources,NA,NA,24075,46N01W10K001M,10K001M,Unknown,Unknown,1-003,Butte Valley,Siskiyou,NA,Irrigation,Single Well,NA,1983-05-11 - 2007-10-25,48,fall,157.5,190.5,NA,NA,2007,6.59,3.04,10.28,6.19,Dry,SAC,2006-10-01T00:00:00Z,2007-10-01T00:00:00Z,-121.964,41.8463
418463N1219644W001,679630,2006-04-18T00:00:00Z,4364.31,4363.81,NA,NA,NA,NA,NA,Measurement Discontinued,NA,NA,1,Department of Water Resources,NA,1,Department of Water Resources,NA,NA,24075,46N01W10K001M,10K001M,Unknown,Unknown,1-003,Butte Valley,Siskiyou,NA,Irrigation,Single Well,NA,1983-05-11 - 2007-10-25,48,spring,NA,NA,155.5,187.1,2006,18.06,13.09,32.09,13.2,Wet,SAC,2005-10-01T00:00:00Z,2006-10-01T00:00:00Z,-121.964,41.8463
418463N1219644W001,679629,2005-10-10T00:00:00Z,4364.31,4363.81,NA,NA,NA,NA,NA,Measurement Discontinued,NA,NA,1,Department of Water Resources,NA,1,Department of Water Resources,NA,NA,24075,46N01W10K001M,10K001M,Unknown,Unknown,1-003,Butte Valley,Siskiyou,NA,Irrigation,Single Well,NA,1983-05-11 - 2007-10-25,48,fall,157.5,190.5,NA,NA,2006,18.06,13.09,32.09,13.2,Wet,SAC,2005-10-01T00:00:00Z,2006-10-01T00:00:00Z,-121.964,41.8463
418463N1219644W001,679628,2005-04-05T00:00:00Z,4364.31,4363.81,0,184.3,4180.01,184.3,183.8,NA,Unknown,Water level accuracy is unknown,1,Department of Water Resources,NA,1,Department of Water Resources,NA,NA,24075,46N01W10K001M,10K001M,Unknown,Unknown,1-003,Butte Valley,Siskiyou,NA,Irrigation,Single Well,NA,1983-05-11 - 2007-10-25,48,spring,NA,NA,155.5,187.1,2005,8.4,9.28,18.55,8.49,Above Normal,SAC,2004-10-01T00:00:00Z,2005-10-01T00:00:00Z,-121.964,41.8463
418463N1219644W001,679627,2004-11-02T00:00:00Z,4364.31,4363.81,0,172,4192.31,172,171.5,Other,Unknown,Water level accuracy is unknown,1,Department of Water Resources,NA,1,Department of Water Resources,NA,NA,24075,46N01W10K001M,10K001M,Unknown,Unknown,1-003,Butte Valley,Siskiyou,NA,Irrigation,Single Well,NA,1983-05-11 - 2007-10-25,48,fall,157.5,190.5,NA,NA,2005,8.4,9.28,18.55,8.49,Above Normal,SAC,2004-10-01T00:00:00Z,2005-10-01T00:00:00Z,-121.964,41.8463
418463N1219644W001,679626,2004-03-30T00:00:00Z,4364.31,4363.81,0,187.6,4176.71,187.6,187.1,NA,Unknown,Water level accuracy is unknown,1,Department of Water Resources,NA,1,Department of Water Resources,NA,NA,24075,46N01W10K001M,10K001M,Unknown,Unknown,1-003,Butte Valley,Siskiyou,NA,Irrigation,Single Well,NA,1983-05-11 - 2007-10-25,48,spring,NA,NA,155.5,187.1,2004,10.95,4.4,16.04,7.51,Below Normal,SAC,2003-10-01T00:00:00Z,2004-10-01T00:00:00Z,-121.964,41.8463
418463N1219644W001,679625,2003-10-20T00:00:00Z,4364.31,4363.81,0,190.9,4173.41,190.9,190.4,NA,Unknown,Water level accuracy is unknown,1,Department of Water Resources,NA,1,Department of Water Resources,NA,NA,24075,46N01W10K001M,10K001M,Unknown,Unknown,1-003,Butte Valley,Siskiyou,NA,Irrigation,Single Well,NA,1983-05-11 - 2007-10-25,48,fall,157.5,190.5,NA,NA,2004,10.95,4.4,16.04,7.51,Below Normal,SAC,2003-10-01T00:00:00Z,2004-10-01T00:00:00Z,-121.964,41.8463
418463N1219644W001,679624,2003-04-01T00:00:00Z,4364.31,4363.81,NA,NA,NA,NA,NA,Tape hung up,NA,NA,1,Department of Water Resources,NA,1,Department of Water Resources,NA,NA,24075,46N01W10K001M,10K001M,Unknown,Unknown,1-003,Butte Valley,Siskiyou,NA,Irrigation,Single Well,NA,1983-05-11 - 2007-10-25,48,spring,NA,NA,155.5,187.1,2003,10.71,7.74,19.31,8.21,Above Normal,SAC,2002-10-01T00:00:00Z,2003-10-01T00:00:00Z,-121.964,41.8463
418463N1219644W001,679623,2002-10-11T00:00:00Z,4364.31,4363.81,0,191,4173.31,191,190.5,NA,Unknown,Water level accuracy is unknown,1,Department of Water Resources,NA,1,Department of Water Resources,NA,NA,24075,46N01W10K001M,10K001M,Unknown,Unknown,1-003,Butte Valley,Siskiyou,NA,Irrigation,Single Well,NA,1983-05-11 - 2007-10-25,48,fall,157.5,190.5,NA,NA,2003,10.71,7.74,19.31,8.21,Above Normal,SAC,2002-10-01T00:00:00Z,2003-10-01T00:00:00Z,-121.964,41.8463
418463N1219644W001,679622,2002-03-26T00:00:00Z,4364.31,4363.81,NA,NA,NA,NA,NA,Temporarily inaccessible,NA,NA,1,Department of Water Resources,NA,1,Department of Water Resources,NA,NA,24075,46N01W10K001M,10K001M,Unknown,Unknown,1-003,Butte Valley,Siskiyou,NA,Irrigation,Single Well,NA,1983-05-11 - 2007-10-25,48,spring,NA,NA,155.5,187.1,2002,9.32,4.57,14.6,6.35,Dry,SAC,2001-10-01T00:00:00Z,2002-10-01T00:00:00Z,-121.964,41.8463
418463N1219644W001,679621,2001-10-24T00:00:00Z,4364.31,4363.81,NA,NA,NA,NA,NA,Can't get tape in casing,NA,NA,1,Department of Water Resources,NA,1,Department of Water Resources,NA,NA,24075,46N01W10K001M,10K001M,Unknown,Unknown,1-003,Butte Valley,Siskiyou,NA,Irrigation,Single Well,NA,1983-05-11 - 2007-10-25,48,fall,157.5,190.5,NA,NA,2002,9.32,4.57,14.6,6.35,Dry,SAC,2001-10-01T00:00:00Z,2002-10-01T00:00:00Z,-121.964,41.8463
418463N1219644W001,679620,2001-04-03T00:00:00Z,4364.31,4363.81,0,163.1,4201.21,163.1,162.6,NA,Unknown,Water level accuracy is unknown,1,Department of Water Resources,NA,1,Department of Water Resources,NA,NA,24075,46N01W10K001M,10K001M,Unknown,Unknown,1-003,Butte Valley,Siskiyou,NA,Irrigation,Single Well,NA,1983-05-11 - 2007-10-25,48,spring,NA,NA,155.5,187.1,2001,5.64,3.46,9.81,5.76,Dry,SAC,2000-10-01T00:00:00Z,2001-10-01T00:00:00Z,-121.964,41.8463
418463N1219644W001,679619,2000-10-10T00:00:00Z,4364.31,4363.81,0,163.5,4200.81,163.5,163,NA,Unknown,Water level accuracy is unknown,1,Department of Water Resources,NA,1,Department of Water Resources,NA,NA,24075,46N01W10K001M,10K001M,Unknown,Unknown,1-003,Butte Valley,Siskiyou,NA,Irrigation,Single Well,NA,1983-05-11 - 2007-10-25,48,fall,157.5,190.5,NA,NA,2001,5.64,3.46,9.81,5.76,Dry,SAC,2000-10-01T00:00:00Z,2001-10-01T00:00:00Z,-121.964,41.8463
418463N1219644W001,679618,2000-03-22T00:00:00Z,4364.31,4363.81,0,168,4196.31,168,167.5,NA,Unknown,Water level accuracy is unknown,1,Department of Water Resources,NA,1,Department of Water Resources,NA,NA,24075,46N01W10K001M,10K001M,Unknown,Unknown,1-003,Butte Valley,Siskiyou,NA,Irrigation,Single Well,NA,1983-05-11 - 2007-10-25,48,spring,NA,NA,155.5,187.1,2000,12.06,5.96,18.9,8.94,Above Normal,SAC,1999-10-01T00:00:00Z,2000-10-01T00:00:00Z,-121.964,41.8463
418463N1219644W001,679616,1999-10-26T00:00:00Z,4364.31,4363.81,0,163.1,4201.21,163.1,162.6,NA,Unknown,Water level accuracy is unknown,1,Department of Water Resources,NA,1,Department of Water Resources,NA,NA,24075,46N01W10K001M,10K001M,Unknown,Unknown,1-003,Butte Valley,Siskiyou,NA,Irrigation,Single Well,NA,1983-05-11 - 2007-10-25,48,fall,157.5,190.5,NA,NA,2000,12.06,5.96,18.9,8.94,Above Normal,SAC,1999-10-01T00:00:00Z,2000-10-01T00:00:00Z,-121.964,41.8463
418463N1219644W001,679617,1999-03-16T00:00:00Z,4364.31,4363.81,0,162.8,4201.51,162.8,162.3,NA,Unknown,Water level accuracy is unknown,1,Department of Water Resources,NA,1,Department of Water Resources,NA,NA,24075,46N01W10K001M,10K001M,Unknown,Unknown,1-003,Butte Valley,Siskiyou,NA,Irrigation,Single Well,NA,1983-05-11 - 2007-10-25,48,spring,NA,NA,155.5,187.1,1999,12.97,7.26,21.19,9.8,Wet,SAC,1998-10-01T00:00:00Z,1999-10-01T00:00:00Z,-121.964,41.8463
418463N1219644W001,679615,1998-10-27T00:00:00Z,4364.31,4363.81,0,169.3,4195.01,169.3,168.8,NA,Unknown,Water level accuracy is unknown,1,Department of Water Resources,NA,1,Department of Water Resources,NA,NA,24075,46N01W10K001M,10K001M,Unknown,Unknown,1-003,Butte Valley,Siskiyou,NA,Irrigation,Single Well,NA,1983-05-11 - 2007-10-25,48,fall,157.5,190.5,NA,NA,1999,12.97,7.26,21.19,9.8,Wet,SAC,1998-10-01T00:00:00Z,1999-10-01T00:00:00Z,-121.964,41.8463
418463N1219644W001,679614,1998-03-30T00:00:00Z,4364.31,4363.81,0,167,4197.31,167,166.5,NA,Unknown,Water level accuracy is unknown,1,Department of Water Resources,NA,1,Department of Water Resources,NA,NA,24075,46N01W10K001M,10K001M,Unknown,Unknown,1-003,Butte Valley,Siskiyou,NA,Irrigation,Single Well,NA,1983-05-11 - 2007-10-25,48,spring,NA,NA,155.5,187.1,1998,17.65,12.54,31.4,13.31,Wet,SAC,1997-10-01T00:00:00Z,1998-10-01T00:00:00Z,-121.964,41.8463
418463N1219644W001,679613,1997-10-21T00:00:00Z,4364.31,4363.81,0,167.1,4197.21,167.1,166.6,NA,Unknown,Water level accuracy is unknown,1,Department of Water Resources,NA,1,Department of Water Resources,NA,NA,24075,46N01W10K001M,10K001M,Unknown,Unknown,1-003,Butte Valley,Siskiyou,NA,Irrigation,Single Well,NA,1983-05-11 - 2007-10-25,48,fall,157.5,190.5,NA,NA,1998,17.65,12.54,31.4,13.31,Wet,SAC,1997-10-01T00:00:00Z,1998-10-01T00:00:00Z,-121.964,41.8463
418463N1219644W001,679612,1997-03-11T00:00:00Z,4364.31,4363.81,0,168.8,4195.51,168.8,168.3,NA,Unknown,Water level accuracy is unknown,1,Department of Water Resources,NA,1,Department of Water Resources,NA,NA,24075,46N01W10K001M,10K001M,Unknown,Unknown,1-003,Butte Valley,Siskiyou,NA,Irrigation,Single Well,NA,1983-05-11 - 2007-10-25,48,spring,NA,NA,155.5,187.1,1997,20.22,4.39,25.42,10.82,Wet,SAC,1996-10-01T00:00:00Z,1997-10-01T00:00:00Z,-121.964,41.8463
418463N1219644W001,679611,1996-10-22T00:00:00Z,4364.31,4363.81,0,166.6,4197.71,166.6,166.1,NA,Unknown,Water level accuracy is unknown,1,Department of Water Resources,NA,1,Department of Water Resources,NA,NA,24075,46N01W10K001M,10K001M,Unknown,Unknown,1-003,Butte Valley,Siskiyou,NA,Irrigation,Single Well,NA,1983-05-11 - 2007-10-25,48,fall,157.5,190.5,NA,NA,1997,20.22,4.39,25.42,10.82,Wet,SAC,1996-10-01T00:00:00Z,1997-10-01T00:00:00Z,-121.964,41.8463
418463N1219644W001,679610,1996-03-26T00:00:00Z,4364.31,4363.81,0,167.5,4196.81,167.5,167,NA,Unknown,Water level accuracy is unknown,1,Department of Water Resources,NA,1,Department of Water Resources,NA,NA,24075,46N01W10K001M,10K001M,Unknown,Unknown,1-003,Butte Valley,Siskiyou,NA,Irrigation,Single Well,NA,1983-05-11 - 2007-10-25,48,spring,NA,NA,155.5,187.1,1996,13.05,8.37,22.29,10.26,Wet,SAC,1995-10-01T00:00:00Z,1996-10-01T00:00:00Z,-121.964,41.8463
418463N1219644W001,679609,1995-10-17T00:00:00Z,4364.31,4363.81,0,174.1,4190.21,174.1,173.6,NA,Unknown,Water level accuracy is unknown,1,Department of Water Resources,NA,1,Department of Water Resources,NA,NA,24075,46N01W10K001M,10K001M,Unknown,Unknown,1-003,Butte Valley,Siskiyou,NA,Irrigation,Single Well,NA,1983-05-11 - 2007-10-25,48,fall,157.5,190.5,NA,NA,1996,13.05,8.37,22.29,10.26,Wet,SAC,1995-10-01T00:00:00Z,1996-10-01T00:00:00Z,-121.964,41.8463
418463N1219644W001,679608,1995-03-27T00:00:00Z,4364.31,4363.81,0,171.1,4193.21,171.1,170.6,Oil or foreign substance in casing,Unknown,Water level accuracy is unknown,1,Department of Water Resources,NA,1,Department of Water Resources,NA,NA,24075,46N01W10K001M,10K001M,Unknown,Unknown,1-003,Butte Valley,Siskiyou,NA,Irrigation,Single Well,NA,1983-05-11 - 2007-10-25,48,spring,NA,NA,155.5,187.1,1995,19.83,13.6,34.55,12.89,Wet,SAC,1994-10-01T00:00:00Z,1995-10-01T00:00:00Z,-121.964,41.8463
418463N1219644W001,679607,1994-03-29T00:00:00Z,4364.31,4363.81,0,176.5,4187.81,176.5,176,Oil or foreign substance in casing,Unknown,Water level accuracy is unknown,1,Department of Water Resources,NA,1,Department of Water Resources,NA,NA,24075,46N01W10K001M,10K001M,Unknown,Unknown,1-003,Butte Valley,Siskiyou,NA,Irrigation,Single Well,NA,1983-05-11 - 2007-10-25,48,spring,NA,NA,155.5,187.1,1994,4.55,2.73,7.81,5.02,Critical,SAC,1993-10-01T00:00:00Z,1994-10-01T00:00:00Z,-121.964,41.8463
418463N1219644W001,679606,1993-10-14T00:00:00Z,4364.31,4363.81,0,170.4,4193.91,170.4,169.9,Oil or foreign substance in casing,Unknown,Water level accuracy is unknown,1,Department of Water Resources,NA,1,Department of Water Resources,NA,NA,24075,46N01W10K001M,10K001M,Unknown,Unknown,1-003,Butte Valley,Siskiyou,NA,Irrigation,Single Well,NA,1983-05-11 - 2007-10-25,48,fall,157.5,190.5,NA,NA,1994,4.55,2.73,7.81,5.02,Critical,SAC,1993-10-01T00:00:00Z,1994-10-01T00:00:00Z,-121.964,41.8463
418463N1219644W001,679605,1993-03-17T00:00:00Z,4364.31,4363.81,0,170.6,4193.71,170.6,170.1,NA,Unknown,Water level accuracy is unknown,1,Department of Water Resources,NA,1,Department of Water Resources,NA,NA,24075,46N01W10K001M,10K001M,Unknown,Unknown,1-003,Butte Valley,Siskiyou,NA,Irrigation,Single Well,NA,1983-05-11 - 2007-10-25,48,spring,NA,NA,155.5,187.1,1993,12.44,8.98,22.21,8.54,Above Normal,SAC,1992-10-01T00:00:00Z,1993-10-01T00:00:00Z,-121.964,41.8463
418463N1219644W001,679604,1992-10-19T00:00:00Z,4364.31,4363.81,0,171.9,4192.41,171.9,171.4,NA,Unknown,Water level accuracy is unknown,1,Department of Water Resources,NA,1,Department of Water Resources,NA,NA,24075,46N01W10K001M,10K001M,Unknown,Unknown,1-003,Butte Valley,Siskiyou,NA,Irrigation,Single Well,NA,1983-05-11 - 2007-10-25,48,fall,157.5,190.5,NA,NA,1993,12.44,8.98,22.21,8.54,Above Normal,SAC,1992-10-01T00:00:00Z,1993-10-01T00:00:00Z,-121.964,41.8463
418463N1219644W001,679603,1992-03-02T00:00:00Z,4364.31,4363.81,0,168.9,4195.41,168.9,168.4,NA,Unknown,Water level accuracy is unknown,1,Department of Water Resources,NA,1,Department of Water Resources,NA,NA,24075,46N01W10K001M,10K001M,Unknown,Unknown,1-003,Butte Valley,Siskiyou,NA,Irrigation,Single Well,NA,1983-05-11 - 2007-10-25,48,spring,NA,NA,155.5,187.1,1992,5.41,2.93,8.87,4.06,Critical,SAC,1991-10-01T00:00:00Z,1992-10-01T00:00:00Z,-121.964,41.8463
418463N1219644W001,679602,1991-09-30T00:00:00Z,4364.31,4363.81,0,169.2,4195.11,169.2,168.7,NA,Unknown,Water level accuracy is unknown,1,Department of Water Resources,NA,1,Department of Water Resources,NA,NA,24075,46N01W10K001M,10K001M,Unknown,Unknown,1-003,Butte Valley,Siskiyou,NA,Irrigation,Single Well,NA,1983-05-11 - 2007-10-25,48,fall,157.5,190.5,NA,NA,1991,3.9,4.01,8.44,4.21,Critical,SAC,1990-10-01T00:00:00Z,1991-10-01T00:00:00Z,-121.964,41.8463
418463N1219644W001,679601,1991-03-20T00:00:00Z,4364.31,4363.81,0,163.1,4201.21,163.1,162.6,NA,Unknown,Water level accuracy is unknown,1,Department of Water Resources,NA,1,Department of Water Resources,NA,NA,24075,46N01W10K001M,10K001M,Unknown,Unknown,1-003,Butte Valley,Siskiyou,NA,Irrigation,Single Well,NA,1983-05-11 - 2007-10-25,48,spring,NA,NA,155.5,187.1,1991,3.9,4.01,8.44,4.21,Critical,SAC,1990-10-01T00:00:00Z,1991-10-01T00:00:00Z,-121.964,41.8463
418463N1219644W001,679600,1990-10-01T00:00:00Z,4364.31,4363.81,NA,NA,NA,NA,NA,Casing leaking or wet,NA,NA,1,Department of Water Resources,NA,1,Department of Water Resources,NA,NA,24075,46N01W10K001M,10K001M,Unknown,Unknown,1-003,Butte Valley,Siskiyou,NA,Irrigation,Single Well,NA,1983-05-11 - 2007-10-25,48,fall,157.5,190.5,NA,NA,1991,3.9,4.01,8.44,4.21,Critical,SAC,1990-10-01T00:00:00Z,1991-10-01T00:00:00Z,-121.964,41.8463
418463N1219644W001,679599,1990-03-20T00:00:00Z,4364.31,4363.81,0,165.5,4198.81,165.5,165,NA,Unknown,Water level accuracy is unknown,1,Department of Water Resources,NA,1,Department of Water Resources,NA,NA,24075,46N01W10K001M,10K001M,Unknown,Unknown,1-003,Butte Valley,Siskiyou,NA,Irrigation,Single Well,NA,1983-05-11 - 2007-10-25,48,spring,NA,NA,155.5,187.1,1990,4.94,3.72,9.26,4.81,Critical,SAC,1989-10-01T00:00:00Z,1990-10-01T00:00:00Z,-121.964,41.8463
418463N1219644W001,679598,1989-10-04T00:00:00Z,4364.31,4363.81,0,164.2,4200.11,164.2,163.7,NA,Unknown,Water level accuracy is unknown,1,Department of Water Resources,NA,1,Department of Water Resources,NA,NA,24075,46N01W10K001M,10K001M,Unknown,Unknown,1-003,Butte Valley,Siskiyou,NA,Irrigation,Single Well,NA,1983-05-11 - 2007-10-25,48,fall,157.5,190.5,NA,NA,1990,4.94,3.72,9.26,4.81,Critical,SAC,1989-10-01T00:00:00Z,1990-10-01T00:00:00Z,-121.964,41.8463
418463N1219644W001,679597,1989-03-21T00:00:00Z,4364.31,4363.81,0,165.6,4198.71,165.6,165.1,NA,Unknown,Water level accuracy is unknown,1,Department of Water Resources,NA,1,Department of Water Resources,NA,NA,24075,46N01W10K001M,10K001M,Unknown,Unknown,1-003,Butte Valley,Siskiyou,NA,Irrigation,Single Well,NA,1983-05-11 - 2007-10-25,48,spring,NA,NA,155.5,187.1,1989,9.03,5.07,14.82,6.13,Dry,SAC,1988-10-01T00:00:00Z,1989-10-01T00:00:00Z,-121.964,41.8463
418463N1219644W001,679596,1988-10-24T00:00:00Z,4364.31,4363.81,0,164.3,4200.01,164.3,163.8,NA,Unknown,Water level accuracy is unknown,1,Department of Water Resources,NA,1,Department of Water Resources,NA,NA,24075,46N01W10K001M,10K001M,Unknown,Unknown,1-003,Butte Valley,Siskiyou,NA,Irrigation,Single Well,NA,1983-05-11 - 2007-10-25,48,fall,157.5,190.5,NA,NA,1989,9.03,5.07,14.82,6.13,Dry,SAC,1988-10-01T00:00:00Z,1989-10-01T00:00:00Z,-121.964,41.8463
418463N1219644W001,679595,1988-03-23T00:00:00Z,4364.31,4363.81,0,162.5,4201.81,162.5,162,NA,Unknown,Water level accuracy is unknown,1,Department of Water Resources,NA,1,Department of Water Resources,NA,NA,24075,46N01W10K001M,10K001M,Unknown,Unknown,1-003,Butte Valley,Siskiyou,NA,Irrigation,Single Well,NA,1983-05-11 - 2007-10-25,48,spring,NA,NA,155.5,187.1,1988,5.78,2.9,9.23,4.65,Critical,SAC,1987-10-01T00:00:00Z,1988-10-01T00:00:00Z,-121.964,41.8463
418463N1219644W001,679594,1987-10-20T00:00:00Z,4364.31,4363.81,0,168.1,4196.21,168.1,167.6,NA,Unknown,Water level accuracy is unknown,1,Department of Water Resources,NA,1,Department of Water Resources,NA,NA,24075,46N01W10K001M,10K001M,Unknown,Unknown,1-003,Butte Valley,Siskiyou,NA,Irrigation,Single Well,NA,1983-05-11 - 2007-10-25,48,fall,157.5,190.5,NA,NA,1988,5.78,2.9,9.23,4.65,Critical,SAC,1987-10-01T00:00:00Z,1988-10-01T00:00:00Z,-121.964,41.8463
418463N1219644W001,679593,1987-04-21T00:00:00Z,4364.31,4363.81,NA,NA,NA,NA,NA,Pumping,NA,NA,1,Department of Water Resources,NA,1,Department of Water Resources,NA,NA,24075,46N01W10K001M,10K001M,Unknown,Unknown,1-003,Butte Valley,Siskiyou,NA,Irrigation,Single Well,NA,1983-05-11 - 2007-10-25,48,spring,NA,NA,155.5,187.1,1987,5.85,2.8,9.27,5.86,Dry,SAC,1986-10-01T00:00:00Z,1987-10-01T00:00:00Z,-121.964,41.8463
418463N1219644W001,679592,1986-04-25T00:00:00Z,4364.31,4363.81,NA,NA,NA,NA,NA,Special/Other,NA,NA,1,Department of Water Resources,NA,624,Bureau of Reclamation,NA,NA,24075,46N01W10K001M,10K001M,Unknown,Unknown,1-003,Butte Valley,Siskiyou,NA,Irrigation,Single Well,NA,1983-05-11 - 2007-10-25,48,spring,NA,NA,155.5,187.1,1986,19.45,5.45,25.83,9.96,Wet,SAC,1985-10-01T00:00:00Z,1986-10-01T00:00:00Z,-121.964,41.8463
418463N1219644W001,679591,1985-10-16T00:00:00Z,4364.31,4363.81,NA,NA,NA,NA,NA,Tape hung up,NA,NA,1,Department of Water Resources,NA,624,Bureau of Reclamation,NA,NA,24075,46N01W10K001M,10K001M,Unknown,Unknown,1-003,Butte Valley,Siskiyou,NA,Irrigation,Single Well,NA,1983-05-11 - 2007-10-25,48,fall,157.5,190.5,NA,NA,1986,19.45,5.45,25.83,9.96,Wet,SAC,1985-10-01T00:00:00Z,1986-10-01T00:00:00Z,-121.964,41.8463
418463N1219644W001,679590,1985-04-15T00:00:00Z,4364.31,4363.81,0,157.5,4206.81,157.5,157,NA,Unknown,Water level accuracy is unknown,1,Department of Water Resources,NA,624,Bureau of Reclamation,NA,NA,24075,46N01W10K001M,10K001M,Unknown,Unknown,1-003,Butte Valley,Siskiyou,NA,Irrigation,Single Well,NA,1983-05-11 - 2007-10-25,48,spring,NA,NA,155.5,187.1,1985,6.24,4,11.04,6.47,Dry,SAC,1984-10-01T00:00:00Z,1985-10-01T00:00:00Z,-121.964,41.8463
418463N1219644W001,679589,1984-10-25T00:00:00Z,4364.31,4363.81,0,158,4206.31,158,157.5,NA,Unknown,Water level accuracy is unknown,1,Department of Water Resources,NA,624,Bureau of Reclamation,NA,NA,24075,46N01W10K001M,10K001M,Unknown,Unknown,1-003,Butte Valley,Siskiyou,NA,Irrigation,Single Well,NA,1983-05-11 - 2007-10-25,48,fall,157.5,190.5,NA,NA,1985,6.24,4,11.04,6.47,Dry,SAC,1984-10-01T00:00:00Z,1985-10-01T00:00:00Z,-121.964,41.8463
418463N1219644W001,679588,1984-04-16T00:00:00Z,4364.31,4363.81,0,156,4208.31,156,155.5,NA,Unknown,Water level accuracy is unknown,1,Department of Water Resources,NA,624,Bureau of Reclamation,NA,NA,24075,46N01W10K001M,10K001M,Unknown,Unknown,1-003,Butte Valley,Siskiyou,NA,Irrigation,Single Well,NA,1983-05-11 - 2007-10-25,48,spring,NA,NA,155.5,187.1,1984,15.98,5.52,22.35,10,Wet,SAC,1983-10-01T00:00:00Z,1984-10-01T00:00:00Z,-121.964,41.8463
418463N1219644W001,679587,1983-10-14T00:00:00Z,4364.31,4363.81,0,158,4206.31,158,157.5,NA,Unknown,Water level accuracy is unknown,1,Department of Water Resources,NA,624,Bureau of Reclamation,NA,NA,24075,46N01W10K001M,10K001M,Unknown,Unknown,1-003,Butte Valley,Siskiyou,NA,Irrigation,Single Well,NA,1983-05-11 - 2007-10-25,48,fall,157.5,190.5,NA,NA,1984,15.98,5.52,22.35,10,Wet,SAC,1983-10-01T00:00:00Z,1984-10-01T00:00:00Z,-121.964,41.8463
418463N1219644W001,679586,1983-05-11T00:00:00Z,4364.31,4363.81,0,159,4205.31,159,158.5,NA,Unknown,Water level accuracy is unknown,1,Department of Water Resources,NA,624,Bureau of Reclamation,NA,NA,24075,46N01W10K001M,10K001M,Unknown,Unknown,1-003,Butte Valley,Siskiyou,NA,Irrigation,Single Well,NA,1983-05-11 - 2007-10-25,48,spring,NA,NA,155.5,187.1,1983,22.75,13.66,37.68,15.29,Wet,SAC,1982-10-01T00:00:00Z,1983-10-01T00:00:00Z,-121.964,41.8463
