SITE_CODE,WLM_ID,MSMT_DATE,WLM_RPE,WLM_GSE,RDNG_WS,RDNG_RP,WSE,RPE_WSE,GSE_WSE,WLM_QA_DESC,WLM_DESC,WLM_ACC_DESC,WLM_ORG_ID,WLM_ORG_NAME,MSMT_CMT,COOP_AGENCY_ORG_ID,COOP_ORG_NAME,TOP_PRF,BOT_PRF,STN_ID,SWN,WELL_NAME,WLM_METHOD,WLM_ACC,BASIN_CODE,BASIN_NAME,COUNTY_NAME,WELL_DEPTH,WELL_USE,WELL_TYPE,WCR_NO,t_range,n_samples,season,fall_high,fall_low,spring_high,spring_low,water_year,HUC8,WYT,water_year_type,water_year_start,water_year_end,X,Y
418543N1219225W001,679494,1990-10-01T00:00:00Z,4244.79,4243.79,NA,NA,NA,NA,NA,Measurement Discontinued,NA,NA,1,Department of Water Resources,NA,1,Department of Water Resources,48,234,24072,46N01W01Q001M,NA,Unknown,Unknown,1-003,Butte Valley,Siskiyou,236,Irrigation,Unknown,49918,1977-04-06 - 1990-10-01,34,fall,39.7,59.6,NA,NA,1991,18010205,Critical,Critical,1990-10-01T00:00:00Z,1991-10-01T00:00:00Z,-121.922,41.8543
418543N1219225W001,679493,1990-03-22T00:00:00Z,4244.79,4243.79,NA,NA,NA,NA,NA,Measurement Discontinued,NA,NA,1,Department of Water Resources,NA,1,Department of Water Resources,48,234,24072,46N01W01Q001M,NA,Unknown,Unknown,1-003,Butte Valley,Siskiyou,236,Irrigation,Unknown,49918,1977-04-06 - 1990-10-01,34,spring,NA,NA,32.2,39.6,1990,18010205,Below Normal,Below Normal,1989-10-01T00:00:00Z,1990-10-01T00:00:00Z,-121.922,41.8543
418543N1219225W001,679492,1989-10-03T00:00:00Z,4244.79,4243.79,0,49.1,4195.69,49.1,48.1,NA,Unknown,Water level accuracy is unknown,1,Department of Water Resources,NA,1,Department of Water Resources,48,234,24072,46N01W01Q001M,NA,Unknown,Unknown,1-003,Butte Valley,Siskiyou,236,Irrigation,Unknown,49918,1977-04-06 - 1990-10-01,34,fall,39.7,59.6,NA,NA,1990,18010205,Below Normal,Below Normal,1989-10-01T00:00:00Z,1990-10-01T00:00:00Z,-121.922,41.8543
418543N1219225W001,679491,1989-03-22T00:00:00Z,4244.79,4243.79,0,39.4,4205.39,39.4,38.4,NA,Unknown,Water level accuracy is unknown,1,Department of Water Resources,NA,1,Department of Water Resources,48,234,24072,46N01W01Q001M,NA,Unknown,Unknown,1-003,Butte Valley,Siskiyou,236,Irrigation,Unknown,49918,1977-04-06 - 1990-10-01,34,spring,NA,NA,32.2,39.6,1989,18010205,Below Normal,Below Normal,1988-10-01T00:00:00Z,1989-10-01T00:00:00Z,-121.922,41.8543
418543N1219225W001,679490,1988-10-24T00:00:00Z,4244.79,4243.79,0,43.6,4201.19,43.6,42.6,NA,Unknown,Water level accuracy is unknown,1,Department of Water Resources,NA,1,Department of Water Resources,48,234,24072,46N01W01Q001M,NA,Unknown,Unknown,1-003,Butte Valley,Siskiyou,236,Irrigation,Unknown,49918,1977-04-06 - 1990-10-01,34,fall,39.7,59.6,NA,NA,1989,18010205,Below Normal,Below Normal,1988-10-01T00:00:00Z,1989-10-01T00:00:00Z,-121.922,41.8543
418543N1219225W001,679489,1988-03-23T00:00:00Z,4244.79,4243.79,0,37.2,4207.59,37.2,36.2,NA,Unknown,Water level accuracy is unknown,1,Department of Water Resources,NA,1,Department of Water Resources,48,234,24072,46N01W01Q001M,NA,Unknown,Unknown,1-003,Butte Valley,Siskiyou,236,Irrigation,Unknown,49918,1977-04-06 - 1990-10-01,34,spring,NA,NA,32.2,39.6,1988,18010205,Critical,Critical,1987-10-01T00:00:00Z,1988-10-01T00:00:00Z,-121.922,41.8543
418543N1219225W001,679488,1987-10-20T00:00:00Z,4244.79,4243.79,0,41.3,4203.49,41.3,40.3,NA,Unknown,Water level accuracy is unknown,1,Department of Water Resources,NA,1,Department of Water Resources,48,234,24072,46N01W01Q001M,NA,Unknown,Unknown,1-003,Butte Valley,Siskiyou,236,Irrigation,Unknown,49918,1977-04-06 - 1990-10-01,34,fall,39.7,59.6,NA,NA,1988,18010205,Critical,Critical,1987-10-01T00:00:00Z,1988-10-01T00:00:00Z,-121.922,41.8543
418543N1219225W001,679487,1987-04-21T00:00:00Z,4244.79,4243.79,0,40.5,4204.29,40.5,39.5,NA,Unknown,Water level accuracy is unknown,1,Department of Water Resources,NA,1,Department of Water Resources,48,234,24072,46N01W01Q001M,NA,Unknown,Unknown,1-003,Butte Valley,Siskiyou,236,Irrigation,Unknown,49918,1977-04-06 - 1990-10-01,34,spring,NA,NA,32.2,39.6,1987,18010205,Critical,Critical,1986-10-01T00:00:00Z,1987-10-01T00:00:00Z,-121.922,41.8543
418543N1219225W001,679486,1986-04-29T00:00:00Z,4244.79,4243.79,0,33.9,4210.89,33.9,32.9,NA,Unknown,Water level accuracy is unknown,1,Department of Water Resources,NA,624,Bureau of Reclamation,48,234,24072,46N01W01Q001M,NA,Unknown,Unknown,1-003,Butte Valley,Siskiyou,236,Irrigation,Unknown,49918,1977-04-06 - 1990-10-01,34,spring,NA,NA,32.2,39.6,1986,18010205,Above Normal,Above Normal,1985-10-01T00:00:00Z,1986-10-01T00:00:00Z,-121.922,41.8543
418543N1219225W001,679485,1985-10-16T00:00:00Z,4244.79,4243.79,0,41.8,4202.99,41.8,40.8,NA,Unknown,Water level accuracy is unknown,1,Department of Water Resources,NA,624,Bureau of Reclamation,48,234,24072,46N01W01Q001M,NA,Unknown,Unknown,1-003,Butte Valley,Siskiyou,236,Irrigation,Unknown,49918,1977-04-06 - 1990-10-01,34,fall,39.7,59.6,NA,NA,1986,18010205,Above Normal,Above Normal,1985-10-01T00:00:00Z,1986-10-01T00:00:00Z,-121.922,41.8543
418543N1219225W001,679484,1985-04-15T00:00:00Z,4244.79,4243.79,0,34.9,4209.89,34.9,33.9,NA,Unknown,Water level accuracy is unknown,1,Department of Water Resources,NA,624,Bureau of Reclamation,48,234,24072,46N01W01Q001M,NA,Unknown,Unknown,1-003,Butte Valley,Siskiyou,236,Irrigation,Unknown,49918,1977-04-06 - 1990-10-01,34,spring,NA,NA,32.2,39.6,1985,18010205,Dry,Dry,1984-10-01T00:00:00Z,1985-10-01T00:00:00Z,-121.922,41.8543
418543N1219225W001,679483,1984-10-25T00:00:00Z,4244.79,4243.79,0,58.9,4185.89,58.9,57.9,Casing leaking or wet,Unknown,Water level accuracy is unknown,1,Department of Water Resources,NA,624,Bureau of Reclamation,48,234,24072,46N01W01Q001M,NA,Unknown,Unknown,1-003,Butte Valley,Siskiyou,236,Irrigation,Unknown,49918,1977-04-06 - 1990-10-01,34,fall,39.7,59.6,NA,NA,1985,18010205,Dry,Dry,1984-10-01T00:00:00Z,1985-10-01T00:00:00Z,-121.922,41.8543
418543N1219225W001,679482,1984-04-16T00:00:00Z,4244.79,4243.79,0,34.2,4210.59,34.2,33.2,NA,Unknown,Water level accuracy is unknown,1,Department of Water Resources,NA,624,Bureau of Reclamation,48,234,24072,46N01W01Q001M,NA,Unknown,Unknown,1-003,Butte Valley,Siskiyou,236,Irrigation,Unknown,49918,1977-04-06 - 1990-10-01,34,spring,NA,NA,32.2,39.6,1984,18010205,Wet,Wet,1983-10-01T00:00:00Z,1984-10-01T00:00:00Z,-121.922,41.8543
418543N1219225W001,679481,1983-10-14T00:00:00Z,4244.79,4243.79,0,46,4198.79,46,45,NA,Unknown,Water level accuracy is unknown,1,Department of Water Resources,NA,624,Bureau of Reclamation,48,234,24072,46N01W01Q001M,NA,Unknown,Unknown,1-003,Butte Valley,Siskiyou,236,Irrigation,Unknown,49918,1977-04-06 - 1990-10-01,34,fall,39.7,59.6,NA,NA,1984,18010205,Wet,Wet,1983-10-01T00:00:00Z,1984-10-01T00:00:00Z,-121.922,41.8543
418543N1219225W001,679480,1983-05-11T00:00:00Z,4244.79,4243.79,0,38.7,4206.09,38.7,37.7,NA,Unknown,Water level accuracy is unknown,1,Department of Water Resources,NA,624,Bureau of Reclamation,48,234,24072,46N01W01Q001M,NA,Unknown,Unknown,1-003,Butte Valley,Siskiyou,236,Irrigation,Unknown,49918,1977-04-06 - 1990-10-01,34,spring,NA,NA,32.2,39.6,1983,18010205,Wet,Wet,1982-10-01T00:00:00Z,1983-10-01T00:00:00Z,-121.922,41.8543
418543N1219225W001,679479,1982-10-25T00:00:00Z,4244.79,4243.79,0,45,4199.79,45,44,NA,Unknown,Water level accuracy is unknown,1,Department of Water Resources,NA,624,Bureau of Reclamation,48,234,24072,46N01W01Q001M,NA,Unknown,Unknown,1-003,Butte Valley,Siskiyou,236,Irrigation,Unknown,49918,1977-04-06 - 1990-10-01,34,fall,39.7,59.6,NA,NA,1983,18010205,Wet,Wet,1982-10-01T00:00:00Z,1983-10-01T00:00:00Z,-121.922,41.8543
418543N1219225W001,679478,1982-04-21T00:00:00Z,4244.79,4243.79,0,40.6,4204.19,40.6,39.6,NA,Unknown,Water level accuracy is unknown,1,Department of Water Resources,NA,624,Bureau of Reclamation,48,234,24072,46N01W01Q001M,NA,Unknown,Unknown,1-003,Butte Valley,Siskiyou,236,Irrigation,Unknown,49918,1977-04-06 - 1990-10-01,34,spring,NA,NA,32.2,39.6,1982,18010205,Wet,Wet,1981-10-01T00:00:00Z,1982-10-01T00:00:00Z,-121.922,41.8543
418543N1219225W001,679477,1981-10-15T00:00:00Z,4244.79,4243.79,0,48,4196.79,48,47,NA,Unknown,Water level accuracy is unknown,1,Department of Water Resources,NA,624,Bureau of Reclamation,48,234,24072,46N01W01Q001M,NA,Unknown,Unknown,1-003,Butte Valley,Siskiyou,236,Irrigation,Unknown,49918,1977-04-06 - 1990-10-01,34,fall,39.7,59.6,NA,NA,1982,18010205,Wet,Wet,1981-10-01T00:00:00Z,1982-10-01T00:00:00Z,-121.922,41.8543
418543N1219225W001,679476,1981-04-24T00:00:00Z,4244.79,4243.79,0,40.3,4204.49,40.3,39.3,NA,Unknown,Water level accuracy is unknown,1,Department of Water Resources,NA,624,Bureau of Reclamation,48,234,24072,46N01W01Q001M,NA,Unknown,Unknown,1-003,Butte Valley,Siskiyou,236,Irrigation,Unknown,49918,1977-04-06 - 1990-10-01,34,spring,NA,NA,32.2,39.6,1981,18010205,Below Normal,Below Normal,1980-10-01T00:00:00Z,1981-10-01T00:00:00Z,-121.922,41.8543
418543N1219225W001,679475,1980-10-24T00:00:00Z,4244.79,4243.79,0,45.1,4199.69,45.1,44.1,NA,Unknown,Water level accuracy is unknown,1,Department of Water Resources,NA,624,Bureau of Reclamation,48,234,24072,46N01W01Q001M,NA,Unknown,Unknown,1-003,Butte Valley,Siskiyou,236,Irrigation,Unknown,49918,1977-04-06 - 1990-10-01,34,fall,39.7,59.6,NA,NA,1981,18010205,Below Normal,Below Normal,1980-10-01T00:00:00Z,1981-10-01T00:00:00Z,-121.922,41.8543
418543N1219225W001,679474,1980-04-17T00:00:00Z,4244.79,4243.79,0,35.5,4209.29,35.5,34.5,NA,Unknown,Water level accuracy is unknown,1,Department of Water Resources,NA,624,Bureau of Reclamation,48,234,24072,46N01W01Q001M,NA,Unknown,Unknown,1-003,Butte Valley,Siskiyou,236,Irrigation,Unknown,49918,1977-04-06 - 1990-10-01,34,spring,NA,NA,32.2,39.6,1980,18010205,Above Normal,Above Normal,1979-10-01T00:00:00Z,1980-10-01T00:00:00Z,-121.922,41.8543
418543N1219225W001,679473,1979-10-12T00:00:00Z,4244.79,4243.79,0,47.1,4197.69,47.1,46.1,NA,Unknown,Water level accuracy is unknown,1,Department of Water Resources,NA,624,Bureau of Reclamation,48,234,24072,46N01W01Q001M,NA,Unknown,Unknown,1-003,Butte Valley,Siskiyou,236,Irrigation,Unknown,49918,1977-04-06 - 1990-10-01,34,fall,39.7,59.6,NA,NA,1980,18010205,Above Normal,Above Normal,1979-10-01T00:00:00Z,1980-10-01T00:00:00Z,-121.922,41.8543
418543N1219225W001,679472,1979-04-27T00:00:00Z,4244.79,4243.79,0,33.2,4211.59,33.2,32.2,NA,Unknown,Water level accuracy is unknown,1,Department of Water Resources,NA,624,Bureau of Reclamation,48,234,24072,46N01W01Q001M,NA,Unknown,Unknown,1-003,Butte Valley,Siskiyou,236,Irrigation,Unknown,49918,1977-04-06 - 1990-10-01,34,spring,NA,NA,32.2,39.6,1979,18010205,Dry,Dry,1978-10-01T00:00:00Z,1979-10-01T00:00:00Z,-121.922,41.8543
418543N1219225W001,679471,1978-09-18T00:00:00Z,4244.79,4243.79,0,52.5,4192.29,52.5,51.5,NA,Unknown,Water level accuracy is unknown,1,Department of Water Resources,NA,624,Bureau of Reclamation,48,234,24072,46N01W01Q001M,NA,Unknown,Unknown,1-003,Butte Valley,Siskiyou,236,Irrigation,Unknown,49918,1977-04-06 - 1990-10-01,34,fall,39.7,59.6,NA,NA,1978,18010205,Above Normal,Above Normal,1977-10-01T00:00:00Z,1978-10-01T00:00:00Z,-121.922,41.8543
418543N1219225W001,679470,1978-08-15T00:00:00Z,4244.79,4243.79,0,47.2,4197.59,47.2,46.2,NA,Unknown,Water level accuracy is unknown,1,Department of Water Resources,NA,624,Bureau of Reclamation,48,234,24072,46N01W01Q001M,NA,Unknown,Unknown,1-003,Butte Valley,Siskiyou,236,Irrigation,Unknown,49918,1977-04-06 - 1990-10-01,34,fall,39.7,59.6,NA,NA,1978,18010205,Above Normal,Above Normal,1977-10-01T00:00:00Z,1978-10-01T00:00:00Z,-121.922,41.8543
418543N1219225W001,679469,1978-07-19T00:00:00Z,4244.79,4243.79,0,45.4,4199.39,45.4,44.4,NA,Unknown,Water level accuracy is unknown,1,Department of Water Resources,NA,624,Bureau of Reclamation,48,234,24072,46N01W01Q001M,NA,Unknown,Unknown,1-003,Butte Valley,Siskiyou,236,Irrigation,Unknown,49918,1977-04-06 - 1990-10-01,34,other,NA,NA,NA,NA,1978,18010205,Above Normal,Above Normal,1977-10-01T00:00:00Z,1978-10-01T00:00:00Z,-121.922,41.8543
418543N1219225W001,679468,1978-06-16T00:00:00Z,4244.79,4243.79,0,42.9,4201.89,42.9,41.9,NA,Unknown,Water level accuracy is unknown,1,Department of Water Resources,NA,624,Bureau of Reclamation,48,234,24072,46N01W01Q001M,NA,Unknown,Unknown,1-003,Butte Valley,Siskiyou,236,Irrigation,Unknown,49918,1977-04-06 - 1990-10-01,34,other,NA,NA,NA,NA,1978,18010205,Above Normal,Above Normal,1977-10-01T00:00:00Z,1978-10-01T00:00:00Z,-121.922,41.8543
418543N1219225W001,679467,1978-05-12T00:00:00Z,4244.79,4243.79,0,39,4205.79,39,38,NA,Unknown,Water level accuracy is unknown,1,Department of Water Resources,NA,624,Bureau of Reclamation,48,234,24072,46N01W01Q001M,NA,Unknown,Unknown,1-003,Butte Valley,Siskiyou,236,Irrigation,Unknown,49918,1977-04-06 - 1990-10-01,34,spring,NA,NA,32.2,39.6,1978,18010205,Above Normal,Above Normal,1977-10-01T00:00:00Z,1978-10-01T00:00:00Z,-121.922,41.8543
418543N1219225W001,679466,1978-04-13T00:00:00Z,4244.79,4243.79,0,35.7,4209.09,35.7,34.7,NA,Unknown,Water level accuracy is unknown,1,Department of Water Resources,NA,624,Bureau of Reclamation,48,234,24072,46N01W01Q001M,NA,Unknown,Unknown,1-003,Butte Valley,Siskiyou,236,Irrigation,Unknown,49918,1977-04-06 - 1990-10-01,34,spring,NA,NA,32.2,39.6,1978,18010205,Above Normal,Above Normal,1977-10-01T00:00:00Z,1978-10-01T00:00:00Z,-121.922,41.8543
418543N1219225W001,679465,1977-10-14T00:00:00Z,4244.79,4243.79,0,40.7,4204.09,40.7,39.7,NA,Unknown,Water level accuracy is unknown,1,Department of Water Resources,NA,624,Bureau of Reclamation,48,234,24072,46N01W01Q001M,NA,Unknown,Unknown,1-003,Butte Valley,Siskiyou,236,Irrigation,Unknown,49918,1977-04-06 - 1990-10-01,34,fall,39.7,59.6,NA,NA,1978,18010205,Above Normal,Above Normal,1977-10-01T00:00:00Z,1978-10-01T00:00:00Z,-121.922,41.8543
418543N1219225W001,679464,1977-09-15T00:00:00Z,4244.79,4243.79,0,60.6,4184.19,60.6,59.6,NA,Unknown,Water level accuracy is unknown,1,Department of Water Resources,NA,624,Bureau of Reclamation,48,234,24072,46N01W01Q001M,NA,Unknown,Unknown,1-003,Butte Valley,Siskiyou,236,Irrigation,Unknown,49918,1977-04-06 - 1990-10-01,34,fall,39.7,59.6,NA,NA,1977,18010205,Critical,Critical,1976-10-01T00:00:00Z,1977-10-01T00:00:00Z,-121.922,41.8543
418543N1219225W001,679463,1977-08-16T00:00:00Z,4244.79,4243.79,0,59.5,4185.29,59.5,58.5,NA,Unknown,Water level accuracy is unknown,1,Department of Water Resources,NA,624,Bureau of Reclamation,48,234,24072,46N01W01Q001M,NA,Unknown,Unknown,1-003,Butte Valley,Siskiyou,236,Irrigation,Unknown,49918,1977-04-06 - 1990-10-01,34,fall,39.7,59.6,NA,NA,1977,18010205,Critical,Critical,1976-10-01T00:00:00Z,1977-10-01T00:00:00Z,-121.922,41.8543
418543N1219225W001,679462,1977-07-20T00:00:00Z,4244.79,4243.79,0,69.7,4175.09,69.7,68.7,NA,Unknown,Water level accuracy is unknown,1,Department of Water Resources,NA,624,Bureau of Reclamation,48,234,24072,46N01W01Q001M,NA,Unknown,Unknown,1-003,Butte Valley,Siskiyou,236,Irrigation,Unknown,49918,1977-04-06 - 1990-10-01,34,other,NA,NA,NA,NA,1977,18010205,Critical,Critical,1976-10-01T00:00:00Z,1977-10-01T00:00:00Z,-121.922,41.8543
418543N1219225W001,679461,1977-04-06T00:00:00Z,4244.79,4243.79,0,36.9,4207.89,36.9,35.9,NA,Unknown,Water level accuracy is unknown,1,Department of Water Resources,NA,624,Bureau of Reclamation,48,234,24072,46N01W01Q001M,NA,Unknown,Unknown,1-003,Butte Valley,Siskiyou,236,Irrigation,Unknown,49918,1977-04-06 - 1990-10-01,34,spring,NA,NA,32.2,39.6,1977,18010205,Critical,Critical,1976-10-01T00:00:00Z,1977-10-01T00:00:00Z,-121.922,41.8543
