SITE_CODE,WLM_ID,MSMT_DATE,WLM_RPE,WLM_GSE,RDNG_WS,RDNG_RP,WSE,RPE_WSE,GSE_WSE,WLM_QA_DESC,WLM_DESC,WLM_ACC_DESC,WLM_ORG_ID,WLM_ORG_NAME,MSMT_CMT,COOP_AGENCY_ORG_ID,COOP_ORG_NAME,TOP_PRF,BOT_PRF,STN_ID,SWN,WELL_NAME,WLM_METHOD,WLM_ACC,BASIN_CODE,BASIN_NAME,COUNTY_NAME,WELL_DEPTH,WELL_USE,WELL_TYPE,WCR_NO,t_range,n_samples,season,fall_high,fall_low,spring_high,spring_low,water_year,Oct.Mar,Apr.Jul,WYsum,Index,water_year_type,region,water_year_start,water_year_end,X,Y
418714N1219475W001,681543,1990-10-02T00:00:00Z,4239.8,4238.8,NA,NA,NA,NA,NA,Measurement Discontinued,NA,NA,1,Department of Water Resources,NA,1,Department of Water Resources,1095,1302,23445,47N01W35L001M,NA,Unknown,Unknown,1-003,Butte Valley,Siskiyou,1302,Irrigation,Unknown,87453,1980-10-24 - 1990-10-02,20,fall,14.4,22.9,NA,NA,1991,3.9,4.01,8.44,4.21,Critical,SAC,1990-10-01T00:00:00Z,1991-10-01T00:00:00Z,-121.948,41.8714
418714N1219475W001,681542,1990-03-22T00:00:00Z,4239.8,4238.8,NA,NA,NA,NA,NA,Measurement Discontinued,NA,NA,1,Department of Water Resources,NA,1,Department of Water Resources,1095,1302,23445,47N01W35L001M,NA,Unknown,Unknown,1-003,Butte Valley,Siskiyou,1302,Irrigation,Unknown,87453,1980-10-24 - 1990-10-02,20,spring,NA,NA,12.7,21.9,1990,4.94,3.72,9.26,4.81,Critical,SAC,1989-10-01T00:00:00Z,1990-10-01T00:00:00Z,-121.948,41.8714
418714N1219475W001,681541,1989-10-03T00:00:00Z,4239.8,4238.8,0,23.9,4215.9,23.9,22.9,NA,Unknown,Water level accuracy is unknown,1,Department of Water Resources,NA,1,Department of Water Resources,1095,1302,23445,47N01W35L001M,NA,Unknown,Unknown,1-003,Butte Valley,Siskiyou,1302,Irrigation,Unknown,87453,1980-10-24 - 1990-10-02,20,fall,14.4,22.9,NA,NA,1990,4.94,3.72,9.26,4.81,Critical,SAC,1989-10-01T00:00:00Z,1990-10-01T00:00:00Z,-121.948,41.8714
418714N1219475W001,681540,1989-03-22T00:00:00Z,4239.8,4238.8,0,22.9,4216.9,22.9,21.9,NA,Unknown,Water level accuracy is unknown,1,Department of Water Resources,NA,1,Department of Water Resources,1095,1302,23445,47N01W35L001M,NA,Unknown,Unknown,1-003,Butte Valley,Siskiyou,1302,Irrigation,Unknown,87453,1980-10-24 - 1990-10-02,20,spring,NA,NA,12.7,21.9,1989,9.03,5.07,14.82,6.13,Dry,SAC,1988-10-01T00:00:00Z,1989-10-01T00:00:00Z,-121.948,41.8714
418714N1219475W001,681539,1988-10-26T00:00:00Z,4239.8,4238.8,0,22.2,4217.6,22.2,21.2,NA,Unknown,Water level accuracy is unknown,1,Department of Water Resources,NA,1,Department of Water Resources,1095,1302,23445,47N01W35L001M,NA,Unknown,Unknown,1-003,Butte Valley,Siskiyou,1302,Irrigation,Unknown,87453,1980-10-24 - 1990-10-02,20,fall,14.4,22.9,NA,NA,1989,9.03,5.07,14.82,6.13,Dry,SAC,1988-10-01T00:00:00Z,1989-10-01T00:00:00Z,-121.948,41.8714
418714N1219475W001,681538,1988-03-23T00:00:00Z,4239.8,4238.8,0,20.7,4219.1,20.7,19.7,NA,Unknown,Water level accuracy is unknown,1,Department of Water Resources,NA,1,Department of Water Resources,1095,1302,23445,47N01W35L001M,NA,Unknown,Unknown,1-003,Butte Valley,Siskiyou,1302,Irrigation,Unknown,87453,1980-10-24 - 1990-10-02,20,spring,NA,NA,12.7,21.9,1988,5.78,2.9,9.23,4.65,Critical,SAC,1987-10-01T00:00:00Z,1988-10-01T00:00:00Z,-121.948,41.8714
418714N1219475W001,681537,1987-10-20T00:00:00Z,4239.8,4238.8,0,20.5,4219.3,20.5,19.5,NA,Unknown,Water level accuracy is unknown,1,Department of Water Resources,NA,1,Department of Water Resources,1095,1302,23445,47N01W35L001M,NA,Unknown,Unknown,1-003,Butte Valley,Siskiyou,1302,Irrigation,Unknown,87453,1980-10-24 - 1990-10-02,20,fall,14.4,22.9,NA,NA,1988,5.78,2.9,9.23,4.65,Critical,SAC,1987-10-01T00:00:00Z,1988-10-01T00:00:00Z,-121.948,41.8714
418714N1219475W001,681536,1987-04-22T00:00:00Z,4239.8,4238.8,NA,NA,NA,NA,NA,Pumping,NA,NA,1,Department of Water Resources,NA,1,Department of Water Resources,1095,1302,23445,47N01W35L001M,NA,Unknown,Unknown,1-003,Butte Valley,Siskiyou,1302,Irrigation,Unknown,87453,1980-10-24 - 1990-10-02,20,spring,NA,NA,12.7,21.9,1987,5.85,2.8,9.27,5.86,Dry,SAC,1986-10-01T00:00:00Z,1987-10-01T00:00:00Z,-121.948,41.8714
418714N1219475W001,681535,1986-04-25T00:00:00Z,4239.8,4238.8,0,16.7,4223.1,16.7,15.7,NA,Unknown,Water level accuracy is unknown,1,Department of Water Resources,NA,624,Bureau of Reclamation,1095,1302,23445,47N01W35L001M,NA,Unknown,Unknown,1-003,Butte Valley,Siskiyou,1302,Irrigation,Unknown,87453,1980-10-24 - 1990-10-02,20,spring,NA,NA,12.7,21.9,1986,19.45,5.45,25.83,9.96,Wet,SAC,1985-10-01T00:00:00Z,1986-10-01T00:00:00Z,-121.948,41.8714
418714N1219475W001,681534,1985-10-16T00:00:00Z,4239.8,4238.8,0,16.1,4223.7,16.1,15.1,NA,Unknown,Water level accuracy is unknown,1,Department of Water Resources,NA,624,Bureau of Reclamation,1095,1302,23445,47N01W35L001M,NA,Unknown,Unknown,1-003,Butte Valley,Siskiyou,1302,Irrigation,Unknown,87453,1980-10-24 - 1990-10-02,20,fall,14.4,22.9,NA,NA,1986,19.45,5.45,25.83,9.96,Wet,SAC,1985-10-01T00:00:00Z,1986-10-01T00:00:00Z,-121.948,41.8714
418714N1219475W001,681533,1985-04-15T00:00:00Z,4239.8,4238.8,0,15.6,4224.2,15.6,14.6,NA,Unknown,Water level accuracy is unknown,1,Department of Water Resources,NA,624,Bureau of Reclamation,1095,1302,23445,47N01W35L001M,NA,Unknown,Unknown,1-003,Butte Valley,Siskiyou,1302,Irrigation,Unknown,87453,1980-10-24 - 1990-10-02,20,spring,NA,NA,12.7,21.9,1985,6.24,4,11.04,6.47,Dry,SAC,1984-10-01T00:00:00Z,1985-10-01T00:00:00Z,-121.948,41.8714
418714N1219475W001,681532,1984-10-25T00:00:00Z,4239.8,4238.8,0,16.6,4223.2,16.6,15.6,Casing leaking or wet,Unknown,Water level accuracy is unknown,1,Department of Water Resources,NA,624,Bureau of Reclamation,1095,1302,23445,47N01W35L001M,NA,Unknown,Unknown,1-003,Butte Valley,Siskiyou,1302,Irrigation,Unknown,87453,1980-10-24 - 1990-10-02,20,fall,14.4,22.9,NA,NA,1985,6.24,4,11.04,6.47,Dry,SAC,1984-10-01T00:00:00Z,1985-10-01T00:00:00Z,-121.948,41.8714
418714N1219475W001,681531,1984-04-16T00:00:00Z,4239.8,4238.8,0,13.7,4226.1,13.7,12.7,NA,Unknown,Water level accuracy is unknown,1,Department of Water Resources,NA,624,Bureau of Reclamation,1095,1302,23445,47N01W35L001M,NA,Unknown,Unknown,1-003,Butte Valley,Siskiyou,1302,Irrigation,Unknown,87453,1980-10-24 - 1990-10-02,20,spring,NA,NA,12.7,21.9,1984,15.98,5.52,22.35,10,Wet,SAC,1983-10-01T00:00:00Z,1984-10-01T00:00:00Z,-121.948,41.8714
418714N1219475W001,681530,1983-10-14T00:00:00Z,4239.8,4238.8,0,15.4,4224.4,15.4,14.4,NA,Unknown,Water level accuracy is unknown,1,Department of Water Resources,NA,624,Bureau of Reclamation,1095,1302,23445,47N01W35L001M,NA,Unknown,Unknown,1-003,Butte Valley,Siskiyou,1302,Irrigation,Unknown,87453,1980-10-24 - 1990-10-02,20,fall,14.4,22.9,NA,NA,1984,15.98,5.52,22.35,10,Wet,SAC,1983-10-01T00:00:00Z,1984-10-01T00:00:00Z,-121.948,41.8714
418714N1219475W001,681529,1983-05-11T00:00:00Z,4239.8,4238.8,0,14.2,4225.6,14.2,13.2,NA,Unknown,Water level accuracy is unknown,1,Department of Water Resources,NA,624,Bureau of Reclamation,1095,1302,23445,47N01W35L001M,NA,Unknown,Unknown,1-003,Butte Valley,Siskiyou,1302,Irrigation,Unknown,87453,1980-10-24 - 1990-10-02,20,spring,NA,NA,12.7,21.9,1983,22.75,13.66,37.68,15.29,Wet,SAC,1982-10-01T00:00:00Z,1983-10-01T00:00:00Z,-121.948,41.8714
418714N1219475W001,681528,1982-10-25T00:00:00Z,4239.8,4238.8,0,19.4,4220.4,19.4,18.4,NA,Unknown,Water level accuracy is unknown,1,Department of Water Resources,NA,624,Bureau of Reclamation,1095,1302,23445,47N01W35L001M,NA,Unknown,Unknown,1-003,Butte Valley,Siskiyou,1302,Irrigation,Unknown,87453,1980-10-24 - 1990-10-02,20,fall,14.4,22.9,NA,NA,1983,22.75,13.66,37.68,15.29,Wet,SAC,1982-10-01T00:00:00Z,1983-10-01T00:00:00Z,-121.948,41.8714
418714N1219475W001,681527,1982-04-21T00:00:00Z,4239.8,4238.8,0,20.5,4219.3,20.5,19.5,Oil or foreign substance in casing,Unknown,Water level accuracy is unknown,1,Department of Water Resources,NA,624,Bureau of Reclamation,1095,1302,23445,47N01W35L001M,NA,Unknown,Unknown,1-003,Butte Valley,Siskiyou,1302,Irrigation,Unknown,87453,1980-10-24 - 1990-10-02,20,spring,NA,NA,12.7,21.9,1982,20.56,11.82,33.41,12.76,Wet,SAC,1981-10-01T00:00:00Z,1982-10-01T00:00:00Z,-121.948,41.8714
418714N1219475W001,681526,1981-10-15T00:00:00Z,4239.8,4238.8,0,23.8,4216,23.8,22.8,NA,Unknown,Water level accuracy is unknown,1,Department of Water Resources,NA,624,Bureau of Reclamation,1095,1302,23445,47N01W35L001M,NA,Unknown,Unknown,1-003,Butte Valley,Siskiyou,1302,Irrigation,Unknown,87453,1980-10-24 - 1990-10-02,20,fall,14.4,22.9,NA,NA,1982,20.56,11.82,33.41,12.76,Wet,SAC,1981-10-01T00:00:00Z,1982-10-01T00:00:00Z,-121.948,41.8714
418714N1219475W001,681525,1981-04-24T00:00:00Z,4239.8,4238.8,0,21.2,4218.6,21.2,20.2,Oil or foreign substance in casing,Unknown,Water level accuracy is unknown,1,Department of Water Resources,NA,624,Bureau of Reclamation,1095,1302,23445,47N01W35L001M,NA,Unknown,Unknown,1-003,Butte Valley,Siskiyou,1302,Irrigation,Unknown,87453,1980-10-24 - 1990-10-02,20,spring,NA,NA,12.7,21.9,1981,6.81,3.63,11.1,6.21,Dry,SAC,1980-10-01T00:00:00Z,1981-10-01T00:00:00Z,-121.948,41.8714
418714N1219475W001,681524,1980-10-24T00:00:00Z,4239.8,4238.8,0,20.2,4219.6,20.2,19.2,NA,Unknown,Water level accuracy is unknown,1,Department of Water Resources,NA,624,Bureau of Reclamation,1095,1302,23445,47N01W35L001M,NA,Unknown,Unknown,1-003,Butte Valley,Siskiyou,1302,Irrigation,Unknown,87453,1980-10-24 - 1990-10-02,20,fall,14.4,22.9,NA,NA,1981,6.81,3.63,11.1,6.21,Dry,SAC,1980-10-01T00:00:00Z,1981-10-01T00:00:00Z,-121.948,41.8714
