SITE_CODE,WLM_ID,MSMT_DATE,WLM_RPE,WLM_GSE,RDNG_WS,RDNG_RP,WSE,RPE_WSE,GSE_WSE,WLM_QA_DESC,WLM_DESC,WLM_ACC_DESC,WLM_ORG_ID,WLM_ORG_NAME,MSMT_CMT,COOP_AGENCY_ORG_ID,COOP_ORG_NAME,TOP_PRF,BOT_PRF,STN_ID,SWN,WELL_NAME,WLM_METHOD,WLM_ACC,BASIN_CODE,BASIN_NAME,COUNTY_NAME,WELL_DEPTH,WELL_USE,WELL_TYPE,WCR_NO,t_range,n_samples,season,fall_high,fall_low,spring_high,spring_low,water_year,HUC8,WYT,water_year_type,water_year_start,water_year_end,X,Y
418981N1220811W001,681665,1997-03-11T00:00:00Z,4246.67,4245.67,0,24.2,4222.47,24.2,23.2,NA,Unknown,Water level accuracy is unknown,1,Department of Water Resources,NA,1,Department of Water Resources,NA,NA,37476,47N02W22Q002M,NA,Unknown,Unknown,1-003,Butte Valley,Siskiyou,182,Irrigation,Unknown,YES,1978-08-15 - 1997-03-11,38,spring,NA,NA,10.5,27.8,1997,18010205,Wet,Wet,1996-10-01T00:00:00Z,1997-10-01T00:00:00Z,-122.081,41.8981
418981N1220811W001,681664,1997-02-25T00:00:00Z,4246.67,4245.67,0,25.3,4221.37,25.3,24.3,NA,Unknown,Water level accuracy is unknown,1,Department of Water Resources,NA,1,Department of Water Resources,NA,NA,37476,47N02W22Q002M,NA,Unknown,Unknown,1-003,Butte Valley,Siskiyou,182,Irrigation,Unknown,YES,1978-08-15 - 1997-03-11,38,other,NA,NA,NA,NA,1997,18010205,Wet,Wet,1996-10-01T00:00:00Z,1997-10-01T00:00:00Z,-122.081,41.8981
418981N1220811W001,681663,1997-01-10T00:00:00Z,4246.67,4245.67,0,30.3,4216.37,30.3,29.3,NA,Unknown,Water level accuracy is unknown,1,Department of Water Resources,NA,1,Department of Water Resources,NA,NA,37476,47N02W22Q002M,NA,Unknown,Unknown,1-003,Butte Valley,Siskiyou,182,Irrigation,Unknown,YES,1978-08-15 - 1997-03-11,38,other,NA,NA,NA,NA,1997,18010205,Wet,Wet,1996-10-01T00:00:00Z,1997-10-01T00:00:00Z,-122.081,41.8981
418981N1220811W001,681662,1996-11-11T00:00:00Z,4246.67,4245.67,0,36.7,4209.97,36.7,35.7,NA,Unknown,Water level accuracy is unknown,1,Department of Water Resources,NA,1,Department of Water Resources,NA,NA,37476,47N02W22Q002M,NA,Unknown,Unknown,1-003,Butte Valley,Siskiyou,182,Irrigation,Unknown,YES,1978-08-15 - 1997-03-11,38,fall,13.4,75.2,NA,NA,1997,18010205,Wet,Wet,1996-10-01T00:00:00Z,1997-10-01T00:00:00Z,-122.081,41.8981
418981N1220811W001,681661,1996-10-21T00:00:00Z,4246.67,4245.67,0,35,4211.67,35,34,NA,Unknown,Water level accuracy is unknown,1,Department of Water Resources,NA,1,Department of Water Resources,NA,NA,37476,47N02W22Q002M,NA,Unknown,Unknown,1-003,Butte Valley,Siskiyou,182,Irrigation,Unknown,YES,1978-08-15 - 1997-03-11,38,fall,13.4,75.2,NA,NA,1997,18010205,Wet,Wet,1996-10-01T00:00:00Z,1997-10-01T00:00:00Z,-122.081,41.8981
418981N1220811W001,681660,1996-09-10T00:00:00Z,4246.67,4245.67,0,39.6,4207.07,39.6,38.6,NA,Unknown,Water level accuracy is unknown,1,Department of Water Resources,NA,1,Department of Water Resources,NA,NA,37476,47N02W22Q002M,NA,Unknown,Unknown,1-003,Butte Valley,Siskiyou,182,Irrigation,Unknown,YES,1978-08-15 - 1997-03-11,38,fall,13.4,75.2,NA,NA,1996,18010205,Wet,Wet,1995-10-01T00:00:00Z,1996-10-01T00:00:00Z,-122.081,41.8981
418981N1220811W001,681659,1996-08-23T00:00:00Z,4246.67,4245.67,0,76.2,4170.47,76.2,75.2,Pumping,Unknown,Water level accuracy is unknown,1,Department of Water Resources,NA,1,Department of Water Resources,NA,NA,37476,47N02W22Q002M,NA,Unknown,Unknown,1-003,Butte Valley,Siskiyou,182,Irrigation,Unknown,YES,1978-08-15 - 1997-03-11,38,fall,13.4,75.2,NA,NA,1996,18010205,Wet,Wet,1995-10-01T00:00:00Z,1996-10-01T00:00:00Z,-122.081,41.8981
418981N1220811W001,681658,1996-08-09T00:00:00Z,4246.67,4245.67,0,34.9,4211.77,34.9,33.9,NA,Unknown,Water level accuracy is unknown,1,Department of Water Resources,NA,1,Department of Water Resources,NA,NA,37476,47N02W22Q002M,NA,Unknown,Unknown,1-003,Butte Valley,Siskiyou,182,Irrigation,Unknown,YES,1978-08-15 - 1997-03-11,38,fall,13.4,75.2,NA,NA,1996,18010205,Wet,Wet,1995-10-01T00:00:00Z,1996-10-01T00:00:00Z,-122.081,41.8981
418981N1220811W001,681657,1996-07-26T00:00:00Z,4246.67,4245.67,0,56.4,4190.27,56.4,55.4,Pumping,Unknown,Water level accuracy is unknown,1,Department of Water Resources,NA,1,Department of Water Resources,NA,NA,37476,47N02W22Q002M,NA,Unknown,Unknown,1-003,Butte Valley,Siskiyou,182,Irrigation,Unknown,YES,1978-08-15 - 1997-03-11,38,other,NA,NA,NA,NA,1996,18010205,Wet,Wet,1995-10-01T00:00:00Z,1996-10-01T00:00:00Z,-122.081,41.8981
418981N1220811W001,681656,1996-07-17T00:00:00Z,4246.67,4245.67,0,71.8,4174.87,71.8,70.8,Pumping,Unknown,Water level accuracy is unknown,1,Department of Water Resources,NA,1,Department of Water Resources,NA,NA,37476,47N02W22Q002M,NA,Unknown,Unknown,1-003,Butte Valley,Siskiyou,182,Irrigation,Unknown,YES,1978-08-15 - 1997-03-11,38,other,NA,NA,NA,NA,1996,18010205,Wet,Wet,1995-10-01T00:00:00Z,1996-10-01T00:00:00Z,-122.081,41.8981
418981N1220811W001,681655,1996-06-14T00:00:00Z,4246.67,4245.67,0,52.4,4194.27,52.4,51.4,Pumping,Unknown,Water level accuracy is unknown,1,Department of Water Resources,NA,1,Department of Water Resources,NA,NA,37476,47N02W22Q002M,NA,Unknown,Unknown,1-003,Butte Valley,Siskiyou,182,Irrigation,Unknown,YES,1978-08-15 - 1997-03-11,38,other,NA,NA,NA,NA,1996,18010205,Wet,Wet,1995-10-01T00:00:00Z,1996-10-01T00:00:00Z,-122.081,41.8981
418981N1220811W001,681654,1996-05-02T00:00:00Z,4246.67,4245.67,0,28.8,4217.87,28.8,27.8,Pumping,Unknown,Water level accuracy is unknown,1,Department of Water Resources,NA,1,Department of Water Resources,NA,NA,37476,47N02W22Q002M,NA,Unknown,Unknown,1-003,Butte Valley,Siskiyou,182,Irrigation,Unknown,YES,1978-08-15 - 1997-03-11,38,spring,NA,NA,10.5,27.8,1996,18010205,Wet,Wet,1995-10-01T00:00:00Z,1996-10-01T00:00:00Z,-122.081,41.8981
418981N1220811W001,681653,1996-04-30T00:00:00Z,4246.67,4245.67,0,24.6,4222.07,24.6,23.6,NA,Unknown,Water level accuracy is unknown,1,Department of Water Resources,NA,1,Department of Water Resources,NA,NA,37476,47N02W22Q002M,NA,Unknown,Unknown,1-003,Butte Valley,Siskiyou,182,Irrigation,Unknown,YES,1978-08-15 - 1997-03-11,38,spring,NA,NA,10.5,27.8,1996,18010205,Wet,Wet,1995-10-01T00:00:00Z,1996-10-01T00:00:00Z,-122.081,41.8981
418981N1220811W001,681652,1990-10-02T00:00:00Z,4246.67,4245.67,NA,NA,NA,NA,NA,Measurement Discontinued,NA,NA,1,Department of Water Resources,NA,1,Department of Water Resources,NA,NA,37476,47N02W22Q002M,NA,Unknown,Unknown,1-003,Butte Valley,Siskiyou,182,Irrigation,Unknown,YES,1978-08-15 - 1997-03-11,38,fall,13.4,75.2,NA,NA,1991,18010205,Critical,Critical,1990-10-01T00:00:00Z,1991-10-01T00:00:00Z,-122.081,41.8981
418981N1220811W001,681651,1990-03-22T00:00:00Z,4246.67,4245.67,NA,NA,NA,NA,NA,Measurement Discontinued,NA,NA,1,Department of Water Resources,NA,1,Department of Water Resources,NA,NA,37476,47N02W22Q002M,NA,Unknown,Unknown,1-003,Butte Valley,Siskiyou,182,Irrigation,Unknown,YES,1978-08-15 - 1997-03-11,38,spring,NA,NA,10.5,27.8,1990,18010205,Below Normal,Below Normal,1989-10-01T00:00:00Z,1990-10-01T00:00:00Z,-122.081,41.8981
418981N1220811W001,681650,1989-10-02T00:00:00Z,4246.67,4245.67,0,28,4218.67,28,27,Other,Unknown,Water level accuracy is unknown,1,Department of Water Resources,NA,1,Department of Water Resources,NA,NA,37476,47N02W22Q002M,NA,Unknown,Unknown,1-003,Butte Valley,Siskiyou,182,Irrigation,Unknown,YES,1978-08-15 - 1997-03-11,38,fall,13.4,75.2,NA,NA,1990,18010205,Below Normal,Below Normal,1989-10-01T00:00:00Z,1990-10-01T00:00:00Z,-122.081,41.8981
418981N1220811W001,681649,1989-03-21T00:00:00Z,4246.67,4245.67,0,21.8,4224.87,21.8,20.8,NA,Unknown,Water level accuracy is unknown,1,Department of Water Resources,NA,1,Department of Water Resources,NA,NA,37476,47N02W22Q002M,NA,Unknown,Unknown,1-003,Butte Valley,Siskiyou,182,Irrigation,Unknown,YES,1978-08-15 - 1997-03-11,38,spring,NA,NA,10.5,27.8,1989,18010205,Below Normal,Below Normal,1988-10-01T00:00:00Z,1989-10-01T00:00:00Z,-122.081,41.8981
418981N1220811W001,681648,1988-10-25T00:00:00Z,4246.67,4245.67,0,26.4,4220.27,26.4,25.4,NA,Unknown,Water level accuracy is unknown,1,Department of Water Resources,NA,1,Department of Water Resources,NA,NA,37476,47N02W22Q002M,NA,Unknown,Unknown,1-003,Butte Valley,Siskiyou,182,Irrigation,Unknown,YES,1978-08-15 - 1997-03-11,38,fall,13.4,75.2,NA,NA,1989,18010205,Below Normal,Below Normal,1988-10-01T00:00:00Z,1989-10-01T00:00:00Z,-122.081,41.8981
418981N1220811W001,681647,1988-03-24T00:00:00Z,4246.67,4245.67,0,19.6,4227.07,19.6,18.6,NA,Unknown,Water level accuracy is unknown,1,Department of Water Resources,NA,1,Department of Water Resources,NA,NA,37476,47N02W22Q002M,NA,Unknown,Unknown,1-003,Butte Valley,Siskiyou,182,Irrigation,Unknown,YES,1978-08-15 - 1997-03-11,38,spring,NA,NA,10.5,27.8,1988,18010205,Critical,Critical,1987-10-01T00:00:00Z,1988-10-01T00:00:00Z,-122.081,41.8981
418981N1220811W001,681646,1987-10-19T00:00:00Z,4246.67,4245.67,0,23.4,4223.27,23.4,22.4,NA,Unknown,Water level accuracy is unknown,1,Department of Water Resources,NA,1,Department of Water Resources,NA,NA,37476,47N02W22Q002M,NA,Unknown,Unknown,1-003,Butte Valley,Siskiyou,182,Irrigation,Unknown,YES,1978-08-15 - 1997-03-11,38,fall,13.4,75.2,NA,NA,1988,18010205,Critical,Critical,1987-10-01T00:00:00Z,1988-10-01T00:00:00Z,-122.081,41.8981
418981N1220811W001,681645,1987-04-21T00:00:00Z,4246.67,4245.67,0,17.5,4229.17,17.5,16.5,NA,Unknown,Water level accuracy is unknown,1,Department of Water Resources,NA,1,Department of Water Resources,NA,NA,37476,47N02W22Q002M,NA,Unknown,Unknown,1-003,Butte Valley,Siskiyou,182,Irrigation,Unknown,YES,1978-08-15 - 1997-03-11,38,spring,NA,NA,10.5,27.8,1987,18010205,Critical,Critical,1986-10-01T00:00:00Z,1987-10-01T00:00:00Z,-122.081,41.8981
418981N1220811W001,681644,1986-04-29T00:00:00Z,4246.67,4245.67,0,15.5,4231.17,15.5,14.5,NA,Unknown,Water level accuracy is unknown,1,Department of Water Resources,NA,624,Bureau of Reclamation,NA,NA,37476,47N02W22Q002M,NA,Unknown,Unknown,1-003,Butte Valley,Siskiyou,182,Irrigation,Unknown,YES,1978-08-15 - 1997-03-11,38,spring,NA,NA,10.5,27.8,1986,18010205,Above Normal,Above Normal,1985-10-01T00:00:00Z,1986-10-01T00:00:00Z,-122.081,41.8981
418981N1220811W001,681643,1985-10-16T00:00:00Z,4246.67,4245.67,0,20.4,4226.27,20.4,19.4,NA,Unknown,Water level accuracy is unknown,1,Department of Water Resources,NA,624,Bureau of Reclamation,NA,NA,37476,47N02W22Q002M,NA,Unknown,Unknown,1-003,Butte Valley,Siskiyou,182,Irrigation,Unknown,YES,1978-08-15 - 1997-03-11,38,fall,13.4,75.2,NA,NA,1986,18010205,Above Normal,Above Normal,1985-10-01T00:00:00Z,1986-10-01T00:00:00Z,-122.081,41.8981
418981N1220811W001,681642,1985-04-15T00:00:00Z,4246.67,4245.67,0,13.8,4232.87,13.8,12.8,NA,Unknown,Water level accuracy is unknown,1,Department of Water Resources,NA,624,Bureau of Reclamation,NA,NA,37476,47N02W22Q002M,NA,Unknown,Unknown,1-003,Butte Valley,Siskiyou,182,Irrigation,Unknown,YES,1978-08-15 - 1997-03-11,38,spring,NA,NA,10.5,27.8,1985,18010205,Dry,Dry,1984-10-01T00:00:00Z,1985-10-01T00:00:00Z,-122.081,41.8981
418981N1220811W001,681641,1984-10-25T00:00:00Z,4246.67,4245.67,0,18.1,4228.57,18.1,17.1,NA,Unknown,Water level accuracy is unknown,1,Department of Water Resources,NA,624,Bureau of Reclamation,NA,NA,37476,47N02W22Q002M,NA,Unknown,Unknown,1-003,Butte Valley,Siskiyou,182,Irrigation,Unknown,YES,1978-08-15 - 1997-03-11,38,fall,13.4,75.2,NA,NA,1985,18010205,Dry,Dry,1984-10-01T00:00:00Z,1985-10-01T00:00:00Z,-122.081,41.8981
418981N1220811W001,681640,1984-04-16T00:00:00Z,4246.67,4245.67,0,11.5,4235.17,11.5,10.5,NA,Unknown,Water level accuracy is unknown,1,Department of Water Resources,NA,624,Bureau of Reclamation,NA,NA,37476,47N02W22Q002M,NA,Unknown,Unknown,1-003,Butte Valley,Siskiyou,182,Irrigation,Unknown,YES,1978-08-15 - 1997-03-11,38,spring,NA,NA,10.5,27.8,1984,18010205,Wet,Wet,1983-10-01T00:00:00Z,1984-10-01T00:00:00Z,-122.081,41.8981
418981N1220811W001,681639,1983-10-14T00:00:00Z,4246.67,4245.67,0,25.8,4220.87,25.8,24.8,NA,Unknown,Water level accuracy is unknown,1,Department of Water Resources,NA,624,Bureau of Reclamation,NA,NA,37476,47N02W22Q002M,NA,Unknown,Unknown,1-003,Butte Valley,Siskiyou,182,Irrigation,Unknown,YES,1978-08-15 - 1997-03-11,38,fall,13.4,75.2,NA,NA,1984,18010205,Wet,Wet,1983-10-01T00:00:00Z,1984-10-01T00:00:00Z,-122.081,41.8981
418981N1220811W001,681638,1983-05-11T00:00:00Z,4246.67,4245.67,0,13.9,4232.77,13.9,12.9,NA,Unknown,Water level accuracy is unknown,1,Department of Water Resources,NA,624,Bureau of Reclamation,NA,NA,37476,47N02W22Q002M,NA,Unknown,Unknown,1-003,Butte Valley,Siskiyou,182,Irrigation,Unknown,YES,1978-08-15 - 1997-03-11,38,spring,NA,NA,10.5,27.8,1983,18010205,Wet,Wet,1982-10-01T00:00:00Z,1983-10-01T00:00:00Z,-122.081,41.8981
418981N1220811W001,681637,1982-10-25T00:00:00Z,4246.67,4245.67,0,22.7,4223.97,22.7,21.7,NA,Unknown,Water level accuracy is unknown,1,Department of Water Resources,NA,624,Bureau of Reclamation,NA,NA,37476,47N02W22Q002M,NA,Unknown,Unknown,1-003,Butte Valley,Siskiyou,182,Irrigation,Unknown,YES,1978-08-15 - 1997-03-11,38,fall,13.4,75.2,NA,NA,1983,18010205,Wet,Wet,1982-10-01T00:00:00Z,1983-10-01T00:00:00Z,-122.081,41.8981
418981N1220811W001,681636,1982-04-21T00:00:00Z,4246.67,4245.67,0,16.1,4230.57,16.1,15.1,NA,Unknown,Water level accuracy is unknown,1,Department of Water Resources,NA,624,Bureau of Reclamation,NA,NA,37476,47N02W22Q002M,NA,Unknown,Unknown,1-003,Butte Valley,Siskiyou,182,Irrigation,Unknown,YES,1978-08-15 - 1997-03-11,38,spring,NA,NA,10.5,27.8,1982,18010205,Wet,Wet,1981-10-01T00:00:00Z,1982-10-01T00:00:00Z,-122.081,41.8981
418981N1220811W001,681635,1981-10-15T00:00:00Z,4246.67,4245.67,0,23.8,4222.87,23.8,22.8,NA,Unknown,Water level accuracy is unknown,1,Department of Water Resources,NA,624,Bureau of Reclamation,NA,NA,37476,47N02W22Q002M,NA,Unknown,Unknown,1-003,Butte Valley,Siskiyou,182,Irrigation,Unknown,YES,1978-08-15 - 1997-03-11,38,fall,13.4,75.2,NA,NA,1982,18010205,Wet,Wet,1981-10-01T00:00:00Z,1982-10-01T00:00:00Z,-122.081,41.8981
418981N1220811W001,681634,1981-04-24T00:00:00Z,4246.67,4245.67,0,17.9,4228.77,17.9,16.9,NA,Unknown,Water level accuracy is unknown,1,Department of Water Resources,NA,624,Bureau of Reclamation,NA,NA,37476,47N02W22Q002M,NA,Unknown,Unknown,1-003,Butte Valley,Siskiyou,182,Irrigation,Unknown,YES,1978-08-15 - 1997-03-11,38,spring,NA,NA,10.5,27.8,1981,18010205,Below Normal,Below Normal,1980-10-01T00:00:00Z,1981-10-01T00:00:00Z,-122.081,41.8981
418981N1220811W001,681633,1980-10-24T00:00:00Z,4246.67,4245.67,0,17.5,4229.17,17.5,16.5,NA,Unknown,Water level accuracy is unknown,1,Department of Water Resources,NA,624,Bureau of Reclamation,NA,NA,37476,47N02W22Q002M,NA,Unknown,Unknown,1-003,Butte Valley,Siskiyou,182,Irrigation,Unknown,YES,1978-08-15 - 1997-03-11,38,fall,13.4,75.2,NA,NA,1981,18010205,Below Normal,Below Normal,1980-10-01T00:00:00Z,1981-10-01T00:00:00Z,-122.081,41.8981
418981N1220811W001,681632,1980-04-18T00:00:00Z,4246.67,4245.67,0,13.8,4232.87,13.8,12.8,NA,Unknown,Water level accuracy is unknown,1,Department of Water Resources,NA,624,Bureau of Reclamation,NA,NA,37476,47N02W22Q002M,NA,Unknown,Unknown,1-003,Butte Valley,Siskiyou,182,Irrigation,Unknown,YES,1978-08-15 - 1997-03-11,38,spring,NA,NA,10.5,27.8,1980,18010205,Above Normal,Above Normal,1979-10-01T00:00:00Z,1980-10-01T00:00:00Z,-122.081,41.8981
418981N1220811W001,681631,1979-10-12T00:00:00Z,4246.67,4245.67,0,17,4229.67,17,16,NA,Unknown,Water level accuracy is unknown,1,Department of Water Resources,NA,624,Bureau of Reclamation,NA,NA,37476,47N02W22Q002M,NA,Unknown,Unknown,1-003,Butte Valley,Siskiyou,182,Irrigation,Unknown,YES,1978-08-15 - 1997-03-11,38,fall,13.4,75.2,NA,NA,1980,18010205,Above Normal,Above Normal,1979-10-01T00:00:00Z,1980-10-01T00:00:00Z,-122.081,41.8981
418981N1220811W001,681630,1979-04-27T00:00:00Z,4246.67,4245.67,0,13.4,4233.27,13.4,12.4,NA,Unknown,Water level accuracy is unknown,1,Department of Water Resources,NA,624,Bureau of Reclamation,NA,NA,37476,47N02W22Q002M,NA,Unknown,Unknown,1-003,Butte Valley,Siskiyou,182,Irrigation,Unknown,YES,1978-08-15 - 1997-03-11,38,spring,NA,NA,10.5,27.8,1979,18010205,Dry,Dry,1978-10-01T00:00:00Z,1979-10-01T00:00:00Z,-122.081,41.8981
418981N1220811W001,681629,1978-09-18T00:00:00Z,4246.67,4245.67,0,14.4,4232.27,14.4,13.4,NA,Unknown,Water level accuracy is unknown,1,Department of Water Resources,NA,624,Bureau of Reclamation,NA,NA,37476,47N02W22Q002M,NA,Unknown,Unknown,1-003,Butte Valley,Siskiyou,182,Irrigation,Unknown,YES,1978-08-15 - 1997-03-11,38,fall,13.4,75.2,NA,NA,1978,18010205,Above Normal,Above Normal,1977-10-01T00:00:00Z,1978-10-01T00:00:00Z,-122.081,41.8981
418981N1220811W001,681628,1978-08-15T00:00:00Z,4246.67,4245.67,0,17.6,4229.07,17.6,16.6,NA,Unknown,Water level accuracy is unknown,1,Department of Water Resources,NA,624,Bureau of Reclamation,NA,NA,37476,47N02W22Q002M,NA,Unknown,Unknown,1-003,Butte Valley,Siskiyou,182,Irrigation,Unknown,YES,1978-08-15 - 1997-03-11,38,fall,13.4,75.2,NA,NA,1978,18010205,Above Normal,Above Normal,1977-10-01T00:00:00Z,1978-10-01T00:00:00Z,-122.081,41.8981
