SITE_CODE,WLM_ID,MSMT_DATE,WLM_RPE,WLM_GSE,RDNG_WS,RDNG_RP,WSE,RPE_WSE,GSE_WSE,WLM_QA_DESC,WLM_DESC,WLM_ACC_DESC,WLM_ORG_ID,WLM_ORG_NAME,MSMT_CMT,COOP_AGENCY_ORG_ID,COOP_ORG_NAME,TOP_PRF,BOT_PRF,STN_ID,SWN,WELL_NAME,WLM_METHOD,WLM_ACC,BASIN_CODE,BASIN_NAME,COUNTY_NAME,WELL_DEPTH,WELL_USE,WELL_TYPE,WCR_NO,t_range,n_samples,season,fall_high,fall_low,spring_high,spring_low,water_year,HUC8,WYT,water_year_type,water_year_start,water_year_end,X,Y
418944N1219643W001,2619123,2020-04-01T12:00:00Z,4237.29,4236.79,0,21.82,4215.47,21.82,21.32,NA,Electric sounder measurement,Water level accuracy to nearest tenth of a foot,1,Department of Water Resources,NA,1,Department of Water Resources,30,40,23444,47N01W27B001M,47N01W27B001M,Unknown,Unknown,1-003,Butte Valley,Siskiyou,40,Observation,Single Well,847,1951-11-26 00:00:00 - 2020-04-01 12:00:00,210,spring,NA,NA,4.8,21.32,2020,NA,NA,NA,2019-10-01T00:00:00Z,2020-10-01T00:00:00Z,-121.964,41.8944
418944N1219643W001,2453078,2019-04-03T12:00:00Z,4237.29,4236.79,0,20.67,4216.62,20.67,20.17,NA,Electric sounder measurement,Water level accuracy to nearest hundredth of a foot,1,Department of Water Resources,NA,1,Department of Water Resources,30,40,23444,47N01W27B001M,47N01W27B001M,Unknown,Unknown,1-003,Butte Valley,Siskiyou,40,Observation,Single Well,847,1951-11-26 00:00:00 - 2020-04-01 12:00:00,210,spring,NA,NA,4.8,21.32,2019,NA,NA,NA,2018-10-01T00:00:00Z,2019-10-01T00:00:00Z,-121.964,41.8944
418944N1219643W001,2413569,2018-10-30T12:00:00Z,4237.29,4236.79,0,21.46,4215.83,21.46,20.96,NA,Electric sounder measurement,Water level accuracy to nearest hundredth of a foot,1,Department of Water Resources,NA,1,Department of Water Resources,30,40,23444,47N01W27B001M,47N01W27B001M,Unknown,Unknown,1-003,Butte Valley,Siskiyou,40,Observation,Single Well,847,1951-11-26 00:00:00 - 2020-04-01 12:00:00,210,fall,7.1,20.96,NA,NA,2019,NA,NA,NA,2018-10-01T00:00:00Z,2019-10-01T00:00:00Z,-121.964,41.8944
418944N1219643W001,2286518,2018-03-30T12:00:00Z,4237.29,4236.79,0,20.4,4216.89,20.4,19.9,NA,Electric sounder measurement,Water level accuracy to nearest tenth of a foot,1,Department of Water Resources,NA,1,Department of Water Resources,30,40,23444,47N01W27B001M,47N01W27B001M,Unknown,Unknown,1-003,Butte Valley,Siskiyou,40,Observation,Single Well,847,1951-11-26 00:00:00 - 2020-04-01 12:00:00,210,spring,NA,NA,4.8,21.32,2018,18010205,Below Normal,Below Normal,2017-10-01T00:00:00Z,2018-10-01T00:00:00Z,-121.964,41.8944
418944N1219643W001,2266645,2017-10-17T12:00:00Z,4237.29,4236.79,0,20.4,4216.89,20.4,19.9,NA,Electric sounder measurement,Water level accuracy to nearest tenth of a foot,1,Department of Water Resources,NA,1,Department of Water Resources,30,40,23444,47N01W27B001M,47N01W27B001M,Unknown,Unknown,1-003,Butte Valley,Siskiyou,40,Observation,Single Well,847,1951-11-26 00:00:00 - 2020-04-01 12:00:00,210,fall,7.1,20.96,NA,NA,2018,18010205,Below Normal,Below Normal,2017-10-01T00:00:00Z,2018-10-01T00:00:00Z,-121.964,41.8944
418944N1219643W001,2241623,2017-03-23T12:00:00Z,4237.29,4236.79,0,19.4,4217.89,19.4,18.9,NA,Electric sounder measurement,Water level accuracy to nearest tenth of a foot,1,Department of Water Resources,NA,1,Department of Water Resources,30,40,23444,47N01W27B001M,47N01W27B001M,Unknown,Unknown,1-003,Butte Valley,Siskiyou,40,Observation,Single Well,847,1951-11-26 00:00:00 - 2020-04-01 12:00:00,210,spring,NA,NA,4.8,21.32,2017,18010205,Wet,Wet,2016-10-01T00:00:00Z,2017-10-01T00:00:00Z,-121.964,41.8944
418944N1219643W001,2214914,2016-10-20T12:00:00Z,4237.29,4236.79,0,21.13,4216.16,21.13,20.63,NA,Electric sounder measurement,Water level accuracy to nearest tenth of a foot,1,Department of Water Resources,NA,1,Department of Water Resources,30,40,23444,47N01W27B001M,47N01W27B001M,Unknown,Unknown,1-003,Butte Valley,Siskiyou,40,Observation,Single Well,847,1951-11-26 00:00:00 - 2020-04-01 12:00:00,210,fall,7.1,20.96,NA,NA,2017,18010205,Wet,Wet,2016-10-01T00:00:00Z,2017-10-01T00:00:00Z,-121.964,41.8944
418944N1219643W001,2184901,2016-03-22T12:00:00Z,4237.29,4236.79,0,20.25,4217.04,20.25,19.75,NA,Electric sounder measurement,Water level accuracy to nearest tenth of a foot,1,Department of Water Resources,NA,1,Department of Water Resources,30,40,23444,47N01W27B001M,47N01W27B001M,Unknown,Unknown,1-003,Butte Valley,Siskiyou,40,Observation,Single Well,847,1951-11-26 00:00:00 - 2020-04-01 12:00:00,210,spring,NA,NA,4.8,21.32,2016,18010205,Wet,Wet,2015-10-01T00:00:00Z,2016-10-01T00:00:00Z,-121.964,41.8944
418944N1219643W001,2158525,2015-10-19T00:00:00Z,4237.29,4236.79,0,21.3,4215.99,21.3,20.8,NA,Steel tape measurement,Water level accuracy to nearest tenth of a foot,1,Department of Water Resources,NA,1,Department of Water Resources,30,40,23444,47N01W27B001M,47N01W27B001M,Unknown,Unknown,1-003,Butte Valley,Siskiyou,40,Observation,Single Well,847,1951-11-26 00:00:00 - 2020-04-01 12:00:00,210,fall,7.1,20.96,NA,NA,2016,18010205,Wet,Wet,2015-10-01T00:00:00Z,2016-10-01T00:00:00Z,-121.964,41.8944
418944N1219643W001,2130482,2015-03-23T00:00:00Z,4237.29,4236.79,0,20.5,4216.79,20.5,20,NA,Steel tape measurement,Water level accuracy to nearest tenth of a foot,1,Department of Water Resources,NA,1,Department of Water Resources,30,40,23444,47N01W27B001M,47N01W27B001M,Unknown,Unknown,1-003,Butte Valley,Siskiyou,40,Observation,Single Well,847,1951-11-26 00:00:00 - 2020-04-01 12:00:00,210,spring,NA,NA,4.8,21.32,2015,18010205,Below Normal,Below Normal,2014-10-01T00:00:00Z,2015-10-01T00:00:00Z,-121.964,41.8944
418944N1219643W001,2029093,2014-10-20T00:00:00Z,4237.29,4236.79,0,21.05,4216.24,21.05,20.55,NA,Steel tape measurement,Water level accuracy to nearest tenth of a foot,1,Department of Water Resources,NA,1,Department of Water Resources,30,40,23444,47N01W27B001M,47N01W27B001M,Unknown,Unknown,1-003,Butte Valley,Siskiyou,40,Observation,Single Well,847,1951-11-26 00:00:00 - 2020-04-01 12:00:00,210,fall,7.1,20.96,NA,NA,2015,18010205,Below Normal,Below Normal,2014-10-01T00:00:00Z,2015-10-01T00:00:00Z,-121.964,41.8944
418944N1219643W001,1885360,2014-03-24T00:00:00Z,4237.29,4236.79,3.3,24,4216.59,20.7,20.2,NA,Steel tape measurement,Water level accuracy to nearest tenth of a foot,1,Department of Water Resources,NA,1,Department of Water Resources,30,40,23444,47N01W27B001M,47N01W27B001M,Unknown,Unknown,1-003,Butte Valley,Siskiyou,40,Observation,Single Well,847,1951-11-26 00:00:00 - 2020-04-01 12:00:00,210,spring,NA,NA,4.8,21.32,2014,18010205,Critical,Critical,2013-10-01T00:00:00Z,2014-10-01T00:00:00Z,-121.964,41.8944
418944N1219643W001,1797532,2013-10-21T00:00:00Z,4237.29,4236.79,0,20.4,4216.89,20.4,19.9,NA,Electric sounder measurement,Water level accuracy to nearest tenth of a foot,1,Department of Water Resources,NA,1,Department of Water Resources,30,40,23444,47N01W27B001M,47N01W27B001M,Unknown,Unknown,1-003,Butte Valley,Siskiyou,40,Observation,Single Well,847,1951-11-26 00:00:00 - 2020-04-01 12:00:00,210,fall,7.1,20.96,NA,NA,2014,18010205,Critical,Critical,2013-10-01T00:00:00Z,2014-10-01T00:00:00Z,-121.964,41.8944
418944N1219643W001,1685065,2013-03-25T00:00:00Z,4237.29,4236.79,0,20,4217.29,20,19.5,NA,Electric sounder measurement,Water level accuracy to nearest tenth of a foot,1,Department of Water Resources,NA,1,Department of Water Resources,30,40,23444,47N01W27B001M,47N01W27B001M,Unknown,Unknown,1-003,Butte Valley,Siskiyou,40,Observation,Single Well,847,1951-11-26 00:00:00 - 2020-04-01 12:00:00,210,spring,NA,NA,4.8,21.32,2013,18010205,Dry,Dry,2012-10-01T00:00:00Z,2013-10-01T00:00:00Z,-121.964,41.8944
418944N1219643W001,70281,2012-10-29T00:00:00Z,4237.29,4236.79,0,19.8,4217.49,19.8,19.3,NA,Electric sounder measurement,Water level accuracy to nearest tenth of a foot,1,Department of Water Resources,NA,1,Department of Water Resources,30,40,23444,47N01W27B001M,47N01W27B001M,Unknown,Unknown,1-003,Butte Valley,Siskiyou,40,Observation,Single Well,847,1951-11-26 00:00:00 - 2020-04-01 12:00:00,210,fall,7.1,20.96,NA,NA,2013,18010205,Dry,Dry,2012-10-01T00:00:00Z,2013-10-01T00:00:00Z,-121.964,41.8944
418944N1219643W001,59912,2012-04-17T00:00:00Z,4237.29,4236.79,0,19.2,4218.09,19.2,18.7,NA,Electric sounder measurement,Water level accuracy to nearest hundredth of a foot,1,Department of Water Resources,NA,1,Department of Water Resources,30,40,23444,47N01W27B001M,47N01W27B001M,Unknown,Unknown,1-003,Butte Valley,Siskiyou,40,Observation,Single Well,847,1951-11-26 00:00:00 - 2020-04-01 12:00:00,210,spring,NA,NA,4.8,21.32,2012,18010205,Dry,Dry,2011-10-01T00:00:00Z,2012-10-01T00:00:00Z,-121.964,41.8944
418944N1219643W001,41189,2011-10-18T00:00:00Z,4237.29,4236.79,0,18.7,4218.59,18.7,18.2,NA,Steel tape measurement,Water level accuracy to nearest tenth of a foot,1,Department of Water Resources,NA,1,Department of Water Resources,30,40,23444,47N01W27B001M,47N01W27B001M,Unknown,Unknown,1-003,Butte Valley,Siskiyou,40,Observation,Single Well,847,1951-11-26 00:00:00 - 2020-04-01 12:00:00,210,fall,7.1,20.96,NA,NA,2012,18010205,Dry,Dry,2011-10-01T00:00:00Z,2012-10-01T00:00:00Z,-121.964,41.8944
418944N1219643W001,1791899,2011-10-18T00:00:00Z,4237.29,4236.79,0,18.7,4218.59,18.7,18.2,NA,Unknown,Water level accuracy is unknown,1,Department of Water Resources,NA,1,Department of Water Resources,30,40,23444,47N01W27B001M,47N01W27B001M,Unknown,Unknown,1-003,Butte Valley,Siskiyou,40,Observation,Single Well,847,1951-11-26 00:00:00 - 2020-04-01 12:00:00,210,fall,7.1,20.96,NA,NA,2012,18010205,Dry,Dry,2011-10-01T00:00:00Z,2012-10-01T00:00:00Z,-121.964,41.8944
418944N1219643W001,1791898,2011-04-20T00:00:00Z,4237.29,4236.79,0,18.3,4218.99,18.3,17.8,NA,Unknown,Water level accuracy is unknown,1,Department of Water Resources,NA,1,Department of Water Resources,30,40,23444,47N01W27B001M,47N01W27B001M,Unknown,Unknown,1-003,Butte Valley,Siskiyou,40,Observation,Single Well,847,1951-11-26 00:00:00 - 2020-04-01 12:00:00,210,spring,NA,NA,4.8,21.32,2011,18010205,Above Normal,Above Normal,2010-10-01T00:00:00Z,2011-10-01T00:00:00Z,-121.964,41.8944
418944N1219643W001,1791897,2010-10-25T00:00:00Z,4237.29,4236.79,0,18.1,4219.19,18.1,17.6,NA,Unknown,Water level accuracy is unknown,1,Department of Water Resources,NA,1,Department of Water Resources,30,40,23444,47N01W27B001M,47N01W27B001M,Unknown,Unknown,1-003,Butte Valley,Siskiyou,40,Observation,Single Well,847,1951-11-26 00:00:00 - 2020-04-01 12:00:00,210,fall,7.1,20.96,NA,NA,2011,18010205,Above Normal,Above Normal,2010-10-01T00:00:00Z,2011-10-01T00:00:00Z,-121.964,41.8944
418944N1219643W001,1791896,2010-03-30T00:00:00Z,4237.29,4236.79,0,17.6,4219.69,17.6,17.1,NA,Unknown,Water level accuracy is unknown,1,Department of Water Resources,NA,1,Department of Water Resources,30,40,23444,47N01W27B001M,47N01W27B001M,Unknown,Unknown,1-003,Butte Valley,Siskiyou,40,Observation,Single Well,847,1951-11-26 00:00:00 - 2020-04-01 12:00:00,210,spring,NA,NA,4.8,21.32,2010,18010205,Dry,Dry,2009-10-01T00:00:00Z,2010-10-01T00:00:00Z,-121.964,41.8944
418944N1219643W001,1791895,2009-10-27T00:00:00Z,4237.29,4236.79,0,16.9,4220.39,16.9,16.4,NA,Unknown,Water level accuracy is unknown,1,Department of Water Resources,NA,1,Department of Water Resources,30,40,23444,47N01W27B001M,47N01W27B001M,Unknown,Unknown,1-003,Butte Valley,Siskiyou,40,Observation,Single Well,847,1951-11-26 00:00:00 - 2020-04-01 12:00:00,210,fall,7.1,20.96,NA,NA,2010,18010205,Dry,Dry,2009-10-01T00:00:00Z,2010-10-01T00:00:00Z,-121.964,41.8944
418944N1219643W001,1791894,2009-04-08T00:00:00Z,4237.29,4236.79,0,16.7,4220.59,16.7,16.2,NA,Unknown,Water level accuracy is unknown,1,Department of Water Resources,NA,1,Department of Water Resources,30,40,23444,47N01W27B001M,47N01W27B001M,Unknown,Unknown,1-003,Butte Valley,Siskiyou,40,Observation,Single Well,847,1951-11-26 00:00:00 - 2020-04-01 12:00:00,210,spring,NA,NA,4.8,21.32,2009,18010205,Dry,Dry,2008-10-01T00:00:00Z,2009-10-01T00:00:00Z,-121.964,41.8944
418944N1219643W001,1791893,2008-10-30T00:00:00Z,4237.29,4236.79,0,16.3,4220.99,16.3,15.8,NA,Unknown,Water level accuracy is unknown,1,Department of Water Resources,NA,1,Department of Water Resources,30,40,23444,47N01W27B001M,47N01W27B001M,Unknown,Unknown,1-003,Butte Valley,Siskiyou,40,Observation,Single Well,847,1951-11-26 00:00:00 - 2020-04-01 12:00:00,210,fall,7.1,20.96,NA,NA,2009,18010205,Dry,Dry,2008-10-01T00:00:00Z,2009-10-01T00:00:00Z,-121.964,41.8944
418944N1219643W001,1791892,2008-04-04T00:00:00Z,4237.29,4236.79,0,14.73,4222.56,14.73,14.23,NA,Unknown,Water level accuracy is unknown,1,Department of Water Resources,NA,1,Department of Water Resources,30,40,23444,47N01W27B001M,47N01W27B001M,Unknown,Unknown,1-003,Butte Valley,Siskiyou,40,Observation,Single Well,847,1951-11-26 00:00:00 - 2020-04-01 12:00:00,210,spring,NA,NA,4.8,21.32,2008,18010205,Dry,Dry,2007-10-01T00:00:00Z,2008-10-01T00:00:00Z,-121.964,41.8944
418944N1219643W001,1791891,2007-10-25T00:00:00Z,4237.29,4236.79,0,15.6,4221.69,15.6,15.1,NA,Unknown,Water level accuracy is unknown,1,Department of Water Resources,NA,1,Department of Water Resources,30,40,23444,47N01W27B001M,47N01W27B001M,Unknown,Unknown,1-003,Butte Valley,Siskiyou,40,Observation,Single Well,847,1951-11-26 00:00:00 - 2020-04-01 12:00:00,210,fall,7.1,20.96,NA,NA,2008,18010205,Dry,Dry,2007-10-01T00:00:00Z,2008-10-01T00:00:00Z,-121.964,41.8944
418944N1219643W001,1791890,2007-03-29T00:00:00Z,4237.29,4236.79,0,14.2,4223.09,14.2,13.7,NA,Unknown,Water level accuracy is unknown,1,Department of Water Resources,NA,1,Department of Water Resources,30,40,23444,47N01W27B001M,47N01W27B001M,Unknown,Unknown,1-003,Butte Valley,Siskiyou,40,Observation,Single Well,847,1951-11-26 00:00:00 - 2020-04-01 12:00:00,210,spring,NA,NA,4.8,21.32,2007,18010205,Above Normal,Above Normal,2006-10-01T00:00:00Z,2007-10-01T00:00:00Z,-121.964,41.8944
418944N1219643W001,1791889,2006-10-12T00:00:00Z,4237.29,4236.79,0,15,4222.29,15,14.5,NA,Unknown,Water level accuracy is unknown,1,Department of Water Resources,NA,1,Department of Water Resources,30,40,23444,47N01W27B001M,47N01W27B001M,Unknown,Unknown,1-003,Butte Valley,Siskiyou,40,Observation,Single Well,847,1951-11-26 00:00:00 - 2020-04-01 12:00:00,210,fall,7.1,20.96,NA,NA,2007,18010205,Above Normal,Above Normal,2006-10-01T00:00:00Z,2007-10-01T00:00:00Z,-121.964,41.8944
418944N1219643W001,1791888,2006-04-18T00:00:00Z,4237.29,4236.79,0,14,4223.29,14,13.5,NA,Unknown,Water level accuracy is unknown,1,Department of Water Resources,NA,1,Department of Water Resources,30,40,23444,47N01W27B001M,47N01W27B001M,Unknown,Unknown,1-003,Butte Valley,Siskiyou,40,Observation,Single Well,847,1951-11-26 00:00:00 - 2020-04-01 12:00:00,210,spring,NA,NA,4.8,21.32,2006,18010205,Wet,Wet,2005-10-01T00:00:00Z,2006-10-01T00:00:00Z,-121.964,41.8944
418944N1219643W001,1791887,2005-10-10T00:00:00Z,4237.29,4236.79,0,17.1,4220.19,17.1,16.6,NA,Unknown,Water level accuracy is unknown,1,Department of Water Resources,NA,1,Department of Water Resources,30,40,23444,47N01W27B001M,47N01W27B001M,Unknown,Unknown,1-003,Butte Valley,Siskiyou,40,Observation,Single Well,847,1951-11-26 00:00:00 - 2020-04-01 12:00:00,210,fall,7.1,20.96,NA,NA,2006,18010205,Wet,Wet,2005-10-01T00:00:00Z,2006-10-01T00:00:00Z,-121.964,41.8944
418944N1219643W001,1791886,2005-04-05T00:00:00Z,4237.29,4236.79,0,16.9,4220.39,16.9,16.4,NA,Unknown,Water level accuracy is unknown,1,Department of Water Resources,NA,1,Department of Water Resources,30,40,23444,47N01W27B001M,47N01W27B001M,Unknown,Unknown,1-003,Butte Valley,Siskiyou,40,Observation,Single Well,847,1951-11-26 00:00:00 - 2020-04-01 12:00:00,210,spring,NA,NA,4.8,21.32,2005,18010205,Above Normal,Above Normal,2004-10-01T00:00:00Z,2005-10-01T00:00:00Z,-121.964,41.8944
418944N1219643W001,1791885,2004-11-02T00:00:00Z,4237.29,4236.79,0,16.8,4220.49,16.8,16.3,NA,Unknown,Water level accuracy is unknown,1,Department of Water Resources,NA,1,Department of Water Resources,30,40,23444,47N01W27B001M,47N01W27B001M,Unknown,Unknown,1-003,Butte Valley,Siskiyou,40,Observation,Single Well,847,1951-11-26 00:00:00 - 2020-04-01 12:00:00,210,fall,7.1,20.96,NA,NA,2005,18010205,Above Normal,Above Normal,2004-10-01T00:00:00Z,2005-10-01T00:00:00Z,-121.964,41.8944
418944N1219643W001,1791884,2004-03-30T00:00:00Z,4237.29,4236.79,0,16.6,4220.69,16.6,16.1,NA,Unknown,Water level accuracy is unknown,1,Department of Water Resources,NA,1,Department of Water Resources,30,40,23444,47N01W27B001M,47N01W27B001M,Unknown,Unknown,1-003,Butte Valley,Siskiyou,40,Observation,Single Well,847,1951-11-26 00:00:00 - 2020-04-01 12:00:00,210,spring,NA,NA,4.8,21.32,2004,18010205,Below Normal,Below Normal,2003-10-01T00:00:00Z,2004-10-01T00:00:00Z,-121.964,41.8944
418944N1219643W001,1791883,2003-10-20T00:00:00Z,4237.29,4236.79,0,15.9,4221.39,15.9,15.4,NA,Unknown,Water level accuracy is unknown,1,Department of Water Resources,NA,1,Department of Water Resources,30,40,23444,47N01W27B001M,47N01W27B001M,Unknown,Unknown,1-003,Butte Valley,Siskiyou,40,Observation,Single Well,847,1951-11-26 00:00:00 - 2020-04-01 12:00:00,210,fall,7.1,20.96,NA,NA,2004,18010205,Below Normal,Below Normal,2003-10-01T00:00:00Z,2004-10-01T00:00:00Z,-121.964,41.8944
418944N1219643W001,1791882,2003-04-01T00:00:00Z,4237.29,4236.79,0,15.3,4221.99,15.3,14.8,NA,Unknown,Water level accuracy is unknown,1,Department of Water Resources,NA,1,Department of Water Resources,30,40,23444,47N01W27B001M,47N01W27B001M,Unknown,Unknown,1-003,Butte Valley,Siskiyou,40,Observation,Single Well,847,1951-11-26 00:00:00 - 2020-04-01 12:00:00,210,spring,NA,NA,4.8,21.32,2003,18010205,Below Normal,Below Normal,2002-10-01T00:00:00Z,2003-10-01T00:00:00Z,-121.964,41.8944
418944N1219643W001,1791881,2002-10-11T00:00:00Z,4237.29,4236.79,0,15.1,4222.19,15.1,14.6,NA,Unknown,Water level accuracy is unknown,1,Department of Water Resources,NA,1,Department of Water Resources,30,40,23444,47N01W27B001M,47N01W27B001M,Unknown,Unknown,1-003,Butte Valley,Siskiyou,40,Observation,Single Well,847,1951-11-26 00:00:00 - 2020-04-01 12:00:00,210,fall,7.1,20.96,NA,NA,2003,18010205,Below Normal,Below Normal,2002-10-01T00:00:00Z,2003-10-01T00:00:00Z,-121.964,41.8944
418944N1219643W001,1791880,2002-03-26T00:00:00Z,4237.29,4236.79,0,14.8,4222.49,14.8,14.3,NA,Unknown,Water level accuracy is unknown,1,Department of Water Resources,NA,1,Department of Water Resources,30,40,23444,47N01W27B001M,47N01W27B001M,Unknown,Unknown,1-003,Butte Valley,Siskiyou,40,Observation,Single Well,847,1951-11-26 00:00:00 - 2020-04-01 12:00:00,210,spring,NA,NA,4.8,21.32,2002,18010205,Dry,Dry,2001-10-01T00:00:00Z,2002-10-01T00:00:00Z,-121.964,41.8944
418944N1219643W001,1791879,2001-10-23T00:00:00Z,4237.29,4236.79,0,14.5,4222.79,14.5,14,NA,Unknown,Water level accuracy is unknown,1,Department of Water Resources,NA,1,Department of Water Resources,30,40,23444,47N01W27B001M,47N01W27B001M,Unknown,Unknown,1-003,Butte Valley,Siskiyou,40,Observation,Single Well,847,1951-11-26 00:00:00 - 2020-04-01 12:00:00,210,fall,7.1,20.96,NA,NA,2002,18010205,Dry,Dry,2001-10-01T00:00:00Z,2002-10-01T00:00:00Z,-121.964,41.8944
418944N1219643W001,1791878,2001-04-03T00:00:00Z,4237.29,4236.79,0,13.7,4223.59,13.7,13.2,NA,Unknown,Water level accuracy is unknown,1,Department of Water Resources,NA,1,Department of Water Resources,30,40,23444,47N01W27B001M,47N01W27B001M,Unknown,Unknown,1-003,Butte Valley,Siskiyou,40,Observation,Single Well,847,1951-11-26 00:00:00 - 2020-04-01 12:00:00,210,spring,NA,NA,4.8,21.32,2001,18010205,Critical,Critical,2000-10-01T00:00:00Z,2001-10-01T00:00:00Z,-121.964,41.8944
418944N1219643W001,1791877,2000-10-10T00:00:00Z,4237.29,4236.79,0,13.2,4224.09,13.2,12.7,NA,Unknown,Water level accuracy is unknown,1,Department of Water Resources,NA,1,Department of Water Resources,30,40,23444,47N01W27B001M,47N01W27B001M,Unknown,Unknown,1-003,Butte Valley,Siskiyou,40,Observation,Single Well,847,1951-11-26 00:00:00 - 2020-04-01 12:00:00,210,fall,7.1,20.96,NA,NA,2001,18010205,Critical,Critical,2000-10-01T00:00:00Z,2001-10-01T00:00:00Z,-121.964,41.8944
418944N1219643W001,1791876,2000-03-24T00:00:00Z,4237.29,4236.79,0,12,4225.29,12,11.5,NA,Unknown,Water level accuracy is unknown,1,Department of Water Resources,NA,1,Department of Water Resources,30,40,23444,47N01W27B001M,47N01W27B001M,Unknown,Unknown,1-003,Butte Valley,Siskiyou,40,Observation,Single Well,847,1951-11-26 00:00:00 - 2020-04-01 12:00:00,210,spring,NA,NA,4.8,21.32,2000,18010205,Above Normal,Above Normal,1999-10-01T00:00:00Z,2000-10-01T00:00:00Z,-121.964,41.8944
418944N1219643W001,1791874,1999-10-26T00:00:00Z,4237.29,4236.79,0,12.6,4224.69,12.6,12.1,NA,Unknown,Water level accuracy is unknown,1,Department of Water Resources,NA,1,Department of Water Resources,30,40,23444,47N01W27B001M,47N01W27B001M,Unknown,Unknown,1-003,Butte Valley,Siskiyou,40,Observation,Single Well,847,1951-11-26 00:00:00 - 2020-04-01 12:00:00,210,fall,7.1,20.96,NA,NA,2000,18010205,Above Normal,Above Normal,1999-10-01T00:00:00Z,2000-10-01T00:00:00Z,-121.964,41.8944
418944N1219643W001,1791875,1999-03-16T00:00:00Z,4237.29,4236.79,0,10.8,4226.49,10.8,10.3,NA,Unknown,Water level accuracy is unknown,1,Department of Water Resources,NA,1,Department of Water Resources,30,40,23444,47N01W27B001M,47N01W27B001M,Unknown,Unknown,1-003,Butte Valley,Siskiyou,40,Observation,Single Well,847,1951-11-26 00:00:00 - 2020-04-01 12:00:00,210,spring,NA,NA,4.8,21.32,1999,18010205,Wet,Wet,1998-10-01T00:00:00Z,1999-10-01T00:00:00Z,-121.964,41.8944
418944N1219643W001,1791873,1998-10-27T00:00:00Z,4237.29,4236.79,0,13,4224.29,13,12.5,NA,Unknown,Water level accuracy is unknown,1,Department of Water Resources,NA,1,Department of Water Resources,30,40,23444,47N01W27B001M,47N01W27B001M,Unknown,Unknown,1-003,Butte Valley,Siskiyou,40,Observation,Single Well,847,1951-11-26 00:00:00 - 2020-04-01 12:00:00,210,fall,7.1,20.96,NA,NA,1999,18010205,Wet,Wet,1998-10-01T00:00:00Z,1999-10-01T00:00:00Z,-121.964,41.8944
418944N1219643W001,1791872,1998-03-30T00:00:00Z,4237.29,4236.79,0,11.5,4225.79,11.5,11,NA,Unknown,Water level accuracy is unknown,1,Department of Water Resources,NA,1,Department of Water Resources,30,40,23444,47N01W27B001M,47N01W27B001M,Unknown,Unknown,1-003,Butte Valley,Siskiyou,40,Observation,Single Well,847,1951-11-26 00:00:00 - 2020-04-01 12:00:00,210,spring,NA,NA,4.8,21.32,1998,18010205,Wet,Wet,1997-10-01T00:00:00Z,1998-10-01T00:00:00Z,-121.964,41.8944
418944N1219643W001,1791871,1997-10-21T00:00:00Z,4237.29,4236.79,0,13.3,4223.99,13.3,12.8,NA,Unknown,Water level accuracy is unknown,1,Department of Water Resources,NA,1,Department of Water Resources,30,40,23444,47N01W27B001M,47N01W27B001M,Unknown,Unknown,1-003,Butte Valley,Siskiyou,40,Observation,Single Well,847,1951-11-26 00:00:00 - 2020-04-01 12:00:00,210,fall,7.1,20.96,NA,NA,1998,18010205,Wet,Wet,1997-10-01T00:00:00Z,1998-10-01T00:00:00Z,-121.964,41.8944
418944N1219643W001,1791870,1997-03-11T00:00:00Z,4237.29,4236.79,0,12,4225.29,12,11.5,NA,Unknown,Water level accuracy is unknown,1,Department of Water Resources,NA,1,Department of Water Resources,30,40,23444,47N01W27B001M,47N01W27B001M,Unknown,Unknown,1-003,Butte Valley,Siskiyou,40,Observation,Single Well,847,1951-11-26 00:00:00 - 2020-04-01 12:00:00,210,spring,NA,NA,4.8,21.32,1997,18010205,Wet,Wet,1996-10-01T00:00:00Z,1997-10-01T00:00:00Z,-121.964,41.8944
418944N1219643W001,1791869,1996-10-21T00:00:00Z,4237.29,4236.79,0,13.3,4223.99,13.3,12.8,NA,Unknown,Water level accuracy is unknown,1,Department of Water Resources,NA,1,Department of Water Resources,30,40,23444,47N01W27B001M,47N01W27B001M,Unknown,Unknown,1-003,Butte Valley,Siskiyou,40,Observation,Single Well,847,1951-11-26 00:00:00 - 2020-04-01 12:00:00,210,fall,7.1,20.96,NA,NA,1997,18010205,Wet,Wet,1996-10-01T00:00:00Z,1997-10-01T00:00:00Z,-121.964,41.8944
418944N1219643W001,1791868,1996-03-26T00:00:00Z,4237.29,4236.79,0,12.1,4225.19,12.1,11.6,NA,Unknown,Water level accuracy is unknown,1,Department of Water Resources,NA,1,Department of Water Resources,30,40,23444,47N01W27B001M,47N01W27B001M,Unknown,Unknown,1-003,Butte Valley,Siskiyou,40,Observation,Single Well,847,1951-11-26 00:00:00 - 2020-04-01 12:00:00,210,spring,NA,NA,4.8,21.32,1996,18010205,Wet,Wet,1995-10-01T00:00:00Z,1996-10-01T00:00:00Z,-121.964,41.8944
418944N1219643W001,1791867,1995-10-17T00:00:00Z,4237.29,4236.79,0,14.5,4222.79,14.5,14,NA,Unknown,Water level accuracy is unknown,1,Department of Water Resources,NA,1,Department of Water Resources,30,40,23444,47N01W27B001M,47N01W27B001M,Unknown,Unknown,1-003,Butte Valley,Siskiyou,40,Observation,Single Well,847,1951-11-26 00:00:00 - 2020-04-01 12:00:00,210,fall,7.1,20.96,NA,NA,1996,18010205,Wet,Wet,1995-10-01T00:00:00Z,1996-10-01T00:00:00Z,-121.964,41.8944
418944N1219643W001,1791866,1995-03-27T00:00:00Z,4237.29,4236.79,0,11.5,4225.79,11.5,11,NA,Unknown,Water level accuracy is unknown,1,Department of Water Resources,NA,1,Department of Water Resources,30,40,23444,47N01W27B001M,47N01W27B001M,Unknown,Unknown,1-003,Butte Valley,Siskiyou,40,Observation,Single Well,847,1951-11-26 00:00:00 - 2020-04-01 12:00:00,210,spring,NA,NA,4.8,21.32,1995,18010205,Wet,Wet,1994-10-01T00:00:00Z,1995-10-01T00:00:00Z,-121.964,41.8944
418944N1219643W001,1791865,1994-10-25T00:00:00Z,4237.29,4236.79,0,14.6,4222.69,14.6,14.1,NA,Unknown,Water level accuracy is unknown,1,Department of Water Resources,NA,1,Department of Water Resources,30,40,23444,47N01W27B001M,47N01W27B001M,Unknown,Unknown,1-003,Butte Valley,Siskiyou,40,Observation,Single Well,847,1951-11-26 00:00:00 - 2020-04-01 12:00:00,210,fall,7.1,20.96,NA,NA,1995,18010205,Wet,Wet,1994-10-01T00:00:00Z,1995-10-01T00:00:00Z,-121.964,41.8944
418944N1219643W001,1791864,1994-03-29T00:00:00Z,4237.29,4236.79,0,14,4223.29,14,13.5,NA,Unknown,Water level accuracy is unknown,1,Department of Water Resources,NA,1,Department of Water Resources,30,40,23444,47N01W27B001M,47N01W27B001M,Unknown,Unknown,1-003,Butte Valley,Siskiyou,40,Observation,Single Well,847,1951-11-26 00:00:00 - 2020-04-01 12:00:00,210,spring,NA,NA,4.8,21.32,1994,18010205,Dry,Dry,1993-10-01T00:00:00Z,1994-10-01T00:00:00Z,-121.964,41.8944
418944N1219643W001,1791863,1993-10-14T00:00:00Z,4237.29,4236.79,0,13.4,4223.89,13.4,12.9,NA,Unknown,Water level accuracy is unknown,1,Department of Water Resources,NA,1,Department of Water Resources,30,40,23444,47N01W27B001M,47N01W27B001M,Unknown,Unknown,1-003,Butte Valley,Siskiyou,40,Observation,Single Well,847,1951-11-26 00:00:00 - 2020-04-01 12:00:00,210,fall,7.1,20.96,NA,NA,1994,18010205,Dry,Dry,1993-10-01T00:00:00Z,1994-10-01T00:00:00Z,-121.964,41.8944
418944N1219643W001,1791862,1993-03-17T00:00:00Z,4237.29,4236.79,0,8,4229.29,8,7.5,NA,Unknown,Water level accuracy is unknown,1,Department of Water Resources,NA,1,Department of Water Resources,30,40,23444,47N01W27B001M,47N01W27B001M,Unknown,Unknown,1-003,Butte Valley,Siskiyou,40,Observation,Single Well,847,1951-11-26 00:00:00 - 2020-04-01 12:00:00,210,spring,NA,NA,4.8,21.32,1993,18010205,Wet,Wet,1992-10-01T00:00:00Z,1993-10-01T00:00:00Z,-121.964,41.8944
418944N1219643W001,1791861,1992-10-19T00:00:00Z,4237.29,4236.79,0,13.9,4223.39,13.9,13.4,NA,Unknown,Water level accuracy is unknown,1,Department of Water Resources,NA,1,Department of Water Resources,30,40,23444,47N01W27B001M,47N01W27B001M,Unknown,Unknown,1-003,Butte Valley,Siskiyou,40,Observation,Single Well,847,1951-11-26 00:00:00 - 2020-04-01 12:00:00,210,fall,7.1,20.96,NA,NA,1993,18010205,Wet,Wet,1992-10-01T00:00:00Z,1993-10-01T00:00:00Z,-121.964,41.8944
418944N1219643W001,1791860,1992-03-02T00:00:00Z,4237.29,4236.79,0,13,4224.29,13,12.5,NA,Unknown,Water level accuracy is unknown,1,Department of Water Resources,NA,1,Department of Water Resources,30,40,23444,47N01W27B001M,47N01W27B001M,Unknown,Unknown,1-003,Butte Valley,Siskiyou,40,Observation,Single Well,847,1951-11-26 00:00:00 - 2020-04-01 12:00:00,210,spring,NA,NA,4.8,21.32,1992,18010205,Critical,Critical,1991-10-01T00:00:00Z,1992-10-01T00:00:00Z,-121.964,41.8944
418944N1219643W001,1791859,1991-09-30T00:00:00Z,4237.29,4236.79,0,10.7,4226.59,10.7,10.2,NA,Unknown,Water level accuracy is unknown,1,Department of Water Resources,NA,1,Department of Water Resources,30,40,23444,47N01W27B001M,47N01W27B001M,Unknown,Unknown,1-003,Butte Valley,Siskiyou,40,Observation,Single Well,847,1951-11-26 00:00:00 - 2020-04-01 12:00:00,210,fall,7.1,20.96,NA,NA,1991,18010205,Critical,Critical,1990-10-01T00:00:00Z,1991-10-01T00:00:00Z,-121.964,41.8944
418944N1219643W001,1791858,1991-03-19T00:00:00Z,4237.29,4236.79,0,12.2,4225.09,12.2,11.7,NA,Unknown,Water level accuracy is unknown,1,Department of Water Resources,NA,1,Department of Water Resources,30,40,23444,47N01W27B001M,47N01W27B001M,Unknown,Unknown,1-003,Butte Valley,Siskiyou,40,Observation,Single Well,847,1951-11-26 00:00:00 - 2020-04-01 12:00:00,210,spring,NA,NA,4.8,21.32,1991,18010205,Critical,Critical,1990-10-01T00:00:00Z,1991-10-01T00:00:00Z,-121.964,41.8944
418944N1219643W001,1791857,1990-10-02T00:00:00Z,4237.29,4236.79,0,11.9,4225.39,11.9,11.4,NA,Unknown,Water level accuracy is unknown,1,Department of Water Resources,NA,1,Department of Water Resources,30,40,23444,47N01W27B001M,47N01W27B001M,Unknown,Unknown,1-003,Butte Valley,Siskiyou,40,Observation,Single Well,847,1951-11-26 00:00:00 - 2020-04-01 12:00:00,210,fall,7.1,20.96,NA,NA,1991,18010205,Critical,Critical,1990-10-01T00:00:00Z,1991-10-01T00:00:00Z,-121.964,41.8944
418944N1219643W001,1791856,1990-03-20T00:00:00Z,4237.29,4236.79,0,9.7,4227.59,9.7,9.2,NA,Unknown,Water level accuracy is unknown,1,Department of Water Resources,NA,1,Department of Water Resources,30,40,23444,47N01W27B001M,47N01W27B001M,Unknown,Unknown,1-003,Butte Valley,Siskiyou,40,Observation,Single Well,847,1951-11-26 00:00:00 - 2020-04-01 12:00:00,210,spring,NA,NA,4.8,21.32,1990,18010205,Below Normal,Below Normal,1989-10-01T00:00:00Z,1990-10-01T00:00:00Z,-121.964,41.8944
418944N1219643W001,1791855,1989-10-02T00:00:00Z,4237.29,4236.79,0,10.5,4226.79,10.5,10,NA,Unknown,Water level accuracy is unknown,1,Department of Water Resources,NA,1,Department of Water Resources,30,40,23444,47N01W27B001M,47N01W27B001M,Unknown,Unknown,1-003,Butte Valley,Siskiyou,40,Observation,Single Well,847,1951-11-26 00:00:00 - 2020-04-01 12:00:00,210,fall,7.1,20.96,NA,NA,1990,18010205,Below Normal,Below Normal,1989-10-01T00:00:00Z,1990-10-01T00:00:00Z,-121.964,41.8944
418944N1219643W001,1791854,1978-03-29T00:00:00Z,4237.29,4236.79,0,7.8,4229.49,7.8,7.3,NA,Unknown,Water level accuracy is unknown,1,Department of Water Resources,NA,1,Department of Water Resources,30,40,23444,47N01W27B001M,47N01W27B001M,Unknown,Unknown,1-003,Butte Valley,Siskiyou,40,Observation,Single Well,847,1951-11-26 00:00:00 - 2020-04-01 12:00:00,210,spring,NA,NA,4.8,21.32,1978,18010205,Above Normal,Above Normal,1977-10-01T00:00:00Z,1978-10-01T00:00:00Z,-121.964,41.8944
418944N1219643W001,1791853,1977-10-20T00:00:00Z,4237.29,4236.79,0,9.8,4227.49,9.8,9.3,NA,Unknown,Water level accuracy is unknown,1,Department of Water Resources,NA,1,Department of Water Resources,30,40,23444,47N01W27B001M,47N01W27B001M,Unknown,Unknown,1-003,Butte Valley,Siskiyou,40,Observation,Single Well,847,1951-11-26 00:00:00 - 2020-04-01 12:00:00,210,fall,7.1,20.96,NA,NA,1978,18010205,Above Normal,Above Normal,1977-10-01T00:00:00Z,1978-10-01T00:00:00Z,-121.964,41.8944
418944N1219643W001,1791852,1977-03-29T00:00:00Z,4237.29,4236.79,0,8.7,4228.59,8.7,8.2,NA,Unknown,Water level accuracy is unknown,1,Department of Water Resources,NA,1,Department of Water Resources,30,40,23444,47N01W27B001M,47N01W27B001M,Unknown,Unknown,1-003,Butte Valley,Siskiyou,40,Observation,Single Well,847,1951-11-26 00:00:00 - 2020-04-01 12:00:00,210,spring,NA,NA,4.8,21.32,1977,18010205,Critical,Critical,1976-10-01T00:00:00Z,1977-10-01T00:00:00Z,-121.964,41.8944
418944N1219643W001,1791851,1976-11-01T00:00:00Z,4237.29,4236.79,0,8.4,4228.89,8.4,7.9,NA,Unknown,Water level accuracy is unknown,1,Department of Water Resources,NA,1,Department of Water Resources,30,40,23444,47N01W27B001M,47N01W27B001M,Unknown,Unknown,1-003,Butte Valley,Siskiyou,40,Observation,Single Well,847,1951-11-26 00:00:00 - 2020-04-01 12:00:00,210,fall,7.1,20.96,NA,NA,1977,18010205,Critical,Critical,1976-10-01T00:00:00Z,1977-10-01T00:00:00Z,-121.964,41.8944
418944N1219643W001,1791850,1976-03-18T00:00:00Z,4237.29,4236.79,0,7.4,4229.89,7.4,6.9,NA,Unknown,Water level accuracy is unknown,1,Department of Water Resources,NA,1,Department of Water Resources,30,40,23444,47N01W27B001M,47N01W27B001M,Unknown,Unknown,1-003,Butte Valley,Siskiyou,40,Observation,Single Well,847,1951-11-26 00:00:00 - 2020-04-01 12:00:00,210,spring,NA,NA,4.8,21.32,1976,18010205,Dry,Dry,1975-10-01T00:00:00Z,1976-10-01T00:00:00Z,-121.964,41.8944
418944N1219643W001,1791849,1975-11-05T00:00:00Z,4237.29,4236.79,0,7.6,4229.69,7.6,7.1,NA,Unknown,Water level accuracy is unknown,1,Department of Water Resources,NA,1,Department of Water Resources,30,40,23444,47N01W27B001M,47N01W27B001M,Unknown,Unknown,1-003,Butte Valley,Siskiyou,40,Observation,Single Well,847,1951-11-26 00:00:00 - 2020-04-01 12:00:00,210,fall,7.1,20.96,NA,NA,1976,18010205,Dry,Dry,1975-10-01T00:00:00Z,1976-10-01T00:00:00Z,-121.964,41.8944
418944N1219643W001,1791848,1975-04-17T00:00:00Z,4237.29,4236.79,0,5.3,4231.99,5.3,4.8,NA,Unknown,Water level accuracy is unknown,1,Department of Water Resources,NA,1,Department of Water Resources,30,40,23444,47N01W27B001M,47N01W27B001M,Unknown,Unknown,1-003,Butte Valley,Siskiyou,40,Observation,Single Well,847,1951-11-26 00:00:00 - 2020-04-01 12:00:00,210,spring,NA,NA,4.8,21.32,1975,18010205,Above Normal,Above Normal,1974-10-01T00:00:00Z,1975-10-01T00:00:00Z,-121.964,41.8944
418944N1219643W001,1791847,1974-11-06T00:00:00Z,4237.29,4236.79,0,8.5,4228.79,8.5,8,NA,Unknown,Water level accuracy is unknown,1,Department of Water Resources,NA,1,Department of Water Resources,30,40,23444,47N01W27B001M,47N01W27B001M,Unknown,Unknown,1-003,Butte Valley,Siskiyou,40,Observation,Single Well,847,1951-11-26 00:00:00 - 2020-04-01 12:00:00,210,fall,7.1,20.96,NA,NA,1975,18010205,Above Normal,Above Normal,1974-10-01T00:00:00Z,1975-10-01T00:00:00Z,-121.964,41.8944
418944N1219643W001,1791846,1974-04-11T00:00:00Z,4237.29,4236.79,0,6.5,4230.79,6.5,6,NA,Unknown,Water level accuracy is unknown,1,Department of Water Resources,NA,1,Department of Water Resources,30,40,23444,47N01W27B001M,47N01W27B001M,Unknown,Unknown,1-003,Butte Valley,Siskiyou,40,Observation,Single Well,847,1951-11-26 00:00:00 - 2020-04-01 12:00:00,210,spring,NA,NA,4.8,21.32,1974,18010205,Wet,Wet,1973-10-01T00:00:00Z,1974-10-01T00:00:00Z,-121.964,41.8944
418944N1219643W001,1791845,1973-10-10T00:00:00Z,4237.29,4236.79,0,9.5,4227.79,9.5,9,NA,Unknown,Water level accuracy is unknown,1,Department of Water Resources,NA,1,Department of Water Resources,30,40,23444,47N01W27B001M,47N01W27B001M,Unknown,Unknown,1-003,Butte Valley,Siskiyou,40,Observation,Single Well,847,1951-11-26 00:00:00 - 2020-04-01 12:00:00,210,fall,7.1,20.96,NA,NA,1974,18010205,Wet,Wet,1973-10-01T00:00:00Z,1974-10-01T00:00:00Z,-121.964,41.8944
418944N1219643W001,1791844,1973-04-19T00:00:00Z,4237.29,4236.79,0,8.7,4228.59,8.7,8.2,NA,Unknown,Water level accuracy is unknown,1,Department of Water Resources,NA,1,Department of Water Resources,30,40,23444,47N01W27B001M,47N01W27B001M,Unknown,Unknown,1-003,Butte Valley,Siskiyou,40,Observation,Single Well,847,1951-11-26 00:00:00 - 2020-04-01 12:00:00,210,spring,NA,NA,4.8,21.32,1973,18010205,Critical,Critical,1972-10-01T00:00:00Z,1973-10-01T00:00:00Z,-121.964,41.8944
418944N1219643W001,1791843,1972-10-04T00:00:00Z,4237.29,4236.79,0,8.5,4228.79,8.5,8,NA,Unknown,Water level accuracy is unknown,1,Department of Water Resources,NA,1,Department of Water Resources,30,40,23444,47N01W27B001M,47N01W27B001M,Unknown,Unknown,1-003,Butte Valley,Siskiyou,40,Observation,Single Well,847,1951-11-26 00:00:00 - 2020-04-01 12:00:00,210,fall,7.1,20.96,NA,NA,1973,18010205,Critical,Critical,1972-10-01T00:00:00Z,1973-10-01T00:00:00Z,-121.964,41.8944
418944N1219643W001,1791842,1972-03-21T00:00:00Z,4237.29,4236.79,0,6.4,4230.89,6.4,5.9,NA,Unknown,Water level accuracy is unknown,1,Department of Water Resources,NA,1,Department of Water Resources,30,40,23444,47N01W27B001M,47N01W27B001M,Unknown,Unknown,1-003,Butte Valley,Siskiyou,40,Observation,Single Well,847,1951-11-26 00:00:00 - 2020-04-01 12:00:00,210,spring,NA,NA,4.8,21.32,1972,18010205,Above Normal,Above Normal,1971-10-01T00:00:00Z,1972-10-01T00:00:00Z,-121.964,41.8944
418944N1219643W001,1791841,1971-10-29T00:00:00Z,4237.29,4236.79,0,8.7,4228.59,8.7,8.2,NA,Unknown,Water level accuracy is unknown,1,Department of Water Resources,NA,624,Bureau of Reclamation,30,40,23444,47N01W27B001M,47N01W27B001M,Unknown,Unknown,1-003,Butte Valley,Siskiyou,40,Observation,Single Well,847,1951-11-26 00:00:00 - 2020-04-01 12:00:00,210,fall,7.1,20.96,NA,NA,1972,18010205,Above Normal,Above Normal,1971-10-01T00:00:00Z,1972-10-01T00:00:00Z,-121.964,41.8944
418944N1219643W001,1791840,1971-10-28T00:00:00Z,4237.29,4236.79,0,8.6,4228.69,8.6,8.1,NA,Unknown,Water level accuracy is unknown,1,Department of Water Resources,NA,1,Department of Water Resources,30,40,23444,47N01W27B001M,47N01W27B001M,Unknown,Unknown,1-003,Butte Valley,Siskiyou,40,Observation,Single Well,847,1951-11-26 00:00:00 - 2020-04-01 12:00:00,210,fall,7.1,20.96,NA,NA,1972,18010205,Above Normal,Above Normal,1971-10-01T00:00:00Z,1972-10-01T00:00:00Z,-121.964,41.8944
418944N1219643W001,1791839,1971-10-07T00:00:00Z,4237.29,4236.79,0,8.6,4228.69,8.6,8.1,NA,Unknown,Water level accuracy is unknown,1,Department of Water Resources,NA,624,Bureau of Reclamation,30,40,23444,47N01W27B001M,47N01W27B001M,Unknown,Unknown,1-003,Butte Valley,Siskiyou,40,Observation,Single Well,847,1951-11-26 00:00:00 - 2020-04-01 12:00:00,210,fall,7.1,20.96,NA,NA,1972,18010205,Above Normal,Above Normal,1971-10-01T00:00:00Z,1972-10-01T00:00:00Z,-121.964,41.8944
418944N1219643W001,1791838,1971-08-30T00:00:00Z,4237.29,4236.79,0,8.3,4228.99,8.3,7.8,NA,Unknown,Water level accuracy is unknown,1,Department of Water Resources,NA,624,Bureau of Reclamation,30,40,23444,47N01W27B001M,47N01W27B001M,Unknown,Unknown,1-003,Butte Valley,Siskiyou,40,Observation,Single Well,847,1951-11-26 00:00:00 - 2020-04-01 12:00:00,210,fall,7.1,20.96,NA,NA,1971,18010205,Wet,Wet,1970-10-01T00:00:00Z,1971-10-01T00:00:00Z,-121.964,41.8944
418944N1219643W001,1791837,1971-07-27T00:00:00Z,4237.29,4236.79,0,7.6,4229.69,7.6,7.1,NA,Unknown,Water level accuracy is unknown,1,Department of Water Resources,NA,624,Bureau of Reclamation,30,40,23444,47N01W27B001M,47N01W27B001M,Unknown,Unknown,1-003,Butte Valley,Siskiyou,40,Observation,Single Well,847,1951-11-26 00:00:00 - 2020-04-01 12:00:00,210,other,NA,NA,NA,NA,1971,18010205,Wet,Wet,1970-10-01T00:00:00Z,1971-10-01T00:00:00Z,-121.964,41.8944
418944N1219643W001,1791836,1971-06-30T00:00:00Z,4237.29,4236.79,0,7.2,4230.09,7.2,6.7,NA,Unknown,Water level accuracy is unknown,1,Department of Water Resources,NA,624,Bureau of Reclamation,30,40,23444,47N01W27B001M,47N01W27B001M,Unknown,Unknown,1-003,Butte Valley,Siskiyou,40,Observation,Single Well,847,1951-11-26 00:00:00 - 2020-04-01 12:00:00,210,other,NA,NA,NA,NA,1971,18010205,Wet,Wet,1970-10-01T00:00:00Z,1971-10-01T00:00:00Z,-121.964,41.8944
418944N1219643W001,1791835,1971-04-06T00:00:00Z,4237.29,4236.79,0,6.1,4231.19,6.1,5.6,NA,Unknown,Water level accuracy is unknown,1,Department of Water Resources,NA,1,Department of Water Resources,30,40,23444,47N01W27B001M,47N01W27B001M,Unknown,Unknown,1-003,Butte Valley,Siskiyou,40,Observation,Single Well,847,1951-11-26 00:00:00 - 2020-04-01 12:00:00,210,spring,NA,NA,4.8,21.32,1971,18010205,Wet,Wet,1970-10-01T00:00:00Z,1971-10-01T00:00:00Z,-121.964,41.8944
418944N1219643W001,1791834,1970-10-06T00:00:00Z,4237.29,4236.79,0,9.2,4228.09,9.2,8.7,NA,Unknown,Water level accuracy is unknown,1,Department of Water Resources,NA,1,Department of Water Resources,30,40,23444,47N01W27B001M,47N01W27B001M,Unknown,Unknown,1-003,Butte Valley,Siskiyou,40,Observation,Single Well,847,1951-11-26 00:00:00 - 2020-04-01 12:00:00,210,fall,7.1,20.96,NA,NA,1971,18010205,Wet,Wet,1970-10-01T00:00:00Z,1971-10-01T00:00:00Z,-121.964,41.8944
418944N1219643W001,1791833,1970-04-06T00:00:00Z,4237.29,4236.79,0,7,4230.29,7,6.5,NA,Unknown,Water level accuracy is unknown,1,Department of Water Resources,NA,1,Department of Water Resources,30,40,23444,47N01W27B001M,47N01W27B001M,Unknown,Unknown,1-003,Butte Valley,Siskiyou,40,Observation,Single Well,847,1951-11-26 00:00:00 - 2020-04-01 12:00:00,210,spring,NA,NA,4.8,21.32,1970,18010205,Wet,Wet,1969-10-01T00:00:00Z,1970-10-01T00:00:00Z,-121.964,41.8944
418944N1219643W001,1791832,1969-10-08T00:00:00Z,4237.29,4236.79,0,10.2,4227.09,10.2,9.7,NA,Unknown,Water level accuracy is unknown,1,Department of Water Resources,NA,1,Department of Water Resources,30,40,23444,47N01W27B001M,47N01W27B001M,Unknown,Unknown,1-003,Butte Valley,Siskiyou,40,Observation,Single Well,847,1951-11-26 00:00:00 - 2020-04-01 12:00:00,210,fall,7.1,20.96,NA,NA,1970,18010205,Wet,Wet,1969-10-01T00:00:00Z,1970-10-01T00:00:00Z,-121.964,41.8944
418944N1219643W001,1791831,1969-04-07T00:00:00Z,4237.29,4236.79,0,8.4,4228.89,8.4,7.9,NA,Unknown,Water level accuracy is unknown,1,Department of Water Resources,NA,1,Department of Water Resources,30,40,23444,47N01W27B001M,47N01W27B001M,Unknown,Unknown,1-003,Butte Valley,Siskiyou,40,Observation,Single Well,847,1951-11-26 00:00:00 - 2020-04-01 12:00:00,210,spring,NA,NA,4.8,21.32,1969,18010205,Above Normal,Above Normal,1968-10-01T00:00:00Z,1969-10-01T00:00:00Z,-121.964,41.8944
418944N1219643W001,1791830,1968-10-01T00:00:00Z,4237.29,4236.79,0,10.5,4226.79,10.5,10,NA,Unknown,Water level accuracy is unknown,1,Department of Water Resources,NA,1,Department of Water Resources,30,40,23444,47N01W27B001M,47N01W27B001M,Unknown,Unknown,1-003,Butte Valley,Siskiyou,40,Observation,Single Well,847,1951-11-26 00:00:00 - 2020-04-01 12:00:00,210,fall,7.1,20.96,NA,NA,1969,18010205,Above Normal,Above Normal,1968-10-01T00:00:00Z,1969-10-01T00:00:00Z,-121.964,41.8944
418944N1219643W001,1791829,1968-04-12T00:00:00Z,4237.29,4236.79,0,9.3,4227.99,9.3,8.8,NA,Unknown,Water level accuracy is unknown,1,Department of Water Resources,NA,1,Department of Water Resources,30,40,23444,47N01W27B001M,47N01W27B001M,Unknown,Unknown,1-003,Butte Valley,Siskiyou,40,Observation,Single Well,847,1951-11-26 00:00:00 - 2020-04-01 12:00:00,210,spring,NA,NA,4.8,21.32,1968,18010205,Dry,Dry,1967-10-01T00:00:00Z,1968-10-01T00:00:00Z,-121.964,41.8944
418944N1219643W001,1791828,1967-10-05T00:00:00Z,4237.29,4236.79,0,9.1,4228.19,9.1,8.6,NA,Unknown,Water level accuracy is unknown,1,Department of Water Resources,NA,1,Department of Water Resources,30,40,23444,47N01W27B001M,47N01W27B001M,Unknown,Unknown,1-003,Butte Valley,Siskiyou,40,Observation,Single Well,847,1951-11-26 00:00:00 - 2020-04-01 12:00:00,210,fall,7.1,20.96,NA,NA,1968,18010205,Dry,Dry,1967-10-01T00:00:00Z,1968-10-01T00:00:00Z,-121.964,41.8944
418944N1219643W001,1791827,1967-04-13T00:00:00Z,4237.29,4236.79,0,7.1,4230.19,7.1,6.6,NA,Unknown,Water level accuracy is unknown,1,Department of Water Resources,NA,1,Department of Water Resources,30,40,23444,47N01W27B001M,47N01W27B001M,Unknown,Unknown,1-003,Butte Valley,Siskiyou,40,Observation,Single Well,847,1951-11-26 00:00:00 - 2020-04-01 12:00:00,210,spring,NA,NA,4.8,21.32,1967,18010205,Above Normal,Above Normal,1966-10-01T00:00:00Z,1967-10-01T00:00:00Z,-121.964,41.8944
418944N1219643W001,1791826,1966-10-03T00:00:00Z,4237.69,4236.79,0,10.5,4227.19,10.5,9.6,NA,Unknown,Water level accuracy is unknown,1,Department of Water Resources,NA,1,Department of Water Resources,30,40,23444,47N01W27B001M,47N01W27B001M,Unknown,Unknown,1-003,Butte Valley,Siskiyou,40,Observation,Single Well,847,1951-11-26 00:00:00 - 2020-04-01 12:00:00,210,fall,7.1,20.96,NA,NA,1967,18010205,Above Normal,Above Normal,1966-10-01T00:00:00Z,1967-10-01T00:00:00Z,-121.964,41.8944
418944N1219643W001,1791825,1966-06-04T00:00:00Z,4237.69,4236.79,0,8.9,4228.79,8.9,8,NA,Unknown,Water level accuracy is unknown,1,Department of Water Resources,NA,1,Department of Water Resources,30,40,23444,47N01W27B001M,47N01W27B001M,Unknown,Unknown,1-003,Butte Valley,Siskiyou,40,Observation,Single Well,847,1951-11-26 00:00:00 - 2020-04-01 12:00:00,210,other,NA,NA,NA,NA,1966,18010205,Dry,Dry,1965-10-01T00:00:00Z,1966-10-01T00:00:00Z,-121.964,41.8944
418944N1219643W001,1791824,1966-03-03T00:00:00Z,4237.69,4236.79,0,8.4,4229.29,8.4,7.5,NA,Unknown,Water level accuracy is unknown,1,Department of Water Resources,NA,1,Department of Water Resources,30,40,23444,47N01W27B001M,47N01W27B001M,Unknown,Unknown,1-003,Butte Valley,Siskiyou,40,Observation,Single Well,847,1951-11-26 00:00:00 - 2020-04-01 12:00:00,210,spring,NA,NA,4.8,21.32,1966,18010205,Dry,Dry,1965-10-01T00:00:00Z,1966-10-01T00:00:00Z,-121.964,41.8944
418944N1219643W001,1791823,1966-02-04T00:00:00Z,4237.69,4236.79,0,9.3,4228.39,9.3,8.4,NA,Unknown,Water level accuracy is unknown,1,Department of Water Resources,NA,5167,United States Geological Survey,30,40,23444,47N01W27B001M,47N01W27B001M,Unknown,Unknown,1-003,Butte Valley,Siskiyou,40,Observation,Single Well,847,1951-11-26 00:00:00 - 2020-04-01 12:00:00,210,other,NA,NA,NA,NA,1966,18010205,Dry,Dry,1965-10-01T00:00:00Z,1966-10-01T00:00:00Z,-121.964,41.8944
418944N1219643W001,1791822,1966-01-11T00:00:00Z,4237.69,4236.79,0,8.8,4228.89,8.8,7.9,NA,Unknown,Water level accuracy is unknown,1,Department of Water Resources,NA,5167,United States Geological Survey,30,40,23444,47N01W27B001M,47N01W27B001M,Unknown,Unknown,1-003,Butte Valley,Siskiyou,40,Observation,Single Well,847,1951-11-26 00:00:00 - 2020-04-01 12:00:00,210,other,NA,NA,NA,NA,1966,18010205,Dry,Dry,1965-10-01T00:00:00Z,1966-10-01T00:00:00Z,-121.964,41.8944
418944N1219643W001,1791821,1965-12-03T00:00:00Z,4237.69,4236.79,0,9.8,4227.89,9.8,8.9,NA,Unknown,Water level accuracy is unknown,1,Department of Water Resources,NA,5167,United States Geological Survey,30,40,23444,47N01W27B001M,47N01W27B001M,Unknown,Unknown,1-003,Butte Valley,Siskiyou,40,Observation,Single Well,847,1951-11-26 00:00:00 - 2020-04-01 12:00:00,210,other,NA,NA,NA,NA,1966,18010205,Dry,Dry,1965-10-01T00:00:00Z,1966-10-01T00:00:00Z,-121.964,41.8944
418944N1219643W001,1791820,1965-11-03T00:00:00Z,4237.69,4236.79,0,9.9,4227.79,9.9,9,NA,Unknown,Water level accuracy is unknown,1,Department of Water Resources,NA,5167,United States Geological Survey,30,40,23444,47N01W27B001M,47N01W27B001M,Unknown,Unknown,1-003,Butte Valley,Siskiyou,40,Observation,Single Well,847,1951-11-26 00:00:00 - 2020-04-01 12:00:00,210,fall,7.1,20.96,NA,NA,1966,18010205,Dry,Dry,1965-10-01T00:00:00Z,1966-10-01T00:00:00Z,-121.964,41.8944
418944N1219643W001,1791819,1965-10-28T00:00:00Z,4237.69,4236.79,0,9.8,4227.89,9.8,8.9,NA,Unknown,Water level accuracy is unknown,1,Department of Water Resources,NA,5167,United States Geological Survey,30,40,23444,47N01W27B001M,47N01W27B001M,Unknown,Unknown,1-003,Butte Valley,Siskiyou,40,Observation,Single Well,847,1951-11-26 00:00:00 - 2020-04-01 12:00:00,210,fall,7.1,20.96,NA,NA,1966,18010205,Dry,Dry,1965-10-01T00:00:00Z,1966-10-01T00:00:00Z,-121.964,41.8944
418944N1219643W001,1791818,1965-09-25T00:00:00Z,4237.69,4236.79,0,9.6,4228.09,9.6,8.7,NA,Unknown,Water level accuracy is unknown,1,Department of Water Resources,NA,5167,United States Geological Survey,30,40,23444,47N01W27B001M,47N01W27B001M,Unknown,Unknown,1-003,Butte Valley,Siskiyou,40,Observation,Single Well,847,1951-11-26 00:00:00 - 2020-04-01 12:00:00,210,fall,7.1,20.96,NA,NA,1965,18010205,Wet,Wet,1964-10-01T00:00:00Z,1965-10-01T00:00:00Z,-121.964,41.8944
418944N1219643W001,1791817,1965-08-17T00:00:00Z,4237.69,4236.79,0,9.5,4228.19,9.5,8.6,NA,Unknown,Water level accuracy is unknown,1,Department of Water Resources,NA,5167,United States Geological Survey,30,40,23444,47N01W27B001M,47N01W27B001M,Unknown,Unknown,1-003,Butte Valley,Siskiyou,40,Observation,Single Well,847,1951-11-26 00:00:00 - 2020-04-01 12:00:00,210,fall,7.1,20.96,NA,NA,1965,18010205,Wet,Wet,1964-10-01T00:00:00Z,1965-10-01T00:00:00Z,-121.964,41.8944
418944N1219643W001,1791816,1965-07-15T00:00:00Z,4237.69,4236.79,0,9.1,4228.59,9.1,8.2,NA,Unknown,Water level accuracy is unknown,1,Department of Water Resources,NA,5167,United States Geological Survey,30,40,23444,47N01W27B001M,47N01W27B001M,Unknown,Unknown,1-003,Butte Valley,Siskiyou,40,Observation,Single Well,847,1951-11-26 00:00:00 - 2020-04-01 12:00:00,210,other,NA,NA,NA,NA,1965,18010205,Wet,Wet,1964-10-01T00:00:00Z,1965-10-01T00:00:00Z,-121.964,41.8944
418944N1219643W001,1791815,1965-06-17T00:00:00Z,4237.69,4236.79,0,8.7,4228.99,8.7,7.8,NA,Unknown,Water level accuracy is unknown,1,Department of Water Resources,NA,5167,United States Geological Survey,30,40,23444,47N01W27B001M,47N01W27B001M,Unknown,Unknown,1-003,Butte Valley,Siskiyou,40,Observation,Single Well,847,1951-11-26 00:00:00 - 2020-04-01 12:00:00,210,other,NA,NA,NA,NA,1965,18010205,Wet,Wet,1964-10-01T00:00:00Z,1965-10-01T00:00:00Z,-121.964,41.8944
418944N1219643W001,1791814,1965-05-20T00:00:00Z,4237.69,4236.79,0,8.6,4229.09,8.6,7.7,NA,Unknown,Water level accuracy is unknown,1,Department of Water Resources,NA,5167,United States Geological Survey,30,40,23444,47N01W27B001M,47N01W27B001M,Unknown,Unknown,1-003,Butte Valley,Siskiyou,40,Observation,Single Well,847,1951-11-26 00:00:00 - 2020-04-01 12:00:00,210,spring,NA,NA,4.8,21.32,1965,18010205,Wet,Wet,1964-10-01T00:00:00Z,1965-10-01T00:00:00Z,-121.964,41.8944
418944N1219643W001,1791813,1965-04-16T00:00:00Z,4237.69,4236.79,0,8.5,4229.19,8.5,7.6,NA,Unknown,Water level accuracy is unknown,1,Department of Water Resources,NA,5167,United States Geological Survey,30,40,23444,47N01W27B001M,47N01W27B001M,Unknown,Unknown,1-003,Butte Valley,Siskiyou,40,Observation,Single Well,847,1951-11-26 00:00:00 - 2020-04-01 12:00:00,210,spring,NA,NA,4.8,21.32,1965,18010205,Wet,Wet,1964-10-01T00:00:00Z,1965-10-01T00:00:00Z,-121.964,41.8944
418944N1219643W001,1791812,1965-03-18T00:00:00Z,4237.69,4236.79,0,8.3,4229.39,8.3,7.4,NA,Unknown,Water level accuracy is unknown,1,Department of Water Resources,NA,5167,United States Geological Survey,30,40,23444,47N01W27B001M,47N01W27B001M,Unknown,Unknown,1-003,Butte Valley,Siskiyou,40,Observation,Single Well,847,1951-11-26 00:00:00 - 2020-04-01 12:00:00,210,spring,NA,NA,4.8,21.32,1965,18010205,Wet,Wet,1964-10-01T00:00:00Z,1965-10-01T00:00:00Z,-121.964,41.8944
418944N1219643W001,1791811,1965-02-18T00:00:00Z,4237.69,4236.79,0,7.6,4230.09,7.6,6.7,NA,Unknown,Water level accuracy is unknown,1,Department of Water Resources,NA,5167,United States Geological Survey,30,40,23444,47N01W27B001M,47N01W27B001M,Unknown,Unknown,1-003,Butte Valley,Siskiyou,40,Observation,Single Well,847,1951-11-26 00:00:00 - 2020-04-01 12:00:00,210,other,NA,NA,NA,NA,1965,18010205,Wet,Wet,1964-10-01T00:00:00Z,1965-10-01T00:00:00Z,-121.964,41.8944
418944N1219643W001,1791810,1965-01-20T00:00:00Z,4237.69,4236.79,0,8.7,4228.99,8.7,7.8,NA,Unknown,Water level accuracy is unknown,1,Department of Water Resources,NA,5167,United States Geological Survey,30,40,23444,47N01W27B001M,47N01W27B001M,Unknown,Unknown,1-003,Butte Valley,Siskiyou,40,Observation,Single Well,847,1951-11-26 00:00:00 - 2020-04-01 12:00:00,210,other,NA,NA,NA,NA,1965,18010205,Wet,Wet,1964-10-01T00:00:00Z,1965-10-01T00:00:00Z,-121.964,41.8944
418944N1219643W001,1791809,1964-12-17T00:00:00Z,4237.69,4236.79,0,12,4225.69,12,11.1,NA,Unknown,Water level accuracy is unknown,1,Department of Water Resources,NA,5167,United States Geological Survey,30,40,23444,47N01W27B001M,47N01W27B001M,Unknown,Unknown,1-003,Butte Valley,Siskiyou,40,Observation,Single Well,847,1951-11-26 00:00:00 - 2020-04-01 12:00:00,210,other,NA,NA,NA,NA,1965,18010205,Wet,Wet,1964-10-01T00:00:00Z,1965-10-01T00:00:00Z,-121.964,41.8944
418944N1219643W001,1791808,1964-11-19T00:00:00Z,4237.69,4236.79,0,12.1,4225.59,12.1,11.2,NA,Unknown,Water level accuracy is unknown,1,Department of Water Resources,NA,5167,United States Geological Survey,30,40,23444,47N01W27B001M,47N01W27B001M,Unknown,Unknown,1-003,Butte Valley,Siskiyou,40,Observation,Single Well,847,1951-11-26 00:00:00 - 2020-04-01 12:00:00,210,fall,7.1,20.96,NA,NA,1965,18010205,Wet,Wet,1964-10-01T00:00:00Z,1965-10-01T00:00:00Z,-121.964,41.8944
418944N1219643W001,1791807,1964-10-15T00:00:00Z,4237.69,4236.79,0,12,4225.69,12,11.1,NA,Unknown,Water level accuracy is unknown,1,Department of Water Resources,NA,5167,United States Geological Survey,30,40,23444,47N01W27B001M,47N01W27B001M,Unknown,Unknown,1-003,Butte Valley,Siskiyou,40,Observation,Single Well,847,1951-11-26 00:00:00 - 2020-04-01 12:00:00,210,fall,7.1,20.96,NA,NA,1965,18010205,Wet,Wet,1964-10-01T00:00:00Z,1965-10-01T00:00:00Z,-121.964,41.8944
418944N1219643W001,1791806,1964-09-17T00:00:00Z,4237.69,4236.79,0,11.9,4225.79,11.9,11,NA,Unknown,Water level accuracy is unknown,1,Department of Water Resources,NA,5167,United States Geological Survey,30,40,23444,47N01W27B001M,47N01W27B001M,Unknown,Unknown,1-003,Butte Valley,Siskiyou,40,Observation,Single Well,847,1951-11-26 00:00:00 - 2020-04-01 12:00:00,210,fall,7.1,20.96,NA,NA,1964,18010205,Above Normal,Above Normal,1963-10-01T00:00:00Z,1964-10-01T00:00:00Z,-121.964,41.8944
418944N1219643W001,1791805,1964-08-21T00:00:00Z,4237.69,4236.79,0,11.7,4225.99,11.7,10.8,NA,Unknown,Water level accuracy is unknown,1,Department of Water Resources,NA,5167,United States Geological Survey,30,40,23444,47N01W27B001M,47N01W27B001M,Unknown,Unknown,1-003,Butte Valley,Siskiyou,40,Observation,Single Well,847,1951-11-26 00:00:00 - 2020-04-01 12:00:00,210,fall,7.1,20.96,NA,NA,1964,18010205,Above Normal,Above Normal,1963-10-01T00:00:00Z,1964-10-01T00:00:00Z,-121.964,41.8944
418944N1219643W001,1791804,1964-07-16T00:00:00Z,4237.69,4236.79,0,11.2,4226.49,11.2,10.3,NA,Unknown,Water level accuracy is unknown,1,Department of Water Resources,NA,5167,United States Geological Survey,30,40,23444,47N01W27B001M,47N01W27B001M,Unknown,Unknown,1-003,Butte Valley,Siskiyou,40,Observation,Single Well,847,1951-11-26 00:00:00 - 2020-04-01 12:00:00,210,other,NA,NA,NA,NA,1964,18010205,Above Normal,Above Normal,1963-10-01T00:00:00Z,1964-10-01T00:00:00Z,-121.964,41.8944
418944N1219643W001,1791803,1964-06-18T00:00:00Z,4237.69,4236.79,0,10.8,4226.89,10.8,9.9,NA,Unknown,Water level accuracy is unknown,1,Department of Water Resources,NA,5167,United States Geological Survey,30,40,23444,47N01W27B001M,47N01W27B001M,Unknown,Unknown,1-003,Butte Valley,Siskiyou,40,Observation,Single Well,847,1951-11-26 00:00:00 - 2020-04-01 12:00:00,210,other,NA,NA,NA,NA,1964,18010205,Above Normal,Above Normal,1963-10-01T00:00:00Z,1964-10-01T00:00:00Z,-121.964,41.8944
418944N1219643W001,1791802,1964-05-14T00:00:00Z,4237.69,4236.79,0,11.1,4226.59,11.1,10.2,NA,Unknown,Water level accuracy is unknown,1,Department of Water Resources,NA,5167,United States Geological Survey,30,40,23444,47N01W27B001M,47N01W27B001M,Unknown,Unknown,1-003,Butte Valley,Siskiyou,40,Observation,Single Well,847,1951-11-26 00:00:00 - 2020-04-01 12:00:00,210,spring,NA,NA,4.8,21.32,1964,18010205,Above Normal,Above Normal,1963-10-01T00:00:00Z,1964-10-01T00:00:00Z,-121.964,41.8944
418944N1219643W001,1791801,1964-04-16T00:00:00Z,4237.69,4236.79,0,11.1,4226.59,11.1,10.2,NA,Unknown,Water level accuracy is unknown,1,Department of Water Resources,NA,5167,United States Geological Survey,30,40,23444,47N01W27B001M,47N01W27B001M,Unknown,Unknown,1-003,Butte Valley,Siskiyou,40,Observation,Single Well,847,1951-11-26 00:00:00 - 2020-04-01 12:00:00,210,spring,NA,NA,4.8,21.32,1964,18010205,Above Normal,Above Normal,1963-10-01T00:00:00Z,1964-10-01T00:00:00Z,-121.964,41.8944
418944N1219643W001,1791800,1964-03-19T00:00:00Z,4237.69,4236.79,0,11,4226.69,11,10.1,NA,Unknown,Water level accuracy is unknown,1,Department of Water Resources,NA,5167,United States Geological Survey,30,40,23444,47N01W27B001M,47N01W27B001M,Unknown,Unknown,1-003,Butte Valley,Siskiyou,40,Observation,Single Well,847,1951-11-26 00:00:00 - 2020-04-01 12:00:00,210,spring,NA,NA,4.8,21.32,1964,18010205,Above Normal,Above Normal,1963-10-01T00:00:00Z,1964-10-01T00:00:00Z,-121.964,41.8944
418944N1219643W001,1791799,1964-02-27T00:00:00Z,4237.69,4236.79,0,10.5,4227.19,10.5,9.6,NA,Unknown,Water level accuracy is unknown,1,Department of Water Resources,NA,5167,United States Geological Survey,30,40,23444,47N01W27B001M,47N01W27B001M,Unknown,Unknown,1-003,Butte Valley,Siskiyou,40,Observation,Single Well,847,1951-11-26 00:00:00 - 2020-04-01 12:00:00,210,other,NA,NA,NA,NA,1964,18010205,Above Normal,Above Normal,1963-10-01T00:00:00Z,1964-10-01T00:00:00Z,-121.964,41.8944
418944N1219643W001,1791798,1964-01-17T00:00:00Z,4237.69,4236.79,0,11.5,4226.19,11.5,10.6,NA,Unknown,Water level accuracy is unknown,1,Department of Water Resources,NA,5167,United States Geological Survey,30,40,23444,47N01W27B001M,47N01W27B001M,Unknown,Unknown,1-003,Butte Valley,Siskiyou,40,Observation,Single Well,847,1951-11-26 00:00:00 - 2020-04-01 12:00:00,210,other,NA,NA,NA,NA,1964,18010205,Above Normal,Above Normal,1963-10-01T00:00:00Z,1964-10-01T00:00:00Z,-121.964,41.8944
418944N1219643W001,1791797,1963-12-16T00:00:00Z,4237.69,4236.79,0,11.6,4226.09,11.6,10.7,NA,Unknown,Water level accuracy is unknown,1,Department of Water Resources,NA,5167,United States Geological Survey,30,40,23444,47N01W27B001M,47N01W27B001M,Unknown,Unknown,1-003,Butte Valley,Siskiyou,40,Observation,Single Well,847,1951-11-26 00:00:00 - 2020-04-01 12:00:00,210,other,NA,NA,NA,NA,1964,18010205,Above Normal,Above Normal,1963-10-01T00:00:00Z,1964-10-01T00:00:00Z,-121.964,41.8944
418944N1219643W001,1791796,1963-11-22T00:00:00Z,4237.69,4236.79,0,11.5,4226.19,11.5,10.6,NA,Unknown,Water level accuracy is unknown,1,Department of Water Resources,NA,5167,United States Geological Survey,30,40,23444,47N01W27B001M,47N01W27B001M,Unknown,Unknown,1-003,Butte Valley,Siskiyou,40,Observation,Single Well,847,1951-11-26 00:00:00 - 2020-04-01 12:00:00,210,fall,7.1,20.96,NA,NA,1964,18010205,Above Normal,Above Normal,1963-10-01T00:00:00Z,1964-10-01T00:00:00Z,-121.964,41.8944
418944N1219643W001,1791795,1963-10-25T00:00:00Z,4237.69,4236.79,0,11.5,4226.19,11.5,10.6,NA,Unknown,Water level accuracy is unknown,1,Department of Water Resources,NA,5167,United States Geological Survey,30,40,23444,47N01W27B001M,47N01W27B001M,Unknown,Unknown,1-003,Butte Valley,Siskiyou,40,Observation,Single Well,847,1951-11-26 00:00:00 - 2020-04-01 12:00:00,210,fall,7.1,20.96,NA,NA,1964,18010205,Above Normal,Above Normal,1963-10-01T00:00:00Z,1964-10-01T00:00:00Z,-121.964,41.8944
418944N1219643W001,1791794,1963-09-20T00:00:00Z,4237.69,4236.79,0,11.3,4226.39,11.3,10.4,NA,Unknown,Water level accuracy is unknown,1,Department of Water Resources,NA,5167,United States Geological Survey,30,40,23444,47N01W27B001M,47N01W27B001M,Unknown,Unknown,1-003,Butte Valley,Siskiyou,40,Observation,Single Well,847,1951-11-26 00:00:00 - 2020-04-01 12:00:00,210,fall,7.1,20.96,NA,NA,1963,18010205,Wet,Wet,1962-10-01T00:00:00Z,1963-10-01T00:00:00Z,-121.964,41.8944
418944N1219643W001,1791793,1963-08-21T00:00:00Z,4237.69,4236.79,0,11.1,4226.59,11.1,10.2,NA,Unknown,Water level accuracy is unknown,1,Department of Water Resources,NA,5167,United States Geological Survey,30,40,23444,47N01W27B001M,47N01W27B001M,Unknown,Unknown,1-003,Butte Valley,Siskiyou,40,Observation,Single Well,847,1951-11-26 00:00:00 - 2020-04-01 12:00:00,210,fall,7.1,20.96,NA,NA,1963,18010205,Wet,Wet,1962-10-01T00:00:00Z,1963-10-01T00:00:00Z,-121.964,41.8944
418944N1219643W001,1791792,1963-07-12T00:00:00Z,4237.69,4236.79,0,10.6,4227.09,10.6,9.7,NA,Unknown,Water level accuracy is unknown,1,Department of Water Resources,NA,5167,United States Geological Survey,30,40,23444,47N01W27B001M,47N01W27B001M,Unknown,Unknown,1-003,Butte Valley,Siskiyou,40,Observation,Single Well,847,1951-11-26 00:00:00 - 2020-04-01 12:00:00,210,other,NA,NA,NA,NA,1963,18010205,Wet,Wet,1962-10-01T00:00:00Z,1963-10-01T00:00:00Z,-121.964,41.8944
418944N1219643W001,1791791,1963-06-20T00:00:00Z,4237.69,4236.79,0,10.5,4227.19,10.5,9.6,NA,Unknown,Water level accuracy is unknown,1,Department of Water Resources,NA,5167,United States Geological Survey,30,40,23444,47N01W27B001M,47N01W27B001M,Unknown,Unknown,1-003,Butte Valley,Siskiyou,40,Observation,Single Well,847,1951-11-26 00:00:00 - 2020-04-01 12:00:00,210,other,NA,NA,NA,NA,1963,18010205,Wet,Wet,1962-10-01T00:00:00Z,1963-10-01T00:00:00Z,-121.964,41.8944
418944N1219643W001,1791790,1963-05-22T00:00:00Z,4237.69,4236.79,0,10.3,4227.39,10.3,9.4,NA,Unknown,Water level accuracy is unknown,1,Department of Water Resources,NA,5167,United States Geological Survey,30,40,23444,47N01W27B001M,47N01W27B001M,Unknown,Unknown,1-003,Butte Valley,Siskiyou,40,Observation,Single Well,847,1951-11-26 00:00:00 - 2020-04-01 12:00:00,210,spring,NA,NA,4.8,21.32,1963,18010205,Wet,Wet,1962-10-01T00:00:00Z,1963-10-01T00:00:00Z,-121.964,41.8944
418944N1219643W001,1791789,1963-04-25T00:00:00Z,4237.69,4236.79,0,10.2,4227.49,10.2,9.3,NA,Unknown,Water level accuracy is unknown,1,Department of Water Resources,NA,5167,United States Geological Survey,30,40,23444,47N01W27B001M,47N01W27B001M,Unknown,Unknown,1-003,Butte Valley,Siskiyou,40,Observation,Single Well,847,1951-11-26 00:00:00 - 2020-04-01 12:00:00,210,spring,NA,NA,4.8,21.32,1963,18010205,Wet,Wet,1962-10-01T00:00:00Z,1963-10-01T00:00:00Z,-121.964,41.8944
418944N1219643W001,1791788,1963-03-21T00:00:00Z,4237.69,4236.79,0,10.1,4227.59,10.1,9.2,NA,Unknown,Water level accuracy is unknown,1,Department of Water Resources,NA,5167,United States Geological Survey,30,40,23444,47N01W27B001M,47N01W27B001M,Unknown,Unknown,1-003,Butte Valley,Siskiyou,40,Observation,Single Well,847,1951-11-26 00:00:00 - 2020-04-01 12:00:00,210,spring,NA,NA,4.8,21.32,1963,18010205,Wet,Wet,1962-10-01T00:00:00Z,1963-10-01T00:00:00Z,-121.964,41.8944
418944N1219643W001,1791787,1963-02-20T00:00:00Z,4237.69,4236.79,0,9.7,4227.99,9.7,8.8,NA,Unknown,Water level accuracy is unknown,1,Department of Water Resources,NA,5167,United States Geological Survey,30,40,23444,47N01W27B001M,47N01W27B001M,Unknown,Unknown,1-003,Butte Valley,Siskiyou,40,Observation,Single Well,847,1951-11-26 00:00:00 - 2020-04-01 12:00:00,210,other,NA,NA,NA,NA,1963,18010205,Wet,Wet,1962-10-01T00:00:00Z,1963-10-01T00:00:00Z,-121.964,41.8944
418944N1219643W001,1791786,1963-01-23T00:00:00Z,4237.69,4236.79,0,11,4226.69,11,10.1,NA,Unknown,Water level accuracy is unknown,1,Department of Water Resources,NA,5167,United States Geological Survey,30,40,23444,47N01W27B001M,47N01W27B001M,Unknown,Unknown,1-003,Butte Valley,Siskiyou,40,Observation,Single Well,847,1951-11-26 00:00:00 - 2020-04-01 12:00:00,210,other,NA,NA,NA,NA,1963,18010205,Wet,Wet,1962-10-01T00:00:00Z,1963-10-01T00:00:00Z,-121.964,41.8944
418944N1219643W001,1791785,1962-12-17T00:00:00Z,4237.69,4236.79,NA,NA,NA,NA,NA,Special/Other,NA,NA,1,Department of Water Resources,NA,5167,United States Geological Survey,30,40,23444,47N01W27B001M,47N01W27B001M,Unknown,Unknown,1-003,Butte Valley,Siskiyou,40,Observation,Single Well,847,1951-11-26 00:00:00 - 2020-04-01 12:00:00,210,other,NA,NA,NA,NA,1963,18010205,Wet,Wet,1962-10-01T00:00:00Z,1963-10-01T00:00:00Z,-121.964,41.8944
418944N1219643W001,1791784,1962-11-28T00:00:00Z,4237.69,4236.79,0,11,4226.69,11,10.1,NA,Unknown,Water level accuracy is unknown,1,Department of Water Resources,NA,5167,United States Geological Survey,30,40,23444,47N01W27B001M,47N01W27B001M,Unknown,Unknown,1-003,Butte Valley,Siskiyou,40,Observation,Single Well,847,1951-11-26 00:00:00 - 2020-04-01 12:00:00,210,fall,7.1,20.96,NA,NA,1963,18010205,Wet,Wet,1962-10-01T00:00:00Z,1963-10-01T00:00:00Z,-121.964,41.8944
418944N1219643W001,1791783,1962-10-23T00:00:00Z,4237.69,4236.79,0,12.5,4225.19,12.5,11.6,NA,Unknown,Water level accuracy is unknown,1,Department of Water Resources,NA,5167,United States Geological Survey,30,40,23444,47N01W27B001M,47N01W27B001M,Unknown,Unknown,1-003,Butte Valley,Siskiyou,40,Observation,Single Well,847,1951-11-26 00:00:00 - 2020-04-01 12:00:00,210,fall,7.1,20.96,NA,NA,1963,18010205,Wet,Wet,1962-10-01T00:00:00Z,1963-10-01T00:00:00Z,-121.964,41.8944
418944N1219643W001,1791782,1962-09-21T00:00:00Z,4237.69,4236.79,0,12.6,4225.09,12.6,11.7,NA,Unknown,Water level accuracy is unknown,1,Department of Water Resources,NA,5167,United States Geological Survey,30,40,23444,47N01W27B001M,47N01W27B001M,Unknown,Unknown,1-003,Butte Valley,Siskiyou,40,Observation,Single Well,847,1951-11-26 00:00:00 - 2020-04-01 12:00:00,210,fall,7.1,20.96,NA,NA,1962,18010205,Below Normal,Below Normal,1961-10-01T00:00:00Z,1962-10-01T00:00:00Z,-121.964,41.8944
418944N1219643W001,1791781,1962-08-23T00:00:00Z,4237.69,4236.79,0,11.5,4226.19,11.5,10.6,NA,Unknown,Water level accuracy is unknown,1,Department of Water Resources,NA,5167,United States Geological Survey,30,40,23444,47N01W27B001M,47N01W27B001M,Unknown,Unknown,1-003,Butte Valley,Siskiyou,40,Observation,Single Well,847,1951-11-26 00:00:00 - 2020-04-01 12:00:00,210,fall,7.1,20.96,NA,NA,1962,18010205,Below Normal,Below Normal,1961-10-01T00:00:00Z,1962-10-01T00:00:00Z,-121.964,41.8944
418944N1219643W001,1791780,1962-07-26T00:00:00Z,4237.69,4236.79,0,11,4226.69,11,10.1,NA,Unknown,Water level accuracy is unknown,1,Department of Water Resources,NA,5167,United States Geological Survey,30,40,23444,47N01W27B001M,47N01W27B001M,Unknown,Unknown,1-003,Butte Valley,Siskiyou,40,Observation,Single Well,847,1951-11-26 00:00:00 - 2020-04-01 12:00:00,210,other,NA,NA,NA,NA,1962,18010205,Below Normal,Below Normal,1961-10-01T00:00:00Z,1962-10-01T00:00:00Z,-121.964,41.8944
418944N1219643W001,1791779,1962-06-27T00:00:00Z,4237.69,4236.79,0,10.6,4227.09,10.6,9.7,NA,Unknown,Water level accuracy is unknown,1,Department of Water Resources,NA,5167,United States Geological Survey,30,40,23444,47N01W27B001M,47N01W27B001M,Unknown,Unknown,1-003,Butte Valley,Siskiyou,40,Observation,Single Well,847,1951-11-26 00:00:00 - 2020-04-01 12:00:00,210,other,NA,NA,NA,NA,1962,18010205,Below Normal,Below Normal,1961-10-01T00:00:00Z,1962-10-01T00:00:00Z,-121.964,41.8944
418944N1219643W001,1791778,1962-05-25T00:00:00Z,4237.69,4236.79,0,10.4,4227.29,10.4,9.5,NA,Unknown,Water level accuracy is unknown,1,Department of Water Resources,NA,5167,United States Geological Survey,30,40,23444,47N01W27B001M,47N01W27B001M,Unknown,Unknown,1-003,Butte Valley,Siskiyou,40,Observation,Single Well,847,1951-11-26 00:00:00 - 2020-04-01 12:00:00,210,spring,NA,NA,4.8,21.32,1962,18010205,Below Normal,Below Normal,1961-10-01T00:00:00Z,1962-10-01T00:00:00Z,-121.964,41.8944
418944N1219643W001,1791777,1962-04-27T00:00:00Z,4237.69,4236.79,0,9.2,4228.49,9.2,8.3,NA,Unknown,Water level accuracy is unknown,1,Department of Water Resources,NA,5167,United States Geological Survey,30,40,23444,47N01W27B001M,47N01W27B001M,Unknown,Unknown,1-003,Butte Valley,Siskiyou,40,Observation,Single Well,847,1951-11-26 00:00:00 - 2020-04-01 12:00:00,210,spring,NA,NA,4.8,21.32,1962,18010205,Below Normal,Below Normal,1961-10-01T00:00:00Z,1962-10-01T00:00:00Z,-121.964,41.8944
418944N1219643W001,1791776,1962-03-28T00:00:00Z,4237.69,4236.79,0,9.7,4227.99,9.7,8.8,NA,Unknown,Water level accuracy is unknown,1,Department of Water Resources,NA,5167,United States Geological Survey,30,40,23444,47N01W27B001M,47N01W27B001M,Unknown,Unknown,1-003,Butte Valley,Siskiyou,40,Observation,Single Well,847,1951-11-26 00:00:00 - 2020-04-01 12:00:00,210,spring,NA,NA,4.8,21.32,1962,18010205,Below Normal,Below Normal,1961-10-01T00:00:00Z,1962-10-01T00:00:00Z,-121.964,41.8944
418944N1219643W001,1791775,1962-02-28T00:00:00Z,4237.69,4236.79,0,9.5,4228.19,9.5,8.6,NA,Unknown,Water level accuracy is unknown,1,Department of Water Resources,NA,5167,United States Geological Survey,30,40,23444,47N01W27B001M,47N01W27B001M,Unknown,Unknown,1-003,Butte Valley,Siskiyou,40,Observation,Single Well,847,1951-11-26 00:00:00 - 2020-04-01 12:00:00,210,other,NA,NA,NA,NA,1962,18010205,Below Normal,Below Normal,1961-10-01T00:00:00Z,1962-10-01T00:00:00Z,-121.964,41.8944
418944N1219643W001,1791774,1962-01-25T00:00:00Z,4237.69,4236.79,0,11.9,4225.79,11.9,11,NA,Unknown,Water level accuracy is unknown,1,Department of Water Resources,NA,5167,United States Geological Survey,30,40,23444,47N01W27B001M,47N01W27B001M,Unknown,Unknown,1-003,Butte Valley,Siskiyou,40,Observation,Single Well,847,1951-11-26 00:00:00 - 2020-04-01 12:00:00,210,other,NA,NA,NA,NA,1962,18010205,Below Normal,Below Normal,1961-10-01T00:00:00Z,1962-10-01T00:00:00Z,-121.964,41.8944
418944N1219643W001,1791773,1961-12-28T00:00:00Z,4237.69,4236.79,0,12.3,4225.39,12.3,11.4,NA,Unknown,Water level accuracy is unknown,1,Department of Water Resources,NA,5167,United States Geological Survey,30,40,23444,47N01W27B001M,47N01W27B001M,Unknown,Unknown,1-003,Butte Valley,Siskiyou,40,Observation,Single Well,847,1951-11-26 00:00:00 - 2020-04-01 12:00:00,210,other,NA,NA,NA,NA,1962,18010205,Below Normal,Below Normal,1961-10-01T00:00:00Z,1962-10-01T00:00:00Z,-121.964,41.8944
418944N1219643W001,1791772,1961-11-29T00:00:00Z,4237.69,4236.79,NA,NA,NA,NA,NA,Special/Other,NA,NA,1,Department of Water Resources,NA,5167,United States Geological Survey,30,40,23444,47N01W27B001M,47N01W27B001M,Unknown,Unknown,1-003,Butte Valley,Siskiyou,40,Observation,Single Well,847,1951-11-26 00:00:00 - 2020-04-01 12:00:00,210,fall,7.1,20.96,NA,NA,1962,18010205,Below Normal,Below Normal,1961-10-01T00:00:00Z,1962-10-01T00:00:00Z,-121.964,41.8944
418944N1219643W001,1791771,1961-10-25T00:00:00Z,4237.69,4236.79,0,12.6,4225.09,12.6,11.7,NA,Unknown,Water level accuracy is unknown,1,Department of Water Resources,NA,5167,United States Geological Survey,30,40,23444,47N01W27B001M,47N01W27B001M,Unknown,Unknown,1-003,Butte Valley,Siskiyou,40,Observation,Single Well,847,1951-11-26 00:00:00 - 2020-04-01 12:00:00,210,fall,7.1,20.96,NA,NA,1962,18010205,Below Normal,Below Normal,1961-10-01T00:00:00Z,1962-10-01T00:00:00Z,-121.964,41.8944
418944N1219643W001,1791770,1961-09-29T00:00:00Z,4237.69,4236.79,0,12.6,4225.09,12.6,11.7,NA,Unknown,Water level accuracy is unknown,1,Department of Water Resources,NA,5167,United States Geological Survey,30,40,23444,47N01W27B001M,47N01W27B001M,Unknown,Unknown,1-003,Butte Valley,Siskiyou,40,Observation,Single Well,847,1951-11-26 00:00:00 - 2020-04-01 12:00:00,210,fall,7.1,20.96,NA,NA,1961,18010205,Below Normal,Below Normal,1960-10-01T00:00:00Z,1961-10-01T00:00:00Z,-121.964,41.8944
418944N1219643W001,1791769,1961-09-21T00:00:00Z,4237.69,4236.79,0,12.4,4225.29,12.4,11.5,NA,Unknown,Water level accuracy is unknown,1,Department of Water Resources,NA,5167,United States Geological Survey,30,40,23444,47N01W27B001M,47N01W27B001M,Unknown,Unknown,1-003,Butte Valley,Siskiyou,40,Observation,Single Well,847,1951-11-26 00:00:00 - 2020-04-01 12:00:00,210,fall,7.1,20.96,NA,NA,1961,18010205,Below Normal,Below Normal,1960-10-01T00:00:00Z,1961-10-01T00:00:00Z,-121.964,41.8944
418944N1219643W001,1791768,1961-08-30T00:00:00Z,4237.69,4236.79,0,12.4,4225.29,12.4,11.5,NA,Unknown,Water level accuracy is unknown,1,Department of Water Resources,NA,5167,United States Geological Survey,30,40,23444,47N01W27B001M,47N01W27B001M,Unknown,Unknown,1-003,Butte Valley,Siskiyou,40,Observation,Single Well,847,1951-11-26 00:00:00 - 2020-04-01 12:00:00,210,fall,7.1,20.96,NA,NA,1961,18010205,Below Normal,Below Normal,1960-10-01T00:00:00Z,1961-10-01T00:00:00Z,-121.964,41.8944
418944N1219643W001,1791767,1961-07-28T00:00:00Z,4237.69,4236.79,0,11.6,4226.09,11.6,10.7,NA,Unknown,Water level accuracy is unknown,1,Department of Water Resources,NA,5167,United States Geological Survey,30,40,23444,47N01W27B001M,47N01W27B001M,Unknown,Unknown,1-003,Butte Valley,Siskiyou,40,Observation,Single Well,847,1951-11-26 00:00:00 - 2020-04-01 12:00:00,210,other,NA,NA,NA,NA,1961,18010205,Below Normal,Below Normal,1960-10-01T00:00:00Z,1961-10-01T00:00:00Z,-121.964,41.8944
418944N1219643W001,1791766,1961-06-28T00:00:00Z,4237.69,4236.79,0,11.5,4226.19,11.5,10.6,NA,Unknown,Water level accuracy is unknown,1,Department of Water Resources,NA,5167,United States Geological Survey,30,40,23444,47N01W27B001M,47N01W27B001M,Unknown,Unknown,1-003,Butte Valley,Siskiyou,40,Observation,Single Well,847,1951-11-26 00:00:00 - 2020-04-01 12:00:00,210,other,NA,NA,NA,NA,1961,18010205,Below Normal,Below Normal,1960-10-01T00:00:00Z,1961-10-01T00:00:00Z,-121.964,41.8944
418944N1219643W001,1791765,1961-05-17T00:00:00Z,4237.69,4236.79,0,11.6,4226.09,11.6,10.7,NA,Unknown,Water level accuracy is unknown,1,Department of Water Resources,NA,5167,United States Geological Survey,30,40,23444,47N01W27B001M,47N01W27B001M,Unknown,Unknown,1-003,Butte Valley,Siskiyou,40,Observation,Single Well,847,1951-11-26 00:00:00 - 2020-04-01 12:00:00,210,spring,NA,NA,4.8,21.32,1961,18010205,Below Normal,Below Normal,1960-10-01T00:00:00Z,1961-10-01T00:00:00Z,-121.964,41.8944
418944N1219643W001,1791764,1961-04-28T00:00:00Z,4237.69,4236.79,0,11.6,4226.09,11.6,10.7,NA,Unknown,Water level accuracy is unknown,1,Department of Water Resources,NA,5167,United States Geological Survey,30,40,23444,47N01W27B001M,47N01W27B001M,Unknown,Unknown,1-003,Butte Valley,Siskiyou,40,Observation,Single Well,847,1951-11-26 00:00:00 - 2020-04-01 12:00:00,210,spring,NA,NA,4.8,21.32,1961,18010205,Below Normal,Below Normal,1960-10-01T00:00:00Z,1961-10-01T00:00:00Z,-121.964,41.8944
418944N1219643W001,1791763,1961-03-29T00:00:00Z,4237.69,4236.79,0,11.5,4226.19,11.5,10.6,NA,Unknown,Water level accuracy is unknown,1,Department of Water Resources,NA,5167,United States Geological Survey,30,40,23444,47N01W27B001M,47N01W27B001M,Unknown,Unknown,1-003,Butte Valley,Siskiyou,40,Observation,Single Well,847,1951-11-26 00:00:00 - 2020-04-01 12:00:00,210,spring,NA,NA,4.8,21.32,1961,18010205,Below Normal,Below Normal,1960-10-01T00:00:00Z,1961-10-01T00:00:00Z,-121.964,41.8944
418944N1219643W001,1791762,1961-02-22T00:00:00Z,4237.69,4236.79,0,10.8,4226.89,10.8,9.9,NA,Unknown,Water level accuracy is unknown,1,Department of Water Resources,NA,5167,United States Geological Survey,30,40,23444,47N01W27B001M,47N01W27B001M,Unknown,Unknown,1-003,Butte Valley,Siskiyou,40,Observation,Single Well,847,1951-11-26 00:00:00 - 2020-04-01 12:00:00,210,other,NA,NA,NA,NA,1961,18010205,Below Normal,Below Normal,1960-10-01T00:00:00Z,1961-10-01T00:00:00Z,-121.964,41.8944
418944N1219643W001,1791761,1961-01-25T00:00:00Z,4237.69,4236.79,0,12,4225.69,12,11.1,NA,Unknown,Water level accuracy is unknown,1,Department of Water Resources,NA,5167,United States Geological Survey,30,40,23444,47N01W27B001M,47N01W27B001M,Unknown,Unknown,1-003,Butte Valley,Siskiyou,40,Observation,Single Well,847,1951-11-26 00:00:00 - 2020-04-01 12:00:00,210,other,NA,NA,NA,NA,1961,18010205,Below Normal,Below Normal,1960-10-01T00:00:00Z,1961-10-01T00:00:00Z,-121.964,41.8944
418944N1219643W001,1791760,1960-12-29T00:00:00Z,4237.69,4236.79,0,11.6,4226.09,11.6,10.7,NA,Unknown,Water level accuracy is unknown,1,Department of Water Resources,NA,5167,United States Geological Survey,30,40,23444,47N01W27B001M,47N01W27B001M,Unknown,Unknown,1-003,Butte Valley,Siskiyou,40,Observation,Single Well,847,1951-11-26 00:00:00 - 2020-04-01 12:00:00,210,other,NA,NA,NA,NA,1961,18010205,Below Normal,Below Normal,1960-10-01T00:00:00Z,1961-10-01T00:00:00Z,-121.964,41.8944
418944N1219643W001,1791759,1960-11-16T00:00:00Z,4237.69,4236.79,0,12.4,4225.29,12.4,11.5,NA,Unknown,Water level accuracy is unknown,1,Department of Water Resources,NA,5167,United States Geological Survey,30,40,23444,47N01W27B001M,47N01W27B001M,Unknown,Unknown,1-003,Butte Valley,Siskiyou,40,Observation,Single Well,847,1951-11-26 00:00:00 - 2020-04-01 12:00:00,210,fall,7.1,20.96,NA,NA,1961,18010205,Below Normal,Below Normal,1960-10-01T00:00:00Z,1961-10-01T00:00:00Z,-121.964,41.8944
418944N1219643W001,1791758,1960-10-26T00:00:00Z,4237.69,4236.79,0,12.3,4225.39,12.3,11.4,NA,Unknown,Water level accuracy is unknown,1,Department of Water Resources,NA,5167,United States Geological Survey,30,40,23444,47N01W27B001M,47N01W27B001M,Unknown,Unknown,1-003,Butte Valley,Siskiyou,40,Observation,Single Well,847,1951-11-26 00:00:00 - 2020-04-01 12:00:00,210,fall,7.1,20.96,NA,NA,1961,18010205,Below Normal,Below Normal,1960-10-01T00:00:00Z,1961-10-01T00:00:00Z,-121.964,41.8944
418944N1219643W001,1791757,1960-08-24T00:00:00Z,4237.69,4236.79,0,12.1,4225.59,12.1,11.2,NA,Unknown,Water level accuracy is unknown,1,Department of Water Resources,NA,5167,United States Geological Survey,30,40,23444,47N01W27B001M,47N01W27B001M,Unknown,Unknown,1-003,Butte Valley,Siskiyou,40,Observation,Single Well,847,1951-11-26 00:00:00 - 2020-04-01 12:00:00,210,fall,7.1,20.96,NA,NA,1960,18010205,Critical,Critical,1959-10-01T00:00:00Z,1960-10-01T00:00:00Z,-121.964,41.8944
418944N1219643W001,1791756,1960-07-21T00:00:00Z,4237.69,4236.79,0,11.8,4225.89,11.8,10.9,NA,Unknown,Water level accuracy is unknown,1,Department of Water Resources,NA,5167,United States Geological Survey,30,40,23444,47N01W27B001M,47N01W27B001M,Unknown,Unknown,1-003,Butte Valley,Siskiyou,40,Observation,Single Well,847,1951-11-26 00:00:00 - 2020-04-01 12:00:00,210,other,NA,NA,NA,NA,1960,18010205,Critical,Critical,1959-10-01T00:00:00Z,1960-10-01T00:00:00Z,-121.964,41.8944
418944N1219643W001,1791755,1960-06-23T00:00:00Z,4237.69,4236.79,0,11.6,4226.09,11.6,10.7,NA,Unknown,Water level accuracy is unknown,1,Department of Water Resources,NA,5167,United States Geological Survey,30,40,23444,47N01W27B001M,47N01W27B001M,Unknown,Unknown,1-003,Butte Valley,Siskiyou,40,Observation,Single Well,847,1951-11-26 00:00:00 - 2020-04-01 12:00:00,210,other,NA,NA,NA,NA,1960,18010205,Critical,Critical,1959-10-01T00:00:00Z,1960-10-01T00:00:00Z,-121.964,41.8944
418944N1219643W001,1791754,1960-05-26T00:00:00Z,4237.69,4236.79,0,11.5,4226.19,11.5,10.6,NA,Unknown,Water level accuracy is unknown,1,Department of Water Resources,NA,5167,United States Geological Survey,30,40,23444,47N01W27B001M,47N01W27B001M,Unknown,Unknown,1-003,Butte Valley,Siskiyou,40,Observation,Single Well,847,1951-11-26 00:00:00 - 2020-04-01 12:00:00,210,spring,NA,NA,4.8,21.32,1960,18010205,Critical,Critical,1959-10-01T00:00:00Z,1960-10-01T00:00:00Z,-121.964,41.8944
418944N1219643W001,1791753,1960-04-28T00:00:00Z,4237.69,4236.79,0,11.4,4226.29,11.4,10.5,NA,Unknown,Water level accuracy is unknown,1,Department of Water Resources,NA,5167,United States Geological Survey,30,40,23444,47N01W27B001M,47N01W27B001M,Unknown,Unknown,1-003,Butte Valley,Siskiyou,40,Observation,Single Well,847,1951-11-26 00:00:00 - 2020-04-01 12:00:00,210,spring,NA,NA,4.8,21.32,1960,18010205,Critical,Critical,1959-10-01T00:00:00Z,1960-10-01T00:00:00Z,-121.964,41.8944
418944N1219643W001,1791752,1960-01-28T00:00:00Z,4237.69,4236.79,NA,NA,NA,NA,NA,Special/Other,NA,NA,1,Department of Water Resources,NA,5167,United States Geological Survey,30,40,23444,47N01W27B001M,47N01W27B001M,Unknown,Unknown,1-003,Butte Valley,Siskiyou,40,Observation,Single Well,847,1951-11-26 00:00:00 - 2020-04-01 12:00:00,210,other,NA,NA,NA,NA,1960,18010205,Critical,Critical,1959-10-01T00:00:00Z,1960-10-01T00:00:00Z,-121.964,41.8944
418944N1219643W001,1791751,1959-12-17T00:00:00Z,4237.69,4236.79,0,11.6,4226.09,11.6,10.7,NA,Unknown,Water level accuracy is unknown,1,Department of Water Resources,NA,5167,United States Geological Survey,30,40,23444,47N01W27B001M,47N01W27B001M,Unknown,Unknown,1-003,Butte Valley,Siskiyou,40,Observation,Single Well,847,1951-11-26 00:00:00 - 2020-04-01 12:00:00,210,other,NA,NA,NA,NA,1960,18010205,Critical,Critical,1959-10-01T00:00:00Z,1960-10-01T00:00:00Z,-121.964,41.8944
418944N1219643W001,1791750,1959-11-19T00:00:00Z,4237.69,4236.79,0,11.6,4226.09,11.6,10.7,NA,Unknown,Water level accuracy is unknown,1,Department of Water Resources,NA,5167,United States Geological Survey,30,40,23444,47N01W27B001M,47N01W27B001M,Unknown,Unknown,1-003,Butte Valley,Siskiyou,40,Observation,Single Well,847,1951-11-26 00:00:00 - 2020-04-01 12:00:00,210,fall,7.1,20.96,NA,NA,1960,18010205,Critical,Critical,1959-10-01T00:00:00Z,1960-10-01T00:00:00Z,-121.964,41.8944
418944N1219643W001,1791749,1959-10-29T00:00:00Z,4237.69,4236.79,0,11.6,4226.09,11.6,10.7,NA,Unknown,Water level accuracy is unknown,1,Department of Water Resources,NA,5167,United States Geological Survey,30,40,23444,47N01W27B001M,47N01W27B001M,Unknown,Unknown,1-003,Butte Valley,Siskiyou,40,Observation,Single Well,847,1951-11-26 00:00:00 - 2020-04-01 12:00:00,210,fall,7.1,20.96,NA,NA,1960,18010205,Critical,Critical,1959-10-01T00:00:00Z,1960-10-01T00:00:00Z,-121.964,41.8944
418944N1219643W001,1791748,1959-09-24T00:00:00Z,4237.69,4236.79,0,11.5,4226.19,11.5,10.6,NA,Unknown,Water level accuracy is unknown,1,Department of Water Resources,NA,5167,United States Geological Survey,30,40,23444,47N01W27B001M,47N01W27B001M,Unknown,Unknown,1-003,Butte Valley,Siskiyou,40,Observation,Single Well,847,1951-11-26 00:00:00 - 2020-04-01 12:00:00,210,fall,7.1,20.96,NA,NA,1959,18010205,Above Normal,Above Normal,1958-10-01T00:00:00Z,1959-10-01T00:00:00Z,-121.964,41.8944
418944N1219643W001,1791747,1959-08-27T00:00:00Z,4237.69,4236.79,0,11.4,4226.29,11.4,10.5,NA,Unknown,Water level accuracy is unknown,1,Department of Water Resources,NA,5167,United States Geological Survey,30,40,23444,47N01W27B001M,47N01W27B001M,Unknown,Unknown,1-003,Butte Valley,Siskiyou,40,Observation,Single Well,847,1951-11-26 00:00:00 - 2020-04-01 12:00:00,210,fall,7.1,20.96,NA,NA,1959,18010205,Above Normal,Above Normal,1958-10-01T00:00:00Z,1959-10-01T00:00:00Z,-121.964,41.8944
418944N1219643W001,1791746,1959-07-22T00:00:00Z,4237.69,4236.79,0,11.1,4226.59,11.1,10.2,NA,Unknown,Water level accuracy is unknown,1,Department of Water Resources,NA,5167,United States Geological Survey,30,40,23444,47N01W27B001M,47N01W27B001M,Unknown,Unknown,1-003,Butte Valley,Siskiyou,40,Observation,Single Well,847,1951-11-26 00:00:00 - 2020-04-01 12:00:00,210,other,NA,NA,NA,NA,1959,18010205,Above Normal,Above Normal,1958-10-01T00:00:00Z,1959-10-01T00:00:00Z,-121.964,41.8944
418944N1219643W001,1791745,1959-06-25T00:00:00Z,4237.69,4236.79,0,10.8,4226.89,10.8,9.9,NA,Unknown,Water level accuracy is unknown,1,Department of Water Resources,NA,5167,United States Geological Survey,30,40,23444,47N01W27B001M,47N01W27B001M,Unknown,Unknown,1-003,Butte Valley,Siskiyou,40,Observation,Single Well,847,1951-11-26 00:00:00 - 2020-04-01 12:00:00,210,other,NA,NA,NA,NA,1959,18010205,Above Normal,Above Normal,1958-10-01T00:00:00Z,1959-10-01T00:00:00Z,-121.964,41.8944
418944N1219643W001,1791744,1959-05-21T00:00:00Z,4237.69,4236.79,0,10.7,4226.99,10.7,9.8,NA,Unknown,Water level accuracy is unknown,1,Department of Water Resources,NA,5167,United States Geological Survey,30,40,23444,47N01W27B001M,47N01W27B001M,Unknown,Unknown,1-003,Butte Valley,Siskiyou,40,Observation,Single Well,847,1951-11-26 00:00:00 - 2020-04-01 12:00:00,210,spring,NA,NA,4.8,21.32,1959,18010205,Above Normal,Above Normal,1958-10-01T00:00:00Z,1959-10-01T00:00:00Z,-121.964,41.8944
418944N1219643W001,1791743,1959-04-23T00:00:00Z,4237.69,4236.79,0,10.6,4227.09,10.6,9.7,NA,Unknown,Water level accuracy is unknown,1,Department of Water Resources,NA,5167,United States Geological Survey,30,40,23444,47N01W27B001M,47N01W27B001M,Unknown,Unknown,1-003,Butte Valley,Siskiyou,40,Observation,Single Well,847,1951-11-26 00:00:00 - 2020-04-01 12:00:00,210,spring,NA,NA,4.8,21.32,1959,18010205,Above Normal,Above Normal,1958-10-01T00:00:00Z,1959-10-01T00:00:00Z,-121.964,41.8944
418944N1219643W001,1791742,1959-03-19T00:00:00Z,4237.69,4236.79,0,10.6,4227.09,10.6,9.7,NA,Unknown,Water level accuracy is unknown,1,Department of Water Resources,NA,5167,United States Geological Survey,30,40,23444,47N01W27B001M,47N01W27B001M,Unknown,Unknown,1-003,Butte Valley,Siskiyou,40,Observation,Single Well,847,1951-11-26 00:00:00 - 2020-04-01 12:00:00,210,spring,NA,NA,4.8,21.32,1959,18010205,Above Normal,Above Normal,1958-10-01T00:00:00Z,1959-10-01T00:00:00Z,-121.964,41.8944
418944N1219643W001,1791741,1959-02-17T00:00:00Z,4237.69,4236.79,0,7.6,4230.09,7.6,6.7,NA,Unknown,Water level accuracy is unknown,1,Department of Water Resources,NA,5167,United States Geological Survey,30,40,23444,47N01W27B001M,47N01W27B001M,Unknown,Unknown,1-003,Butte Valley,Siskiyou,40,Observation,Single Well,847,1951-11-26 00:00:00 - 2020-04-01 12:00:00,210,other,NA,NA,NA,NA,1959,18010205,Above Normal,Above Normal,1958-10-01T00:00:00Z,1959-10-01T00:00:00Z,-121.964,41.8944
418944N1219643W001,1791740,1959-01-21T00:00:00Z,4237.69,4236.79,0,10.6,4227.09,10.6,9.7,NA,Unknown,Water level accuracy is unknown,1,Department of Water Resources,NA,5167,United States Geological Survey,30,40,23444,47N01W27B001M,47N01W27B001M,Unknown,Unknown,1-003,Butte Valley,Siskiyou,40,Observation,Single Well,847,1951-11-26 00:00:00 - 2020-04-01 12:00:00,210,other,NA,NA,NA,NA,1959,18010205,Above Normal,Above Normal,1958-10-01T00:00:00Z,1959-10-01T00:00:00Z,-121.964,41.8944
418944N1219643W001,1791739,1958-12-19T00:00:00Z,4237.69,4236.79,0,10.5,4227.19,10.5,9.6,NA,Unknown,Water level accuracy is unknown,1,Department of Water Resources,NA,5167,United States Geological Survey,30,40,23444,47N01W27B001M,47N01W27B001M,Unknown,Unknown,1-003,Butte Valley,Siskiyou,40,Observation,Single Well,847,1951-11-26 00:00:00 - 2020-04-01 12:00:00,210,other,NA,NA,NA,NA,1959,18010205,Above Normal,Above Normal,1958-10-01T00:00:00Z,1959-10-01T00:00:00Z,-121.964,41.8944
418944N1219643W001,1791738,1958-10-09T00:00:00Z,4237.69,4236.79,0,14.1,4223.59,14.1,13.2,NA,Unknown,Water level accuracy is unknown,1,Department of Water Resources,NA,624,Bureau of Reclamation,30,40,23444,47N01W27B001M,47N01W27B001M,Unknown,Unknown,1-003,Butte Valley,Siskiyou,40,Observation,Single Well,847,1951-11-26 00:00:00 - 2020-04-01 12:00:00,210,fall,7.1,20.96,NA,NA,1959,18010205,Above Normal,Above Normal,1958-10-01T00:00:00Z,1959-10-01T00:00:00Z,-121.964,41.8944
418944N1219643W001,1791737,1958-05-01T00:00:00Z,4237.69,4236.79,0,9,4228.69,9,8.1,NA,Unknown,Water level accuracy is unknown,1,Department of Water Resources,NA,624,Bureau of Reclamation,30,40,23444,47N01W27B001M,47N01W27B001M,Unknown,Unknown,1-003,Butte Valley,Siskiyou,40,Observation,Single Well,847,1951-11-26 00:00:00 - 2020-04-01 12:00:00,210,spring,NA,NA,4.8,21.32,1958,18010205,Wet,Wet,1957-10-01T00:00:00Z,1958-10-01T00:00:00Z,-121.964,41.8944
418944N1219643W001,1791736,1957-09-25T00:00:00Z,4237.69,4236.79,0,11.1,4226.59,11.1,10.2,NA,Unknown,Water level accuracy is unknown,1,Department of Water Resources,NA,624,Bureau of Reclamation,30,40,23444,47N01W27B001M,47N01W27B001M,Unknown,Unknown,1-003,Butte Valley,Siskiyou,40,Observation,Single Well,847,1951-11-26 00:00:00 - 2020-04-01 12:00:00,210,fall,7.1,20.96,NA,NA,1957,18010205,Wet,Wet,1956-10-01T00:00:00Z,1957-10-01T00:00:00Z,-121.964,41.8944
418944N1219643W001,1791735,1957-04-12T00:00:00Z,4237.69,4236.79,0,10.5,4227.19,10.5,9.6,NA,Unknown,Water level accuracy is unknown,1,Department of Water Resources,NA,624,Bureau of Reclamation,30,40,23444,47N01W27B001M,47N01W27B001M,Unknown,Unknown,1-003,Butte Valley,Siskiyou,40,Observation,Single Well,847,1951-11-26 00:00:00 - 2020-04-01 12:00:00,210,spring,NA,NA,4.8,21.32,1957,18010205,Wet,Wet,1956-10-01T00:00:00Z,1957-10-01T00:00:00Z,-121.964,41.8944
418944N1219643W001,1791734,1956-05-02T00:00:00Z,4237.69,4236.79,0,10.4,4227.29,10.4,9.5,NA,Unknown,Water level accuracy is unknown,1,Department of Water Resources,NA,624,Bureau of Reclamation,30,40,23444,47N01W27B001M,47N01W27B001M,Unknown,Unknown,1-003,Butte Valley,Siskiyou,40,Observation,Single Well,847,1951-11-26 00:00:00 - 2020-04-01 12:00:00,210,spring,NA,NA,4.8,21.32,1956,18010205,Wet,Wet,1955-10-01T00:00:00Z,1956-10-01T00:00:00Z,-121.964,41.8944
418944N1219643W001,1791733,1956-04-19T00:00:00Z,4237.69,4236.79,0,10.7,4226.99,10.7,9.8,NA,Unknown,Water level accuracy is unknown,1,Department of Water Resources,NA,624,Bureau of Reclamation,30,40,23444,47N01W27B001M,47N01W27B001M,Unknown,Unknown,1-003,Butte Valley,Siskiyou,40,Observation,Single Well,847,1951-11-26 00:00:00 - 2020-04-01 12:00:00,210,spring,NA,NA,4.8,21.32,1956,18010205,Wet,Wet,1955-10-01T00:00:00Z,1956-10-01T00:00:00Z,-121.964,41.8944
418944N1219643W001,1791732,1956-04-04T00:00:00Z,4237.69,4236.79,0,10.4,4227.29,10.4,9.5,NA,Unknown,Water level accuracy is unknown,1,Department of Water Resources,NA,624,Bureau of Reclamation,30,40,23444,47N01W27B001M,47N01W27B001M,Unknown,Unknown,1-003,Butte Valley,Siskiyou,40,Observation,Single Well,847,1951-11-26 00:00:00 - 2020-04-01 12:00:00,210,spring,NA,NA,4.8,21.32,1956,18010205,Wet,Wet,1955-10-01T00:00:00Z,1956-10-01T00:00:00Z,-121.964,41.8944
418944N1219643W001,1791731,1956-03-12T00:00:00Z,4237.69,4236.79,0,8.9,4228.79,8.9,8,NA,Unknown,Water level accuracy is unknown,1,Department of Water Resources,NA,624,Bureau of Reclamation,30,40,23444,47N01W27B001M,47N01W27B001M,Unknown,Unknown,1-003,Butte Valley,Siskiyou,40,Observation,Single Well,847,1951-11-26 00:00:00 - 2020-04-01 12:00:00,210,spring,NA,NA,4.8,21.32,1956,18010205,Wet,Wet,1955-10-01T00:00:00Z,1956-10-01T00:00:00Z,-121.964,41.8944
418944N1219643W001,1791730,1955-10-03T00:00:00Z,4237.69,4236.79,0,14.2,4223.49,14.2,13.3,NA,Unknown,Water level accuracy is unknown,1,Department of Water Resources,NA,624,Bureau of Reclamation,30,40,23444,47N01W27B001M,47N01W27B001M,Unknown,Unknown,1-003,Butte Valley,Siskiyou,40,Observation,Single Well,847,1951-11-26 00:00:00 - 2020-04-01 12:00:00,210,fall,7.1,20.96,NA,NA,1956,18010205,Wet,Wet,1955-10-01T00:00:00Z,1956-10-01T00:00:00Z,-121.964,41.8944
418944N1219643W001,1791729,1955-03-21T00:00:00Z,4237.69,4236.79,0,13.5,4224.19,13.5,12.6,NA,Unknown,Water level accuracy is unknown,1,Department of Water Resources,NA,624,Bureau of Reclamation,30,40,23444,47N01W27B001M,47N01W27B001M,Unknown,Unknown,1-003,Butte Valley,Siskiyou,40,Observation,Single Well,847,1951-11-26 00:00:00 - 2020-04-01 12:00:00,210,spring,NA,NA,4.8,21.32,1955,18010205,Critical,Critical,1954-10-01T00:00:00Z,1955-10-01T00:00:00Z,-121.964,41.8944
418944N1219643W001,1791728,1954-09-28T00:00:00Z,4237.69,4236.79,0,13.4,4224.29,13.4,12.5,NA,Unknown,Water level accuracy is unknown,1,Department of Water Resources,NA,624,Bureau of Reclamation,30,40,23444,47N01W27B001M,47N01W27B001M,Unknown,Unknown,1-003,Butte Valley,Siskiyou,40,Observation,Single Well,847,1951-11-26 00:00:00 - 2020-04-01 12:00:00,210,fall,7.1,20.96,NA,NA,1954,18010205,Above Normal,Above Normal,1953-10-01T00:00:00Z,1954-10-01T00:00:00Z,-121.964,41.8944
418944N1219643W001,1791727,1954-05-05T00:00:00Z,4237.69,4236.79,0,12.7,4224.99,12.7,11.8,NA,Unknown,Water level accuracy is unknown,1,Department of Water Resources,NA,5167,United States Geological Survey,30,40,23444,47N01W27B001M,47N01W27B001M,Unknown,Unknown,1-003,Butte Valley,Siskiyou,40,Observation,Single Well,847,1951-11-26 00:00:00 - 2020-04-01 12:00:00,210,spring,NA,NA,4.8,21.32,1954,18010205,Above Normal,Above Normal,1953-10-01T00:00:00Z,1954-10-01T00:00:00Z,-121.964,41.8944
418944N1219643W001,1791726,1954-04-01T00:00:00Z,4237.69,4236.79,0,12.5,4225.19,12.5,11.6,NA,Unknown,Water level accuracy is unknown,1,Department of Water Resources,NA,5167,United States Geological Survey,30,40,23444,47N01W27B001M,47N01W27B001M,Unknown,Unknown,1-003,Butte Valley,Siskiyou,40,Observation,Single Well,847,1951-11-26 00:00:00 - 2020-04-01 12:00:00,210,spring,NA,NA,4.8,21.32,1954,18010205,Above Normal,Above Normal,1953-10-01T00:00:00Z,1954-10-01T00:00:00Z,-121.964,41.8944
418944N1219643W001,1791725,1953-11-15T00:00:00Z,4237.69,4236.79,0,13.6,4224.09,13.6,12.7,NA,Unknown,Water level accuracy is unknown,1,Department of Water Resources,NA,5167,United States Geological Survey,30,40,23444,47N01W27B001M,47N01W27B001M,Unknown,Unknown,1-003,Butte Valley,Siskiyou,40,Observation,Single Well,847,1951-11-26 00:00:00 - 2020-04-01 12:00:00,210,fall,7.1,20.96,NA,NA,1954,18010205,Above Normal,Above Normal,1953-10-01T00:00:00Z,1954-10-01T00:00:00Z,-121.964,41.8944
418944N1219643W001,1791724,1953-10-26T00:00:00Z,4237.69,4236.79,0,13.6,4224.09,13.6,12.7,NA,Unknown,Water level accuracy is unknown,1,Department of Water Resources,NA,5167,United States Geological Survey,30,40,23444,47N01W27B001M,47N01W27B001M,Unknown,Unknown,1-003,Butte Valley,Siskiyou,40,Observation,Single Well,847,1951-11-26 00:00:00 - 2020-04-01 12:00:00,210,fall,7.1,20.96,NA,NA,1954,18010205,Above Normal,Above Normal,1953-10-01T00:00:00Z,1954-10-01T00:00:00Z,-121.964,41.8944
418944N1219643W001,1791723,1953-04-03T00:00:00Z,4237.69,4236.79,0,12.3,4225.39,12.3,11.4,NA,Unknown,Water level accuracy is unknown,1,Department of Water Resources,NA,624,Bureau of Reclamation,30,40,23444,47N01W27B001M,47N01W27B001M,Unknown,Unknown,1-003,Butte Valley,Siskiyou,40,Observation,Single Well,847,1951-11-26 00:00:00 - 2020-04-01 12:00:00,210,spring,NA,NA,4.8,21.32,1953,18010205,Wet,Wet,1952-10-01T00:00:00Z,1953-10-01T00:00:00Z,-121.964,41.8944
418944N1219643W001,1791722,1953-03-03T00:00:00Z,4237.69,4236.79,0,12,4225.69,12,11.1,NA,Unknown,Water level accuracy is unknown,1,Department of Water Resources,NA,624,Bureau of Reclamation,30,40,23444,47N01W27B001M,47N01W27B001M,Unknown,Unknown,1-003,Butte Valley,Siskiyou,40,Observation,Single Well,847,1951-11-26 00:00:00 - 2020-04-01 12:00:00,210,spring,NA,NA,4.8,21.32,1953,18010205,Wet,Wet,1952-10-01T00:00:00Z,1953-10-01T00:00:00Z,-121.964,41.8944
418944N1219643W001,1791721,1953-02-09T00:00:00Z,4237.69,4236.79,0,11.5,4226.19,11.5,10.6,NA,Unknown,Water level accuracy is unknown,1,Department of Water Resources,NA,624,Bureau of Reclamation,30,40,23444,47N01W27B001M,47N01W27B001M,Unknown,Unknown,1-003,Butte Valley,Siskiyou,40,Observation,Single Well,847,1951-11-26 00:00:00 - 2020-04-01 12:00:00,210,other,NA,NA,NA,NA,1953,18010205,Wet,Wet,1952-10-01T00:00:00Z,1953-10-01T00:00:00Z,-121.964,41.8944
418944N1219643W001,1791720,1953-01-06T00:00:00Z,4237.69,4236.79,0,13.6,4224.09,13.6,12.7,NA,Unknown,Water level accuracy is unknown,1,Department of Water Resources,NA,624,Bureau of Reclamation,30,40,23444,47N01W27B001M,47N01W27B001M,Unknown,Unknown,1-003,Butte Valley,Siskiyou,40,Observation,Single Well,847,1951-11-26 00:00:00 - 2020-04-01 12:00:00,210,other,NA,NA,NA,NA,1953,18010205,Wet,Wet,1952-10-01T00:00:00Z,1953-10-01T00:00:00Z,-121.964,41.8944
418944N1219643W001,1791719,1952-12-15T00:00:00Z,4237.69,4236.79,0,13.6,4224.09,13.6,12.7,NA,Unknown,Water level accuracy is unknown,1,Department of Water Resources,NA,624,Bureau of Reclamation,30,40,23444,47N01W27B001M,47N01W27B001M,Unknown,Unknown,1-003,Butte Valley,Siskiyou,40,Observation,Single Well,847,1951-11-26 00:00:00 - 2020-04-01 12:00:00,210,other,NA,NA,NA,NA,1953,18010205,Wet,Wet,1952-10-01T00:00:00Z,1953-10-01T00:00:00Z,-121.964,41.8944
418944N1219643W001,1791718,1952-11-12T00:00:00Z,4237.69,4236.79,0,13.6,4224.09,13.6,12.7,NA,Unknown,Water level accuracy is unknown,1,Department of Water Resources,NA,624,Bureau of Reclamation,30,40,23444,47N01W27B001M,47N01W27B001M,Unknown,Unknown,1-003,Butte Valley,Siskiyou,40,Observation,Single Well,847,1951-11-26 00:00:00 - 2020-04-01 12:00:00,210,fall,7.1,20.96,NA,NA,1953,18010205,Wet,Wet,1952-10-01T00:00:00Z,1953-10-01T00:00:00Z,-121.964,41.8944
418944N1219643W001,1791717,1952-09-25T00:00:00Z,4237.69,4236.79,0,13.5,4224.19,13.5,12.6,NA,Unknown,Water level accuracy is unknown,1,Department of Water Resources,NA,624,Bureau of Reclamation,30,40,23444,47N01W27B001M,47N01W27B001M,Unknown,Unknown,1-003,Butte Valley,Siskiyou,40,Observation,Single Well,847,1951-11-26 00:00:00 - 2020-04-01 12:00:00,210,fall,7.1,20.96,NA,NA,1952,18010205,Wet,Wet,1951-10-01T00:00:00Z,1952-10-01T00:00:00Z,-121.964,41.8944
418944N1219643W001,1791716,1952-08-26T00:00:00Z,4237.69,4236.79,0,13.3,4224.39,13.3,12.4,NA,Unknown,Water level accuracy is unknown,1,Department of Water Resources,NA,624,Bureau of Reclamation,30,40,23444,47N01W27B001M,47N01W27B001M,Unknown,Unknown,1-003,Butte Valley,Siskiyou,40,Observation,Single Well,847,1951-11-26 00:00:00 - 2020-04-01 12:00:00,210,fall,7.1,20.96,NA,NA,1952,18010205,Wet,Wet,1951-10-01T00:00:00Z,1952-10-01T00:00:00Z,-121.964,41.8944
418944N1219643W001,1791715,1952-07-29T00:00:00Z,4237.69,4236.79,0,13.1,4224.59,13.1,12.2,NA,Unknown,Water level accuracy is unknown,1,Department of Water Resources,NA,624,Bureau of Reclamation,30,40,23444,47N01W27B001M,47N01W27B001M,Unknown,Unknown,1-003,Butte Valley,Siskiyou,40,Observation,Single Well,847,1951-11-26 00:00:00 - 2020-04-01 12:00:00,210,other,NA,NA,NA,NA,1952,18010205,Wet,Wet,1951-10-01T00:00:00Z,1952-10-01T00:00:00Z,-121.964,41.8944
418944N1219643W001,1791714,1952-07-10T00:00:00Z,4237.69,4236.79,0,12.9,4224.79,12.9,12,NA,Unknown,Water level accuracy is unknown,1,Department of Water Resources,NA,624,Bureau of Reclamation,30,40,23444,47N01W27B001M,47N01W27B001M,Unknown,Unknown,1-003,Butte Valley,Siskiyou,40,Observation,Single Well,847,1951-11-26 00:00:00 - 2020-04-01 12:00:00,210,other,NA,NA,NA,NA,1952,18010205,Wet,Wet,1951-10-01T00:00:00Z,1952-10-01T00:00:00Z,-121.964,41.8944
418944N1219643W001,1791713,1952-05-28T00:00:00Z,4237.69,4236.79,0,12.7,4224.99,12.7,11.8,NA,Unknown,Water level accuracy is unknown,1,Department of Water Resources,NA,624,Bureau of Reclamation,30,40,23444,47N01W27B001M,47N01W27B001M,Unknown,Unknown,1-003,Butte Valley,Siskiyou,40,Observation,Single Well,847,1951-11-26 00:00:00 - 2020-04-01 12:00:00,210,spring,NA,NA,4.8,21.32,1952,18010205,Wet,Wet,1951-10-01T00:00:00Z,1952-10-01T00:00:00Z,-121.964,41.8944
418944N1219643W001,1791712,1952-05-07T00:00:00Z,4237.69,4236.79,0,12.6,4225.09,12.6,11.7,NA,Unknown,Water level accuracy is unknown,1,Department of Water Resources,NA,624,Bureau of Reclamation,30,40,23444,47N01W27B001M,47N01W27B001M,Unknown,Unknown,1-003,Butte Valley,Siskiyou,40,Observation,Single Well,847,1951-11-26 00:00:00 - 2020-04-01 12:00:00,210,spring,NA,NA,4.8,21.32,1952,18010205,Wet,Wet,1951-10-01T00:00:00Z,1952-10-01T00:00:00Z,-121.964,41.8944
418944N1219643W001,1791711,1952-04-01T00:00:00Z,4237.69,4236.79,0,12.2,4225.49,12.2,11.3,NA,Unknown,Water level accuracy is unknown,1,Department of Water Resources,NA,624,Bureau of Reclamation,30,40,23444,47N01W27B001M,47N01W27B001M,Unknown,Unknown,1-003,Butte Valley,Siskiyou,40,Observation,Single Well,847,1951-11-26 00:00:00 - 2020-04-01 12:00:00,210,spring,NA,NA,4.8,21.32,1952,18010205,Wet,Wet,1951-10-01T00:00:00Z,1952-10-01T00:00:00Z,-121.964,41.8944
418944N1219643W001,1791710,1952-03-07T00:00:00Z,4237.69,4236.79,0,11.4,4226.29,11.4,10.5,NA,Unknown,Water level accuracy is unknown,1,Department of Water Resources,NA,624,Bureau of Reclamation,30,40,23444,47N01W27B001M,47N01W27B001M,Unknown,Unknown,1-003,Butte Valley,Siskiyou,40,Observation,Single Well,847,1951-11-26 00:00:00 - 2020-04-01 12:00:00,210,spring,NA,NA,4.8,21.32,1952,18010205,Wet,Wet,1951-10-01T00:00:00Z,1952-10-01T00:00:00Z,-121.964,41.8944
418944N1219643W001,1791709,1952-02-05T00:00:00Z,4237.69,4236.79,0,12.7,4224.99,12.7,11.8,NA,Unknown,Water level accuracy is unknown,1,Department of Water Resources,NA,624,Bureau of Reclamation,30,40,23444,47N01W27B001M,47N01W27B001M,Unknown,Unknown,1-003,Butte Valley,Siskiyou,40,Observation,Single Well,847,1951-11-26 00:00:00 - 2020-04-01 12:00:00,210,other,NA,NA,NA,NA,1952,18010205,Wet,Wet,1951-10-01T00:00:00Z,1952-10-01T00:00:00Z,-121.964,41.8944
418944N1219643W001,1791708,1952-01-09T00:00:00Z,4237.69,4236.79,0,13.5,4224.19,13.5,12.6,NA,Unknown,Water level accuracy is unknown,1,Department of Water Resources,NA,624,Bureau of Reclamation,30,40,23444,47N01W27B001M,47N01W27B001M,Unknown,Unknown,1-003,Butte Valley,Siskiyou,40,Observation,Single Well,847,1951-11-26 00:00:00 - 2020-04-01 12:00:00,210,other,NA,NA,NA,NA,1952,18010205,Wet,Wet,1951-10-01T00:00:00Z,1952-10-01T00:00:00Z,-121.964,41.8944
418944N1219643W001,1791707,1951-11-26T00:00:00Z,4237.69,4236.79,0,15.6,4222.09,15.6,14.7,NA,Unknown,Water level accuracy is unknown,1,Department of Water Resources,NA,624,Bureau of Reclamation,30,40,23444,47N01W27B001M,47N01W27B001M,Unknown,Unknown,1-003,Butte Valley,Siskiyou,40,Observation,Single Well,847,1951-11-26 00:00:00 - 2020-04-01 12:00:00,210,fall,7.1,20.96,NA,NA,1952,18010205,Wet,Wet,1951-10-01T00:00:00Z,1952-10-01T00:00:00Z,-121.964,41.8944
