SITE_CODE,WLM_ID,MSMT_DATE,WLM_RPE,WLM_GSE,RDNG_WS,RDNG_RP,WSE,RPE_WSE,GSE_WSE,WLM_QA_DESC,WLM_DESC,WLM_ACC_DESC,WLM_ORG_ID,WLM_ORG_NAME,MSMT_CMT,COOP_AGENCY_ORG_ID,COOP_ORG_NAME,TOP_PRF,BOT_PRF,STN_ID,SWN,WELL_NAME,WLM_METHOD,WLM_ACC,BASIN_CODE,BASIN_NAME,COUNTY_NAME,WELL_DEPTH,WELL_USE,WELL_TYPE,WCR_NO,t_range,n_samples,season,fall_high,fall_low,spring_high,spring_low,water_year,Oct.Mar,Apr.Jul,WYsum,Index,water_year_type,region,water_year_start,water_year_end,X,Y
419037N1219397W001,681348,1990-10-02T00:00:00Z,4239.29,4238.79,NA,NA,NA,NA,NA,Measurement Discontinued,NA,NA,1,Department of Water Resources,NA,1,Department of Water Resources,980,1065,23442,47N01W23H001M,NA,Unknown,Unknown,1-003,Butte Valley,Siskiyou,1065,Irrigation,Unknown,107001,1977-04-06 - 1990-10-02,35,fall,10.7,22.5,NA,NA,1991,3.9,4.01,8.44,4.21,Critical,SAC,1990-10-01T00:00:00Z,1991-10-01T00:00:00Z,-121.94,41.9037
419037N1219397W001,681347,1990-03-22T00:00:00Z,4239.29,4238.79,NA,NA,NA,NA,NA,Measurement Discontinued,NA,NA,1,Department of Water Resources,NA,1,Department of Water Resources,980,1065,23442,47N01W23H001M,NA,Unknown,Unknown,1-003,Butte Valley,Siskiyou,1065,Irrigation,Unknown,107001,1977-04-06 - 1990-10-02,35,spring,NA,NA,8.7,21.1,1990,4.94,3.72,9.26,4.81,Critical,SAC,1989-10-01T00:00:00Z,1990-10-01T00:00:00Z,-121.94,41.9037
419037N1219397W001,681346,1989-10-03T00:00:00Z,4239.29,4238.79,0,23,4216.29,23,22.5,NA,Unknown,Water level accuracy is unknown,1,Department of Water Resources,NA,1,Department of Water Resources,980,1065,23442,47N01W23H001M,NA,Unknown,Unknown,1-003,Butte Valley,Siskiyou,1065,Irrigation,Unknown,107001,1977-04-06 - 1990-10-02,35,fall,10.7,22.5,NA,NA,1990,4.94,3.72,9.26,4.81,Critical,SAC,1989-10-01T00:00:00Z,1990-10-01T00:00:00Z,-121.94,41.9037
419037N1219397W001,681345,1989-03-20T00:00:00Z,4239.29,4238.79,0,21.6,4217.69,21.6,21.1,NA,Unknown,Water level accuracy is unknown,1,Department of Water Resources,NA,1,Department of Water Resources,980,1065,23442,47N01W23H001M,NA,Unknown,Unknown,1-003,Butte Valley,Siskiyou,1065,Irrigation,Unknown,107001,1977-04-06 - 1990-10-02,35,spring,NA,NA,8.7,21.1,1989,9.03,5.07,14.82,6.13,Dry,SAC,1988-10-01T00:00:00Z,1989-10-01T00:00:00Z,-121.94,41.9037
419037N1219397W001,681344,1988-10-26T00:00:00Z,4239.29,4238.79,0,20.7,4218.59,20.7,20.2,NA,Unknown,Water level accuracy is unknown,1,Department of Water Resources,NA,1,Department of Water Resources,980,1065,23442,47N01W23H001M,NA,Unknown,Unknown,1-003,Butte Valley,Siskiyou,1065,Irrigation,Unknown,107001,1977-04-06 - 1990-10-02,35,fall,10.7,22.5,NA,NA,1989,9.03,5.07,14.82,6.13,Dry,SAC,1988-10-01T00:00:00Z,1989-10-01T00:00:00Z,-121.94,41.9037
419037N1219397W001,681343,1988-03-23T00:00:00Z,4239.29,4238.79,0,14.4,4224.89,14.4,13.9,NA,Unknown,Water level accuracy is unknown,1,Department of Water Resources,NA,1,Department of Water Resources,980,1065,23442,47N01W23H001M,NA,Unknown,Unknown,1-003,Butte Valley,Siskiyou,1065,Irrigation,Unknown,107001,1977-04-06 - 1990-10-02,35,spring,NA,NA,8.7,21.1,1988,5.78,2.9,9.23,4.65,Critical,SAC,1987-10-01T00:00:00Z,1988-10-01T00:00:00Z,-121.94,41.9037
419037N1219397W001,681342,1987-10-20T00:00:00Z,4239.29,4238.79,0,18.4,4220.89,18.4,17.9,NA,Unknown,Water level accuracy is unknown,1,Department of Water Resources,NA,1,Department of Water Resources,980,1065,23442,47N01W23H001M,NA,Unknown,Unknown,1-003,Butte Valley,Siskiyou,1065,Irrigation,Unknown,107001,1977-04-06 - 1990-10-02,35,fall,10.7,22.5,NA,NA,1988,5.78,2.9,9.23,4.65,Critical,SAC,1987-10-01T00:00:00Z,1988-10-01T00:00:00Z,-121.94,41.9037
419037N1219397W001,681341,1987-04-22T00:00:00Z,4239.29,4238.79,0,14.3,4224.99,14.3,13.8,NA,Unknown,Water level accuracy is unknown,1,Department of Water Resources,NA,1,Department of Water Resources,980,1065,23442,47N01W23H001M,NA,Unknown,Unknown,1-003,Butte Valley,Siskiyou,1065,Irrigation,Unknown,107001,1977-04-06 - 1990-10-02,35,spring,NA,NA,8.7,21.1,1987,5.85,2.8,9.27,5.86,Dry,SAC,1986-10-01T00:00:00Z,1987-10-01T00:00:00Z,-121.94,41.9037
419037N1219397W001,681340,1986-04-29T00:00:00Z,4239.29,4238.79,NA,NA,NA,NA,NA,Special/Other,NA,NA,1,Department of Water Resources,NA,624,Bureau of Reclamation,980,1065,23442,47N01W23H001M,NA,Unknown,Unknown,1-003,Butte Valley,Siskiyou,1065,Irrigation,Unknown,107001,1977-04-06 - 1990-10-02,35,spring,NA,NA,8.7,21.1,1986,19.45,5.45,25.83,9.96,Wet,SAC,1985-10-01T00:00:00Z,1986-10-01T00:00:00Z,-121.94,41.9037
419037N1219397W001,681339,1985-10-16T00:00:00Z,4239.29,4238.79,0,13.8,4225.49,13.8,13.3,NA,Unknown,Water level accuracy is unknown,1,Department of Water Resources,NA,624,Bureau of Reclamation,980,1065,23442,47N01W23H001M,NA,Unknown,Unknown,1-003,Butte Valley,Siskiyou,1065,Irrigation,Unknown,107001,1977-04-06 - 1990-10-02,35,fall,10.7,22.5,NA,NA,1986,19.45,5.45,25.83,9.96,Wet,SAC,1985-10-01T00:00:00Z,1986-10-01T00:00:00Z,-121.94,41.9037
419037N1219397W001,681338,1985-04-15T00:00:00Z,4239.29,4238.79,0,10.7,4228.59,10.7,10.2,NA,Unknown,Water level accuracy is unknown,1,Department of Water Resources,NA,624,Bureau of Reclamation,980,1065,23442,47N01W23H001M,NA,Unknown,Unknown,1-003,Butte Valley,Siskiyou,1065,Irrigation,Unknown,107001,1977-04-06 - 1990-10-02,35,spring,NA,NA,8.7,21.1,1985,6.24,4,11.04,6.47,Dry,SAC,1984-10-01T00:00:00Z,1985-10-01T00:00:00Z,-121.94,41.9037
419037N1219397W001,681337,1984-10-25T00:00:00Z,4239.29,4238.79,0,11.2,4228.09,11.2,10.7,NA,Unknown,Water level accuracy is unknown,1,Department of Water Resources,NA,624,Bureau of Reclamation,980,1065,23442,47N01W23H001M,NA,Unknown,Unknown,1-003,Butte Valley,Siskiyou,1065,Irrigation,Unknown,107001,1977-04-06 - 1990-10-02,35,fall,10.7,22.5,NA,NA,1985,6.24,4,11.04,6.47,Dry,SAC,1984-10-01T00:00:00Z,1985-10-01T00:00:00Z,-121.94,41.9037
419037N1219397W001,681336,1984-04-16T00:00:00Z,4239.29,4238.79,0,9.2,4230.09,9.2,8.7,NA,Unknown,Water level accuracy is unknown,1,Department of Water Resources,NA,624,Bureau of Reclamation,980,1065,23442,47N01W23H001M,NA,Unknown,Unknown,1-003,Butte Valley,Siskiyou,1065,Irrigation,Unknown,107001,1977-04-06 - 1990-10-02,35,spring,NA,NA,8.7,21.1,1984,15.98,5.52,22.35,10,Wet,SAC,1983-10-01T00:00:00Z,1984-10-01T00:00:00Z,-121.94,41.9037
419037N1219397W001,681335,1983-10-14T00:00:00Z,4239.29,4238.79,0,11.4,4227.89,11.4,10.9,Oil or foreign substance in casing,Unknown,Water level accuracy is unknown,1,Department of Water Resources,NA,624,Bureau of Reclamation,980,1065,23442,47N01W23H001M,NA,Unknown,Unknown,1-003,Butte Valley,Siskiyou,1065,Irrigation,Unknown,107001,1977-04-06 - 1990-10-02,35,fall,10.7,22.5,NA,NA,1984,15.98,5.52,22.35,10,Wet,SAC,1983-10-01T00:00:00Z,1984-10-01T00:00:00Z,-121.94,41.9037
419037N1219397W001,681334,1983-05-11T00:00:00Z,4239.29,4238.79,0,12.5,4226.79,12.5,12,NA,Unknown,Water level accuracy is unknown,1,Department of Water Resources,NA,624,Bureau of Reclamation,980,1065,23442,47N01W23H001M,NA,Unknown,Unknown,1-003,Butte Valley,Siskiyou,1065,Irrigation,Unknown,107001,1977-04-06 - 1990-10-02,35,spring,NA,NA,8.7,21.1,1983,22.75,13.66,37.68,15.29,Wet,SAC,1982-10-01T00:00:00Z,1983-10-01T00:00:00Z,-121.94,41.9037
419037N1219397W001,681333,1982-10-25T00:00:00Z,4239.29,4238.79,0,16.1,4223.19,16.1,15.6,NA,Unknown,Water level accuracy is unknown,1,Department of Water Resources,NA,624,Bureau of Reclamation,980,1065,23442,47N01W23H001M,NA,Unknown,Unknown,1-003,Butte Valley,Siskiyou,1065,Irrigation,Unknown,107001,1977-04-06 - 1990-10-02,35,fall,10.7,22.5,NA,NA,1983,22.75,13.66,37.68,15.29,Wet,SAC,1982-10-01T00:00:00Z,1983-10-01T00:00:00Z,-121.94,41.9037
419037N1219397W001,681332,1982-04-21T00:00:00Z,4239.29,4238.79,0,19.1,4220.19,19.1,18.6,NA,Unknown,Water level accuracy is unknown,1,Department of Water Resources,NA,624,Bureau of Reclamation,980,1065,23442,47N01W23H001M,NA,Unknown,Unknown,1-003,Butte Valley,Siskiyou,1065,Irrigation,Unknown,107001,1977-04-06 - 1990-10-02,35,spring,NA,NA,8.7,21.1,1982,20.56,11.82,33.41,12.76,Wet,SAC,1981-10-01T00:00:00Z,1982-10-01T00:00:00Z,-121.94,41.9037
419037N1219397W001,681331,1981-10-15T00:00:00Z,4239.29,4238.79,0,21.8,4217.49,21.8,21.3,NA,Unknown,Water level accuracy is unknown,1,Department of Water Resources,NA,624,Bureau of Reclamation,980,1065,23442,47N01W23H001M,NA,Unknown,Unknown,1-003,Butte Valley,Siskiyou,1065,Irrigation,Unknown,107001,1977-04-06 - 1990-10-02,35,fall,10.7,22.5,NA,NA,1982,20.56,11.82,33.41,12.76,Wet,SAC,1981-10-01T00:00:00Z,1982-10-01T00:00:00Z,-121.94,41.9037
419037N1219397W001,681330,1981-04-24T00:00:00Z,4239.29,4238.79,0,19.3,4219.99,19.3,18.8,NA,Unknown,Water level accuracy is unknown,1,Department of Water Resources,NA,624,Bureau of Reclamation,980,1065,23442,47N01W23H001M,NA,Unknown,Unknown,1-003,Butte Valley,Siskiyou,1065,Irrigation,Unknown,107001,1977-04-06 - 1990-10-02,35,spring,NA,NA,8.7,21.1,1981,6.81,3.63,11.1,6.21,Dry,SAC,1980-10-01T00:00:00Z,1981-10-01T00:00:00Z,-121.94,41.9037
419037N1219397W001,681329,1980-10-24T00:00:00Z,4239.29,4238.79,0,18.7,4220.59,18.7,18.2,NA,Unknown,Water level accuracy is unknown,1,Department of Water Resources,NA,624,Bureau of Reclamation,980,1065,23442,47N01W23H001M,NA,Unknown,Unknown,1-003,Butte Valley,Siskiyou,1065,Irrigation,Unknown,107001,1977-04-06 - 1990-10-02,35,fall,10.7,22.5,NA,NA,1981,6.81,3.63,11.1,6.21,Dry,SAC,1980-10-01T00:00:00Z,1981-10-01T00:00:00Z,-121.94,41.9037
419037N1219397W001,681328,1980-04-18T00:00:00Z,4239.29,4238.79,0,16.7,4222.59,16.7,16.2,NA,Unknown,Water level accuracy is unknown,1,Department of Water Resources,NA,624,Bureau of Reclamation,980,1065,23442,47N01W23H001M,NA,Unknown,Unknown,1-003,Butte Valley,Siskiyou,1065,Irrigation,Unknown,107001,1977-04-06 - 1990-10-02,35,spring,NA,NA,8.7,21.1,1980,15.49,6,22.33,9.04,Above Normal,SAC,1979-10-01T00:00:00Z,1980-10-01T00:00:00Z,-121.94,41.9037
419037N1219397W001,681327,1979-10-12T00:00:00Z,4239.29,4238.79,NA,NA,NA,NA,NA,Pumping,NA,NA,1,Department of Water Resources,NA,624,Bureau of Reclamation,980,1065,23442,47N01W23H001M,NA,Unknown,Unknown,1-003,Butte Valley,Siskiyou,1065,Irrigation,Unknown,107001,1977-04-06 - 1990-10-02,35,fall,10.7,22.5,NA,NA,1980,15.49,6,22.33,9.04,Above Normal,SAC,1979-10-01T00:00:00Z,1980-10-01T00:00:00Z,-121.94,41.9037
419037N1219397W001,681326,1979-04-27T00:00:00Z,4239.29,4238.79,0,12.5,4226.79,12.5,12,NA,Unknown,Water level accuracy is unknown,1,Department of Water Resources,NA,624,Bureau of Reclamation,980,1065,23442,47N01W23H001M,NA,Unknown,Unknown,1-003,Butte Valley,Siskiyou,1065,Irrigation,Unknown,107001,1977-04-06 - 1990-10-02,35,spring,NA,NA,8.7,21.1,1979,6.06,5.64,12.41,6.67,Below Normal,SAC,1978-10-01T00:00:00Z,1979-10-01T00:00:00Z,-121.94,41.9037
419037N1219397W001,681325,1978-09-19T00:00:00Z,4239.29,4238.79,0,12.3,4226.99,12.3,11.8,NA,Unknown,Water level accuracy is unknown,1,Department of Water Resources,NA,624,Bureau of Reclamation,980,1065,23442,47N01W23H001M,NA,Unknown,Unknown,1-003,Butte Valley,Siskiyou,1065,Irrigation,Unknown,107001,1977-04-06 - 1990-10-02,35,fall,10.7,22.5,NA,NA,1978,14.9,8.12,23.92,8.65,Above Normal,SAC,1977-10-01T00:00:00Z,1978-10-01T00:00:00Z,-121.94,41.9037
419037N1219397W001,681324,1978-08-15T00:00:00Z,4239.29,4238.79,0,12.9,4226.39,12.9,12.4,NA,Unknown,Water level accuracy is unknown,1,Department of Water Resources,NA,624,Bureau of Reclamation,980,1065,23442,47N01W23H001M,NA,Unknown,Unknown,1-003,Butte Valley,Siskiyou,1065,Irrigation,Unknown,107001,1977-04-06 - 1990-10-02,35,fall,10.7,22.5,NA,NA,1978,14.9,8.12,23.92,8.65,Above Normal,SAC,1977-10-01T00:00:00Z,1978-10-01T00:00:00Z,-121.94,41.9037
419037N1219397W001,681323,1978-07-20T00:00:00Z,4239.29,4238.79,0,23,4216.29,23,22.5,Pumping,Unknown,Water level accuracy is unknown,1,Department of Water Resources,NA,624,Bureau of Reclamation,980,1065,23442,47N01W23H001M,NA,Unknown,Unknown,1-003,Butte Valley,Siskiyou,1065,Irrigation,Unknown,107001,1977-04-06 - 1990-10-02,35,other,NA,NA,NA,NA,1978,14.9,8.12,23.92,8.65,Above Normal,SAC,1977-10-01T00:00:00Z,1978-10-01T00:00:00Z,-121.94,41.9037
419037N1219397W001,681322,1978-06-16T00:00:00Z,4239.29,4238.79,NA,NA,NA,NA,NA,Pumping,NA,NA,1,Department of Water Resources,NA,624,Bureau of Reclamation,980,1065,23442,47N01W23H001M,NA,Unknown,Unknown,1-003,Butte Valley,Siskiyou,1065,Irrigation,Unknown,107001,1977-04-06 - 1990-10-02,35,other,NA,NA,NA,NA,1978,14.9,8.12,23.92,8.65,Above Normal,SAC,1977-10-01T00:00:00Z,1978-10-01T00:00:00Z,-121.94,41.9037
419037N1219397W001,681321,1978-05-12T00:00:00Z,4239.29,4238.79,0,11.4,4227.89,11.4,10.9,NA,Unknown,Water level accuracy is unknown,1,Department of Water Resources,NA,624,Bureau of Reclamation,980,1065,23442,47N01W23H001M,NA,Unknown,Unknown,1-003,Butte Valley,Siskiyou,1065,Irrigation,Unknown,107001,1977-04-06 - 1990-10-02,35,spring,NA,NA,8.7,21.1,1978,14.9,8.12,23.92,8.65,Above Normal,SAC,1977-10-01T00:00:00Z,1978-10-01T00:00:00Z,-121.94,41.9037
419037N1219397W001,681320,1978-04-13T00:00:00Z,4239.29,4238.79,0,11.7,4227.59,11.7,11.2,NA,Unknown,Water level accuracy is unknown,1,Department of Water Resources,NA,624,Bureau of Reclamation,980,1065,23442,47N01W23H001M,NA,Unknown,Unknown,1-003,Butte Valley,Siskiyou,1065,Irrigation,Unknown,107001,1977-04-06 - 1990-10-02,35,spring,NA,NA,8.7,21.1,1978,14.9,8.12,23.92,8.65,Above Normal,SAC,1977-10-01T00:00:00Z,1978-10-01T00:00:00Z,-121.94,41.9037
419037N1219397W001,681319,1977-10-14T00:00:00Z,4239.29,4238.79,0,12.2,4227.09,12.2,11.7,NA,Unknown,Water level accuracy is unknown,1,Department of Water Resources,NA,624,Bureau of Reclamation,980,1065,23442,47N01W23H001M,NA,Unknown,Unknown,1-003,Butte Valley,Siskiyou,1065,Irrigation,Unknown,107001,1977-04-06 - 1990-10-02,35,fall,10.7,22.5,NA,NA,1978,14.9,8.12,23.92,8.65,Above Normal,SAC,1977-10-01T00:00:00Z,1978-10-01T00:00:00Z,-121.94,41.9037
419037N1219397W001,681318,1977-09-15T00:00:00Z,4239.29,4238.79,0,13,4226.29,13,12.5,NA,Unknown,Water level accuracy is unknown,1,Department of Water Resources,NA,624,Bureau of Reclamation,980,1065,23442,47N01W23H001M,NA,Unknown,Unknown,1-003,Butte Valley,Siskiyou,1065,Irrigation,Unknown,107001,1977-04-06 - 1990-10-02,35,fall,10.7,22.5,NA,NA,1977,2.49,1.93,5.12,3.11,Critical,SAC,1976-10-01T00:00:00Z,1977-10-01T00:00:00Z,-121.94,41.9037
419037N1219397W001,681317,1977-08-16T00:00:00Z,4239.29,4238.79,NA,NA,NA,NA,NA,Pumping,NA,NA,1,Department of Water Resources,NA,624,Bureau of Reclamation,980,1065,23442,47N01W23H001M,NA,Unknown,Unknown,1-003,Butte Valley,Siskiyou,1065,Irrigation,Unknown,107001,1977-04-06 - 1990-10-02,35,fall,10.7,22.5,NA,NA,1977,2.49,1.93,5.12,3.11,Critical,SAC,1976-10-01T00:00:00Z,1977-10-01T00:00:00Z,-121.94,41.9037
419037N1219397W001,681316,1977-07-22T00:00:00Z,4239.29,4238.79,0,23.5,4215.79,23.5,23,NA,Unknown,Water level accuracy is unknown,1,Department of Water Resources,NA,624,Bureau of Reclamation,980,1065,23442,47N01W23H001M,NA,Unknown,Unknown,1-003,Butte Valley,Siskiyou,1065,Irrigation,Unknown,107001,1977-04-06 - 1990-10-02,35,other,NA,NA,NA,NA,1977,2.49,1.93,5.12,3.11,Critical,SAC,1976-10-01T00:00:00Z,1977-10-01T00:00:00Z,-121.94,41.9037
419037N1219397W001,681315,1977-06-13T00:00:00Z,4239.29,4238.79,0,12.6,4226.69,12.6,12.1,Pumped recently,Unknown,Water level accuracy is unknown,1,Department of Water Resources,NA,624,Bureau of Reclamation,980,1065,23442,47N01W23H001M,NA,Unknown,Unknown,1-003,Butte Valley,Siskiyou,1065,Irrigation,Unknown,107001,1977-04-06 - 1990-10-02,35,other,NA,NA,NA,NA,1977,2.49,1.93,5.12,3.11,Critical,SAC,1976-10-01T00:00:00Z,1977-10-01T00:00:00Z,-121.94,41.9037
419037N1219397W001,681314,1977-04-06T00:00:00Z,4239.29,4238.79,0,10.3,4228.99,10.3,9.8,NA,Unknown,Water level accuracy is unknown,1,Department of Water Resources,NA,624,Bureau of Reclamation,980,1065,23442,47N01W23H001M,NA,Unknown,Unknown,1-003,Butte Valley,Siskiyou,1065,Irrigation,Unknown,107001,1977-04-06 - 1990-10-02,35,spring,NA,NA,8.7,21.1,1977,2.49,1.93,5.12,3.11,Critical,SAC,1976-10-01T00:00:00Z,1977-10-01T00:00:00Z,-121.94,41.9037
