SITE_CODE,WLM_ID,MSMT_DATE,WLM_RPE,WLM_GSE,RDNG_WS,RDNG_RP,WSE,RPE_WSE,GSE_WSE,WLM_QA_DESC,WLM_DESC,WLM_ACC_DESC,WLM_ORG_ID,WLM_ORG_NAME,MSMT_CMT,COOP_AGENCY_ORG_ID,COOP_ORG_NAME,TOP_PRF,BOT_PRF,STN_ID,SWN,WELL_NAME,WLM_METHOD,WLM_ACC,BASIN_CODE,BASIN_NAME,COUNTY_NAME,WELL_DEPTH,WELL_USE,WELL_TYPE,WCR_NO,t_range,n_samples,season,fall_high,fall_low,spring_high,spring_low,water_year,Oct.Mar,Apr.Jul,WYsum,Index,water_year_type,region,water_year_start,water_year_end,X,Y
419021N1219431W001,2453077,2019-04-03T12:00:00Z,4239.59,4238.79,0,35.2,4204.39,35.2,34.4,NA,Electric sounder measurement,Water level accuracy to nearest hundredth of a foot,1,Department of Water Resources,NA,1,Department of Water Resources,NA,NA,37472,47N01W23H002M,47N01W23H002M,Unknown,Unknown,1-003,Butte Valley,Siskiyou,1031,Residential,Single Well,NONE,1978-07-20 00:00:00 - 2019-04-03 12:00:00,83,spring,NA,NA,8.6,35,2019,13.11,10.66,24.77,10.34,Wet,SAC,2018-10-01T00:00:00Z,2019-10-01T00:00:00Z,-121.943,41.9021
419021N1219431W001,2413568,2018-10-30T12:00:00Z,4239.59,4238.79,0,35.85,4203.74,35.85,35.05,NA,Electric sounder measurement,Water level accuracy to nearest hundredth of a foot,1,Department of Water Resources,NA,1,Department of Water Resources,NA,NA,37472,47N01W23H002M,47N01W23H002M,Unknown,Unknown,1-003,Butte Valley,Siskiyou,1031,Residential,Single Well,NONE,1978-07-20 00:00:00 - 2019-04-03 12:00:00,83,fall,16.2,36.3,NA,NA,2019,13.11,10.66,24.77,10.34,Wet,SAC,2018-10-01T00:00:00Z,2019-10-01T00:00:00Z,-121.943,41.9021
419021N1219431W001,2286517,2018-03-30T12:00:00Z,4239.59,4238.79,0,34.55,4205.04,34.55,33.75,NA,Electric sounder measurement,Water level accuracy to nearest hundredth of a foot,1,Department of Water Resources,NA,1,Department of Water Resources,NA,NA,37472,47N01W23H002M,47N01W23H002M,Unknown,Unknown,1-003,Butte Valley,Siskiyou,1031,Residential,Single Well,NONE,1978-07-20 00:00:00 - 2019-04-03 12:00:00,83,spring,NA,NA,8.6,35,2018,7.09,5.05,12.86,7.14,Below Normal,SAC,2017-10-01T00:00:00Z,2018-10-01T00:00:00Z,-121.943,41.9021
419021N1219431W001,2266644,2017-10-17T12:00:00Z,4239.59,4238.79,10,45,4204.59,35,34.2,NA,Steel tape measurement,Water level accuracy to nearest tenth of a foot,1,Department of Water Resources,NA,1,Department of Water Resources,NA,NA,37472,47N01W23H002M,47N01W23H002M,Unknown,Unknown,1-003,Butte Valley,Siskiyou,1031,Residential,Single Well,NONE,1978-07-20 00:00:00 - 2019-04-03 12:00:00,83,fall,16.2,36.3,NA,NA,2018,7.09,5.05,12.86,7.14,Below Normal,SAC,2017-10-01T00:00:00Z,2018-10-01T00:00:00Z,-121.943,41.9021
419021N1219431W001,2241622,2017-03-23T12:00:00Z,4239.59,4238.79,4.2,40,4203.79,35.8,35,NA,Steel tape measurement,Water level accuracy to nearest tenth of a foot,1,Department of Water Resources,NA,1,Department of Water Resources,NA,NA,37472,47N01W23H002M,47N01W23H002M,Unknown,Unknown,1-003,Butte Valley,Siskiyou,1031,Residential,Single Well,NONE,1978-07-20 00:00:00 - 2019-04-03 12:00:00,83,spring,NA,NA,8.6,35,2017,26.17,10.69,37.82,14.14,Wet,SAC,2016-10-01T00:00:00Z,2017-10-01T00:00:00Z,-121.943,41.9021
419021N1219431W001,2214913,2016-10-20T12:00:00Z,4239.59,4238.79,13.1,49,4203.69,35.9,35.1,NA,Steel tape measurement,Water level accuracy to nearest tenth of a foot,1,Department of Water Resources,NA,1,Department of Water Resources,NA,NA,37472,47N01W23H002M,47N01W23H002M,Unknown,Unknown,1-003,Butte Valley,Siskiyou,1031,Residential,Single Well,NONE,1978-07-20 00:00:00 - 2019-04-03 12:00:00,83,fall,16.2,36.3,NA,NA,2017,26.17,10.69,37.82,14.14,Wet,SAC,2016-10-01T00:00:00Z,2017-10-01T00:00:00Z,-121.943,41.9021
419021N1219431W001,2184900,2016-03-22T12:00:00Z,4239.59,4238.79,4.9,40,4204.49,35.1,34.3,NA,Steel tape measurement,Water level accuracy to nearest tenth of a foot,1,Department of Water Resources,RP is now ~.2' lower (different pump installed),1,Department of Water Resources,NA,NA,37472,47N01W23H002M,47N01W23H002M,Unknown,Unknown,1-003,Butte Valley,Siskiyou,1031,Residential,Single Well,NONE,1978-07-20 00:00:00 - 2019-04-03 12:00:00,83,spring,NA,NA,8.6,35,2016,12.24,4.6,17.48,6.71,Below Normal,SAC,2015-10-01T00:00:00Z,2016-10-01T00:00:00Z,-121.943,41.9021
419021N1219431W001,2158524,2015-10-19T00:00:00Z,4239.79,4238.79,2.7,40,4202.49,37.3,36.3,NA,Steel tape measurement,Water level accuracy to nearest tenth of a foot,1,Department of Water Resources,NA,1,Department of Water Resources,NA,NA,37472,47N01W23H002M,47N01W23H002M,Unknown,Unknown,1-003,Butte Valley,Siskiyou,1031,Residential,Single Well,NONE,1978-07-20 00:00:00 - 2019-04-03 12:00:00,83,fall,16.2,36.3,NA,NA,2016,12.24,4.6,17.48,6.71,Below Normal,SAC,2015-10-01T00:00:00Z,2016-10-01T00:00:00Z,-121.943,41.9021
419021N1219431W001,2130481,2015-03-23T00:00:00Z,4239.79,4238.79,4.3,40,4204.09,35.7,34.7,NA,Steel tape measurement,Water level accuracy to nearest tenth of a foot,1,Department of Water Resources,NA,1,Department of Water Resources,NA,NA,37472,47N01W23H002M,47N01W23H002M,Unknown,Unknown,1-003,Butte Valley,Siskiyou,1031,Residential,Single Well,NONE,1978-07-20 00:00:00 - 2019-04-03 12:00:00,83,spring,NA,NA,8.6,35,2015,6.91,1.77,9.23,4,Critical,SAC,2014-10-01T00:00:00Z,2015-10-01T00:00:00Z,-121.943,41.9021
419021N1219431W001,2029092,2014-10-20T00:00:00Z,4239.79,4238.79,13.4,50,4203.19,36.6,35.6,NA,Steel tape measurement,Water level accuracy to nearest tenth of a foot,1,Department of Water Resources,NA,1,Department of Water Resources,NA,NA,37472,47N01W23H002M,47N01W23H002M,Unknown,Unknown,1-003,Butte Valley,Siskiyou,1031,Residential,Single Well,NONE,1978-07-20 00:00:00 - 2019-04-03 12:00:00,83,fall,16.2,36.3,NA,NA,2015,6.91,1.77,9.23,4,Critical,SAC,2014-10-01T00:00:00Z,2015-10-01T00:00:00Z,-121.943,41.9021
419021N1219431W001,1885359,2014-03-24T00:00:00Z,4239.79,4238.79,2.1,37,4204.89,34.9,33.9,NA,Steel tape measurement,Water level accuracy to nearest tenth of a foot,1,Department of Water Resources,NA,1,Department of Water Resources,NA,NA,37472,47N01W23H002M,47N01W23H002M,Unknown,Unknown,1-003,Butte Valley,Siskiyou,1031,Residential,Single Well,NONE,1978-07-20 00:00:00 - 2019-04-03 12:00:00,83,spring,NA,NA,8.6,35,2014,4.29,2.59,7.46,4.07,Critical,SAC,2013-10-01T00:00:00Z,2014-10-01T00:00:00Z,-121.943,41.9021
419021N1219431W001,1797531,2013-10-21T00:00:00Z,4239.79,4238.79,13.9,49,4204.69,35.1,34.1,NA,Steel tape measurement,Water level accuracy to nearest tenth of a foot,1,Department of Water Resources,NA,1,Department of Water Resources,NA,NA,37472,47N01W23H002M,47N01W23H002M,Unknown,Unknown,1-003,Butte Valley,Siskiyou,1031,Residential,Single Well,NONE,1978-07-20 00:00:00 - 2019-04-03 12:00:00,83,fall,16.2,36.3,NA,NA,2014,4.29,2.59,7.46,4.07,Critical,SAC,2013-10-01T00:00:00Z,2014-10-01T00:00:00Z,-121.943,41.9021
419021N1219431W001,1685064,2013-03-25T00:00:00Z,4239.79,4238.79,7.6,41,4206.39,33.4,32.4,NA,Steel tape measurement,Water level accuracy to nearest tenth of a foot,1,Department of Water Resources,NA,1,Department of Water Resources,NA,NA,37472,47N01W23H002M,47N01W23H002M,Unknown,Unknown,1-003,Butte Valley,Siskiyou,1031,Residential,Single Well,NONE,1978-07-20 00:00:00 - 2019-04-03 12:00:00,83,spring,NA,NA,8.6,35,2013,8.52,3.01,12.19,5.83,Dry,SAC,2012-10-01T00:00:00Z,2013-10-01T00:00:00Z,-121.943,41.9021
419021N1219431W001,70280,2012-10-29T00:00:00Z,4239.79,4238.79,1.8,36,4205.59,34.2,33.2,NA,Steel tape measurement,Water level accuracy to nearest tenth of a foot,1,Department of Water Resources,NA,1,Department of Water Resources,NA,NA,37472,47N01W23H002M,47N01W23H002M,Unknown,Unknown,1-003,Butte Valley,Siskiyou,1031,Residential,Single Well,NONE,1978-07-20 00:00:00 - 2019-04-03 12:00:00,83,fall,16.2,36.3,NA,NA,2013,8.52,3.01,12.19,5.83,Dry,SAC,2012-10-01T00:00:00Z,2013-10-01T00:00:00Z,-121.943,41.9021
419021N1219431W001,59911,2012-04-16T00:00:00Z,4239.79,4238.79,1.6,34,4207.39,32.4,31.4,NA,Steel tape measurement,Water level accuracy to nearest tenth of a foot,1,Department of Water Resources,NA,1,Department of Water Resources,NA,NA,37472,47N01W23H002M,47N01W23H002M,Unknown,Unknown,1-003,Butte Valley,Siskiyou,1031,Residential,Single Well,NONE,1978-07-20 00:00:00 - 2019-04-03 12:00:00,83,spring,NA,NA,8.6,35,2012,5.69,5.46,11.84,6.89,Below Normal,SAC,2011-10-01T00:00:00Z,2012-10-01T00:00:00Z,-121.943,41.9021
419021N1219431W001,41188,2011-10-18T00:00:00Z,4239.79,4238.79,0,33.1,4206.69,33.1,32.1,NA,Steel tape measurement,Water level accuracy to nearest tenth of a foot,1,Department of Water Resources,NA,1,Department of Water Resources,NA,NA,37472,47N01W23H002M,47N01W23H002M,Unknown,Unknown,1-003,Butte Valley,Siskiyou,1031,Residential,Single Well,NONE,1978-07-20 00:00:00 - 2019-04-03 12:00:00,83,fall,16.2,36.3,NA,NA,2012,5.69,5.46,11.84,6.89,Below Normal,SAC,2011-10-01T00:00:00Z,2012-10-01T00:00:00Z,-121.943,41.9021
419021N1219431W001,681415,2011-10-18T00:00:00Z,4239.79,4238.79,0,33.1,4206.69,33.1,32.1,NA,Unknown,Water level accuracy is unknown,1,Department of Water Resources,NA,1,Department of Water Resources,NA,NA,37472,47N01W23H002M,47N01W23H002M,Unknown,Unknown,1-003,Butte Valley,Siskiyou,1031,Residential,Single Well,NONE,1978-07-20 00:00:00 - 2019-04-03 12:00:00,83,fall,16.2,36.3,NA,NA,2012,5.69,5.46,11.84,6.89,Below Normal,SAC,2011-10-01T00:00:00Z,2012-10-01T00:00:00Z,-121.943,41.9021
419021N1219431W001,681414,2011-04-20T00:00:00Z,4239.79,4238.79,0,32.9,4206.89,32.9,31.9,NA,Unknown,Water level accuracy is unknown,1,Department of Water Resources,NA,1,Department of Water Resources,NA,NA,37472,47N01W23H002M,47N01W23H002M,Unknown,Unknown,1-003,Butte Valley,Siskiyou,1031,Residential,Single Well,NONE,1978-07-20 00:00:00 - 2019-04-03 12:00:00,83,spring,NA,NA,8.6,35,2011,12.68,11.53,25.21,10.54,Wet,SAC,2010-10-01T00:00:00Z,2011-10-01T00:00:00Z,-121.943,41.9021
419021N1219431W001,681413,2010-10-25T00:00:00Z,4239.79,4238.79,0,33.6,4206.19,33.6,32.6,NA,Unknown,Water level accuracy is unknown,1,Department of Water Resources,NA,1,Department of Water Resources,NA,NA,37472,47N01W23H002M,47N01W23H002M,Unknown,Unknown,1-003,Butte Valley,Siskiyou,1031,Residential,Single Well,NONE,1978-07-20 00:00:00 - 2019-04-03 12:00:00,83,fall,16.2,36.3,NA,NA,2011,12.68,11.53,25.21,10.54,Wet,SAC,2010-10-01T00:00:00Z,2011-10-01T00:00:00Z,-121.943,41.9021
419021N1219431W001,681412,2010-03-30T00:00:00Z,4239.79,4238.79,0,32.7,4207.09,32.7,31.7,NA,Unknown,Water level accuracy is unknown,1,Department of Water Resources,NA,1,Department of Water Resources,NA,NA,37472,47N01W23H002M,47N01W23H002M,Unknown,Unknown,1-003,Butte Valley,Siskiyou,1031,Residential,Single Well,NONE,1978-07-20 00:00:00 - 2019-04-03 12:00:00,83,spring,NA,NA,8.6,35,2010,7.45,7.78,16.01,7.08,Below Normal,SAC,2009-10-01T00:00:00Z,2010-10-01T00:00:00Z,-121.943,41.9021
419021N1219431W001,681411,2009-10-27T00:00:00Z,4239.79,4238.79,0,33,4206.79,33,32,NA,Unknown,Water level accuracy is unknown,1,Department of Water Resources,NA,1,Department of Water Resources,NA,NA,37472,47N01W23H002M,47N01W23H002M,Unknown,Unknown,1-003,Butte Valley,Siskiyou,1031,Residential,Single Well,NONE,1978-07-20 00:00:00 - 2019-04-03 12:00:00,83,fall,16.2,36.3,NA,NA,2010,7.45,7.78,16.01,7.08,Below Normal,SAC,2009-10-01T00:00:00Z,2010-10-01T00:00:00Z,-121.943,41.9021
419021N1219431W001,681410,2009-04-08T00:00:00Z,4239.79,4238.79,0,31.3,4208.49,31.3,30.3,NA,Unknown,Water level accuracy is unknown,1,Department of Water Resources,NA,1,Department of Water Resources,NA,NA,37472,47N01W23H002M,47N01W23H002M,Unknown,Unknown,1-003,Butte Valley,Siskiyou,1031,Residential,Single Well,NONE,1978-07-20 00:00:00 - 2019-04-03 12:00:00,83,spring,NA,NA,8.6,35,2009,7.05,5.3,13.02,5.78,Dry,SAC,2008-10-01T00:00:00Z,2009-10-01T00:00:00Z,-121.943,41.9021
419021N1219431W001,681409,2008-10-30T00:00:00Z,4239.79,4238.79,0,31.6,4208.19,31.6,30.6,NA,Unknown,Water level accuracy is unknown,1,Department of Water Resources,NA,1,Department of Water Resources,NA,NA,37472,47N01W23H002M,47N01W23H002M,Unknown,Unknown,1-003,Butte Valley,Siskiyou,1031,Residential,Single Well,NONE,1978-07-20 00:00:00 - 2019-04-03 12:00:00,83,fall,16.2,36.3,NA,NA,2009,7.05,5.3,13.02,5.78,Dry,SAC,2008-10-01T00:00:00Z,2009-10-01T00:00:00Z,-121.943,41.9021
419021N1219431W001,681408,2008-04-04T00:00:00Z,4239.79,4238.79,0,30,4209.79,30,29,NA,Unknown,Water level accuracy is unknown,1,Department of Water Resources,NA,1,Department of Water Resources,NA,NA,37472,47N01W23H002M,47N01W23H002M,Unknown,Unknown,1-003,Butte Valley,Siskiyou,1031,Residential,Single Well,NONE,1978-07-20 00:00:00 - 2019-04-03 12:00:00,83,spring,NA,NA,8.6,35,2008,5.9,3.82,10.28,5.16,Critical,SAC,2007-10-01T00:00:00Z,2008-10-01T00:00:00Z,-121.943,41.9021
419021N1219431W001,681407,2007-10-25T00:00:00Z,4239.79,4238.79,0,30.2,4209.59,30.2,29.2,NA,Unknown,Water level accuracy is unknown,1,Department of Water Resources,NA,1,Department of Water Resources,NA,NA,37472,47N01W23H002M,47N01W23H002M,Unknown,Unknown,1-003,Butte Valley,Siskiyou,1031,Residential,Single Well,NONE,1978-07-20 00:00:00 - 2019-04-03 12:00:00,83,fall,16.2,36.3,NA,NA,2008,5.9,3.82,10.28,5.16,Critical,SAC,2007-10-01T00:00:00Z,2008-10-01T00:00:00Z,-121.943,41.9021
419021N1219431W001,681406,2007-03-29T00:00:00Z,4239.79,4238.79,0,28.1,4211.69,28.1,27.1,NA,Unknown,Water level accuracy is unknown,1,Department of Water Resources,NA,1,Department of Water Resources,NA,NA,37472,47N01W23H002M,47N01W23H002M,Unknown,Unknown,1-003,Butte Valley,Siskiyou,1031,Residential,Single Well,NONE,1978-07-20 00:00:00 - 2019-04-03 12:00:00,83,spring,NA,NA,8.6,35,2007,6.59,3.04,10.28,6.19,Dry,SAC,2006-10-01T00:00:00Z,2007-10-01T00:00:00Z,-121.943,41.9021
419021N1219431W001,681405,2006-10-12T00:00:00Z,4239.79,4238.79,0,28.9,4210.89,28.9,27.9,NA,Unknown,Water level accuracy is unknown,1,Department of Water Resources,NA,1,Department of Water Resources,NA,NA,37472,47N01W23H002M,47N01W23H002M,Unknown,Unknown,1-003,Butte Valley,Siskiyou,1031,Residential,Single Well,NONE,1978-07-20 00:00:00 - 2019-04-03 12:00:00,83,fall,16.2,36.3,NA,NA,2007,6.59,3.04,10.28,6.19,Dry,SAC,2006-10-01T00:00:00Z,2007-10-01T00:00:00Z,-121.943,41.9021
419021N1219431W001,681404,2006-04-18T00:00:00Z,4239.79,4238.79,0,28.8,4210.99,28.8,27.8,NA,Unknown,Water level accuracy is unknown,1,Department of Water Resources,NA,1,Department of Water Resources,NA,NA,37472,47N01W23H002M,47N01W23H002M,Unknown,Unknown,1-003,Butte Valley,Siskiyou,1031,Residential,Single Well,NONE,1978-07-20 00:00:00 - 2019-04-03 12:00:00,83,spring,NA,NA,8.6,35,2006,18.06,13.09,32.09,13.2,Wet,SAC,2005-10-01T00:00:00Z,2006-10-01T00:00:00Z,-121.943,41.9021
419021N1219431W001,681403,2005-10-10T00:00:00Z,4239.79,4238.79,0,30.2,4209.59,30.2,29.2,NA,Unknown,Water level accuracy is unknown,1,Department of Water Resources,NA,1,Department of Water Resources,NA,NA,37472,47N01W23H002M,47N01W23H002M,Unknown,Unknown,1-003,Butte Valley,Siskiyou,1031,Residential,Single Well,NONE,1978-07-20 00:00:00 - 2019-04-03 12:00:00,83,fall,16.2,36.3,NA,NA,2006,18.06,13.09,32.09,13.2,Wet,SAC,2005-10-01T00:00:00Z,2006-10-01T00:00:00Z,-121.943,41.9021
419021N1219431W001,681402,2005-04-05T00:00:00Z,4239.79,4238.79,0,30,4209.79,30,29,NA,Unknown,Water level accuracy is unknown,1,Department of Water Resources,NA,1,Department of Water Resources,NA,NA,37472,47N01W23H002M,47N01W23H002M,Unknown,Unknown,1-003,Butte Valley,Siskiyou,1031,Residential,Single Well,NONE,1978-07-20 00:00:00 - 2019-04-03 12:00:00,83,spring,NA,NA,8.6,35,2005,8.4,9.28,18.55,8.49,Above Normal,SAC,2004-10-01T00:00:00Z,2005-10-01T00:00:00Z,-121.943,41.9021
419021N1219431W001,681401,2004-11-02T00:00:00Z,4239.79,4238.79,0,29.7,4210.09,29.7,28.7,NA,Unknown,Water level accuracy is unknown,1,Department of Water Resources,NA,1,Department of Water Resources,NA,NA,37472,47N01W23H002M,47N01W23H002M,Unknown,Unknown,1-003,Butte Valley,Siskiyou,1031,Residential,Single Well,NONE,1978-07-20 00:00:00 - 2019-04-03 12:00:00,83,fall,16.2,36.3,NA,NA,2005,8.4,9.28,18.55,8.49,Above Normal,SAC,2004-10-01T00:00:00Z,2005-10-01T00:00:00Z,-121.943,41.9021
419021N1219431W001,681400,2004-03-30T00:00:00Z,4239.79,4238.79,0,28.4,4211.39,28.4,27.4,NA,Unknown,Water level accuracy is unknown,1,Department of Water Resources,NA,1,Department of Water Resources,NA,NA,37472,47N01W23H002M,47N01W23H002M,Unknown,Unknown,1-003,Butte Valley,Siskiyou,1031,Residential,Single Well,NONE,1978-07-20 00:00:00 - 2019-04-03 12:00:00,83,spring,NA,NA,8.6,35,2004,10.95,4.4,16.04,7.51,Below Normal,SAC,2003-10-01T00:00:00Z,2004-10-01T00:00:00Z,-121.943,41.9021
419021N1219431W001,681399,2003-10-20T00:00:00Z,4239.79,4238.79,0,28.9,4210.89,28.9,27.9,NA,Unknown,Water level accuracy is unknown,1,Department of Water Resources,NA,1,Department of Water Resources,NA,NA,37472,47N01W23H002M,47N01W23H002M,Unknown,Unknown,1-003,Butte Valley,Siskiyou,1031,Residential,Single Well,NONE,1978-07-20 00:00:00 - 2019-04-03 12:00:00,83,fall,16.2,36.3,NA,NA,2004,10.95,4.4,16.04,7.51,Below Normal,SAC,2003-10-01T00:00:00Z,2004-10-01T00:00:00Z,-121.943,41.9021
419021N1219431W001,681398,2003-04-01T00:00:00Z,4239.79,4238.79,0,27.9,4211.89,27.9,26.9,NA,Unknown,Water level accuracy is unknown,1,Department of Water Resources,NA,1,Department of Water Resources,NA,NA,37472,47N01W23H002M,47N01W23H002M,Unknown,Unknown,1-003,Butte Valley,Siskiyou,1031,Residential,Single Well,NONE,1978-07-20 00:00:00 - 2019-04-03 12:00:00,83,spring,NA,NA,8.6,35,2003,10.71,7.74,19.31,8.21,Above Normal,SAC,2002-10-01T00:00:00Z,2003-10-01T00:00:00Z,-121.943,41.9021
419021N1219431W001,681397,2002-10-11T00:00:00Z,4239.79,4238.79,0,27.9,4211.89,27.9,26.9,NA,Unknown,Water level accuracy is unknown,1,Department of Water Resources,NA,1,Department of Water Resources,NA,NA,37472,47N01W23H002M,47N01W23H002M,Unknown,Unknown,1-003,Butte Valley,Siskiyou,1031,Residential,Single Well,NONE,1978-07-20 00:00:00 - 2019-04-03 12:00:00,83,fall,16.2,36.3,NA,NA,2003,10.71,7.74,19.31,8.21,Above Normal,SAC,2002-10-01T00:00:00Z,2003-10-01T00:00:00Z,-121.943,41.9021
419021N1219431W001,681396,2002-03-26T00:00:00Z,4239.79,4238.79,0,25,4214.79,25,24,NA,Unknown,Water level accuracy is unknown,1,Department of Water Resources,NA,1,Department of Water Resources,NA,NA,37472,47N01W23H002M,47N01W23H002M,Unknown,Unknown,1-003,Butte Valley,Siskiyou,1031,Residential,Single Well,NONE,1978-07-20 00:00:00 - 2019-04-03 12:00:00,83,spring,NA,NA,8.6,35,2002,9.32,4.57,14.6,6.35,Dry,SAC,2001-10-01T00:00:00Z,2002-10-01T00:00:00Z,-121.943,41.9021
419021N1219431W001,681395,2001-10-23T00:00:00Z,4239.79,4238.79,0,26,4213.79,26,25,NA,Unknown,Water level accuracy is unknown,1,Department of Water Resources,NA,1,Department of Water Resources,NA,NA,37472,47N01W23H002M,47N01W23H002M,Unknown,Unknown,1-003,Butte Valley,Siskiyou,1031,Residential,Single Well,NONE,1978-07-20 00:00:00 - 2019-04-03 12:00:00,83,fall,16.2,36.3,NA,NA,2002,9.32,4.57,14.6,6.35,Dry,SAC,2001-10-01T00:00:00Z,2002-10-01T00:00:00Z,-121.943,41.9021
419021N1219431W001,681394,2001-04-03T00:00:00Z,4239.79,4238.79,0,26.5,4213.29,26.5,25.5,NA,Unknown,Water level accuracy is unknown,1,Department of Water Resources,NA,1,Department of Water Resources,NA,NA,37472,47N01W23H002M,47N01W23H002M,Unknown,Unknown,1-003,Butte Valley,Siskiyou,1031,Residential,Single Well,NONE,1978-07-20 00:00:00 - 2019-04-03 12:00:00,83,spring,NA,NA,8.6,35,2001,5.64,3.46,9.81,5.76,Dry,SAC,2000-10-01T00:00:00Z,2001-10-01T00:00:00Z,-121.943,41.9021
419021N1219431W001,681393,2000-10-10T00:00:00Z,4239.79,4238.79,0,24.1,4215.69,24.1,23.1,NA,Unknown,Water level accuracy is unknown,1,Department of Water Resources,NA,1,Department of Water Resources,NA,NA,37472,47N01W23H002M,47N01W23H002M,Unknown,Unknown,1-003,Butte Valley,Siskiyou,1031,Residential,Single Well,NONE,1978-07-20 00:00:00 - 2019-04-03 12:00:00,83,fall,16.2,36.3,NA,NA,2001,5.64,3.46,9.81,5.76,Dry,SAC,2000-10-01T00:00:00Z,2001-10-01T00:00:00Z,-121.943,41.9021
419021N1219431W001,681392,2000-03-24T00:00:00Z,4239.79,4238.79,0,23.3,4216.49,23.3,22.3,NA,Unknown,Water level accuracy is unknown,1,Department of Water Resources,NA,1,Department of Water Resources,NA,NA,37472,47N01W23H002M,47N01W23H002M,Unknown,Unknown,1-003,Butte Valley,Siskiyou,1031,Residential,Single Well,NONE,1978-07-20 00:00:00 - 2019-04-03 12:00:00,83,spring,NA,NA,8.6,35,2000,12.06,5.96,18.9,8.94,Above Normal,SAC,1999-10-01T00:00:00Z,2000-10-01T00:00:00Z,-121.943,41.9021
419021N1219431W001,681390,1999-10-26T00:00:00Z,4239.79,4238.79,0,25.3,4214.49,25.3,24.3,NA,Unknown,Water level accuracy is unknown,1,Department of Water Resources,NA,1,Department of Water Resources,NA,NA,37472,47N01W23H002M,47N01W23H002M,Unknown,Unknown,1-003,Butte Valley,Siskiyou,1031,Residential,Single Well,NONE,1978-07-20 00:00:00 - 2019-04-03 12:00:00,83,fall,16.2,36.3,NA,NA,2000,12.06,5.96,18.9,8.94,Above Normal,SAC,1999-10-01T00:00:00Z,2000-10-01T00:00:00Z,-121.943,41.9021
419021N1219431W001,681391,1999-03-16T00:00:00Z,4239.79,4238.79,0,24.8,4214.99,24.8,23.8,NA,Unknown,Water level accuracy is unknown,1,Department of Water Resources,NA,1,Department of Water Resources,NA,NA,37472,47N01W23H002M,47N01W23H002M,Unknown,Unknown,1-003,Butte Valley,Siskiyou,1031,Residential,Single Well,NONE,1978-07-20 00:00:00 - 2019-04-03 12:00:00,83,spring,NA,NA,8.6,35,1999,12.97,7.26,21.19,9.8,Wet,SAC,1998-10-01T00:00:00Z,1999-10-01T00:00:00Z,-121.943,41.9021
419021N1219431W001,681389,1998-10-28T00:00:00Z,4239.79,4238.79,0,25.4,4214.39,25.4,24.4,NA,Unknown,Water level accuracy is unknown,1,Department of Water Resources,NA,1,Department of Water Resources,NA,NA,37472,47N01W23H002M,47N01W23H002M,Unknown,Unknown,1-003,Butte Valley,Siskiyou,1031,Residential,Single Well,NONE,1978-07-20 00:00:00 - 2019-04-03 12:00:00,83,fall,16.2,36.3,NA,NA,1999,12.97,7.26,21.19,9.8,Wet,SAC,1998-10-01T00:00:00Z,1999-10-01T00:00:00Z,-121.943,41.9021
419021N1219431W001,681388,1998-03-30T00:00:00Z,4239.79,4238.79,0,25.4,4214.39,25.4,24.4,NA,Unknown,Water level accuracy is unknown,1,Department of Water Resources,NA,1,Department of Water Resources,NA,NA,37472,47N01W23H002M,47N01W23H002M,Unknown,Unknown,1-003,Butte Valley,Siskiyou,1031,Residential,Single Well,NONE,1978-07-20 00:00:00 - 2019-04-03 12:00:00,83,spring,NA,NA,8.6,35,1998,17.65,12.54,31.4,13.31,Wet,SAC,1997-10-01T00:00:00Z,1998-10-01T00:00:00Z,-121.943,41.9021
419021N1219431W001,681387,1997-10-21T00:00:00Z,4239.79,4238.79,0,26.5,4213.29,26.5,25.5,NA,Unknown,Water level accuracy is unknown,1,Department of Water Resources,NA,1,Department of Water Resources,NA,NA,37472,47N01W23H002M,47N01W23H002M,Unknown,Unknown,1-003,Butte Valley,Siskiyou,1031,Residential,Single Well,NONE,1978-07-20 00:00:00 - 2019-04-03 12:00:00,83,fall,16.2,36.3,NA,NA,1998,17.65,12.54,31.4,13.31,Wet,SAC,1997-10-01T00:00:00Z,1998-10-01T00:00:00Z,-121.943,41.9021
419021N1219431W001,681386,1997-03-11T00:00:00Z,4239.79,4238.79,0,25.2,4214.59,25.2,24.2,NA,Unknown,Water level accuracy is unknown,1,Department of Water Resources,NA,1,Department of Water Resources,NA,NA,37472,47N01W23H002M,47N01W23H002M,Unknown,Unknown,1-003,Butte Valley,Siskiyou,1031,Residential,Single Well,NONE,1978-07-20 00:00:00 - 2019-04-03 12:00:00,83,spring,NA,NA,8.6,35,1997,20.22,4.39,25.42,10.82,Wet,SAC,1996-10-01T00:00:00Z,1997-10-01T00:00:00Z,-121.943,41.9021
419021N1219431W001,681385,1996-10-22T00:00:00Z,4239.79,4238.79,0,26.8,4212.99,26.8,25.8,NA,Unknown,Water level accuracy is unknown,1,Department of Water Resources,NA,1,Department of Water Resources,NA,NA,37472,47N01W23H002M,47N01W23H002M,Unknown,Unknown,1-003,Butte Valley,Siskiyou,1031,Residential,Single Well,NONE,1978-07-20 00:00:00 - 2019-04-03 12:00:00,83,fall,16.2,36.3,NA,NA,1997,20.22,4.39,25.42,10.82,Wet,SAC,1996-10-01T00:00:00Z,1997-10-01T00:00:00Z,-121.943,41.9021
419021N1219431W001,681384,1996-03-26T00:00:00Z,4239.79,4238.79,0,26.5,4213.29,26.5,25.5,NA,Unknown,Water level accuracy is unknown,1,Department of Water Resources,NA,1,Department of Water Resources,NA,NA,37472,47N01W23H002M,47N01W23H002M,Unknown,Unknown,1-003,Butte Valley,Siskiyou,1031,Residential,Single Well,NONE,1978-07-20 00:00:00 - 2019-04-03 12:00:00,83,spring,NA,NA,8.6,35,1996,13.05,8.37,22.29,10.26,Wet,SAC,1995-10-01T00:00:00Z,1996-10-01T00:00:00Z,-121.943,41.9021
419021N1219431W001,681383,1995-10-17T00:00:00Z,4239.79,4238.79,0,29.3,4210.49,29.3,28.3,NA,Unknown,Water level accuracy is unknown,1,Department of Water Resources,NA,1,Department of Water Resources,NA,NA,37472,47N01W23H002M,47N01W23H002M,Unknown,Unknown,1-003,Butte Valley,Siskiyou,1031,Residential,Single Well,NONE,1978-07-20 00:00:00 - 2019-04-03 12:00:00,83,fall,16.2,36.3,NA,NA,1996,13.05,8.37,22.29,10.26,Wet,SAC,1995-10-01T00:00:00Z,1996-10-01T00:00:00Z,-121.943,41.9021
419021N1219431W001,681382,1995-03-27T00:00:00Z,4239.79,4238.79,0,30.8,4208.99,30.8,29.8,NA,Unknown,Water level accuracy is unknown,1,Department of Water Resources,NA,1,Department of Water Resources,NA,NA,37472,47N01W23H002M,47N01W23H002M,Unknown,Unknown,1-003,Butte Valley,Siskiyou,1031,Residential,Single Well,NONE,1978-07-20 00:00:00 - 2019-04-03 12:00:00,83,spring,NA,NA,8.6,35,1995,19.83,13.6,34.55,12.89,Wet,SAC,1994-10-01T00:00:00Z,1995-10-01T00:00:00Z,-121.943,41.9021
419021N1219431W001,681381,1994-03-29T00:00:00Z,4239.79,4238.79,0,27.5,4212.29,27.5,26.5,NA,Unknown,Water level accuracy is unknown,1,Department of Water Resources,NA,1,Department of Water Resources,NA,NA,37472,47N01W23H002M,47N01W23H002M,Unknown,Unknown,1-003,Butte Valley,Siskiyou,1031,Residential,Single Well,NONE,1978-07-20 00:00:00 - 2019-04-03 12:00:00,83,spring,NA,NA,8.6,35,1994,4.55,2.73,7.81,5.02,Critical,SAC,1993-10-01T00:00:00Z,1994-10-01T00:00:00Z,-121.943,41.9021
419021N1219431W001,681380,1993-10-14T00:00:00Z,4239.79,4238.79,0,28,4211.79,28,27,NA,Unknown,Water level accuracy is unknown,1,Department of Water Resources,NA,1,Department of Water Resources,NA,NA,37472,47N01W23H002M,47N01W23H002M,Unknown,Unknown,1-003,Butte Valley,Siskiyou,1031,Residential,Single Well,NONE,1978-07-20 00:00:00 - 2019-04-03 12:00:00,83,fall,16.2,36.3,NA,NA,1994,4.55,2.73,7.81,5.02,Critical,SAC,1993-10-01T00:00:00Z,1994-10-01T00:00:00Z,-121.943,41.9021
419021N1219431W001,681379,1993-03-17T00:00:00Z,4239.79,4238.79,0,28,4211.79,28,27,NA,Unknown,Water level accuracy is unknown,1,Department of Water Resources,NA,1,Department of Water Resources,NA,NA,37472,47N01W23H002M,47N01W23H002M,Unknown,Unknown,1-003,Butte Valley,Siskiyou,1031,Residential,Single Well,NONE,1978-07-20 00:00:00 - 2019-04-03 12:00:00,83,spring,NA,NA,8.6,35,1993,12.44,8.98,22.21,8.54,Above Normal,SAC,1992-10-01T00:00:00Z,1993-10-01T00:00:00Z,-121.943,41.9021
419021N1219431W001,681378,1992-10-20T00:00:00Z,4239.79,4238.79,0,27.8,4211.99,27.8,26.8,NA,Unknown,Water level accuracy is unknown,1,Department of Water Resources,NA,1,Department of Water Resources,NA,NA,37472,47N01W23H002M,47N01W23H002M,Unknown,Unknown,1-003,Butte Valley,Siskiyou,1031,Residential,Single Well,NONE,1978-07-20 00:00:00 - 2019-04-03 12:00:00,83,fall,16.2,36.3,NA,NA,1993,12.44,8.98,22.21,8.54,Above Normal,SAC,1992-10-01T00:00:00Z,1993-10-01T00:00:00Z,-121.943,41.9021
419021N1219431W001,681377,1992-03-02T00:00:00Z,4239.79,4238.79,0,25.7,4214.09,25.7,24.7,NA,Unknown,Water level accuracy is unknown,1,Department of Water Resources,NA,1,Department of Water Resources,NA,NA,37472,47N01W23H002M,47N01W23H002M,Unknown,Unknown,1-003,Butte Valley,Siskiyou,1031,Residential,Single Well,NONE,1978-07-20 00:00:00 - 2019-04-03 12:00:00,83,spring,NA,NA,8.6,35,1992,5.41,2.93,8.87,4.06,Critical,SAC,1991-10-01T00:00:00Z,1992-10-01T00:00:00Z,-121.943,41.9021
419021N1219431W001,681376,1991-09-30T00:00:00Z,4239.79,4238.79,0,26.2,4213.59,26.2,25.2,NA,Unknown,Water level accuracy is unknown,1,Department of Water Resources,NA,1,Department of Water Resources,NA,NA,37472,47N01W23H002M,47N01W23H002M,Unknown,Unknown,1-003,Butte Valley,Siskiyou,1031,Residential,Single Well,NONE,1978-07-20 00:00:00 - 2019-04-03 12:00:00,83,fall,16.2,36.3,NA,NA,1991,3.9,4.01,8.44,4.21,Critical,SAC,1990-10-01T00:00:00Z,1991-10-01T00:00:00Z,-121.943,41.9021
419021N1219431W001,681375,1991-03-19T00:00:00Z,4239.79,4238.79,0,24.7,4215.09,24.7,23.7,NA,Unknown,Water level accuracy is unknown,1,Department of Water Resources,NA,1,Department of Water Resources,NA,NA,37472,47N01W23H002M,47N01W23H002M,Unknown,Unknown,1-003,Butte Valley,Siskiyou,1031,Residential,Single Well,NONE,1978-07-20 00:00:00 - 2019-04-03 12:00:00,83,spring,NA,NA,8.6,35,1991,3.9,4.01,8.44,4.21,Critical,SAC,1990-10-01T00:00:00Z,1991-10-01T00:00:00Z,-121.943,41.9021
419021N1219431W001,681374,1990-10-02T00:00:00Z,4239.79,4238.79,0,24.5,4215.29,24.5,23.5,NA,Unknown,Water level accuracy is unknown,1,Department of Water Resources,NA,1,Department of Water Resources,NA,NA,37472,47N01W23H002M,47N01W23H002M,Unknown,Unknown,1-003,Butte Valley,Siskiyou,1031,Residential,Single Well,NONE,1978-07-20 00:00:00 - 2019-04-03 12:00:00,83,fall,16.2,36.3,NA,NA,1991,3.9,4.01,8.44,4.21,Critical,SAC,1990-10-01T00:00:00Z,1991-10-01T00:00:00Z,-121.943,41.9021
419021N1219431W001,681373,1990-03-20T00:00:00Z,4239.79,4238.79,0,23.2,4216.59,23.2,22.2,NA,Unknown,Water level accuracy is unknown,1,Department of Water Resources,NA,1,Department of Water Resources,NA,NA,37472,47N01W23H002M,47N01W23H002M,Unknown,Unknown,1-003,Butte Valley,Siskiyou,1031,Residential,Single Well,NONE,1978-07-20 00:00:00 - 2019-04-03 12:00:00,83,spring,NA,NA,8.6,35,1990,4.94,3.72,9.26,4.81,Critical,SAC,1989-10-01T00:00:00Z,1990-10-01T00:00:00Z,-121.943,41.9021
419021N1219431W001,681372,1989-10-03T00:00:00Z,4239.79,4238.79,0,23.2,4216.59,23.2,22.2,NA,Unknown,Water level accuracy is unknown,1,Department of Water Resources,NA,1,Department of Water Resources,NA,NA,37472,47N01W23H002M,47N01W23H002M,Unknown,Unknown,1-003,Butte Valley,Siskiyou,1031,Residential,Single Well,NONE,1978-07-20 00:00:00 - 2019-04-03 12:00:00,83,fall,16.2,36.3,NA,NA,1990,4.94,3.72,9.26,4.81,Critical,SAC,1989-10-01T00:00:00Z,1990-10-01T00:00:00Z,-121.943,41.9021
419021N1219431W001,681371,1989-03-20T00:00:00Z,4239.79,4238.79,0,21.5,4218.29,21.5,20.5,NA,Unknown,Water level accuracy is unknown,1,Department of Water Resources,NA,1,Department of Water Resources,NA,NA,37472,47N01W23H002M,47N01W23H002M,Unknown,Unknown,1-003,Butte Valley,Siskiyou,1031,Residential,Single Well,NONE,1978-07-20 00:00:00 - 2019-04-03 12:00:00,83,spring,NA,NA,8.6,35,1989,9.03,5.07,14.82,6.13,Dry,SAC,1988-10-01T00:00:00Z,1989-10-01T00:00:00Z,-121.943,41.9021
419021N1219431W001,681370,1988-10-26T00:00:00Z,4239.79,4238.79,0,21.4,4218.39,21.4,20.4,NA,Unknown,Water level accuracy is unknown,1,Department of Water Resources,NA,1,Department of Water Resources,NA,NA,37472,47N01W23H002M,47N01W23H002M,Unknown,Unknown,1-003,Butte Valley,Siskiyou,1031,Residential,Single Well,NONE,1978-07-20 00:00:00 - 2019-04-03 12:00:00,83,fall,16.2,36.3,NA,NA,1989,9.03,5.07,14.82,6.13,Dry,SAC,1988-10-01T00:00:00Z,1989-10-01T00:00:00Z,-121.943,41.9021
419021N1219431W001,681369,1988-03-23T00:00:00Z,4239.79,4238.79,0,19.8,4219.99,19.8,18.8,NA,Unknown,Water level accuracy is unknown,1,Department of Water Resources,NA,1,Department of Water Resources,NA,NA,37472,47N01W23H002M,47N01W23H002M,Unknown,Unknown,1-003,Butte Valley,Siskiyou,1031,Residential,Single Well,NONE,1978-07-20 00:00:00 - 2019-04-03 12:00:00,83,spring,NA,NA,8.6,35,1988,5.78,2.9,9.23,4.65,Critical,SAC,1987-10-01T00:00:00Z,1988-10-01T00:00:00Z,-121.943,41.9021
419021N1219431W001,681368,1987-10-20T00:00:00Z,4239.79,4238.79,0,20,4219.79,20,19,NA,Unknown,Water level accuracy is unknown,1,Department of Water Resources,NA,1,Department of Water Resources,NA,NA,37472,47N01W23H002M,47N01W23H002M,Unknown,Unknown,1-003,Butte Valley,Siskiyou,1031,Residential,Single Well,NONE,1978-07-20 00:00:00 - 2019-04-03 12:00:00,83,fall,16.2,36.3,NA,NA,1988,5.78,2.9,9.23,4.65,Critical,SAC,1987-10-01T00:00:00Z,1988-10-01T00:00:00Z,-121.943,41.9021
419021N1219431W001,681367,1987-04-22T00:00:00Z,4239.79,4238.79,0,18.5,4221.29,18.5,17.5,NA,Unknown,Water level accuracy is unknown,1,Department of Water Resources,NA,1,Department of Water Resources,NA,NA,37472,47N01W23H002M,47N01W23H002M,Unknown,Unknown,1-003,Butte Valley,Siskiyou,1031,Residential,Single Well,NONE,1978-07-20 00:00:00 - 2019-04-03 12:00:00,83,spring,NA,NA,8.6,35,1987,5.85,2.8,9.27,5.86,Dry,SAC,1986-10-01T00:00:00Z,1987-10-01T00:00:00Z,-121.943,41.9021
419021N1219431W001,681366,1986-04-29T00:00:00Z,4239.79,4238.79,NA,NA,NA,NA,NA,Special/Other,NA,NA,1,Department of Water Resources,NA,624,Bureau of Reclamation,NA,NA,37472,47N01W23H002M,47N01W23H002M,Unknown,Unknown,1-003,Butte Valley,Siskiyou,1031,Residential,Single Well,NONE,1978-07-20 00:00:00 - 2019-04-03 12:00:00,83,spring,NA,NA,8.6,35,1986,19.45,5.45,25.83,9.96,Wet,SAC,1985-10-01T00:00:00Z,1986-10-01T00:00:00Z,-121.943,41.9021
419021N1219431W001,681365,1985-10-16T00:00:00Z,4239.79,4238.79,0,19.2,4220.59,19.2,18.2,NA,Unknown,Water level accuracy is unknown,1,Department of Water Resources,NA,624,Bureau of Reclamation,NA,NA,37472,47N01W23H002M,47N01W23H002M,Unknown,Unknown,1-003,Butte Valley,Siskiyou,1031,Residential,Single Well,NONE,1978-07-20 00:00:00 - 2019-04-03 12:00:00,83,fall,16.2,36.3,NA,NA,1986,19.45,5.45,25.83,9.96,Wet,SAC,1985-10-01T00:00:00Z,1986-10-01T00:00:00Z,-121.943,41.9021
419021N1219431W001,681364,1985-04-15T00:00:00Z,4239.79,4238.79,0,17.1,4222.69,17.1,16.1,NA,Unknown,Water level accuracy is unknown,1,Department of Water Resources,NA,624,Bureau of Reclamation,NA,NA,37472,47N01W23H002M,47N01W23H002M,Unknown,Unknown,1-003,Butte Valley,Siskiyou,1031,Residential,Single Well,NONE,1978-07-20 00:00:00 - 2019-04-03 12:00:00,83,spring,NA,NA,8.6,35,1985,6.24,4,11.04,6.47,Dry,SAC,1984-10-01T00:00:00Z,1985-10-01T00:00:00Z,-121.943,41.9021
419021N1219431W001,681363,1984-10-25T00:00:00Z,4239.79,4238.79,0,19.5,4220.29,19.5,18.5,NA,Unknown,Water level accuracy is unknown,1,Department of Water Resources,NA,624,Bureau of Reclamation,NA,NA,37472,47N01W23H002M,47N01W23H002M,Unknown,Unknown,1-003,Butte Valley,Siskiyou,1031,Residential,Single Well,NONE,1978-07-20 00:00:00 - 2019-04-03 12:00:00,83,fall,16.2,36.3,NA,NA,1985,6.24,4,11.04,6.47,Dry,SAC,1984-10-01T00:00:00Z,1985-10-01T00:00:00Z,-121.943,41.9021
419021N1219431W001,681362,1984-04-16T00:00:00Z,4239.79,4238.79,0,20.2,4219.59,20.2,19.2,Pumped recently,Unknown,Water level accuracy is unknown,1,Department of Water Resources,NA,624,Bureau of Reclamation,NA,NA,37472,47N01W23H002M,47N01W23H002M,Unknown,Unknown,1-003,Butte Valley,Siskiyou,1031,Residential,Single Well,NONE,1978-07-20 00:00:00 - 2019-04-03 12:00:00,83,spring,NA,NA,8.6,35,1984,15.98,5.52,22.35,10,Wet,SAC,1983-10-01T00:00:00Z,1984-10-01T00:00:00Z,-121.943,41.9021
419021N1219431W001,681361,1983-10-14T00:00:00Z,4239.79,4238.79,0,20.5,4219.29,20.5,19.5,NA,Unknown,Water level accuracy is unknown,1,Department of Water Resources,NA,624,Bureau of Reclamation,NA,NA,37472,47N01W23H002M,47N01W23H002M,Unknown,Unknown,1-003,Butte Valley,Siskiyou,1031,Residential,Single Well,NONE,1978-07-20 00:00:00 - 2019-04-03 12:00:00,83,fall,16.2,36.3,NA,NA,1984,15.98,5.52,22.35,10,Wet,SAC,1983-10-01T00:00:00Z,1984-10-01T00:00:00Z,-121.943,41.9021
419021N1219431W001,681360,1983-05-11T00:00:00Z,4239.79,4238.79,0,32,4207.79,32,31,Pumped recently,Unknown,Water level accuracy is unknown,1,Department of Water Resources,NA,624,Bureau of Reclamation,NA,NA,37472,47N01W23H002M,47N01W23H002M,Unknown,Unknown,1-003,Butte Valley,Siskiyou,1031,Residential,Single Well,NONE,1978-07-20 00:00:00 - 2019-04-03 12:00:00,83,spring,NA,NA,8.6,35,1983,22.75,13.66,37.68,15.29,Wet,SAC,1982-10-01T00:00:00Z,1983-10-01T00:00:00Z,-121.943,41.9021
419021N1219431W001,681359,1982-10-25T00:00:00Z,4239.79,4238.79,0,22.5,4217.29,22.5,21.5,NA,Unknown,Water level accuracy is unknown,1,Department of Water Resources,NA,624,Bureau of Reclamation,NA,NA,37472,47N01W23H002M,47N01W23H002M,Unknown,Unknown,1-003,Butte Valley,Siskiyou,1031,Residential,Single Well,NONE,1978-07-20 00:00:00 - 2019-04-03 12:00:00,83,fall,16.2,36.3,NA,NA,1983,22.75,13.66,37.68,15.29,Wet,SAC,1982-10-01T00:00:00Z,1983-10-01T00:00:00Z,-121.943,41.9021
419021N1219431W001,681358,1982-04-21T00:00:00Z,4239.79,4238.79,0,21.1,4218.69,21.1,20.1,NA,Unknown,Water level accuracy is unknown,1,Department of Water Resources,NA,624,Bureau of Reclamation,NA,NA,37472,47N01W23H002M,47N01W23H002M,Unknown,Unknown,1-003,Butte Valley,Siskiyou,1031,Residential,Single Well,NONE,1978-07-20 00:00:00 - 2019-04-03 12:00:00,83,spring,NA,NA,8.6,35,1982,20.56,11.82,33.41,12.76,Wet,SAC,1981-10-01T00:00:00Z,1982-10-01T00:00:00Z,-121.943,41.9021
419021N1219431W001,681357,1981-10-15T00:00:00Z,4239.79,4238.79,0,22.9,4216.89,22.9,21.9,NA,Unknown,Water level accuracy is unknown,1,Department of Water Resources,NA,624,Bureau of Reclamation,NA,NA,37472,47N01W23H002M,47N01W23H002M,Unknown,Unknown,1-003,Butte Valley,Siskiyou,1031,Residential,Single Well,NONE,1978-07-20 00:00:00 - 2019-04-03 12:00:00,83,fall,16.2,36.3,NA,NA,1982,20.56,11.82,33.41,12.76,Wet,SAC,1981-10-01T00:00:00Z,1982-10-01T00:00:00Z,-121.943,41.9021
419021N1219431W001,681356,1981-04-24T00:00:00Z,4239.79,4238.79,0,22.3,4217.49,22.3,21.3,NA,Unknown,Water level accuracy is unknown,1,Department of Water Resources,NA,624,Bureau of Reclamation,NA,NA,37472,47N01W23H002M,47N01W23H002M,Unknown,Unknown,1-003,Butte Valley,Siskiyou,1031,Residential,Single Well,NONE,1978-07-20 00:00:00 - 2019-04-03 12:00:00,83,spring,NA,NA,8.6,35,1981,6.81,3.63,11.1,6.21,Dry,SAC,1980-10-01T00:00:00Z,1981-10-01T00:00:00Z,-121.943,41.9021
419021N1219431W001,681355,1980-10-24T00:00:00Z,4239.79,4238.79,0,21.5,4218.29,21.5,20.5,NA,Unknown,Water level accuracy is unknown,1,Department of Water Resources,NA,624,Bureau of Reclamation,NA,NA,37472,47N01W23H002M,47N01W23H002M,Unknown,Unknown,1-003,Butte Valley,Siskiyou,1031,Residential,Single Well,NONE,1978-07-20 00:00:00 - 2019-04-03 12:00:00,83,fall,16.2,36.3,NA,NA,1981,6.81,3.63,11.1,6.21,Dry,SAC,1980-10-01T00:00:00Z,1981-10-01T00:00:00Z,-121.943,41.9021
419021N1219431W001,681354,1980-04-18T00:00:00Z,4239.79,4238.79,0,18.7,4221.09,18.7,17.7,NA,Unknown,Water level accuracy is unknown,1,Department of Water Resources,NA,624,Bureau of Reclamation,NA,NA,37472,47N01W23H002M,47N01W23H002M,Unknown,Unknown,1-003,Butte Valley,Siskiyou,1031,Residential,Single Well,NONE,1978-07-20 00:00:00 - 2019-04-03 12:00:00,83,spring,NA,NA,8.6,35,1980,15.49,6,22.33,9.04,Above Normal,SAC,1979-10-01T00:00:00Z,1980-10-01T00:00:00Z,-121.943,41.9021
419021N1219431W001,681353,1979-10-12T00:00:00Z,4239.79,4238.79,0,18.8,4220.99,18.8,17.8,NA,Unknown,Water level accuracy is unknown,1,Department of Water Resources,NA,624,Bureau of Reclamation,NA,NA,37472,47N01W23H002M,47N01W23H002M,Unknown,Unknown,1-003,Butte Valley,Siskiyou,1031,Residential,Single Well,NONE,1978-07-20 00:00:00 - 2019-04-03 12:00:00,83,fall,16.2,36.3,NA,NA,1980,15.49,6,22.33,9.04,Above Normal,SAC,1979-10-01T00:00:00Z,1980-10-01T00:00:00Z,-121.943,41.9021
419021N1219431W001,681352,1979-04-27T00:00:00Z,4239.79,4238.79,0,9.6,4230.19,9.6,8.6,Casing leaking or wet,Unknown,Water level accuracy is unknown,1,Department of Water Resources,NA,624,Bureau of Reclamation,NA,NA,37472,47N01W23H002M,47N01W23H002M,Unknown,Unknown,1-003,Butte Valley,Siskiyou,1031,Residential,Single Well,NONE,1978-07-20 00:00:00 - 2019-04-03 12:00:00,83,spring,NA,NA,8.6,35,1979,6.06,5.64,12.41,6.67,Below Normal,SAC,1978-10-01T00:00:00Z,1979-10-01T00:00:00Z,-121.943,41.9021
419021N1219431W001,681351,1978-09-18T00:00:00Z,4239.79,4238.79,0,17.9,4221.89,17.9,16.9,NA,Unknown,Water level accuracy is unknown,1,Department of Water Resources,NA,624,Bureau of Reclamation,NA,NA,37472,47N01W23H002M,47N01W23H002M,Unknown,Unknown,1-003,Butte Valley,Siskiyou,1031,Residential,Single Well,NONE,1978-07-20 00:00:00 - 2019-04-03 12:00:00,83,fall,16.2,36.3,NA,NA,1978,14.9,8.12,23.92,8.65,Above Normal,SAC,1977-10-01T00:00:00Z,1978-10-01T00:00:00Z,-121.943,41.9021
419021N1219431W001,681350,1978-08-15T00:00:00Z,4239.79,4238.79,0,17.2,4222.59,17.2,16.2,NA,Unknown,Water level accuracy is unknown,1,Department of Water Resources,NA,624,Bureau of Reclamation,NA,NA,37472,47N01W23H002M,47N01W23H002M,Unknown,Unknown,1-003,Butte Valley,Siskiyou,1031,Residential,Single Well,NONE,1978-07-20 00:00:00 - 2019-04-03 12:00:00,83,fall,16.2,36.3,NA,NA,1978,14.9,8.12,23.92,8.65,Above Normal,SAC,1977-10-01T00:00:00Z,1978-10-01T00:00:00Z,-121.943,41.9021
419021N1219431W001,681349,1978-07-20T00:00:00Z,4239.79,4238.79,0,17.9,4221.89,17.9,16.9,NA,Unknown,Water level accuracy is unknown,1,Department of Water Resources,NA,624,Bureau of Reclamation,NA,NA,37472,47N01W23H002M,47N01W23H002M,Unknown,Unknown,1-003,Butte Valley,Siskiyou,1031,Residential,Single Well,NONE,1978-07-20 00:00:00 - 2019-04-03 12:00:00,83,other,NA,NA,NA,NA,1978,14.9,8.12,23.92,8.65,Above Normal,SAC,1977-10-01T00:00:00Z,1978-10-01T00:00:00Z,-121.943,41.9021
