SITE_CODE,WLM_ID,MSMT_DATE,WLM_RPE,WLM_GSE,RDNG_WS,RDNG_RP,WSE,RPE_WSE,GSE_WSE,WLM_QA_DESC,WLM_DESC,WLM_ACC_DESC,WLM_ORG_ID,WLM_ORG_NAME,MSMT_CMT,COOP_AGENCY_ORG_ID,COOP_ORG_NAME,TOP_PRF,BOT_PRF,STN_ID,SWN,WELL_NAME,WLM_METHOD,WLM_ACC,BASIN_CODE,BASIN_NAME,COUNTY_NAME,WELL_DEPTH,WELL_USE,WELL_TYPE,WCR_NO,t_range,n_samples,season,fall_high,fall_low,spring_high,spring_low,water_year,Oct.Mar,Apr.Jul,WYsum,Index,water_year_type,region,water_year_start,water_year_end,X,Y
419032N1219387W001,681450,1990-10-02T00:00:00Z,4240.79,4240.29,NA,NA,NA,NA,NA,Measurement Discontinued,NA,NA,1,Department of Water Resources,NA,1,Department of Water Resources,NA,NA,23443,47N01W23H003M,NA,Unknown,Unknown,1-003,Butte Valley,Siskiyou,NA,Unknown,Unknown,NA,1977-04-06 - 1990-10-02,35,fall,13.2,21.6,NA,NA,1991,3.9,4.01,8.44,4.21,Critical,SAC,1990-10-01T00:00:00Z,1991-10-01T00:00:00Z,-121.939,41.9032
419032N1219387W001,681449,1990-03-22T00:00:00Z,4240.79,4240.29,NA,NA,NA,NA,NA,Measurement Discontinued,NA,NA,1,Department of Water Resources,NA,1,Department of Water Resources,NA,NA,23443,47N01W23H003M,NA,Unknown,Unknown,1-003,Butte Valley,Siskiyou,NA,Unknown,Unknown,NA,1977-04-06 - 1990-10-02,35,spring,NA,NA,11.9,20.8,1990,4.94,3.72,9.26,4.81,Critical,SAC,1989-10-01T00:00:00Z,1990-10-01T00:00:00Z,-121.939,41.9032
419032N1219387W001,681448,1989-10-03T00:00:00Z,4240.79,4240.29,0,22.1,4218.69,22.1,21.6,NA,Unknown,Water level accuracy is unknown,1,Department of Water Resources,NA,1,Department of Water Resources,NA,NA,23443,47N01W23H003M,NA,Unknown,Unknown,1-003,Butte Valley,Siskiyou,NA,Unknown,Unknown,NA,1977-04-06 - 1990-10-02,35,fall,13.2,21.6,NA,NA,1990,4.94,3.72,9.26,4.81,Critical,SAC,1989-10-01T00:00:00Z,1990-10-01T00:00:00Z,-121.939,41.9032
419032N1219387W001,681447,1989-03-20T00:00:00Z,4240.79,4240.29,0,21.3,4219.49,21.3,20.8,NA,Unknown,Water level accuracy is unknown,1,Department of Water Resources,NA,1,Department of Water Resources,NA,NA,23443,47N01W23H003M,NA,Unknown,Unknown,1-003,Butte Valley,Siskiyou,NA,Unknown,Unknown,NA,1977-04-06 - 1990-10-02,35,spring,NA,NA,11.9,20.8,1989,9.03,5.07,14.82,6.13,Dry,SAC,1988-10-01T00:00:00Z,1989-10-01T00:00:00Z,-121.939,41.9032
419032N1219387W001,681446,1988-10-26T00:00:00Z,4240.79,4240.29,0,21.1,4219.69,21.1,20.6,NA,Unknown,Water level accuracy is unknown,1,Department of Water Resources,NA,1,Department of Water Resources,NA,NA,23443,47N01W23H003M,NA,Unknown,Unknown,1-003,Butte Valley,Siskiyou,NA,Unknown,Unknown,NA,1977-04-06 - 1990-10-02,35,fall,13.2,21.6,NA,NA,1989,9.03,5.07,14.82,6.13,Dry,SAC,1988-10-01T00:00:00Z,1989-10-01T00:00:00Z,-121.939,41.9032
419032N1219387W001,681445,1988-03-23T00:00:00Z,4240.79,4240.29,0,19.3,4221.49,19.3,18.8,NA,Unknown,Water level accuracy is unknown,1,Department of Water Resources,NA,1,Department of Water Resources,NA,NA,23443,47N01W23H003M,NA,Unknown,Unknown,1-003,Butte Valley,Siskiyou,NA,Unknown,Unknown,NA,1977-04-06 - 1990-10-02,35,spring,NA,NA,11.9,20.8,1988,5.78,2.9,9.23,4.65,Critical,SAC,1987-10-01T00:00:00Z,1988-10-01T00:00:00Z,-121.939,41.9032
419032N1219387W001,681444,1987-10-20T00:00:00Z,4240.79,4240.29,0,19,4221.79,19,18.5,NA,Unknown,Water level accuracy is unknown,1,Department of Water Resources,NA,1,Department of Water Resources,NA,NA,23443,47N01W23H003M,NA,Unknown,Unknown,1-003,Butte Valley,Siskiyou,NA,Unknown,Unknown,NA,1977-04-06 - 1990-10-02,35,fall,13.2,21.6,NA,NA,1988,5.78,2.9,9.23,4.65,Critical,SAC,1987-10-01T00:00:00Z,1988-10-01T00:00:00Z,-121.939,41.9032
419032N1219387W001,681443,1987-04-22T00:00:00Z,4240.79,4240.29,NA,NA,NA,NA,NA,Unable to locate well,NA,NA,1,Department of Water Resources,NA,1,Department of Water Resources,NA,NA,23443,47N01W23H003M,NA,Unknown,Unknown,1-003,Butte Valley,Siskiyou,NA,Unknown,Unknown,NA,1977-04-06 - 1990-10-02,35,spring,NA,NA,11.9,20.8,1987,5.85,2.8,9.27,5.86,Dry,SAC,1986-10-01T00:00:00Z,1987-10-01T00:00:00Z,-121.939,41.9032
419032N1219387W001,681442,1986-04-29T00:00:00Z,4240.79,4240.29,NA,NA,NA,NA,NA,Special/Other,NA,NA,1,Department of Water Resources,NA,624,Bureau of Reclamation,NA,NA,23443,47N01W23H003M,NA,Unknown,Unknown,1-003,Butte Valley,Siskiyou,NA,Unknown,Unknown,NA,1977-04-06 - 1990-10-02,35,spring,NA,NA,11.9,20.8,1986,19.45,5.45,25.83,9.96,Wet,SAC,1985-10-01T00:00:00Z,1986-10-01T00:00:00Z,-121.939,41.9032
419032N1219387W001,681441,1985-10-16T00:00:00Z,4240.79,4240.29,NA,NA,NA,NA,NA,Unable to locate well,NA,NA,1,Department of Water Resources,NA,624,Bureau of Reclamation,NA,NA,23443,47N01W23H003M,NA,Unknown,Unknown,1-003,Butte Valley,Siskiyou,NA,Unknown,Unknown,NA,1977-04-06 - 1990-10-02,35,fall,13.2,21.6,NA,NA,1986,19.45,5.45,25.83,9.96,Wet,SAC,1985-10-01T00:00:00Z,1986-10-01T00:00:00Z,-121.939,41.9032
419032N1219387W001,681440,1985-04-15T00:00:00Z,4240.79,4240.29,0,13.1,4227.69,13.1,12.6,NA,Unknown,Water level accuracy is unknown,1,Department of Water Resources,NA,624,Bureau of Reclamation,NA,NA,23443,47N01W23H003M,NA,Unknown,Unknown,1-003,Butte Valley,Siskiyou,NA,Unknown,Unknown,NA,1977-04-06 - 1990-10-02,35,spring,NA,NA,11.9,20.8,1985,6.24,4,11.04,6.47,Dry,SAC,1984-10-01T00:00:00Z,1985-10-01T00:00:00Z,-121.939,41.9032
419032N1219387W001,681439,1984-10-25T00:00:00Z,4240.79,4240.29,NA,NA,NA,NA,NA,Unable to locate well,NA,NA,1,Department of Water Resources,NA,624,Bureau of Reclamation,NA,NA,23443,47N01W23H003M,NA,Unknown,Unknown,1-003,Butte Valley,Siskiyou,NA,Unknown,Unknown,NA,1977-04-06 - 1990-10-02,35,fall,13.2,21.6,NA,NA,1985,6.24,4,11.04,6.47,Dry,SAC,1984-10-01T00:00:00Z,1985-10-01T00:00:00Z,-121.939,41.9032
419032N1219387W001,681438,1984-04-16T00:00:00Z,4240.79,4240.29,0,12.5,4228.29,12.5,12,NA,Unknown,Water level accuracy is unknown,1,Department of Water Resources,NA,624,Bureau of Reclamation,NA,NA,23443,47N01W23H003M,NA,Unknown,Unknown,1-003,Butte Valley,Siskiyou,NA,Unknown,Unknown,NA,1977-04-06 - 1990-10-02,35,spring,NA,NA,11.9,20.8,1984,15.98,5.52,22.35,10,Wet,SAC,1983-10-01T00:00:00Z,1984-10-01T00:00:00Z,-121.939,41.9032
419032N1219387W001,681437,1983-10-14T00:00:00Z,4240.79,4240.29,0,14.7,4226.09,14.7,14.2,NA,Unknown,Water level accuracy is unknown,1,Department of Water Resources,NA,624,Bureau of Reclamation,NA,NA,23443,47N01W23H003M,NA,Unknown,Unknown,1-003,Butte Valley,Siskiyou,NA,Unknown,Unknown,NA,1977-04-06 - 1990-10-02,35,fall,13.2,21.6,NA,NA,1984,15.98,5.52,22.35,10,Wet,SAC,1983-10-01T00:00:00Z,1984-10-01T00:00:00Z,-121.939,41.9032
419032N1219387W001,681436,1983-05-11T00:00:00Z,4240.79,4240.29,0,15,4225.79,15,14.5,NA,Unknown,Water level accuracy is unknown,1,Department of Water Resources,NA,624,Bureau of Reclamation,NA,NA,23443,47N01W23H003M,NA,Unknown,Unknown,1-003,Butte Valley,Siskiyou,NA,Unknown,Unknown,NA,1977-04-06 - 1990-10-02,35,spring,NA,NA,11.9,20.8,1983,22.75,13.66,37.68,15.29,Wet,SAC,1982-10-01T00:00:00Z,1983-10-01T00:00:00Z,-121.939,41.9032
419032N1219387W001,681435,1982-10-25T00:00:00Z,4240.79,4240.29,0,18.2,4222.59,18.2,17.7,NA,Unknown,Water level accuracy is unknown,1,Department of Water Resources,NA,624,Bureau of Reclamation,NA,NA,23443,47N01W23H003M,NA,Unknown,Unknown,1-003,Butte Valley,Siskiyou,NA,Unknown,Unknown,NA,1977-04-06 - 1990-10-02,35,fall,13.2,21.6,NA,NA,1983,22.75,13.66,37.68,15.29,Wet,SAC,1982-10-01T00:00:00Z,1983-10-01T00:00:00Z,-121.939,41.9032
419032N1219387W001,681434,1982-04-21T00:00:00Z,4240.79,4240.29,0,19.6,4221.19,19.6,19.1,NA,Unknown,Water level accuracy is unknown,1,Department of Water Resources,NA,624,Bureau of Reclamation,NA,NA,23443,47N01W23H003M,NA,Unknown,Unknown,1-003,Butte Valley,Siskiyou,NA,Unknown,Unknown,NA,1977-04-06 - 1990-10-02,35,spring,NA,NA,11.9,20.8,1982,20.56,11.82,33.41,12.76,Wet,SAC,1981-10-01T00:00:00Z,1982-10-01T00:00:00Z,-121.939,41.9032
419032N1219387W001,681433,1981-10-15T00:00:00Z,4240.79,4240.29,NA,NA,NA,NA,NA,Temporarily inaccessible,NA,NA,1,Department of Water Resources,NA,624,Bureau of Reclamation,NA,NA,23443,47N01W23H003M,NA,Unknown,Unknown,1-003,Butte Valley,Siskiyou,NA,Unknown,Unknown,NA,1977-04-06 - 1990-10-02,35,fall,13.2,21.6,NA,NA,1982,20.56,11.82,33.41,12.76,Wet,SAC,1981-10-01T00:00:00Z,1982-10-01T00:00:00Z,-121.939,41.9032
419032N1219387W001,681432,1981-04-24T00:00:00Z,4240.79,4240.29,0,20.5,4220.29,20.5,20,NA,Unknown,Water level accuracy is unknown,1,Department of Water Resources,NA,624,Bureau of Reclamation,NA,NA,23443,47N01W23H003M,NA,Unknown,Unknown,1-003,Butte Valley,Siskiyou,NA,Unknown,Unknown,NA,1977-04-06 - 1990-10-02,35,spring,NA,NA,11.9,20.8,1981,6.81,3.63,11.1,6.21,Dry,SAC,1980-10-01T00:00:00Z,1981-10-01T00:00:00Z,-121.939,41.9032
419032N1219387W001,681431,1980-10-24T00:00:00Z,4240.79,4240.29,NA,NA,NA,NA,NA,Temporarily inaccessible,NA,NA,1,Department of Water Resources,NA,624,Bureau of Reclamation,NA,NA,23443,47N01W23H003M,NA,Unknown,Unknown,1-003,Butte Valley,Siskiyou,NA,Unknown,Unknown,NA,1977-04-06 - 1990-10-02,35,fall,13.2,21.6,NA,NA,1981,6.81,3.63,11.1,6.21,Dry,SAC,1980-10-01T00:00:00Z,1981-10-01T00:00:00Z,-121.939,41.9032
419032N1219387W001,681430,1980-04-18T00:00:00Z,4240.79,4240.29,NA,NA,NA,NA,NA,Temporarily inaccessible,NA,NA,1,Department of Water Resources,NA,624,Bureau of Reclamation,NA,NA,23443,47N01W23H003M,NA,Unknown,Unknown,1-003,Butte Valley,Siskiyou,NA,Unknown,Unknown,NA,1977-04-06 - 1990-10-02,35,spring,NA,NA,11.9,20.8,1980,15.49,6,22.33,9.04,Above Normal,SAC,1979-10-01T00:00:00Z,1980-10-01T00:00:00Z,-121.939,41.9032
419032N1219387W001,681429,1979-10-12T00:00:00Z,4240.79,4240.29,0,21.1,4219.69,21.1,20.6,Nearby pump operating,Unknown,Water level accuracy is unknown,1,Department of Water Resources,NA,624,Bureau of Reclamation,NA,NA,23443,47N01W23H003M,NA,Unknown,Unknown,1-003,Butte Valley,Siskiyou,NA,Unknown,Unknown,NA,1977-04-06 - 1990-10-02,35,fall,13.2,21.6,NA,NA,1980,15.49,6,22.33,9.04,Above Normal,SAC,1979-10-01T00:00:00Z,1980-10-01T00:00:00Z,-121.939,41.9032
419032N1219387W001,681428,1979-04-27T00:00:00Z,4240.79,4240.29,0,16.4,4224.39,16.4,15.9,NA,Unknown,Water level accuracy is unknown,1,Department of Water Resources,NA,624,Bureau of Reclamation,NA,NA,23443,47N01W23H003M,NA,Unknown,Unknown,1-003,Butte Valley,Siskiyou,NA,Unknown,Unknown,NA,1977-04-06 - 1990-10-02,35,spring,NA,NA,11.9,20.8,1979,6.06,5.64,12.41,6.67,Below Normal,SAC,1978-10-01T00:00:00Z,1979-10-01T00:00:00Z,-121.939,41.9032
419032N1219387W001,681427,1978-09-18T00:00:00Z,4240.79,4240.29,0,13.7,4227.09,13.7,13.2,NA,Unknown,Water level accuracy is unknown,1,Department of Water Resources,NA,624,Bureau of Reclamation,NA,NA,23443,47N01W23H003M,NA,Unknown,Unknown,1-003,Butte Valley,Siskiyou,NA,Unknown,Unknown,NA,1977-04-06 - 1990-10-02,35,fall,13.2,21.6,NA,NA,1978,14.9,8.12,23.92,8.65,Above Normal,SAC,1977-10-01T00:00:00Z,1978-10-01T00:00:00Z,-121.939,41.9032
419032N1219387W001,681426,1978-08-15T00:00:00Z,4240.79,4240.29,0,20.1,4220.69,20.1,19.6,NA,Unknown,Water level accuracy is unknown,1,Department of Water Resources,NA,624,Bureau of Reclamation,NA,NA,23443,47N01W23H003M,NA,Unknown,Unknown,1-003,Butte Valley,Siskiyou,NA,Unknown,Unknown,NA,1977-04-06 - 1990-10-02,35,fall,13.2,21.6,NA,NA,1978,14.9,8.12,23.92,8.65,Above Normal,SAC,1977-10-01T00:00:00Z,1978-10-01T00:00:00Z,-121.939,41.9032
419032N1219387W001,681425,1978-07-20T00:00:00Z,4240.79,4240.29,0,24.1,4216.69,24.1,23.6,Nearby pump operating,Unknown,Water level accuracy is unknown,1,Department of Water Resources,NA,624,Bureau of Reclamation,NA,NA,23443,47N01W23H003M,NA,Unknown,Unknown,1-003,Butte Valley,Siskiyou,NA,Unknown,Unknown,NA,1977-04-06 - 1990-10-02,35,other,NA,NA,NA,NA,1978,14.9,8.12,23.92,8.65,Above Normal,SAC,1977-10-01T00:00:00Z,1978-10-01T00:00:00Z,-121.939,41.9032
419032N1219387W001,681424,1978-06-16T00:00:00Z,4240.79,4240.29,0,20.2,4220.59,20.2,19.7,Nearby pump operating,Unknown,Water level accuracy is unknown,1,Department of Water Resources,NA,624,Bureau of Reclamation,NA,NA,23443,47N01W23H003M,NA,Unknown,Unknown,1-003,Butte Valley,Siskiyou,NA,Unknown,Unknown,NA,1977-04-06 - 1990-10-02,35,other,NA,NA,NA,NA,1978,14.9,8.12,23.92,8.65,Above Normal,SAC,1977-10-01T00:00:00Z,1978-10-01T00:00:00Z,-121.939,41.9032
419032N1219387W001,681423,1978-05-12T00:00:00Z,4240.79,4240.29,0,12.4,4228.39,12.4,11.9,NA,Unknown,Water level accuracy is unknown,1,Department of Water Resources,NA,624,Bureau of Reclamation,NA,NA,23443,47N01W23H003M,NA,Unknown,Unknown,1-003,Butte Valley,Siskiyou,NA,Unknown,Unknown,NA,1977-04-06 - 1990-10-02,35,spring,NA,NA,11.9,20.8,1978,14.9,8.12,23.92,8.65,Above Normal,SAC,1977-10-01T00:00:00Z,1978-10-01T00:00:00Z,-121.939,41.9032
419032N1219387W001,681422,1978-04-13T00:00:00Z,4240.79,4240.29,0,14.7,4226.09,14.7,14.2,NA,Unknown,Water level accuracy is unknown,1,Department of Water Resources,NA,624,Bureau of Reclamation,NA,NA,23443,47N01W23H003M,NA,Unknown,Unknown,1-003,Butte Valley,Siskiyou,NA,Unknown,Unknown,NA,1977-04-06 - 1990-10-02,35,spring,NA,NA,11.9,20.8,1978,14.9,8.12,23.92,8.65,Above Normal,SAC,1977-10-01T00:00:00Z,1978-10-01T00:00:00Z,-121.939,41.9032
419032N1219387W001,681421,1977-10-14T00:00:00Z,4240.79,4240.29,0,13.7,4227.09,13.7,13.2,NA,Unknown,Water level accuracy is unknown,1,Department of Water Resources,NA,624,Bureau of Reclamation,NA,NA,23443,47N01W23H003M,NA,Unknown,Unknown,1-003,Butte Valley,Siskiyou,NA,Unknown,Unknown,NA,1977-04-06 - 1990-10-02,35,fall,13.2,21.6,NA,NA,1978,14.9,8.12,23.92,8.65,Above Normal,SAC,1977-10-01T00:00:00Z,1978-10-01T00:00:00Z,-121.939,41.9032
419032N1219387W001,681420,1977-09-15T00:00:00Z,4240.79,4240.29,0,14.7,4226.09,14.7,14.2,NA,Unknown,Water level accuracy is unknown,1,Department of Water Resources,NA,624,Bureau of Reclamation,NA,NA,23443,47N01W23H003M,NA,Unknown,Unknown,1-003,Butte Valley,Siskiyou,NA,Unknown,Unknown,NA,1977-04-06 - 1990-10-02,35,fall,13.2,21.6,NA,NA,1977,2.49,1.93,5.12,3.11,Critical,SAC,1976-10-01T00:00:00Z,1977-10-01T00:00:00Z,-121.939,41.9032
419032N1219387W001,681419,1977-08-16T00:00:00Z,4240.79,4240.29,0,17.4,4223.39,17.4,16.9,Nearby pump operating,Unknown,Water level accuracy is unknown,1,Department of Water Resources,NA,624,Bureau of Reclamation,NA,NA,23443,47N01W23H003M,NA,Unknown,Unknown,1-003,Butte Valley,Siskiyou,NA,Unknown,Unknown,NA,1977-04-06 - 1990-10-02,35,fall,13.2,21.6,NA,NA,1977,2.49,1.93,5.12,3.11,Critical,SAC,1976-10-01T00:00:00Z,1977-10-01T00:00:00Z,-121.939,41.9032
419032N1219387W001,681418,1977-07-22T00:00:00Z,4240.79,4240.29,0,22,4218.79,22,21.5,Nearby pump operating,Unknown,Water level accuracy is unknown,1,Department of Water Resources,NA,624,Bureau of Reclamation,NA,NA,23443,47N01W23H003M,NA,Unknown,Unknown,1-003,Butte Valley,Siskiyou,NA,Unknown,Unknown,NA,1977-04-06 - 1990-10-02,35,other,NA,NA,NA,NA,1977,2.49,1.93,5.12,3.11,Critical,SAC,1976-10-01T00:00:00Z,1977-10-01T00:00:00Z,-121.939,41.9032
419032N1219387W001,681417,1977-06-13T00:00:00Z,4240.79,4240.29,0,18.5,4222.29,18.5,18,Nearby pump operating,Unknown,Water level accuracy is unknown,1,Department of Water Resources,NA,624,Bureau of Reclamation,NA,NA,23443,47N01W23H003M,NA,Unknown,Unknown,1-003,Butte Valley,Siskiyou,NA,Unknown,Unknown,NA,1977-04-06 - 1990-10-02,35,other,NA,NA,NA,NA,1977,2.49,1.93,5.12,3.11,Critical,SAC,1976-10-01T00:00:00Z,1977-10-01T00:00:00Z,-121.939,41.9032
419032N1219387W001,681416,1977-04-06T00:00:00Z,4240.79,4240.29,0,20.2,4220.59,20.2,19.7,NA,Unknown,Water level accuracy is unknown,1,Department of Water Resources,NA,624,Bureau of Reclamation,NA,NA,23443,47N01W23H003M,NA,Unknown,Unknown,1-003,Butte Valley,Siskiyou,NA,Unknown,Unknown,NA,1977-04-06 - 1990-10-02,35,spring,NA,NA,11.9,20.8,1977,2.49,1.93,5.12,3.11,Critical,SAC,1976-10-01T00:00:00Z,1977-10-01T00:00:00Z,-121.939,41.9032
