SITE_CODE,WLM_ID,MSMT_DATE,WLM_RPE,WLM_GSE,RDNG_WS,RDNG_RP,WSE,RPE_WSE,GSE_WSE,WLM_QA_DESC,WLM_DESC,WLM_ACC_DESC,WLM_ORG_ID,WLM_ORG_NAME,MSMT_CMT,COOP_AGENCY_ORG_ID,COOP_ORG_NAME,TOP_PRF,BOT_PRF,STN_ID,SWN,WELL_NAME,WLM_METHOD,WLM_ACC,BASIN_CODE,BASIN_NAME,COUNTY_NAME,WELL_DEPTH,WELL_USE,WELL_TYPE,WCR_NO,t_range,n_samples,season,fall_high,fall_low,spring_high,spring_low,water_year,Oct.Mar,Apr.Jul,WYsum,Index,water_year_type,region,water_year_start,water_year_end,X,Y
419017N1220269W001,2619122,2020-04-01T12:00:00Z,4242.28,4241.78,3.2,17,4228.48,13.8,13.3,NA,Steel tape measurement,Water level accuracy to nearest tenth of a foot,1,Department of Water Resources,NA,1,Department of Water Resources,NA,NA,24305,47N01W19L001M,47N01W19L001M,USGS quad,5 ft.,1-003,Butte Valley,Siskiyou,45,Stockwatering,Single Well,NONE,1951-11-30 00:00:00 - 2020-04-01 12:00:00,123,spring,NA,NA,1.6,13.3,2020,NA,NA,NA,NA,NA,NA,2019-10-01T00:00:00Z,2020-10-01T00:00:00Z,-122.027,41.9016
419017N1220269W001,2453076,2019-04-03T12:00:00Z,4242.28,4241.78,2.5,15,4229.78,12.5,12,NA,Steel tape measurement,Water level accuracy to nearest tenth of a foot,1,Department of Water Resources,NA,1,Department of Water Resources,NA,NA,24305,47N01W19L001M,47N01W19L001M,USGS quad,5 ft.,1-003,Butte Valley,Siskiyou,45,Stockwatering,Single Well,NONE,1951-11-30 00:00:00 - 2020-04-01 12:00:00,123,spring,NA,NA,1.6,13.3,2019,13.11,10.66,24.77,10.34,Wet,SAC,2018-10-01T00:00:00Z,2019-10-01T00:00:00Z,-122.027,41.9016
419017N1220269W001,2413567,2018-10-30T12:00:00Z,4242.28,4241.78,2.3,15,4229.58,12.7,12.2,NA,Steel tape measurement,Water level accuracy to nearest tenth of a foot,1,Department of Water Resources,NA,1,Department of Water Resources,NA,NA,24305,47N01W19L001M,47N01W19L001M,USGS quad,5 ft.,1-003,Butte Valley,Siskiyou,45,Stockwatering,Single Well,NONE,1951-11-30 00:00:00 - 2020-04-01 12:00:00,123,fall,4.1,12.4,NA,NA,2019,13.11,10.66,24.77,10.34,Wet,SAC,2018-10-01T00:00:00Z,2019-10-01T00:00:00Z,-122.027,41.9016
419017N1220269W001,2286516,2018-03-30T12:00:00Z,4242.28,4241.78,10.1,22,4230.38,11.9,11.4,NA,Steel tape measurement,Water level accuracy to nearest tenth of a foot,1,Department of Water Resources,NA,1,Department of Water Resources,NA,NA,24305,47N01W19L001M,47N01W19L001M,USGS quad,5 ft.,1-003,Butte Valley,Siskiyou,45,Stockwatering,Single Well,NONE,1951-11-30 00:00:00 - 2020-04-01 12:00:00,123,spring,NA,NA,1.6,13.3,2018,7.09,5.05,12.86,7.14,Below Normal,SAC,2017-10-01T00:00:00Z,2018-10-01T00:00:00Z,-122.027,41.9016
419017N1220269W001,2266643,2017-10-17T12:00:00Z,4242.28,4241.78,8.9,20,4231.18,11.1,10.6,NA,Steel tape measurement,Water level accuracy to nearest tenth of a foot,1,Department of Water Resources,NA,1,Department of Water Resources,NA,NA,24305,47N01W19L001M,47N01W19L001M,USGS quad,5 ft.,1-003,Butte Valley,Siskiyou,45,Stockwatering,Single Well,NONE,1951-11-30 00:00:00 - 2020-04-01 12:00:00,123,fall,4.1,12.4,NA,NA,2018,7.09,5.05,12.86,7.14,Below Normal,SAC,2017-10-01T00:00:00Z,2018-10-01T00:00:00Z,-122.027,41.9016
419017N1220269W001,2241621,2017-03-23T12:00:00Z,4242.28,4241.78,5,16,4231.28,11,10.5,NA,Steel tape measurement,Water level accuracy to nearest tenth of a foot,1,Department of Water Resources,NA,1,Department of Water Resources,NA,NA,24305,47N01W19L001M,47N01W19L001M,USGS quad,5 ft.,1-003,Butte Valley,Siskiyou,45,Stockwatering,Single Well,NONE,1951-11-30 00:00:00 - 2020-04-01 12:00:00,123,spring,NA,NA,1.6,13.3,2017,26.17,10.69,37.82,14.14,Wet,SAC,2016-10-01T00:00:00Z,2017-10-01T00:00:00Z,-122.027,41.9016
419017N1220269W001,2214912,2016-10-20T12:00:00Z,4242.28,4241.78,4,16,4230.28,12,11.5,NA,Steel tape measurement,Water level accuracy to nearest tenth of a foot,1,Department of Water Resources,NA,1,Department of Water Resources,NA,NA,24305,47N01W19L001M,47N01W19L001M,USGS quad,5 ft.,1-003,Butte Valley,Siskiyou,45,Stockwatering,Single Well,NONE,1951-11-30 00:00:00 - 2020-04-01 12:00:00,123,fall,4.1,12.4,NA,NA,2017,26.17,10.69,37.82,14.14,Wet,SAC,2016-10-01T00:00:00Z,2017-10-01T00:00:00Z,-122.027,41.9016
419017N1220269W001,2184899,2016-03-22T12:00:00Z,4242.28,4241.78,3.5,15,4230.78,11.5,11,NA,Steel tape measurement,Water level accuracy to nearest tenth of a foot,1,Department of Water Resources,NA,1,Department of Water Resources,NA,NA,24305,47N01W19L001M,47N01W19L001M,USGS quad,5 ft.,1-003,Butte Valley,Siskiyou,45,Stockwatering,Single Well,NONE,1951-11-30 00:00:00 - 2020-04-01 12:00:00,123,spring,NA,NA,1.6,13.3,2016,12.24,4.6,17.48,6.71,Below Normal,SAC,2015-10-01T00:00:00Z,2016-10-01T00:00:00Z,-122.027,41.9016
419017N1220269W001,2158523,2015-10-19T00:00:00Z,4242.28,4241.78,NA,NA,NA,NA,NA,Pumping,NA,NA,1,Department of Water Resources,NA,1,Department of Water Resources,NA,NA,24305,47N01W19L001M,47N01W19L001M,USGS quad,5 ft.,1-003,Butte Valley,Siskiyou,45,Stockwatering,Single Well,NONE,1951-11-30 00:00:00 - 2020-04-01 12:00:00,123,fall,4.1,12.4,NA,NA,2016,12.24,4.6,17.48,6.71,Below Normal,SAC,2015-10-01T00:00:00Z,2016-10-01T00:00:00Z,-122.027,41.9016
419017N1220269W001,2130480,2015-03-23T00:00:00Z,4242.28,4241.78,1,13,4230.28,12,11.5,NA,Steel tape measurement,Water level accuracy to nearest tenth of a foot,1,Department of Water Resources,NA,1,Department of Water Resources,NA,NA,24305,47N01W19L001M,47N01W19L001M,USGS quad,5 ft.,1-003,Butte Valley,Siskiyou,45,Stockwatering,Single Well,NONE,1951-11-30 00:00:00 - 2020-04-01 12:00:00,123,spring,NA,NA,1.6,13.3,2015,6.91,1.77,9.23,4,Critical,SAC,2014-10-01T00:00:00Z,2015-10-01T00:00:00Z,-122.027,41.9016
419017N1220269W001,2029091,2014-10-20T00:00:00Z,4242.28,4241.78,1,13,4230.28,12,11.5,NA,Steel tape measurement,Water level accuracy to nearest tenth of a foot,1,Department of Water Resources,NA,1,Department of Water Resources,NA,NA,24305,47N01W19L001M,47N01W19L001M,USGS quad,5 ft.,1-003,Butte Valley,Siskiyou,45,Stockwatering,Single Well,NONE,1951-11-30 00:00:00 - 2020-04-01 12:00:00,123,fall,4.1,12.4,NA,NA,2015,6.91,1.77,9.23,4,Critical,SAC,2014-10-01T00:00:00Z,2015-10-01T00:00:00Z,-122.027,41.9016
419017N1220269W001,1885358,2014-03-24T00:00:00Z,4242.28,4241.78,0.4,12,4230.68,11.6,11.1,NA,Steel tape measurement,Water level accuracy to nearest tenth of a foot,1,Department of Water Resources,NA,1,Department of Water Resources,NA,NA,24305,47N01W19L001M,47N01W19L001M,USGS quad,5 ft.,1-003,Butte Valley,Siskiyou,45,Stockwatering,Single Well,NONE,1951-11-30 00:00:00 - 2020-04-01 12:00:00,123,spring,NA,NA,1.6,13.3,2014,4.29,2.59,7.46,4.07,Critical,SAC,2013-10-01T00:00:00Z,2014-10-01T00:00:00Z,-122.027,41.9016
419017N1220269W001,1797530,2013-10-21T00:00:00Z,4242.28,4241.78,NA,NA,NA,NA,NA,Pumping,NA,NA,1,Department of Water Resources,NA,1,Department of Water Resources,NA,NA,24305,47N01W19L001M,47N01W19L001M,USGS quad,5 ft.,1-003,Butte Valley,Siskiyou,45,Stockwatering,Single Well,NONE,1951-11-30 00:00:00 - 2020-04-01 12:00:00,123,fall,4.1,12.4,NA,NA,2014,4.29,2.59,7.46,4.07,Critical,SAC,2013-10-01T00:00:00Z,2014-10-01T00:00:00Z,-122.027,41.9016
419017N1220269W001,1685063,2013-03-25T00:00:00Z,4242.28,4241.78,0.2,11,4231.48,10.8,10.3,NA,Steel tape measurement,Water level accuracy to nearest tenth of a foot,1,Department of Water Resources,NA,1,Department of Water Resources,NA,NA,24305,47N01W19L001M,47N01W19L001M,USGS quad,5 ft.,1-003,Butte Valley,Siskiyou,45,Stockwatering,Single Well,NONE,1951-11-30 00:00:00 - 2020-04-01 12:00:00,123,spring,NA,NA,1.6,13.3,2013,8.52,3.01,12.19,5.83,Dry,SAC,2012-10-01T00:00:00Z,2013-10-01T00:00:00Z,-122.027,41.9016
419017N1220269W001,70279,2012-10-29T00:00:00Z,4242.28,4241.78,0.5,11,4231.78,10.5,10,NA,Steel tape measurement,Water level accuracy to nearest tenth of a foot,1,Department of Water Resources,NA,1,Department of Water Resources,NA,NA,24305,47N01W19L001M,47N01W19L001M,USGS quad,5 ft.,1-003,Butte Valley,Siskiyou,45,Stockwatering,Single Well,NONE,1951-11-30 00:00:00 - 2020-04-01 12:00:00,123,fall,4.1,12.4,NA,NA,2013,8.52,3.01,12.19,5.83,Dry,SAC,2012-10-01T00:00:00Z,2013-10-01T00:00:00Z,-122.027,41.9016
419017N1220269W001,59910,2012-04-17T00:00:00Z,4242.28,4241.78,0,10,4232.28,10,9.5,NA,Steel tape measurement,Water level accuracy to nearest tenth of a foot,1,Department of Water Resources,NA,1,Department of Water Resources,NA,NA,24305,47N01W19L001M,47N01W19L001M,USGS quad,5 ft.,1-003,Butte Valley,Siskiyou,45,Stockwatering,Single Well,NONE,1951-11-30 00:00:00 - 2020-04-01 12:00:00,123,spring,NA,NA,1.6,13.3,2012,5.69,5.46,11.84,6.89,Below Normal,SAC,2011-10-01T00:00:00Z,2012-10-01T00:00:00Z,-122.027,41.9016
419017N1220269W001,1791706,2011-10-18T00:00:00Z,4242.28,4241.78,0,9.1,4233.18,9.1,8.6,NA,Unknown,Water level accuracy is unknown,1,Department of Water Resources,NA,1,Department of Water Resources,NA,NA,24305,47N01W19L001M,47N01W19L001M,USGS quad,5 ft.,1-003,Butte Valley,Siskiyou,45,Stockwatering,Single Well,NONE,1951-11-30 00:00:00 - 2020-04-01 12:00:00,123,fall,4.1,12.4,NA,NA,2012,5.69,5.46,11.84,6.89,Below Normal,SAC,2011-10-01T00:00:00Z,2012-10-01T00:00:00Z,-122.027,41.9016
419017N1220269W001,41187,2011-10-18T00:00:00Z,4242.28,4241.78,0,9.1,4233.18,9.1,8.6,NA,Steel tape measurement,Water level accuracy to nearest tenth of a foot,1,Department of Water Resources,NA,1,Department of Water Resources,NA,NA,24305,47N01W19L001M,47N01W19L001M,USGS quad,5 ft.,1-003,Butte Valley,Siskiyou,45,Stockwatering,Single Well,NONE,1951-11-30 00:00:00 - 2020-04-01 12:00:00,123,fall,4.1,12.4,NA,NA,2012,5.69,5.46,11.84,6.89,Below Normal,SAC,2011-10-01T00:00:00Z,2012-10-01T00:00:00Z,-122.027,41.9016
419017N1220269W001,1791705,2011-04-20T00:00:00Z,4242.28,4241.78,0,8.8,4233.48,8.8,8.3,NA,Unknown,Water level accuracy is unknown,1,Department of Water Resources,NA,1,Department of Water Resources,NA,NA,24305,47N01W19L001M,47N01W19L001M,USGS quad,5 ft.,1-003,Butte Valley,Siskiyou,45,Stockwatering,Single Well,NONE,1951-11-30 00:00:00 - 2020-04-01 12:00:00,123,spring,NA,NA,1.6,13.3,2011,12.68,11.53,25.21,10.54,Wet,SAC,2010-10-01T00:00:00Z,2011-10-01T00:00:00Z,-122.027,41.9016
419017N1220269W001,1791704,2010-10-25T00:00:00Z,4242.28,4241.78,0,9.9,4232.38,9.9,9.4,NA,Unknown,Water level accuracy is unknown,1,Department of Water Resources,NA,1,Department of Water Resources,NA,NA,24305,47N01W19L001M,47N01W19L001M,USGS quad,5 ft.,1-003,Butte Valley,Siskiyou,45,Stockwatering,Single Well,NONE,1951-11-30 00:00:00 - 2020-04-01 12:00:00,123,fall,4.1,12.4,NA,NA,2011,12.68,11.53,25.21,10.54,Wet,SAC,2010-10-01T00:00:00Z,2011-10-01T00:00:00Z,-122.027,41.9016
419017N1220269W001,1791703,2010-03-30T00:00:00Z,4242.28,4241.78,0,9.3,4232.98,9.3,8.8,NA,Unknown,Water level accuracy is unknown,1,Department of Water Resources,NA,1,Department of Water Resources,NA,NA,24305,47N01W19L001M,47N01W19L001M,USGS quad,5 ft.,1-003,Butte Valley,Siskiyou,45,Stockwatering,Single Well,NONE,1951-11-30 00:00:00 - 2020-04-01 12:00:00,123,spring,NA,NA,1.6,13.3,2010,7.45,7.78,16.01,7.08,Below Normal,SAC,2009-10-01T00:00:00Z,2010-10-01T00:00:00Z,-122.027,41.9016
419017N1220269W001,1791702,2009-10-27T00:00:00Z,4242.28,4241.78,0,7.8,4234.48,7.8,7.3,NA,Unknown,Water level accuracy is unknown,1,Department of Water Resources,NA,1,Department of Water Resources,NA,NA,24305,47N01W19L001M,47N01W19L001M,USGS quad,5 ft.,1-003,Butte Valley,Siskiyou,45,Stockwatering,Single Well,NONE,1951-11-30 00:00:00 - 2020-04-01 12:00:00,123,fall,4.1,12.4,NA,NA,2010,7.45,7.78,16.01,7.08,Below Normal,SAC,2009-10-01T00:00:00Z,2010-10-01T00:00:00Z,-122.027,41.9016
419017N1220269W001,1791701,2009-04-08T00:00:00Z,4242.28,4241.78,0,8.1,4234.18,8.1,7.6,NA,Unknown,Water level accuracy is unknown,1,Department of Water Resources,NA,1,Department of Water Resources,NA,NA,24305,47N01W19L001M,47N01W19L001M,USGS quad,5 ft.,1-003,Butte Valley,Siskiyou,45,Stockwatering,Single Well,NONE,1951-11-30 00:00:00 - 2020-04-01 12:00:00,123,spring,NA,NA,1.6,13.3,2009,7.05,5.3,13.02,5.78,Dry,SAC,2008-10-01T00:00:00Z,2009-10-01T00:00:00Z,-122.027,41.9016
419017N1220269W001,1791700,2008-10-30T00:00:00Z,4242.28,4241.78,NA,NA,NA,NA,NA,Temporarily inaccessible,NA,NA,1,Department of Water Resources,NA,1,Department of Water Resources,NA,NA,24305,47N01W19L001M,47N01W19L001M,USGS quad,5 ft.,1-003,Butte Valley,Siskiyou,45,Stockwatering,Single Well,NONE,1951-11-30 00:00:00 - 2020-04-01 12:00:00,123,fall,4.1,12.4,NA,NA,2009,7.05,5.3,13.02,5.78,Dry,SAC,2008-10-01T00:00:00Z,2009-10-01T00:00:00Z,-122.027,41.9016
419017N1220269W001,1791699,2008-04-04T00:00:00Z,4242.28,4241.78,0,7.15,4235.13,7.15,6.65,NA,Unknown,Water level accuracy is unknown,1,Department of Water Resources,NA,1,Department of Water Resources,NA,NA,24305,47N01W19L001M,47N01W19L001M,USGS quad,5 ft.,1-003,Butte Valley,Siskiyou,45,Stockwatering,Single Well,NONE,1951-11-30 00:00:00 - 2020-04-01 12:00:00,123,spring,NA,NA,1.6,13.3,2008,5.9,3.82,10.28,5.16,Critical,SAC,2007-10-01T00:00:00Z,2008-10-01T00:00:00Z,-122.027,41.9016
419017N1220269W001,1791698,2007-10-25T00:00:00Z,4242.28,4241.78,NA,NA,NA,NA,NA,Temporarily inaccessible,NA,NA,1,Department of Water Resources,NA,1,Department of Water Resources,NA,NA,24305,47N01W19L001M,47N01W19L001M,USGS quad,5 ft.,1-003,Butte Valley,Siskiyou,45,Stockwatering,Single Well,NONE,1951-11-30 00:00:00 - 2020-04-01 12:00:00,123,fall,4.1,12.4,NA,NA,2008,5.9,3.82,10.28,5.16,Critical,SAC,2007-10-01T00:00:00Z,2008-10-01T00:00:00Z,-122.027,41.9016
419017N1220269W001,1791697,2007-03-29T00:00:00Z,4242.28,4241.78,0,7.1,4235.18,7.1,6.6,NA,Unknown,Water level accuracy is unknown,1,Department of Water Resources,NA,1,Department of Water Resources,NA,NA,24305,47N01W19L001M,47N01W19L001M,USGS quad,5 ft.,1-003,Butte Valley,Siskiyou,45,Stockwatering,Single Well,NONE,1951-11-30 00:00:00 - 2020-04-01 12:00:00,123,spring,NA,NA,1.6,13.3,2007,6.59,3.04,10.28,6.19,Dry,SAC,2006-10-01T00:00:00Z,2007-10-01T00:00:00Z,-122.027,41.9016
419017N1220269W001,1791696,2006-10-12T00:00:00Z,4242.28,4241.78,0,10.6,4231.68,10.6,10.1,NA,Unknown,Water level accuracy is unknown,1,Department of Water Resources,NA,1,Department of Water Resources,NA,NA,24305,47N01W19L001M,47N01W19L001M,USGS quad,5 ft.,1-003,Butte Valley,Siskiyou,45,Stockwatering,Single Well,NONE,1951-11-30 00:00:00 - 2020-04-01 12:00:00,123,fall,4.1,12.4,NA,NA,2007,6.59,3.04,10.28,6.19,Dry,SAC,2006-10-01T00:00:00Z,2007-10-01T00:00:00Z,-122.027,41.9016
419017N1220269W001,1791695,2006-04-18T00:00:00Z,4242.28,4241.78,0,7.6,4234.68,7.6,7.1,NA,Unknown,Water level accuracy is unknown,1,Department of Water Resources,NA,1,Department of Water Resources,NA,NA,24305,47N01W19L001M,47N01W19L001M,USGS quad,5 ft.,1-003,Butte Valley,Siskiyou,45,Stockwatering,Single Well,NONE,1951-11-30 00:00:00 - 2020-04-01 12:00:00,123,spring,NA,NA,1.6,13.3,2006,18.06,13.09,32.09,13.2,Wet,SAC,2005-10-01T00:00:00Z,2006-10-01T00:00:00Z,-122.027,41.9016
419017N1220269W001,1791694,2005-10-10T00:00:00Z,4242.28,4241.78,0,10.3,4231.98,10.3,9.8,NA,Unknown,Water level accuracy is unknown,1,Department of Water Resources,NA,1,Department of Water Resources,NA,NA,24305,47N01W19L001M,47N01W19L001M,USGS quad,5 ft.,1-003,Butte Valley,Siskiyou,45,Stockwatering,Single Well,NONE,1951-11-30 00:00:00 - 2020-04-01 12:00:00,123,fall,4.1,12.4,NA,NA,2006,18.06,13.09,32.09,13.2,Wet,SAC,2005-10-01T00:00:00Z,2006-10-01T00:00:00Z,-122.027,41.9016
419017N1220269W001,1791693,2005-04-05T00:00:00Z,4242.28,4241.78,0,10.3,4231.98,10.3,9.8,NA,Unknown,Water level accuracy is unknown,1,Department of Water Resources,NA,1,Department of Water Resources,NA,NA,24305,47N01W19L001M,47N01W19L001M,USGS quad,5 ft.,1-003,Butte Valley,Siskiyou,45,Stockwatering,Single Well,NONE,1951-11-30 00:00:00 - 2020-04-01 12:00:00,123,spring,NA,NA,1.6,13.3,2005,8.4,9.28,18.55,8.49,Above Normal,SAC,2004-10-01T00:00:00Z,2005-10-01T00:00:00Z,-122.027,41.9016
419017N1220269W001,1791692,2004-11-02T00:00:00Z,4242.28,4241.78,0,10.1,4232.18,10.1,9.6,NA,Unknown,Water level accuracy is unknown,1,Department of Water Resources,NA,1,Department of Water Resources,NA,NA,24305,47N01W19L001M,47N01W19L001M,USGS quad,5 ft.,1-003,Butte Valley,Siskiyou,45,Stockwatering,Single Well,NONE,1951-11-30 00:00:00 - 2020-04-01 12:00:00,123,fall,4.1,12.4,NA,NA,2005,8.4,9.28,18.55,8.49,Above Normal,SAC,2004-10-01T00:00:00Z,2005-10-01T00:00:00Z,-122.027,41.9016
419017N1220269W001,1791691,2004-04-11T00:00:00Z,4242.28,4241.78,0,9.2,4233.08,9.2,8.7,NA,Unknown,Water level accuracy is unknown,1,Department of Water Resources,NA,1,Department of Water Resources,NA,NA,24305,47N01W19L001M,47N01W19L001M,USGS quad,5 ft.,1-003,Butte Valley,Siskiyou,45,Stockwatering,Single Well,NONE,1951-11-30 00:00:00 - 2020-04-01 12:00:00,123,spring,NA,NA,1.6,13.3,2004,10.95,4.4,16.04,7.51,Below Normal,SAC,2003-10-01T00:00:00Z,2004-10-01T00:00:00Z,-122.027,41.9016
419017N1220269W001,1791690,2003-10-20T00:00:00Z,4242.28,4241.78,0,9.2,4233.08,9.2,8.7,NA,Unknown,Water level accuracy is unknown,1,Department of Water Resources,NA,1,Department of Water Resources,NA,NA,24305,47N01W19L001M,47N01W19L001M,USGS quad,5 ft.,1-003,Butte Valley,Siskiyou,45,Stockwatering,Single Well,NONE,1951-11-30 00:00:00 - 2020-04-01 12:00:00,123,fall,4.1,12.4,NA,NA,2004,10.95,4.4,16.04,7.51,Below Normal,SAC,2003-10-01T00:00:00Z,2004-10-01T00:00:00Z,-122.027,41.9016
419017N1220269W001,1791689,2003-04-01T00:00:00Z,4242.28,4241.78,0,9.4,4232.88,9.4,8.9,NA,Unknown,Water level accuracy is unknown,1,Department of Water Resources,NA,1,Department of Water Resources,NA,NA,24305,47N01W19L001M,47N01W19L001M,USGS quad,5 ft.,1-003,Butte Valley,Siskiyou,45,Stockwatering,Single Well,NONE,1951-11-30 00:00:00 - 2020-04-01 12:00:00,123,spring,NA,NA,1.6,13.3,2003,10.71,7.74,19.31,8.21,Above Normal,SAC,2002-10-01T00:00:00Z,2003-10-01T00:00:00Z,-122.027,41.9016
419017N1220269W001,1791688,2002-10-11T00:00:00Z,4242.28,4241.78,NA,NA,NA,NA,NA,Temporarily inaccessible,NA,NA,1,Department of Water Resources,NA,1,Department of Water Resources,NA,NA,24305,47N01W19L001M,47N01W19L001M,USGS quad,5 ft.,1-003,Butte Valley,Siskiyou,45,Stockwatering,Single Well,NONE,1951-11-30 00:00:00 - 2020-04-01 12:00:00,123,fall,4.1,12.4,NA,NA,2003,10.71,7.74,19.31,8.21,Above Normal,SAC,2002-10-01T00:00:00Z,2003-10-01T00:00:00Z,-122.027,41.9016
419017N1220269W001,1791687,2002-03-26T00:00:00Z,4242.28,4241.78,0,7.9,4234.38,7.9,7.4,NA,Unknown,Water level accuracy is unknown,1,Department of Water Resources,NA,1,Department of Water Resources,NA,NA,24305,47N01W19L001M,47N01W19L001M,USGS quad,5 ft.,1-003,Butte Valley,Siskiyou,45,Stockwatering,Single Well,NONE,1951-11-30 00:00:00 - 2020-04-01 12:00:00,123,spring,NA,NA,1.6,13.3,2002,9.32,4.57,14.6,6.35,Dry,SAC,2001-10-01T00:00:00Z,2002-10-01T00:00:00Z,-122.027,41.9016
419017N1220269W001,1791686,2001-10-23T00:00:00Z,4242.28,4241.78,0,8.4,4233.88,8.4,7.9,NA,Unknown,Water level accuracy is unknown,1,Department of Water Resources,NA,1,Department of Water Resources,NA,NA,24305,47N01W19L001M,47N01W19L001M,USGS quad,5 ft.,1-003,Butte Valley,Siskiyou,45,Stockwatering,Single Well,NONE,1951-11-30 00:00:00 - 2020-04-01 12:00:00,123,fall,4.1,12.4,NA,NA,2002,9.32,4.57,14.6,6.35,Dry,SAC,2001-10-01T00:00:00Z,2002-10-01T00:00:00Z,-122.027,41.9016
419017N1220269W001,1791685,2001-04-03T00:00:00Z,4242.28,4241.78,0,7.8,4234.48,7.8,7.3,NA,Unknown,Water level accuracy is unknown,1,Department of Water Resources,NA,1,Department of Water Resources,NA,NA,24305,47N01W19L001M,47N01W19L001M,USGS quad,5 ft.,1-003,Butte Valley,Siskiyou,45,Stockwatering,Single Well,NONE,1951-11-30 00:00:00 - 2020-04-01 12:00:00,123,spring,NA,NA,1.6,13.3,2001,5.64,3.46,9.81,5.76,Dry,SAC,2000-10-01T00:00:00Z,2001-10-01T00:00:00Z,-122.027,41.9016
419017N1220269W001,1791684,2000-10-10T00:00:00Z,4242.28,4241.78,0,6.8,4235.48,6.8,6.3,NA,Unknown,Water level accuracy is unknown,1,Department of Water Resources,NA,1,Department of Water Resources,NA,NA,24305,47N01W19L001M,47N01W19L001M,USGS quad,5 ft.,1-003,Butte Valley,Siskiyou,45,Stockwatering,Single Well,NONE,1951-11-30 00:00:00 - 2020-04-01 12:00:00,123,fall,4.1,12.4,NA,NA,2001,5.64,3.46,9.81,5.76,Dry,SAC,2000-10-01T00:00:00Z,2001-10-01T00:00:00Z,-122.027,41.9016
419017N1220269W001,1791683,2000-03-22T00:00:00Z,4242.28,4241.78,0,5.7,4236.58,5.7,5.2,NA,Unknown,Water level accuracy is unknown,1,Department of Water Resources,NA,1,Department of Water Resources,NA,NA,24305,47N01W19L001M,47N01W19L001M,USGS quad,5 ft.,1-003,Butte Valley,Siskiyou,45,Stockwatering,Single Well,NONE,1951-11-30 00:00:00 - 2020-04-01 12:00:00,123,spring,NA,NA,1.6,13.3,2000,12.06,5.96,18.9,8.94,Above Normal,SAC,1999-10-01T00:00:00Z,2000-10-01T00:00:00Z,-122.027,41.9016
419017N1220269W001,1791681,1999-10-27T00:00:00Z,4242.28,4241.78,0,6,4236.28,6,5.5,NA,Unknown,Water level accuracy is unknown,1,Department of Water Resources,NA,1,Department of Water Resources,NA,NA,24305,47N01W19L001M,47N01W19L001M,USGS quad,5 ft.,1-003,Butte Valley,Siskiyou,45,Stockwatering,Single Well,NONE,1951-11-30 00:00:00 - 2020-04-01 12:00:00,123,fall,4.1,12.4,NA,NA,2000,12.06,5.96,18.9,8.94,Above Normal,SAC,1999-10-01T00:00:00Z,2000-10-01T00:00:00Z,-122.027,41.9016
419017N1220269W001,1791682,1999-03-16T00:00:00Z,4242.28,4241.78,0,5,4237.28,5,4.5,NA,Unknown,Water level accuracy is unknown,1,Department of Water Resources,NA,1,Department of Water Resources,NA,NA,24305,47N01W19L001M,47N01W19L001M,USGS quad,5 ft.,1-003,Butte Valley,Siskiyou,45,Stockwatering,Single Well,NONE,1951-11-30 00:00:00 - 2020-04-01 12:00:00,123,spring,NA,NA,1.6,13.3,1999,12.97,7.26,21.19,9.8,Wet,SAC,1998-10-01T00:00:00Z,1999-10-01T00:00:00Z,-122.027,41.9016
419017N1220269W001,1791680,1998-10-28T00:00:00Z,4242.28,4241.78,0,6.8,4235.48,6.8,6.3,NA,Unknown,Water level accuracy is unknown,1,Department of Water Resources,NA,1,Department of Water Resources,NA,NA,24305,47N01W19L001M,47N01W19L001M,USGS quad,5 ft.,1-003,Butte Valley,Siskiyou,45,Stockwatering,Single Well,NONE,1951-11-30 00:00:00 - 2020-04-01 12:00:00,123,fall,4.1,12.4,NA,NA,1999,12.97,7.26,21.19,9.8,Wet,SAC,1998-10-01T00:00:00Z,1999-10-01T00:00:00Z,-122.027,41.9016
419017N1220269W001,1791679,1998-03-30T00:00:00Z,4242.28,4241.78,0,6.1,4236.18,6.1,5.6,NA,Unknown,Water level accuracy is unknown,1,Department of Water Resources,NA,1,Department of Water Resources,NA,NA,24305,47N01W19L001M,47N01W19L001M,USGS quad,5 ft.,1-003,Butte Valley,Siskiyou,45,Stockwatering,Single Well,NONE,1951-11-30 00:00:00 - 2020-04-01 12:00:00,123,spring,NA,NA,1.6,13.3,1998,17.65,12.54,31.4,13.31,Wet,SAC,1997-10-01T00:00:00Z,1998-10-01T00:00:00Z,-122.027,41.9016
419017N1220269W001,1791678,1997-10-22T00:00:00Z,4242.28,4241.78,0,7.4,4234.88,7.4,6.9,NA,Unknown,Water level accuracy is unknown,1,Department of Water Resources,NA,1,Department of Water Resources,NA,NA,24305,47N01W19L001M,47N01W19L001M,USGS quad,5 ft.,1-003,Butte Valley,Siskiyou,45,Stockwatering,Single Well,NONE,1951-11-30 00:00:00 - 2020-04-01 12:00:00,123,fall,4.1,12.4,NA,NA,1998,17.65,12.54,31.4,13.31,Wet,SAC,1997-10-01T00:00:00Z,1998-10-01T00:00:00Z,-122.027,41.9016
419017N1220269W001,1791677,1997-03-11T00:00:00Z,4242.28,4241.78,0,7.3,4234.98,7.3,6.8,NA,Unknown,Water level accuracy is unknown,1,Department of Water Resources,NA,1,Department of Water Resources,NA,NA,24305,47N01W19L001M,47N01W19L001M,USGS quad,5 ft.,1-003,Butte Valley,Siskiyou,45,Stockwatering,Single Well,NONE,1951-11-30 00:00:00 - 2020-04-01 12:00:00,123,spring,NA,NA,1.6,13.3,1997,20.22,4.39,25.42,10.82,Wet,SAC,1996-10-01T00:00:00Z,1997-10-01T00:00:00Z,-122.027,41.9016
419017N1220269W001,1791676,1996-10-21T00:00:00Z,4242.28,4241.78,0,8.3,4233.98,8.3,7.8,NA,Unknown,Water level accuracy is unknown,1,Department of Water Resources,NA,1,Department of Water Resources,NA,NA,24305,47N01W19L001M,47N01W19L001M,USGS quad,5 ft.,1-003,Butte Valley,Siskiyou,45,Stockwatering,Single Well,NONE,1951-11-30 00:00:00 - 2020-04-01 12:00:00,123,fall,4.1,12.4,NA,NA,1997,20.22,4.39,25.42,10.82,Wet,SAC,1996-10-01T00:00:00Z,1997-10-01T00:00:00Z,-122.027,41.9016
419017N1220269W001,1791675,1996-03-26T00:00:00Z,4242.28,4241.78,0,8.5,4233.78,8.5,8,NA,Unknown,Water level accuracy is unknown,1,Department of Water Resources,NA,1,Department of Water Resources,NA,NA,24305,47N01W19L001M,47N01W19L001M,USGS quad,5 ft.,1-003,Butte Valley,Siskiyou,45,Stockwatering,Single Well,NONE,1951-11-30 00:00:00 - 2020-04-01 12:00:00,123,spring,NA,NA,1.6,13.3,1996,13.05,8.37,22.29,10.26,Wet,SAC,1995-10-01T00:00:00Z,1996-10-01T00:00:00Z,-122.027,41.9016
419017N1220269W001,1791674,1995-10-17T00:00:00Z,4242.28,4241.78,0,10.2,4232.08,10.2,9.7,NA,Unknown,Water level accuracy is unknown,1,Department of Water Resources,NA,1,Department of Water Resources,NA,NA,24305,47N01W19L001M,47N01W19L001M,USGS quad,5 ft.,1-003,Butte Valley,Siskiyou,45,Stockwatering,Single Well,NONE,1951-11-30 00:00:00 - 2020-04-01 12:00:00,123,fall,4.1,12.4,NA,NA,1996,13.05,8.37,22.29,10.26,Wet,SAC,1995-10-01T00:00:00Z,1996-10-01T00:00:00Z,-122.027,41.9016
419017N1220269W001,1791673,1995-03-27T00:00:00Z,4242.28,4241.78,0,10.5,4231.78,10.5,10,NA,Unknown,Water level accuracy is unknown,1,Department of Water Resources,NA,1,Department of Water Resources,NA,NA,24305,47N01W19L001M,47N01W19L001M,USGS quad,5 ft.,1-003,Butte Valley,Siskiyou,45,Stockwatering,Single Well,NONE,1951-11-30 00:00:00 - 2020-04-01 12:00:00,123,spring,NA,NA,1.6,13.3,1995,19.83,13.6,34.55,12.89,Wet,SAC,1994-10-01T00:00:00Z,1995-10-01T00:00:00Z,-122.027,41.9016
419017N1220269W001,1791672,1994-10-26T00:00:00Z,4242.28,4241.78,0,10.3,4231.98,10.3,9.8,NA,Unknown,Water level accuracy is unknown,1,Department of Water Resources,NA,1,Department of Water Resources,NA,NA,24305,47N01W19L001M,47N01W19L001M,USGS quad,5 ft.,1-003,Butte Valley,Siskiyou,45,Stockwatering,Single Well,NONE,1951-11-30 00:00:00 - 2020-04-01 12:00:00,123,fall,4.1,12.4,NA,NA,1995,19.83,13.6,34.55,12.89,Wet,SAC,1994-10-01T00:00:00Z,1995-10-01T00:00:00Z,-122.027,41.9016
419017N1220269W001,1791671,1994-03-29T00:00:00Z,4242.28,4241.78,0,9.9,4232.38,9.9,9.4,NA,Unknown,Water level accuracy is unknown,1,Department of Water Resources,NA,1,Department of Water Resources,NA,NA,24305,47N01W19L001M,47N01W19L001M,USGS quad,5 ft.,1-003,Butte Valley,Siskiyou,45,Stockwatering,Single Well,NONE,1951-11-30 00:00:00 - 2020-04-01 12:00:00,123,spring,NA,NA,1.6,13.3,1994,4.55,2.73,7.81,5.02,Critical,SAC,1993-10-01T00:00:00Z,1994-10-01T00:00:00Z,-122.027,41.9016
419017N1220269W001,1791670,1993-10-14T00:00:00Z,4242.28,4241.78,0,9,4233.28,9,8.5,NA,Unknown,Water level accuracy is unknown,1,Department of Water Resources,NA,1,Department of Water Resources,NA,NA,24305,47N01W19L001M,47N01W19L001M,USGS quad,5 ft.,1-003,Butte Valley,Siskiyou,45,Stockwatering,Single Well,NONE,1951-11-30 00:00:00 - 2020-04-01 12:00:00,123,fall,4.1,12.4,NA,NA,1994,4.55,2.73,7.81,5.02,Critical,SAC,1993-10-01T00:00:00Z,1994-10-01T00:00:00Z,-122.027,41.9016
419017N1220269W001,1791669,1993-03-17T00:00:00Z,4242.28,4241.78,0,9.4,4232.88,9.4,8.9,NA,Unknown,Water level accuracy is unknown,1,Department of Water Resources,NA,1,Department of Water Resources,NA,NA,24305,47N01W19L001M,47N01W19L001M,USGS quad,5 ft.,1-003,Butte Valley,Siskiyou,45,Stockwatering,Single Well,NONE,1951-11-30 00:00:00 - 2020-04-01 12:00:00,123,spring,NA,NA,1.6,13.3,1993,12.44,8.98,22.21,8.54,Above Normal,SAC,1992-10-01T00:00:00Z,1993-10-01T00:00:00Z,-122.027,41.9016
419017N1220269W001,1791668,1992-10-20T00:00:00Z,4242.28,4241.78,0,10.1,4232.18,10.1,9.6,NA,Unknown,Water level accuracy is unknown,1,Department of Water Resources,NA,1,Department of Water Resources,NA,NA,24305,47N01W19L001M,47N01W19L001M,USGS quad,5 ft.,1-003,Butte Valley,Siskiyou,45,Stockwatering,Single Well,NONE,1951-11-30 00:00:00 - 2020-04-01 12:00:00,123,fall,4.1,12.4,NA,NA,1993,12.44,8.98,22.21,8.54,Above Normal,SAC,1992-10-01T00:00:00Z,1993-10-01T00:00:00Z,-122.027,41.9016
419017N1220269W001,1791667,1992-03-02T00:00:00Z,4242.28,4241.78,0,9.4,4232.88,9.4,8.9,NA,Unknown,Water level accuracy is unknown,1,Department of Water Resources,NA,1,Department of Water Resources,NA,NA,24305,47N01W19L001M,47N01W19L001M,USGS quad,5 ft.,1-003,Butte Valley,Siskiyou,45,Stockwatering,Single Well,NONE,1951-11-30 00:00:00 - 2020-04-01 12:00:00,123,spring,NA,NA,1.6,13.3,1992,5.41,2.93,8.87,4.06,Critical,SAC,1991-10-01T00:00:00Z,1992-10-01T00:00:00Z,-122.027,41.9016
419017N1220269W001,1791666,1991-09-30T00:00:00Z,4242.28,4241.78,0,8.9,4233.38,8.9,8.4,NA,Unknown,Water level accuracy is unknown,1,Department of Water Resources,NA,1,Department of Water Resources,NA,NA,24305,47N01W19L001M,47N01W19L001M,USGS quad,5 ft.,1-003,Butte Valley,Siskiyou,45,Stockwatering,Single Well,NONE,1951-11-30 00:00:00 - 2020-04-01 12:00:00,123,fall,4.1,12.4,NA,NA,1991,3.9,4.01,8.44,4.21,Critical,SAC,1990-10-01T00:00:00Z,1991-10-01T00:00:00Z,-122.027,41.9016
419017N1220269W001,1791665,1991-03-19T00:00:00Z,4242.28,4241.78,0,8.4,4233.88,8.4,7.9,NA,Unknown,Water level accuracy is unknown,1,Department of Water Resources,NA,1,Department of Water Resources,NA,NA,24305,47N01W19L001M,47N01W19L001M,USGS quad,5 ft.,1-003,Butte Valley,Siskiyou,45,Stockwatering,Single Well,NONE,1951-11-30 00:00:00 - 2020-04-01 12:00:00,123,spring,NA,NA,1.6,13.3,1991,3.9,4.01,8.44,4.21,Critical,SAC,1990-10-01T00:00:00Z,1991-10-01T00:00:00Z,-122.027,41.9016
419017N1220269W001,1791664,1990-10-02T00:00:00Z,4242.28,4241.78,0,7.9,4234.38,7.9,7.4,NA,Unknown,Water level accuracy is unknown,1,Department of Water Resources,NA,1,Department of Water Resources,NA,NA,24305,47N01W19L001M,47N01W19L001M,USGS quad,5 ft.,1-003,Butte Valley,Siskiyou,45,Stockwatering,Single Well,NONE,1951-11-30 00:00:00 - 2020-04-01 12:00:00,123,fall,4.1,12.4,NA,NA,1991,3.9,4.01,8.44,4.21,Critical,SAC,1990-10-01T00:00:00Z,1991-10-01T00:00:00Z,-122.027,41.9016
419017N1220269W001,1791663,1990-03-20T00:00:00Z,4242.28,4241.78,0,7,4235.28,7,6.5,NA,Unknown,Water level accuracy is unknown,1,Department of Water Resources,NA,1,Department of Water Resources,NA,NA,24305,47N01W19L001M,47N01W19L001M,USGS quad,5 ft.,1-003,Butte Valley,Siskiyou,45,Stockwatering,Single Well,NONE,1951-11-30 00:00:00 - 2020-04-01 12:00:00,123,spring,NA,NA,1.6,13.3,1990,4.94,3.72,9.26,4.81,Critical,SAC,1989-10-01T00:00:00Z,1990-10-01T00:00:00Z,-122.027,41.9016
419017N1220269W001,1791662,1989-10-02T00:00:00Z,4242.28,4241.78,0,7.4,4234.88,7.4,6.9,NA,Unknown,Water level accuracy is unknown,1,Department of Water Resources,NA,1,Department of Water Resources,NA,NA,24305,47N01W19L001M,47N01W19L001M,USGS quad,5 ft.,1-003,Butte Valley,Siskiyou,45,Stockwatering,Single Well,NONE,1951-11-30 00:00:00 - 2020-04-01 12:00:00,123,fall,4.1,12.4,NA,NA,1990,4.94,3.72,9.26,4.81,Critical,SAC,1989-10-01T00:00:00Z,1990-10-01T00:00:00Z,-122.027,41.9016
419017N1220269W001,1791661,1978-03-29T00:00:00Z,4242.28,4241.78,0,5.1,4237.18,5.1,4.6,NA,Unknown,Water level accuracy is unknown,1,Department of Water Resources,NA,1,Department of Water Resources,NA,NA,24305,47N01W19L001M,47N01W19L001M,USGS quad,5 ft.,1-003,Butte Valley,Siskiyou,45,Stockwatering,Single Well,NONE,1951-11-30 00:00:00 - 2020-04-01 12:00:00,123,spring,NA,NA,1.6,13.3,1978,14.9,8.12,23.92,8.65,Above Normal,SAC,1977-10-01T00:00:00Z,1978-10-01T00:00:00Z,-122.027,41.9016
419017N1220269W001,1791660,1977-10-20T00:00:00Z,4242.28,4241.78,0,8,4234.28,8,7.5,NA,Unknown,Water level accuracy is unknown,1,Department of Water Resources,NA,1,Department of Water Resources,NA,NA,24305,47N01W19L001M,47N01W19L001M,USGS quad,5 ft.,1-003,Butte Valley,Siskiyou,45,Stockwatering,Single Well,NONE,1951-11-30 00:00:00 - 2020-04-01 12:00:00,123,fall,4.1,12.4,NA,NA,1978,14.9,8.12,23.92,8.65,Above Normal,SAC,1977-10-01T00:00:00Z,1978-10-01T00:00:00Z,-122.027,41.9016
419017N1220269W001,1791659,1977-03-29T00:00:00Z,4242.28,4241.78,0,6.6,4235.68,6.6,6.1,NA,Unknown,Water level accuracy is unknown,1,Department of Water Resources,NA,1,Department of Water Resources,NA,NA,24305,47N01W19L001M,47N01W19L001M,USGS quad,5 ft.,1-003,Butte Valley,Siskiyou,45,Stockwatering,Single Well,NONE,1951-11-30 00:00:00 - 2020-04-01 12:00:00,123,spring,NA,NA,1.6,13.3,1977,2.49,1.93,5.12,3.11,Critical,SAC,1976-10-01T00:00:00Z,1977-10-01T00:00:00Z,-122.027,41.9016
419017N1220269W001,1791658,1976-11-01T00:00:00Z,4242.28,4241.78,0,6.3,4235.98,6.3,5.8,NA,Unknown,Water level accuracy is unknown,1,Department of Water Resources,NA,1,Department of Water Resources,NA,NA,24305,47N01W19L001M,47N01W19L001M,USGS quad,5 ft.,1-003,Butte Valley,Siskiyou,45,Stockwatering,Single Well,NONE,1951-11-30 00:00:00 - 2020-04-01 12:00:00,123,fall,4.1,12.4,NA,NA,1977,2.49,1.93,5.12,3.11,Critical,SAC,1976-10-01T00:00:00Z,1977-10-01T00:00:00Z,-122.027,41.9016
419017N1220269W001,1791657,1976-03-18T00:00:00Z,4242.28,4241.78,0,5.1,4237.18,5.1,4.6,NA,Unknown,Water level accuracy is unknown,1,Department of Water Resources,NA,1,Department of Water Resources,NA,NA,24305,47N01W19L001M,47N01W19L001M,USGS quad,5 ft.,1-003,Butte Valley,Siskiyou,45,Stockwatering,Single Well,NONE,1951-11-30 00:00:00 - 2020-04-01 12:00:00,123,spring,NA,NA,1.6,13.3,1976,4.63,2.75,8.2,5.29,Critical,SAC,1975-10-01T00:00:00Z,1976-10-01T00:00:00Z,-122.027,41.9016
419017N1220269W001,1791656,1975-11-05T00:00:00Z,4242.28,4241.78,0,4.9,4237.38,4.9,4.4,NA,Unknown,Water level accuracy is unknown,1,Department of Water Resources,NA,1,Department of Water Resources,NA,NA,24305,47N01W19L001M,47N01W19L001M,USGS quad,5 ft.,1-003,Butte Valley,Siskiyou,45,Stockwatering,Single Well,NONE,1951-11-30 00:00:00 - 2020-04-01 12:00:00,123,fall,4.1,12.4,NA,NA,1976,4.63,2.75,8.2,5.29,Critical,SAC,1975-10-01T00:00:00Z,1976-10-01T00:00:00Z,-122.027,41.9016
419017N1220269W001,1791655,1975-04-17T00:00:00Z,4242.28,4241.78,0,2.1,4240.18,2.1,1.6,NA,Unknown,Water level accuracy is unknown,1,Department of Water Resources,NA,1,Department of Water Resources,NA,NA,24305,47N01W19L001M,47N01W19L001M,USGS quad,5 ft.,1-003,Butte Valley,Siskiyou,45,Stockwatering,Single Well,NONE,1951-11-30 00:00:00 - 2020-04-01 12:00:00,123,spring,NA,NA,1.6,13.3,1975,9.24,8.95,19.23,9.35,Wet,SAC,1974-10-01T00:00:00Z,1975-10-01T00:00:00Z,-122.027,41.9016
419017N1220269W001,1791654,1974-11-06T00:00:00Z,4242.28,4241.78,0,5.2,4237.08,5.2,4.7,NA,Unknown,Water level accuracy is unknown,1,Department of Water Resources,NA,1,Department of Water Resources,NA,NA,24305,47N01W19L001M,47N01W19L001M,USGS quad,5 ft.,1-003,Butte Valley,Siskiyou,45,Stockwatering,Single Well,NONE,1951-11-30 00:00:00 - 2020-04-01 12:00:00,123,fall,4.1,12.4,NA,NA,1975,9.24,8.95,19.23,9.35,Wet,SAC,1974-10-01T00:00:00Z,1975-10-01T00:00:00Z,-122.027,41.9016
419017N1220269W001,1791653,1974-04-11T00:00:00Z,4242.28,4241.78,0,2.2,4240.08,2.2,1.7,NA,Unknown,Water level accuracy is unknown,1,Department of Water Resources,NA,1,Department of Water Resources,NA,NA,24305,47N01W19L001M,47N01W19L001M,USGS quad,5 ft.,1-003,Butte Valley,Siskiyou,45,Stockwatering,Single Well,NONE,1951-11-30 00:00:00 - 2020-04-01 12:00:00,123,spring,NA,NA,1.6,13.3,1974,21.69,9.78,32.5,12.99,Wet,SAC,1973-10-01T00:00:00Z,1974-10-01T00:00:00Z,-122.027,41.9016
419017N1220269W001,1791652,1973-10-10T00:00:00Z,4242.28,4241.78,0,6.5,4235.78,6.5,6,NA,Unknown,Water level accuracy is unknown,1,Department of Water Resources,NA,1,Department of Water Resources,NA,NA,24305,47N01W19L001M,47N01W19L001M,USGS quad,5 ft.,1-003,Butte Valley,Siskiyou,45,Stockwatering,Single Well,NONE,1951-11-30 00:00:00 - 2020-04-01 12:00:00,123,fall,4.1,12.4,NA,NA,1974,21.69,9.78,32.5,12.99,Wet,SAC,1973-10-01T00:00:00Z,1974-10-01T00:00:00Z,-122.027,41.9016
419017N1220269W001,1791651,1973-04-19T00:00:00Z,4242.28,4241.78,0,5.8,4236.48,5.8,5.3,NA,Unknown,Water level accuracy is unknown,1,Department of Water Resources,NA,1,Department of Water Resources,NA,NA,24305,47N01W19L001M,47N01W19L001M,USGS quad,5 ft.,1-003,Butte Valley,Siskiyou,45,Stockwatering,Single Well,NONE,1951-11-30 00:00:00 - 2020-04-01 12:00:00,123,spring,NA,NA,1.6,13.3,1973,12.8,6.38,20.05,8.58,Above Normal,SAC,1972-10-01T00:00:00Z,1973-10-01T00:00:00Z,-122.027,41.9016
419017N1220269W001,1791650,1972-10-04T00:00:00Z,4242.28,4241.78,0,5,4237.28,5,4.5,NA,Unknown,Water level accuracy is unknown,1,Department of Water Resources,NA,1,Department of Water Resources,NA,NA,24305,47N01W19L001M,47N01W19L001M,USGS quad,5 ft.,1-003,Butte Valley,Siskiyou,45,Stockwatering,Single Well,NONE,1951-11-30 00:00:00 - 2020-04-01 12:00:00,123,fall,4.1,12.4,NA,NA,1973,12.8,6.38,20.05,8.58,Above Normal,SAC,1972-10-01T00:00:00Z,1973-10-01T00:00:00Z,-122.027,41.9016
419017N1220269W001,1791649,1972-03-30T00:00:00Z,4242.28,4241.78,0,4.1,4238.18,4.1,3.6,NA,Unknown,Water level accuracy is unknown,1,Department of Water Resources,NA,1,Department of Water Resources,NA,NA,24305,47N01W19L001M,47N01W19L001M,USGS quad,5 ft.,1-003,Butte Valley,Siskiyou,45,Stockwatering,Single Well,NONE,1951-11-30 00:00:00 - 2020-04-01 12:00:00,123,spring,NA,NA,1.6,13.3,1972,7.61,5.02,13.43,7.29,Below Normal,SAC,1971-10-01T00:00:00Z,1972-10-01T00:00:00Z,-122.027,41.9016
419017N1220269W001,1791648,1971-10-29T00:00:00Z,4242.28,4241.78,0,5.3,4236.98,5.3,4.8,NA,Unknown,Water level accuracy is unknown,1,Department of Water Resources,NA,1,Department of Water Resources,NA,NA,24305,47N01W19L001M,47N01W19L001M,USGS quad,5 ft.,1-003,Butte Valley,Siskiyou,45,Stockwatering,Single Well,NONE,1951-11-30 00:00:00 - 2020-04-01 12:00:00,123,fall,4.1,12.4,NA,NA,1972,7.61,5.02,13.43,7.29,Below Normal,SAC,1971-10-01T00:00:00Z,1972-10-01T00:00:00Z,-122.027,41.9016
419017N1220269W001,1791647,1971-10-28T00:00:00Z,4242.28,4241.78,0,5,4237.28,5,4.5,NA,Unknown,Water level accuracy is unknown,1,Department of Water Resources,NA,624,Bureau of Reclamation,NA,NA,24305,47N01W19L001M,47N01W19L001M,USGS quad,5 ft.,1-003,Butte Valley,Siskiyou,45,Stockwatering,Single Well,NONE,1951-11-30 00:00:00 - 2020-04-01 12:00:00,123,fall,4.1,12.4,NA,NA,1972,7.61,5.02,13.43,7.29,Below Normal,SAC,1971-10-01T00:00:00Z,1972-10-01T00:00:00Z,-122.027,41.9016
419017N1220269W001,1791646,1971-10-07T00:00:00Z,4242.28,4241.78,0,5.1,4237.18,5.1,4.6,NA,Unknown,Water level accuracy is unknown,1,Department of Water Resources,NA,624,Bureau of Reclamation,NA,NA,24305,47N01W19L001M,47N01W19L001M,USGS quad,5 ft.,1-003,Butte Valley,Siskiyou,45,Stockwatering,Single Well,NONE,1951-11-30 00:00:00 - 2020-04-01 12:00:00,123,fall,4.1,12.4,NA,NA,1972,7.61,5.02,13.43,7.29,Below Normal,SAC,1971-10-01T00:00:00Z,1972-10-01T00:00:00Z,-122.027,41.9016
419017N1220269W001,1791645,1971-08-30T00:00:00Z,4242.28,4241.78,0,4.6,4237.68,4.6,4.1,NA,Unknown,Water level accuracy is unknown,1,Department of Water Resources,NA,624,Bureau of Reclamation,NA,NA,24305,47N01W19L001M,47N01W19L001M,USGS quad,5 ft.,1-003,Butte Valley,Siskiyou,45,Stockwatering,Single Well,NONE,1951-11-30 00:00:00 - 2020-04-01 12:00:00,123,fall,4.1,12.4,NA,NA,1971,12.71,8.9,22.57,10.37,Wet,SAC,1970-10-01T00:00:00Z,1971-10-01T00:00:00Z,-122.027,41.9016
419017N1220269W001,1791644,1971-07-27T00:00:00Z,4242.28,4241.78,0,4.2,4238.08,4.2,3.7,NA,Unknown,Water level accuracy is unknown,1,Department of Water Resources,NA,624,Bureau of Reclamation,NA,NA,24305,47N01W19L001M,47N01W19L001M,USGS quad,5 ft.,1-003,Butte Valley,Siskiyou,45,Stockwatering,Single Well,NONE,1951-11-30 00:00:00 - 2020-04-01 12:00:00,123,other,NA,NA,NA,NA,1971,12.71,8.9,22.57,10.37,Wet,SAC,1970-10-01T00:00:00Z,1971-10-01T00:00:00Z,-122.027,41.9016
419017N1220269W001,1791643,1971-06-30T00:00:00Z,4242.28,4241.78,0,3.7,4238.58,3.7,3.2,NA,Unknown,Water level accuracy is unknown,1,Department of Water Resources,NA,624,Bureau of Reclamation,NA,NA,24305,47N01W19L001M,47N01W19L001M,USGS quad,5 ft.,1-003,Butte Valley,Siskiyou,45,Stockwatering,Single Well,NONE,1951-11-30 00:00:00 - 2020-04-01 12:00:00,123,other,NA,NA,NA,NA,1971,12.71,8.9,22.57,10.37,Wet,SAC,1970-10-01T00:00:00Z,1971-10-01T00:00:00Z,-122.027,41.9016
419017N1220269W001,1791642,1971-04-06T00:00:00Z,4242.28,4241.78,0,3.5,4238.78,3.5,3,NA,Unknown,Water level accuracy is unknown,1,Department of Water Resources,NA,1,Department of Water Resources,NA,NA,24305,47N01W19L001M,47N01W19L001M,USGS quad,5 ft.,1-003,Butte Valley,Siskiyou,45,Stockwatering,Single Well,NONE,1951-11-30 00:00:00 - 2020-04-01 12:00:00,123,spring,NA,NA,1.6,13.3,1971,12.71,8.9,22.57,10.37,Wet,SAC,1970-10-01T00:00:00Z,1971-10-01T00:00:00Z,-122.027,41.9016
419017N1220269W001,1791641,1970-10-06T00:00:00Z,4242.28,4241.78,0,5.4,4236.88,5.4,4.9,NA,Unknown,Water level accuracy is unknown,1,Department of Water Resources,NA,1,Department of Water Resources,NA,NA,24305,47N01W19L001M,47N01W19L001M,USGS quad,5 ft.,1-003,Butte Valley,Siskiyou,45,Stockwatering,Single Well,NONE,1951-11-30 00:00:00 - 2020-04-01 12:00:00,123,fall,4.1,12.4,NA,NA,1971,12.71,8.9,22.57,10.37,Wet,SAC,1970-10-01T00:00:00Z,1971-10-01T00:00:00Z,-122.027,41.9016
419017N1220269W001,1791640,1970-04-06T00:00:00Z,4242.28,4241.78,0,4,4238.28,4,3.5,NA,Unknown,Water level accuracy is unknown,1,Department of Water Resources,NA,1,Department of Water Resources,NA,NA,24305,47N01W19L001M,47N01W19L001M,USGS quad,5 ft.,1-003,Butte Valley,Siskiyou,45,Stockwatering,Single Well,NONE,1951-11-30 00:00:00 - 2020-04-01 12:00:00,123,spring,NA,NA,1.6,13.3,1970,18.87,4.35,24.06,10.4,Wet,SAC,1969-10-01T00:00:00Z,1970-10-01T00:00:00Z,-122.027,41.9016
419017N1220269W001,1791639,1969-10-08T00:00:00Z,4242.28,4241.78,0,5.8,4236.48,5.8,5.3,NA,Unknown,Water level accuracy is unknown,1,Department of Water Resources,NA,1,Department of Water Resources,NA,NA,24305,47N01W19L001M,47N01W19L001M,USGS quad,5 ft.,1-003,Butte Valley,Siskiyou,45,Stockwatering,Single Well,NONE,1951-11-30 00:00:00 - 2020-04-01 12:00:00,123,fall,4.1,12.4,NA,NA,1970,18.87,4.35,24.06,10.4,Wet,SAC,1969-10-01T00:00:00Z,1970-10-01T00:00:00Z,-122.027,41.9016
419017N1220269W001,1791638,1969-04-07T00:00:00Z,4242.28,4241.78,0,4.5,4237.78,4.5,4,NA,Unknown,Water level accuracy is unknown,1,Department of Water Resources,NA,1,Department of Water Resources,NA,NA,24305,47N01W19L001M,47N01W19L001M,USGS quad,5 ft.,1-003,Butte Valley,Siskiyou,45,Stockwatering,Single Well,NONE,1951-11-30 00:00:00 - 2020-04-01 12:00:00,123,spring,NA,NA,1.6,13.3,1969,15.33,10.68,26.98,11.05,Wet,SAC,1968-10-01T00:00:00Z,1969-10-01T00:00:00Z,-122.027,41.9016
419017N1220269W001,1791637,1968-10-01T00:00:00Z,4242.28,4241.78,0,7,4235.28,7,6.5,NA,Unknown,Water level accuracy is unknown,1,Department of Water Resources,NA,1,Department of Water Resources,NA,NA,24305,47N01W19L001M,47N01W19L001M,USGS quad,5 ft.,1-003,Butte Valley,Siskiyou,45,Stockwatering,Single Well,NONE,1951-11-30 00:00:00 - 2020-04-01 12:00:00,123,fall,4.1,12.4,NA,NA,1969,15.33,10.68,26.98,11.05,Wet,SAC,1968-10-01T00:00:00Z,1969-10-01T00:00:00Z,-122.027,41.9016
419017N1220269W001,1791636,1968-04-12T00:00:00Z,4242.28,4241.78,0,6.2,4236.08,6.2,5.7,NA,Unknown,Water level accuracy is unknown,1,Department of Water Resources,NA,1,Department of Water Resources,NA,NA,24305,47N01W19L001M,47N01W19L001M,USGS quad,5 ft.,1-003,Butte Valley,Siskiyou,45,Stockwatering,Single Well,NONE,1951-11-30 00:00:00 - 2020-04-01 12:00:00,123,spring,NA,NA,1.6,13.3,1968,8.66,4.12,13.64,7.24,Below Normal,SAC,1967-10-01T00:00:00Z,1968-10-01T00:00:00Z,-122.027,41.9016
419017N1220269W001,1791635,1967-10-05T00:00:00Z,4242.28,4241.78,0,5.5,4236.78,5.5,5,NA,Unknown,Water level accuracy is unknown,1,Department of Water Resources,NA,1,Department of Water Resources,NA,NA,24305,47N01W19L001M,47N01W19L001M,USGS quad,5 ft.,1-003,Butte Valley,Siskiyou,45,Stockwatering,Single Well,NONE,1951-11-30 00:00:00 - 2020-04-01 12:00:00,123,fall,4.1,12.4,NA,NA,1968,8.66,4.12,13.64,7.24,Below Normal,SAC,1967-10-01T00:00:00Z,1968-10-01T00:00:00Z,-122.027,41.9016
419017N1220269W001,1791634,1967-04-13T00:00:00Z,4242.28,4241.78,0,4.8,4237.48,4.8,4.3,NA,Unknown,Water level accuracy is unknown,1,Department of Water Resources,NA,1,Department of Water Resources,NA,NA,24305,47N01W19L001M,47N01W19L001M,USGS quad,5 ft.,1-003,Butte Valley,Siskiyou,45,Stockwatering,Single Well,NONE,1951-11-30 00:00:00 - 2020-04-01 12:00:00,123,spring,NA,NA,1.6,13.3,1967,12.14,11.01,24.06,10.2,Wet,SAC,1966-10-01T00:00:00Z,1967-10-01T00:00:00Z,-122.027,41.9016
419017N1220269W001,1791633,1966-10-03T00:00:00Z,4241.98,4241.78,0,6.6,4235.38,6.6,6.4,NA,Unknown,Water level accuracy is unknown,1,Department of Water Resources,NA,1,Department of Water Resources,NA,NA,24305,47N01W19L001M,47N01W19L001M,USGS quad,5 ft.,1-003,Butte Valley,Siskiyou,45,Stockwatering,Single Well,NONE,1951-11-30 00:00:00 - 2020-04-01 12:00:00,123,fall,4.1,12.4,NA,NA,1967,12.14,11.01,24.06,10.2,Wet,SAC,1966-10-01T00:00:00Z,1967-10-01T00:00:00Z,-122.027,41.9016
419017N1220269W001,1791632,1966-04-05T00:00:00Z,4241.98,4241.78,0,6,4235.98,6,5.8,NA,Unknown,Water level accuracy is unknown,1,Department of Water Resources,NA,1,Department of Water Resources,NA,NA,24305,47N01W19L001M,47N01W19L001M,USGS quad,5 ft.,1-003,Butte Valley,Siskiyou,45,Stockwatering,Single Well,NONE,1951-11-30 00:00:00 - 2020-04-01 12:00:00,123,spring,NA,NA,1.6,13.3,1966,7.42,4.84,12.95,7.16,Below Normal,SAC,1965-10-01T00:00:00Z,1966-10-01T00:00:00Z,-122.027,41.9016
419017N1220269W001,1791631,1965-11-03T00:00:00Z,4241.98,4241.78,0,6.3,4235.68,6.3,6.1,NA,Unknown,Water level accuracy is unknown,1,Department of Water Resources,NA,1,Department of Water Resources,NA,NA,24305,47N01W19L001M,47N01W19L001M,USGS quad,5 ft.,1-003,Butte Valley,Siskiyou,45,Stockwatering,Single Well,NONE,1951-11-30 00:00:00 - 2020-04-01 12:00:00,123,fall,4.1,12.4,NA,NA,1966,7.42,4.84,12.95,7.16,Below Normal,SAC,1965-10-01T00:00:00Z,1966-10-01T00:00:00Z,-122.027,41.9016
419017N1220269W001,1791630,1958-10-09T00:00:00Z,4241.98,4241.78,0,7.5,4234.48,7.5,7.3,NA,Unknown,Water level accuracy is unknown,1,Department of Water Resources,NA,624,Bureau of Reclamation,NA,NA,24305,47N01W19L001M,47N01W19L001M,USGS quad,5 ft.,1-003,Butte Valley,Siskiyou,45,Stockwatering,Single Well,NONE,1951-11-30 00:00:00 - 2020-04-01 12:00:00,123,fall,4.1,12.4,NA,NA,1959,7.4,3.84,12.05,6.75,Below Normal,SAC,1958-10-01T00:00:00Z,1959-10-01T00:00:00Z,-122.027,41.9016
419017N1220269W001,1791629,1958-05-01T00:00:00Z,4241.98,4241.78,0,7.5,4234.48,7.5,7.3,NA,Unknown,Water level accuracy is unknown,1,Department of Water Resources,NA,624,Bureau of Reclamation,NA,NA,24305,47N01W19L001M,47N01W19L001M,USGS quad,5 ft.,1-003,Butte Valley,Siskiyou,45,Stockwatering,Single Well,NONE,1951-11-30 00:00:00 - 2020-04-01 12:00:00,123,spring,NA,NA,1.6,13.3,1958,16.37,12.24,29.71,12.16,Wet,SAC,1957-10-01T00:00:00Z,1958-10-01T00:00:00Z,-122.027,41.9016
419017N1220269W001,1791628,1957-09-25T00:00:00Z,4241.98,4241.78,0,9,4232.98,9,8.8,NA,Unknown,Water level accuracy is unknown,1,Department of Water Resources,NA,624,Bureau of Reclamation,NA,NA,24305,47N01W19L001M,47N01W19L001M,USGS quad,5 ft.,1-003,Butte Valley,Siskiyou,45,Stockwatering,Single Well,NONE,1951-11-30 00:00:00 - 2020-04-01 12:00:00,123,fall,4.1,12.4,NA,NA,1957,7.72,6.29,14.89,7.83,Above Normal,SAC,1956-10-01T00:00:00Z,1957-10-01T00:00:00Z,-122.027,41.9016
419017N1220269W001,1791627,1957-04-12T00:00:00Z,4241.98,4241.78,0,9,4232.98,9,8.8,NA,Unknown,Water level accuracy is unknown,1,Department of Water Resources,NA,624,Bureau of Reclamation,NA,NA,24305,47N01W19L001M,47N01W19L001M,USGS quad,5 ft.,1-003,Butte Valley,Siskiyou,45,Stockwatering,Single Well,NONE,1951-11-30 00:00:00 - 2020-04-01 12:00:00,123,spring,NA,NA,1.6,13.3,1957,7.72,6.29,14.89,7.83,Above Normal,SAC,1956-10-01T00:00:00Z,1957-10-01T00:00:00Z,-122.027,41.9016
419017N1220269W001,1791626,1956-05-02T00:00:00Z,4241.98,4241.78,0,9.8,4232.18,9.8,9.6,NA,Unknown,Water level accuracy is unknown,1,Department of Water Resources,NA,624,Bureau of Reclamation,NA,NA,24305,47N01W19L001M,47N01W19L001M,USGS quad,5 ft.,1-003,Butte Valley,Siskiyou,45,Stockwatering,Single Well,NONE,1951-11-30 00:00:00 - 2020-04-01 12:00:00,123,spring,NA,NA,1.6,13.3,1956,20.32,8.6,29.89,11.38,Wet,SAC,1955-10-01T00:00:00Z,1956-10-01T00:00:00Z,-122.027,41.9016
419017N1220269W001,1791625,1955-10-03T00:00:00Z,4241.98,4241.78,0,11.8,4230.18,11.8,11.6,NA,Unknown,Water level accuracy is unknown,1,Department of Water Resources,NA,624,Bureau of Reclamation,NA,NA,24305,47N01W19L001M,47N01W19L001M,USGS quad,5 ft.,1-003,Butte Valley,Siskiyou,45,Stockwatering,Single Well,NONE,1951-11-30 00:00:00 - 2020-04-01 12:00:00,123,fall,4.1,12.4,NA,NA,1956,20.32,8.6,29.89,11.38,Wet,SAC,1955-10-01T00:00:00Z,1956-10-01T00:00:00Z,-122.027,41.9016
419017N1220269W001,1791624,1955-03-21T00:00:00Z,4241.98,4241.78,0,11.6,4230.38,11.6,11.4,NA,Unknown,Water level accuracy is unknown,1,Department of Water Resources,NA,624,Bureau of Reclamation,NA,NA,24305,47N01W19L001M,47N01W19L001M,USGS quad,5 ft.,1-003,Butte Valley,Siskiyou,45,Stockwatering,Single Well,NONE,1951-11-30 00:00:00 - 2020-04-01 12:00:00,123,spring,NA,NA,1.6,13.3,1955,5.19,5.07,10.98,6.14,Dry,SAC,1954-10-01T00:00:00Z,1955-10-01T00:00:00Z,-122.027,41.9016
419017N1220269W001,1791623,1954-09-28T00:00:00Z,4241.98,4241.78,0,10.8,4231.18,10.8,10.6,NA,Unknown,Water level accuracy is unknown,1,Department of Water Resources,NA,624,Bureau of Reclamation,NA,NA,24305,47N01W19L001M,47N01W19L001M,USGS quad,5 ft.,1-003,Butte Valley,Siskiyou,45,Stockwatering,Single Well,NONE,1951-11-30 00:00:00 - 2020-04-01 12:00:00,123,fall,4.1,12.4,NA,NA,1954,9.74,6.81,17.43,8.51,Above Normal,SAC,1953-10-01T00:00:00Z,1954-10-01T00:00:00Z,-122.027,41.9016
419017N1220269W001,1791622,1954-05-05T00:00:00Z,4241.98,4241.78,0,10.9,4231.08,10.9,10.7,NA,Unknown,Water level accuracy is unknown,1,Department of Water Resources,NA,624,Bureau of Reclamation,NA,NA,24305,47N01W19L001M,47N01W19L001M,USGS quad,5 ft.,1-003,Butte Valley,Siskiyou,45,Stockwatering,Single Well,NONE,1951-11-30 00:00:00 - 2020-04-01 12:00:00,123,spring,NA,NA,1.6,13.3,1954,9.74,6.81,17.43,8.51,Above Normal,SAC,1953-10-01T00:00:00Z,1954-10-01T00:00:00Z,-122.027,41.9016
419017N1220269W001,1791621,1954-04-01T00:00:00Z,4241.98,4241.78,0,11,4230.98,11,10.8,NA,Unknown,Water level accuracy is unknown,1,Department of Water Resources,NA,624,Bureau of Reclamation,NA,NA,24305,47N01W19L001M,47N01W19L001M,USGS quad,5 ft.,1-003,Butte Valley,Siskiyou,45,Stockwatering,Single Well,NONE,1951-11-30 00:00:00 - 2020-04-01 12:00:00,123,spring,NA,NA,1.6,13.3,1954,9.74,6.81,17.43,8.51,Above Normal,SAC,1953-10-01T00:00:00Z,1954-10-01T00:00:00Z,-122.027,41.9016
419017N1220269W001,1791620,1954-03-21T00:00:00Z,4241.98,4241.78,0,11.6,4230.38,11.6,11.4,NA,Unknown,Water level accuracy is unknown,1,Department of Water Resources,NA,624,Bureau of Reclamation,NA,NA,24305,47N01W19L001M,47N01W19L001M,USGS quad,5 ft.,1-003,Butte Valley,Siskiyou,45,Stockwatering,Single Well,NONE,1951-11-30 00:00:00 - 2020-04-01 12:00:00,123,spring,NA,NA,1.6,13.3,1954,9.74,6.81,17.43,8.51,Above Normal,SAC,1953-10-01T00:00:00Z,1954-10-01T00:00:00Z,-122.027,41.9016
419017N1220269W001,1791619,1953-11-15T00:00:00Z,4241.98,4241.78,0,11.4,4230.58,11.4,11.2,NA,Unknown,Water level accuracy is unknown,1,Department of Water Resources,NA,624,Bureau of Reclamation,NA,NA,24305,47N01W19L001M,47N01W19L001M,USGS quad,5 ft.,1-003,Butte Valley,Siskiyou,45,Stockwatering,Single Well,NONE,1951-11-30 00:00:00 - 2020-04-01 12:00:00,123,fall,4.1,12.4,NA,NA,1954,9.74,6.81,17.43,8.51,Above Normal,SAC,1953-10-01T00:00:00Z,1954-10-01T00:00:00Z,-122.027,41.9016
419017N1220269W001,1791618,1953-10-27T00:00:00Z,4241.98,4241.78,0,11.4,4230.58,11.4,11.2,NA,Unknown,Water level accuracy is unknown,1,Department of Water Resources,NA,624,Bureau of Reclamation,NA,NA,24305,47N01W19L001M,47N01W19L001M,USGS quad,5 ft.,1-003,Butte Valley,Siskiyou,45,Stockwatering,Single Well,NONE,1951-11-30 00:00:00 - 2020-04-01 12:00:00,123,fall,4.1,12.4,NA,NA,1954,9.74,6.81,17.43,8.51,Above Normal,SAC,1953-10-01T00:00:00Z,1954-10-01T00:00:00Z,-122.027,41.9016
419017N1220269W001,1791617,1953-04-02T00:00:00Z,4241.98,4241.78,0,11.4,4230.58,11.4,11.2,NA,Unknown,Water level accuracy is unknown,1,Department of Water Resources,NA,624,Bureau of Reclamation,NA,NA,24305,47N01W19L001M,47N01W19L001M,USGS quad,5 ft.,1-003,Butte Valley,Siskiyou,45,Stockwatering,Single Well,NONE,1951-11-30 00:00:00 - 2020-04-01 12:00:00,123,spring,NA,NA,1.6,13.3,1953,10.84,8.26,20.09,9.55,Wet,SAC,1952-10-01T00:00:00Z,1953-10-01T00:00:00Z,-122.027,41.9016
419017N1220269W001,1791616,1953-03-02T00:00:00Z,4241.98,4241.78,0,11.5,4230.48,11.5,11.3,NA,Unknown,Water level accuracy is unknown,1,Department of Water Resources,NA,624,Bureau of Reclamation,NA,NA,24305,47N01W19L001M,47N01W19L001M,USGS quad,5 ft.,1-003,Butte Valley,Siskiyou,45,Stockwatering,Single Well,NONE,1951-11-30 00:00:00 - 2020-04-01 12:00:00,123,spring,NA,NA,1.6,13.3,1953,10.84,8.26,20.09,9.55,Wet,SAC,1952-10-01T00:00:00Z,1953-10-01T00:00:00Z,-122.027,41.9016
419017N1220269W001,1791615,1953-02-11T00:00:00Z,4241.98,4241.78,0,11.7,4230.28,11.7,11.5,NA,Unknown,Water level accuracy is unknown,1,Department of Water Resources,NA,624,Bureau of Reclamation,NA,NA,24305,47N01W19L001M,47N01W19L001M,USGS quad,5 ft.,1-003,Butte Valley,Siskiyou,45,Stockwatering,Single Well,NONE,1951-11-30 00:00:00 - 2020-04-01 12:00:00,123,other,NA,NA,NA,NA,1953,10.84,8.26,20.09,9.55,Wet,SAC,1952-10-01T00:00:00Z,1953-10-01T00:00:00Z,-122.027,41.9016
419017N1220269W001,1791614,1953-01-06T00:00:00Z,4241.98,4241.78,0,11.9,4230.08,11.9,11.7,NA,Unknown,Water level accuracy is unknown,1,Department of Water Resources,NA,624,Bureau of Reclamation,NA,NA,24305,47N01W19L001M,47N01W19L001M,USGS quad,5 ft.,1-003,Butte Valley,Siskiyou,45,Stockwatering,Single Well,NONE,1951-11-30 00:00:00 - 2020-04-01 12:00:00,123,other,NA,NA,NA,NA,1953,10.84,8.26,20.09,9.55,Wet,SAC,1952-10-01T00:00:00Z,1953-10-01T00:00:00Z,-122.027,41.9016
419017N1220269W001,1791613,1952-12-16T00:00:00Z,4241.98,4241.78,0,11.9,4230.08,11.9,11.7,NA,Unknown,Water level accuracy is unknown,1,Department of Water Resources,NA,624,Bureau of Reclamation,NA,NA,24305,47N01W19L001M,47N01W19L001M,USGS quad,5 ft.,1-003,Butte Valley,Siskiyou,45,Stockwatering,Single Well,NONE,1951-11-30 00:00:00 - 2020-04-01 12:00:00,123,other,NA,NA,NA,NA,1953,10.84,8.26,20.09,9.55,Wet,SAC,1952-10-01T00:00:00Z,1953-10-01T00:00:00Z,-122.027,41.9016
419017N1220269W001,1791612,1952-11-18T00:00:00Z,4241.98,4241.78,0,12,4229.98,12,11.8,NA,Unknown,Water level accuracy is unknown,1,Department of Water Resources,NA,624,Bureau of Reclamation,NA,NA,24305,47N01W19L001M,47N01W19L001M,USGS quad,5 ft.,1-003,Butte Valley,Siskiyou,45,Stockwatering,Single Well,NONE,1951-11-30 00:00:00 - 2020-04-01 12:00:00,123,fall,4.1,12.4,NA,NA,1953,10.84,8.26,20.09,9.55,Wet,SAC,1952-10-01T00:00:00Z,1953-10-01T00:00:00Z,-122.027,41.9016
419017N1220269W001,1791611,1952-09-24T00:00:00Z,4241.98,4241.78,0,11.9,4230.08,11.9,11.7,NA,Unknown,Water level accuracy is unknown,1,Department of Water Resources,NA,624,Bureau of Reclamation,NA,NA,24305,47N01W19L001M,47N01W19L001M,USGS quad,5 ft.,1-003,Butte Valley,Siskiyou,45,Stockwatering,Single Well,NONE,1951-11-30 00:00:00 - 2020-04-01 12:00:00,123,fall,4.1,12.4,NA,NA,1952,13.86,13.68,28.6,12.38,Wet,SAC,1951-10-01T00:00:00Z,1952-10-01T00:00:00Z,-122.027,41.9016
419017N1220269W001,1791610,1952-08-26T00:00:00Z,4241.98,4241.78,0,11.9,4230.08,11.9,11.7,NA,Unknown,Water level accuracy is unknown,1,Department of Water Resources,NA,624,Bureau of Reclamation,NA,NA,24305,47N01W19L001M,47N01W19L001M,USGS quad,5 ft.,1-003,Butte Valley,Siskiyou,45,Stockwatering,Single Well,NONE,1951-11-30 00:00:00 - 2020-04-01 12:00:00,123,fall,4.1,12.4,NA,NA,1952,13.86,13.68,28.6,12.38,Wet,SAC,1951-10-01T00:00:00Z,1952-10-01T00:00:00Z,-122.027,41.9016
419017N1220269W001,1791609,1952-07-31T00:00:00Z,4241.98,4241.78,0,13.4,4228.58,13.4,13.2,NA,Unknown,Water level accuracy is unknown,1,Department of Water Resources,NA,624,Bureau of Reclamation,NA,NA,24305,47N01W19L001M,47N01W19L001M,USGS quad,5 ft.,1-003,Butte Valley,Siskiyou,45,Stockwatering,Single Well,NONE,1951-11-30 00:00:00 - 2020-04-01 12:00:00,123,other,NA,NA,NA,NA,1952,13.86,13.68,28.6,12.38,Wet,SAC,1951-10-01T00:00:00Z,1952-10-01T00:00:00Z,-122.027,41.9016
419017N1220269W001,1791608,1952-07-10T00:00:00Z,4241.98,4241.78,0,15.3,4226.68,15.3,15.1,Pumping,Unknown,Water level accuracy is unknown,1,Department of Water Resources,NA,624,Bureau of Reclamation,NA,NA,24305,47N01W19L001M,47N01W19L001M,USGS quad,5 ft.,1-003,Butte Valley,Siskiyou,45,Stockwatering,Single Well,NONE,1951-11-30 00:00:00 - 2020-04-01 12:00:00,123,other,NA,NA,NA,NA,1952,13.86,13.68,28.6,12.38,Wet,SAC,1951-10-01T00:00:00Z,1952-10-01T00:00:00Z,-122.027,41.9016
419017N1220269W001,1791607,1952-06-03T00:00:00Z,4241.98,4241.78,0,13.8,4228.18,13.8,13.6,NA,Unknown,Water level accuracy is unknown,1,Department of Water Resources,NA,624,Bureau of Reclamation,NA,NA,24305,47N01W19L001M,47N01W19L001M,USGS quad,5 ft.,1-003,Butte Valley,Siskiyou,45,Stockwatering,Single Well,NONE,1951-11-30 00:00:00 - 2020-04-01 12:00:00,123,other,NA,NA,NA,NA,1952,13.86,13.68,28.6,12.38,Wet,SAC,1951-10-01T00:00:00Z,1952-10-01T00:00:00Z,-122.027,41.9016
419017N1220269W001,1791606,1952-05-12T00:00:00Z,4241.98,4241.78,0,12.1,4229.88,12.1,11.9,NA,Unknown,Water level accuracy is unknown,1,Department of Water Resources,NA,624,Bureau of Reclamation,NA,NA,24305,47N01W19L001M,47N01W19L001M,USGS quad,5 ft.,1-003,Butte Valley,Siskiyou,45,Stockwatering,Single Well,NONE,1951-11-30 00:00:00 - 2020-04-01 12:00:00,123,spring,NA,NA,1.6,13.3,1952,13.86,13.68,28.6,12.38,Wet,SAC,1951-10-01T00:00:00Z,1952-10-01T00:00:00Z,-122.027,41.9016
419017N1220269W001,1791605,1952-04-01T00:00:00Z,4241.98,4241.78,0,12.5,4229.48,12.5,12.3,NA,Unknown,Water level accuracy is unknown,1,Department of Water Resources,NA,624,Bureau of Reclamation,NA,NA,24305,47N01W19L001M,47N01W19L001M,USGS quad,5 ft.,1-003,Butte Valley,Siskiyou,45,Stockwatering,Single Well,NONE,1951-11-30 00:00:00 - 2020-04-01 12:00:00,123,spring,NA,NA,1.6,13.3,1952,13.86,13.68,28.6,12.38,Wet,SAC,1951-10-01T00:00:00Z,1952-10-01T00:00:00Z,-122.027,41.9016
419017N1220269W001,1791604,1952-03-05T00:00:00Z,4241.98,4241.78,0,13.3,4228.68,13.3,13.1,NA,Unknown,Water level accuracy is unknown,1,Department of Water Resources,NA,624,Bureau of Reclamation,NA,NA,24305,47N01W19L001M,47N01W19L001M,USGS quad,5 ft.,1-003,Butte Valley,Siskiyou,45,Stockwatering,Single Well,NONE,1951-11-30 00:00:00 - 2020-04-01 12:00:00,123,spring,NA,NA,1.6,13.3,1952,13.86,13.68,28.6,12.38,Wet,SAC,1951-10-01T00:00:00Z,1952-10-01T00:00:00Z,-122.027,41.9016
419017N1220269W001,1791603,1952-02-06T00:00:00Z,4241.98,4241.78,0,13.8,4228.18,13.8,13.6,NA,Unknown,Water level accuracy is unknown,1,Department of Water Resources,NA,624,Bureau of Reclamation,NA,NA,24305,47N01W19L001M,47N01W19L001M,USGS quad,5 ft.,1-003,Butte Valley,Siskiyou,45,Stockwatering,Single Well,NONE,1951-11-30 00:00:00 - 2020-04-01 12:00:00,123,other,NA,NA,NA,NA,1952,13.86,13.68,28.6,12.38,Wet,SAC,1951-10-01T00:00:00Z,1952-10-01T00:00:00Z,-122.027,41.9016
419017N1220269W001,1791602,1952-01-05T00:00:00Z,4241.98,4241.78,0,13.9,4228.08,13.9,13.7,NA,Unknown,Water level accuracy is unknown,1,Department of Water Resources,NA,624,Bureau of Reclamation,NA,NA,24305,47N01W19L001M,47N01W19L001M,USGS quad,5 ft.,1-003,Butte Valley,Siskiyou,45,Stockwatering,Single Well,NONE,1951-11-30 00:00:00 - 2020-04-01 12:00:00,123,other,NA,NA,NA,NA,1952,13.86,13.68,28.6,12.38,Wet,SAC,1951-10-01T00:00:00Z,1952-10-01T00:00:00Z,-122.027,41.9016
419017N1220269W001,1791601,1951-11-30T00:00:00Z,4241.98,4241.78,0,12.6,4229.38,12.6,12.4,NA,Unknown,Water level accuracy is unknown,1,Department of Water Resources,NA,624,Bureau of Reclamation,NA,NA,24305,47N01W19L001M,47N01W19L001M,USGS quad,5 ft.,1-003,Butte Valley,Siskiyou,45,Stockwatering,Single Well,NONE,1951-11-30 00:00:00 - 2020-04-01 12:00:00,123,fall,4.1,12.4,NA,NA,1952,13.86,13.68,28.6,12.38,Wet,SAC,1951-10-01T00:00:00Z,1952-10-01T00:00:00Z,-122.027,41.9016
