SITE_CODE,WLM_ID,MSMT_DATE,WLM_RPE,WLM_GSE,RDNG_WS,RDNG_RP,WSE,RPE_WSE,GSE_WSE,WLM_QA_DESC,WLM_DESC,WLM_ACC_DESC,WLM_ORG_ID,WLM_ORG_NAME,MSMT_CMT,COOP_AGENCY_ORG_ID,COOP_ORG_NAME,TOP_PRF,BOT_PRF,STN_ID,SWN,WELL_NAME,WLM_METHOD,WLM_ACC,BASIN_CODE,BASIN_NAME,COUNTY_NAME,WELL_DEPTH,WELL_USE,WELL_TYPE,WCR_NO,t_range,n_samples,season,fall_high,fall_low,spring_high,spring_low,water_year,HUC8,WYT,water_year_type,water_year_start,water_year_end,X,Y
419182N1219179W001,681278,1990-10-02T00:00:00Z,4244.57,4243.77,NA,NA,NA,NA,NA,Measurement Discontinued,NA,NA,1,Department of Water Resources,NA,1,Department of Water Resources,36,207,24097,47N01W13G001M,NA,Unknown,Unknown,1-003,Butte Valley,Siskiyou,207,Irrigation,Unknown,YES,1979-04-27 - 1990-10-02,23,fall,17.2,20.7,NA,NA,1991,18010205,Critical,Critical,1990-10-01T00:00:00Z,1991-10-01T00:00:00Z,-121.918,41.9182
419182N1219179W001,681277,1990-03-22T00:00:00Z,4244.57,4243.77,NA,NA,NA,NA,NA,Measurement Discontinued,NA,NA,1,Department of Water Resources,NA,1,Department of Water Resources,36,207,24097,47N01W13G001M,NA,Unknown,Unknown,1-003,Butte Valley,Siskiyou,207,Irrigation,Unknown,YES,1979-04-27 - 1990-10-02,23,spring,NA,NA,16.2,19.2,1990,18010205,Below Normal,Below Normal,1989-10-01T00:00:00Z,1990-10-01T00:00:00Z,-121.918,41.9182
419182N1219179W001,681276,1989-10-03T00:00:00Z,4244.57,4243.77,NA,NA,NA,NA,NA,Unable to locate well,NA,NA,1,Department of Water Resources,NA,1,Department of Water Resources,36,207,24097,47N01W13G001M,NA,Unknown,Unknown,1-003,Butte Valley,Siskiyou,207,Irrigation,Unknown,YES,1979-04-27 - 1990-10-02,23,fall,17.2,20.7,NA,NA,1990,18010205,Below Normal,Below Normal,1989-10-01T00:00:00Z,1990-10-01T00:00:00Z,-121.918,41.9182
419182N1219179W001,681275,1989-03-20T00:00:00Z,4244.57,4243.77,0,19.4,4225.17,19.4,18.6,NA,Unknown,Water level accuracy is unknown,1,Department of Water Resources,NA,1,Department of Water Resources,36,207,24097,47N01W13G001M,NA,Unknown,Unknown,1-003,Butte Valley,Siskiyou,207,Irrigation,Unknown,YES,1979-04-27 - 1990-10-02,23,spring,NA,NA,16.2,19.2,1989,18010205,Below Normal,Below Normal,1988-10-01T00:00:00Z,1989-10-01T00:00:00Z,-121.918,41.9182
419182N1219179W001,681274,1988-10-25T00:00:00Z,4244.57,4243.77,0,19.5,4225.07,19.5,18.7,NA,Unknown,Water level accuracy is unknown,1,Department of Water Resources,NA,1,Department of Water Resources,36,207,24097,47N01W13G001M,NA,Unknown,Unknown,1-003,Butte Valley,Siskiyou,207,Irrigation,Unknown,YES,1979-04-27 - 1990-10-02,23,fall,17.2,20.7,NA,NA,1989,18010205,Below Normal,Below Normal,1988-10-01T00:00:00Z,1989-10-01T00:00:00Z,-121.918,41.9182
419182N1219179W001,681273,1988-03-23T00:00:00Z,4244.57,4243.77,0,18.6,4225.97,18.6,17.8,NA,Unknown,Water level accuracy is unknown,1,Department of Water Resources,NA,1,Department of Water Resources,36,207,24097,47N01W13G001M,NA,Unknown,Unknown,1-003,Butte Valley,Siskiyou,207,Irrigation,Unknown,YES,1979-04-27 - 1990-10-02,23,spring,NA,NA,16.2,19.2,1988,18010205,Critical,Critical,1987-10-01T00:00:00Z,1988-10-01T00:00:00Z,-121.918,41.9182
419182N1219179W001,681272,1987-10-20T00:00:00Z,4244.57,4243.77,0,19.2,4225.37,19.2,18.4,NA,Unknown,Water level accuracy is unknown,1,Department of Water Resources,NA,1,Department of Water Resources,36,207,24097,47N01W13G001M,NA,Unknown,Unknown,1-003,Butte Valley,Siskiyou,207,Irrigation,Unknown,YES,1979-04-27 - 1990-10-02,23,fall,17.2,20.7,NA,NA,1988,18010205,Critical,Critical,1987-10-01T00:00:00Z,1988-10-01T00:00:00Z,-121.918,41.9182
419182N1219179W001,681271,1987-04-22T00:00:00Z,4244.57,4243.77,0,17.9,4226.67,17.9,17.1,NA,Unknown,Water level accuracy is unknown,1,Department of Water Resources,NA,1,Department of Water Resources,36,207,24097,47N01W13G001M,NA,Unknown,Unknown,1-003,Butte Valley,Siskiyou,207,Irrigation,Unknown,YES,1979-04-27 - 1990-10-02,23,spring,NA,NA,16.2,19.2,1987,18010205,Critical,Critical,1986-10-01T00:00:00Z,1987-10-01T00:00:00Z,-121.918,41.9182
419182N1219179W001,681270,1986-04-29T00:00:00Z,4244.57,4243.77,NA,NA,NA,NA,NA,Special/Other,NA,NA,1,Department of Water Resources,NA,624,Bureau of Reclamation,36,207,24097,47N01W13G001M,NA,Unknown,Unknown,1-003,Butte Valley,Siskiyou,207,Irrigation,Unknown,YES,1979-04-27 - 1990-10-02,23,spring,NA,NA,16.2,19.2,1986,18010205,Above Normal,Above Normal,1985-10-01T00:00:00Z,1986-10-01T00:00:00Z,-121.918,41.9182
419182N1219179W001,681269,1985-10-16T00:00:00Z,4244.57,4243.77,0,18,4226.57,18,17.2,NA,Unknown,Water level accuracy is unknown,1,Department of Water Resources,NA,624,Bureau of Reclamation,36,207,24097,47N01W13G001M,NA,Unknown,Unknown,1-003,Butte Valley,Siskiyou,207,Irrigation,Unknown,YES,1979-04-27 - 1990-10-02,23,fall,17.2,20.7,NA,NA,1986,18010205,Above Normal,Above Normal,1985-10-01T00:00:00Z,1986-10-01T00:00:00Z,-121.918,41.9182
419182N1219179W001,681268,1985-04-15T00:00:00Z,4244.57,4243.77,0,20,4224.57,20,19.2,NA,Unknown,Water level accuracy is unknown,1,Department of Water Resources,NA,624,Bureau of Reclamation,36,207,24097,47N01W13G001M,NA,Unknown,Unknown,1-003,Butte Valley,Siskiyou,207,Irrigation,Unknown,YES,1979-04-27 - 1990-10-02,23,spring,NA,NA,16.2,19.2,1985,18010205,Dry,Dry,1984-10-01T00:00:00Z,1985-10-01T00:00:00Z,-121.918,41.9182
419182N1219179W001,681267,1984-10-25T00:00:00Z,4244.57,4243.77,0,21.5,4223.07,21.5,20.7,NA,Unknown,Water level accuracy is unknown,1,Department of Water Resources,NA,624,Bureau of Reclamation,36,207,24097,47N01W13G001M,NA,Unknown,Unknown,1-003,Butte Valley,Siskiyou,207,Irrigation,Unknown,YES,1979-04-27 - 1990-10-02,23,fall,17.2,20.7,NA,NA,1985,18010205,Dry,Dry,1984-10-01T00:00:00Z,1985-10-01T00:00:00Z,-121.918,41.9182
419182N1219179W001,681266,1984-04-16T00:00:00Z,4244.57,4243.77,0,18.6,4225.97,18.6,17.8,NA,Unknown,Water level accuracy is unknown,1,Department of Water Resources,NA,624,Bureau of Reclamation,36,207,24097,47N01W13G001M,NA,Unknown,Unknown,1-003,Butte Valley,Siskiyou,207,Irrigation,Unknown,YES,1979-04-27 - 1990-10-02,23,spring,NA,NA,16.2,19.2,1984,18010205,Wet,Wet,1983-10-01T00:00:00Z,1984-10-01T00:00:00Z,-121.918,41.9182
419182N1219179W001,681265,1983-10-14T00:00:00Z,4244.57,4243.77,0,18.2,4226.37,18.2,17.4,NA,Unknown,Water level accuracy is unknown,1,Department of Water Resources,NA,624,Bureau of Reclamation,36,207,24097,47N01W13G001M,NA,Unknown,Unknown,1-003,Butte Valley,Siskiyou,207,Irrigation,Unknown,YES,1979-04-27 - 1990-10-02,23,fall,17.2,20.7,NA,NA,1984,18010205,Wet,Wet,1983-10-01T00:00:00Z,1984-10-01T00:00:00Z,-121.918,41.9182
419182N1219179W001,681264,1983-05-11T00:00:00Z,4244.57,4243.77,0,17,4227.57,17,16.2,NA,Unknown,Water level accuracy is unknown,1,Department of Water Resources,NA,624,Bureau of Reclamation,36,207,24097,47N01W13G001M,NA,Unknown,Unknown,1-003,Butte Valley,Siskiyou,207,Irrigation,Unknown,YES,1979-04-27 - 1990-10-02,23,spring,NA,NA,16.2,19.2,1983,18010205,Wet,Wet,1982-10-01T00:00:00Z,1983-10-01T00:00:00Z,-121.918,41.9182
419182N1219179W001,681263,1982-10-25T00:00:00Z,4244.57,4243.77,0,18.2,4226.37,18.2,17.4,NA,Unknown,Water level accuracy is unknown,1,Department of Water Resources,NA,624,Bureau of Reclamation,36,207,24097,47N01W13G001M,NA,Unknown,Unknown,1-003,Butte Valley,Siskiyou,207,Irrigation,Unknown,YES,1979-04-27 - 1990-10-02,23,fall,17.2,20.7,NA,NA,1983,18010205,Wet,Wet,1982-10-01T00:00:00Z,1983-10-01T00:00:00Z,-121.918,41.9182
419182N1219179W001,681262,1982-04-21T00:00:00Z,4244.57,4243.77,0,19.9,4224.67,19.9,19.1,NA,Unknown,Water level accuracy is unknown,1,Department of Water Resources,NA,624,Bureau of Reclamation,36,207,24097,47N01W13G001M,NA,Unknown,Unknown,1-003,Butte Valley,Siskiyou,207,Irrigation,Unknown,YES,1979-04-27 - 1990-10-02,23,spring,NA,NA,16.2,19.2,1982,18010205,Wet,Wet,1981-10-01T00:00:00Z,1982-10-01T00:00:00Z,-121.918,41.9182
419182N1219179W001,681261,1981-10-15T00:00:00Z,4244.57,4243.77,0,21.1,4223.47,21.1,20.3,NA,Unknown,Water level accuracy is unknown,1,Department of Water Resources,NA,624,Bureau of Reclamation,36,207,24097,47N01W13G001M,NA,Unknown,Unknown,1-003,Butte Valley,Siskiyou,207,Irrigation,Unknown,YES,1979-04-27 - 1990-10-02,23,fall,17.2,20.7,NA,NA,1982,18010205,Wet,Wet,1981-10-01T00:00:00Z,1982-10-01T00:00:00Z,-121.918,41.9182
419182N1219179W001,681260,1981-04-24T00:00:00Z,4244.57,4243.77,0,18.7,4225.87,18.7,17.9,NA,Unknown,Water level accuracy is unknown,1,Department of Water Resources,NA,624,Bureau of Reclamation,36,207,24097,47N01W13G001M,NA,Unknown,Unknown,1-003,Butte Valley,Siskiyou,207,Irrigation,Unknown,YES,1979-04-27 - 1990-10-02,23,spring,NA,NA,16.2,19.2,1981,18010205,Below Normal,Below Normal,1980-10-01T00:00:00Z,1981-10-01T00:00:00Z,-121.918,41.9182
419182N1219179W001,681259,1980-10-24T00:00:00Z,4244.57,4243.77,0,21.1,4223.47,21.1,20.3,NA,Unknown,Water level accuracy is unknown,1,Department of Water Resources,NA,624,Bureau of Reclamation,36,207,24097,47N01W13G001M,NA,Unknown,Unknown,1-003,Butte Valley,Siskiyou,207,Irrigation,Unknown,YES,1979-04-27 - 1990-10-02,23,fall,17.2,20.7,NA,NA,1981,18010205,Below Normal,Below Normal,1980-10-01T00:00:00Z,1981-10-01T00:00:00Z,-121.918,41.9182
419182N1219179W001,681258,1980-04-18T00:00:00Z,4244.57,4243.77,0,18.6,4225.97,18.6,17.8,NA,Unknown,Water level accuracy is unknown,1,Department of Water Resources,NA,624,Bureau of Reclamation,36,207,24097,47N01W13G001M,NA,Unknown,Unknown,1-003,Butte Valley,Siskiyou,207,Irrigation,Unknown,YES,1979-04-27 - 1990-10-02,23,spring,NA,NA,16.2,19.2,1980,18010205,Above Normal,Above Normal,1979-10-01T00:00:00Z,1980-10-01T00:00:00Z,-121.918,41.9182
419182N1219179W001,681257,1979-10-12T00:00:00Z,4244.57,4243.77,0,19.1,4225.47,19.1,18.3,NA,Unknown,Water level accuracy is unknown,1,Department of Water Resources,NA,624,Bureau of Reclamation,36,207,24097,47N01W13G001M,NA,Unknown,Unknown,1-003,Butte Valley,Siskiyou,207,Irrigation,Unknown,YES,1979-04-27 - 1990-10-02,23,fall,17.2,20.7,NA,NA,1980,18010205,Above Normal,Above Normal,1979-10-01T00:00:00Z,1980-10-01T00:00:00Z,-121.918,41.9182
419182N1219179W001,681256,1979-04-27T00:00:00Z,4244.57,4243.77,0,17.1,4227.47,17.1,16.3,NA,Unknown,Water level accuracy is unknown,1,Department of Water Resources,NA,624,Bureau of Reclamation,36,207,24097,47N01W13G001M,NA,Unknown,Unknown,1-003,Butte Valley,Siskiyou,207,Irrigation,Unknown,YES,1979-04-27 - 1990-10-02,23,spring,NA,NA,16.2,19.2,1979,18010205,Dry,Dry,1978-10-01T00:00:00Z,1979-10-01T00:00:00Z,-121.918,41.9182
