SITE_CODE,WLM_ID,MSMT_DATE,WLM_RPE,WLM_GSE,RDNG_WS,RDNG_RP,WSE,RPE_WSE,GSE_WSE,WLM_QA_DESC,WLM_DESC,WLM_ACC_DESC,WLM_ORG_ID,WLM_ORG_NAME,MSMT_CMT,COOP_AGENCY_ORG_ID,COOP_ORG_NAME,TOP_PRF,BOT_PRF,STN_ID,SWN,WELL_NAME,WLM_METHOD,WLM_ACC,BASIN_CODE,BASIN_NAME,COUNTY_NAME,WELL_DEPTH,WELL_USE,WELL_TYPE,WCR_NO,t_range,n_samples,season,fall_high,fall_low,spring_high,spring_low,water_year,Oct.Mar,Apr.Jul,WYsum,Index,water_year_type,region,water_year_start,water_year_end,X,Y
419451N1218967W001,2619119,2020-04-01T12:00:00Z,4253.73,4253.73,16.9,125,4145.63,108.1,108.1,NA,Steel tape measurement,Water level accuracy to nearest tenth of a foot,1,Department of Water Resources,NA,1,Department of Water Resources,NA,NA,36893,47N01E05E001M,47N01E05E001M,Unknown,Unknown,1-003,Butte Valley,Siskiyou,620,Irrigation,Single Well,GEOL 3982,1979-04-27 00:00:00 - 2020-04-01 12:00:00,80,spring,NA,NA,81.4,112.9,2020,NA,NA,NA,NA,NA,NA,2019-10-01T00:00:00Z,2020-10-01T00:00:00Z,-121.896,41.9452
419451N1218967W001,2453073,2019-04-03T12:00:00Z,4253.73,4253.73,17.8,120,4151.53,102.2,102.2,NA,Steel tape measurement,Water level accuracy to nearest tenth of a foot,1,Department of Water Resources,NA,1,Department of Water Resources,NA,NA,36893,47N01E05E001M,47N01E05E001M,Unknown,Unknown,1-003,Butte Valley,Siskiyou,620,Irrigation,Single Well,GEOL 3982,1979-04-27 00:00:00 - 2020-04-01 12:00:00,80,spring,NA,NA,81.4,112.9,2019,13.11,10.66,24.77,10.34,Wet,SAC,2018-10-01T00:00:00Z,2019-10-01T00:00:00Z,-121.896,41.9452
419451N1218967W001,2413564,2018-10-30T12:00:00Z,4253.73,4253.73,22.9,130,4146.63,107.1,107.1,NA,Steel tape measurement,Water level accuracy to nearest tenth of a foot,1,Department of Water Resources,NA,1,Department of Water Resources,NA,NA,36893,47N01E05E001M,47N01E05E001M,Unknown,Unknown,1-003,Butte Valley,Siskiyou,620,Irrigation,Single Well,GEOL 3982,1979-04-27 00:00:00 - 2020-04-01 12:00:00,80,fall,81,124.8,NA,NA,2019,13.11,10.66,24.77,10.34,Wet,SAC,2018-10-01T00:00:00Z,2019-10-01T00:00:00Z,-121.896,41.9452
419451N1218967W001,2286513,2018-03-30T12:00:00Z,4253.73,4253.73,24.2,125,4152.93,100.8,100.8,NA,Steel tape measurement,Water level accuracy to nearest tenth of a foot,1,Department of Water Resources,NA,1,Department of Water Resources,NA,NA,36893,47N01E05E001M,47N01E05E001M,Unknown,Unknown,1-003,Butte Valley,Siskiyou,620,Irrigation,Single Well,GEOL 3982,1979-04-27 00:00:00 - 2020-04-01 12:00:00,80,spring,NA,NA,81.4,112.9,2018,7.09,5.05,12.86,7.14,Below Normal,SAC,2017-10-01T00:00:00Z,2018-10-01T00:00:00Z,-121.896,41.9452
419451N1218967W001,2266640,2017-10-17T12:00:00Z,4253.73,4253.73,NA,NA,NA,NA,NA,Pumping,NA,NA,1,Department of Water Resources,Recently pumped; dry at 130',1,Department of Water Resources,NA,NA,36893,47N01E05E001M,47N01E05E001M,Unknown,Unknown,1-003,Butte Valley,Siskiyou,620,Irrigation,Single Well,GEOL 3982,1979-04-27 00:00:00 - 2020-04-01 12:00:00,80,fall,81,124.8,NA,NA,2018,7.09,5.05,12.86,7.14,Below Normal,SAC,2017-10-01T00:00:00Z,2018-10-01T00:00:00Z,-121.896,41.9452
419451N1218967W001,2241618,2017-03-23T12:00:00Z,4253.73,4253.73,2.3,110,4146.03,107.7,107.7,Oil or foreign substance in casing,Steel tape measurement,Water level accuracy to nearest tenth of a foot,1,Department of Water Resources,Oil in casing,1,Department of Water Resources,NA,NA,36893,47N01E05E001M,47N01E05E001M,Unknown,Unknown,1-003,Butte Valley,Siskiyou,620,Irrigation,Single Well,GEOL 3982,1979-04-27 00:00:00 - 2020-04-01 12:00:00,80,spring,NA,NA,81.4,112.9,2017,26.17,10.69,37.82,14.14,Wet,SAC,2016-10-01T00:00:00Z,2017-10-01T00:00:00Z,-121.896,41.9452
419451N1218967W001,2214909,2016-10-20T12:00:00Z,4253.73,4253.73,20.8,130,4144.53,109.2,109.2,Oil or foreign substance in casing,Steel tape measurement,Water level accuracy to nearest tenth of a foot,1,Department of Water Resources,NA,1,Department of Water Resources,NA,NA,36893,47N01E05E001M,47N01E05E001M,Unknown,Unknown,1-003,Butte Valley,Siskiyou,620,Irrigation,Single Well,GEOL 3982,1979-04-27 00:00:00 - 2020-04-01 12:00:00,80,fall,81,124.8,NA,NA,2017,26.17,10.69,37.82,14.14,Wet,SAC,2016-10-01T00:00:00Z,2017-10-01T00:00:00Z,-121.896,41.9452
419451N1218967W001,2184896,2016-03-22T12:00:00Z,4253.73,4253.73,21.2,130,4144.93,108.8,108.8,NA,Steel tape measurement,Water level accuracy to nearest tenth of a foot,1,Department of Water Resources,NA,1,Department of Water Resources,NA,NA,36893,47N01E05E001M,47N01E05E001M,Unknown,Unknown,1-003,Butte Valley,Siskiyou,620,Irrigation,Single Well,GEOL 3982,1979-04-27 00:00:00 - 2020-04-01 12:00:00,80,spring,NA,NA,81.4,112.9,2016,12.24,4.6,17.48,6.71,Below Normal,SAC,2015-10-01T00:00:00Z,2016-10-01T00:00:00Z,-121.896,41.9452
419451N1218967W001,2158520,2015-10-19T00:00:00Z,4253.73,4253.73,21.2,130,4144.93,108.8,108.8,NA,Steel tape measurement,Water level accuracy to nearest tenth of a foot,1,Department of Water Resources,NA,1,Department of Water Resources,NA,NA,36893,47N01E05E001M,47N01E05E001M,Unknown,Unknown,1-003,Butte Valley,Siskiyou,620,Irrigation,Single Well,GEOL 3982,1979-04-27 00:00:00 - 2020-04-01 12:00:00,80,fall,81,124.8,NA,NA,2016,12.24,4.6,17.48,6.71,Below Normal,SAC,2015-10-01T00:00:00Z,2016-10-01T00:00:00Z,-121.896,41.9452
419451N1218967W001,2130477,2015-03-23T00:00:00Z,4253.73,4253.73,15.1,128,4140.83,112.9,112.9,NA,Steel tape measurement,Water level accuracy to nearest tenth of a foot,1,Department of Water Resources,NA,1,Department of Water Resources,NA,NA,36893,47N01E05E001M,47N01E05E001M,Unknown,Unknown,1-003,Butte Valley,Siskiyou,620,Irrigation,Single Well,GEOL 3982,1979-04-27 00:00:00 - 2020-04-01 12:00:00,80,spring,NA,NA,81.4,112.9,2015,6.91,1.77,9.23,4,Critical,SAC,2014-10-01T00:00:00Z,2015-10-01T00:00:00Z,-121.896,41.9452
419451N1218967W001,2029088,2014-10-20T00:00:00Z,4253.73,4253.73,21.4,130,4145.13,108.6,108.6,NA,Steel tape measurement,Water level accuracy to nearest tenth of a foot,1,Department of Water Resources,NA,1,Department of Water Resources,NA,NA,36893,47N01E05E001M,47N01E05E001M,Unknown,Unknown,1-003,Butte Valley,Siskiyou,620,Irrigation,Single Well,GEOL 3982,1979-04-27 00:00:00 - 2020-04-01 12:00:00,80,fall,81,124.8,NA,NA,2015,6.91,1.77,9.23,4,Critical,SAC,2014-10-01T00:00:00Z,2015-10-01T00:00:00Z,-121.896,41.9452
419451N1218967W001,1885355,2014-03-24T00:00:00Z,4253.73,4253.73,16.8,127,4143.53,110.2,110.2,NA,Steel tape measurement,Water level accuracy to nearest tenth of a foot,1,Department of Water Resources,NA,1,Department of Water Resources,NA,NA,36893,47N01E05E001M,47N01E05E001M,Unknown,Unknown,1-003,Butte Valley,Siskiyou,620,Irrigation,Single Well,GEOL 3982,1979-04-27 00:00:00 - 2020-04-01 12:00:00,80,spring,NA,NA,81.4,112.9,2014,4.29,2.59,7.46,4.07,Critical,SAC,2013-10-01T00:00:00Z,2014-10-01T00:00:00Z,-121.896,41.9452
419451N1218967W001,1797527,2013-10-21T00:00:00Z,4253.73,4253.73,23,130,4146.73,107,107,NA,Steel tape measurement,Water level accuracy to nearest tenth of a foot,1,Department of Water Resources,NA,1,Department of Water Resources,NA,NA,36893,47N01E05E001M,47N01E05E001M,Unknown,Unknown,1-003,Butte Valley,Siskiyou,620,Irrigation,Single Well,GEOL 3982,1979-04-27 00:00:00 - 2020-04-01 12:00:00,80,fall,81,124.8,NA,NA,2014,4.29,2.59,7.46,4.07,Critical,SAC,2013-10-01T00:00:00Z,2014-10-01T00:00:00Z,-121.896,41.9452
419451N1218967W001,1685060,2013-03-25T00:00:00Z,4253.73,4253.73,19.3,126,4147.03,106.7,106.7,NA,Steel tape measurement,Water level accuracy to nearest tenth of a foot,1,Department of Water Resources,NA,1,Department of Water Resources,NA,NA,36893,47N01E05E001M,47N01E05E001M,Unknown,Unknown,1-003,Butte Valley,Siskiyou,620,Irrigation,Single Well,GEOL 3982,1979-04-27 00:00:00 - 2020-04-01 12:00:00,80,spring,NA,NA,81.4,112.9,2013,8.52,3.01,12.19,5.83,Dry,SAC,2012-10-01T00:00:00Z,2013-10-01T00:00:00Z,-121.896,41.9452
419451N1218967W001,70276,2012-10-29T00:00:00Z,4253.73,4253.73,19.3,126,4147.03,106.7,106.7,NA,Steel tape measurement,Water level accuracy to nearest tenth of a foot,1,Department of Water Resources,NA,1,Department of Water Resources,NA,NA,36893,47N01E05E001M,47N01E05E001M,Unknown,Unknown,1-003,Butte Valley,Siskiyou,620,Irrigation,Single Well,GEOL 3982,1979-04-27 00:00:00 - 2020-04-01 12:00:00,80,fall,81,124.8,NA,NA,2013,8.52,3.01,12.19,5.83,Dry,SAC,2012-10-01T00:00:00Z,2013-10-01T00:00:00Z,-121.896,41.9452
419451N1218967W001,59907,2012-04-16T00:00:00Z,4253.73,4253.73,19.9,120,4153.63,100.1,100.1,NA,Steel tape measurement,Water level accuracy to nearest tenth of a foot,1,Department of Water Resources,NA,1,Department of Water Resources,NA,NA,36893,47N01E05E001M,47N01E05E001M,Unknown,Unknown,1-003,Butte Valley,Siskiyou,620,Irrigation,Single Well,GEOL 3982,1979-04-27 00:00:00 - 2020-04-01 12:00:00,80,spring,NA,NA,81.4,112.9,2012,5.69,5.46,11.84,6.89,Below Normal,SAC,2011-10-01T00:00:00Z,2012-10-01T00:00:00Z,-121.896,41.9452
419451N1218967W001,41184,2011-10-18T00:00:00Z,4253.73,4253.73,0,105.8,4147.93,105.8,105.8,NA,Steel tape measurement,Water level accuracy to nearest tenth of a foot,1,Department of Water Resources,NA,1,Department of Water Resources,NA,NA,36893,47N01E05E001M,47N01E05E001M,Unknown,Unknown,1-003,Butte Valley,Siskiyou,620,Irrigation,Single Well,GEOL 3982,1979-04-27 00:00:00 - 2020-04-01 12:00:00,80,fall,81,124.8,NA,NA,2012,5.69,5.46,11.84,6.89,Below Normal,SAC,2011-10-01T00:00:00Z,2012-10-01T00:00:00Z,-121.896,41.9452
419451N1218967W001,681151,2011-10-18T00:00:00Z,4253.73,4253.73,0,105.8,4147.93,105.8,105.8,NA,Unknown,Water level accuracy is unknown,1,Department of Water Resources,NA,1,Department of Water Resources,NA,NA,36893,47N01E05E001M,47N01E05E001M,Unknown,Unknown,1-003,Butte Valley,Siskiyou,620,Irrigation,Single Well,GEOL 3982,1979-04-27 00:00:00 - 2020-04-01 12:00:00,80,fall,81,124.8,NA,NA,2012,5.69,5.46,11.84,6.89,Below Normal,SAC,2011-10-01T00:00:00Z,2012-10-01T00:00:00Z,-121.896,41.9452
419451N1218967W001,681150,2011-04-27T00:00:00Z,4253.73,4253.73,0,97.8,4155.93,97.8,97.8,NA,Unknown,Water level accuracy is unknown,1,Department of Water Resources,NA,1,Department of Water Resources,NA,NA,36893,47N01E05E001M,47N01E05E001M,Unknown,Unknown,1-003,Butte Valley,Siskiyou,620,Irrigation,Single Well,GEOL 3982,1979-04-27 00:00:00 - 2020-04-01 12:00:00,80,spring,NA,NA,81.4,112.9,2011,12.68,11.53,25.21,10.54,Wet,SAC,2010-10-01T00:00:00Z,2011-10-01T00:00:00Z,-121.896,41.9452
419451N1218967W001,681149,2010-10-25T00:00:00Z,4253.73,4253.73,NA,NA,NA,NA,NA,Well has been destroyed,NA,NA,1,Department of Water Resources,ACCESS HOLE IS PLUGGED,1,Department of Water Resources,NA,NA,36893,47N01E05E001M,47N01E05E001M,Unknown,Unknown,1-003,Butte Valley,Siskiyou,620,Irrigation,Single Well,GEOL 3982,1979-04-27 00:00:00 - 2020-04-01 12:00:00,80,fall,81,124.8,NA,NA,2011,12.68,11.53,25.21,10.54,Wet,SAC,2010-10-01T00:00:00Z,2011-10-01T00:00:00Z,-121.896,41.9452
419451N1218967W001,681148,2010-03-30T00:00:00Z,4253.73,4253.73,0,96.7,4157.03,96.7,96.7,NA,Unknown,Water level accuracy is unknown,1,Department of Water Resources,NA,1,Department of Water Resources,NA,NA,36893,47N01E05E001M,47N01E05E001M,Unknown,Unknown,1-003,Butte Valley,Siskiyou,620,Irrigation,Single Well,GEOL 3982,1979-04-27 00:00:00 - 2020-04-01 12:00:00,80,spring,NA,NA,81.4,112.9,2010,7.45,7.78,16.01,7.08,Below Normal,SAC,2009-10-01T00:00:00Z,2010-10-01T00:00:00Z,-121.896,41.9452
419451N1218967W001,681147,2009-10-27T00:00:00Z,4253.73,4253.73,0,124.8,4128.93,124.8,124.8,NA,Unknown,Water level accuracy is unknown,1,Department of Water Resources,NA,1,Department of Water Resources,NA,NA,36893,47N01E05E001M,47N01E05E001M,Unknown,Unknown,1-003,Butte Valley,Siskiyou,620,Irrigation,Single Well,GEOL 3982,1979-04-27 00:00:00 - 2020-04-01 12:00:00,80,fall,81,124.8,NA,NA,2010,7.45,7.78,16.01,7.08,Below Normal,SAC,2009-10-01T00:00:00Z,2010-10-01T00:00:00Z,-121.896,41.9452
419451N1218967W001,681146,2009-04-08T00:00:00Z,4253.73,4253.73,0,95.9,4157.83,95.9,95.9,NA,Unknown,Water level accuracy is unknown,1,Department of Water Resources,NA,1,Department of Water Resources,NA,NA,36893,47N01E05E001M,47N01E05E001M,Unknown,Unknown,1-003,Butte Valley,Siskiyou,620,Irrigation,Single Well,GEOL 3982,1979-04-27 00:00:00 - 2020-04-01 12:00:00,80,spring,NA,NA,81.4,112.9,2009,7.05,5.3,13.02,5.78,Dry,SAC,2008-10-01T00:00:00Z,2009-10-01T00:00:00Z,-121.896,41.9452
419451N1218967W001,681145,2008-10-30T00:00:00Z,4253.73,4253.73,0,101.5,4152.23,101.5,101.5,NA,Unknown,Water level accuracy is unknown,1,Department of Water Resources,NA,1,Department of Water Resources,NA,NA,36893,47N01E05E001M,47N01E05E001M,Unknown,Unknown,1-003,Butte Valley,Siskiyou,620,Irrigation,Single Well,GEOL 3982,1979-04-27 00:00:00 - 2020-04-01 12:00:00,80,fall,81,124.8,NA,NA,2009,7.05,5.3,13.02,5.78,Dry,SAC,2008-10-01T00:00:00Z,2009-10-01T00:00:00Z,-121.896,41.9452
419451N1218967W001,681144,2008-04-04T00:00:00Z,4253.73,4253.73,0,97.8,4155.93,97.8,97.8,NA,Unknown,Water level accuracy is unknown,1,Department of Water Resources,NA,1,Department of Water Resources,NA,NA,36893,47N01E05E001M,47N01E05E001M,Unknown,Unknown,1-003,Butte Valley,Siskiyou,620,Irrigation,Single Well,GEOL 3982,1979-04-27 00:00:00 - 2020-04-01 12:00:00,80,spring,NA,NA,81.4,112.9,2008,5.9,3.82,10.28,5.16,Critical,SAC,2007-10-01T00:00:00Z,2008-10-01T00:00:00Z,-121.896,41.9452
419451N1218967W001,681143,2007-10-25T00:00:00Z,4253.73,4253.73,0,107.8,4145.93,107.8,107.8,NA,Unknown,Water level accuracy is unknown,1,Department of Water Resources,NA,1,Department of Water Resources,NA,NA,36893,47N01E05E001M,47N01E05E001M,Unknown,Unknown,1-003,Butte Valley,Siskiyou,620,Irrigation,Single Well,GEOL 3982,1979-04-27 00:00:00 - 2020-04-01 12:00:00,80,fall,81,124.8,NA,NA,2008,5.9,3.82,10.28,5.16,Critical,SAC,2007-10-01T00:00:00Z,2008-10-01T00:00:00Z,-121.896,41.9452
419451N1218967W001,681142,2007-03-29T00:00:00Z,4253.73,4253.73,0,94,4159.73,94,94,Other,Unknown,Water level accuracy is unknown,1,Department of Water Resources,NA,1,Department of Water Resources,NA,NA,36893,47N01E05E001M,47N01E05E001M,Unknown,Unknown,1-003,Butte Valley,Siskiyou,620,Irrigation,Single Well,GEOL 3982,1979-04-27 00:00:00 - 2020-04-01 12:00:00,80,spring,NA,NA,81.4,112.9,2007,6.59,3.04,10.28,6.19,Dry,SAC,2006-10-01T00:00:00Z,2007-10-01T00:00:00Z,-121.896,41.9452
419451N1218967W001,681141,2006-10-12T00:00:00Z,4253.73,4253.73,0,103.8,4149.93,103.8,103.8,Oil or foreign substance in casing,Unknown,Water level accuracy is unknown,1,Department of Water Resources,NA,1,Department of Water Resources,NA,NA,36893,47N01E05E001M,47N01E05E001M,Unknown,Unknown,1-003,Butte Valley,Siskiyou,620,Irrigation,Single Well,GEOL 3982,1979-04-27 00:00:00 - 2020-04-01 12:00:00,80,fall,81,124.8,NA,NA,2007,6.59,3.04,10.28,6.19,Dry,SAC,2006-10-01T00:00:00Z,2007-10-01T00:00:00Z,-121.896,41.9452
419451N1218967W001,681140,2006-04-18T00:00:00Z,4253.73,4253.73,0,96.8,4156.93,96.8,96.8,Oil or foreign substance in casing,Unknown,Water level accuracy is unknown,1,Department of Water Resources,NA,1,Department of Water Resources,NA,NA,36893,47N01E05E001M,47N01E05E001M,Unknown,Unknown,1-003,Butte Valley,Siskiyou,620,Irrigation,Single Well,GEOL 3982,1979-04-27 00:00:00 - 2020-04-01 12:00:00,80,spring,NA,NA,81.4,112.9,2006,18.06,13.09,32.09,13.2,Wet,SAC,2005-10-01T00:00:00Z,2006-10-01T00:00:00Z,-121.896,41.9452
419451N1218967W001,681139,2005-10-10T00:00:00Z,4253.73,4253.73,0,100,4153.73,100,100,Oil or foreign substance in casing,Unknown,Water level accuracy is unknown,1,Department of Water Resources,NA,1,Department of Water Resources,NA,NA,36893,47N01E05E001M,47N01E05E001M,Unknown,Unknown,1-003,Butte Valley,Siskiyou,620,Irrigation,Single Well,GEOL 3982,1979-04-27 00:00:00 - 2020-04-01 12:00:00,80,fall,81,124.8,NA,NA,2006,18.06,13.09,32.09,13.2,Wet,SAC,2005-10-01T00:00:00Z,2006-10-01T00:00:00Z,-121.896,41.9452
419451N1218967W001,681138,2005-04-05T00:00:00Z,4253.73,4253.73,0,95.7,4158.03,95.7,95.7,NA,Unknown,Water level accuracy is unknown,1,Department of Water Resources,NA,1,Department of Water Resources,NA,NA,36893,47N01E05E001M,47N01E05E001M,Unknown,Unknown,1-003,Butte Valley,Siskiyou,620,Irrigation,Single Well,GEOL 3982,1979-04-27 00:00:00 - 2020-04-01 12:00:00,80,spring,NA,NA,81.4,112.9,2005,8.4,9.28,18.55,8.49,Above Normal,SAC,2004-10-01T00:00:00Z,2005-10-01T00:00:00Z,-121.896,41.9452
419451N1218967W001,681137,2004-11-02T00:00:00Z,4253.73,4253.73,0,117.5,4136.23,117.5,117.5,Oil or foreign substance in casing,Unknown,Water level accuracy is unknown,1,Department of Water Resources,NA,1,Department of Water Resources,NA,NA,36893,47N01E05E001M,47N01E05E001M,Unknown,Unknown,1-003,Butte Valley,Siskiyou,620,Irrigation,Single Well,GEOL 3982,1979-04-27 00:00:00 - 2020-04-01 12:00:00,80,fall,81,124.8,NA,NA,2005,8.4,9.28,18.55,8.49,Above Normal,SAC,2004-10-01T00:00:00Z,2005-10-01T00:00:00Z,-121.896,41.9452
419451N1218967W001,681136,2004-03-30T00:00:00Z,4253.73,4253.73,NA,NA,NA,NA,NA,Temporarily inaccessible,NA,NA,1,Department of Water Resources,NA,1,Department of Water Resources,NA,NA,36893,47N01E05E001M,47N01E05E001M,Unknown,Unknown,1-003,Butte Valley,Siskiyou,620,Irrigation,Single Well,GEOL 3982,1979-04-27 00:00:00 - 2020-04-01 12:00:00,80,spring,NA,NA,81.4,112.9,2004,10.95,4.4,16.04,7.51,Below Normal,SAC,2003-10-01T00:00:00Z,2004-10-01T00:00:00Z,-121.896,41.9452
419451N1218967W001,681135,2003-10-20T00:00:00Z,4253.73,4253.73,0,114.1,4139.63,114.1,114.1,Oil or foreign substance in casing,Unknown,Water level accuracy is unknown,1,Department of Water Resources,NA,1,Department of Water Resources,NA,NA,36893,47N01E05E001M,47N01E05E001M,Unknown,Unknown,1-003,Butte Valley,Siskiyou,620,Irrigation,Single Well,GEOL 3982,1979-04-27 00:00:00 - 2020-04-01 12:00:00,80,fall,81,124.8,NA,NA,2004,10.95,4.4,16.04,7.51,Below Normal,SAC,2003-10-01T00:00:00Z,2004-10-01T00:00:00Z,-121.896,41.9452
419451N1218967W001,681134,2003-04-01T00:00:00Z,4253.73,4253.73,0,101,4152.73,101,101,Oil or foreign substance in casing,Unknown,Water level accuracy is unknown,1,Department of Water Resources,NA,1,Department of Water Resources,NA,NA,36893,47N01E05E001M,47N01E05E001M,Unknown,Unknown,1-003,Butte Valley,Siskiyou,620,Irrigation,Single Well,GEOL 3982,1979-04-27 00:00:00 - 2020-04-01 12:00:00,80,spring,NA,NA,81.4,112.9,2003,10.71,7.74,19.31,8.21,Above Normal,SAC,2002-10-01T00:00:00Z,2003-10-01T00:00:00Z,-121.896,41.9452
419451N1218967W001,681133,2002-10-11T00:00:00Z,4253.73,4253.73,0,115,4138.73,115,115,Oil or foreign substance in casing,Unknown,Water level accuracy is unknown,1,Department of Water Resources,NA,1,Department of Water Resources,NA,NA,36893,47N01E05E001M,47N01E05E001M,Unknown,Unknown,1-003,Butte Valley,Siskiyou,620,Irrigation,Single Well,GEOL 3982,1979-04-27 00:00:00 - 2020-04-01 12:00:00,80,fall,81,124.8,NA,NA,2003,10.71,7.74,19.31,8.21,Above Normal,SAC,2002-10-01T00:00:00Z,2003-10-01T00:00:00Z,-121.896,41.9452
419451N1218967W001,681132,2002-03-26T00:00:00Z,4253.73,4253.73,0,100.2,4153.53,100.2,100.2,Oil or foreign substance in casing,Unknown,Water level accuracy is unknown,1,Department of Water Resources,NA,1,Department of Water Resources,NA,NA,36893,47N01E05E001M,47N01E05E001M,Unknown,Unknown,1-003,Butte Valley,Siskiyou,620,Irrigation,Single Well,GEOL 3982,1979-04-27 00:00:00 - 2020-04-01 12:00:00,80,spring,NA,NA,81.4,112.9,2002,9.32,4.57,14.6,6.35,Dry,SAC,2001-10-01T00:00:00Z,2002-10-01T00:00:00Z,-121.896,41.9452
419451N1218967W001,681131,2001-10-23T00:00:00Z,4253.73,4253.73,0,105.1,4148.63,105.1,105.1,NA,Unknown,Water level accuracy is unknown,1,Department of Water Resources,NA,1,Department of Water Resources,NA,NA,36893,47N01E05E001M,47N01E05E001M,Unknown,Unknown,1-003,Butte Valley,Siskiyou,620,Irrigation,Single Well,GEOL 3982,1979-04-27 00:00:00 - 2020-04-01 12:00:00,80,fall,81,124.8,NA,NA,2002,9.32,4.57,14.6,6.35,Dry,SAC,2001-10-01T00:00:00Z,2002-10-01T00:00:00Z,-121.896,41.9452
419451N1218967W001,681130,2001-04-03T00:00:00Z,4253.73,4253.73,0,92.3,4161.43,92.3,92.3,Oil or foreign substance in casing,Unknown,Water level accuracy is unknown,1,Department of Water Resources,NA,1,Department of Water Resources,NA,NA,36893,47N01E05E001M,47N01E05E001M,Unknown,Unknown,1-003,Butte Valley,Siskiyou,620,Irrigation,Single Well,GEOL 3982,1979-04-27 00:00:00 - 2020-04-01 12:00:00,80,spring,NA,NA,81.4,112.9,2001,5.64,3.46,9.81,5.76,Dry,SAC,2000-10-01T00:00:00Z,2001-10-01T00:00:00Z,-121.896,41.9452
419451N1218967W001,681129,2000-10-10T00:00:00Z,4253.73,4253.73,0,96.5,4157.23,96.5,96.5,Oil or foreign substance in casing,Unknown,Water level accuracy is unknown,1,Department of Water Resources,NA,1,Department of Water Resources,NA,NA,36893,47N01E05E001M,47N01E05E001M,Unknown,Unknown,1-003,Butte Valley,Siskiyou,620,Irrigation,Single Well,GEOL 3982,1979-04-27 00:00:00 - 2020-04-01 12:00:00,80,fall,81,124.8,NA,NA,2001,5.64,3.46,9.81,5.76,Dry,SAC,2000-10-01T00:00:00Z,2001-10-01T00:00:00Z,-121.896,41.9452
419451N1218967W001,681128,2000-03-22T00:00:00Z,4253.73,4253.73,0,89.1,4164.63,89.1,89.1,Oil or foreign substance in casing,Unknown,Water level accuracy is unknown,1,Department of Water Resources,NA,1,Department of Water Resources,NA,NA,36893,47N01E05E001M,47N01E05E001M,Unknown,Unknown,1-003,Butte Valley,Siskiyou,620,Irrigation,Single Well,GEOL 3982,1979-04-27 00:00:00 - 2020-04-01 12:00:00,80,spring,NA,NA,81.4,112.9,2000,12.06,5.96,18.9,8.94,Above Normal,SAC,1999-10-01T00:00:00Z,2000-10-01T00:00:00Z,-121.896,41.9452
419451N1218967W001,681126,1999-10-26T00:00:00Z,4253.73,4253.73,0,94,4159.73,94,94,Oil or foreign substance in casing,Unknown,Water level accuracy is unknown,1,Department of Water Resources,NA,1,Department of Water Resources,NA,NA,36893,47N01E05E001M,47N01E05E001M,Unknown,Unknown,1-003,Butte Valley,Siskiyou,620,Irrigation,Single Well,GEOL 3982,1979-04-27 00:00:00 - 2020-04-01 12:00:00,80,fall,81,124.8,NA,NA,2000,12.06,5.96,18.9,8.94,Above Normal,SAC,1999-10-01T00:00:00Z,2000-10-01T00:00:00Z,-121.896,41.9452
419451N1218967W001,681127,1999-03-16T00:00:00Z,4253.73,4253.73,0,91.3,4162.43,91.3,91.3,Oil or foreign substance in casing,Unknown,Water level accuracy is unknown,1,Department of Water Resources,NA,1,Department of Water Resources,NA,NA,36893,47N01E05E001M,47N01E05E001M,Unknown,Unknown,1-003,Butte Valley,Siskiyou,620,Irrigation,Single Well,GEOL 3982,1979-04-27 00:00:00 - 2020-04-01 12:00:00,80,spring,NA,NA,81.4,112.9,1999,12.97,7.26,21.19,9.8,Wet,SAC,1998-10-01T00:00:00Z,1999-10-01T00:00:00Z,-121.896,41.9452
419451N1218967W001,681125,1998-10-28T00:00:00Z,4253.73,4253.73,0,100,4153.73,100,100,Oil or foreign substance in casing,Unknown,Water level accuracy is unknown,1,Department of Water Resources,NA,1,Department of Water Resources,NA,NA,36893,47N01E05E001M,47N01E05E001M,Unknown,Unknown,1-003,Butte Valley,Siskiyou,620,Irrigation,Single Well,GEOL 3982,1979-04-27 00:00:00 - 2020-04-01 12:00:00,80,fall,81,124.8,NA,NA,1999,12.97,7.26,21.19,9.8,Wet,SAC,1998-10-01T00:00:00Z,1999-10-01T00:00:00Z,-121.896,41.9452
419451N1218967W001,681124,1998-03-30T00:00:00Z,4253.73,4253.73,0,89.3,4164.43,89.3,89.3,Oil or foreign substance in casing,Unknown,Water level accuracy is unknown,1,Department of Water Resources,NA,1,Department of Water Resources,NA,NA,36893,47N01E05E001M,47N01E05E001M,Unknown,Unknown,1-003,Butte Valley,Siskiyou,620,Irrigation,Single Well,GEOL 3982,1979-04-27 00:00:00 - 2020-04-01 12:00:00,80,spring,NA,NA,81.4,112.9,1998,17.65,12.54,31.4,13.31,Wet,SAC,1997-10-01T00:00:00Z,1998-10-01T00:00:00Z,-121.896,41.9452
419451N1218967W001,681123,1997-10-21T00:00:00Z,4253.73,4253.73,0,97,4156.73,97,97,NA,Unknown,Water level accuracy is unknown,1,Department of Water Resources,NA,1,Department of Water Resources,NA,NA,36893,47N01E05E001M,47N01E05E001M,Unknown,Unknown,1-003,Butte Valley,Siskiyou,620,Irrigation,Single Well,GEOL 3982,1979-04-27 00:00:00 - 2020-04-01 12:00:00,80,fall,81,124.8,NA,NA,1998,17.65,12.54,31.4,13.31,Wet,SAC,1997-10-01T00:00:00Z,1998-10-01T00:00:00Z,-121.896,41.9452
419451N1218967W001,681122,1997-03-11T00:00:00Z,4253.73,4253.73,0,95.7,4158.03,95.7,95.7,Oil or foreign substance in casing,Unknown,Water level accuracy is unknown,1,Department of Water Resources,NA,1,Department of Water Resources,NA,NA,36893,47N01E05E001M,47N01E05E001M,Unknown,Unknown,1-003,Butte Valley,Siskiyou,620,Irrigation,Single Well,GEOL 3982,1979-04-27 00:00:00 - 2020-04-01 12:00:00,80,spring,NA,NA,81.4,112.9,1997,20.22,4.39,25.42,10.82,Wet,SAC,1996-10-01T00:00:00Z,1997-10-01T00:00:00Z,-121.896,41.9452
419451N1218967W001,681121,1996-03-27T00:00:00Z,4253.73,4253.73,0,90.4,4163.33,90.4,90.4,Oil or foreign substance in casing,Unknown,Water level accuracy is unknown,1,Department of Water Resources,NA,1,Department of Water Resources,NA,NA,36893,47N01E05E001M,47N01E05E001M,Unknown,Unknown,1-003,Butte Valley,Siskiyou,620,Irrigation,Single Well,GEOL 3982,1979-04-27 00:00:00 - 2020-04-01 12:00:00,80,spring,NA,NA,81.4,112.9,1996,13.05,8.37,22.29,10.26,Wet,SAC,1995-10-01T00:00:00Z,1996-10-01T00:00:00Z,-121.896,41.9452
419451N1218967W001,681120,1995-10-17T00:00:00Z,4253.73,4253.73,0,95.9,4157.83,95.9,95.9,Oil or foreign substance in casing,Unknown,Water level accuracy is unknown,1,Department of Water Resources,NA,1,Department of Water Resources,NA,NA,36893,47N01E05E001M,47N01E05E001M,Unknown,Unknown,1-003,Butte Valley,Siskiyou,620,Irrigation,Single Well,GEOL 3982,1979-04-27 00:00:00 - 2020-04-01 12:00:00,80,fall,81,124.8,NA,NA,1996,13.05,8.37,22.29,10.26,Wet,SAC,1995-10-01T00:00:00Z,1996-10-01T00:00:00Z,-121.896,41.9452
419451N1218967W001,681119,1995-03-28T00:00:00Z,4253.73,4253.73,0,92.8,4160.93,92.8,92.8,Oil or foreign substance in casing,Unknown,Water level accuracy is unknown,1,Department of Water Resources,NA,1,Department of Water Resources,NA,NA,36893,47N01E05E001M,47N01E05E001M,Unknown,Unknown,1-003,Butte Valley,Siskiyou,620,Irrigation,Single Well,GEOL 3982,1979-04-27 00:00:00 - 2020-04-01 12:00:00,80,spring,NA,NA,81.4,112.9,1995,19.83,13.6,34.55,12.89,Wet,SAC,1994-10-01T00:00:00Z,1995-10-01T00:00:00Z,-121.896,41.9452
419451N1218967W001,681118,1994-03-29T00:00:00Z,4253.73,4253.73,0,95.1,4158.63,95.1,95.1,Oil or foreign substance in casing,Unknown,Water level accuracy is unknown,1,Department of Water Resources,NA,1,Department of Water Resources,NA,NA,36893,47N01E05E001M,47N01E05E001M,Unknown,Unknown,1-003,Butte Valley,Siskiyou,620,Irrigation,Single Well,GEOL 3982,1979-04-27 00:00:00 - 2020-04-01 12:00:00,80,spring,NA,NA,81.4,112.9,1994,4.55,2.73,7.81,5.02,Critical,SAC,1993-10-01T00:00:00Z,1994-10-01T00:00:00Z,-121.896,41.9452
419451N1218967W001,681117,1993-10-15T00:00:00Z,4253.73,4253.73,0,109,4144.73,109,109,Oil or foreign substance in casing,Unknown,Water level accuracy is unknown,1,Department of Water Resources,NA,1,Department of Water Resources,NA,NA,36893,47N01E05E001M,47N01E05E001M,Unknown,Unknown,1-003,Butte Valley,Siskiyou,620,Irrigation,Single Well,GEOL 3982,1979-04-27 00:00:00 - 2020-04-01 12:00:00,80,fall,81,124.8,NA,NA,1994,4.55,2.73,7.81,5.02,Critical,SAC,1993-10-01T00:00:00Z,1994-10-01T00:00:00Z,-121.896,41.9452
419451N1218967W001,681116,1993-03-17T00:00:00Z,4253.73,4253.73,NA,NA,NA,NA,NA,Temporarily inaccessible,NA,NA,1,Department of Water Resources,NA,1,Department of Water Resources,NA,NA,36893,47N01E05E001M,47N01E05E001M,Unknown,Unknown,1-003,Butte Valley,Siskiyou,620,Irrigation,Single Well,GEOL 3982,1979-04-27 00:00:00 - 2020-04-01 12:00:00,80,spring,NA,NA,81.4,112.9,1993,12.44,8.98,22.21,8.54,Above Normal,SAC,1992-10-01T00:00:00Z,1993-10-01T00:00:00Z,-121.896,41.9452
419451N1218967W001,681115,1992-10-20T00:00:00Z,4253.73,4253.73,0,103,4150.73,103,103,Oil or foreign substance in casing,Unknown,Water level accuracy is unknown,1,Department of Water Resources,NA,1,Department of Water Resources,NA,NA,36893,47N01E05E001M,47N01E05E001M,Unknown,Unknown,1-003,Butte Valley,Siskiyou,620,Irrigation,Single Well,GEOL 3982,1979-04-27 00:00:00 - 2020-04-01 12:00:00,80,fall,81,124.8,NA,NA,1993,12.44,8.98,22.21,8.54,Above Normal,SAC,1992-10-01T00:00:00Z,1993-10-01T00:00:00Z,-121.896,41.9452
419451N1218967W001,681114,1992-03-02T00:00:00Z,4253.73,4253.73,0,90.4,4163.33,90.4,90.4,Oil or foreign substance in casing,Unknown,Water level accuracy is unknown,1,Department of Water Resources,NA,1,Department of Water Resources,NA,NA,36893,47N01E05E001M,47N01E05E001M,Unknown,Unknown,1-003,Butte Valley,Siskiyou,620,Irrigation,Single Well,GEOL 3982,1979-04-27 00:00:00 - 2020-04-01 12:00:00,80,spring,NA,NA,81.4,112.9,1992,5.41,2.93,8.87,4.06,Critical,SAC,1991-10-01T00:00:00Z,1992-10-01T00:00:00Z,-121.896,41.9452
419451N1218967W001,681113,1991-09-30T00:00:00Z,4253.73,4253.73,0,99.2,4154.53,99.2,99.2,Oil or foreign substance in casing,Unknown,Water level accuracy is unknown,1,Department of Water Resources,NA,1,Department of Water Resources,NA,NA,36893,47N01E05E001M,47N01E05E001M,Unknown,Unknown,1-003,Butte Valley,Siskiyou,620,Irrigation,Single Well,GEOL 3982,1979-04-27 00:00:00 - 2020-04-01 12:00:00,80,fall,81,124.8,NA,NA,1991,3.9,4.01,8.44,4.21,Critical,SAC,1990-10-01T00:00:00Z,1991-10-01T00:00:00Z,-121.896,41.9452
419451N1218967W001,681112,1990-10-02T00:00:00Z,4253.73,4253.73,0,94.1,4159.63,94.1,94.1,Oil or foreign substance in casing,Unknown,Water level accuracy is unknown,1,Department of Water Resources,NA,1,Department of Water Resources,NA,NA,36893,47N01E05E001M,47N01E05E001M,Unknown,Unknown,1-003,Butte Valley,Siskiyou,620,Irrigation,Single Well,GEOL 3982,1979-04-27 00:00:00 - 2020-04-01 12:00:00,80,fall,81,124.8,NA,NA,1991,3.9,4.01,8.44,4.21,Critical,SAC,1990-10-01T00:00:00Z,1991-10-01T00:00:00Z,-121.896,41.9452
419451N1218967W001,681111,1990-03-20T00:00:00Z,4253.73,4253.73,0,88.1,4165.63,88.1,88.1,Oil or foreign substance in casing,Unknown,Water level accuracy is unknown,1,Department of Water Resources,NA,1,Department of Water Resources,NA,NA,36893,47N01E05E001M,47N01E05E001M,Unknown,Unknown,1-003,Butte Valley,Siskiyou,620,Irrigation,Single Well,GEOL 3982,1979-04-27 00:00:00 - 2020-04-01 12:00:00,80,spring,NA,NA,81.4,112.9,1990,4.94,3.72,9.26,4.81,Critical,SAC,1989-10-01T00:00:00Z,1990-10-01T00:00:00Z,-121.896,41.9452
419451N1218967W001,681110,1989-10-04T00:00:00Z,4253.73,4253.73,0,81,4172.73,81,81,NA,Unknown,Water level accuracy is unknown,1,Department of Water Resources,NA,1,Department of Water Resources,NA,NA,36893,47N01E05E001M,47N01E05E001M,Unknown,Unknown,1-003,Butte Valley,Siskiyou,620,Irrigation,Single Well,GEOL 3982,1979-04-27 00:00:00 - 2020-04-01 12:00:00,80,fall,81,124.8,NA,NA,1990,4.94,3.72,9.26,4.81,Critical,SAC,1989-10-01T00:00:00Z,1990-10-01T00:00:00Z,-121.896,41.9452
419451N1218967W001,681109,1989-03-22T00:00:00Z,4253.73,4253.73,0,87.9,4165.83,87.9,87.9,Oil or foreign substance in casing,Unknown,Water level accuracy is unknown,1,Department of Water Resources,NA,1,Department of Water Resources,NA,NA,36893,47N01E05E001M,47N01E05E001M,Unknown,Unknown,1-003,Butte Valley,Siskiyou,620,Irrigation,Single Well,GEOL 3982,1979-04-27 00:00:00 - 2020-04-01 12:00:00,80,spring,NA,NA,81.4,112.9,1989,9.03,5.07,14.82,6.13,Dry,SAC,1988-10-01T00:00:00Z,1989-10-01T00:00:00Z,-121.896,41.9452
419451N1218967W001,681108,1988-10-26T00:00:00Z,4253.73,4253.73,0,92.4,4161.33,92.4,92.4,Oil or foreign substance in casing,Unknown,Water level accuracy is unknown,1,Department of Water Resources,NA,1,Department of Water Resources,NA,NA,36893,47N01E05E001M,47N01E05E001M,Unknown,Unknown,1-003,Butte Valley,Siskiyou,620,Irrigation,Single Well,GEOL 3982,1979-04-27 00:00:00 - 2020-04-01 12:00:00,80,fall,81,124.8,NA,NA,1989,9.03,5.07,14.82,6.13,Dry,SAC,1988-10-01T00:00:00Z,1989-10-01T00:00:00Z,-121.896,41.9452
419451N1218967W001,681107,1988-03-23T00:00:00Z,4253.73,4253.73,0,86.6,4167.13,86.6,86.6,Oil or foreign substance in casing,Unknown,Water level accuracy is unknown,1,Department of Water Resources,NA,1,Department of Water Resources,NA,NA,36893,47N01E05E001M,47N01E05E001M,Unknown,Unknown,1-003,Butte Valley,Siskiyou,620,Irrigation,Single Well,GEOL 3982,1979-04-27 00:00:00 - 2020-04-01 12:00:00,80,spring,NA,NA,81.4,112.9,1988,5.78,2.9,9.23,4.65,Critical,SAC,1987-10-01T00:00:00Z,1988-10-01T00:00:00Z,-121.896,41.9452
419451N1218967W001,681106,1987-10-20T00:00:00Z,4253.73,4253.73,0,91,4162.73,91,91,Oil or foreign substance in casing,Unknown,Water level accuracy is unknown,1,Department of Water Resources,NA,1,Department of Water Resources,NA,NA,36893,47N01E05E001M,47N01E05E001M,Unknown,Unknown,1-003,Butte Valley,Siskiyou,620,Irrigation,Single Well,GEOL 3982,1979-04-27 00:00:00 - 2020-04-01 12:00:00,80,fall,81,124.8,NA,NA,1988,5.78,2.9,9.23,4.65,Critical,SAC,1987-10-01T00:00:00Z,1988-10-01T00:00:00Z,-121.896,41.9452
419451N1218967W001,681105,1987-04-20T00:00:00Z,4253.73,4253.73,0,86.3,4167.43,86.3,86.3,Oil or foreign substance in casing,Unknown,Water level accuracy is unknown,1,Department of Water Resources,NA,1,Department of Water Resources,NA,NA,36893,47N01E05E001M,47N01E05E001M,Unknown,Unknown,1-003,Butte Valley,Siskiyou,620,Irrigation,Single Well,GEOL 3982,1979-04-27 00:00:00 - 2020-04-01 12:00:00,80,spring,NA,NA,81.4,112.9,1987,5.85,2.8,9.27,5.86,Dry,SAC,1986-10-01T00:00:00Z,1987-10-01T00:00:00Z,-121.896,41.9452
419451N1218967W001,681104,1986-04-29T00:00:00Z,4253.73,4253.73,0,81.4,4172.33,81.4,81.4,Oil or foreign substance in casing,Unknown,Water level accuracy is unknown,1,Department of Water Resources,NA,624,Bureau of Reclamation,NA,NA,36893,47N01E05E001M,47N01E05E001M,Unknown,Unknown,1-003,Butte Valley,Siskiyou,620,Irrigation,Single Well,GEOL 3982,1979-04-27 00:00:00 - 2020-04-01 12:00:00,80,spring,NA,NA,81.4,112.9,1986,19.45,5.45,25.83,9.96,Wet,SAC,1985-10-01T00:00:00Z,1986-10-01T00:00:00Z,-121.896,41.9452
419451N1218967W001,681103,1985-10-16T00:00:00Z,4253.73,4253.73,0,93.3,4160.43,93.3,93.3,Oil or foreign substance in casing,Unknown,Water level accuracy is unknown,1,Department of Water Resources,NA,624,Bureau of Reclamation,NA,NA,36893,47N01E05E001M,47N01E05E001M,Unknown,Unknown,1-003,Butte Valley,Siskiyou,620,Irrigation,Single Well,GEOL 3982,1979-04-27 00:00:00 - 2020-04-01 12:00:00,80,fall,81,124.8,NA,NA,1986,19.45,5.45,25.83,9.96,Wet,SAC,1985-10-01T00:00:00Z,1986-10-01T00:00:00Z,-121.896,41.9452
419451N1218967W001,681102,1985-04-15T00:00:00Z,4253.73,4253.73,0,84.6,4169.13,84.6,84.6,Oil or foreign substance in casing,Unknown,Water level accuracy is unknown,1,Department of Water Resources,NA,624,Bureau of Reclamation,NA,NA,36893,47N01E05E001M,47N01E05E001M,Unknown,Unknown,1-003,Butte Valley,Siskiyou,620,Irrigation,Single Well,GEOL 3982,1979-04-27 00:00:00 - 2020-04-01 12:00:00,80,spring,NA,NA,81.4,112.9,1985,6.24,4,11.04,6.47,Dry,SAC,1984-10-01T00:00:00Z,1985-10-01T00:00:00Z,-121.896,41.9452
419451N1218967W001,681101,1984-10-25T00:00:00Z,4253.73,4253.73,0,90.8,4162.93,90.8,90.8,Oil or foreign substance in casing,Unknown,Water level accuracy is unknown,1,Department of Water Resources,NA,624,Bureau of Reclamation,NA,NA,36893,47N01E05E001M,47N01E05E001M,Unknown,Unknown,1-003,Butte Valley,Siskiyou,620,Irrigation,Single Well,GEOL 3982,1979-04-27 00:00:00 - 2020-04-01 12:00:00,80,fall,81,124.8,NA,NA,1985,6.24,4,11.04,6.47,Dry,SAC,1984-10-01T00:00:00Z,1985-10-01T00:00:00Z,-121.896,41.9452
419451N1218967W001,681100,1984-04-16T00:00:00Z,4253.73,4253.73,0,84.9,4168.83,84.9,84.9,NA,Unknown,Water level accuracy is unknown,1,Department of Water Resources,NA,624,Bureau of Reclamation,NA,NA,36893,47N01E05E001M,47N01E05E001M,Unknown,Unknown,1-003,Butte Valley,Siskiyou,620,Irrigation,Single Well,GEOL 3982,1979-04-27 00:00:00 - 2020-04-01 12:00:00,80,spring,NA,NA,81.4,112.9,1984,15.98,5.52,22.35,10,Wet,SAC,1983-10-01T00:00:00Z,1984-10-01T00:00:00Z,-121.896,41.9452
419451N1218967W001,681099,1983-10-14T00:00:00Z,4253.73,4253.73,NA,NA,NA,NA,NA,Pumping,NA,NA,1,Department of Water Resources,NA,624,Bureau of Reclamation,NA,NA,36893,47N01E05E001M,47N01E05E001M,Unknown,Unknown,1-003,Butte Valley,Siskiyou,620,Irrigation,Single Well,GEOL 3982,1979-04-27 00:00:00 - 2020-04-01 12:00:00,80,fall,81,124.8,NA,NA,1984,15.98,5.52,22.35,10,Wet,SAC,1983-10-01T00:00:00Z,1984-10-01T00:00:00Z,-121.896,41.9452
419451N1218967W001,681098,1983-05-11T00:00:00Z,4253.73,4253.73,0,96,4157.73,96,96,Oil or foreign substance in casing,Unknown,Water level accuracy is unknown,1,Department of Water Resources,NA,624,Bureau of Reclamation,NA,NA,36893,47N01E05E001M,47N01E05E001M,Unknown,Unknown,1-003,Butte Valley,Siskiyou,620,Irrigation,Single Well,GEOL 3982,1979-04-27 00:00:00 - 2020-04-01 12:00:00,80,spring,NA,NA,81.4,112.9,1983,22.75,13.66,37.68,15.29,Wet,SAC,1982-10-01T00:00:00Z,1983-10-01T00:00:00Z,-121.896,41.9452
419451N1218967W001,681097,1982-10-25T00:00:00Z,4253.73,4253.73,0,92.7,4161.03,92.7,92.7,Oil or foreign substance in casing,Unknown,Water level accuracy is unknown,1,Department of Water Resources,NA,624,Bureau of Reclamation,NA,NA,36893,47N01E05E001M,47N01E05E001M,Unknown,Unknown,1-003,Butte Valley,Siskiyou,620,Irrigation,Single Well,GEOL 3982,1979-04-27 00:00:00 - 2020-04-01 12:00:00,80,fall,81,124.8,NA,NA,1983,22.75,13.66,37.68,15.29,Wet,SAC,1982-10-01T00:00:00Z,1983-10-01T00:00:00Z,-121.896,41.9452
419451N1218967W001,681096,1982-04-21T00:00:00Z,4253.73,4253.73,0,87.6,4166.13,87.6,87.6,Oil or foreign substance in casing,Unknown,Water level accuracy is unknown,1,Department of Water Resources,NA,624,Bureau of Reclamation,NA,NA,36893,47N01E05E001M,47N01E05E001M,Unknown,Unknown,1-003,Butte Valley,Siskiyou,620,Irrigation,Single Well,GEOL 3982,1979-04-27 00:00:00 - 2020-04-01 12:00:00,80,spring,NA,NA,81.4,112.9,1982,20.56,11.82,33.41,12.76,Wet,SAC,1981-10-01T00:00:00Z,1982-10-01T00:00:00Z,-121.896,41.9452
419451N1218967W001,681095,1981-10-15T00:00:00Z,4253.73,4253.73,0,95.8,4157.93,95.8,95.8,Oil or foreign substance in casing,Unknown,Water level accuracy is unknown,1,Department of Water Resources,NA,624,Bureau of Reclamation,NA,NA,36893,47N01E05E001M,47N01E05E001M,Unknown,Unknown,1-003,Butte Valley,Siskiyou,620,Irrigation,Single Well,GEOL 3982,1979-04-27 00:00:00 - 2020-04-01 12:00:00,80,fall,81,124.8,NA,NA,1982,20.56,11.82,33.41,12.76,Wet,SAC,1981-10-01T00:00:00Z,1982-10-01T00:00:00Z,-121.896,41.9452
419451N1218967W001,681094,1981-04-24T00:00:00Z,4253.73,4253.73,0,86.1,4167.63,86.1,86.1,Oil or foreign substance in casing,Unknown,Water level accuracy is unknown,1,Department of Water Resources,NA,624,Bureau of Reclamation,NA,NA,36893,47N01E05E001M,47N01E05E001M,Unknown,Unknown,1-003,Butte Valley,Siskiyou,620,Irrigation,Single Well,GEOL 3982,1979-04-27 00:00:00 - 2020-04-01 12:00:00,80,spring,NA,NA,81.4,112.9,1981,6.81,3.63,11.1,6.21,Dry,SAC,1980-10-01T00:00:00Z,1981-10-01T00:00:00Z,-121.896,41.9452
419451N1218967W001,681093,1981-03-19T00:00:00Z,4253.73,4253.73,0,89.5,4164.23,89.5,89.5,Oil or foreign substance in casing,Unknown,Water level accuracy is unknown,1,Department of Water Resources,NA,1,Department of Water Resources,NA,NA,36893,47N01E05E001M,47N01E05E001M,Unknown,Unknown,1-003,Butte Valley,Siskiyou,620,Irrigation,Single Well,GEOL 3982,1979-04-27 00:00:00 - 2020-04-01 12:00:00,80,spring,NA,NA,81.4,112.9,1981,6.81,3.63,11.1,6.21,Dry,SAC,1980-10-01T00:00:00Z,1981-10-01T00:00:00Z,-121.896,41.9452
419451N1218967W001,681092,1980-10-24T00:00:00Z,4253.73,4253.73,0,95.5,4158.23,95.5,95.5,Oil or foreign substance in casing,Unknown,Water level accuracy is unknown,1,Department of Water Resources,NA,624,Bureau of Reclamation,NA,NA,36893,47N01E05E001M,47N01E05E001M,Unknown,Unknown,1-003,Butte Valley,Siskiyou,620,Irrigation,Single Well,GEOL 3982,1979-04-27 00:00:00 - 2020-04-01 12:00:00,80,fall,81,124.8,NA,NA,1981,6.81,3.63,11.1,6.21,Dry,SAC,1980-10-01T00:00:00Z,1981-10-01T00:00:00Z,-121.896,41.9452
419451N1218967W001,681091,1980-04-17T00:00:00Z,4253.73,4253.73,0,88.5,4165.23,88.5,88.5,Oil or foreign substance in casing,Unknown,Water level accuracy is unknown,1,Department of Water Resources,NA,624,Bureau of Reclamation,NA,NA,36893,47N01E05E001M,47N01E05E001M,Unknown,Unknown,1-003,Butte Valley,Siskiyou,620,Irrigation,Single Well,GEOL 3982,1979-04-27 00:00:00 - 2020-04-01 12:00:00,80,spring,NA,NA,81.4,112.9,1980,15.49,6,22.33,9.04,Above Normal,SAC,1979-10-01T00:00:00Z,1980-10-01T00:00:00Z,-121.896,41.9452
419451N1218967W001,681090,1979-10-12T00:00:00Z,4253.73,4253.73,0,92.1,4161.63,92.1,92.1,Oil or foreign substance in casing,Unknown,Water level accuracy is unknown,1,Department of Water Resources,NA,624,Bureau of Reclamation,NA,NA,36893,47N01E05E001M,47N01E05E001M,Unknown,Unknown,1-003,Butte Valley,Siskiyou,620,Irrigation,Single Well,GEOL 3982,1979-04-27 00:00:00 - 2020-04-01 12:00:00,80,fall,81,124.8,NA,NA,1980,15.49,6,22.33,9.04,Above Normal,SAC,1979-10-01T00:00:00Z,1980-10-01T00:00:00Z,-121.896,41.9452
419451N1218967W001,681089,1979-04-27T00:00:00Z,4253.73,4253.73,0,82.9,4170.83,82.9,82.9,Oil or foreign substance in casing,Unknown,Water level accuracy is unknown,1,Department of Water Resources,NA,624,Bureau of Reclamation,NA,NA,36893,47N01E05E001M,47N01E05E001M,Unknown,Unknown,1-003,Butte Valley,Siskiyou,620,Irrigation,Single Well,GEOL 3982,1979-04-27 00:00:00 - 2020-04-01 12:00:00,80,spring,NA,NA,81.4,112.9,1979,6.06,5.64,12.41,6.67,Below Normal,SAC,1978-10-01T00:00:00Z,1979-10-01T00:00:00Z,-121.896,41.9452
