SITE_CODE,WLM_ID,MSMT_DATE,WLM_RPE,WLM_GSE,RDNG_WS,RDNG_RP,WSE,RPE_WSE,GSE_WSE,WLM_QA_DESC,WLM_DESC,WLM_ACC_DESC,WLM_ORG_ID,WLM_ORG_NAME,MSMT_CMT,COOP_AGENCY_ORG_ID,COOP_ORG_NAME,TOP_PRF,BOT_PRF,STN_ID,SWN,WELL_NAME,WLM_METHOD,WLM_ACC,BASIN_CODE,BASIN_NAME,COUNTY_NAME,WELL_DEPTH,WELL_USE,WELL_TYPE,WCR_NO,t_range,n_samples,season,fall_high,fall_low,spring_high,spring_low,water_year,Oct.Mar,Apr.Jul,WYsum,Index,water_year_type,region,water_year_start,water_year_end,X,Y
419435N1219382W001,681255,1990-10-02T00:00:00Z,4243.75,4243.75,NA,NA,NA,NA,NA,Measurement Discontinued,NA,NA,1,Department of Water Resources,NA,1,Department of Water Resources,943,1131,39953,47N01W02J001M,NA,Unknown,Unknown,1-003,Butte Valley,Siskiyou,1131,Irrigation,Unknown,11004,1978-09-18 - 1990-10-02,24,fall,40.5,50.5,NA,NA,1991,3.9,4.01,8.44,4.21,Critical,SAC,1990-10-01T00:00:00Z,1991-10-01T00:00:00Z,-121.938,41.9435
419435N1219382W001,681254,1990-03-22T00:00:00Z,4243.75,4243.75,NA,NA,NA,NA,NA,Measurement Discontinued,NA,NA,1,Department of Water Resources,NA,1,Department of Water Resources,943,1131,39953,47N01W02J001M,NA,Unknown,Unknown,1-003,Butte Valley,Siskiyou,1131,Irrigation,Unknown,11004,1978-09-18 - 1990-10-02,24,spring,NA,NA,31.6,38.5,1990,4.94,3.72,9.26,4.81,Critical,SAC,1989-10-01T00:00:00Z,1990-10-01T00:00:00Z,-121.938,41.9435
419435N1219382W001,681253,1989-10-04T00:00:00Z,4243.75,4243.75,0,48.6,4195.15,48.6,48.6,Oil or foreign substance in casing,Unknown,Water level accuracy is unknown,1,Department of Water Resources,NA,1,Department of Water Resources,943,1131,39953,47N01W02J001M,NA,Unknown,Unknown,1-003,Butte Valley,Siskiyou,1131,Irrigation,Unknown,11004,1978-09-18 - 1990-10-02,24,fall,40.5,50.5,NA,NA,1990,4.94,3.72,9.26,4.81,Critical,SAC,1989-10-01T00:00:00Z,1990-10-01T00:00:00Z,-121.938,41.9435
419435N1219382W001,681252,1989-03-20T00:00:00Z,4243.75,4243.75,0,37.8,4205.95,37.8,37.8,Oil or foreign substance in casing,Unknown,Water level accuracy is unknown,1,Department of Water Resources,NA,1,Department of Water Resources,943,1131,39953,47N01W02J001M,NA,Unknown,Unknown,1-003,Butte Valley,Siskiyou,1131,Irrigation,Unknown,11004,1978-09-18 - 1990-10-02,24,spring,NA,NA,31.6,38.5,1989,9.03,5.07,14.82,6.13,Dry,SAC,1988-10-01T00:00:00Z,1989-10-01T00:00:00Z,-121.938,41.9435
419435N1219382W001,681251,1988-10-25T00:00:00Z,4243.75,4243.75,0,48.8,4194.95,48.8,48.8,Oil or foreign substance in casing,Unknown,Water level accuracy is unknown,1,Department of Water Resources,NA,1,Department of Water Resources,943,1131,39953,47N01W02J001M,NA,Unknown,Unknown,1-003,Butte Valley,Siskiyou,1131,Irrigation,Unknown,11004,1978-09-18 - 1990-10-02,24,fall,40.5,50.5,NA,NA,1989,9.03,5.07,14.82,6.13,Dry,SAC,1988-10-01T00:00:00Z,1989-10-01T00:00:00Z,-121.938,41.9435
419435N1219382W001,681250,1988-03-23T00:00:00Z,4243.75,4243.75,0,35.2,4208.55,35.2,35.2,Oil or foreign substance in casing,Unknown,Water level accuracy is unknown,1,Department of Water Resources,NA,1,Department of Water Resources,943,1131,39953,47N01W02J001M,NA,Unknown,Unknown,1-003,Butte Valley,Siskiyou,1131,Irrigation,Unknown,11004,1978-09-18 - 1990-10-02,24,spring,NA,NA,31.6,38.5,1988,5.78,2.9,9.23,4.65,Critical,SAC,1987-10-01T00:00:00Z,1988-10-01T00:00:00Z,-121.938,41.9435
419435N1219382W001,681249,1987-10-20T00:00:00Z,4243.75,4243.75,0,41.1,4202.65,41.1,41.1,Oil or foreign substance in casing,Unknown,Water level accuracy is unknown,1,Department of Water Resources,NA,1,Department of Water Resources,943,1131,39953,47N01W02J001M,NA,Unknown,Unknown,1-003,Butte Valley,Siskiyou,1131,Irrigation,Unknown,11004,1978-09-18 - 1990-10-02,24,fall,40.5,50.5,NA,NA,1988,5.78,2.9,9.23,4.65,Critical,SAC,1987-10-01T00:00:00Z,1988-10-01T00:00:00Z,-121.938,41.9435
419435N1219382W001,681248,1987-04-21T00:00:00Z,4243.75,4243.75,0,34.2,4209.55,34.2,34.2,NA,Unknown,Water level accuracy is unknown,1,Department of Water Resources,NA,1,Department of Water Resources,943,1131,39953,47N01W02J001M,NA,Unknown,Unknown,1-003,Butte Valley,Siskiyou,1131,Irrigation,Unknown,11004,1978-09-18 - 1990-10-02,24,spring,NA,NA,31.6,38.5,1987,5.85,2.8,9.27,5.86,Dry,SAC,1986-10-01T00:00:00Z,1987-10-01T00:00:00Z,-121.938,41.9435
419435N1219382W001,681247,1986-04-29T00:00:00Z,4243.75,4243.75,0,32.6,4211.15,32.6,32.6,NA,Unknown,Water level accuracy is unknown,1,Department of Water Resources,NA,624,Bureau of Reclamation,943,1131,39953,47N01W02J001M,NA,Unknown,Unknown,1-003,Butte Valley,Siskiyou,1131,Irrigation,Unknown,11004,1978-09-18 - 1990-10-02,24,spring,NA,NA,31.6,38.5,1986,19.45,5.45,25.83,9.96,Wet,SAC,1985-10-01T00:00:00Z,1986-10-01T00:00:00Z,-121.938,41.9435
419435N1219382W001,681246,1985-10-16T00:00:00Z,4243.75,4243.75,0,42.2,4201.55,42.2,42.2,Oil or foreign substance in casing,Unknown,Water level accuracy is unknown,1,Department of Water Resources,NA,624,Bureau of Reclamation,943,1131,39953,47N01W02J001M,NA,Unknown,Unknown,1-003,Butte Valley,Siskiyou,1131,Irrigation,Unknown,11004,1978-09-18 - 1990-10-02,24,fall,40.5,50.5,NA,NA,1986,19.45,5.45,25.83,9.96,Wet,SAC,1985-10-01T00:00:00Z,1986-10-01T00:00:00Z,-121.938,41.9435
419435N1219382W001,681245,1985-04-15T00:00:00Z,4243.75,4243.75,0,32,4211.75,32,32,Oil or foreign substance in casing,Unknown,Water level accuracy is unknown,1,Department of Water Resources,NA,624,Bureau of Reclamation,943,1131,39953,47N01W02J001M,NA,Unknown,Unknown,1-003,Butte Valley,Siskiyou,1131,Irrigation,Unknown,11004,1978-09-18 - 1990-10-02,24,spring,NA,NA,31.6,38.5,1985,6.24,4,11.04,6.47,Dry,SAC,1984-10-01T00:00:00Z,1985-10-01T00:00:00Z,-121.938,41.9435
419435N1219382W001,681244,1984-04-16T00:00:00Z,4243.75,4243.75,0,31.6,4212.15,31.6,31.6,Oil or foreign substance in casing,Unknown,Water level accuracy is unknown,1,Department of Water Resources,NA,624,Bureau of Reclamation,943,1131,39953,47N01W02J001M,NA,Unknown,Unknown,1-003,Butte Valley,Siskiyou,1131,Irrigation,Unknown,11004,1978-09-18 - 1990-10-02,24,spring,NA,NA,31.6,38.5,1984,15.98,5.52,22.35,10,Wet,SAC,1983-10-01T00:00:00Z,1984-10-01T00:00:00Z,-121.938,41.9435
419435N1219382W001,681243,1983-10-25T00:00:00Z,4243.75,4243.75,0,40.5,4203.25,40.5,40.5,Oil or foreign substance in casing,Unknown,Water level accuracy is unknown,1,Department of Water Resources,NA,624,Bureau of Reclamation,943,1131,39953,47N01W02J001M,NA,Unknown,Unknown,1-003,Butte Valley,Siskiyou,1131,Irrigation,Unknown,11004,1978-09-18 - 1990-10-02,24,fall,40.5,50.5,NA,NA,1984,15.98,5.52,22.35,10,Wet,SAC,1983-10-01T00:00:00Z,1984-10-01T00:00:00Z,-121.938,41.9435
419435N1219382W001,681242,1983-10-14T00:00:00Z,4243.75,4243.75,0,50.5,4193.25,50.5,50.5,Oil or foreign substance in casing,Unknown,Water level accuracy is unknown,1,Department of Water Resources,NA,624,Bureau of Reclamation,943,1131,39953,47N01W02J001M,NA,Unknown,Unknown,1-003,Butte Valley,Siskiyou,1131,Irrigation,Unknown,11004,1978-09-18 - 1990-10-02,24,fall,40.5,50.5,NA,NA,1984,15.98,5.52,22.35,10,Wet,SAC,1983-10-01T00:00:00Z,1984-10-01T00:00:00Z,-121.938,41.9435
419435N1219382W001,681241,1983-05-11T00:00:00Z,4243.75,4243.75,0,38.5,4205.25,38.5,38.5,Oil or foreign substance in casing,Unknown,Water level accuracy is unknown,1,Department of Water Resources,NA,624,Bureau of Reclamation,943,1131,39953,47N01W02J001M,NA,Unknown,Unknown,1-003,Butte Valley,Siskiyou,1131,Irrigation,Unknown,11004,1978-09-18 - 1990-10-02,24,spring,NA,NA,31.6,38.5,1983,22.75,13.66,37.68,15.29,Wet,SAC,1982-10-01T00:00:00Z,1983-10-01T00:00:00Z,-121.938,41.9435
419435N1219382W001,681240,1982-10-25T00:00:00Z,4243.75,4243.75,0,50.4,4193.35,50.4,50.4,Oil or foreign substance in casing,Unknown,Water level accuracy is unknown,1,Department of Water Resources,NA,624,Bureau of Reclamation,943,1131,39953,47N01W02J001M,NA,Unknown,Unknown,1-003,Butte Valley,Siskiyou,1131,Irrigation,Unknown,11004,1978-09-18 - 1990-10-02,24,fall,40.5,50.5,NA,NA,1983,22.75,13.66,37.68,15.29,Wet,SAC,1982-10-01T00:00:00Z,1983-10-01T00:00:00Z,-121.938,41.9435
419435N1219382W001,681239,1982-04-21T00:00:00Z,4243.75,4243.75,0,36.1,4207.65,36.1,36.1,Oil or foreign substance in casing,Unknown,Water level accuracy is unknown,1,Department of Water Resources,NA,624,Bureau of Reclamation,943,1131,39953,47N01W02J001M,NA,Unknown,Unknown,1-003,Butte Valley,Siskiyou,1131,Irrigation,Unknown,11004,1978-09-18 - 1990-10-02,24,spring,NA,NA,31.6,38.5,1982,20.56,11.82,33.41,12.76,Wet,SAC,1981-10-01T00:00:00Z,1982-10-01T00:00:00Z,-121.938,41.9435
419435N1219382W001,681238,1981-10-15T00:00:00Z,4243.75,4243.75,0,48.7,4195.05,48.7,48.7,Oil or foreign substance in casing,Unknown,Water level accuracy is unknown,1,Department of Water Resources,NA,624,Bureau of Reclamation,943,1131,39953,47N01W02J001M,NA,Unknown,Unknown,1-003,Butte Valley,Siskiyou,1131,Irrigation,Unknown,11004,1978-09-18 - 1990-10-02,24,fall,40.5,50.5,NA,NA,1982,20.56,11.82,33.41,12.76,Wet,SAC,1981-10-01T00:00:00Z,1982-10-01T00:00:00Z,-121.938,41.9435
419435N1219382W001,681237,1981-04-24T00:00:00Z,4243.75,4243.75,0,38.5,4205.25,38.5,38.5,Oil or foreign substance in casing,Unknown,Water level accuracy is unknown,1,Department of Water Resources,NA,624,Bureau of Reclamation,943,1131,39953,47N01W02J001M,NA,Unknown,Unknown,1-003,Butte Valley,Siskiyou,1131,Irrigation,Unknown,11004,1978-09-18 - 1990-10-02,24,spring,NA,NA,31.6,38.5,1981,6.81,3.63,11.1,6.21,Dry,SAC,1980-10-01T00:00:00Z,1981-10-01T00:00:00Z,-121.938,41.9435
419435N1219382W001,681236,1980-10-24T00:00:00Z,4243.75,4243.75,0,44.2,4199.55,44.2,44.2,Oil or foreign substance in casing,Unknown,Water level accuracy is unknown,1,Department of Water Resources,NA,624,Bureau of Reclamation,943,1131,39953,47N01W02J001M,NA,Unknown,Unknown,1-003,Butte Valley,Siskiyou,1131,Irrigation,Unknown,11004,1978-09-18 - 1990-10-02,24,fall,40.5,50.5,NA,NA,1981,6.81,3.63,11.1,6.21,Dry,SAC,1980-10-01T00:00:00Z,1981-10-01T00:00:00Z,-121.938,41.9435
419435N1219382W001,681235,1980-04-18T00:00:00Z,4243.75,4243.75,0,33.8,4209.95,33.8,33.8,Oil or foreign substance in casing,Unknown,Water level accuracy is unknown,1,Department of Water Resources,NA,624,Bureau of Reclamation,943,1131,39953,47N01W02J001M,NA,Unknown,Unknown,1-003,Butte Valley,Siskiyou,1131,Irrigation,Unknown,11004,1978-09-18 - 1990-10-02,24,spring,NA,NA,31.6,38.5,1980,15.49,6,22.33,9.04,Above Normal,SAC,1979-10-01T00:00:00Z,1980-10-01T00:00:00Z,-121.938,41.9435
419435N1219382W001,681234,1979-10-12T00:00:00Z,4243.75,4243.75,NA,NA,NA,NA,NA,Pumping,NA,NA,1,Department of Water Resources,NA,624,Bureau of Reclamation,943,1131,39953,47N01W02J001M,NA,Unknown,Unknown,1-003,Butte Valley,Siskiyou,1131,Irrigation,Unknown,11004,1978-09-18 - 1990-10-02,24,fall,40.5,50.5,NA,NA,1980,15.49,6,22.33,9.04,Above Normal,SAC,1979-10-01T00:00:00Z,1980-10-01T00:00:00Z,-121.938,41.9435
419435N1219382W001,681233,1979-04-27T00:00:00Z,4243.75,4243.75,0,31.8,4211.95,31.8,31.8,NA,Unknown,Water level accuracy is unknown,1,Department of Water Resources,NA,624,Bureau of Reclamation,943,1131,39953,47N01W02J001M,NA,Unknown,Unknown,1-003,Butte Valley,Siskiyou,1131,Irrigation,Unknown,11004,1978-09-18 - 1990-10-02,24,spring,NA,NA,31.6,38.5,1979,6.06,5.64,12.41,6.67,Below Normal,SAC,1978-10-01T00:00:00Z,1979-10-01T00:00:00Z,-121.938,41.9435
419435N1219382W001,681232,1978-09-18T00:00:00Z,4243.75,4243.75,0,42.8,4200.95,42.8,42.8,NA,Unknown,Water level accuracy is unknown,1,Department of Water Resources,NA,624,Bureau of Reclamation,943,1131,39953,47N01W02J001M,NA,Unknown,Unknown,1-003,Butte Valley,Siskiyou,1131,Irrigation,Unknown,11004,1978-09-18 - 1990-10-02,24,fall,40.5,50.5,NA,NA,1978,14.9,8.12,23.92,8.65,Above Normal,SAC,1977-10-01T00:00:00Z,1978-10-01T00:00:00Z,-121.938,41.9435
