SITE_CODE,WLM_ID,MSMT_DATE,WLM_RPE,WLM_GSE,RDNG_WS,RDNG_RP,WSE,RPE_WSE,GSE_WSE,WLM_QA_DESC,WLM_DESC,WLM_ACC_DESC,WLM_ORG_ID,WLM_ORG_NAME,MSMT_CMT,COOP_AGENCY_ORG_ID,COOP_ORG_NAME,TOP_PRF,BOT_PRF,STN_ID,SWN,WELL_NAME,WLM_METHOD,WLM_ACC,BASIN_CODE,BASIN_NAME,COUNTY_NAME,WELL_DEPTH,WELL_USE,WELL_TYPE,WCR_NO,t_range,n_samples,season,fall_high,fall_low,spring_high,spring_low,water_year,Oct.Mar,Apr.Jul,WYsum,Index,water_year_type,region,water_year_start,water_year_end,X,Y
419533N1219040W001,1791463,2003-04-01T00:00:00Z,4249.23,4248.23,NA,NA,NA,NA,NA,Unable to locate well,NA,NA,1,Department of Water Resources,NA,1,Department of Water Resources,NA,NA,24094,47N01E06A002M,NA,Unknown,Unknown,1-003,Butte Valley,Siskiyou,160,Irrigation,Unknown,58731,1971-10-28 - 2003-04-01,58,spring,NA,NA,28.7,41,2003,10.71,7.74,19.31,8.21,Above Normal,SAC,2002-10-01T00:00:00Z,2003-10-01T00:00:00Z,-121.904,41.9533
419533N1219040W001,1791462,2002-10-11T00:00:00Z,4249.23,4248.23,0,36.9,4212.33,36.9,35.9,NA,Unknown,Water level accuracy is unknown,1,Department of Water Resources,NA,1,Department of Water Resources,NA,NA,24094,47N01E06A002M,NA,Unknown,Unknown,1-003,Butte Valley,Siskiyou,160,Irrigation,Unknown,58731,1971-10-28 - 2003-04-01,58,fall,31.6,43.5,NA,NA,2003,10.71,7.74,19.31,8.21,Above Normal,SAC,2002-10-01T00:00:00Z,2003-10-01T00:00:00Z,-121.904,41.9533
419533N1219040W001,1791461,2002-03-26T00:00:00Z,4249.23,4248.23,0,36.8,4212.43,36.8,35.8,NA,Unknown,Water level accuracy is unknown,1,Department of Water Resources,NA,1,Department of Water Resources,NA,NA,24094,47N01E06A002M,NA,Unknown,Unknown,1-003,Butte Valley,Siskiyou,160,Irrigation,Unknown,58731,1971-10-28 - 2003-04-01,58,spring,NA,NA,28.7,41,2002,9.32,4.57,14.6,6.35,Dry,SAC,2001-10-01T00:00:00Z,2002-10-01T00:00:00Z,-121.904,41.9533
419533N1219040W001,1791460,2001-10-23T00:00:00Z,4249.23,4248.23,0,37.8,4211.43,37.8,36.8,NA,Unknown,Water level accuracy is unknown,1,Department of Water Resources,NA,1,Department of Water Resources,NA,NA,24094,47N01E06A002M,NA,Unknown,Unknown,1-003,Butte Valley,Siskiyou,160,Irrigation,Unknown,58731,1971-10-28 - 2003-04-01,58,fall,31.6,43.5,NA,NA,2002,9.32,4.57,14.6,6.35,Dry,SAC,2001-10-01T00:00:00Z,2002-10-01T00:00:00Z,-121.904,41.9533
419533N1219040W001,1791459,2001-04-03T00:00:00Z,4249.23,4248.23,0,37.1,4212.13,37.1,36.1,NA,Unknown,Water level accuracy is unknown,1,Department of Water Resources,NA,1,Department of Water Resources,NA,NA,24094,47N01E06A002M,NA,Unknown,Unknown,1-003,Butte Valley,Siskiyou,160,Irrigation,Unknown,58731,1971-10-28 - 2003-04-01,58,spring,NA,NA,28.7,41,2001,5.64,3.46,9.81,5.76,Dry,SAC,2000-10-01T00:00:00Z,2001-10-01T00:00:00Z,-121.904,41.9533
419533N1219040W001,1791458,2000-10-10T00:00:00Z,4249.23,4248.23,0,39.8,4209.43,39.8,38.8,NA,Unknown,Water level accuracy is unknown,1,Department of Water Resources,NA,1,Department of Water Resources,NA,NA,24094,47N01E06A002M,NA,Unknown,Unknown,1-003,Butte Valley,Siskiyou,160,Irrigation,Unknown,58731,1971-10-28 - 2003-04-01,58,fall,31.6,43.5,NA,NA,2001,5.64,3.46,9.81,5.76,Dry,SAC,2000-10-01T00:00:00Z,2001-10-01T00:00:00Z,-121.904,41.9533
419533N1219040W001,1791457,2000-03-22T00:00:00Z,4249.23,4248.23,0,37,4212.23,37,36,NA,Unknown,Water level accuracy is unknown,1,Department of Water Resources,NA,1,Department of Water Resources,NA,NA,24094,47N01E06A002M,NA,Unknown,Unknown,1-003,Butte Valley,Siskiyou,160,Irrigation,Unknown,58731,1971-10-28 - 2003-04-01,58,spring,NA,NA,28.7,41,2000,12.06,5.96,18.9,8.94,Above Normal,SAC,1999-10-01T00:00:00Z,2000-10-01T00:00:00Z,-121.904,41.9533
419533N1219040W001,1791455,1999-10-26T00:00:00Z,4249.23,4248.23,0,39.2,4210.03,39.2,38.2,NA,Unknown,Water level accuracy is unknown,1,Department of Water Resources,NA,1,Department of Water Resources,NA,NA,24094,47N01E06A002M,NA,Unknown,Unknown,1-003,Butte Valley,Siskiyou,160,Irrigation,Unknown,58731,1971-10-28 - 2003-04-01,58,fall,31.6,43.5,NA,NA,2000,12.06,5.96,18.9,8.94,Above Normal,SAC,1999-10-01T00:00:00Z,2000-10-01T00:00:00Z,-121.904,41.9533
419533N1219040W001,1791456,1999-03-16T00:00:00Z,4249.23,4248.23,0,37.9,4211.33,37.9,36.9,NA,Unknown,Water level accuracy is unknown,1,Department of Water Resources,NA,1,Department of Water Resources,NA,NA,24094,47N01E06A002M,NA,Unknown,Unknown,1-003,Butte Valley,Siskiyou,160,Irrigation,Unknown,58731,1971-10-28 - 2003-04-01,58,spring,NA,NA,28.7,41,1999,12.97,7.26,21.19,9.8,Wet,SAC,1998-10-01T00:00:00Z,1999-10-01T00:00:00Z,-121.904,41.9533
419533N1219040W001,1791454,1998-10-28T00:00:00Z,4249.23,4248.23,0,39.5,4209.73,39.5,38.5,NA,Unknown,Water level accuracy is unknown,1,Department of Water Resources,NA,1,Department of Water Resources,NA,NA,24094,47N01E06A002M,NA,Unknown,Unknown,1-003,Butte Valley,Siskiyou,160,Irrigation,Unknown,58731,1971-10-28 - 2003-04-01,58,fall,31.6,43.5,NA,NA,1999,12.97,7.26,21.19,9.8,Wet,SAC,1998-10-01T00:00:00Z,1999-10-01T00:00:00Z,-121.904,41.9533
419533N1219040W001,1791453,1998-03-30T00:00:00Z,4249.23,4248.23,0,38.4,4210.83,38.4,37.4,NA,Unknown,Water level accuracy is unknown,1,Department of Water Resources,NA,1,Department of Water Resources,NA,NA,24094,47N01E06A002M,NA,Unknown,Unknown,1-003,Butte Valley,Siskiyou,160,Irrigation,Unknown,58731,1971-10-28 - 2003-04-01,58,spring,NA,NA,28.7,41,1998,17.65,12.54,31.4,13.31,Wet,SAC,1997-10-01T00:00:00Z,1998-10-01T00:00:00Z,-121.904,41.9533
419533N1219040W001,1791452,1997-10-21T00:00:00Z,4249.23,4248.23,0,40.6,4208.63,40.6,39.6,NA,Unknown,Water level accuracy is unknown,1,Department of Water Resources,NA,1,Department of Water Resources,NA,NA,24094,47N01E06A002M,NA,Unknown,Unknown,1-003,Butte Valley,Siskiyou,160,Irrigation,Unknown,58731,1971-10-28 - 2003-04-01,58,fall,31.6,43.5,NA,NA,1998,17.65,12.54,31.4,13.31,Wet,SAC,1997-10-01T00:00:00Z,1998-10-01T00:00:00Z,-121.904,41.9533
419533N1219040W001,1791451,1997-03-11T00:00:00Z,4249.23,4248.23,0,38.9,4210.33,38.9,37.9,NA,Unknown,Water level accuracy is unknown,1,Department of Water Resources,NA,1,Department of Water Resources,NA,NA,24094,47N01E06A002M,NA,Unknown,Unknown,1-003,Butte Valley,Siskiyou,160,Irrigation,Unknown,58731,1971-10-28 - 2003-04-01,58,spring,NA,NA,28.7,41,1997,20.22,4.39,25.42,10.82,Wet,SAC,1996-10-01T00:00:00Z,1997-10-01T00:00:00Z,-121.904,41.9533
419533N1219040W001,1791450,1996-10-22T00:00:00Z,4249.23,4248.23,0,40.2,4209.03,40.2,39.2,NA,Unknown,Water level accuracy is unknown,1,Department of Water Resources,NA,1,Department of Water Resources,NA,NA,24094,47N01E06A002M,NA,Unknown,Unknown,1-003,Butte Valley,Siskiyou,160,Irrigation,Unknown,58731,1971-10-28 - 2003-04-01,58,fall,31.6,43.5,NA,NA,1997,20.22,4.39,25.42,10.82,Wet,SAC,1996-10-01T00:00:00Z,1997-10-01T00:00:00Z,-121.904,41.9533
419533N1219040W001,1791449,1996-03-27T00:00:00Z,4249.23,4248.23,0,40.9,4208.33,40.9,39.9,NA,Unknown,Water level accuracy is unknown,1,Department of Water Resources,NA,1,Department of Water Resources,NA,NA,24094,47N01E06A002M,NA,Unknown,Unknown,1-003,Butte Valley,Siskiyou,160,Irrigation,Unknown,58731,1971-10-28 - 2003-04-01,58,spring,NA,NA,28.7,41,1996,13.05,8.37,22.29,10.26,Wet,SAC,1995-10-01T00:00:00Z,1996-10-01T00:00:00Z,-121.904,41.9533
419533N1219040W001,1791448,1995-10-17T00:00:00Z,4249.23,4248.23,0,44.1,4205.13,44.1,43.1,NA,Unknown,Water level accuracy is unknown,1,Department of Water Resources,NA,1,Department of Water Resources,NA,NA,24094,47N01E06A002M,NA,Unknown,Unknown,1-003,Butte Valley,Siskiyou,160,Irrigation,Unknown,58731,1971-10-28 - 2003-04-01,58,fall,31.6,43.5,NA,NA,1996,13.05,8.37,22.29,10.26,Wet,SAC,1995-10-01T00:00:00Z,1996-10-01T00:00:00Z,-121.904,41.9533
419533N1219040W001,1791447,1995-03-28T00:00:00Z,4249.23,4248.23,0,42,4207.23,42,41,NA,Unknown,Water level accuracy is unknown,1,Department of Water Resources,NA,1,Department of Water Resources,NA,NA,24094,47N01E06A002M,NA,Unknown,Unknown,1-003,Butte Valley,Siskiyou,160,Irrigation,Unknown,58731,1971-10-28 - 2003-04-01,58,spring,NA,NA,28.7,41,1995,19.83,13.6,34.55,12.89,Wet,SAC,1994-10-01T00:00:00Z,1995-10-01T00:00:00Z,-121.904,41.9533
419533N1219040W001,1791446,1994-10-25T00:00:00Z,4249.23,4248.23,0,43.1,4206.13,43.1,42.1,NA,Unknown,Water level accuracy is unknown,1,Department of Water Resources,NA,1,Department of Water Resources,NA,NA,24094,47N01E06A002M,NA,Unknown,Unknown,1-003,Butte Valley,Siskiyou,160,Irrigation,Unknown,58731,1971-10-28 - 2003-04-01,58,fall,31.6,43.5,NA,NA,1995,19.83,13.6,34.55,12.89,Wet,SAC,1994-10-01T00:00:00Z,1995-10-01T00:00:00Z,-121.904,41.9533
419533N1219040W001,1791445,1994-03-29T00:00:00Z,4249.23,4248.23,0,39.9,4209.33,39.9,38.9,NA,Unknown,Water level accuracy is unknown,1,Department of Water Resources,NA,1,Department of Water Resources,NA,NA,24094,47N01E06A002M,NA,Unknown,Unknown,1-003,Butte Valley,Siskiyou,160,Irrigation,Unknown,58731,1971-10-28 - 2003-04-01,58,spring,NA,NA,28.7,41,1994,4.55,2.73,7.81,5.02,Critical,SAC,1993-10-01T00:00:00Z,1994-10-01T00:00:00Z,-121.904,41.9533
419533N1219040W001,1791444,1993-10-15T00:00:00Z,4249.23,4248.23,0,41.3,4207.93,41.3,40.3,NA,Unknown,Water level accuracy is unknown,1,Department of Water Resources,NA,1,Department of Water Resources,NA,NA,24094,47N01E06A002M,NA,Unknown,Unknown,1-003,Butte Valley,Siskiyou,160,Irrigation,Unknown,58731,1971-10-28 - 2003-04-01,58,fall,31.6,43.5,NA,NA,1994,4.55,2.73,7.81,5.02,Critical,SAC,1993-10-01T00:00:00Z,1994-10-01T00:00:00Z,-121.904,41.9533
419533N1219040W001,1791443,1993-03-17T00:00:00Z,4249.23,4248.23,NA,NA,NA,NA,NA,Temporarily inaccessible,NA,NA,1,Department of Water Resources,NA,1,Department of Water Resources,NA,NA,24094,47N01E06A002M,NA,Unknown,Unknown,1-003,Butte Valley,Siskiyou,160,Irrigation,Unknown,58731,1971-10-28 - 2003-04-01,58,spring,NA,NA,28.7,41,1993,12.44,8.98,22.21,8.54,Above Normal,SAC,1992-10-01T00:00:00Z,1993-10-01T00:00:00Z,-121.904,41.9533
419533N1219040W001,1791442,1992-10-20T00:00:00Z,4249.23,4248.23,0,43.4,4205.83,43.4,42.4,NA,Unknown,Water level accuracy is unknown,1,Department of Water Resources,NA,1,Department of Water Resources,NA,NA,24094,47N01E06A002M,NA,Unknown,Unknown,1-003,Butte Valley,Siskiyou,160,Irrigation,Unknown,58731,1971-10-28 - 2003-04-01,58,fall,31.6,43.5,NA,NA,1993,12.44,8.98,22.21,8.54,Above Normal,SAC,1992-10-01T00:00:00Z,1993-10-01T00:00:00Z,-121.904,41.9533
419533N1219040W001,1791441,1992-03-02T00:00:00Z,4249.23,4248.23,0,41,4208.23,41,40,NA,Unknown,Water level accuracy is unknown,1,Department of Water Resources,NA,1,Department of Water Resources,NA,NA,24094,47N01E06A002M,NA,Unknown,Unknown,1-003,Butte Valley,Siskiyou,160,Irrigation,Unknown,58731,1971-10-28 - 2003-04-01,58,spring,NA,NA,28.7,41,1992,5.41,2.93,8.87,4.06,Critical,SAC,1991-10-01T00:00:00Z,1992-10-01T00:00:00Z,-121.904,41.9533
419533N1219040W001,1791440,1991-09-30T00:00:00Z,4249.23,4248.23,0,42.7,4206.53,42.7,41.7,NA,Unknown,Water level accuracy is unknown,1,Department of Water Resources,NA,1,Department of Water Resources,NA,NA,24094,47N01E06A002M,NA,Unknown,Unknown,1-003,Butte Valley,Siskiyou,160,Irrigation,Unknown,58731,1971-10-28 - 2003-04-01,58,fall,31.6,43.5,NA,NA,1991,3.9,4.01,8.44,4.21,Critical,SAC,1990-10-01T00:00:00Z,1991-10-01T00:00:00Z,-121.904,41.9533
419533N1219040W001,1791439,1991-03-19T00:00:00Z,4249.23,4248.23,0,41.7,4207.53,41.7,40.7,NA,Unknown,Water level accuracy is unknown,1,Department of Water Resources,NA,1,Department of Water Resources,NA,NA,24094,47N01E06A002M,NA,Unknown,Unknown,1-003,Butte Valley,Siskiyou,160,Irrigation,Unknown,58731,1971-10-28 - 2003-04-01,58,spring,NA,NA,28.7,41,1991,3.9,4.01,8.44,4.21,Critical,SAC,1990-10-01T00:00:00Z,1991-10-01T00:00:00Z,-121.904,41.9533
419533N1219040W001,1791438,1990-10-02T00:00:00Z,4249.23,4248.23,0,43,4206.23,43,42,NA,Unknown,Water level accuracy is unknown,1,Department of Water Resources,NA,1,Department of Water Resources,NA,NA,24094,47N01E06A002M,NA,Unknown,Unknown,1-003,Butte Valley,Siskiyou,160,Irrigation,Unknown,58731,1971-10-28 - 2003-04-01,58,fall,31.6,43.5,NA,NA,1991,3.9,4.01,8.44,4.21,Critical,SAC,1990-10-01T00:00:00Z,1991-10-01T00:00:00Z,-121.904,41.9533
419533N1219040W001,1791437,1990-03-20T00:00:00Z,4249.23,4248.23,0,41.3,4207.93,41.3,40.3,NA,Unknown,Water level accuracy is unknown,1,Department of Water Resources,NA,1,Department of Water Resources,NA,NA,24094,47N01E06A002M,NA,Unknown,Unknown,1-003,Butte Valley,Siskiyou,160,Irrigation,Unknown,58731,1971-10-28 - 2003-04-01,58,spring,NA,NA,28.7,41,1990,4.94,3.72,9.26,4.81,Critical,SAC,1989-10-01T00:00:00Z,1990-10-01T00:00:00Z,-121.904,41.9533
419533N1219040W001,1791436,1989-10-03T00:00:00Z,4249.23,4248.23,0,43,4206.23,43,42,NA,Unknown,Water level accuracy is unknown,1,Department of Water Resources,NA,1,Department of Water Resources,NA,NA,24094,47N01E06A002M,NA,Unknown,Unknown,1-003,Butte Valley,Siskiyou,160,Irrigation,Unknown,58731,1971-10-28 - 2003-04-01,58,fall,31.6,43.5,NA,NA,1990,4.94,3.72,9.26,4.81,Critical,SAC,1989-10-01T00:00:00Z,1990-10-01T00:00:00Z,-121.904,41.9533
419533N1219040W001,1791435,1985-03-19T00:00:00Z,4248.73,4248.23,0,38.8,4209.93,38.8,38.3,NA,Unknown,Water level accuracy is unknown,1,Department of Water Resources,NA,1,Department of Water Resources,NA,NA,24094,47N01E06A002M,NA,Unknown,Unknown,1-003,Butte Valley,Siskiyou,160,Irrigation,Unknown,58731,1971-10-28 - 2003-04-01,58,spring,NA,NA,28.7,41,1985,6.24,4,11.04,6.47,Dry,SAC,1984-10-01T00:00:00Z,1985-10-01T00:00:00Z,-121.904,41.9533
419533N1219040W001,1791434,1984-10-31T00:00:00Z,4248.73,4248.23,0,41.1,4207.63,41.1,40.6,NA,Unknown,Water level accuracy is unknown,1,Department of Water Resources,NA,1,Department of Water Resources,NA,NA,24094,47N01E06A002M,NA,Unknown,Unknown,1-003,Butte Valley,Siskiyou,160,Irrigation,Unknown,58731,1971-10-28 - 2003-04-01,58,fall,31.6,43.5,NA,NA,1985,6.24,4,11.04,6.47,Dry,SAC,1984-10-01T00:00:00Z,1985-10-01T00:00:00Z,-121.904,41.9533
419533N1219040W001,1791433,1984-03-23T00:00:00Z,4248.73,4248.23,0,39.5,4209.23,39.5,39,NA,Unknown,Water level accuracy is unknown,1,Department of Water Resources,NA,1,Department of Water Resources,NA,NA,24094,47N01E06A002M,NA,Unknown,Unknown,1-003,Butte Valley,Siskiyou,160,Irrigation,Unknown,58731,1971-10-28 - 2003-04-01,58,spring,NA,NA,28.7,41,1984,15.98,5.52,22.35,10,Wet,SAC,1983-10-01T00:00:00Z,1984-10-01T00:00:00Z,-121.904,41.9533
419533N1219040W001,1791432,1983-10-24T00:00:00Z,4248.73,4248.23,0,41.9,4206.83,41.9,41.4,NA,Unknown,Water level accuracy is unknown,1,Department of Water Resources,NA,1,Department of Water Resources,NA,NA,24094,47N01E06A002M,NA,Unknown,Unknown,1-003,Butte Valley,Siskiyou,160,Irrigation,Unknown,58731,1971-10-28 - 2003-04-01,58,fall,31.6,43.5,NA,NA,1984,15.98,5.52,22.35,10,Wet,SAC,1983-10-01T00:00:00Z,1984-10-01T00:00:00Z,-121.904,41.9533
419533N1219040W001,1791431,1983-04-12T00:00:00Z,4248.73,4248.23,0,38.5,4210.23,38.5,38,NA,Unknown,Water level accuracy is unknown,1,Department of Water Resources,NA,1,Department of Water Resources,NA,NA,24094,47N01E06A002M,NA,Unknown,Unknown,1-003,Butte Valley,Siskiyou,160,Irrigation,Unknown,58731,1971-10-28 - 2003-04-01,58,spring,NA,NA,28.7,41,1983,22.75,13.66,37.68,15.29,Wet,SAC,1982-10-01T00:00:00Z,1983-10-01T00:00:00Z,-121.904,41.9533
419533N1219040W001,1791430,1982-10-19T00:00:00Z,4248.73,4248.23,0,41.4,4207.33,41.4,40.9,NA,Unknown,Water level accuracy is unknown,1,Department of Water Resources,NA,1,Department of Water Resources,NA,NA,24094,47N01E06A002M,NA,Unknown,Unknown,1-003,Butte Valley,Siskiyou,160,Irrigation,Unknown,58731,1971-10-28 - 2003-04-01,58,fall,31.6,43.5,NA,NA,1983,22.75,13.66,37.68,15.29,Wet,SAC,1982-10-01T00:00:00Z,1983-10-01T00:00:00Z,-121.904,41.9533
419533N1219040W001,1791429,1982-04-21T00:00:00Z,4248.73,4248.23,0,38.8,4209.93,38.8,38.3,NA,Unknown,Water level accuracy is unknown,1,Department of Water Resources,NA,1,Department of Water Resources,NA,NA,24094,47N01E06A002M,NA,Unknown,Unknown,1-003,Butte Valley,Siskiyou,160,Irrigation,Unknown,58731,1971-10-28 - 2003-04-01,58,spring,NA,NA,28.7,41,1982,20.56,11.82,33.41,12.76,Wet,SAC,1981-10-01T00:00:00Z,1982-10-01T00:00:00Z,-121.904,41.9533
419533N1219040W001,1791428,1981-10-08T00:00:00Z,4248.73,4248.23,0,44,4204.73,44,43.5,NA,Unknown,Water level accuracy is unknown,1,Department of Water Resources,NA,1,Department of Water Resources,NA,NA,24094,47N01E06A002M,NA,Unknown,Unknown,1-003,Butte Valley,Siskiyou,160,Irrigation,Unknown,58731,1971-10-28 - 2003-04-01,58,fall,31.6,43.5,NA,NA,1982,20.56,11.82,33.41,12.76,Wet,SAC,1981-10-01T00:00:00Z,1982-10-01T00:00:00Z,-121.904,41.9533
419533N1219040W001,1791427,1981-03-27T00:00:00Z,4248.73,4248.23,0,37,4211.73,37,36.5,NA,Unknown,Water level accuracy is unknown,1,Department of Water Resources,NA,1,Department of Water Resources,NA,NA,24094,47N01E06A002M,NA,Unknown,Unknown,1-003,Butte Valley,Siskiyou,160,Irrigation,Unknown,58731,1971-10-28 - 2003-04-01,58,spring,NA,NA,28.7,41,1981,6.81,3.63,11.1,6.21,Dry,SAC,1980-10-01T00:00:00Z,1981-10-01T00:00:00Z,-121.904,41.9533
419533N1219040W001,1791426,1980-10-02T00:00:00Z,4248.73,4248.23,0,41.2,4207.53,41.2,40.7,NA,Unknown,Water level accuracy is unknown,1,Department of Water Resources,NA,1,Department of Water Resources,NA,NA,24094,47N01E06A002M,NA,Unknown,Unknown,1-003,Butte Valley,Siskiyou,160,Irrigation,Unknown,58731,1971-10-28 - 2003-04-01,58,fall,31.6,43.5,NA,NA,1981,6.81,3.63,11.1,6.21,Dry,SAC,1980-10-01T00:00:00Z,1981-10-01T00:00:00Z,-121.904,41.9533
419533N1219040W001,1791425,1980-03-26T00:00:00Z,4248.73,4248.23,0,33,4215.73,33,32.5,NA,Unknown,Water level accuracy is unknown,1,Department of Water Resources,NA,1,Department of Water Resources,NA,NA,24094,47N01E06A002M,NA,Unknown,Unknown,1-003,Butte Valley,Siskiyou,160,Irrigation,Unknown,58731,1971-10-28 - 2003-04-01,58,spring,NA,NA,28.7,41,1980,15.49,6,22.33,9.04,Above Normal,SAC,1979-10-01T00:00:00Z,1980-10-01T00:00:00Z,-121.904,41.9533
419533N1219040W001,1791424,1979-10-31T00:00:00Z,4248.73,4248.23,0,37.7,4211.03,37.7,37.2,NA,Unknown,Water level accuracy is unknown,1,Department of Water Resources,NA,1,Department of Water Resources,NA,NA,24094,47N01E06A002M,NA,Unknown,Unknown,1-003,Butte Valley,Siskiyou,160,Irrigation,Unknown,58731,1971-10-28 - 2003-04-01,58,fall,31.6,43.5,NA,NA,1980,15.49,6,22.33,9.04,Above Normal,SAC,1979-10-01T00:00:00Z,1980-10-01T00:00:00Z,-121.904,41.9533
419533N1219040W001,1791423,1979-04-03T00:00:00Z,4248.73,4248.23,0,32.6,4216.13,32.6,32.1,NA,Unknown,Water level accuracy is unknown,1,Department of Water Resources,NA,1,Department of Water Resources,NA,NA,24094,47N01E06A002M,NA,Unknown,Unknown,1-003,Butte Valley,Siskiyou,160,Irrigation,Unknown,58731,1971-10-28 - 2003-04-01,58,spring,NA,NA,28.7,41,1979,6.06,5.64,12.41,6.67,Below Normal,SAC,1978-10-01T00:00:00Z,1979-10-01T00:00:00Z,-121.904,41.9533
419533N1219040W001,1791422,1978-10-24T00:00:00Z,4248.73,4248.23,0,34.2,4214.53,34.2,33.7,NA,Unknown,Water level accuracy is unknown,1,Department of Water Resources,NA,1,Department of Water Resources,NA,NA,24094,47N01E06A002M,NA,Unknown,Unknown,1-003,Butte Valley,Siskiyou,160,Irrigation,Unknown,58731,1971-10-28 - 2003-04-01,58,fall,31.6,43.5,NA,NA,1979,6.06,5.64,12.41,6.67,Below Normal,SAC,1978-10-01T00:00:00Z,1979-10-01T00:00:00Z,-121.904,41.9533
419533N1219040W001,1791421,1978-04-26T00:00:00Z,4248.73,4248.23,0,31.5,4217.23,31.5,31,NA,Unknown,Water level accuracy is unknown,1,Department of Water Resources,NA,1,Department of Water Resources,NA,NA,24094,47N01E06A002M,NA,Unknown,Unknown,1-003,Butte Valley,Siskiyou,160,Irrigation,Unknown,58731,1971-10-28 - 2003-04-01,58,spring,NA,NA,28.7,41,1978,14.9,8.12,23.92,8.65,Above Normal,SAC,1977-10-01T00:00:00Z,1978-10-01T00:00:00Z,-121.904,41.9533
419533N1219040W001,1791420,1978-03-29T00:00:00Z,4248.73,4248.23,0,31.8,4216.93,31.8,31.3,NA,Unknown,Water level accuracy is unknown,1,Department of Water Resources,NA,1,Department of Water Resources,NA,NA,24094,47N01E06A002M,NA,Unknown,Unknown,1-003,Butte Valley,Siskiyou,160,Irrigation,Unknown,58731,1971-10-28 - 2003-04-01,58,spring,NA,NA,28.7,41,1978,14.9,8.12,23.92,8.65,Above Normal,SAC,1977-10-01T00:00:00Z,1978-10-01T00:00:00Z,-121.904,41.9533
419533N1219040W001,1791419,1977-10-20T00:00:00Z,4248.73,4248.23,0,34.2,4214.53,34.2,33.7,NA,Unknown,Water level accuracy is unknown,1,Department of Water Resources,NA,1,Department of Water Resources,NA,NA,24094,47N01E06A002M,NA,Unknown,Unknown,1-003,Butte Valley,Siskiyou,160,Irrigation,Unknown,58731,1971-10-28 - 2003-04-01,58,fall,31.6,43.5,NA,NA,1978,14.9,8.12,23.92,8.65,Above Normal,SAC,1977-10-01T00:00:00Z,1978-10-01T00:00:00Z,-121.904,41.9533
419533N1219040W001,1791418,1977-03-29T00:00:00Z,4248.73,4248.23,0,29.8,4218.93,29.8,29.3,NA,Unknown,Water level accuracy is unknown,1,Department of Water Resources,NA,1,Department of Water Resources,NA,NA,24094,47N01E06A002M,NA,Unknown,Unknown,1-003,Butte Valley,Siskiyou,160,Irrigation,Unknown,58731,1971-10-28 - 2003-04-01,58,spring,NA,NA,28.7,41,1977,2.49,1.93,5.12,3.11,Critical,SAC,1976-10-01T00:00:00Z,1977-10-01T00:00:00Z,-121.904,41.9533
419533N1219040W001,1791417,1976-11-01T00:00:00Z,4248.73,4248.23,0,32.2,4216.53,32.2,31.7,NA,Unknown,Water level accuracy is unknown,1,Department of Water Resources,NA,1,Department of Water Resources,NA,NA,24094,47N01E06A002M,NA,Unknown,Unknown,1-003,Butte Valley,Siskiyou,160,Irrigation,Unknown,58731,1971-10-28 - 2003-04-01,58,fall,31.6,43.5,NA,NA,1977,2.49,1.93,5.12,3.11,Critical,SAC,1976-10-01T00:00:00Z,1977-10-01T00:00:00Z,-121.904,41.9533
419533N1219040W001,1791416,1976-03-18T00:00:00Z,4248.73,4248.23,0,30.1,4218.63,30.1,29.6,NA,Unknown,Water level accuracy is unknown,1,Department of Water Resources,NA,1,Department of Water Resources,NA,NA,24094,47N01E06A002M,NA,Unknown,Unknown,1-003,Butte Valley,Siskiyou,160,Irrigation,Unknown,58731,1971-10-28 - 2003-04-01,58,spring,NA,NA,28.7,41,1976,4.63,2.75,8.2,5.29,Critical,SAC,1975-10-01T00:00:00Z,1976-10-01T00:00:00Z,-121.904,41.9533
419533N1219040W001,1791415,1976-02-10T00:00:00Z,4248.73,4248.23,0,30.7,4218.03,30.7,30.2,NA,Unknown,Water level accuracy is unknown,1,Department of Water Resources,NA,1,Department of Water Resources,NA,NA,24094,47N01E06A002M,NA,Unknown,Unknown,1-003,Butte Valley,Siskiyou,160,Irrigation,Unknown,58731,1971-10-28 - 2003-04-01,58,other,NA,NA,NA,NA,1976,4.63,2.75,8.2,5.29,Critical,SAC,1975-10-01T00:00:00Z,1976-10-01T00:00:00Z,-121.904,41.9533
419533N1219040W001,1791414,1975-11-05T00:00:00Z,4248.73,4248.23,0,32.1,4216.63,32.1,31.6,NA,Unknown,Water level accuracy is unknown,1,Department of Water Resources,NA,1,Department of Water Resources,NA,NA,24094,47N01E06A002M,NA,Unknown,Unknown,1-003,Butte Valley,Siskiyou,160,Irrigation,Unknown,58731,1971-10-28 - 2003-04-01,58,fall,31.6,43.5,NA,NA,1976,4.63,2.75,8.2,5.29,Critical,SAC,1975-10-01T00:00:00Z,1976-10-01T00:00:00Z,-121.904,41.9533
419533N1219040W001,1791413,1975-04-17T00:00:00Z,4248.73,4248.23,0,29.8,4218.93,29.8,29.3,NA,Unknown,Water level accuracy is unknown,1,Department of Water Resources,NA,1,Department of Water Resources,NA,NA,24094,47N01E06A002M,NA,Unknown,Unknown,1-003,Butte Valley,Siskiyou,160,Irrigation,Unknown,58731,1971-10-28 - 2003-04-01,58,spring,NA,NA,28.7,41,1975,9.24,8.95,19.23,9.35,Wet,SAC,1974-10-01T00:00:00Z,1975-10-01T00:00:00Z,-121.904,41.9533
419533N1219040W001,1791412,1974-11-06T00:00:00Z,4248.73,4248.23,0,32.8,4215.93,32.8,32.3,NA,Unknown,Water level accuracy is unknown,1,Department of Water Resources,NA,1,Department of Water Resources,NA,NA,24094,47N01E06A002M,NA,Unknown,Unknown,1-003,Butte Valley,Siskiyou,160,Irrigation,Unknown,58731,1971-10-28 - 2003-04-01,58,fall,31.6,43.5,NA,NA,1975,9.24,8.95,19.23,9.35,Wet,SAC,1974-10-01T00:00:00Z,1975-10-01T00:00:00Z,-121.904,41.9533
419533N1219040W001,1791411,1974-04-11T00:00:00Z,4248.73,4248.23,0,31,4217.73,31,30.5,NA,Unknown,Water level accuracy is unknown,1,Department of Water Resources,NA,1,Department of Water Resources,NA,NA,24094,47N01E06A002M,NA,Unknown,Unknown,1-003,Butte Valley,Siskiyou,160,Irrigation,Unknown,58731,1971-10-28 - 2003-04-01,58,spring,NA,NA,28.7,41,1974,21.69,9.78,32.5,12.99,Wet,SAC,1973-10-01T00:00:00Z,1974-10-01T00:00:00Z,-121.904,41.9533
419533N1219040W001,1791410,1973-10-10T00:00:00Z,4248.73,4248.23,0,34.9,4213.83,34.9,34.4,NA,Unknown,Water level accuracy is unknown,1,Department of Water Resources,NA,1,Department of Water Resources,NA,NA,24094,47N01E06A002M,NA,Unknown,Unknown,1-003,Butte Valley,Siskiyou,160,Irrigation,Unknown,58731,1971-10-28 - 2003-04-01,58,fall,31.6,43.5,NA,NA,1974,21.69,9.78,32.5,12.99,Wet,SAC,1973-10-01T00:00:00Z,1974-10-01T00:00:00Z,-121.904,41.9533
419533N1219040W001,1791409,1973-04-19T00:00:00Z,4248.73,4248.23,NA,NA,NA,NA,NA,Pumping,NA,NA,1,Department of Water Resources,NA,1,Department of Water Resources,NA,NA,24094,47N01E06A002M,NA,Unknown,Unknown,1-003,Butte Valley,Siskiyou,160,Irrigation,Unknown,58731,1971-10-28 - 2003-04-01,58,spring,NA,NA,28.7,41,1973,12.8,6.38,20.05,8.58,Above Normal,SAC,1972-10-01T00:00:00Z,1973-10-01T00:00:00Z,-121.904,41.9533
419533N1219040W001,1791408,1972-10-04T00:00:00Z,4248.73,4248.23,0,33,4215.73,33,32.5,NA,Unknown,Water level accuracy is unknown,1,Department of Water Resources,NA,1,Department of Water Resources,NA,NA,24094,47N01E06A002M,NA,Unknown,Unknown,1-003,Butte Valley,Siskiyou,160,Irrigation,Unknown,58731,1971-10-28 - 2003-04-01,58,fall,31.6,43.5,NA,NA,1973,12.8,6.38,20.05,8.58,Above Normal,SAC,1972-10-01T00:00:00Z,1973-10-01T00:00:00Z,-121.904,41.9533
419533N1219040W001,1791407,1972-03-30T00:00:00Z,4248.73,4248.23,0,29.2,4219.53,29.2,28.7,NA,Unknown,Water level accuracy is unknown,1,Department of Water Resources,NA,1,Department of Water Resources,NA,NA,24094,47N01E06A002M,NA,Unknown,Unknown,1-003,Butte Valley,Siskiyou,160,Irrigation,Unknown,58731,1971-10-28 - 2003-04-01,58,spring,NA,NA,28.7,41,1972,7.61,5.02,13.43,7.29,Below Normal,SAC,1971-10-01T00:00:00Z,1972-10-01T00:00:00Z,-121.904,41.9533
419533N1219040W001,1791406,1971-10-28T00:00:00Z,4248.73,4248.23,0,33,4215.73,33,32.5,NA,Unknown,Water level accuracy is unknown,1,Department of Water Resources,NA,1,Department of Water Resources,NA,NA,24094,47N01E06A002M,NA,Unknown,Unknown,1-003,Butte Valley,Siskiyou,160,Irrigation,Unknown,58731,1971-10-28 - 2003-04-01,58,fall,31.6,43.5,NA,NA,1972,7.61,5.02,13.43,7.29,Below Normal,SAC,1971-10-01T00:00:00Z,1972-10-01T00:00:00Z,-121.904,41.9533
