SITE_CODE,WLM_ID,MSMT_DATE,WLM_RPE,WLM_GSE,RDNG_WS,RDNG_RP,WSE,RPE_WSE,GSE_WSE,WLM_QA_DESC,WLM_DESC,WLM_ACC_DESC,WLM_ORG_ID,WLM_ORG_NAME,MSMT_CMT,COOP_AGENCY_ORG_ID,COOP_ORG_NAME,TOP_PRF,BOT_PRF,STN_ID,SWN,WELL_NAME,WLM_METHOD,WLM_ACC,BASIN_CODE,BASIN_NAME,COUNTY_NAME,WELL_DEPTH,WELL_USE,WELL_TYPE,WCR_NO,t_range,n_samples,season,fall_high,fall_low,spring_high,spring_low,water_year,HUC8,WYT,water_year_type,water_year_start,water_year_end,X,Y
419577N1219345W001,682131,1990-10-02T00:00:00Z,4242.25,4241.75,NA,NA,NA,NA,NA,Measurement Discontinued,NA,NA,1,Department of Water Resources,NA,1,Department of Water Resources,86,920,39950,48N01W36M002M,NA,Unknown,Unknown,1-003,Butte Valley,Siskiyou,920,Irrigation,Unknown,3353,1987-04-20 - 1990-10-02,8,fall,43.1,53,NA,NA,1991,18010205,Critical,Critical,1990-10-01T00:00:00Z,1991-10-01T00:00:00Z,-121.934,41.9577
419577N1219345W001,682130,1990-03-22T00:00:00Z,4242.25,4241.75,NA,NA,NA,NA,NA,Measurement Discontinued,NA,NA,1,Department of Water Resources,NA,1,Department of Water Resources,86,920,39950,48N01W36M002M,NA,Unknown,Unknown,1-003,Butte Valley,Siskiyou,920,Irrigation,Unknown,3353,1987-04-20 - 1990-10-02,8,spring,NA,NA,38.7,42.1,1990,18010205,Below Normal,Below Normal,1989-10-01T00:00:00Z,1990-10-01T00:00:00Z,-121.934,41.9577
419577N1219345W001,682129,1989-10-02T00:00:00Z,4242.25,4241.75,0,53.5,4188.75,53.5,53,NA,Unknown,Water level accuracy is unknown,1,Department of Water Resources,NA,1,Department of Water Resources,86,920,39950,48N01W36M002M,NA,Unknown,Unknown,1-003,Butte Valley,Siskiyou,920,Irrigation,Unknown,3353,1987-04-20 - 1990-10-02,8,fall,43.1,53,NA,NA,1990,18010205,Below Normal,Below Normal,1989-10-01T00:00:00Z,1990-10-01T00:00:00Z,-121.934,41.9577
419577N1219345W001,682128,1989-03-21T00:00:00Z,4242.25,4241.75,0,42.6,4199.65,42.6,42.1,NA,Unknown,Water level accuracy is unknown,1,Department of Water Resources,NA,1,Department of Water Resources,86,920,39950,48N01W36M002M,NA,Unknown,Unknown,1-003,Butte Valley,Siskiyou,920,Irrigation,Unknown,3353,1987-04-20 - 1990-10-02,8,spring,NA,NA,38.7,42.1,1989,18010205,Below Normal,Below Normal,1988-10-01T00:00:00Z,1989-10-01T00:00:00Z,-121.934,41.9577
419577N1219345W001,682127,1988-10-25T00:00:00Z,4242.25,4241.75,0,43.6,4198.65,43.6,43.1,NA,Unknown,Water level accuracy is unknown,1,Department of Water Resources,NA,1,Department of Water Resources,86,920,39950,48N01W36M002M,NA,Unknown,Unknown,1-003,Butte Valley,Siskiyou,920,Irrigation,Unknown,3353,1987-04-20 - 1990-10-02,8,fall,43.1,53,NA,NA,1989,18010205,Below Normal,Below Normal,1988-10-01T00:00:00Z,1989-10-01T00:00:00Z,-121.934,41.9577
419577N1219345W001,682126,1988-03-23T00:00:00Z,4242.25,4241.75,0,40.4,4201.85,40.4,39.9,NA,Unknown,Water level accuracy is unknown,1,Department of Water Resources,NA,1,Department of Water Resources,86,920,39950,48N01W36M002M,NA,Unknown,Unknown,1-003,Butte Valley,Siskiyou,920,Irrigation,Unknown,3353,1987-04-20 - 1990-10-02,8,spring,NA,NA,38.7,42.1,1988,18010205,Critical,Critical,1987-10-01T00:00:00Z,1988-10-01T00:00:00Z,-121.934,41.9577
419577N1219345W001,682125,1987-10-19T00:00:00Z,4242.25,4241.75,0,47.6,4194.65,47.6,47.1,NA,Unknown,Water level accuracy is unknown,1,Department of Water Resources,NA,1,Department of Water Resources,86,920,39950,48N01W36M002M,NA,Unknown,Unknown,1-003,Butte Valley,Siskiyou,920,Irrigation,Unknown,3353,1987-04-20 - 1990-10-02,8,fall,43.1,53,NA,NA,1988,18010205,Critical,Critical,1987-10-01T00:00:00Z,1988-10-01T00:00:00Z,-121.934,41.9577
419577N1219345W001,682124,1987-04-20T00:00:00Z,4242.25,4241.75,0,39.2,4203.05,39.2,38.7,NA,Unknown,Water level accuracy is unknown,1,Department of Water Resources,NA,1,Department of Water Resources,86,920,39950,48N01W36M002M,NA,Unknown,Unknown,1-003,Butte Valley,Siskiyou,920,Irrigation,Unknown,3353,1987-04-20 - 1990-10-02,8,spring,NA,NA,38.7,42.1,1987,18010205,Critical,Critical,1986-10-01T00:00:00Z,1987-10-01T00:00:00Z,-121.934,41.9577
