SITE_CODE,WLM_ID,MSMT_DATE,WLM_RPE,WLM_GSE,RDNG_WS,RDNG_RP,WSE,RPE_WSE,GSE_WSE,WLM_QA_DESC,WLM_DESC,WLM_ACC_DESC,WLM_ORG_ID,WLM_ORG_NAME,MSMT_CMT,COOP_AGENCY_ORG_ID,COOP_ORG_NAME,TOP_PRF,BOT_PRF,STN_ID,SWN,WELL_NAME,WLM_METHOD,WLM_ACC,BASIN_CODE,BASIN_NAME,COUNTY_NAME,WELL_DEPTH,WELL_USE,WELL_TYPE,WCR_NO,t_range,n_samples,season,fall_high,fall_low,spring_high,spring_low,water_year,HUC8,WYT,water_year_type,water_year_start,water_year_end,X,Y
419519N1219958W001,2619121,2020-03-30T12:00:00Z,4246.24,4245.24,0,19.13,4227.11,19.13,18.13,NA,Electric sounder measurement,Water level accuracy to nearest tenth of a foot,1,Department of Water Resources,NA,1,Department of Water Resources,NA,NA,36895,47N01W04D002M,47N01W04D002M,USGS quad,5 ft.,1-003,Butte Valley,Siskiyou,200,Observation,Part of a nested/multi-completion well,YES,1970-10-07 00:00:00 - 2020-03-30 12:00:00,86,spring,NA,NA,4.3,18.13,2020,NA,NA,NA,2019-10-01T00:00:00Z,2020-10-01T00:00:00Z,-121.996,41.9521
419519N1219958W001,2453075,2019-04-03T12:00:00Z,4246.24,4245.24,0,18.69,4227.55,18.69,17.69,NA,Electric sounder measurement,Water level accuracy to nearest hundredth of a foot,1,Department of Water Resources,NA,1,Department of Water Resources,NA,NA,36895,47N01W04D002M,47N01W04D002M,USGS quad,5 ft.,1-003,Butte Valley,Siskiyou,200,Observation,Part of a nested/multi-completion well,YES,1970-10-07 00:00:00 - 2020-03-30 12:00:00,86,spring,NA,NA,4.3,18.13,2019,NA,NA,NA,2018-10-01T00:00:00Z,2019-10-01T00:00:00Z,-121.996,41.9521
419519N1219958W001,2413566,2018-10-30T12:00:00Z,4246.24,4245.24,0,19.7,4226.54,19.7,18.7,NA,Electric sounder measurement,Water level accuracy to nearest hundredth of a foot,1,Department of Water Resources,NA,1,Department of Water Resources,NA,NA,36895,47N01W04D002M,47N01W04D002M,USGS quad,5 ft.,1-003,Butte Valley,Siskiyou,200,Observation,Part of a nested/multi-completion well,YES,1970-10-07 00:00:00 - 2020-03-30 12:00:00,86,fall,5.7,18.7,NA,NA,2019,NA,NA,NA,2018-10-01T00:00:00Z,2019-10-01T00:00:00Z,-121.996,41.9521
419519N1219958W001,2286515,2018-03-30T12:00:00Z,4246.24,4245.24,0,17.75,4228.49,17.75,16.75,NA,Electric sounder measurement,Water level accuracy to nearest hundredth of a foot,1,Department of Water Resources,NA,1,Department of Water Resources,NA,NA,36895,47N01W04D002M,47N01W04D002M,USGS quad,5 ft.,1-003,Butte Valley,Siskiyou,200,Observation,Part of a nested/multi-completion well,YES,1970-10-07 00:00:00 - 2020-03-30 12:00:00,86,spring,NA,NA,4.3,18.13,2018,18010205,Below Normal,Below Normal,2017-10-01T00:00:00Z,2018-10-01T00:00:00Z,-121.996,41.9521
419519N1219958W001,2266642,2017-10-17T12:00:00Z,4246.24,4245.24,0,17.4,4228.84,17.4,16.4,NA,Electric sounder measurement,Water level accuracy to nearest hundredth of a foot,1,Department of Water Resources,NA,1,Department of Water Resources,NA,NA,36895,47N01W04D002M,47N01W04D002M,USGS quad,5 ft.,1-003,Butte Valley,Siskiyou,200,Observation,Part of a nested/multi-completion well,YES,1970-10-07 00:00:00 - 2020-03-30 12:00:00,86,fall,5.7,18.7,NA,NA,2018,18010205,Below Normal,Below Normal,2017-10-01T00:00:00Z,2018-10-01T00:00:00Z,-121.996,41.9521
419519N1219958W001,2241620,2017-03-23T12:00:00Z,4246.24,4245.24,7,25,4228.24,18,17,NA,Steel tape measurement,Water level accuracy to nearest tenth of a foot,1,Department of Water Resources,NA,1,Department of Water Resources,NA,NA,36895,47N01W04D002M,47N01W04D002M,USGS quad,5 ft.,1-003,Butte Valley,Siskiyou,200,Observation,Part of a nested/multi-completion well,YES,1970-10-07 00:00:00 - 2020-03-30 12:00:00,86,spring,NA,NA,4.3,18.13,2017,18010205,Wet,Wet,2016-10-01T00:00:00Z,2017-10-01T00:00:00Z,-121.996,41.9521
419519N1219958W001,2214911,2016-10-20T12:00:00Z,4246.24,4245.24,0,18.4,4227.84,18.4,17.4,NA,Electric sounder measurement,Water level accuracy to nearest tenth of a foot,1,Department of Water Resources,NA,1,Department of Water Resources,NA,NA,36895,47N01W04D002M,47N01W04D002M,USGS quad,5 ft.,1-003,Butte Valley,Siskiyou,200,Observation,Part of a nested/multi-completion well,YES,1970-10-07 00:00:00 - 2020-03-30 12:00:00,86,fall,5.7,18.7,NA,NA,2017,18010205,Wet,Wet,2016-10-01T00:00:00Z,2017-10-01T00:00:00Z,-121.996,41.9521
419519N1219958W001,2184898,2016-03-22T12:00:00Z,4246.24,4245.24,0,18.35,4227.89,18.35,17.35,NA,Electric sounder measurement,Water level accuracy to nearest tenth of a foot,1,Department of Water Resources,NA,1,Department of Water Resources,NA,NA,36895,47N01W04D002M,47N01W04D002M,USGS quad,5 ft.,1-003,Butte Valley,Siskiyou,200,Observation,Part of a nested/multi-completion well,YES,1970-10-07 00:00:00 - 2020-03-30 12:00:00,86,spring,NA,NA,4.3,18.13,2016,18010205,Wet,Wet,2015-10-01T00:00:00Z,2016-10-01T00:00:00Z,-121.996,41.9521
419519N1219958W001,2158522,2015-10-19T00:00:00Z,4246.24,4245.24,0,18.85,4227.39,18.85,17.85,NA,Electric sounder measurement,Water level accuracy to nearest tenth of a foot,1,Department of Water Resources,NA,1,Department of Water Resources,NA,NA,36895,47N01W04D002M,47N01W04D002M,USGS quad,5 ft.,1-003,Butte Valley,Siskiyou,200,Observation,Part of a nested/multi-completion well,YES,1970-10-07 00:00:00 - 2020-03-30 12:00:00,86,fall,5.7,18.7,NA,NA,2016,18010205,Wet,Wet,2015-10-01T00:00:00Z,2016-10-01T00:00:00Z,-121.996,41.9521
419519N1219958W001,2130479,2015-03-23T00:00:00Z,4246.24,4245.24,0,18.25,4227.99,18.25,17.25,NA,Electric sounder measurement,Water level accuracy to nearest tenth of a foot,1,Department of Water Resources,NA,1,Department of Water Resources,NA,NA,36895,47N01W04D002M,47N01W04D002M,USGS quad,5 ft.,1-003,Butte Valley,Siskiyou,200,Observation,Part of a nested/multi-completion well,YES,1970-10-07 00:00:00 - 2020-03-30 12:00:00,86,spring,NA,NA,4.3,18.13,2015,18010205,Below Normal,Below Normal,2014-10-01T00:00:00Z,2015-10-01T00:00:00Z,-121.996,41.9521
419519N1219958W001,2029090,2014-10-20T00:00:00Z,4246.24,4245.24,2.3,20,4228.54,17.7,16.7,NA,Steel tape measurement,Water level accuracy to nearest tenth of a foot,1,Department of Water Resources,NA,1,Department of Water Resources,NA,NA,36895,47N01W04D002M,47N01W04D002M,USGS quad,5 ft.,1-003,Butte Valley,Siskiyou,200,Observation,Part of a nested/multi-completion well,YES,1970-10-07 00:00:00 - 2020-03-30 12:00:00,86,fall,5.7,18.7,NA,NA,2015,18010205,Below Normal,Below Normal,2014-10-01T00:00:00Z,2015-10-01T00:00:00Z,-121.996,41.9521
419519N1219958W001,1885357,2014-03-24T00:00:00Z,4246.24,4245.24,-0.6,17,4228.64,17.6,16.6,NA,Steel tape measurement,Water level accuracy to nearest tenth of a foot,1,Department of Water Resources,NA,1,Department of Water Resources,NA,NA,36895,47N01W04D002M,47N01W04D002M,USGS quad,5 ft.,1-003,Butte Valley,Siskiyou,200,Observation,Part of a nested/multi-completion well,YES,1970-10-07 00:00:00 - 2020-03-30 12:00:00,86,spring,NA,NA,4.3,18.13,2014,18010205,Critical,Critical,2013-10-01T00:00:00Z,2014-10-01T00:00:00Z,-121.996,41.9521
419519N1219958W001,1797529,2013-10-21T00:00:00Z,4246.24,4245.24,0,17.2,4229.04,17.2,16.2,NA,Electric sounder measurement,Water level accuracy to nearest tenth of a foot,1,Department of Water Resources,NA,1,Department of Water Resources,NA,NA,36895,47N01W04D002M,47N01W04D002M,USGS quad,5 ft.,1-003,Butte Valley,Siskiyou,200,Observation,Part of a nested/multi-completion well,YES,1970-10-07 00:00:00 - 2020-03-30 12:00:00,86,fall,5.7,18.7,NA,NA,2014,18010205,Critical,Critical,2013-10-01T00:00:00Z,2014-10-01T00:00:00Z,-121.996,41.9521
419519N1219958W001,1685062,2013-03-25T00:00:00Z,4246.24,4245.24,-0.7,16,4229.54,16.7,15.7,NA,Steel tape measurement,Water level accuracy to nearest tenth of a foot,1,Department of Water Resources,NA,1,Department of Water Resources,NA,NA,36895,47N01W04D002M,47N01W04D002M,USGS quad,5 ft.,1-003,Butte Valley,Siskiyou,200,Observation,Part of a nested/multi-completion well,YES,1970-10-07 00:00:00 - 2020-03-30 12:00:00,86,spring,NA,NA,4.3,18.13,2013,18010205,Dry,Dry,2012-10-01T00:00:00Z,2013-10-01T00:00:00Z,-121.996,41.9521
419519N1219958W001,70278,2012-10-29T00:00:00Z,4246.24,4245.24,0.2,17,4229.44,16.8,15.8,NA,Steel tape measurement,Water level accuracy to nearest tenth of a foot,1,Department of Water Resources,NA,1,Department of Water Resources,NA,NA,36895,47N01W04D002M,47N01W04D002M,USGS quad,5 ft.,1-003,Butte Valley,Siskiyou,200,Observation,Part of a nested/multi-completion well,YES,1970-10-07 00:00:00 - 2020-03-30 12:00:00,86,fall,5.7,18.7,NA,NA,2013,18010205,Dry,Dry,2012-10-01T00:00:00Z,2013-10-01T00:00:00Z,-121.996,41.9521
419519N1219958W001,59909,2012-04-17T00:00:00Z,4246.24,4245.24,0.1,16,4230.34,15.9,14.9,NA,Steel tape measurement,Water level accuracy to nearest tenth of a foot,1,Department of Water Resources,NA,1,Department of Water Resources,NA,NA,36895,47N01W04D002M,47N01W04D002M,USGS quad,5 ft.,1-003,Butte Valley,Siskiyou,200,Observation,Part of a nested/multi-completion well,YES,1970-10-07 00:00:00 - 2020-03-30 12:00:00,86,spring,NA,NA,4.3,18.13,2012,18010205,Dry,Dry,2011-10-01T00:00:00Z,2012-10-01T00:00:00Z,-121.996,41.9521
419519N1219958W001,41186,2011-10-18T00:00:00Z,4246.24,4245.24,0,15.4,4230.84,15.4,14.4,NA,Steel tape measurement,Water level accuracy to nearest tenth of a foot,1,Department of Water Resources,NA,1,Department of Water Resources,NA,NA,36895,47N01W04D002M,47N01W04D002M,USGS quad,5 ft.,1-003,Butte Valley,Siskiyou,200,Observation,Part of a nested/multi-completion well,YES,1970-10-07 00:00:00 - 2020-03-30 12:00:00,86,fall,5.7,18.7,NA,NA,2012,18010205,Dry,Dry,2011-10-01T00:00:00Z,2012-10-01T00:00:00Z,-121.996,41.9521
419519N1219958W001,1791600,2011-10-18T00:00:00Z,4246.24,4245.24,0,15.4,4230.84,15.4,14.4,NA,Unknown,Water level accuracy is unknown,1,Department of Water Resources,NA,1,Department of Water Resources,NA,NA,36895,47N01W04D002M,47N01W04D002M,USGS quad,5 ft.,1-003,Butte Valley,Siskiyou,200,Observation,Part of a nested/multi-completion well,YES,1970-10-07 00:00:00 - 2020-03-30 12:00:00,86,fall,5.7,18.7,NA,NA,2012,18010205,Dry,Dry,2011-10-01T00:00:00Z,2012-10-01T00:00:00Z,-121.996,41.9521
419519N1219958W001,1791599,2011-04-20T00:00:00Z,4246.24,4245.24,0,15.1,4231.14,15.1,14.1,NA,Unknown,Water level accuracy is unknown,1,Department of Water Resources,NA,1,Department of Water Resources,NA,NA,36895,47N01W04D002M,47N01W04D002M,USGS quad,5 ft.,1-003,Butte Valley,Siskiyou,200,Observation,Part of a nested/multi-completion well,YES,1970-10-07 00:00:00 - 2020-03-30 12:00:00,86,spring,NA,NA,4.3,18.13,2011,18010205,Above Normal,Above Normal,2010-10-01T00:00:00Z,2011-10-01T00:00:00Z,-121.996,41.9521
419519N1219958W001,1791598,2010-10-25T00:00:00Z,4246.24,4245.24,0,15.6,4230.64,15.6,14.6,NA,Unknown,Water level accuracy is unknown,1,Department of Water Resources,NA,1,Department of Water Resources,NA,NA,36895,47N01W04D002M,47N01W04D002M,USGS quad,5 ft.,1-003,Butte Valley,Siskiyou,200,Observation,Part of a nested/multi-completion well,YES,1970-10-07 00:00:00 - 2020-03-30 12:00:00,86,fall,5.7,18.7,NA,NA,2011,18010205,Above Normal,Above Normal,2010-10-01T00:00:00Z,2011-10-01T00:00:00Z,-121.996,41.9521
419519N1219958W001,1791597,2010-03-30T00:00:00Z,4246.24,4245.24,0,14.8,4231.44,14.8,13.8,NA,Unknown,Water level accuracy is unknown,1,Department of Water Resources,NA,1,Department of Water Resources,NA,NA,36895,47N01W04D002M,47N01W04D002M,USGS quad,5 ft.,1-003,Butte Valley,Siskiyou,200,Observation,Part of a nested/multi-completion well,YES,1970-10-07 00:00:00 - 2020-03-30 12:00:00,86,spring,NA,NA,4.3,18.13,2010,18010205,Dry,Dry,2009-10-01T00:00:00Z,2010-10-01T00:00:00Z,-121.996,41.9521
419519N1219958W001,1791596,2009-10-27T00:00:00Z,4246.24,4245.24,0,14.5,4231.74,14.5,13.5,NA,Unknown,Water level accuracy is unknown,1,Department of Water Resources,NA,1,Department of Water Resources,NA,NA,36895,47N01W04D002M,47N01W04D002M,USGS quad,5 ft.,1-003,Butte Valley,Siskiyou,200,Observation,Part of a nested/multi-completion well,YES,1970-10-07 00:00:00 - 2020-03-30 12:00:00,86,fall,5.7,18.7,NA,NA,2010,18010205,Dry,Dry,2009-10-01T00:00:00Z,2010-10-01T00:00:00Z,-121.996,41.9521
419519N1219958W001,1791595,2009-04-08T00:00:00Z,4246.24,4245.24,NA,NA,NA,NA,NA,Temporarily inaccessible,NA,NA,1,Department of Water Resources,NA,1,Department of Water Resources,NA,NA,36895,47N01W04D002M,47N01W04D002M,USGS quad,5 ft.,1-003,Butte Valley,Siskiyou,200,Observation,Part of a nested/multi-completion well,YES,1970-10-07 00:00:00 - 2020-03-30 12:00:00,86,spring,NA,NA,4.3,18.13,2009,18010205,Dry,Dry,2008-10-01T00:00:00Z,2009-10-01T00:00:00Z,-121.996,41.9521
419519N1219958W001,1791594,2008-10-30T00:00:00Z,4246.24,4245.24,0,13.4,4232.84,13.4,12.4,NA,Unknown,Water level accuracy is unknown,1,Department of Water Resources,NA,1,Department of Water Resources,NA,NA,36895,47N01W04D002M,47N01W04D002M,USGS quad,5 ft.,1-003,Butte Valley,Siskiyou,200,Observation,Part of a nested/multi-completion well,YES,1970-10-07 00:00:00 - 2020-03-30 12:00:00,86,fall,5.7,18.7,NA,NA,2009,18010205,Dry,Dry,2008-10-01T00:00:00Z,2009-10-01T00:00:00Z,-121.996,41.9521
419519N1219958W001,1791593,2008-04-04T00:00:00Z,4246.24,4245.24,0,12.51,4233.73,12.51,11.51,NA,Unknown,Water level accuracy is unknown,1,Department of Water Resources,NA,1,Department of Water Resources,NA,NA,36895,47N01W04D002M,47N01W04D002M,USGS quad,5 ft.,1-003,Butte Valley,Siskiyou,200,Observation,Part of a nested/multi-completion well,YES,1970-10-07 00:00:00 - 2020-03-30 12:00:00,86,spring,NA,NA,4.3,18.13,2008,18010205,Dry,Dry,2007-10-01T00:00:00Z,2008-10-01T00:00:00Z,-121.996,41.9521
419519N1219958W001,1791592,2007-10-25T00:00:00Z,4246.24,4245.24,0,12.9,4233.34,12.9,11.9,NA,Unknown,Water level accuracy is unknown,1,Department of Water Resources,NA,1,Department of Water Resources,NA,NA,36895,47N01W04D002M,47N01W04D002M,USGS quad,5 ft.,1-003,Butte Valley,Siskiyou,200,Observation,Part of a nested/multi-completion well,YES,1970-10-07 00:00:00 - 2020-03-30 12:00:00,86,fall,5.7,18.7,NA,NA,2008,18010205,Dry,Dry,2007-10-01T00:00:00Z,2008-10-01T00:00:00Z,-121.996,41.9521
419519N1219958W001,1791591,2007-03-29T00:00:00Z,4246.24,4245.24,0,12.3,4233.94,12.3,11.3,NA,Unknown,Water level accuracy is unknown,1,Department of Water Resources,NA,1,Department of Water Resources,NA,NA,36895,47N01W04D002M,47N01W04D002M,USGS quad,5 ft.,1-003,Butte Valley,Siskiyou,200,Observation,Part of a nested/multi-completion well,YES,1970-10-07 00:00:00 - 2020-03-30 12:00:00,86,spring,NA,NA,4.3,18.13,2007,18010205,Above Normal,Above Normal,2006-10-01T00:00:00Z,2007-10-01T00:00:00Z,-121.996,41.9521
419519N1219958W001,1791590,2006-10-12T00:00:00Z,4246.24,4245.24,0,13,4233.24,13,12,NA,Unknown,Water level accuracy is unknown,1,Department of Water Resources,NA,1,Department of Water Resources,NA,NA,36895,47N01W04D002M,47N01W04D002M,USGS quad,5 ft.,1-003,Butte Valley,Siskiyou,200,Observation,Part of a nested/multi-completion well,YES,1970-10-07 00:00:00 - 2020-03-30 12:00:00,86,fall,5.7,18.7,NA,NA,2007,18010205,Above Normal,Above Normal,2006-10-01T00:00:00Z,2007-10-01T00:00:00Z,-121.996,41.9521
419519N1219958W001,1791589,2006-04-18T00:00:00Z,4246.24,4245.24,0,11.9,4234.34,11.9,10.9,NA,Unknown,Water level accuracy is unknown,1,Department of Water Resources,NA,1,Department of Water Resources,NA,NA,36895,47N01W04D002M,47N01W04D002M,USGS quad,5 ft.,1-003,Butte Valley,Siskiyou,200,Observation,Part of a nested/multi-completion well,YES,1970-10-07 00:00:00 - 2020-03-30 12:00:00,86,spring,NA,NA,4.3,18.13,2006,18010205,Wet,Wet,2005-10-01T00:00:00Z,2006-10-01T00:00:00Z,-121.996,41.9521
419519N1219958W001,1791588,2005-10-10T00:00:00Z,4246.24,4245.24,0,16.3,4229.94,16.3,15.3,NA,Unknown,Water level accuracy is unknown,1,Department of Water Resources,NA,1,Department of Water Resources,NA,NA,36895,47N01W04D002M,47N01W04D002M,USGS quad,5 ft.,1-003,Butte Valley,Siskiyou,200,Observation,Part of a nested/multi-completion well,YES,1970-10-07 00:00:00 - 2020-03-30 12:00:00,86,fall,5.7,18.7,NA,NA,2006,18010205,Wet,Wet,2005-10-01T00:00:00Z,2006-10-01T00:00:00Z,-121.996,41.9521
419519N1219958W001,1791587,2005-04-05T00:00:00Z,4246.24,4245.24,0,15.8,4230.44,15.8,14.8,NA,Unknown,Water level accuracy is unknown,1,Department of Water Resources,NA,1,Department of Water Resources,NA,NA,36895,47N01W04D002M,47N01W04D002M,USGS quad,5 ft.,1-003,Butte Valley,Siskiyou,200,Observation,Part of a nested/multi-completion well,YES,1970-10-07 00:00:00 - 2020-03-30 12:00:00,86,spring,NA,NA,4.3,18.13,2005,18010205,Above Normal,Above Normal,2004-10-01T00:00:00Z,2005-10-01T00:00:00Z,-121.996,41.9521
419519N1219958W001,1791586,2004-11-02T00:00:00Z,4246.24,4245.24,NA,NA,NA,NA,NA,Temporarily inaccessible,NA,NA,1,Department of Water Resources,NA,1,Department of Water Resources,NA,NA,36895,47N01W04D002M,47N01W04D002M,USGS quad,5 ft.,1-003,Butte Valley,Siskiyou,200,Observation,Part of a nested/multi-completion well,YES,1970-10-07 00:00:00 - 2020-03-30 12:00:00,86,fall,5.7,18.7,NA,NA,2005,18010205,Above Normal,Above Normal,2004-10-01T00:00:00Z,2005-10-01T00:00:00Z,-121.996,41.9521
419519N1219958W001,1791585,2004-03-30T00:00:00Z,4246.24,4245.24,0,15,4231.24,15,14,NA,Unknown,Water level accuracy is unknown,1,Department of Water Resources,NA,1,Department of Water Resources,NA,NA,36895,47N01W04D002M,47N01W04D002M,USGS quad,5 ft.,1-003,Butte Valley,Siskiyou,200,Observation,Part of a nested/multi-completion well,YES,1970-10-07 00:00:00 - 2020-03-30 12:00:00,86,spring,NA,NA,4.3,18.13,2004,18010205,Below Normal,Below Normal,2003-10-01T00:00:00Z,2004-10-01T00:00:00Z,-121.996,41.9521
419519N1219958W001,1791584,2003-10-20T00:00:00Z,4246.24,4245.24,0,15,4231.24,15,14,NA,Unknown,Water level accuracy is unknown,1,Department of Water Resources,NA,1,Department of Water Resources,NA,NA,36895,47N01W04D002M,47N01W04D002M,USGS quad,5 ft.,1-003,Butte Valley,Siskiyou,200,Observation,Part of a nested/multi-completion well,YES,1970-10-07 00:00:00 - 2020-03-30 12:00:00,86,fall,5.7,18.7,NA,NA,2004,18010205,Below Normal,Below Normal,2003-10-01T00:00:00Z,2004-10-01T00:00:00Z,-121.996,41.9521
419519N1219958W001,1791583,2003-04-01T00:00:00Z,4246.24,4245.24,NA,NA,NA,NA,NA,Temporarily inaccessible,NA,NA,1,Department of Water Resources,NA,1,Department of Water Resources,NA,NA,36895,47N01W04D002M,47N01W04D002M,USGS quad,5 ft.,1-003,Butte Valley,Siskiyou,200,Observation,Part of a nested/multi-completion well,YES,1970-10-07 00:00:00 - 2020-03-30 12:00:00,86,spring,NA,NA,4.3,18.13,2003,18010205,Below Normal,Below Normal,2002-10-01T00:00:00Z,2003-10-01T00:00:00Z,-121.996,41.9521
419519N1219958W001,1791582,2002-10-11T00:00:00Z,4246.24,4245.24,0,14.3,4231.94,14.3,13.3,NA,Unknown,Water level accuracy is unknown,1,Department of Water Resources,NA,1,Department of Water Resources,NA,NA,36895,47N01W04D002M,47N01W04D002M,USGS quad,5 ft.,1-003,Butte Valley,Siskiyou,200,Observation,Part of a nested/multi-completion well,YES,1970-10-07 00:00:00 - 2020-03-30 12:00:00,86,fall,5.7,18.7,NA,NA,2003,18010205,Below Normal,Below Normal,2002-10-01T00:00:00Z,2003-10-01T00:00:00Z,-121.996,41.9521
419519N1219958W001,1791581,2002-03-26T00:00:00Z,4246.24,4245.24,0,12.9,4233.34,12.9,11.9,NA,Unknown,Water level accuracy is unknown,1,Department of Water Resources,NA,1,Department of Water Resources,NA,NA,36895,47N01W04D002M,47N01W04D002M,USGS quad,5 ft.,1-003,Butte Valley,Siskiyou,200,Observation,Part of a nested/multi-completion well,YES,1970-10-07 00:00:00 - 2020-03-30 12:00:00,86,spring,NA,NA,4.3,18.13,2002,18010205,Dry,Dry,2001-10-01T00:00:00Z,2002-10-01T00:00:00Z,-121.996,41.9521
419519N1219958W001,1791580,2001-10-23T00:00:00Z,4246.24,4245.24,0,13.5,4232.74,13.5,12.5,NA,Unknown,Water level accuracy is unknown,1,Department of Water Resources,NA,1,Department of Water Resources,NA,NA,36895,47N01W04D002M,47N01W04D002M,USGS quad,5 ft.,1-003,Butte Valley,Siskiyou,200,Observation,Part of a nested/multi-completion well,YES,1970-10-07 00:00:00 - 2020-03-30 12:00:00,86,fall,5.7,18.7,NA,NA,2002,18010205,Dry,Dry,2001-10-01T00:00:00Z,2002-10-01T00:00:00Z,-121.996,41.9521
419519N1219958W001,1791579,2001-04-03T00:00:00Z,4246.24,4245.24,0,12,4234.24,12,11,NA,Unknown,Water level accuracy is unknown,1,Department of Water Resources,NA,1,Department of Water Resources,NA,NA,36895,47N01W04D002M,47N01W04D002M,USGS quad,5 ft.,1-003,Butte Valley,Siskiyou,200,Observation,Part of a nested/multi-completion well,YES,1970-10-07 00:00:00 - 2020-03-30 12:00:00,86,spring,NA,NA,4.3,18.13,2001,18010205,Critical,Critical,2000-10-01T00:00:00Z,2001-10-01T00:00:00Z,-121.996,41.9521
419519N1219958W001,1791578,2000-10-10T00:00:00Z,4246.24,4245.24,0,11.6,4234.64,11.6,10.6,NA,Unknown,Water level accuracy is unknown,1,Department of Water Resources,NA,1,Department of Water Resources,NA,NA,36895,47N01W04D002M,47N01W04D002M,USGS quad,5 ft.,1-003,Butte Valley,Siskiyou,200,Observation,Part of a nested/multi-completion well,YES,1970-10-07 00:00:00 - 2020-03-30 12:00:00,86,fall,5.7,18.7,NA,NA,2001,18010205,Critical,Critical,2000-10-01T00:00:00Z,2001-10-01T00:00:00Z,-121.996,41.9521
419519N1219958W001,1791577,2000-03-22T00:00:00Z,4246.24,4245.24,0,10,4236.24,10,9,NA,Unknown,Water level accuracy is unknown,1,Department of Water Resources,NA,1,Department of Water Resources,NA,NA,36895,47N01W04D002M,47N01W04D002M,USGS quad,5 ft.,1-003,Butte Valley,Siskiyou,200,Observation,Part of a nested/multi-completion well,YES,1970-10-07 00:00:00 - 2020-03-30 12:00:00,86,spring,NA,NA,4.3,18.13,2000,18010205,Above Normal,Above Normal,1999-10-01T00:00:00Z,2000-10-01T00:00:00Z,-121.996,41.9521
419519N1219958W001,1791575,1999-10-27T00:00:00Z,4246.24,4245.24,0,10.6,4235.64,10.6,9.6,NA,Unknown,Water level accuracy is unknown,1,Department of Water Resources,NA,1,Department of Water Resources,NA,NA,36895,47N01W04D002M,47N01W04D002M,USGS quad,5 ft.,1-003,Butte Valley,Siskiyou,200,Observation,Part of a nested/multi-completion well,YES,1970-10-07 00:00:00 - 2020-03-30 12:00:00,86,fall,5.7,18.7,NA,NA,2000,18010205,Above Normal,Above Normal,1999-10-01T00:00:00Z,2000-10-01T00:00:00Z,-121.996,41.9521
419519N1219958W001,1791576,1999-03-16T00:00:00Z,4246.24,4245.24,0,9,4237.24,9,8,NA,Unknown,Water level accuracy is unknown,1,Department of Water Resources,NA,1,Department of Water Resources,NA,NA,36895,47N01W04D002M,47N01W04D002M,USGS quad,5 ft.,1-003,Butte Valley,Siskiyou,200,Observation,Part of a nested/multi-completion well,YES,1970-10-07 00:00:00 - 2020-03-30 12:00:00,86,spring,NA,NA,4.3,18.13,1999,18010205,Wet,Wet,1998-10-01T00:00:00Z,1999-10-01T00:00:00Z,-121.996,41.9521
419519N1219958W001,1791574,1998-10-28T00:00:00Z,4246.24,4245.24,0,11.2,4235.04,11.2,10.2,NA,Unknown,Water level accuracy is unknown,1,Department of Water Resources,NA,1,Department of Water Resources,NA,NA,36895,47N01W04D002M,47N01W04D002M,USGS quad,5 ft.,1-003,Butte Valley,Siskiyou,200,Observation,Part of a nested/multi-completion well,YES,1970-10-07 00:00:00 - 2020-03-30 12:00:00,86,fall,5.7,18.7,NA,NA,1999,18010205,Wet,Wet,1998-10-01T00:00:00Z,1999-10-01T00:00:00Z,-121.996,41.9521
419519N1219958W001,1791573,1998-03-30T00:00:00Z,4246.24,4245.24,0,9.8,4236.44,9.8,8.8,NA,Unknown,Water level accuracy is unknown,1,Department of Water Resources,NA,1,Department of Water Resources,NA,NA,36895,47N01W04D002M,47N01W04D002M,USGS quad,5 ft.,1-003,Butte Valley,Siskiyou,200,Observation,Part of a nested/multi-completion well,YES,1970-10-07 00:00:00 - 2020-03-30 12:00:00,86,spring,NA,NA,4.3,18.13,1998,18010205,Wet,Wet,1997-10-01T00:00:00Z,1998-10-01T00:00:00Z,-121.996,41.9521
419519N1219958W001,1791572,1997-10-22T00:00:00Z,4246.24,4245.24,0,11.8,4234.44,11.8,10.8,NA,Unknown,Water level accuracy is unknown,1,Department of Water Resources,NA,1,Department of Water Resources,NA,NA,36895,47N01W04D002M,47N01W04D002M,USGS quad,5 ft.,1-003,Butte Valley,Siskiyou,200,Observation,Part of a nested/multi-completion well,YES,1970-10-07 00:00:00 - 2020-03-30 12:00:00,86,fall,5.7,18.7,NA,NA,1998,18010205,Wet,Wet,1997-10-01T00:00:00Z,1998-10-01T00:00:00Z,-121.996,41.9521
419519N1219958W001,1791571,1997-03-11T00:00:00Z,4246.24,4245.24,0,9.9,4236.34,9.9,8.9,NA,Unknown,Water level accuracy is unknown,1,Department of Water Resources,NA,1,Department of Water Resources,NA,NA,36895,47N01W04D002M,47N01W04D002M,USGS quad,5 ft.,1-003,Butte Valley,Siskiyou,200,Observation,Part of a nested/multi-completion well,YES,1970-10-07 00:00:00 - 2020-03-30 12:00:00,86,spring,NA,NA,4.3,18.13,1997,18010205,Wet,Wet,1996-10-01T00:00:00Z,1997-10-01T00:00:00Z,-121.996,41.9521
419519N1219958W001,1791570,1996-10-22T00:00:00Z,4246.24,4245.24,0,12.7,4233.54,12.7,11.7,NA,Unknown,Water level accuracy is unknown,1,Department of Water Resources,NA,1,Department of Water Resources,NA,NA,36895,47N01W04D002M,47N01W04D002M,USGS quad,5 ft.,1-003,Butte Valley,Siskiyou,200,Observation,Part of a nested/multi-completion well,YES,1970-10-07 00:00:00 - 2020-03-30 12:00:00,86,fall,5.7,18.7,NA,NA,1997,18010205,Wet,Wet,1996-10-01T00:00:00Z,1997-10-01T00:00:00Z,-121.996,41.9521
419519N1219958W001,1791569,1996-03-26T00:00:00Z,4246.24,4245.24,0,10.6,4235.64,10.6,9.6,NA,Unknown,Water level accuracy is unknown,1,Department of Water Resources,NA,1,Department of Water Resources,NA,NA,36895,47N01W04D002M,47N01W04D002M,USGS quad,5 ft.,1-003,Butte Valley,Siskiyou,200,Observation,Part of a nested/multi-completion well,YES,1970-10-07 00:00:00 - 2020-03-30 12:00:00,86,spring,NA,NA,4.3,18.13,1996,18010205,Wet,Wet,1995-10-01T00:00:00Z,1996-10-01T00:00:00Z,-121.996,41.9521
419519N1219958W001,1791568,1995-10-17T00:00:00Z,4246.24,4245.24,0,15,4231.24,15,14,NA,Unknown,Water level accuracy is unknown,1,Department of Water Resources,NA,1,Department of Water Resources,NA,NA,36895,47N01W04D002M,47N01W04D002M,USGS quad,5 ft.,1-003,Butte Valley,Siskiyou,200,Observation,Part of a nested/multi-completion well,YES,1970-10-07 00:00:00 - 2020-03-30 12:00:00,86,fall,5.7,18.7,NA,NA,1996,18010205,Wet,Wet,1995-10-01T00:00:00Z,1996-10-01T00:00:00Z,-121.996,41.9521
419519N1219958W001,1791567,1995-03-27T00:00:00Z,4246.24,4245.24,0,14.2,4232.04,14.2,13.2,NA,Unknown,Water level accuracy is unknown,1,Department of Water Resources,NA,1,Department of Water Resources,NA,NA,36895,47N01W04D002M,47N01W04D002M,USGS quad,5 ft.,1-003,Butte Valley,Siskiyou,200,Observation,Part of a nested/multi-completion well,YES,1970-10-07 00:00:00 - 2020-03-30 12:00:00,86,spring,NA,NA,4.3,18.13,1995,18010205,Wet,Wet,1994-10-01T00:00:00Z,1995-10-01T00:00:00Z,-121.996,41.9521
419519N1219958W001,1791566,1994-10-25T00:00:00Z,4246.24,4245.24,0,15.3,4230.94,15.3,14.3,NA,Unknown,Water level accuracy is unknown,1,Department of Water Resources,NA,1,Department of Water Resources,NA,NA,36895,47N01W04D002M,47N01W04D002M,USGS quad,5 ft.,1-003,Butte Valley,Siskiyou,200,Observation,Part of a nested/multi-completion well,YES,1970-10-07 00:00:00 - 2020-03-30 12:00:00,86,fall,5.7,18.7,NA,NA,1995,18010205,Wet,Wet,1994-10-01T00:00:00Z,1995-10-01T00:00:00Z,-121.996,41.9521
419519N1219958W001,1791565,1994-03-29T00:00:00Z,4246.24,4245.24,0,13.5,4232.74,13.5,12.5,NA,Unknown,Water level accuracy is unknown,1,Department of Water Resources,NA,1,Department of Water Resources,NA,NA,36895,47N01W04D002M,47N01W04D002M,USGS quad,5 ft.,1-003,Butte Valley,Siskiyou,200,Observation,Part of a nested/multi-completion well,YES,1970-10-07 00:00:00 - 2020-03-30 12:00:00,86,spring,NA,NA,4.3,18.13,1994,18010205,Dry,Dry,1993-10-01T00:00:00Z,1994-10-01T00:00:00Z,-121.996,41.9521
419519N1219958W001,1791564,1993-10-15T00:00:00Z,4246.24,4245.24,0,12.9,4233.34,12.9,11.9,NA,Unknown,Water level accuracy is unknown,1,Department of Water Resources,NA,1,Department of Water Resources,NA,NA,36895,47N01W04D002M,47N01W04D002M,USGS quad,5 ft.,1-003,Butte Valley,Siskiyou,200,Observation,Part of a nested/multi-completion well,YES,1970-10-07 00:00:00 - 2020-03-30 12:00:00,86,fall,5.7,18.7,NA,NA,1994,18010205,Dry,Dry,1993-10-01T00:00:00Z,1994-10-01T00:00:00Z,-121.996,41.9521
419519N1219958W001,1791563,1993-03-17T00:00:00Z,4246.24,4245.24,0,14.3,4231.94,14.3,13.3,NA,Unknown,Water level accuracy is unknown,1,Department of Water Resources,NA,1,Department of Water Resources,NA,NA,36895,47N01W04D002M,47N01W04D002M,USGS quad,5 ft.,1-003,Butte Valley,Siskiyou,200,Observation,Part of a nested/multi-completion well,YES,1970-10-07 00:00:00 - 2020-03-30 12:00:00,86,spring,NA,NA,4.3,18.13,1993,18010205,Wet,Wet,1992-10-01T00:00:00Z,1993-10-01T00:00:00Z,-121.996,41.9521
419519N1219958W001,1791562,1992-10-20T00:00:00Z,4246.24,4245.24,0,14.9,4231.34,14.9,13.9,NA,Unknown,Water level accuracy is unknown,1,Department of Water Resources,NA,1,Department of Water Resources,NA,NA,36895,47N01W04D002M,47N01W04D002M,USGS quad,5 ft.,1-003,Butte Valley,Siskiyou,200,Observation,Part of a nested/multi-completion well,YES,1970-10-07 00:00:00 - 2020-03-30 12:00:00,86,fall,5.7,18.7,NA,NA,1993,18010205,Wet,Wet,1992-10-01T00:00:00Z,1993-10-01T00:00:00Z,-121.996,41.9521
419519N1219958W001,1791561,1992-03-02T00:00:00Z,4246.24,4245.24,0,13.5,4232.74,13.5,12.5,NA,Unknown,Water level accuracy is unknown,1,Department of Water Resources,NA,1,Department of Water Resources,NA,NA,36895,47N01W04D002M,47N01W04D002M,USGS quad,5 ft.,1-003,Butte Valley,Siskiyou,200,Observation,Part of a nested/multi-completion well,YES,1970-10-07 00:00:00 - 2020-03-30 12:00:00,86,spring,NA,NA,4.3,18.13,1992,18010205,Critical,Critical,1991-10-01T00:00:00Z,1992-10-01T00:00:00Z,-121.996,41.9521
419519N1219958W001,1791560,1991-09-30T00:00:00Z,4246.24,4245.24,0,13.4,4232.84,13.4,12.4,NA,Unknown,Water level accuracy is unknown,1,Department of Water Resources,NA,1,Department of Water Resources,NA,NA,36895,47N01W04D002M,47N01W04D002M,USGS quad,5 ft.,1-003,Butte Valley,Siskiyou,200,Observation,Part of a nested/multi-completion well,YES,1970-10-07 00:00:00 - 2020-03-30 12:00:00,86,fall,5.7,18.7,NA,NA,1991,18010205,Critical,Critical,1990-10-01T00:00:00Z,1991-10-01T00:00:00Z,-121.996,41.9521
419519N1219958W001,1791559,1991-03-19T00:00:00Z,4246.24,4245.24,0,11.9,4234.34,11.9,10.9,NA,Unknown,Water level accuracy is unknown,1,Department of Water Resources,NA,1,Department of Water Resources,NA,NA,36895,47N01W04D002M,47N01W04D002M,USGS quad,5 ft.,1-003,Butte Valley,Siskiyou,200,Observation,Part of a nested/multi-completion well,YES,1970-10-07 00:00:00 - 2020-03-30 12:00:00,86,spring,NA,NA,4.3,18.13,1991,18010205,Critical,Critical,1990-10-01T00:00:00Z,1991-10-01T00:00:00Z,-121.996,41.9521
419519N1219958W001,1791558,1990-10-02T00:00:00Z,4246.24,4245.24,0,11.8,4234.44,11.8,10.8,NA,Unknown,Water level accuracy is unknown,1,Department of Water Resources,NA,1,Department of Water Resources,NA,NA,36895,47N01W04D002M,47N01W04D002M,USGS quad,5 ft.,1-003,Butte Valley,Siskiyou,200,Observation,Part of a nested/multi-completion well,YES,1970-10-07 00:00:00 - 2020-03-30 12:00:00,86,fall,5.7,18.7,NA,NA,1991,18010205,Critical,Critical,1990-10-01T00:00:00Z,1991-10-01T00:00:00Z,-121.996,41.9521
419519N1219958W001,1791557,1990-03-20T00:00:00Z,4246.24,4245.24,0,10.2,4236.04,10.2,9.2,NA,Unknown,Water level accuracy is unknown,1,Department of Water Resources,NA,1,Department of Water Resources,NA,NA,36895,47N01W04D002M,47N01W04D002M,USGS quad,5 ft.,1-003,Butte Valley,Siskiyou,200,Observation,Part of a nested/multi-completion well,YES,1970-10-07 00:00:00 - 2020-03-30 12:00:00,86,spring,NA,NA,4.3,18.13,1990,18010205,Below Normal,Below Normal,1989-10-01T00:00:00Z,1990-10-01T00:00:00Z,-121.996,41.9521
419519N1219958W001,1791556,1989-10-02T00:00:00Z,4246.24,4245.24,0,9.3,4236.94,9.3,8.3,NA,Unknown,Water level accuracy is unknown,1,Department of Water Resources,NA,1,Department of Water Resources,NA,NA,36895,47N01W04D002M,47N01W04D002M,USGS quad,5 ft.,1-003,Butte Valley,Siskiyou,200,Observation,Part of a nested/multi-completion well,YES,1970-10-07 00:00:00 - 2020-03-30 12:00:00,86,fall,5.7,18.7,NA,NA,1990,18010205,Below Normal,Below Normal,1989-10-01T00:00:00Z,1990-10-01T00:00:00Z,-121.996,41.9521
419519N1219958W001,1791555,1978-03-29T00:00:00Z,4245.74,4245.24,NA,NA,NA,NA,NA,Temporarily inaccessible,NA,NA,1,Department of Water Resources,NA,1,Department of Water Resources,NA,NA,36895,47N01W04D002M,47N01W04D002M,USGS quad,5 ft.,1-003,Butte Valley,Siskiyou,200,Observation,Part of a nested/multi-completion well,YES,1970-10-07 00:00:00 - 2020-03-30 12:00:00,86,spring,NA,NA,4.3,18.13,1978,18010205,Above Normal,Above Normal,1977-10-01T00:00:00Z,1978-10-01T00:00:00Z,-121.996,41.9521
419519N1219958W001,1791554,1977-10-20T00:00:00Z,4245.74,4245.24,0,10.6,4235.14,10.6,10.1,NA,Unknown,Water level accuracy is unknown,1,Department of Water Resources,NA,1,Department of Water Resources,NA,NA,36895,47N01W04D002M,47N01W04D002M,USGS quad,5 ft.,1-003,Butte Valley,Siskiyou,200,Observation,Part of a nested/multi-completion well,YES,1970-10-07 00:00:00 - 2020-03-30 12:00:00,86,fall,5.7,18.7,NA,NA,1978,18010205,Above Normal,Above Normal,1977-10-01T00:00:00Z,1978-10-01T00:00:00Z,-121.996,41.9521
419519N1219958W001,1791553,1977-03-29T00:00:00Z,4245.74,4245.24,NA,NA,NA,NA,NA,Temporarily inaccessible,NA,NA,1,Department of Water Resources,NA,1,Department of Water Resources,NA,NA,36895,47N01W04D002M,47N01W04D002M,USGS quad,5 ft.,1-003,Butte Valley,Siskiyou,200,Observation,Part of a nested/multi-completion well,YES,1970-10-07 00:00:00 - 2020-03-30 12:00:00,86,spring,NA,NA,4.3,18.13,1977,18010205,Critical,Critical,1976-10-01T00:00:00Z,1977-10-01T00:00:00Z,-121.996,41.9521
419519N1219958W001,1791552,1976-11-01T00:00:00Z,4245.74,4245.24,0,8.7,4237.04,8.7,8.2,NA,Unknown,Water level accuracy is unknown,1,Department of Water Resources,NA,1,Department of Water Resources,NA,NA,36895,47N01W04D002M,47N01W04D002M,USGS quad,5 ft.,1-003,Butte Valley,Siskiyou,200,Observation,Part of a nested/multi-completion well,YES,1970-10-07 00:00:00 - 2020-03-30 12:00:00,86,fall,5.7,18.7,NA,NA,1977,18010205,Critical,Critical,1976-10-01T00:00:00Z,1977-10-01T00:00:00Z,-121.996,41.9521
419519N1219958W001,1791551,1976-03-18T00:00:00Z,4245.74,4245.24,NA,NA,NA,NA,NA,Temporarily inaccessible,NA,NA,1,Department of Water Resources,NA,1,Department of Water Resources,NA,NA,36895,47N01W04D002M,47N01W04D002M,USGS quad,5 ft.,1-003,Butte Valley,Siskiyou,200,Observation,Part of a nested/multi-completion well,YES,1970-10-07 00:00:00 - 2020-03-30 12:00:00,86,spring,NA,NA,4.3,18.13,1976,18010205,Dry,Dry,1975-10-01T00:00:00Z,1976-10-01T00:00:00Z,-121.996,41.9521
419519N1219958W001,1791550,1975-11-05T00:00:00Z,4245.74,4245.24,0,7.6,4238.14,7.6,7.1,NA,Unknown,Water level accuracy is unknown,1,Department of Water Resources,NA,1,Department of Water Resources,NA,NA,36895,47N01W04D002M,47N01W04D002M,USGS quad,5 ft.,1-003,Butte Valley,Siskiyou,200,Observation,Part of a nested/multi-completion well,YES,1970-10-07 00:00:00 - 2020-03-30 12:00:00,86,fall,5.7,18.7,NA,NA,1976,18010205,Dry,Dry,1975-10-01T00:00:00Z,1976-10-01T00:00:00Z,-121.996,41.9521
419519N1219958W001,1791549,1975-04-17T00:00:00Z,4245.74,4245.24,NA,NA,NA,NA,NA,Temporarily inaccessible,NA,NA,1,Department of Water Resources,NA,1,Department of Water Resources,NA,NA,36895,47N01W04D002M,47N01W04D002M,USGS quad,5 ft.,1-003,Butte Valley,Siskiyou,200,Observation,Part of a nested/multi-completion well,YES,1970-10-07 00:00:00 - 2020-03-30 12:00:00,86,spring,NA,NA,4.3,18.13,1975,18010205,Above Normal,Above Normal,1974-10-01T00:00:00Z,1975-10-01T00:00:00Z,-121.996,41.9521
419519N1219958W001,1791548,1974-11-06T00:00:00Z,4245.74,4245.24,0,7.8,4237.94,7.8,7.3,NA,Unknown,Water level accuracy is unknown,1,Department of Water Resources,NA,1,Department of Water Resources,NA,NA,36895,47N01W04D002M,47N01W04D002M,USGS quad,5 ft.,1-003,Butte Valley,Siskiyou,200,Observation,Part of a nested/multi-completion well,YES,1970-10-07 00:00:00 - 2020-03-30 12:00:00,86,fall,5.7,18.7,NA,NA,1975,18010205,Above Normal,Above Normal,1974-10-01T00:00:00Z,1975-10-01T00:00:00Z,-121.996,41.9521
419519N1219958W001,1791547,1974-04-11T00:00:00Z,4245.74,4245.24,NA,NA,NA,NA,NA,Temporarily inaccessible,NA,NA,1,Department of Water Resources,NA,1,Department of Water Resources,NA,NA,36895,47N01W04D002M,47N01W04D002M,USGS quad,5 ft.,1-003,Butte Valley,Siskiyou,200,Observation,Part of a nested/multi-completion well,YES,1970-10-07 00:00:00 - 2020-03-30 12:00:00,86,spring,NA,NA,4.3,18.13,1974,18010205,Wet,Wet,1973-10-01T00:00:00Z,1974-10-01T00:00:00Z,-121.996,41.9521
419519N1219958W001,1791546,1973-10-10T00:00:00Z,4245.74,4245.24,0,8.8,4236.94,8.8,8.3,NA,Unknown,Water level accuracy is unknown,1,Department of Water Resources,NA,1,Department of Water Resources,NA,NA,36895,47N01W04D002M,47N01W04D002M,USGS quad,5 ft.,1-003,Butte Valley,Siskiyou,200,Observation,Part of a nested/multi-completion well,YES,1970-10-07 00:00:00 - 2020-03-30 12:00:00,86,fall,5.7,18.7,NA,NA,1974,18010205,Wet,Wet,1973-10-01T00:00:00Z,1974-10-01T00:00:00Z,-121.996,41.9521
419519N1219958W001,1791545,1973-04-19T00:00:00Z,4245.74,4245.24,0,6.9,4238.84,6.9,6.4,NA,Unknown,Water level accuracy is unknown,1,Department of Water Resources,NA,1,Department of Water Resources,NA,NA,36895,47N01W04D002M,47N01W04D002M,USGS quad,5 ft.,1-003,Butte Valley,Siskiyou,200,Observation,Part of a nested/multi-completion well,YES,1970-10-07 00:00:00 - 2020-03-30 12:00:00,86,spring,NA,NA,4.3,18.13,1973,18010205,Critical,Critical,1972-10-01T00:00:00Z,1973-10-01T00:00:00Z,-121.996,41.9521
419519N1219958W001,1791544,1972-10-06T00:00:00Z,4245.74,4245.24,0,6.3,4239.44,6.3,5.8,NA,Unknown,Water level accuracy is unknown,1,Department of Water Resources,NA,1,Department of Water Resources,NA,NA,36895,47N01W04D002M,47N01W04D002M,USGS quad,5 ft.,1-003,Butte Valley,Siskiyou,200,Observation,Part of a nested/multi-completion well,YES,1970-10-07 00:00:00 - 2020-03-30 12:00:00,86,fall,5.7,18.7,NA,NA,1973,18010205,Critical,Critical,1972-10-01T00:00:00Z,1973-10-01T00:00:00Z,-121.996,41.9521
419519N1219958W001,1791543,1972-10-04T00:00:00Z,4245.74,4245.24,0,7,4238.74,7,6.5,NA,Unknown,Water level accuracy is unknown,1,Department of Water Resources,NA,1,Department of Water Resources,NA,NA,36895,47N01W04D002M,47N01W04D002M,USGS quad,5 ft.,1-003,Butte Valley,Siskiyou,200,Observation,Part of a nested/multi-completion well,YES,1970-10-07 00:00:00 - 2020-03-30 12:00:00,86,fall,5.7,18.7,NA,NA,1973,18010205,Critical,Critical,1972-10-01T00:00:00Z,1973-10-01T00:00:00Z,-121.996,41.9521
419519N1219958W001,1791542,1972-09-06T00:00:00Z,4245.74,4245.24,0,6.2,4239.54,6.2,5.7,NA,Unknown,Water level accuracy is unknown,1,Department of Water Resources,NA,624,Bureau of Reclamation,NA,NA,36895,47N01W04D002M,47N01W04D002M,USGS quad,5 ft.,1-003,Butte Valley,Siskiyou,200,Observation,Part of a nested/multi-completion well,YES,1970-10-07 00:00:00 - 2020-03-30 12:00:00,86,fall,5.7,18.7,NA,NA,1972,18010205,Above Normal,Above Normal,1971-10-01T00:00:00Z,1972-10-01T00:00:00Z,-121.996,41.9521
419519N1219958W001,1791541,1972-07-28T00:00:00Z,4245.74,4245.24,0,5.7,4240.04,5.7,5.2,NA,Unknown,Water level accuracy is unknown,1,Department of Water Resources,NA,624,Bureau of Reclamation,NA,NA,36895,47N01W04D002M,47N01W04D002M,USGS quad,5 ft.,1-003,Butte Valley,Siskiyou,200,Observation,Part of a nested/multi-completion well,YES,1970-10-07 00:00:00 - 2020-03-30 12:00:00,86,other,NA,NA,NA,NA,1972,18010205,Above Normal,Above Normal,1971-10-01T00:00:00Z,1972-10-01T00:00:00Z,-121.996,41.9521
419519N1219958W001,1791540,1972-06-29T00:00:00Z,4245.74,4245.24,0,5.2,4240.54,5.2,4.7,NA,Unknown,Water level accuracy is unknown,1,Department of Water Resources,NA,624,Bureau of Reclamation,NA,NA,36895,47N01W04D002M,47N01W04D002M,USGS quad,5 ft.,1-003,Butte Valley,Siskiyou,200,Observation,Part of a nested/multi-completion well,YES,1970-10-07 00:00:00 - 2020-03-30 12:00:00,86,other,NA,NA,NA,NA,1972,18010205,Above Normal,Above Normal,1971-10-01T00:00:00Z,1972-10-01T00:00:00Z,-121.996,41.9521
419519N1219958W001,1791539,1972-05-31T00:00:00Z,4245.74,4245.24,0,4.8,4240.94,4.8,4.3,NA,Unknown,Water level accuracy is unknown,1,Department of Water Resources,NA,624,Bureau of Reclamation,NA,NA,36895,47N01W04D002M,47N01W04D002M,USGS quad,5 ft.,1-003,Butte Valley,Siskiyou,200,Observation,Part of a nested/multi-completion well,YES,1970-10-07 00:00:00 - 2020-03-30 12:00:00,86,spring,NA,NA,4.3,18.13,1972,18010205,Above Normal,Above Normal,1971-10-01T00:00:00Z,1972-10-01T00:00:00Z,-121.996,41.9521
419519N1219958W001,1791538,1972-05-08T00:00:00Z,4245.74,4245.24,0,4.8,4240.94,4.8,4.3,NA,Unknown,Water level accuracy is unknown,1,Department of Water Resources,NA,624,Bureau of Reclamation,NA,NA,36895,47N01W04D002M,47N01W04D002M,USGS quad,5 ft.,1-003,Butte Valley,Siskiyou,200,Observation,Part of a nested/multi-completion well,YES,1970-10-07 00:00:00 - 2020-03-30 12:00:00,86,spring,NA,NA,4.3,18.13,1972,18010205,Above Normal,Above Normal,1971-10-01T00:00:00Z,1972-10-01T00:00:00Z,-121.996,41.9521
419519N1219958W001,1791537,1971-10-29T00:00:00Z,4245.74,4245.24,0,7.2,4238.54,7.2,6.7,NA,Unknown,Water level accuracy is unknown,1,Department of Water Resources,NA,624,Bureau of Reclamation,NA,NA,36895,47N01W04D002M,47N01W04D002M,USGS quad,5 ft.,1-003,Butte Valley,Siskiyou,200,Observation,Part of a nested/multi-completion well,YES,1970-10-07 00:00:00 - 2020-03-30 12:00:00,86,fall,5.7,18.7,NA,NA,1972,18010205,Above Normal,Above Normal,1971-10-01T00:00:00Z,1972-10-01T00:00:00Z,-121.996,41.9521
419519N1219958W001,1791536,1971-10-07T00:00:00Z,4245.74,4245.24,0,7,4238.74,7,6.5,NA,Unknown,Water level accuracy is unknown,1,Department of Water Resources,NA,624,Bureau of Reclamation,NA,NA,36895,47N01W04D002M,47N01W04D002M,USGS quad,5 ft.,1-003,Butte Valley,Siskiyou,200,Observation,Part of a nested/multi-completion well,YES,1970-10-07 00:00:00 - 2020-03-30 12:00:00,86,fall,5.7,18.7,NA,NA,1972,18010205,Above Normal,Above Normal,1971-10-01T00:00:00Z,1972-10-01T00:00:00Z,-121.996,41.9521
419519N1219958W001,1791535,1971-08-30T00:00:00Z,4245.74,4245.24,0,6.5,4239.24,6.5,6,NA,Unknown,Water level accuracy is unknown,1,Department of Water Resources,NA,624,Bureau of Reclamation,NA,NA,36895,47N01W04D002M,47N01W04D002M,USGS quad,5 ft.,1-003,Butte Valley,Siskiyou,200,Observation,Part of a nested/multi-completion well,YES,1970-10-07 00:00:00 - 2020-03-30 12:00:00,86,fall,5.7,18.7,NA,NA,1971,18010205,Wet,Wet,1970-10-01T00:00:00Z,1971-10-01T00:00:00Z,-121.996,41.9521
419519N1219958W001,1791534,1971-07-27T00:00:00Z,4245.74,4245.24,0,6,4239.74,6,5.5,NA,Unknown,Water level accuracy is unknown,1,Department of Water Resources,NA,624,Bureau of Reclamation,NA,NA,36895,47N01W04D002M,47N01W04D002M,USGS quad,5 ft.,1-003,Butte Valley,Siskiyou,200,Observation,Part of a nested/multi-completion well,YES,1970-10-07 00:00:00 - 2020-03-30 12:00:00,86,other,NA,NA,NA,NA,1971,18010205,Wet,Wet,1970-10-01T00:00:00Z,1971-10-01T00:00:00Z,-121.996,41.9521
419519N1219958W001,1791533,1971-06-30T00:00:00Z,4245.74,4245.24,0,5.6,4240.14,5.6,5.1,NA,Unknown,Water level accuracy is unknown,1,Department of Water Resources,NA,624,Bureau of Reclamation,NA,NA,36895,47N01W04D002M,47N01W04D002M,USGS quad,5 ft.,1-003,Butte Valley,Siskiyou,200,Observation,Part of a nested/multi-completion well,YES,1970-10-07 00:00:00 - 2020-03-30 12:00:00,86,other,NA,NA,NA,NA,1971,18010205,Wet,Wet,1970-10-01T00:00:00Z,1971-10-01T00:00:00Z,-121.996,41.9521
419519N1219958W001,1791532,1970-10-07T00:00:00Z,4246.24,4245.24,0,7,4239.24,7,6,NA,Unknown,Water level accuracy is unknown,1,Department of Water Resources,NA,624,Bureau of Reclamation,NA,NA,36895,47N01W04D002M,47N01W04D002M,USGS quad,5 ft.,1-003,Butte Valley,Siskiyou,200,Observation,Part of a nested/multi-completion well,YES,1970-10-07 00:00:00 - 2020-03-30 12:00:00,86,fall,5.7,18.7,NA,NA,1971,18010205,Wet,Wet,1970-10-01T00:00:00Z,1971-10-01T00:00:00Z,-121.996,41.9521
