SITE_CODE,WLM_ID,MSMT_DATE,WLM_RPE,WLM_GSE,RDNG_WS,RDNG_RP,WSE,RPE_WSE,GSE_WSE,WLM_QA_DESC,WLM_DESC,WLM_ACC_DESC,WLM_ORG_ID,WLM_ORG_NAME,MSMT_CMT,COOP_AGENCY_ORG_ID,COOP_ORG_NAME,TOP_PRF,BOT_PRF,STN_ID,SWN,WELL_NAME,WLM_METHOD,WLM_ACC,BASIN_CODE,BASIN_NAME,COUNTY_NAME,WELL_DEPTH,WELL_USE,WELL_TYPE,WCR_NO,t_range,n_samples,season,fall_high,fall_low,spring_high,spring_low,water_year,Oct.Mar,Apr.Jul,WYsum,Index,water_year_type,region,water_year_start,water_year_end,X,Y
419520N1219959W001,2619120,2020-03-30T12:00:00Z,4246.44,4245.24,0,15.8,4230.64,15.8,14.6,NA,Electric sounder measurement,Water level accuracy to nearest tenth of a foot,1,Department of Water Resources,NA,1,Department of Water Resources,NA,NA,24096,47N01W04D001M,47N01W04D001M,USGS quad,5 ft.,1-003,Butte Valley,Siskiyou,460,Observation,Part of a nested/multi-completion well,YES,1971-06-30 00:00:00 - 2020-03-30 12:00:00,85,spring,NA,NA,3.1,14.6,2020,NA,NA,NA,NA,NA,NA,2019-10-01T00:00:00Z,2020-10-01T00:00:00Z,-121.996,41.9521
419520N1219959W001,2453074,2019-04-03T12:00:00Z,4246.44,4245.24,0,15.1,4231.34,15.1,13.9,NA,Electric sounder measurement,Water level accuracy to nearest hundredth of a foot,1,Department of Water Resources,NA,1,Department of Water Resources,NA,NA,24096,47N01W04D001M,47N01W04D001M,USGS quad,5 ft.,1-003,Butte Valley,Siskiyou,460,Observation,Part of a nested/multi-completion well,YES,1971-06-30 00:00:00 - 2020-03-30 12:00:00,85,spring,NA,NA,3.1,14.6,2019,13.11,10.66,24.77,10.34,Wet,SAC,2018-10-01T00:00:00Z,2019-10-01T00:00:00Z,-121.996,41.9521
419520N1219959W001,2413565,2018-10-30T12:00:00Z,4246.44,4245.24,0,15.12,4231.32,15.12,13.92,NA,Electric sounder measurement,Water level accuracy to nearest hundredth of a foot,1,Department of Water Resources,NA,1,Department of Water Resources,NA,NA,24096,47N01W04D001M,47N01W04D001M,USGS quad,5 ft.,1-003,Butte Valley,Siskiyou,460,Observation,Part of a nested/multi-completion well,YES,1971-06-30 00:00:00 - 2020-03-30 12:00:00,85,fall,5.5,14.3,NA,NA,2019,13.11,10.66,24.77,10.34,Wet,SAC,2018-10-01T00:00:00Z,2019-10-01T00:00:00Z,-121.996,41.9521
419520N1219959W001,2286514,2018-03-30T12:00:00Z,4246.44,4245.24,0,14.3,4232.14,14.3,13.1,NA,Electric sounder measurement,Water level accuracy to nearest hundredth of a foot,1,Department of Water Resources,NA,1,Department of Water Resources,NA,NA,24096,47N01W04D001M,47N01W04D001M,USGS quad,5 ft.,1-003,Butte Valley,Siskiyou,460,Observation,Part of a nested/multi-completion well,YES,1971-06-30 00:00:00 - 2020-03-30 12:00:00,85,spring,NA,NA,3.1,14.6,2018,7.09,5.05,12.86,7.14,Below Normal,SAC,2017-10-01T00:00:00Z,2018-10-01T00:00:00Z,-121.996,41.9521
419520N1219959W001,2266641,2017-10-17T12:00:00Z,4246.44,4245.24,0,13.3,4233.14,13.3,12.1,NA,Electric sounder measurement,Water level accuracy to nearest hundredth of a foot,1,Department of Water Resources,NA,1,Department of Water Resources,NA,NA,24096,47N01W04D001M,47N01W04D001M,USGS quad,5 ft.,1-003,Butte Valley,Siskiyou,460,Observation,Part of a nested/multi-completion well,YES,1971-06-30 00:00:00 - 2020-03-30 12:00:00,85,fall,5.5,14.3,NA,NA,2018,7.09,5.05,12.86,7.14,Below Normal,SAC,2017-10-01T00:00:00Z,2018-10-01T00:00:00Z,-121.996,41.9521
419520N1219959W001,2241619,2017-03-23T12:00:00Z,4246.44,4245.24,1.6,15,4233.04,13.4,12.2,NA,Steel tape measurement,Water level accuracy to nearest tenth of a foot,1,Department of Water Resources,NA,1,Department of Water Resources,NA,NA,24096,47N01W04D001M,47N01W04D001M,USGS quad,5 ft.,1-003,Butte Valley,Siskiyou,460,Observation,Part of a nested/multi-completion well,YES,1971-06-30 00:00:00 - 2020-03-30 12:00:00,85,spring,NA,NA,3.1,14.6,2017,26.17,10.69,37.82,14.14,Wet,SAC,2016-10-01T00:00:00Z,2017-10-01T00:00:00Z,-121.996,41.9521
419520N1219959W001,2214910,2016-10-20T12:00:00Z,4246.44,4245.24,0,14.6,4231.84,14.6,13.4,NA,Electric sounder measurement,Water level accuracy to nearest tenth of a foot,1,Department of Water Resources,NA,1,Department of Water Resources,NA,NA,24096,47N01W04D001M,47N01W04D001M,USGS quad,5 ft.,1-003,Butte Valley,Siskiyou,460,Observation,Part of a nested/multi-completion well,YES,1971-06-30 00:00:00 - 2020-03-30 12:00:00,85,fall,5.5,14.3,NA,NA,2017,26.17,10.69,37.82,14.14,Wet,SAC,2016-10-01T00:00:00Z,2017-10-01T00:00:00Z,-121.996,41.9521
419520N1219959W001,2184897,2016-03-22T12:00:00Z,4246.44,4245.24,0,14.4,4232.04,14.4,13.2,NA,Electric sounder measurement,Water level accuracy to nearest tenth of a foot,1,Department of Water Resources,NA,1,Department of Water Resources,NA,NA,24096,47N01W04D001M,47N01W04D001M,USGS quad,5 ft.,1-003,Butte Valley,Siskiyou,460,Observation,Part of a nested/multi-completion well,YES,1971-06-30 00:00:00 - 2020-03-30 12:00:00,85,spring,NA,NA,3.1,14.6,2016,12.24,4.6,17.48,6.71,Below Normal,SAC,2015-10-01T00:00:00Z,2016-10-01T00:00:00Z,-121.996,41.9521
419520N1219959W001,2158521,2015-10-19T00:00:00Z,4246.44,4245.24,0,15.4,4231.04,15.4,14.2,NA,Electric sounder measurement,Water level accuracy to nearest tenth of a foot,1,Department of Water Resources,NA,1,Department of Water Resources,NA,NA,24096,47N01W04D001M,47N01W04D001M,USGS quad,5 ft.,1-003,Butte Valley,Siskiyou,460,Observation,Part of a nested/multi-completion well,YES,1971-06-30 00:00:00 - 2020-03-30 12:00:00,85,fall,5.5,14.3,NA,NA,2016,12.24,4.6,17.48,6.71,Below Normal,SAC,2015-10-01T00:00:00Z,2016-10-01T00:00:00Z,-121.996,41.9521
419520N1219959W001,2130478,2015-03-23T00:00:00Z,4246.44,4245.24,0,14.7,4231.74,14.7,13.5,NA,Electric sounder measurement,Water level accuracy to nearest tenth of a foot,1,Department of Water Resources,NA,1,Department of Water Resources,NA,NA,24096,47N01W04D001M,47N01W04D001M,USGS quad,5 ft.,1-003,Butte Valley,Siskiyou,460,Observation,Part of a nested/multi-completion well,YES,1971-06-30 00:00:00 - 2020-03-30 12:00:00,85,spring,NA,NA,3.1,14.6,2015,6.91,1.77,9.23,4,Critical,SAC,2014-10-01T00:00:00Z,2015-10-01T00:00:00Z,-121.996,41.9521
419520N1219959W001,2029089,2014-10-20T00:00:00Z,4246.44,4245.24,-0.5,15,4230.94,15.5,14.3,NA,Steel tape measurement,Water level accuracy to nearest tenth of a foot,1,Department of Water Resources,NA,1,Department of Water Resources,NA,NA,24096,47N01W04D001M,47N01W04D001M,USGS quad,5 ft.,1-003,Butte Valley,Siskiyou,460,Observation,Part of a nested/multi-completion well,YES,1971-06-30 00:00:00 - 2020-03-30 12:00:00,85,fall,5.5,14.3,NA,NA,2015,6.91,1.77,9.23,4,Critical,SAC,2014-10-01T00:00:00Z,2015-10-01T00:00:00Z,-121.996,41.9521
419520N1219959W001,1885356,2014-03-24T00:00:00Z,4246.44,4245.24,-0.7,14,4231.74,14.7,13.5,NA,Steel tape measurement,Water level accuracy to nearest tenth of a foot,1,Department of Water Resources,NA,1,Department of Water Resources,NA,NA,24096,47N01W04D001M,47N01W04D001M,USGS quad,5 ft.,1-003,Butte Valley,Siskiyou,460,Observation,Part of a nested/multi-completion well,YES,1971-06-30 00:00:00 - 2020-03-30 12:00:00,85,spring,NA,NA,3.1,14.6,2014,4.29,2.59,7.46,4.07,Critical,SAC,2013-10-01T00:00:00Z,2014-10-01T00:00:00Z,-121.996,41.9521
419520N1219959W001,1797528,2013-10-21T00:00:00Z,4246.44,4245.24,0,14.2,4232.24,14.2,13,NA,Electric sounder measurement,Water level accuracy to nearest tenth of a foot,1,Department of Water Resources,NA,1,Department of Water Resources,NA,NA,24096,47N01W04D001M,47N01W04D001M,USGS quad,5 ft.,1-003,Butte Valley,Siskiyou,460,Observation,Part of a nested/multi-completion well,YES,1971-06-30 00:00:00 - 2020-03-30 12:00:00,85,fall,5.5,14.3,NA,NA,2014,4.29,2.59,7.46,4.07,Critical,SAC,2013-10-01T00:00:00Z,2014-10-01T00:00:00Z,-121.996,41.9521
419520N1219959W001,1685061,2013-03-25T00:00:00Z,4246.44,4245.24,0.3,14,4232.74,13.7,12.5,NA,Steel tape measurement,Water level accuracy to nearest tenth of a foot,1,Department of Water Resources,NA,1,Department of Water Resources,NA,NA,24096,47N01W04D001M,47N01W04D001M,USGS quad,5 ft.,1-003,Butte Valley,Siskiyou,460,Observation,Part of a nested/multi-completion well,YES,1971-06-30 00:00:00 - 2020-03-30 12:00:00,85,spring,NA,NA,3.1,14.6,2013,8.52,3.01,12.19,5.83,Dry,SAC,2012-10-01T00:00:00Z,2013-10-01T00:00:00Z,-121.996,41.9521
419520N1219959W001,70277,2012-10-29T00:00:00Z,4246.44,4245.24,-0.8,13,4232.64,13.8,12.6,NA,Steel tape measurement,Water level accuracy to nearest tenth of a foot,1,Department of Water Resources,NA,1,Department of Water Resources,NA,NA,24096,47N01W04D001M,47N01W04D001M,USGS quad,5 ft.,1-003,Butte Valley,Siskiyou,460,Observation,Part of a nested/multi-completion well,YES,1971-06-30 00:00:00 - 2020-03-30 12:00:00,85,fall,5.5,14.3,NA,NA,2013,8.52,3.01,12.19,5.83,Dry,SAC,2012-10-01T00:00:00Z,2013-10-01T00:00:00Z,-121.996,41.9521
419520N1219959W001,59908,2012-04-17T00:00:00Z,4246.44,4245.24,-1,12,4233.44,13,11.8,NA,Steel tape measurement,Water level accuracy to nearest tenth of a foot,1,Department of Water Resources,NA,1,Department of Water Resources,NA,NA,24096,47N01W04D001M,47N01W04D001M,USGS quad,5 ft.,1-003,Butte Valley,Siskiyou,460,Observation,Part of a nested/multi-completion well,YES,1971-06-30 00:00:00 - 2020-03-30 12:00:00,85,spring,NA,NA,3.1,14.6,2012,5.69,5.46,11.84,6.89,Below Normal,SAC,2011-10-01T00:00:00Z,2012-10-01T00:00:00Z,-121.996,41.9521
419520N1219959W001,41185,2011-10-18T00:00:00Z,4246.44,4245.24,0,12.3,4234.14,12.3,11.1,NA,Steel tape measurement,Water level accuracy to nearest tenth of a foot,1,Department of Water Resources,NA,1,Department of Water Resources,NA,NA,24096,47N01W04D001M,47N01W04D001M,USGS quad,5 ft.,1-003,Butte Valley,Siskiyou,460,Observation,Part of a nested/multi-completion well,YES,1971-06-30 00:00:00 - 2020-03-30 12:00:00,85,fall,5.5,14.3,NA,NA,2012,5.69,5.46,11.84,6.89,Below Normal,SAC,2011-10-01T00:00:00Z,2012-10-01T00:00:00Z,-121.996,41.9521
419520N1219959W001,1791531,2011-10-18T00:00:00Z,4246.44,4245.24,0,12.3,4234.14,12.3,11.1,NA,Unknown,Water level accuracy is unknown,1,Department of Water Resources,NA,1,Department of Water Resources,NA,NA,24096,47N01W04D001M,47N01W04D001M,USGS quad,5 ft.,1-003,Butte Valley,Siskiyou,460,Observation,Part of a nested/multi-completion well,YES,1971-06-30 00:00:00 - 2020-03-30 12:00:00,85,fall,5.5,14.3,NA,NA,2012,5.69,5.46,11.84,6.89,Below Normal,SAC,2011-10-01T00:00:00Z,2012-10-01T00:00:00Z,-121.996,41.9521
419520N1219959W001,1791530,2011-04-20T00:00:00Z,4246.44,4245.24,0,11.7,4234.74,11.7,10.5,NA,Unknown,Water level accuracy is unknown,1,Department of Water Resources,NA,1,Department of Water Resources,NA,NA,24096,47N01W04D001M,47N01W04D001M,USGS quad,5 ft.,1-003,Butte Valley,Siskiyou,460,Observation,Part of a nested/multi-completion well,YES,1971-06-30 00:00:00 - 2020-03-30 12:00:00,85,spring,NA,NA,3.1,14.6,2011,12.68,11.53,25.21,10.54,Wet,SAC,2010-10-01T00:00:00Z,2011-10-01T00:00:00Z,-121.996,41.9521
419520N1219959W001,1791529,2010-10-25T00:00:00Z,4246.44,4245.24,0,13,4233.44,13,11.8,NA,Unknown,Water level accuracy is unknown,1,Department of Water Resources,NA,1,Department of Water Resources,NA,NA,24096,47N01W04D001M,47N01W04D001M,USGS quad,5 ft.,1-003,Butte Valley,Siskiyou,460,Observation,Part of a nested/multi-completion well,YES,1971-06-30 00:00:00 - 2020-03-30 12:00:00,85,fall,5.5,14.3,NA,NA,2011,12.68,11.53,25.21,10.54,Wet,SAC,2010-10-01T00:00:00Z,2011-10-01T00:00:00Z,-121.996,41.9521
419520N1219959W001,1791528,2010-03-30T00:00:00Z,4246.44,4245.24,0,12.4,4234.04,12.4,11.2,NA,Unknown,Water level accuracy is unknown,1,Department of Water Resources,NA,1,Department of Water Resources,NA,NA,24096,47N01W04D001M,47N01W04D001M,USGS quad,5 ft.,1-003,Butte Valley,Siskiyou,460,Observation,Part of a nested/multi-completion well,YES,1971-06-30 00:00:00 - 2020-03-30 12:00:00,85,spring,NA,NA,3.1,14.6,2010,7.45,7.78,16.01,7.08,Below Normal,SAC,2009-10-01T00:00:00Z,2010-10-01T00:00:00Z,-121.996,41.9521
419520N1219959W001,1791527,2009-10-27T00:00:00Z,4246.44,4245.24,0,11.9,4234.54,11.9,10.7,NA,Unknown,Water level accuracy is unknown,1,Department of Water Resources,NA,1,Department of Water Resources,NA,NA,24096,47N01W04D001M,47N01W04D001M,USGS quad,5 ft.,1-003,Butte Valley,Siskiyou,460,Observation,Part of a nested/multi-completion well,YES,1971-06-30 00:00:00 - 2020-03-30 12:00:00,85,fall,5.5,14.3,NA,NA,2010,7.45,7.78,16.01,7.08,Below Normal,SAC,2009-10-01T00:00:00Z,2010-10-01T00:00:00Z,-121.996,41.9521
419520N1219959W001,1791526,2009-04-08T00:00:00Z,4246.44,4245.24,NA,NA,NA,NA,NA,Temporarily inaccessible,NA,NA,1,Department of Water Resources,NA,1,Department of Water Resources,NA,NA,24096,47N01W04D001M,47N01W04D001M,USGS quad,5 ft.,1-003,Butte Valley,Siskiyou,460,Observation,Part of a nested/multi-completion well,YES,1971-06-30 00:00:00 - 2020-03-30 12:00:00,85,spring,NA,NA,3.1,14.6,2009,7.05,5.3,13.02,5.78,Dry,SAC,2008-10-01T00:00:00Z,2009-10-01T00:00:00Z,-121.996,41.9521
419520N1219959W001,1791525,2008-10-30T00:00:00Z,4246.44,4245.24,0,10.9,4235.54,10.9,9.7,NA,Unknown,Water level accuracy is unknown,1,Department of Water Resources,NA,1,Department of Water Resources,NA,NA,24096,47N01W04D001M,47N01W04D001M,USGS quad,5 ft.,1-003,Butte Valley,Siskiyou,460,Observation,Part of a nested/multi-completion well,YES,1971-06-30 00:00:00 - 2020-03-30 12:00:00,85,fall,5.5,14.3,NA,NA,2009,7.05,5.3,13.02,5.78,Dry,SAC,2008-10-01T00:00:00Z,2009-10-01T00:00:00Z,-121.996,41.9521
419520N1219959W001,1791524,2008-04-04T00:00:00Z,4246.44,4245.24,0,8.77,4237.67,8.77,7.57,NA,Unknown,Water level accuracy is unknown,1,Department of Water Resources,NA,1,Department of Water Resources,NA,NA,24096,47N01W04D001M,47N01W04D001M,USGS quad,5 ft.,1-003,Butte Valley,Siskiyou,460,Observation,Part of a nested/multi-completion well,YES,1971-06-30 00:00:00 - 2020-03-30 12:00:00,85,spring,NA,NA,3.1,14.6,2008,5.9,3.82,10.28,5.16,Critical,SAC,2007-10-01T00:00:00Z,2008-10-01T00:00:00Z,-121.996,41.9521
419520N1219959W001,1791523,2007-10-25T00:00:00Z,4246.44,4245.24,0,10.4,4236.04,10.4,9.2,NA,Unknown,Water level accuracy is unknown,1,Department of Water Resources,NA,1,Department of Water Resources,NA,NA,24096,47N01W04D001M,47N01W04D001M,USGS quad,5 ft.,1-003,Butte Valley,Siskiyou,460,Observation,Part of a nested/multi-completion well,YES,1971-06-30 00:00:00 - 2020-03-30 12:00:00,85,fall,5.5,14.3,NA,NA,2008,5.9,3.82,10.28,5.16,Critical,SAC,2007-10-01T00:00:00Z,2008-10-01T00:00:00Z,-121.996,41.9521
419520N1219959W001,1791522,2007-03-29T00:00:00Z,4246.44,4245.24,0,5.6,4240.84,5.6,4.4,NA,Unknown,Water level accuracy is unknown,1,Department of Water Resources,NA,1,Department of Water Resources,NA,NA,24096,47N01W04D001M,47N01W04D001M,USGS quad,5 ft.,1-003,Butte Valley,Siskiyou,460,Observation,Part of a nested/multi-completion well,YES,1971-06-30 00:00:00 - 2020-03-30 12:00:00,85,spring,NA,NA,3.1,14.6,2007,6.59,3.04,10.28,6.19,Dry,SAC,2006-10-01T00:00:00Z,2007-10-01T00:00:00Z,-121.996,41.9521
419520N1219959W001,1791521,2006-10-12T00:00:00Z,4246.44,4245.24,0,10.3,4236.14,10.3,9.1,NA,Unknown,Water level accuracy is unknown,1,Department of Water Resources,NA,1,Department of Water Resources,NA,NA,24096,47N01W04D001M,47N01W04D001M,USGS quad,5 ft.,1-003,Butte Valley,Siskiyou,460,Observation,Part of a nested/multi-completion well,YES,1971-06-30 00:00:00 - 2020-03-30 12:00:00,85,fall,5.5,14.3,NA,NA,2007,6.59,3.04,10.28,6.19,Dry,SAC,2006-10-01T00:00:00Z,2007-10-01T00:00:00Z,-121.996,41.9521
419520N1219959W001,1791520,2006-04-18T00:00:00Z,4246.44,4245.24,0,8.4,4238.04,8.4,7.2,NA,Unknown,Water level accuracy is unknown,1,Department of Water Resources,NA,1,Department of Water Resources,NA,NA,24096,47N01W04D001M,47N01W04D001M,USGS quad,5 ft.,1-003,Butte Valley,Siskiyou,460,Observation,Part of a nested/multi-completion well,YES,1971-06-30 00:00:00 - 2020-03-30 12:00:00,85,spring,NA,NA,3.1,14.6,2006,18.06,13.09,32.09,13.2,Wet,SAC,2005-10-01T00:00:00Z,2006-10-01T00:00:00Z,-121.996,41.9521
419520N1219959W001,1791519,2005-10-10T00:00:00Z,4246.44,4245.24,0,13.9,4232.54,13.9,12.7,NA,Unknown,Water level accuracy is unknown,1,Department of Water Resources,NA,1,Department of Water Resources,NA,NA,24096,47N01W04D001M,47N01W04D001M,USGS quad,5 ft.,1-003,Butte Valley,Siskiyou,460,Observation,Part of a nested/multi-completion well,YES,1971-06-30 00:00:00 - 2020-03-30 12:00:00,85,fall,5.5,14.3,NA,NA,2006,18.06,13.09,32.09,13.2,Wet,SAC,2005-10-01T00:00:00Z,2006-10-01T00:00:00Z,-121.996,41.9521
419520N1219959W001,1791518,2005-04-05T00:00:00Z,4246.44,4245.24,0,13.6,4232.84,13.6,12.4,NA,Unknown,Water level accuracy is unknown,1,Department of Water Resources,NA,1,Department of Water Resources,NA,NA,24096,47N01W04D001M,47N01W04D001M,USGS quad,5 ft.,1-003,Butte Valley,Siskiyou,460,Observation,Part of a nested/multi-completion well,YES,1971-06-30 00:00:00 - 2020-03-30 12:00:00,85,spring,NA,NA,3.1,14.6,2005,8.4,9.28,18.55,8.49,Above Normal,SAC,2004-10-01T00:00:00Z,2005-10-01T00:00:00Z,-121.996,41.9521
419520N1219959W001,1791517,2004-11-02T00:00:00Z,4246.44,4245.24,NA,NA,NA,NA,NA,Temporarily inaccessible,NA,NA,1,Department of Water Resources,NA,1,Department of Water Resources,NA,NA,24096,47N01W04D001M,47N01W04D001M,USGS quad,5 ft.,1-003,Butte Valley,Siskiyou,460,Observation,Part of a nested/multi-completion well,YES,1971-06-30 00:00:00 - 2020-03-30 12:00:00,85,fall,5.5,14.3,NA,NA,2005,8.4,9.28,18.55,8.49,Above Normal,SAC,2004-10-01T00:00:00Z,2005-10-01T00:00:00Z,-121.996,41.9521
419520N1219959W001,1791516,2004-03-30T00:00:00Z,4246.44,4245.24,0,12,4234.44,12,10.8,NA,Unknown,Water level accuracy is unknown,1,Department of Water Resources,NA,1,Department of Water Resources,NA,NA,24096,47N01W04D001M,47N01W04D001M,USGS quad,5 ft.,1-003,Butte Valley,Siskiyou,460,Observation,Part of a nested/multi-completion well,YES,1971-06-30 00:00:00 - 2020-03-30 12:00:00,85,spring,NA,NA,3.1,14.6,2004,10.95,4.4,16.04,7.51,Below Normal,SAC,2003-10-01T00:00:00Z,2004-10-01T00:00:00Z,-121.996,41.9521
419520N1219959W001,1791515,2003-10-20T00:00:00Z,4246.44,4245.24,0,12.7,4233.74,12.7,11.5,NA,Unknown,Water level accuracy is unknown,1,Department of Water Resources,NA,1,Department of Water Resources,NA,NA,24096,47N01W04D001M,47N01W04D001M,USGS quad,5 ft.,1-003,Butte Valley,Siskiyou,460,Observation,Part of a nested/multi-completion well,YES,1971-06-30 00:00:00 - 2020-03-30 12:00:00,85,fall,5.5,14.3,NA,NA,2004,10.95,4.4,16.04,7.51,Below Normal,SAC,2003-10-01T00:00:00Z,2004-10-01T00:00:00Z,-121.996,41.9521
419520N1219959W001,1791514,2003-04-01T00:00:00Z,4246.44,4245.24,NA,NA,NA,NA,NA,Temporarily inaccessible,NA,NA,1,Department of Water Resources,NA,1,Department of Water Resources,NA,NA,24096,47N01W04D001M,47N01W04D001M,USGS quad,5 ft.,1-003,Butte Valley,Siskiyou,460,Observation,Part of a nested/multi-completion well,YES,1971-06-30 00:00:00 - 2020-03-30 12:00:00,85,spring,NA,NA,3.1,14.6,2003,10.71,7.74,19.31,8.21,Above Normal,SAC,2002-10-01T00:00:00Z,2003-10-01T00:00:00Z,-121.996,41.9521
419520N1219959W001,1791513,2002-10-11T00:00:00Z,4246.44,4245.24,0,11.8,4234.64,11.8,10.6,NA,Unknown,Water level accuracy is unknown,1,Department of Water Resources,NA,1,Department of Water Resources,NA,NA,24096,47N01W04D001M,47N01W04D001M,USGS quad,5 ft.,1-003,Butte Valley,Siskiyou,460,Observation,Part of a nested/multi-completion well,YES,1971-06-30 00:00:00 - 2020-03-30 12:00:00,85,fall,5.5,14.3,NA,NA,2003,10.71,7.74,19.31,8.21,Above Normal,SAC,2002-10-01T00:00:00Z,2003-10-01T00:00:00Z,-121.996,41.9521
419520N1219959W001,1791512,2002-03-26T00:00:00Z,4246.44,4245.24,0,10.3,4236.14,10.3,9.1,NA,Unknown,Water level accuracy is unknown,1,Department of Water Resources,NA,1,Department of Water Resources,NA,NA,24096,47N01W04D001M,47N01W04D001M,USGS quad,5 ft.,1-003,Butte Valley,Siskiyou,460,Observation,Part of a nested/multi-completion well,YES,1971-06-30 00:00:00 - 2020-03-30 12:00:00,85,spring,NA,NA,3.1,14.6,2002,9.32,4.57,14.6,6.35,Dry,SAC,2001-10-01T00:00:00Z,2002-10-01T00:00:00Z,-121.996,41.9521
419520N1219959W001,1791511,2001-10-23T00:00:00Z,4246.44,4245.24,0,10.9,4235.54,10.9,9.7,NA,Unknown,Water level accuracy is unknown,1,Department of Water Resources,NA,1,Department of Water Resources,NA,NA,24096,47N01W04D001M,47N01W04D001M,USGS quad,5 ft.,1-003,Butte Valley,Siskiyou,460,Observation,Part of a nested/multi-completion well,YES,1971-06-30 00:00:00 - 2020-03-30 12:00:00,85,fall,5.5,14.3,NA,NA,2002,9.32,4.57,14.6,6.35,Dry,SAC,2001-10-01T00:00:00Z,2002-10-01T00:00:00Z,-121.996,41.9521
419520N1219959W001,1791510,2001-04-03T00:00:00Z,4246.44,4245.24,0,9.7,4236.74,9.7,8.5,NA,Unknown,Water level accuracy is unknown,1,Department of Water Resources,NA,1,Department of Water Resources,NA,NA,24096,47N01W04D001M,47N01W04D001M,USGS quad,5 ft.,1-003,Butte Valley,Siskiyou,460,Observation,Part of a nested/multi-completion well,YES,1971-06-30 00:00:00 - 2020-03-30 12:00:00,85,spring,NA,NA,3.1,14.6,2001,5.64,3.46,9.81,5.76,Dry,SAC,2000-10-01T00:00:00Z,2001-10-01T00:00:00Z,-121.996,41.9521
419520N1219959W001,1791509,2000-10-10T00:00:00Z,4246.44,4245.24,0,9.2,4237.24,9.2,8,NA,Unknown,Water level accuracy is unknown,1,Department of Water Resources,NA,1,Department of Water Resources,NA,NA,24096,47N01W04D001M,47N01W04D001M,USGS quad,5 ft.,1-003,Butte Valley,Siskiyou,460,Observation,Part of a nested/multi-completion well,YES,1971-06-30 00:00:00 - 2020-03-30 12:00:00,85,fall,5.5,14.3,NA,NA,2001,5.64,3.46,9.81,5.76,Dry,SAC,2000-10-01T00:00:00Z,2001-10-01T00:00:00Z,-121.996,41.9521
419520N1219959W001,1791508,2000-03-22T00:00:00Z,4246.44,4245.24,0,7,4239.44,7,5.8,NA,Unknown,Water level accuracy is unknown,1,Department of Water Resources,NA,1,Department of Water Resources,NA,NA,24096,47N01W04D001M,47N01W04D001M,USGS quad,5 ft.,1-003,Butte Valley,Siskiyou,460,Observation,Part of a nested/multi-completion well,YES,1971-06-30 00:00:00 - 2020-03-30 12:00:00,85,spring,NA,NA,3.1,14.6,2000,12.06,5.96,18.9,8.94,Above Normal,SAC,1999-10-01T00:00:00Z,2000-10-01T00:00:00Z,-121.996,41.9521
419520N1219959W001,1791506,1999-10-27T00:00:00Z,4246.44,4245.24,0,8,4238.44,8,6.8,NA,Unknown,Water level accuracy is unknown,1,Department of Water Resources,NA,1,Department of Water Resources,NA,NA,24096,47N01W04D001M,47N01W04D001M,USGS quad,5 ft.,1-003,Butte Valley,Siskiyou,460,Observation,Part of a nested/multi-completion well,YES,1971-06-30 00:00:00 - 2020-03-30 12:00:00,85,fall,5.5,14.3,NA,NA,2000,12.06,5.96,18.9,8.94,Above Normal,SAC,1999-10-01T00:00:00Z,2000-10-01T00:00:00Z,-121.996,41.9521
419520N1219959W001,1791507,1999-03-16T00:00:00Z,4246.44,4245.24,0,4.3,4242.14,4.3,3.1,NA,Unknown,Water level accuracy is unknown,1,Department of Water Resources,NA,1,Department of Water Resources,NA,NA,24096,47N01W04D001M,47N01W04D001M,USGS quad,5 ft.,1-003,Butte Valley,Siskiyou,460,Observation,Part of a nested/multi-completion well,YES,1971-06-30 00:00:00 - 2020-03-30 12:00:00,85,spring,NA,NA,3.1,14.6,1999,12.97,7.26,21.19,9.8,Wet,SAC,1998-10-01T00:00:00Z,1999-10-01T00:00:00Z,-121.996,41.9521
419520N1219959W001,1791505,1998-10-28T00:00:00Z,4246.44,4245.24,0,8.4,4238.04,8.4,7.2,NA,Unknown,Water level accuracy is unknown,1,Department of Water Resources,NA,1,Department of Water Resources,NA,NA,24096,47N01W04D001M,47N01W04D001M,USGS quad,5 ft.,1-003,Butte Valley,Siskiyou,460,Observation,Part of a nested/multi-completion well,YES,1971-06-30 00:00:00 - 2020-03-30 12:00:00,85,fall,5.5,14.3,NA,NA,1999,12.97,7.26,21.19,9.8,Wet,SAC,1998-10-01T00:00:00Z,1999-10-01T00:00:00Z,-121.996,41.9521
419520N1219959W001,1791504,1998-03-30T00:00:00Z,4246.44,4245.24,0,5.5,4240.94,5.5,4.3,NA,Unknown,Water level accuracy is unknown,1,Department of Water Resources,NA,1,Department of Water Resources,NA,NA,24096,47N01W04D001M,47N01W04D001M,USGS quad,5 ft.,1-003,Butte Valley,Siskiyou,460,Observation,Part of a nested/multi-completion well,YES,1971-06-30 00:00:00 - 2020-03-30 12:00:00,85,spring,NA,NA,3.1,14.6,1998,17.65,12.54,31.4,13.31,Wet,SAC,1997-10-01T00:00:00Z,1998-10-01T00:00:00Z,-121.996,41.9521
419520N1219959W001,1791503,1997-10-22T00:00:00Z,4246.44,4245.24,0,8.9,4237.54,8.9,7.7,NA,Unknown,Water level accuracy is unknown,1,Department of Water Resources,NA,1,Department of Water Resources,NA,NA,24096,47N01W04D001M,47N01W04D001M,USGS quad,5 ft.,1-003,Butte Valley,Siskiyou,460,Observation,Part of a nested/multi-completion well,YES,1971-06-30 00:00:00 - 2020-03-30 12:00:00,85,fall,5.5,14.3,NA,NA,1998,17.65,12.54,31.4,13.31,Wet,SAC,1997-10-01T00:00:00Z,1998-10-01T00:00:00Z,-121.996,41.9521
419520N1219959W001,1791502,1997-03-11T00:00:00Z,4246.44,4245.24,0,5.8,4240.64,5.8,4.6,NA,Unknown,Water level accuracy is unknown,1,Department of Water Resources,NA,1,Department of Water Resources,NA,NA,24096,47N01W04D001M,47N01W04D001M,USGS quad,5 ft.,1-003,Butte Valley,Siskiyou,460,Observation,Part of a nested/multi-completion well,YES,1971-06-30 00:00:00 - 2020-03-30 12:00:00,85,spring,NA,NA,3.1,14.6,1997,20.22,4.39,25.42,10.82,Wet,SAC,1996-10-01T00:00:00Z,1997-10-01T00:00:00Z,-121.996,41.9521
419520N1219959W001,1791501,1996-10-22T00:00:00Z,4246.44,4245.24,0,9.4,4237.04,9.4,8.2,NA,Unknown,Water level accuracy is unknown,1,Department of Water Resources,NA,1,Department of Water Resources,NA,NA,24096,47N01W04D001M,47N01W04D001M,USGS quad,5 ft.,1-003,Butte Valley,Siskiyou,460,Observation,Part of a nested/multi-completion well,YES,1971-06-30 00:00:00 - 2020-03-30 12:00:00,85,fall,5.5,14.3,NA,NA,1997,20.22,4.39,25.42,10.82,Wet,SAC,1996-10-01T00:00:00Z,1997-10-01T00:00:00Z,-121.996,41.9521
419520N1219959W001,1791500,1996-03-26T00:00:00Z,4246.44,4245.24,0,6.1,4240.34,6.1,4.9,NA,Unknown,Water level accuracy is unknown,1,Department of Water Resources,NA,1,Department of Water Resources,NA,NA,24096,47N01W04D001M,47N01W04D001M,USGS quad,5 ft.,1-003,Butte Valley,Siskiyou,460,Observation,Part of a nested/multi-completion well,YES,1971-06-30 00:00:00 - 2020-03-30 12:00:00,85,spring,NA,NA,3.1,14.6,1996,13.05,8.37,22.29,10.26,Wet,SAC,1995-10-01T00:00:00Z,1996-10-01T00:00:00Z,-121.996,41.9521
419520N1219959W001,1791499,1995-10-17T00:00:00Z,4246.44,4245.24,0,11.9,4234.54,11.9,10.7,NA,Unknown,Water level accuracy is unknown,1,Department of Water Resources,NA,1,Department of Water Resources,NA,NA,24096,47N01W04D001M,47N01W04D001M,USGS quad,5 ft.,1-003,Butte Valley,Siskiyou,460,Observation,Part of a nested/multi-completion well,YES,1971-06-30 00:00:00 - 2020-03-30 12:00:00,85,fall,5.5,14.3,NA,NA,1996,13.05,8.37,22.29,10.26,Wet,SAC,1995-10-01T00:00:00Z,1996-10-01T00:00:00Z,-121.996,41.9521
419520N1219959W001,1791498,1995-03-27T00:00:00Z,4246.44,4245.24,0,10.7,4235.74,10.7,9.5,NA,Unknown,Water level accuracy is unknown,1,Department of Water Resources,NA,1,Department of Water Resources,NA,NA,24096,47N01W04D001M,47N01W04D001M,USGS quad,5 ft.,1-003,Butte Valley,Siskiyou,460,Observation,Part of a nested/multi-completion well,YES,1971-06-30 00:00:00 - 2020-03-30 12:00:00,85,spring,NA,NA,3.1,14.6,1995,19.83,13.6,34.55,12.89,Wet,SAC,1994-10-01T00:00:00Z,1995-10-01T00:00:00Z,-121.996,41.9521
419520N1219959W001,1791497,1994-10-25T00:00:00Z,4246.44,4245.24,0,12.5,4233.94,12.5,11.3,NA,Unknown,Water level accuracy is unknown,1,Department of Water Resources,NA,1,Department of Water Resources,NA,NA,24096,47N01W04D001M,47N01W04D001M,USGS quad,5 ft.,1-003,Butte Valley,Siskiyou,460,Observation,Part of a nested/multi-completion well,YES,1971-06-30 00:00:00 - 2020-03-30 12:00:00,85,fall,5.5,14.3,NA,NA,1995,19.83,13.6,34.55,12.89,Wet,SAC,1994-10-01T00:00:00Z,1995-10-01T00:00:00Z,-121.996,41.9521
419520N1219959W001,1791496,1994-03-29T00:00:00Z,4246.44,4245.24,0,11.1,4235.34,11.1,9.9,NA,Unknown,Water level accuracy is unknown,1,Department of Water Resources,NA,1,Department of Water Resources,NA,NA,24096,47N01W04D001M,47N01W04D001M,USGS quad,5 ft.,1-003,Butte Valley,Siskiyou,460,Observation,Part of a nested/multi-completion well,YES,1971-06-30 00:00:00 - 2020-03-30 12:00:00,85,spring,NA,NA,3.1,14.6,1994,4.55,2.73,7.81,5.02,Critical,SAC,1993-10-01T00:00:00Z,1994-10-01T00:00:00Z,-121.996,41.9521
419520N1219959W001,1791495,1993-10-15T00:00:00Z,4246.44,4245.24,0,10.2,4236.24,10.2,9,NA,Unknown,Water level accuracy is unknown,1,Department of Water Resources,NA,1,Department of Water Resources,NA,NA,24096,47N01W04D001M,47N01W04D001M,USGS quad,5 ft.,1-003,Butte Valley,Siskiyou,460,Observation,Part of a nested/multi-completion well,YES,1971-06-30 00:00:00 - 2020-03-30 12:00:00,85,fall,5.5,14.3,NA,NA,1994,4.55,2.73,7.81,5.02,Critical,SAC,1993-10-01T00:00:00Z,1994-10-01T00:00:00Z,-121.996,41.9521
419520N1219959W001,1791494,1993-03-17T00:00:00Z,4246.44,4245.24,0,10.3,4236.14,10.3,9.1,NA,Unknown,Water level accuracy is unknown,1,Department of Water Resources,NA,1,Department of Water Resources,NA,NA,24096,47N01W04D001M,47N01W04D001M,USGS quad,5 ft.,1-003,Butte Valley,Siskiyou,460,Observation,Part of a nested/multi-completion well,YES,1971-06-30 00:00:00 - 2020-03-30 12:00:00,85,spring,NA,NA,3.1,14.6,1993,12.44,8.98,22.21,8.54,Above Normal,SAC,1992-10-01T00:00:00Z,1993-10-01T00:00:00Z,-121.996,41.9521
419520N1219959W001,1791493,1992-10-20T00:00:00Z,4246.44,4245.24,0,12.1,4234.34,12.1,10.9,NA,Unknown,Water level accuracy is unknown,1,Department of Water Resources,NA,1,Department of Water Resources,NA,NA,24096,47N01W04D001M,47N01W04D001M,USGS quad,5 ft.,1-003,Butte Valley,Siskiyou,460,Observation,Part of a nested/multi-completion well,YES,1971-06-30 00:00:00 - 2020-03-30 12:00:00,85,fall,5.5,14.3,NA,NA,1993,12.44,8.98,22.21,8.54,Above Normal,SAC,1992-10-01T00:00:00Z,1993-10-01T00:00:00Z,-121.996,41.9521
419520N1219959W001,1791492,1992-03-02T00:00:00Z,4246.44,4245.24,0,11.2,4235.24,11.2,10,NA,Unknown,Water level accuracy is unknown,1,Department of Water Resources,NA,1,Department of Water Resources,NA,NA,24096,47N01W04D001M,47N01W04D001M,USGS quad,5 ft.,1-003,Butte Valley,Siskiyou,460,Observation,Part of a nested/multi-completion well,YES,1971-06-30 00:00:00 - 2020-03-30 12:00:00,85,spring,NA,NA,3.1,14.6,1992,5.41,2.93,8.87,4.06,Critical,SAC,1991-10-01T00:00:00Z,1992-10-01T00:00:00Z,-121.996,41.9521
419520N1219959W001,1791491,1991-09-30T00:00:00Z,4246.44,4245.24,0,10.6,4235.84,10.6,9.4,NA,Unknown,Water level accuracy is unknown,1,Department of Water Resources,NA,1,Department of Water Resources,NA,NA,24096,47N01W04D001M,47N01W04D001M,USGS quad,5 ft.,1-003,Butte Valley,Siskiyou,460,Observation,Part of a nested/multi-completion well,YES,1971-06-30 00:00:00 - 2020-03-30 12:00:00,85,fall,5.5,14.3,NA,NA,1991,3.9,4.01,8.44,4.21,Critical,SAC,1990-10-01T00:00:00Z,1991-10-01T00:00:00Z,-121.996,41.9521
419520N1219959W001,1791490,1991-03-19T00:00:00Z,4246.44,4245.24,0,9.5,4236.94,9.5,8.3,NA,Unknown,Water level accuracy is unknown,1,Department of Water Resources,NA,1,Department of Water Resources,NA,NA,24096,47N01W04D001M,47N01W04D001M,USGS quad,5 ft.,1-003,Butte Valley,Siskiyou,460,Observation,Part of a nested/multi-completion well,YES,1971-06-30 00:00:00 - 2020-03-30 12:00:00,85,spring,NA,NA,3.1,14.6,1991,3.9,4.01,8.44,4.21,Critical,SAC,1990-10-01T00:00:00Z,1991-10-01T00:00:00Z,-121.996,41.9521
419520N1219959W001,1791489,1990-10-02T00:00:00Z,4246.44,4245.24,0,8.8,4237.64,8.8,7.6,NA,Unknown,Water level accuracy is unknown,1,Department of Water Resources,NA,1,Department of Water Resources,NA,NA,24096,47N01W04D001M,47N01W04D001M,USGS quad,5 ft.,1-003,Butte Valley,Siskiyou,460,Observation,Part of a nested/multi-completion well,YES,1971-06-30 00:00:00 - 2020-03-30 12:00:00,85,fall,5.5,14.3,NA,NA,1991,3.9,4.01,8.44,4.21,Critical,SAC,1990-10-01T00:00:00Z,1991-10-01T00:00:00Z,-121.996,41.9521
419520N1219959W001,1791488,1990-03-20T00:00:00Z,4246.44,4245.24,0,6.7,4239.74,6.7,5.5,NA,Unknown,Water level accuracy is unknown,1,Department of Water Resources,NA,1,Department of Water Resources,NA,NA,24096,47N01W04D001M,47N01W04D001M,USGS quad,5 ft.,1-003,Butte Valley,Siskiyou,460,Observation,Part of a nested/multi-completion well,YES,1971-06-30 00:00:00 - 2020-03-30 12:00:00,85,spring,NA,NA,3.1,14.6,1990,4.94,3.72,9.26,4.81,Critical,SAC,1989-10-01T00:00:00Z,1990-10-01T00:00:00Z,-121.996,41.9521
419520N1219959W001,1791487,1989-10-02T00:00:00Z,4246.44,4245.24,0,8.5,4237.94,8.5,7.3,NA,Unknown,Water level accuracy is unknown,1,Department of Water Resources,NA,1,Department of Water Resources,NA,NA,24096,47N01W04D001M,47N01W04D001M,USGS quad,5 ft.,1-003,Butte Valley,Siskiyou,460,Observation,Part of a nested/multi-completion well,YES,1971-06-30 00:00:00 - 2020-03-30 12:00:00,85,fall,5.5,14.3,NA,NA,1990,4.94,3.72,9.26,4.81,Critical,SAC,1989-10-01T00:00:00Z,1990-10-01T00:00:00Z,-121.996,41.9521
419520N1219959W001,1791486,1978-03-29T00:00:00Z,4245.74,4245.24,NA,NA,NA,NA,NA,Temporarily inaccessible,NA,NA,1,Department of Water Resources,NA,1,Department of Water Resources,NA,NA,24096,47N01W04D001M,47N01W04D001M,USGS quad,5 ft.,1-003,Butte Valley,Siskiyou,460,Observation,Part of a nested/multi-completion well,YES,1971-06-30 00:00:00 - 2020-03-30 12:00:00,85,spring,NA,NA,3.1,14.6,1978,14.9,8.12,23.92,8.65,Above Normal,SAC,1977-10-01T00:00:00Z,1978-10-01T00:00:00Z,-121.996,41.9521
419520N1219959W001,1791485,1977-10-20T00:00:00Z,4245.74,4245.24,0,9.5,4236.24,9.5,9,NA,Unknown,Water level accuracy is unknown,1,Department of Water Resources,NA,1,Department of Water Resources,NA,NA,24096,47N01W04D001M,47N01W04D001M,USGS quad,5 ft.,1-003,Butte Valley,Siskiyou,460,Observation,Part of a nested/multi-completion well,YES,1971-06-30 00:00:00 - 2020-03-30 12:00:00,85,fall,5.5,14.3,NA,NA,1978,14.9,8.12,23.92,8.65,Above Normal,SAC,1977-10-01T00:00:00Z,1978-10-01T00:00:00Z,-121.996,41.9521
419520N1219959W001,1791484,1977-03-29T00:00:00Z,4245.74,4245.24,NA,NA,NA,NA,NA,Temporarily inaccessible,NA,NA,1,Department of Water Resources,NA,1,Department of Water Resources,NA,NA,24096,47N01W04D001M,47N01W04D001M,USGS quad,5 ft.,1-003,Butte Valley,Siskiyou,460,Observation,Part of a nested/multi-completion well,YES,1971-06-30 00:00:00 - 2020-03-30 12:00:00,85,spring,NA,NA,3.1,14.6,1977,2.49,1.93,5.12,3.11,Critical,SAC,1976-10-01T00:00:00Z,1977-10-01T00:00:00Z,-121.996,41.9521
419520N1219959W001,1791483,1976-11-01T00:00:00Z,4245.74,4245.24,0,8,4237.74,8,7.5,NA,Unknown,Water level accuracy is unknown,1,Department of Water Resources,NA,1,Department of Water Resources,NA,NA,24096,47N01W04D001M,47N01W04D001M,USGS quad,5 ft.,1-003,Butte Valley,Siskiyou,460,Observation,Part of a nested/multi-completion well,YES,1971-06-30 00:00:00 - 2020-03-30 12:00:00,85,fall,5.5,14.3,NA,NA,1977,2.49,1.93,5.12,3.11,Critical,SAC,1976-10-01T00:00:00Z,1977-10-01T00:00:00Z,-121.996,41.9521
419520N1219959W001,1791482,1976-03-18T00:00:00Z,4245.74,4245.24,NA,NA,NA,NA,NA,Temporarily inaccessible,NA,NA,1,Department of Water Resources,NA,1,Department of Water Resources,NA,NA,24096,47N01W04D001M,47N01W04D001M,USGS quad,5 ft.,1-003,Butte Valley,Siskiyou,460,Observation,Part of a nested/multi-completion well,YES,1971-06-30 00:00:00 - 2020-03-30 12:00:00,85,spring,NA,NA,3.1,14.6,1976,4.63,2.75,8.2,5.29,Critical,SAC,1975-10-01T00:00:00Z,1976-10-01T00:00:00Z,-121.996,41.9521
419520N1219959W001,1791481,1975-11-05T00:00:00Z,4245.74,4245.24,0,7.2,4238.54,7.2,6.7,NA,Unknown,Water level accuracy is unknown,1,Department of Water Resources,NA,1,Department of Water Resources,NA,NA,24096,47N01W04D001M,47N01W04D001M,USGS quad,5 ft.,1-003,Butte Valley,Siskiyou,460,Observation,Part of a nested/multi-completion well,YES,1971-06-30 00:00:00 - 2020-03-30 12:00:00,85,fall,5.5,14.3,NA,NA,1976,4.63,2.75,8.2,5.29,Critical,SAC,1975-10-01T00:00:00Z,1976-10-01T00:00:00Z,-121.996,41.9521
419520N1219959W001,1791480,1975-04-17T00:00:00Z,4245.74,4245.24,NA,NA,NA,NA,NA,Temporarily inaccessible,NA,NA,1,Department of Water Resources,NA,1,Department of Water Resources,NA,NA,24096,47N01W04D001M,47N01W04D001M,USGS quad,5 ft.,1-003,Butte Valley,Siskiyou,460,Observation,Part of a nested/multi-completion well,YES,1971-06-30 00:00:00 - 2020-03-30 12:00:00,85,spring,NA,NA,3.1,14.6,1975,9.24,8.95,19.23,9.35,Wet,SAC,1974-10-01T00:00:00Z,1975-10-01T00:00:00Z,-121.996,41.9521
419520N1219959W001,1791479,1974-11-06T00:00:00Z,4245.74,4245.24,0,7.3,4238.44,7.3,6.8,NA,Unknown,Water level accuracy is unknown,1,Department of Water Resources,NA,1,Department of Water Resources,NA,NA,24096,47N01W04D001M,47N01W04D001M,USGS quad,5 ft.,1-003,Butte Valley,Siskiyou,460,Observation,Part of a nested/multi-completion well,YES,1971-06-30 00:00:00 - 2020-03-30 12:00:00,85,fall,5.5,14.3,NA,NA,1975,9.24,8.95,19.23,9.35,Wet,SAC,1974-10-01T00:00:00Z,1975-10-01T00:00:00Z,-121.996,41.9521
419520N1219959W001,1791478,1974-04-11T00:00:00Z,4245.74,4245.24,NA,NA,NA,NA,NA,Temporarily inaccessible,NA,NA,1,Department of Water Resources,NA,1,Department of Water Resources,NA,NA,24096,47N01W04D001M,47N01W04D001M,USGS quad,5 ft.,1-003,Butte Valley,Siskiyou,460,Observation,Part of a nested/multi-completion well,YES,1971-06-30 00:00:00 - 2020-03-30 12:00:00,85,spring,NA,NA,3.1,14.6,1974,21.69,9.78,32.5,12.99,Wet,SAC,1973-10-01T00:00:00Z,1974-10-01T00:00:00Z,-121.996,41.9521
419520N1219959W001,1791477,1973-10-10T00:00:00Z,4245.74,4245.24,0,8.4,4237.34,8.4,7.9,NA,Unknown,Water level accuracy is unknown,1,Department of Water Resources,NA,1,Department of Water Resources,NA,NA,24096,47N01W04D001M,47N01W04D001M,USGS quad,5 ft.,1-003,Butte Valley,Siskiyou,460,Observation,Part of a nested/multi-completion well,YES,1971-06-30 00:00:00 - 2020-03-30 12:00:00,85,fall,5.5,14.3,NA,NA,1974,21.69,9.78,32.5,12.99,Wet,SAC,1973-10-01T00:00:00Z,1974-10-01T00:00:00Z,-121.996,41.9521
419520N1219959W001,1791476,1973-04-19T00:00:00Z,4245.74,4245.24,0,6.7,4239.04,6.7,6.2,NA,Unknown,Water level accuracy is unknown,1,Department of Water Resources,NA,1,Department of Water Resources,NA,NA,24096,47N01W04D001M,47N01W04D001M,USGS quad,5 ft.,1-003,Butte Valley,Siskiyou,460,Observation,Part of a nested/multi-completion well,YES,1971-06-30 00:00:00 - 2020-03-30 12:00:00,85,spring,NA,NA,3.1,14.6,1973,12.8,6.38,20.05,8.58,Above Normal,SAC,1972-10-01T00:00:00Z,1973-10-01T00:00:00Z,-121.996,41.9521
419520N1219959W001,1791475,1972-10-06T00:00:00Z,4245.74,4245.24,0,7.1,4238.64,7.1,6.6,NA,Unknown,Water level accuracy is unknown,1,Department of Water Resources,NA,1,Department of Water Resources,NA,NA,24096,47N01W04D001M,47N01W04D001M,USGS quad,5 ft.,1-003,Butte Valley,Siskiyou,460,Observation,Part of a nested/multi-completion well,YES,1971-06-30 00:00:00 - 2020-03-30 12:00:00,85,fall,5.5,14.3,NA,NA,1973,12.8,6.38,20.05,8.58,Above Normal,SAC,1972-10-01T00:00:00Z,1973-10-01T00:00:00Z,-121.996,41.9521
419520N1219959W001,1791474,1972-10-04T00:00:00Z,4245.74,4245.24,0,6.8,4238.94,6.8,6.3,NA,Unknown,Water level accuracy is unknown,1,Department of Water Resources,NA,1,Department of Water Resources,NA,NA,24096,47N01W04D001M,47N01W04D001M,USGS quad,5 ft.,1-003,Butte Valley,Siskiyou,460,Observation,Part of a nested/multi-completion well,YES,1971-06-30 00:00:00 - 2020-03-30 12:00:00,85,fall,5.5,14.3,NA,NA,1973,12.8,6.38,20.05,8.58,Above Normal,SAC,1972-10-01T00:00:00Z,1973-10-01T00:00:00Z,-121.996,41.9521
419520N1219959W001,1791473,1972-09-06T00:00:00Z,4245.74,4245.24,0,6.5,4239.24,6.5,6,NA,Unknown,Water level accuracy is unknown,1,Department of Water Resources,NA,624,Bureau of Reclamation,NA,NA,24096,47N01W04D001M,47N01W04D001M,USGS quad,5 ft.,1-003,Butte Valley,Siskiyou,460,Observation,Part of a nested/multi-completion well,YES,1971-06-30 00:00:00 - 2020-03-30 12:00:00,85,fall,5.5,14.3,NA,NA,1972,7.61,5.02,13.43,7.29,Below Normal,SAC,1971-10-01T00:00:00Z,1972-10-01T00:00:00Z,-121.996,41.9521
419520N1219959W001,1791472,1972-07-28T00:00:00Z,4245.74,4245.24,0,5.8,4239.94,5.8,5.3,NA,Unknown,Water level accuracy is unknown,1,Department of Water Resources,NA,624,Bureau of Reclamation,NA,NA,24096,47N01W04D001M,47N01W04D001M,USGS quad,5 ft.,1-003,Butte Valley,Siskiyou,460,Observation,Part of a nested/multi-completion well,YES,1971-06-30 00:00:00 - 2020-03-30 12:00:00,85,other,NA,NA,NA,NA,1972,7.61,5.02,13.43,7.29,Below Normal,SAC,1971-10-01T00:00:00Z,1972-10-01T00:00:00Z,-121.996,41.9521
419520N1219959W001,1791471,1972-06-29T00:00:00Z,4245.74,4245.24,0,5.1,4240.64,5.1,4.6,NA,Unknown,Water level accuracy is unknown,1,Department of Water Resources,NA,624,Bureau of Reclamation,NA,NA,24096,47N01W04D001M,47N01W04D001M,USGS quad,5 ft.,1-003,Butte Valley,Siskiyou,460,Observation,Part of a nested/multi-completion well,YES,1971-06-30 00:00:00 - 2020-03-30 12:00:00,85,other,NA,NA,NA,NA,1972,7.61,5.02,13.43,7.29,Below Normal,SAC,1971-10-01T00:00:00Z,1972-10-01T00:00:00Z,-121.996,41.9521
419520N1219959W001,1791470,1972-05-31T00:00:00Z,4245.74,4245.24,0,4.5,4241.24,4.5,4,NA,Unknown,Water level accuracy is unknown,1,Department of Water Resources,NA,624,Bureau of Reclamation,NA,NA,24096,47N01W04D001M,47N01W04D001M,USGS quad,5 ft.,1-003,Butte Valley,Siskiyou,460,Observation,Part of a nested/multi-completion well,YES,1971-06-30 00:00:00 - 2020-03-30 12:00:00,85,spring,NA,NA,3.1,14.6,1972,7.61,5.02,13.43,7.29,Below Normal,SAC,1971-10-01T00:00:00Z,1972-10-01T00:00:00Z,-121.996,41.9521
419520N1219959W001,1791469,1972-05-08T00:00:00Z,4245.74,4245.24,0,3.9,4241.84,3.9,3.4,NA,Unknown,Water level accuracy is unknown,1,Department of Water Resources,NA,624,Bureau of Reclamation,NA,NA,24096,47N01W04D001M,47N01W04D001M,USGS quad,5 ft.,1-003,Butte Valley,Siskiyou,460,Observation,Part of a nested/multi-completion well,YES,1971-06-30 00:00:00 - 2020-03-30 12:00:00,85,spring,NA,NA,3.1,14.6,1972,7.61,5.02,13.43,7.29,Below Normal,SAC,1971-10-01T00:00:00Z,1972-10-01T00:00:00Z,-121.996,41.9521
419520N1219959W001,1791468,1971-10-29T00:00:00Z,4245.74,4245.24,0,6.7,4239.04,6.7,6.2,NA,Unknown,Water level accuracy is unknown,1,Department of Water Resources,NA,624,Bureau of Reclamation,NA,NA,24096,47N01W04D001M,47N01W04D001M,USGS quad,5 ft.,1-003,Butte Valley,Siskiyou,460,Observation,Part of a nested/multi-completion well,YES,1971-06-30 00:00:00 - 2020-03-30 12:00:00,85,fall,5.5,14.3,NA,NA,1972,7.61,5.02,13.43,7.29,Below Normal,SAC,1971-10-01T00:00:00Z,1972-10-01T00:00:00Z,-121.996,41.9521
419520N1219959W001,1791467,1971-10-07T00:00:00Z,4245.74,4245.24,0,6.5,4239.24,6.5,6,NA,Unknown,Water level accuracy is unknown,1,Department of Water Resources,NA,624,Bureau of Reclamation,NA,NA,24096,47N01W04D001M,47N01W04D001M,USGS quad,5 ft.,1-003,Butte Valley,Siskiyou,460,Observation,Part of a nested/multi-completion well,YES,1971-06-30 00:00:00 - 2020-03-30 12:00:00,85,fall,5.5,14.3,NA,NA,1972,7.61,5.02,13.43,7.29,Below Normal,SAC,1971-10-01T00:00:00Z,1972-10-01T00:00:00Z,-121.996,41.9521
419520N1219959W001,1791466,1971-08-30T00:00:00Z,4245.74,4245.24,0,6,4239.74,6,5.5,NA,Unknown,Water level accuracy is unknown,1,Department of Water Resources,NA,624,Bureau of Reclamation,NA,NA,24096,47N01W04D001M,47N01W04D001M,USGS quad,5 ft.,1-003,Butte Valley,Siskiyou,460,Observation,Part of a nested/multi-completion well,YES,1971-06-30 00:00:00 - 2020-03-30 12:00:00,85,fall,5.5,14.3,NA,NA,1971,12.71,8.9,22.57,10.37,Wet,SAC,1970-10-01T00:00:00Z,1971-10-01T00:00:00Z,-121.996,41.9521
419520N1219959W001,1791465,1971-07-27T00:00:00Z,4245.74,4245.24,0,5.4,4240.34,5.4,4.9,NA,Unknown,Water level accuracy is unknown,1,Department of Water Resources,NA,624,Bureau of Reclamation,NA,NA,24096,47N01W04D001M,47N01W04D001M,USGS quad,5 ft.,1-003,Butte Valley,Siskiyou,460,Observation,Part of a nested/multi-completion well,YES,1971-06-30 00:00:00 - 2020-03-30 12:00:00,85,other,NA,NA,NA,NA,1971,12.71,8.9,22.57,10.37,Wet,SAC,1970-10-01T00:00:00Z,1971-10-01T00:00:00Z,-121.996,41.9521
419520N1219959W001,1791464,1971-06-30T00:00:00Z,4245.74,4245.24,0,4.7,4241.04,4.7,4.2,NA,Unknown,Water level accuracy is unknown,1,Department of Water Resources,NA,624,Bureau of Reclamation,NA,NA,24096,47N01W04D001M,47N01W04D001M,USGS quad,5 ft.,1-003,Butte Valley,Siskiyou,460,Observation,Part of a nested/multi-completion well,YES,1971-06-30 00:00:00 - 2020-03-30 12:00:00,85,other,NA,NA,NA,NA,1971,12.71,8.9,22.57,10.37,Wet,SAC,1970-10-01T00:00:00Z,1971-10-01T00:00:00Z,-121.996,41.9521
