SITE_CODE,WLM_ID,MSMT_DATE,WLM_RPE,WLM_GSE,RDNG_WS,RDNG_RP,WSE,RPE_WSE,GSE_WSE,WLM_QA_DESC,WLM_DESC,WLM_ACC_DESC,WLM_ORG_ID,WLM_ORG_NAME,MSMT_CMT,COOP_AGENCY_ORG_ID,COOP_ORG_NAME,TOP_PRF,BOT_PRF,STN_ID,SWN,WELL_NAME,WLM_METHOD,WLM_ACC,BASIN_CODE,BASIN_NAME,COUNTY_NAME,WELL_DEPTH,WELL_USE,WELL_TYPE,WCR_NO,t_range,n_samples,season,fall_high,fall_low,spring_high,spring_low,water_year,Oct.Mar,Apr.Jul,WYsum,Index,water_year_type,region,water_year_start,water_year_end,X,Y
419669N1219306W001,59916,2012-04-17T00:00:00Z,4244.75,4243.75,10,80,4174.75,70,69,NA,Steel tape measurement,Water level accuracy to nearest tenth of a foot,1,Department of Water Resources,NA,1,Department of Water Resources,685,1134,23460,48N01W25P001M,NA,Unknown,Unknown,1-003,Butte Valley,Siskiyou,1134,Irrigation,Unknown,1505,1980-10-24 - 2012-04-17,64,spring,NA,NA,58.6,72.5,2012,5.69,5.46,11.84,6.89,Below Normal,SAC,2011-10-01T00:00:00Z,2012-10-01T00:00:00Z,-121.931,41.9669
419669N1219306W001,41193,2011-10-18T00:00:00Z,4244.75,4243.75,NA,NA,NA,NA,NA,Special/Other,NA,NA,1,Department of Water Resources,TAPE HUNG UP,1,Department of Water Resources,685,1134,23460,48N01W25P001M,NA,Unknown,Unknown,1-003,Butte Valley,Siskiyou,1134,Irrigation,Unknown,1505,1980-10-24 - 2012-04-17,64,fall,55.2,86.8,NA,NA,2012,5.69,5.46,11.84,6.89,Below Normal,SAC,2011-10-01T00:00:00Z,2012-10-01T00:00:00Z,-121.931,41.9669
419669N1219306W001,681945,2011-10-18T00:00:00Z,4244.75,4243.75,NA,NA,NA,NA,NA,Special/Other,NA,NA,1,Department of Water Resources,TAPE HUNG UP,1,Department of Water Resources,685,1134,23460,48N01W25P001M,NA,Unknown,Unknown,1-003,Butte Valley,Siskiyou,1134,Irrigation,Unknown,1505,1980-10-24 - 2012-04-17,64,fall,55.2,86.8,NA,NA,2012,5.69,5.46,11.84,6.89,Below Normal,SAC,2011-10-01T00:00:00Z,2012-10-01T00:00:00Z,-121.931,41.9669
419669N1219306W001,681944,2011-04-20T00:00:00Z,4244.75,4243.75,0,73.5,4171.25,73.5,72.5,Other,Unknown,Water level accuracy is unknown,1,Department of Water Resources,FALLING WATER- PUMP PULLED,1,Department of Water Resources,685,1134,23460,48N01W25P001M,NA,Unknown,Unknown,1-003,Butte Valley,Siskiyou,1134,Irrigation,Unknown,1505,1980-10-24 - 2012-04-17,64,spring,NA,NA,58.6,72.5,2011,12.68,11.53,25.21,10.54,Wet,SAC,2010-10-01T00:00:00Z,2011-10-01T00:00:00Z,-121.931,41.9669
419669N1219306W001,681943,2010-10-25T00:00:00Z,4244.75,4243.75,0,56.2,4188.55,56.2,55.2,Other,Unknown,Water level accuracy is unknown,1,Department of Water Resources,FALLING WATER IN WELL,1,Department of Water Resources,685,1134,23460,48N01W25P001M,NA,Unknown,Unknown,1-003,Butte Valley,Siskiyou,1134,Irrigation,Unknown,1505,1980-10-24 - 2012-04-17,64,fall,55.2,86.8,NA,NA,2011,12.68,11.53,25.21,10.54,Wet,SAC,2010-10-01T00:00:00Z,2011-10-01T00:00:00Z,-121.931,41.9669
419669N1219306W001,681942,2010-03-30T00:00:00Z,4244.75,4243.75,0,63.3,4181.45,63.3,62.3,NA,Unknown,Water level accuracy is unknown,1,Department of Water Resources,NA,1,Department of Water Resources,685,1134,23460,48N01W25P001M,NA,Unknown,Unknown,1-003,Butte Valley,Siskiyou,1134,Irrigation,Unknown,1505,1980-10-24 - 2012-04-17,64,spring,NA,NA,58.6,72.5,2010,7.45,7.78,16.01,7.08,Below Normal,SAC,2009-10-01T00:00:00Z,2010-10-01T00:00:00Z,-121.931,41.9669
419669N1219306W001,681941,2009-10-27T00:00:00Z,4244.75,4243.75,0,80.8,4163.95,80.8,79.8,NA,Unknown,Water level accuracy is unknown,1,Department of Water Resources,NA,1,Department of Water Resources,685,1134,23460,48N01W25P001M,NA,Unknown,Unknown,1-003,Butte Valley,Siskiyou,1134,Irrigation,Unknown,1505,1980-10-24 - 2012-04-17,64,fall,55.2,86.8,NA,NA,2010,7.45,7.78,16.01,7.08,Below Normal,SAC,2009-10-01T00:00:00Z,2010-10-01T00:00:00Z,-121.931,41.9669
419669N1219306W001,681940,2009-04-08T00:00:00Z,4244.75,4243.75,0,73.5,4171.25,73.5,72.5,Casing leaking or wet,Unknown,Water level accuracy is unknown,1,Department of Water Resources,NA,1,Department of Water Resources,685,1134,23460,48N01W25P001M,NA,Unknown,Unknown,1-003,Butte Valley,Siskiyou,1134,Irrigation,Unknown,1505,1980-10-24 - 2012-04-17,64,spring,NA,NA,58.6,72.5,2009,7.05,5.3,13.02,5.78,Dry,SAC,2008-10-01T00:00:00Z,2009-10-01T00:00:00Z,-121.931,41.9669
419669N1219306W001,681939,2008-10-30T00:00:00Z,4244.75,4243.75,0,62,4182.75,62,61,Casing leaking or wet,Unknown,Water level accuracy is unknown,1,Department of Water Resources,NA,1,Department of Water Resources,685,1134,23460,48N01W25P001M,NA,Unknown,Unknown,1-003,Butte Valley,Siskiyou,1134,Irrigation,Unknown,1505,1980-10-24 - 2012-04-17,64,fall,55.2,86.8,NA,NA,2009,7.05,5.3,13.02,5.78,Dry,SAC,2008-10-01T00:00:00Z,2009-10-01T00:00:00Z,-121.931,41.9669
419669N1219306W001,681938,2008-04-04T00:00:00Z,4244.75,4243.75,0,72,4172.75,72,71,NA,Unknown,Water level accuracy is unknown,1,Department of Water Resources,NA,1,Department of Water Resources,685,1134,23460,48N01W25P001M,NA,Unknown,Unknown,1-003,Butte Valley,Siskiyou,1134,Irrigation,Unknown,1505,1980-10-24 - 2012-04-17,64,spring,NA,NA,58.6,72.5,2008,5.9,3.82,10.28,5.16,Critical,SAC,2007-10-01T00:00:00Z,2008-10-01T00:00:00Z,-121.931,41.9669
419669N1219306W001,681937,2007-10-25T00:00:00Z,4244.75,4243.75,0,76.2,4168.55,76.2,75.2,NA,Unknown,Water level accuracy is unknown,1,Department of Water Resources,NA,1,Department of Water Resources,685,1134,23460,48N01W25P001M,NA,Unknown,Unknown,1-003,Butte Valley,Siskiyou,1134,Irrigation,Unknown,1505,1980-10-24 - 2012-04-17,64,fall,55.2,86.8,NA,NA,2008,5.9,3.82,10.28,5.16,Critical,SAC,2007-10-01T00:00:00Z,2008-10-01T00:00:00Z,-121.931,41.9669
419669N1219306W001,681936,2007-03-29T00:00:00Z,4244.75,4243.75,NA,NA,NA,NA,NA,Temporarily inaccessible,NA,NA,1,Department of Water Resources,NA,1,Department of Water Resources,685,1134,23460,48N01W25P001M,NA,Unknown,Unknown,1-003,Butte Valley,Siskiyou,1134,Irrigation,Unknown,1505,1980-10-24 - 2012-04-17,64,spring,NA,NA,58.6,72.5,2007,6.59,3.04,10.28,6.19,Dry,SAC,2006-10-01T00:00:00Z,2007-10-01T00:00:00Z,-121.931,41.9669
419669N1219306W001,681935,2006-10-12T00:00:00Z,4244.75,4243.75,0,78,4166.75,78,77,NA,Unknown,Water level accuracy is unknown,1,Department of Water Resources,NA,1,Department of Water Resources,685,1134,23460,48N01W25P001M,NA,Unknown,Unknown,1-003,Butte Valley,Siskiyou,1134,Irrigation,Unknown,1505,1980-10-24 - 2012-04-17,64,fall,55.2,86.8,NA,NA,2007,6.59,3.04,10.28,6.19,Dry,SAC,2006-10-01T00:00:00Z,2007-10-01T00:00:00Z,-121.931,41.9669
419669N1219306W001,681934,2006-04-18T00:00:00Z,4244.75,4243.75,0,66.6,4178.15,66.6,65.6,NA,Unknown,Water level accuracy is unknown,1,Department of Water Resources,NA,1,Department of Water Resources,685,1134,23460,48N01W25P001M,NA,Unknown,Unknown,1-003,Butte Valley,Siskiyou,1134,Irrigation,Unknown,1505,1980-10-24 - 2012-04-17,64,spring,NA,NA,58.6,72.5,2006,18.06,13.09,32.09,13.2,Wet,SAC,2005-10-01T00:00:00Z,2006-10-01T00:00:00Z,-121.931,41.9669
419669N1219306W001,681933,2005-10-10T00:00:00Z,4244.75,4243.75,0,68.8,4175.95,68.8,67.8,NA,Unknown,Water level accuracy is unknown,1,Department of Water Resources,NA,1,Department of Water Resources,685,1134,23460,48N01W25P001M,NA,Unknown,Unknown,1-003,Butte Valley,Siskiyou,1134,Irrigation,Unknown,1505,1980-10-24 - 2012-04-17,64,fall,55.2,86.8,NA,NA,2006,18.06,13.09,32.09,13.2,Wet,SAC,2005-10-01T00:00:00Z,2006-10-01T00:00:00Z,-121.931,41.9669
419669N1219306W001,681932,2005-04-05T00:00:00Z,4244.75,4243.75,0,67.8,4176.95,67.8,66.8,NA,Unknown,Water level accuracy is unknown,1,Department of Water Resources,NA,1,Department of Water Resources,685,1134,23460,48N01W25P001M,NA,Unknown,Unknown,1-003,Butte Valley,Siskiyou,1134,Irrigation,Unknown,1505,1980-10-24 - 2012-04-17,64,spring,NA,NA,58.6,72.5,2005,8.4,9.28,18.55,8.49,Above Normal,SAC,2004-10-01T00:00:00Z,2005-10-01T00:00:00Z,-121.931,41.9669
419669N1219306W001,681931,2004-11-03T00:00:00Z,4244.75,4243.75,0,69.9,4174.85,69.9,68.9,NA,Unknown,Water level accuracy is unknown,1,Department of Water Resources,NA,1,Department of Water Resources,685,1134,23460,48N01W25P001M,NA,Unknown,Unknown,1-003,Butte Valley,Siskiyou,1134,Irrigation,Unknown,1505,1980-10-24 - 2012-04-17,64,fall,55.2,86.8,NA,NA,2005,8.4,9.28,18.55,8.49,Above Normal,SAC,2004-10-01T00:00:00Z,2005-10-01T00:00:00Z,-121.931,41.9669
419669N1219306W001,681930,2004-03-30T00:00:00Z,4244.75,4243.75,0,68.6,4176.15,68.6,67.6,NA,Unknown,Water level accuracy is unknown,1,Department of Water Resources,NA,1,Department of Water Resources,685,1134,23460,48N01W25P001M,NA,Unknown,Unknown,1-003,Butte Valley,Siskiyou,1134,Irrigation,Unknown,1505,1980-10-24 - 2012-04-17,64,spring,NA,NA,58.6,72.5,2004,10.95,4.4,16.04,7.51,Below Normal,SAC,2003-10-01T00:00:00Z,2004-10-01T00:00:00Z,-121.931,41.9669
419669N1219306W001,681929,2003-10-20T00:00:00Z,4244.75,4243.75,0,69.7,4175.05,69.7,68.7,NA,Unknown,Water level accuracy is unknown,1,Department of Water Resources,NA,1,Department of Water Resources,685,1134,23460,48N01W25P001M,NA,Unknown,Unknown,1-003,Butte Valley,Siskiyou,1134,Irrigation,Unknown,1505,1980-10-24 - 2012-04-17,64,fall,55.2,86.8,NA,NA,2004,10.95,4.4,16.04,7.51,Below Normal,SAC,2003-10-01T00:00:00Z,2004-10-01T00:00:00Z,-121.931,41.9669
419669N1219306W001,681928,2003-04-01T00:00:00Z,4244.75,4243.75,0,68.6,4176.15,68.6,67.6,NA,Unknown,Water level accuracy is unknown,1,Department of Water Resources,NA,1,Department of Water Resources,685,1134,23460,48N01W25P001M,NA,Unknown,Unknown,1-003,Butte Valley,Siskiyou,1134,Irrigation,Unknown,1505,1980-10-24 - 2012-04-17,64,spring,NA,NA,58.6,72.5,2003,10.71,7.74,19.31,8.21,Above Normal,SAC,2002-10-01T00:00:00Z,2003-10-01T00:00:00Z,-121.931,41.9669
419669N1219306W001,681927,2002-10-11T00:00:00Z,4244.75,4243.75,0,71.4,4173.35,71.4,70.4,NA,Unknown,Water level accuracy is unknown,1,Department of Water Resources,NA,1,Department of Water Resources,685,1134,23460,48N01W25P001M,NA,Unknown,Unknown,1-003,Butte Valley,Siskiyou,1134,Irrigation,Unknown,1505,1980-10-24 - 2012-04-17,64,fall,55.2,86.8,NA,NA,2003,10.71,7.74,19.31,8.21,Above Normal,SAC,2002-10-01T00:00:00Z,2003-10-01T00:00:00Z,-121.931,41.9669
419669N1219306W001,681926,2002-03-26T00:00:00Z,4244.75,4243.75,0,68,4176.75,68,67,NA,Unknown,Water level accuracy is unknown,1,Department of Water Resources,NA,1,Department of Water Resources,685,1134,23460,48N01W25P001M,NA,Unknown,Unknown,1-003,Butte Valley,Siskiyou,1134,Irrigation,Unknown,1505,1980-10-24 - 2012-04-17,64,spring,NA,NA,58.6,72.5,2002,9.32,4.57,14.6,6.35,Dry,SAC,2001-10-01T00:00:00Z,2002-10-01T00:00:00Z,-121.931,41.9669
419669N1219306W001,681925,2001-10-23T00:00:00Z,4244.75,4243.75,0,70.4,4174.35,70.4,69.4,NA,Unknown,Water level accuracy is unknown,1,Department of Water Resources,NA,1,Department of Water Resources,685,1134,23460,48N01W25P001M,NA,Unknown,Unknown,1-003,Butte Valley,Siskiyou,1134,Irrigation,Unknown,1505,1980-10-24 - 2012-04-17,64,fall,55.2,86.8,NA,NA,2002,9.32,4.57,14.6,6.35,Dry,SAC,2001-10-01T00:00:00Z,2002-10-01T00:00:00Z,-121.931,41.9669
419669N1219306W001,681924,2001-04-03T00:00:00Z,4244.75,4243.75,0,69.9,4174.85,69.9,68.9,NA,Unknown,Water level accuracy is unknown,1,Department of Water Resources,NA,1,Department of Water Resources,685,1134,23460,48N01W25P001M,NA,Unknown,Unknown,1-003,Butte Valley,Siskiyou,1134,Irrigation,Unknown,1505,1980-10-24 - 2012-04-17,64,spring,NA,NA,58.6,72.5,2001,5.64,3.46,9.81,5.76,Dry,SAC,2000-10-01T00:00:00Z,2001-10-01T00:00:00Z,-121.931,41.9669
419669N1219306W001,681923,2000-10-10T00:00:00Z,4244.75,4243.75,0,75.2,4169.55,75.2,74.2,NA,Unknown,Water level accuracy is unknown,1,Department of Water Resources,NA,1,Department of Water Resources,685,1134,23460,48N01W25P001M,NA,Unknown,Unknown,1-003,Butte Valley,Siskiyou,1134,Irrigation,Unknown,1505,1980-10-24 - 2012-04-17,64,fall,55.2,86.8,NA,NA,2001,5.64,3.46,9.81,5.76,Dry,SAC,2000-10-01T00:00:00Z,2001-10-01T00:00:00Z,-121.931,41.9669
419669N1219306W001,681922,2000-03-24T00:00:00Z,4244.75,4243.75,0,70.3,4174.45,70.3,69.3,NA,Unknown,Water level accuracy is unknown,1,Department of Water Resources,NA,1,Department of Water Resources,685,1134,23460,48N01W25P001M,NA,Unknown,Unknown,1-003,Butte Valley,Siskiyou,1134,Irrigation,Unknown,1505,1980-10-24 - 2012-04-17,64,spring,NA,NA,58.6,72.5,2000,12.06,5.96,18.9,8.94,Above Normal,SAC,1999-10-01T00:00:00Z,2000-10-01T00:00:00Z,-121.931,41.9669
419669N1219306W001,681920,1999-10-26T00:00:00Z,4244.75,4243.75,0,75.6,4169.15,75.6,74.6,NA,Unknown,Water level accuracy is unknown,1,Department of Water Resources,NA,1,Department of Water Resources,685,1134,23460,48N01W25P001M,NA,Unknown,Unknown,1-003,Butte Valley,Siskiyou,1134,Irrigation,Unknown,1505,1980-10-24 - 2012-04-17,64,fall,55.2,86.8,NA,NA,2000,12.06,5.96,18.9,8.94,Above Normal,SAC,1999-10-01T00:00:00Z,2000-10-01T00:00:00Z,-121.931,41.9669
419669N1219306W001,681921,1999-03-16T00:00:00Z,4244.75,4243.75,0,68.3,4176.45,68.3,67.3,NA,Unknown,Water level accuracy is unknown,1,Department of Water Resources,NA,1,Department of Water Resources,685,1134,23460,48N01W25P001M,NA,Unknown,Unknown,1-003,Butte Valley,Siskiyou,1134,Irrigation,Unknown,1505,1980-10-24 - 2012-04-17,64,spring,NA,NA,58.6,72.5,1999,12.97,7.26,21.19,9.8,Wet,SAC,1998-10-01T00:00:00Z,1999-10-01T00:00:00Z,-121.931,41.9669
419669N1219306W001,681919,1998-10-28T00:00:00Z,4244.75,4243.75,0,73,4171.75,73,72,NA,Unknown,Water level accuracy is unknown,1,Department of Water Resources,NA,1,Department of Water Resources,685,1134,23460,48N01W25P001M,NA,Unknown,Unknown,1-003,Butte Valley,Siskiyou,1134,Irrigation,Unknown,1505,1980-10-24 - 2012-04-17,64,fall,55.2,86.8,NA,NA,1999,12.97,7.26,21.19,9.8,Wet,SAC,1998-10-01T00:00:00Z,1999-10-01T00:00:00Z,-121.931,41.9669
419669N1219306W001,681918,1998-03-30T00:00:00Z,4244.75,4243.75,0,68.2,4176.55,68.2,67.2,NA,Unknown,Water level accuracy is unknown,1,Department of Water Resources,NA,1,Department of Water Resources,685,1134,23460,48N01W25P001M,NA,Unknown,Unknown,1-003,Butte Valley,Siskiyou,1134,Irrigation,Unknown,1505,1980-10-24 - 2012-04-17,64,spring,NA,NA,58.6,72.5,1998,17.65,12.54,31.4,13.31,Wet,SAC,1997-10-01T00:00:00Z,1998-10-01T00:00:00Z,-121.931,41.9669
419669N1219306W001,681917,1997-10-22T00:00:00Z,4244.75,4243.75,0,72.4,4172.35,72.4,71.4,NA,Unknown,Water level accuracy is unknown,1,Department of Water Resources,NA,1,Department of Water Resources,685,1134,23460,48N01W25P001M,NA,Unknown,Unknown,1-003,Butte Valley,Siskiyou,1134,Irrigation,Unknown,1505,1980-10-24 - 2012-04-17,64,fall,55.2,86.8,NA,NA,1998,17.65,12.54,31.4,13.31,Wet,SAC,1997-10-01T00:00:00Z,1998-10-01T00:00:00Z,-121.931,41.9669
419669N1219306W001,681916,1997-03-11T00:00:00Z,4244.75,4243.75,0,70.5,4174.25,70.5,69.5,NA,Unknown,Water level accuracy is unknown,1,Department of Water Resources,NA,1,Department of Water Resources,685,1134,23460,48N01W25P001M,NA,Unknown,Unknown,1-003,Butte Valley,Siskiyou,1134,Irrigation,Unknown,1505,1980-10-24 - 2012-04-17,64,spring,NA,NA,58.6,72.5,1997,20.22,4.39,25.42,10.82,Wet,SAC,1996-10-01T00:00:00Z,1997-10-01T00:00:00Z,-121.931,41.9669
419669N1219306W001,681915,1996-10-22T00:00:00Z,4244.75,4243.75,0,76.9,4167.85,76.9,75.9,NA,Unknown,Water level accuracy is unknown,1,Department of Water Resources,NA,1,Department of Water Resources,685,1134,23460,48N01W25P001M,NA,Unknown,Unknown,1-003,Butte Valley,Siskiyou,1134,Irrigation,Unknown,1505,1980-10-24 - 2012-04-17,64,fall,55.2,86.8,NA,NA,1997,20.22,4.39,25.42,10.82,Wet,SAC,1996-10-01T00:00:00Z,1997-10-01T00:00:00Z,-121.931,41.9669
419669N1219306W001,681914,1996-03-26T00:00:00Z,4244.75,4243.75,0,70.9,4173.85,70.9,69.9,NA,Unknown,Water level accuracy is unknown,1,Department of Water Resources,NA,1,Department of Water Resources,685,1134,23460,48N01W25P001M,NA,Unknown,Unknown,1-003,Butte Valley,Siskiyou,1134,Irrigation,Unknown,1505,1980-10-24 - 2012-04-17,64,spring,NA,NA,58.6,72.5,1996,13.05,8.37,22.29,10.26,Wet,SAC,1995-10-01T00:00:00Z,1996-10-01T00:00:00Z,-121.931,41.9669
419669N1219306W001,681913,1995-10-17T00:00:00Z,4244.75,4243.75,0,80,4164.75,80,79,Casing leaking or wet,Unknown,Water level accuracy is unknown,1,Department of Water Resources,NA,1,Department of Water Resources,685,1134,23460,48N01W25P001M,NA,Unknown,Unknown,1-003,Butte Valley,Siskiyou,1134,Irrigation,Unknown,1505,1980-10-24 - 2012-04-17,64,fall,55.2,86.8,NA,NA,1996,13.05,8.37,22.29,10.26,Wet,SAC,1995-10-01T00:00:00Z,1996-10-01T00:00:00Z,-121.931,41.9669
419669N1219306W001,681912,1995-03-28T00:00:00Z,4244.75,4243.75,0,70.6,4174.15,70.6,69.6,NA,Unknown,Water level accuracy is unknown,1,Department of Water Resources,NA,1,Department of Water Resources,685,1134,23460,48N01W25P001M,NA,Unknown,Unknown,1-003,Butte Valley,Siskiyou,1134,Irrigation,Unknown,1505,1980-10-24 - 2012-04-17,64,spring,NA,NA,58.6,72.5,1995,19.83,13.6,34.55,12.89,Wet,SAC,1994-10-01T00:00:00Z,1995-10-01T00:00:00Z,-121.931,41.9669
419669N1219306W001,681911,1994-10-25T00:00:00Z,4244.75,4243.75,0,82.2,4162.55,82.2,81.2,Casing leaking or wet,Unknown,Water level accuracy is unknown,1,Department of Water Resources,NA,1,Department of Water Resources,685,1134,23460,48N01W25P001M,NA,Unknown,Unknown,1-003,Butte Valley,Siskiyou,1134,Irrigation,Unknown,1505,1980-10-24 - 2012-04-17,64,fall,55.2,86.8,NA,NA,1995,19.83,13.6,34.55,12.89,Wet,SAC,1994-10-01T00:00:00Z,1995-10-01T00:00:00Z,-121.931,41.9669
419669N1219306W001,681910,1994-03-29T00:00:00Z,4244.75,4243.75,0,69.9,4174.85,69.9,68.9,Other,Unknown,Water level accuracy is unknown,1,Department of Water Resources,NA,1,Department of Water Resources,685,1134,23460,48N01W25P001M,NA,Unknown,Unknown,1-003,Butte Valley,Siskiyou,1134,Irrigation,Unknown,1505,1980-10-24 - 2012-04-17,64,spring,NA,NA,58.6,72.5,1994,4.55,2.73,7.81,5.02,Critical,SAC,1993-10-01T00:00:00Z,1994-10-01T00:00:00Z,-121.931,41.9669
419669N1219306W001,681909,1993-10-15T00:00:00Z,4244.75,4243.75,0,79.5,4165.25,79.5,78.5,Other,Unknown,Water level accuracy is unknown,1,Department of Water Resources,NA,1,Department of Water Resources,685,1134,23460,48N01W25P001M,NA,Unknown,Unknown,1-003,Butte Valley,Siskiyou,1134,Irrigation,Unknown,1505,1980-10-24 - 2012-04-17,64,fall,55.2,86.8,NA,NA,1994,4.55,2.73,7.81,5.02,Critical,SAC,1993-10-01T00:00:00Z,1994-10-01T00:00:00Z,-121.931,41.9669
419669N1219306W001,681908,1993-03-17T00:00:00Z,4244.75,4243.75,0,67.1,4177.65,67.1,66.1,NA,Unknown,Water level accuracy is unknown,1,Department of Water Resources,NA,1,Department of Water Resources,685,1134,23460,48N01W25P001M,NA,Unknown,Unknown,1-003,Butte Valley,Siskiyou,1134,Irrigation,Unknown,1505,1980-10-24 - 2012-04-17,64,spring,NA,NA,58.6,72.5,1993,12.44,8.98,22.21,8.54,Above Normal,SAC,1992-10-01T00:00:00Z,1993-10-01T00:00:00Z,-121.931,41.9669
419669N1219306W001,681907,1992-10-20T00:00:00Z,4244.75,4243.75,0,87.8,4156.95,87.8,86.8,NA,Unknown,Water level accuracy is unknown,1,Department of Water Resources,NA,1,Department of Water Resources,685,1134,23460,48N01W25P001M,NA,Unknown,Unknown,1-003,Butte Valley,Siskiyou,1134,Irrigation,Unknown,1505,1980-10-24 - 2012-04-17,64,fall,55.2,86.8,NA,NA,1993,12.44,8.98,22.21,8.54,Above Normal,SAC,1992-10-01T00:00:00Z,1993-10-01T00:00:00Z,-121.931,41.9669
419669N1219306W001,681906,1992-03-02T00:00:00Z,4244.75,4243.75,0,63.2,4181.55,63.2,62.2,NA,Unknown,Water level accuracy is unknown,1,Department of Water Resources,NA,1,Department of Water Resources,685,1134,23460,48N01W25P001M,NA,Unknown,Unknown,1-003,Butte Valley,Siskiyou,1134,Irrigation,Unknown,1505,1980-10-24 - 2012-04-17,64,spring,NA,NA,58.6,72.5,1992,5.41,2.93,8.87,4.06,Critical,SAC,1991-10-01T00:00:00Z,1992-10-01T00:00:00Z,-121.931,41.9669
419669N1219306W001,681905,1991-09-30T00:00:00Z,4244.75,4243.75,0,85.2,4159.55,85.2,84.2,NA,Unknown,Water level accuracy is unknown,1,Department of Water Resources,NA,1,Department of Water Resources,685,1134,23460,48N01W25P001M,NA,Unknown,Unknown,1-003,Butte Valley,Siskiyou,1134,Irrigation,Unknown,1505,1980-10-24 - 2012-04-17,64,fall,55.2,86.8,NA,NA,1991,3.9,4.01,8.44,4.21,Critical,SAC,1990-10-01T00:00:00Z,1991-10-01T00:00:00Z,-121.931,41.9669
419669N1219306W001,681904,1991-03-19T00:00:00Z,4244.75,4243.75,0,66.2,4178.55,66.2,65.2,NA,Unknown,Water level accuracy is unknown,1,Department of Water Resources,NA,1,Department of Water Resources,685,1134,23460,48N01W25P001M,NA,Unknown,Unknown,1-003,Butte Valley,Siskiyou,1134,Irrigation,Unknown,1505,1980-10-24 - 2012-04-17,64,spring,NA,NA,58.6,72.5,1991,3.9,4.01,8.44,4.21,Critical,SAC,1990-10-01T00:00:00Z,1991-10-01T00:00:00Z,-121.931,41.9669
419669N1219306W001,681903,1990-10-02T00:00:00Z,4244.75,4243.75,0,74,4170.75,74,73,NA,Unknown,Water level accuracy is unknown,1,Department of Water Resources,NA,1,Department of Water Resources,685,1134,23460,48N01W25P001M,NA,Unknown,Unknown,1-003,Butte Valley,Siskiyou,1134,Irrigation,Unknown,1505,1980-10-24 - 2012-04-17,64,fall,55.2,86.8,NA,NA,1991,3.9,4.01,8.44,4.21,Critical,SAC,1990-10-01T00:00:00Z,1991-10-01T00:00:00Z,-121.931,41.9669
419669N1219306W001,681902,1990-03-20T00:00:00Z,4244.75,4243.75,0,67,4177.75,67,66,NA,Unknown,Water level accuracy is unknown,1,Department of Water Resources,NA,1,Department of Water Resources,685,1134,23460,48N01W25P001M,NA,Unknown,Unknown,1-003,Butte Valley,Siskiyou,1134,Irrigation,Unknown,1505,1980-10-24 - 2012-04-17,64,spring,NA,NA,58.6,72.5,1990,4.94,3.72,9.26,4.81,Critical,SAC,1989-10-01T00:00:00Z,1990-10-01T00:00:00Z,-121.931,41.9669
419669N1219306W001,681901,1989-10-02T00:00:00Z,4244.75,4243.75,0,84.1,4160.65,84.1,83.1,NA,Unknown,Water level accuracy is unknown,1,Department of Water Resources,NA,1,Department of Water Resources,685,1134,23460,48N01W25P001M,NA,Unknown,Unknown,1-003,Butte Valley,Siskiyou,1134,Irrigation,Unknown,1505,1980-10-24 - 2012-04-17,64,fall,55.2,86.8,NA,NA,1990,4.94,3.72,9.26,4.81,Critical,SAC,1989-10-01T00:00:00Z,1990-10-01T00:00:00Z,-121.931,41.9669
419669N1219306W001,681900,1989-03-21T00:00:00Z,4244.75,4243.75,0,71.6,4173.15,71.6,70.6,NA,Unknown,Water level accuracy is unknown,1,Department of Water Resources,NA,1,Department of Water Resources,685,1134,23460,48N01W25P001M,NA,Unknown,Unknown,1-003,Butte Valley,Siskiyou,1134,Irrigation,Unknown,1505,1980-10-24 - 2012-04-17,64,spring,NA,NA,58.6,72.5,1989,9.03,5.07,14.82,6.13,Dry,SAC,1988-10-01T00:00:00Z,1989-10-01T00:00:00Z,-121.931,41.9669
419669N1219306W001,681899,1988-10-25T00:00:00Z,4244.75,4243.75,0,78,4166.75,78,77,Oil or foreign substance in casing,Unknown,Water level accuracy is unknown,1,Department of Water Resources,NA,1,Department of Water Resources,685,1134,23460,48N01W25P001M,NA,Unknown,Unknown,1-003,Butte Valley,Siskiyou,1134,Irrigation,Unknown,1505,1980-10-24 - 2012-04-17,64,fall,55.2,86.8,NA,NA,1989,9.03,5.07,14.82,6.13,Dry,SAC,1988-10-01T00:00:00Z,1989-10-01T00:00:00Z,-121.931,41.9669
419669N1219306W001,681898,1988-03-23T00:00:00Z,4244.75,4243.75,0,65.5,4179.25,65.5,64.5,NA,Unknown,Water level accuracy is unknown,1,Department of Water Resources,NA,1,Department of Water Resources,685,1134,23460,48N01W25P001M,NA,Unknown,Unknown,1-003,Butte Valley,Siskiyou,1134,Irrigation,Unknown,1505,1980-10-24 - 2012-04-17,64,spring,NA,NA,58.6,72.5,1988,5.78,2.9,9.23,4.65,Critical,SAC,1987-10-01T00:00:00Z,1988-10-01T00:00:00Z,-121.931,41.9669
419669N1219306W001,681897,1987-10-20T00:00:00Z,4244.75,4243.75,0,75.2,4169.55,75.2,74.2,NA,Unknown,Water level accuracy is unknown,1,Department of Water Resources,NA,1,Department of Water Resources,685,1134,23460,48N01W25P001M,NA,Unknown,Unknown,1-003,Butte Valley,Siskiyou,1134,Irrigation,Unknown,1505,1980-10-24 - 2012-04-17,64,fall,55.2,86.8,NA,NA,1988,5.78,2.9,9.23,4.65,Critical,SAC,1987-10-01T00:00:00Z,1988-10-01T00:00:00Z,-121.931,41.9669
419669N1219306W001,681896,1987-04-20T00:00:00Z,4244.75,4243.75,0,59.6,4185.15,59.6,58.6,NA,Unknown,Water level accuracy is unknown,1,Department of Water Resources,NA,1,Department of Water Resources,685,1134,23460,48N01W25P001M,NA,Unknown,Unknown,1-003,Butte Valley,Siskiyou,1134,Irrigation,Unknown,1505,1980-10-24 - 2012-04-17,64,spring,NA,NA,58.6,72.5,1987,5.85,2.8,9.27,5.86,Dry,SAC,1986-10-01T00:00:00Z,1987-10-01T00:00:00Z,-121.931,41.9669
419669N1219306W001,681895,1986-04-29T00:00:00Z,4244.75,4243.75,0,63.8,4180.95,63.8,62.8,NA,Unknown,Water level accuracy is unknown,1,Department of Water Resources,NA,624,Bureau of Reclamation,685,1134,23460,48N01W25P001M,NA,Unknown,Unknown,1-003,Butte Valley,Siskiyou,1134,Irrigation,Unknown,1505,1980-10-24 - 2012-04-17,64,spring,NA,NA,58.6,72.5,1986,19.45,5.45,25.83,9.96,Wet,SAC,1985-10-01T00:00:00Z,1986-10-01T00:00:00Z,-121.931,41.9669
419669N1219306W001,681894,1985-10-16T00:00:00Z,4244.75,4243.75,0,86.5,4158.25,86.5,85.5,NA,Unknown,Water level accuracy is unknown,1,Department of Water Resources,NA,624,Bureau of Reclamation,685,1134,23460,48N01W25P001M,NA,Unknown,Unknown,1-003,Butte Valley,Siskiyou,1134,Irrigation,Unknown,1505,1980-10-24 - 2012-04-17,64,fall,55.2,86.8,NA,NA,1986,19.45,5.45,25.83,9.96,Wet,SAC,1985-10-01T00:00:00Z,1986-10-01T00:00:00Z,-121.931,41.9669
419669N1219306W001,681893,1985-04-15T00:00:00Z,4244.75,4243.75,0,69.2,4175.55,69.2,68.2,NA,Unknown,Water level accuracy is unknown,1,Department of Water Resources,NA,624,Bureau of Reclamation,685,1134,23460,48N01W25P001M,NA,Unknown,Unknown,1-003,Butte Valley,Siskiyou,1134,Irrigation,Unknown,1505,1980-10-24 - 2012-04-17,64,spring,NA,NA,58.6,72.5,1985,6.24,4,11.04,6.47,Dry,SAC,1984-10-01T00:00:00Z,1985-10-01T00:00:00Z,-121.931,41.9669
419669N1219306W001,681892,1984-10-25T00:00:00Z,4244.75,4243.75,0,71.8,4172.95,71.8,70.8,NA,Unknown,Water level accuracy is unknown,1,Department of Water Resources,NA,624,Bureau of Reclamation,685,1134,23460,48N01W25P001M,NA,Unknown,Unknown,1-003,Butte Valley,Siskiyou,1134,Irrigation,Unknown,1505,1980-10-24 - 2012-04-17,64,fall,55.2,86.8,NA,NA,1985,6.24,4,11.04,6.47,Dry,SAC,1984-10-01T00:00:00Z,1985-10-01T00:00:00Z,-121.931,41.9669
419669N1219306W001,681891,1984-04-16T00:00:00Z,4244.75,4243.75,0,61.1,4183.65,61.1,60.1,NA,Unknown,Water level accuracy is unknown,1,Department of Water Resources,NA,624,Bureau of Reclamation,685,1134,23460,48N01W25P001M,NA,Unknown,Unknown,1-003,Butte Valley,Siskiyou,1134,Irrigation,Unknown,1505,1980-10-24 - 2012-04-17,64,spring,NA,NA,58.6,72.5,1984,15.98,5.52,22.35,10,Wet,SAC,1983-10-01T00:00:00Z,1984-10-01T00:00:00Z,-121.931,41.9669
419669N1219306W001,681890,1983-10-14T00:00:00Z,4244.75,4243.75,0,76.3,4168.45,76.3,75.3,NA,Unknown,Water level accuracy is unknown,1,Department of Water Resources,NA,624,Bureau of Reclamation,685,1134,23460,48N01W25P001M,NA,Unknown,Unknown,1-003,Butte Valley,Siskiyou,1134,Irrigation,Unknown,1505,1980-10-24 - 2012-04-17,64,fall,55.2,86.8,NA,NA,1984,15.98,5.52,22.35,10,Wet,SAC,1983-10-01T00:00:00Z,1984-10-01T00:00:00Z,-121.931,41.9669
419669N1219306W001,681889,1983-05-11T00:00:00Z,4244.75,4243.75,0,69,4175.75,69,68,NA,Unknown,Water level accuracy is unknown,1,Department of Water Resources,NA,624,Bureau of Reclamation,685,1134,23460,48N01W25P001M,NA,Unknown,Unknown,1-003,Butte Valley,Siskiyou,1134,Irrigation,Unknown,1505,1980-10-24 - 2012-04-17,64,spring,NA,NA,58.6,72.5,1983,22.75,13.66,37.68,15.29,Wet,SAC,1982-10-01T00:00:00Z,1983-10-01T00:00:00Z,-121.931,41.9669
419669N1219306W001,681888,1982-10-25T00:00:00Z,4244.75,4243.75,0,79,4165.75,79,78,NA,Unknown,Water level accuracy is unknown,1,Department of Water Resources,NA,624,Bureau of Reclamation,685,1134,23460,48N01W25P001M,NA,Unknown,Unknown,1-003,Butte Valley,Siskiyou,1134,Irrigation,Unknown,1505,1980-10-24 - 2012-04-17,64,fall,55.2,86.8,NA,NA,1983,22.75,13.66,37.68,15.29,Wet,SAC,1982-10-01T00:00:00Z,1983-10-01T00:00:00Z,-121.931,41.9669
419669N1219306W001,681887,1982-04-21T00:00:00Z,4244.75,4243.75,0,62.5,4182.25,62.5,61.5,NA,Unknown,Water level accuracy is unknown,1,Department of Water Resources,NA,624,Bureau of Reclamation,685,1134,23460,48N01W25P001M,NA,Unknown,Unknown,1-003,Butte Valley,Siskiyou,1134,Irrigation,Unknown,1505,1980-10-24 - 2012-04-17,64,spring,NA,NA,58.6,72.5,1982,20.56,11.82,33.41,12.76,Wet,SAC,1981-10-01T00:00:00Z,1982-10-01T00:00:00Z,-121.931,41.9669
419669N1219306W001,681886,1981-10-15T00:00:00Z,4244.75,4243.75,0,79.8,4164.95,79.8,78.8,Oil or foreign substance in casing,Unknown,Water level accuracy is unknown,1,Department of Water Resources,NA,624,Bureau of Reclamation,685,1134,23460,48N01W25P001M,NA,Unknown,Unknown,1-003,Butte Valley,Siskiyou,1134,Irrigation,Unknown,1505,1980-10-24 - 2012-04-17,64,fall,55.2,86.8,NA,NA,1982,20.56,11.82,33.41,12.76,Wet,SAC,1981-10-01T00:00:00Z,1982-10-01T00:00:00Z,-121.931,41.9669
419669N1219306W001,681885,1981-04-24T00:00:00Z,4244.75,4243.75,0,60.2,4184.55,60.2,59.2,Oil or foreign substance in casing,Unknown,Water level accuracy is unknown,1,Department of Water Resources,NA,624,Bureau of Reclamation,685,1134,23460,48N01W25P001M,NA,Unknown,Unknown,1-003,Butte Valley,Siskiyou,1134,Irrigation,Unknown,1505,1980-10-24 - 2012-04-17,64,spring,NA,NA,58.6,72.5,1981,6.81,3.63,11.1,6.21,Dry,SAC,1980-10-01T00:00:00Z,1981-10-01T00:00:00Z,-121.931,41.9669
419669N1219306W001,681884,1980-10-24T00:00:00Z,4244.75,4243.75,0,70.8,4173.95,70.8,69.8,NA,Unknown,Water level accuracy is unknown,1,Department of Water Resources,NA,624,Bureau of Reclamation,685,1134,23460,48N01W25P001M,NA,Unknown,Unknown,1-003,Butte Valley,Siskiyou,1134,Irrigation,Unknown,1505,1980-10-24 - 2012-04-17,64,fall,55.2,86.8,NA,NA,1981,6.81,3.63,11.1,6.21,Dry,SAC,1980-10-01T00:00:00Z,1981-10-01T00:00:00Z,-121.931,41.9669
