SITE_CODE,WLM_ID,MSMT_DATE,WLM_RPE,WLM_GSE,RDNG_WS,RDNG_RP,WSE,RPE_WSE,GSE_WSE,WLM_QA_DESC,WLM_DESC,WLM_ACC_DESC,WLM_ORG_ID,WLM_ORG_NAME,MSMT_CMT,COOP_AGENCY_ORG_ID,COOP_ORG_NAME,TOP_PRF,BOT_PRF,STN_ID,SWN,WELL_NAME,WLM_METHOD,WLM_ACC,BASIN_CODE,BASIN_NAME,COUNTY_NAME,WELL_DEPTH,WELL_USE,WELL_TYPE,WCR_NO,t_range,n_samples,season,fall_high,fall_low,spring_high,spring_low,water_year,Oct.Mar,Apr.Jul,WYsum,Index,water_year_type,region,water_year_start,water_year_end,X,Y
419635N1219601W001,1793145,1990-10-02T00:00:00Z,4284.56,4283.76,NA,NA,NA,NA,NA,Measurement Discontinued,NA,NA,1,Department of Water Resources,NA,1,Department of Water Resources,60,383,23466,48N01W34G001M,NA,Unknown,Unknown,1-003,Butte Valley,Siskiyou,383,Irrigation,Unknown,1503,1977-04-06 - 1990-10-02,35,fall,71.5,96.7,NA,NA,1991,3.9,4.01,8.44,4.21,Critical,SAC,1990-10-01T00:00:00Z,1991-10-01T00:00:00Z,-121.96,41.9635
419635N1219601W001,1793144,1990-03-22T00:00:00Z,4284.56,4283.76,NA,NA,NA,NA,NA,Measurement Discontinued,NA,NA,1,Department of Water Resources,NA,1,Department of Water Resources,60,383,23466,48N01W34G001M,NA,Unknown,Unknown,1-003,Butte Valley,Siskiyou,383,Irrigation,Unknown,1503,1977-04-06 - 1990-10-02,35,spring,NA,NA,61.5,74.8,1990,4.94,3.72,9.26,4.81,Critical,SAC,1989-10-01T00:00:00Z,1990-10-01T00:00:00Z,-121.96,41.9635
419635N1219601W001,1793143,1989-10-02T00:00:00Z,4284.56,4283.76,0,78,4206.56,78,77.2,Oil or foreign substance in casing,Unknown,Water level accuracy is unknown,1,Department of Water Resources,NA,1,Department of Water Resources,60,383,23466,48N01W34G001M,NA,Unknown,Unknown,1-003,Butte Valley,Siskiyou,383,Irrigation,Unknown,1503,1977-04-06 - 1990-10-02,35,fall,71.5,96.7,NA,NA,1990,4.94,3.72,9.26,4.81,Critical,SAC,1989-10-01T00:00:00Z,1990-10-01T00:00:00Z,-121.96,41.9635
419635N1219601W001,1793142,1989-03-21T00:00:00Z,4283.76,4283.76,0,74.6,4209.16,74.6,74.6,Oil or foreign substance in casing,Unknown,Water level accuracy is unknown,1,Department of Water Resources,NA,1,Department of Water Resources,60,383,23466,48N01W34G001M,NA,Unknown,Unknown,1-003,Butte Valley,Siskiyou,383,Irrigation,Unknown,1503,1977-04-06 - 1990-10-02,35,spring,NA,NA,61.5,74.8,1989,9.03,5.07,14.82,6.13,Dry,SAC,1988-10-01T00:00:00Z,1989-10-01T00:00:00Z,-121.96,41.9635
419635N1219601W001,1793141,1988-10-25T00:00:00Z,4283.76,4283.76,0,80.1,4203.66,80.1,80.1,Oil or foreign substance in casing,Unknown,Water level accuracy is unknown,1,Department of Water Resources,NA,1,Department of Water Resources,60,383,23466,48N01W34G001M,NA,Unknown,Unknown,1-003,Butte Valley,Siskiyou,383,Irrigation,Unknown,1503,1977-04-06 - 1990-10-02,35,fall,71.5,96.7,NA,NA,1989,9.03,5.07,14.82,6.13,Dry,SAC,1988-10-01T00:00:00Z,1989-10-01T00:00:00Z,-121.96,41.9635
419635N1219601W001,1793140,1988-03-23T00:00:00Z,4283.76,4283.76,0,67.2,4216.56,67.2,67.2,NA,Unknown,Water level accuracy is unknown,1,Department of Water Resources,NA,1,Department of Water Resources,60,383,23466,48N01W34G001M,NA,Unknown,Unknown,1-003,Butte Valley,Siskiyou,383,Irrigation,Unknown,1503,1977-04-06 - 1990-10-02,35,spring,NA,NA,61.5,74.8,1988,5.78,2.9,9.23,4.65,Critical,SAC,1987-10-01T00:00:00Z,1988-10-01T00:00:00Z,-121.96,41.9635
419635N1219601W001,1793139,1987-10-20T00:00:00Z,4283.76,4283.76,0,72.7,4211.06,72.7,72.7,NA,Unknown,Water level accuracy is unknown,1,Department of Water Resources,NA,1,Department of Water Resources,60,383,23466,48N01W34G001M,NA,Unknown,Unknown,1-003,Butte Valley,Siskiyou,383,Irrigation,Unknown,1503,1977-04-06 - 1990-10-02,35,fall,71.5,96.7,NA,NA,1988,5.78,2.9,9.23,4.65,Critical,SAC,1987-10-01T00:00:00Z,1988-10-01T00:00:00Z,-121.96,41.9635
419635N1219601W001,1793138,1987-04-20T00:00:00Z,4283.76,4283.76,0,65,4218.76,65,65,NA,Unknown,Water level accuracy is unknown,1,Department of Water Resources,NA,1,Department of Water Resources,60,383,23466,48N01W34G001M,NA,Unknown,Unknown,1-003,Butte Valley,Siskiyou,383,Irrigation,Unknown,1503,1977-04-06 - 1990-10-02,35,spring,NA,NA,61.5,74.8,1987,5.85,2.8,9.27,5.86,Dry,SAC,1986-10-01T00:00:00Z,1987-10-01T00:00:00Z,-121.96,41.9635
419635N1219601W001,1793137,1986-04-29T00:00:00Z,4283.76,4283.76,0,63.3,4220.46,63.3,63.3,NA,Unknown,Water level accuracy is unknown,1,Department of Water Resources,NA,624,Bureau of Reclamation,60,383,23466,48N01W34G001M,NA,Unknown,Unknown,1-003,Butte Valley,Siskiyou,383,Irrigation,Unknown,1503,1977-04-06 - 1990-10-02,35,spring,NA,NA,61.5,74.8,1986,19.45,5.45,25.83,9.96,Wet,SAC,1985-10-01T00:00:00Z,1986-10-01T00:00:00Z,-121.96,41.9635
419635N1219601W001,1793136,1985-10-16T00:00:00Z,4283.76,4283.76,0,72.8,4210.96,72.8,72.8,NA,Unknown,Water level accuracy is unknown,1,Department of Water Resources,NA,624,Bureau of Reclamation,60,383,23466,48N01W34G001M,NA,Unknown,Unknown,1-003,Butte Valley,Siskiyou,383,Irrigation,Unknown,1503,1977-04-06 - 1990-10-02,35,fall,71.5,96.7,NA,NA,1986,19.45,5.45,25.83,9.96,Wet,SAC,1985-10-01T00:00:00Z,1986-10-01T00:00:00Z,-121.96,41.9635
419635N1219601W001,1793135,1985-04-15T00:00:00Z,4283.76,4283.76,0,63,4220.76,63,63,NA,Unknown,Water level accuracy is unknown,1,Department of Water Resources,NA,624,Bureau of Reclamation,60,383,23466,48N01W34G001M,NA,Unknown,Unknown,1-003,Butte Valley,Siskiyou,383,Irrigation,Unknown,1503,1977-04-06 - 1990-10-02,35,spring,NA,NA,61.5,74.8,1985,6.24,4,11.04,6.47,Dry,SAC,1984-10-01T00:00:00Z,1985-10-01T00:00:00Z,-121.96,41.9635
419635N1219601W001,1793134,1984-10-25T00:00:00Z,4283.76,4283.76,0,71.5,4212.26,71.5,71.5,NA,Unknown,Water level accuracy is unknown,1,Department of Water Resources,NA,624,Bureau of Reclamation,60,383,23466,48N01W34G001M,NA,Unknown,Unknown,1-003,Butte Valley,Siskiyou,383,Irrigation,Unknown,1503,1977-04-06 - 1990-10-02,35,fall,71.5,96.7,NA,NA,1985,6.24,4,11.04,6.47,Dry,SAC,1984-10-01T00:00:00Z,1985-10-01T00:00:00Z,-121.96,41.9635
419635N1219601W001,1793133,1984-04-16T00:00:00Z,4283.76,4283.76,0,62.1,4221.66,62.1,62.1,NA,Unknown,Water level accuracy is unknown,1,Department of Water Resources,NA,624,Bureau of Reclamation,60,383,23466,48N01W34G001M,NA,Unknown,Unknown,1-003,Butte Valley,Siskiyou,383,Irrigation,Unknown,1503,1977-04-06 - 1990-10-02,35,spring,NA,NA,61.5,74.8,1984,15.98,5.52,22.35,10,Wet,SAC,1983-10-01T00:00:00Z,1984-10-01T00:00:00Z,-121.96,41.9635
419635N1219601W001,1793132,1983-10-14T00:00:00Z,4283.76,4283.76,0,73.5,4210.26,73.5,73.5,NA,Unknown,Water level accuracy is unknown,1,Department of Water Resources,NA,624,Bureau of Reclamation,60,383,23466,48N01W34G001M,NA,Unknown,Unknown,1-003,Butte Valley,Siskiyou,383,Irrigation,Unknown,1503,1977-04-06 - 1990-10-02,35,fall,71.5,96.7,NA,NA,1984,15.98,5.52,22.35,10,Wet,SAC,1983-10-01T00:00:00Z,1984-10-01T00:00:00Z,-121.96,41.9635
419635N1219601W001,1793131,1983-05-11T00:00:00Z,4283.76,4283.76,0,64.5,4219.26,64.5,64.5,NA,Unknown,Water level accuracy is unknown,1,Department of Water Resources,NA,624,Bureau of Reclamation,60,383,23466,48N01W34G001M,NA,Unknown,Unknown,1-003,Butte Valley,Siskiyou,383,Irrigation,Unknown,1503,1977-04-06 - 1990-10-02,35,spring,NA,NA,61.5,74.8,1983,22.75,13.66,37.68,15.29,Wet,SAC,1982-10-01T00:00:00Z,1983-10-01T00:00:00Z,-121.96,41.9635
419635N1219601W001,1793130,1982-10-25T00:00:00Z,4283.76,4283.76,0,74.9,4208.86,74.9,74.9,NA,Unknown,Water level accuracy is unknown,1,Department of Water Resources,NA,624,Bureau of Reclamation,60,383,23466,48N01W34G001M,NA,Unknown,Unknown,1-003,Butte Valley,Siskiyou,383,Irrigation,Unknown,1503,1977-04-06 - 1990-10-02,35,fall,71.5,96.7,NA,NA,1983,22.75,13.66,37.68,15.29,Wet,SAC,1982-10-01T00:00:00Z,1983-10-01T00:00:00Z,-121.96,41.9635
419635N1219601W001,1793129,1982-04-21T00:00:00Z,4283.76,4283.76,0,67.1,4216.66,67.1,67.1,NA,Unknown,Water level accuracy is unknown,1,Department of Water Resources,NA,624,Bureau of Reclamation,60,383,23466,48N01W34G001M,NA,Unknown,Unknown,1-003,Butte Valley,Siskiyou,383,Irrigation,Unknown,1503,1977-04-06 - 1990-10-02,35,spring,NA,NA,61.5,74.8,1982,20.56,11.82,33.41,12.76,Wet,SAC,1981-10-01T00:00:00Z,1982-10-01T00:00:00Z,-121.96,41.9635
419635N1219601W001,1793128,1981-10-15T00:00:00Z,4283.76,4283.76,0,79.4,4204.36,79.4,79.4,Oil or foreign substance in casing,Unknown,Water level accuracy is unknown,1,Department of Water Resources,NA,624,Bureau of Reclamation,60,383,23466,48N01W34G001M,NA,Unknown,Unknown,1-003,Butte Valley,Siskiyou,383,Irrigation,Unknown,1503,1977-04-06 - 1990-10-02,35,fall,71.5,96.7,NA,NA,1982,20.56,11.82,33.41,12.76,Wet,SAC,1981-10-01T00:00:00Z,1982-10-01T00:00:00Z,-121.96,41.9635
419635N1219601W001,1793127,1981-04-24T00:00:00Z,4283.76,4283.76,0,66.4,4217.36,66.4,66.4,Oil or foreign substance in casing,Unknown,Water level accuracy is unknown,1,Department of Water Resources,NA,624,Bureau of Reclamation,60,383,23466,48N01W34G001M,NA,Unknown,Unknown,1-003,Butte Valley,Siskiyou,383,Irrigation,Unknown,1503,1977-04-06 - 1990-10-02,35,spring,NA,NA,61.5,74.8,1981,6.81,3.63,11.1,6.21,Dry,SAC,1980-10-01T00:00:00Z,1981-10-01T00:00:00Z,-121.96,41.9635
419635N1219601W001,1793126,1980-10-24T00:00:00Z,4283.76,4283.76,0,75.3,4208.46,75.3,75.3,NA,Unknown,Water level accuracy is unknown,1,Department of Water Resources,NA,624,Bureau of Reclamation,60,383,23466,48N01W34G001M,NA,Unknown,Unknown,1-003,Butte Valley,Siskiyou,383,Irrigation,Unknown,1503,1977-04-06 - 1990-10-02,35,fall,71.5,96.7,NA,NA,1981,6.81,3.63,11.1,6.21,Dry,SAC,1980-10-01T00:00:00Z,1981-10-01T00:00:00Z,-121.96,41.9635
419635N1219601W001,1793125,1980-04-17T00:00:00Z,4283.76,4283.76,0,69.7,4214.06,69.7,69.7,NA,Unknown,Water level accuracy is unknown,1,Department of Water Resources,NA,624,Bureau of Reclamation,60,383,23466,48N01W34G001M,NA,Unknown,Unknown,1-003,Butte Valley,Siskiyou,383,Irrigation,Unknown,1503,1977-04-06 - 1990-10-02,35,spring,NA,NA,61.5,74.8,1980,15.49,6,22.33,9.04,Above Normal,SAC,1979-10-01T00:00:00Z,1980-10-01T00:00:00Z,-121.96,41.9635
419635N1219601W001,1793124,1979-10-12T00:00:00Z,4283.76,4283.76,0,76,4207.76,76,76,NA,Unknown,Water level accuracy is unknown,1,Department of Water Resources,NA,624,Bureau of Reclamation,60,383,23466,48N01W34G001M,NA,Unknown,Unknown,1-003,Butte Valley,Siskiyou,383,Irrigation,Unknown,1503,1977-04-06 - 1990-10-02,35,fall,71.5,96.7,NA,NA,1980,15.49,6,22.33,9.04,Above Normal,SAC,1979-10-01T00:00:00Z,1980-10-01T00:00:00Z,-121.96,41.9635
419635N1219601W001,1793123,1979-04-27T00:00:00Z,4283.76,4283.76,0,61.5,4222.26,61.5,61.5,NA,Unknown,Water level accuracy is unknown,1,Department of Water Resources,NA,624,Bureau of Reclamation,60,383,23466,48N01W34G001M,NA,Unknown,Unknown,1-003,Butte Valley,Siskiyou,383,Irrigation,Unknown,1503,1977-04-06 - 1990-10-02,35,spring,NA,NA,61.5,74.8,1979,6.06,5.64,12.41,6.67,Below Normal,SAC,1978-10-01T00:00:00Z,1979-10-01T00:00:00Z,-121.96,41.9635
419635N1219601W001,1793122,1978-09-18T00:00:00Z,4283.76,4283.76,0,73.5,4210.26,73.5,73.5,NA,Unknown,Water level accuracy is unknown,1,Department of Water Resources,NA,624,Bureau of Reclamation,60,383,23466,48N01W34G001M,NA,Unknown,Unknown,1-003,Butte Valley,Siskiyou,383,Irrigation,Unknown,1503,1977-04-06 - 1990-10-02,35,fall,71.5,96.7,NA,NA,1978,14.9,8.12,23.92,8.65,Above Normal,SAC,1977-10-01T00:00:00Z,1978-10-01T00:00:00Z,-121.96,41.9635
419635N1219601W001,1793121,1978-08-15T00:00:00Z,4283.76,4283.76,NA,NA,NA,NA,NA,Pumping,NA,NA,1,Department of Water Resources,NA,624,Bureau of Reclamation,60,383,23466,48N01W34G001M,NA,Unknown,Unknown,1-003,Butte Valley,Siskiyou,383,Irrigation,Unknown,1503,1977-04-06 - 1990-10-02,35,fall,71.5,96.7,NA,NA,1978,14.9,8.12,23.92,8.65,Above Normal,SAC,1977-10-01T00:00:00Z,1978-10-01T00:00:00Z,-121.96,41.9635
419635N1219601W001,1793120,1978-07-20T00:00:00Z,4283.76,4283.76,0,90,4193.76,90,90,Pumped recently,Unknown,Water level accuracy is unknown,1,Department of Water Resources,NA,624,Bureau of Reclamation,60,383,23466,48N01W34G001M,NA,Unknown,Unknown,1-003,Butte Valley,Siskiyou,383,Irrigation,Unknown,1503,1977-04-06 - 1990-10-02,35,other,NA,NA,NA,NA,1978,14.9,8.12,23.92,8.65,Above Normal,SAC,1977-10-01T00:00:00Z,1978-10-01T00:00:00Z,-121.96,41.9635
419635N1219601W001,1793119,1978-06-16T00:00:00Z,4283.76,4283.76,NA,NA,NA,NA,NA,Pumping,NA,NA,1,Department of Water Resources,NA,624,Bureau of Reclamation,60,383,23466,48N01W34G001M,NA,Unknown,Unknown,1-003,Butte Valley,Siskiyou,383,Irrigation,Unknown,1503,1977-04-06 - 1990-10-02,35,other,NA,NA,NA,NA,1978,14.9,8.12,23.92,8.65,Above Normal,SAC,1977-10-01T00:00:00Z,1978-10-01T00:00:00Z,-121.96,41.9635
419635N1219601W001,1793118,1978-05-12T00:00:00Z,4283.76,4283.76,0,74.8,4208.96,74.8,74.8,NA,Unknown,Water level accuracy is unknown,1,Department of Water Resources,NA,624,Bureau of Reclamation,60,383,23466,48N01W34G001M,NA,Unknown,Unknown,1-003,Butte Valley,Siskiyou,383,Irrigation,Unknown,1503,1977-04-06 - 1990-10-02,35,spring,NA,NA,61.5,74.8,1978,14.9,8.12,23.92,8.65,Above Normal,SAC,1977-10-01T00:00:00Z,1978-10-01T00:00:00Z,-121.96,41.9635
419635N1219601W001,1793117,1978-04-13T00:00:00Z,4283.76,4283.76,0,74.5,4209.26,74.5,74.5,NA,Unknown,Water level accuracy is unknown,1,Department of Water Resources,NA,624,Bureau of Reclamation,60,383,23466,48N01W34G001M,NA,Unknown,Unknown,1-003,Butte Valley,Siskiyou,383,Irrigation,Unknown,1503,1977-04-06 - 1990-10-02,35,spring,NA,NA,61.5,74.8,1978,14.9,8.12,23.92,8.65,Above Normal,SAC,1977-10-01T00:00:00Z,1978-10-01T00:00:00Z,-121.96,41.9635
419635N1219601W001,1793116,1977-10-14T00:00:00Z,4283.76,4283.76,NA,NA,NA,NA,NA,Pumping,NA,NA,1,Department of Water Resources,NA,624,Bureau of Reclamation,60,383,23466,48N01W34G001M,NA,Unknown,Unknown,1-003,Butte Valley,Siskiyou,383,Irrigation,Unknown,1503,1977-04-06 - 1990-10-02,35,fall,71.5,96.7,NA,NA,1978,14.9,8.12,23.92,8.65,Above Normal,SAC,1977-10-01T00:00:00Z,1978-10-01T00:00:00Z,-121.96,41.9635
419635N1219601W001,1793115,1977-09-15T00:00:00Z,4283.76,4283.76,0,96.7,4187.06,96.7,96.7,Other,Unknown,Water level accuracy is unknown,1,Department of Water Resources,NA,624,Bureau of Reclamation,60,383,23466,48N01W34G001M,NA,Unknown,Unknown,1-003,Butte Valley,Siskiyou,383,Irrigation,Unknown,1503,1977-04-06 - 1990-10-02,35,fall,71.5,96.7,NA,NA,1977,2.49,1.93,5.12,3.11,Critical,SAC,1976-10-01T00:00:00Z,1977-10-01T00:00:00Z,-121.96,41.9635
419635N1219601W001,1793114,1977-08-16T00:00:00Z,4283.76,4283.76,NA,NA,NA,NA,NA,Pumping,NA,NA,1,Department of Water Resources,NA,624,Bureau of Reclamation,60,383,23466,48N01W34G001M,NA,Unknown,Unknown,1-003,Butte Valley,Siskiyou,383,Irrigation,Unknown,1503,1977-04-06 - 1990-10-02,35,fall,71.5,96.7,NA,NA,1977,2.49,1.93,5.12,3.11,Critical,SAC,1976-10-01T00:00:00Z,1977-10-01T00:00:00Z,-121.96,41.9635
419635N1219601W001,1793113,1977-07-20T00:00:00Z,4283.76,4283.76,NA,NA,NA,NA,NA,Tape hung up,NA,NA,1,Department of Water Resources,NA,624,Bureau of Reclamation,60,383,23466,48N01W34G001M,NA,Unknown,Unknown,1-003,Butte Valley,Siskiyou,383,Irrigation,Unknown,1503,1977-04-06 - 1990-10-02,35,other,NA,NA,NA,NA,1977,2.49,1.93,5.12,3.11,Critical,SAC,1976-10-01T00:00:00Z,1977-10-01T00:00:00Z,-121.96,41.9635
419635N1219601W001,1793112,1977-06-13T00:00:00Z,4283.76,4283.76,NA,NA,NA,NA,NA,Pumping,NA,NA,1,Department of Water Resources,NA,624,Bureau of Reclamation,60,383,23466,48N01W34G001M,NA,Unknown,Unknown,1-003,Butte Valley,Siskiyou,383,Irrigation,Unknown,1503,1977-04-06 - 1990-10-02,35,other,NA,NA,NA,NA,1977,2.49,1.93,5.12,3.11,Critical,SAC,1976-10-01T00:00:00Z,1977-10-01T00:00:00Z,-121.96,41.9635
419635N1219601W001,1793111,1977-04-06T00:00:00Z,4283.76,4283.76,0,66.2,4217.56,66.2,66.2,NA,Unknown,Water level accuracy is unknown,1,Department of Water Resources,NA,624,Bureau of Reclamation,60,383,23466,48N01W34G001M,NA,Unknown,Unknown,1-003,Butte Valley,Siskiyou,383,Irrigation,Unknown,1503,1977-04-06 - 1990-10-02,35,spring,NA,NA,61.5,74.8,1977,2.49,1.93,5.12,3.11,Critical,SAC,1976-10-01T00:00:00Z,1977-10-01T00:00:00Z,-121.96,41.9635
