SITE_CODE,WLM_ID,MSMT_DATE,WLM_RPE,WLM_GSE,RDNG_WS,RDNG_RP,WSE,RPE_WSE,GSE_WSE,WLM_QA_DESC,WLM_DESC,WLM_ACC_DESC,WLM_ORG_ID,WLM_ORG_NAME,MSMT_CMT,COOP_AGENCY_ORG_ID,COOP_ORG_NAME,TOP_PRF,BOT_PRF,STN_ID,SWN,WELL_NAME,WLM_METHOD,WLM_ACC,BASIN_CODE,BASIN_NAME,COUNTY_NAME,WELL_DEPTH,WELL_USE,WELL_TYPE,WCR_NO,t_range,n_samples,season,fall_high,fall_low,spring_high,spring_low,water_year,Oct.Mar,Apr.Jul,WYsum,Index,water_year_type,region,water_year_start,water_year_end,X,Y
382419N1214831W001,2029736,2014-10-29T13:15:00Z,8.02,6.32,0,10,-1.98,10,8.3,NA,Electric sounder measurement,Water level accuracy to nearest tenth of a foot,1,Department of Water Resources,NA,1,Department of Water Resources,NA,NA,49361,05N04E36H001M,ND-10,GPS,10 ft.,5-021.65,South American,Sacramento,20,Observation,Single Well,NA,2010-01-03 00:00:00 - 2015-01-02 09:00:00,66,fall,6,8.3,NA,NA,2015,6.91,1.77,9.23,4,Critical,SAC,2014-10-01T00:00:00Z,2015-10-01T00:00:00Z,-121.486,38.2411
382419N1214831W001,2111235,2014-10-29T13:15:00Z,8.02,6.32,0,10,-1.98,10,8.3,NA,Electric sounder measurement,Water level accuracy to nearest tenth of a foot,1,Department of Water Resources,NA,1,Department of Water Resources,NA,NA,49361,05N04E36H001M,ND-10,GPS,10 ft.,5-021.65,South American,Sacramento,20,Observation,Single Well,NA,2010-01-03 00:00:00 - 2015-01-02 09:00:00,66,fall,6,8.3,NA,NA,2015,6.91,1.77,9.23,4,Critical,SAC,2014-10-01T00:00:00Z,2015-10-01T00:00:00Z,-121.486,38.2411
382419N1214831W001,2111234,2014-09-16T12:20:00Z,8.02,6.32,0,9.1,-1.08,9.1,7.4,NA,Electric sounder measurement,Water level accuracy to nearest tenth of a foot,1,Department of Water Resources,NA,1,Department of Water Resources,NA,NA,49361,05N04E36H001M,ND-10,GPS,10 ft.,5-021.65,South American,Sacramento,20,Observation,Single Well,NA,2010-01-03 00:00:00 - 2015-01-02 09:00:00,66,fall,6,8.3,NA,NA,2014,4.29,2.59,7.46,4.07,Critical,SAC,2013-10-01T00:00:00Z,2014-10-01T00:00:00Z,-121.486,38.2411
382419N1214831W001,2111220,2013-07-15T08:45:00Z,8.02,6.32,0,8.9,-0.88,8.9,7.2,NA,Electric sounder measurement,Water level accuracy to nearest tenth of a foot,1,Department of Water Resources,NA,1,Department of Water Resources,NA,NA,49361,05N04E36H001M,ND-10,GPS,10 ft.,5-021.65,South American,Sacramento,20,Observation,Single Well,NA,2010-01-03 00:00:00 - 2015-01-02 09:00:00,66,other,NA,NA,NA,NA,2013,8.52,3.01,12.19,5.83,Dry,SAC,2012-10-01T00:00:00Z,2013-10-01T00:00:00Z,-121.486,38.2411
382419N1214831W001,2111209,2012-08-24T10:45:00Z,8.02,6.32,0,7.9,0.12,7.9,6.2,NA,Electric sounder measurement,Water level accuracy to nearest tenth of a foot,1,Department of Water Resources,NA,1,Department of Water Resources,NA,NA,49361,05N04E36H001M,ND-10,GPS,10 ft.,5-021.65,South American,Sacramento,20,Observation,Single Well,NA,2010-01-03 00:00:00 - 2015-01-02 09:00:00,66,fall,6,8.3,NA,NA,2012,5.69,5.46,11.84,6.89,Below Normal,SAC,2011-10-01T00:00:00Z,2012-10-01T00:00:00Z,-121.486,38.2411
382419N1214831W001,2111208,2012-07-23T10:55:00Z,8.02,6.32,0,7.6,0.42,7.6,5.9,NA,Electric sounder measurement,Water level accuracy to nearest tenth of a foot,1,Department of Water Resources,NA,1,Department of Water Resources,NA,NA,49361,05N04E36H001M,ND-10,GPS,10 ft.,5-021.65,South American,Sacramento,20,Observation,Single Well,NA,2010-01-03 00:00:00 - 2015-01-02 09:00:00,66,other,NA,NA,NA,NA,2012,5.69,5.46,11.84,6.89,Below Normal,SAC,2011-10-01T00:00:00Z,2012-10-01T00:00:00Z,-121.486,38.2411
382419N1214831W001,2111207,2012-06-26T09:50:00Z,8.02,6.32,0,7.8,0.22,7.8,6.1,NA,Electric sounder measurement,Water level accuracy to nearest tenth of a foot,1,Department of Water Resources,NA,1,Department of Water Resources,NA,NA,49361,05N04E36H001M,ND-10,GPS,10 ft.,5-021.65,South American,Sacramento,20,Observation,Single Well,NA,2010-01-03 00:00:00 - 2015-01-02 09:00:00,66,other,NA,NA,NA,NA,2012,5.69,5.46,11.84,6.89,Below Normal,SAC,2011-10-01T00:00:00Z,2012-10-01T00:00:00Z,-121.486,38.2411
382419N1214831W001,2111203,2012-02-15T10:00:00Z,8.02,6.32,0,7.8,0.22,7.8,6.1,NA,Electric sounder measurement,Water level accuracy to nearest tenth of a foot,1,Department of Water Resources,NA,1,Department of Water Resources,NA,NA,49361,05N04E36H001M,ND-10,GPS,10 ft.,5-021.65,South American,Sacramento,20,Observation,Single Well,NA,2010-01-03 00:00:00 - 2015-01-02 09:00:00,66,other,NA,NA,NA,NA,2012,5.69,5.46,11.84,6.89,Below Normal,SAC,2011-10-01T00:00:00Z,2012-10-01T00:00:00Z,-121.486,38.2411
382419N1214831W001,2111202,2012-01-18T10:50:00Z,8.02,6.32,0,7.8,0.22,7.8,6.1,NA,Electric sounder measurement,Water level accuracy to nearest tenth of a foot,1,Department of Water Resources,NA,1,Department of Water Resources,NA,NA,49361,05N04E36H001M,ND-10,GPS,10 ft.,5-021.65,South American,Sacramento,20,Observation,Single Well,NA,2010-01-03 00:00:00 - 2015-01-02 09:00:00,66,other,NA,NA,NA,NA,2012,5.69,5.46,11.84,6.89,Below Normal,SAC,2011-10-01T00:00:00Z,2012-10-01T00:00:00Z,-121.486,38.2411
382419N1214831W001,2111186,2010-09-27T13:00:00Z,8.02,6.32,0,8.5,-0.48,8.5,6.8,NA,Electric sounder measurement,Water level accuracy to nearest tenth of a foot,1,Department of Water Resources,NA,1,Department of Water Resources,NA,NA,49361,05N04E36H001M,ND-10,GPS,10 ft.,5-021.65,South American,Sacramento,20,Observation,Single Well,NA,2010-01-03 00:00:00 - 2015-01-02 09:00:00,66,fall,6,8.3,NA,NA,2010,7.45,7.78,16.01,7.08,Below Normal,SAC,2009-10-01T00:00:00Z,2010-10-01T00:00:00Z,-121.486,38.2411
382419N1214831W001,2111185,2010-08-23T13:45:00Z,8.02,6.32,0,7.7,0.32,7.7,6,NA,Electric sounder measurement,Water level accuracy to nearest tenth of a foot,1,Department of Water Resources,NA,1,Department of Water Resources,NA,NA,49361,05N04E36H001M,ND-10,GPS,10 ft.,5-021.65,South American,Sacramento,20,Observation,Single Well,NA,2010-01-03 00:00:00 - 2015-01-02 09:00:00,66,fall,6,8.3,NA,NA,2010,7.45,7.78,16.01,7.08,Below Normal,SAC,2009-10-01T00:00:00Z,2010-10-01T00:00:00Z,-121.486,38.2411
382419N1214831W001,2111184,2010-07-19T10:30:00Z,8.02,6.32,0,7.7,0.32,7.7,6,NA,Electric sounder measurement,Water level accuracy to nearest tenth of a foot,1,Department of Water Resources,NA,1,Department of Water Resources,NA,NA,49361,05N04E36H001M,ND-10,GPS,10 ft.,5-021.65,South American,Sacramento,20,Observation,Single Well,NA,2010-01-03 00:00:00 - 2015-01-02 09:00:00,66,other,NA,NA,NA,NA,2010,7.45,7.78,16.01,7.08,Below Normal,SAC,2009-10-01T00:00:00Z,2010-10-01T00:00:00Z,-121.486,38.2411
