STN_ID.x,SITE_CODE,WLM_ID,MSMT_DATE,WLM_RPE,WLM_GSE,RDNG_WS,RDNG_RP,WSE,RPE_WSE,GSE_WSE,WLM_QA_DESC,WLM_DESC,WLM_ACC_DESC,WLM_ORG_ID,WLM_ORG_NAME,MSMT_CMT,COOP_AGENCY_ORG_ID,COOP_ORG_NAME,STN_ID.y,TOP_PRF,BOT_PRF,STN_ID,SWN,WELL_NAME,WLM_METHOD,WLM_ACC,BASIN_CODE,BASIN_NAME,COUNTY_NAME,WELL_DEPTH,WELL_USE,WELL_TYPE,WCR_NO,t_range,n_samples
49358,382471N1214811W002,2029733,2014-10-29T12:55:00Z,5.12,4.12,0,9.7,-4.58,9.7,8.7,NA,Electric sounder measurement,Water level accuracy to nearest tenth of a foot,1,Department of Water Resources,NA,1,Department of Water Resources,NA,NA,NA,49358,05N05E31D004M,05N05E31D004M,GPS,10 ft.,5-021.65,South American,Sacramento,100,Observation,Part of a nested/multi-completion well,NA,2010-01-03 00:00:00 - 2015-01-02 09:00:00,66
49358,382471N1214811W002,2111112,2014-10-29T12:55:00Z,5.12,4.12,0,9.7,-4.58,9.7,8.7,NA,Electric sounder measurement,Water level accuracy to nearest tenth of a foot,1,Department of Water Resources,NA,1,Department of Water Resources,NA,NA,NA,49358,05N05E31D004M,05N05E31D004M,GPS,10 ft.,5-021.65,South American,Sacramento,100,Observation,Part of a nested/multi-completion well,NA,2010-01-03 00:00:00 - 2015-01-02 09:00:00,66
49358,382471N1214811W002,2111111,2014-09-16T11:10:00Z,5.12,4.12,0,9.1,-3.98,9.1,8.1,NA,Electric sounder measurement,Water level accuracy to nearest tenth of a foot,1,Department of Water Resources,NA,1,Department of Water Resources,NA,NA,NA,49358,05N05E31D004M,05N05E31D004M,GPS,10 ft.,5-021.65,South American,Sacramento,100,Observation,Part of a nested/multi-completion well,NA,2010-01-03 00:00:00 - 2015-01-02 09:00:00,66
49358,382471N1214811W002,2111109,2014-07-10T10:00:00Z,5.12,4.12,0,7.2,-2.08,7.2,6.2,NA,Electric sounder measurement,Water level accuracy to nearest tenth of a foot,1,Department of Water Resources,NA,1,Department of Water Resources,NA,NA,NA,49358,05N05E31D004M,05N05E31D004M,GPS,10 ft.,5-021.65,South American,Sacramento,100,Observation,Part of a nested/multi-completion well,NA,2010-01-03 00:00:00 - 2015-01-02 09:00:00,66
49358,382471N1214811W002,1992295,2014-07-10T10:00:00Z,5.12,4.12,0,8,-2.88,8,7,NA,Electric sounder measurement,Water level accuracy to nearest tenth of a foot,1,Department of Water Resources,NA,1,Department of Water Resources,NA,NA,NA,49358,05N05E31D004M,05N05E31D004M,GPS,10 ft.,5-021.65,South American,Sacramento,100,Observation,Part of a nested/multi-completion well,NA,2010-01-03 00:00:00 - 2015-01-02 09:00:00,66
49358,382471N1214811W002,2111108,2014-06-16T09:20:00Z,5.12,4.12,0,5.7,-0.58,5.7,4.7,NA,Electric sounder measurement,Water level accuracy to nearest tenth of a foot,1,Department of Water Resources,NA,1,Department of Water Resources,NA,NA,NA,49358,05N05E31D004M,05N05E31D004M,GPS,10 ft.,5-021.65,South American,Sacramento,100,Observation,Part of a nested/multi-completion well,NA,2010-01-03 00:00:00 - 2015-01-02 09:00:00,66
49358,382471N1214811W002,2111107,2014-05-19T10:15:00Z,5.12,4.12,0,7.9,-2.78,7.9,6.9,NA,Electric sounder measurement,Water level accuracy to nearest tenth of a foot,1,Department of Water Resources,NA,1,Department of Water Resources,NA,NA,NA,49358,05N05E31D004M,05N05E31D004M,GPS,10 ft.,5-021.65,South American,Sacramento,100,Observation,Part of a nested/multi-completion well,NA,2010-01-03 00:00:00 - 2015-01-02 09:00:00,66
49358,382471N1214811W002,1986433,2014-05-19T10:15:00Z,5.12,4.12,0,7.9,-2.78,7.9,6.9,NA,Electric sounder measurement,Water level accuracy to nearest tenth of a foot,1,Department of Water Resources,NA,1,Department of Water Resources,NA,NA,NA,49358,05N05E31D004M,05N05E31D004M,GPS,10 ft.,5-021.65,South American,Sacramento,100,Observation,Part of a nested/multi-completion well,NA,2010-01-03 00:00:00 - 2015-01-02 09:00:00,66
49358,382471N1214811W002,1976837,2014-04-22T10:45:00Z,5.12,4.12,0,7.6,-2.48,7.6,6.6,NA,Electric sounder measurement,Water level accuracy to nearest tenth of a foot,1,Department of Water Resources,NA,1,Department of Water Resources,NA,NA,NA,49358,05N05E31D004M,05N05E31D004M,GPS,10 ft.,5-021.65,South American,Sacramento,100,Observation,Part of a nested/multi-completion well,NA,2010-01-03 00:00:00 - 2015-01-02 09:00:00,66
49358,382471N1214811W002,2111106,2014-04-22T10:45:00Z,5.12,4.12,0,7.6,-2.48,7.6,6.6,NA,Electric sounder measurement,Water level accuracy to nearest tenth of a foot,1,Department of Water Resources,NA,1,Department of Water Resources,NA,NA,NA,49358,05N05E31D004M,05N05E31D004M,GPS,10 ft.,5-021.65,South American,Sacramento,100,Observation,Part of a nested/multi-completion well,NA,2010-01-03 00:00:00 - 2015-01-02 09:00:00,66
49358,382471N1214811W002,1884068,2014-03-24T09:30:00Z,5.12,4.12,0,7.5,-2.38,7.5,6.5,NA,Electric sounder measurement,Water level accuracy to nearest tenth of a foot,1,Department of Water Resources,NA,1,Department of Water Resources,NA,NA,NA,49358,05N05E31D004M,05N05E31D004M,GPS,10 ft.,5-021.65,South American,Sacramento,100,Observation,Part of a nested/multi-completion well,NA,2010-01-03 00:00:00 - 2015-01-02 09:00:00,66
49358,382471N1214811W002,2111105,2014-03-24T09:30:00Z,5.12,4.12,0,7.5,-2.38,7.5,6.5,NA,Electric sounder measurement,Water level accuracy to nearest tenth of a foot,1,Department of Water Resources,NA,1,Department of Water Resources,NA,NA,NA,49358,05N05E31D004M,05N05E31D004M,GPS,10 ft.,5-021.65,South American,Sacramento,100,Observation,Part of a nested/multi-completion well,NA,2010-01-03 00:00:00 - 2015-01-02 09:00:00,66
49358,382471N1214811W002,2111085,2013-07-23T10:35:00Z,5.12,4.12,0,7.6,-2.48,7.6,6.6,NA,Electric sounder measurement,Water level accuracy to nearest tenth of a foot,1,Department of Water Resources,NA,1,Department of Water Resources,NA,NA,NA,49358,05N05E31D004M,05N05E31D004M,GPS,10 ft.,5-021.65,South American,Sacramento,100,Observation,Part of a nested/multi-completion well,NA,2010-01-03 00:00:00 - 2015-01-02 09:00:00,66
49358,382471N1214811W002,2111097,2013-07-15T08:25:00Z,5.12,4.12,0,8,-2.88,8,7,NA,Electric sounder measurement,Water level accuracy to nearest tenth of a foot,1,Department of Water Resources,NA,1,Department of Water Resources,NA,NA,NA,49358,05N05E31D004M,05N05E31D004M,GPS,10 ft.,5-021.65,South American,Sacramento,100,Observation,Part of a nested/multi-completion well,NA,2010-01-03 00:00:00 - 2015-01-02 09:00:00,66
49358,382471N1214811W002,2111096,2013-06-13T09:30:00Z,5.12,4.12,0,8.8,-3.68,8.8,7.8,NA,Electric sounder measurement,Water level accuracy to nearest tenth of a foot,1,Department of Water Resources,NA,1,Department of Water Resources,NA,NA,NA,49358,05N05E31D004M,05N05E31D004M,GPS,10 ft.,5-021.65,South American,Sacramento,100,Observation,Part of a nested/multi-completion well,NA,2010-01-03 00:00:00 - 2015-01-02 09:00:00,66
49358,382471N1214811W002,2111086,2012-08-24T10:30:00Z,5.12,4.12,0,7.8,-2.68,7.8,6.8,NA,Electric sounder measurement,Water level accuracy to nearest tenth of a foot,1,Department of Water Resources,NA,1,Department of Water Resources,NA,NA,NA,49358,05N05E31D004M,05N05E31D004M,GPS,10 ft.,5-021.65,South American,Sacramento,100,Observation,Part of a nested/multi-completion well,NA,2010-01-03 00:00:00 - 2015-01-02 09:00:00,66
49358,382471N1214811W002,2111084,2012-06-26T09:35:00Z,5.12,4.12,0,7.6,-2.48,7.6,6.6,NA,Electric sounder measurement,Water level accuracy to nearest tenth of a foot,1,Department of Water Resources,NA,1,Department of Water Resources,NA,NA,NA,49358,05N05E31D004M,05N05E31D004M,GPS,10 ft.,5-021.65,South American,Sacramento,100,Observation,Part of a nested/multi-completion well,NA,2010-01-03 00:00:00 - 2015-01-02 09:00:00,66
49358,382471N1214811W002,2111083,2012-05-28T09:05:00Z,5.12,4.12,0,7.5,-2.38,7.5,6.5,NA,Electric sounder measurement,Water level accuracy to nearest tenth of a foot,1,Department of Water Resources,NA,1,Department of Water Resources,NA,NA,NA,49358,05N05E31D004M,05N05E31D004M,GPS,10 ft.,5-021.65,South American,Sacramento,100,Observation,Part of a nested/multi-completion well,NA,2010-01-03 00:00:00 - 2015-01-02 09:00:00,66
49358,382471N1214811W002,2111080,2012-02-15T09:50:00Z,5.12,4.12,0,7.8,-2.68,7.8,6.8,NA,Electric sounder measurement,Water level accuracy to nearest tenth of a foot,1,Department of Water Resources,NA,1,Department of Water Resources,NA,NA,NA,49358,05N05E31D004M,05N05E31D004M,GPS,10 ft.,5-021.65,South American,Sacramento,100,Observation,Part of a nested/multi-completion well,NA,2010-01-03 00:00:00 - 2015-01-02 09:00:00,66
49358,382471N1214811W002,2111079,2012-01-18T10:30:00Z,5.12,4.12,0,8.5,-3.38,8.5,7.5,NA,Electric sounder measurement,Water level accuracy to nearest tenth of a foot,1,Department of Water Resources,NA,1,Department of Water Resources,NA,NA,NA,49358,05N05E31D004M,05N05E31D004M,GPS,10 ft.,5-021.65,South American,Sacramento,100,Observation,Part of a nested/multi-completion well,NA,2010-01-03 00:00:00 - 2015-01-02 09:00:00,66
49358,382471N1214811W002,2111076,2011-10-24T10:35:00Z,5.12,4.12,0,8.2,-3.08,8.2,7.2,NA,Electric sounder measurement,Water level accuracy to nearest tenth of a foot,1,Department of Water Resources,NA,1,Department of Water Resources,NA,NA,NA,49358,05N05E31D004M,05N05E31D004M,GPS,10 ft.,5-021.65,South American,Sacramento,100,Observation,Part of a nested/multi-completion well,NA,2010-01-03 00:00:00 - 2015-01-02 09:00:00,66
49358,382471N1214811W002,2111075,2011-09-14T12:30:00Z,5.12,4.12,0,7.7,-2.58,7.7,6.7,NA,Electric sounder measurement,Water level accuracy to nearest tenth of a foot,1,Department of Water Resources,NA,1,Department of Water Resources,NA,NA,NA,49358,05N05E31D004M,05N05E31D004M,GPS,10 ft.,5-021.65,South American,Sacramento,100,Observation,Part of a nested/multi-completion well,NA,2010-01-03 00:00:00 - 2015-01-02 09:00:00,66
49358,382471N1214811W002,2111074,2011-08-15T08:55:00Z,5.12,4.12,0,7.7,-2.58,7.7,6.7,NA,Electric sounder measurement,Water level accuracy to nearest tenth of a foot,1,Department of Water Resources,NA,1,Department of Water Resources,NA,NA,NA,49358,05N05E31D004M,05N05E31D004M,GPS,10 ft.,5-021.65,South American,Sacramento,100,Observation,Part of a nested/multi-completion well,NA,2010-01-03 00:00:00 - 2015-01-02 09:00:00,66
49358,382471N1214811W002,2111072,2011-06-21T10:00:00Z,5.12,4.12,0,7.1,-1.98,7.1,6.1,NA,Electric sounder measurement,Water level accuracy to nearest tenth of a foot,1,Department of Water Resources,NA,1,Department of Water Resources,NA,NA,NA,49358,05N05E31D004M,05N05E31D004M,GPS,10 ft.,5-021.65,South American,Sacramento,100,Observation,Part of a nested/multi-completion well,NA,2010-01-03 00:00:00 - 2015-01-02 09:00:00,66
49358,382471N1214811W002,2111063,2010-09-27T10:00:00Z,5.12,4.12,0,8,-2.88,8,7,NA,Electric sounder measurement,Water level accuracy to nearest tenth of a foot,1,Department of Water Resources,NA,1,Department of Water Resources,NA,NA,NA,49358,05N05E31D004M,05N05E31D004M,GPS,10 ft.,5-021.65,South American,Sacramento,100,Observation,Part of a nested/multi-completion well,NA,2010-01-03 00:00:00 - 2015-01-02 09:00:00,66
49358,382471N1214811W002,2111062,2010-08-23T13:30:00Z,5.12,4.12,0,7.9,-2.78,7.9,6.9,NA,Electric sounder measurement,Water level accuracy to nearest tenth of a foot,1,Department of Water Resources,NA,1,Department of Water Resources,NA,NA,NA,49358,05N05E31D004M,05N05E31D004M,GPS,10 ft.,5-021.65,South American,Sacramento,100,Observation,Part of a nested/multi-completion well,NA,2010-01-03 00:00:00 - 2015-01-02 09:00:00,66
49358,382471N1214811W002,2111061,2010-07-19T10:10:00Z,5.12,4.12,0,7.6,-2.48,7.6,6.6,NA,Electric sounder measurement,Water level accuracy to nearest tenth of a foot,1,Department of Water Resources,NA,1,Department of Water Resources,NA,NA,NA,49358,05N05E31D004M,05N05E31D004M,GPS,10 ft.,5-021.65,South American,Sacramento,100,Observation,Part of a nested/multi-completion well,NA,2010-01-03 00:00:00 - 2015-01-02 09:00:00,66
49358,382471N1214811W002,2111060,2010-06-28T12:00:00Z,5.12,4.12,0,7.8,-2.68,7.8,6.8,NA,Electric sounder measurement,Water level accuracy to nearest tenth of a foot,1,Department of Water Resources,NA,1,Department of Water Resources,NA,NA,NA,49358,05N05E31D004M,05N05E31D004M,GPS,10 ft.,5-021.65,South American,Sacramento,100,Observation,Part of a nested/multi-completion well,NA,2010-01-03 00:00:00 - 2015-01-02 09:00:00,66
49358,382471N1214811W002,2111056,2010-02-22T10:35:00Z,5.12,4.12,0,6.8,-1.68,6.8,5.8,NA,Electric sounder measurement,Water level accuracy to nearest tenth of a foot,1,Department of Water Resources,NA,1,Department of Water Resources,NA,NA,NA,49358,05N05E31D004M,05N05E31D004M,GPS,10 ft.,5-021.65,South American,Sacramento,100,Observation,Part of a nested/multi-completion well,NA,2010-01-03 00:00:00 - 2015-01-02 09:00:00,66
