STN_ID.x,SITE_CODE,WLM_ID,MSMT_DATE,WLM_RPE,WLM_GSE,RDNG_WS,RDNG_RP,WSE,RPE_WSE,GSE_WSE,WLM_QA_DESC,WLM_DESC,WLM_ACC_DESC,WLM_ORG_ID,WLM_ORG_NAME,MSMT_CMT,COOP_AGENCY_ORG_ID,COOP_ORG_NAME,STN_ID.y,TOP_PRF,BOT_PRF,STN_ID,SWN,WELL_NAME,WLM_METHOD,WLM_ACC,BASIN_CODE,BASIN_NAME,COUNTY_NAME,WELL_DEPTH,WELL_USE,WELL_TYPE,WCR_NO,t_range,n_samples
7464,382742N1214193W001,2230642,2017-01-23T00:00:00Z,20.25,14.35,0,30.4,-10.15,30.4,24.5,NA,Electric sounder measurement,Water level accuracy to nearest tenth of a foot,1,Department of Water Resources,NA,1,Department of Water Resources,NA,NA,NA,7464,05N05E22B001M,05N05E22B001M,Unknown,Unknown,5-021.65,South American,Sacramento,NA,Residential,Single Well,NA,2012-03-26 - 2017-03-01,55
7464,382742N1214193W001,2223588,2016-12-05T00:00:00Z,20.25,14.35,0,33.7,-13.45,33.7,27.8,NA,Electric sounder measurement,Water level accuracy to nearest tenth of a foot,1,Department of Water Resources,NA,1,Department of Water Resources,NA,NA,NA,7464,05N05E22B001M,05N05E22B001M,Unknown,Unknown,5-021.65,South American,Sacramento,NA,Residential,Single Well,NA,2012-03-26 - 2017-03-01,55
7464,382742N1214193W001,2220318,2016-11-08T00:00:00Z,20.25,14.35,0,34,-13.75,34,28.1,NA,Electric sounder measurement,Water level accuracy to nearest tenth of a foot,1,Department of Water Resources,NA,1,Department of Water Resources,NA,NA,NA,7464,05N05E22B001M,05N05E22B001M,Unknown,Unknown,5-021.65,South American,Sacramento,NA,Residential,Single Well,NA,2012-03-26 - 2017-03-01,55
7464,382742N1214193W001,2214288,2016-10-05T00:00:00Z,20.25,14.35,0,34.4,-14.15,34.4,28.5,NA,Electric sounder measurement,Water level accuracy to nearest tenth of a foot,1,Department of Water Resources,NA,1,Department of Water Resources,NA,NA,NA,7464,05N05E22B001M,05N05E22B001M,Unknown,Unknown,5-021.65,South American,Sacramento,NA,Residential,Single Well,NA,2012-03-26 - 2017-03-01,55
7464,382742N1214193W001,2211350,2016-09-07T00:00:00Z,20.25,14.35,0,36.2,-15.95,36.2,30.3,NA,Electric sounder measurement,Water level accuracy to nearest tenth of a foot,1,Department of Water Resources,NA,1,Department of Water Resources,NA,NA,NA,7464,05N05E22B001M,05N05E22B001M,Unknown,Unknown,5-021.65,South American,Sacramento,NA,Residential,Single Well,NA,2012-03-26 - 2017-03-01,55
7464,382742N1214193W001,2211362,2016-08-10T00:00:00Z,20.25,14.35,0,35.9,-15.65,35.9,30,NA,Electric sounder measurement,Water level accuracy to nearest tenth of a foot,1,Department of Water Resources,NA,1,Department of Water Resources,NA,NA,NA,7464,05N05E22B001M,05N05E22B001M,Unknown,Unknown,5-021.65,South American,Sacramento,NA,Residential,Single Well,NA,2012-03-26 - 2017-03-01,55
7464,382742N1214193W001,2201502,2016-07-12T00:00:00Z,20.25,14.35,0,35.4,-15.15,35.4,29.5,NA,Electric sounder measurement,Water level accuracy to nearest tenth of a foot,1,Department of Water Resources,NA,1,Department of Water Resources,NA,NA,NA,7464,05N05E22B001M,05N05E22B001M,Unknown,Unknown,5-021.65,South American,Sacramento,NA,Residential,Single Well,NA,2012-03-26 - 2017-03-01,55
7464,382742N1214193W001,2199229,2016-06-22T00:00:00Z,20.25,14.35,0,34.5,-14.25,34.5,28.6,NA,Electric sounder measurement,Water level accuracy to nearest tenth of a foot,1,Department of Water Resources,NA,1,Department of Water Resources,NA,NA,NA,7464,05N05E22B001M,05N05E22B001M,Unknown,Unknown,5-021.65,South American,Sacramento,NA,Residential,Single Well,NA,2012-03-26 - 2017-03-01,55
7464,382742N1214193W001,2196995,2016-05-17T00:00:00Z,20.25,14.35,0,29.6,-9.35,29.6,23.7,NA,Electric sounder measurement,Water level accuracy to nearest tenth of a foot,1,Department of Water Resources,NA,1,Department of Water Resources,NA,NA,NA,7464,05N05E22B001M,05N05E22B001M,Unknown,Unknown,5-021.65,South American,Sacramento,NA,Residential,Single Well,NA,2012-03-26 - 2017-03-01,55
7464,382742N1214193W001,2192061,2016-04-12T00:00:00Z,20.25,14.35,0,28.6,-8.35,28.6,22.7,NA,Electric sounder measurement,Water level accuracy to nearest tenth of a foot,1,Department of Water Resources,NA,1,Department of Water Resources,NA,NA,NA,7464,05N05E22B001M,05N05E22B001M,Unknown,Unknown,5-021.65,South American,Sacramento,NA,Residential,Single Well,NA,2012-03-26 - 2017-03-01,55
7464,382742N1214193W001,2185736,2016-03-03T00:00:00Z,20.25,14.35,0,29.5,-9.25,29.5,23.6,NA,Electric sounder measurement,Water level accuracy to nearest tenth of a foot,1,Department of Water Resources,NA,1,Department of Water Resources,NA,NA,NA,7464,05N05E22B001M,05N05E22B001M,Unknown,Unknown,5-021.65,South American,Sacramento,NA,Residential,Single Well,NA,2012-03-26 - 2017-03-01,55
7464,382742N1214193W001,2182861,2016-02-08T00:00:00Z,20.25,14.35,0,31.7,-11.45,31.7,25.8,NA,Electric sounder measurement,Water level accuracy to nearest tenth of a foot,1,Department of Water Resources,NA,1,Department of Water Resources,NA,NA,NA,7464,05N05E22B001M,05N05E22B001M,Unknown,Unknown,5-021.65,South American,Sacramento,NA,Residential,Single Well,NA,2012-03-26 - 2017-03-01,55
7464,382742N1214193W001,2182849,2016-02-03T00:00:00Z,20.25,14.35,0,31.7,-11.45,31.7,25.8,NA,Electric sounder measurement,Water level accuracy to nearest tenth of a foot,1,Department of Water Resources,NA,1,Department of Water Resources,NA,NA,NA,7464,05N05E22B001M,05N05E22B001M,Unknown,Unknown,5-021.65,South American,Sacramento,NA,Residential,Single Well,NA,2012-03-26 - 2017-03-01,55
7464,382742N1214193W001,2181032,2016-01-12T00:00:00Z,20.25,14.35,0,33.5,-13.25,33.5,27.6,NA,Electric sounder measurement,Water level accuracy to nearest tenth of a foot,1,Department of Water Resources,NA,1,Department of Water Resources,NA,NA,NA,7464,05N05E22B001M,05N05E22B001M,Unknown,Unknown,5-021.65,South American,Sacramento,NA,Residential,Single Well,NA,2012-03-26 - 2017-03-01,55
7464,382742N1214193W001,2177536,2015-12-17T00:00:00Z,20.25,14.35,0,35,-14.75,35,29.1,NA,Electric sounder measurement,Water level accuracy to nearest tenth of a foot,1,Department of Water Resources,NA,1,Department of Water Resources,NA,NA,NA,7464,05N05E22B001M,05N05E22B001M,Unknown,Unknown,5-021.65,South American,Sacramento,NA,Residential,Single Well,NA,2012-03-26 - 2017-03-01,55
7464,382742N1214193W001,2175663,2015-11-17T00:00:00Z,20.25,14.35,0,35.1,-14.85,35.1,29.2,NA,Electric sounder measurement,Water level accuracy to nearest tenth of a foot,1,Department of Water Resources,NA,1,Department of Water Resources,NA,NA,NA,7464,05N05E22B001M,05N05E22B001M,Unknown,Unknown,5-021.65,South American,Sacramento,NA,Residential,Single Well,NA,2012-03-26 - 2017-03-01,55
7464,382742N1214193W001,2157831,2015-10-06T00:00:00Z,20.25,14.35,0,35.2,-14.95,35.2,29.3,NA,Electric sounder measurement,Water level accuracy to nearest tenth of a foot,1,Department of Water Resources,NA,1,Department of Water Resources,NA,NA,NA,7464,05N05E22B001M,05N05E22B001M,Unknown,Unknown,5-021.65,South American,Sacramento,NA,Residential,Single Well,NA,2012-03-26 - 2017-03-01,55
7464,382742N1214193W001,2143853,2015-07-06T00:00:00Z,20.25,14.35,0,36.7,-16.45,36.7,30.8,NA,Electric sounder measurement,Water level accuracy to nearest tenth of a foot,1,Department of Water Resources,NA,1,Department of Water Resources,NA,NA,NA,7464,05N05E22B001M,05N05E22B001M,Unknown,Unknown,5-021.65,South American,Sacramento,NA,Residential,Single Well,NA,2012-03-26 - 2017-03-01,55
7464,382742N1214193W001,2143286,2015-06-24T00:00:00Z,20.25,14.35,0,30.4,-10.15,30.4,24.5,NA,Electric sounder measurement,Water level accuracy to nearest tenth of a foot,1,Department of Water Resources,NA,1,Department of Water Resources,NA,NA,NA,7464,05N05E22B001M,05N05E22B001M,Unknown,Unknown,5-021.65,South American,Sacramento,NA,Residential,Single Well,NA,2012-03-26 - 2017-03-01,55
7464,382742N1214193W001,2139358,2015-05-20T00:00:00Z,20.25,14.35,0,30.6,-10.35,30.6,24.7,NA,Electric sounder measurement,Water level accuracy to nearest tenth of a foot,1,Department of Water Resources,NA,1,Department of Water Resources,NA,NA,NA,7464,05N05E22B001M,05N05E22B001M,Unknown,Unknown,5-021.65,South American,Sacramento,NA,Residential,Single Well,NA,2012-03-26 - 2017-03-01,55
7464,382742N1214193W001,2135978,2015-04-22T00:00:00Z,20.25,14.35,0,29.8,-9.55,29.8,23.9,NA,Electric sounder measurement,Water level accuracy to nearest tenth of a foot,1,Department of Water Resources,NA,1,Department of Water Resources,NA,NA,NA,7464,05N05E22B001M,05N05E22B001M,Unknown,Unknown,5-021.65,South American,Sacramento,NA,Residential,Single Well,NA,2012-03-26 - 2017-03-01,55
7464,382742N1214193W001,2115221,2015-02-24T00:00:00Z,20.25,14.35,0,30.3,-10.05,30.3,24.4,NA,Electric sounder measurement,Water level accuracy to nearest tenth of a foot,1,Department of Water Resources,NA,1,Department of Water Resources,NA,NA,NA,7464,05N05E22B001M,05N05E22B001M,Unknown,Unknown,5-021.65,South American,Sacramento,NA,Residential,Single Well,NA,2012-03-26 - 2017-03-01,55
7464,382742N1214193W001,2113497,2015-01-29T00:00:00Z,20.25,14.35,0,30.5,-10.25,30.5,24.6,NA,Electric sounder measurement,Water level accuracy to nearest tenth of a foot,1,Department of Water Resources,NA,1,Department of Water Resources,NA,NA,NA,7464,05N05E22B001M,05N05E22B001M,Unknown,Unknown,5-021.65,South American,Sacramento,NA,Residential,Single Well,NA,2012-03-26 - 2017-03-01,55
7464,382742N1214193W001,2109720,2014-12-18T00:00:00Z,20.25,14.35,0,31,-10.75,31,25.1,NA,Electric sounder measurement,Water level accuracy to nearest tenth of a foot,1,Department of Water Resources,NA,1,Department of Water Resources,NA,NA,NA,7464,05N05E22B001M,05N05E22B001M,Unknown,Unknown,5-021.65,South American,Sacramento,NA,Residential,Single Well,NA,2012-03-26 - 2017-03-01,55
7464,382742N1214193W001,2107500,2014-11-25T00:00:00Z,20.25,14.35,0,32.7,-12.45,32.7,26.8,NA,Electric sounder measurement,Water level accuracy to nearest tenth of a foot,1,Department of Water Resources,NA,1,Department of Water Resources,NA,NA,NA,7464,05N05E22B001M,05N05E22B001M,Unknown,Unknown,5-021.65,South American,Sacramento,NA,Residential,Single Well,NA,2012-03-26 - 2017-03-01,55
7464,382742N1214193W001,2022450,2014-10-21T00:00:00Z,20.25,14.35,0,34.5,-14.25,34.5,28.6,NA,Electric sounder measurement,Water level accuracy to nearest tenth of a foot,1,Department of Water Resources,NA,1,Department of Water Resources,NA,NA,NA,7464,05N05E22B001M,05N05E22B001M,Unknown,Unknown,5-021.65,South American,Sacramento,NA,Residential,Single Well,NA,2012-03-26 - 2017-03-01,55
7464,382742N1214193W001,2014557,2014-09-29T00:00:00Z,20.25,14.35,0,35.6,-15.35,35.6,29.7,NA,Electric sounder measurement,Water level accuracy to nearest tenth of a foot,1,Department of Water Resources,NA,1,Department of Water Resources,NA,NA,NA,7464,05N05E22B001M,05N05E22B001M,Unknown,Unknown,5-021.65,South American,Sacramento,NA,Residential,Single Well,NA,2012-03-26 - 2017-03-01,55
7464,382742N1214193W001,1995574,2014-08-19T00:00:00Z,20.25,14.35,0,36.5,-16.25,36.5,30.6,NA,Electric sounder measurement,Water level accuracy to nearest tenth of a foot,1,Department of Water Resources,NA,1,Department of Water Resources,NA,NA,NA,7464,05N05E22B001M,05N05E22B001M,Unknown,Unknown,5-021.65,South American,Sacramento,NA,Residential,Single Well,NA,2012-03-26 - 2017-03-01,55
7464,382742N1214193W001,1993117,2014-07-28T00:00:00Z,20.25,14.35,0,37.4,-17.15,37.4,31.5,NA,Electric sounder measurement,Water level accuracy to nearest tenth of a foot,1,Department of Water Resources,NA,1,Department of Water Resources,NA,NA,NA,7464,05N05E22B001M,05N05E22B001M,Unknown,Unknown,5-021.65,South American,Sacramento,NA,Residential,Single Well,NA,2012-03-26 - 2017-03-01,55
7464,382742N1214193W001,1977425,2014-05-06T00:00:00Z,20.25,14.35,0,30.6,-10.35,30.6,24.7,NA,Electric sounder measurement,Water level accuracy to nearest tenth of a foot,1,Department of Water Resources,NA,1,Department of Water Resources,NA,NA,NA,7464,05N05E22B001M,05N05E22B001M,Unknown,Unknown,5-021.65,South American,Sacramento,NA,Residential,Single Well,NA,2012-03-26 - 2017-03-01,55
7464,382742N1214193W001,1975863,2014-04-11T00:00:00Z,20.25,14.35,0,28.5,-8.25,28.5,22.6,NA,Electric sounder measurement,Water level accuracy to nearest tenth of a foot,1,Department of Water Resources,NA,1,Department of Water Resources,NA,NA,NA,7464,05N05E22B001M,05N05E22B001M,Unknown,Unknown,5-021.65,South American,Sacramento,NA,Residential,Single Well,NA,2012-03-26 - 2017-03-01,55
7464,382742N1214193W001,1877482,2014-03-12T00:00:00Z,20.25,14.35,0,28.4,-8.15,28.4,22.5,NA,Electric sounder measurement,Water level accuracy to nearest tenth of a foot,1,Department of Water Resources,new RP / new gate combo,1,Department of Water Resources,NA,NA,NA,7464,05N05E22B001M,05N05E22B001M,Unknown,Unknown,5-021.65,South American,Sacramento,NA,Residential,Single Well,NA,2012-03-26 - 2017-03-01,55
7464,382742N1214193W001,1877498,2014-03-12T00:00:00Z,20.25,14.35,0,28.4,-8.15,28.4,22.5,NA,Electric sounder measurement,Water level accuracy to nearest tenth of a foot,1,Department of Water Resources,new RP / new gate combo,1,Department of Water Resources,NA,NA,NA,7464,05N05E22B001M,05N05E22B001M,Unknown,Unknown,5-021.65,South American,Sacramento,NA,Residential,Single Well,NA,2012-03-26 - 2017-03-01,55
7464,382742N1214193W001,1796749,2013-03-25T00:00:00Z,15.35,14.35,0,5.8,9.55,5.8,4.8,NA,Electric sounder measurement,Water level accuracy to nearest tenth of a foot,1,Department of Water Resources,NA,1,Department of Water Resources,NA,NA,NA,7464,05N05E22B001M,05N05E22B001M,Unknown,Unknown,5-021.65,South American,Sacramento,NA,Residential,Single Well,NA,2012-03-26 - 2017-03-01,55
7464,382742N1214193W001,1796732,2012-10-18T00:00:00Z,15.35,14.35,0,8.9,6.45,8.9,7.9,NA,Electric sounder measurement,Water level accuracy to nearest tenth of a foot,1,Department of Water Resources,NA,1,Department of Water Resources,NA,NA,NA,7464,05N05E22B001M,05N05E22B001M,Unknown,Unknown,5-021.65,South American,Sacramento,NA,Residential,Single Well,NA,2012-03-26 - 2017-03-01,55
7464,382742N1214193W001,65365,2012-07-30T00:00:00Z,15.35,14.35,0,7.2,8.15,7.2,6.2,NA,Electric sounder measurement,Water level accuracy to nearest tenth of a foot,1,Department of Water Resources,NA,1,Department of Water Resources,NA,NA,NA,7464,05N05E22B001M,05N05E22B001M,Unknown,Unknown,5-021.65,South American,Sacramento,NA,Residential,Single Well,NA,2012-03-26 - 2017-03-01,55
7464,382742N1214193W001,55088,2012-03-26T00:00:00Z,15.35,14.35,0,8.1,7.25,8.1,7.1,NA,Electric sounder measurement,Water level accuracy to nearest hundredth of a foot,1,Department of Water Resources,NA,1,Department of Water Resources,NA,NA,NA,7464,05N05E22B001M,05N05E22B001M,Unknown,Unknown,5-021.65,South American,Sacramento,NA,Residential,Single Well,NA,2012-03-26 - 2017-03-01,55
7464,382742N1214193W001,65349,2012-03-26T00:00:00Z,15.35,14.35,0,8.1,7.25,8.1,7.1,NA,Electric sounder measurement,Water level accuracy to nearest tenth of a foot,1,Department of Water Resources,NA,1,Department of Water Resources,NA,NA,NA,7464,05N05E22B001M,05N05E22B001M,Unknown,Unknown,5-021.65,South American,Sacramento,NA,Residential,Single Well,NA,2012-03-26 - 2017-03-01,55
