SITE_CODE,WLM_ID,MSMT_DATE,WLM_RPE,WLM_GSE,RDNG_WS,RDNG_RP,WSE,RPE_WSE,GSE_WSE,WLM_QA_DESC,WLM_DESC,WLM_ACC_DESC,WLM_ORG_ID,WLM_ORG_NAME,MSMT_CMT,COOP_AGENCY_ORG_ID,COOP_ORG_NAME,TOP_PRF,BOT_PRF,STN_ID,SWN,WELL_NAME,WLM_METHOD,WLM_ACC,BASIN_CODE,BASIN_NAME,COUNTY_NAME,WELL_DEPTH,WELL_USE,WELL_TYPE,WCR_NO,t_range,n_samples,season,fall_high,fall_low,spring_high,spring_low,water_year,Oct.Mar,Apr.Jul,WYsum,Index,water_year_type,region,water_year_start,water_year_end,X,Y
382748N1214823W001,1566098,1998-10-21T00:00:00Z,2.69,0.79,0,6.6,-3.91,6.6,4.7,NA,Unknown,Water level accuracy is unknown,1,Department of Water Resources,NA,1,Department of Water Resources,NA,NA,28813,05N05E19D001M,NA,Unknown,Unknown,5-021.65,South American,Sacramento,12,NA,Unknown,NA,1990-10-11 - 1999-11-30,19,fall,4.6,5.4,NA,NA,1999,12.97,7.26,21.19,9.8,Wet,SAC,1998-10-01T00:00:00Z,1999-10-01T00:00:00Z,-121.482,38.2748
382748N1214823W001,1566097,1998-04-22T00:00:00Z,2.69,0.79,0,4.2,-1.51,4.2,2.3,NA,Unknown,Water level accuracy is unknown,1,Department of Water Resources,NA,1,Department of Water Resources,NA,NA,28813,05N05E19D001M,NA,Unknown,Unknown,5-021.65,South American,Sacramento,12,NA,Unknown,NA,1990-10-11 - 1999-11-30,19,spring,NA,NA,2.2,7.4,1998,17.65,12.54,31.4,13.31,Wet,SAC,1997-10-01T00:00:00Z,1998-10-01T00:00:00Z,-121.482,38.2748
382748N1214823W001,1566096,1997-11-17T00:00:00Z,2.69,0.79,0,6.7,-4.01,6.7,4.8,NA,Unknown,Water level accuracy is unknown,1,Department of Water Resources,NA,1,Department of Water Resources,NA,NA,28813,05N05E19D001M,NA,Unknown,Unknown,5-021.65,South American,Sacramento,12,NA,Unknown,NA,1990-10-11 - 1999-11-30,19,fall,4.6,5.4,NA,NA,1998,17.65,12.54,31.4,13.31,Wet,SAC,1997-10-01T00:00:00Z,1998-10-01T00:00:00Z,-121.482,38.2748
382748N1214823W001,1566095,1997-03-07T00:00:00Z,2.69,0.79,0,4.4,-1.71,4.4,2.5,NA,Unknown,Water level accuracy is unknown,1,Department of Water Resources,NA,1,Department of Water Resources,NA,NA,28813,05N05E19D001M,NA,Unknown,Unknown,5-021.65,South American,Sacramento,12,NA,Unknown,NA,1990-10-11 - 1999-11-30,19,spring,NA,NA,2.2,7.4,1997,20.22,4.39,25.42,10.82,Wet,SAC,1996-10-01T00:00:00Z,1997-10-01T00:00:00Z,-121.482,38.2748
382748N1214823W001,1566091,1996-11-14T00:00:00Z,2.69,0.79,0,6.5,-3.81,6.5,4.6,NA,Unknown,Water level accuracy is unknown,1,Department of Water Resources,NA,1,Department of Water Resources,NA,NA,28813,05N05E19D001M,NA,Unknown,Unknown,5-021.65,South American,Sacramento,12,NA,Unknown,NA,1990-10-11 - 1999-11-30,19,fall,4.6,5.4,NA,NA,1997,20.22,4.39,25.42,10.82,Wet,SAC,1996-10-01T00:00:00Z,1997-10-01T00:00:00Z,-121.482,38.2748
382748N1214823W001,1566090,1996-03-27T00:00:00Z,2.69,0.79,0,9.3,-6.61,9.3,7.4,NA,Unknown,Water level accuracy is unknown,1,Department of Water Resources,NA,1,Department of Water Resources,NA,NA,28813,05N05E19D001M,NA,Unknown,Unknown,5-021.65,South American,Sacramento,12,NA,Unknown,NA,1990-10-11 - 1999-11-30,19,spring,NA,NA,2.2,7.4,1996,13.05,8.37,22.29,10.26,Wet,SAC,1995-10-01T00:00:00Z,1996-10-01T00:00:00Z,-121.482,38.2748
382748N1214823W001,1566089,1995-09-27T00:00:00Z,2.69,0.79,0,6.9,-4.21,6.9,5,NA,Unknown,Water level accuracy is unknown,1,Department of Water Resources,NA,1,Department of Water Resources,NA,NA,28813,05N05E19D001M,NA,Unknown,Unknown,5-021.65,South American,Sacramento,12,NA,Unknown,NA,1990-10-11 - 1999-11-30,19,fall,4.6,5.4,NA,NA,1995,19.83,13.6,34.55,12.89,Wet,SAC,1994-10-01T00:00:00Z,1995-10-01T00:00:00Z,-121.482,38.2748
382748N1214823W001,1566088,1995-05-24T00:00:00Z,2.69,0.79,0,4.1,-1.41,4.1,2.2,NA,Unknown,Water level accuracy is unknown,1,Department of Water Resources,NA,1,Department of Water Resources,NA,NA,28813,05N05E19D001M,NA,Unknown,Unknown,5-021.65,South American,Sacramento,12,NA,Unknown,NA,1990-10-11 - 1999-11-30,19,spring,NA,NA,2.2,7.4,1995,19.83,13.6,34.55,12.89,Wet,SAC,1994-10-01T00:00:00Z,1995-10-01T00:00:00Z,-121.482,38.2748
382748N1214823W001,1566087,1994-12-13T00:00:00Z,2.69,0.79,0,6.9,-4.21,6.9,5,NA,Unknown,Water level accuracy is unknown,1,Department of Water Resources,NA,1,Department of Water Resources,NA,NA,28813,05N05E19D001M,NA,Unknown,Unknown,5-021.65,South American,Sacramento,12,NA,Unknown,NA,1990-10-11 - 1999-11-30,19,other,NA,NA,NA,NA,1995,19.83,13.6,34.55,12.89,Wet,SAC,1994-10-01T00:00:00Z,1995-10-01T00:00:00Z,-121.482,38.2748
382748N1214823W001,1566086,1994-04-18T00:00:00Z,2.69,0.79,0,4.3,-1.61,4.3,2.4,NA,Unknown,Water level accuracy is unknown,1,Department of Water Resources,NA,1,Department of Water Resources,NA,NA,28813,05N05E19D001M,NA,Unknown,Unknown,5-021.65,South American,Sacramento,12,NA,Unknown,NA,1990-10-11 - 1999-11-30,19,spring,NA,NA,2.2,7.4,1994,4.55,2.73,7.81,5.02,Critical,SAC,1993-10-01T00:00:00Z,1994-10-01T00:00:00Z,-121.482,38.2748
382748N1214823W001,1566083,1992-10-30T00:00:00Z,2.69,0.79,0,7.3,-4.61,7.3,5.4,NA,Unknown,Water level accuracy is unknown,1,Department of Water Resources,NA,1,Department of Water Resources,NA,NA,28813,05N05E19D001M,NA,Unknown,Unknown,5-021.65,South American,Sacramento,12,NA,Unknown,NA,1990-10-11 - 1999-11-30,19,fall,4.6,5.4,NA,NA,1993,12.44,8.98,22.21,8.54,Above Normal,SAC,1992-10-01T00:00:00Z,1993-10-01T00:00:00Z,-121.482,38.2748
382748N1214823W001,1566082,1992-04-15T00:00:00Z,2.69,0.79,0,4.7,-2.01,4.7,2.8,NA,Unknown,Water level accuracy is unknown,1,Department of Water Resources,NA,1,Department of Water Resources,NA,NA,28813,05N05E19D001M,NA,Unknown,Unknown,5-021.65,South American,Sacramento,12,NA,Unknown,NA,1990-10-11 - 1999-11-30,19,spring,NA,NA,2.2,7.4,1992,5.41,2.93,8.87,4.06,Critical,SAC,1991-10-01T00:00:00Z,1992-10-01T00:00:00Z,-121.482,38.2748
382748N1214823W001,1566081,1991-03-14T00:00:00Z,2.69,0.79,0,5.9,-3.21,5.9,4,NA,Unknown,Water level accuracy is unknown,1,Department of Water Resources,NA,1,Department of Water Resources,NA,NA,28813,05N05E19D001M,NA,Unknown,Unknown,5-021.65,South American,Sacramento,12,NA,Unknown,NA,1990-10-11 - 1999-11-30,19,spring,NA,NA,2.2,7.4,1991,3.9,4.01,8.44,4.21,Critical,SAC,1990-10-01T00:00:00Z,1991-10-01T00:00:00Z,-121.482,38.2748
382748N1214823W001,1566080,1990-10-11T00:00:00Z,2.69,0.79,0,7,-4.31,7,5.1,NA,Unknown,Water level accuracy is unknown,1,Department of Water Resources,NA,1,Department of Water Resources,NA,NA,28813,05N05E19D001M,NA,Unknown,Unknown,5-021.65,South American,Sacramento,12,NA,Unknown,NA,1990-10-11 - 1999-11-30,19,fall,4.6,5.4,NA,NA,1991,3.9,4.01,8.44,4.21,Critical,SAC,1990-10-01T00:00:00Z,1991-10-01T00:00:00Z,-121.482,38.2748
