SITE_CODE,WLM_ID,MSMT_DATE,WLM_RPE,WLM_GSE,RDNG_WS,RDNG_RP,WSE,RPE_WSE,GSE_WSE,WLM_QA_DESC,WLM_DESC,WLM_ACC_DESC,WLM_ORG_ID,WLM_ORG_NAME,MSMT_CMT,COOP_AGENCY_ORG_ID,COOP_ORG_NAME,TOP_PRF,BOT_PRF,STN_ID,SWN,WELL_NAME,WLM_METHOD,WLM_ACC,BASIN_CODE,BASIN_NAME,COUNTY_NAME,WELL_DEPTH,WELL_USE,WELL_TYPE,WCR_NO,t_range,n_samples,season,fall_high,fall_low,spring_high,spring_low,water_year,Oct.Mar,Apr.Jul,WYsum,Index,water_year_type,region,water_year_start,water_year_end,X,Y
382934N1213896W001,1565963,1981-03-30T00:00:00Z,19.16,16.36,0,23,-3.84,23,20.2,NA,Unknown,Water level accuracy is unknown,1,Department of Water Resources,NA,1,Department of Water Resources,NA,NA,7461,05N05E12N002M,NA,Unknown,Unknown,5-021.65,South American,Sacramento,97,Unknown,Unknown,NA,1967-03-10 - 1984-03-28,34,spring,NA,NA,3.8,32.4,1980,15.49,6,22.33,9.04,Above Normal,SAC,1980-10-01T00:00:00Z,1981-10-01T00:00:00Z,-121.39,38.2934
382934N1213896W001,1565960,1979-10-17T00:00:00Z,19.16,16.36,0,28.5,-9.34,28.5,25.7,NA,Unknown,Water level accuracy is unknown,1,Department of Water Resources,NA,1,Department of Water Resources,NA,NA,7461,05N05E12N002M,NA,Unknown,Unknown,5-021.65,South American,Sacramento,97,Unknown,Unknown,NA,1967-03-10 - 1984-03-28,34,fall,4.8,41.1,NA,NA,1979,6.06,5.64,12.41,6.67,Below Normal,SAC,1979-10-01T00:00:00Z,1980-10-01T00:00:00Z,-121.39,38.2934
382934N1213896W001,1565959,1979-03-22T00:00:00Z,19.16,16.36,0,15,4.16,15,12.2,NA,Unknown,Water level accuracy is unknown,1,Department of Water Resources,NA,1,Department of Water Resources,NA,NA,7461,05N05E12N002M,NA,Unknown,Unknown,5-021.65,South American,Sacramento,97,Unknown,Unknown,NA,1967-03-10 - 1984-03-28,34,spring,NA,NA,3.8,32.4,1978,14.9,8.12,23.92,8.65,Above Normal,SAC,1978-10-01T00:00:00Z,1979-10-01T00:00:00Z,-121.39,38.2934
382934N1213896W001,1565958,1978-10-17T00:00:00Z,19.16,16.36,0,28.6,-9.44,28.6,25.8,NA,Unknown,Water level accuracy is unknown,1,Department of Water Resources,NA,1,Department of Water Resources,NA,NA,7461,05N05E12N002M,NA,Unknown,Unknown,5-021.65,South American,Sacramento,97,Unknown,Unknown,NA,1967-03-10 - 1984-03-28,34,fall,4.8,41.1,NA,NA,1978,14.9,8.12,23.92,8.65,Above Normal,SAC,1978-10-01T00:00:00Z,1979-10-01T00:00:00Z,-121.39,38.2934
382934N1213896W001,1565957,1978-03-22T00:00:00Z,19.16,16.36,0,10.2,8.96,10.2,7.4,NA,Unknown,Water level accuracy is unknown,1,Department of Water Resources,NA,1,Department of Water Resources,NA,NA,7461,05N05E12N002M,NA,Unknown,Unknown,5-021.65,South American,Sacramento,97,Unknown,Unknown,NA,1967-03-10 - 1984-03-28,34,spring,NA,NA,3.8,32.4,1977,2.49,1.93,5.12,3.11,Critical,SAC,1977-10-01T00:00:00Z,1978-10-01T00:00:00Z,-121.39,38.2934
382934N1213896W001,1565956,1977-10-12T00:00:00Z,19.16,16.36,0,43.9,-24.74,43.9,41.1,NA,Unknown,Water level accuracy is unknown,1,Department of Water Resources,NA,1,Department of Water Resources,NA,NA,7461,05N05E12N002M,NA,Unknown,Unknown,5-021.65,South American,Sacramento,97,Unknown,Unknown,NA,1967-03-10 - 1984-03-28,34,fall,4.8,41.1,NA,NA,1977,2.49,1.93,5.12,3.11,Critical,SAC,1977-10-01T00:00:00Z,1978-10-01T00:00:00Z,-121.39,38.2934
382934N1213896W001,1565955,1977-03-08T00:00:00Z,19.16,16.36,0,35.2,-16.04,35.2,32.4,NA,Unknown,Water level accuracy is unknown,1,Department of Water Resources,NA,1,Department of Water Resources,NA,NA,7461,05N05E12N002M,NA,Unknown,Unknown,5-021.65,South American,Sacramento,97,Unknown,Unknown,NA,1967-03-10 - 1984-03-28,34,spring,NA,NA,3.8,32.4,1976,4.63,2.75,8.2,5.29,Critical,SAC,1976-10-01T00:00:00Z,1977-10-01T00:00:00Z,-121.39,38.2934
382934N1213896W001,1565953,1976-03-17T00:00:00Z,19.16,16.36,0,25.6,-6.44,25.6,22.8,Nearby pump operating,Unknown,Water level accuracy is unknown,1,Department of Water Resources,NEARBY PUMPING,1,Department of Water Resources,NA,NA,7461,05N05E12N002M,NA,Unknown,Unknown,5-021.65,South American,Sacramento,97,Unknown,Unknown,NA,1967-03-10 - 1984-03-28,34,spring,NA,NA,3.8,32.4,1975,9.24,8.95,19.23,9.35,Wet,SAC,1975-10-01T00:00:00Z,1976-10-01T00:00:00Z,-121.39,38.2934
382934N1213896W001,1565951,1975-04-09T00:00:00Z,19.16,16.36,0,12.6,6.56,12.6,9.8,NA,Unknown,Water level accuracy is unknown,1,Department of Water Resources,NA,1,Department of Water Resources,NA,NA,7461,05N05E12N002M,NA,Unknown,Unknown,5-021.65,South American,Sacramento,97,Unknown,Unknown,NA,1967-03-10 - 1984-03-28,34,spring,NA,NA,3.8,32.4,1974,21.69,9.78,32.5,12.99,Wet,SAC,1974-10-01T00:00:00Z,1975-10-01T00:00:00Z,-121.39,38.2934
382934N1213896W001,1565950,1974-10-17T00:00:00Z,19.16,16.36,0,7.6,11.56,7.6,4.8,NA,Unknown,Water level accuracy is unknown,1,Department of Water Resources,NA,1,Department of Water Resources,NA,NA,7461,05N05E12N002M,NA,Unknown,Unknown,5-021.65,South American,Sacramento,97,Unknown,Unknown,NA,1967-03-10 - 1984-03-28,34,fall,4.8,41.1,NA,NA,1974,21.69,9.78,32.5,12.99,Wet,SAC,1974-10-01T00:00:00Z,1975-10-01T00:00:00Z,-121.39,38.2934
382934N1213896W001,1565949,1974-05-02T00:00:00Z,19.16,16.36,0,12.4,6.76,12.4,9.6,NA,Unknown,Water level accuracy is unknown,1,Department of Water Resources,NA,1,Department of Water Resources,NA,NA,7461,05N05E12N002M,NA,Unknown,Unknown,5-021.65,South American,Sacramento,97,Unknown,Unknown,NA,1967-03-10 - 1984-03-28,34,spring,NA,NA,3.8,32.4,1973,12.8,6.38,20.05,8.58,Above Normal,SAC,1973-10-01T00:00:00Z,1974-10-01T00:00:00Z,-121.39,38.2934
382934N1213896W001,1565947,1973-03-22T00:00:00Z,19.16,16.36,0,6.6,12.56,6.6,3.8,NA,Unknown,Water level accuracy is unknown,1,Department of Water Resources,NA,1,Department of Water Resources,NA,NA,7461,05N05E12N002M,NA,Unknown,Unknown,5-021.65,South American,Sacramento,97,Unknown,Unknown,NA,1967-03-10 - 1984-03-28,34,spring,NA,NA,3.8,32.4,1972,7.61,5.02,13.43,7.29,Below Normal,SAC,1972-10-01T00:00:00Z,1973-10-01T00:00:00Z,-121.39,38.2934
382934N1213896W001,1565946,1972-10-16T00:00:00Z,19.16,16.36,0,30.5,-11.34,30.5,27.7,NA,Unknown,Water level accuracy is unknown,1,Department of Water Resources,NEW PUMP-TOUGH,1,Department of Water Resources,NA,NA,7461,05N05E12N002M,NA,Unknown,Unknown,5-021.65,South American,Sacramento,97,Unknown,Unknown,NA,1967-03-10 - 1984-03-28,34,fall,4.8,41.1,NA,NA,1972,7.61,5.02,13.43,7.29,Below Normal,SAC,1972-10-01T00:00:00Z,1973-10-01T00:00:00Z,-121.39,38.2934
382934N1213896W001,1565944,1971-10-18T00:00:00Z,19.16,16.36,0,26.7,-7.54,26.7,23.9,NA,Unknown,Water level accuracy is unknown,1,Department of Water Resources,NA,1,Department of Water Resources,NA,NA,7461,05N05E12N002M,NA,Unknown,Unknown,5-021.65,South American,Sacramento,97,Unknown,Unknown,NA,1967-03-10 - 1984-03-28,34,fall,4.8,41.1,NA,NA,1971,12.71,8.9,22.57,10.37,Wet,SAC,1971-10-01T00:00:00Z,1972-10-01T00:00:00Z,-121.39,38.2934
382934N1213896W001,1565943,1971-03-18T00:00:00Z,19.16,16.36,0,17.2,1.96,17.2,14.4,NA,Unknown,Water level accuracy is unknown,1,Department of Water Resources,NA,1,Department of Water Resources,NA,NA,7461,05N05E12N002M,NA,Unknown,Unknown,5-021.65,South American,Sacramento,97,Unknown,Unknown,NA,1967-03-10 - 1984-03-28,34,spring,NA,NA,3.8,32.4,1970,18.87,4.35,24.06,10.4,Wet,SAC,1970-10-01T00:00:00Z,1971-10-01T00:00:00Z,-121.39,38.2934
382934N1213896W001,1565942,1970-10-16T00:00:00Z,19.16,16.36,0,27.5,-8.34,27.5,24.7,NA,Unknown,Water level accuracy is unknown,1,Department of Water Resources,NA,1,Department of Water Resources,NA,NA,7461,05N05E12N002M,NA,Unknown,Unknown,5-021.65,South American,Sacramento,97,Unknown,Unknown,NA,1967-03-10 - 1984-03-28,34,fall,4.8,41.1,NA,NA,1970,18.87,4.35,24.06,10.4,Wet,SAC,1970-10-01T00:00:00Z,1971-10-01T00:00:00Z,-121.39,38.2934
382934N1213896W001,1565941,1970-03-24T00:00:00Z,19.16,16.36,0,8.8,10.36,8.8,6,NA,Unknown,Water level accuracy is unknown,1,Department of Water Resources,NA,1,Department of Water Resources,NA,NA,7461,05N05E12N002M,NA,Unknown,Unknown,5-021.65,South American,Sacramento,97,Unknown,Unknown,NA,1967-03-10 - 1984-03-28,34,spring,NA,NA,3.8,32.4,1969,15.33,10.68,26.98,11.05,Wet,SAC,1969-10-01T00:00:00Z,1970-10-01T00:00:00Z,-121.39,38.2934
382934N1213896W001,1565940,1969-10-20T00:00:00Z,19.16,16.36,0,25.7,-6.54,25.7,22.9,NA,Unknown,Water level accuracy is unknown,1,Department of Water Resources,NA,1,Department of Water Resources,NA,NA,7461,05N05E12N002M,NA,Unknown,Unknown,5-021.65,South American,Sacramento,97,Unknown,Unknown,NA,1967-03-10 - 1984-03-28,34,fall,4.8,41.1,NA,NA,1969,15.33,10.68,26.98,11.05,Wet,SAC,1969-10-01T00:00:00Z,1970-10-01T00:00:00Z,-121.39,38.2934
382934N1213896W001,1565939,1969-04-02T00:00:00Z,19.16,16.36,0,8.7,10.46,8.7,5.9,NA,Unknown,Water level accuracy is unknown,1,Department of Water Resources,NA,1,Department of Water Resources,NA,NA,7461,05N05E12N002M,NA,Unknown,Unknown,5-021.65,South American,Sacramento,97,Unknown,Unknown,NA,1967-03-10 - 1984-03-28,34,spring,NA,NA,3.8,32.4,1968,8.66,4.12,13.64,7.24,Below Normal,SAC,1968-10-01T00:00:00Z,1969-10-01T00:00:00Z,-121.39,38.2934
382934N1213896W001,1565938,1968-10-11T00:00:00Z,19.16,16.36,0,30.2,-11.04,30.2,27.4,NA,Unknown,Water level accuracy is unknown,1,Department of Water Resources,NA,1,Department of Water Resources,NA,NA,7461,05N05E12N002M,NA,Unknown,Unknown,5-021.65,South American,Sacramento,97,Unknown,Unknown,NA,1967-03-10 - 1984-03-28,34,fall,4.8,41.1,NA,NA,1968,8.66,4.12,13.64,7.24,Below Normal,SAC,1968-10-01T00:00:00Z,1969-10-01T00:00:00Z,-121.39,38.2934
382934N1213896W001,1565937,1968-03-12T00:00:00Z,19.16,16.36,0,19.7,-0.54,19.7,16.9,NA,Unknown,Water level accuracy is unknown,1,Department of Water Resources,NA,1,Department of Water Resources,NA,NA,7461,05N05E12N002M,NA,Unknown,Unknown,5-021.65,South American,Sacramento,97,Unknown,Unknown,NA,1967-03-10 - 1984-03-28,34,spring,NA,NA,3.8,32.4,1967,12.14,11.01,24.06,10.2,Wet,SAC,1967-10-01T00:00:00Z,1968-10-01T00:00:00Z,-121.39,38.2934
382934N1213896W001,1565936,1967-03-10T00:00:00Z,19.16,16.36,0,13.1,6.06,13.1,10.3,NA,Unknown,Water level accuracy is unknown,1,Department of Water Resources,NA,1,Department of Water Resources,NA,NA,7461,05N05E12N002M,NA,Unknown,Unknown,5-021.65,South American,Sacramento,97,Unknown,Unknown,NA,1967-03-10 - 1984-03-28,34,spring,NA,NA,3.8,32.4,1966,7.42,4.84,12.95,7.16,Below Normal,SAC,1966-10-01T00:00:00Z,1967-10-01T00:00:00Z,-121.39,38.2934
