SITE_CODE,WLM_ID,MSMT_DATE,WLM_RPE,WLM_GSE,RDNG_WS,RDNG_RP,WSE,RPE_WSE,GSE_WSE,WLM_QA_DESC,WLM_DESC,WLM_ACC_DESC,WLM_ORG_ID,WLM_ORG_NAME,MSMT_CMT,COOP_AGENCY_ORG_ID,COOP_ORG_NAME,TOP_PRF,BOT_PRF,STN_ID,SWN,WELL_NAME,WLM_METHOD,WLM_ACC,BASIN_CODE,BASIN_NAME,COUNTY_NAME,WELL_DEPTH,WELL_USE,WELL_TYPE,WCR_NO,t_range,n_samples,season,fall_high,fall_low,spring_high,spring_low,water_year,Oct.Mar,Apr.Jul,WYsum,Index,water_year_type,region,water_year_start,water_year_end,X,Y
382939N1213904W001,2662003,2020-08-28T00:00:00Z,18.86,16.36,3.6,41,-18.54,37.4,34.9,NA,Steel tape measurement,Water level accuracy to nearest tenth of a foot,1,Department of Water Resources,Run 18,1,Department of Water Resources,NA,NA,7462,05N05E12N003M,05N05E12N003M,Unknown,Unknown,5-021.65,South American,Sacramento,334,Irrigation,Single Well,47536,1969-10-20 - 2020-09-17,180,fall,24,55.1,NA,NA,2020,NA,NA,NA,NA,NA,NA,2019-10-01T00:00:00Z,2020-10-01T00:00:00Z,-121.39,38.2939
382939N1213904W001,2630627,2020-06-25T00:00:00Z,18.86,16.36,1.4,40,-19.74,38.6,36.1,NA,Electric sounder measurement,Water level accuracy to nearest tenth of a foot,1,Department of Water Resources,Run 18,1,Department of Water Resources,NA,NA,7462,05N05E12N003M,05N05E12N003M,Unknown,Unknown,5-021.65,South American,Sacramento,334,Irrigation,Single Well,47536,1969-10-20 - 2020-09-17,180,other,NA,NA,NA,NA,2020,NA,NA,NA,NA,NA,NA,2019-10-01T00:00:00Z,2020-10-01T00:00:00Z,-121.39,38.2939
382939N1213904W001,2624818,2020-05-21T00:00:00Z,18.86,16.36,0,23.6,-4.74,23.6,21.1,NA,Electric sounder measurement,Water level accuracy to nearest tenth of a foot,1,Department of Water Resources,Run 18,1,Department of Water Resources,NA,NA,7462,05N05E12N003M,05N05E12N003M,Unknown,Unknown,5-021.65,South American,Sacramento,334,Irrigation,Single Well,47536,1969-10-20 - 2020-09-17,180,spring,NA,NA,10.6,39.3,2020,NA,NA,NA,NA,NA,NA,2019-10-01T00:00:00Z,2020-10-01T00:00:00Z,-121.39,38.2939
382939N1213904W001,2538806,2020-03-04T00:00:00Z,18.86,16.36,0,23.5,-4.64,23.5,21,NA,Electric sounder measurement,Water level accuracy to nearest tenth of a foot,1,Department of Water Resources,NA,1,Department of Water Resources,NA,NA,7462,05N05E12N003M,05N05E12N003M,Unknown,Unknown,5-021.65,South American,Sacramento,334,Irrigation,Single Well,47536,1969-10-20 - 2020-09-17,180,spring,NA,NA,10.6,39.3,2020,NA,NA,NA,NA,NA,NA,2019-10-01T00:00:00Z,2020-10-01T00:00:00Z,-121.39,38.2939
382939N1213904W001,2528535,2020-02-18T00:00:00Z,18.86,16.36,0,23,-4.14,23,20.5,NA,Electric sounder measurement,Water level accuracy to nearest tenth of a foot,1,Department of Water Resources,NA,1,Department of Water Resources,NA,NA,7462,05N05E12N003M,05N05E12N003M,Unknown,Unknown,5-021.65,South American,Sacramento,334,Irrigation,Single Well,47536,1969-10-20 - 2020-09-17,180,other,NA,NA,NA,NA,2020,NA,NA,NA,NA,NA,NA,2019-10-01T00:00:00Z,2020-10-01T00:00:00Z,-121.39,38.2939
382939N1213904W001,2498223,2020-01-22T00:00:00Z,18.86,16.36,0,23.2,-4.34,23.2,20.7,NA,Electric sounder measurement,Water level accuracy to nearest tenth of a foot,1,Department of Water Resources,NA,1,Department of Water Resources,NA,NA,7462,05N05E12N003M,05N05E12N003M,Unknown,Unknown,5-021.65,South American,Sacramento,334,Irrigation,Single Well,47536,1969-10-20 - 2020-09-17,180,other,NA,NA,NA,NA,2020,NA,NA,NA,NA,NA,NA,2019-10-01T00:00:00Z,2020-10-01T00:00:00Z,-121.39,38.2939
382939N1213904W001,2491121,2019-12-09T00:00:00Z,18.86,16.36,0,24.9,-6.04,24.9,22.4,NA,Electric sounder measurement,Water level accuracy to nearest tenth of a foot,1,Department of Water Resources,NA,1,Department of Water Resources,NA,NA,7462,05N05E12N003M,05N05E12N003M,Unknown,Unknown,5-021.65,South American,Sacramento,334,Irrigation,Single Well,47536,1969-10-20 - 2020-09-17,180,other,NA,NA,NA,NA,2020,NA,NA,NA,NA,NA,NA,2019-10-01T00:00:00Z,2020-10-01T00:00:00Z,-121.39,38.2939
382939N1213904W001,2485152,2019-11-12T00:00:00Z,18.86,16.36,0,32,-13.14,32,29.5,NA,Electric sounder measurement,Water level accuracy to nearest tenth of a foot,1,Department of Water Resources,NA,1,Department of Water Resources,NA,NA,7462,05N05E12N003M,05N05E12N003M,Unknown,Unknown,5-021.65,South American,Sacramento,334,Irrigation,Single Well,47536,1969-10-20 - 2020-09-17,180,fall,24,55.1,NA,NA,2020,NA,NA,NA,NA,NA,NA,2019-10-01T00:00:00Z,2020-10-01T00:00:00Z,-121.39,38.2939
382939N1213904W001,2479762,2019-10-23T00:00:00Z,18.86,16.36,0,30.3,-11.44,30.3,27.8,NA,Electric sounder measurement,Water level accuracy to nearest tenth of a foot,1,Department of Water Resources,NA,1,Department of Water Resources,NA,NA,7462,05N05E12N003M,05N05E12N003M,Unknown,Unknown,5-021.65,South American,Sacramento,334,Irrigation,Single Well,47536,1969-10-20 - 2020-09-17,180,fall,24,55.1,NA,NA,2020,NA,NA,NA,NA,NA,NA,2019-10-01T00:00:00Z,2020-10-01T00:00:00Z,-121.39,38.2939
382939N1213904W001,2475231,2019-09-11T00:00:00Z,18.86,16.36,0,33.4,-14.54,33.4,30.9,NA,Electric sounder measurement,Water level accuracy to nearest tenth of a foot,1,Department of Water Resources,NA,1,Department of Water Resources,NA,NA,7462,05N05E12N003M,05N05E12N003M,Unknown,Unknown,5-021.65,South American,Sacramento,334,Irrigation,Single Well,47536,1969-10-20 - 2020-09-17,180,fall,24,55.1,NA,NA,2019,13.11,10.66,24.77,10.34,Wet,SAC,2018-10-01T00:00:00Z,2019-10-01T00:00:00Z,-121.39,38.2939
382939N1213904W001,2474352,2019-08-14T00:00:00Z,18.86,16.36,0,37.7,-18.84,37.7,35.2,NA,Electric sounder measurement,Water level accuracy to nearest tenth of a foot,1,Department of Water Resources,NA,1,Department of Water Resources,NA,NA,7462,05N05E12N003M,05N05E12N003M,Unknown,Unknown,5-021.65,South American,Sacramento,334,Irrigation,Single Well,47536,1969-10-20 - 2020-09-17,180,fall,24,55.1,NA,NA,2019,13.11,10.66,24.77,10.34,Wet,SAC,2018-10-01T00:00:00Z,2019-10-01T00:00:00Z,-121.39,38.2939
382939N1213904W001,2469879,2019-07-05T00:00:00Z,18.86,16.36,0,31.3,-12.44,31.3,28.8,NA,Electric sounder measurement,Water level accuracy to nearest tenth of a foot,1,Department of Water Resources,NA,1,Department of Water Resources,NA,NA,7462,05N05E12N003M,05N05E12N003M,Unknown,Unknown,5-021.65,South American,Sacramento,334,Irrigation,Single Well,47536,1969-10-20 - 2020-09-17,180,other,NA,NA,NA,NA,2019,13.11,10.66,24.77,10.34,Wet,SAC,2018-10-01T00:00:00Z,2019-10-01T00:00:00Z,-121.39,38.2939
382939N1213904W001,2465084,2019-06-13T00:00:00Z,18.86,16.36,0,22,-3.14,22,19.5,NA,Electric sounder measurement,Water level accuracy to nearest tenth of a foot,1,Department of Water Resources,NA,1,Department of Water Resources,NA,NA,7462,05N05E12N003M,05N05E12N003M,Unknown,Unknown,5-021.65,South American,Sacramento,334,Irrigation,Single Well,47536,1969-10-20 - 2020-09-17,180,other,NA,NA,NA,NA,2019,13.11,10.66,24.77,10.34,Wet,SAC,2018-10-01T00:00:00Z,2019-10-01T00:00:00Z,-121.39,38.2939
382939N1213904W001,2460930,2019-05-17T00:00:00Z,18.86,16.36,0,27.9,-9.04,27.9,25.4,NA,Electric sounder measurement,Water level accuracy to nearest tenth of a foot,1,Department of Water Resources,NA,1,Department of Water Resources,NA,NA,7462,05N05E12N003M,05N05E12N003M,Unknown,Unknown,5-021.65,South American,Sacramento,334,Irrigation,Single Well,47536,1969-10-20 - 2020-09-17,180,spring,NA,NA,10.6,39.3,2019,13.11,10.66,24.77,10.34,Wet,SAC,2018-10-01T00:00:00Z,2019-10-01T00:00:00Z,-121.39,38.2939
382939N1213904W001,2454810,2019-04-03T00:00:00Z,18.86,16.36,0,14.5,4.36,14.5,12,NA,Electric sounder measurement,Water level accuracy to nearest tenth of a foot,1,Department of Water Resources,NA,1,Department of Water Resources,NA,NA,7462,05N05E12N003M,05N05E12N003M,Unknown,Unknown,5-021.65,South American,Sacramento,334,Irrigation,Single Well,47536,1969-10-20 - 2020-09-17,180,spring,NA,NA,10.6,39.3,2019,13.11,10.66,24.77,10.34,Wet,SAC,2018-10-01T00:00:00Z,2019-10-01T00:00:00Z,-121.39,38.2939
382939N1213904W001,2449261,2019-02-12T00:00:00Z,18.86,16.36,0,19.4,-0.54,19.4,16.9,NA,Electric sounder measurement,Water level accuracy to nearest tenth of a foot,1,Department of Water Resources,NA,1,Department of Water Resources,NA,NA,7462,05N05E12N003M,05N05E12N003M,Unknown,Unknown,5-021.65,South American,Sacramento,334,Irrigation,Single Well,47536,1969-10-20 - 2020-09-17,180,other,NA,NA,NA,NA,2019,13.11,10.66,24.77,10.34,Wet,SAC,2018-10-01T00:00:00Z,2019-10-01T00:00:00Z,-121.39,38.2939
382939N1213904W001,2438426,2019-01-09T00:00:00Z,18.86,16.36,0,26.8,-7.94,26.8,24.3,NA,Electric sounder measurement,Water level accuracy to nearest tenth of a foot,1,Department of Water Resources,NA,1,Department of Water Resources,NA,NA,7462,05N05E12N003M,05N05E12N003M,Unknown,Unknown,5-021.65,South American,Sacramento,334,Irrigation,Single Well,47536,1969-10-20 - 2020-09-17,180,other,NA,NA,NA,NA,2019,13.11,10.66,24.77,10.34,Wet,SAC,2018-10-01T00:00:00Z,2019-10-01T00:00:00Z,-121.39,38.2939
382939N1213904W001,2433682,2018-12-21T00:00:00Z,18.86,16.36,0,27.8,-8.94,27.8,25.3,NA,Electric sounder measurement,Water level accuracy to nearest tenth of a foot,1,Department of Water Resources,NA,1,Department of Water Resources,NA,NA,7462,05N05E12N003M,05N05E12N003M,Unknown,Unknown,5-021.65,South American,Sacramento,334,Irrigation,Single Well,47536,1969-10-20 - 2020-09-17,180,other,NA,NA,NA,NA,2019,13.11,10.66,24.77,10.34,Wet,SAC,2018-10-01T00:00:00Z,2019-10-01T00:00:00Z,-121.39,38.2939
382939N1213904W001,2429281,2018-11-26T00:00:00Z,18.86,16.36,0,29.1,-10.24,29.1,26.6,NA,Electric sounder measurement,Water level accuracy to nearest tenth of a foot,1,Department of Water Resources,NA,1,Department of Water Resources,NA,NA,7462,05N05E12N003M,05N05E12N003M,Unknown,Unknown,5-021.65,South American,Sacramento,334,Irrigation,Single Well,47536,1969-10-20 - 2020-09-17,180,fall,24,55.1,NA,NA,2019,13.11,10.66,24.77,10.34,Wet,SAC,2018-10-01T00:00:00Z,2019-10-01T00:00:00Z,-121.39,38.2939
382939N1213904W001,2413291,2018-10-03T00:00:00Z,18.86,16.36,0,32.8,-13.94,32.8,30.3,NA,Electric sounder measurement,Water level accuracy to nearest tenth of a foot,1,Department of Water Resources,NA,1,Department of Water Resources,NA,NA,7462,05N05E12N003M,05N05E12N003M,Unknown,Unknown,5-021.65,South American,Sacramento,334,Irrigation,Single Well,47536,1969-10-20 - 2020-09-17,180,fall,24,55.1,NA,NA,2019,13.11,10.66,24.77,10.34,Wet,SAC,2018-10-01T00:00:00Z,2019-10-01T00:00:00Z,-121.39,38.2939
382939N1213904W001,2410406,2018-09-05T00:00:00Z,18.86,16.36,0,37,-18.14,37,34.5,NA,Electric sounder measurement,Water level accuracy to nearest tenth of a foot,1,Department of Water Resources,NA,1,Department of Water Resources,NA,NA,7462,05N05E12N003M,05N05E12N003M,Unknown,Unknown,5-021.65,South American,Sacramento,334,Irrigation,Single Well,47536,1969-10-20 - 2020-09-17,180,fall,24,55.1,NA,NA,2018,7.09,5.05,12.86,7.14,Below Normal,SAC,2017-10-01T00:00:00Z,2018-10-01T00:00:00Z,-121.39,38.2939
382939N1213904W001,2409318,2018-08-10T00:00:00Z,18.86,16.36,0,38.3,-19.44,38.3,35.8,NA,Electric sounder measurement,Water level accuracy to nearest tenth of a foot,1,Department of Water Resources,NA,1,Department of Water Resources,NA,NA,7462,05N05E12N003M,05N05E12N003M,Unknown,Unknown,5-021.65,South American,Sacramento,334,Irrigation,Single Well,47536,1969-10-20 - 2020-09-17,180,fall,24,55.1,NA,NA,2018,7.09,5.05,12.86,7.14,Below Normal,SAC,2017-10-01T00:00:00Z,2018-10-01T00:00:00Z,-121.39,38.2939
382939N1213904W001,2307717,2018-07-09T00:00:00Z,18.86,16.36,0,33.4,-14.54,33.4,30.9,NA,Electric sounder measurement,Water level accuracy to nearest tenth of a foot,1,Department of Water Resources,NA,1,Department of Water Resources,NA,NA,7462,05N05E12N003M,05N05E12N003M,Unknown,Unknown,5-021.65,South American,Sacramento,334,Irrigation,Single Well,47536,1969-10-20 - 2020-09-17,180,other,NA,NA,NA,NA,2018,7.09,5.05,12.86,7.14,Below Normal,SAC,2017-10-01T00:00:00Z,2018-10-01T00:00:00Z,-121.39,38.2939
382939N1213904W001,2307706,2018-06-07T00:00:00Z,18.86,16.36,0,39.7,-20.84,39.7,37.2,NA,Electric sounder measurement,Water level accuracy to nearest tenth of a foot,1,Department of Water Resources,NA,1,Department of Water Resources,NA,NA,7462,05N05E12N003M,05N05E12N003M,Unknown,Unknown,5-021.65,South American,Sacramento,334,Irrigation,Single Well,47536,1969-10-20 - 2020-09-17,180,other,NA,NA,NA,NA,2018,7.09,5.05,12.86,7.14,Below Normal,SAC,2017-10-01T00:00:00Z,2018-10-01T00:00:00Z,-121.39,38.2939
382939N1213904W001,2307695,2018-04-27T00:00:00Z,18.86,16.36,0,18.9,-0.04,18.9,16.4,NA,Electric sounder measurement,Water level accuracy to nearest tenth of a foot,1,Department of Water Resources,NA,1,Department of Water Resources,NA,NA,7462,05N05E12N003M,05N05E12N003M,Unknown,Unknown,5-021.65,South American,Sacramento,334,Irrigation,Single Well,47536,1969-10-20 - 2020-09-17,180,spring,NA,NA,10.6,39.3,2018,7.09,5.05,12.86,7.14,Below Normal,SAC,2017-10-01T00:00:00Z,2018-10-01T00:00:00Z,-121.39,38.2939
382939N1213904W001,2284874,2018-03-26T00:00:00Z,18.86,16.36,0,18.4,0.46,18.4,15.9,NA,Electric sounder measurement,Water level accuracy to nearest tenth of a foot,1,Department of Water Resources,NA,1,Department of Water Resources,NA,NA,7462,05N05E12N003M,05N05E12N003M,Unknown,Unknown,5-021.65,South American,Sacramento,334,Irrigation,Single Well,47536,1969-10-20 - 2020-09-17,180,spring,NA,NA,10.6,39.3,2018,7.09,5.05,12.86,7.14,Below Normal,SAC,2017-10-01T00:00:00Z,2018-10-01T00:00:00Z,-121.39,38.2939
382939N1213904W001,2283296,2018-02-23T00:00:00Z,18.86,16.36,0,24,-5.14,24,21.5,NA,Electric sounder measurement,Water level accuracy to nearest tenth of a foot,1,Department of Water Resources,NA,1,Department of Water Resources,NA,NA,7462,05N05E12N003M,05N05E12N003M,Unknown,Unknown,5-021.65,South American,Sacramento,334,Irrigation,Single Well,47536,1969-10-20 - 2020-09-17,180,other,NA,NA,NA,NA,2018,7.09,5.05,12.86,7.14,Below Normal,SAC,2017-10-01T00:00:00Z,2018-10-01T00:00:00Z,-121.39,38.2939
382939N1213904W001,2280861,2018-01-29T00:00:00Z,18.86,16.36,0,23.9,-5.04,23.9,21.4,NA,Electric sounder measurement,Water level accuracy to nearest tenth of a foot,1,Department of Water Resources,NA,1,Department of Water Resources,NA,NA,7462,05N05E12N003M,05N05E12N003M,Unknown,Unknown,5-021.65,South American,Sacramento,334,Irrigation,Single Well,47536,1969-10-20 - 2020-09-17,180,other,NA,NA,NA,NA,2018,7.09,5.05,12.86,7.14,Below Normal,SAC,2017-10-01T00:00:00Z,2018-10-01T00:00:00Z,-121.39,38.2939
382939N1213904W001,2276726,2017-12-04T00:00:00Z,18.86,16.36,0,26.8,-7.94,26.8,24.3,NA,Electric sounder measurement,Water level accuracy to nearest tenth of a foot,1,Department of Water Resources,NA,1,Department of Water Resources,NA,NA,7462,05N05E12N003M,05N05E12N003M,Unknown,Unknown,5-021.65,South American,Sacramento,334,Irrigation,Single Well,47536,1969-10-20 - 2020-09-17,180,other,NA,NA,NA,NA,2018,7.09,5.05,12.86,7.14,Below Normal,SAC,2017-10-01T00:00:00Z,2018-10-01T00:00:00Z,-121.39,38.2939
382939N1213904W001,2274536,2017-11-08T00:00:00Z,18.86,16.36,0,35.3,-16.44,35.3,32.8,NA,Electric sounder measurement,Water level accuracy to nearest tenth of a foot,1,Department of Water Resources,NA,1,Department of Water Resources,NA,NA,7462,05N05E12N003M,05N05E12N003M,Unknown,Unknown,5-021.65,South American,Sacramento,334,Irrigation,Single Well,47536,1969-10-20 - 2020-09-17,180,fall,24,55.1,NA,NA,2018,7.09,5.05,12.86,7.14,Below Normal,SAC,2017-10-01T00:00:00Z,2018-10-01T00:00:00Z,-121.39,38.2939
382939N1213904W001,2268272,2017-10-12T00:00:00Z,18.86,16.36,0,35.1,-16.24,35.1,32.6,NA,Electric sounder measurement,Water level accuracy to nearest tenth of a foot,1,Department of Water Resources,NA,1,Department of Water Resources,NA,NA,7462,05N05E12N003M,05N05E12N003M,Unknown,Unknown,5-021.65,South American,Sacramento,334,Irrigation,Single Well,47536,1969-10-20 - 2020-09-17,180,fall,24,55.1,NA,NA,2018,7.09,5.05,12.86,7.14,Below Normal,SAC,2017-10-01T00:00:00Z,2018-10-01T00:00:00Z,-121.39,38.2939
382939N1213904W001,2263186,2017-09-28T00:00:00Z,18.86,16.36,0,35,-16.14,35,32.5,NA,Electric sounder measurement,Water level accuracy to nearest tenth of a foot,1,Department of Water Resources,NA,1,Department of Water Resources,NA,NA,7462,05N05E12N003M,05N05E12N003M,Unknown,Unknown,5-021.65,South American,Sacramento,334,Irrigation,Single Well,47536,1969-10-20 - 2020-09-17,180,fall,24,55.1,NA,NA,2017,26.17,10.69,37.82,14.14,Wet,SAC,2016-10-01T00:00:00Z,2017-10-01T00:00:00Z,-121.39,38.2939
382939N1213904W001,2263185,2017-08-28T00:00:00Z,18.86,16.36,0,35.2,-16.34,35.2,32.7,NA,Electric sounder measurement,Water level accuracy to nearest tenth of a foot,1,Department of Water Resources,NA,1,Department of Water Resources,NA,NA,7462,05N05E12N003M,05N05E12N003M,Unknown,Unknown,5-021.65,South American,Sacramento,334,Irrigation,Single Well,47536,1969-10-20 - 2020-09-17,180,fall,24,55.1,NA,NA,2017,26.17,10.69,37.82,14.14,Wet,SAC,2016-10-01T00:00:00Z,2017-10-01T00:00:00Z,-121.39,38.2939
382939N1213904W001,2263184,2017-06-14T00:00:00Z,18.86,16.36,0,22.4,-3.54,22.4,19.9,NA,Electric sounder measurement,Water level accuracy to nearest tenth of a foot,1,Department of Water Resources,NA,1,Department of Water Resources,NA,NA,7462,05N05E12N003M,05N05E12N003M,Unknown,Unknown,5-021.65,South American,Sacramento,334,Irrigation,Single Well,47536,1969-10-20 - 2020-09-17,180,other,NA,NA,NA,NA,2017,26.17,10.69,37.82,14.14,Wet,SAC,2016-10-01T00:00:00Z,2017-10-01T00:00:00Z,-121.39,38.2939
382939N1213904W001,2263183,2017-05-03T00:00:00Z,18.86,16.36,0,13.8,5.06,13.8,11.3,NA,Electric sounder measurement,Water level accuracy to nearest tenth of a foot,1,Department of Water Resources,NA,1,Department of Water Resources,NA,NA,7462,05N05E12N003M,05N05E12N003M,Unknown,Unknown,5-021.65,South American,Sacramento,334,Irrigation,Single Well,47536,1969-10-20 - 2020-09-17,180,spring,NA,NA,10.6,39.3,2017,26.17,10.69,37.82,14.14,Wet,SAC,2016-10-01T00:00:00Z,2017-10-01T00:00:00Z,-121.39,38.2939
382939N1213904W001,2263182,2017-04-04T00:00:00Z,18.86,16.36,0,13.1,5.76,13.1,10.6,NA,Electric sounder measurement,Water level accuracy to nearest tenth of a foot,1,Department of Water Resources,NA,1,Department of Water Resources,NA,NA,7462,05N05E12N003M,05N05E12N003M,Unknown,Unknown,5-021.65,South American,Sacramento,334,Irrigation,Single Well,47536,1969-10-20 - 2020-09-17,180,spring,NA,NA,10.6,39.3,2017,26.17,10.69,37.82,14.14,Wet,SAC,2016-10-01T00:00:00Z,2017-10-01T00:00:00Z,-121.39,38.2939
382939N1213904W001,2237585,2017-03-07T00:00:00Z,18.86,16.36,0,13.1,5.76,13.1,10.6,NA,Electric sounder measurement,Water level accuracy to nearest tenth of a foot,1,Department of Water Resources,NA,1,Department of Water Resources,NA,NA,7462,05N05E12N003M,05N05E12N003M,Unknown,Unknown,5-021.65,South American,Sacramento,334,Irrigation,Single Well,47536,1969-10-20 - 2020-09-17,180,spring,NA,NA,10.6,39.3,2017,26.17,10.69,37.82,14.14,Wet,SAC,2016-10-01T00:00:00Z,2017-10-01T00:00:00Z,-121.39,38.2939
382939N1213904W001,2223589,2016-12-05T00:00:00Z,18.86,16.36,0,36.1,-17.24,36.1,33.6,NA,Electric sounder measurement,Water level accuracy to nearest tenth of a foot,1,Department of Water Resources,NA,1,Department of Water Resources,NA,NA,7462,05N05E12N003M,05N05E12N003M,Unknown,Unknown,5-021.65,South American,Sacramento,334,Irrigation,Single Well,47536,1969-10-20 - 2020-09-17,180,other,NA,NA,NA,NA,2017,26.17,10.69,37.82,14.14,Wet,SAC,2016-10-01T00:00:00Z,2017-10-01T00:00:00Z,-121.39,38.2939
382939N1213904W001,2220319,2016-11-08T00:00:00Z,18.86,16.36,0,36.6,-17.74,36.6,34.1,NA,Electric sounder measurement,Water level accuracy to nearest tenth of a foot,1,Department of Water Resources,NA,1,Department of Water Resources,NA,NA,7462,05N05E12N003M,05N05E12N003M,Unknown,Unknown,5-021.65,South American,Sacramento,334,Irrigation,Single Well,47536,1969-10-20 - 2020-09-17,180,fall,24,55.1,NA,NA,2017,26.17,10.69,37.82,14.14,Wet,SAC,2016-10-01T00:00:00Z,2017-10-01T00:00:00Z,-121.39,38.2939
382939N1213904W001,2214289,2016-10-05T00:00:00Z,18.86,16.36,0,36.8,-17.94,36.8,34.3,NA,Electric sounder measurement,Water level accuracy to nearest tenth of a foot,1,Department of Water Resources,NA,1,Department of Water Resources,NA,NA,7462,05N05E12N003M,05N05E12N003M,Unknown,Unknown,5-021.65,South American,Sacramento,334,Irrigation,Single Well,47536,1969-10-20 - 2020-09-17,180,fall,24,55.1,NA,NA,2017,26.17,10.69,37.82,14.14,Wet,SAC,2016-10-01T00:00:00Z,2017-10-01T00:00:00Z,-121.39,38.2939
382939N1213904W001,2211351,2016-09-07T00:00:00Z,18.86,16.36,0,37.2,-18.34,37.2,34.7,NA,Electric sounder measurement,Water level accuracy to nearest tenth of a foot,1,Department of Water Resources,NA,1,Department of Water Resources,NA,NA,7462,05N05E12N003M,05N05E12N003M,Unknown,Unknown,5-021.65,South American,Sacramento,334,Irrigation,Single Well,47536,1969-10-20 - 2020-09-17,180,fall,24,55.1,NA,NA,2016,12.24,4.6,17.48,6.71,Below Normal,SAC,2015-10-01T00:00:00Z,2016-10-01T00:00:00Z,-121.39,38.2939
382939N1213904W001,2211363,2016-08-10T00:00:00Z,18.86,16.36,0,37.1,-18.24,37.1,34.6,NA,Electric sounder measurement,Water level accuracy to nearest tenth of a foot,1,Department of Water Resources,NA,1,Department of Water Resources,NA,NA,7462,05N05E12N003M,05N05E12N003M,Unknown,Unknown,5-021.65,South American,Sacramento,334,Irrigation,Single Well,47536,1969-10-20 - 2020-09-17,180,fall,24,55.1,NA,NA,2016,12.24,4.6,17.48,6.71,Below Normal,SAC,2015-10-01T00:00:00Z,2016-10-01T00:00:00Z,-121.39,38.2939
382939N1213904W001,2201503,2016-07-12T00:00:00Z,18.86,16.36,0,36.5,-17.64,36.5,34,NA,Electric sounder measurement,Water level accuracy to nearest tenth of a foot,1,Department of Water Resources,NA,1,Department of Water Resources,NA,NA,7462,05N05E12N003M,05N05E12N003M,Unknown,Unknown,5-021.65,South American,Sacramento,334,Irrigation,Single Well,47536,1969-10-20 - 2020-09-17,180,other,NA,NA,NA,NA,2016,12.24,4.6,17.48,6.71,Below Normal,SAC,2015-10-01T00:00:00Z,2016-10-01T00:00:00Z,-121.39,38.2939
382939N1213904W001,2199230,2016-06-22T00:00:00Z,18.86,16.36,0,36.3,-17.44,36.3,33.8,NA,Electric sounder measurement,Water level accuracy to nearest tenth of a foot,1,Department of Water Resources,NA,1,Department of Water Resources,NA,NA,7462,05N05E12N003M,05N05E12N003M,Unknown,Unknown,5-021.65,South American,Sacramento,334,Irrigation,Single Well,47536,1969-10-20 - 2020-09-17,180,other,NA,NA,NA,NA,2016,12.24,4.6,17.48,6.71,Below Normal,SAC,2015-10-01T00:00:00Z,2016-10-01T00:00:00Z,-121.39,38.2939
382939N1213904W001,2196996,2016-05-17T00:00:00Z,18.86,16.36,0,37.3,-18.44,37.3,34.8,NA,Electric sounder measurement,Water level accuracy to nearest tenth of a foot,1,Department of Water Resources,NA,1,Department of Water Resources,NA,NA,7462,05N05E12N003M,05N05E12N003M,Unknown,Unknown,5-021.65,South American,Sacramento,334,Irrigation,Single Well,47536,1969-10-20 - 2020-09-17,180,spring,NA,NA,10.6,39.3,2016,12.24,4.6,17.48,6.71,Below Normal,SAC,2015-10-01T00:00:00Z,2016-10-01T00:00:00Z,-121.39,38.2939
382939N1213904W001,2192062,2016-04-12T00:00:00Z,18.86,16.36,0,37.4,-18.54,37.4,34.9,NA,Electric sounder measurement,Water level accuracy to nearest tenth of a foot,1,Department of Water Resources,NA,1,Department of Water Resources,NA,NA,7462,05N05E12N003M,05N05E12N003M,Unknown,Unknown,5-021.65,South American,Sacramento,334,Irrigation,Single Well,47536,1969-10-20 - 2020-09-17,180,spring,NA,NA,10.6,39.3,2016,12.24,4.6,17.48,6.71,Below Normal,SAC,2015-10-01T00:00:00Z,2016-10-01T00:00:00Z,-121.39,38.2939
382939N1213904W001,2185737,2016-03-03T00:00:00Z,18.86,16.36,0,37.9,-19.04,37.9,35.4,NA,Electric sounder measurement,Water level accuracy to nearest tenth of a foot,1,Department of Water Resources,NA,1,Department of Water Resources,NA,NA,7462,05N05E12N003M,05N05E12N003M,Unknown,Unknown,5-021.65,South American,Sacramento,334,Irrigation,Single Well,47536,1969-10-20 - 2020-09-17,180,spring,NA,NA,10.6,39.3,2016,12.24,4.6,17.48,6.71,Below Normal,SAC,2015-10-01T00:00:00Z,2016-10-01T00:00:00Z,-121.39,38.2939
382939N1213904W001,2182862,2016-02-08T00:00:00Z,18.86,16.36,0,42.4,-23.54,42.4,39.9,NA,Electric sounder measurement,Water level accuracy to nearest tenth of a foot,1,Department of Water Resources,NA,1,Department of Water Resources,NA,NA,7462,05N05E12N003M,05N05E12N003M,Unknown,Unknown,5-021.65,South American,Sacramento,334,Irrigation,Single Well,47536,1969-10-20 - 2020-09-17,180,other,NA,NA,NA,NA,2016,12.24,4.6,17.48,6.71,Below Normal,SAC,2015-10-01T00:00:00Z,2016-10-01T00:00:00Z,-121.39,38.2939
382939N1213904W001,2182850,2016-02-03T00:00:00Z,18.86,16.36,0,42.4,-23.54,42.4,39.9,NA,Electric sounder measurement,Water level accuracy to nearest tenth of a foot,1,Department of Water Resources,NA,1,Department of Water Resources,NA,NA,7462,05N05E12N003M,05N05E12N003M,Unknown,Unknown,5-021.65,South American,Sacramento,334,Irrigation,Single Well,47536,1969-10-20 - 2020-09-17,180,other,NA,NA,NA,NA,2016,12.24,4.6,17.48,6.71,Below Normal,SAC,2015-10-01T00:00:00Z,2016-10-01T00:00:00Z,-121.39,38.2939
382939N1213904W001,2181033,2016-01-12T00:00:00Z,18.86,16.36,0,42.8,-23.94,42.8,40.3,NA,Electric sounder measurement,Water level accuracy to nearest tenth of a foot,1,Department of Water Resources,NA,1,Department of Water Resources,NA,NA,7462,05N05E12N003M,05N05E12N003M,Unknown,Unknown,5-021.65,South American,Sacramento,334,Irrigation,Single Well,47536,1969-10-20 - 2020-09-17,180,other,NA,NA,NA,NA,2016,12.24,4.6,17.48,6.71,Below Normal,SAC,2015-10-01T00:00:00Z,2016-10-01T00:00:00Z,-121.39,38.2939
382939N1213904W001,2177537,2015-12-17T00:00:00Z,18.86,16.36,0,46.2,-27.34,46.2,43.7,NA,Electric sounder measurement,Water level accuracy to nearest tenth of a foot,1,Department of Water Resources,NA,1,Department of Water Resources,NA,NA,7462,05N05E12N003M,05N05E12N003M,Unknown,Unknown,5-021.65,South American,Sacramento,334,Irrigation,Single Well,47536,1969-10-20 - 2020-09-17,180,other,NA,NA,NA,NA,2016,12.24,4.6,17.48,6.71,Below Normal,SAC,2015-10-01T00:00:00Z,2016-10-01T00:00:00Z,-121.39,38.2939
382939N1213904W001,2175664,2015-11-17T00:00:00Z,18.86,16.36,0,46.9,-28.04,46.9,44.4,NA,Electric sounder measurement,Water level accuracy to nearest tenth of a foot,1,Department of Water Resources,NA,1,Department of Water Resources,NA,NA,7462,05N05E12N003M,05N05E12N003M,Unknown,Unknown,5-021.65,South American,Sacramento,334,Irrigation,Single Well,47536,1969-10-20 - 2020-09-17,180,fall,24,55.1,NA,NA,2016,12.24,4.6,17.48,6.71,Below Normal,SAC,2015-10-01T00:00:00Z,2016-10-01T00:00:00Z,-121.39,38.2939
382939N1213904W001,2157835,2015-10-06T00:00:00Z,18.86,16.36,0,46.8,-27.94,46.8,44.3,NA,Electric sounder measurement,Water level accuracy to nearest tenth of a foot,1,Department of Water Resources,NA,1,Department of Water Resources,NA,NA,7462,05N05E12N003M,05N05E12N003M,Unknown,Unknown,5-021.65,South American,Sacramento,334,Irrigation,Single Well,47536,1969-10-20 - 2020-09-17,180,fall,24,55.1,NA,NA,2016,12.24,4.6,17.48,6.71,Below Normal,SAC,2015-10-01T00:00:00Z,2016-10-01T00:00:00Z,-121.39,38.2939
382939N1213904W001,2153080,2015-09-10T00:00:00Z,18.86,16.36,0,47.5,-28.64,47.5,45,NA,Electric sounder measurement,Water level accuracy to nearest tenth of a foot,1,Department of Water Resources,NA,1,Department of Water Resources,NA,NA,7462,05N05E12N003M,05N05E12N003M,Unknown,Unknown,5-021.65,South American,Sacramento,334,Irrigation,Single Well,47536,1969-10-20 - 2020-09-17,180,fall,24,55.1,NA,NA,2015,6.91,1.77,9.23,4,Critical,SAC,2014-10-01T00:00:00Z,2015-10-01T00:00:00Z,-121.39,38.2939
382939N1213904W001,2149830,2015-08-05T00:00:00Z,18.86,16.36,0,47.2,-28.34,47.2,44.7,NA,Electric sounder measurement,Water level accuracy to nearest tenth of a foot,1,Department of Water Resources,NA,1,Department of Water Resources,NA,NA,7462,05N05E12N003M,05N05E12N003M,Unknown,Unknown,5-021.65,South American,Sacramento,334,Irrigation,Single Well,47536,1969-10-20 - 2020-09-17,180,fall,24,55.1,NA,NA,2015,6.91,1.77,9.23,4,Critical,SAC,2014-10-01T00:00:00Z,2015-10-01T00:00:00Z,-121.39,38.2939
382939N1213904W001,2143849,2015-07-06T00:00:00Z,18.86,16.36,0,46.7,-27.84,46.7,44.2,NA,Electric sounder measurement,Water level accuracy to nearest tenth of a foot,1,Department of Water Resources,NA,1,Department of Water Resources,NA,NA,7462,05N05E12N003M,05N05E12N003M,Unknown,Unknown,5-021.65,South American,Sacramento,334,Irrigation,Single Well,47536,1969-10-20 - 2020-09-17,180,other,NA,NA,NA,NA,2015,6.91,1.77,9.23,4,Critical,SAC,2014-10-01T00:00:00Z,2015-10-01T00:00:00Z,-121.39,38.2939
382939N1213904W001,2143282,2015-06-24T00:00:00Z,18.86,16.36,0,34.7,-15.84,34.7,32.2,NA,Electric sounder measurement,Water level accuracy to nearest tenth of a foot,1,Department of Water Resources,NA,1,Department of Water Resources,NA,NA,7462,05N05E12N003M,05N05E12N003M,Unknown,Unknown,5-021.65,South American,Sacramento,334,Irrigation,Single Well,47536,1969-10-20 - 2020-09-17,180,other,NA,NA,NA,NA,2015,6.91,1.77,9.23,4,Critical,SAC,2014-10-01T00:00:00Z,2015-10-01T00:00:00Z,-121.39,38.2939
382939N1213904W001,2138687,2015-05-18T00:00:00Z,18.86,16.36,0,34.5,-15.64,34.5,32,NA,Electric sounder measurement,Water level accuracy to nearest tenth of a foot,1,Department of Water Resources,NA,1,Department of Water Resources,NA,NA,7462,05N05E12N003M,05N05E12N003M,Unknown,Unknown,5-021.65,South American,Sacramento,334,Irrigation,Single Well,47536,1969-10-20 - 2020-09-17,180,spring,NA,NA,10.6,39.3,2015,6.91,1.77,9.23,4,Critical,SAC,2014-10-01T00:00:00Z,2015-10-01T00:00:00Z,-121.39,38.2939
382939N1213904W001,2137722,2015-04-27T00:00:00Z,18.86,16.36,0,33.9,-15.04,33.9,31.4,NA,Electric sounder measurement,Water level accuracy to nearest tenth of a foot,1,Department of Water Resources,NA,1,Department of Water Resources,NA,NA,7462,05N05E12N003M,05N05E12N003M,Unknown,Unknown,5-021.65,South American,Sacramento,334,Irrigation,Single Well,47536,1969-10-20 - 2020-09-17,180,spring,NA,NA,10.6,39.3,2015,6.91,1.77,9.23,4,Critical,SAC,2014-10-01T00:00:00Z,2015-10-01T00:00:00Z,-121.39,38.2939
382939N1213904W001,2119283,2015-03-23T00:00:00Z,18.86,16.36,0,33.9,-15.04,33.9,31.4,NA,Electric sounder measurement,Water level accuracy to nearest tenth of a foot,1,Department of Water Resources,NA,1,Department of Water Resources,NA,NA,7462,05N05E12N003M,05N05E12N003M,Unknown,Unknown,5-021.65,South American,Sacramento,334,Irrigation,Single Well,47536,1969-10-20 - 2020-09-17,180,spring,NA,NA,10.6,39.3,2015,6.91,1.77,9.23,4,Critical,SAC,2014-10-01T00:00:00Z,2015-10-01T00:00:00Z,-121.39,38.2939
382939N1213904W001,2115208,2015-02-18T00:00:00Z,18.86,16.36,0,34.9,-16.04,34.9,32.4,NA,Electric sounder measurement,Water level accuracy to nearest tenth of a foot,1,Department of Water Resources,NA,1,Department of Water Resources,NA,NA,7462,05N05E12N003M,05N05E12N003M,Unknown,Unknown,5-021.65,South American,Sacramento,334,Irrigation,Single Well,47536,1969-10-20 - 2020-09-17,180,other,NA,NA,NA,NA,2015,6.91,1.77,9.23,4,Critical,SAC,2014-10-01T00:00:00Z,2015-10-01T00:00:00Z,-121.39,38.2939
382939N1213904W001,2113515,2015-01-21T00:00:00Z,18.86,16.36,0,34.9,-16.04,34.9,32.4,NA,Electric sounder measurement,Water level accuracy to nearest tenth of a foot,1,Department of Water Resources,NA,1,Department of Water Resources,NA,NA,7462,05N05E12N003M,05N05E12N003M,Unknown,Unknown,5-021.65,South American,Sacramento,334,Irrigation,Single Well,47536,1969-10-20 - 2020-09-17,180,other,NA,NA,NA,NA,2015,6.91,1.77,9.23,4,Critical,SAC,2014-10-01T00:00:00Z,2015-10-01T00:00:00Z,-121.39,38.2939
382939N1213904W001,2109748,2014-12-08T00:00:00Z,18.86,16.36,0,35.3,-16.44,35.3,32.8,NA,Electric sounder measurement,Water level accuracy to nearest tenth of a foot,1,Department of Water Resources,NA,1,Department of Water Resources,NA,NA,7462,05N05E12N003M,05N05E12N003M,Unknown,Unknown,5-021.65,South American,Sacramento,334,Irrigation,Single Well,47536,1969-10-20 - 2020-09-17,180,other,NA,NA,NA,NA,2015,6.91,1.77,9.23,4,Critical,SAC,2014-10-01T00:00:00Z,2015-10-01T00:00:00Z,-121.39,38.2939
382939N1213904W001,2107487,2014-11-25T00:00:00Z,18.86,16.36,0,36.1,-17.24,36.1,33.6,NA,Electric sounder measurement,Water level accuracy to nearest tenth of a foot,1,Department of Water Resources,NA,1,Department of Water Resources,NA,NA,7462,05N05E12N003M,05N05E12N003M,Unknown,Unknown,5-021.65,South American,Sacramento,334,Irrigation,Single Well,47536,1969-10-20 - 2020-09-17,180,fall,24,55.1,NA,NA,2015,6.91,1.77,9.23,4,Critical,SAC,2014-10-01T00:00:00Z,2015-10-01T00:00:00Z,-121.39,38.2939
382939N1213904W001,2016280,2014-10-14T00:00:00Z,18.86,16.36,0,39,-20.14,39,36.5,NA,Electric sounder measurement,Water level accuracy to nearest tenth of a foot,1,Department of Water Resources,Spoke with Project Director; was a theft on property.,1,Department of Water Resources,NA,NA,7462,05N05E12N003M,05N05E12N003M,Unknown,Unknown,5-021.65,South American,Sacramento,334,Irrigation,Single Well,47536,1969-10-20 - 2020-09-17,180,fall,24,55.1,NA,NA,2015,6.91,1.77,9.23,4,Critical,SAC,2014-10-01T00:00:00Z,2015-10-01T00:00:00Z,-121.39,38.2939
382939N1213904W001,2002536,2014-09-22T00:00:00Z,18.86,16.36,0,44.1,-25.24,44.1,41.6,NA,Electric sounder measurement,Water level accuracy to nearest tenth of a foot,1,Department of Water Resources,Spoke with Preserve and UC contacts,1,Department of Water Resources,NA,NA,7462,05N05E12N003M,05N05E12N003M,Unknown,Unknown,5-021.65,South American,Sacramento,334,Irrigation,Single Well,47536,1969-10-20 - 2020-09-17,180,fall,24,55.1,NA,NA,2014,4.29,2.59,7.46,4.07,Critical,SAC,2013-10-01T00:00:00Z,2014-10-01T00:00:00Z,-121.39,38.2939
382939N1213904W001,1995561,2014-08-21T00:00:00Z,18.86,16.36,0,43.6,-24.74,43.6,41.1,NA,Electric sounder measurement,Water level accuracy to nearest tenth of a foot,1,Department of Water Resources,NA,1,Department of Water Resources,NA,NA,7462,05N05E12N003M,05N05E12N003M,Unknown,Unknown,5-021.65,South American,Sacramento,334,Irrigation,Single Well,47536,1969-10-20 - 2020-09-17,180,fall,24,55.1,NA,NA,2014,4.29,2.59,7.46,4.07,Critical,SAC,2013-10-01T00:00:00Z,2014-10-01T00:00:00Z,-121.39,38.2939
382939N1213904W001,1993609,2014-07-30T00:00:00Z,18.86,16.36,0,43.9,-25.04,43.9,41.4,NA,Electric sounder measurement,Water level accuracy to nearest tenth of a foot,1,Department of Water Resources,NA,1,Department of Water Resources,NA,NA,7462,05N05E12N003M,05N05E12N003M,Unknown,Unknown,5-021.65,South American,Sacramento,334,Irrigation,Single Well,47536,1969-10-20 - 2020-09-17,180,other,NA,NA,NA,NA,2014,4.29,2.59,7.46,4.07,Critical,SAC,2013-10-01T00:00:00Z,2014-10-01T00:00:00Z,-121.39,38.2939
382939N1213904W001,1991008,2014-06-24T00:00:00Z,18.86,16.36,0,38.2,-19.34,38.2,35.7,NA,Electric sounder measurement,Water level accuracy to nearest tenth of a foot,1,Department of Water Resources,NA,1,Department of Water Resources,NA,NA,7462,05N05E12N003M,05N05E12N003M,Unknown,Unknown,5-021.65,South American,Sacramento,334,Irrigation,Single Well,47536,1969-10-20 - 2020-09-17,180,other,NA,NA,NA,NA,2014,4.29,2.59,7.46,4.07,Critical,SAC,2013-10-01T00:00:00Z,2014-10-01T00:00:00Z,-121.39,38.2939
382939N1213904W001,1986340,2014-05-20T00:00:00Z,18.86,16.36,0,37.8,-18.94,37.8,35.3,NA,Electric sounder measurement,Water level accuracy to nearest tenth of a foot,1,Department of Water Resources,NA,1,Department of Water Resources,NA,NA,7462,05N05E12N003M,05N05E12N003M,Unknown,Unknown,5-021.65,South American,Sacramento,334,Irrigation,Single Well,47536,1969-10-20 - 2020-09-17,180,spring,NA,NA,10.6,39.3,2014,4.29,2.59,7.46,4.07,Critical,SAC,2013-10-01T00:00:00Z,2014-10-01T00:00:00Z,-121.39,38.2939
382939N1213904W001,1975901,2014-04-17T00:00:00Z,18.86,16.36,0,31,-12.14,31,28.5,NA,Electric sounder measurement,Water level accuracy to nearest tenth of a foot,1,Department of Water Resources,Oiled sounding tube cap. Opens easily now.,1,Department of Water Resources,NA,NA,7462,05N05E12N003M,05N05E12N003M,Unknown,Unknown,5-021.65,South American,Sacramento,334,Irrigation,Single Well,47536,1969-10-20 - 2020-09-17,180,spring,NA,NA,10.6,39.3,2014,4.29,2.59,7.46,4.07,Critical,SAC,2013-10-01T00:00:00Z,2014-10-01T00:00:00Z,-121.39,38.2939
382939N1213904W001,1878625,2014-03-19T00:00:00Z,18.86,16.36,0,30.2,-11.34,30.2,27.7,NA,Electric sounder measurement,Water level accuracy to nearest tenth of a foot,1,Department of Water Resources,NA,1,Department of Water Resources,NA,NA,7462,05N05E12N003M,05N05E12N003M,Unknown,Unknown,5-021.65,South American,Sacramento,334,Irrigation,Single Well,47536,1969-10-20 - 2020-09-17,180,spring,NA,NA,10.6,39.3,2014,4.29,2.59,7.46,4.07,Critical,SAC,2013-10-01T00:00:00Z,2014-10-01T00:00:00Z,-121.39,38.2939
382939N1213904W001,1876299,2014-02-24T00:00:00Z,18.86,16.36,0,31.1,-12.24,31.1,28.6,NA,Electric sounder measurement,Water level accuracy to nearest tenth of a foot,1,Department of Water Resources,NA,1,Department of Water Resources,NA,NA,7462,05N05E12N003M,05N05E12N003M,Unknown,Unknown,5-021.65,South American,Sacramento,334,Irrigation,Single Well,47536,1969-10-20 - 2020-09-17,180,other,NA,NA,NA,NA,2014,4.29,2.59,7.46,4.07,Critical,SAC,2013-10-01T00:00:00Z,2014-10-01T00:00:00Z,-121.39,38.2939
382939N1213904W001,1825605,2014-01-28T00:00:00Z,18.86,16.36,0,34.7,-15.84,34.7,32.2,NA,Electric sounder measurement,Water level accuracy to nearest tenth of a foot,1,Department of Water Resources,NA,1,Department of Water Resources,NA,NA,7462,05N05E12N003M,05N05E12N003M,Unknown,Unknown,5-021.65,South American,Sacramento,334,Irrigation,Single Well,47536,1969-10-20 - 2020-09-17,180,other,NA,NA,NA,NA,2014,4.29,2.59,7.46,4.07,Critical,SAC,2013-10-01T00:00:00Z,2014-10-01T00:00:00Z,-121.39,38.2939
382939N1213904W001,1808545,2013-12-04T00:00:00Z,18.86,16.36,0,33.5,-14.64,33.5,31,NA,Electric sounder measurement,Water level accuracy to nearest tenth of a foot,1,Department of Water Resources,NA,1,Department of Water Resources,NA,NA,7462,05N05E12N003M,05N05E12N003M,Unknown,Unknown,5-021.65,South American,Sacramento,334,Irrigation,Single Well,47536,1969-10-20 - 2020-09-17,180,other,NA,NA,NA,NA,2014,4.29,2.59,7.46,4.07,Critical,SAC,2013-10-01T00:00:00Z,2014-10-01T00:00:00Z,-121.39,38.2939
382939N1213904W001,1797561,2013-10-30T00:00:00Z,18.86,16.36,0,34.9,-16.04,34.9,32.4,NA,Electric sounder measurement,Water level accuracy to nearest tenth of a foot,1,Department of Water Resources,NA,1,Department of Water Resources,NA,NA,7462,05N05E12N003M,05N05E12N003M,Unknown,Unknown,5-021.65,South American,Sacramento,334,Irrigation,Single Well,47536,1969-10-20 - 2020-09-17,180,fall,24,55.1,NA,NA,2014,4.29,2.59,7.46,4.07,Critical,SAC,2013-10-01T00:00:00Z,2014-10-01T00:00:00Z,-121.39,38.2939
382939N1213904W001,1795872,2013-09-26T00:00:00Z,18.86,16.36,0,35.3,-16.44,35.3,32.8,NA,Electric sounder measurement,Water level accuracy to nearest tenth of a foot,1,Department of Water Resources,NA,1,Department of Water Resources,NA,NA,7462,05N05E12N003M,05N05E12N003M,Unknown,Unknown,5-021.65,South American,Sacramento,334,Irrigation,Single Well,47536,1969-10-20 - 2020-09-17,180,fall,24,55.1,NA,NA,2013,8.52,3.01,12.19,5.83,Dry,SAC,2012-10-01T00:00:00Z,2013-10-01T00:00:00Z,-121.39,38.2939
382939N1213904W001,1745174,2013-08-30T00:00:00Z,18.86,16.36,0,41.5,-22.64,41.5,39,NA,Electric sounder measurement,Water level accuracy to nearest tenth of a foot,1,Department of Water Resources,NA,1,Department of Water Resources,NA,NA,7462,05N05E12N003M,05N05E12N003M,Unknown,Unknown,5-021.65,South American,Sacramento,334,Irrigation,Single Well,47536,1969-10-20 - 2020-09-17,180,fall,24,55.1,NA,NA,2013,8.52,3.01,12.19,5.83,Dry,SAC,2012-10-01T00:00:00Z,2013-10-01T00:00:00Z,-121.39,38.2939
382939N1213904W001,1739490,2013-07-30T00:00:00Z,18.86,16.36,0,40.9,-22.04,40.9,38.4,NA,Electric sounder measurement,Water level accuracy to nearest tenth of a foot,1,Department of Water Resources,NA,1,Department of Water Resources,NA,NA,7462,05N05E12N003M,05N05E12N003M,Unknown,Unknown,5-021.65,South American,Sacramento,334,Irrigation,Single Well,47536,1969-10-20 - 2020-09-17,180,other,NA,NA,NA,NA,2013,8.52,3.01,12.19,5.83,Dry,SAC,2012-10-01T00:00:00Z,2013-10-01T00:00:00Z,-121.39,38.2939
382939N1213904W001,1735653,2013-06-26T00:00:00Z,18.86,16.36,0,41.5,-22.64,41.5,39,NA,Electric sounder measurement,Water level accuracy to nearest tenth of a foot,1,Department of Water Resources,NA,1,Department of Water Resources,NA,NA,7462,05N05E12N003M,05N05E12N003M,Unknown,Unknown,5-021.65,South American,Sacramento,334,Irrigation,Single Well,47536,1969-10-20 - 2020-09-17,180,other,NA,NA,NA,NA,2013,8.52,3.01,12.19,5.83,Dry,SAC,2012-10-01T00:00:00Z,2013-10-01T00:00:00Z,-121.39,38.2939
382939N1213904W001,1703958,2013-03-20T00:00:00Z,18.86,16.36,0,30.8,-11.94,30.8,28.3,NA,Electric sounder measurement,Water level accuracy to nearest tenth of a foot,1,Department of Water Resources,NA,1,Department of Water Resources,NA,NA,7462,05N05E12N003M,05N05E12N003M,Unknown,Unknown,5-021.65,South American,Sacramento,334,Irrigation,Single Well,47536,1969-10-20 - 2020-09-17,180,spring,NA,NA,10.6,39.3,2013,8.52,3.01,12.19,5.83,Dry,SAC,2012-10-01T00:00:00Z,2013-10-01T00:00:00Z,-121.39,38.2939
382939N1213904W001,68837,2012-10-15T00:00:00Z,18.86,16.36,0,34.5,-15.64,34.5,32,NA,Electric sounder measurement,Water level accuracy to nearest tenth of a foot,1,Department of Water Resources,NA,1,Department of Water Resources,NA,NA,7462,05N05E12N003M,05N05E12N003M,Unknown,Unknown,5-021.65,South American,Sacramento,334,Irrigation,Single Well,47536,1969-10-20 - 2020-09-17,180,fall,24,55.1,NA,NA,2013,8.52,3.01,12.19,5.83,Dry,SAC,2012-10-01T00:00:00Z,2013-10-01T00:00:00Z,-121.39,38.2939
382939N1213904W001,55105,2012-03-26T00:00:00Z,18.86,16.36,0,24.8,-5.94,24.8,22.3,NA,Electric sounder measurement,Water level accuracy to nearest hundredth of a foot,1,Department of Water Resources,NA,1,Department of Water Resources,NA,NA,7462,05N05E12N003M,05N05E12N003M,Unknown,Unknown,5-021.65,South American,Sacramento,334,Irrigation,Single Well,47536,1969-10-20 - 2020-09-17,180,spring,NA,NA,10.6,39.3,2012,5.69,5.46,11.84,6.89,Below Normal,SAC,2011-10-01T00:00:00Z,2012-10-01T00:00:00Z,-121.39,38.2939
382939N1213904W001,1566060,2011-10-19T00:00:00Z,18.86,16.36,0,29.6,-10.74,29.6,27.1,NA,Unknown,Water level accuracy is unknown,1,Department of Water Resources,NA,1,Department of Water Resources,NA,NA,7462,05N05E12N003M,05N05E12N003M,Unknown,Unknown,5-021.65,South American,Sacramento,334,Irrigation,Single Well,47536,1969-10-20 - 2020-09-17,180,fall,24,55.1,NA,NA,2012,5.69,5.46,11.84,6.89,Below Normal,SAC,2011-10-01T00:00:00Z,2012-10-01T00:00:00Z,-121.39,38.2939
382939N1213904W001,1566059,2011-04-04T00:00:00Z,18.86,16.36,0,15.5,3.36,15.5,13,NA,Unknown,Water level accuracy is unknown,1,Department of Water Resources,NA,1,Department of Water Resources,NA,NA,7462,05N05E12N003M,05N05E12N003M,Unknown,Unknown,5-021.65,South American,Sacramento,334,Irrigation,Single Well,47536,1969-10-20 - 2020-09-17,180,spring,NA,NA,10.6,39.3,2011,12.68,11.53,25.21,10.54,Wet,SAC,2010-10-01T00:00:00Z,2011-10-01T00:00:00Z,-121.39,38.2939
382939N1213904W001,1566058,2010-11-29T00:00:00Z,18.86,16.36,0,31.5,-12.64,31.5,29,NA,Unknown,Water level accuracy is unknown,1,Department of Water Resources,NA,1,Department of Water Resources,NA,NA,7462,05N05E12N003M,05N05E12N003M,Unknown,Unknown,5-021.65,South American,Sacramento,334,Irrigation,Single Well,47536,1969-10-20 - 2020-09-17,180,fall,24,55.1,NA,NA,2011,12.68,11.53,25.21,10.54,Wet,SAC,2010-10-01T00:00:00Z,2011-10-01T00:00:00Z,-121.39,38.2939
382939N1213904W001,1566057,2010-06-27T00:00:00Z,18.86,16.36,0,39.2,-20.34,39.2,36.7,Oil or foreign substance in casing,Unknown,Water level accuracy is unknown,1,Department of Water Resources,NA,1,Department of Water Resources,NA,NA,7462,05N05E12N003M,05N05E12N003M,Unknown,Unknown,5-021.65,South American,Sacramento,334,Irrigation,Single Well,47536,1969-10-20 - 2020-09-17,180,other,NA,NA,NA,NA,2010,7.45,7.78,16.01,7.08,Below Normal,SAC,2009-10-01T00:00:00Z,2010-10-01T00:00:00Z,-121.39,38.2939
382939N1213904W001,1566055,2009-12-21T00:00:00Z,18.86,16.36,0,32.1,-13.24,32.1,29.6,NA,Unknown,Water level accuracy is unknown,1,Department of Water Resources,NA,1,Department of Water Resources,NA,NA,7462,05N05E12N003M,05N05E12N003M,Unknown,Unknown,5-021.65,South American,Sacramento,334,Irrigation,Single Well,47536,1969-10-20 - 2020-09-17,180,other,NA,NA,NA,NA,2010,7.45,7.78,16.01,7.08,Below Normal,SAC,2009-10-01T00:00:00Z,2010-10-01T00:00:00Z,-121.39,38.2939
382939N1213904W001,1566053,2009-10-19T00:00:00Z,18.86,16.36,0,35,-16.14,35,32.5,NA,Unknown,Water level accuracy is unknown,1,Department of Water Resources,NA,1,Department of Water Resources,NA,NA,7462,05N05E12N003M,05N05E12N003M,Unknown,Unknown,5-021.65,South American,Sacramento,334,Irrigation,Single Well,47536,1969-10-20 - 2020-09-17,180,fall,24,55.1,NA,NA,2010,7.45,7.78,16.01,7.08,Below Normal,SAC,2009-10-01T00:00:00Z,2010-10-01T00:00:00Z,-121.39,38.2939
382939N1213904W001,1566048,2009-05-13T00:00:00Z,18.86,16.36,0,37.4,-18.54,37.4,34.9,NA,Unknown,Water level accuracy is unknown,1,Department of Water Resources,NA,1,Department of Water Resources,NA,NA,7462,05N05E12N003M,05N05E12N003M,Unknown,Unknown,5-021.65,South American,Sacramento,334,Irrigation,Single Well,47536,1969-10-20 - 2020-09-17,180,spring,NA,NA,10.6,39.3,2009,7.05,5.3,13.02,5.78,Dry,SAC,2008-10-01T00:00:00Z,2009-10-01T00:00:00Z,-121.39,38.2939
382939N1213904W001,1566047,2009-04-24T00:00:00Z,18.86,16.36,0,33.5,-14.64,33.5,31,NA,Unknown,Water level accuracy is unknown,1,Department of Water Resources,NA,1,Department of Water Resources,NA,NA,7462,05N05E12N003M,05N05E12N003M,Unknown,Unknown,5-021.65,South American,Sacramento,334,Irrigation,Single Well,47536,1969-10-20 - 2020-09-17,180,spring,NA,NA,10.6,39.3,2009,7.05,5.3,13.02,5.78,Dry,SAC,2008-10-01T00:00:00Z,2009-10-01T00:00:00Z,-121.39,38.2939
382939N1213904W001,1566046,2008-11-18T00:00:00Z,18.86,16.36,0,33.5,-14.64,33.5,31,NA,Unknown,Water level accuracy is unknown,1,Department of Water Resources,NA,1,Department of Water Resources,NA,NA,7462,05N05E12N003M,05N05E12N003M,Unknown,Unknown,5-021.65,South American,Sacramento,334,Irrigation,Single Well,47536,1969-10-20 - 2020-09-17,180,fall,24,55.1,NA,NA,2009,7.05,5.3,13.02,5.78,Dry,SAC,2008-10-01T00:00:00Z,2009-10-01T00:00:00Z,-121.39,38.2939
382939N1213904W001,1566045,2008-03-27T00:00:00Z,18.86,16.36,0,31.1,-12.24,31.1,28.6,NA,Unknown,Water level accuracy is unknown,1,Department of Water Resources,NA,1,Department of Water Resources,NA,NA,7462,05N05E12N003M,05N05E12N003M,Unknown,Unknown,5-021.65,South American,Sacramento,334,Irrigation,Single Well,47536,1969-10-20 - 2020-09-17,180,spring,NA,NA,10.6,39.3,2008,5.9,3.82,10.28,5.16,Critical,SAC,2007-10-01T00:00:00Z,2008-10-01T00:00:00Z,-121.39,38.2939
382939N1213904W001,1566044,2007-10-17T00:00:00Z,18.86,16.36,0,32.1,-13.24,32.1,29.6,NA,Unknown,Water level accuracy is unknown,1,Department of Water Resources,NA,1,Department of Water Resources,NA,NA,7462,05N05E12N003M,05N05E12N003M,Unknown,Unknown,5-021.65,South American,Sacramento,334,Irrigation,Single Well,47536,1969-10-20 - 2020-09-17,180,fall,24,55.1,NA,NA,2008,5.9,3.82,10.28,5.16,Critical,SAC,2007-10-01T00:00:00Z,2008-10-01T00:00:00Z,-121.39,38.2939
382939N1213904W001,1566043,2007-03-26T00:00:00Z,18.86,16.36,0,30.1,-11.24,30.1,27.6,NA,Unknown,Water level accuracy is unknown,1,Department of Water Resources,NA,1,Department of Water Resources,NA,NA,7462,05N05E12N003M,05N05E12N003M,Unknown,Unknown,5-021.65,South American,Sacramento,334,Irrigation,Single Well,47536,1969-10-20 - 2020-09-17,180,spring,NA,NA,10.6,39.3,2007,6.59,3.04,10.28,6.19,Dry,SAC,2006-10-01T00:00:00Z,2007-10-01T00:00:00Z,-121.39,38.2939
382939N1213904W001,1566042,2006-10-16T00:00:00Z,18.86,16.36,0,26.7,-7.84,26.7,24.2,NA,Unknown,Water level accuracy is unknown,1,Department of Water Resources,NA,1,Department of Water Resources,NA,NA,7462,05N05E12N003M,05N05E12N003M,Unknown,Unknown,5-021.65,South American,Sacramento,334,Irrigation,Single Well,47536,1969-10-20 - 2020-09-17,180,fall,24,55.1,NA,NA,2007,6.59,3.04,10.28,6.19,Dry,SAC,2006-10-01T00:00:00Z,2007-10-01T00:00:00Z,-121.39,38.2939
382939N1213904W001,1566040,2005-11-12T00:00:00Z,18.86,16.36,0,34.1,-15.24,34.1,31.6,NA,Unknown,Water level accuracy is unknown,1,Department of Water Resources,NA,1,Department of Water Resources,NA,NA,7462,05N05E12N003M,05N05E12N003M,Unknown,Unknown,5-021.65,South American,Sacramento,334,Irrigation,Single Well,47536,1969-10-20 - 2020-09-17,180,fall,24,55.1,NA,NA,2006,18.06,13.09,32.09,13.2,Wet,SAC,2005-10-01T00:00:00Z,2006-10-01T00:00:00Z,-121.39,38.2939
382939N1213904W001,1566039,2005-04-14T00:00:00Z,18.86,16.36,0,28.1,-9.24,28.1,25.6,NA,Unknown,Water level accuracy is unknown,1,Department of Water Resources,NA,1,Department of Water Resources,NA,NA,7462,05N05E12N003M,05N05E12N003M,Unknown,Unknown,5-021.65,South American,Sacramento,334,Irrigation,Single Well,47536,1969-10-20 - 2020-09-17,180,spring,NA,NA,10.6,39.3,2005,8.4,9.28,18.55,8.49,Above Normal,SAC,2004-10-01T00:00:00Z,2005-10-01T00:00:00Z,-121.39,38.2939
382939N1213904W001,1566038,2004-10-25T00:00:00Z,18.86,16.36,0,32.1,-13.24,32.1,29.6,Oil or foreign substance in casing,Unknown,Water level accuracy is unknown,1,Department of Water Resources,NA,1,Department of Water Resources,NA,NA,7462,05N05E12N003M,05N05E12N003M,Unknown,Unknown,5-021.65,South American,Sacramento,334,Irrigation,Single Well,47536,1969-10-20 - 2020-09-17,180,fall,24,55.1,NA,NA,2005,8.4,9.28,18.55,8.49,Above Normal,SAC,2004-10-01T00:00:00Z,2005-10-01T00:00:00Z,-121.39,38.2939
382939N1213904W001,1566037,2004-03-16T00:00:00Z,18.86,16.36,0,26.9,-8.04,26.9,24.4,NA,Unknown,Water level accuracy is unknown,1,Department of Water Resources,NA,1,Department of Water Resources,NA,NA,7462,05N05E12N003M,05N05E12N003M,Unknown,Unknown,5-021.65,South American,Sacramento,334,Irrigation,Single Well,47536,1969-10-20 - 2020-09-17,180,spring,NA,NA,10.6,39.3,2004,10.95,4.4,16.04,7.51,Below Normal,SAC,2003-10-01T00:00:00Z,2004-10-01T00:00:00Z,-121.39,38.2939
382939N1213904W001,1566036,2003-10-15T00:00:00Z,18.86,16.36,0,33,-14.14,33,30.5,Oil or foreign substance in casing,Unknown,Water level accuracy is unknown,1,Department of Water Resources,NA,1,Department of Water Resources,NA,NA,7462,05N05E12N003M,05N05E12N003M,Unknown,Unknown,5-021.65,South American,Sacramento,334,Irrigation,Single Well,47536,1969-10-20 - 2020-09-17,180,fall,24,55.1,NA,NA,2004,10.95,4.4,16.04,7.51,Below Normal,SAC,2003-10-01T00:00:00Z,2004-10-01T00:00:00Z,-121.39,38.2939
382939N1213904W001,1566035,2003-04-15T00:00:00Z,18.86,16.36,0,27.9,-9.04,27.9,25.4,NA,Unknown,Water level accuracy is unknown,1,Department of Water Resources,NA,1,Department of Water Resources,NA,NA,7462,05N05E12N003M,05N05E12N003M,Unknown,Unknown,5-021.65,South American,Sacramento,334,Irrigation,Single Well,47536,1969-10-20 - 2020-09-17,180,spring,NA,NA,10.6,39.3,2003,10.71,7.74,19.31,8.21,Above Normal,SAC,2002-10-01T00:00:00Z,2003-10-01T00:00:00Z,-121.39,38.2939
382939N1213904W001,1566034,2002-11-14T00:00:00Z,18.86,16.36,0,31.3,-12.44,31.3,28.8,NA,Unknown,Water level accuracy is unknown,1,Department of Water Resources,NA,1,Department of Water Resources,NA,NA,7462,05N05E12N003M,05N05E12N003M,Unknown,Unknown,5-021.65,South American,Sacramento,334,Irrigation,Single Well,47536,1969-10-20 - 2020-09-17,180,fall,24,55.1,NA,NA,2003,10.71,7.74,19.31,8.21,Above Normal,SAC,2002-10-01T00:00:00Z,2003-10-01T00:00:00Z,-121.39,38.2939
382939N1213904W001,1566031,2001-05-29T00:00:00Z,18.86,16.36,0,33.1,-14.24,33.1,30.6,NA,Unknown,Water level accuracy is unknown,1,Department of Water Resources,NA,1,Department of Water Resources,NA,NA,7462,05N05E12N003M,05N05E12N003M,Unknown,Unknown,5-021.65,South American,Sacramento,334,Irrigation,Single Well,47536,1969-10-20 - 2020-09-17,180,spring,NA,NA,10.6,39.3,2001,5.64,3.46,9.81,5.76,Dry,SAC,2000-10-01T00:00:00Z,2001-10-01T00:00:00Z,-121.39,38.2939
382939N1213904W001,1566026,2000-11-30T00:00:00Z,18.86,16.36,0,26.5,-7.64,26.5,24,NA,Unknown,Water level accuracy is unknown,1,Department of Water Resources,NA,1,Department of Water Resources,NA,NA,7462,05N05E12N003M,05N05E12N003M,Unknown,Unknown,5-021.65,South American,Sacramento,334,Irrigation,Single Well,47536,1969-10-20 - 2020-09-17,180,fall,24,55.1,NA,NA,2001,5.64,3.46,9.81,5.76,Dry,SAC,2000-10-01T00:00:00Z,2001-10-01T00:00:00Z,-121.39,38.2939
382939N1213904W001,1566025,2000-04-24T00:00:00Z,18.86,16.36,0,20.7,-1.84,20.7,18.2,NA,Unknown,Water level accuracy is unknown,1,Department of Water Resources,NA,1,Department of Water Resources,NA,NA,7462,05N05E12N003M,05N05E12N003M,Unknown,Unknown,5-021.65,South American,Sacramento,334,Irrigation,Single Well,47536,1969-10-20 - 2020-09-17,180,spring,NA,NA,10.6,39.3,2000,12.06,5.96,18.9,8.94,Above Normal,SAC,1999-10-01T00:00:00Z,2000-10-01T00:00:00Z,-121.39,38.2939
382939N1213904W001,1566030,1998-10-06T00:00:00Z,18.86,16.36,0,29.9,-11.04,29.9,27.4,NA,Unknown,Water level accuracy is unknown,1,Department of Water Resources,NA,1,Department of Water Resources,NA,NA,7462,05N05E12N003M,05N05E12N003M,Unknown,Unknown,5-021.65,South American,Sacramento,334,Irrigation,Single Well,47536,1969-10-20 - 2020-09-17,180,fall,24,55.1,NA,NA,1999,12.97,7.26,21.19,9.8,Wet,SAC,1998-10-01T00:00:00Z,1999-10-01T00:00:00Z,-121.39,38.2939
382939N1213904W001,1566028,1997-11-17T00:00:00Z,18.86,16.36,0,30.9,-12.04,30.9,28.4,NA,Unknown,Water level accuracy is unknown,1,Department of Water Resources,NA,1,Department of Water Resources,NA,NA,7462,05N05E12N003M,05N05E12N003M,Unknown,Unknown,5-021.65,South American,Sacramento,334,Irrigation,Single Well,47536,1969-10-20 - 2020-09-17,180,fall,24,55.1,NA,NA,1998,17.65,12.54,31.4,13.31,Wet,SAC,1997-10-01T00:00:00Z,1998-10-01T00:00:00Z,-121.39,38.2939
382939N1213904W001,1566027,1997-04-11T00:00:00Z,18.86,16.36,0,25,-6.14,25,22.5,NA,Unknown,Water level accuracy is unknown,1,Department of Water Resources,NA,1,Department of Water Resources,NA,NA,7462,05N05E12N003M,05N05E12N003M,Unknown,Unknown,5-021.65,South American,Sacramento,334,Irrigation,Single Well,47536,1969-10-20 - 2020-09-17,180,spring,NA,NA,10.6,39.3,1997,20.22,4.39,25.42,10.82,Wet,SAC,1996-10-01T00:00:00Z,1997-10-01T00:00:00Z,-121.39,38.2939
382939N1213904W001,1566022,1996-11-08T00:00:00Z,18.86,16.36,0,35.8,-16.94,35.8,33.3,NA,Unknown,Water level accuracy is unknown,1,Department of Water Resources,NA,1,Department of Water Resources,NA,NA,7462,05N05E12N003M,05N05E12N003M,Unknown,Unknown,5-021.65,South American,Sacramento,334,Irrigation,Single Well,47536,1969-10-20 - 2020-09-17,180,fall,24,55.1,NA,NA,1997,20.22,4.39,25.42,10.82,Wet,SAC,1996-10-01T00:00:00Z,1997-10-01T00:00:00Z,-121.39,38.2939
382939N1213904W001,1566019,1995-06-23T00:00:00Z,18.86,16.36,0,40.2,-21.34,40.2,37.7,NA,Unknown,Water level accuracy is unknown,1,Department of Water Resources,NA,1,Department of Water Resources,NA,NA,7462,05N05E12N003M,05N05E12N003M,Unknown,Unknown,5-021.65,South American,Sacramento,334,Irrigation,Single Well,47536,1969-10-20 - 2020-09-17,180,other,NA,NA,NA,NA,1995,19.83,13.6,34.55,12.89,Wet,SAC,1994-10-01T00:00:00Z,1995-10-01T00:00:00Z,-121.39,38.2939
382939N1213904W001,1566013,1992-04-01T00:00:00Z,18.86,16.36,0,33.1,-14.24,33.1,30.6,NA,Unknown,Water level accuracy is unknown,1,Department of Water Resources,OIL; WALKED-GATE LOCKED,1,Department of Water Resources,NA,NA,7462,05N05E12N003M,05N05E12N003M,Unknown,Unknown,5-021.65,South American,Sacramento,334,Irrigation,Single Well,47536,1969-10-20 - 2020-09-17,180,spring,NA,NA,10.6,39.3,1992,5.41,2.93,8.87,4.06,Critical,SAC,1991-10-01T00:00:00Z,1992-10-01T00:00:00Z,-121.39,38.2939
382939N1213904W001,1566012,1991-03-14T00:00:00Z,18.86,16.36,0,41.8,-22.94,41.8,39.3,NA,Unknown,Water level accuracy is unknown,1,Department of Water Resources,NA,1,Department of Water Resources,NA,NA,7462,05N05E12N003M,05N05E12N003M,Unknown,Unknown,5-021.65,South American,Sacramento,334,Irrigation,Single Well,47536,1969-10-20 - 2020-09-17,180,spring,NA,NA,10.6,39.3,1991,3.9,4.01,8.44,4.21,Critical,SAC,1990-10-01T00:00:00Z,1991-10-01T00:00:00Z,-121.39,38.2939
382939N1213904W001,1566011,1990-10-16T00:00:00Z,18.86,16.36,0,43.3,-24.44,43.3,40.8,NA,Unknown,Water level accuracy is unknown,1,Department of Water Resources,NA,1,Department of Water Resources,NA,NA,7462,05N05E12N003M,05N05E12N003M,Unknown,Unknown,5-021.65,South American,Sacramento,334,Irrigation,Single Well,47536,1969-10-20 - 2020-09-17,180,fall,24,55.1,NA,NA,1991,3.9,4.01,8.44,4.21,Critical,SAC,1990-10-01T00:00:00Z,1991-10-01T00:00:00Z,-121.39,38.2939
382939N1213904W001,1566010,1990-03-21T00:00:00Z,18.86,16.36,0,32.9,-14.04,32.9,30.4,NA,Unknown,Water level accuracy is unknown,1,Department of Water Resources,NA,1,Department of Water Resources,NA,NA,7462,05N05E12N003M,05N05E12N003M,Unknown,Unknown,5-021.65,South American,Sacramento,334,Irrigation,Single Well,47536,1969-10-20 - 2020-09-17,180,spring,NA,NA,10.6,39.3,1990,4.94,3.72,9.26,4.81,Critical,SAC,1989-10-01T00:00:00Z,1990-10-01T00:00:00Z,-121.39,38.2939
382939N1213904W001,1566008,1989-03-13T00:00:00Z,18.86,16.36,0,32.4,-13.54,32.4,29.9,NA,Unknown,Water level accuracy is unknown,1,Department of Water Resources,NA,1,Department of Water Resources,NA,NA,7462,05N05E12N003M,05N05E12N003M,Unknown,Unknown,5-021.65,South American,Sacramento,334,Irrigation,Single Well,47536,1969-10-20 - 2020-09-17,180,spring,NA,NA,10.6,39.3,1989,9.03,5.07,14.82,6.13,Dry,SAC,1988-10-01T00:00:00Z,1989-10-01T00:00:00Z,-121.39,38.2939
382939N1213904W001,1566007,1988-10-13T00:00:00Z,18.86,16.36,0,42.7,-23.84,42.7,40.2,NA,Unknown,Water level accuracy is unknown,1,Department of Water Resources,NA,1,Department of Water Resources,NA,NA,7462,05N05E12N003M,05N05E12N003M,Unknown,Unknown,5-021.65,South American,Sacramento,334,Irrigation,Single Well,47536,1969-10-20 - 2020-09-17,180,fall,24,55.1,NA,NA,1989,9.03,5.07,14.82,6.13,Dry,SAC,1988-10-01T00:00:00Z,1989-10-01T00:00:00Z,-121.39,38.2939
382939N1213904W001,1566005,1988-03-11T00:00:00Z,18.86,16.36,0,30.2,-11.34,30.2,27.7,NA,Unknown,Water level accuracy is unknown,1,Department of Water Resources,OIL,1,Department of Water Resources,NA,NA,7462,05N05E12N003M,05N05E12N003M,Unknown,Unknown,5-021.65,South American,Sacramento,334,Irrigation,Single Well,47536,1969-10-20 - 2020-09-17,180,spring,NA,NA,10.6,39.3,1988,5.78,2.9,9.23,4.65,Critical,SAC,1987-10-01T00:00:00Z,1988-10-01T00:00:00Z,-121.39,38.2939
382939N1213904W001,1566004,1987-10-15T00:00:00Z,18.86,16.36,0,37.7,-18.84,37.7,35.2,NA,Unknown,Water level accuracy is unknown,1,Department of Water Resources,OIL,1,Department of Water Resources,NA,NA,7462,05N05E12N003M,05N05E12N003M,Unknown,Unknown,5-021.65,South American,Sacramento,334,Irrigation,Single Well,47536,1969-10-20 - 2020-09-17,180,fall,24,55.1,NA,NA,1988,5.78,2.9,9.23,4.65,Critical,SAC,1987-10-01T00:00:00Z,1988-10-01T00:00:00Z,-121.39,38.2939
382939N1213904W001,1566003,1987-03-13T00:00:00Z,18.86,16.36,0,24.9,-6.04,24.9,22.4,NA,Unknown,Water level accuracy is unknown,1,Department of Water Resources,OIL,1,Department of Water Resources,NA,NA,7462,05N05E12N003M,05N05E12N003M,Unknown,Unknown,5-021.65,South American,Sacramento,334,Irrigation,Single Well,47536,1969-10-20 - 2020-09-17,180,spring,NA,NA,10.6,39.3,1987,5.85,2.8,9.27,5.86,Dry,SAC,1986-10-01T00:00:00Z,1987-10-01T00:00:00Z,-121.39,38.2939
382939N1213904W001,1566002,1986-10-20T00:00:00Z,18.86,16.36,0,31.5,-12.64,31.5,29,NA,Unknown,Water level accuracy is unknown,1,Department of Water Resources,OIL,1,Department of Water Resources,NA,NA,7462,05N05E12N003M,05N05E12N003M,Unknown,Unknown,5-021.65,South American,Sacramento,334,Irrigation,Single Well,47536,1969-10-20 - 2020-09-17,180,fall,24,55.1,NA,NA,1987,5.85,2.8,9.27,5.86,Dry,SAC,1986-10-01T00:00:00Z,1987-10-01T00:00:00Z,-121.39,38.2939
382939N1213904W001,1566001,1986-03-19T00:00:00Z,18.86,16.36,0,17.3,1.56,17.3,14.8,NA,Unknown,Water level accuracy is unknown,1,Department of Water Resources,OIL,1,Department of Water Resources,NA,NA,7462,05N05E12N003M,05N05E12N003M,Unknown,Unknown,5-021.65,South American,Sacramento,334,Irrigation,Single Well,47536,1969-10-20 - 2020-09-17,180,spring,NA,NA,10.6,39.3,1986,19.45,5.45,25.83,9.96,Wet,SAC,1985-10-01T00:00:00Z,1986-10-01T00:00:00Z,-121.39,38.2939
382939N1213904W001,1566000,1985-10-04T00:00:00Z,18.86,16.36,0,42.4,-23.54,42.4,39.9,NA,Unknown,Water level accuracy is unknown,1,Department of Water Resources,NA,1,Department of Water Resources,NA,NA,7462,05N05E12N003M,05N05E12N003M,Unknown,Unknown,5-021.65,South American,Sacramento,334,Irrigation,Single Well,47536,1969-10-20 - 2020-09-17,180,fall,24,55.1,NA,NA,1986,19.45,5.45,25.83,9.96,Wet,SAC,1985-10-01T00:00:00Z,1986-10-01T00:00:00Z,-121.39,38.2939
382939N1213904W001,1565999,1985-03-15T00:00:00Z,18.86,16.36,0,23.3,-4.44,23.3,20.8,NA,Unknown,Water level accuracy is unknown,1,Department of Water Resources,OIL,1,Department of Water Resources,NA,NA,7462,05N05E12N003M,05N05E12N003M,Unknown,Unknown,5-021.65,South American,Sacramento,334,Irrigation,Single Well,47536,1969-10-20 - 2020-09-17,180,spring,NA,NA,10.6,39.3,1985,6.24,4,11.04,6.47,Dry,SAC,1984-10-01T00:00:00Z,1985-10-01T00:00:00Z,-121.39,38.2939
382939N1213904W001,1565998,1984-03-28T00:00:00Z,18.86,16.36,0,16.8,2.06,16.8,14.3,NA,Unknown,Water level accuracy is unknown,1,Department of Water Resources,OIL,1,Department of Water Resources,NA,NA,7462,05N05E12N003M,05N05E12N003M,Unknown,Unknown,5-021.65,South American,Sacramento,334,Irrigation,Single Well,47536,1969-10-20 - 2020-09-17,180,spring,NA,NA,10.6,39.3,1984,15.98,5.52,22.35,10,Wet,SAC,1983-10-01T00:00:00Z,1984-10-01T00:00:00Z,-121.39,38.2939
382939N1213904W001,1565997,1983-12-20T00:00:00Z,18.86,16.36,0,18.9,-0.04,18.9,16.4,NA,Unknown,Water level accuracy is unknown,1,Department of Water Resources,NA,1,Department of Water Resources,NA,NA,7462,05N05E12N003M,05N05E12N003M,Unknown,Unknown,5-021.65,South American,Sacramento,334,Irrigation,Single Well,47536,1969-10-20 - 2020-09-17,180,other,NA,NA,NA,NA,1984,15.98,5.52,22.35,10,Wet,SAC,1983-10-01T00:00:00Z,1984-10-01T00:00:00Z,-121.39,38.2939
382939N1213904W001,1565996,1983-04-21T00:00:00Z,18.86,16.36,0,15.6,3.26,15.6,13.1,NA,Unknown,Water level accuracy is unknown,1,Department of Water Resources,NA,1,Department of Water Resources,NA,NA,7462,05N05E12N003M,05N05E12N003M,Unknown,Unknown,5-021.65,South American,Sacramento,334,Irrigation,Single Well,47536,1969-10-20 - 2020-09-17,180,spring,NA,NA,10.6,39.3,1983,22.75,13.66,37.68,15.29,Wet,SAC,1982-10-01T00:00:00Z,1983-10-01T00:00:00Z,-121.39,38.2939
382939N1213904W001,1565994,1982-04-23T00:00:00Z,18.86,16.36,0,18.4,0.46,18.4,15.9,NA,Unknown,Water level accuracy is unknown,1,Department of Water Resources,OIL,1,Department of Water Resources,NA,NA,7462,05N05E12N003M,05N05E12N003M,Unknown,Unknown,5-021.65,South American,Sacramento,334,Irrigation,Single Well,47536,1969-10-20 - 2020-09-17,180,spring,NA,NA,10.6,39.3,1982,20.56,11.82,33.41,12.76,Wet,SAC,1981-10-01T00:00:00Z,1982-10-01T00:00:00Z,-121.39,38.2939
382939N1213904W001,1565993,1981-10-21T00:00:00Z,18.86,16.36,0,43.6,-24.74,43.6,41.1,NA,Unknown,Water level accuracy is unknown,1,Department of Water Resources,NA,1,Department of Water Resources,NA,NA,7462,05N05E12N003M,05N05E12N003M,Unknown,Unknown,5-021.65,South American,Sacramento,334,Irrigation,Single Well,47536,1969-10-20 - 2020-09-17,180,fall,24,55.1,NA,NA,1982,20.56,11.82,33.41,12.76,Wet,SAC,1981-10-01T00:00:00Z,1982-10-01T00:00:00Z,-121.39,38.2939
382939N1213904W001,1565992,1981-03-30T00:00:00Z,18.86,16.36,0,28.7,-9.84,28.7,26.2,NA,Unknown,Water level accuracy is unknown,1,Department of Water Resources,OIL,1,Department of Water Resources,NA,NA,7462,05N05E12N003M,05N05E12N003M,Unknown,Unknown,5-021.65,South American,Sacramento,334,Irrigation,Single Well,47536,1969-10-20 - 2020-09-17,180,spring,NA,NA,10.6,39.3,1981,6.81,3.63,11.1,6.21,Dry,SAC,1980-10-01T00:00:00Z,1981-10-01T00:00:00Z,-121.39,38.2939
382939N1213904W001,1565991,1980-11-06T00:00:00Z,18.86,16.36,0,41.1,-22.24,41.1,38.6,NA,Unknown,Water level accuracy is unknown,1,Department of Water Resources,OIL,1,Department of Water Resources,NA,NA,7462,05N05E12N003M,05N05E12N003M,Unknown,Unknown,5-021.65,South American,Sacramento,334,Irrigation,Single Well,47536,1969-10-20 - 2020-09-17,180,fall,24,55.1,NA,NA,1981,6.81,3.63,11.1,6.21,Dry,SAC,1980-10-01T00:00:00Z,1981-10-01T00:00:00Z,-121.39,38.2939
382939N1213904W001,1565990,1980-04-01T00:00:00Z,18.86,16.36,0,25.4,-6.54,25.4,22.9,NA,Unknown,Water level accuracy is unknown,1,Department of Water Resources,NA,1,Department of Water Resources,NA,NA,7462,05N05E12N003M,05N05E12N003M,Unknown,Unknown,5-021.65,South American,Sacramento,334,Irrigation,Single Well,47536,1969-10-20 - 2020-09-17,180,spring,NA,NA,10.6,39.3,1980,15.49,6,22.33,9.04,Above Normal,SAC,1979-10-01T00:00:00Z,1980-10-01T00:00:00Z,-121.39,38.2939
382939N1213904W001,1565988,1979-03-22T00:00:00Z,18.86,16.36,0,26.8,-7.94,26.8,24.3,NA,Unknown,Water level accuracy is unknown,1,Department of Water Resources,NA,1,Department of Water Resources,NA,NA,7462,05N05E12N003M,05N05E12N003M,Unknown,Unknown,5-021.65,South American,Sacramento,334,Irrigation,Single Well,47536,1969-10-20 - 2020-09-17,180,spring,NA,NA,10.6,39.3,1979,6.06,5.64,12.41,6.67,Below Normal,SAC,1978-10-01T00:00:00Z,1979-10-01T00:00:00Z,-121.39,38.2939
382939N1213904W001,1565987,1978-10-17T00:00:00Z,18.86,16.36,0,44.1,-25.24,44.1,41.6,NA,Unknown,Water level accuracy is unknown,1,Department of Water Resources,OIL,1,Department of Water Resources,NA,NA,7462,05N05E12N003M,05N05E12N003M,Unknown,Unknown,5-021.65,South American,Sacramento,334,Irrigation,Single Well,47536,1969-10-20 - 2020-09-17,180,fall,24,55.1,NA,NA,1979,6.06,5.64,12.41,6.67,Below Normal,SAC,1978-10-01T00:00:00Z,1979-10-01T00:00:00Z,-121.39,38.2939
382939N1213904W001,1565986,1978-03-22T00:00:00Z,18.86,16.36,0,28.3,-9.44,28.3,25.8,NA,Unknown,Water level accuracy is unknown,1,Department of Water Resources,NA,1,Department of Water Resources,NA,NA,7462,05N05E12N003M,05N05E12N003M,Unknown,Unknown,5-021.65,South American,Sacramento,334,Irrigation,Single Well,47536,1969-10-20 - 2020-09-17,180,spring,NA,NA,10.6,39.3,1978,14.9,8.12,23.92,8.65,Above Normal,SAC,1977-10-01T00:00:00Z,1978-10-01T00:00:00Z,-121.39,38.2939
382939N1213904W001,1565985,1977-10-12T00:00:00Z,18.86,16.36,0,57.6,-38.74,57.6,55.1,NA,Unknown,Water level accuracy is unknown,1,Department of Water Resources,NA,1,Department of Water Resources,NA,NA,7462,05N05E12N003M,05N05E12N003M,Unknown,Unknown,5-021.65,South American,Sacramento,334,Irrigation,Single Well,47536,1969-10-20 - 2020-09-17,180,fall,24,55.1,NA,NA,1978,14.9,8.12,23.92,8.65,Above Normal,SAC,1977-10-01T00:00:00Z,1978-10-01T00:00:00Z,-121.39,38.2939
382939N1213904W001,1565983,1976-10-13T00:00:00Z,18.86,16.36,0,46.5,-27.64,46.5,44,NA,Unknown,Water level accuracy is unknown,1,Department of Water Resources,OIL,1,Department of Water Resources,NA,NA,7462,05N05E12N003M,05N05E12N003M,Unknown,Unknown,5-021.65,South American,Sacramento,334,Irrigation,Single Well,47536,1969-10-20 - 2020-09-17,180,fall,24,55.1,NA,NA,1977,2.49,1.93,5.12,3.11,Critical,SAC,1976-10-01T00:00:00Z,1977-10-01T00:00:00Z,-121.39,38.2939
382939N1213904W001,1565981,1975-10-29T00:00:00Z,18.86,16.36,0,34.8,-15.94,34.8,32.3,NA,Unknown,Water level accuracy is unknown,1,Department of Water Resources,OIL,1,Department of Water Resources,NA,NA,7462,05N05E12N003M,05N05E12N003M,Unknown,Unknown,5-021.65,South American,Sacramento,334,Irrigation,Single Well,47536,1969-10-20 - 2020-09-17,180,fall,24,55.1,NA,NA,1976,4.63,2.75,8.2,5.29,Critical,SAC,1975-10-01T00:00:00Z,1976-10-01T00:00:00Z,-121.39,38.2939
382939N1213904W001,1565980,1975-04-09T00:00:00Z,18.86,16.36,0,23.4,-4.54,23.4,20.9,NA,Unknown,Water level accuracy is unknown,1,Department of Water Resources,OIL,1,Department of Water Resources,NA,NA,7462,05N05E12N003M,05N05E12N003M,Unknown,Unknown,5-021.65,South American,Sacramento,334,Irrigation,Single Well,47536,1969-10-20 - 2020-09-17,180,spring,NA,NA,10.6,39.3,1975,9.24,8.95,19.23,9.35,Wet,SAC,1974-10-01T00:00:00Z,1975-10-01T00:00:00Z,-121.39,38.2939
382939N1213904W001,1565979,1974-10-17T00:00:00Z,18.86,16.36,0,37.7,-18.84,37.7,35.2,NA,Unknown,Water level accuracy is unknown,1,Department of Water Resources,OIL,1,Department of Water Resources,NA,NA,7462,05N05E12N003M,05N05E12N003M,Unknown,Unknown,5-021.65,South American,Sacramento,334,Irrigation,Single Well,47536,1969-10-20 - 2020-09-17,180,fall,24,55.1,NA,NA,1975,9.24,8.95,19.23,9.35,Wet,SAC,1974-10-01T00:00:00Z,1975-10-01T00:00:00Z,-121.39,38.2939
382939N1213904W001,1565978,1974-05-02T00:00:00Z,18.86,16.36,0,28.6,-9.74,28.6,26.1,NA,Unknown,Water level accuracy is unknown,1,Department of Water Resources,OIL,1,Department of Water Resources,NA,NA,7462,05N05E12N003M,05N05E12N003M,Unknown,Unknown,5-021.65,South American,Sacramento,334,Irrigation,Single Well,47536,1969-10-20 - 2020-09-17,180,spring,NA,NA,10.6,39.3,1974,21.69,9.78,32.5,12.99,Wet,SAC,1973-10-01T00:00:00Z,1974-10-01T00:00:00Z,-121.39,38.2939
382939N1213904W001,1565977,1973-10-16T00:00:00Z,18.86,16.36,0,36.4,-17.54,36.4,33.9,NA,Unknown,Water level accuracy is unknown,1,Department of Water Resources,OIL,1,Department of Water Resources,NA,NA,7462,05N05E12N003M,05N05E12N003M,Unknown,Unknown,5-021.65,South American,Sacramento,334,Irrigation,Single Well,47536,1969-10-20 - 2020-09-17,180,fall,24,55.1,NA,NA,1974,21.69,9.78,32.5,12.99,Wet,SAC,1973-10-01T00:00:00Z,1974-10-01T00:00:00Z,-121.39,38.2939
382939N1213904W001,1565976,1973-03-22T00:00:00Z,18.86,16.36,0,21.8,-2.94,21.8,19.3,NA,Unknown,Water level accuracy is unknown,1,Department of Water Resources,OIL,1,Department of Water Resources,NA,NA,7462,05N05E12N003M,05N05E12N003M,Unknown,Unknown,5-021.65,South American,Sacramento,334,Irrigation,Single Well,47536,1969-10-20 - 2020-09-17,180,spring,NA,NA,10.6,39.3,1973,12.8,6.38,20.05,8.58,Above Normal,SAC,1972-10-01T00:00:00Z,1973-10-01T00:00:00Z,-121.39,38.2939
382939N1213904W001,1566006,1972-10-16T00:00:00Z,18.86,16.36,0,38.2,-19.34,38.2,35.7,NA,Unknown,Water level accuracy is unknown,1,Department of Water Resources,OIL-LAND IN FIELD HAS BEEN LEVELED,1,Department of Water Resources,NA,NA,7462,05N05E12N003M,05N05E12N003M,Unknown,Unknown,5-021.65,South American,Sacramento,334,Irrigation,Single Well,47536,1969-10-20 - 2020-09-17,180,fall,24,55.1,NA,NA,1973,12.8,6.38,20.05,8.58,Above Normal,SAC,1972-10-01T00:00:00Z,1973-10-01T00:00:00Z,-121.39,38.2939
382939N1213904W001,1565975,1972-03-10T00:00:00Z,18.86,16.36,0,25.8,-6.94,25.8,23.3,NA,Unknown,Water level accuracy is unknown,1,Department of Water Resources,OIL,1,Department of Water Resources,NA,NA,7462,05N05E12N003M,05N05E12N003M,Unknown,Unknown,5-021.65,South American,Sacramento,334,Irrigation,Single Well,47536,1969-10-20 - 2020-09-17,180,spring,NA,NA,10.6,39.3,1972,7.61,5.02,13.43,7.29,Below Normal,SAC,1971-10-01T00:00:00Z,1972-10-01T00:00:00Z,-121.39,38.2939
382939N1213904W001,1565974,1971-10-18T00:00:00Z,18.86,16.36,0,35.9,-17.04,35.9,33.4,NA,Unknown,Water level accuracy is unknown,1,Department of Water Resources,OIL,1,Department of Water Resources,NA,NA,7462,05N05E12N003M,05N05E12N003M,Unknown,Unknown,5-021.65,South American,Sacramento,334,Irrigation,Single Well,47536,1969-10-20 - 2020-09-17,180,fall,24,55.1,NA,NA,1972,7.61,5.02,13.43,7.29,Below Normal,SAC,1971-10-01T00:00:00Z,1972-10-01T00:00:00Z,-121.39,38.2939
382939N1213904W001,1565973,1971-03-18T00:00:00Z,18.86,16.36,0,25,-6.14,25,22.5,NA,Unknown,Water level accuracy is unknown,1,Department of Water Resources,OIL,1,Department of Water Resources,NA,NA,7462,05N05E12N003M,05N05E12N003M,Unknown,Unknown,5-021.65,South American,Sacramento,334,Irrigation,Single Well,47536,1969-10-20 - 2020-09-17,180,spring,NA,NA,10.6,39.3,1971,12.71,8.9,22.57,10.37,Wet,SAC,1970-10-01T00:00:00Z,1971-10-01T00:00:00Z,-121.39,38.2939
382939N1213904W001,1565972,1970-10-16T00:00:00Z,18.86,16.36,0,37.3,-18.44,37.3,34.8,NA,Unknown,Water level accuracy is unknown,1,Department of Water Resources,OIL,1,Department of Water Resources,NA,NA,7462,05N05E12N003M,05N05E12N003M,Unknown,Unknown,5-021.65,South American,Sacramento,334,Irrigation,Single Well,47536,1969-10-20 - 2020-09-17,180,fall,24,55.1,NA,NA,1971,12.71,8.9,22.57,10.37,Wet,SAC,1970-10-01T00:00:00Z,1971-10-01T00:00:00Z,-121.39,38.2939
382939N1213904W001,1565971,1970-03-24T00:00:00Z,18.86,16.36,0,19.6,-0.74,19.6,17.1,NA,Unknown,Water level accuracy is unknown,1,Department of Water Resources,NA,1,Department of Water Resources,NA,NA,7462,05N05E12N003M,05N05E12N003M,Unknown,Unknown,5-021.65,South American,Sacramento,334,Irrigation,Single Well,47536,1969-10-20 - 2020-09-17,180,spring,NA,NA,10.6,39.3,1970,18.87,4.35,24.06,10.4,Wet,SAC,1969-10-01T00:00:00Z,1970-10-01T00:00:00Z,-121.39,38.2939
382939N1213904W001,1565970,1969-10-20T00:00:00Z,18.86,16.36,0,32.9,-14.04,32.9,30.4,NA,Unknown,Water level accuracy is unknown,1,Department of Water Resources,NA,1,Department of Water Resources,NA,NA,7462,05N05E12N003M,05N05E12N003M,Unknown,Unknown,5-021.65,South American,Sacramento,334,Irrigation,Single Well,47536,1969-10-20 - 2020-09-17,180,fall,24,55.1,NA,NA,1970,18.87,4.35,24.06,10.4,Wet,SAC,1969-10-01T00:00:00Z,1970-10-01T00:00:00Z,-121.39,38.2939
