SITE_CODE,WLM_ID,MSMT_DATE,WLM_RPE,WLM_GSE,RDNG_WS,RDNG_RP,WSE,RPE_WSE,GSE_WSE,WLM_QA_DESC,WLM_DESC,WLM_ACC_DESC,WLM_ORG_ID,WLM_ORG_NAME,MSMT_CMT,COOP_AGENCY_ORG_ID,COOP_ORG_NAME,TOP_PRF,BOT_PRF,STN_ID,SWN,WELL_NAME,WLM_METHOD,WLM_ACC,BASIN_CODE,BASIN_NAME,COUNTY_NAME,WELL_DEPTH,WELL_USE,WELL_TYPE,WCR_NO,t_range,n_samples,season,fall_high,fall_low,spring_high,spring_low,water_year,Oct.Mar,Apr.Jul,WYsum,Index,water_year_type,region,water_year_start,water_year_end,X,Y
382920N1214194W001,1565887,2004-03-01T00:00:00Z,18.37,17.37,0,23.8,-5.43,23.8,22.8,NA,Unknown,Water level accuracy is unknown,1,Department of Water Resources,NA,1074,SACRAMENTO MUNICIPAL UTILITY DISTRICT,NA,NA,7459,05N05E10Q001M,NA,Unknown,Unknown,5-021.65,South American,Sacramento,NA,Irrigation,Unknown,NA,1990-03-15 - 2004-03-01,22,spring,NA,NA,22.8,37.3,2004,10.95,4.4,16.04,7.51,Below Normal,SAC,2003-10-01T00:00:00Z,2004-10-01T00:00:00Z,-121.419,38.292
382920N1214194W001,1565888,2003-10-01T00:00:00Z,18.37,17.37,0,27,-8.63,27,26,NA,Unknown,Water level accuracy is unknown,1,Department of Water Resources,NA,1074,SACRAMENTO MUNICIPAL UTILITY DISTRICT,NA,NA,7459,05N05E10Q001M,NA,Unknown,Unknown,5-021.65,South American,Sacramento,NA,Irrigation,Unknown,NA,1990-03-15 - 2004-03-01,22,fall,26,43.2,NA,NA,2004,10.95,4.4,16.04,7.51,Below Normal,SAC,2003-10-01T00:00:00Z,2004-10-01T00:00:00Z,-121.419,38.292
382920N1214194W001,1565886,2003-03-15T00:00:00Z,18.37,17.37,0,25.2,-6.83,25.2,24.2,NA,Unknown,Water level accuracy is unknown,1,Department of Water Resources,NA,1074,SACRAMENTO MUNICIPAL UTILITY DISTRICT,NA,NA,7459,05N05E10Q001M,NA,Unknown,Unknown,5-021.65,South American,Sacramento,NA,Irrigation,Unknown,NA,1990-03-15 - 2004-03-01,22,spring,NA,NA,22.8,37.3,2003,10.71,7.74,19.31,8.21,Above Normal,SAC,2002-10-01T00:00:00Z,2003-10-01T00:00:00Z,-121.419,38.292
382920N1214194W001,1565884,2002-10-01T00:00:00Z,18.37,17.37,0,27.2,-8.83,27.2,26.2,NA,Unknown,Water level accuracy is unknown,1,Department of Water Resources,NA,1074,SACRAMENTO MUNICIPAL UTILITY DISTRICT,NA,NA,7459,05N05E10Q001M,NA,Unknown,Unknown,5-021.65,South American,Sacramento,NA,Irrigation,Unknown,NA,1990-03-15 - 2004-03-01,22,fall,26,43.2,NA,NA,2003,10.71,7.74,19.31,8.21,Above Normal,SAC,2002-10-01T00:00:00Z,2003-10-01T00:00:00Z,-121.419,38.292
382920N1214194W001,1565885,2001-10-01T00:00:00Z,18.37,17.37,0,28.4,-10.03,28.4,27.4,NA,Unknown,Water level accuracy is unknown,1,Department of Water Resources,NA,1074,SACRAMENTO MUNICIPAL UTILITY DISTRICT,NA,NA,7459,05N05E10Q001M,NA,Unknown,Unknown,5-021.65,South American,Sacramento,NA,Irrigation,Unknown,NA,1990-03-15 - 2004-03-01,22,fall,26,43.2,NA,NA,2002,9.32,4.57,14.6,6.35,Dry,SAC,2001-10-01T00:00:00Z,2002-10-01T00:00:00Z,-121.419,38.292
382920N1214194W001,1565883,1998-10-15T00:00:00Z,18.37,17.37,0,27.4,-9.03,27.4,26.4,NA,Unknown,Water level accuracy is unknown,1,Department of Water Resources,NA,1074,SACRAMENTO MUNICIPAL UTILITY DISTRICT,NA,NA,7459,05N05E10Q001M,NA,Unknown,Unknown,5-021.65,South American,Sacramento,NA,Irrigation,Unknown,NA,1990-03-15 - 2004-03-01,22,fall,26,43.2,NA,NA,1999,12.97,7.26,21.19,9.8,Wet,SAC,1998-10-01T00:00:00Z,1999-10-01T00:00:00Z,-121.419,38.292
382920N1214194W001,1565882,1997-10-15T00:00:00Z,18.37,17.37,0,32.9,-14.53,32.9,31.9,NA,Unknown,Water level accuracy is unknown,1,Department of Water Resources,NA,1074,SACRAMENTO MUNICIPAL UTILITY DISTRICT,NA,NA,7459,05N05E10Q001M,NA,Unknown,Unknown,5-021.65,South American,Sacramento,NA,Irrigation,Unknown,NA,1990-03-15 - 2004-03-01,22,fall,26,43.2,NA,NA,1998,17.65,12.54,31.4,13.31,Wet,SAC,1997-10-01T00:00:00Z,1998-10-01T00:00:00Z,-121.419,38.292
382920N1214194W001,1565881,1997-03-15T00:00:00Z,18.37,17.37,0,25.6,-7.23,25.6,24.6,NA,Unknown,Water level accuracy is unknown,1,Department of Water Resources,NA,1074,SACRAMENTO MUNICIPAL UTILITY DISTRICT,NA,NA,7459,05N05E10Q001M,NA,Unknown,Unknown,5-021.65,South American,Sacramento,NA,Irrigation,Unknown,NA,1990-03-15 - 2004-03-01,22,spring,NA,NA,22.8,37.3,1997,20.22,4.39,25.42,10.82,Wet,SAC,1996-10-01T00:00:00Z,1997-10-01T00:00:00Z,-121.419,38.292
382920N1214194W001,1565880,1996-10-15T00:00:00Z,18.37,17.37,0,37.2,-18.83,37.2,36.2,NA,Unknown,Water level accuracy is unknown,1,Department of Water Resources,NA,1074,SACRAMENTO MUNICIPAL UTILITY DISTRICT,NA,NA,7459,05N05E10Q001M,NA,Unknown,Unknown,5-021.65,South American,Sacramento,NA,Irrigation,Unknown,NA,1990-03-15 - 2004-03-01,22,fall,26,43.2,NA,NA,1997,20.22,4.39,25.42,10.82,Wet,SAC,1996-10-01T00:00:00Z,1997-10-01T00:00:00Z,-121.419,38.292
382920N1214194W001,1565879,1996-03-15T00:00:00Z,18.37,17.37,0,31.5,-13.13,31.5,30.5,NA,Unknown,Water level accuracy is unknown,1,Department of Water Resources,NA,1074,SACRAMENTO MUNICIPAL UTILITY DISTRICT,NA,NA,7459,05N05E10Q001M,NA,Unknown,Unknown,5-021.65,South American,Sacramento,NA,Irrigation,Unknown,NA,1990-03-15 - 2004-03-01,22,spring,NA,NA,22.8,37.3,1996,13.05,8.37,22.29,10.26,Wet,SAC,1995-10-01T00:00:00Z,1996-10-01T00:00:00Z,-121.419,38.292
382920N1214194W001,1565878,1995-10-15T00:00:00Z,18.37,17.37,0,39.6,-21.23,39.6,38.6,NA,Unknown,Water level accuracy is unknown,1,Department of Water Resources,NA,1074,SACRAMENTO MUNICIPAL UTILITY DISTRICT,NA,NA,7459,05N05E10Q001M,NA,Unknown,Unknown,5-021.65,South American,Sacramento,NA,Irrigation,Unknown,NA,1990-03-15 - 2004-03-01,22,fall,26,43.2,NA,NA,1996,13.05,8.37,22.29,10.26,Wet,SAC,1995-10-01T00:00:00Z,1996-10-01T00:00:00Z,-121.419,38.292
382920N1214194W001,1565877,1995-03-15T00:00:00Z,18.37,17.37,0,36.5,-18.13,36.5,35.5,NA,Unknown,Water level accuracy is unknown,1,Department of Water Resources,NA,1074,SACRAMENTO MUNICIPAL UTILITY DISTRICT,NA,NA,7459,05N05E10Q001M,NA,Unknown,Unknown,5-021.65,South American,Sacramento,NA,Irrigation,Unknown,NA,1990-03-15 - 2004-03-01,22,spring,NA,NA,22.8,37.3,1995,19.83,13.6,34.55,12.89,Wet,SAC,1994-10-01T00:00:00Z,1995-10-01T00:00:00Z,-121.419,38.292
382920N1214194W001,1565876,1994-10-15T00:00:00Z,18.37,17.37,0,40.8,-22.43,40.8,39.8,NA,Unknown,Water level accuracy is unknown,1,Department of Water Resources,NA,1074,SACRAMENTO MUNICIPAL UTILITY DISTRICT,NA,NA,7459,05N05E10Q001M,NA,Unknown,Unknown,5-021.65,South American,Sacramento,NA,Irrigation,Unknown,NA,1990-03-15 - 2004-03-01,22,fall,26,43.2,NA,NA,1995,19.83,13.6,34.55,12.89,Wet,SAC,1994-10-01T00:00:00Z,1995-10-01T00:00:00Z,-121.419,38.292
382920N1214194W001,1565875,1994-03-15T00:00:00Z,18.37,17.37,0,35.2,-16.83,35.2,34.2,NA,Unknown,Water level accuracy is unknown,1,Department of Water Resources,NA,1074,SACRAMENTO MUNICIPAL UTILITY DISTRICT,NA,NA,7459,05N05E10Q001M,NA,Unknown,Unknown,5-021.65,South American,Sacramento,NA,Irrigation,Unknown,NA,1990-03-15 - 2004-03-01,22,spring,NA,NA,22.8,37.3,1994,4.55,2.73,7.81,5.02,Critical,SAC,1993-10-01T00:00:00Z,1994-10-01T00:00:00Z,-121.419,38.292
382920N1214194W001,1565874,1993-10-15T00:00:00Z,18.37,17.37,0,39.6,-21.23,39.6,38.6,NA,Unknown,Water level accuracy is unknown,1,Department of Water Resources,NA,1074,SACRAMENTO MUNICIPAL UTILITY DISTRICT,NA,NA,7459,05N05E10Q001M,NA,Unknown,Unknown,5-021.65,South American,Sacramento,NA,Irrigation,Unknown,NA,1990-03-15 - 2004-03-01,22,fall,26,43.2,NA,NA,1994,4.55,2.73,7.81,5.02,Critical,SAC,1993-10-01T00:00:00Z,1994-10-01T00:00:00Z,-121.419,38.292
382920N1214194W001,1565873,1993-03-15T00:00:00Z,18.37,17.37,0,34.7,-16.33,34.7,33.7,NA,Unknown,Water level accuracy is unknown,1,Department of Water Resources,NA,1074,SACRAMENTO MUNICIPAL UTILITY DISTRICT,NA,NA,7459,05N05E10Q001M,NA,Unknown,Unknown,5-021.65,South American,Sacramento,NA,Irrigation,Unknown,NA,1990-03-15 - 2004-03-01,22,spring,NA,NA,22.8,37.3,1993,12.44,8.98,22.21,8.54,Above Normal,SAC,1992-10-01T00:00:00Z,1993-10-01T00:00:00Z,-121.419,38.292
382920N1214194W001,1565872,1992-10-15T00:00:00Z,18.37,17.37,0,41.8,-23.43,41.8,40.8,NA,Unknown,Water level accuracy is unknown,1,Department of Water Resources,NA,1074,SACRAMENTO MUNICIPAL UTILITY DISTRICT,NA,NA,7459,05N05E10Q001M,NA,Unknown,Unknown,5-021.65,South American,Sacramento,NA,Irrigation,Unknown,NA,1990-03-15 - 2004-03-01,22,fall,26,43.2,NA,NA,1993,12.44,8.98,22.21,8.54,Above Normal,SAC,1992-10-01T00:00:00Z,1993-10-01T00:00:00Z,-121.419,38.292
382920N1214194W001,1565871,1992-03-15T00:00:00Z,18.37,17.37,0,38.3,-19.93,38.3,37.3,NA,Unknown,Water level accuracy is unknown,1,Department of Water Resources,NA,1074,SACRAMENTO MUNICIPAL UTILITY DISTRICT,NA,NA,7459,05N05E10Q001M,NA,Unknown,Unknown,5-021.65,South American,Sacramento,NA,Irrigation,Unknown,NA,1990-03-15 - 2004-03-01,22,spring,NA,NA,22.8,37.3,1992,5.41,2.93,8.87,4.06,Critical,SAC,1991-10-01T00:00:00Z,1992-10-01T00:00:00Z,-121.419,38.292
382920N1214194W001,1565870,1991-10-15T00:00:00Z,18.37,17.37,0,44.2,-25.83,44.2,43.2,NA,Unknown,Water level accuracy is unknown,1,Department of Water Resources,NA,1074,SACRAMENTO MUNICIPAL UTILITY DISTRICT,NA,NA,7459,05N05E10Q001M,NA,Unknown,Unknown,5-021.65,South American,Sacramento,NA,Irrigation,Unknown,NA,1990-03-15 - 2004-03-01,22,fall,26,43.2,NA,NA,1992,5.41,2.93,8.87,4.06,Critical,SAC,1991-10-01T00:00:00Z,1992-10-01T00:00:00Z,-121.419,38.292
382920N1214194W001,1565869,1991-03-15T00:00:00Z,18.37,17.37,0,37.7,-19.33,37.7,36.7,NA,Unknown,Water level accuracy is unknown,1,Department of Water Resources,NA,1074,SACRAMENTO MUNICIPAL UTILITY DISTRICT,NA,NA,7459,05N05E10Q001M,NA,Unknown,Unknown,5-021.65,South American,Sacramento,NA,Irrigation,Unknown,NA,1990-03-15 - 2004-03-01,22,spring,NA,NA,22.8,37.3,1991,3.9,4.01,8.44,4.21,Critical,SAC,1990-10-01T00:00:00Z,1991-10-01T00:00:00Z,-121.419,38.292
382920N1214194W001,1565868,1990-10-15T00:00:00Z,18.37,17.37,0,39.9,-21.53,39.9,38.9,NA,Unknown,Water level accuracy is unknown,1,Department of Water Resources,NA,1074,SACRAMENTO MUNICIPAL UTILITY DISTRICT,NA,NA,7459,05N05E10Q001M,NA,Unknown,Unknown,5-021.65,South American,Sacramento,NA,Irrigation,Unknown,NA,1990-03-15 - 2004-03-01,22,fall,26,43.2,NA,NA,1991,3.9,4.01,8.44,4.21,Critical,SAC,1990-10-01T00:00:00Z,1991-10-01T00:00:00Z,-121.419,38.292
382920N1214194W001,1565867,1990-03-15T00:00:00Z,18.37,17.37,0,34.9,-16.53,34.9,33.9,NA,Unknown,Water level accuracy is unknown,1,Department of Water Resources,NA,1074,SACRAMENTO MUNICIPAL UTILITY DISTRICT,NA,NA,7459,05N05E10Q001M,NA,Unknown,Unknown,5-021.65,South American,Sacramento,NA,Irrigation,Unknown,NA,1990-03-15 - 2004-03-01,22,spring,NA,NA,22.8,37.3,1990,4.94,3.72,9.26,4.81,Critical,SAC,1989-10-01T00:00:00Z,1990-10-01T00:00:00Z,-121.419,38.292
