SITE_CODE,WLM_ID,MSMT_DATE,WLM_RPE,WLM_GSE,RDNG_WS,RDNG_RP,WSE,RPE_WSE,GSE_WSE,WLM_QA_DESC,WLM_DESC,WLM_ACC_DESC,WLM_ORG_ID,WLM_ORG_NAME,MSMT_CMT,COOP_AGENCY_ORG_ID,COOP_ORG_NAME,TOP_PRF,BOT_PRF,STN_ID,SWN,WELL_NAME,WLM_METHOD,WLM_ACC,BASIN_CODE,BASIN_NAME,COUNTY_NAME,WELL_DEPTH,WELL_USE,WELL_TYPE,WCR_NO,t_range,n_samples,X,Y
382916N1214076W001,1565925,1998-11-10T00:00:00Z,20.87,20.27,0,22.9,-2.03,22.9,22.3,NA,Unknown,Water level accuracy is unknown,1,Department of Water Resources,NA,624,Bureau of Reclamation,NA,NA,7460,05N05E11N001M,NA,Unknown,Unknown,5-021.65,South American,Sacramento,NA,Unknown,Unknown,NA,1990-03-15 - 1999-03-26,19,-121.408,38.2916
382916N1214076W001,1565924,1998-04-27T00:00:00Z,20.87,20.27,0,15.4,5.47,15.4,14.8,NA,Unknown,Water level accuracy is unknown,1,Department of Water Resources,NA,624,Bureau of Reclamation,NA,NA,7460,05N05E11N001M,NA,Unknown,Unknown,5-021.65,South American,Sacramento,NA,Unknown,Unknown,NA,1990-03-15 - 1999-03-26,19,-121.408,38.2916
382916N1214076W001,1565923,1997-10-30T00:00:00Z,20.87,20.27,0,29.8,-8.93,29.8,29.2,NA,Unknown,Water level accuracy is unknown,1,Department of Water Resources,NA,624,Bureau of Reclamation,NA,NA,7460,05N05E11N001M,NA,Unknown,Unknown,5-021.65,South American,Sacramento,NA,Unknown,Unknown,NA,1990-03-15 - 1999-03-26,19,-121.408,38.2916
382916N1214076W001,1565922,1997-03-10T00:00:00Z,20.87,20.27,0,16.6,4.27,16.6,16,NA,Unknown,Water level accuracy is unknown,1,Department of Water Resources,NA,624,Bureau of Reclamation,NA,NA,7460,05N05E11N001M,NA,Unknown,Unknown,5-021.65,South American,Sacramento,NA,Unknown,Unknown,NA,1990-03-15 - 1999-03-26,19,-121.408,38.2916
382916N1214076W001,1565921,1996-10-25T00:00:00Z,20.87,20.27,0,29.9,-9.03,29.9,29.3,NA,Unknown,Water level accuracy is unknown,1,Department of Water Resources,NA,624,Bureau of Reclamation,NA,NA,7460,05N05E11N001M,NA,Unknown,Unknown,5-021.65,South American,Sacramento,NA,Unknown,Unknown,NA,1990-03-15 - 1999-03-26,19,-121.408,38.2916
382916N1214076W001,1565920,1996-03-25T00:00:00Z,20.87,20.27,0,23.3,-2.43,23.3,22.7,NA,Unknown,Water level accuracy is unknown,1,Department of Water Resources,NA,624,Bureau of Reclamation,NA,NA,7460,05N05E11N001M,NA,Unknown,Unknown,5-021.65,South American,Sacramento,NA,Unknown,Unknown,NA,1990-03-15 - 1999-03-26,19,-121.408,38.2916
382916N1214076W001,1565919,1995-10-13T00:00:00Z,20.87,20.27,0,30.4,-9.53,30.4,29.8,NA,Unknown,Water level accuracy is unknown,1,Department of Water Resources,NA,624,Bureau of Reclamation,NA,NA,7460,05N05E11N001M,NA,Unknown,Unknown,5-021.65,South American,Sacramento,NA,Unknown,Unknown,NA,1990-03-15 - 1999-03-26,19,-121.408,38.2916
382916N1214076W001,1565918,1995-04-03T00:00:00Z,20.87,20.27,0,24.8,-3.93,24.8,24.2,NA,Unknown,Water level accuracy is unknown,1,Department of Water Resources,NA,624,Bureau of Reclamation,NA,NA,7460,05N05E11N001M,NA,Unknown,Unknown,5-021.65,South American,Sacramento,NA,Unknown,Unknown,NA,1990-03-15 - 1999-03-26,19,-121.408,38.2916
382916N1214076W001,1565916,1994-03-10T00:00:00Z,20.87,20.27,0,30.4,-9.53,30.4,29.8,NA,Unknown,Water level accuracy is unknown,1,Department of Water Resources,NA,624,Bureau of Reclamation,NA,NA,7460,05N05E11N001M,NA,Unknown,Unknown,5-021.65,South American,Sacramento,NA,Unknown,Unknown,NA,1990-03-15 - 1999-03-26,19,-121.408,38.2916
382916N1214076W001,1565915,1993-10-20T00:00:00Z,20.87,20.27,0,37.3,-16.43,37.3,36.7,NA,Unknown,Water level accuracy is unknown,1,Department of Water Resources,NA,624,Bureau of Reclamation,NA,NA,7460,05N05E11N001M,NA,Unknown,Unknown,5-021.65,South American,Sacramento,NA,Unknown,Unknown,NA,1990-03-15 - 1999-03-26,19,-121.408,38.2916
382916N1214076W001,1565914,1993-03-29T00:00:00Z,20.87,20.27,0,29.6,-8.73,29.6,29,NA,Unknown,Water level accuracy is unknown,1,Department of Water Resources,NA,624,Bureau of Reclamation,NA,NA,7460,05N05E11N001M,NA,Unknown,Unknown,5-021.65,South American,Sacramento,NA,Unknown,Unknown,NA,1990-03-15 - 1999-03-26,19,-121.408,38.2916
382916N1214076W001,1565913,1992-09-29T00:00:00Z,20.87,20.27,0,38.6,-17.73,38.6,38,NA,Unknown,Water level accuracy is unknown,1,Department of Water Resources,NA,624,Bureau of Reclamation,NA,NA,7460,05N05E11N001M,NA,Unknown,Unknown,5-021.65,South American,Sacramento,NA,Unknown,Unknown,NA,1990-03-15 - 1999-03-26,19,-121.408,38.2916
382916N1214076W001,1565912,1992-03-24T00:00:00Z,20.87,20.27,0,33.9,-13.03,33.9,33.3,NA,Unknown,Water level accuracy is unknown,1,Department of Water Resources,NA,624,Bureau of Reclamation,NA,NA,7460,05N05E11N001M,NA,Unknown,Unknown,5-021.65,South American,Sacramento,NA,Unknown,Unknown,NA,1990-03-15 - 1999-03-26,19,-121.408,38.2916
382916N1214076W001,1565911,1991-09-26T00:00:00Z,20.87,20.27,0,41.6,-20.73,41.6,41,NA,Unknown,Water level accuracy is unknown,1,Department of Water Resources,NA,624,Bureau of Reclamation,NA,NA,7460,05N05E11N001M,NA,Unknown,Unknown,5-021.65,South American,Sacramento,NA,Unknown,Unknown,NA,1990-03-15 - 1999-03-26,19,-121.408,38.2916
382916N1214076W001,1565910,1991-02-20T00:00:00Z,20.87,20.27,0,33.3,-12.43,33.3,32.7,NA,Unknown,Water level accuracy is unknown,1,Department of Water Resources,NA,624,Bureau of Reclamation,NA,NA,7460,05N05E11N001M,NA,Unknown,Unknown,5-021.65,South American,Sacramento,NA,Unknown,Unknown,NA,1990-03-15 - 1999-03-26,19,-121.408,38.2916
382916N1214076W001,1565909,1990-09-24T00:00:00Z,20.87,20.27,0,34.5,-13.63,34.5,33.9,NA,Unknown,Water level accuracy is unknown,1,Department of Water Resources,NA,624,Bureau of Reclamation,NA,NA,7460,05N05E11N001M,NA,Unknown,Unknown,5-021.65,South American,Sacramento,NA,Unknown,Unknown,NA,1990-03-15 - 1999-03-26,19,-121.408,38.2916
382916N1214076W001,1565908,1990-03-15T00:00:00Z,20.87,20.27,0,29.8,-8.93,29.8,29.2,NA,Unknown,Water level accuracy is unknown,1,Department of Water Resources,NA,624,Bureau of Reclamation,NA,NA,7460,05N05E11N001M,NA,Unknown,Unknown,5-021.65,South American,Sacramento,NA,Unknown,Unknown,NA,1990-03-15 - 1999-03-26,19,-121.408,38.2916
