SITE_CODE,WLM_ID,MSMT_DATE,WLM_RPE,WLM_GSE,RDNG_WS,RDNG_RP,WSE,RPE_WSE,GSE_WSE,WLM_QA_DESC,WLM_DESC,WLM_ACC_DESC,WLM_ORG_ID,WLM_ORG_NAME,MSMT_CMT,COOP_AGENCY_ORG_ID,COOP_ORG_NAME,TOP_PRF,BOT_PRF,STN_ID,SWN,WELL_NAME,WLM_METHOD,WLM_ACC,BASIN_CODE,BASIN_NAME,COUNTY_NAME,WELL_DEPTH,WELL_USE,WELL_TYPE,WCR_NO,t_range,n_samples,X,Y
382934N1213904W001,1565934,1969-04-02T00:00:00Z,16.36,14.36,0,8.9,7.46,8.9,6.9,NA,Unknown,Water level accuracy is unknown,1,Department of Water Resources,NA,1,Department of Water Resources,NA,NA,28811,05N05E12N001M,NA,Unknown,Unknown,5-021.65,South American,Sacramento,NA,Unknown,Unknown,NA,1966-03-14 - 1969-10-20,9,-121.39,38.2934
382934N1213904W001,1565932,1968-03-12T00:00:00Z,16.36,14.36,0,20.2,-3.84,20.2,18.2,NA,Unknown,Water level accuracy is unknown,1,Department of Water Resources,NA,1,Department of Water Resources,NA,NA,28811,05N05E12N001M,NA,Unknown,Unknown,5-021.65,South American,Sacramento,NA,Unknown,Unknown,NA,1966-03-14 - 1969-10-20,9,-121.39,38.2934
382934N1213904W001,1565931,1967-10-10T00:00:00Z,16.36,14.36,0,25.6,-9.24,25.6,23.6,NA,Unknown,Water level accuracy is unknown,1,Department of Water Resources,NA,1,Department of Water Resources,NA,NA,28811,05N05E12N001M,NA,Unknown,Unknown,5-021.65,South American,Sacramento,NA,Unknown,Unknown,NA,1966-03-14 - 1969-10-20,9,-121.39,38.2934
382934N1213904W001,1565930,1967-03-10T00:00:00Z,16.36,14.36,0,13.4,2.96,13.4,11.4,NA,Unknown,Water level accuracy is unknown,1,Department of Water Resources,NA,1,Department of Water Resources,NA,NA,28811,05N05E12N001M,NA,Unknown,Unknown,5-021.65,South American,Sacramento,NA,Unknown,Unknown,NA,1966-03-14 - 1969-10-20,9,-121.39,38.2934
382934N1213904W001,1565927,1966-03-14T00:00:00Z,16.36,14.36,0,21,-4.64,21,19,NA,Unknown,Water level accuracy is unknown,1,Department of Water Resources,NA,1,Department of Water Resources,NA,NA,28811,05N05E12N001M,NA,Unknown,Unknown,5-021.65,South American,Sacramento,NA,Unknown,Unknown,NA,1966-03-14 - 1969-10-20,9,-121.39,38.2934
