STN_ID.x,SITE_CODE,WLM_ID,MSMT_DATE,WLM_RPE,WLM_GSE,RDNG_WS,RDNG_RP,WSE,RPE_WSE,GSE_WSE,WLM_QA_DESC,WLM_DESC,WLM_ACC_DESC,WLM_ORG_ID,WLM_ORG_NAME,MSMT_CMT,COOP_AGENCY_ORG_ID,COOP_ORG_NAME,STN_ID.y,TOP_PRF,BOT_PRF,STN_ID,SWN,WELL_NAME,WLM_METHOD,WLM_ACC,BASIN_CODE,BASIN_NAME,COUNTY_NAME,WELL_DEPTH,WELL_USE,WELL_TYPE,WCR_NO,t_range,n_samples
7458,383009N1214224W001,2268316,2017-10-16T00:00:00Z,24.19,23.19,1,60,-34.81,59,58,Oil or foreign substance in casing,Steel tape measurement,Water level accuracy to nearest tenth of a foot,1,Department of Water Resources,NA,1,Department of Water Resources,NA,NA,NA,7458,05N05E10C003M,05N05E10C003M,Unknown,Unknown,5-021.65,South American,Sacramento,165,Irrigation,Single Well,1067,1969-09-03 - 2017-10-16,163
7458,383009N1214224W001,2263406,2017-09-27T00:00:00Z,24.19,23.19,2.9,60,-32.91,57.1,56.1,Oil or foreign substance in casing,Steel tape measurement,Water level accuracy to nearest tenth of a foot,1,Department of Water Resources,NA,1,Department of Water Resources,NA,NA,NA,7458,05N05E10C003M,05N05E10C003M,Unknown,Unknown,5-021.65,South American,Sacramento,165,Irrigation,Single Well,1067,1969-09-03 - 2017-10-16,163
7458,383009N1214224W001,2263405,2017-08-29T00:00:00Z,24.19,23.19,3.7,60,-32.11,56.3,55.3,Oil or foreign substance in casing,Steel tape measurement,Water level accuracy to nearest tenth of a foot,1,Department of Water Resources,NA,1,Department of Water Resources,NA,NA,NA,7458,05N05E10C003M,05N05E10C003M,Unknown,Unknown,5-021.65,South American,Sacramento,165,Irrigation,Single Well,1067,1969-09-03 - 2017-10-16,163
7458,383009N1214224W001,2263404,2017-06-15T00:00:00Z,24.19,23.19,1.5,50,-24.31,48.5,47.5,Oil or foreign substance in casing,Steel tape measurement,Water level accuracy to nearest tenth of a foot,1,Department of Water Resources,NA,1,Department of Water Resources,NA,NA,NA,7458,05N05E10C003M,05N05E10C003M,Unknown,Unknown,5-021.65,South American,Sacramento,165,Irrigation,Single Well,1067,1969-09-03 - 2017-10-16,163
7458,383009N1214224W001,2263403,2017-05-04T00:00:00Z,24.19,23.19,3.5,40,-12.31,36.5,35.5,Oil or foreign substance in casing,Steel tape measurement,Water level accuracy to nearest tenth of a foot,1,Department of Water Resources,NA,1,Department of Water Resources,NA,NA,NA,7458,05N05E10C003M,05N05E10C003M,Unknown,Unknown,5-021.65,South American,Sacramento,165,Irrigation,Single Well,1067,1969-09-03 - 2017-10-16,163
7458,383009N1214224W001,2263402,2017-04-10T00:00:00Z,24.19,23.19,5.1,40,-10.71,34.9,33.9,Oil or foreign substance in casing,Steel tape measurement,Water level accuracy to nearest tenth of a foot,1,Department of Water Resources,NA,1,Department of Water Resources,NA,NA,NA,7458,05N05E10C003M,05N05E10C003M,Unknown,Unknown,5-021.65,South American,Sacramento,165,Irrigation,Single Well,1067,1969-09-03 - 2017-10-16,163
7458,383009N1214224W001,2237584,2017-03-07T00:00:00Z,24.19,23.19,5.1,40,-10.71,34.9,33.9,Oil or foreign substance in casing,Steel tape measurement,Water level accuracy to nearest tenth of a foot,1,Department of Water Resources,NA,1,Department of Water Resources,NA,NA,NA,7458,05N05E10C003M,05N05E10C003M,Unknown,Unknown,5-021.65,South American,Sacramento,165,Irrigation,Single Well,1067,1969-09-03 - 2017-10-16,163
7458,383009N1214224W001,2230640,2017-01-23T00:00:00Z,24.19,23.19,1,57,-31.81,56,55,Oil or foreign substance in casing,Steel tape measurement,Water level accuracy to nearest tenth of a foot,1,Department of Water Resources,NA,1,Department of Water Resources,NA,NA,NA,7458,05N05E10C003M,05N05E10C003M,Unknown,Unknown,5-021.65,South American,Sacramento,165,Irrigation,Single Well,1067,1969-09-03 - 2017-10-16,163
7458,383009N1214224W001,2223586,2016-12-05T00:00:00Z,24.19,23.19,3.1,61,-33.71,57.9,56.9,Oil or foreign substance in casing,Steel tape measurement,Water level accuracy to nearest tenth of a foot,1,Department of Water Resources,NA,1,Department of Water Resources,NA,NA,NA,7458,05N05E10C003M,05N05E10C003M,Unknown,Unknown,5-021.65,South American,Sacramento,165,Irrigation,Single Well,1067,1969-09-03 - 2017-10-16,163
7458,383009N1214224W001,2220316,2016-11-08T00:00:00Z,24.19,23.19,2.5,64,-37.31,61.5,60.5,Oil or foreign substance in casing,Steel tape measurement,Water level accuracy to nearest tenth of a foot,1,Department of Water Resources,NA,1,Department of Water Resources,NA,NA,NA,7458,05N05E10C003M,05N05E10C003M,Unknown,Unknown,5-021.65,South American,Sacramento,165,Irrigation,Single Well,1067,1969-09-03 - 2017-10-16,163
7458,383009N1214224W001,2214286,2016-10-05T00:00:00Z,24.19,23.19,-2.7,65,-43.51,67.7,66.7,Oil or foreign substance in casing,Steel tape measurement,Water level accuracy to nearest tenth of a foot,1,Department of Water Resources,NA,1,Department of Water Resources,NA,NA,NA,7458,05N05E10C003M,05N05E10C003M,Unknown,Unknown,5-021.65,South American,Sacramento,165,Irrigation,Single Well,1067,1969-09-03 - 2017-10-16,163
7458,383009N1214224W001,2211348,2016-09-07T00:00:00Z,24.19,23.19,-0.1,69,-44.91,69.1,68.1,Oil or foreign substance in casing,Steel tape measurement,Water level accuracy to nearest tenth of a foot,1,Department of Water Resources,NA,1,Department of Water Resources,NA,NA,NA,7458,05N05E10C003M,05N05E10C003M,Unknown,Unknown,5-021.65,South American,Sacramento,165,Irrigation,Single Well,1067,1969-09-03 - 2017-10-16,163
7458,383009N1214224W001,2211360,2016-08-10T00:00:00Z,24.19,23.19,-0.3,69,-45.11,69.3,68.3,Oil or foreign substance in casing,Steel tape measurement,Water level accuracy to nearest tenth of a foot,1,Department of Water Resources,NA,1,Department of Water Resources,NA,NA,NA,7458,05N05E10C003M,05N05E10C003M,Unknown,Unknown,5-021.65,South American,Sacramento,165,Irrigation,Single Well,1067,1969-09-03 - 2017-10-16,163
7458,383009N1214224W001,2201500,2016-07-12T00:00:00Z,24.19,23.19,0.2,68,-43.61,67.8,66.8,Oil or foreign substance in casing,Steel tape measurement,Water level accuracy to nearest tenth of a foot,1,Department of Water Resources,NA,1,Department of Water Resources,NA,NA,NA,7458,05N05E10C003M,05N05E10C003M,Unknown,Unknown,5-021.65,South American,Sacramento,165,Irrigation,Single Well,1067,1969-09-03 - 2017-10-16,163
7458,383009N1214224W001,2199227,2016-06-22T00:00:00Z,24.19,23.19,0.5,68,-43.31,67.5,66.5,Oil or foreign substance in casing,Steel tape measurement,Water level accuracy to nearest tenth of a foot,1,Department of Water Resources,NA,1,Department of Water Resources,NA,NA,NA,7458,05N05E10C003M,05N05E10C003M,Unknown,Unknown,5-021.65,South American,Sacramento,165,Irrigation,Single Well,1067,1969-09-03 - 2017-10-16,163
7458,383009N1214224W001,2196993,2016-05-17T00:00:00Z,24.19,23.19,-0.1,52,-27.91,52.1,51.1,Oil or foreign substance in casing,Steel tape measurement,Water level accuracy to nearest tenth of a foot,1,Department of Water Resources,NA,1,Department of Water Resources,NA,NA,NA,7458,05N05E10C003M,05N05E10C003M,Unknown,Unknown,5-021.65,South American,Sacramento,165,Irrigation,Single Well,1067,1969-09-03 - 2017-10-16,163
7458,383009N1214224W001,2192059,2016-04-12T00:00:00Z,24.19,23.19,0.7,52,-27.11,51.3,50.3,Oil or foreign substance in casing,Steel tape measurement,Water level accuracy to nearest tenth of a foot,1,Department of Water Resources,NA,1,Department of Water Resources,NA,NA,NA,7458,05N05E10C003M,05N05E10C003M,Unknown,Unknown,5-021.65,South American,Sacramento,165,Irrigation,Single Well,1067,1969-09-03 - 2017-10-16,163
7458,383009N1214224W001,2185734,2016-03-03T00:00:00Z,24.19,23.19,-0.1,52,-27.91,52.1,51.1,Oil or foreign substance in casing,Steel tape measurement,Water level accuracy to nearest tenth of a foot,1,Department of Water Resources,NA,1,Department of Water Resources,NA,NA,NA,7458,05N05E10C003M,05N05E10C003M,Unknown,Unknown,5-021.65,South American,Sacramento,165,Irrigation,Single Well,1067,1969-09-03 - 2017-10-16,163
7458,383009N1214224W001,2182859,2016-02-08T00:00:00Z,24.19,23.19,0.9,58,-32.91,57.1,56.1,Oil or foreign substance in casing,Steel tape measurement,Water level accuracy to nearest tenth of a foot,1,Department of Water Resources,NA,1,Department of Water Resources,NA,NA,NA,7458,05N05E10C003M,05N05E10C003M,Unknown,Unknown,5-021.65,South American,Sacramento,165,Irrigation,Single Well,1067,1969-09-03 - 2017-10-16,163
7458,383009N1214224W001,2182847,2016-02-03T00:00:00Z,24.19,23.19,0.9,58,-32.91,57.1,56.1,Oil or foreign substance in casing,Steel tape measurement,Water level accuracy to nearest tenth of a foot,1,Department of Water Resources,NA,1,Department of Water Resources,NA,NA,NA,7458,05N05E10C003M,05N05E10C003M,Unknown,Unknown,5-021.65,South American,Sacramento,165,Irrigation,Single Well,1067,1969-09-03 - 2017-10-16,163
7458,383009N1214224W001,2181030,2016-01-12T00:00:00Z,24.19,23.19,1.4,60,-34.41,58.6,57.6,Oil or foreign substance in casing,Steel tape measurement,Water level accuracy to nearest tenth of a foot,1,Department of Water Resources,NA,1,Department of Water Resources,NA,NA,NA,7458,05N05E10C003M,05N05E10C003M,Unknown,Unknown,5-021.65,South American,Sacramento,165,Irrigation,Single Well,1067,1969-09-03 - 2017-10-16,163
7458,383009N1214224W001,2177534,2015-12-17T00:00:00Z,24.19,23.19,-0.2,61,-37.01,61.2,60.2,Oil or foreign substance in casing,Steel tape measurement,Water level accuracy to nearest tenth of a foot,1,Department of Water Resources,NA,1,Department of Water Resources,NA,NA,NA,7458,05N05E10C003M,05N05E10C003M,Unknown,Unknown,5-021.65,South American,Sacramento,165,Irrigation,Single Well,1067,1969-09-03 - 2017-10-16,163
7458,383009N1214224W001,2175661,2015-11-17T00:00:00Z,24.19,23.19,0.9,62,-36.91,61.1,60.1,Oil or foreign substance in casing,Steel tape measurement,Water level accuracy to nearest tenth of a foot,1,Department of Water Resources,NA,1,Department of Water Resources,NA,NA,NA,7458,05N05E10C003M,05N05E10C003M,Unknown,Unknown,5-021.65,South American,Sacramento,165,Irrigation,Single Well,1067,1969-09-03 - 2017-10-16,163
7458,383009N1214224W001,2157836,2015-10-06T00:00:00Z,24.19,23.19,0.6,62,-37.21,61.4,60.4,Oil or foreign substance in casing,Steel tape measurement,Water level accuracy to nearest tenth of a foot,1,Department of Water Resources,NA,1,Department of Water Resources,NA,NA,NA,7458,05N05E10C003M,05N05E10C003M,Unknown,Unknown,5-021.65,South American,Sacramento,165,Irrigation,Single Well,1067,1969-09-03 - 2017-10-16,163
7458,383009N1214224W001,2153081,2015-09-10T00:00:00Z,24.19,23.19,0.1,62,-37.71,61.9,60.9,Oil or foreign substance in casing,Steel tape measurement,Water level accuracy to nearest tenth of a foot,1,Department of Water Resources,NA,1,Department of Water Resources,NA,NA,NA,7458,05N05E10C003M,05N05E10C003M,Unknown,Unknown,5-021.65,South American,Sacramento,165,Irrigation,Single Well,1067,1969-09-03 - 2017-10-16,163
7458,383009N1214224W001,2149831,2015-08-05T00:00:00Z,24.19,23.19,1.3,63,-37.51,61.7,60.7,Oil or foreign substance in casing,Steel tape measurement,Water level accuracy to nearest tenth of a foot,1,Department of Water Resources,NA,1,Department of Water Resources,NA,NA,NA,7458,05N05E10C003M,05N05E10C003M,Unknown,Unknown,5-021.65,South American,Sacramento,165,Irrigation,Single Well,1067,1969-09-03 - 2017-10-16,163
7458,383009N1214224W001,2143848,2015-07-06T00:00:00Z,24.19,23.19,0,67,-42.81,67,66,Oil or foreign substance in casing,Steel tape measurement,Water level accuracy to nearest tenth of a foot,1,Department of Water Resources,NA,1,Department of Water Resources,NA,NA,NA,7458,05N05E10C003M,05N05E10C003M,Unknown,Unknown,5-021.65,South American,Sacramento,165,Irrigation,Single Well,1067,1969-09-03 - 2017-10-16,163
7458,383009N1214224W001,2143281,2015-06-24T00:00:00Z,24.19,23.19,-1.1,50,-26.91,51.1,50.1,Oil or foreign substance in casing,Steel tape measurement,Water level accuracy to nearest tenth of a foot,1,Department of Water Resources,NA,1,Department of Water Resources,NA,NA,NA,7458,05N05E10C003M,05N05E10C003M,Unknown,Unknown,5-021.65,South American,Sacramento,165,Irrigation,Single Well,1067,1969-09-03 - 2017-10-16,163
7458,383009N1214224W001,2138686,2015-05-18T00:00:00Z,24.19,23.19,-0.6,49,-25.41,49.6,48.6,Oil or foreign substance in casing,Steel tape measurement,Water level accuracy to nearest tenth of a foot,1,Department of Water Resources,NA,1,Department of Water Resources,NA,NA,NA,7458,05N05E10C003M,05N05E10C003M,Unknown,Unknown,5-021.65,South American,Sacramento,165,Irrigation,Single Well,1067,1969-09-03 - 2017-10-16,163
7458,383009N1214224W001,2137721,2015-04-27T00:00:00Z,24.19,23.19,-0.1,48,-23.91,48.1,47.1,Oil or foreign substance in casing,Steel tape measurement,Water level accuracy to nearest tenth of a foot,1,Department of Water Resources,NA,1,Department of Water Resources,NA,NA,NA,7458,05N05E10C003M,05N05E10C003M,Unknown,Unknown,5-021.65,South American,Sacramento,165,Irrigation,Single Well,1067,1969-09-03 - 2017-10-16,163
7458,383009N1214224W001,2119282,2015-03-23T00:00:00Z,24.19,23.19,-0.3,48,-24.11,48.3,47.3,Oil or foreign substance in casing,Steel tape measurement,Water level accuracy to nearest tenth of a foot,1,Department of Water Resources,NA,1,Department of Water Resources,NA,NA,NA,7458,05N05E10C003M,05N05E10C003M,Unknown,Unknown,5-021.65,South American,Sacramento,165,Irrigation,Single Well,1067,1969-09-03 - 2017-10-16,163
7458,383009N1214224W001,2115207,2015-02-17T00:00:00Z,24.19,23.19,-0.5,48,-24.31,48.5,47.5,Oil or foreign substance in casing,Steel tape measurement,Water level accuracy to nearest tenth of a foot,1,Department of Water Resources,NA,1,Department of Water Resources,NA,NA,NA,7458,05N05E10C003M,05N05E10C003M,Unknown,Unknown,5-021.65,South American,Sacramento,165,Irrigation,Single Well,1067,1969-09-03 - 2017-10-16,163
7458,383009N1214224W001,2113514,2015-01-21T00:00:00Z,24.19,23.19,0.02,49,-24.79,48.98,47.98,Oil or foreign substance in casing,Steel tape measurement,Water level accuracy to nearest tenth of a foot,1,Department of Water Resources,NA,1,Department of Water Resources,NA,NA,NA,7458,05N05E10C003M,05N05E10C003M,Unknown,Unknown,5-021.65,South American,Sacramento,165,Irrigation,Single Well,1067,1969-09-03 - 2017-10-16,163
7458,383009N1214224W001,2109747,2014-12-08T00:00:00Z,24.19,23.19,3,51,-23.81,48,47,Oil or foreign substance in casing,Steel tape measurement,Water level accuracy to nearest tenth of a foot,1,Department of Water Resources,NA,1,Department of Water Resources,NA,NA,NA,7458,05N05E10C003M,05N05E10C003M,Unknown,Unknown,5-021.65,South American,Sacramento,165,Irrigation,Single Well,1067,1969-09-03 - 2017-10-16,163
7458,383009N1214224W001,2107486,2014-11-25T00:00:00Z,24.19,23.19,2.9,54,-26.91,51.1,50.1,Oil or foreign substance in casing,Steel tape measurement,Water level accuracy to nearest tenth of a foot,1,Department of Water Resources,NA,1,Department of Water Resources,NA,NA,NA,7458,05N05E10C003M,05N05E10C003M,Unknown,Unknown,5-021.65,South American,Sacramento,165,Irrigation,Single Well,1067,1969-09-03 - 2017-10-16,163
7458,383009N1214224W001,2016279,2014-10-14T00:00:00Z,24.19,23.19,3.5,60,-32.31,56.5,55.5,Oil or foreign substance in casing,Steel tape measurement,Water level accuracy to nearest tenth of a foot,1,Department of Water Resources,NA,1,Department of Water Resources,NA,NA,NA,7458,05N05E10C003M,05N05E10C003M,Unknown,Unknown,5-021.65,South American,Sacramento,165,Irrigation,Single Well,1067,1969-09-03 - 2017-10-16,163
7458,383009N1214224W001,2002535,2014-09-22T00:00:00Z,24.19,23.19,6,65,-34.81,59,58,Oil or foreign substance in casing,Steel tape measurement,Water level accuracy to nearest tenth of a foot,1,Department of Water Resources,NA,1,Department of Water Resources,NA,NA,NA,7458,05N05E10C003M,05N05E10C003M,Unknown,Unknown,5-021.65,South American,Sacramento,165,Irrigation,Single Well,1067,1969-09-03 - 2017-10-16,163
7458,383009N1214224W001,1995560,2014-08-21T00:00:00Z,24.19,23.19,3.2,67,-39.61,63.8,62.8,Oil or foreign substance in casing,Steel tape measurement,Water level accuracy to nearest tenth of a foot,1,Department of Water Resources,NA,1,Department of Water Resources,NA,NA,NA,7458,05N05E10C003M,05N05E10C003M,Unknown,Unknown,5-021.65,South American,Sacramento,165,Irrigation,Single Well,1067,1969-09-03 - 2017-10-16,163
7458,383009N1214224W001,1993608,2014-07-30T00:00:00Z,24.19,23.19,2,62,-35.81,60,59,Oil or foreign substance in casing,Steel tape measurement,Water level accuracy to nearest tenth of a foot,1,Department of Water Resources,NA,1,Department of Water Resources,NA,NA,NA,7458,05N05E10C003M,05N05E10C003M,Unknown,Unknown,5-021.65,South American,Sacramento,165,Irrigation,Single Well,1067,1969-09-03 - 2017-10-16,163
7458,383009N1214224W001,1991007,2014-06-24T00:00:00Z,24.19,23.19,-0.8,58,-34.61,58.8,57.8,Oil or foreign substance in casing,Steel tape measurement,Water level accuracy to nearest tenth of a foot,1,Department of Water Resources,NA,1,Department of Water Resources,NA,NA,NA,7458,05N05E10C003M,05N05E10C003M,Unknown,Unknown,5-021.65,South American,Sacramento,165,Irrigation,Single Well,1067,1969-09-03 - 2017-10-16,163
7458,383009N1214224W001,1986339,2014-05-20T00:00:00Z,24.19,23.19,-0.3,57,-33.11,57.3,56.3,Oil or foreign substance in casing,Steel tape measurement,Water level accuracy to nearest tenth of a foot,1,Department of Water Resources,NA,1,Department of Water Resources,NA,NA,NA,7458,05N05E10C003M,05N05E10C003M,Unknown,Unknown,5-021.65,South American,Sacramento,165,Irrigation,Single Well,1067,1969-09-03 - 2017-10-16,163
7458,383009N1214224W001,1975900,2014-04-17T00:00:00Z,24.19,23.19,0.1,46,-21.71,45.9,44.9,Oil or foreign substance in casing,Steel tape measurement,Water level accuracy to nearest tenth of a foot,1,Department of Water Resources,NA,1,Department of Water Resources,NA,NA,NA,7458,05N05E10C003M,05N05E10C003M,Unknown,Unknown,5-021.65,South American,Sacramento,165,Irrigation,Single Well,1067,1969-09-03 - 2017-10-16,163
7458,383009N1214224W001,1878624,2014-03-19T00:00:00Z,24.19,23.19,0.8,49,-24.01,48.2,47.2,Oil or foreign substance in casing,Steel tape measurement,Water level accuracy to nearest tenth of a foot,1,Department of Water Resources,NA,1,Department of Water Resources,NA,NA,NA,7458,05N05E10C003M,05N05E10C003M,Unknown,Unknown,5-021.65,South American,Sacramento,165,Irrigation,Single Well,1067,1969-09-03 - 2017-10-16,163
7458,383009N1214224W001,1876298,2014-02-24T00:00:00Z,24.19,23.19,9,56,-22.81,47,46,Oil or foreign substance in casing,Steel tape measurement,Water level accuracy to nearest tenth of a foot,1,Department of Water Resources,NA,1,Department of Water Resources,NA,NA,NA,7458,05N05E10C003M,05N05E10C003M,Unknown,Unknown,5-021.65,South American,Sacramento,165,Irrigation,Single Well,1067,1969-09-03 - 2017-10-16,163
7458,383009N1214224W001,1825604,2014-01-28T00:00:00Z,24.19,23.19,1.2,55,-29.61,53.8,52.8,Oil or foreign substance in casing,Steel tape measurement,Water level accuracy to nearest tenth of a foot,1,Department of Water Resources,NA,1,Department of Water Resources,NA,NA,NA,7458,05N05E10C003M,05N05E10C003M,Unknown,Unknown,5-021.65,South American,Sacramento,165,Irrigation,Single Well,1067,1969-09-03 - 2017-10-16,163
7458,383009N1214224W001,1808544,2013-12-04T00:00:00Z,24.19,23.19,1.1,48,-22.71,46.9,45.9,Oil or foreign substance in casing,Steel tape measurement,Water level accuracy to nearest tenth of a foot,1,Department of Water Resources,NA,1,Department of Water Resources,NA,NA,NA,7458,05N05E10C003M,05N05E10C003M,Unknown,Unknown,5-021.65,South American,Sacramento,165,Irrigation,Single Well,1067,1969-09-03 - 2017-10-16,163
7458,383009N1214224W001,1797560,2013-10-30T00:00:00Z,24.19,23.19,3.7,50,-22.11,46.3,45.3,Oil or foreign substance in casing,Steel tape measurement,Water level accuracy to nearest tenth of a foot,1,Department of Water Resources,NA,1,Department of Water Resources,NA,NA,NA,7458,05N05E10C003M,05N05E10C003M,Unknown,Unknown,5-021.65,South American,Sacramento,165,Irrigation,Single Well,1067,1969-09-03 - 2017-10-16,163
7458,383009N1214224W001,1795871,2013-09-26T00:00:00Z,24.19,23.19,11.2,59,-23.61,47.8,46.8,Oil or foreign substance in casing,Steel tape measurement,Water level accuracy to nearest tenth of a foot,1,Department of Water Resources,NA,1,Department of Water Resources,NA,NA,NA,7458,05N05E10C003M,05N05E10C003M,Unknown,Unknown,5-021.65,South American,Sacramento,165,Irrigation,Single Well,1067,1969-09-03 - 2017-10-16,163
7458,383009N1214224W001,1745173,2013-08-30T00:00:00Z,24.19,23.19,7.5,62,-30.31,54.5,53.5,Oil or foreign substance in casing,Steel tape measurement,Water level accuracy to nearest tenth of a foot,1,Department of Water Resources,NA,1,Department of Water Resources,NA,NA,NA,7458,05N05E10C003M,05N05E10C003M,Unknown,Unknown,5-021.65,South American,Sacramento,165,Irrigation,Single Well,1067,1969-09-03 - 2017-10-16,163
7458,383009N1214224W001,1739489,2013-07-30T00:00:00Z,24.19,23.19,-0.1,62,-37.91,62.1,61.1,Oil or foreign substance in casing,Steel tape measurement,Water level accuracy to nearest tenth of a foot,1,Department of Water Resources,NA,1,Department of Water Resources,NA,NA,NA,7458,05N05E10C003M,05N05E10C003M,Unknown,Unknown,5-021.65,South American,Sacramento,165,Irrigation,Single Well,1067,1969-09-03 - 2017-10-16,163
7458,383009N1214224W001,1735652,2013-06-26T00:00:00Z,24.19,23.19,0.3,60,-35.51,59.7,58.7,Oil or foreign substance in casing,Steel tape measurement,Water level accuracy to nearest tenth of a foot,1,Department of Water Resources,NA,1,Department of Water Resources,NA,NA,NA,7458,05N05E10C003M,05N05E10C003M,Unknown,Unknown,5-021.65,South American,Sacramento,165,Irrigation,Single Well,1067,1969-09-03 - 2017-10-16,163
7458,383009N1214224W001,1703957,2013-03-20T00:00:00Z,24.19,23.19,-0.4,42,-18.21,42.4,41.4,Oil or foreign substance in casing,Steel tape measurement,Water level accuracy to nearest tenth of a foot,1,Department of Water Resources,NA,1,Department of Water Resources,NA,NA,NA,7458,05N05E10C003M,05N05E10C003M,Unknown,Unknown,5-021.65,South American,Sacramento,165,Irrigation,Single Well,1067,1969-09-03 - 2017-10-16,163
7458,383009N1214224W001,68836,2012-10-15T00:00:00Z,24.19,23.19,-0.2,47,-23.01,47.2,46.2,Oil or foreign substance in casing,Steel tape measurement,Water level accuracy to nearest tenth of a foot,1,Department of Water Resources,NA,1,Department of Water Resources,NA,NA,NA,7458,05N05E10C003M,05N05E10C003M,Unknown,Unknown,5-021.65,South American,Sacramento,165,Irrigation,Single Well,1067,1969-09-03 - 2017-10-16,163
7458,383009N1214224W001,55104,2012-03-26T00:00:00Z,24.19,23.19,2.3,43,-16.51,40.7,39.7,Oil or foreign substance in casing,Steel tape measurement,Water level accuracy to nearest hundredth of a foot,1,Department of Water Resources,NA,1,Department of Water Resources,NA,NA,NA,7458,05N05E10C003M,05N05E10C003M,Unknown,Unknown,5-021.65,South American,Sacramento,165,Irrigation,Single Well,1067,1969-09-03 - 2017-10-16,163
7458,383009N1214224W001,1565866,2011-10-19T00:00:00Z,24.19,23.19,0,45,-20.81,45,44,Oil or foreign substance in casing,Unknown,Water level accuracy is unknown,1,Department of Water Resources,NA,1,Department of Water Resources,NA,NA,NA,7458,05N05E10C003M,05N05E10C003M,Unknown,Unknown,5-021.65,South American,Sacramento,165,Irrigation,Single Well,1067,1969-09-03 - 2017-10-16,163
7458,383009N1214224W001,1565865,2011-04-04T00:00:00Z,24.19,23.19,0,39.2,-15.01,39.2,38.2,Oil or foreign substance in casing,Unknown,Water level accuracy is unknown,1,Department of Water Resources,NA,1,Department of Water Resources,NA,NA,NA,7458,05N05E10C003M,05N05E10C003M,Unknown,Unknown,5-021.65,South American,Sacramento,165,Irrigation,Single Well,1067,1969-09-03 - 2017-10-16,163
7458,383009N1214224W001,1565864,2010-11-29T00:00:00Z,24.19,23.19,0,45.7,-21.51,45.7,44.7,NA,Unknown,Water level accuracy is unknown,1,Department of Water Resources,NA,1,Department of Water Resources,NA,NA,NA,7458,05N05E10C003M,05N05E10C003M,Unknown,Unknown,5-021.65,South American,Sacramento,165,Irrigation,Single Well,1067,1969-09-03 - 2017-10-16,163
7458,383009N1214224W001,1565863,2010-07-26T00:00:00Z,24.19,23.19,0,46.5,-22.31,46.5,45.5,Oil or foreign substance in casing,Unknown,Water level accuracy is unknown,1,Department of Water Resources,NA,1,Department of Water Resources,NA,NA,NA,7458,05N05E10C003M,05N05E10C003M,Unknown,Unknown,5-021.65,South American,Sacramento,165,Irrigation,Single Well,1067,1969-09-03 - 2017-10-16,163
7458,383009N1214224W001,1565862,2010-03-22T00:00:00Z,24.19,23.19,0,44.7,-20.51,44.7,43.7,NA,Unknown,Water level accuracy is unknown,1,Department of Water Resources,NA,1,Department of Water Resources,NA,NA,NA,7458,05N05E10C003M,05N05E10C003M,Unknown,Unknown,5-021.65,South American,Sacramento,165,Irrigation,Single Well,1067,1969-09-03 - 2017-10-16,163
7458,383009N1214224W001,1565861,2009-12-21T00:00:00Z,24.19,23.19,0,36,-11.81,36,35,Oil or foreign substance in casing,Unknown,Water level accuracy is unknown,1,Department of Water Resources,NA,1,Department of Water Resources,NA,NA,NA,7458,05N05E10C003M,05N05E10C003M,Unknown,Unknown,5-021.65,South American,Sacramento,165,Irrigation,Single Well,1067,1969-09-03 - 2017-10-16,163
7458,383009N1214224W001,1565859,2009-10-19T00:00:00Z,24.19,23.19,0,48.7,-24.51,48.7,47.7,Oil or foreign substance in casing,Unknown,Water level accuracy is unknown,1,Department of Water Resources,NA,1,Department of Water Resources,NA,NA,NA,7458,05N05E10C003M,05N05E10C003M,Unknown,Unknown,5-021.65,South American,Sacramento,165,Irrigation,Single Well,1067,1969-09-03 - 2017-10-16,163
7458,383009N1214224W001,1565858,2009-09-15T00:00:00Z,24.19,23.19,0,61,-36.81,61,60,Oil or foreign substance in casing,Unknown,Water level accuracy is unknown,1,Department of Water Resources,NA,1,Department of Water Resources,NA,NA,NA,7458,05N05E10C003M,05N05E10C003M,Unknown,Unknown,5-021.65,South American,Sacramento,165,Irrigation,Single Well,1067,1969-09-03 - 2017-10-16,163
7458,383009N1214224W001,1565857,2009-08-11T00:00:00Z,24.19,23.19,0,63.5,-39.31,63.5,62.5,Oil or foreign substance in casing,Unknown,Water level accuracy is unknown,1,Department of Water Resources,NA,1,Department of Water Resources,NA,NA,NA,7458,05N05E10C003M,05N05E10C003M,Unknown,Unknown,5-021.65,South American,Sacramento,165,Irrigation,Single Well,1067,1969-09-03 - 2017-10-16,163
7458,383009N1214224W001,1565856,2009-07-15T00:00:00Z,24.19,23.19,0,63,-38.81,63,62,Oil or foreign substance in casing,Unknown,Water level accuracy is unknown,1,Department of Water Resources,NA,1,Department of Water Resources,NA,NA,NA,7458,05N05E10C003M,05N05E10C003M,Unknown,Unknown,5-021.65,South American,Sacramento,165,Irrigation,Single Well,1067,1969-09-03 - 2017-10-16,163
7458,383009N1214224W001,1565855,2009-06-23T00:00:00Z,24.19,23.19,0,55,-30.81,55,54,Oil or foreign substance in casing,Unknown,Water level accuracy is unknown,1,Department of Water Resources,NA,1,Department of Water Resources,NA,NA,NA,7458,05N05E10C003M,05N05E10C003M,Unknown,Unknown,5-021.65,South American,Sacramento,165,Irrigation,Single Well,1067,1969-09-03 - 2017-10-16,163
7458,383009N1214224W001,1565854,2009-05-13T00:00:00Z,24.19,23.19,0,47.2,-23.01,47.2,46.2,NA,Unknown,Water level accuracy is unknown,1,Department of Water Resources,NA,1,Department of Water Resources,NA,NA,NA,7458,05N05E10C003M,05N05E10C003M,Unknown,Unknown,5-021.65,South American,Sacramento,165,Irrigation,Single Well,1067,1969-09-03 - 2017-10-16,163
7458,383009N1214224W001,1565853,2009-04-24T00:00:00Z,24.19,23.19,0,51.1,-26.91,51.1,50.1,NA,Unknown,Water level accuracy is unknown,1,Department of Water Resources,NA,1,Department of Water Resources,NA,NA,NA,7458,05N05E10C003M,05N05E10C003M,Unknown,Unknown,5-021.65,South American,Sacramento,165,Irrigation,Single Well,1067,1969-09-03 - 2017-10-16,163
7458,383009N1214224W001,1565852,2008-11-18T00:00:00Z,24.19,23.19,0,46.1,-21.91,46.1,45.1,Oil or foreign substance in casing,Unknown,Water level accuracy is unknown,1,Department of Water Resources,NA,1,Department of Water Resources,NA,NA,NA,7458,05N05E10C003M,05N05E10C003M,Unknown,Unknown,5-021.65,South American,Sacramento,165,Irrigation,Single Well,1067,1969-09-03 - 2017-10-16,163
7458,383009N1214224W001,1565851,2008-03-27T00:00:00Z,24.19,23.19,0,39,-14.81,39,38,Oil or foreign substance in casing,Unknown,Water level accuracy is unknown,1,Department of Water Resources,NA,1,Department of Water Resources,NA,NA,NA,7458,05N05E10C003M,05N05E10C003M,Unknown,Unknown,5-021.65,South American,Sacramento,165,Irrigation,Single Well,1067,1969-09-03 - 2017-10-16,163
7458,383009N1214224W001,1565850,2007-10-17T00:00:00Z,24.19,23.19,0,44.9,-20.71,44.9,43.9,Oil or foreign substance in casing,Unknown,Water level accuracy is unknown,1,Department of Water Resources,NA,1,Department of Water Resources,NA,NA,NA,7458,05N05E10C003M,05N05E10C003M,Unknown,Unknown,5-021.65,South American,Sacramento,165,Irrigation,Single Well,1067,1969-09-03 - 2017-10-16,163
7458,383009N1214224W001,1565849,2007-03-26T00:00:00Z,24.19,23.19,0,38.1,-13.91,38.1,37.1,Oil or foreign substance in casing,Unknown,Water level accuracy is unknown,1,Department of Water Resources,NA,1,Department of Water Resources,NA,NA,NA,7458,05N05E10C003M,05N05E10C003M,Unknown,Unknown,5-021.65,South American,Sacramento,165,Irrigation,Single Well,1067,1969-09-03 - 2017-10-16,163
7458,383009N1214224W001,1565848,2006-10-16T00:00:00Z,24.19,23.19,0,40.3,-16.11,40.3,39.3,Oil or foreign substance in casing,Unknown,Water level accuracy is unknown,1,Department of Water Resources,NA,1,Department of Water Resources,NA,NA,NA,7458,05N05E10C003M,05N05E10C003M,Unknown,Unknown,5-021.65,South American,Sacramento,165,Irrigation,Single Well,1067,1969-09-03 - 2017-10-16,163
7458,383009N1214224W001,1565847,2006-04-18T00:00:00Z,24.19,23.19,0,34.8,-10.61,34.8,33.8,Oil or foreign substance in casing,Unknown,Water level accuracy is unknown,1,Department of Water Resources,NA,1,Department of Water Resources,NA,NA,NA,7458,05N05E10C003M,05N05E10C003M,Unknown,Unknown,5-021.65,South American,Sacramento,165,Irrigation,Single Well,1067,1969-09-03 - 2017-10-16,163
7458,383009N1214224W001,1565846,2005-11-08T00:00:00Z,24.19,23.19,0,42.6,-18.41,42.6,41.6,Oil or foreign substance in casing,Unknown,Water level accuracy is unknown,1,Department of Water Resources,NA,1,Department of Water Resources,NA,NA,NA,7458,05N05E10C003M,05N05E10C003M,Unknown,Unknown,5-021.65,South American,Sacramento,165,Irrigation,Single Well,1067,1969-09-03 - 2017-10-16,163
7458,383009N1214224W001,1565845,2005-04-14T00:00:00Z,24.19,23.19,0,40.1,-15.91,40.1,39.1,Oil or foreign substance in casing,Unknown,Water level accuracy is unknown,1,Department of Water Resources,NA,1,Department of Water Resources,NA,NA,NA,7458,05N05E10C003M,05N05E10C003M,Unknown,Unknown,5-021.65,South American,Sacramento,165,Irrigation,Single Well,1067,1969-09-03 - 2017-10-16,163
7458,383009N1214224W001,1565844,2004-10-25T00:00:00Z,24.19,23.19,0,45.1,-20.91,45.1,44.1,Oil or foreign substance in casing,Unknown,Water level accuracy is unknown,1,Department of Water Resources,NA,1,Department of Water Resources,NA,NA,NA,7458,05N05E10C003M,05N05E10C003M,Unknown,Unknown,5-021.65,South American,Sacramento,165,Irrigation,Single Well,1067,1969-09-03 - 2017-10-16,163
7458,383009N1214224W001,1565842,2003-10-15T00:00:00Z,24.19,23.19,0,44.5,-20.31,44.5,43.5,Oil or foreign substance in casing,Unknown,Water level accuracy is unknown,1,Department of Water Resources,NA,1,Department of Water Resources,NA,NA,NA,7458,05N05E10C003M,05N05E10C003M,Unknown,Unknown,5-021.65,South American,Sacramento,165,Irrigation,Single Well,1067,1969-09-03 - 2017-10-16,163
7458,383009N1214224W001,1565841,2003-04-04T00:00:00Z,24.19,23.19,0,39.4,-15.21,39.4,38.4,Oil or foreign substance in casing,Unknown,Water level accuracy is unknown,1,Department of Water Resources,NA,1,Department of Water Resources,NA,NA,NA,7458,05N05E10C003M,05N05E10C003M,Unknown,Unknown,5-021.65,South American,Sacramento,165,Irrigation,Single Well,1067,1969-09-03 - 2017-10-16,163
7458,383009N1214224W001,1565840,2002-11-14T00:00:00Z,24.19,23.19,0,44,-19.81,44,43,Oil or foreign substance in casing,Unknown,Water level accuracy is unknown,1,Department of Water Resources,NA,1,Department of Water Resources,NA,NA,NA,7458,05N05E10C003M,05N05E10C003M,Unknown,Unknown,5-021.65,South American,Sacramento,165,Irrigation,Single Well,1067,1969-09-03 - 2017-10-16,163
7458,383009N1214224W001,1565839,2002-04-15T00:00:00Z,24.19,23.19,0,40.2,-16.01,40.2,39.2,Oil or foreign substance in casing,Unknown,Water level accuracy is unknown,1,Department of Water Resources,NA,1,Department of Water Resources,NA,NA,NA,7458,05N05E10C003M,05N05E10C003M,Unknown,Unknown,5-021.65,South American,Sacramento,165,Irrigation,Single Well,1067,1969-09-03 - 2017-10-16,163
7458,383009N1214224W001,1565838,2001-10-18T00:00:00Z,24.19,23.19,0,44.9,-20.71,44.9,43.9,Oil or foreign substance in casing,Unknown,Water level accuracy is unknown,1,Department of Water Resources,NA,1,Department of Water Resources,NA,NA,NA,7458,05N05E10C003M,05N05E10C003M,Unknown,Unknown,5-021.65,South American,Sacramento,165,Irrigation,Single Well,1067,1969-09-03 - 2017-10-16,163
7458,383009N1214224W001,1565837,2001-05-29T00:00:00Z,24.19,23.19,0,41.7,-17.51,41.7,40.7,Oil or foreign substance in casing,Unknown,Water level accuracy is unknown,1,Department of Water Resources,NA,1,Department of Water Resources,NA,NA,NA,7458,05N05E10C003M,05N05E10C003M,Unknown,Unknown,5-021.65,South American,Sacramento,165,Irrigation,Single Well,1067,1969-09-03 - 2017-10-16,163
7458,383009N1214224W001,1565832,2000-11-13T00:00:00Z,24.19,23.19,0,41.2,-17.01,41.2,40.2,NA,Unknown,Water level accuracy is unknown,1,Department of Water Resources,NA,1,Department of Water Resources,NA,NA,NA,7458,05N05E10C003M,05N05E10C003M,Unknown,Unknown,5-021.65,South American,Sacramento,165,Irrigation,Single Well,1067,1969-09-03 - 2017-10-16,163
7458,383009N1214224W001,1565831,2000-04-24T00:00:00Z,24.19,23.19,0,37.1,-12.91,37.1,36.1,NA,Unknown,Water level accuracy is unknown,1,Department of Water Resources,NA,1,Department of Water Resources,NA,NA,NA,7458,05N05E10C003M,05N05E10C003M,Unknown,Unknown,5-021.65,South American,Sacramento,165,Irrigation,Single Well,1067,1969-09-03 - 2017-10-16,163
7458,383009N1214224W001,1565830,1999-10-07T00:00:00Z,24.19,23.19,0,45.5,-21.31,45.5,44.5,NA,Unknown,Water level accuracy is unknown,1,Department of Water Resources,NA,1,Department of Water Resources,NA,NA,NA,7458,05N05E10C003M,05N05E10C003M,Unknown,Unknown,5-021.65,South American,Sacramento,165,Irrigation,Single Well,1067,1969-09-03 - 2017-10-16,163
7458,383009N1214224W001,1565829,1999-04-09T00:00:00Z,24.19,23.19,0,36.6,-12.41,36.6,35.6,NA,Unknown,Water level accuracy is unknown,1,Department of Water Resources,NA,1,Department of Water Resources,NA,NA,NA,7458,05N05E10C003M,05N05E10C003M,Unknown,Unknown,5-021.65,South American,Sacramento,165,Irrigation,Single Well,1067,1969-09-03 - 2017-10-16,163
7458,383009N1214224W001,1565836,1998-10-06T00:00:00Z,24.19,23.19,0,43.6,-19.41,43.6,42.6,NA,Unknown,Water level accuracy is unknown,1,Department of Water Resources,NA,1,Department of Water Resources,NA,NA,NA,7458,05N05E10C003M,05N05E10C003M,Unknown,Unknown,5-021.65,South American,Sacramento,165,Irrigation,Single Well,1067,1969-09-03 - 2017-10-16,163
7458,383009N1214224W001,1565835,1998-05-13T00:00:00Z,24.19,23.19,0,39.7,-15.51,39.7,38.7,NA,Unknown,Water level accuracy is unknown,1,Department of Water Resources,NA,1,Department of Water Resources,NA,NA,NA,7458,05N05E10C003M,05N05E10C003M,Unknown,Unknown,5-021.65,South American,Sacramento,165,Irrigation,Single Well,1067,1969-09-03 - 2017-10-16,163
7458,383009N1214224W001,1565834,1997-11-17T00:00:00Z,24.19,23.19,0,49.7,-25.51,49.7,48.7,NA,Unknown,Water level accuracy is unknown,1,Department of Water Resources,NA,1,Department of Water Resources,NA,NA,NA,7458,05N05E10C003M,05N05E10C003M,Unknown,Unknown,5-021.65,South American,Sacramento,165,Irrigation,Single Well,1067,1969-09-03 - 2017-10-16,163
7458,383009N1214224W001,1565833,1997-04-11T00:00:00Z,24.19,23.19,0,51.6,-27.41,51.6,50.6,Casing leaking or wet,Unknown,Water level accuracy is unknown,1,Department of Water Resources,NA,1,Department of Water Resources,NA,NA,NA,7458,05N05E10C003M,05N05E10C003M,Unknown,Unknown,5-021.65,South American,Sacramento,165,Irrigation,Single Well,1067,1969-09-03 - 2017-10-16,163
7458,383009N1214224W001,1565828,1996-11-08T00:00:00Z,24.19,23.19,0,52.1,-27.91,52.1,51.1,NA,Unknown,Water level accuracy is unknown,1,Department of Water Resources,NA,1,Department of Water Resources,NA,NA,NA,7458,05N05E10C003M,05N05E10C003M,Unknown,Unknown,5-021.65,South American,Sacramento,165,Irrigation,Single Well,1067,1969-09-03 - 2017-10-16,163
7458,383009N1214224W001,1565827,1996-05-01T00:00:00Z,24.19,23.19,0,57.5,-33.31,57.5,56.5,NA,Unknown,Water level accuracy is unknown,1,Department of Water Resources,NA,1,Department of Water Resources,NA,NA,NA,7458,05N05E10C003M,05N05E10C003M,Unknown,Unknown,5-021.65,South American,Sacramento,165,Irrigation,Single Well,1067,1969-09-03 - 2017-10-16,163
7458,383009N1214224W001,1565826,1995-11-13T00:00:00Z,24.19,23.19,0,59,-34.81,59,58,NA,Unknown,Water level accuracy is unknown,1,Department of Water Resources,NA,1,Department of Water Resources,NA,NA,NA,7458,05N05E10C003M,05N05E10C003M,Unknown,Unknown,5-021.65,South American,Sacramento,165,Irrigation,Single Well,1067,1969-09-03 - 2017-10-16,163
7458,383009N1214224W001,1565825,1995-04-20T00:00:00Z,24.19,23.19,0,48.7,-24.51,48.7,47.7,NA,Unknown,Water level accuracy is unknown,1,Department of Water Resources,NA,1,Department of Water Resources,NA,NA,NA,7458,05N05E10C003M,05N05E10C003M,Unknown,Unknown,5-021.65,South American,Sacramento,165,Irrigation,Single Well,1067,1969-09-03 - 2017-10-16,163
7458,383009N1214224W001,1565824,1994-12-13T00:00:00Z,24.19,23.19,0,59.3,-35.11,59.3,58.3,NA,Unknown,Water level accuracy is unknown,1,Department of Water Resources,NA,1,Department of Water Resources,NA,NA,NA,7458,05N05E10C003M,05N05E10C003M,Unknown,Unknown,5-021.65,South American,Sacramento,165,Irrigation,Single Well,1067,1969-09-03 - 2017-10-16,163
7458,383009N1214224W001,1565823,1994-03-31T00:00:00Z,24.19,23.19,0,56.1,-31.91,56.1,55.1,NA,Unknown,Water level accuracy is unknown,1,Department of Water Resources,NA,1,Department of Water Resources,NA,NA,NA,7458,05N05E10C003M,05N05E10C003M,Unknown,Unknown,5-021.65,South American,Sacramento,165,Irrigation,Single Well,1067,1969-09-03 - 2017-10-16,163
7458,383009N1214224W001,1565822,1993-10-28T00:00:00Z,24.19,23.19,0,59.5,-35.31,59.5,58.5,Oil or foreign substance in casing,Unknown,Water level accuracy is unknown,1,Department of Water Resources,NA,1,Department of Water Resources,NA,NA,NA,7458,05N05E10C003M,05N05E10C003M,Unknown,Unknown,5-021.65,South American,Sacramento,165,Irrigation,Single Well,1067,1969-09-03 - 2017-10-16,163
7458,383009N1214224W001,1565821,1993-04-22T00:00:00Z,24.19,23.19,0,52.1,-27.91,52.1,51.1,Oil or foreign substance in casing,Unknown,Water level accuracy is unknown,1,Department of Water Resources,NA,1,Department of Water Resources,NA,NA,NA,7458,05N05E10C003M,05N05E10C003M,Unknown,Unknown,5-021.65,South American,Sacramento,165,Irrigation,Single Well,1067,1969-09-03 - 2017-10-16,163
7458,383009N1214224W001,1565820,1993-01-11T00:00:00Z,24.19,23.19,0,54.8,-30.61,54.8,53.8,NA,Unknown,Water level accuracy is unknown,1,Department of Water Resources,NA,1,Department of Water Resources,NA,NA,NA,7458,05N05E10C003M,05N05E10C003M,Unknown,Unknown,5-021.65,South American,Sacramento,165,Irrigation,Single Well,1067,1969-09-03 - 2017-10-16,163
7458,383009N1214224W001,1565819,1992-04-01T00:00:00Z,24.19,23.19,0,51.7,-27.51,51.7,50.7,NA,Unknown,Water level accuracy is unknown,1,Department of Water Resources,OIL,1,Department of Water Resources,NA,NA,NA,7458,05N05E10C003M,05N05E10C003M,Unknown,Unknown,5-021.65,South American,Sacramento,165,Irrigation,Single Well,1067,1969-09-03 - 2017-10-16,163
7458,383009N1214224W001,1565818,1991-03-14T00:00:00Z,24.19,23.19,0,52.8,-28.61,52.8,51.8,NA,Unknown,Water level accuracy is unknown,1,Department of Water Resources,OIL,1,Department of Water Resources,NA,NA,NA,7458,05N05E10C003M,05N05E10C003M,Unknown,Unknown,5-021.65,South American,Sacramento,165,Irrigation,Single Well,1067,1969-09-03 - 2017-10-16,163
7458,383009N1214224W001,1565817,1990-10-16T00:00:00Z,24.19,23.19,0,57.2,-33.01,57.2,56.2,Oil or foreign substance in casing,Unknown,Water level accuracy is unknown,1,Department of Water Resources,NA,1,Department of Water Resources,NA,NA,NA,7458,05N05E10C003M,05N05E10C003M,Unknown,Unknown,5-021.65,South American,Sacramento,165,Irrigation,Single Well,1067,1969-09-03 - 2017-10-16,163
7458,383009N1214224W001,1565816,1990-03-21T00:00:00Z,24.19,23.19,0,48.3,-24.11,48.3,47.3,NA,Unknown,Water level accuracy is unknown,1,Department of Water Resources,NA,1,Department of Water Resources,NA,NA,NA,7458,05N05E10C003M,05N05E10C003M,Unknown,Unknown,5-021.65,South American,Sacramento,165,Irrigation,Single Well,1067,1969-09-03 - 2017-10-16,163
7458,383009N1214224W001,1565815,1989-10-10T00:00:00Z,24.19,23.19,0,56.7,-32.51,56.7,55.7,NA,Unknown,Water level accuracy is unknown,1,Department of Water Resources,NA,1,Department of Water Resources,NA,NA,NA,7458,05N05E10C003M,05N05E10C003M,Unknown,Unknown,5-021.65,South American,Sacramento,165,Irrigation,Single Well,1067,1969-09-03 - 2017-10-16,163
7458,383009N1214224W001,1565814,1989-03-13T00:00:00Z,24.19,23.19,0,49,-24.81,49,48,NA,Unknown,Water level accuracy is unknown,1,Department of Water Resources,NA,1,Department of Water Resources,NA,NA,NA,7458,05N05E10C003M,05N05E10C003M,Unknown,Unknown,5-021.65,South American,Sacramento,165,Irrigation,Single Well,1067,1969-09-03 - 2017-10-16,163
7458,383009N1214224W001,1565813,1988-10-13T00:00:00Z,24.19,23.19,0,55.7,-31.51,55.7,54.7,NA,Unknown,Water level accuracy is unknown,1,Department of Water Resources,NA,1,Department of Water Resources,NA,NA,NA,7458,05N05E10C003M,05N05E10C003M,Unknown,Unknown,5-021.65,South American,Sacramento,165,Irrigation,Single Well,1067,1969-09-03 - 2017-10-16,163
7458,383009N1214224W001,1565812,1988-03-11T00:00:00Z,24.19,23.19,0,48.8,-24.61,48.8,47.8,NA,Unknown,Water level accuracy is unknown,1,Department of Water Resources,OIL,1,Department of Water Resources,NA,NA,NA,7458,05N05E10C003M,05N05E10C003M,Unknown,Unknown,5-021.65,South American,Sacramento,165,Irrigation,Single Well,1067,1969-09-03 - 2017-10-16,163
7458,383009N1214224W001,1565811,1987-10-27T00:00:00Z,24.19,23.19,0,51,-26.81,51,50,NA,Unknown,Water level accuracy is unknown,1,Department of Water Resources,OIL-10/15/87 PUMPING,1,Department of Water Resources,NA,NA,NA,7458,05N05E10C003M,05N05E10C003M,Unknown,Unknown,5-021.65,South American,Sacramento,165,Irrigation,Single Well,1067,1969-09-03 - 2017-10-16,163
7458,383009N1214224W001,1565810,1987-03-13T00:00:00Z,24.19,23.19,0,44.4,-20.21,44.4,43.4,NA,Unknown,Water level accuracy is unknown,1,Department of Water Resources,OIL,1,Department of Water Resources,NA,NA,NA,7458,05N05E10C003M,05N05E10C003M,Unknown,Unknown,5-021.65,South American,Sacramento,165,Irrigation,Single Well,1067,1969-09-03 - 2017-10-16,163
7458,383009N1214224W001,1565809,1986-10-16T00:00:00Z,24.19,23.19,0,48.7,-24.51,48.7,47.7,NA,Unknown,Water level accuracy is unknown,1,Department of Water Resources,-0-,1,Department of Water Resources,NA,NA,NA,7458,05N05E10C003M,05N05E10C003M,Unknown,Unknown,5-021.65,South American,Sacramento,165,Irrigation,Single Well,1067,1969-09-03 - 2017-10-16,163
7458,383009N1214224W001,1565808,1986-03-19T00:00:00Z,24.19,23.19,0,44.5,-20.31,44.5,43.5,NA,Unknown,Water level accuracy is unknown,1,Department of Water Resources,NA,1,Department of Water Resources,NA,NA,NA,7458,05N05E10C003M,05N05E10C003M,Unknown,Unknown,5-021.65,South American,Sacramento,165,Irrigation,Single Well,1067,1969-09-03 - 2017-10-16,163
7458,383009N1214224W001,1565807,1985-10-04T00:00:00Z,24.19,23.19,0,54.6,-30.41,54.6,53.6,NA,Unknown,Water level accuracy is unknown,1,Department of Water Resources,NA,1,Department of Water Resources,NA,NA,NA,7458,05N05E10C003M,05N05E10C003M,Unknown,Unknown,5-021.65,South American,Sacramento,165,Irrigation,Single Well,1067,1969-09-03 - 2017-10-16,163
7458,383009N1214224W001,1565806,1985-03-15T00:00:00Z,24.19,23.19,0,44.7,-20.51,44.7,43.7,NA,Unknown,Water level accuracy is unknown,1,Department of Water Resources,NA,1,Department of Water Resources,NA,NA,NA,7458,05N05E10C003M,05N05E10C003M,Unknown,Unknown,5-021.65,South American,Sacramento,165,Irrigation,Single Well,1067,1969-09-03 - 2017-10-16,163
7458,383009N1214224W001,1565805,1984-03-28T00:00:00Z,24.19,23.19,0,42.3,-18.11,42.3,41.3,NA,Unknown,Water level accuracy is unknown,1,Department of Water Resources,NA,1,Department of Water Resources,NA,NA,NA,7458,05N05E10C003M,05N05E10C003M,Unknown,Unknown,5-021.65,South American,Sacramento,165,Irrigation,Single Well,1067,1969-09-03 - 2017-10-16,163
7458,383009N1214224W001,1565804,1983-12-20T00:00:00Z,24.19,23.19,0,44.1,-19.91,44.1,43.1,NA,Unknown,Water level accuracy is unknown,1,Department of Water Resources,NA,1,Department of Water Resources,NA,NA,NA,7458,05N05E10C003M,05N05E10C003M,Unknown,Unknown,5-021.65,South American,Sacramento,165,Irrigation,Single Well,1067,1969-09-03 - 2017-10-16,163
7458,383009N1214224W001,1565803,1983-04-21T00:00:00Z,24.19,23.19,0,42.3,-18.11,42.3,41.3,NA,Unknown,Water level accuracy is unknown,1,Department of Water Resources,NA,1,Department of Water Resources,NA,NA,NA,7458,05N05E10C003M,05N05E10C003M,Unknown,Unknown,5-021.65,South American,Sacramento,165,Irrigation,Single Well,1067,1969-09-03 - 2017-10-16,163
7458,383009N1214224W001,1565802,1982-11-03T00:00:00Z,24.19,23.19,0,53.3,-29.11,53.3,52.3,NA,Unknown,Water level accuracy is unknown,1,Department of Water Resources,-0-,1,Department of Water Resources,NA,NA,NA,7458,05N05E10C003M,05N05E10C003M,Unknown,Unknown,5-021.65,South American,Sacramento,165,Irrigation,Single Well,1067,1969-09-03 - 2017-10-16,163
7458,383009N1214224W001,1565801,1982-04-20T00:00:00Z,24.19,23.19,0,49.1,-24.91,49.1,48.1,NA,Unknown,Water level accuracy is unknown,1,Department of Water Resources,OIL,1,Department of Water Resources,NA,NA,NA,7458,05N05E10C003M,05N05E10C003M,Unknown,Unknown,5-021.65,South American,Sacramento,165,Irrigation,Single Well,1067,1969-09-03 - 2017-10-16,163
7458,383009N1214224W001,1565800,1981-10-21T00:00:00Z,24.19,23.19,0,66.7,-42.51,66.7,65.7,NA,Unknown,Water level accuracy is unknown,1,Department of Water Resources,OIL,1,Department of Water Resources,NA,NA,NA,7458,05N05E10C003M,05N05E10C003M,Unknown,Unknown,5-021.65,South American,Sacramento,165,Irrigation,Single Well,1067,1969-09-03 - 2017-10-16,163
7458,383009N1214224W001,1565799,1981-03-30T00:00:00Z,24.19,23.19,0,52.4,-28.21,52.4,51.4,NA,Unknown,Water level accuracy is unknown,1,Department of Water Resources,OIL,1,Department of Water Resources,NA,NA,NA,7458,05N05E10C003M,05N05E10C003M,Unknown,Unknown,5-021.65,South American,Sacramento,165,Irrigation,Single Well,1067,1969-09-03 - 2017-10-16,163
7458,383009N1214224W001,1565798,1980-11-06T00:00:00Z,24.19,23.19,0,58.5,-34.31,58.5,57.5,NA,Unknown,Water level accuracy is unknown,1,Department of Water Resources,OIL,1,Department of Water Resources,NA,NA,NA,7458,05N05E10C003M,05N05E10C003M,Unknown,Unknown,5-021.65,South American,Sacramento,165,Irrigation,Single Well,1067,1969-09-03 - 2017-10-16,163
7458,383009N1214224W001,1565797,1980-04-01T00:00:00Z,24.19,23.19,0,51.4,-27.21,51.4,50.4,NA,Unknown,Water level accuracy is unknown,1,Department of Water Resources,NA,1,Department of Water Resources,NA,NA,NA,7458,05N05E10C003M,05N05E10C003M,Unknown,Unknown,5-021.65,South American,Sacramento,165,Irrigation,Single Well,1067,1969-09-03 - 2017-10-16,163
7458,383009N1214224W001,1565796,1979-10-17T00:00:00Z,24.19,23.19,0,64.3,-40.11,64.3,63.3,NA,Unknown,Water level accuracy is unknown,1,Department of Water Resources,NA,1,Department of Water Resources,NA,NA,NA,7458,05N05E10C003M,05N05E10C003M,Unknown,Unknown,5-021.65,South American,Sacramento,165,Irrigation,Single Well,1067,1969-09-03 - 2017-10-16,163
7458,383009N1214224W001,1565795,1979-03-22T00:00:00Z,24.19,23.19,0,54.5,-30.31,54.5,53.5,NA,Unknown,Water level accuracy is unknown,1,Department of Water Resources,NA,1,Department of Water Resources,NA,NA,NA,7458,05N05E10C003M,05N05E10C003M,Unknown,Unknown,5-021.65,South American,Sacramento,165,Irrigation,Single Well,1067,1969-09-03 - 2017-10-16,163
7458,383009N1214224W001,1565794,1978-10-17T00:00:00Z,24.19,23.19,0,64.9,-40.71,64.9,63.9,NA,Unknown,Water level accuracy is unknown,1,Department of Water Resources,NA,1,Department of Water Resources,NA,NA,NA,7458,05N05E10C003M,05N05E10C003M,Unknown,Unknown,5-021.65,South American,Sacramento,165,Irrigation,Single Well,1067,1969-09-03 - 2017-10-16,163
7458,383009N1214224W001,1565793,1978-03-22T00:00:00Z,24.19,23.19,0,56.7,-32.51,56.7,55.7,NA,Unknown,Water level accuracy is unknown,1,Department of Water Resources,NA,1,Department of Water Resources,NA,NA,NA,7458,05N05E10C003M,05N05E10C003M,Unknown,Unknown,5-021.65,South American,Sacramento,165,Irrigation,Single Well,1067,1969-09-03 - 2017-10-16,163
7458,383009N1214224W001,1565790,1976-10-13T00:00:00Z,24.19,23.19,0,65.7,-41.51,65.7,64.7,NA,Unknown,Water level accuracy is unknown,1,Department of Water Resources,NA,1,Department of Water Resources,NA,NA,NA,7458,05N05E10C003M,05N05E10C003M,Unknown,Unknown,5-021.65,South American,Sacramento,165,Irrigation,Single Well,1067,1969-09-03 - 2017-10-16,163
7458,383009N1214224W001,1565788,1975-10-29T00:00:00Z,24.19,23.19,0,55.2,-31.01,55.2,54.2,NA,Unknown,Water level accuracy is unknown,1,Department of Water Resources,NA,1,Department of Water Resources,NA,NA,NA,7458,05N05E10C003M,05N05E10C003M,Unknown,Unknown,5-021.65,South American,Sacramento,165,Irrigation,Single Well,1067,1969-09-03 - 2017-10-16,163
7458,383009N1214224W001,1565787,1975-04-09T00:00:00Z,24.19,23.19,0,48.5,-24.31,48.5,47.5,NA,Unknown,Water level accuracy is unknown,1,Department of Water Resources,NA,1,Department of Water Resources,NA,NA,NA,7458,05N05E10C003M,05N05E10C003M,Unknown,Unknown,5-021.65,South American,Sacramento,165,Irrigation,Single Well,1067,1969-09-03 - 2017-10-16,163
7458,383009N1214224W001,1565786,1974-10-18T00:00:00Z,24.19,23.19,0,59.7,-35.51,59.7,58.7,NA,Unknown,Water level accuracy is unknown,1,Department of Water Resources,NA,1,Department of Water Resources,NA,NA,NA,7458,05N05E10C003M,05N05E10C003M,Unknown,Unknown,5-021.65,South American,Sacramento,165,Irrigation,Single Well,1067,1969-09-03 - 2017-10-16,163
7458,383009N1214224W001,1565785,1974-05-02T00:00:00Z,24.19,23.19,0,49.9,-25.71,49.9,48.9,NA,Unknown,Water level accuracy is unknown,1,Department of Water Resources,NA,1,Department of Water Resources,NA,NA,NA,7458,05N05E10C003M,05N05E10C003M,Unknown,Unknown,5-021.65,South American,Sacramento,165,Irrigation,Single Well,1067,1969-09-03 - 2017-10-16,163
7458,383009N1214224W001,1565784,1973-10-16T00:00:00Z,24.19,23.19,0,58.1,-33.91,58.1,57.1,NA,Unknown,Water level accuracy is unknown,1,Department of Water Resources,IRRIGATION PUMP INSTALLED,1,Department of Water Resources,NA,NA,NA,7458,05N05E10C003M,05N05E10C003M,Unknown,Unknown,5-021.65,South American,Sacramento,165,Irrigation,Single Well,1067,1969-09-03 - 2017-10-16,163
7458,383009N1214224W001,1565783,1973-03-23T00:00:00Z,24.19,23.19,0,47.9,-23.71,47.9,46.9,NA,Unknown,Water level accuracy is unknown,1,Department of Water Resources,NA,1,Department of Water Resources,NA,NA,NA,7458,05N05E10C003M,05N05E10C003M,Unknown,Unknown,5-021.65,South American,Sacramento,165,Irrigation,Single Well,1067,1969-09-03 - 2017-10-16,163
7458,383009N1214224W001,1565782,1972-12-27T00:00:00Z,24.19,23.19,0,51.7,-27.51,51.7,50.7,NA,Unknown,Water level accuracy is unknown,1,Department of Water Resources,NA,1,Department of Water Resources,NA,NA,NA,7458,05N05E10C003M,05N05E10C003M,Unknown,Unknown,5-021.65,South American,Sacramento,165,Irrigation,Single Well,1067,1969-09-03 - 2017-10-16,163
7458,383009N1214224W001,1565781,1972-10-16T00:00:00Z,24.19,23.19,0,55.6,-31.41,55.6,54.6,NA,Unknown,Water level accuracy is unknown,1,Department of Water Resources,NA,1,Department of Water Resources,NA,NA,NA,7458,05N05E10C003M,05N05E10C003M,Unknown,Unknown,5-021.65,South American,Sacramento,165,Irrigation,Single Well,1067,1969-09-03 - 2017-10-16,163
7458,383009N1214224W001,1565780,1972-03-28T00:00:00Z,24.19,23.19,0,54.2,-30.01,54.2,53.2,NA,Unknown,Water level accuracy is unknown,1,Department of Water Resources,NA,1,Department of Water Resources,NA,NA,NA,7458,05N05E10C003M,05N05E10C003M,Unknown,Unknown,5-021.65,South American,Sacramento,165,Irrigation,Single Well,1067,1969-09-03 - 2017-10-16,163
7458,383009N1214224W001,1565779,1970-12-11T00:00:00Z,24.19,23.19,0,49.2,-25.01,49.2,48.2,NA,Unknown,Water level accuracy is unknown,1,Department of Water Resources,REMOVED F RECORDER,1,Department of Water Resources,NA,NA,NA,7458,05N05E10C003M,05N05E10C003M,Unknown,Unknown,5-021.65,South American,Sacramento,165,Irrigation,Single Well,1067,1969-09-03 - 2017-10-16,163
7458,383009N1214224W001,1565778,1970-11-16T00:00:00Z,24.19,23.19,0,51.6,-27.41,51.6,50.6,NA,Unknown,Water level accuracy is unknown,1,Department of Water Resources,NA,323,Sacramento County,NA,NA,NA,7458,05N05E10C003M,05N05E10C003M,Unknown,Unknown,5-021.65,South American,Sacramento,165,Irrigation,Single Well,1067,1969-09-03 - 2017-10-16,163
7458,383009N1214224W001,1565777,1970-10-19T00:00:00Z,24.19,23.19,0,53.6,-29.41,53.6,52.6,NA,Unknown,Water level accuracy is unknown,1,Department of Water Resources,NA,323,Sacramento County,NA,NA,NA,7458,05N05E10C003M,05N05E10C003M,Unknown,Unknown,5-021.65,South American,Sacramento,165,Irrigation,Single Well,1067,1969-09-03 - 2017-10-16,163
7458,383009N1214224W001,1565776,1970-09-21T00:00:00Z,24.19,23.19,0,56.1,-31.91,56.1,55.1,NA,Unknown,Water level accuracy is unknown,1,Department of Water Resources,NA,323,Sacramento County,NA,NA,NA,7458,05N05E10C003M,05N05E10C003M,Unknown,Unknown,5-021.65,South American,Sacramento,165,Irrigation,Single Well,1067,1969-09-03 - 2017-10-16,163
7458,383009N1214224W001,1565775,1970-08-21T00:00:00Z,24.19,23.19,0,62.2,-38.01,62.2,61.2,NA,Unknown,Water level accuracy is unknown,1,Department of Water Resources,NA,323,Sacramento County,NA,NA,NA,7458,05N05E10C003M,05N05E10C003M,Unknown,Unknown,5-021.65,South American,Sacramento,165,Irrigation,Single Well,1067,1969-09-03 - 2017-10-16,163
7458,383009N1214224W001,1565774,1970-07-23T00:00:00Z,24.19,23.19,0,56.7,-32.51,56.7,55.7,NA,Unknown,Water level accuracy is unknown,1,Department of Water Resources,NA,323,Sacramento County,NA,NA,NA,7458,05N05E10C003M,05N05E10C003M,Unknown,Unknown,5-021.65,South American,Sacramento,165,Irrigation,Single Well,1067,1969-09-03 - 2017-10-16,163
7458,383009N1214224W001,1565773,1970-06-25T00:00:00Z,24.19,23.19,0,55.4,-31.21,55.4,54.4,NA,Unknown,Water level accuracy is unknown,1,Department of Water Resources,NA,323,Sacramento County,NA,NA,NA,7458,05N05E10C003M,05N05E10C003M,Unknown,Unknown,5-021.65,South American,Sacramento,165,Irrigation,Single Well,1067,1969-09-03 - 2017-10-16,163
7458,383009N1214224W001,1565772,1970-05-29T00:00:00Z,24.19,23.19,0,52.9,-28.71,52.9,51.9,NA,Unknown,Water level accuracy is unknown,1,Department of Water Resources,NA,323,Sacramento County,NA,NA,NA,7458,05N05E10C003M,05N05E10C003M,Unknown,Unknown,5-021.65,South American,Sacramento,165,Irrigation,Single Well,1067,1969-09-03 - 2017-10-16,163
7458,383009N1214224W001,1565771,1970-05-01T00:00:00Z,24.19,23.19,0,49.4,-25.21,49.4,48.4,NA,Unknown,Water level accuracy is unknown,1,Department of Water Resources,NA,323,Sacramento County,NA,NA,NA,7458,05N05E10C003M,05N05E10C003M,Unknown,Unknown,5-021.65,South American,Sacramento,165,Irrigation,Single Well,1067,1969-09-03 - 2017-10-16,163
7458,383009N1214224W001,1565770,1970-04-03T00:00:00Z,24.19,23.19,0,49.1,-24.91,49.1,48.1,NA,Unknown,Water level accuracy is unknown,1,Department of Water Resources,NA,323,Sacramento County,NA,NA,NA,7458,05N05E10C003M,05N05E10C003M,Unknown,Unknown,5-021.65,South American,Sacramento,165,Irrigation,Single Well,1067,1969-09-03 - 2017-10-16,163
7458,383009N1214224W001,1565769,1970-03-06T00:00:00Z,24.19,23.19,0,44.6,-20.41,44.6,43.6,NA,Unknown,Water level accuracy is unknown,1,Department of Water Resources,NA,323,Sacramento County,NA,NA,NA,7458,05N05E10C003M,05N05E10C003M,Unknown,Unknown,5-021.65,South American,Sacramento,165,Irrigation,Single Well,1067,1969-09-03 - 2017-10-16,163
7458,383009N1214224W001,1565768,1970-02-06T00:00:00Z,24.19,23.19,0,45.7,-21.51,45.7,44.7,NA,Unknown,Water level accuracy is unknown,1,Department of Water Resources,NA,323,Sacramento County,NA,NA,NA,7458,05N05E10C003M,05N05E10C003M,Unknown,Unknown,5-021.65,South American,Sacramento,165,Irrigation,Single Well,1067,1969-09-03 - 2017-10-16,163
7458,383009N1214224W001,1565767,1970-01-08T00:00:00Z,24.19,23.19,0,47.6,-23.41,47.6,46.6,NA,Unknown,Water level accuracy is unknown,1,Department of Water Resources,NA,323,Sacramento County,NA,NA,NA,7458,05N05E10C003M,05N05E10C003M,Unknown,Unknown,5-021.65,South American,Sacramento,165,Irrigation,Single Well,1067,1969-09-03 - 2017-10-16,163
7458,383009N1214224W001,1565766,1969-12-11T00:00:00Z,24.19,23.19,0,48.4,-24.21,48.4,47.4,NA,Unknown,Water level accuracy is unknown,1,Department of Water Resources,NA,323,Sacramento County,NA,NA,NA,7458,05N05E10C003M,05N05E10C003M,Unknown,Unknown,5-021.65,South American,Sacramento,165,Irrigation,Single Well,1067,1969-09-03 - 2017-10-16,163
7458,383009N1214224W001,1565765,1969-11-13T00:00:00Z,24.19,23.19,0,49.6,-25.41,49.6,48.6,NA,Unknown,Water level accuracy is unknown,1,Department of Water Resources,NA,323,Sacramento County,NA,NA,NA,7458,05N05E10C003M,05N05E10C003M,Unknown,Unknown,5-021.65,South American,Sacramento,165,Irrigation,Single Well,1067,1969-09-03 - 2017-10-16,163
7458,383009N1214224W001,1565764,1969-10-16T00:00:00Z,24.19,23.19,0,51.7,-27.51,51.7,50.7,NA,Unknown,Water level accuracy is unknown,1,Department of Water Resources,NA,323,Sacramento County,NA,NA,NA,7458,05N05E10C003M,05N05E10C003M,Unknown,Unknown,5-021.65,South American,Sacramento,165,Irrigation,Single Well,1067,1969-09-03 - 2017-10-16,163
7458,383009N1214224W001,1565763,1969-09-18T00:00:00Z,24.19,23.19,0,55.2,-31.01,55.2,54.2,NA,Unknown,Water level accuracy is unknown,1,Department of Water Resources,NA,323,Sacramento County,NA,NA,NA,7458,05N05E10C003M,05N05E10C003M,Unknown,Unknown,5-021.65,South American,Sacramento,165,Irrigation,Single Well,1067,1969-09-03 - 2017-10-16,163
7458,383009N1214224W001,1565762,1969-09-12T00:00:00Z,24.19,23.19,0,56.5,-32.31,56.5,55.5,NA,Unknown,Water level accuracy is unknown,1,Department of Water Resources,NA,323,Sacramento County,NA,NA,NA,7458,05N05E10C003M,05N05E10C003M,Unknown,Unknown,5-021.65,South American,Sacramento,165,Irrigation,Single Well,1067,1969-09-03 - 2017-10-16,163
7458,383009N1214224W001,1565761,1969-09-05T00:00:00Z,24.19,23.19,0,58.2,-34.01,58.2,57.2,NA,Unknown,Water level accuracy is unknown,1,Department of Water Resources,NA,323,Sacramento County,NA,NA,NA,7458,05N05E10C003M,05N05E10C003M,Unknown,Unknown,5-021.65,South American,Sacramento,165,Irrigation,Single Well,1067,1969-09-03 - 2017-10-16,163
7458,383009N1214224W001,1565760,1969-09-03T00:00:00Z,24.19,23.19,0,57.9,-33.71,57.9,56.9,NA,Unknown,Water level accuracy is unknown,1,Department of Water Resources,INSTALLED F RECORDER,323,Sacramento County,NA,NA,NA,7458,05N05E10C003M,05N05E10C003M,Unknown,Unknown,5-021.65,South American,Sacramento,165,Irrigation,Single Well,1067,1969-09-03 - 2017-10-16,163
