SITE_CODE,WLM_ID,MSMT_DATE,WLM_RPE,WLM_GSE,RDNG_WS,RDNG_RP,WSE,RPE_WSE,GSE_WSE,WLM_QA_DESC,WLM_DESC,WLM_ACC_DESC,WLM_ORG_ID,WLM_ORG_NAME,MSMT_CMT,COOP_AGENCY_ORG_ID,COOP_ORG_NAME,TOP_PRF,BOT_PRF,STN_ID,SWN,WELL_NAME,WLM_METHOD,WLM_ACC,BASIN_CODE,BASIN_NAME,COUNTY_NAME,WELL_DEPTH,WELL_USE,WELL_TYPE,WCR_NO,t_range,n_samples,season,fall_high,fall_low,spring_high,spring_low,water_year,Oct.Mar,Apr.Jul,WYsum,Index,water_year_type,region,water_year_start,water_year_end,X,Y
383210N1213919W001,2230639,2017-01-23T00:00:00Z,28.6,28,0,66.7,-38.1,66.7,66.1,NA,Electric sounder measurement,Water level accuracy to nearest tenth of a foot,1,Department of Water Resources,NA,1,Department of Water Resources,NA,NA,5549,05N05E01D002M,05N05E01D002M,Unknown,Unknown,5-021.65,South American,Sacramento,150,Residential,Single Well,NA,2015-05-14 - 2017-03-01,24,other,NA,NA,NA,NA,2016,12.24,4.6,17.48,6.71,Below Normal,SAC,2016-10-01T00:00:00Z,2017-10-01T00:00:00Z,-121.392,38.321
383210N1213919W001,2223585,2016-12-05T00:00:00Z,28.6,28,0,68.1,-39.5,68.1,67.5,NA,Electric sounder measurement,Water level accuracy to nearest tenth of a foot,1,Department of Water Resources,NA,1,Department of Water Resources,NA,NA,5549,05N05E01D002M,05N05E01D002M,Unknown,Unknown,5-021.65,South American,Sacramento,150,Residential,Single Well,NA,2015-05-14 - 2017-03-01,24,other,NA,NA,NA,NA,2016,12.24,4.6,17.48,6.71,Below Normal,SAC,2016-10-01T00:00:00Z,2017-10-01T00:00:00Z,-121.392,38.321
383210N1213919W001,2220315,2016-11-08T00:00:00Z,28.6,28,0,68.5,-39.9,68.5,67.9,NA,Electric sounder measurement,Water level accuracy to nearest tenth of a foot,1,Department of Water Resources,NA,1,Department of Water Resources,NA,NA,5549,05N05E01D002M,05N05E01D002M,Unknown,Unknown,5-021.65,South American,Sacramento,150,Residential,Single Well,NA,2015-05-14 - 2017-03-01,24,fall,67.9,71.4,NA,NA,2016,12.24,4.6,17.48,6.71,Below Normal,SAC,2016-10-01T00:00:00Z,2017-10-01T00:00:00Z,-121.392,38.321
383210N1213919W001,2214285,2016-10-05T00:00:00Z,28.6,28,0,68.6,-40,68.6,68,NA,Electric sounder measurement,Water level accuracy to nearest tenth of a foot,1,Department of Water Resources,NA,1,Department of Water Resources,NA,NA,5549,05N05E01D002M,05N05E01D002M,Unknown,Unknown,5-021.65,South American,Sacramento,150,Residential,Single Well,NA,2015-05-14 - 2017-03-01,24,fall,67.9,71.4,NA,NA,2016,12.24,4.6,17.48,6.71,Below Normal,SAC,2016-10-01T00:00:00Z,2017-10-01T00:00:00Z,-121.392,38.321
383210N1213919W001,2211347,2016-09-07T00:00:00Z,28.6,28,0,72,-43.4,72,71.4,NA,Electric sounder measurement,Water level accuracy to nearest tenth of a foot,1,Department of Water Resources,NA,1,Department of Water Resources,NA,NA,5549,05N05E01D002M,05N05E01D002M,Unknown,Unknown,5-021.65,South American,Sacramento,150,Residential,Single Well,NA,2015-05-14 - 2017-03-01,24,fall,67.9,71.4,NA,NA,2015,6.91,1.77,9.23,4,Critical,SAC,2015-10-01T00:00:00Z,2016-10-01T00:00:00Z,-121.392,38.321
383210N1213919W001,2211359,2016-08-10T00:00:00Z,28.6,28,0,71.6,-43,71.6,71,NA,Electric sounder measurement,Water level accuracy to nearest tenth of a foot,1,Department of Water Resources,NA,1,Department of Water Resources,NA,NA,5549,05N05E01D002M,05N05E01D002M,Unknown,Unknown,5-021.65,South American,Sacramento,150,Residential,Single Well,NA,2015-05-14 - 2017-03-01,24,fall,67.9,71.4,NA,NA,2015,6.91,1.77,9.23,4,Critical,SAC,2015-10-01T00:00:00Z,2016-10-01T00:00:00Z,-121.392,38.321
383210N1213919W001,2201499,2016-07-12T00:00:00Z,28.6,28,0,71.2,-42.6,71.2,70.6,NA,Electric sounder measurement,Water level accuracy to nearest tenth of a foot,1,Department of Water Resources,NA,1,Department of Water Resources,NA,NA,5549,05N05E01D002M,05N05E01D002M,Unknown,Unknown,5-021.65,South American,Sacramento,150,Residential,Single Well,NA,2015-05-14 - 2017-03-01,24,other,NA,NA,NA,NA,2015,6.91,1.77,9.23,4,Critical,SAC,2015-10-01T00:00:00Z,2016-10-01T00:00:00Z,-121.392,38.321
383210N1213919W001,2199226,2016-06-22T00:00:00Z,28.6,28,0,69.7,-41.1,69.7,69.1,NA,Electric sounder measurement,Water level accuracy to nearest tenth of a foot,1,Department of Water Resources,NA,1,Department of Water Resources,NA,NA,5549,05N05E01D002M,05N05E01D002M,Unknown,Unknown,5-021.65,South American,Sacramento,150,Residential,Single Well,NA,2015-05-14 - 2017-03-01,24,other,NA,NA,NA,NA,2015,6.91,1.77,9.23,4,Critical,SAC,2015-10-01T00:00:00Z,2016-10-01T00:00:00Z,-121.392,38.321
383210N1213919W001,2196992,2016-05-17T00:00:00Z,28.6,28,0,60.8,-32.2,60.8,60.2,NA,Electric sounder measurement,Water level accuracy to nearest tenth of a foot,1,Department of Water Resources,NA,1,Department of Water Resources,NA,NA,5549,05N05E01D002M,05N05E01D002M,Unknown,Unknown,5-021.65,South American,Sacramento,150,Residential,Single Well,NA,2015-05-14 - 2017-03-01,24,spring,NA,NA,59.9,62.6,2015,6.91,1.77,9.23,4,Critical,SAC,2015-10-01T00:00:00Z,2016-10-01T00:00:00Z,-121.392,38.321
383210N1213919W001,2192058,2016-04-12T00:00:00Z,28.6,28,0,60.5,-31.9,60.5,59.9,NA,Electric sounder measurement,Water level accuracy to nearest tenth of a foot,1,Department of Water Resources,NA,1,Department of Water Resources,NA,NA,5549,05N05E01D002M,05N05E01D002M,Unknown,Unknown,5-021.65,South American,Sacramento,150,Residential,Single Well,NA,2015-05-14 - 2017-03-01,24,spring,NA,NA,59.9,62.6,2015,6.91,1.77,9.23,4,Critical,SAC,2015-10-01T00:00:00Z,2016-10-01T00:00:00Z,-121.392,38.321
383210N1213919W001,2185733,2016-03-03T00:00:00Z,28.6,28,0,61.7,-33.1,61.7,61.1,NA,Electric sounder measurement,Water level accuracy to nearest tenth of a foot,1,Department of Water Resources,NA,1,Department of Water Resources,NA,NA,5549,05N05E01D002M,05N05E01D002M,Unknown,Unknown,5-021.65,South American,Sacramento,150,Residential,Single Well,NA,2015-05-14 - 2017-03-01,24,spring,NA,NA,59.9,62.6,2015,6.91,1.77,9.23,4,Critical,SAC,2015-10-01T00:00:00Z,2016-10-01T00:00:00Z,-121.392,38.321
383210N1213919W001,2182858,2016-02-08T00:00:00Z,28.6,28,0,61.7,-33.1,61.7,61.1,NA,Electric sounder measurement,Water level accuracy to nearest tenth of a foot,1,Department of Water Resources,NA,1,Department of Water Resources,NA,NA,5549,05N05E01D002M,05N05E01D002M,Unknown,Unknown,5-021.65,South American,Sacramento,150,Residential,Single Well,NA,2015-05-14 - 2017-03-01,24,other,NA,NA,NA,NA,2015,6.91,1.77,9.23,4,Critical,SAC,2015-10-01T00:00:00Z,2016-10-01T00:00:00Z,-121.392,38.321
383210N1213919W001,2182846,2016-02-03T00:00:00Z,28.6,28,0,61.7,-33.1,61.7,61.1,NA,Electric sounder measurement,Water level accuracy to nearest tenth of a foot,1,Department of Water Resources,NA,1,Department of Water Resources,NA,NA,5549,05N05E01D002M,05N05E01D002M,Unknown,Unknown,5-021.65,South American,Sacramento,150,Residential,Single Well,NA,2015-05-14 - 2017-03-01,24,other,NA,NA,NA,NA,2015,6.91,1.77,9.23,4,Critical,SAC,2015-10-01T00:00:00Z,2016-10-01T00:00:00Z,-121.392,38.321
383210N1213919W001,2181029,2016-01-12T00:00:00Z,28.6,28,0,67.8,-39.2,67.8,67.2,NA,Electric sounder measurement,Water level accuracy to nearest tenth of a foot,1,Department of Water Resources,NA,1,Department of Water Resources,NA,NA,5549,05N05E01D002M,05N05E01D002M,Unknown,Unknown,5-021.65,South American,Sacramento,150,Residential,Single Well,NA,2015-05-14 - 2017-03-01,24,other,NA,NA,NA,NA,2015,6.91,1.77,9.23,4,Critical,SAC,2015-10-01T00:00:00Z,2016-10-01T00:00:00Z,-121.392,38.321
383210N1213919W001,2177533,2015-12-17T00:00:00Z,28.6,28,0,70.1,-41.5,70.1,69.5,NA,Electric sounder measurement,Water level accuracy to nearest tenth of a foot,1,Department of Water Resources,NA,1,Department of Water Resources,NA,NA,5549,05N05E01D002M,05N05E01D002M,Unknown,Unknown,5-021.65,South American,Sacramento,150,Residential,Single Well,NA,2015-05-14 - 2017-03-01,24,other,NA,NA,NA,NA,2015,6.91,1.77,9.23,4,Critical,SAC,2015-10-01T00:00:00Z,2016-10-01T00:00:00Z,-121.392,38.321
383210N1213919W001,2175660,2015-11-17T00:00:00Z,28.6,28,0,69.7,-41.1,69.7,69.1,NA,Electric sounder measurement,Water level accuracy to nearest tenth of a foot,1,Department of Water Resources,NA,1,Department of Water Resources,NA,NA,5549,05N05E01D002M,05N05E01D002M,Unknown,Unknown,5-021.65,South American,Sacramento,150,Residential,Single Well,NA,2015-05-14 - 2017-03-01,24,fall,67.9,71.4,NA,NA,2015,6.91,1.77,9.23,4,Critical,SAC,2015-10-01T00:00:00Z,2016-10-01T00:00:00Z,-121.392,38.321
383210N1213919W001,2157837,2015-10-06T14:40:00Z,28.6,28,0,71.3,-42.7,71.3,70.7,NA,Electric sounder measurement,Water level accuracy to nearest tenth of a foot,1,Department of Water Resources,NA,1,Department of Water Resources,NA,NA,5549,05N05E01D002M,05N05E01D002M,Unknown,Unknown,5-021.65,South American,Sacramento,150,Residential,Single Well,NA,2015-05-14 - 2017-03-01,24,fall,67.9,71.4,NA,NA,2015,6.91,1.77,9.23,4,Critical,SAC,2015-10-01T00:00:00Z,2016-10-01T00:00:00Z,-121.392,38.321
383210N1213919W001,2153082,2015-09-10T14:40:00Z,28.6,28,0,71.8,-43.2,71.8,71.2,NA,Electric sounder measurement,Water level accuracy to nearest tenth of a foot,1,Department of Water Resources,NA,1,Department of Water Resources,NA,NA,5549,05N05E01D002M,05N05E01D002M,Unknown,Unknown,5-021.65,South American,Sacramento,150,Residential,Single Well,NA,2015-05-14 - 2017-03-01,24,fall,67.9,71.4,NA,NA,2014,4.29,2.59,7.46,4.07,Critical,SAC,2014-10-01T00:00:00Z,2015-10-01T00:00:00Z,-121.392,38.321
383210N1213919W001,2143858,2015-07-06T00:00:00Z,28.6,28,0,64.6,-36,64.6,64,NA,Electric sounder measurement,Water level accuracy to nearest tenth of a foot,1,Department of Water Resources,NA,1,Department of Water Resources,NA,NA,5549,05N05E01D002M,05N05E01D002M,Unknown,Unknown,5-021.65,South American,Sacramento,150,Residential,Single Well,NA,2015-05-14 - 2017-03-01,24,other,NA,NA,NA,NA,2014,4.29,2.59,7.46,4.07,Critical,SAC,2014-10-01T00:00:00Z,2015-10-01T00:00:00Z,-121.392,38.321
383210N1213919W001,2143291,2015-06-24T00:00:00Z,28.6,28,0,63.6,-35,63.6,63,NA,Electric sounder measurement,Water level accuracy to nearest tenth of a foot,1,Department of Water Resources,NA,1,Department of Water Resources,NA,NA,5549,05N05E01D002M,05N05E01D002M,Unknown,Unknown,5-021.65,South American,Sacramento,150,Residential,Single Well,NA,2015-05-14 - 2017-03-01,24,other,NA,NA,NA,NA,2014,4.29,2.59,7.46,4.07,Critical,SAC,2014-10-01T00:00:00Z,2015-10-01T00:00:00Z,-121.392,38.321
383210N1213919W001,2139374,2015-05-14T00:00:00Z,28.6,28,0,63.2,-34.6,63.2,62.6,NA,Steel tape measurement,Water level accuracy to nearest tenth of a foot,1,Department of Water Resources,NA,1,Department of Water Resources,NA,NA,5549,05N05E01D002M,05N05E01D002M,Unknown,Unknown,5-021.65,South American,Sacramento,150,Residential,Single Well,NA,2015-05-14 - 2017-03-01,24,spring,NA,NA,59.9,62.6,2014,4.29,2.59,7.46,4.07,Critical,SAC,2014-10-01T00:00:00Z,2015-10-01T00:00:00Z,-121.392,38.321
