SITE_CODE,WLM_ID,MSMT_DATE,WLM_RPE,WLM_GSE,RDNG_WS,RDNG_RP,WSE,RPE_WSE,GSE_WSE,WLM_QA_DESC,WLM_DESC,WLM_ACC_DESC,WLM_ORG_ID,WLM_ORG_NAME,MSMT_CMT,COOP_AGENCY_ORG_ID,COOP_ORG_NAME,TOP_PRF,BOT_PRF,STN_ID,SWN,WELL_NAME,WLM_METHOD,WLM_ACC,BASIN_CODE,BASIN_NAME,COUNTY_NAME,WELL_DEPTH,WELL_USE,WELL_TYPE,WCR_NO,t_range,n_samples,season,fall_high,fall_low,spring_high,spring_low,water_year,Oct.Mar,Apr.Jul,WYsum,Index,water_year_type,region,water_year_start,water_year_end,X,Y
383314N1214643W001,1403656,1997-10-31T00:00:00Z,15.02,14.42,0,39.3,-24.28,39.3,38.7,NA,Unknown,Water level accuracy is unknown,1,Department of Water Resources,NA,624,Bureau of Reclamation,NA,NA,28209,06N05E31A002M,NA,Unknown,Unknown,5-021.65,South American,Sacramento,100,Residential,Unknown,NA,1990-03-13 - 1999-03-30,19,fall,38.7,49.5,NA,NA,1997,20.22,4.39,25.42,10.82,Wet,SAC,1997-10-01T00:00:00Z,1998-10-01T00:00:00Z,-121.464,38.3314
383314N1214643W001,1403654,1996-11-05T00:00:00Z,15.02,14.42,0,41.1,-26.08,41.1,40.5,NA,Unknown,Water level accuracy is unknown,1,Department of Water Resources,NA,624,Bureau of Reclamation,NA,NA,28209,06N05E31A002M,NA,Unknown,Unknown,5-021.65,South American,Sacramento,100,Residential,Unknown,NA,1990-03-13 - 1999-03-30,19,fall,38.7,49.5,NA,NA,1996,13.05,8.37,22.29,10.26,Wet,SAC,1996-10-01T00:00:00Z,1997-10-01T00:00:00Z,-121.464,38.3314
383314N1214643W001,1403653,1996-03-26T00:00:00Z,15.02,14.42,0,33.5,-18.48,33.5,32.9,NA,Unknown,Water level accuracy is unknown,1,Department of Water Resources,NA,624,Bureau of Reclamation,NA,NA,28209,06N05E31A002M,NA,Unknown,Unknown,5-021.65,South American,Sacramento,100,Residential,Unknown,NA,1990-03-13 - 1999-03-30,19,spring,NA,NA,32.9,40,1995,19.83,13.6,34.55,12.89,Wet,SAC,1995-10-01T00:00:00Z,1996-10-01T00:00:00Z,-121.464,38.3314
383314N1214643W001,1403652,1995-10-13T00:00:00Z,15.02,14.42,0,41.3,-26.28,41.3,40.7,NA,Unknown,Water level accuracy is unknown,1,Department of Water Resources,NA,624,Bureau of Reclamation,NA,NA,28209,06N05E31A002M,NA,Unknown,Unknown,5-021.65,South American,Sacramento,100,Residential,Unknown,NA,1990-03-13 - 1999-03-30,19,fall,38.7,49.5,NA,NA,1995,19.83,13.6,34.55,12.89,Wet,SAC,1995-10-01T00:00:00Z,1996-10-01T00:00:00Z,-121.464,38.3314
383314N1214643W001,1403651,1995-04-07T00:00:00Z,15.02,14.42,0,37.6,-22.58,37.6,37,NA,Unknown,Water level accuracy is unknown,1,Department of Water Resources,NA,624,Bureau of Reclamation,NA,NA,28209,06N05E31A002M,NA,Unknown,Unknown,5-021.65,South American,Sacramento,100,Residential,Unknown,NA,1990-03-13 - 1999-03-30,19,spring,NA,NA,32.9,40,1994,4.55,2.73,7.81,5.02,Critical,SAC,1994-10-01T00:00:00Z,1995-10-01T00:00:00Z,-121.464,38.3314
383314N1214643W001,1403650,1994-10-06T00:00:00Z,15.02,14.42,0,49.2,-34.18,49.2,48.6,NA,Unknown,Water level accuracy is unknown,1,Department of Water Resources,NA,624,Bureau of Reclamation,NA,NA,28209,06N05E31A002M,NA,Unknown,Unknown,5-021.65,South American,Sacramento,100,Residential,Unknown,NA,1990-03-13 - 1999-03-30,19,fall,38.7,49.5,NA,NA,1994,4.55,2.73,7.81,5.02,Critical,SAC,1994-10-01T00:00:00Z,1995-10-01T00:00:00Z,-121.464,38.3314
383314N1214643W001,1403649,1994-03-11T00:00:00Z,15.02,14.42,0,38.5,-23.48,38.5,37.9,NA,Unknown,Water level accuracy is unknown,1,Department of Water Resources,NA,624,Bureau of Reclamation,NA,NA,28209,06N05E31A002M,NA,Unknown,Unknown,5-021.65,South American,Sacramento,100,Residential,Unknown,NA,1990-03-13 - 1999-03-30,19,spring,NA,NA,32.9,40,1993,12.44,8.98,22.21,8.54,Above Normal,SAC,1993-10-01T00:00:00Z,1994-10-01T00:00:00Z,-121.464,38.3314
383314N1214643W001,1403648,1993-10-20T00:00:00Z,15.02,14.42,0,44.1,-29.08,44.1,43.5,NA,Unknown,Water level accuracy is unknown,1,Department of Water Resources,NA,624,Bureau of Reclamation,NA,NA,28209,06N05E31A002M,NA,Unknown,Unknown,5-021.65,South American,Sacramento,100,Residential,Unknown,NA,1990-03-13 - 1999-03-30,19,fall,38.7,49.5,NA,NA,1993,12.44,8.98,22.21,8.54,Above Normal,SAC,1993-10-01T00:00:00Z,1994-10-01T00:00:00Z,-121.464,38.3314
383314N1214643W001,1403647,1993-03-29T00:00:00Z,15.02,14.42,0,35,-19.98,35,34.4,NA,Unknown,Water level accuracy is unknown,1,Department of Water Resources,NA,624,Bureau of Reclamation,NA,NA,28209,06N05E31A002M,NA,Unknown,Unknown,5-021.65,South American,Sacramento,100,Residential,Unknown,NA,1990-03-13 - 1999-03-30,19,spring,NA,NA,32.9,40,1992,5.41,2.93,8.87,4.06,Critical,SAC,1992-10-01T00:00:00Z,1993-10-01T00:00:00Z,-121.464,38.3314
383314N1214643W001,1403646,1992-09-29T00:00:00Z,15.02,14.42,0,50.1,-35.08,50.1,49.5,NA,Unknown,Water level accuracy is unknown,1,Department of Water Resources,NA,624,Bureau of Reclamation,NA,NA,28209,06N05E31A002M,NA,Unknown,Unknown,5-021.65,South American,Sacramento,100,Residential,Unknown,NA,1990-03-13 - 1999-03-30,19,fall,38.7,49.5,NA,NA,1991,3.9,4.01,8.44,4.21,Critical,SAC,1991-10-01T00:00:00Z,1992-10-01T00:00:00Z,-121.464,38.3314
383314N1214643W001,1403645,1992-03-24T00:00:00Z,15.02,14.42,0,40.6,-25.58,40.6,40,NA,Unknown,Water level accuracy is unknown,1,Department of Water Resources,NA,624,Bureau of Reclamation,NA,NA,28209,06N05E31A002M,NA,Unknown,Unknown,5-021.65,South American,Sacramento,100,Residential,Unknown,NA,1990-03-13 - 1999-03-30,19,spring,NA,NA,32.9,40,1991,3.9,4.01,8.44,4.21,Critical,SAC,1991-10-01T00:00:00Z,1992-10-01T00:00:00Z,-121.464,38.3314
383314N1214643W001,1403644,1991-09-26T00:00:00Z,15.02,14.42,0,50,-34.98,50,49.4,NA,Unknown,Water level accuracy is unknown,1,Department of Water Resources,NA,624,Bureau of Reclamation,NA,NA,28209,06N05E31A002M,NA,Unknown,Unknown,5-021.65,South American,Sacramento,100,Residential,Unknown,NA,1990-03-13 - 1999-03-30,19,fall,38.7,49.5,NA,NA,1990,4.94,3.72,9.26,4.81,Critical,SAC,1990-10-01T00:00:00Z,1991-10-01T00:00:00Z,-121.464,38.3314
383314N1214643W001,1403643,1991-02-21T00:00:00Z,15.02,14.42,0,41.1,-26.08,41.1,40.5,NA,Unknown,Water level accuracy is unknown,1,Department of Water Resources,NA,624,Bureau of Reclamation,NA,NA,28209,06N05E31A002M,NA,Unknown,Unknown,5-021.65,South American,Sacramento,100,Residential,Unknown,NA,1990-03-13 - 1999-03-30,19,other,NA,NA,NA,NA,1990,4.94,3.72,9.26,4.81,Critical,SAC,1990-10-01T00:00:00Z,1991-10-01T00:00:00Z,-121.464,38.3314
383314N1214643W001,1403642,1990-09-25T00:00:00Z,15.02,14.42,0,47.7,-32.68,47.7,47.1,NA,Unknown,Water level accuracy is unknown,1,Department of Water Resources,NA,624,Bureau of Reclamation,NA,NA,28209,06N05E31A002M,NA,Unknown,Unknown,5-021.65,South American,Sacramento,100,Residential,Unknown,NA,1990-03-13 - 1999-03-30,19,fall,38.7,49.5,NA,NA,1989,9.03,5.07,14.82,6.13,Dry,SAC,1989-10-01T00:00:00Z,1990-10-01T00:00:00Z,-121.464,38.3314
383314N1214643W001,1403641,1990-03-13T00:00:00Z,15.02,14.42,0,40.5,-25.48,40.5,39.9,NA,Unknown,Water level accuracy is unknown,1,Department of Water Resources,NA,624,Bureau of Reclamation,NA,NA,28209,06N05E31A002M,NA,Unknown,Unknown,5-021.65,South American,Sacramento,100,Residential,Unknown,NA,1990-03-13 - 1999-03-30,19,spring,NA,NA,32.9,40,1989,9.03,5.07,14.82,6.13,Dry,SAC,1989-10-01T00:00:00Z,1990-10-01T00:00:00Z,-121.464,38.3314
