SITE_CODE,WLM_ID,MSMT_DATE,WLM_RPE,WLM_GSE,RDNG_WS,RDNG_RP,WSE,RPE_WSE,GSE_WSE,WLM_QA_DESC,WLM_DESC,WLM_ACC_DESC,WLM_ORG_ID,WLM_ORG_NAME,MSMT_CMT,COOP_AGENCY_ORG_ID,COOP_ORG_NAME,TOP_PRF,BOT_PRF,STN_ID,SWN,WELL_NAME,WLM_METHOD,WLM_ACC,BASIN_CODE,BASIN_NAME,COUNTY_NAME,WELL_DEPTH,WELL_USE,WELL_TYPE,WCR_NO,t_range,n_samples,season,fall_high,fall_low,spring_high,spring_low,water_year,Oct.Mar,Apr.Jul,WYsum,Index,water_year_type,region,water_year_start,water_year_end,X,Y
383510N1213741W001,2230645,2017-01-23T00:00:00Z,41.43,40.93,0,82.8,-41.37,82.8,82.3,NA,Electric sounder measurement,Water level accuracy to nearest tenth of a foot,1,Department of Water Resources,NA,1,Department of Water Resources,NA,NA,28208,06N05E24R001M,06N05E24R001M,Unknown,Unknown,5-021.65,South American,Sacramento,NA,Irrigation,Single Well,NA,2012-03-28 - 2017-03-01,55,other,NA,NA,NA,NA,2017,26.17,10.69,37.82,14.14,Wet,SAC,2016-10-01T00:00:00Z,2017-10-01T00:00:00Z,-121.374,38.351
383510N1213741W001,2223591,2016-12-05T00:00:00Z,41.43,40.93,0,84.6,-43.17,84.6,84.1,NA,Electric sounder measurement,Water level accuracy to nearest tenth of a foot,1,Department of Water Resources,NA,1,Department of Water Resources,NA,NA,28208,06N05E24R001M,06N05E24R001M,Unknown,Unknown,5-021.65,South American,Sacramento,NA,Irrigation,Single Well,NA,2012-03-28 - 2017-03-01,55,other,NA,NA,NA,NA,2017,26.17,10.69,37.82,14.14,Wet,SAC,2016-10-01T00:00:00Z,2017-10-01T00:00:00Z,-121.374,38.351
383510N1213741W001,2220321,2016-11-08T00:00:00Z,41.43,40.93,0,85.2,-43.77,85.2,84.7,NA,Electric sounder measurement,Water level accuracy to nearest tenth of a foot,1,Department of Water Resources,NA,1,Department of Water Resources,NA,NA,28208,06N05E24R001M,06N05E24R001M,Unknown,Unknown,5-021.65,South American,Sacramento,NA,Irrigation,Single Well,NA,2012-03-28 - 2017-03-01,55,fall,78.1,86.3,NA,NA,2017,26.17,10.69,37.82,14.14,Wet,SAC,2016-10-01T00:00:00Z,2017-10-01T00:00:00Z,-121.374,38.351
383510N1213741W001,2214293,2016-10-06T00:00:00Z,41.43,40.93,0,85.4,-43.97,85.4,84.9,NA,Electric sounder measurement,Water level accuracy to nearest tenth of a foot,1,Department of Water Resources,NA,1,Department of Water Resources,NA,NA,28208,06N05E24R001M,06N05E24R001M,Unknown,Unknown,5-021.65,South American,Sacramento,NA,Irrigation,Single Well,NA,2012-03-28 - 2017-03-01,55,fall,78.1,86.3,NA,NA,2017,26.17,10.69,37.82,14.14,Wet,SAC,2016-10-01T00:00:00Z,2017-10-01T00:00:00Z,-121.374,38.351
383510N1213741W001,2211355,2016-09-07T00:00:00Z,41.43,40.93,0,83.3,-41.87,83.3,82.8,NA,Electric sounder measurement,Water level accuracy to nearest tenth of a foot,1,Department of Water Resources,NA,1,Department of Water Resources,NA,NA,28208,06N05E24R001M,06N05E24R001M,Unknown,Unknown,5-021.65,South American,Sacramento,NA,Irrigation,Single Well,NA,2012-03-28 - 2017-03-01,55,fall,78.1,86.3,NA,NA,2016,12.24,4.6,17.48,6.71,Below Normal,SAC,2015-10-01T00:00:00Z,2016-10-01T00:00:00Z,-121.374,38.351
383510N1213741W001,2211367,2016-08-10T00:00:00Z,41.43,40.93,0,82.3,-40.87,82.3,81.8,NA,Electric sounder measurement,Water level accuracy to nearest tenth of a foot,1,Department of Water Resources,NA,1,Department of Water Resources,NA,NA,28208,06N05E24R001M,06N05E24R001M,Unknown,Unknown,5-021.65,South American,Sacramento,NA,Irrigation,Single Well,NA,2012-03-28 - 2017-03-01,55,fall,78.1,86.3,NA,NA,2016,12.24,4.6,17.48,6.71,Below Normal,SAC,2015-10-01T00:00:00Z,2016-10-01T00:00:00Z,-121.374,38.351
383510N1213741W001,2201507,2016-07-12T00:00:00Z,41.43,40.93,0,82.1,-40.67,82.1,81.6,NA,Electric sounder measurement,Water level accuracy to nearest tenth of a foot,1,Department of Water Resources,NA,1,Department of Water Resources,NA,NA,28208,06N05E24R001M,06N05E24R001M,Unknown,Unknown,5-021.65,South American,Sacramento,NA,Irrigation,Single Well,NA,2012-03-28 - 2017-03-01,55,other,NA,NA,NA,NA,2016,12.24,4.6,17.48,6.71,Below Normal,SAC,2015-10-01T00:00:00Z,2016-10-01T00:00:00Z,-121.374,38.351
383510N1213741W001,2197000,2016-05-17T00:00:00Z,41.43,40.93,0,77.1,-35.67,77.1,76.6,NA,Electric sounder measurement,Water level accuracy to nearest tenth of a foot,1,Department of Water Resources,NA,1,Department of Water Resources,NA,NA,28208,06N05E24R001M,06N05E24R001M,Unknown,Unknown,5-021.65,South American,Sacramento,NA,Irrigation,Single Well,NA,2012-03-28 - 2017-03-01,55,spring,NA,NA,2.6,78.2,2016,12.24,4.6,17.48,6.71,Below Normal,SAC,2015-10-01T00:00:00Z,2016-10-01T00:00:00Z,-121.374,38.351
383510N1213741W001,2192066,2016-04-12T00:00:00Z,41.43,40.93,76.3,79.4,38.33,3.1,2.6,NA,Electric sounder measurement,Water level accuracy to nearest tenth of a foot,1,Department of Water Resources,NA,1,Department of Water Resources,NA,NA,28208,06N05E24R001M,06N05E24R001M,Unknown,Unknown,5-021.65,South American,Sacramento,NA,Irrigation,Single Well,NA,2012-03-28 - 2017-03-01,55,spring,NA,NA,2.6,78.2,2016,12.24,4.6,17.48,6.71,Below Normal,SAC,2015-10-01T00:00:00Z,2016-10-01T00:00:00Z,-121.374,38.351
383510N1213741W001,2185741,2016-03-03T00:00:00Z,41.43,40.93,0,76.6,-35.17,76.6,76.1,NA,Electric sounder measurement,Water level accuracy to nearest tenth of a foot,1,Department of Water Resources,NA,1,Department of Water Resources,NA,NA,28208,06N05E24R001M,06N05E24R001M,Unknown,Unknown,5-021.65,South American,Sacramento,NA,Irrigation,Single Well,NA,2012-03-28 - 2017-03-01,55,spring,NA,NA,2.6,78.2,2016,12.24,4.6,17.48,6.71,Below Normal,SAC,2015-10-01T00:00:00Z,2016-10-01T00:00:00Z,-121.374,38.351
383510N1213741W001,2182866,2016-02-08T00:00:00Z,41.43,40.93,0,76.6,-35.17,76.6,76.1,NA,Electric sounder measurement,Water level accuracy to nearest tenth of a foot,1,Department of Water Resources,NA,1,Department of Water Resources,NA,NA,28208,06N05E24R001M,06N05E24R001M,Unknown,Unknown,5-021.65,South American,Sacramento,NA,Irrigation,Single Well,NA,2012-03-28 - 2017-03-01,55,other,NA,NA,NA,NA,2016,12.24,4.6,17.48,6.71,Below Normal,SAC,2015-10-01T00:00:00Z,2016-10-01T00:00:00Z,-121.374,38.351
383510N1213741W001,2182854,2016-02-03T00:00:00Z,41.43,40.93,0,76.6,-35.17,76.6,76.1,NA,Electric sounder measurement,Water level accuracy to nearest tenth of a foot,1,Department of Water Resources,NA,1,Department of Water Resources,NA,NA,28208,06N05E24R001M,06N05E24R001M,Unknown,Unknown,5-021.65,South American,Sacramento,NA,Irrigation,Single Well,NA,2012-03-28 - 2017-03-01,55,other,NA,NA,NA,NA,2016,12.24,4.6,17.48,6.71,Below Normal,SAC,2015-10-01T00:00:00Z,2016-10-01T00:00:00Z,-121.374,38.351
383510N1213741W001,2181037,2016-01-12T00:00:00Z,41.43,40.93,0,80.1,-38.67,80.1,79.6,NA,Electric sounder measurement,Water level accuracy to nearest tenth of a foot,1,Department of Water Resources,NA,1,Department of Water Resources,NA,NA,28208,06N05E24R001M,06N05E24R001M,Unknown,Unknown,5-021.65,South American,Sacramento,NA,Irrigation,Single Well,NA,2012-03-28 - 2017-03-01,55,other,NA,NA,NA,NA,2016,12.24,4.6,17.48,6.71,Below Normal,SAC,2015-10-01T00:00:00Z,2016-10-01T00:00:00Z,-121.374,38.351
383510N1213741W001,2177541,2015-12-17T00:00:00Z,41.43,40.93,0,82.8,-41.37,82.8,82.3,NA,Electric sounder measurement,Water level accuracy to nearest tenth of a foot,1,Department of Water Resources,NA,1,Department of Water Resources,NA,NA,28208,06N05E24R001M,06N05E24R001M,Unknown,Unknown,5-021.65,South American,Sacramento,NA,Irrigation,Single Well,NA,2012-03-28 - 2017-03-01,55,other,NA,NA,NA,NA,2016,12.24,4.6,17.48,6.71,Below Normal,SAC,2015-10-01T00:00:00Z,2016-10-01T00:00:00Z,-121.374,38.351
383510N1213741W001,2175668,2015-11-17T00:00:00Z,41.43,40.93,0,83.5,-42.07,83.5,83,NA,Electric sounder measurement,Water level accuracy to nearest tenth of a foot,1,Department of Water Resources,NA,1,Department of Water Resources,NA,NA,28208,06N05E24R001M,06N05E24R001M,Unknown,Unknown,5-021.65,South American,Sacramento,NA,Irrigation,Single Well,NA,2012-03-28 - 2017-03-01,55,fall,78.1,86.3,NA,NA,2016,12.24,4.6,17.48,6.71,Below Normal,SAC,2015-10-01T00:00:00Z,2016-10-01T00:00:00Z,-121.374,38.351
383510N1213741W001,2157838,2015-10-06T00:00:00Z,41.43,40.93,0,83.9,-42.47,83.9,83.4,NA,Electric sounder measurement,Water level accuracy to nearest tenth of a foot,1,Department of Water Resources,NA,1,Department of Water Resources,NA,NA,28208,06N05E24R001M,06N05E24R001M,Unknown,Unknown,5-021.65,South American,Sacramento,NA,Irrigation,Single Well,NA,2012-03-28 - 2017-03-01,55,fall,78.1,86.3,NA,NA,2016,12.24,4.6,17.48,6.71,Below Normal,SAC,2015-10-01T00:00:00Z,2016-10-01T00:00:00Z,-121.374,38.351
383510N1213741W001,2153083,2015-09-10T00:00:00Z,41.43,40.93,0,84.2,-42.77,84.2,83.7,NA,Electric sounder measurement,Water level accuracy to nearest tenth of a foot,1,Department of Water Resources,NA,1,Department of Water Resources,NA,NA,28208,06N05E24R001M,06N05E24R001M,Unknown,Unknown,5-021.65,South American,Sacramento,NA,Irrigation,Single Well,NA,2012-03-28 - 2017-03-01,55,fall,78.1,86.3,NA,NA,2015,6.91,1.77,9.23,4,Critical,SAC,2014-10-01T00:00:00Z,2015-10-01T00:00:00Z,-121.374,38.351
383510N1213741W001,2143857,2015-07-06T00:00:00Z,41.43,40.93,0,83.8,-42.37,83.8,83.3,NA,Electric sounder measurement,Water level accuracy to nearest tenth of a foot,1,Department of Water Resources,NA,1,Department of Water Resources,NA,NA,28208,06N05E24R001M,06N05E24R001M,Unknown,Unknown,5-021.65,South American,Sacramento,NA,Irrigation,Single Well,NA,2012-03-28 - 2017-03-01,55,other,NA,NA,NA,NA,2015,6.91,1.77,9.23,4,Critical,SAC,2014-10-01T00:00:00Z,2015-10-01T00:00:00Z,-121.374,38.351
383510N1213741W001,2143290,2015-06-24T00:00:00Z,41.43,40.93,0,78.6,-37.17,78.6,78.1,NA,Electric sounder measurement,Water level accuracy to nearest tenth of a foot,1,Department of Water Resources,NA,1,Department of Water Resources,NA,NA,28208,06N05E24R001M,06N05E24R001M,Unknown,Unknown,5-021.65,South American,Sacramento,NA,Irrigation,Single Well,NA,2012-03-28 - 2017-03-01,55,other,NA,NA,NA,NA,2015,6.91,1.77,9.23,4,Critical,SAC,2014-10-01T00:00:00Z,2015-10-01T00:00:00Z,-121.374,38.351
383510N1213741W001,2139365,2015-05-20T00:00:00Z,41.43,40.93,0,78.7,-37.27,78.7,78.2,NA,Electric sounder measurement,Water level accuracy to nearest tenth of a foot,1,Department of Water Resources,NA,1,Department of Water Resources,NA,NA,28208,06N05E24R001M,06N05E24R001M,Unknown,Unknown,5-021.65,South American,Sacramento,NA,Irrigation,Single Well,NA,2012-03-28 - 2017-03-01,55,spring,NA,NA,2.6,78.2,2015,6.91,1.77,9.23,4,Critical,SAC,2014-10-01T00:00:00Z,2015-10-01T00:00:00Z,-121.374,38.351
383510N1213741W001,2135985,2015-04-21T00:00:00Z,41.43,40.93,0,77.9,-36.47,77.9,77.4,NA,Electric sounder measurement,Water level accuracy to nearest tenth of a foot,1,Department of Water Resources,NA,1,Department of Water Resources,NA,NA,28208,06N05E24R001M,06N05E24R001M,Unknown,Unknown,5-021.65,South American,Sacramento,NA,Irrigation,Single Well,NA,2012-03-28 - 2017-03-01,55,spring,NA,NA,2.6,78.2,2015,6.91,1.77,9.23,4,Critical,SAC,2014-10-01T00:00:00Z,2015-10-01T00:00:00Z,-121.374,38.351
383510N1213741W001,2116904,2015-03-17T00:00:00Z,41.43,40.93,0,77.5,-36.07,77.5,77,NA,Electric sounder measurement,Water level accuracy to nearest tenth of a foot,1,Department of Water Resources,NA,1,Department of Water Resources,NA,NA,28208,06N05E24R001M,06N05E24R001M,Unknown,Unknown,5-021.65,South American,Sacramento,NA,Irrigation,Single Well,NA,2012-03-28 - 2017-03-01,55,spring,NA,NA,2.6,78.2,2015,6.91,1.77,9.23,4,Critical,SAC,2014-10-01T00:00:00Z,2015-10-01T00:00:00Z,-121.374,38.351
383510N1213741W001,2115228,2015-02-24T00:00:00Z,41.43,40.93,0,76.8,-35.37,76.8,76.3,NA,Electric sounder measurement,Water level accuracy to nearest tenth of a foot,1,Department of Water Resources,NA,1,Department of Water Resources,NA,NA,28208,06N05E24R001M,06N05E24R001M,Unknown,Unknown,5-021.65,South American,Sacramento,NA,Irrigation,Single Well,NA,2012-03-28 - 2017-03-01,55,other,NA,NA,NA,NA,2015,6.91,1.77,9.23,4,Critical,SAC,2014-10-01T00:00:00Z,2015-10-01T00:00:00Z,-121.374,38.351
383510N1213741W001,2113504,2015-02-02T00:00:00Z,41.43,40.93,0,77.2,-35.77,77.2,76.7,NA,Electric sounder measurement,Water level accuracy to nearest tenth of a foot,1,Department of Water Resources,NA,1,Department of Water Resources,NA,NA,28208,06N05E24R001M,06N05E24R001M,Unknown,Unknown,5-021.65,South American,Sacramento,NA,Irrigation,Single Well,NA,2012-03-28 - 2017-03-01,55,other,NA,NA,NA,NA,2015,6.91,1.77,9.23,4,Critical,SAC,2014-10-01T00:00:00Z,2015-10-01T00:00:00Z,-121.374,38.351
383510N1213741W001,2109727,2014-12-19T00:00:00Z,41.43,40.93,0,80,-38.57,80,79.5,NA,Electric sounder measurement,Water level accuracy to nearest tenth of a foot,1,Department of Water Resources,NA,1,Department of Water Resources,NA,NA,28208,06N05E24R001M,06N05E24R001M,Unknown,Unknown,5-021.65,South American,Sacramento,NA,Irrigation,Single Well,NA,2012-03-28 - 2017-03-01,55,other,NA,NA,NA,NA,2015,6.91,1.77,9.23,4,Critical,SAC,2014-10-01T00:00:00Z,2015-10-01T00:00:00Z,-121.374,38.351
383510N1213741W001,2107507,2014-11-26T00:00:00Z,41.43,40.93,0,81,-39.57,81,80.5,NA,Electric sounder measurement,Water level accuracy to nearest tenth of a foot,1,Department of Water Resources,NA,1,Department of Water Resources,NA,NA,28208,06N05E24R001M,06N05E24R001M,Unknown,Unknown,5-021.65,South American,Sacramento,NA,Irrigation,Single Well,NA,2012-03-28 - 2017-03-01,55,fall,78.1,86.3,NA,NA,2015,6.91,1.77,9.23,4,Critical,SAC,2014-10-01T00:00:00Z,2015-10-01T00:00:00Z,-121.374,38.351
383510N1213741W001,2014564,2014-09-29T00:00:00Z,41.43,40.93,0,84.5,-43.07,84.5,84,NA,Electric sounder measurement,Water level accuracy to nearest tenth of a foot,1,Department of Water Resources,NA,1,Department of Water Resources,NA,NA,28208,06N05E24R001M,06N05E24R001M,Unknown,Unknown,5-021.65,South American,Sacramento,NA,Irrigation,Single Well,NA,2012-03-28 - 2017-03-01,55,fall,78.1,86.3,NA,NA,2014,4.29,2.59,7.46,4.07,Critical,SAC,2013-10-01T00:00:00Z,2014-10-01T00:00:00Z,-121.374,38.351
383510N1213741W001,1995581,2014-08-20T00:00:00Z,41.43,40.93,0,86.8,-45.37,86.8,86.3,NA,Electric sounder measurement,Water level accuracy to nearest tenth of a foot,1,Department of Water Resources,NA,1,Department of Water Resources,NA,NA,28208,06N05E24R001M,06N05E24R001M,Unknown,Unknown,5-021.65,South American,Sacramento,NA,Irrigation,Single Well,NA,2012-03-28 - 2017-03-01,55,fall,78.1,86.3,NA,NA,2014,4.29,2.59,7.46,4.07,Critical,SAC,2013-10-01T00:00:00Z,2014-10-01T00:00:00Z,-121.374,38.351
383510N1213741W001,1993124,2014-07-28T00:00:00Z,41.43,40.93,0,85.7,-44.27,85.7,85.2,NA,Electric sounder measurement,Water level accuracy to nearest tenth of a foot,1,Department of Water Resources,NA,1,Department of Water Resources,NA,NA,28208,06N05E24R001M,06N05E24R001M,Unknown,Unknown,5-021.65,South American,Sacramento,NA,Irrigation,Single Well,NA,2012-03-28 - 2017-03-01,55,other,NA,NA,NA,NA,2014,4.29,2.59,7.46,4.07,Critical,SAC,2013-10-01T00:00:00Z,2014-10-01T00:00:00Z,-121.374,38.351
383510N1213741W001,1975870,2014-04-11T00:00:00Z,41.43,40.93,0,72.3,-30.87,72.3,71.8,NA,Electric sounder measurement,Water level accuracy to nearest tenth of a foot,1,Department of Water Resources,NA,1,Department of Water Resources,NA,NA,28208,06N05E24R001M,06N05E24R001M,Unknown,Unknown,5-021.65,South American,Sacramento,NA,Irrigation,Single Well,NA,2012-03-28 - 2017-03-01,55,spring,NA,NA,2.6,78.2,2014,4.29,2.59,7.46,4.07,Critical,SAC,2013-10-01T00:00:00Z,2014-10-01T00:00:00Z,-121.374,38.351
383510N1213741W001,1877505,2014-03-13T00:00:00Z,41.43,40.93,0,73.4,-31.97,73.4,72.9,NA,Electric sounder measurement,Water level accuracy to nearest tenth of a foot,1,Department of Water Resources,NA,1,Department of Water Resources,NA,NA,28208,06N05E24R001M,06N05E24R001M,Unknown,Unknown,5-021.65,South American,Sacramento,NA,Irrigation,Single Well,NA,2012-03-28 - 2017-03-01,55,spring,NA,NA,2.6,78.2,2014,4.29,2.59,7.46,4.07,Critical,SAC,2013-10-01T00:00:00Z,2014-10-01T00:00:00Z,-121.374,38.351
383510N1213741W001,1877489,2014-02-28T00:00:00Z,41.43,40.93,0,73.4,-31.97,73.4,72.9,NA,Electric sounder measurement,Water level accuracy to nearest tenth of a foot,1,Department of Water Resources,NA,1,Department of Water Resources,NA,NA,28208,06N05E24R001M,06N05E24R001M,Unknown,Unknown,5-021.65,South American,Sacramento,NA,Irrigation,Single Well,NA,2012-03-28 - 2017-03-01,55,other,NA,NA,NA,NA,2014,4.29,2.59,7.46,4.07,Critical,SAC,2013-10-01T00:00:00Z,2014-10-01T00:00:00Z,-121.374,38.351
383510N1213741W001,1876583,2014-02-28T00:00:00Z,41.43,40.93,0,73.9,-32.47,73.9,73.4,NA,Electric sounder measurement,Water level accuracy to nearest tenth of a foot,1,Department of Water Resources,NA,1,Department of Water Resources,NA,NA,28208,06N05E24R001M,06N05E24R001M,Unknown,Unknown,5-021.65,South American,Sacramento,NA,Irrigation,Single Well,NA,2012-03-28 - 2017-03-01,55,other,NA,NA,NA,NA,2014,4.29,2.59,7.46,4.07,Critical,SAC,2013-10-01T00:00:00Z,2014-10-01T00:00:00Z,-121.374,38.351
383510N1213741W001,1873036,2014-01-31T00:00:00Z,41.43,40.93,0,75.4,-33.97,75.4,74.9,NA,Electric sounder measurement,Water level accuracy to nearest tenth of a foot,1,Department of Water Resources,NA,1,Department of Water Resources,NA,NA,28208,06N05E24R001M,06N05E24R001M,Unknown,Unknown,5-021.65,South American,Sacramento,NA,Irrigation,Single Well,NA,2012-03-28 - 2017-03-01,55,other,NA,NA,NA,NA,2014,4.29,2.59,7.46,4.07,Critical,SAC,2013-10-01T00:00:00Z,2014-10-01T00:00:00Z,-121.374,38.351
383510N1213741W001,1835782,2014-01-31T00:00:00Z,41.43,40.93,0,75.4,-33.97,75.4,74.9,NA,Electric sounder measurement,Water level accuracy to nearest tenth of a foot,1,Department of Water Resources,NA,1,Department of Water Resources,NA,NA,28208,06N05E24R001M,06N05E24R001M,Unknown,Unknown,5-021.65,South American,Sacramento,NA,Irrigation,Single Well,NA,2012-03-28 - 2017-03-01,55,other,NA,NA,NA,NA,2014,4.29,2.59,7.46,4.07,Critical,SAC,2013-10-01T00:00:00Z,2014-10-01T00:00:00Z,-121.374,38.351
383510N1213741W001,1835530,2013-10-31T00:00:00Z,41.43,40.93,0,78.6,-37.17,78.6,78.1,NA,Electric sounder measurement,Water level accuracy to nearest tenth of a foot,1,Department of Water Resources,NA,1,Department of Water Resources,NA,NA,28208,06N05E24R001M,06N05E24R001M,Unknown,Unknown,5-021.65,South American,Sacramento,NA,Irrigation,Single Well,NA,2012-03-28 - 2017-03-01,55,fall,78.1,86.3,NA,NA,2014,4.29,2.59,7.46,4.07,Critical,SAC,2013-10-01T00:00:00Z,2014-10-01T00:00:00Z,-121.374,38.351
383510N1213741W001,1834752,2013-10-31T00:00:00Z,41.43,40.93,0,78.6,-37.17,78.6,78.1,NA,Electric sounder measurement,Water level accuracy to nearest tenth of a foot,1,Department of Water Resources,NA,1,Department of Water Resources,NA,NA,28208,06N05E24R001M,06N05E24R001M,Unknown,Unknown,5-021.65,South American,Sacramento,NA,Irrigation,Single Well,NA,2012-03-28 - 2017-03-01,55,fall,78.1,86.3,NA,NA,2014,4.29,2.59,7.46,4.07,Critical,SAC,2013-10-01T00:00:00Z,2014-10-01T00:00:00Z,-121.374,38.351
383510N1213741W001,1796835,2013-09-27T00:00:00Z,41.43,40.93,0,79.4,-37.97,79.4,78.9,NA,Electric sounder measurement,Water level accuracy to nearest tenth of a foot,1,Department of Water Resources,NA,1,Department of Water Resources,NA,NA,28208,06N05E24R001M,06N05E24R001M,Unknown,Unknown,5-021.65,South American,Sacramento,NA,Irrigation,Single Well,NA,2012-03-28 - 2017-03-01,55,fall,78.1,86.3,NA,NA,2013,8.52,3.01,12.19,5.83,Dry,SAC,2012-10-01T00:00:00Z,2013-10-01T00:00:00Z,-121.374,38.351
383510N1213741W001,1796756,2013-03-21T00:00:00Z,41.43,40.93,0,78.1,-36.67,78.1,77.6,NA,Electric sounder measurement,Water level accuracy to nearest tenth of a foot,1,Department of Water Resources,NA,1,Department of Water Resources,NA,NA,28208,06N05E24R001M,06N05E24R001M,Unknown,Unknown,5-021.65,South American,Sacramento,NA,Irrigation,Single Well,NA,2012-03-28 - 2017-03-01,55,spring,NA,NA,2.6,78.2,2013,8.52,3.01,12.19,5.83,Dry,SAC,2012-10-01T00:00:00Z,2013-10-01T00:00:00Z,-121.374,38.351
383510N1213741W001,1796739,2012-10-18T00:00:00Z,41.43,40.93,0,79.5,-38.07,79.5,79,NA,Electric sounder measurement,Water level accuracy to nearest tenth of a foot,1,Department of Water Resources,NA,1,Department of Water Resources,NA,NA,28208,06N05E24R001M,06N05E24R001M,Unknown,Unknown,5-021.65,South American,Sacramento,NA,Irrigation,Single Well,NA,2012-03-28 - 2017-03-01,55,fall,78.1,86.3,NA,NA,2013,8.52,3.01,12.19,5.83,Dry,SAC,2012-10-01T00:00:00Z,2013-10-01T00:00:00Z,-121.374,38.351
383510N1213741W001,65372,2012-07-30T00:00:00Z,41.43,40.93,0,77.3,-35.87,77.3,76.8,NA,Electric sounder measurement,Water level accuracy to nearest tenth of a foot,1,Department of Water Resources,NA,1,Department of Water Resources,NA,NA,28208,06N05E24R001M,06N05E24R001M,Unknown,Unknown,5-021.65,South American,Sacramento,NA,Irrigation,Single Well,NA,2012-03-28 - 2017-03-01,55,other,NA,NA,NA,NA,2012,5.69,5.46,11.84,6.89,Below Normal,SAC,2011-10-01T00:00:00Z,2012-10-01T00:00:00Z,-121.374,38.351
383510N1213741W001,55094,2012-03-29T00:00:00Z,41.43,40.93,0,66.5,-25.07,66.5,66,NA,Electric sounder measurement,Water level accuracy to nearest hundredth of a foot,1,Department of Water Resources,NA,1,Department of Water Resources,NA,NA,28208,06N05E24R001M,06N05E24R001M,Unknown,Unknown,5-021.65,South American,Sacramento,NA,Irrigation,Single Well,NA,2012-03-28 - 2017-03-01,55,spring,NA,NA,2.6,78.2,2012,5.69,5.46,11.84,6.89,Below Normal,SAC,2011-10-01T00:00:00Z,2012-10-01T00:00:00Z,-121.374,38.351
383510N1213741W001,65356,2012-03-28T00:00:00Z,41.43,40.93,0,66.5,-25.07,66.5,66,NA,Electric sounder measurement,Water level accuracy to nearest tenth of a foot,1,Department of Water Resources,NA,1,Department of Water Resources,NA,NA,28208,06N05E24R001M,06N05E24R001M,Unknown,Unknown,5-021.65,South American,Sacramento,NA,Irrigation,Single Well,NA,2012-03-28 - 2017-03-01,55,spring,NA,NA,2.6,78.2,2012,5.69,5.46,11.84,6.89,Below Normal,SAC,2011-10-01T00:00:00Z,2012-10-01T00:00:00Z,-121.374,38.351
