SITE_CODE,WLM_ID,MSMT_DATE,WLM_RPE,WLM_GSE,RDNG_WS,RDNG_RP,WSE,RPE_WSE,GSE_WSE,WLM_QA_DESC,WLM_DESC,WLM_ACC_DESC,WLM_ORG_ID,WLM_ORG_NAME,MSMT_CMT,COOP_AGENCY_ORG_ID,COOP_ORG_NAME,TOP_PRF,BOT_PRF,STN_ID,SWN,WELL_NAME,WLM_METHOD,WLM_ACC,BASIN_CODE,BASIN_NAME,COUNTY_NAME,WELL_DEPTH,WELL_USE,WELL_TYPE,WCR_NO,t_range,n_samples,season,fall_high,fall_low,spring_high,spring_low,water_year,Oct.Mar,Apr.Jul,WYsum,Index,water_year_type,region,water_year_start,water_year_end,X,Y
383610N1214825W001,2661534,2020-08-25T00:00:00Z,12.94,12.44,0,21.9,-8.96,21.9,21.4,NA,Electric sounder measurement,Water level accuracy to nearest tenth of a foot,1,Department of Water Resources,Run 19,1,Department of Water Resources,NA,NA,5563,06N04E24A001M,06N04E24A001M,Unknown,Unknown,5-021.65,South American,Sacramento,200,Irrigation,Single Well,NA,1963-04-01 - 2020-08-25,194,fall,18.7,35.6,NA,NA,2020,NA,NA,NA,NA,NA,NA,2019-10-01T00:00:00Z,2020-10-01T00:00:00Z,-121.483,38.361
383610N1214825W001,2655575,2020-07-16T00:00:00Z,12.94,12.44,0,21.3,-8.36,21.3,20.8,NA,Electric sounder measurement,Water level accuracy to nearest tenth of a foot,1,Department of Water Resources,Run 19,1,Department of Water Resources,NA,NA,5563,06N04E24A001M,06N04E24A001M,Unknown,Unknown,5-021.65,South American,Sacramento,200,Irrigation,Single Well,NA,1963-04-01 - 2020-08-25,194,other,NA,NA,NA,NA,2020,NA,NA,NA,NA,NA,NA,2019-10-01T00:00:00Z,2020-10-01T00:00:00Z,-121.483,38.361
383610N1214825W001,2627793,2020-06-19T00:00:00Z,12.94,12.44,0,20.9,-7.96,20.9,20.4,NA,Electric sounder measurement,Water level accuracy to nearest tenth of a foot,1,Department of Water Resources,Run 19,1,Department of Water Resources,NA,NA,5563,06N04E24A001M,06N04E24A001M,Unknown,Unknown,5-021.65,South American,Sacramento,200,Irrigation,Single Well,NA,1963-04-01 - 2020-08-25,194,other,NA,NA,NA,NA,2020,NA,NA,NA,NA,NA,NA,2019-10-01T00:00:00Z,2020-10-01T00:00:00Z,-121.483,38.361
383610N1214825W001,2624873,2020-05-22T00:00:00Z,12.94,12.44,0,20.5,-7.56,20.5,20,NA,Electric sounder measurement,Water level accuracy to nearest tenth of a foot,1,Department of Water Resources,NA,1,Department of Water Resources,NA,NA,5563,06N04E24A001M,06N04E24A001M,Unknown,Unknown,5-021.65,South American,Sacramento,200,Irrigation,Single Well,NA,1963-04-01 - 2020-08-25,194,spring,NA,NA,14.1,35.5,2020,NA,NA,NA,NA,NA,NA,2019-10-01T00:00:00Z,2020-10-01T00:00:00Z,-121.483,38.361
383610N1214825W001,2538783,2020-03-09T00:00:00Z,12.94,12.44,0,20.1,-7.16,20.1,19.6,NA,Electric sounder measurement,Water level accuracy to nearest tenth of a foot,1,Department of Water Resources,NA,1,Department of Water Resources,NA,NA,5563,06N04E24A001M,06N04E24A001M,Unknown,Unknown,5-021.65,South American,Sacramento,200,Irrigation,Single Well,NA,1963-04-01 - 2020-08-25,194,spring,NA,NA,14.1,35.5,2020,NA,NA,NA,NA,NA,NA,2019-10-01T00:00:00Z,2020-10-01T00:00:00Z,-121.483,38.361
383610N1214825W001,2521776,2020-02-10T00:00:00Z,12.94,12.44,0,20.1,-7.16,20.1,19.6,NA,Electric sounder measurement,Water level accuracy to nearest tenth of a foot,1,Department of Water Resources,NA,1,Department of Water Resources,NA,NA,5563,06N04E24A001M,06N04E24A001M,Unknown,Unknown,5-021.65,South American,Sacramento,200,Irrigation,Single Well,NA,1963-04-01 - 2020-08-25,194,other,NA,NA,NA,NA,2020,NA,NA,NA,NA,NA,NA,2019-10-01T00:00:00Z,2020-10-01T00:00:00Z,-121.483,38.361
383610N1214825W001,2498120,2020-01-23T00:00:00Z,12.94,12.44,0,20.4,-7.46,20.4,19.9,NA,Electric sounder measurement,Water level accuracy to nearest tenth of a foot,1,Department of Water Resources,NA,1,Department of Water Resources,NA,NA,5563,06N04E24A001M,06N04E24A001M,Unknown,Unknown,5-021.65,South American,Sacramento,200,Irrigation,Single Well,NA,1963-04-01 - 2020-08-25,194,other,NA,NA,NA,NA,2020,NA,NA,NA,NA,NA,NA,2019-10-01T00:00:00Z,2020-10-01T00:00:00Z,-121.483,38.361
383610N1214825W001,2491129,2019-12-11T00:00:00Z,12.94,12.44,0,20.6,-7.66,20.6,20.1,NA,Electric sounder measurement,Water level accuracy to nearest tenth of a foot,1,Department of Water Resources,NA,1,Department of Water Resources,NA,NA,5563,06N04E24A001M,06N04E24A001M,Unknown,Unknown,5-021.65,South American,Sacramento,200,Irrigation,Single Well,NA,1963-04-01 - 2020-08-25,194,other,NA,NA,NA,NA,2020,NA,NA,NA,NA,NA,NA,2019-10-01T00:00:00Z,2020-10-01T00:00:00Z,-121.483,38.361
383610N1214825W001,2484906,2019-11-13T00:00:00Z,12.94,12.44,0,20.7,-7.76,20.7,20.2,NA,Electric sounder measurement,Water level accuracy to nearest tenth of a foot,1,Department of Water Resources,NA,1,Department of Water Resources,NA,NA,5563,06N04E24A001M,06N04E24A001M,Unknown,Unknown,5-021.65,South American,Sacramento,200,Irrigation,Single Well,NA,1963-04-01 - 2020-08-25,194,fall,18.7,35.6,NA,NA,2020,NA,NA,NA,NA,NA,NA,2019-10-01T00:00:00Z,2020-10-01T00:00:00Z,-121.483,38.361
383610N1214825W001,2479770,2019-10-25T00:00:00Z,12.94,12.44,0,20.7,-7.76,20.7,20.2,NA,Electric sounder measurement,Water level accuracy to nearest tenth of a foot,1,Department of Water Resources,NA,1,Department of Water Resources,NA,NA,5563,06N04E24A001M,06N04E24A001M,Unknown,Unknown,5-021.65,South American,Sacramento,200,Irrigation,Single Well,NA,1963-04-01 - 2020-08-25,194,fall,18.7,35.6,NA,NA,2020,NA,NA,NA,NA,NA,NA,2019-10-01T00:00:00Z,2020-10-01T00:00:00Z,-121.483,38.361
383610N1214825W001,2475258,2019-09-16T00:00:00Z,12.94,12.44,0,20.1,-7.16,20.1,19.6,NA,Electric sounder measurement,Water level accuracy to nearest tenth of a foot,1,Department of Water Resources,NA,1,Department of Water Resources,NA,NA,5563,06N04E24A001M,06N04E24A001M,Unknown,Unknown,5-021.65,South American,Sacramento,200,Irrigation,Single Well,NA,1963-04-01 - 2020-08-25,194,fall,18.7,35.6,NA,NA,2019,13.11,10.66,24.77,10.34,Wet,SAC,2018-10-01T00:00:00Z,2019-10-01T00:00:00Z,-121.483,38.361
383610N1214825W001,2474242,2019-08-09T00:00:00Z,12.94,12.44,0,19.2,-6.26,19.2,18.7,NA,Electric sounder measurement,Water level accuracy to nearest tenth of a foot,1,Department of Water Resources,NA,1,Department of Water Resources,NA,NA,5563,06N04E24A001M,06N04E24A001M,Unknown,Unknown,5-021.65,South American,Sacramento,200,Irrigation,Single Well,NA,1963-04-01 - 2020-08-25,194,fall,18.7,35.6,NA,NA,2019,13.11,10.66,24.77,10.34,Wet,SAC,2018-10-01T00:00:00Z,2019-10-01T00:00:00Z,-121.483,38.361
383610N1214825W001,2470867,2019-07-15T00:00:00Z,12.94,12.44,0,18.2,-5.26,18.2,17.7,NA,Electric sounder measurement,Water level accuracy to nearest tenth of a foot,1,Department of Water Resources,NA,1,Department of Water Resources,NA,NA,5563,06N04E24A001M,06N04E24A001M,Unknown,Unknown,5-021.65,South American,Sacramento,200,Irrigation,Single Well,NA,1963-04-01 - 2020-08-25,194,other,NA,NA,NA,NA,2019,13.11,10.66,24.77,10.34,Wet,SAC,2018-10-01T00:00:00Z,2019-10-01T00:00:00Z,-121.483,38.361
383610N1214825W001,2465544,2019-06-17T00:00:00Z,12.94,12.44,0,17.6,-4.66,17.6,17.1,NA,Electric sounder measurement,Water level accuracy to nearest tenth of a foot,1,Department of Water Resources,NA,1,Department of Water Resources,NA,NA,5563,06N04E24A001M,06N04E24A001M,Unknown,Unknown,5-021.65,South American,Sacramento,200,Irrigation,Single Well,NA,1963-04-01 - 2020-08-25,194,other,NA,NA,NA,NA,2019,13.11,10.66,24.77,10.34,Wet,SAC,2018-10-01T00:00:00Z,2019-10-01T00:00:00Z,-121.483,38.361
383610N1214825W001,2460904,2019-05-20T00:00:00Z,12.94,12.44,0,16.7,-3.76,16.7,16.2,NA,Electric sounder measurement,Water level accuracy to nearest tenth of a foot,1,Department of Water Resources,NA,1,Department of Water Resources,NA,NA,5563,06N04E24A001M,06N04E24A001M,Unknown,Unknown,5-021.65,South American,Sacramento,200,Irrigation,Single Well,NA,1963-04-01 - 2020-08-25,194,spring,NA,NA,14.1,35.5,2019,13.11,10.66,24.77,10.34,Wet,SAC,2018-10-01T00:00:00Z,2019-10-01T00:00:00Z,-121.483,38.361
383610N1214825W001,2454818,2019-04-23T00:00:00Z,12.94,12.44,0,16.4,-3.46,16.4,15.9,NA,Electric sounder measurement,Water level accuracy to nearest tenth of a foot,1,Department of Water Resources,NA,1,Department of Water Resources,NA,NA,5563,06N04E24A001M,06N04E24A001M,Unknown,Unknown,5-021.65,South American,Sacramento,200,Irrigation,Single Well,NA,1963-04-01 - 2020-08-25,194,spring,NA,NA,14.1,35.5,2019,13.11,10.66,24.77,10.34,Wet,SAC,2018-10-01T00:00:00Z,2019-10-01T00:00:00Z,-121.483,38.361
383610N1214825W001,2450186,2019-03-07T00:00:00Z,12.94,12.44,0,15.6,-2.66,15.6,15.1,NA,Electric sounder measurement,Water level accuracy to nearest tenth of a foot,1,Department of Water Resources,NA,1,Department of Water Resources,NA,NA,5563,06N04E24A001M,06N04E24A001M,Unknown,Unknown,5-021.65,South American,Sacramento,200,Irrigation,Single Well,NA,1963-04-01 - 2020-08-25,194,spring,NA,NA,14.1,35.5,2019,13.11,10.66,24.77,10.34,Wet,SAC,2018-10-01T00:00:00Z,2019-10-01T00:00:00Z,-121.483,38.361
383610N1214825W001,2438346,2019-01-17T00:00:00Z,12.94,12.44,0,21.5,-8.56,21.5,21,NA,Electric sounder measurement,Water level accuracy to nearest tenth of a foot,1,Department of Water Resources,NA,1,Department of Water Resources,NA,NA,5563,06N04E24A001M,06N04E24A001M,Unknown,Unknown,5-021.65,South American,Sacramento,200,Irrigation,Single Well,NA,1963-04-01 - 2020-08-25,194,other,NA,NA,NA,NA,2019,13.11,10.66,24.77,10.34,Wet,SAC,2018-10-01T00:00:00Z,2019-10-01T00:00:00Z,-121.483,38.361
383610N1214825W001,2433393,2018-12-26T00:00:00Z,12.94,12.44,0,22.2,-9.26,22.2,21.7,NA,Electric sounder measurement,Water level accuracy to nearest tenth of a foot,1,Department of Water Resources,NA,1,Department of Water Resources,NA,NA,5563,06N04E24A001M,06N04E24A001M,Unknown,Unknown,5-021.65,South American,Sacramento,200,Irrigation,Single Well,NA,1963-04-01 - 2020-08-25,194,other,NA,NA,NA,NA,2019,13.11,10.66,24.77,10.34,Wet,SAC,2018-10-01T00:00:00Z,2019-10-01T00:00:00Z,-121.483,38.361
383610N1214825W001,2429289,2018-11-29T00:00:00Z,12.94,12.44,0,22.3,-9.36,22.3,21.8,NA,Electric sounder measurement,Water level accuracy to nearest tenth of a foot,1,Department of Water Resources,NA,1,Department of Water Resources,NA,NA,5563,06N04E24A001M,06N04E24A001M,Unknown,Unknown,5-021.65,South American,Sacramento,200,Irrigation,Single Well,NA,1963-04-01 - 2020-08-25,194,fall,18.7,35.6,NA,NA,2019,13.11,10.66,24.77,10.34,Wet,SAC,2018-10-01T00:00:00Z,2019-10-01T00:00:00Z,-121.483,38.361
383610N1214825W001,2411020,2018-10-04T00:00:00Z,12.94,12.44,0,22.6,-9.66,22.6,22.1,NA,Electric sounder measurement,Water level accuracy to nearest tenth of a foot,1,Department of Water Resources,NA,1,Department of Water Resources,NA,NA,5563,06N04E24A001M,06N04E24A001M,Unknown,Unknown,5-021.65,South American,Sacramento,200,Irrigation,Single Well,NA,1963-04-01 - 2020-08-25,194,fall,18.7,35.6,NA,NA,2019,13.11,10.66,24.77,10.34,Wet,SAC,2018-10-01T00:00:00Z,2019-10-01T00:00:00Z,-121.483,38.361
383610N1214825W001,2409538,2018-09-07T00:00:00Z,12.94,12.44,0,24.8,-11.86,24.8,24.3,NA,Electric sounder measurement,Water level accuracy to nearest tenth of a foot,1,Department of Water Resources,NA,1,Department of Water Resources,NA,NA,5563,06N04E24A001M,06N04E24A001M,Unknown,Unknown,5-021.65,South American,Sacramento,200,Irrigation,Single Well,NA,1963-04-01 - 2020-08-25,194,fall,18.7,35.6,NA,NA,2018,7.09,5.05,12.86,7.14,Below Normal,SAC,2017-10-01T00:00:00Z,2018-10-01T00:00:00Z,-121.483,38.361
383610N1214825W001,2308403,2018-08-13T00:00:00Z,12.94,12.44,0,21.4,-8.46,21.4,20.9,NA,Electric sounder measurement,Water level accuracy to nearest tenth of a foot,1,Department of Water Resources,NA,1,Department of Water Resources,NA,NA,5563,06N04E24A001M,06N04E24A001M,Unknown,Unknown,5-021.65,South American,Sacramento,200,Irrigation,Single Well,NA,1963-04-01 - 2020-08-25,194,fall,18.7,35.6,NA,NA,2018,7.09,5.05,12.86,7.14,Below Normal,SAC,2017-10-01T00:00:00Z,2018-10-01T00:00:00Z,-121.483,38.361
383610N1214825W001,2307725,2018-06-08T00:00:00Z,12.94,12.44,0,19.9,-6.96,19.9,19.4,NA,Electric sounder measurement,Water level accuracy to nearest tenth of a foot,1,Department of Water Resources,NA,1,Department of Water Resources,NA,NA,5563,06N04E24A001M,06N04E24A001M,Unknown,Unknown,5-021.65,South American,Sacramento,200,Irrigation,Single Well,NA,1963-04-01 - 2020-08-25,194,other,NA,NA,NA,NA,2018,7.09,5.05,12.86,7.14,Below Normal,SAC,2017-10-01T00:00:00Z,2018-10-01T00:00:00Z,-121.483,38.361
383610N1214825W001,2285165,2018-04-04T00:00:00Z,12.94,12.44,0,19.7,-6.76,19.7,19.2,NA,Electric sounder measurement,Water level accuracy to nearest tenth of a foot,1,Department of Water Resources,NA,1,Department of Water Resources,NA,NA,5563,06N04E24A001M,06N04E24A001M,Unknown,Unknown,5-021.65,South American,Sacramento,200,Irrigation,Single Well,NA,1963-04-01 - 2020-08-25,194,spring,NA,NA,14.1,35.5,2018,7.09,5.05,12.86,7.14,Below Normal,SAC,2017-10-01T00:00:00Z,2018-10-01T00:00:00Z,-121.483,38.361
383610N1214825W001,2283345,2018-02-15T00:00:00Z,12.94,12.44,0,21.2,-8.26,21.2,20.7,NA,Electric sounder measurement,Water level accuracy to nearest tenth of a foot,1,Department of Water Resources,NA,1,Department of Water Resources,NA,NA,5563,06N04E24A001M,06N04E24A001M,Unknown,Unknown,5-021.65,South American,Sacramento,200,Irrigation,Single Well,NA,1963-04-01 - 2020-08-25,194,other,NA,NA,NA,NA,2018,7.09,5.05,12.86,7.14,Below Normal,SAC,2017-10-01T00:00:00Z,2018-10-01T00:00:00Z,-121.483,38.361
383610N1214825W001,2280903,2018-01-08T00:00:00Z,12.94,12.44,0,21.4,-8.46,21.4,20.9,NA,Electric sounder measurement,Water level accuracy to nearest tenth of a foot,1,Department of Water Resources,NA,1,Department of Water Resources,NA,NA,5563,06N04E24A001M,06N04E24A001M,Unknown,Unknown,5-021.65,South American,Sacramento,200,Irrigation,Single Well,NA,1963-04-01 - 2020-08-25,194,other,NA,NA,NA,NA,2018,7.09,5.05,12.86,7.14,Below Normal,SAC,2017-10-01T00:00:00Z,2018-10-01T00:00:00Z,-121.483,38.361
383610N1214825W001,2276516,2017-12-06T00:00:00Z,12.94,12.44,0,21.3,-8.36,21.3,20.8,NA,Electric sounder measurement,Water level accuracy to nearest tenth of a foot,1,Department of Water Resources,NA,1,Department of Water Resources,NA,NA,5563,06N04E24A001M,06N04E24A001M,Unknown,Unknown,5-021.65,South American,Sacramento,200,Irrigation,Single Well,NA,1963-04-01 - 2020-08-25,194,other,NA,NA,NA,NA,2018,7.09,5.05,12.86,7.14,Below Normal,SAC,2017-10-01T00:00:00Z,2018-10-01T00:00:00Z,-121.483,38.361
383610N1214825W001,2274568,2017-11-09T00:00:00Z,12.94,12.44,0,20.2,-7.26,20.2,19.7,NA,Electric sounder measurement,Water level accuracy to nearest tenth of a foot,1,Department of Water Resources,NA,1,Department of Water Resources,NA,NA,5563,06N04E24A001M,06N04E24A001M,Unknown,Unknown,5-021.65,South American,Sacramento,200,Irrigation,Single Well,NA,1963-04-01 - 2020-08-25,194,fall,18.7,35.6,NA,NA,2018,7.09,5.05,12.86,7.14,Below Normal,SAC,2017-10-01T00:00:00Z,2018-10-01T00:00:00Z,-121.483,38.361
383610N1214825W001,2268314,2017-10-16T00:00:00Z,12.94,12.44,0,20.4,-7.46,20.4,19.9,NA,Electric sounder measurement,Water level accuracy to nearest tenth of a foot,1,Department of Water Resources,NA,1,Department of Water Resources,NA,NA,5563,06N04E24A001M,06N04E24A001M,Unknown,Unknown,5-021.65,South American,Sacramento,200,Irrigation,Single Well,NA,1963-04-01 - 2020-08-25,194,fall,18.7,35.6,NA,NA,2018,7.09,5.05,12.86,7.14,Below Normal,SAC,2017-10-01T00:00:00Z,2018-10-01T00:00:00Z,-121.483,38.361
383610N1214825W001,2263396,2017-09-27T00:00:00Z,12.94,12.44,0,19.8,-6.86,19.8,19.3,NA,Electric sounder measurement,Water level accuracy to nearest tenth of a foot,1,Department of Water Resources,NA,1,Department of Water Resources,NA,NA,5563,06N04E24A001M,06N04E24A001M,Unknown,Unknown,5-021.65,South American,Sacramento,200,Irrigation,Single Well,NA,1963-04-01 - 2020-08-25,194,fall,18.7,35.6,NA,NA,2017,26.17,10.69,37.82,14.14,Wet,SAC,2016-10-01T00:00:00Z,2017-10-01T00:00:00Z,-121.483,38.361
383610N1214825W001,2263395,2017-08-29T00:00:00Z,12.94,12.44,0,19.6,-6.66,19.6,19.1,NA,Electric sounder measurement,Water level accuracy to nearest tenth of a foot,1,Department of Water Resources,NA,1,Department of Water Resources,NA,NA,5563,06N04E24A001M,06N04E24A001M,Unknown,Unknown,5-021.65,South American,Sacramento,200,Irrigation,Single Well,NA,1963-04-01 - 2020-08-25,194,fall,18.7,35.6,NA,NA,2017,26.17,10.69,37.82,14.14,Wet,SAC,2016-10-01T00:00:00Z,2017-10-01T00:00:00Z,-121.483,38.361
383610N1214825W001,2263394,2017-06-15T00:00:00Z,12.94,12.44,0,17.1,-4.16,17.1,16.6,NA,Electric sounder measurement,Water level accuracy to nearest tenth of a foot,1,Department of Water Resources,NA,1,Department of Water Resources,NA,NA,5563,06N04E24A001M,06N04E24A001M,Unknown,Unknown,5-021.65,South American,Sacramento,200,Irrigation,Single Well,NA,1963-04-01 - 2020-08-25,194,other,NA,NA,NA,NA,2017,26.17,10.69,37.82,14.14,Wet,SAC,2016-10-01T00:00:00Z,2017-10-01T00:00:00Z,-121.483,38.361
383610N1214825W001,2263393,2017-05-04T00:00:00Z,12.94,12.44,0,15.1,-2.16,15.1,14.6,NA,Electric sounder measurement,Water level accuracy to nearest tenth of a foot,1,Department of Water Resources,NA,1,Department of Water Resources,NA,NA,5563,06N04E24A001M,06N04E24A001M,Unknown,Unknown,5-021.65,South American,Sacramento,200,Irrigation,Single Well,NA,1963-04-01 - 2020-08-25,194,spring,NA,NA,14.1,35.5,2017,26.17,10.69,37.82,14.14,Wet,SAC,2016-10-01T00:00:00Z,2017-10-01T00:00:00Z,-121.483,38.361
383610N1214825W001,2263392,2017-04-10T00:00:00Z,12.94,12.44,0,14.6,-1.66,14.6,14.1,NA,Electric sounder measurement,Water level accuracy to nearest tenth of a foot,1,Department of Water Resources,NA,1,Department of Water Resources,NA,NA,5563,06N04E24A001M,06N04E24A001M,Unknown,Unknown,5-021.65,South American,Sacramento,200,Irrigation,Single Well,NA,1963-04-01 - 2020-08-25,194,spring,NA,NA,14.1,35.5,2017,26.17,10.69,37.82,14.14,Wet,SAC,2016-10-01T00:00:00Z,2017-10-01T00:00:00Z,-121.483,38.361
383610N1214825W001,2237582,2017-03-07T00:00:00Z,12.94,12.44,0,14.6,-1.66,14.6,14.1,NA,Electric sounder measurement,Water level accuracy to nearest tenth of a foot,1,Department of Water Resources,NA,1,Department of Water Resources,NA,NA,5563,06N04E24A001M,06N04E24A001M,Unknown,Unknown,5-021.65,South American,Sacramento,200,Irrigation,Single Well,NA,1963-04-01 - 2020-08-25,194,spring,NA,NA,14.1,35.5,2017,26.17,10.69,37.82,14.14,Wet,SAC,2016-10-01T00:00:00Z,2017-10-01T00:00:00Z,-121.483,38.361
383610N1214825W001,2230636,2017-01-23T00:00:00Z,12.94,12.44,0,18.1,-5.16,18.1,17.6,NA,Electric sounder measurement,Water level accuracy to nearest tenth of a foot,1,Department of Water Resources,NA,1,Department of Water Resources,NA,NA,5563,06N04E24A001M,06N04E24A001M,Unknown,Unknown,5-021.65,South American,Sacramento,200,Irrigation,Single Well,NA,1963-04-01 - 2020-08-25,194,other,NA,NA,NA,NA,2017,26.17,10.69,37.82,14.14,Wet,SAC,2016-10-01T00:00:00Z,2017-10-01T00:00:00Z,-121.483,38.361
383610N1214825W001,2223582,2016-12-05T00:00:00Z,12.94,12.44,0,23.2,-10.26,23.2,22.7,NA,Electric sounder measurement,Water level accuracy to nearest tenth of a foot,1,Department of Water Resources,NA,1,Department of Water Resources,NA,NA,5563,06N04E24A001M,06N04E24A001M,Unknown,Unknown,5-021.65,South American,Sacramento,200,Irrigation,Single Well,NA,1963-04-01 - 2020-08-25,194,other,NA,NA,NA,NA,2017,26.17,10.69,37.82,14.14,Wet,SAC,2016-10-01T00:00:00Z,2017-10-01T00:00:00Z,-121.483,38.361
383610N1214825W001,2220312,2016-11-08T00:00:00Z,12.94,12.44,0,24.6,-11.66,24.6,24.1,NA,Electric sounder measurement,Water level accuracy to nearest tenth of a foot,1,Department of Water Resources,NA,1,Department of Water Resources,NA,NA,5563,06N04E24A001M,06N04E24A001M,Unknown,Unknown,5-021.65,South American,Sacramento,200,Irrigation,Single Well,NA,1963-04-01 - 2020-08-25,194,fall,18.7,35.6,NA,NA,2017,26.17,10.69,37.82,14.14,Wet,SAC,2016-10-01T00:00:00Z,2017-10-01T00:00:00Z,-121.483,38.361
383610N1214825W001,2214282,2016-10-05T00:00:00Z,12.94,12.44,0,24.9,-11.96,24.9,24.4,NA,Electric sounder measurement,Water level accuracy to nearest tenth of a foot,1,Department of Water Resources,NA,1,Department of Water Resources,NA,NA,5563,06N04E24A001M,06N04E24A001M,Unknown,Unknown,5-021.65,South American,Sacramento,200,Irrigation,Single Well,NA,1963-04-01 - 2020-08-25,194,fall,18.7,35.6,NA,NA,2017,26.17,10.69,37.82,14.14,Wet,SAC,2016-10-01T00:00:00Z,2017-10-01T00:00:00Z,-121.483,38.361
383610N1214825W001,2211344,2016-09-07T00:00:00Z,12.94,12.44,0,24.8,-11.86,24.8,24.3,NA,Electric sounder measurement,Water level accuracy to nearest tenth of a foot,1,Department of Water Resources,NA,1,Department of Water Resources,NA,NA,5563,06N04E24A001M,06N04E24A001M,Unknown,Unknown,5-021.65,South American,Sacramento,200,Irrigation,Single Well,NA,1963-04-01 - 2020-08-25,194,fall,18.7,35.6,NA,NA,2016,12.24,4.6,17.48,6.71,Below Normal,SAC,2015-10-01T00:00:00Z,2016-10-01T00:00:00Z,-121.483,38.361
383610N1214825W001,2211356,2016-08-10T00:00:00Z,12.94,12.44,0,24.6,-11.66,24.6,24.1,NA,Electric sounder measurement,Water level accuracy to nearest tenth of a foot,1,Department of Water Resources,NA,1,Department of Water Resources,NA,NA,5563,06N04E24A001M,06N04E24A001M,Unknown,Unknown,5-021.65,South American,Sacramento,200,Irrigation,Single Well,NA,1963-04-01 - 2020-08-25,194,fall,18.7,35.6,NA,NA,2016,12.24,4.6,17.48,6.71,Below Normal,SAC,2015-10-01T00:00:00Z,2016-10-01T00:00:00Z,-121.483,38.361
383610N1214825W001,2201496,2016-07-12T00:00:00Z,12.94,12.44,0,24.9,-11.96,24.9,24.4,NA,Electric sounder measurement,Water level accuracy to nearest tenth of a foot,1,Department of Water Resources,NA,1,Department of Water Resources,NA,NA,5563,06N04E24A001M,06N04E24A001M,Unknown,Unknown,5-021.65,South American,Sacramento,200,Irrigation,Single Well,NA,1963-04-01 - 2020-08-25,194,other,NA,NA,NA,NA,2016,12.24,4.6,17.48,6.71,Below Normal,SAC,2015-10-01T00:00:00Z,2016-10-01T00:00:00Z,-121.483,38.361
383610N1214825W001,2199223,2016-06-22T00:00:00Z,12.94,12.44,0,24.2,-11.26,24.2,23.7,NA,Electric sounder measurement,Water level accuracy to nearest tenth of a foot,1,Department of Water Resources,NA,1,Department of Water Resources,NA,NA,5563,06N04E24A001M,06N04E24A001M,Unknown,Unknown,5-021.65,South American,Sacramento,200,Irrigation,Single Well,NA,1963-04-01 - 2020-08-25,194,other,NA,NA,NA,NA,2016,12.24,4.6,17.48,6.71,Below Normal,SAC,2015-10-01T00:00:00Z,2016-10-01T00:00:00Z,-121.483,38.361
383610N1214825W001,2196989,2016-05-17T00:00:00Z,12.94,12.44,0,20.5,-7.56,20.5,20,NA,Electric sounder measurement,Water level accuracy to nearest tenth of a foot,1,Department of Water Resources,NA,1,Department of Water Resources,NA,NA,5563,06N04E24A001M,06N04E24A001M,Unknown,Unknown,5-021.65,South American,Sacramento,200,Irrigation,Single Well,NA,1963-04-01 - 2020-08-25,194,spring,NA,NA,14.1,35.5,2016,12.24,4.6,17.48,6.71,Below Normal,SAC,2015-10-01T00:00:00Z,2016-10-01T00:00:00Z,-121.483,38.361
383610N1214825W001,2192055,2016-04-12T00:00:00Z,12.94,12.44,0,19.8,-6.86,19.8,19.3,NA,Electric sounder measurement,Water level accuracy to nearest tenth of a foot,1,Department of Water Resources,NA,1,Department of Water Resources,NA,NA,5563,06N04E24A001M,06N04E24A001M,Unknown,Unknown,5-021.65,South American,Sacramento,200,Irrigation,Single Well,NA,1963-04-01 - 2020-08-25,194,spring,NA,NA,14.1,35.5,2016,12.24,4.6,17.48,6.71,Below Normal,SAC,2015-10-01T00:00:00Z,2016-10-01T00:00:00Z,-121.483,38.361
383610N1214825W001,2185730,2016-03-03T00:00:00Z,12.94,12.44,0,19.6,-6.66,19.6,19.1,NA,Electric sounder measurement,Water level accuracy to nearest tenth of a foot,1,Department of Water Resources,NA,1,Department of Water Resources,NA,NA,5563,06N04E24A001M,06N04E24A001M,Unknown,Unknown,5-021.65,South American,Sacramento,200,Irrigation,Single Well,NA,1963-04-01 - 2020-08-25,194,spring,NA,NA,14.1,35.5,2016,12.24,4.6,17.48,6.71,Below Normal,SAC,2015-10-01T00:00:00Z,2016-10-01T00:00:00Z,-121.483,38.361
383610N1214825W001,2182855,2016-02-08T00:00:00Z,12.94,12.44,0,23.9,-10.96,23.9,23.4,NA,Electric sounder measurement,Water level accuracy to nearest tenth of a foot,1,Department of Water Resources,NA,1,Department of Water Resources,NA,NA,5563,06N04E24A001M,06N04E24A001M,Unknown,Unknown,5-021.65,South American,Sacramento,200,Irrigation,Single Well,NA,1963-04-01 - 2020-08-25,194,other,NA,NA,NA,NA,2016,12.24,4.6,17.48,6.71,Below Normal,SAC,2015-10-01T00:00:00Z,2016-10-01T00:00:00Z,-121.483,38.361
383610N1214825W001,2182843,2016-02-03T00:00:00Z,12.94,12.44,0,23.9,-10.96,23.9,23.4,NA,Electric sounder measurement,Water level accuracy to nearest tenth of a foot,1,Department of Water Resources,NA,1,Department of Water Resources,NA,NA,5563,06N04E24A001M,06N04E24A001M,Unknown,Unknown,5-021.65,South American,Sacramento,200,Irrigation,Single Well,NA,1963-04-01 - 2020-08-25,194,other,NA,NA,NA,NA,2016,12.24,4.6,17.48,6.71,Below Normal,SAC,2015-10-01T00:00:00Z,2016-10-01T00:00:00Z,-121.483,38.361
383610N1214825W001,2181026,2016-01-12T00:00:00Z,12.94,12.44,0,24.1,-11.16,24.1,23.6,NA,Electric sounder measurement,Water level accuracy to nearest tenth of a foot,1,Department of Water Resources,NA,1,Department of Water Resources,NA,NA,5563,06N04E24A001M,06N04E24A001M,Unknown,Unknown,5-021.65,South American,Sacramento,200,Irrigation,Single Well,NA,1963-04-01 - 2020-08-25,194,other,NA,NA,NA,NA,2016,12.24,4.6,17.48,6.71,Below Normal,SAC,2015-10-01T00:00:00Z,2016-10-01T00:00:00Z,-121.483,38.361
383610N1214825W001,2177530,2015-12-17T00:00:00Z,12.94,12.44,0,23.9,-10.96,23.9,23.4,NA,Electric sounder measurement,Water level accuracy to nearest tenth of a foot,1,Department of Water Resources,NA,1,Department of Water Resources,NA,NA,5563,06N04E24A001M,06N04E24A001M,Unknown,Unknown,5-021.65,South American,Sacramento,200,Irrigation,Single Well,NA,1963-04-01 - 2020-08-25,194,other,NA,NA,NA,NA,2016,12.24,4.6,17.48,6.71,Below Normal,SAC,2015-10-01T00:00:00Z,2016-10-01T00:00:00Z,-121.483,38.361
383610N1214825W001,2175657,2015-11-17T00:00:00Z,12.94,12.44,0,24,-11.06,24,23.5,NA,Electric sounder measurement,Water level accuracy to nearest tenth of a foot,1,Department of Water Resources,NA,1,Department of Water Resources,NA,NA,5563,06N04E24A001M,06N04E24A001M,Unknown,Unknown,5-021.65,South American,Sacramento,200,Irrigation,Single Well,NA,1963-04-01 - 2020-08-25,194,fall,18.7,35.6,NA,NA,2016,12.24,4.6,17.48,6.71,Below Normal,SAC,2015-10-01T00:00:00Z,2016-10-01T00:00:00Z,-121.483,38.361
383610N1214825W001,2157827,2015-10-06T00:00:00Z,12.94,12.44,0,23.9,-10.96,23.9,23.4,NA,Electric sounder measurement,Water level accuracy to nearest tenth of a foot,1,Department of Water Resources,NA,1,Department of Water Resources,NA,NA,5563,06N04E24A001M,06N04E24A001M,Unknown,Unknown,5-021.65,South American,Sacramento,200,Irrigation,Single Well,NA,1963-04-01 - 2020-08-25,194,fall,18.7,35.6,NA,NA,2016,12.24,4.6,17.48,6.71,Below Normal,SAC,2015-10-01T00:00:00Z,2016-10-01T00:00:00Z,-121.483,38.361
383610N1214825W001,2153072,2015-09-10T00:00:00Z,12.94,12.44,0,24.8,-11.86,24.8,24.3,NA,Electric sounder measurement,Water level accuracy to nearest tenth of a foot,1,Department of Water Resources,NA,1,Department of Water Resources,NA,NA,5563,06N04E24A001M,06N04E24A001M,Unknown,Unknown,5-021.65,South American,Sacramento,200,Irrigation,Single Well,NA,1963-04-01 - 2020-08-25,194,fall,18.7,35.6,NA,NA,2015,6.91,1.77,9.23,4,Critical,SAC,2014-10-01T00:00:00Z,2015-10-01T00:00:00Z,-121.483,38.361
383610N1214825W001,2149822,2015-08-05T00:00:00Z,12.94,12.44,0,24.7,-11.76,24.7,24.2,NA,Electric sounder measurement,Water level accuracy to nearest tenth of a foot,1,Department of Water Resources,NA,1,Department of Water Resources,NA,NA,5563,06N04E24A001M,06N04E24A001M,Unknown,Unknown,5-021.65,South American,Sacramento,200,Irrigation,Single Well,NA,1963-04-01 - 2020-08-25,194,fall,18.7,35.6,NA,NA,2015,6.91,1.77,9.23,4,Critical,SAC,2014-10-01T00:00:00Z,2015-10-01T00:00:00Z,-121.483,38.361
383610N1214825W001,2143851,2015-07-06T00:00:00Z,12.94,12.44,0,24.7,-11.76,24.7,24.2,NA,Electric sounder measurement,Water level accuracy to nearest tenth of a foot,1,Department of Water Resources,NA,1,Department of Water Resources,NA,NA,5563,06N04E24A001M,06N04E24A001M,Unknown,Unknown,5-021.65,South American,Sacramento,200,Irrigation,Single Well,NA,1963-04-01 - 2020-08-25,194,other,NA,NA,NA,NA,2015,6.91,1.77,9.23,4,Critical,SAC,2014-10-01T00:00:00Z,2015-10-01T00:00:00Z,-121.483,38.361
383610N1214825W001,2143284,2015-06-24T00:00:00Z,12.94,12.44,0,24.6,-11.66,24.6,24.1,NA,Electric sounder measurement,Water level accuracy to nearest tenth of a foot,1,Department of Water Resources,NA,1,Department of Water Resources,NA,NA,5563,06N04E24A001M,06N04E24A001M,Unknown,Unknown,5-021.65,South American,Sacramento,200,Irrigation,Single Well,NA,1963-04-01 - 2020-08-25,194,other,NA,NA,NA,NA,2015,6.91,1.77,9.23,4,Critical,SAC,2014-10-01T00:00:00Z,2015-10-01T00:00:00Z,-121.483,38.361
383610N1214825W001,2138691,2015-05-18T00:00:00Z,12.94,12.44,0,24.3,-11.36,24.3,23.8,NA,Electric sounder measurement,Water level accuracy to nearest tenth of a foot,1,Department of Water Resources,NA,1,Department of Water Resources,NA,NA,5563,06N04E24A001M,06N04E24A001M,Unknown,Unknown,5-021.65,South American,Sacramento,200,Irrigation,Single Well,NA,1963-04-01 - 2020-08-25,194,spring,NA,NA,14.1,35.5,2015,6.91,1.77,9.23,4,Critical,SAC,2014-10-01T00:00:00Z,2015-10-01T00:00:00Z,-121.483,38.361
383610N1214825W001,2137726,2015-04-27T00:00:00Z,12.94,12.44,0,24,-11.06,24,23.5,NA,Electric sounder measurement,Water level accuracy to nearest tenth of a foot,1,Department of Water Resources,NA,1,Department of Water Resources,NA,NA,5563,06N04E24A001M,06N04E24A001M,Unknown,Unknown,5-021.65,South American,Sacramento,200,Irrigation,Single Well,NA,1963-04-01 - 2020-08-25,194,spring,NA,NA,14.1,35.5,2015,6.91,1.77,9.23,4,Critical,SAC,2014-10-01T00:00:00Z,2015-10-01T00:00:00Z,-121.483,38.361
383610N1214825W001,2119287,2015-03-23T00:00:00Z,12.94,12.44,0,24.1,-11.16,24.1,23.6,NA,Electric sounder measurement,Water level accuracy to nearest tenth of a foot,1,Department of Water Resources,NA,1,Department of Water Resources,NA,NA,5563,06N04E24A001M,06N04E24A001M,Unknown,Unknown,5-021.65,South American,Sacramento,200,Irrigation,Single Well,NA,1963-04-01 - 2020-08-25,194,spring,NA,NA,14.1,35.5,2015,6.91,1.77,9.23,4,Critical,SAC,2014-10-01T00:00:00Z,2015-10-01T00:00:00Z,-121.483,38.361
383610N1214825W001,2115212,2015-02-18T00:00:00Z,12.94,12.44,0,24.3,-11.36,24.3,23.8,NA,Electric sounder measurement,Water level accuracy to nearest tenth of a foot,1,Department of Water Resources,NA,1,Department of Water Resources,NA,NA,5563,06N04E24A001M,06N04E24A001M,Unknown,Unknown,5-021.65,South American,Sacramento,200,Irrigation,Single Well,NA,1963-04-01 - 2020-08-25,194,other,NA,NA,NA,NA,2015,6.91,1.77,9.23,4,Critical,SAC,2014-10-01T00:00:00Z,2015-10-01T00:00:00Z,-121.483,38.361
383610N1214825W001,2113519,2015-01-22T00:00:00Z,12.94,12.44,0,24.6,-11.66,24.6,24.1,NA,Electric sounder measurement,Water level accuracy to nearest tenth of a foot,1,Department of Water Resources,NA,1,Department of Water Resources,NA,NA,5563,06N04E24A001M,06N04E24A001M,Unknown,Unknown,5-021.65,South American,Sacramento,200,Irrigation,Single Well,NA,1963-04-01 - 2020-08-25,194,other,NA,NA,NA,NA,2015,6.91,1.77,9.23,4,Critical,SAC,2014-10-01T00:00:00Z,2015-10-01T00:00:00Z,-121.483,38.361
383610N1214825W001,2109752,2014-12-09T00:00:00Z,12.94,12.44,0,24.9,-11.96,24.9,24.4,NA,Electric sounder measurement,Water level accuracy to nearest tenth of a foot,1,Department of Water Resources,NA,1,Department of Water Resources,NA,NA,5563,06N04E24A001M,06N04E24A001M,Unknown,Unknown,5-021.65,South American,Sacramento,200,Irrigation,Single Well,NA,1963-04-01 - 2020-08-25,194,other,NA,NA,NA,NA,2015,6.91,1.77,9.23,4,Critical,SAC,2014-10-01T00:00:00Z,2015-10-01T00:00:00Z,-121.483,38.361
383610N1214825W001,2107491,2014-11-25T00:00:00Z,12.94,12.44,0,26,-13.06,26,25.5,NA,Electric sounder measurement,Water level accuracy to nearest tenth of a foot,1,Department of Water Resources,NA,1,Department of Water Resources,NA,NA,5563,06N04E24A001M,06N04E24A001M,Unknown,Unknown,5-021.65,South American,Sacramento,200,Irrigation,Single Well,NA,1963-04-01 - 2020-08-25,194,fall,18.7,35.6,NA,NA,2015,6.91,1.77,9.23,4,Critical,SAC,2014-10-01T00:00:00Z,2015-10-01T00:00:00Z,-121.483,38.361
383610N1214825W001,2016284,2014-10-14T00:00:00Z,12.94,12.44,0,27.7,-14.76,27.7,27.2,NA,Electric sounder measurement,Water level accuracy to nearest tenth of a foot,1,Department of Water Resources,NA,1,Department of Water Resources,NA,NA,5563,06N04E24A001M,06N04E24A001M,Unknown,Unknown,5-021.65,South American,Sacramento,200,Irrigation,Single Well,NA,1963-04-01 - 2020-08-25,194,fall,18.7,35.6,NA,NA,2015,6.91,1.77,9.23,4,Critical,SAC,2014-10-01T00:00:00Z,2015-10-01T00:00:00Z,-121.483,38.361
383610N1214825W001,2002540,2014-09-22T00:00:00Z,12.94,12.44,0,25.6,-12.66,25.6,25.1,NA,Electric sounder measurement,Water level accuracy to nearest tenth of a foot,1,Department of Water Resources,NA,1,Department of Water Resources,NA,NA,5563,06N04E24A001M,06N04E24A001M,Unknown,Unknown,5-021.65,South American,Sacramento,200,Irrigation,Single Well,NA,1963-04-01 - 2020-08-25,194,fall,18.7,35.6,NA,NA,2014,4.29,2.59,7.46,4.07,Critical,SAC,2013-10-01T00:00:00Z,2014-10-01T00:00:00Z,-121.483,38.361
383610N1214825W001,1995565,2014-08-21T00:00:00Z,12.94,12.44,0,25.6,-12.66,25.6,25.1,NA,Electric sounder measurement,Water level accuracy to nearest tenth of a foot,1,Department of Water Resources,NA,1,Department of Water Resources,NA,NA,5563,06N04E24A001M,06N04E24A001M,Unknown,Unknown,5-021.65,South American,Sacramento,200,Irrigation,Single Well,NA,1963-04-01 - 2020-08-25,194,fall,18.7,35.6,NA,NA,2014,4.29,2.59,7.46,4.07,Critical,SAC,2013-10-01T00:00:00Z,2014-10-01T00:00:00Z,-121.483,38.361
383610N1214825W001,1993613,2014-07-30T00:00:00Z,12.94,12.44,0,25.5,-12.56,25.5,25,NA,Electric sounder measurement,Water level accuracy to nearest tenth of a foot,1,Department of Water Resources,NA,1,Department of Water Resources,NA,NA,5563,06N04E24A001M,06N04E24A001M,Unknown,Unknown,5-021.65,South American,Sacramento,200,Irrigation,Single Well,NA,1963-04-01 - 2020-08-25,194,other,NA,NA,NA,NA,2014,4.29,2.59,7.46,4.07,Critical,SAC,2013-10-01T00:00:00Z,2014-10-01T00:00:00Z,-121.483,38.361
383610N1214825W001,1991012,2014-06-24T00:00:00Z,12.94,12.44,0,25.1,-12.16,25.1,24.6,NA,Electric sounder measurement,Water level accuracy to nearest tenth of a foot,1,Department of Water Resources,NA,1,Department of Water Resources,NA,NA,5563,06N04E24A001M,06N04E24A001M,Unknown,Unknown,5-021.65,South American,Sacramento,200,Irrigation,Single Well,NA,1963-04-01 - 2020-08-25,194,other,NA,NA,NA,NA,2014,4.29,2.59,7.46,4.07,Critical,SAC,2013-10-01T00:00:00Z,2014-10-01T00:00:00Z,-121.483,38.361
383610N1214825W001,1986344,2014-05-20T00:00:00Z,12.94,12.44,0,25.9,-12.96,25.9,25.4,NA,Electric sounder measurement,Water level accuracy to nearest tenth of a foot,1,Department of Water Resources,NA,1,Department of Water Resources,NA,NA,5563,06N04E24A001M,06N04E24A001M,Unknown,Unknown,5-021.65,South American,Sacramento,200,Irrigation,Single Well,NA,1963-04-01 - 2020-08-25,194,spring,NA,NA,14.1,35.5,2014,4.29,2.59,7.46,4.07,Critical,SAC,2013-10-01T00:00:00Z,2014-10-01T00:00:00Z,-121.483,38.361
383610N1214825W001,1878629,2014-03-19T00:00:00Z,12.94,12.44,0,24.4,-11.46,24.4,23.9,NA,Electric sounder measurement,Water level accuracy to nearest tenth of a foot,1,Department of Water Resources,NA,1,Department of Water Resources,NA,NA,5563,06N04E24A001M,06N04E24A001M,Unknown,Unknown,5-021.65,South American,Sacramento,200,Irrigation,Single Well,NA,1963-04-01 - 2020-08-25,194,spring,NA,NA,14.1,35.5,2014,4.29,2.59,7.46,4.07,Critical,SAC,2013-10-01T00:00:00Z,2014-10-01T00:00:00Z,-121.483,38.361
383610N1214825W001,1876303,2014-02-24T00:00:00Z,12.94,12.44,0,24.7,-11.76,24.7,24.2,NA,Electric sounder measurement,Water level accuracy to nearest tenth of a foot,1,Department of Water Resources,NA,1,Department of Water Resources,NA,NA,5563,06N04E24A001M,06N04E24A001M,Unknown,Unknown,5-021.65,South American,Sacramento,200,Irrigation,Single Well,NA,1963-04-01 - 2020-08-25,194,other,NA,NA,NA,NA,2014,4.29,2.59,7.46,4.07,Critical,SAC,2013-10-01T00:00:00Z,2014-10-01T00:00:00Z,-121.483,38.361
383610N1214825W001,1825609,2014-01-28T00:00:00Z,12.94,12.44,0,24.9,-11.96,24.9,24.4,NA,Electric sounder measurement,Water level accuracy to nearest tenth of a foot,1,Department of Water Resources,NA,1,Department of Water Resources,NA,NA,5563,06N04E24A001M,06N04E24A001M,Unknown,Unknown,5-021.65,South American,Sacramento,200,Irrigation,Single Well,NA,1963-04-01 - 2020-08-25,194,other,NA,NA,NA,NA,2014,4.29,2.59,7.46,4.07,Critical,SAC,2013-10-01T00:00:00Z,2014-10-01T00:00:00Z,-121.483,38.361
383610N1214825W001,1808549,2013-12-04T00:00:00Z,12.94,12.44,0,24.6,-11.66,24.6,24.1,NA,Electric sounder measurement,Water level accuracy to nearest tenth of a foot,1,Department of Water Resources,NA,1,Department of Water Resources,NA,NA,5563,06N04E24A001M,06N04E24A001M,Unknown,Unknown,5-021.65,South American,Sacramento,200,Irrigation,Single Well,NA,1963-04-01 - 2020-08-25,194,other,NA,NA,NA,NA,2014,4.29,2.59,7.46,4.07,Critical,SAC,2013-10-01T00:00:00Z,2014-10-01T00:00:00Z,-121.483,38.361
383610N1214825W001,1797565,2013-10-30T00:00:00Z,12.94,12.44,0,24.8,-11.86,24.8,24.3,NA,Electric sounder measurement,Water level accuracy to nearest tenth of a foot,1,Department of Water Resources,NA,1,Department of Water Resources,NA,NA,5563,06N04E24A001M,06N04E24A001M,Unknown,Unknown,5-021.65,South American,Sacramento,200,Irrigation,Single Well,NA,1963-04-01 - 2020-08-25,194,fall,18.7,35.6,NA,NA,2014,4.29,2.59,7.46,4.07,Critical,SAC,2013-10-01T00:00:00Z,2014-10-01T00:00:00Z,-121.483,38.361
383610N1214825W001,1795876,2013-09-26T00:00:00Z,12.94,12.44,0,24.5,-11.56,24.5,24,NA,Electric sounder measurement,Water level accuracy to nearest tenth of a foot,1,Department of Water Resources,NA,1,Department of Water Resources,NA,NA,5563,06N04E24A001M,06N04E24A001M,Unknown,Unknown,5-021.65,South American,Sacramento,200,Irrigation,Single Well,NA,1963-04-01 - 2020-08-25,194,fall,18.7,35.6,NA,NA,2013,8.52,3.01,12.19,5.83,Dry,SAC,2012-10-01T00:00:00Z,2013-10-01T00:00:00Z,-121.483,38.361
383610N1214825W001,1745178,2013-08-29T00:00:00Z,12.94,12.44,0,24.5,-11.56,24.5,24,NA,Electric sounder measurement,Water level accuracy to nearest tenth of a foot,1,Department of Water Resources,NA,1,Department of Water Resources,NA,NA,5563,06N04E24A001M,06N04E24A001M,Unknown,Unknown,5-021.65,South American,Sacramento,200,Irrigation,Single Well,NA,1963-04-01 - 2020-08-25,194,fall,18.7,35.6,NA,NA,2013,8.52,3.01,12.19,5.83,Dry,SAC,2012-10-01T00:00:00Z,2013-10-01T00:00:00Z,-121.483,38.361
383610N1214825W001,1739494,2013-07-30T00:00:00Z,12.94,12.44,0,24.4,-11.46,24.4,23.9,NA,Electric sounder measurement,Water level accuracy to nearest tenth of a foot,1,Department of Water Resources,NA,1,Department of Water Resources,NA,NA,5563,06N04E24A001M,06N04E24A001M,Unknown,Unknown,5-021.65,South American,Sacramento,200,Irrigation,Single Well,NA,1963-04-01 - 2020-08-25,194,other,NA,NA,NA,NA,2013,8.52,3.01,12.19,5.83,Dry,SAC,2012-10-01T00:00:00Z,2013-10-01T00:00:00Z,-121.483,38.361
383610N1214825W001,1735657,2013-06-26T00:00:00Z,12.94,12.44,0,23.9,-10.96,23.9,23.4,NA,Electric sounder measurement,Water level accuracy to nearest tenth of a foot,1,Department of Water Resources,NA,1,Department of Water Resources,NA,NA,5563,06N04E24A001M,06N04E24A001M,Unknown,Unknown,5-021.65,South American,Sacramento,200,Irrigation,Single Well,NA,1963-04-01 - 2020-08-25,194,other,NA,NA,NA,NA,2013,8.52,3.01,12.19,5.83,Dry,SAC,2012-10-01T00:00:00Z,2013-10-01T00:00:00Z,-121.483,38.361
383610N1214825W001,1703962,2013-03-20T00:00:00Z,12.94,12.44,0,23,-10.06,23,22.5,NA,Electric sounder measurement,Water level accuracy to nearest tenth of a foot,1,Department of Water Resources,NA,1,Department of Water Resources,NA,NA,5563,06N04E24A001M,06N04E24A001M,Unknown,Unknown,5-021.65,South American,Sacramento,200,Irrigation,Single Well,NA,1963-04-01 - 2020-08-25,194,spring,NA,NA,14.1,35.5,2013,8.52,3.01,12.19,5.83,Dry,SAC,2012-10-01T00:00:00Z,2013-10-01T00:00:00Z,-121.483,38.361
383610N1214825W001,68841,2012-10-15T00:00:00Z,12.94,12.44,0,25.1,-12.16,25.1,24.6,NA,Electric sounder measurement,Water level accuracy to nearest tenth of a foot,1,Department of Water Resources,NA,1,Department of Water Resources,NA,NA,5563,06N04E24A001M,06N04E24A001M,Unknown,Unknown,5-021.65,South American,Sacramento,200,Irrigation,Single Well,NA,1963-04-01 - 2020-08-25,194,fall,18.7,35.6,NA,NA,2013,8.52,3.01,12.19,5.83,Dry,SAC,2012-10-01T00:00:00Z,2013-10-01T00:00:00Z,-121.483,38.361
383610N1214825W001,55113,2012-03-26T00:00:00Z,12.94,12.44,0,24.8,-11.86,24.8,24.3,NA,Electric sounder measurement,Water level accuracy to nearest hundredth of a foot,1,Department of Water Resources,NA,1,Department of Water Resources,NA,NA,5563,06N04E24A001M,06N04E24A001M,Unknown,Unknown,5-021.65,South American,Sacramento,200,Irrigation,Single Well,NA,1963-04-01 - 2020-08-25,194,spring,NA,NA,14.1,35.5,2012,5.69,5.46,11.84,6.89,Below Normal,SAC,2011-10-01T00:00:00Z,2012-10-01T00:00:00Z,-121.483,38.361
383610N1214825W001,1400727,2011-10-19T00:00:00Z,12.94,12.44,0,23.8,-10.86,23.8,23.3,NA,Unknown,Water level accuracy is unknown,1,Department of Water Resources,NA,1,Department of Water Resources,NA,NA,5563,06N04E24A001M,06N04E24A001M,Unknown,Unknown,5-021.65,South American,Sacramento,200,Irrigation,Single Well,NA,1963-04-01 - 2020-08-25,194,fall,18.7,35.6,NA,NA,2012,5.69,5.46,11.84,6.89,Below Normal,SAC,2011-10-01T00:00:00Z,2012-10-01T00:00:00Z,-121.483,38.361
383610N1214825W001,1400726,2011-04-04T00:00:00Z,12.94,12.44,0,20.1,-7.16,20.1,19.6,NA,Unknown,Water level accuracy is unknown,1,Department of Water Resources,NA,1,Department of Water Resources,NA,NA,5563,06N04E24A001M,06N04E24A001M,Unknown,Unknown,5-021.65,South American,Sacramento,200,Irrigation,Single Well,NA,1963-04-01 - 2020-08-25,194,spring,NA,NA,14.1,35.5,2011,12.68,11.53,25.21,10.54,Wet,SAC,2010-10-01T00:00:00Z,2011-10-01T00:00:00Z,-121.483,38.361
383610N1214825W001,1400725,2010-12-13T00:00:00Z,12.94,12.44,0,25.7,-12.76,25.7,25.2,NA,Unknown,Water level accuracy is unknown,1,Department of Water Resources,NA,1,Department of Water Resources,NA,NA,5563,06N04E24A001M,06N04E24A001M,Unknown,Unknown,5-021.65,South American,Sacramento,200,Irrigation,Single Well,NA,1963-04-01 - 2020-08-25,194,other,NA,NA,NA,NA,2011,12.68,11.53,25.21,10.54,Wet,SAC,2010-10-01T00:00:00Z,2011-10-01T00:00:00Z,-121.483,38.361
383610N1214825W001,1400724,2010-07-26T00:00:00Z,12.94,12.44,0,25.6,-12.66,25.6,25.1,NA,Unknown,Water level accuracy is unknown,1,Department of Water Resources,NA,1,Department of Water Resources,NA,NA,5563,06N04E24A001M,06N04E24A001M,Unknown,Unknown,5-021.65,South American,Sacramento,200,Irrigation,Single Well,NA,1963-04-01 - 2020-08-25,194,other,NA,NA,NA,NA,2010,7.45,7.78,16.01,7.08,Below Normal,SAC,2009-10-01T00:00:00Z,2010-10-01T00:00:00Z,-121.483,38.361
383610N1214825W001,1400723,2010-03-22T00:00:00Z,12.94,12.44,0,24.6,-11.66,24.6,24.1,NA,Unknown,Water level accuracy is unknown,1,Department of Water Resources,NA,1,Department of Water Resources,NA,NA,5563,06N04E24A001M,06N04E24A001M,Unknown,Unknown,5-021.65,South American,Sacramento,200,Irrigation,Single Well,NA,1963-04-01 - 2020-08-25,194,spring,NA,NA,14.1,35.5,2010,7.45,7.78,16.01,7.08,Below Normal,SAC,2009-10-01T00:00:00Z,2010-10-01T00:00:00Z,-121.483,38.361
383610N1214825W001,1400722,2009-12-21T00:00:00Z,12.94,12.44,0,27.8,-14.86,27.8,27.3,NA,Unknown,Water level accuracy is unknown,1,Department of Water Resources,NA,1,Department of Water Resources,NA,NA,5563,06N04E24A001M,06N04E24A001M,Unknown,Unknown,5-021.65,South American,Sacramento,200,Irrigation,Single Well,NA,1963-04-01 - 2020-08-25,194,other,NA,NA,NA,NA,2010,7.45,7.78,16.01,7.08,Below Normal,SAC,2009-10-01T00:00:00Z,2010-10-01T00:00:00Z,-121.483,38.361
383610N1214825W001,1400720,2009-10-19T00:00:00Z,12.94,12.44,0,27.1,-14.16,27.1,26.6,NA,Unknown,Water level accuracy is unknown,1,Department of Water Resources,NA,1,Department of Water Resources,NA,NA,5563,06N04E24A001M,06N04E24A001M,Unknown,Unknown,5-021.65,South American,Sacramento,200,Irrigation,Single Well,NA,1963-04-01 - 2020-08-25,194,fall,18.7,35.6,NA,NA,2010,7.45,7.78,16.01,7.08,Below Normal,SAC,2009-10-01T00:00:00Z,2010-10-01T00:00:00Z,-121.483,38.361
383610N1214825W001,1400719,2009-09-15T00:00:00Z,12.94,12.44,0,26.8,-13.86,26.8,26.3,NA,Unknown,Water level accuracy is unknown,1,Department of Water Resources,NA,1,Department of Water Resources,NA,NA,5563,06N04E24A001M,06N04E24A001M,Unknown,Unknown,5-021.65,South American,Sacramento,200,Irrigation,Single Well,NA,1963-04-01 - 2020-08-25,194,fall,18.7,35.6,NA,NA,2009,7.05,5.3,13.02,5.78,Dry,SAC,2008-10-01T00:00:00Z,2009-10-01T00:00:00Z,-121.483,38.361
383610N1214825W001,1400718,2009-08-11T00:00:00Z,12.94,12.44,0,27,-14.06,27,26.5,NA,Unknown,Water level accuracy is unknown,1,Department of Water Resources,NA,1,Department of Water Resources,NA,NA,5563,06N04E24A001M,06N04E24A001M,Unknown,Unknown,5-021.65,South American,Sacramento,200,Irrigation,Single Well,NA,1963-04-01 - 2020-08-25,194,fall,18.7,35.6,NA,NA,2009,7.05,5.3,13.02,5.78,Dry,SAC,2008-10-01T00:00:00Z,2009-10-01T00:00:00Z,-121.483,38.361
383610N1214825W001,1400717,2009-07-15T00:00:00Z,12.94,12.44,0,21,-8.06,21,20.5,NA,Unknown,Water level accuracy is unknown,1,Department of Water Resources,NA,1,Department of Water Resources,NA,NA,5563,06N04E24A001M,06N04E24A001M,Unknown,Unknown,5-021.65,South American,Sacramento,200,Irrigation,Single Well,NA,1963-04-01 - 2020-08-25,194,other,NA,NA,NA,NA,2009,7.05,5.3,13.02,5.78,Dry,SAC,2008-10-01T00:00:00Z,2009-10-01T00:00:00Z,-121.483,38.361
383610N1214825W001,1400716,2009-06-23T00:00:00Z,12.94,12.44,0,17.6,-4.66,17.6,17.1,NA,Unknown,Water level accuracy is unknown,1,Department of Water Resources,NA,1,Department of Water Resources,NA,NA,5563,06N04E24A001M,06N04E24A001M,Unknown,Unknown,5-021.65,South American,Sacramento,200,Irrigation,Single Well,NA,1963-04-01 - 2020-08-25,194,other,NA,NA,NA,NA,2009,7.05,5.3,13.02,5.78,Dry,SAC,2008-10-01T00:00:00Z,2009-10-01T00:00:00Z,-121.483,38.361
383610N1214825W001,1400715,2009-05-15T00:00:00Z,12.94,12.44,0,27,-14.06,27,26.5,NA,Unknown,Water level accuracy is unknown,1,Department of Water Resources,NA,1,Department of Water Resources,NA,NA,5563,06N04E24A001M,06N04E24A001M,Unknown,Unknown,5-021.65,South American,Sacramento,200,Irrigation,Single Well,NA,1963-04-01 - 2020-08-25,194,spring,NA,NA,14.1,35.5,2009,7.05,5.3,13.02,5.78,Dry,SAC,2008-10-01T00:00:00Z,2009-10-01T00:00:00Z,-121.483,38.361
383610N1214825W001,1400714,2009-04-24T00:00:00Z,12.94,12.44,0,15.5,-2.56,15.5,15,NA,Unknown,Water level accuracy is unknown,1,Department of Water Resources,NA,1,Department of Water Resources,NA,NA,5563,06N04E24A001M,06N04E24A001M,Unknown,Unknown,5-021.65,South American,Sacramento,200,Irrigation,Single Well,NA,1963-04-01 - 2020-08-25,194,spring,NA,NA,14.1,35.5,2009,7.05,5.3,13.02,5.78,Dry,SAC,2008-10-01T00:00:00Z,2009-10-01T00:00:00Z,-121.483,38.361
383610N1214825W001,1400713,2008-11-18T00:00:00Z,12.94,12.44,0,27.2,-14.26,27.2,26.7,NA,Unknown,Water level accuracy is unknown,1,Department of Water Resources,NA,1,Department of Water Resources,NA,NA,5563,06N04E24A001M,06N04E24A001M,Unknown,Unknown,5-021.65,South American,Sacramento,200,Irrigation,Single Well,NA,1963-04-01 - 2020-08-25,194,fall,18.7,35.6,NA,NA,2009,7.05,5.3,13.02,5.78,Dry,SAC,2008-10-01T00:00:00Z,2009-10-01T00:00:00Z,-121.483,38.361
383610N1214825W001,1400712,2008-03-27T00:00:00Z,12.94,12.44,0,17.4,-4.46,17.4,16.9,NA,Unknown,Water level accuracy is unknown,1,Department of Water Resources,NA,1,Department of Water Resources,NA,NA,5563,06N04E24A001M,06N04E24A001M,Unknown,Unknown,5-021.65,South American,Sacramento,200,Irrigation,Single Well,NA,1963-04-01 - 2020-08-25,194,spring,NA,NA,14.1,35.5,2008,5.9,3.82,10.28,5.16,Critical,SAC,2007-10-01T00:00:00Z,2008-10-01T00:00:00Z,-121.483,38.361
383610N1214825W001,1400711,2007-10-17T00:00:00Z,12.94,12.44,0,26.3,-13.36,26.3,25.8,NA,Unknown,Water level accuracy is unknown,1,Department of Water Resources,NA,1,Department of Water Resources,NA,NA,5563,06N04E24A001M,06N04E24A001M,Unknown,Unknown,5-021.65,South American,Sacramento,200,Irrigation,Single Well,NA,1963-04-01 - 2020-08-25,194,fall,18.7,35.6,NA,NA,2008,5.9,3.82,10.28,5.16,Critical,SAC,2007-10-01T00:00:00Z,2008-10-01T00:00:00Z,-121.483,38.361
383610N1214825W001,1400710,2007-03-26T00:00:00Z,12.94,12.44,0,25.9,-12.96,25.9,25.4,NA,Unknown,Water level accuracy is unknown,1,Department of Water Resources,NA,1,Department of Water Resources,NA,NA,5563,06N04E24A001M,06N04E24A001M,Unknown,Unknown,5-021.65,South American,Sacramento,200,Irrigation,Single Well,NA,1963-04-01 - 2020-08-25,194,spring,NA,NA,14.1,35.5,2007,6.59,3.04,10.28,6.19,Dry,SAC,2006-10-01T00:00:00Z,2007-10-01T00:00:00Z,-121.483,38.361
383610N1214825W001,1400709,2006-10-16T00:00:00Z,12.94,12.44,0,24.3,-11.36,24.3,23.8,NA,Unknown,Water level accuracy is unknown,1,Department of Water Resources,NA,1,Department of Water Resources,NA,NA,5563,06N04E24A001M,06N04E24A001M,Unknown,Unknown,5-021.65,South American,Sacramento,200,Irrigation,Single Well,NA,1963-04-01 - 2020-08-25,194,fall,18.7,35.6,NA,NA,2007,6.59,3.04,10.28,6.19,Dry,SAC,2006-10-01T00:00:00Z,2007-10-01T00:00:00Z,-121.483,38.361
383610N1214825W001,1400708,2006-04-18T00:00:00Z,12.94,12.44,0,20.9,-7.96,20.9,20.4,NA,Unknown,Water level accuracy is unknown,1,Department of Water Resources,NA,1,Department of Water Resources,NA,NA,5563,06N04E24A001M,06N04E24A001M,Unknown,Unknown,5-021.65,South American,Sacramento,200,Irrigation,Single Well,NA,1963-04-01 - 2020-08-25,194,spring,NA,NA,14.1,35.5,2006,18.06,13.09,32.09,13.2,Wet,SAC,2005-10-01T00:00:00Z,2006-10-01T00:00:00Z,-121.483,38.361
383610N1214825W001,1400707,2005-11-10T00:00:00Z,12.94,12.44,0,26.5,-13.56,26.5,26,NA,Unknown,Water level accuracy is unknown,1,Department of Water Resources,NA,1,Department of Water Resources,NA,NA,5563,06N04E24A001M,06N04E24A001M,Unknown,Unknown,5-021.65,South American,Sacramento,200,Irrigation,Single Well,NA,1963-04-01 - 2020-08-25,194,fall,18.7,35.6,NA,NA,2006,18.06,13.09,32.09,13.2,Wet,SAC,2005-10-01T00:00:00Z,2006-10-01T00:00:00Z,-121.483,38.361
383610N1214825W001,1400706,2005-04-14T00:00:00Z,12.94,12.44,0,24.8,-11.86,24.8,24.3,NA,Unknown,Water level accuracy is unknown,1,Department of Water Resources,NA,1,Department of Water Resources,NA,NA,5563,06N04E24A001M,06N04E24A001M,Unknown,Unknown,5-021.65,South American,Sacramento,200,Irrigation,Single Well,NA,1963-04-01 - 2020-08-25,194,spring,NA,NA,14.1,35.5,2005,8.4,9.28,18.55,8.49,Above Normal,SAC,2004-10-01T00:00:00Z,2005-10-01T00:00:00Z,-121.483,38.361
383610N1214825W001,1400705,2004-10-25T00:00:00Z,12.94,12.44,0,28,-15.06,28,27.5,NA,Unknown,Water level accuracy is unknown,1,Department of Water Resources,NA,1,Department of Water Resources,NA,NA,5563,06N04E24A001M,06N04E24A001M,Unknown,Unknown,5-021.65,South American,Sacramento,200,Irrigation,Single Well,NA,1963-04-01 - 2020-08-25,194,fall,18.7,35.6,NA,NA,2005,8.4,9.28,18.55,8.49,Above Normal,SAC,2004-10-01T00:00:00Z,2005-10-01T00:00:00Z,-121.483,38.361
383610N1214825W001,1400704,2004-03-16T00:00:00Z,12.94,12.44,0,27.2,-14.26,27.2,26.7,NA,Unknown,Water level accuracy is unknown,1,Department of Water Resources,NA,1,Department of Water Resources,NA,NA,5563,06N04E24A001M,06N04E24A001M,Unknown,Unknown,5-021.65,South American,Sacramento,200,Irrigation,Single Well,NA,1963-04-01 - 2020-08-25,194,spring,NA,NA,14.1,35.5,2004,10.95,4.4,16.04,7.51,Below Normal,SAC,2003-10-01T00:00:00Z,2004-10-01T00:00:00Z,-121.483,38.361
383610N1214825W001,1400703,2003-10-15T00:00:00Z,12.94,12.44,0,25.2,-12.26,25.2,24.7,NA,Unknown,Water level accuracy is unknown,1,Department of Water Resources,NA,1,Department of Water Resources,NA,NA,5563,06N04E24A001M,06N04E24A001M,Unknown,Unknown,5-021.65,South American,Sacramento,200,Irrigation,Single Well,NA,1963-04-01 - 2020-08-25,194,fall,18.7,35.6,NA,NA,2004,10.95,4.4,16.04,7.51,Below Normal,SAC,2003-10-01T00:00:00Z,2004-10-01T00:00:00Z,-121.483,38.361
383610N1214825W001,1400702,2003-04-07T00:00:00Z,12.94,12.44,0,25,-12.06,25,24.5,NA,Unknown,Water level accuracy is unknown,1,Department of Water Resources,NA,1,Department of Water Resources,NA,NA,5563,06N04E24A001M,06N04E24A001M,Unknown,Unknown,5-021.65,South American,Sacramento,200,Irrigation,Single Well,NA,1963-04-01 - 2020-08-25,194,spring,NA,NA,14.1,35.5,2003,10.71,7.74,19.31,8.21,Above Normal,SAC,2002-10-01T00:00:00Z,2003-10-01T00:00:00Z,-121.483,38.361
383610N1214825W001,1400701,2002-11-14T00:00:00Z,12.94,12.44,0,27.4,-14.46,27.4,26.9,NA,Unknown,Water level accuracy is unknown,1,Department of Water Resources,NA,1,Department of Water Resources,NA,NA,5563,06N04E24A001M,06N04E24A001M,Unknown,Unknown,5-021.65,South American,Sacramento,200,Irrigation,Single Well,NA,1963-04-01 - 2020-08-25,194,fall,18.7,35.6,NA,NA,2003,10.71,7.74,19.31,8.21,Above Normal,SAC,2002-10-01T00:00:00Z,2003-10-01T00:00:00Z,-121.483,38.361
383610N1214825W001,1400700,2002-04-16T00:00:00Z,12.94,12.44,0,25.6,-12.66,25.6,25.1,NA,Unknown,Water level accuracy is unknown,1,Department of Water Resources,NA,1,Department of Water Resources,NA,NA,5563,06N04E24A001M,06N04E24A001M,Unknown,Unknown,5-021.65,South American,Sacramento,200,Irrigation,Single Well,NA,1963-04-01 - 2020-08-25,194,spring,NA,NA,14.1,35.5,2002,9.32,4.57,14.6,6.35,Dry,SAC,2001-10-01T00:00:00Z,2002-10-01T00:00:00Z,-121.483,38.361
383610N1214825W001,1400699,2001-10-18T00:00:00Z,12.94,12.44,0,27.5,-14.56,27.5,27,NA,Unknown,Water level accuracy is unknown,1,Department of Water Resources,NA,1,Department of Water Resources,NA,NA,5563,06N04E24A001M,06N04E24A001M,Unknown,Unknown,5-021.65,South American,Sacramento,200,Irrigation,Single Well,NA,1963-04-01 - 2020-08-25,194,fall,18.7,35.6,NA,NA,2002,9.32,4.57,14.6,6.35,Dry,SAC,2001-10-01T00:00:00Z,2002-10-01T00:00:00Z,-121.483,38.361
383610N1214825W001,1400698,2001-05-29T00:00:00Z,12.94,12.44,0,27.3,-14.36,27.3,26.8,NA,Unknown,Water level accuracy is unknown,1,Department of Water Resources,NA,1,Department of Water Resources,NA,NA,5563,06N04E24A001M,06N04E24A001M,Unknown,Unknown,5-021.65,South American,Sacramento,200,Irrigation,Single Well,NA,1963-04-01 - 2020-08-25,194,spring,NA,NA,14.1,35.5,2001,5.64,3.46,9.81,5.76,Dry,SAC,2000-10-01T00:00:00Z,2001-10-01T00:00:00Z,-121.483,38.361
383610N1214825W001,1400693,2000-04-24T00:00:00Z,12.94,12.44,0,21.5,-8.56,21.5,21,NA,Unknown,Water level accuracy is unknown,1,Department of Water Resources,NA,1,Department of Water Resources,NA,NA,5563,06N04E24A001M,06N04E24A001M,Unknown,Unknown,5-021.65,South American,Sacramento,200,Irrigation,Single Well,NA,1963-04-01 - 2020-08-25,194,spring,NA,NA,14.1,35.5,2000,12.06,5.96,18.9,8.94,Above Normal,SAC,1999-10-01T00:00:00Z,2000-10-01T00:00:00Z,-121.483,38.361
383610N1214825W001,1400691,1999-10-07T00:00:00Z,12.94,12.44,0,24.2,-11.26,24.2,23.7,NA,Unknown,Water level accuracy is unknown,1,Department of Water Resources,NA,1,Department of Water Resources,NA,NA,5563,06N04E24A001M,06N04E24A001M,Unknown,Unknown,5-021.65,South American,Sacramento,200,Irrigation,Single Well,NA,1963-04-01 - 2020-08-25,194,fall,18.7,35.6,NA,NA,2000,12.06,5.96,18.9,8.94,Above Normal,SAC,1999-10-01T00:00:00Z,2000-10-01T00:00:00Z,-121.483,38.361
383610N1214825W001,1400690,1999-03-24T00:00:00Z,12.94,12.44,0,23.5,-10.56,23.5,23,NA,Unknown,Water level accuracy is unknown,1,Department of Water Resources,NA,1,Department of Water Resources,NA,NA,5563,06N04E24A001M,06N04E24A001M,Unknown,Unknown,5-021.65,South American,Sacramento,200,Irrigation,Single Well,NA,1963-04-01 - 2020-08-25,194,spring,NA,NA,14.1,35.5,1999,12.97,7.26,21.19,9.8,Wet,SAC,1998-10-01T00:00:00Z,1999-10-01T00:00:00Z,-121.483,38.361
383610N1214825W001,1400697,1998-10-06T00:00:00Z,12.94,12.44,0,23.3,-10.36,23.3,22.8,NA,Unknown,Water level accuracy is unknown,1,Department of Water Resources,NA,1,Department of Water Resources,NA,NA,5563,06N04E24A001M,06N04E24A001M,Unknown,Unknown,5-021.65,South American,Sacramento,200,Irrigation,Single Well,NA,1963-04-01 - 2020-08-25,194,fall,18.7,35.6,NA,NA,1999,12.97,7.26,21.19,9.8,Wet,SAC,1998-10-01T00:00:00Z,1999-10-01T00:00:00Z,-121.483,38.361
383610N1214825W001,1400696,1998-04-03T00:00:00Z,12.94,12.44,0,19.1,-6.16,19.1,18.6,NA,Unknown,Water level accuracy is unknown,1,Department of Water Resources,NA,1,Department of Water Resources,NA,NA,5563,06N04E24A001M,06N04E24A001M,Unknown,Unknown,5-021.65,South American,Sacramento,200,Irrigation,Single Well,NA,1963-04-01 - 2020-08-25,194,spring,NA,NA,14.1,35.5,1998,17.65,12.54,31.4,13.31,Wet,SAC,1997-10-01T00:00:00Z,1998-10-01T00:00:00Z,-121.483,38.361
383610N1214825W001,1400695,1997-10-24T00:00:00Z,12.94,12.44,0,26.2,-13.26,26.2,25.7,NA,Unknown,Water level accuracy is unknown,1,Department of Water Resources,NA,1,Department of Water Resources,NA,NA,5563,06N04E24A001M,06N04E24A001M,Unknown,Unknown,5-021.65,South American,Sacramento,200,Irrigation,Single Well,NA,1963-04-01 - 2020-08-25,194,fall,18.7,35.6,NA,NA,1998,17.65,12.54,31.4,13.31,Wet,SAC,1997-10-01T00:00:00Z,1998-10-01T00:00:00Z,-121.483,38.361
383610N1214825W001,1400694,1997-04-11T00:00:00Z,12.94,12.44,0,25.1,-12.16,25.1,24.6,NA,Unknown,Water level accuracy is unknown,1,Department of Water Resources,NA,1,Department of Water Resources,NA,NA,5563,06N04E24A001M,06N04E24A001M,Unknown,Unknown,5-021.65,South American,Sacramento,200,Irrigation,Single Well,NA,1963-04-01 - 2020-08-25,194,spring,NA,NA,14.1,35.5,1997,20.22,4.39,25.42,10.82,Wet,SAC,1996-10-01T00:00:00Z,1997-10-01T00:00:00Z,-121.483,38.361
383610N1214825W001,1400689,1996-11-07T00:00:00Z,12.94,12.44,0,28.8,-15.86,28.8,28.3,NA,Unknown,Water level accuracy is unknown,1,Department of Water Resources,NA,1,Department of Water Resources,NA,NA,5563,06N04E24A001M,06N04E24A001M,Unknown,Unknown,5-021.65,South American,Sacramento,200,Irrigation,Single Well,NA,1963-04-01 - 2020-08-25,194,fall,18.7,35.6,NA,NA,1997,20.22,4.39,25.42,10.82,Wet,SAC,1996-10-01T00:00:00Z,1997-10-01T00:00:00Z,-121.483,38.361
383610N1214825W001,1400688,1996-05-01T00:00:00Z,12.94,12.44,0,23.7,-10.76,23.7,23.2,NA,Unknown,Water level accuracy is unknown,1,Department of Water Resources,NA,1,Department of Water Resources,NA,NA,5563,06N04E24A001M,06N04E24A001M,Unknown,Unknown,5-021.65,South American,Sacramento,200,Irrigation,Single Well,NA,1963-04-01 - 2020-08-25,194,spring,NA,NA,14.1,35.5,1996,13.05,8.37,22.29,10.26,Wet,SAC,1995-10-01T00:00:00Z,1996-10-01T00:00:00Z,-121.483,38.361
383610N1214825W001,1400687,1995-11-30T00:00:00Z,12.94,12.44,0,29.4,-16.46,29.4,28.9,NA,Unknown,Water level accuracy is unknown,1,Department of Water Resources,NA,1,Department of Water Resources,NA,NA,5563,06N04E24A001M,06N04E24A001M,Unknown,Unknown,5-021.65,South American,Sacramento,200,Irrigation,Single Well,NA,1963-04-01 - 2020-08-25,194,fall,18.7,35.6,NA,NA,1996,13.05,8.37,22.29,10.26,Wet,SAC,1995-10-01T00:00:00Z,1996-10-01T00:00:00Z,-121.483,38.361
383610N1214825W001,1400686,1995-05-22T00:00:00Z,12.94,12.44,0,24,-11.06,24,23.5,NA,Unknown,Water level accuracy is unknown,1,Department of Water Resources,NA,1,Department of Water Resources,NA,NA,5563,06N04E24A001M,06N04E24A001M,Unknown,Unknown,5-021.65,South American,Sacramento,200,Irrigation,Single Well,NA,1963-04-01 - 2020-08-25,194,spring,NA,NA,14.1,35.5,1995,19.83,13.6,34.55,12.89,Wet,SAC,1994-10-01T00:00:00Z,1995-10-01T00:00:00Z,-121.483,38.361
383610N1214825W001,1400685,1994-12-13T00:00:00Z,12.94,12.44,0,31.5,-18.56,31.5,31,NA,Unknown,Water level accuracy is unknown,1,Department of Water Resources,NA,1,Department of Water Resources,NA,NA,5563,06N04E24A001M,06N04E24A001M,Unknown,Unknown,5-021.65,South American,Sacramento,200,Irrigation,Single Well,NA,1963-04-01 - 2020-08-25,194,other,NA,NA,NA,NA,1995,19.83,13.6,34.55,12.89,Wet,SAC,1994-10-01T00:00:00Z,1995-10-01T00:00:00Z,-121.483,38.361
383610N1214825W001,1400684,1994-04-12T00:00:00Z,12.94,12.44,0,31.5,-18.56,31.5,31,NA,Unknown,Water level accuracy is unknown,1,Department of Water Resources,NA,1,Department of Water Resources,NA,NA,5563,06N04E24A001M,06N04E24A001M,Unknown,Unknown,5-021.65,South American,Sacramento,200,Irrigation,Single Well,NA,1963-04-01 - 2020-08-25,194,spring,NA,NA,14.1,35.5,1994,4.55,2.73,7.81,5.02,Critical,SAC,1993-10-01T00:00:00Z,1994-10-01T00:00:00Z,-121.483,38.361
383610N1214825W001,1400683,1993-10-28T00:00:00Z,12.94,12.44,0,29.8,-16.86,29.8,29.3,NA,Unknown,Water level accuracy is unknown,1,Department of Water Resources,NA,1,Department of Water Resources,NA,NA,5563,06N04E24A001M,06N04E24A001M,Unknown,Unknown,5-021.65,South American,Sacramento,200,Irrigation,Single Well,NA,1963-04-01 - 2020-08-25,194,fall,18.7,35.6,NA,NA,1994,4.55,2.73,7.81,5.02,Critical,SAC,1993-10-01T00:00:00Z,1994-10-01T00:00:00Z,-121.483,38.361
383610N1214825W001,1400682,1993-04-22T00:00:00Z,12.94,12.44,0,28.5,-15.56,28.5,28,NA,Unknown,Water level accuracy is unknown,1,Department of Water Resources,NA,1,Department of Water Resources,NA,NA,5563,06N04E24A001M,06N04E24A001M,Unknown,Unknown,5-021.65,South American,Sacramento,200,Irrigation,Single Well,NA,1963-04-01 - 2020-08-25,194,spring,NA,NA,14.1,35.5,1993,12.44,8.98,22.21,8.54,Above Normal,SAC,1992-10-01T00:00:00Z,1993-10-01T00:00:00Z,-121.483,38.361
383610N1214825W001,1400681,1993-01-11T00:00:00Z,12.94,12.44,0,35.1,-22.16,35.1,34.6,NA,Unknown,Water level accuracy is unknown,1,Department of Water Resources,NA,1,Department of Water Resources,NA,NA,5563,06N04E24A001M,06N04E24A001M,Unknown,Unknown,5-021.65,South American,Sacramento,200,Irrigation,Single Well,NA,1963-04-01 - 2020-08-25,194,other,NA,NA,NA,NA,1993,12.44,8.98,22.21,8.54,Above Normal,SAC,1992-10-01T00:00:00Z,1993-10-01T00:00:00Z,-121.483,38.361
383610N1214825W001,1400679,1991-03-14T00:00:00Z,12.94,12.44,0,34.1,-21.16,34.1,33.6,NA,Unknown,Water level accuracy is unknown,1,Department of Water Resources,NA,1,Department of Water Resources,NA,NA,5563,06N04E24A001M,06N04E24A001M,Unknown,Unknown,5-021.65,South American,Sacramento,200,Irrigation,Single Well,NA,1963-04-01 - 2020-08-25,194,spring,NA,NA,14.1,35.5,1991,3.9,4.01,8.44,4.21,Critical,SAC,1990-10-01T00:00:00Z,1991-10-01T00:00:00Z,-121.483,38.361
383610N1214825W001,1400678,1990-10-12T00:00:00Z,12.94,12.44,0,35.3,-22.36,35.3,34.8,NA,Unknown,Water level accuracy is unknown,1,Department of Water Resources,NA,1,Department of Water Resources,NA,NA,5563,06N04E24A001M,06N04E24A001M,Unknown,Unknown,5-021.65,South American,Sacramento,200,Irrigation,Single Well,NA,1963-04-01 - 2020-08-25,194,fall,18.7,35.6,NA,NA,1991,3.9,4.01,8.44,4.21,Critical,SAC,1990-10-01T00:00:00Z,1991-10-01T00:00:00Z,-121.483,38.361
383610N1214825W001,1400677,1990-03-12T00:00:00Z,12.94,12.44,0,32.7,-19.76,32.7,32.2,NA,Unknown,Water level accuracy is unknown,1,Department of Water Resources,NA,1,Department of Water Resources,NA,NA,5563,06N04E24A001M,06N04E24A001M,Unknown,Unknown,5-021.65,South American,Sacramento,200,Irrigation,Single Well,NA,1963-04-01 - 2020-08-25,194,spring,NA,NA,14.1,35.5,1990,4.94,3.72,9.26,4.81,Critical,SAC,1989-10-01T00:00:00Z,1990-10-01T00:00:00Z,-121.483,38.361
383610N1214825W001,1400676,1989-10-10T00:00:00Z,12.94,12.44,0,34.2,-21.26,34.2,33.7,NA,Unknown,Water level accuracy is unknown,1,Department of Water Resources,NA,1,Department of Water Resources,NA,NA,5563,06N04E24A001M,06N04E24A001M,Unknown,Unknown,5-021.65,South American,Sacramento,200,Irrigation,Single Well,NA,1963-04-01 - 2020-08-25,194,fall,18.7,35.6,NA,NA,1990,4.94,3.72,9.26,4.81,Critical,SAC,1989-10-01T00:00:00Z,1990-10-01T00:00:00Z,-121.483,38.361
383610N1214825W001,1400675,1989-03-13T00:00:00Z,12.94,12.44,0,33.1,-20.16,33.1,32.6,NA,Unknown,Water level accuracy is unknown,1,Department of Water Resources,NA,1,Department of Water Resources,NA,NA,5563,06N04E24A001M,06N04E24A001M,Unknown,Unknown,5-021.65,South American,Sacramento,200,Irrigation,Single Well,NA,1963-04-01 - 2020-08-25,194,spring,NA,NA,14.1,35.5,1989,9.03,5.07,14.82,6.13,Dry,SAC,1988-10-01T00:00:00Z,1989-10-01T00:00:00Z,-121.483,38.361
383610N1214825W001,1400674,1988-10-03T00:00:00Z,12.94,12.44,0,33.5,-20.56,33.5,33,NA,Unknown,Water level accuracy is unknown,1,Department of Water Resources,NA,1,Department of Water Resources,NA,NA,5563,06N04E24A001M,06N04E24A001M,Unknown,Unknown,5-021.65,South American,Sacramento,200,Irrigation,Single Well,NA,1963-04-01 - 2020-08-25,194,fall,18.7,35.6,NA,NA,1989,9.03,5.07,14.82,6.13,Dry,SAC,1988-10-01T00:00:00Z,1989-10-01T00:00:00Z,-121.483,38.361
383610N1214825W001,1400673,1988-03-11T00:00:00Z,12.94,12.44,0,30.8,-17.86,30.8,30.3,NA,Unknown,Water level accuracy is unknown,1,Department of Water Resources,NA,1,Department of Water Resources,NA,NA,5563,06N04E24A001M,06N04E24A001M,Unknown,Unknown,5-021.65,South American,Sacramento,200,Irrigation,Single Well,NA,1963-04-01 - 2020-08-25,194,spring,NA,NA,14.1,35.5,1988,5.78,2.9,9.23,4.65,Critical,SAC,1987-10-01T00:00:00Z,1988-10-01T00:00:00Z,-121.483,38.361
383610N1214825W001,1400672,1987-10-15T00:00:00Z,12.94,12.44,0,32,-19.06,32,31.5,NA,Unknown,Water level accuracy is unknown,1,Department of Water Resources,NA,1,Department of Water Resources,NA,NA,5563,06N04E24A001M,06N04E24A001M,Unknown,Unknown,5-021.65,South American,Sacramento,200,Irrigation,Single Well,NA,1963-04-01 - 2020-08-25,194,fall,18.7,35.6,NA,NA,1988,5.78,2.9,9.23,4.65,Critical,SAC,1987-10-01T00:00:00Z,1988-10-01T00:00:00Z,-121.483,38.361
383610N1214825W001,1400671,1987-03-13T00:00:00Z,12.94,12.44,0,29.3,-16.36,29.3,28.8,NA,Unknown,Water level accuracy is unknown,1,Department of Water Resources,NA,1,Department of Water Resources,NA,NA,5563,06N04E24A001M,06N04E24A001M,Unknown,Unknown,5-021.65,South American,Sacramento,200,Irrigation,Single Well,NA,1963-04-01 - 2020-08-25,194,spring,NA,NA,14.1,35.5,1987,5.85,2.8,9.27,5.86,Dry,SAC,1986-10-01T00:00:00Z,1987-10-01T00:00:00Z,-121.483,38.361
383610N1214825W001,1400670,1986-10-16T00:00:00Z,12.94,12.44,0,28.4,-15.46,28.4,27.9,NA,Unknown,Water level accuracy is unknown,1,Department of Water Resources,NA,1,Department of Water Resources,NA,NA,5563,06N04E24A001M,06N04E24A001M,Unknown,Unknown,5-021.65,South American,Sacramento,200,Irrigation,Single Well,NA,1963-04-01 - 2020-08-25,194,fall,18.7,35.6,NA,NA,1987,5.85,2.8,9.27,5.86,Dry,SAC,1986-10-01T00:00:00Z,1987-10-01T00:00:00Z,-121.483,38.361
383610N1214825W001,1400669,1986-03-18T00:00:00Z,12.94,12.44,0,20.3,-7.36,20.3,19.8,NA,Unknown,Water level accuracy is unknown,1,Department of Water Resources,NA,1,Department of Water Resources,NA,NA,5563,06N04E24A001M,06N04E24A001M,Unknown,Unknown,5-021.65,South American,Sacramento,200,Irrigation,Single Well,NA,1963-04-01 - 2020-08-25,194,spring,NA,NA,14.1,35.5,1986,19.45,5.45,25.83,9.96,Wet,SAC,1985-10-01T00:00:00Z,1986-10-01T00:00:00Z,-121.483,38.361
383610N1214825W001,1400668,1985-10-04T00:00:00Z,12.94,12.44,0,30.8,-17.86,30.8,30.3,NA,Unknown,Water level accuracy is unknown,1,Department of Water Resources,NA,1,Department of Water Resources,NA,NA,5563,06N04E24A001M,06N04E24A001M,Unknown,Unknown,5-021.65,South American,Sacramento,200,Irrigation,Single Well,NA,1963-04-01 - 2020-08-25,194,fall,18.7,35.6,NA,NA,1986,19.45,5.45,25.83,9.96,Wet,SAC,1985-10-01T00:00:00Z,1986-10-01T00:00:00Z,-121.483,38.361
383610N1214825W001,1400667,1985-03-15T00:00:00Z,12.94,12.44,0,27.9,-14.96,27.9,27.4,NA,Unknown,Water level accuracy is unknown,1,Department of Water Resources,NA,1,Department of Water Resources,NA,NA,5563,06N04E24A001M,06N04E24A001M,Unknown,Unknown,5-021.65,South American,Sacramento,200,Irrigation,Single Well,NA,1963-04-01 - 2020-08-25,194,spring,NA,NA,14.1,35.5,1985,6.24,4,11.04,6.47,Dry,SAC,1984-10-01T00:00:00Z,1985-10-01T00:00:00Z,-121.483,38.361
383610N1214825W001,1400665,1984-03-20T00:00:00Z,12.94,12.44,0,23.9,-10.96,23.9,23.4,NA,Unknown,Water level accuracy is unknown,1,Department of Water Resources,NA,1,Department of Water Resources,NA,NA,5563,06N04E24A001M,06N04E24A001M,Unknown,Unknown,5-021.65,South American,Sacramento,200,Irrigation,Single Well,NA,1963-04-01 - 2020-08-25,194,spring,NA,NA,14.1,35.5,1984,15.98,5.52,22.35,10,Wet,SAC,1983-10-01T00:00:00Z,1984-10-01T00:00:00Z,-121.483,38.361
383610N1214825W001,1400664,1983-12-19T00:00:00Z,12.94,12.44,0,23.9,-10.96,23.9,23.4,NA,Unknown,Water level accuracy is unknown,1,Department of Water Resources,NA,1,Department of Water Resources,NA,NA,5563,06N04E24A001M,06N04E24A001M,Unknown,Unknown,5-021.65,South American,Sacramento,200,Irrigation,Single Well,NA,1963-04-01 - 2020-08-25,194,other,NA,NA,NA,NA,1984,15.98,5.52,22.35,10,Wet,SAC,1983-10-01T00:00:00Z,1984-10-01T00:00:00Z,-121.483,38.361
383610N1214825W001,1400663,1983-04-21T00:00:00Z,12.94,12.44,0,19.6,-6.66,19.6,19.1,NA,Unknown,Water level accuracy is unknown,1,Department of Water Resources,NA,1,Department of Water Resources,NA,NA,5563,06N04E24A001M,06N04E24A001M,Unknown,Unknown,5-021.65,South American,Sacramento,200,Irrigation,Single Well,NA,1963-04-01 - 2020-08-25,194,spring,NA,NA,14.1,35.5,1983,22.75,13.66,37.68,15.29,Wet,SAC,1982-10-01T00:00:00Z,1983-10-01T00:00:00Z,-121.483,38.361
383610N1214825W001,1400662,1982-11-03T00:00:00Z,12.94,12.44,0,27.5,-14.56,27.5,27,NA,Unknown,Water level accuracy is unknown,1,Department of Water Resources,NA,1,Department of Water Resources,NA,NA,5563,06N04E24A001M,06N04E24A001M,Unknown,Unknown,5-021.65,South American,Sacramento,200,Irrigation,Single Well,NA,1963-04-01 - 2020-08-25,194,fall,18.7,35.6,NA,NA,1983,22.75,13.66,37.68,15.29,Wet,SAC,1982-10-01T00:00:00Z,1983-10-01T00:00:00Z,-121.483,38.361
383610N1214825W001,1400661,1982-04-20T00:00:00Z,12.94,12.44,0,23.9,-10.96,23.9,23.4,NA,Unknown,Water level accuracy is unknown,1,Department of Water Resources,NA,1,Department of Water Resources,NA,NA,5563,06N04E24A001M,06N04E24A001M,Unknown,Unknown,5-021.65,South American,Sacramento,200,Irrigation,Single Well,NA,1963-04-01 - 2020-08-25,194,spring,NA,NA,14.1,35.5,1982,20.56,11.82,33.41,12.76,Wet,SAC,1981-10-01T00:00:00Z,1982-10-01T00:00:00Z,-121.483,38.361
383610N1214825W001,1400660,1981-10-21T00:00:00Z,12.94,12.44,0,34.6,-21.66,34.6,34.1,NA,Unknown,Water level accuracy is unknown,1,Department of Water Resources,NA,1,Department of Water Resources,NA,NA,5563,06N04E24A001M,06N04E24A001M,Unknown,Unknown,5-021.65,South American,Sacramento,200,Irrigation,Single Well,NA,1963-04-01 - 2020-08-25,194,fall,18.7,35.6,NA,NA,1982,20.56,11.82,33.41,12.76,Wet,SAC,1981-10-01T00:00:00Z,1982-10-01T00:00:00Z,-121.483,38.361
383610N1214825W001,1400659,1981-03-30T00:00:00Z,12.94,12.44,0,33.1,-20.16,33.1,32.6,NA,Unknown,Water level accuracy is unknown,1,Department of Water Resources,NA,1,Department of Water Resources,NA,NA,5563,06N04E24A001M,06N04E24A001M,Unknown,Unknown,5-021.65,South American,Sacramento,200,Irrigation,Single Well,NA,1963-04-01 - 2020-08-25,194,spring,NA,NA,14.1,35.5,1981,6.81,3.63,11.1,6.21,Dry,SAC,1980-10-01T00:00:00Z,1981-10-01T00:00:00Z,-121.483,38.361
383610N1214825W001,1400658,1980-11-05T00:00:00Z,12.94,12.44,0,33,-20.06,33,32.5,NA,Unknown,Water level accuracy is unknown,1,Department of Water Resources,NA,1,Department of Water Resources,NA,NA,5563,06N04E24A001M,06N04E24A001M,Unknown,Unknown,5-021.65,South American,Sacramento,200,Irrigation,Single Well,NA,1963-04-01 - 2020-08-25,194,fall,18.7,35.6,NA,NA,1981,6.81,3.63,11.1,6.21,Dry,SAC,1980-10-01T00:00:00Z,1981-10-01T00:00:00Z,-121.483,38.361
383610N1214825W001,1400657,1980-04-01T00:00:00Z,12.94,12.44,0,27.7,-14.76,27.7,27.2,NA,Unknown,Water level accuracy is unknown,1,Department of Water Resources,NA,1,Department of Water Resources,NA,NA,5563,06N04E24A001M,06N04E24A001M,Unknown,Unknown,5-021.65,South American,Sacramento,200,Irrigation,Single Well,NA,1963-04-01 - 2020-08-25,194,spring,NA,NA,14.1,35.5,1980,15.49,6,22.33,9.04,Above Normal,SAC,1979-10-01T00:00:00Z,1980-10-01T00:00:00Z,-121.483,38.361
383610N1214825W001,1400656,1979-10-17T00:00:00Z,12.94,12.44,0,34.8,-21.86,34.8,34.3,NA,Unknown,Water level accuracy is unknown,1,Department of Water Resources,NA,1,Department of Water Resources,NA,NA,5563,06N04E24A001M,06N04E24A001M,Unknown,Unknown,5-021.65,South American,Sacramento,200,Irrigation,Single Well,NA,1963-04-01 - 2020-08-25,194,fall,18.7,35.6,NA,NA,1980,15.49,6,22.33,9.04,Above Normal,SAC,1979-10-01T00:00:00Z,1980-10-01T00:00:00Z,-121.483,38.361
383610N1214825W001,1400655,1979-03-22T00:00:00Z,12.94,12.44,0,31,-18.06,31,30.5,NA,Unknown,Water level accuracy is unknown,1,Department of Water Resources,NA,1,Department of Water Resources,NA,NA,5563,06N04E24A001M,06N04E24A001M,Unknown,Unknown,5-021.65,South American,Sacramento,200,Irrigation,Single Well,NA,1963-04-01 - 2020-08-25,194,spring,NA,NA,14.1,35.5,1979,6.06,5.64,12.41,6.67,Below Normal,SAC,1978-10-01T00:00:00Z,1979-10-01T00:00:00Z,-121.483,38.361
383610N1214825W001,1400653,1978-03-22T00:00:00Z,12.94,12.44,0,30.4,-17.46,30.4,29.9,NA,Unknown,Water level accuracy is unknown,1,Department of Water Resources,NA,1,Department of Water Resources,NA,NA,5563,06N04E24A001M,06N04E24A001M,Unknown,Unknown,5-021.65,South American,Sacramento,200,Irrigation,Single Well,NA,1963-04-01 - 2020-08-25,194,spring,NA,NA,14.1,35.5,1978,14.9,8.12,23.92,8.65,Above Normal,SAC,1977-10-01T00:00:00Z,1978-10-01T00:00:00Z,-121.483,38.361
383610N1214825W001,1400651,1977-03-08T00:00:00Z,12.94,12.44,0,36,-23.06,36,35.5,NA,Unknown,Water level accuracy is unknown,1,Department of Water Resources,NA,1,Department of Water Resources,NA,NA,5563,06N04E24A001M,06N04E24A001M,Unknown,Unknown,5-021.65,South American,Sacramento,200,Irrigation,Single Well,NA,1963-04-01 - 2020-08-25,194,spring,NA,NA,14.1,35.5,1977,2.49,1.93,5.12,3.11,Critical,SAC,1976-10-01T00:00:00Z,1977-10-01T00:00:00Z,-121.483,38.361
383610N1214825W001,1400650,1976-10-12T00:00:00Z,12.94,12.44,0,27.3,-14.36,27.3,26.8,NA,Unknown,Water level accuracy is unknown,1,Department of Water Resources,NA,1,Department of Water Resources,NA,NA,5563,06N04E24A001M,06N04E24A001M,Unknown,Unknown,5-021.65,South American,Sacramento,200,Irrigation,Single Well,NA,1963-04-01 - 2020-08-25,194,fall,18.7,35.6,NA,NA,1977,2.49,1.93,5.12,3.11,Critical,SAC,1976-10-01T00:00:00Z,1977-10-01T00:00:00Z,-121.483,38.361
383610N1214825W001,1400649,1976-03-16T00:00:00Z,12.94,12.44,0,33.5,-20.56,33.5,33,NA,Unknown,Water level accuracy is unknown,1,Department of Water Resources,NA,1,Department of Water Resources,NA,NA,5563,06N04E24A001M,06N04E24A001M,Unknown,Unknown,5-021.65,South American,Sacramento,200,Irrigation,Single Well,NA,1963-04-01 - 2020-08-25,194,spring,NA,NA,14.1,35.5,1976,4.63,2.75,8.2,5.29,Critical,SAC,1975-10-01T00:00:00Z,1976-10-01T00:00:00Z,-121.483,38.361
383610N1214825W001,1400648,1975-10-29T00:00:00Z,12.94,12.44,0,31.5,-18.56,31.5,31,NA,Unknown,Water level accuracy is unknown,1,Department of Water Resources,NA,1,Department of Water Resources,NA,NA,5563,06N04E24A001M,06N04E24A001M,Unknown,Unknown,5-021.65,South American,Sacramento,200,Irrigation,Single Well,NA,1963-04-01 - 2020-08-25,194,fall,18.7,35.6,NA,NA,1976,4.63,2.75,8.2,5.29,Critical,SAC,1975-10-01T00:00:00Z,1976-10-01T00:00:00Z,-121.483,38.361
383610N1214825W001,1400647,1975-04-09T00:00:00Z,12.94,12.44,0,30.5,-17.56,30.5,30,NA,Unknown,Water level accuracy is unknown,1,Department of Water Resources,NA,1,Department of Water Resources,NA,NA,5563,06N04E24A001M,06N04E24A001M,Unknown,Unknown,5-021.65,South American,Sacramento,200,Irrigation,Single Well,NA,1963-04-01 - 2020-08-25,194,spring,NA,NA,14.1,35.5,1975,9.24,8.95,19.23,9.35,Wet,SAC,1974-10-01T00:00:00Z,1975-10-01T00:00:00Z,-121.483,38.361
383610N1214825W001,1400644,1973-10-16T00:00:00Z,12.94,12.44,0,33.7,-20.76,33.7,33.2,NA,Unknown,Water level accuracy is unknown,1,Department of Water Resources,NA,1,Department of Water Resources,NA,NA,5563,06N04E24A001M,06N04E24A001M,Unknown,Unknown,5-021.65,South American,Sacramento,200,Irrigation,Single Well,NA,1963-04-01 - 2020-08-25,194,fall,18.7,35.6,NA,NA,1974,21.69,9.78,32.5,12.99,Wet,SAC,1973-10-01T00:00:00Z,1974-10-01T00:00:00Z,-121.483,38.361
383610N1214825W001,1400643,1973-03-23T00:00:00Z,12.94,12.44,0,27.9,-14.96,27.9,27.4,NA,Unknown,Water level accuracy is unknown,1,Department of Water Resources,NA,1,Department of Water Resources,NA,NA,5563,06N04E24A001M,06N04E24A001M,Unknown,Unknown,5-021.65,South American,Sacramento,200,Irrigation,Single Well,NA,1963-04-01 - 2020-08-25,194,spring,NA,NA,14.1,35.5,1973,12.8,6.38,20.05,8.58,Above Normal,SAC,1972-10-01T00:00:00Z,1973-10-01T00:00:00Z,-121.483,38.361
383610N1214825W001,1400642,1972-10-16T00:00:00Z,12.94,12.44,0,36.1,-23.16,36.1,35.6,NA,Unknown,Water level accuracy is unknown,1,Department of Water Resources,NA,1,Department of Water Resources,NA,NA,5563,06N04E24A001M,06N04E24A001M,Unknown,Unknown,5-021.65,South American,Sacramento,200,Irrigation,Single Well,NA,1963-04-01 - 2020-08-25,194,fall,18.7,35.6,NA,NA,1973,12.8,6.38,20.05,8.58,Above Normal,SAC,1972-10-01T00:00:00Z,1973-10-01T00:00:00Z,-121.483,38.361
383610N1214825W001,1400641,1972-03-10T00:00:00Z,12.94,12.44,0,33.6,-20.66,33.6,33.1,NA,Unknown,Water level accuracy is unknown,1,Department of Water Resources,NA,1,Department of Water Resources,NA,NA,5563,06N04E24A001M,06N04E24A001M,Unknown,Unknown,5-021.65,South American,Sacramento,200,Irrigation,Single Well,NA,1963-04-01 - 2020-08-25,194,spring,NA,NA,14.1,35.5,1972,7.61,5.02,13.43,7.29,Below Normal,SAC,1971-10-01T00:00:00Z,1972-10-01T00:00:00Z,-121.483,38.361
383610N1214825W001,1400640,1971-10-18T00:00:00Z,12.94,12.44,0,34.4,-21.46,34.4,33.9,NA,Unknown,Water level accuracy is unknown,1,Department of Water Resources,NA,1,Department of Water Resources,NA,NA,5563,06N04E24A001M,06N04E24A001M,Unknown,Unknown,5-021.65,South American,Sacramento,200,Irrigation,Single Well,NA,1963-04-01 - 2020-08-25,194,fall,18.7,35.6,NA,NA,1972,7.61,5.02,13.43,7.29,Below Normal,SAC,1971-10-01T00:00:00Z,1972-10-01T00:00:00Z,-121.483,38.361
383610N1214825W001,1400639,1971-03-18T00:00:00Z,12.94,12.44,0,29.7,-16.76,29.7,29.2,NA,Unknown,Water level accuracy is unknown,1,Department of Water Resources,NA,1,Department of Water Resources,NA,NA,5563,06N04E24A001M,06N04E24A001M,Unknown,Unknown,5-021.65,South American,Sacramento,200,Irrigation,Single Well,NA,1963-04-01 - 2020-08-25,194,spring,NA,NA,14.1,35.5,1971,12.71,8.9,22.57,10.37,Wet,SAC,1970-10-01T00:00:00Z,1971-10-01T00:00:00Z,-121.483,38.361
383610N1214825W001,1400638,1970-10-16T00:00:00Z,12.94,12.44,0,33.5,-20.56,33.5,33,NA,Unknown,Water level accuracy is unknown,1,Department of Water Resources,NA,1,Department of Water Resources,NA,NA,5563,06N04E24A001M,06N04E24A001M,Unknown,Unknown,5-021.65,South American,Sacramento,200,Irrigation,Single Well,NA,1963-04-01 - 2020-08-25,194,fall,18.7,35.6,NA,NA,1971,12.71,8.9,22.57,10.37,Wet,SAC,1970-10-01T00:00:00Z,1971-10-01T00:00:00Z,-121.483,38.361
383610N1214825W001,1400637,1970-03-24T00:00:00Z,12.94,12.44,0,26.4,-13.46,26.4,25.9,NA,Unknown,Water level accuracy is unknown,1,Department of Water Resources,NA,1,Department of Water Resources,NA,NA,5563,06N04E24A001M,06N04E24A001M,Unknown,Unknown,5-021.65,South American,Sacramento,200,Irrigation,Single Well,NA,1963-04-01 - 2020-08-25,194,spring,NA,NA,14.1,35.5,1970,18.87,4.35,24.06,10.4,Wet,SAC,1969-10-01T00:00:00Z,1970-10-01T00:00:00Z,-121.483,38.361
383610N1214825W001,1400636,1969-10-20T00:00:00Z,12.94,12.44,0,31.3,-18.36,31.3,30.8,NA,Unknown,Water level accuracy is unknown,1,Department of Water Resources,NA,1,Department of Water Resources,NA,NA,5563,06N04E24A001M,06N04E24A001M,Unknown,Unknown,5-021.65,South American,Sacramento,200,Irrigation,Single Well,NA,1963-04-01 - 2020-08-25,194,fall,18.7,35.6,NA,NA,1970,18.87,4.35,24.06,10.4,Wet,SAC,1969-10-01T00:00:00Z,1970-10-01T00:00:00Z,-121.483,38.361
383610N1214825W001,1400635,1969-04-02T00:00:00Z,12.94,12.44,0,24.6,-11.66,24.6,24.1,NA,Unknown,Water level accuracy is unknown,1,Department of Water Resources,NA,1,Department of Water Resources,NA,NA,5563,06N04E24A001M,06N04E24A001M,Unknown,Unknown,5-021.65,South American,Sacramento,200,Irrigation,Single Well,NA,1963-04-01 - 2020-08-25,194,spring,NA,NA,14.1,35.5,1969,15.33,10.68,26.98,11.05,Wet,SAC,1968-10-01T00:00:00Z,1969-10-01T00:00:00Z,-121.483,38.361
383610N1214825W001,1400634,1968-10-10T00:00:00Z,12.94,12.44,0,32.9,-19.96,32.9,32.4,NA,Unknown,Water level accuracy is unknown,1,Department of Water Resources,NA,1,Department of Water Resources,NA,NA,5563,06N04E24A001M,06N04E24A001M,Unknown,Unknown,5-021.65,South American,Sacramento,200,Irrigation,Single Well,NA,1963-04-01 - 2020-08-25,194,fall,18.7,35.6,NA,NA,1969,15.33,10.68,26.98,11.05,Wet,SAC,1968-10-01T00:00:00Z,1969-10-01T00:00:00Z,-121.483,38.361
383610N1214825W001,1400633,1968-03-12T00:00:00Z,12.94,12.44,0,29.1,-16.16,29.1,28.6,NA,Unknown,Water level accuracy is unknown,1,Department of Water Resources,NA,1,Department of Water Resources,NA,NA,5563,06N04E24A001M,06N04E24A001M,Unknown,Unknown,5-021.65,South American,Sacramento,200,Irrigation,Single Well,NA,1963-04-01 - 2020-08-25,194,spring,NA,NA,14.1,35.5,1968,8.66,4.12,13.64,7.24,Below Normal,SAC,1967-10-01T00:00:00Z,1968-10-01T00:00:00Z,-121.483,38.361
383610N1214825W001,1400632,1967-10-10T00:00:00Z,12.94,12.44,0,29.7,-16.76,29.7,29.2,NA,Unknown,Water level accuracy is unknown,1,Department of Water Resources,NA,1,Department of Water Resources,NA,NA,5563,06N04E24A001M,06N04E24A001M,Unknown,Unknown,5-021.65,South American,Sacramento,200,Irrigation,Single Well,NA,1963-04-01 - 2020-08-25,194,fall,18.7,35.6,NA,NA,1968,8.66,4.12,13.64,7.24,Below Normal,SAC,1967-10-01T00:00:00Z,1968-10-01T00:00:00Z,-121.483,38.361
383610N1214825W001,1400631,1967-03-10T00:00:00Z,12.94,12.44,0,26.5,-13.56,26.5,26,NA,Unknown,Water level accuracy is unknown,1,Department of Water Resources,NA,1,Department of Water Resources,NA,NA,5563,06N04E24A001M,06N04E24A001M,Unknown,Unknown,5-021.65,South American,Sacramento,200,Irrigation,Single Well,NA,1963-04-01 - 2020-08-25,194,spring,NA,NA,14.1,35.5,1967,12.14,11.01,24.06,10.2,Wet,SAC,1966-10-01T00:00:00Z,1967-10-01T00:00:00Z,-121.483,38.361
383610N1214825W001,1400630,1966-10-05T00:00:00Z,12.94,12.44,0,31.9,-18.96,31.9,31.4,NA,Unknown,Water level accuracy is unknown,1,Department of Water Resources,NA,1,Department of Water Resources,NA,NA,5563,06N04E24A001M,06N04E24A001M,Unknown,Unknown,5-021.65,South American,Sacramento,200,Irrigation,Single Well,NA,1963-04-01 - 2020-08-25,194,fall,18.7,35.6,NA,NA,1967,12.14,11.01,24.06,10.2,Wet,SAC,1966-10-01T00:00:00Z,1967-10-01T00:00:00Z,-121.483,38.361
383610N1214825W001,1400629,1966-03-09T00:00:00Z,12.94,12.44,0,28.3,-15.36,28.3,27.8,NA,Unknown,Water level accuracy is unknown,1,Department of Water Resources,NA,1,Department of Water Resources,NA,NA,5563,06N04E24A001M,06N04E24A001M,Unknown,Unknown,5-021.65,South American,Sacramento,200,Irrigation,Single Well,NA,1963-04-01 - 2020-08-25,194,spring,NA,NA,14.1,35.5,1966,7.42,4.84,12.95,7.16,Below Normal,SAC,1965-10-01T00:00:00Z,1966-10-01T00:00:00Z,-121.483,38.361
383610N1214825W001,1400628,1965-10-07T00:00:00Z,12.94,12.44,0,30.5,-17.56,30.5,30,NA,Unknown,Water level accuracy is unknown,1,Department of Water Resources,NA,1,Department of Water Resources,NA,NA,5563,06N04E24A001M,06N04E24A001M,Unknown,Unknown,5-021.65,South American,Sacramento,200,Irrigation,Single Well,NA,1963-04-01 - 2020-08-25,194,fall,18.7,35.6,NA,NA,1966,7.42,4.84,12.95,7.16,Below Normal,SAC,1965-10-01T00:00:00Z,1966-10-01T00:00:00Z,-121.483,38.361
383610N1214825W001,1400627,1965-03-10T00:00:00Z,12.94,12.44,0,26.4,-13.46,26.4,25.9,NA,Unknown,Water level accuracy is unknown,1,Department of Water Resources,NA,1,Department of Water Resources,NA,NA,5563,06N04E24A001M,06N04E24A001M,Unknown,Unknown,5-021.65,South American,Sacramento,200,Irrigation,Single Well,NA,1963-04-01 - 2020-08-25,194,spring,NA,NA,14.1,35.5,1965,16.59,8.13,25.64,10.15,Wet,SAC,1964-10-01T00:00:00Z,1965-10-01T00:00:00Z,-121.483,38.361
383610N1214825W001,1400626,1964-10-08T00:00:00Z,12.94,12.44,0,30.9,-17.96,30.9,30.4,NA,Unknown,Water level accuracy is unknown,1,Department of Water Resources,NA,1,Department of Water Resources,NA,NA,5563,06N04E24A001M,06N04E24A001M,Unknown,Unknown,5-021.65,South American,Sacramento,200,Irrigation,Single Well,NA,1963-04-01 - 2020-08-25,194,fall,18.7,35.6,NA,NA,1965,16.59,8.13,25.64,10.15,Wet,SAC,1964-10-01T00:00:00Z,1965-10-01T00:00:00Z,-121.483,38.361
383610N1214825W001,1400625,1964-03-30T00:00:00Z,12.94,12.44,0,27.9,-14.96,27.9,27.4,NA,Unknown,Water level accuracy is unknown,1,Department of Water Resources,NA,1,Department of Water Resources,NA,NA,5563,06N04E24A001M,06N04E24A001M,Unknown,Unknown,5-021.65,South American,Sacramento,200,Irrigation,Single Well,NA,1963-04-01 - 2020-08-25,194,spring,NA,NA,14.1,35.5,1964,5.9,4.37,10.92,6.41,Dry,SAC,1963-10-01T00:00:00Z,1964-10-01T00:00:00Z,-121.483,38.361
383610N1214825W001,1400624,1963-10-23T00:00:00Z,12.94,12.44,0,27.7,-14.76,27.7,27.2,NA,Unknown,Water level accuracy is unknown,1,Department of Water Resources,NA,1,Department of Water Resources,NA,NA,5563,06N04E24A001M,06N04E24A001M,Unknown,Unknown,5-021.65,South American,Sacramento,200,Irrigation,Single Well,NA,1963-04-01 - 2020-08-25,194,fall,18.7,35.6,NA,NA,1964,5.9,4.37,10.92,6.41,Dry,SAC,1963-10-01T00:00:00Z,1964-10-01T00:00:00Z,-121.483,38.361
383610N1214825W001,1400622,1963-04-01T00:00:00Z,12.94,12.44,0,24.2,-11.26,24.2,23.7,NA,Unknown,Water level accuracy is unknown,1,Department of Water Resources,NA,1,Department of Water Resources,NA,NA,5563,06N04E24A001M,06N04E24A001M,Unknown,Unknown,5-021.65,South American,Sacramento,200,Irrigation,Single Well,NA,1963-04-01 - 2020-08-25,194,spring,NA,NA,14.1,35.5,1963,12.01,10.09,22.99,9.63,Wet,SAC,1962-10-01T00:00:00Z,1963-10-01T00:00:00Z,-121.483,38.361
