SITE_CODE,WLM_ID,MSMT_DATE,WLM_RPE,WLM_GSE,RDNG_WS,RDNG_RP,WSE,RPE_WSE,GSE_WSE,WLM_QA_DESC,WLM_DESC,WLM_ACC_DESC,WLM_ORG_ID,WLM_ORG_NAME,MSMT_CMT,COOP_AGENCY_ORG_ID,COOP_ORG_NAME,TOP_PRF,BOT_PRF,STN_ID,SWN,WELL_NAME,WLM_METHOD,WLM_ACC,BASIN_CODE,BASIN_NAME,COUNTY_NAME,WELL_DEPTH,WELL_USE,WELL_TYPE,WCR_NO,t_range,n_samples,season,fall_high,fall_low,spring_high,spring_low,water_year,Oct.Mar,Apr.Jul,WYsum,Index,water_year_type,region,water_year_start,water_year_end,X,Y
383729N1213638W001,2230627,2017-01-31T00:00:00Z,45.92,45.92,0,78.6,-32.68,78.6,78.6,NA,Electric sounder measurement,Water level accuracy to nearest tenth of a foot,1,Department of Water Resources,NA,1,Department of Water Resources,NA,NA,5606,06N06E18F001M,06N06E18F001M,Unknown,Unknown,5-021.65,South American,Sacramento,314,Irrigation,Single Well,24,1990-03-14 - 2017-03-01,102,other,NA,NA,NA,NA,2016,12.24,4.6,17.48,6.71,Below Normal,SAC,2016-10-01T00:00:00Z,2017-10-01T00:00:00Z,-121.364,38.3729
383729N1213638W001,2223593,2016-12-08T00:00:00Z,45.92,45.92,0,82.5,-36.58,82.5,82.5,NA,Electric sounder measurement,Water level accuracy to nearest tenth of a foot,1,Department of Water Resources,NA,1,Department of Water Resources,NA,NA,5606,06N06E18F001M,06N06E18F001M,Unknown,Unknown,5-021.65,South American,Sacramento,314,Irrigation,Single Well,24,1990-03-14 - 2017-03-01,102,other,NA,NA,NA,NA,2016,12.24,4.6,17.48,6.71,Below Normal,SAC,2016-10-01T00:00:00Z,2017-10-01T00:00:00Z,-121.364,38.3729
383729N1213638W001,2220423,2016-11-10T00:00:00Z,45.92,45.92,0,83.9,-37.98,83.9,83.9,NA,Electric sounder measurement,Water level accuracy to nearest tenth of a foot,1,Department of Water Resources,NA,1,Department of Water Resources,NA,NA,5606,06N06E18F001M,06N06E18F001M,Unknown,Unknown,5-021.65,South American,Sacramento,314,Irrigation,Single Well,24,1990-03-14 - 2017-03-01,102,fall,75.4,115.1,NA,NA,2016,12.24,4.6,17.48,6.71,Below Normal,SAC,2016-10-01T00:00:00Z,2017-10-01T00:00:00Z,-121.364,38.3729
383729N1213638W001,2214295,2016-10-06T00:00:00Z,45.92,45.92,0,83.2,-37.28,83.2,83.2,NA,Electric sounder measurement,Water level accuracy to nearest tenth of a foot,1,Department of Water Resources,NA,1,Department of Water Resources,NA,NA,5606,06N06E18F001M,06N06E18F001M,Unknown,Unknown,5-021.65,South American,Sacramento,314,Irrigation,Single Well,24,1990-03-14 - 2017-03-01,102,fall,75.4,115.1,NA,NA,2016,12.24,4.6,17.48,6.71,Below Normal,SAC,2016-10-01T00:00:00Z,2017-10-01T00:00:00Z,-121.364,38.3729
383729N1213638W001,2211391,2016-09-08T00:00:00Z,45.92,45.92,0,82,-36.08,82,82,NA,Electric sounder measurement,Water level accuracy to nearest tenth of a foot,1,Department of Water Resources,NA,1,Department of Water Resources,NA,NA,5606,06N06E18F001M,06N06E18F001M,Unknown,Unknown,5-021.65,South American,Sacramento,314,Irrigation,Single Well,24,1990-03-14 - 2017-03-01,102,fall,75.4,115.1,NA,NA,2015,6.91,1.77,9.23,4,Critical,SAC,2015-10-01T00:00:00Z,2016-10-01T00:00:00Z,-121.364,38.3729
383729N1213638W001,2211401,2016-08-11T00:00:00Z,45.92,45.92,0,81.6,-35.68,81.6,81.6,NA,Electric sounder measurement,Water level accuracy to nearest tenth of a foot,1,Department of Water Resources,NA,1,Department of Water Resources,NA,NA,5606,06N06E18F001M,06N06E18F001M,Unknown,Unknown,5-021.65,South American,Sacramento,314,Irrigation,Single Well,24,1990-03-14 - 2017-03-01,102,fall,75.4,115.1,NA,NA,2015,6.91,1.77,9.23,4,Critical,SAC,2015-10-01T00:00:00Z,2016-10-01T00:00:00Z,-121.364,38.3729
383729N1213638W001,2201487,2016-07-13T00:00:00Z,45.92,45.92,0,80.8,-34.88,80.8,80.8,NA,Electric sounder measurement,Water level accuracy to nearest tenth of a foot,1,Department of Water Resources,NA,1,Department of Water Resources,NA,NA,5606,06N06E18F001M,06N06E18F001M,Unknown,Unknown,5-021.65,South American,Sacramento,314,Irrigation,Single Well,24,1990-03-14 - 2017-03-01,102,other,NA,NA,NA,NA,2015,6.91,1.77,9.23,4,Critical,SAC,2015-10-01T00:00:00Z,2016-10-01T00:00:00Z,-121.364,38.3729
383729N1213638W001,2199259,2016-06-21T00:00:00Z,45.92,45.92,0,79.4,-33.48,79.4,79.4,NA,Electric sounder measurement,Water level accuracy to nearest tenth of a foot,1,Department of Water Resources,NA,1,Department of Water Resources,NA,NA,5606,06N06E18F001M,06N06E18F001M,Unknown,Unknown,5-021.65,South American,Sacramento,314,Irrigation,Single Well,24,1990-03-14 - 2017-03-01,102,other,NA,NA,NA,NA,2015,6.91,1.77,9.23,4,Critical,SAC,2015-10-01T00:00:00Z,2016-10-01T00:00:00Z,-121.364,38.3729
383729N1213638W001,2196979,2016-05-19T00:00:00Z,45.92,45.92,0,73.7,-27.78,73.7,73.7,NA,Electric sounder measurement,Water level accuracy to nearest tenth of a foot,1,Department of Water Resources,NA,1,Department of Water Resources,NA,NA,5606,06N06E18F001M,06N06E18F001M,Unknown,Unknown,5-021.65,South American,Sacramento,314,Irrigation,Single Well,24,1990-03-14 - 2017-03-01,102,spring,NA,NA,71.1,107,2015,6.91,1.77,9.23,4,Critical,SAC,2015-10-01T00:00:00Z,2016-10-01T00:00:00Z,-121.364,38.3729
383729N1213638W001,2192067,2016-04-14T00:00:00Z,45.92,45.92,0,73,-27.08,73,73,NA,Electric sounder measurement,Water level accuracy to nearest tenth of a foot,1,Department of Water Resources,NA,1,Department of Water Resources,NA,NA,5606,06N06E18F001M,06N06E18F001M,Unknown,Unknown,5-021.65,South American,Sacramento,314,Irrigation,Single Well,24,1990-03-14 - 2017-03-01,102,spring,NA,NA,71.1,107,2015,6.91,1.77,9.23,4,Critical,SAC,2015-10-01T00:00:00Z,2016-10-01T00:00:00Z,-121.364,38.3729
383729N1213638W001,2185655,2016-03-14T00:00:00Z,45.92,45.92,0,78.6,-32.68,78.6,78.6,NA,Electric sounder measurement,Water level accuracy to nearest tenth of a foot,1,Department of Water Resources,NA,1,Department of Water Resources,NA,NA,5606,06N06E18F001M,06N06E18F001M,Unknown,Unknown,5-021.65,South American,Sacramento,314,Irrigation,Single Well,24,1990-03-14 - 2017-03-01,102,spring,NA,NA,71.1,107,2015,6.91,1.77,9.23,4,Critical,SAC,2015-10-01T00:00:00Z,2016-10-01T00:00:00Z,-121.364,38.3729
383729N1213638W001,2182833,2016-02-03T00:00:00Z,45.92,45.92,0,81.9,-35.98,81.9,81.9,NA,Electric sounder measurement,Water level accuracy to nearest tenth of a foot,1,Department of Water Resources,NA,1,Department of Water Resources,NA,NA,5606,06N06E18F001M,06N06E18F001M,Unknown,Unknown,5-021.65,South American,Sacramento,314,Irrigation,Single Well,24,1990-03-14 - 2017-03-01,102,other,NA,NA,NA,NA,2015,6.91,1.77,9.23,4,Critical,SAC,2015-10-01T00:00:00Z,2016-10-01T00:00:00Z,-121.364,38.3729
383729N1213638W001,2181016,2016-01-07T00:00:00Z,45.92,45.92,0,82.1,-36.18,82.1,82.1,NA,Electric sounder measurement,Water level accuracy to nearest tenth of a foot,1,Department of Water Resources,NA,1,Department of Water Resources,NA,NA,5606,06N06E18F001M,06N06E18F001M,Unknown,Unknown,5-021.65,South American,Sacramento,314,Irrigation,Single Well,24,1990-03-14 - 2017-03-01,102,other,NA,NA,NA,NA,2015,6.91,1.77,9.23,4,Critical,SAC,2015-10-01T00:00:00Z,2016-10-01T00:00:00Z,-121.364,38.3729
383729N1213638W001,2177554,2015-12-23T00:00:00Z,45.92,45.92,0,83,-37.08,83,83,NA,Electric sounder measurement,Water level accuracy to nearest tenth of a foot,1,Department of Water Resources,NA,1,Department of Water Resources,NA,NA,5606,06N06E18F001M,06N06E18F001M,Unknown,Unknown,5-021.65,South American,Sacramento,314,Irrigation,Single Well,24,1990-03-14 - 2017-03-01,102,other,NA,NA,NA,NA,2015,6.91,1.77,9.23,4,Critical,SAC,2015-10-01T00:00:00Z,2016-10-01T00:00:00Z,-121.364,38.3729
383729N1213638W001,2175669,2015-11-03T00:00:00Z,45.92,45.92,0,83.7,-37.78,83.7,83.7,NA,Electric sounder measurement,Water level accuracy to nearest tenth of a foot,1,Department of Water Resources,NA,1,Department of Water Resources,NA,NA,5606,06N06E18F001M,06N06E18F001M,Unknown,Unknown,5-021.65,South American,Sacramento,314,Irrigation,Single Well,24,1990-03-14 - 2017-03-01,102,fall,75.4,115.1,NA,NA,2015,6.91,1.77,9.23,4,Critical,SAC,2015-10-01T00:00:00Z,2016-10-01T00:00:00Z,-121.364,38.3729
383729N1213638W001,2157805,2015-10-09T00:00:00Z,45.92,45.92,0,85.4,-39.48,85.4,85.4,NA,Electric sounder measurement,Water level accuracy to nearest tenth of a foot,1,Department of Water Resources,NA,1,Department of Water Resources,NA,NA,5606,06N06E18F001M,06N06E18F001M,Unknown,Unknown,5-021.65,South American,Sacramento,314,Irrigation,Single Well,24,1990-03-14 - 2017-03-01,102,fall,75.4,115.1,NA,NA,2015,6.91,1.77,9.23,4,Critical,SAC,2015-10-01T00:00:00Z,2016-10-01T00:00:00Z,-121.364,38.3729
383729N1213638W001,2153050,2015-09-11T00:00:00Z,45.92,45.92,0,85,-39.08,85,85,NA,Electric sounder measurement,Water level accuracy to nearest tenth of a foot,1,Department of Water Resources,NA,1,Department of Water Resources,NA,NA,5606,06N06E18F001M,06N06E18F001M,Unknown,Unknown,5-021.65,South American,Sacramento,314,Irrigation,Single Well,24,1990-03-14 - 2017-03-01,102,fall,75.4,115.1,NA,NA,2014,4.29,2.59,7.46,4.07,Critical,SAC,2014-10-01T00:00:00Z,2015-10-01T00:00:00Z,-121.364,38.3729
383729N1213638W001,2150016,2015-08-10T00:00:00Z,45.92,45.92,0,83.7,-37.78,83.7,83.7,NA,Electric sounder measurement,Water level accuracy to nearest tenth of a foot,1,Department of Water Resources,NA,1,Department of Water Resources,NA,NA,5606,06N06E18F001M,06N06E18F001M,Unknown,Unknown,5-021.65,South American,Sacramento,314,Irrigation,Single Well,24,1990-03-14 - 2017-03-01,102,fall,75.4,115.1,NA,NA,2014,4.29,2.59,7.46,4.07,Critical,SAC,2014-10-01T00:00:00Z,2015-10-01T00:00:00Z,-121.364,38.3729
383729N1213638W001,2143860,2015-07-07T00:00:00Z,45.92,45.92,0,81.8,-35.88,81.8,81.8,NA,Electric sounder measurement,Water level accuracy to nearest tenth of a foot,1,Department of Water Resources,NA,1,Department of Water Resources,NA,NA,5606,06N06E18F001M,06N06E18F001M,Unknown,Unknown,5-021.65,South American,Sacramento,314,Irrigation,Single Well,24,1990-03-14 - 2017-03-01,102,other,NA,NA,NA,NA,2014,4.29,2.59,7.46,4.07,Critical,SAC,2014-10-01T00:00:00Z,2015-10-01T00:00:00Z,-121.364,38.3729
383729N1213638W001,2143301,2015-06-25T00:00:00Z,45.92,45.92,0,77.8,-31.88,77.8,77.8,NA,Electric sounder measurement,Water level accuracy to nearest tenth of a foot,1,Department of Water Resources,NA,1,Department of Water Resources,NA,NA,5606,06N06E18F001M,06N06E18F001M,Unknown,Unknown,5-021.65,South American,Sacramento,314,Irrigation,Single Well,24,1990-03-14 - 2017-03-01,102,other,NA,NA,NA,NA,2014,4.29,2.59,7.46,4.07,Critical,SAC,2014-10-01T00:00:00Z,2015-10-01T00:00:00Z,-121.364,38.3729
383729N1213638W001,2139369,2015-05-20T00:00:00Z,45.92,45.92,0,77.5,-31.58,77.5,77.5,NA,Electric sounder measurement,Water level accuracy to nearest tenth of a foot,1,Department of Water Resources,NA,1,Department of Water Resources,NA,NA,5606,06N06E18F001M,06N06E18F001M,Unknown,Unknown,5-021.65,South American,Sacramento,314,Irrigation,Single Well,24,1990-03-14 - 2017-03-01,102,spring,NA,NA,71.1,107,2014,4.29,2.59,7.46,4.07,Critical,SAC,2014-10-01T00:00:00Z,2015-10-01T00:00:00Z,-121.364,38.3729
383729N1213638W001,2135989,2015-04-21T00:00:00Z,45.92,45.92,0,76.8,-30.88,76.8,76.8,NA,Electric sounder measurement,Water level accuracy to nearest tenth of a foot,1,Department of Water Resources,NA,1,Department of Water Resources,NA,NA,5606,06N06E18F001M,06N06E18F001M,Unknown,Unknown,5-021.65,South American,Sacramento,314,Irrigation,Single Well,24,1990-03-14 - 2017-03-01,102,spring,NA,NA,71.1,107,2014,4.29,2.59,7.46,4.07,Critical,SAC,2014-10-01T00:00:00Z,2015-10-01T00:00:00Z,-121.364,38.3729
383729N1213638W001,2116908,2015-03-17T00:00:00Z,45.92,45.92,0,77.4,-31.48,77.4,77.4,NA,Electric sounder measurement,Water level accuracy to nearest tenth of a foot,1,Department of Water Resources,NA,1,Department of Water Resources,NA,NA,5606,06N06E18F001M,06N06E18F001M,Unknown,Unknown,5-021.65,South American,Sacramento,314,Irrigation,Single Well,24,1990-03-14 - 2017-03-01,102,spring,NA,NA,71.1,107,2014,4.29,2.59,7.46,4.07,Critical,SAC,2014-10-01T00:00:00Z,2015-10-01T00:00:00Z,-121.364,38.3729
383729N1213638W001,2115232,2015-02-24T00:00:00Z,45.92,45.92,0,78.6,-32.68,78.6,78.6,NA,Electric sounder measurement,Water level accuracy to nearest tenth of a foot,1,Department of Water Resources,NA,1,Department of Water Resources,NA,NA,5606,06N06E18F001M,06N06E18F001M,Unknown,Unknown,5-021.65,South American,Sacramento,314,Irrigation,Single Well,24,1990-03-14 - 2017-03-01,102,other,NA,NA,NA,NA,2014,4.29,2.59,7.46,4.07,Critical,SAC,2014-10-01T00:00:00Z,2015-10-01T00:00:00Z,-121.364,38.3729
383729N1213638W001,2113508,2015-02-02T00:00:00Z,45.92,45.92,0,78.9,-32.98,78.9,78.9,NA,Electric sounder measurement,Water level accuracy to nearest tenth of a foot,1,Department of Water Resources,NA,1,Department of Water Resources,NA,NA,5606,06N06E18F001M,06N06E18F001M,Unknown,Unknown,5-021.65,South American,Sacramento,314,Irrigation,Single Well,24,1990-03-14 - 2017-03-01,102,other,NA,NA,NA,NA,2014,4.29,2.59,7.46,4.07,Critical,SAC,2014-10-01T00:00:00Z,2015-10-01T00:00:00Z,-121.364,38.3729
383729N1213638W001,2109731,2014-12-19T00:00:00Z,45.92,45.92,0,79.9,-33.98,79.9,79.9,NA,Electric sounder measurement,Water level accuracy to nearest tenth of a foot,1,Department of Water Resources,NA,1,Department of Water Resources,NA,NA,5606,06N06E18F001M,06N06E18F001M,Unknown,Unknown,5-021.65,South American,Sacramento,314,Irrigation,Single Well,24,1990-03-14 - 2017-03-01,102,other,NA,NA,NA,NA,2014,4.29,2.59,7.46,4.07,Critical,SAC,2014-10-01T00:00:00Z,2015-10-01T00:00:00Z,-121.364,38.3729
383729N1213638W001,2107511,2014-11-26T00:00:00Z,45.92,45.92,0,80.4,-34.48,80.4,80.4,NA,Electric sounder measurement,Water level accuracy to nearest tenth of a foot,1,Department of Water Resources,NA,1,Department of Water Resources,NA,NA,5606,06N06E18F001M,06N06E18F001M,Unknown,Unknown,5-021.65,South American,Sacramento,314,Irrigation,Single Well,24,1990-03-14 - 2017-03-01,102,fall,75.4,115.1,NA,NA,2014,4.29,2.59,7.46,4.07,Critical,SAC,2014-10-01T00:00:00Z,2015-10-01T00:00:00Z,-121.364,38.3729
383729N1213638W001,2022461,2014-10-22T00:00:00Z,45.92,45.92,0,81.1,-35.18,81.1,81.1,NA,Electric sounder measurement,Water level accuracy to nearest tenth of a foot,1,Department of Water Resources,NA,1,Department of Water Resources,NA,NA,5606,06N06E18F001M,06N06E18F001M,Unknown,Unknown,5-021.65,South American,Sacramento,314,Irrigation,Single Well,24,1990-03-14 - 2017-03-01,102,fall,75.4,115.1,NA,NA,2014,4.29,2.59,7.46,4.07,Critical,SAC,2014-10-01T00:00:00Z,2015-10-01T00:00:00Z,-121.364,38.3729
383729N1213638W001,2014568,2014-09-29T00:00:00Z,45.92,45.92,0,81.4,-35.48,81.4,81.4,NA,Electric sounder measurement,Water level accuracy to nearest tenth of a foot,1,Department of Water Resources,NA,1,Department of Water Resources,NA,NA,5606,06N06E18F001M,06N06E18F001M,Unknown,Unknown,5-021.65,South American,Sacramento,314,Irrigation,Single Well,24,1990-03-14 - 2017-03-01,102,fall,75.4,115.1,NA,NA,2013,8.52,3.01,12.19,5.83,Dry,SAC,2013-10-01T00:00:00Z,2014-10-01T00:00:00Z,-121.364,38.3729
383729N1213638W001,1995585,2014-08-20T00:00:00Z,45.92,45.92,0,80,-34.08,80,80,NA,Electric sounder measurement,Water level accuracy to nearest tenth of a foot,1,Department of Water Resources,NA,1,Department of Water Resources,NA,NA,5606,06N06E18F001M,06N06E18F001M,Unknown,Unknown,5-021.65,South American,Sacramento,314,Irrigation,Single Well,24,1990-03-14 - 2017-03-01,102,fall,75.4,115.1,NA,NA,2013,8.52,3.01,12.19,5.83,Dry,SAC,2013-10-01T00:00:00Z,2014-10-01T00:00:00Z,-121.364,38.3729
383729N1213638W001,1993128,2014-07-28T00:00:00Z,45.92,45.92,0,79.4,-33.48,79.4,79.4,NA,Electric sounder measurement,Water level accuracy to nearest tenth of a foot,1,Department of Water Resources,NA,1,Department of Water Resources,NA,NA,5606,06N06E18F001M,06N06E18F001M,Unknown,Unknown,5-021.65,South American,Sacramento,314,Irrigation,Single Well,24,1990-03-14 - 2017-03-01,102,other,NA,NA,NA,NA,2013,8.52,3.01,12.19,5.83,Dry,SAC,2013-10-01T00:00:00Z,2014-10-01T00:00:00Z,-121.364,38.3729
383729N1213638W001,1991362,2014-06-24T00:00:00Z,45.92,45.92,0,79.2,-33.28,79.2,79.2,NA,Electric sounder measurement,Water level accuracy to nearest tenth of a foot,1,Department of Water Resources,NA,1,Department of Water Resources,NA,NA,5606,06N06E18F001M,06N06E18F001M,Unknown,Unknown,5-021.65,South American,Sacramento,314,Irrigation,Single Well,24,1990-03-14 - 2017-03-01,102,other,NA,NA,NA,NA,2013,8.52,3.01,12.19,5.83,Dry,SAC,2013-10-01T00:00:00Z,2014-10-01T00:00:00Z,-121.364,38.3729
383729N1213638W001,1977436,2014-05-06T00:00:00Z,45.92,45.92,0,75.2,-29.28,75.2,75.2,NA,Electric sounder measurement,Water level accuracy to nearest tenth of a foot,1,Department of Water Resources,NA,1,Department of Water Resources,NA,NA,5606,06N06E18F001M,06N06E18F001M,Unknown,Unknown,5-021.65,South American,Sacramento,314,Irrigation,Single Well,24,1990-03-14 - 2017-03-01,102,spring,NA,NA,71.1,107,2013,8.52,3.01,12.19,5.83,Dry,SAC,2013-10-01T00:00:00Z,2014-10-01T00:00:00Z,-121.364,38.3729
383729N1213638W001,1975874,2014-04-11T00:00:00Z,45.92,45.92,0,74.6,-28.68,74.6,74.6,NA,Electric sounder measurement,Water level accuracy to nearest tenth of a foot,1,Department of Water Resources,NA,1,Department of Water Resources,NA,NA,5606,06N06E18F001M,06N06E18F001M,Unknown,Unknown,5-021.65,South American,Sacramento,314,Irrigation,Single Well,24,1990-03-14 - 2017-03-01,102,spring,NA,NA,71.1,107,2013,8.52,3.01,12.19,5.83,Dry,SAC,2013-10-01T00:00:00Z,2014-10-01T00:00:00Z,-121.364,38.3729
383729N1213638W001,1877509,2014-03-13T00:00:00Z,45.92,45.92,0,75.3,-29.38,75.3,75.3,NA,Electric sounder measurement,Water level accuracy to nearest tenth of a foot,1,Department of Water Resources,NA,1,Department of Water Resources,NA,NA,5606,06N06E18F001M,06N06E18F001M,Unknown,Unknown,5-021.65,South American,Sacramento,314,Irrigation,Single Well,24,1990-03-14 - 2017-03-01,102,spring,NA,NA,71.1,107,2013,8.52,3.01,12.19,5.83,Dry,SAC,2013-10-01T00:00:00Z,2014-10-01T00:00:00Z,-121.364,38.3729
383729N1213638W001,1876587,2014-02-28T00:00:00Z,45.92,45.92,0,75.5,-29.58,75.5,75.5,NA,Electric sounder measurement,Water level accuracy to nearest tenth of a foot,1,Department of Water Resources,NA,1,Department of Water Resources,NA,NA,5606,06N06E18F001M,06N06E18F001M,Unknown,Unknown,5-021.65,South American,Sacramento,314,Irrigation,Single Well,24,1990-03-14 - 2017-03-01,102,other,NA,NA,NA,NA,2013,8.52,3.01,12.19,5.83,Dry,SAC,2013-10-01T00:00:00Z,2014-10-01T00:00:00Z,-121.364,38.3729
383729N1213638W001,1877493,2014-02-28T00:00:00Z,45.92,45.92,0,75.3,-29.38,75.3,75.3,NA,Electric sounder measurement,Water level accuracy to nearest tenth of a foot,1,Department of Water Resources,NA,1,Department of Water Resources,NA,NA,5606,06N06E18F001M,06N06E18F001M,Unknown,Unknown,5-021.65,South American,Sacramento,314,Irrigation,Single Well,24,1990-03-14 - 2017-03-01,102,other,NA,NA,NA,NA,2013,8.52,3.01,12.19,5.83,Dry,SAC,2013-10-01T00:00:00Z,2014-10-01T00:00:00Z,-121.364,38.3729
383729N1213638W001,1835786,2014-01-31T00:00:00Z,45.92,45.92,0,76.9,-30.98,76.9,76.9,NA,Electric sounder measurement,Water level accuracy to nearest tenth of a foot,1,Department of Water Resources,NA,1,Department of Water Resources,NA,NA,5606,06N06E18F001M,06N06E18F001M,Unknown,Unknown,5-021.65,South American,Sacramento,314,Irrigation,Single Well,24,1990-03-14 - 2017-03-01,102,other,NA,NA,NA,NA,2013,8.52,3.01,12.19,5.83,Dry,SAC,2013-10-01T00:00:00Z,2014-10-01T00:00:00Z,-121.364,38.3729
383729N1213638W001,1873040,2014-01-31T00:00:00Z,45.92,45.92,0,76.9,-30.98,76.9,76.9,NA,Electric sounder measurement,Water level accuracy to nearest tenth of a foot,1,Department of Water Resources,NA,1,Department of Water Resources,NA,NA,5606,06N06E18F001M,06N06E18F001M,Unknown,Unknown,5-021.65,South American,Sacramento,314,Irrigation,Single Well,24,1990-03-14 - 2017-03-01,102,other,NA,NA,NA,NA,2013,8.52,3.01,12.19,5.83,Dry,SAC,2013-10-01T00:00:00Z,2014-10-01T00:00:00Z,-121.364,38.3729
383729N1213638W001,1835536,2013-10-31T00:00:00Z,45.92,45.92,0,76.9,-30.98,76.9,76.9,NA,Electric sounder measurement,Water level accuracy to nearest tenth of a foot,1,Department of Water Resources,NA,1,Department of Water Resources,NA,NA,5606,06N06E18F001M,06N06E18F001M,Unknown,Unknown,5-021.65,South American,Sacramento,314,Irrigation,Single Well,24,1990-03-14 - 2017-03-01,102,fall,75.4,115.1,NA,NA,2013,8.52,3.01,12.19,5.83,Dry,SAC,2013-10-01T00:00:00Z,2014-10-01T00:00:00Z,-121.364,38.3729
383729N1213638W001,1834756,2013-10-31T00:00:00Z,45.92,45.92,0,76.9,-30.98,76.9,76.9,NA,Electric sounder measurement,Water level accuracy to nearest tenth of a foot,1,Department of Water Resources,NA,1,Department of Water Resources,NA,NA,5606,06N06E18F001M,06N06E18F001M,Unknown,Unknown,5-021.65,South American,Sacramento,314,Irrigation,Single Well,24,1990-03-14 - 2017-03-01,102,fall,75.4,115.1,NA,NA,2013,8.52,3.01,12.19,5.83,Dry,SAC,2013-10-01T00:00:00Z,2014-10-01T00:00:00Z,-121.364,38.3729
383729N1213638W001,1796839,2013-09-27T00:00:00Z,45.92,45.92,0,77.6,-31.68,77.6,77.6,NA,Electric sounder measurement,Water level accuracy to nearest tenth of a foot,1,Department of Water Resources,NA,1,Department of Water Resources,NA,NA,5606,06N06E18F001M,06N06E18F001M,Unknown,Unknown,5-021.65,South American,Sacramento,314,Irrigation,Single Well,24,1990-03-14 - 2017-03-01,102,fall,75.4,115.1,NA,NA,2012,5.69,5.46,11.84,6.89,Below Normal,SAC,2012-10-01T00:00:00Z,2013-10-01T00:00:00Z,-121.364,38.3729
383729N1213638W001,1796808,2013-08-28T00:00:00Z,45.92,45.92,0,77.2,-31.28,77.2,77.2,NA,Electric sounder measurement,Water level accuracy to nearest tenth of a foot,1,Department of Water Resources,NA,1,Department of Water Resources,NA,NA,5606,06N06E18F001M,06N06E18F001M,Unknown,Unknown,5-021.65,South American,Sacramento,314,Irrigation,Single Well,24,1990-03-14 - 2017-03-01,102,fall,75.4,115.1,NA,NA,2012,5.69,5.46,11.84,6.89,Below Normal,SAC,2012-10-01T00:00:00Z,2013-10-01T00:00:00Z,-121.364,38.3729
383729N1213638W001,1796792,2013-08-01T00:00:00Z,45.92,45.92,0,76.1,-30.18,76.1,76.1,NA,Electric sounder measurement,Water level accuracy to nearest tenth of a foot,1,Department of Water Resources,NA,1,Department of Water Resources,NA,NA,5606,06N06E18F001M,06N06E18F001M,Unknown,Unknown,5-021.65,South American,Sacramento,314,Irrigation,Single Well,24,1990-03-14 - 2017-03-01,102,fall,75.4,115.1,NA,NA,2012,5.69,5.46,11.84,6.89,Below Normal,SAC,2012-10-01T00:00:00Z,2013-10-01T00:00:00Z,-121.364,38.3729
383729N1213638W001,1796776,2013-06-27T00:00:00Z,45.92,45.92,0,75,-29.08,75,75,NA,Electric sounder measurement,Water level accuracy to nearest tenth of a foot,1,Department of Water Resources,NA,1,Department of Water Resources,NA,NA,5606,06N06E18F001M,06N06E18F001M,Unknown,Unknown,5-021.65,South American,Sacramento,314,Irrigation,Single Well,24,1990-03-14 - 2017-03-01,102,other,NA,NA,NA,NA,2012,5.69,5.46,11.84,6.89,Below Normal,SAC,2012-10-01T00:00:00Z,2013-10-01T00:00:00Z,-121.364,38.3729
383729N1213638W001,1796760,2013-03-21T00:00:00Z,45.92,45.92,0,71.9,-25.98,71.9,71.9,NA,Electric sounder measurement,Water level accuracy to nearest tenth of a foot,1,Department of Water Resources,NA,1,Department of Water Resources,NA,NA,5606,06N06E18F001M,06N06E18F001M,Unknown,Unknown,5-021.65,South American,Sacramento,314,Irrigation,Single Well,24,1990-03-14 - 2017-03-01,102,spring,NA,NA,71.1,107,2012,5.69,5.46,11.84,6.89,Below Normal,SAC,2012-10-01T00:00:00Z,2013-10-01T00:00:00Z,-121.364,38.3729
383729N1213638W001,1796743,2012-10-18T00:00:00Z,45.92,45.92,0,76.7,-30.78,76.7,76.7,NA,Electric sounder measurement,Water level accuracy to nearest tenth of a foot,1,Department of Water Resources,NA,1,Department of Water Resources,NA,NA,5606,06N06E18F001M,06N06E18F001M,Unknown,Unknown,5-021.65,South American,Sacramento,314,Irrigation,Single Well,24,1990-03-14 - 2017-03-01,102,fall,75.4,115.1,NA,NA,2012,5.69,5.46,11.84,6.89,Below Normal,SAC,2012-10-01T00:00:00Z,2013-10-01T00:00:00Z,-121.364,38.3729
383729N1213638W001,65376,2012-07-30T00:00:00Z,45.92,45.92,0,74.7,-28.78,74.7,74.7,NA,Electric sounder measurement,Water level accuracy to nearest tenth of a foot,1,Department of Water Resources,NA,1,Department of Water Resources,NA,NA,5606,06N06E18F001M,06N06E18F001M,Unknown,Unknown,5-021.65,South American,Sacramento,314,Irrigation,Single Well,24,1990-03-14 - 2017-03-01,102,other,NA,NA,NA,NA,2011,12.68,11.53,25.21,10.54,Wet,SAC,2011-10-01T00:00:00Z,2012-10-01T00:00:00Z,-121.364,38.3729
383729N1213638W001,55098,2012-03-29T00:00:00Z,45.92,45.92,0,71.1,-25.18,71.1,71.1,NA,Electric sounder measurement,Water level accuracy to nearest hundredth of a foot,1,Department of Water Resources,NA,1,Department of Water Resources,NA,NA,5606,06N06E18F001M,06N06E18F001M,Unknown,Unknown,5-021.65,South American,Sacramento,314,Irrigation,Single Well,24,1990-03-14 - 2017-03-01,102,spring,NA,NA,71.1,107,2011,12.68,11.53,25.21,10.54,Wet,SAC,2011-10-01T00:00:00Z,2012-10-01T00:00:00Z,-121.364,38.3729
383729N1213638W001,65360,2012-03-28T00:00:00Z,45.92,45.92,0,71.1,-25.18,71.1,71.1,NA,Electric sounder measurement,Water level accuracy to nearest tenth of a foot,1,Department of Water Resources,NA,1,Department of Water Resources,NA,NA,5606,06N06E18F001M,06N06E18F001M,Unknown,Unknown,5-021.65,South American,Sacramento,314,Irrigation,Single Well,24,1990-03-14 - 2017-03-01,102,spring,NA,NA,71.1,107,2011,12.68,11.53,25.21,10.54,Wet,SAC,2011-10-01T00:00:00Z,2012-10-01T00:00:00Z,-121.364,38.3729
383729N1213638W001,1405815,2011-10-18T00:00:00Z,45.92,45.92,0,75.4,-29.48,75.4,75.4,NA,Unknown,Water level accuracy is unknown,1,Department of Water Resources,NA,624,Bureau of Reclamation,NA,NA,5606,06N06E18F001M,06N06E18F001M,Unknown,Unknown,5-021.65,South American,Sacramento,314,Irrigation,Single Well,24,1990-03-14 - 2017-03-01,102,fall,75.4,115.1,NA,NA,2011,12.68,11.53,25.21,10.54,Wet,SAC,2011-10-01T00:00:00Z,2012-10-01T00:00:00Z,-121.364,38.3729
383729N1213638W001,1405814,2011-04-07T00:00:00Z,45.92,45.92,0,74.3,-28.38,74.3,74.3,NA,Unknown,Water level accuracy is unknown,1,Department of Water Resources,NA,1,Department of Water Resources,NA,NA,5606,06N06E18F001M,06N06E18F001M,Unknown,Unknown,5-021.65,South American,Sacramento,314,Irrigation,Single Well,24,1990-03-14 - 2017-03-01,102,spring,NA,NA,71.1,107,2010,7.45,7.78,16.01,7.08,Below Normal,SAC,2010-10-01T00:00:00Z,2011-10-01T00:00:00Z,-121.364,38.3729
383729N1213638W001,1405813,2010-12-13T00:00:00Z,45.92,45.92,0,79.8,-33.88,79.8,79.8,NA,Unknown,Water level accuracy is unknown,1,Department of Water Resources,NA,1,Department of Water Resources,NA,NA,5606,06N06E18F001M,06N06E18F001M,Unknown,Unknown,5-021.65,South American,Sacramento,314,Irrigation,Single Well,24,1990-03-14 - 2017-03-01,102,other,NA,NA,NA,NA,2010,7.45,7.78,16.01,7.08,Below Normal,SAC,2010-10-01T00:00:00Z,2011-10-01T00:00:00Z,-121.364,38.3729
383729N1213638W001,1405812,2010-07-27T00:00:00Z,45.92,45.92,0,80.7,-34.78,80.7,80.7,NA,Unknown,Water level accuracy is unknown,1,Department of Water Resources,NA,1,Department of Water Resources,NA,NA,5606,06N06E18F001M,06N06E18F001M,Unknown,Unknown,5-021.65,South American,Sacramento,314,Irrigation,Single Well,24,1990-03-14 - 2017-03-01,102,other,NA,NA,NA,NA,2009,7.05,5.3,13.02,5.78,Dry,SAC,2009-10-01T00:00:00Z,2010-10-01T00:00:00Z,-121.364,38.3729
383729N1213638W001,1405811,2010-03-17T00:00:00Z,45.92,45.92,0,78.8,-32.88,78.8,78.8,NA,Unknown,Water level accuracy is unknown,1,Department of Water Resources,NA,1,Department of Water Resources,NA,NA,5606,06N06E18F001M,06N06E18F001M,Unknown,Unknown,5-021.65,South American,Sacramento,314,Irrigation,Single Well,24,1990-03-14 - 2017-03-01,102,spring,NA,NA,71.1,107,2009,7.05,5.3,13.02,5.78,Dry,SAC,2009-10-01T00:00:00Z,2010-10-01T00:00:00Z,-121.364,38.3729
383729N1213638W001,1405810,2009-10-12T00:00:00Z,45.92,45.92,0,84.9,-38.98,84.9,84.9,NA,Unknown,Water level accuracy is unknown,1,Department of Water Resources,NA,1,Department of Water Resources,NA,NA,5606,06N06E18F001M,06N06E18F001M,Unknown,Unknown,5-021.65,South American,Sacramento,314,Irrigation,Single Well,24,1990-03-14 - 2017-03-01,102,fall,75.4,115.1,NA,NA,2009,7.05,5.3,13.02,5.78,Dry,SAC,2009-10-01T00:00:00Z,2010-10-01T00:00:00Z,-121.364,38.3729
383729N1213638W001,1405809,2009-09-14T00:00:00Z,45.92,45.92,0,85.4,-39.48,85.4,85.4,NA,Unknown,Water level accuracy is unknown,1,Department of Water Resources,NA,1,Department of Water Resources,NA,NA,5606,06N06E18F001M,06N06E18F001M,Unknown,Unknown,5-021.65,South American,Sacramento,314,Irrigation,Single Well,24,1990-03-14 - 2017-03-01,102,fall,75.4,115.1,NA,NA,2008,5.9,3.82,10.28,5.16,Critical,SAC,2008-10-01T00:00:00Z,2009-10-01T00:00:00Z,-121.364,38.3729
383729N1213638W001,1405808,2009-08-11T00:00:00Z,45.92,45.92,0,84,-38.08,84,84,NA,Unknown,Water level accuracy is unknown,1,Department of Water Resources,NA,1,Department of Water Resources,NA,NA,5606,06N06E18F001M,06N06E18F001M,Unknown,Unknown,5-021.65,South American,Sacramento,314,Irrigation,Single Well,24,1990-03-14 - 2017-03-01,102,fall,75.4,115.1,NA,NA,2008,5.9,3.82,10.28,5.16,Critical,SAC,2008-10-01T00:00:00Z,2009-10-01T00:00:00Z,-121.364,38.3729
383729N1213638W001,1405807,2009-07-13T00:00:00Z,45.92,45.92,0,82.7,-36.78,82.7,82.7,NA,Unknown,Water level accuracy is unknown,1,Department of Water Resources,NA,1,Department of Water Resources,NA,NA,5606,06N06E18F001M,06N06E18F001M,Unknown,Unknown,5-021.65,South American,Sacramento,314,Irrigation,Single Well,24,1990-03-14 - 2017-03-01,102,other,NA,NA,NA,NA,2008,5.9,3.82,10.28,5.16,Critical,SAC,2008-10-01T00:00:00Z,2009-10-01T00:00:00Z,-121.364,38.3729
383729N1213638W001,1405806,2009-06-24T00:00:00Z,45.92,45.92,0,83,-37.08,83,83,NA,Unknown,Water level accuracy is unknown,1,Department of Water Resources,NA,1,Department of Water Resources,NA,NA,5606,06N06E18F001M,06N06E18F001M,Unknown,Unknown,5-021.65,South American,Sacramento,314,Irrigation,Single Well,24,1990-03-14 - 2017-03-01,102,other,NA,NA,NA,NA,2008,5.9,3.82,10.28,5.16,Critical,SAC,2008-10-01T00:00:00Z,2009-10-01T00:00:00Z,-121.364,38.3729
383729N1213638W001,1405805,2009-05-13T00:00:00Z,45.92,45.92,0,78.8,-32.88,78.8,78.8,NA,Unknown,Water level accuracy is unknown,1,Department of Water Resources,NA,1,Department of Water Resources,NA,NA,5606,06N06E18F001M,06N06E18F001M,Unknown,Unknown,5-021.65,South American,Sacramento,314,Irrigation,Single Well,24,1990-03-14 - 2017-03-01,102,spring,NA,NA,71.1,107,2008,5.9,3.82,10.28,5.16,Critical,SAC,2008-10-01T00:00:00Z,2009-10-01T00:00:00Z,-121.364,38.3729
383729N1213638W001,1405804,2009-04-27T00:00:00Z,45.92,45.92,0,79.3,-33.38,79.3,79.3,NA,Unknown,Water level accuracy is unknown,1,Department of Water Resources,NA,1,Department of Water Resources,NA,NA,5606,06N06E18F001M,06N06E18F001M,Unknown,Unknown,5-021.65,South American,Sacramento,314,Irrigation,Single Well,24,1990-03-14 - 2017-03-01,102,spring,NA,NA,71.1,107,2008,5.9,3.82,10.28,5.16,Critical,SAC,2008-10-01T00:00:00Z,2009-10-01T00:00:00Z,-121.364,38.3729
383729N1213638W001,1405803,2008-11-19T00:00:00Z,45.92,45.92,0,96.6,-50.68,96.6,96.6,NA,Unknown,Water level accuracy is unknown,1,Department of Water Resources,NA,1,Department of Water Resources,NA,NA,5606,06N06E18F001M,06N06E18F001M,Unknown,Unknown,5-021.65,South American,Sacramento,314,Irrigation,Single Well,24,1990-03-14 - 2017-03-01,102,fall,75.4,115.1,NA,NA,2008,5.9,3.82,10.28,5.16,Critical,SAC,2008-10-01T00:00:00Z,2009-10-01T00:00:00Z,-121.364,38.3729
383729N1213638W001,1405802,2008-04-07T00:00:00Z,45.92,45.92,0,85.1,-39.18,85.1,85.1,NA,Unknown,Water level accuracy is unknown,1,Department of Water Resources,NA,1,Department of Water Resources,NA,NA,5606,06N06E18F001M,06N06E18F001M,Unknown,Unknown,5-021.65,South American,Sacramento,314,Irrigation,Single Well,24,1990-03-14 - 2017-03-01,102,spring,NA,NA,71.1,107,2007,6.59,3.04,10.28,6.19,Dry,SAC,2007-10-01T00:00:00Z,2008-10-01T00:00:00Z,-121.364,38.3729
383729N1213638W001,1405801,2007-10-17T00:00:00Z,45.92,45.92,0,94.1,-48.18,94.1,94.1,NA,Unknown,Water level accuracy is unknown,1,Department of Water Resources,NA,1,Department of Water Resources,NA,NA,5606,06N06E18F001M,06N06E18F001M,Unknown,Unknown,5-021.65,South American,Sacramento,314,Irrigation,Single Well,24,1990-03-14 - 2017-03-01,102,fall,75.4,115.1,NA,NA,2007,6.59,3.04,10.28,6.19,Dry,SAC,2007-10-01T00:00:00Z,2008-10-01T00:00:00Z,-121.364,38.3729
383729N1213638W001,1405800,2007-03-29T00:00:00Z,45.92,45.92,0,83.1,-37.18,83.1,83.1,NA,Unknown,Water level accuracy is unknown,1,Department of Water Resources,NA,1,Department of Water Resources,NA,NA,5606,06N06E18F001M,06N06E18F001M,Unknown,Unknown,5-021.65,South American,Sacramento,314,Irrigation,Single Well,24,1990-03-14 - 2017-03-01,102,spring,NA,NA,71.1,107,2006,18.06,13.09,32.09,13.2,Wet,SAC,2006-10-01T00:00:00Z,2007-10-01T00:00:00Z,-121.364,38.3729
383729N1213638W001,1405799,2006-10-17T00:00:00Z,45.92,45.92,0,81.1,-35.18,81.1,81.1,NA,Unknown,Water level accuracy is unknown,1,Department of Water Resources,NA,1,Department of Water Resources,NA,NA,5606,06N06E18F001M,06N06E18F001M,Unknown,Unknown,5-021.65,South American,Sacramento,314,Irrigation,Single Well,24,1990-03-14 - 2017-03-01,102,fall,75.4,115.1,NA,NA,2006,18.06,13.09,32.09,13.2,Wet,SAC,2006-10-01T00:00:00Z,2007-10-01T00:00:00Z,-121.364,38.3729
383729N1213638W001,1405798,2006-04-20T00:00:00Z,45.92,45.92,0,84.9,-38.98,84.9,84.9,NA,Unknown,Water level accuracy is unknown,1,Department of Water Resources,NA,1,Department of Water Resources,NA,NA,5606,06N06E18F001M,06N06E18F001M,Unknown,Unknown,5-021.65,South American,Sacramento,314,Irrigation,Single Well,24,1990-03-14 - 2017-03-01,102,spring,NA,NA,71.1,107,2005,8.4,9.28,18.55,8.49,Above Normal,SAC,2005-10-01T00:00:00Z,2006-10-01T00:00:00Z,-121.364,38.3729
383729N1213638W001,1405797,2005-11-30T00:00:00Z,45.92,45.92,0,91.6,-45.68,91.6,91.6,NA,Unknown,Water level accuracy is unknown,1,Department of Water Resources,NA,1,Department of Water Resources,NA,NA,5606,06N06E18F001M,06N06E18F001M,Unknown,Unknown,5-021.65,South American,Sacramento,314,Irrigation,Single Well,24,1990-03-14 - 2017-03-01,102,fall,75.4,115.1,NA,NA,2005,8.4,9.28,18.55,8.49,Above Normal,SAC,2005-10-01T00:00:00Z,2006-10-01T00:00:00Z,-121.364,38.3729
383729N1213638W001,1405796,2005-04-15T00:00:00Z,45.92,45.92,0,84,-38.08,84,84,NA,Unknown,Water level accuracy is unknown,1,Department of Water Resources,NA,1,Department of Water Resources,NA,NA,5606,06N06E18F001M,06N06E18F001M,Unknown,Unknown,5-021.65,South American,Sacramento,314,Irrigation,Single Well,24,1990-03-14 - 2017-03-01,102,spring,NA,NA,71.1,107,2004,10.95,4.4,16.04,7.51,Below Normal,SAC,2004-10-01T00:00:00Z,2005-10-01T00:00:00Z,-121.364,38.3729
383729N1213638W001,1405795,2004-10-25T00:00:00Z,45.92,45.92,0,93.6,-47.68,93.6,93.6,NA,Unknown,Water level accuracy is unknown,1,Department of Water Resources,NA,1,Department of Water Resources,NA,NA,5606,06N06E18F001M,06N06E18F001M,Unknown,Unknown,5-021.65,South American,Sacramento,314,Irrigation,Single Well,24,1990-03-14 - 2017-03-01,102,fall,75.4,115.1,NA,NA,2004,10.95,4.4,16.04,7.51,Below Normal,SAC,2004-10-01T00:00:00Z,2005-10-01T00:00:00Z,-121.364,38.3729
383729N1213638W001,1405794,2004-03-16T00:00:00Z,45.92,45.92,0,85.4,-39.48,85.4,85.4,NA,Unknown,Water level accuracy is unknown,1,Department of Water Resources,NA,1,Department of Water Resources,NA,NA,5606,06N06E18F001M,06N06E18F001M,Unknown,Unknown,5-021.65,South American,Sacramento,314,Irrigation,Single Well,24,1990-03-14 - 2017-03-01,102,spring,NA,NA,71.1,107,2003,10.71,7.74,19.31,8.21,Above Normal,SAC,2003-10-01T00:00:00Z,2004-10-01T00:00:00Z,-121.364,38.3729
383729N1213638W001,1405793,2003-10-20T00:00:00Z,45.92,45.92,0,90.1,-44.18,90.1,90.1,NA,Unknown,Water level accuracy is unknown,1,Department of Water Resources,NA,1,Department of Water Resources,NA,NA,5606,06N06E18F001M,06N06E18F001M,Unknown,Unknown,5-021.65,South American,Sacramento,314,Irrigation,Single Well,24,1990-03-14 - 2017-03-01,102,fall,75.4,115.1,NA,NA,2003,10.71,7.74,19.31,8.21,Above Normal,SAC,2003-10-01T00:00:00Z,2004-10-01T00:00:00Z,-121.364,38.3729
383729N1213638W001,1405791,2003-04-09T00:00:00Z,45.92,45.92,0,84.2,-38.28,84.2,84.2,NA,Unknown,Water level accuracy is unknown,1,Department of Water Resources,NA,1,Department of Water Resources,NA,NA,5606,06N06E18F001M,06N06E18F001M,Unknown,Unknown,5-021.65,South American,Sacramento,314,Irrigation,Single Well,24,1990-03-14 - 2017-03-01,102,spring,NA,NA,71.1,107,2002,9.32,4.57,14.6,6.35,Dry,SAC,2002-10-01T00:00:00Z,2003-10-01T00:00:00Z,-121.364,38.3729
383729N1213638W001,1405790,2002-11-14T00:00:00Z,45.92,45.92,0,89.6,-43.68,89.6,89.6,NA,Unknown,Water level accuracy is unknown,1,Department of Water Resources,NA,1,Department of Water Resources,NA,NA,5606,06N06E18F001M,06N06E18F001M,Unknown,Unknown,5-021.65,South American,Sacramento,314,Irrigation,Single Well,24,1990-03-14 - 2017-03-01,102,fall,75.4,115.1,NA,NA,2002,9.32,4.57,14.6,6.35,Dry,SAC,2002-10-01T00:00:00Z,2003-10-01T00:00:00Z,-121.364,38.3729
383729N1213638W001,1405789,2002-04-17T00:00:00Z,45.92,45.92,0,82.3,-36.38,82.3,82.3,NA,Unknown,Water level accuracy is unknown,1,Department of Water Resources,NA,1,Department of Water Resources,NA,NA,5606,06N06E18F001M,06N06E18F001M,Unknown,Unknown,5-021.65,South American,Sacramento,314,Irrigation,Single Well,24,1990-03-14 - 2017-03-01,102,spring,NA,NA,71.1,107,2001,5.64,3.46,9.81,5.76,Dry,SAC,2001-10-01T00:00:00Z,2002-10-01T00:00:00Z,-121.364,38.3729
383729N1213638W001,1405788,2001-10-22T00:00:00Z,45.92,45.92,0,88.7,-42.78,88.7,88.7,NA,Unknown,Water level accuracy is unknown,1,Department of Water Resources,NA,1,Department of Water Resources,NA,NA,5606,06N06E18F001M,06N06E18F001M,Unknown,Unknown,5-021.65,South American,Sacramento,314,Irrigation,Single Well,24,1990-03-14 - 2017-03-01,102,fall,75.4,115.1,NA,NA,2001,5.64,3.46,9.81,5.76,Dry,SAC,2001-10-01T00:00:00Z,2002-10-01T00:00:00Z,-121.364,38.3729
383729N1213638W001,1405787,2001-04-09T00:00:00Z,45.92,45.92,0,84.8,-38.88,84.8,84.8,NA,Unknown,Water level accuracy is unknown,1,Department of Water Resources,NA,1,Department of Water Resources,NA,NA,5606,06N06E18F001M,06N06E18F001M,Unknown,Unknown,5-021.65,South American,Sacramento,314,Irrigation,Single Well,24,1990-03-14 - 2017-03-01,102,spring,NA,NA,71.1,107,2000,12.06,5.96,18.9,8.94,Above Normal,SAC,2000-10-01T00:00:00Z,2001-10-01T00:00:00Z,-121.364,38.3729
383729N1213638W001,1405792,2000-10-09T00:00:00Z,45.92,45.92,0,87.5,-41.58,87.5,87.5,NA,Unknown,Water level accuracy is unknown,1,Department of Water Resources,NA,1,Department of Water Resources,NA,NA,5606,06N06E18F001M,06N06E18F001M,Unknown,Unknown,5-021.65,South American,Sacramento,314,Irrigation,Single Well,24,1990-03-14 - 2017-03-01,102,fall,75.4,115.1,NA,NA,2000,12.06,5.96,18.9,8.94,Above Normal,SAC,2000-10-01T00:00:00Z,2001-10-01T00:00:00Z,-121.364,38.3729
383729N1213638W001,1405781,2000-04-24T00:00:00Z,45.92,45.92,0,80.3,-34.38,80.3,80.3,NA,Unknown,Water level accuracy is unknown,1,Department of Water Resources,NA,1,Department of Water Resources,NA,NA,5606,06N06E18F001M,06N06E18F001M,Unknown,Unknown,5-021.65,South American,Sacramento,314,Irrigation,Single Well,24,1990-03-14 - 2017-03-01,102,spring,NA,NA,71.1,107,1999,12.97,7.26,21.19,9.8,Wet,SAC,1999-10-01T00:00:00Z,2000-10-01T00:00:00Z,-121.364,38.3729
383729N1213638W001,1405786,1999-03-26T00:00:00Z,45.92,45.92,0,90.7,-44.78,90.7,90.7,NA,Unknown,Water level accuracy is unknown,1,Department of Water Resources,NA,624,Bureau of Reclamation,NA,NA,5606,06N06E18F001M,06N06E18F001M,Unknown,Unknown,5-021.65,South American,Sacramento,314,Irrigation,Single Well,24,1990-03-14 - 2017-03-01,102,spring,NA,NA,71.1,107,1998,17.65,12.54,31.4,13.31,Wet,SAC,1998-10-01T00:00:00Z,1999-10-01T00:00:00Z,-121.364,38.3729
383729N1213638W001,1405784,1998-04-30T00:00:00Z,45.92,45.92,0,91.4,-45.48,91.4,91.4,NA,Unknown,Water level accuracy is unknown,1,Department of Water Resources,NA,624,Bureau of Reclamation,NA,NA,5606,06N06E18F001M,06N06E18F001M,Unknown,Unknown,5-021.65,South American,Sacramento,314,Irrigation,Single Well,24,1990-03-14 - 2017-03-01,102,spring,NA,NA,71.1,107,1997,20.22,4.39,25.42,10.82,Wet,SAC,1997-10-01T00:00:00Z,1998-10-01T00:00:00Z,-121.364,38.3729
383729N1213638W001,1405783,1997-11-04T00:00:00Z,45.92,45.92,0,97.9,-51.98,97.9,97.9,NA,Unknown,Water level accuracy is unknown,1,Department of Water Resources,NA,624,Bureau of Reclamation,NA,NA,5606,06N06E18F001M,06N06E18F001M,Unknown,Unknown,5-021.65,South American,Sacramento,314,Irrigation,Single Well,24,1990-03-14 - 2017-03-01,102,fall,75.4,115.1,NA,NA,1997,20.22,4.39,25.42,10.82,Wet,SAC,1997-10-01T00:00:00Z,1998-10-01T00:00:00Z,-121.364,38.3729
383729N1213638W001,1405782,1997-03-10T00:00:00Z,45.92,45.92,0,100.5,-54.58,100.5,100.5,NA,Unknown,Water level accuracy is unknown,1,Department of Water Resources,NA,624,Bureau of Reclamation,NA,NA,5606,06N06E18F001M,06N06E18F001M,Unknown,Unknown,5-021.65,South American,Sacramento,314,Irrigation,Single Well,24,1990-03-14 - 2017-03-01,102,spring,NA,NA,71.1,107,1996,13.05,8.37,22.29,10.26,Wet,SAC,1996-10-01T00:00:00Z,1997-10-01T00:00:00Z,-121.364,38.3729
383729N1213638W001,1405780,1996-11-05T00:00:00Z,45.92,45.92,0,97.8,-51.88,97.8,97.8,NA,Unknown,Water level accuracy is unknown,1,Department of Water Resources,NA,624,Bureau of Reclamation,NA,NA,5606,06N06E18F001M,06N06E18F001M,Unknown,Unknown,5-021.65,South American,Sacramento,314,Irrigation,Single Well,24,1990-03-14 - 2017-03-01,102,fall,75.4,115.1,NA,NA,1996,13.05,8.37,22.29,10.26,Wet,SAC,1996-10-01T00:00:00Z,1997-10-01T00:00:00Z,-121.364,38.3729
383729N1213638W001,1405779,1996-03-26T00:00:00Z,45.92,45.92,0,103.3,-57.38,103.3,103.3,NA,Unknown,Water level accuracy is unknown,1,Department of Water Resources,NA,624,Bureau of Reclamation,NA,NA,5606,06N06E18F001M,06N06E18F001M,Unknown,Unknown,5-021.65,South American,Sacramento,314,Irrigation,Single Well,24,1990-03-14 - 2017-03-01,102,spring,NA,NA,71.1,107,1995,19.83,13.6,34.55,12.89,Wet,SAC,1995-10-01T00:00:00Z,1996-10-01T00:00:00Z,-121.364,38.3729
383729N1213638W001,1405778,1995-10-13T00:00:00Z,45.92,45.92,0,103.1,-57.18,103.1,103.1,NA,Unknown,Water level accuracy is unknown,1,Department of Water Resources,NA,624,Bureau of Reclamation,NA,NA,5606,06N06E18F001M,06N06E18F001M,Unknown,Unknown,5-021.65,South American,Sacramento,314,Irrigation,Single Well,24,1990-03-14 - 2017-03-01,102,fall,75.4,115.1,NA,NA,1995,19.83,13.6,34.55,12.89,Wet,SAC,1995-10-01T00:00:00Z,1996-10-01T00:00:00Z,-121.364,38.3729
383729N1213638W001,1405777,1995-04-07T00:00:00Z,45.92,45.92,0,99.4,-53.48,99.4,99.4,NA,Unknown,Water level accuracy is unknown,1,Department of Water Resources,NA,624,Bureau of Reclamation,NA,NA,5606,06N06E18F001M,06N06E18F001M,Unknown,Unknown,5-021.65,South American,Sacramento,314,Irrigation,Single Well,24,1990-03-14 - 2017-03-01,102,spring,NA,NA,71.1,107,1994,4.55,2.73,7.81,5.02,Critical,SAC,1994-10-01T00:00:00Z,1995-10-01T00:00:00Z,-121.364,38.3729
383729N1213638W001,1405776,1994-10-12T00:00:00Z,45.92,45.92,0,113.3,-67.38,113.3,113.3,NA,Unknown,Water level accuracy is unknown,1,Department of Water Resources,NA,624,Bureau of Reclamation,NA,NA,5606,06N06E18F001M,06N06E18F001M,Unknown,Unknown,5-021.65,South American,Sacramento,314,Irrigation,Single Well,24,1990-03-14 - 2017-03-01,102,fall,75.4,115.1,NA,NA,1994,4.55,2.73,7.81,5.02,Critical,SAC,1994-10-01T00:00:00Z,1995-10-01T00:00:00Z,-121.364,38.3729
383729N1213638W001,1405775,1994-03-10T00:00:00Z,45.92,45.92,0,107,-61.08,107,107,NA,Unknown,Water level accuracy is unknown,1,Department of Water Resources,NA,624,Bureau of Reclamation,NA,NA,5606,06N06E18F001M,06N06E18F001M,Unknown,Unknown,5-021.65,South American,Sacramento,314,Irrigation,Single Well,24,1990-03-14 - 2017-03-01,102,spring,NA,NA,71.1,107,1993,12.44,8.98,22.21,8.54,Above Normal,SAC,1993-10-01T00:00:00Z,1994-10-01T00:00:00Z,-121.364,38.3729
383729N1213638W001,1405774,1993-10-25T00:00:00Z,45.92,45.92,0,107.5,-61.58,107.5,107.5,NA,Unknown,Water level accuracy is unknown,1,Department of Water Resources,NA,624,Bureau of Reclamation,NA,NA,5606,06N06E18F001M,06N06E18F001M,Unknown,Unknown,5-021.65,South American,Sacramento,314,Irrigation,Single Well,24,1990-03-14 - 2017-03-01,102,fall,75.4,115.1,NA,NA,1993,12.44,8.98,22.21,8.54,Above Normal,SAC,1993-10-01T00:00:00Z,1994-10-01T00:00:00Z,-121.364,38.3729
383729N1213638W001,1405773,1993-04-01T00:00:00Z,45.92,45.92,0,103.9,-57.98,103.9,103.9,NA,Unknown,Water level accuracy is unknown,1,Department of Water Resources,NA,624,Bureau of Reclamation,NA,NA,5606,06N06E18F001M,06N06E18F001M,Unknown,Unknown,5-021.65,South American,Sacramento,314,Irrigation,Single Well,24,1990-03-14 - 2017-03-01,102,spring,NA,NA,71.1,107,1992,5.41,2.93,8.87,4.06,Critical,SAC,1992-10-01T00:00:00Z,1993-10-01T00:00:00Z,-121.364,38.3729
383729N1213638W001,1405772,1992-09-30T00:00:00Z,45.92,45.92,0,115.1,-69.18,115.1,115.1,NA,Unknown,Water level accuracy is unknown,1,Department of Water Resources,NA,624,Bureau of Reclamation,NA,NA,5606,06N06E18F001M,06N06E18F001M,Unknown,Unknown,5-021.65,South American,Sacramento,314,Irrigation,Single Well,24,1990-03-14 - 2017-03-01,102,fall,75.4,115.1,NA,NA,1991,3.9,4.01,8.44,4.21,Critical,SAC,1991-10-01T00:00:00Z,1992-10-01T00:00:00Z,-121.364,38.3729
383729N1213638W001,1405771,1992-03-25T00:00:00Z,45.92,45.92,0,102.5,-56.58,102.5,102.5,NA,Unknown,Water level accuracy is unknown,1,Department of Water Resources,NA,624,Bureau of Reclamation,NA,NA,5606,06N06E18F001M,06N06E18F001M,Unknown,Unknown,5-021.65,South American,Sacramento,314,Irrigation,Single Well,24,1990-03-14 - 2017-03-01,102,spring,NA,NA,71.1,107,1991,3.9,4.01,8.44,4.21,Critical,SAC,1991-10-01T00:00:00Z,1992-10-01T00:00:00Z,-121.364,38.3729
383729N1213638W001,1405770,1991-10-02T00:00:00Z,45.92,45.92,0,110.7,-64.78,110.7,110.7,NA,Unknown,Water level accuracy is unknown,1,Department of Water Resources,NA,624,Bureau of Reclamation,NA,NA,5606,06N06E18F001M,06N06E18F001M,Unknown,Unknown,5-021.65,South American,Sacramento,314,Irrigation,Single Well,24,1990-03-14 - 2017-03-01,102,fall,75.4,115.1,NA,NA,1991,3.9,4.01,8.44,4.21,Critical,SAC,1991-10-01T00:00:00Z,1992-10-01T00:00:00Z,-121.364,38.3729
383729N1213638W001,1405769,1991-02-21T00:00:00Z,45.92,45.92,0,100.1,-54.18,100.1,100.1,NA,Unknown,Water level accuracy is unknown,1,Department of Water Resources,NA,624,Bureau of Reclamation,NA,NA,5606,06N06E18F001M,06N06E18F001M,Unknown,Unknown,5-021.65,South American,Sacramento,314,Irrigation,Single Well,24,1990-03-14 - 2017-03-01,102,other,NA,NA,NA,NA,1990,4.94,3.72,9.26,4.81,Critical,SAC,1990-10-01T00:00:00Z,1991-10-01T00:00:00Z,-121.364,38.3729
383729N1213638W001,1405768,1990-09-25T00:00:00Z,45.92,45.92,0,107.4,-61.48,107.4,107.4,NA,Unknown,Water level accuracy is unknown,1,Department of Water Resources,NA,624,Bureau of Reclamation,NA,NA,5606,06N06E18F001M,06N06E18F001M,Unknown,Unknown,5-021.65,South American,Sacramento,314,Irrigation,Single Well,24,1990-03-14 - 2017-03-01,102,fall,75.4,115.1,NA,NA,1989,9.03,5.07,14.82,6.13,Dry,SAC,1989-10-01T00:00:00Z,1990-10-01T00:00:00Z,-121.364,38.3729
383729N1213638W001,1405767,1990-03-14T00:00:00Z,45.92,45.92,0,95.4,-49.48,95.4,95.4,NA,Unknown,Water level accuracy is unknown,1,Department of Water Resources,NA,624,Bureau of Reclamation,NA,NA,5606,06N06E18F001M,06N06E18F001M,Unknown,Unknown,5-021.65,South American,Sacramento,314,Irrigation,Single Well,24,1990-03-14 - 2017-03-01,102,spring,NA,NA,71.1,107,1989,9.03,5.07,14.82,6.13,Dry,SAC,1989-10-01T00:00:00Z,1990-10-01T00:00:00Z,-121.364,38.3729
