SITE_CODE,WLM_ID,MSMT_DATE,WLM_RPE,WLM_GSE,RDNG_WS,RDNG_RP,WSE,RPE_WSE,GSE_WSE,WLM_QA_DESC,WLM_DESC,WLM_ACC_DESC,WLM_ORG_ID,WLM_ORG_NAME,MSMT_CMT,COOP_AGENCY_ORG_ID,COOP_ORG_NAME,TOP_PRF,BOT_PRF,STN_ID,SWN,WELL_NAME,WLM_METHOD,WLM_ACC,BASIN_CODE,BASIN_NAME,COUNTY_NAME,WELL_DEPTH,WELL_USE,WELL_TYPE,WCR_NO,t_range,n_samples,season,fall_high,fall_low,spring_high,spring_low,water_year,Oct.Mar,Apr.Jul,WYsum,Index,water_year_type,region,water_year_start,water_year_end,X,Y
383764N1214303W001,1403571,1994-10-05T00:00:00Z,25.43,24.43,0,93.8,-68.37,93.8,92.8,NA,Unknown,Water level accuracy is unknown,1,Department of Water Resources,NA,624,Bureau of Reclamation,NA,NA,7155,06N05E16A001M,NA,Unknown,Unknown,5-021.65,South American,Sacramento,NA,Irrigation,Unknown,NA,1990-03-14 - 1999-03-30,19,fall,90.6,99.8,NA,NA,1995,19.83,13.6,34.55,12.89,Wet,SAC,1994-10-01T00:00:00Z,1995-10-01T00:00:00Z,-121.43,38.3764
383764N1214303W001,1403570,1994-03-10T00:00:00Z,25.43,24.43,0,86.9,-61.47,86.9,85.9,NA,Unknown,Water level accuracy is unknown,1,Department of Water Resources,NA,624,Bureau of Reclamation,NA,NA,7155,06N05E16A001M,NA,Unknown,Unknown,5-021.65,South American,Sacramento,NA,Irrigation,Unknown,NA,1990-03-14 - 1999-03-30,19,spring,NA,NA,85.9,85.9,1994,4.55,2.73,7.81,5.02,Critical,SAC,1993-10-01T00:00:00Z,1994-10-01T00:00:00Z,-121.43,38.3764
383764N1214303W001,1403569,1993-10-21T00:00:00Z,25.43,24.43,0,91.6,-66.17,91.6,90.6,NA,Unknown,Water level accuracy is unknown,1,Department of Water Resources,NA,624,Bureau of Reclamation,NA,NA,7155,06N05E16A001M,NA,Unknown,Unknown,5-021.65,South American,Sacramento,NA,Irrigation,Unknown,NA,1990-03-14 - 1999-03-30,19,fall,90.6,99.8,NA,NA,1994,4.55,2.73,7.81,5.02,Critical,SAC,1993-10-01T00:00:00Z,1994-10-01T00:00:00Z,-121.43,38.3764
383764N1214303W001,1403567,1992-10-08T00:00:00Z,25.43,24.43,0,93.5,-68.07,93.5,92.5,NA,Unknown,Water level accuracy is unknown,1,Department of Water Resources,NA,624,Bureau of Reclamation,NA,NA,7155,06N05E16A001M,NA,Unknown,Unknown,5-021.65,South American,Sacramento,NA,Irrigation,Unknown,NA,1990-03-14 - 1999-03-30,19,fall,90.6,99.8,NA,NA,1993,12.44,8.98,22.21,8.54,Above Normal,SAC,1992-10-01T00:00:00Z,1993-10-01T00:00:00Z,-121.43,38.3764
383764N1214303W001,1403565,1991-10-11T00:00:00Z,25.43,24.43,0,100.8,-75.37,100.8,99.8,NA,Unknown,Water level accuracy is unknown,1,Department of Water Resources,NA,624,Bureau of Reclamation,NA,NA,7155,06N05E16A001M,NA,Unknown,Unknown,5-021.65,South American,Sacramento,NA,Irrigation,Unknown,NA,1990-03-14 - 1999-03-30,19,fall,90.6,99.8,NA,NA,1992,5.41,2.93,8.87,4.06,Critical,SAC,1991-10-01T00:00:00Z,1992-10-01T00:00:00Z,-121.43,38.3764
