STN_ID.x,SITE_CODE,WLM_ID,MSMT_DATE,WLM_RPE,WLM_GSE,RDNG_WS,RDNG_RP,WSE,RPE_WSE,GSE_WSE,WLM_QA_DESC,WLM_DESC,WLM_ACC_DESC,WLM_ORG_ID,WLM_ORG_NAME,MSMT_CMT,COOP_AGENCY_ORG_ID,COOP_ORG_NAME,STN_ID.y,TOP_PRF,BOT_PRF,STN_ID,SWN,WELL_NAME,WLM_METHOD,WLM_ACC,BASIN_CODE,BASIN_NAME,COUNTY_NAME,WELL_DEPTH,WELL_USE,WELL_TYPE,WCR_NO,t_range,n_samples
7153,383945N1214450W001,1403438,1998-11-10T00:00:00Z,24.03,22.93,0,69.1,-45.07,69.1,68,NA,Unknown,Water level accuracy is unknown,1,Department of Water Resources,NA,624,Bureau of Reclamation,NA,NA,NA,7153,06N05E04N002M,NA,Unknown,Unknown,5-021.65,South American,Sacramento,223,Residential,Unknown,NA,1990-03-13 - 1999-03-30,19
7153,383945N1214450W001,1403437,1998-04-24T00:00:00Z,24.03,22.93,0,66.8,-42.77,66.8,65.7,NA,Unknown,Water level accuracy is unknown,1,Department of Water Resources,NA,624,Bureau of Reclamation,NA,NA,NA,7153,06N05E04N002M,NA,Unknown,Unknown,5-021.65,South American,Sacramento,223,Residential,Unknown,NA,1990-03-13 - 1999-03-30,19
7153,383945N1214450W001,1403436,1997-10-31T00:00:00Z,24.03,22.93,0,90.3,-66.27,90.3,89.2,NA,Unknown,Water level accuracy is unknown,1,Department of Water Resources,NA,624,Bureau of Reclamation,NA,NA,NA,7153,06N05E04N002M,NA,Unknown,Unknown,5-021.65,South American,Sacramento,223,Residential,Unknown,NA,1990-03-13 - 1999-03-30,19
7153,383945N1214450W001,1403430,1994-10-05T00:00:00Z,24.03,22.93,0,79.7,-55.67,79.7,78.6,NA,Unknown,Water level accuracy is unknown,1,Department of Water Resources,NA,624,Bureau of Reclamation,NA,NA,NA,7153,06N05E04N002M,NA,Unknown,Unknown,5-021.65,South American,Sacramento,223,Residential,Unknown,NA,1990-03-13 - 1999-03-30,19
7153,383945N1214450W001,1403426,1992-10-08T00:00:00Z,24.03,22.93,0,82.5,-58.47,82.5,81.4,NA,Unknown,Water level accuracy is unknown,1,Department of Water Resources,NA,624,Bureau of Reclamation,NA,NA,NA,7153,06N05E04N002M,NA,Unknown,Unknown,5-021.65,South American,Sacramento,223,Residential,Unknown,NA,1990-03-13 - 1999-03-30,19
7153,383945N1214450W001,1403424,1991-10-02T00:00:00Z,24.03,22.93,0,80.7,-56.67,80.7,79.6,NA,Unknown,Water level accuracy is unknown,1,Department of Water Resources,NA,624,Bureau of Reclamation,NA,NA,NA,7153,06N05E04N002M,NA,Unknown,Unknown,5-021.65,South American,Sacramento,223,Residential,Unknown,NA,1990-03-13 - 1999-03-30,19
7153,383945N1214450W001,1403423,1991-02-21T00:00:00Z,24.03,22.93,0,77.4,-53.37,77.4,76.3,Pumped recently,Unknown,Water level accuracy is unknown,1,Department of Water Resources,NA,624,Bureau of Reclamation,NA,NA,NA,7153,06N05E04N002M,NA,Unknown,Unknown,5-021.65,South American,Sacramento,223,Residential,Unknown,NA,1990-03-13 - 1999-03-30,19
7153,383945N1214450W001,1403421,1990-03-13T00:00:00Z,24.03,22.93,0,77.3,-53.27,77.3,76.2,Casing leaking or wet,Unknown,Water level accuracy is unknown,1,Department of Water Resources,NA,624,Bureau of Reclamation,NA,NA,NA,7153,06N05E04N002M,NA,Unknown,Unknown,5-021.65,South American,Sacramento,223,Residential,Unknown,NA,1990-03-13 - 1999-03-30,19
