SITE_CODE,WLM_ID,MSMT_DATE,WLM_RPE,WLM_GSE,RDNG_WS,RDNG_RP,WSE,RPE_WSE,GSE_WSE,WLM_QA_DESC,WLM_DESC,WLM_ACC_DESC,WLM_ORG_ID,WLM_ORG_NAME,MSMT_CMT,COOP_AGENCY_ORG_ID,COOP_ORG_NAME,TOP_PRF,BOT_PRF,STN_ID,SWN,WELL_NAME,WLM_METHOD,WLM_ACC,BASIN_CODE,BASIN_NAME,COUNTY_NAME,WELL_DEPTH,WELL_USE,WELL_TYPE,WCR_NO,t_range,n_samples,season,fall_high,fall_low,spring_high,spring_low,water_year,Oct.Mar,Apr.Jul,WYsum,Index,water_year_type,region,water_year_start,water_year_end,X,Y
384130N1213183W001,1444511,1991-03-15T00:00:00Z,65.88,65.38,0,95.5,-29.62,95.5,95,NA,Unknown,Water level accuracy is unknown,1,Department of Water Resources,WET,1,Department of Water Resources,NA,NA,4783,07N06E33J001M,NA,Unknown,Unknown,5-021.65,South American,Sacramento,110,Residential,Unknown,NA,1966-03-21 - 1994-11-29,53,spring,NA,NA,63,95,1991,3.9,4.01,8.44,4.21,Critical,SAC,1990-10-01T00:00:00Z,1991-10-01T00:00:00Z,-121.318,38.413
384130N1213183W001,1444510,1990-10-10T00:00:00Z,65.88,65.38,0,99.8,-33.92,99.8,99.3,Casing leaking or wet,Unknown,Water level accuracy is unknown,1,Department of Water Resources,NA,1,Department of Water Resources,NA,NA,4783,07N06E33J001M,NA,Unknown,Unknown,5-021.65,South American,Sacramento,110,Residential,Unknown,NA,1966-03-21 - 1994-11-29,53,fall,73.7,99.6,NA,NA,1991,3.9,4.01,8.44,4.21,Critical,SAC,1990-10-01T00:00:00Z,1991-10-01T00:00:00Z,-121.318,38.413
384130N1213183W001,1444509,1990-03-22T00:00:00Z,65.88,65.38,0,90.1,-24.22,90.1,89.6,NA,Unknown,Water level accuracy is unknown,1,Department of Water Resources,NA,1,Department of Water Resources,NA,NA,4783,07N06E33J001M,NA,Unknown,Unknown,5-021.65,South American,Sacramento,110,Residential,Unknown,NA,1966-03-21 - 1994-11-29,53,spring,NA,NA,63,95,1990,4.94,3.72,9.26,4.81,Critical,SAC,1989-10-01T00:00:00Z,1990-10-01T00:00:00Z,-121.318,38.413
384130N1213183W001,1444508,1989-10-07T00:00:00Z,65.88,65.38,0,93.7,-27.82,93.7,93.2,NA,Unknown,Water level accuracy is unknown,1,Department of Water Resources,NA,1,Department of Water Resources,NA,NA,4783,07N06E33J001M,NA,Unknown,Unknown,5-021.65,South American,Sacramento,110,Residential,Unknown,NA,1966-03-21 - 1994-11-29,53,fall,73.7,99.6,NA,NA,1990,4.94,3.72,9.26,4.81,Critical,SAC,1989-10-01T00:00:00Z,1990-10-01T00:00:00Z,-121.318,38.413
384130N1213183W001,1444507,1989-03-07T00:00:00Z,65.88,65.38,0,89.9,-24.02,89.9,89.4,NA,Unknown,Water level accuracy is unknown,1,Department of Water Resources,NA,1,Department of Water Resources,NA,NA,4783,07N06E33J001M,NA,Unknown,Unknown,5-021.65,South American,Sacramento,110,Residential,Unknown,NA,1966-03-21 - 1994-11-29,53,spring,NA,NA,63,95,1989,9.03,5.07,14.82,6.13,Dry,SAC,1988-10-01T00:00:00Z,1989-10-01T00:00:00Z,-121.318,38.413
384130N1213183W001,1444506,1988-10-14T00:00:00Z,65.88,65.38,0,93.3,-27.42,93.3,92.8,NA,Unknown,Water level accuracy is unknown,1,Department of Water Resources,NA,1,Department of Water Resources,NA,NA,4783,07N06E33J001M,NA,Unknown,Unknown,5-021.65,South American,Sacramento,110,Residential,Unknown,NA,1966-03-21 - 1994-11-29,53,fall,73.7,99.6,NA,NA,1989,9.03,5.07,14.82,6.13,Dry,SAC,1988-10-01T00:00:00Z,1989-10-01T00:00:00Z,-121.318,38.413
384130N1213183W001,1444505,1988-03-14T00:00:00Z,65.88,65.38,0,83.7,-17.82,83.7,83.2,NA,Unknown,Water level accuracy is unknown,1,Department of Water Resources,NA,1,Department of Water Resources,NA,NA,4783,07N06E33J001M,NA,Unknown,Unknown,5-021.65,South American,Sacramento,110,Residential,Unknown,NA,1966-03-21 - 1994-11-29,53,spring,NA,NA,63,95,1988,5.78,2.9,9.23,4.65,Critical,SAC,1987-10-01T00:00:00Z,1988-10-01T00:00:00Z,-121.318,38.413
384130N1213183W001,1444504,1987-10-19T00:00:00Z,65.88,65.38,0,89.6,-23.72,89.6,89.1,NA,Unknown,Water level accuracy is unknown,1,Department of Water Resources,NA,1,Department of Water Resources,NA,NA,4783,07N06E33J001M,NA,Unknown,Unknown,5-021.65,South American,Sacramento,110,Residential,Unknown,NA,1966-03-21 - 1994-11-29,53,fall,73.7,99.6,NA,NA,1988,5.78,2.9,9.23,4.65,Critical,SAC,1987-10-01T00:00:00Z,1988-10-01T00:00:00Z,-121.318,38.413
384130N1213183W001,1444503,1987-03-17T00:00:00Z,65.88,65.38,0,77.5,-11.62,77.5,77,NA,Unknown,Water level accuracy is unknown,1,Department of Water Resources,NA,1,Department of Water Resources,NA,NA,4783,07N06E33J001M,NA,Unknown,Unknown,5-021.65,South American,Sacramento,110,Residential,Unknown,NA,1966-03-21 - 1994-11-29,53,spring,NA,NA,63,95,1987,5.85,2.8,9.27,5.86,Dry,SAC,1986-10-01T00:00:00Z,1987-10-01T00:00:00Z,-121.318,38.413
384130N1213183W001,1444502,1986-10-20T00:00:00Z,65.88,65.38,0,80.1,-14.22,80.1,79.6,NA,Unknown,Water level accuracy is unknown,1,Department of Water Resources,NA,1,Department of Water Resources,NA,NA,4783,07N06E33J001M,NA,Unknown,Unknown,5-021.65,South American,Sacramento,110,Residential,Unknown,NA,1966-03-21 - 1994-11-29,53,fall,73.7,99.6,NA,NA,1987,5.85,2.8,9.27,5.86,Dry,SAC,1986-10-01T00:00:00Z,1987-10-01T00:00:00Z,-121.318,38.413
384130N1213183W001,1444501,1986-03-18T00:00:00Z,65.88,65.38,0,76.3,-10.42,76.3,75.8,NA,Unknown,Water level accuracy is unknown,1,Department of Water Resources,NA,1,Department of Water Resources,NA,NA,4783,07N06E33J001M,NA,Unknown,Unknown,5-021.65,South American,Sacramento,110,Residential,Unknown,NA,1966-03-21 - 1994-11-29,53,spring,NA,NA,63,95,1986,19.45,5.45,25.83,9.96,Wet,SAC,1985-10-01T00:00:00Z,1986-10-01T00:00:00Z,-121.318,38.413
384130N1213183W001,1444500,1985-10-15T00:00:00Z,65.88,65.38,0,88.7,-22.82,88.7,88.2,NA,Unknown,Water level accuracy is unknown,1,Department of Water Resources,NA,1,Department of Water Resources,NA,NA,4783,07N06E33J001M,NA,Unknown,Unknown,5-021.65,South American,Sacramento,110,Residential,Unknown,NA,1966-03-21 - 1994-11-29,53,fall,73.7,99.6,NA,NA,1986,19.45,5.45,25.83,9.96,Wet,SAC,1985-10-01T00:00:00Z,1986-10-01T00:00:00Z,-121.318,38.413
384130N1213183W001,1444499,1985-03-22T00:00:00Z,65.88,65.38,0,75.1,-9.22,75.1,74.6,NA,Unknown,Water level accuracy is unknown,1,Department of Water Resources,NA,1,Department of Water Resources,NA,NA,4783,07N06E33J001M,NA,Unknown,Unknown,5-021.65,South American,Sacramento,110,Residential,Unknown,NA,1966-03-21 - 1994-11-29,53,spring,NA,NA,63,95,1985,6.24,4,11.04,6.47,Dry,SAC,1984-10-01T00:00:00Z,1985-10-01T00:00:00Z,-121.318,38.413
384130N1213183W001,1444498,1984-04-05T00:00:00Z,65.88,65.38,0,67.9,-2.02,67.9,67.4,NA,Unknown,Water level accuracy is unknown,1,Department of Water Resources,NA,1,Department of Water Resources,NA,NA,4783,07N06E33J001M,NA,Unknown,Unknown,5-021.65,South American,Sacramento,110,Residential,Unknown,NA,1966-03-21 - 1994-11-29,53,spring,NA,NA,63,95,1984,15.98,5.52,22.35,10,Wet,SAC,1983-10-01T00:00:00Z,1984-10-01T00:00:00Z,-121.318,38.413
384130N1213183W001,1444497,1983-04-25T00:00:00Z,65.88,65.38,0,68.8,-2.92,68.8,68.3,NA,Unknown,Water level accuracy is unknown,1,Department of Water Resources,NA,1,Department of Water Resources,NA,NA,4783,07N06E33J001M,NA,Unknown,Unknown,5-021.65,South American,Sacramento,110,Residential,Unknown,NA,1966-03-21 - 1994-11-29,53,spring,NA,NA,63,95,1983,22.75,13.66,37.68,15.29,Wet,SAC,1982-10-01T00:00:00Z,1983-10-01T00:00:00Z,-121.318,38.413
384130N1213183W001,1444496,1982-11-05T00:00:00Z,65.88,65.38,0,85.8,-19.92,85.8,85.3,NA,Unknown,Water level accuracy is unknown,1,Department of Water Resources,NA,1,Department of Water Resources,NA,NA,4783,07N06E33J001M,NA,Unknown,Unknown,5-021.65,South American,Sacramento,110,Residential,Unknown,NA,1966-03-21 - 1994-11-29,53,fall,73.7,99.6,NA,NA,1983,22.75,13.66,37.68,15.29,Wet,SAC,1982-10-01T00:00:00Z,1983-10-01T00:00:00Z,-121.318,38.413
384130N1213183W001,1444495,1982-04-26T00:00:00Z,65.88,65.38,0,79.7,-13.82,79.7,79.2,NA,Unknown,Water level accuracy is unknown,1,Department of Water Resources,NA,1,Department of Water Resources,NA,NA,4783,07N06E33J001M,NA,Unknown,Unknown,5-021.65,South American,Sacramento,110,Residential,Unknown,NA,1966-03-21 - 1994-11-29,53,spring,NA,NA,63,95,1982,20.56,11.82,33.41,12.76,Wet,SAC,1981-10-01T00:00:00Z,1982-10-01T00:00:00Z,-121.318,38.413
384130N1213183W001,1444494,1981-10-21T00:00:00Z,65.88,65.38,0,96,-30.12,96,95.5,NA,Unknown,Water level accuracy is unknown,1,Department of Water Resources,NA,1,Department of Water Resources,NA,NA,4783,07N06E33J001M,NA,Unknown,Unknown,5-021.65,South American,Sacramento,110,Residential,Unknown,NA,1966-03-21 - 1994-11-29,53,fall,73.7,99.6,NA,NA,1982,20.56,11.82,33.41,12.76,Wet,SAC,1981-10-01T00:00:00Z,1982-10-01T00:00:00Z,-121.318,38.413
384130N1213183W001,1444493,1981-03-30T00:00:00Z,65.88,65.38,0,85.6,-19.72,85.6,85.1,NA,Unknown,Water level accuracy is unknown,1,Department of Water Resources,NA,1,Department of Water Resources,NA,NA,4783,07N06E33J001M,NA,Unknown,Unknown,5-021.65,South American,Sacramento,110,Residential,Unknown,NA,1966-03-21 - 1994-11-29,53,spring,NA,NA,63,95,1981,6.81,3.63,11.1,6.21,Dry,SAC,1980-10-01T00:00:00Z,1981-10-01T00:00:00Z,-121.318,38.413
384130N1213183W001,1444492,1980-11-06T00:00:00Z,65.88,65.38,0,90.1,-24.22,90.1,89.6,NA,Unknown,Water level accuracy is unknown,1,Department of Water Resources,NA,1,Department of Water Resources,NA,NA,4783,07N06E33J001M,NA,Unknown,Unknown,5-021.65,South American,Sacramento,110,Residential,Unknown,NA,1966-03-21 - 1994-11-29,53,fall,73.7,99.6,NA,NA,1981,6.81,3.63,11.1,6.21,Dry,SAC,1980-10-01T00:00:00Z,1981-10-01T00:00:00Z,-121.318,38.413
384130N1213183W001,1444491,1980-04-10T00:00:00Z,65.88,65.38,0,81.8,-15.92,81.8,81.3,NA,Unknown,Water level accuracy is unknown,1,Department of Water Resources,NA,1,Department of Water Resources,NA,NA,4783,07N06E33J001M,NA,Unknown,Unknown,5-021.65,South American,Sacramento,110,Residential,Unknown,NA,1966-03-21 - 1994-11-29,53,spring,NA,NA,63,95,1980,15.49,6,22.33,9.04,Above Normal,SAC,1979-10-01T00:00:00Z,1980-10-01T00:00:00Z,-121.318,38.413
384130N1213183W001,1444490,1979-10-31T00:00:00Z,65.88,65.38,0,95.8,-29.92,95.8,95.3,NA,Unknown,Water level accuracy is unknown,1,Department of Water Resources,NA,1,Department of Water Resources,NA,NA,4783,07N06E33J001M,NA,Unknown,Unknown,5-021.65,South American,Sacramento,110,Residential,Unknown,NA,1966-03-21 - 1994-11-29,53,fall,73.7,99.6,NA,NA,1980,15.49,6,22.33,9.04,Above Normal,SAC,1979-10-01T00:00:00Z,1980-10-01T00:00:00Z,-121.318,38.413
384130N1213183W001,1444489,1979-03-23T00:00:00Z,65.88,65.38,0,90.3,-24.42,90.3,89.8,NA,Unknown,Water level accuracy is unknown,1,Department of Water Resources,NA,1,Department of Water Resources,NA,NA,4783,07N06E33J001M,NA,Unknown,Unknown,5-021.65,South American,Sacramento,110,Residential,Unknown,NA,1966-03-21 - 1994-11-29,53,spring,NA,NA,63,95,1979,6.06,5.64,12.41,6.67,Below Normal,SAC,1978-10-01T00:00:00Z,1979-10-01T00:00:00Z,-121.318,38.413
384130N1213183W001,1444488,1978-10-16T00:00:00Z,65.88,65.38,0,98.3,-32.42,98.3,97.8,NA,Unknown,Water level accuracy is unknown,1,Department of Water Resources,NA,1,Department of Water Resources,NA,NA,4783,07N06E33J001M,NA,Unknown,Unknown,5-021.65,South American,Sacramento,110,Residential,Unknown,NA,1966-03-21 - 1994-11-29,53,fall,73.7,99.6,NA,NA,1979,6.06,5.64,12.41,6.67,Below Normal,SAC,1978-10-01T00:00:00Z,1979-10-01T00:00:00Z,-121.318,38.413
384130N1213183W001,1444487,1978-03-21T00:00:00Z,65.88,65.38,0,94.8,-28.92,94.8,94.3,NA,Unknown,Water level accuracy is unknown,1,Department of Water Resources,NA,1,Department of Water Resources,NA,NA,4783,07N06E33J001M,NA,Unknown,Unknown,5-021.65,South American,Sacramento,110,Residential,Unknown,NA,1966-03-21 - 1994-11-29,53,spring,NA,NA,63,95,1978,14.9,8.12,23.92,8.65,Above Normal,SAC,1977-10-01T00:00:00Z,1978-10-01T00:00:00Z,-121.318,38.413
384130N1213183W001,1444486,1977-10-12T00:00:00Z,65.88,65.38,0,100.1,-34.22,100.1,99.6,Pumping,Unknown,Water level accuracy is unknown,1,Department of Water Resources,NA,1,Department of Water Resources,NA,NA,4783,07N06E33J001M,NA,Unknown,Unknown,5-021.65,South American,Sacramento,110,Residential,Unknown,NA,1966-03-21 - 1994-11-29,53,fall,73.7,99.6,NA,NA,1978,14.9,8.12,23.92,8.65,Above Normal,SAC,1977-10-01T00:00:00Z,1978-10-01T00:00:00Z,-121.318,38.413
384130N1213183W001,1444485,1977-03-07T00:00:00Z,65.88,65.38,0,89.8,-23.92,89.8,89.3,NA,Unknown,Water level accuracy is unknown,1,Department of Water Resources,NA,1,Department of Water Resources,NA,NA,4783,07N06E33J001M,NA,Unknown,Unknown,5-021.65,South American,Sacramento,110,Residential,Unknown,NA,1966-03-21 - 1994-11-29,53,spring,NA,NA,63,95,1977,2.49,1.93,5.12,3.11,Critical,SAC,1976-10-01T00:00:00Z,1977-10-01T00:00:00Z,-121.318,38.413
384130N1213183W001,1444484,1976-10-20T00:00:00Z,65.88,65.38,0,94.6,-28.72,94.6,94.1,NA,Unknown,Water level accuracy is unknown,1,Department of Water Resources,NA,1,Department of Water Resources,NA,NA,4783,07N06E33J001M,NA,Unknown,Unknown,5-021.65,South American,Sacramento,110,Residential,Unknown,NA,1966-03-21 - 1994-11-29,53,fall,73.7,99.6,NA,NA,1977,2.49,1.93,5.12,3.11,Critical,SAC,1976-10-01T00:00:00Z,1977-10-01T00:00:00Z,-121.318,38.413
384130N1213183W001,1444483,1976-03-22T00:00:00Z,65.88,65.38,0,84.9,-19.02,84.9,84.4,NA,Unknown,Water level accuracy is unknown,1,Department of Water Resources,NA,1,Department of Water Resources,NA,NA,4783,07N06E33J001M,NA,Unknown,Unknown,5-021.65,South American,Sacramento,110,Residential,Unknown,NA,1966-03-21 - 1994-11-29,53,spring,NA,NA,63,95,1976,4.63,2.75,8.2,5.29,Critical,SAC,1975-10-01T00:00:00Z,1976-10-01T00:00:00Z,-121.318,38.413
384130N1213183W001,1444482,1975-10-29T00:00:00Z,65.88,65.38,0,83,-17.12,83,82.5,NA,Unknown,Water level accuracy is unknown,1,Department of Water Resources,NA,1,Department of Water Resources,NA,NA,4783,07N06E33J001M,NA,Unknown,Unknown,5-021.65,South American,Sacramento,110,Residential,Unknown,NA,1966-03-21 - 1994-11-29,53,fall,73.7,99.6,NA,NA,1976,4.63,2.75,8.2,5.29,Critical,SAC,1975-10-01T00:00:00Z,1976-10-01T00:00:00Z,-121.318,38.413
384130N1213183W001,1444481,1975-04-10T00:00:00Z,65.88,65.38,0,74,-8.12,74,73.5,NA,Unknown,Water level accuracy is unknown,1,Department of Water Resources,NA,1,Department of Water Resources,NA,NA,4783,07N06E33J001M,NA,Unknown,Unknown,5-021.65,South American,Sacramento,110,Residential,Unknown,NA,1966-03-21 - 1994-11-29,53,spring,NA,NA,63,95,1975,9.24,8.95,19.23,9.35,Wet,SAC,1974-10-01T00:00:00Z,1975-10-01T00:00:00Z,-121.318,38.413
384130N1213183W001,1444480,1974-10-17T00:00:00Z,65.88,65.38,0,84.6,-18.72,84.6,84.1,NA,Unknown,Water level accuracy is unknown,1,Department of Water Resources,NA,1,Department of Water Resources,NA,NA,4783,07N06E33J001M,NA,Unknown,Unknown,5-021.65,South American,Sacramento,110,Residential,Unknown,NA,1966-03-21 - 1994-11-29,53,fall,73.7,99.6,NA,NA,1975,9.24,8.95,19.23,9.35,Wet,SAC,1974-10-01T00:00:00Z,1975-10-01T00:00:00Z,-121.318,38.413
384130N1213183W001,1444479,1974-05-07T00:00:00Z,65.88,65.38,0,69.8,-3.92,69.8,69.3,NA,Unknown,Water level accuracy is unknown,1,Department of Water Resources,NA,1,Department of Water Resources,NA,NA,4783,07N06E33J001M,NA,Unknown,Unknown,5-021.65,South American,Sacramento,110,Residential,Unknown,NA,1966-03-21 - 1994-11-29,53,spring,NA,NA,63,95,1974,21.69,9.78,32.5,12.99,Wet,SAC,1973-10-01T00:00:00Z,1974-10-01T00:00:00Z,-121.318,38.413
384130N1213183W001,1444478,1973-10-17T00:00:00Z,65.88,65.38,0,84,-18.12,84,83.5,NA,Unknown,Water level accuracy is unknown,1,Department of Water Resources,NA,1,Department of Water Resources,NA,NA,4783,07N06E33J001M,NA,Unknown,Unknown,5-021.65,South American,Sacramento,110,Residential,Unknown,NA,1966-03-21 - 1994-11-29,53,fall,73.7,99.6,NA,NA,1974,21.69,9.78,32.5,12.99,Wet,SAC,1973-10-01T00:00:00Z,1974-10-01T00:00:00Z,-121.318,38.413
384130N1213183W001,1444477,1973-03-23T00:00:00Z,65.88,65.38,0,72.2,-6.32,72.2,71.7,NA,Unknown,Water level accuracy is unknown,1,Department of Water Resources,NA,1,Department of Water Resources,NA,NA,4783,07N06E33J001M,NA,Unknown,Unknown,5-021.65,South American,Sacramento,110,Residential,Unknown,NA,1966-03-21 - 1994-11-29,53,spring,NA,NA,63,95,1973,12.8,6.38,20.05,8.58,Above Normal,SAC,1972-10-01T00:00:00Z,1973-10-01T00:00:00Z,-121.318,38.413
384130N1213183W001,1444476,1972-10-30T00:00:00Z,65.88,65.38,0,85.1,-19.22,85.1,84.6,NA,Unknown,Water level accuracy is unknown,1,Department of Water Resources,NA,1,Department of Water Resources,NA,NA,4783,07N06E33J001M,NA,Unknown,Unknown,5-021.65,South American,Sacramento,110,Residential,Unknown,NA,1966-03-21 - 1994-11-29,53,fall,73.7,99.6,NA,NA,1973,12.8,6.38,20.05,8.58,Above Normal,SAC,1972-10-01T00:00:00Z,1973-10-01T00:00:00Z,-121.318,38.413
384130N1213183W001,1444475,1972-03-10T00:00:00Z,65.88,65.38,0,73.8,-7.92,73.8,73.3,NA,Unknown,Water level accuracy is unknown,1,Department of Water Resources,NA,1,Department of Water Resources,NA,NA,4783,07N06E33J001M,NA,Unknown,Unknown,5-021.65,South American,Sacramento,110,Residential,Unknown,NA,1966-03-21 - 1994-11-29,53,spring,NA,NA,63,95,1972,7.61,5.02,13.43,7.29,Below Normal,SAC,1971-10-01T00:00:00Z,1972-10-01T00:00:00Z,-121.318,38.413
384130N1213183W001,1444474,1971-10-18T00:00:00Z,65.88,65.38,0,78.8,-12.92,78.8,78.3,NA,Unknown,Water level accuracy is unknown,1,Department of Water Resources,NA,1,Department of Water Resources,NA,NA,4783,07N06E33J001M,NA,Unknown,Unknown,5-021.65,South American,Sacramento,110,Residential,Unknown,NA,1966-03-21 - 1994-11-29,53,fall,73.7,99.6,NA,NA,1972,7.61,5.02,13.43,7.29,Below Normal,SAC,1971-10-01T00:00:00Z,1972-10-01T00:00:00Z,-121.318,38.413
384130N1213183W001,1444473,1971-03-19T00:00:00Z,65.88,65.38,0,68,-2.12,68,67.5,NA,Unknown,Water level accuracy is unknown,1,Department of Water Resources,NA,1,Department of Water Resources,NA,NA,4783,07N06E33J001M,NA,Unknown,Unknown,5-021.65,South American,Sacramento,110,Residential,Unknown,NA,1966-03-21 - 1994-11-29,53,spring,NA,NA,63,95,1971,12.71,8.9,22.57,10.37,Wet,SAC,1970-10-01T00:00:00Z,1971-10-01T00:00:00Z,-121.318,38.413
384130N1213183W001,1444472,1970-03-31T00:00:00Z,65.88,65.38,0,65.5,0.38,65.5,65,NA,Unknown,Water level accuracy is unknown,1,Department of Water Resources,NA,1,Department of Water Resources,NA,NA,4783,07N06E33J001M,NA,Unknown,Unknown,5-021.65,South American,Sacramento,110,Residential,Unknown,NA,1966-03-21 - 1994-11-29,53,spring,NA,NA,63,95,1970,18.87,4.35,24.06,10.4,Wet,SAC,1969-10-01T00:00:00Z,1970-10-01T00:00:00Z,-121.318,38.413
384130N1213183W001,1444471,1969-04-03T00:00:00Z,65.88,65.38,0,63.5,2.38,63.5,63,NA,Unknown,Water level accuracy is unknown,1,Department of Water Resources,NA,1,Department of Water Resources,NA,NA,4783,07N06E33J001M,NA,Unknown,Unknown,5-021.65,South American,Sacramento,110,Residential,Unknown,NA,1966-03-21 - 1994-11-29,53,spring,NA,NA,63,95,1969,15.33,10.68,26.98,11.05,Wet,SAC,1968-10-01T00:00:00Z,1969-10-01T00:00:00Z,-121.318,38.413
384130N1213183W001,1444470,1968-10-11T00:00:00Z,65.88,65.38,0,77.9,-12.02,77.9,77.4,NA,Unknown,Water level accuracy is unknown,1,Department of Water Resources,NA,1,Department of Water Resources,NA,NA,4783,07N06E33J001M,NA,Unknown,Unknown,5-021.65,South American,Sacramento,110,Residential,Unknown,NA,1966-03-21 - 1994-11-29,53,fall,73.7,99.6,NA,NA,1969,15.33,10.68,26.98,11.05,Wet,SAC,1968-10-01T00:00:00Z,1969-10-01T00:00:00Z,-121.318,38.413
384130N1213183W001,1444469,1968-03-13T00:00:00Z,65.88,65.38,0,67.7,-1.82,67.7,67.2,NA,Unknown,Water level accuracy is unknown,1,Department of Water Resources,NA,1,Department of Water Resources,NA,NA,4783,07N06E33J001M,NA,Unknown,Unknown,5-021.65,South American,Sacramento,110,Residential,Unknown,NA,1966-03-21 - 1994-11-29,53,spring,NA,NA,63,95,1968,8.66,4.12,13.64,7.24,Below Normal,SAC,1967-10-01T00:00:00Z,1968-10-01T00:00:00Z,-121.318,38.413
384130N1213183W001,1444468,1967-10-10T00:00:00Z,65.88,65.38,0,74.2,-8.32,74.2,73.7,NA,Unknown,Water level accuracy is unknown,1,Department of Water Resources,NA,1,Department of Water Resources,NA,NA,4783,07N06E33J001M,NA,Unknown,Unknown,5-021.65,South American,Sacramento,110,Residential,Unknown,NA,1966-03-21 - 1994-11-29,53,fall,73.7,99.6,NA,NA,1968,8.66,4.12,13.64,7.24,Below Normal,SAC,1967-10-01T00:00:00Z,1968-10-01T00:00:00Z,-121.318,38.413
384130N1213183W001,1444467,1967-03-09T00:00:00Z,65.88,65.38,0,69.1,-3.22,69.1,68.6,NA,Unknown,Water level accuracy is unknown,1,Department of Water Resources,NA,1,Department of Water Resources,NA,NA,4783,07N06E33J001M,NA,Unknown,Unknown,5-021.65,South American,Sacramento,110,Residential,Unknown,NA,1966-03-21 - 1994-11-29,53,spring,NA,NA,63,95,1967,12.14,11.01,24.06,10.2,Wet,SAC,1966-10-01T00:00:00Z,1967-10-01T00:00:00Z,-121.318,38.413
384130N1213183W001,1444466,1966-10-06T00:00:00Z,65.88,65.38,0,80.4,-14.52,80.4,79.9,NA,Unknown,Water level accuracy is unknown,1,Department of Water Resources,NA,1,Department of Water Resources,NA,NA,4783,07N06E33J001M,NA,Unknown,Unknown,5-021.65,South American,Sacramento,110,Residential,Unknown,NA,1966-03-21 - 1994-11-29,53,fall,73.7,99.6,NA,NA,1967,12.14,11.01,24.06,10.2,Wet,SAC,1966-10-01T00:00:00Z,1967-10-01T00:00:00Z,-121.318,38.413
384130N1213183W001,1444465,1966-03-21T00:00:00Z,65.88,65.38,0,67,-1.12,67,66.5,NA,Unknown,Water level accuracy is unknown,1,Department of Water Resources,NA,1,Department of Water Resources,NA,NA,4783,07N06E33J001M,NA,Unknown,Unknown,5-021.65,South American,Sacramento,110,Residential,Unknown,NA,1966-03-21 - 1994-11-29,53,spring,NA,NA,63,95,1966,7.42,4.84,12.95,7.16,Below Normal,SAC,1965-10-01T00:00:00Z,1966-10-01T00:00:00Z,-121.318,38.413
