SITE_CODE,WLM_ID,MSMT_DATE,WLM_RPE,WLM_GSE,RDNG_WS,RDNG_RP,WSE,RPE_WSE,GSE_WSE,WLM_QA_DESC,WLM_DESC,WLM_ACC_DESC,WLM_ORG_ID,WLM_ORG_NAME,MSMT_CMT,COOP_AGENCY_ORG_ID,COOP_ORG_NAME,TOP_PRF,BOT_PRF,STN_ID,SWN,WELL_NAME,WLM_METHOD,WLM_ACC,BASIN_CODE,BASIN_NAME,COUNTY_NAME,WELL_DEPTH,WELL_USE,WELL_TYPE,WCR_NO,t_range,n_samples,season,fall_high,fall_low,spring_high,spring_low,water_year,Oct.Mar,Apr.Jul,WYsum,Index,water_year_type,region,water_year_start,water_year_end,X,Y
384125N1214946W001,2482855,2019-10-21T00:00:00Z,12,9,0,18.3,-6.3,18.3,15.3,NA,Electric sounder measurement,Water level accuracy to nearest tenth of a foot,1577,County of Sacramento,NA,1577,County of Sacramento,135,175,50579,NA,COSAC1,Digital Elevation Model,0.1 ft.,5-021.65,South American,Sacramento,175,Stockwatering,Single Well,1099162,2015-05-06 - 2020-04-15,10,fall,15.3,17.1,NA,NA,2019,13.11,10.66,24.77,10.34,Wet,SAC,2019-10-01T00:00:00Z,2020-10-01T00:00:00Z,-121.495,38.4125
384125N1214946W001,2455199,2019-04-15T00:00:00Z,12,9,0,13.2,-1.2,13.2,10.2,NA,Electric sounder measurement,Water level accuracy to nearest tenth of a foot,1577,County of Sacramento,NA,1577,County of Sacramento,135,175,50579,NA,COSAC1,Digital Elevation Model,0.1 ft.,5-021.65,South American,Sacramento,175,Stockwatering,Single Well,1099162,2015-05-06 - 2020-04-15,10,spring,NA,NA,9.7,15.5,2018,7.09,5.05,12.86,7.14,Below Normal,SAC,2018-10-01T00:00:00Z,2019-10-01T00:00:00Z,-121.495,38.4125
384125N1214946W001,2413175,2018-10-10T00:00:00Z,12,9,0,18.7,-6.7,18.7,15.7,NA,Electric sounder measurement,Water level accuracy to nearest tenth of a foot,1577,County of Sacramento,NA,1577,County of Sacramento,135,175,50579,NA,COSAC1,Digital Elevation Model,0.1 ft.,5-021.65,South American,Sacramento,175,Stockwatering,Single Well,1099162,2015-05-06 - 2020-04-15,10,fall,15.3,17.1,NA,NA,2018,7.09,5.05,12.86,7.14,Below Normal,SAC,2018-10-01T00:00:00Z,2019-10-01T00:00:00Z,-121.495,38.4125
384125N1214946W001,2305628,2018-04-17T00:00:00Z,12,9,0,15.5,-3.5,15.5,12.5,NA,Electric sounder measurement,Water level accuracy to nearest tenth of a foot,1577,County of Sacramento,NA,1577,County of Sacramento,135,175,50579,NA,COSAC1,Digital Elevation Model,0.1 ft.,5-021.65,South American,Sacramento,175,Stockwatering,Single Well,1099162,2015-05-06 - 2020-04-15,10,spring,NA,NA,9.7,15.5,2017,26.17,10.69,37.82,14.14,Wet,SAC,2017-10-01T00:00:00Z,2018-10-01T00:00:00Z,-121.495,38.4125
384125N1214946W001,2278932,2017-10-18T00:00:00Z,12,9,0,18.7,-6.7,18.7,15.7,NA,Electric sounder measurement,Water level accuracy to nearest tenth of a foot,1577,County of Sacramento,NA,1577,County of Sacramento,135,175,50579,NA,COSAC1,Digital Elevation Model,0.1 ft.,5-021.65,South American,Sacramento,175,Stockwatering,Single Well,1099162,2015-05-06 - 2020-04-15,10,fall,15.3,17.1,NA,NA,2017,26.17,10.69,37.82,14.14,Wet,SAC,2017-10-01T00:00:00Z,2018-10-01T00:00:00Z,-121.495,38.4125
384125N1214946W001,2262323,2017-04-26T00:00:00Z,12,9,0,12.7,-0.7,12.7,9.7,NA,Electric sounder measurement,Water level accuracy to nearest tenth of a foot,1577,County of Sacramento,NA,1577,County of Sacramento,135,175,50579,NA,COSAC1,Digital Elevation Model,0.1 ft.,5-021.65,South American,Sacramento,175,Stockwatering,Single Well,1099162,2015-05-06 - 2020-04-15,10,spring,NA,NA,9.7,15.5,2016,12.24,4.6,17.48,6.71,Below Normal,SAC,2016-10-01T00:00:00Z,2017-10-01T00:00:00Z,-121.495,38.4125
384125N1214946W001,2262322,2016-05-18T00:00:00Z,12,9,0,18.1,-6.1,18.1,15.1,NA,Electric sounder measurement,Water level accuracy to nearest tenth of a foot,1577,County of Sacramento,NA,1577,County of Sacramento,135,175,50579,NA,COSAC1,Digital Elevation Model,0.1 ft.,5-021.65,South American,Sacramento,175,Stockwatering,Single Well,1099162,2015-05-06 - 2020-04-15,10,spring,NA,NA,9.7,15.5,2015,6.91,1.77,9.23,4,Critical,SAC,2015-10-01T00:00:00Z,2016-10-01T00:00:00Z,-121.495,38.4125
384125N1214946W001,2262321,2015-11-05T00:00:00Z,12,9,0,20.1,-8.1,20.1,17.1,NA,Electric sounder measurement,Water level accuracy to nearest tenth of a foot,1577,County of Sacramento,NA,1577,County of Sacramento,135,175,50579,NA,COSAC1,Digital Elevation Model,0.1 ft.,5-021.65,South American,Sacramento,175,Stockwatering,Single Well,1099162,2015-05-06 - 2020-04-15,10,fall,15.3,17.1,NA,NA,2015,6.91,1.77,9.23,4,Critical,SAC,2015-10-01T00:00:00Z,2016-10-01T00:00:00Z,-121.495,38.4125
384125N1214946W001,2262320,2015-05-06T00:00:00Z,12,9,0,18.5,-6.5,18.5,15.5,NA,Electric sounder measurement,Water level accuracy to nearest tenth of a foot,1577,County of Sacramento,NA,1577,County of Sacramento,135,175,50579,NA,COSAC1,Digital Elevation Model,0.1 ft.,5-021.65,South American,Sacramento,175,Stockwatering,Single Well,1099162,2015-05-06 - 2020-04-15,10,spring,NA,NA,9.7,15.5,2014,4.29,2.59,7.46,4.07,Critical,SAC,2014-10-01T00:00:00Z,2015-10-01T00:00:00Z,-121.495,38.4125
