SITE_CODE,WLM_ID,MSMT_DATE,WLM_RPE,WLM_GSE,RDNG_WS,RDNG_RP,WSE,RPE_WSE,GSE_WSE,WLM_QA_DESC,WLM_DESC,WLM_ACC_DESC,WLM_ORG_ID,WLM_ORG_NAME,MSMT_CMT,COOP_AGENCY_ORG_ID,COOP_ORG_NAME,TOP_PRF,BOT_PRF,STN_ID,SWN,WELL_NAME,WLM_METHOD,WLM_ACC,BASIN_CODE,BASIN_NAME,COUNTY_NAME,WELL_DEPTH,WELL_USE,WELL_TYPE,WCR_NO,t_range,n_samples,season,fall_high,fall_low,spring_high,spring_low,water_year,Oct.Mar,Apr.Jul,WYsum,Index,water_year_type,region,water_year_start,water_year_end,X,Y
384150N1213239W001,2538596,2020-03-11T00:00:00Z,63.2,62.7,0,72.4,-9.2,72.4,71.9,NA,Electric sounder measurement,Water level accuracy to nearest tenth of a foot,1,Department of Water Resources,NA,1,Department of Water Resources,NA,NA,48985,07N06E33K001M,07N06E33K001M,Unknown,Unknown,5-021.65,South American,Sacramento,250,Residential,Single Well,NA,2000-10-10 - 2020-09-16,125,spring,NA,NA,70.8,87.7,2020,NA,NA,NA,NA,NA,NA,2019-10-01T00:00:00Z,2020-10-01T00:00:00Z,-121.324,38.415
384150N1213239W001,2533093,2020-02-05T00:00:00Z,63.2,62.7,0,72.2,-9,72.2,71.7,NA,Electric sounder measurement,Water level accuracy to nearest tenth of a foot,1,Department of Water Resources,NA,1,Department of Water Resources,NA,NA,48985,07N06E33K001M,07N06E33K001M,Unknown,Unknown,5-021.65,South American,Sacramento,250,Residential,Single Well,NA,2000-10-10 - 2020-09-16,125,other,NA,NA,NA,NA,2020,NA,NA,NA,NA,NA,NA,2019-10-01T00:00:00Z,2020-10-01T00:00:00Z,-121.324,38.415
384150N1213239W001,2493931,2020-01-08T00:00:00Z,63.2,62.7,0,72.3,-9.1,72.3,71.8,NA,Electric sounder measurement,Water level accuracy to nearest tenth of a foot,1,Department of Water Resources,NA,1,Department of Water Resources,NA,NA,48985,07N06E33K001M,07N06E33K001M,Unknown,Unknown,5-021.65,South American,Sacramento,250,Residential,Single Well,NA,2000-10-10 - 2020-09-16,125,other,NA,NA,NA,NA,2020,NA,NA,NA,NA,NA,NA,2019-10-01T00:00:00Z,2020-10-01T00:00:00Z,-121.324,38.415
384150N1213239W001,2490494,2019-12-16T00:00:00Z,63.2,62.7,0,73.3,-10.1,73.3,72.8,NA,Electric sounder measurement,Water level accuracy to nearest tenth of a foot,1,Department of Water Resources,NA,1,Department of Water Resources,NA,NA,48985,07N06E33K001M,07N06E33K001M,Unknown,Unknown,5-021.65,South American,Sacramento,250,Residential,Single Well,NA,2000-10-10 - 2020-09-16,125,other,NA,NA,NA,NA,2020,NA,NA,NA,NA,NA,NA,2019-10-01T00:00:00Z,2020-10-01T00:00:00Z,-121.324,38.415
384150N1213239W001,2484886,2019-11-07T00:00:00Z,63.2,62.7,0,74.1,-10.9,74.1,73.6,NA,Electric sounder measurement,Water level accuracy to nearest tenth of a foot,1,Department of Water Resources,NA,1,Department of Water Resources,NA,NA,48985,07N06E33K001M,07N06E33K001M,Unknown,Unknown,5-021.65,South American,Sacramento,250,Residential,Single Well,NA,2000-10-10 - 2020-09-16,125,fall,72.8,97.7,NA,NA,2020,NA,NA,NA,NA,NA,NA,2019-10-01T00:00:00Z,2020-10-01T00:00:00Z,-121.324,38.415
384150N1213239W001,2478215,2019-10-10T00:00:00Z,63.2,62.7,0,73.3,-10.1,73.3,72.8,NA,Electric sounder measurement,Water level accuracy to nearest tenth of a foot,1,Department of Water Resources,NA,1,Department of Water Resources,NA,NA,48985,07N06E33K001M,07N06E33K001M,Unknown,Unknown,5-021.65,South American,Sacramento,250,Residential,Single Well,NA,2000-10-10 - 2020-09-16,125,fall,72.8,97.7,NA,NA,2020,NA,NA,NA,NA,NA,NA,2019-10-01T00:00:00Z,2020-10-01T00:00:00Z,-121.324,38.415
384150N1213239W001,2475174,2019-09-12T00:00:00Z,63.2,62.7,0,75.3,-12.1,75.3,74.8,NA,Electric sounder measurement,Water level accuracy to nearest tenth of a foot,1,Department of Water Resources,NA,1,Department of Water Resources,NA,NA,48985,07N06E33K001M,07N06E33K001M,Unknown,Unknown,5-021.65,South American,Sacramento,250,Residential,Single Well,NA,2000-10-10 - 2020-09-16,125,fall,72.8,97.7,NA,NA,2019,13.11,10.66,24.77,10.34,Wet,SAC,2018-10-01T00:00:00Z,2019-10-01T00:00:00Z,-121.324,38.415
384150N1213239W001,2474348,2019-08-13T00:00:00Z,63.2,62.7,0,74.2,-11,74.2,73.7,NA,Electric sounder measurement,Water level accuracy to nearest tenth of a foot,1,Department of Water Resources,NA,1,Department of Water Resources,NA,NA,48985,07N06E33K001M,07N06E33K001M,Unknown,Unknown,5-021.65,South American,Sacramento,250,Residential,Single Well,NA,2000-10-10 - 2020-09-16,125,fall,72.8,97.7,NA,NA,2019,13.11,10.66,24.77,10.34,Wet,SAC,2018-10-01T00:00:00Z,2019-10-01T00:00:00Z,-121.324,38.415
384150N1213239W001,2469041,2019-07-03T00:00:00Z,63.2,62.7,0,72.7,-9.5,72.7,72.2,NA,Electric sounder measurement,Water level accuracy to nearest tenth of a foot,1,Department of Water Resources,NA,1,Department of Water Resources,NA,NA,48985,07N06E33K001M,07N06E33K001M,Unknown,Unknown,5-021.65,South American,Sacramento,250,Residential,Single Well,NA,2000-10-10 - 2020-09-16,125,other,NA,NA,NA,NA,2019,13.11,10.66,24.77,10.34,Wet,SAC,2018-10-01T00:00:00Z,2019-10-01T00:00:00Z,-121.324,38.415
384150N1213239W001,2465077,2019-06-13T00:00:00Z,63.2,62.7,0,72.3,-9.1,72.3,71.8,NA,Electric sounder measurement,Water level accuracy to nearest tenth of a foot,1,Department of Water Resources,NA,1,Department of Water Resources,NA,NA,48985,07N06E33K001M,07N06E33K001M,Unknown,Unknown,5-021.65,South American,Sacramento,250,Residential,Single Well,NA,2000-10-10 - 2020-09-16,125,other,NA,NA,NA,NA,2019,13.11,10.66,24.77,10.34,Wet,SAC,2018-10-01T00:00:00Z,2019-10-01T00:00:00Z,-121.324,38.415
384150N1213239W001,2460926,2019-05-15T00:00:00Z,63.2,62.7,0,71.3,-8.1,71.3,70.8,NA,Electric sounder measurement,Water level accuracy to nearest tenth of a foot,1,Department of Water Resources,NA,1,Department of Water Resources,NA,NA,48985,07N06E33K001M,07N06E33K001M,Unknown,Unknown,5-021.65,South American,Sacramento,250,Residential,Single Well,NA,2000-10-10 - 2020-09-16,125,spring,NA,NA,70.8,87.7,2019,13.11,10.66,24.77,10.34,Wet,SAC,2018-10-01T00:00:00Z,2019-10-01T00:00:00Z,-121.324,38.415
384150N1213239W001,2451751,2019-04-03T00:00:00Z,63.2,62.7,0,71.5,-8.3,71.5,71,NA,Electric sounder measurement,Water level accuracy to nearest tenth of a foot,1,Department of Water Resources,NA,1,Department of Water Resources,NA,NA,48985,07N06E33K001M,07N06E33K001M,Unknown,Unknown,5-021.65,South American,Sacramento,250,Residential,Single Well,NA,2000-10-10 - 2020-09-16,125,spring,NA,NA,70.8,87.7,2019,13.11,10.66,24.77,10.34,Wet,SAC,2018-10-01T00:00:00Z,2019-10-01T00:00:00Z,-121.324,38.415
384150N1213239W001,2450054,2019-03-04T00:00:00Z,63.2,62.7,0,74,-10.8,74,73.5,NA,Electric sounder measurement,Water level accuracy to nearest tenth of a foot,1,Department of Water Resources,NA,1,Department of Water Resources,NA,NA,48985,07N06E33K001M,07N06E33K001M,Unknown,Unknown,5-021.65,South American,Sacramento,250,Residential,Single Well,NA,2000-10-10 - 2020-09-16,125,spring,NA,NA,70.8,87.7,2019,13.11,10.66,24.77,10.34,Wet,SAC,2018-10-01T00:00:00Z,2019-10-01T00:00:00Z,-121.324,38.415
384150N1213239W001,2450039,2019-02-11T00:00:00Z,63.2,62.7,0,75.5,-12.3,75.5,75,NA,Electric sounder measurement,Water level accuracy to nearest tenth of a foot,1,Department of Water Resources,NA,1,Department of Water Resources,NA,NA,48985,07N06E33K001M,07N06E33K001M,Unknown,Unknown,5-021.65,South American,Sacramento,250,Residential,Single Well,NA,2000-10-10 - 2020-09-16,125,other,NA,NA,NA,NA,2019,13.11,10.66,24.77,10.34,Wet,SAC,2018-10-01T00:00:00Z,2019-10-01T00:00:00Z,-121.324,38.415
384150N1213239W001,2433678,2018-12-07T00:00:00Z,63.2,62.7,0,77.2,-14,77.2,76.7,NA,Electric sounder measurement,Water level accuracy to nearest tenth of a foot,1,Department of Water Resources,NA,1,Department of Water Resources,NA,NA,48985,07N06E33K001M,07N06E33K001M,Unknown,Unknown,5-021.65,South American,Sacramento,250,Residential,Single Well,NA,2000-10-10 - 2020-09-16,125,other,NA,NA,NA,NA,2019,13.11,10.66,24.77,10.34,Wet,SAC,2018-10-01T00:00:00Z,2019-10-01T00:00:00Z,-121.324,38.415
384150N1213239W001,2429277,2018-11-02T00:00:00Z,63.2,62.7,0,79.5,-16.3,79.5,79,NA,Electric sounder measurement,Water level accuracy to nearest tenth of a foot,1,Department of Water Resources,NA,1,Department of Water Resources,NA,NA,48985,07N06E33K001M,07N06E33K001M,Unknown,Unknown,5-021.65,South American,Sacramento,250,Residential,Single Well,NA,2000-10-10 - 2020-09-16,125,fall,72.8,97.7,NA,NA,2019,13.11,10.66,24.77,10.34,Wet,SAC,2018-10-01T00:00:00Z,2019-10-01T00:00:00Z,-121.324,38.415
384150N1213239W001,2411714,2018-10-03T00:00:00Z,63.2,62.7,0,78.4,-15.2,78.4,77.9,NA,Electric sounder measurement,Water level accuracy to nearest tenth of a foot,1,Department of Water Resources,NA,1,Department of Water Resources,NA,NA,48985,07N06E33K001M,07N06E33K001M,Unknown,Unknown,5-021.65,South American,Sacramento,250,Residential,Single Well,NA,2000-10-10 - 2020-09-16,125,fall,72.8,97.7,NA,NA,2019,13.11,10.66,24.77,10.34,Wet,SAC,2018-10-01T00:00:00Z,2019-10-01T00:00:00Z,-121.324,38.415
384150N1213239W001,2410272,2018-09-05T00:00:00Z,63.2,62.7,0,78.4,-15.2,78.4,77.9,NA,Electric sounder measurement,Water level accuracy to nearest tenth of a foot,1,Department of Water Resources,NA,1,Department of Water Resources,NA,NA,48985,07N06E33K001M,07N06E33K001M,Unknown,Unknown,5-021.65,South American,Sacramento,250,Residential,Single Well,NA,2000-10-10 - 2020-09-16,125,fall,72.8,97.7,NA,NA,2018,7.09,5.05,12.86,7.14,Below Normal,SAC,2017-10-01T00:00:00Z,2018-10-01T00:00:00Z,-121.324,38.415
384150N1213239W001,2409302,2018-08-15T00:00:00Z,63.2,62.7,0,77.9,-14.7,77.9,77.4,NA,Electric sounder measurement,Water level accuracy to nearest tenth of a foot,1,Department of Water Resources,NA,1,Department of Water Resources,NA,NA,48985,07N06E33K001M,07N06E33K001M,Unknown,Unknown,5-021.65,South American,Sacramento,250,Residential,Single Well,NA,2000-10-10 - 2020-09-16,125,fall,72.8,97.7,NA,NA,2018,7.09,5.05,12.86,7.14,Below Normal,SAC,2017-10-01T00:00:00Z,2018-10-01T00:00:00Z,-121.324,38.415
384150N1213239W001,2307691,2018-07-02T00:00:00Z,63.2,62.7,0,76.7,-13.5,76.7,76.2,NA,Electric sounder measurement,Water level accuracy to nearest tenth of a foot,1,Department of Water Resources,NA,1,Department of Water Resources,NA,NA,48985,07N06E33K001M,07N06E33K001M,Unknown,Unknown,5-021.65,South American,Sacramento,250,Residential,Single Well,NA,2000-10-10 - 2020-09-16,125,other,NA,NA,NA,NA,2018,7.09,5.05,12.86,7.14,Below Normal,SAC,2017-10-01T00:00:00Z,2018-10-01T00:00:00Z,-121.324,38.415
384150N1213239W001,2287200,2018-04-10T14:30:00Z,63.2,62.7,0,74.7,-11.5,74.7,74.2,NA,Electric sounder measurement,Water level accuracy to nearest tenth of a foot,1,Department of Water Resources,NA,1,Department of Water Resources,NA,NA,48985,07N06E33K001M,07N06E33K001M,Unknown,Unknown,5-021.65,South American,Sacramento,250,Residential,Single Well,NA,2000-10-10 - 2020-09-16,125,spring,NA,NA,70.8,87.7,2018,7.09,5.05,12.86,7.14,Below Normal,SAC,2017-10-01T00:00:00Z,2018-10-01T00:00:00Z,-121.324,38.415
384150N1213239W001,2283584,2018-03-06T14:30:00Z,63.2,62.7,0,75,-11.8,75,74.5,NA,Electric sounder measurement,Water level accuracy to nearest tenth of a foot,1,Department of Water Resources,NA,1,Department of Water Resources,NA,NA,48985,07N06E33K001M,07N06E33K001M,Unknown,Unknown,5-021.65,South American,Sacramento,250,Residential,Single Well,NA,2000-10-10 - 2020-09-16,125,spring,NA,NA,70.8,87.7,2018,7.09,5.05,12.86,7.14,Below Normal,SAC,2017-10-01T00:00:00Z,2018-10-01T00:00:00Z,-121.324,38.415
384150N1213239W001,2283344,2018-02-09T00:00:00Z,63.2,62.7,0,75.4,-12.2,75.4,74.9,NA,Electric sounder measurement,Water level accuracy to nearest tenth of a foot,1,Department of Water Resources,NA,1,Department of Water Resources,NA,NA,48985,07N06E33K001M,07N06E33K001M,Unknown,Unknown,5-021.65,South American,Sacramento,250,Residential,Single Well,NA,2000-10-10 - 2020-09-16,125,other,NA,NA,NA,NA,2018,7.09,5.05,12.86,7.14,Below Normal,SAC,2017-10-01T00:00:00Z,2018-10-01T00:00:00Z,-121.324,38.415
384150N1213239W001,2280986,2018-01-23T00:00:00Z,63.2,62.7,0,75.9,-12.7,75.9,75.4,NA,Electric sounder measurement,Water level accuracy to nearest tenth of a foot,1,Department of Water Resources,NA,1,Department of Water Resources,NA,NA,48985,07N06E33K001M,07N06E33K001M,Unknown,Unknown,5-021.65,South American,Sacramento,250,Residential,Single Well,NA,2000-10-10 - 2020-09-16,125,other,NA,NA,NA,NA,2018,7.09,5.05,12.86,7.14,Below Normal,SAC,2017-10-01T00:00:00Z,2018-10-01T00:00:00Z,-121.324,38.415
384150N1213239W001,2433938,2018-01-08T00:00:00Z,63.2,62.7,0,76.6,-13.4,76.6,76.1,NA,Electric sounder measurement,Water level accuracy to nearest tenth of a foot,1,Department of Water Resources,NA,1,Department of Water Resources,NA,NA,48985,07N06E33K001M,07N06E33K001M,Unknown,Unknown,5-021.65,South American,Sacramento,250,Residential,Single Well,NA,2000-10-10 - 2020-09-16,125,other,NA,NA,NA,NA,2018,7.09,5.05,12.86,7.14,Below Normal,SAC,2017-10-01T00:00:00Z,2018-10-01T00:00:00Z,-121.324,38.415
384150N1213239W001,2276518,2017-12-06T00:00:00Z,63.2,62.7,0,76.8,-13.6,76.8,76.3,NA,Electric sounder measurement,Water level accuracy to nearest tenth of a foot,1,Department of Water Resources,NA,1,Department of Water Resources,NA,NA,48985,07N06E33K001M,07N06E33K001M,Unknown,Unknown,5-021.65,South American,Sacramento,250,Residential,Single Well,NA,2000-10-10 - 2020-09-16,125,other,NA,NA,NA,NA,2018,7.09,5.05,12.86,7.14,Below Normal,SAC,2017-10-01T00:00:00Z,2018-10-01T00:00:00Z,-121.324,38.415
384150N1213239W001,2274570,2017-11-09T00:00:00Z,63.2,62.7,0,78.2,-15,78.2,77.7,NA,Electric sounder measurement,Water level accuracy to nearest tenth of a foot,1,Department of Water Resources,NA,1,Department of Water Resources,NA,NA,48985,07N06E33K001M,07N06E33K001M,Unknown,Unknown,5-021.65,South American,Sacramento,250,Residential,Single Well,NA,2000-10-10 - 2020-09-16,125,fall,72.8,97.7,NA,NA,2018,7.09,5.05,12.86,7.14,Below Normal,SAC,2017-10-01T00:00:00Z,2018-10-01T00:00:00Z,-121.324,38.415
384150N1213239W001,2268317,2017-10-16T00:00:00Z,63.2,62.7,0,79.7,-16.5,79.7,79.2,NA,Electric sounder measurement,Water level accuracy to nearest tenth of a foot,1,Department of Water Resources,NA,1,Department of Water Resources,NA,NA,48985,07N06E33K001M,07N06E33K001M,Unknown,Unknown,5-021.65,South American,Sacramento,250,Residential,Single Well,NA,2000-10-10 - 2020-09-16,125,fall,72.8,97.7,NA,NA,2018,7.09,5.05,12.86,7.14,Below Normal,SAC,2017-10-01T00:00:00Z,2018-10-01T00:00:00Z,-121.324,38.415
384150N1213239W001,2263411,2017-09-27T00:00:00Z,63.2,62.7,0,79.2,-16,79.2,78.7,NA,Electric sounder measurement,Water level accuracy to nearest tenth of a foot,1,Department of Water Resources,NA,1,Department of Water Resources,NA,NA,48985,07N06E33K001M,07N06E33K001M,Unknown,Unknown,5-021.65,South American,Sacramento,250,Residential,Single Well,NA,2000-10-10 - 2020-09-16,125,fall,72.8,97.7,NA,NA,2017,26.17,10.69,37.82,14.14,Wet,SAC,2016-10-01T00:00:00Z,2017-10-01T00:00:00Z,-121.324,38.415
384150N1213239W001,2263410,2017-08-29T00:00:00Z,63.2,62.7,0,79.2,-16,79.2,78.7,NA,Electric sounder measurement,Water level accuracy to nearest tenth of a foot,1,Department of Water Resources,NA,1,Department of Water Resources,NA,NA,48985,07N06E33K001M,07N06E33K001M,Unknown,Unknown,5-021.65,South American,Sacramento,250,Residential,Single Well,NA,2000-10-10 - 2020-09-16,125,fall,72.8,97.7,NA,NA,2017,26.17,10.69,37.82,14.14,Wet,SAC,2016-10-01T00:00:00Z,2017-10-01T00:00:00Z,-121.324,38.415
384150N1213239W001,2263409,2017-06-15T00:00:00Z,63.2,62.7,0,76,-12.8,76,75.5,NA,Electric sounder measurement,Water level accuracy to nearest tenth of a foot,1,Department of Water Resources,NA,1,Department of Water Resources,NA,NA,48985,07N06E33K001M,07N06E33K001M,Unknown,Unknown,5-021.65,South American,Sacramento,250,Residential,Single Well,NA,2000-10-10 - 2020-09-16,125,other,NA,NA,NA,NA,2017,26.17,10.69,37.82,14.14,Wet,SAC,2016-10-01T00:00:00Z,2017-10-01T00:00:00Z,-121.324,38.415
384150N1213239W001,2263408,2017-05-04T00:00:00Z,63.2,62.7,0,75.2,-12,75.2,74.7,NA,Electric sounder measurement,Water level accuracy to nearest tenth of a foot,1,Department of Water Resources,NA,1,Department of Water Resources,NA,NA,48985,07N06E33K001M,07N06E33K001M,Unknown,Unknown,5-021.65,South American,Sacramento,250,Residential,Single Well,NA,2000-10-10 - 2020-09-16,125,spring,NA,NA,70.8,87.7,2017,26.17,10.69,37.82,14.14,Wet,SAC,2016-10-01T00:00:00Z,2017-10-01T00:00:00Z,-121.324,38.415
384150N1213239W001,2263407,2017-04-10T00:00:00Z,63.2,62.7,0,79.1,-15.9,79.1,78.6,NA,Electric sounder measurement,Water level accuracy to nearest tenth of a foot,1,Department of Water Resources,NA,1,Department of Water Resources,NA,NA,48985,07N06E33K001M,07N06E33K001M,Unknown,Unknown,5-021.65,South American,Sacramento,250,Residential,Single Well,NA,2000-10-10 - 2020-09-16,125,spring,NA,NA,70.8,87.7,2017,26.17,10.69,37.82,14.14,Wet,SAC,2016-10-01T00:00:00Z,2017-10-01T00:00:00Z,-121.324,38.415
384150N1213239W001,2237506,2017-03-08T00:00:00Z,63.2,62.7,0,79.4,-16.2,79.4,78.9,NA,Electric sounder measurement,Water level accuracy to nearest tenth of a foot,1,Department of Water Resources,NA,1,Department of Water Resources,NA,NA,48985,07N06E33K001M,07N06E33K001M,Unknown,Unknown,5-021.65,South American,Sacramento,250,Residential,Single Well,NA,2000-10-10 - 2020-09-16,125,spring,NA,NA,70.8,87.7,2017,26.17,10.69,37.82,14.14,Wet,SAC,2016-10-01T00:00:00Z,2017-10-01T00:00:00Z,-121.324,38.415
384150N1213239W001,2237497,2017-02-15T00:00:00Z,63.2,62.7,0,85.8,-22.6,85.8,85.3,NA,Electric sounder measurement,Water level accuracy to nearest tenth of a foot,1,Department of Water Resources,NA,1,Department of Water Resources,NA,NA,48985,07N06E33K001M,07N06E33K001M,Unknown,Unknown,5-021.65,South American,Sacramento,250,Residential,Single Well,NA,2000-10-10 - 2020-09-16,125,other,NA,NA,NA,NA,2017,26.17,10.69,37.82,14.14,Wet,SAC,2016-10-01T00:00:00Z,2017-10-01T00:00:00Z,-121.324,38.415
384150N1213239W001,2230620,2017-01-11T00:00:00Z,63.2,62.7,0,87.2,-24,87.2,86.7,NA,Electric sounder measurement,Water level accuracy to nearest tenth of a foot,1,Department of Water Resources,NA,1,Department of Water Resources,NA,NA,48985,07N06E33K001M,07N06E33K001M,Unknown,Unknown,5-021.65,South American,Sacramento,250,Residential,Single Well,NA,2000-10-10 - 2020-09-16,125,other,NA,NA,NA,NA,2017,26.17,10.69,37.82,14.14,Wet,SAC,2016-10-01T00:00:00Z,2017-10-01T00:00:00Z,-121.324,38.415
384150N1213239W001,2223616,2016-12-12T00:00:00Z,63.2,62.7,0,89.4,-26.2,89.4,88.9,NA,Electric sounder measurement,Water level accuracy to nearest tenth of a foot,1,Department of Water Resources,NA,1,Department of Water Resources,NA,NA,48985,07N06E33K001M,07N06E33K001M,Unknown,Unknown,5-021.65,South American,Sacramento,250,Residential,Single Well,NA,2000-10-10 - 2020-09-16,125,other,NA,NA,NA,NA,2017,26.17,10.69,37.82,14.14,Wet,SAC,2016-10-01T00:00:00Z,2017-10-01T00:00:00Z,-121.324,38.415
384150N1213239W001,2220296,2016-11-15T00:00:00Z,63.2,62.7,0,90.3,-27.1,90.3,89.8,NA,Electric sounder measurement,Water level accuracy to nearest tenth of a foot,1,Department of Water Resources,NA,1,Department of Water Resources,NA,NA,48985,07N06E33K001M,07N06E33K001M,Unknown,Unknown,5-021.65,South American,Sacramento,250,Residential,Single Well,NA,2000-10-10 - 2020-09-16,125,fall,72.8,97.7,NA,NA,2017,26.17,10.69,37.82,14.14,Wet,SAC,2016-10-01T00:00:00Z,2017-10-01T00:00:00Z,-121.324,38.415
384150N1213239W001,2214314,2016-10-11T00:00:00Z,63.2,62.7,0,90.2,-27,90.2,89.7,NA,Electric sounder measurement,Water level accuracy to nearest tenth of a foot,1,Department of Water Resources,NA,1,Department of Water Resources,NA,NA,48985,07N06E33K001M,07N06E33K001M,Unknown,Unknown,5-021.65,South American,Sacramento,250,Residential,Single Well,NA,2000-10-10 - 2020-09-16,125,fall,72.8,97.7,NA,NA,2017,26.17,10.69,37.82,14.14,Wet,SAC,2016-10-01T00:00:00Z,2017-10-01T00:00:00Z,-121.324,38.415
384150N1213239W001,2211373,2016-09-12T00:00:00Z,63.2,62.7,0,91.1,-27.9,91.1,90.6,NA,Electric sounder measurement,Water level accuracy to nearest tenth of a foot,1,Department of Water Resources,NA,1,Department of Water Resources,NA,NA,48985,07N06E33K001M,07N06E33K001M,Unknown,Unknown,5-021.65,South American,Sacramento,250,Residential,Single Well,NA,2000-10-10 - 2020-09-16,125,fall,72.8,97.7,NA,NA,2016,12.24,4.6,17.48,6.71,Below Normal,SAC,2015-10-01T00:00:00Z,2016-10-01T00:00:00Z,-121.324,38.415
384150N1213239W001,2211384,2016-08-16T00:00:00Z,63.2,62.7,0,90.7,-27.5,90.7,90.2,NA,Electric sounder measurement,Water level accuracy to nearest tenth of a foot,1,Department of Water Resources,NA,1,Department of Water Resources,NA,NA,48985,07N06E33K001M,07N06E33K001M,Unknown,Unknown,5-021.65,South American,Sacramento,250,Residential,Single Well,NA,2000-10-10 - 2020-09-16,125,fall,72.8,97.7,NA,NA,2016,12.24,4.6,17.48,6.71,Below Normal,SAC,2015-10-01T00:00:00Z,2016-10-01T00:00:00Z,-121.324,38.415
384150N1213239W001,2201480,2016-07-14T00:00:00Z,63.2,62.7,0,89.2,-26,89.2,88.7,NA,Electric sounder measurement,Water level accuracy to nearest tenth of a foot,1,Department of Water Resources,NA,1,Department of Water Resources,NA,NA,48985,07N06E33K001M,07N06E33K001M,Unknown,Unknown,5-021.65,South American,Sacramento,250,Residential,Single Well,NA,2000-10-10 - 2020-09-16,125,other,NA,NA,NA,NA,2016,12.24,4.6,17.48,6.71,Below Normal,SAC,2015-10-01T00:00:00Z,2016-10-01T00:00:00Z,-121.324,38.415
384150N1213239W001,2196973,2016-05-23T00:00:00Z,63.2,62.7,0,88.2,-25,88.2,87.7,NA,Electric sounder measurement,Water level accuracy to nearest tenth of a foot,1,Department of Water Resources,NA,1,Department of Water Resources,NA,NA,48985,07N06E33K001M,07N06E33K001M,Unknown,Unknown,5-021.65,South American,Sacramento,250,Residential,Single Well,NA,2000-10-10 - 2020-09-16,125,spring,NA,NA,70.8,87.7,2016,12.24,4.6,17.48,6.71,Below Normal,SAC,2015-10-01T00:00:00Z,2016-10-01T00:00:00Z,-121.324,38.415
384150N1213239W001,2192082,2016-04-18T00:00:00Z,63.2,62.7,0,87,-23.8,87,86.5,NA,Electric sounder measurement,Water level accuracy to nearest tenth of a foot,1,Department of Water Resources,NA,1,Department of Water Resources,NA,NA,48985,07N06E33K001M,07N06E33K001M,Unknown,Unknown,5-021.65,South American,Sacramento,250,Residential,Single Well,NA,2000-10-10 - 2020-09-16,125,spring,NA,NA,70.8,87.7,2016,12.24,4.6,17.48,6.71,Below Normal,SAC,2015-10-01T00:00:00Z,2016-10-01T00:00:00Z,-121.324,38.415
384150N1213239W001,2185681,2016-03-23T00:00:00Z,63.2,62.7,0,88.1,-24.9,88.1,87.6,NA,Electric sounder measurement,Water level accuracy to nearest tenth of a foot,1,Department of Water Resources,NA,1,Department of Water Resources,NA,NA,48985,07N06E33K001M,07N06E33K001M,Unknown,Unknown,5-021.65,South American,Sacramento,250,Residential,Single Well,NA,2000-10-10 - 2020-09-16,125,spring,NA,NA,70.8,87.7,2016,12.24,4.6,17.48,6.71,Below Normal,SAC,2015-10-01T00:00:00Z,2016-10-01T00:00:00Z,-121.324,38.415
384150N1213239W001,2182827,2016-02-16T00:00:00Z,63.2,62.7,0,88.6,-25.4,88.6,88.1,NA,Electric sounder measurement,Water level accuracy to nearest tenth of a foot,1,Department of Water Resources,NA,1,Department of Water Resources,NA,NA,48985,07N06E33K001M,07N06E33K001M,Unknown,Unknown,5-021.65,South American,Sacramento,250,Residential,Single Well,NA,2000-10-10 - 2020-09-16,125,other,NA,NA,NA,NA,2016,12.24,4.6,17.48,6.71,Below Normal,SAC,2015-10-01T00:00:00Z,2016-10-01T00:00:00Z,-121.324,38.415
384150N1213239W001,2181010,2016-01-27T00:00:00Z,63.2,62.7,0,89,-25.8,89,88.5,NA,Electric sounder measurement,Water level accuracy to nearest tenth of a foot,1,Department of Water Resources,NA,1,Department of Water Resources,NA,NA,48985,07N06E33K001M,07N06E33K001M,Unknown,Unknown,5-021.65,South American,Sacramento,250,Residential,Single Well,NA,2000-10-10 - 2020-09-16,125,other,NA,NA,NA,NA,2016,12.24,4.6,17.48,6.71,Below Normal,SAC,2015-10-01T00:00:00Z,2016-10-01T00:00:00Z,-121.324,38.415
384150N1213239W001,2178003,2015-12-14T00:00:00Z,63.2,62.7,0,89.3,-26.1,89.3,88.8,NA,Electric sounder measurement,Water level accuracy to nearest tenth of a foot,1,Department of Water Resources,NA,1,Department of Water Resources,NA,NA,48985,07N06E33K001M,07N06E33K001M,Unknown,Unknown,5-021.65,South American,Sacramento,250,Residential,Single Well,NA,2000-10-10 - 2020-09-16,125,other,NA,NA,NA,NA,2016,12.24,4.6,17.48,6.71,Below Normal,SAC,2015-10-01T00:00:00Z,2016-10-01T00:00:00Z,-121.324,38.415
384150N1213239W001,2175684,2015-11-19T00:00:00Z,63.2,62.7,0,89.6,-26.4,89.6,89.1,NA,Electric sounder measurement,Water level accuracy to nearest tenth of a foot,1,Department of Water Resources,NA,1,Department of Water Resources,NA,NA,48985,07N06E33K001M,07N06E33K001M,Unknown,Unknown,5-021.65,South American,Sacramento,250,Residential,Single Well,NA,2000-10-10 - 2020-09-16,125,fall,72.8,97.7,NA,NA,2016,12.24,4.6,17.48,6.71,Below Normal,SAC,2015-10-01T00:00:00Z,2016-10-01T00:00:00Z,-121.324,38.415
384150N1213239W001,2157777,2015-10-12T00:00:00Z,63.2,62.7,0,90.6,-27.4,90.6,90.1,NA,Electric sounder measurement,Water level accuracy to nearest tenth of a foot,1,Department of Water Resources,NA,1,Department of Water Resources,NA,NA,48985,07N06E33K001M,07N06E33K001M,Unknown,Unknown,5-021.65,South American,Sacramento,250,Residential,Single Well,NA,2000-10-10 - 2020-09-16,125,fall,72.8,97.7,NA,NA,2016,12.24,4.6,17.48,6.71,Below Normal,SAC,2015-10-01T00:00:00Z,2016-10-01T00:00:00Z,-121.324,38.415
384150N1213239W001,2153089,2015-09-21T00:00:00Z,63.2,62.7,0,88.7,-25.5,88.7,88.2,NA,Electric sounder measurement,Water level accuracy to nearest tenth of a foot,1,Department of Water Resources,NA,1,Department of Water Resources,NA,NA,48985,07N06E33K001M,07N06E33K001M,Unknown,Unknown,5-021.65,South American,Sacramento,250,Residential,Single Well,NA,2000-10-10 - 2020-09-16,125,fall,72.8,97.7,NA,NA,2015,6.91,1.77,9.23,4,Critical,SAC,2014-10-01T00:00:00Z,2015-10-01T00:00:00Z,-121.324,38.415
384150N1213239W001,2150212,2015-08-12T00:00:00Z,63.2,62.7,0,88.9,-25.7,88.9,88.4,NA,Electric sounder measurement,Water level accuracy to nearest tenth of a foot,1,Department of Water Resources,NA,1,Department of Water Resources,NA,NA,48985,07N06E33K001M,07N06E33K001M,Unknown,Unknown,5-021.65,South American,Sacramento,250,Residential,Single Well,NA,2000-10-10 - 2020-09-16,125,fall,72.8,97.7,NA,NA,2015,6.91,1.77,9.23,4,Critical,SAC,2014-10-01T00:00:00Z,2015-10-01T00:00:00Z,-121.324,38.415
384150N1213239W001,2143875,2015-07-08T00:00:00Z,63.2,62.7,0,89.3,-26.1,89.3,88.8,NA,Electric sounder measurement,Water level accuracy to nearest tenth of a foot,1,Department of Water Resources,NA,1,Department of Water Resources,NA,NA,48985,07N06E33K001M,07N06E33K001M,Unknown,Unknown,5-021.65,South American,Sacramento,250,Residential,Single Well,NA,2000-10-10 - 2020-09-16,125,other,NA,NA,NA,NA,2015,6.91,1.77,9.23,4,Critical,SAC,2014-10-01T00:00:00Z,2015-10-01T00:00:00Z,-121.324,38.415
384150N1213239W001,2143885,2015-07-08T00:00:00Z,63.2,62.7,0,89.3,-26.1,89.3,88.8,NA,Electric sounder measurement,Water level accuracy to nearest tenth of a foot,1,Department of Water Resources,NA,1,Department of Water Resources,NA,NA,48985,07N06E33K001M,07N06E33K001M,Unknown,Unknown,5-021.65,South American,Sacramento,250,Residential,Single Well,NA,2000-10-10 - 2020-09-16,125,other,NA,NA,NA,NA,2015,6.91,1.77,9.23,4,Critical,SAC,2014-10-01T00:00:00Z,2015-10-01T00:00:00Z,-121.324,38.415
384150N1213239W001,2143895,2015-07-08T00:00:00Z,63.2,62.7,0,89.3,-26.1,89.3,88.8,NA,Electric sounder measurement,Water level accuracy to nearest tenth of a foot,1,Department of Water Resources,NA,1,Department of Water Resources,NA,NA,48985,07N06E33K001M,07N06E33K001M,Unknown,Unknown,5-021.65,South American,Sacramento,250,Residential,Single Well,NA,2000-10-10 - 2020-09-16,125,other,NA,NA,NA,NA,2015,6.91,1.77,9.23,4,Critical,SAC,2014-10-01T00:00:00Z,2015-10-01T00:00:00Z,-121.324,38.415
384150N1213239W001,2143327,2015-06-23T00:00:00Z,63.2,62.7,0,88.1,-24.9,88.1,87.6,NA,Electric sounder measurement,Water level accuracy to nearest tenth of a foot,1,Department of Water Resources,NA,1,Department of Water Resources,NA,NA,48985,07N06E33K001M,07N06E33K001M,Unknown,Unknown,5-021.65,South American,Sacramento,250,Residential,Single Well,NA,2000-10-10 - 2020-09-16,125,other,NA,NA,NA,NA,2015,6.91,1.77,9.23,4,Critical,SAC,2014-10-01T00:00:00Z,2015-10-01T00:00:00Z,-121.324,38.415
384150N1213239W001,2143317,2015-06-23T00:00:00Z,63.2,62.7,0,88.1,-24.9,88.1,87.6,NA,Electric sounder measurement,Water level accuracy to nearest tenth of a foot,1,Department of Water Resources,NA,1,Department of Water Resources,NA,NA,48985,07N06E33K001M,07N06E33K001M,Unknown,Unknown,5-021.65,South American,Sacramento,250,Residential,Single Well,NA,2000-10-10 - 2020-09-16,125,other,NA,NA,NA,NA,2015,6.91,1.77,9.23,4,Critical,SAC,2014-10-01T00:00:00Z,2015-10-01T00:00:00Z,-121.324,38.415
384150N1213239W001,2143337,2015-06-23T00:00:00Z,63.2,62.7,0,88.1,-24.9,88.1,87.6,NA,Electric sounder measurement,Water level accuracy to nearest tenth of a foot,1,Department of Water Resources,NA,1,Department of Water Resources,NA,NA,48985,07N06E33K001M,07N06E33K001M,Unknown,Unknown,5-021.65,South American,Sacramento,250,Residential,Single Well,NA,2000-10-10 - 2020-09-16,125,other,NA,NA,NA,NA,2015,6.91,1.77,9.23,4,Critical,SAC,2014-10-01T00:00:00Z,2015-10-01T00:00:00Z,-121.324,38.415
384150N1213239W001,2143307,2015-06-23T00:00:00Z,63.2,62.7,0,88.1,-24.9,88.1,87.6,NA,Electric sounder measurement,Water level accuracy to nearest tenth of a foot,1,Department of Water Resources,NA,1,Department of Water Resources,NA,NA,48985,07N06E33K001M,07N06E33K001M,Unknown,Unknown,5-021.65,South American,Sacramento,250,Residential,Single Well,NA,2000-10-10 - 2020-09-16,125,other,NA,NA,NA,NA,2015,6.91,1.77,9.23,4,Critical,SAC,2014-10-01T00:00:00Z,2015-10-01T00:00:00Z,-121.324,38.415
384150N1213239W001,2138695,2015-05-19T00:00:00Z,63.2,62.7,0,87,-23.8,87,86.5,NA,Electric sounder measurement,Water level accuracy to nearest tenth of a foot,1,Department of Water Resources,NA,1,Department of Water Resources,NA,NA,48985,07N06E33K001M,07N06E33K001M,Unknown,Unknown,5-021.65,South American,Sacramento,250,Residential,Single Well,NA,2000-10-10 - 2020-09-16,125,spring,NA,NA,70.8,87.7,2015,6.91,1.77,9.23,4,Critical,SAC,2014-10-01T00:00:00Z,2015-10-01T00:00:00Z,-121.324,38.415
384150N1213239W001,2137730,2015-04-28T00:00:00Z,63.2,62.7,0,86,-22.8,86,85.5,NA,Electric sounder measurement,Water level accuracy to nearest tenth of a foot,1,Department of Water Resources,NA,1,Department of Water Resources,NA,NA,48985,07N06E33K001M,07N06E33K001M,Unknown,Unknown,5-021.65,South American,Sacramento,250,Residential,Single Well,NA,2000-10-10 - 2020-09-16,125,spring,NA,NA,70.8,87.7,2015,6.91,1.77,9.23,4,Critical,SAC,2014-10-01T00:00:00Z,2015-10-01T00:00:00Z,-121.324,38.415
384150N1213239W001,2119291,2015-03-24T00:00:00Z,63.2,62.7,0,85.9,-22.7,85.9,85.4,NA,Electric sounder measurement,Water level accuracy to nearest tenth of a foot,1,Department of Water Resources,NA,1,Department of Water Resources,NA,NA,48985,07N06E33K001M,07N06E33K001M,Unknown,Unknown,5-021.65,South American,Sacramento,250,Residential,Single Well,NA,2000-10-10 - 2020-09-16,125,spring,NA,NA,70.8,87.7,2015,6.91,1.77,9.23,4,Critical,SAC,2014-10-01T00:00:00Z,2015-10-01T00:00:00Z,-121.324,38.415
384150N1213239W001,2115216,2015-02-17T00:00:00Z,63.2,62.7,0,85.9,-22.7,85.9,85.4,NA,Electric sounder measurement,Water level accuracy to nearest tenth of a foot,1,Department of Water Resources,NA,1,Department of Water Resources,NA,NA,48985,07N06E33K001M,07N06E33K001M,Unknown,Unknown,5-021.65,South American,Sacramento,250,Residential,Single Well,NA,2000-10-10 - 2020-09-16,125,other,NA,NA,NA,NA,2015,6.91,1.77,9.23,4,Critical,SAC,2014-10-01T00:00:00Z,2015-10-01T00:00:00Z,-121.324,38.415
384150N1213239W001,2113523,2015-01-21T00:00:00Z,63.2,62.7,0,86.4,-23.2,86.4,85.9,NA,Electric sounder measurement,Water level accuracy to nearest tenth of a foot,1,Department of Water Resources,NA,1,Department of Water Resources,NA,NA,48985,07N06E33K001M,07N06E33K001M,Unknown,Unknown,5-021.65,South American,Sacramento,250,Residential,Single Well,NA,2000-10-10 - 2020-09-16,125,other,NA,NA,NA,NA,2015,6.91,1.77,9.23,4,Critical,SAC,2014-10-01T00:00:00Z,2015-10-01T00:00:00Z,-121.324,38.415
384150N1213239W001,2109756,2014-12-09T00:00:00Z,63.2,62.7,0,87.1,-23.9,87.1,86.6,NA,Electric sounder measurement,Water level accuracy to nearest tenth of a foot,1,Department of Water Resources,NA,1,Department of Water Resources,NA,NA,48985,07N06E33K001M,07N06E33K001M,Unknown,Unknown,5-021.65,South American,Sacramento,250,Residential,Single Well,NA,2000-10-10 - 2020-09-16,125,other,NA,NA,NA,NA,2015,6.91,1.77,9.23,4,Critical,SAC,2014-10-01T00:00:00Z,2015-10-01T00:00:00Z,-121.324,38.415
384150N1213239W001,2107495,2014-11-17T00:00:00Z,63.2,62.7,0,87.8,-24.6,87.8,87.3,NA,Electric sounder measurement,Water level accuracy to nearest tenth of a foot,1,Department of Water Resources,NA,1,Department of Water Resources,NA,NA,48985,07N06E33K001M,07N06E33K001M,Unknown,Unknown,5-021.65,South American,Sacramento,250,Residential,Single Well,NA,2000-10-10 - 2020-09-16,125,fall,72.8,97.7,NA,NA,2015,6.91,1.77,9.23,4,Critical,SAC,2014-10-01T00:00:00Z,2015-10-01T00:00:00Z,-121.324,38.415
384150N1213239W001,2016288,2014-10-14T00:00:00Z,63.2,62.7,0,88.9,-25.7,88.9,88.4,NA,Electric sounder measurement,Water level accuracy to nearest tenth of a foot,1,Department of Water Resources,NA,1,Department of Water Resources,NA,NA,48985,07N06E33K001M,07N06E33K001M,Unknown,Unknown,5-021.65,South American,Sacramento,250,Residential,Single Well,NA,2000-10-10 - 2020-09-16,125,fall,72.8,97.7,NA,NA,2015,6.91,1.77,9.23,4,Critical,SAC,2014-10-01T00:00:00Z,2015-10-01T00:00:00Z,-121.324,38.415
384150N1213239W001,2002544,2014-09-22T00:00:00Z,63.2,62.7,0,88.3,-25.1,88.3,87.8,NA,Electric sounder measurement,Water level accuracy to nearest tenth of a foot,1,Department of Water Resources,NA,1,Department of Water Resources,NA,NA,48985,07N06E33K001M,07N06E33K001M,Unknown,Unknown,5-021.65,South American,Sacramento,250,Residential,Single Well,NA,2000-10-10 - 2020-09-16,125,fall,72.8,97.7,NA,NA,2014,4.29,2.59,7.46,4.07,Critical,SAC,2013-10-01T00:00:00Z,2014-10-01T00:00:00Z,-121.324,38.415
384150N1213239W001,1995569,2014-08-20T00:00:00Z,63.2,62.7,0,88.4,-25.2,88.4,87.9,NA,Electric sounder measurement,Water level accuracy to nearest tenth of a foot,1,Department of Water Resources,spoke with owners,1,Department of Water Resources,NA,NA,48985,07N06E33K001M,07N06E33K001M,Unknown,Unknown,5-021.65,South American,Sacramento,250,Residential,Single Well,NA,2000-10-10 - 2020-09-16,125,fall,72.8,97.7,NA,NA,2014,4.29,2.59,7.46,4.07,Critical,SAC,2013-10-01T00:00:00Z,2014-10-01T00:00:00Z,-121.324,38.415
384150N1213239W001,1993617,2014-07-31T00:00:00Z,63.2,62.7,0,87.4,-24.2,87.4,86.9,NA,Electric sounder measurement,Water level accuracy to nearest tenth of a foot,1,Department of Water Resources,spoke with owners,1,Department of Water Resources,NA,NA,48985,07N06E33K001M,07N06E33K001M,Unknown,Unknown,5-021.65,South American,Sacramento,250,Residential,Single Well,NA,2000-10-10 - 2020-09-16,125,other,NA,NA,NA,NA,2014,4.29,2.59,7.46,4.07,Critical,SAC,2013-10-01T00:00:00Z,2014-10-01T00:00:00Z,-121.324,38.415
384150N1213239W001,1991016,2014-06-25T00:00:00Z,63.2,62.7,0,86.2,-23,86.2,85.7,NA,Electric sounder measurement,Water level accuracy to nearest tenth of a foot,1,Department of Water Resources,spoke with owners,1,Department of Water Resources,NA,NA,48985,07N06E33K001M,07N06E33K001M,Unknown,Unknown,5-021.65,South American,Sacramento,250,Residential,Single Well,NA,2000-10-10 - 2020-09-16,125,other,NA,NA,NA,NA,2014,4.29,2.59,7.46,4.07,Critical,SAC,2013-10-01T00:00:00Z,2014-10-01T00:00:00Z,-121.324,38.415
384150N1213239W001,1986348,2014-05-21T00:00:00Z,63.2,62.7,0,84.8,-21.6,84.8,84.3,NA,Electric sounder measurement,Water level accuracy to nearest tenth of a foot,1,Department of Water Resources,NA,1,Department of Water Resources,NA,NA,48985,07N06E33K001M,07N06E33K001M,Unknown,Unknown,5-021.65,South American,Sacramento,250,Residential,Single Well,NA,2000-10-10 - 2020-09-16,125,spring,NA,NA,70.8,87.7,2014,4.29,2.59,7.46,4.07,Critical,SAC,2013-10-01T00:00:00Z,2014-10-01T00:00:00Z,-121.324,38.415
384150N1213239W001,1975909,2014-04-18T00:00:00Z,63.2,62.7,0,83.8,-20.6,83.8,83.3,NA,Electric sounder measurement,Water level accuracy to nearest tenth of a foot,1,Department of Water Resources,NA,1,Department of Water Resources,NA,NA,48985,07N06E33K001M,07N06E33K001M,Unknown,Unknown,5-021.65,South American,Sacramento,250,Residential,Single Well,NA,2000-10-10 - 2020-09-16,125,spring,NA,NA,70.8,87.7,2014,4.29,2.59,7.46,4.07,Critical,SAC,2013-10-01T00:00:00Z,2014-10-01T00:00:00Z,-121.324,38.415
384150N1213239W001,1878633,2014-03-19T00:00:00Z,63.2,62.7,0,83.4,-20.2,83.4,82.9,NA,Electric sounder measurement,Water level accuracy to nearest tenth of a foot,1,Department of Water Resources,NA,1,Department of Water Resources,NA,NA,48985,07N06E33K001M,07N06E33K001M,Unknown,Unknown,5-021.65,South American,Sacramento,250,Residential,Single Well,NA,2000-10-10 - 2020-09-16,125,spring,NA,NA,70.8,87.7,2014,4.29,2.59,7.46,4.07,Critical,SAC,2013-10-01T00:00:00Z,2014-10-01T00:00:00Z,-121.324,38.415
384150N1213239W001,1876307,2014-02-25T00:00:00Z,63.2,62.7,0,83.5,-20.3,83.5,83,NA,Electric sounder measurement,Water level accuracy to nearest tenth of a foot,1,Department of Water Resources,spoke with owners,1,Department of Water Resources,NA,NA,48985,07N06E33K001M,07N06E33K001M,Unknown,Unknown,5-021.65,South American,Sacramento,250,Residential,Single Well,NA,2000-10-10 - 2020-09-16,125,other,NA,NA,NA,NA,2014,4.29,2.59,7.46,4.07,Critical,SAC,2013-10-01T00:00:00Z,2014-10-01T00:00:00Z,-121.324,38.415
384150N1213239W001,1825613,2014-01-31T00:00:00Z,63.2,62.7,0,84,-20.8,84,83.5,NA,Electric sounder measurement,Water level accuracy to nearest tenth of a foot,1,Department of Water Resources,NA,1,Department of Water Resources,NA,NA,48985,07N06E33K001M,07N06E33K001M,Unknown,Unknown,5-021.65,South American,Sacramento,250,Residential,Single Well,NA,2000-10-10 - 2020-09-16,125,other,NA,NA,NA,NA,2014,4.29,2.59,7.46,4.07,Critical,SAC,2013-10-01T00:00:00Z,2014-10-01T00:00:00Z,-121.324,38.415
384150N1213239W001,1808553,2013-12-05T00:00:00Z,63.2,62.7,0,84.4,-21.2,84.4,83.9,NA,Electric sounder measurement,Water level accuracy to nearest tenth of a foot,1,Department of Water Resources,NA,1,Department of Water Resources,NA,NA,48985,07N06E33K001M,07N06E33K001M,Unknown,Unknown,5-021.65,South American,Sacramento,250,Residential,Single Well,NA,2000-10-10 - 2020-09-16,125,other,NA,NA,NA,NA,2014,4.29,2.59,7.46,4.07,Critical,SAC,2013-10-01T00:00:00Z,2014-10-01T00:00:00Z,-121.324,38.415
384150N1213239W001,1795880,2013-09-27T00:00:00Z,63.2,62.7,0,85.5,-22.3,85.5,85,NA,Electric sounder measurement,Water level accuracy to nearest tenth of a foot,1,Department of Water Resources,NA,1,Department of Water Resources,NA,NA,48985,07N06E33K001M,07N06E33K001M,Unknown,Unknown,5-021.65,South American,Sacramento,250,Residential,Single Well,NA,2000-10-10 - 2020-09-16,125,fall,72.8,97.7,NA,NA,2013,8.52,3.01,12.19,5.83,Dry,SAC,2012-10-01T00:00:00Z,2013-10-01T00:00:00Z,-121.324,38.415
384150N1213239W001,1739498,2013-07-31T00:00:00Z,63.2,62.7,0,84.5,-21.3,84.5,84,NA,Electric sounder measurement,Water level accuracy to nearest tenth of a foot,1,Department of Water Resources,NA,1,Department of Water Resources,NA,NA,48985,07N06E33K001M,07N06E33K001M,Unknown,Unknown,5-021.65,South American,Sacramento,250,Residential,Single Well,NA,2000-10-10 - 2020-09-16,125,other,NA,NA,NA,NA,2013,8.52,3.01,12.19,5.83,Dry,SAC,2012-10-01T00:00:00Z,2013-10-01T00:00:00Z,-121.324,38.415
384150N1213239W001,1735661,2013-06-27T00:00:00Z,63.2,62.7,0,83.3,-20.1,83.3,82.8,NA,Electric sounder measurement,Water level accuracy to nearest tenth of a foot,1,Department of Water Resources,NA,1,Department of Water Resources,NA,NA,48985,07N06E33K001M,07N06E33K001M,Unknown,Unknown,5-021.65,South American,Sacramento,250,Residential,Single Well,NA,2000-10-10 - 2020-09-16,125,other,NA,NA,NA,NA,2013,8.52,3.01,12.19,5.83,Dry,SAC,2012-10-01T00:00:00Z,2013-10-01T00:00:00Z,-121.324,38.415
384150N1213239W001,1703966,2013-03-21T00:00:00Z,63.2,62.7,0,79.1,-15.9,79.1,78.6,NA,Electric sounder measurement,Water level accuracy to nearest tenth of a foot,1,Department of Water Resources,NA,1,Department of Water Resources,NA,NA,48985,07N06E33K001M,07N06E33K001M,Unknown,Unknown,5-021.65,South American,Sacramento,250,Residential,Single Well,NA,2000-10-10 - 2020-09-16,125,spring,NA,NA,70.8,87.7,2013,8.52,3.01,12.19,5.83,Dry,SAC,2012-10-01T00:00:00Z,2013-10-01T00:00:00Z,-121.324,38.415
384150N1213239W001,55112,2012-03-29T00:00:00Z,63.2,62.7,0,78.1,-14.9,78.1,77.6,NA,Electric sounder measurement,Water level accuracy to nearest hundredth of a foot,1,Department of Water Resources,NA,1,Department of Water Resources,NA,NA,48985,07N06E33K001M,07N06E33K001M,Unknown,Unknown,5-021.65,South American,Sacramento,250,Residential,Single Well,NA,2000-10-10 - 2020-09-16,125,spring,NA,NA,70.8,87.7,2012,5.69,5.46,11.84,6.89,Below Normal,SAC,2011-10-01T00:00:00Z,2012-10-01T00:00:00Z,-121.324,38.415
384150N1213239W001,1444548,2011-10-20T00:00:00Z,63.2,62.7,0,81.4,-18.2,81.4,80.9,NA,Unknown,Water level accuracy is unknown,1,Department of Water Resources,NA,1,Department of Water Resources,NA,NA,48985,07N06E33K001M,07N06E33K001M,Unknown,Unknown,5-021.65,South American,Sacramento,250,Residential,Single Well,NA,2000-10-10 - 2020-09-16,125,fall,72.8,97.7,NA,NA,2012,5.69,5.46,11.84,6.89,Below Normal,SAC,2011-10-01T00:00:00Z,2012-10-01T00:00:00Z,-121.324,38.415
384150N1213239W001,1444547,2011-04-04T00:00:00Z,63.2,62.7,0,80.3,-17.1,80.3,79.8,NA,Unknown,Water level accuracy is unknown,1,Department of Water Resources,NA,1,Department of Water Resources,NA,NA,48985,07N06E33K001M,07N06E33K001M,Unknown,Unknown,5-021.65,South American,Sacramento,250,Residential,Single Well,NA,2000-10-10 - 2020-09-16,125,spring,NA,NA,70.8,87.7,2011,12.68,11.53,25.21,10.54,Wet,SAC,2010-10-01T00:00:00Z,2011-10-01T00:00:00Z,-121.324,38.415
384150N1213239W001,1444546,2010-12-01T00:00:00Z,63.2,62.7,0,86.3,-23.1,86.3,85.8,NA,Unknown,Water level accuracy is unknown,1,Department of Water Resources,NA,1,Department of Water Resources,NA,NA,48985,07N06E33K001M,07N06E33K001M,Unknown,Unknown,5-021.65,South American,Sacramento,250,Residential,Single Well,NA,2000-10-10 - 2020-09-16,125,other,NA,NA,NA,NA,2011,12.68,11.53,25.21,10.54,Wet,SAC,2010-10-01T00:00:00Z,2011-10-01T00:00:00Z,-121.324,38.415
384150N1213239W001,1444544,2010-03-18T00:00:00Z,63.2,62.7,0,83.8,-20.6,83.8,83.3,NA,Unknown,Water level accuracy is unknown,1,Department of Water Resources,NA,1,Department of Water Resources,NA,NA,48985,07N06E33K001M,07N06E33K001M,Unknown,Unknown,5-021.65,South American,Sacramento,250,Residential,Single Well,NA,2000-10-10 - 2020-09-16,125,spring,NA,NA,70.8,87.7,2010,7.45,7.78,16.01,7.08,Below Normal,SAC,2009-10-01T00:00:00Z,2010-10-01T00:00:00Z,-121.324,38.415
384150N1213239W001,1444543,2009-12-21T00:00:00Z,63.2,62.7,0,85.9,-22.7,85.9,85.4,NA,Unknown,Water level accuracy is unknown,1,Department of Water Resources,NA,1,Department of Water Resources,NA,NA,48985,07N06E33K001M,07N06E33K001M,Unknown,Unknown,5-021.65,South American,Sacramento,250,Residential,Single Well,NA,2000-10-10 - 2020-09-16,125,other,NA,NA,NA,NA,2010,7.45,7.78,16.01,7.08,Below Normal,SAC,2009-10-01T00:00:00Z,2010-10-01T00:00:00Z,-121.324,38.415
384150N1213239W001,1444541,2009-10-19T00:00:00Z,63.2,62.7,0,87.1,-23.9,87.1,86.6,NA,Unknown,Water level accuracy is unknown,1,Department of Water Resources,NA,1,Department of Water Resources,NA,NA,48985,07N06E33K001M,07N06E33K001M,Unknown,Unknown,5-021.65,South American,Sacramento,250,Residential,Single Well,NA,2000-10-10 - 2020-09-16,125,fall,72.8,97.7,NA,NA,2010,7.45,7.78,16.01,7.08,Below Normal,SAC,2009-10-01T00:00:00Z,2010-10-01T00:00:00Z,-121.324,38.415
384150N1213239W001,1444540,2009-09-15T00:00:00Z,63.2,62.7,0,87,-23.8,87,86.5,NA,Unknown,Water level accuracy is unknown,1,Department of Water Resources,NA,1,Department of Water Resources,NA,NA,48985,07N06E33K001M,07N06E33K001M,Unknown,Unknown,5-021.65,South American,Sacramento,250,Residential,Single Well,NA,2000-10-10 - 2020-09-16,125,fall,72.8,97.7,NA,NA,2009,7.05,5.3,13.02,5.78,Dry,SAC,2008-10-01T00:00:00Z,2009-10-01T00:00:00Z,-121.324,38.415
384150N1213239W001,1444539,2009-08-12T00:00:00Z,63.2,62.7,0,87.1,-23.9,87.1,86.6,NA,Unknown,Water level accuracy is unknown,1,Department of Water Resources,NA,1,Department of Water Resources,NA,NA,48985,07N06E33K001M,07N06E33K001M,Unknown,Unknown,5-021.65,South American,Sacramento,250,Residential,Single Well,NA,2000-10-10 - 2020-09-16,125,fall,72.8,97.7,NA,NA,2009,7.05,5.3,13.02,5.78,Dry,SAC,2008-10-01T00:00:00Z,2009-10-01T00:00:00Z,-121.324,38.415
384150N1213239W001,1444538,2009-07-16T00:00:00Z,63.2,62.7,0,87,-23.8,87,86.5,NA,Unknown,Water level accuracy is unknown,1,Department of Water Resources,NA,1,Department of Water Resources,NA,NA,48985,07N06E33K001M,07N06E33K001M,Unknown,Unknown,5-021.65,South American,Sacramento,250,Residential,Single Well,NA,2000-10-10 - 2020-09-16,125,other,NA,NA,NA,NA,2009,7.05,5.3,13.02,5.78,Dry,SAC,2008-10-01T00:00:00Z,2009-10-01T00:00:00Z,-121.324,38.415
384150N1213239W001,1444537,2009-06-24T00:00:00Z,63.2,62.7,0,85,-21.8,85,84.5,NA,Unknown,Water level accuracy is unknown,1,Department of Water Resources,NA,1,Department of Water Resources,NA,NA,48985,07N06E33K001M,07N06E33K001M,Unknown,Unknown,5-021.65,South American,Sacramento,250,Residential,Single Well,NA,2000-10-10 - 2020-09-16,125,other,NA,NA,NA,NA,2009,7.05,5.3,13.02,5.78,Dry,SAC,2008-10-01T00:00:00Z,2009-10-01T00:00:00Z,-121.324,38.415
384150N1213239W001,1444535,2009-04-29T00:00:00Z,63.2,62.7,0,83.2,-20,83.2,82.7,NA,Unknown,Water level accuracy is unknown,1,Department of Water Resources,NA,1,Department of Water Resources,NA,NA,48985,07N06E33K001M,07N06E33K001M,Unknown,Unknown,5-021.65,South American,Sacramento,250,Residential,Single Well,NA,2000-10-10 - 2020-09-16,125,spring,NA,NA,70.8,87.7,2009,7.05,5.3,13.02,5.78,Dry,SAC,2008-10-01T00:00:00Z,2009-10-01T00:00:00Z,-121.324,38.415
384150N1213239W001,1444534,2008-11-24T00:00:00Z,63.2,62.7,0,85,-21.8,85,84.5,NA,Unknown,Water level accuracy is unknown,1,Department of Water Resources,NA,1,Department of Water Resources,NA,NA,48985,07N06E33K001M,07N06E33K001M,Unknown,Unknown,5-021.65,South American,Sacramento,250,Residential,Single Well,NA,2000-10-10 - 2020-09-16,125,fall,72.8,97.7,NA,NA,2009,7.05,5.3,13.02,5.78,Dry,SAC,2008-10-01T00:00:00Z,2009-10-01T00:00:00Z,-121.324,38.415
384150N1213239W001,1444532,2007-10-29T00:00:00Z,63.2,62.7,0,81.5,-18.3,81.5,81,NA,Unknown,Water level accuracy is unknown,1,Department of Water Resources,NA,1,Department of Water Resources,NA,NA,48985,07N06E33K001M,07N06E33K001M,Unknown,Unknown,5-021.65,South American,Sacramento,250,Residential,Single Well,NA,2000-10-10 - 2020-09-16,125,fall,72.8,97.7,NA,NA,2008,5.9,3.82,10.28,5.16,Critical,SAC,2007-10-01T00:00:00Z,2008-10-01T00:00:00Z,-121.324,38.415
384150N1213239W001,1444531,2007-04-05T00:00:00Z,63.2,62.7,0,76,-12.8,76,75.5,NA,Unknown,Water level accuracy is unknown,1,Department of Water Resources,NA,1,Department of Water Resources,NA,NA,48985,07N06E33K001M,07N06E33K001M,Unknown,Unknown,5-021.65,South American,Sacramento,250,Residential,Single Well,NA,2000-10-10 - 2020-09-16,125,spring,NA,NA,70.8,87.7,2007,6.59,3.04,10.28,6.19,Dry,SAC,2006-10-01T00:00:00Z,2007-10-01T00:00:00Z,-121.324,38.415
384150N1213239W001,1444530,2006-10-18T00:00:00Z,63.2,62.7,0,78.8,-15.6,78.8,78.3,NA,Unknown,Water level accuracy is unknown,1,Department of Water Resources,NA,1,Department of Water Resources,NA,NA,48985,07N06E33K001M,07N06E33K001M,Unknown,Unknown,5-021.65,South American,Sacramento,250,Residential,Single Well,NA,2000-10-10 - 2020-09-16,125,fall,72.8,97.7,NA,NA,2007,6.59,3.04,10.28,6.19,Dry,SAC,2006-10-01T00:00:00Z,2007-10-01T00:00:00Z,-121.324,38.415
384150N1213239W001,1444527,2005-04-15T00:00:00Z,63.2,62.7,0,83.7,-20.5,83.7,83.2,NA,Unknown,Water level accuracy is unknown,1,Department of Water Resources,NA,1,Department of Water Resources,NA,NA,48985,07N06E33K001M,07N06E33K001M,Unknown,Unknown,5-021.65,South American,Sacramento,250,Residential,Single Well,NA,2000-10-10 - 2020-09-16,125,spring,NA,NA,70.8,87.7,2005,8.4,9.28,18.55,8.49,Above Normal,SAC,2004-10-01T00:00:00Z,2005-10-01T00:00:00Z,-121.324,38.415
384150N1213239W001,1444525,2004-03-16T00:00:00Z,63.2,62.7,0,84.3,-21.1,84.3,83.8,NA,Unknown,Water level accuracy is unknown,1,Department of Water Resources,NA,1,Department of Water Resources,NA,NA,48985,07N06E33K001M,07N06E33K001M,Unknown,Unknown,5-021.65,South American,Sacramento,250,Residential,Single Well,NA,2000-10-10 - 2020-09-16,125,spring,NA,NA,70.8,87.7,2004,10.95,4.4,16.04,7.51,Below Normal,SAC,2003-10-01T00:00:00Z,2004-10-01T00:00:00Z,-121.324,38.415
384150N1213239W001,1444524,2003-10-20T00:00:00Z,63.2,62.7,0,88.2,-25,88.2,87.7,NA,Unknown,Water level accuracy is unknown,1,Department of Water Resources,NA,1,Department of Water Resources,NA,NA,48985,07N06E33K001M,07N06E33K001M,Unknown,Unknown,5-021.65,South American,Sacramento,250,Residential,Single Well,NA,2000-10-10 - 2020-09-16,125,fall,72.8,97.7,NA,NA,2004,10.95,4.4,16.04,7.51,Below Normal,SAC,2003-10-01T00:00:00Z,2004-10-01T00:00:00Z,-121.324,38.415
384150N1213239W001,1444523,2003-04-04T00:00:00Z,63.2,62.7,0,78.9,-15.7,78.9,78.4,NA,Unknown,Water level accuracy is unknown,1,Department of Water Resources,NA,1,Department of Water Resources,NA,NA,48985,07N06E33K001M,07N06E33K001M,Unknown,Unknown,5-021.65,South American,Sacramento,250,Residential,Single Well,NA,2000-10-10 - 2020-09-16,125,spring,NA,NA,70.8,87.7,2003,10.71,7.74,19.31,8.21,Above Normal,SAC,2002-10-01T00:00:00Z,2003-10-01T00:00:00Z,-121.324,38.415
384150N1213239W001,1444522,2002-11-18T00:00:00Z,63.2,62.7,0,98.2,-35,98.2,97.7,NA,Unknown,Water level accuracy is unknown,1,Department of Water Resources,NA,1,Department of Water Resources,NA,NA,48985,07N06E33K001M,07N06E33K001M,Unknown,Unknown,5-021.65,South American,Sacramento,250,Residential,Single Well,NA,2000-10-10 - 2020-09-16,125,fall,72.8,97.7,NA,NA,2003,10.71,7.74,19.31,8.21,Above Normal,SAC,2002-10-01T00:00:00Z,2003-10-01T00:00:00Z,-121.324,38.415
384150N1213239W001,1444521,2002-04-15T00:00:00Z,63.2,62.7,0,80.9,-17.7,80.9,80.4,NA,Unknown,Water level accuracy is unknown,1,Department of Water Resources,NA,1,Department of Water Resources,NA,NA,48985,07N06E33K001M,07N06E33K001M,Unknown,Unknown,5-021.65,South American,Sacramento,250,Residential,Single Well,NA,2000-10-10 - 2020-09-16,125,spring,NA,NA,70.8,87.7,2002,9.32,4.57,14.6,6.35,Dry,SAC,2001-10-01T00:00:00Z,2002-10-01T00:00:00Z,-121.324,38.415
384150N1213239W001,1444519,2001-05-24T00:00:00Z,63.2,62.7,0,79.1,-15.9,79.1,78.6,NA,Unknown,Water level accuracy is unknown,1,Department of Water Resources,NA,1,Department of Water Resources,NA,NA,48985,07N06E33K001M,07N06E33K001M,Unknown,Unknown,5-021.65,South American,Sacramento,250,Residential,Single Well,NA,2000-10-10 - 2020-09-16,125,spring,NA,NA,70.8,87.7,2001,5.64,3.46,9.81,5.76,Dry,SAC,2000-10-01T00:00:00Z,2001-10-01T00:00:00Z,-121.324,38.415
384150N1213239W001,1444518,2000-10-10T00:00:00Z,63.2,62.7,0,81.5,-18.3,81.5,81,NA,Unknown,Water level accuracy is unknown,1,Department of Water Resources,NA,1,Department of Water Resources,NA,NA,48985,07N06E33K001M,07N06E33K001M,Unknown,Unknown,5-021.65,South American,Sacramento,250,Residential,Single Well,NA,2000-10-10 - 2020-09-16,125,fall,72.8,97.7,NA,NA,2001,5.64,3.46,9.81,5.76,Dry,SAC,2000-10-01T00:00:00Z,2001-10-01T00:00:00Z,-121.324,38.415
