SITE_CODE,WLM_ID,MSMT_DATE,WLM_RPE,WLM_GSE,RDNG_WS,RDNG_RP,WSE,RPE_WSE,GSE_WSE,WLM_QA_DESC,WLM_DESC,WLM_ACC_DESC,WLM_ORG_ID,WLM_ORG_NAME,MSMT_CMT,COOP_AGENCY_ORG_ID,COOP_ORG_NAME,TOP_PRF,BOT_PRF,STN_ID,SWN,WELL_NAME,WLM_METHOD,WLM_ACC,BASIN_CODE,BASIN_NAME,COUNTY_NAME,WELL_DEPTH,WELL_USE,WELL_TYPE,WCR_NO,t_range,n_samples,season,fall_high,fall_low,spring_high,spring_low,water_year,Oct.Mar,Apr.Jul,WYsum,Index,water_year_type,region,water_year_start,water_year_end,X,Y
384251N1213346W001,1444442,2004-03-01T00:00:00Z,61.38,61.38,0,94,-32.62,94,94,NA,Unknown,Water level accuracy is unknown,1,Department of Water Resources,NA,1074,SACRAMENTO MUNICIPAL UTILITY DISTRICT,NA,NA,4782,07N06E28N001M,NA,Unknown,Unknown,5-021.65,South American,Sacramento,NA,Irrigation,Unknown,NA,1990-03-15 - 2004-03-01,25,spring,NA,NA,89.7,109.2,2004,10.95,4.4,16.04,7.51,Below Normal,SAC,2003-10-01T00:00:00Z,2004-10-01T00:00:00Z,-121.335,38.4251
384251N1213346W001,1444443,2003-10-01T00:00:00Z,61.38,61.38,0,95.7,-34.32,95.7,95.7,NA,Unknown,Water level accuracy is unknown,1,Department of Water Resources,NA,1074,SACRAMENTO MUNICIPAL UTILITY DISTRICT,NA,NA,4782,07N06E28N001M,NA,Unknown,Unknown,5-021.65,South American,Sacramento,NA,Irrigation,Unknown,NA,1990-03-15 - 2004-03-01,25,fall,91.3,111.5,NA,NA,2004,10.95,4.4,16.04,7.51,Below Normal,SAC,2003-10-01T00:00:00Z,2004-10-01T00:00:00Z,-121.335,38.4251
384251N1213346W001,1444440,2003-03-15T00:00:00Z,61.38,61.38,0,91.3,-29.92,91.3,91.3,NA,Unknown,Water level accuracy is unknown,1,Department of Water Resources,NA,1074,SACRAMENTO MUNICIPAL UTILITY DISTRICT,NA,NA,4782,07N06E28N001M,NA,Unknown,Unknown,5-021.65,South American,Sacramento,NA,Irrigation,Unknown,NA,1990-03-15 - 2004-03-01,25,spring,NA,NA,89.7,109.2,2003,10.71,7.74,19.31,8.21,Above Normal,SAC,2002-10-01T00:00:00Z,2003-10-01T00:00:00Z,-121.335,38.4251
384251N1213346W001,1444438,2002-10-01T00:00:00Z,61.38,61.38,0,91.3,-29.92,91.3,91.3,NA,Unknown,Water level accuracy is unknown,1,Department of Water Resources,NA,1074,SACRAMENTO MUNICIPAL UTILITY DISTRICT,NA,NA,4782,07N06E28N001M,NA,Unknown,Unknown,5-021.65,South American,Sacramento,NA,Irrigation,Unknown,NA,1990-03-15 - 2004-03-01,25,fall,91.3,111.5,NA,NA,2003,10.71,7.74,19.31,8.21,Above Normal,SAC,2002-10-01T00:00:00Z,2003-10-01T00:00:00Z,-121.335,38.4251
384251N1213346W001,1444439,2001-10-01T00:00:00Z,61.38,61.38,0,95.4,-34.02,95.4,95.4,NA,Unknown,Water level accuracy is unknown,1,Department of Water Resources,NA,1074,SACRAMENTO MUNICIPAL UTILITY DISTRICT,NA,NA,4782,07N06E28N001M,NA,Unknown,Unknown,5-021.65,South American,Sacramento,NA,Irrigation,Unknown,NA,1990-03-15 - 2004-03-01,25,fall,91.3,111.5,NA,NA,2002,9.32,4.57,14.6,6.35,Dry,SAC,2001-10-01T00:00:00Z,2002-10-01T00:00:00Z,-121.335,38.4251
384251N1213346W001,1444441,2001-03-15T00:00:00Z,61.38,61.38,0,89.7,-28.32,89.7,89.7,NA,Unknown,Water level accuracy is unknown,1,Department of Water Resources,NA,1074,SACRAMENTO MUNICIPAL UTILITY DISTRICT,NA,NA,4782,07N06E28N001M,NA,Unknown,Unknown,5-021.65,South American,Sacramento,NA,Irrigation,Unknown,NA,1990-03-15 - 2004-03-01,25,spring,NA,NA,89.7,109.2,2001,5.64,3.46,9.81,5.76,Dry,SAC,2000-10-01T00:00:00Z,2001-10-01T00:00:00Z,-121.335,38.4251
384251N1213346W001,1444434,2000-03-15T00:00:00Z,61.38,61.38,0,96.1,-34.72,96.1,96.1,NA,Unknown,Water level accuracy is unknown,1,Department of Water Resources,NA,1074,SACRAMENTO MUNICIPAL UTILITY DISTRICT,NA,NA,4782,07N06E28N001M,NA,Unknown,Unknown,5-021.65,South American,Sacramento,NA,Irrigation,Unknown,NA,1990-03-15 - 2004-03-01,25,spring,NA,NA,89.7,109.2,2000,12.06,5.96,18.9,8.94,Above Normal,SAC,1999-10-01T00:00:00Z,2000-10-01T00:00:00Z,-121.335,38.4251
384251N1213346W001,1444433,1999-03-15T00:00:00Z,61.38,61.38,0,97.2,-35.82,97.2,97.2,NA,Unknown,Water level accuracy is unknown,1,Department of Water Resources,NA,1074,SACRAMENTO MUNICIPAL UTILITY DISTRICT,NA,NA,4782,07N06E28N001M,NA,Unknown,Unknown,5-021.65,South American,Sacramento,NA,Irrigation,Unknown,NA,1990-03-15 - 2004-03-01,25,spring,NA,NA,89.7,109.2,1999,12.97,7.26,21.19,9.8,Wet,SAC,1998-10-01T00:00:00Z,1999-10-01T00:00:00Z,-121.335,38.4251
384251N1213346W001,1444437,1998-10-15T00:00:00Z,61.38,61.38,0,104.3,-42.92,104.3,104.3,NA,Unknown,Water level accuracy is unknown,1,Department of Water Resources,NA,1074,SACRAMENTO MUNICIPAL UTILITY DISTRICT,NA,NA,4782,07N06E28N001M,NA,Unknown,Unknown,5-021.65,South American,Sacramento,NA,Irrigation,Unknown,NA,1990-03-15 - 2004-03-01,25,fall,91.3,111.5,NA,NA,1999,12.97,7.26,21.19,9.8,Wet,SAC,1998-10-01T00:00:00Z,1999-10-01T00:00:00Z,-121.335,38.4251
384251N1213346W001,1444436,1997-10-15T00:00:00Z,61.38,61.38,0,106.7,-45.32,106.7,106.7,NA,Unknown,Water level accuracy is unknown,1,Department of Water Resources,NA,1074,SACRAMENTO MUNICIPAL UTILITY DISTRICT,NA,NA,4782,07N06E28N001M,NA,Unknown,Unknown,5-021.65,South American,Sacramento,NA,Irrigation,Unknown,NA,1990-03-15 - 2004-03-01,25,fall,91.3,111.5,NA,NA,1998,17.65,12.54,31.4,13.31,Wet,SAC,1997-10-01T00:00:00Z,1998-10-01T00:00:00Z,-121.335,38.4251
384251N1213346W001,1444435,1997-03-15T00:00:00Z,61.38,61.38,0,99,-37.62,99,99,NA,Unknown,Water level accuracy is unknown,1,Department of Water Resources,NA,1074,SACRAMENTO MUNICIPAL UTILITY DISTRICT,NA,NA,4782,07N06E28N001M,NA,Unknown,Unknown,5-021.65,South American,Sacramento,NA,Irrigation,Unknown,NA,1990-03-15 - 2004-03-01,25,spring,NA,NA,89.7,109.2,1997,20.22,4.39,25.42,10.82,Wet,SAC,1996-10-01T00:00:00Z,1997-10-01T00:00:00Z,-121.335,38.4251
384251N1213346W001,1444432,1996-10-15T00:00:00Z,61.38,61.38,0,108.2,-46.82,108.2,108.2,NA,Unknown,Water level accuracy is unknown,1,Department of Water Resources,NA,1074,SACRAMENTO MUNICIPAL UTILITY DISTRICT,NA,NA,4782,07N06E28N001M,NA,Unknown,Unknown,5-021.65,South American,Sacramento,NA,Irrigation,Unknown,NA,1990-03-15 - 2004-03-01,25,fall,91.3,111.5,NA,NA,1997,20.22,4.39,25.42,10.82,Wet,SAC,1996-10-01T00:00:00Z,1997-10-01T00:00:00Z,-121.335,38.4251
384251N1213346W001,1444431,1996-03-15T00:00:00Z,61.38,61.38,0,107.1,-45.72,107.1,107.1,NA,Unknown,Water level accuracy is unknown,1,Department of Water Resources,NA,1074,SACRAMENTO MUNICIPAL UTILITY DISTRICT,NA,NA,4782,07N06E28N001M,NA,Unknown,Unknown,5-021.65,South American,Sacramento,NA,Irrigation,Unknown,NA,1990-03-15 - 2004-03-01,25,spring,NA,NA,89.7,109.2,1996,13.05,8.37,22.29,10.26,Wet,SAC,1995-10-01T00:00:00Z,1996-10-01T00:00:00Z,-121.335,38.4251
384251N1213346W001,1444430,1995-10-15T00:00:00Z,61.38,61.38,0,109.8,-48.42,109.8,109.8,NA,Unknown,Water level accuracy is unknown,1,Department of Water Resources,NA,1074,SACRAMENTO MUNICIPAL UTILITY DISTRICT,NA,NA,4782,07N06E28N001M,NA,Unknown,Unknown,5-021.65,South American,Sacramento,NA,Irrigation,Unknown,NA,1990-03-15 - 2004-03-01,25,fall,91.3,111.5,NA,NA,1996,13.05,8.37,22.29,10.26,Wet,SAC,1995-10-01T00:00:00Z,1996-10-01T00:00:00Z,-121.335,38.4251
384251N1213346W001,1444429,1995-03-15T00:00:00Z,61.38,61.38,0,109.2,-47.82,109.2,109.2,NA,Unknown,Water level accuracy is unknown,1,Department of Water Resources,NA,1074,SACRAMENTO MUNICIPAL UTILITY DISTRICT,NA,NA,4782,07N06E28N001M,NA,Unknown,Unknown,5-021.65,South American,Sacramento,NA,Irrigation,Unknown,NA,1990-03-15 - 2004-03-01,25,spring,NA,NA,89.7,109.2,1995,19.83,13.6,34.55,12.89,Wet,SAC,1994-10-01T00:00:00Z,1995-10-01T00:00:00Z,-121.335,38.4251
384251N1213346W001,1444428,1994-10-15T00:00:00Z,61.38,61.38,0,106.9,-45.52,106.9,106.9,NA,Unknown,Water level accuracy is unknown,1,Department of Water Resources,NA,1074,SACRAMENTO MUNICIPAL UTILITY DISTRICT,NA,NA,4782,07N06E28N001M,NA,Unknown,Unknown,5-021.65,South American,Sacramento,NA,Irrigation,Unknown,NA,1990-03-15 - 2004-03-01,25,fall,91.3,111.5,NA,NA,1995,19.83,13.6,34.55,12.89,Wet,SAC,1994-10-01T00:00:00Z,1995-10-01T00:00:00Z,-121.335,38.4251
384251N1213346W001,1444427,1994-03-15T00:00:00Z,61.38,61.38,0,107.8,-46.42,107.8,107.8,NA,Unknown,Water level accuracy is unknown,1,Department of Water Resources,NA,1074,SACRAMENTO MUNICIPAL UTILITY DISTRICT,NA,NA,4782,07N06E28N001M,NA,Unknown,Unknown,5-021.65,South American,Sacramento,NA,Irrigation,Unknown,NA,1990-03-15 - 2004-03-01,25,spring,NA,NA,89.7,109.2,1994,4.55,2.73,7.81,5.02,Critical,SAC,1993-10-01T00:00:00Z,1994-10-01T00:00:00Z,-121.335,38.4251
384251N1213346W001,1444426,1993-10-15T00:00:00Z,61.38,61.38,0,107.6,-46.22,107.6,107.6,NA,Unknown,Water level accuracy is unknown,1,Department of Water Resources,NA,1074,SACRAMENTO MUNICIPAL UTILITY DISTRICT,NA,NA,4782,07N06E28N001M,NA,Unknown,Unknown,5-021.65,South American,Sacramento,NA,Irrigation,Unknown,NA,1990-03-15 - 2004-03-01,25,fall,91.3,111.5,NA,NA,1994,4.55,2.73,7.81,5.02,Critical,SAC,1993-10-01T00:00:00Z,1994-10-01T00:00:00Z,-121.335,38.4251
384251N1213346W001,1444425,1993-03-15T00:00:00Z,61.38,61.38,0,108.9,-47.52,108.9,108.9,NA,Unknown,Water level accuracy is unknown,1,Department of Water Resources,NA,1074,SACRAMENTO MUNICIPAL UTILITY DISTRICT,NA,NA,4782,07N06E28N001M,NA,Unknown,Unknown,5-021.65,South American,Sacramento,NA,Irrigation,Unknown,NA,1990-03-15 - 2004-03-01,25,spring,NA,NA,89.7,109.2,1993,12.44,8.98,22.21,8.54,Above Normal,SAC,1992-10-01T00:00:00Z,1993-10-01T00:00:00Z,-121.335,38.4251
384251N1213346W001,1444424,1992-10-15T00:00:00Z,61.38,61.38,0,111.5,-50.12,111.5,111.5,NA,Unknown,Water level accuracy is unknown,1,Department of Water Resources,NA,1074,SACRAMENTO MUNICIPAL UTILITY DISTRICT,NA,NA,4782,07N06E28N001M,NA,Unknown,Unknown,5-021.65,South American,Sacramento,NA,Irrigation,Unknown,NA,1990-03-15 - 2004-03-01,25,fall,91.3,111.5,NA,NA,1993,12.44,8.98,22.21,8.54,Above Normal,SAC,1992-10-01T00:00:00Z,1993-10-01T00:00:00Z,-121.335,38.4251
384251N1213346W001,1444423,1992-03-15T00:00:00Z,61.38,61.38,0,108.5,-47.12,108.5,108.5,NA,Unknown,Water level accuracy is unknown,1,Department of Water Resources,NA,1074,SACRAMENTO MUNICIPAL UTILITY DISTRICT,NA,NA,4782,07N06E28N001M,NA,Unknown,Unknown,5-021.65,South American,Sacramento,NA,Irrigation,Unknown,NA,1990-03-15 - 2004-03-01,25,spring,NA,NA,89.7,109.2,1992,5.41,2.93,8.87,4.06,Critical,SAC,1991-10-01T00:00:00Z,1992-10-01T00:00:00Z,-121.335,38.4251
384251N1213346W001,1444422,1991-10-15T00:00:00Z,61.38,61.38,0,108.6,-47.22,108.6,108.6,NA,Unknown,Water level accuracy is unknown,1,Department of Water Resources,NA,1074,SACRAMENTO MUNICIPAL UTILITY DISTRICT,NA,NA,4782,07N06E28N001M,NA,Unknown,Unknown,5-021.65,South American,Sacramento,NA,Irrigation,Unknown,NA,1990-03-15 - 2004-03-01,25,fall,91.3,111.5,NA,NA,1992,5.41,2.93,8.87,4.06,Critical,SAC,1991-10-01T00:00:00Z,1992-10-01T00:00:00Z,-121.335,38.4251
384251N1213346W001,1444421,1991-03-15T00:00:00Z,61.38,61.38,0,105.5,-44.12,105.5,105.5,NA,Unknown,Water level accuracy is unknown,1,Department of Water Resources,NA,1074,SACRAMENTO MUNICIPAL UTILITY DISTRICT,NA,NA,4782,07N06E28N001M,NA,Unknown,Unknown,5-021.65,South American,Sacramento,NA,Irrigation,Unknown,NA,1990-03-15 - 2004-03-01,25,spring,NA,NA,89.7,109.2,1991,3.9,4.01,8.44,4.21,Critical,SAC,1990-10-01T00:00:00Z,1991-10-01T00:00:00Z,-121.335,38.4251
384251N1213346W001,1444420,1990-10-15T00:00:00Z,61.38,61.38,0,107.1,-45.72,107.1,107.1,NA,Unknown,Water level accuracy is unknown,1,Department of Water Resources,NA,1074,SACRAMENTO MUNICIPAL UTILITY DISTRICT,NA,NA,4782,07N06E28N001M,NA,Unknown,Unknown,5-021.65,South American,Sacramento,NA,Irrigation,Unknown,NA,1990-03-15 - 2004-03-01,25,fall,91.3,111.5,NA,NA,1991,3.9,4.01,8.44,4.21,Critical,SAC,1990-10-01T00:00:00Z,1991-10-01T00:00:00Z,-121.335,38.4251
384251N1213346W001,1444419,1990-03-15T00:00:00Z,61.38,61.38,0,101.4,-40.02,101.4,101.4,NA,Unknown,Water level accuracy is unknown,1,Department of Water Resources,NA,1074,SACRAMENTO MUNICIPAL UTILITY DISTRICT,NA,NA,4782,07N06E28N001M,NA,Unknown,Unknown,5-021.65,South American,Sacramento,NA,Irrigation,Unknown,NA,1990-03-15 - 2004-03-01,25,spring,NA,NA,89.7,109.2,1990,4.94,3.72,9.26,4.81,Critical,SAC,1989-10-01T00:00:00Z,1990-10-01T00:00:00Z,-121.335,38.4251
