SITE_CODE,WLM_ID,MSMT_DATE,WLM_RPE,WLM_GSE,RDNG_WS,RDNG_RP,WSE,RPE_WSE,GSE_WSE,WLM_QA_DESC,WLM_DESC,WLM_ACC_DESC,WLM_ORG_ID,WLM_ORG_NAME,MSMT_CMT,COOP_AGENCY_ORG_ID,COOP_ORG_NAME,TOP_PRF,BOT_PRF,STN_ID,SWN,WELL_NAME,WLM_METHOD,WLM_ACC,BASIN_CODE,BASIN_NAME,COUNTY_NAME,WELL_DEPTH,WELL_USE,WELL_TYPE,WCR_NO,t_range,n_samples,X,Y
384272N1214018W001,61302,2012-04-24T00:00:00Z,33.12,32.42,0,53.5,-20.38,53.5,52.8,NA,Electric sounder measurement,Water level accuracy to nearest tenth of a foot,5050,Sacramento Central Groundwater Authority,NA,5050,Sacramento Central Groundwater Authority,NA,NA,27204,07N05E26P002M,SCGA #2,Unknown,Unknown,5-021.65,South American,Sacramento,NA,Residential,Single Well,NA,1990-05-02 - 2020-04-15,55,-121.402,38.4272
384272N1214018W001,21378,2011-10-21T00:00:00Z,33.12,32.42,0,59.1,-25.98,59.1,58.4,NA,Electric sounder measurement,Water level accuracy to nearest tenth of a foot,5050,Sacramento Central Groundwater Authority,NA,5050,Sacramento Central Groundwater Authority,NA,NA,27204,07N05E26P002M,SCGA #2,Unknown,Unknown,5-021.65,South American,Sacramento,NA,Residential,Single Well,NA,1990-05-02 - 2020-04-15,55,-121.402,38.4272
384272N1214018W001,68583,2011-04-13T00:00:00Z,33.12,32.42,0,58.6,-25.48,58.6,57.9,NA,Electric sounder measurement,Water level accuracy to nearest tenth of a foot,5050,Sacramento Central Groundwater Authority,NA,5050,Sacramento Central Groundwater Authority,NA,NA,27204,07N05E26P002M,SCGA #2,Unknown,Unknown,5-021.65,South American,Sacramento,NA,Residential,Single Well,NA,1990-05-02 - 2020-04-15,55,-121.402,38.4272
384272N1214018W001,1439998,2010-04-23T00:00:00Z,33.12,32.42,0,60.4,-27.28,60.4,59.7,NA,Unknown,Water level accuracy is unknown,1,Department of Water Resources,NA,323,Sacramento County,NA,NA,27204,07N05E26P002M,SCGA #2,Unknown,Unknown,5-021.65,South American,Sacramento,NA,Residential,Single Well,NA,1990-05-02 - 2020-04-15,55,-121.402,38.4272
384272N1214018W001,1439997,2009-10-21T00:00:00Z,33.12,32.42,0,67.9,-34.78,67.9,67.2,NA,Unknown,Water level accuracy is unknown,1,Department of Water Resources,NA,323,Sacramento County,NA,NA,27204,07N05E26P002M,SCGA #2,Unknown,Unknown,5-021.65,South American,Sacramento,NA,Residential,Single Well,NA,1990-05-02 - 2020-04-15,55,-121.402,38.4272
384272N1214018W001,1439996,2009-04-22T00:00:00Z,33.12,32.42,0,66.3,-33.18,66.3,65.6,NA,Unknown,Water level accuracy is unknown,1,Department of Water Resources,NA,323,Sacramento County,NA,NA,27204,07N05E26P002M,SCGA #2,Unknown,Unknown,5-021.65,South American,Sacramento,NA,Residential,Single Well,NA,1990-05-02 - 2020-04-15,55,-121.402,38.4272
384272N1214018W001,1439995,2008-10-14T00:00:00Z,33.12,32.42,0,70.3,-37.18,70.3,69.6,NA,Unknown,Water level accuracy is unknown,1,Department of Water Resources,NA,323,Sacramento County,NA,NA,27204,07N05E26P002M,SCGA #2,Unknown,Unknown,5-021.65,South American,Sacramento,NA,Residential,Single Well,NA,1990-05-02 - 2020-04-15,55,-121.402,38.4272
384272N1214018W001,1439994,2008-04-22T00:00:00Z,33.12,32.42,0,67.7,-34.58,67.7,67,NA,Unknown,Water level accuracy is unknown,1,Department of Water Resources,NA,323,Sacramento County,NA,NA,27204,07N05E26P002M,SCGA #2,Unknown,Unknown,5-021.65,South American,Sacramento,NA,Residential,Single Well,NA,1990-05-02 - 2020-04-15,55,-121.402,38.4272
384272N1214018W001,1439993,2007-10-26T00:00:00Z,33.12,32.42,0,73.5,-40.38,73.5,72.8,NA,Unknown,Water level accuracy is unknown,1,Department of Water Resources,NA,323,Sacramento County,NA,NA,27204,07N05E26P002M,SCGA #2,Unknown,Unknown,5-021.65,South American,Sacramento,NA,Residential,Single Well,NA,1990-05-02 - 2020-04-15,55,-121.402,38.4272
384272N1214018W001,1439992,2007-04-25T00:00:00Z,33.12,32.42,0,72.3,-39.18,72.3,71.6,NA,Unknown,Water level accuracy is unknown,1,Department of Water Resources,NA,323,Sacramento County,NA,NA,27204,07N05E26P002M,SCGA #2,Unknown,Unknown,5-021.65,South American,Sacramento,NA,Residential,Single Well,NA,1990-05-02 - 2020-04-15,55,-121.402,38.4272
384272N1214018W001,1439991,2006-10-12T00:00:00Z,33.12,32.42,0,77.1,-43.98,77.1,76.4,NA,Unknown,Water level accuracy is unknown,1,Department of Water Resources,NA,323,Sacramento County,NA,NA,27204,07N05E26P002M,SCGA #2,Unknown,Unknown,5-021.65,South American,Sacramento,NA,Residential,Single Well,NA,1990-05-02 - 2020-04-15,55,-121.402,38.4272
384272N1214018W001,1439990,2006-05-05T00:00:00Z,33.12,32.42,0,88.7,-55.58,88.7,88,NA,Unknown,Water level accuracy is unknown,1,Department of Water Resources,NA,323,Sacramento County,NA,NA,27204,07N05E26P002M,SCGA #2,Unknown,Unknown,5-021.65,South American,Sacramento,NA,Residential,Single Well,NA,1990-05-02 - 2020-04-15,55,-121.402,38.4272
384272N1214018W001,1439989,2005-10-25T00:00:00Z,33.12,32.42,0,78.6,-45.48,78.6,77.9,NA,Unknown,Water level accuracy is unknown,1,Department of Water Resources,NA,323,Sacramento County,NA,NA,27204,07N05E26P002M,SCGA #2,Unknown,Unknown,5-021.65,South American,Sacramento,NA,Residential,Single Well,NA,1990-05-02 - 2020-04-15,55,-121.402,38.4272
384272N1214018W001,1439988,2005-04-21T00:00:00Z,33.12,32.42,0,75.6,-42.48,75.6,74.9,NA,Unknown,Water level accuracy is unknown,1,Department of Water Resources,NA,323,Sacramento County,NA,NA,27204,07N05E26P002M,SCGA #2,Unknown,Unknown,5-021.65,South American,Sacramento,NA,Residential,Single Well,NA,1990-05-02 - 2020-04-15,55,-121.402,38.4272
384272N1214018W001,1439987,2004-10-22T00:00:00Z,33.12,32.42,0,86.3,-53.18,86.3,85.6,NA,Unknown,Water level accuracy is unknown,1,Department of Water Resources,NA,323,Sacramento County,NA,NA,27204,07N05E26P002M,SCGA #2,Unknown,Unknown,5-021.65,South American,Sacramento,NA,Residential,Single Well,NA,1990-05-02 - 2020-04-15,55,-121.402,38.4272
384272N1214018W001,1439986,2004-03-31T00:00:00Z,33.12,32.42,0,76.9,-43.78,76.9,76.2,NA,Unknown,Water level accuracy is unknown,1,Department of Water Resources,NA,323,Sacramento County,NA,NA,27204,07N05E26P002M,SCGA #2,Unknown,Unknown,5-021.65,South American,Sacramento,NA,Residential,Single Well,NA,1990-05-02 - 2020-04-15,55,-121.402,38.4272
384272N1214018W001,1439985,2003-10-24T00:00:00Z,33.12,32.42,0,86.3,-53.18,86.3,85.6,NA,Unknown,Water level accuracy is unknown,1,Department of Water Resources,NA,323,Sacramento County,NA,NA,27204,07N05E26P002M,SCGA #2,Unknown,Unknown,5-021.65,South American,Sacramento,NA,Residential,Single Well,NA,1990-05-02 - 2020-04-15,55,-121.402,38.4272
384272N1214018W001,1439979,2003-04-30T00:00:00Z,33.12,32.42,0,81.6,-48.48,81.6,80.9,NA,Unknown,Water level accuracy is unknown,1,Department of Water Resources,NA,323,Sacramento County,NA,NA,27204,07N05E26P002M,SCGA #2,Unknown,Unknown,5-021.65,South American,Sacramento,NA,Residential,Single Well,NA,1990-05-02 - 2020-04-15,55,-121.402,38.4272
384272N1214018W001,1439981,2002-11-01T00:00:00Z,33.12,32.42,0,86.7,-53.58,86.7,86,NA,Unknown,Water level accuracy is unknown,1,Department of Water Resources,NA,323,Sacramento County,NA,NA,27204,07N05E26P002M,SCGA #2,Unknown,Unknown,5-021.65,South American,Sacramento,NA,Residential,Single Well,NA,1990-05-02 - 2020-04-15,55,-121.402,38.4272
384272N1214018W001,1439983,2002-05-28T00:00:00Z,33.12,32.42,0,82.4,-49.28,82.4,81.7,NA,Unknown,Water level accuracy is unknown,1,Department of Water Resources,NA,323,Sacramento County,NA,NA,27204,07N05E26P002M,SCGA #2,Unknown,Unknown,5-021.65,South American,Sacramento,NA,Residential,Single Well,NA,1990-05-02 - 2020-04-15,55,-121.402,38.4272
384272N1214018W001,1439980,2001-09-27T00:00:00Z,33.12,32.42,0,91.3,-58.18,91.3,90.6,NA,Unknown,Water level accuracy is unknown,1,Department of Water Resources,NA,323,Sacramento County,NA,NA,27204,07N05E26P002M,SCGA #2,Unknown,Unknown,5-021.65,South American,Sacramento,NA,Residential,Single Well,NA,1990-05-02 - 2020-04-15,55,-121.402,38.4272
384272N1214018W001,1439982,2001-04-19T00:00:00Z,33.12,32.42,0,86.8,-53.68,86.8,86.1,NA,Unknown,Water level accuracy is unknown,1,Department of Water Resources,NA,323,Sacramento County,NA,NA,27204,07N05E26P002M,SCGA #2,Unknown,Unknown,5-021.65,South American,Sacramento,NA,Residential,Single Well,NA,1990-05-02 - 2020-04-15,55,-121.402,38.4272
384272N1214018W001,1439984,2000-09-26T00:00:00Z,33.12,32.42,0,90.2,-57.08,90.2,89.5,NA,Unknown,Water level accuracy is unknown,1,Department of Water Resources,NA,323,Sacramento County,NA,NA,27204,07N05E26P002M,SCGA #2,Unknown,Unknown,5-021.65,South American,Sacramento,NA,Residential,Single Well,NA,1990-05-02 - 2020-04-15,55,-121.402,38.4272
384272N1214018W001,1439975,2000-04-21T00:00:00Z,33.12,32.42,0,86,-52.88,86,85.3,NA,Unknown,Water level accuracy is unknown,1,Department of Water Resources,NA,323,Sacramento County,NA,NA,27204,07N05E26P002M,SCGA #2,Unknown,Unknown,5-021.65,South American,Sacramento,NA,Residential,Single Well,NA,1990-05-02 - 2020-04-15,55,-121.402,38.4272
384272N1214018W001,1439973,1999-10-12T00:00:00Z,33.12,32.42,0,88.4,-55.28,88.4,87.7,NA,Unknown,Water level accuracy is unknown,1,Department of Water Resources,NA,323,Sacramento County,NA,NA,27204,07N05E26P002M,SCGA #2,Unknown,Unknown,5-021.65,South American,Sacramento,NA,Residential,Single Well,NA,1990-05-02 - 2020-04-15,55,-121.402,38.4272
384272N1214018W001,1439974,1999-04-14T00:00:00Z,33.12,32.42,0,84,-50.88,84,83.3,NA,Unknown,Water level accuracy is unknown,1,Department of Water Resources,NA,323,Sacramento County,NA,NA,27204,07N05E26P002M,SCGA #2,Unknown,Unknown,5-021.65,South American,Sacramento,NA,Residential,Single Well,NA,1990-05-02 - 2020-04-15,55,-121.402,38.4272
384272N1214018W001,1439958,1998-10-06T00:00:00Z,33.12,32.42,0,89.7,-56.58,89.7,89,NA,Unknown,Water level accuracy is unknown,1,Department of Water Resources,NA,323,Sacramento County,NA,NA,27204,07N05E26P002M,SCGA #2,Unknown,Unknown,5-021.65,South American,Sacramento,NA,Residential,Single Well,NA,1990-05-02 - 2020-04-15,55,-121.402,38.4272
384272N1214018W001,1439978,1998-04-07T00:00:00Z,33.12,32.42,0,89.5,-56.38,89.5,88.8,NA,Unknown,Water level accuracy is unknown,1,Department of Water Resources,NA,323,Sacramento County,NA,NA,27204,07N05E26P002M,SCGA #2,Unknown,Unknown,5-021.65,South American,Sacramento,NA,Residential,Single Well,NA,1990-05-02 - 2020-04-15,55,-121.402,38.4272
384272N1214018W001,1439976,1997-10-21T00:00:00Z,33.12,32.42,0,96,-62.88,96,95.3,NA,Unknown,Water level accuracy is unknown,1,Department of Water Resources,NA,323,Sacramento County,NA,NA,27204,07N05E26P002M,SCGA #2,Unknown,Unknown,5-021.65,South American,Sacramento,NA,Residential,Single Well,NA,1990-05-02 - 2020-04-15,55,-121.402,38.4272
384272N1214018W001,1439977,1997-04-02T00:00:00Z,33.12,32.42,0,92.7,-59.58,92.7,92,NA,Unknown,Water level accuracy is unknown,1,Department of Water Resources,NA,323,Sacramento County,NA,NA,27204,07N05E26P002M,SCGA #2,Unknown,Unknown,5-021.65,South American,Sacramento,NA,Residential,Single Well,NA,1990-05-02 - 2020-04-15,55,-121.402,38.4272
384272N1214018W001,1439972,1996-10-11T00:00:00Z,33.12,32.42,0,97.2,-64.08,97.2,96.5,NA,Unknown,Water level accuracy is unknown,1,Department of Water Resources,NA,323,Sacramento County,NA,NA,27204,07N05E26P002M,SCGA #2,Unknown,Unknown,5-021.65,South American,Sacramento,NA,Residential,Single Well,NA,1990-05-02 - 2020-04-15,55,-121.402,38.4272
384272N1214018W001,1439971,1996-04-05T00:00:00Z,33.12,32.42,0,90,-56.88,90,89.3,NA,Unknown,Water level accuracy is unknown,1,Department of Water Resources,NA,323,Sacramento County,NA,NA,27204,07N05E26P002M,SCGA #2,Unknown,Unknown,5-021.65,South American,Sacramento,NA,Residential,Single Well,NA,1990-05-02 - 2020-04-15,55,-121.402,38.4272
384272N1214018W001,1439970,1995-10-03T00:00:00Z,33.12,32.42,0,95.3,-62.18,95.3,94.6,NA,Unknown,Water level accuracy is unknown,1,Department of Water Resources,NA,323,Sacramento County,NA,NA,27204,07N05E26P002M,SCGA #2,Unknown,Unknown,5-021.65,South American,Sacramento,NA,Residential,Single Well,NA,1990-05-02 - 2020-04-15,55,-121.402,38.4272
384272N1214018W001,1439969,1995-04-10T00:00:00Z,33.12,32.42,0,90.8,-57.68,90.8,90.1,NA,Unknown,Water level accuracy is unknown,1,Department of Water Resources,NA,323,Sacramento County,NA,NA,27204,07N05E26P002M,SCGA #2,Unknown,Unknown,5-021.65,South American,Sacramento,NA,Residential,Single Well,NA,1990-05-02 - 2020-04-15,55,-121.402,38.4272
384272N1214018W001,1439968,1994-10-17T00:00:00Z,33.12,32.42,0,97.9,-64.78,97.9,97.2,NA,Unknown,Water level accuracy is unknown,1,Department of Water Resources,NA,323,Sacramento County,NA,NA,27204,07N05E26P002M,SCGA #2,Unknown,Unknown,5-021.65,South American,Sacramento,NA,Residential,Single Well,NA,1990-05-02 - 2020-04-15,55,-121.402,38.4272
384272N1214018W001,1439967,1994-03-30T00:00:00Z,33.12,32.42,0,87.6,-54.48,87.6,86.9,NA,Unknown,Water level accuracy is unknown,1,Department of Water Resources,NA,323,Sacramento County,NA,NA,27204,07N05E26P002M,SCGA #2,Unknown,Unknown,5-021.65,South American,Sacramento,NA,Residential,Single Well,NA,1990-05-02 - 2020-04-15,55,-121.402,38.4272
384272N1214018W001,1439966,1993-09-30T00:00:00Z,33.12,32.42,0,97,-63.88,97,96.3,NA,Unknown,Water level accuracy is unknown,1,Department of Water Resources,NA,323,Sacramento County,NA,NA,27204,07N05E26P002M,SCGA #2,Unknown,Unknown,5-021.65,South American,Sacramento,NA,Residential,Single Well,NA,1990-05-02 - 2020-04-15,55,-121.402,38.4272
384272N1214018W001,1439965,1993-03-11T00:00:00Z,33.12,32.42,0,93,-59.88,93,92.3,NA,Unknown,Water level accuracy is unknown,1,Department of Water Resources,NA,323,Sacramento County,NA,NA,27204,07N05E26P002M,SCGA #2,Unknown,Unknown,5-021.65,South American,Sacramento,NA,Residential,Single Well,NA,1990-05-02 - 2020-04-15,55,-121.402,38.4272
384272N1214018W001,1439964,1992-10-06T00:00:00Z,33.12,32.42,0,94.4,-61.28,94.4,93.7,NA,Unknown,Water level accuracy is unknown,1,Department of Water Resources,NA,323,Sacramento County,NA,NA,27204,07N05E26P002M,SCGA #2,Unknown,Unknown,5-021.65,South American,Sacramento,NA,Residential,Single Well,NA,1990-05-02 - 2020-04-15,55,-121.402,38.4272
384272N1214018W001,1439963,1992-04-01T00:00:00Z,33.12,32.42,0,92,-58.88,92,91.3,NA,Unknown,Water level accuracy is unknown,1,Department of Water Resources,NA,323,Sacramento County,NA,NA,27204,07N05E26P002M,SCGA #2,Unknown,Unknown,5-021.65,South American,Sacramento,NA,Residential,Single Well,NA,1990-05-02 - 2020-04-15,55,-121.402,38.4272
384272N1214018W001,1439962,1991-10-08T00:00:00Z,33.12,32.42,0,93.8,-60.68,93.8,93.1,NA,Unknown,Water level accuracy is unknown,1,Department of Water Resources,NA,323,Sacramento County,NA,NA,27204,07N05E26P002M,SCGA #2,Unknown,Unknown,5-021.65,South American,Sacramento,NA,Residential,Single Well,NA,1990-05-02 - 2020-04-15,55,-121.402,38.4272
384272N1214018W001,1439961,1991-02-19T00:00:00Z,33.12,32.42,0,94.2,-61.08,94.2,93.5,NA,Unknown,Water level accuracy is unknown,1,Department of Water Resources,NA,323,Sacramento County,NA,NA,27204,07N05E26P002M,SCGA #2,Unknown,Unknown,5-021.65,South American,Sacramento,NA,Residential,Single Well,NA,1990-05-02 - 2020-04-15,55,-121.402,38.4272
384272N1214018W001,1439960,1990-10-03T00:00:00Z,33.12,32.42,0,98.6,-65.48,98.6,97.9,NA,Unknown,Water level accuracy is unknown,1,Department of Water Resources,NA,323,Sacramento County,NA,NA,27204,07N05E26P002M,SCGA #2,Unknown,Unknown,5-021.65,South American,Sacramento,NA,Residential,Single Well,NA,1990-05-02 - 2020-04-15,55,-121.402,38.4272
384272N1214018W001,1439959,1990-05-02T00:00:00Z,33.12,32.42,0,96.6,-63.48,96.6,95.9,NA,Unknown,Water level accuracy is unknown,1,Department of Water Resources,NA,323,Sacramento County,NA,NA,27204,07N05E26P002M,SCGA #2,Unknown,Unknown,5-021.65,South American,Sacramento,NA,Residential,Single Well,NA,1990-05-02 - 2020-04-15,55,-121.402,38.4272
