SITE_CODE,WLM_ID,MSMT_DATE,WLM_RPE,WLM_GSE,RDNG_WS,RDNG_RP,WSE,RPE_WSE,GSE_WSE,WLM_QA_DESC,WLM_DESC,WLM_ACC_DESC,WLM_ORG_ID,WLM_ORG_NAME,MSMT_CMT,COOP_AGENCY_ORG_ID,COOP_ORG_NAME,TOP_PRF,BOT_PRF,STN_ID,SWN,WELL_NAME,WLM_METHOD,WLM_ACC,BASIN_CODE,BASIN_NAME,COUNTY_NAME,WELL_DEPTH,WELL_USE,WELL_TYPE,WCR_NO,t_range,n_samples,season,fall_high,fall_low,spring_high,spring_low,water_year,Oct.Mar,Apr.Jul,WYsum,Index,water_year_type,region,water_year_start,water_year_end,X,Y
384244N1214371W001,1440108,2004-03-01T00:00:00Z,28.43,26.43,0,74,-45.57,74,72,NA,Unknown,Water level accuracy is unknown,1,Department of Water Resources,NA,1074,SACRAMENTO MUNICIPAL UTILITY DISTRICT,NA,NA,6721,07N05E28P001M,NA,Unknown,Unknown,5-021.65,South American,Sacramento,NA,Irrigation,Unknown,NA,1990-03-15 - 2004-03-01,25,spring,NA,NA,60.8,72,2003,10.71,7.74,19.31,8.21,Above Normal,SAC,2003-10-01T00:00:00Z,2004-10-01T00:00:00Z,-121.437,38.4244
384244N1214371W001,1440109,2003-10-01T00:00:00Z,28.43,26.43,0,62.4,-33.97,62.4,60.4,NA,Unknown,Water level accuracy is unknown,1,Department of Water Resources,NA,1074,SACRAMENTO MUNICIPAL UTILITY DISTRICT,NA,NA,6721,07N05E28P001M,NA,Unknown,Unknown,5-021.65,South American,Sacramento,NA,Irrigation,Unknown,NA,1990-03-15 - 2004-03-01,25,fall,60.4,74.8,NA,NA,2003,10.71,7.74,19.31,8.21,Above Normal,SAC,2003-10-01T00:00:00Z,2004-10-01T00:00:00Z,-121.437,38.4244
384244N1214371W001,1440106,2003-03-15T00:00:00Z,28.43,26.43,0,62.8,-34.37,62.8,60.8,NA,Unknown,Water level accuracy is unknown,1,Department of Water Resources,NA,1074,SACRAMENTO MUNICIPAL UTILITY DISTRICT,NA,NA,6721,07N05E28P001M,NA,Unknown,Unknown,5-021.65,South American,Sacramento,NA,Irrigation,Unknown,NA,1990-03-15 - 2004-03-01,25,spring,NA,NA,60.8,72,2002,9.32,4.57,14.6,6.35,Dry,SAC,2002-10-01T00:00:00Z,2003-10-01T00:00:00Z,-121.437,38.4244
384244N1214371W001,1440104,2002-10-01T00:00:00Z,28.43,26.43,0,66.5,-38.07,66.5,64.5,NA,Unknown,Water level accuracy is unknown,1,Department of Water Resources,NA,1074,SACRAMENTO MUNICIPAL UTILITY DISTRICT,NA,NA,6721,07N05E28P001M,NA,Unknown,Unknown,5-021.65,South American,Sacramento,NA,Irrigation,Unknown,NA,1990-03-15 - 2004-03-01,25,fall,60.4,74.8,NA,NA,2002,9.32,4.57,14.6,6.35,Dry,SAC,2002-10-01T00:00:00Z,2003-10-01T00:00:00Z,-121.437,38.4244
384244N1214371W001,1440105,2001-10-01T00:00:00Z,28.43,26.43,0,69,-40.57,69,67,NA,Unknown,Water level accuracy is unknown,1,Department of Water Resources,NA,1074,SACRAMENTO MUNICIPAL UTILITY DISTRICT,NA,NA,6721,07N05E28P001M,NA,Unknown,Unknown,5-021.65,South American,Sacramento,NA,Irrigation,Unknown,NA,1990-03-15 - 2004-03-01,25,fall,60.4,74.8,NA,NA,2001,5.64,3.46,9.81,5.76,Dry,SAC,2001-10-01T00:00:00Z,2002-10-01T00:00:00Z,-121.437,38.4244
384244N1214371W001,1440107,2001-03-15T00:00:00Z,28.43,26.43,0,65.5,-37.07,65.5,63.5,NA,Unknown,Water level accuracy is unknown,1,Department of Water Resources,NA,1074,SACRAMENTO MUNICIPAL UTILITY DISTRICT,NA,NA,6721,07N05E28P001M,NA,Unknown,Unknown,5-021.65,South American,Sacramento,NA,Irrigation,Unknown,NA,1990-03-15 - 2004-03-01,25,spring,NA,NA,60.8,72,2000,12.06,5.96,18.9,8.94,Above Normal,SAC,2000-10-01T00:00:00Z,2001-10-01T00:00:00Z,-121.437,38.4244
384244N1214371W001,1440100,2000-03-15T00:00:00Z,28.43,26.43,0,63.9,-35.47,63.9,61.9,NA,Unknown,Water level accuracy is unknown,1,Department of Water Resources,NA,1074,SACRAMENTO MUNICIPAL UTILITY DISTRICT,NA,NA,6721,07N05E28P001M,NA,Unknown,Unknown,5-021.65,South American,Sacramento,NA,Irrigation,Unknown,NA,1990-03-15 - 2004-03-01,25,spring,NA,NA,60.8,72,1999,12.97,7.26,21.19,9.8,Wet,SAC,1999-10-01T00:00:00Z,2000-10-01T00:00:00Z,-121.437,38.4244
384244N1214371W001,1440099,1999-03-15T00:00:00Z,28.43,26.43,0,65.2,-36.77,65.2,63.2,NA,Unknown,Water level accuracy is unknown,1,Department of Water Resources,NA,1074,SACRAMENTO MUNICIPAL UTILITY DISTRICT,NA,NA,6721,07N05E28P001M,NA,Unknown,Unknown,5-021.65,South American,Sacramento,NA,Irrigation,Unknown,NA,1990-03-15 - 2004-03-01,25,spring,NA,NA,60.8,72,1998,17.65,12.54,31.4,13.31,Wet,SAC,1998-10-01T00:00:00Z,1999-10-01T00:00:00Z,-121.437,38.4244
384244N1214371W001,1440103,1998-10-15T00:00:00Z,28.43,26.43,0,68.9,-40.47,68.9,66.9,NA,Unknown,Water level accuracy is unknown,1,Department of Water Resources,NA,1074,SACRAMENTO MUNICIPAL UTILITY DISTRICT,NA,NA,6721,07N05E28P001M,NA,Unknown,Unknown,5-021.65,South American,Sacramento,NA,Irrigation,Unknown,NA,1990-03-15 - 2004-03-01,25,fall,60.4,74.8,NA,NA,1998,17.65,12.54,31.4,13.31,Wet,SAC,1998-10-01T00:00:00Z,1999-10-01T00:00:00Z,-121.437,38.4244
384244N1214371W001,1440102,1997-10-15T00:00:00Z,28.43,26.43,0,73.5,-45.07,73.5,71.5,NA,Unknown,Water level accuracy is unknown,1,Department of Water Resources,NA,1074,SACRAMENTO MUNICIPAL UTILITY DISTRICT,NA,NA,6721,07N05E28P001M,NA,Unknown,Unknown,5-021.65,South American,Sacramento,NA,Irrigation,Unknown,NA,1990-03-15 - 2004-03-01,25,fall,60.4,74.8,NA,NA,1997,20.22,4.39,25.42,10.82,Wet,SAC,1997-10-01T00:00:00Z,1998-10-01T00:00:00Z,-121.437,38.4244
384244N1214371W001,1440101,1997-03-15T00:00:00Z,28.43,26.43,0,70.5,-42.07,70.5,68.5,NA,Unknown,Water level accuracy is unknown,1,Department of Water Resources,NA,1074,SACRAMENTO MUNICIPAL UTILITY DISTRICT,NA,NA,6721,07N05E28P001M,NA,Unknown,Unknown,5-021.65,South American,Sacramento,NA,Irrigation,Unknown,NA,1990-03-15 - 2004-03-01,25,spring,NA,NA,60.8,72,1996,13.05,8.37,22.29,10.26,Wet,SAC,1996-10-01T00:00:00Z,1997-10-01T00:00:00Z,-121.437,38.4244
384244N1214371W001,1440098,1996-10-15T00:00:00Z,28.43,26.43,0,76.6,-48.17,76.6,74.6,NA,Unknown,Water level accuracy is unknown,1,Department of Water Resources,NA,1074,SACRAMENTO MUNICIPAL UTILITY DISTRICT,NA,NA,6721,07N05E28P001M,NA,Unknown,Unknown,5-021.65,South American,Sacramento,NA,Irrigation,Unknown,NA,1990-03-15 - 2004-03-01,25,fall,60.4,74.8,NA,NA,1996,13.05,8.37,22.29,10.26,Wet,SAC,1996-10-01T00:00:00Z,1997-10-01T00:00:00Z,-121.437,38.4244
384244N1214371W001,1440097,1996-03-15T00:00:00Z,28.43,26.43,0,70.6,-42.17,70.6,68.6,NA,Unknown,Water level accuracy is unknown,1,Department of Water Resources,NA,1074,SACRAMENTO MUNICIPAL UTILITY DISTRICT,NA,NA,6721,07N05E28P001M,NA,Unknown,Unknown,5-021.65,South American,Sacramento,NA,Irrigation,Unknown,NA,1990-03-15 - 2004-03-01,25,spring,NA,NA,60.8,72,1995,19.83,13.6,34.55,12.89,Wet,SAC,1995-10-01T00:00:00Z,1996-10-01T00:00:00Z,-121.437,38.4244
384244N1214371W001,1440096,1995-10-15T00:00:00Z,28.43,26.43,0,76.2,-47.77,76.2,74.2,NA,Unknown,Water level accuracy is unknown,1,Department of Water Resources,NA,1074,SACRAMENTO MUNICIPAL UTILITY DISTRICT,NA,NA,6721,07N05E28P001M,NA,Unknown,Unknown,5-021.65,South American,Sacramento,NA,Irrigation,Unknown,NA,1990-03-15 - 2004-03-01,25,fall,60.4,74.8,NA,NA,1995,19.83,13.6,34.55,12.89,Wet,SAC,1995-10-01T00:00:00Z,1996-10-01T00:00:00Z,-121.437,38.4244
384244N1214371W001,1440095,1995-03-15T00:00:00Z,28.43,26.43,0,71.7,-43.27,71.7,69.7,NA,Unknown,Water level accuracy is unknown,1,Department of Water Resources,NA,1074,SACRAMENTO MUNICIPAL UTILITY DISTRICT,NA,NA,6721,07N05E28P001M,NA,Unknown,Unknown,5-021.65,South American,Sacramento,NA,Irrigation,Unknown,NA,1990-03-15 - 2004-03-01,25,spring,NA,NA,60.8,72,1994,4.55,2.73,7.81,5.02,Critical,SAC,1994-10-01T00:00:00Z,1995-10-01T00:00:00Z,-121.437,38.4244
384244N1214371W001,1440094,1994-10-15T00:00:00Z,28.43,26.43,0,75.4,-46.97,75.4,73.4,NA,Unknown,Water level accuracy is unknown,1,Department of Water Resources,NA,1074,SACRAMENTO MUNICIPAL UTILITY DISTRICT,NA,NA,6721,07N05E28P001M,NA,Unknown,Unknown,5-021.65,South American,Sacramento,NA,Irrigation,Unknown,NA,1990-03-15 - 2004-03-01,25,fall,60.4,74.8,NA,NA,1994,4.55,2.73,7.81,5.02,Critical,SAC,1994-10-01T00:00:00Z,1995-10-01T00:00:00Z,-121.437,38.4244
384244N1214371W001,1440093,1994-03-15T00:00:00Z,28.43,26.43,0,71.2,-42.77,71.2,69.2,NA,Unknown,Water level accuracy is unknown,1,Department of Water Resources,NA,1074,SACRAMENTO MUNICIPAL UTILITY DISTRICT,NA,NA,6721,07N05E28P001M,NA,Unknown,Unknown,5-021.65,South American,Sacramento,NA,Irrigation,Unknown,NA,1990-03-15 - 2004-03-01,25,spring,NA,NA,60.8,72,1993,12.44,8.98,22.21,8.54,Above Normal,SAC,1993-10-01T00:00:00Z,1994-10-01T00:00:00Z,-121.437,38.4244
384244N1214371W001,1440092,1993-10-15T00:00:00Z,28.43,26.43,0,73.6,-45.17,73.6,71.6,NA,Unknown,Water level accuracy is unknown,1,Department of Water Resources,NA,1074,SACRAMENTO MUNICIPAL UTILITY DISTRICT,NA,NA,6721,07N05E28P001M,NA,Unknown,Unknown,5-021.65,South American,Sacramento,NA,Irrigation,Unknown,NA,1990-03-15 - 2004-03-01,25,fall,60.4,74.8,NA,NA,1993,12.44,8.98,22.21,8.54,Above Normal,SAC,1993-10-01T00:00:00Z,1994-10-01T00:00:00Z,-121.437,38.4244
384244N1214371W001,1440091,1993-03-15T00:00:00Z,28.43,26.43,0,71.9,-43.47,71.9,69.9,NA,Unknown,Water level accuracy is unknown,1,Department of Water Resources,NA,1074,SACRAMENTO MUNICIPAL UTILITY DISTRICT,NA,NA,6721,07N05E28P001M,NA,Unknown,Unknown,5-021.65,South American,Sacramento,NA,Irrigation,Unknown,NA,1990-03-15 - 2004-03-01,25,spring,NA,NA,60.8,72,1992,5.41,2.93,8.87,4.06,Critical,SAC,1992-10-01T00:00:00Z,1993-10-01T00:00:00Z,-121.437,38.4244
384244N1214371W001,1440090,1992-10-15T00:00:00Z,28.43,26.43,0,76.8,-48.37,76.8,74.8,NA,Unknown,Water level accuracy is unknown,1,Department of Water Resources,NA,1074,SACRAMENTO MUNICIPAL UTILITY DISTRICT,NA,NA,6721,07N05E28P001M,NA,Unknown,Unknown,5-021.65,South American,Sacramento,NA,Irrigation,Unknown,NA,1990-03-15 - 2004-03-01,25,fall,60.4,74.8,NA,NA,1992,5.41,2.93,8.87,4.06,Critical,SAC,1992-10-01T00:00:00Z,1993-10-01T00:00:00Z,-121.437,38.4244
384244N1214371W001,1440089,1992-03-15T00:00:00Z,28.43,26.43,0,72.9,-44.47,72.9,70.9,NA,Unknown,Water level accuracy is unknown,1,Department of Water Resources,NA,1074,SACRAMENTO MUNICIPAL UTILITY DISTRICT,NA,NA,6721,07N05E28P001M,NA,Unknown,Unknown,5-021.65,South American,Sacramento,NA,Irrigation,Unknown,NA,1990-03-15 - 2004-03-01,25,spring,NA,NA,60.8,72,1991,3.9,4.01,8.44,4.21,Critical,SAC,1991-10-01T00:00:00Z,1992-10-01T00:00:00Z,-121.437,38.4244
384244N1214371W001,1440088,1991-10-15T00:00:00Z,28.43,26.43,0,75.7,-47.27,75.7,73.7,NA,Unknown,Water level accuracy is unknown,1,Department of Water Resources,NA,1074,SACRAMENTO MUNICIPAL UTILITY DISTRICT,NA,NA,6721,07N05E28P001M,NA,Unknown,Unknown,5-021.65,South American,Sacramento,NA,Irrigation,Unknown,NA,1990-03-15 - 2004-03-01,25,fall,60.4,74.8,NA,NA,1991,3.9,4.01,8.44,4.21,Critical,SAC,1991-10-01T00:00:00Z,1992-10-01T00:00:00Z,-121.437,38.4244
384244N1214371W001,1440087,1991-03-15T00:00:00Z,28.43,26.43,0,72.3,-43.87,72.3,70.3,NA,Unknown,Water level accuracy is unknown,1,Department of Water Resources,NA,1074,SACRAMENTO MUNICIPAL UTILITY DISTRICT,NA,NA,6721,07N05E28P001M,NA,Unknown,Unknown,5-021.65,South American,Sacramento,NA,Irrigation,Unknown,NA,1990-03-15 - 2004-03-01,25,spring,NA,NA,60.8,72,1990,4.94,3.72,9.26,4.81,Critical,SAC,1990-10-01T00:00:00Z,1991-10-01T00:00:00Z,-121.437,38.4244
384244N1214371W001,1440086,1990-10-15T00:00:00Z,28.43,26.43,0,74,-45.57,74,72,NA,Unknown,Water level accuracy is unknown,1,Department of Water Resources,NA,1074,SACRAMENTO MUNICIPAL UTILITY DISTRICT,NA,NA,6721,07N05E28P001M,NA,Unknown,Unknown,5-021.65,South American,Sacramento,NA,Irrigation,Unknown,NA,1990-03-15 - 2004-03-01,25,fall,60.4,74.8,NA,NA,1990,4.94,3.72,9.26,4.81,Critical,SAC,1990-10-01T00:00:00Z,1991-10-01T00:00:00Z,-121.437,38.4244
384244N1214371W001,1440085,1990-03-15T00:00:00Z,28.43,26.43,0,71.9,-43.47,71.9,69.9,NA,Unknown,Water level accuracy is unknown,1,Department of Water Resources,NA,1074,SACRAMENTO MUNICIPAL UTILITY DISTRICT,NA,NA,6721,07N05E28P001M,NA,Unknown,Unknown,5-021.65,South American,Sacramento,NA,Irrigation,Unknown,NA,1990-03-15 - 2004-03-01,25,spring,NA,NA,60.8,72,1989,9.03,5.07,14.82,6.13,Dry,SAC,1989-10-01T00:00:00Z,1990-10-01T00:00:00Z,-121.437,38.4244
