SITE_CODE,WLM_ID,MSMT_DATE,WLM_RPE,WLM_GSE,RDNG_WS,RDNG_RP,WSE,RPE_WSE,GSE_WSE,WLM_QA_DESC,WLM_DESC,WLM_ACC_DESC,WLM_ORG_ID,WLM_ORG_NAME,MSMT_CMT,COOP_AGENCY_ORG_ID,COOP_ORG_NAME,TOP_PRF,BOT_PRF,STN_ID,SWN,WELL_NAME,WLM_METHOD,WLM_ACC,BASIN_CODE,BASIN_NAME,COUNTY_NAME,WELL_DEPTH,WELL_USE,WELL_TYPE,WCR_NO,t_range,n_samples,X,Y
384325N1214427W001,1440083,1987-03-16T00:00:00Z,25.44,24.94,0,78.6,-53.16,78.6,78.1,NA,Unknown,Water level accuracy is unknown,1,Department of Water Resources,NA,323,Sacramento County,NA,NA,6720,07N05E28E001M,NA,Unknown,Unknown,5-021.65,South American,Sacramento,178,Unknown,Unknown,NA,1950-03-31 - 1987-10-05,86,-121.443,38.4325
384325N1214427W001,1440082,1986-10-06T00:00:00Z,25.44,24.94,0,79.1,-53.66,79.1,78.6,NA,Unknown,Water level accuracy is unknown,1,Department of Water Resources,NA,323,Sacramento County,NA,NA,6720,07N05E28E001M,NA,Unknown,Unknown,5-021.65,South American,Sacramento,178,Unknown,Unknown,NA,1950-03-31 - 1987-10-05,86,-121.443,38.4325
384325N1214427W001,1440081,1986-03-17T00:00:00Z,25.44,24.94,0,69,-43.56,69,68.5,NA,Unknown,Water level accuracy is unknown,1,Department of Water Resources,NA,323,Sacramento County,NA,NA,6720,07N05E28E001M,NA,Unknown,Unknown,5-021.65,South American,Sacramento,178,Unknown,Unknown,NA,1950-03-31 - 1987-10-05,86,-121.443,38.4325
384325N1214427W001,1440080,1985-10-15T00:00:00Z,25.44,24.94,0,84,-58.56,84,83.5,NA,Unknown,Water level accuracy is unknown,1,Department of Water Resources,NA,323,Sacramento County,NA,NA,6720,07N05E28E001M,NA,Unknown,Unknown,5-021.65,South American,Sacramento,178,Unknown,Unknown,NA,1950-03-31 - 1987-10-05,86,-121.443,38.4325
384325N1214427W001,1440079,1985-03-18T00:00:00Z,25.44,24.94,0,67,-41.56,67,66.5,NA,Unknown,Water level accuracy is unknown,1,Department of Water Resources,NA,323,Sacramento County,NA,NA,6720,07N05E28E001M,NA,Unknown,Unknown,5-021.65,South American,Sacramento,178,Unknown,Unknown,NA,1950-03-31 - 1987-10-05,86,-121.443,38.4325
384325N1214427W001,1440078,1984-10-12T00:00:00Z,25.44,24.94,0,72.4,-46.96,72.4,71.9,NA,Unknown,Water level accuracy is unknown,1,Department of Water Resources,NA,323,Sacramento County,NA,NA,6720,07N05E28E001M,NA,Unknown,Unknown,5-021.65,South American,Sacramento,178,Unknown,Unknown,NA,1950-03-31 - 1987-10-05,86,-121.443,38.4325
384325N1214427W001,1440077,1984-03-06T00:00:00Z,25.44,24.94,0,67.1,-41.66,67.1,66.6,NA,Unknown,Water level accuracy is unknown,1,Department of Water Resources,NA,323,Sacramento County,NA,NA,6720,07N05E28E001M,NA,Unknown,Unknown,5-021.65,South American,Sacramento,178,Unknown,Unknown,NA,1950-03-31 - 1987-10-05,86,-121.443,38.4325
384325N1214427W001,1440076,1983-10-04T00:00:00Z,25.44,24.94,0,73.7,-48.26,73.7,73.2,NA,Unknown,Water level accuracy is unknown,1,Department of Water Resources,NA,323,Sacramento County,NA,NA,6720,07N05E28E001M,NA,Unknown,Unknown,5-021.65,South American,Sacramento,178,Unknown,Unknown,NA,1950-03-31 - 1987-10-05,86,-121.443,38.4325
384325N1214427W001,1440075,1983-03-16T00:00:00Z,25.44,24.94,0,71.5,-46.06,71.5,71,NA,Unknown,Water level accuracy is unknown,1,Department of Water Resources,NA,323,Sacramento County,NA,NA,6720,07N05E28E001M,NA,Unknown,Unknown,5-021.65,South American,Sacramento,178,Unknown,Unknown,NA,1950-03-31 - 1987-10-05,86,-121.443,38.4325
384325N1214427W001,1440074,1982-10-27T00:00:00Z,25.44,24.94,0,75.6,-50.16,75.6,75.1,NA,Unknown,Water level accuracy is unknown,1,Department of Water Resources,NA,323,Sacramento County,NA,NA,6720,07N05E28E001M,NA,Unknown,Unknown,5-021.65,South American,Sacramento,178,Unknown,Unknown,NA,1950-03-31 - 1987-10-05,86,-121.443,38.4325
384325N1214427W001,1440072,1981-10-15T00:00:00Z,25.44,24.94,0,91.5,-66.06,91.5,91,NA,Unknown,Water level accuracy is unknown,1,Department of Water Resources,NA,323,Sacramento County,NA,NA,6720,07N05E28E001M,NA,Unknown,Unknown,5-021.65,South American,Sacramento,178,Unknown,Unknown,NA,1950-03-31 - 1987-10-05,86,-121.443,38.4325
384325N1214427W001,1440071,1981-03-09T00:00:00Z,25.44,24.94,0,82,-56.56,82,81.5,NA,Unknown,Water level accuracy is unknown,1,Department of Water Resources,NA,323,Sacramento County,NA,NA,6720,07N05E28E001M,NA,Unknown,Unknown,5-021.65,South American,Sacramento,178,Unknown,Unknown,NA,1950-03-31 - 1987-10-05,86,-121.443,38.4325
384325N1214427W001,1440070,1980-10-01T00:00:00Z,25.44,24.94,0,91,-65.56,91,90.5,NA,Unknown,Water level accuracy is unknown,1,Department of Water Resources,NA,323,Sacramento County,NA,NA,6720,07N05E28E001M,NA,Unknown,Unknown,5-021.65,South American,Sacramento,178,Unknown,Unknown,NA,1950-03-31 - 1987-10-05,86,-121.443,38.4325
384325N1214427W001,1440069,1980-03-10T00:00:00Z,25.44,24.94,0,85,-59.56,85,84.5,NA,Unknown,Water level accuracy is unknown,1,Department of Water Resources,NA,323,Sacramento County,NA,NA,6720,07N05E28E001M,NA,Unknown,Unknown,5-021.65,South American,Sacramento,178,Unknown,Unknown,NA,1950-03-31 - 1987-10-05,86,-121.443,38.4325
384325N1214427W001,1440068,1979-10-01T00:00:00Z,25.44,24.94,0,83,-57.56,83,82.5,NA,Unknown,Water level accuracy is unknown,1,Department of Water Resources,NA,323,Sacramento County,NA,NA,6720,07N05E28E001M,NA,Unknown,Unknown,5-021.65,South American,Sacramento,178,Unknown,Unknown,NA,1950-03-31 - 1987-10-05,86,-121.443,38.4325
384325N1214427W001,1440067,1979-03-12T00:00:00Z,25.44,24.94,0,76.6,-51.16,76.6,76.1,NA,Unknown,Water level accuracy is unknown,1,Department of Water Resources,NA,323,Sacramento County,NA,NA,6720,07N05E28E001M,NA,Unknown,Unknown,5-021.65,South American,Sacramento,178,Unknown,Unknown,NA,1950-03-31 - 1987-10-05,86,-121.443,38.4325
384325N1214427W001,1440066,1978-10-17T00:00:00Z,25.44,24.94,0,80,-54.56,80,79.5,NA,Unknown,Water level accuracy is unknown,1,Department of Water Resources,NA,323,Sacramento County,NA,NA,6720,07N05E28E001M,NA,Unknown,Unknown,5-021.65,South American,Sacramento,178,Unknown,Unknown,NA,1950-03-31 - 1987-10-05,86,-121.443,38.4325
384325N1214427W001,1440065,1978-03-13T00:00:00Z,25.44,24.94,0,77,-51.56,77,76.5,NA,Unknown,Water level accuracy is unknown,1,Department of Water Resources,NA,323,Sacramento County,NA,NA,6720,07N05E28E001M,NA,Unknown,Unknown,5-021.65,South American,Sacramento,178,Unknown,Unknown,NA,1950-03-31 - 1987-10-05,86,-121.443,38.4325
384325N1214427W001,1440064,1977-10-05T00:00:00Z,25.44,24.94,0,81,-55.56,81,80.5,NA,Unknown,Water level accuracy is unknown,1,Department of Water Resources,NA,323,Sacramento County,NA,NA,6720,07N05E28E001M,NA,Unknown,Unknown,5-021.65,South American,Sacramento,178,Unknown,Unknown,NA,1950-03-31 - 1987-10-05,86,-121.443,38.4325
384325N1214427W001,1440063,1977-03-07T00:00:00Z,25.44,24.94,0,80,-54.56,80,79.5,NA,Unknown,Water level accuracy is unknown,1,Department of Water Resources,NA,323,Sacramento County,NA,NA,6720,07N05E28E001M,NA,Unknown,Unknown,5-021.65,South American,Sacramento,178,Unknown,Unknown,NA,1950-03-31 - 1987-10-05,86,-121.443,38.4325
384325N1214427W001,1440062,1976-10-06T00:00:00Z,25.44,24.94,0,78.9,-53.46,78.9,78.4,NA,Unknown,Water level accuracy is unknown,1,Department of Water Resources,NA,323,Sacramento County,NA,NA,6720,07N05E28E001M,NA,Unknown,Unknown,5-021.65,South American,Sacramento,178,Unknown,Unknown,NA,1950-03-31 - 1987-10-05,86,-121.443,38.4325
384325N1214427W001,1440061,1976-03-02T00:00:00Z,25.44,24.94,0,71,-45.56,71,70.5,NA,Unknown,Water level accuracy is unknown,1,Department of Water Resources,NA,323,Sacramento County,NA,NA,6720,07N05E28E001M,NA,Unknown,Unknown,5-021.65,South American,Sacramento,178,Unknown,Unknown,NA,1950-03-31 - 1987-10-05,86,-121.443,38.4325
384325N1214427W001,1440060,1975-10-07T00:00:00Z,25.44,24.94,0,73.5,-48.06,73.5,73,NA,Unknown,Water level accuracy is unknown,1,Department of Water Resources,NA,323,Sacramento County,NA,NA,6720,07N05E28E001M,NA,Unknown,Unknown,5-021.65,South American,Sacramento,178,Unknown,Unknown,NA,1950-03-31 - 1987-10-05,86,-121.443,38.4325
384325N1214427W001,1440059,1975-03-05T00:00:00Z,25.44,24.94,0,69.4,-43.96,69.4,68.9,NA,Unknown,Water level accuracy is unknown,1,Department of Water Resources,NA,323,Sacramento County,NA,NA,6720,07N05E28E001M,NA,Unknown,Unknown,5-021.65,South American,Sacramento,178,Unknown,Unknown,NA,1950-03-31 - 1987-10-05,86,-121.443,38.4325
384325N1214427W001,1440057,1974-03-04T00:00:00Z,25.44,24.94,0,62.6,-37.16,62.6,62.1,NA,Unknown,Water level accuracy is unknown,1,Department of Water Resources,NA,323,Sacramento County,NA,NA,6720,07N05E28E001M,NA,Unknown,Unknown,5-021.65,South American,Sacramento,178,Unknown,Unknown,NA,1950-03-31 - 1987-10-05,86,-121.443,38.4325
384325N1214427W001,1440055,1973-03-07T00:00:00Z,25.44,24.94,0,63.2,-37.76,63.2,62.7,NA,Unknown,Water level accuracy is unknown,1,Department of Water Resources,NA,323,Sacramento County,NA,NA,6720,07N05E28E001M,NA,Unknown,Unknown,5-021.65,South American,Sacramento,178,Unknown,Unknown,NA,1950-03-31 - 1987-10-05,86,-121.443,38.4325
384325N1214427W001,1440054,1972-10-10T00:00:00Z,25.44,24.94,0,74.9,-49.46,74.9,74.4,NA,Unknown,Water level accuracy is unknown,1,Department of Water Resources,NA,323,Sacramento County,NA,NA,6720,07N05E28E001M,NA,Unknown,Unknown,5-021.65,South American,Sacramento,178,Unknown,Unknown,NA,1950-03-31 - 1987-10-05,86,-121.443,38.4325
384325N1214427W001,1440053,1972-03-07T00:00:00Z,25.44,24.94,0,69.1,-43.66,69.1,68.6,NA,Unknown,Water level accuracy is unknown,1,Department of Water Resources,NA,323,Sacramento County,NA,NA,6720,07N05E28E001M,NA,Unknown,Unknown,5-021.65,South American,Sacramento,178,Unknown,Unknown,NA,1950-03-31 - 1987-10-05,86,-121.443,38.4325
384325N1214427W001,1440051,1971-03-17T00:00:00Z,25.44,24.94,0,67.8,-42.36,67.8,67.3,NA,Unknown,Water level accuracy is unknown,1,Department of Water Resources,NA,323,Sacramento County,NA,NA,6720,07N05E28E001M,NA,Unknown,Unknown,5-021.65,South American,Sacramento,178,Unknown,Unknown,NA,1950-03-31 - 1987-10-05,86,-121.443,38.4325
384325N1214427W001,1440049,1970-04-07T00:00:00Z,25.44,24.94,0,67.8,-42.36,67.8,67.3,NA,Unknown,Water level accuracy is unknown,1,Department of Water Resources,NA,323,Sacramento County,NA,NA,6720,07N05E28E001M,NA,Unknown,Unknown,5-021.65,South American,Sacramento,178,Unknown,Unknown,NA,1950-03-31 - 1987-10-05,86,-121.443,38.4325
384325N1214427W001,1440047,1969-03-25T00:00:00Z,25.44,24.94,0,67.5,-42.06,67.5,67,NA,Unknown,Water level accuracy is unknown,1,Department of Water Resources,NA,323,Sacramento County,NA,NA,6720,07N05E28E001M,NA,Unknown,Unknown,5-021.65,South American,Sacramento,178,Unknown,Unknown,NA,1950-03-31 - 1987-10-05,86,-121.443,38.4325
384325N1214427W001,1440046,1968-10-08T00:00:00Z,25.44,24.94,0,72.3,-46.86,72.3,71.8,NA,Unknown,Water level accuracy is unknown,1,Department of Water Resources,NA,323,Sacramento County,NA,NA,6720,07N05E28E001M,NA,Unknown,Unknown,5-021.65,South American,Sacramento,178,Unknown,Unknown,NA,1950-03-31 - 1987-10-05,86,-121.443,38.4325
384325N1214427W001,1440045,1968-03-04T00:00:00Z,25.44,24.94,0,66.7,-41.26,66.7,66.2,NA,Unknown,Water level accuracy is unknown,1,Department of Water Resources,NA,323,Sacramento County,NA,NA,6720,07N05E28E001M,NA,Unknown,Unknown,5-021.65,South American,Sacramento,178,Unknown,Unknown,NA,1950-03-31 - 1987-10-05,86,-121.443,38.4325
384325N1214427W001,1440044,1967-10-09T00:00:00Z,25.44,24.94,0,70.8,-45.36,70.8,70.3,NA,Unknown,Water level accuracy is unknown,1,Department of Water Resources,NA,323,Sacramento County,NA,NA,6720,07N05E28E001M,NA,Unknown,Unknown,5-021.65,South American,Sacramento,178,Unknown,Unknown,NA,1950-03-31 - 1987-10-05,86,-121.443,38.4325
384325N1214427W001,1440043,1967-03-06T00:00:00Z,25.44,24.94,0,64.9,-39.46,64.9,64.4,NA,Unknown,Water level accuracy is unknown,1,Department of Water Resources,NA,323,Sacramento County,NA,NA,6720,07N05E28E001M,NA,Unknown,Unknown,5-021.65,South American,Sacramento,178,Unknown,Unknown,NA,1950-03-31 - 1987-10-05,86,-121.443,38.4325
384325N1214427W001,1440041,1966-03-09T00:00:00Z,25.44,24.94,0,66.1,-40.66,66.1,65.6,NA,Unknown,Water level accuracy is unknown,1,Department of Water Resources,NA,323,Sacramento County,NA,NA,6720,07N05E28E001M,NA,Unknown,Unknown,5-021.65,South American,Sacramento,178,Unknown,Unknown,NA,1950-03-31 - 1987-10-05,86,-121.443,38.4325
384325N1214427W001,1440039,1965-03-16T00:00:00Z,25.44,24.94,0,65.8,-40.36,65.8,65.3,NA,Unknown,Water level accuracy is unknown,1,Department of Water Resources,NA,323,Sacramento County,NA,NA,6720,07N05E28E001M,NA,Unknown,Unknown,5-021.65,South American,Sacramento,178,Unknown,Unknown,NA,1950-03-31 - 1987-10-05,86,-121.443,38.4325
384325N1214427W001,1440037,1964-04-01T00:00:00Z,25.44,24.94,0,67.2,-41.76,67.2,66.7,NA,Unknown,Water level accuracy is unknown,1,Department of Water Resources,NA,323,Sacramento County,NA,NA,6720,07N05E28E001M,NA,Unknown,Unknown,5-021.65,South American,Sacramento,178,Unknown,Unknown,NA,1950-03-31 - 1987-10-05,86,-121.443,38.4325
384325N1214427W001,1440036,1963-10-14T00:00:00Z,25.44,24.94,0,66,-40.56,66,65.5,NA,Unknown,Water level accuracy is unknown,1,Department of Water Resources,NA,1,Department of Water Resources,NA,NA,6720,07N05E28E001M,NA,Unknown,Unknown,5-021.65,South American,Sacramento,178,Unknown,Unknown,NA,1950-03-31 - 1987-10-05,86,-121.443,38.4325
384325N1214427W001,1440035,1963-03-18T00:00:00Z,25.44,24.94,0,64,-38.56,64,63.5,NA,Unknown,Water level accuracy is unknown,1,Department of Water Resources,NA,1,Department of Water Resources,NA,NA,6720,07N05E28E001M,NA,Unknown,Unknown,5-021.65,South American,Sacramento,178,Unknown,Unknown,NA,1950-03-31 - 1987-10-05,86,-121.443,38.4325
384325N1214427W001,1440033,1962-03-05T00:00:00Z,25.44,24.94,0,50.6,-25.16,50.6,50.1,NA,Unknown,Water level accuracy is unknown,1,Department of Water Resources,NA,1,Department of Water Resources,NA,NA,6720,07N05E28E001M,NA,Unknown,Unknown,5-021.65,South American,Sacramento,178,Unknown,Unknown,NA,1950-03-31 - 1987-10-05,86,-121.443,38.4325
384325N1214427W001,1440032,1961-10-02T00:00:00Z,25.44,24.94,0,64.7,-39.26,64.7,64.2,NA,Unknown,Water level accuracy is unknown,1,Department of Water Resources,NA,1,Department of Water Resources,NA,NA,6720,07N05E28E001M,NA,Unknown,Unknown,5-021.65,South American,Sacramento,178,Unknown,Unknown,NA,1950-03-31 - 1987-10-05,86,-121.443,38.4325
384325N1214427W001,1440029,1960-02-15T00:00:00Z,25.44,24.94,0,58.2,-32.76,58.2,57.7,NA,Unknown,Water level accuracy is unknown,1,Department of Water Resources,NA,1,Department of Water Resources,NA,NA,6720,07N05E28E001M,NA,Unknown,Unknown,5-021.65,South American,Sacramento,178,Unknown,Unknown,NA,1950-03-31 - 1987-10-05,86,-121.443,38.4325
384325N1214427W001,1440028,1959-11-09T00:00:00Z,25.44,24.94,0,59.4,-33.96,59.4,58.9,NA,Unknown,Water level accuracy is unknown,1,Department of Water Resources,NA,624,Bureau of Reclamation,NA,NA,6720,07N05E28E001M,NA,Unknown,Unknown,5-021.65,South American,Sacramento,178,Unknown,Unknown,NA,1950-03-31 - 1987-10-05,86,-121.443,38.4325
384325N1214427W001,1440027,1959-04-03T00:00:00Z,25.44,24.94,0,60.8,-35.36,60.8,60.3,NA,Unknown,Water level accuracy is unknown,1,Department of Water Resources,NA,624,Bureau of Reclamation,NA,NA,6720,07N05E28E001M,NA,Unknown,Unknown,5-021.65,South American,Sacramento,178,Unknown,Unknown,NA,1950-03-31 - 1987-10-05,86,-121.443,38.4325
384325N1214427W001,1440026,1958-04-28T00:00:00Z,25.44,24.94,0,54,-28.56,54,53.5,NA,Unknown,Water level accuracy is unknown,1,Department of Water Resources,NA,624,Bureau of Reclamation,NA,NA,6720,07N05E28E001M,NA,Unknown,Unknown,5-021.65,South American,Sacramento,178,Unknown,Unknown,NA,1950-03-31 - 1987-10-05,86,-121.443,38.4325
384325N1214427W001,1440025,1957-10-18T00:00:00Z,25.44,24.94,0,56.3,-30.86,56.3,55.8,NA,Unknown,Water level accuracy is unknown,1,Department of Water Resources,NA,624,Bureau of Reclamation,NA,NA,6720,07N05E28E001M,NA,Unknown,Unknown,5-021.65,South American,Sacramento,178,Unknown,Unknown,NA,1950-03-31 - 1987-10-05,86,-121.443,38.4325
384325N1214427W001,1440024,1957-03-28T00:00:00Z,25.44,24.94,0,52.9,-27.46,52.9,52.4,NA,Unknown,Water level accuracy is unknown,1,Department of Water Resources,NA,624,Bureau of Reclamation,NA,NA,6720,07N05E28E001M,NA,Unknown,Unknown,5-021.65,South American,Sacramento,178,Unknown,Unknown,NA,1950-03-31 - 1987-10-05,86,-121.443,38.4325
384325N1214427W001,1440023,1956-10-18T00:00:00Z,25.44,24.94,0,56.2,-30.76,56.2,55.7,NA,Unknown,Water level accuracy is unknown,1,Department of Water Resources,NA,624,Bureau of Reclamation,NA,NA,6720,07N05E28E001M,NA,Unknown,Unknown,5-021.65,South American,Sacramento,178,Unknown,Unknown,NA,1950-03-31 - 1987-10-05,86,-121.443,38.4325
384325N1214427W001,1440022,1956-03-22T00:00:00Z,25.44,24.94,0,51.2,-25.76,51.2,50.7,NA,Unknown,Water level accuracy is unknown,1,Department of Water Resources,NA,1,Department of Water Resources,NA,NA,6720,07N05E28E001M,NA,Unknown,Unknown,5-021.65,South American,Sacramento,178,Unknown,Unknown,NA,1950-03-31 - 1987-10-05,86,-121.443,38.4325
384325N1214427W001,1440021,1955-10-24T00:00:00Z,25.44,24.94,0,53.6,-28.16,53.6,53.1,NA,Unknown,Water level accuracy is unknown,1,Department of Water Resources,NA,1,Department of Water Resources,NA,NA,6720,07N05E28E001M,NA,Unknown,Unknown,5-021.65,South American,Sacramento,178,Unknown,Unknown,NA,1950-03-31 - 1987-10-05,86,-121.443,38.4325
384325N1214427W001,1440020,1955-03-24T00:00:00Z,25.44,24.94,0,49.3,-23.86,49.3,48.8,NA,Unknown,Water level accuracy is unknown,1,Department of Water Resources,NA,624,Bureau of Reclamation,NA,NA,6720,07N05E28E001M,NA,Unknown,Unknown,5-021.65,South American,Sacramento,178,Unknown,Unknown,NA,1950-03-31 - 1987-10-05,86,-121.443,38.4325
384325N1214427W001,1440019,1954-11-05T00:00:00Z,25.44,24.94,0,50.7,-25.26,50.7,50.2,NA,Unknown,Water level accuracy is unknown,1,Department of Water Resources,NA,624,Bureau of Reclamation,NA,NA,6720,07N05E28E001M,NA,Unknown,Unknown,5-021.65,South American,Sacramento,178,Unknown,Unknown,NA,1950-03-31 - 1987-10-05,86,-121.443,38.4325
384325N1214427W001,1440018,1954-03-23T00:00:00Z,25.44,24.94,0,46.2,-20.76,46.2,45.7,NA,Unknown,Water level accuracy is unknown,1,Department of Water Resources,NA,624,Bureau of Reclamation,NA,NA,6720,07N05E28E001M,NA,Unknown,Unknown,5-021.65,South American,Sacramento,178,Unknown,Unknown,NA,1950-03-31 - 1987-10-05,86,-121.443,38.4325
384325N1214427W001,1440017,1953-11-10T00:00:00Z,25.44,24.94,0,47.6,-22.16,47.6,47.1,NA,Unknown,Water level accuracy is unknown,1,Department of Water Resources,NA,1,Department of Water Resources,NA,NA,6720,07N05E28E001M,NA,Unknown,Unknown,5-021.65,South American,Sacramento,178,Unknown,Unknown,NA,1950-03-31 - 1987-10-05,86,-121.443,38.4325
384325N1214427W001,1440016,1953-03-02T00:00:00Z,25.44,24.94,0,44,-18.56,44,43.5,NA,Unknown,Water level accuracy is unknown,1,Department of Water Resources,NA,1,Department of Water Resources,NA,NA,6720,07N05E28E001M,NA,Unknown,Unknown,5-021.65,South American,Sacramento,178,Unknown,Unknown,NA,1950-03-31 - 1987-10-05,86,-121.443,38.4325
384325N1214427W001,1440015,1952-10-31T00:00:00Z,25.44,24.94,0,45.8,-20.36,45.8,45.3,NA,Unknown,Water level accuracy is unknown,1,Department of Water Resources,NA,1,Department of Water Resources,NA,NA,6720,07N05E28E001M,NA,Unknown,Unknown,5-021.65,South American,Sacramento,178,Unknown,Unknown,NA,1950-03-31 - 1987-10-05,86,-121.443,38.4325
384325N1214427W001,1440014,1952-04-01T00:00:00Z,25.44,24.94,0,42,-16.56,42,41.5,NA,Unknown,Water level accuracy is unknown,1,Department of Water Resources,NA,1,Department of Water Resources,NA,NA,6720,07N05E28E001M,NA,Unknown,Unknown,5-021.65,South American,Sacramento,178,Unknown,Unknown,NA,1950-03-31 - 1987-10-05,86,-121.443,38.4325
384325N1214427W001,1440013,1951-11-05T00:00:00Z,25.44,24.94,0,44.6,-19.16,44.6,44.1,NA,Unknown,Water level accuracy is unknown,1,Department of Water Resources,NA,1,Department of Water Resources,NA,NA,6720,07N05E28E001M,NA,Unknown,Unknown,5-021.65,South American,Sacramento,178,Unknown,Unknown,NA,1950-03-31 - 1987-10-05,86,-121.443,38.4325
384325N1214427W001,1440012,1951-10-05T00:00:00Z,25.44,24.94,0,54.2,-28.76,54.2,53.7,NA,Unknown,Water level accuracy is unknown,1,Department of Water Resources,NA,1,Department of Water Resources,NA,NA,6720,07N05E28E001M,NA,Unknown,Unknown,5-021.65,South American,Sacramento,178,Unknown,Unknown,NA,1950-03-31 - 1987-10-05,86,-121.443,38.4325
384325N1214427W001,1440011,1951-04-02T00:00:00Z,25.44,24.94,0,56.9,-31.46,56.9,56.4,Pumping,Unknown,Water level accuracy is unknown,1,Department of Water Resources,NA,1,Department of Water Resources,NA,NA,6720,07N05E28E001M,NA,Unknown,Unknown,5-021.65,South American,Sacramento,178,Unknown,Unknown,NA,1950-03-31 - 1987-10-05,86,-121.443,38.4325
384325N1214427W001,1440010,1951-03-01T00:00:00Z,25.44,24.94,0,40.7,-15.26,40.7,40.2,NA,Unknown,Water level accuracy is unknown,1,Department of Water Resources,NA,1,Department of Water Resources,NA,NA,6720,07N05E28E001M,NA,Unknown,Unknown,5-021.65,South American,Sacramento,178,Unknown,Unknown,NA,1950-03-31 - 1987-10-05,86,-121.443,38.4325
384325N1214427W001,1440009,1951-02-05T00:00:00Z,25.44,24.94,0,41.2,-15.76,41.2,40.7,NA,Unknown,Water level accuracy is unknown,1,Department of Water Resources,NA,1,Department of Water Resources,NA,NA,6720,07N05E28E001M,NA,Unknown,Unknown,5-021.65,South American,Sacramento,178,Unknown,Unknown,NA,1950-03-31 - 1987-10-05,86,-121.443,38.4325
384325N1214427W001,1440008,1951-01-02T00:00:00Z,25.44,24.94,0,46.8,-21.36,46.8,46.3,NA,Unknown,Water level accuracy is unknown,1,Department of Water Resources,NA,1,Department of Water Resources,NA,NA,6720,07N05E28E001M,NA,Unknown,Unknown,5-021.65,South American,Sacramento,178,Unknown,Unknown,NA,1950-03-31 - 1987-10-05,86,-121.443,38.4325
384325N1214427W001,1440007,1950-12-04T00:00:00Z,25.44,24.94,0,42.7,-17.26,42.7,42.2,NA,Unknown,Water level accuracy is unknown,1,Department of Water Resources,NA,1,Department of Water Resources,NA,NA,6720,07N05E28E001M,NA,Unknown,Unknown,5-021.65,South American,Sacramento,178,Unknown,Unknown,NA,1950-03-31 - 1987-10-05,86,-121.443,38.4325
384325N1214427W001,1440006,1950-11-06T00:00:00Z,25.44,24.94,0,43.1,-17.66,43.1,42.6,NA,Unknown,Water level accuracy is unknown,1,Department of Water Resources,NA,1,Department of Water Resources,NA,NA,6720,07N05E28E001M,NA,Unknown,Unknown,5-021.65,South American,Sacramento,178,Unknown,Unknown,NA,1950-03-31 - 1987-10-05,86,-121.443,38.4325
384325N1214427W001,1440005,1950-10-03T00:00:00Z,25.44,24.94,0,59.2,-33.76,59.2,58.7,Pumping,Unknown,Water level accuracy is unknown,1,Department of Water Resources,NA,1,Department of Water Resources,NA,NA,6720,07N05E28E001M,NA,Unknown,Unknown,5-021.65,South American,Sacramento,178,Unknown,Unknown,NA,1950-03-31 - 1987-10-05,86,-121.443,38.4325
384325N1214427W001,1440004,1950-09-13T00:00:00Z,25.44,24.94,0,43.3,-17.86,43.3,42.8,NA,Unknown,Water level accuracy is unknown,1,Department of Water Resources,NA,1,Department of Water Resources,NA,NA,6720,07N05E28E001M,NA,Unknown,Unknown,5-021.65,South American,Sacramento,178,Unknown,Unknown,NA,1950-03-31 - 1987-10-05,86,-121.443,38.4325
384325N1214427W001,1440003,1950-08-03T00:00:00Z,25.44,24.94,0,42.8,-17.36,42.8,42.3,NA,Unknown,Water level accuracy is unknown,1,Department of Water Resources,NA,1,Department of Water Resources,NA,NA,6720,07N05E28E001M,NA,Unknown,Unknown,5-021.65,South American,Sacramento,178,Unknown,Unknown,NA,1950-03-31 - 1987-10-05,86,-121.443,38.4325
384325N1214427W001,1440002,1950-07-10T00:00:00Z,25.44,24.94,0,42.5,-17.06,42.5,42,NA,Unknown,Water level accuracy is unknown,1,Department of Water Resources,NA,1,Department of Water Resources,NA,NA,6720,07N05E28E001M,NA,Unknown,Unknown,5-021.65,South American,Sacramento,178,Unknown,Unknown,NA,1950-03-31 - 1987-10-05,86,-121.443,38.4325
384325N1214427W001,1440001,1950-06-12T00:00:00Z,25.44,24.94,0,41,-15.56,41,40.5,NA,Unknown,Water level accuracy is unknown,1,Department of Water Resources,NA,1,Department of Water Resources,NA,NA,6720,07N05E28E001M,NA,Unknown,Unknown,5-021.65,South American,Sacramento,178,Unknown,Unknown,NA,1950-03-31 - 1987-10-05,86,-121.443,38.4325
384325N1214427W001,1440000,1950-05-03T00:00:00Z,25.44,24.94,0,39.3,-13.86,39.3,38.8,NA,Unknown,Water level accuracy is unknown,1,Department of Water Resources,NA,1,Department of Water Resources,NA,NA,6720,07N05E28E001M,NA,Unknown,Unknown,5-021.65,South American,Sacramento,178,Unknown,Unknown,NA,1950-03-31 - 1987-10-05,86,-121.443,38.4325
384325N1214427W001,1439999,1950-03-31T00:00:00Z,25.44,24.94,0,38.9,-13.46,38.9,38.4,NA,Unknown,Water level accuracy is unknown,1,Department of Water Resources,NA,1,Department of Water Resources,NA,NA,6720,07N05E28E001M,NA,Unknown,Unknown,5-021.65,South American,Sacramento,178,Unknown,Unknown,NA,1950-03-31 - 1987-10-05,86,-121.443,38.4325
