SITE_CODE,WLM_ID,MSMT_DATE,WLM_RPE,WLM_GSE,RDNG_WS,RDNG_RP,WSE,RPE_WSE,GSE_WSE,WLM_QA_DESC,WLM_DESC,WLM_ACC_DESC,WLM_ORG_ID,WLM_ORG_NAME,MSMT_CMT,COOP_AGENCY_ORG_ID,COOP_ORG_NAME,TOP_PRF,BOT_PRF,STN_ID,SWN,WELL_NAME,WLM_METHOD,WLM_ACC,BASIN_CODE,BASIN_NAME,COUNTY_NAME,WELL_DEPTH,WELL_USE,WELL_TYPE,WCR_NO,t_range,n_samples,season,fall_high,fall_low,spring_high,spring_low,water_year,Oct.Mar,Apr.Jul,WYsum,Index,water_year_type,region,water_year_start,water_year_end,X,Y
384417N1213354W001,2482797,2019-10-08T00:00:00Z,61.38,59.38,0,87.6,-26.22,87.6,85.6,NA,Electric sounder measurement,Water level accuracy to nearest tenth of a foot,5050,Sacramento Central Groundwater Authority,NA,5050,Sacramento Central Groundwater Authority,NA,NA,27851,07N06E20J001M,SCGA #8,Unknown,Unknown,5-021.65,South American,Sacramento,NA,Irrigation,Single Well,NA,1990-05-03 - 2020-04-15,59,fall,85.6,111.9,NA,NA,2019,13.11,10.66,24.77,10.34,Wet,SAC,2019-10-01T00:00:00Z,2020-10-01T00:00:00Z,-121.335,38.4417
384417N1213354W001,2454905,2019-04-11T00:00:00Z,61.38,59.38,0,84.6,-23.22,84.6,82.6,NA,Electric sounder measurement,Water level accuracy to nearest tenth of a foot,5050,Sacramento Central Groundwater Authority,NA,5050,Sacramento Central Groundwater Authority,NA,NA,27851,07N06E20J001M,SCGA #8,Unknown,Unknown,5-021.65,South American,Sacramento,NA,Irrigation,Single Well,NA,1990-05-03 - 2020-04-15,59,spring,NA,NA,82.6,111.2,2018,7.09,5.05,12.86,7.14,Below Normal,SAC,2018-10-01T00:00:00Z,2019-10-01T00:00:00Z,-121.335,38.4417
384417N1213354W001,2413065,2018-10-10T00:00:00Z,61.38,59.38,0,90.3,-28.92,90.3,88.3,NA,Electric sounder measurement,Water level accuracy to nearest tenth of a foot,5050,Sacramento Central Groundwater Authority,NA,5050,Sacramento Central Groundwater Authority,NA,NA,27851,07N06E20J001M,SCGA #8,Unknown,Unknown,5-021.65,South American,Sacramento,NA,Irrigation,Single Well,NA,1990-05-03 - 2020-04-15,59,fall,85.6,111.9,NA,NA,2018,7.09,5.05,12.86,7.14,Below Normal,SAC,2018-10-01T00:00:00Z,2019-10-01T00:00:00Z,-121.335,38.4417
384417N1213354W001,2305646,2018-04-17T00:00:00Z,61.38,59.38,0,88.7,-27.32,88.7,86.7,NA,Electric sounder measurement,Water level accuracy to nearest tenth of a foot,5050,Sacramento Central Groundwater Authority,NA,5050,Sacramento Central Groundwater Authority,NA,NA,27851,07N06E20J001M,SCGA #8,Unknown,Unknown,5-021.65,South American,Sacramento,NA,Irrigation,Single Well,NA,1990-05-03 - 2020-04-15,59,spring,NA,NA,82.6,111.2,2017,26.17,10.69,37.82,14.14,Wet,SAC,2017-10-01T00:00:00Z,2018-10-01T00:00:00Z,-121.335,38.4417
384417N1213354W001,2278909,2017-10-12T00:00:00Z,61.38,59.38,0,93.6,-32.22,93.6,91.6,NA,Electric sounder measurement,Water level accuracy to nearest tenth of a foot,5050,Sacramento Central Groundwater Authority,NA,5050,Sacramento Central Groundwater Authority,NA,NA,27851,07N06E20J001M,SCGA #8,Unknown,Unknown,5-021.65,South American,Sacramento,NA,Irrigation,Single Well,NA,1990-05-03 - 2020-04-15,59,fall,85.6,111.9,NA,NA,2017,26.17,10.69,37.82,14.14,Wet,SAC,2017-10-01T00:00:00Z,2018-10-01T00:00:00Z,-121.335,38.4417
384417N1213354W001,2252859,2017-04-28T00:00:00Z,61.38,59.38,0,91.6,-30.22,91.6,89.6,NA,Electric sounder measurement,Water level accuracy to nearest tenth of a foot,5050,Sacramento Central Groundwater Authority,NA,5050,Sacramento Central Groundwater Authority,NA,NA,27851,07N06E20J001M,SCGA #8,Unknown,Unknown,5-021.65,South American,Sacramento,NA,Irrigation,Single Well,NA,1990-05-03 - 2020-04-15,59,spring,NA,NA,82.6,111.2,2016,12.24,4.6,17.48,6.71,Below Normal,SAC,2016-10-01T00:00:00Z,2017-10-01T00:00:00Z,-121.335,38.4417
384417N1213354W001,2252858,2016-10-20T00:00:00Z,61.38,59.38,0,95.8,-34.42,95.8,93.8,NA,Electric sounder measurement,Water level accuracy to nearest tenth of a foot,5050,Sacramento Central Groundwater Authority,NA,5050,Sacramento Central Groundwater Authority,NA,NA,27851,07N06E20J001M,SCGA #8,Unknown,Unknown,5-021.65,South American,Sacramento,NA,Irrigation,Single Well,NA,1990-05-03 - 2020-04-15,59,fall,85.6,111.9,NA,NA,2016,12.24,4.6,17.48,6.71,Below Normal,SAC,2016-10-01T00:00:00Z,2017-10-01T00:00:00Z,-121.335,38.4417
384417N1213354W001,2205441,2016-05-09T00:00:00Z,61.38,59.38,0,93.5,-32.12,93.5,91.5,NA,Electric sounder measurement,Water level accuracy to nearest tenth of a foot,5050,Sacramento Central Groundwater Authority,NA,5050,Sacramento Central Groundwater Authority,NA,NA,27851,07N06E20J001M,SCGA #8,Unknown,Unknown,5-021.65,South American,Sacramento,NA,Irrigation,Single Well,NA,1990-05-03 - 2020-04-15,59,spring,NA,NA,82.6,111.2,2015,6.91,1.77,9.23,4,Critical,SAC,2015-10-01T00:00:00Z,2016-10-01T00:00:00Z,-121.335,38.4417
384417N1213354W001,2185728,2015-10-19T00:00:00Z,61.38,59.38,0,96.2,-34.82,96.2,94.2,NA,Electric sounder measurement,Water level accuracy to nearest tenth of a foot,5050,Sacramento Central Groundwater Authority,NA,5050,Sacramento Central Groundwater Authority,NA,NA,27851,07N06E20J001M,SCGA #8,Unknown,Unknown,5-021.65,South American,Sacramento,NA,Irrigation,Single Well,NA,1990-05-03 - 2020-04-15,59,fall,85.6,111.9,NA,NA,2015,6.91,1.77,9.23,4,Critical,SAC,2015-10-01T00:00:00Z,2016-10-01T00:00:00Z,-121.335,38.4417
384417N1213354W001,2137305,2015-04-21T00:00:00Z,61.38,59.38,0,93.7,-32.32,93.7,91.7,NA,Electric sounder measurement,Water level accuracy to nearest tenth of a foot,5050,Sacramento Central Groundwater Authority,NA,5050,Sacramento Central Groundwater Authority,NA,NA,27851,07N06E20J001M,SCGA #8,Unknown,Unknown,5-021.65,South American,Sacramento,NA,Irrigation,Single Well,NA,1990-05-03 - 2020-04-15,59,spring,NA,NA,82.6,111.2,2014,4.29,2.59,7.46,4.07,Critical,SAC,2014-10-01T00:00:00Z,2015-10-01T00:00:00Z,-121.335,38.4417
384417N1213354W001,2137304,2014-10-20T00:00:00Z,61.38,59.38,0,96.2,-34.82,96.2,94.2,NA,Electric sounder measurement,Water level accuracy to nearest tenth of a foot,5050,Sacramento Central Groundwater Authority,NA,5050,Sacramento Central Groundwater Authority,NA,NA,27851,07N06E20J001M,SCGA #8,Unknown,Unknown,5-021.65,South American,Sacramento,NA,Irrigation,Single Well,NA,1990-05-03 - 2020-04-15,59,fall,85.6,111.9,NA,NA,2014,4.29,2.59,7.46,4.07,Critical,SAC,2014-10-01T00:00:00Z,2015-10-01T00:00:00Z,-121.335,38.4417
384417N1213354W001,1905172,2014-04-14T00:00:00Z,61.38,59.38,0,92.8,-31.42,92.8,90.8,NA,Electric sounder measurement,Water level accuracy to nearest tenth of a foot,5050,Sacramento Central Groundwater Authority,NA,5050,Sacramento Central Groundwater Authority,NA,NA,27851,07N06E20J001M,SCGA #8,Unknown,Unknown,5-021.65,South American,Sacramento,NA,Irrigation,Single Well,NA,1990-05-03 - 2020-04-15,59,spring,NA,NA,82.6,111.2,2013,8.52,3.01,12.19,5.83,Dry,SAC,2013-10-01T00:00:00Z,2014-10-01T00:00:00Z,-121.335,38.4417
384417N1213354W001,1905171,2013-10-29T00:00:00Z,61.38,59.38,0,95.3,-33.92,95.3,93.3,NA,Electric sounder measurement,Water level accuracy to nearest tenth of a foot,5050,Sacramento Central Groundwater Authority,NA,5050,Sacramento Central Groundwater Authority,NA,NA,27851,07N06E20J001M,SCGA #8,Unknown,Unknown,5-021.65,South American,Sacramento,NA,Irrigation,Single Well,NA,1990-05-03 - 2020-04-15,59,fall,85.6,111.9,NA,NA,2013,8.52,3.01,12.19,5.83,Dry,SAC,2013-10-01T00:00:00Z,2014-10-01T00:00:00Z,-121.335,38.4417
384417N1213354W001,1704763,2013-04-17T00:00:00Z,61.38,59.38,0,92.2,-30.82,92.2,90.2,NA,Electric sounder measurement,Water level accuracy to nearest tenth of a foot,5050,Sacramento Central Groundwater Authority,NA,5050,Sacramento Central Groundwater Authority,NA,NA,27851,07N06E20J001M,SCGA #8,Unknown,Unknown,5-021.65,South American,Sacramento,NA,Irrigation,Single Well,NA,1990-05-03 - 2020-04-15,59,spring,NA,NA,82.6,111.2,2012,5.69,5.46,11.84,6.89,Below Normal,SAC,2012-10-01T00:00:00Z,2013-10-01T00:00:00Z,-121.335,38.4417
384417N1213354W001,1704762,2012-10-23T00:00:00Z,61.38,59.38,0,95.4,-34.02,95.4,93.4,NA,Electric sounder measurement,Water level accuracy to nearest tenth of a foot,5050,Sacramento Central Groundwater Authority,NA,5050,Sacramento Central Groundwater Authority,NA,NA,27851,07N06E20J001M,SCGA #8,Unknown,Unknown,5-021.65,South American,Sacramento,NA,Irrigation,Single Well,NA,1990-05-03 - 2020-04-15,59,fall,85.6,111.9,NA,NA,2012,5.69,5.46,11.84,6.89,Below Normal,SAC,2012-10-01T00:00:00Z,2013-10-01T00:00:00Z,-121.335,38.4417
384417N1213354W001,61306,2012-04-24T00:00:00Z,61.38,59.38,0,92,-30.62,92,90,NA,Electric sounder measurement,Water level accuracy to nearest tenth of a foot,5050,Sacramento Central Groundwater Authority,NA,5050,Sacramento Central Groundwater Authority,NA,NA,27851,07N06E20J001M,SCGA #8,Unknown,Unknown,5-021.65,South American,Sacramento,NA,Irrigation,Single Well,NA,1990-05-03 - 2020-04-15,59,spring,NA,NA,82.6,111.2,2011,12.68,11.53,25.21,10.54,Wet,SAC,2011-10-01T00:00:00Z,2012-10-01T00:00:00Z,-121.335,38.4417
384417N1213354W001,21382,2011-10-21T00:00:00Z,61.38,59.38,0,96.6,-35.22,96.6,94.6,NA,Electric sounder measurement,Water level accuracy to nearest tenth of a foot,5050,Sacramento Central Groundwater Authority,NA,5050,Sacramento Central Groundwater Authority,NA,NA,27851,07N06E20J001M,SCGA #8,Unknown,Unknown,5-021.65,South American,Sacramento,NA,Irrigation,Single Well,NA,1990-05-03 - 2020-04-15,59,fall,85.6,111.9,NA,NA,2011,12.68,11.53,25.21,10.54,Wet,SAC,2011-10-01T00:00:00Z,2012-10-01T00:00:00Z,-121.335,38.4417
384417N1213354W001,68587,2011-04-13T00:00:00Z,61.38,59.38,0,94,-32.62,94,92,NA,Electric sounder measurement,Water level accuracy to nearest tenth of a foot,5050,Sacramento Central Groundwater Authority,NA,5050,Sacramento Central Groundwater Authority,NA,NA,27851,07N06E20J001M,SCGA #8,Unknown,Unknown,5-021.65,South American,Sacramento,NA,Irrigation,Single Well,NA,1990-05-03 - 2020-04-15,59,spring,NA,NA,82.6,111.2,2010,7.45,7.78,16.01,7.08,Below Normal,SAC,2010-10-01T00:00:00Z,2011-10-01T00:00:00Z,-121.335,38.4417
384417N1213354W001,1443861,2010-04-23T00:00:00Z,61.38,59.38,0,94.4,-33.02,94.4,92.4,NA,Unknown,Water level accuracy is unknown,1,Department of Water Resources,NA,323,Sacramento County,NA,NA,27851,07N06E20J001M,SCGA #8,Unknown,Unknown,5-021.65,South American,Sacramento,NA,Irrigation,Single Well,NA,1990-05-03 - 2020-04-15,59,spring,NA,NA,82.6,111.2,2009,7.05,5.3,13.02,5.78,Dry,SAC,2009-10-01T00:00:00Z,2010-10-01T00:00:00Z,-121.335,38.4417
384417N1213354W001,1443860,2009-10-23T00:00:00Z,61.38,59.38,0,97.5,-36.12,97.5,95.5,NA,Unknown,Water level accuracy is unknown,1,Department of Water Resources,NA,323,Sacramento County,NA,NA,27851,07N06E20J001M,SCGA #8,Unknown,Unknown,5-021.65,South American,Sacramento,NA,Irrigation,Single Well,NA,1990-05-03 - 2020-04-15,59,fall,85.6,111.9,NA,NA,2009,7.05,5.3,13.02,5.78,Dry,SAC,2009-10-01T00:00:00Z,2010-10-01T00:00:00Z,-121.335,38.4417
384417N1213354W001,1443859,2009-04-27T00:00:00Z,61.38,59.38,0,94.3,-32.92,94.3,92.3,NA,Unknown,Water level accuracy is unknown,1,Department of Water Resources,NA,323,Sacramento County,NA,NA,27851,07N06E20J001M,SCGA #8,Unknown,Unknown,5-021.65,South American,Sacramento,NA,Irrigation,Single Well,NA,1990-05-03 - 2020-04-15,59,spring,NA,NA,82.6,111.2,2008,5.9,3.82,10.28,5.16,Critical,SAC,2008-10-01T00:00:00Z,2009-10-01T00:00:00Z,-121.335,38.4417
384417N1213354W001,1443858,2008-10-15T00:00:00Z,61.38,59.38,0,97.9,-36.52,97.9,95.9,NA,Unknown,Water level accuracy is unknown,1,Department of Water Resources,NA,323,Sacramento County,NA,NA,27851,07N06E20J001M,SCGA #8,Unknown,Unknown,5-021.65,South American,Sacramento,NA,Irrigation,Single Well,NA,1990-05-03 - 2020-04-15,59,fall,85.6,111.9,NA,NA,2008,5.9,3.82,10.28,5.16,Critical,SAC,2008-10-01T00:00:00Z,2009-10-01T00:00:00Z,-121.335,38.4417
384417N1213354W001,1443857,2008-04-22T00:00:00Z,61.38,59.38,0,92.7,-31.32,92.7,90.7,NA,Unknown,Water level accuracy is unknown,1,Department of Water Resources,NA,323,Sacramento County,NA,NA,27851,07N06E20J001M,SCGA #8,Unknown,Unknown,5-021.65,South American,Sacramento,NA,Irrigation,Single Well,NA,1990-05-03 - 2020-04-15,59,spring,NA,NA,82.6,111.2,2007,6.59,3.04,10.28,6.19,Dry,SAC,2007-10-01T00:00:00Z,2008-10-01T00:00:00Z,-121.335,38.4417
384417N1213354W001,1443856,2007-10-29T00:00:00Z,61.38,59.38,0,95.8,-34.42,95.8,93.8,NA,Unknown,Water level accuracy is unknown,1,Department of Water Resources,NA,323,Sacramento County,NA,NA,27851,07N06E20J001M,SCGA #8,Unknown,Unknown,5-021.65,South American,Sacramento,NA,Irrigation,Single Well,NA,1990-05-03 - 2020-04-15,59,fall,85.6,111.9,NA,NA,2007,6.59,3.04,10.28,6.19,Dry,SAC,2007-10-01T00:00:00Z,2008-10-01T00:00:00Z,-121.335,38.4417
384417N1213354W001,1443855,2007-04-25T00:00:00Z,61.38,59.38,0,92.3,-30.92,92.3,90.3,NA,Unknown,Water level accuracy is unknown,1,Department of Water Resources,NA,323,Sacramento County,NA,NA,27851,07N06E20J001M,SCGA #8,Unknown,Unknown,5-021.65,South American,Sacramento,NA,Irrigation,Single Well,NA,1990-05-03 - 2020-04-15,59,spring,NA,NA,82.6,111.2,2006,18.06,13.09,32.09,13.2,Wet,SAC,2006-10-01T00:00:00Z,2007-10-01T00:00:00Z,-121.335,38.4417
384417N1213354W001,1443854,2006-10-13T00:00:00Z,61.38,59.38,0,97.2,-35.82,97.2,95.2,NA,Unknown,Water level accuracy is unknown,1,Department of Water Resources,NA,323,Sacramento County,NA,NA,27851,07N06E20J001M,SCGA #8,Unknown,Unknown,5-021.65,South American,Sacramento,NA,Irrigation,Single Well,NA,1990-05-03 - 2020-04-15,59,fall,85.6,111.9,NA,NA,2006,18.06,13.09,32.09,13.2,Wet,SAC,2006-10-01T00:00:00Z,2007-10-01T00:00:00Z,-121.335,38.4417
384417N1213354W001,1443853,2006-05-05T00:00:00Z,61.38,59.38,0,94.1,-32.72,94.1,92.1,NA,Unknown,Water level accuracy is unknown,1,Department of Water Resources,NA,323,Sacramento County,NA,NA,27851,07N06E20J001M,SCGA #8,Unknown,Unknown,5-021.65,South American,Sacramento,NA,Irrigation,Single Well,NA,1990-05-03 - 2020-04-15,59,spring,NA,NA,82.6,111.2,2005,8.4,9.28,18.55,8.49,Above Normal,SAC,2005-10-01T00:00:00Z,2006-10-01T00:00:00Z,-121.335,38.4417
384417N1213354W001,1443852,2005-10-26T00:00:00Z,61.38,59.38,0,99.2,-37.82,99.2,97.2,NA,Unknown,Water level accuracy is unknown,1,Department of Water Resources,NA,323,Sacramento County,NA,NA,27851,07N06E20J001M,SCGA #8,Unknown,Unknown,5-021.65,South American,Sacramento,NA,Irrigation,Single Well,NA,1990-05-03 - 2020-04-15,59,fall,85.6,111.9,NA,NA,2005,8.4,9.28,18.55,8.49,Above Normal,SAC,2005-10-01T00:00:00Z,2006-10-01T00:00:00Z,-121.335,38.4417
384417N1213354W001,1443851,2005-04-21T00:00:00Z,61.38,59.38,0,95.8,-34.42,95.8,93.8,NA,Unknown,Water level accuracy is unknown,1,Department of Water Resources,NA,323,Sacramento County,NA,NA,27851,07N06E20J001M,SCGA #8,Unknown,Unknown,5-021.65,South American,Sacramento,NA,Irrigation,Single Well,NA,1990-05-03 - 2020-04-15,59,spring,NA,NA,82.6,111.2,2004,10.95,4.4,16.04,7.51,Below Normal,SAC,2004-10-01T00:00:00Z,2005-10-01T00:00:00Z,-121.335,38.4417
384417N1213354W001,1443850,2004-10-22T00:00:00Z,61.38,59.38,0,100,-38.62,100,98,NA,Unknown,Water level accuracy is unknown,1,Department of Water Resources,NA,323,Sacramento County,NA,NA,27851,07N06E20J001M,SCGA #8,Unknown,Unknown,5-021.65,South American,Sacramento,NA,Irrigation,Single Well,NA,1990-05-03 - 2020-04-15,59,fall,85.6,111.9,NA,NA,2004,10.95,4.4,16.04,7.51,Below Normal,SAC,2004-10-01T00:00:00Z,2005-10-01T00:00:00Z,-121.335,38.4417
384417N1213354W001,1443849,2004-03-31T00:00:00Z,61.38,59.38,0,95.3,-33.92,95.3,93.3,NA,Unknown,Water level accuracy is unknown,1,Department of Water Resources,NA,323,Sacramento County,NA,NA,27851,07N06E20J001M,SCGA #8,Unknown,Unknown,5-021.65,South American,Sacramento,NA,Irrigation,Single Well,NA,1990-05-03 - 2020-04-15,59,spring,NA,NA,82.6,111.2,2003,10.71,7.74,19.31,8.21,Above Normal,SAC,2003-10-01T00:00:00Z,2004-10-01T00:00:00Z,-121.335,38.4417
384417N1213354W001,1443848,2003-10-24T00:00:00Z,61.38,59.38,0,99.7,-38.32,99.7,97.7,Pumped recently,Unknown,Water level accuracy is unknown,1,Department of Water Resources,NA,323,Sacramento County,NA,NA,27851,07N06E20J001M,SCGA #8,Unknown,Unknown,5-021.65,South American,Sacramento,NA,Irrigation,Single Well,NA,1990-05-03 - 2020-04-15,59,fall,85.6,111.9,NA,NA,2003,10.71,7.74,19.31,8.21,Above Normal,SAC,2003-10-01T00:00:00Z,2004-10-01T00:00:00Z,-121.335,38.4417
384417N1213354W001,1443842,2003-04-30T00:00:00Z,61.38,59.38,0,94.4,-33.02,94.4,92.4,NA,Unknown,Water level accuracy is unknown,1,Department of Water Resources,NA,323,Sacramento County,NA,NA,27851,07N06E20J001M,SCGA #8,Unknown,Unknown,5-021.65,South American,Sacramento,NA,Irrigation,Single Well,NA,1990-05-03 - 2020-04-15,59,spring,NA,NA,82.6,111.2,2002,9.32,4.57,14.6,6.35,Dry,SAC,2002-10-01T00:00:00Z,2003-10-01T00:00:00Z,-121.335,38.4417
384417N1213354W001,1443844,2002-11-01T00:00:00Z,61.38,59.38,0,98.6,-37.22,98.6,96.6,NA,Unknown,Water level accuracy is unknown,1,Department of Water Resources,NA,323,Sacramento County,NA,NA,27851,07N06E20J001M,SCGA #8,Unknown,Unknown,5-021.65,South American,Sacramento,NA,Irrigation,Single Well,NA,1990-05-03 - 2020-04-15,59,fall,85.6,111.9,NA,NA,2002,9.32,4.57,14.6,6.35,Dry,SAC,2002-10-01T00:00:00Z,2003-10-01T00:00:00Z,-121.335,38.4417
384417N1213354W001,1443846,2002-05-24T00:00:00Z,61.38,59.38,0,94.8,-33.42,94.8,92.8,NA,Unknown,Water level accuracy is unknown,1,Department of Water Resources,NA,323,Sacramento County,NA,NA,27851,07N06E20J001M,SCGA #8,Unknown,Unknown,5-021.65,South American,Sacramento,NA,Irrigation,Single Well,NA,1990-05-03 - 2020-04-15,59,spring,NA,NA,82.6,111.2,2001,5.64,3.46,9.81,5.76,Dry,SAC,2001-10-01T00:00:00Z,2002-10-01T00:00:00Z,-121.335,38.4417
384417N1213354W001,1443843,2001-09-27T00:00:00Z,61.38,59.38,0,98.1,-36.72,98.1,96.1,NA,Unknown,Water level accuracy is unknown,1,Department of Water Resources,NA,323,Sacramento County,NA,NA,27851,07N06E20J001M,SCGA #8,Unknown,Unknown,5-021.65,South American,Sacramento,NA,Irrigation,Single Well,NA,1990-05-03 - 2020-04-15,59,fall,85.6,111.9,NA,NA,2000,12.06,5.96,18.9,8.94,Above Normal,SAC,2000-10-01T00:00:00Z,2001-10-01T00:00:00Z,-121.335,38.4417
384417N1213354W001,1443845,2001-04-18T00:00:00Z,61.38,59.38,0,93.3,-31.92,93.3,91.3,NA,Unknown,Water level accuracy is unknown,1,Department of Water Resources,NA,323,Sacramento County,NA,NA,27851,07N06E20J001M,SCGA #8,Unknown,Unknown,5-021.65,South American,Sacramento,NA,Irrigation,Single Well,NA,1990-05-03 - 2020-04-15,59,spring,NA,NA,82.6,111.2,2000,12.06,5.96,18.9,8.94,Above Normal,SAC,2000-10-01T00:00:00Z,2001-10-01T00:00:00Z,-121.335,38.4417
384417N1213354W001,1443847,2000-09-25T00:00:00Z,61.38,59.38,0,99.8,-38.42,99.8,97.8,NA,Unknown,Water level accuracy is unknown,1,Department of Water Resources,NA,323,Sacramento County,NA,NA,27851,07N06E20J001M,SCGA #8,Unknown,Unknown,5-021.65,South American,Sacramento,NA,Irrigation,Single Well,NA,1990-05-03 - 2020-04-15,59,fall,85.6,111.9,NA,NA,1999,12.97,7.26,21.19,9.8,Wet,SAC,1999-10-01T00:00:00Z,2000-10-01T00:00:00Z,-121.335,38.4417
384417N1213354W001,1443838,2000-04-21T00:00:00Z,61.38,59.38,0,95.1,-33.72,95.1,93.1,NA,Unknown,Water level accuracy is unknown,1,Department of Water Resources,NA,323,Sacramento County,NA,NA,27851,07N06E20J001M,SCGA #8,Unknown,Unknown,5-021.65,South American,Sacramento,NA,Irrigation,Single Well,NA,1990-05-03 - 2020-04-15,59,spring,NA,NA,82.6,111.2,1999,12.97,7.26,21.19,9.8,Wet,SAC,1999-10-01T00:00:00Z,2000-10-01T00:00:00Z,-121.335,38.4417
384417N1213354W001,1443836,1999-10-12T00:00:00Z,61.38,59.38,0,99.9,-38.52,99.9,97.9,NA,Unknown,Water level accuracy is unknown,1,Department of Water Resources,NA,323,Sacramento County,NA,NA,27851,07N06E20J001M,SCGA #8,Unknown,Unknown,5-021.65,South American,Sacramento,NA,Irrigation,Single Well,NA,1990-05-03 - 2020-04-15,59,fall,85.6,111.9,NA,NA,1999,12.97,7.26,21.19,9.8,Wet,SAC,1999-10-01T00:00:00Z,2000-10-01T00:00:00Z,-121.335,38.4417
384417N1213354W001,1443837,1999-04-13T00:00:00Z,61.38,59.38,0,95.6,-34.22,95.6,93.6,NA,Unknown,Water level accuracy is unknown,1,Department of Water Resources,NA,323,Sacramento County,NA,NA,27851,07N06E20J001M,SCGA #8,Unknown,Unknown,5-021.65,South American,Sacramento,NA,Irrigation,Single Well,NA,1990-05-03 - 2020-04-15,59,spring,NA,NA,82.6,111.2,1998,17.65,12.54,31.4,13.31,Wet,SAC,1998-10-01T00:00:00Z,1999-10-01T00:00:00Z,-121.335,38.4417
384417N1213354W001,1443822,1998-10-07T00:00:00Z,61.38,59.38,0,101.8,-40.42,101.8,99.8,NA,Unknown,Water level accuracy is unknown,1,Department of Water Resources,NA,323,Sacramento County,NA,NA,27851,07N06E20J001M,SCGA #8,Unknown,Unknown,5-021.65,South American,Sacramento,NA,Irrigation,Single Well,NA,1990-05-03 - 2020-04-15,59,fall,85.6,111.9,NA,NA,1998,17.65,12.54,31.4,13.31,Wet,SAC,1998-10-01T00:00:00Z,1999-10-01T00:00:00Z,-121.335,38.4417
384417N1213354W001,1443841,1998-04-07T00:00:00Z,61.38,59.38,0,99.8,-38.42,99.8,97.8,NA,Unknown,Water level accuracy is unknown,1,Department of Water Resources,NA,323,Sacramento County,NA,NA,27851,07N06E20J001M,SCGA #8,Unknown,Unknown,5-021.65,South American,Sacramento,NA,Irrigation,Single Well,NA,1990-05-03 - 2020-04-15,59,spring,NA,NA,82.6,111.2,1997,20.22,4.39,25.42,10.82,Wet,SAC,1997-10-01T00:00:00Z,1998-10-01T00:00:00Z,-121.335,38.4417
384417N1213354W001,1443839,1997-10-22T00:00:00Z,61.38,59.38,0,109.5,-48.12,109.5,107.5,NA,Unknown,Water level accuracy is unknown,1,Department of Water Resources,NA,323,Sacramento County,NA,NA,27851,07N06E20J001M,SCGA #8,Unknown,Unknown,5-021.65,South American,Sacramento,NA,Irrigation,Single Well,NA,1990-05-03 - 2020-04-15,59,fall,85.6,111.9,NA,NA,1997,20.22,4.39,25.42,10.82,Wet,SAC,1997-10-01T00:00:00Z,1998-10-01T00:00:00Z,-121.335,38.4417
384417N1213354W001,1443840,1997-04-02T00:00:00Z,61.38,59.38,0,102.7,-41.32,102.7,100.7,NA,Unknown,Water level accuracy is unknown,1,Department of Water Resources,NA,323,Sacramento County,NA,NA,27851,07N06E20J001M,SCGA #8,Unknown,Unknown,5-021.65,South American,Sacramento,NA,Irrigation,Single Well,NA,1990-05-03 - 2020-04-15,59,spring,NA,NA,82.6,111.2,1996,13.05,8.37,22.29,10.26,Wet,SAC,1996-10-01T00:00:00Z,1997-10-01T00:00:00Z,-121.335,38.4417
384417N1213354W001,1443835,1996-10-09T00:00:00Z,61.38,59.38,0,108.3,-46.92,108.3,106.3,NA,Unknown,Water level accuracy is unknown,1,Department of Water Resources,NA,323,Sacramento County,NA,NA,27851,07N06E20J001M,SCGA #8,Unknown,Unknown,5-021.65,South American,Sacramento,NA,Irrigation,Single Well,NA,1990-05-03 - 2020-04-15,59,fall,85.6,111.9,NA,NA,1996,13.05,8.37,22.29,10.26,Wet,SAC,1996-10-01T00:00:00Z,1997-10-01T00:00:00Z,-121.335,38.4417
384417N1213354W001,1443834,1996-04-05T00:00:00Z,61.38,59.38,0,104,-42.62,104,102,NA,Unknown,Water level accuracy is unknown,1,Department of Water Resources,NA,323,Sacramento County,NA,NA,27851,07N06E20J001M,SCGA #8,Unknown,Unknown,5-021.65,South American,Sacramento,NA,Irrigation,Single Well,NA,1990-05-03 - 2020-04-15,59,spring,NA,NA,82.6,111.2,1995,19.83,13.6,34.55,12.89,Wet,SAC,1995-10-01T00:00:00Z,1996-10-01T00:00:00Z,-121.335,38.4417
384417N1213354W001,1443833,1995-10-03T00:00:00Z,61.38,59.38,0,109.1,-47.72,109.1,107.1,NA,Unknown,Water level accuracy is unknown,1,Department of Water Resources,NA,323,Sacramento County,NA,NA,27851,07N06E20J001M,SCGA #8,Unknown,Unknown,5-021.65,South American,Sacramento,NA,Irrigation,Single Well,NA,1990-05-03 - 2020-04-15,59,fall,85.6,111.9,NA,NA,1995,19.83,13.6,34.55,12.89,Wet,SAC,1995-10-01T00:00:00Z,1996-10-01T00:00:00Z,-121.335,38.4417
384417N1213354W001,1443832,1995-04-10T00:00:00Z,61.38,59.38,0,110,-48.62,110,108,NA,Unknown,Water level accuracy is unknown,1,Department of Water Resources,NA,323,Sacramento County,NA,NA,27851,07N06E20J001M,SCGA #8,Unknown,Unknown,5-021.65,South American,Sacramento,NA,Irrigation,Single Well,NA,1990-05-03 - 2020-04-15,59,spring,NA,NA,82.6,111.2,1994,4.55,2.73,7.81,5.02,Critical,SAC,1994-10-01T00:00:00Z,1995-10-01T00:00:00Z,-121.335,38.4417
384417N1213354W001,1443831,1994-10-27T00:00:00Z,61.38,59.38,0,113.9,-52.52,113.9,111.9,NA,Unknown,Water level accuracy is unknown,1,Department of Water Resources,NA,323,Sacramento County,NA,NA,27851,07N06E20J001M,SCGA #8,Unknown,Unknown,5-021.65,South American,Sacramento,NA,Irrigation,Single Well,NA,1990-05-03 - 2020-04-15,59,fall,85.6,111.9,NA,NA,1994,4.55,2.73,7.81,5.02,Critical,SAC,1994-10-01T00:00:00Z,1995-10-01T00:00:00Z,-121.335,38.4417
384417N1213354W001,1443830,1994-03-31T00:00:00Z,61.38,59.38,0,113.2,-51.82,113.2,111.2,NA,Unknown,Water level accuracy is unknown,1,Department of Water Resources,NA,323,Sacramento County,NA,NA,27851,07N06E20J001M,SCGA #8,Unknown,Unknown,5-021.65,South American,Sacramento,NA,Irrigation,Single Well,NA,1990-05-03 - 2020-04-15,59,spring,NA,NA,82.6,111.2,1993,12.44,8.98,22.21,8.54,Above Normal,SAC,1993-10-01T00:00:00Z,1994-10-01T00:00:00Z,-121.335,38.4417
384417N1213354W001,1443825,1991-02-21T00:00:00Z,61.38,59.38,0,113,-51.62,113,111,NA,Unknown,Water level accuracy is unknown,1,Department of Water Resources,NA,323,Sacramento County,NA,NA,27851,07N06E20J001M,SCGA #8,Unknown,Unknown,5-021.65,South American,Sacramento,NA,Irrigation,Single Well,NA,1990-05-03 - 2020-04-15,59,other,NA,NA,NA,NA,1990,4.94,3.72,9.26,4.81,Critical,SAC,1990-10-01T00:00:00Z,1991-10-01T00:00:00Z,-121.335,38.4417
384417N1213354W001,1443824,1990-10-03T00:00:00Z,61.38,59.38,0,109,-47.62,109,107,NA,Unknown,Water level accuracy is unknown,1,Department of Water Resources,NA,323,Sacramento County,NA,NA,27851,07N06E20J001M,SCGA #8,Unknown,Unknown,5-021.65,South American,Sacramento,NA,Irrigation,Single Well,NA,1990-05-03 - 2020-04-15,59,fall,85.6,111.9,NA,NA,1990,4.94,3.72,9.26,4.81,Critical,SAC,1990-10-01T00:00:00Z,1991-10-01T00:00:00Z,-121.335,38.4417
384417N1213354W001,1443823,1990-05-03T00:00:00Z,61.38,59.38,0,106,-44.62,106,104,NA,Unknown,Water level accuracy is unknown,1,Department of Water Resources,NA,323,Sacramento County,NA,NA,27851,07N06E20J001M,SCGA #8,Unknown,Unknown,5-021.65,South American,Sacramento,NA,Irrigation,Single Well,NA,1990-05-03 - 2020-04-15,59,spring,NA,NA,82.6,111.2,1989,9.03,5.07,14.82,6.13,Dry,SAC,1989-10-01T00:00:00Z,1990-10-01T00:00:00Z,-121.335,38.4417
