SITE_CODE,WLM_ID,MSMT_DATE,WLM_RPE,WLM_GSE,RDNG_WS,RDNG_RP,WSE,RPE_WSE,GSE_WSE,WLM_QA_DESC,WLM_DESC,WLM_ACC_DESC,WLM_ORG_ID,WLM_ORG_NAME,MSMT_CMT,COOP_AGENCY_ORG_ID,COOP_ORG_NAME,TOP_PRF,BOT_PRF,STN_ID,SWN,WELL_NAME,WLM_METHOD,WLM_ACC,BASIN_CODE,BASIN_NAME,COUNTY_NAME,WELL_DEPTH,WELL_USE,WELL_TYPE,WCR_NO,t_range,n_samples,X,Y
384458N1214600W001,1439826,2002-05-28T00:00:00Z,20.45,18.45,0,36.8,-16.35,36.8,34.8,NA,Unknown,Water level accuracy is unknown,1,Department of Water Resources,NA,323,Sacramento County,106,166,27203,07N05E20E002M,NA,Unknown,Unknown,5-021.65,South American,Sacramento,178,Irrigation,Unknown,134756,1990-05-02 - 2010-04-19,41,-121.46,38.4458
384458N1214600W001,1439823,2001-09-27T00:00:00Z,20.45,18.45,0,39.3,-18.85,39.3,37.3,NA,Unknown,Water level accuracy is unknown,1,Department of Water Resources,NA,323,Sacramento County,106,166,27203,07N05E20E002M,NA,Unknown,Unknown,5-021.65,South American,Sacramento,178,Irrigation,Unknown,134756,1990-05-02 - 2010-04-19,41,-121.46,38.4458
384458N1214600W001,1439825,2001-04-17T00:00:00Z,20.45,18.45,0,40,-19.55,40,38,NA,Unknown,Water level accuracy is unknown,1,Department of Water Resources,NA,323,Sacramento County,106,166,27203,07N05E20E002M,NA,Unknown,Unknown,5-021.65,South American,Sacramento,178,Irrigation,Unknown,134756,1990-05-02 - 2010-04-19,41,-121.46,38.4458
384458N1214600W001,1439827,2000-09-26T00:00:00Z,20.45,18.45,0,44.1,-23.65,44.1,42.1,NA,Unknown,Water level accuracy is unknown,1,Department of Water Resources,NA,323,Sacramento County,106,166,27203,07N05E20E002M,NA,Unknown,Unknown,5-021.65,South American,Sacramento,178,Irrigation,Unknown,134756,1990-05-02 - 2010-04-19,41,-121.46,38.4458
384458N1214600W001,1439816,1999-10-13T00:00:00Z,20.45,18.45,0,41.3,-20.85,41.3,39.3,NA,Unknown,Water level accuracy is unknown,1,Department of Water Resources,NA,323,Sacramento County,106,166,27203,07N05E20E002M,NA,Unknown,Unknown,5-021.65,South American,Sacramento,178,Irrigation,Unknown,134756,1990-05-02 - 2010-04-19,41,-121.46,38.4458
384458N1214600W001,1439817,1999-04-14T00:00:00Z,20.45,18.45,0,39.1,-18.65,39.1,37.1,NA,Unknown,Water level accuracy is unknown,1,Department of Water Resources,NA,323,Sacramento County,106,166,27203,07N05E20E002M,NA,Unknown,Unknown,5-021.65,South American,Sacramento,178,Irrigation,Unknown,134756,1990-05-02 - 2010-04-19,41,-121.46,38.4458
384458N1214600W001,1439801,1998-10-05T00:00:00Z,20.45,18.45,0,40.2,-19.75,40.2,38.2,NA,Unknown,Water level accuracy is unknown,1,Department of Water Resources,NA,323,Sacramento County,106,166,27203,07N05E20E002M,NA,Unknown,Unknown,5-021.65,South American,Sacramento,178,Irrigation,Unknown,134756,1990-05-02 - 2010-04-19,41,-121.46,38.4458
384458N1214600W001,1439821,1998-04-07T00:00:00Z,20.45,18.45,0,39.4,-18.95,39.4,37.4,NA,Unknown,Water level accuracy is unknown,1,Department of Water Resources,NA,323,Sacramento County,106,166,27203,07N05E20E002M,NA,Unknown,Unknown,5-021.65,South American,Sacramento,178,Irrigation,Unknown,134756,1990-05-02 - 2010-04-19,41,-121.46,38.4458
384458N1214600W001,1439819,1997-11-04T00:00:00Z,20.45,18.45,0,43.4,-22.95,43.4,41.4,NA,Unknown,Water level accuracy is unknown,1,Department of Water Resources,NA,323,Sacramento County,106,166,27203,07N05E20E002M,NA,Unknown,Unknown,5-021.65,South American,Sacramento,178,Irrigation,Unknown,134756,1990-05-02 - 2010-04-19,41,-121.46,38.4458
384458N1214600W001,1439815,1996-10-11T00:00:00Z,20.45,18.45,0,45,-24.55,45,43,Oil or foreign substance in casing,Unknown,Water level accuracy is unknown,1,Department of Water Resources,3.2 FT STANDING OIL,323,Sacramento County,106,166,27203,07N05E20E002M,NA,Unknown,Unknown,5-021.65,South American,Sacramento,178,Irrigation,Unknown,134756,1990-05-02 - 2010-04-19,41,-121.46,38.4458
384458N1214600W001,1439814,1996-04-05T00:00:00Z,20.45,18.45,0,39.2,-18.75,39.2,37.2,NA,Unknown,Water level accuracy is unknown,1,Department of Water Resources,NA,323,Sacramento County,106,166,27203,07N05E20E002M,NA,Unknown,Unknown,5-021.65,South American,Sacramento,178,Irrigation,Unknown,134756,1990-05-02 - 2010-04-19,41,-121.46,38.4458
384458N1214600W001,1439813,1995-10-03T00:00:00Z,20.45,18.45,0,42.5,-22.05,42.5,40.5,NA,Unknown,Water level accuracy is unknown,1,Department of Water Resources,NA,323,Sacramento County,106,166,27203,07N05E20E002M,NA,Unknown,Unknown,5-021.65,South American,Sacramento,178,Irrigation,Unknown,134756,1990-05-02 - 2010-04-19,41,-121.46,38.4458
384458N1214600W001,1439812,1995-04-10T00:00:00Z,20.45,18.45,0,38.7,-18.25,38.7,36.7,NA,Unknown,Water level accuracy is unknown,1,Department of Water Resources,NA,323,Sacramento County,106,166,27203,07N05E20E002M,NA,Unknown,Unknown,5-021.65,South American,Sacramento,178,Irrigation,Unknown,134756,1990-05-02 - 2010-04-19,41,-121.46,38.4458
384458N1214600W001,1439811,1994-10-17T00:00:00Z,20.45,18.45,0,42,-21.55,42,40,NA,Unknown,Water level accuracy is unknown,1,Department of Water Resources,NA,323,Sacramento County,106,166,27203,07N05E20E002M,NA,Unknown,Unknown,5-021.65,South American,Sacramento,178,Irrigation,Unknown,134756,1990-05-02 - 2010-04-19,41,-121.46,38.4458
384458N1214600W001,1439810,1994-03-30T00:00:00Z,20.45,18.45,0,38.1,-17.65,38.1,36.1,NA,Unknown,Water level accuracy is unknown,1,Department of Water Resources,NA,323,Sacramento County,106,166,27203,07N05E20E002M,NA,Unknown,Unknown,5-021.65,South American,Sacramento,178,Irrigation,Unknown,134756,1990-05-02 - 2010-04-19,41,-121.46,38.4458
384458N1214600W001,1439809,1993-09-30T00:00:00Z,20.45,18.45,0,44.3,-23.85,44.3,42.3,NA,Unknown,Water level accuracy is unknown,1,Department of Water Resources,NA,323,Sacramento County,106,166,27203,07N05E20E002M,NA,Unknown,Unknown,5-021.65,South American,Sacramento,178,Irrigation,Unknown,134756,1990-05-02 - 2010-04-19,41,-121.46,38.4458
384458N1214600W001,1439808,1993-03-11T00:00:00Z,20.45,18.45,0,47,-26.55,47,45,NA,Unknown,Water level accuracy is unknown,1,Department of Water Resources,NA,323,Sacramento County,106,166,27203,07N05E20E002M,NA,Unknown,Unknown,5-021.65,South American,Sacramento,178,Irrigation,Unknown,134756,1990-05-02 - 2010-04-19,41,-121.46,38.4458
384458N1214600W001,1439807,1992-10-05T00:00:00Z,20.45,18.45,0,48.2,-27.75,48.2,46.2,NA,Unknown,Water level accuracy is unknown,1,Department of Water Resources,NA,323,Sacramento County,106,166,27203,07N05E20E002M,NA,Unknown,Unknown,5-021.65,South American,Sacramento,178,Irrigation,Unknown,134756,1990-05-02 - 2010-04-19,41,-121.46,38.4458
384458N1214600W001,1439806,1992-04-01T00:00:00Z,20.45,18.45,0,47,-26.55,47,45,NA,Unknown,Water level accuracy is unknown,1,Department of Water Resources,NA,323,Sacramento County,106,166,27203,07N05E20E002M,NA,Unknown,Unknown,5-021.65,South American,Sacramento,178,Irrigation,Unknown,134756,1990-05-02 - 2010-04-19,41,-121.46,38.4458
384458N1214600W001,1439805,1991-10-08T00:00:00Z,20.45,18.45,0,48.3,-27.85,48.3,46.3,NA,Unknown,Water level accuracy is unknown,1,Department of Water Resources,NA,323,Sacramento County,106,166,27203,07N05E20E002M,NA,Unknown,Unknown,5-021.65,South American,Sacramento,178,Irrigation,Unknown,134756,1990-05-02 - 2010-04-19,41,-121.46,38.4458
384458N1214600W001,1439804,1991-02-19T00:00:00Z,20.45,18.45,0,63,-42.55,63,61,NA,Unknown,Water level accuracy is unknown,1,Department of Water Resources,NA,323,Sacramento County,106,166,27203,07N05E20E002M,NA,Unknown,Unknown,5-021.65,South American,Sacramento,178,Irrigation,Unknown,134756,1990-05-02 - 2010-04-19,41,-121.46,38.4458
384458N1214600W001,1439802,1990-05-02T00:00:00Z,20.45,18.45,0,62,-41.55,62,60,NA,Unknown,Water level accuracy is unknown,1,Department of Water Resources,NA,323,Sacramento County,106,166,27203,07N05E20E002M,NA,Unknown,Unknown,5-021.65,South American,Sacramento,178,Irrigation,Unknown,134756,1990-05-02 - 2010-04-19,41,-121.46,38.4458
