STN_ID.x,SITE_CODE,WLM_ID,MSMT_DATE,WLM_RPE,WLM_GSE,RDNG_WS,RDNG_RP,WSE,RPE_WSE,GSE_WSE,WLM_QA_DESC,WLM_DESC,WLM_ACC_DESC,WLM_ORG_ID,WLM_ORG_NAME,MSMT_CMT,COOP_AGENCY_ORG_ID,COOP_ORG_NAME,STN_ID.y,TOP_PRF,BOT_PRF,STN_ID,SWN,WELL_NAME,WLM_METHOD,WLM_ACC,BASIN_CODE,BASIN_NAME,COUNTY_NAME,WELL_DEPTH,WELL_USE,WELL_TYPE,WCR_NO,t_range,n_samples
4778,384532N1212856W001,2482796,2019-10-08T00:00:00Z,94.38,92.38,0,122.5,-28.12,122.5,120.5,NA,Electric sounder measurement,Water level accuracy to nearest tenth of a foot,5050,Sacramento Central Groundwater Authority,NA,5050,Sacramento Central Groundwater Authority,NA,NA,NA,4778,07N06E14Q001M,SCGA #7,Unknown,Unknown,5-021.65,South American,Sacramento,300,Irrigation,Single Well,NA,2011-04-12 - 2020-04-15,19
4778,384532N1212856W001,2454904,2019-04-11T00:00:00Z,94.38,92.38,0,118,-23.62,118,116,NA,Electric sounder measurement,Water level accuracy to nearest tenth of a foot,5050,Sacramento Central Groundwater Authority,NA,5050,Sacramento Central Groundwater Authority,NA,NA,NA,4778,07N06E14Q001M,SCGA #7,Unknown,Unknown,5-021.65,South American,Sacramento,300,Irrigation,Single Well,NA,2011-04-12 - 2020-04-15,19
4778,384532N1212856W001,2413064,2018-10-10T00:00:00Z,94.38,92.38,0,124.8,-30.42,124.8,122.8,NA,Electric sounder measurement,Water level accuracy to nearest tenth of a foot,5050,Sacramento Central Groundwater Authority,NA,5050,Sacramento Central Groundwater Authority,NA,NA,NA,4778,07N06E14Q001M,SCGA #7,Unknown,Unknown,5-021.65,South American,Sacramento,300,Irrigation,Single Well,NA,2011-04-12 - 2020-04-15,19
4778,384532N1212856W001,2305645,2018-04-17T00:00:00Z,94.38,92.38,0,120.6,-26.22,120.6,118.6,NA,Electric sounder measurement,Water level accuracy to nearest tenth of a foot,5050,Sacramento Central Groundwater Authority,NA,5050,Sacramento Central Groundwater Authority,NA,NA,NA,4778,07N06E14Q001M,SCGA #7,Unknown,Unknown,5-021.65,South American,Sacramento,300,Irrigation,Single Well,NA,2011-04-12 - 2020-04-15,19
4778,384532N1212856W001,2278921,2017-10-12T00:00:00Z,94.38,92.38,0,128.8,-34.42,128.8,126.8,NA,Electric sounder measurement,Water level accuracy to nearest tenth of a foot,5050,Sacramento Central Groundwater Authority,NA,5050,Sacramento Central Groundwater Authority,NA,NA,NA,4778,07N06E14Q001M,SCGA #7,Unknown,Unknown,5-021.65,South American,Sacramento,300,Irrigation,Single Well,NA,2011-04-12 - 2020-04-15,19
4778,384532N1212856W001,2252855,2017-04-26T00:00:00Z,94.38,92.38,0,125.1,-30.72,125.1,123.1,NA,Electric sounder measurement,Water level accuracy to nearest tenth of a foot,5050,Sacramento Central Groundwater Authority,NA,5050,Sacramento Central Groundwater Authority,NA,NA,NA,4778,07N06E14Q001M,SCGA #7,Unknown,Unknown,5-021.65,South American,Sacramento,300,Irrigation,Single Well,NA,2011-04-12 - 2020-04-15,19
4778,384532N1212856W001,2252854,2016-10-24T00:00:00Z,94.38,92.38,0,132.3,-37.92,132.3,130.3,NA,Electric sounder measurement,Water level accuracy to nearest tenth of a foot,5050,Sacramento Central Groundwater Authority,NA,5050,Sacramento Central Groundwater Authority,NA,NA,NA,4778,07N06E14Q001M,SCGA #7,Unknown,Unknown,5-021.65,South American,Sacramento,300,Irrigation,Single Well,NA,2011-04-12 - 2020-04-15,19
4778,384532N1212856W001,2205435,2016-05-09T00:00:00Z,94.38,92.38,0,128.1,-33.72,128.1,126.1,NA,Electric sounder measurement,Water level accuracy to nearest tenth of a foot,5050,Sacramento Central Groundwater Authority,NA,5050,Sacramento Central Groundwater Authority,NA,NA,NA,4778,07N06E14Q001M,SCGA #7,Unknown,Unknown,5-021.65,South American,Sacramento,300,Irrigation,Single Well,NA,2011-04-12 - 2020-04-15,19
4778,384532N1212856W001,2185729,2015-10-19T00:00:00Z,94.38,92.38,0,133,-38.62,133,131,NA,Electric sounder measurement,Water level accuracy to nearest tenth of a foot,5050,Sacramento Central Groundwater Authority,NA,5050,Sacramento Central Groundwater Authority,NA,NA,NA,4778,07N06E14Q001M,SCGA #7,Unknown,Unknown,5-021.65,South American,Sacramento,300,Irrigation,Single Well,NA,2011-04-12 - 2020-04-15,19
4778,384532N1212856W001,2137295,2015-04-15T00:00:00Z,94.38,92.38,0,128.8,-34.42,128.8,126.8,NA,Electric sounder measurement,Water level accuracy to nearest tenth of a foot,5050,Sacramento Central Groundwater Authority,NA,5050,Sacramento Central Groundwater Authority,NA,NA,NA,4778,07N06E14Q001M,SCGA #7,Unknown,Unknown,5-021.65,South American,Sacramento,300,Irrigation,Single Well,NA,2011-04-12 - 2020-04-15,19
4778,384532N1212856W001,2137294,2014-10-20T00:00:00Z,94.38,92.38,0,133,-38.62,133,131,NA,Electric sounder measurement,Water level accuracy to nearest tenth of a foot,5050,Sacramento Central Groundwater Authority,NA,5050,Sacramento Central Groundwater Authority,NA,NA,NA,4778,07N06E14Q001M,SCGA #7,Unknown,Unknown,5-021.65,South American,Sacramento,300,Irrigation,Single Well,NA,2011-04-12 - 2020-04-15,19
4778,384532N1212856W001,1905152,2014-04-14T00:00:00Z,94.38,92.38,0,125.7,-31.32,125.7,123.7,NA,Electric sounder measurement,Water level accuracy to nearest tenth of a foot,5050,Sacramento Central Groundwater Authority,NA,5050,Sacramento Central Groundwater Authority,NA,NA,NA,4778,07N06E14Q001M,SCGA #7,Unknown,Unknown,5-021.65,South American,Sacramento,300,Irrigation,Single Well,NA,2011-04-12 - 2020-04-15,19
4778,384532N1212856W001,1905151,2013-10-22T00:00:00Z,94.38,92.38,0,130.4,-36.02,130.4,128.4,NA,Electric sounder measurement,Water level accuracy to nearest tenth of a foot,5050,Sacramento Central Groundwater Authority,NA,5050,Sacramento Central Groundwater Authority,NA,NA,NA,4778,07N06E14Q001M,SCGA #7,Unknown,Unknown,5-021.65,South American,Sacramento,300,Irrigation,Single Well,NA,2011-04-12 - 2020-04-15,19
4778,384532N1212856W001,1704767,2013-04-25T00:00:00Z,94.38,92.38,0,125.5,-31.12,125.5,123.5,NA,Electric sounder measurement,Water level accuracy to nearest tenth of a foot,5050,Sacramento Central Groundwater Authority,NA,5050,Sacramento Central Groundwater Authority,NA,NA,NA,4778,07N06E14Q001M,SCGA #7,Unknown,Unknown,5-021.65,South American,Sacramento,300,Irrigation,Single Well,NA,2011-04-12 - 2020-04-15,19
4778,384532N1212856W001,1704766,2012-10-30T00:00:00Z,94.38,92.38,0,128.2,-33.82,128.2,126.2,NA,Electric sounder measurement,Water level accuracy to nearest tenth of a foot,5050,Sacramento Central Groundwater Authority,NA,5050,Sacramento Central Groundwater Authority,NA,NA,NA,4778,07N06E14Q001M,SCGA #7,Unknown,Unknown,5-021.65,South American,Sacramento,300,Irrigation,Single Well,NA,2011-04-12 - 2020-04-15,19
4778,384532N1212856W001,61311,2012-04-24T00:00:00Z,94.38,92.38,0,122.3,-27.92,122.3,120.3,NA,Electric sounder measurement,Water level accuracy to nearest tenth of a foot,5050,Sacramento Central Groundwater Authority,NA,5050,Sacramento Central Groundwater Authority,NA,NA,NA,4778,07N06E14Q001M,SCGA #7,Unknown,Unknown,5-021.65,South American,Sacramento,300,Irrigation,Single Well,NA,2011-04-12 - 2020-04-15,19
4778,384532N1212856W001,21361,2011-10-19T00:00:00Z,94.38,92.38,0,129,-34.62,129,127,NA,Electric sounder measurement,Water level accuracy to nearest tenth of a foot,5050,Sacramento Central Groundwater Authority,NA,5050,Sacramento Central Groundwater Authority,NA,NA,NA,4778,07N06E14Q001M,SCGA #7,Unknown,Unknown,5-021.65,South American,Sacramento,300,Irrigation,Single Well,NA,2011-04-12 - 2020-04-15,19
4778,384532N1212856W001,68589,2011-04-12T00:00:00Z,94.38,92.38,0,124.8,-30.42,124.8,122.8,NA,Electric sounder measurement,Water level accuracy to nearest tenth of a foot,5050,Sacramento Central Groundwater Authority,NA,5050,Sacramento Central Groundwater Authority,NA,NA,NA,4778,07N06E14Q001M,SCGA #7,Unknown,Unknown,5-021.65,South American,Sacramento,300,Irrigation,Single Well,NA,2011-04-12 - 2020-04-15,19
