SITE_CODE,WLM_ID,MSMT_DATE,WLM_RPE,WLM_GSE,RDNG_WS,RDNG_RP,WSE,RPE_WSE,GSE_WSE,WLM_QA_DESC,WLM_DESC,WLM_ACC_DESC,WLM_ORG_ID,WLM_ORG_NAME,MSMT_CMT,COOP_AGENCY_ORG_ID,COOP_ORG_NAME,TOP_PRF,BOT_PRF,STN_ID,SWN,WELL_NAME,WLM_METHOD,WLM_ACC,BASIN_CODE,BASIN_NAME,COUNTY_NAME,WELL_DEPTH,WELL_USE,WELL_TYPE,WCR_NO,t_range,n_samples,season,fall_high,fall_low,spring_high,spring_low,water_year,Oct.Mar,Apr.Jul,WYsum,Index,water_year_type,region,water_year_start,water_year_end,X,Y
384619N1212318W001,2662679,2020-09-16T00:00:00Z,104.88,104.38,0,119.9,-15.02,119.9,119.4,NA,Electric sounder measurement,Water level accuracy to nearest tenth of a foot,1,Department of Water Resources,Run 17,1,Department of Water Resources,NA,NA,27861,07N07E17G002M,07N07E17G002M,Unknown,Unknown,5-021.65,South American,Sacramento,205,Irrigation,Single Well,NA,2012-03-29 - 2020-09-16,99,fall,113.8,127.2,NA,NA,2020,NA,NA,NA,NA,NA,NA,2019-10-01T00:00:00Z,2020-10-01T00:00:00Z,-121.232,38.4619
384619N1212318W001,2661956,2020-08-14T00:00:00Z,104.88,104.38,0,120.8,-15.92,120.8,120.3,NA,Electric sounder measurement,Water level accuracy to nearest tenth of a foot,1,Department of Water Resources,Run 17,1,Department of Water Resources,NA,NA,27861,07N07E17G002M,07N07E17G002M,Unknown,Unknown,5-021.65,South American,Sacramento,205,Irrigation,Single Well,NA,2012-03-29 - 2020-09-16,99,fall,113.8,127.2,NA,NA,2020,NA,NA,NA,NA,NA,NA,2019-10-01T00:00:00Z,2020-10-01T00:00:00Z,-121.232,38.4619
384619N1212318W001,2655748,2020-07-17T00:00:00Z,104.88,104.38,0,118.7,-13.82,118.7,118.2,NA,Electric sounder measurement,Water level accuracy to nearest tenth of a foot,1,Department of Water Resources,Run 17,1,Department of Water Resources,NA,NA,27861,07N07E17G002M,07N07E17G002M,Unknown,Unknown,5-021.65,South American,Sacramento,205,Irrigation,Single Well,NA,2012-03-29 - 2020-09-16,99,other,NA,NA,NA,NA,2020,NA,NA,NA,NA,NA,NA,2019-10-01T00:00:00Z,2020-10-01T00:00:00Z,-121.232,38.4619
384619N1212318W001,2630617,2020-06-23T00:00:00Z,104.88,104.38,0,114.8,-9.92,114.8,114.3,NA,Electric sounder measurement,Water level accuracy to nearest tenth of a foot,1,Department of Water Resources,Run 17,1,Department of Water Resources,NA,NA,27861,07N07E17G002M,07N07E17G002M,Unknown,Unknown,5-021.65,South American,Sacramento,205,Irrigation,Single Well,NA,2012-03-29 - 2020-09-16,99,other,NA,NA,NA,NA,2020,NA,NA,NA,NA,NA,NA,2019-10-01T00:00:00Z,2020-10-01T00:00:00Z,-121.232,38.4619
384619N1212318W001,2624808,2020-05-22T00:00:00Z,104.88,104.38,0,111.9,-7.02,111.9,111.4,NA,Electric sounder measurement,Water level accuracy to nearest tenth of a foot,1,Department of Water Resources,Run 17,1,Department of Water Resources,NA,NA,27861,07N07E17G002M,07N07E17G002M,Unknown,Unknown,5-021.65,South American,Sacramento,205,Irrigation,Single Well,NA,2012-03-29 - 2020-09-16,99,spring,NA,NA,109.4,122.2,2020,NA,NA,NA,NA,NA,NA,2019-10-01T00:00:00Z,2020-10-01T00:00:00Z,-121.232,38.4619
384619N1212318W001,2538590,2020-03-11T00:00:00Z,104.88,104.38,0,111.5,-6.62,111.5,111,NA,Electric sounder measurement,Water level accuracy to nearest tenth of a foot,1,Department of Water Resources,NA,1,Department of Water Resources,NA,NA,27861,07N07E17G002M,07N07E17G002M,Unknown,Unknown,5-021.65,South American,Sacramento,205,Irrigation,Single Well,NA,2012-03-29 - 2020-09-16,99,spring,NA,NA,109.4,122.2,2020,NA,NA,NA,NA,NA,NA,2019-10-01T00:00:00Z,2020-10-01T00:00:00Z,-121.232,38.4619
384619N1212318W001,2533087,2020-02-05T00:00:00Z,104.88,104.38,0,110.7,-5.82,110.7,110.2,NA,Electric sounder measurement,Water level accuracy to nearest tenth of a foot,1,Department of Water Resources,NA,1,Department of Water Resources,NA,NA,27861,07N07E17G002M,07N07E17G002M,Unknown,Unknown,5-021.65,South American,Sacramento,205,Irrigation,Single Well,NA,2012-03-29 - 2020-09-16,99,other,NA,NA,NA,NA,2020,NA,NA,NA,NA,NA,NA,2019-10-01T00:00:00Z,2020-10-01T00:00:00Z,-121.232,38.4619
384619N1212318W001,2493925,2020-01-08T00:00:00Z,104.88,104.38,0,111.3,-6.42,111.3,110.8,NA,Electric sounder measurement,Water level accuracy to nearest tenth of a foot,1,Department of Water Resources,NA,1,Department of Water Resources,NA,NA,27861,07N07E17G002M,07N07E17G002M,Unknown,Unknown,5-021.65,South American,Sacramento,205,Irrigation,Single Well,NA,2012-03-29 - 2020-09-16,99,other,NA,NA,NA,NA,2020,NA,NA,NA,NA,NA,NA,2019-10-01T00:00:00Z,2020-10-01T00:00:00Z,-121.232,38.4619
384619N1212318W001,2490488,2019-12-16T00:00:00Z,104.88,104.38,0,112.3,-7.42,112.3,111.8,NA,Electric sounder measurement,Water level accuracy to nearest tenth of a foot,1,Department of Water Resources,NA,1,Department of Water Resources,NA,NA,27861,07N07E17G002M,07N07E17G002M,Unknown,Unknown,5-021.65,South American,Sacramento,205,Irrigation,Single Well,NA,2012-03-29 - 2020-09-16,99,other,NA,NA,NA,NA,2020,NA,NA,NA,NA,NA,NA,2019-10-01T00:00:00Z,2020-10-01T00:00:00Z,-121.232,38.4619
384619N1212318W001,2484880,2019-11-07T00:00:00Z,104.88,104.38,0,114.3,-9.42,114.3,113.8,NA,Electric sounder measurement,Water level accuracy to nearest tenth of a foot,1,Department of Water Resources,NA,1,Department of Water Resources,NA,NA,27861,07N07E17G002M,07N07E17G002M,Unknown,Unknown,5-021.65,South American,Sacramento,205,Irrigation,Single Well,NA,2012-03-29 - 2020-09-16,99,fall,113.8,127.2,NA,NA,2020,NA,NA,NA,NA,NA,NA,2019-10-01T00:00:00Z,2020-10-01T00:00:00Z,-121.232,38.4619
384619N1212318W001,2475168,2019-09-12T00:00:00Z,104.88,104.38,0,115,-10.12,115,114.5,NA,Electric sounder measurement,Water level accuracy to nearest tenth of a foot,1,Department of Water Resources,NA,1,Department of Water Resources,NA,NA,27861,07N07E17G002M,07N07E17G002M,Unknown,Unknown,5-021.65,South American,Sacramento,205,Irrigation,Single Well,NA,2012-03-29 - 2020-09-16,99,fall,113.8,127.2,NA,NA,2019,13.11,10.66,24.77,10.34,Wet,SAC,2018-10-01T00:00:00Z,2019-10-01T00:00:00Z,-121.232,38.4619
384619N1212318W001,2474342,2019-08-13T00:00:00Z,104.88,104.38,0,114.9,-10.02,114.9,114.4,NA,Electric sounder measurement,Water level accuracy to nearest tenth of a foot,1,Department of Water Resources,NA,1,Department of Water Resources,NA,NA,27861,07N07E17G002M,07N07E17G002M,Unknown,Unknown,5-021.65,South American,Sacramento,205,Irrigation,Single Well,NA,2012-03-29 - 2020-09-16,99,fall,113.8,127.2,NA,NA,2019,13.11,10.66,24.77,10.34,Wet,SAC,2018-10-01T00:00:00Z,2019-10-01T00:00:00Z,-121.232,38.4619
384619N1212318W001,2469035,2019-07-03T00:00:00Z,104.88,104.38,0,112.7,-7.82,112.7,112.2,NA,Electric sounder measurement,Water level accuracy to nearest tenth of a foot,1,Department of Water Resources,NA,1,Department of Water Resources,NA,NA,27861,07N07E17G002M,07N07E17G002M,Unknown,Unknown,5-021.65,South American,Sacramento,205,Irrigation,Single Well,NA,2012-03-29 - 2020-09-16,99,other,NA,NA,NA,NA,2019,13.11,10.66,24.77,10.34,Wet,SAC,2018-10-01T00:00:00Z,2019-10-01T00:00:00Z,-121.232,38.4619
384619N1212318W001,2465071,2019-06-13T00:00:00Z,104.88,104.38,0,110.7,-5.82,110.7,110.2,NA,Electric sounder measurement,Water level accuracy to nearest tenth of a foot,1,Department of Water Resources,NA,1,Department of Water Resources,NA,NA,27861,07N07E17G002M,07N07E17G002M,Unknown,Unknown,5-021.65,South American,Sacramento,205,Irrigation,Single Well,NA,2012-03-29 - 2020-09-16,99,other,NA,NA,NA,NA,2019,13.11,10.66,24.77,10.34,Wet,SAC,2018-10-01T00:00:00Z,2019-10-01T00:00:00Z,-121.232,38.4619
384619N1212318W001,2460920,2019-05-15T00:00:00Z,104.88,104.38,0,109.9,-5.02,109.9,109.4,NA,Electric sounder measurement,Water level accuracy to nearest tenth of a foot,1,Department of Water Resources,NA,1,Department of Water Resources,NA,NA,27861,07N07E17G002M,07N07E17G002M,Unknown,Unknown,5-021.65,South American,Sacramento,205,Irrigation,Single Well,NA,2012-03-29 - 2020-09-16,99,spring,NA,NA,109.4,122.2,2019,13.11,10.66,24.77,10.34,Wet,SAC,2018-10-01T00:00:00Z,2019-10-01T00:00:00Z,-121.232,38.4619
384619N1212318W001,2450048,2019-03-04T00:00:00Z,104.88,104.38,0,111.2,-6.32,111.2,110.7,NA,Electric sounder measurement,Water level accuracy to nearest tenth of a foot,1,Department of Water Resources,NA,1,Department of Water Resources,NA,NA,27861,07N07E17G002M,07N07E17G002M,Unknown,Unknown,5-021.65,South American,Sacramento,205,Irrigation,Single Well,NA,2012-03-29 - 2020-09-16,99,spring,NA,NA,109.4,122.2,2019,13.11,10.66,24.77,10.34,Wet,SAC,2018-10-01T00:00:00Z,2019-10-01T00:00:00Z,-121.232,38.4619
384619N1212318W001,2450033,2019-02-11T00:00:00Z,104.88,104.38,0,113.1,-8.22,113.1,112.6,NA,Electric sounder measurement,Water level accuracy to nearest tenth of a foot,1,Department of Water Resources,NA,1,Department of Water Resources,NA,NA,27861,07N07E17G002M,07N07E17G002M,Unknown,Unknown,5-021.65,South American,Sacramento,205,Irrigation,Single Well,NA,2012-03-29 - 2020-09-16,99,other,NA,NA,NA,NA,2019,13.11,10.66,24.77,10.34,Wet,SAC,2018-10-01T00:00:00Z,2019-10-01T00:00:00Z,-121.232,38.4619
384619N1212318W001,2433672,2018-12-07T00:00:00Z,104.88,104.38,0,114.2,-9.32,114.2,113.7,NA,Electric sounder measurement,Water level accuracy to nearest tenth of a foot,1,Department of Water Resources,NA,1,Department of Water Resources,NA,NA,27861,07N07E17G002M,07N07E17G002M,Unknown,Unknown,5-021.65,South American,Sacramento,205,Irrigation,Single Well,NA,2012-03-29 - 2020-09-16,99,other,NA,NA,NA,NA,2019,13.11,10.66,24.77,10.34,Wet,SAC,2018-10-01T00:00:00Z,2019-10-01T00:00:00Z,-121.232,38.4619
384619N1212318W001,2307685,2018-07-02T00:00:00Z,104.88,104.38,0,117.3,-12.42,117.3,116.8,Pumped recently,Electric sounder measurement,Water level accuracy to nearest tenth of a foot,1,Department of Water Resources,NA,1,Department of Water Resources,NA,NA,27861,07N07E17G002M,07N07E17G002M,Unknown,Unknown,5-021.65,South American,Sacramento,205,Irrigation,Single Well,NA,2012-03-29 - 2020-09-16,99,other,NA,NA,NA,NA,2018,7.09,5.05,12.86,7.14,Below Normal,SAC,2017-10-01T00:00:00Z,2018-10-01T00:00:00Z,-121.232,38.4619
384619N1212318W001,2307670,2018-05-14T00:00:00Z,104.88,104.38,0,111.7,-6.82,111.7,111.2,NA,Electric sounder measurement,Water level accuracy to nearest tenth of a foot,1,Department of Water Resources,NA,1,Department of Water Resources,NA,NA,27861,07N07E17G002M,07N07E17G002M,Unknown,Unknown,5-021.65,South American,Sacramento,205,Irrigation,Single Well,NA,2012-03-29 - 2020-09-16,99,spring,NA,NA,109.4,122.2,2018,7.09,5.05,12.86,7.14,Below Normal,SAC,2017-10-01T00:00:00Z,2018-10-01T00:00:00Z,-121.232,38.4619
384619N1212318W001,2287195,2018-04-10T11:30:00Z,104.88,104.38,0,111.2,-6.32,111.2,110.7,NA,Electric sounder measurement,Water level accuracy to nearest tenth of a foot,1,Department of Water Resources,NA,1,Department of Water Resources,NA,NA,27861,07N07E17G002M,07N07E17G002M,Unknown,Unknown,5-021.65,South American,Sacramento,205,Irrigation,Single Well,NA,2012-03-29 - 2020-09-16,99,spring,NA,NA,109.4,122.2,2018,7.09,5.05,12.86,7.14,Below Normal,SAC,2017-10-01T00:00:00Z,2018-10-01T00:00:00Z,-121.232,38.4619
384619N1212318W001,2283578,2018-03-06T11:30:00Z,104.88,104.38,0,112.7,-7.82,112.7,112.2,NA,Electric sounder measurement,Water level accuracy to nearest tenth of a foot,1,Department of Water Resources,NA,1,Department of Water Resources,NA,NA,27861,07N07E17G002M,07N07E17G002M,Unknown,Unknown,5-021.65,South American,Sacramento,205,Irrigation,Single Well,NA,2012-03-29 - 2020-09-16,99,spring,NA,NA,109.4,122.2,2018,7.09,5.05,12.86,7.14,Below Normal,SAC,2017-10-01T00:00:00Z,2018-10-01T00:00:00Z,-121.232,38.4619
384619N1212318W001,2283338,2018-02-09T00:00:00Z,104.88,104.38,0,113.1,-8.22,113.1,112.6,NA,Electric sounder measurement,Water level accuracy to nearest tenth of a foot,1,Department of Water Resources,NA,1,Department of Water Resources,NA,NA,27861,07N07E17G002M,07N07E17G002M,Unknown,Unknown,5-021.65,South American,Sacramento,205,Irrigation,Single Well,NA,2012-03-29 - 2020-09-16,99,other,NA,NA,NA,NA,2018,7.09,5.05,12.86,7.14,Below Normal,SAC,2017-10-01T00:00:00Z,2018-10-01T00:00:00Z,-121.232,38.4619
384619N1212318W001,2433932,2018-01-08T00:00:00Z,104.88,104.38,0,98.9,5.98,98.9,98.4,NA,Electric sounder measurement,Water level accuracy to nearest tenth of a foot,1,Department of Water Resources,NA,1,Department of Water Resources,NA,NA,27861,07N07E17G002M,07N07E17G002M,Unknown,Unknown,5-021.65,South American,Sacramento,205,Irrigation,Single Well,NA,2012-03-29 - 2020-09-16,99,other,NA,NA,NA,NA,2018,7.09,5.05,12.86,7.14,Below Normal,SAC,2017-10-01T00:00:00Z,2018-10-01T00:00:00Z,-121.232,38.4619
384619N1212318W001,2276524,2017-12-06T00:00:00Z,104.88,104.38,0,115.8,-10.92,115.8,115.3,NA,Electric sounder measurement,Water level accuracy to nearest tenth of a foot,1,Department of Water Resources,NA,1,Department of Water Resources,NA,NA,27861,07N07E17G002M,07N07E17G002M,Unknown,Unknown,5-021.65,South American,Sacramento,205,Irrigation,Single Well,NA,2012-03-29 - 2020-09-16,99,other,NA,NA,NA,NA,2018,7.09,5.05,12.86,7.14,Below Normal,SAC,2017-10-01T00:00:00Z,2018-10-01T00:00:00Z,-121.232,38.4619
384619N1212318W001,2274576,2017-11-09T00:00:00Z,104.88,104.38,0,121.9,-17.02,121.9,121.4,NA,Electric sounder measurement,Water level accuracy to nearest tenth of a foot,1,Department of Water Resources,NA,1,Department of Water Resources,NA,NA,27861,07N07E17G002M,07N07E17G002M,Unknown,Unknown,5-021.65,South American,Sacramento,205,Irrigation,Single Well,NA,2012-03-29 - 2020-09-16,99,fall,113.8,127.2,NA,NA,2018,7.09,5.05,12.86,7.14,Below Normal,SAC,2017-10-01T00:00:00Z,2018-10-01T00:00:00Z,-121.232,38.4619
384619N1212318W001,2268323,2017-10-16T00:00:00Z,104.88,104.38,0,122.5,-17.62,122.5,122,NA,Electric sounder measurement,Water level accuracy to nearest tenth of a foot,1,Department of Water Resources,NA,1,Department of Water Resources,NA,NA,27861,07N07E17G002M,07N07E17G002M,Unknown,Unknown,5-021.65,South American,Sacramento,205,Irrigation,Single Well,NA,2012-03-29 - 2020-09-16,99,fall,113.8,127.2,NA,NA,2018,7.09,5.05,12.86,7.14,Below Normal,SAC,2017-10-01T00:00:00Z,2018-10-01T00:00:00Z,-121.232,38.4619
384619N1212318W001,2263441,2017-09-27T00:00:00Z,104.88,104.38,0,119,-14.12,119,118.5,NA,Electric sounder measurement,Water level accuracy to nearest tenth of a foot,1,Department of Water Resources,NA,1,Department of Water Resources,NA,NA,27861,07N07E17G002M,07N07E17G002M,Unknown,Unknown,5-021.65,South American,Sacramento,205,Irrigation,Single Well,NA,2012-03-29 - 2020-09-16,99,fall,113.8,127.2,NA,NA,2017,26.17,10.69,37.82,14.14,Wet,SAC,2016-10-01T00:00:00Z,2017-10-01T00:00:00Z,-121.232,38.4619
384619N1212318W001,2263440,2017-08-29T00:00:00Z,104.88,104.38,0,118.7,-13.82,118.7,118.2,NA,Electric sounder measurement,Water level accuracy to nearest tenth of a foot,1,Department of Water Resources,NA,1,Department of Water Resources,NA,NA,27861,07N07E17G002M,07N07E17G002M,Unknown,Unknown,5-021.65,South American,Sacramento,205,Irrigation,Single Well,NA,2012-03-29 - 2020-09-16,99,fall,113.8,127.2,NA,NA,2017,26.17,10.69,37.82,14.14,Wet,SAC,2016-10-01T00:00:00Z,2017-10-01T00:00:00Z,-121.232,38.4619
384619N1212318W001,2263438,2017-05-04T00:00:00Z,104.88,104.38,0,113.5,-8.62,113.5,113,NA,Electric sounder measurement,Water level accuracy to nearest tenth of a foot,1,Department of Water Resources,NA,1,Department of Water Resources,NA,NA,27861,07N07E17G002M,07N07E17G002M,Unknown,Unknown,5-021.65,South American,Sacramento,205,Irrigation,Single Well,NA,2012-03-29 - 2020-09-16,99,spring,NA,NA,109.4,122.2,2017,26.17,10.69,37.82,14.14,Wet,SAC,2016-10-01T00:00:00Z,2017-10-01T00:00:00Z,-121.232,38.4619
384619N1212318W001,2263437,2017-04-10T00:00:00Z,104.88,104.38,0,117.8,-12.92,117.8,117.3,NA,Electric sounder measurement,Water level accuracy to nearest tenth of a foot,1,Department of Water Resources,NA,1,Department of Water Resources,NA,NA,27861,07N07E17G002M,07N07E17G002M,Unknown,Unknown,5-021.65,South American,Sacramento,205,Irrigation,Single Well,NA,2012-03-29 - 2020-09-16,99,spring,NA,NA,109.4,122.2,2017,26.17,10.69,37.82,14.14,Wet,SAC,2016-10-01T00:00:00Z,2017-10-01T00:00:00Z,-121.232,38.4619
384619N1212318W001,2237508,2017-03-08T00:00:00Z,104.88,104.38,0,118.4,-13.52,118.4,117.9,NA,Electric sounder measurement,Water level accuracy to nearest tenth of a foot,1,Department of Water Resources,NA,1,Department of Water Resources,NA,NA,27861,07N07E17G002M,07N07E17G002M,Unknown,Unknown,5-021.65,South American,Sacramento,205,Irrigation,Single Well,NA,2012-03-29 - 2020-09-16,99,spring,NA,NA,109.4,122.2,2017,26.17,10.69,37.82,14.14,Wet,SAC,2016-10-01T00:00:00Z,2017-10-01T00:00:00Z,-121.232,38.4619
384619N1212318W001,2237499,2017-02-15T00:00:00Z,104.88,104.38,0,120.2,-15.32,120.2,119.7,NA,Electric sounder measurement,Water level accuracy to nearest tenth of a foot,1,Department of Water Resources,NA,1,Department of Water Resources,NA,NA,27861,07N07E17G002M,07N07E17G002M,Unknown,Unknown,5-021.65,South American,Sacramento,205,Irrigation,Single Well,NA,2012-03-29 - 2020-09-16,99,other,NA,NA,NA,NA,2017,26.17,10.69,37.82,14.14,Wet,SAC,2016-10-01T00:00:00Z,2017-10-01T00:00:00Z,-121.232,38.4619
384619N1212318W001,2230624,2017-01-11T00:00:00Z,104.88,104.38,0,121,-16.12,121,120.5,NA,Electric sounder measurement,Water level accuracy to nearest tenth of a foot,1,Department of Water Resources,NA,1,Department of Water Resources,NA,NA,27861,07N07E17G002M,07N07E17G002M,Unknown,Unknown,5-021.65,South American,Sacramento,205,Irrigation,Single Well,NA,2012-03-29 - 2020-09-16,99,other,NA,NA,NA,NA,2017,26.17,10.69,37.82,14.14,Wet,SAC,2016-10-01T00:00:00Z,2017-10-01T00:00:00Z,-121.232,38.4619
384619N1212318W001,2223620,2016-12-12T00:00:00Z,104.88,104.38,0,124.8,-19.92,124.8,124.3,NA,Electric sounder measurement,Water level accuracy to nearest tenth of a foot,1,Department of Water Resources,NA,1,Department of Water Resources,NA,NA,27861,07N07E17G002M,07N07E17G002M,Unknown,Unknown,5-021.65,South American,Sacramento,205,Irrigation,Single Well,NA,2012-03-29 - 2020-09-16,99,other,NA,NA,NA,NA,2017,26.17,10.69,37.82,14.14,Wet,SAC,2016-10-01T00:00:00Z,2017-10-01T00:00:00Z,-121.232,38.4619
384619N1212318W001,2220300,2016-11-15T00:00:00Z,104.88,104.38,0,127.3,-22.42,127.3,126.8,NA,Electric sounder measurement,Water level accuracy to nearest tenth of a foot,1,Department of Water Resources,NA,1,Department of Water Resources,NA,NA,27861,07N07E17G002M,07N07E17G002M,Unknown,Unknown,5-021.65,South American,Sacramento,205,Irrigation,Single Well,NA,2012-03-29 - 2020-09-16,99,fall,113.8,127.2,NA,NA,2017,26.17,10.69,37.82,14.14,Wet,SAC,2016-10-01T00:00:00Z,2017-10-01T00:00:00Z,-121.232,38.4619
384619N1212318W001,2214318,2016-10-11T00:00:00Z,104.88,104.38,0,127.7,-22.82,127.7,127.2,NA,Electric sounder measurement,Water level accuracy to nearest tenth of a foot,1,Department of Water Resources,NA,1,Department of Water Resources,NA,NA,27861,07N07E17G002M,07N07E17G002M,Unknown,Unknown,5-021.65,South American,Sacramento,205,Irrigation,Single Well,NA,2012-03-29 - 2020-09-16,99,fall,113.8,127.2,NA,NA,2017,26.17,10.69,37.82,14.14,Wet,SAC,2016-10-01T00:00:00Z,2017-10-01T00:00:00Z,-121.232,38.4619
384619N1212318W001,2211377,2016-09-12T00:00:00Z,104.88,104.38,0,125.9,-21.02,125.9,125.4,NA,Electric sounder measurement,Water level accuracy to nearest tenth of a foot,1,Department of Water Resources,NA,1,Department of Water Resources,NA,NA,27861,07N07E17G002M,07N07E17G002M,Unknown,Unknown,5-021.65,South American,Sacramento,205,Irrigation,Single Well,NA,2012-03-29 - 2020-09-16,99,fall,113.8,127.2,NA,NA,2016,12.24,4.6,17.48,6.71,Below Normal,SAC,2015-10-01T00:00:00Z,2016-10-01T00:00:00Z,-121.232,38.4619
384619N1212318W001,2211388,2016-08-16T00:00:00Z,104.88,104.38,0,125.5,-20.62,125.5,125,NA,Electric sounder measurement,Water level accuracy to nearest tenth of a foot,1,Department of Water Resources,NA,1,Department of Water Resources,NA,NA,27861,07N07E17G002M,07N07E17G002M,Unknown,Unknown,5-021.65,South American,Sacramento,205,Irrigation,Single Well,NA,2012-03-29 - 2020-09-16,99,fall,113.8,127.2,NA,NA,2016,12.24,4.6,17.48,6.71,Below Normal,SAC,2015-10-01T00:00:00Z,2016-10-01T00:00:00Z,-121.232,38.4619
384619N1212318W001,2201484,2016-07-14T00:00:00Z,104.88,104.38,0,127.5,-22.62,127.5,127,NA,Electric sounder measurement,Water level accuracy to nearest tenth of a foot,1,Department of Water Resources,NA,1,Department of Water Resources,NA,NA,27861,07N07E17G002M,07N07E17G002M,Unknown,Unknown,5-021.65,South American,Sacramento,205,Irrigation,Single Well,NA,2012-03-29 - 2020-09-16,99,other,NA,NA,NA,NA,2016,12.24,4.6,17.48,6.71,Below Normal,SAC,2015-10-01T00:00:00Z,2016-10-01T00:00:00Z,-121.232,38.4619
384619N1212318W001,2196977,2016-05-23T00:00:00Z,104.88,104.38,0,122.7,-17.82,122.7,122.2,NA,Electric sounder measurement,Water level accuracy to nearest tenth of a foot,1,Department of Water Resources,NA,1,Department of Water Resources,NA,NA,27861,07N07E17G002M,07N07E17G002M,Unknown,Unknown,5-021.65,South American,Sacramento,205,Irrigation,Single Well,NA,2012-03-29 - 2020-09-16,99,spring,NA,NA,109.4,122.2,2016,12.24,4.6,17.48,6.71,Below Normal,SAC,2015-10-01T00:00:00Z,2016-10-01T00:00:00Z,-121.232,38.4619
384619N1212318W001,2192086,2016-04-18T00:00:00Z,104.88,104.38,0,121.9,-17.02,121.9,121.4,NA,Electric sounder measurement,Water level accuracy to nearest tenth of a foot,1,Department of Water Resources,NA,1,Department of Water Resources,NA,NA,27861,07N07E17G002M,07N07E17G002M,Unknown,Unknown,5-021.65,South American,Sacramento,205,Irrigation,Single Well,NA,2012-03-29 - 2020-09-16,99,spring,NA,NA,109.4,122.2,2016,12.24,4.6,17.48,6.71,Below Normal,SAC,2015-10-01T00:00:00Z,2016-10-01T00:00:00Z,-121.232,38.4619
384619N1212318W001,2185685,2016-03-23T00:00:00Z,104.88,104.38,0,121.5,-16.62,121.5,121,NA,Electric sounder measurement,Water level accuracy to nearest tenth of a foot,1,Department of Water Resources,NA,1,Department of Water Resources,NA,NA,27861,07N07E17G002M,07N07E17G002M,Unknown,Unknown,5-021.65,South American,Sacramento,205,Irrigation,Single Well,NA,2012-03-29 - 2020-09-16,99,spring,NA,NA,109.4,122.2,2016,12.24,4.6,17.48,6.71,Below Normal,SAC,2015-10-01T00:00:00Z,2016-10-01T00:00:00Z,-121.232,38.4619
384619N1212318W001,2182831,2016-02-16T00:00:00Z,104.88,104.38,0,122.3,-17.42,122.3,121.8,NA,Electric sounder measurement,Water level accuracy to nearest tenth of a foot,1,Department of Water Resources,NA,1,Department of Water Resources,NA,NA,27861,07N07E17G002M,07N07E17G002M,Unknown,Unknown,5-021.65,South American,Sacramento,205,Irrigation,Single Well,NA,2012-03-29 - 2020-09-16,99,other,NA,NA,NA,NA,2016,12.24,4.6,17.48,6.71,Below Normal,SAC,2015-10-01T00:00:00Z,2016-10-01T00:00:00Z,-121.232,38.4619
384619N1212318W001,2181014,2016-01-27T00:00:00Z,104.88,104.38,0,122.7,-17.82,122.7,122.2,NA,Electric sounder measurement,Water level accuracy to nearest tenth of a foot,1,Department of Water Resources,NA,1,Department of Water Resources,NA,NA,27861,07N07E17G002M,07N07E17G002M,Unknown,Unknown,5-021.65,South American,Sacramento,205,Irrigation,Single Well,NA,2012-03-29 - 2020-09-16,99,other,NA,NA,NA,NA,2016,12.24,4.6,17.48,6.71,Below Normal,SAC,2015-10-01T00:00:00Z,2016-10-01T00:00:00Z,-121.232,38.4619
384619N1212318W001,2178007,2015-12-14T00:00:00Z,104.88,104.38,0,123.1,-18.22,123.1,122.6,NA,Electric sounder measurement,Water level accuracy to nearest tenth of a foot,1,Department of Water Resources,NA,1,Department of Water Resources,NA,NA,27861,07N07E17G002M,07N07E17G002M,Unknown,Unknown,5-021.65,South American,Sacramento,205,Irrigation,Single Well,NA,2012-03-29 - 2020-09-16,99,other,NA,NA,NA,NA,2016,12.24,4.6,17.48,6.71,Below Normal,SAC,2015-10-01T00:00:00Z,2016-10-01T00:00:00Z,-121.232,38.4619
384619N1212318W001,2175688,2015-11-19T00:00:00Z,104.88,104.38,0,124,-19.12,124,123.5,NA,Electric sounder measurement,Water level accuracy to nearest tenth of a foot,1,Department of Water Resources,NA,1,Department of Water Resources,NA,NA,27861,07N07E17G002M,07N07E17G002M,Unknown,Unknown,5-021.65,South American,Sacramento,205,Irrigation,Single Well,NA,2012-03-29 - 2020-09-16,99,fall,113.8,127.2,NA,NA,2016,12.24,4.6,17.48,6.71,Below Normal,SAC,2015-10-01T00:00:00Z,2016-10-01T00:00:00Z,-121.232,38.4619
384619N1212318W001,2157781,2015-10-12T00:00:00Z,104.88,104.38,0,124.1,-19.22,124.1,123.6,NA,Electric sounder measurement,Water level accuracy to nearest tenth of a foot,1,Department of Water Resources,NA,1,Department of Water Resources,NA,NA,27861,07N07E17G002M,07N07E17G002M,Unknown,Unknown,5-021.65,South American,Sacramento,205,Irrigation,Single Well,NA,2012-03-29 - 2020-09-16,99,fall,113.8,127.2,NA,NA,2016,12.24,4.6,17.48,6.71,Below Normal,SAC,2015-10-01T00:00:00Z,2016-10-01T00:00:00Z,-121.232,38.4619
384619N1212318W001,2153093,2015-09-21T00:00:00Z,104.88,104.38,0,123.9,-19.02,123.9,123.4,NA,Electric sounder measurement,Water level accuracy to nearest tenth of a foot,1,Department of Water Resources,NA,1,Department of Water Resources,NA,NA,27861,07N07E17G002M,07N07E17G002M,Unknown,Unknown,5-021.65,South American,Sacramento,205,Irrigation,Single Well,NA,2012-03-29 - 2020-09-16,99,fall,113.8,127.2,NA,NA,2015,6.91,1.77,9.23,4,Critical,SAC,2014-10-01T00:00:00Z,2015-10-01T00:00:00Z,-121.232,38.4619
384619N1212318W001,2150216,2015-08-12T00:00:00Z,104.88,104.38,0,124.4,-19.52,124.4,123.9,NA,Electric sounder measurement,Water level accuracy to nearest tenth of a foot,1,Department of Water Resources,NA,1,Department of Water Resources,NA,NA,27861,07N07E17G002M,07N07E17G002M,Unknown,Unknown,5-021.65,South American,Sacramento,205,Irrigation,Single Well,NA,2012-03-29 - 2020-09-16,99,fall,113.8,127.2,NA,NA,2015,6.91,1.77,9.23,4,Critical,SAC,2014-10-01T00:00:00Z,2015-10-01T00:00:00Z,-121.232,38.4619
384619N1212318W001,2143339,2015-06-23T00:00:00Z,104.88,104.38,0,122.6,-17.72,122.6,122.1,NA,Electric sounder measurement,Water level accuracy to nearest tenth of a foot,1,Department of Water Resources,NA,1,Department of Water Resources,NA,NA,27861,07N07E17G002M,07N07E17G002M,Unknown,Unknown,5-021.65,South American,Sacramento,205,Irrigation,Single Well,NA,2012-03-29 - 2020-09-16,99,other,NA,NA,NA,NA,2015,6.91,1.77,9.23,4,Critical,SAC,2014-10-01T00:00:00Z,2015-10-01T00:00:00Z,-121.232,38.4619
384619N1212318W001,2143309,2015-06-23T00:00:00Z,104.88,104.38,0,122.6,-17.72,122.6,122.1,NA,Electric sounder measurement,Water level accuracy to nearest tenth of a foot,1,Department of Water Resources,NA,1,Department of Water Resources,NA,NA,27861,07N07E17G002M,07N07E17G002M,Unknown,Unknown,5-021.65,South American,Sacramento,205,Irrigation,Single Well,NA,2012-03-29 - 2020-09-16,99,other,NA,NA,NA,NA,2015,6.91,1.77,9.23,4,Critical,SAC,2014-10-01T00:00:00Z,2015-10-01T00:00:00Z,-121.232,38.4619
384619N1212318W001,2143329,2015-06-23T00:00:00Z,104.88,104.38,0,122.6,-17.72,122.6,122.1,NA,Electric sounder measurement,Water level accuracy to nearest tenth of a foot,1,Department of Water Resources,NA,1,Department of Water Resources,NA,NA,27861,07N07E17G002M,07N07E17G002M,Unknown,Unknown,5-021.65,South American,Sacramento,205,Irrigation,Single Well,NA,2012-03-29 - 2020-09-16,99,other,NA,NA,NA,NA,2015,6.91,1.77,9.23,4,Critical,SAC,2014-10-01T00:00:00Z,2015-10-01T00:00:00Z,-121.232,38.4619
384619N1212318W001,2143319,2015-06-23T00:00:00Z,104.88,104.38,0,122.6,-17.72,122.6,122.1,NA,Electric sounder measurement,Water level accuracy to nearest tenth of a foot,1,Department of Water Resources,NA,1,Department of Water Resources,NA,NA,27861,07N07E17G002M,07N07E17G002M,Unknown,Unknown,5-021.65,South American,Sacramento,205,Irrigation,Single Well,NA,2012-03-29 - 2020-09-16,99,other,NA,NA,NA,NA,2015,6.91,1.77,9.23,4,Critical,SAC,2014-10-01T00:00:00Z,2015-10-01T00:00:00Z,-121.232,38.4619
384619N1212318W001,2139373,2015-05-20T00:00:00Z,104.88,104.38,0,119.1,-14.22,119.1,118.6,NA,Electric sounder measurement,Water level accuracy to nearest tenth of a foot,1,Department of Water Resources,NA,1,Department of Water Resources,NA,NA,27861,07N07E17G002M,07N07E17G002M,Unknown,Unknown,5-021.65,South American,Sacramento,205,Irrigation,Single Well,NA,2012-03-29 - 2020-09-16,99,spring,NA,NA,109.4,122.2,2015,6.91,1.77,9.23,4,Critical,SAC,2014-10-01T00:00:00Z,2015-10-01T00:00:00Z,-121.232,38.4619
384619N1212318W001,2135993,2015-04-21T00:00:00Z,104.88,104.38,0,117.9,-13.02,117.9,117.4,NA,Electric sounder measurement,Water level accuracy to nearest tenth of a foot,1,Department of Water Resources,NA,1,Department of Water Resources,NA,NA,27861,07N07E17G002M,07N07E17G002M,Unknown,Unknown,5-021.65,South American,Sacramento,205,Irrigation,Single Well,NA,2012-03-29 - 2020-09-16,99,spring,NA,NA,109.4,122.2,2015,6.91,1.77,9.23,4,Critical,SAC,2014-10-01T00:00:00Z,2015-10-01T00:00:00Z,-121.232,38.4619
384619N1212318W001,2116912,2015-03-17T00:00:00Z,104.88,104.38,0,118.5,-13.62,118.5,118,NA,Electric sounder measurement,Water level accuracy to nearest tenth of a foot,1,Department of Water Resources,NA,1,Department of Water Resources,NA,NA,27861,07N07E17G002M,07N07E17G002M,Unknown,Unknown,5-021.65,South American,Sacramento,205,Irrigation,Single Well,NA,2012-03-29 - 2020-09-16,99,spring,NA,NA,109.4,122.2,2015,6.91,1.77,9.23,4,Critical,SAC,2014-10-01T00:00:00Z,2015-10-01T00:00:00Z,-121.232,38.4619
384619N1212318W001,2115236,2015-02-23T00:00:00Z,104.88,104.38,0,119.2,-14.32,119.2,118.7,NA,Electric sounder measurement,Water level accuracy to nearest tenth of a foot,1,Department of Water Resources,NA,1,Department of Water Resources,NA,NA,27861,07N07E17G002M,07N07E17G002M,Unknown,Unknown,5-021.65,South American,Sacramento,205,Irrigation,Single Well,NA,2012-03-29 - 2020-09-16,99,other,NA,NA,NA,NA,2015,6.91,1.77,9.23,4,Critical,SAC,2014-10-01T00:00:00Z,2015-10-01T00:00:00Z,-121.232,38.4619
384619N1212318W001,2113512,2015-02-02T00:00:00Z,104.88,104.38,0,119.5,-14.62,119.5,119,NA,Electric sounder measurement,Water level accuracy to nearest tenth of a foot,1,Department of Water Resources,NA,1,Department of Water Resources,NA,NA,27861,07N07E17G002M,07N07E17G002M,Unknown,Unknown,5-021.65,South American,Sacramento,205,Irrigation,Single Well,NA,2012-03-29 - 2020-09-16,99,other,NA,NA,NA,NA,2015,6.91,1.77,9.23,4,Critical,SAC,2014-10-01T00:00:00Z,2015-10-01T00:00:00Z,-121.232,38.4619
384619N1212318W001,2107515,2014-11-26T00:00:00Z,104.88,104.38,0,121.6,-16.72,121.6,121.1,NA,Electric sounder measurement,Water level accuracy to nearest tenth of a foot,1,Department of Water Resources,NA,1,Department of Water Resources,NA,NA,27861,07N07E17G002M,07N07E17G002M,Unknown,Unknown,5-021.65,South American,Sacramento,205,Irrigation,Single Well,NA,2012-03-29 - 2020-09-16,99,fall,113.8,127.2,NA,NA,2015,6.91,1.77,9.23,4,Critical,SAC,2014-10-01T00:00:00Z,2015-10-01T00:00:00Z,-121.232,38.4619
384619N1212318W001,2022465,2014-10-21T00:00:00Z,104.88,104.38,0,123.3,-18.42,123.3,122.8,NA,Electric sounder measurement,Water level accuracy to nearest tenth of a foot,1,Department of Water Resources,NA,1,Department of Water Resources,NA,NA,27861,07N07E17G002M,07N07E17G002M,Unknown,Unknown,5-021.65,South American,Sacramento,205,Irrigation,Single Well,NA,2012-03-29 - 2020-09-16,99,fall,113.8,127.2,NA,NA,2015,6.91,1.77,9.23,4,Critical,SAC,2014-10-01T00:00:00Z,2015-10-01T00:00:00Z,-121.232,38.4619
384619N1212318W001,2014572,2014-09-29T00:00:00Z,104.88,104.38,0,122.9,-18.02,122.9,122.4,NA,Electric sounder measurement,Water level accuracy to nearest tenth of a foot,1,Department of Water Resources,NA,1,Department of Water Resources,NA,NA,27861,07N07E17G002M,07N07E17G002M,Unknown,Unknown,5-021.65,South American,Sacramento,205,Irrigation,Single Well,NA,2012-03-29 - 2020-09-16,99,fall,113.8,127.2,NA,NA,2014,4.29,2.59,7.46,4.07,Critical,SAC,2013-10-01T00:00:00Z,2014-10-01T00:00:00Z,-121.232,38.4619
384619N1212318W001,1995589,2014-08-19T00:00:00Z,104.88,104.38,0,123.1,-18.22,123.1,122.6,NA,Electric sounder measurement,Water level accuracy to nearest tenth of a foot,1,Department of Water Resources,NA,1,Department of Water Resources,NA,NA,27861,07N07E17G002M,07N07E17G002M,Unknown,Unknown,5-021.65,South American,Sacramento,205,Irrigation,Single Well,NA,2012-03-29 - 2020-09-16,99,fall,113.8,127.2,NA,NA,2014,4.29,2.59,7.46,4.07,Critical,SAC,2013-10-01T00:00:00Z,2014-10-01T00:00:00Z,-121.232,38.4619
384619N1212318W001,1993132,2014-07-28T00:00:00Z,104.88,104.38,0,122.3,-17.42,122.3,121.8,NA,Electric sounder measurement,Water level accuracy to nearest tenth of a foot,1,Department of Water Resources,showed farm workers the measuring process. Solinst hung at 60ft!,1,Department of Water Resources,NA,NA,27861,07N07E17G002M,07N07E17G002M,Unknown,Unknown,5-021.65,South American,Sacramento,205,Irrigation,Single Well,NA,2012-03-29 - 2020-09-16,99,other,NA,NA,NA,NA,2014,4.29,2.59,7.46,4.07,Critical,SAC,2013-10-01T00:00:00Z,2014-10-01T00:00:00Z,-121.232,38.4619
384619N1212318W001,1991366,2014-06-24T00:00:00Z,104.88,104.38,0,116.3,-11.42,116.3,115.8,NA,Electric sounder measurement,Water level accuracy to nearest tenth of a foot,1,Department of Water Resources,NA,1,Department of Water Resources,NA,NA,27861,07N07E17G002M,07N07E17G002M,Unknown,Unknown,5-021.65,South American,Sacramento,205,Irrigation,Single Well,NA,2012-03-29 - 2020-09-16,99,other,NA,NA,NA,NA,2014,4.29,2.59,7.46,4.07,Critical,SAC,2013-10-01T00:00:00Z,2014-10-01T00:00:00Z,-121.232,38.4619
384619N1212318W001,1977440,2014-05-06T00:00:00Z,104.88,104.38,0,116,-11.12,116,115.5,NA,Electric sounder measurement,Water level accuracy to nearest tenth of a foot,1,Department of Water Resources,NA,1,Department of Water Resources,NA,NA,27861,07N07E17G002M,07N07E17G002M,Unknown,Unknown,5-021.65,South American,Sacramento,205,Irrigation,Single Well,NA,2012-03-29 - 2020-09-16,99,spring,NA,NA,109.4,122.2,2014,4.29,2.59,7.46,4.07,Critical,SAC,2013-10-01T00:00:00Z,2014-10-01T00:00:00Z,-121.232,38.4619
384619N1212318W001,1975878,2014-04-11T00:00:00Z,104.88,104.38,0,116,-11.12,116,115.5,NA,Electric sounder measurement,Water level accuracy to nearest tenth of a foot,1,Department of Water Resources,"Talked with farm workers. No problems accessing well. Solinst hangs at 10ft, carefull when measuring.",1,Department of Water Resources,NA,NA,27861,07N07E17G002M,07N07E17G002M,Unknown,Unknown,5-021.65,South American,Sacramento,205,Irrigation,Single Well,NA,2012-03-29 - 2020-09-16,99,spring,NA,NA,109.4,122.2,2014,4.29,2.59,7.46,4.07,Critical,SAC,2013-10-01T00:00:00Z,2014-10-01T00:00:00Z,-121.232,38.4619
384619N1212318W001,1877513,2014-03-13T00:00:00Z,104.88,104.38,0,115.6,-10.72,115.6,115.1,NA,Electric sounder measurement,Water level accuracy to nearest tenth of a foot,1,Department of Water Resources,new combo for gate,1,Department of Water Resources,NA,NA,27861,07N07E17G002M,07N07E17G002M,Unknown,Unknown,5-021.65,South American,Sacramento,205,Irrigation,Single Well,NA,2012-03-29 - 2020-09-16,99,spring,NA,NA,109.4,122.2,2014,4.29,2.59,7.46,4.07,Critical,SAC,2013-10-01T00:00:00Z,2014-10-01T00:00:00Z,-121.232,38.4619
384619N1212318W001,1877497,2014-02-28T00:00:00Z,104.88,104.38,0,115.6,-10.72,115.6,115.1,NA,Electric sounder measurement,Water level accuracy to nearest tenth of a foot,1,Department of Water Resources,new combo for gate,1,Department of Water Resources,NA,NA,27861,07N07E17G002M,07N07E17G002M,Unknown,Unknown,5-021.65,South American,Sacramento,205,Irrigation,Single Well,NA,2012-03-29 - 2020-09-16,99,other,NA,NA,NA,NA,2014,4.29,2.59,7.46,4.07,Critical,SAC,2013-10-01T00:00:00Z,2014-10-01T00:00:00Z,-121.232,38.4619
