STN_ID.x,SITE_CODE,WLM_ID,MSMT_DATE,WLM_RPE,WLM_GSE,RDNG_WS,RDNG_RP,WSE,RPE_WSE,GSE_WSE,WLM_QA_DESC,WLM_DESC,WLM_ACC_DESC,WLM_ORG_ID,WLM_ORG_NAME,MSMT_CMT,COOP_AGENCY_ORG_ID,COOP_ORG_NAME,STN_ID.y,TOP_PRF,BOT_PRF,STN_ID,SWN,WELL_NAME,WLM_METHOD,WLM_ACC,BASIN_CODE,BASIN_NAME,COUNTY_NAME,WELL_DEPTH,WELL_USE,WELL_TYPE,WCR_NO,t_range,n_samples
27202,384664N1214774W001,2278904,2017-10-17T00:00:00Z,14.47,14.47,0.6,20,-4.93,19.4,19.4,Oil or foreign substance in casing,Steel tape measurement,Water level accuracy to nearest tenth of a foot,5050,Sacramento Central Groundwater Authority,NA,5050,Sacramento Central Groundwater Authority,NA,NA,NA,27202,07N05E18C001M,SCGA #1,Unknown,Unknown,5-021.65,South American,Sacramento,NA,Irrigation,Single Well,NA,1990-05-02 - 2020-04-15,60
27202,384664N1214774W001,2205423,2016-05-10T00:00:00Z,14.47,14.47,0.4,17,-2.13,16.6,16.6,NA,Steel tape measurement,Water level accuracy to nearest tenth of a foot,5050,Sacramento Central Groundwater Authority,NA,5050,Sacramento Central Groundwater Authority,NA,NA,NA,27202,07N05E18C001M,SCGA #1,Unknown,Unknown,5-021.65,South American,Sacramento,NA,Irrigation,Single Well,NA,1990-05-02 - 2020-04-15,60
27202,384664N1214774W001,2185724,2015-10-23T00:00:00Z,14.47,14.47,0.5,21,-6.03,20.5,20.5,NA,Steel tape measurement,Water level accuracy to nearest tenth of a foot,5050,Sacramento Central Groundwater Authority,NA,5050,Sacramento Central Groundwater Authority,NA,NA,NA,27202,07N05E18C001M,SCGA #1,Unknown,Unknown,5-021.65,South American,Sacramento,NA,Irrigation,Single Well,NA,1990-05-02 - 2020-04-15,60
27202,384664N1214774W001,2137289,2015-04-20T00:00:00Z,14.47,14.47,0.8,17,-1.73,16.2,16.2,Oil or foreign substance in casing,Steel tape measurement,Water level accuracy to nearest tenth of a foot,5050,Sacramento Central Groundwater Authority,NA,5050,Sacramento Central Groundwater Authority,NA,NA,NA,27202,07N05E18C001M,SCGA #1,Unknown,Unknown,5-021.65,South American,Sacramento,NA,Irrigation,Single Well,NA,1990-05-02 - 2020-04-15,60
27202,384664N1214774W001,2137288,2014-10-22T00:00:00Z,14.47,14.47,0.4,19,-4.13,18.6,18.6,Oil or foreign substance in casing,Steel tape measurement,Water level accuracy to nearest tenth of a foot,5050,Sacramento Central Groundwater Authority,NA,5050,Sacramento Central Groundwater Authority,NA,NA,NA,27202,07N05E18C001M,SCGA #1,Unknown,Unknown,5-021.65,South American,Sacramento,NA,Irrigation,Single Well,NA,1990-05-02 - 2020-04-15,60
27202,384664N1214774W001,1905143,2014-04-15T00:00:00Z,14.47,14.47,0.9,17,-1.63,16.1,16.1,NA,Steel tape measurement,Water level accuracy to nearest tenth of a foot,5050,Sacramento Central Groundwater Authority,NA,5050,Sacramento Central Groundwater Authority,NA,NA,NA,27202,07N05E18C001M,SCGA #1,Unknown,Unknown,5-021.65,South American,Sacramento,NA,Irrigation,Single Well,NA,1990-05-02 - 2020-04-15,60
27202,384664N1214774W001,1905142,2013-10-23T00:00:00Z,14.47,14.47,0.3,19,-4.23,18.7,18.7,NA,Steel tape measurement,Water level accuracy to nearest tenth of a foot,5050,Sacramento Central Groundwater Authority,NA,5050,Sacramento Central Groundwater Authority,NA,NA,NA,27202,07N05E18C001M,SCGA #1,Unknown,Unknown,5-021.65,South American,Sacramento,NA,Irrigation,Single Well,NA,1990-05-02 - 2020-04-15,60
27202,384664N1214774W001,1704780,2013-04-29T00:00:00Z,14.47,14.47,1.5,16,-0.03,14.5,14.5,Oil or foreign substance in casing,Steel tape measurement,Water level accuracy to nearest tenth of a foot,5050,Sacramento Central Groundwater Authority,NA,5050,Sacramento Central Groundwater Authority,NA,NA,NA,27202,07N05E18C001M,SCGA #1,Unknown,Unknown,5-021.65,South American,Sacramento,NA,Irrigation,Single Well,NA,1990-05-02 - 2020-04-15,60
27202,384664N1214774W001,1704779,2012-10-24T00:00:00Z,14.47,14.47,0.9,18,-2.63,17.1,17.1,Oil or foreign substance in casing,Steel tape measurement,Water level accuracy to nearest tenth of a foot,5050,Sacramento Central Groundwater Authority,NA,5050,Sacramento Central Groundwater Authority,NA,NA,NA,27202,07N05E18C001M,SCGA #1,Unknown,Unknown,5-021.65,South American,Sacramento,NA,Irrigation,Single Well,NA,1990-05-02 - 2020-04-15,60
27202,384664N1214774W001,61309,2012-04-19T00:00:00Z,14.47,14.47,1.2,16,-0.33,14.8,14.8,NA,Steel tape measurement,Water level accuracy to nearest tenth of a foot,5050,Sacramento Central Groundwater Authority,NA,5050,Sacramento Central Groundwater Authority,NA,NA,NA,27202,07N05E18C001M,SCGA #1,Unknown,Unknown,5-021.65,South American,Sacramento,NA,Irrigation,Single Well,NA,1990-05-02 - 2020-04-15,60
27202,384664N1214774W001,21377,2011-10-20T00:00:00Z,14.47,14.47,1.7,20,-3.83,18.3,18.3,Oil or foreign substance in casing,Steel tape measurement,Water level accuracy to nearest tenth of a foot,5050,Sacramento Central Groundwater Authority,NA,5050,Sacramento Central Groundwater Authority,NA,NA,NA,27202,07N05E18C001M,SCGA #1,Unknown,Unknown,5-021.65,South American,Sacramento,NA,Irrigation,Single Well,NA,1990-05-02 - 2020-04-15,60
27202,384664N1214774W001,68595,2011-04-12T00:00:00Z,14.47,14.47,0.6,12,3.07,11.4,11.4,NA,Steel tape measurement,Water level accuracy to nearest tenth of a foot,5050,Sacramento Central Groundwater Authority,NA,5050,Sacramento Central Groundwater Authority,NA,NA,NA,27202,07N05E18C001M,SCGA #1,Unknown,Unknown,5-021.65,South American,Sacramento,NA,Irrigation,Single Well,NA,1990-05-02 - 2020-04-15,60
27202,384664N1214774W001,1439782,2010-04-19T00:00:00Z,14.47,14.47,0,14.5,-0.03,14.5,14.5,Oil or foreign substance in casing,Unknown,Water level accuracy is unknown,1,Department of Water Resources,NA,323,Sacramento County,NA,NA,NA,27202,07N05E18C001M,SCGA #1,Unknown,Unknown,5-021.65,South American,Sacramento,NA,Irrigation,Single Well,NA,1990-05-02 - 2020-04-15,60
27202,384664N1214774W001,1439781,2009-10-21T00:00:00Z,14.47,14.47,0,19.7,-5.23,19.7,19.7,Oil or foreign substance in casing,Unknown,Water level accuracy is unknown,1,Department of Water Resources,NA,323,Sacramento County,NA,NA,NA,27202,07N05E18C001M,SCGA #1,Unknown,Unknown,5-021.65,South American,Sacramento,NA,Irrigation,Single Well,NA,1990-05-02 - 2020-04-15,60
27202,384664N1214774W001,1439780,2009-04-22T00:00:00Z,14.47,14.47,0,16.4,-1.93,16.4,16.4,NA,Unknown,Water level accuracy is unknown,1,Department of Water Resources,NA,323,Sacramento County,NA,NA,NA,27202,07N05E18C001M,SCGA #1,Unknown,Unknown,5-021.65,South American,Sacramento,NA,Irrigation,Single Well,NA,1990-05-02 - 2020-04-15,60
27202,384664N1214774W001,1439779,2008-10-14T00:00:00Z,14.47,14.47,0,19.6,-5.13,19.6,19.6,Oil or foreign substance in casing,Unknown,Water level accuracy is unknown,1,Department of Water Resources,NA,323,Sacramento County,NA,NA,NA,27202,07N05E18C001M,SCGA #1,Unknown,Unknown,5-021.65,South American,Sacramento,NA,Irrigation,Single Well,NA,1990-05-02 - 2020-04-15,60
27202,384664N1214774W001,1439778,2008-04-22T00:00:00Z,14.47,14.47,0,17.3,-2.83,17.3,17.3,NA,Unknown,Water level accuracy is unknown,1,Department of Water Resources,NA,323,Sacramento County,NA,NA,NA,27202,07N05E18C001M,SCGA #1,Unknown,Unknown,5-021.65,South American,Sacramento,NA,Irrigation,Single Well,NA,1990-05-02 - 2020-04-15,60
27202,384664N1214774W001,1439777,2007-10-26T00:00:00Z,14.47,14.47,0,18.7,-4.23,18.7,18.7,Oil or foreign substance in casing,Unknown,Water level accuracy is unknown,1,Department of Water Resources,NA,323,Sacramento County,NA,NA,NA,27202,07N05E18C001M,SCGA #1,Unknown,Unknown,5-021.65,South American,Sacramento,NA,Irrigation,Single Well,NA,1990-05-02 - 2020-04-15,60
27202,384664N1214774W001,1439776,2007-04-25T00:00:00Z,14.47,14.47,0,16.1,-1.63,16.1,16.1,NA,Unknown,Water level accuracy is unknown,1,Department of Water Resources,NA,323,Sacramento County,NA,NA,NA,27202,07N05E18C001M,SCGA #1,Unknown,Unknown,5-021.65,South American,Sacramento,NA,Irrigation,Single Well,NA,1990-05-02 - 2020-04-15,60
27202,384664N1214774W001,1439775,2006-10-12T00:00:00Z,14.47,14.47,0,21,-6.53,21,21,NA,Unknown,Water level accuracy is unknown,1,Department of Water Resources,NA,323,Sacramento County,NA,NA,NA,27202,07N05E18C001M,SCGA #1,Unknown,Unknown,5-021.65,South American,Sacramento,NA,Irrigation,Single Well,NA,1990-05-02 - 2020-04-15,60
27202,384664N1214774W001,1439774,2006-05-15T00:00:00Z,14.47,14.47,0,12.4,2.07,12.4,12.4,NA,Unknown,Water level accuracy is unknown,1,Department of Water Resources,NA,323,Sacramento County,NA,NA,NA,27202,07N05E18C001M,SCGA #1,Unknown,Unknown,5-021.65,South American,Sacramento,NA,Irrigation,Single Well,NA,1990-05-02 - 2020-04-15,60
27202,384664N1214774W001,1439773,2005-10-25T00:00:00Z,14.47,14.47,0,20.3,-5.83,20.3,20.3,NA,Unknown,Water level accuracy is unknown,1,Department of Water Resources,NA,323,Sacramento County,NA,NA,NA,27202,07N05E18C001M,SCGA #1,Unknown,Unknown,5-021.65,South American,Sacramento,NA,Irrigation,Single Well,NA,1990-05-02 - 2020-04-15,60
27202,384664N1214774W001,1439772,2005-04-27T00:00:00Z,14.47,14.47,0,15.1,-0.63,15.1,15.1,NA,Unknown,Water level accuracy is unknown,1,Department of Water Resources,NA,323,Sacramento County,NA,NA,NA,27202,07N05E18C001M,SCGA #1,Unknown,Unknown,5-021.65,South American,Sacramento,NA,Irrigation,Single Well,NA,1990-05-02 - 2020-04-15,60
27202,384664N1214774W001,1439771,2004-10-22T00:00:00Z,14.47,14.47,0,19.3,-4.83,19.3,19.3,NA,Unknown,Water level accuracy is unknown,1,Department of Water Resources,NA,323,Sacramento County,NA,NA,NA,27202,07N05E18C001M,SCGA #1,Unknown,Unknown,5-021.65,South American,Sacramento,NA,Irrigation,Single Well,NA,1990-05-02 - 2020-04-15,60
27202,384664N1214774W001,1439770,2004-03-31T00:00:00Z,14.47,14.47,0,18.4,-3.93,18.4,18.4,NA,Unknown,Water level accuracy is unknown,1,Department of Water Resources,NA,323,Sacramento County,NA,NA,NA,27202,07N05E18C001M,SCGA #1,Unknown,Unknown,5-021.65,South American,Sacramento,NA,Irrigation,Single Well,NA,1990-05-02 - 2020-04-15,60
27202,384664N1214774W001,1439769,2003-10-24T00:00:00Z,14.47,14.47,0,19.7,-5.23,19.7,19.7,NA,Unknown,Water level accuracy is unknown,1,Department of Water Resources,NA,323,Sacramento County,NA,NA,NA,27202,07N05E18C001M,SCGA #1,Unknown,Unknown,5-021.65,South American,Sacramento,NA,Irrigation,Single Well,NA,1990-05-02 - 2020-04-15,60
27202,384664N1214774W001,1439763,2003-04-30T00:00:00Z,14.47,14.47,0,18.6,-4.13,18.6,18.6,NA,Unknown,Water level accuracy is unknown,1,Department of Water Resources,NA,323,Sacramento County,NA,NA,NA,27202,07N05E18C001M,SCGA #1,Unknown,Unknown,5-021.65,South American,Sacramento,NA,Irrigation,Single Well,NA,1990-05-02 - 2020-04-15,60
27202,384664N1214774W001,1439765,2002-11-04T00:00:00Z,14.47,14.47,0,19.7,-5.23,19.7,19.7,NA,Unknown,Water level accuracy is unknown,1,Department of Water Resources,NA,323,Sacramento County,NA,NA,NA,27202,07N05E18C001M,SCGA #1,Unknown,Unknown,5-021.65,South American,Sacramento,NA,Irrigation,Single Well,NA,1990-05-02 - 2020-04-15,60
27202,384664N1214774W001,1439767,2002-05-24T00:00:00Z,14.47,14.47,0,17.3,-2.83,17.3,17.3,NA,Unknown,Water level accuracy is unknown,1,Department of Water Resources,NA,323,Sacramento County,NA,NA,NA,27202,07N05E18C001M,SCGA #1,Unknown,Unknown,5-021.65,South American,Sacramento,NA,Irrigation,Single Well,NA,1990-05-02 - 2020-04-15,60
27202,384664N1214774W001,1439764,2001-09-27T00:00:00Z,14.47,14.47,0,19.5,-5.03,19.5,19.5,Oil or foreign substance in casing,Unknown,Water level accuracy is unknown,1,Department of Water Resources,NA,323,Sacramento County,NA,NA,NA,27202,07N05E18C001M,SCGA #1,Unknown,Unknown,5-021.65,South American,Sacramento,NA,Irrigation,Single Well,NA,1990-05-02 - 2020-04-15,60
27202,384664N1214774W001,1439766,2001-04-17T00:00:00Z,14.47,14.47,0,17.3,-2.83,17.3,17.3,Oil or foreign substance in casing,Unknown,Water level accuracy is unknown,1,Department of Water Resources,NA,323,Sacramento County,NA,NA,NA,27202,07N05E18C001M,SCGA #1,Unknown,Unknown,5-021.65,South American,Sacramento,NA,Irrigation,Single Well,NA,1990-05-02 - 2020-04-15,60
27202,384664N1214774W001,1439768,2000-09-28T00:00:00Z,14.47,14.47,0,20,-5.53,20,20,Oil or foreign substance in casing,Unknown,Water level accuracy is unknown,1,Department of Water Resources,NA,323,Sacramento County,NA,NA,NA,27202,07N05E18C001M,SCGA #1,Unknown,Unknown,5-021.65,South American,Sacramento,NA,Irrigation,Single Well,NA,1990-05-02 - 2020-04-15,60
27202,384664N1214774W001,1439759,2000-04-27T00:00:00Z,14.47,14.47,0,18.4,-3.93,18.4,18.4,NA,Unknown,Water level accuracy is unknown,1,Department of Water Resources,NA,323,Sacramento County,NA,NA,NA,27202,07N05E18C001M,SCGA #1,Unknown,Unknown,5-021.65,South American,Sacramento,NA,Irrigation,Single Well,NA,1990-05-02 - 2020-04-15,60
27202,384664N1214774W001,1439757,1999-10-13T00:00:00Z,14.47,14.47,0,22.2,-7.73,22.2,22.2,Oil or foreign substance in casing,Unknown,Water level accuracy is unknown,1,Department of Water Resources,NA,323,Sacramento County,NA,NA,NA,27202,07N05E18C001M,SCGA #1,Unknown,Unknown,5-021.65,South American,Sacramento,NA,Irrigation,Single Well,NA,1990-05-02 - 2020-04-15,60
27202,384664N1214774W001,1439758,1999-04-29T00:00:00Z,14.47,14.47,0,0,14.47,0,0,Oil or foreign substance in casing,Unknown,Water level accuracy is unknown,1,Department of Water Resources,NA,323,Sacramento County,NA,NA,NA,27202,07N05E18C001M,SCGA #1,Unknown,Unknown,5-021.65,South American,Sacramento,NA,Irrigation,Single Well,NA,1990-05-02 - 2020-04-15,60
27202,384664N1214774W001,1439742,1998-10-05T00:00:00Z,14.47,14.47,0,21.9,-7.43,21.9,21.9,Oil or foreign substance in casing,Unknown,Water level accuracy is unknown,1,Department of Water Resources,NA,323,Sacramento County,NA,NA,NA,27202,07N05E18C001M,SCGA #1,Unknown,Unknown,5-021.65,South American,Sacramento,NA,Irrigation,Single Well,NA,1990-05-02 - 2020-04-15,60
27202,384664N1214774W001,1439762,1998-04-07T00:00:00Z,14.47,14.47,0,23,-8.53,23,23,Oil or foreign substance in casing,Unknown,Water level accuracy is unknown,1,Department of Water Resources,11.1 FT. STANDING OIL,323,Sacramento County,NA,NA,NA,27202,07N05E18C001M,SCGA #1,Unknown,Unknown,5-021.65,South American,Sacramento,NA,Irrigation,Single Well,NA,1990-05-02 - 2020-04-15,60
27202,384664N1214774W001,1439760,1997-10-21T00:00:00Z,14.47,14.47,0,33.2,-18.73,33.2,33.2,Oil or foreign substance in casing,Unknown,Water level accuracy is unknown,1,Department of Water Resources,11.1 FT STANDING OIL,323,Sacramento County,NA,NA,NA,27202,07N05E18C001M,SCGA #1,Unknown,Unknown,5-021.65,South American,Sacramento,NA,Irrigation,Single Well,NA,1990-05-02 - 2020-04-15,60
27202,384664N1214774W001,1439761,1997-04-09T00:00:00Z,14.47,14.47,0,30.7,-16.23,30.7,30.7,Oil or foreign substance in casing,Unknown,Water level accuracy is unknown,1,Department of Water Resources,11.1 FEET STANDING OIL,323,Sacramento County,NA,NA,NA,27202,07N05E18C001M,SCGA #1,Unknown,Unknown,5-021.65,South American,Sacramento,NA,Irrigation,Single Well,NA,1990-05-02 - 2020-04-15,60
27202,384664N1214774W001,1439756,1996-10-11T00:00:00Z,14.47,14.47,0,24,-9.53,24,24,Oil or foreign substance in casing,Unknown,Water level accuracy is unknown,1,Department of Water Resources,11.1 FT STANDING OIL,323,Sacramento County,NA,NA,NA,27202,07N05E18C001M,SCGA #1,Unknown,Unknown,5-021.65,South American,Sacramento,NA,Irrigation,Single Well,NA,1990-05-02 - 2020-04-15,60
27202,384664N1214774W001,1439755,1996-04-05T00:00:00Z,14.47,14.47,0,27.9,-13.43,27.9,27.9,Oil or foreign substance in casing,Unknown,Water level accuracy is unknown,1,Department of Water Resources,11.1 FT STANDING OIL,323,Sacramento County,NA,NA,NA,27202,07N05E18C001M,SCGA #1,Unknown,Unknown,5-021.65,South American,Sacramento,NA,Irrigation,Single Well,NA,1990-05-02 - 2020-04-15,60
27202,384664N1214774W001,1439754,1995-10-03T00:00:00Z,14.47,14.47,0,21.4,-6.93,21.4,21.4,Oil or foreign substance in casing,Unknown,Water level accuracy is unknown,1,Department of Water Resources,NA,323,Sacramento County,NA,NA,NA,27202,07N05E18C001M,SCGA #1,Unknown,Unknown,5-021.65,South American,Sacramento,NA,Irrigation,Single Well,NA,1990-05-02 - 2020-04-15,60
27202,384664N1214774W001,1439753,1995-04-10T00:00:00Z,14.47,14.47,0,16.9,-2.43,16.9,16.9,Oil or foreign substance in casing,Unknown,Water level accuracy is unknown,1,Department of Water Resources,NA,323,Sacramento County,NA,NA,NA,27202,07N05E18C001M,SCGA #1,Unknown,Unknown,5-021.65,South American,Sacramento,NA,Irrigation,Single Well,NA,1990-05-02 - 2020-04-15,60
27202,384664N1214774W001,1439752,1994-10-17T00:00:00Z,14.47,14.47,0,26,-11.53,26,26,Oil or foreign substance in casing,Unknown,Water level accuracy is unknown,1,Department of Water Resources,NA,323,Sacramento County,NA,NA,NA,27202,07N05E18C001M,SCGA #1,Unknown,Unknown,5-021.65,South American,Sacramento,NA,Irrigation,Single Well,NA,1990-05-02 - 2020-04-15,60
27202,384664N1214774W001,1439750,1993-09-30T00:00:00Z,14.47,14.47,0,23.7,-9.23,23.7,23.7,Oil or foreign substance in casing,Unknown,Water level accuracy is unknown,1,Department of Water Resources,NA,323,Sacramento County,NA,NA,NA,27202,07N05E18C001M,SCGA #1,Unknown,Unknown,5-021.65,South American,Sacramento,NA,Irrigation,Single Well,NA,1990-05-02 - 2020-04-15,60
27202,384664N1214774W001,1439749,1993-03-11T00:00:00Z,14.47,14.47,0,21.2,-6.73,21.2,21.2,Oil or foreign substance in casing,Unknown,Water level accuracy is unknown,1,Department of Water Resources,NA,323,Sacramento County,NA,NA,NA,27202,07N05E18C001M,SCGA #1,Unknown,Unknown,5-021.65,South American,Sacramento,NA,Irrigation,Single Well,NA,1990-05-02 - 2020-04-15,60
27202,384664N1214774W001,1439748,1992-10-07T00:00:00Z,14.47,14.47,0,28.7,-14.23,28.7,28.7,Oil or foreign substance in casing,Unknown,Water level accuracy is unknown,1,Department of Water Resources,NA,323,Sacramento County,NA,NA,NA,27202,07N05E18C001M,SCGA #1,Unknown,Unknown,5-021.65,South American,Sacramento,NA,Irrigation,Single Well,NA,1990-05-02 - 2020-04-15,60
27202,384664N1214774W001,1439747,1992-04-01T00:00:00Z,14.47,14.47,0,24,-9.53,24,24,Oil or foreign substance in casing,Unknown,Water level accuracy is unknown,1,Department of Water Resources,NA,323,Sacramento County,NA,NA,NA,27202,07N05E18C001M,SCGA #1,Unknown,Unknown,5-021.65,South American,Sacramento,NA,Irrigation,Single Well,NA,1990-05-02 - 2020-04-15,60
27202,384664N1214774W001,1439746,1991-10-08T00:00:00Z,14.47,14.47,0,31.1,-16.63,31.1,31.1,Oil or foreign substance in casing,Unknown,Water level accuracy is unknown,1,Department of Water Resources,NA,323,Sacramento County,NA,NA,NA,27202,07N05E18C001M,SCGA #1,Unknown,Unknown,5-021.65,South American,Sacramento,NA,Irrigation,Single Well,NA,1990-05-02 - 2020-04-15,60
27202,384664N1214774W001,1439745,1991-02-19T00:00:00Z,14.47,14.47,0,31.1,-16.63,31.1,31.1,Oil or foreign substance in casing,Unknown,Water level accuracy is unknown,1,Department of Water Resources,NA,323,Sacramento County,NA,NA,NA,27202,07N05E18C001M,SCGA #1,Unknown,Unknown,5-021.65,South American,Sacramento,NA,Irrigation,Single Well,NA,1990-05-02 - 2020-04-15,60
27202,384664N1214774W001,1439744,1990-10-03T00:00:00Z,14.47,14.47,0,28.6,-14.13,28.6,28.6,Oil or foreign substance in casing,Unknown,Water level accuracy is unknown,1,Department of Water Resources,OIL,323,Sacramento County,NA,NA,NA,27202,07N05E18C001M,SCGA #1,Unknown,Unknown,5-021.65,South American,Sacramento,NA,Irrigation,Single Well,NA,1990-05-02 - 2020-04-15,60
27202,384664N1214774W001,1439743,1990-05-02T00:00:00Z,14.47,14.47,0,27,-12.53,27,27,NA,Unknown,Water level accuracy is unknown,1,Department of Water Resources,NA,323,Sacramento County,NA,NA,NA,27202,07N05E18C001M,SCGA #1,Unknown,Unknown,5-021.65,South American,Sacramento,NA,Irrigation,Single Well,NA,1990-05-02 - 2020-04-15,60
