SITE_CODE,WLM_ID,MSMT_DATE,WLM_RPE,WLM_GSE,RDNG_WS,RDNG_RP,WSE,RPE_WSE,GSE_WSE,WLM_QA_DESC,WLM_DESC,WLM_ACC_DESC,WLM_ORG_ID,WLM_ORG_NAME,MSMT_CMT,COOP_AGENCY_ORG_ID,COOP_ORG_NAME,TOP_PRF,BOT_PRF,STN_ID,SWN,WELL_NAME,WLM_METHOD,WLM_ACC,BASIN_CODE,BASIN_NAME,COUNTY_NAME,WELL_DEPTH,WELL_USE,WELL_TYPE,WCR_NO,t_range,n_samples,season,fall_high,fall_low,spring_high,spring_low,water_year,Oct.Mar,Apr.Jul,WYsum,Index,water_year_type,region,water_year_start,water_year_end,X,Y
384705N1213040W001,1443692,2006-04-25T00:00:00Z,93.39,92.39,0,114.9,-21.51,114.9,113.9,NA,Unknown,Water level accuracy is unknown,1,Department of Water Resources,NA,1,Department of Water Resources,124,170,27850,07N06E10Q001M,NA,Unknown,Unknown,5-021.65,South American,Sacramento,170,Residential,Unknown,35891,1985-03-11 - 2007-10-29,45,spring,NA,NA,111,123.7,2006,18.06,13.09,32.09,13.2,Wet,SAC,2005-10-01T00:00:00Z,2006-10-01T00:00:00Z,-121.304,38.4705
384705N1213040W001,1443691,2005-11-30T00:00:00Z,93.39,92.39,0,123.9,-30.51,123.9,122.9,NA,Unknown,Water level accuracy is unknown,1,Department of Water Resources,NA,1,Department of Water Resources,124,170,27850,07N06E10Q001M,NA,Unknown,Unknown,5-021.65,South American,Sacramento,170,Residential,Unknown,35891,1985-03-11 - 2007-10-29,45,fall,115.6,127.6,NA,NA,2006,18.06,13.09,32.09,13.2,Wet,SAC,2005-10-01T00:00:00Z,2006-10-01T00:00:00Z,-121.304,38.4705
384705N1213040W001,1443690,2005-04-15T00:00:00Z,93.39,92.39,0,116,-22.61,116,115,NA,Unknown,Water level accuracy is unknown,1,Department of Water Resources,NA,1,Department of Water Resources,124,170,27850,07N06E10Q001M,NA,Unknown,Unknown,5-021.65,South American,Sacramento,170,Residential,Unknown,35891,1985-03-11 - 2007-10-29,45,spring,NA,NA,111,123.7,2005,8.4,9.28,18.55,8.49,Above Normal,SAC,2004-10-01T00:00:00Z,2005-10-01T00:00:00Z,-121.304,38.4705
384705N1213040W001,1443686,2003-10-20T00:00:00Z,93.39,92.39,0,125,-31.61,125,124,NA,Unknown,Water level accuracy is unknown,1,Department of Water Resources,NA,1,Department of Water Resources,124,170,27850,07N06E10Q001M,NA,Unknown,Unknown,5-021.65,South American,Sacramento,170,Residential,Unknown,35891,1985-03-11 - 2007-10-29,45,fall,115.6,127.6,NA,NA,2004,10.95,4.4,16.04,7.51,Below Normal,SAC,2003-10-01T00:00:00Z,2004-10-01T00:00:00Z,-121.304,38.4705
384705N1213040W001,1443685,2003-04-09T00:00:00Z,93.39,92.39,0,114,-20.61,114,113,NA,Unknown,Water level accuracy is unknown,1,Department of Water Resources,NA,1,Department of Water Resources,124,170,27850,07N06E10Q001M,NA,Unknown,Unknown,5-021.65,South American,Sacramento,170,Residential,Unknown,35891,1985-03-11 - 2007-10-29,45,spring,NA,NA,111,123.7,2003,10.71,7.74,19.31,8.21,Above Normal,SAC,2002-10-01T00:00:00Z,2003-10-01T00:00:00Z,-121.304,38.4705
384705N1213040W001,1443684,2002-11-18T00:00:00Z,93.39,92.39,0,123.4,-30.01,123.4,122.4,NA,Unknown,Water level accuracy is unknown,1,Department of Water Resources,NA,1,Department of Water Resources,124,170,27850,07N06E10Q001M,NA,Unknown,Unknown,5-021.65,South American,Sacramento,170,Residential,Unknown,35891,1985-03-11 - 2007-10-29,45,fall,115.6,127.6,NA,NA,2003,10.71,7.74,19.31,8.21,Above Normal,SAC,2002-10-01T00:00:00Z,2003-10-01T00:00:00Z,-121.304,38.4705
384705N1213040W001,1443683,2002-04-15T00:00:00Z,93.39,92.39,0,114.1,-20.71,114.1,113.1,NA,Unknown,Water level accuracy is unknown,1,Department of Water Resources,NA,1,Department of Water Resources,124,170,27850,07N06E10Q001M,NA,Unknown,Unknown,5-021.65,South American,Sacramento,170,Residential,Unknown,35891,1985-03-11 - 2007-10-29,45,spring,NA,NA,111,123.7,2002,9.32,4.57,14.6,6.35,Dry,SAC,2001-10-01T00:00:00Z,2002-10-01T00:00:00Z,-121.304,38.4705
384705N1213040W001,1443682,2001-10-22T00:00:00Z,93.39,92.39,0,121.4,-28.01,121.4,120.4,NA,Unknown,Water level accuracy is unknown,1,Department of Water Resources,NA,1,Department of Water Resources,124,170,27850,07N06E10Q001M,NA,Unknown,Unknown,5-021.65,South American,Sacramento,170,Residential,Unknown,35891,1985-03-11 - 2007-10-29,45,fall,115.6,127.6,NA,NA,2002,9.32,4.57,14.6,6.35,Dry,SAC,2001-10-01T00:00:00Z,2002-10-01T00:00:00Z,-121.304,38.4705
384705N1213040W001,1443681,2001-05-29T00:00:00Z,93.39,92.39,0,124.5,-31.11,124.5,123.5,NA,Unknown,Water level accuracy is unknown,1,Department of Water Resources,NA,1,Department of Water Resources,124,170,27850,07N06E10Q001M,NA,Unknown,Unknown,5-021.65,South American,Sacramento,170,Residential,Unknown,35891,1985-03-11 - 2007-10-29,45,spring,NA,NA,111,123.7,2001,5.64,3.46,9.81,5.76,Dry,SAC,2000-10-01T00:00:00Z,2001-10-01T00:00:00Z,-121.304,38.4705
384705N1213040W001,1443687,2000-11-30T00:00:00Z,93.39,92.39,0,128.6,-35.21,128.6,127.6,NA,Unknown,Water level accuracy is unknown,1,Department of Water Resources,NA,1,Department of Water Resources,124,170,27850,07N06E10Q001M,NA,Unknown,Unknown,5-021.65,South American,Sacramento,170,Residential,Unknown,35891,1985-03-11 - 2007-10-29,45,fall,115.6,127.6,NA,NA,2001,5.64,3.46,9.81,5.76,Dry,SAC,2000-10-01T00:00:00Z,2001-10-01T00:00:00Z,-121.304,38.4705
384705N1213040W001,1443680,2000-05-03T00:00:00Z,93.39,92.39,0,113.5,-20.11,113.5,112.5,NA,Unknown,Water level accuracy is unknown,1,Department of Water Resources,NA,1,Department of Water Resources,124,170,27850,07N06E10Q001M,NA,Unknown,Unknown,5-021.65,South American,Sacramento,170,Residential,Unknown,35891,1985-03-11 - 2007-10-29,45,spring,NA,NA,111,123.7,2000,12.06,5.96,18.9,8.94,Above Normal,SAC,1999-10-01T00:00:00Z,2000-10-01T00:00:00Z,-121.304,38.4705
384705N1213040W001,1443675,1999-11-03T00:00:00Z,93.39,92.39,0,121.9,-28.51,121.9,120.9,NA,Unknown,Water level accuracy is unknown,1,Department of Water Resources,NA,1,Department of Water Resources,124,170,27850,07N06E10Q001M,NA,Unknown,Unknown,5-021.65,South American,Sacramento,170,Residential,Unknown,35891,1985-03-11 - 2007-10-29,45,fall,115.6,127.6,NA,NA,2000,12.06,5.96,18.9,8.94,Above Normal,SAC,1999-10-01T00:00:00Z,2000-10-01T00:00:00Z,-121.304,38.4705
384705N1213040W001,1443674,1999-03-25T00:00:00Z,93.39,92.39,0,115.9,-22.51,115.9,114.9,NA,Unknown,Water level accuracy is unknown,1,Department of Water Resources,NA,1,Department of Water Resources,124,170,27850,07N06E10Q001M,NA,Unknown,Unknown,5-021.65,South American,Sacramento,170,Residential,Unknown,35891,1985-03-11 - 2007-10-29,45,spring,NA,NA,111,123.7,1999,12.97,7.26,21.19,9.8,Wet,SAC,1998-10-01T00:00:00Z,1999-10-01T00:00:00Z,-121.304,38.4705
384705N1213040W001,1443679,1998-11-16T00:00:00Z,93.39,92.39,0,120.2,-26.81,120.2,119.2,NA,Unknown,Water level accuracy is unknown,1,Department of Water Resources,NA,1,Department of Water Resources,124,170,27850,07N06E10Q001M,NA,Unknown,Unknown,5-021.65,South American,Sacramento,170,Residential,Unknown,35891,1985-03-11 - 2007-10-29,45,fall,115.6,127.6,NA,NA,1999,12.97,7.26,21.19,9.8,Wet,SAC,1998-10-01T00:00:00Z,1999-10-01T00:00:00Z,-121.304,38.4705
384705N1213040W001,1443678,1998-05-11T00:00:00Z,93.39,92.39,0,117.9,-24.51,117.9,116.9,NA,Unknown,Water level accuracy is unknown,1,Department of Water Resources,NA,1,Department of Water Resources,124,170,27850,07N06E10Q001M,NA,Unknown,Unknown,5-021.65,South American,Sacramento,170,Residential,Unknown,35891,1985-03-11 - 2007-10-29,45,spring,NA,NA,111,123.7,1998,17.65,12.54,31.4,13.31,Wet,SAC,1997-10-01T00:00:00Z,1998-10-01T00:00:00Z,-121.304,38.4705
384705N1213040W001,1443677,1997-11-05T00:00:00Z,93.39,92.39,0,128.5,-35.11,128.5,127.5,NA,Unknown,Water level accuracy is unknown,1,Department of Water Resources,NA,1,Department of Water Resources,124,170,27850,07N06E10Q001M,NA,Unknown,Unknown,5-021.65,South American,Sacramento,170,Residential,Unknown,35891,1985-03-11 - 2007-10-29,45,fall,115.6,127.6,NA,NA,1998,17.65,12.54,31.4,13.31,Wet,SAC,1997-10-01T00:00:00Z,1998-10-01T00:00:00Z,-121.304,38.4705
384705N1213040W001,1443676,1997-04-22T00:00:00Z,93.39,92.39,0,120.4,-27.01,120.4,119.4,NA,Unknown,Water level accuracy is unknown,1,Department of Water Resources,NA,1,Department of Water Resources,124,170,27850,07N06E10Q001M,NA,Unknown,Unknown,5-021.65,South American,Sacramento,170,Residential,Unknown,35891,1985-03-11 - 2007-10-29,45,spring,NA,NA,111,123.7,1997,20.22,4.39,25.42,10.82,Wet,SAC,1996-10-01T00:00:00Z,1997-10-01T00:00:00Z,-121.304,38.4705
384705N1213040W001,1443672,1996-04-22T00:00:00Z,93.39,92.39,0,124.7,-31.31,124.7,123.7,Casing leaking or wet,Unknown,Water level accuracy is unknown,1,Department of Water Resources,NA,1,Department of Water Resources,124,170,27850,07N06E10Q001M,NA,Unknown,Unknown,5-021.65,South American,Sacramento,170,Residential,Unknown,35891,1985-03-11 - 2007-10-29,45,spring,NA,NA,111,123.7,1996,13.05,8.37,22.29,10.26,Wet,SAC,1995-10-01T00:00:00Z,1996-10-01T00:00:00Z,-121.304,38.4705
384705N1213040W001,1443670,1995-05-08T00:00:00Z,93.39,92.39,0,121.8,-28.41,121.8,120.8,Casing leaking or wet,Unknown,Water level accuracy is unknown,1,Department of Water Resources,NA,1,Department of Water Resources,124,170,27850,07N06E10Q001M,NA,Unknown,Unknown,5-021.65,South American,Sacramento,170,Residential,Unknown,35891,1985-03-11 - 2007-10-29,45,spring,NA,NA,111,123.7,1995,19.83,13.6,34.55,12.89,Wet,SAC,1994-10-01T00:00:00Z,1995-10-01T00:00:00Z,-121.304,38.4705
384705N1213040W001,1443668,1994-03-17T00:00:00Z,93.39,92.39,0,123.5,-30.11,123.5,122.5,NA,Unknown,Water level accuracy is unknown,1,Department of Water Resources,NA,1,Department of Water Resources,124,170,27850,07N06E10Q001M,NA,Unknown,Unknown,5-021.65,South American,Sacramento,170,Residential,Unknown,35891,1985-03-11 - 2007-10-29,45,spring,NA,NA,111,123.7,1994,4.55,2.73,7.81,5.02,Critical,SAC,1993-10-01T00:00:00Z,1994-10-01T00:00:00Z,-121.304,38.4705
384705N1213040W001,1443665,1992-12-03T00:00:00Z,93.39,92.39,0,121,-27.61,121,120,NA,Unknown,Water level accuracy is unknown,1,Department of Water Resources,NA,1,Department of Water Resources,124,170,27850,07N06E10Q001M,NA,Unknown,Unknown,5-021.65,South American,Sacramento,170,Residential,Unknown,35891,1985-03-11 - 2007-10-29,45,other,NA,NA,NA,NA,1993,12.44,8.98,22.21,8.54,Above Normal,SAC,1992-10-01T00:00:00Z,1993-10-01T00:00:00Z,-121.304,38.4705
384705N1213040W001,1443663,1991-03-13T00:00:00Z,93.39,92.39,0,117.6,-24.21,117.6,116.6,NA,Unknown,Water level accuracy is unknown,1,Department of Water Resources,NA,1,Department of Water Resources,124,170,27850,07N06E10Q001M,NA,Unknown,Unknown,5-021.65,South American,Sacramento,170,Residential,Unknown,35891,1985-03-11 - 2007-10-29,45,spring,NA,NA,111,123.7,1991,3.9,4.01,8.44,4.21,Critical,SAC,1990-10-01T00:00:00Z,1991-10-01T00:00:00Z,-121.304,38.4705
384705N1213040W001,1443662,1990-10-10T00:00:00Z,93.39,92.39,0,128.6,-35.21,128.6,127.6,Casing leaking or wet,Unknown,Water level accuracy is unknown,1,Department of Water Resources,NA,1,Department of Water Resources,124,170,27850,07N06E10Q001M,NA,Unknown,Unknown,5-021.65,South American,Sacramento,170,Residential,Unknown,35891,1985-03-11 - 2007-10-29,45,fall,115.6,127.6,NA,NA,1991,3.9,4.01,8.44,4.21,Critical,SAC,1990-10-01T00:00:00Z,1991-10-01T00:00:00Z,-121.304,38.4705
384705N1213040W001,1443661,1990-03-23T00:00:00Z,93.39,92.39,0,114.2,-20.81,114.2,113.2,NA,Unknown,Water level accuracy is unknown,1,Department of Water Resources,NA,1,Department of Water Resources,124,170,27850,07N06E10Q001M,NA,Unknown,Unknown,5-021.65,South American,Sacramento,170,Residential,Unknown,35891,1985-03-11 - 2007-10-29,45,spring,NA,NA,111,123.7,1990,4.94,3.72,9.26,4.81,Critical,SAC,1989-10-01T00:00:00Z,1990-10-01T00:00:00Z,-121.304,38.4705
384705N1213040W001,1443660,1989-10-07T00:00:00Z,93.39,92.39,0,122.9,-29.51,122.9,121.9,NA,Unknown,Water level accuracy is unknown,1,Department of Water Resources,NA,1,Department of Water Resources,124,170,27850,07N06E10Q001M,NA,Unknown,Unknown,5-021.65,South American,Sacramento,170,Residential,Unknown,35891,1985-03-11 - 2007-10-29,45,fall,115.6,127.6,NA,NA,1990,4.94,3.72,9.26,4.81,Critical,SAC,1989-10-01T00:00:00Z,1990-10-01T00:00:00Z,-121.304,38.4705
384705N1213040W001,1443659,1989-03-07T00:00:00Z,93.39,92.39,0,114.2,-20.81,114.2,113.2,NA,Unknown,Water level accuracy is unknown,1,Department of Water Resources,NA,1,Department of Water Resources,124,170,27850,07N06E10Q001M,NA,Unknown,Unknown,5-021.65,South American,Sacramento,170,Residential,Unknown,35891,1985-03-11 - 2007-10-29,45,spring,NA,NA,111,123.7,1989,9.03,5.07,14.82,6.13,Dry,SAC,1988-10-01T00:00:00Z,1989-10-01T00:00:00Z,-121.304,38.4705
384705N1213040W001,1443658,1988-10-17T00:00:00Z,93.39,92.39,0,118.5,-25.11,118.5,117.5,NA,Unknown,Water level accuracy is unknown,1,Department of Water Resources,NA,1,Department of Water Resources,124,170,27850,07N06E10Q001M,NA,Unknown,Unknown,5-021.65,South American,Sacramento,170,Residential,Unknown,35891,1985-03-11 - 2007-10-29,45,fall,115.6,127.6,NA,NA,1989,9.03,5.07,14.82,6.13,Dry,SAC,1988-10-01T00:00:00Z,1989-10-01T00:00:00Z,-121.304,38.4705
384705N1213040W001,1443656,1987-10-19T00:00:00Z,93.39,92.39,0,117.6,-24.21,117.6,116.6,NA,Unknown,Water level accuracy is unknown,1,Department of Water Resources,NA,1,Department of Water Resources,124,170,27850,07N06E10Q001M,NA,Unknown,Unknown,5-021.65,South American,Sacramento,170,Residential,Unknown,35891,1985-03-11 - 2007-10-29,45,fall,115.6,127.6,NA,NA,1988,5.78,2.9,9.23,4.65,Critical,SAC,1987-10-01T00:00:00Z,1988-10-01T00:00:00Z,-121.304,38.4705
384705N1213040W001,1443655,1987-03-17T00:00:00Z,93.39,92.39,0,112.2,-18.81,112.2,111.2,NA,Unknown,Water level accuracy is unknown,1,Department of Water Resources,NA,1,Department of Water Resources,124,170,27850,07N06E10Q001M,NA,Unknown,Unknown,5-021.65,South American,Sacramento,170,Residential,Unknown,35891,1985-03-11 - 2007-10-29,45,spring,NA,NA,111,123.7,1987,5.85,2.8,9.27,5.86,Dry,SAC,1986-10-01T00:00:00Z,1987-10-01T00:00:00Z,-121.304,38.4705
384705N1213040W001,1443654,1986-10-20T00:00:00Z,93.39,92.39,0,116.6,-23.21,116.6,115.6,NA,Unknown,Water level accuracy is unknown,1,Department of Water Resources,NA,1,Department of Water Resources,124,170,27850,07N06E10Q001M,NA,Unknown,Unknown,5-021.65,South American,Sacramento,170,Residential,Unknown,35891,1985-03-11 - 2007-10-29,45,fall,115.6,127.6,NA,NA,1987,5.85,2.8,9.27,5.86,Dry,SAC,1986-10-01T00:00:00Z,1987-10-01T00:00:00Z,-121.304,38.4705
384705N1213040W001,1443653,1986-03-12T00:00:00Z,93.39,92.39,0,112.4,-19.01,112.4,111.4,NA,Unknown,Water level accuracy is unknown,1,Department of Water Resources,NA,1,Department of Water Resources,124,170,27850,07N06E10Q001M,NA,Unknown,Unknown,5-021.65,South American,Sacramento,170,Residential,Unknown,35891,1985-03-11 - 2007-10-29,45,spring,NA,NA,111,123.7,1986,19.45,5.45,25.83,9.96,Wet,SAC,1985-10-01T00:00:00Z,1986-10-01T00:00:00Z,-121.304,38.4705
384705N1213040W001,1443652,1985-10-15T00:00:00Z,93.39,92.39,0,118.3,-24.91,118.3,117.3,NA,Unknown,Water level accuracy is unknown,1,Department of Water Resources,NA,1,Department of Water Resources,124,170,27850,07N06E10Q001M,NA,Unknown,Unknown,5-021.65,South American,Sacramento,170,Residential,Unknown,35891,1985-03-11 - 2007-10-29,45,fall,115.6,127.6,NA,NA,1986,19.45,5.45,25.83,9.96,Wet,SAC,1985-10-01T00:00:00Z,1986-10-01T00:00:00Z,-121.304,38.4705
384705N1213040W001,1443651,1985-03-11T00:00:00Z,93.39,92.39,0,112,-18.61,112,111,NA,Unknown,Water level accuracy is unknown,1,Department of Water Resources,NA,1,Department of Water Resources,124,170,27850,07N06E10Q001M,NA,Unknown,Unknown,5-021.65,South American,Sacramento,170,Residential,Unknown,35891,1985-03-11 - 2007-10-29,45,spring,NA,NA,111,123.7,1985,6.24,4,11.04,6.47,Dry,SAC,1984-10-01T00:00:00Z,1985-10-01T00:00:00Z,-121.304,38.4705
