SITE_CODE,WLM_ID,MSMT_DATE,WLM_RPE,WLM_GSE,RDNG_WS,RDNG_RP,WSE,RPE_WSE,GSE_WSE,WLM_QA_DESC,WLM_DESC,WLM_ACC_DESC,WLM_ORG_ID,WLM_ORG_NAME,MSMT_CMT,COOP_AGENCY_ORG_ID,COOP_ORG_NAME,TOP_PRF,BOT_PRF,STN_ID,SWN,WELL_NAME,WLM_METHOD,WLM_ACC,BASIN_CODE,BASIN_NAME,COUNTY_NAME,WELL_DEPTH,WELL_USE,WELL_TYPE,WCR_NO,t_range,n_samples,season,fall_high,fall_low,spring_high,spring_low,water_year,Oct.Mar,Apr.Jul,WYsum,Index,water_year_type,region,water_year_start,water_year_end,X,Y
384756N1213352W001,2482794,2019-10-10T00:00:00Z,61.9,60.9,0,88.9,-27,88.9,87.9,NA,Electric sounder measurement,Water level accuracy to nearest tenth of a foot,5050,Sacramento Central Groundwater Authority,NA,5050,Sacramento Central Groundwater Authority,NA,NA,27849,07N06E08H001M,SCGA #5,Unknown,Unknown,5-021.65,South American,Sacramento,225,Residential,Single Well,58,2011-04-13 - 2020-04-15,19,fall,87.9,96,NA,NA,2020,NA,NA,NA,NA,NA,NA,2019-10-01T00:00:00Z,2020-10-01T00:00:00Z,-121.335,38.4756
384756N1213352W001,2454896,2019-04-12T00:00:00Z,61.9,60.9,0,87.4,-25.5,87.4,86.4,NA,Electric sounder measurement,Water level accuracy to nearest tenth of a foot,5050,Sacramento Central Groundwater Authority,NA,5050,Sacramento Central Groundwater Authority,NA,NA,27849,07N06E08H001M,SCGA #5,Unknown,Unknown,5-021.65,South American,Sacramento,225,Residential,Single Well,58,2011-04-13 - 2020-04-15,19,spring,NA,NA,86.4,94,2019,13.11,10.66,24.77,10.34,Wet,SAC,2018-10-01T00:00:00Z,2019-10-01T00:00:00Z,-121.335,38.4756
384756N1213352W001,2413062,2018-10-10T00:00:00Z,61.9,60.9,0,91.3,-29.4,91.3,90.3,NA,Electric sounder measurement,Water level accuracy to nearest tenth of a foot,5050,Sacramento Central Groundwater Authority,NA,5050,Sacramento Central Groundwater Authority,NA,NA,27849,07N06E08H001M,SCGA #5,Unknown,Unknown,5-021.65,South American,Sacramento,225,Residential,Single Well,58,2011-04-13 - 2020-04-15,19,fall,87.9,96,NA,NA,2019,13.11,10.66,24.77,10.34,Wet,SAC,2018-10-01T00:00:00Z,2019-10-01T00:00:00Z,-121.335,38.4756
384756N1213352W001,2305634,2018-04-17T00:00:00Z,61.9,60.9,0,89.3,-27.4,89.3,88.3,NA,Electric sounder measurement,Water level accuracy to nearest tenth of a foot,5050,Sacramento Central Groundwater Authority,NA,5050,Sacramento Central Groundwater Authority,NA,NA,27849,07N06E08H001M,SCGA #5,Unknown,Unknown,5-021.65,South American,Sacramento,225,Residential,Single Well,58,2011-04-13 - 2020-04-15,19,spring,NA,NA,86.4,94,2018,7.09,5.05,12.86,7.14,Below Normal,SAC,2017-10-01T00:00:00Z,2018-10-01T00:00:00Z,-121.335,38.4756
384756N1213352W001,2278908,2017-10-16T00:00:00Z,61.9,60.9,0,93.2,-31.3,93.2,92.2,NA,Electric sounder measurement,Water level accuracy to nearest tenth of a foot,5050,Sacramento Central Groundwater Authority,NA,5050,Sacramento Central Groundwater Authority,NA,NA,27849,07N06E08H001M,SCGA #5,Unknown,Unknown,5-021.65,South American,Sacramento,225,Residential,Single Well,58,2011-04-13 - 2020-04-15,19,fall,87.9,96,NA,NA,2018,7.09,5.05,12.86,7.14,Below Normal,SAC,2017-10-01T00:00:00Z,2018-10-01T00:00:00Z,-121.335,38.4756
384756N1213352W001,2252857,2017-04-28T00:00:00Z,61.9,60.9,0,91.2,-29.3,91.2,90.2,NA,Electric sounder measurement,Water level accuracy to nearest tenth of a foot,5050,Sacramento Central Groundwater Authority,NA,5050,Sacramento Central Groundwater Authority,NA,NA,27849,07N06E08H001M,SCGA #5,Unknown,Unknown,5-021.65,South American,Sacramento,225,Residential,Single Well,58,2011-04-13 - 2020-04-15,19,spring,NA,NA,86.4,94,2017,26.17,10.69,37.82,14.14,Wet,SAC,2016-10-01T00:00:00Z,2017-10-01T00:00:00Z,-121.335,38.4756
384756N1213352W001,2252856,2016-10-20T00:00:00Z,61.9,60.9,0,94.1,-32.2,94.1,93.1,NA,Electric sounder measurement,Water level accuracy to nearest tenth of a foot,5050,Sacramento Central Groundwater Authority,NA,5050,Sacramento Central Groundwater Authority,NA,NA,27849,07N06E08H001M,SCGA #5,Unknown,Unknown,5-021.65,South American,Sacramento,225,Residential,Single Well,58,2011-04-13 - 2020-04-15,19,fall,87.9,96,NA,NA,2017,26.17,10.69,37.82,14.14,Wet,SAC,2016-10-01T00:00:00Z,2017-10-01T00:00:00Z,-121.335,38.4756
384756N1213352W001,2205440,2016-05-09T00:00:00Z,61.9,60.9,0,92.7,-30.8,92.7,91.7,NA,Electric sounder measurement,Water level accuracy to nearest tenth of a foot,5050,Sacramento Central Groundwater Authority,NA,5050,Sacramento Central Groundwater Authority,NA,NA,27849,07N06E08H001M,SCGA #5,Unknown,Unknown,5-021.65,South American,Sacramento,225,Residential,Single Well,58,2011-04-13 - 2020-04-15,19,spring,NA,NA,86.4,94,2016,12.24,4.6,17.48,6.71,Below Normal,SAC,2015-10-01T00:00:00Z,2016-10-01T00:00:00Z,-121.335,38.4756
384756N1213352W001,2185726,2015-10-19T00:00:00Z,61.9,60.9,0,95.1,-33.2,95.1,94.1,NA,Electric sounder measurement,Water level accuracy to nearest tenth of a foot,5050,Sacramento Central Groundwater Authority,NA,5050,Sacramento Central Groundwater Authority,NA,NA,27849,07N06E08H001M,SCGA #5,Unknown,Unknown,5-021.65,South American,Sacramento,225,Residential,Single Well,58,2011-04-13 - 2020-04-15,19,fall,87.9,96,NA,NA,2016,12.24,4.6,17.48,6.71,Below Normal,SAC,2015-10-01T00:00:00Z,2016-10-01T00:00:00Z,-121.335,38.4756
384756N1213352W001,2137303,2015-04-21T00:00:00Z,61.9,60.9,0,94.3,-32.4,94.3,93.3,NA,Electric sounder measurement,Water level accuracy to nearest tenth of a foot,5050,Sacramento Central Groundwater Authority,NA,5050,Sacramento Central Groundwater Authority,NA,NA,27849,07N06E08H001M,SCGA #5,Unknown,Unknown,5-021.65,South American,Sacramento,225,Residential,Single Well,58,2011-04-13 - 2020-04-15,19,spring,NA,NA,86.4,94,2015,6.91,1.77,9.23,4,Critical,SAC,2014-10-01T00:00:00Z,2015-10-01T00:00:00Z,-121.335,38.4756
384756N1213352W001,2137302,2014-10-20T00:00:00Z,61.9,60.9,0,96.4,-34.5,96.4,95.4,NA,Electric sounder measurement,Water level accuracy to nearest tenth of a foot,5050,Sacramento Central Groundwater Authority,NA,5050,Sacramento Central Groundwater Authority,NA,NA,27849,07N06E08H001M,SCGA #5,Unknown,Unknown,5-021.65,South American,Sacramento,225,Residential,Single Well,58,2011-04-13 - 2020-04-15,19,fall,87.9,96,NA,NA,2015,6.91,1.77,9.23,4,Critical,SAC,2014-10-01T00:00:00Z,2015-10-01T00:00:00Z,-121.335,38.4756
384756N1213352W001,1905170,2014-04-14T00:00:00Z,61.9,60.9,0,94,-32.1,94,93,NA,Electric sounder measurement,Water level accuracy to nearest tenth of a foot,5050,Sacramento Central Groundwater Authority,NA,5050,Sacramento Central Groundwater Authority,NA,NA,27849,07N06E08H001M,SCGA #5,Unknown,Unknown,5-021.65,South American,Sacramento,225,Residential,Single Well,58,2011-04-13 - 2020-04-15,19,spring,NA,NA,86.4,94,2014,4.29,2.59,7.46,4.07,Critical,SAC,2013-10-01T00:00:00Z,2014-10-01T00:00:00Z,-121.335,38.4756
384756N1213352W001,1905169,2013-10-29T00:00:00Z,61.9,60.9,0,96.1,-34.2,96.1,95.1,NA,Electric sounder measurement,Water level accuracy to nearest tenth of a foot,5050,Sacramento Central Groundwater Authority,NA,5050,Sacramento Central Groundwater Authority,NA,NA,27849,07N06E08H001M,SCGA #5,Unknown,Unknown,5-021.65,South American,Sacramento,225,Residential,Single Well,58,2011-04-13 - 2020-04-15,19,fall,87.9,96,NA,NA,2014,4.29,2.59,7.46,4.07,Critical,SAC,2013-10-01T00:00:00Z,2014-10-01T00:00:00Z,-121.335,38.4756
384756N1213352W001,1704761,2013-04-17T00:00:00Z,61.9,60.9,0,94.3,-32.4,94.3,93.3,NA,Electric sounder measurement,Water level accuracy to nearest tenth of a foot,5050,Sacramento Central Groundwater Authority,NA,5050,Sacramento Central Groundwater Authority,NA,NA,27849,07N06E08H001M,SCGA #5,Unknown,Unknown,5-021.65,South American,Sacramento,225,Residential,Single Well,58,2011-04-13 - 2020-04-15,19,spring,NA,NA,86.4,94,2013,8.52,3.01,12.19,5.83,Dry,SAC,2012-10-01T00:00:00Z,2013-10-01T00:00:00Z,-121.335,38.4756
384756N1213352W001,1704760,2012-10-23T00:00:00Z,61.9,60.9,0,96.5,-34.6,96.5,95.5,NA,Electric sounder measurement,Water level accuracy to nearest tenth of a foot,5050,Sacramento Central Groundwater Authority,NA,5050,Sacramento Central Groundwater Authority,NA,NA,27849,07N06E08H001M,SCGA #5,Unknown,Unknown,5-021.65,South American,Sacramento,225,Residential,Single Well,58,2011-04-13 - 2020-04-15,19,fall,87.9,96,NA,NA,2013,8.52,3.01,12.19,5.83,Dry,SAC,2012-10-01T00:00:00Z,2013-10-01T00:00:00Z,-121.335,38.4756
384756N1213352W001,61305,2012-04-24T00:00:00Z,61.9,60.9,0,94.5,-32.6,94.5,93.5,NA,Electric sounder measurement,Water level accuracy to nearest tenth of a foot,5050,Sacramento Central Groundwater Authority,NA,5050,Sacramento Central Groundwater Authority,NA,NA,27849,07N06E08H001M,SCGA #5,Unknown,Unknown,5-021.65,South American,Sacramento,225,Residential,Single Well,58,2011-04-13 - 2020-04-15,19,spring,NA,NA,86.4,94,2012,5.69,5.46,11.84,6.89,Below Normal,SAC,2011-10-01T00:00:00Z,2012-10-01T00:00:00Z,-121.335,38.4756
384756N1213352W001,21381,2011-10-21T00:00:00Z,61.9,60.9,0,97,-35.1,97,96,NA,Electric sounder measurement,Water level accuracy to nearest tenth of a foot,5050,Sacramento Central Groundwater Authority,NA,5050,Sacramento Central Groundwater Authority,NA,NA,27849,07N06E08H001M,SCGA #5,Unknown,Unknown,5-021.65,South American,Sacramento,225,Residential,Single Well,58,2011-04-13 - 2020-04-15,19,fall,87.9,96,NA,NA,2012,5.69,5.46,11.84,6.89,Below Normal,SAC,2011-10-01T00:00:00Z,2012-10-01T00:00:00Z,-121.335,38.4756
384756N1213352W001,68586,2011-04-13T00:00:00Z,61.9,60.9,0,95,-33.1,95,94,NA,Electric sounder measurement,Water level accuracy to nearest tenth of a foot,5050,Sacramento Central Groundwater Authority,NA,5050,Sacramento Central Groundwater Authority,NA,NA,27849,07N06E08H001M,SCGA #5,Unknown,Unknown,5-021.65,South American,Sacramento,225,Residential,Single Well,58,2011-04-13 - 2020-04-15,19,spring,NA,NA,86.4,94,2011,12.68,11.53,25.21,10.54,Wet,SAC,2010-10-01T00:00:00Z,2011-10-01T00:00:00Z,-121.335,38.4756
