SITE_CODE,WLM_ID,MSMT_DATE,WLM_RPE,WLM_GSE,RDNG_WS,RDNG_RP,WSE,RPE_WSE,GSE_WSE,WLM_QA_DESC,WLM_DESC,WLM_ACC_DESC,WLM_ORG_ID,WLM_ORG_NAME,MSMT_CMT,COOP_AGENCY_ORG_ID,COOP_ORG_NAME,TOP_PRF,BOT_PRF,STN_ID,SWN,WELL_NAME,WLM_METHOD,WLM_ACC,BASIN_CODE,BASIN_NAME,COUNTY_NAME,WELL_DEPTH,WELL_USE,WELL_TYPE,WCR_NO,t_range,n_samples,season,fall_high,fall_low,spring_high,spring_low,water_year,Oct.Mar,Apr.Jul,WYsum,Index,water_year_type,region,water_year_start,water_year_end,X,Y
384799N1212061W001,1445055,1997-03-12T00:00:00Z,103.39,102.39,0,77.7,25.69,77.7,76.7,NA,Unknown,Water level accuracy is unknown,1,Department of Water Resources,NA,624,Bureau of Reclamation,NA,NA,27860,07N07E09A001M,NA,Unknown,Unknown,5-021.65,South American,Sacramento,NA,Unknown,Unknown,NA,1993-10-08 - 1999-04-01,12,spring,NA,NA,76.3,83,1997,20.22,4.39,25.42,10.82,Wet,SAC,1996-10-01T00:00:00Z,1997-10-01T00:00:00Z,-121.206,38.4799
384799N1212061W001,1445054,1996-11-08T00:00:00Z,103.39,102.39,0,85.8,17.59,85.8,84.8,NA,Unknown,Water level accuracy is unknown,1,Department of Water Resources,NA,624,Bureau of Reclamation,NA,NA,27860,07N07E09A001M,NA,Unknown,Unknown,5-021.65,South American,Sacramento,NA,Unknown,Unknown,NA,1993-10-08 - 1999-04-01,12,fall,79.6,87,NA,NA,1997,20.22,4.39,25.42,10.82,Wet,SAC,1996-10-01T00:00:00Z,1997-10-01T00:00:00Z,-121.206,38.4799
384799N1212061W001,1445053,1996-04-09T00:00:00Z,103.39,102.39,0,80.8,22.59,80.8,79.8,NA,Unknown,Water level accuracy is unknown,1,Department of Water Resources,NA,624,Bureau of Reclamation,NA,NA,27860,07N07E09A001M,NA,Unknown,Unknown,5-021.65,South American,Sacramento,NA,Unknown,Unknown,NA,1993-10-08 - 1999-04-01,12,spring,NA,NA,76.3,83,1996,13.05,8.37,22.29,10.26,Wet,SAC,1995-10-01T00:00:00Z,1996-10-01T00:00:00Z,-121.206,38.4799
384799N1212061W001,1445052,1995-10-18T00:00:00Z,103.39,102.39,0,88,15.39,88,87,NA,Unknown,Water level accuracy is unknown,1,Department of Water Resources,NA,624,Bureau of Reclamation,NA,NA,27860,07N07E09A001M,NA,Unknown,Unknown,5-021.65,South American,Sacramento,NA,Unknown,Unknown,NA,1993-10-08 - 1999-04-01,12,fall,79.6,87,NA,NA,1996,13.05,8.37,22.29,10.26,Wet,SAC,1995-10-01T00:00:00Z,1996-10-01T00:00:00Z,-121.206,38.4799
384799N1212061W001,1445051,1995-04-17T00:00:00Z,103.39,102.39,0,84,19.39,84,83,NA,Unknown,Water level accuracy is unknown,1,Department of Water Resources,NA,624,Bureau of Reclamation,NA,NA,27860,07N07E09A001M,NA,Unknown,Unknown,5-021.65,South American,Sacramento,NA,Unknown,Unknown,NA,1993-10-08 - 1999-04-01,12,spring,NA,NA,76.3,83,1995,19.83,13.6,34.55,12.89,Wet,SAC,1994-10-01T00:00:00Z,1995-10-01T00:00:00Z,-121.206,38.4799
384799N1212061W001,1445050,1994-10-12T00:00:00Z,103.39,102.39,0,84.1,19.29,84.1,83.1,Pumped recently,Unknown,Water level accuracy is unknown,1,Department of Water Resources,NA,624,Bureau of Reclamation,NA,NA,27860,07N07E09A001M,NA,Unknown,Unknown,5-021.65,South American,Sacramento,NA,Unknown,Unknown,NA,1993-10-08 - 1999-04-01,12,fall,79.6,87,NA,NA,1995,19.83,13.6,34.55,12.89,Wet,SAC,1994-10-01T00:00:00Z,1995-10-01T00:00:00Z,-121.206,38.4799
384799N1212061W001,1445049,1994-03-15T00:00:00Z,103.39,102.39,0,77.3,26.09,77.3,76.3,Pumped recently,Unknown,Water level accuracy is unknown,1,Department of Water Resources,NA,624,Bureau of Reclamation,NA,NA,27860,07N07E09A001M,NA,Unknown,Unknown,5-021.65,South American,Sacramento,NA,Unknown,Unknown,NA,1993-10-08 - 1999-04-01,12,spring,NA,NA,76.3,83,1994,4.55,2.73,7.81,5.02,Critical,SAC,1993-10-01T00:00:00Z,1994-10-01T00:00:00Z,-121.206,38.4799
384799N1212061W001,1445048,1993-10-08T00:00:00Z,103.39,102.39,0,80.6,22.79,80.6,79.6,NA,Unknown,Water level accuracy is unknown,1,Department of Water Resources,NA,624,Bureau of Reclamation,NA,NA,27860,07N07E09A001M,NA,Unknown,Unknown,5-021.65,South American,Sacramento,NA,Unknown,Unknown,NA,1993-10-08 - 1999-04-01,12,fall,79.6,87,NA,NA,1994,4.55,2.73,7.81,5.02,Critical,SAC,1993-10-01T00:00:00Z,1994-10-01T00:00:00Z,-121.206,38.4799
