SITE_CODE,WLM_ID,MSMT_DATE,WLM_RPE,WLM_GSE,RDNG_WS,RDNG_RP,WSE,RPE_WSE,GSE_WSE,WLM_QA_DESC,WLM_DESC,WLM_ACC_DESC,WLM_ORG_ID,WLM_ORG_NAME,MSMT_CMT,COOP_AGENCY_ORG_ID,COOP_ORG_NAME,TOP_PRF,BOT_PRF,STN_ID,SWN,WELL_NAME,WLM_METHOD,WLM_ACC,BASIN_CODE,BASIN_NAME,COUNTY_NAME,WELL_DEPTH,WELL_USE,WELL_TYPE,WCR_NO,t_range,n_samples,season,fall_high,fall_low,spring_high,spring_low,water_year,Oct.Mar,Apr.Jul,WYsum,Index,water_year_type,region,water_year_start,water_year_end,X,Y
384798N1212614W001,2482795,2019-10-08T00:00:00Z,117.9,117.4,0.2,140,-21.9,139.8,139.3,Oil or foreign substance in casing,Steel tape measurement,Water level accuracy to nearest tenth of a foot,5050,Sacramento Central Groundwater Authority,Oil,5050,Sacramento Central Groundwater Authority,NA,NA,4777,07N06E12A001M,SCGA #6,Unknown,Unknown,5-021.65,South American,Sacramento,340,Irrigation,Single Well,62,1950-04-06 - 2020-04-15,145,fall,68,164.2,NA,NA,2019,13.11,10.66,24.77,10.34,Wet,SAC,2019-10-01T00:00:00Z,2020-10-01T00:00:00Z,-121.261,38.4798
384798N1212614W001,2454897,2019-04-11T00:00:00Z,117.9,117.4,3.5,136,-14.6,132.5,132,Oil or foreign substance in casing,Steel tape measurement,Water level accuracy to nearest tenth of a foot,5050,Sacramento Central Groundwater Authority,Oil in casing.,5050,Sacramento Central Groundwater Authority,NA,NA,4777,07N06E12A001M,SCGA #6,Unknown,Unknown,5-021.65,South American,Sacramento,340,Irrigation,Single Well,62,1950-04-06 - 2020-04-15,145,spring,NA,NA,65,140.3,2018,7.09,5.05,12.86,7.14,Below Normal,SAC,2018-10-01T00:00:00Z,2019-10-01T00:00:00Z,-121.261,38.4798
384798N1212614W001,2413063,2018-10-10T00:00:00Z,117.9,117.4,8.4,165,-38.7,156.6,156.1,NA,Steel tape measurement,Water level accuracy to nearest tenth of a foot,5050,Sacramento Central Groundwater Authority,NA,5050,Sacramento Central Groundwater Authority,NA,NA,4777,07N06E12A001M,SCGA #6,Unknown,Unknown,5-021.65,South American,Sacramento,340,Irrigation,Single Well,62,1950-04-06 - 2020-04-15,145,fall,68,164.2,NA,NA,2018,7.09,5.05,12.86,7.14,Below Normal,SAC,2018-10-01T00:00:00Z,2019-10-01T00:00:00Z,-121.261,38.4798
384798N1212614W001,2305643,2018-04-17T00:00:00Z,117.9,117.4,2,135,-15.1,133,132.5,NA,Steel tape measurement,Water level accuracy to nearest tenth of a foot,5050,Sacramento Central Groundwater Authority,NA,5050,Sacramento Central Groundwater Authority,NA,NA,4777,07N06E12A001M,SCGA #6,Unknown,Unknown,5-021.65,South American,Sacramento,340,Irrigation,Single Well,62,1950-04-06 - 2020-04-15,145,spring,NA,NA,65,140.3,2017,26.17,10.69,37.82,14.14,Wet,SAC,2017-10-01T00:00:00Z,2018-10-01T00:00:00Z,-121.261,38.4798
384798N1212614W001,2278920,2017-10-12T00:00:00Z,117.9,117.4,3.3,150,-28.8,146.7,146.2,NA,Steel tape measurement,Water level accuracy to nearest tenth of a foot,5050,Sacramento Central Groundwater Authority,NA,5050,Sacramento Central Groundwater Authority,NA,NA,4777,07N06E12A001M,SCGA #6,Unknown,Unknown,5-021.65,South American,Sacramento,340,Irrigation,Single Well,62,1950-04-06 - 2020-04-15,145,fall,68,164.2,NA,NA,2017,26.17,10.69,37.82,14.14,Wet,SAC,2017-10-01T00:00:00Z,2018-10-01T00:00:00Z,-121.261,38.4798
384798N1212614W001,2252853,2017-04-26T00:00:00Z,117.9,117.4,2.3,140,-19.8,137.7,137.2,NA,Steel tape measurement,Water level accuracy to nearest tenth of a foot,5050,Sacramento Central Groundwater Authority,NA,5050,Sacramento Central Groundwater Authority,NA,NA,4777,07N06E12A001M,SCGA #6,Unknown,Unknown,5-021.65,South American,Sacramento,340,Irrigation,Single Well,62,1950-04-06 - 2020-04-15,145,spring,NA,NA,65,140.3,2016,12.24,4.6,17.48,6.71,Below Normal,SAC,2016-10-01T00:00:00Z,2017-10-01T00:00:00Z,-121.261,38.4798
384798N1212614W001,2252852,2016-10-20T00:00:00Z,117.9,117.4,0.8,161,-42.3,160.2,159.7,NA,Steel tape measurement,Water level accuracy to nearest tenth of a foot,5050,Sacramento Central Groundwater Authority,NA,5050,Sacramento Central Groundwater Authority,NA,NA,4777,07N06E12A001M,SCGA #6,Unknown,Unknown,5-021.65,South American,Sacramento,340,Irrigation,Single Well,62,1950-04-06 - 2020-04-15,145,fall,68,164.2,NA,NA,2016,12.24,4.6,17.48,6.71,Below Normal,SAC,2016-10-01T00:00:00Z,2017-10-01T00:00:00Z,-121.261,38.4798
384798N1212614W001,2205434,2016-05-09T00:00:00Z,117.9,117.4,3.3,143,-21.8,139.7,139.2,NA,Steel tape measurement,Water level accuracy to nearest tenth of a foot,5050,Sacramento Central Groundwater Authority,NA,5050,Sacramento Central Groundwater Authority,NA,NA,4777,07N06E12A001M,SCGA #6,Unknown,Unknown,5-021.65,South American,Sacramento,340,Irrigation,Single Well,62,1950-04-06 - 2020-04-15,145,spring,NA,NA,65,140.3,2015,6.91,1.77,9.23,4,Critical,SAC,2015-10-01T00:00:00Z,2016-10-01T00:00:00Z,-121.261,38.4798
384798N1212614W001,2185727,2015-10-19T00:00:00Z,117.9,117.4,2.4,150,-29.7,147.6,147.1,Oil or foreign substance in casing,Steel tape measurement,Water level accuracy to nearest tenth of a foot,5050,Sacramento Central Groundwater Authority,NA,5050,Sacramento Central Groundwater Authority,NA,NA,4777,07N06E12A001M,SCGA #6,Unknown,Unknown,5-021.65,South American,Sacramento,340,Irrigation,Single Well,62,1950-04-06 - 2020-04-15,145,fall,68,164.2,NA,NA,2015,6.91,1.77,9.23,4,Critical,SAC,2015-10-01T00:00:00Z,2016-10-01T00:00:00Z,-121.261,38.4798
384798N1212614W001,2137246,2015-04-15T00:00:00Z,117.9,117.4,5.2,146,-22.9,140.8,140.3,Oil or foreign substance in casing,Steel tape measurement,Water level accuracy to nearest tenth of a foot,5050,Sacramento Central Groundwater Authority,NA,5050,Sacramento Central Groundwater Authority,NA,NA,4777,07N06E12A001M,SCGA #6,Unknown,Unknown,5-021.65,South American,Sacramento,340,Irrigation,Single Well,62,1950-04-06 - 2020-04-15,145,spring,NA,NA,65,140.3,2014,4.29,2.59,7.46,4.07,Critical,SAC,2014-10-01T00:00:00Z,2015-10-01T00:00:00Z,-121.261,38.4798
384798N1212614W001,2137245,2014-10-20T00:00:00Z,117.9,117.4,2.7,150,-29.4,147.3,146.8,Oil or foreign substance in casing,Steel tape measurement,Water level accuracy to nearest tenth of a foot,5050,Sacramento Central Groundwater Authority,NA,5050,Sacramento Central Groundwater Authority,NA,NA,4777,07N06E12A001M,SCGA #6,Unknown,Unknown,5-021.65,South American,Sacramento,340,Irrigation,Single Well,62,1950-04-06 - 2020-04-15,145,fall,68,164.2,NA,NA,2014,4.29,2.59,7.46,4.07,Critical,SAC,2014-10-01T00:00:00Z,2015-10-01T00:00:00Z,-121.261,38.4798
384798N1212614W001,1905174,2014-04-17T00:00:00Z,117.9,117.4,2.7,140,-19.4,137.3,136.8,Oil or foreign substance in casing,Steel tape measurement,Water level accuracy to nearest tenth of a foot,5050,Sacramento Central Groundwater Authority,NA,5050,Sacramento Central Groundwater Authority,NA,NA,4777,07N06E12A001M,SCGA #6,Unknown,Unknown,5-021.65,South American,Sacramento,340,Irrigation,Single Well,62,1950-04-06 - 2020-04-15,145,spring,NA,NA,65,140.3,2013,8.52,3.01,12.19,5.83,Dry,SAC,2013-10-01T00:00:00Z,2014-10-01T00:00:00Z,-121.261,38.4798
384798N1212614W001,1905173,2013-10-22T00:00:00Z,117.9,117.4,2.1,145,-25,142.9,142.4,Oil or foreign substance in casing,Steel tape measurement,Water level accuracy to nearest tenth of a foot,5050,Sacramento Central Groundwater Authority,NA,5050,Sacramento Central Groundwater Authority,NA,NA,4777,07N06E12A001M,SCGA #6,Unknown,Unknown,5-021.65,South American,Sacramento,340,Irrigation,Single Well,62,1950-04-06 - 2020-04-15,145,fall,68,164.2,NA,NA,2013,8.52,3.01,12.19,5.83,Dry,SAC,2013-10-01T00:00:00Z,2014-10-01T00:00:00Z,-121.261,38.4798
384798N1212614W001,1704782,2013-04-17T00:00:00Z,117.9,117.4,4.5,139,-16.6,134.5,134,Oil or foreign substance in casing,Steel tape measurement,Water level accuracy to nearest tenth of a foot,5050,Sacramento Central Groundwater Authority,NA,5050,Sacramento Central Groundwater Authority,NA,NA,4777,07N06E12A001M,SCGA #6,Unknown,Unknown,5-021.65,South American,Sacramento,340,Irrigation,Single Well,62,1950-04-06 - 2020-04-15,145,spring,NA,NA,65,140.3,2012,5.69,5.46,11.84,6.89,Below Normal,SAC,2012-10-01T00:00:00Z,2013-10-01T00:00:00Z,-121.261,38.4798
384798N1212614W001,1704781,2012-10-30T00:00:00Z,117.9,117.4,4.3,146,-23.8,141.7,141.2,Oil or foreign substance in casing,Steel tape measurement,Water level accuracy to nearest tenth of a foot,5050,Sacramento Central Groundwater Authority,NA,5050,Sacramento Central Groundwater Authority,NA,NA,4777,07N06E12A001M,SCGA #6,Unknown,Unknown,5-021.65,South American,Sacramento,340,Irrigation,Single Well,62,1950-04-06 - 2020-04-15,145,fall,68,164.2,NA,NA,2012,5.69,5.46,11.84,6.89,Below Normal,SAC,2012-10-01T00:00:00Z,2013-10-01T00:00:00Z,-121.261,38.4798
384798N1212614W001,61310,2012-04-19T00:00:00Z,117.9,117.4,5.2,142,-18.9,136.8,136.3,Oil or foreign substance in casing,Steel tape measurement,Water level accuracy to nearest tenth of a foot,5050,Sacramento Central Groundwater Authority,NA,5050,Sacramento Central Groundwater Authority,NA,NA,4777,07N06E12A001M,SCGA #6,Unknown,Unknown,5-021.65,South American,Sacramento,340,Irrigation,Single Well,62,1950-04-06 - 2020-04-15,145,spring,NA,NA,65,140.3,2011,12.68,11.53,25.21,10.54,Wet,SAC,2011-10-01T00:00:00Z,2012-10-01T00:00:00Z,-121.261,38.4798
384798N1212614W001,21360,2011-10-19T00:00:00Z,117.9,117.4,6,150,-26.1,144,143.5,NA,Steel tape measurement,Water level accuracy to nearest tenth of a foot,5050,Sacramento Central Groundwater Authority,NA,5050,Sacramento Central Groundwater Authority,NA,NA,4777,07N06E12A001M,SCGA #6,Unknown,Unknown,5-021.65,South American,Sacramento,340,Irrigation,Single Well,62,1950-04-06 - 2020-04-15,145,fall,68,164.2,NA,NA,2011,12.68,11.53,25.21,10.54,Wet,SAC,2011-10-01T00:00:00Z,2012-10-01T00:00:00Z,-121.261,38.4798
384798N1212614W001,68596,2011-04-12T00:00:00Z,117.9,117.4,4.6,145,-22.5,140.4,139.9,NA,Steel tape measurement,Water level accuracy to nearest tenth of a foot,5050,Sacramento Central Groundwater Authority,NA,5050,Sacramento Central Groundwater Authority,NA,NA,4777,07N06E12A001M,SCGA #6,Unknown,Unknown,5-021.65,South American,Sacramento,340,Irrigation,Single Well,62,1950-04-06 - 2020-04-15,145,spring,NA,NA,65,140.3,2010,7.45,7.78,16.01,7.08,Below Normal,SAC,2010-10-01T00:00:00Z,2011-10-01T00:00:00Z,-121.261,38.4798
384798N1212614W001,1443821,2010-04-22T00:00:00Z,117.9,117.4,0,140.3,-22.4,140.3,139.8,Oil or foreign substance in casing,Unknown,Water level accuracy is unknown,1,Department of Water Resources,NA,323,Sacramento County,NA,NA,4777,07N06E12A001M,SCGA #6,Unknown,Unknown,5-021.65,South American,Sacramento,340,Irrigation,Single Well,62,1950-04-06 - 2020-04-15,145,spring,NA,NA,65,140.3,2009,7.05,5.3,13.02,5.78,Dry,SAC,2009-10-01T00:00:00Z,2010-10-01T00:00:00Z,-121.261,38.4798
384798N1212614W001,1443820,2009-10-22T00:00:00Z,117.9,117.4,0,141.7,-23.8,141.7,141.2,Oil or foreign substance in casing,Unknown,Water level accuracy is unknown,1,Department of Water Resources,NA,323,Sacramento County,NA,NA,4777,07N06E12A001M,SCGA #6,Unknown,Unknown,5-021.65,South American,Sacramento,340,Irrigation,Single Well,62,1950-04-06 - 2020-04-15,145,fall,68,164.2,NA,NA,2009,7.05,5.3,13.02,5.78,Dry,SAC,2009-10-01T00:00:00Z,2010-10-01T00:00:00Z,-121.261,38.4798
384798N1212614W001,1443819,2009-04-28T00:00:00Z,117.9,117.4,0,140.3,-22.4,140.3,139.8,NA,Unknown,Water level accuracy is unknown,1,Department of Water Resources,OIL IN CASING,323,Sacramento County,NA,NA,4777,07N06E12A001M,SCGA #6,Unknown,Unknown,5-021.65,South American,Sacramento,340,Irrigation,Single Well,62,1950-04-06 - 2020-04-15,145,spring,NA,NA,65,140.3,2008,5.9,3.82,10.28,5.16,Critical,SAC,2008-10-01T00:00:00Z,2009-10-01T00:00:00Z,-121.261,38.4798
384798N1212614W001,1443818,2008-10-15T00:00:00Z,117.9,117.4,0,140.7,-22.8,140.7,140.2,Oil or foreign substance in casing,Unknown,Water level accuracy is unknown,1,Department of Water Resources,NA,323,Sacramento County,NA,NA,4777,07N06E12A001M,SCGA #6,Unknown,Unknown,5-021.65,South American,Sacramento,340,Irrigation,Single Well,62,1950-04-06 - 2020-04-15,145,fall,68,164.2,NA,NA,2008,5.9,3.82,10.28,5.16,Critical,SAC,2008-10-01T00:00:00Z,2009-10-01T00:00:00Z,-121.261,38.4798
384798N1212614W001,1443816,2007-10-29T00:00:00Z,117.9,117.4,0,135.3,-17.4,135.3,134.8,Oil or foreign substance in casing,Unknown,Water level accuracy is unknown,1,Department of Water Resources,NA,323,Sacramento County,NA,NA,4777,07N06E12A001M,SCGA #6,Unknown,Unknown,5-021.65,South American,Sacramento,340,Irrigation,Single Well,62,1950-04-06 - 2020-04-15,145,fall,68,164.2,NA,NA,2007,6.59,3.04,10.28,6.19,Dry,SAC,2007-10-01T00:00:00Z,2008-10-01T00:00:00Z,-121.261,38.4798
384798N1212614W001,1443815,2007-04-26T00:00:00Z,117.9,117.4,0,125.6,-7.7,125.6,125.1,NA,Unknown,Water level accuracy is unknown,1,Department of Water Resources,NO OIL IN CASING,323,Sacramento County,NA,NA,4777,07N06E12A001M,SCGA #6,Unknown,Unknown,5-021.65,South American,Sacramento,340,Irrigation,Single Well,62,1950-04-06 - 2020-04-15,145,spring,NA,NA,65,140.3,2006,18.06,13.09,32.09,13.2,Wet,SAC,2006-10-01T00:00:00Z,2007-10-01T00:00:00Z,-121.261,38.4798
384798N1212614W001,1443814,2006-10-13T00:00:00Z,117.9,117.4,0,136.6,-18.7,136.6,136.1,Oil or foreign substance in casing,Unknown,Water level accuracy is unknown,1,Department of Water Resources,NA,323,Sacramento County,NA,NA,4777,07N06E12A001M,SCGA #6,Unknown,Unknown,5-021.65,South American,Sacramento,340,Irrigation,Single Well,62,1950-04-06 - 2020-04-15,145,fall,68,164.2,NA,NA,2006,18.06,13.09,32.09,13.2,Wet,SAC,2006-10-01T00:00:00Z,2007-10-01T00:00:00Z,-121.261,38.4798
384798N1212614W001,1443813,2006-04-26T00:00:00Z,117.9,117.4,0,122.7,-4.8,122.7,122.2,NA,Unknown,Water level accuracy is unknown,1,Department of Water Resources,NO OIL IN CASING,323,Sacramento County,NA,NA,4777,07N06E12A001M,SCGA #6,Unknown,Unknown,5-021.65,South American,Sacramento,340,Irrigation,Single Well,62,1950-04-06 - 2020-04-15,145,spring,NA,NA,65,140.3,2005,8.4,9.28,18.55,8.49,Above Normal,SAC,2005-10-01T00:00:00Z,2006-10-01T00:00:00Z,-121.261,38.4798
384798N1212614W001,1443812,2005-10-25T00:00:00Z,117.9,117.4,0,133,-15.1,133,132.5,NA,Unknown,Water level accuracy is unknown,1,Department of Water Resources,NO OIL IN CASING,323,Sacramento County,NA,NA,4777,07N06E12A001M,SCGA #6,Unknown,Unknown,5-021.65,South American,Sacramento,340,Irrigation,Single Well,62,1950-04-06 - 2020-04-15,145,fall,68,164.2,NA,NA,2005,8.4,9.28,18.55,8.49,Above Normal,SAC,2005-10-01T00:00:00Z,2006-10-01T00:00:00Z,-121.261,38.4798
384798N1212614W001,1443811,2005-04-22T00:00:00Z,117.9,117.4,0,123,-5.1,123,122.5,NA,Unknown,Water level accuracy is unknown,1,Department of Water Resources,NO OIL IN CASING,323,Sacramento County,NA,NA,4777,07N06E12A001M,SCGA #6,Unknown,Unknown,5-021.65,South American,Sacramento,340,Irrigation,Single Well,62,1950-04-06 - 2020-04-15,145,spring,NA,NA,65,140.3,2004,10.95,4.4,16.04,7.51,Below Normal,SAC,2004-10-01T00:00:00Z,2005-10-01T00:00:00Z,-121.261,38.4798
384798N1212614W001,1443810,2004-10-22T00:00:00Z,117.9,117.4,0,132.9,-15,132.9,132.4,NA,Unknown,Water level accuracy is unknown,1,Department of Water Resources,NO OIL IN CASING,323,Sacramento County,NA,NA,4777,07N06E12A001M,SCGA #6,Unknown,Unknown,5-021.65,South American,Sacramento,340,Irrigation,Single Well,62,1950-04-06 - 2020-04-15,145,fall,68,164.2,NA,NA,2004,10.95,4.4,16.04,7.51,Below Normal,SAC,2004-10-01T00:00:00Z,2005-10-01T00:00:00Z,-121.261,38.4798
384798N1212614W001,1443809,2004-04-15T00:00:00Z,117.9,117.4,0,127.1,-9.2,127.1,126.6,Oil or foreign substance in casing,Unknown,Water level accuracy is unknown,1,Department of Water Resources,NA,323,Sacramento County,NA,NA,4777,07N06E12A001M,SCGA #6,Unknown,Unknown,5-021.65,South American,Sacramento,340,Irrigation,Single Well,62,1950-04-06 - 2020-04-15,145,spring,NA,NA,65,140.3,2003,10.71,7.74,19.31,8.21,Above Normal,SAC,2003-10-01T00:00:00Z,2004-10-01T00:00:00Z,-121.261,38.4798
384798N1212614W001,1443808,2003-10-24T00:00:00Z,117.9,117.4,0,134.4,-16.5,134.4,133.9,Oil or foreign substance in casing,Unknown,Water level accuracy is unknown,1,Department of Water Resources,NA,323,Sacramento County,NA,NA,4777,07N06E12A001M,SCGA #6,Unknown,Unknown,5-021.65,South American,Sacramento,340,Irrigation,Single Well,62,1950-04-06 - 2020-04-15,145,fall,68,164.2,NA,NA,2003,10.71,7.74,19.31,8.21,Above Normal,SAC,2003-10-01T00:00:00Z,2004-10-01T00:00:00Z,-121.261,38.4798
384798N1212614W001,1443802,2003-04-30T00:00:00Z,117.9,117.4,0,127.2,-9.3,127.2,126.7,Oil or foreign substance in casing,Unknown,Water level accuracy is unknown,1,Department of Water Resources,NA,323,Sacramento County,NA,NA,4777,07N06E12A001M,SCGA #6,Unknown,Unknown,5-021.65,South American,Sacramento,340,Irrigation,Single Well,62,1950-04-06 - 2020-04-15,145,spring,NA,NA,65,140.3,2002,9.32,4.57,14.6,6.35,Dry,SAC,2002-10-01T00:00:00Z,2003-10-01T00:00:00Z,-121.261,38.4798
384798N1212614W001,1443804,2002-11-04T00:00:00Z,117.9,117.4,0,127.6,-9.7,127.6,127.1,NA,Unknown,Water level accuracy is unknown,1,Department of Water Resources,NA,323,Sacramento County,NA,NA,4777,07N06E12A001M,SCGA #6,Unknown,Unknown,5-021.65,South American,Sacramento,340,Irrigation,Single Well,62,1950-04-06 - 2020-04-15,145,fall,68,164.2,NA,NA,2002,9.32,4.57,14.6,6.35,Dry,SAC,2002-10-01T00:00:00Z,2003-10-01T00:00:00Z,-121.261,38.4798
384798N1212614W001,1443806,2002-05-23T00:00:00Z,117.9,117.4,0,130.3,-12.4,130.3,129.8,Oil or foreign substance in casing,Unknown,Water level accuracy is unknown,1,Department of Water Resources,NA,323,Sacramento County,NA,NA,4777,07N06E12A001M,SCGA #6,Unknown,Unknown,5-021.65,South American,Sacramento,340,Irrigation,Single Well,62,1950-04-06 - 2020-04-15,145,spring,NA,NA,65,140.3,2001,5.64,3.46,9.81,5.76,Dry,SAC,2001-10-01T00:00:00Z,2002-10-01T00:00:00Z,-121.261,38.4798
384798N1212614W001,1443803,2001-09-26T00:00:00Z,117.9,117.4,0,127.5,-9.6,127.5,127,Oil or foreign substance in casing,Unknown,Water level accuracy is unknown,1,Department of Water Resources,NA,323,Sacramento County,NA,NA,4777,07N06E12A001M,SCGA #6,Unknown,Unknown,5-021.65,South American,Sacramento,340,Irrigation,Single Well,62,1950-04-06 - 2020-04-15,145,fall,68,164.2,NA,NA,2000,12.06,5.96,18.9,8.94,Above Normal,SAC,2000-10-01T00:00:00Z,2001-10-01T00:00:00Z,-121.261,38.4798
384798N1212614W001,1443805,2001-04-20T00:00:00Z,117.9,117.4,0,118.4,-0.5,118.4,117.9,Oil or foreign substance in casing,Unknown,Water level accuracy is unknown,1,Department of Water Resources,NA,323,Sacramento County,NA,NA,4777,07N06E12A001M,SCGA #6,Unknown,Unknown,5-021.65,South American,Sacramento,340,Irrigation,Single Well,62,1950-04-06 - 2020-04-15,145,spring,NA,NA,65,140.3,2000,12.06,5.96,18.9,8.94,Above Normal,SAC,2000-10-01T00:00:00Z,2001-10-01T00:00:00Z,-121.261,38.4798
384798N1212614W001,1443807,2000-09-28T00:00:00Z,117.9,117.4,0,123.8,-5.9,123.8,123.3,Oil or foreign substance in casing,Unknown,Water level accuracy is unknown,1,Department of Water Resources,NA,323,Sacramento County,NA,NA,4777,07N06E12A001M,SCGA #6,Unknown,Unknown,5-021.65,South American,Sacramento,340,Irrigation,Single Well,62,1950-04-06 - 2020-04-15,145,fall,68,164.2,NA,NA,1999,12.97,7.26,21.19,9.8,Wet,SAC,1999-10-01T00:00:00Z,2000-10-01T00:00:00Z,-121.261,38.4798
384798N1212614W001,1443798,2000-04-26T00:00:00Z,117.9,117.4,0,114.5,3.4,114.5,114,NA,Unknown,Water level accuracy is unknown,1,Department of Water Resources,NA,323,Sacramento County,NA,NA,4777,07N06E12A001M,SCGA #6,Unknown,Unknown,5-021.65,South American,Sacramento,340,Irrigation,Single Well,62,1950-04-06 - 2020-04-15,145,spring,NA,NA,65,140.3,1999,12.97,7.26,21.19,9.8,Wet,SAC,1999-10-01T00:00:00Z,2000-10-01T00:00:00Z,-121.261,38.4798
384798N1212614W001,1443796,1999-10-12T00:00:00Z,117.9,117.4,0,164.7,-46.8,164.7,164.2,Oil or foreign substance in casing,Unknown,Water level accuracy is unknown,1,Department of Water Resources,1ft.standingoil,323,Sacramento County,NA,NA,4777,07N06E12A001M,SCGA #6,Unknown,Unknown,5-021.65,South American,Sacramento,340,Irrigation,Single Well,62,1950-04-06 - 2020-04-15,145,fall,68,164.2,NA,NA,1999,12.97,7.26,21.19,9.8,Wet,SAC,1999-10-01T00:00:00Z,2000-10-01T00:00:00Z,-121.261,38.4798
384798N1212614W001,1443797,1999-04-12T00:00:00Z,117.9,117.4,0,112.9,5,112.9,112.4,Oil or foreign substance in casing,Unknown,Water level accuracy is unknown,1,Department of Water Resources,1ft.standingoil,323,Sacramento County,NA,NA,4777,07N06E12A001M,SCGA #6,Unknown,Unknown,5-021.65,South American,Sacramento,340,Irrigation,Single Well,62,1950-04-06 - 2020-04-15,145,spring,NA,NA,65,140.3,1998,17.65,12.54,31.4,13.31,Wet,SAC,1998-10-01T00:00:00Z,1999-10-01T00:00:00Z,-121.261,38.4798
384798N1212614W001,1443696,1998-10-06T00:00:00Z,117.9,117.4,0,123.2,-5.3,123.2,122.7,Oil or foreign substance in casing,Unknown,Water level accuracy is unknown,1,Department of Water Resources,1 FT. STANDING OIL,323,Sacramento County,NA,NA,4777,07N06E12A001M,SCGA #6,Unknown,Unknown,5-021.65,South American,Sacramento,340,Irrigation,Single Well,62,1950-04-06 - 2020-04-15,145,fall,68,164.2,NA,NA,1998,17.65,12.54,31.4,13.31,Wet,SAC,1998-10-01T00:00:00Z,1999-10-01T00:00:00Z,-121.261,38.4798
384798N1212614W001,1443801,1998-04-06T00:00:00Z,117.9,117.4,0,115.9,2,115.9,115.4,Oil or foreign substance in casing,Unknown,Water level accuracy is unknown,1,Department of Water Resources,1 FT. STANDING OIL,323,Sacramento County,NA,NA,4777,07N06E12A001M,SCGA #6,Unknown,Unknown,5-021.65,South American,Sacramento,340,Irrigation,Single Well,62,1950-04-06 - 2020-04-15,145,spring,NA,NA,65,140.3,1997,20.22,4.39,25.42,10.82,Wet,SAC,1997-10-01T00:00:00Z,1998-10-01T00:00:00Z,-121.261,38.4798
384798N1212614W001,1443799,1997-10-22T00:00:00Z,117.9,117.4,0,127.7,-9.8,127.7,127.2,Oil or foreign substance in casing,Unknown,Water level accuracy is unknown,1,Department of Water Resources,1 FT STANDING OIL,323,Sacramento County,NA,NA,4777,07N06E12A001M,SCGA #6,Unknown,Unknown,5-021.65,South American,Sacramento,340,Irrigation,Single Well,62,1950-04-06 - 2020-04-15,145,fall,68,164.2,NA,NA,1997,20.22,4.39,25.42,10.82,Wet,SAC,1997-10-01T00:00:00Z,1998-10-01T00:00:00Z,-121.261,38.4798
384798N1212614W001,1443800,1997-04-11T00:00:00Z,117.9,117.4,0,120.6,-2.7,120.6,120.1,Oil or foreign substance in casing,Unknown,Water level accuracy is unknown,1,Department of Water Resources,1 FEET STANDING OIL,323,Sacramento County,NA,NA,4777,07N06E12A001M,SCGA #6,Unknown,Unknown,5-021.65,South American,Sacramento,340,Irrigation,Single Well,62,1950-04-06 - 2020-04-15,145,spring,NA,NA,65,140.3,1996,13.05,8.37,22.29,10.26,Wet,SAC,1996-10-01T00:00:00Z,1997-10-01T00:00:00Z,-121.261,38.4798
384798N1212614W001,1443795,1996-10-25T00:00:00Z,117.9,117.4,0,126.9,-9,126.9,126.4,NA,Unknown,Water level accuracy is unknown,1,Department of Water Resources,NO OIL,323,Sacramento County,NA,NA,4777,07N06E12A001M,SCGA #6,Unknown,Unknown,5-021.65,South American,Sacramento,340,Irrigation,Single Well,62,1950-04-06 - 2020-04-15,145,fall,68,164.2,NA,NA,1996,13.05,8.37,22.29,10.26,Wet,SAC,1996-10-01T00:00:00Z,1997-10-01T00:00:00Z,-121.261,38.4798
384798N1212614W001,1443794,1996-04-02T00:00:00Z,117.9,117.4,0,120,-2.1,120,119.5,Oil or foreign substance in casing,Unknown,Water level accuracy is unknown,1,Department of Water Resources,1 FT STANDING OIL,323,Sacramento County,NA,NA,4777,07N06E12A001M,SCGA #6,Unknown,Unknown,5-021.65,South American,Sacramento,340,Irrigation,Single Well,62,1950-04-06 - 2020-04-15,145,spring,NA,NA,65,140.3,1995,19.83,13.6,34.55,12.89,Wet,SAC,1995-10-01T00:00:00Z,1996-10-01T00:00:00Z,-121.261,38.4798
384798N1212614W001,1443793,1995-10-04T00:00:00Z,117.9,117.4,0,132.6,-14.7,132.6,132.1,Oil or foreign substance in casing,Unknown,Water level accuracy is unknown,1,Department of Water Resources,NA,323,Sacramento County,NA,NA,4777,07N06E12A001M,SCGA #6,Unknown,Unknown,5-021.65,South American,Sacramento,340,Irrigation,Single Well,62,1950-04-06 - 2020-04-15,145,fall,68,164.2,NA,NA,1995,19.83,13.6,34.55,12.89,Wet,SAC,1995-10-01T00:00:00Z,1996-10-01T00:00:00Z,-121.261,38.4798
384798N1212614W001,1443792,1995-04-10T00:00:00Z,117.9,117.4,0,119.6,-1.7,119.6,119.1,Oil or foreign substance in casing,Unknown,Water level accuracy is unknown,1,Department of Water Resources,NA,323,Sacramento County,NA,NA,4777,07N06E12A001M,SCGA #6,Unknown,Unknown,5-021.65,South American,Sacramento,340,Irrigation,Single Well,62,1950-04-06 - 2020-04-15,145,spring,NA,NA,65,140.3,1994,4.55,2.73,7.81,5.02,Critical,SAC,1994-10-01T00:00:00Z,1995-10-01T00:00:00Z,-121.261,38.4798
384798N1212614W001,1443791,1994-10-27T00:00:00Z,117.9,117.4,0,128.2,-10.3,128.2,127.7,Oil or foreign substance in casing,Unknown,Water level accuracy is unknown,1,Department of Water Resources,NA,323,Sacramento County,NA,NA,4777,07N06E12A001M,SCGA #6,Unknown,Unknown,5-021.65,South American,Sacramento,340,Irrigation,Single Well,62,1950-04-06 - 2020-04-15,145,fall,68,164.2,NA,NA,1994,4.55,2.73,7.81,5.02,Critical,SAC,1994-10-01T00:00:00Z,1995-10-01T00:00:00Z,-121.261,38.4798
384798N1212614W001,1443790,1994-03-30T00:00:00Z,117.9,117.4,0,122.1,-4.2,122.1,121.6,Oil or foreign substance in casing,Unknown,Water level accuracy is unknown,1,Department of Water Resources,NA,323,Sacramento County,NA,NA,4777,07N06E12A001M,SCGA #6,Unknown,Unknown,5-021.65,South American,Sacramento,340,Irrigation,Single Well,62,1950-04-06 - 2020-04-15,145,spring,NA,NA,65,140.3,1993,12.44,8.98,22.21,8.54,Above Normal,SAC,1993-10-01T00:00:00Z,1994-10-01T00:00:00Z,-121.261,38.4798
384798N1212614W001,1443789,1993-10-04T00:00:00Z,117.9,117.4,0,132.6,-14.7,132.6,132.1,NA,Unknown,Water level accuracy is unknown,1,Department of Water Resources,NA,323,Sacramento County,NA,NA,4777,07N06E12A001M,SCGA #6,Unknown,Unknown,5-021.65,South American,Sacramento,340,Irrigation,Single Well,62,1950-04-06 - 2020-04-15,145,fall,68,164.2,NA,NA,1993,12.44,8.98,22.21,8.54,Above Normal,SAC,1993-10-01T00:00:00Z,1994-10-01T00:00:00Z,-121.261,38.4798
384798N1212614W001,1443788,1993-03-15T00:00:00Z,117.9,117.4,0,119,-1.1,119,118.5,Oil or foreign substance in casing,Unknown,Water level accuracy is unknown,1,Department of Water Resources,NA,323,Sacramento County,NA,NA,4777,07N06E12A001M,SCGA #6,Unknown,Unknown,5-021.65,South American,Sacramento,340,Irrigation,Single Well,62,1950-04-06 - 2020-04-15,145,spring,NA,NA,65,140.3,1992,5.41,2.93,8.87,4.06,Critical,SAC,1992-10-01T00:00:00Z,1993-10-01T00:00:00Z,-121.261,38.4798
384798N1212614W001,1443787,1992-10-08T00:00:00Z,117.9,117.4,0,116.9,1,116.9,116.4,Oil or foreign substance in casing,Unknown,Water level accuracy is unknown,1,Department of Water Resources,NA,323,Sacramento County,NA,NA,4777,07N06E12A001M,SCGA #6,Unknown,Unknown,5-021.65,South American,Sacramento,340,Irrigation,Single Well,62,1950-04-06 - 2020-04-15,145,fall,68,164.2,NA,NA,1992,5.41,2.93,8.87,4.06,Critical,SAC,1992-10-01T00:00:00Z,1993-10-01T00:00:00Z,-121.261,38.4798
384798N1212614W001,1443786,1992-04-02T00:00:00Z,117.9,117.4,0,116.8,1.1,116.8,116.3,Oil or foreign substance in casing,Unknown,Water level accuracy is unknown,1,Department of Water Resources,NA,323,Sacramento County,NA,NA,4777,07N06E12A001M,SCGA #6,Unknown,Unknown,5-021.65,South American,Sacramento,340,Irrigation,Single Well,62,1950-04-06 - 2020-04-15,145,spring,NA,NA,65,140.3,1991,3.9,4.01,8.44,4.21,Critical,SAC,1991-10-01T00:00:00Z,1992-10-01T00:00:00Z,-121.261,38.4798
384798N1212614W001,1443785,1991-10-10T00:00:00Z,117.9,117.4,0,126.8,-8.9,126.8,126.3,Oil or foreign substance in casing,Unknown,Water level accuracy is unknown,1,Department of Water Resources,NA,323,Sacramento County,NA,NA,4777,07N06E12A001M,SCGA #6,Unknown,Unknown,5-021.65,South American,Sacramento,340,Irrigation,Single Well,62,1950-04-06 - 2020-04-15,145,fall,68,164.2,NA,NA,1991,3.9,4.01,8.44,4.21,Critical,SAC,1991-10-01T00:00:00Z,1992-10-01T00:00:00Z,-121.261,38.4798
384798N1212614W001,1443784,1991-02-21T00:00:00Z,117.9,117.4,0,127,-9.1,127,126.5,Oil or foreign substance in casing,Unknown,Water level accuracy is unknown,1,Department of Water Resources,NA,323,Sacramento County,NA,NA,4777,07N06E12A001M,SCGA #6,Unknown,Unknown,5-021.65,South American,Sacramento,340,Irrigation,Single Well,62,1950-04-06 - 2020-04-15,145,other,NA,NA,NA,NA,1990,4.94,3.72,9.26,4.81,Critical,SAC,1990-10-01T00:00:00Z,1991-10-01T00:00:00Z,-121.261,38.4798
384798N1212614W001,1443783,1990-10-04T00:00:00Z,117.9,117.4,0,140,-22.1,140,139.5,Oil or foreign substance in casing,Unknown,Water level accuracy is unknown,1,Department of Water Resources,NA,323,Sacramento County,NA,NA,4777,07N06E12A001M,SCGA #6,Unknown,Unknown,5-021.65,South American,Sacramento,340,Irrigation,Single Well,62,1950-04-06 - 2020-04-15,145,fall,68,164.2,NA,NA,1990,4.94,3.72,9.26,4.81,Critical,SAC,1990-10-01T00:00:00Z,1991-10-01T00:00:00Z,-121.261,38.4798
384798N1212614W001,1443780,1987-10-07T00:00:00Z,117.9,117.4,0,133.5,-15.6,133.5,133,NA,Unknown,Water level accuracy is unknown,1,Department of Water Resources,NA,323,Sacramento County,NA,NA,4777,07N06E12A001M,SCGA #6,Unknown,Unknown,5-021.65,South American,Sacramento,340,Irrigation,Single Well,62,1950-04-06 - 2020-04-15,145,fall,68,164.2,NA,NA,1987,5.85,2.8,9.27,5.86,Dry,SAC,1987-10-01T00:00:00Z,1988-10-01T00:00:00Z,-121.261,38.4798
384798N1212614W001,1443779,1987-03-17T00:00:00Z,117.9,117.4,0,107.6,10.3,107.6,107.1,NA,Unknown,Water level accuracy is unknown,1,Department of Water Resources,NA,323,Sacramento County,NA,NA,4777,07N06E12A001M,SCGA #6,Unknown,Unknown,5-021.65,South American,Sacramento,340,Irrigation,Single Well,62,1950-04-06 - 2020-04-15,145,spring,NA,NA,65,140.3,1986,19.45,5.45,25.83,9.96,Wet,SAC,1986-10-01T00:00:00Z,1987-10-01T00:00:00Z,-121.261,38.4798
384798N1212614W001,1443778,1986-10-07T00:00:00Z,117.9,117.4,0,121.1,-3.2,121.1,120.6,NA,Unknown,Water level accuracy is unknown,1,Department of Water Resources,NA,323,Sacramento County,NA,NA,4777,07N06E12A001M,SCGA #6,Unknown,Unknown,5-021.65,South American,Sacramento,340,Irrigation,Single Well,62,1950-04-06 - 2020-04-15,145,fall,68,164.2,NA,NA,1986,19.45,5.45,25.83,9.96,Wet,SAC,1986-10-01T00:00:00Z,1987-10-01T00:00:00Z,-121.261,38.4798
384798N1212614W001,1443777,1986-03-18T00:00:00Z,117.9,117.4,0,107,10.9,107,106.5,NA,Unknown,Water level accuracy is unknown,1,Department of Water Resources,NA,323,Sacramento County,NA,NA,4777,07N06E12A001M,SCGA #6,Unknown,Unknown,5-021.65,South American,Sacramento,340,Irrigation,Single Well,62,1950-04-06 - 2020-04-15,145,spring,NA,NA,65,140.3,1985,6.24,4,11.04,6.47,Dry,SAC,1985-10-01T00:00:00Z,1986-10-01T00:00:00Z,-121.261,38.4798
384798N1212614W001,1443776,1985-10-16T00:00:00Z,117.9,117.4,0,126.5,-8.6,126.5,126,NA,Unknown,Water level accuracy is unknown,1,Department of Water Resources,NA,323,Sacramento County,NA,NA,4777,07N06E12A001M,SCGA #6,Unknown,Unknown,5-021.65,South American,Sacramento,340,Irrigation,Single Well,62,1950-04-06 - 2020-04-15,145,fall,68,164.2,NA,NA,1985,6.24,4,11.04,6.47,Dry,SAC,1985-10-01T00:00:00Z,1986-10-01T00:00:00Z,-121.261,38.4798
384798N1212614W001,1443775,1985-03-21T00:00:00Z,117.9,117.4,0,118,-0.1,118,117.5,NA,Unknown,Water level accuracy is unknown,1,Department of Water Resources,NA,323,Sacramento County,NA,NA,4777,07N06E12A001M,SCGA #6,Unknown,Unknown,5-021.65,South American,Sacramento,340,Irrigation,Single Well,62,1950-04-06 - 2020-04-15,145,spring,NA,NA,65,140.3,1984,15.98,5.52,22.35,10,Wet,SAC,1984-10-01T00:00:00Z,1985-10-01T00:00:00Z,-121.261,38.4798
384798N1212614W001,1443774,1984-10-16T00:00:00Z,117.9,117.4,0,120,-2.1,120,119.5,NA,Unknown,Water level accuracy is unknown,1,Department of Water Resources,NA,323,Sacramento County,NA,NA,4777,07N06E12A001M,SCGA #6,Unknown,Unknown,5-021.65,South American,Sacramento,340,Irrigation,Single Well,62,1950-04-06 - 2020-04-15,145,fall,68,164.2,NA,NA,1984,15.98,5.52,22.35,10,Wet,SAC,1984-10-01T00:00:00Z,1985-10-01T00:00:00Z,-121.261,38.4798
384798N1212614W001,1443773,1984-03-08T00:00:00Z,117.9,117.4,0,103.3,14.6,103.3,102.8,NA,Unknown,Water level accuracy is unknown,1,Department of Water Resources,NA,323,Sacramento County,NA,NA,4777,07N06E12A001M,SCGA #6,Unknown,Unknown,5-021.65,South American,Sacramento,340,Irrigation,Single Well,62,1950-04-06 - 2020-04-15,145,spring,NA,NA,65,140.3,1983,22.75,13.66,37.68,15.29,Wet,SAC,1983-10-01T00:00:00Z,1984-10-01T00:00:00Z,-121.261,38.4798
384798N1212614W001,1443772,1983-10-06T00:00:00Z,117.9,117.4,0,116,1.9,116,115.5,NA,Unknown,Water level accuracy is unknown,1,Department of Water Resources,NA,323,Sacramento County,NA,NA,4777,07N06E12A001M,SCGA #6,Unknown,Unknown,5-021.65,South American,Sacramento,340,Irrigation,Single Well,62,1950-04-06 - 2020-04-15,145,fall,68,164.2,NA,NA,1983,22.75,13.66,37.68,15.29,Wet,SAC,1983-10-01T00:00:00Z,1984-10-01T00:00:00Z,-121.261,38.4798
384798N1212614W001,1443771,1983-03-21T00:00:00Z,117.9,117.4,0,116.9,1,116.9,116.4,NA,Unknown,Water level accuracy is unknown,1,Department of Water Resources,NA,323,Sacramento County,NA,NA,4777,07N06E12A001M,SCGA #6,Unknown,Unknown,5-021.65,South American,Sacramento,340,Irrigation,Single Well,62,1950-04-06 - 2020-04-15,145,spring,NA,NA,65,140.3,1982,20.56,11.82,33.41,12.76,Wet,SAC,1982-10-01T00:00:00Z,1983-10-01T00:00:00Z,-121.261,38.4798
384798N1212614W001,1443770,1982-10-28T00:00:00Z,117.9,117.4,0,124.9,-7,124.9,124.4,NA,Unknown,Water level accuracy is unknown,1,Department of Water Resources,NA,323,Sacramento County,NA,NA,4777,07N06E12A001M,SCGA #6,Unknown,Unknown,5-021.65,South American,Sacramento,340,Irrigation,Single Well,62,1950-04-06 - 2020-04-15,145,fall,68,164.2,NA,NA,1982,20.56,11.82,33.41,12.76,Wet,SAC,1982-10-01T00:00:00Z,1983-10-01T00:00:00Z,-121.261,38.4798
384798N1212614W001,1443769,1981-10-19T00:00:00Z,117.9,117.4,0,124,-6.1,124,123.5,NA,Unknown,Water level accuracy is unknown,1,Department of Water Resources,NA,323,Sacramento County,NA,NA,4777,07N06E12A001M,SCGA #6,Unknown,Unknown,5-021.65,South American,Sacramento,340,Irrigation,Single Well,62,1950-04-06 - 2020-04-15,145,fall,68,164.2,NA,NA,1981,6.81,3.63,11.1,6.21,Dry,SAC,1981-10-01T00:00:00Z,1982-10-01T00:00:00Z,-121.261,38.4798
384798N1212614W001,1443768,1981-03-10T00:00:00Z,117.9,117.4,0,113,4.9,113,112.5,NA,Unknown,Water level accuracy is unknown,1,Department of Water Resources,NA,323,Sacramento County,NA,NA,4777,07N06E12A001M,SCGA #6,Unknown,Unknown,5-021.65,South American,Sacramento,340,Irrigation,Single Well,62,1950-04-06 - 2020-04-15,145,spring,NA,NA,65,140.3,1980,15.49,6,22.33,9.04,Above Normal,SAC,1980-10-01T00:00:00Z,1981-10-01T00:00:00Z,-121.261,38.4798
384798N1212614W001,1443767,1980-10-02T00:00:00Z,117.9,117.4,0,123,-5.1,123,122.5,NA,Unknown,Water level accuracy is unknown,1,Department of Water Resources,NA,323,Sacramento County,NA,NA,4777,07N06E12A001M,SCGA #6,Unknown,Unknown,5-021.65,South American,Sacramento,340,Irrigation,Single Well,62,1950-04-06 - 2020-04-15,145,fall,68,164.2,NA,NA,1980,15.49,6,22.33,9.04,Above Normal,SAC,1980-10-01T00:00:00Z,1981-10-01T00:00:00Z,-121.261,38.4798
384798N1212614W001,1443766,1980-03-11T00:00:00Z,117.9,117.4,0,109,8.9,109,108.5,NA,Unknown,Water level accuracy is unknown,1,Department of Water Resources,NA,323,Sacramento County,NA,NA,4777,07N06E12A001M,SCGA #6,Unknown,Unknown,5-021.65,South American,Sacramento,340,Irrigation,Single Well,62,1950-04-06 - 2020-04-15,145,spring,NA,NA,65,140.3,1979,6.06,5.64,12.41,6.67,Below Normal,SAC,1979-10-01T00:00:00Z,1980-10-01T00:00:00Z,-121.261,38.4798
384798N1212614W001,1443764,1979-03-13T00:00:00Z,117.9,117.4,0,108,9.9,108,107.5,NA,Unknown,Water level accuracy is unknown,1,Department of Water Resources,NA,323,Sacramento County,NA,NA,4777,07N06E12A001M,SCGA #6,Unknown,Unknown,5-021.65,South American,Sacramento,340,Irrigation,Single Well,62,1950-04-06 - 2020-04-15,145,spring,NA,NA,65,140.3,1978,14.9,8.12,23.92,8.65,Above Normal,SAC,1978-10-01T00:00:00Z,1979-10-01T00:00:00Z,-121.261,38.4798
384798N1212614W001,1443763,1978-10-18T00:00:00Z,117.9,117.4,0,118,-0.1,118,117.5,NA,Unknown,Water level accuracy is unknown,1,Department of Water Resources,NA,323,Sacramento County,NA,NA,4777,07N06E12A001M,SCGA #6,Unknown,Unknown,5-021.65,South American,Sacramento,340,Irrigation,Single Well,62,1950-04-06 - 2020-04-15,145,fall,68,164.2,NA,NA,1978,14.9,8.12,23.92,8.65,Above Normal,SAC,1978-10-01T00:00:00Z,1979-10-01T00:00:00Z,-121.261,38.4798
384798N1212614W001,1443762,1978-03-14T00:00:00Z,117.9,117.4,0,110.6,7.3,110.6,110.1,NA,Unknown,Water level accuracy is unknown,1,Department of Water Resources,NA,323,Sacramento County,NA,NA,4777,07N06E12A001M,SCGA #6,Unknown,Unknown,5-021.65,South American,Sacramento,340,Irrigation,Single Well,62,1950-04-06 - 2020-04-15,145,spring,NA,NA,65,140.3,1977,2.49,1.93,5.12,3.11,Critical,SAC,1977-10-01T00:00:00Z,1978-10-01T00:00:00Z,-121.261,38.4798
384798N1212614W001,1443760,1977-03-09T00:00:00Z,117.9,117.4,0,118.6,-0.7,118.6,118.1,NA,Unknown,Water level accuracy is unknown,1,Department of Water Resources,NA,323,Sacramento County,NA,NA,4777,07N06E12A001M,SCGA #6,Unknown,Unknown,5-021.65,South American,Sacramento,340,Irrigation,Single Well,62,1950-04-06 - 2020-04-15,145,spring,NA,NA,65,140.3,1976,4.63,2.75,8.2,5.29,Critical,SAC,1976-10-01T00:00:00Z,1977-10-01T00:00:00Z,-121.261,38.4798
384798N1212614W001,1443759,1976-10-08T00:00:00Z,117.9,117.4,0,113.8,4.1,113.8,113.3,NA,Unknown,Water level accuracy is unknown,1,Department of Water Resources,NA,323,Sacramento County,NA,NA,4777,07N06E12A001M,SCGA #6,Unknown,Unknown,5-021.65,South American,Sacramento,340,Irrigation,Single Well,62,1950-04-06 - 2020-04-15,145,fall,68,164.2,NA,NA,1976,4.63,2.75,8.2,5.29,Critical,SAC,1976-10-01T00:00:00Z,1977-10-01T00:00:00Z,-121.261,38.4798
384798N1212614W001,1443758,1976-03-04T00:00:00Z,117.9,117.4,0,113.5,4.4,113.5,113,NA,Unknown,Water level accuracy is unknown,1,Department of Water Resources,NA,323,Sacramento County,NA,NA,4777,07N06E12A001M,SCGA #6,Unknown,Unknown,5-021.65,South American,Sacramento,340,Irrigation,Single Well,62,1950-04-06 - 2020-04-15,145,spring,NA,NA,65,140.3,1975,9.24,8.95,19.23,9.35,Wet,SAC,1975-10-01T00:00:00Z,1976-10-01T00:00:00Z,-121.261,38.4798
384798N1212614W001,1443757,1975-10-08T00:00:00Z,117.9,117.4,0,111.7,6.2,111.7,111.2,NA,Unknown,Water level accuracy is unknown,1,Department of Water Resources,NA,323,Sacramento County,NA,NA,4777,07N06E12A001M,SCGA #6,Unknown,Unknown,5-021.65,South American,Sacramento,340,Irrigation,Single Well,62,1950-04-06 - 2020-04-15,145,fall,68,164.2,NA,NA,1975,9.24,8.95,19.23,9.35,Wet,SAC,1975-10-01T00:00:00Z,1976-10-01T00:00:00Z,-121.261,38.4798
384798N1212614W001,1443756,1975-03-03T00:00:00Z,117.9,117.4,0,97.7,20.2,97.7,97.2,NA,Unknown,Water level accuracy is unknown,1,Department of Water Resources,NA,323,Sacramento County,NA,NA,4777,07N06E12A001M,SCGA #6,Unknown,Unknown,5-021.65,South American,Sacramento,340,Irrigation,Single Well,62,1950-04-06 - 2020-04-15,145,spring,NA,NA,65,140.3,1974,21.69,9.78,32.5,12.99,Wet,SAC,1974-10-01T00:00:00Z,1975-10-01T00:00:00Z,-121.261,38.4798
384798N1212614W001,1443754,1974-03-06T00:00:00Z,117.9,117.4,0,102,15.9,102,101.5,NA,Unknown,Water level accuracy is unknown,1,Department of Water Resources,NA,323,Sacramento County,NA,NA,4777,07N06E12A001M,SCGA #6,Unknown,Unknown,5-021.65,South American,Sacramento,340,Irrigation,Single Well,62,1950-04-06 - 2020-04-15,145,spring,NA,NA,65,140.3,1973,12.8,6.38,20.05,8.58,Above Normal,SAC,1973-10-01T00:00:00Z,1974-10-01T00:00:00Z,-121.261,38.4798
384798N1212614W001,1443752,1973-03-09T00:00:00Z,117.9,117.4,0,97.5,20.4,97.5,97,NA,Unknown,Water level accuracy is unknown,1,Department of Water Resources,NA,323,Sacramento County,NA,NA,4777,07N06E12A001M,SCGA #6,Unknown,Unknown,5-021.65,South American,Sacramento,340,Irrigation,Single Well,62,1950-04-06 - 2020-04-15,145,spring,NA,NA,65,140.3,1972,7.61,5.02,13.43,7.29,Below Normal,SAC,1972-10-01T00:00:00Z,1973-10-01T00:00:00Z,-121.261,38.4798
384798N1212614W001,1443751,1972-10-13T00:00:00Z,117.9,117.4,0,111.2,6.7,111.2,110.7,NA,Unknown,Water level accuracy is unknown,1,Department of Water Resources,NA,323,Sacramento County,NA,NA,4777,07N06E12A001M,SCGA #6,Unknown,Unknown,5-021.65,South American,Sacramento,340,Irrigation,Single Well,62,1950-04-06 - 2020-04-15,145,fall,68,164.2,NA,NA,1972,7.61,5.02,13.43,7.29,Below Normal,SAC,1972-10-01T00:00:00Z,1973-10-01T00:00:00Z,-121.261,38.4798
384798N1212614W001,1443750,1972-03-08T00:00:00Z,117.9,117.4,0,108.8,9.1,108.8,108.3,NA,Unknown,Water level accuracy is unknown,1,Department of Water Resources,NA,323,Sacramento County,NA,NA,4777,07N06E12A001M,SCGA #6,Unknown,Unknown,5-021.65,South American,Sacramento,340,Irrigation,Single Well,62,1950-04-06 - 2020-04-15,145,spring,NA,NA,65,140.3,1971,12.71,8.9,22.57,10.37,Wet,SAC,1971-10-01T00:00:00Z,1972-10-01T00:00:00Z,-121.261,38.4798
384798N1212614W001,1443749,1971-10-06T00:00:00Z,117.9,117.4,0,108.1,9.8,108.1,107.6,NA,Unknown,Water level accuracy is unknown,1,Department of Water Resources,NA,323,Sacramento County,NA,NA,4777,07N06E12A001M,SCGA #6,Unknown,Unknown,5-021.65,South American,Sacramento,340,Irrigation,Single Well,62,1950-04-06 - 2020-04-15,145,fall,68,164.2,NA,NA,1971,12.71,8.9,22.57,10.37,Wet,SAC,1971-10-01T00:00:00Z,1972-10-01T00:00:00Z,-121.261,38.4798
384798N1212614W001,1443748,1971-03-26T00:00:00Z,117.9,117.4,0,104,13.9,104,103.5,NA,Unknown,Water level accuracy is unknown,1,Department of Water Resources,NA,323,Sacramento County,NA,NA,4777,07N06E12A001M,SCGA #6,Unknown,Unknown,5-021.65,South American,Sacramento,340,Irrigation,Single Well,62,1950-04-06 - 2020-04-15,145,spring,NA,NA,65,140.3,1970,18.87,4.35,24.06,10.4,Wet,SAC,1970-10-01T00:00:00Z,1971-10-01T00:00:00Z,-121.261,38.4798
384798N1212614W001,1443747,1970-10-16T00:00:00Z,117.9,117.4,0,109,8.9,109,108.5,NA,Unknown,Water level accuracy is unknown,1,Department of Water Resources,NA,323,Sacramento County,NA,NA,4777,07N06E12A001M,SCGA #6,Unknown,Unknown,5-021.65,South American,Sacramento,340,Irrigation,Single Well,62,1950-04-06 - 2020-04-15,145,fall,68,164.2,NA,NA,1970,18.87,4.35,24.06,10.4,Wet,SAC,1970-10-01T00:00:00Z,1971-10-01T00:00:00Z,-121.261,38.4798
384798N1212614W001,1443746,1970-04-09T00:00:00Z,117.9,117.4,0,99.3,18.6,99.3,98.8,NA,Unknown,Water level accuracy is unknown,1,Department of Water Resources,NA,323,Sacramento County,NA,NA,4777,07N06E12A001M,SCGA #6,Unknown,Unknown,5-021.65,South American,Sacramento,340,Irrigation,Single Well,62,1950-04-06 - 2020-04-15,145,spring,NA,NA,65,140.3,1969,15.33,10.68,26.98,11.05,Wet,SAC,1969-10-01T00:00:00Z,1970-10-01T00:00:00Z,-121.261,38.4798
384798N1212614W001,1443745,1969-03-26T00:00:00Z,117.9,117.4,0,90.2,27.7,90.2,89.7,NA,Unknown,Water level accuracy is unknown,1,Department of Water Resources,NA,323,Sacramento County,NA,NA,4777,07N06E12A001M,SCGA #6,Unknown,Unknown,5-021.65,South American,Sacramento,340,Irrigation,Single Well,62,1950-04-06 - 2020-04-15,145,spring,NA,NA,65,140.3,1968,8.66,4.12,13.64,7.24,Below Normal,SAC,1968-10-01T00:00:00Z,1969-10-01T00:00:00Z,-121.261,38.4798
384798N1212614W001,1443744,1968-10-11T00:00:00Z,117.9,117.4,0,102.2,15.7,102.2,101.7,NA,Unknown,Water level accuracy is unknown,1,Department of Water Resources,NA,323,Sacramento County,NA,NA,4777,07N06E12A001M,SCGA #6,Unknown,Unknown,5-021.65,South American,Sacramento,340,Irrigation,Single Well,62,1950-04-06 - 2020-04-15,145,fall,68,164.2,NA,NA,1968,8.66,4.12,13.64,7.24,Below Normal,SAC,1968-10-01T00:00:00Z,1969-10-01T00:00:00Z,-121.261,38.4798
384798N1212614W001,1443743,1968-03-06T00:00:00Z,117.9,117.4,0,89.3,28.6,89.3,88.8,NA,Unknown,Water level accuracy is unknown,1,Department of Water Resources,NA,323,Sacramento County,NA,NA,4777,07N06E12A001M,SCGA #6,Unknown,Unknown,5-021.65,South American,Sacramento,340,Irrigation,Single Well,62,1950-04-06 - 2020-04-15,145,spring,NA,NA,65,140.3,1967,12.14,11.01,24.06,10.2,Wet,SAC,1967-10-01T00:00:00Z,1968-10-01T00:00:00Z,-121.261,38.4798
384798N1212614W001,1443740,1967-03-07T00:00:00Z,117.9,117.4,0,89.6,28.3,89.6,89.1,Oil or foreign substance in casing,Unknown,Water level accuracy is unknown,1,Department of Water Resources,NA,323,Sacramento County,NA,NA,4777,07N06E12A001M,SCGA #6,Unknown,Unknown,5-021.65,South American,Sacramento,340,Irrigation,Single Well,62,1950-04-06 - 2020-04-15,145,spring,NA,NA,65,140.3,1966,7.42,4.84,12.95,7.16,Below Normal,SAC,1966-10-01T00:00:00Z,1967-10-01T00:00:00Z,-121.261,38.4798
384798N1212614W001,1443738,1966-03-10T00:00:00Z,117.9,117.4,0,87,30.9,87,86.5,NA,Unknown,Water level accuracy is unknown,1,Department of Water Resources,NA,323,Sacramento County,NA,NA,4777,07N06E12A001M,SCGA #6,Unknown,Unknown,5-021.65,South American,Sacramento,340,Irrigation,Single Well,62,1950-04-06 - 2020-04-15,145,spring,NA,NA,65,140.3,1965,16.59,8.13,25.64,10.15,Wet,SAC,1965-10-01T00:00:00Z,1966-10-01T00:00:00Z,-121.261,38.4798
384798N1212614W001,1443737,1965-10-05T00:00:00Z,117.9,117.4,0,98.4,19.5,98.4,97.9,NA,Unknown,Water level accuracy is unknown,1,Department of Water Resources,NA,323,Sacramento County,NA,NA,4777,07N06E12A001M,SCGA #6,Unknown,Unknown,5-021.65,South American,Sacramento,340,Irrigation,Single Well,62,1950-04-06 - 2020-04-15,145,fall,68,164.2,NA,NA,1965,16.59,8.13,25.64,10.15,Wet,SAC,1965-10-01T00:00:00Z,1966-10-01T00:00:00Z,-121.261,38.4798
384798N1212614W001,1443736,1965-03-17T00:00:00Z,117.9,117.4,0,86.2,31.7,86.2,85.7,NA,Unknown,Water level accuracy is unknown,1,Department of Water Resources,NA,323,Sacramento County,NA,NA,4777,07N06E12A001M,SCGA #6,Unknown,Unknown,5-021.65,South American,Sacramento,340,Irrigation,Single Well,62,1950-04-06 - 2020-04-15,145,spring,NA,NA,65,140.3,1964,5.9,4.37,10.92,6.41,Dry,SAC,1964-10-01T00:00:00Z,1965-10-01T00:00:00Z,-121.261,38.4798
384798N1212614W001,1443735,1964-10-07T00:00:00Z,117.9,117.4,0,100.4,17.5,100.4,99.9,Nearby pump operating,Unknown,Water level accuracy is unknown,1,Department of Water Resources,NA,323,Sacramento County,NA,NA,4777,07N06E12A001M,SCGA #6,Unknown,Unknown,5-021.65,South American,Sacramento,340,Irrigation,Single Well,62,1950-04-06 - 2020-04-15,145,fall,68,164.2,NA,NA,1964,5.9,4.37,10.92,6.41,Dry,SAC,1964-10-01T00:00:00Z,1965-10-01T00:00:00Z,-121.261,38.4798
384798N1212614W001,1443734,1964-04-02T00:00:00Z,117.9,117.4,0,85.9,32,85.9,85.4,NA,Unknown,Water level accuracy is unknown,1,Department of Water Resources,NA,323,Sacramento County,NA,NA,4777,07N06E12A001M,SCGA #6,Unknown,Unknown,5-021.65,South American,Sacramento,340,Irrigation,Single Well,62,1950-04-06 - 2020-04-15,145,spring,NA,NA,65,140.3,1963,12.01,10.09,22.99,9.63,Wet,SAC,1963-10-01T00:00:00Z,1964-10-01T00:00:00Z,-121.261,38.4798
384798N1212614W001,1443733,1963-10-15T00:00:00Z,117.9,117.4,0,90.9,27,90.9,90.4,NA,Unknown,Water level accuracy is unknown,1,Department of Water Resources,NA,323,Sacramento County,NA,NA,4777,07N06E12A001M,SCGA #6,Unknown,Unknown,5-021.65,South American,Sacramento,340,Irrigation,Single Well,62,1950-04-06 - 2020-04-15,145,fall,68,164.2,NA,NA,1963,12.01,10.09,22.99,9.63,Wet,SAC,1963-10-01T00:00:00Z,1964-10-01T00:00:00Z,-121.261,38.4798
384798N1212614W001,1443732,1963-03-19T00:00:00Z,117.9,117.4,0,85.3,32.6,85.3,84.8,NA,Unknown,Water level accuracy is unknown,1,Department of Water Resources,NA,1,Department of Water Resources,NA,NA,4777,07N06E12A001M,SCGA #6,Unknown,Unknown,5-021.65,South American,Sacramento,340,Irrigation,Single Well,62,1950-04-06 - 2020-04-15,145,spring,NA,NA,65,140.3,1962,8.17,6.23,15.11,6.65,Below Normal,SAC,1962-10-01T00:00:00Z,1963-10-01T00:00:00Z,-121.261,38.4798
384798N1212614W001,1443730,1962-03-05T00:00:00Z,117.9,117.4,0,84.6,33.3,84.6,84.1,NA,Unknown,Water level accuracy is unknown,1,Department of Water Resources,NA,1,Department of Water Resources,NA,NA,4777,07N06E12A001M,SCGA #6,Unknown,Unknown,5-021.65,South American,Sacramento,340,Irrigation,Single Well,62,1950-04-06 - 2020-04-15,145,spring,NA,NA,65,140.3,1961,6.87,4.39,11.97,5.68,Dry,SAC,1961-10-01T00:00:00Z,1962-10-01T00:00:00Z,-121.261,38.4798
384798N1212614W001,1443729,1961-10-03T00:00:00Z,117.9,117.4,0,93.5,24.4,93.5,93,NA,Unknown,Water level accuracy is unknown,1,Department of Water Resources,NA,1,Department of Water Resources,NA,NA,4777,07N06E12A001M,SCGA #6,Unknown,Unknown,5-021.65,South American,Sacramento,340,Irrigation,Single Well,62,1950-04-06 - 2020-04-15,145,fall,68,164.2,NA,NA,1961,6.87,4.39,11.97,5.68,Dry,SAC,1961-10-01T00:00:00Z,1962-10-01T00:00:00Z,-121.261,38.4798
384798N1212614W001,1443728,1961-04-11T00:00:00Z,117.9,117.4,0,86.2,31.7,86.2,85.7,NA,Unknown,Water level accuracy is unknown,1,Department of Water Resources,NA,1,Department of Water Resources,NA,NA,4777,07N06E12A001M,SCGA #6,Unknown,Unknown,5-021.65,South American,Sacramento,340,Irrigation,Single Well,62,1950-04-06 - 2020-04-15,145,spring,NA,NA,65,140.3,1960,7.72,4.65,13.06,6.2,Dry,SAC,1960-10-01T00:00:00Z,1961-10-01T00:00:00Z,-121.261,38.4798
384798N1212614W001,1443727,1960-02-18T00:00:00Z,117.9,117.4,0,82.7,35.2,82.7,82.2,NA,Unknown,Water level accuracy is unknown,1,Department of Water Resources,NA,1,Department of Water Resources,NA,NA,4777,07N06E12A001M,SCGA #6,Unknown,Unknown,5-021.65,South American,Sacramento,340,Irrigation,Single Well,62,1950-04-06 - 2020-04-15,145,other,NA,NA,NA,NA,1959,7.4,3.84,12.05,6.75,Below Normal,SAC,1959-10-01T00:00:00Z,1960-10-01T00:00:00Z,-121.261,38.4798
384798N1212614W001,1443726,1959-11-10T00:00:00Z,117.9,117.4,0,83.2,34.7,83.2,82.7,NA,Unknown,Water level accuracy is unknown,1,Department of Water Resources,NA,624,Bureau of Reclamation,NA,NA,4777,07N06E12A001M,SCGA #6,Unknown,Unknown,5-021.65,South American,Sacramento,340,Irrigation,Single Well,62,1950-04-06 - 2020-04-15,145,fall,68,164.2,NA,NA,1959,7.4,3.84,12.05,6.75,Below Normal,SAC,1959-10-01T00:00:00Z,1960-10-01T00:00:00Z,-121.261,38.4798
384798N1212614W001,1443725,1959-03-31T00:00:00Z,117.9,117.4,0,76.2,41.7,76.2,75.7,NA,Unknown,Water level accuracy is unknown,1,Department of Water Resources,NA,624,Bureau of Reclamation,NA,NA,4777,07N06E12A001M,SCGA #6,Unknown,Unknown,5-021.65,South American,Sacramento,340,Irrigation,Single Well,62,1950-04-06 - 2020-04-15,145,spring,NA,NA,65,140.3,1958,16.37,12.24,29.71,12.16,Wet,SAC,1958-10-01T00:00:00Z,1959-10-01T00:00:00Z,-121.261,38.4798
384798N1212614W001,1443724,1958-04-25T00:00:00Z,117.9,117.4,0,79.3,38.6,79.3,78.8,Pumping,Unknown,Water level accuracy is unknown,1,Department of Water Resources,NA,624,Bureau of Reclamation,NA,NA,4777,07N06E12A001M,SCGA #6,Unknown,Unknown,5-021.65,South American,Sacramento,340,Irrigation,Single Well,62,1950-04-06 - 2020-04-15,145,spring,NA,NA,65,140.3,1957,7.72,6.29,14.89,7.83,Above Normal,SAC,1957-10-01T00:00:00Z,1958-10-01T00:00:00Z,-121.261,38.4798
384798N1212614W001,1443723,1957-10-22T00:00:00Z,117.9,117.4,0,77.8,40.1,77.8,77.3,NA,Unknown,Water level accuracy is unknown,1,Department of Water Resources,NA,624,Bureau of Reclamation,NA,NA,4777,07N06E12A001M,SCGA #6,Unknown,Unknown,5-021.65,South American,Sacramento,340,Irrigation,Single Well,62,1950-04-06 - 2020-04-15,145,fall,68,164.2,NA,NA,1957,7.72,6.29,14.89,7.83,Above Normal,SAC,1957-10-01T00:00:00Z,1958-10-01T00:00:00Z,-121.261,38.4798
384798N1212614W001,1443722,1957-03-29T00:00:00Z,117.9,117.4,0,73.3,44.6,73.3,72.8,NA,Unknown,Water level accuracy is unknown,1,Department of Water Resources,NA,624,Bureau of Reclamation,NA,NA,4777,07N06E12A001M,SCGA #6,Unknown,Unknown,5-021.65,South American,Sacramento,340,Irrigation,Single Well,62,1950-04-06 - 2020-04-15,145,spring,NA,NA,65,140.3,1956,20.32,8.6,29.89,11.38,Wet,SAC,1956-10-01T00:00:00Z,1957-10-01T00:00:00Z,-121.261,38.4798
384798N1212614W001,1443721,1956-10-19T00:00:00Z,117.9,117.4,0,81.9,36,81.9,81.4,NA,Unknown,Water level accuracy is unknown,1,Department of Water Resources,NA,624,Bureau of Reclamation,NA,NA,4777,07N06E12A001M,SCGA #6,Unknown,Unknown,5-021.65,South American,Sacramento,340,Irrigation,Single Well,62,1950-04-06 - 2020-04-15,145,fall,68,164.2,NA,NA,1956,20.32,8.6,29.89,11.38,Wet,SAC,1956-10-01T00:00:00Z,1957-10-01T00:00:00Z,-121.261,38.4798
384798N1212614W001,1443720,1956-03-28T00:00:00Z,117.9,117.4,0,72.5,45.4,72.5,72,NA,Unknown,Water level accuracy is unknown,1,Department of Water Resources,NA,624,Bureau of Reclamation,NA,NA,4777,07N06E12A001M,SCGA #6,Unknown,Unknown,5-021.65,South American,Sacramento,340,Irrigation,Single Well,62,1950-04-06 - 2020-04-15,145,spring,NA,NA,65,140.3,1955,5.19,5.07,10.98,6.14,Dry,SAC,1955-10-01T00:00:00Z,1956-10-01T00:00:00Z,-121.261,38.4798
384798N1212614W001,1443719,1955-10-31T00:00:00Z,117.9,117.4,0,85.7,32.2,85.7,85.2,Other,Unknown,Water level accuracy is unknown,1,Department of Water Resources,NA,624,Bureau of Reclamation,NA,NA,4777,07N06E12A001M,SCGA #6,Unknown,Unknown,5-021.65,South American,Sacramento,340,Irrigation,Single Well,62,1950-04-06 - 2020-04-15,145,fall,68,164.2,NA,NA,1955,5.19,5.07,10.98,6.14,Dry,SAC,1955-10-01T00:00:00Z,1956-10-01T00:00:00Z,-121.261,38.4798
384798N1212614W001,1443718,1955-03-25T00:00:00Z,117.9,117.4,0,73.5,44.4,73.5,73,NA,Unknown,Water level accuracy is unknown,1,Department of Water Resources,NA,624,Bureau of Reclamation,NA,NA,4777,07N06E12A001M,SCGA #6,Unknown,Unknown,5-021.65,South American,Sacramento,340,Irrigation,Single Well,62,1950-04-06 - 2020-04-15,145,spring,NA,NA,65,140.3,1954,9.74,6.81,17.43,8.51,Above Normal,SAC,1954-10-01T00:00:00Z,1955-10-01T00:00:00Z,-121.261,38.4798
384798N1212614W001,1443716,1954-04-06T00:00:00Z,117.9,117.4,0,68.7,49.2,68.7,68.2,NA,Unknown,Water level accuracy is unknown,1,Department of Water Resources,NA,624,Bureau of Reclamation,NA,NA,4777,07N06E12A001M,SCGA #6,Unknown,Unknown,5-021.65,South American,Sacramento,340,Irrigation,Single Well,62,1950-04-06 - 2020-04-15,145,spring,NA,NA,65,140.3,1953,10.84,8.26,20.09,9.55,Wet,SAC,1953-10-01T00:00:00Z,1954-10-01T00:00:00Z,-121.261,38.4798
384798N1212614W001,1443714,1953-03-04T00:00:00Z,117.9,117.4,0,67.8,50.1,67.8,67.3,NA,Unknown,Water level accuracy is unknown,1,Department of Water Resources,NA,624,Bureau of Reclamation,NA,NA,4777,07N06E12A001M,SCGA #6,Unknown,Unknown,5-021.65,South American,Sacramento,340,Irrigation,Single Well,62,1950-04-06 - 2020-04-15,145,spring,NA,NA,65,140.3,1952,13.86,13.68,28.6,12.38,Wet,SAC,1952-10-01T00:00:00Z,1953-10-01T00:00:00Z,-121.261,38.4798
384798N1212614W001,1443713,1952-10-29T00:00:00Z,117.9,117.4,0,70.2,47.7,70.2,69.7,NA,Unknown,Water level accuracy is unknown,1,Department of Water Resources,NA,624,Bureau of Reclamation,NA,NA,4777,07N06E12A001M,SCGA #6,Unknown,Unknown,5-021.65,South American,Sacramento,340,Irrigation,Single Well,62,1950-04-06 - 2020-04-15,145,fall,68,164.2,NA,NA,1952,13.86,13.68,28.6,12.38,Wet,SAC,1952-10-01T00:00:00Z,1953-10-01T00:00:00Z,-121.261,38.4798
384798N1212614W001,1443712,1952-04-03T00:00:00Z,117.9,117.4,0,65.5,52.4,65.5,65,NA,Unknown,Water level accuracy is unknown,1,Department of Water Resources,NA,624,Bureau of Reclamation,NA,NA,4777,07N06E12A001M,SCGA #6,Unknown,Unknown,5-021.65,South American,Sacramento,340,Irrigation,Single Well,62,1950-04-06 - 2020-04-15,145,spring,NA,NA,65,140.3,1951,16.77,5.42,22.95,9.18,Above Normal,SAC,1951-10-01T00:00:00Z,1952-10-01T00:00:00Z,-121.261,38.4798
384798N1212614W001,1443711,1951-11-07T00:00:00Z,117.9,117.4,0,69.7,48.2,69.7,69.2,NA,Unknown,Water level accuracy is unknown,1,Department of Water Resources,NA,624,Bureau of Reclamation,NA,NA,4777,07N06E12A001M,SCGA #6,Unknown,Unknown,5-021.65,South American,Sacramento,340,Irrigation,Single Well,62,1950-04-06 - 2020-04-15,145,fall,68,164.2,NA,NA,1951,16.77,5.42,22.95,9.18,Above Normal,SAC,1951-10-01T00:00:00Z,1952-10-01T00:00:00Z,-121.261,38.4798
384798N1212614W001,1443710,1951-10-04T00:00:00Z,117.9,117.4,0,86.5,31.4,86.5,86,Pumping,Unknown,Water level accuracy is unknown,1,Department of Water Resources,NA,624,Bureau of Reclamation,NA,NA,4777,07N06E12A001M,SCGA #6,Unknown,Unknown,5-021.65,South American,Sacramento,340,Irrigation,Single Well,62,1950-04-06 - 2020-04-15,145,fall,68,164.2,NA,NA,1951,16.77,5.42,22.95,9.18,Above Normal,SAC,1951-10-01T00:00:00Z,1952-10-01T00:00:00Z,-121.261,38.4798
384798N1212614W001,1443709,1951-04-05T00:00:00Z,117.9,117.4,0,66.9,51,66.9,66.4,NA,Unknown,Water level accuracy is unknown,1,Department of Water Resources,NA,624,Bureau of Reclamation,NA,NA,4777,07N06E12A001M,SCGA #6,Unknown,Unknown,5-021.65,South American,Sacramento,340,Irrigation,Single Well,62,1950-04-06 - 2020-04-15,145,spring,NA,NA,65,140.3,1950,7.01,6.72,14.44,6.62,Below Normal,SAC,1950-10-01T00:00:00Z,1951-10-01T00:00:00Z,-121.261,38.4798
384798N1212614W001,1443708,1951-03-06T00:00:00Z,117.9,117.4,0,65.8,52.1,65.8,65.3,NA,Unknown,Water level accuracy is unknown,1,Department of Water Resources,NA,624,Bureau of Reclamation,NA,NA,4777,07N06E12A001M,SCGA #6,Unknown,Unknown,5-021.65,South American,Sacramento,340,Irrigation,Single Well,62,1950-04-06 - 2020-04-15,145,spring,NA,NA,65,140.3,1950,7.01,6.72,14.44,6.62,Below Normal,SAC,1950-10-01T00:00:00Z,1951-10-01T00:00:00Z,-121.261,38.4798
384798N1212614W001,1443707,1951-02-09T00:00:00Z,117.9,117.4,0,69.6,48.3,69.6,69.1,NA,Unknown,Water level accuracy is unknown,1,Department of Water Resources,NA,624,Bureau of Reclamation,NA,NA,4777,07N06E12A001M,SCGA #6,Unknown,Unknown,5-021.65,South American,Sacramento,340,Irrigation,Single Well,62,1950-04-06 - 2020-04-15,145,other,NA,NA,NA,NA,1950,7.01,6.72,14.44,6.62,Below Normal,SAC,1950-10-01T00:00:00Z,1951-10-01T00:00:00Z,-121.261,38.4798
384798N1212614W001,1443706,1951-01-15T00:00:00Z,117.9,117.4,0,67.8,50.1,67.8,67.3,NA,Unknown,Water level accuracy is unknown,1,Department of Water Resources,NA,624,Bureau of Reclamation,NA,NA,4777,07N06E12A001M,SCGA #6,Unknown,Unknown,5-021.65,South American,Sacramento,340,Irrigation,Single Well,62,1950-04-06 - 2020-04-15,145,other,NA,NA,NA,NA,1950,7.01,6.72,14.44,6.62,Below Normal,SAC,1950-10-01T00:00:00Z,1951-10-01T00:00:00Z,-121.261,38.4798
384798N1212614W001,1443705,1950-12-07T00:00:00Z,117.9,117.4,0,67.9,50,67.9,67.4,NA,Unknown,Water level accuracy is unknown,1,Department of Water Resources,NA,624,Bureau of Reclamation,NA,NA,4777,07N06E12A001M,SCGA #6,Unknown,Unknown,5-021.65,South American,Sacramento,340,Irrigation,Single Well,62,1950-04-06 - 2020-04-15,145,other,NA,NA,NA,NA,1950,7.01,6.72,14.44,6.62,Below Normal,SAC,1950-10-01T00:00:00Z,1951-10-01T00:00:00Z,-121.261,38.4798
384798N1212614W001,1443704,1950-11-09T00:00:00Z,117.9,117.4,0,68.5,49.4,68.5,68,NA,Unknown,Water level accuracy is unknown,1,Department of Water Resources,NA,624,Bureau of Reclamation,NA,NA,4777,07N06E12A001M,SCGA #6,Unknown,Unknown,5-021.65,South American,Sacramento,340,Irrigation,Single Well,62,1950-04-06 - 2020-04-15,145,fall,68,164.2,NA,NA,1950,7.01,6.72,14.44,6.62,Below Normal,SAC,1950-10-01T00:00:00Z,1951-10-01T00:00:00Z,-121.261,38.4798
384798N1212614W001,1443703,1950-10-05T00:00:00Z,117.9,117.4,0,72.1,45.8,72.1,71.6,NA,Unknown,Water level accuracy is unknown,1,Department of Water Resources,NA,624,Bureau of Reclamation,NA,NA,4777,07N06E12A001M,SCGA #6,Unknown,Unknown,5-021.65,South American,Sacramento,340,Irrigation,Single Well,62,1950-04-06 - 2020-04-15,145,fall,68,164.2,NA,NA,1950,7.01,6.72,14.44,6.62,Below Normal,SAC,1950-10-01T00:00:00Z,1951-10-01T00:00:00Z,-121.261,38.4798
384798N1212614W001,1443702,1950-09-14T00:00:00Z,117.9,117.4,0,73.7,44.2,73.7,73.2,NA,Unknown,Water level accuracy is unknown,1,Department of Water Resources,NA,624,Bureau of Reclamation,NA,NA,4777,07N06E12A001M,SCGA #6,Unknown,Unknown,5-021.65,South American,Sacramento,340,Irrigation,Single Well,62,1950-04-06 - 2020-04-15,145,fall,68,164.2,NA,NA,1949,5.73,5.59,11.97,6.09,Dry,SAC,1949-10-01T00:00:00Z,1950-10-01T00:00:00Z,-121.261,38.4798
384798N1212614W001,1443701,1950-08-08T00:00:00Z,117.9,117.4,0,87.1,30.8,87.1,86.6,NA,Unknown,Water level accuracy is unknown,1,Department of Water Resources,NA,624,Bureau of Reclamation,NA,NA,4777,07N06E12A001M,SCGA #6,Unknown,Unknown,5-021.65,South American,Sacramento,340,Irrigation,Single Well,62,1950-04-06 - 2020-04-15,145,fall,68,164.2,NA,NA,1949,5.73,5.59,11.97,6.09,Dry,SAC,1949-10-01T00:00:00Z,1950-10-01T00:00:00Z,-121.261,38.4798
384798N1212614W001,1443700,1950-07-17T00:00:00Z,117.9,117.4,0,86.9,31,86.9,86.4,NA,Unknown,Water level accuracy is unknown,1,Department of Water Resources,NA,624,Bureau of Reclamation,NA,NA,4777,07N06E12A001M,SCGA #6,Unknown,Unknown,5-021.65,South American,Sacramento,340,Irrigation,Single Well,62,1950-04-06 - 2020-04-15,145,other,NA,NA,NA,NA,1949,5.73,5.59,11.97,6.09,Dry,SAC,1949-10-01T00:00:00Z,1950-10-01T00:00:00Z,-121.261,38.4798
384798N1212614W001,1443699,1950-06-15T00:00:00Z,117.9,117.4,0,80.4,37.5,80.4,79.9,Pumping,Unknown,Water level accuracy is unknown,1,Department of Water Resources,NA,624,Bureau of Reclamation,NA,NA,4777,07N06E12A001M,SCGA #6,Unknown,Unknown,5-021.65,South American,Sacramento,340,Irrigation,Single Well,62,1950-04-06 - 2020-04-15,145,other,NA,NA,NA,NA,1949,5.73,5.59,11.97,6.09,Dry,SAC,1949-10-01T00:00:00Z,1950-10-01T00:00:00Z,-121.261,38.4798
384798N1212614W001,1443698,1950-05-09T00:00:00Z,117.9,117.4,0,66.8,51.1,66.8,66.3,NA,Unknown,Water level accuracy is unknown,1,Department of Water Resources,NA,624,Bureau of Reclamation,NA,NA,4777,07N06E12A001M,SCGA #6,Unknown,Unknown,5-021.65,South American,Sacramento,340,Irrigation,Single Well,62,1950-04-06 - 2020-04-15,145,spring,NA,NA,65,140.3,1949,5.73,5.59,11.97,6.09,Dry,SAC,1949-10-01T00:00:00Z,1950-10-01T00:00:00Z,-121.261,38.4798
384798N1212614W001,1443697,1950-04-06T00:00:00Z,117.9,117.4,0,68.7,49.2,68.7,68.2,NA,Unknown,Water level accuracy is unknown,1,Department of Water Resources,NA,624,Bureau of Reclamation,NA,NA,4777,07N06E12A001M,SCGA #6,Unknown,Unknown,5-021.65,South American,Sacramento,340,Irrigation,Single Well,62,1950-04-06 - 2020-04-15,145,spring,NA,NA,65,140.3,1949,5.73,5.59,11.97,6.09,Dry,SAC,1949-10-01T00:00:00Z,1950-10-01T00:00:00Z,-121.261,38.4798
