SITE_CODE,WLM_ID,MSMT_DATE,WLM_RPE,WLM_GSE,RDNG_WS,RDNG_RP,WSE,RPE_WSE,GSE_WSE,WLM_QA_DESC,WLM_DESC,WLM_ACC_DESC,WLM_ORG_ID,WLM_ORG_NAME,MSMT_CMT,COOP_AGENCY_ORG_ID,COOP_ORG_NAME,TOP_PRF,BOT_PRF,STN_ID,SWN,WELL_NAME,WLM_METHOD,WLM_ACC,BASIN_CODE,BASIN_NAME,COUNTY_NAME,WELL_DEPTH,WELL_USE,WELL_TYPE,WCR_NO,t_range,n_samples,season,fall_high,fall_low,spring_high,spring_low,water_year,Oct.Mar,Apr.Jul,WYsum,Index,water_year_type,region,water_year_start,water_year_end,X,Y
384705N1212594W001,1444988,1997-11-05T00:00:00Z,103.89,102.89,0,123.7,-19.81,123.7,122.7,Oil or foreign substance in casing,Unknown,Water level accuracy is unknown,1,Department of Water Resources,NA,624,Bureau of Reclamation,NA,NA,27859,07N07E07N002M,NA,Unknown,Unknown,5-021.65,South American,Sacramento,300,Irrigation,Unknown,NA,1990-03-21 - 1999-04-01,18,fall,117.1,128.1,NA,NA,1997,20.22,4.39,25.42,10.82,Wet,SAC,1997-10-01T00:00:00Z,1998-10-01T00:00:00Z,-121.259,38.4705
384705N1212594W001,1444984,1995-04-17T00:00:00Z,103.89,102.89,0,120,-16.11,120,119,Oil or foreign substance in casing,Unknown,Water level accuracy is unknown,1,Department of Water Resources,NA,624,Bureau of Reclamation,NA,NA,27859,07N07E07N002M,NA,Unknown,Unknown,5-021.65,South American,Sacramento,300,Irrigation,Unknown,NA,1990-03-21 - 1999-04-01,18,spring,NA,NA,105.7,119.4,1994,4.55,2.73,7.81,5.02,Critical,SAC,1994-10-01T00:00:00Z,1995-10-01T00:00:00Z,-121.259,38.4705
384705N1212594W001,1444983,1994-10-11T00:00:00Z,103.89,102.89,0,129.1,-25.21,129.1,128.1,Oil or foreign substance in casing,Unknown,Water level accuracy is unknown,1,Department of Water Resources,NA,624,Bureau of Reclamation,NA,NA,27859,07N07E07N002M,NA,Unknown,Unknown,5-021.65,South American,Sacramento,300,Irrigation,Unknown,NA,1990-03-21 - 1999-04-01,18,fall,117.1,128.1,NA,NA,1994,4.55,2.73,7.81,5.02,Critical,SAC,1994-10-01T00:00:00Z,1995-10-01T00:00:00Z,-121.259,38.4705
384705N1212594W001,1444982,1994-03-15T00:00:00Z,103.89,102.89,0,120.4,-16.51,120.4,119.4,Oil or foreign substance in casing,Unknown,Water level accuracy is unknown,1,Department of Water Resources,NA,624,Bureau of Reclamation,NA,NA,27859,07N07E07N002M,NA,Unknown,Unknown,5-021.65,South American,Sacramento,300,Irrigation,Unknown,NA,1990-03-21 - 1999-04-01,18,spring,NA,NA,105.7,119.4,1993,12.44,8.98,22.21,8.54,Above Normal,SAC,1993-10-01T00:00:00Z,1994-10-01T00:00:00Z,-121.259,38.4705
384705N1212594W001,1444981,1993-10-08T00:00:00Z,103.89,102.89,0,123.7,-19.81,123.7,122.7,NA,Unknown,Water level accuracy is unknown,1,Department of Water Resources,NA,624,Bureau of Reclamation,NA,NA,27859,07N07E07N002M,NA,Unknown,Unknown,5-021.65,South American,Sacramento,300,Irrigation,Unknown,NA,1990-03-21 - 1999-04-01,18,fall,117.1,128.1,NA,NA,1993,12.44,8.98,22.21,8.54,Above Normal,SAC,1993-10-01T00:00:00Z,1994-10-01T00:00:00Z,-121.259,38.4705
384705N1212594W001,1444979,1992-10-01T00:00:00Z,103.89,102.89,0,120.3,-16.41,120.3,119.3,NA,Unknown,Water level accuracy is unknown,1,Department of Water Resources,NA,624,Bureau of Reclamation,NA,NA,27859,07N07E07N002M,NA,Unknown,Unknown,5-021.65,South American,Sacramento,300,Irrigation,Unknown,NA,1990-03-21 - 1999-04-01,18,fall,117.1,128.1,NA,NA,1992,5.41,2.93,8.87,4.06,Critical,SAC,1992-10-01T00:00:00Z,1993-10-01T00:00:00Z,-121.259,38.4705
384705N1212594W001,1444978,1992-03-17T00:00:00Z,103.89,102.89,0,109.6,-5.71,109.6,108.6,NA,Unknown,Water level accuracy is unknown,1,Department of Water Resources,NA,624,Bureau of Reclamation,NA,NA,27859,07N07E07N002M,NA,Unknown,Unknown,5-021.65,South American,Sacramento,300,Irrigation,Unknown,NA,1990-03-21 - 1999-04-01,18,spring,NA,NA,105.7,119.4,1991,3.9,4.01,8.44,4.21,Critical,SAC,1991-10-01T00:00:00Z,1992-10-01T00:00:00Z,-121.259,38.4705
384705N1212594W001,1444977,1991-10-02T00:00:00Z,103.89,102.89,0,118.1,-14.21,118.1,117.1,NA,Unknown,Water level accuracy is unknown,1,Department of Water Resources,NA,624,Bureau of Reclamation,NA,NA,27859,07N07E07N002M,NA,Unknown,Unknown,5-021.65,South American,Sacramento,300,Irrigation,Unknown,NA,1990-03-21 - 1999-04-01,18,fall,117.1,128.1,NA,NA,1991,3.9,4.01,8.44,4.21,Critical,SAC,1991-10-01T00:00:00Z,1992-10-01T00:00:00Z,-121.259,38.4705
384705N1212594W001,1444976,1991-03-08T00:00:00Z,103.89,102.89,0,106.7,-2.81,106.7,105.7,NA,Unknown,Water level accuracy is unknown,1,Department of Water Resources,NA,624,Bureau of Reclamation,NA,NA,27859,07N07E07N002M,NA,Unknown,Unknown,5-021.65,South American,Sacramento,300,Irrigation,Unknown,NA,1990-03-21 - 1999-04-01,18,spring,NA,NA,105.7,119.4,1990,4.94,3.72,9.26,4.81,Critical,SAC,1990-10-01T00:00:00Z,1991-10-01T00:00:00Z,-121.259,38.4705
384705N1212594W001,1444974,1990-03-21T00:00:00Z,103.89,102.89,0,109.1,-5.21,109.1,108.1,NA,Unknown,Water level accuracy is unknown,1,Department of Water Resources,NA,624,Bureau of Reclamation,NA,NA,27859,07N07E07N002M,NA,Unknown,Unknown,5-021.65,South American,Sacramento,300,Irrigation,Unknown,NA,1990-03-21 - 1999-04-01,18,spring,NA,NA,105.7,119.4,1989,9.03,5.07,14.82,6.13,Dry,SAC,1989-10-01T00:00:00Z,1990-10-01T00:00:00Z,-121.259,38.4705
