SITE_CODE,WLM_ID,MSMT_DATE,WLM_RPE,WLM_GSE,RDNG_WS,RDNG_RP,WSE,RPE_WSE,GSE_WSE,WLM_QA_DESC,WLM_DESC,WLM_ACC_DESC,WLM_ORG_ID,WLM_ORG_NAME,MSMT_CMT,COOP_AGENCY_ORG_ID,COOP_ORG_NAME,TOP_PRF,BOT_PRF,STN_ID,SWN,WELL_NAME,WLM_METHOD,WLM_ACC,BASIN_CODE,BASIN_NAME,COUNTY_NAME,WELL_DEPTH,WELL_USE,WELL_TYPE,WCR_NO,t_range,n_samples,season,fall_high,fall_low,spring_high,spring_low,water_year,Oct.Mar,Apr.Jul,WYsum,Index,water_year_type,region,water_year_start,water_year_end,X,Y
384742N1213146W001,1443649,2004-03-01T00:00:00Z,89.9,87.4,0,99,-9.1,99,96.5,NA,Unknown,Water level accuracy is unknown,1,Department of Water Resources,NA,1074,SACRAMENTO MUNICIPAL UTILITY DISTRICT,NA,NA,4776,07N06E10M002M,NA,Unknown,Unknown,5-021.65,South American,Sacramento,NA,Irrigation,Unknown,NA,1990-03-15 - 2004-03-01,25,spring,NA,NA,93.5,104.5,2004,10.95,4.4,16.04,7.51,Below Normal,SAC,2003-10-01T00:00:00Z,2004-10-01T00:00:00Z,-121.315,38.4742
384742N1213146W001,1443650,2003-10-01T00:00:00Z,89.9,87.4,0,98.5,-8.6,98.5,96,NA,Unknown,Water level accuracy is unknown,1,Department of Water Resources,NA,1074,SACRAMENTO MUNICIPAL UTILITY DISTRICT,NA,NA,4776,07N06E10M002M,NA,Unknown,Unknown,5-021.65,South American,Sacramento,NA,Irrigation,Unknown,NA,1990-03-15 - 2004-03-01,25,fall,93.9,107.8,NA,NA,2004,10.95,4.4,16.04,7.51,Below Normal,SAC,2003-10-01T00:00:00Z,2004-10-01T00:00:00Z,-121.315,38.4742
384742N1213146W001,1443647,2003-03-15T00:00:00Z,89.9,87.4,0,96,-6.1,96,93.5,NA,Unknown,Water level accuracy is unknown,1,Department of Water Resources,NA,1074,SACRAMENTO MUNICIPAL UTILITY DISTRICT,NA,NA,4776,07N06E10M002M,NA,Unknown,Unknown,5-021.65,South American,Sacramento,NA,Irrigation,Unknown,NA,1990-03-15 - 2004-03-01,25,spring,NA,NA,93.5,104.5,2003,10.71,7.74,19.31,8.21,Above Normal,SAC,2002-10-01T00:00:00Z,2003-10-01T00:00:00Z,-121.315,38.4742
384742N1213146W001,1443645,2002-10-01T00:00:00Z,89.9,87.4,0,96.4,-6.5,96.4,93.9,NA,Unknown,Water level accuracy is unknown,1,Department of Water Resources,NA,1074,SACRAMENTO MUNICIPAL UTILITY DISTRICT,NA,NA,4776,07N06E10M002M,NA,Unknown,Unknown,5-021.65,South American,Sacramento,NA,Irrigation,Unknown,NA,1990-03-15 - 2004-03-01,25,fall,93.9,107.8,NA,NA,2003,10.71,7.74,19.31,8.21,Above Normal,SAC,2002-10-01T00:00:00Z,2003-10-01T00:00:00Z,-121.315,38.4742
384742N1213146W001,1443646,2001-10-01T00:00:00Z,89.9,87.4,0,108.7,-18.8,108.7,106.2,NA,Unknown,Water level accuracy is unknown,1,Department of Water Resources,NA,1074,SACRAMENTO MUNICIPAL UTILITY DISTRICT,NA,NA,4776,07N06E10M002M,NA,Unknown,Unknown,5-021.65,South American,Sacramento,NA,Irrigation,Unknown,NA,1990-03-15 - 2004-03-01,25,fall,93.9,107.8,NA,NA,2002,9.32,4.57,14.6,6.35,Dry,SAC,2001-10-01T00:00:00Z,2002-10-01T00:00:00Z,-121.315,38.4742
384742N1213146W001,1443648,2001-03-15T00:00:00Z,89.9,87.4,0,100,-10.1,100,97.5,NA,Unknown,Water level accuracy is unknown,1,Department of Water Resources,NA,1074,SACRAMENTO MUNICIPAL UTILITY DISTRICT,NA,NA,4776,07N06E10M002M,NA,Unknown,Unknown,5-021.65,South American,Sacramento,NA,Irrigation,Unknown,NA,1990-03-15 - 2004-03-01,25,spring,NA,NA,93.5,104.5,2001,5.64,3.46,9.81,5.76,Dry,SAC,2000-10-01T00:00:00Z,2001-10-01T00:00:00Z,-121.315,38.4742
384742N1213146W001,1443641,2000-03-15T00:00:00Z,89.9,87.4,0,99,-9.1,99,96.5,NA,Unknown,Water level accuracy is unknown,1,Department of Water Resources,NA,1074,SACRAMENTO MUNICIPAL UTILITY DISTRICT,NA,NA,4776,07N06E10M002M,NA,Unknown,Unknown,5-021.65,South American,Sacramento,NA,Irrigation,Unknown,NA,1990-03-15 - 2004-03-01,25,spring,NA,NA,93.5,104.5,2000,12.06,5.96,18.9,8.94,Above Normal,SAC,1999-10-01T00:00:00Z,2000-10-01T00:00:00Z,-121.315,38.4742
384742N1213146W001,1443640,1999-03-15T00:00:00Z,89.9,87.4,0,98,-8.1,98,95.5,NA,Unknown,Water level accuracy is unknown,1,Department of Water Resources,NA,1074,SACRAMENTO MUNICIPAL UTILITY DISTRICT,NA,NA,4776,07N06E10M002M,NA,Unknown,Unknown,5-021.65,South American,Sacramento,NA,Irrigation,Unknown,NA,1990-03-15 - 2004-03-01,25,spring,NA,NA,93.5,104.5,1999,12.97,7.26,21.19,9.8,Wet,SAC,1998-10-01T00:00:00Z,1999-10-01T00:00:00Z,-121.315,38.4742
384742N1213146W001,1443644,1998-10-15T00:00:00Z,89.9,87.4,0,98.9,-9,98.9,96.4,NA,Unknown,Water level accuracy is unknown,1,Department of Water Resources,NA,1074,SACRAMENTO MUNICIPAL UTILITY DISTRICT,NA,NA,4776,07N06E10M002M,NA,Unknown,Unknown,5-021.65,South American,Sacramento,NA,Irrigation,Unknown,NA,1990-03-15 - 2004-03-01,25,fall,93.9,107.8,NA,NA,1999,12.97,7.26,21.19,9.8,Wet,SAC,1998-10-01T00:00:00Z,1999-10-01T00:00:00Z,-121.315,38.4742
384742N1213146W001,1443643,1997-10-15T00:00:00Z,89.9,87.4,0,110.3,-20.4,110.3,107.8,NA,Unknown,Water level accuracy is unknown,1,Department of Water Resources,NA,1074,SACRAMENTO MUNICIPAL UTILITY DISTRICT,NA,NA,4776,07N06E10M002M,NA,Unknown,Unknown,5-021.65,South American,Sacramento,NA,Irrigation,Unknown,NA,1990-03-15 - 2004-03-01,25,fall,93.9,107.8,NA,NA,1998,17.65,12.54,31.4,13.31,Wet,SAC,1997-10-01T00:00:00Z,1998-10-01T00:00:00Z,-121.315,38.4742
384742N1213146W001,1443642,1997-03-15T00:00:00Z,89.9,87.4,0,103.4,-13.5,103.4,100.9,NA,Unknown,Water level accuracy is unknown,1,Department of Water Resources,NA,1074,SACRAMENTO MUNICIPAL UTILITY DISTRICT,NA,NA,4776,07N06E10M002M,NA,Unknown,Unknown,5-021.65,South American,Sacramento,NA,Irrigation,Unknown,NA,1990-03-15 - 2004-03-01,25,spring,NA,NA,93.5,104.5,1997,20.22,4.39,25.42,10.82,Wet,SAC,1996-10-01T00:00:00Z,1997-10-01T00:00:00Z,-121.315,38.4742
384742N1213146W001,1443639,1996-10-15T00:00:00Z,89.9,87.4,0,109.8,-19.9,109.8,107.3,NA,Unknown,Water level accuracy is unknown,1,Department of Water Resources,NA,1074,SACRAMENTO MUNICIPAL UTILITY DISTRICT,NA,NA,4776,07N06E10M002M,NA,Unknown,Unknown,5-021.65,South American,Sacramento,NA,Irrigation,Unknown,NA,1990-03-15 - 2004-03-01,25,fall,93.9,107.8,NA,NA,1997,20.22,4.39,25.42,10.82,Wet,SAC,1996-10-01T00:00:00Z,1997-10-01T00:00:00Z,-121.315,38.4742
384742N1213146W001,1443638,1996-03-15T00:00:00Z,89.9,87.4,0,98.9,-9,98.9,96.4,NA,Unknown,Water level accuracy is unknown,1,Department of Water Resources,NA,1074,SACRAMENTO MUNICIPAL UTILITY DISTRICT,NA,NA,4776,07N06E10M002M,NA,Unknown,Unknown,5-021.65,South American,Sacramento,NA,Irrigation,Unknown,NA,1990-03-15 - 2004-03-01,25,spring,NA,NA,93.5,104.5,1996,13.05,8.37,22.29,10.26,Wet,SAC,1995-10-01T00:00:00Z,1996-10-01T00:00:00Z,-121.315,38.4742
384742N1213146W001,1443637,1995-10-15T00:00:00Z,89.9,87.4,0,108.7,-18.8,108.7,106.2,NA,Unknown,Water level accuracy is unknown,1,Department of Water Resources,NA,1074,SACRAMENTO MUNICIPAL UTILITY DISTRICT,NA,NA,4776,07N06E10M002M,NA,Unknown,Unknown,5-021.65,South American,Sacramento,NA,Irrigation,Unknown,NA,1990-03-15 - 2004-03-01,25,fall,93.9,107.8,NA,NA,1996,13.05,8.37,22.29,10.26,Wet,SAC,1995-10-01T00:00:00Z,1996-10-01T00:00:00Z,-121.315,38.4742
384742N1213146W001,1443636,1995-03-15T00:00:00Z,89.9,87.4,0,107,-17.1,107,104.5,NA,Unknown,Water level accuracy is unknown,1,Department of Water Resources,NA,1074,SACRAMENTO MUNICIPAL UTILITY DISTRICT,NA,NA,4776,07N06E10M002M,NA,Unknown,Unknown,5-021.65,South American,Sacramento,NA,Irrigation,Unknown,NA,1990-03-15 - 2004-03-01,25,spring,NA,NA,93.5,104.5,1995,19.83,13.6,34.55,12.89,Wet,SAC,1994-10-01T00:00:00Z,1995-10-01T00:00:00Z,-121.315,38.4742
384742N1213146W001,1443635,1994-10-15T00:00:00Z,89.9,87.4,0,109.9,-20,109.9,107.4,NA,Unknown,Water level accuracy is unknown,1,Department of Water Resources,NA,1074,SACRAMENTO MUNICIPAL UTILITY DISTRICT,NA,NA,4776,07N06E10M002M,NA,Unknown,Unknown,5-021.65,South American,Sacramento,NA,Irrigation,Unknown,NA,1990-03-15 - 2004-03-01,25,fall,93.9,107.8,NA,NA,1995,19.83,13.6,34.55,12.89,Wet,SAC,1994-10-01T00:00:00Z,1995-10-01T00:00:00Z,-121.315,38.4742
384742N1213146W001,1443634,1994-03-15T00:00:00Z,89.9,87.4,0,105.3,-15.4,105.3,102.8,NA,Unknown,Water level accuracy is unknown,1,Department of Water Resources,NA,1074,SACRAMENTO MUNICIPAL UTILITY DISTRICT,NA,NA,4776,07N06E10M002M,NA,Unknown,Unknown,5-021.65,South American,Sacramento,NA,Irrigation,Unknown,NA,1990-03-15 - 2004-03-01,25,spring,NA,NA,93.5,104.5,1994,4.55,2.73,7.81,5.02,Critical,SAC,1993-10-01T00:00:00Z,1994-10-01T00:00:00Z,-121.315,38.4742
384742N1213146W001,1443633,1993-10-15T00:00:00Z,89.9,87.4,0,110,-20.1,110,107.5,NA,Unknown,Water level accuracy is unknown,1,Department of Water Resources,NA,1074,SACRAMENTO MUNICIPAL UTILITY DISTRICT,NA,NA,4776,07N06E10M002M,NA,Unknown,Unknown,5-021.65,South American,Sacramento,NA,Irrigation,Unknown,NA,1990-03-15 - 2004-03-01,25,fall,93.9,107.8,NA,NA,1994,4.55,2.73,7.81,5.02,Critical,SAC,1993-10-01T00:00:00Z,1994-10-01T00:00:00Z,-121.315,38.4742
384742N1213146W001,1443632,1993-03-15T00:00:00Z,89.9,87.4,0,106,-16.1,106,103.5,NA,Unknown,Water level accuracy is unknown,1,Department of Water Resources,NA,1074,SACRAMENTO MUNICIPAL UTILITY DISTRICT,NA,NA,4776,07N06E10M002M,NA,Unknown,Unknown,5-021.65,South American,Sacramento,NA,Irrigation,Unknown,NA,1990-03-15 - 2004-03-01,25,spring,NA,NA,93.5,104.5,1993,12.44,8.98,22.21,8.54,Above Normal,SAC,1992-10-01T00:00:00Z,1993-10-01T00:00:00Z,-121.315,38.4742
384742N1213146W001,1443631,1992-10-15T00:00:00Z,89.9,87.4,0,107.5,-17.6,107.5,105,NA,Unknown,Water level accuracy is unknown,1,Department of Water Resources,NA,1074,SACRAMENTO MUNICIPAL UTILITY DISTRICT,NA,NA,4776,07N06E10M002M,NA,Unknown,Unknown,5-021.65,South American,Sacramento,NA,Irrigation,Unknown,NA,1990-03-15 - 2004-03-01,25,fall,93.9,107.8,NA,NA,1993,12.44,8.98,22.21,8.54,Above Normal,SAC,1992-10-01T00:00:00Z,1993-10-01T00:00:00Z,-121.315,38.4742
384742N1213146W001,1443630,1992-03-15T00:00:00Z,89.9,87.4,0,105.8,-15.9,105.8,103.3,NA,Unknown,Water level accuracy is unknown,1,Department of Water Resources,NA,1074,SACRAMENTO MUNICIPAL UTILITY DISTRICT,NA,NA,4776,07N06E10M002M,NA,Unknown,Unknown,5-021.65,South American,Sacramento,NA,Irrigation,Unknown,NA,1990-03-15 - 2004-03-01,25,spring,NA,NA,93.5,104.5,1992,5.41,2.93,8.87,4.06,Critical,SAC,1991-10-01T00:00:00Z,1992-10-01T00:00:00Z,-121.315,38.4742
384742N1213146W001,1443629,1991-10-15T00:00:00Z,89.9,87.4,0,108.5,-18.6,108.5,106,NA,Unknown,Water level accuracy is unknown,1,Department of Water Resources,NA,1074,SACRAMENTO MUNICIPAL UTILITY DISTRICT,NA,NA,4776,07N06E10M002M,NA,Unknown,Unknown,5-021.65,South American,Sacramento,NA,Irrigation,Unknown,NA,1990-03-15 - 2004-03-01,25,fall,93.9,107.8,NA,NA,1992,5.41,2.93,8.87,4.06,Critical,SAC,1991-10-01T00:00:00Z,1992-10-01T00:00:00Z,-121.315,38.4742
384742N1213146W001,1443628,1991-03-15T00:00:00Z,89.9,87.4,0,102.8,-12.9,102.8,100.3,NA,Unknown,Water level accuracy is unknown,1,Department of Water Resources,NA,1074,SACRAMENTO MUNICIPAL UTILITY DISTRICT,NA,NA,4776,07N06E10M002M,NA,Unknown,Unknown,5-021.65,South American,Sacramento,NA,Irrigation,Unknown,NA,1990-03-15 - 2004-03-01,25,spring,NA,NA,93.5,104.5,1991,3.9,4.01,8.44,4.21,Critical,SAC,1990-10-01T00:00:00Z,1991-10-01T00:00:00Z,-121.315,38.4742
384742N1213146W001,1443627,1990-10-15T00:00:00Z,89.9,87.4,0,106.8,-16.9,106.8,104.3,NA,Unknown,Water level accuracy is unknown,1,Department of Water Resources,NA,1074,SACRAMENTO MUNICIPAL UTILITY DISTRICT,NA,NA,4776,07N06E10M002M,NA,Unknown,Unknown,5-021.65,South American,Sacramento,NA,Irrigation,Unknown,NA,1990-03-15 - 2004-03-01,25,fall,93.9,107.8,NA,NA,1991,3.9,4.01,8.44,4.21,Critical,SAC,1990-10-01T00:00:00Z,1991-10-01T00:00:00Z,-121.315,38.4742
384742N1213146W001,1443626,1990-03-15T00:00:00Z,89.9,87.4,0,101.2,-11.3,101.2,98.7,NA,Unknown,Water level accuracy is unknown,1,Department of Water Resources,NA,1074,SACRAMENTO MUNICIPAL UTILITY DISTRICT,NA,NA,4776,07N06E10M002M,NA,Unknown,Unknown,5-021.65,South American,Sacramento,NA,Irrigation,Unknown,NA,1990-03-15 - 2004-03-01,25,spring,NA,NA,93.5,104.5,1990,4.94,3.72,9.26,4.81,Critical,SAC,1989-10-01T00:00:00Z,1990-10-01T00:00:00Z,-121.315,38.4742
