STN_ID.x,SITE_CODE,WLM_ID,MSMT_DATE,WLM_RPE,WLM_GSE,RDNG_WS,RDNG_RP,WSE,RPE_WSE,GSE_WSE,WLM_QA_DESC,WLM_DESC,WLM_ACC_DESC,WLM_ORG_ID,WLM_ORG_NAME,MSMT_CMT,COOP_AGENCY_ORG_ID,COOP_ORG_NAME,STN_ID.y,TOP_PRF,BOT_PRF,STN_ID,SWN,WELL_NAME,WLM_METHOD,WLM_ACC,BASIN_CODE,BASIN_NAME,COUNTY_NAME,WELL_DEPTH,WELL_USE,WELL_TYPE,WCR_NO,t_range,n_samples
29312,384737N1215077W001,1438610,1986-10-06T00:00:00Z,20.49,19.79,0,24.1,-3.61,24.1,23.4,NA,Unknown,Water level accuracy is unknown,1,Department of Water Resources,NA,323,Sacramento County,NA,NA,NA,29312,07N04E11K001M,NA,Unknown,Unknown,5-021.65,South American,Sacramento,22,Unknown,Unknown,NA,1930-01-03 - 1986-10-06,91
29312,384737N1215077W001,1438609,1986-03-17T00:00:00Z,20.49,19.79,0,6.6,13.89,6.6,5.9,NA,Unknown,Water level accuracy is unknown,1,Department of Water Resources,NA,323,Sacramento County,NA,NA,NA,29312,07N04E11K001M,NA,Unknown,Unknown,5-021.65,South American,Sacramento,22,Unknown,Unknown,NA,1930-01-03 - 1986-10-06,91
29312,384737N1215077W001,1438608,1985-10-15T00:00:00Z,20.49,19.79,0,10.5,9.99,10.5,9.8,NA,Unknown,Water level accuracy is unknown,1,Department of Water Resources,NA,323,Sacramento County,NA,NA,NA,29312,07N04E11K001M,NA,Unknown,Unknown,5-021.65,South American,Sacramento,22,Unknown,Unknown,NA,1930-01-03 - 1986-10-06,91
29312,384737N1215077W001,1438607,1985-03-21T00:00:00Z,20.49,19.79,0,11.6,8.89,11.6,10.9,NA,Unknown,Water level accuracy is unknown,1,Department of Water Resources,NA,323,Sacramento County,NA,NA,NA,29312,07N04E11K001M,NA,Unknown,Unknown,5-021.65,South American,Sacramento,22,Unknown,Unknown,NA,1930-01-03 - 1986-10-06,91
29312,384737N1215077W001,1438606,1984-10-10T00:00:00Z,20.49,19.79,0,9.4,11.09,9.4,8.7,NA,Unknown,Water level accuracy is unknown,1,Department of Water Resources,NA,323,Sacramento County,NA,NA,NA,29312,07N04E11K001M,NA,Unknown,Unknown,5-021.65,South American,Sacramento,22,Unknown,Unknown,NA,1930-01-03 - 1986-10-06,91
29312,384737N1215077W001,1438605,1984-03-06T00:00:00Z,20.49,19.79,0,7.4,13.09,7.4,6.7,NA,Unknown,Water level accuracy is unknown,1,Department of Water Resources,NA,323,Sacramento County,NA,NA,NA,29312,07N04E11K001M,NA,Unknown,Unknown,5-021.65,South American,Sacramento,22,Unknown,Unknown,NA,1930-01-03 - 1986-10-06,91
29312,384737N1215077W001,1438604,1983-10-04T00:00:00Z,20.49,19.79,0,19.6,0.89,19.6,18.9,NA,Unknown,Water level accuracy is unknown,1,Department of Water Resources,NA,323,Sacramento County,NA,NA,NA,29312,07N04E11K001M,NA,Unknown,Unknown,5-021.65,South American,Sacramento,22,Unknown,Unknown,NA,1930-01-03 - 1986-10-06,91
29312,384737N1215077W001,1438603,1983-03-16T00:00:00Z,20.49,19.79,0,17,3.49,17,16.3,NA,Unknown,Water level accuracy is unknown,1,Department of Water Resources,NA,323,Sacramento County,NA,NA,NA,29312,07N04E11K001M,NA,Unknown,Unknown,5-021.65,South American,Sacramento,22,Unknown,Unknown,NA,1930-01-03 - 1986-10-06,91
29312,384737N1215077W001,1438602,1982-10-27T00:00:00Z,20.49,19.79,0,25,-4.51,25,24.3,NA,Unknown,Water level accuracy is unknown,1,Department of Water Resources,NA,323,Sacramento County,NA,NA,NA,29312,07N04E11K001M,NA,Unknown,Unknown,5-021.65,South American,Sacramento,22,Unknown,Unknown,NA,1930-01-03 - 1986-10-06,91
29312,384737N1215077W001,1438601,1981-10-14T00:00:00Z,20.49,19.79,0,10,10.49,10,9.3,NA,Unknown,Water level accuracy is unknown,1,Department of Water Resources,NA,323,Sacramento County,NA,NA,NA,29312,07N04E11K001M,NA,Unknown,Unknown,5-021.65,South American,Sacramento,22,Unknown,Unknown,NA,1930-01-03 - 1986-10-06,91
29312,384737N1215077W001,1438600,1981-03-09T00:00:00Z,20.49,19.79,0,24.3,-3.81,24.3,23.6,NA,Unknown,Water level accuracy is unknown,1,Department of Water Resources,NA,323,Sacramento County,NA,NA,NA,29312,07N04E11K001M,NA,Unknown,Unknown,5-021.65,South American,Sacramento,22,Unknown,Unknown,NA,1930-01-03 - 1986-10-06,91
29312,384737N1215077W001,1438599,1980-10-14T00:00:00Z,20.49,19.79,0,10,10.49,10,9.3,NA,Unknown,Water level accuracy is unknown,1,Department of Water Resources,NA,323,Sacramento County,NA,NA,NA,29312,07N04E11K001M,NA,Unknown,Unknown,5-021.65,South American,Sacramento,22,Unknown,Unknown,NA,1930-01-03 - 1986-10-06,91
29312,384737N1215077W001,1438597,1979-10-01T00:00:00Z,20.49,19.79,0,11.6,8.89,11.6,10.9,NA,Unknown,Water level accuracy is unknown,1,Department of Water Resources,NA,323,Sacramento County,NA,NA,NA,29312,07N04E11K001M,NA,Unknown,Unknown,5-021.65,South American,Sacramento,22,Unknown,Unknown,NA,1930-01-03 - 1986-10-06,91
29312,384737N1215077W001,1438596,1979-03-12T00:00:00Z,20.49,19.79,0,8.6,11.89,8.6,7.9,NA,Unknown,Water level accuracy is unknown,1,Department of Water Resources,NA,323,Sacramento County,NA,NA,NA,29312,07N04E11K001M,NA,Unknown,Unknown,5-021.65,South American,Sacramento,22,Unknown,Unknown,NA,1930-01-03 - 1986-10-06,91
29312,384737N1215077W001,1438594,1978-03-13T00:00:00Z,20.49,19.79,0,8.8,11.69,8.8,8.1,NA,Unknown,Water level accuracy is unknown,1,Department of Water Resources,NA,323,Sacramento County,NA,NA,NA,29312,07N04E11K001M,NA,Unknown,Unknown,5-021.65,South American,Sacramento,22,Unknown,Unknown,NA,1930-01-03 - 1986-10-06,91
29312,384737N1215077W001,1438593,1977-10-03T00:00:00Z,20.49,19.79,0,7.8,12.69,7.8,7.1,NA,Unknown,Water level accuracy is unknown,1,Department of Water Resources,NA,323,Sacramento County,NA,NA,NA,29312,07N04E11K001M,NA,Unknown,Unknown,5-021.65,South American,Sacramento,22,Unknown,Unknown,NA,1930-01-03 - 1986-10-06,91
29312,384737N1215077W001,1438592,1977-03-07T00:00:00Z,20.49,19.79,0,11,9.49,11,10.3,NA,Unknown,Water level accuracy is unknown,1,Department of Water Resources,NA,323,Sacramento County,NA,NA,NA,29312,07N04E11K001M,NA,Unknown,Unknown,5-021.65,South American,Sacramento,22,Unknown,Unknown,NA,1930-01-03 - 1986-10-06,91
29312,384737N1215077W001,1438591,1976-10-06T00:00:00Z,20.49,19.79,0,8.8,11.69,8.8,8.1,NA,Unknown,Water level accuracy is unknown,1,Department of Water Resources,NA,323,Sacramento County,NA,NA,NA,29312,07N04E11K001M,NA,Unknown,Unknown,5-021.65,South American,Sacramento,22,Unknown,Unknown,NA,1930-01-03 - 1986-10-06,91
29312,384737N1215077W001,1438590,1976-03-02T00:00:00Z,20.49,19.79,0,12.4,8.09,12.4,11.7,NA,Unknown,Water level accuracy is unknown,1,Department of Water Resources,NA,323,Sacramento County,NA,NA,NA,29312,07N04E11K001M,NA,Unknown,Unknown,5-021.65,South American,Sacramento,22,Unknown,Unknown,NA,1930-01-03 - 1986-10-06,91
29312,384737N1215077W001,1438589,1975-10-06T00:00:00Z,20.49,19.79,0,7.9,12.59,7.9,7.2,NA,Unknown,Water level accuracy is unknown,1,Department of Water Resources,NA,323,Sacramento County,NA,NA,NA,29312,07N04E11K001M,NA,Unknown,Unknown,5-021.65,South American,Sacramento,22,Unknown,Unknown,NA,1930-01-03 - 1986-10-06,91
29312,384737N1215077W001,1438588,1975-03-05T00:00:00Z,20.49,19.79,0,13.4,7.09,13.4,12.7,NA,Unknown,Water level accuracy is unknown,1,Department of Water Resources,NA,323,Sacramento County,NA,NA,NA,29312,07N04E11K001M,NA,Unknown,Unknown,5-021.65,South American,Sacramento,22,Unknown,Unknown,NA,1930-01-03 - 1986-10-06,91
29312,384737N1215077W001,1438587,1974-10-03T00:00:00Z,20.49,19.79,0,10.2,10.29,10.2,9.5,NA,Unknown,Water level accuracy is unknown,1,Department of Water Resources,NA,323,Sacramento County,NA,NA,NA,29312,07N04E11K001M,NA,Unknown,Unknown,5-021.65,South American,Sacramento,22,Unknown,Unknown,NA,1930-01-03 - 1986-10-06,91
29312,384737N1215077W001,1438586,1974-03-04T00:00:00Z,20.49,19.79,0,6.9,13.59,6.9,6.2,NA,Unknown,Water level accuracy is unknown,1,Department of Water Resources,NA,323,Sacramento County,NA,NA,NA,29312,07N04E11K001M,NA,Unknown,Unknown,5-021.65,South American,Sacramento,22,Unknown,Unknown,NA,1930-01-03 - 1986-10-06,91
29312,384737N1215077W001,1438585,1973-10-02T00:00:00Z,20.49,19.79,0,11.2,9.29,11.2,10.5,NA,Unknown,Water level accuracy is unknown,1,Department of Water Resources,NA,323,Sacramento County,NA,NA,NA,29312,07N04E11K001M,NA,Unknown,Unknown,5-021.65,South American,Sacramento,22,Unknown,Unknown,NA,1930-01-03 - 1986-10-06,91
29312,384737N1215077W001,1438584,1973-03-07T00:00:00Z,20.49,19.79,0,5,15.49,5,4.3,NA,Unknown,Water level accuracy is unknown,1,Department of Water Resources,NA,323,Sacramento County,NA,NA,NA,29312,07N04E11K001M,NA,Unknown,Unknown,5-021.65,South American,Sacramento,22,Unknown,Unknown,NA,1930-01-03 - 1986-10-06,91
29312,384737N1215077W001,1438583,1972-10-10T00:00:00Z,20.49,19.79,0,11.7,8.79,11.7,11,NA,Unknown,Water level accuracy is unknown,1,Department of Water Resources,NA,323,Sacramento County,NA,NA,NA,29312,07N04E11K001M,NA,Unknown,Unknown,5-021.65,South American,Sacramento,22,Unknown,Unknown,NA,1930-01-03 - 1986-10-06,91
29312,384737N1215077W001,1438582,1972-03-06T00:00:00Z,20.49,19.79,0,11.9,8.59,11.9,11.2,NA,Unknown,Water level accuracy is unknown,1,Department of Water Resources,NA,323,Sacramento County,NA,NA,NA,29312,07N04E11K001M,NA,Unknown,Unknown,5-021.65,South American,Sacramento,22,Unknown,Unknown,NA,1930-01-03 - 1986-10-06,91
29312,384737N1215077W001,1438581,1971-10-04T00:00:00Z,20.49,19.79,0,10.7,9.79,10.7,10,NA,Unknown,Water level accuracy is unknown,1,Department of Water Resources,NA,323,Sacramento County,NA,NA,NA,29312,07N04E11K001M,NA,Unknown,Unknown,5-021.65,South American,Sacramento,22,Unknown,Unknown,NA,1930-01-03 - 1986-10-06,91
29312,384737N1215077W001,1438580,1971-03-17T00:00:00Z,20.49,19.79,0,9.9,10.59,9.9,9.2,NA,Unknown,Water level accuracy is unknown,1,Department of Water Resources,NA,323,Sacramento County,NA,NA,NA,29312,07N04E11K001M,NA,Unknown,Unknown,5-021.65,South American,Sacramento,22,Unknown,Unknown,NA,1930-01-03 - 1986-10-06,91
29312,384737N1215077W001,1438579,1970-10-07T00:00:00Z,20.49,19.79,0,10.8,9.69,10.8,10.1,NA,Unknown,Water level accuracy is unknown,1,Department of Water Resources,NA,323,Sacramento County,NA,NA,NA,29312,07N04E11K001M,NA,Unknown,Unknown,5-021.65,South American,Sacramento,22,Unknown,Unknown,NA,1930-01-03 - 1986-10-06,91
29312,384737N1215077W001,1438578,1970-04-06T00:00:00Z,20.49,19.79,0,8.3,12.19,8.3,7.6,NA,Unknown,Water level accuracy is unknown,1,Department of Water Resources,NA,323,Sacramento County,NA,NA,NA,29312,07N04E11K001M,NA,Unknown,Unknown,5-021.65,South American,Sacramento,22,Unknown,Unknown,NA,1930-01-03 - 1986-10-06,91
29312,384737N1215077W001,1438577,1969-03-24T00:00:00Z,20.49,19.79,0,7.8,12.69,7.8,7.1,NA,Unknown,Water level accuracy is unknown,1,Department of Water Resources,NA,323,Sacramento County,NA,NA,NA,29312,07N04E11K001M,NA,Unknown,Unknown,5-021.65,South American,Sacramento,22,Unknown,Unknown,NA,1930-01-03 - 1986-10-06,91
29312,384737N1215077W001,1438576,1968-10-08T00:00:00Z,20.49,19.79,0,10.6,9.89,10.6,9.9,NA,Unknown,Water level accuracy is unknown,1,Department of Water Resources,NA,323,Sacramento County,NA,NA,NA,29312,07N04E11K001M,NA,Unknown,Unknown,5-021.65,South American,Sacramento,22,Unknown,Unknown,NA,1930-01-03 - 1986-10-06,91
29312,384737N1215077W001,1438575,1968-03-04T00:00:00Z,20.49,19.79,0,8.5,11.99,8.5,7.8,NA,Unknown,Water level accuracy is unknown,1,Department of Water Resources,NA,323,Sacramento County,NA,NA,NA,29312,07N04E11K001M,NA,Unknown,Unknown,5-021.65,South American,Sacramento,22,Unknown,Unknown,NA,1930-01-03 - 1986-10-06,91
29312,384737N1215077W001,1438574,1967-10-09T00:00:00Z,20.49,19.79,0,9,11.49,9,8.3,NA,Unknown,Water level accuracy is unknown,1,Department of Water Resources,NA,323,Sacramento County,NA,NA,NA,29312,07N04E11K001M,NA,Unknown,Unknown,5-021.65,South American,Sacramento,22,Unknown,Unknown,NA,1930-01-03 - 1986-10-06,91
29312,384737N1215077W001,1438573,1967-03-17T00:00:00Z,20.49,19.79,0,9.9,10.59,9.9,9.2,NA,Unknown,Water level accuracy is unknown,1,Department of Water Resources,NA,323,Sacramento County,NA,NA,NA,29312,07N04E11K001M,NA,Unknown,Unknown,5-021.65,South American,Sacramento,22,Unknown,Unknown,NA,1930-01-03 - 1986-10-06,91
29312,384737N1215077W001,1438572,1966-10-04T00:00:00Z,20.49,19.79,0,10,10.49,10,9.3,NA,Unknown,Water level accuracy is unknown,1,Department of Water Resources,NA,323,Sacramento County,NA,NA,NA,29312,07N04E11K001M,NA,Unknown,Unknown,5-021.65,South American,Sacramento,22,Unknown,Unknown,NA,1930-01-03 - 1986-10-06,91
29312,384737N1215077W001,1438571,1966-03-09T00:00:00Z,20.49,19.79,0,12.3,8.19,12.3,11.6,NA,Unknown,Water level accuracy is unknown,1,Department of Water Resources,NA,323,Sacramento County,NA,NA,NA,29312,07N04E11K001M,NA,Unknown,Unknown,5-021.65,South American,Sacramento,22,Unknown,Unknown,NA,1930-01-03 - 1986-10-06,91
29312,384737N1215077W001,1438570,1965-10-21T00:00:00Z,20.49,19.79,0,12.5,7.99,12.5,11.8,NA,Unknown,Water level accuracy is unknown,1,Department of Water Resources,NA,323,Sacramento County,NA,NA,NA,29312,07N04E11K001M,NA,Unknown,Unknown,5-021.65,South American,Sacramento,22,Unknown,Unknown,NA,1930-01-03 - 1986-10-06,91
29312,384737N1215077W001,1438568,1965-03-16T00:00:00Z,20.49,19.79,0,11.3,9.19,11.3,10.6,NA,Unknown,Water level accuracy is unknown,1,Department of Water Resources,NA,323,Sacramento County,NA,NA,NA,29312,07N04E11K001M,NA,Unknown,Unknown,5-021.65,South American,Sacramento,22,Unknown,Unknown,NA,1930-01-03 - 1986-10-06,91
29312,384737N1215077W001,1438567,1964-10-06T00:00:00Z,20.49,19.79,0,13.1,7.39,13.1,12.4,NA,Unknown,Water level accuracy is unknown,1,Department of Water Resources,NA,323,Sacramento County,NA,NA,NA,29312,07N04E11K001M,NA,Unknown,Unknown,5-021.65,South American,Sacramento,22,Unknown,Unknown,NA,1930-01-03 - 1986-10-06,91
29312,384737N1215077W001,1438566,1964-03-31T00:00:00Z,20.49,19.79,0,14.8,5.69,14.8,14.1,NA,Unknown,Water level accuracy is unknown,1,Department of Water Resources,NA,323,Sacramento County,NA,NA,NA,29312,07N04E11K001M,NA,Unknown,Unknown,5-021.65,South American,Sacramento,22,Unknown,Unknown,NA,1930-01-03 - 1986-10-06,91
29312,384737N1215077W001,1438565,1963-10-14T00:00:00Z,20.49,19.79,0,10.8,9.69,10.8,10.1,NA,Unknown,Water level accuracy is unknown,1,Department of Water Resources,NA,323,Sacramento County,NA,NA,NA,29312,07N04E11K001M,NA,Unknown,Unknown,5-021.65,South American,Sacramento,22,Unknown,Unknown,NA,1930-01-03 - 1986-10-06,91
29312,384737N1215077W001,1438564,1963-03-18T00:00:00Z,20.49,19.79,0,11.5,8.99,11.5,10.8,NA,Unknown,Water level accuracy is unknown,1,Department of Water Resources,NA,1,Department of Water Resources,NA,NA,NA,29312,07N04E11K001M,NA,Unknown,Unknown,5-021.65,South American,Sacramento,22,Unknown,Unknown,NA,1930-01-03 - 1986-10-06,91
29312,384737N1215077W001,1438563,1962-10-08T00:00:00Z,20.49,19.79,0,11.5,8.99,11.5,10.8,NA,Unknown,Water level accuracy is unknown,1,Department of Water Resources,NA,1,Department of Water Resources,NA,NA,NA,29312,07N04E11K001M,NA,Unknown,Unknown,5-021.65,South American,Sacramento,22,Unknown,Unknown,NA,1930-01-03 - 1986-10-06,91
29312,384737N1215077W001,1438562,1962-03-05T00:00:00Z,20.49,19.79,0,8.8,11.69,8.8,8.1,NA,Unknown,Water level accuracy is unknown,1,Department of Water Resources,NA,1,Department of Water Resources,NA,NA,NA,29312,07N04E11K001M,NA,Unknown,Unknown,5-021.65,South American,Sacramento,22,Unknown,Unknown,NA,1930-01-03 - 1986-10-06,91
29312,384737N1215077W001,1438561,1961-10-02T00:00:00Z,20.49,19.79,0,9.3,11.19,9.3,8.6,NA,Unknown,Water level accuracy is unknown,1,Department of Water Resources,NA,1,Department of Water Resources,NA,NA,NA,29312,07N04E11K001M,NA,Unknown,Unknown,5-021.65,South American,Sacramento,22,Unknown,Unknown,NA,1930-01-03 - 1986-10-06,91
29312,384737N1215077W001,1438560,1961-04-12T00:00:00Z,20.49,19.79,0,12.3,8.19,12.3,11.6,NA,Unknown,Water level accuracy is unknown,1,Department of Water Resources,NA,1,Department of Water Resources,NA,NA,NA,29312,07N04E11K001M,NA,Unknown,Unknown,5-021.65,South American,Sacramento,22,Unknown,Unknown,NA,1930-01-03 - 1986-10-06,91
29312,384737N1215077W001,1438559,1960-03-03T00:00:00Z,20.49,19.79,0,15.5,4.99,15.5,14.8,NA,Unknown,Water level accuracy is unknown,1,Department of Water Resources,NA,1,Department of Water Resources,NA,NA,NA,29312,07N04E11K001M,NA,Unknown,Unknown,5-021.65,South American,Sacramento,22,Unknown,Unknown,NA,1930-01-03 - 1986-10-06,91
29312,384737N1215077W001,1438558,1959-10-02T00:00:00Z,20.49,19.79,0,14.3,6.19,14.3,13.6,NA,Unknown,Water level accuracy is unknown,1,Department of Water Resources,NA,1,Department of Water Resources,NA,NA,NA,29312,07N04E11K001M,NA,Unknown,Unknown,5-021.65,South American,Sacramento,22,Unknown,Unknown,NA,1930-01-03 - 1986-10-06,91
29312,384737N1215077W001,1438557,1959-03-10T00:00:00Z,20.49,19.79,0,16,4.49,16,15.3,NA,Unknown,Water level accuracy is unknown,1,Department of Water Resources,NA,1,Department of Water Resources,NA,NA,NA,29312,07N04E11K001M,NA,Unknown,Unknown,5-021.65,South American,Sacramento,22,Unknown,Unknown,NA,1930-01-03 - 1986-10-06,91
29312,384737N1215077W001,1438556,1958-10-10T00:00:00Z,20.49,19.79,0,8.5,11.99,8.5,7.8,NA,Unknown,Water level accuracy is unknown,1,Department of Water Resources,NA,1,Department of Water Resources,NA,NA,NA,29312,07N04E11K001M,NA,Unknown,Unknown,5-021.65,South American,Sacramento,22,Unknown,Unknown,NA,1930-01-03 - 1986-10-06,91
29312,384737N1215077W001,1438555,1958-03-26T00:00:00Z,20.49,19.79,0,5.4,15.09,5.4,4.7,NA,Unknown,Water level accuracy is unknown,1,Department of Water Resources,NA,1,Department of Water Resources,NA,NA,NA,29312,07N04E11K001M,NA,Unknown,Unknown,5-021.65,South American,Sacramento,22,Unknown,Unknown,NA,1930-01-03 - 1986-10-06,91
29312,384737N1215077W001,1438554,1957-10-09T00:00:00Z,20.49,19.79,0,12.7,7.79,12.7,12,NA,Unknown,Water level accuracy is unknown,1,Department of Water Resources,NA,1,Department of Water Resources,NA,NA,NA,29312,07N04E11K001M,NA,Unknown,Unknown,5-021.65,South American,Sacramento,22,Unknown,Unknown,NA,1930-01-03 - 1986-10-06,91
29312,384737N1215077W001,1438553,1957-03-14T00:00:00Z,20.49,19.79,0,8.8,11.69,8.8,8.1,NA,Unknown,Water level accuracy is unknown,1,Department of Water Resources,NA,1,Department of Water Resources,NA,NA,NA,29312,07N04E11K001M,NA,Unknown,Unknown,5-021.65,South American,Sacramento,22,Unknown,Unknown,NA,1930-01-03 - 1986-10-06,91
29312,384737N1215077W001,1438552,1956-10-24T00:00:00Z,20.49,19.79,0,13.8,6.69,13.8,13.1,NA,Unknown,Water level accuracy is unknown,1,Department of Water Resources,NA,1,Department of Water Resources,NA,NA,NA,29312,07N04E11K001M,NA,Unknown,Unknown,5-021.65,South American,Sacramento,22,Unknown,Unknown,NA,1930-01-03 - 1986-10-06,91
29312,384737N1215077W001,1438551,1956-03-26T00:00:00Z,20.49,19.79,0,8.9,11.59,8.9,8.2,NA,Unknown,Water level accuracy is unknown,1,Department of Water Resources,NA,1,Department of Water Resources,NA,NA,NA,29312,07N04E11K001M,NA,Unknown,Unknown,5-021.65,South American,Sacramento,22,Unknown,Unknown,NA,1930-01-03 - 1986-10-06,91
29312,384737N1215077W001,1438550,1955-10-29T00:00:00Z,20.49,19.79,0,11.5,8.99,11.5,10.8,NA,Unknown,Water level accuracy is unknown,1,Department of Water Resources,NA,1,Department of Water Resources,NA,NA,NA,29312,07N04E11K001M,NA,Unknown,Unknown,5-021.65,South American,Sacramento,22,Unknown,Unknown,NA,1930-01-03 - 1986-10-06,91
29312,384737N1215077W001,1438549,1955-10-17T00:00:00Z,20.49,19.79,0,11,9.49,11,10.3,NA,Unknown,Water level accuracy is unknown,1,Department of Water Resources,NA,1,Department of Water Resources,NA,NA,NA,29312,07N04E11K001M,NA,Unknown,Unknown,5-021.65,South American,Sacramento,22,Unknown,Unknown,NA,1930-01-03 - 1986-10-06,91
29312,384737N1215077W001,1438548,1955-03-25T00:00:00Z,20.49,19.79,0,13.3,7.19,13.3,12.6,NA,Unknown,Water level accuracy is unknown,1,Department of Water Resources,NA,1,Department of Water Resources,NA,NA,NA,29312,07N04E11K001M,NA,Unknown,Unknown,5-021.65,South American,Sacramento,22,Unknown,Unknown,NA,1930-01-03 - 1986-10-06,91
29312,384737N1215077W001,1438547,1954-10-29T00:00:00Z,20.49,19.79,0,11.5,8.99,11.5,10.8,NA,Unknown,Water level accuracy is unknown,1,Department of Water Resources,NA,1,Department of Water Resources,NA,NA,NA,29312,07N04E11K001M,NA,Unknown,Unknown,5-021.65,South American,Sacramento,22,Unknown,Unknown,NA,1930-01-03 - 1986-10-06,91
29312,384737N1215077W001,1438546,1954-04-06T00:00:00Z,20.49,19.79,0,9.3,11.19,9.3,8.6,NA,Unknown,Water level accuracy is unknown,1,Department of Water Resources,NA,1,Department of Water Resources,NA,NA,NA,29312,07N04E11K001M,NA,Unknown,Unknown,5-021.65,South American,Sacramento,22,Unknown,Unknown,NA,1930-01-03 - 1986-10-06,91
29312,384737N1215077W001,1438545,1953-11-03T00:00:00Z,20.49,19.79,0,13.4,7.09,13.4,12.7,NA,Unknown,Water level accuracy is unknown,1,Department of Water Resources,NA,1,Department of Water Resources,NA,NA,NA,29312,07N04E11K001M,NA,Unknown,Unknown,5-021.65,South American,Sacramento,22,Unknown,Unknown,NA,1930-01-03 - 1986-10-06,91
29312,384737N1215077W001,1438544,1953-10-28T00:00:00Z,20.49,19.79,0,13.3,7.19,13.3,12.6,NA,Unknown,Water level accuracy is unknown,1,Department of Water Resources,NA,1,Department of Water Resources,NA,NA,NA,29312,07N04E11K001M,NA,Unknown,Unknown,5-021.65,South American,Sacramento,22,Unknown,Unknown,NA,1930-01-03 - 1986-10-06,91
29312,384737N1215077W001,1438543,1953-10-01T00:00:00Z,20.49,19.79,0,11.8,8.69,11.8,11.1,NA,Unknown,Water level accuracy is unknown,1,Department of Water Resources,NA,1,Department of Water Resources,NA,NA,NA,29312,07N04E11K001M,NA,Unknown,Unknown,5-021.65,South American,Sacramento,22,Unknown,Unknown,NA,1930-01-03 - 1986-10-06,91
29312,384737N1215077W001,1438542,1953-08-26T00:00:00Z,20.49,19.79,0,9.3,11.19,9.3,8.6,NA,Unknown,Water level accuracy is unknown,1,Department of Water Resources,NA,1,Department of Water Resources,NA,NA,NA,29312,07N04E11K001M,NA,Unknown,Unknown,5-021.65,South American,Sacramento,22,Unknown,Unknown,NA,1930-01-03 - 1986-10-06,91
29312,384737N1215077W001,1438541,1953-08-13T00:00:00Z,20.49,19.79,0,11.2,9.29,11.2,10.5,NA,Unknown,Water level accuracy is unknown,1,Department of Water Resources,NA,1,Department of Water Resources,NA,NA,NA,29312,07N04E11K001M,NA,Unknown,Unknown,5-021.65,South American,Sacramento,22,Unknown,Unknown,NA,1930-01-03 - 1986-10-06,91
29312,384737N1215077W001,1438540,1953-07-21T00:00:00Z,20.49,19.79,0,11.9,8.59,11.9,11.2,NA,Unknown,Water level accuracy is unknown,1,Department of Water Resources,NA,1,Department of Water Resources,NA,NA,NA,29312,07N04E11K001M,NA,Unknown,Unknown,5-021.65,South American,Sacramento,22,Unknown,Unknown,NA,1930-01-03 - 1986-10-06,91
29312,384737N1215077W001,1438539,1953-07-08T00:00:00Z,20.49,19.79,0,11.6,8.89,11.6,10.9,NA,Unknown,Water level accuracy is unknown,1,Department of Water Resources,NA,1,Department of Water Resources,NA,NA,NA,29312,07N04E11K001M,NA,Unknown,Unknown,5-021.65,South American,Sacramento,22,Unknown,Unknown,NA,1930-01-03 - 1986-10-06,91
29312,384737N1215077W001,1438538,1953-05-19T00:00:00Z,20.49,19.79,0,9.7,10.79,9.7,9,NA,Unknown,Water level accuracy is unknown,1,Department of Water Resources,NA,1,Department of Water Resources,NA,NA,NA,29312,07N04E11K001M,NA,Unknown,Unknown,5-021.65,South American,Sacramento,22,Unknown,Unknown,NA,1930-01-03 - 1986-10-06,91
29312,384737N1215077W001,1438537,1953-04-02T00:00:00Z,20.49,19.79,0,10.2,10.29,10.2,9.5,NA,Unknown,Water level accuracy is unknown,1,Department of Water Resources,NA,1,Department of Water Resources,NA,NA,NA,29312,07N04E11K001M,NA,Unknown,Unknown,5-021.65,South American,Sacramento,22,Unknown,Unknown,NA,1930-01-03 - 1986-10-06,91
29312,384737N1215077W001,1438536,1953-02-10T00:00:00Z,20.49,19.79,0,8,12.49,8,7.3,NA,Unknown,Water level accuracy is unknown,1,Department of Water Resources,NA,1,Department of Water Resources,NA,NA,NA,29312,07N04E11K001M,NA,Unknown,Unknown,5-021.65,South American,Sacramento,22,Unknown,Unknown,NA,1930-01-03 - 1986-10-06,91
29312,384737N1215077W001,1438535,1952-10-23T00:00:00Z,20.49,19.79,0,14.3,6.19,14.3,13.6,NA,Unknown,Water level accuracy is unknown,1,Department of Water Resources,NA,1,Department of Water Resources,NA,NA,NA,29312,07N04E11K001M,NA,Unknown,Unknown,5-021.65,South American,Sacramento,22,Unknown,Unknown,NA,1930-01-03 - 1986-10-06,91
29312,384737N1215077W001,1438534,1951-11-29T00:00:00Z,20.49,19.79,0,14.4,6.09,14.4,13.7,NA,Unknown,Water level accuracy is unknown,1,Department of Water Resources,NA,1,Department of Water Resources,NA,NA,NA,29312,07N04E11K001M,NA,Unknown,Unknown,5-021.65,South American,Sacramento,22,Unknown,Unknown,NA,1930-01-03 - 1986-10-06,91
29312,384737N1215077W001,1438533,1950-11-09T00:00:00Z,20.49,19.79,0,14.9,5.59,14.9,14.2,NA,Unknown,Water level accuracy is unknown,1,Department of Water Resources,NA,1,Department of Water Resources,NA,NA,NA,29312,07N04E11K001M,NA,Unknown,Unknown,5-021.65,South American,Sacramento,22,Unknown,Unknown,NA,1930-01-03 - 1986-10-06,91
29312,384737N1215077W001,1438532,1949-12-08T00:00:00Z,20.49,19.79,0,15.7,4.79,15.7,15,NA,Unknown,Water level accuracy is unknown,1,Department of Water Resources,NA,1,Department of Water Resources,NA,NA,NA,29312,07N04E11K001M,NA,Unknown,Unknown,5-021.65,South American,Sacramento,22,Unknown,Unknown,NA,1930-01-03 - 1986-10-06,91
29312,384737N1215077W001,1438531,1948-12-10T00:00:00Z,20.49,19.79,0,15.1,5.39,15.1,14.4,NA,Unknown,Water level accuracy is unknown,1,Department of Water Resources,NA,1,Department of Water Resources,NA,NA,NA,29312,07N04E11K001M,NA,Unknown,Unknown,5-021.65,South American,Sacramento,22,Unknown,Unknown,NA,1930-01-03 - 1986-10-06,91
29312,384737N1215077W001,1438530,1947-11-14T00:00:00Z,20.49,19.79,0,14.6,5.89,14.6,13.9,NA,Unknown,Water level accuracy is unknown,1,Department of Water Resources,NA,1,Department of Water Resources,NA,NA,NA,29312,07N04E11K001M,NA,Unknown,Unknown,5-021.65,South American,Sacramento,22,Unknown,Unknown,NA,1930-01-03 - 1986-10-06,91
29312,384737N1215077W001,1438529,1941-01-14T00:00:00Z,20.49,19.79,0,7.4,13.09,7.4,6.7,NA,Unknown,Water level accuracy is unknown,1,Department of Water Resources,NA,1,Department of Water Resources,NA,NA,NA,29312,07N04E11K001M,NA,Unknown,Unknown,5-021.65,South American,Sacramento,22,Unknown,Unknown,NA,1930-01-03 - 1986-10-06,91
29312,384737N1215077W001,1438528,1939-01-06T00:00:00Z,20.49,19.79,0,10.4,10.09,10.4,9.7,NA,Unknown,Water level accuracy is unknown,1,Department of Water Resources,NA,1,Department of Water Resources,NA,NA,NA,29312,07N04E11K001M,NA,Unknown,Unknown,5-021.65,South American,Sacramento,22,Unknown,Unknown,NA,1930-01-03 - 1986-10-06,91
29312,384737N1215077W001,1438612,1937-11-04T00:00:00Z,20.49,19.79,0,14.4,6.09,14.4,13.7,NA,Unknown,Water level accuracy is unknown,1,Department of Water Resources,HAND PUMP BENEATH WALNUT TREE,1,Department of Water Resources,NA,NA,NA,29312,07N04E11K001M,NA,Unknown,Unknown,5-021.65,South American,Sacramento,22,Unknown,Unknown,NA,1930-01-03 - 1986-10-06,91
29312,384737N1215077W001,1438527,1936-12-07T00:00:00Z,20.49,19.79,0,14.5,5.99,14.5,13.8,NA,Unknown,Water level accuracy is unknown,1,Department of Water Resources,NA,1,Department of Water Resources,NA,NA,NA,29312,07N04E11K001M,NA,Unknown,Unknown,5-021.65,South American,Sacramento,22,Unknown,Unknown,NA,1930-01-03 - 1986-10-06,91
29312,384737N1215077W001,1438526,1934-11-13T00:00:00Z,20.49,19.79,0,15.6,4.89,15.6,14.9,NA,Unknown,Water level accuracy is unknown,1,Department of Water Resources,NA,1,Department of Water Resources,NA,NA,NA,29312,07N04E11K001M,NA,Unknown,Unknown,5-021.65,South American,Sacramento,22,Unknown,Unknown,NA,1930-01-03 - 1986-10-06,91
29312,384737N1215077W001,1438525,1933-11-28T00:00:00Z,20.49,19.79,0,15.5,4.99,15.5,14.8,NA,Unknown,Water level accuracy is unknown,1,Department of Water Resources,NA,1,Department of Water Resources,NA,NA,NA,29312,07N04E11K001M,NA,Unknown,Unknown,5-021.65,South American,Sacramento,22,Unknown,Unknown,NA,1930-01-03 - 1986-10-06,91
29312,384737N1215077W001,1438524,1932-11-04T00:00:00Z,20.49,19.79,0,15.5,4.99,15.5,14.8,NA,Unknown,Water level accuracy is unknown,1,Department of Water Resources,TIDE OUT,1,Department of Water Resources,NA,NA,NA,29312,07N04E11K001M,NA,Unknown,Unknown,5-021.65,South American,Sacramento,22,Unknown,Unknown,NA,1930-01-03 - 1986-10-06,91
29312,384737N1215077W001,1438523,1931-12-07T00:00:00Z,20.49,19.79,0,15.4,5.09,15.4,14.7,NA,Unknown,Water level accuracy is unknown,1,Department of Water Resources,NA,1,Department of Water Resources,NA,NA,NA,29312,07N04E11K001M,NA,Unknown,Unknown,5-021.65,South American,Sacramento,22,Unknown,Unknown,NA,1930-01-03 - 1986-10-06,91
29312,384737N1215077W001,1438522,1930-10-24T00:00:00Z,20.49,19.79,0,14.7,5.79,14.7,14,NA,Unknown,Water level accuracy is unknown,1,Department of Water Resources,NA,1,Department of Water Resources,NA,NA,NA,29312,07N04E11K001M,NA,Unknown,Unknown,5-021.65,South American,Sacramento,22,Unknown,Unknown,NA,1930-01-03 - 1986-10-06,91
29312,384737N1215077W001,1438611,1930-01-03T00:00:00Z,20.49,19.79,0,12.5,7.99,12.5,11.8,NA,Unknown,Water level accuracy is unknown,1,Department of Water Resources,HAND DRILLED BY OWNER,1,Department of Water Resources,NA,NA,NA,29312,07N04E11K001M,NA,Unknown,Unknown,5-021.65,South American,Sacramento,22,Unknown,Unknown,NA,1930-01-03 - 1986-10-06,91
