SITE_CODE,WLM_ID,MSMT_DATE,WLM_RPE,WLM_GSE,RDNG_WS,RDNG_RP,WSE,RPE_WSE,GSE_WSE,WLM_QA_DESC,WLM_DESC,WLM_ACC_DESC,WLM_ORG_ID,WLM_ORG_NAME,MSMT_CMT,COOP_AGENCY_ORG_ID,COOP_ORG_NAME,TOP_PRF,BOT_PRF,STN_ID,SWN,WELL_NAME,WLM_METHOD,WLM_ACC,BASIN_CODE,BASIN_NAME,COUNTY_NAME,WELL_DEPTH,WELL_USE,WELL_TYPE,WCR_NO,t_range,n_samples,season,fall_high,fall_low,spring_high,spring_low,water_year,Oct.Mar,Apr.Jul,WYsum,Index,water_year_type,region,water_year_start,water_year_end,X,Y
384862N1213726W001,1439566,2004-03-01T00:00:00Z,46.92,46.42,0,84,-37.08,84,83.5,NA,Unknown,Water level accuracy is unknown,1,Department of Water Resources,NA,1074,SACRAMENTO MUNICIPAL UTILITY DISTRICT,NA,NA,28350,07N05E01J001M,NA,Unknown,Unknown,5-021.65,South American,Sacramento,NA,Irrigation,Unknown,NA,1990-03-15 - 2004-03-01,25,spring,NA,NA,82.9,97,2003,10.71,7.74,19.31,8.21,Above Normal,SAC,2003-10-01T00:00:00Z,2004-10-01T00:00:00Z,-121.373,38.4862
384862N1213726W001,1439567,2003-10-01T00:00:00Z,46.92,46.42,0,83.9,-36.98,83.9,83.4,NA,Unknown,Water level accuracy is unknown,1,Department of Water Resources,NA,1074,SACRAMENTO MUNICIPAL UTILITY DISTRICT,NA,NA,28350,07N05E01J001M,NA,Unknown,Unknown,5-021.65,South American,Sacramento,NA,Irrigation,Unknown,NA,1990-03-15 - 2004-03-01,25,fall,83.4,99.3,NA,NA,2003,10.71,7.74,19.31,8.21,Above Normal,SAC,2003-10-01T00:00:00Z,2004-10-01T00:00:00Z,-121.373,38.4862
384862N1213726W001,1439564,2003-03-15T00:00:00Z,46.92,46.42,0,83.4,-36.48,83.4,82.9,NA,Unknown,Water level accuracy is unknown,1,Department of Water Resources,NA,1074,SACRAMENTO MUNICIPAL UTILITY DISTRICT,NA,NA,28350,07N05E01J001M,NA,Unknown,Unknown,5-021.65,South American,Sacramento,NA,Irrigation,Unknown,NA,1990-03-15 - 2004-03-01,25,spring,NA,NA,82.9,97,2002,9.32,4.57,14.6,6.35,Dry,SAC,2002-10-01T00:00:00Z,2003-10-01T00:00:00Z,-121.373,38.4862
384862N1213726W001,1439562,2002-10-01T00:00:00Z,46.92,46.42,0,85.5,-38.58,85.5,85,NA,Unknown,Water level accuracy is unknown,1,Department of Water Resources,NA,1074,SACRAMENTO MUNICIPAL UTILITY DISTRICT,NA,NA,28350,07N05E01J001M,NA,Unknown,Unknown,5-021.65,South American,Sacramento,NA,Irrigation,Unknown,NA,1990-03-15 - 2004-03-01,25,fall,83.4,99.3,NA,NA,2002,9.32,4.57,14.6,6.35,Dry,SAC,2002-10-01T00:00:00Z,2003-10-01T00:00:00Z,-121.373,38.4862
384862N1213726W001,1439563,2001-10-01T00:00:00Z,46.92,46.42,0,96,-49.08,96,95.5,NA,Unknown,Water level accuracy is unknown,1,Department of Water Resources,NA,1074,SACRAMENTO MUNICIPAL UTILITY DISTRICT,NA,NA,28350,07N05E01J001M,NA,Unknown,Unknown,5-021.65,South American,Sacramento,NA,Irrigation,Unknown,NA,1990-03-15 - 2004-03-01,25,fall,83.4,99.3,NA,NA,2001,5.64,3.46,9.81,5.76,Dry,SAC,2001-10-01T00:00:00Z,2002-10-01T00:00:00Z,-121.373,38.4862
384862N1213726W001,1439565,2001-03-15T00:00:00Z,46.92,46.42,0,84.1,-37.18,84.1,83.6,NA,Unknown,Water level accuracy is unknown,1,Department of Water Resources,NA,1074,SACRAMENTO MUNICIPAL UTILITY DISTRICT,NA,NA,28350,07N05E01J001M,NA,Unknown,Unknown,5-021.65,South American,Sacramento,NA,Irrigation,Unknown,NA,1990-03-15 - 2004-03-01,25,spring,NA,NA,82.9,97,2000,12.06,5.96,18.9,8.94,Above Normal,SAC,2000-10-01T00:00:00Z,2001-10-01T00:00:00Z,-121.373,38.4862
384862N1213726W001,1439558,2000-03-15T00:00:00Z,46.92,46.42,0,85.4,-38.48,85.4,84.9,NA,Unknown,Water level accuracy is unknown,1,Department of Water Resources,NA,1074,SACRAMENTO MUNICIPAL UTILITY DISTRICT,NA,NA,28350,07N05E01J001M,NA,Unknown,Unknown,5-021.65,South American,Sacramento,NA,Irrigation,Unknown,NA,1990-03-15 - 2004-03-01,25,spring,NA,NA,82.9,97,1999,12.97,7.26,21.19,9.8,Wet,SAC,1999-10-01T00:00:00Z,2000-10-01T00:00:00Z,-121.373,38.4862
384862N1213726W001,1439557,1999-03-15T00:00:00Z,46.92,46.42,0,86.4,-39.48,86.4,85.9,NA,Unknown,Water level accuracy is unknown,1,Department of Water Resources,NA,1074,SACRAMENTO MUNICIPAL UTILITY DISTRICT,NA,NA,28350,07N05E01J001M,NA,Unknown,Unknown,5-021.65,South American,Sacramento,NA,Irrigation,Unknown,NA,1990-03-15 - 2004-03-01,25,spring,NA,NA,82.9,97,1998,17.65,12.54,31.4,13.31,Wet,SAC,1998-10-01T00:00:00Z,1999-10-01T00:00:00Z,-121.373,38.4862
384862N1213726W001,1439561,1998-10-15T00:00:00Z,46.92,46.42,0,93.6,-46.68,93.6,93.1,NA,Unknown,Water level accuracy is unknown,1,Department of Water Resources,NA,1074,SACRAMENTO MUNICIPAL UTILITY DISTRICT,NA,NA,28350,07N05E01J001M,NA,Unknown,Unknown,5-021.65,South American,Sacramento,NA,Irrigation,Unknown,NA,1990-03-15 - 2004-03-01,25,fall,83.4,99.3,NA,NA,1998,17.65,12.54,31.4,13.31,Wet,SAC,1998-10-01T00:00:00Z,1999-10-01T00:00:00Z,-121.373,38.4862
384862N1213726W001,1439560,1997-10-15T00:00:00Z,46.92,46.42,0,95.2,-48.28,95.2,94.7,NA,Unknown,Water level accuracy is unknown,1,Department of Water Resources,NA,1074,SACRAMENTO MUNICIPAL UTILITY DISTRICT,NA,NA,28350,07N05E01J001M,NA,Unknown,Unknown,5-021.65,South American,Sacramento,NA,Irrigation,Unknown,NA,1990-03-15 - 2004-03-01,25,fall,83.4,99.3,NA,NA,1997,20.22,4.39,25.42,10.82,Wet,SAC,1997-10-01T00:00:00Z,1998-10-01T00:00:00Z,-121.373,38.4862
384862N1213726W001,1439559,1997-03-15T00:00:00Z,46.92,46.42,0,89.7,-42.78,89.7,89.2,NA,Unknown,Water level accuracy is unknown,1,Department of Water Resources,NA,1074,SACRAMENTO MUNICIPAL UTILITY DISTRICT,NA,NA,28350,07N05E01J001M,NA,Unknown,Unknown,5-021.65,South American,Sacramento,NA,Irrigation,Unknown,NA,1990-03-15 - 2004-03-01,25,spring,NA,NA,82.9,97,1996,13.05,8.37,22.29,10.26,Wet,SAC,1996-10-01T00:00:00Z,1997-10-01T00:00:00Z,-121.373,38.4862
384862N1213726W001,1439556,1996-10-15T00:00:00Z,46.92,46.42,0,97.9,-50.98,97.9,97.4,NA,Unknown,Water level accuracy is unknown,1,Department of Water Resources,NA,1074,SACRAMENTO MUNICIPAL UTILITY DISTRICT,NA,NA,28350,07N05E01J001M,NA,Unknown,Unknown,5-021.65,South American,Sacramento,NA,Irrigation,Unknown,NA,1990-03-15 - 2004-03-01,25,fall,83.4,99.3,NA,NA,1996,13.05,8.37,22.29,10.26,Wet,SAC,1996-10-01T00:00:00Z,1997-10-01T00:00:00Z,-121.373,38.4862
384862N1213726W001,1439555,1996-03-15T00:00:00Z,46.92,46.42,0,92.3,-45.38,92.3,91.8,NA,Unknown,Water level accuracy is unknown,1,Department of Water Resources,NA,1074,SACRAMENTO MUNICIPAL UTILITY DISTRICT,NA,NA,28350,07N05E01J001M,NA,Unknown,Unknown,5-021.65,South American,Sacramento,NA,Irrigation,Unknown,NA,1990-03-15 - 2004-03-01,25,spring,NA,NA,82.9,97,1995,19.83,13.6,34.55,12.89,Wet,SAC,1995-10-01T00:00:00Z,1996-10-01T00:00:00Z,-121.373,38.4862
384862N1213726W001,1439554,1995-10-15T00:00:00Z,46.92,46.42,0,99.8,-52.88,99.8,99.3,NA,Unknown,Water level accuracy is unknown,1,Department of Water Resources,NA,1074,SACRAMENTO MUNICIPAL UTILITY DISTRICT,NA,NA,28350,07N05E01J001M,NA,Unknown,Unknown,5-021.65,South American,Sacramento,NA,Irrigation,Unknown,NA,1990-03-15 - 2004-03-01,25,fall,83.4,99.3,NA,NA,1995,19.83,13.6,34.55,12.89,Wet,SAC,1995-10-01T00:00:00Z,1996-10-01T00:00:00Z,-121.373,38.4862
384862N1213726W001,1439553,1995-03-15T00:00:00Z,46.92,46.42,0,95.5,-48.58,95.5,95,NA,Unknown,Water level accuracy is unknown,1,Department of Water Resources,NA,1074,SACRAMENTO MUNICIPAL UTILITY DISTRICT,NA,NA,28350,07N05E01J001M,NA,Unknown,Unknown,5-021.65,South American,Sacramento,NA,Irrigation,Unknown,NA,1990-03-15 - 2004-03-01,25,spring,NA,NA,82.9,97,1994,4.55,2.73,7.81,5.02,Critical,SAC,1994-10-01T00:00:00Z,1995-10-01T00:00:00Z,-121.373,38.4862
384862N1213726W001,1439552,1994-10-15T00:00:00Z,46.92,46.42,0,97.5,-50.58,97.5,97,NA,Unknown,Water level accuracy is unknown,1,Department of Water Resources,NA,1074,SACRAMENTO MUNICIPAL UTILITY DISTRICT,NA,NA,28350,07N05E01J001M,NA,Unknown,Unknown,5-021.65,South American,Sacramento,NA,Irrigation,Unknown,NA,1990-03-15 - 2004-03-01,25,fall,83.4,99.3,NA,NA,1994,4.55,2.73,7.81,5.02,Critical,SAC,1994-10-01T00:00:00Z,1995-10-01T00:00:00Z,-121.373,38.4862
384862N1213726W001,1439551,1994-03-15T00:00:00Z,46.92,46.42,0,95.7,-48.78,95.7,95.2,NA,Unknown,Water level accuracy is unknown,1,Department of Water Resources,NA,1074,SACRAMENTO MUNICIPAL UTILITY DISTRICT,NA,NA,28350,07N05E01J001M,NA,Unknown,Unknown,5-021.65,South American,Sacramento,NA,Irrigation,Unknown,NA,1990-03-15 - 2004-03-01,25,spring,NA,NA,82.9,97,1993,12.44,8.98,22.21,8.54,Above Normal,SAC,1993-10-01T00:00:00Z,1994-10-01T00:00:00Z,-121.373,38.4862
384862N1213726W001,1439550,1993-10-15T00:00:00Z,46.92,46.42,0,98,-51.08,98,97.5,NA,Unknown,Water level accuracy is unknown,1,Department of Water Resources,NA,1074,SACRAMENTO MUNICIPAL UTILITY DISTRICT,NA,NA,28350,07N05E01J001M,NA,Unknown,Unknown,5-021.65,South American,Sacramento,NA,Irrigation,Unknown,NA,1990-03-15 - 2004-03-01,25,fall,83.4,99.3,NA,NA,1993,12.44,8.98,22.21,8.54,Above Normal,SAC,1993-10-01T00:00:00Z,1994-10-01T00:00:00Z,-121.373,38.4862
384862N1213726W001,1439549,1993-03-15T00:00:00Z,46.92,46.42,0,97.4,-50.48,97.4,96.9,NA,Unknown,Water level accuracy is unknown,1,Department of Water Resources,NA,1074,SACRAMENTO MUNICIPAL UTILITY DISTRICT,NA,NA,28350,07N05E01J001M,NA,Unknown,Unknown,5-021.65,South American,Sacramento,NA,Irrigation,Unknown,NA,1990-03-15 - 2004-03-01,25,spring,NA,NA,82.9,97,1992,5.41,2.93,8.87,4.06,Critical,SAC,1992-10-01T00:00:00Z,1993-10-01T00:00:00Z,-121.373,38.4862
384862N1213726W001,1439548,1992-10-15T00:00:00Z,46.92,46.42,0,98,-51.08,98,97.5,NA,Unknown,Water level accuracy is unknown,1,Department of Water Resources,NA,1074,SACRAMENTO MUNICIPAL UTILITY DISTRICT,NA,NA,28350,07N05E01J001M,NA,Unknown,Unknown,5-021.65,South American,Sacramento,NA,Irrigation,Unknown,NA,1990-03-15 - 2004-03-01,25,fall,83.4,99.3,NA,NA,1992,5.41,2.93,8.87,4.06,Critical,SAC,1992-10-01T00:00:00Z,1993-10-01T00:00:00Z,-121.373,38.4862
384862N1213726W001,1439547,1992-03-15T00:00:00Z,46.92,46.42,0,96.4,-49.48,96.4,95.9,NA,Unknown,Water level accuracy is unknown,1,Department of Water Resources,NA,1074,SACRAMENTO MUNICIPAL UTILITY DISTRICT,NA,NA,28350,07N05E01J001M,NA,Unknown,Unknown,5-021.65,South American,Sacramento,NA,Irrigation,Unknown,NA,1990-03-15 - 2004-03-01,25,spring,NA,NA,82.9,97,1991,3.9,4.01,8.44,4.21,Critical,SAC,1991-10-01T00:00:00Z,1992-10-01T00:00:00Z,-121.373,38.4862
384862N1213726W001,1439546,1991-10-15T00:00:00Z,46.92,46.42,0,98.6,-51.68,98.6,98.1,NA,Unknown,Water level accuracy is unknown,1,Department of Water Resources,NA,1074,SACRAMENTO MUNICIPAL UTILITY DISTRICT,NA,NA,28350,07N05E01J001M,NA,Unknown,Unknown,5-021.65,South American,Sacramento,NA,Irrigation,Unknown,NA,1990-03-15 - 2004-03-01,25,fall,83.4,99.3,NA,NA,1991,3.9,4.01,8.44,4.21,Critical,SAC,1991-10-01T00:00:00Z,1992-10-01T00:00:00Z,-121.373,38.4862
384862N1213726W001,1439545,1991-03-15T00:00:00Z,46.92,46.42,0,97.5,-50.58,97.5,97,NA,Unknown,Water level accuracy is unknown,1,Department of Water Resources,NA,1074,SACRAMENTO MUNICIPAL UTILITY DISTRICT,NA,NA,28350,07N05E01J001M,NA,Unknown,Unknown,5-021.65,South American,Sacramento,NA,Irrigation,Unknown,NA,1990-03-15 - 2004-03-01,25,spring,NA,NA,82.9,97,1990,4.94,3.72,9.26,4.81,Critical,SAC,1990-10-01T00:00:00Z,1991-10-01T00:00:00Z,-121.373,38.4862
384862N1213726W001,1439544,1990-10-15T00:00:00Z,46.92,46.42,0,99.4,-52.48,99.4,98.9,NA,Unknown,Water level accuracy is unknown,1,Department of Water Resources,NA,1074,SACRAMENTO MUNICIPAL UTILITY DISTRICT,NA,NA,28350,07N05E01J001M,NA,Unknown,Unknown,5-021.65,South American,Sacramento,NA,Irrigation,Unknown,NA,1990-03-15 - 2004-03-01,25,fall,83.4,99.3,NA,NA,1990,4.94,3.72,9.26,4.81,Critical,SAC,1990-10-01T00:00:00Z,1991-10-01T00:00:00Z,-121.373,38.4862
384862N1213726W001,1439543,1990-03-15T00:00:00Z,46.92,46.42,0,97.4,-50.48,97.4,96.9,NA,Unknown,Water level accuracy is unknown,1,Department of Water Resources,NA,1074,SACRAMENTO MUNICIPAL UTILITY DISTRICT,NA,NA,28350,07N05E01J001M,NA,Unknown,Unknown,5-021.65,South American,Sacramento,NA,Irrigation,Unknown,NA,1990-03-15 - 2004-03-01,25,spring,NA,NA,82.9,97,1989,9.03,5.07,14.82,6.13,Dry,SAC,1989-10-01T00:00:00Z,1990-10-01T00:00:00Z,-121.373,38.4862
