SITE_CODE,WLM_ID,MSMT_DATE,WLM_RPE,WLM_GSE,RDNG_WS,RDNG_RP,WSE,RPE_WSE,GSE_WSE,WLM_QA_DESC,WLM_DESC,WLM_ACC_DESC,WLM_ORG_ID,WLM_ORG_NAME,MSMT_CMT,COOP_AGENCY_ORG_ID,COOP_ORG_NAME,TOP_PRF,BOT_PRF,STN_ID,SWN,WELL_NAME,WLM_METHOD,WLM_ACC,BASIN_CODE,BASIN_NAME,COUNTY_NAME,WELL_DEPTH,WELL_USE,WELL_TYPE,WCR_NO,t_range,n_samples,season,fall_high,fall_low,spring_high,spring_low,water_year,Oct.Mar,Apr.Jul,WYsum,Index,water_year_type,region,water_year_start,water_year_end,X,Y
384851N1214337W001,2434354,1987-03-02T00:00:00Z,21.857,23.857,0,55.9,-34.043,55.9,57.9,NA,Unknown,Water level accuracy is unknown,1,Department of Water Resources,NA,1,Department of Water Resources,NA,NA,6167,07N05E04Q001M,07N05E04Q001M,Unknown,Unknown,5-021.65,South American,Sacramento,225,Unknown,Single Well,NA,1963-05-14 - 1987-10-01,48,spring,NA,NA,54.8,65.7,1986,19.45,5.45,25.83,9.96,Wet,SAC,1986-10-01T00:00:00Z,1987-10-01T00:00:00Z,-121.434,38.4851
384851N1214337W001,2434353,1986-10-20T00:00:00Z,21.857,23.857,0,57.9,-36.043,57.9,59.9,NA,Unknown,Water level accuracy is unknown,1,Department of Water Resources,NA,1,Department of Water Resources,NA,NA,6167,07N05E04Q001M,07N05E04Q001M,Unknown,Unknown,5-021.65,South American,Sacramento,225,Unknown,Single Well,NA,1963-05-14 - 1987-10-01,48,fall,58,68,NA,NA,1986,19.45,5.45,25.83,9.96,Wet,SAC,1986-10-01T00:00:00Z,1987-10-01T00:00:00Z,-121.434,38.4851
384851N1214337W001,2434352,1986-03-11T00:00:00Z,21.857,23.857,0,55.8,-33.943,55.8,57.8,NA,Unknown,Water level accuracy is unknown,1,Department of Water Resources,NA,1,Department of Water Resources,NA,NA,6167,07N05E04Q001M,07N05E04Q001M,Unknown,Unknown,5-021.65,South American,Sacramento,225,Unknown,Single Well,NA,1963-05-14 - 1987-10-01,48,spring,NA,NA,54.8,65.7,1985,6.24,4,11.04,6.47,Dry,SAC,1985-10-01T00:00:00Z,1986-10-01T00:00:00Z,-121.434,38.4851
384851N1214337W001,2434351,1985-09-18T00:00:00Z,21.857,23.857,0,60.5,-38.643,60.5,62.5,NA,Unknown,Water level accuracy is unknown,1,Department of Water Resources,NA,1,Department of Water Resources,NA,NA,6167,07N05E04Q001M,07N05E04Q001M,Unknown,Unknown,5-021.65,South American,Sacramento,225,Unknown,Single Well,NA,1963-05-14 - 1987-10-01,48,fall,58,68,NA,NA,1984,15.98,5.52,22.35,10,Wet,SAC,1984-10-01T00:00:00Z,1985-10-01T00:00:00Z,-121.434,38.4851
384851N1214337W001,2434350,1985-03-01T00:00:00Z,21.857,23.857,0,54.9,-33.043,54.9,56.9,NA,Unknown,Water level accuracy is unknown,1,Department of Water Resources,NA,1,Department of Water Resources,NA,NA,6167,07N05E04Q001M,07N05E04Q001M,Unknown,Unknown,5-021.65,South American,Sacramento,225,Unknown,Single Well,NA,1963-05-14 - 1987-10-01,48,spring,NA,NA,54.8,65.7,1984,15.98,5.52,22.35,10,Wet,SAC,1984-10-01T00:00:00Z,1985-10-01T00:00:00Z,-121.434,38.4851
384851N1214337W001,2434349,1984-10-04T00:00:00Z,21.857,23.857,0,56.8,-34.943,56.8,58.8,NA,Unknown,Water level accuracy is unknown,1,Department of Water Resources,NA,1,Department of Water Resources,NA,NA,6167,07N05E04Q001M,07N05E04Q001M,Unknown,Unknown,5-021.65,South American,Sacramento,225,Unknown,Single Well,NA,1963-05-14 - 1987-10-01,48,fall,58,68,NA,NA,1984,15.98,5.52,22.35,10,Wet,SAC,1984-10-01T00:00:00Z,1985-10-01T00:00:00Z,-121.434,38.4851
384851N1214337W001,2434348,1984-03-06T00:00:00Z,21.857,23.857,0,52.8,-30.943,52.8,54.8,NA,Unknown,Water level accuracy is unknown,1,Department of Water Resources,NA,1,Department of Water Resources,NA,NA,6167,07N05E04Q001M,07N05E04Q001M,Unknown,Unknown,5-021.65,South American,Sacramento,225,Unknown,Single Well,NA,1963-05-14 - 1987-10-01,48,spring,NA,NA,54.8,65.7,1983,22.75,13.66,37.68,15.29,Wet,SAC,1983-10-01T00:00:00Z,1984-10-01T00:00:00Z,-121.434,38.4851
384851N1214337W001,2434347,1983-10-05T00:00:00Z,21.857,23.857,0,56,-34.143,56,58,NA,Unknown,Water level accuracy is unknown,1,Department of Water Resources,NA,1,Department of Water Resources,NA,NA,6167,07N05E04Q001M,07N05E04Q001M,Unknown,Unknown,5-021.65,South American,Sacramento,225,Unknown,Single Well,NA,1963-05-14 - 1987-10-01,48,fall,58,68,NA,NA,1983,22.75,13.66,37.68,15.29,Wet,SAC,1983-10-01T00:00:00Z,1984-10-01T00:00:00Z,-121.434,38.4851
384851N1214337W001,2434346,1983-03-14T00:00:00Z,21.857,23.857,0,57.8,-35.943,57.8,59.8,NA,Unknown,Water level accuracy is unknown,1,Department of Water Resources,NA,1,Department of Water Resources,NA,NA,6167,07N05E04Q001M,07N05E04Q001M,Unknown,Unknown,5-021.65,South American,Sacramento,225,Unknown,Single Well,NA,1963-05-14 - 1987-10-01,48,spring,NA,NA,54.8,65.7,1982,20.56,11.82,33.41,12.76,Wet,SAC,1982-10-01T00:00:00Z,1983-10-01T00:00:00Z,-121.434,38.4851
384851N1214337W001,2434345,1982-10-19T00:00:00Z,21.857,23.857,0,61.6,-39.743,61.6,63.6,NA,Unknown,Water level accuracy is unknown,1,Department of Water Resources,NA,1,Department of Water Resources,NA,NA,6167,07N05E04Q001M,07N05E04Q001M,Unknown,Unknown,5-021.65,South American,Sacramento,225,Unknown,Single Well,NA,1963-05-14 - 1987-10-01,48,fall,58,68,NA,NA,1982,20.56,11.82,33.41,12.76,Wet,SAC,1982-10-01T00:00:00Z,1983-10-01T00:00:00Z,-121.434,38.4851
384851N1214337W001,2434344,1982-03-01T00:00:00Z,21.857,23.857,0,63.7,-41.843,63.7,65.7,NA,Unknown,Water level accuracy is unknown,1,Department of Water Resources,NA,1,Department of Water Resources,NA,NA,6167,07N05E04Q001M,07N05E04Q001M,Unknown,Unknown,5-021.65,South American,Sacramento,225,Unknown,Single Well,NA,1963-05-14 - 1987-10-01,48,spring,NA,NA,54.8,65.7,1981,6.81,3.63,11.1,6.21,Dry,SAC,1981-10-01T00:00:00Z,1982-10-01T00:00:00Z,-121.434,38.4851
384851N1214337W001,2434343,1981-09-25T00:00:00Z,21.857,23.857,0,66,-44.143,66,68,NA,Unknown,Water level accuracy is unknown,1,Department of Water Resources,NA,1,Department of Water Resources,NA,NA,6167,07N05E04Q001M,07N05E04Q001M,Unknown,Unknown,5-021.65,South American,Sacramento,225,Unknown,Single Well,NA,1963-05-14 - 1987-10-01,48,fall,58,68,NA,NA,1980,15.49,6,22.33,9.04,Above Normal,SAC,1980-10-01T00:00:00Z,1981-10-01T00:00:00Z,-121.434,38.4851
384851N1214337W001,2434342,1981-03-11T00:00:00Z,21.857,23.857,0,61.8,-39.943,61.8,63.8,NA,Unknown,Water level accuracy is unknown,1,Department of Water Resources,NA,1,Department of Water Resources,NA,NA,6167,07N05E04Q001M,07N05E04Q001M,Unknown,Unknown,5-021.65,South American,Sacramento,225,Unknown,Single Well,NA,1963-05-14 - 1987-10-01,48,spring,NA,NA,54.8,65.7,1980,15.49,6,22.33,9.04,Above Normal,SAC,1980-10-01T00:00:00Z,1981-10-01T00:00:00Z,-121.434,38.4851
384851N1214337W001,2434341,1980-10-07T00:00:00Z,21.857,23.857,0,64.2,-42.343,64.2,66.2,NA,Unknown,Water level accuracy is unknown,1,Department of Water Resources,NA,1,Department of Water Resources,NA,NA,6167,07N05E04Q001M,07N05E04Q001M,Unknown,Unknown,5-021.65,South American,Sacramento,225,Unknown,Single Well,NA,1963-05-14 - 1987-10-01,48,fall,58,68,NA,NA,1980,15.49,6,22.33,9.04,Above Normal,SAC,1980-10-01T00:00:00Z,1981-10-01T00:00:00Z,-121.434,38.4851
384851N1214337W001,2434340,1980-03-17T00:00:00Z,21.857,23.857,0,62.6,-40.743,62.6,64.6,NA,Unknown,Water level accuracy is unknown,1,Department of Water Resources,NA,1,Department of Water Resources,NA,NA,6167,07N05E04Q001M,07N05E04Q001M,Unknown,Unknown,5-021.65,South American,Sacramento,225,Unknown,Single Well,NA,1963-05-14 - 1987-10-01,48,spring,NA,NA,54.8,65.7,1979,6.06,5.64,12.41,6.67,Below Normal,SAC,1979-10-01T00:00:00Z,1980-10-01T00:00:00Z,-121.434,38.4851
384851N1214337W001,2434339,1979-10-17T00:00:00Z,21.857,23.857,0,64.8,-42.943,64.8,66.8,NA,Unknown,Water level accuracy is unknown,1,Department of Water Resources,NA,1,Department of Water Resources,NA,NA,6167,07N05E04Q001M,07N05E04Q001M,Unknown,Unknown,5-021.65,South American,Sacramento,225,Unknown,Single Well,NA,1963-05-14 - 1987-10-01,48,fall,58,68,NA,NA,1979,6.06,5.64,12.41,6.67,Below Normal,SAC,1979-10-01T00:00:00Z,1980-10-01T00:00:00Z,-121.434,38.4851
384851N1214337W001,2434338,1979-03-23T00:00:00Z,21.857,23.857,0,61.3,-39.443,61.3,63.3,NA,Unknown,Water level accuracy is unknown,1,Department of Water Resources,NA,1,Department of Water Resources,NA,NA,6167,07N05E04Q001M,07N05E04Q001M,Unknown,Unknown,5-021.65,South American,Sacramento,225,Unknown,Single Well,NA,1963-05-14 - 1987-10-01,48,spring,NA,NA,54.8,65.7,1978,14.9,8.12,23.92,8.65,Above Normal,SAC,1978-10-01T00:00:00Z,1979-10-01T00:00:00Z,-121.434,38.4851
384851N1214337W001,2434337,1978-10-02T00:00:00Z,21.857,23.857,0,64,-42.143,64,66,NA,Unknown,Water level accuracy is unknown,1,Department of Water Resources,NA,1,Department of Water Resources,NA,NA,6167,07N05E04Q001M,07N05E04Q001M,Unknown,Unknown,5-021.65,South American,Sacramento,225,Unknown,Single Well,NA,1963-05-14 - 1987-10-01,48,fall,58,68,NA,NA,1978,14.9,8.12,23.92,8.65,Above Normal,SAC,1978-10-01T00:00:00Z,1979-10-01T00:00:00Z,-121.434,38.4851
384851N1214337W001,2434336,1978-03-13T00:00:00Z,21.857,23.857,0,60.8,-38.943,60.8,62.8,NA,Unknown,Water level accuracy is unknown,1,Department of Water Resources,NA,1,Department of Water Resources,NA,NA,6167,07N05E04Q001M,07N05E04Q001M,Unknown,Unknown,5-021.65,South American,Sacramento,225,Unknown,Single Well,NA,1963-05-14 - 1987-10-01,48,spring,NA,NA,54.8,65.7,1977,2.49,1.93,5.12,3.11,Critical,SAC,1977-10-01T00:00:00Z,1978-10-01T00:00:00Z,-121.434,38.4851
384851N1214337W001,2434335,1977-10-05T00:00:00Z,21.857,23.857,0,62.9,-41.043,62.9,64.9,NA,Unknown,Water level accuracy is unknown,1,Department of Water Resources,NA,1,Department of Water Resources,NA,NA,6167,07N05E04Q001M,07N05E04Q001M,Unknown,Unknown,5-021.65,South American,Sacramento,225,Unknown,Single Well,NA,1963-05-14 - 1987-10-01,48,fall,58,68,NA,NA,1977,2.49,1.93,5.12,3.11,Critical,SAC,1977-10-01T00:00:00Z,1978-10-01T00:00:00Z,-121.434,38.4851
384851N1214337W001,2434334,1977-03-04T00:00:00Z,21.857,23.857,0,60.2,-38.343,60.2,62.2,NA,Unknown,Water level accuracy is unknown,1,Department of Water Resources,NA,1,Department of Water Resources,NA,NA,6167,07N05E04Q001M,07N05E04Q001M,Unknown,Unknown,5-021.65,South American,Sacramento,225,Unknown,Single Well,NA,1963-05-14 - 1987-10-01,48,spring,NA,NA,54.8,65.7,1976,4.63,2.75,8.2,5.29,Critical,SAC,1976-10-01T00:00:00Z,1977-10-01T00:00:00Z,-121.434,38.4851
384851N1214337W001,2434333,1976-10-04T00:00:00Z,21.857,23.857,0,61.8,-39.943,61.8,63.8,NA,Unknown,Water level accuracy is unknown,1,Department of Water Resources,NA,1,Department of Water Resources,NA,NA,6167,07N05E04Q001M,07N05E04Q001M,Unknown,Unknown,5-021.65,South American,Sacramento,225,Unknown,Single Well,NA,1963-05-14 - 1987-10-01,48,fall,58,68,NA,NA,1976,4.63,2.75,8.2,5.29,Critical,SAC,1976-10-01T00:00:00Z,1977-10-01T00:00:00Z,-121.434,38.4851
384851N1214337W001,2434332,1976-03-05T00:00:00Z,21.857,23.857,0,57.7,-35.843,57.7,59.7,NA,Unknown,Water level accuracy is unknown,1,Department of Water Resources,NA,1,Department of Water Resources,NA,NA,6167,07N05E04Q001M,07N05E04Q001M,Unknown,Unknown,5-021.65,South American,Sacramento,225,Unknown,Single Well,NA,1963-05-14 - 1987-10-01,48,spring,NA,NA,54.8,65.7,1975,9.24,8.95,19.23,9.35,Wet,SAC,1975-10-01T00:00:00Z,1976-10-01T00:00:00Z,-121.434,38.4851
384851N1214337W001,2434331,1975-10-10T00:00:00Z,21.857,23.857,0,59.5,-37.643,59.5,61.5,NA,Unknown,Water level accuracy is unknown,1,Department of Water Resources,NA,1,Department of Water Resources,NA,NA,6167,07N05E04Q001M,07N05E04Q001M,Unknown,Unknown,5-021.65,South American,Sacramento,225,Unknown,Single Well,NA,1963-05-14 - 1987-10-01,48,fall,58,68,NA,NA,1975,9.24,8.95,19.23,9.35,Wet,SAC,1975-10-01T00:00:00Z,1976-10-01T00:00:00Z,-121.434,38.4851
384851N1214337W001,2434330,1975-03-04T00:00:00Z,21.857,23.857,0,56.4,-34.543,56.4,58.4,NA,Unknown,Water level accuracy is unknown,1,Department of Water Resources,NA,1,Department of Water Resources,NA,NA,6167,07N05E04Q001M,07N05E04Q001M,Unknown,Unknown,5-021.65,South American,Sacramento,225,Unknown,Single Well,NA,1963-05-14 - 1987-10-01,48,spring,NA,NA,54.8,65.7,1974,21.69,9.78,32.5,12.99,Wet,SAC,1974-10-01T00:00:00Z,1975-10-01T00:00:00Z,-121.434,38.4851
384851N1214337W001,2434329,1974-10-07T00:00:00Z,21.857,23.857,0,59.3,-37.443,59.3,61.3,NA,Unknown,Water level accuracy is unknown,1,Department of Water Resources,NA,1,Department of Water Resources,NA,NA,6167,07N05E04Q001M,07N05E04Q001M,Unknown,Unknown,5-021.65,South American,Sacramento,225,Unknown,Single Well,NA,1963-05-14 - 1987-10-01,48,fall,58,68,NA,NA,1974,21.69,9.78,32.5,12.99,Wet,SAC,1974-10-01T00:00:00Z,1975-10-01T00:00:00Z,-121.434,38.4851
384851N1214337W001,2434328,1974-03-08T00:00:00Z,21.857,23.857,0,56.5,-34.643,56.5,58.5,NA,Unknown,Water level accuracy is unknown,1,Department of Water Resources,NA,1,Department of Water Resources,NA,NA,6167,07N05E04Q001M,07N05E04Q001M,Unknown,Unknown,5-021.65,South American,Sacramento,225,Unknown,Single Well,NA,1963-05-14 - 1987-10-01,48,spring,NA,NA,54.8,65.7,1973,12.8,6.38,20.05,8.58,Above Normal,SAC,1973-10-01T00:00:00Z,1974-10-01T00:00:00Z,-121.434,38.4851
384851N1214337W001,2434327,1973-10-01T00:00:00Z,21.857,23.857,0,59.8,-37.943,59.8,61.8,NA,Unknown,Water level accuracy is unknown,1,Department of Water Resources,NA,1,Department of Water Resources,NA,NA,6167,07N05E04Q001M,07N05E04Q001M,Unknown,Unknown,5-021.65,South American,Sacramento,225,Unknown,Single Well,NA,1963-05-14 - 1987-10-01,48,fall,58,68,NA,NA,1973,12.8,6.38,20.05,8.58,Above Normal,SAC,1973-10-01T00:00:00Z,1974-10-01T00:00:00Z,-121.434,38.4851
384851N1214337W001,2434326,1973-03-05T00:00:00Z,21.857,23.857,0,58.1,-36.243,58.1,60.1,NA,Unknown,Water level accuracy is unknown,1,Department of Water Resources,NA,1,Department of Water Resources,NA,NA,6167,07N05E04Q001M,07N05E04Q001M,Unknown,Unknown,5-021.65,South American,Sacramento,225,Unknown,Single Well,NA,1963-05-14 - 1987-10-01,48,spring,NA,NA,54.8,65.7,1972,7.61,5.02,13.43,7.29,Below Normal,SAC,1972-10-01T00:00:00Z,1973-10-01T00:00:00Z,-121.434,38.4851
384851N1214337W001,2434325,1972-10-05T00:00:00Z,21.857,23.857,0,60.5,-38.643,60.5,62.5,NA,Unknown,Water level accuracy is unknown,1,Department of Water Resources,NA,1,Department of Water Resources,NA,NA,6167,07N05E04Q001M,07N05E04Q001M,Unknown,Unknown,5-021.65,South American,Sacramento,225,Unknown,Single Well,NA,1963-05-14 - 1987-10-01,48,fall,58,68,NA,NA,1972,7.61,5.02,13.43,7.29,Below Normal,SAC,1972-10-01T00:00:00Z,1973-10-01T00:00:00Z,-121.434,38.4851
384851N1214337W001,2434324,1972-03-06T00:00:00Z,21.857,23.857,0,56.7,-34.843,56.7,58.7,NA,Unknown,Water level accuracy is unknown,1,Department of Water Resources,NA,1,Department of Water Resources,NA,NA,6167,07N05E04Q001M,07N05E04Q001M,Unknown,Unknown,5-021.65,South American,Sacramento,225,Unknown,Single Well,NA,1963-05-14 - 1987-10-01,48,spring,NA,NA,54.8,65.7,1971,12.71,8.9,22.57,10.37,Wet,SAC,1971-10-01T00:00:00Z,1972-10-01T00:00:00Z,-121.434,38.4851
384851N1214337W001,2434323,1971-10-15T00:00:00Z,21.857,23.857,0,59.2,-37.343,59.2,61.2,NA,Unknown,Water level accuracy is unknown,1,Department of Water Resources,RP elevation change,1,Department of Water Resources,NA,NA,6167,07N05E04Q001M,07N05E04Q001M,Unknown,Unknown,5-021.65,South American,Sacramento,225,Unknown,Single Well,NA,1963-05-14 - 1987-10-01,48,fall,58,68,NA,NA,1971,12.71,8.9,22.57,10.37,Wet,SAC,1971-10-01T00:00:00Z,1972-10-01T00:00:00Z,-121.434,38.4851
384851N1214337W001,2434320,1969-03-31T00:00:00Z,24.857,23.857,0,58.8,-33.943,58.8,57.8,NA,Unknown,Water level accuracy is unknown,1,Department of Water Resources,NA,1,Department of Water Resources,NA,NA,6167,07N05E04Q001M,07N05E04Q001M,Unknown,Unknown,5-021.65,South American,Sacramento,225,Unknown,Single Well,NA,1963-05-14 - 1987-10-01,48,spring,NA,NA,54.8,65.7,1968,8.66,4.12,13.64,7.24,Below Normal,SAC,1968-10-01T00:00:00Z,1969-10-01T00:00:00Z,-121.434,38.4851
384851N1214337W001,2434319,1968-10-11T00:00:00Z,24.857,23.857,0,62.5,-37.643,62.5,61.5,NA,Unknown,Water level accuracy is unknown,1,Department of Water Resources,NA,1,Department of Water Resources,NA,NA,6167,07N05E04Q001M,07N05E04Q001M,Unknown,Unknown,5-021.65,South American,Sacramento,225,Unknown,Single Well,NA,1963-05-14 - 1987-10-01,48,fall,58,68,NA,NA,1968,8.66,4.12,13.64,7.24,Below Normal,SAC,1968-10-01T00:00:00Z,1969-10-01T00:00:00Z,-121.434,38.4851
384851N1214337W001,2434318,1968-03-11T00:00:00Z,24.857,23.857,0,58.9,-34.043,58.9,57.9,NA,Unknown,Water level accuracy is unknown,1,Department of Water Resources,NA,1,Department of Water Resources,NA,NA,6167,07N05E04Q001M,07N05E04Q001M,Unknown,Unknown,5-021.65,South American,Sacramento,225,Unknown,Single Well,NA,1963-05-14 - 1987-10-01,48,spring,NA,NA,54.8,65.7,1967,12.14,11.01,24.06,10.2,Wet,SAC,1967-10-01T00:00:00Z,1968-10-01T00:00:00Z,-121.434,38.4851
384851N1214337W001,2434317,1967-10-11T00:00:00Z,24.857,23.857,0,61.8,-36.943,61.8,60.8,NA,Unknown,Water level accuracy is unknown,1,Department of Water Resources,NA,1,Department of Water Resources,NA,NA,6167,07N05E04Q001M,07N05E04Q001M,Unknown,Unknown,5-021.65,South American,Sacramento,225,Unknown,Single Well,NA,1963-05-14 - 1987-10-01,48,fall,58,68,NA,NA,1967,12.14,11.01,24.06,10.2,Wet,SAC,1967-10-01T00:00:00Z,1968-10-01T00:00:00Z,-121.434,38.4851
384851N1214337W001,2434316,1967-03-13T00:00:00Z,24.857,23.857,0,59.9,-35.043,59.9,58.9,NA,Unknown,Water level accuracy is unknown,1,Department of Water Resources,NA,1,Department of Water Resources,NA,NA,6167,07N05E04Q001M,07N05E04Q001M,Unknown,Unknown,5-021.65,South American,Sacramento,225,Unknown,Single Well,NA,1963-05-14 - 1987-10-01,48,spring,NA,NA,54.8,65.7,1966,7.42,4.84,12.95,7.16,Below Normal,SAC,1966-10-01T00:00:00Z,1967-10-01T00:00:00Z,-121.434,38.4851
384851N1214337W001,2434315,1966-10-19T00:00:00Z,24.857,23.857,0,63.8,-38.943,63.8,62.8,NA,Unknown,Water level accuracy is unknown,1,Department of Water Resources,NA,1,Department of Water Resources,NA,NA,6167,07N05E04Q001M,07N05E04Q001M,Unknown,Unknown,5-021.65,South American,Sacramento,225,Unknown,Single Well,NA,1963-05-14 - 1987-10-01,48,fall,58,68,NA,NA,1966,7.42,4.84,12.95,7.16,Below Normal,SAC,1966-10-01T00:00:00Z,1967-10-01T00:00:00Z,-121.434,38.4851
384851N1214337W001,2434314,1966-03-08T00:00:00Z,24.857,23.857,0,59.1,-34.243,59.1,58.1,NA,Unknown,Water level accuracy is unknown,1,Department of Water Resources,NA,1,Department of Water Resources,NA,NA,6167,07N05E04Q001M,07N05E04Q001M,Unknown,Unknown,5-021.65,South American,Sacramento,225,Unknown,Single Well,NA,1963-05-14 - 1987-10-01,48,spring,NA,NA,54.8,65.7,1965,16.59,8.13,25.64,10.15,Wet,SAC,1965-10-01T00:00:00Z,1966-10-01T00:00:00Z,-121.434,38.4851
384851N1214337W001,2434313,1965-10-11T00:00:00Z,24.857,23.857,0,62.2,-37.343,62.2,61.2,NA,Unknown,Water level accuracy is unknown,1,Department of Water Resources,NA,1,Department of Water Resources,NA,NA,6167,07N05E04Q001M,07N05E04Q001M,Unknown,Unknown,5-021.65,South American,Sacramento,225,Unknown,Single Well,NA,1963-05-14 - 1987-10-01,48,fall,58,68,NA,NA,1965,16.59,8.13,25.64,10.15,Wet,SAC,1965-10-01T00:00:00Z,1966-10-01T00:00:00Z,-121.434,38.4851
384851N1214337W001,2434312,1965-03-11T00:00:00Z,24.857,23.857,0,60.7,-35.843,60.7,59.7,NA,Unknown,Water level accuracy is unknown,1,Department of Water Resources,NA,1,Department of Water Resources,NA,NA,6167,07N05E04Q001M,07N05E04Q001M,Unknown,Unknown,5-021.65,South American,Sacramento,225,Unknown,Single Well,NA,1963-05-14 - 1987-10-01,48,spring,NA,NA,54.8,65.7,1964,5.9,4.37,10.92,6.41,Dry,SAC,1964-10-01T00:00:00Z,1965-10-01T00:00:00Z,-121.434,38.4851
384851N1214337W001,2434311,1964-10-19T00:00:00Z,24.857,23.857,0,63,-38.143,63,62,NA,Unknown,Water level accuracy is unknown,1,Department of Water Resources,NA,1,Department of Water Resources,NA,NA,6167,07N05E04Q001M,07N05E04Q001M,Unknown,Unknown,5-021.65,South American,Sacramento,225,Unknown,Single Well,NA,1963-05-14 - 1987-10-01,48,fall,58,68,NA,NA,1964,5.9,4.37,10.92,6.41,Dry,SAC,1964-10-01T00:00:00Z,1965-10-01T00:00:00Z,-121.434,38.4851
384851N1214337W001,2434310,1964-03-19T00:00:00Z,24.857,23.857,0,59.3,-34.443,59.3,58.3,NA,Unknown,Water level accuracy is unknown,1,Department of Water Resources,NA,1,Department of Water Resources,NA,NA,6167,07N05E04Q001M,07N05E04Q001M,Unknown,Unknown,5-021.65,South American,Sacramento,225,Unknown,Single Well,NA,1963-05-14 - 1987-10-01,48,spring,NA,NA,54.8,65.7,1963,12.01,10.09,22.99,9.63,Wet,SAC,1963-10-01T00:00:00Z,1964-10-01T00:00:00Z,-121.434,38.4851
384851N1214337W001,2434309,1963-10-28T00:00:00Z,24.857,23.857,0,62,-37.143,62,61,NA,Unknown,Water level accuracy is unknown,1,Department of Water Resources,NA,1,Department of Water Resources,NA,NA,6167,07N05E04Q001M,07N05E04Q001M,Unknown,Unknown,5-021.65,South American,Sacramento,225,Unknown,Single Well,NA,1963-05-14 - 1987-10-01,48,fall,58,68,NA,NA,1963,12.01,10.09,22.99,9.63,Wet,SAC,1963-10-01T00:00:00Z,1964-10-01T00:00:00Z,-121.434,38.4851
