SITE_CODE,WLM_ID,MSMT_DATE,WLM_RPE,WLM_GSE,RDNG_WS,RDNG_RP,WSE,RPE_WSE,GSE_WSE,WLM_QA_DESC,WLM_DESC,WLM_ACC_DESC,WLM_ORG_ID,WLM_ORG_NAME,MSMT_CMT,COOP_AGENCY_ORG_ID,COOP_ORG_NAME,TOP_PRF,BOT_PRF,STN_ID,SWN,WELL_NAME,WLM_METHOD,WLM_ACC,BASIN_CODE,BASIN_NAME,COUNTY_NAME,WELL_DEPTH,WELL_USE,WELL_TYPE,WCR_NO,t_range,n_samples,season,fall_high,fall_low,spring_high,spring_low,water_year,Oct.Mar,Apr.Jul,WYsum,Index,water_year_type,region,water_year_start,water_year_end,X,Y
384848N1212192W001,1444799,1998-05-01T00:00:00Z,177.49,176.49,0,161.8,15.69,161.8,160.8,NA,Unknown,Water level accuracy is unknown,1,Department of Water Resources,NA,624,Bureau of Reclamation,NA,NA,4789,07N07E04P001M,NA,Unknown,Unknown,5-021.65,South American,Sacramento,158,Unknown,Unknown,NA,1990-03-22 - 1999-04-01,19,spring,NA,NA,154.8,160.8,1998,17.65,12.54,31.4,13.31,Wet,SAC,1997-10-01T00:00:00Z,1998-10-01T00:00:00Z,-121.219,38.4848
384848N1212192W001,1444789,1993-04-01T00:00:00Z,177.49,176.49,0,161.4,16.09,161.4,160.4,NA,Unknown,Water level accuracy is unknown,1,Department of Water Resources,NA,624,Bureau of Reclamation,NA,NA,4789,07N07E04P001M,NA,Unknown,Unknown,5-021.65,South American,Sacramento,158,Unknown,Unknown,NA,1990-03-22 - 1999-04-01,19,spring,NA,NA,154.8,160.8,1993,12.44,8.98,22.21,8.54,Above Normal,SAC,1992-10-01T00:00:00Z,1993-10-01T00:00:00Z,-121.219,38.4848
384848N1212192W001,1444787,1992-03-13T00:00:00Z,177.49,176.49,0,157.7,19.79,157.7,156.7,NA,Unknown,Water level accuracy is unknown,1,Department of Water Resources,NA,624,Bureau of Reclamation,NA,NA,4789,07N07E04P001M,NA,Unknown,Unknown,5-021.65,South American,Sacramento,158,Unknown,Unknown,NA,1990-03-22 - 1999-04-01,19,spring,NA,NA,154.8,160.8,1992,5.41,2.93,8.87,4.06,Critical,SAC,1991-10-01T00:00:00Z,1992-10-01T00:00:00Z,-121.219,38.4848
384848N1212192W001,1444785,1991-03-11T00:00:00Z,177.49,176.49,0,159,18.49,159,158,Other,Unknown,Water level accuracy is unknown,1,Department of Water Resources,NA,624,Bureau of Reclamation,NA,NA,4789,07N07E04P001M,NA,Unknown,Unknown,5-021.65,South American,Sacramento,158,Unknown,Unknown,NA,1990-03-22 - 1999-04-01,19,spring,NA,NA,154.8,160.8,1991,3.9,4.01,8.44,4.21,Critical,SAC,1990-10-01T00:00:00Z,1991-10-01T00:00:00Z,-121.219,38.4848
384848N1212192W001,1444783,1990-03-22T00:00:00Z,177.49,176.49,0,155.8,21.69,155.8,154.8,NA,Unknown,Water level accuracy is unknown,1,Department of Water Resources,NA,624,Bureau of Reclamation,NA,NA,4789,07N07E04P001M,NA,Unknown,Unknown,5-021.65,South American,Sacramento,158,Unknown,Unknown,NA,1990-03-22 - 1999-04-01,19,spring,NA,NA,154.8,160.8,1990,4.94,3.72,9.26,4.81,Critical,SAC,1989-10-01T00:00:00Z,1990-10-01T00:00:00Z,-121.219,38.4848
