SITE_CODE,WLM_ID,MSMT_DATE,WLM_RPE,WLM_GSE,RDNG_WS,RDNG_RP,WSE,RPE_WSE,GSE_WSE,WLM_QA_DESC,WLM_DESC,WLM_ACC_DESC,WLM_ORG_ID,WLM_ORG_NAME,MSMT_CMT,COOP_AGENCY_ORG_ID,COOP_ORG_NAME,TOP_PRF,BOT_PRF,STN_ID,SWN,WELL_NAME,WLM_METHOD,WLM_ACC,BASIN_CODE,BASIN_NAME,COUNTY_NAME,WELL_DEPTH,WELL_USE,WELL_TYPE,WCR_NO,t_range,n_samples,season,fall_high,fall_low,spring_high,spring_low,water_year,Oct.Mar,Apr.Jul,WYsum,Index,water_year_type,region,water_year_start,water_year_end,X,Y
384931N1211797W001,2662680,2020-09-16T00:00:00Z,105.9,105.4,0,67.2,38.7,67.2,66.7,NA,Electric sounder measurement,Water level accuracy to nearest tenth of a foot,1,Department of Water Resources,Run 17,1,Department of Water Resources,NA,NA,27857,07N07E02C001M,07N07E02C001M,Unknown,Unknown,5-021.65,South American,Sacramento,135,Irrigation,Single Well,NA,1990-03-22 - 2020-09-16,144,fall,52,78.1,NA,NA,2019,13.11,10.66,24.77,10.34,Wet,SAC,2019-10-01T00:00:00Z,2020-10-01T00:00:00Z,-121.18,38.4931
384931N1211797W001,2661957,2020-08-14T00:00:00Z,105.9,105.4,0,68.2,37.7,68.2,67.7,NA,Electric sounder measurement,Water level accuracy to nearest tenth of a foot,1,Department of Water Resources,Run 17,1,Department of Water Resources,NA,NA,27857,07N07E02C001M,07N07E02C001M,Unknown,Unknown,5-021.65,South American,Sacramento,135,Irrigation,Single Well,NA,1990-03-22 - 2020-09-16,144,fall,52,78.1,NA,NA,2019,13.11,10.66,24.77,10.34,Wet,SAC,2019-10-01T00:00:00Z,2020-10-01T00:00:00Z,-121.18,38.4931
384931N1211797W001,2655749,2020-07-16T00:00:00Z,105.9,105.4,0,66.7,39.2,66.7,66.2,NA,Electric sounder measurement,Water level accuracy to nearest tenth of a foot,1,Department of Water Resources,Run 17,1,Department of Water Resources,NA,NA,27857,07N07E02C001M,07N07E02C001M,Unknown,Unknown,5-021.65,South American,Sacramento,135,Irrigation,Single Well,NA,1990-03-22 - 2020-09-16,144,other,NA,NA,NA,NA,2019,13.11,10.66,24.77,10.34,Wet,SAC,2019-10-01T00:00:00Z,2020-10-01T00:00:00Z,-121.18,38.4931
384931N1211797W001,2630618,2020-06-23T00:00:00Z,105.9,105.4,0,67.4,38.5,67.4,66.9,NA,Electric sounder measurement,Water level accuracy to nearest tenth of a foot,1,Department of Water Resources,Run 17,1,Department of Water Resources,NA,NA,27857,07N07E02C001M,07N07E02C001M,Unknown,Unknown,5-021.65,South American,Sacramento,135,Irrigation,Single Well,NA,1990-03-22 - 2020-09-16,144,other,NA,NA,NA,NA,2019,13.11,10.66,24.77,10.34,Wet,SAC,2019-10-01T00:00:00Z,2020-10-01T00:00:00Z,-121.18,38.4931
384931N1211797W001,2538591,2020-03-11T00:00:00Z,105.9,105.4,0,64.8,41.1,64.8,64.3,NA,Electric sounder measurement,Water level accuracy to nearest tenth of a foot,1,Department of Water Resources,NA,1,Department of Water Resources,NA,NA,27857,07N07E02C001M,07N07E02C001M,Unknown,Unknown,5-021.65,South American,Sacramento,135,Irrigation,Single Well,NA,1990-03-22 - 2020-09-16,144,spring,NA,NA,48.9,91,2019,13.11,10.66,24.77,10.34,Wet,SAC,2019-10-01T00:00:00Z,2020-10-01T00:00:00Z,-121.18,38.4931
384931N1211797W001,2533088,2020-02-05T00:00:00Z,105.9,105.4,0,62.3,43.6,62.3,61.8,NA,Electric sounder measurement,Water level accuracy to nearest tenth of a foot,1,Department of Water Resources,NA,1,Department of Water Resources,NA,NA,27857,07N07E02C001M,07N07E02C001M,Unknown,Unknown,5-021.65,South American,Sacramento,135,Irrigation,Single Well,NA,1990-03-22 - 2020-09-16,144,other,NA,NA,NA,NA,2019,13.11,10.66,24.77,10.34,Wet,SAC,2019-10-01T00:00:00Z,2020-10-01T00:00:00Z,-121.18,38.4931
384931N1211797W001,2493926,2020-01-08T00:00:00Z,105.9,105.4,0,62.5,43.4,62.5,62,NA,Electric sounder measurement,Water level accuracy to nearest tenth of a foot,1,Department of Water Resources,NA,1,Department of Water Resources,NA,NA,27857,07N07E02C001M,07N07E02C001M,Unknown,Unknown,5-021.65,South American,Sacramento,135,Irrigation,Single Well,NA,1990-03-22 - 2020-09-16,144,other,NA,NA,NA,NA,2019,13.11,10.66,24.77,10.34,Wet,SAC,2019-10-01T00:00:00Z,2020-10-01T00:00:00Z,-121.18,38.4931
384931N1211797W001,2490489,2019-12-16T00:00:00Z,105.9,105.4,0,63.3,42.6,63.3,62.8,NA,Electric sounder measurement,Water level accuracy to nearest tenth of a foot,1,Department of Water Resources,NA,1,Department of Water Resources,NA,NA,27857,07N07E02C001M,07N07E02C001M,Unknown,Unknown,5-021.65,South American,Sacramento,135,Irrigation,Single Well,NA,1990-03-22 - 2020-09-16,144,other,NA,NA,NA,NA,2019,13.11,10.66,24.77,10.34,Wet,SAC,2019-10-01T00:00:00Z,2020-10-01T00:00:00Z,-121.18,38.4931
384931N1211797W001,2484881,2019-11-07T00:00:00Z,105.9,105.4,0,64.2,41.7,64.2,63.7,NA,Electric sounder measurement,Water level accuracy to nearest tenth of a foot,1,Department of Water Resources,NA,1,Department of Water Resources,NA,NA,27857,07N07E02C001M,07N07E02C001M,Unknown,Unknown,5-021.65,South American,Sacramento,135,Irrigation,Single Well,NA,1990-03-22 - 2020-09-16,144,fall,52,78.1,NA,NA,2019,13.11,10.66,24.77,10.34,Wet,SAC,2019-10-01T00:00:00Z,2020-10-01T00:00:00Z,-121.18,38.4931
384931N1211797W001,2478210,2019-10-10T00:00:00Z,105.9,105.4,0,64,41.9,64,63.5,NA,Electric sounder measurement,Water level accuracy to nearest tenth of a foot,1,Department of Water Resources,NA,1,Department of Water Resources,NA,NA,27857,07N07E02C001M,07N07E02C001M,Unknown,Unknown,5-021.65,South American,Sacramento,135,Irrigation,Single Well,NA,1990-03-22 - 2020-09-16,144,fall,52,78.1,NA,NA,2019,13.11,10.66,24.77,10.34,Wet,SAC,2019-10-01T00:00:00Z,2020-10-01T00:00:00Z,-121.18,38.4931
384931N1211797W001,2475169,2019-09-12T00:00:00Z,105.9,105.4,0,65.6,40.3,65.6,65.1,NA,Electric sounder measurement,Water level accuracy to nearest tenth of a foot,1,Department of Water Resources,NA,1,Department of Water Resources,NA,NA,27857,07N07E02C001M,07N07E02C001M,Unknown,Unknown,5-021.65,South American,Sacramento,135,Irrigation,Single Well,NA,1990-03-22 - 2020-09-16,144,fall,52,78.1,NA,NA,2018,7.09,5.05,12.86,7.14,Below Normal,SAC,2018-10-01T00:00:00Z,2019-10-01T00:00:00Z,-121.18,38.4931
384931N1211797W001,2474343,2019-08-13T00:00:00Z,105.9,105.4,0,65.4,40.5,65.4,64.9,NA,Electric sounder measurement,Water level accuracy to nearest tenth of a foot,1,Department of Water Resources,NA,1,Department of Water Resources,NA,NA,27857,07N07E02C001M,07N07E02C001M,Unknown,Unknown,5-021.65,South American,Sacramento,135,Irrigation,Single Well,NA,1990-03-22 - 2020-09-16,144,fall,52,78.1,NA,NA,2018,7.09,5.05,12.86,7.14,Below Normal,SAC,2018-10-01T00:00:00Z,2019-10-01T00:00:00Z,-121.18,38.4931
384931N1211797W001,2469036,2019-07-05T00:00:00Z,105.9,105.4,0,64.1,41.8,64.1,63.6,NA,Electric sounder measurement,Water level accuracy to nearest tenth of a foot,1,Department of Water Resources,NA,1,Department of Water Resources,NA,NA,27857,07N07E02C001M,07N07E02C001M,Unknown,Unknown,5-021.65,South American,Sacramento,135,Irrigation,Single Well,NA,1990-03-22 - 2020-09-16,144,other,NA,NA,NA,NA,2018,7.09,5.05,12.86,7.14,Below Normal,SAC,2018-10-01T00:00:00Z,2019-10-01T00:00:00Z,-121.18,38.4931
384931N1211797W001,2465072,2019-06-10T00:00:00Z,105.9,105.4,0,63.3,42.6,63.3,62.8,NA,Electric sounder measurement,Water level accuracy to nearest tenth of a foot,1,Department of Water Resources,NA,1,Department of Water Resources,NA,NA,27857,07N07E02C001M,07N07E02C001M,Unknown,Unknown,5-021.65,South American,Sacramento,135,Irrigation,Single Well,NA,1990-03-22 - 2020-09-16,144,other,NA,NA,NA,NA,2018,7.09,5.05,12.86,7.14,Below Normal,SAC,2018-10-01T00:00:00Z,2019-10-01T00:00:00Z,-121.18,38.4931
384931N1211797W001,2460921,2019-05-15T00:00:00Z,105.9,105.4,0,61.8,44.1,61.8,61.3,NA,Electric sounder measurement,Water level accuracy to nearest tenth of a foot,1,Department of Water Resources,NA,1,Department of Water Resources,NA,NA,27857,07N07E02C001M,07N07E02C001M,Unknown,Unknown,5-021.65,South American,Sacramento,135,Irrigation,Single Well,NA,1990-03-22 - 2020-09-16,144,spring,NA,NA,48.9,91,2018,7.09,5.05,12.86,7.14,Below Normal,SAC,2018-10-01T00:00:00Z,2019-10-01T00:00:00Z,-121.18,38.4931
384931N1211797W001,2451746,2019-04-02T00:00:00Z,105.9,105.4,0,61.7,44.2,61.7,61.2,NA,Electric sounder measurement,Water level accuracy to nearest tenth of a foot,1,Department of Water Resources,NA,1,Department of Water Resources,NA,NA,27857,07N07E02C001M,07N07E02C001M,Unknown,Unknown,5-021.65,South American,Sacramento,135,Irrigation,Single Well,NA,1990-03-22 - 2020-09-16,144,spring,NA,NA,48.9,91,2018,7.09,5.05,12.86,7.14,Below Normal,SAC,2018-10-01T00:00:00Z,2019-10-01T00:00:00Z,-121.18,38.4931
384931N1211797W001,2450049,2019-03-04T00:00:00Z,105.9,105.4,0,63.5,42.4,63.5,63,NA,Electric sounder measurement,Water level accuracy to nearest tenth of a foot,1,Department of Water Resources,NA,1,Department of Water Resources,NA,NA,27857,07N07E02C001M,07N07E02C001M,Unknown,Unknown,5-021.65,South American,Sacramento,135,Irrigation,Single Well,NA,1990-03-22 - 2020-09-16,144,spring,NA,NA,48.9,91,2018,7.09,5.05,12.86,7.14,Below Normal,SAC,2018-10-01T00:00:00Z,2019-10-01T00:00:00Z,-121.18,38.4931
384931N1211797W001,2450034,2019-02-11T00:00:00Z,105.9,105.4,0,64.7,41.2,64.7,64.2,NA,Electric sounder measurement,Water level accuracy to nearest tenth of a foot,1,Department of Water Resources,NA,1,Department of Water Resources,NA,NA,27857,07N07E02C001M,07N07E02C001M,Unknown,Unknown,5-021.65,South American,Sacramento,135,Irrigation,Single Well,NA,1990-03-22 - 2020-09-16,144,other,NA,NA,NA,NA,2018,7.09,5.05,12.86,7.14,Below Normal,SAC,2018-10-01T00:00:00Z,2019-10-01T00:00:00Z,-121.18,38.4931
384931N1211797W001,2433673,2018-12-07T00:00:00Z,105.9,105.4,0,66.3,39.6,66.3,65.8,NA,Electric sounder measurement,Water level accuracy to nearest tenth of a foot,1,Department of Water Resources,NA,1,Department of Water Resources,NA,NA,27857,07N07E02C001M,07N07E02C001M,Unknown,Unknown,5-021.65,South American,Sacramento,135,Irrigation,Single Well,NA,1990-03-22 - 2020-09-16,144,other,NA,NA,NA,NA,2018,7.09,5.05,12.86,7.14,Below Normal,SAC,2018-10-01T00:00:00Z,2019-10-01T00:00:00Z,-121.18,38.4931
384931N1211797W001,2429272,2018-11-02T00:00:00Z,105.9,105.4,0,68,37.9,68,67.5,NA,Electric sounder measurement,Water level accuracy to nearest tenth of a foot,1,Department of Water Resources,NA,1,Department of Water Resources,NA,NA,27857,07N07E02C001M,07N07E02C001M,Unknown,Unknown,5-021.65,South American,Sacramento,135,Irrigation,Single Well,NA,1990-03-22 - 2020-09-16,144,fall,52,78.1,NA,NA,2018,7.09,5.05,12.86,7.14,Below Normal,SAC,2018-10-01T00:00:00Z,2019-10-01T00:00:00Z,-121.18,38.4931
384931N1211797W001,2411709,2018-10-02T00:00:00Z,105.9,105.4,0,67.8,38.1,67.8,67.3,NA,Electric sounder measurement,Water level accuracy to nearest tenth of a foot,1,Department of Water Resources,NA,1,Department of Water Resources,NA,NA,27857,07N07E02C001M,07N07E02C001M,Unknown,Unknown,5-021.65,South American,Sacramento,135,Irrigation,Single Well,NA,1990-03-22 - 2020-09-16,144,fall,52,78.1,NA,NA,2018,7.09,5.05,12.86,7.14,Below Normal,SAC,2018-10-01T00:00:00Z,2019-10-01T00:00:00Z,-121.18,38.4931
384931N1211797W001,2410267,2018-09-04T00:00:00Z,105.9,105.4,0,70,35.9,70,69.5,NA,Electric sounder measurement,Water level accuracy to nearest tenth of a foot,1,Department of Water Resources,NA,1,Department of Water Resources,NA,NA,27857,07N07E02C001M,07N07E02C001M,Unknown,Unknown,5-021.65,South American,Sacramento,135,Irrigation,Single Well,NA,1990-03-22 - 2020-09-16,144,fall,52,78.1,NA,NA,2017,26.17,10.69,37.82,14.14,Wet,SAC,2017-10-01T00:00:00Z,2018-10-01T00:00:00Z,-121.18,38.4931
384931N1211797W001,2307686,2018-07-02T00:00:00Z,105.9,105.4,0,70.5,35.4,70.5,70,NA,Electric sounder measurement,Water level accuracy to nearest tenth of a foot,1,Department of Water Resources,NA,1,Department of Water Resources,NA,NA,27857,07N07E02C001M,07N07E02C001M,Unknown,Unknown,5-021.65,South American,Sacramento,135,Irrigation,Single Well,NA,1990-03-22 - 2020-09-16,144,other,NA,NA,NA,NA,2017,26.17,10.69,37.82,14.14,Wet,SAC,2017-10-01T00:00:00Z,2018-10-01T00:00:00Z,-121.18,38.4931
384931N1211797W001,2307671,2018-05-14T00:00:00Z,105.9,105.4,0,64.9,41,64.9,64.4,NA,Electric sounder measurement,Water level accuracy to nearest tenth of a foot,1,Department of Water Resources,NA,1,Department of Water Resources,NA,NA,27857,07N07E02C001M,07N07E02C001M,Unknown,Unknown,5-021.65,South American,Sacramento,135,Irrigation,Single Well,NA,1990-03-22 - 2020-09-16,144,spring,NA,NA,48.9,91,2017,26.17,10.69,37.82,14.14,Wet,SAC,2017-10-01T00:00:00Z,2018-10-01T00:00:00Z,-121.18,38.4931
384931N1211797W001,2287196,2018-04-10T12:00:00Z,105.9,105.4,0,64,41.9,64,63.5,NA,Electric sounder measurement,Water level accuracy to nearest tenth of a foot,1,Department of Water Resources,NA,1,Department of Water Resources,NA,NA,27857,07N07E02C001M,07N07E02C001M,Unknown,Unknown,5-021.65,South American,Sacramento,135,Irrigation,Single Well,NA,1990-03-22 - 2020-09-16,144,spring,NA,NA,48.9,91,2017,26.17,10.69,37.82,14.14,Wet,SAC,2017-10-01T00:00:00Z,2018-10-01T00:00:00Z,-121.18,38.4931
384931N1211797W001,2283579,2018-03-06T12:00:00Z,105.9,105.4,0,64.9,41,64.9,64.4,NA,Electric sounder measurement,Water level accuracy to nearest tenth of a foot,1,Department of Water Resources,NA,1,Department of Water Resources,NA,NA,27857,07N07E02C001M,07N07E02C001M,Unknown,Unknown,5-021.65,South American,Sacramento,135,Irrigation,Single Well,NA,1990-03-22 - 2020-09-16,144,spring,NA,NA,48.9,91,2017,26.17,10.69,37.82,14.14,Wet,SAC,2017-10-01T00:00:00Z,2018-10-01T00:00:00Z,-121.18,38.4931
384931N1211797W001,2283339,2018-02-09T00:00:00Z,105.9,105.4,0,65.1,40.8,65.1,64.6,NA,Electric sounder measurement,Water level accuracy to nearest tenth of a foot,1,Department of Water Resources,NA,1,Department of Water Resources,NA,NA,27857,07N07E02C001M,07N07E02C001M,Unknown,Unknown,5-021.65,South American,Sacramento,135,Irrigation,Single Well,NA,1990-03-22 - 2020-09-16,144,other,NA,NA,NA,NA,2017,26.17,10.69,37.82,14.14,Wet,SAC,2017-10-01T00:00:00Z,2018-10-01T00:00:00Z,-121.18,38.4931
384931N1211797W001,2280981,2018-01-23T00:00:00Z,105.9,105.4,0,65.5,40.4,65.5,65,NA,Electric sounder measurement,Water level accuracy to nearest tenth of a foot,1,Department of Water Resources,NA,1,Department of Water Resources,NA,NA,27857,07N07E02C001M,07N07E02C001M,Unknown,Unknown,5-021.65,South American,Sacramento,135,Irrigation,Single Well,NA,1990-03-22 - 2020-09-16,144,other,NA,NA,NA,NA,2017,26.17,10.69,37.82,14.14,Wet,SAC,2017-10-01T00:00:00Z,2018-10-01T00:00:00Z,-121.18,38.4931
384931N1211797W001,2433933,2018-01-08T00:00:00Z,105.9,105.4,0,65.6,40.3,65.6,65.1,NA,Electric sounder measurement,Water level accuracy to nearest tenth of a foot,1,Department of Water Resources,NA,1,Department of Water Resources,NA,NA,27857,07N07E02C001M,07N07E02C001M,Unknown,Unknown,5-021.65,South American,Sacramento,135,Irrigation,Single Well,NA,1990-03-22 - 2020-09-16,144,other,NA,NA,NA,NA,2017,26.17,10.69,37.82,14.14,Wet,SAC,2017-10-01T00:00:00Z,2018-10-01T00:00:00Z,-121.18,38.4931
384931N1211797W001,2276523,2017-12-06T00:00:00Z,105.9,105.4,0,66.3,39.6,66.3,65.8,NA,Electric sounder measurement,Water level accuracy to nearest tenth of a foot,1,Department of Water Resources,NA,1,Department of Water Resources,NA,NA,27857,07N07E02C001M,07N07E02C001M,Unknown,Unknown,5-021.65,South American,Sacramento,135,Irrigation,Single Well,NA,1990-03-22 - 2020-09-16,144,other,NA,NA,NA,NA,2017,26.17,10.69,37.82,14.14,Wet,SAC,2017-10-01T00:00:00Z,2018-10-01T00:00:00Z,-121.18,38.4931
384931N1211797W001,2274575,2017-11-09T00:00:00Z,105.9,105.4,0,74,31.9,74,73.5,NA,Electric sounder measurement,Water level accuracy to nearest tenth of a foot,1,Department of Water Resources,NA,1,Department of Water Resources,NA,NA,27857,07N07E02C001M,07N07E02C001M,Unknown,Unknown,5-021.65,South American,Sacramento,135,Irrigation,Single Well,NA,1990-03-22 - 2020-09-16,144,fall,52,78.1,NA,NA,2017,26.17,10.69,37.82,14.14,Wet,SAC,2017-10-01T00:00:00Z,2018-10-01T00:00:00Z,-121.18,38.4931
384931N1211797W001,2268322,2017-10-16T00:00:00Z,105.9,105.4,0,74.5,31.4,74.5,74,NA,Electric sounder measurement,Water level accuracy to nearest tenth of a foot,1,Department of Water Resources,NA,1,Department of Water Resources,NA,NA,27857,07N07E02C001M,07N07E02C001M,Unknown,Unknown,5-021.65,South American,Sacramento,135,Irrigation,Single Well,NA,1990-03-22 - 2020-09-16,144,fall,52,78.1,NA,NA,2017,26.17,10.69,37.82,14.14,Wet,SAC,2017-10-01T00:00:00Z,2018-10-01T00:00:00Z,-121.18,38.4931
384931N1211797W001,2263436,2017-09-27T00:00:00Z,105.9,105.4,0,73.4,32.5,73.4,72.9,NA,Electric sounder measurement,Water level accuracy to nearest tenth of a foot,1,Department of Water Resources,NA,1,Department of Water Resources,NA,NA,27857,07N07E02C001M,07N07E02C001M,Unknown,Unknown,5-021.65,South American,Sacramento,135,Irrigation,Single Well,NA,1990-03-22 - 2020-09-16,144,fall,52,78.1,NA,NA,2016,12.24,4.6,17.48,6.71,Below Normal,SAC,2016-10-01T00:00:00Z,2017-10-01T00:00:00Z,-121.18,38.4931
384931N1211797W001,2263435,2017-08-29T00:00:00Z,105.9,105.4,0,73.1,32.8,73.1,72.6,NA,Electric sounder measurement,Water level accuracy to nearest tenth of a foot,1,Department of Water Resources,NA,1,Department of Water Resources,NA,NA,27857,07N07E02C001M,07N07E02C001M,Unknown,Unknown,5-021.65,South American,Sacramento,135,Irrigation,Single Well,NA,1990-03-22 - 2020-09-16,144,fall,52,78.1,NA,NA,2016,12.24,4.6,17.48,6.71,Below Normal,SAC,2016-10-01T00:00:00Z,2017-10-01T00:00:00Z,-121.18,38.4931
384931N1211797W001,2263434,2017-06-15T00:00:00Z,105.9,105.4,0,69.4,36.5,69.4,68.9,NA,Electric sounder measurement,Water level accuracy to nearest tenth of a foot,1,Department of Water Resources,NA,1,Department of Water Resources,NA,NA,27857,07N07E02C001M,07N07E02C001M,Unknown,Unknown,5-021.65,South American,Sacramento,135,Irrigation,Single Well,NA,1990-03-22 - 2020-09-16,144,other,NA,NA,NA,NA,2016,12.24,4.6,17.48,6.71,Below Normal,SAC,2016-10-01T00:00:00Z,2017-10-01T00:00:00Z,-121.18,38.4931
384931N1211797W001,2263432,2017-04-10T00:00:00Z,105.9,105.4,0,67.1,38.8,67.1,66.6,NA,Electric sounder measurement,Water level accuracy to nearest tenth of a foot,1,Department of Water Resources,NA,1,Department of Water Resources,NA,NA,27857,07N07E02C001M,07N07E02C001M,Unknown,Unknown,5-021.65,South American,Sacramento,135,Irrigation,Single Well,NA,1990-03-22 - 2020-09-16,144,spring,NA,NA,48.9,91,2016,12.24,4.6,17.48,6.71,Below Normal,SAC,2016-10-01T00:00:00Z,2017-10-01T00:00:00Z,-121.18,38.4931
384931N1211797W001,2237483,2017-03-06T00:00:00Z,105.9,105.4,0,67.3,38.6,67.3,66.8,NA,Electric sounder measurement,Water level accuracy to nearest tenth of a foot,1,Department of Water Resources,NA,1,Department of Water Resources,NA,NA,27857,07N07E02C001M,07N07E02C001M,Unknown,Unknown,5-021.65,South American,Sacramento,135,Irrigation,Single Well,NA,1990-03-22 - 2020-09-16,144,spring,NA,NA,48.9,91,2016,12.24,4.6,17.48,6.71,Below Normal,SAC,2016-10-01T00:00:00Z,2017-10-01T00:00:00Z,-121.18,38.4931
384931N1211797W001,2237475,2017-02-15T00:00:00Z,105.9,105.4,0,72.5,33.4,72.5,72,NA,Electric sounder measurement,Water level accuracy to nearest tenth of a foot,1,Department of Water Resources,NA,1,Department of Water Resources,NA,NA,27857,07N07E02C001M,07N07E02C001M,Unknown,Unknown,5-021.65,South American,Sacramento,135,Irrigation,Single Well,NA,1990-03-22 - 2020-09-16,144,other,NA,NA,NA,NA,2016,12.24,4.6,17.48,6.71,Below Normal,SAC,2016-10-01T00:00:00Z,2017-10-01T00:00:00Z,-121.18,38.4931
384931N1211797W001,2230609,2017-01-13T00:00:00Z,105.9,105.4,0,75.3,30.6,75.3,74.8,NA,Electric sounder measurement,Water level accuracy to nearest tenth of a foot,1,Department of Water Resources,NA,1,Department of Water Resources,NA,NA,27857,07N07E02C001M,07N07E02C001M,Unknown,Unknown,5-021.65,South American,Sacramento,135,Irrigation,Single Well,NA,1990-03-22 - 2020-09-16,144,other,NA,NA,NA,NA,2016,12.24,4.6,17.48,6.71,Below Normal,SAC,2016-10-01T00:00:00Z,2017-10-01T00:00:00Z,-121.18,38.4931
384931N1211797W001,2223643,2016-12-19T00:00:00Z,105.9,105.4,0,76.7,29.2,76.7,76.2,NA,Electric sounder measurement,Water level accuracy to nearest tenth of a foot,1,Department of Water Resources,NA,1,Department of Water Resources,NA,NA,27857,07N07E02C001M,07N07E02C001M,Unknown,Unknown,5-021.65,South American,Sacramento,135,Irrigation,Single Well,NA,1990-03-22 - 2020-09-16,144,other,NA,NA,NA,NA,2016,12.24,4.6,17.48,6.71,Below Normal,SAC,2016-10-01T00:00:00Z,2017-10-01T00:00:00Z,-121.18,38.4931
384931N1211797W001,2220285,2016-11-21T00:00:00Z,105.9,105.4,0,77.8,28.1,77.8,77.3,NA,Electric sounder measurement,Water level accuracy to nearest tenth of a foot,1,Department of Water Resources,NA,1,Department of Water Resources,NA,NA,27857,07N07E02C001M,07N07E02C001M,Unknown,Unknown,5-021.65,South American,Sacramento,135,Irrigation,Single Well,NA,1990-03-22 - 2020-09-16,144,fall,52,78.1,NA,NA,2016,12.24,4.6,17.48,6.71,Below Normal,SAC,2016-10-01T00:00:00Z,2017-10-01T00:00:00Z,-121.18,38.4931
384931N1211797W001,2214326,2016-10-18T00:00:00Z,105.9,105.4,0,78.5,27.4,78.5,78,NA,Electric sounder measurement,Water level accuracy to nearest tenth of a foot,1,Department of Water Resources,NA,1,Department of Water Resources,NA,NA,27857,07N07E02C001M,07N07E02C001M,Unknown,Unknown,5-021.65,South American,Sacramento,135,Irrigation,Single Well,NA,1990-03-22 - 2020-09-16,144,fall,52,78.1,NA,NA,2016,12.24,4.6,17.48,6.71,Below Normal,SAC,2016-10-01T00:00:00Z,2017-10-01T00:00:00Z,-121.18,38.4931
384931N1211797W001,2211415,2016-09-13T00:00:00Z,105.9,105.4,0,78.6,27.3,78.6,78.1,NA,Electric sounder measurement,Water level accuracy to nearest tenth of a foot,1,Department of Water Resources,NA,1,Department of Water Resources,NA,NA,27857,07N07E02C001M,07N07E02C001M,Unknown,Unknown,5-021.65,South American,Sacramento,135,Irrigation,Single Well,NA,1990-03-22 - 2020-09-16,144,fall,52,78.1,NA,NA,2015,6.91,1.77,9.23,4,Critical,SAC,2015-10-01T00:00:00Z,2016-10-01T00:00:00Z,-121.18,38.4931
384931N1211797W001,2211429,2016-08-18T00:00:00Z,105.9,105.4,0,78.6,27.3,78.6,78.1,NA,Electric sounder measurement,Water level accuracy to nearest tenth of a foot,1,Department of Water Resources,NA,1,Department of Water Resources,NA,NA,27857,07N07E02C001M,07N07E02C001M,Unknown,Unknown,5-021.65,South American,Sacramento,135,Irrigation,Single Well,NA,1990-03-22 - 2020-09-16,144,fall,52,78.1,NA,NA,2015,6.91,1.77,9.23,4,Critical,SAC,2015-10-01T00:00:00Z,2016-10-01T00:00:00Z,-121.18,38.4931
384931N1211797W001,2201404,2016-07-18T00:00:00Z,105.9,105.4,0,77.4,28.5,77.4,76.9,NA,Electric sounder measurement,Water level accuracy to nearest tenth of a foot,1,Department of Water Resources,NA,1,Department of Water Resources,NA,NA,27857,07N07E02C001M,07N07E02C001M,Unknown,Unknown,5-021.65,South American,Sacramento,135,Irrigation,Single Well,NA,1990-03-22 - 2020-09-16,144,other,NA,NA,NA,NA,2015,6.91,1.77,9.23,4,Critical,SAC,2015-10-01T00:00:00Z,2016-10-01T00:00:00Z,-121.18,38.4931
384931N1211797W001,2196959,2016-05-26T00:00:00Z,105.9,105.4,0,74.4,31.5,74.4,73.9,NA,Electric sounder measurement,Water level accuracy to nearest tenth of a foot,1,Department of Water Resources,NA,1,Department of Water Resources,NA,NA,27857,07N07E02C001M,07N07E02C001M,Unknown,Unknown,5-021.65,South American,Sacramento,135,Irrigation,Single Well,NA,1990-03-22 - 2020-09-16,144,spring,NA,NA,48.9,91,2015,6.91,1.77,9.23,4,Critical,SAC,2015-10-01T00:00:00Z,2016-10-01T00:00:00Z,-121.18,38.4931
384931N1211797W001,2192093,2016-04-19T00:00:00Z,105.9,105.4,0,73.3,32.6,73.3,72.8,NA,Electric sounder measurement,Water level accuracy to nearest tenth of a foot,1,Department of Water Resources,NA,1,Department of Water Resources,NA,NA,27857,07N07E02C001M,07N07E02C001M,Unknown,Unknown,5-021.65,South American,Sacramento,135,Irrigation,Single Well,NA,1990-03-22 - 2020-09-16,144,spring,NA,NA,48.9,91,2015,6.91,1.77,9.23,4,Critical,SAC,2015-10-01T00:00:00Z,2016-10-01T00:00:00Z,-121.18,38.4931
384931N1211797W001,2185777,2016-03-24T00:00:00Z,105.9,105.4,0,75.8,30.1,75.8,75.3,NA,Electric sounder measurement,Water level accuracy to nearest tenth of a foot,1,Department of Water Resources,NA,1,Department of Water Resources,NA,NA,27857,07N07E02C001M,07N07E02C001M,Unknown,Unknown,5-021.65,South American,Sacramento,135,Irrigation,Single Well,NA,1990-03-22 - 2020-09-16,144,spring,NA,NA,48.9,91,2015,6.91,1.77,9.23,4,Critical,SAC,2015-10-01T00:00:00Z,2016-10-01T00:00:00Z,-121.18,38.4931
384931N1211797W001,2182812,2016-02-25T00:00:00Z,105.9,105.4,0,76.4,29.5,76.4,75.9,NA,Electric sounder measurement,Water level accuracy to nearest tenth of a foot,1,Department of Water Resources,NA,1,Department of Water Resources,NA,NA,27857,07N07E02C001M,07N07E02C001M,Unknown,Unknown,5-021.65,South American,Sacramento,135,Irrigation,Single Well,NA,1990-03-22 - 2020-09-16,144,other,NA,NA,NA,NA,2015,6.91,1.77,9.23,4,Critical,SAC,2015-10-01T00:00:00Z,2016-10-01T00:00:00Z,-121.18,38.4931
384931N1211797W001,2180995,2016-01-25T00:00:00Z,105.9,105.4,0,77.1,28.8,77.1,76.6,NA,Electric sounder measurement,Water level accuracy to nearest tenth of a foot,1,Department of Water Resources,NA,1,Department of Water Resources,NA,NA,27857,07N07E02C001M,07N07E02C001M,Unknown,Unknown,5-021.65,South American,Sacramento,135,Irrigation,Single Well,NA,1990-03-22 - 2020-09-16,144,other,NA,NA,NA,NA,2015,6.91,1.77,9.23,4,Critical,SAC,2015-10-01T00:00:00Z,2016-10-01T00:00:00Z,-121.18,38.4931
384931N1211797W001,2178013,2015-12-29T00:00:00Z,105.9,105.4,0,77.5,28.4,77.5,77,NA,Electric sounder measurement,Water level accuracy to nearest tenth of a foot,1,Department of Water Resources,NA,1,Department of Water Resources,NA,NA,27857,07N07E02C001M,07N07E02C001M,Unknown,Unknown,5-021.65,South American,Sacramento,135,Irrigation,Single Well,NA,1990-03-22 - 2020-09-16,144,other,NA,NA,NA,NA,2015,6.91,1.77,9.23,4,Critical,SAC,2015-10-01T00:00:00Z,2016-10-01T00:00:00Z,-121.18,38.4931
384931N1211797W001,2175808,2015-11-16T00:00:00Z,105.9,105.4,0,77.7,28.2,77.7,77.2,NA,Electric sounder measurement,Water level accuracy to nearest tenth of a foot,1,Department of Water Resources,NA,1,Department of Water Resources,NA,NA,27857,07N07E02C001M,07N07E02C001M,Unknown,Unknown,5-021.65,South American,Sacramento,135,Irrigation,Single Well,NA,1990-03-22 - 2020-09-16,144,fall,52,78.1,NA,NA,2015,6.91,1.77,9.23,4,Critical,SAC,2015-10-01T00:00:00Z,2016-10-01T00:00:00Z,-121.18,38.4931
384931N1211797W001,2157731,2015-10-13T00:00:00Z,105.9,105.4,0,78.3,27.6,78.3,77.8,NA,Electric sounder measurement,Water level accuracy to nearest tenth of a foot,1,Department of Water Resources,NA,1,Department of Water Resources,NA,NA,27857,07N07E02C001M,07N07E02C001M,Unknown,Unknown,5-021.65,South American,Sacramento,135,Irrigation,Single Well,NA,1990-03-22 - 2020-09-16,144,fall,52,78.1,NA,NA,2015,6.91,1.77,9.23,4,Critical,SAC,2015-10-01T00:00:00Z,2016-10-01T00:00:00Z,-121.18,38.4931
384931N1211797W001,2153100,2015-09-01T00:00:00Z,105.9,105.4,0,75.9,30,75.9,75.4,NA,Electric sounder measurement,Water level accuracy to nearest tenth of a foot,1,Department of Water Resources,NA,1,Department of Water Resources,NA,NA,27857,07N07E02C001M,07N07E02C001M,Unknown,Unknown,5-021.65,South American,Sacramento,135,Irrigation,Single Well,NA,1990-03-22 - 2020-09-16,144,fall,52,78.1,NA,NA,2014,4.29,2.59,7.46,4.07,Critical,SAC,2014-10-01T00:00:00Z,2015-10-01T00:00:00Z,-121.18,38.4931
384931N1211797W001,2150905,2015-08-27T00:00:00Z,105.9,105.4,0,76.5,29.4,76.5,76,NA,Electric sounder measurement,Water level accuracy to nearest tenth of a foot,1,Department of Water Resources,NA,1,Department of Water Resources,NA,NA,27857,07N07E02C001M,07N07E02C001M,Unknown,Unknown,5-021.65,South American,Sacramento,135,Irrigation,Single Well,NA,1990-03-22 - 2020-09-16,144,fall,52,78.1,NA,NA,2014,4.29,2.59,7.46,4.07,Critical,SAC,2014-10-01T00:00:00Z,2015-10-01T00:00:00Z,-121.18,38.4931
384931N1211797W001,2143348,2015-06-19T00:00:00Z,105.9,105.4,0,77.6,28.3,77.6,77.1,NA,Electric sounder measurement,Water level accuracy to nearest tenth of a foot,1,Department of Water Resources,NA,1,Department of Water Resources,NA,NA,27857,07N07E02C001M,07N07E02C001M,Unknown,Unknown,5-021.65,South American,Sacramento,135,Irrigation,Single Well,NA,1990-03-22 - 2020-09-16,144,other,NA,NA,NA,NA,2014,4.29,2.59,7.46,4.07,Critical,SAC,2014-10-01T00:00:00Z,2015-10-01T00:00:00Z,-121.18,38.4931
384931N1211797W001,2139372,2015-05-20T00:00:00Z,105.9,105.4,0,73.9,32,73.9,73.4,NA,Electric sounder measurement,Water level accuracy to nearest tenth of a foot,1,Department of Water Resources,NA,1,Department of Water Resources,NA,NA,27857,07N07E02C001M,07N07E02C001M,Unknown,Unknown,5-021.65,South American,Sacramento,135,Irrigation,Single Well,NA,1990-03-22 - 2020-09-16,144,spring,NA,NA,48.9,91,2014,4.29,2.59,7.46,4.07,Critical,SAC,2014-10-01T00:00:00Z,2015-10-01T00:00:00Z,-121.18,38.4931
384931N1211797W001,2135992,2015-04-21T00:00:00Z,105.9,105.4,0,73,32.9,73,72.5,NA,Electric sounder measurement,Water level accuracy to nearest tenth of a foot,1,Department of Water Resources,NA,1,Department of Water Resources,NA,NA,27857,07N07E02C001M,07N07E02C001M,Unknown,Unknown,5-021.65,South American,Sacramento,135,Irrigation,Single Well,NA,1990-03-22 - 2020-09-16,144,spring,NA,NA,48.9,91,2014,4.29,2.59,7.46,4.07,Critical,SAC,2014-10-01T00:00:00Z,2015-10-01T00:00:00Z,-121.18,38.4931
384931N1211797W001,2116911,2015-03-17T00:00:00Z,105.9,105.4,0,91.5,14.4,91.5,91,Pumping,Electric sounder measurement,Water level accuracy to nearest tenth of a foot,1,Department of Water Resources,NA,1,Department of Water Resources,NA,NA,27857,07N07E02C001M,07N07E02C001M,Unknown,Unknown,5-021.65,South American,Sacramento,135,Irrigation,Single Well,NA,1990-03-22 - 2020-09-16,144,spring,NA,NA,48.9,91,2014,4.29,2.59,7.46,4.07,Critical,SAC,2014-10-01T00:00:00Z,2015-10-01T00:00:00Z,-121.18,38.4931
384931N1211797W001,2115235,2015-02-23T00:00:00Z,105.9,105.4,0,72.1,33.8,72.1,71.6,NA,Electric sounder measurement,Water level accuracy to nearest tenth of a foot,1,Department of Water Resources,NA,1,Department of Water Resources,NA,NA,27857,07N07E02C001M,07N07E02C001M,Unknown,Unknown,5-021.65,South American,Sacramento,135,Irrigation,Single Well,NA,1990-03-22 - 2020-09-16,144,other,NA,NA,NA,NA,2014,4.29,2.59,7.46,4.07,Critical,SAC,2014-10-01T00:00:00Z,2015-10-01T00:00:00Z,-121.18,38.4931
384931N1211797W001,2113511,2015-02-02T00:00:00Z,105.9,105.4,0,72.6,33.3,72.6,72.1,NA,Electric sounder measurement,Water level accuracy to nearest tenth of a foot,1,Department of Water Resources,NA,1,Department of Water Resources,NA,NA,27857,07N07E02C001M,07N07E02C001M,Unknown,Unknown,5-021.65,South American,Sacramento,135,Irrigation,Single Well,NA,1990-03-22 - 2020-09-16,144,other,NA,NA,NA,NA,2014,4.29,2.59,7.46,4.07,Critical,SAC,2014-10-01T00:00:00Z,2015-10-01T00:00:00Z,-121.18,38.4931
384931N1211797W001,2109734,2014-12-19T00:00:00Z,105.9,105.4,0,72.7,33.2,72.7,72.2,NA,Electric sounder measurement,Water level accuracy to nearest tenth of a foot,1,Department of Water Resources,NA,1,Department of Water Resources,NA,NA,27857,07N07E02C001M,07N07E02C001M,Unknown,Unknown,5-021.65,South American,Sacramento,135,Irrigation,Single Well,NA,1990-03-22 - 2020-09-16,144,other,NA,NA,NA,NA,2014,4.29,2.59,7.46,4.07,Critical,SAC,2014-10-01T00:00:00Z,2015-10-01T00:00:00Z,-121.18,38.4931
384931N1211797W001,2107514,2014-11-26T00:00:00Z,105.9,105.4,0,72.8,33.1,72.8,72.3,NA,Electric sounder measurement,Water level accuracy to nearest tenth of a foot,1,Department of Water Resources,NA,1,Department of Water Resources,NA,NA,27857,07N07E02C001M,07N07E02C001M,Unknown,Unknown,5-021.65,South American,Sacramento,135,Irrigation,Single Well,NA,1990-03-22 - 2020-09-16,144,fall,52,78.1,NA,NA,2014,4.29,2.59,7.46,4.07,Critical,SAC,2014-10-01T00:00:00Z,2015-10-01T00:00:00Z,-121.18,38.4931
384931N1211797W001,2022464,2014-10-22T00:00:00Z,105.9,105.4,0,73.4,32.5,73.4,72.9,NA,Electric sounder measurement,Water level accuracy to nearest tenth of a foot,1,Department of Water Resources,NA,1,Department of Water Resources,NA,NA,27857,07N07E02C001M,07N07E02C001M,Unknown,Unknown,5-021.65,South American,Sacramento,135,Irrigation,Single Well,NA,1990-03-22 - 2020-09-16,144,fall,52,78.1,NA,NA,2014,4.29,2.59,7.46,4.07,Critical,SAC,2014-10-01T00:00:00Z,2015-10-01T00:00:00Z,-121.18,38.4931
384931N1211797W001,2014571,2014-09-29T00:00:00Z,105.9,105.4,0,73.7,32.2,73.7,73.2,NA,Electric sounder measurement,Water level accuracy to nearest tenth of a foot,1,Department of Water Resources,NA,1,Department of Water Resources,NA,NA,27857,07N07E02C001M,07N07E02C001M,Unknown,Unknown,5-021.65,South American,Sacramento,135,Irrigation,Single Well,NA,1990-03-22 - 2020-09-16,144,fall,52,78.1,NA,NA,2013,8.52,3.01,12.19,5.83,Dry,SAC,2013-10-01T00:00:00Z,2014-10-01T00:00:00Z,-121.18,38.4931
384931N1211797W001,1995588,2014-08-19T00:00:00Z,105.9,105.4,0,74.7,31.2,74.7,74.2,NA,Electric sounder measurement,Water level accuracy to nearest tenth of a foot,1,Department of Water Resources,NA,1,Department of Water Resources,NA,NA,27857,07N07E02C001M,07N07E02C001M,Unknown,Unknown,5-021.65,South American,Sacramento,135,Irrigation,Single Well,NA,1990-03-22 - 2020-09-16,144,fall,52,78.1,NA,NA,2013,8.52,3.01,12.19,5.83,Dry,SAC,2013-10-01T00:00:00Z,2014-10-01T00:00:00Z,-121.18,38.4931
384931N1211797W001,1993131,2014-07-28T00:00:00Z,105.9,105.4,0,74.9,31,74.9,74.4,NA,Electric sounder measurement,Water level accuracy to nearest tenth of a foot,1,Department of Water Resources,NA,1,Department of Water Resources,NA,NA,27857,07N07E02C001M,07N07E02C001M,Unknown,Unknown,5-021.65,South American,Sacramento,135,Irrigation,Single Well,NA,1990-03-22 - 2020-09-16,144,other,NA,NA,NA,NA,2013,8.52,3.01,12.19,5.83,Dry,SAC,2013-10-01T00:00:00Z,2014-10-01T00:00:00Z,-121.18,38.4931
384931N1211797W001,1977439,2014-05-06T00:00:00Z,105.9,105.4,0,70.7,35.2,70.7,70.2,NA,Electric sounder measurement,Water level accuracy to nearest tenth of a foot,1,Department of Water Resources,NA,1,Department of Water Resources,NA,NA,27857,07N07E02C001M,07N07E02C001M,Unknown,Unknown,5-021.65,South American,Sacramento,135,Irrigation,Single Well,NA,1990-03-22 - 2020-09-16,144,spring,NA,NA,48.9,91,2013,8.52,3.01,12.19,5.83,Dry,SAC,2013-10-01T00:00:00Z,2014-10-01T00:00:00Z,-121.18,38.4931
384931N1211797W001,1975877,2014-04-11T00:00:00Z,105.9,105.4,0,68.6,37.3,68.6,68.1,NA,Electric sounder measurement,Water level accuracy to nearest tenth of a foot,1,Department of Water Resources,NA,1,Department of Water Resources,NA,NA,27857,07N07E02C001M,07N07E02C001M,Unknown,Unknown,5-021.65,South American,Sacramento,135,Irrigation,Single Well,NA,1990-03-22 - 2020-09-16,144,spring,NA,NA,48.9,91,2013,8.52,3.01,12.19,5.83,Dry,SAC,2013-10-01T00:00:00Z,2014-10-01T00:00:00Z,-121.18,38.4931
384931N1211797W001,1877512,2014-03-13T00:00:00Z,105.9,105.4,0,68.7,37.2,68.7,68.2,NA,Electric sounder measurement,Water level accuracy to nearest tenth of a foot,1,Department of Water Resources,NA,1,Department of Water Resources,NA,NA,27857,07N07E02C001M,07N07E02C001M,Unknown,Unknown,5-021.65,South American,Sacramento,135,Irrigation,Single Well,NA,1990-03-22 - 2020-09-16,144,spring,NA,NA,48.9,91,2013,8.52,3.01,12.19,5.83,Dry,SAC,2013-10-01T00:00:00Z,2014-10-01T00:00:00Z,-121.18,38.4931
384931N1211797W001,1877496,2014-02-28T00:00:00Z,105.9,105.4,0,68.7,37.2,68.7,68.2,NA,Electric sounder measurement,Water level accuracy to nearest tenth of a foot,1,Department of Water Resources,NA,1,Department of Water Resources,NA,NA,27857,07N07E02C001M,07N07E02C001M,Unknown,Unknown,5-021.65,South American,Sacramento,135,Irrigation,Single Well,NA,1990-03-22 - 2020-09-16,144,other,NA,NA,NA,NA,2013,8.52,3.01,12.19,5.83,Dry,SAC,2013-10-01T00:00:00Z,2014-10-01T00:00:00Z,-121.18,38.4931
384931N1211797W001,1876590,2014-02-28T00:00:00Z,105.9,105.4,0,69.1,36.8,69.1,68.6,NA,Electric sounder measurement,Water level accuracy to nearest tenth of a foot,1,Department of Water Resources,new gates around property,1,Department of Water Resources,NA,NA,27857,07N07E02C001M,07N07E02C001M,Unknown,Unknown,5-021.65,South American,Sacramento,135,Irrigation,Single Well,NA,1990-03-22 - 2020-09-16,144,other,NA,NA,NA,NA,2013,8.52,3.01,12.19,5.83,Dry,SAC,2013-10-01T00:00:00Z,2014-10-01T00:00:00Z,-121.18,38.4931
384931N1211797W001,1873043,2014-01-31T00:00:00Z,105.9,105.4,0,73.3,32.6,73.3,72.8,NA,Electric sounder measurement,Water level accuracy to nearest tenth of a foot,1,Department of Water Resources,new gates around property,1,Department of Water Resources,NA,NA,27857,07N07E02C001M,07N07E02C001M,Unknown,Unknown,5-021.65,South American,Sacramento,135,Irrigation,Single Well,NA,1990-03-22 - 2020-09-16,144,other,NA,NA,NA,NA,2013,8.52,3.01,12.19,5.83,Dry,SAC,2013-10-01T00:00:00Z,2014-10-01T00:00:00Z,-121.18,38.4931
384931N1211797W001,1835789,2014-01-31T00:00:00Z,105.9,105.4,0,73.3,32.6,73.3,72.8,NA,Electric sounder measurement,Water level accuracy to nearest tenth of a foot,1,Department of Water Resources,new gates into property,1,Department of Water Resources,NA,NA,27857,07N07E02C001M,07N07E02C001M,Unknown,Unknown,5-021.65,South American,Sacramento,135,Irrigation,Single Well,NA,1990-03-22 - 2020-09-16,144,other,NA,NA,NA,NA,2013,8.52,3.01,12.19,5.83,Dry,SAC,2013-10-01T00:00:00Z,2014-10-01T00:00:00Z,-121.18,38.4931
384931N1211797W001,1858301,2013-12-27T00:00:00Z,105.9,105.4,0,69.5,36.4,69.5,69,NA,Electric sounder measurement,Water level accuracy to nearest tenth of a foot,1,Department of Water Resources,NA,1,Department of Water Resources,NA,NA,27857,07N07E02C001M,07N07E02C001M,Unknown,Unknown,5-021.65,South American,Sacramento,135,Irrigation,Single Well,NA,1990-03-22 - 2020-09-16,144,other,NA,NA,NA,NA,2013,8.52,3.01,12.19,5.83,Dry,SAC,2013-10-01T00:00:00Z,2014-10-01T00:00:00Z,-121.18,38.4931
384931N1211797W001,1858284,2013-12-05T00:00:00Z,105.9,105.4,0,70,35.9,70,69.5,NA,Electric sounder measurement,Water level accuracy to nearest tenth of a foot,1,Department of Water Resources,NA,1,Department of Water Resources,NA,NA,27857,07N07E02C001M,07N07E02C001M,Unknown,Unknown,5-021.65,South American,Sacramento,135,Irrigation,Single Well,NA,1990-03-22 - 2020-09-16,144,other,NA,NA,NA,NA,2013,8.52,3.01,12.19,5.83,Dry,SAC,2013-10-01T00:00:00Z,2014-10-01T00:00:00Z,-121.18,38.4931
384931N1211797W001,1835540,2013-10-31T00:00:00Z,105.9,105.4,0,70.5,35.4,70.5,70,NA,Electric sounder measurement,Water level accuracy to nearest tenth of a foot,1,Department of Water Resources,NA,1,Department of Water Resources,NA,NA,27857,07N07E02C001M,07N07E02C001M,Unknown,Unknown,5-021.65,South American,Sacramento,135,Irrigation,Single Well,NA,1990-03-22 - 2020-09-16,144,fall,52,78.1,NA,NA,2013,8.52,3.01,12.19,5.83,Dry,SAC,2013-10-01T00:00:00Z,2014-10-01T00:00:00Z,-121.18,38.4931
384931N1211797W001,1834759,2013-10-31T00:00:00Z,105.9,105.4,0,70.5,35.4,70.5,70,NA,Electric sounder measurement,Water level accuracy to nearest tenth of a foot,1,Department of Water Resources,NA,1,Department of Water Resources,NA,NA,27857,07N07E02C001M,07N07E02C001M,Unknown,Unknown,5-021.65,South American,Sacramento,135,Irrigation,Single Well,NA,1990-03-22 - 2020-09-16,144,fall,52,78.1,NA,NA,2013,8.52,3.01,12.19,5.83,Dry,SAC,2013-10-01T00:00:00Z,2014-10-01T00:00:00Z,-121.18,38.4931
384931N1211797W001,1796842,2013-09-27T00:00:00Z,105.9,105.4,0,70.8,35.1,70.8,70.3,NA,Electric sounder measurement,Water level accuracy to nearest tenth of a foot,1,Department of Water Resources,NA,1,Department of Water Resources,NA,NA,27857,07N07E02C001M,07N07E02C001M,Unknown,Unknown,5-021.65,South American,Sacramento,135,Irrigation,Single Well,NA,1990-03-22 - 2020-09-16,144,fall,52,78.1,NA,NA,2012,5.69,5.46,11.84,6.89,Below Normal,SAC,2012-10-01T00:00:00Z,2013-10-01T00:00:00Z,-121.18,38.4931
384931N1211797W001,1796811,2013-08-28T00:00:00Z,105.9,105.4,0,72.5,33.4,72.5,72,NA,Electric sounder measurement,Water level accuracy to nearest tenth of a foot,1,Department of Water Resources,NA,1,Department of Water Resources,NA,NA,27857,07N07E02C001M,07N07E02C001M,Unknown,Unknown,5-021.65,South American,Sacramento,135,Irrigation,Single Well,NA,1990-03-22 - 2020-09-16,144,fall,52,78.1,NA,NA,2012,5.69,5.46,11.84,6.89,Below Normal,SAC,2012-10-01T00:00:00Z,2013-10-01T00:00:00Z,-121.18,38.4931
384931N1211797W001,1796779,2013-06-27T00:00:00Z,105.9,105.4,0,70,35.9,70,69.5,NA,Electric sounder measurement,Water level accuracy to nearest tenth of a foot,1,Department of Water Resources,NA,1,Department of Water Resources,NA,NA,27857,07N07E02C001M,07N07E02C001M,Unknown,Unknown,5-021.65,South American,Sacramento,135,Irrigation,Single Well,NA,1990-03-22 - 2020-09-16,144,other,NA,NA,NA,NA,2012,5.69,5.46,11.84,6.89,Below Normal,SAC,2012-10-01T00:00:00Z,2013-10-01T00:00:00Z,-121.18,38.4931
384931N1211797W001,1796763,2013-03-21T00:00:00Z,105.9,105.4,0,65.6,40.3,65.6,65.1,NA,Electric sounder measurement,Water level accuracy to nearest tenth of a foot,1,Department of Water Resources,NA,1,Department of Water Resources,NA,NA,27857,07N07E02C001M,07N07E02C001M,Unknown,Unknown,5-021.65,South American,Sacramento,135,Irrigation,Single Well,NA,1990-03-22 - 2020-09-16,144,spring,NA,NA,48.9,91,2012,5.69,5.46,11.84,6.89,Below Normal,SAC,2012-10-01T00:00:00Z,2013-10-01T00:00:00Z,-121.18,38.4931
384931N1211797W001,1796747,2012-10-18T00:00:00Z,105.9,105.4,0,69.9,36,69.9,69.4,NA,Electric sounder measurement,Water level accuracy to nearest tenth of a foot,1,Department of Water Resources,NA,1,Department of Water Resources,NA,NA,27857,07N07E02C001M,07N07E02C001M,Unknown,Unknown,5-021.65,South American,Sacramento,135,Irrigation,Single Well,NA,1990-03-22 - 2020-09-16,144,fall,52,78.1,NA,NA,2012,5.69,5.46,11.84,6.89,Below Normal,SAC,2012-10-01T00:00:00Z,2013-10-01T00:00:00Z,-121.18,38.4931
384931N1211797W001,65379,2012-07-30T00:00:00Z,105.9,105.4,0,68.7,37.2,68.7,68.2,NA,Electric sounder measurement,Water level accuracy to nearest tenth of a foot,1,Department of Water Resources,NA,1,Department of Water Resources,NA,NA,27857,07N07E02C001M,07N07E02C001M,Unknown,Unknown,5-021.65,South American,Sacramento,135,Irrigation,Single Well,NA,1990-03-22 - 2020-09-16,144,other,NA,NA,NA,NA,2011,12.68,11.53,25.21,10.54,Wet,SAC,2011-10-01T00:00:00Z,2012-10-01T00:00:00Z,-121.18,38.4931
384931N1211797W001,55095,2012-03-29T00:00:00Z,105.9,105.4,0,63,42.9,63,62.5,NA,Electric sounder measurement,Water level accuracy to nearest hundredth of a foot,1,Department of Water Resources,NA,1,Department of Water Resources,NA,NA,27857,07N07E02C001M,07N07E02C001M,Unknown,Unknown,5-021.65,South American,Sacramento,135,Irrigation,Single Well,NA,1990-03-22 - 2020-09-16,144,spring,NA,NA,48.9,91,2011,12.68,11.53,25.21,10.54,Wet,SAC,2011-10-01T00:00:00Z,2012-10-01T00:00:00Z,-121.18,38.4931
384931N1211797W001,65363,2012-03-28T00:00:00Z,105.9,105.4,0,63,42.9,63,62.5,NA,Electric sounder measurement,Water level accuracy to nearest tenth of a foot,1,Department of Water Resources,NA,1,Department of Water Resources,NA,NA,27857,07N07E02C001M,07N07E02C001M,Unknown,Unknown,5-021.65,South American,Sacramento,135,Irrigation,Single Well,NA,1990-03-22 - 2020-09-16,144,spring,NA,NA,48.9,91,2011,12.68,11.53,25.21,10.54,Wet,SAC,2011-10-01T00:00:00Z,2012-10-01T00:00:00Z,-121.18,38.4931
384931N1211797W001,2442076,2011-10-18T00:00:00Z,105.9,105.4,0,65.4,40.5,65.4,64.9,NA,Unknown,Water level accuracy is unknown,1,Department of Water Resources,NA,624,Bureau of Reclamation,NA,NA,27857,07N07E02C001M,07N07E02C001M,Unknown,Unknown,5-021.65,South American,Sacramento,135,Irrigation,Single Well,NA,1990-03-22 - 2020-09-16,144,fall,52,78.1,NA,NA,2011,12.68,11.53,25.21,10.54,Wet,SAC,2011-10-01T00:00:00Z,2012-10-01T00:00:00Z,-121.18,38.4931
384931N1211797W001,2442075,2011-04-08T00:00:00Z,105.9,105.4,0,61.2,44.7,61.2,60.7,NA,Unknown,Water level accuracy is unknown,1,Department of Water Resources,NA,1,Department of Water Resources,NA,NA,27857,07N07E02C001M,07N07E02C001M,Unknown,Unknown,5-021.65,South American,Sacramento,135,Irrigation,Single Well,NA,1990-03-22 - 2020-09-16,144,spring,NA,NA,48.9,91,2010,7.45,7.78,16.01,7.08,Below Normal,SAC,2010-10-01T00:00:00Z,2011-10-01T00:00:00Z,-121.18,38.4931
384931N1211797W001,2442093,2010-12-01T00:00:00Z,105.9,105.4,0,67.9,38,67.9,67.4,NA,Unknown,Water level accuracy is unknown,1,Department of Water Resources,NA,1,Department of Water Resources,NA,NA,27857,07N07E02C001M,07N07E02C001M,Unknown,Unknown,5-021.65,South American,Sacramento,135,Irrigation,Single Well,NA,1990-03-22 - 2020-09-16,144,other,NA,NA,NA,NA,2010,7.45,7.78,16.01,7.08,Below Normal,SAC,2010-10-01T00:00:00Z,2011-10-01T00:00:00Z,-121.18,38.4931
384931N1211797W001,2442099,2010-07-27T00:00:00Z,105.9,105.4,0,71.3,34.6,71.3,70.8,NA,Unknown,Water level accuracy is unknown,1,Department of Water Resources,NA,1,Department of Water Resources,NA,NA,27857,07N07E02C001M,07N07E02C001M,Unknown,Unknown,5-021.65,South American,Sacramento,135,Irrigation,Single Well,NA,1990-03-22 - 2020-09-16,144,other,NA,NA,NA,NA,2009,7.05,5.3,13.02,5.78,Dry,SAC,2009-10-01T00:00:00Z,2010-10-01T00:00:00Z,-121.18,38.4931
384931N1211797W001,2442087,2010-03-18T00:00:00Z,105.9,105.4,0,65,40.9,65,64.5,NA,Unknown,Water level accuracy is unknown,1,Department of Water Resources,NA,1,Department of Water Resources,NA,NA,27857,07N07E02C001M,07N07E02C001M,Unknown,Unknown,5-021.65,South American,Sacramento,135,Irrigation,Single Well,NA,1990-03-22 - 2020-09-16,144,spring,NA,NA,48.9,91,2009,7.05,5.3,13.02,5.78,Dry,SAC,2009-10-01T00:00:00Z,2010-10-01T00:00:00Z,-121.18,38.4931
384931N1211797W001,2442086,2009-10-12T00:00:00Z,105.9,105.4,0,69.6,36.3,69.6,69.1,NA,Unknown,Water level accuracy is unknown,1,Department of Water Resources,NA,1,Department of Water Resources,NA,NA,27857,07N07E02C001M,07N07E02C001M,Unknown,Unknown,5-021.65,South American,Sacramento,135,Irrigation,Single Well,NA,1990-03-22 - 2020-09-16,144,fall,52,78.1,NA,NA,2009,7.05,5.3,13.02,5.78,Dry,SAC,2009-10-01T00:00:00Z,2010-10-01T00:00:00Z,-121.18,38.4931
384931N1211797W001,2442085,2009-09-14T00:00:00Z,105.9,105.4,0,69.4,36.5,69.4,68.9,NA,Unknown,Water level accuracy is unknown,1,Department of Water Resources,NA,1,Department of Water Resources,NA,NA,27857,07N07E02C001M,07N07E02C001M,Unknown,Unknown,5-021.65,South American,Sacramento,135,Irrigation,Single Well,NA,1990-03-22 - 2020-09-16,144,fall,52,78.1,NA,NA,2008,5.9,3.82,10.28,5.16,Critical,SAC,2008-10-01T00:00:00Z,2009-10-01T00:00:00Z,-121.18,38.4931
384931N1211797W001,2442058,2009-08-12T00:00:00Z,105.9,105.4,0,69.6,36.3,69.6,69.1,NA,Unknown,Water level accuracy is unknown,1,Department of Water Resources,NA,1,Department of Water Resources,NA,NA,27857,07N07E02C001M,07N07E02C001M,Unknown,Unknown,5-021.65,South American,Sacramento,135,Irrigation,Single Well,NA,1990-03-22 - 2020-09-16,144,fall,52,78.1,NA,NA,2008,5.9,3.82,10.28,5.16,Critical,SAC,2008-10-01T00:00:00Z,2009-10-01T00:00:00Z,-121.18,38.4931
384931N1211797W001,2442091,2009-07-13T00:00:00Z,105.9,105.4,0,69.2,36.7,69.2,68.7,NA,Unknown,Water level accuracy is unknown,1,Department of Water Resources,NA,1,Department of Water Resources,NA,NA,27857,07N07E02C001M,07N07E02C001M,Unknown,Unknown,5-021.65,South American,Sacramento,135,Irrigation,Single Well,NA,1990-03-22 - 2020-09-16,144,other,NA,NA,NA,NA,2008,5.9,3.82,10.28,5.16,Critical,SAC,2008-10-01T00:00:00Z,2009-10-01T00:00:00Z,-121.18,38.4931
384931N1211797W001,2442090,2009-06-25T00:00:00Z,105.9,105.4,0,69.1,36.8,69.1,68.6,NA,Unknown,Water level accuracy is unknown,1,Department of Water Resources,NA,1,Department of Water Resources,NA,NA,27857,07N07E02C001M,07N07E02C001M,Unknown,Unknown,5-021.65,South American,Sacramento,135,Irrigation,Single Well,NA,1990-03-22 - 2020-09-16,144,other,NA,NA,NA,NA,2008,5.9,3.82,10.28,5.16,Critical,SAC,2008-10-01T00:00:00Z,2009-10-01T00:00:00Z,-121.18,38.4931
384931N1211797W001,2442092,2009-05-13T00:00:00Z,105.9,105.4,0,65.4,40.5,65.4,64.9,NA,Unknown,Water level accuracy is unknown,1,Department of Water Resources,NA,1,Department of Water Resources,NA,NA,27857,07N07E02C001M,07N07E02C001M,Unknown,Unknown,5-021.65,South American,Sacramento,135,Irrigation,Single Well,NA,1990-03-22 - 2020-09-16,144,spring,NA,NA,48.9,91,2008,5.9,3.82,10.28,5.16,Critical,SAC,2008-10-01T00:00:00Z,2009-10-01T00:00:00Z,-121.18,38.4931
384931N1211797W001,2442088,2009-04-29T00:00:00Z,105.9,105.4,0,65.6,40.3,65.6,65.1,NA,Unknown,Water level accuracy is unknown,1,Department of Water Resources,NA,1,Department of Water Resources,NA,NA,27857,07N07E02C001M,07N07E02C001M,Unknown,Unknown,5-021.65,South American,Sacramento,135,Irrigation,Single Well,NA,1990-03-22 - 2020-09-16,144,spring,NA,NA,48.9,91,2008,5.9,3.82,10.28,5.16,Critical,SAC,2008-10-01T00:00:00Z,2009-10-01T00:00:00Z,-121.18,38.4931
384931N1211797W001,2442055,2008-11-24T00:00:00Z,105.9,105.4,0,65,40.9,65,64.5,NA,Unknown,Water level accuracy is unknown,1,Department of Water Resources,NA,1,Department of Water Resources,NA,NA,27857,07N07E02C001M,07N07E02C001M,Unknown,Unknown,5-021.65,South American,Sacramento,135,Irrigation,Single Well,NA,1990-03-22 - 2020-09-16,144,fall,52,78.1,NA,NA,2008,5.9,3.82,10.28,5.16,Critical,SAC,2008-10-01T00:00:00Z,2009-10-01T00:00:00Z,-121.18,38.4931
384931N1211797W001,2442103,2008-04-07T00:00:00Z,105.9,105.4,0,60.2,45.7,60.2,59.7,NA,Unknown,Water level accuracy is unknown,1,Department of Water Resources,NA,1,Department of Water Resources,NA,NA,27857,07N07E02C001M,07N07E02C001M,Unknown,Unknown,5-021.65,South American,Sacramento,135,Irrigation,Single Well,NA,1990-03-22 - 2020-09-16,144,spring,NA,NA,48.9,91,2007,6.59,3.04,10.28,6.19,Dry,SAC,2007-10-01T00:00:00Z,2008-10-01T00:00:00Z,-121.18,38.4931
384931N1211797W001,2442098,2007-10-17T00:00:00Z,105.9,105.4,0,58.6,47.3,58.6,58.1,NA,Unknown,Water level accuracy is unknown,1,Department of Water Resources,NA,1,Department of Water Resources,NA,NA,27857,07N07E02C001M,07N07E02C001M,Unknown,Unknown,5-021.65,South American,Sacramento,135,Irrigation,Single Well,NA,1990-03-22 - 2020-09-16,144,fall,52,78.1,NA,NA,2007,6.59,3.04,10.28,6.19,Dry,SAC,2007-10-01T00:00:00Z,2008-10-01T00:00:00Z,-121.18,38.4931
384931N1211797W001,2442057,2007-03-29T00:00:00Z,105.9,105.4,0,56.3,49.6,56.3,55.8,NA,Unknown,Water level accuracy is unknown,1,Department of Water Resources,NA,1,Department of Water Resources,NA,NA,27857,07N07E02C001M,07N07E02C001M,Unknown,Unknown,5-021.65,South American,Sacramento,135,Irrigation,Single Well,NA,1990-03-22 - 2020-09-16,144,spring,NA,NA,48.9,91,2006,18.06,13.09,32.09,13.2,Wet,SAC,2006-10-01T00:00:00Z,2007-10-01T00:00:00Z,-121.18,38.4931
384931N1211797W001,2442097,2006-10-17T00:00:00Z,105.9,105.4,0,57.7,48.2,57.7,57.2,NA,Unknown,Water level accuracy is unknown,1,Department of Water Resources,NA,1,Department of Water Resources,NA,NA,27857,07N07E02C001M,07N07E02C001M,Unknown,Unknown,5-021.65,South American,Sacramento,135,Irrigation,Single Well,NA,1990-03-22 - 2020-09-16,144,fall,52,78.1,NA,NA,2006,18.06,13.09,32.09,13.2,Wet,SAC,2006-10-01T00:00:00Z,2007-10-01T00:00:00Z,-121.18,38.4931
384931N1211797W001,2442101,2006-04-25T00:00:00Z,105.9,105.4,0,52.1,53.8,52.1,51.6,NA,Unknown,Water level accuracy is unknown,1,Department of Water Resources,NA,1,Department of Water Resources,NA,NA,27857,07N07E02C001M,07N07E02C001M,Unknown,Unknown,5-021.65,South American,Sacramento,135,Irrigation,Single Well,NA,1990-03-22 - 2020-09-16,144,spring,NA,NA,48.9,91,2005,8.4,9.28,18.55,8.49,Above Normal,SAC,2005-10-01T00:00:00Z,2006-10-01T00:00:00Z,-121.18,38.4931
384931N1211797W001,2442100,2005-11-30T00:00:00Z,105.9,105.4,0,63.1,42.8,63.1,62.6,NA,Unknown,Water level accuracy is unknown,1,Department of Water Resources,NA,1,Department of Water Resources,NA,NA,27857,07N07E02C001M,07N07E02C001M,Unknown,Unknown,5-021.65,South American,Sacramento,135,Irrigation,Single Well,NA,1990-03-22 - 2020-09-16,144,fall,52,78.1,NA,NA,2005,8.4,9.28,18.55,8.49,Above Normal,SAC,2005-10-01T00:00:00Z,2006-10-01T00:00:00Z,-121.18,38.4931
384931N1211797W001,2442056,2005-04-15T00:00:00Z,105.9,105.4,0,59.6,46.3,59.6,59.1,NA,Unknown,Water level accuracy is unknown,1,Department of Water Resources,NA,1,Department of Water Resources,NA,NA,27857,07N07E02C001M,07N07E02C001M,Unknown,Unknown,5-021.65,South American,Sacramento,135,Irrigation,Single Well,NA,1990-03-22 - 2020-09-16,144,spring,NA,NA,48.9,91,2004,10.95,4.4,16.04,7.51,Below Normal,SAC,2004-10-01T00:00:00Z,2005-10-01T00:00:00Z,-121.18,38.4931
384931N1211797W001,2442089,2004-10-26T00:00:00Z,105.9,105.4,0,64,41.9,64,63.5,NA,Unknown,Water level accuracy is unknown,1,Department of Water Resources,NA,1,Department of Water Resources,NA,NA,27857,07N07E02C001M,07N07E02C001M,Unknown,Unknown,5-021.65,South American,Sacramento,135,Irrigation,Single Well,NA,1990-03-22 - 2020-09-16,144,fall,52,78.1,NA,NA,2004,10.95,4.4,16.04,7.51,Below Normal,SAC,2004-10-01T00:00:00Z,2005-10-01T00:00:00Z,-121.18,38.4931
384931N1211797W001,2442096,2004-03-29T00:00:00Z,105.9,105.4,0,58.7,47.2,58.7,58.2,NA,Unknown,Water level accuracy is unknown,1,Department of Water Resources,NA,1,Department of Water Resources,NA,NA,27857,07N07E02C001M,07N07E02C001M,Unknown,Unknown,5-021.65,South American,Sacramento,135,Irrigation,Single Well,NA,1990-03-22 - 2020-09-16,144,spring,NA,NA,48.9,91,2003,10.71,7.74,19.31,8.21,Above Normal,SAC,2003-10-01T00:00:00Z,2004-10-01T00:00:00Z,-121.18,38.4931
384931N1211797W001,2442095,2003-10-20T00:00:00Z,105.9,105.4,0,62.1,43.8,62.1,61.6,NA,Unknown,Water level accuracy is unknown,1,Department of Water Resources,NA,1,Department of Water Resources,NA,NA,27857,07N07E02C001M,07N07E02C001M,Unknown,Unknown,5-021.65,South American,Sacramento,135,Irrigation,Single Well,NA,1990-03-22 - 2020-09-16,144,fall,52,78.1,NA,NA,2003,10.71,7.74,19.31,8.21,Above Normal,SAC,2003-10-01T00:00:00Z,2004-10-01T00:00:00Z,-121.18,38.4931
384931N1211797W001,2442073,2003-04-10T00:00:00Z,105.9,105.4,0,59,46.9,59,58.5,NA,Unknown,Water level accuracy is unknown,1,Department of Water Resources,NA,1,Department of Water Resources,NA,NA,27857,07N07E02C001M,07N07E02C001M,Unknown,Unknown,5-021.65,South American,Sacramento,135,Irrigation,Single Well,NA,1990-03-22 - 2020-09-16,144,spring,NA,NA,48.9,91,2002,9.32,4.57,14.6,6.35,Dry,SAC,2002-10-01T00:00:00Z,2003-10-01T00:00:00Z,-121.18,38.4931
384931N1211797W001,2442074,2002-11-18T00:00:00Z,105.9,105.4,0,59.6,46.3,59.6,59.1,NA,Unknown,Water level accuracy is unknown,1,Department of Water Resources,NA,1,Department of Water Resources,NA,NA,27857,07N07E02C001M,07N07E02C001M,Unknown,Unknown,5-021.65,South American,Sacramento,135,Irrigation,Single Well,NA,1990-03-22 - 2020-09-16,144,fall,52,78.1,NA,NA,2002,9.32,4.57,14.6,6.35,Dry,SAC,2002-10-01T00:00:00Z,2003-10-01T00:00:00Z,-121.18,38.4931
384931N1211797W001,2442102,2002-04-18T00:00:00Z,105.9,105.4,0,54.3,51.6,54.3,53.8,NA,Unknown,Water level accuracy is unknown,1,Department of Water Resources,NA,1,Department of Water Resources,NA,NA,27857,07N07E02C001M,07N07E02C001M,Unknown,Unknown,5-021.65,South American,Sacramento,135,Irrigation,Single Well,NA,1990-03-22 - 2020-09-16,144,spring,NA,NA,48.9,91,2001,5.64,3.46,9.81,5.76,Dry,SAC,2001-10-01T00:00:00Z,2002-10-01T00:00:00Z,-121.18,38.4931
384931N1211797W001,2442079,2001-10-24T00:00:00Z,105.9,105.4,0,56.3,49.6,56.3,55.8,NA,Unknown,Water level accuracy is unknown,1,Department of Water Resources,NA,1,Department of Water Resources,NA,NA,27857,07N07E02C001M,07N07E02C001M,Unknown,Unknown,5-021.65,South American,Sacramento,135,Irrigation,Single Well,NA,1990-03-22 - 2020-09-16,144,fall,52,78.1,NA,NA,2001,5.64,3.46,9.81,5.76,Dry,SAC,2001-10-01T00:00:00Z,2002-10-01T00:00:00Z,-121.18,38.4931
384931N1211797W001,2442078,2001-04-23T00:00:00Z,105.9,105.4,0,49.4,56.5,49.4,48.9,NA,Unknown,Water level accuracy is unknown,1,Department of Water Resources,NA,1,Department of Water Resources,NA,NA,27857,07N07E02C001M,07N07E02C001M,Unknown,Unknown,5-021.65,South American,Sacramento,135,Irrigation,Single Well,NA,1990-03-22 - 2020-09-16,144,spring,NA,NA,48.9,91,2000,12.06,5.96,18.9,8.94,Above Normal,SAC,2000-10-01T00:00:00Z,2001-10-01T00:00:00Z,-121.18,38.4931
384931N1211797W001,2442077,2000-10-09T00:00:00Z,105.9,105.4,0,52.5,53.4,52.5,52,NA,Unknown,Water level accuracy is unknown,1,Department of Water Resources,NA,1,Department of Water Resources,NA,NA,27857,07N07E02C001M,07N07E02C001M,Unknown,Unknown,5-021.65,South American,Sacramento,135,Irrigation,Single Well,NA,1990-03-22 - 2020-09-16,144,fall,52,78.1,NA,NA,2000,12.06,5.96,18.9,8.94,Above Normal,SAC,2000-10-01T00:00:00Z,2001-10-01T00:00:00Z,-121.18,38.4931
384931N1211797W001,2442094,2000-04-12T00:00:00Z,105.9,105.4,0,51.4,54.5,51.4,50.9,NA,Unknown,Water level accuracy is unknown,1,Department of Water Resources,NA,1,Department of Water Resources,NA,NA,27857,07N07E02C001M,07N07E02C001M,Unknown,Unknown,5-021.65,South American,Sacramento,135,Irrigation,Single Well,NA,1990-03-22 - 2020-09-16,144,spring,NA,NA,48.9,91,1999,12.97,7.26,21.19,9.8,Wet,SAC,1999-10-01T00:00:00Z,2000-10-01T00:00:00Z,-121.18,38.4931
384931N1211797W001,2442082,1998-05-01T00:00:00Z,105.4,104.9,0,56.5,48.9,56.5,56,NA,Unknown,Water level accuracy is unknown,1,Department of Water Resources,NA,624,Bureau of Reclamation,NA,NA,27857,07N07E02C001M,07N07E02C001M,Unknown,Unknown,5-021.65,South American,Sacramento,135,Irrigation,Single Well,NA,1990-03-22 - 2020-09-16,144,spring,NA,NA,48.9,91,1997,20.22,4.39,25.42,10.82,Wet,SAC,1997-10-01T00:00:00Z,1998-10-01T00:00:00Z,-121.18,38.4931
384931N1211797W001,2442084,1997-11-05T00:00:00Z,105.4,104.9,0,67.8,37.6,67.8,67.3,NA,Unknown,Water level accuracy is unknown,1,Department of Water Resources,NA,624,Bureau of Reclamation,NA,NA,27857,07N07E02C001M,07N07E02C001M,Unknown,Unknown,5-021.65,South American,Sacramento,135,Irrigation,Single Well,NA,1990-03-22 - 2020-09-16,144,fall,52,78.1,NA,NA,1997,20.22,4.39,25.42,10.82,Wet,SAC,1997-10-01T00:00:00Z,1998-10-01T00:00:00Z,-121.18,38.4931
384931N1211797W001,2442063,1996-04-09T00:00:00Z,105.4,104.9,0,52.4,53,52.4,51.9,NA,Unknown,Water level accuracy is unknown,1,Department of Water Resources,NA,624,Bureau of Reclamation,NA,NA,27857,07N07E02C001M,07N07E02C001M,Unknown,Unknown,5-021.65,South American,Sacramento,135,Irrigation,Single Well,NA,1990-03-22 - 2020-09-16,144,spring,NA,NA,48.9,91,1995,19.83,13.6,34.55,12.89,Wet,SAC,1995-10-01T00:00:00Z,1996-10-01T00:00:00Z,-121.18,38.4931
384931N1211797W001,2442062,1995-10-18T00:00:00Z,105.4,104.9,0,63.4,42,63.4,62.9,NA,Unknown,Water level accuracy is unknown,1,Department of Water Resources,NA,624,Bureau of Reclamation,NA,NA,27857,07N07E02C001M,07N07E02C001M,Unknown,Unknown,5-021.65,South American,Sacramento,135,Irrigation,Single Well,NA,1990-03-22 - 2020-09-16,144,fall,52,78.1,NA,NA,1995,19.83,13.6,34.55,12.89,Wet,SAC,1995-10-01T00:00:00Z,1996-10-01T00:00:00Z,-121.18,38.4931
384931N1211797W001,2442059,1995-04-17T00:00:00Z,105.4,104.9,0,54.9,50.5,54.9,54.4,NA,Unknown,Water level accuracy is unknown,1,Department of Water Resources,NA,624,Bureau of Reclamation,NA,NA,27857,07N07E02C001M,07N07E02C001M,Unknown,Unknown,5-021.65,South American,Sacramento,135,Irrigation,Single Well,NA,1990-03-22 - 2020-09-16,144,spring,NA,NA,48.9,91,1994,4.55,2.73,7.81,5.02,Critical,SAC,1994-10-01T00:00:00Z,1995-10-01T00:00:00Z,-121.18,38.4931
384931N1211797W001,2442061,1994-10-11T00:00:00Z,105.4,104.9,0,63.7,41.7,63.7,63.2,NA,Unknown,Water level accuracy is unknown,1,Department of Water Resources,NA,624,Bureau of Reclamation,NA,NA,27857,07N07E02C001M,07N07E02C001M,Unknown,Unknown,5-021.65,South American,Sacramento,135,Irrigation,Single Well,NA,1990-03-22 - 2020-09-16,144,fall,52,78.1,NA,NA,1994,4.55,2.73,7.81,5.02,Critical,SAC,1994-10-01T00:00:00Z,1995-10-01T00:00:00Z,-121.18,38.4931
384931N1211797W001,2442060,1994-03-08T00:00:00Z,105.4,104.9,0,57.3,48.1,57.3,56.8,NA,Unknown,Water level accuracy is unknown,1,Department of Water Resources,NA,624,Bureau of Reclamation,NA,NA,27857,07N07E02C001M,07N07E02C001M,Unknown,Unknown,5-021.65,South American,Sacramento,135,Irrigation,Single Well,NA,1990-03-22 - 2020-09-16,144,spring,NA,NA,48.9,91,1993,12.44,8.98,22.21,8.54,Above Normal,SAC,1993-10-01T00:00:00Z,1994-10-01T00:00:00Z,-121.18,38.4931
384931N1211797W001,2442065,1993-10-07T00:00:00Z,105.4,104.9,0,55.7,49.7,55.7,55.2,NA,Unknown,Water level accuracy is unknown,1,Department of Water Resources,NA,624,Bureau of Reclamation,NA,NA,27857,07N07E02C001M,07N07E02C001M,Unknown,Unknown,5-021.65,South American,Sacramento,135,Irrigation,Single Well,NA,1990-03-22 - 2020-09-16,144,fall,52,78.1,NA,NA,1993,12.44,8.98,22.21,8.54,Above Normal,SAC,1993-10-01T00:00:00Z,1994-10-01T00:00:00Z,-121.18,38.4931
384931N1211797W001,2442071,1993-04-01T00:00:00Z,105.4,104.9,0,56.2,49.2,56.2,55.7,NA,Unknown,Water level accuracy is unknown,1,Department of Water Resources,NA,624,Bureau of Reclamation,NA,NA,27857,07N07E02C001M,07N07E02C001M,Unknown,Unknown,5-021.65,South American,Sacramento,135,Irrigation,Single Well,NA,1990-03-22 - 2020-09-16,144,spring,NA,NA,48.9,91,1992,5.41,2.93,8.87,4.06,Critical,SAC,1992-10-01T00:00:00Z,1993-10-01T00:00:00Z,-121.18,38.4931
384931N1211797W001,2442070,1992-10-02T00:00:00Z,105.4,104.9,0,63,42.4,63,62.5,NA,Unknown,Water level accuracy is unknown,1,Department of Water Resources,NA,624,Bureau of Reclamation,NA,NA,27857,07N07E02C001M,07N07E02C001M,Unknown,Unknown,5-021.65,South American,Sacramento,135,Irrigation,Single Well,NA,1990-03-22 - 2020-09-16,144,fall,52,78.1,NA,NA,1992,5.41,2.93,8.87,4.06,Critical,SAC,1992-10-01T00:00:00Z,1993-10-01T00:00:00Z,-121.18,38.4931
384931N1211797W001,2442072,1992-03-13T00:00:00Z,105.4,104.9,0,58.5,46.9,58.5,58,NA,Unknown,Water level accuracy is unknown,1,Department of Water Resources,NA,624,Bureau of Reclamation,NA,NA,27857,07N07E02C001M,07N07E02C001M,Unknown,Unknown,5-021.65,South American,Sacramento,135,Irrigation,Single Well,NA,1990-03-22 - 2020-09-16,144,spring,NA,NA,48.9,91,1991,3.9,4.01,8.44,4.21,Critical,SAC,1991-10-01T00:00:00Z,1992-10-01T00:00:00Z,-121.18,38.4931
384931N1211797W001,2442069,1991-10-04T00:00:00Z,105.4,104.9,0,62.2,43.2,62.2,61.7,NA,Unknown,Water level accuracy is unknown,1,Department of Water Resources,NA,624,Bureau of Reclamation,NA,NA,27857,07N07E02C001M,07N07E02C001M,Unknown,Unknown,5-021.65,South American,Sacramento,135,Irrigation,Single Well,NA,1990-03-22 - 2020-09-16,144,fall,52,78.1,NA,NA,1991,3.9,4.01,8.44,4.21,Critical,SAC,1991-10-01T00:00:00Z,1992-10-01T00:00:00Z,-121.18,38.4931
384931N1211797W001,2442068,1991-03-11T00:00:00Z,105.4,104.9,0,57.6,47.8,57.6,57.1,NA,Unknown,Water level accuracy is unknown,1,Department of Water Resources,NA,624,Bureau of Reclamation,NA,NA,27857,07N07E02C001M,07N07E02C001M,Unknown,Unknown,5-021.65,South American,Sacramento,135,Irrigation,Single Well,NA,1990-03-22 - 2020-09-16,144,spring,NA,NA,48.9,91,1990,4.94,3.72,9.26,4.81,Critical,SAC,1990-10-01T00:00:00Z,1991-10-01T00:00:00Z,-121.18,38.4931
384931N1211797W001,2442066,1990-03-22T00:00:00Z,105.4,104.9,0,54.6,50.8,54.6,54.1,Casing leaking or wet,Unknown,Water level accuracy is unknown,1,Department of Water Resources,NA,624,Bureau of Reclamation,NA,NA,27857,07N07E02C001M,07N07E02C001M,Unknown,Unknown,5-021.65,South American,Sacramento,135,Irrigation,Single Well,NA,1990-03-22 - 2020-09-16,144,spring,NA,NA,48.9,91,1989,9.03,5.07,14.82,6.13,Dry,SAC,1989-10-01T00:00:00Z,1990-10-01T00:00:00Z,-121.18,38.4931
