SITE_CODE,WLM_ID,MSMT_DATE,WLM_RPE,WLM_GSE,RDNG_WS,RDNG_RP,WSE,RPE_WSE,GSE_WSE,WLM_QA_DESC,WLM_DESC,WLM_ACC_DESC,WLM_ORG_ID,WLM_ORG_NAME,MSMT_CMT,COOP_AGENCY_ORG_ID,COOP_ORG_NAME,TOP_PRF,BOT_PRF,STN_ID,SWN,WELL_NAME,WLM_METHOD,WLM_ACC,BASIN_CODE,BASIN_NAME,COUNTY_NAME,WELL_DEPTH,WELL_USE,WELL_TYPE,WCR_NO,t_range,n_samples,season,fall_high,fall_low,spring_high,spring_low,water_year,Oct.Mar,Apr.Jul,WYsum,Index,water_year_type,region,water_year_start,water_year_end,X,Y
384943N1211947W001,1444774,1998-05-01T00:00:00Z,104.4,102.4,0,55.4,49,55.4,53.4,NA,Unknown,Water level accuracy is unknown,1,Department of Water Resources,NA,624,Bureau of Reclamation,132,625,4788,07N07E03B001M,NA,Unknown,Unknown,5-021.65,South American,Sacramento,625,Irrigation,Unknown,85,1990-03-22 - 1999-04-01,19,spring,NA,NA,53.4,69.6,1998,17.65,12.54,31.4,13.31,Wet,SAC,1997-10-01T00:00:00Z,1998-10-01T00:00:00Z,-121.195,38.4943
384943N1211947W001,1444773,1997-11-05T00:00:00Z,104.4,102.4,0,73.8,30.6,73.8,71.8,NA,Unknown,Water level accuracy is unknown,1,Department of Water Resources,NA,624,Bureau of Reclamation,132,625,4788,07N07E03B001M,NA,Unknown,Unknown,5-021.65,South American,Sacramento,625,Irrigation,Unknown,85,1990-03-22 - 1999-04-01,19,fall,63.6,72.7,NA,NA,1998,17.65,12.54,31.4,13.31,Wet,SAC,1997-10-01T00:00:00Z,1998-10-01T00:00:00Z,-121.195,38.4943
384943N1211947W001,1444772,1997-03-12T00:00:00Z,104.4,102.4,0,71.6,32.8,71.6,69.6,NA,Unknown,Water level accuracy is unknown,1,Department of Water Resources,NA,624,Bureau of Reclamation,132,625,4788,07N07E03B001M,NA,Unknown,Unknown,5-021.65,South American,Sacramento,625,Irrigation,Unknown,85,1990-03-22 - 1999-04-01,19,spring,NA,NA,53.4,69.6,1997,20.22,4.39,25.42,10.82,Wet,SAC,1996-10-01T00:00:00Z,1997-10-01T00:00:00Z,-121.195,38.4943
384943N1211947W001,1444771,1996-11-08T00:00:00Z,104.4,102.4,0,74.7,29.7,74.7,72.7,Casing leaking or wet,Unknown,Water level accuracy is unknown,1,Department of Water Resources,NA,624,Bureau of Reclamation,132,625,4788,07N07E03B001M,NA,Unknown,Unknown,5-021.65,South American,Sacramento,625,Irrigation,Unknown,85,1990-03-22 - 1999-04-01,19,fall,63.6,72.7,NA,NA,1997,20.22,4.39,25.42,10.82,Wet,SAC,1996-10-01T00:00:00Z,1997-10-01T00:00:00Z,-121.195,38.4943
384943N1211947W001,1444770,1996-04-09T00:00:00Z,104.4,102.4,0,65.7,38.7,65.7,63.7,NA,Unknown,Water level accuracy is unknown,1,Department of Water Resources,NA,624,Bureau of Reclamation,132,625,4788,07N07E03B001M,NA,Unknown,Unknown,5-021.65,South American,Sacramento,625,Irrigation,Unknown,85,1990-03-22 - 1999-04-01,19,spring,NA,NA,53.4,69.6,1996,13.05,8.37,22.29,10.26,Wet,SAC,1995-10-01T00:00:00Z,1996-10-01T00:00:00Z,-121.195,38.4943
384943N1211947W001,1444769,1995-10-18T00:00:00Z,104.4,102.4,0,70.5,33.9,70.5,68.5,NA,Unknown,Water level accuracy is unknown,1,Department of Water Resources,NA,624,Bureau of Reclamation,132,625,4788,07N07E03B001M,NA,Unknown,Unknown,5-021.65,South American,Sacramento,625,Irrigation,Unknown,85,1990-03-22 - 1999-04-01,19,fall,63.6,72.7,NA,NA,1996,13.05,8.37,22.29,10.26,Wet,SAC,1995-10-01T00:00:00Z,1996-10-01T00:00:00Z,-121.195,38.4943
384943N1211947W001,1444768,1995-04-17T00:00:00Z,104.4,102.4,0,65.8,38.6,65.8,63.8,Oil or foreign substance in casing,Unknown,Water level accuracy is unknown,1,Department of Water Resources,NA,624,Bureau of Reclamation,132,625,4788,07N07E03B001M,NA,Unknown,Unknown,5-021.65,South American,Sacramento,625,Irrigation,Unknown,85,1990-03-22 - 1999-04-01,19,spring,NA,NA,53.4,69.6,1995,19.83,13.6,34.55,12.89,Wet,SAC,1994-10-01T00:00:00Z,1995-10-01T00:00:00Z,-121.195,38.4943
384943N1211947W001,1444767,1994-10-11T00:00:00Z,104.4,102.4,0,69,35.4,69,67,Oil or foreign substance in casing,Unknown,Water level accuracy is unknown,1,Department of Water Resources,NA,624,Bureau of Reclamation,132,625,4788,07N07E03B001M,NA,Unknown,Unknown,5-021.65,South American,Sacramento,625,Irrigation,Unknown,85,1990-03-22 - 1999-04-01,19,fall,63.6,72.7,NA,NA,1995,19.83,13.6,34.55,12.89,Wet,SAC,1994-10-01T00:00:00Z,1995-10-01T00:00:00Z,-121.195,38.4943
384943N1211947W001,1444766,1994-03-08T00:00:00Z,104.4,102.4,0,64.7,39.7,64.7,62.7,Oil or foreign substance in casing,Unknown,Water level accuracy is unknown,1,Department of Water Resources,NA,624,Bureau of Reclamation,132,625,4788,07N07E03B001M,NA,Unknown,Unknown,5-021.65,South American,Sacramento,625,Irrigation,Unknown,85,1990-03-22 - 1999-04-01,19,spring,NA,NA,53.4,69.6,1994,4.55,2.73,7.81,5.02,Critical,SAC,1993-10-01T00:00:00Z,1994-10-01T00:00:00Z,-121.195,38.4943
384943N1211947W001,1444765,1993-10-07T00:00:00Z,104.4,102.4,0,65.6,38.8,65.6,63.6,NA,Unknown,Water level accuracy is unknown,1,Department of Water Resources,NA,624,Bureau of Reclamation,132,625,4788,07N07E03B001M,NA,Unknown,Unknown,5-021.65,South American,Sacramento,625,Irrigation,Unknown,85,1990-03-22 - 1999-04-01,19,fall,63.6,72.7,NA,NA,1994,4.55,2.73,7.81,5.02,Critical,SAC,1993-10-01T00:00:00Z,1994-10-01T00:00:00Z,-121.195,38.4943
384943N1211947W001,1444763,1992-10-02T00:00:00Z,104.4,102.4,0,69.5,34.9,69.5,67.5,NA,Unknown,Water level accuracy is unknown,1,Department of Water Resources,NA,624,Bureau of Reclamation,132,625,4788,07N07E03B001M,NA,Unknown,Unknown,5-021.65,South American,Sacramento,625,Irrigation,Unknown,85,1990-03-22 - 1999-04-01,19,fall,63.6,72.7,NA,NA,1993,12.44,8.98,22.21,8.54,Above Normal,SAC,1992-10-01T00:00:00Z,1993-10-01T00:00:00Z,-121.195,38.4943
384943N1211947W001,1444762,1992-03-13T00:00:00Z,104.4,102.4,0,64.8,39.6,64.8,62.8,NA,Unknown,Water level accuracy is unknown,1,Department of Water Resources,NA,624,Bureau of Reclamation,132,625,4788,07N07E03B001M,NA,Unknown,Unknown,5-021.65,South American,Sacramento,625,Irrigation,Unknown,85,1990-03-22 - 1999-04-01,19,spring,NA,NA,53.4,69.6,1992,5.41,2.93,8.87,4.06,Critical,SAC,1991-10-01T00:00:00Z,1992-10-01T00:00:00Z,-121.195,38.4943
384943N1211947W001,1444761,1991-09-27T00:00:00Z,104.4,102.4,0,74.4,30,74.4,72.4,NA,Unknown,Water level accuracy is unknown,1,Department of Water Resources,NA,624,Bureau of Reclamation,132,625,4788,07N07E03B001M,NA,Unknown,Unknown,5-021.65,South American,Sacramento,625,Irrigation,Unknown,85,1990-03-22 - 1999-04-01,19,fall,63.6,72.7,NA,NA,1991,3.9,4.01,8.44,4.21,Critical,SAC,1990-10-01T00:00:00Z,1991-10-01T00:00:00Z,-121.195,38.4943
384943N1211947W001,1444760,1991-03-11T00:00:00Z,104.4,102.4,0,63.8,40.6,63.8,61.8,NA,Unknown,Water level accuracy is unknown,1,Department of Water Resources,NA,624,Bureau of Reclamation,132,625,4788,07N07E03B001M,NA,Unknown,Unknown,5-021.65,South American,Sacramento,625,Irrigation,Unknown,85,1990-03-22 - 1999-04-01,19,spring,NA,NA,53.4,69.6,1991,3.9,4.01,8.44,4.21,Critical,SAC,1990-10-01T00:00:00Z,1991-10-01T00:00:00Z,-121.195,38.4943
384943N1211947W001,1444759,1990-09-27T00:00:00Z,104.4,102.4,0,72,32.4,72,70,NA,Unknown,Water level accuracy is unknown,1,Department of Water Resources,NA,624,Bureau of Reclamation,132,625,4788,07N07E03B001M,NA,Unknown,Unknown,5-021.65,South American,Sacramento,625,Irrigation,Unknown,85,1990-03-22 - 1999-04-01,19,fall,63.6,72.7,NA,NA,1990,4.94,3.72,9.26,4.81,Critical,SAC,1989-10-01T00:00:00Z,1990-10-01T00:00:00Z,-121.195,38.4943
384943N1211947W001,1444758,1990-03-22T00:00:00Z,104.4,102.4,0,64.4,40,64.4,62.4,Casing leaking or wet,Unknown,Water level accuracy is unknown,1,Department of Water Resources,NA,624,Bureau of Reclamation,132,625,4788,07N07E03B001M,NA,Unknown,Unknown,5-021.65,South American,Sacramento,625,Irrigation,Unknown,85,1990-03-22 - 1999-04-01,19,spring,NA,NA,53.4,69.6,1990,4.94,3.72,9.26,4.81,Critical,SAC,1989-10-01T00:00:00Z,1990-10-01T00:00:00Z,-121.195,38.4943
