SITE_CODE,WLM_ID,MSMT_DATE,WLM_RPE,WLM_GSE,RDNG_WS,RDNG_RP,WSE,RPE_WSE,GSE_WSE,WLM_QA_DESC,WLM_DESC,WLM_ACC_DESC,WLM_ORG_ID,WLM_ORG_NAME,MSMT_CMT,COOP_AGENCY_ORG_ID,COOP_ORG_NAME,TOP_PRF,BOT_PRF,STN_ID,SWN,WELL_NAME,WLM_METHOD,WLM_ACC,BASIN_CODE,BASIN_NAME,COUNTY_NAME,WELL_DEPTH,WELL_USE,WELL_TYPE,WCR_NO,t_range,n_samples,X,Y
384931N1212618W001,1443624,2004-03-01T00:00:00Z,118.4,117.4,0,127,-8.6,127,126,NA,Unknown,Water level accuracy is unknown,1,Department of Water Resources,NA,1074,SACRAMENTO MUNICIPAL UTILITY DISTRICT,NA,NA,4775,07N06E01A001M,NA,Unknown,Unknown,5-021.65,South American,Sacramento,780,Irrigation,Unknown,NA,1990-03-15 - 2004-03-01,25,-121.262,38.4931
384931N1212618W001,1443625,2003-10-01T00:00:00Z,118.4,117.4,0,121.7,-3.3,121.7,120.7,NA,Unknown,Water level accuracy is unknown,1,Department of Water Resources,NA,1074,SACRAMENTO MUNICIPAL UTILITY DISTRICT,NA,NA,4775,07N06E01A001M,NA,Unknown,Unknown,5-021.65,South American,Sacramento,780,Irrigation,Unknown,NA,1990-03-15 - 2004-03-01,25,-121.262,38.4931
384931N1212618W001,1443622,2003-03-15T00:00:00Z,118.4,117.4,0,119.5,-1.1,119.5,118.5,NA,Unknown,Water level accuracy is unknown,1,Department of Water Resources,NA,1074,SACRAMENTO MUNICIPAL UTILITY DISTRICT,NA,NA,4775,07N06E01A001M,NA,Unknown,Unknown,5-021.65,South American,Sacramento,780,Irrigation,Unknown,NA,1990-03-15 - 2004-03-01,25,-121.262,38.4931
384931N1212618W001,1443620,2002-10-01T00:00:00Z,118.4,117.4,0,128.9,-10.5,128.9,127.9,NA,Unknown,Water level accuracy is unknown,1,Department of Water Resources,NA,1074,SACRAMENTO MUNICIPAL UTILITY DISTRICT,NA,NA,4775,07N06E01A001M,NA,Unknown,Unknown,5-021.65,South American,Sacramento,780,Irrigation,Unknown,NA,1990-03-15 - 2004-03-01,25,-121.262,38.4931
384931N1212618W001,1443621,2001-10-01T00:00:00Z,118.4,117.4,0,131.4,-13,131.4,130.4,NA,Unknown,Water level accuracy is unknown,1,Department of Water Resources,NA,1074,SACRAMENTO MUNICIPAL UTILITY DISTRICT,NA,NA,4775,07N06E01A001M,NA,Unknown,Unknown,5-021.65,South American,Sacramento,780,Irrigation,Unknown,NA,1990-03-15 - 2004-03-01,25,-121.262,38.4931
384931N1212618W001,1443623,2001-03-15T00:00:00Z,118.4,117.4,0,116.5,1.9,116.5,115.5,NA,Unknown,Water level accuracy is unknown,1,Department of Water Resources,NA,1074,SACRAMENTO MUNICIPAL UTILITY DISTRICT,NA,NA,4775,07N06E01A001M,NA,Unknown,Unknown,5-021.65,South American,Sacramento,780,Irrigation,Unknown,NA,1990-03-15 - 2004-03-01,25,-121.262,38.4931
384931N1212618W001,1443616,2000-03-15T00:00:00Z,118.4,117.4,0,118.6,-0.2,118.6,117.6,NA,Unknown,Water level accuracy is unknown,1,Department of Water Resources,NA,1074,SACRAMENTO MUNICIPAL UTILITY DISTRICT,NA,NA,4775,07N06E01A001M,NA,Unknown,Unknown,5-021.65,South American,Sacramento,780,Irrigation,Unknown,NA,1990-03-15 - 2004-03-01,25,-121.262,38.4931
384931N1212618W001,1443615,1999-03-15T00:00:00Z,118.4,117.4,0,117.9,0.5,117.9,116.9,NA,Unknown,Water level accuracy is unknown,1,Department of Water Resources,NA,1074,SACRAMENTO MUNICIPAL UTILITY DISTRICT,NA,NA,4775,07N06E01A001M,NA,Unknown,Unknown,5-021.65,South American,Sacramento,780,Irrigation,Unknown,NA,1990-03-15 - 2004-03-01,25,-121.262,38.4931
384931N1212618W001,1443619,1998-10-15T00:00:00Z,118.4,117.4,0,128.4,-10,128.4,127.4,NA,Unknown,Water level accuracy is unknown,1,Department of Water Resources,NA,1074,SACRAMENTO MUNICIPAL UTILITY DISTRICT,NA,NA,4775,07N06E01A001M,NA,Unknown,Unknown,5-021.65,South American,Sacramento,780,Irrigation,Unknown,NA,1990-03-15 - 2004-03-01,25,-121.262,38.4931
384931N1212618W001,1443618,1997-10-15T00:00:00Z,118.4,117.4,0,131.5,-13.1,131.5,130.5,NA,Unknown,Water level accuracy is unknown,1,Department of Water Resources,NA,1074,SACRAMENTO MUNICIPAL UTILITY DISTRICT,NA,NA,4775,07N06E01A001M,NA,Unknown,Unknown,5-021.65,South American,Sacramento,780,Irrigation,Unknown,NA,1990-03-15 - 2004-03-01,25,-121.262,38.4931
384931N1212618W001,1443617,1997-03-15T00:00:00Z,118.4,117.4,0,121.9,-3.5,121.9,120.9,NA,Unknown,Water level accuracy is unknown,1,Department of Water Resources,NA,1074,SACRAMENTO MUNICIPAL UTILITY DISTRICT,NA,NA,4775,07N06E01A001M,NA,Unknown,Unknown,5-021.65,South American,Sacramento,780,Irrigation,Unknown,NA,1990-03-15 - 2004-03-01,25,-121.262,38.4931
384931N1212618W001,1443614,1996-10-15T00:00:00Z,118.4,117.4,0,139.6,-21.2,139.6,138.6,NA,Unknown,Water level accuracy is unknown,1,Department of Water Resources,NA,1074,SACRAMENTO MUNICIPAL UTILITY DISTRICT,NA,NA,4775,07N06E01A001M,NA,Unknown,Unknown,5-021.65,South American,Sacramento,780,Irrigation,Unknown,NA,1990-03-15 - 2004-03-01,25,-121.262,38.4931
384931N1212618W001,1443613,1996-03-15T00:00:00Z,118.4,117.4,0,122.9,-4.5,122.9,121.9,NA,Unknown,Water level accuracy is unknown,1,Department of Water Resources,NA,1074,SACRAMENTO MUNICIPAL UTILITY DISTRICT,NA,NA,4775,07N06E01A001M,NA,Unknown,Unknown,5-021.65,South American,Sacramento,780,Irrigation,Unknown,NA,1990-03-15 - 2004-03-01,25,-121.262,38.4931
384931N1212618W001,1443612,1995-10-15T00:00:00Z,118.4,117.4,0,129.7,-11.3,129.7,128.7,NA,Unknown,Water level accuracy is unknown,1,Department of Water Resources,NA,1074,SACRAMENTO MUNICIPAL UTILITY DISTRICT,NA,NA,4775,07N06E01A001M,NA,Unknown,Unknown,5-021.65,South American,Sacramento,780,Irrigation,Unknown,NA,1990-03-15 - 2004-03-01,25,-121.262,38.4931
384931N1212618W001,1443611,1995-03-15T00:00:00Z,118.4,117.4,0,125,-6.6,125,124,NA,Unknown,Water level accuracy is unknown,1,Department of Water Resources,NA,1074,SACRAMENTO MUNICIPAL UTILITY DISTRICT,NA,NA,4775,07N06E01A001M,NA,Unknown,Unknown,5-021.65,South American,Sacramento,780,Irrigation,Unknown,NA,1990-03-15 - 2004-03-01,25,-121.262,38.4931
384931N1212618W001,1443610,1994-10-15T00:00:00Z,118.4,117.4,0,128.4,-10,128.4,127.4,NA,Unknown,Water level accuracy is unknown,1,Department of Water Resources,NA,1074,SACRAMENTO MUNICIPAL UTILITY DISTRICT,NA,NA,4775,07N06E01A001M,NA,Unknown,Unknown,5-021.65,South American,Sacramento,780,Irrigation,Unknown,NA,1990-03-15 - 2004-03-01,25,-121.262,38.4931
384931N1212618W001,1443609,1994-03-15T00:00:00Z,118.4,117.4,0,121.6,-3.2,121.6,120.6,NA,Unknown,Water level accuracy is unknown,1,Department of Water Resources,NA,1074,SACRAMENTO MUNICIPAL UTILITY DISTRICT,NA,NA,4775,07N06E01A001M,NA,Unknown,Unknown,5-021.65,South American,Sacramento,780,Irrigation,Unknown,NA,1990-03-15 - 2004-03-01,25,-121.262,38.4931
384931N1212618W001,1443608,1993-10-15T00:00:00Z,118.4,117.4,0,129.2,-10.8,129.2,128.2,NA,Unknown,Water level accuracy is unknown,1,Department of Water Resources,NA,1074,SACRAMENTO MUNICIPAL UTILITY DISTRICT,NA,NA,4775,07N06E01A001M,NA,Unknown,Unknown,5-021.65,South American,Sacramento,780,Irrigation,Unknown,NA,1990-03-15 - 2004-03-01,25,-121.262,38.4931
384931N1212618W001,1443607,1993-03-15T00:00:00Z,118.4,117.4,0,120.5,-2.1,120.5,119.5,NA,Unknown,Water level accuracy is unknown,1,Department of Water Resources,NA,1074,SACRAMENTO MUNICIPAL UTILITY DISTRICT,NA,NA,4775,07N06E01A001M,NA,Unknown,Unknown,5-021.65,South American,Sacramento,780,Irrigation,Unknown,NA,1990-03-15 - 2004-03-01,25,-121.262,38.4931
384931N1212618W001,1443606,1992-10-15T00:00:00Z,118.4,117.4,0,123.8,-5.4,123.8,122.8,NA,Unknown,Water level accuracy is unknown,1,Department of Water Resources,NA,1074,SACRAMENTO MUNICIPAL UTILITY DISTRICT,NA,NA,4775,07N06E01A001M,NA,Unknown,Unknown,5-021.65,South American,Sacramento,780,Irrigation,Unknown,NA,1990-03-15 - 2004-03-01,25,-121.262,38.4931
384931N1212618W001,1443605,1992-03-15T00:00:00Z,118.4,117.4,0,117.5,0.9,117.5,116.5,NA,Unknown,Water level accuracy is unknown,1,Department of Water Resources,NA,1074,SACRAMENTO MUNICIPAL UTILITY DISTRICT,NA,NA,4775,07N06E01A001M,NA,Unknown,Unknown,5-021.65,South American,Sacramento,780,Irrigation,Unknown,NA,1990-03-15 - 2004-03-01,25,-121.262,38.4931
384931N1212618W001,1443604,1991-10-15T00:00:00Z,118.4,117.4,0,129.9,-11.5,129.9,128.9,NA,Unknown,Water level accuracy is unknown,1,Department of Water Resources,NA,1074,SACRAMENTO MUNICIPAL UTILITY DISTRICT,NA,NA,4775,07N06E01A001M,NA,Unknown,Unknown,5-021.65,South American,Sacramento,780,Irrigation,Unknown,NA,1990-03-15 - 2004-03-01,25,-121.262,38.4931
384931N1212618W001,1443603,1991-03-15T00:00:00Z,118.4,117.4,0,114.4,4,114.4,113.4,NA,Unknown,Water level accuracy is unknown,1,Department of Water Resources,NA,1074,SACRAMENTO MUNICIPAL UTILITY DISTRICT,NA,NA,4775,07N06E01A001M,NA,Unknown,Unknown,5-021.65,South American,Sacramento,780,Irrigation,Unknown,NA,1990-03-15 - 2004-03-01,25,-121.262,38.4931
384931N1212618W001,1443602,1990-10-15T00:00:00Z,118.4,117.4,0,124.4,-6,124.4,123.4,NA,Unknown,Water level accuracy is unknown,1,Department of Water Resources,NA,1074,SACRAMENTO MUNICIPAL UTILITY DISTRICT,NA,NA,4775,07N06E01A001M,NA,Unknown,Unknown,5-021.65,South American,Sacramento,780,Irrigation,Unknown,NA,1990-03-15 - 2004-03-01,25,-121.262,38.4931
384931N1212618W001,1443601,1990-03-15T00:00:00Z,118.4,117.4,0,113.5,4.9,113.5,112.5,NA,Unknown,Water level accuracy is unknown,1,Department of Water Resources,NA,1074,SACRAMENTO MUNICIPAL UTILITY DISTRICT,NA,NA,4775,07N06E01A001M,NA,Unknown,Unknown,5-021.65,South American,Sacramento,780,Irrigation,Unknown,NA,1990-03-15 - 2004-03-01,25,-121.262,38.4931
