STN_ID.x,SITE_CODE,WLM_ID,MSMT_DATE,WLM_RPE,WLM_GSE,RDNG_WS,RDNG_RP,WSE,RPE_WSE,GSE_WSE,WLM_QA_DESC,WLM_DESC,WLM_ACC_DESC,WLM_ORG_ID,WLM_ORG_NAME,MSMT_CMT,COOP_AGENCY_ORG_ID,COOP_ORG_NAME,STN_ID.y,TOP_PRF,BOT_PRF,STN_ID,SWN,WELL_NAME,WLM_METHOD,WLM_ACC,BASIN_CODE,BASIN_NAME,COUNTY_NAME,WELL_DEPTH,WELL_USE,WELL_TYPE,WCR_NO,t_range,n_samples
9300,385037N1212467W001,2454982,2019-04-11T00:00:00Z,119.01,117.81,0,112.3,6.71,112.3,111.1,NA,Electric sounder measurement,Water level accuracy to nearest tenth of a foot,5050,Sacramento Central Groundwater Authority,NA,5050,Sacramento Central Groundwater Authority,NA,NA,NA,9300,08N07E31J001M,SCGA #22,Unknown,Unknown,5-021.65,South American,Sacramento,300,Irrigation,Single Well,NA,1952-09-11 - 2020-04-15,167
9300,385037N1212467W001,2137260,2015-04-15T00:00:00Z,119.01,117.81,0,118.6,0.41,118.6,117.4,NA,Electric sounder measurement,Water level accuracy to nearest tenth of a foot,5050,Sacramento Central Groundwater Authority,NA,5050,Sacramento Central Groundwater Authority,NA,NA,NA,9300,08N07E31J001M,SCGA #22,Unknown,Unknown,5-021.65,South American,Sacramento,300,Irrigation,Single Well,NA,1952-09-11 - 2020-04-15,167
9300,385037N1212467W001,2137259,2014-10-20T00:00:00Z,119.01,117.81,0,119.9,-0.89,119.9,118.7,NA,Electric sounder measurement,Water level accuracy to nearest tenth of a foot,5050,Sacramento Central Groundwater Authority,NA,5050,Sacramento Central Groundwater Authority,NA,NA,NA,9300,08N07E31J001M,SCGA #22,Unknown,Unknown,5-021.65,South American,Sacramento,300,Irrigation,Single Well,NA,1952-09-11 - 2020-04-15,167
9300,385037N1212467W001,1905196,2013-10-24T00:00:00Z,119.01,117.81,0,117.3,1.71,117.3,116.1,NA,Electric sounder measurement,Water level accuracy to nearest tenth of a foot,5050,Sacramento Central Groundwater Authority,NA,5050,Sacramento Central Groundwater Authority,NA,NA,NA,9300,08N07E31J001M,SCGA #22,Unknown,Unknown,5-021.65,South American,Sacramento,300,Irrigation,Single Well,NA,1952-09-11 - 2020-04-15,167
9300,385037N1212467W001,61314,2012-04-19T00:00:00Z,119.01,117.81,0,109.9,9.11,109.9,108.7,NA,Electric sounder measurement,Water level accuracy to nearest tenth of a foot,5050,Sacramento Central Groundwater Authority,NA,5050,Sacramento Central Groundwater Authority,NA,NA,NA,9300,08N07E31J001M,SCGA #22,Unknown,Unknown,5-021.65,South American,Sacramento,300,Irrigation,Single Well,NA,1952-09-11 - 2020-04-15,167
9300,385037N1212467W001,1297294,2010-04-22T00:00:00Z,119.01,117.81,0,109.1,9.91,109.1,107.9,NA,Unknown,Water level accuracy is unknown,1,Department of Water Resources,NA,323,Sacramento County,NA,NA,NA,9300,08N07E31J001M,SCGA #22,Unknown,Unknown,5-021.65,South American,Sacramento,300,Irrigation,Single Well,NA,1952-09-11 - 2020-04-15,167
9300,385037N1212467W001,1297292,2009-04-28T00:00:00Z,119.01,117.81,0,111.2,7.81,111.2,110,NA,Unknown,Water level accuracy is unknown,1,Department of Water Resources,NA,323,Sacramento County,NA,NA,NA,9300,08N07E31J001M,SCGA #22,Unknown,Unknown,5-021.65,South American,Sacramento,300,Irrigation,Single Well,NA,1952-09-11 - 2020-04-15,167
9300,385037N1212467W001,1297291,2008-10-15T00:00:00Z,119.01,117.81,0,111.1,7.91,111.1,109.9,NA,Unknown,Water level accuracy is unknown,1,Department of Water Resources,NA,323,Sacramento County,NA,NA,NA,9300,08N07E31J001M,SCGA #22,Unknown,Unknown,5-021.65,South American,Sacramento,300,Irrigation,Single Well,NA,1952-09-11 - 2020-04-15,167
9300,385037N1212467W001,1297288,2007-04-26T00:00:00Z,119.01,117.81,0,102,17.01,102,100.8,NA,Unknown,Water level accuracy is unknown,1,Department of Water Resources,NA,323,Sacramento County,NA,NA,NA,9300,08N07E31J001M,SCGA #22,Unknown,Unknown,5-021.65,South American,Sacramento,300,Irrigation,Single Well,NA,1952-09-11 - 2020-04-15,167
9300,385037N1212467W001,1297287,2006-10-11T00:00:00Z,119.01,117.81,0,105.6,13.41,105.6,104.4,NA,Unknown,Water level accuracy is unknown,1,Department of Water Resources,NA,323,Sacramento County,NA,NA,NA,9300,08N07E31J001M,SCGA #22,Unknown,Unknown,5-021.65,South American,Sacramento,300,Irrigation,Single Well,NA,1952-09-11 - 2020-04-15,167
9300,385037N1212467W001,1297286,2006-04-26T00:00:00Z,119.01,117.81,0,125.5,-6.49,125.5,124.3,NA,Unknown,Water level accuracy is unknown,1,Department of Water Resources,NA,323,Sacramento County,NA,NA,NA,9300,08N07E31J001M,SCGA #22,Unknown,Unknown,5-021.65,South American,Sacramento,300,Irrigation,Single Well,NA,1952-09-11 - 2020-04-15,167
9300,385037N1212467W001,1297284,2005-04-22T00:00:00Z,119.01,117.81,0,101.6,17.41,101.6,100.4,NA,Unknown,Water level accuracy is unknown,1,Department of Water Resources,NA,323,Sacramento County,NA,NA,NA,9300,08N07E31J001M,SCGA #22,Unknown,Unknown,5-021.65,South American,Sacramento,300,Irrigation,Single Well,NA,1952-09-11 - 2020-04-15,167
9300,385037N1212467W001,1297283,2004-10-27T00:00:00Z,119.01,117.81,0,105.3,13.71,105.3,104.1,NA,Unknown,Water level accuracy is unknown,1,Department of Water Resources,NA,323,Sacramento County,NA,NA,NA,9300,08N07E31J001M,SCGA #22,Unknown,Unknown,5-021.65,South American,Sacramento,300,Irrigation,Single Well,NA,1952-09-11 - 2020-04-15,167
9300,385037N1212467W001,1297282,2004-04-15T00:00:00Z,119.01,117.81,0,102.7,16.31,102.7,101.5,NA,Unknown,Water level accuracy is unknown,1,Department of Water Resources,NA,323,Sacramento County,NA,NA,NA,9300,08N07E31J001M,SCGA #22,Unknown,Unknown,5-021.65,South American,Sacramento,300,Irrigation,Single Well,NA,1952-09-11 - 2020-04-15,167
9300,385037N1212467W001,1297281,2003-10-31T00:00:00Z,119.01,117.81,0,105.8,13.21,105.8,104.6,NA,Unknown,Water level accuracy is unknown,1,Department of Water Resources,NA,323,Sacramento County,NA,NA,NA,9300,08N07E31J001M,SCGA #22,Unknown,Unknown,5-021.65,South American,Sacramento,300,Irrigation,Single Well,NA,1952-09-11 - 2020-04-15,167
9300,385037N1212467W001,1297275,2003-05-01T00:00:00Z,119.01,117.81,0,97.1,21.91,97.1,95.9,NA,Unknown,Water level accuracy is unknown,1,Department of Water Resources,NA,323,Sacramento County,NA,NA,NA,9300,08N07E31J001M,SCGA #22,Unknown,Unknown,5-021.65,South American,Sacramento,300,Irrigation,Single Well,NA,1952-09-11 - 2020-04-15,167
9300,385037N1212467W001,1297277,2002-11-04T00:00:00Z,119.01,117.81,0,100.6,18.41,100.6,99.4,NA,Unknown,Water level accuracy is unknown,1,Department of Water Resources,NA,323,Sacramento County,NA,NA,NA,9300,08N07E31J001M,SCGA #22,Unknown,Unknown,5-021.65,South American,Sacramento,300,Irrigation,Single Well,NA,1952-09-11 - 2020-04-15,167
9300,385037N1212467W001,1297279,2002-05-23T00:00:00Z,119.01,117.81,0,97.1,21.91,97.1,95.9,NA,Unknown,Water level accuracy is unknown,1,Department of Water Resources,NA,323,Sacramento County,NA,NA,NA,9300,08N07E31J001M,SCGA #22,Unknown,Unknown,5-021.65,South American,Sacramento,300,Irrigation,Single Well,NA,1952-09-11 - 2020-04-15,167
9300,385037N1212467W001,1297276,2001-09-26T00:00:00Z,119.01,117.81,0,102,17.01,102,100.8,NA,Unknown,Water level accuracy is unknown,1,Department of Water Resources,NA,323,Sacramento County,NA,NA,NA,9300,08N07E31J001M,SCGA #22,Unknown,Unknown,5-021.65,South American,Sacramento,300,Irrigation,Single Well,NA,1952-09-11 - 2020-04-15,167
9300,385037N1212467W001,1297278,2001-04-16T00:00:00Z,119.01,117.81,0,92.8,26.21,92.8,91.6,NA,Unknown,Water level accuracy is unknown,1,Department of Water Resources,NA,323,Sacramento County,NA,NA,NA,9300,08N07E31J001M,SCGA #22,Unknown,Unknown,5-021.65,South American,Sacramento,300,Irrigation,Single Well,NA,1952-09-11 - 2020-04-15,167
9300,385037N1212467W001,1297280,2000-10-16T00:00:00Z,119.01,117.81,0,96.2,22.81,96.2,95,NA,Unknown,Water level accuracy is unknown,1,Department of Water Resources,NA,323,Sacramento County,NA,NA,NA,9300,08N07E31J001M,SCGA #22,Unknown,Unknown,5-021.65,South American,Sacramento,300,Irrigation,Single Well,NA,1952-09-11 - 2020-04-15,167
9300,385037N1212467W001,1297273,2000-04-26T00:00:00Z,119.01,117.81,0,92.8,26.21,92.8,91.6,NA,Unknown,Water level accuracy is unknown,1,Department of Water Resources,NA,323,Sacramento County,NA,NA,NA,9300,08N07E31J001M,SCGA #22,Unknown,Unknown,5-021.65,South American,Sacramento,300,Irrigation,Single Well,NA,1952-09-11 - 2020-04-15,167
9300,385037N1212467W001,1297272,1999-04-12T00:00:00Z,119.01,117.81,0,92.2,26.81,92.2,91,NA,Unknown,Water level accuracy is unknown,1,Department of Water Resources,NA,323,Sacramento County,NA,NA,NA,9300,08N07E31J001M,SCGA #22,Unknown,Unknown,5-021.65,South American,Sacramento,300,Irrigation,Single Well,NA,1952-09-11 - 2020-04-15,167
9300,385037N1212467W001,1297148,1998-10-06T00:00:00Z,119.01,117.81,0,98,21.01,98,96.8,NA,Unknown,Water level accuracy is unknown,1,Department of Water Resources,NA,323,Sacramento County,NA,NA,NA,9300,08N07E31J001M,SCGA #22,Unknown,Unknown,5-021.65,South American,Sacramento,300,Irrigation,Single Well,NA,1952-09-11 - 2020-04-15,167
9300,385037N1212467W001,1297274,1997-03-31T00:00:00Z,119.01,117.81,0,120.6,-1.59,120.6,119.4,NA,Unknown,Water level accuracy is unknown,1,Department of Water Resources,NA,323,Sacramento County,NA,NA,NA,9300,08N07E31J001M,SCGA #22,Unknown,Unknown,5-021.65,South American,Sacramento,300,Irrigation,Single Well,NA,1952-09-11 - 2020-04-15,167
9300,385037N1212467W001,1297269,1996-04-02T00:00:00Z,119.01,117.81,0,121,-1.99,121,119.8,NA,Unknown,Water level accuracy is unknown,1,Department of Water Resources,NA,323,Sacramento County,NA,NA,NA,9300,08N07E31J001M,SCGA #22,Unknown,Unknown,5-021.65,South American,Sacramento,300,Irrigation,Single Well,NA,1952-09-11 - 2020-04-15,167
9300,385037N1212467W001,1297267,1995-04-12T00:00:00Z,119.01,117.81,0,127.6,-8.59,127.6,126.4,NA,Unknown,Water level accuracy is unknown,1,Department of Water Resources,NA,323,Sacramento County,NA,NA,NA,9300,08N07E31J001M,SCGA #22,Unknown,Unknown,5-021.65,South American,Sacramento,300,Irrigation,Single Well,NA,1952-09-11 - 2020-04-15,167
9300,385037N1212467W001,1297265,1994-04-01T00:00:00Z,119.01,117.81,0,130.9,-11.89,130.9,129.7,NA,Unknown,Water level accuracy is unknown,1,Department of Water Resources,NA,323,Sacramento County,NA,NA,NA,9300,08N07E31J001M,SCGA #22,Unknown,Unknown,5-021.65,South American,Sacramento,300,Irrigation,Single Well,NA,1952-09-11 - 2020-04-15,167
9300,385037N1212467W001,1297264,1993-10-05T00:00:00Z,119.01,117.81,0,133.44,-14.43,133.44,132.24,NA,Unknown,Water level accuracy is unknown,1,Department of Water Resources,NA,323,Sacramento County,NA,NA,NA,9300,08N07E31J001M,SCGA #22,Unknown,Unknown,5-021.65,South American,Sacramento,300,Irrigation,Single Well,NA,1952-09-11 - 2020-04-15,167
9300,385037N1212467W001,1297263,1993-03-17T00:00:00Z,119.01,117.81,0,131.4,-12.39,131.4,130.2,NA,Unknown,Water level accuracy is unknown,1,Department of Water Resources,NA,323,Sacramento County,NA,NA,NA,9300,08N07E31J001M,SCGA #22,Unknown,Unknown,5-021.65,South American,Sacramento,300,Irrigation,Single Well,NA,1952-09-11 - 2020-04-15,167
9300,385037N1212467W001,1297262,1992-10-13T00:00:00Z,119.01,117.81,0,133.8,-14.79,133.8,132.6,NA,Unknown,Water level accuracy is unknown,1,Department of Water Resources,NA,323,Sacramento County,NA,NA,NA,9300,08N07E31J001M,SCGA #22,Unknown,Unknown,5-021.65,South American,Sacramento,300,Irrigation,Single Well,NA,1952-09-11 - 2020-04-15,167
9300,385037N1212467W001,1297261,1992-04-06T00:00:00Z,119.01,117.81,0,121.2,-2.19,121.2,120,NA,Unknown,Water level accuracy is unknown,1,Department of Water Resources,NA,323,Sacramento County,NA,NA,NA,9300,08N07E31J001M,SCGA #22,Unknown,Unknown,5-021.65,South American,Sacramento,300,Irrigation,Single Well,NA,1952-09-11 - 2020-04-15,167
9300,385037N1212467W001,1297260,1991-10-16T00:00:00Z,119.01,117.81,0,108.8,10.21,108.8,107.6,NA,Unknown,Water level accuracy is unknown,1,Department of Water Resources,NA,323,Sacramento County,NA,NA,NA,9300,08N07E31J001M,SCGA #22,Unknown,Unknown,5-021.65,South American,Sacramento,300,Irrigation,Single Well,NA,1952-09-11 - 2020-04-15,167
9300,385037N1212467W001,1297259,1991-02-25T00:00:00Z,119.01,117.81,0,90,29.01,90,88.8,NA,Unknown,Water level accuracy is unknown,1,Department of Water Resources,NA,323,Sacramento County,NA,NA,NA,9300,08N07E31J001M,SCGA #22,Unknown,Unknown,5-021.65,South American,Sacramento,300,Irrigation,Single Well,NA,1952-09-11 - 2020-04-15,167
9300,385037N1212467W001,1297258,1990-10-04T00:00:00Z,119.01,117.81,0,113.7,5.31,113.7,112.5,NA,Unknown,Water level accuracy is unknown,1,Department of Water Resources,NA,323,Sacramento County,NA,NA,NA,9300,08N07E31J001M,SCGA #22,Unknown,Unknown,5-021.65,South American,Sacramento,300,Irrigation,Single Well,NA,1952-09-11 - 2020-04-15,167
9300,385037N1212467W001,1297257,1990-05-05T00:00:00Z,119.01,117.81,0,107.6,11.41,107.6,106.4,NA,Unknown,Water level accuracy is unknown,1,Department of Water Resources,NA,323,Sacramento County,NA,NA,NA,9300,08N07E31J001M,SCGA #22,Unknown,Unknown,5-021.65,South American,Sacramento,300,Irrigation,Single Well,NA,1952-09-11 - 2020-04-15,167
9300,385037N1212467W001,1297256,1988-10-05T00:00:00Z,119.01,117.81,0,95,24.01,95,93.8,NA,Unknown,Water level accuracy is unknown,1,Department of Water Resources,NA,323,Sacramento County,NA,NA,NA,9300,08N07E31J001M,SCGA #22,Unknown,Unknown,5-021.65,South American,Sacramento,300,Irrigation,Single Well,NA,1952-09-11 - 2020-04-15,167
9300,385037N1212467W001,1297255,1988-03-28T00:00:00Z,119.01,117.81,0,96.2,22.81,96.2,95,NA,Unknown,Water level accuracy is unknown,1,Department of Water Resources,NA,323,Sacramento County,NA,NA,NA,9300,08N07E31J001M,SCGA #22,Unknown,Unknown,5-021.65,South American,Sacramento,300,Irrigation,Single Well,NA,1952-09-11 - 2020-04-15,167
9300,385037N1212467W001,1297254,1987-10-08T00:00:00Z,119.01,117.81,0,97,22.01,97,95.8,NA,Unknown,Water level accuracy is unknown,1,Department of Water Resources,NA,323,Sacramento County,NA,NA,NA,9300,08N07E31J001M,SCGA #22,Unknown,Unknown,5-021.65,South American,Sacramento,300,Irrigation,Single Well,NA,1952-09-11 - 2020-04-15,167
9300,385037N1212467W001,1297253,1987-03-17T00:00:00Z,119.01,117.81,0,90.5,28.51,90.5,89.3,NA,Unknown,Water level accuracy is unknown,1,Department of Water Resources,NA,323,Sacramento County,NA,NA,NA,9300,08N07E31J001M,SCGA #22,Unknown,Unknown,5-021.65,South American,Sacramento,300,Irrigation,Single Well,NA,1952-09-11 - 2020-04-15,167
9300,385037N1212467W001,1297252,1986-10-08T00:00:00Z,119.01,117.81,0,92.1,26.91,92.1,90.9,NA,Unknown,Water level accuracy is unknown,1,Department of Water Resources,NA,323,Sacramento County,NA,NA,NA,9300,08N07E31J001M,SCGA #22,Unknown,Unknown,5-021.65,South American,Sacramento,300,Irrigation,Single Well,NA,1952-09-11 - 2020-04-15,167
9300,385037N1212467W001,1297251,1986-03-19T00:00:00Z,119.01,117.81,0,86,33.01,86,84.8,NA,Unknown,Water level accuracy is unknown,1,Department of Water Resources,NA,323,Sacramento County,NA,NA,NA,9300,08N07E31J001M,SCGA #22,Unknown,Unknown,5-021.65,South American,Sacramento,300,Irrigation,Single Well,NA,1952-09-11 - 2020-04-15,167
9300,385037N1212467W001,1297250,1985-10-16T00:00:00Z,119.01,117.81,0,92.1,26.91,92.1,90.9,NA,Unknown,Water level accuracy is unknown,1,Department of Water Resources,NA,323,Sacramento County,NA,NA,NA,9300,08N07E31J001M,SCGA #22,Unknown,Unknown,5-021.65,South American,Sacramento,300,Irrigation,Single Well,NA,1952-09-11 - 2020-04-15,167
9300,385037N1212467W001,1297249,1985-03-28T00:00:00Z,119.01,117.81,0,82.4,36.61,82.4,81.2,NA,Unknown,Water level accuracy is unknown,1,Department of Water Resources,NA,323,Sacramento County,NA,NA,NA,9300,08N07E31J001M,SCGA #22,Unknown,Unknown,5-021.65,South American,Sacramento,300,Irrigation,Single Well,NA,1952-09-11 - 2020-04-15,167
9300,385037N1212467W001,1297248,1984-10-18T00:00:00Z,119.01,117.81,0,100.2,18.81,100.2,99,NA,Unknown,Water level accuracy is unknown,1,Department of Water Resources,NA,323,Sacramento County,NA,NA,NA,9300,08N07E31J001M,SCGA #22,Unknown,Unknown,5-021.65,South American,Sacramento,300,Irrigation,Single Well,NA,1952-09-11 - 2020-04-15,167
9300,385037N1212467W001,1297247,1984-03-12T00:00:00Z,119.01,117.81,0,81.7,37.31,81.7,80.5,NA,Unknown,Water level accuracy is unknown,1,Department of Water Resources,NA,323,Sacramento County,NA,NA,NA,9300,08N07E31J001M,SCGA #22,Unknown,Unknown,5-021.65,South American,Sacramento,300,Irrigation,Single Well,NA,1952-09-11 - 2020-04-15,167
9300,385037N1212467W001,1297246,1983-10-17T00:00:00Z,119.01,117.81,0,88,31.01,88,86.8,NA,Unknown,Water level accuracy is unknown,1,Department of Water Resources,NA,323,Sacramento County,NA,NA,NA,9300,08N07E31J001M,SCGA #22,Unknown,Unknown,5-021.65,South American,Sacramento,300,Irrigation,Single Well,NA,1952-09-11 - 2020-04-15,167
9300,385037N1212467W001,1297245,1983-03-22T00:00:00Z,119.01,117.81,0,84,35.01,84,82.8,NA,Unknown,Water level accuracy is unknown,1,Department of Water Resources,NA,323,Sacramento County,NA,NA,NA,9300,08N07E31J001M,SCGA #22,Unknown,Unknown,5-021.65,South American,Sacramento,300,Irrigation,Single Well,NA,1952-09-11 - 2020-04-15,167
9300,385037N1212467W001,1297244,1982-11-01T00:00:00Z,119.01,117.81,0,101.7,17.31,101.7,100.5,NA,Unknown,Water level accuracy is unknown,1,Department of Water Resources,NA,323,Sacramento County,NA,NA,NA,9300,08N07E31J001M,SCGA #22,Unknown,Unknown,5-021.65,South American,Sacramento,300,Irrigation,Single Well,NA,1952-09-11 - 2020-04-15,167
9300,385037N1212467W001,1297243,1981-10-19T00:00:00Z,119.01,117.81,0,96,23.01,96,94.8,NA,Unknown,Water level accuracy is unknown,1,Department of Water Resources,NA,323,Sacramento County,NA,NA,NA,9300,08N07E31J001M,SCGA #22,Unknown,Unknown,5-021.65,South American,Sacramento,300,Irrigation,Single Well,NA,1952-09-11 - 2020-04-15,167
9300,385037N1212467W001,1297242,1981-03-11T00:00:00Z,119.01,117.81,0,100,19.01,100,98.8,NA,Unknown,Water level accuracy is unknown,1,Department of Water Resources,NA,323,Sacramento County,NA,NA,NA,9300,08N07E31J001M,SCGA #22,Unknown,Unknown,5-021.65,South American,Sacramento,300,Irrigation,Single Well,NA,1952-09-11 - 2020-04-15,167
9300,385037N1212467W001,1297241,1980-10-02T00:00:00Z,119.01,117.81,0,95,24.01,95,93.8,NA,Unknown,Water level accuracy is unknown,1,Department of Water Resources,NA,323,Sacramento County,NA,NA,NA,9300,08N07E31J001M,SCGA #22,Unknown,Unknown,5-021.65,South American,Sacramento,300,Irrigation,Single Well,NA,1952-09-11 - 2020-04-15,167
9300,385037N1212467W001,1297240,1980-03-12T00:00:00Z,119.01,117.81,0,92,27.01,92,90.8,NA,Unknown,Water level accuracy is unknown,1,Department of Water Resources,NA,323,Sacramento County,NA,NA,NA,9300,08N07E31J001M,SCGA #22,Unknown,Unknown,5-021.65,South American,Sacramento,300,Irrigation,Single Well,NA,1952-09-11 - 2020-04-15,167
9300,385037N1212467W001,1297239,1979-10-03T00:00:00Z,119.01,117.81,0,103.6,15.41,103.6,102.4,NA,Unknown,Water level accuracy is unknown,1,Department of Water Resources,NA,323,Sacramento County,NA,NA,NA,9300,08N07E31J001M,SCGA #22,Unknown,Unknown,5-021.65,South American,Sacramento,300,Irrigation,Single Well,NA,1952-09-11 - 2020-04-15,167
9300,385037N1212467W001,1297238,1979-03-15T00:00:00Z,119.01,117.81,0,95,24.01,95,93.8,NA,Unknown,Water level accuracy is unknown,1,Department of Water Resources,NA,323,Sacramento County,NA,NA,NA,9300,08N07E31J001M,SCGA #22,Unknown,Unknown,5-021.65,South American,Sacramento,300,Irrigation,Single Well,NA,1952-09-11 - 2020-04-15,167
9300,385037N1212467W001,1297237,1978-10-19T00:00:00Z,119.01,117.81,0,96,23.01,96,94.8,NA,Unknown,Water level accuracy is unknown,1,Department of Water Resources,NA,323,Sacramento County,NA,NA,NA,9300,08N07E31J001M,SCGA #22,Unknown,Unknown,5-021.65,South American,Sacramento,300,Irrigation,Single Well,NA,1952-09-11 - 2020-04-15,167
9300,385037N1212467W001,1297236,1978-03-15T00:00:00Z,119.01,117.81,0,97.6,21.41,97.6,96.4,NA,Unknown,Water level accuracy is unknown,1,Department of Water Resources,NA,323,Sacramento County,NA,NA,NA,9300,08N07E31J001M,SCGA #22,Unknown,Unknown,5-021.65,South American,Sacramento,300,Irrigation,Single Well,NA,1952-09-11 - 2020-04-15,167
9300,385037N1212467W001,1297235,1977-10-07T00:00:00Z,119.01,117.81,0,100,19.01,100,98.8,NA,Unknown,Water level accuracy is unknown,1,Department of Water Resources,NA,323,Sacramento County,NA,NA,NA,9300,08N07E31J001M,SCGA #22,Unknown,Unknown,5-021.65,South American,Sacramento,300,Irrigation,Single Well,NA,1952-09-11 - 2020-04-15,167
9300,385037N1212467W001,1297234,1977-03-10T00:00:00Z,119.01,117.81,0,92.8,26.21,92.8,91.6,NA,Unknown,Water level accuracy is unknown,1,Department of Water Resources,NA,323,Sacramento County,NA,NA,NA,9300,08N07E31J001M,SCGA #22,Unknown,Unknown,5-021.65,South American,Sacramento,300,Irrigation,Single Well,NA,1952-09-11 - 2020-04-15,167
9300,385037N1212467W001,1297233,1976-10-05T00:00:00Z,119.01,117.81,0,93,26.01,93,91.8,NA,Unknown,Water level accuracy is unknown,1,Department of Water Resources,NA,323,Sacramento County,NA,NA,NA,9300,08N07E31J001M,SCGA #22,Unknown,Unknown,5-021.65,South American,Sacramento,300,Irrigation,Single Well,NA,1952-09-11 - 2020-04-15,167
9300,385037N1212467W001,1297232,1976-03-05T00:00:00Z,119.01,117.81,0,89.5,29.51,89.5,88.3,NA,Unknown,Water level accuracy is unknown,1,Department of Water Resources,NA,323,Sacramento County,NA,NA,NA,9300,08N07E31J001M,SCGA #22,Unknown,Unknown,5-021.65,South American,Sacramento,300,Irrigation,Single Well,NA,1952-09-11 - 2020-04-15,167
9300,385037N1212467W001,1297231,1975-10-09T00:00:00Z,119.01,117.81,0,84.7,34.31,84.7,83.5,NA,Unknown,Water level accuracy is unknown,1,Department of Water Resources,NA,323,Sacramento County,NA,NA,NA,9300,08N07E31J001M,SCGA #22,Unknown,Unknown,5-021.65,South American,Sacramento,300,Irrigation,Single Well,NA,1952-09-11 - 2020-04-15,167
9300,385037N1212467W001,1297230,1975-03-07T00:00:00Z,119.01,117.81,0,78,41.01,78,76.8,NA,Unknown,Water level accuracy is unknown,1,Department of Water Resources,NA,323,Sacramento County,NA,NA,NA,9300,08N07E31J001M,SCGA #22,Unknown,Unknown,5-021.65,South American,Sacramento,300,Irrigation,Single Well,NA,1952-09-11 - 2020-04-15,167
9300,385037N1212467W001,1297229,1974-10-07T00:00:00Z,119.01,117.81,0,84.1,34.91,84.1,82.9,NA,Unknown,Water level accuracy is unknown,1,Department of Water Resources,NA,323,Sacramento County,NA,NA,NA,9300,08N07E31J001M,SCGA #22,Unknown,Unknown,5-021.65,South American,Sacramento,300,Irrigation,Single Well,NA,1952-09-11 - 2020-04-15,167
9300,385037N1212467W001,1297228,1974-03-07T00:00:00Z,119.01,117.81,0,76.9,42.11,76.9,75.7,NA,Unknown,Water level accuracy is unknown,1,Department of Water Resources,NA,323,Sacramento County,NA,NA,NA,9300,08N07E31J001M,SCGA #22,Unknown,Unknown,5-021.65,South American,Sacramento,300,Irrigation,Single Well,NA,1952-09-11 - 2020-04-15,167
9300,385037N1212467W001,1297227,1973-10-05T00:00:00Z,119.01,117.81,0,83.2,35.81,83.2,82,NA,Unknown,Water level accuracy is unknown,1,Department of Water Resources,NA,323,Sacramento County,NA,NA,NA,9300,08N07E31J001M,SCGA #22,Unknown,Unknown,5-021.65,South American,Sacramento,300,Irrigation,Single Well,NA,1952-09-11 - 2020-04-15,167
9300,385037N1212467W001,1297226,1973-03-12T00:00:00Z,119.01,117.81,0,77.6,41.41,77.6,76.4,NA,Unknown,Water level accuracy is unknown,1,Department of Water Resources,NA,323,Sacramento County,NA,NA,NA,9300,08N07E31J001M,SCGA #22,Unknown,Unknown,5-021.65,South American,Sacramento,300,Irrigation,Single Well,NA,1952-09-11 - 2020-04-15,167
9300,385037N1212467W001,1297225,1972-10-13T00:00:00Z,119.01,117.81,0,82.5,36.51,82.5,81.3,NA,Unknown,Water level accuracy is unknown,1,Department of Water Resources,NA,323,Sacramento County,NA,NA,NA,9300,08N07E31J001M,SCGA #22,Unknown,Unknown,5-021.65,South American,Sacramento,300,Irrigation,Single Well,NA,1952-09-11 - 2020-04-15,167
9300,385037N1212467W001,1297224,1972-03-09T00:00:00Z,119.01,117.81,0,77.8,41.21,77.8,76.6,NA,Unknown,Water level accuracy is unknown,1,Department of Water Resources,NA,323,Sacramento County,NA,NA,NA,9300,08N07E31J001M,SCGA #22,Unknown,Unknown,5-021.65,South American,Sacramento,300,Irrigation,Single Well,NA,1952-09-11 - 2020-04-15,167
9300,385037N1212467W001,1297222,1971-03-26T00:00:00Z,119.01,117.81,0,70.5,48.51,70.5,69.3,NA,Unknown,Water level accuracy is unknown,1,Department of Water Resources,NA,323,Sacramento County,NA,NA,NA,9300,08N07E31J001M,SCGA #22,Unknown,Unknown,5-021.65,South American,Sacramento,300,Irrigation,Single Well,NA,1952-09-11 - 2020-04-15,167
9300,385037N1212467W001,1297221,1970-10-19T00:00:00Z,119.01,117.81,0,83.5,35.51,83.5,82.3,NA,Unknown,Water level accuracy is unknown,1,Department of Water Resources,NA,323,Sacramento County,NA,NA,NA,9300,08N07E31J001M,SCGA #22,Unknown,Unknown,5-021.65,South American,Sacramento,300,Irrigation,Single Well,NA,1952-09-11 - 2020-04-15,167
9300,385037N1212467W001,1297220,1970-04-10T00:00:00Z,119.01,117.81,0,79.8,39.21,79.8,78.6,NA,Unknown,Water level accuracy is unknown,1,Department of Water Resources,NA,323,Sacramento County,NA,NA,NA,9300,08N07E31J001M,SCGA #22,Unknown,Unknown,5-021.65,South American,Sacramento,300,Irrigation,Single Well,NA,1952-09-11 - 2020-04-15,167
9300,385037N1212467W001,1297219,1969-03-27T00:00:00Z,119.01,117.81,0,71.8,47.21,71.8,70.6,NA,Unknown,Water level accuracy is unknown,1,Department of Water Resources,NA,323,Sacramento County,NA,NA,NA,9300,08N07E31J001M,SCGA #22,Unknown,Unknown,5-021.65,South American,Sacramento,300,Irrigation,Single Well,NA,1952-09-11 - 2020-04-15,167
9300,385037N1212467W001,1297218,1968-10-24T00:00:00Z,119.01,117.81,0,77.8,41.21,77.8,76.6,NA,Unknown,Water level accuracy is unknown,1,Department of Water Resources,NA,323,Sacramento County,NA,NA,NA,9300,08N07E31J001M,SCGA #22,Unknown,Unknown,5-021.65,South American,Sacramento,300,Irrigation,Single Well,NA,1952-09-11 - 2020-04-15,167
9300,385037N1212467W001,1297217,1968-03-07T00:00:00Z,119.01,117.81,0,70.7,48.31,70.7,69.5,NA,Unknown,Water level accuracy is unknown,1,Department of Water Resources,NA,323,Sacramento County,NA,NA,NA,9300,08N07E31J001M,SCGA #22,Unknown,Unknown,5-021.65,South American,Sacramento,300,Irrigation,Single Well,NA,1952-09-11 - 2020-04-15,167
9300,385037N1212467W001,1297216,1967-10-13T00:00:00Z,119.01,117.81,0,74.6,44.41,74.6,73.4,NA,Unknown,Water level accuracy is unknown,1,Department of Water Resources,NA,323,Sacramento County,NA,NA,NA,9300,08N07E31J001M,SCGA #22,Unknown,Unknown,5-021.65,South American,Sacramento,300,Irrigation,Single Well,NA,1952-09-11 - 2020-04-15,167
9300,385037N1212467W001,1297215,1967-03-08T00:00:00Z,119.01,117.81,0,69.4,49.61,69.4,68.2,NA,Unknown,Water level accuracy is unknown,1,Department of Water Resources,NA,323,Sacramento County,NA,NA,NA,9300,08N07E31J001M,SCGA #22,Unknown,Unknown,5-021.65,South American,Sacramento,300,Irrigation,Single Well,NA,1952-09-11 - 2020-04-15,167
9300,385037N1212467W001,1297214,1966-10-06T00:00:00Z,119.01,117.81,0,75.8,43.21,75.8,74.6,NA,Unknown,Water level accuracy is unknown,1,Department of Water Resources,NA,323,Sacramento County,NA,NA,NA,9300,08N07E31J001M,SCGA #22,Unknown,Unknown,5-021.65,South American,Sacramento,300,Irrigation,Single Well,NA,1952-09-11 - 2020-04-15,167
9300,385037N1212467W001,1297213,1966-03-14T00:00:00Z,119.01,117.81,0,67.4,51.61,67.4,66.2,NA,Unknown,Water level accuracy is unknown,1,Department of Water Resources,NA,323,Sacramento County,NA,NA,NA,9300,08N07E31J001M,SCGA #22,Unknown,Unknown,5-021.65,South American,Sacramento,300,Irrigation,Single Well,NA,1952-09-11 - 2020-04-15,167
9300,385037N1212467W001,1297212,1965-10-06T00:00:00Z,119.01,117.81,0,73.7,45.31,73.7,72.5,NA,Unknown,Water level accuracy is unknown,1,Department of Water Resources,NA,323,Sacramento County,NA,NA,NA,9300,08N07E31J001M,SCGA #22,Unknown,Unknown,5-021.65,South American,Sacramento,300,Irrigation,Single Well,NA,1952-09-11 - 2020-04-15,167
9300,385037N1212467W001,1297211,1965-03-17T00:00:00Z,119.01,117.81,0,66.5,52.51,66.5,65.3,NA,Unknown,Water level accuracy is unknown,1,Department of Water Resources,NA,323,Sacramento County,NA,NA,NA,9300,08N07E31J001M,SCGA #22,Unknown,Unknown,5-021.65,South American,Sacramento,300,Irrigation,Single Well,NA,1952-09-11 - 2020-04-15,167
9300,385037N1212467W001,1297210,1964-10-08T00:00:00Z,119.01,117.81,0,73.6,45.41,73.6,72.4,NA,Unknown,Water level accuracy is unknown,1,Department of Water Resources,NA,323,Sacramento County,NA,NA,NA,9300,08N07E31J001M,SCGA #22,Unknown,Unknown,5-021.65,South American,Sacramento,300,Irrigation,Single Well,NA,1952-09-11 - 2020-04-15,167
9300,385037N1212467W001,1297209,1964-04-02T00:00:00Z,119.01,117.81,0,68,51.01,68,66.8,NA,Unknown,Water level accuracy is unknown,1,Department of Water Resources,NA,323,Sacramento County,NA,NA,NA,9300,08N07E31J001M,SCGA #22,Unknown,Unknown,5-021.65,South American,Sacramento,300,Irrigation,Single Well,NA,1952-09-11 - 2020-04-15,167
9300,385037N1212467W001,1297208,1963-10-16T00:00:00Z,119.01,117.81,0,69.4,49.61,69.4,68.2,NA,Unknown,Water level accuracy is unknown,1,Department of Water Resources,NA,323,Sacramento County,NA,NA,NA,9300,08N07E31J001M,SCGA #22,Unknown,Unknown,5-021.65,South American,Sacramento,300,Irrigation,Single Well,NA,1952-09-11 - 2020-04-15,167
9300,385037N1212467W001,1297207,1963-03-20T00:00:00Z,119.01,117.81,0,65.3,53.71,65.3,64.1,NA,Unknown,Water level accuracy is unknown,1,Department of Water Resources,NA,323,Sacramento County,NA,NA,NA,9300,08N07E31J001M,SCGA #22,Unknown,Unknown,5-021.65,South American,Sacramento,300,Irrigation,Single Well,NA,1952-09-11 - 2020-04-15,167
9300,385037N1212467W001,1297206,1963-02-25T00:00:00Z,119.01,117.81,0,66.1,52.91,66.1,64.9,NA,Unknown,Water level accuracy is unknown,1,Department of Water Resources,NA,323,Sacramento County,NA,NA,NA,9300,08N07E31J001M,SCGA #22,Unknown,Unknown,5-021.65,South American,Sacramento,300,Irrigation,Single Well,NA,1952-09-11 - 2020-04-15,167
9300,385037N1212467W001,1297205,1962-10-22T00:00:00Z,119.01,117.81,0,69.2,49.81,69.2,68,NA,Unknown,Water level accuracy is unknown,1,Department of Water Resources,NA,323,Sacramento County,NA,NA,NA,9300,08N07E31J001M,SCGA #22,Unknown,Unknown,5-021.65,South American,Sacramento,300,Irrigation,Single Well,NA,1952-09-11 - 2020-04-15,167
9300,385037N1212467W001,1297204,1962-10-09T00:00:00Z,119.01,117.81,0,72,47.01,72,70.8,NA,Unknown,Water level accuracy is unknown,1,Department of Water Resources,NA,323,Sacramento County,NA,NA,NA,9300,08N07E31J001M,SCGA #22,Unknown,Unknown,5-021.65,South American,Sacramento,300,Irrigation,Single Well,NA,1952-09-11 - 2020-04-15,167
9300,385037N1212467W001,1297203,1962-03-22T00:00:00Z,119.01,117.81,0,65.2,53.81,65.2,64,NA,Unknown,Water level accuracy is unknown,1,Department of Water Resources,NA,323,Sacramento County,NA,NA,NA,9300,08N07E31J001M,SCGA #22,Unknown,Unknown,5-021.65,South American,Sacramento,300,Irrigation,Single Well,NA,1952-09-11 - 2020-04-15,167
9300,385037N1212467W001,1297202,1962-03-07T00:00:00Z,119.01,117.81,0,67.2,51.81,67.2,66,NA,Unknown,Water level accuracy is unknown,1,Department of Water Resources,NA,323,Sacramento County,NA,NA,NA,9300,08N07E31J001M,SCGA #22,Unknown,Unknown,5-021.65,South American,Sacramento,300,Irrigation,Single Well,NA,1952-09-11 - 2020-04-15,167
9300,385037N1212467W001,1297200,1961-04-13T00:00:00Z,119.01,117.81,0,64.4,54.61,64.4,63.2,NA,Unknown,Water level accuracy is unknown,1,Department of Water Resources,NA,323,Sacramento County,NA,NA,NA,9300,08N07E31J001M,SCGA #22,Unknown,Unknown,5-021.65,South American,Sacramento,300,Irrigation,Single Well,NA,1952-09-11 - 2020-04-15,167
9300,385037N1212467W001,1297199,1960-02-16T00:00:00Z,119.01,117.81,0,63.4,55.61,63.4,62.2,NA,Unknown,Water level accuracy is unknown,1,Department of Water Resources,NA,323,Sacramento County,NA,NA,NA,9300,08N07E31J001M,SCGA #22,Unknown,Unknown,5-021.65,South American,Sacramento,300,Irrigation,Single Well,NA,1952-09-11 - 2020-04-15,167
9300,385037N1212467W001,1297198,1959-04-01T00:00:00Z,119.01,117.81,0,58.1,60.91,58.1,56.9,NA,Unknown,Water level accuracy is unknown,1,Department of Water Resources,NA,323,Sacramento County,NA,NA,NA,9300,08N07E31J001M,SCGA #22,Unknown,Unknown,5-021.65,South American,Sacramento,300,Irrigation,Single Well,NA,1952-09-11 - 2020-04-15,167
9300,385037N1212467W001,1297197,1958-04-25T00:00:00Z,119.01,117.81,0,57,62.01,57,55.8,NA,Unknown,Water level accuracy is unknown,1,Department of Water Resources,NA,323,Sacramento County,NA,NA,NA,9300,08N07E31J001M,SCGA #22,Unknown,Unknown,5-021.65,South American,Sacramento,300,Irrigation,Single Well,NA,1952-09-11 - 2020-04-15,167
9300,385037N1212467W001,1297196,1957-10-21T00:00:00Z,119.01,117.81,0,60.8,58.21,60.8,59.6,NA,Unknown,Water level accuracy is unknown,1,Department of Water Resources,NA,323,Sacramento County,NA,NA,NA,9300,08N07E31J001M,SCGA #22,Unknown,Unknown,5-021.65,South American,Sacramento,300,Irrigation,Single Well,NA,1952-09-11 - 2020-04-15,167
9300,385037N1212467W001,1297195,1957-04-01T00:00:00Z,119.01,117.81,0,56.2,62.81,56.2,55,NA,Unknown,Water level accuracy is unknown,1,Department of Water Resources,NA,323,Sacramento County,NA,NA,NA,9300,08N07E31J001M,SCGA #22,Unknown,Unknown,5-021.65,South American,Sacramento,300,Irrigation,Single Well,NA,1952-09-11 - 2020-04-15,167
9300,385037N1212467W001,1297194,1956-10-23T00:00:00Z,119.01,117.81,0,59.2,59.81,59.2,58,NA,Unknown,Water level accuracy is unknown,1,Department of Water Resources,NA,323,Sacramento County,NA,NA,NA,9300,08N07E31J001M,SCGA #22,Unknown,Unknown,5-021.65,South American,Sacramento,300,Irrigation,Single Well,NA,1952-09-11 - 2020-04-15,167
9300,385037N1212467W001,1297193,1955-04-28T00:00:00Z,119.01,117.81,0,55.1,63.91,55.1,53.9,NA,Unknown,Water level accuracy is unknown,1,Department of Water Resources,NA,323,Sacramento County,NA,NA,NA,9300,08N07E31J001M,SCGA #22,Unknown,Unknown,5-021.65,South American,Sacramento,300,Irrigation,Single Well,NA,1952-09-11 - 2020-04-15,167
9300,385037N1212467W001,1297192,1954-10-26T00:00:00Z,119.01,117.81,0,58.5,60.51,58.5,57.3,NA,Unknown,Water level accuracy is unknown,1,Department of Water Resources,NA,323,Sacramento County,NA,NA,NA,9300,08N07E31J001M,SCGA #22,Unknown,Unknown,5-021.65,South American,Sacramento,300,Irrigation,Single Well,NA,1952-09-11 - 2020-04-15,167
9300,385037N1212467W001,1297191,1954-04-13T00:00:00Z,119.01,117.81,0,53.5,65.51,53.5,52.3,NA,Unknown,Water level accuracy is unknown,1,Department of Water Resources,NA,323,Sacramento County,NA,NA,NA,9300,08N07E31J001M,SCGA #22,Unknown,Unknown,5-021.65,South American,Sacramento,300,Irrigation,Single Well,NA,1952-09-11 - 2020-04-15,167
9300,385037N1212467W001,1297190,1954-03-30T00:00:00Z,119.01,117.81,0,53.5,65.51,53.5,52.3,NA,Unknown,Water level accuracy is unknown,1,Department of Water Resources,NA,323,Sacramento County,NA,NA,NA,9300,08N07E31J001M,SCGA #22,Unknown,Unknown,5-021.65,South American,Sacramento,300,Irrigation,Single Well,NA,1952-09-11 - 2020-04-15,167
9300,385037N1212467W001,1297189,1953-11-03T00:00:00Z,119.01,117.81,0,55,64.01,55,53.8,NA,Unknown,Water level accuracy is unknown,1,Department of Water Resources,NA,323,Sacramento County,NA,NA,NA,9300,08N07E31J001M,SCGA #22,Unknown,Unknown,5-021.65,South American,Sacramento,300,Irrigation,Single Well,NA,1952-09-11 - 2020-04-15,167
9300,385037N1212467W001,1297188,1953-05-28T00:00:00Z,119.01,117.81,0,52.7,66.31,52.7,51.5,NA,Unknown,Water level accuracy is unknown,1,Department of Water Resources,NA,323,Sacramento County,NA,NA,NA,9300,08N07E31J001M,SCGA #22,Unknown,Unknown,5-021.65,South American,Sacramento,300,Irrigation,Single Well,NA,1952-09-11 - 2020-04-15,167
9300,385037N1212467W001,1297187,1953-04-03T00:00:00Z,119.01,117.81,0,53,66.01,53,51.8,NA,Unknown,Water level accuracy is unknown,1,Department of Water Resources,NA,323,Sacramento County,NA,NA,NA,9300,08N07E31J001M,SCGA #22,Unknown,Unknown,5-021.65,South American,Sacramento,300,Irrigation,Single Well,NA,1952-09-11 - 2020-04-15,167
9300,385037N1212467W001,1297186,1953-03-28T00:00:00Z,119.01,117.81,0,51.9,67.11,51.9,50.7,NA,Unknown,Water level accuracy is unknown,1,Department of Water Resources,NA,323,Sacramento County,NA,NA,NA,9300,08N07E31J001M,SCGA #22,Unknown,Unknown,5-021.65,South American,Sacramento,300,Irrigation,Single Well,NA,1952-09-11 - 2020-04-15,167
9300,385037N1212467W001,1297185,1953-03-21T00:00:00Z,119.01,117.81,0,50.9,68.11,50.9,49.7,NA,Unknown,Water level accuracy is unknown,1,Department of Water Resources,NA,323,Sacramento County,NA,NA,NA,9300,08N07E31J001M,SCGA #22,Unknown,Unknown,5-021.65,South American,Sacramento,300,Irrigation,Single Well,NA,1952-09-11 - 2020-04-15,167
9300,385037N1212467W001,1297184,1953-03-14T00:00:00Z,119.01,117.81,0,50.6,68.41,50.6,49.4,NA,Unknown,Water level accuracy is unknown,1,Department of Water Resources,NA,323,Sacramento County,NA,NA,NA,9300,08N07E31J001M,SCGA #22,Unknown,Unknown,5-021.65,South American,Sacramento,300,Irrigation,Single Well,NA,1952-09-11 - 2020-04-15,167
9300,385037N1212467W001,1297183,1953-03-07T00:00:00Z,119.01,117.81,0,50.5,68.51,50.5,49.3,NA,Unknown,Water level accuracy is unknown,1,Department of Water Resources,NA,323,Sacramento County,NA,NA,NA,9300,08N07E31J001M,SCGA #22,Unknown,Unknown,5-021.65,South American,Sacramento,300,Irrigation,Single Well,NA,1952-09-11 - 2020-04-15,167
9300,385037N1212467W001,1297182,1953-02-28T00:00:00Z,119.01,117.81,0,50.4,68.61,50.4,49.2,NA,Unknown,Water level accuracy is unknown,1,Department of Water Resources,NA,323,Sacramento County,NA,NA,NA,9300,08N07E31J001M,SCGA #22,Unknown,Unknown,5-021.65,South American,Sacramento,300,Irrigation,Single Well,NA,1952-09-11 - 2020-04-15,167
9300,385037N1212467W001,1297181,1953-02-21T00:00:00Z,119.01,117.81,0,50.5,68.51,50.5,49.3,NA,Unknown,Water level accuracy is unknown,1,Department of Water Resources,NA,323,Sacramento County,NA,NA,NA,9300,08N07E31J001M,SCGA #22,Unknown,Unknown,5-021.65,South American,Sacramento,300,Irrigation,Single Well,NA,1952-09-11 - 2020-04-15,167
9300,385037N1212467W001,1297180,1953-02-17T00:00:00Z,119.01,117.81,0,50.8,68.21,50.8,49.6,NA,Unknown,Water level accuracy is unknown,1,Department of Water Resources,NA,323,Sacramento County,NA,NA,NA,9300,08N07E31J001M,SCGA #22,Unknown,Unknown,5-021.65,South American,Sacramento,300,Irrigation,Single Well,NA,1952-09-11 - 2020-04-15,167
9300,385037N1212467W001,1297179,1953-02-14T00:00:00Z,119.01,117.81,0,50.5,68.51,50.5,49.3,NA,Unknown,Water level accuracy is unknown,1,Department of Water Resources,NA,323,Sacramento County,NA,NA,NA,9300,08N07E31J001M,SCGA #22,Unknown,Unknown,5-021.65,South American,Sacramento,300,Irrigation,Single Well,NA,1952-09-11 - 2020-04-15,167
9300,385037N1212467W001,1297178,1953-02-10T00:00:00Z,119.01,117.81,0,50.5,68.51,50.5,49.3,NA,Unknown,Water level accuracy is unknown,1,Department of Water Resources,NA,323,Sacramento County,NA,NA,NA,9300,08N07E31J001M,SCGA #22,Unknown,Unknown,5-021.65,South American,Sacramento,300,Irrigation,Single Well,NA,1952-09-11 - 2020-04-15,167
9300,385037N1212467W001,1297177,1953-02-07T00:00:00Z,119.01,117.81,0,50.5,68.51,50.5,49.3,NA,Unknown,Water level accuracy is unknown,1,Department of Water Resources,NA,323,Sacramento County,NA,NA,NA,9300,08N07E31J001M,SCGA #22,Unknown,Unknown,5-021.65,South American,Sacramento,300,Irrigation,Single Well,NA,1952-09-11 - 2020-04-15,167
9300,385037N1212467W001,1297176,1953-02-03T00:00:00Z,119.01,117.81,0,50.6,68.41,50.6,49.4,NA,Unknown,Water level accuracy is unknown,1,Department of Water Resources,NA,323,Sacramento County,NA,NA,NA,9300,08N07E31J001M,SCGA #22,Unknown,Unknown,5-021.65,South American,Sacramento,300,Irrigation,Single Well,NA,1952-09-11 - 2020-04-15,167
9300,385037N1212467W001,1297175,1953-01-31T00:00:00Z,119.01,117.81,0,50.6,68.41,50.6,49.4,NA,Unknown,Water level accuracy is unknown,1,Department of Water Resources,NA,323,Sacramento County,NA,NA,NA,9300,08N07E31J001M,SCGA #22,Unknown,Unknown,5-021.65,South American,Sacramento,300,Irrigation,Single Well,NA,1952-09-11 - 2020-04-15,167
9300,385037N1212467W001,1297174,1953-01-27T00:00:00Z,119.01,117.81,0,50.8,68.21,50.8,49.6,NA,Unknown,Water level accuracy is unknown,1,Department of Water Resources,NA,323,Sacramento County,NA,NA,NA,9300,08N07E31J001M,SCGA #22,Unknown,Unknown,5-021.65,South American,Sacramento,300,Irrigation,Single Well,NA,1952-09-11 - 2020-04-15,167
9300,385037N1212467W001,1297173,1953-01-23T00:00:00Z,119.01,117.81,0,50.8,68.21,50.8,49.6,NA,Unknown,Water level accuracy is unknown,1,Department of Water Resources,NA,323,Sacramento County,NA,NA,NA,9300,08N07E31J001M,SCGA #22,Unknown,Unknown,5-021.65,South American,Sacramento,300,Irrigation,Single Well,NA,1952-09-11 - 2020-04-15,167
9300,385037N1212467W001,1297172,1953-01-20T00:00:00Z,119.01,117.81,0,50.6,68.41,50.6,49.4,NA,Unknown,Water level accuracy is unknown,1,Department of Water Resources,NA,323,Sacramento County,NA,NA,NA,9300,08N07E31J001M,SCGA #22,Unknown,Unknown,5-021.65,South American,Sacramento,300,Irrigation,Single Well,NA,1952-09-11 - 2020-04-15,167
9300,385037N1212467W001,1297171,1953-01-17T00:00:00Z,119.01,117.81,0,50.3,68.71,50.3,49.1,NA,Unknown,Water level accuracy is unknown,1,Department of Water Resources,NA,323,Sacramento County,NA,NA,NA,9300,08N07E31J001M,SCGA #22,Unknown,Unknown,5-021.65,South American,Sacramento,300,Irrigation,Single Well,NA,1952-09-11 - 2020-04-15,167
9300,385037N1212467W001,1297170,1953-01-13T00:00:00Z,119.01,117.81,0,51,68.01,51,49.8,NA,Unknown,Water level accuracy is unknown,1,Department of Water Resources,NA,323,Sacramento County,NA,NA,NA,9300,08N07E31J001M,SCGA #22,Unknown,Unknown,5-021.65,South American,Sacramento,300,Irrigation,Single Well,NA,1952-09-11 - 2020-04-15,167
9300,385037N1212467W001,1297169,1953-01-10T00:00:00Z,119.01,117.81,0,50.9,68.11,50.9,49.7,NA,Unknown,Water level accuracy is unknown,1,Department of Water Resources,NA,323,Sacramento County,NA,NA,NA,9300,08N07E31J001M,SCGA #22,Unknown,Unknown,5-021.65,South American,Sacramento,300,Irrigation,Single Well,NA,1952-09-11 - 2020-04-15,167
9300,385037N1212467W001,1297168,1953-01-06T00:00:00Z,119.01,117.81,0,50.8,68.21,50.8,49.6,NA,Unknown,Water level accuracy is unknown,1,Department of Water Resources,NA,323,Sacramento County,NA,NA,NA,9300,08N07E31J001M,SCGA #22,Unknown,Unknown,5-021.65,South American,Sacramento,300,Irrigation,Single Well,NA,1952-09-11 - 2020-04-15,167
9300,385037N1212467W001,1297167,1953-01-02T00:00:00Z,119.01,117.81,0,51.2,67.81,51.2,50,NA,Unknown,Water level accuracy is unknown,1,Department of Water Resources,NA,323,Sacramento County,NA,NA,NA,9300,08N07E31J001M,SCGA #22,Unknown,Unknown,5-021.65,South American,Sacramento,300,Irrigation,Single Well,NA,1952-09-11 - 2020-04-15,167
9300,385037N1212467W001,1297166,1952-12-30T00:00:00Z,119.01,117.81,0,51,68.01,51,49.8,NA,Unknown,Water level accuracy is unknown,1,Department of Water Resources,NA,323,Sacramento County,NA,NA,NA,9300,08N07E31J001M,SCGA #22,Unknown,Unknown,5-021.65,South American,Sacramento,300,Irrigation,Single Well,NA,1952-09-11 - 2020-04-15,167
9300,385037N1212467W001,1297165,1952-12-27T00:00:00Z,119.01,117.81,0,51,68.01,51,49.8,NA,Unknown,Water level accuracy is unknown,1,Department of Water Resources,NA,323,Sacramento County,NA,NA,NA,9300,08N07E31J001M,SCGA #22,Unknown,Unknown,5-021.65,South American,Sacramento,300,Irrigation,Single Well,NA,1952-09-11 - 2020-04-15,167
9300,385037N1212467W001,1297164,1952-12-23T00:00:00Z,119.01,117.81,0,51.3,67.71,51.3,50.1,NA,Unknown,Water level accuracy is unknown,1,Department of Water Resources,NA,323,Sacramento County,NA,NA,NA,9300,08N07E31J001M,SCGA #22,Unknown,Unknown,5-021.65,South American,Sacramento,300,Irrigation,Single Well,NA,1952-09-11 - 2020-04-15,167
9300,385037N1212467W001,1297163,1952-12-20T00:00:00Z,119.01,117.81,0,51.2,67.81,51.2,50,NA,Unknown,Water level accuracy is unknown,1,Department of Water Resources,NA,323,Sacramento County,NA,NA,NA,9300,08N07E31J001M,SCGA #22,Unknown,Unknown,5-021.65,South American,Sacramento,300,Irrigation,Single Well,NA,1952-09-11 - 2020-04-15,167
9300,385037N1212467W001,1297162,1952-12-16T00:00:00Z,119.01,117.81,0,51.2,67.81,51.2,50,NA,Unknown,Water level accuracy is unknown,1,Department of Water Resources,NA,323,Sacramento County,NA,NA,NA,9300,08N07E31J001M,SCGA #22,Unknown,Unknown,5-021.65,South American,Sacramento,300,Irrigation,Single Well,NA,1952-09-11 - 2020-04-15,167
9300,385037N1212467W001,1297161,1952-12-13T00:00:00Z,119.01,117.81,0,51.5,67.51,51.5,50.3,NA,Unknown,Water level accuracy is unknown,1,Department of Water Resources,NA,323,Sacramento County,NA,NA,NA,9300,08N07E31J001M,SCGA #22,Unknown,Unknown,5-021.65,South American,Sacramento,300,Irrigation,Single Well,NA,1952-09-11 - 2020-04-15,167
9300,385037N1212467W001,1297160,1952-12-09T00:00:00Z,119.01,117.81,0,51.5,67.51,51.5,50.3,NA,Unknown,Water level accuracy is unknown,1,Department of Water Resources,NA,323,Sacramento County,NA,NA,NA,9300,08N07E31J001M,SCGA #22,Unknown,Unknown,5-021.65,South American,Sacramento,300,Irrigation,Single Well,NA,1952-09-11 - 2020-04-15,167
9300,385037N1212467W001,1297159,1952-12-06T00:00:00Z,119.01,117.81,0,51.5,67.51,51.5,50.3,NA,Unknown,Water level accuracy is unknown,1,Department of Water Resources,NA,323,Sacramento County,NA,NA,NA,9300,08N07E31J001M,SCGA #22,Unknown,Unknown,5-021.65,South American,Sacramento,300,Irrigation,Single Well,NA,1952-09-11 - 2020-04-15,167
9300,385037N1212467W001,1297158,1952-12-02T00:00:00Z,119.01,117.81,0,51.6,67.41,51.6,50.4,NA,Unknown,Water level accuracy is unknown,1,Department of Water Resources,NA,323,Sacramento County,NA,NA,NA,9300,08N07E31J001M,SCGA #22,Unknown,Unknown,5-021.65,South American,Sacramento,300,Irrigation,Single Well,NA,1952-09-11 - 2020-04-15,167
9300,385037N1212467W001,1297157,1952-11-29T00:00:00Z,119.01,117.81,0,51.7,67.31,51.7,50.5,NA,Unknown,Water level accuracy is unknown,1,Department of Water Resources,NA,323,Sacramento County,NA,NA,NA,9300,08N07E31J001M,SCGA #22,Unknown,Unknown,5-021.65,South American,Sacramento,300,Irrigation,Single Well,NA,1952-09-11 - 2020-04-15,167
9300,385037N1212467W001,1297156,1952-11-25T00:00:00Z,119.01,117.81,0,51.9,67.11,51.9,50.7,NA,Unknown,Water level accuracy is unknown,1,Department of Water Resources,NA,323,Sacramento County,NA,NA,NA,9300,08N07E31J001M,SCGA #22,Unknown,Unknown,5-021.65,South American,Sacramento,300,Irrigation,Single Well,NA,1952-09-11 - 2020-04-15,167
9300,385037N1212467W001,1297155,1952-11-22T00:00:00Z,119.01,117.81,0,51.9,67.11,51.9,50.7,NA,Unknown,Water level accuracy is unknown,1,Department of Water Resources,NA,323,Sacramento County,NA,NA,NA,9300,08N07E31J001M,SCGA #22,Unknown,Unknown,5-021.65,South American,Sacramento,300,Irrigation,Single Well,NA,1952-09-11 - 2020-04-15,167
9300,385037N1212467W001,1297154,1952-11-18T00:00:00Z,119.01,117.81,0,52,67.01,52,50.8,NA,Unknown,Water level accuracy is unknown,1,Department of Water Resources,NA,323,Sacramento County,NA,NA,NA,9300,08N07E31J001M,SCGA #22,Unknown,Unknown,5-021.65,South American,Sacramento,300,Irrigation,Single Well,NA,1952-09-11 - 2020-04-15,167
9300,385037N1212467W001,1297153,1952-11-15T00:00:00Z,119.01,117.81,0,51.9,67.11,51.9,50.7,NA,Unknown,Water level accuracy is unknown,1,Department of Water Resources,NA,323,Sacramento County,NA,NA,NA,9300,08N07E31J001M,SCGA #22,Unknown,Unknown,5-021.65,South American,Sacramento,300,Irrigation,Single Well,NA,1952-09-11 - 2020-04-15,167
9300,385037N1212467W001,1297152,1952-11-08T00:00:00Z,119.01,117.81,0,52.7,66.31,52.7,51.5,NA,Unknown,Water level accuracy is unknown,1,Department of Water Resources,NA,323,Sacramento County,NA,NA,NA,9300,08N07E31J001M,SCGA #22,Unknown,Unknown,5-021.65,South American,Sacramento,300,Irrigation,Single Well,NA,1952-09-11 - 2020-04-15,167
9300,385037N1212467W001,1297151,1952-10-11T00:00:00Z,119.01,117.81,0,54.9,64.11,54.9,53.7,NA,Unknown,Water level accuracy is unknown,1,Department of Water Resources,NA,323,Sacramento County,NA,NA,NA,9300,08N07E31J001M,SCGA #22,Unknown,Unknown,5-021.65,South American,Sacramento,300,Irrigation,Single Well,NA,1952-09-11 - 2020-04-15,167
9300,385037N1212467W001,1297150,1952-10-04T00:00:00Z,119.01,117.81,0,53,66.01,53,51.8,NA,Unknown,Water level accuracy is unknown,1,Department of Water Resources,NA,323,Sacramento County,NA,NA,NA,9300,08N07E31J001M,SCGA #22,Unknown,Unknown,5-021.65,South American,Sacramento,300,Irrigation,Single Well,NA,1952-09-11 - 2020-04-15,167
9300,385037N1212467W001,1297149,1952-09-11T00:00:00Z,119.01,117.81,0,53.5,65.51,53.5,52.3,NA,Unknown,Water level accuracy is unknown,1,Department of Water Resources,NA,323,Sacramento County,NA,NA,NA,9300,08N07E31J001M,SCGA #22,Unknown,Unknown,5-021.65,South American,Sacramento,300,Irrigation,Single Well,NA,1952-09-11 - 2020-04-15,167
