STN_ID.x,SITE_CODE,WLM_ID,MSMT_DATE,WLM_RPE,WLM_GSE,RDNG_WS,RDNG_RP,WSE,RPE_WSE,GSE_WSE,WLM_QA_DESC,WLM_DESC,WLM_ACC_DESC,WLM_ORG_ID,WLM_ORG_NAME,MSMT_CMT,COOP_AGENCY_ORG_ID,COOP_ORG_NAME,STN_ID.y,TOP_PRF,BOT_PRF,STN_ID,SWN,WELL_NAME,WLM_METHOD,WLM_ACC,BASIN_CODE,BASIN_NAME,COUNTY_NAME,WELL_DEPTH,WELL_USE,WELL_TYPE,WCR_NO,t_range,n_samples
10437,385021N1214948W001,2482799,2019-10-08T00:00:00Z,8.51,7.51,0.4,13,-4.09,12.6,11.6,Oil or foreign substance in casing,Steel tape measurement,Water level accuracy to nearest tenth of a foot,5050,Sacramento Central Groundwater Authority,Oil,5050,Sacramento Central Groundwater Authority,NA,NA,NA,10437,08N04E36L001M,SCGA #10,Unknown,Unknown,5-021.65,South American,Sacramento,172,Residential,Single Well,215,1965-03-19 - 2020-04-15,105
10437,385021N1214948W001,2454910,2019-04-16T00:00:00Z,8.51,7.51,0.6,9,0.11,8.4,7.4,Oil or foreign substance in casing,Steel tape measurement,Water level accuracy to nearest tenth of a foot,5050,Sacramento Central Groundwater Authority,Oil in casing.,5050,Sacramento Central Groundwater Authority,NA,NA,NA,10437,08N04E36L001M,SCGA #10,Unknown,Unknown,5-021.65,South American,Sacramento,172,Residential,Single Well,215,1965-03-19 - 2020-04-15,105
10437,385021N1214948W001,2413067,2018-10-16T00:00:00Z,8.51,7.51,0.6,13,-3.89,12.4,11.4,NA,Steel tape measurement,Water level accuracy to nearest tenth of a foot,5050,Sacramento Central Groundwater Authority,NA,5050,Sacramento Central Groundwater Authority,NA,NA,NA,10437,08N04E36L001M,SCGA #10,Unknown,Unknown,5-021.65,South American,Sacramento,172,Residential,Single Well,215,1965-03-19 - 2020-04-15,105
10437,385021N1214948W001,2305647,2018-04-11T00:00:00Z,8.51,7.51,0.1,10,-1.39,9.9,8.9,Oil or foreign substance in casing,Steel tape measurement,Water level accuracy to nearest tenth of a foot,5050,Sacramento Central Groundwater Authority,NA,5050,Sacramento Central Groundwater Authority,NA,NA,NA,10437,08N04E36L001M,SCGA #10,Unknown,Unknown,5-021.65,South American,Sacramento,172,Residential,Single Well,215,1965-03-19 - 2020-04-15,105
10437,385021N1214948W001,2278903,2017-10-13T00:00:00Z,8.51,7.51,0.8,13,-3.69,12.2,11.2,Oil or foreign substance in casing,Steel tape measurement,Water level accuracy to nearest tenth of a foot,5050,Sacramento Central Groundwater Authority,NA,5050,Sacramento Central Groundwater Authority,NA,NA,NA,10437,08N04E36L001M,SCGA #10,Unknown,Unknown,5-021.65,South American,Sacramento,172,Residential,Single Well,215,1965-03-19 - 2020-04-15,105
10437,385021N1214948W001,2253406,2017-04-28T00:00:00Z,8.51,7.51,0.5,9,0.01,8.5,7.5,NA,Steel tape measurement,Water level accuracy to nearest tenth of a foot,5050,Sacramento Central Groundwater Authority,NA,5050,Sacramento Central Groundwater Authority,NA,NA,NA,10437,08N04E36L001M,SCGA #10,Unknown,Unknown,5-021.65,South American,Sacramento,172,Residential,Single Well,215,1965-03-19 - 2020-04-15,105
10437,385021N1214948W001,2253405,2016-10-20T00:00:00Z,8.51,7.51,0.3,14,-5.19,13.7,12.7,NA,Steel tape measurement,Water level accuracy to nearest tenth of a foot,5050,Sacramento Central Groundwater Authority,NA,5050,Sacramento Central Groundwater Authority,NA,NA,NA,10437,08N04E36L001M,SCGA #10,Unknown,Unknown,5-021.65,South American,Sacramento,172,Residential,Single Well,215,1965-03-19 - 2020-04-15,105
10437,385021N1214948W001,2205431,2016-05-09T00:00:00Z,8.51,7.51,0.5,13,-3.99,12.5,11.5,NA,Steel tape measurement,Water level accuracy to nearest tenth of a foot,5050,Sacramento Central Groundwater Authority,NA,5050,Sacramento Central Groundwater Authority,NA,NA,NA,10437,08N04E36L001M,SCGA #10,Unknown,Unknown,5-021.65,South American,Sacramento,172,Residential,Single Well,215,1965-03-19 - 2020-04-15,105
10437,385021N1214948W001,2185744,2015-10-20T00:00:00Z,8.51,7.51,0.5,16,-6.99,15.5,14.5,Oil or foreign substance in casing,Steel tape measurement,Water level accuracy to nearest tenth of a foot,5050,Sacramento Central Groundwater Authority,NA,5050,Sacramento Central Groundwater Authority,NA,NA,NA,10437,08N04E36L001M,SCGA #10,Unknown,Unknown,5-021.65,South American,Sacramento,172,Residential,Single Well,215,1965-03-19 - 2020-04-15,105
10437,385021N1214948W001,2137278,2015-04-20T00:00:00Z,8.51,7.51,0.5,14,-4.99,13.5,12.5,NA,Steel tape measurement,Water level accuracy to nearest tenth of a foot,5050,Sacramento Central Groundwater Authority,NA,5050,Sacramento Central Groundwater Authority,NA,NA,NA,10437,08N04E36L001M,SCGA #10,Unknown,Unknown,5-021.65,South American,Sacramento,172,Residential,Single Well,215,1965-03-19 - 2020-04-15,105
10437,385021N1214948W001,2137276,2014-10-22T00:00:00Z,8.51,7.51,0.7,15,-5.79,14.3,13.3,NA,Steel tape measurement,Water level accuracy to nearest tenth of a foot,5050,Sacramento Central Groundwater Authority,NA,5050,Sacramento Central Groundwater Authority,NA,NA,NA,10437,08N04E36L001M,SCGA #10,Unknown,Unknown,5-021.65,South American,Sacramento,172,Residential,Single Well,215,1965-03-19 - 2020-04-15,105
10437,385021N1214948W001,1905141,2014-04-15T00:00:00Z,8.51,7.51,0.3,13,-4.19,12.7,11.7,NA,Steel tape measurement,Water level accuracy to nearest tenth of a foot,5050,Sacramento Central Groundwater Authority,NA,5050,Sacramento Central Groundwater Authority,NA,NA,NA,10437,08N04E36L001M,SCGA #10,Unknown,Unknown,5-021.65,South American,Sacramento,172,Residential,Single Well,215,1965-03-19 - 2020-04-15,105
10437,385021N1214948W001,1905140,2013-10-23T00:00:00Z,8.51,7.51,0.5,14,-4.99,13.5,12.5,NA,Steel tape measurement,Water level accuracy to nearest tenth of a foot,5050,Sacramento Central Groundwater Authority,NA,5050,Sacramento Central Groundwater Authority,NA,NA,NA,10437,08N04E36L001M,SCGA #10,Unknown,Unknown,5-021.65,South American,Sacramento,172,Residential,Single Well,215,1965-03-19 - 2020-04-15,105
10437,385021N1214948W001,1704778,2013-04-29T00:00:00Z,8.51,7.51,0.5,13,-3.99,12.5,11.5,Oil or foreign substance in casing,Steel tape measurement,Water level accuracy to nearest tenth of a foot,5050,Sacramento Central Groundwater Authority,NA,5050,Sacramento Central Groundwater Authority,NA,NA,NA,10437,08N04E36L001M,SCGA #10,Unknown,Unknown,5-021.65,South American,Sacramento,172,Residential,Single Well,215,1965-03-19 - 2020-04-15,105
10437,385021N1214948W001,1704777,2012-10-24T00:00:00Z,8.51,7.51,0.7,14,-4.79,13.3,12.3,Oil or foreign substance in casing,Steel tape measurement,Water level accuracy to nearest tenth of a foot,5050,Sacramento Central Groundwater Authority,NA,5050,Sacramento Central Groundwater Authority,NA,NA,NA,10437,08N04E36L001M,SCGA #10,Unknown,Unknown,5-021.65,South American,Sacramento,172,Residential,Single Well,215,1965-03-19 - 2020-04-15,105
10437,385021N1214948W001,61308,2012-04-19T00:00:00Z,8.51,7.51,0.8,12,-2.69,11.2,10.2,Oil or foreign substance in casing,Steel tape measurement,Water level accuracy to nearest tenth of a foot,5050,Sacramento Central Groundwater Authority,NA,5050,Sacramento Central Groundwater Authority,NA,NA,NA,10437,08N04E36L001M,SCGA #10,Unknown,Unknown,5-021.65,South American,Sacramento,172,Residential,Single Well,215,1965-03-19 - 2020-04-15,105
10437,385021N1214948W001,21376,2011-10-20T00:00:00Z,8.51,7.51,0.9,13,-3.59,12.1,11.1,Oil or foreign substance in casing,Steel tape measurement,Water level accuracy to nearest tenth of a foot,5050,Sacramento Central Groundwater Authority,NA,5050,Sacramento Central Groundwater Authority,NA,NA,NA,10437,08N04E36L001M,SCGA #10,Unknown,Unknown,5-021.65,South American,Sacramento,172,Residential,Single Well,215,1965-03-19 - 2020-04-15,105
10437,385021N1214948W001,68594,2011-04-26T00:00:00Z,8.51,7.51,0.6,11,-1.89,10.4,9.4,NA,Steel tape measurement,Water level accuracy to nearest tenth of a foot,5050,Sacramento Central Groundwater Authority,NA,5050,Sacramento Central Groundwater Authority,NA,NA,NA,10437,08N04E36L001M,SCGA #10,Unknown,Unknown,5-021.65,South American,Sacramento,172,Residential,Single Well,215,1965-03-19 - 2020-04-15,105
10437,385021N1214948W001,1291302,2010-04-19T00:00:00Z,8.51,7.51,0,12.4,-3.89,12.4,11.4,Oil or foreign substance in casing,Unknown,Water level accuracy is unknown,1,Department of Water Resources,NA,323,Sacramento County,NA,NA,NA,10437,08N04E36L001M,SCGA #10,Unknown,Unknown,5-021.65,South American,Sacramento,172,Residential,Single Well,215,1965-03-19 - 2020-04-15,105
10437,385021N1214948W001,1291301,2009-10-21T00:00:00Z,8.51,7.51,0,15.4,-6.89,15.4,14.4,Oil or foreign substance in casing,Unknown,Water level accuracy is unknown,1,Department of Water Resources,NA,323,Sacramento County,NA,NA,NA,10437,08N04E36L001M,SCGA #10,Unknown,Unknown,5-021.65,South American,Sacramento,172,Residential,Single Well,215,1965-03-19 - 2020-04-15,105
10437,385021N1214948W001,1291300,2009-04-22T00:00:00Z,8.51,7.51,0,15.4,-6.89,15.4,14.4,Oil or foreign substance in casing,Unknown,Water level accuracy is unknown,1,Department of Water Resources,NA,323,Sacramento County,NA,NA,NA,10437,08N04E36L001M,SCGA #10,Unknown,Unknown,5-021.65,South American,Sacramento,172,Residential,Single Well,215,1965-03-19 - 2020-04-15,105
10437,385021N1214948W001,1291299,2008-10-14T00:00:00Z,8.51,7.51,0,14.5,-5.99,14.5,13.5,Oil or foreign substance in casing,Unknown,Water level accuracy is unknown,1,Department of Water Resources,NA,323,Sacramento County,NA,NA,NA,10437,08N04E36L001M,SCGA #10,Unknown,Unknown,5-021.65,South American,Sacramento,172,Residential,Single Well,215,1965-03-19 - 2020-04-15,105
10437,385021N1214948W001,1291298,2008-04-22T00:00:00Z,8.51,7.51,0,13.6,-5.09,13.6,12.6,Oil or foreign substance in casing,Unknown,Water level accuracy is unknown,1,Department of Water Resources,NA,323,Sacramento County,NA,NA,NA,10437,08N04E36L001M,SCGA #10,Unknown,Unknown,5-021.65,South American,Sacramento,172,Residential,Single Well,215,1965-03-19 - 2020-04-15,105
10437,385021N1214948W001,1291297,2007-10-26T00:00:00Z,8.51,7.51,0,15.1,-6.59,15.1,14.1,Oil or foreign substance in casing,Unknown,Water level accuracy is unknown,1,Department of Water Resources,NA,323,Sacramento County,NA,NA,NA,10437,08N04E36L001M,SCGA #10,Unknown,Unknown,5-021.65,South American,Sacramento,172,Residential,Single Well,215,1965-03-19 - 2020-04-15,105
10437,385021N1214948W001,1291296,2007-04-25T00:00:00Z,8.51,7.51,0,12.6,-4.09,12.6,11.6,Oil or foreign substance in casing,Unknown,Water level accuracy is unknown,1,Department of Water Resources,NA,323,Sacramento County,NA,NA,NA,10437,08N04E36L001M,SCGA #10,Unknown,Unknown,5-021.65,South American,Sacramento,172,Residential,Single Well,215,1965-03-19 - 2020-04-15,105
10437,385021N1214948W001,1291295,2006-10-13T00:00:00Z,8.51,7.51,0,15,-6.49,15,14,Oil or foreign substance in casing,Unknown,Water level accuracy is unknown,1,Department of Water Resources,NA,323,Sacramento County,NA,NA,NA,10437,08N04E36L001M,SCGA #10,Unknown,Unknown,5-021.65,South American,Sacramento,172,Residential,Single Well,215,1965-03-19 - 2020-04-15,105
10437,385021N1214948W001,1291294,2006-05-05T00:00:00Z,8.51,7.51,0,10.8,-2.29,10.8,9.8,Oil or foreign substance in casing,Unknown,Water level accuracy is unknown,1,Department of Water Resources,NA,323,Sacramento County,NA,NA,NA,10437,08N04E36L001M,SCGA #10,Unknown,Unknown,5-021.65,South American,Sacramento,172,Residential,Single Well,215,1965-03-19 - 2020-04-15,105
10437,385021N1214948W001,1291293,2005-10-25T00:00:00Z,8.51,7.51,0,17.9,-9.39,17.9,16.9,Oil or foreign substance in casing,Unknown,Water level accuracy is unknown,1,Department of Water Resources,NA,323,Sacramento County,NA,NA,NA,10437,08N04E36L001M,SCGA #10,Unknown,Unknown,5-021.65,South American,Sacramento,172,Residential,Single Well,215,1965-03-19 - 2020-04-15,105
10437,385021N1214948W001,1291292,2005-04-22T00:00:00Z,8.51,7.51,0,13.4,-4.89,13.4,12.4,Oil or foreign substance in casing,Unknown,Water level accuracy is unknown,1,Department of Water Resources,NA,323,Sacramento County,NA,NA,NA,10437,08N04E36L001M,SCGA #10,Unknown,Unknown,5-021.65,South American,Sacramento,172,Residential,Single Well,215,1965-03-19 - 2020-04-15,105
10437,385021N1214948W001,1291291,2004-10-22T00:00:00Z,8.51,7.51,0,17.3,-8.79,17.3,16.3,Oil or foreign substance in casing,Unknown,Water level accuracy is unknown,1,Department of Water Resources,NA,323,Sacramento County,NA,NA,NA,10437,08N04E36L001M,SCGA #10,Unknown,Unknown,5-021.65,South American,Sacramento,172,Residential,Single Well,215,1965-03-19 - 2020-04-15,105
10437,385021N1214948W001,1291290,2004-03-31T00:00:00Z,8.51,7.51,0,15.4,-6.89,15.4,14.4,Oil or foreign substance in casing,Unknown,Water level accuracy is unknown,1,Department of Water Resources,NA,323,Sacramento County,NA,NA,NA,10437,08N04E36L001M,SCGA #10,Unknown,Unknown,5-021.65,South American,Sacramento,172,Residential,Single Well,215,1965-03-19 - 2020-04-15,105
10437,385021N1214948W001,1291289,2003-10-24T00:00:00Z,8.51,7.51,0,16.5,-7.99,16.5,15.5,Oil or foreign substance in casing,Unknown,Water level accuracy is unknown,1,Department of Water Resources,NA,323,Sacramento County,NA,NA,NA,10437,08N04E36L001M,SCGA #10,Unknown,Unknown,5-021.65,South American,Sacramento,172,Residential,Single Well,215,1965-03-19 - 2020-04-15,105
10437,385021N1214948W001,1291283,2003-04-30T00:00:00Z,8.51,7.51,0,14.3,-5.79,14.3,13.3,Oil or foreign substance in casing,Unknown,Water level accuracy is unknown,1,Department of Water Resources,NA,323,Sacramento County,NA,NA,NA,10437,08N04E36L001M,SCGA #10,Unknown,Unknown,5-021.65,South American,Sacramento,172,Residential,Single Well,215,1965-03-19 - 2020-04-15,105
10437,385021N1214948W001,1291285,2002-11-04T00:00:00Z,8.51,7.51,0,15.3,-6.79,15.3,14.3,NA,Unknown,Water level accuracy is unknown,1,Department of Water Resources,NA,323,Sacramento County,NA,NA,NA,10437,08N04E36L001M,SCGA #10,Unknown,Unknown,5-021.65,South American,Sacramento,172,Residential,Single Well,215,1965-03-19 - 2020-04-15,105
10437,385021N1214948W001,1291287,2002-05-24T00:00:00Z,8.51,7.51,0,14.1,-5.59,14.1,13.1,Oil or foreign substance in casing,Unknown,Water level accuracy is unknown,1,Department of Water Resources,NA,323,Sacramento County,NA,NA,NA,10437,08N04E36L001M,SCGA #10,Unknown,Unknown,5-021.65,South American,Sacramento,172,Residential,Single Well,215,1965-03-19 - 2020-04-15,105
10437,385021N1214948W001,1291284,2001-09-27T00:00:00Z,8.51,7.51,0,16.2,-7.69,16.2,15.2,Oil or foreign substance in casing,Unknown,Water level accuracy is unknown,1,Department of Water Resources,NA,323,Sacramento County,NA,NA,NA,10437,08N04E36L001M,SCGA #10,Unknown,Unknown,5-021.65,South American,Sacramento,172,Residential,Single Well,215,1965-03-19 - 2020-04-15,105
10437,385021N1214948W001,1291286,2001-04-17T00:00:00Z,8.51,7.51,0,12,-3.49,12,11,Oil or foreign substance in casing,Unknown,Water level accuracy is unknown,1,Department of Water Resources,NA,323,Sacramento County,NA,NA,NA,10437,08N04E36L001M,SCGA #10,Unknown,Unknown,5-021.65,South American,Sacramento,172,Residential,Single Well,215,1965-03-19 - 2020-04-15,105
10437,385021N1214948W001,1291288,2000-09-28T00:00:00Z,8.51,7.51,0,15.4,-6.89,15.4,14.4,Oil or foreign substance in casing,Unknown,Water level accuracy is unknown,1,Department of Water Resources,NA,323,Sacramento County,NA,NA,NA,10437,08N04E36L001M,SCGA #10,Unknown,Unknown,5-021.65,South American,Sacramento,172,Residential,Single Well,215,1965-03-19 - 2020-04-15,105
10437,385021N1214948W001,1291279,2000-04-21T00:00:00Z,8.51,7.51,0,21.2,-12.69,21.2,20.2,NA,Unknown,Water level accuracy is unknown,1,Department of Water Resources,NA,323,Sacramento County,NA,NA,NA,10437,08N04E36L001M,SCGA #10,Unknown,Unknown,5-021.65,South American,Sacramento,172,Residential,Single Well,215,1965-03-19 - 2020-04-15,105
10437,385021N1214948W001,1291277,1999-10-13T00:00:00Z,8.51,7.51,0,19.9,-11.39,19.9,18.9,Oil or foreign substance in casing,Unknown,Water level accuracy is unknown,1,Department of Water Resources,NA,323,Sacramento County,NA,NA,NA,10437,08N04E36L001M,SCGA #10,Unknown,Unknown,5-021.65,South American,Sacramento,172,Residential,Single Well,215,1965-03-19 - 2020-04-15,105
10437,385021N1214948W001,1291278,1999-04-14T00:00:00Z,8.51,7.51,0,15.9,-7.39,15.9,14.9,Oil or foreign substance in casing,Unknown,Water level accuracy is unknown,1,Department of Water Resources,NA,323,Sacramento County,NA,NA,NA,10437,08N04E36L001M,SCGA #10,Unknown,Unknown,5-021.65,South American,Sacramento,172,Residential,Single Well,215,1965-03-19 - 2020-04-15,105
10437,385021N1214948W001,1291217,1998-10-05T00:00:00Z,8.51,7.51,0,16.6,-8.09,16.6,15.6,Oil or foreign substance in casing,Unknown,Water level accuracy is unknown,1,Department of Water Resources,NA,323,Sacramento County,NA,NA,NA,10437,08N04E36L001M,SCGA #10,Unknown,Unknown,5-021.65,South American,Sacramento,172,Residential,Single Well,215,1965-03-19 - 2020-04-15,105
10437,385021N1214948W001,1291282,1998-04-07T00:00:00Z,8.51,7.51,0,14.1,-5.59,14.1,13.1,Oil or foreign substance in casing,Unknown,Water level accuracy is unknown,1,Department of Water Resources,OIL TO THICK FOR PROBE TO PENETRATE,323,Sacramento County,NA,NA,NA,10437,08N04E36L001M,SCGA #10,Unknown,Unknown,5-021.65,South American,Sacramento,172,Residential,Single Well,215,1965-03-19 - 2020-04-15,105
10437,385021N1214948W001,1291280,1997-10-21T00:00:00Z,8.51,7.51,0,18.5,-9.99,18.5,17.5,Oil or foreign substance in casing,Unknown,Water level accuracy is unknown,1,Department of Water Resources,OIL TOO THICK FOR PROBE TO PENETRATE,323,Sacramento County,NA,NA,NA,10437,08N04E36L001M,SCGA #10,Unknown,Unknown,5-021.65,South American,Sacramento,172,Residential,Single Well,215,1965-03-19 - 2020-04-15,105
10437,385021N1214948W001,1291281,1997-04-01T00:00:00Z,8.51,7.51,0,19,-10.49,19,18,Oil or foreign substance in casing,Unknown,Water level accuracy is unknown,1,Department of Water Resources,OIL TOO THICK FOR PROBE TO PENETRATE,323,Sacramento County,NA,NA,NA,10437,08N04E36L001M,SCGA #10,Unknown,Unknown,5-021.65,South American,Sacramento,172,Residential,Single Well,215,1965-03-19 - 2020-04-15,105
10437,385021N1214948W001,1291276,1996-10-11T00:00:00Z,8.51,7.51,0,20.3,-11.79,20.3,19.3,Oil or foreign substance in casing,Unknown,Water level accuracy is unknown,1,Department of Water Resources,NA,323,Sacramento County,NA,NA,NA,10437,08N04E36L001M,SCGA #10,Unknown,Unknown,5-021.65,South American,Sacramento,172,Residential,Single Well,215,1965-03-19 - 2020-04-15,105
10437,385021N1214948W001,1291275,1996-04-02T00:00:00Z,8.51,7.51,0,15.6,-7.09,15.6,14.6,Oil or foreign substance in casing,Unknown,Water level accuracy is unknown,1,Department of Water Resources,OIL TOO THICK FOR PROBE TO PENETRATE,323,Sacramento County,NA,NA,NA,10437,08N04E36L001M,SCGA #10,Unknown,Unknown,5-021.65,South American,Sacramento,172,Residential,Single Well,215,1965-03-19 - 2020-04-15,105
10437,385021N1214948W001,1291274,1995-10-03T00:00:00Z,8.51,7.51,0,27,-18.49,27,26,Oil or foreign substance in casing,Unknown,Water level accuracy is unknown,1,Department of Water Resources,NA,323,Sacramento County,NA,NA,NA,10437,08N04E36L001M,SCGA #10,Unknown,Unknown,5-021.65,South American,Sacramento,172,Residential,Single Well,215,1965-03-19 - 2020-04-15,105
10437,385021N1214948W001,1291273,1995-04-11T00:00:00Z,8.51,7.51,0,19.4,-10.89,19.4,18.4,Oil or foreign substance in casing,Unknown,Water level accuracy is unknown,1,Department of Water Resources,NA,323,Sacramento County,NA,NA,NA,10437,08N04E36L001M,SCGA #10,Unknown,Unknown,5-021.65,South American,Sacramento,172,Residential,Single Well,215,1965-03-19 - 2020-04-15,105
10437,385021N1214948W001,1291272,1994-10-28T00:00:00Z,8.51,7.51,0,21.6,-13.09,21.6,20.6,Oil or foreign substance in casing,Unknown,Water level accuracy is unknown,1,Department of Water Resources,NA,323,Sacramento County,NA,NA,NA,10437,08N04E36L001M,SCGA #10,Unknown,Unknown,5-021.65,South American,Sacramento,172,Residential,Single Well,215,1965-03-19 - 2020-04-15,105
10437,385021N1214948W001,1291271,1994-03-30T00:00:00Z,8.51,7.51,0,23.4,-14.89,23.4,22.4,Oil or foreign substance in casing,Unknown,Water level accuracy is unknown,1,Department of Water Resources,NA,323,Sacramento County,NA,NA,NA,10437,08N04E36L001M,SCGA #10,Unknown,Unknown,5-021.65,South American,Sacramento,172,Residential,Single Well,215,1965-03-19 - 2020-04-15,105
10437,385021N1214948W001,1291270,1993-09-30T00:00:00Z,8.51,7.51,0,23.4,-14.89,23.4,22.4,Oil or foreign substance in casing,Unknown,Water level accuracy is unknown,1,Department of Water Resources,NA,323,Sacramento County,NA,NA,NA,10437,08N04E36L001M,SCGA #10,Unknown,Unknown,5-021.65,South American,Sacramento,172,Residential,Single Well,215,1965-03-19 - 2020-04-15,105
10437,385021N1214948W001,1291269,1993-03-11T00:00:00Z,8.51,7.51,0,22.2,-13.69,22.2,21.2,Oil or foreign substance in casing,Unknown,Water level accuracy is unknown,1,Department of Water Resources,NA,323,Sacramento County,NA,NA,NA,10437,08N04E36L001M,SCGA #10,Unknown,Unknown,5-021.65,South American,Sacramento,172,Residential,Single Well,215,1965-03-19 - 2020-04-15,105
10437,385021N1214948W001,1291268,1992-10-05T00:00:00Z,8.51,7.51,0,26.5,-17.99,26.5,25.5,Oil or foreign substance in casing,Unknown,Water level accuracy is unknown,1,Department of Water Resources,NA,323,Sacramento County,NA,NA,NA,10437,08N04E36L001M,SCGA #10,Unknown,Unknown,5-021.65,South American,Sacramento,172,Residential,Single Well,215,1965-03-19 - 2020-04-15,105
10437,385021N1214948W001,1291267,1992-04-01T00:00:00Z,8.51,7.51,0,24.4,-15.89,24.4,23.4,Oil or foreign substance in casing,Unknown,Water level accuracy is unknown,1,Department of Water Resources,NA,323,Sacramento County,NA,NA,NA,10437,08N04E36L001M,SCGA #10,Unknown,Unknown,5-021.65,South American,Sacramento,172,Residential,Single Well,215,1965-03-19 - 2020-04-15,105
10437,385021N1214948W001,1291266,1991-10-08T00:00:00Z,8.51,7.51,0,25.3,-16.79,25.3,24.3,Oil or foreign substance in casing,Unknown,Water level accuracy is unknown,1,Department of Water Resources,NA,323,Sacramento County,NA,NA,NA,10437,08N04E36L001M,SCGA #10,Unknown,Unknown,5-021.65,South American,Sacramento,172,Residential,Single Well,215,1965-03-19 - 2020-04-15,105
10437,385021N1214948W001,1291265,1991-02-19T00:00:00Z,8.51,7.51,0,26.3,-17.79,26.3,25.3,NA,Unknown,Water level accuracy is unknown,1,Department of Water Resources,NA,323,Sacramento County,NA,NA,NA,10437,08N04E36L001M,SCGA #10,Unknown,Unknown,5-021.65,South American,Sacramento,172,Residential,Single Well,215,1965-03-19 - 2020-04-15,105
10437,385021N1214948W001,1291264,1990-10-03T00:00:00Z,8.51,7.51,0,26.4,-17.89,26.4,25.4,Oil or foreign substance in casing,Unknown,Water level accuracy is unknown,1,Department of Water Resources,OIL,323,Sacramento County,NA,NA,NA,10437,08N04E36L001M,SCGA #10,Unknown,Unknown,5-021.65,South American,Sacramento,172,Residential,Single Well,215,1965-03-19 - 2020-04-15,105
10437,385021N1214948W001,1291263,1990-05-02T00:00:00Z,8.51,7.51,0,25.6,-17.09,25.6,24.6,NA,Unknown,Water level accuracy is unknown,1,Department of Water Resources,NA,323,Sacramento County,NA,NA,NA,10437,08N04E36L001M,SCGA #10,Unknown,Unknown,5-021.65,South American,Sacramento,172,Residential,Single Well,215,1965-03-19 - 2020-04-15,105
10437,385021N1214948W001,1291262,1988-03-14T00:00:00Z,8.51,7.51,0,20.2,-11.69,20.2,19.2,NA,Unknown,Water level accuracy is unknown,1,Department of Water Resources,NA,323,Sacramento County,NA,NA,NA,10437,08N04E36L001M,SCGA #10,Unknown,Unknown,5-021.65,South American,Sacramento,172,Residential,Single Well,215,1965-03-19 - 2020-04-15,105
10437,385021N1214948W001,1291261,1987-10-05T00:00:00Z,8.51,7.51,0,30.4,-21.89,30.4,29.4,NA,Unknown,Water level accuracy is unknown,1,Department of Water Resources,NA,323,Sacramento County,NA,NA,NA,10437,08N04E36L001M,SCGA #10,Unknown,Unknown,5-021.65,South American,Sacramento,172,Residential,Single Well,215,1965-03-19 - 2020-04-15,105
10437,385021N1214948W001,1291260,1987-03-16T00:00:00Z,8.51,7.51,0,23,-14.49,23,22,NA,Unknown,Water level accuracy is unknown,1,Department of Water Resources,NA,323,Sacramento County,NA,NA,NA,10437,08N04E36L001M,SCGA #10,Unknown,Unknown,5-021.65,South American,Sacramento,172,Residential,Single Well,215,1965-03-19 - 2020-04-15,105
10437,385021N1214948W001,1291259,1986-10-06T00:00:00Z,8.51,7.51,0,23.2,-14.69,23.2,22.2,NA,Unknown,Water level accuracy is unknown,1,Department of Water Resources,NA,323,Sacramento County,NA,NA,NA,10437,08N04E36L001M,SCGA #10,Unknown,Unknown,5-021.65,South American,Sacramento,172,Residential,Single Well,215,1965-03-19 - 2020-04-15,105
10437,385021N1214948W001,1291258,1986-03-17T00:00:00Z,8.51,7.51,0,22.8,-14.29,22.8,21.8,NA,Unknown,Water level accuracy is unknown,1,Department of Water Resources,NA,323,Sacramento County,NA,NA,NA,10437,08N04E36L001M,SCGA #10,Unknown,Unknown,5-021.65,South American,Sacramento,172,Residential,Single Well,215,1965-03-19 - 2020-04-15,105
10437,385021N1214948W001,1291257,1985-10-15T00:00:00Z,8.51,7.51,0,24,-15.49,24,23,NA,Unknown,Water level accuracy is unknown,1,Department of Water Resources,NA,323,Sacramento County,NA,NA,NA,10437,08N04E36L001M,SCGA #10,Unknown,Unknown,5-021.65,South American,Sacramento,172,Residential,Single Well,215,1965-03-19 - 2020-04-15,105
10437,385021N1214948W001,1291256,1985-03-14T00:00:00Z,8.51,7.51,0,19.6,-11.09,19.6,18.6,NA,Unknown,Water level accuracy is unknown,1,Department of Water Resources,NA,323,Sacramento County,NA,NA,NA,10437,08N04E36L001M,SCGA #10,Unknown,Unknown,5-021.65,South American,Sacramento,172,Residential,Single Well,215,1965-03-19 - 2020-04-15,105
10437,385021N1214948W001,1291255,1984-10-12T00:00:00Z,8.51,7.51,0,20.8,-12.29,20.8,19.8,NA,Unknown,Water level accuracy is unknown,1,Department of Water Resources,NA,323,Sacramento County,NA,NA,NA,10437,08N04E36L001M,SCGA #10,Unknown,Unknown,5-021.65,South American,Sacramento,172,Residential,Single Well,215,1965-03-19 - 2020-04-15,105
10437,385021N1214948W001,1291254,1984-03-06T00:00:00Z,8.51,7.51,0,17.7,-9.19,17.7,16.7,NA,Unknown,Water level accuracy is unknown,1,Department of Water Resources,NA,323,Sacramento County,NA,NA,NA,10437,08N04E36L001M,SCGA #10,Unknown,Unknown,5-021.65,South American,Sacramento,172,Residential,Single Well,215,1965-03-19 - 2020-04-15,105
10437,385021N1214948W001,1291253,1983-10-04T00:00:00Z,8.51,7.51,0,19.5,-10.99,19.5,18.5,NA,Unknown,Water level accuracy is unknown,1,Department of Water Resources,NA,323,Sacramento County,NA,NA,NA,10437,08N04E36L001M,SCGA #10,Unknown,Unknown,5-021.65,South American,Sacramento,172,Residential,Single Well,215,1965-03-19 - 2020-04-15,105
10437,385021N1214948W001,1291252,1983-03-16T00:00:00Z,8.51,7.51,0,19.3,-10.79,19.3,18.3,NA,Unknown,Water level accuracy is unknown,1,Department of Water Resources,NA,323,Sacramento County,NA,NA,NA,10437,08N04E36L001M,SCGA #10,Unknown,Unknown,5-021.65,South American,Sacramento,172,Residential,Single Well,215,1965-03-19 - 2020-04-15,105
10437,385021N1214948W001,1291251,1982-10-27T00:00:00Z,8.51,7.51,0,24,-15.49,24,23,NA,Unknown,Water level accuracy is unknown,1,Department of Water Resources,NA,323,Sacramento County,NA,NA,NA,10437,08N04E36L001M,SCGA #10,Unknown,Unknown,5-021.65,South American,Sacramento,172,Residential,Single Well,215,1965-03-19 - 2020-04-15,105
10437,385021N1214948W001,1291250,1981-10-14T00:00:00Z,8.51,7.51,0,30.2,-21.69,30.2,29.2,NA,Unknown,Water level accuracy is unknown,1,Department of Water Resources,NA,323,Sacramento County,NA,NA,NA,10437,08N04E36L001M,SCGA #10,Unknown,Unknown,5-021.65,South American,Sacramento,172,Residential,Single Well,215,1965-03-19 - 2020-04-15,105
10437,385021N1214948W001,1291249,1981-03-09T00:00:00Z,8.51,7.51,0,29.4,-20.89,29.4,28.4,NA,Unknown,Water level accuracy is unknown,1,Department of Water Resources,NA,323,Sacramento County,NA,NA,NA,10437,08N04E36L001M,SCGA #10,Unknown,Unknown,5-021.65,South American,Sacramento,172,Residential,Single Well,215,1965-03-19 - 2020-04-15,105
10437,385021N1214948W001,1291248,1980-10-01T00:00:00Z,8.51,7.51,0,28,-19.49,28,27,NA,Unknown,Water level accuracy is unknown,1,Department of Water Resources,NA,323,Sacramento County,NA,NA,NA,10437,08N04E36L001M,SCGA #10,Unknown,Unknown,5-021.65,South American,Sacramento,172,Residential,Single Well,215,1965-03-19 - 2020-04-15,105
10437,385021N1214948W001,1291247,1980-03-10T00:00:00Z,8.51,7.51,0,26.6,-18.09,26.6,25.6,NA,Unknown,Water level accuracy is unknown,1,Department of Water Resources,NA,323,Sacramento County,NA,NA,NA,10437,08N04E36L001M,SCGA #10,Unknown,Unknown,5-021.65,South American,Sacramento,172,Residential,Single Well,215,1965-03-19 - 2020-04-15,105
10437,385021N1214948W001,1291246,1979-10-01T00:00:00Z,8.51,7.51,0,28.6,-20.09,28.6,27.6,NA,Unknown,Water level accuracy is unknown,1,Department of Water Resources,NA,323,Sacramento County,NA,NA,NA,10437,08N04E36L001M,SCGA #10,Unknown,Unknown,5-021.65,South American,Sacramento,172,Residential,Single Well,215,1965-03-19 - 2020-04-15,105
10437,385021N1214948W001,1291245,1979-03-12T00:00:00Z,8.51,7.51,0,25.6,-17.09,25.6,24.6,NA,Unknown,Water level accuracy is unknown,1,Department of Water Resources,NA,323,Sacramento County,NA,NA,NA,10437,08N04E36L001M,SCGA #10,Unknown,Unknown,5-021.65,South American,Sacramento,172,Residential,Single Well,215,1965-03-19 - 2020-04-15,105
10437,385021N1214948W001,1291244,1978-10-17T00:00:00Z,8.51,7.51,0,28.6,-20.09,28.6,27.6,NA,Unknown,Water level accuracy is unknown,1,Department of Water Resources,NA,323,Sacramento County,NA,NA,NA,10437,08N04E36L001M,SCGA #10,Unknown,Unknown,5-021.65,South American,Sacramento,172,Residential,Single Well,215,1965-03-19 - 2020-04-15,105
10437,385021N1214948W001,1291243,1978-03-13T00:00:00Z,8.51,7.51,0,28.5,-19.99,28.5,27.5,NA,Unknown,Water level accuracy is unknown,1,Department of Water Resources,NA,323,Sacramento County,NA,NA,NA,10437,08N04E36L001M,SCGA #10,Unknown,Unknown,5-021.65,South American,Sacramento,172,Residential,Single Well,215,1965-03-19 - 2020-04-15,105
10437,385021N1214948W001,1291242,1977-10-03T00:00:00Z,8.51,7.51,0,29.5,-20.99,29.5,28.5,NA,Unknown,Water level accuracy is unknown,1,Department of Water Resources,NA,323,Sacramento County,NA,NA,NA,10437,08N04E36L001M,SCGA #10,Unknown,Unknown,5-021.65,South American,Sacramento,172,Residential,Single Well,215,1965-03-19 - 2020-04-15,105
10437,385021N1214948W001,1291240,1976-10-06T00:00:00Z,8.51,7.51,0,27.4,-18.89,27.4,26.4,NA,Unknown,Water level accuracy is unknown,1,Department of Water Resources,NA,323,Sacramento County,NA,NA,NA,10437,08N04E36L001M,SCGA #10,Unknown,Unknown,5-021.65,South American,Sacramento,172,Residential,Single Well,215,1965-03-19 - 2020-04-15,105
10437,385021N1214948W001,1291239,1976-03-02T00:00:00Z,8.51,7.51,0,27.6,-19.09,27.6,26.6,NA,Unknown,Water level accuracy is unknown,1,Department of Water Resources,NA,323,Sacramento County,NA,NA,NA,10437,08N04E36L001M,SCGA #10,Unknown,Unknown,5-021.65,South American,Sacramento,172,Residential,Single Well,215,1965-03-19 - 2020-04-15,105
10437,385021N1214948W001,1291238,1975-10-06T00:00:00Z,8.51,7.51,0,25,-16.49,25,24,NA,Unknown,Water level accuracy is unknown,1,Department of Water Resources,NA,323,Sacramento County,NA,NA,NA,10437,08N04E36L001M,SCGA #10,Unknown,Unknown,5-021.65,South American,Sacramento,172,Residential,Single Well,215,1965-03-19 - 2020-04-15,105
10437,385021N1214948W001,1291237,1975-03-05T00:00:00Z,8.51,7.51,0,24,-15.49,24,23,NA,Unknown,Water level accuracy is unknown,1,Department of Water Resources,NA,323,Sacramento County,NA,NA,NA,10437,08N04E36L001M,SCGA #10,Unknown,Unknown,5-021.65,South American,Sacramento,172,Residential,Single Well,215,1965-03-19 - 2020-04-15,105
10437,385021N1214948W001,1291236,1974-10-03T00:00:00Z,8.51,7.51,0,24,-15.49,24,23,NA,Unknown,Water level accuracy is unknown,1,Department of Water Resources,NA,323,Sacramento County,NA,NA,NA,10437,08N04E36L001M,SCGA #10,Unknown,Unknown,5-021.65,South American,Sacramento,172,Residential,Single Well,215,1965-03-19 - 2020-04-15,105
10437,385021N1214948W001,1291235,1974-03-04T00:00:00Z,8.51,7.51,0,22,-13.49,22,21,NA,Unknown,Water level accuracy is unknown,1,Department of Water Resources,NA,323,Sacramento County,NA,NA,NA,10437,08N04E36L001M,SCGA #10,Unknown,Unknown,5-021.65,South American,Sacramento,172,Residential,Single Well,215,1965-03-19 - 2020-04-15,105
10437,385021N1214948W001,1291234,1973-10-02T00:00:00Z,8.51,7.51,0,25,-16.49,25,24,NA,Unknown,Water level accuracy is unknown,1,Department of Water Resources,NA,323,Sacramento County,NA,NA,NA,10437,08N04E36L001M,SCGA #10,Unknown,Unknown,5-021.65,South American,Sacramento,172,Residential,Single Well,215,1965-03-19 - 2020-04-15,105
10437,385021N1214948W001,1291233,1973-03-07T00:00:00Z,8.51,7.51,0,14,-5.49,14,13,NA,Unknown,Water level accuracy is unknown,1,Department of Water Resources,NA,323,Sacramento County,NA,NA,NA,10437,08N04E36L001M,SCGA #10,Unknown,Unknown,5-021.65,South American,Sacramento,172,Residential,Single Well,215,1965-03-19 - 2020-04-15,105
10437,385021N1214948W001,1291232,1972-10-10T00:00:00Z,8.51,7.51,0,25.4,-16.89,25.4,24.4,NA,Unknown,Water level accuracy is unknown,1,Department of Water Resources,NA,323,Sacramento County,NA,NA,NA,10437,08N04E36L001M,SCGA #10,Unknown,Unknown,5-021.65,South American,Sacramento,172,Residential,Single Well,215,1965-03-19 - 2020-04-15,105
10437,385021N1214948W001,1291231,1972-03-06T00:00:00Z,8.51,7.51,0,22.8,-14.29,22.8,21.8,NA,Unknown,Water level accuracy is unknown,1,Department of Water Resources,NA,323,Sacramento County,NA,NA,NA,10437,08N04E36L001M,SCGA #10,Unknown,Unknown,5-021.65,South American,Sacramento,172,Residential,Single Well,215,1965-03-19 - 2020-04-15,105
10437,385021N1214948W001,1291230,1971-10-04T00:00:00Z,8.51,7.51,0,24.2,-15.69,24.2,23.2,NA,Unknown,Water level accuracy is unknown,1,Department of Water Resources,NA,323,Sacramento County,NA,NA,NA,10437,08N04E36L001M,SCGA #10,Unknown,Unknown,5-021.65,South American,Sacramento,172,Residential,Single Well,215,1965-03-19 - 2020-04-15,105
10437,385021N1214948W001,1291229,1971-03-17T00:00:00Z,8.51,7.51,0,19.6,-11.09,19.6,18.6,NA,Unknown,Water level accuracy is unknown,1,Department of Water Resources,NA,323,Sacramento County,NA,NA,NA,10437,08N04E36L001M,SCGA #10,Unknown,Unknown,5-021.65,South American,Sacramento,172,Residential,Single Well,215,1965-03-19 - 2020-04-15,105
10437,385021N1214948W001,1291228,1970-10-07T00:00:00Z,8.51,7.51,0,23.2,-14.69,23.2,22.2,NA,Unknown,Water level accuracy is unknown,1,Department of Water Resources,NA,323,Sacramento County,NA,NA,NA,10437,08N04E36L001M,SCGA #10,Unknown,Unknown,5-021.65,South American,Sacramento,172,Residential,Single Well,215,1965-03-19 - 2020-04-15,105
10437,385021N1214948W001,1291227,1970-04-06T00:00:00Z,8.51,7.51,0,22.1,-13.59,22.1,21.1,NA,Unknown,Water level accuracy is unknown,1,Department of Water Resources,NA,323,Sacramento County,NA,NA,NA,10437,08N04E36L001M,SCGA #10,Unknown,Unknown,5-021.65,South American,Sacramento,172,Residential,Single Well,215,1965-03-19 - 2020-04-15,105
10437,385021N1214948W001,1291226,1969-03-24T00:00:00Z,8.51,7.51,0,19.9,-11.39,19.9,18.9,NA,Unknown,Water level accuracy is unknown,1,Department of Water Resources,NA,323,Sacramento County,NA,NA,NA,10437,08N04E36L001M,SCGA #10,Unknown,Unknown,5-021.65,South American,Sacramento,172,Residential,Single Well,215,1965-03-19 - 2020-04-15,105
10437,385021N1214948W001,1291225,1968-10-08T00:00:00Z,8.51,7.51,0,24.8,-16.29,24.8,23.8,NA,Unknown,Water level accuracy is unknown,1,Department of Water Resources,NA,323,Sacramento County,NA,NA,NA,10437,08N04E36L001M,SCGA #10,Unknown,Unknown,5-021.65,South American,Sacramento,172,Residential,Single Well,215,1965-03-19 - 2020-04-15,105
10437,385021N1214948W001,1291224,1968-03-04T00:00:00Z,8.51,7.51,0,22.7,-14.19,22.7,21.7,NA,Unknown,Water level accuracy is unknown,1,Department of Water Resources,NA,323,Sacramento County,NA,NA,NA,10437,08N04E36L001M,SCGA #10,Unknown,Unknown,5-021.65,South American,Sacramento,172,Residential,Single Well,215,1965-03-19 - 2020-04-15,105
10437,385021N1214948W001,1291223,1967-10-09T00:00:00Z,8.51,7.51,0,23.5,-14.99,23.5,22.5,NA,Unknown,Water level accuracy is unknown,1,Department of Water Resources,NA,323,Sacramento County,NA,NA,NA,10437,08N04E36L001M,SCGA #10,Unknown,Unknown,5-021.65,South American,Sacramento,172,Residential,Single Well,215,1965-03-19 - 2020-04-15,105
10437,385021N1214948W001,1291222,1967-03-06T00:00:00Z,8.51,7.51,0,23.1,-14.59,23.1,22.1,NA,Unknown,Water level accuracy is unknown,1,Department of Water Resources,NA,323,Sacramento County,NA,NA,NA,10437,08N04E36L001M,SCGA #10,Unknown,Unknown,5-021.65,South American,Sacramento,172,Residential,Single Well,215,1965-03-19 - 2020-04-15,105
10437,385021N1214948W001,1291221,1966-10-04T00:00:00Z,8.51,7.51,0,25.8,-17.29,25.8,24.8,NA,Unknown,Water level accuracy is unknown,1,Department of Water Resources,NA,323,Sacramento County,NA,NA,NA,10437,08N04E36L001M,SCGA #10,Unknown,Unknown,5-021.65,South American,Sacramento,172,Residential,Single Well,215,1965-03-19 - 2020-04-15,105
10437,385021N1214948W001,1291220,1966-03-09T00:00:00Z,8.51,7.51,0,24.7,-16.19,24.7,23.7,NA,Unknown,Water level accuracy is unknown,1,Department of Water Resources,NA,323,Sacramento County,NA,NA,NA,10437,08N04E36L001M,SCGA #10,Unknown,Unknown,5-021.65,South American,Sacramento,172,Residential,Single Well,215,1965-03-19 - 2020-04-15,105
10437,385021N1214948W001,1291219,1965-10-04T00:00:00Z,8.51,7.51,0,25.1,-16.59,25.1,24.1,NA,Unknown,Water level accuracy is unknown,1,Department of Water Resources,NA,323,Sacramento County,NA,NA,NA,10437,08N04E36L001M,SCGA #10,Unknown,Unknown,5-021.65,South American,Sacramento,172,Residential,Single Well,215,1965-03-19 - 2020-04-15,105
10437,385021N1214948W001,1291218,1965-03-19T00:00:00Z,8.51,7.51,0,26.8,-18.29,26.8,25.8,NA,Unknown,Water level accuracy is unknown,1,Department of Water Resources,NA,323,Sacramento County,NA,NA,NA,10437,08N04E36L001M,SCGA #10,Unknown,Unknown,5-021.65,South American,Sacramento,172,Residential,Single Well,215,1965-03-19 - 2020-04-15,105
