STN_ID.x,SITE_CODE,WLM_ID,MSMT_DATE,WLM_RPE,WLM_GSE,RDNG_WS,RDNG_RP,WSE,RPE_WSE,GSE_WSE,WLM_QA_DESC,WLM_DESC,WLM_ACC_DESC,WLM_ORG_ID,WLM_ORG_NAME,MSMT_CMT,COOP_AGENCY_ORG_ID,COOP_ORG_NAME,STN_ID.y,TOP_PRF,BOT_PRF,STN_ID,SWN,WELL_NAME,WLM_METHOD,WLM_ACC,BASIN_CODE,BASIN_NAME,COUNTY_NAME,WELL_DEPTH,WELL_USE,WELL_TYPE,WCR_NO,t_range,n_samples
9286,385112N1213142W001,2482823,2019-10-10T00:00:00Z,78.11,77.41,0,106.7,-28.59,106.7,106,NA,Electric sounder measurement,Water level accuracy to nearest tenth of a foot,5050,Sacramento Central Groundwater Authority,NA,5050,Sacramento Central Groundwater Authority,NA,NA,NA,9286,08N06E27N001M,SCGA #16,Unknown,Unknown,5-021.65,South American,Sacramento,NA,Residential,Single Well,NA,1990-05-03 - 2020-04-15,60
9286,385112N1213142W001,2454916,2019-04-16T00:00:00Z,78.11,77.41,0,103.5,-25.39,103.5,102.8,NA,Electric sounder measurement,Water level accuracy to nearest tenth of a foot,5050,Sacramento Central Groundwater Authority,NA,5050,Sacramento Central Groundwater Authority,NA,NA,NA,9286,08N06E27N001M,SCGA #16,Unknown,Unknown,5-021.65,South American,Sacramento,NA,Residential,Single Well,NA,1990-05-03 - 2020-04-15,60
9286,385112N1213142W001,2413073,2018-10-10T00:00:00Z,78.11,77.41,0,108.2,-30.09,108.2,107.5,NA,Electric sounder measurement,Water level accuracy to nearest tenth of a foot,5050,Sacramento Central Groundwater Authority,NA,5050,Sacramento Central Groundwater Authority,NA,NA,NA,9286,08N06E27N001M,SCGA #16,Unknown,Unknown,5-021.65,South American,Sacramento,NA,Residential,Single Well,NA,1990-05-03 - 2020-04-15,60
9286,385112N1213142W001,2305639,2018-04-12T00:00:00Z,78.11,77.41,0,105.3,-27.19,105.3,104.6,NA,Electric sounder measurement,Water level accuracy to nearest tenth of a foot,5050,Sacramento Central Groundwater Authority,NA,5050,Sacramento Central Groundwater Authority,NA,NA,NA,9286,08N06E27N001M,SCGA #16,Unknown,Unknown,5-021.65,South American,Sacramento,NA,Residential,Single Well,NA,1990-05-03 - 2020-04-15,60
9286,385112N1213142W001,2278911,2017-10-13T00:00:00Z,78.11,77.41,0,111.3,-33.19,111.3,110.6,NA,Electric sounder measurement,Water level accuracy to nearest tenth of a foot,5050,Sacramento Central Groundwater Authority,NA,5050,Sacramento Central Groundwater Authority,NA,NA,NA,9286,08N06E27N001M,SCGA #16,Unknown,Unknown,5-021.65,South American,Sacramento,NA,Residential,Single Well,NA,1990-05-03 - 2020-04-15,60
9286,385112N1213142W001,2253416,2017-04-27T00:00:00Z,78.11,77.41,0,108.7,-30.59,108.7,108,Pumped recently,Electric sounder measurement,Water level accuracy to nearest tenth of a foot,5050,Sacramento Central Groundwater Authority,"Pump rests about 2 minutes between runs.  Attempted several days, same results.",5050,Sacramento Central Groundwater Authority,NA,NA,NA,9286,08N06E27N001M,SCGA #16,Unknown,Unknown,5-021.65,South American,Sacramento,NA,Residential,Single Well,NA,1990-05-03 - 2020-04-15,60
9286,385112N1213142W001,2253415,2016-10-20T00:00:00Z,78.11,77.41,0,114.5,-36.39,114.5,113.8,NA,Electric sounder measurement,Water level accuracy to nearest tenth of a foot,5050,Sacramento Central Groundwater Authority,NA,5050,Sacramento Central Groundwater Authority,NA,NA,NA,9286,08N06E27N001M,SCGA #16,Unknown,Unknown,5-021.65,South American,Sacramento,NA,Residential,Single Well,NA,1990-05-03 - 2020-04-15,60
9286,385112N1213142W001,2205428,2016-05-09T00:00:00Z,78.11,77.41,0,115.1,-36.99,115.1,114.4,NA,Electric sounder measurement,Water level accuracy to nearest tenth of a foot,5050,Sacramento Central Groundwater Authority,NA,5050,Sacramento Central Groundwater Authority,NA,NA,NA,9286,08N06E27N001M,SCGA #16,Unknown,Unknown,5-021.65,South American,Sacramento,NA,Residential,Single Well,NA,1990-05-03 - 2020-04-15,60
9286,385112N1213142W001,2137239,2014-10-20T00:00:00Z,78.11,77.41,0,123.4,-45.29,123.4,122.7,NA,Electric sounder measurement,Water level accuracy to nearest tenth of a foot,5050,Sacramento Central Groundwater Authority,NA,5050,Sacramento Central Groundwater Authority,NA,NA,NA,9286,08N06E27N001M,SCGA #16,Unknown,Unknown,5-021.65,South American,Sacramento,NA,Residential,Single Well,NA,1990-05-03 - 2020-04-15,60
9286,385112N1213142W001,1905137,2014-04-17T00:00:00Z,78.11,77.41,0,114.9,-36.79,114.9,114.2,NA,Electric sounder measurement,Water level accuracy to nearest tenth of a foot,5050,Sacramento Central Groundwater Authority,NA,5050,Sacramento Central Groundwater Authority,NA,NA,NA,9286,08N06E27N001M,SCGA #16,Unknown,Unknown,5-021.65,South American,Sacramento,NA,Residential,Single Well,NA,1990-05-03 - 2020-04-15,60
9286,385112N1213142W001,1704774,2013-04-29T00:00:00Z,78.11,77.41,0,116.8,-38.69,116.8,116.1,NA,Electric sounder measurement,Water level accuracy to nearest tenth of a foot,5050,Sacramento Central Groundwater Authority,NA,5050,Sacramento Central Groundwater Authority,NA,NA,NA,9286,08N06E27N001M,SCGA #16,Unknown,Unknown,5-021.65,South American,Sacramento,NA,Residential,Single Well,NA,1990-05-03 - 2020-04-15,60
9286,385112N1213142W001,1704773,2012-10-30T00:00:00Z,78.11,77.41,0,115.1,-36.99,115.1,114.4,NA,Electric sounder measurement,Water level accuracy to nearest tenth of a foot,5050,Sacramento Central Groundwater Authority,NA,5050,Sacramento Central Groundwater Authority,NA,NA,NA,9286,08N06E27N001M,SCGA #16,Unknown,Unknown,5-021.65,South American,Sacramento,NA,Residential,Single Well,NA,1990-05-03 - 2020-04-15,60
9286,385112N1213142W001,61299,2012-04-19T00:00:00Z,78.11,77.41,0,108.7,-30.59,108.7,108,NA,Electric sounder measurement,Water level accuracy to nearest tenth of a foot,5050,Sacramento Central Groundwater Authority,NA,5050,Sacramento Central Groundwater Authority,NA,NA,NA,9286,08N06E27N001M,SCGA #16,Unknown,Unknown,5-021.65,South American,Sacramento,NA,Residential,Single Well,NA,1990-05-03 - 2020-04-15,60
9286,385112N1213142W001,68592,2011-04-13T00:00:00Z,78.11,77.41,0,109,-30.89,109,108.3,NA,Electric sounder measurement,Water level accuracy to nearest tenth of a foot,5050,Sacramento Central Groundwater Authority,NA,5050,Sacramento Central Groundwater Authority,NA,NA,NA,9286,08N06E27N001M,SCGA #16,Unknown,Unknown,5-021.65,South American,Sacramento,NA,Residential,Single Well,NA,1990-05-03 - 2020-04-15,60
9286,385112N1213142W001,1295435,2010-04-22T00:00:00Z,78.11,77.41,0,108.5,-30.39,108.5,107.8,NA,Unknown,Water level accuracy is unknown,1,Department of Water Resources,FLY INFESTATION IN PUMPHOUSE,323,Sacramento County,NA,NA,NA,9286,08N06E27N001M,SCGA #16,Unknown,Unknown,5-021.65,South American,Sacramento,NA,Residential,Single Well,NA,1990-05-03 - 2020-04-15,60
9286,385112N1213142W001,1295434,2009-10-22T00:00:00Z,78.11,77.41,0,115.4,-37.29,115.4,114.7,NA,Unknown,Water level accuracy is unknown,1,Department of Water Resources,FLY INFESTATION IN PUMPHOUSE,323,Sacramento County,NA,NA,NA,9286,08N06E27N001M,SCGA #16,Unknown,Unknown,5-021.65,South American,Sacramento,NA,Residential,Single Well,NA,1990-05-03 - 2020-04-15,60
9286,385112N1213142W001,1295433,2009-04-28T00:00:00Z,78.11,77.41,0,123.7,-45.59,123.7,123,NA,Unknown,Water level accuracy is unknown,1,Department of Water Resources,NA,323,Sacramento County,NA,NA,NA,9286,08N06E27N001M,SCGA #16,Unknown,Unknown,5-021.65,South American,Sacramento,NA,Residential,Single Well,NA,1990-05-03 - 2020-04-15,60
9286,385112N1213142W001,1295432,2008-10-21T00:00:00Z,78.11,77.41,0,123.4,-45.29,123.4,122.7,NA,Unknown,Water level accuracy is unknown,1,Department of Water Resources,FLY INFESTATION IN PUMPHOUSE,323,Sacramento County,NA,NA,NA,9286,08N06E27N001M,SCGA #16,Unknown,Unknown,5-021.65,South American,Sacramento,NA,Residential,Single Well,NA,1990-05-03 - 2020-04-15,60
9286,385112N1213142W001,1295431,2008-04-22T00:00:00Z,78.11,77.41,0,117.7,-39.59,117.7,117,NA,Unknown,Water level accuracy is unknown,1,Department of Water Resources,NA,323,Sacramento County,NA,NA,NA,9286,08N06E27N001M,SCGA #16,Unknown,Unknown,5-021.65,South American,Sacramento,NA,Residential,Single Well,NA,1990-05-03 - 2020-04-15,60
9286,385112N1213142W001,1295429,2007-04-26T00:00:00Z,78.11,77.41,0,115.3,-37.19,115.3,114.6,NA,Unknown,Water level accuracy is unknown,1,Department of Water Resources,NA,323,Sacramento County,NA,NA,NA,9286,08N06E27N001M,SCGA #16,Unknown,Unknown,5-021.65,South American,Sacramento,NA,Residential,Single Well,NA,1990-05-03 - 2020-04-15,60
9286,385112N1213142W001,1295427,2006-05-05T00:00:00Z,78.11,77.41,0,105.4,-27.29,105.4,104.7,NA,Unknown,Water level accuracy is unknown,1,Department of Water Resources,NA,323,Sacramento County,NA,NA,NA,9286,08N06E27N001M,SCGA #16,Unknown,Unknown,5-021.65,South American,Sacramento,NA,Residential,Single Well,NA,1990-05-03 - 2020-04-15,60
9286,385112N1213142W001,1295426,2005-10-26T00:00:00Z,78.11,77.41,0,121.4,-43.29,121.4,120.7,NA,Unknown,Water level accuracy is unknown,1,Department of Water Resources,NA,323,Sacramento County,NA,NA,NA,9286,08N06E27N001M,SCGA #16,Unknown,Unknown,5-021.65,South American,Sacramento,NA,Residential,Single Well,NA,1990-05-03 - 2020-04-15,60
9286,385112N1213142W001,1295425,2005-04-22T00:00:00Z,78.11,77.41,0,109.3,-31.19,109.3,108.6,NA,Unknown,Water level accuracy is unknown,1,Department of Water Resources,NA,323,Sacramento County,NA,NA,NA,9286,08N06E27N001M,SCGA #16,Unknown,Unknown,5-021.65,South American,Sacramento,NA,Residential,Single Well,NA,1990-05-03 - 2020-04-15,60
9286,385112N1213142W001,1295424,2004-10-27T00:00:00Z,78.11,77.41,0,109.9,-31.79,109.9,109.2,NA,Unknown,Water level accuracy is unknown,1,Department of Water Resources,NA,323,Sacramento County,NA,NA,NA,9286,08N06E27N001M,SCGA #16,Unknown,Unknown,5-021.65,South American,Sacramento,NA,Residential,Single Well,NA,1990-05-03 - 2020-04-15,60
9286,385112N1213142W001,1295423,2004-04-15T00:00:00Z,78.11,77.41,0,113.7,-35.59,113.7,113,NA,Unknown,Water level accuracy is unknown,1,Department of Water Resources,NA,323,Sacramento County,NA,NA,NA,9286,08N06E27N001M,SCGA #16,Unknown,Unknown,5-021.65,South American,Sacramento,NA,Residential,Single Well,NA,1990-05-03 - 2020-04-15,60
9286,385112N1213142W001,1295422,2003-10-31T00:00:00Z,78.11,77.41,0,115,-36.89,115,114.3,NA,Unknown,Water level accuracy is unknown,1,Department of Water Resources,NA,323,Sacramento County,NA,NA,NA,9286,08N06E27N001M,SCGA #16,Unknown,Unknown,5-021.65,South American,Sacramento,NA,Residential,Single Well,NA,1990-05-03 - 2020-04-15,60
9286,385112N1213142W001,1295416,2003-05-01T00:00:00Z,78.11,77.41,0,102,-23.89,102,101.3,NA,Unknown,Water level accuracy is unknown,1,Department of Water Resources,CHANGED GROUND ELEV. FROM 79' TO 75',323,Sacramento County,NA,NA,NA,9286,08N06E27N001M,SCGA #16,Unknown,Unknown,5-021.65,South American,Sacramento,NA,Residential,Single Well,NA,1990-05-03 - 2020-04-15,60
9286,385112N1213142W001,1295418,2002-11-04T00:00:00Z,78.11,77.41,0,109,-30.89,109,108.3,NA,Unknown,Water level accuracy is unknown,1,Department of Water Resources,CHANGED GROUND ELEV. FROM 79' TO 75',323,Sacramento County,NA,NA,NA,9286,08N06E27N001M,SCGA #16,Unknown,Unknown,5-021.65,South American,Sacramento,NA,Residential,Single Well,NA,1990-05-03 - 2020-04-15,60
9286,385112N1213142W001,1295420,2002-05-23T00:00:00Z,78.11,77.41,0,104.8,-26.69,104.8,104.1,NA,Unknown,Water level accuracy is unknown,1,Department of Water Resources,CHANGED GROUND ELEV. FROM 79' TO 75',323,Sacramento County,NA,NA,NA,9286,08N06E27N001M,SCGA #16,Unknown,Unknown,5-021.65,South American,Sacramento,NA,Residential,Single Well,NA,1990-05-03 - 2020-04-15,60
9286,385112N1213142W001,1295417,2001-09-27T00:00:00Z,78.11,77.41,0,119.7,-41.59,119.7,119,NA,Unknown,Water level accuracy is unknown,1,Department of Water Resources,CHANGED GROUND ELEV. FROM 79' TO 75',323,Sacramento County,NA,NA,NA,9286,08N06E27N001M,SCGA #16,Unknown,Unknown,5-021.65,South American,Sacramento,NA,Residential,Single Well,NA,1990-05-03 - 2020-04-15,60
9286,385112N1213142W001,1295419,2001-04-16T00:00:00Z,78.11,77.41,0,102.6,-24.49,102.6,101.9,NA,Unknown,Water level accuracy is unknown,1,Department of Water Resources,CHANGED GROUND ELEV. FROM 79' TO 75',323,Sacramento County,NA,NA,NA,9286,08N06E27N001M,SCGA #16,Unknown,Unknown,5-021.65,South American,Sacramento,NA,Residential,Single Well,NA,1990-05-03 - 2020-04-15,60
9286,385112N1213142W001,1295421,2000-09-25T00:00:00Z,78.11,77.41,0,120.8,-42.69,120.8,120.1,NA,Unknown,Water level accuracy is unknown,1,Department of Water Resources,CHANGED GROUND ELEV FROM 79' TO 75',323,Sacramento County,NA,NA,NA,9286,08N06E27N001M,SCGA #16,Unknown,Unknown,5-021.65,South American,Sacramento,NA,Residential,Single Well,NA,1990-05-03 - 2020-04-15,60
9286,385112N1213142W001,1295414,2000-04-26T00:00:00Z,78.11,77.41,0,107.5,-29.39,107.5,106.8,NA,Unknown,Water level accuracy is unknown,1,Department of Water Resources,Changed Ground Elev. From 79' to 75',323,Sacramento County,NA,NA,NA,9286,08N06E27N001M,SCGA #16,Unknown,Unknown,5-021.65,South American,Sacramento,NA,Residential,Single Well,NA,1990-05-03 - 2020-04-15,60
9286,385112N1213142W001,1295412,1999-10-13T00:00:00Z,78.11,77.41,0,119.3,-41.19,119.3,118.6,NA,Unknown,Water level accuracy is unknown,1,Department of Water Resources,ChangedGroundElev.From79'to75',323,Sacramento County,NA,NA,NA,9286,08N06E27N001M,SCGA #16,Unknown,Unknown,5-021.65,South American,Sacramento,NA,Residential,Single Well,NA,1990-05-03 - 2020-04-15,60
9286,385112N1213142W001,1295413,1999-04-13T00:00:00Z,78.11,77.41,0,99.9,-21.79,99.9,99.2,NA,Unknown,Water level accuracy is unknown,1,Department of Water Resources,ChangedGroundElev.From79'to75',323,Sacramento County,NA,NA,NA,9286,08N06E27N001M,SCGA #16,Unknown,Unknown,5-021.65,South American,Sacramento,NA,Residential,Single Well,NA,1990-05-03 - 2020-04-15,60
9286,385112N1213142W001,1295397,1998-10-07T00:00:00Z,78.11,77.41,0,117.3,-39.19,117.3,116.6,NA,Unknown,Water level accuracy is unknown,1,Department of Water Resources,CHANGED GROUND ELEV. FROM 79' TO 75',323,Sacramento County,NA,NA,NA,9286,08N06E27N001M,SCGA #16,Unknown,Unknown,5-021.65,South American,Sacramento,NA,Residential,Single Well,NA,1990-05-03 - 2020-04-15,60
9286,385112N1213142W001,1295396,1998-04-07T00:00:00Z,78.11,77.41,0,101,-22.89,101,100.3,NA,Unknown,Water level accuracy is unknown,1,Department of Water Resources,CHANGED GROUND ELEV. FROM 79' TO 75',323,Sacramento County,NA,NA,NA,9286,08N06E27N001M,SCGA #16,Unknown,Unknown,5-021.65,South American,Sacramento,NA,Residential,Single Well,NA,1990-05-03 - 2020-04-15,60
9286,385112N1213142W001,1295415,1997-04-03T00:00:00Z,78.11,77.41,0,113.9,-35.79,113.9,113.2,NA,Unknown,Water level accuracy is unknown,1,Department of Water Resources,NA,323,Sacramento County,NA,NA,NA,9286,08N06E27N001M,SCGA #16,Unknown,Unknown,5-021.65,South American,Sacramento,NA,Residential,Single Well,NA,1990-05-03 - 2020-04-15,60
9286,385112N1213142W001,1295411,1996-10-11T00:00:00Z,78.11,77.41,0,119.8,-41.69,119.8,119.1,NA,Unknown,Water level accuracy is unknown,1,Department of Water Resources,NA,323,Sacramento County,NA,NA,NA,9286,08N06E27N001M,SCGA #16,Unknown,Unknown,5-021.65,South American,Sacramento,NA,Residential,Single Well,NA,1990-05-03 - 2020-04-15,60
9286,385112N1213142W001,1295410,1996-04-02T00:00:00Z,78.11,77.41,0,100.8,-22.69,100.8,100.1,NA,Unknown,Water level accuracy is unknown,1,Department of Water Resources,NA,323,Sacramento County,NA,NA,NA,9286,08N06E27N001M,SCGA #16,Unknown,Unknown,5-021.65,South American,Sacramento,NA,Residential,Single Well,NA,1990-05-03 - 2020-04-15,60
9286,385112N1213142W001,1295409,1995-10-05T00:00:00Z,78.11,77.41,0,122.3,-44.19,122.3,121.6,NA,Unknown,Water level accuracy is unknown,1,Department of Water Resources,NA,323,Sacramento County,NA,NA,NA,9286,08N06E27N001M,SCGA #16,Unknown,Unknown,5-021.65,South American,Sacramento,NA,Residential,Single Well,NA,1990-05-03 - 2020-04-15,60
9286,385112N1213142W001,1295408,1995-04-11T00:00:00Z,78.11,77.41,0,100.4,-22.29,100.4,99.7,NA,Unknown,Water level accuracy is unknown,1,Department of Water Resources,NA,323,Sacramento County,NA,NA,NA,9286,08N06E27N001M,SCGA #16,Unknown,Unknown,5-021.65,South American,Sacramento,NA,Residential,Single Well,NA,1990-05-03 - 2020-04-15,60
9286,385112N1213142W001,1295407,1994-10-27T00:00:00Z,78.11,77.41,0,114.3,-36.19,114.3,113.6,NA,Unknown,Water level accuracy is unknown,1,Department of Water Resources,NA,323,Sacramento County,NA,NA,NA,9286,08N06E27N001M,SCGA #16,Unknown,Unknown,5-021.65,South American,Sacramento,NA,Residential,Single Well,NA,1990-05-03 - 2020-04-15,60
9286,385112N1213142W001,1295406,1994-03-31T00:00:00Z,78.11,77.41,0,116.2,-38.09,116.2,115.5,NA,Unknown,Water level accuracy is unknown,1,Department of Water Resources,NA,323,Sacramento County,NA,NA,NA,9286,08N06E27N001M,SCGA #16,Unknown,Unknown,5-021.65,South American,Sacramento,NA,Residential,Single Well,NA,1990-05-03 - 2020-04-15,60
9286,385112N1213142W001,1295405,1993-10-05T00:00:00Z,78.11,77.41,0,116.9,-38.79,116.9,116.2,NA,Unknown,Water level accuracy is unknown,1,Department of Water Resources,NA,323,Sacramento County,NA,NA,NA,9286,08N06E27N001M,SCGA #16,Unknown,Unknown,5-021.65,South American,Sacramento,NA,Residential,Single Well,NA,1990-05-03 - 2020-04-15,60
9286,385112N1213142W001,1295404,1993-03-17T00:00:00Z,78.11,77.41,0,100.4,-22.29,100.4,99.7,NA,Unknown,Water level accuracy is unknown,1,Department of Water Resources,NA,323,Sacramento County,NA,NA,NA,9286,08N06E27N001M,SCGA #16,Unknown,Unknown,5-021.65,South American,Sacramento,NA,Residential,Single Well,NA,1990-05-03 - 2020-04-15,60
9286,385112N1213142W001,1295403,1992-10-07T00:00:00Z,78.11,77.41,0,125.3,-47.19,125.3,124.6,NA,Unknown,Water level accuracy is unknown,1,Department of Water Resources,NA,323,Sacramento County,NA,NA,NA,9286,08N06E27N001M,SCGA #16,Unknown,Unknown,5-021.65,South American,Sacramento,NA,Residential,Single Well,NA,1990-05-03 - 2020-04-15,60
9286,385112N1213142W001,1295402,1992-04-06T00:00:00Z,78.11,77.41,0,122.7,-44.59,122.7,122,NA,Unknown,Water level accuracy is unknown,1,Department of Water Resources,NA,323,Sacramento County,NA,NA,NA,9286,08N06E27N001M,SCGA #16,Unknown,Unknown,5-021.65,South American,Sacramento,NA,Residential,Single Well,NA,1990-05-03 - 2020-04-15,60
9286,385112N1213142W001,1295401,1991-10-16T00:00:00Z,78.11,77.41,0,122.4,-44.29,122.4,121.7,NA,Unknown,Water level accuracy is unknown,1,Department of Water Resources,NA,323,Sacramento County,NA,NA,NA,9286,08N06E27N001M,SCGA #16,Unknown,Unknown,5-021.65,South American,Sacramento,NA,Residential,Single Well,NA,1990-05-03 - 2020-04-15,60
9286,385112N1213142W001,1295400,1991-02-25T00:00:00Z,78.11,77.41,0,110,-31.89,110,109.3,NA,Unknown,Water level accuracy is unknown,1,Department of Water Resources,NA,323,Sacramento County,NA,NA,NA,9286,08N06E27N001M,SCGA #16,Unknown,Unknown,5-021.65,South American,Sacramento,NA,Residential,Single Well,NA,1990-05-03 - 2020-04-15,60
9286,385112N1213142W001,1295399,1990-10-04T00:00:00Z,78.11,77.41,0,126,-47.89,126,125.3,NA,Unknown,Water level accuracy is unknown,1,Department of Water Resources,NA,323,Sacramento County,NA,NA,NA,9286,08N06E27N001M,SCGA #16,Unknown,Unknown,5-021.65,South American,Sacramento,NA,Residential,Single Well,NA,1990-05-03 - 2020-04-15,60
9286,385112N1213142W001,1295398,1990-05-03T00:00:00Z,78.11,77.41,0,121,-42.89,121,120.3,NA,Unknown,Water level accuracy is unknown,1,Department of Water Resources,NA,323,Sacramento County,NA,NA,NA,9286,08N06E27N001M,SCGA #16,Unknown,Unknown,5-021.65,South American,Sacramento,NA,Residential,Single Well,NA,1990-05-03 - 2020-04-15,60
