STN_ID.x,SITE_CODE,WLM_ID,MSMT_DATE,WLM_RPE,WLM_GSE,RDNG_WS,RDNG_RP,WSE,RPE_WSE,GSE_WSE,WLM_QA_DESC,WLM_DESC,WLM_ACC_DESC,WLM_ORG_ID,WLM_ORG_NAME,MSMT_CMT,COOP_AGENCY_ORG_ID,COOP_ORG_NAME,STN_ID.y,TOP_PRF,BOT_PRF,STN_ID,SWN,WELL_NAME,WLM_METHOD,WLM_ACC,BASIN_CODE,BASIN_NAME,COUNTY_NAME,WELL_DEPTH,WELL_USE,WELL_TYPE,WCR_NO,t_range,n_samples
9287,385117N1213241W001,1295459,1999-04-14T00:00:00Z,70.41,69.41,0,92.2,-21.79,92.2,91.2,NA,Unknown,Water level accuracy is unknown,1,Department of Water Resources,NA,1,Department of Water Resources,NA,NA,NA,9287,08N06E28P004M,NA,Unknown,Unknown,5-021.65,South American,Sacramento,182,Irrigation,Unknown,77854,1985-03-11 - 2001-05-23,29
9287,385117N1213241W001,1295463,1998-11-10T00:00:00Z,70.41,69.41,0,95.8,-25.39,95.8,94.8,NA,Unknown,Water level accuracy is unknown,1,Department of Water Resources,NA,1,Department of Water Resources,NA,NA,NA,9287,08N06E28P004M,NA,Unknown,Unknown,5-021.65,South American,Sacramento,182,Irrigation,Unknown,77854,1985-03-11 - 2001-05-23,29
9287,385117N1213241W001,1295461,1997-11-06T00:00:00Z,70.41,69.41,0,103.1,-32.69,103.1,102.1,NA,Unknown,Water level accuracy is unknown,1,Department of Water Resources,NA,1,Department of Water Resources,NA,NA,NA,9287,08N06E28P004M,NA,Unknown,Unknown,5-021.65,South American,Sacramento,182,Irrigation,Unknown,77854,1985-03-11 - 2001-05-23,29
9287,385117N1213241W001,1295462,1997-04-21T00:00:00Z,70.41,69.41,0,99.6,-29.19,99.6,98.6,NA,Unknown,Water level accuracy is unknown,1,Department of Water Resources,NA,1,Department of Water Resources,NA,NA,NA,9287,08N06E28P004M,NA,Unknown,Unknown,5-021.65,South American,Sacramento,182,Irrigation,Unknown,77854,1985-03-11 - 2001-05-23,29
9287,385117N1213241W001,1295458,1996-12-11T00:00:00Z,70.41,69.41,0,94.9,-24.49,94.9,93.9,NA,Unknown,Water level accuracy is unknown,1,Department of Water Resources,NA,1,Department of Water Resources,NA,NA,NA,9287,08N06E28P004M,NA,Unknown,Unknown,5-021.65,South American,Sacramento,182,Irrigation,Unknown,77854,1985-03-11 - 2001-05-23,29
9287,385117N1213241W001,1295457,1996-04-26T00:00:00Z,70.41,69.41,0,96.5,-26.09,96.5,95.5,NA,Unknown,Water level accuracy is unknown,1,Department of Water Resources,NA,1,Department of Water Resources,NA,NA,NA,9287,08N06E28P004M,NA,Unknown,Unknown,5-021.65,South American,Sacramento,182,Irrigation,Unknown,77854,1985-03-11 - 2001-05-23,29
9287,385117N1213241W001,1295456,1995-12-08T00:00:00Z,70.41,69.41,0,95.8,-25.39,95.8,94.8,NA,Unknown,Water level accuracy is unknown,1,Department of Water Resources,NA,1,Department of Water Resources,NA,NA,NA,9287,08N06E28P004M,NA,Unknown,Unknown,5-021.65,South American,Sacramento,182,Irrigation,Unknown,77854,1985-03-11 - 2001-05-23,29
9287,385117N1213241W001,1295455,1995-04-17T00:00:00Z,70.41,69.41,0,93.5,-23.09,93.5,92.5,NA,Unknown,Water level accuracy is unknown,1,Department of Water Resources,NA,1,Department of Water Resources,NA,NA,NA,9287,08N06E28P004M,NA,Unknown,Unknown,5-021.65,South American,Sacramento,182,Irrigation,Unknown,77854,1985-03-11 - 2001-05-23,29
9287,385117N1213241W001,1295454,1994-12-05T00:00:00Z,70.41,69.41,0,95.8,-25.39,95.8,94.8,NA,Unknown,Water level accuracy is unknown,1,Department of Water Resources,NA,1,Department of Water Resources,NA,NA,NA,9287,08N06E28P004M,NA,Unknown,Unknown,5-021.65,South American,Sacramento,182,Irrigation,Unknown,77854,1985-03-11 - 2001-05-23,29
9287,385117N1213241W001,1295453,1994-03-16T00:00:00Z,70.41,69.41,0,93.6,-23.19,93.6,92.6,NA,Unknown,Water level accuracy is unknown,1,Department of Water Resources,NA,1,Department of Water Resources,NA,NA,NA,9287,08N06E28P004M,NA,Unknown,Unknown,5-021.65,South American,Sacramento,182,Irrigation,Unknown,77854,1985-03-11 - 2001-05-23,29
9287,385117N1213241W001,1295452,1993-11-17T00:00:00Z,70.41,69.41,0,97.3,-26.89,97.3,96.3,NA,Unknown,Water level accuracy is unknown,1,Department of Water Resources,NA,1,Department of Water Resources,NA,NA,NA,9287,08N06E28P004M,NA,Unknown,Unknown,5-021.65,South American,Sacramento,182,Irrigation,Unknown,77854,1985-03-11 - 2001-05-23,29
9287,385117N1213241W001,1295451,1993-03-22T00:00:00Z,70.41,69.41,0,108.2,-37.79,108.2,107.2,NA,Unknown,Water level accuracy is unknown,1,Department of Water Resources,NA,1,Department of Water Resources,NA,NA,NA,9287,08N06E28P004M,NA,Unknown,Unknown,5-021.65,South American,Sacramento,182,Irrigation,Unknown,77854,1985-03-11 - 2001-05-23,29
9287,385117N1213241W001,1295450,1992-12-03T00:00:00Z,70.41,69.41,0,106.1,-35.69,106.1,105.1,NA,Unknown,Water level accuracy is unknown,1,Department of Water Resources,NA,1,Department of Water Resources,NA,NA,NA,9287,08N06E28P004M,NA,Unknown,Unknown,5-021.65,South American,Sacramento,182,Irrigation,Unknown,77854,1985-03-11 - 2001-05-23,29
9287,385117N1213241W001,1295448,1991-03-13T00:00:00Z,70.41,69.41,0,91.7,-21.29,91.7,90.7,NA,Unknown,Water level accuracy is unknown,1,Department of Water Resources,NA,1,Department of Water Resources,NA,NA,NA,9287,08N06E28P004M,NA,Unknown,Unknown,5-021.65,South American,Sacramento,182,Irrigation,Unknown,77854,1985-03-11 - 2001-05-23,29
9287,385117N1213241W001,1295447,1990-10-18T00:00:00Z,70.41,69.41,0,107.9,-37.49,107.9,106.9,NA,Unknown,Water level accuracy is unknown,1,Department of Water Resources,NA,1,Department of Water Resources,NA,NA,NA,9287,08N06E28P004M,NA,Unknown,Unknown,5-021.65,South American,Sacramento,182,Irrigation,Unknown,77854,1985-03-11 - 2001-05-23,29
9287,385117N1213241W001,1295446,1990-03-23T00:00:00Z,70.41,69.41,0,91.6,-21.19,91.6,90.6,NA,Unknown,Water level accuracy is unknown,1,Department of Water Resources,NA,1,Department of Water Resources,NA,NA,NA,9287,08N06E28P004M,NA,Unknown,Unknown,5-021.65,South American,Sacramento,182,Irrigation,Unknown,77854,1985-03-11 - 2001-05-23,29
9287,385117N1213241W001,1295445,1989-10-09T00:00:00Z,70.41,69.41,0,97.6,-27.19,97.6,96.6,NA,Unknown,Water level accuracy is unknown,1,Department of Water Resources,NA,1,Department of Water Resources,NA,NA,NA,9287,08N06E28P004M,NA,Unknown,Unknown,5-021.65,South American,Sacramento,182,Irrigation,Unknown,77854,1985-03-11 - 2001-05-23,29
9287,385117N1213241W001,1295444,1989-03-10T00:00:00Z,70.41,69.41,0,90.1,-19.69,90.1,89.1,NA,Unknown,Water level accuracy is unknown,1,Department of Water Resources,NA,1,Department of Water Resources,NA,NA,NA,9287,08N06E28P004M,NA,Unknown,Unknown,5-021.65,South American,Sacramento,182,Irrigation,Unknown,77854,1985-03-11 - 2001-05-23,29
9287,385117N1213241W001,1295443,1988-10-17T00:00:00Z,70.41,69.41,0,102.4,-31.99,102.4,101.4,NA,Unknown,Water level accuracy is unknown,1,Department of Water Resources,NA,1,Department of Water Resources,NA,NA,NA,9287,08N06E28P004M,NA,Unknown,Unknown,5-021.65,South American,Sacramento,182,Irrigation,Unknown,77854,1985-03-11 - 2001-05-23,29
9287,385117N1213241W001,1295442,1988-03-16T00:00:00Z,70.41,69.41,0,94.3,-23.89,94.3,93.3,NA,Unknown,Water level accuracy is unknown,1,Department of Water Resources,NA,1,Department of Water Resources,NA,NA,NA,9287,08N06E28P004M,NA,Unknown,Unknown,5-021.65,South American,Sacramento,182,Irrigation,Unknown,77854,1985-03-11 - 2001-05-23,29
9287,385117N1213241W001,1295441,1987-10-19T00:00:00Z,70.41,69.41,0,99,-28.59,99,98,NA,Unknown,Water level accuracy is unknown,1,Department of Water Resources,NA,1,Department of Water Resources,NA,NA,NA,9287,08N06E28P004M,NA,Unknown,Unknown,5-021.65,South American,Sacramento,182,Irrigation,Unknown,77854,1985-03-11 - 2001-05-23,29
9287,385117N1213241W001,1295440,1987-03-17T00:00:00Z,70.41,69.41,0,88,-17.59,88,87,NA,Unknown,Water level accuracy is unknown,1,Department of Water Resources,NA,1,Department of Water Resources,NA,NA,NA,9287,08N06E28P004M,NA,Unknown,Unknown,5-021.65,South American,Sacramento,182,Irrigation,Unknown,77854,1985-03-11 - 2001-05-23,29
9287,385117N1213241W001,1295439,1986-10-20T00:00:00Z,70.41,69.41,0,98.2,-27.79,98.2,97.2,NA,Unknown,Water level accuracy is unknown,1,Department of Water Resources,NA,1,Department of Water Resources,NA,NA,NA,9287,08N06E28P004M,NA,Unknown,Unknown,5-021.65,South American,Sacramento,182,Irrigation,Unknown,77854,1985-03-11 - 2001-05-23,29
9287,385117N1213241W001,1295438,1986-03-12T00:00:00Z,70.41,69.41,0,87.1,-16.69,87.1,86.1,NA,Unknown,Water level accuracy is unknown,1,Department of Water Resources,NA,1,Department of Water Resources,NA,NA,NA,9287,08N06E28P004M,NA,Unknown,Unknown,5-021.65,South American,Sacramento,182,Irrigation,Unknown,77854,1985-03-11 - 2001-05-23,29
9287,385117N1213241W001,1295437,1985-10-16T00:00:00Z,70.41,69.41,0,101.2,-30.79,101.2,100.2,NA,Unknown,Water level accuracy is unknown,1,Department of Water Resources,NA,1,Department of Water Resources,NA,NA,NA,9287,08N06E28P004M,NA,Unknown,Unknown,5-021.65,South American,Sacramento,182,Irrigation,Unknown,77854,1985-03-11 - 2001-05-23,29
9287,385117N1213241W001,1295436,1985-03-11T00:00:00Z,70.41,69.41,0,86.7,-16.29,86.7,85.7,NA,Unknown,Water level accuracy is unknown,1,Department of Water Resources,NA,1,Department of Water Resources,NA,NA,NA,9287,08N06E28P004M,NA,Unknown,Unknown,5-021.65,South American,Sacramento,182,Irrigation,Unknown,77854,1985-03-11 - 2001-05-23,29
