SITE_CODE,WLM_ID,MSMT_DATE,WLM_RPE,WLM_GSE,RDNG_WS,RDNG_RP,WSE,RPE_WSE,GSE_WSE,WLM_QA_DESC,WLM_DESC,WLM_ACC_DESC,WLM_ORG_ID,WLM_ORG_NAME,MSMT_CMT,COOP_AGENCY_ORG_ID,COOP_ORG_NAME,TOP_PRF,BOT_PRF,STN_ID,SWN,WELL_NAME,WLM_METHOD,WLM_ACC,BASIN_CODE,BASIN_NAME,COUNTY_NAME,WELL_DEPTH,WELL_USE,WELL_TYPE,WCR_NO,t_range,n_samples,season,fall_high,fall_low,spring_high,spring_low,water_year,Oct.Mar,Apr.Jul,WYsum,Index,water_year_type,region,water_year_start,water_year_end,X,Y
385159N1212845W001,2482803,2019-10-10T00:00:00Z,116.41,115.41,0,149.4,-32.99,149.4,148.4,NA,Electric sounder measurement,Water level accuracy to nearest tenth of a foot,5050,Sacramento Central Groundwater Authority,NA,5050,Sacramento Central Groundwater Authority,NA,NA,9285,08N06E26K001M,SCGA #14,Unknown,Unknown,5-021.65,South American,Sacramento,160,Residential,Single Well,NA,1990-05-05 - 2020-04-15,60,fall,138.5,153.8,NA,NA,2019,13.11,10.66,24.77,10.34,Wet,SAC,2019-10-01T00:00:00Z,2020-10-01T00:00:00Z,-121.285,38.5159
385159N1212845W001,2454914,2019-04-16T00:00:00Z,116.41,115.41,0,149,-32.59,149,148,NA,Electric sounder measurement,Water level accuracy to nearest tenth of a foot,5050,Sacramento Central Groundwater Authority,NA,5050,Sacramento Central Groundwater Authority,NA,NA,9285,08N06E26K001M,SCGA #14,Unknown,Unknown,5-021.65,South American,Sacramento,160,Residential,Single Well,NA,1990-05-05 - 2020-04-15,60,spring,NA,NA,134.5,154,2018,7.09,5.05,12.86,7.14,Below Normal,SAC,2018-10-01T00:00:00Z,2019-10-01T00:00:00Z,-121.285,38.5159
385159N1212845W001,2413071,2018-10-16T00:00:00Z,116.41,115.41,0,151.3,-34.89,151.3,150.3,NA,Electric sounder measurement,Water level accuracy to nearest tenth of a foot,5050,Sacramento Central Groundwater Authority,NA,5050,Sacramento Central Groundwater Authority,NA,NA,9285,08N06E26K001M,SCGA #14,Unknown,Unknown,5-021.65,South American,Sacramento,160,Residential,Single Well,NA,1990-05-05 - 2020-04-15,60,fall,138.5,153.8,NA,NA,2018,7.09,5.05,12.86,7.14,Below Normal,SAC,2018-10-01T00:00:00Z,2019-10-01T00:00:00Z,-121.285,38.5159
385159N1212845W001,2305613,2018-04-12T00:00:00Z,116.41,115.41,0,151.1,-34.69,151.1,150.1,NA,Electric sounder measurement,Water level accuracy to nearest tenth of a foot,5050,Sacramento Central Groundwater Authority,NA,5050,Sacramento Central Groundwater Authority,NA,NA,9285,08N06E26K001M,SCGA #14,Unknown,Unknown,5-021.65,South American,Sacramento,160,Residential,Single Well,NA,1990-05-05 - 2020-04-15,60,spring,NA,NA,134.5,154,2017,26.17,10.69,37.82,14.14,Wet,SAC,2017-10-01T00:00:00Z,2018-10-01T00:00:00Z,-121.285,38.5159
385159N1212845W001,2137338,2015-04-20T00:00:00Z,116.41,115.41,0,152.9,-36.49,152.9,151.9,NA,Electric sounder measurement,Water level accuracy to nearest tenth of a foot,5050,Sacramento Central Groundwater Authority,NA,5050,Sacramento Central Groundwater Authority,NA,NA,9285,08N06E26K001M,SCGA #14,Unknown,Unknown,5-021.65,South American,Sacramento,160,Residential,Single Well,NA,1990-05-05 - 2020-04-15,60,spring,NA,NA,134.5,154,2014,4.29,2.59,7.46,4.07,Critical,SAC,2014-10-01T00:00:00Z,2015-10-01T00:00:00Z,-121.285,38.5159
385159N1212845W001,1905165,2013-10-22T00:00:00Z,116.41,115.41,0,154.8,-38.39,154.8,153.8,NA,Electric sounder measurement,Water level accuracy to nearest tenth of a foot,5050,Sacramento Central Groundwater Authority,NA,5050,Sacramento Central Groundwater Authority,NA,NA,9285,08N06E26K001M,SCGA #14,Unknown,Unknown,5-021.65,South American,Sacramento,160,Residential,Single Well,NA,1990-05-05 - 2020-04-15,60,fall,138.5,153.8,NA,NA,2013,8.52,3.01,12.19,5.83,Dry,SAC,2013-10-01T00:00:00Z,2014-10-01T00:00:00Z,-121.285,38.5159
385159N1212845W001,1905144,2013-10-22T00:00:00Z,116.41,115.41,0,154.8,-38.39,154.8,153.8,NA,Electric sounder measurement,Water level accuracy to nearest tenth of a foot,5050,Sacramento Central Groundwater Authority,NA,5050,Sacramento Central Groundwater Authority,NA,NA,9285,08N06E26K001M,SCGA #14,Unknown,Unknown,5-021.65,South American,Sacramento,160,Residential,Single Well,NA,1990-05-05 - 2020-04-15,60,fall,138.5,153.8,NA,NA,2013,8.52,3.01,12.19,5.83,Dry,SAC,2013-10-01T00:00:00Z,2014-10-01T00:00:00Z,-121.285,38.5159
385159N1212845W001,1704783,2012-10-30T00:00:00Z,116.41,115.41,0,154.1,-37.69,154.1,153.1,NA,Electric sounder measurement,Water level accuracy to nearest tenth of a foot,5050,Sacramento Central Groundwater Authority,NA,5050,Sacramento Central Groundwater Authority,NA,NA,9285,08N06E26K001M,SCGA #14,Unknown,Unknown,5-021.65,South American,Sacramento,160,Residential,Single Well,NA,1990-05-05 - 2020-04-15,60,fall,138.5,153.8,NA,NA,2012,5.69,5.46,11.84,6.89,Below Normal,SAC,2012-10-01T00:00:00Z,2013-10-01T00:00:00Z,-121.285,38.5159
385159N1212845W001,61312,2012-04-19T00:00:00Z,116.41,115.41,0,150.5,-34.09,150.5,149.5,NA,Electric sounder measurement,Water level accuracy to nearest tenth of a foot,5050,Sacramento Central Groundwater Authority,NA,5050,Sacramento Central Groundwater Authority,NA,NA,9285,08N06E26K001M,SCGA #14,Unknown,Unknown,5-021.65,South American,Sacramento,160,Residential,Single Well,NA,1990-05-05 - 2020-04-15,60,spring,NA,NA,134.5,154,2011,12.68,11.53,25.21,10.54,Wet,SAC,2011-10-01T00:00:00Z,2012-10-01T00:00:00Z,-121.285,38.5159
385159N1212845W001,21365,2011-10-19T00:00:00Z,116.41,115.41,0,153.2,-36.79,153.2,152.2,NA,Electric sounder measurement,Water level accuracy to nearest tenth of a foot,5050,Sacramento Central Groundwater Authority,NA,5050,Sacramento Central Groundwater Authority,NA,NA,9285,08N06E26K001M,SCGA #14,Unknown,Unknown,5-021.65,South American,Sacramento,160,Residential,Single Well,NA,1990-05-05 - 2020-04-15,60,fall,138.5,153.8,NA,NA,2011,12.68,11.53,25.21,10.54,Wet,SAC,2011-10-01T00:00:00Z,2012-10-01T00:00:00Z,-121.285,38.5159
385159N1212845W001,68597,2011-04-26T00:00:00Z,116.41,115.41,0,150.4,-33.99,150.4,149.4,NA,Electric sounder measurement,Water level accuracy to nearest tenth of a foot,5050,Sacramento Central Groundwater Authority,NA,5050,Sacramento Central Groundwater Authority,NA,NA,9285,08N06E26K001M,SCGA #14,Unknown,Unknown,5-021.65,South American,Sacramento,160,Residential,Single Well,NA,1990-05-05 - 2020-04-15,60,spring,NA,NA,134.5,154,2010,7.45,7.78,16.01,7.08,Below Normal,SAC,2010-10-01T00:00:00Z,2011-10-01T00:00:00Z,-121.285,38.5159
385159N1212845W001,1295395,2010-04-22T00:00:00Z,116.41,115.41,0,148.8,-32.39,148.8,147.8,NA,Unknown,Water level accuracy is unknown,1,Department of Water Resources,NA,323,Sacramento County,NA,NA,9285,08N06E26K001M,SCGA #14,Unknown,Unknown,5-021.65,South American,Sacramento,160,Residential,Single Well,NA,1990-05-05 - 2020-04-15,60,spring,NA,NA,134.5,154,2009,7.05,5.3,13.02,5.78,Dry,SAC,2009-10-01T00:00:00Z,2010-10-01T00:00:00Z,-121.285,38.5159
385159N1212845W001,1295394,2009-10-22T00:00:00Z,116.41,115.41,0,152,-35.59,152,151,NA,Unknown,Water level accuracy is unknown,1,Department of Water Resources,NA,323,Sacramento County,NA,NA,9285,08N06E26K001M,SCGA #14,Unknown,Unknown,5-021.65,South American,Sacramento,160,Residential,Single Well,NA,1990-05-05 - 2020-04-15,60,fall,138.5,153.8,NA,NA,2009,7.05,5.3,13.02,5.78,Dry,SAC,2009-10-01T00:00:00Z,2010-10-01T00:00:00Z,-121.285,38.5159
385159N1212845W001,1295392,2009-10-17T00:00:00Z,116.41,115.41,0,151.1,-34.69,151.1,150.1,NA,Unknown,Water level accuracy is unknown,1,Department of Water Resources,NA,323,Sacramento County,NA,NA,9285,08N06E26K001M,SCGA #14,Unknown,Unknown,5-021.65,South American,Sacramento,160,Residential,Single Well,NA,1990-05-05 - 2020-04-15,60,fall,138.5,153.8,NA,NA,2009,7.05,5.3,13.02,5.78,Dry,SAC,2009-10-01T00:00:00Z,2010-10-01T00:00:00Z,-121.285,38.5159
385159N1212845W001,1295393,2009-04-28T00:00:00Z,116.41,115.41,0,148.9,-32.49,148.9,147.9,NA,Unknown,Water level accuracy is unknown,1,Department of Water Resources,NA,323,Sacramento County,NA,NA,9285,08N06E26K001M,SCGA #14,Unknown,Unknown,5-021.65,South American,Sacramento,160,Residential,Single Well,NA,1990-05-05 - 2020-04-15,60,spring,NA,NA,134.5,154,2008,5.9,3.82,10.28,5.16,Critical,SAC,2008-10-01T00:00:00Z,2009-10-01T00:00:00Z,-121.285,38.5159
385159N1212845W001,1295391,2008-04-21T00:00:00Z,116.41,115.41,0,147.7,-31.29,147.7,146.7,NA,Unknown,Water level accuracy is unknown,1,Department of Water Resources,NA,323,Sacramento County,NA,NA,9285,08N06E26K001M,SCGA #14,Unknown,Unknown,5-021.65,South American,Sacramento,160,Residential,Single Well,NA,1990-05-05 - 2020-04-15,60,spring,NA,NA,134.5,154,2007,6.59,3.04,10.28,6.19,Dry,SAC,2007-10-01T00:00:00Z,2008-10-01T00:00:00Z,-121.285,38.5159
385159N1212845W001,1295390,2007-10-29T00:00:00Z,116.41,115.41,0,148.8,-32.39,148.8,147.8,NA,Unknown,Water level accuracy is unknown,1,Department of Water Resources,NA,323,Sacramento County,NA,NA,9285,08N06E26K001M,SCGA #14,Unknown,Unknown,5-021.65,South American,Sacramento,160,Residential,Single Well,NA,1990-05-05 - 2020-04-15,60,fall,138.5,153.8,NA,NA,2007,6.59,3.04,10.28,6.19,Dry,SAC,2007-10-01T00:00:00Z,2008-10-01T00:00:00Z,-121.285,38.5159
385159N1212845W001,1295389,2007-04-26T00:00:00Z,116.41,115.41,0,145.7,-29.29,145.7,144.7,NA,Unknown,Water level accuracy is unknown,1,Department of Water Resources,NA,323,Sacramento County,NA,NA,9285,08N06E26K001M,SCGA #14,Unknown,Unknown,5-021.65,South American,Sacramento,160,Residential,Single Well,NA,1990-05-05 - 2020-04-15,60,spring,NA,NA,134.5,154,2006,18.06,13.09,32.09,13.2,Wet,SAC,2006-10-01T00:00:00Z,2007-10-01T00:00:00Z,-121.285,38.5159
385159N1212845W001,1295388,2006-10-11T00:00:00Z,116.41,115.41,0,147.9,-31.49,147.9,146.9,NA,Unknown,Water level accuracy is unknown,1,Department of Water Resources,NA,323,Sacramento County,NA,NA,9285,08N06E26K001M,SCGA #14,Unknown,Unknown,5-021.65,South American,Sacramento,160,Residential,Single Well,NA,1990-05-05 - 2020-04-15,60,fall,138.5,153.8,NA,NA,2006,18.06,13.09,32.09,13.2,Wet,SAC,2006-10-01T00:00:00Z,2007-10-01T00:00:00Z,-121.285,38.5159
385159N1212845W001,1295387,2006-05-05T00:00:00Z,116.41,115.41,0,142.8,-26.39,142.8,141.8,NA,Unknown,Water level accuracy is unknown,1,Department of Water Resources,NA,323,Sacramento County,NA,NA,9285,08N06E26K001M,SCGA #14,Unknown,Unknown,5-021.65,South American,Sacramento,160,Residential,Single Well,NA,1990-05-05 - 2020-04-15,60,spring,NA,NA,134.5,154,2005,8.4,9.28,18.55,8.49,Above Normal,SAC,2005-10-01T00:00:00Z,2006-10-01T00:00:00Z,-121.285,38.5159
385159N1212845W001,1295386,2005-10-19T00:00:00Z,116.41,115.41,0,146.7,-30.29,146.7,145.7,NA,Unknown,Water level accuracy is unknown,1,Department of Water Resources,NA,323,Sacramento County,NA,NA,9285,08N06E26K001M,SCGA #14,Unknown,Unknown,5-021.65,South American,Sacramento,160,Residential,Single Well,NA,1990-05-05 - 2020-04-15,60,fall,138.5,153.8,NA,NA,2005,8.4,9.28,18.55,8.49,Above Normal,SAC,2005-10-01T00:00:00Z,2006-10-01T00:00:00Z,-121.285,38.5159
385159N1212845W001,1295385,2005-04-22T00:00:00Z,116.41,115.41,0,141.3,-24.89,141.3,140.3,NA,Unknown,Water level accuracy is unknown,1,Department of Water Resources,NA,323,Sacramento County,NA,NA,9285,08N06E26K001M,SCGA #14,Unknown,Unknown,5-021.65,South American,Sacramento,160,Residential,Single Well,NA,1990-05-05 - 2020-04-15,60,spring,NA,NA,134.5,154,2004,10.95,4.4,16.04,7.51,Below Normal,SAC,2004-10-01T00:00:00Z,2005-10-01T00:00:00Z,-121.285,38.5159
385159N1212845W001,1295384,2004-10-27T00:00:00Z,116.41,115.41,0,144.7,-28.29,144.7,143.7,NA,Unknown,Water level accuracy is unknown,1,Department of Water Resources,NA,323,Sacramento County,NA,NA,9285,08N06E26K001M,SCGA #14,Unknown,Unknown,5-021.65,South American,Sacramento,160,Residential,Single Well,NA,1990-05-05 - 2020-04-15,60,fall,138.5,153.8,NA,NA,2004,10.95,4.4,16.04,7.51,Below Normal,SAC,2004-10-01T00:00:00Z,2005-10-01T00:00:00Z,-121.285,38.5159
385159N1212845W001,1295383,2004-04-15T00:00:00Z,116.41,115.41,0,141.6,-25.19,141.6,140.6,NA,Unknown,Water level accuracy is unknown,1,Department of Water Resources,NA,323,Sacramento County,NA,NA,9285,08N06E26K001M,SCGA #14,Unknown,Unknown,5-021.65,South American,Sacramento,160,Residential,Single Well,NA,1990-05-05 - 2020-04-15,60,spring,NA,NA,134.5,154,2003,10.71,7.74,19.31,8.21,Above Normal,SAC,2003-10-01T00:00:00Z,2004-10-01T00:00:00Z,-121.285,38.5159
385159N1212845W001,1295382,2003-10-31T00:00:00Z,116.41,115.41,0,144.4,-27.99,144.4,143.4,NA,Unknown,Water level accuracy is unknown,1,Department of Water Resources,NA,323,Sacramento County,NA,NA,9285,08N06E26K001M,SCGA #14,Unknown,Unknown,5-021.65,South American,Sacramento,160,Residential,Single Well,NA,1990-05-05 - 2020-04-15,60,fall,138.5,153.8,NA,NA,2003,10.71,7.74,19.31,8.21,Above Normal,SAC,2003-10-01T00:00:00Z,2004-10-01T00:00:00Z,-121.285,38.5159
385159N1212845W001,1295376,2003-05-01T00:00:00Z,116.41,115.41,0,139.4,-22.99,139.4,138.4,NA,Unknown,Water level accuracy is unknown,1,Department of Water Resources,CHANGED GROUND ELEV. FROM 123' TO 113',323,Sacramento County,NA,NA,9285,08N06E26K001M,SCGA #14,Unknown,Unknown,5-021.65,South American,Sacramento,160,Residential,Single Well,NA,1990-05-05 - 2020-04-15,60,spring,NA,NA,134.5,154,2002,9.32,4.57,14.6,6.35,Dry,SAC,2002-10-01T00:00:00Z,2003-10-01T00:00:00Z,-121.285,38.5159
385159N1212845W001,1295378,2002-11-04T00:00:00Z,116.41,115.41,0,143,-26.59,143,142,NA,Unknown,Water level accuracy is unknown,1,Department of Water Resources,CHANGED GROUND ELEV. FROM 123' TO 113',323,Sacramento County,NA,NA,9285,08N06E26K001M,SCGA #14,Unknown,Unknown,5-021.65,South American,Sacramento,160,Residential,Single Well,NA,1990-05-05 - 2020-04-15,60,fall,138.5,153.8,NA,NA,2002,9.32,4.57,14.6,6.35,Dry,SAC,2002-10-01T00:00:00Z,2003-10-01T00:00:00Z,-121.285,38.5159
385159N1212845W001,1295380,2002-05-24T00:00:00Z,116.41,115.41,0,140,-23.59,140,139,NA,Unknown,Water level accuracy is unknown,1,Department of Water Resources,CHANGED GROUND ELEV. FROM 123' TO 113',323,Sacramento County,NA,NA,9285,08N06E26K001M,SCGA #14,Unknown,Unknown,5-021.65,South American,Sacramento,160,Residential,Single Well,NA,1990-05-05 - 2020-04-15,60,spring,NA,NA,134.5,154,2001,5.64,3.46,9.81,5.76,Dry,SAC,2001-10-01T00:00:00Z,2002-10-01T00:00:00Z,-121.285,38.5159
385159N1212845W001,1295377,2001-09-26T00:00:00Z,116.41,115.41,0,143.2,-26.79,143.2,142.2,NA,Unknown,Water level accuracy is unknown,1,Department of Water Resources,CHANGED GROUND ELEV. FROM 123' TO 113',323,Sacramento County,NA,NA,9285,08N06E26K001M,SCGA #14,Unknown,Unknown,5-021.65,South American,Sacramento,160,Residential,Single Well,NA,1990-05-05 - 2020-04-15,60,fall,138.5,153.8,NA,NA,2000,12.06,5.96,18.9,8.94,Above Normal,SAC,2000-10-01T00:00:00Z,2001-10-01T00:00:00Z,-121.285,38.5159
385159N1212845W001,1295373,2000-04-26T00:00:00Z,116.41,115.41,0,155,-38.59,155,154,NA,Unknown,Water level accuracy is unknown,1,Department of Water Resources,Changed Ground Elev. From 123' to 113',323,Sacramento County,NA,NA,9285,08N06E26K001M,SCGA #14,Unknown,Unknown,5-021.65,South American,Sacramento,160,Residential,Single Well,NA,1990-05-05 - 2020-04-15,60,spring,NA,NA,134.5,154,1999,12.97,7.26,21.19,9.8,Wet,SAC,1999-10-01T00:00:00Z,2000-10-01T00:00:00Z,-121.285,38.5159
385159N1212845W001,1295371,1999-10-14T00:00:00Z,116.41,115.41,0,142.3,-25.89,142.3,141.3,NA,Unknown,Water level accuracy is unknown,1,Department of Water Resources,ChangedGroundElev.From123'to113',323,Sacramento County,NA,NA,9285,08N06E26K001M,SCGA #14,Unknown,Unknown,5-021.65,South American,Sacramento,160,Residential,Single Well,NA,1990-05-05 - 2020-04-15,60,fall,138.5,153.8,NA,NA,1999,12.97,7.26,21.19,9.8,Wet,SAC,1999-10-01T00:00:00Z,2000-10-01T00:00:00Z,-121.285,38.5159
385159N1212845W001,1295372,1999-04-13T00:00:00Z,116.41,115.41,0,137.2,-20.79,137.2,136.2,NA,Unknown,Water level accuracy is unknown,1,Department of Water Resources,ChangedGroundElev.From123'to113',323,Sacramento County,NA,NA,9285,08N06E26K001M,SCGA #14,Unknown,Unknown,5-021.65,South American,Sacramento,160,Residential,Single Well,NA,1990-05-05 - 2020-04-15,60,spring,NA,NA,134.5,154,1998,17.65,12.54,31.4,13.31,Wet,SAC,1998-10-01T00:00:00Z,1999-10-01T00:00:00Z,-121.285,38.5159
385159N1212845W001,1295356,1998-10-14T00:00:00Z,116.41,115.41,0,141.3,-24.89,141.3,140.3,NA,Unknown,Water level accuracy is unknown,1,Department of Water Resources,CHANGED GROUND ELEV. FROM 123' TO 113',323,Sacramento County,NA,NA,9285,08N06E26K001M,SCGA #14,Unknown,Unknown,5-021.65,South American,Sacramento,160,Residential,Single Well,NA,1990-05-05 - 2020-04-15,60,fall,138.5,153.8,NA,NA,1998,17.65,12.54,31.4,13.31,Wet,SAC,1998-10-01T00:00:00Z,1999-10-01T00:00:00Z,-121.285,38.5159
385159N1212845W001,1295375,1998-04-07T00:00:00Z,116.41,115.41,0,137.8,-21.39,137.8,136.8,NA,Unknown,Water level accuracy is unknown,1,Department of Water Resources,CHANGED GROUND ELEV. FROM 123' TO 113',323,Sacramento County,NA,NA,9285,08N06E26K001M,SCGA #14,Unknown,Unknown,5-021.65,South American,Sacramento,160,Residential,Single Well,NA,1990-05-05 - 2020-04-15,60,spring,NA,NA,134.5,154,1997,20.22,4.39,25.42,10.82,Wet,SAC,1997-10-01T00:00:00Z,1998-10-01T00:00:00Z,-121.285,38.5159
385159N1212845W001,1295374,1997-04-03T00:00:00Z,116.41,115.41,0,138.2,-21.79,138.2,137.2,NA,Unknown,Water level accuracy is unknown,1,Department of Water Resources,NA,323,Sacramento County,NA,NA,9285,08N06E26K001M,SCGA #14,Unknown,Unknown,5-021.65,South American,Sacramento,160,Residential,Single Well,NA,1990-05-05 - 2020-04-15,60,spring,NA,NA,134.5,154,1996,13.05,8.37,22.29,10.26,Wet,SAC,1996-10-01T00:00:00Z,1997-10-01T00:00:00Z,-121.285,38.5159
385159N1212845W001,1295370,1996-10-08T00:00:00Z,116.41,115.41,0,141,-24.59,141,140,NA,Unknown,Water level accuracy is unknown,1,Department of Water Resources,NA,323,Sacramento County,NA,NA,9285,08N06E26K001M,SCGA #14,Unknown,Unknown,5-021.65,South American,Sacramento,160,Residential,Single Well,NA,1990-05-05 - 2020-04-15,60,fall,138.5,153.8,NA,NA,1996,13.05,8.37,22.29,10.26,Wet,SAC,1996-10-01T00:00:00Z,1997-10-01T00:00:00Z,-121.285,38.5159
385159N1212845W001,1295369,1996-04-02T00:00:00Z,116.41,115.41,0,138.5,-22.09,138.5,137.5,NA,Unknown,Water level accuracy is unknown,1,Department of Water Resources,NA,323,Sacramento County,NA,NA,9285,08N06E26K001M,SCGA #14,Unknown,Unknown,5-021.65,South American,Sacramento,160,Residential,Single Well,NA,1990-05-05 - 2020-04-15,60,spring,NA,NA,134.5,154,1995,19.83,13.6,34.55,12.89,Wet,SAC,1995-10-01T00:00:00Z,1996-10-01T00:00:00Z,-121.285,38.5159
385159N1212845W001,1295368,1995-10-04T00:00:00Z,116.41,115.41,0,140.5,-24.09,140.5,139.5,NA,Unknown,Water level accuracy is unknown,1,Department of Water Resources,NA,323,Sacramento County,NA,NA,9285,08N06E26K001M,SCGA #14,Unknown,Unknown,5-021.65,South American,Sacramento,160,Residential,Single Well,NA,1990-05-05 - 2020-04-15,60,fall,138.5,153.8,NA,NA,1995,19.83,13.6,34.55,12.89,Wet,SAC,1995-10-01T00:00:00Z,1996-10-01T00:00:00Z,-121.285,38.5159
385159N1212845W001,1295367,1995-04-11T00:00:00Z,116.41,115.41,0,135.5,-19.09,135.5,134.5,NA,Unknown,Water level accuracy is unknown,1,Department of Water Resources,NA,323,Sacramento County,NA,NA,9285,08N06E26K001M,SCGA #14,Unknown,Unknown,5-021.65,South American,Sacramento,160,Residential,Single Well,NA,1990-05-05 - 2020-04-15,60,spring,NA,NA,134.5,154,1994,4.55,2.73,7.81,5.02,Critical,SAC,1994-10-01T00:00:00Z,1995-10-01T00:00:00Z,-121.285,38.5159
385159N1212845W001,1295366,1994-11-01T00:00:00Z,116.41,115.41,0,139.5,-23.09,139.5,138.5,NA,Unknown,Water level accuracy is unknown,1,Department of Water Resources,NA,323,Sacramento County,NA,NA,9285,08N06E26K001M,SCGA #14,Unknown,Unknown,5-021.65,South American,Sacramento,160,Residential,Single Well,NA,1990-05-05 - 2020-04-15,60,fall,138.5,153.8,NA,NA,1994,4.55,2.73,7.81,5.02,Critical,SAC,1994-10-01T00:00:00Z,1995-10-01T00:00:00Z,-121.285,38.5159
385159N1212845W001,1295365,1994-03-31T00:00:00Z,116.41,115.41,0,141.3,-24.89,141.3,140.3,NA,Unknown,Water level accuracy is unknown,1,Department of Water Resources,NA,323,Sacramento County,NA,NA,9285,08N06E26K001M,SCGA #14,Unknown,Unknown,5-021.65,South American,Sacramento,160,Residential,Single Well,NA,1990-05-05 - 2020-04-15,60,spring,NA,NA,134.5,154,1993,12.44,8.98,22.21,8.54,Above Normal,SAC,1993-10-01T00:00:00Z,1994-10-01T00:00:00Z,-121.285,38.5159
385159N1212845W001,1295364,1993-10-04T00:00:00Z,116.41,115.41,0,141.6,-25.19,141.6,140.6,NA,Unknown,Water level accuracy is unknown,1,Department of Water Resources,NA,323,Sacramento County,NA,NA,9285,08N06E26K001M,SCGA #14,Unknown,Unknown,5-021.65,South American,Sacramento,160,Residential,Single Well,NA,1990-05-05 - 2020-04-15,60,fall,138.5,153.8,NA,NA,1993,12.44,8.98,22.21,8.54,Above Normal,SAC,1993-10-01T00:00:00Z,1994-10-01T00:00:00Z,-121.285,38.5159
385159N1212845W001,1295363,1993-03-17T00:00:00Z,116.41,115.41,0,151.8,-35.39,151.8,150.8,NA,Unknown,Water level accuracy is unknown,1,Department of Water Resources,NA,323,Sacramento County,NA,NA,9285,08N06E26K001M,SCGA #14,Unknown,Unknown,5-021.65,South American,Sacramento,160,Residential,Single Well,NA,1990-05-05 - 2020-04-15,60,spring,NA,NA,134.5,154,1992,5.41,2.93,8.87,4.06,Critical,SAC,1992-10-01T00:00:00Z,1993-10-01T00:00:00Z,-121.285,38.5159
385159N1212845W001,1295362,1992-10-08T00:00:00Z,116.41,115.41,0,154.3,-37.89,154.3,153.3,NA,Unknown,Water level accuracy is unknown,1,Department of Water Resources,NA,323,Sacramento County,NA,NA,9285,08N06E26K001M,SCGA #14,Unknown,Unknown,5-021.65,South American,Sacramento,160,Residential,Single Well,NA,1990-05-05 - 2020-04-15,60,fall,138.5,153.8,NA,NA,1992,5.41,2.93,8.87,4.06,Critical,SAC,1992-10-01T00:00:00Z,1993-10-01T00:00:00Z,-121.285,38.5159
385159N1212845W001,1295361,1992-04-06T00:00:00Z,116.41,115.41,0,151.5,-35.09,151.5,150.5,NA,Unknown,Water level accuracy is unknown,1,Department of Water Resources,NA,323,Sacramento County,NA,NA,9285,08N06E26K001M,SCGA #14,Unknown,Unknown,5-021.65,South American,Sacramento,160,Residential,Single Well,NA,1990-05-05 - 2020-04-15,60,spring,NA,NA,134.5,154,1991,3.9,4.01,8.44,4.21,Critical,SAC,1991-10-01T00:00:00Z,1992-10-01T00:00:00Z,-121.285,38.5159
385159N1212845W001,1295360,1991-10-15T00:00:00Z,116.41,115.41,0,149.8,-33.39,149.8,148.8,NA,Unknown,Water level accuracy is unknown,1,Department of Water Resources,NA,323,Sacramento County,NA,NA,9285,08N06E26K001M,SCGA #14,Unknown,Unknown,5-021.65,South American,Sacramento,160,Residential,Single Well,NA,1990-05-05 - 2020-04-15,60,fall,138.5,153.8,NA,NA,1991,3.9,4.01,8.44,4.21,Critical,SAC,1991-10-01T00:00:00Z,1992-10-01T00:00:00Z,-121.285,38.5159
385159N1212845W001,1295359,1991-02-25T00:00:00Z,116.41,115.41,0,120,-3.59,120,119,NA,Unknown,Water level accuracy is unknown,1,Department of Water Resources,NA,323,Sacramento County,NA,NA,9285,08N06E26K001M,SCGA #14,Unknown,Unknown,5-021.65,South American,Sacramento,160,Residential,Single Well,NA,1990-05-05 - 2020-04-15,60,other,NA,NA,NA,NA,1990,4.94,3.72,9.26,4.81,Critical,SAC,1990-10-01T00:00:00Z,1991-10-01T00:00:00Z,-121.285,38.5159
385159N1212845W001,1295358,1990-10-04T00:00:00Z,116.41,115.41,0,147,-30.59,147,146,NA,Unknown,Water level accuracy is unknown,1,Department of Water Resources,NA,323,Sacramento County,NA,NA,9285,08N06E26K001M,SCGA #14,Unknown,Unknown,5-021.65,South American,Sacramento,160,Residential,Single Well,NA,1990-05-05 - 2020-04-15,60,fall,138.5,153.8,NA,NA,1990,4.94,3.72,9.26,4.81,Critical,SAC,1990-10-01T00:00:00Z,1991-10-01T00:00:00Z,-121.285,38.5159
