SITE_CODE,WLM_ID,MSMT_DATE,WLM_RPE,WLM_GSE,RDNG_WS,RDNG_RP,WSE,RPE_WSE,GSE_WSE,WLM_QA_DESC,WLM_DESC,WLM_ACC_DESC,WLM_ORG_ID,WLM_ORG_NAME,MSMT_CMT,COOP_AGENCY_ORG_ID,COOP_ORG_NAME,TOP_PRF,BOT_PRF,STN_ID,SWN,WELL_NAME,WLM_METHOD,WLM_ACC,BASIN_CODE,BASIN_NAME,COUNTY_NAME,WELL_DEPTH,WELL_USE,WELL_TYPE,WCR_NO,t_range,n_samples,season,fall_high,fall_low,spring_high,spring_low,water_year,Oct.Mar,Apr.Jul,WYsum,Index,water_year_type,region,water_year_start,water_year_end,X,Y
385117N1213241W001,1295459,1999-04-14T00:00:00Z,70.41,69.41,0,92.2,-21.79,92.2,91.2,NA,Unknown,Water level accuracy is unknown,1,Department of Water Resources,NA,1,Department of Water Resources,NA,NA,9287,08N06E28P004M,NA,Unknown,Unknown,5-021.65,South American,Sacramento,182,Irrigation,Unknown,77854,1985-03-11 - 2001-05-23,29,spring,NA,NA,85.7,107.2,1998,17.65,12.54,31.4,13.31,Wet,SAC,1998-10-01T00:00:00Z,1999-10-01T00:00:00Z,-121.324,38.5117
385117N1213241W001,1295463,1998-11-10T00:00:00Z,70.41,69.41,0,95.8,-25.39,95.8,94.8,NA,Unknown,Water level accuracy is unknown,1,Department of Water Resources,NA,1,Department of Water Resources,NA,NA,9287,08N06E28P004M,NA,Unknown,Unknown,5-021.65,South American,Sacramento,182,Irrigation,Unknown,77854,1985-03-11 - 2001-05-23,29,fall,94.8,106.9,NA,NA,1998,17.65,12.54,31.4,13.31,Wet,SAC,1998-10-01T00:00:00Z,1999-10-01T00:00:00Z,-121.324,38.5117
385117N1213241W001,1295461,1997-11-06T00:00:00Z,70.41,69.41,0,103.1,-32.69,103.1,102.1,NA,Unknown,Water level accuracy is unknown,1,Department of Water Resources,NA,1,Department of Water Resources,NA,NA,9287,08N06E28P004M,NA,Unknown,Unknown,5-021.65,South American,Sacramento,182,Irrigation,Unknown,77854,1985-03-11 - 2001-05-23,29,fall,94.8,106.9,NA,NA,1997,20.22,4.39,25.42,10.82,Wet,SAC,1997-10-01T00:00:00Z,1998-10-01T00:00:00Z,-121.324,38.5117
385117N1213241W001,1295462,1997-04-21T00:00:00Z,70.41,69.41,0,99.6,-29.19,99.6,98.6,NA,Unknown,Water level accuracy is unknown,1,Department of Water Resources,NA,1,Department of Water Resources,NA,NA,9287,08N06E28P004M,NA,Unknown,Unknown,5-021.65,South American,Sacramento,182,Irrigation,Unknown,77854,1985-03-11 - 2001-05-23,29,spring,NA,NA,85.7,107.2,1996,13.05,8.37,22.29,10.26,Wet,SAC,1996-10-01T00:00:00Z,1997-10-01T00:00:00Z,-121.324,38.5117
385117N1213241W001,1295458,1996-12-11T00:00:00Z,70.41,69.41,0,94.9,-24.49,94.9,93.9,NA,Unknown,Water level accuracy is unknown,1,Department of Water Resources,NA,1,Department of Water Resources,NA,NA,9287,08N06E28P004M,NA,Unknown,Unknown,5-021.65,South American,Sacramento,182,Irrigation,Unknown,77854,1985-03-11 - 2001-05-23,29,other,NA,NA,NA,NA,1996,13.05,8.37,22.29,10.26,Wet,SAC,1996-10-01T00:00:00Z,1997-10-01T00:00:00Z,-121.324,38.5117
385117N1213241W001,1295457,1996-04-26T00:00:00Z,70.41,69.41,0,96.5,-26.09,96.5,95.5,NA,Unknown,Water level accuracy is unknown,1,Department of Water Resources,NA,1,Department of Water Resources,NA,NA,9287,08N06E28P004M,NA,Unknown,Unknown,5-021.65,South American,Sacramento,182,Irrigation,Unknown,77854,1985-03-11 - 2001-05-23,29,spring,NA,NA,85.7,107.2,1995,19.83,13.6,34.55,12.89,Wet,SAC,1995-10-01T00:00:00Z,1996-10-01T00:00:00Z,-121.324,38.5117
385117N1213241W001,1295456,1995-12-08T00:00:00Z,70.41,69.41,0,95.8,-25.39,95.8,94.8,NA,Unknown,Water level accuracy is unknown,1,Department of Water Resources,NA,1,Department of Water Resources,NA,NA,9287,08N06E28P004M,NA,Unknown,Unknown,5-021.65,South American,Sacramento,182,Irrigation,Unknown,77854,1985-03-11 - 2001-05-23,29,other,NA,NA,NA,NA,1995,19.83,13.6,34.55,12.89,Wet,SAC,1995-10-01T00:00:00Z,1996-10-01T00:00:00Z,-121.324,38.5117
385117N1213241W001,1295455,1995-04-17T00:00:00Z,70.41,69.41,0,93.5,-23.09,93.5,92.5,NA,Unknown,Water level accuracy is unknown,1,Department of Water Resources,NA,1,Department of Water Resources,NA,NA,9287,08N06E28P004M,NA,Unknown,Unknown,5-021.65,South American,Sacramento,182,Irrigation,Unknown,77854,1985-03-11 - 2001-05-23,29,spring,NA,NA,85.7,107.2,1994,4.55,2.73,7.81,5.02,Critical,SAC,1994-10-01T00:00:00Z,1995-10-01T00:00:00Z,-121.324,38.5117
385117N1213241W001,1295454,1994-12-05T00:00:00Z,70.41,69.41,0,95.8,-25.39,95.8,94.8,NA,Unknown,Water level accuracy is unknown,1,Department of Water Resources,NA,1,Department of Water Resources,NA,NA,9287,08N06E28P004M,NA,Unknown,Unknown,5-021.65,South American,Sacramento,182,Irrigation,Unknown,77854,1985-03-11 - 2001-05-23,29,other,NA,NA,NA,NA,1994,4.55,2.73,7.81,5.02,Critical,SAC,1994-10-01T00:00:00Z,1995-10-01T00:00:00Z,-121.324,38.5117
385117N1213241W001,1295453,1994-03-16T00:00:00Z,70.41,69.41,0,93.6,-23.19,93.6,92.6,NA,Unknown,Water level accuracy is unknown,1,Department of Water Resources,NA,1,Department of Water Resources,NA,NA,9287,08N06E28P004M,NA,Unknown,Unknown,5-021.65,South American,Sacramento,182,Irrigation,Unknown,77854,1985-03-11 - 2001-05-23,29,spring,NA,NA,85.7,107.2,1993,12.44,8.98,22.21,8.54,Above Normal,SAC,1993-10-01T00:00:00Z,1994-10-01T00:00:00Z,-121.324,38.5117
385117N1213241W001,1295452,1993-11-17T00:00:00Z,70.41,69.41,0,97.3,-26.89,97.3,96.3,NA,Unknown,Water level accuracy is unknown,1,Department of Water Resources,NA,1,Department of Water Resources,NA,NA,9287,08N06E28P004M,NA,Unknown,Unknown,5-021.65,South American,Sacramento,182,Irrigation,Unknown,77854,1985-03-11 - 2001-05-23,29,fall,94.8,106.9,NA,NA,1993,12.44,8.98,22.21,8.54,Above Normal,SAC,1993-10-01T00:00:00Z,1994-10-01T00:00:00Z,-121.324,38.5117
385117N1213241W001,1295451,1993-03-22T00:00:00Z,70.41,69.41,0,108.2,-37.79,108.2,107.2,NA,Unknown,Water level accuracy is unknown,1,Department of Water Resources,NA,1,Department of Water Resources,NA,NA,9287,08N06E28P004M,NA,Unknown,Unknown,5-021.65,South American,Sacramento,182,Irrigation,Unknown,77854,1985-03-11 - 2001-05-23,29,spring,NA,NA,85.7,107.2,1992,5.41,2.93,8.87,4.06,Critical,SAC,1992-10-01T00:00:00Z,1993-10-01T00:00:00Z,-121.324,38.5117
385117N1213241W001,1295450,1992-12-03T00:00:00Z,70.41,69.41,0,106.1,-35.69,106.1,105.1,NA,Unknown,Water level accuracy is unknown,1,Department of Water Resources,NA,1,Department of Water Resources,NA,NA,9287,08N06E28P004M,NA,Unknown,Unknown,5-021.65,South American,Sacramento,182,Irrigation,Unknown,77854,1985-03-11 - 2001-05-23,29,other,NA,NA,NA,NA,1992,5.41,2.93,8.87,4.06,Critical,SAC,1992-10-01T00:00:00Z,1993-10-01T00:00:00Z,-121.324,38.5117
385117N1213241W001,1295448,1991-03-13T00:00:00Z,70.41,69.41,0,91.7,-21.29,91.7,90.7,NA,Unknown,Water level accuracy is unknown,1,Department of Water Resources,NA,1,Department of Water Resources,NA,NA,9287,08N06E28P004M,NA,Unknown,Unknown,5-021.65,South American,Sacramento,182,Irrigation,Unknown,77854,1985-03-11 - 2001-05-23,29,spring,NA,NA,85.7,107.2,1990,4.94,3.72,9.26,4.81,Critical,SAC,1990-10-01T00:00:00Z,1991-10-01T00:00:00Z,-121.324,38.5117
385117N1213241W001,1295447,1990-10-18T00:00:00Z,70.41,69.41,0,107.9,-37.49,107.9,106.9,NA,Unknown,Water level accuracy is unknown,1,Department of Water Resources,NA,1,Department of Water Resources,NA,NA,9287,08N06E28P004M,NA,Unknown,Unknown,5-021.65,South American,Sacramento,182,Irrigation,Unknown,77854,1985-03-11 - 2001-05-23,29,fall,94.8,106.9,NA,NA,1990,4.94,3.72,9.26,4.81,Critical,SAC,1990-10-01T00:00:00Z,1991-10-01T00:00:00Z,-121.324,38.5117
385117N1213241W001,1295446,1990-03-23T00:00:00Z,70.41,69.41,0,91.6,-21.19,91.6,90.6,NA,Unknown,Water level accuracy is unknown,1,Department of Water Resources,NA,1,Department of Water Resources,NA,NA,9287,08N06E28P004M,NA,Unknown,Unknown,5-021.65,South American,Sacramento,182,Irrigation,Unknown,77854,1985-03-11 - 2001-05-23,29,spring,NA,NA,85.7,107.2,1989,9.03,5.07,14.82,6.13,Dry,SAC,1989-10-01T00:00:00Z,1990-10-01T00:00:00Z,-121.324,38.5117
385117N1213241W001,1295445,1989-10-09T00:00:00Z,70.41,69.41,0,97.6,-27.19,97.6,96.6,NA,Unknown,Water level accuracy is unknown,1,Department of Water Resources,NA,1,Department of Water Resources,NA,NA,9287,08N06E28P004M,NA,Unknown,Unknown,5-021.65,South American,Sacramento,182,Irrigation,Unknown,77854,1985-03-11 - 2001-05-23,29,fall,94.8,106.9,NA,NA,1989,9.03,5.07,14.82,6.13,Dry,SAC,1989-10-01T00:00:00Z,1990-10-01T00:00:00Z,-121.324,38.5117
385117N1213241W001,1295444,1989-03-10T00:00:00Z,70.41,69.41,0,90.1,-19.69,90.1,89.1,NA,Unknown,Water level accuracy is unknown,1,Department of Water Resources,NA,1,Department of Water Resources,NA,NA,9287,08N06E28P004M,NA,Unknown,Unknown,5-021.65,South American,Sacramento,182,Irrigation,Unknown,77854,1985-03-11 - 2001-05-23,29,spring,NA,NA,85.7,107.2,1988,5.78,2.9,9.23,4.65,Critical,SAC,1988-10-01T00:00:00Z,1989-10-01T00:00:00Z,-121.324,38.5117
385117N1213241W001,1295443,1988-10-17T00:00:00Z,70.41,69.41,0,102.4,-31.99,102.4,101.4,NA,Unknown,Water level accuracy is unknown,1,Department of Water Resources,NA,1,Department of Water Resources,NA,NA,9287,08N06E28P004M,NA,Unknown,Unknown,5-021.65,South American,Sacramento,182,Irrigation,Unknown,77854,1985-03-11 - 2001-05-23,29,fall,94.8,106.9,NA,NA,1988,5.78,2.9,9.23,4.65,Critical,SAC,1988-10-01T00:00:00Z,1989-10-01T00:00:00Z,-121.324,38.5117
385117N1213241W001,1295442,1988-03-16T00:00:00Z,70.41,69.41,0,94.3,-23.89,94.3,93.3,NA,Unknown,Water level accuracy is unknown,1,Department of Water Resources,NA,1,Department of Water Resources,NA,NA,9287,08N06E28P004M,NA,Unknown,Unknown,5-021.65,South American,Sacramento,182,Irrigation,Unknown,77854,1985-03-11 - 2001-05-23,29,spring,NA,NA,85.7,107.2,1987,5.85,2.8,9.27,5.86,Dry,SAC,1987-10-01T00:00:00Z,1988-10-01T00:00:00Z,-121.324,38.5117
385117N1213241W001,1295441,1987-10-19T00:00:00Z,70.41,69.41,0,99,-28.59,99,98,NA,Unknown,Water level accuracy is unknown,1,Department of Water Resources,NA,1,Department of Water Resources,NA,NA,9287,08N06E28P004M,NA,Unknown,Unknown,5-021.65,South American,Sacramento,182,Irrigation,Unknown,77854,1985-03-11 - 2001-05-23,29,fall,94.8,106.9,NA,NA,1987,5.85,2.8,9.27,5.86,Dry,SAC,1987-10-01T00:00:00Z,1988-10-01T00:00:00Z,-121.324,38.5117
385117N1213241W001,1295440,1987-03-17T00:00:00Z,70.41,69.41,0,88,-17.59,88,87,NA,Unknown,Water level accuracy is unknown,1,Department of Water Resources,NA,1,Department of Water Resources,NA,NA,9287,08N06E28P004M,NA,Unknown,Unknown,5-021.65,South American,Sacramento,182,Irrigation,Unknown,77854,1985-03-11 - 2001-05-23,29,spring,NA,NA,85.7,107.2,1986,19.45,5.45,25.83,9.96,Wet,SAC,1986-10-01T00:00:00Z,1987-10-01T00:00:00Z,-121.324,38.5117
385117N1213241W001,1295439,1986-10-20T00:00:00Z,70.41,69.41,0,98.2,-27.79,98.2,97.2,NA,Unknown,Water level accuracy is unknown,1,Department of Water Resources,NA,1,Department of Water Resources,NA,NA,9287,08N06E28P004M,NA,Unknown,Unknown,5-021.65,South American,Sacramento,182,Irrigation,Unknown,77854,1985-03-11 - 2001-05-23,29,fall,94.8,106.9,NA,NA,1986,19.45,5.45,25.83,9.96,Wet,SAC,1986-10-01T00:00:00Z,1987-10-01T00:00:00Z,-121.324,38.5117
385117N1213241W001,1295438,1986-03-12T00:00:00Z,70.41,69.41,0,87.1,-16.69,87.1,86.1,NA,Unknown,Water level accuracy is unknown,1,Department of Water Resources,NA,1,Department of Water Resources,NA,NA,9287,08N06E28P004M,NA,Unknown,Unknown,5-021.65,South American,Sacramento,182,Irrigation,Unknown,77854,1985-03-11 - 2001-05-23,29,spring,NA,NA,85.7,107.2,1985,6.24,4,11.04,6.47,Dry,SAC,1985-10-01T00:00:00Z,1986-10-01T00:00:00Z,-121.324,38.5117
385117N1213241W001,1295437,1985-10-16T00:00:00Z,70.41,69.41,0,101.2,-30.79,101.2,100.2,NA,Unknown,Water level accuracy is unknown,1,Department of Water Resources,NA,1,Department of Water Resources,NA,NA,9287,08N06E28P004M,NA,Unknown,Unknown,5-021.65,South American,Sacramento,182,Irrigation,Unknown,77854,1985-03-11 - 2001-05-23,29,fall,94.8,106.9,NA,NA,1985,6.24,4,11.04,6.47,Dry,SAC,1985-10-01T00:00:00Z,1986-10-01T00:00:00Z,-121.324,38.5117
385117N1213241W001,1295436,1985-03-11T00:00:00Z,70.41,69.41,0,86.7,-16.29,86.7,85.7,NA,Unknown,Water level accuracy is unknown,1,Department of Water Resources,NA,1,Department of Water Resources,NA,NA,9287,08N06E28P004M,NA,Unknown,Unknown,5-021.65,South American,Sacramento,182,Irrigation,Unknown,77854,1985-03-11 - 2001-05-23,29,spring,NA,NA,85.7,107.2,1984,15.98,5.52,22.35,10,Wet,SAC,1984-10-01T00:00:00Z,1985-10-01T00:00:00Z,-121.324,38.5117
