SITE_CODE,WLM_ID,MSMT_DATE,WLM_RPE,WLM_GSE,RDNG_WS,RDNG_RP,WSE,RPE_WSE,GSE_WSE,WLM_QA_DESC,WLM_DESC,WLM_ACC_DESC,WLM_ORG_ID,WLM_ORG_NAME,MSMT_CMT,COOP_AGENCY_ORG_ID,COOP_ORG_NAME,TOP_PRF,BOT_PRF,STN_ID,SWN,WELL_NAME,WLM_METHOD,WLM_ACC,BASIN_CODE,BASIN_NAME,COUNTY_NAME,WELL_DEPTH,WELL_USE,WELL_TYPE,WCR_NO,t_range,n_samples,X,Y
385177N1212619W001,2230608,2017-01-13T00:00:00Z,143.92,143.42,0,161.7,-17.78,161.7,161.2,NA,Electric sounder measurement,Water level accuracy to nearest tenth of a foot,1,Department of Water Resources,NA,1,Department of Water Resources,NA,NA,9284,08N06E25J002M,NA,Unknown,Unknown,5-021.65,South American,Sacramento,200,Residential,Unknown,NA,1966-03-22 - 2017-03-01,143,-121.262,38.5177
385177N1212619W001,2223642,2016-12-19T00:00:00Z,143.92,143.42,0,163.4,-19.48,163.4,162.9,NA,Electric sounder measurement,Water level accuracy to nearest tenth of a foot,1,Department of Water Resources,NA,1,Department of Water Resources,NA,NA,9284,08N06E25J002M,NA,Unknown,Unknown,5-021.65,South American,Sacramento,200,Residential,Unknown,NA,1966-03-22 - 2017-03-01,143,-121.262,38.5177
385177N1212619W001,2220284,2016-11-21T00:00:00Z,143.92,143.42,0,164.1,-20.18,164.1,163.6,NA,Electric sounder measurement,Water level accuracy to nearest tenth of a foot,1,Department of Water Resources,NA,1,Department of Water Resources,NA,NA,9284,08N06E25J002M,NA,Unknown,Unknown,5-021.65,South American,Sacramento,200,Residential,Unknown,NA,1966-03-22 - 2017-03-01,143,-121.262,38.5177
385177N1212619W001,2214325,2016-10-18T00:00:00Z,143.92,143.42,0,164.4,-20.48,164.4,163.9,NA,Electric sounder measurement,Water level accuracy to nearest tenth of a foot,1,Department of Water Resources,NA,1,Department of Water Resources,NA,NA,9284,08N06E25J002M,NA,Unknown,Unknown,5-021.65,South American,Sacramento,200,Residential,Unknown,NA,1966-03-22 - 2017-03-01,143,-121.262,38.5177
385177N1212619W001,2211414,2016-09-13T00:00:00Z,143.92,143.42,0,164.2,-20.28,164.2,163.7,NA,Electric sounder measurement,Water level accuracy to nearest tenth of a foot,1,Department of Water Resources,NA,1,Department of Water Resources,NA,NA,9284,08N06E25J002M,NA,Unknown,Unknown,5-021.65,South American,Sacramento,200,Residential,Unknown,NA,1966-03-22 - 2017-03-01,143,-121.262,38.5177
385177N1212619W001,2211428,2016-08-18T00:00:00Z,143.92,143.42,0,164.2,-20.28,164.2,163.7,NA,Electric sounder measurement,Water level accuracy to nearest tenth of a foot,1,Department of Water Resources,NA,1,Department of Water Resources,NA,NA,9284,08N06E25J002M,NA,Unknown,Unknown,5-021.65,South American,Sacramento,200,Residential,Unknown,NA,1966-03-22 - 2017-03-01,143,-121.262,38.5177
385177N1212619W001,2201403,2016-07-18T00:00:00Z,143.92,143.42,0,163.4,-19.48,163.4,162.9,NA,Electric sounder measurement,Water level accuracy to nearest tenth of a foot,1,Department of Water Resources,NA,1,Department of Water Resources,NA,NA,9284,08N06E25J002M,NA,Unknown,Unknown,5-021.65,South American,Sacramento,200,Residential,Unknown,NA,1966-03-22 - 2017-03-01,143,-121.262,38.5177
385177N1212619W001,2199298,2016-06-30T00:00:00Z,143.92,143.42,0,163,-19.08,163,162.5,NA,Electric sounder measurement,Water level accuracy to nearest tenth of a foot,1,Department of Water Resources,NA,1,Department of Water Resources,NA,NA,9284,08N06E25J002M,NA,Unknown,Unknown,5-021.65,South American,Sacramento,200,Residential,Unknown,NA,1966-03-22 - 2017-03-01,143,-121.262,38.5177
385177N1212619W001,2196958,2016-05-26T00:00:00Z,143.92,143.42,0,160.6,-16.68,160.6,160.1,NA,Electric sounder measurement,Water level accuracy to nearest tenth of a foot,1,Department of Water Resources,NA,1,Department of Water Resources,NA,NA,9284,08N06E25J002M,NA,Unknown,Unknown,5-021.65,South American,Sacramento,200,Residential,Unknown,NA,1966-03-22 - 2017-03-01,143,-121.262,38.5177
385177N1212619W001,2192092,2016-04-19T00:00:00Z,143.92,143.42,0,160.4,-16.48,160.4,159.9,NA,Electric sounder measurement,Water level accuracy to nearest tenth of a foot,1,Department of Water Resources,NA,1,Department of Water Resources,NA,NA,9284,08N06E25J002M,NA,Unknown,Unknown,5-021.65,South American,Sacramento,200,Residential,Unknown,NA,1966-03-22 - 2017-03-01,143,-121.262,38.5177
385177N1212619W001,2185776,2016-03-24T00:00:00Z,143.92,143.42,0,162.2,-18.28,162.2,161.7,NA,Electric sounder measurement,Water level accuracy to nearest tenth of a foot,1,Department of Water Resources,NA,1,Department of Water Resources,NA,NA,9284,08N06E25J002M,NA,Unknown,Unknown,5-021.65,South American,Sacramento,200,Residential,Unknown,NA,1966-03-22 - 2017-03-01,143,-121.262,38.5177
385177N1212619W001,2182814,2016-02-25T00:00:00Z,143.92,143.42,0,162.2,-18.28,162.2,161.7,NA,Electric sounder measurement,Water level accuracy to nearest tenth of a foot,1,Department of Water Resources,NA,1,Department of Water Resources,NA,NA,9284,08N06E25J002M,NA,Unknown,Unknown,5-021.65,South American,Sacramento,200,Residential,Unknown,NA,1966-03-22 - 2017-03-01,143,-121.262,38.5177
385177N1212619W001,2180997,2016-01-25T00:00:00Z,143.92,143.42,0,162.6,-18.68,162.6,162.1,NA,Electric sounder measurement,Water level accuracy to nearest tenth of a foot,1,Department of Water Resources,NA,1,Department of Water Resources,NA,NA,9284,08N06E25J002M,NA,Unknown,Unknown,5-021.65,South American,Sacramento,200,Residential,Unknown,NA,1966-03-22 - 2017-03-01,143,-121.262,38.5177
385177N1212619W001,2178015,2015-12-29T00:00:00Z,143.92,143.42,0,162.7,-18.78,162.7,162.2,NA,Electric sounder measurement,Water level accuracy to nearest tenth of a foot,1,Department of Water Resources,NA,1,Department of Water Resources,NA,NA,9284,08N06E25J002M,NA,Unknown,Unknown,5-021.65,South American,Sacramento,200,Residential,Unknown,NA,1966-03-22 - 2017-03-01,143,-121.262,38.5177
385177N1212619W001,2157730,2015-10-13T00:00:00Z,143.92,143.42,0,162.8,-18.88,162.8,162.3,NA,Electric sounder measurement,Water level accuracy to nearest tenth of a foot,1,Department of Water Resources,NA,1,Department of Water Resources,NA,NA,9284,08N06E25J002M,NA,Unknown,Unknown,5-021.65,South American,Sacramento,200,Residential,Unknown,NA,1966-03-22 - 2017-03-01,143,-121.262,38.5177
385177N1212619W001,2153099,2015-09-01T00:00:00Z,143.92,143.42,0,162.6,-18.68,162.6,162.1,NA,Electric sounder measurement,Water level accuracy to nearest tenth of a foot,1,Department of Water Resources,NA,1,Department of Water Resources,NA,NA,9284,08N06E25J002M,NA,Unknown,Unknown,5-021.65,South American,Sacramento,200,Residential,Unknown,NA,1966-03-22 - 2017-03-01,143,-121.262,38.5177
385177N1212619W001,2150907,2015-08-27T00:00:00Z,143.92,143.42,0,162,-18.08,162,161.5,NA,Electric sounder measurement,Water level accuracy to nearest tenth of a foot,1,Department of Water Resources,NA,1,Department of Water Resources,NA,NA,9284,08N06E25J002M,NA,Unknown,Unknown,5-021.65,South American,Sacramento,200,Residential,Unknown,NA,1966-03-22 - 2017-03-01,143,-121.262,38.5177
385177N1212619W001,2143350,2015-06-19T00:00:00Z,143.92,143.42,0,161.5,-17.58,161.5,161,NA,Electric sounder measurement,Water level accuracy to nearest tenth of a foot,1,Department of Water Resources,NA,1,Department of Water Resources,NA,NA,9284,08N06E25J002M,NA,Unknown,Unknown,5-021.65,South American,Sacramento,200,Residential,Unknown,NA,1966-03-22 - 2017-03-01,143,-121.262,38.5177
385177N1212619W001,2140434,2015-05-28T00:00:00Z,143.92,143.42,0,161.6,-17.68,161.6,161.1,NA,Electric sounder measurement,Water level accuracy to nearest tenth of a foot,1,Department of Water Resources,NA,1,Department of Water Resources,NA,NA,9284,08N06E25J002M,NA,Unknown,Unknown,5-021.65,South American,Sacramento,200,Residential,Unknown,NA,1966-03-22 - 2017-03-01,143,-121.262,38.5177
385177N1212619W001,2136200,2015-04-20T00:00:00Z,143.92,143.42,0,159.4,-15.48,159.4,158.9,NA,Electric sounder measurement,Water level accuracy to nearest tenth of a foot,1,Department of Water Resources,NA,1,Department of Water Resources,NA,NA,9284,08N06E25J002M,NA,Unknown,Unknown,5-021.65,South American,Sacramento,200,Residential,Unknown,NA,1966-03-22 - 2017-03-01,143,-121.262,38.5177
385177N1212619W001,2119297,2015-03-18T00:00:00Z,143.92,143.42,0,159.9,-15.98,159.9,159.4,NA,Electric sounder measurement,Water level accuracy to nearest tenth of a foot,1,Department of Water Resources,NA,1,Department of Water Resources,NA,NA,9284,08N06E25J002M,NA,Unknown,Unknown,5-021.65,South American,Sacramento,200,Residential,Unknown,NA,1966-03-22 - 2017-03-01,143,-121.262,38.5177
385177N1212619W001,2115202,2015-02-24T00:00:00Z,143.92,143.42,0,160,-16.08,160,159.5,NA,Electric sounder measurement,Water level accuracy to nearest tenth of a foot,1,Department of Water Resources,NA,1,Department of Water Resources,NA,NA,9284,08N06E25J002M,NA,Unknown,Unknown,5-021.65,South American,Sacramento,200,Residential,Unknown,NA,1966-03-22 - 2017-03-01,143,-121.262,38.5177
385177N1212619W001,2113529,2015-01-16T00:00:00Z,143.92,143.42,0,160.3,-16.38,160.3,159.8,NA,Electric sounder measurement,Water level accuracy to nearest tenth of a foot,1,Department of Water Resources,NA,1,Department of Water Resources,NA,NA,9284,08N06E25J002M,NA,Unknown,Unknown,5-021.65,South American,Sacramento,200,Residential,Unknown,NA,1966-03-22 - 2017-03-01,143,-121.262,38.5177
385177N1212619W001,2109762,2014-12-30T00:00:00Z,143.92,143.42,0,160.3,-16.38,160.3,159.8,NA,Electric sounder measurement,Water level accuracy to nearest tenth of a foot,1,Department of Water Resources,NA,1,Department of Water Resources,NA,NA,9284,08N06E25J002M,NA,Unknown,Unknown,5-021.65,South American,Sacramento,200,Residential,Unknown,NA,1966-03-22 - 2017-03-01,143,-121.262,38.5177
385177N1212619W001,2106798,2014-11-21T00:00:00Z,143.92,143.42,0,161.1,-17.18,161.1,160.6,NA,Electric sounder measurement,Water level accuracy to nearest tenth of a foot,1,Department of Water Resources,NA,1,Department of Water Resources,NA,NA,9284,08N06E25J002M,NA,Unknown,Unknown,5-021.65,South American,Sacramento,200,Residential,Unknown,NA,1966-03-22 - 2017-03-01,143,-121.262,38.5177
385177N1212619W001,2019258,2014-10-20T00:00:00Z,143.92,143.42,0,161.4,-17.48,161.4,160.9,NA,Electric sounder measurement,Water level accuracy to nearest tenth of a foot,1,Department of Water Resources,NA,1,Department of Water Resources,NA,NA,9284,08N06E25J002M,NA,Unknown,Unknown,5-021.65,South American,Sacramento,200,Residential,Unknown,NA,1966-03-22 - 2017-03-01,143,-121.262,38.5177
385177N1212619W001,2002108,2014-09-19T00:00:00Z,143.92,143.42,0,162.3,-18.38,162.3,161.8,NA,Electric sounder measurement,Water level accuracy to nearest tenth of a foot,1,Department of Water Resources,NA,1,Department of Water Resources,NA,NA,9284,08N06E25J002M,NA,Unknown,Unknown,5-021.65,South American,Sacramento,200,Residential,Unknown,NA,1966-03-22 - 2017-03-01,143,-121.262,38.5177
385177N1212619W001,1995555,2014-08-20T00:00:00Z,143.92,143.42,0,161.6,-17.68,161.6,161.1,NA,Electric sounder measurement,Water level accuracy to nearest tenth of a foot,1,Department of Water Resources,NA,1,Department of Water Resources,NA,NA,9284,08N06E25J002M,NA,Unknown,Unknown,5-021.65,South American,Sacramento,200,Residential,Unknown,NA,1966-03-22 - 2017-03-01,143,-121.262,38.5177
385177N1212619W001,1993603,2014-06-25T00:00:00Z,143.92,143.42,0,161.3,-17.38,161.3,160.8,NA,Electric sounder measurement,Water level accuracy to nearest tenth of a foot,1,Department of Water Resources,NA,1,Department of Water Resources,NA,NA,9284,08N06E25J002M,NA,Unknown,Unknown,5-021.65,South American,Sacramento,200,Residential,Unknown,NA,1966-03-22 - 2017-03-01,143,-121.262,38.5177
385177N1212619W001,1991002,2014-06-25T00:00:00Z,143.92,143.42,0,161.3,-17.38,161.3,160.8,NA,Electric sounder measurement,Water level accuracy to nearest tenth of a foot,1,Department of Water Resources,NA,1,Department of Water Resources,NA,NA,9284,08N06E25J002M,NA,Unknown,Unknown,5-021.65,South American,Sacramento,200,Residential,Unknown,NA,1966-03-22 - 2017-03-01,143,-121.262,38.5177
385177N1212619W001,1977442,2014-05-08T00:00:00Z,143.92,143.42,0,158.8,-14.88,158.8,158.3,NA,Electric sounder measurement,Water level accuracy to nearest tenth of a foot,1,Department of Water Resources,NA,1,Department of Water Resources,NA,NA,9284,08N06E25J002M,NA,Unknown,Unknown,5-021.65,South American,Sacramento,200,Residential,Unknown,NA,1966-03-22 - 2017-03-01,143,-121.262,38.5177
385177N1212619W001,1975891,2014-04-15T00:00:00Z,143.92,143.42,0,159.7,-15.78,159.7,159.2,NA,Electric sounder measurement,Water level accuracy to nearest tenth of a foot,1,Department of Water Resources,NA,1,Department of Water Resources,NA,NA,9284,08N06E25J002M,NA,Unknown,Unknown,5-021.65,South American,Sacramento,200,Residential,Unknown,NA,1966-03-22 - 2017-03-01,143,-121.262,38.5177
385177N1212619W001,1877427,2014-03-10T00:00:00Z,143.92,143.42,0,158.9,-14.98,158.9,158.4,Pumped recently,Electric sounder measurement,Water level accuracy to nearest tenth of a foot,1,Department of Water Resources,NA,1,Department of Water Resources,NA,NA,9284,08N06E25J002M,NA,Unknown,Unknown,5-021.65,South American,Sacramento,200,Residential,Unknown,NA,1966-03-22 - 2017-03-01,143,-121.262,38.5177
385177N1212619W001,1876293,2014-02-24T00:00:00Z,143.92,143.42,0,159,-15.08,159,158.5,NA,Electric sounder measurement,Water level accuracy to nearest tenth of a foot,1,Department of Water Resources,NA,1,Department of Water Resources,NA,NA,9284,08N06E25J002M,NA,Unknown,Unknown,5-021.65,South American,Sacramento,200,Residential,Unknown,NA,1966-03-22 - 2017-03-01,143,-121.262,38.5177
385177N1212619W001,1825619,2014-01-27T00:00:00Z,143.92,143.42,0,159.4,-15.48,159.4,158.9,NA,Electric sounder measurement,Water level accuracy to nearest tenth of a foot,1,Department of Water Resources,NA,1,Department of Water Resources,NA,NA,9284,08N06E25J002M,NA,Unknown,Unknown,5-021.65,South American,Sacramento,200,Residential,Unknown,NA,1966-03-22 - 2017-03-01,143,-121.262,38.5177
385177N1212619W001,1823619,2013-12-26T00:00:00Z,143.92,143.42,0,159.7,-15.78,159.7,159.2,NA,Electric sounder measurement,Water level accuracy to nearest tenth of a foot,1,Department of Water Resources,NA,1,Department of Water Resources,NA,NA,9284,08N06E25J002M,NA,Unknown,Unknown,5-021.65,South American,Sacramento,200,Residential,Unknown,NA,1966-03-22 - 2017-03-01,143,-121.262,38.5177
385177N1212619W001,1808536,2013-12-03T00:00:00Z,143.92,143.42,0,160.9,-16.98,160.9,160.4,NA,Electric sounder measurement,Water level accuracy to nearest tenth of a foot,1,Department of Water Resources,NA,1,Department of Water Resources,NA,NA,9284,08N06E25J002M,NA,Unknown,Unknown,5-021.65,South American,Sacramento,200,Residential,Unknown,NA,1966-03-22 - 2017-03-01,143,-121.262,38.5177
385177N1212619W001,1797552,2013-10-29T00:00:00Z,143.92,143.42,0,160.4,-16.48,160.4,159.9,NA,Electric sounder measurement,Water level accuracy to nearest tenth of a foot,1,Department of Water Resources,NA,1,Department of Water Resources,NA,NA,9284,08N06E25J002M,NA,Unknown,Unknown,5-021.65,South American,Sacramento,200,Residential,Unknown,NA,1966-03-22 - 2017-03-01,143,-121.262,38.5177
385177N1212619W001,1795863,2013-09-25T00:00:00Z,143.92,143.42,0,161.1,-17.18,161.1,160.6,NA,Electric sounder measurement,Water level accuracy to nearest tenth of a foot,1,Department of Water Resources,NA,1,Department of Water Resources,NA,NA,9284,08N06E25J002M,NA,Unknown,Unknown,5-021.65,South American,Sacramento,200,Residential,Unknown,NA,1966-03-22 - 2017-03-01,143,-121.262,38.5177
385177N1212619W001,1745165,2013-08-29T00:00:00Z,143.92,143.42,0,161.1,-17.18,161.1,160.6,NA,Electric sounder measurement,Water level accuracy to nearest tenth of a foot,1,Department of Water Resources,NA,1,Department of Water Resources,NA,NA,9284,08N06E25J002M,NA,Unknown,Unknown,5-021.65,South American,Sacramento,200,Residential,Unknown,NA,1966-03-22 - 2017-03-01,143,-121.262,38.5177
385177N1212619W001,1735630,2013-06-24T00:00:00Z,143.92,143.42,0,160,-16.08,160,159.5,NA,Electric sounder measurement,Water level accuracy to nearest tenth of a foot,1,Department of Water Resources,NA,1,Department of Water Resources,NA,NA,9284,08N06E25J002M,NA,Unknown,Unknown,5-021.65,South American,Sacramento,200,Residential,Unknown,NA,1966-03-22 - 2017-03-01,143,-121.262,38.5177
385177N1212619W001,1703833,2013-03-18T00:00:00Z,143.92,143.42,0,161.5,-17.58,161.5,161,NA,Electric sounder measurement,Water level accuracy to nearest tenth of a foot,1,Department of Water Resources,NA,1,Department of Water Resources,NA,NA,9284,08N06E25J002M,NA,Unknown,Unknown,5-021.65,South American,Sacramento,200,Residential,Unknown,NA,1966-03-22 - 2017-03-01,143,-121.262,38.5177
385177N1212619W001,68867,2012-10-18T00:00:00Z,143.92,143.42,0,160.4,-16.48,160.4,159.9,NA,Electric sounder measurement,Water level accuracy to nearest tenth of a foot,1,Department of Water Resources,NA,1,Department of Water Resources,NA,NA,9284,08N06E25J002M,NA,Unknown,Unknown,5-021.65,South American,Sacramento,200,Residential,Unknown,NA,1966-03-22 - 2017-03-01,143,-121.262,38.5177
385177N1212619W001,1295355,2011-10-18T00:00:00Z,143.92,143.42,0,158.4,-14.48,158.4,157.9,NA,Unknown,Water level accuracy is unknown,1,Department of Water Resources,NA,1,Department of Water Resources,NA,NA,9284,08N06E25J002M,NA,Unknown,Unknown,5-021.65,South American,Sacramento,200,Residential,Unknown,NA,1966-03-22 - 2017-03-01,143,-121.262,38.5177
385177N1212619W001,1295354,2011-04-05T00:00:00Z,143.92,143.42,0,155.3,-11.38,155.3,154.8,Pumped recently,Unknown,Water level accuracy is unknown,1,Department of Water Resources,NA,1,Department of Water Resources,NA,NA,9284,08N06E25J002M,NA,Unknown,Unknown,5-021.65,South American,Sacramento,200,Residential,Unknown,NA,1966-03-22 - 2017-03-01,143,-121.262,38.5177
385177N1212619W001,1295353,2010-11-22T00:00:00Z,143.92,143.42,0,157.4,-13.48,157.4,156.9,NA,Unknown,Water level accuracy is unknown,1,Department of Water Resources,NA,1,Department of Water Resources,NA,NA,9284,08N06E25J002M,NA,Unknown,Unknown,5-021.65,South American,Sacramento,200,Residential,Unknown,NA,1966-03-22 - 2017-03-01,143,-121.262,38.5177
385177N1212619W001,1295352,2010-07-28T00:00:00Z,143.92,143.42,0,58.4,85.52,58.4,57.9,Recharge or surface water effects near well,Unknown,Water level accuracy is unknown,1,Department of Water Resources,NA,1,Department of Water Resources,NA,NA,9284,08N06E25J002M,NA,Unknown,Unknown,5-021.65,South American,Sacramento,200,Residential,Unknown,NA,1966-03-22 - 2017-03-01,143,-121.262,38.5177
385177N1212619W001,1295351,2010-03-22T00:00:00Z,143.92,143.42,0,154.8,-10.88,154.8,154.3,NA,Unknown,Water level accuracy is unknown,1,Department of Water Resources,NA,1,Department of Water Resources,NA,NA,9284,08N06E25J002M,NA,Unknown,Unknown,5-021.65,South American,Sacramento,200,Residential,Unknown,NA,1966-03-22 - 2017-03-01,143,-121.262,38.5177
385177N1212619W001,1295350,2009-10-15T00:00:00Z,143.92,143.42,0,156.9,-12.98,156.9,156.4,NA,Unknown,Water level accuracy is unknown,1,Department of Water Resources,NA,1,Department of Water Resources,NA,NA,9284,08N06E25J002M,NA,Unknown,Unknown,5-021.65,South American,Sacramento,200,Residential,Unknown,NA,1966-03-22 - 2017-03-01,143,-121.262,38.5177
385177N1212619W001,1295349,2009-09-16T00:00:00Z,143.92,143.42,0,157.3,-13.38,157.3,156.8,NA,Unknown,Water level accuracy is unknown,1,Department of Water Resources,NA,1,Department of Water Resources,NA,NA,9284,08N06E25J002M,NA,Unknown,Unknown,5-021.65,South American,Sacramento,200,Residential,Unknown,NA,1966-03-22 - 2017-03-01,143,-121.262,38.5177
385177N1212619W001,1295348,2009-08-13T00:00:00Z,143.92,143.42,0,157.9,-13.98,157.9,157.4,NA,Unknown,Water level accuracy is unknown,1,Department of Water Resources,NA,1,Department of Water Resources,NA,NA,9284,08N06E25J002M,NA,Unknown,Unknown,5-021.65,South American,Sacramento,200,Residential,Unknown,NA,1966-03-22 - 2017-03-01,143,-121.262,38.5177
385177N1212619W001,1295347,2009-07-15T00:00:00Z,143.92,143.42,0,157.8,-13.88,157.8,157.3,NA,Unknown,Water level accuracy is unknown,1,Department of Water Resources,NA,1,Department of Water Resources,NA,NA,9284,08N06E25J002M,NA,Unknown,Unknown,5-021.65,South American,Sacramento,200,Residential,Unknown,NA,1966-03-22 - 2017-03-01,143,-121.262,38.5177
385177N1212619W001,1295346,2009-06-22T00:00:00Z,143.92,143.42,0,156,-12.08,156,155.5,NA,Unknown,Water level accuracy is unknown,1,Department of Water Resources,NA,1,Department of Water Resources,NA,NA,9284,08N06E25J002M,NA,Unknown,Unknown,5-021.65,South American,Sacramento,200,Residential,Unknown,NA,1966-03-22 - 2017-03-01,143,-121.262,38.5177
385177N1212619W001,1295345,2009-05-14T00:00:00Z,143.92,143.42,0,158.6,-14.68,158.6,158.1,NA,Unknown,Water level accuracy is unknown,1,Department of Water Resources,NA,1,Department of Water Resources,NA,NA,9284,08N06E25J002M,NA,Unknown,Unknown,5-021.65,South American,Sacramento,200,Residential,Unknown,NA,1966-03-22 - 2017-03-01,143,-121.262,38.5177
385177N1212619W001,1295344,2009-04-16T00:00:00Z,143.92,143.42,0,154.1,-10.18,154.1,153.6,NA,Unknown,Water level accuracy is unknown,1,Department of Water Resources,NA,1,Department of Water Resources,NA,NA,9284,08N06E25J002M,NA,Unknown,Unknown,5-021.65,South American,Sacramento,200,Residential,Unknown,NA,1966-03-22 - 2017-03-01,143,-121.262,38.5177
385177N1212619W001,1295343,2008-10-29T00:00:00Z,143.92,143.42,0,155.2,-11.28,155.2,154.7,NA,Unknown,Water level accuracy is unknown,1,Department of Water Resources,NA,1,Department of Water Resources,NA,NA,9284,08N06E25J002M,NA,Unknown,Unknown,5-021.65,South American,Sacramento,200,Residential,Unknown,NA,1966-03-22 - 2017-03-01,143,-121.262,38.5177
385177N1212619W001,1295342,2008-03-20T00:00:00Z,143.92,143.42,0,151.8,-7.88,151.8,151.3,NA,Unknown,Water level accuracy is unknown,1,Department of Water Resources,NA,1,Department of Water Resources,NA,NA,9284,08N06E25J002M,NA,Unknown,Unknown,5-021.65,South American,Sacramento,200,Residential,Unknown,NA,1966-03-22 - 2017-03-01,143,-121.262,38.5177
385177N1212619W001,1295341,2007-10-30T00:00:00Z,143.92,143.42,0,154,-10.08,154,153.5,NA,Unknown,Water level accuracy is unknown,1,Department of Water Resources,NA,1,Department of Water Resources,NA,NA,9284,08N06E25J002M,NA,Unknown,Unknown,5-021.65,South American,Sacramento,200,Residential,Unknown,NA,1966-03-22 - 2017-03-01,143,-121.262,38.5177
385177N1212619W001,1295340,2007-04-06T00:00:00Z,143.92,143.42,0,150.6,-6.68,150.6,150.1,NA,Unknown,Water level accuracy is unknown,1,Department of Water Resources,NA,1,Department of Water Resources,NA,NA,9284,08N06E25J002M,NA,Unknown,Unknown,5-021.65,South American,Sacramento,200,Residential,Unknown,NA,1966-03-22 - 2017-03-01,143,-121.262,38.5177
385177N1212619W001,1295339,2006-10-18T00:00:00Z,143.92,143.42,0,153.4,-9.48,153.4,152.9,NA,Unknown,Water level accuracy is unknown,1,Department of Water Resources,NA,1,Department of Water Resources,NA,NA,9284,08N06E25J002M,NA,Unknown,Unknown,5-021.65,South American,Sacramento,200,Residential,Unknown,NA,1966-03-22 - 2017-03-01,143,-121.262,38.5177
385177N1212619W001,1295338,2006-05-11T00:00:00Z,143.92,143.42,0,149.5,-5.58,149.5,149,NA,Unknown,Water level accuracy is unknown,1,Department of Water Resources,NA,1,Department of Water Resources,NA,NA,9284,08N06E25J002M,NA,Unknown,Unknown,5-021.65,South American,Sacramento,200,Residential,Unknown,NA,1966-03-22 - 2017-03-01,143,-121.262,38.5177
385177N1212619W001,1295337,2005-11-30T00:00:00Z,143.92,143.42,0,150.8,-6.88,150.8,150.3,NA,Unknown,Water level accuracy is unknown,1,Department of Water Resources,NA,1,Department of Water Resources,NA,NA,9284,08N06E25J002M,NA,Unknown,Unknown,5-021.65,South American,Sacramento,200,Residential,Unknown,NA,1966-03-22 - 2017-03-01,143,-121.262,38.5177
385177N1212619W001,1295336,2005-04-13T00:00:00Z,143.92,143.42,0,149.6,-5.68,149.6,149.1,NA,Unknown,Water level accuracy is unknown,1,Department of Water Resources,NA,1,Department of Water Resources,NA,NA,9284,08N06E25J002M,NA,Unknown,Unknown,5-021.65,South American,Sacramento,200,Residential,Unknown,NA,1966-03-22 - 2017-03-01,143,-121.262,38.5177
385177N1212619W001,1295335,2004-10-28T00:00:00Z,143.92,143.42,0,149.9,-5.98,149.9,149.4,NA,Unknown,Water level accuracy is unknown,1,Department of Water Resources,NA,1,Department of Water Resources,NA,NA,9284,08N06E25J002M,NA,Unknown,Unknown,5-021.65,South American,Sacramento,200,Residential,Unknown,NA,1966-03-22 - 2017-03-01,143,-121.262,38.5177
385177N1212619W001,1295334,2004-03-23T00:00:00Z,143.92,143.42,0,146.2,-2.28,146.2,145.7,NA,Unknown,Water level accuracy is unknown,1,Department of Water Resources,NA,1,Department of Water Resources,NA,NA,9284,08N06E25J002M,NA,Unknown,Unknown,5-021.65,South American,Sacramento,200,Residential,Unknown,NA,1966-03-22 - 2017-03-01,143,-121.262,38.5177
385177N1212619W001,1295333,2003-10-27T00:00:00Z,143.92,143.42,0,148.6,-4.68,148.6,148.1,NA,Unknown,Water level accuracy is unknown,1,Department of Water Resources,NA,1,Department of Water Resources,NA,NA,9284,08N06E25J002M,NA,Unknown,Unknown,5-021.65,South American,Sacramento,200,Residential,Unknown,NA,1966-03-22 - 2017-03-01,143,-121.262,38.5177
385177N1212619W001,1295330,2002-04-11T00:00:00Z,143.92,143.42,0,143.9,0.02,143.9,143.4,NA,Unknown,Water level accuracy is unknown,1,Department of Water Resources,NA,1,Department of Water Resources,NA,NA,9284,08N06E25J002M,NA,Unknown,Unknown,5-021.65,South American,Sacramento,200,Residential,Unknown,NA,1966-03-22 - 2017-03-01,143,-121.262,38.5177
385177N1212619W001,1295329,2001-11-26T00:00:00Z,143.92,143.42,0,144.9,-0.98,144.9,144.4,NA,Unknown,Water level accuracy is unknown,1,Department of Water Resources,NA,1,Department of Water Resources,NA,NA,9284,08N06E25J002M,NA,Unknown,Unknown,5-021.65,South American,Sacramento,200,Residential,Unknown,NA,1966-03-22 - 2017-03-01,143,-121.262,38.5177
385177N1212619W001,1295323,2000-05-03T00:00:00Z,143.92,143.42,0,144.1,-0.18,144.1,143.6,NA,Unknown,Water level accuracy is unknown,1,Department of Water Resources,NA,1,Department of Water Resources,NA,NA,9284,08N06E25J002M,NA,Unknown,Unknown,5-021.65,South American,Sacramento,200,Residential,Unknown,NA,1966-03-22 - 2017-03-01,143,-121.262,38.5177
385177N1212619W001,1295321,1999-04-26T00:00:00Z,143.92,143.42,0,144,-0.08,144,143.5,NA,Unknown,Water level accuracy is unknown,1,Department of Water Resources,NA,1,Department of Water Resources,NA,NA,9284,08N06E25J002M,NA,Unknown,Unknown,5-021.65,South American,Sacramento,200,Residential,Unknown,NA,1966-03-22 - 2017-03-01,143,-121.262,38.5177
385177N1212619W001,1295327,1998-11-10T00:00:00Z,143.92,143.42,0,145.2,-1.28,145.2,144.7,NA,Unknown,Water level accuracy is unknown,1,Department of Water Resources,NA,1,Department of Water Resources,NA,NA,9284,08N06E25J002M,NA,Unknown,Unknown,5-021.65,South American,Sacramento,200,Residential,Unknown,NA,1966-03-22 - 2017-03-01,143,-121.262,38.5177
385177N1212619W001,1295325,1997-11-06T00:00:00Z,143.92,143.42,0,146,-2.08,146,145.5,NA,Unknown,Water level accuracy is unknown,1,Department of Water Resources,NA,1,Department of Water Resources,NA,NA,9284,08N06E25J002M,NA,Unknown,Unknown,5-021.65,South American,Sacramento,200,Residential,Unknown,NA,1966-03-22 - 2017-03-01,143,-121.262,38.5177
385177N1212619W001,1295326,1997-04-21T00:00:00Z,143.92,143.42,0,144.1,-0.18,144.1,143.6,NA,Unknown,Water level accuracy is unknown,1,Department of Water Resources,NA,1,Department of Water Resources,NA,NA,9284,08N06E25J002M,NA,Unknown,Unknown,5-021.65,South American,Sacramento,200,Residential,Unknown,NA,1966-03-22 - 2017-03-01,143,-121.262,38.5177
385177N1212619W001,1295320,1996-12-11T00:00:00Z,143.92,143.42,0,144.1,-0.18,144.1,143.6,NA,Unknown,Water level accuracy is unknown,1,Department of Water Resources,NA,1,Department of Water Resources,NA,NA,9284,08N06E25J002M,NA,Unknown,Unknown,5-021.65,South American,Sacramento,200,Residential,Unknown,NA,1966-03-22 - 2017-03-01,143,-121.262,38.5177
385177N1212619W001,1295319,1996-04-26T00:00:00Z,143.92,143.42,0,142.7,1.22,142.7,142.2,NA,Unknown,Water level accuracy is unknown,1,Department of Water Resources,NA,1,Department of Water Resources,NA,NA,9284,08N06E25J002M,NA,Unknown,Unknown,5-021.65,South American,Sacramento,200,Residential,Unknown,NA,1966-03-22 - 2017-03-01,143,-121.262,38.5177
385177N1212619W001,1295318,1995-12-08T00:00:00Z,143.92,143.42,0,144,-0.08,144,143.5,NA,Unknown,Water level accuracy is unknown,1,Department of Water Resources,NA,1,Department of Water Resources,NA,NA,9284,08N06E25J002M,NA,Unknown,Unknown,5-021.65,South American,Sacramento,200,Residential,Unknown,NA,1966-03-22 - 2017-03-01,143,-121.262,38.5177
385177N1212619W001,1295317,1995-04-17T00:00:00Z,143.92,143.42,0,142.1,1.82,142.1,141.6,NA,Unknown,Water level accuracy is unknown,1,Department of Water Resources,NA,1,Department of Water Resources,NA,NA,9284,08N06E25J002M,NA,Unknown,Unknown,5-021.65,South American,Sacramento,200,Residential,Unknown,NA,1966-03-22 - 2017-03-01,143,-121.262,38.5177
385177N1212619W001,1295316,1994-12-05T00:00:00Z,143.92,143.42,0,143.1,0.82,143.1,142.6,NA,Unknown,Water level accuracy is unknown,1,Department of Water Resources,NA,1,Department of Water Resources,NA,NA,9284,08N06E25J002M,NA,Unknown,Unknown,5-021.65,South American,Sacramento,200,Residential,Unknown,NA,1966-03-22 - 2017-03-01,143,-121.262,38.5177
385177N1212619W001,1295315,1994-03-16T00:00:00Z,143.92,143.42,0,141.1,2.82,141.1,140.6,NA,Unknown,Water level accuracy is unknown,1,Department of Water Resources,NA,1,Department of Water Resources,NA,NA,9284,08N06E25J002M,NA,Unknown,Unknown,5-021.65,South American,Sacramento,200,Residential,Unknown,NA,1966-03-22 - 2017-03-01,143,-121.262,38.5177
385177N1212619W001,1295314,1993-11-17T00:00:00Z,143.92,143.42,0,143.2,0.72,143.2,142.7,NA,Unknown,Water level accuracy is unknown,1,Department of Water Resources,NA,1,Department of Water Resources,NA,NA,9284,08N06E25J002M,NA,Unknown,Unknown,5-021.65,South American,Sacramento,200,Residential,Unknown,NA,1966-03-22 - 2017-03-01,143,-121.262,38.5177
385177N1212619W001,1295313,1993-03-22T00:00:00Z,143.92,143.42,0,139.9,4.02,139.9,139.4,NA,Unknown,Water level accuracy is unknown,1,Department of Water Resources,NA,1,Department of Water Resources,NA,NA,9284,08N06E25J002M,NA,Unknown,Unknown,5-021.65,South American,Sacramento,200,Residential,Unknown,NA,1966-03-22 - 2017-03-01,143,-121.262,38.5177
385177N1212619W001,1295312,1993-01-19T00:00:00Z,143.92,143.42,0,140.2,3.72,140.2,139.7,NA,Unknown,Water level accuracy is unknown,1,Department of Water Resources,NA,1,Department of Water Resources,NA,NA,9284,08N06E25J002M,NA,Unknown,Unknown,5-021.65,South American,Sacramento,200,Residential,Unknown,NA,1966-03-22 - 2017-03-01,143,-121.262,38.5177
385177N1212619W001,1295310,1991-03-13T00:00:00Z,143.92,143.42,0,139,4.92,139,138.5,NA,Unknown,Water level accuracy is unknown,1,Department of Water Resources,NA,1,Department of Water Resources,NA,NA,9284,08N06E25J002M,NA,Unknown,Unknown,5-021.65,South American,Sacramento,200,Residential,Unknown,NA,1966-03-22 - 2017-03-01,143,-121.262,38.5177
385177N1212619W001,1295309,1990-10-17T00:00:00Z,143.92,143.42,0,139.1,4.82,139.1,138.6,NA,Unknown,Water level accuracy is unknown,1,Department of Water Resources,NA,1,Department of Water Resources,NA,NA,9284,08N06E25J002M,NA,Unknown,Unknown,5-021.65,South American,Sacramento,200,Residential,Unknown,NA,1966-03-22 - 2017-03-01,143,-121.262,38.5177
385177N1212619W001,1295308,1990-03-23T00:00:00Z,143.92,143.42,0,135.7,8.22,135.7,135.2,NA,Unknown,Water level accuracy is unknown,1,Department of Water Resources,NA,1,Department of Water Resources,NA,NA,9284,08N06E25J002M,NA,Unknown,Unknown,5-021.65,South American,Sacramento,200,Residential,Unknown,NA,1966-03-22 - 2017-03-01,143,-121.262,38.5177
385177N1212619W001,1295307,1989-10-13T00:00:00Z,143.92,143.42,0,137.2,6.72,137.2,136.7,NA,Unknown,Water level accuracy is unknown,1,Department of Water Resources,NA,1,Department of Water Resources,NA,NA,9284,08N06E25J002M,NA,Unknown,Unknown,5-021.65,South American,Sacramento,200,Residential,Unknown,NA,1966-03-22 - 2017-03-01,143,-121.262,38.5177
385177N1212619W001,1295306,1989-03-23T00:00:00Z,143.92,143.42,0,134.4,9.52,134.4,133.9,NA,Unknown,Water level accuracy is unknown,1,Department of Water Resources,NA,1,Department of Water Resources,NA,NA,9284,08N06E25J002M,NA,Unknown,Unknown,5-021.65,South American,Sacramento,200,Residential,Unknown,NA,1966-03-22 - 2017-03-01,143,-121.262,38.5177
385177N1212619W001,1295305,1988-10-17T00:00:00Z,143.92,143.42,0,137.2,6.72,137.2,136.7,NA,Unknown,Water level accuracy is unknown,1,Department of Water Resources,NA,1,Department of Water Resources,NA,NA,9284,08N06E25J002M,NA,Unknown,Unknown,5-021.65,South American,Sacramento,200,Residential,Unknown,NA,1966-03-22 - 2017-03-01,143,-121.262,38.5177
385177N1212619W001,1295304,1988-03-15T00:00:00Z,143.92,143.42,0,134.9,9.02,134.9,134.4,NA,Unknown,Water level accuracy is unknown,1,Department of Water Resources,NA,1,Department of Water Resources,NA,NA,9284,08N06E25J002M,NA,Unknown,Unknown,5-021.65,South American,Sacramento,200,Residential,Unknown,NA,1966-03-22 - 2017-03-01,143,-121.262,38.5177
385177N1212619W001,1295303,1987-10-19T00:00:00Z,143.92,143.42,0,136,7.92,136,135.5,NA,Unknown,Water level accuracy is unknown,1,Department of Water Resources,NA,1,Department of Water Resources,NA,NA,9284,08N06E25J002M,NA,Unknown,Unknown,5-021.65,South American,Sacramento,200,Residential,Unknown,NA,1966-03-22 - 2017-03-01,143,-121.262,38.5177
385177N1212619W001,1295302,1987-03-17T00:00:00Z,143.92,143.42,0,132.4,11.52,132.4,131.9,NA,Unknown,Water level accuracy is unknown,1,Department of Water Resources,NA,1,Department of Water Resources,NA,NA,9284,08N06E25J002M,NA,Unknown,Unknown,5-021.65,South American,Sacramento,200,Residential,Unknown,NA,1966-03-22 - 2017-03-01,143,-121.262,38.5177
385177N1212619W001,1295301,1986-10-20T00:00:00Z,143.92,143.42,0,134.8,9.12,134.8,134.3,NA,Unknown,Water level accuracy is unknown,1,Department of Water Resources,NA,1,Department of Water Resources,NA,NA,9284,08N06E25J002M,NA,Unknown,Unknown,5-021.65,South American,Sacramento,200,Residential,Unknown,NA,1966-03-22 - 2017-03-01,143,-121.262,38.5177
385177N1212619W001,1295300,1986-03-12T00:00:00Z,143.92,143.42,0,131.9,12.02,131.9,131.4,NA,Unknown,Water level accuracy is unknown,1,Department of Water Resources,NA,1,Department of Water Resources,NA,NA,9284,08N06E25J002M,NA,Unknown,Unknown,5-021.65,South American,Sacramento,200,Residential,Unknown,NA,1966-03-22 - 2017-03-01,143,-121.262,38.5177
385177N1212619W001,1295299,1985-10-16T00:00:00Z,143.92,143.42,0,135,8.92,135,134.5,NA,Unknown,Water level accuracy is unknown,1,Department of Water Resources,NA,1,Department of Water Resources,NA,NA,9284,08N06E25J002M,NA,Unknown,Unknown,5-021.65,South American,Sacramento,200,Residential,Unknown,NA,1966-03-22 - 2017-03-01,143,-121.262,38.5177
385177N1212619W001,1295298,1985-03-08T00:00:00Z,143.92,143.42,0,131.8,12.12,131.8,131.3,NA,Unknown,Water level accuracy is unknown,1,Department of Water Resources,NA,1,Department of Water Resources,NA,NA,9284,08N06E25J002M,NA,Unknown,Unknown,5-021.65,South American,Sacramento,200,Residential,Unknown,NA,1966-03-22 - 2017-03-01,143,-121.262,38.5177
385177N1212619W001,1295297,1984-10-25T00:00:00Z,143.92,143.42,0,135,8.92,135,134.5,NA,Unknown,Water level accuracy is unknown,1,Department of Water Resources,NA,1,Department of Water Resources,NA,NA,9284,08N06E25J002M,NA,Unknown,Unknown,5-021.65,South American,Sacramento,200,Residential,Unknown,NA,1966-03-22 - 2017-03-01,143,-121.262,38.5177
385177N1212619W001,1295296,1984-03-14T00:00:00Z,143.92,143.42,0,132.4,11.52,132.4,131.9,NA,Unknown,Water level accuracy is unknown,1,Department of Water Resources,NA,1,Department of Water Resources,NA,NA,9284,08N06E25J002M,NA,Unknown,Unknown,5-021.65,South American,Sacramento,200,Residential,Unknown,NA,1966-03-22 - 2017-03-01,143,-121.262,38.5177
385177N1212619W001,1295295,1983-10-07T00:00:00Z,143.92,143.42,0,135.6,8.32,135.6,135.1,NA,Unknown,Water level accuracy is unknown,1,Department of Water Resources,NA,1,Department of Water Resources,NA,NA,9284,08N06E25J002M,NA,Unknown,Unknown,5-021.65,South American,Sacramento,200,Residential,Unknown,NA,1966-03-22 - 2017-03-01,143,-121.262,38.5177
385177N1212619W001,1295294,1983-03-16T00:00:00Z,143.92,143.42,0,133.6,10.32,133.6,133.1,NA,Unknown,Water level accuracy is unknown,1,Department of Water Resources,NA,1,Department of Water Resources,NA,NA,9284,08N06E25J002M,NA,Unknown,Unknown,5-021.65,South American,Sacramento,200,Residential,Unknown,NA,1966-03-22 - 2017-03-01,143,-121.262,38.5177
385177N1212619W001,1295293,1982-10-20T00:00:00Z,143.92,143.42,0,136.6,7.32,136.6,136.1,NA,Unknown,Water level accuracy is unknown,1,Department of Water Resources,NA,1,Department of Water Resources,NA,NA,9284,08N06E25J002M,NA,Unknown,Unknown,5-021.65,South American,Sacramento,200,Residential,Unknown,NA,1966-03-22 - 2017-03-01,143,-121.262,38.5177
385177N1212619W001,1295292,1982-03-08T00:00:00Z,143.92,143.42,0,134.2,9.72,134.2,133.7,NA,Unknown,Water level accuracy is unknown,1,Department of Water Resources,NA,1,Department of Water Resources,NA,NA,9284,08N06E25J002M,NA,Unknown,Unknown,5-021.65,South American,Sacramento,200,Residential,Unknown,NA,1966-03-22 - 2017-03-01,143,-121.262,38.5177
385177N1212619W001,1295291,1981-10-01T00:00:00Z,143.92,143.42,0,136.2,7.72,136.2,135.7,NA,Unknown,Water level accuracy is unknown,1,Department of Water Resources,NA,1,Department of Water Resources,NA,NA,9284,08N06E25J002M,NA,Unknown,Unknown,5-021.65,South American,Sacramento,200,Residential,Unknown,NA,1966-03-22 - 2017-03-01,143,-121.262,38.5177
385177N1212619W001,1295290,1981-03-23T00:00:00Z,143.92,143.42,0,133,10.92,133,132.5,NA,Unknown,Water level accuracy is unknown,1,Department of Water Resources,NA,1,Department of Water Resources,NA,NA,9284,08N06E25J002M,NA,Unknown,Unknown,5-021.65,South American,Sacramento,200,Residential,Unknown,NA,1966-03-22 - 2017-03-01,143,-121.262,38.5177
385177N1212619W001,1295289,1980-10-07T00:00:00Z,143.92,143.42,0,134.2,9.72,134.2,133.7,NA,Unknown,Water level accuracy is unknown,1,Department of Water Resources,NA,1,Department of Water Resources,NA,NA,9284,08N06E25J002M,NA,Unknown,Unknown,5-021.65,South American,Sacramento,200,Residential,Unknown,NA,1966-03-22 - 2017-03-01,143,-121.262,38.5177
385177N1212619W001,1295288,1980-03-21T00:00:00Z,143.92,143.42,0,131.6,12.32,131.6,131.1,NA,Unknown,Water level accuracy is unknown,1,Department of Water Resources,NA,1,Department of Water Resources,NA,NA,9284,08N06E25J002M,NA,Unknown,Unknown,5-021.65,South American,Sacramento,200,Residential,Unknown,NA,1966-03-22 - 2017-03-01,143,-121.262,38.5177
385177N1212619W001,1295287,1979-10-17T00:00:00Z,143.92,143.42,0,133.8,10.12,133.8,133.3,NA,Unknown,Water level accuracy is unknown,1,Department of Water Resources,NA,1,Department of Water Resources,NA,NA,9284,08N06E25J002M,NA,Unknown,Unknown,5-021.65,South American,Sacramento,200,Residential,Unknown,NA,1966-03-22 - 2017-03-01,143,-121.262,38.5177
385177N1212619W001,1295286,1979-03-26T00:00:00Z,143.92,143.42,0,129.5,14.42,129.5,129,NA,Unknown,Water level accuracy is unknown,1,Department of Water Resources,NA,1,Department of Water Resources,NA,NA,9284,08N06E25J002M,NA,Unknown,Unknown,5-021.65,South American,Sacramento,200,Residential,Unknown,NA,1966-03-22 - 2017-03-01,143,-121.262,38.5177
385177N1212619W001,1295285,1978-10-16T00:00:00Z,143.92,143.42,0,131.1,12.82,131.1,130.6,NA,Unknown,Water level accuracy is unknown,1,Department of Water Resources,NA,1,Department of Water Resources,NA,NA,9284,08N06E25J002M,NA,Unknown,Unknown,5-021.65,South American,Sacramento,200,Residential,Unknown,NA,1966-03-22 - 2017-03-01,143,-121.262,38.5177
385177N1212619W001,1295284,1978-03-17T00:00:00Z,143.92,143.42,0,129,14.92,129,128.5,NA,Unknown,Water level accuracy is unknown,1,Department of Water Resources,NA,1,Department of Water Resources,NA,NA,9284,08N06E25J002M,NA,Unknown,Unknown,5-021.65,South American,Sacramento,200,Residential,Unknown,NA,1966-03-22 - 2017-03-01,143,-121.262,38.5177
385177N1212619W001,1295283,1977-10-06T00:00:00Z,143.92,143.42,0,130,13.92,130,129.5,NA,Unknown,Water level accuracy is unknown,1,Department of Water Resources,NA,1,Department of Water Resources,NA,NA,9284,08N06E25J002M,NA,Unknown,Unknown,5-021.65,South American,Sacramento,200,Residential,Unknown,NA,1966-03-22 - 2017-03-01,143,-121.262,38.5177
385177N1212619W001,1295282,1977-03-07T00:00:00Z,143.92,143.42,0,127.5,16.42,127.5,127,NA,Unknown,Water level accuracy is unknown,1,Department of Water Resources,NA,1,Department of Water Resources,NA,NA,9284,08N06E25J002M,NA,Unknown,Unknown,5-021.65,South American,Sacramento,200,Residential,Unknown,NA,1966-03-22 - 2017-03-01,143,-121.262,38.5177
385177N1212619W001,1295281,1976-10-08T00:00:00Z,143.92,143.42,0,128.7,15.22,128.7,128.2,NA,Unknown,Water level accuracy is unknown,1,Department of Water Resources,NA,1,Department of Water Resources,NA,NA,9284,08N06E25J002M,NA,Unknown,Unknown,5-021.65,South American,Sacramento,200,Residential,Unknown,NA,1966-03-22 - 2017-03-01,143,-121.262,38.5177
385177N1212619W001,1295280,1976-03-09T00:00:00Z,143.92,143.42,0,125.5,18.42,125.5,125,NA,Unknown,Water level accuracy is unknown,1,Department of Water Resources,NA,1,Department of Water Resources,NA,NA,9284,08N06E25J002M,NA,Unknown,Unknown,5-021.65,South American,Sacramento,200,Residential,Unknown,NA,1966-03-22 - 2017-03-01,143,-121.262,38.5177
385177N1212619W001,1295279,1975-10-03T00:00:00Z,143.92,143.42,0,126.3,17.62,126.3,125.8,NA,Unknown,Water level accuracy is unknown,1,Department of Water Resources,NA,1,Department of Water Resources,NA,NA,9284,08N06E25J002M,NA,Unknown,Unknown,5-021.65,South American,Sacramento,200,Residential,Unknown,NA,1966-03-22 - 2017-03-01,143,-121.262,38.5177
385177N1212619W001,1295278,1975-03-13T00:00:00Z,143.92,143.42,0,124.3,19.62,124.3,123.8,NA,Unknown,Water level accuracy is unknown,1,Department of Water Resources,NA,1,Department of Water Resources,NA,NA,9284,08N06E25J002M,NA,Unknown,Unknown,5-021.65,South American,Sacramento,200,Residential,Unknown,NA,1966-03-22 - 2017-03-01,143,-121.262,38.5177
385177N1212619W001,1295277,1974-10-08T00:00:00Z,143.92,143.42,0,125.5,18.42,125.5,125,NA,Unknown,Water level accuracy is unknown,1,Department of Water Resources,NA,1,Department of Water Resources,NA,NA,9284,08N06E25J002M,NA,Unknown,Unknown,5-021.65,South American,Sacramento,200,Residential,Unknown,NA,1966-03-22 - 2017-03-01,143,-121.262,38.5177
385177N1212619W001,1295276,1974-03-08T00:00:00Z,143.92,143.42,0,122.8,21.12,122.8,122.3,NA,Unknown,Water level accuracy is unknown,1,Department of Water Resources,NA,1,Department of Water Resources,NA,NA,9284,08N06E25J002M,NA,Unknown,Unknown,5-021.65,South American,Sacramento,200,Residential,Unknown,NA,1966-03-22 - 2017-03-01,143,-121.262,38.5177
385177N1212619W001,1295275,1973-10-09T00:00:00Z,143.92,143.42,0,124.7,19.22,124.7,124.2,NA,Unknown,Water level accuracy is unknown,1,Department of Water Resources,NA,1,Department of Water Resources,NA,NA,9284,08N06E25J002M,NA,Unknown,Unknown,5-021.65,South American,Sacramento,200,Residential,Unknown,NA,1966-03-22 - 2017-03-01,143,-121.262,38.5177
385177N1212619W001,1295274,1973-03-08T00:00:00Z,143.92,143.42,0,122.7,21.22,122.7,122.2,NA,Unknown,Water level accuracy is unknown,1,Department of Water Resources,NA,1,Department of Water Resources,NA,NA,9284,08N06E25J002M,NA,Unknown,Unknown,5-021.65,South American,Sacramento,200,Residential,Unknown,NA,1966-03-22 - 2017-03-01,143,-121.262,38.5177
385177N1212619W001,1295273,1972-10-06T00:00:00Z,143.92,143.42,0,123.2,20.72,123.2,122.7,NA,Unknown,Water level accuracy is unknown,1,Department of Water Resources,NA,1,Department of Water Resources,NA,NA,9284,08N06E25J002M,NA,Unknown,Unknown,5-021.65,South American,Sacramento,200,Residential,Unknown,NA,1966-03-22 - 2017-03-01,143,-121.262,38.5177
385177N1212619W001,1295272,1972-03-09T00:00:00Z,143.92,143.42,0,122.3,21.62,122.3,121.8,NA,Unknown,Water level accuracy is unknown,1,Department of Water Resources,NA,1,Department of Water Resources,NA,NA,9284,08N06E25J002M,NA,Unknown,Unknown,5-021.65,South American,Sacramento,200,Residential,Unknown,NA,1966-03-22 - 2017-03-01,143,-121.262,38.5177
385177N1212619W001,1295271,1971-10-07T00:00:00Z,143.92,143.42,0,122.2,21.72,122.2,121.7,NA,Unknown,Water level accuracy is unknown,1,Department of Water Resources,NA,1,Department of Water Resources,NA,NA,9284,08N06E25J002M,NA,Unknown,Unknown,5-021.65,South American,Sacramento,200,Residential,Unknown,NA,1966-03-22 - 2017-03-01,143,-121.262,38.5177
385177N1212619W001,1295270,1971-03-18T00:00:00Z,143.92,143.42,0,120.1,23.82,120.1,119.6,NA,Unknown,Water level accuracy is unknown,1,Department of Water Resources,NA,1,Department of Water Resources,NA,NA,9284,08N06E25J002M,NA,Unknown,Unknown,5-021.65,South American,Sacramento,200,Residential,Unknown,NA,1966-03-22 - 2017-03-01,143,-121.262,38.5177
385177N1212619W001,1295269,1970-10-16T00:00:00Z,143.92,143.42,0,121,22.92,121,120.5,NA,Unknown,Water level accuracy is unknown,1,Department of Water Resources,NA,1,Department of Water Resources,NA,NA,9284,08N06E25J002M,NA,Unknown,Unknown,5-021.65,South American,Sacramento,200,Residential,Unknown,NA,1966-03-22 - 2017-03-01,143,-121.262,38.5177
385177N1212619W001,1295268,1970-03-19T00:00:00Z,143.92,143.42,0,118.8,25.12,118.8,118.3,NA,Unknown,Water level accuracy is unknown,1,Department of Water Resources,NA,1,Department of Water Resources,NA,NA,9284,08N06E25J002M,NA,Unknown,Unknown,5-021.65,South American,Sacramento,200,Residential,Unknown,NA,1966-03-22 - 2017-03-01,143,-121.262,38.5177
385177N1212619W001,1295267,1969-10-06T00:00:00Z,143.92,143.42,0,119.6,24.32,119.6,119.1,NA,Unknown,Water level accuracy is unknown,1,Department of Water Resources,NA,1,Department of Water Resources,NA,NA,9284,08N06E25J002M,NA,Unknown,Unknown,5-021.65,South American,Sacramento,200,Residential,Unknown,NA,1966-03-22 - 2017-03-01,143,-121.262,38.5177
385177N1212619W001,1295266,1969-03-25T00:00:00Z,143.92,143.42,0,117.6,26.32,117.6,117.1,NA,Unknown,Water level accuracy is unknown,1,Department of Water Resources,NA,1,Department of Water Resources,NA,NA,9284,08N06E25J002M,NA,Unknown,Unknown,5-021.65,South American,Sacramento,200,Residential,Unknown,NA,1966-03-22 - 2017-03-01,143,-121.262,38.5177
385177N1212619W001,1295265,1968-10-17T00:00:00Z,143.92,143.42,0,118.5,25.42,118.5,118,NA,Unknown,Water level accuracy is unknown,1,Department of Water Resources,NA,1,Department of Water Resources,NA,NA,9284,08N06E25J002M,NA,Unknown,Unknown,5-021.65,South American,Sacramento,200,Residential,Unknown,NA,1966-03-22 - 2017-03-01,143,-121.262,38.5177
385177N1212619W001,1295264,1968-03-08T00:00:00Z,143.92,143.42,0,115.9,28.02,115.9,115.4,NA,Unknown,Water level accuracy is unknown,1,Department of Water Resources,NA,1,Department of Water Resources,NA,NA,9284,08N06E25J002M,NA,Unknown,Unknown,5-021.65,South American,Sacramento,200,Residential,Unknown,NA,1966-03-22 - 2017-03-01,143,-121.262,38.5177
385177N1212619W001,1295263,1967-10-11T00:00:00Z,143.92,143.42,0,116.7,27.22,116.7,116.2,NA,Unknown,Water level accuracy is unknown,1,Department of Water Resources,NA,1,Department of Water Resources,NA,NA,9284,08N06E25J002M,NA,Unknown,Unknown,5-021.65,South American,Sacramento,200,Residential,Unknown,NA,1966-03-22 - 2017-03-01,143,-121.262,38.5177
385177N1212619W001,1295262,1967-03-07T00:00:00Z,143.92,143.42,0,115.3,28.62,115.3,114.8,NA,Unknown,Water level accuracy is unknown,1,Department of Water Resources,NA,1,Department of Water Resources,NA,NA,9284,08N06E25J002M,NA,Unknown,Unknown,5-021.65,South American,Sacramento,200,Residential,Unknown,NA,1966-03-22 - 2017-03-01,143,-121.262,38.5177
385177N1212619W001,1295261,1966-10-03T00:00:00Z,143.92,143.42,0,115.9,28.02,115.9,115.4,NA,Unknown,Water level accuracy is unknown,1,Department of Water Resources,NA,1,Department of Water Resources,NA,NA,9284,08N06E25J002M,NA,Unknown,Unknown,5-021.65,South American,Sacramento,200,Residential,Unknown,NA,1966-03-22 - 2017-03-01,143,-121.262,38.5177
385177N1212619W001,1295260,1966-03-22T00:00:00Z,143.92,143.42,0,113.5,30.42,113.5,113,NA,Unknown,Water level accuracy is unknown,1,Department of Water Resources,NA,1,Department of Water Resources,NA,NA,9284,08N06E25J002M,NA,Unknown,Unknown,5-021.65,South American,Sacramento,200,Residential,Unknown,NA,1966-03-22 - 2017-03-01,143,-121.262,38.5177
