SITE_CODE,WLM_ID,MSMT_DATE,WLM_RPE,WLM_GSE,RDNG_WS,RDNG_RP,WSE,RPE_WSE,GSE_WSE,WLM_QA_DESC,WLM_DESC,WLM_ACC_DESC,WLM_ORG_ID,WLM_ORG_NAME,MSMT_CMT,COOP_AGENCY_ORG_ID,COOP_ORG_NAME,TOP_PRF,BOT_PRF,STN_ID,SWN,WELL_NAME,WLM_METHOD,WLM_ACC,BASIN_CODE,BASIN_NAME,COUNTY_NAME,WELL_DEPTH,WELL_USE,WELL_TYPE,WCR_NO,t_range,n_samples,X,Y
385223N1213630W001,2454917,2019-04-12T00:00:00Z,53.91,52.41,0,66.5,-12.59,66.5,65,NA,Electric sounder measurement,Water level accuracy to nearest tenth of a foot,5050,Sacramento Central Groundwater Authority,NA,5050,Sacramento Central Groundwater Authority,132,164,30667,08N06E30C001M,SCGA #17,Unknown,Unknown,5-021.65,South American,Sacramento,164,Residential,Single Well,18561,1965-03-09 - 2020-04-15,104,-121.363,38.5223
385223N1213630W001,2413074,2018-10-10T00:00:00Z,53.91,52.41,0,69.9,-15.99,69.9,68.4,NA,Electric sounder measurement,Water level accuracy to nearest tenth of a foot,5050,Sacramento Central Groundwater Authority,NA,5050,Sacramento Central Groundwater Authority,132,164,30667,08N06E30C001M,SCGA #17,Unknown,Unknown,5-021.65,South American,Sacramento,164,Residential,Single Well,18561,1965-03-09 - 2020-04-15,104,-121.363,38.5223
385223N1213630W001,2278912,2017-10-13T00:00:00Z,53.91,52.41,0,70.4,-16.49,70.4,68.9,NA,Electric sounder measurement,Water level accuracy to nearest tenth of a foot,5050,Sacramento Central Groundwater Authority,NA,5050,Sacramento Central Groundwater Authority,132,164,30667,08N06E30C001M,SCGA #17,Unknown,Unknown,5-021.65,South American,Sacramento,164,Residential,Single Well,18561,1965-03-09 - 2020-04-15,104,-121.363,38.5223
385223N1213630W001,2252843,2017-04-27T00:00:00Z,53.91,52.41,0,69.8,-15.89,69.8,68.3,NA,Electric sounder measurement,Water level accuracy to nearest tenth of a foot,5050,Sacramento Central Groundwater Authority,NA,5050,Sacramento Central Groundwater Authority,132,164,30667,08N06E30C001M,SCGA #17,Unknown,Unknown,5-021.65,South American,Sacramento,164,Residential,Single Well,18561,1965-03-09 - 2020-04-15,104,-121.363,38.5223
385223N1213630W001,2252842,2016-10-20T00:00:00Z,53.91,52.41,0,74.7,-20.79,74.7,73.2,NA,Electric sounder measurement,Water level accuracy to nearest tenth of a foot,5050,Sacramento Central Groundwater Authority,NA,5050,Sacramento Central Groundwater Authority,132,164,30667,08N06E30C001M,SCGA #17,Unknown,Unknown,5-021.65,South American,Sacramento,164,Residential,Single Well,18561,1965-03-09 - 2020-04-15,104,-121.363,38.5223
385223N1213630W001,2205451,2016-05-11T00:00:00Z,53.91,52.41,0,73.7,-19.79,73.7,72.2,NA,Electric sounder measurement,Water level accuracy to nearest tenth of a foot,5050,Sacramento Central Groundwater Authority,NA,5050,Sacramento Central Groundwater Authority,132,164,30667,08N06E30C001M,SCGA #17,Unknown,Unknown,5-021.65,South American,Sacramento,164,Residential,Single Well,18561,1965-03-09 - 2020-04-15,104,-121.363,38.5223
385223N1213630W001,2185747,2015-10-15T00:00:00Z,53.91,52.41,0,75.3,-21.39,75.3,73.8,NA,Electric sounder measurement,Water level accuracy to nearest tenth of a foot,5050,Sacramento Central Groundwater Authority,NA,5050,Sacramento Central Groundwater Authority,132,164,30667,08N06E30C001M,SCGA #17,Unknown,Unknown,5-021.65,South American,Sacramento,164,Residential,Single Well,18561,1965-03-09 - 2020-04-15,104,-121.363,38.5223
385223N1213630W001,2137306,2014-10-16T00:00:00Z,53.91,52.41,0,76,-22.09,76,74.5,NA,Electric sounder measurement,Water level accuracy to nearest tenth of a foot,5050,Sacramento Central Groundwater Authority,NA,5050,Sacramento Central Groundwater Authority,132,164,30667,08N06E30C001M,SCGA #17,Unknown,Unknown,5-021.65,South American,Sacramento,164,Residential,Single Well,18561,1965-03-09 - 2020-04-15,104,-121.363,38.5223
385223N1213630W001,1905135,2014-04-10T00:00:00Z,53.91,52.41,0,74.1,-20.19,74.1,72.6,NA,Electric sounder measurement,Water level accuracy to nearest tenth of a foot,5050,Sacramento Central Groundwater Authority,NA,5050,Sacramento Central Groundwater Authority,132,164,30667,08N06E30C001M,SCGA #17,Unknown,Unknown,5-021.65,South American,Sacramento,164,Residential,Single Well,18561,1965-03-09 - 2020-04-15,104,-121.363,38.5223
385223N1213630W001,61307,2012-04-24T00:00:00Z,53.91,52.41,0,74.3,-20.39,74.3,72.8,NA,Electric sounder measurement,Water level accuracy to nearest tenth of a foot,5050,Sacramento Central Groundwater Authority,NA,5050,Sacramento Central Groundwater Authority,132,164,30667,08N06E30C001M,SCGA #17,Unknown,Unknown,5-021.65,South American,Sacramento,164,Residential,Single Well,18561,1965-03-09 - 2020-04-15,104,-121.363,38.5223
385223N1213630W001,21387,2011-10-21T00:00:00Z,53.91,52.41,0,76,-22.09,76,74.5,NA,Electric sounder measurement,Water level accuracy to nearest tenth of a foot,5050,Sacramento Central Groundwater Authority,NA,5050,Sacramento Central Groundwater Authority,132,164,30667,08N06E30C001M,SCGA #17,Unknown,Unknown,5-021.65,South American,Sacramento,164,Residential,Single Well,18561,1965-03-09 - 2020-04-15,104,-121.363,38.5223
385223N1213630W001,68588,2011-04-26T00:00:00Z,53.91,52.41,0,75.5,-21.59,75.5,74,NA,Electric sounder measurement,Water level accuracy to nearest tenth of a foot,5050,Sacramento Central Groundwater Authority,NA,5050,Sacramento Central Groundwater Authority,132,164,30667,08N06E30C001M,SCGA #17,Unknown,Unknown,5-021.65,South American,Sacramento,164,Residential,Single Well,18561,1965-03-09 - 2020-04-15,104,-121.363,38.5223
385223N1213630W001,1295549,2010-04-22T00:00:00Z,53.91,52.41,0,76.7,-22.79,76.7,75.2,NA,Unknown,Water level accuracy is unknown,1,Department of Water Resources,NA,323,Sacramento County,132,164,30667,08N06E30C001M,SCGA #17,Unknown,Unknown,5-021.65,South American,Sacramento,164,Residential,Single Well,18561,1965-03-09 - 2020-04-15,104,-121.363,38.5223
385223N1213630W001,1295548,2009-10-22T00:00:00Z,53.91,52.41,0,78.6,-24.69,78.6,77.1,NA,Unknown,Water level accuracy is unknown,1,Department of Water Resources,NA,323,Sacramento County,132,164,30667,08N06E30C001M,SCGA #17,Unknown,Unknown,5-021.65,South American,Sacramento,164,Residential,Single Well,18561,1965-03-09 - 2020-04-15,104,-121.363,38.5223
385223N1213630W001,1295547,2009-04-21T00:00:00Z,53.91,52.41,0,79,-25.09,79,77.5,NA,Unknown,Water level accuracy is unknown,1,Department of Water Resources,NA,323,Sacramento County,132,164,30667,08N06E30C001M,SCGA #17,Unknown,Unknown,5-021.65,South American,Sacramento,164,Residential,Single Well,18561,1965-03-09 - 2020-04-15,104,-121.363,38.5223
385223N1213630W001,1295546,2008-10-17T00:00:00Z,53.91,52.41,0,79.1,-25.19,79.1,77.6,NA,Unknown,Water level accuracy is unknown,1,Department of Water Resources,NA,323,Sacramento County,132,164,30667,08N06E30C001M,SCGA #17,Unknown,Unknown,5-021.65,South American,Sacramento,164,Residential,Single Well,18561,1965-03-09 - 2020-04-15,104,-121.363,38.5223
385223N1213630W001,1295545,2008-04-22T00:00:00Z,53.91,52.41,0,76.8,-22.89,76.8,75.3,NA,Unknown,Water level accuracy is unknown,1,Department of Water Resources,NA,323,Sacramento County,132,164,30667,08N06E30C001M,SCGA #17,Unknown,Unknown,5-021.65,South American,Sacramento,164,Residential,Single Well,18561,1965-03-09 - 2020-04-15,104,-121.363,38.5223
385223N1213630W001,1295544,2007-11-07T00:00:00Z,53.91,52.41,0,78.1,-24.19,78.1,76.6,NA,Unknown,Water level accuracy is unknown,1,Department of Water Resources,NA,323,Sacramento County,132,164,30667,08N06E30C001M,SCGA #17,Unknown,Unknown,5-021.65,South American,Sacramento,164,Residential,Single Well,18561,1965-03-09 - 2020-04-15,104,-121.363,38.5223
385223N1213630W001,1295543,2007-04-25T00:00:00Z,53.91,52.41,0,75.6,-21.69,75.6,74.1,NA,Unknown,Water level accuracy is unknown,1,Department of Water Resources,NA,323,Sacramento County,132,164,30667,08N06E30C001M,SCGA #17,Unknown,Unknown,5-021.65,South American,Sacramento,164,Residential,Single Well,18561,1965-03-09 - 2020-04-15,104,-121.363,38.5223
385223N1213630W001,1295542,2006-10-13T00:00:00Z,53.91,52.41,0,77.1,-23.19,77.1,75.6,NA,Unknown,Water level accuracy is unknown,1,Department of Water Resources,NA,323,Sacramento County,132,164,30667,08N06E30C001M,SCGA #17,Unknown,Unknown,5-021.65,South American,Sacramento,164,Residential,Single Well,18561,1965-03-09 - 2020-04-15,104,-121.363,38.5223
385223N1213630W001,1295541,2006-05-05T00:00:00Z,53.91,52.41,0,75,-21.09,75,73.5,NA,Unknown,Water level accuracy is unknown,1,Department of Water Resources,NA,323,Sacramento County,132,164,30667,08N06E30C001M,SCGA #17,Unknown,Unknown,5-021.65,South American,Sacramento,164,Residential,Single Well,18561,1965-03-09 - 2020-04-15,104,-121.363,38.5223
385223N1213630W001,1295540,2005-10-26T00:00:00Z,53.91,52.41,0,81,-27.09,81,79.5,NA,Unknown,Water level accuracy is unknown,1,Department of Water Resources,NA,323,Sacramento County,132,164,30667,08N06E30C001M,SCGA #17,Unknown,Unknown,5-021.65,South American,Sacramento,164,Residential,Single Well,18561,1965-03-09 - 2020-04-15,104,-121.363,38.5223
385223N1213630W001,1295538,2004-10-27T00:00:00Z,53.91,52.41,0,81.5,-27.59,81.5,80,NA,Unknown,Water level accuracy is unknown,1,Department of Water Resources,NA,323,Sacramento County,132,164,30667,08N06E30C001M,SCGA #17,Unknown,Unknown,5-021.65,South American,Sacramento,164,Residential,Single Well,18561,1965-03-09 - 2020-04-15,104,-121.363,38.5223
385223N1213630W001,1295537,2004-04-14T00:00:00Z,53.91,52.41,0,79.7,-25.79,79.7,78.2,NA,Unknown,Water level accuracy is unknown,1,Department of Water Resources,NA,323,Sacramento County,132,164,30667,08N06E30C001M,SCGA #17,Unknown,Unknown,5-021.65,South American,Sacramento,164,Residential,Single Well,18561,1965-03-09 - 2020-04-15,104,-121.363,38.5223
385223N1213630W001,1295536,2003-10-28T00:00:00Z,53.91,52.41,0,81.4,-27.49,81.4,79.9,NA,Unknown,Water level accuracy is unknown,1,Department of Water Resources,NA,323,Sacramento County,132,164,30667,08N06E30C001M,SCGA #17,Unknown,Unknown,5-021.65,South American,Sacramento,164,Residential,Single Well,18561,1965-03-09 - 2020-04-15,104,-121.363,38.5223
385223N1213630W001,1295530,2003-05-01T00:00:00Z,53.91,52.41,0,79,-25.09,79,77.5,NA,Unknown,Water level accuracy is unknown,1,Department of Water Resources,NA,323,Sacramento County,132,164,30667,08N06E30C001M,SCGA #17,Unknown,Unknown,5-021.65,South American,Sacramento,164,Residential,Single Well,18561,1965-03-09 - 2020-04-15,104,-121.363,38.5223
385223N1213630W001,1295532,2002-11-04T00:00:00Z,53.91,52.41,0,80.9,-26.99,80.9,79.4,NA,Unknown,Water level accuracy is unknown,1,Department of Water Resources,NA,323,Sacramento County,132,164,30667,08N06E30C001M,SCGA #17,Unknown,Unknown,5-021.65,South American,Sacramento,164,Residential,Single Well,18561,1965-03-09 - 2020-04-15,104,-121.363,38.5223
385223N1213630W001,1295534,2002-05-23T00:00:00Z,53.91,52.41,0,78.8,-24.89,78.8,77.3,NA,Unknown,Water level accuracy is unknown,1,Department of Water Resources,NA,323,Sacramento County,132,164,30667,08N06E30C001M,SCGA #17,Unknown,Unknown,5-021.65,South American,Sacramento,164,Residential,Single Well,18561,1965-03-09 - 2020-04-15,104,-121.363,38.5223
385223N1213630W001,1295531,2001-09-27T00:00:00Z,53.91,52.41,0,80.6,-26.69,80.6,79.1,NA,Unknown,Water level accuracy is unknown,1,Department of Water Resources,NA,323,Sacramento County,132,164,30667,08N06E30C001M,SCGA #17,Unknown,Unknown,5-021.65,South American,Sacramento,164,Residential,Single Well,18561,1965-03-09 - 2020-04-15,104,-121.363,38.5223
385223N1213630W001,1295533,2001-04-16T00:00:00Z,53.91,52.41,0,77.8,-23.89,77.8,76.3,NA,Unknown,Water level accuracy is unknown,1,Department of Water Resources,NA,323,Sacramento County,132,164,30667,08N06E30C001M,SCGA #17,Unknown,Unknown,5-021.65,South American,Sacramento,164,Residential,Single Well,18561,1965-03-09 - 2020-04-15,104,-121.363,38.5223
385223N1213630W001,1295535,2000-09-28T00:00:00Z,53.91,52.41,0,79.9,-25.99,79.9,78.4,NA,Unknown,Water level accuracy is unknown,1,Department of Water Resources,NA,323,Sacramento County,132,164,30667,08N06E30C001M,SCGA #17,Unknown,Unknown,5-021.65,South American,Sacramento,164,Residential,Single Well,18561,1965-03-09 - 2020-04-15,104,-121.363,38.5223
385223N1213630W001,1295527,2000-04-26T00:00:00Z,53.91,52.41,0,77.6,-23.69,77.6,76.1,NA,Unknown,Water level accuracy is unknown,1,Department of Water Resources,NA,323,Sacramento County,132,164,30667,08N06E30C001M,SCGA #17,Unknown,Unknown,5-021.65,South American,Sacramento,164,Residential,Single Well,18561,1965-03-09 - 2020-04-15,104,-121.363,38.5223
385223N1213630W001,1295525,1999-10-13T00:00:00Z,53.91,52.41,0,79.8,-25.89,79.8,78.3,NA,Unknown,Water level accuracy is unknown,1,Department of Water Resources,NA,323,Sacramento County,132,164,30667,08N06E30C001M,SCGA #17,Unknown,Unknown,5-021.65,South American,Sacramento,164,Residential,Single Well,18561,1965-03-09 - 2020-04-15,104,-121.363,38.5223
385223N1213630W001,1295526,1999-04-13T00:00:00Z,53.91,52.41,0,77.6,-23.69,77.6,76.1,NA,Unknown,Water level accuracy is unknown,1,Department of Water Resources,NA,323,Sacramento County,132,164,30667,08N06E30C001M,SCGA #17,Unknown,Unknown,5-021.65,South American,Sacramento,164,Residential,Single Well,18561,1965-03-09 - 2020-04-15,104,-121.363,38.5223
385223N1213630W001,1295466,1998-10-14T00:00:00Z,53.91,52.41,0,79.7,-25.79,79.7,78.2,NA,Unknown,Water level accuracy is unknown,1,Department of Water Resources,NA,323,Sacramento County,132,164,30667,08N06E30C001M,SCGA #17,Unknown,Unknown,5-021.65,South American,Sacramento,164,Residential,Single Well,18561,1965-03-09 - 2020-04-15,104,-121.363,38.5223
385223N1213630W001,1295465,1998-04-07T00:00:00Z,53.91,52.41,0,79.4,-25.49,79.4,77.9,NA,Unknown,Water level accuracy is unknown,1,Department of Water Resources,NA,323,Sacramento County,132,164,30667,08N06E30C001M,SCGA #17,Unknown,Unknown,5-021.65,South American,Sacramento,164,Residential,Single Well,18561,1965-03-09 - 2020-04-15,104,-121.363,38.5223
385223N1213630W001,1295528,1997-10-22T00:00:00Z,53.91,52.41,0,82.2,-28.29,82.2,80.7,NA,Unknown,Water level accuracy is unknown,1,Department of Water Resources,NA,323,Sacramento County,132,164,30667,08N06E30C001M,SCGA #17,Unknown,Unknown,5-021.65,South American,Sacramento,164,Residential,Single Well,18561,1965-03-09 - 2020-04-15,104,-121.363,38.5223
385223N1213630W001,1295529,1997-04-01T00:00:00Z,53.91,52.41,0,80.3,-26.39,80.3,78.8,NA,Unknown,Water level accuracy is unknown,1,Department of Water Resources,NA,323,Sacramento County,132,164,30667,08N06E30C001M,SCGA #17,Unknown,Unknown,5-021.65,South American,Sacramento,164,Residential,Single Well,18561,1965-03-09 - 2020-04-15,104,-121.363,38.5223
385223N1213630W001,1295524,1996-10-04T00:00:00Z,53.91,52.41,0,83,-29.09,83,81.5,NA,Unknown,Water level accuracy is unknown,1,Department of Water Resources,NA,323,Sacramento County,132,164,30667,08N06E30C001M,SCGA #17,Unknown,Unknown,5-021.65,South American,Sacramento,164,Residential,Single Well,18561,1965-03-09 - 2020-04-15,104,-121.363,38.5223
385223N1213630W001,1295523,1996-04-02T00:00:00Z,53.91,52.41,0,81,-27.09,81,79.5,NA,Unknown,Water level accuracy is unknown,1,Department of Water Resources,NA,323,Sacramento County,132,164,30667,08N06E30C001M,SCGA #17,Unknown,Unknown,5-021.65,South American,Sacramento,164,Residential,Single Well,18561,1965-03-09 - 2020-04-15,104,-121.363,38.5223
385223N1213630W001,1295522,1995-10-05T00:00:00Z,53.91,52.41,0,84.5,-30.59,84.5,83,NA,Unknown,Water level accuracy is unknown,1,Department of Water Resources,NA,323,Sacramento County,132,164,30667,08N06E30C001M,SCGA #17,Unknown,Unknown,5-021.65,South American,Sacramento,164,Residential,Single Well,18561,1965-03-09 - 2020-04-15,104,-121.363,38.5223
385223N1213630W001,1295521,1995-04-11T00:00:00Z,53.91,52.41,0,81.3,-27.39,81.3,79.8,NA,Unknown,Water level accuracy is unknown,1,Department of Water Resources,NA,323,Sacramento County,132,164,30667,08N06E30C001M,SCGA #17,Unknown,Unknown,5-021.65,South American,Sacramento,164,Residential,Single Well,18561,1965-03-09 - 2020-04-15,104,-121.363,38.5223
385223N1213630W001,1295520,1994-10-28T00:00:00Z,53.91,52.41,0,85.1,-31.19,85.1,83.6,NA,Unknown,Water level accuracy is unknown,1,Department of Water Resources,NA,323,Sacramento County,132,164,30667,08N06E30C001M,SCGA #17,Unknown,Unknown,5-021.65,South American,Sacramento,164,Residential,Single Well,18561,1965-03-09 - 2020-04-15,104,-121.363,38.5223
385223N1213630W001,1295519,1994-03-31T00:00:00Z,53.91,52.41,0,83.2,-29.29,83.2,81.7,NA,Unknown,Water level accuracy is unknown,1,Department of Water Resources,NA,323,Sacramento County,132,164,30667,08N06E30C001M,SCGA #17,Unknown,Unknown,5-021.65,South American,Sacramento,164,Residential,Single Well,18561,1965-03-09 - 2020-04-15,104,-121.363,38.5223
385223N1213630W001,1295518,1993-09-30T00:00:00Z,53.91,52.41,0,85.2,-31.29,85.2,83.7,NA,Unknown,Water level accuracy is unknown,1,Department of Water Resources,NA,323,Sacramento County,132,164,30667,08N06E30C001M,SCGA #17,Unknown,Unknown,5-021.65,South American,Sacramento,164,Residential,Single Well,18561,1965-03-09 - 2020-04-15,104,-121.363,38.5223
385223N1213630W001,1295517,1993-03-11T00:00:00Z,53.91,52.41,0,85.8,-31.89,85.8,84.3,NA,Unknown,Water level accuracy is unknown,1,Department of Water Resources,NA,323,Sacramento County,132,164,30667,08N06E30C001M,SCGA #17,Unknown,Unknown,5-021.65,South American,Sacramento,164,Residential,Single Well,18561,1965-03-09 - 2020-04-15,104,-121.363,38.5223
385223N1213630W001,1295516,1992-10-07T00:00:00Z,53.91,52.41,0,88.7,-34.79,88.7,87.2,NA,Unknown,Water level accuracy is unknown,1,Department of Water Resources,NA,323,Sacramento County,132,164,30667,08N06E30C001M,SCGA #17,Unknown,Unknown,5-021.65,South American,Sacramento,164,Residential,Single Well,18561,1965-03-09 - 2020-04-15,104,-121.363,38.5223
385223N1213630W001,1295515,1992-04-02T00:00:00Z,53.91,52.41,0,87.2,-33.29,87.2,85.7,NA,Unknown,Water level accuracy is unknown,1,Department of Water Resources,NA,323,Sacramento County,132,164,30667,08N06E30C001M,SCGA #17,Unknown,Unknown,5-021.65,South American,Sacramento,164,Residential,Single Well,18561,1965-03-09 - 2020-04-15,104,-121.363,38.5223
385223N1213630W001,1295514,1991-10-09T00:00:00Z,53.91,52.41,0,90.6,-36.69,90.6,89.1,NA,Unknown,Water level accuracy is unknown,1,Department of Water Resources,NA,323,Sacramento County,132,164,30667,08N06E30C001M,SCGA #17,Unknown,Unknown,5-021.65,South American,Sacramento,164,Residential,Single Well,18561,1965-03-09 - 2020-04-15,104,-121.363,38.5223
385223N1213630W001,1295513,1991-02-21T00:00:00Z,53.91,52.41,0,89,-35.09,89,87.5,NA,Unknown,Water level accuracy is unknown,1,Department of Water Resources,NA,323,Sacramento County,132,164,30667,08N06E30C001M,SCGA #17,Unknown,Unknown,5-021.65,South American,Sacramento,164,Residential,Single Well,18561,1965-03-09 - 2020-04-15,104,-121.363,38.5223
385223N1213630W001,1295512,1990-10-03T00:00:00Z,53.91,52.41,0,86,-32.09,86,84.5,NA,Unknown,Water level accuracy is unknown,1,Department of Water Resources,NA,323,Sacramento County,132,164,30667,08N06E30C001M,SCGA #17,Unknown,Unknown,5-021.65,South American,Sacramento,164,Residential,Single Well,18561,1965-03-09 - 2020-04-15,104,-121.363,38.5223
385223N1213630W001,1295511,1990-05-05T00:00:00Z,53.91,52.41,0,85,-31.09,85,83.5,NA,Unknown,Water level accuracy is unknown,1,Department of Water Resources,NA,323,Sacramento County,132,164,30667,08N06E30C001M,SCGA #17,Unknown,Unknown,5-021.65,South American,Sacramento,164,Residential,Single Well,18561,1965-03-09 - 2020-04-15,104,-121.363,38.5223
385223N1213630W001,1295510,1988-03-16T00:00:00Z,53.91,52.41,0,82.3,-28.39,82.3,80.8,NA,Unknown,Water level accuracy is unknown,1,Department of Water Resources,NA,323,Sacramento County,132,164,30667,08N06E30C001M,SCGA #17,Unknown,Unknown,5-021.65,South American,Sacramento,164,Residential,Single Well,18561,1965-03-09 - 2020-04-15,104,-121.363,38.5223
385223N1213630W001,1295509,1987-10-06T00:00:00Z,53.91,52.41,0,74,-20.09,74,72.5,NA,Unknown,Water level accuracy is unknown,1,Department of Water Resources,NA,323,Sacramento County,132,164,30667,08N06E30C001M,SCGA #17,Unknown,Unknown,5-021.65,South American,Sacramento,164,Residential,Single Well,18561,1965-03-09 - 2020-04-15,104,-121.363,38.5223
385223N1213630W001,1295508,1987-03-16T00:00:00Z,53.91,52.41,0,77,-23.09,77,75.5,NA,Unknown,Water level accuracy is unknown,1,Department of Water Resources,NA,323,Sacramento County,132,164,30667,08N06E30C001M,SCGA #17,Unknown,Unknown,5-021.65,South American,Sacramento,164,Residential,Single Well,18561,1965-03-09 - 2020-04-15,104,-121.363,38.5223
385223N1213630W001,1295507,1986-03-18T00:00:00Z,53.91,52.41,0,76.6,-22.69,76.6,75.1,NA,Unknown,Water level accuracy is unknown,1,Department of Water Resources,NA,323,Sacramento County,132,164,30667,08N06E30C001M,SCGA #17,Unknown,Unknown,5-021.65,South American,Sacramento,164,Residential,Single Well,18561,1965-03-09 - 2020-04-15,104,-121.363,38.5223
385223N1213630W001,1295506,1985-10-16T00:00:00Z,53.91,52.41,0,79.2,-25.29,79.2,77.7,NA,Unknown,Water level accuracy is unknown,1,Department of Water Resources,NA,323,Sacramento County,132,164,30667,08N06E30C001M,SCGA #17,Unknown,Unknown,5-021.65,South American,Sacramento,164,Residential,Single Well,18561,1965-03-09 - 2020-04-15,104,-121.363,38.5223
385223N1213630W001,1295505,1985-03-21T00:00:00Z,53.91,52.41,0,76.5,-22.59,76.5,75,NA,Unknown,Water level accuracy is unknown,1,Department of Water Resources,NA,323,Sacramento County,132,164,30667,08N06E30C001M,SCGA #17,Unknown,Unknown,5-021.65,South American,Sacramento,164,Residential,Single Well,18561,1965-03-09 - 2020-04-15,104,-121.363,38.5223
385223N1213630W001,1295504,1984-10-15T00:00:00Z,53.91,52.41,0,74.6,-20.69,74.6,73.1,NA,Unknown,Water level accuracy is unknown,1,Department of Water Resources,NA,323,Sacramento County,132,164,30667,08N06E30C001M,SCGA #17,Unknown,Unknown,5-021.65,South American,Sacramento,164,Residential,Single Well,18561,1965-03-09 - 2020-04-15,104,-121.363,38.5223
385223N1213630W001,1295503,1984-03-07T00:00:00Z,53.91,52.41,0,74.9,-20.99,74.9,73.4,NA,Unknown,Water level accuracy is unknown,1,Department of Water Resources,NA,323,Sacramento County,132,164,30667,08N06E30C001M,SCGA #17,Unknown,Unknown,5-021.65,South American,Sacramento,164,Residential,Single Well,18561,1965-03-09 - 2020-04-15,104,-121.363,38.5223
385223N1213630W001,1295502,1983-10-05T00:00:00Z,53.91,52.41,0,78.1,-24.19,78.1,76.6,NA,Unknown,Water level accuracy is unknown,1,Department of Water Resources,NA,323,Sacramento County,132,164,30667,08N06E30C001M,SCGA #17,Unknown,Unknown,5-021.65,South American,Sacramento,164,Residential,Single Well,18561,1965-03-09 - 2020-04-15,104,-121.363,38.5223
385223N1213630W001,1295501,1983-03-17T00:00:00Z,53.91,52.41,0,76.9,-22.99,76.9,75.4,NA,Unknown,Water level accuracy is unknown,1,Department of Water Resources,NA,323,Sacramento County,132,164,30667,08N06E30C001M,SCGA #17,Unknown,Unknown,5-021.65,South American,Sacramento,164,Residential,Single Well,18561,1965-03-09 - 2020-04-15,104,-121.363,38.5223
385223N1213630W001,1295500,1982-10-28T00:00:00Z,53.91,52.41,0,83.8,-29.89,83.8,82.3,NA,Unknown,Water level accuracy is unknown,1,Department of Water Resources,NA,323,Sacramento County,132,164,30667,08N06E30C001M,SCGA #17,Unknown,Unknown,5-021.65,South American,Sacramento,164,Residential,Single Well,18561,1965-03-09 - 2020-04-15,104,-121.363,38.5223
385223N1213630W001,1295499,1981-10-15T00:00:00Z,53.91,52.41,0,81,-27.09,81,79.5,NA,Unknown,Water level accuracy is unknown,1,Department of Water Resources,NA,323,Sacramento County,132,164,30667,08N06E30C001M,SCGA #17,Unknown,Unknown,5-021.65,South American,Sacramento,164,Residential,Single Well,18561,1965-03-09 - 2020-04-15,104,-121.363,38.5223
385223N1213630W001,1295498,1981-03-10T00:00:00Z,53.91,52.41,0,78,-24.09,78,76.5,NA,Unknown,Water level accuracy is unknown,1,Department of Water Resources,NA,323,Sacramento County,132,164,30667,08N06E30C001M,SCGA #17,Unknown,Unknown,5-021.65,South American,Sacramento,164,Residential,Single Well,18561,1965-03-09 - 2020-04-15,104,-121.363,38.5223
385223N1213630W001,1295497,1980-10-01T00:00:00Z,53.91,52.41,0,74,-20.09,74,72.5,NA,Unknown,Water level accuracy is unknown,1,Department of Water Resources,NA,323,Sacramento County,132,164,30667,08N06E30C001M,SCGA #17,Unknown,Unknown,5-021.65,South American,Sacramento,164,Residential,Single Well,18561,1965-03-09 - 2020-04-15,104,-121.363,38.5223
385223N1213630W001,1295496,1980-03-11T00:00:00Z,53.91,52.41,0,74.6,-20.69,74.6,73.1,NA,Unknown,Water level accuracy is unknown,1,Department of Water Resources,NA,323,Sacramento County,132,164,30667,08N06E30C001M,SCGA #17,Unknown,Unknown,5-021.65,South American,Sacramento,164,Residential,Single Well,18561,1965-03-09 - 2020-04-15,104,-121.363,38.5223
385223N1213630W001,1295495,1979-10-02T00:00:00Z,53.91,52.41,0,82,-28.09,82,80.5,NA,Unknown,Water level accuracy is unknown,1,Department of Water Resources,NA,323,Sacramento County,132,164,30667,08N06E30C001M,SCGA #17,Unknown,Unknown,5-021.65,South American,Sacramento,164,Residential,Single Well,18561,1965-03-09 - 2020-04-15,104,-121.363,38.5223
385223N1213630W001,1295494,1979-03-13T00:00:00Z,53.91,52.41,0,78,-24.09,78,76.5,NA,Unknown,Water level accuracy is unknown,1,Department of Water Resources,NA,323,Sacramento County,132,164,30667,08N06E30C001M,SCGA #17,Unknown,Unknown,5-021.65,South American,Sacramento,164,Residential,Single Well,18561,1965-03-09 - 2020-04-15,104,-121.363,38.5223
385223N1213630W001,1295493,1978-10-18T00:00:00Z,53.91,52.41,0,81.4,-27.49,81.4,79.9,NA,Unknown,Water level accuracy is unknown,1,Department of Water Resources,NA,323,Sacramento County,132,164,30667,08N06E30C001M,SCGA #17,Unknown,Unknown,5-021.65,South American,Sacramento,164,Residential,Single Well,18561,1965-03-09 - 2020-04-15,104,-121.363,38.5223
385223N1213630W001,1295492,1978-03-14T00:00:00Z,53.91,52.41,0,76.6,-22.69,76.6,75.1,NA,Unknown,Water level accuracy is unknown,1,Department of Water Resources,NA,323,Sacramento County,132,164,30667,08N06E30C001M,SCGA #17,Unknown,Unknown,5-021.65,South American,Sacramento,164,Residential,Single Well,18561,1965-03-09 - 2020-04-15,104,-121.363,38.5223
385223N1213630W001,1295491,1977-10-05T00:00:00Z,53.91,52.41,0,82.9,-28.99,82.9,81.4,NA,Unknown,Water level accuracy is unknown,1,Department of Water Resources,NA,323,Sacramento County,132,164,30667,08N06E30C001M,SCGA #17,Unknown,Unknown,5-021.65,South American,Sacramento,164,Residential,Single Well,18561,1965-03-09 - 2020-04-15,104,-121.363,38.5223
385223N1213630W001,1295490,1977-03-10T00:00:00Z,53.91,52.41,0,76.3,-22.39,76.3,74.8,Pumped recently,Unknown,Water level accuracy is unknown,1,Department of Water Resources,NA,323,Sacramento County,132,164,30667,08N06E30C001M,SCGA #17,Unknown,Unknown,5-021.65,South American,Sacramento,164,Residential,Single Well,18561,1965-03-09 - 2020-04-15,104,-121.363,38.5223
385223N1213630W001,1295489,1976-10-08T00:00:00Z,53.91,52.41,0,81.9,-27.99,81.9,80.4,NA,Unknown,Water level accuracy is unknown,1,Department of Water Resources,NA,323,Sacramento County,132,164,30667,08N06E30C001M,SCGA #17,Unknown,Unknown,5-021.65,South American,Sacramento,164,Residential,Single Well,18561,1965-03-09 - 2020-04-15,104,-121.363,38.5223
385223N1213630W001,1295488,1976-03-03T00:00:00Z,53.91,52.41,0,82.7,-28.79,82.7,81.2,NA,Unknown,Water level accuracy is unknown,1,Department of Water Resources,NA,323,Sacramento County,132,164,30667,08N06E30C001M,SCGA #17,Unknown,Unknown,5-021.65,South American,Sacramento,164,Residential,Single Well,18561,1965-03-09 - 2020-04-15,104,-121.363,38.5223
385223N1213630W001,1295487,1975-10-08T00:00:00Z,53.91,52.41,0,82.6,-28.69,82.6,81.1,NA,Unknown,Water level accuracy is unknown,1,Department of Water Resources,NA,323,Sacramento County,132,164,30667,08N06E30C001M,SCGA #17,Unknown,Unknown,5-021.65,South American,Sacramento,164,Residential,Single Well,18561,1965-03-09 - 2020-04-15,104,-121.363,38.5223
385223N1213630W001,1295486,1975-03-06T00:00:00Z,53.91,52.41,0,75,-21.09,75,73.5,NA,Unknown,Water level accuracy is unknown,1,Department of Water Resources,NA,323,Sacramento County,132,164,30667,08N06E30C001M,SCGA #17,Unknown,Unknown,5-021.65,South American,Sacramento,164,Residential,Single Well,18561,1965-03-09 - 2020-04-15,104,-121.363,38.5223
385223N1213630W001,1295485,1974-10-04T00:00:00Z,53.91,52.41,0,78.5,-24.59,78.5,77,NA,Unknown,Water level accuracy is unknown,1,Department of Water Resources,NA,323,Sacramento County,132,164,30667,08N06E30C001M,SCGA #17,Unknown,Unknown,5-021.65,South American,Sacramento,164,Residential,Single Well,18561,1965-03-09 - 2020-04-15,104,-121.363,38.5223
385223N1213630W001,1295484,1974-03-05T00:00:00Z,53.91,52.41,0,79.2,-25.29,79.2,77.7,NA,Unknown,Water level accuracy is unknown,1,Department of Water Resources,NA,323,Sacramento County,132,164,30667,08N06E30C001M,SCGA #17,Unknown,Unknown,5-021.65,South American,Sacramento,164,Residential,Single Well,18561,1965-03-09 - 2020-04-15,104,-121.363,38.5223
385223N1213630W001,1295483,1973-10-03T00:00:00Z,53.91,52.41,0,83.7,-29.79,83.7,82.2,NA,Unknown,Water level accuracy is unknown,1,Department of Water Resources,NA,323,Sacramento County,132,164,30667,08N06E30C001M,SCGA #17,Unknown,Unknown,5-021.65,South American,Sacramento,164,Residential,Single Well,18561,1965-03-09 - 2020-04-15,104,-121.363,38.5223
385223N1213630W001,1295481,1972-10-11T00:00:00Z,53.91,52.41,0,86.8,-32.89,86.8,85.3,NA,Unknown,Water level accuracy is unknown,1,Department of Water Resources,NA,323,Sacramento County,132,164,30667,08N06E30C001M,SCGA #17,Unknown,Unknown,5-021.65,South American,Sacramento,164,Residential,Single Well,18561,1965-03-09 - 2020-04-15,104,-121.363,38.5223
385223N1213630W001,1295480,1972-03-09T00:00:00Z,53.91,52.41,0,76,-22.09,76,74.5,NA,Unknown,Water level accuracy is unknown,1,Department of Water Resources,NA,323,Sacramento County,132,164,30667,08N06E30C001M,SCGA #17,Unknown,Unknown,5-021.65,South American,Sacramento,164,Residential,Single Well,18561,1965-03-09 - 2020-04-15,104,-121.363,38.5223
385223N1213630W001,1295479,1971-10-06T00:00:00Z,53.91,52.41,0,78.5,-24.59,78.5,77,NA,Unknown,Water level accuracy is unknown,1,Department of Water Resources,NA,323,Sacramento County,132,164,30667,08N06E30C001M,SCGA #17,Unknown,Unknown,5-021.65,South American,Sacramento,164,Residential,Single Well,18561,1965-03-09 - 2020-04-15,104,-121.363,38.5223
385223N1213630W001,1295478,1971-03-26T00:00:00Z,53.91,52.41,0,73.3,-19.39,73.3,71.8,NA,Unknown,Water level accuracy is unknown,1,Department of Water Resources,NA,323,Sacramento County,132,164,30667,08N06E30C001M,SCGA #17,Unknown,Unknown,5-021.65,South American,Sacramento,164,Residential,Single Well,18561,1965-03-09 - 2020-04-15,104,-121.363,38.5223
385223N1213630W001,1295477,1970-10-16T00:00:00Z,53.91,52.41,0,77.5,-23.59,77.5,76,NA,Unknown,Water level accuracy is unknown,1,Department of Water Resources,NA,323,Sacramento County,132,164,30667,08N06E30C001M,SCGA #17,Unknown,Unknown,5-021.65,South American,Sacramento,164,Residential,Single Well,18561,1965-03-09 - 2020-04-15,104,-121.363,38.5223
385223N1213630W001,1295476,1970-04-09T00:00:00Z,53.91,52.41,0,71,-17.09,71,69.5,NA,Unknown,Water level accuracy is unknown,1,Department of Water Resources,NA,323,Sacramento County,132,164,30667,08N06E30C001M,SCGA #17,Unknown,Unknown,5-021.65,South American,Sacramento,164,Residential,Single Well,18561,1965-03-09 - 2020-04-15,104,-121.363,38.5223
385223N1213630W001,1295475,1969-03-26T00:00:00Z,53.91,52.41,0,64.4,-10.49,64.4,62.9,NA,Unknown,Water level accuracy is unknown,1,Department of Water Resources,NA,323,Sacramento County,132,164,30667,08N06E30C001M,SCGA #17,Unknown,Unknown,5-021.65,South American,Sacramento,164,Residential,Single Well,18561,1965-03-09 - 2020-04-15,104,-121.363,38.5223
385223N1213630W001,1295474,1968-10-11T00:00:00Z,53.91,52.41,0,70.2,-16.29,70.2,68.7,NA,Unknown,Water level accuracy is unknown,1,Department of Water Resources,NA,323,Sacramento County,132,164,30667,08N06E30C001M,SCGA #17,Unknown,Unknown,5-021.65,South American,Sacramento,164,Residential,Single Well,18561,1965-03-09 - 2020-04-15,104,-121.363,38.5223
385223N1213630W001,1295473,1968-03-06T00:00:00Z,53.91,52.41,0,70.4,-16.49,70.4,68.9,NA,Unknown,Water level accuracy is unknown,1,Department of Water Resources,NA,323,Sacramento County,132,164,30667,08N06E30C001M,SCGA #17,Unknown,Unknown,5-021.65,South American,Sacramento,164,Residential,Single Well,18561,1965-03-09 - 2020-04-15,104,-121.363,38.5223
385223N1213630W001,1295472,1967-10-11T00:00:00Z,53.91,52.41,0,75.6,-21.69,75.6,74.1,NA,Unknown,Water level accuracy is unknown,1,Department of Water Resources,NA,323,Sacramento County,132,164,30667,08N06E30C001M,SCGA #17,Unknown,Unknown,5-021.65,South American,Sacramento,164,Residential,Single Well,18561,1965-03-09 - 2020-04-15,104,-121.363,38.5223
385223N1213630W001,1295471,1967-03-08T00:00:00Z,53.91,52.41,0,71.4,-17.49,71.4,69.9,NA,Unknown,Water level accuracy is unknown,1,Department of Water Resources,NA,323,Sacramento County,132,164,30667,08N06E30C001M,SCGA #17,Unknown,Unknown,5-021.65,South American,Sacramento,164,Residential,Single Well,18561,1965-03-09 - 2020-04-15,104,-121.363,38.5223
385223N1213630W001,1295469,1966-03-10T00:00:00Z,53.91,52.41,0,71.1,-17.19,71.1,69.6,NA,Unknown,Water level accuracy is unknown,1,Department of Water Resources,NA,323,Sacramento County,132,164,30667,08N06E30C001M,SCGA #17,Unknown,Unknown,5-021.65,South American,Sacramento,164,Residential,Single Well,18561,1965-03-09 - 2020-04-15,104,-121.363,38.5223
385223N1213630W001,1295468,1965-10-05T00:00:00Z,53.91,52.41,0,77.2,-23.29,77.2,75.7,NA,Unknown,Water level accuracy is unknown,1,Department of Water Resources,NA,323,Sacramento County,132,164,30667,08N06E30C001M,SCGA #17,Unknown,Unknown,5-021.65,South American,Sacramento,164,Residential,Single Well,18561,1965-03-09 - 2020-04-15,104,-121.363,38.5223
385223N1213630W001,1295467,1965-03-09T00:00:00Z,53.91,52.41,0,69.9,-15.99,69.9,68.4,NA,Unknown,Water level accuracy is unknown,1,Department of Water Resources,NA,323,Sacramento County,132,164,30667,08N06E30C001M,SCGA #17,Unknown,Unknown,5-021.65,South American,Sacramento,164,Residential,Single Well,18561,1965-03-09 - 2020-04-15,104,-121.363,38.5223
