SITE_CODE,WLM_ID,MSMT_DATE,WLM_RPE,WLM_GSE,RDNG_WS,RDNG_RP,WSE,RPE_WSE,GSE_WSE,WLM_QA_DESC,WLM_DESC,WLM_ACC_DESC,WLM_ORG_ID,WLM_ORG_NAME,MSMT_CMT,COOP_AGENCY_ORG_ID,COOP_ORG_NAME,TOP_PRF,BOT_PRF,STN_ID,SWN,WELL_NAME,WLM_METHOD,WLM_ACC,BASIN_CODE,BASIN_NAME,COUNTY_NAME,WELL_DEPTH,WELL_USE,WELL_TYPE,WCR_NO,t_range,n_samples,season,fall_high,fall_low,spring_high,spring_low,water_year,Oct.Mar,Apr.Jul,WYsum,Index,water_year_type,region,water_year_start,water_year_end,X,Y
385259N1213355W001,2482801,2019-10-09T00:00:00Z,60.61,59.81,4.6,78,-12.79,73.4,72.6,NA,Steel tape measurement,Water level accuracy to nearest tenth of a foot,5050,Sacramento Central Groundwater Authority,NA,5050,Sacramento Central Groundwater Authority,74,101,30664,08N06E20R001M,SCGA #13,Unknown,Unknown,5-021.65,South American,Sacramento,101,Residential,Single Well,1009,1990-05-05 - 2020-04-15,59,fall,72.6,116.7,NA,NA,2019,13.11,10.66,24.77,10.34,Wet,SAC,2019-10-01T00:00:00Z,2020-10-01T00:00:00Z,-121.336,38.5259
385259N1213355W001,2454913,2019-04-12T00:00:00Z,60.61,59.81,2.2,76,-13.19,73.8,73,NA,Steel tape measurement,Water level accuracy to nearest tenth of a foot,5050,Sacramento Central Groundwater Authority,NA,5050,Sacramento Central Groundwater Authority,74,101,30664,08N06E20R001M,SCGA #13,Unknown,Unknown,5-021.65,South American,Sacramento,101,Residential,Single Well,1009,1990-05-05 - 2020-04-15,59,spring,NA,NA,73,91,2018,7.09,5.05,12.86,7.14,Below Normal,SAC,2018-10-01T00:00:00Z,2019-10-01T00:00:00Z,-121.336,38.5259
385259N1213355W001,2413070,2018-10-10T00:00:00Z,60.61,59.81,1.9,83,-20.49,81.1,80.3,NA,Steel tape measurement,Water level accuracy to nearest tenth of a foot,5050,Sacramento Central Groundwater Authority,NA,5050,Sacramento Central Groundwater Authority,74,101,30664,08N06E20R001M,SCGA #13,Unknown,Unknown,5-021.65,South American,Sacramento,101,Residential,Single Well,1009,1990-05-05 - 2020-04-15,59,fall,72.6,116.7,NA,NA,2018,7.09,5.05,12.86,7.14,Below Normal,SAC,2018-10-01T00:00:00Z,2019-10-01T00:00:00Z,-121.336,38.5259
385259N1213355W001,2305635,2018-04-12T00:00:00Z,60.61,59.81,0.7,76,-14.69,75.3,74.5,NA,Steel tape measurement,Water level accuracy to nearest tenth of a foot,5050,Sacramento Central Groundwater Authority,NA,5050,Sacramento Central Groundwater Authority,74,101,30664,08N06E20R001M,SCGA #13,Unknown,Unknown,5-021.65,South American,Sacramento,101,Residential,Single Well,1009,1990-05-05 - 2020-04-15,59,spring,NA,NA,73,91,2017,26.17,10.69,37.82,14.14,Wet,SAC,2017-10-01T00:00:00Z,2018-10-01T00:00:00Z,-121.336,38.5259
385259N1213355W001,2278910,2017-10-16T00:00:00Z,60.61,59.81,3.5,85,-20.89,81.5,80.7,NA,Steel tape measurement,Water level accuracy to nearest tenth of a foot,5050,Sacramento Central Groundwater Authority,NA,5050,Sacramento Central Groundwater Authority,74,101,30664,08N06E20R001M,SCGA #13,Unknown,Unknown,5-021.65,South American,Sacramento,101,Residential,Single Well,1009,1990-05-05 - 2020-04-15,59,fall,72.6,116.7,NA,NA,2017,26.17,10.69,37.82,14.14,Wet,SAC,2017-10-01T00:00:00Z,2018-10-01T00:00:00Z,-121.336,38.5259
385259N1213355W001,2253412,2017-04-28T00:00:00Z,60.61,59.81,3.7,82,-17.69,78.3,77.5,NA,Steel tape measurement,Water level accuracy to nearest tenth of a foot,5050,Sacramento Central Groundwater Authority,NA,5050,Sacramento Central Groundwater Authority,74,101,30664,08N06E20R001M,SCGA #13,Unknown,Unknown,5-021.65,South American,Sacramento,101,Residential,Single Well,1009,1990-05-05 - 2020-04-15,59,spring,NA,NA,73,91,2016,12.24,4.6,17.48,6.71,Below Normal,SAC,2016-10-01T00:00:00Z,2017-10-01T00:00:00Z,-121.336,38.5259
385259N1213355W001,2253411,2016-10-20T00:00:00Z,60.61,59.81,2.8,90,-26.59,87.2,86.4,NA,Steel tape measurement,Water level accuracy to nearest tenth of a foot,5050,Sacramento Central Groundwater Authority,NA,5050,Sacramento Central Groundwater Authority,74,101,30664,08N06E20R001M,SCGA #13,Unknown,Unknown,5-021.65,South American,Sacramento,101,Residential,Single Well,1009,1990-05-05 - 2020-04-15,59,fall,72.6,116.7,NA,NA,2016,12.24,4.6,17.48,6.71,Below Normal,SAC,2016-10-01T00:00:00Z,2017-10-01T00:00:00Z,-121.336,38.5259
385259N1213355W001,2185709,2015-10-26T00:00:00Z,60.61,59.81,4.4,91,-25.99,86.6,85.8,NA,Steel tape measurement,Water level accuracy to nearest tenth of a foot,5050,Sacramento Central Groundwater Authority,NA,5050,Sacramento Central Groundwater Authority,74,101,30664,08N06E20R001M,SCGA #13,Unknown,Unknown,5-021.65,South American,Sacramento,101,Residential,Single Well,1009,1990-05-05 - 2020-04-15,59,fall,72.6,116.7,NA,NA,2015,6.91,1.77,9.23,4,Critical,SAC,2015-10-01T00:00:00Z,2016-10-01T00:00:00Z,-121.336,38.5259
385259N1213355W001,2137297,2015-04-22T00:00:00Z,60.61,59.81,3.1,84,-20.29,80.9,80.1,NA,Steel tape measurement,Water level accuracy to nearest tenth of a foot,5050,Sacramento Central Groundwater Authority,NA,5050,Sacramento Central Groundwater Authority,74,101,30664,08N06E20R001M,SCGA #13,Unknown,Unknown,5-021.65,South American,Sacramento,101,Residential,Single Well,1009,1990-05-05 - 2020-04-15,59,spring,NA,NA,73,91,2014,4.29,2.59,7.46,4.07,Critical,SAC,2014-10-01T00:00:00Z,2015-10-01T00:00:00Z,-121.336,38.5259
385259N1213355W001,2137296,2014-10-20T00:00:00Z,60.61,59.81,2.3,91,-28.09,88.7,87.9,NA,Steel tape measurement,Water level accuracy to nearest tenth of a foot,5050,Sacramento Central Groundwater Authority,NA,5050,Sacramento Central Groundwater Authority,74,101,30664,08N06E20R001M,SCGA #13,Unknown,Unknown,5-021.65,South American,Sacramento,101,Residential,Single Well,1009,1990-05-05 - 2020-04-15,59,fall,72.6,116.7,NA,NA,2014,4.29,2.59,7.46,4.07,Critical,SAC,2014-10-01T00:00:00Z,2015-10-01T00:00:00Z,-121.336,38.5259
385259N1213355W001,1905156,2014-04-14T00:00:00Z,60.61,59.81,0.5,81,-19.89,80.5,79.7,NA,Steel tape measurement,Water level accuracy to nearest tenth of a foot,5050,Sacramento Central Groundwater Authority,NA,5050,Sacramento Central Groundwater Authority,74,101,30664,08N06E20R001M,SCGA #13,Unknown,Unknown,5-021.65,South American,Sacramento,101,Residential,Single Well,1009,1990-05-05 - 2020-04-15,59,spring,NA,NA,73,91,2013,8.52,3.01,12.19,5.83,Dry,SAC,2013-10-01T00:00:00Z,2014-10-01T00:00:00Z,-121.336,38.5259
385259N1213355W001,1905155,2013-11-05T00:00:00Z,60.61,59.81,4,96,-31.39,92,91.2,NA,Steel tape measurement,Water level accuracy to nearest tenth of a foot,5050,Sacramento Central Groundwater Authority,NA,5050,Sacramento Central Groundwater Authority,74,101,30664,08N06E20R001M,SCGA #13,Unknown,Unknown,5-021.65,South American,Sacramento,101,Residential,Single Well,1009,1990-05-05 - 2020-04-15,59,fall,72.6,116.7,NA,NA,2013,8.52,3.01,12.19,5.83,Dry,SAC,2013-10-01T00:00:00Z,2014-10-01T00:00:00Z,-121.336,38.5259
385259N1213355W001,1704769,2013-04-22T00:00:00Z,60.61,59.81,3.4,82,-17.99,78.6,77.8,NA,Steel tape measurement,Water level accuracy to nearest tenth of a foot,5050,Sacramento Central Groundwater Authority,NA,5050,Sacramento Central Groundwater Authority,74,101,30664,08N06E20R001M,SCGA #13,Unknown,Unknown,5-021.65,South American,Sacramento,101,Residential,Single Well,1009,1990-05-05 - 2020-04-15,59,spring,NA,NA,73,91,2012,5.69,5.46,11.84,6.89,Below Normal,SAC,2012-10-01T00:00:00Z,2013-10-01T00:00:00Z,-121.336,38.5259
385259N1213355W001,1704768,2012-10-30T00:00:00Z,60.61,59.81,3.5,88,-23.89,84.5,83.7,NA,Steel tape measurement,Water level accuracy to nearest tenth of a foot,5050,Sacramento Central Groundwater Authority,NA,5050,Sacramento Central Groundwater Authority,74,101,30664,08N06E20R001M,SCGA #13,Unknown,Unknown,5-021.65,South American,Sacramento,101,Residential,Single Well,1009,1990-05-05 - 2020-04-15,59,fall,72.6,116.7,NA,NA,2012,5.69,5.46,11.84,6.89,Below Normal,SAC,2012-10-01T00:00:00Z,2013-10-01T00:00:00Z,-121.336,38.5259
385259N1213355W001,61315,2012-04-24T00:00:00Z,60.61,59.81,5.7,86,-19.69,80.3,79.5,NA,Steel tape measurement,Water level accuracy to nearest tenth of a foot,5050,Sacramento Central Groundwater Authority,NA,5050,Sacramento Central Groundwater Authority,74,101,30664,08N06E20R001M,SCGA #13,Unknown,Unknown,5-021.65,South American,Sacramento,101,Residential,Single Well,1009,1990-05-05 - 2020-04-15,59,spring,NA,NA,73,91,2011,12.68,11.53,25.21,10.54,Wet,SAC,2011-10-01T00:00:00Z,2012-10-01T00:00:00Z,-121.336,38.5259
385259N1213355W001,21383,2011-10-19T00:00:00Z,60.61,59.81,2.2,89,-26.19,86.8,86,NA,Steel tape measurement,Water level accuracy to nearest tenth of a foot,5050,Sacramento Central Groundwater Authority,NA,5050,Sacramento Central Groundwater Authority,74,101,30664,08N06E20R001M,SCGA #13,Unknown,Unknown,5-021.65,South American,Sacramento,101,Residential,Single Well,1009,1990-05-05 - 2020-04-15,59,fall,72.6,116.7,NA,NA,2011,12.68,11.53,25.21,10.54,Wet,SAC,2011-10-01T00:00:00Z,2012-10-01T00:00:00Z,-121.336,38.5259
385259N1213355W001,68590,2011-04-13T00:00:00Z,60.61,59.81,2,87,-24.39,85,84.2,NA,Steel tape measurement,Water level accuracy to nearest tenth of a foot,5050,Sacramento Central Groundwater Authority,NA,5050,Sacramento Central Groundwater Authority,74,101,30664,08N06E20R001M,SCGA #13,Unknown,Unknown,5-021.65,South American,Sacramento,101,Residential,Single Well,1009,1990-05-05 - 2020-04-15,59,spring,NA,NA,73,91,2010,7.45,7.78,16.01,7.08,Below Normal,SAC,2010-10-01T00:00:00Z,2011-10-01T00:00:00Z,-121.336,38.5259
385259N1213355W001,1295067,2010-04-22T00:00:00Z,60.61,59.81,0,84.5,-23.89,84.5,83.7,NA,Unknown,Water level accuracy is unknown,1,Department of Water Resources,NA,323,Sacramento County,74,101,30664,08N06E20R001M,SCGA #13,Unknown,Unknown,5-021.65,South American,Sacramento,101,Residential,Single Well,1009,1990-05-05 - 2020-04-15,59,spring,NA,NA,73,91,2009,7.05,5.3,13.02,5.78,Dry,SAC,2009-10-01T00:00:00Z,2010-10-01T00:00:00Z,-121.336,38.5259
385259N1213355W001,1295066,2009-10-22T00:00:00Z,60.61,59.81,0,86.5,-25.89,86.5,85.7,NA,Unknown,Water level accuracy is unknown,1,Department of Water Resources,NA,323,Sacramento County,74,101,30664,08N06E20R001M,SCGA #13,Unknown,Unknown,5-021.65,South American,Sacramento,101,Residential,Single Well,1009,1990-05-05 - 2020-04-15,59,fall,72.6,116.7,NA,NA,2009,7.05,5.3,13.02,5.78,Dry,SAC,2009-10-01T00:00:00Z,2010-10-01T00:00:00Z,-121.336,38.5259
385259N1213355W001,1295065,2009-04-27T00:00:00Z,60.61,59.81,0,84.5,-23.89,84.5,83.7,NA,Unknown,Water level accuracy is unknown,1,Department of Water Resources,NA,323,Sacramento County,74,101,30664,08N06E20R001M,SCGA #13,Unknown,Unknown,5-021.65,South American,Sacramento,101,Residential,Single Well,1009,1990-05-05 - 2020-04-15,59,spring,NA,NA,73,91,2008,5.9,3.82,10.28,5.16,Critical,SAC,2008-10-01T00:00:00Z,2009-10-01T00:00:00Z,-121.336,38.5259
385259N1213355W001,1295064,2008-10-15T00:00:00Z,60.61,59.81,0,85.5,-24.89,85.5,84.7,NA,Unknown,Water level accuracy is unknown,1,Department of Water Resources,NA,323,Sacramento County,74,101,30664,08N06E20R001M,SCGA #13,Unknown,Unknown,5-021.65,South American,Sacramento,101,Residential,Single Well,1009,1990-05-05 - 2020-04-15,59,fall,72.6,116.7,NA,NA,2008,5.9,3.82,10.28,5.16,Critical,SAC,2008-10-01T00:00:00Z,2009-10-01T00:00:00Z,-121.336,38.5259
385259N1213355W001,1295063,2008-04-22T00:00:00Z,60.61,59.81,0,82.1,-21.49,82.1,81.3,NA,Unknown,Water level accuracy is unknown,1,Department of Water Resources,NA,323,Sacramento County,74,101,30664,08N06E20R001M,SCGA #13,Unknown,Unknown,5-021.65,South American,Sacramento,101,Residential,Single Well,1009,1990-05-05 - 2020-04-15,59,spring,NA,NA,73,91,2007,6.59,3.04,10.28,6.19,Dry,SAC,2007-10-01T00:00:00Z,2008-10-01T00:00:00Z,-121.336,38.5259
385259N1213355W001,1295058,2005-10-19T00:00:00Z,60.61,59.81,0,86.5,-25.89,86.5,85.7,NA,Unknown,Water level accuracy is unknown,1,Department of Water Resources,NA,323,Sacramento County,74,101,30664,08N06E20R001M,SCGA #13,Unknown,Unknown,5-021.65,South American,Sacramento,101,Residential,Single Well,1009,1990-05-05 - 2020-04-15,59,fall,72.6,116.7,NA,NA,2005,8.4,9.28,18.55,8.49,Above Normal,SAC,2005-10-01T00:00:00Z,2006-10-01T00:00:00Z,-121.336,38.5259
385259N1213355W001,1295057,2005-04-22T00:00:00Z,60.61,59.81,0,83.6,-22.99,83.6,82.8,NA,Unknown,Water level accuracy is unknown,1,Department of Water Resources,NA,323,Sacramento County,74,101,30664,08N06E20R001M,SCGA #13,Unknown,Unknown,5-021.65,South American,Sacramento,101,Residential,Single Well,1009,1990-05-05 - 2020-04-15,59,spring,NA,NA,73,91,2004,10.95,4.4,16.04,7.51,Below Normal,SAC,2004-10-01T00:00:00Z,2005-10-01T00:00:00Z,-121.336,38.5259
385259N1213355W001,1295055,2004-10-27T00:00:00Z,60.61,59.81,0,87.5,-26.89,87.5,86.7,NA,Unknown,Water level accuracy is unknown,1,Department of Water Resources,NA,323,Sacramento County,74,101,30664,08N06E20R001M,SCGA #13,Unknown,Unknown,5-021.65,South American,Sacramento,101,Residential,Single Well,1009,1990-05-05 - 2020-04-15,59,fall,72.6,116.7,NA,NA,2004,10.95,4.4,16.04,7.51,Below Normal,SAC,2004-10-01T00:00:00Z,2005-10-01T00:00:00Z,-121.336,38.5259
385259N1213355W001,1295054,2003-10-31T00:00:00Z,60.61,59.81,0,86.7,-26.09,86.7,85.9,NA,Unknown,Water level accuracy is unknown,1,Department of Water Resources,SLIPPED TAPE THRU WELDED ON CAP,323,Sacramento County,74,101,30664,08N06E20R001M,SCGA #13,Unknown,Unknown,5-021.65,South American,Sacramento,101,Residential,Single Well,1009,1990-05-05 - 2020-04-15,59,fall,72.6,116.7,NA,NA,2003,10.71,7.74,19.31,8.21,Above Normal,SAC,2003-10-01T00:00:00Z,2004-10-01T00:00:00Z,-121.336,38.5259
385259N1213355W001,1295048,2003-05-01T00:00:00Z,60.61,59.81,0,85.3,-24.69,85.3,84.5,NA,Unknown,Water level accuracy is unknown,1,Department of Water Resources,NA,323,Sacramento County,74,101,30664,08N06E20R001M,SCGA #13,Unknown,Unknown,5-021.65,South American,Sacramento,101,Residential,Single Well,1009,1990-05-05 - 2020-04-15,59,spring,NA,NA,73,91,2002,9.32,4.57,14.6,6.35,Dry,SAC,2002-10-01T00:00:00Z,2003-10-01T00:00:00Z,-121.336,38.5259
385259N1213355W001,1295050,2002-11-04T00:00:00Z,60.61,59.81,0,88.3,-27.69,88.3,87.5,NA,Unknown,Water level accuracy is unknown,1,Department of Water Resources,NA,323,Sacramento County,74,101,30664,08N06E20R001M,SCGA #13,Unknown,Unknown,5-021.65,South American,Sacramento,101,Residential,Single Well,1009,1990-05-05 - 2020-04-15,59,fall,72.6,116.7,NA,NA,2002,9.32,4.57,14.6,6.35,Dry,SAC,2002-10-01T00:00:00Z,2003-10-01T00:00:00Z,-121.336,38.5259
385259N1213355W001,1295052,2002-05-23T00:00:00Z,60.61,59.81,0,82.1,-21.49,82.1,81.3,NA,Unknown,Water level accuracy is unknown,1,Department of Water Resources,NA,323,Sacramento County,74,101,30664,08N06E20R001M,SCGA #13,Unknown,Unknown,5-021.65,South American,Sacramento,101,Residential,Single Well,1009,1990-05-05 - 2020-04-15,59,spring,NA,NA,73,91,2001,5.64,3.46,9.81,5.76,Dry,SAC,2001-10-01T00:00:00Z,2002-10-01T00:00:00Z,-121.336,38.5259
385259N1213355W001,1295049,2001-09-27T00:00:00Z,60.61,59.81,0,90.5,-29.89,90.5,89.7,Other,Unknown,Water level accuracy is unknown,1,Department of Water Resources,NA,323,Sacramento County,74,101,30664,08N06E20R001M,SCGA #13,Unknown,Unknown,5-021.65,South American,Sacramento,101,Residential,Single Well,1009,1990-05-05 - 2020-04-15,59,fall,72.6,116.7,NA,NA,2000,12.06,5.96,18.9,8.94,Above Normal,SAC,2000-10-01T00:00:00Z,2001-10-01T00:00:00Z,-121.336,38.5259
385259N1213355W001,1295051,2001-04-16T00:00:00Z,60.61,59.81,0,80.3,-19.69,80.3,79.5,NA,Unknown,Water level accuracy is unknown,1,Department of Water Resources,NA,323,Sacramento County,74,101,30664,08N06E20R001M,SCGA #13,Unknown,Unknown,5-021.65,South American,Sacramento,101,Residential,Single Well,1009,1990-05-05 - 2020-04-15,59,spring,NA,NA,73,91,2000,12.06,5.96,18.9,8.94,Above Normal,SAC,2000-10-01T00:00:00Z,2001-10-01T00:00:00Z,-121.336,38.5259
385259N1213355W001,1295053,2000-09-25T00:00:00Z,60.61,59.81,0,117.5,-56.89,117.5,116.7,Other,Unknown,Water level accuracy is unknown,1,Department of Water Resources,SLIPPED TAPE THRU WELDED ON CAP,323,Sacramento County,74,101,30664,08N06E20R001M,SCGA #13,Unknown,Unknown,5-021.65,South American,Sacramento,101,Residential,Single Well,1009,1990-05-05 - 2020-04-15,59,fall,72.6,116.7,NA,NA,1999,12.97,7.26,21.19,9.8,Wet,SAC,1999-10-01T00:00:00Z,2000-10-01T00:00:00Z,-121.336,38.5259
385259N1213355W001,1295045,2000-04-26T00:00:00Z,60.61,59.81,0,91.8,-31.19,91.8,91,NA,Unknown,Water level accuracy is unknown,1,Department of Water Resources,NA,323,Sacramento County,74,101,30664,08N06E20R001M,SCGA #13,Unknown,Unknown,5-021.65,South American,Sacramento,101,Residential,Single Well,1009,1990-05-05 - 2020-04-15,59,spring,NA,NA,73,91,1999,12.97,7.26,21.19,9.8,Wet,SAC,1999-10-01T00:00:00Z,2000-10-01T00:00:00Z,-121.336,38.5259
385259N1213355W001,1295043,1999-10-13T00:00:00Z,60.61,59.81,0,99.6,-38.99,99.6,98.8,NA,Unknown,Water level accuracy is unknown,1,Department of Water Resources,NA,323,Sacramento County,74,101,30664,08N06E20R001M,SCGA #13,Unknown,Unknown,5-021.65,South American,Sacramento,101,Residential,Single Well,1009,1990-05-05 - 2020-04-15,59,fall,72.6,116.7,NA,NA,1999,12.97,7.26,21.19,9.8,Wet,SAC,1999-10-01T00:00:00Z,2000-10-01T00:00:00Z,-121.336,38.5259
385259N1213355W001,1295044,1999-04-13T00:00:00Z,60.61,59.81,0,79.5,-18.89,79.5,78.7,NA,Unknown,Water level accuracy is unknown,1,Department of Water Resources,NA,323,Sacramento County,74,101,30664,08N06E20R001M,SCGA #13,Unknown,Unknown,5-021.65,South American,Sacramento,101,Residential,Single Well,1009,1990-05-05 - 2020-04-15,59,spring,NA,NA,73,91,1998,17.65,12.54,31.4,13.31,Wet,SAC,1998-10-01T00:00:00Z,1999-10-01T00:00:00Z,-121.336,38.5259
385259N1213355W001,1295028,1998-10-07T00:00:00Z,60.61,59.81,0,92,-31.39,92,91.2,NA,Unknown,Water level accuracy is unknown,1,Department of Water Resources,NA,323,Sacramento County,74,101,30664,08N06E20R001M,SCGA #13,Unknown,Unknown,5-021.65,South American,Sacramento,101,Residential,Single Well,1009,1990-05-05 - 2020-04-15,59,fall,72.6,116.7,NA,NA,1998,17.65,12.54,31.4,13.31,Wet,SAC,1998-10-01T00:00:00Z,1999-10-01T00:00:00Z,-121.336,38.5259
385259N1213355W001,1295047,1998-04-07T00:00:00Z,60.61,59.81,0,82.5,-21.89,82.5,81.7,NA,Unknown,Water level accuracy is unknown,1,Department of Water Resources,TAPE HANG UP RETRY IN SPRING 98,323,Sacramento County,74,101,30664,08N06E20R001M,SCGA #13,Unknown,Unknown,5-021.65,South American,Sacramento,101,Residential,Single Well,1009,1990-05-05 - 2020-04-15,59,spring,NA,NA,73,91,1997,20.22,4.39,25.42,10.82,Wet,SAC,1997-10-01T00:00:00Z,1998-10-01T00:00:00Z,-121.336,38.5259
385259N1213355W001,1295046,1997-04-01T00:00:00Z,60.61,59.81,0,82,-21.39,82,81.2,NA,Unknown,Water level accuracy is unknown,1,Department of Water Resources,NA,323,Sacramento County,74,101,30664,08N06E20R001M,SCGA #13,Unknown,Unknown,5-021.65,South American,Sacramento,101,Residential,Single Well,1009,1990-05-05 - 2020-04-15,59,spring,NA,NA,73,91,1996,13.05,8.37,22.29,10.26,Wet,SAC,1996-10-01T00:00:00Z,1997-10-01T00:00:00Z,-121.336,38.5259
385259N1213355W001,1295042,1996-10-08T00:00:00Z,60.61,59.81,0,84,-23.39,84,83.2,NA,Unknown,Water level accuracy is unknown,1,Department of Water Resources,NA,323,Sacramento County,74,101,30664,08N06E20R001M,SCGA #13,Unknown,Unknown,5-021.65,South American,Sacramento,101,Residential,Single Well,1009,1990-05-05 - 2020-04-15,59,fall,72.6,116.7,NA,NA,1996,13.05,8.37,22.29,10.26,Wet,SAC,1996-10-01T00:00:00Z,1997-10-01T00:00:00Z,-121.336,38.5259
385259N1213355W001,1295041,1996-04-02T00:00:00Z,60.61,59.81,0,80.5,-19.89,80.5,79.7,NA,Unknown,Water level accuracy is unknown,1,Department of Water Resources,NA,323,Sacramento County,74,101,30664,08N06E20R001M,SCGA #13,Unknown,Unknown,5-021.65,South American,Sacramento,101,Residential,Single Well,1009,1990-05-05 - 2020-04-15,59,spring,NA,NA,73,91,1995,19.83,13.6,34.55,12.89,Wet,SAC,1995-10-01T00:00:00Z,1996-10-01T00:00:00Z,-121.336,38.5259
385259N1213355W001,1295040,1995-10-04T00:00:00Z,60.61,59.81,0,84.5,-23.89,84.5,83.7,NA,Unknown,Water level accuracy is unknown,1,Department of Water Resources,NA,323,Sacramento County,74,101,30664,08N06E20R001M,SCGA #13,Unknown,Unknown,5-021.65,South American,Sacramento,101,Residential,Single Well,1009,1990-05-05 - 2020-04-15,59,fall,72.6,116.7,NA,NA,1995,19.83,13.6,34.55,12.89,Wet,SAC,1995-10-01T00:00:00Z,1996-10-01T00:00:00Z,-121.336,38.5259
385259N1213355W001,1295039,1995-04-11T00:00:00Z,60.61,59.81,0,79.9,-19.29,79.9,79.1,NA,Unknown,Water level accuracy is unknown,1,Department of Water Resources,NA,323,Sacramento County,74,101,30664,08N06E20R001M,SCGA #13,Unknown,Unknown,5-021.65,South American,Sacramento,101,Residential,Single Well,1009,1990-05-05 - 2020-04-15,59,spring,NA,NA,73,91,1994,4.55,2.73,7.81,5.02,Critical,SAC,1994-10-01T00:00:00Z,1995-10-01T00:00:00Z,-121.336,38.5259
385259N1213355W001,1295038,1994-11-01T00:00:00Z,60.61,59.81,0,84.6,-23.99,84.6,83.8,NA,Unknown,Water level accuracy is unknown,1,Department of Water Resources,NA,323,Sacramento County,74,101,30664,08N06E20R001M,SCGA #13,Unknown,Unknown,5-021.65,South American,Sacramento,101,Residential,Single Well,1009,1990-05-05 - 2020-04-15,59,fall,72.6,116.7,NA,NA,1994,4.55,2.73,7.81,5.02,Critical,SAC,1994-10-01T00:00:00Z,1995-10-01T00:00:00Z,-121.336,38.5259
385259N1213355W001,1295037,1994-03-31T00:00:00Z,60.61,59.81,0,84,-23.39,84,83.2,NA,Unknown,Water level accuracy is unknown,1,Department of Water Resources,NA,323,Sacramento County,74,101,30664,08N06E20R001M,SCGA #13,Unknown,Unknown,5-021.65,South American,Sacramento,101,Residential,Single Well,1009,1990-05-05 - 2020-04-15,59,spring,NA,NA,73,91,1993,12.44,8.98,22.21,8.54,Above Normal,SAC,1993-10-01T00:00:00Z,1994-10-01T00:00:00Z,-121.336,38.5259
385259N1213355W001,1295036,1993-10-05T00:00:00Z,60.61,59.81,0,85.1,-24.49,85.1,84.3,NA,Unknown,Water level accuracy is unknown,1,Department of Water Resources,NA,323,Sacramento County,74,101,30664,08N06E20R001M,SCGA #13,Unknown,Unknown,5-021.65,South American,Sacramento,101,Residential,Single Well,1009,1990-05-05 - 2020-04-15,59,fall,72.6,116.7,NA,NA,1993,12.44,8.98,22.21,8.54,Above Normal,SAC,1993-10-01T00:00:00Z,1994-10-01T00:00:00Z,-121.336,38.5259
385259N1213355W001,1295035,1993-03-17T00:00:00Z,60.61,59.81,0,82,-21.39,82,81.2,NA,Unknown,Water level accuracy is unknown,1,Department of Water Resources,NA,323,Sacramento County,74,101,30664,08N06E20R001M,SCGA #13,Unknown,Unknown,5-021.65,South American,Sacramento,101,Residential,Single Well,1009,1990-05-05 - 2020-04-15,59,spring,NA,NA,73,91,1992,5.41,2.93,8.87,4.06,Critical,SAC,1992-10-01T00:00:00Z,1993-10-01T00:00:00Z,-121.336,38.5259
385259N1213355W001,1295034,1992-10-19T00:00:00Z,60.61,59.81,0,86.6,-25.99,86.6,85.8,NA,Unknown,Water level accuracy is unknown,1,Department of Water Resources,NA,323,Sacramento County,74,101,30664,08N06E20R001M,SCGA #13,Unknown,Unknown,5-021.65,South American,Sacramento,101,Residential,Single Well,1009,1990-05-05 - 2020-04-15,59,fall,72.6,116.7,NA,NA,1992,5.41,2.93,8.87,4.06,Critical,SAC,1992-10-01T00:00:00Z,1993-10-01T00:00:00Z,-121.336,38.5259
385259N1213355W001,1295033,1992-04-06T00:00:00Z,60.61,59.81,0,84.9,-24.29,84.9,84.1,Pumped recently,Unknown,Water level accuracy is unknown,1,Department of Water Resources,NA,323,Sacramento County,74,101,30664,08N06E20R001M,SCGA #13,Unknown,Unknown,5-021.65,South American,Sacramento,101,Residential,Single Well,1009,1990-05-05 - 2020-04-15,59,spring,NA,NA,73,91,1991,3.9,4.01,8.44,4.21,Critical,SAC,1991-10-01T00:00:00Z,1992-10-01T00:00:00Z,-121.336,38.5259
385259N1213355W001,1295032,1991-10-16T00:00:00Z,60.61,59.81,0,85,-24.39,85,84.2,NA,Unknown,Water level accuracy is unknown,1,Department of Water Resources,NA,323,Sacramento County,74,101,30664,08N06E20R001M,SCGA #13,Unknown,Unknown,5-021.65,South American,Sacramento,101,Residential,Single Well,1009,1990-05-05 - 2020-04-15,59,fall,72.6,116.7,NA,NA,1991,3.9,4.01,8.44,4.21,Critical,SAC,1991-10-01T00:00:00Z,1992-10-01T00:00:00Z,-121.336,38.5259
385259N1213355W001,1295031,1991-02-28T00:00:00Z,60.61,59.81,0,80,-19.39,80,79.2,NA,Unknown,Water level accuracy is unknown,1,Department of Water Resources,NA,323,Sacramento County,74,101,30664,08N06E20R001M,SCGA #13,Unknown,Unknown,5-021.65,South American,Sacramento,101,Residential,Single Well,1009,1990-05-05 - 2020-04-15,59,other,NA,NA,NA,NA,1990,4.94,3.72,9.26,4.81,Critical,SAC,1990-10-01T00:00:00Z,1991-10-01T00:00:00Z,-121.336,38.5259
385259N1213355W001,1295029,1990-05-05T00:00:00Z,60.61,59.81,0,80.6,-19.99,80.6,79.8,NA,Unknown,Water level accuracy is unknown,1,Department of Water Resources,NA,323,Sacramento County,74,101,30664,08N06E20R001M,SCGA #13,Unknown,Unknown,5-021.65,South American,Sacramento,101,Residential,Single Well,1009,1990-05-05 - 2020-04-15,59,spring,NA,NA,73,91,1989,9.03,5.07,14.82,6.13,Dry,SAC,1989-10-01T00:00:00Z,1990-10-01T00:00:00Z,-121.336,38.5259
