STN_ID.x,SITE_CODE,WLM_ID,MSMT_DATE,WLM_RPE,WLM_GSE,RDNG_WS,RDNG_RP,WSE,RPE_WSE,GSE_WSE,WLM_QA_DESC,WLM_DESC,WLM_ACC_DESC,WLM_ORG_ID,WLM_ORG_NAME,MSMT_CMT,COOP_AGENCY_ORG_ID,COOP_ORG_NAME,STN_ID.y,TOP_PRF,BOT_PRF,STN_ID,SWN,WELL_NAME,WLM_METHOD,WLM_ACC,BASIN_CODE,BASIN_NAME,COUNTY_NAME,WELL_DEPTH,WELL_USE,WELL_TYPE,WCR_NO,t_range,n_samples
8585,385239N1214685W001,1294405,2003-11-25T00:00:00Z,30.3,29.8,0,39.8,-9.5,39.8,39.3,Oil or foreign substance in casing,Unknown,Water level accuracy is unknown,1,Department of Water Resources,NA,1,Department of Water Resources,8585,167,293,8585,08N05E30A001M,NA,Unknown,Unknown,5-021.65,South American,Sacramento,298,Irrigation,Unknown,98332,1963-05-10 - 2005-03-30,84
8585,385239N1214685W001,1294404,2003-04-15T00:00:00Z,30.3,29.8,0,38.8,-8.5,38.8,38.3,NA,Unknown,Water level accuracy is unknown,1,Department of Water Resources,NA,1,Department of Water Resources,8585,167,293,8585,08N05E30A001M,NA,Unknown,Unknown,5-021.65,South American,Sacramento,298,Irrigation,Unknown,98332,1963-05-10 - 2005-03-30,84
8585,385239N1214685W001,1294403,2002-11-15T00:00:00Z,30.3,29.8,0,42.4,-12.1,42.4,41.9,NA,Unknown,Water level accuracy is unknown,1,Department of Water Resources,NA,1,Department of Water Resources,8585,167,293,8585,08N05E30A001M,NA,Unknown,Unknown,5-021.65,South American,Sacramento,298,Irrigation,Unknown,98332,1963-05-10 - 2005-03-30,84
8585,385239N1214685W001,1294402,2002-05-08T00:00:00Z,30.3,29.8,0,39.9,-9.6,39.9,39.4,NA,Unknown,Water level accuracy is unknown,1,Department of Water Resources,NA,1,Department of Water Resources,8585,167,293,8585,08N05E30A001M,NA,Unknown,Unknown,5-021.65,South American,Sacramento,298,Irrigation,Unknown,98332,1963-05-10 - 2005-03-30,84
8585,385239N1214685W001,1294401,2001-11-27T00:00:00Z,30.3,29.8,0,41.8,-11.5,41.8,41.3,NA,Unknown,Water level accuracy is unknown,1,Department of Water Resources,NA,1,Department of Water Resources,8585,167,293,8585,08N05E30A001M,NA,Unknown,Unknown,5-021.65,South American,Sacramento,298,Irrigation,Unknown,98332,1963-05-10 - 2005-03-30,84
8585,385239N1214685W001,1294400,2001-05-10T00:00:00Z,30.3,29.8,0,35.4,-5.1,35.4,34.9,NA,Unknown,Water level accuracy is unknown,1,Department of Water Resources,NA,1,Department of Water Resources,8585,167,293,8585,08N05E30A001M,NA,Unknown,Unknown,5-021.65,South American,Sacramento,298,Irrigation,Unknown,98332,1963-05-10 - 2005-03-30,84
8585,385239N1214685W001,1294395,2000-11-01T00:00:00Z,30.3,29.8,0,44.5,-14.2,44.5,44,NA,Unknown,Water level accuracy is unknown,1,Department of Water Resources,NA,1,Department of Water Resources,8585,167,293,8585,08N05E30A001M,NA,Unknown,Unknown,5-021.65,South American,Sacramento,298,Irrigation,Unknown,98332,1963-05-10 - 2005-03-30,84
8585,385239N1214685W001,1294392,1999-04-27T00:00:00Z,30.3,29.8,0,45.7,-15.4,45.7,45.2,NA,Unknown,Water level accuracy is unknown,1,Department of Water Resources,NA,1,Department of Water Resources,8585,167,293,8585,08N05E30A001M,NA,Unknown,Unknown,5-021.65,South American,Sacramento,298,Irrigation,Unknown,98332,1963-05-10 - 2005-03-30,84
8585,385239N1214685W001,1294399,1998-11-12T00:00:00Z,30.3,29.8,0,41,-10.7,41,40.5,NA,Unknown,Water level accuracy is unknown,1,Department of Water Resources,NA,1,Department of Water Resources,8585,167,293,8585,08N05E30A001M,NA,Unknown,Unknown,5-021.65,South American,Sacramento,298,Irrigation,Unknown,98332,1963-05-10 - 2005-03-30,84
8585,385239N1214685W001,1294398,1998-05-18T00:00:00Z,30.3,29.8,0,42.2,-11.9,42.2,41.7,NA,Unknown,Water level accuracy is unknown,1,Department of Water Resources,NA,1,Department of Water Resources,8585,167,293,8585,08N05E30A001M,NA,Unknown,Unknown,5-021.65,South American,Sacramento,298,Irrigation,Unknown,98332,1963-05-10 - 2005-03-30,84
8585,385239N1214685W001,1294397,1997-12-02T00:00:00Z,30.3,29.8,0,44.7,-14.4,44.7,44.2,NA,Unknown,Water level accuracy is unknown,1,Department of Water Resources,NA,1,Department of Water Resources,8585,167,293,8585,08N05E30A001M,NA,Unknown,Unknown,5-021.65,South American,Sacramento,298,Irrigation,Unknown,98332,1963-05-10 - 2005-03-30,84
8585,385239N1214685W001,1294391,1996-12-18T00:00:00Z,30.3,29.8,0,52,-21.7,52,51.5,NA,Unknown,Water level accuracy is unknown,1,Department of Water Resources,NA,1,Department of Water Resources,8585,167,293,8585,08N05E30A001M,NA,Unknown,Unknown,5-021.65,South American,Sacramento,298,Irrigation,Unknown,98332,1963-05-10 - 2005-03-30,84
8585,385239N1214685W001,1294390,1996-05-03T00:00:00Z,30.3,29.8,0,45.2,-14.9,45.2,44.7,NA,Unknown,Water level accuracy is unknown,1,Department of Water Resources,NA,1,Department of Water Resources,8585,167,293,8585,08N05E30A001M,NA,Unknown,Unknown,5-021.65,South American,Sacramento,298,Irrigation,Unknown,98332,1963-05-10 - 2005-03-30,84
8585,385239N1214685W001,1294389,1995-12-14T00:00:00Z,30.3,29.8,0,47.4,-17.1,47.4,46.9,NA,Unknown,Water level accuracy is unknown,1,Department of Water Resources,NA,1,Department of Water Resources,8585,167,293,8585,08N05E30A001M,NA,Unknown,Unknown,5-021.65,South American,Sacramento,298,Irrigation,Unknown,98332,1963-05-10 - 2005-03-30,84
8585,385239N1214685W001,1294388,1995-04-13T00:00:00Z,30.3,29.8,0,48.1,-17.8,48.1,47.6,NA,Unknown,Water level accuracy is unknown,1,Department of Water Resources,NA,1,Department of Water Resources,8585,167,293,8585,08N05E30A001M,NA,Unknown,Unknown,5-021.65,South American,Sacramento,298,Irrigation,Unknown,98332,1963-05-10 - 2005-03-30,84
8585,385239N1214685W001,1294387,1994-12-16T00:00:00Z,30.3,29.8,0,50.8,-20.5,50.8,50.3,NA,Unknown,Water level accuracy is unknown,1,Department of Water Resources,NA,1,Department of Water Resources,8585,167,293,8585,08N05E30A001M,NA,Unknown,Unknown,5-021.65,South American,Sacramento,298,Irrigation,Unknown,98332,1963-05-10 - 2005-03-30,84
8585,385239N1214685W001,1294386,1994-04-22T00:00:00Z,30.3,29.8,0,50.3,-20,50.3,49.8,NA,Unknown,Water level accuracy is unknown,1,Department of Water Resources,NA,1,Department of Water Resources,8585,167,293,8585,08N05E30A001M,NA,Unknown,Unknown,5-021.65,South American,Sacramento,298,Irrigation,Unknown,98332,1963-05-10 - 2005-03-30,84
8585,385239N1214685W001,1294385,1993-11-22T00:00:00Z,30.3,29.8,0,52.9,-22.6,52.9,52.4,NA,Unknown,Water level accuracy is unknown,1,Department of Water Resources,NA,1,Department of Water Resources,8585,167,293,8585,08N05E30A001M,NA,Unknown,Unknown,5-021.65,South American,Sacramento,298,Irrigation,Unknown,98332,1963-05-10 - 2005-03-30,84
8585,385239N1214685W001,1294384,1993-03-26T00:00:00Z,30.3,29.8,0,54.8,-24.5,54.8,54.3,NA,Unknown,Water level accuracy is unknown,1,Department of Water Resources,NA,1,Department of Water Resources,8585,167,293,8585,08N05E30A001M,NA,Unknown,Unknown,5-021.65,South American,Sacramento,298,Irrigation,Unknown,98332,1963-05-10 - 2005-03-30,84
8585,385239N1214685W001,1294381,1991-03-13T00:00:00Z,30.3,29.8,0,51,-20.7,51,50.5,NA,Unknown,Water level accuracy is unknown,1,Department of Water Resources,OIL,1,Department of Water Resources,8585,167,293,8585,08N05E30A001M,NA,Unknown,Unknown,5-021.65,South American,Sacramento,298,Irrigation,Unknown,98332,1963-05-10 - 2005-03-30,84
8585,385239N1214685W001,1294380,1990-10-15T00:00:00Z,30.3,29.8,0,52.7,-22.4,52.7,52.2,Oil or foreign substance in casing,Unknown,Water level accuracy is unknown,1,Department of Water Resources,NA,1,Department of Water Resources,8585,167,293,8585,08N05E30A001M,NA,Unknown,Unknown,5-021.65,South American,Sacramento,298,Irrigation,Unknown,98332,1963-05-10 - 2005-03-30,84
8585,385239N1214685W001,1294379,1990-03-22T00:00:00Z,30.3,29.8,0,50.3,-20,50.3,49.8,NA,Unknown,Water level accuracy is unknown,1,Department of Water Resources,NA,1,Department of Water Resources,8585,167,293,8585,08N05E30A001M,NA,Unknown,Unknown,5-021.65,South American,Sacramento,298,Irrigation,Unknown,98332,1963-05-10 - 2005-03-30,84
8585,385239N1214685W001,1294378,1989-10-07T00:00:00Z,30.3,29.8,0,52.4,-22.1,52.4,51.9,NA,Unknown,Water level accuracy is unknown,1,Department of Water Resources,OIL,1,Department of Water Resources,8585,167,293,8585,08N05E30A001M,NA,Unknown,Unknown,5-021.65,South American,Sacramento,298,Irrigation,Unknown,98332,1963-05-10 - 2005-03-30,84
8585,385239N1214685W001,1294377,1989-03-08T00:00:00Z,30.3,29.8,0,49.8,-19.5,49.8,49.3,NA,Unknown,Water level accuracy is unknown,1,Department of Water Resources,OIL,1,Department of Water Resources,8585,167,293,8585,08N05E30A001M,NA,Unknown,Unknown,5-021.65,South American,Sacramento,298,Irrigation,Unknown,98332,1963-05-10 - 2005-03-30,84
8585,385239N1214685W001,1294376,1988-10-11T00:00:00Z,30.3,29.8,0,51.4,-21.1,51.4,50.9,NA,Unknown,Water level accuracy is unknown,1,Department of Water Resources,OIL,1,Department of Water Resources,8585,167,293,8585,08N05E30A001M,NA,Unknown,Unknown,5-021.65,South American,Sacramento,298,Irrigation,Unknown,98332,1963-05-10 - 2005-03-30,84
8585,385239N1214685W001,1294374,1987-10-01T00:00:00Z,30.3,29.8,0,49.6,-19.3,49.6,49.1,NA,Unknown,Water level accuracy is unknown,1,Department of Water Resources,NA,1,Department of Water Resources,8585,167,293,8585,08N05E30A001M,NA,Unknown,Unknown,5-021.65,South American,Sacramento,298,Irrigation,Unknown,98332,1963-05-10 - 2005-03-30,84
8585,385239N1214685W001,1294373,1987-03-05T00:00:00Z,30.3,29.8,0,47.8,-17.5,47.8,47.3,NA,Unknown,Water level accuracy is unknown,1,Department of Water Resources,NA,1,Department of Water Resources,8585,167,293,8585,08N05E30A001M,NA,Unknown,Unknown,5-021.65,South American,Sacramento,298,Irrigation,Unknown,98332,1963-05-10 - 2005-03-30,84
8585,385239N1214685W001,1294372,1986-10-21T00:00:00Z,30.3,29.8,0,48.3,-18,48.3,47.8,NA,Unknown,Water level accuracy is unknown,1,Department of Water Resources,NA,1,Department of Water Resources,8585,167,293,8585,08N05E30A001M,NA,Unknown,Unknown,5-021.65,South American,Sacramento,298,Irrigation,Unknown,98332,1963-05-10 - 2005-03-30,84
8585,385239N1214685W001,1294371,1986-03-18T00:00:00Z,30.3,29.8,0,46.6,-16.3,46.6,46.1,NA,Unknown,Water level accuracy is unknown,1,Department of Water Resources,NA,1,Department of Water Resources,8585,167,293,8585,08N05E30A001M,NA,Unknown,Unknown,5-021.65,South American,Sacramento,298,Irrigation,Unknown,98332,1963-05-10 - 2005-03-30,84
8585,385239N1214685W001,1294370,1985-09-18T00:00:00Z,30.3,29.8,0,48.5,-18.2,48.5,48,NA,Unknown,Water level accuracy is unknown,1,Department of Water Resources,NA,1,Department of Water Resources,8585,167,293,8585,08N05E30A001M,NA,Unknown,Unknown,5-021.65,South American,Sacramento,298,Irrigation,Unknown,98332,1963-05-10 - 2005-03-30,84
8585,385239N1214685W001,1294369,1985-03-01T00:00:00Z,30.3,29.8,0,45.9,-15.6,45.9,45.4,NA,Unknown,Water level accuracy is unknown,1,Department of Water Resources,NA,1,Department of Water Resources,8585,167,293,8585,08N05E30A001M,NA,Unknown,Unknown,5-021.65,South American,Sacramento,298,Irrigation,Unknown,98332,1963-05-10 - 2005-03-30,84
8585,385239N1214685W001,1294368,1984-10-04T00:00:00Z,30.3,29.8,0,47.1,-16.8,47.1,46.6,NA,Unknown,Water level accuracy is unknown,1,Department of Water Resources,NA,1,Department of Water Resources,8585,167,293,8585,08N05E30A001M,NA,Unknown,Unknown,5-021.65,South American,Sacramento,298,Irrigation,Unknown,98332,1963-05-10 - 2005-03-30,84
8585,385239N1214685W001,1294367,1984-03-06T00:00:00Z,30.3,29.8,0,44.4,-14.1,44.4,43.9,NA,Unknown,Water level accuracy is unknown,1,Department of Water Resources,NA,1,Department of Water Resources,8585,167,293,8585,08N05E30A001M,NA,Unknown,Unknown,5-021.65,South American,Sacramento,298,Irrigation,Unknown,98332,1963-05-10 - 2005-03-30,84
8585,385239N1214685W001,1294366,1983-10-03T00:00:00Z,30.3,29.8,0,47,-16.7,47,46.5,NA,Unknown,Water level accuracy is unknown,1,Department of Water Resources,NA,1,Department of Water Resources,8585,167,293,8585,08N05E30A001M,NA,Unknown,Unknown,5-021.65,South American,Sacramento,298,Irrigation,Unknown,98332,1963-05-10 - 2005-03-30,84
8585,385239N1214685W001,1294365,1983-03-11T00:00:00Z,30.3,29.8,0,47.6,-17.3,47.6,47.1,NA,Unknown,Water level accuracy is unknown,1,Department of Water Resources,NA,1,Department of Water Resources,8585,167,293,8585,08N05E30A001M,NA,Unknown,Unknown,5-021.65,South American,Sacramento,298,Irrigation,Unknown,98332,1963-05-10 - 2005-03-30,84
8585,385239N1214685W001,1294364,1982-10-20T00:00:00Z,30.3,29.8,0,50.4,-20.1,50.4,49.9,NA,Unknown,Water level accuracy is unknown,1,Department of Water Resources,NA,1,Department of Water Resources,8585,167,293,8585,08N05E30A001M,NA,Unknown,Unknown,5-021.65,South American,Sacramento,298,Irrigation,Unknown,98332,1963-05-10 - 2005-03-30,84
8585,385239N1214685W001,1294363,1982-03-01T00:00:00Z,30.3,29.8,0,50.9,-20.6,50.9,50.4,NA,Unknown,Water level accuracy is unknown,1,Department of Water Resources,NA,1,Department of Water Resources,8585,167,293,8585,08N05E30A001M,NA,Unknown,Unknown,5-021.65,South American,Sacramento,298,Irrigation,Unknown,98332,1963-05-10 - 2005-03-30,84
8585,385239N1214685W001,1294362,1981-10-01T00:00:00Z,30.3,29.8,0,52.6,-22.3,52.6,52.1,NA,Unknown,Water level accuracy is unknown,1,Department of Water Resources,NA,1,Department of Water Resources,8585,167,293,8585,08N05E30A001M,NA,Unknown,Unknown,5-021.65,South American,Sacramento,298,Irrigation,Unknown,98332,1963-05-10 - 2005-03-30,84
8585,385239N1214685W001,1294361,1981-03-11T00:00:00Z,30.3,29.8,0,51,-20.7,51,50.5,NA,Unknown,Water level accuracy is unknown,1,Department of Water Resources,NA,1,Department of Water Resources,8585,167,293,8585,08N05E30A001M,NA,Unknown,Unknown,5-021.65,South American,Sacramento,298,Irrigation,Unknown,98332,1963-05-10 - 2005-03-30,84
8585,385239N1214685W001,1294360,1980-10-07T00:00:00Z,30.3,29.8,0,53.8,-23.5,53.8,53.3,NA,Unknown,Water level accuracy is unknown,1,Department of Water Resources,NA,1,Department of Water Resources,8585,167,293,8585,08N05E30A001M,NA,Unknown,Unknown,5-021.65,South American,Sacramento,298,Irrigation,Unknown,98332,1963-05-10 - 2005-03-30,84
8585,385239N1214685W001,1294359,1980-03-17T00:00:00Z,30.3,29.8,0,52,-21.7,52,51.5,NA,Unknown,Water level accuracy is unknown,1,Department of Water Resources,NA,1,Department of Water Resources,8585,167,293,8585,08N05E30A001M,NA,Unknown,Unknown,5-021.65,South American,Sacramento,298,Irrigation,Unknown,98332,1963-05-10 - 2005-03-30,84
8585,385239N1214685W001,1294358,1979-10-26T00:00:00Z,30.3,29.8,0,54.4,-24.1,54.4,53.9,NA,Unknown,Water level accuracy is unknown,1,Department of Water Resources,NA,1,Department of Water Resources,8585,167,293,8585,08N05E30A001M,NA,Unknown,Unknown,5-021.65,South American,Sacramento,298,Irrigation,Unknown,98332,1963-05-10 - 2005-03-30,84
8585,385239N1214685W001,1294357,1979-03-23T00:00:00Z,30.3,29.8,0,53.2,-22.9,53.2,52.7,NA,Unknown,Water level accuracy is unknown,1,Department of Water Resources,NA,1,Department of Water Resources,8585,167,293,8585,08N05E30A001M,NA,Unknown,Unknown,5-021.65,South American,Sacramento,298,Irrigation,Unknown,98332,1963-05-10 - 2005-03-30,84
8585,385239N1214685W001,1294356,1978-10-25T00:00:00Z,30.3,29.8,0,55.3,-25,55.3,54.8,NA,Unknown,Water level accuracy is unknown,1,Department of Water Resources,NA,1,Department of Water Resources,8585,167,293,8585,08N05E30A001M,NA,Unknown,Unknown,5-021.65,South American,Sacramento,298,Irrigation,Unknown,98332,1963-05-10 - 2005-03-30,84
8585,385239N1214685W001,1294355,1978-03-13T00:00:00Z,30.3,29.8,0,53.1,-22.8,53.1,52.6,NA,Unknown,Water level accuracy is unknown,1,Department of Water Resources,NA,1,Department of Water Resources,8585,167,293,8585,08N05E30A001M,NA,Unknown,Unknown,5-021.65,South American,Sacramento,298,Irrigation,Unknown,98332,1963-05-10 - 2005-03-30,84
8585,385239N1214685W001,1294354,1977-10-06T00:00:00Z,30.3,29.8,0,54.4,-24.1,54.4,53.9,NA,Unknown,Water level accuracy is unknown,1,Department of Water Resources,NA,1,Department of Water Resources,8585,167,293,8585,08N05E30A001M,NA,Unknown,Unknown,5-021.65,South American,Sacramento,298,Irrigation,Unknown,98332,1963-05-10 - 2005-03-30,84
8585,385239N1214685W001,1294353,1977-03-01T00:00:00Z,30.3,29.8,0,52.3,-22,52.3,51.8,NA,Unknown,Water level accuracy is unknown,1,Department of Water Resources,NA,1,Department of Water Resources,8585,167,293,8585,08N05E30A001M,NA,Unknown,Unknown,5-021.65,South American,Sacramento,298,Irrigation,Unknown,98332,1963-05-10 - 2005-03-30,84
8585,385239N1214685W001,1294352,1976-10-10T00:00:00Z,30.3,29.8,0,53,-22.7,53,52.5,NA,Unknown,Water level accuracy is unknown,1,Department of Water Resources,NA,1,Department of Water Resources,8585,167,293,8585,08N05E30A001M,NA,Unknown,Unknown,5-021.65,South American,Sacramento,298,Irrigation,Unknown,98332,1963-05-10 - 2005-03-30,84
8585,385239N1214685W001,1294351,1976-03-05T00:00:00Z,30.3,29.8,0,50.4,-20.1,50.4,49.9,NA,Unknown,Water level accuracy is unknown,1,Department of Water Resources,NA,1,Department of Water Resources,8585,167,293,8585,08N05E30A001M,NA,Unknown,Unknown,5-021.65,South American,Sacramento,298,Irrigation,Unknown,98332,1963-05-10 - 2005-03-30,84
8585,385239N1214685W001,1294350,1975-10-01T00:00:00Z,30.3,29.8,0,52.3,-22,52.3,51.8,NA,Unknown,Water level accuracy is unknown,1,Department of Water Resources,NA,1,Department of Water Resources,8585,167,293,8585,08N05E30A001M,NA,Unknown,Unknown,5-021.65,South American,Sacramento,298,Irrigation,Unknown,98332,1963-05-10 - 2005-03-30,84
8585,385239N1214685W001,1294349,1975-03-04T00:00:00Z,30.3,29.8,0,49.8,-19.5,49.8,49.3,NA,Unknown,Water level accuracy is unknown,1,Department of Water Resources,NA,1,Department of Water Resources,8585,167,293,8585,08N05E30A001M,NA,Unknown,Unknown,5-021.65,South American,Sacramento,298,Irrigation,Unknown,98332,1963-05-10 - 2005-03-30,84
8585,385239N1214685W001,1294348,1974-10-08T00:00:00Z,30.3,29.8,0,50.3,-20,50.3,49.8,NA,Unknown,Water level accuracy is unknown,1,Department of Water Resources,NA,1,Department of Water Resources,8585,167,293,8585,08N05E30A001M,NA,Unknown,Unknown,5-021.65,South American,Sacramento,298,Irrigation,Unknown,98332,1963-05-10 - 2005-03-30,84
8585,385239N1214685W001,1294347,1974-03-08T00:00:00Z,30.3,29.8,0,49.8,-19.5,49.8,49.3,NA,Unknown,Water level accuracy is unknown,1,Department of Water Resources,NA,1,Department of Water Resources,8585,167,293,8585,08N05E30A001M,NA,Unknown,Unknown,5-021.65,South American,Sacramento,298,Irrigation,Unknown,98332,1963-05-10 - 2005-03-30,84
8585,385239N1214685W001,1294346,1973-10-02T00:00:00Z,30.3,29.8,0,52,-21.7,52,51.5,NA,Unknown,Water level accuracy is unknown,1,Department of Water Resources,NA,1,Department of Water Resources,8585,167,293,8585,08N05E30A001M,NA,Unknown,Unknown,5-021.65,South American,Sacramento,298,Irrigation,Unknown,98332,1963-05-10 - 2005-03-30,84
8585,385239N1214685W001,1294345,1973-03-01T00:00:00Z,30.3,29.8,0,51,-20.7,51,50.5,NA,Unknown,Water level accuracy is unknown,1,Department of Water Resources,NA,1,Department of Water Resources,8585,167,293,8585,08N05E30A001M,NA,Unknown,Unknown,5-021.65,South American,Sacramento,298,Irrigation,Unknown,98332,1963-05-10 - 2005-03-30,84
8585,385239N1214685W001,1294344,1972-10-05T00:00:00Z,30.3,29.8,0,53,-22.7,53,52.5,NA,Unknown,Water level accuracy is unknown,1,Department of Water Resources,NA,1,Department of Water Resources,8585,167,293,8585,08N05E30A001M,NA,Unknown,Unknown,5-021.65,South American,Sacramento,298,Irrigation,Unknown,98332,1963-05-10 - 2005-03-30,84
8585,385239N1214685W001,1294343,1972-03-06T00:00:00Z,30.3,29.8,0,49.9,-19.6,49.9,49.4,NA,Unknown,Water level accuracy is unknown,1,Department of Water Resources,NA,1,Department of Water Resources,8585,167,293,8585,08N05E30A001M,NA,Unknown,Unknown,5-021.65,South American,Sacramento,298,Irrigation,Unknown,98332,1963-05-10 - 2005-03-30,84
8585,385239N1214685W001,1294342,1971-10-07T00:00:00Z,30.3,29.8,0,51.7,-21.4,51.7,51.2,NA,Unknown,Water level accuracy is unknown,1,Department of Water Resources,NA,1,Department of Water Resources,8585,167,293,8585,08N05E30A001M,NA,Unknown,Unknown,5-021.65,South American,Sacramento,298,Irrigation,Unknown,98332,1963-05-10 - 2005-03-30,84
8585,385239N1214685W001,1294341,1971-03-15T00:00:00Z,30.3,29.8,0,48.9,-18.6,48.9,48.4,NA,Unknown,Water level accuracy is unknown,1,Department of Water Resources,NA,1,Department of Water Resources,8585,167,293,8585,08N05E30A001M,NA,Unknown,Unknown,5-021.65,South American,Sacramento,298,Irrigation,Unknown,98332,1963-05-10 - 2005-03-30,84
8585,385239N1214685W001,1294340,1970-10-15T00:00:00Z,30.3,29.8,0,52.1,-21.8,52.1,51.6,NA,Unknown,Water level accuracy is unknown,1,Department of Water Resources,NA,1,Department of Water Resources,8585,167,293,8585,08N05E30A001M,NA,Unknown,Unknown,5-021.65,South American,Sacramento,298,Irrigation,Unknown,98332,1963-05-10 - 2005-03-30,84
8585,385239N1214685W001,1294339,1970-03-16T00:00:00Z,30.3,29.8,0,49.2,-18.9,49.2,48.7,NA,Unknown,Water level accuracy is unknown,1,Department of Water Resources,NA,1,Department of Water Resources,8585,167,293,8585,08N05E30A001M,NA,Unknown,Unknown,5-021.65,South American,Sacramento,298,Irrigation,Unknown,98332,1963-05-10 - 2005-03-30,84
8585,385239N1214685W001,1294338,1969-10-02T00:00:00Z,30.3,29.8,0,52.2,-21.9,52.2,51.7,NA,Unknown,Water level accuracy is unknown,1,Department of Water Resources,NA,1,Department of Water Resources,8585,167,293,8585,08N05E30A001M,NA,Unknown,Unknown,5-021.65,South American,Sacramento,298,Irrigation,Unknown,98332,1963-05-10 - 2005-03-30,84
8585,385239N1214685W001,1294337,1969-03-31T00:00:00Z,30.3,29.8,0,49.8,-19.5,49.8,49.3,NA,Unknown,Water level accuracy is unknown,1,Department of Water Resources,NA,1,Department of Water Resources,8585,167,293,8585,08N05E30A001M,NA,Unknown,Unknown,5-021.65,South American,Sacramento,298,Irrigation,Unknown,98332,1963-05-10 - 2005-03-30,84
8585,385239N1214685W001,1294336,1968-10-11T00:00:00Z,30.3,29.8,0,52,-21.7,52,51.5,NA,Unknown,Water level accuracy is unknown,1,Department of Water Resources,NA,1,Department of Water Resources,8585,167,293,8585,08N05E30A001M,NA,Unknown,Unknown,5-021.65,South American,Sacramento,298,Irrigation,Unknown,98332,1963-05-10 - 2005-03-30,84
8585,385239N1214685W001,1294335,1968-03-11T00:00:00Z,30.3,29.8,0,50.3,-20,50.3,49.8,NA,Unknown,Water level accuracy is unknown,1,Department of Water Resources,NA,1,Department of Water Resources,8585,167,293,8585,08N05E30A001M,NA,Unknown,Unknown,5-021.65,South American,Sacramento,298,Irrigation,Unknown,98332,1963-05-10 - 2005-03-30,84
8585,385239N1214685W001,1294334,1967-10-13T00:00:00Z,30.3,29.8,0,52.7,-22.4,52.7,52.2,NA,Unknown,Water level accuracy is unknown,1,Department of Water Resources,NA,1,Department of Water Resources,8585,167,293,8585,08N05E30A001M,NA,Unknown,Unknown,5-021.65,South American,Sacramento,298,Irrigation,Unknown,98332,1963-05-10 - 2005-03-30,84
8585,385239N1214685W001,1294333,1967-03-13T00:00:00Z,30.3,29.8,0,52.4,-22.1,52.4,51.9,NA,Unknown,Water level accuracy is unknown,1,Department of Water Resources,NA,1,Department of Water Resources,8585,167,293,8585,08N05E30A001M,NA,Unknown,Unknown,5-021.65,South American,Sacramento,298,Irrigation,Unknown,98332,1963-05-10 - 2005-03-30,84
8585,385239N1214685W001,1294332,1966-10-19T00:00:00Z,30.3,29.8,0,65.4,-35.1,65.4,64.9,Pumping,Unknown,Water level accuracy is unknown,1,Department of Water Resources,NA,1,Department of Water Resources,8585,167,293,8585,08N05E30A001M,NA,Unknown,Unknown,5-021.65,South American,Sacramento,298,Irrigation,Unknown,98332,1963-05-10 - 2005-03-30,84
8585,385239N1214685W001,1294331,1966-03-08T00:00:00Z,30.3,29.8,0,53.2,-22.9,53.2,52.7,NA,Unknown,Water level accuracy is unknown,1,Department of Water Resources,NA,1,Department of Water Resources,8585,167,293,8585,08N05E30A001M,NA,Unknown,Unknown,5-021.65,South American,Sacramento,298,Irrigation,Unknown,98332,1963-05-10 - 2005-03-30,84
8585,385239N1214685W001,1294330,1965-10-11T00:00:00Z,30.3,29.8,0,59.2,-28.9,59.2,58.7,NA,Unknown,Water level accuracy is unknown,1,Department of Water Resources,NA,1,Department of Water Resources,8585,167,293,8585,08N05E30A001M,NA,Unknown,Unknown,5-021.65,South American,Sacramento,298,Irrigation,Unknown,98332,1963-05-10 - 2005-03-30,84
8585,385239N1214685W001,1294329,1965-03-11T00:00:00Z,30.3,29.8,0,56,-25.7,56,55.5,NA,Unknown,Water level accuracy is unknown,1,Department of Water Resources,NA,1,Department of Water Resources,8585,167,293,8585,08N05E30A001M,NA,Unknown,Unknown,5-021.65,South American,Sacramento,298,Irrigation,Unknown,98332,1963-05-10 - 2005-03-30,84
8585,385239N1214685W001,1294328,1964-10-19T00:00:00Z,30.3,29.8,0,59.3,-29,59.3,58.8,NA,Unknown,Water level accuracy is unknown,1,Department of Water Resources,NA,1,Department of Water Resources,8585,167,293,8585,08N05E30A001M,NA,Unknown,Unknown,5-021.65,South American,Sacramento,298,Irrigation,Unknown,98332,1963-05-10 - 2005-03-30,84
8585,385239N1214685W001,1294327,1964-03-19T00:00:00Z,30.3,29.8,0,57.2,-26.9,57.2,56.7,NA,Unknown,Water level accuracy is unknown,1,Department of Water Resources,NA,1,Department of Water Resources,8585,167,293,8585,08N05E30A001M,NA,Unknown,Unknown,5-021.65,South American,Sacramento,298,Irrigation,Unknown,98332,1963-05-10 - 2005-03-30,84
8585,385239N1214685W001,1294326,1963-10-28T00:00:00Z,30.3,29.8,0,60.8,-30.5,60.8,60.3,NA,Unknown,Water level accuracy is unknown,1,Department of Water Resources,NA,1,Department of Water Resources,8585,167,293,8585,08N05E30A001M,NA,Unknown,Unknown,5-021.65,South American,Sacramento,298,Irrigation,Unknown,98332,1963-05-10 - 2005-03-30,84
8585,385239N1214685W001,1294325,1963-05-10T00:00:00Z,30.3,29.8,0,58.5,-28.2,58.5,58,NA,Unknown,Water level accuracy is unknown,1,Department of Water Resources,NA,1,Department of Water Resources,8585,167,293,8585,08N05E30A001M,NA,Unknown,Unknown,5-021.65,South American,Sacramento,298,Irrigation,Unknown,98332,1963-05-10 - 2005-03-30,84
