STN_ID.x,SITE_CODE,WLM_ID,MSMT_DATE,WLM_RPE,WLM_GSE,RDNG_WS,RDNG_RP,WSE,RPE_WSE,GSE_WSE,WLM_QA_DESC,WLM_DESC,WLM_ACC_DESC,WLM_ORG_ID,WLM_ORG_NAME,MSMT_CMT,COOP_AGENCY_ORG_ID,COOP_ORG_NAME,STN_ID.y,TOP_PRF,BOT_PRF,STN_ID,SWN,WELL_NAME,WLM_METHOD,WLM_ACC,BASIN_CODE,BASIN_NAME,COUNTY_NAME,WELL_DEPTH,WELL_USE,WELL_TYPE,WCR_NO,t_range,n_samples
9298,385315N1212254W001,1297086,2004-03-23T00:00:00Z,168.93,166.43,0,131.3,37.63,131.3,128.8,NA,Unknown,Water level accuracy is unknown,1,Department of Water Resources,NA,1,Department of Water Resources,NA,NA,NA,9298,08N07E20J001M,NA,Unknown,Unknown,5-021.65,South American,Sacramento,524,Irrigation,Unknown,79081,1981-01-08 - 2004-10-28,46
9298,385315N1212254W001,1297085,2003-10-27T00:00:00Z,168.93,166.43,0,137.1,31.83,137.1,134.6,NA,Unknown,Water level accuracy is unknown,1,Department of Water Resources,NA,1,Department of Water Resources,NA,NA,NA,9298,08N07E20J001M,NA,Unknown,Unknown,5-021.65,South American,Sacramento,524,Irrigation,Unknown,79081,1981-01-08 - 2004-10-28,46
9298,385315N1212254W001,1297084,2003-04-07T00:00:00Z,168.93,166.43,0,133.4,35.53,133.4,130.9,NA,Unknown,Water level accuracy is unknown,1,Department of Water Resources,NA,1,Department of Water Resources,NA,NA,NA,9298,08N07E20J001M,NA,Unknown,Unknown,5-021.65,South American,Sacramento,524,Irrigation,Unknown,79081,1981-01-08 - 2004-10-28,46
9298,385315N1212254W001,1297083,2002-11-21T00:00:00Z,168.93,166.43,0,135.1,33.83,135.1,132.6,NA,Unknown,Water level accuracy is unknown,1,Department of Water Resources,NA,1,Department of Water Resources,NA,NA,NA,9298,08N07E20J001M,NA,Unknown,Unknown,5-021.65,South American,Sacramento,524,Irrigation,Unknown,79081,1981-01-08 - 2004-10-28,46
9298,385315N1212254W001,1297082,2002-04-11T00:00:00Z,168.93,166.43,0,132.7,36.23,132.7,130.2,NA,Unknown,Water level accuracy is unknown,1,Department of Water Resources,NA,1,Department of Water Resources,NA,NA,NA,9298,08N07E20J001M,NA,Unknown,Unknown,5-021.65,South American,Sacramento,524,Irrigation,Unknown,79081,1981-01-08 - 2004-10-28,46
9298,385315N1212254W001,1297081,2001-11-26T00:00:00Z,168.93,166.43,0,133.6,35.33,133.6,131.1,NA,Unknown,Water level accuracy is unknown,1,Department of Water Resources,NA,1,Department of Water Resources,NA,NA,NA,9298,08N07E20J001M,NA,Unknown,Unknown,5-021.65,South American,Sacramento,524,Irrigation,Unknown,79081,1981-01-08 - 2004-10-28,46
9298,385315N1212254W001,1297080,2001-05-23T00:00:00Z,168.93,166.43,0,132.1,36.83,132.1,129.6,NA,Unknown,Water level accuracy is unknown,1,Department of Water Resources,NA,1,Department of Water Resources,NA,NA,NA,9298,08N07E20J001M,NA,Unknown,Unknown,5-021.65,South American,Sacramento,524,Irrigation,Unknown,79081,1981-01-08 - 2004-10-28,46
9298,385315N1212254W001,1297076,2000-11-06T00:00:00Z,168.93,166.43,0,132.4,36.53,132.4,129.9,NA,Unknown,Water level accuracy is unknown,1,Department of Water Resources,NA,1,Department of Water Resources,NA,NA,NA,9298,08N07E20J001M,NA,Unknown,Unknown,5-021.65,South American,Sacramento,524,Irrigation,Unknown,79081,1981-01-08 - 2004-10-28,46
9298,385315N1212254W001,1297074,1999-11-02T00:00:00Z,168.93,166.43,0,136.2,32.73,136.2,133.7,NA,Unknown,Water level accuracy is unknown,1,Department of Water Resources,NA,1,Department of Water Resources,NA,NA,NA,9298,08N07E20J001M,NA,Unknown,Unknown,5-021.65,South American,Sacramento,524,Irrigation,Unknown,79081,1981-01-08 - 2004-10-28,46
9298,385315N1212254W001,1297073,1999-04-26T00:00:00Z,168.93,166.43,0,131.5,37.43,131.5,129,NA,Unknown,Water level accuracy is unknown,1,Department of Water Resources,NA,1,Department of Water Resources,NA,NA,NA,9298,08N07E20J001M,NA,Unknown,Unknown,5-021.65,South American,Sacramento,524,Irrigation,Unknown,79081,1981-01-08 - 2004-10-28,46
9298,385315N1212254W001,1297077,1997-11-06T00:00:00Z,168.93,166.43,0,135.7,33.23,135.7,133.2,NA,Unknown,Water level accuracy is unknown,1,Department of Water Resources,NA,1,Department of Water Resources,NA,NA,NA,9298,08N07E20J001M,NA,Unknown,Unknown,5-021.65,South American,Sacramento,524,Irrigation,Unknown,79081,1981-01-08 - 2004-10-28,46
9298,385315N1212254W001,1297078,1997-04-21T00:00:00Z,168.93,166.43,0,134.7,34.23,134.7,132.2,NA,Unknown,Water level accuracy is unknown,1,Department of Water Resources,NA,1,Department of Water Resources,NA,NA,NA,9298,08N07E20J001M,NA,Unknown,Unknown,5-021.65,South American,Sacramento,524,Irrigation,Unknown,79081,1981-01-08 - 2004-10-28,46
9298,385315N1212254W001,1297071,1996-04-22T00:00:00Z,168.93,166.43,0,134,34.93,134,131.5,NA,Unknown,Water level accuracy is unknown,1,Department of Water Resources,NA,1,Department of Water Resources,NA,NA,NA,9298,08N07E20J001M,NA,Unknown,Unknown,5-021.65,South American,Sacramento,524,Irrigation,Unknown,79081,1981-01-08 - 2004-10-28,46
9298,385315N1212254W001,1297069,1995-04-17T00:00:00Z,168.93,166.43,0,133.1,35.83,133.1,130.6,NA,Unknown,Water level accuracy is unknown,1,Department of Water Resources,NA,1,Department of Water Resources,NA,NA,NA,9298,08N07E20J001M,NA,Unknown,Unknown,5-021.65,South American,Sacramento,524,Irrigation,Unknown,79081,1981-01-08 - 2004-10-28,46
9298,385315N1212254W001,1297068,1994-12-05T00:00:00Z,168.93,166.43,0,135.2,33.73,135.2,132.7,NA,Unknown,Water level accuracy is unknown,1,Department of Water Resources,NA,1,Department of Water Resources,NA,NA,NA,9298,08N07E20J001M,NA,Unknown,Unknown,5-021.65,South American,Sacramento,524,Irrigation,Unknown,79081,1981-01-08 - 2004-10-28,46
9298,385315N1212254W001,1297067,1994-03-16T00:00:00Z,168.93,166.43,0,131.9,37.03,131.9,129.4,NA,Unknown,Water level accuracy is unknown,1,Department of Water Resources,NA,1,Department of Water Resources,NA,NA,NA,9298,08N07E20J001M,NA,Unknown,Unknown,5-021.65,South American,Sacramento,524,Irrigation,Unknown,79081,1981-01-08 - 2004-10-28,46
9298,385315N1212254W001,1297066,1993-11-17T00:00:00Z,168.93,166.43,0,132.6,36.33,132.6,130.1,NA,Unknown,Water level accuracy is unknown,1,Department of Water Resources,NA,1,Department of Water Resources,NA,NA,NA,9298,08N07E20J001M,NA,Unknown,Unknown,5-021.65,South American,Sacramento,524,Irrigation,Unknown,79081,1981-01-08 - 2004-10-28,46
9298,385315N1212254W001,1297065,1993-03-22T00:00:00Z,168.93,166.43,0,130.7,38.23,130.7,128.2,NA,Unknown,Water level accuracy is unknown,1,Department of Water Resources,NA,1,Department of Water Resources,NA,NA,NA,9298,08N07E20J001M,NA,Unknown,Unknown,5-021.65,South American,Sacramento,524,Irrigation,Unknown,79081,1981-01-08 - 2004-10-28,46
9298,385315N1212254W001,1297064,1993-01-19T00:00:00Z,168.93,166.43,0,131,37.93,131,128.5,NA,Unknown,Water level accuracy is unknown,1,Department of Water Resources,NA,1,Department of Water Resources,NA,NA,NA,9298,08N07E20J001M,NA,Unknown,Unknown,5-021.65,South American,Sacramento,524,Irrigation,Unknown,79081,1981-01-08 - 2004-10-28,46
9298,385315N1212254W001,1297062,1991-03-21T00:00:00Z,168.93,166.43,0,127.5,41.43,127.5,125,NA,Unknown,Water level accuracy is unknown,1,Department of Water Resources,NA,1,Department of Water Resources,NA,NA,NA,9298,08N07E20J001M,NA,Unknown,Unknown,5-021.65,South American,Sacramento,524,Irrigation,Unknown,79081,1981-01-08 - 2004-10-28,46
9298,385315N1212254W001,1297061,1990-10-17T00:00:00Z,168.93,166.43,0,128.5,40.43,128.5,126,NA,Unknown,Water level accuracy is unknown,1,Department of Water Resources,NA,1,Department of Water Resources,NA,NA,NA,9298,08N07E20J001M,NA,Unknown,Unknown,5-021.65,South American,Sacramento,524,Irrigation,Unknown,79081,1981-01-08 - 2004-10-28,46
9298,385315N1212254W001,1297060,1990-03-26T00:00:00Z,168.93,166.43,0,125.8,43.13,125.8,123.3,NA,Unknown,Water level accuracy is unknown,1,Department of Water Resources,NA,1,Department of Water Resources,NA,NA,NA,9298,08N07E20J001M,NA,Unknown,Unknown,5-021.65,South American,Sacramento,524,Irrigation,Unknown,79081,1981-01-08 - 2004-10-28,46
9298,385315N1212254W001,1297059,1989-10-13T00:00:00Z,168.93,166.43,0,126.4,42.53,126.4,123.9,NA,Unknown,Water level accuracy is unknown,1,Department of Water Resources,NA,1,Department of Water Resources,NA,NA,NA,9298,08N07E20J001M,NA,Unknown,Unknown,5-021.65,South American,Sacramento,524,Irrigation,Unknown,79081,1981-01-08 - 2004-10-28,46
9298,385315N1212254W001,1297058,1989-03-23T00:00:00Z,168.93,166.43,0,124.2,44.73,124.2,121.7,NA,Unknown,Water level accuracy is unknown,1,Department of Water Resources,NA,1,Department of Water Resources,NA,NA,NA,9298,08N07E20J001M,NA,Unknown,Unknown,5-021.65,South American,Sacramento,524,Irrigation,Unknown,79081,1981-01-08 - 2004-10-28,46
9298,385315N1212254W001,1297057,1988-10-18T00:00:00Z,168.93,166.43,0,125.5,43.43,125.5,123,NA,Unknown,Water level accuracy is unknown,1,Department of Water Resources,NA,1,Department of Water Resources,NA,NA,NA,9298,08N07E20J001M,NA,Unknown,Unknown,5-021.65,South American,Sacramento,524,Irrigation,Unknown,79081,1981-01-08 - 2004-10-28,46
9298,385315N1212254W001,1297056,1988-03-15T00:00:00Z,168.93,166.43,0,124.4,44.53,124.4,121.9,NA,Unknown,Water level accuracy is unknown,1,Department of Water Resources,NA,1,Department of Water Resources,NA,NA,NA,9298,08N07E20J001M,NA,Unknown,Unknown,5-021.65,South American,Sacramento,524,Irrigation,Unknown,79081,1981-01-08 - 2004-10-28,46
9298,385315N1212254W001,1297055,1987-10-19T00:00:00Z,168.93,166.43,0,124.4,44.53,124.4,121.9,NA,Unknown,Water level accuracy is unknown,1,Department of Water Resources,NA,1,Department of Water Resources,NA,NA,NA,9298,08N07E20J001M,NA,Unknown,Unknown,5-021.65,South American,Sacramento,524,Irrigation,Unknown,79081,1981-01-08 - 2004-10-28,46
9298,385315N1212254W001,1297054,1987-03-19T00:00:00Z,168.93,166.43,0,120.8,48.13,120.8,118.3,NA,Unknown,Water level accuracy is unknown,1,Department of Water Resources,NA,1,Department of Water Resources,NA,NA,NA,9298,08N07E20J001M,NA,Unknown,Unknown,5-021.65,South American,Sacramento,524,Irrigation,Unknown,79081,1981-01-08 - 2004-10-28,46
9298,385315N1212254W001,1297053,1986-10-22T00:00:00Z,168.93,166.43,0,122.7,46.23,122.7,120.2,NA,Unknown,Water level accuracy is unknown,1,Department of Water Resources,NA,1,Department of Water Resources,NA,NA,NA,9298,08N07E20J001M,NA,Unknown,Unknown,5-021.65,South American,Sacramento,524,Irrigation,Unknown,79081,1981-01-08 - 2004-10-28,46
9298,385315N1212254W001,1297052,1986-03-12T00:00:00Z,168.93,166.43,0,121.2,47.73,121.2,118.7,NA,Unknown,Water level accuracy is unknown,1,Department of Water Resources,NA,1,Department of Water Resources,NA,NA,NA,9298,08N07E20J001M,NA,Unknown,Unknown,5-021.65,South American,Sacramento,524,Irrigation,Unknown,79081,1981-01-08 - 2004-10-28,46
9298,385315N1212254W001,1297051,1985-10-16T00:00:00Z,168.93,166.43,0,123.6,45.33,123.6,121.1,NA,Unknown,Water level accuracy is unknown,1,Department of Water Resources,NA,1,Department of Water Resources,NA,NA,NA,9298,08N07E20J001M,NA,Unknown,Unknown,5-021.65,South American,Sacramento,524,Irrigation,Unknown,79081,1981-01-08 - 2004-10-28,46
9298,385315N1212254W001,1297050,1985-03-07T00:00:00Z,168.93,166.43,0,119.4,49.53,119.4,116.9,NA,Unknown,Water level accuracy is unknown,1,Department of Water Resources,NA,1,Department of Water Resources,NA,NA,NA,9298,08N07E20J001M,NA,Unknown,Unknown,5-021.65,South American,Sacramento,524,Irrigation,Unknown,79081,1981-01-08 - 2004-10-28,46
9298,385315N1212254W001,1297049,1984-10-12T00:00:00Z,168.93,166.43,0,122.8,46.13,122.8,120.3,NA,Unknown,Water level accuracy is unknown,1,Department of Water Resources,NA,1,Department of Water Resources,NA,NA,NA,9298,08N07E20J001M,NA,Unknown,Unknown,5-021.65,South American,Sacramento,524,Irrigation,Unknown,79081,1981-01-08 - 2004-10-28,46
9298,385315N1212254W001,1297048,1984-03-14T00:00:00Z,168.93,166.43,0,120.7,48.23,120.7,118.2,NA,Unknown,Water level accuracy is unknown,1,Department of Water Resources,NA,1,Department of Water Resources,NA,NA,NA,9298,08N07E20J001M,NA,Unknown,Unknown,5-021.65,South American,Sacramento,524,Irrigation,Unknown,79081,1981-01-08 - 2004-10-28,46
9298,385315N1212254W001,1297047,1983-10-07T00:00:00Z,168.93,166.43,0,123.8,45.13,123.8,121.3,NA,Unknown,Water level accuracy is unknown,1,Department of Water Resources,NA,1,Department of Water Resources,NA,NA,NA,9298,08N07E20J001M,NA,Unknown,Unknown,5-021.65,South American,Sacramento,524,Irrigation,Unknown,79081,1981-01-08 - 2004-10-28,46
9298,385315N1212254W001,1297046,1983-03-16T00:00:00Z,168.93,166.43,0,123.4,45.53,123.4,120.9,NA,Unknown,Water level accuracy is unknown,1,Department of Water Resources,NA,1,Department of Water Resources,NA,NA,NA,9298,08N07E20J001M,NA,Unknown,Unknown,5-021.65,South American,Sacramento,524,Irrigation,Unknown,79081,1981-01-08 - 2004-10-28,46
9298,385315N1212254W001,1297045,1982-10-20T00:00:00Z,168.93,166.43,0,126.7,42.23,126.7,124.2,NA,Unknown,Water level accuracy is unknown,1,Department of Water Resources,NA,1,Department of Water Resources,NA,NA,NA,9298,08N07E20J001M,NA,Unknown,Unknown,5-021.65,South American,Sacramento,524,Irrigation,Unknown,79081,1981-01-08 - 2004-10-28,46
9298,385315N1212254W001,1297044,1982-03-08T00:00:00Z,168.93,166.43,0,125.2,43.73,125.2,122.7,NA,Unknown,Water level accuracy is unknown,1,Department of Water Resources,NA,1,Department of Water Resources,NA,NA,NA,9298,08N07E20J001M,NA,Unknown,Unknown,5-021.65,South American,Sacramento,524,Irrigation,Unknown,79081,1981-01-08 - 2004-10-28,46
9298,385315N1212254W001,1297043,1981-10-01T00:00:00Z,168.93,166.43,0,126.9,42.03,126.9,124.4,NA,Unknown,Water level accuracy is unknown,1,Department of Water Resources,NA,1,Department of Water Resources,NA,NA,NA,9298,08N07E20J001M,NA,Unknown,Unknown,5-021.65,South American,Sacramento,524,Irrigation,Unknown,79081,1981-01-08 - 2004-10-28,46
9298,385315N1212254W001,1297042,1981-01-08T00:00:00Z,168.93,166.43,0,124.3,44.63,124.3,121.8,NA,Unknown,Water level accuracy is unknown,1,Department of Water Resources,NA,1,Department of Water Resources,NA,NA,NA,9298,08N07E20J001M,NA,Unknown,Unknown,5-021.65,South American,Sacramento,524,Irrigation,Unknown,79081,1981-01-08 - 2004-10-28,46
