SITE_CODE,WLM_ID,MSMT_DATE,WLM_RPE,WLM_GSE,RDNG_WS,RDNG_RP,WSE,RPE_WSE,GSE_WSE,WLM_QA_DESC,WLM_DESC,WLM_ACC_DESC,WLM_ORG_ID,WLM_ORG_NAME,MSMT_CMT,COOP_AGENCY_ORG_ID,COOP_ORG_NAME,TOP_PRF,BOT_PRF,STN_ID,SWN,WELL_NAME,WLM_METHOD,WLM_ACC,BASIN_CODE,BASIN_NAME,COUNTY_NAME,WELL_DEPTH,WELL_USE,WELL_TYPE,WCR_NO,t_range,n_samples,season,fall_high,fall_low,spring_high,spring_low,water_year,Oct.Mar,Apr.Jul,WYsum,Index,water_year_type,region,water_year_start,water_year_end,X,Y
385315N1212254W001,1297086,2004-03-23T00:00:00Z,168.93,166.43,0,131.3,37.63,131.3,128.8,NA,Unknown,Water level accuracy is unknown,1,Department of Water Resources,NA,1,Department of Water Resources,NA,NA,9298,08N07E20J001M,NA,Unknown,Unknown,5-021.65,South American,Sacramento,524,Irrigation,Unknown,79081,1981-01-08 - 2004-10-28,46,spring,NA,NA,116.9,132.2,2003,10.71,7.74,19.31,8.21,Above Normal,SAC,2003-10-01T00:00:00Z,2004-10-01T00:00:00Z,-121.225,38.5315
385315N1212254W001,1297085,2003-10-27T00:00:00Z,168.93,166.43,0,137.1,31.83,137.1,134.6,NA,Unknown,Water level accuracy is unknown,1,Department of Water Resources,NA,1,Department of Water Resources,NA,NA,9298,08N07E20J001M,NA,Unknown,Unknown,5-021.65,South American,Sacramento,524,Irrigation,Unknown,79081,1981-01-08 - 2004-10-28,46,fall,120.2,134.6,NA,NA,2003,10.71,7.74,19.31,8.21,Above Normal,SAC,2003-10-01T00:00:00Z,2004-10-01T00:00:00Z,-121.225,38.5315
385315N1212254W001,1297084,2003-04-07T00:00:00Z,168.93,166.43,0,133.4,35.53,133.4,130.9,NA,Unknown,Water level accuracy is unknown,1,Department of Water Resources,NA,1,Department of Water Resources,NA,NA,9298,08N07E20J001M,NA,Unknown,Unknown,5-021.65,South American,Sacramento,524,Irrigation,Unknown,79081,1981-01-08 - 2004-10-28,46,spring,NA,NA,116.9,132.2,2002,9.32,4.57,14.6,6.35,Dry,SAC,2002-10-01T00:00:00Z,2003-10-01T00:00:00Z,-121.225,38.5315
385315N1212254W001,1297083,2002-11-21T00:00:00Z,168.93,166.43,0,135.1,33.83,135.1,132.6,NA,Unknown,Water level accuracy is unknown,1,Department of Water Resources,NA,1,Department of Water Resources,NA,NA,9298,08N07E20J001M,NA,Unknown,Unknown,5-021.65,South American,Sacramento,524,Irrigation,Unknown,79081,1981-01-08 - 2004-10-28,46,fall,120.2,134.6,NA,NA,2002,9.32,4.57,14.6,6.35,Dry,SAC,2002-10-01T00:00:00Z,2003-10-01T00:00:00Z,-121.225,38.5315
385315N1212254W001,1297082,2002-04-11T00:00:00Z,168.93,166.43,0,132.7,36.23,132.7,130.2,NA,Unknown,Water level accuracy is unknown,1,Department of Water Resources,NA,1,Department of Water Resources,NA,NA,9298,08N07E20J001M,NA,Unknown,Unknown,5-021.65,South American,Sacramento,524,Irrigation,Unknown,79081,1981-01-08 - 2004-10-28,46,spring,NA,NA,116.9,132.2,2001,5.64,3.46,9.81,5.76,Dry,SAC,2001-10-01T00:00:00Z,2002-10-01T00:00:00Z,-121.225,38.5315
385315N1212254W001,1297081,2001-11-26T00:00:00Z,168.93,166.43,0,133.6,35.33,133.6,131.1,NA,Unknown,Water level accuracy is unknown,1,Department of Water Resources,NA,1,Department of Water Resources,NA,NA,9298,08N07E20J001M,NA,Unknown,Unknown,5-021.65,South American,Sacramento,524,Irrigation,Unknown,79081,1981-01-08 - 2004-10-28,46,fall,120.2,134.6,NA,NA,2001,5.64,3.46,9.81,5.76,Dry,SAC,2001-10-01T00:00:00Z,2002-10-01T00:00:00Z,-121.225,38.5315
385315N1212254W001,1297080,2001-05-23T00:00:00Z,168.93,166.43,0,132.1,36.83,132.1,129.6,NA,Unknown,Water level accuracy is unknown,1,Department of Water Resources,NA,1,Department of Water Resources,NA,NA,9298,08N07E20J001M,NA,Unknown,Unknown,5-021.65,South American,Sacramento,524,Irrigation,Unknown,79081,1981-01-08 - 2004-10-28,46,spring,NA,NA,116.9,132.2,2000,12.06,5.96,18.9,8.94,Above Normal,SAC,2000-10-01T00:00:00Z,2001-10-01T00:00:00Z,-121.225,38.5315
385315N1212254W001,1297076,2000-11-06T00:00:00Z,168.93,166.43,0,132.4,36.53,132.4,129.9,NA,Unknown,Water level accuracy is unknown,1,Department of Water Resources,NA,1,Department of Water Resources,NA,NA,9298,08N07E20J001M,NA,Unknown,Unknown,5-021.65,South American,Sacramento,524,Irrigation,Unknown,79081,1981-01-08 - 2004-10-28,46,fall,120.2,134.6,NA,NA,2000,12.06,5.96,18.9,8.94,Above Normal,SAC,2000-10-01T00:00:00Z,2001-10-01T00:00:00Z,-121.225,38.5315
385315N1212254W001,1297074,1999-11-02T00:00:00Z,168.93,166.43,0,136.2,32.73,136.2,133.7,NA,Unknown,Water level accuracy is unknown,1,Department of Water Resources,NA,1,Department of Water Resources,NA,NA,9298,08N07E20J001M,NA,Unknown,Unknown,5-021.65,South American,Sacramento,524,Irrigation,Unknown,79081,1981-01-08 - 2004-10-28,46,fall,120.2,134.6,NA,NA,1999,12.97,7.26,21.19,9.8,Wet,SAC,1999-10-01T00:00:00Z,2000-10-01T00:00:00Z,-121.225,38.5315
385315N1212254W001,1297073,1999-04-26T00:00:00Z,168.93,166.43,0,131.5,37.43,131.5,129,NA,Unknown,Water level accuracy is unknown,1,Department of Water Resources,NA,1,Department of Water Resources,NA,NA,9298,08N07E20J001M,NA,Unknown,Unknown,5-021.65,South American,Sacramento,524,Irrigation,Unknown,79081,1981-01-08 - 2004-10-28,46,spring,NA,NA,116.9,132.2,1998,17.65,12.54,31.4,13.31,Wet,SAC,1998-10-01T00:00:00Z,1999-10-01T00:00:00Z,-121.225,38.5315
385315N1212254W001,1297077,1997-11-06T00:00:00Z,168.93,166.43,0,135.7,33.23,135.7,133.2,NA,Unknown,Water level accuracy is unknown,1,Department of Water Resources,NA,1,Department of Water Resources,NA,NA,9298,08N07E20J001M,NA,Unknown,Unknown,5-021.65,South American,Sacramento,524,Irrigation,Unknown,79081,1981-01-08 - 2004-10-28,46,fall,120.2,134.6,NA,NA,1997,20.22,4.39,25.42,10.82,Wet,SAC,1997-10-01T00:00:00Z,1998-10-01T00:00:00Z,-121.225,38.5315
385315N1212254W001,1297078,1997-04-21T00:00:00Z,168.93,166.43,0,134.7,34.23,134.7,132.2,NA,Unknown,Water level accuracy is unknown,1,Department of Water Resources,NA,1,Department of Water Resources,NA,NA,9298,08N07E20J001M,NA,Unknown,Unknown,5-021.65,South American,Sacramento,524,Irrigation,Unknown,79081,1981-01-08 - 2004-10-28,46,spring,NA,NA,116.9,132.2,1996,13.05,8.37,22.29,10.26,Wet,SAC,1996-10-01T00:00:00Z,1997-10-01T00:00:00Z,-121.225,38.5315
385315N1212254W001,1297071,1996-04-22T00:00:00Z,168.93,166.43,0,134,34.93,134,131.5,NA,Unknown,Water level accuracy is unknown,1,Department of Water Resources,NA,1,Department of Water Resources,NA,NA,9298,08N07E20J001M,NA,Unknown,Unknown,5-021.65,South American,Sacramento,524,Irrigation,Unknown,79081,1981-01-08 - 2004-10-28,46,spring,NA,NA,116.9,132.2,1995,19.83,13.6,34.55,12.89,Wet,SAC,1995-10-01T00:00:00Z,1996-10-01T00:00:00Z,-121.225,38.5315
385315N1212254W001,1297069,1995-04-17T00:00:00Z,168.93,166.43,0,133.1,35.83,133.1,130.6,NA,Unknown,Water level accuracy is unknown,1,Department of Water Resources,NA,1,Department of Water Resources,NA,NA,9298,08N07E20J001M,NA,Unknown,Unknown,5-021.65,South American,Sacramento,524,Irrigation,Unknown,79081,1981-01-08 - 2004-10-28,46,spring,NA,NA,116.9,132.2,1994,4.55,2.73,7.81,5.02,Critical,SAC,1994-10-01T00:00:00Z,1995-10-01T00:00:00Z,-121.225,38.5315
385315N1212254W001,1297068,1994-12-05T00:00:00Z,168.93,166.43,0,135.2,33.73,135.2,132.7,NA,Unknown,Water level accuracy is unknown,1,Department of Water Resources,NA,1,Department of Water Resources,NA,NA,9298,08N07E20J001M,NA,Unknown,Unknown,5-021.65,South American,Sacramento,524,Irrigation,Unknown,79081,1981-01-08 - 2004-10-28,46,other,NA,NA,NA,NA,1994,4.55,2.73,7.81,5.02,Critical,SAC,1994-10-01T00:00:00Z,1995-10-01T00:00:00Z,-121.225,38.5315
385315N1212254W001,1297067,1994-03-16T00:00:00Z,168.93,166.43,0,131.9,37.03,131.9,129.4,NA,Unknown,Water level accuracy is unknown,1,Department of Water Resources,NA,1,Department of Water Resources,NA,NA,9298,08N07E20J001M,NA,Unknown,Unknown,5-021.65,South American,Sacramento,524,Irrigation,Unknown,79081,1981-01-08 - 2004-10-28,46,spring,NA,NA,116.9,132.2,1993,12.44,8.98,22.21,8.54,Above Normal,SAC,1993-10-01T00:00:00Z,1994-10-01T00:00:00Z,-121.225,38.5315
385315N1212254W001,1297066,1993-11-17T00:00:00Z,168.93,166.43,0,132.6,36.33,132.6,130.1,NA,Unknown,Water level accuracy is unknown,1,Department of Water Resources,NA,1,Department of Water Resources,NA,NA,9298,08N07E20J001M,NA,Unknown,Unknown,5-021.65,South American,Sacramento,524,Irrigation,Unknown,79081,1981-01-08 - 2004-10-28,46,fall,120.2,134.6,NA,NA,1993,12.44,8.98,22.21,8.54,Above Normal,SAC,1993-10-01T00:00:00Z,1994-10-01T00:00:00Z,-121.225,38.5315
385315N1212254W001,1297065,1993-03-22T00:00:00Z,168.93,166.43,0,130.7,38.23,130.7,128.2,NA,Unknown,Water level accuracy is unknown,1,Department of Water Resources,NA,1,Department of Water Resources,NA,NA,9298,08N07E20J001M,NA,Unknown,Unknown,5-021.65,South American,Sacramento,524,Irrigation,Unknown,79081,1981-01-08 - 2004-10-28,46,spring,NA,NA,116.9,132.2,1992,5.41,2.93,8.87,4.06,Critical,SAC,1992-10-01T00:00:00Z,1993-10-01T00:00:00Z,-121.225,38.5315
385315N1212254W001,1297064,1993-01-19T00:00:00Z,168.93,166.43,0,131,37.93,131,128.5,NA,Unknown,Water level accuracy is unknown,1,Department of Water Resources,NA,1,Department of Water Resources,NA,NA,9298,08N07E20J001M,NA,Unknown,Unknown,5-021.65,South American,Sacramento,524,Irrigation,Unknown,79081,1981-01-08 - 2004-10-28,46,other,NA,NA,NA,NA,1992,5.41,2.93,8.87,4.06,Critical,SAC,1992-10-01T00:00:00Z,1993-10-01T00:00:00Z,-121.225,38.5315
385315N1212254W001,1297062,1991-03-21T00:00:00Z,168.93,166.43,0,127.5,41.43,127.5,125,NA,Unknown,Water level accuracy is unknown,1,Department of Water Resources,NA,1,Department of Water Resources,NA,NA,9298,08N07E20J001M,NA,Unknown,Unknown,5-021.65,South American,Sacramento,524,Irrigation,Unknown,79081,1981-01-08 - 2004-10-28,46,spring,NA,NA,116.9,132.2,1990,4.94,3.72,9.26,4.81,Critical,SAC,1990-10-01T00:00:00Z,1991-10-01T00:00:00Z,-121.225,38.5315
385315N1212254W001,1297061,1990-10-17T00:00:00Z,168.93,166.43,0,128.5,40.43,128.5,126,NA,Unknown,Water level accuracy is unknown,1,Department of Water Resources,NA,1,Department of Water Resources,NA,NA,9298,08N07E20J001M,NA,Unknown,Unknown,5-021.65,South American,Sacramento,524,Irrigation,Unknown,79081,1981-01-08 - 2004-10-28,46,fall,120.2,134.6,NA,NA,1990,4.94,3.72,9.26,4.81,Critical,SAC,1990-10-01T00:00:00Z,1991-10-01T00:00:00Z,-121.225,38.5315
385315N1212254W001,1297060,1990-03-26T00:00:00Z,168.93,166.43,0,125.8,43.13,125.8,123.3,NA,Unknown,Water level accuracy is unknown,1,Department of Water Resources,NA,1,Department of Water Resources,NA,NA,9298,08N07E20J001M,NA,Unknown,Unknown,5-021.65,South American,Sacramento,524,Irrigation,Unknown,79081,1981-01-08 - 2004-10-28,46,spring,NA,NA,116.9,132.2,1989,9.03,5.07,14.82,6.13,Dry,SAC,1989-10-01T00:00:00Z,1990-10-01T00:00:00Z,-121.225,38.5315
385315N1212254W001,1297059,1989-10-13T00:00:00Z,168.93,166.43,0,126.4,42.53,126.4,123.9,NA,Unknown,Water level accuracy is unknown,1,Department of Water Resources,NA,1,Department of Water Resources,NA,NA,9298,08N07E20J001M,NA,Unknown,Unknown,5-021.65,South American,Sacramento,524,Irrigation,Unknown,79081,1981-01-08 - 2004-10-28,46,fall,120.2,134.6,NA,NA,1989,9.03,5.07,14.82,6.13,Dry,SAC,1989-10-01T00:00:00Z,1990-10-01T00:00:00Z,-121.225,38.5315
385315N1212254W001,1297058,1989-03-23T00:00:00Z,168.93,166.43,0,124.2,44.73,124.2,121.7,NA,Unknown,Water level accuracy is unknown,1,Department of Water Resources,NA,1,Department of Water Resources,NA,NA,9298,08N07E20J001M,NA,Unknown,Unknown,5-021.65,South American,Sacramento,524,Irrigation,Unknown,79081,1981-01-08 - 2004-10-28,46,spring,NA,NA,116.9,132.2,1988,5.78,2.9,9.23,4.65,Critical,SAC,1988-10-01T00:00:00Z,1989-10-01T00:00:00Z,-121.225,38.5315
385315N1212254W001,1297057,1988-10-18T00:00:00Z,168.93,166.43,0,125.5,43.43,125.5,123,NA,Unknown,Water level accuracy is unknown,1,Department of Water Resources,NA,1,Department of Water Resources,NA,NA,9298,08N07E20J001M,NA,Unknown,Unknown,5-021.65,South American,Sacramento,524,Irrigation,Unknown,79081,1981-01-08 - 2004-10-28,46,fall,120.2,134.6,NA,NA,1988,5.78,2.9,9.23,4.65,Critical,SAC,1988-10-01T00:00:00Z,1989-10-01T00:00:00Z,-121.225,38.5315
385315N1212254W001,1297056,1988-03-15T00:00:00Z,168.93,166.43,0,124.4,44.53,124.4,121.9,NA,Unknown,Water level accuracy is unknown,1,Department of Water Resources,NA,1,Department of Water Resources,NA,NA,9298,08N07E20J001M,NA,Unknown,Unknown,5-021.65,South American,Sacramento,524,Irrigation,Unknown,79081,1981-01-08 - 2004-10-28,46,spring,NA,NA,116.9,132.2,1987,5.85,2.8,9.27,5.86,Dry,SAC,1987-10-01T00:00:00Z,1988-10-01T00:00:00Z,-121.225,38.5315
385315N1212254W001,1297055,1987-10-19T00:00:00Z,168.93,166.43,0,124.4,44.53,124.4,121.9,NA,Unknown,Water level accuracy is unknown,1,Department of Water Resources,NA,1,Department of Water Resources,NA,NA,9298,08N07E20J001M,NA,Unknown,Unknown,5-021.65,South American,Sacramento,524,Irrigation,Unknown,79081,1981-01-08 - 2004-10-28,46,fall,120.2,134.6,NA,NA,1987,5.85,2.8,9.27,5.86,Dry,SAC,1987-10-01T00:00:00Z,1988-10-01T00:00:00Z,-121.225,38.5315
385315N1212254W001,1297054,1987-03-19T00:00:00Z,168.93,166.43,0,120.8,48.13,120.8,118.3,NA,Unknown,Water level accuracy is unknown,1,Department of Water Resources,NA,1,Department of Water Resources,NA,NA,9298,08N07E20J001M,NA,Unknown,Unknown,5-021.65,South American,Sacramento,524,Irrigation,Unknown,79081,1981-01-08 - 2004-10-28,46,spring,NA,NA,116.9,132.2,1986,19.45,5.45,25.83,9.96,Wet,SAC,1986-10-01T00:00:00Z,1987-10-01T00:00:00Z,-121.225,38.5315
385315N1212254W001,1297053,1986-10-22T00:00:00Z,168.93,166.43,0,122.7,46.23,122.7,120.2,NA,Unknown,Water level accuracy is unknown,1,Department of Water Resources,NA,1,Department of Water Resources,NA,NA,9298,08N07E20J001M,NA,Unknown,Unknown,5-021.65,South American,Sacramento,524,Irrigation,Unknown,79081,1981-01-08 - 2004-10-28,46,fall,120.2,134.6,NA,NA,1986,19.45,5.45,25.83,9.96,Wet,SAC,1986-10-01T00:00:00Z,1987-10-01T00:00:00Z,-121.225,38.5315
385315N1212254W001,1297052,1986-03-12T00:00:00Z,168.93,166.43,0,121.2,47.73,121.2,118.7,NA,Unknown,Water level accuracy is unknown,1,Department of Water Resources,NA,1,Department of Water Resources,NA,NA,9298,08N07E20J001M,NA,Unknown,Unknown,5-021.65,South American,Sacramento,524,Irrigation,Unknown,79081,1981-01-08 - 2004-10-28,46,spring,NA,NA,116.9,132.2,1985,6.24,4,11.04,6.47,Dry,SAC,1985-10-01T00:00:00Z,1986-10-01T00:00:00Z,-121.225,38.5315
385315N1212254W001,1297051,1985-10-16T00:00:00Z,168.93,166.43,0,123.6,45.33,123.6,121.1,NA,Unknown,Water level accuracy is unknown,1,Department of Water Resources,NA,1,Department of Water Resources,NA,NA,9298,08N07E20J001M,NA,Unknown,Unknown,5-021.65,South American,Sacramento,524,Irrigation,Unknown,79081,1981-01-08 - 2004-10-28,46,fall,120.2,134.6,NA,NA,1985,6.24,4,11.04,6.47,Dry,SAC,1985-10-01T00:00:00Z,1986-10-01T00:00:00Z,-121.225,38.5315
385315N1212254W001,1297050,1985-03-07T00:00:00Z,168.93,166.43,0,119.4,49.53,119.4,116.9,NA,Unknown,Water level accuracy is unknown,1,Department of Water Resources,NA,1,Department of Water Resources,NA,NA,9298,08N07E20J001M,NA,Unknown,Unknown,5-021.65,South American,Sacramento,524,Irrigation,Unknown,79081,1981-01-08 - 2004-10-28,46,spring,NA,NA,116.9,132.2,1984,15.98,5.52,22.35,10,Wet,SAC,1984-10-01T00:00:00Z,1985-10-01T00:00:00Z,-121.225,38.5315
385315N1212254W001,1297049,1984-10-12T00:00:00Z,168.93,166.43,0,122.8,46.13,122.8,120.3,NA,Unknown,Water level accuracy is unknown,1,Department of Water Resources,NA,1,Department of Water Resources,NA,NA,9298,08N07E20J001M,NA,Unknown,Unknown,5-021.65,South American,Sacramento,524,Irrigation,Unknown,79081,1981-01-08 - 2004-10-28,46,fall,120.2,134.6,NA,NA,1984,15.98,5.52,22.35,10,Wet,SAC,1984-10-01T00:00:00Z,1985-10-01T00:00:00Z,-121.225,38.5315
385315N1212254W001,1297048,1984-03-14T00:00:00Z,168.93,166.43,0,120.7,48.23,120.7,118.2,NA,Unknown,Water level accuracy is unknown,1,Department of Water Resources,NA,1,Department of Water Resources,NA,NA,9298,08N07E20J001M,NA,Unknown,Unknown,5-021.65,South American,Sacramento,524,Irrigation,Unknown,79081,1981-01-08 - 2004-10-28,46,spring,NA,NA,116.9,132.2,1983,22.75,13.66,37.68,15.29,Wet,SAC,1983-10-01T00:00:00Z,1984-10-01T00:00:00Z,-121.225,38.5315
385315N1212254W001,1297047,1983-10-07T00:00:00Z,168.93,166.43,0,123.8,45.13,123.8,121.3,NA,Unknown,Water level accuracy is unknown,1,Department of Water Resources,NA,1,Department of Water Resources,NA,NA,9298,08N07E20J001M,NA,Unknown,Unknown,5-021.65,South American,Sacramento,524,Irrigation,Unknown,79081,1981-01-08 - 2004-10-28,46,fall,120.2,134.6,NA,NA,1983,22.75,13.66,37.68,15.29,Wet,SAC,1983-10-01T00:00:00Z,1984-10-01T00:00:00Z,-121.225,38.5315
385315N1212254W001,1297046,1983-03-16T00:00:00Z,168.93,166.43,0,123.4,45.53,123.4,120.9,NA,Unknown,Water level accuracy is unknown,1,Department of Water Resources,NA,1,Department of Water Resources,NA,NA,9298,08N07E20J001M,NA,Unknown,Unknown,5-021.65,South American,Sacramento,524,Irrigation,Unknown,79081,1981-01-08 - 2004-10-28,46,spring,NA,NA,116.9,132.2,1982,20.56,11.82,33.41,12.76,Wet,SAC,1982-10-01T00:00:00Z,1983-10-01T00:00:00Z,-121.225,38.5315
385315N1212254W001,1297045,1982-10-20T00:00:00Z,168.93,166.43,0,126.7,42.23,126.7,124.2,NA,Unknown,Water level accuracy is unknown,1,Department of Water Resources,NA,1,Department of Water Resources,NA,NA,9298,08N07E20J001M,NA,Unknown,Unknown,5-021.65,South American,Sacramento,524,Irrigation,Unknown,79081,1981-01-08 - 2004-10-28,46,fall,120.2,134.6,NA,NA,1982,20.56,11.82,33.41,12.76,Wet,SAC,1982-10-01T00:00:00Z,1983-10-01T00:00:00Z,-121.225,38.5315
385315N1212254W001,1297044,1982-03-08T00:00:00Z,168.93,166.43,0,125.2,43.73,125.2,122.7,NA,Unknown,Water level accuracy is unknown,1,Department of Water Resources,NA,1,Department of Water Resources,NA,NA,9298,08N07E20J001M,NA,Unknown,Unknown,5-021.65,South American,Sacramento,524,Irrigation,Unknown,79081,1981-01-08 - 2004-10-28,46,spring,NA,NA,116.9,132.2,1981,6.81,3.63,11.1,6.21,Dry,SAC,1981-10-01T00:00:00Z,1982-10-01T00:00:00Z,-121.225,38.5315
385315N1212254W001,1297043,1981-10-01T00:00:00Z,168.93,166.43,0,126.9,42.03,126.9,124.4,NA,Unknown,Water level accuracy is unknown,1,Department of Water Resources,NA,1,Department of Water Resources,NA,NA,9298,08N07E20J001M,NA,Unknown,Unknown,5-021.65,South American,Sacramento,524,Irrigation,Unknown,79081,1981-01-08 - 2004-10-28,46,fall,120.2,134.6,NA,NA,1981,6.81,3.63,11.1,6.21,Dry,SAC,1981-10-01T00:00:00Z,1982-10-01T00:00:00Z,-121.225,38.5315
385315N1212254W001,1297042,1981-01-08T00:00:00Z,168.93,166.43,0,124.3,44.63,124.3,121.8,NA,Unknown,Water level accuracy is unknown,1,Department of Water Resources,NA,1,Department of Water Resources,NA,NA,9298,08N07E20J001M,NA,Unknown,Unknown,5-021.65,South American,Sacramento,524,Irrigation,Unknown,79081,1981-01-08 - 2004-10-28,46,other,NA,NA,NA,NA,1980,15.49,6,22.33,9.04,Above Normal,SAC,1980-10-01T00:00:00Z,1981-10-01T00:00:00Z,-121.225,38.5315
