SITE_CODE,WLM_ID,MSMT_DATE,WLM_RPE,WLM_GSE,RDNG_WS,RDNG_RP,WSE,RPE_WSE,GSE_WSE,WLM_QA_DESC,WLM_DESC,WLM_ACC_DESC,WLM_ORG_ID,WLM_ORG_NAME,MSMT_CMT,COOP_AGENCY_ORG_ID,COOP_ORG_NAME,TOP_PRF,BOT_PRF,STN_ID,SWN,WELL_NAME,WLM_METHOD,WLM_ACC,BASIN_CODE,BASIN_NAME,COUNTY_NAME,WELL_DEPTH,WELL_USE,WELL_TYPE,WCR_NO,t_range,n_samples,season,fall_high,fall_low,spring_high,spring_low,water_year,Oct.Mar,Apr.Jul,WYsum,Index,water_year_type,region,water_year_start,water_year_end,X,Y
385397N1214741W001,2268312,2017-10-16T00:00:00Z,28.01,27.21,2.4,32,-1.59,29.6,28.8,Oil or foreign substance in casing,Steel tape measurement,Water level accuracy to nearest tenth of a foot,1,Department of Water Resources,NA,1,Department of Water Resources,112,228,8584,08N05E18Q001M,NA,Unknown,Unknown,5-021.65,South American,Sacramento,240,Irrigation,Unknown,98328,2012-03-26 - 2017-10-16,62,fall,24.8,31,NA,NA,2018,7.09,5.05,12.86,7.14,Below Normal,SAC,2017-10-01T00:00:00Z,2018-10-01T00:00:00Z,-121.474,38.5397
385397N1214741W001,2263386,2017-09-27T00:00:00Z,28.01,27.21,2.1,30,0.11,27.9,27.1,Oil or foreign substance in casing,Steel tape measurement,Water level accuracy to nearest tenth of a foot,1,Department of Water Resources,NA,1,Department of Water Resources,112,228,8584,08N05E18Q001M,NA,Unknown,Unknown,5-021.65,South American,Sacramento,240,Irrigation,Unknown,98328,2012-03-26 - 2017-10-16,62,fall,24.8,31,NA,NA,2017,26.17,10.69,37.82,14.14,Wet,SAC,2016-10-01T00:00:00Z,2017-10-01T00:00:00Z,-121.474,38.5397
385397N1214741W001,2263385,2017-08-29T00:00:00Z,28.01,27.21,2.5,30,0.51,27.5,26.7,Oil or foreign substance in casing,Steel tape measurement,Water level accuracy to nearest tenth of a foot,1,Department of Water Resources,NA,1,Department of Water Resources,112,228,8584,08N05E18Q001M,NA,Unknown,Unknown,5-021.65,South American,Sacramento,240,Irrigation,Unknown,98328,2012-03-26 - 2017-10-16,62,fall,24.8,31,NA,NA,2017,26.17,10.69,37.82,14.14,Wet,SAC,2016-10-01T00:00:00Z,2017-10-01T00:00:00Z,-121.474,38.5397
385397N1214741W001,2263384,2017-06-15T00:00:00Z,28.01,27.21,1.8,27,2.81,25.2,24.4,Oil or foreign substance in casing,Steel tape measurement,Water level accuracy to nearest tenth of a foot,1,Department of Water Resources,NA,1,Department of Water Resources,112,228,8584,08N05E18Q001M,NA,Unknown,Unknown,5-021.65,South American,Sacramento,240,Irrigation,Unknown,98328,2012-03-26 - 2017-10-16,62,other,NA,NA,NA,NA,2017,26.17,10.69,37.82,14.14,Wet,SAC,2016-10-01T00:00:00Z,2017-10-01T00:00:00Z,-121.474,38.5397
385397N1214741W001,2263383,2017-05-04T00:00:00Z,28.01,27.21,0.9,24,4.91,23.1,22.3,Oil or foreign substance in casing,Steel tape measurement,Water level accuracy to nearest tenth of a foot,1,Department of Water Resources,NA,1,Department of Water Resources,112,228,8584,08N05E18Q001M,NA,Unknown,Unknown,5-021.65,South American,Sacramento,240,Irrigation,Unknown,98328,2012-03-26 - 2017-10-16,62,spring,NA,NA,22,30.5,2017,26.17,10.69,37.82,14.14,Wet,SAC,2016-10-01T00:00:00Z,2017-10-01T00:00:00Z,-121.474,38.5397
385397N1214741W001,2263382,2017-04-10T00:00:00Z,28.01,27.21,1.2,24,5.21,22.8,22,Oil or foreign substance in casing,Steel tape measurement,Water level accuracy to nearest tenth of a foot,1,Department of Water Resources,NA,1,Department of Water Resources,112,228,8584,08N05E18Q001M,NA,Unknown,Unknown,5-021.65,South American,Sacramento,240,Irrigation,Unknown,98328,2012-03-26 - 2017-10-16,62,spring,NA,NA,22,30.5,2017,26.17,10.69,37.82,14.14,Wet,SAC,2016-10-01T00:00:00Z,2017-10-01T00:00:00Z,-121.474,38.5397
385397N1214741W001,2237504,2017-03-08T00:00:00Z,28.01,27.21,3,26,5.01,23,22.2,Oil or foreign substance in casing,Steel tape measurement,Water level accuracy to nearest tenth of a foot,1,Department of Water Resources,NA,1,Department of Water Resources,112,228,8584,08N05E18Q001M,NA,Unknown,Unknown,5-021.65,South American,Sacramento,240,Irrigation,Unknown,98328,2012-03-26 - 2017-10-16,62,spring,NA,NA,22,30.5,2017,26.17,10.69,37.82,14.14,Wet,SAC,2016-10-01T00:00:00Z,2017-10-01T00:00:00Z,-121.474,38.5397
385397N1214741W001,2237495,2017-02-15T00:00:00Z,28.01,27.21,1,25,4.01,24,23.2,Oil or foreign substance in casing,Steel tape measurement,Water level accuracy to nearest tenth of a foot,1,Department of Water Resources,NA,1,Department of Water Resources,112,228,8584,08N05E18Q001M,NA,Unknown,Unknown,5-021.65,South American,Sacramento,240,Irrigation,Unknown,98328,2012-03-26 - 2017-10-16,62,other,NA,NA,NA,NA,2017,26.17,10.69,37.82,14.14,Wet,SAC,2016-10-01T00:00:00Z,2017-10-01T00:00:00Z,-121.474,38.5397
385397N1214741W001,2230618,2017-01-11T00:00:00Z,28.01,27.21,1.3,26,3.31,24.7,23.9,Oil or foreign substance in casing,Steel tape measurement,Water level accuracy to nearest tenth of a foot,1,Department of Water Resources,NA,1,Department of Water Resources,112,228,8584,08N05E18Q001M,NA,Unknown,Unknown,5-021.65,South American,Sacramento,240,Irrigation,Unknown,98328,2012-03-26 - 2017-10-16,62,other,NA,NA,NA,NA,2017,26.17,10.69,37.82,14.14,Wet,SAC,2016-10-01T00:00:00Z,2017-10-01T00:00:00Z,-121.474,38.5397
385397N1214741W001,2223614,2016-12-12T00:00:00Z,28.01,27.21,-0.2,27,0.81,27.2,26.4,Oil or foreign substance in casing,Steel tape measurement,Water level accuracy to nearest tenth of a foot,1,Department of Water Resources,NA,1,Department of Water Resources,112,228,8584,08N05E18Q001M,NA,Unknown,Unknown,5-021.65,South American,Sacramento,240,Irrigation,Unknown,98328,2012-03-26 - 2017-10-16,62,other,NA,NA,NA,NA,2017,26.17,10.69,37.82,14.14,Wet,SAC,2016-10-01T00:00:00Z,2017-10-01T00:00:00Z,-121.474,38.5397
385397N1214741W001,2220294,2016-11-15T00:00:00Z,28.01,27.21,-0.2,28,-0.19,28.2,27.4,Oil or foreign substance in casing,Steel tape measurement,Water level accuracy to nearest tenth of a foot,1,Department of Water Resources,NA,1,Department of Water Resources,112,228,8584,08N05E18Q001M,NA,Unknown,Unknown,5-021.65,South American,Sacramento,240,Irrigation,Unknown,98328,2012-03-26 - 2017-10-16,62,fall,24.8,31,NA,NA,2017,26.17,10.69,37.82,14.14,Wet,SAC,2016-10-01T00:00:00Z,2017-10-01T00:00:00Z,-121.474,38.5397
385397N1214741W001,2214312,2016-10-11T00:00:00Z,28.01,27.21,-1.8,30,-3.79,31.8,31,Oil or foreign substance in casing,Steel tape measurement,Water level accuracy to nearest tenth of a foot,1,Department of Water Resources,NA,1,Department of Water Resources,112,228,8584,08N05E18Q001M,NA,Unknown,Unknown,5-021.65,South American,Sacramento,240,Irrigation,Unknown,98328,2012-03-26 - 2017-10-16,62,fall,24.8,31,NA,NA,2017,26.17,10.69,37.82,14.14,Wet,SAC,2016-10-01T00:00:00Z,2017-10-01T00:00:00Z,-121.474,38.5397
385397N1214741W001,2211371,2016-09-12T00:00:00Z,28.01,27.21,-0.1,30,-2.09,30.1,29.3,Oil or foreign substance in casing,Steel tape measurement,Water level accuracy to nearest tenth of a foot,1,Department of Water Resources,NA,1,Department of Water Resources,112,228,8584,08N05E18Q001M,NA,Unknown,Unknown,5-021.65,South American,Sacramento,240,Irrigation,Unknown,98328,2012-03-26 - 2017-10-16,62,fall,24.8,31,NA,NA,2016,12.24,4.6,17.48,6.71,Below Normal,SAC,2015-10-01T00:00:00Z,2016-10-01T00:00:00Z,-121.474,38.5397
385397N1214741W001,2211382,2016-08-16T00:00:00Z,28.01,27.21,0.5,29,-0.49,28.5,27.7,Oil or foreign substance in casing,Steel tape measurement,Water level accuracy to nearest tenth of a foot,1,Department of Water Resources,NA,1,Department of Water Resources,112,228,8584,08N05E18Q001M,NA,Unknown,Unknown,5-021.65,South American,Sacramento,240,Irrigation,Unknown,98328,2012-03-26 - 2017-10-16,62,fall,24.8,31,NA,NA,2016,12.24,4.6,17.48,6.71,Below Normal,SAC,2015-10-01T00:00:00Z,2016-10-01T00:00:00Z,-121.474,38.5397
385397N1214741W001,2201478,2016-07-14T00:00:00Z,28.01,27.21,-0.1,29,-1.09,29.1,28.3,Oil or foreign substance in casing,Steel tape measurement,Water level accuracy to nearest tenth of a foot,1,Department of Water Resources,NA,1,Department of Water Resources,112,228,8584,08N05E18Q001M,NA,Unknown,Unknown,5-021.65,South American,Sacramento,240,Irrigation,Unknown,98328,2012-03-26 - 2017-10-16,62,other,NA,NA,NA,NA,2016,12.24,4.6,17.48,6.71,Below Normal,SAC,2015-10-01T00:00:00Z,2016-10-01T00:00:00Z,-121.474,38.5397
385397N1214741W001,2199286,2016-06-27T00:00:00Z,28.01,27.21,0.8,29,-0.19,28.2,27.4,Oil or foreign substance in casing,Steel tape measurement,Water level accuracy to nearest tenth of a foot,1,Department of Water Resources,NA,1,Department of Water Resources,112,228,8584,08N05E18Q001M,NA,Unknown,Unknown,5-021.65,South American,Sacramento,240,Irrigation,Unknown,98328,2012-03-26 - 2017-10-16,62,other,NA,NA,NA,NA,2016,12.24,4.6,17.48,6.71,Below Normal,SAC,2015-10-01T00:00:00Z,2016-10-01T00:00:00Z,-121.474,38.5397
385397N1214741W001,2196971,2016-05-23T00:00:00Z,28.01,27.21,-1,28,-0.99,29,28.2,Oil or foreign substance in casing,Steel tape measurement,Water level accuracy to nearest tenth of a foot,1,Department of Water Resources,NA,1,Department of Water Resources,112,228,8584,08N05E18Q001M,NA,Unknown,Unknown,5-021.65,South American,Sacramento,240,Irrigation,Unknown,98328,2012-03-26 - 2017-10-16,62,spring,NA,NA,22,30.5,2016,12.24,4.6,17.48,6.71,Below Normal,SAC,2015-10-01T00:00:00Z,2016-10-01T00:00:00Z,-121.474,38.5397
385397N1214741W001,2192080,2016-04-18T00:00:00Z,28.01,27.21,-0.7,27,0.31,27.7,26.9,Oil or foreign substance in casing,Steel tape measurement,Water level accuracy to nearest tenth of a foot,1,Department of Water Resources,NA,1,Department of Water Resources,112,228,8584,08N05E18Q001M,NA,Unknown,Unknown,5-021.65,South American,Sacramento,240,Irrigation,Unknown,98328,2012-03-26 - 2017-10-16,62,spring,NA,NA,22,30.5,2016,12.24,4.6,17.48,6.71,Below Normal,SAC,2015-10-01T00:00:00Z,2016-10-01T00:00:00Z,-121.474,38.5397
385397N1214741W001,2185679,2016-03-23T00:00:00Z,28.01,27.21,-0.1,27,0.91,27.1,26.3,Oil or foreign substance in casing,Steel tape measurement,Water level accuracy to nearest tenth of a foot,1,Department of Water Resources,NA,1,Department of Water Resources,112,228,8584,08N05E18Q001M,NA,Unknown,Unknown,5-021.65,South American,Sacramento,240,Irrigation,Unknown,98328,2012-03-26 - 2017-10-16,62,spring,NA,NA,22,30.5,2016,12.24,4.6,17.48,6.71,Below Normal,SAC,2015-10-01T00:00:00Z,2016-10-01T00:00:00Z,-121.474,38.5397
385397N1214741W001,2182825,2016-02-16T00:00:00Z,28.01,27.21,0.4,28,0.41,27.6,26.8,Oil or foreign substance in casing,Steel tape measurement,Water level accuracy to nearest tenth of a foot,1,Department of Water Resources,NA,1,Department of Water Resources,112,228,8584,08N05E18Q001M,NA,Unknown,Unknown,5-021.65,South American,Sacramento,240,Irrigation,Unknown,98328,2012-03-26 - 2017-10-16,62,other,NA,NA,NA,NA,2016,12.24,4.6,17.48,6.71,Below Normal,SAC,2015-10-01T00:00:00Z,2016-10-01T00:00:00Z,-121.474,38.5397
385397N1214741W001,2181008,2016-01-27T00:00:00Z,28.01,27.21,0.1,28,0.11,27.9,27.1,Oil or foreign substance in casing,Steel tape measurement,Water level accuracy to nearest tenth of a foot,1,Department of Water Resources,NA,1,Department of Water Resources,112,228,8584,08N05E18Q001M,NA,Unknown,Unknown,5-021.65,South American,Sacramento,240,Irrigation,Unknown,98328,2012-03-26 - 2017-10-16,62,other,NA,NA,NA,NA,2016,12.24,4.6,17.48,6.71,Below Normal,SAC,2015-10-01T00:00:00Z,2016-10-01T00:00:00Z,-121.474,38.5397
385397N1214741W001,2178001,2015-12-14T00:00:00Z,28.01,27.21,-0.02,28,-0.01,28.02,27.22,Oil or foreign substance in casing,Steel tape measurement,Water level accuracy to nearest tenth of a foot,1,Department of Water Resources,NA,1,Department of Water Resources,112,228,8584,08N05E18Q001M,NA,Unknown,Unknown,5-021.65,South American,Sacramento,240,Irrigation,Unknown,98328,2012-03-26 - 2017-10-16,62,other,NA,NA,NA,NA,2016,12.24,4.6,17.48,6.71,Below Normal,SAC,2015-10-01T00:00:00Z,2016-10-01T00:00:00Z,-121.474,38.5397
385397N1214741W001,2175682,2015-11-19T00:00:00Z,28.01,27.21,-0.6,29,-1.59,29.6,28.8,Oil or foreign substance in casing,Steel tape measurement,Water level accuracy to nearest tenth of a foot,1,Department of Water Resources,NA,1,Department of Water Resources,112,228,8584,08N05E18Q001M,NA,Unknown,Unknown,5-021.65,South American,Sacramento,240,Irrigation,Unknown,98328,2012-03-26 - 2017-10-16,62,fall,24.8,31,NA,NA,2016,12.24,4.6,17.48,6.71,Below Normal,SAC,2015-10-01T00:00:00Z,2016-10-01T00:00:00Z,-121.474,38.5397
385397N1214741W001,2157775,2015-10-12T00:00:00Z,28.01,27.21,0.4,29,-0.59,28.6,27.8,Oil or foreign substance in casing,Steel tape measurement,Water level accuracy to nearest tenth of a foot,1,Department of Water Resources,NA,1,Department of Water Resources,112,228,8584,08N05E18Q001M,NA,Unknown,Unknown,5-021.65,South American,Sacramento,240,Irrigation,Unknown,98328,2012-03-26 - 2017-10-16,62,fall,24.8,31,NA,NA,2016,12.24,4.6,17.48,6.71,Below Normal,SAC,2015-10-01T00:00:00Z,2016-10-01T00:00:00Z,-121.474,38.5397
385397N1214741W001,2153087,2015-09-21T00:00:00Z,28.01,27.21,-0.1,28,-0.09,28.1,27.3,Oil or foreign substance in casing,Steel tape measurement,Water level accuracy to nearest tenth of a foot,1,Department of Water Resources,NA,1,Department of Water Resources,112,228,8584,08N05E18Q001M,NA,Unknown,Unknown,5-021.65,South American,Sacramento,240,Irrigation,Unknown,98328,2012-03-26 - 2017-10-16,62,fall,24.8,31,NA,NA,2015,6.91,1.77,9.23,4,Critical,SAC,2014-10-01T00:00:00Z,2015-10-01T00:00:00Z,-121.474,38.5397
385397N1214741W001,2150210,2015-08-11T00:00:00Z,28.01,27.21,0.8,28,0.81,27.2,26.4,Oil or foreign substance in casing,Steel tape measurement,Water level accuracy to nearest tenth of a foot,1,Department of Water Resources,NA,1,Department of Water Resources,112,228,8584,08N05E18Q001M,NA,Unknown,Unknown,5-021.65,South American,Sacramento,240,Irrigation,Unknown,98328,2012-03-26 - 2017-10-16,62,fall,24.8,31,NA,NA,2015,6.91,1.77,9.23,4,Critical,SAC,2014-10-01T00:00:00Z,2015-10-01T00:00:00Z,-121.474,38.5397
385397N1214741W001,2143892,2015-07-08T00:00:00Z,28.01,27.21,-1,21,6.01,22,21.2,Oil or foreign substance in casing,Steel tape measurement,Water level accuracy to nearest tenth of a foot,1,Department of Water Resources,NA,1,Department of Water Resources,112,228,8584,08N05E18Q001M,NA,Unknown,Unknown,5-021.65,South American,Sacramento,240,Irrigation,Unknown,98328,2012-03-26 - 2017-10-16,62,other,NA,NA,NA,NA,2015,6.91,1.77,9.23,4,Critical,SAC,2014-10-01T00:00:00Z,2015-10-01T00:00:00Z,-121.474,38.5397
385397N1214741W001,2143882,2015-07-08T00:00:00Z,28.01,27.21,-1,21,6.01,22,21.2,Oil or foreign substance in casing,Steel tape measurement,Water level accuracy to nearest tenth of a foot,1,Department of Water Resources,NA,1,Department of Water Resources,112,228,8584,08N05E18Q001M,NA,Unknown,Unknown,5-021.65,South American,Sacramento,240,Irrigation,Unknown,98328,2012-03-26 - 2017-10-16,62,other,NA,NA,NA,NA,2015,6.91,1.77,9.23,4,Critical,SAC,2014-10-01T00:00:00Z,2015-10-01T00:00:00Z,-121.474,38.5397
385397N1214741W001,2143872,2015-07-08T00:00:00Z,28.01,27.21,-1,21,6.01,22,21.2,Oil or foreign substance in casing,Steel tape measurement,Water level accuracy to nearest tenth of a foot,1,Department of Water Resources,NA,1,Department of Water Resources,112,228,8584,08N05E18Q001M,NA,Unknown,Unknown,5-021.65,South American,Sacramento,240,Irrigation,Unknown,98328,2012-03-26 - 2017-10-16,62,other,NA,NA,NA,NA,2015,6.91,1.77,9.23,4,Critical,SAC,2014-10-01T00:00:00Z,2015-10-01T00:00:00Z,-121.474,38.5397
385397N1214741W001,2143304,2015-06-23T00:00:00Z,28.01,27.21,-1.5,30,-3.49,31.5,30.7,Oil or foreign substance in casing,Steel tape measurement,Water level accuracy to nearest tenth of a foot,1,Department of Water Resources,NA,1,Department of Water Resources,112,228,8584,08N05E18Q001M,NA,Unknown,Unknown,5-021.65,South American,Sacramento,240,Irrigation,Unknown,98328,2012-03-26 - 2017-10-16,62,other,NA,NA,NA,NA,2015,6.91,1.77,9.23,4,Critical,SAC,2014-10-01T00:00:00Z,2015-10-01T00:00:00Z,-121.474,38.5397
385397N1214741W001,2143314,2015-06-23T00:00:00Z,28.01,27.21,-1.5,30,-3.49,31.5,30.7,Oil or foreign substance in casing,Steel tape measurement,Water level accuracy to nearest tenth of a foot,1,Department of Water Resources,NA,1,Department of Water Resources,112,228,8584,08N05E18Q001M,NA,Unknown,Unknown,5-021.65,South American,Sacramento,240,Irrigation,Unknown,98328,2012-03-26 - 2017-10-16,62,other,NA,NA,NA,NA,2015,6.91,1.77,9.23,4,Critical,SAC,2014-10-01T00:00:00Z,2015-10-01T00:00:00Z,-121.474,38.5397
385397N1214741W001,2143334,2015-06-23T00:00:00Z,28.01,27.21,-1.5,30,-3.49,31.5,30.7,Oil or foreign substance in casing,Steel tape measurement,Water level accuracy to nearest tenth of a foot,1,Department of Water Resources,NA,1,Department of Water Resources,112,228,8584,08N05E18Q001M,NA,Unknown,Unknown,5-021.65,South American,Sacramento,240,Irrigation,Unknown,98328,2012-03-26 - 2017-10-16,62,other,NA,NA,NA,NA,2015,6.91,1.77,9.23,4,Critical,SAC,2014-10-01T00:00:00Z,2015-10-01T00:00:00Z,-121.474,38.5397
385397N1214741W001,2143324,2015-06-23T00:00:00Z,28.01,27.21,-1.5,30,-3.49,31.5,30.7,Oil or foreign substance in casing,Steel tape measurement,Water level accuracy to nearest tenth of a foot,1,Department of Water Resources,NA,1,Department of Water Resources,112,228,8584,08N05E18Q001M,NA,Unknown,Unknown,5-021.65,South American,Sacramento,240,Irrigation,Unknown,98328,2012-03-26 - 2017-10-16,62,other,NA,NA,NA,NA,2015,6.91,1.77,9.23,4,Critical,SAC,2014-10-01T00:00:00Z,2015-10-01T00:00:00Z,-121.474,38.5397
385397N1214741W001,2140423,2015-05-27T00:00:00Z,28.01,27.21,-1.3,30,-3.29,31.3,30.5,Oil or foreign substance in casing,Steel tape measurement,Water level accuracy to nearest tenth of a foot,1,Department of Water Resources,NA,1,Department of Water Resources,112,228,8584,08N05E18Q001M,NA,Unknown,Unknown,5-021.65,South American,Sacramento,240,Irrigation,Unknown,98328,2012-03-26 - 2017-10-16,62,spring,NA,NA,22,30.5,2015,6.91,1.77,9.23,4,Critical,SAC,2014-10-01T00:00:00Z,2015-10-01T00:00:00Z,-121.474,38.5397
385397N1214741W001,2136207,2015-04-23T00:00:00Z,28.01,27.21,-0.6,28,-0.59,28.6,27.8,Oil or foreign substance in casing,Steel tape measurement,Water level accuracy to nearest tenth of a foot,1,Department of Water Resources,NA,1,Department of Water Resources,112,228,8584,08N05E18Q001M,NA,Unknown,Unknown,5-021.65,South American,Sacramento,240,Irrigation,Unknown,98328,2012-03-26 - 2017-10-16,62,spring,NA,NA,22,30.5,2015,6.91,1.77,9.23,4,Critical,SAC,2014-10-01T00:00:00Z,2015-10-01T00:00:00Z,-121.474,38.5397
385397N1214741W001,2119304,2015-03-25T00:00:00Z,28.01,27.21,-0.1,28,-0.09,28.1,27.3,Oil or foreign substance in casing,Steel tape measurement,Water level accuracy to nearest tenth of a foot,1,Department of Water Resources,NA,1,Department of Water Resources,112,228,8584,08N05E18Q001M,NA,Unknown,Unknown,5-021.65,South American,Sacramento,240,Irrigation,Unknown,98328,2012-03-26 - 2017-10-16,62,spring,NA,NA,22,30.5,2015,6.91,1.77,9.23,4,Critical,SAC,2014-10-01T00:00:00Z,2015-10-01T00:00:00Z,-121.474,38.5397
385397N1214741W001,2115192,2015-02-26T00:00:00Z,28.01,27.21,-0.4,27,0.61,27.4,26.6,Oil or foreign substance in casing,Steel tape measurement,Water level accuracy to nearest tenth of a foot,1,Department of Water Resources,NA,1,Department of Water Resources,112,228,8584,08N05E18Q001M,NA,Unknown,Unknown,5-021.65,South American,Sacramento,240,Irrigation,Unknown,98328,2012-03-26 - 2017-10-16,62,other,NA,NA,NA,NA,2015,6.91,1.77,9.23,4,Critical,SAC,2014-10-01T00:00:00Z,2015-10-01T00:00:00Z,-121.474,38.5397
385397N1214741W001,2113536,2015-01-14T00:00:00Z,28.01,27.21,-0.1,27,0.91,27.1,26.3,Oil or foreign substance in casing,Steel tape measurement,Water level accuracy to nearest tenth of a foot,1,Department of Water Resources,NA,1,Department of Water Resources,112,228,8584,08N05E18Q001M,NA,Unknown,Unknown,5-021.65,South American,Sacramento,240,Irrigation,Unknown,98328,2012-03-26 - 2017-10-16,62,other,NA,NA,NA,NA,2015,6.91,1.77,9.23,4,Critical,SAC,2014-10-01T00:00:00Z,2015-10-01T00:00:00Z,-121.474,38.5397
385397N1214741W001,2109742,2014-12-23T00:00:00Z,28.01,27.21,0.1,27,1.11,26.9,26.1,Oil or foreign substance in casing,Steel tape measurement,Water level accuracy to nearest tenth of a foot,1,Department of Water Resources,NA,1,Department of Water Resources,112,228,8584,08N05E18Q001M,NA,Unknown,Unknown,5-021.65,South American,Sacramento,240,Irrigation,Unknown,98328,2012-03-26 - 2017-10-16,62,other,NA,NA,NA,NA,2015,6.91,1.77,9.23,4,Critical,SAC,2014-10-01T00:00:00Z,2015-10-01T00:00:00Z,-121.474,38.5397
385397N1214741W001,2106439,2014-11-13T00:00:00Z,28.01,27.21,0.6,28,0.61,27.4,26.6,Oil or foreign substance in casing,Steel tape measurement,Water level accuracy to nearest tenth of a foot,1,Department of Water Resources,NA,1,Department of Water Resources,112,228,8584,08N05E18Q001M,NA,Unknown,Unknown,5-021.65,South American,Sacramento,240,Irrigation,Unknown,98328,2012-03-26 - 2017-10-16,62,fall,24.8,31,NA,NA,2015,6.91,1.77,9.23,4,Critical,SAC,2014-10-01T00:00:00Z,2015-10-01T00:00:00Z,-121.474,38.5397
385397N1214741W001,2019250,2014-10-17T00:00:00Z,28.01,27.21,-0.3,27,0.71,27.3,26.5,Oil or foreign substance in casing,Electric sounder measurement,Water level accuracy to nearest tenth of a foot,1,Department of Water Resources,NA,1,Department of Water Resources,112,228,8584,08N05E18Q001M,NA,Unknown,Unknown,5-021.65,South American,Sacramento,240,Irrigation,Unknown,98328,2012-03-26 - 2017-10-16,62,fall,24.8,31,NA,NA,2015,6.91,1.77,9.23,4,Critical,SAC,2014-10-01T00:00:00Z,2015-10-01T00:00:00Z,-121.474,38.5397
385397N1214741W001,2002102,2014-09-18T00:00:00Z,28.01,27.21,0.6,28,0.61,27.4,26.6,Oil or foreign substance in casing,Electric sounder measurement,Water level accuracy to nearest tenth of a foot,1,Department of Water Resources,NA,1,Department of Water Resources,112,228,8584,08N05E18Q001M,NA,Unknown,Unknown,5-021.65,South American,Sacramento,240,Irrigation,Unknown,98328,2012-03-26 - 2017-10-16,62,fall,24.8,31,NA,NA,2014,4.29,2.59,7.46,4.07,Critical,SAC,2013-10-01T00:00:00Z,2014-10-01T00:00:00Z,-121.474,38.5397
385397N1214741W001,1995549,2014-08-19T00:00:00Z,28.01,27.21,-0.8,26,1.21,26.8,26,Oil or foreign substance in casing,Electric sounder measurement,Water level accuracy to nearest tenth of a foot,1,Department of Water Resources,NA,1,Department of Water Resources,112,228,8584,08N05E18Q001M,NA,Unknown,Unknown,5-021.65,South American,Sacramento,240,Irrigation,Unknown,98328,2012-03-26 - 2017-10-16,62,fall,24.8,31,NA,NA,2014,4.29,2.59,7.46,4.07,Critical,SAC,2013-10-01T00:00:00Z,2014-10-01T00:00:00Z,-121.474,38.5397
385397N1214741W001,1993597,2014-07-28T00:00:00Z,28.01,27.21,1.6,28,1.61,26.4,25.6,Oil or foreign substance in casing,Electric sounder measurement,Water level accuracy to nearest tenth of a foot,1,Department of Water Resources,NA,1,Department of Water Resources,112,228,8584,08N05E18Q001M,NA,Unknown,Unknown,5-021.65,South American,Sacramento,240,Irrigation,Unknown,98328,2012-03-26 - 2017-10-16,62,other,NA,NA,NA,NA,2014,4.29,2.59,7.46,4.07,Critical,SAC,2013-10-01T00:00:00Z,2014-10-01T00:00:00Z,-121.474,38.5397
385397N1214741W001,1990996,2014-06-23T00:00:00Z,28.01,27.21,0.7,27,1.71,26.3,25.5,Oil or foreign substance in casing,Electric sounder measurement,Water level accuracy to nearest tenth of a foot,1,Department of Water Resources,NA,1,Department of Water Resources,112,228,8584,08N05E18Q001M,NA,Unknown,Unknown,5-021.65,South American,Sacramento,240,Irrigation,Unknown,98328,2012-03-26 - 2017-10-16,62,other,NA,NA,NA,NA,2014,4.29,2.59,7.46,4.07,Critical,SAC,2013-10-01T00:00:00Z,2014-10-01T00:00:00Z,-121.474,38.5397
385397N1214741W001,1977453,2014-05-05T00:00:00Z,28.01,27.21,0.7,27,1.71,26.3,25.5,Oil or foreign substance in casing,Steel tape measurement,Water level accuracy to nearest tenth of a foot,1,Department of Water Resources,NA,1,Department of Water Resources,112,228,8584,08N05E18Q001M,NA,Unknown,Unknown,5-021.65,South American,Sacramento,240,Irrigation,Unknown,98328,2012-03-26 - 2017-10-16,62,spring,NA,NA,22,30.5,2014,4.29,2.59,7.46,4.07,Critical,SAC,2013-10-01T00:00:00Z,2014-10-01T00:00:00Z,-121.474,38.5397
385397N1214741W001,1975920,2014-04-14T00:00:00Z,28.01,27.21,0.1,26,2.11,25.9,25.1,Oil or foreign substance in casing,Steel tape measurement,Water level accuracy to nearest tenth of a foot,1,Department of Water Resources,NA,1,Department of Water Resources,112,228,8584,08N05E18Q001M,NA,Unknown,Unknown,5-021.65,South American,Sacramento,240,Irrigation,Unknown,98328,2012-03-26 - 2017-10-16,62,spring,NA,NA,22,30.5,2014,4.29,2.59,7.46,4.07,Critical,SAC,2013-10-01T00:00:00Z,2014-10-01T00:00:00Z,-121.474,38.5397
385397N1214741W001,1879563,2014-03-17T00:00:00Z,28.01,27.21,1,27,2.01,26,25.2,Oil or foreign substance in casing,Steel tape measurement,Water level accuracy to nearest tenth of a foot,1,Department of Water Resources,NA,1,Department of Water Resources,112,228,8584,08N05E18Q001M,NA,Unknown,Unknown,5-021.65,South American,Sacramento,240,Irrigation,Unknown,98328,2012-03-26 - 2017-10-16,62,spring,NA,NA,22,30.5,2014,4.29,2.59,7.46,4.07,Critical,SAC,2013-10-01T00:00:00Z,2014-10-01T00:00:00Z,-121.474,38.5397
385397N1214741W001,1876287,2014-02-21T00:00:00Z,28.01,27.21,1.7,28,1.71,26.3,25.5,Oil or foreign substance in casing,Electric sounder measurement,Water level accuracy to nearest tenth of a foot,1,Department of Water Resources,NA,1,Department of Water Resources,112,228,8584,08N05E18Q001M,NA,Unknown,Unknown,5-021.65,South American,Sacramento,240,Irrigation,Unknown,98328,2012-03-26 - 2017-10-16,62,other,NA,NA,NA,NA,2014,4.29,2.59,7.46,4.07,Critical,SAC,2013-10-01T00:00:00Z,2014-10-01T00:00:00Z,-121.474,38.5397
385397N1214741W001,1808530,2013-11-25T00:00:00Z,28.01,27.21,-1,25,2.01,26,25.2,Oil or foreign substance in casing,Steel tape measurement,Water level accuracy to nearest tenth of a foot,1,Department of Water Resources,NA,1,Department of Water Resources,112,228,8584,08N05E18Q001M,NA,Unknown,Unknown,5-021.65,South American,Sacramento,240,Irrigation,Unknown,98328,2012-03-26 - 2017-10-16,62,fall,24.8,31,NA,NA,2014,4.29,2.59,7.46,4.07,Critical,SAC,2013-10-01T00:00:00Z,2014-10-01T00:00:00Z,-121.474,38.5397
385397N1214741W001,1797546,2013-10-28T00:00:00Z,28.01,27.21,-0.9,25,2.11,25.9,25.1,Oil or foreign substance in casing,Steel tape measurement,Water level accuracy to nearest tenth of a foot,1,Department of Water Resources,NA,1,Department of Water Resources,112,228,8584,08N05E18Q001M,NA,Unknown,Unknown,5-021.65,South American,Sacramento,240,Irrigation,Unknown,98328,2012-03-26 - 2017-10-16,62,fall,24.8,31,NA,NA,2014,4.29,2.59,7.46,4.07,Critical,SAC,2013-10-01T00:00:00Z,2014-10-01T00:00:00Z,-121.474,38.5397
385397N1214741W001,1795857,2013-09-24T00:00:00Z,28.01,27.21,-0.9,25,2.11,25.9,25.1,Oil or foreign substance in casing,Steel tape measurement,Water level accuracy to nearest tenth of a foot,1,Department of Water Resources,NA,1,Department of Water Resources,112,228,8584,08N05E18Q001M,NA,Unknown,Unknown,5-021.65,South American,Sacramento,240,Irrigation,Unknown,98328,2012-03-26 - 2017-10-16,62,fall,24.8,31,NA,NA,2013,8.52,3.01,12.19,5.83,Dry,SAC,2012-10-01T00:00:00Z,2013-10-01T00:00:00Z,-121.474,38.5397
385397N1214741W001,1745159,2013-08-26T00:00:00Z,28.01,27.21,-0.6,25,2.41,25.6,24.8,Oil or foreign substance in casing,Steel tape measurement,Water level accuracy to nearest tenth of a foot,1,Department of Water Resources,NA,1,Department of Water Resources,112,228,8584,08N05E18Q001M,NA,Unknown,Unknown,5-021.65,South American,Sacramento,240,Irrigation,Unknown,98328,2012-03-26 - 2017-10-16,62,fall,24.8,31,NA,NA,2013,8.52,3.01,12.19,5.83,Dry,SAC,2012-10-01T00:00:00Z,2013-10-01T00:00:00Z,-121.474,38.5397
385397N1214741W001,1739438,2013-07-29T00:00:00Z,28.01,27.21,1.5,25,4.51,23.5,22.7,Oil or foreign substance in casing,Steel tape measurement,Water level accuracy to nearest tenth of a foot,1,Department of Water Resources,NA,1,Department of Water Resources,112,228,8584,08N05E18Q001M,NA,Unknown,Unknown,5-021.65,South American,Sacramento,240,Irrigation,Unknown,98328,2012-03-26 - 2017-10-16,62,other,NA,NA,NA,NA,2013,8.52,3.01,12.19,5.83,Dry,SAC,2012-10-01T00:00:00Z,2013-10-01T00:00:00Z,-121.474,38.5397
385397N1214741W001,1735624,2013-06-25T00:00:00Z,28.01,27.21,-0.2,25,2.81,25.2,24.4,Oil or foreign substance in casing,Steel tape measurement,Water level accuracy to nearest tenth of a foot,1,Department of Water Resources,NA,1,Department of Water Resources,112,228,8584,08N05E18Q001M,NA,Unknown,Unknown,5-021.65,South American,Sacramento,240,Irrigation,Unknown,98328,2012-03-26 - 2017-10-16,62,other,NA,NA,NA,NA,2013,8.52,3.01,12.19,5.83,Dry,SAC,2012-10-01T00:00:00Z,2013-10-01T00:00:00Z,-121.474,38.5397
385397N1214741W001,1703827,2013-03-15T00:00:00Z,28.01,27.21,-1,24,3.01,25,24.2,Oil or foreign substance in casing,Steel tape measurement,Water level accuracy to nearest tenth of a foot,1,Department of Water Resources,NA,1,Department of Water Resources,112,228,8584,08N05E18Q001M,NA,Unknown,Unknown,5-021.65,South American,Sacramento,240,Irrigation,Unknown,98328,2012-03-26 - 2017-10-16,62,spring,NA,NA,22,30.5,2013,8.52,3.01,12.19,5.83,Dry,SAC,2012-10-01T00:00:00Z,2013-10-01T00:00:00Z,-121.474,38.5397
385397N1214741W001,68861,2012-10-17T00:00:00Z,28.01,27.21,-0.8,25,2.21,25.8,25,Oil or foreign substance in casing,Steel tape measurement,Water level accuracy to nearest tenth of a foot,1,Department of Water Resources,NA,1,Department of Water Resources,112,228,8584,08N05E18Q001M,NA,Unknown,Unknown,5-021.65,South American,Sacramento,240,Irrigation,Unknown,98328,2012-03-26 - 2017-10-16,62,fall,24.8,31,NA,NA,2013,8.52,3.01,12.19,5.83,Dry,SAC,2012-10-01T00:00:00Z,2013-10-01T00:00:00Z,-121.474,38.5397
385397N1214741W001,66902,2012-07-30T00:00:00Z,28.01,27.21,-0.2,25,2.81,25.2,24.4,Oil or foreign substance in casing,Steel tape measurement,Water level accuracy to nearest tenth of a foot,1,Department of Water Resources,NA,1,Department of Water Resources,112,228,8584,08N05E18Q001M,NA,Unknown,Unknown,5-021.65,South American,Sacramento,240,Irrigation,Unknown,98328,2012-03-26 - 2017-10-16,62,other,NA,NA,NA,NA,2012,5.69,5.46,11.84,6.89,Below Normal,SAC,2011-10-01T00:00:00Z,2012-10-01T00:00:00Z,-121.474,38.5397
385397N1214741W001,66890,2012-03-26T00:00:00Z,28.01,27.21,1.9,27,2.91,25.1,24.3,Oil or foreign substance in casing,Steel tape measurement,Water level accuracy to nearest tenth of a foot,1,Department of Water Resources,NA,1,Department of Water Resources,112,228,8584,08N05E18Q001M,NA,Unknown,Unknown,5-021.65,South American,Sacramento,240,Irrigation,Unknown,98328,2012-03-26 - 2017-10-16,62,spring,NA,NA,22,30.5,2012,5.69,5.46,11.84,6.89,Below Normal,SAC,2011-10-01T00:00:00Z,2012-10-01T00:00:00Z,-121.474,38.5397
