SITE_CODE,WLM_ID,MSMT_DATE,WLM_RPE,WLM_GSE,RDNG_WS,RDNG_RP,WSE,RPE_WSE,GSE_WSE,WLM_QA_DESC,WLM_DESC,WLM_ACC_DESC,WLM_ORG_ID,WLM_ORG_NAME,MSMT_CMT,COOP_AGENCY_ORG_ID,COOP_ORG_NAME,TOP_PRF,BOT_PRF,STN_ID,SWN,WELL_NAME,WLM_METHOD,WLM_ACC,BASIN_CODE,BASIN_NAME,COUNTY_NAME,WELL_DEPTH,WELL_USE,WELL_TYPE,WCR_NO,t_range,n_samples,season,fall_high,fall_low,spring_high,spring_low,water_year,Oct.Mar,Apr.Jul,WYsum,Index,water_year_type,region,water_year_start,water_year_end,X,Y
385343N1214280W001,2482800,2019-10-21T00:00:00Z,42.95,41.95,0,43.9,-0.95,43.9,42.9,NA,Electric sounder measurement,Water level accuracy to nearest tenth of a foot,5050,Sacramento Central Groundwater Authority,NA,5050,Sacramento Central Groundwater Authority,NA,NA,31361,08N05E21H002M,SCGA #11,Unknown,Unknown,5-021.65,South American,Sacramento,72,Unknown,Single Well,4383,1953-03-05 - 2020-04-15,135,fall,42.9,68.9,NA,NA,2019,13.11,10.66,24.77,10.34,Wet,SAC,2019-10-01T00:00:00Z,2020-10-01T00:00:00Z,-121.428,38.5343
385343N1214280W001,2454911,2019-04-10T00:00:00Z,42.95,41.95,0,43.4,-0.45,43.4,42.4,NA,Electric sounder measurement,Water level accuracy to nearest tenth of a foot,5050,Sacramento Central Groundwater Authority,NA,5050,Sacramento Central Groundwater Authority,NA,NA,31361,08N05E21H002M,SCGA #11,Unknown,Unknown,5-021.65,South American,Sacramento,72,Unknown,Single Well,4383,1953-03-05 - 2020-04-15,135,spring,NA,NA,40.8,66.5,2018,7.09,5.05,12.86,7.14,Below Normal,SAC,2018-10-01T00:00:00Z,2019-10-01T00:00:00Z,-121.428,38.5343
385343N1214280W001,2413068,2018-10-10T00:00:00Z,42.95,41.95,0,44.5,-1.55,44.5,43.5,NA,Electric sounder measurement,Water level accuracy to nearest tenth of a foot,5050,Sacramento Central Groundwater Authority,NA,5050,Sacramento Central Groundwater Authority,NA,NA,31361,08N05E21H002M,SCGA #11,Unknown,Unknown,5-021.65,South American,Sacramento,72,Unknown,Single Well,4383,1953-03-05 - 2020-04-15,135,fall,42.9,68.9,NA,NA,2018,7.09,5.05,12.86,7.14,Below Normal,SAC,2018-10-01T00:00:00Z,2019-10-01T00:00:00Z,-121.428,38.5343
385343N1214280W001,2278919,2017-10-24T00:00:00Z,42.95,41.95,0,44.4,-1.45,44.4,43.4,NA,Electric sounder measurement,Water level accuracy to nearest tenth of a foot,5050,Sacramento Central Groundwater Authority,NA,5050,Sacramento Central Groundwater Authority,NA,NA,31361,08N05E21H002M,SCGA #11,Unknown,Unknown,5-021.65,South American,Sacramento,72,Unknown,Single Well,4383,1953-03-05 - 2020-04-15,135,fall,42.9,68.9,NA,NA,2017,26.17,10.69,37.82,14.14,Wet,SAC,2017-10-01T00:00:00Z,2018-10-01T00:00:00Z,-121.428,38.5343
385343N1214280W001,2253408,2017-04-27T00:00:00Z,42.95,41.95,0,45,-2.05,45,44,NA,Electric sounder measurement,Water level accuracy to nearest tenth of a foot,5050,Sacramento Central Groundwater Authority,NA,5050,Sacramento Central Groundwater Authority,NA,NA,31361,08N05E21H002M,SCGA #11,Unknown,Unknown,5-021.65,South American,Sacramento,72,Unknown,Single Well,4383,1953-03-05 - 2020-04-15,135,spring,NA,NA,40.8,66.5,2016,12.24,4.6,17.48,6.71,Below Normal,SAC,2016-10-01T00:00:00Z,2017-10-01T00:00:00Z,-121.428,38.5343
385343N1214280W001,2205433,2016-05-09T00:00:00Z,42.95,41.95,0,47.5,-4.55,47.5,46.5,NA,Electric sounder measurement,Water level accuracy to nearest tenth of a foot,5050,Sacramento Central Groundwater Authority,NA,5050,Sacramento Central Groundwater Authority,NA,NA,31361,08N05E21H002M,SCGA #11,Unknown,Unknown,5-021.65,South American,Sacramento,72,Unknown,Single Well,4383,1953-03-05 - 2020-04-15,135,spring,NA,NA,40.8,66.5,2015,6.91,1.77,9.23,4,Critical,SAC,2015-10-01T00:00:00Z,2016-10-01T00:00:00Z,-121.428,38.5343
385343N1214280W001,2137238,2015-04-21T00:00:00Z,42.95,41.95,0,47.2,-4.25,47.2,46.2,NA,Electric sounder measurement,Water level accuracy to nearest tenth of a foot,5050,Sacramento Central Groundwater Authority,NA,5050,Sacramento Central Groundwater Authority,NA,NA,31361,08N05E21H002M,SCGA #11,Unknown,Unknown,5-021.65,South American,Sacramento,72,Unknown,Single Well,4383,1953-03-05 - 2020-04-15,135,spring,NA,NA,40.8,66.5,2014,4.29,2.59,7.46,4.07,Critical,SAC,2014-10-01T00:00:00Z,2015-10-01T00:00:00Z,-121.428,38.5343
385343N1214280W001,2137237,2014-10-16T00:00:00Z,42.95,41.95,0,47.6,-4.65,47.6,46.6,NA,Electric sounder measurement,Water level accuracy to nearest tenth of a foot,5050,Sacramento Central Groundwater Authority,NA,5050,Sacramento Central Groundwater Authority,NA,NA,31361,08N05E21H002M,SCGA #11,Unknown,Unknown,5-021.65,South American,Sacramento,72,Unknown,Single Well,4383,1953-03-05 - 2020-04-15,135,fall,42.9,68.9,NA,NA,2014,4.29,2.59,7.46,4.07,Critical,SAC,2014-10-01T00:00:00Z,2015-10-01T00:00:00Z,-121.428,38.5343
385343N1214280W001,1905125,2014-04-17T00:00:00Z,42.95,41.95,0,46.8,-3.85,46.8,45.8,NA,Electric sounder measurement,Water level accuracy to nearest tenth of a foot,5050,Sacramento Central Groundwater Authority,NA,5050,Sacramento Central Groundwater Authority,NA,NA,31361,08N05E21H002M,SCGA #11,Unknown,Unknown,5-021.65,South American,Sacramento,72,Unknown,Single Well,4383,1953-03-05 - 2020-04-15,135,spring,NA,NA,40.8,66.5,2013,8.52,3.01,12.19,5.83,Dry,SAC,2013-10-01T00:00:00Z,2014-10-01T00:00:00Z,-121.428,38.5343
385343N1214280W001,1905124,2013-11-04T00:00:00Z,42.95,41.95,0,46.9,-3.95,46.9,45.9,NA,Electric sounder measurement,Water level accuracy to nearest tenth of a foot,5050,Sacramento Central Groundwater Authority,NA,5050,Sacramento Central Groundwater Authority,NA,NA,31361,08N05E21H002M,SCGA #11,Unknown,Unknown,5-021.65,South American,Sacramento,72,Unknown,Single Well,4383,1953-03-05 - 2020-04-15,135,fall,42.9,68.9,NA,NA,2013,8.52,3.01,12.19,5.83,Dry,SAC,2013-10-01T00:00:00Z,2014-10-01T00:00:00Z,-121.428,38.5343
385343N1214280W001,1704772,2013-04-29T00:00:00Z,42.95,41.95,0,46.1,-3.15,46.1,45.1,NA,Electric sounder measurement,Water level accuracy to nearest tenth of a foot,5050,Sacramento Central Groundwater Authority,NA,5050,Sacramento Central Groundwater Authority,NA,NA,31361,08N05E21H002M,SCGA #11,Unknown,Unknown,5-021.65,South American,Sacramento,72,Unknown,Single Well,4383,1953-03-05 - 2020-04-15,135,spring,NA,NA,40.8,66.5,2012,5.69,5.46,11.84,6.89,Below Normal,SAC,2012-10-01T00:00:00Z,2013-10-01T00:00:00Z,-121.428,38.5343
385343N1214280W001,1704771,2012-10-30T00:00:00Z,42.95,41.95,0,47,-4.05,47,46,NA,Electric sounder measurement,Water level accuracy to nearest tenth of a foot,5050,Sacramento Central Groundwater Authority,NA,5050,Sacramento Central Groundwater Authority,NA,NA,31361,08N05E21H002M,SCGA #11,Unknown,Unknown,5-021.65,South American,Sacramento,72,Unknown,Single Well,4383,1953-03-05 - 2020-04-15,135,fall,42.9,68.9,NA,NA,2012,5.69,5.46,11.84,6.89,Below Normal,SAC,2012-10-01T00:00:00Z,2013-10-01T00:00:00Z,-121.428,38.5343
385343N1214280W001,1704770,2012-10-30T00:00:00Z,42.95,41.95,0,47,-4.05,47,46,NA,Electric sounder measurement,Water level accuracy to nearest tenth of a foot,5050,Sacramento Central Groundwater Authority,NA,5050,Sacramento Central Groundwater Authority,NA,NA,31361,08N05E21H002M,SCGA #11,Unknown,Unknown,5-021.65,South American,Sacramento,72,Unknown,Single Well,4383,1953-03-05 - 2020-04-15,135,fall,42.9,68.9,NA,NA,2012,5.69,5.46,11.84,6.89,Below Normal,SAC,2012-10-01T00:00:00Z,2013-10-01T00:00:00Z,-121.428,38.5343
385343N1214280W001,1294323,2009-10-23T00:00:00Z,42.95,41.95,0,49.8,-6.85,49.8,48.8,NA,Unknown,Water level accuracy is unknown,1,Department of Water Resources,NA,323,Sacramento County,NA,NA,31361,08N05E21H002M,SCGA #11,Unknown,Unknown,5-021.65,South American,Sacramento,72,Unknown,Single Well,4383,1953-03-05 - 2020-04-15,135,fall,42.9,68.9,NA,NA,2009,7.05,5.3,13.02,5.78,Dry,SAC,2009-10-01T00:00:00Z,2010-10-01T00:00:00Z,-121.428,38.5343
385343N1214280W001,1294322,2009-04-28T00:00:00Z,42.95,41.95,0,49.3,-6.35,49.3,48.3,NA,Unknown,Water level accuracy is unknown,1,Department of Water Resources,NA,323,Sacramento County,NA,NA,31361,08N05E21H002M,SCGA #11,Unknown,Unknown,5-021.65,South American,Sacramento,72,Unknown,Single Well,4383,1953-03-05 - 2020-04-15,135,spring,NA,NA,40.8,66.5,2008,5.9,3.82,10.28,5.16,Critical,SAC,2008-10-01T00:00:00Z,2009-10-01T00:00:00Z,-121.428,38.5343
385343N1214280W001,1294321,2008-10-17T00:00:00Z,42.95,41.95,0,49.7,-6.75,49.7,48.7,NA,Unknown,Water level accuracy is unknown,1,Department of Water Resources,NA,323,Sacramento County,NA,NA,31361,08N05E21H002M,SCGA #11,Unknown,Unknown,5-021.65,South American,Sacramento,72,Unknown,Single Well,4383,1953-03-05 - 2020-04-15,135,fall,42.9,68.9,NA,NA,2008,5.9,3.82,10.28,5.16,Critical,SAC,2008-10-01T00:00:00Z,2009-10-01T00:00:00Z,-121.428,38.5343
385343N1214280W001,1294320,2008-04-24T00:00:00Z,42.95,41.95,0,48.8,-5.85,48.8,47.8,NA,Unknown,Water level accuracy is unknown,1,Department of Water Resources,NA,323,Sacramento County,NA,NA,31361,08N05E21H002M,SCGA #11,Unknown,Unknown,5-021.65,South American,Sacramento,72,Unknown,Single Well,4383,1953-03-05 - 2020-04-15,135,spring,NA,NA,40.8,66.5,2007,6.59,3.04,10.28,6.19,Dry,SAC,2007-10-01T00:00:00Z,2008-10-01T00:00:00Z,-121.428,38.5343
385343N1214280W001,1294319,2007-11-07T00:00:00Z,42.95,41.95,0,49.4,-6.45,49.4,48.4,NA,Unknown,Water level accuracy is unknown,1,Department of Water Resources,NA,323,Sacramento County,NA,NA,31361,08N05E21H002M,SCGA #11,Unknown,Unknown,5-021.65,South American,Sacramento,72,Unknown,Single Well,4383,1953-03-05 - 2020-04-15,135,fall,42.9,68.9,NA,NA,2007,6.59,3.04,10.28,6.19,Dry,SAC,2007-10-01T00:00:00Z,2008-10-01T00:00:00Z,-121.428,38.5343
385343N1214280W001,1294318,2007-04-25T00:00:00Z,42.95,41.95,0,48.7,-5.75,48.7,47.7,NA,Unknown,Water level accuracy is unknown,1,Department of Water Resources,NA,323,Sacramento County,NA,NA,31361,08N05E21H002M,SCGA #11,Unknown,Unknown,5-021.65,South American,Sacramento,72,Unknown,Single Well,4383,1953-03-05 - 2020-04-15,135,spring,NA,NA,40.8,66.5,2006,18.06,13.09,32.09,13.2,Wet,SAC,2006-10-01T00:00:00Z,2007-10-01T00:00:00Z,-121.428,38.5343
385343N1214280W001,1294317,2006-10-13T00:00:00Z,42.95,41.95,0,45.8,-2.85,45.8,44.8,NA,Unknown,Water level accuracy is unknown,1,Department of Water Resources,NA,323,Sacramento County,NA,NA,31361,08N05E21H002M,SCGA #11,Unknown,Unknown,5-021.65,South American,Sacramento,72,Unknown,Single Well,4383,1953-03-05 - 2020-04-15,135,fall,42.9,68.9,NA,NA,2006,18.06,13.09,32.09,13.2,Wet,SAC,2006-10-01T00:00:00Z,2007-10-01T00:00:00Z,-121.428,38.5343
385343N1214280W001,1294316,2006-05-05T00:00:00Z,42.95,41.95,0,49.7,-6.75,49.7,48.7,NA,Unknown,Water level accuracy is unknown,1,Department of Water Resources,NA,323,Sacramento County,NA,NA,31361,08N05E21H002M,SCGA #11,Unknown,Unknown,5-021.65,South American,Sacramento,72,Unknown,Single Well,4383,1953-03-05 - 2020-04-15,135,spring,NA,NA,40.8,66.5,2005,8.4,9.28,18.55,8.49,Above Normal,SAC,2005-10-01T00:00:00Z,2006-10-01T00:00:00Z,-121.428,38.5343
385343N1214280W001,1294315,2005-10-26T00:00:00Z,42.95,41.95,0,52,-9.05,52,51,NA,Unknown,Water level accuracy is unknown,1,Department of Water Resources,NA,323,Sacramento County,NA,NA,31361,08N05E21H002M,SCGA #11,Unknown,Unknown,5-021.65,South American,Sacramento,72,Unknown,Single Well,4383,1953-03-05 - 2020-04-15,135,fall,42.9,68.9,NA,NA,2005,8.4,9.28,18.55,8.49,Above Normal,SAC,2005-10-01T00:00:00Z,2006-10-01T00:00:00Z,-121.428,38.5343
385343N1214280W001,1294314,2005-04-28T00:00:00Z,42.95,41.95,0,51.8,-8.85,51.8,50.8,NA,Unknown,Water level accuracy is unknown,1,Department of Water Resources,NA,323,Sacramento County,NA,NA,31361,08N05E21H002M,SCGA #11,Unknown,Unknown,5-021.65,South American,Sacramento,72,Unknown,Single Well,4383,1953-03-05 - 2020-04-15,135,spring,NA,NA,40.8,66.5,2004,10.95,4.4,16.04,7.51,Below Normal,SAC,2004-10-01T00:00:00Z,2005-10-01T00:00:00Z,-121.428,38.5343
385343N1214280W001,1294313,2004-10-27T00:00:00Z,42.95,41.95,0,53.1,-10.15,53.1,52.1,NA,Unknown,Water level accuracy is unknown,1,Department of Water Resources,NA,323,Sacramento County,NA,NA,31361,08N05E21H002M,SCGA #11,Unknown,Unknown,5-021.65,South American,Sacramento,72,Unknown,Single Well,4383,1953-03-05 - 2020-04-15,135,fall,42.9,68.9,NA,NA,2004,10.95,4.4,16.04,7.51,Below Normal,SAC,2004-10-01T00:00:00Z,2005-10-01T00:00:00Z,-121.428,38.5343
385343N1214280W001,1294312,2004-04-15T00:00:00Z,42.95,41.95,0,52.3,-9.35,52.3,51.3,NA,Unknown,Water level accuracy is unknown,1,Department of Water Resources,NA,323,Sacramento County,NA,NA,31361,08N05E21H002M,SCGA #11,Unknown,Unknown,5-021.65,South American,Sacramento,72,Unknown,Single Well,4383,1953-03-05 - 2020-04-15,135,spring,NA,NA,40.8,66.5,2003,10.71,7.74,19.31,8.21,Above Normal,SAC,2003-10-01T00:00:00Z,2004-10-01T00:00:00Z,-121.428,38.5343
385343N1214280W001,1294311,2003-10-28T00:00:00Z,42.95,41.95,0,52.8,-9.85,52.8,51.8,NA,Unknown,Water level accuracy is unknown,1,Department of Water Resources,NA,323,Sacramento County,NA,NA,31361,08N05E21H002M,SCGA #11,Unknown,Unknown,5-021.65,South American,Sacramento,72,Unknown,Single Well,4383,1953-03-05 - 2020-04-15,135,fall,42.9,68.9,NA,NA,2003,10.71,7.74,19.31,8.21,Above Normal,SAC,2003-10-01T00:00:00Z,2004-10-01T00:00:00Z,-121.428,38.5343
385343N1214280W001,1294305,2003-05-01T00:00:00Z,42.95,41.95,0,51.9,-8.95,51.9,50.9,NA,Unknown,Water level accuracy is unknown,1,Department of Water Resources,NA,323,Sacramento County,NA,NA,31361,08N05E21H002M,SCGA #11,Unknown,Unknown,5-021.65,South American,Sacramento,72,Unknown,Single Well,4383,1953-03-05 - 2020-04-15,135,spring,NA,NA,40.8,66.5,2002,9.32,4.57,14.6,6.35,Dry,SAC,2002-10-01T00:00:00Z,2003-10-01T00:00:00Z,-121.428,38.5343
385343N1214280W001,1294307,2002-11-04T00:00:00Z,42.95,41.95,0,52.4,-9.45,52.4,51.4,NA,Unknown,Water level accuracy is unknown,1,Department of Water Resources,NA,323,Sacramento County,NA,NA,31361,08N05E21H002M,SCGA #11,Unknown,Unknown,5-021.65,South American,Sacramento,72,Unknown,Single Well,4383,1953-03-05 - 2020-04-15,135,fall,42.9,68.9,NA,NA,2002,9.32,4.57,14.6,6.35,Dry,SAC,2002-10-01T00:00:00Z,2003-10-01T00:00:00Z,-121.428,38.5343
385343N1214280W001,1294309,2002-05-24T00:00:00Z,42.95,41.95,0,51.7,-8.75,51.7,50.7,NA,Unknown,Water level accuracy is unknown,1,Department of Water Resources,NA,323,Sacramento County,NA,NA,31361,08N05E21H002M,SCGA #11,Unknown,Unknown,5-021.65,South American,Sacramento,72,Unknown,Single Well,4383,1953-03-05 - 2020-04-15,135,spring,NA,NA,40.8,66.5,2001,5.64,3.46,9.81,5.76,Dry,SAC,2001-10-01T00:00:00Z,2002-10-01T00:00:00Z,-121.428,38.5343
385343N1214280W001,1294306,2001-10-03T00:00:00Z,42.95,41.95,0,52.1,-9.15,52.1,51.1,NA,Unknown,Water level accuracy is unknown,1,Department of Water Resources,NA,323,Sacramento County,NA,NA,31361,08N05E21H002M,SCGA #11,Unknown,Unknown,5-021.65,South American,Sacramento,72,Unknown,Single Well,4383,1953-03-05 - 2020-04-15,135,fall,42.9,68.9,NA,NA,2001,5.64,3.46,9.81,5.76,Dry,SAC,2001-10-01T00:00:00Z,2002-10-01T00:00:00Z,-121.428,38.5343
385343N1214280W001,1294308,2001-04-16T00:00:00Z,42.95,41.95,0,51.5,-8.55,51.5,50.5,NA,Unknown,Water level accuracy is unknown,1,Department of Water Resources,NA,323,Sacramento County,NA,NA,31361,08N05E21H002M,SCGA #11,Unknown,Unknown,5-021.65,South American,Sacramento,72,Unknown,Single Well,4383,1953-03-05 - 2020-04-15,135,spring,NA,NA,40.8,66.5,2000,12.06,5.96,18.9,8.94,Above Normal,SAC,2000-10-01T00:00:00Z,2001-10-01T00:00:00Z,-121.428,38.5343
385343N1214280W001,1294310,2000-09-26T00:00:00Z,42.95,41.95,0,51.6,-8.65,51.6,50.6,NA,Unknown,Water level accuracy is unknown,1,Department of Water Resources,NA,323,Sacramento County,NA,NA,31361,08N05E21H002M,SCGA #11,Unknown,Unknown,5-021.65,South American,Sacramento,72,Unknown,Single Well,4383,1953-03-05 - 2020-04-15,135,fall,42.9,68.9,NA,NA,1999,12.97,7.26,21.19,9.8,Wet,SAC,1999-10-01T00:00:00Z,2000-10-01T00:00:00Z,-121.428,38.5343
385343N1214280W001,1294301,2000-04-21T00:00:00Z,42.95,41.95,0,54.3,-11.35,54.3,53.3,NA,Unknown,Water level accuracy is unknown,1,Department of Water Resources,NA,323,Sacramento County,NA,NA,31361,08N05E21H002M,SCGA #11,Unknown,Unknown,5-021.65,South American,Sacramento,72,Unknown,Single Well,4383,1953-03-05 - 2020-04-15,135,spring,NA,NA,40.8,66.5,1999,12.97,7.26,21.19,9.8,Wet,SAC,1999-10-01T00:00:00Z,2000-10-01T00:00:00Z,-121.428,38.5343
385343N1214280W001,1294299,1999-10-13T00:00:00Z,42.95,41.95,0,53.1,-10.15,53.1,52.1,NA,Unknown,Water level accuracy is unknown,1,Department of Water Resources,NA,323,Sacramento County,NA,NA,31361,08N05E21H002M,SCGA #11,Unknown,Unknown,5-021.65,South American,Sacramento,72,Unknown,Single Well,4383,1953-03-05 - 2020-04-15,135,fall,42.9,68.9,NA,NA,1999,12.97,7.26,21.19,9.8,Wet,SAC,1999-10-01T00:00:00Z,2000-10-01T00:00:00Z,-121.428,38.5343
385343N1214280W001,1294300,1999-04-29T00:00:00Z,42.95,41.95,0,51.6,-8.65,51.6,50.6,NA,Unknown,Water level accuracy is unknown,1,Department of Water Resources,NA,323,Sacramento County,NA,NA,31361,08N05E21H002M,SCGA #11,Unknown,Unknown,5-021.65,South American,Sacramento,72,Unknown,Single Well,4383,1953-03-05 - 2020-04-15,135,spring,NA,NA,40.8,66.5,1998,17.65,12.54,31.4,13.31,Wet,SAC,1998-10-01T00:00:00Z,1999-10-01T00:00:00Z,-121.428,38.5343
385343N1214280W001,1294210,1998-10-14T00:00:00Z,42.95,41.95,0,52.4,-9.45,52.4,51.4,NA,Unknown,Water level accuracy is unknown,1,Department of Water Resources,NA,323,Sacramento County,NA,NA,31361,08N05E21H002M,SCGA #11,Unknown,Unknown,5-021.65,South American,Sacramento,72,Unknown,Single Well,4383,1953-03-05 - 2020-04-15,135,fall,42.9,68.9,NA,NA,1998,17.65,12.54,31.4,13.31,Wet,SAC,1998-10-01T00:00:00Z,1999-10-01T00:00:00Z,-121.428,38.5343
385343N1214280W001,1294304,1998-04-10T00:00:00Z,42.95,41.95,0,52.8,-9.85,52.8,51.8,NA,Unknown,Water level accuracy is unknown,1,Department of Water Resources,NA,323,Sacramento County,NA,NA,31361,08N05E21H002M,SCGA #11,Unknown,Unknown,5-021.65,South American,Sacramento,72,Unknown,Single Well,4383,1953-03-05 - 2020-04-15,135,spring,NA,NA,40.8,66.5,1997,20.22,4.39,25.42,10.82,Wet,SAC,1997-10-01T00:00:00Z,1998-10-01T00:00:00Z,-121.428,38.5343
385343N1214280W001,1294302,1997-10-22T00:00:00Z,42.95,41.95,0,55,-12.05,55,54,NA,Unknown,Water level accuracy is unknown,1,Department of Water Resources,NA,323,Sacramento County,NA,NA,31361,08N05E21H002M,SCGA #11,Unknown,Unknown,5-021.65,South American,Sacramento,72,Unknown,Single Well,4383,1953-03-05 - 2020-04-15,135,fall,42.9,68.9,NA,NA,1997,20.22,4.39,25.42,10.82,Wet,SAC,1997-10-01T00:00:00Z,1998-10-01T00:00:00Z,-121.428,38.5343
385343N1214280W001,1294303,1997-04-01T00:00:00Z,42.95,41.95,0,54.2,-11.25,54.2,53.2,NA,Unknown,Water level accuracy is unknown,1,Department of Water Resources,NA,323,Sacramento County,NA,NA,31361,08N05E21H002M,SCGA #11,Unknown,Unknown,5-021.65,South American,Sacramento,72,Unknown,Single Well,4383,1953-03-05 - 2020-04-15,135,spring,NA,NA,40.8,66.5,1996,13.05,8.37,22.29,10.26,Wet,SAC,1996-10-01T00:00:00Z,1997-10-01T00:00:00Z,-121.428,38.5343
385343N1214280W001,1294298,1996-10-11T00:00:00Z,42.95,41.95,0,56.1,-13.15,56.1,55.1,NA,Unknown,Water level accuracy is unknown,1,Department of Water Resources,NA,323,Sacramento County,NA,NA,31361,08N05E21H002M,SCGA #11,Unknown,Unknown,5-021.65,South American,Sacramento,72,Unknown,Single Well,4383,1953-03-05 - 2020-04-15,135,fall,42.9,68.9,NA,NA,1996,13.05,8.37,22.29,10.26,Wet,SAC,1996-10-01T00:00:00Z,1997-10-01T00:00:00Z,-121.428,38.5343
385343N1214280W001,1294297,1996-04-02T00:00:00Z,42.95,41.95,0,56.4,-13.45,56.4,55.4,NA,Unknown,Water level accuracy is unknown,1,Department of Water Resources,NA,323,Sacramento County,NA,NA,31361,08N05E21H002M,SCGA #11,Unknown,Unknown,5-021.65,South American,Sacramento,72,Unknown,Single Well,4383,1953-03-05 - 2020-04-15,135,spring,NA,NA,40.8,66.5,1995,19.83,13.6,34.55,12.89,Wet,SAC,1995-10-01T00:00:00Z,1996-10-01T00:00:00Z,-121.428,38.5343
385343N1214280W001,1294296,1995-10-05T00:00:00Z,42.95,41.95,0,57.5,-14.55,57.5,56.5,NA,Unknown,Water level accuracy is unknown,1,Department of Water Resources,NA,323,Sacramento County,NA,NA,31361,08N05E21H002M,SCGA #11,Unknown,Unknown,5-021.65,South American,Sacramento,72,Unknown,Single Well,4383,1953-03-05 - 2020-04-15,135,fall,42.9,68.9,NA,NA,1995,19.83,13.6,34.55,12.89,Wet,SAC,1995-10-01T00:00:00Z,1996-10-01T00:00:00Z,-121.428,38.5343
385343N1214280W001,1294295,1995-04-12T00:00:00Z,42.95,41.95,0,57.8,-14.85,57.8,56.8,NA,Unknown,Water level accuracy is unknown,1,Department of Water Resources,NA,323,Sacramento County,NA,NA,31361,08N05E21H002M,SCGA #11,Unknown,Unknown,5-021.65,South American,Sacramento,72,Unknown,Single Well,4383,1953-03-05 - 2020-04-15,135,spring,NA,NA,40.8,66.5,1994,4.55,2.73,7.81,5.02,Critical,SAC,1994-10-01T00:00:00Z,1995-10-01T00:00:00Z,-121.428,38.5343
385343N1214280W001,1294294,1994-10-28T00:00:00Z,42.95,41.95,0,61.4,-18.45,61.4,60.4,NA,Unknown,Water level accuracy is unknown,1,Department of Water Resources,NA,323,Sacramento County,NA,NA,31361,08N05E21H002M,SCGA #11,Unknown,Unknown,5-021.65,South American,Sacramento,72,Unknown,Single Well,4383,1953-03-05 - 2020-04-15,135,fall,42.9,68.9,NA,NA,1994,4.55,2.73,7.81,5.02,Critical,SAC,1994-10-01T00:00:00Z,1995-10-01T00:00:00Z,-121.428,38.5343
385343N1214280W001,1294293,1994-03-31T00:00:00Z,42.95,41.95,0,60.6,-17.65,60.6,59.6,NA,Unknown,Water level accuracy is unknown,1,Department of Water Resources,NA,323,Sacramento County,NA,NA,31361,08N05E21H002M,SCGA #11,Unknown,Unknown,5-021.65,South American,Sacramento,72,Unknown,Single Well,4383,1953-03-05 - 2020-04-15,135,spring,NA,NA,40.8,66.5,1993,12.44,8.98,22.21,8.54,Above Normal,SAC,1993-10-01T00:00:00Z,1994-10-01T00:00:00Z,-121.428,38.5343
385343N1214280W001,1294291,1993-03-11T00:00:00Z,42.95,41.95,0,61.5,-18.55,61.5,60.5,NA,Unknown,Water level accuracy is unknown,1,Department of Water Resources,NA,323,Sacramento County,NA,NA,31361,08N05E21H002M,SCGA #11,Unknown,Unknown,5-021.65,South American,Sacramento,72,Unknown,Single Well,4383,1953-03-05 - 2020-04-15,135,spring,NA,NA,40.8,66.5,1992,5.41,2.93,8.87,4.06,Critical,SAC,1992-10-01T00:00:00Z,1993-10-01T00:00:00Z,-121.428,38.5343
385343N1214280W001,1294290,1992-10-06T00:00:00Z,42.95,41.95,0,63,-20.05,63,62,NA,Unknown,Water level accuracy is unknown,1,Department of Water Resources,NA,323,Sacramento County,NA,NA,31361,08N05E21H002M,SCGA #11,Unknown,Unknown,5-021.65,South American,Sacramento,72,Unknown,Single Well,4383,1953-03-05 - 2020-04-15,135,fall,42.9,68.9,NA,NA,1992,5.41,2.93,8.87,4.06,Critical,SAC,1992-10-01T00:00:00Z,1993-10-01T00:00:00Z,-121.428,38.5343
385343N1214280W001,1294289,1992-04-01T00:00:00Z,42.95,41.95,0,62,-19.05,62,61,NA,Unknown,Water level accuracy is unknown,1,Department of Water Resources,NA,323,Sacramento County,NA,NA,31361,08N05E21H002M,SCGA #11,Unknown,Unknown,5-021.65,South American,Sacramento,72,Unknown,Single Well,4383,1953-03-05 - 2020-04-15,135,spring,NA,NA,40.8,66.5,1991,3.9,4.01,8.44,4.21,Critical,SAC,1991-10-01T00:00:00Z,1992-10-01T00:00:00Z,-121.428,38.5343
385343N1214280W001,1294288,1991-10-09T00:00:00Z,42.95,41.95,0,62.4,-19.45,62.4,61.4,NA,Unknown,Water level accuracy is unknown,1,Department of Water Resources,NA,323,Sacramento County,NA,NA,31361,08N05E21H002M,SCGA #11,Unknown,Unknown,5-021.65,South American,Sacramento,72,Unknown,Single Well,4383,1953-03-05 - 2020-04-15,135,fall,42.9,68.9,NA,NA,1991,3.9,4.01,8.44,4.21,Critical,SAC,1991-10-01T00:00:00Z,1992-10-01T00:00:00Z,-121.428,38.5343
385343N1214280W001,1294287,1991-02-21T00:00:00Z,42.95,41.95,0,62.3,-19.35,62.3,61.3,NA,Unknown,Water level accuracy is unknown,1,Department of Water Resources,NA,323,Sacramento County,NA,NA,31361,08N05E21H002M,SCGA #11,Unknown,Unknown,5-021.65,South American,Sacramento,72,Unknown,Single Well,4383,1953-03-05 - 2020-04-15,135,other,NA,NA,NA,NA,1990,4.94,3.72,9.26,4.81,Critical,SAC,1990-10-01T00:00:00Z,1991-10-01T00:00:00Z,-121.428,38.5343
385343N1214280W001,1294286,1990-10-03T00:00:00Z,42.95,41.95,0,66,-23.05,66,65,NA,Unknown,Water level accuracy is unknown,1,Department of Water Resources,NA,323,Sacramento County,NA,NA,31361,08N05E21H002M,SCGA #11,Unknown,Unknown,5-021.65,South American,Sacramento,72,Unknown,Single Well,4383,1953-03-05 - 2020-04-15,135,fall,42.9,68.9,NA,NA,1990,4.94,3.72,9.26,4.81,Critical,SAC,1990-10-01T00:00:00Z,1991-10-01T00:00:00Z,-121.428,38.5343
385343N1214280W001,1294285,1990-05-03T00:00:00Z,42.95,41.95,0,62,-19.05,62,61,NA,Unknown,Water level accuracy is unknown,1,Department of Water Resources,NA,323,Sacramento County,NA,NA,31361,08N05E21H002M,SCGA #11,Unknown,Unknown,5-021.65,South American,Sacramento,72,Unknown,Single Well,4383,1953-03-05 - 2020-04-15,135,spring,NA,NA,40.8,66.5,1989,9.03,5.07,14.82,6.13,Dry,SAC,1989-10-01T00:00:00Z,1990-10-01T00:00:00Z,-121.428,38.5343
385343N1214280W001,1294284,1988-03-16T00:00:00Z,42.95,41.95,0,58,-15.05,58,57,NA,Unknown,Water level accuracy is unknown,1,Department of Water Resources,NA,323,Sacramento County,NA,NA,31361,08N05E21H002M,SCGA #11,Unknown,Unknown,5-021.65,South American,Sacramento,72,Unknown,Single Well,4383,1953-03-05 - 2020-04-15,135,spring,NA,NA,40.8,66.5,1987,5.85,2.8,9.27,5.86,Dry,SAC,1987-10-01T00:00:00Z,1988-10-01T00:00:00Z,-121.428,38.5343
385343N1214280W001,1294283,1987-10-06T00:00:00Z,42.95,41.95,0,58,-15.05,58,57,NA,Unknown,Water level accuracy is unknown,1,Department of Water Resources,NA,323,Sacramento County,NA,NA,31361,08N05E21H002M,SCGA #11,Unknown,Unknown,5-021.65,South American,Sacramento,72,Unknown,Single Well,4383,1953-03-05 - 2020-04-15,135,fall,42.9,68.9,NA,NA,1987,5.85,2.8,9.27,5.86,Dry,SAC,1987-10-01T00:00:00Z,1988-10-01T00:00:00Z,-121.428,38.5343
385343N1214280W001,1294282,1987-03-16T00:00:00Z,42.95,41.95,0,50.1,-7.15,50.1,49.1,NA,Unknown,Water level accuracy is unknown,1,Department of Water Resources,NA,323,Sacramento County,NA,NA,31361,08N05E21H002M,SCGA #11,Unknown,Unknown,5-021.65,South American,Sacramento,72,Unknown,Single Well,4383,1953-03-05 - 2020-04-15,135,spring,NA,NA,40.8,66.5,1986,19.45,5.45,25.83,9.96,Wet,SAC,1986-10-01T00:00:00Z,1987-10-01T00:00:00Z,-121.428,38.5343
385343N1214280W001,1294281,1986-10-07T00:00:00Z,42.95,41.95,0,57,-14.05,57,56,NA,Unknown,Water level accuracy is unknown,1,Department of Water Resources,NA,323,Sacramento County,NA,NA,31361,08N05E21H002M,SCGA #11,Unknown,Unknown,5-021.65,South American,Sacramento,72,Unknown,Single Well,4383,1953-03-05 - 2020-04-15,135,fall,42.9,68.9,NA,NA,1986,19.45,5.45,25.83,9.96,Wet,SAC,1986-10-01T00:00:00Z,1987-10-01T00:00:00Z,-121.428,38.5343
385343N1214280W001,1294280,1986-03-18T00:00:00Z,42.95,41.95,0,53,-10.05,53,52,NA,Unknown,Water level accuracy is unknown,1,Department of Water Resources,NA,323,Sacramento County,NA,NA,31361,08N05E21H002M,SCGA #11,Unknown,Unknown,5-021.65,South American,Sacramento,72,Unknown,Single Well,4383,1953-03-05 - 2020-04-15,135,spring,NA,NA,40.8,66.5,1985,6.24,4,11.04,6.47,Dry,SAC,1985-10-01T00:00:00Z,1986-10-01T00:00:00Z,-121.428,38.5343
385343N1214280W001,1294279,1985-10-16T00:00:00Z,42.95,41.95,0,57,-14.05,57,56,NA,Unknown,Water level accuracy is unknown,1,Department of Water Resources,NA,323,Sacramento County,NA,NA,31361,08N05E21H002M,SCGA #11,Unknown,Unknown,5-021.65,South American,Sacramento,72,Unknown,Single Well,4383,1953-03-05 - 2020-04-15,135,fall,42.9,68.9,NA,NA,1985,6.24,4,11.04,6.47,Dry,SAC,1985-10-01T00:00:00Z,1986-10-01T00:00:00Z,-121.428,38.5343
385343N1214280W001,1294278,1985-03-20T00:00:00Z,42.95,41.95,0,56.6,-13.65,56.6,55.6,NA,Unknown,Water level accuracy is unknown,1,Department of Water Resources,NA,323,Sacramento County,NA,NA,31361,08N05E21H002M,SCGA #11,Unknown,Unknown,5-021.65,South American,Sacramento,72,Unknown,Single Well,4383,1953-03-05 - 2020-04-15,135,spring,NA,NA,40.8,66.5,1984,15.98,5.52,22.35,10,Wet,SAC,1984-10-01T00:00:00Z,1985-10-01T00:00:00Z,-121.428,38.5343
385343N1214280W001,1294277,1984-10-15T00:00:00Z,42.95,41.95,0,53.3,-10.35,53.3,52.3,NA,Unknown,Water level accuracy is unknown,1,Department of Water Resources,NA,323,Sacramento County,NA,NA,31361,08N05E21H002M,SCGA #11,Unknown,Unknown,5-021.65,South American,Sacramento,72,Unknown,Single Well,4383,1953-03-05 - 2020-04-15,135,fall,42.9,68.9,NA,NA,1984,15.98,5.52,22.35,10,Wet,SAC,1984-10-01T00:00:00Z,1985-10-01T00:00:00Z,-121.428,38.5343
385343N1214280W001,1294276,1984-03-07T00:00:00Z,42.95,41.95,0,52.5,-9.55,52.5,51.5,NA,Unknown,Water level accuracy is unknown,1,Department of Water Resources,NA,323,Sacramento County,NA,NA,31361,08N05E21H002M,SCGA #11,Unknown,Unknown,5-021.65,South American,Sacramento,72,Unknown,Single Well,4383,1953-03-05 - 2020-04-15,135,spring,NA,NA,40.8,66.5,1983,22.75,13.66,37.68,15.29,Wet,SAC,1983-10-01T00:00:00Z,1984-10-01T00:00:00Z,-121.428,38.5343
385343N1214280W001,1294275,1983-10-05T00:00:00Z,42.95,41.95,0,62.9,-19.95,62.9,61.9,NA,Unknown,Water level accuracy is unknown,1,Department of Water Resources,NA,323,Sacramento County,NA,NA,31361,08N05E21H002M,SCGA #11,Unknown,Unknown,5-021.65,South American,Sacramento,72,Unknown,Single Well,4383,1953-03-05 - 2020-04-15,135,fall,42.9,68.9,NA,NA,1983,22.75,13.66,37.68,15.29,Wet,SAC,1983-10-01T00:00:00Z,1984-10-01T00:00:00Z,-121.428,38.5343
385343N1214280W001,1294274,1983-03-17T00:00:00Z,42.95,41.95,0,54.5,-11.55,54.5,53.5,NA,Unknown,Water level accuracy is unknown,1,Department of Water Resources,NA,323,Sacramento County,NA,NA,31361,08N05E21H002M,SCGA #11,Unknown,Unknown,5-021.65,South American,Sacramento,72,Unknown,Single Well,4383,1953-03-05 - 2020-04-15,135,spring,NA,NA,40.8,66.5,1982,20.56,11.82,33.41,12.76,Wet,SAC,1982-10-01T00:00:00Z,1983-10-01T00:00:00Z,-121.428,38.5343
385343N1214280W001,1294273,1982-10-28T00:00:00Z,42.95,41.95,0,59.8,-16.85,59.8,58.8,NA,Unknown,Water level accuracy is unknown,1,Department of Water Resources,NA,323,Sacramento County,NA,NA,31361,08N05E21H002M,SCGA #11,Unknown,Unknown,5-021.65,South American,Sacramento,72,Unknown,Single Well,4383,1953-03-05 - 2020-04-15,135,fall,42.9,68.9,NA,NA,1982,20.56,11.82,33.41,12.76,Wet,SAC,1982-10-01T00:00:00Z,1983-10-01T00:00:00Z,-121.428,38.5343
385343N1214280W001,1294272,1981-10-15T00:00:00Z,42.95,41.95,0,59,-16.05,59,58,NA,Unknown,Water level accuracy is unknown,1,Department of Water Resources,NA,323,Sacramento County,NA,NA,31361,08N05E21H002M,SCGA #11,Unknown,Unknown,5-021.65,South American,Sacramento,72,Unknown,Single Well,4383,1953-03-05 - 2020-04-15,135,fall,42.9,68.9,NA,NA,1981,6.81,3.63,11.1,6.21,Dry,SAC,1981-10-01T00:00:00Z,1982-10-01T00:00:00Z,-121.428,38.5343
385343N1214280W001,1294271,1981-03-10T00:00:00Z,42.95,41.95,0,59.5,-16.55,59.5,58.5,NA,Unknown,Water level accuracy is unknown,1,Department of Water Resources,NA,323,Sacramento County,NA,NA,31361,08N05E21H002M,SCGA #11,Unknown,Unknown,5-021.65,South American,Sacramento,72,Unknown,Single Well,4383,1953-03-05 - 2020-04-15,135,spring,NA,NA,40.8,66.5,1980,15.49,6,22.33,9.04,Above Normal,SAC,1980-10-01T00:00:00Z,1981-10-01T00:00:00Z,-121.428,38.5343
385343N1214280W001,1294270,1980-10-01T00:00:00Z,42.95,41.95,0,60,-17.05,60,59,NA,Unknown,Water level accuracy is unknown,1,Department of Water Resources,NA,323,Sacramento County,NA,NA,31361,08N05E21H002M,SCGA #11,Unknown,Unknown,5-021.65,South American,Sacramento,72,Unknown,Single Well,4383,1953-03-05 - 2020-04-15,135,fall,42.9,68.9,NA,NA,1980,15.49,6,22.33,9.04,Above Normal,SAC,1980-10-01T00:00:00Z,1981-10-01T00:00:00Z,-121.428,38.5343
385343N1214280W001,1294269,1980-03-11T00:00:00Z,42.95,41.95,0,57,-14.05,57,56,NA,Unknown,Water level accuracy is unknown,1,Department of Water Resources,NA,323,Sacramento County,NA,NA,31361,08N05E21H002M,SCGA #11,Unknown,Unknown,5-021.65,South American,Sacramento,72,Unknown,Single Well,4383,1953-03-05 - 2020-04-15,135,spring,NA,NA,40.8,66.5,1979,6.06,5.64,12.41,6.67,Below Normal,SAC,1979-10-01T00:00:00Z,1980-10-01T00:00:00Z,-121.428,38.5343
385343N1214280W001,1294268,1979-10-01T00:00:00Z,42.95,41.95,0,59.6,-16.65,59.6,58.6,NA,Unknown,Water level accuracy is unknown,1,Department of Water Resources,NA,323,Sacramento County,NA,NA,31361,08N05E21H002M,SCGA #11,Unknown,Unknown,5-021.65,South American,Sacramento,72,Unknown,Single Well,4383,1953-03-05 - 2020-04-15,135,fall,42.9,68.9,NA,NA,1979,6.06,5.64,12.41,6.67,Below Normal,SAC,1979-10-01T00:00:00Z,1980-10-01T00:00:00Z,-121.428,38.5343
385343N1214280W001,1294267,1979-03-13T00:00:00Z,42.95,41.95,0,58.6,-15.65,58.6,57.6,NA,Unknown,Water level accuracy is unknown,1,Department of Water Resources,NA,323,Sacramento County,NA,NA,31361,08N05E21H002M,SCGA #11,Unknown,Unknown,5-021.65,South American,Sacramento,72,Unknown,Single Well,4383,1953-03-05 - 2020-04-15,135,spring,NA,NA,40.8,66.5,1978,14.9,8.12,23.92,8.65,Above Normal,SAC,1978-10-01T00:00:00Z,1979-10-01T00:00:00Z,-121.428,38.5343
385343N1214280W001,1294266,1978-10-18T00:00:00Z,42.95,41.95,0,60,-17.05,60,59,NA,Unknown,Water level accuracy is unknown,1,Department of Water Resources,NA,323,Sacramento County,NA,NA,31361,08N05E21H002M,SCGA #11,Unknown,Unknown,5-021.65,South American,Sacramento,72,Unknown,Single Well,4383,1953-03-05 - 2020-04-15,135,fall,42.9,68.9,NA,NA,1978,14.9,8.12,23.92,8.65,Above Normal,SAC,1978-10-01T00:00:00Z,1979-10-01T00:00:00Z,-121.428,38.5343
385343N1214280W001,1294265,1978-03-14T00:00:00Z,42.95,41.95,0,59,-16.05,59,58,NA,Unknown,Water level accuracy is unknown,1,Department of Water Resources,NA,323,Sacramento County,NA,NA,31361,08N05E21H002M,SCGA #11,Unknown,Unknown,5-021.65,South American,Sacramento,72,Unknown,Single Well,4383,1953-03-05 - 2020-04-15,135,spring,NA,NA,40.8,66.5,1977,2.49,1.93,5.12,3.11,Critical,SAC,1977-10-01T00:00:00Z,1978-10-01T00:00:00Z,-121.428,38.5343
385343N1214280W001,1294264,1977-10-05T00:00:00Z,42.95,41.95,0,60,-17.05,60,59,NA,Unknown,Water level accuracy is unknown,1,Department of Water Resources,NA,323,Sacramento County,NA,NA,31361,08N05E21H002M,SCGA #11,Unknown,Unknown,5-021.65,South American,Sacramento,72,Unknown,Single Well,4383,1953-03-05 - 2020-04-15,135,fall,42.9,68.9,NA,NA,1977,2.49,1.93,5.12,3.11,Critical,SAC,1977-10-01T00:00:00Z,1978-10-01T00:00:00Z,-121.428,38.5343
385343N1214280W001,1294263,1977-03-08T00:00:00Z,42.95,41.95,0,57.3,-14.35,57.3,56.3,NA,Unknown,Water level accuracy is unknown,1,Department of Water Resources,NA,323,Sacramento County,NA,NA,31361,08N05E21H002M,SCGA #11,Unknown,Unknown,5-021.65,South American,Sacramento,72,Unknown,Single Well,4383,1953-03-05 - 2020-04-15,135,spring,NA,NA,40.8,66.5,1976,4.63,2.75,8.2,5.29,Critical,SAC,1976-10-01T00:00:00Z,1977-10-01T00:00:00Z,-121.428,38.5343
385343N1214280W001,1294262,1976-10-07T00:00:00Z,42.95,41.95,0,59.5,-16.55,59.5,58.5,NA,Unknown,Water level accuracy is unknown,1,Department of Water Resources,NA,323,Sacramento County,NA,NA,31361,08N05E21H002M,SCGA #11,Unknown,Unknown,5-021.65,South American,Sacramento,72,Unknown,Single Well,4383,1953-03-05 - 2020-04-15,135,fall,42.9,68.9,NA,NA,1976,4.63,2.75,8.2,5.29,Critical,SAC,1976-10-01T00:00:00Z,1977-10-01T00:00:00Z,-121.428,38.5343
385343N1214280W001,1294261,1976-03-03T00:00:00Z,42.95,41.95,0,56.7,-13.75,56.7,55.7,NA,Unknown,Water level accuracy is unknown,1,Department of Water Resources,NA,323,Sacramento County,NA,NA,31361,08N05E21H002M,SCGA #11,Unknown,Unknown,5-021.65,South American,Sacramento,72,Unknown,Single Well,4383,1953-03-05 - 2020-04-15,135,spring,NA,NA,40.8,66.5,1975,9.24,8.95,19.23,9.35,Wet,SAC,1975-10-01T00:00:00Z,1976-10-01T00:00:00Z,-121.428,38.5343
385343N1214280W001,1294260,1975-10-07T00:00:00Z,42.95,41.95,0,56,-13.05,56,55,NA,Unknown,Water level accuracy is unknown,1,Department of Water Resources,NA,323,Sacramento County,NA,NA,31361,08N05E21H002M,SCGA #11,Unknown,Unknown,5-021.65,South American,Sacramento,72,Unknown,Single Well,4383,1953-03-05 - 2020-04-15,135,fall,42.9,68.9,NA,NA,1975,9.24,8.95,19.23,9.35,Wet,SAC,1975-10-01T00:00:00Z,1976-10-01T00:00:00Z,-121.428,38.5343
385343N1214280W001,1294259,1975-03-06T00:00:00Z,42.95,41.95,0,55,-12.05,55,54,NA,Unknown,Water level accuracy is unknown,1,Department of Water Resources,NA,323,Sacramento County,NA,NA,31361,08N05E21H002M,SCGA #11,Unknown,Unknown,5-021.65,South American,Sacramento,72,Unknown,Single Well,4383,1953-03-05 - 2020-04-15,135,spring,NA,NA,40.8,66.5,1974,21.69,9.78,32.5,12.99,Wet,SAC,1974-10-01T00:00:00Z,1975-10-01T00:00:00Z,-121.428,38.5343
385343N1214280W001,1294258,1974-10-04T00:00:00Z,42.95,41.95,0,55.7,-12.75,55.7,54.7,NA,Unknown,Water level accuracy is unknown,1,Department of Water Resources,NA,323,Sacramento County,NA,NA,31361,08N05E21H002M,SCGA #11,Unknown,Unknown,5-021.65,South American,Sacramento,72,Unknown,Single Well,4383,1953-03-05 - 2020-04-15,135,fall,42.9,68.9,NA,NA,1974,21.69,9.78,32.5,12.99,Wet,SAC,1974-10-01T00:00:00Z,1975-10-01T00:00:00Z,-121.428,38.5343
385343N1214280W001,1294257,1974-03-05T00:00:00Z,42.95,41.95,0,57.3,-14.35,57.3,56.3,NA,Unknown,Water level accuracy is unknown,1,Department of Water Resources,NA,323,Sacramento County,NA,NA,31361,08N05E21H002M,SCGA #11,Unknown,Unknown,5-021.65,South American,Sacramento,72,Unknown,Single Well,4383,1953-03-05 - 2020-04-15,135,spring,NA,NA,40.8,66.5,1973,12.8,6.38,20.05,8.58,Above Normal,SAC,1973-10-01T00:00:00Z,1974-10-01T00:00:00Z,-121.428,38.5343
385343N1214280W001,1294256,1973-10-03T00:00:00Z,42.95,41.95,0,57,-14.05,57,56,NA,Unknown,Water level accuracy is unknown,1,Department of Water Resources,NA,323,Sacramento County,NA,NA,31361,08N05E21H002M,SCGA #11,Unknown,Unknown,5-021.65,South American,Sacramento,72,Unknown,Single Well,4383,1953-03-05 - 2020-04-15,135,fall,42.9,68.9,NA,NA,1973,12.8,6.38,20.05,8.58,Above Normal,SAC,1973-10-01T00:00:00Z,1974-10-01T00:00:00Z,-121.428,38.5343
385343N1214280W001,1294255,1973-03-08T00:00:00Z,42.95,41.95,0,57.4,-14.45,57.4,56.4,NA,Unknown,Water level accuracy is unknown,1,Department of Water Resources,NA,323,Sacramento County,NA,NA,31361,08N05E21H002M,SCGA #11,Unknown,Unknown,5-021.65,South American,Sacramento,72,Unknown,Single Well,4383,1953-03-05 - 2020-04-15,135,spring,NA,NA,40.8,66.5,1972,7.61,5.02,13.43,7.29,Below Normal,SAC,1972-10-01T00:00:00Z,1973-10-01T00:00:00Z,-121.428,38.5343
385343N1214280W001,1294254,1972-10-11T00:00:00Z,42.95,41.95,0,58,-15.05,58,57,NA,Unknown,Water level accuracy is unknown,1,Department of Water Resources,NA,323,Sacramento County,NA,NA,31361,08N05E21H002M,SCGA #11,Unknown,Unknown,5-021.65,South American,Sacramento,72,Unknown,Single Well,4383,1953-03-05 - 2020-04-15,135,fall,42.9,68.9,NA,NA,1972,7.61,5.02,13.43,7.29,Below Normal,SAC,1972-10-01T00:00:00Z,1973-10-01T00:00:00Z,-121.428,38.5343
385343N1214280W001,1294253,1972-03-07T00:00:00Z,42.95,41.95,0,57.3,-14.35,57.3,56.3,NA,Unknown,Water level accuracy is unknown,1,Department of Water Resources,NA,323,Sacramento County,NA,NA,31361,08N05E21H002M,SCGA #11,Unknown,Unknown,5-021.65,South American,Sacramento,72,Unknown,Single Well,4383,1953-03-05 - 2020-04-15,135,spring,NA,NA,40.8,66.5,1971,12.71,8.9,22.57,10.37,Wet,SAC,1971-10-01T00:00:00Z,1972-10-01T00:00:00Z,-121.428,38.5343
385343N1214280W001,1294252,1971-10-05T00:00:00Z,42.95,41.95,0,57.2,-14.25,57.2,56.2,NA,Unknown,Water level accuracy is unknown,1,Department of Water Resources,NA,323,Sacramento County,NA,NA,31361,08N05E21H002M,SCGA #11,Unknown,Unknown,5-021.65,South American,Sacramento,72,Unknown,Single Well,4383,1953-03-05 - 2020-04-15,135,fall,42.9,68.9,NA,NA,1971,12.71,8.9,22.57,10.37,Wet,SAC,1971-10-01T00:00:00Z,1972-10-01T00:00:00Z,-121.428,38.5343
385343N1214280W001,1294251,1971-03-18T00:00:00Z,42.95,41.95,0,56,-13.05,56,55,NA,Unknown,Water level accuracy is unknown,1,Department of Water Resources,NA,323,Sacramento County,NA,NA,31361,08N05E21H002M,SCGA #11,Unknown,Unknown,5-021.65,South American,Sacramento,72,Unknown,Single Well,4383,1953-03-05 - 2020-04-15,135,spring,NA,NA,40.8,66.5,1970,18.87,4.35,24.06,10.4,Wet,SAC,1970-10-01T00:00:00Z,1971-10-01T00:00:00Z,-121.428,38.5343
385343N1214280W001,1294250,1970-10-08T00:00:00Z,42.95,41.95,0,56,-13.05,56,55,NA,Unknown,Water level accuracy is unknown,1,Department of Water Resources,NA,323,Sacramento County,NA,NA,31361,08N05E21H002M,SCGA #11,Unknown,Unknown,5-021.65,South American,Sacramento,72,Unknown,Single Well,4383,1953-03-05 - 2020-04-15,135,fall,42.9,68.9,NA,NA,1970,18.87,4.35,24.06,10.4,Wet,SAC,1970-10-01T00:00:00Z,1971-10-01T00:00:00Z,-121.428,38.5343
385343N1214280W001,1294249,1970-04-07T00:00:00Z,42.95,41.95,0,55.1,-12.15,55.1,54.1,NA,Unknown,Water level accuracy is unknown,1,Department of Water Resources,NA,323,Sacramento County,NA,NA,31361,08N05E21H002M,SCGA #11,Unknown,Unknown,5-021.65,South American,Sacramento,72,Unknown,Single Well,4383,1953-03-05 - 2020-04-15,135,spring,NA,NA,40.8,66.5,1969,15.33,10.68,26.98,11.05,Wet,SAC,1969-10-01T00:00:00Z,1970-10-01T00:00:00Z,-121.428,38.5343
385343N1214280W001,1294248,1969-03-26T00:00:00Z,42.95,41.95,0,55.8,-12.85,55.8,54.8,NA,Unknown,Water level accuracy is unknown,1,Department of Water Resources,NA,323,Sacramento County,NA,NA,31361,08N05E21H002M,SCGA #11,Unknown,Unknown,5-021.65,South American,Sacramento,72,Unknown,Single Well,4383,1953-03-05 - 2020-04-15,135,spring,NA,NA,40.8,66.5,1968,8.66,4.12,13.64,7.24,Below Normal,SAC,1968-10-01T00:00:00Z,1969-10-01T00:00:00Z,-121.428,38.5343
385343N1214280W001,1294247,1968-10-10T00:00:00Z,42.95,41.95,0,57.5,-14.55,57.5,56.5,NA,Unknown,Water level accuracy is unknown,1,Department of Water Resources,NA,323,Sacramento County,NA,NA,31361,08N05E21H002M,SCGA #11,Unknown,Unknown,5-021.65,South American,Sacramento,72,Unknown,Single Well,4383,1953-03-05 - 2020-04-15,135,fall,42.9,68.9,NA,NA,1968,8.66,4.12,13.64,7.24,Below Normal,SAC,1968-10-01T00:00:00Z,1969-10-01T00:00:00Z,-121.428,38.5343
385343N1214280W001,1294246,1968-03-05T00:00:00Z,42.95,41.95,0,57,-14.05,57,56,NA,Unknown,Water level accuracy is unknown,1,Department of Water Resources,NA,323,Sacramento County,NA,NA,31361,08N05E21H002M,SCGA #11,Unknown,Unknown,5-021.65,South American,Sacramento,72,Unknown,Single Well,4383,1953-03-05 - 2020-04-15,135,spring,NA,NA,40.8,66.5,1967,12.14,11.01,24.06,10.2,Wet,SAC,1967-10-01T00:00:00Z,1968-10-01T00:00:00Z,-121.428,38.5343
385343N1214280W001,1294245,1967-10-10T00:00:00Z,42.95,41.95,0,59,-16.05,59,58,NA,Unknown,Water level accuracy is unknown,1,Department of Water Resources,NA,323,Sacramento County,NA,NA,31361,08N05E21H002M,SCGA #11,Unknown,Unknown,5-021.65,South American,Sacramento,72,Unknown,Single Well,4383,1953-03-05 - 2020-04-15,135,fall,42.9,68.9,NA,NA,1967,12.14,11.01,24.06,10.2,Wet,SAC,1967-10-01T00:00:00Z,1968-10-01T00:00:00Z,-121.428,38.5343
385343N1214280W001,1294244,1967-03-06T00:00:00Z,42.95,41.95,0,57.6,-14.65,57.6,56.6,NA,Unknown,Water level accuracy is unknown,1,Department of Water Resources,NA,323,Sacramento County,NA,NA,31361,08N05E21H002M,SCGA #11,Unknown,Unknown,5-021.65,South American,Sacramento,72,Unknown,Single Well,4383,1953-03-05 - 2020-04-15,135,spring,NA,NA,40.8,66.5,1966,7.42,4.84,12.95,7.16,Below Normal,SAC,1966-10-01T00:00:00Z,1967-10-01T00:00:00Z,-121.428,38.5343
385343N1214280W001,1294243,1966-10-05T00:00:00Z,42.95,41.95,0,59,-16.05,59,58,NA,Unknown,Water level accuracy is unknown,1,Department of Water Resources,NA,323,Sacramento County,NA,NA,31361,08N05E21H002M,SCGA #11,Unknown,Unknown,5-021.65,South American,Sacramento,72,Unknown,Single Well,4383,1953-03-05 - 2020-04-15,135,fall,42.9,68.9,NA,NA,1966,7.42,4.84,12.95,7.16,Below Normal,SAC,1966-10-01T00:00:00Z,1967-10-01T00:00:00Z,-121.428,38.5343
385343N1214280W001,1294242,1966-03-09T00:00:00Z,42.95,41.95,0,58.2,-15.25,58.2,57.2,NA,Unknown,Water level accuracy is unknown,1,Department of Water Resources,NA,323,Sacramento County,NA,NA,31361,08N05E21H002M,SCGA #11,Unknown,Unknown,5-021.65,South American,Sacramento,72,Unknown,Single Well,4383,1953-03-05 - 2020-04-15,135,spring,NA,NA,40.8,66.5,1965,16.59,8.13,25.64,10.15,Wet,SAC,1965-10-01T00:00:00Z,1966-10-01T00:00:00Z,-121.428,38.5343
385343N1214280W001,1294241,1965-10-05T00:00:00Z,42.95,41.95,0,59.4,-16.45,59.4,58.4,NA,Unknown,Water level accuracy is unknown,1,Department of Water Resources,NA,323,Sacramento County,NA,NA,31361,08N05E21H002M,SCGA #11,Unknown,Unknown,5-021.65,South American,Sacramento,72,Unknown,Single Well,4383,1953-03-05 - 2020-04-15,135,fall,42.9,68.9,NA,NA,1965,16.59,8.13,25.64,10.15,Wet,SAC,1965-10-01T00:00:00Z,1966-10-01T00:00:00Z,-121.428,38.5343
385343N1214280W001,1294240,1965-03-16T00:00:00Z,42.95,41.95,0,59.9,-16.95,59.9,58.9,NA,Unknown,Water level accuracy is unknown,1,Department of Water Resources,NA,323,Sacramento County,NA,NA,31361,08N05E21H002M,SCGA #11,Unknown,Unknown,5-021.65,South American,Sacramento,72,Unknown,Single Well,4383,1953-03-05 - 2020-04-15,135,spring,NA,NA,40.8,66.5,1964,5.9,4.37,10.92,6.41,Dry,SAC,1964-10-01T00:00:00Z,1965-10-01T00:00:00Z,-121.428,38.5343
385343N1214280W001,1294239,1964-10-06T00:00:00Z,42.95,41.95,0,64.3,-21.35,64.3,63.3,NA,Unknown,Water level accuracy is unknown,1,Department of Water Resources,NA,323,Sacramento County,NA,NA,31361,08N05E21H002M,SCGA #11,Unknown,Unknown,5-021.65,South American,Sacramento,72,Unknown,Single Well,4383,1953-03-05 - 2020-04-15,135,fall,42.9,68.9,NA,NA,1964,5.9,4.37,10.92,6.41,Dry,SAC,1964-10-01T00:00:00Z,1965-10-01T00:00:00Z,-121.428,38.5343
385343N1214280W001,1294238,1964-04-01T00:00:00Z,42.95,41.95,0,67.5,-24.55,67.5,66.5,NA,Unknown,Water level accuracy is unknown,1,Department of Water Resources,NA,323,Sacramento County,NA,NA,31361,08N05E21H002M,SCGA #11,Unknown,Unknown,5-021.65,South American,Sacramento,72,Unknown,Single Well,4383,1953-03-05 - 2020-04-15,135,spring,NA,NA,40.8,66.5,1963,12.01,10.09,22.99,9.63,Wet,SAC,1963-10-01T00:00:00Z,1964-10-01T00:00:00Z,-121.428,38.5343
385343N1214280W001,1294237,1963-10-15T00:00:00Z,42.95,41.95,0,67.2,-24.25,67.2,66.2,NA,Unknown,Water level accuracy is unknown,1,Department of Water Resources,NA,323,Sacramento County,NA,NA,31361,08N05E21H002M,SCGA #11,Unknown,Unknown,5-021.65,South American,Sacramento,72,Unknown,Single Well,4383,1953-03-05 - 2020-04-15,135,fall,42.9,68.9,NA,NA,1963,12.01,10.09,22.99,9.63,Wet,SAC,1963-10-01T00:00:00Z,1964-10-01T00:00:00Z,-121.428,38.5343
385343N1214280W001,1294236,1963-03-19T00:00:00Z,42.95,41.95,0,65.1,-22.15,65.1,64.1,NA,Unknown,Water level accuracy is unknown,1,Department of Water Resources,NA,323,Sacramento County,NA,NA,31361,08N05E21H002M,SCGA #11,Unknown,Unknown,5-021.65,South American,Sacramento,72,Unknown,Single Well,4383,1953-03-05 - 2020-04-15,135,spring,NA,NA,40.8,66.5,1962,8.17,6.23,15.11,6.65,Below Normal,SAC,1962-10-01T00:00:00Z,1963-10-01T00:00:00Z,-121.428,38.5343
385343N1214280W001,1294235,1962-10-09T00:00:00Z,42.95,41.95,0,69.2,-26.25,69.2,68.2,NA,Unknown,Water level accuracy is unknown,1,Department of Water Resources,NA,323,Sacramento County,NA,NA,31361,08N05E21H002M,SCGA #11,Unknown,Unknown,5-021.65,South American,Sacramento,72,Unknown,Single Well,4383,1953-03-05 - 2020-04-15,135,fall,42.9,68.9,NA,NA,1962,8.17,6.23,15.11,6.65,Below Normal,SAC,1962-10-01T00:00:00Z,1963-10-01T00:00:00Z,-121.428,38.5343
385343N1214280W001,1294234,1962-03-06T00:00:00Z,42.95,41.95,0,63.9,-20.95,63.9,62.9,NA,Unknown,Water level accuracy is unknown,1,Department of Water Resources,NA,323,Sacramento County,NA,NA,31361,08N05E21H002M,SCGA #11,Unknown,Unknown,5-021.65,South American,Sacramento,72,Unknown,Single Well,4383,1953-03-05 - 2020-04-15,135,spring,NA,NA,40.8,66.5,1961,6.87,4.39,11.97,5.68,Dry,SAC,1961-10-01T00:00:00Z,1962-10-01T00:00:00Z,-121.428,38.5343
385343N1214280W001,1294233,1961-10-04T00:00:00Z,42.95,41.95,0,68,-25.05,68,67,NA,Unknown,Water level accuracy is unknown,1,Department of Water Resources,NA,323,Sacramento County,NA,NA,31361,08N05E21H002M,SCGA #11,Unknown,Unknown,5-021.65,South American,Sacramento,72,Unknown,Single Well,4383,1953-03-05 - 2020-04-15,135,fall,42.9,68.9,NA,NA,1961,6.87,4.39,11.97,5.68,Dry,SAC,1961-10-01T00:00:00Z,1962-10-01T00:00:00Z,-121.428,38.5343
385343N1214280W001,1294231,1960-10-05T00:00:00Z,42.95,41.95,0,69.9,-26.95,69.9,68.9,NA,Unknown,Water level accuracy is unknown,1,Department of Water Resources,NA,323,Sacramento County,NA,NA,31361,08N05E21H002M,SCGA #11,Unknown,Unknown,5-021.65,South American,Sacramento,72,Unknown,Single Well,4383,1953-03-05 - 2020-04-15,135,fall,42.9,68.9,NA,NA,1960,7.72,4.65,13.06,6.2,Dry,SAC,1960-10-01T00:00:00Z,1961-10-01T00:00:00Z,-121.428,38.5343
385343N1214280W001,1294230,1960-03-03T00:00:00Z,42.95,41.95,0,54.7,-11.75,54.7,53.7,NA,Unknown,Water level accuracy is unknown,1,Department of Water Resources,NA,323,Sacramento County,NA,NA,31361,08N05E21H002M,SCGA #11,Unknown,Unknown,5-021.65,South American,Sacramento,72,Unknown,Single Well,4383,1953-03-05 - 2020-04-15,135,spring,NA,NA,40.8,66.5,1959,7.4,3.84,12.05,6.75,Below Normal,SAC,1959-10-01T00:00:00Z,1960-10-01T00:00:00Z,-121.428,38.5343
385343N1214280W001,1294229,1959-10-01T00:00:00Z,42.95,41.95,0,68.7,-25.75,68.7,67.7,NA,Unknown,Water level accuracy is unknown,1,Department of Water Resources,NA,323,Sacramento County,NA,NA,31361,08N05E21H002M,SCGA #11,Unknown,Unknown,5-021.65,South American,Sacramento,72,Unknown,Single Well,4383,1953-03-05 - 2020-04-15,135,fall,42.9,68.9,NA,NA,1959,7.4,3.84,12.05,6.75,Below Normal,SAC,1959-10-01T00:00:00Z,1960-10-01T00:00:00Z,-121.428,38.5343
385343N1214280W001,1294228,1959-03-10T00:00:00Z,42.95,41.95,0,56.5,-13.55,56.5,55.5,NA,Unknown,Water level accuracy is unknown,1,Department of Water Resources,NA,323,Sacramento County,NA,NA,31361,08N05E21H002M,SCGA #11,Unknown,Unknown,5-021.65,South American,Sacramento,72,Unknown,Single Well,4383,1953-03-05 - 2020-04-15,135,spring,NA,NA,40.8,66.5,1958,16.37,12.24,29.71,12.16,Wet,SAC,1958-10-01T00:00:00Z,1959-10-01T00:00:00Z,-121.428,38.5343
385343N1214280W001,1294227,1958-10-10T00:00:00Z,42.95,41.95,0,69.3,-26.35,69.3,68.3,NA,Unknown,Water level accuracy is unknown,1,Department of Water Resources,NA,323,Sacramento County,NA,NA,31361,08N05E21H002M,SCGA #11,Unknown,Unknown,5-021.65,South American,Sacramento,72,Unknown,Single Well,4383,1953-03-05 - 2020-04-15,135,fall,42.9,68.9,NA,NA,1958,16.37,12.24,29.71,12.16,Wet,SAC,1958-10-01T00:00:00Z,1959-10-01T00:00:00Z,-121.428,38.5343
385343N1214280W001,1294226,1958-03-24T00:00:00Z,42.95,41.95,0,54.4,-11.45,54.4,53.4,NA,Unknown,Water level accuracy is unknown,1,Department of Water Resources,NA,323,Sacramento County,NA,NA,31361,08N05E21H002M,SCGA #11,Unknown,Unknown,5-021.65,South American,Sacramento,72,Unknown,Single Well,4383,1953-03-05 - 2020-04-15,135,spring,NA,NA,40.8,66.5,1957,7.72,6.29,14.89,7.83,Above Normal,SAC,1957-10-01T00:00:00Z,1958-10-01T00:00:00Z,-121.428,38.5343
385343N1214280W001,1294225,1957-10-09T00:00:00Z,42.95,41.95,0,56.7,-13.75,56.7,55.7,NA,Unknown,Water level accuracy is unknown,1,Department of Water Resources,NA,323,Sacramento County,NA,NA,31361,08N05E21H002M,SCGA #11,Unknown,Unknown,5-021.65,South American,Sacramento,72,Unknown,Single Well,4383,1953-03-05 - 2020-04-15,135,fall,42.9,68.9,NA,NA,1957,7.72,6.29,14.89,7.83,Above Normal,SAC,1957-10-01T00:00:00Z,1958-10-01T00:00:00Z,-121.428,38.5343
385343N1214280W001,1294224,1957-08-21T00:00:00Z,42.95,41.95,0,64.6,-21.65,64.6,63.6,NA,Unknown,Water level accuracy is unknown,1,Department of Water Resources,NA,323,Sacramento County,NA,NA,31361,08N05E21H002M,SCGA #11,Unknown,Unknown,5-021.65,South American,Sacramento,72,Unknown,Single Well,4383,1953-03-05 - 2020-04-15,135,fall,42.9,68.9,NA,NA,1956,20.32,8.6,29.89,11.38,Wet,SAC,1956-10-01T00:00:00Z,1957-10-01T00:00:00Z,-121.428,38.5343
385343N1214280W001,1294223,1957-03-16T00:00:00Z,42.95,41.95,0,52.8,-9.85,52.8,51.8,NA,Unknown,Water level accuracy is unknown,1,Department of Water Resources,NA,323,Sacramento County,NA,NA,31361,08N05E21H002M,SCGA #11,Unknown,Unknown,5-021.65,South American,Sacramento,72,Unknown,Single Well,4383,1953-03-05 - 2020-04-15,135,spring,NA,NA,40.8,66.5,1956,20.32,8.6,29.89,11.38,Wet,SAC,1956-10-01T00:00:00Z,1957-10-01T00:00:00Z,-121.428,38.5343
385343N1214280W001,1294222,1956-11-05T00:00:00Z,42.95,41.95,0,53.6,-10.65,53.6,52.6,NA,Unknown,Water level accuracy is unknown,1,Department of Water Resources,NA,323,Sacramento County,NA,NA,31361,08N05E21H002M,SCGA #11,Unknown,Unknown,5-021.65,South American,Sacramento,72,Unknown,Single Well,4383,1953-03-05 - 2020-04-15,135,fall,42.9,68.9,NA,NA,1956,20.32,8.6,29.89,11.38,Wet,SAC,1956-10-01T00:00:00Z,1957-10-01T00:00:00Z,-121.428,38.5343
385343N1214280W001,1294221,1956-03-26T00:00:00Z,42.95,41.95,0,52.2,-9.25,52.2,51.2,NA,Unknown,Water level accuracy is unknown,1,Department of Water Resources,NA,323,Sacramento County,NA,NA,31361,08N05E21H002M,SCGA #11,Unknown,Unknown,5-021.65,South American,Sacramento,72,Unknown,Single Well,4383,1953-03-05 - 2020-04-15,135,spring,NA,NA,40.8,66.5,1955,5.19,5.07,10.98,6.14,Dry,SAC,1955-10-01T00:00:00Z,1956-10-01T00:00:00Z,-121.428,38.5343
385343N1214280W001,1294220,1955-10-17T00:00:00Z,42.95,41.95,0,53.3,-10.35,53.3,52.3,NA,Unknown,Water level accuracy is unknown,1,Department of Water Resources,NA,323,Sacramento County,NA,NA,31361,08N05E21H002M,SCGA #11,Unknown,Unknown,5-021.65,South American,Sacramento,72,Unknown,Single Well,4383,1953-03-05 - 2020-04-15,135,fall,42.9,68.9,NA,NA,1955,5.19,5.07,10.98,6.14,Dry,SAC,1955-10-01T00:00:00Z,1956-10-01T00:00:00Z,-121.428,38.5343
385343N1214280W001,1294219,1955-03-21T00:00:00Z,42.95,41.95,0,48.6,-5.65,48.6,47.6,NA,Unknown,Water level accuracy is unknown,1,Department of Water Resources,NA,323,Sacramento County,NA,NA,31361,08N05E21H002M,SCGA #11,Unknown,Unknown,5-021.65,South American,Sacramento,72,Unknown,Single Well,4383,1953-03-05 - 2020-04-15,135,spring,NA,NA,40.8,66.5,1954,9.74,6.81,17.43,8.51,Above Normal,SAC,1954-10-01T00:00:00Z,1955-10-01T00:00:00Z,-121.428,38.5343
385343N1214280W001,1294218,1954-10-29T00:00:00Z,42.95,41.95,0,50,-7.05,50,49,NA,Unknown,Water level accuracy is unknown,1,Department of Water Resources,NA,323,Sacramento County,NA,NA,31361,08N05E21H002M,SCGA #11,Unknown,Unknown,5-021.65,South American,Sacramento,72,Unknown,Single Well,4383,1953-03-05 - 2020-04-15,135,fall,42.9,68.9,NA,NA,1954,9.74,6.81,17.43,8.51,Above Normal,SAC,1954-10-01T00:00:00Z,1955-10-01T00:00:00Z,-121.428,38.5343
385343N1214280W001,1294217,1954-04-08T00:00:00Z,42.95,41.95,0,45.5,-2.55,45.5,44.5,NA,Unknown,Water level accuracy is unknown,1,Department of Water Resources,NA,323,Sacramento County,NA,NA,31361,08N05E21H002M,SCGA #11,Unknown,Unknown,5-021.65,South American,Sacramento,72,Unknown,Single Well,4383,1953-03-05 - 2020-04-15,135,spring,NA,NA,40.8,66.5,1953,10.84,8.26,20.09,9.55,Wet,SAC,1953-10-01T00:00:00Z,1954-10-01T00:00:00Z,-121.428,38.5343
385343N1214280W001,1294216,1953-10-27T00:00:00Z,42.95,41.95,0,46.5,-3.55,46.5,45.5,NA,Unknown,Water level accuracy is unknown,1,Department of Water Resources,NA,323,Sacramento County,NA,NA,31361,08N05E21H002M,SCGA #11,Unknown,Unknown,5-021.65,South American,Sacramento,72,Unknown,Single Well,4383,1953-03-05 - 2020-04-15,135,fall,42.9,68.9,NA,NA,1953,10.84,8.26,20.09,9.55,Wet,SAC,1953-10-01T00:00:00Z,1954-10-01T00:00:00Z,-121.428,38.5343
385343N1214280W001,1294215,1953-08-27T00:00:00Z,42.95,41.95,0,45.6,-2.65,45.6,44.6,NA,Unknown,Water level accuracy is unknown,1,Department of Water Resources,NA,323,Sacramento County,NA,NA,31361,08N05E21H002M,SCGA #11,Unknown,Unknown,5-021.65,South American,Sacramento,72,Unknown,Single Well,4383,1953-03-05 - 2020-04-15,135,fall,42.9,68.9,NA,NA,1952,13.86,13.68,28.6,12.38,Wet,SAC,1952-10-01T00:00:00Z,1953-10-01T00:00:00Z,-121.428,38.5343
385343N1214280W001,1294214,1953-07-06T00:00:00Z,42.95,41.95,0,44.1,-1.15,44.1,43.1,NA,Unknown,Water level accuracy is unknown,1,Department of Water Resources,NA,323,Sacramento County,NA,NA,31361,08N05E21H002M,SCGA #11,Unknown,Unknown,5-021.65,South American,Sacramento,72,Unknown,Single Well,4383,1953-03-05 - 2020-04-15,135,other,NA,NA,NA,NA,1952,13.86,13.68,28.6,12.38,Wet,SAC,1952-10-01T00:00:00Z,1953-10-01T00:00:00Z,-121.428,38.5343
385343N1214280W001,1294213,1953-05-18T00:00:00Z,42.95,41.95,0,43.1,-0.15,43.1,42.1,NA,Unknown,Water level accuracy is unknown,1,Department of Water Resources,NA,323,Sacramento County,NA,NA,31361,08N05E21H002M,SCGA #11,Unknown,Unknown,5-021.65,South American,Sacramento,72,Unknown,Single Well,4383,1953-03-05 - 2020-04-15,135,spring,NA,NA,40.8,66.5,1952,13.86,13.68,28.6,12.38,Wet,SAC,1952-10-01T00:00:00Z,1953-10-01T00:00:00Z,-121.428,38.5343
385343N1214280W001,1294212,1953-04-02T00:00:00Z,42.95,41.95,0,41.8,1.15,41.8,40.8,NA,Unknown,Water level accuracy is unknown,1,Department of Water Resources,NA,323,Sacramento County,NA,NA,31361,08N05E21H002M,SCGA #11,Unknown,Unknown,5-021.65,South American,Sacramento,72,Unknown,Single Well,4383,1953-03-05 - 2020-04-15,135,spring,NA,NA,40.8,66.5,1952,13.86,13.68,28.6,12.38,Wet,SAC,1952-10-01T00:00:00Z,1953-10-01T00:00:00Z,-121.428,38.5343
385343N1214280W001,1294211,1953-03-05T00:00:00Z,42.95,41.95,0,43,-0.05,43,42,NA,Unknown,Water level accuracy is unknown,1,Department of Water Resources,NA,323,Sacramento County,NA,NA,31361,08N05E21H002M,SCGA #11,Unknown,Unknown,5-021.65,South American,Sacramento,72,Unknown,Single Well,4383,1953-03-05 - 2020-04-15,135,spring,NA,NA,40.8,66.5,1952,13.86,13.68,28.6,12.38,Wet,SAC,1952-10-01T00:00:00Z,1953-10-01T00:00:00Z,-121.428,38.5343
