SITE_CODE,WLM_ID,MSMT_DATE,WLM_RPE,WLM_GSE,RDNG_WS,RDNG_RP,WSE,RPE_WSE,GSE_WSE,WLM_QA_DESC,WLM_DESC,WLM_ACC_DESC,WLM_ORG_ID,WLM_ORG_NAME,MSMT_CMT,COOP_AGENCY_ORG_ID,COOP_ORG_NAME,TOP_PRF,BOT_PRF,STN_ID,SWN,WELL_NAME,WLM_METHOD,WLM_ACC,BASIN_CODE,BASIN_NAME,COUNTY_NAME,WELL_DEPTH,WELL_USE,WELL_TYPE,WCR_NO,t_range,n_samples,X,Y
385478N1214266W001,1294155,1987-03-17T00:00:00Z,39.44,39.44,0,45,-5.56,45,45,NA,Unknown,Water level accuracy is unknown,1,Department of Water Resources,NA,1,Department of Water Resources,NA,NA,8582,08N05E15E001M,NA,Unknown,Unknown,5-021.65,South American,Sacramento,150,Unknown,Unknown,4356,1966-09-19 - 1987-10-01,163,-121.427,38.5478
385478N1214266W001,1294154,1986-10-24T00:00:00Z,39.44,39.44,0,44.8,-5.36,44.8,44.8,NA,Unknown,Water level accuracy is unknown,1,Department of Water Resources,NA,1,Department of Water Resources,NA,NA,8582,08N05E15E001M,NA,Unknown,Unknown,5-021.65,South American,Sacramento,150,Unknown,Unknown,4356,1966-09-19 - 1987-10-01,163,-121.427,38.5478
385478N1214266W001,1294153,1986-03-17T00:00:00Z,39.44,39.44,0,44.7,-5.26,44.7,44.7,NA,Unknown,Water level accuracy is unknown,1,Department of Water Resources,NA,1,Department of Water Resources,NA,NA,8582,08N05E15E001M,NA,Unknown,Unknown,5-021.65,South American,Sacramento,150,Unknown,Unknown,4356,1966-09-19 - 1987-10-01,163,-121.427,38.5478
385478N1214266W001,1294152,1985-10-16T00:00:00Z,39.44,39.44,0,45.8,-6.36,45.8,45.8,NA,Unknown,Water level accuracy is unknown,1,Department of Water Resources,NA,1,Department of Water Resources,NA,NA,8582,08N05E15E001M,NA,Unknown,Unknown,5-021.65,South American,Sacramento,150,Unknown,Unknown,4356,1966-09-19 - 1987-10-01,163,-121.427,38.5478
385478N1214266W001,1294151,1985-03-08T00:00:00Z,39.44,39.44,0,43.5,-4.06,43.5,43.5,NA,Unknown,Water level accuracy is unknown,1,Department of Water Resources,NA,1,Department of Water Resources,NA,NA,8582,08N05E15E001M,NA,Unknown,Unknown,5-021.65,South American,Sacramento,150,Unknown,Unknown,4356,1966-09-19 - 1987-10-01,163,-121.427,38.5478
385478N1214266W001,1294150,1984-10-19T00:00:00Z,39.44,39.44,0,44.3,-4.86,44.3,44.3,NA,Unknown,Water level accuracy is unknown,1,Department of Water Resources,NA,1,Department of Water Resources,NA,NA,8582,08N05E15E001M,NA,Unknown,Unknown,5-021.65,South American,Sacramento,150,Unknown,Unknown,4356,1966-09-19 - 1987-10-01,163,-121.427,38.5478
385478N1214266W001,1294149,1984-03-15T00:00:00Z,39.44,39.44,0,40,-0.56,40,40,NA,Unknown,Water level accuracy is unknown,1,Department of Water Resources,NA,1,Department of Water Resources,NA,NA,8582,08N05E15E001M,NA,Unknown,Unknown,5-021.65,South American,Sacramento,150,Unknown,Unknown,4356,1966-09-19 - 1987-10-01,163,-121.427,38.5478
385478N1214266W001,1294148,1983-10-05T00:00:00Z,39.44,39.44,0,41.2,-1.76,41.2,41.2,NA,Unknown,Water level accuracy is unknown,1,Department of Water Resources,NA,1,Department of Water Resources,NA,NA,8582,08N05E15E001M,NA,Unknown,Unknown,5-021.65,South American,Sacramento,150,Unknown,Unknown,4356,1966-09-19 - 1987-10-01,163,-121.427,38.5478
385478N1214266W001,1294147,1983-04-04T00:00:00Z,39.44,39.44,0,41.6,-2.16,41.6,41.6,NA,Unknown,Water level accuracy is unknown,1,Department of Water Resources,NA,1,Department of Water Resources,NA,NA,8582,08N05E15E001M,NA,Unknown,Unknown,5-021.65,South American,Sacramento,150,Unknown,Unknown,4356,1966-09-19 - 1987-10-01,163,-121.427,38.5478
385478N1214266W001,1294146,1982-10-20T00:00:00Z,39.44,39.44,0,44.9,-5.46,44.9,44.9,NA,Unknown,Water level accuracy is unknown,1,Department of Water Resources,NA,1,Department of Water Resources,NA,NA,8582,08N05E15E001M,NA,Unknown,Unknown,5-021.65,South American,Sacramento,150,Unknown,Unknown,4356,1966-09-19 - 1987-10-01,163,-121.427,38.5478
385478N1214266W001,1294145,1982-03-09T00:00:00Z,39.44,39.44,0,46.3,-6.86,46.3,46.3,NA,Unknown,Water level accuracy is unknown,1,Department of Water Resources,NA,1,Department of Water Resources,NA,NA,8582,08N05E15E001M,NA,Unknown,Unknown,5-021.65,South American,Sacramento,150,Unknown,Unknown,4356,1966-09-19 - 1987-10-01,163,-121.427,38.5478
385478N1214266W001,1294144,1981-10-01T00:00:00Z,39.44,39.44,0,48,-8.56,48,48,NA,Unknown,Water level accuracy is unknown,1,Department of Water Resources,NA,1,Department of Water Resources,NA,NA,8582,08N05E15E001M,NA,Unknown,Unknown,5-021.65,South American,Sacramento,150,Unknown,Unknown,4356,1966-09-19 - 1987-10-01,163,-121.427,38.5478
385478N1214266W001,1294143,1981-03-23T00:00:00Z,39.44,39.44,0,46.1,-6.66,46.1,46.1,NA,Unknown,Water level accuracy is unknown,1,Department of Water Resources,NA,1,Department of Water Resources,NA,NA,8582,08N05E15E001M,NA,Unknown,Unknown,5-021.65,South American,Sacramento,150,Unknown,Unknown,4356,1966-09-19 - 1987-10-01,163,-121.427,38.5478
385478N1214266W001,1294142,1980-10-08T00:00:00Z,39.44,39.44,0,46.4,-6.96,46.4,46.4,NA,Unknown,Water level accuracy is unknown,1,Department of Water Resources,NA,1,Department of Water Resources,NA,NA,8582,08N05E15E001M,NA,Unknown,Unknown,5-021.65,South American,Sacramento,150,Unknown,Unknown,4356,1966-09-19 - 1987-10-01,163,-121.427,38.5478
385478N1214266W001,1294141,1980-03-24T00:00:00Z,39.44,39.44,0,46,-6.56,46,46,NA,Unknown,Water level accuracy is unknown,1,Department of Water Resources,NA,1,Department of Water Resources,NA,NA,8582,08N05E15E001M,NA,Unknown,Unknown,5-021.65,South American,Sacramento,150,Unknown,Unknown,4356,1966-09-19 - 1987-10-01,163,-121.427,38.5478
385478N1214266W001,1294140,1979-10-05T00:00:00Z,39.44,39.44,0,48.2,-8.76,48.2,48.2,NA,Unknown,Water level accuracy is unknown,1,Department of Water Resources,NA,1,Department of Water Resources,NA,NA,8582,08N05E15E001M,NA,Unknown,Unknown,5-021.65,South American,Sacramento,150,Unknown,Unknown,4356,1966-09-19 - 1987-10-01,163,-121.427,38.5478
385478N1214266W001,1294139,1979-03-26T00:00:00Z,39.44,39.44,0,46.7,-7.26,46.7,46.7,NA,Unknown,Water level accuracy is unknown,1,Department of Water Resources,NA,1,Department of Water Resources,NA,NA,8582,08N05E15E001M,NA,Unknown,Unknown,5-021.65,South American,Sacramento,150,Unknown,Unknown,4356,1966-09-19 - 1987-10-01,163,-121.427,38.5478
385478N1214266W001,1294138,1978-12-18T00:00:00Z,39.44,39.44,0,47.7,-8.26,47.7,47.7,NA,Unknown,Water level accuracy is unknown,1,Department of Water Resources,NA,1,Department of Water Resources,NA,NA,8582,08N05E15E001M,NA,Unknown,Unknown,5-021.65,South American,Sacramento,150,Unknown,Unknown,4356,1966-09-19 - 1987-10-01,163,-121.427,38.5478
385478N1214266W001,1294137,1978-11-28T00:00:00Z,39.44,39.44,0,47.8,-8.36,47.8,47.8,NA,Unknown,Water level accuracy is unknown,1,Department of Water Resources,NA,1,Department of Water Resources,NA,NA,8582,08N05E15E001M,NA,Unknown,Unknown,5-021.65,South American,Sacramento,150,Unknown,Unknown,4356,1966-09-19 - 1987-10-01,163,-121.427,38.5478
385478N1214266W001,1294136,1978-10-26T00:00:00Z,39.44,39.44,0,47.9,-8.46,47.9,47.9,NA,Unknown,Water level accuracy is unknown,1,Department of Water Resources,CONTACTED NEW OWNER,1,Department of Water Resources,NA,NA,8582,08N05E15E001M,NA,Unknown,Unknown,5-021.65,South American,Sacramento,150,Unknown,Unknown,4356,1966-09-19 - 1987-10-01,163,-121.427,38.5478
385478N1214266W001,1294135,1978-09-26T00:00:00Z,39.44,39.44,0,47.8,-8.36,47.8,47.8,NA,Unknown,Water level accuracy is unknown,1,Department of Water Resources,NA,1,Department of Water Resources,NA,NA,8582,08N05E15E001M,NA,Unknown,Unknown,5-021.65,South American,Sacramento,150,Unknown,Unknown,4356,1966-09-19 - 1987-10-01,163,-121.427,38.5478
385478N1214266W001,1294134,1978-08-29T00:00:00Z,39.44,39.44,0,47.6,-8.16,47.6,47.6,NA,Unknown,Water level accuracy is unknown,1,Department of Water Resources,NA,1,Department of Water Resources,NA,NA,8582,08N05E15E001M,NA,Unknown,Unknown,5-021.65,South American,Sacramento,150,Unknown,Unknown,4356,1966-09-19 - 1987-10-01,163,-121.427,38.5478
385478N1214266W001,1294133,1978-07-26T00:00:00Z,39.44,39.44,0,47.1,-7.66,47.1,47.1,NA,Unknown,Water level accuracy is unknown,1,Department of Water Resources,NA,1,Department of Water Resources,NA,NA,8582,08N05E15E001M,NA,Unknown,Unknown,5-021.65,South American,Sacramento,150,Unknown,Unknown,4356,1966-09-19 - 1987-10-01,163,-121.427,38.5478
385478N1214266W001,1294132,1978-06-27T00:00:00Z,39.44,39.44,0,47,-7.56,47,47,NA,Unknown,Water level accuracy is unknown,1,Department of Water Resources,NA,1,Department of Water Resources,NA,NA,8582,08N05E15E001M,NA,Unknown,Unknown,5-021.65,South American,Sacramento,150,Unknown,Unknown,4356,1966-09-19 - 1987-10-01,163,-121.427,38.5478
385478N1214266W001,1294131,1978-05-31T00:00:00Z,39.44,39.44,0,47,-7.56,47,47,NA,Unknown,Water level accuracy is unknown,1,Department of Water Resources,NA,1,Department of Water Resources,NA,NA,8582,08N05E15E001M,NA,Unknown,Unknown,5-021.65,South American,Sacramento,150,Unknown,Unknown,4356,1966-09-19 - 1987-10-01,163,-121.427,38.5478
385478N1214266W001,1294130,1978-04-26T00:00:00Z,39.44,39.44,0,47.1,-7.66,47.1,47.1,NA,Unknown,Water level accuracy is unknown,1,Department of Water Resources,NA,1,Department of Water Resources,NA,NA,8582,08N05E15E001M,NA,Unknown,Unknown,5-021.65,South American,Sacramento,150,Unknown,Unknown,4356,1966-09-19 - 1987-10-01,163,-121.427,38.5478
385478N1214266W001,1294129,1978-03-30T00:00:00Z,39.44,39.44,0,47.5,-8.06,47.5,47.5,NA,Unknown,Water level accuracy is unknown,1,Department of Water Resources,NA,1,Department of Water Resources,NA,NA,8582,08N05E15E001M,NA,Unknown,Unknown,5-021.65,South American,Sacramento,150,Unknown,Unknown,4356,1966-09-19 - 1987-10-01,163,-121.427,38.5478
385478N1214266W001,1294128,1978-02-23T00:00:00Z,39.44,39.44,0,48.2,-8.76,48.2,48.2,NA,Unknown,Water level accuracy is unknown,1,Department of Water Resources,NA,1,Department of Water Resources,NA,NA,8582,08N05E15E001M,NA,Unknown,Unknown,5-021.65,South American,Sacramento,150,Unknown,Unknown,4356,1966-09-19 - 1987-10-01,163,-121.427,38.5478
385478N1214266W001,1294127,1978-01-25T00:00:00Z,39.44,39.44,0,48.8,-9.36,48.8,48.8,NA,Unknown,Water level accuracy is unknown,1,Department of Water Resources,NA,1,Department of Water Resources,NA,NA,8582,08N05E15E001M,NA,Unknown,Unknown,5-021.65,South American,Sacramento,150,Unknown,Unknown,4356,1966-09-19 - 1987-10-01,163,-121.427,38.5478
385478N1214266W001,1294126,1977-12-20T00:00:00Z,39.44,39.44,0,49.2,-9.76,49.2,49.2,NA,Unknown,Water level accuracy is unknown,1,Department of Water Resources,NA,1,Department of Water Resources,NA,NA,8582,08N05E15E001M,NA,Unknown,Unknown,5-021.65,South American,Sacramento,150,Unknown,Unknown,4356,1966-09-19 - 1987-10-01,163,-121.427,38.5478
385478N1214266W001,1294125,1977-11-29T00:00:00Z,39.44,39.44,0,49.4,-9.96,49.4,49.4,NA,Unknown,Water level accuracy is unknown,1,Department of Water Resources,NA,1,Department of Water Resources,NA,NA,8582,08N05E15E001M,NA,Unknown,Unknown,5-021.65,South American,Sacramento,150,Unknown,Unknown,4356,1966-09-19 - 1987-10-01,163,-121.427,38.5478
385478N1214266W001,1294124,1977-10-25T00:00:00Z,39.44,39.44,0,49.3,-9.86,49.3,49.3,NA,Unknown,Water level accuracy is unknown,1,Department of Water Resources,NA,1,Department of Water Resources,NA,NA,8582,08N05E15E001M,NA,Unknown,Unknown,5-021.65,South American,Sacramento,150,Unknown,Unknown,4356,1966-09-19 - 1987-10-01,163,-121.427,38.5478
385478N1214266W001,1294123,1977-09-28T00:00:00Z,39.44,39.44,0,49.3,-9.86,49.3,49.3,NA,Unknown,Water level accuracy is unknown,1,Department of Water Resources,NA,1,Department of Water Resources,NA,NA,8582,08N05E15E001M,NA,Unknown,Unknown,5-021.65,South American,Sacramento,150,Unknown,Unknown,4356,1966-09-19 - 1987-10-01,163,-121.427,38.5478
385478N1214266W001,1294122,1977-08-30T00:00:00Z,39.44,39.44,0,48.9,-9.46,48.9,48.9,NA,Unknown,Water level accuracy is unknown,1,Department of Water Resources,NA,1,Department of Water Resources,NA,NA,8582,08N05E15E001M,NA,Unknown,Unknown,5-021.65,South American,Sacramento,150,Unknown,Unknown,4356,1966-09-19 - 1987-10-01,163,-121.427,38.5478
385478N1214266W001,1294121,1977-07-28T00:00:00Z,39.44,39.44,0,48.5,-9.06,48.5,48.5,NA,Unknown,Water level accuracy is unknown,1,Department of Water Resources,NA,1,Department of Water Resources,NA,NA,8582,08N05E15E001M,NA,Unknown,Unknown,5-021.65,South American,Sacramento,150,Unknown,Unknown,4356,1966-09-19 - 1987-10-01,163,-121.427,38.5478
385478N1214266W001,1294120,1977-06-30T00:00:00Z,39.44,39.44,0,48.3,-8.86,48.3,48.3,NA,Unknown,Water level accuracy is unknown,1,Department of Water Resources,NA,1,Department of Water Resources,NA,NA,8582,08N05E15E001M,NA,Unknown,Unknown,5-021.65,South American,Sacramento,150,Unknown,Unknown,4356,1966-09-19 - 1987-10-01,163,-121.427,38.5478
385478N1214266W001,1294119,1977-05-25T00:00:00Z,39.44,39.44,0,48,-8.56,48,48,NA,Unknown,Water level accuracy is unknown,1,Department of Water Resources,NA,1,Department of Water Resources,NA,NA,8582,08N05E15E001M,NA,Unknown,Unknown,5-021.65,South American,Sacramento,150,Unknown,Unknown,4356,1966-09-19 - 1987-10-01,163,-121.427,38.5478
385478N1214266W001,1294118,1977-04-25T00:00:00Z,39.44,39.44,0,47.9,-8.46,47.9,47.9,NA,Unknown,Water level accuracy is unknown,1,Department of Water Resources,NA,1,Department of Water Resources,NA,NA,8582,08N05E15E001M,NA,Unknown,Unknown,5-021.65,South American,Sacramento,150,Unknown,Unknown,4356,1966-09-19 - 1987-10-01,163,-121.427,38.5478
385478N1214266W001,1294117,1977-03-24T00:00:00Z,39.44,39.44,0,47.5,-8.06,47.5,47.5,NA,Unknown,Water level accuracy is unknown,1,Department of Water Resources,NA,1,Department of Water Resources,NA,NA,8582,08N05E15E001M,NA,Unknown,Unknown,5-021.65,South American,Sacramento,150,Unknown,Unknown,4356,1966-09-19 - 1987-10-01,163,-121.427,38.5478
385478N1214266W001,1294116,1977-02-25T00:00:00Z,39.44,39.44,0,47.6,-8.16,47.6,47.6,NA,Unknown,Water level accuracy is unknown,1,Department of Water Resources,NA,1,Department of Water Resources,NA,NA,8582,08N05E15E001M,NA,Unknown,Unknown,5-021.65,South American,Sacramento,150,Unknown,Unknown,4356,1966-09-19 - 1987-10-01,163,-121.427,38.5478
385478N1214266W001,1294115,1977-01-27T00:00:00Z,39.44,39.44,0,47.7,-8.26,47.7,47.7,NA,Unknown,Water level accuracy is unknown,1,Department of Water Resources,NA,1,Department of Water Resources,NA,NA,8582,08N05E15E001M,NA,Unknown,Unknown,5-021.65,South American,Sacramento,150,Unknown,Unknown,4356,1966-09-19 - 1987-10-01,163,-121.427,38.5478
385478N1214266W001,1294114,1976-12-29T00:00:00Z,39.44,39.44,0,47.7,-8.26,47.7,47.7,NA,Unknown,Water level accuracy is unknown,1,Department of Water Resources,NA,1,Department of Water Resources,NA,NA,8582,08N05E15E001M,NA,Unknown,Unknown,5-021.65,South American,Sacramento,150,Unknown,Unknown,4356,1966-09-19 - 1987-10-01,163,-121.427,38.5478
385478N1214266W001,1294113,1976-11-29T00:00:00Z,39.44,39.44,0,47.8,-8.36,47.8,47.8,NA,Unknown,Water level accuracy is unknown,1,Department of Water Resources,NA,1,Department of Water Resources,NA,NA,8582,08N05E15E001M,NA,Unknown,Unknown,5-021.65,South American,Sacramento,150,Unknown,Unknown,4356,1966-09-19 - 1987-10-01,163,-121.427,38.5478
385478N1214266W001,1294112,1976-10-28T00:00:00Z,39.44,39.44,0,48,-8.56,48,48,NA,Unknown,Water level accuracy is unknown,1,Department of Water Resources,NA,1,Department of Water Resources,NA,NA,8582,08N05E15E001M,NA,Unknown,Unknown,5-021.65,South American,Sacramento,150,Unknown,Unknown,4356,1966-09-19 - 1987-10-01,163,-121.427,38.5478
385478N1214266W001,1294111,1976-09-29T00:00:00Z,39.44,39.44,0,47.8,-8.36,47.8,47.8,NA,Unknown,Water level accuracy is unknown,1,Department of Water Resources,NA,1,Department of Water Resources,NA,NA,8582,08N05E15E001M,NA,Unknown,Unknown,5-021.65,South American,Sacramento,150,Unknown,Unknown,4356,1966-09-19 - 1987-10-01,163,-121.427,38.5478
385478N1214266W001,1294110,1976-08-31T00:00:00Z,39.44,39.44,0,48,-8.56,48,48,NA,Unknown,Water level accuracy is unknown,1,Department of Water Resources,NA,1,Department of Water Resources,NA,NA,8582,08N05E15E001M,NA,Unknown,Unknown,5-021.65,South American,Sacramento,150,Unknown,Unknown,4356,1966-09-19 - 1987-10-01,163,-121.427,38.5478
385478N1214266W001,1294109,1976-07-29T00:00:00Z,39.44,39.44,0,47.1,-7.66,47.1,47.1,NA,Unknown,Water level accuracy is unknown,1,Department of Water Resources,NA,1,Department of Water Resources,NA,NA,8582,08N05E15E001M,NA,Unknown,Unknown,5-021.65,South American,Sacramento,150,Unknown,Unknown,4356,1966-09-19 - 1987-10-01,163,-121.427,38.5478
385478N1214266W001,1294108,1976-07-05T00:00:00Z,39.44,39.44,0,46.8,-7.36,46.8,46.8,NA,Unknown,Water level accuracy is unknown,1,Department of Water Resources,NA,1,Department of Water Resources,NA,NA,8582,08N05E15E001M,NA,Unknown,Unknown,5-021.65,South American,Sacramento,150,Unknown,Unknown,4356,1966-09-19 - 1987-10-01,163,-121.427,38.5478
385478N1214266W001,1294107,1976-05-27T00:00:00Z,39.44,39.44,0,46.1,-6.66,46.1,46.1,NA,Unknown,Water level accuracy is unknown,1,Department of Water Resources,NA,1,Department of Water Resources,NA,NA,8582,08N05E15E001M,NA,Unknown,Unknown,5-021.65,South American,Sacramento,150,Unknown,Unknown,4356,1966-09-19 - 1987-10-01,163,-121.427,38.5478
385478N1214266W001,1294106,1976-04-28T00:00:00Z,39.44,39.44,0,45.9,-6.46,45.9,45.9,NA,Unknown,Water level accuracy is unknown,1,Department of Water Resources,NA,1,Department of Water Resources,NA,NA,8582,08N05E15E001M,NA,Unknown,Unknown,5-021.65,South American,Sacramento,150,Unknown,Unknown,4356,1966-09-19 - 1987-10-01,163,-121.427,38.5478
385478N1214266W001,1294105,1976-03-31T00:00:00Z,39.44,39.44,0,45.7,-6.26,45.7,45.7,NA,Unknown,Water level accuracy is unknown,1,Department of Water Resources,NA,1,Department of Water Resources,NA,NA,8582,08N05E15E001M,NA,Unknown,Unknown,5-021.65,South American,Sacramento,150,Unknown,Unknown,4356,1966-09-19 - 1987-10-01,163,-121.427,38.5478
385478N1214266W001,1294104,1976-02-25T00:00:00Z,39.44,39.44,0,45.5,-6.06,45.5,45.5,NA,Unknown,Water level accuracy is unknown,1,Department of Water Resources,NA,1,Department of Water Resources,NA,NA,8582,08N05E15E001M,NA,Unknown,Unknown,5-021.65,South American,Sacramento,150,Unknown,Unknown,4356,1966-09-19 - 1987-10-01,163,-121.427,38.5478
385478N1214266W001,1294103,1976-01-30T00:00:00Z,39.44,39.44,0,45.6,-6.16,45.6,45.6,NA,Unknown,Water level accuracy is unknown,1,Department of Water Resources,NA,1,Department of Water Resources,NA,NA,8582,08N05E15E001M,NA,Unknown,Unknown,5-021.65,South American,Sacramento,150,Unknown,Unknown,4356,1966-09-19 - 1987-10-01,163,-121.427,38.5478
385478N1214266W001,1294102,1975-12-29T00:00:00Z,39.44,39.44,0,45.6,-6.16,45.6,45.6,NA,Unknown,Water level accuracy is unknown,1,Department of Water Resources,NA,1,Department of Water Resources,NA,NA,8582,08N05E15E001M,NA,Unknown,Unknown,5-021.65,South American,Sacramento,150,Unknown,Unknown,4356,1966-09-19 - 1987-10-01,163,-121.427,38.5478
385478N1214266W001,1294101,1975-11-25T00:00:00Z,39.44,39.44,0,45.7,-6.26,45.7,45.7,NA,Unknown,Water level accuracy is unknown,1,Department of Water Resources,NA,1,Department of Water Resources,NA,NA,8582,08N05E15E001M,NA,Unknown,Unknown,5-021.65,South American,Sacramento,150,Unknown,Unknown,4356,1966-09-19 - 1987-10-01,163,-121.427,38.5478
385478N1214266W001,1294100,1975-10-28T00:00:00Z,39.44,39.44,0,45.8,-6.36,45.8,45.8,NA,Unknown,Water level accuracy is unknown,1,Department of Water Resources,NA,1,Department of Water Resources,NA,NA,8582,08N05E15E001M,NA,Unknown,Unknown,5-021.65,South American,Sacramento,150,Unknown,Unknown,4356,1966-09-19 - 1987-10-01,163,-121.427,38.5478
385478N1214266W001,1294099,1975-09-29T00:00:00Z,39.44,39.44,0,45.7,-6.26,45.7,45.7,NA,Unknown,Water level accuracy is unknown,1,Department of Water Resources,NA,1,Department of Water Resources,NA,NA,8582,08N05E15E001M,NA,Unknown,Unknown,5-021.65,South American,Sacramento,150,Unknown,Unknown,4356,1966-09-19 - 1987-10-01,163,-121.427,38.5478
385478N1214266W001,1294098,1975-08-28T00:00:00Z,39.44,39.44,0,45.4,-5.96,45.4,45.4,NA,Unknown,Water level accuracy is unknown,1,Department of Water Resources,NA,1,Department of Water Resources,NA,NA,8582,08N05E15E001M,NA,Unknown,Unknown,5-021.65,South American,Sacramento,150,Unknown,Unknown,4356,1966-09-19 - 1987-10-01,163,-121.427,38.5478
385478N1214266W001,1294097,1975-07-29T00:00:00Z,39.44,39.44,0,45,-5.56,45,45,NA,Unknown,Water level accuracy is unknown,1,Department of Water Resources,NA,1,Department of Water Resources,NA,NA,8582,08N05E15E001M,NA,Unknown,Unknown,5-021.65,South American,Sacramento,150,Unknown,Unknown,4356,1966-09-19 - 1987-10-01,163,-121.427,38.5478
385478N1214266W001,1294096,1975-06-24T00:00:00Z,39.44,39.44,0,44.6,-5.16,44.6,44.6,NA,Unknown,Water level accuracy is unknown,1,Department of Water Resources,NA,1,Department of Water Resources,NA,NA,8582,08N05E15E001M,NA,Unknown,Unknown,5-021.65,South American,Sacramento,150,Unknown,Unknown,4356,1966-09-19 - 1987-10-01,163,-121.427,38.5478
385478N1214266W001,1294095,1975-05-29T00:00:00Z,39.44,39.44,0,44.1,-4.66,44.1,44.1,NA,Unknown,Water level accuracy is unknown,1,Department of Water Resources,NA,1,Department of Water Resources,NA,NA,8582,08N05E15E001M,NA,Unknown,Unknown,5-021.65,South American,Sacramento,150,Unknown,Unknown,4356,1966-09-19 - 1987-10-01,163,-121.427,38.5478
385478N1214266W001,1294094,1975-04-29T00:00:00Z,39.44,39.44,0,44.1,-4.66,44.1,44.1,NA,Unknown,Water level accuracy is unknown,1,Department of Water Resources,NA,1,Department of Water Resources,NA,NA,8582,08N05E15E001M,NA,Unknown,Unknown,5-021.65,South American,Sacramento,150,Unknown,Unknown,4356,1966-09-19 - 1987-10-01,163,-121.427,38.5478
385478N1214266W001,1294093,1975-03-27T00:00:00Z,39.44,39.44,0,44.4,-4.96,44.4,44.4,NA,Unknown,Water level accuracy is unknown,1,Department of Water Resources,NA,1,Department of Water Resources,NA,NA,8582,08N05E15E001M,NA,Unknown,Unknown,5-021.65,South American,Sacramento,150,Unknown,Unknown,4356,1966-09-19 - 1987-10-01,163,-121.427,38.5478
385478N1214266W001,1294092,1975-02-27T00:00:00Z,39.44,39.44,0,44.7,-5.26,44.7,44.7,NA,Unknown,Water level accuracy is unknown,1,Department of Water Resources,NA,1,Department of Water Resources,NA,NA,8582,08N05E15E001M,NA,Unknown,Unknown,5-021.65,South American,Sacramento,150,Unknown,Unknown,4356,1966-09-19 - 1987-10-01,163,-121.427,38.5478
385478N1214266W001,1294091,1975-01-28T00:00:00Z,39.44,39.44,0,45,-5.56,45,45,NA,Unknown,Water level accuracy is unknown,1,Department of Water Resources,NA,1,Department of Water Resources,NA,NA,8582,08N05E15E001M,NA,Unknown,Unknown,5-021.65,South American,Sacramento,150,Unknown,Unknown,4356,1966-09-19 - 1987-10-01,163,-121.427,38.5478
385478N1214266W001,1294090,1974-12-26T00:00:00Z,39.44,39.44,0,45.1,-5.66,45.1,45.1,NA,Unknown,Water level accuracy is unknown,1,Department of Water Resources,NA,1,Department of Water Resources,NA,NA,8582,08N05E15E001M,NA,Unknown,Unknown,5-021.65,South American,Sacramento,150,Unknown,Unknown,4356,1966-09-19 - 1987-10-01,163,-121.427,38.5478
385478N1214266W001,1294089,1974-11-26T00:00:00Z,39.44,39.44,0,45.4,-5.96,45.4,45.4,NA,Unknown,Water level accuracy is unknown,1,Department of Water Resources,NA,1,Department of Water Resources,NA,NA,8582,08N05E15E001M,NA,Unknown,Unknown,5-021.65,South American,Sacramento,150,Unknown,Unknown,4356,1966-09-19 - 1987-10-01,163,-121.427,38.5478
385478N1214266W001,1294088,1974-10-30T00:00:00Z,39.44,39.44,0,45.5,-6.06,45.5,45.5,NA,Unknown,Water level accuracy is unknown,1,Department of Water Resources,NA,1,Department of Water Resources,NA,NA,8582,08N05E15E001M,NA,Unknown,Unknown,5-021.65,South American,Sacramento,150,Unknown,Unknown,4356,1966-09-19 - 1987-10-01,163,-121.427,38.5478
385478N1214266W001,1294087,1974-09-26T00:00:00Z,39.44,39.44,0,45.1,-5.66,45.1,45.1,NA,Unknown,Water level accuracy is unknown,1,Department of Water Resources,NA,1,Department of Water Resources,NA,NA,8582,08N05E15E001M,NA,Unknown,Unknown,5-021.65,South American,Sacramento,150,Unknown,Unknown,4356,1966-09-19 - 1987-10-01,163,-121.427,38.5478
385478N1214266W001,1294086,1974-08-29T00:00:00Z,39.44,39.44,0,44.7,-5.26,44.7,44.7,NA,Unknown,Water level accuracy is unknown,1,Department of Water Resources,NA,1,Department of Water Resources,NA,NA,8582,08N05E15E001M,NA,Unknown,Unknown,5-021.65,South American,Sacramento,150,Unknown,Unknown,4356,1966-09-19 - 1987-10-01,163,-121.427,38.5478
385478N1214266W001,1294085,1974-07-29T00:00:00Z,39.44,39.44,0,44.2,-4.76,44.2,44.2,NA,Unknown,Water level accuracy is unknown,1,Department of Water Resources,NA,1,Department of Water Resources,NA,NA,8582,08N05E15E001M,NA,Unknown,Unknown,5-021.65,South American,Sacramento,150,Unknown,Unknown,4356,1966-09-19 - 1987-10-01,163,-121.427,38.5478
385478N1214266W001,1294084,1974-06-27T00:00:00Z,39.44,39.44,0,43.9,-4.46,43.9,43.9,NA,Unknown,Water level accuracy is unknown,1,Department of Water Resources,NA,1,Department of Water Resources,NA,NA,8582,08N05E15E001M,NA,Unknown,Unknown,5-021.65,South American,Sacramento,150,Unknown,Unknown,4356,1966-09-19 - 1987-10-01,163,-121.427,38.5478
385478N1214266W001,1294083,1974-05-30T00:00:00Z,39.44,39.44,0,43.7,-4.26,43.7,43.7,NA,Unknown,Water level accuracy is unknown,1,Department of Water Resources,NA,1,Department of Water Resources,NA,NA,8582,08N05E15E001M,NA,Unknown,Unknown,5-021.65,South American,Sacramento,150,Unknown,Unknown,4356,1966-09-19 - 1987-10-01,163,-121.427,38.5478
385478N1214266W001,1294082,1974-04-25T00:00:00Z,39.44,39.44,0,43.9,-4.46,43.9,43.9,NA,Unknown,Water level accuracy is unknown,1,Department of Water Resources,NA,1,Department of Water Resources,NA,NA,8582,08N05E15E001M,NA,Unknown,Unknown,5-021.65,South American,Sacramento,150,Unknown,Unknown,4356,1966-09-19 - 1987-10-01,163,-121.427,38.5478
385478N1214266W001,1294081,1974-03-28T00:00:00Z,39.44,39.44,0,44.4,-4.96,44.4,44.4,NA,Unknown,Water level accuracy is unknown,1,Department of Water Resources,NA,1,Department of Water Resources,NA,NA,8582,08N05E15E001M,NA,Unknown,Unknown,5-021.65,South American,Sacramento,150,Unknown,Unknown,4356,1966-09-19 - 1987-10-01,163,-121.427,38.5478
385478N1214266W001,1294080,1974-02-27T00:00:00Z,39.44,39.44,0,44.8,-5.36,44.8,44.8,NA,Unknown,Water level accuracy is unknown,1,Department of Water Resources,NA,1,Department of Water Resources,NA,NA,8582,08N05E15E001M,NA,Unknown,Unknown,5-021.65,South American,Sacramento,150,Unknown,Unknown,4356,1966-09-19 - 1987-10-01,163,-121.427,38.5478
385478N1214266W001,1294079,1974-01-31T00:00:00Z,39.44,39.44,0,45.2,-5.76,45.2,45.2,NA,Unknown,Water level accuracy is unknown,1,Department of Water Resources,NA,1,Department of Water Resources,NA,NA,8582,08N05E15E001M,NA,Unknown,Unknown,5-021.65,South American,Sacramento,150,Unknown,Unknown,4356,1966-09-19 - 1987-10-01,163,-121.427,38.5478
385478N1214266W001,1294078,1973-12-26T00:00:00Z,39.44,39.44,0,45.8,-6.36,45.8,45.8,NA,Unknown,Water level accuracy is unknown,1,Department of Water Resources,NA,1,Department of Water Resources,NA,NA,8582,08N05E15E001M,NA,Unknown,Unknown,5-021.65,South American,Sacramento,150,Unknown,Unknown,4356,1966-09-19 - 1987-10-01,163,-121.427,38.5478
385478N1214266W001,1294077,1973-11-28T00:00:00Z,39.44,39.44,0,46.3,-6.86,46.3,46.3,NA,Unknown,Water level accuracy is unknown,1,Department of Water Resources,NA,1,Department of Water Resources,NA,NA,8582,08N05E15E001M,NA,Unknown,Unknown,5-021.65,South American,Sacramento,150,Unknown,Unknown,4356,1966-09-19 - 1987-10-01,163,-121.427,38.5478
385478N1214266W001,1294076,1973-10-30T00:00:00Z,39.44,39.44,0,46.6,-7.16,46.6,46.6,NA,Unknown,Water level accuracy is unknown,1,Department of Water Resources,NA,1,Department of Water Resources,NA,NA,8582,08N05E15E001M,NA,Unknown,Unknown,5-021.65,South American,Sacramento,150,Unknown,Unknown,4356,1966-09-19 - 1987-10-01,163,-121.427,38.5478
385478N1214266W001,1294075,1973-09-27T00:00:00Z,39.44,39.44,0,46.5,-7.06,46.5,46.5,NA,Unknown,Water level accuracy is unknown,1,Department of Water Resources,NA,1,Department of Water Resources,NA,NA,8582,08N05E15E001M,NA,Unknown,Unknown,5-021.65,South American,Sacramento,150,Unknown,Unknown,4356,1966-09-19 - 1987-10-01,163,-121.427,38.5478
385478N1214266W001,1294074,1973-08-30T00:00:00Z,39.44,39.44,0,46.2,-6.76,46.2,46.2,NA,Unknown,Water level accuracy is unknown,1,Department of Water Resources,NA,1,Department of Water Resources,NA,NA,8582,08N05E15E001M,NA,Unknown,Unknown,5-021.65,South American,Sacramento,150,Unknown,Unknown,4356,1966-09-19 - 1987-10-01,163,-121.427,38.5478
385478N1214266W001,1294073,1973-07-30T00:00:00Z,39.44,39.44,0,45.9,-6.46,45.9,45.9,NA,Unknown,Water level accuracy is unknown,1,Department of Water Resources,NA,1,Department of Water Resources,NA,NA,8582,08N05E15E001M,NA,Unknown,Unknown,5-021.65,South American,Sacramento,150,Unknown,Unknown,4356,1966-09-19 - 1987-10-01,163,-121.427,38.5478
385478N1214266W001,1294072,1973-06-28T00:00:00Z,39.44,39.44,0,45.6,-6.16,45.6,45.6,NA,Unknown,Water level accuracy is unknown,1,Department of Water Resources,NA,1,Department of Water Resources,NA,NA,8582,08N05E15E001M,NA,Unknown,Unknown,5-021.65,South American,Sacramento,150,Unknown,Unknown,4356,1966-09-19 - 1987-10-01,163,-121.427,38.5478
385478N1214266W001,1294071,1973-05-30T00:00:00Z,39.44,39.44,0,45.3,-5.86,45.3,45.3,NA,Unknown,Water level accuracy is unknown,1,Department of Water Resources,NA,1,Department of Water Resources,NA,NA,8582,08N05E15E001M,NA,Unknown,Unknown,5-021.65,South American,Sacramento,150,Unknown,Unknown,4356,1966-09-19 - 1987-10-01,163,-121.427,38.5478
385478N1214266W001,1294070,1973-04-26T00:00:00Z,39.44,39.44,0,45.3,-5.86,45.3,45.3,NA,Unknown,Water level accuracy is unknown,1,Department of Water Resources,NA,1,Department of Water Resources,NA,NA,8582,08N05E15E001M,NA,Unknown,Unknown,5-021.65,South American,Sacramento,150,Unknown,Unknown,4356,1966-09-19 - 1987-10-01,163,-121.427,38.5478
385478N1214266W001,1294069,1973-03-30T00:00:00Z,39.44,39.44,0,45.6,-6.16,45.6,45.6,NA,Unknown,Water level accuracy is unknown,1,Department of Water Resources,NA,1,Department of Water Resources,NA,NA,8582,08N05E15E001M,NA,Unknown,Unknown,5-021.65,South American,Sacramento,150,Unknown,Unknown,4356,1966-09-19 - 1987-10-01,163,-121.427,38.5478
385478N1214266W001,1294068,1973-02-27T00:00:00Z,39.44,39.44,0,46.2,-6.76,46.2,46.2,NA,Unknown,Water level accuracy is unknown,1,Department of Water Resources,NEW OWNER,1,Department of Water Resources,NA,NA,8582,08N05E15E001M,NA,Unknown,Unknown,5-021.65,South American,Sacramento,150,Unknown,Unknown,4356,1966-09-19 - 1987-10-01,163,-121.427,38.5478
385478N1214266W001,1294067,1973-01-30T00:00:00Z,39.44,39.44,0,47,-7.56,47,47,NA,Unknown,Water level accuracy is unknown,1,Department of Water Resources,NA,1,Department of Water Resources,NA,NA,8582,08N05E15E001M,NA,Unknown,Unknown,5-021.65,South American,Sacramento,150,Unknown,Unknown,4356,1966-09-19 - 1987-10-01,163,-121.427,38.5478
385478N1214266W001,1294066,1972-12-27T00:00:00Z,39.44,39.44,0,47.3,-7.86,47.3,47.3,NA,Unknown,Water level accuracy is unknown,1,Department of Water Resources,NA,1,Department of Water Resources,NA,NA,8582,08N05E15E001M,NA,Unknown,Unknown,5-021.65,South American,Sacramento,150,Unknown,Unknown,4356,1966-09-19 - 1987-10-01,163,-121.427,38.5478
385478N1214266W001,1294065,1972-11-28T00:00:00Z,39.44,39.44,0,47.5,-8.06,47.5,47.5,NA,Unknown,Water level accuracy is unknown,1,Department of Water Resources,NA,1,Department of Water Resources,NA,NA,8582,08N05E15E001M,NA,Unknown,Unknown,5-021.65,South American,Sacramento,150,Unknown,Unknown,4356,1966-09-19 - 1987-10-01,163,-121.427,38.5478
385478N1214266W001,1294064,1972-10-30T00:00:00Z,39.44,39.44,0,47.8,-8.36,47.8,47.8,NA,Unknown,Water level accuracy is unknown,1,Department of Water Resources,NA,1,Department of Water Resources,NA,NA,8582,08N05E15E001M,NA,Unknown,Unknown,5-021.65,South American,Sacramento,150,Unknown,Unknown,4356,1966-09-19 - 1987-10-01,163,-121.427,38.5478
385478N1214266W001,1294063,1972-09-28T00:00:00Z,39.44,39.44,0,47.8,-8.36,47.8,47.8,NA,Unknown,Water level accuracy is unknown,1,Department of Water Resources,NA,1,Department of Water Resources,NA,NA,8582,08N05E15E001M,NA,Unknown,Unknown,5-021.65,South American,Sacramento,150,Unknown,Unknown,4356,1966-09-19 - 1987-10-01,163,-121.427,38.5478
385478N1214266W001,1294062,1972-08-29T00:00:00Z,39.44,39.44,0,47.5,-8.06,47.5,47.5,NA,Unknown,Water level accuracy is unknown,1,Department of Water Resources,HOUSE FOR SALE,1,Department of Water Resources,NA,NA,8582,08N05E15E001M,NA,Unknown,Unknown,5-021.65,South American,Sacramento,150,Unknown,Unknown,4356,1966-09-19 - 1987-10-01,163,-121.427,38.5478
385478N1214266W001,1294061,1972-07-27T00:00:00Z,39.44,39.44,0,47,-7.56,47,47,NA,Unknown,Water level accuracy is unknown,1,Department of Water Resources,NA,1,Department of Water Resources,NA,NA,8582,08N05E15E001M,NA,Unknown,Unknown,5-021.65,South American,Sacramento,150,Unknown,Unknown,4356,1966-09-19 - 1987-10-01,163,-121.427,38.5478
385478N1214266W001,1294060,1972-06-30T00:00:00Z,39.44,39.44,0,46.7,-7.26,46.7,46.7,NA,Unknown,Water level accuracy is unknown,1,Department of Water Resources,NA,1,Department of Water Resources,NA,NA,8582,08N05E15E001M,NA,Unknown,Unknown,5-021.65,South American,Sacramento,150,Unknown,Unknown,4356,1966-09-19 - 1987-10-01,163,-121.427,38.5478
385478N1214266W001,1294059,1972-05-30T00:00:00Z,39.44,39.44,0,46.2,-6.76,46.2,46.2,NA,Unknown,Water level accuracy is unknown,1,Department of Water Resources,NA,1,Department of Water Resources,NA,NA,8582,08N05E15E001M,NA,Unknown,Unknown,5-021.65,South American,Sacramento,150,Unknown,Unknown,4356,1966-09-19 - 1987-10-01,163,-121.427,38.5478
385478N1214266W001,1294058,1972-04-27T00:00:00Z,39.44,39.44,0,45.9,-6.46,45.9,45.9,NA,Unknown,Water level accuracy is unknown,1,Department of Water Resources,NA,1,Department of Water Resources,NA,NA,8582,08N05E15E001M,NA,Unknown,Unknown,5-021.65,South American,Sacramento,150,Unknown,Unknown,4356,1966-09-19 - 1987-10-01,163,-121.427,38.5478
385478N1214266W001,1294057,1972-03-30T00:00:00Z,39.44,39.44,0,45.7,-6.26,45.7,45.7,NA,Unknown,Water level accuracy is unknown,1,Department of Water Resources,NA,1,Department of Water Resources,NA,NA,8582,08N05E15E001M,NA,Unknown,Unknown,5-021.65,South American,Sacramento,150,Unknown,Unknown,4356,1966-09-19 - 1987-10-01,163,-121.427,38.5478
385478N1214266W001,1294056,1972-02-28T00:00:00Z,39.44,39.44,0,45.6,-6.16,45.6,45.6,NA,Unknown,Water level accuracy is unknown,1,Department of Water Resources,NA,1,Department of Water Resources,NA,NA,8582,08N05E15E001M,NA,Unknown,Unknown,5-021.65,South American,Sacramento,150,Unknown,Unknown,4356,1966-09-19 - 1987-10-01,163,-121.427,38.5478
385478N1214266W001,1294055,1972-01-26T00:00:00Z,39.44,39.44,0,45.8,-6.36,45.8,45.8,NA,Unknown,Water level accuracy is unknown,1,Department of Water Resources,NA,1,Department of Water Resources,NA,NA,8582,08N05E15E001M,NA,Unknown,Unknown,5-021.65,South American,Sacramento,150,Unknown,Unknown,4356,1966-09-19 - 1987-10-01,163,-121.427,38.5478
385478N1214266W001,1294054,1971-12-29T00:00:00Z,39.44,39.44,0,46.1,-6.66,46.1,46.1,NA,Unknown,Water level accuracy is unknown,1,Department of Water Resources,NA,1,Department of Water Resources,NA,NA,8582,08N05E15E001M,NA,Unknown,Unknown,5-021.65,South American,Sacramento,150,Unknown,Unknown,4356,1966-09-19 - 1987-10-01,163,-121.427,38.5478
385478N1214266W001,1294053,1971-11-29T00:00:00Z,39.44,39.44,0,46,-6.56,46,46,NA,Unknown,Water level accuracy is unknown,1,Department of Water Resources,NA,1,Department of Water Resources,NA,NA,8582,08N05E15E001M,NA,Unknown,Unknown,5-021.65,South American,Sacramento,150,Unknown,Unknown,4356,1966-09-19 - 1987-10-01,163,-121.427,38.5478
385478N1214266W001,1294052,1971-11-02T00:00:00Z,39.44,39.44,0,46.1,-6.66,46.1,46.1,NA,Unknown,Water level accuracy is unknown,1,Department of Water Resources,NA,1,Department of Water Resources,NA,NA,8582,08N05E15E001M,NA,Unknown,Unknown,5-021.65,South American,Sacramento,150,Unknown,Unknown,4356,1966-09-19 - 1987-10-01,163,-121.427,38.5478
385478N1214266W001,1294051,1971-09-30T00:00:00Z,39.44,39.44,0,46,-6.56,46,46,NA,Unknown,Water level accuracy is unknown,1,Department of Water Resources,NA,1,Department of Water Resources,NA,NA,8582,08N05E15E001M,NA,Unknown,Unknown,5-021.65,South American,Sacramento,150,Unknown,Unknown,4356,1966-09-19 - 1987-10-01,163,-121.427,38.5478
385478N1214266W001,1294050,1971-08-31T00:00:00Z,39.44,39.44,0,45.4,-5.96,45.4,45.4,NA,Unknown,Water level accuracy is unknown,1,Department of Water Resources,NA,1,Department of Water Resources,NA,NA,8582,08N05E15E001M,NA,Unknown,Unknown,5-021.65,South American,Sacramento,150,Unknown,Unknown,4356,1966-09-19 - 1987-10-01,163,-121.427,38.5478
385478N1214266W001,1294049,1971-07-26T00:00:00Z,39.44,39.44,0,45.1,-5.66,45.1,45.1,NA,Unknown,Water level accuracy is unknown,1,Department of Water Resources,NA,1,Department of Water Resources,NA,NA,8582,08N05E15E001M,NA,Unknown,Unknown,5-021.65,South American,Sacramento,150,Unknown,Unknown,4356,1966-09-19 - 1987-10-01,163,-121.427,38.5478
385478N1214266W001,1294048,1971-06-29T00:00:00Z,39.44,39.44,0,44.7,-5.26,44.7,44.7,NA,Unknown,Water level accuracy is unknown,1,Department of Water Resources,NA,1,Department of Water Resources,NA,NA,8582,08N05E15E001M,NA,Unknown,Unknown,5-021.65,South American,Sacramento,150,Unknown,Unknown,4356,1966-09-19 - 1987-10-01,163,-121.427,38.5478
385478N1214266W001,1294047,1971-05-26T00:00:00Z,39.44,39.44,0,44.2,-4.76,44.2,44.2,NA,Unknown,Water level accuracy is unknown,1,Department of Water Resources,NA,1,Department of Water Resources,NA,NA,8582,08N05E15E001M,NA,Unknown,Unknown,5-021.65,South American,Sacramento,150,Unknown,Unknown,4356,1966-09-19 - 1987-10-01,163,-121.427,38.5478
385478N1214266W001,1294046,1971-04-27T00:00:00Z,39.44,39.44,0,44,-4.56,44,44,NA,Unknown,Water level accuracy is unknown,1,Department of Water Resources,NA,1,Department of Water Resources,NA,NA,8582,08N05E15E001M,NA,Unknown,Unknown,5-021.65,South American,Sacramento,150,Unknown,Unknown,4356,1966-09-19 - 1987-10-01,163,-121.427,38.5478
385478N1214266W001,1294045,1971-03-29T00:00:00Z,39.44,39.44,0,44,-4.56,44,44,NA,Unknown,Water level accuracy is unknown,1,Department of Water Resources,NA,1,Department of Water Resources,NA,NA,8582,08N05E15E001M,NA,Unknown,Unknown,5-021.65,South American,Sacramento,150,Unknown,Unknown,4356,1966-09-19 - 1987-10-01,163,-121.427,38.5478
385478N1214266W001,1294044,1971-02-23T00:00:00Z,39.44,39.44,0,44.2,-4.76,44.2,44.2,NA,Unknown,Water level accuracy is unknown,1,Department of Water Resources,NA,1,Department of Water Resources,NA,NA,8582,08N05E15E001M,NA,Unknown,Unknown,5-021.65,South American,Sacramento,150,Unknown,Unknown,4356,1966-09-19 - 1987-10-01,163,-121.427,38.5478
385478N1214266W001,1294043,1971-01-25T00:00:00Z,39.44,39.44,0,44.5,-5.06,44.5,44.5,NA,Unknown,Water level accuracy is unknown,1,Department of Water Resources,NA,1,Department of Water Resources,NA,NA,8582,08N05E15E001M,NA,Unknown,Unknown,5-021.65,South American,Sacramento,150,Unknown,Unknown,4356,1966-09-19 - 1987-10-01,163,-121.427,38.5478
385478N1214266W001,1294042,1970-12-28T00:00:00Z,39.44,39.44,0,45,-5.56,45,45,NA,Unknown,Water level accuracy is unknown,1,Department of Water Resources,NA,1,Department of Water Resources,NA,NA,8582,08N05E15E001M,NA,Unknown,Unknown,5-021.65,South American,Sacramento,150,Unknown,Unknown,4356,1966-09-19 - 1987-10-01,163,-121.427,38.5478
385478N1214266W001,1294041,1970-11-23T00:00:00Z,39.44,39.44,0,45.3,-5.86,45.3,45.3,NA,Unknown,Water level accuracy is unknown,1,Department of Water Resources,NA,1,Department of Water Resources,NA,NA,8582,08N05E15E001M,NA,Unknown,Unknown,5-021.65,South American,Sacramento,150,Unknown,Unknown,4356,1966-09-19 - 1987-10-01,163,-121.427,38.5478
385478N1214266W001,1294040,1970-10-27T00:00:00Z,39.44,39.44,0,45.3,-5.86,45.3,45.3,NA,Unknown,Water level accuracy is unknown,1,Department of Water Resources,NA,1,Department of Water Resources,NA,NA,8582,08N05E15E001M,NA,Unknown,Unknown,5-021.65,South American,Sacramento,150,Unknown,Unknown,4356,1966-09-19 - 1987-10-01,163,-121.427,38.5478
385478N1214266W001,1294039,1970-09-29T00:00:00Z,39.44,39.44,0,45,-5.56,45,45,NA,Unknown,Water level accuracy is unknown,1,Department of Water Resources,NA,1,Department of Water Resources,NA,NA,8582,08N05E15E001M,NA,Unknown,Unknown,5-021.65,South American,Sacramento,150,Unknown,Unknown,4356,1966-09-19 - 1987-10-01,163,-121.427,38.5478
385478N1214266W001,1294038,1970-08-27T00:00:00Z,39.44,39.44,0,44.7,-5.26,44.7,44.7,NA,Unknown,Water level accuracy is unknown,1,Department of Water Resources,NA,1,Department of Water Resources,NA,NA,8582,08N05E15E001M,NA,Unknown,Unknown,5-021.65,South American,Sacramento,150,Unknown,Unknown,4356,1966-09-19 - 1987-10-01,163,-121.427,38.5478
385478N1214266W001,1294037,1970-07-30T00:00:00Z,39.44,39.44,0,44.3,-4.86,44.3,44.3,NA,Unknown,Water level accuracy is unknown,1,Department of Water Resources,NA,1,Department of Water Resources,NA,NA,8582,08N05E15E001M,NA,Unknown,Unknown,5-021.65,South American,Sacramento,150,Unknown,Unknown,4356,1966-09-19 - 1987-10-01,163,-121.427,38.5478
385478N1214266W001,1294036,1970-06-29T00:00:00Z,39.44,39.44,0,43.9,-4.46,43.9,43.9,NA,Unknown,Water level accuracy is unknown,1,Department of Water Resources,NA,1,Department of Water Resources,NA,NA,8582,08N05E15E001M,NA,Unknown,Unknown,5-021.65,South American,Sacramento,150,Unknown,Unknown,4356,1966-09-19 - 1987-10-01,163,-121.427,38.5478
385478N1214266W001,1294035,1970-05-28T00:00:00Z,39.44,39.44,0,43.5,-4.06,43.5,43.5,NA,Unknown,Water level accuracy is unknown,1,Department of Water Resources,NA,1,Department of Water Resources,NA,NA,8582,08N05E15E001M,NA,Unknown,Unknown,5-021.65,South American,Sacramento,150,Unknown,Unknown,4356,1966-09-19 - 1987-10-01,163,-121.427,38.5478
385478N1214266W001,1294034,1970-04-27T00:00:00Z,39.44,39.44,0,43.3,-3.86,43.3,43.3,NA,Unknown,Water level accuracy is unknown,1,Department of Water Resources,NA,1,Department of Water Resources,NA,NA,8582,08N05E15E001M,NA,Unknown,Unknown,5-021.65,South American,Sacramento,150,Unknown,Unknown,4356,1966-09-19 - 1987-10-01,163,-121.427,38.5478
385478N1214266W001,1294033,1970-03-30T00:00:00Z,39.44,39.44,0,43.6,-4.16,43.6,43.6,NA,Unknown,Water level accuracy is unknown,1,Department of Water Resources,NA,1,Department of Water Resources,NA,NA,8582,08N05E15E001M,NA,Unknown,Unknown,5-021.65,South American,Sacramento,150,Unknown,Unknown,4356,1966-09-19 - 1987-10-01,163,-121.427,38.5478
385478N1214266W001,1294032,1970-02-26T00:00:00Z,39.44,39.44,0,43.7,-4.26,43.7,43.7,NA,Unknown,Water level accuracy is unknown,1,Department of Water Resources,NA,1,Department of Water Resources,NA,NA,8582,08N05E15E001M,NA,Unknown,Unknown,5-021.65,South American,Sacramento,150,Unknown,Unknown,4356,1966-09-19 - 1987-10-01,163,-121.427,38.5478
385478N1214266W001,1294031,1970-01-28T00:00:00Z,39.44,39.44,0,44.3,-4.86,44.3,44.3,NA,Unknown,Water level accuracy is unknown,1,Department of Water Resources,NA,1,Department of Water Resources,NA,NA,8582,08N05E15E001M,NA,Unknown,Unknown,5-021.65,South American,Sacramento,150,Unknown,Unknown,4356,1966-09-19 - 1987-10-01,163,-121.427,38.5478
385478N1214266W001,1294030,1969-12-29T00:00:00Z,39.44,39.44,0,44.7,-5.26,44.7,44.7,NA,Unknown,Water level accuracy is unknown,1,Department of Water Resources,NA,1,Department of Water Resources,NA,NA,8582,08N05E15E001M,NA,Unknown,Unknown,5-021.65,South American,Sacramento,150,Unknown,Unknown,4356,1966-09-19 - 1987-10-01,163,-121.427,38.5478
385478N1214266W001,1294029,1969-11-25T00:00:00Z,39.44,39.44,0,44.8,-5.36,44.8,44.8,NA,Unknown,Water level accuracy is unknown,1,Department of Water Resources,NA,1,Department of Water Resources,NA,NA,8582,08N05E15E001M,NA,Unknown,Unknown,5-021.65,South American,Sacramento,150,Unknown,Unknown,4356,1966-09-19 - 1987-10-01,163,-121.427,38.5478
385478N1214266W001,1294028,1969-10-29T00:00:00Z,39.44,39.44,0,44.9,-5.46,44.9,44.9,NA,Unknown,Water level accuracy is unknown,1,Department of Water Resources,NA,1,Department of Water Resources,NA,NA,8582,08N05E15E001M,NA,Unknown,Unknown,5-021.65,South American,Sacramento,150,Unknown,Unknown,4356,1966-09-19 - 1987-10-01,163,-121.427,38.5478
385478N1214266W001,1294027,1969-09-29T00:00:00Z,39.44,39.44,0,44.8,-5.36,44.8,44.8,NA,Unknown,Water level accuracy is unknown,1,Department of Water Resources,NA,1,Department of Water Resources,NA,NA,8582,08N05E15E001M,NA,Unknown,Unknown,5-021.65,South American,Sacramento,150,Unknown,Unknown,4356,1966-09-19 - 1987-10-01,163,-121.427,38.5478
385478N1214266W001,1294026,1969-08-27T00:00:00Z,39.44,39.44,0,44.4,-4.96,44.4,44.4,NA,Unknown,Water level accuracy is unknown,1,Department of Water Resources,NA,1,Department of Water Resources,NA,NA,8582,08N05E15E001M,NA,Unknown,Unknown,5-021.65,South American,Sacramento,150,Unknown,Unknown,4356,1966-09-19 - 1987-10-01,163,-121.427,38.5478
385478N1214266W001,1294025,1969-07-28T00:00:00Z,39.44,39.44,0,44,-4.56,44,44,NA,Unknown,Water level accuracy is unknown,1,Department of Water Resources,NA,1,Department of Water Resources,NA,NA,8582,08N05E15E001M,NA,Unknown,Unknown,5-021.65,South American,Sacramento,150,Unknown,Unknown,4356,1966-09-19 - 1987-10-01,163,-121.427,38.5478
385478N1214266W001,1294024,1969-06-25T00:00:00Z,39.44,39.44,0,43.4,-3.96,43.4,43.4,NA,Unknown,Water level accuracy is unknown,1,Department of Water Resources,NA,1,Department of Water Resources,NA,NA,8582,08N05E15E001M,NA,Unknown,Unknown,5-021.65,South American,Sacramento,150,Unknown,Unknown,4356,1966-09-19 - 1987-10-01,163,-121.427,38.5478
385478N1214266W001,1294023,1969-05-27T00:00:00Z,39.44,39.44,0,43.5,-4.06,43.5,43.5,NA,Unknown,Water level accuracy is unknown,1,Department of Water Resources,NA,1,Department of Water Resources,NA,NA,8582,08N05E15E001M,NA,Unknown,Unknown,5-021.65,South American,Sacramento,150,Unknown,Unknown,4356,1966-09-19 - 1987-10-01,163,-121.427,38.5478
385478N1214266W001,1294022,1969-04-23T00:00:00Z,39.44,39.44,0,43.8,-4.36,43.8,43.8,NA,Unknown,Water level accuracy is unknown,1,Department of Water Resources,NA,1,Department of Water Resources,NA,NA,8582,08N05E15E001M,NA,Unknown,Unknown,5-021.65,South American,Sacramento,150,Unknown,Unknown,4356,1966-09-19 - 1987-10-01,163,-121.427,38.5478
385478N1214266W001,1294021,1969-03-25T00:00:00Z,39.44,39.44,0,44.3,-4.86,44.3,44.3,NA,Unknown,Water level accuracy is unknown,1,Department of Water Resources,NA,1,Department of Water Resources,NA,NA,8582,08N05E15E001M,NA,Unknown,Unknown,5-021.65,South American,Sacramento,150,Unknown,Unknown,4356,1966-09-19 - 1987-10-01,163,-121.427,38.5478
385478N1214266W001,1294020,1969-02-25T00:00:00Z,39.44,39.44,0,45.1,-5.66,45.1,45.1,NA,Unknown,Water level accuracy is unknown,1,Department of Water Resources,NA,1,Department of Water Resources,NA,NA,8582,08N05E15E001M,NA,Unknown,Unknown,5-021.65,South American,Sacramento,150,Unknown,Unknown,4356,1966-09-19 - 1987-10-01,163,-121.427,38.5478
385478N1214266W001,1294019,1969-01-28T00:00:00Z,39.44,39.44,0,45.8,-6.36,45.8,45.8,NA,Unknown,Water level accuracy is unknown,1,Department of Water Resources,NA,1,Department of Water Resources,NA,NA,8582,08N05E15E001M,NA,Unknown,Unknown,5-021.65,South American,Sacramento,150,Unknown,Unknown,4356,1966-09-19 - 1987-10-01,163,-121.427,38.5478
385478N1214266W001,1294018,1968-12-24T00:00:00Z,39.44,39.44,0,46.4,-6.96,46.4,46.4,NA,Unknown,Water level accuracy is unknown,1,Department of Water Resources,NA,1,Department of Water Resources,NA,NA,8582,08N05E15E001M,NA,Unknown,Unknown,5-021.65,South American,Sacramento,150,Unknown,Unknown,4356,1966-09-19 - 1987-10-01,163,-121.427,38.5478
385478N1214266W001,1294017,1968-11-26T00:00:00Z,39.44,39.44,0,46.7,-7.26,46.7,46.7,NA,Unknown,Water level accuracy is unknown,1,Department of Water Resources,NA,1,Department of Water Resources,NA,NA,8582,08N05E15E001M,NA,Unknown,Unknown,5-021.65,South American,Sacramento,150,Unknown,Unknown,4356,1966-09-19 - 1987-10-01,163,-121.427,38.5478
385478N1214266W001,1294016,1968-10-29T00:00:00Z,39.44,39.44,0,46.8,-7.36,46.8,46.8,NA,Unknown,Water level accuracy is unknown,1,Department of Water Resources,NA,1,Department of Water Resources,NA,NA,8582,08N05E15E001M,NA,Unknown,Unknown,5-021.65,South American,Sacramento,150,Unknown,Unknown,4356,1966-09-19 - 1987-10-01,163,-121.427,38.5478
385478N1214266W001,1294015,1968-09-25T00:00:00Z,39.44,39.44,0,46.7,-7.26,46.7,46.7,NA,Unknown,Water level accuracy is unknown,1,Department of Water Resources,NA,1,Department of Water Resources,NA,NA,8582,08N05E15E001M,NA,Unknown,Unknown,5-021.65,South American,Sacramento,150,Unknown,Unknown,4356,1966-09-19 - 1987-10-01,163,-121.427,38.5478
385478N1214266W001,1294014,1968-08-29T00:00:00Z,39.44,39.44,0,46.5,-7.06,46.5,46.5,NA,Unknown,Water level accuracy is unknown,1,Department of Water Resources,NA,1,Department of Water Resources,NA,NA,8582,08N05E15E001M,NA,Unknown,Unknown,5-021.65,South American,Sacramento,150,Unknown,Unknown,4356,1966-09-19 - 1987-10-01,163,-121.427,38.5478
385478N1214266W001,1294013,1968-07-26T00:00:00Z,39.44,39.44,0,46.3,-6.86,46.3,46.3,NA,Unknown,Water level accuracy is unknown,1,Department of Water Resources,NA,1,Department of Water Resources,NA,NA,8582,08N05E15E001M,NA,Unknown,Unknown,5-021.65,South American,Sacramento,150,Unknown,Unknown,4356,1966-09-19 - 1987-10-01,163,-121.427,38.5478
385478N1214266W001,1294012,1968-06-26T00:00:00Z,39.44,39.44,0,45.7,-6.26,45.7,45.7,NA,Unknown,Water level accuracy is unknown,1,Department of Water Resources,NA,1,Department of Water Resources,NA,NA,8582,08N05E15E001M,NA,Unknown,Unknown,5-021.65,South American,Sacramento,150,Unknown,Unknown,4356,1966-09-19 - 1987-10-01,163,-121.427,38.5478
385478N1214266W001,1294011,1968-05-27T00:00:00Z,39.44,39.44,0,45.1,-5.66,45.1,45.1,NA,Unknown,Water level accuracy is unknown,1,Department of Water Resources,NA,1,Department of Water Resources,NA,NA,8582,08N05E15E001M,NA,Unknown,Unknown,5-021.65,South American,Sacramento,150,Unknown,Unknown,4356,1966-09-19 - 1987-10-01,163,-121.427,38.5478
385478N1214266W001,1294010,1968-04-26T00:00:00Z,39.44,39.44,0,44.7,-5.26,44.7,44.7,NA,Unknown,Water level accuracy is unknown,1,Department of Water Resources,NA,1,Department of Water Resources,NA,NA,8582,08N05E15E001M,NA,Unknown,Unknown,5-021.65,South American,Sacramento,150,Unknown,Unknown,4356,1966-09-19 - 1987-10-01,163,-121.427,38.5478
385478N1214266W001,1294009,1968-03-22T00:00:00Z,39.44,39.44,0,44.8,-5.36,44.8,44.8,NA,Unknown,Water level accuracy is unknown,1,Department of Water Resources,NA,1,Department of Water Resources,NA,NA,8582,08N05E15E001M,NA,Unknown,Unknown,5-021.65,South American,Sacramento,150,Unknown,Unknown,4356,1966-09-19 - 1987-10-01,163,-121.427,38.5478
385478N1214266W001,1294008,1968-02-28T00:00:00Z,39.44,39.44,0,44.9,-5.46,44.9,44.9,NA,Unknown,Water level accuracy is unknown,1,Department of Water Resources,NA,1,Department of Water Resources,NA,NA,8582,08N05E15E001M,NA,Unknown,Unknown,5-021.65,South American,Sacramento,150,Unknown,Unknown,4356,1966-09-19 - 1987-10-01,163,-121.427,38.5478
385478N1214266W001,1294007,1968-01-30T00:00:00Z,39.44,39.44,0,45,-5.56,45,45,NA,Unknown,Water level accuracy is unknown,1,Department of Water Resources,NA,1,Department of Water Resources,NA,NA,8582,08N05E15E001M,NA,Unknown,Unknown,5-021.65,South American,Sacramento,150,Unknown,Unknown,4356,1966-09-19 - 1987-10-01,163,-121.427,38.5478
385478N1214266W001,1294006,1967-12-27T00:00:00Z,39.44,39.44,0,45.2,-5.76,45.2,45.2,NA,Unknown,Water level accuracy is unknown,1,Department of Water Resources,NA,1,Department of Water Resources,NA,NA,8582,08N05E15E001M,NA,Unknown,Unknown,5-021.65,South American,Sacramento,150,Unknown,Unknown,4356,1966-09-19 - 1987-10-01,163,-121.427,38.5478
385478N1214266W001,1294005,1967-11-28T00:00:00Z,39.44,39.44,0,45.5,-6.06,45.5,45.5,NA,Unknown,Water level accuracy is unknown,1,Department of Water Resources,NA,1,Department of Water Resources,NA,NA,8582,08N05E15E001M,NA,Unknown,Unknown,5-021.65,South American,Sacramento,150,Unknown,Unknown,4356,1966-09-19 - 1987-10-01,163,-121.427,38.5478
385478N1214266W001,1294004,1967-10-25T00:00:00Z,39.44,39.44,0,45.6,-6.16,45.6,45.6,NA,Unknown,Water level accuracy is unknown,1,Department of Water Resources,NA,1,Department of Water Resources,NA,NA,8582,08N05E15E001M,NA,Unknown,Unknown,5-021.65,South American,Sacramento,150,Unknown,Unknown,4356,1966-09-19 - 1987-10-01,163,-121.427,38.5478
385478N1214266W001,1294003,1967-09-26T00:00:00Z,39.44,39.44,0,45.5,-6.06,45.5,45.5,NA,Unknown,Water level accuracy is unknown,1,Department of Water Resources,NA,1,Department of Water Resources,NA,NA,8582,08N05E15E001M,NA,Unknown,Unknown,5-021.65,South American,Sacramento,150,Unknown,Unknown,4356,1966-09-19 - 1987-10-01,163,-121.427,38.5478
385478N1214266W001,1294002,1967-08-29T00:00:00Z,39.44,39.44,0,45.2,-5.76,45.2,45.2,NA,Unknown,Water level accuracy is unknown,1,Department of Water Resources,NA,1,Department of Water Resources,NA,NA,8582,08N05E15E001M,NA,Unknown,Unknown,5-021.65,South American,Sacramento,150,Unknown,Unknown,4356,1966-09-19 - 1987-10-01,163,-121.427,38.5478
385478N1214266W001,1294001,1967-07-26T00:00:00Z,39.44,39.44,0,44.7,-5.26,44.7,44.7,NA,Unknown,Water level accuracy is unknown,1,Department of Water Resources,NA,1,Department of Water Resources,NA,NA,8582,08N05E15E001M,NA,Unknown,Unknown,5-021.65,South American,Sacramento,150,Unknown,Unknown,4356,1966-09-19 - 1987-10-01,163,-121.427,38.5478
385478N1214266W001,1294000,1967-06-27T00:00:00Z,39.44,39.44,0,44.4,-4.96,44.4,44.4,NA,Unknown,Water level accuracy is unknown,1,Department of Water Resources,NA,1,Department of Water Resources,NA,NA,8582,08N05E15E001M,NA,Unknown,Unknown,5-021.65,South American,Sacramento,150,Unknown,Unknown,4356,1966-09-19 - 1987-10-01,163,-121.427,38.5478
385478N1214266W001,1293999,1967-05-25T00:00:00Z,39.44,39.44,0,44.6,-5.16,44.6,44.6,NA,Unknown,Water level accuracy is unknown,1,Department of Water Resources,PUMP REMOVED,1,Department of Water Resources,NA,NA,8582,08N05E15E001M,NA,Unknown,Unknown,5-021.65,South American,Sacramento,150,Unknown,Unknown,4356,1966-09-19 - 1987-10-01,163,-121.427,38.5478
385478N1214266W001,1293998,1967-04-26T00:00:00Z,39.44,39.44,0,44.9,-5.46,44.9,44.9,NA,Unknown,Water level accuracy is unknown,1,Department of Water Resources,NA,1,Department of Water Resources,NA,NA,8582,08N05E15E001M,NA,Unknown,Unknown,5-021.65,South American,Sacramento,150,Unknown,Unknown,4356,1966-09-19 - 1987-10-01,163,-121.427,38.5478
385478N1214266W001,1293997,1967-03-29T00:00:00Z,39.44,39.44,0,45.5,-6.06,45.5,45.5,NA,Unknown,Water level accuracy is unknown,1,Department of Water Resources,NA,1,Department of Water Resources,NA,NA,8582,08N05E15E001M,NA,Unknown,Unknown,5-021.65,South American,Sacramento,150,Unknown,Unknown,4356,1966-09-19 - 1987-10-01,163,-121.427,38.5478
385478N1214266W001,1293996,1967-03-07T00:00:00Z,39.44,39.44,0,45.7,-6.26,45.7,45.7,NA,Unknown,Water level accuracy is unknown,1,Department of Water Resources,NA,1,Department of Water Resources,NA,NA,8582,08N05E15E001M,NA,Unknown,Unknown,5-021.65,South American,Sacramento,150,Unknown,Unknown,4356,1966-09-19 - 1987-10-01,163,-121.427,38.5478
385478N1214266W001,1293995,1966-10-03T00:00:00Z,39.44,39.44,0,47.9,-8.46,47.9,47.9,NA,Unknown,Water level accuracy is unknown,1,Department of Water Resources,NA,1,Department of Water Resources,NA,NA,8582,08N05E15E001M,NA,Unknown,Unknown,5-021.65,South American,Sacramento,150,Unknown,Unknown,4356,1966-09-19 - 1987-10-01,163,-121.427,38.5478
385478N1214266W001,1293994,1966-09-19T00:00:00Z,39.44,39.44,0,51.4,-11.96,51.4,51.4,NA,Unknown,Water level accuracy is unknown,1,Department of Water Resources,NA,1,Department of Water Resources,NA,NA,8582,08N05E15E001M,NA,Unknown,Unknown,5-021.65,South American,Sacramento,150,Unknown,Unknown,4356,1966-09-19 - 1987-10-01,163,-121.427,38.5478
