SITE_CODE,WLM_ID,MSMT_DATE,WLM_RPE,WLM_GSE,RDNG_WS,RDNG_RP,WSE,RPE_WSE,GSE_WSE,WLM_QA_DESC,WLM_DESC,WLM_ACC_DESC,WLM_ORG_ID,WLM_ORG_NAME,MSMT_CMT,COOP_AGENCY_ORG_ID,COOP_ORG_NAME,TOP_PRF,BOT_PRF,STN_ID,SWN,WELL_NAME,WLM_METHOD,WLM_ACC,BASIN_CODE,BASIN_NAME,COUNTY_NAME,WELL_DEPTH,WELL_USE,WELL_TYPE,WCR_NO,t_range,n_samples,X,Y
385411N1213099W001,1294965,1974-07-29T00:00:00Z,75.52,74.52,0,68.4,7.12,68.4,67.4,NA,Unknown,Water level accuracy is unknown,1,Department of Water Resources,NA,1,Department of Water Resources,NA,NA,8726,08N06E15P001M,NA,Unknown,Unknown,5-021.65,South American,Sacramento,152,Unknown,Unknown,NA,1961-11-30 - 1974-09-26,172,-121.31,38.5411
385411N1213099W001,1294964,1974-06-27T00:00:00Z,75.52,74.52,0,67.8,7.72,67.8,66.8,NA,Unknown,Water level accuracy is unknown,1,Department of Water Resources,NA,1,Department of Water Resources,NA,NA,8726,08N06E15P001M,NA,Unknown,Unknown,5-021.65,South American,Sacramento,152,Unknown,Unknown,NA,1961-11-30 - 1974-09-26,172,-121.31,38.5411
385411N1213099W001,1294963,1974-05-30T00:00:00Z,75.52,74.52,0,65.7,9.82,65.7,64.7,NA,Unknown,Water level accuracy is unknown,1,Department of Water Resources,NA,1,Department of Water Resources,NA,NA,8726,08N06E15P001M,NA,Unknown,Unknown,5-021.65,South American,Sacramento,152,Unknown,Unknown,NA,1961-11-30 - 1974-09-26,172,-121.31,38.5411
385411N1213099W001,1294962,1974-04-25T00:00:00Z,75.52,74.52,0,61.7,13.82,61.7,60.7,NA,Unknown,Water level accuracy is unknown,1,Department of Water Resources,NA,1,Department of Water Resources,NA,NA,8726,08N06E15P001M,NA,Unknown,Unknown,5-021.65,South American,Sacramento,152,Unknown,Unknown,NA,1961-11-30 - 1974-09-26,172,-121.31,38.5411
385411N1213099W001,1294961,1974-03-28T00:00:00Z,75.52,74.52,0,61.7,13.82,61.7,60.7,NA,Unknown,Water level accuracy is unknown,1,Department of Water Resources,NA,1,Department of Water Resources,NA,NA,8726,08N06E15P001M,NA,Unknown,Unknown,5-021.65,South American,Sacramento,152,Unknown,Unknown,NA,1961-11-30 - 1974-09-26,172,-121.31,38.5411
385411N1213099W001,1294960,1974-02-27T00:00:00Z,75.52,74.52,0,62,13.52,62,61,NA,Unknown,Water level accuracy is unknown,1,Department of Water Resources,NA,1,Department of Water Resources,NA,NA,8726,08N06E15P001M,NA,Unknown,Unknown,5-021.65,South American,Sacramento,152,Unknown,Unknown,NA,1961-11-30 - 1974-09-26,172,-121.31,38.5411
385411N1213099W001,1294959,1974-01-31T00:00:00Z,75.52,74.52,0,62.4,13.12,62.4,61.4,NA,Unknown,Water level accuracy is unknown,1,Department of Water Resources,NA,1,Department of Water Resources,NA,NA,8726,08N06E15P001M,NA,Unknown,Unknown,5-021.65,South American,Sacramento,152,Unknown,Unknown,NA,1961-11-30 - 1974-09-26,172,-121.31,38.5411
385411N1213099W001,1294958,1973-12-26T00:00:00Z,75.52,74.52,0,63.2,12.32,63.2,62.2,NA,Unknown,Water level accuracy is unknown,1,Department of Water Resources,NA,1,Department of Water Resources,NA,NA,8726,08N06E15P001M,NA,Unknown,Unknown,5-021.65,South American,Sacramento,152,Unknown,Unknown,NA,1961-11-30 - 1974-09-26,172,-121.31,38.5411
385411N1213099W001,1294957,1973-11-28T00:00:00Z,75.52,74.52,0,64.1,11.42,64.1,63.1,NA,Unknown,Water level accuracy is unknown,1,Department of Water Resources,NA,1,Department of Water Resources,NA,NA,8726,08N06E15P001M,NA,Unknown,Unknown,5-021.65,South American,Sacramento,152,Unknown,Unknown,NA,1961-11-30 - 1974-09-26,172,-121.31,38.5411
385411N1213099W001,1294956,1973-10-30T00:00:00Z,75.52,74.52,0,65.2,10.32,65.2,64.2,NA,Unknown,Water level accuracy is unknown,1,Department of Water Resources,NA,1,Department of Water Resources,NA,NA,8726,08N06E15P001M,NA,Unknown,Unknown,5-021.65,South American,Sacramento,152,Unknown,Unknown,NA,1961-11-30 - 1974-09-26,172,-121.31,38.5411
385411N1213099W001,1294955,1973-09-27T00:00:00Z,75.52,74.52,0,67.8,7.72,67.8,66.8,NA,Unknown,Water level accuracy is unknown,1,Department of Water Resources,NA,1,Department of Water Resources,NA,NA,8726,08N06E15P001M,NA,Unknown,Unknown,5-021.65,South American,Sacramento,152,Unknown,Unknown,NA,1961-11-30 - 1974-09-26,172,-121.31,38.5411
385411N1213099W001,1294954,1973-08-30T00:00:00Z,75.52,74.52,0,69,6.52,69,68,NA,Unknown,Water level accuracy is unknown,1,Department of Water Resources,NA,1,Department of Water Resources,NA,NA,8726,08N06E15P001M,NA,Unknown,Unknown,5-021.65,South American,Sacramento,152,Unknown,Unknown,NA,1961-11-30 - 1974-09-26,172,-121.31,38.5411
385411N1213099W001,1294953,1973-07-30T00:00:00Z,75.52,74.52,0,69.4,6.12,69.4,68.4,NA,Unknown,Water level accuracy is unknown,1,Department of Water Resources,NA,1,Department of Water Resources,NA,NA,8726,08N06E15P001M,NA,Unknown,Unknown,5-021.65,South American,Sacramento,152,Unknown,Unknown,NA,1961-11-30 - 1974-09-26,172,-121.31,38.5411
385411N1213099W001,1294952,1973-06-28T00:00:00Z,75.52,74.52,0,68.1,7.42,68.1,67.1,NA,Unknown,Water level accuracy is unknown,1,Department of Water Resources,NA,1,Department of Water Resources,NA,NA,8726,08N06E15P001M,NA,Unknown,Unknown,5-021.65,South American,Sacramento,152,Unknown,Unknown,NA,1961-11-30 - 1974-09-26,172,-121.31,38.5411
385411N1213099W001,1294951,1973-05-30T00:00:00Z,75.52,74.52,0,65.9,9.62,65.9,64.9,NA,Unknown,Water level accuracy is unknown,1,Department of Water Resources,NA,1,Department of Water Resources,NA,NA,8726,08N06E15P001M,NA,Unknown,Unknown,5-021.65,South American,Sacramento,152,Unknown,Unknown,NA,1961-11-30 - 1974-09-26,172,-121.31,38.5411
385411N1213099W001,1294950,1973-04-26T00:00:00Z,75.52,74.52,0,63.5,12.02,63.5,62.5,NA,Unknown,Water level accuracy is unknown,1,Department of Water Resources,NA,1,Department of Water Resources,NA,NA,8726,08N06E15P001M,NA,Unknown,Unknown,5-021.65,South American,Sacramento,152,Unknown,Unknown,NA,1961-11-30 - 1974-09-26,172,-121.31,38.5411
385411N1213099W001,1294949,1973-03-30T00:00:00Z,75.52,74.52,0,61.3,14.22,61.3,60.3,NA,Unknown,Water level accuracy is unknown,1,Department of Water Resources,NA,1,Department of Water Resources,NA,NA,8726,08N06E15P001M,NA,Unknown,Unknown,5-021.65,South American,Sacramento,152,Unknown,Unknown,NA,1961-11-30 - 1974-09-26,172,-121.31,38.5411
385411N1213099W001,1294948,1973-02-27T00:00:00Z,75.52,74.52,0,61.8,13.72,61.8,60.8,NA,Unknown,Water level accuracy is unknown,1,Department of Water Resources,NA,1,Department of Water Resources,NA,NA,8726,08N06E15P001M,NA,Unknown,Unknown,5-021.65,South American,Sacramento,152,Unknown,Unknown,NA,1961-11-30 - 1974-09-26,172,-121.31,38.5411
385411N1213099W001,1294947,1973-01-30T00:00:00Z,75.52,74.52,0,62.5,13.02,62.5,61.5,NA,Unknown,Water level accuracy is unknown,1,Department of Water Resources,NA,1,Department of Water Resources,NA,NA,8726,08N06E15P001M,NA,Unknown,Unknown,5-021.65,South American,Sacramento,152,Unknown,Unknown,NA,1961-11-30 - 1974-09-26,172,-121.31,38.5411
385411N1213099W001,1294946,1972-12-27T00:00:00Z,75.52,74.52,0,63.2,12.32,63.2,62.2,NA,Unknown,Water level accuracy is unknown,1,Department of Water Resources,NA,1,Department of Water Resources,NA,NA,8726,08N06E15P001M,NA,Unknown,Unknown,5-021.65,South American,Sacramento,152,Unknown,Unknown,NA,1961-11-30 - 1974-09-26,172,-121.31,38.5411
385411N1213099W001,1294945,1972-11-28T00:00:00Z,75.52,74.52,0,63.6,11.92,63.6,62.6,NA,Unknown,Water level accuracy is unknown,1,Department of Water Resources,NA,1,Department of Water Resources,NA,NA,8726,08N06E15P001M,NA,Unknown,Unknown,5-021.65,South American,Sacramento,152,Unknown,Unknown,NA,1961-11-30 - 1974-09-26,172,-121.31,38.5411
385411N1213099W001,1294944,1972-10-30T00:00:00Z,75.52,74.52,0,64.6,10.92,64.6,63.6,NA,Unknown,Water level accuracy is unknown,1,Department of Water Resources,NA,1,Department of Water Resources,NA,NA,8726,08N06E15P001M,NA,Unknown,Unknown,5-021.65,South American,Sacramento,152,Unknown,Unknown,NA,1961-11-30 - 1974-09-26,172,-121.31,38.5411
385411N1213099W001,1294943,1972-09-28T00:00:00Z,75.52,74.52,0,67.2,8.32,67.2,66.2,NA,Unknown,Water level accuracy is unknown,1,Department of Water Resources,NA,1,Department of Water Resources,NA,NA,8726,08N06E15P001M,NA,Unknown,Unknown,5-021.65,South American,Sacramento,152,Unknown,Unknown,NA,1961-11-30 - 1974-09-26,172,-121.31,38.5411
385411N1213099W001,1294942,1972-08-29T00:00:00Z,75.52,74.52,0,69.1,6.42,69.1,68.1,NA,Unknown,Water level accuracy is unknown,1,Department of Water Resources,NA,1,Department of Water Resources,NA,NA,8726,08N06E15P001M,NA,Unknown,Unknown,5-021.65,South American,Sacramento,152,Unknown,Unknown,NA,1961-11-30 - 1974-09-26,172,-121.31,38.5411
385411N1213099W001,1294941,1972-07-27T00:00:00Z,75.52,74.52,0,68.7,6.82,68.7,67.7,NA,Unknown,Water level accuracy is unknown,1,Department of Water Resources,NA,1,Department of Water Resources,NA,NA,8726,08N06E15P001M,NA,Unknown,Unknown,5-021.65,South American,Sacramento,152,Unknown,Unknown,NA,1961-11-30 - 1974-09-26,172,-121.31,38.5411
385411N1213099W001,1294940,1972-06-29T00:00:00Z,75.52,74.52,0,67.3,8.22,67.3,66.3,NA,Unknown,Water level accuracy is unknown,1,Department of Water Resources,NA,1,Department of Water Resources,NA,NA,8726,08N06E15P001M,NA,Unknown,Unknown,5-021.65,South American,Sacramento,152,Unknown,Unknown,NA,1961-11-30 - 1974-09-26,172,-121.31,38.5411
385411N1213099W001,1294939,1972-05-30T00:00:00Z,75.52,74.52,0,65.2,10.32,65.2,64.2,NA,Unknown,Water level accuracy is unknown,1,Department of Water Resources,NA,1,Department of Water Resources,NA,NA,8726,08N06E15P001M,NA,Unknown,Unknown,5-021.65,South American,Sacramento,152,Unknown,Unknown,NA,1961-11-30 - 1974-09-26,172,-121.31,38.5411
385411N1213099W001,1294938,1972-04-27T00:00:00Z,75.52,74.52,0,62.6,12.92,62.6,61.6,NA,Unknown,Water level accuracy is unknown,1,Department of Water Resources,NA,1,Department of Water Resources,NA,NA,8726,08N06E15P001M,NA,Unknown,Unknown,5-021.65,South American,Sacramento,152,Unknown,Unknown,NA,1961-11-30 - 1974-09-26,172,-121.31,38.5411
385411N1213099W001,1294937,1972-03-29T00:00:00Z,75.52,74.52,0,61.7,13.82,61.7,60.7,NA,Unknown,Water level accuracy is unknown,1,Department of Water Resources,NA,1,Department of Water Resources,NA,NA,8726,08N06E15P001M,NA,Unknown,Unknown,5-021.65,South American,Sacramento,152,Unknown,Unknown,NA,1961-11-30 - 1974-09-26,172,-121.31,38.5411
385411N1213099W001,1294936,1972-02-28T00:00:00Z,75.52,74.52,0,60.6,14.92,60.6,59.6,NA,Unknown,Water level accuracy is unknown,1,Department of Water Resources,NA,1,Department of Water Resources,NA,NA,8726,08N06E15P001M,NA,Unknown,Unknown,5-021.65,South American,Sacramento,152,Unknown,Unknown,NA,1961-11-30 - 1974-09-26,172,-121.31,38.5411
385411N1213099W001,1294935,1972-01-26T00:00:00Z,75.52,74.52,0,61,14.52,61,60,NA,Unknown,Water level accuracy is unknown,1,Department of Water Resources,NA,1,Department of Water Resources,NA,NA,8726,08N06E15P001M,NA,Unknown,Unknown,5-021.65,South American,Sacramento,152,Unknown,Unknown,NA,1961-11-30 - 1974-09-26,172,-121.31,38.5411
385411N1213099W001,1294934,1971-12-29T00:00:00Z,75.52,74.52,0,61.4,14.12,61.4,60.4,NA,Unknown,Water level accuracy is unknown,1,Department of Water Resources,NA,1,Department of Water Resources,NA,NA,8726,08N06E15P001M,NA,Unknown,Unknown,5-021.65,South American,Sacramento,152,Unknown,Unknown,NA,1961-11-30 - 1974-09-26,172,-121.31,38.5411
385411N1213099W001,1294933,1971-11-29T00:00:00Z,75.52,74.52,0,62.3,13.22,62.3,61.3,NA,Unknown,Water level accuracy is unknown,1,Department of Water Resources,NA,1,Department of Water Resources,NA,NA,8726,08N06E15P001M,NA,Unknown,Unknown,5-021.65,South American,Sacramento,152,Unknown,Unknown,NA,1961-11-30 - 1974-09-26,172,-121.31,38.5411
385411N1213099W001,1294932,1971-10-28T00:00:00Z,75.52,74.52,0,63.9,11.62,63.9,62.9,NA,Unknown,Water level accuracy is unknown,1,Department of Water Resources,NA,1,Department of Water Resources,NA,NA,8726,08N06E15P001M,NA,Unknown,Unknown,5-021.65,South American,Sacramento,152,Unknown,Unknown,NA,1961-11-30 - 1974-09-26,172,-121.31,38.5411
385411N1213099W001,1294931,1971-09-29T00:00:00Z,75.52,74.52,0,66,9.52,66,65,NA,Unknown,Water level accuracy is unknown,1,Department of Water Resources,NA,1,Department of Water Resources,NA,NA,8726,08N06E15P001M,NA,Unknown,Unknown,5-021.65,South American,Sacramento,152,Unknown,Unknown,NA,1961-11-30 - 1974-09-26,172,-121.31,38.5411
385411N1213099W001,1294930,1971-08-30T00:00:00Z,75.52,74.52,0,66.5,9.02,66.5,65.5,NA,Unknown,Water level accuracy is unknown,1,Department of Water Resources,NA,1,Department of Water Resources,NA,NA,8726,08N06E15P001M,NA,Unknown,Unknown,5-021.65,South American,Sacramento,152,Unknown,Unknown,NA,1961-11-30 - 1974-09-26,172,-121.31,38.5411
385411N1213099W001,1294929,1971-07-29T00:00:00Z,75.52,74.52,0,66.3,9.22,66.3,65.3,NA,Unknown,Water level accuracy is unknown,1,Department of Water Resources,NA,1,Department of Water Resources,NA,NA,8726,08N06E15P001M,NA,Unknown,Unknown,5-021.65,South American,Sacramento,152,Unknown,Unknown,NA,1961-11-30 - 1974-09-26,172,-121.31,38.5411
385411N1213099W001,1294928,1971-06-29T00:00:00Z,75.52,74.52,0,64.6,10.92,64.6,63.6,NA,Unknown,Water level accuracy is unknown,1,Department of Water Resources,NA,1,Department of Water Resources,NA,NA,8726,08N06E15P001M,NA,Unknown,Unknown,5-021.65,South American,Sacramento,152,Unknown,Unknown,NA,1961-11-30 - 1974-09-26,172,-121.31,38.5411
385411N1213099W001,1294927,1971-05-26T00:00:00Z,75.52,74.52,0,62,13.52,62,61,NA,Unknown,Water level accuracy is unknown,1,Department of Water Resources,NA,1,Department of Water Resources,NA,NA,8726,08N06E15P001M,NA,Unknown,Unknown,5-021.65,South American,Sacramento,152,Unknown,Unknown,NA,1961-11-30 - 1974-09-26,172,-121.31,38.5411
385411N1213099W001,1294925,1971-04-28T00:00:00Z,75.52,74.52,0,60.5,15.02,60.5,59.5,NA,Unknown,Water level accuracy is unknown,1,Department of Water Resources,NA,1,Department of Water Resources,NA,NA,8726,08N06E15P001M,NA,Unknown,Unknown,5-021.65,South American,Sacramento,152,Unknown,Unknown,NA,1961-11-30 - 1974-09-26,172,-121.31,38.5411
385411N1213099W001,1294924,1971-03-30T00:00:00Z,75.52,74.52,0,58.9,16.62,58.9,57.9,NA,Unknown,Water level accuracy is unknown,1,Department of Water Resources,NA,1,Department of Water Resources,NA,NA,8726,08N06E15P001M,NA,Unknown,Unknown,5-021.65,South American,Sacramento,152,Unknown,Unknown,NA,1961-11-30 - 1974-09-26,172,-121.31,38.5411
385411N1213099W001,1294923,1971-02-24T00:00:00Z,75.52,74.52,0,59.1,16.42,59.1,58.1,NA,Unknown,Water level accuracy is unknown,1,Department of Water Resources,NA,1,Department of Water Resources,NA,NA,8726,08N06E15P001M,NA,Unknown,Unknown,5-021.65,South American,Sacramento,152,Unknown,Unknown,NA,1961-11-30 - 1974-09-26,172,-121.31,38.5411
385411N1213099W001,1294922,1971-01-25T00:00:00Z,75.52,74.52,0,59.6,15.92,59.6,58.6,NA,Unknown,Water level accuracy is unknown,1,Department of Water Resources,NA,1,Department of Water Resources,NA,NA,8726,08N06E15P001M,NA,Unknown,Unknown,5-021.65,South American,Sacramento,152,Unknown,Unknown,NA,1961-11-30 - 1974-09-26,172,-121.31,38.5411
385411N1213099W001,1294921,1970-12-28T00:00:00Z,75.52,74.52,0,59.9,15.62,59.9,58.9,NA,Unknown,Water level accuracy is unknown,1,Department of Water Resources,NA,1,Department of Water Resources,NA,NA,8726,08N06E15P001M,NA,Unknown,Unknown,5-021.65,South American,Sacramento,152,Unknown,Unknown,NA,1961-11-30 - 1974-09-26,172,-121.31,38.5411
385411N1213099W001,1294920,1970-11-24T00:00:00Z,75.52,74.52,0,61,14.52,61,60,NA,Unknown,Water level accuracy is unknown,1,Department of Water Resources,NA,1,Department of Water Resources,NA,NA,8726,08N06E15P001M,NA,Unknown,Unknown,5-021.65,South American,Sacramento,152,Unknown,Unknown,NA,1961-11-30 - 1974-09-26,172,-121.31,38.5411
385411N1213099W001,1294919,1970-10-28T00:00:00Z,75.52,74.52,0,62.5,13.02,62.5,61.5,NA,Unknown,Water level accuracy is unknown,1,Department of Water Resources,NA,1,Department of Water Resources,NA,NA,8726,08N06E15P001M,NA,Unknown,Unknown,5-021.65,South American,Sacramento,152,Unknown,Unknown,NA,1961-11-30 - 1974-09-26,172,-121.31,38.5411
385411N1213099W001,1294917,1970-09-29T00:00:00Z,75.52,74.52,0,65.1,10.42,65.1,64.1,NA,Unknown,Water level accuracy is unknown,1,Department of Water Resources,NA,1,Department of Water Resources,NA,NA,8726,08N06E15P001M,NA,Unknown,Unknown,5-021.65,South American,Sacramento,152,Unknown,Unknown,NA,1961-11-30 - 1974-09-26,172,-121.31,38.5411
385411N1213099W001,1294916,1970-08-27T00:00:00Z,75.52,74.52,0,65.5,10.02,65.5,64.5,NA,Unknown,Water level accuracy is unknown,1,Department of Water Resources,NA,1,Department of Water Resources,NA,NA,8726,08N06E15P001M,NA,Unknown,Unknown,5-021.65,South American,Sacramento,152,Unknown,Unknown,NA,1961-11-30 - 1974-09-26,172,-121.31,38.5411
385411N1213099W001,1294915,1970-07-30T00:00:00Z,75.52,74.52,0,65.6,9.92,65.6,64.6,NA,Unknown,Water level accuracy is unknown,1,Department of Water Resources,NA,1,Department of Water Resources,NA,NA,8726,08N06E15P001M,NA,Unknown,Unknown,5-021.65,South American,Sacramento,152,Unknown,Unknown,NA,1961-11-30 - 1974-09-26,172,-121.31,38.5411
385411N1213099W001,1294914,1970-06-29T00:00:00Z,75.52,74.52,0,63.7,11.82,63.7,62.7,NA,Unknown,Water level accuracy is unknown,1,Department of Water Resources,NA,1,Department of Water Resources,NA,NA,8726,08N06E15P001M,NA,Unknown,Unknown,5-021.65,South American,Sacramento,152,Unknown,Unknown,NA,1961-11-30 - 1974-09-26,172,-121.31,38.5411
385411N1213099W001,1294913,1970-05-28T00:00:00Z,75.52,74.52,0,62.2,13.32,62.2,61.2,NA,Unknown,Water level accuracy is unknown,1,Department of Water Resources,NA,1,Department of Water Resources,NA,NA,8726,08N06E15P001M,NA,Unknown,Unknown,5-021.65,South American,Sacramento,152,Unknown,Unknown,NA,1961-11-30 - 1974-09-26,172,-121.31,38.5411
385411N1213099W001,1294912,1970-04-27T00:00:00Z,75.52,74.52,0,60.5,15.02,60.5,59.5,NA,Unknown,Water level accuracy is unknown,1,Department of Water Resources,NA,1,Department of Water Resources,NA,NA,8726,08N06E15P001M,NA,Unknown,Unknown,5-021.65,South American,Sacramento,152,Unknown,Unknown,NA,1961-11-30 - 1974-09-26,172,-121.31,38.5411
385411N1213099W001,1294911,1970-04-15T00:00:00Z,75.52,74.52,0,59.2,16.32,59.2,58.2,NA,Unknown,Water level accuracy is unknown,1,Department of Water Resources,NA,323,Sacramento County,NA,NA,8726,08N06E15P001M,NA,Unknown,Unknown,5-021.65,South American,Sacramento,152,Unknown,Unknown,NA,1961-11-30 - 1974-09-26,172,-121.31,38.5411
385411N1213099W001,1294910,1970-03-30T00:00:00Z,75.52,74.52,0,57.6,17.92,57.6,56.6,NA,Unknown,Water level accuracy is unknown,1,Department of Water Resources,NA,1,Department of Water Resources,NA,NA,8726,08N06E15P001M,NA,Unknown,Unknown,5-021.65,South American,Sacramento,152,Unknown,Unknown,NA,1961-11-30 - 1974-09-26,172,-121.31,38.5411
385411N1213099W001,1294909,1970-02-25T00:00:00Z,75.52,74.52,0,57.6,17.92,57.6,56.6,NA,Unknown,Water level accuracy is unknown,1,Department of Water Resources,NA,1,Department of Water Resources,NA,NA,8726,08N06E15P001M,NA,Unknown,Unknown,5-021.65,South American,Sacramento,152,Unknown,Unknown,NA,1961-11-30 - 1974-09-26,172,-121.31,38.5411
385411N1213099W001,1294908,1970-01-28T00:00:00Z,75.52,74.52,0,58.5,17.02,58.5,57.5,NA,Unknown,Water level accuracy is unknown,1,Department of Water Resources,NA,1,Department of Water Resources,NA,NA,8726,08N06E15P001M,NA,Unknown,Unknown,5-021.65,South American,Sacramento,152,Unknown,Unknown,NA,1961-11-30 - 1974-09-26,172,-121.31,38.5411
385411N1213099W001,1294907,1969-12-29T00:00:00Z,75.52,74.52,0,58.7,16.82,58.7,57.7,NA,Unknown,Water level accuracy is unknown,1,Department of Water Resources,NA,1,Department of Water Resources,NA,NA,8726,08N06E15P001M,NA,Unknown,Unknown,5-021.65,South American,Sacramento,152,Unknown,Unknown,NA,1961-11-30 - 1974-09-26,172,-121.31,38.5411
385411N1213099W001,1294906,1969-11-25T00:00:00Z,75.52,74.52,0,59.9,15.62,59.9,58.9,NA,Unknown,Water level accuracy is unknown,1,Department of Water Resources,NA,1,Department of Water Resources,NA,NA,8726,08N06E15P001M,NA,Unknown,Unknown,5-021.65,South American,Sacramento,152,Unknown,Unknown,NA,1961-11-30 - 1974-09-26,172,-121.31,38.5411
385411N1213099W001,1294905,1969-10-29T00:00:00Z,75.52,74.52,0,61,14.52,61,60,NA,Unknown,Water level accuracy is unknown,1,Department of Water Resources,NA,1,Department of Water Resources,NA,NA,8726,08N06E15P001M,NA,Unknown,Unknown,5-021.65,South American,Sacramento,152,Unknown,Unknown,NA,1961-11-30 - 1974-09-26,172,-121.31,38.5411
385411N1213099W001,1294904,1969-09-30T00:00:00Z,75.52,74.52,0,63.8,11.72,63.8,62.8,NA,Unknown,Water level accuracy is unknown,1,Department of Water Resources,NA,1,Department of Water Resources,NA,NA,8726,08N06E15P001M,NA,Unknown,Unknown,5-021.65,South American,Sacramento,152,Unknown,Unknown,NA,1961-11-30 - 1974-09-26,172,-121.31,38.5411
385411N1213099W001,1294903,1969-08-27T00:00:00Z,75.52,74.52,0,64.6,10.92,64.6,63.6,NA,Unknown,Water level accuracy is unknown,1,Department of Water Resources,NA,1,Department of Water Resources,NA,NA,8726,08N06E15P001M,NA,Unknown,Unknown,5-021.65,South American,Sacramento,152,Unknown,Unknown,NA,1961-11-30 - 1974-09-26,172,-121.31,38.5411
385411N1213099W001,1294902,1969-07-28T00:00:00Z,75.52,74.52,0,63.8,11.72,63.8,62.8,NA,Unknown,Water level accuracy is unknown,1,Department of Water Resources,NA,1,Department of Water Resources,NA,NA,8726,08N06E15P001M,NA,Unknown,Unknown,5-021.65,South American,Sacramento,152,Unknown,Unknown,NA,1961-11-30 - 1974-09-26,172,-121.31,38.5411
385411N1213099W001,1294901,1969-06-25T00:00:00Z,75.52,74.52,0,61.7,13.82,61.7,60.7,NA,Unknown,Water level accuracy is unknown,1,Department of Water Resources,NA,1,Department of Water Resources,NA,NA,8726,08N06E15P001M,NA,Unknown,Unknown,5-021.65,South American,Sacramento,152,Unknown,Unknown,NA,1961-11-30 - 1974-09-26,172,-121.31,38.5411
385411N1213099W001,1294900,1969-05-27T00:00:00Z,75.52,74.52,0,60.6,14.92,60.6,59.6,NA,Unknown,Water level accuracy is unknown,1,Department of Water Resources,NA,1,Department of Water Resources,NA,NA,8726,08N06E15P001M,NA,Unknown,Unknown,5-021.65,South American,Sacramento,152,Unknown,Unknown,NA,1961-11-30 - 1974-09-26,172,-121.31,38.5411
385411N1213099W001,1294899,1969-04-23T00:00:00Z,75.52,74.52,0,57.4,18.12,57.4,56.4,NA,Unknown,Water level accuracy is unknown,1,Department of Water Resources,NA,1,Department of Water Resources,NA,NA,8726,08N06E15P001M,NA,Unknown,Unknown,5-021.65,South American,Sacramento,152,Unknown,Unknown,NA,1961-11-30 - 1974-09-26,172,-121.31,38.5411
385411N1213099W001,1294898,1969-03-27T00:00:00Z,75.52,74.52,0,58.4,17.12,58.4,57.4,NA,Unknown,Water level accuracy is unknown,1,Department of Water Resources,NA,323,Sacramento County,NA,NA,8726,08N06E15P001M,NA,Unknown,Unknown,5-021.65,South American,Sacramento,152,Unknown,Unknown,NA,1961-11-30 - 1974-09-26,172,-121.31,38.5411
385411N1213099W001,1294897,1969-03-25T00:00:00Z,75.52,74.52,0,57,18.52,57,56,NA,Unknown,Water level accuracy is unknown,1,Department of Water Resources,NA,1,Department of Water Resources,NA,NA,8726,08N06E15P001M,NA,Unknown,Unknown,5-021.65,South American,Sacramento,152,Unknown,Unknown,NA,1961-11-30 - 1974-09-26,172,-121.31,38.5411
385411N1213099W001,1294896,1969-02-25T00:00:00Z,75.52,74.52,0,57.5,18.02,57.5,56.5,NA,Unknown,Water level accuracy is unknown,1,Department of Water Resources,NA,1,Department of Water Resources,NA,NA,8726,08N06E15P001M,NA,Unknown,Unknown,5-021.65,South American,Sacramento,152,Unknown,Unknown,NA,1961-11-30 - 1974-09-26,172,-121.31,38.5411
385411N1213099W001,1294895,1969-01-28T00:00:00Z,75.52,74.52,0,58.3,17.22,58.3,57.3,NA,Unknown,Water level accuracy is unknown,1,Department of Water Resources,NA,1,Department of Water Resources,NA,NA,8726,08N06E15P001M,NA,Unknown,Unknown,5-021.65,South American,Sacramento,152,Unknown,Unknown,NA,1961-11-30 - 1974-09-26,172,-121.31,38.5411
385411N1213099W001,1294894,1968-12-24T00:00:00Z,75.52,74.52,0,59.3,16.22,59.3,58.3,NA,Unknown,Water level accuracy is unknown,1,Department of Water Resources,NA,1,Department of Water Resources,NA,NA,8726,08N06E15P001M,NA,Unknown,Unknown,5-021.65,South American,Sacramento,152,Unknown,Unknown,NA,1961-11-30 - 1974-09-26,172,-121.31,38.5411
385411N1213099W001,1294893,1968-11-26T00:00:00Z,75.52,74.52,0,60.1,15.42,60.1,59.1,NA,Unknown,Water level accuracy is unknown,1,Department of Water Resources,NA,1,Department of Water Resources,NA,NA,8726,08N06E15P001M,NA,Unknown,Unknown,5-021.65,South American,Sacramento,152,Unknown,Unknown,NA,1961-11-30 - 1974-09-26,172,-121.31,38.5411
385411N1213099W001,1294892,1968-10-29T00:00:00Z,75.52,74.52,0,61.8,13.72,61.8,60.8,NA,Unknown,Water level accuracy is unknown,1,Department of Water Resources,NA,1,Department of Water Resources,NA,NA,8726,08N06E15P001M,NA,Unknown,Unknown,5-021.65,South American,Sacramento,152,Unknown,Unknown,NA,1961-11-30 - 1974-09-26,172,-121.31,38.5411
385411N1213099W001,1294891,1968-10-25T00:00:00Z,75.52,74.52,0,63.7,11.82,63.7,62.7,NA,Unknown,Water level accuracy is unknown,1,Department of Water Resources,NA,323,Sacramento County,NA,NA,8726,08N06E15P001M,NA,Unknown,Unknown,5-021.65,South American,Sacramento,152,Unknown,Unknown,NA,1961-11-30 - 1974-09-26,172,-121.31,38.5411
385411N1213099W001,1294890,1968-09-25T00:00:00Z,75.52,74.52,0,63.9,11.62,63.9,62.9,NA,Unknown,Water level accuracy is unknown,1,Department of Water Resources,NA,1,Department of Water Resources,NA,NA,8726,08N06E15P001M,NA,Unknown,Unknown,5-021.65,South American,Sacramento,152,Unknown,Unknown,NA,1961-11-30 - 1974-09-26,172,-121.31,38.5411
385411N1213099W001,1294889,1968-08-26T00:00:00Z,75.52,74.52,0,64.1,11.42,64.1,63.1,NA,Unknown,Water level accuracy is unknown,1,Department of Water Resources,NA,1,Department of Water Resources,NA,NA,8726,08N06E15P001M,NA,Unknown,Unknown,5-021.65,South American,Sacramento,152,Unknown,Unknown,NA,1961-11-30 - 1974-09-26,172,-121.31,38.5411
385411N1213099W001,1294888,1968-07-26T00:00:00Z,75.52,74.52,0,64.6,10.92,64.6,63.6,NA,Unknown,Water level accuracy is unknown,1,Department of Water Resources,NA,1,Department of Water Resources,NA,NA,8726,08N06E15P001M,NA,Unknown,Unknown,5-021.65,South American,Sacramento,152,Unknown,Unknown,NA,1961-11-30 - 1974-09-26,172,-121.31,38.5411
385411N1213099W001,1294887,1968-06-26T00:00:00Z,75.52,74.52,0,63.7,11.82,63.7,62.7,NA,Unknown,Water level accuracy is unknown,1,Department of Water Resources,NA,1,Department of Water Resources,NA,NA,8726,08N06E15P001M,NA,Unknown,Unknown,5-021.65,South American,Sacramento,152,Unknown,Unknown,NA,1961-11-30 - 1974-09-26,172,-121.31,38.5411
385411N1213099W001,1294886,1968-05-27T00:00:00Z,75.52,74.52,0,60.6,14.92,60.6,59.6,NA,Unknown,Water level accuracy is unknown,1,Department of Water Resources,NA,1,Department of Water Resources,NA,NA,8726,08N06E15P001M,NA,Unknown,Unknown,5-021.65,South American,Sacramento,152,Unknown,Unknown,NA,1961-11-30 - 1974-09-26,172,-121.31,38.5411
385411N1213099W001,1294885,1968-04-26T00:00:00Z,75.52,74.52,0,59.6,15.92,59.6,58.6,NA,Unknown,Water level accuracy is unknown,1,Department of Water Resources,NA,1,Department of Water Resources,NA,NA,8726,08N06E15P001M,NA,Unknown,Unknown,5-021.65,South American,Sacramento,152,Unknown,Unknown,NA,1961-11-30 - 1974-09-26,172,-121.31,38.5411
385411N1213099W001,1294884,1968-03-22T00:00:00Z,75.52,74.52,0,56.7,18.82,56.7,55.7,NA,Unknown,Water level accuracy is unknown,1,Department of Water Resources,NA,1,Department of Water Resources,NA,NA,8726,08N06E15P001M,NA,Unknown,Unknown,5-021.65,South American,Sacramento,152,Unknown,Unknown,NA,1961-11-30 - 1974-09-26,172,-121.31,38.5411
385411N1213099W001,1294883,1968-03-08T00:00:00Z,75.52,74.52,0,56.8,18.72,56.8,55.8,NA,Unknown,Water level accuracy is unknown,1,Department of Water Resources,NA,323,Sacramento County,NA,NA,8726,08N06E15P001M,NA,Unknown,Unknown,5-021.65,South American,Sacramento,152,Unknown,Unknown,NA,1961-11-30 - 1974-09-26,172,-121.31,38.5411
385411N1213099W001,1294882,1968-02-27T00:00:00Z,75.52,74.52,0,56.9,18.62,56.9,55.9,NA,Unknown,Water level accuracy is unknown,1,Department of Water Resources,NA,1,Department of Water Resources,NA,NA,8726,08N06E15P001M,NA,Unknown,Unknown,5-021.65,South American,Sacramento,152,Unknown,Unknown,NA,1961-11-30 - 1974-09-26,172,-121.31,38.5411
385411N1213099W001,1294881,1968-01-26T00:00:00Z,75.52,74.52,0,57.2,18.32,57.2,56.2,NA,Unknown,Water level accuracy is unknown,1,Department of Water Resources,NA,1,Department of Water Resources,NA,NA,8726,08N06E15P001M,NA,Unknown,Unknown,5-021.65,South American,Sacramento,152,Unknown,Unknown,NA,1961-11-30 - 1974-09-26,172,-121.31,38.5411
385411N1213099W001,1294880,1967-12-27T00:00:00Z,75.52,74.52,0,57.8,17.72,57.8,56.8,NA,Unknown,Water level accuracy is unknown,1,Department of Water Resources,NA,1,Department of Water Resources,NA,NA,8726,08N06E15P001M,NA,Unknown,Unknown,5-021.65,South American,Sacramento,152,Unknown,Unknown,NA,1961-11-30 - 1974-09-26,172,-121.31,38.5411
385411N1213099W001,1294879,1967-11-28T00:00:00Z,75.52,74.52,0,58.7,16.82,58.7,57.7,NA,Unknown,Water level accuracy is unknown,1,Department of Water Resources,NA,1,Department of Water Resources,NA,NA,8726,08N06E15P001M,NA,Unknown,Unknown,5-021.65,South American,Sacramento,152,Unknown,Unknown,NA,1961-11-30 - 1974-09-26,172,-121.31,38.5411
385411N1213099W001,1294878,1967-10-25T00:00:00Z,75.52,74.52,0,61,14.52,61,60,NA,Unknown,Water level accuracy is unknown,1,Department of Water Resources,NA,1,Department of Water Resources,NA,NA,8726,08N06E15P001M,NA,Unknown,Unknown,5-021.65,South American,Sacramento,152,Unknown,Unknown,NA,1961-11-30 - 1974-09-26,172,-121.31,38.5411
385411N1213099W001,1294877,1967-10-17T00:00:00Z,75.52,74.52,0,64.5,11.02,64.5,63.5,NA,Unknown,Water level accuracy is unknown,1,Department of Water Resources,NA,1,Department of Water Resources,NA,NA,8726,08N06E15P001M,NA,Unknown,Unknown,5-021.65,South American,Sacramento,152,Unknown,Unknown,NA,1961-11-30 - 1974-09-26,172,-121.31,38.5411
385411N1213099W001,1294876,1967-09-26T00:00:00Z,75.52,74.52,0,62.2,13.32,62.2,61.2,NA,Unknown,Water level accuracy is unknown,1,Department of Water Resources,NA,1,Department of Water Resources,NA,NA,8726,08N06E15P001M,NA,Unknown,Unknown,5-021.65,South American,Sacramento,152,Unknown,Unknown,NA,1961-11-30 - 1974-09-26,172,-121.31,38.5411
385411N1213099W001,1294875,1967-08-29T00:00:00Z,75.52,74.52,0,63.1,12.42,63.1,62.1,NA,Unknown,Water level accuracy is unknown,1,Department of Water Resources,NA,1,Department of Water Resources,NA,NA,8726,08N06E15P001M,NA,Unknown,Unknown,5-021.65,South American,Sacramento,152,Unknown,Unknown,NA,1961-11-30 - 1974-09-26,172,-121.31,38.5411
385411N1213099W001,1294874,1967-07-26T00:00:00Z,75.52,74.52,0,62.3,13.22,62.3,61.3,NA,Unknown,Water level accuracy is unknown,1,Department of Water Resources,NA,1,Department of Water Resources,NA,NA,8726,08N06E15P001M,NA,Unknown,Unknown,5-021.65,South American,Sacramento,152,Unknown,Unknown,NA,1961-11-30 - 1974-09-26,172,-121.31,38.5411
385411N1213099W001,1294873,1967-06-27T00:00:00Z,75.52,74.52,0,60.3,15.22,60.3,59.3,NA,Unknown,Water level accuracy is unknown,1,Department of Water Resources,NA,1,Department of Water Resources,NA,NA,8726,08N06E15P001M,NA,Unknown,Unknown,5-021.65,South American,Sacramento,152,Unknown,Unknown,NA,1961-11-30 - 1974-09-26,172,-121.31,38.5411
385411N1213099W001,1294872,1967-05-25T00:00:00Z,75.52,74.52,0,58.5,17.02,58.5,57.5,NA,Unknown,Water level accuracy is unknown,1,Department of Water Resources,NA,1,Department of Water Resources,NA,NA,8726,08N06E15P001M,NA,Unknown,Unknown,5-021.65,South American,Sacramento,152,Unknown,Unknown,NA,1961-11-30 - 1974-09-26,172,-121.31,38.5411
385411N1213099W001,1294871,1967-04-26T00:00:00Z,75.52,74.52,0,55.9,19.62,55.9,54.9,NA,Unknown,Water level accuracy is unknown,1,Department of Water Resources,LOST WEIGHT-HUNG UP ON DEBRIS,1,Department of Water Resources,NA,NA,8726,08N06E15P001M,NA,Unknown,Unknown,5-021.65,South American,Sacramento,152,Unknown,Unknown,NA,1961-11-30 - 1974-09-26,172,-121.31,38.5411
385411N1213099W001,1294870,1967-03-28T00:00:00Z,75.52,74.52,0,56.2,19.32,56.2,55.2,NA,Unknown,Water level accuracy is unknown,1,Department of Water Resources,FLOATING TRASH,1,Department of Water Resources,NA,NA,8726,08N06E15P001M,NA,Unknown,Unknown,5-021.65,South American,Sacramento,152,Unknown,Unknown,NA,1961-11-30 - 1974-09-26,172,-121.31,38.5411
385411N1213099W001,1294869,1967-03-07T00:00:00Z,75.52,74.52,0,56.5,19.02,56.5,55.5,NA,Unknown,Water level accuracy is unknown,1,Department of Water Resources,FLOATING TRASH,323,Sacramento County,NA,NA,8726,08N06E15P001M,NA,Unknown,Unknown,5-021.65,South American,Sacramento,152,Unknown,Unknown,NA,1961-11-30 - 1974-09-26,172,-121.31,38.5411
385411N1213099W001,1294868,1967-02-24T00:00:00Z,75.52,74.52,0,56.6,18.92,56.6,55.6,NA,Unknown,Water level accuracy is unknown,1,Department of Water Resources,FLOATING TRASH,1,Department of Water Resources,NA,NA,8726,08N06E15P001M,NA,Unknown,Unknown,5-021.65,South American,Sacramento,152,Unknown,Unknown,NA,1961-11-30 - 1974-09-26,172,-121.31,38.5411
385411N1213099W001,1294867,1967-01-26T00:00:00Z,75.52,74.52,0,57.5,18.02,57.5,56.5,NA,Unknown,Water level accuracy is unknown,1,Department of Water Resources,FLOATING TRASH,1,Department of Water Resources,NA,NA,8726,08N06E15P001M,NA,Unknown,Unknown,5-021.65,South American,Sacramento,152,Unknown,Unknown,NA,1961-11-30 - 1974-09-26,172,-121.31,38.5411
385411N1213099W001,1294866,1966-12-27T00:00:00Z,75.52,74.52,0,58.1,17.42,58.1,57.1,NA,Unknown,Water level accuracy is unknown,1,Department of Water Resources,FLOATING TRASH,1,Department of Water Resources,NA,NA,8726,08N06E15P001M,NA,Unknown,Unknown,5-021.65,South American,Sacramento,152,Unknown,Unknown,NA,1961-11-30 - 1974-09-26,172,-121.31,38.5411
385411N1213099W001,1294865,1966-11-29T00:00:00Z,75.52,74.52,0,59,16.52,59,58,NA,Unknown,Water level accuracy is unknown,1,Department of Water Resources,NA,1,Department of Water Resources,NA,NA,8726,08N06E15P001M,NA,Unknown,Unknown,5-021.65,South American,Sacramento,152,Unknown,Unknown,NA,1961-11-30 - 1974-09-26,172,-121.31,38.5411
385411N1213099W001,1294864,1966-10-25T00:00:00Z,75.52,74.52,0,61.9,13.62,61.9,60.9,NA,Unknown,Water level accuracy is unknown,1,Department of Water Resources,NA,1,Department of Water Resources,NA,NA,8726,08N06E15P001M,NA,Unknown,Unknown,5-021.65,South American,Sacramento,152,Unknown,Unknown,NA,1961-11-30 - 1974-09-26,172,-121.31,38.5411
385411N1213099W001,1294863,1966-10-06T00:00:00Z,75.52,74.52,0,63,12.52,63,62,NA,Unknown,Water level accuracy is unknown,1,Department of Water Resources,NA,323,Sacramento County,NA,NA,8726,08N06E15P001M,NA,Unknown,Unknown,5-021.65,South American,Sacramento,152,Unknown,Unknown,NA,1961-11-30 - 1974-09-26,172,-121.31,38.5411
385411N1213099W001,1294862,1966-09-27T00:00:00Z,75.52,74.52,0,62.5,13.02,62.5,61.5,NA,Unknown,Water level accuracy is unknown,1,Department of Water Resources,NA,1,Department of Water Resources,NA,NA,8726,08N06E15P001M,NA,Unknown,Unknown,5-021.65,South American,Sacramento,152,Unknown,Unknown,NA,1961-11-30 - 1974-09-26,172,-121.31,38.5411
385411N1213099W001,1294861,1966-08-25T00:00:00Z,75.52,74.52,0,63.6,11.92,63.6,62.6,NA,Unknown,Water level accuracy is unknown,1,Department of Water Resources,NA,1,Department of Water Resources,NA,NA,8726,08N06E15P001M,NA,Unknown,Unknown,5-021.65,South American,Sacramento,152,Unknown,Unknown,NA,1961-11-30 - 1974-09-26,172,-121.31,38.5411
385411N1213099W001,1294860,1966-07-22T00:00:00Z,75.52,74.52,0,63.3,12.22,63.3,62.3,NA,Unknown,Water level accuracy is unknown,1,Department of Water Resources,NA,1,Department of Water Resources,NA,NA,8726,08N06E15P001M,NA,Unknown,Unknown,5-021.65,South American,Sacramento,152,Unknown,Unknown,NA,1961-11-30 - 1974-09-26,172,-121.31,38.5411
385411N1213099W001,1294859,1966-06-21T00:00:00Z,75.52,74.52,0,62,13.52,62,61,NA,Unknown,Water level accuracy is unknown,1,Department of Water Resources,NA,1,Department of Water Resources,NA,NA,8726,08N06E15P001M,NA,Unknown,Unknown,5-021.65,South American,Sacramento,152,Unknown,Unknown,NA,1961-11-30 - 1974-09-26,172,-121.31,38.5411
385411N1213099W001,1294858,1966-05-25T00:00:00Z,75.52,74.52,0,60,15.52,60,59,NA,Unknown,Water level accuracy is unknown,1,Department of Water Resources,NA,1,Department of Water Resources,NA,NA,8726,08N06E15P001M,NA,Unknown,Unknown,5-021.65,South American,Sacramento,152,Unknown,Unknown,NA,1961-11-30 - 1974-09-26,172,-121.31,38.5411
385411N1213099W001,1294857,1966-04-25T00:00:00Z,75.52,74.52,0,58.1,17.42,58.1,57.1,NA,Unknown,Water level accuracy is unknown,1,Department of Water Resources,NA,1,Department of Water Resources,NA,NA,8726,08N06E15P001M,NA,Unknown,Unknown,5-021.65,South American,Sacramento,152,Unknown,Unknown,NA,1961-11-30 - 1974-09-26,172,-121.31,38.5411
385411N1213099W001,1294856,1966-03-29T00:00:00Z,75.52,74.52,0,55.4,20.12,55.4,54.4,NA,Unknown,Water level accuracy is unknown,1,Department of Water Resources,NA,1,Department of Water Resources,NA,NA,8726,08N06E15P001M,NA,Unknown,Unknown,5-021.65,South American,Sacramento,152,Unknown,Unknown,NA,1961-11-30 - 1974-09-26,172,-121.31,38.5411
385411N1213099W001,1294855,1966-03-14T00:00:00Z,75.52,74.52,0,55,20.52,55,54,NA,Unknown,Water level accuracy is unknown,1,Department of Water Resources,NA,323,Sacramento County,NA,NA,8726,08N06E15P001M,NA,Unknown,Unknown,5-021.65,South American,Sacramento,152,Unknown,Unknown,NA,1961-11-30 - 1974-09-26,172,-121.31,38.5411
385411N1213099W001,1294854,1966-02-23T00:00:00Z,75.52,74.52,0,54.9,20.62,54.9,53.9,NA,Unknown,Water level accuracy is unknown,1,Department of Water Resources,NA,1,Department of Water Resources,NA,NA,8726,08N06E15P001M,NA,Unknown,Unknown,5-021.65,South American,Sacramento,152,Unknown,Unknown,NA,1961-11-30 - 1974-09-26,172,-121.31,38.5411
385411N1213099W001,1294853,1966-01-24T00:00:00Z,75.52,74.52,0,55.6,19.92,55.6,54.6,NA,Unknown,Water level accuracy is unknown,1,Department of Water Resources,NA,1,Department of Water Resources,NA,NA,8726,08N06E15P001M,NA,Unknown,Unknown,5-021.65,South American,Sacramento,152,Unknown,Unknown,NA,1961-11-30 - 1974-09-26,172,-121.31,38.5411
385411N1213099W001,1294852,1965-12-22T00:00:00Z,75.52,74.52,0,56.1,19.42,56.1,55.1,NA,Unknown,Water level accuracy is unknown,1,Department of Water Resources,NA,1,Department of Water Resources,NA,NA,8726,08N06E15P001M,NA,Unknown,Unknown,5-021.65,South American,Sacramento,152,Unknown,Unknown,NA,1961-11-30 - 1974-09-26,172,-121.31,38.5411
385411N1213099W001,1294851,1965-11-22T00:00:00Z,75.52,74.52,0,57,18.52,57,56,NA,Unknown,Water level accuracy is unknown,1,Department of Water Resources,NA,1,Department of Water Resources,NA,NA,8726,08N06E15P001M,NA,Unknown,Unknown,5-021.65,South American,Sacramento,152,Unknown,Unknown,NA,1961-11-30 - 1974-09-26,172,-121.31,38.5411
385411N1213099W001,1294850,1965-10-25T00:00:00Z,75.52,74.52,0,59.6,15.92,59.6,58.6,NA,Unknown,Water level accuracy is unknown,1,Department of Water Resources,NA,1,Department of Water Resources,NA,NA,8726,08N06E15P001M,NA,Unknown,Unknown,5-021.65,South American,Sacramento,152,Unknown,Unknown,NA,1961-11-30 - 1974-09-26,172,-121.31,38.5411
385411N1213099W001,1294849,1965-10-06T00:00:00Z,75.52,74.52,0,60.2,15.32,60.2,59.2,NA,Unknown,Water level accuracy is unknown,1,Department of Water Resources,NA,323,Sacramento County,NA,NA,8726,08N06E15P001M,NA,Unknown,Unknown,5-021.65,South American,Sacramento,152,Unknown,Unknown,NA,1961-11-30 - 1974-09-26,172,-121.31,38.5411
385411N1213099W001,1294848,1965-09-23T00:00:00Z,75.52,74.52,0,61,14.52,61,60,NA,Unknown,Water level accuracy is unknown,1,Department of Water Resources,NA,1,Department of Water Resources,NA,NA,8726,08N06E15P001M,NA,Unknown,Unknown,5-021.65,South American,Sacramento,152,Unknown,Unknown,NA,1961-11-30 - 1974-09-26,172,-121.31,38.5411
385411N1213099W001,1294847,1965-08-23T00:00:00Z,75.52,74.52,0,61,14.52,61,60,NA,Unknown,Water level accuracy is unknown,1,Department of Water Resources,NA,1,Department of Water Resources,NA,NA,8726,08N06E15P001M,NA,Unknown,Unknown,5-021.65,South American,Sacramento,152,Unknown,Unknown,NA,1961-11-30 - 1974-09-26,172,-121.31,38.5411
385411N1213099W001,1294846,1965-07-22T00:00:00Z,75.52,74.52,0,61,14.52,61,60,NA,Unknown,Water level accuracy is unknown,1,Department of Water Resources,NA,1,Department of Water Resources,NA,NA,8726,08N06E15P001M,NA,Unknown,Unknown,5-021.65,South American,Sacramento,152,Unknown,Unknown,NA,1961-11-30 - 1974-09-26,172,-121.31,38.5411
385411N1213099W001,1294845,1965-06-23T00:00:00Z,75.52,74.52,0,59.4,16.12,59.4,58.4,NA,Unknown,Water level accuracy is unknown,1,Department of Water Resources,NA,1,Department of Water Resources,NA,NA,8726,08N06E15P001M,NA,Unknown,Unknown,5-021.65,South American,Sacramento,152,Unknown,Unknown,NA,1961-11-30 - 1974-09-26,172,-121.31,38.5411
385411N1213099W001,1294844,1965-05-24T00:00:00Z,75.52,74.52,0,56.7,18.82,56.7,55.7,NA,Unknown,Water level accuracy is unknown,1,Department of Water Resources,NA,1,Department of Water Resources,NA,NA,8726,08N06E15P001M,NA,Unknown,Unknown,5-021.65,South American,Sacramento,152,Unknown,Unknown,NA,1961-11-30 - 1974-09-26,172,-121.31,38.5411
385411N1213099W001,1294843,1965-04-23T00:00:00Z,75.52,74.52,0,53.7,21.82,53.7,52.7,NA,Unknown,Water level accuracy is unknown,1,Department of Water Resources,NA,1,Department of Water Resources,NA,NA,8726,08N06E15P001M,NA,Unknown,Unknown,5-021.65,South American,Sacramento,152,Unknown,Unknown,NA,1961-11-30 - 1974-09-26,172,-121.31,38.5411
385411N1213099W001,1294842,1965-03-24T00:00:00Z,75.52,74.52,0,53.9,21.62,53.9,52.9,NA,Unknown,Water level accuracy is unknown,1,Department of Water Resources,NA,1,Department of Water Resources,NA,NA,8726,08N06E15P001M,NA,Unknown,Unknown,5-021.65,South American,Sacramento,152,Unknown,Unknown,NA,1961-11-30 - 1974-09-26,172,-121.31,38.5411
385411N1213099W001,1294841,1965-03-17T00:00:00Z,75.52,74.52,0,54,21.52,54,53,NA,Unknown,Water level accuracy is unknown,1,Department of Water Resources,NA,323,Sacramento County,NA,NA,8726,08N06E15P001M,NA,Unknown,Unknown,5-021.65,South American,Sacramento,152,Unknown,Unknown,NA,1961-11-30 - 1974-09-26,172,-121.31,38.5411
385411N1213099W001,1294840,1965-02-18T00:00:00Z,75.52,74.52,0,54.3,21.22,54.3,53.3,NA,Unknown,Water level accuracy is unknown,1,Department of Water Resources,NA,1,Department of Water Resources,NA,NA,8726,08N06E15P001M,NA,Unknown,Unknown,5-021.65,South American,Sacramento,152,Unknown,Unknown,NA,1961-11-30 - 1974-09-26,172,-121.31,38.5411
385411N1213099W001,1294839,1965-01-21T00:00:00Z,75.52,74.52,0,54.8,20.72,54.8,53.8,NA,Unknown,Water level accuracy is unknown,1,Department of Water Resources,NA,1,Department of Water Resources,NA,NA,8726,08N06E15P001M,NA,Unknown,Unknown,5-021.65,South American,Sacramento,152,Unknown,Unknown,NA,1961-11-30 - 1974-09-26,172,-121.31,38.5411
385411N1213099W001,1294838,1964-12-22T00:00:00Z,75.52,74.52,0,55.6,19.92,55.6,54.6,NA,Unknown,Water level accuracy is unknown,1,Department of Water Resources,NA,1,Department of Water Resources,NA,NA,8726,08N06E15P001M,NA,Unknown,Unknown,5-021.65,South American,Sacramento,152,Unknown,Unknown,NA,1961-11-30 - 1974-09-26,172,-121.31,38.5411
385411N1213099W001,1294837,1964-11-23T00:00:00Z,75.52,74.52,0,56.5,19.02,56.5,55.5,NA,Unknown,Water level accuracy is unknown,1,Department of Water Resources,NA,1,Department of Water Resources,NA,NA,8726,08N06E15P001M,NA,Unknown,Unknown,5-021.65,South American,Sacramento,152,Unknown,Unknown,NA,1961-11-30 - 1974-09-26,172,-121.31,38.5411
385411N1213099W001,1294836,1964-10-23T00:00:00Z,75.52,74.52,0,59.5,16.02,59.5,58.5,NA,Unknown,Water level accuracy is unknown,1,Department of Water Resources,NA,1,Department of Water Resources,NA,NA,8726,08N06E15P001M,NA,Unknown,Unknown,5-021.65,South American,Sacramento,152,Unknown,Unknown,NA,1961-11-30 - 1974-09-26,172,-121.31,38.5411
385411N1213099W001,1294835,1964-10-09T00:00:00Z,75.52,74.52,0,60.2,15.32,60.2,59.2,NA,Unknown,Water level accuracy is unknown,1,Department of Water Resources,NA,323,Sacramento County,NA,NA,8726,08N06E15P001M,NA,Unknown,Unknown,5-021.65,South American,Sacramento,152,Unknown,Unknown,NA,1961-11-30 - 1974-09-26,172,-121.31,38.5411
385411N1213099W001,1294834,1964-09-24T00:00:00Z,75.52,74.52,0,60.8,14.72,60.8,59.8,NA,Unknown,Water level accuracy is unknown,1,Department of Water Resources,NA,1,Department of Water Resources,NA,NA,8726,08N06E15P001M,NA,Unknown,Unknown,5-021.65,South American,Sacramento,152,Unknown,Unknown,NA,1961-11-30 - 1974-09-26,172,-121.31,38.5411
385411N1213099W001,1294833,1964-08-24T00:00:00Z,75.52,74.52,0,61,14.52,61,60,NA,Unknown,Water level accuracy is unknown,1,Department of Water Resources,NA,1,Department of Water Resources,NA,NA,8726,08N06E15P001M,NA,Unknown,Unknown,5-021.65,South American,Sacramento,152,Unknown,Unknown,NA,1961-11-30 - 1974-09-26,172,-121.31,38.5411
385411N1213099W001,1294832,1964-07-23T00:00:00Z,75.52,74.52,0,60.9,14.62,60.9,59.9,NA,Unknown,Water level accuracy is unknown,1,Department of Water Resources,NA,1,Department of Water Resources,NA,NA,8726,08N06E15P001M,NA,Unknown,Unknown,5-021.65,South American,Sacramento,152,Unknown,Unknown,NA,1961-11-30 - 1974-09-26,172,-121.31,38.5411
385411N1213099W001,1294831,1964-06-24T00:00:00Z,75.52,74.52,0,59.2,16.32,59.2,58.2,NA,Unknown,Water level accuracy is unknown,1,Department of Water Resources,NA,1,Department of Water Resources,NA,NA,8726,08N06E15P001M,NA,Unknown,Unknown,5-021.65,South American,Sacramento,152,Unknown,Unknown,NA,1961-11-30 - 1974-09-26,172,-121.31,38.5411
385411N1213099W001,1294830,1964-05-25T00:00:00Z,75.52,74.52,0,58.1,17.42,58.1,57.1,NA,Unknown,Water level accuracy is unknown,1,Department of Water Resources,NA,1,Department of Water Resources,NA,NA,8726,08N06E15P001M,NA,Unknown,Unknown,5-021.65,South American,Sacramento,152,Unknown,Unknown,NA,1961-11-30 - 1974-09-26,172,-121.31,38.5411
385411N1213099W001,1294829,1964-04-27T00:00:00Z,75.52,74.52,0,57.1,18.42,57.1,56.1,NA,Unknown,Water level accuracy is unknown,1,Department of Water Resources,NA,1,Department of Water Resources,NA,NA,8726,08N06E15P001M,NA,Unknown,Unknown,5-021.65,South American,Sacramento,152,Unknown,Unknown,NA,1961-11-30 - 1974-09-26,172,-121.31,38.5411
385411N1213099W001,1294828,1964-04-03T00:00:00Z,75.52,74.52,0,53,22.52,53,52,NA,Unknown,Water level accuracy is unknown,1,Department of Water Resources,NA,323,Sacramento County,NA,NA,8726,08N06E15P001M,NA,Unknown,Unknown,5-021.65,South American,Sacramento,152,Unknown,Unknown,NA,1961-11-30 - 1974-09-26,172,-121.31,38.5411
385411N1213099W001,1294827,1964-03-23T00:00:00Z,75.52,74.52,0,53.8,21.72,53.8,52.8,NA,Unknown,Water level accuracy is unknown,1,Department of Water Resources,NA,1,Department of Water Resources,NA,NA,8726,08N06E15P001M,NA,Unknown,Unknown,5-021.65,South American,Sacramento,152,Unknown,Unknown,NA,1961-11-30 - 1974-09-26,172,-121.31,38.5411
385411N1213099W001,1294826,1964-02-24T00:00:00Z,75.52,74.52,0,52.7,22.82,52.7,51.7,NA,Unknown,Water level accuracy is unknown,1,Department of Water Resources,NA,1,Department of Water Resources,NA,NA,8726,08N06E15P001M,NA,Unknown,Unknown,5-021.65,South American,Sacramento,152,Unknown,Unknown,NA,1961-11-30 - 1974-09-26,172,-121.31,38.5411
385411N1213099W001,1294825,1964-01-28T00:00:00Z,75.52,74.52,0,53,22.52,53,52,NA,Unknown,Water level accuracy is unknown,1,Department of Water Resources,NA,1,Department of Water Resources,NA,NA,8726,08N06E15P001M,NA,Unknown,Unknown,5-021.65,South American,Sacramento,152,Unknown,Unknown,NA,1961-11-30 - 1974-09-26,172,-121.31,38.5411
385411N1213099W001,1294824,1963-12-23T00:00:00Z,75.52,74.52,0,53.9,21.62,53.9,52.9,NA,Unknown,Water level accuracy is unknown,1,Department of Water Resources,NA,1,Department of Water Resources,NA,NA,8726,08N06E15P001M,NA,Unknown,Unknown,5-021.65,South American,Sacramento,152,Unknown,Unknown,NA,1961-11-30 - 1974-09-26,172,-121.31,38.5411
385411N1213099W001,1294823,1963-11-22T00:00:00Z,75.52,74.52,0,54.5,21.02,54.5,53.5,NA,Unknown,Water level accuracy is unknown,1,Department of Water Resources,NA,1,Department of Water Resources,NA,NA,8726,08N06E15P001M,NA,Unknown,Unknown,5-021.65,South American,Sacramento,152,Unknown,Unknown,NA,1961-11-30 - 1974-09-26,172,-121.31,38.5411
385411N1213099W001,1294822,1963-10-29T00:00:00Z,75.52,74.52,0,55.7,19.82,55.7,54.7,NA,Unknown,Water level accuracy is unknown,1,Department of Water Resources,NA,1,Department of Water Resources,NA,NA,8726,08N06E15P001M,NA,Unknown,Unknown,5-021.65,South American,Sacramento,152,Unknown,Unknown,NA,1961-11-30 - 1974-09-26,172,-121.31,38.5411
385411N1213099W001,1294821,1963-10-16T00:00:00Z,75.52,74.52,0,56.2,19.32,56.2,55.2,NA,Unknown,Water level accuracy is unknown,1,Department of Water Resources,NA,323,Sacramento County,NA,NA,8726,08N06E15P001M,NA,Unknown,Unknown,5-021.65,South American,Sacramento,152,Unknown,Unknown,NA,1961-11-30 - 1974-09-26,172,-121.31,38.5411
385411N1213099W001,1294820,1963-09-25T00:00:00Z,75.52,74.52,0,57.9,17.62,57.9,56.9,NA,Unknown,Water level accuracy is unknown,1,Department of Water Resources,NA,1,Department of Water Resources,NA,NA,8726,08N06E15P001M,NA,Unknown,Unknown,5-021.65,South American,Sacramento,152,Unknown,Unknown,NA,1961-11-30 - 1974-09-26,172,-121.31,38.5411
385411N1213099W001,1294819,1963-07-12T00:00:00Z,75.52,74.52,0,69.7,5.82,69.7,68.7,NA,Unknown,Water level accuracy is unknown,1,Department of Water Resources,NA,1,Department of Water Resources,NA,NA,8726,08N06E15P001M,NA,Unknown,Unknown,5-021.65,South American,Sacramento,152,Unknown,Unknown,NA,1961-11-30 - 1974-09-26,172,-121.31,38.5411
385411N1213099W001,1294818,1963-02-25T00:00:00Z,75.52,74.52,0,52.7,22.82,52.7,51.7,NA,Unknown,Water level accuracy is unknown,1,Department of Water Resources,NA,1,Department of Water Resources,NA,NA,8726,08N06E15P001M,NA,Unknown,Unknown,5-021.65,South American,Sacramento,152,Unknown,Unknown,NA,1961-11-30 - 1974-09-26,172,-121.31,38.5411
385411N1213099W001,1294817,1962-10-20T00:00:00Z,75.52,74.52,0,55.1,20.42,55.1,54.1,NA,Unknown,Water level accuracy is unknown,1,Department of Water Resources,NA,1,Department of Water Resources,NA,NA,8726,08N06E15P001M,NA,Unknown,Unknown,5-021.65,South American,Sacramento,152,Unknown,Unknown,NA,1961-11-30 - 1974-09-26,172,-121.31,38.5411
385411N1213099W001,1294816,1962-05-03T00:00:00Z,75.52,74.52,0,54.2,21.32,54.2,53.2,NA,Unknown,Water level accuracy is unknown,1,Department of Water Resources,NA,1,Department of Water Resources,NA,NA,8726,08N06E15P001M,NA,Unknown,Unknown,5-021.65,South American,Sacramento,152,Unknown,Unknown,NA,1961-11-30 - 1974-09-26,172,-121.31,38.5411
385411N1213099W001,1294815,1962-04-19T00:00:00Z,75.52,74.52,0,54.8,20.72,54.8,53.8,NA,Unknown,Water level accuracy is unknown,1,Department of Water Resources,NA,1,Department of Water Resources,NA,NA,8726,08N06E15P001M,NA,Unknown,Unknown,5-021.65,South American,Sacramento,152,Unknown,Unknown,NA,1961-11-30 - 1974-09-26,172,-121.31,38.5411
385411N1213099W001,1294814,1962-04-12T00:00:00Z,75.52,74.52,0,53.6,21.92,53.6,52.6,NA,Unknown,Water level accuracy is unknown,1,Department of Water Resources,NA,1,Department of Water Resources,NA,NA,8726,08N06E15P001M,NA,Unknown,Unknown,5-021.65,South American,Sacramento,152,Unknown,Unknown,NA,1961-11-30 - 1974-09-26,172,-121.31,38.5411
385411N1213099W001,1294813,1962-04-05T00:00:00Z,75.52,74.52,0,52.9,22.62,52.9,51.9,NA,Unknown,Water level accuracy is unknown,1,Department of Water Resources,NA,1,Department of Water Resources,NA,NA,8726,08N06E15P001M,NA,Unknown,Unknown,5-021.65,South American,Sacramento,152,Unknown,Unknown,NA,1961-11-30 - 1974-09-26,172,-121.31,38.5411
385411N1213099W001,1294812,1962-03-29T00:00:00Z,75.52,74.52,0,51.6,23.92,51.6,50.6,NA,Unknown,Water level accuracy is unknown,1,Department of Water Resources,NA,1,Department of Water Resources,NA,NA,8726,08N06E15P001M,NA,Unknown,Unknown,5-021.65,South American,Sacramento,152,Unknown,Unknown,NA,1961-11-30 - 1974-09-26,172,-121.31,38.5411
385411N1213099W001,1294811,1962-03-23T00:00:00Z,75.52,74.52,0,51.6,23.92,51.6,50.6,NA,Unknown,Water level accuracy is unknown,1,Department of Water Resources,NA,1,Department of Water Resources,NA,NA,8726,08N06E15P001M,NA,Unknown,Unknown,5-021.65,South American,Sacramento,152,Unknown,Unknown,NA,1961-11-30 - 1974-09-26,172,-121.31,38.5411
385411N1213099W001,1294810,1962-03-15T00:00:00Z,75.52,74.52,0,51.6,23.92,51.6,50.6,NA,Unknown,Water level accuracy is unknown,1,Department of Water Resources,NA,1,Department of Water Resources,NA,NA,8726,08N06E15P001M,NA,Unknown,Unknown,5-021.65,South American,Sacramento,152,Unknown,Unknown,NA,1961-11-30 - 1974-09-26,172,-121.31,38.5411
385411N1213099W001,1294809,1962-03-09T00:00:00Z,75.52,74.52,0,52.6,22.92,52.6,51.6,NA,Unknown,Water level accuracy is unknown,1,Department of Water Resources,NA,1,Department of Water Resources,NA,NA,8726,08N06E15P001M,NA,Unknown,Unknown,5-021.65,South American,Sacramento,152,Unknown,Unknown,NA,1961-11-30 - 1974-09-26,172,-121.31,38.5411
385411N1213099W001,1294808,1962-03-02T00:00:00Z,75.52,74.52,0,51.8,23.72,51.8,50.8,NA,Unknown,Water level accuracy is unknown,1,Department of Water Resources,NA,1,Department of Water Resources,NA,NA,8726,08N06E15P001M,NA,Unknown,Unknown,5-021.65,South American,Sacramento,152,Unknown,Unknown,NA,1961-11-30 - 1974-09-26,172,-121.31,38.5411
385411N1213099W001,1294807,1962-02-23T00:00:00Z,75.52,74.52,0,51.8,23.72,51.8,50.8,NA,Unknown,Water level accuracy is unknown,1,Department of Water Resources,NA,1,Department of Water Resources,NA,NA,8726,08N06E15P001M,NA,Unknown,Unknown,5-021.65,South American,Sacramento,152,Unknown,Unknown,NA,1961-11-30 - 1974-09-26,172,-121.31,38.5411
385411N1213099W001,1294806,1962-02-16T00:00:00Z,75.52,74.52,0,52,23.52,52,51,NA,Unknown,Water level accuracy is unknown,1,Department of Water Resources,NA,1,Department of Water Resources,NA,NA,8726,08N06E15P001M,NA,Unknown,Unknown,5-021.65,South American,Sacramento,152,Unknown,Unknown,NA,1961-11-30 - 1974-09-26,172,-121.31,38.5411
385411N1213099W001,1294805,1962-02-08T00:00:00Z,75.52,74.52,0,52.2,23.32,52.2,51.2,NA,Unknown,Water level accuracy is unknown,1,Department of Water Resources,NA,1,Department of Water Resources,NA,NA,8726,08N06E15P001M,NA,Unknown,Unknown,5-021.65,South American,Sacramento,152,Unknown,Unknown,NA,1961-11-30 - 1974-09-26,172,-121.31,38.5411
385411N1213099W001,1294804,1962-02-02T00:00:00Z,75.52,74.52,0,52.3,23.22,52.3,51.3,NA,Unknown,Water level accuracy is unknown,1,Department of Water Resources,NA,1,Department of Water Resources,NA,NA,8726,08N06E15P001M,NA,Unknown,Unknown,5-021.65,South American,Sacramento,152,Unknown,Unknown,NA,1961-11-30 - 1974-09-26,172,-121.31,38.5411
385411N1213099W001,1294803,1962-01-26T00:00:00Z,75.52,74.52,0,52.5,23.02,52.5,51.5,NA,Unknown,Water level accuracy is unknown,1,Department of Water Resources,NA,1,Department of Water Resources,NA,NA,8726,08N06E15P001M,NA,Unknown,Unknown,5-021.65,South American,Sacramento,152,Unknown,Unknown,NA,1961-11-30 - 1974-09-26,172,-121.31,38.5411
385411N1213099W001,1294802,1962-01-18T00:00:00Z,75.52,74.52,0,52.5,23.02,52.5,51.5,NA,Unknown,Water level accuracy is unknown,1,Department of Water Resources,NA,1,Department of Water Resources,NA,NA,8726,08N06E15P001M,NA,Unknown,Unknown,5-021.65,South American,Sacramento,152,Unknown,Unknown,NA,1961-11-30 - 1974-09-26,172,-121.31,38.5411
385411N1213099W001,1294801,1962-01-11T00:00:00Z,75.52,74.52,0,52.6,22.92,52.6,51.6,NA,Unknown,Water level accuracy is unknown,1,Department of Water Resources,NA,1,Department of Water Resources,NA,NA,8726,08N06E15P001M,NA,Unknown,Unknown,5-021.65,South American,Sacramento,152,Unknown,Unknown,NA,1961-11-30 - 1974-09-26,172,-121.31,38.5411
385411N1213099W001,1294800,1962-01-05T00:00:00Z,75.52,74.52,0,52.7,22.82,52.7,51.7,NA,Unknown,Water level accuracy is unknown,1,Department of Water Resources,NA,1,Department of Water Resources,NA,NA,8726,08N06E15P001M,NA,Unknown,Unknown,5-021.65,South American,Sacramento,152,Unknown,Unknown,NA,1961-11-30 - 1974-09-26,172,-121.31,38.5411
385411N1213099W001,1294799,1961-12-28T00:00:00Z,75.52,74.52,0,52.8,22.72,52.8,51.8,NA,Unknown,Water level accuracy is unknown,1,Department of Water Resources,NA,1,Department of Water Resources,NA,NA,8726,08N06E15P001M,NA,Unknown,Unknown,5-021.65,South American,Sacramento,152,Unknown,Unknown,NA,1961-11-30 - 1974-09-26,172,-121.31,38.5411
385411N1213099W001,1294798,1961-12-21T00:00:00Z,75.52,74.52,0,53,22.52,53,52,NA,Unknown,Water level accuracy is unknown,1,Department of Water Resources,NA,1,Department of Water Resources,NA,NA,8726,08N06E15P001M,NA,Unknown,Unknown,5-021.65,South American,Sacramento,152,Unknown,Unknown,NA,1961-11-30 - 1974-09-26,172,-121.31,38.5411
385411N1213099W001,1294797,1961-12-07T00:00:00Z,75.52,74.52,0,53.3,22.22,53.3,52.3,NA,Unknown,Water level accuracy is unknown,1,Department of Water Resources,NA,1,Department of Water Resources,NA,NA,8726,08N06E15P001M,NA,Unknown,Unknown,5-021.65,South American,Sacramento,152,Unknown,Unknown,NA,1961-11-30 - 1974-09-26,172,-121.31,38.5411
385411N1213099W001,1294796,1961-11-30T00:00:00Z,75.52,74.52,0,53.6,21.92,53.6,52.6,NA,Unknown,Water level accuracy is unknown,1,Department of Water Resources,NA,1,Department of Water Resources,NA,NA,8726,08N06E15P001M,NA,Unknown,Unknown,5-021.65,South American,Sacramento,152,Unknown,Unknown,NA,1961-11-30 - 1974-09-26,172,-121.31,38.5411
