STN_ID.x,SITE_CODE,WLM_ID,MSMT_DATE,WLM_RPE,WLM_GSE,RDNG_WS,RDNG_RP,WSE,RPE_WSE,GSE_WSE,WLM_QA_DESC,WLM_DESC,WLM_ACC_DESC,WLM_ORG_ID,WLM_ORG_NAME,MSMT_CMT,COOP_AGENCY_ORG_ID,COOP_ORG_NAME,STN_ID.y,TOP_PRF,BOT_PRF,STN_ID,SWN,WELL_NAME,WLM_METHOD,WLM_ACC,BASIN_CODE,BASIN_NAME,COUNTY_NAME,WELL_DEPTH,WELL_USE,WELL_TYPE,WCR_NO,t_range,n_samples
31659,385578N1213240W001,2538586,2020-03-05T00:00:00Z,77.62,76.42,0,78.9,-1.28,78.9,77.7,NA,Electric sounder measurement,Water level accuracy to nearest tenth of a foot,1,Department of Water Resources,NA,1,Department of Water Resources,NA,NA,NA,31659,08N06E09Q004M,NA,Unknown,Unknown,5-021.65,South American,Sacramento,125,Residential,Unknown,732,1977-02-25 - 2020-09-16,182
31659,385578N1213240W001,2533083,2020-02-05T00:00:00Z,77.62,76.42,0,79.5,-1.88,79.5,78.3,NA,Electric sounder measurement,Water level accuracy to nearest tenth of a foot,1,Department of Water Resources,NA,1,Department of Water Resources,NA,NA,NA,31659,08N06E09Q004M,NA,Unknown,Unknown,5-021.65,South American,Sacramento,125,Residential,Unknown,732,1977-02-25 - 2020-09-16,182
31659,385578N1213240W001,2493921,2020-01-08T00:00:00Z,77.62,76.42,0,79.3,-1.68,79.3,78.1,NA,Electric sounder measurement,Water level accuracy to nearest tenth of a foot,1,Department of Water Resources,NA,1,Department of Water Resources,NA,NA,NA,31659,08N06E09Q004M,NA,Unknown,Unknown,5-021.65,South American,Sacramento,125,Residential,Unknown,732,1977-02-25 - 2020-09-16,182
31659,385578N1213240W001,2490484,2019-12-16T00:00:00Z,77.62,76.42,0,79.6,-1.98,79.6,78.4,NA,Electric sounder measurement,Water level accuracy to nearest tenth of a foot,1,Department of Water Resources,NA,1,Department of Water Resources,NA,NA,NA,31659,08N06E09Q004M,NA,Unknown,Unknown,5-021.65,South American,Sacramento,125,Residential,Unknown,732,1977-02-25 - 2020-09-16,182
31659,385578N1213240W001,2484876,2019-11-07T00:00:00Z,77.62,76.42,0,80,-2.38,80,78.8,NA,Electric sounder measurement,Water level accuracy to nearest tenth of a foot,1,Department of Water Resources,NA,1,Department of Water Resources,NA,NA,NA,31659,08N06E09Q004M,NA,Unknown,Unknown,5-021.65,South American,Sacramento,125,Residential,Unknown,732,1977-02-25 - 2020-09-16,182
31659,385578N1213240W001,2478205,2019-10-10T00:00:00Z,77.62,76.42,0,80,-2.38,80,78.8,NA,Electric sounder measurement,Water level accuracy to nearest tenth of a foot,1,Department of Water Resources,NA,1,Department of Water Resources,NA,NA,NA,31659,08N06E09Q004M,NA,Unknown,Unknown,5-021.65,South American,Sacramento,125,Residential,Unknown,732,1977-02-25 - 2020-09-16,182
31659,385578N1213240W001,2475164,2019-09-12T00:00:00Z,77.62,76.42,0,80.1,-2.48,80.1,78.9,NA,Electric sounder measurement,Water level accuracy to nearest tenth of a foot,1,Department of Water Resources,NA,1,Department of Water Resources,NA,NA,NA,31659,08N06E09Q004M,NA,Unknown,Unknown,5-021.65,South American,Sacramento,125,Residential,Unknown,732,1977-02-25 - 2020-09-16,182
31659,385578N1213240W001,2474338,2019-08-13T00:00:00Z,77.62,76.42,0,80.2,-2.58,80.2,79,NA,Electric sounder measurement,Water level accuracy to nearest tenth of a foot,1,Department of Water Resources,NA,1,Department of Water Resources,NA,NA,NA,31659,08N06E09Q004M,NA,Unknown,Unknown,5-021.65,South American,Sacramento,125,Residential,Unknown,732,1977-02-25 - 2020-09-16,182
31659,385578N1213240W001,2469031,2019-07-03T00:00:00Z,77.62,76.42,0,80.4,-2.78,80.4,79.2,NA,Electric sounder measurement,Water level accuracy to nearest tenth of a foot,1,Department of Water Resources,NA,1,Department of Water Resources,NA,NA,NA,31659,08N06E09Q004M,NA,Unknown,Unknown,5-021.65,South American,Sacramento,125,Residential,Unknown,732,1977-02-25 - 2020-09-16,182
31659,385578N1213240W001,2465067,2019-06-10T00:00:00Z,77.62,76.42,0,80.5,-2.88,80.5,79.3,NA,Electric sounder measurement,Water level accuracy to nearest tenth of a foot,1,Department of Water Resources,NA,1,Department of Water Resources,NA,NA,NA,31659,08N06E09Q004M,NA,Unknown,Unknown,5-021.65,South American,Sacramento,125,Residential,Unknown,732,1977-02-25 - 2020-09-16,182
31659,385578N1213240W001,2460916,2019-05-17T00:00:00Z,77.62,76.42,0,80.7,-3.08,80.7,79.5,NA,Electric sounder measurement,Water level accuracy to nearest tenth of a foot,1,Department of Water Resources,NA,1,Department of Water Resources,NA,NA,NA,31659,08N06E09Q004M,NA,Unknown,Unknown,5-021.65,South American,Sacramento,125,Residential,Unknown,732,1977-02-25 - 2020-09-16,182
31659,385578N1213240W001,2451741,2019-04-02T00:00:00Z,77.62,76.42,0,80.9,-3.28,80.9,79.7,NA,Electric sounder measurement,Water level accuracy to nearest tenth of a foot,1,Department of Water Resources,NA,1,Department of Water Resources,NA,NA,NA,31659,08N06E09Q004M,NA,Unknown,Unknown,5-021.65,South American,Sacramento,125,Residential,Unknown,732,1977-02-25 - 2020-09-16,182
31659,385578N1213240W001,2450029,2019-02-11T00:00:00Z,77.62,76.42,0,78.3,-0.68,78.3,77.1,NA,Electric sounder measurement,Water level accuracy to nearest tenth of a foot,1,Department of Water Resources,NA,1,Department of Water Resources,NA,NA,NA,31659,08N06E09Q004M,NA,Unknown,Unknown,5-021.65,South American,Sacramento,125,Residential,Unknown,732,1977-02-25 - 2020-09-16,182
31659,385578N1213240W001,2433668,2018-12-07T00:00:00Z,77.62,76.42,0,82.7,-5.08,82.7,81.5,NA,Electric sounder measurement,Water level accuracy to nearest tenth of a foot,1,Department of Water Resources,NA,1,Department of Water Resources,NA,NA,NA,31659,08N06E09Q004M,NA,Unknown,Unknown,5-021.65,South American,Sacramento,125,Residential,Unknown,732,1977-02-25 - 2020-09-16,182
31659,385578N1213240W001,2429267,2018-11-02T00:00:00Z,77.62,76.42,0,82.9,-5.28,82.9,81.7,NA,Electric sounder measurement,Water level accuracy to nearest tenth of a foot,1,Department of Water Resources,NA,1,Department of Water Resources,NA,NA,NA,31659,08N06E09Q004M,NA,Unknown,Unknown,5-021.65,South American,Sacramento,125,Residential,Unknown,732,1977-02-25 - 2020-09-16,182
31659,385578N1213240W001,2411704,2018-10-02T00:00:00Z,77.62,76.42,0,83.3,-5.68,83.3,82.1,NA,Electric sounder measurement,Water level accuracy to nearest tenth of a foot,1,Department of Water Resources,NA,1,Department of Water Resources,NA,NA,NA,31659,08N06E09Q004M,NA,Unknown,Unknown,5-021.65,South American,Sacramento,125,Residential,Unknown,732,1977-02-25 - 2020-09-16,182
31659,385578N1213240W001,2410262,2018-09-04T00:00:00Z,77.62,76.42,0,83,-5.38,83,81.8,NA,Electric sounder measurement,Water level accuracy to nearest tenth of a foot,1,Department of Water Resources,NA,1,Department of Water Resources,NA,NA,NA,31659,08N06E09Q004M,NA,Unknown,Unknown,5-021.65,South American,Sacramento,125,Residential,Unknown,732,1977-02-25 - 2020-09-16,182
31659,385578N1213240W001,2409292,2018-08-15T00:00:00Z,77.62,76.42,0,82.8,-5.18,82.8,81.6,NA,Electric sounder measurement,Water level accuracy to nearest tenth of a foot,1,Department of Water Resources,NA,1,Department of Water Resources,NA,NA,NA,31659,08N06E09Q004M,NA,Unknown,Unknown,5-021.65,South American,Sacramento,125,Residential,Unknown,732,1977-02-25 - 2020-09-16,182
31659,385578N1213240W001,2307681,2018-07-02T00:00:00Z,77.62,76.42,0,82.6,-4.98,82.6,81.4,NA,Electric sounder measurement,Water level accuracy to nearest tenth of a foot,1,Department of Water Resources,NA,1,Department of Water Resources,NA,NA,NA,31659,08N06E09Q004M,NA,Unknown,Unknown,5-021.65,South American,Sacramento,125,Residential,Unknown,732,1977-02-25 - 2020-09-16,182
31659,385578N1213240W001,2307665,2018-05-14T00:00:00Z,77.62,76.42,0,82.1,-4.48,82.1,80.9,NA,Electric sounder measurement,Water level accuracy to nearest tenth of a foot,1,Department of Water Resources,NA,1,Department of Water Resources,NA,NA,NA,31659,08N06E09Q004M,NA,Unknown,Unknown,5-021.65,South American,Sacramento,125,Residential,Unknown,732,1977-02-25 - 2020-09-16,182
31659,385578N1213240W001,2287191,2018-04-10T10:00:00Z,77.62,76.42,0,82.1,-4.48,82.1,80.9,NA,Electric sounder measurement,Water level accuracy to nearest tenth of a foot,1,Department of Water Resources,NA,1,Department of Water Resources,NA,NA,NA,31659,08N06E09Q004M,NA,Unknown,Unknown,5-021.65,South American,Sacramento,125,Residential,Unknown,732,1977-02-25 - 2020-09-16,182
31659,385578N1213240W001,2283575,2018-03-06T10:00:00Z,77.62,76.42,0,82.4,-4.78,82.4,81.2,NA,Electric sounder measurement,Water level accuracy to nearest tenth of a foot,1,Department of Water Resources,NA,1,Department of Water Resources,NA,NA,NA,31659,08N06E09Q004M,NA,Unknown,Unknown,5-021.65,South American,Sacramento,125,Residential,Unknown,732,1977-02-25 - 2020-09-16,182
31659,385578N1213240W001,2283333,2018-02-09T00:00:00Z,77.62,76.42,0,82.4,-4.78,82.4,81.2,NA,Electric sounder measurement,Water level accuracy to nearest tenth of a foot,1,Department of Water Resources,NA,1,Department of Water Resources,NA,NA,NA,31659,08N06E09Q004M,NA,Unknown,Unknown,5-021.65,South American,Sacramento,125,Residential,Unknown,732,1977-02-25 - 2020-09-16,182
31659,385578N1213240W001,2280975,2018-01-23T00:00:00Z,77.62,76.42,0,82.6,-4.98,82.6,81.4,NA,Electric sounder measurement,Water level accuracy to nearest tenth of a foot,1,Department of Water Resources,NA,1,Department of Water Resources,NA,NA,NA,31659,08N06E09Q004M,NA,Unknown,Unknown,5-021.65,South American,Sacramento,125,Residential,Unknown,732,1977-02-25 - 2020-09-16,182
31659,385578N1213240W001,2277417,2017-12-05T00:00:00Z,77.62,76.42,0,83.1,-5.48,83.1,81.9,NA,Electric sounder measurement,Water level accuracy to nearest tenth of a foot,1,Department of Water Resources,NA,1,Department of Water Resources,NA,NA,NA,31659,08N06E09Q004M,NA,Unknown,Unknown,5-021.65,South American,Sacramento,125,Residential,Unknown,732,1977-02-25 - 2020-09-16,182
31659,385578N1213240W001,2274557,2017-11-15T00:00:00Z,77.62,76.42,0,93,-15.38,93,91.8,NA,Electric sounder measurement,Water level accuracy to nearest tenth of a foot,1,Department of Water Resources,NA,1,Department of Water Resources,NA,NA,NA,31659,08N06E09Q004M,NA,Unknown,Unknown,5-021.65,South American,Sacramento,125,Residential,Unknown,732,1977-02-25 - 2020-09-16,182
31659,385578N1213240W001,2268297,2017-10-25T00:00:00Z,77.62,76.42,0,87.1,-9.48,87.1,85.9,NA,Electric sounder measurement,Water level accuracy to nearest tenth of a foot,1,Department of Water Resources,NA,1,Department of Water Resources,NA,NA,NA,31659,08N06E09Q004M,NA,Unknown,Unknown,5-021.65,South American,Sacramento,125,Residential,Unknown,732,1977-02-25 - 2020-09-16,182
31659,385578N1213240W001,2263311,2017-09-26T00:00:00Z,77.62,76.42,0,86.5,-8.88,86.5,85.3,NA,Electric sounder measurement,Water level accuracy to nearest tenth of a foot,1,Department of Water Resources,NA,1,Department of Water Resources,NA,NA,NA,31659,08N06E09Q004M,NA,Unknown,Unknown,5-021.65,South American,Sacramento,125,Residential,Unknown,732,1977-02-25 - 2020-09-16,182
31659,385578N1213240W001,2263310,2017-08-30T00:00:00Z,77.62,76.42,0,86.2,-8.58,86.2,85,NA,Electric sounder measurement,Water level accuracy to nearest tenth of a foot,1,Department of Water Resources,NA,1,Department of Water Resources,NA,NA,NA,31659,08N06E09Q004M,NA,Unknown,Unknown,5-021.65,South American,Sacramento,125,Residential,Unknown,732,1977-02-25 - 2020-09-16,182
31659,385578N1213240W001,2263309,2017-06-27T00:00:00Z,77.62,76.42,0,83.4,-5.78,83.4,82.2,NA,Electric sounder measurement,Water level accuracy to nearest tenth of a foot,1,Department of Water Resources,NA,1,Department of Water Resources,NA,NA,NA,31659,08N06E09Q004M,NA,Unknown,Unknown,5-021.65,South American,Sacramento,125,Residential,Unknown,732,1977-02-25 - 2020-09-16,182
31659,385578N1213240W001,2263308,2017-05-09T00:00:00Z,77.62,76.42,0,86.1,-8.48,86.1,84.9,NA,Electric sounder measurement,Water level accuracy to nearest tenth of a foot,1,Department of Water Resources,NA,1,Department of Water Resources,NA,NA,NA,31659,08N06E09Q004M,NA,Unknown,Unknown,5-021.65,South American,Sacramento,125,Residential,Unknown,732,1977-02-25 - 2020-09-16,182
31659,385578N1213240W001,2263307,2017-04-12T00:00:00Z,77.62,76.42,0,86.1,-8.48,86.1,84.9,NA,Electric sounder measurement,Water level accuracy to nearest tenth of a foot,1,Department of Water Resources,NA,1,Department of Water Resources,NA,NA,NA,31659,08N06E09Q004M,NA,Unknown,Unknown,5-021.65,South American,Sacramento,125,Residential,Unknown,732,1977-02-25 - 2020-09-16,182
31659,385578N1213240W001,2237480,2017-03-06T00:00:00Z,77.62,76.42,0,85.4,-7.78,85.4,84.2,NA,Electric sounder measurement,Water level accuracy to nearest tenth of a foot,1,Department of Water Resources,NA,1,Department of Water Resources,NA,NA,NA,31659,08N06E09Q004M,NA,Unknown,Unknown,5-021.65,South American,Sacramento,125,Residential,Unknown,732,1977-02-25 - 2020-09-16,182
31659,385578N1213240W001,2230605,2017-01-13T00:00:00Z,77.62,76.42,0,84.5,-6.88,84.5,83.3,NA,Electric sounder measurement,Water level accuracy to nearest tenth of a foot,1,Department of Water Resources,NA,1,Department of Water Resources,NA,NA,NA,31659,08N06E09Q004M,NA,Unknown,Unknown,5-021.65,South American,Sacramento,125,Residential,Unknown,732,1977-02-25 - 2020-09-16,182
31659,385578N1213240W001,2223639,2016-12-19T00:00:00Z,77.62,76.42,0,85.8,-8.18,85.8,84.6,NA,Electric sounder measurement,Water level accuracy to nearest tenth of a foot,1,Department of Water Resources,NA,1,Department of Water Resources,NA,NA,NA,31659,08N06E09Q004M,NA,Unknown,Unknown,5-021.65,South American,Sacramento,125,Residential,Unknown,732,1977-02-25 - 2020-09-16,182
31659,385578N1213240W001,2220281,2016-11-21T00:00:00Z,77.62,76.42,0,87,-9.38,87,85.8,NA,Electric sounder measurement,Water level accuracy to nearest tenth of a foot,1,Department of Water Resources,NA,1,Department of Water Resources,NA,NA,NA,31659,08N06E09Q004M,NA,Unknown,Unknown,5-021.65,South American,Sacramento,125,Residential,Unknown,732,1977-02-25 - 2020-09-16,182
31659,385578N1213240W001,2214322,2016-10-18T00:00:00Z,77.62,76.42,0,87.6,-9.98,87.6,86.4,NA,Electric sounder measurement,Water level accuracy to nearest tenth of a foot,1,Department of Water Resources,NA,1,Department of Water Resources,NA,NA,NA,31659,08N06E09Q004M,NA,Unknown,Unknown,5-021.65,South American,Sacramento,125,Residential,Unknown,732,1977-02-25 - 2020-09-16,182
31659,385578N1213240W001,2211411,2016-09-13T00:00:00Z,77.62,76.42,0,87.7,-10.08,87.7,86.5,NA,Electric sounder measurement,Water level accuracy to nearest tenth of a foot,1,Department of Water Resources,NA,1,Department of Water Resources,NA,NA,NA,31659,08N06E09Q004M,NA,Unknown,Unknown,5-021.65,South American,Sacramento,125,Residential,Unknown,732,1977-02-25 - 2020-09-16,182
31659,385578N1213240W001,2211425,2016-08-18T00:00:00Z,77.62,76.42,0,87.1,-9.48,87.1,85.9,NA,Electric sounder measurement,Water level accuracy to nearest tenth of a foot,1,Department of Water Resources,NA,1,Department of Water Resources,NA,NA,NA,31659,08N06E09Q004M,NA,Unknown,Unknown,5-021.65,South American,Sacramento,125,Residential,Unknown,732,1977-02-25 - 2020-09-16,182
31659,385578N1213240W001,2201400,2016-07-18T00:00:00Z,77.62,76.42,0,86.9,-9.28,86.9,85.7,NA,Electric sounder measurement,Water level accuracy to nearest tenth of a foot,1,Department of Water Resources,NA,1,Department of Water Resources,NA,NA,NA,31659,08N06E09Q004M,NA,Unknown,Unknown,5-021.65,South American,Sacramento,125,Residential,Unknown,732,1977-02-25 - 2020-09-16,182
31659,385578N1213240W001,2199295,2016-06-30T00:00:00Z,77.62,76.42,0,86.6,-8.98,86.6,85.4,NA,Electric sounder measurement,Water level accuracy to nearest tenth of a foot,1,Department of Water Resources,NA,1,Department of Water Resources,NA,NA,NA,31659,08N06E09Q004M,NA,Unknown,Unknown,5-021.65,South American,Sacramento,125,Residential,Unknown,732,1977-02-25 - 2020-09-16,182
31659,385578N1213240W001,2196955,2016-05-26T00:00:00Z,77.62,76.42,0,85.3,-7.68,85.3,84.1,NA,Electric sounder measurement,Water level accuracy to nearest tenth of a foot,1,Department of Water Resources,NA,1,Department of Water Resources,NA,NA,NA,31659,08N06E09Q004M,NA,Unknown,Unknown,5-021.65,South American,Sacramento,125,Residential,Unknown,732,1977-02-25 - 2020-09-16,182
31659,385578N1213240W001,2192089,2016-04-19T00:00:00Z,77.62,76.42,0,84.8,-7.18,84.8,83.6,NA,Electric sounder measurement,Water level accuracy to nearest tenth of a foot,1,Department of Water Resources,NA,1,Department of Water Resources,NA,NA,NA,31659,08N06E09Q004M,NA,Unknown,Unknown,5-021.65,South American,Sacramento,125,Residential,Unknown,732,1977-02-25 - 2020-09-16,182
31659,385578N1213240W001,2185773,2016-03-24T00:00:00Z,77.62,76.42,0,85.2,-7.58,85.2,84,NA,Electric sounder measurement,Water level accuracy to nearest tenth of a foot,1,Department of Water Resources,NA,1,Department of Water Resources,NA,NA,NA,31659,08N06E09Q004M,NA,Unknown,Unknown,5-021.65,South American,Sacramento,125,Residential,Unknown,732,1977-02-25 - 2020-09-16,182
31659,385578N1213240W001,2182813,2016-02-25T00:00:00Z,77.62,76.42,0,86,-8.38,86,84.8,NA,Electric sounder measurement,Water level accuracy to nearest tenth of a foot,1,Department of Water Resources,NA,1,Department of Water Resources,NA,NA,NA,31659,08N06E09Q004M,NA,Unknown,Unknown,5-021.65,South American,Sacramento,125,Residential,Unknown,732,1977-02-25 - 2020-09-16,182
31659,385578N1213240W001,2180996,2016-01-25T00:00:00Z,77.62,76.42,0,86.5,-8.88,86.5,85.3,NA,Electric sounder measurement,Water level accuracy to nearest tenth of a foot,1,Department of Water Resources,NA,1,Department of Water Resources,NA,NA,NA,31659,08N06E09Q004M,NA,Unknown,Unknown,5-021.65,South American,Sacramento,125,Residential,Unknown,732,1977-02-25 - 2020-09-16,182
31659,385578N1213240W001,2178014,2015-12-29T00:00:00Z,77.62,76.42,0,86.9,-9.28,86.9,85.7,NA,Electric sounder measurement,Water level accuracy to nearest tenth of a foot,1,Department of Water Resources,NA,1,Department of Water Resources,NA,NA,NA,31659,08N06E09Q004M,NA,Unknown,Unknown,5-021.65,South American,Sacramento,125,Residential,Unknown,732,1977-02-25 - 2020-09-16,182
31659,385578N1213240W001,2175809,2015-11-10T00:00:00Z,77.62,76.42,0,87.1,-9.48,87.1,85.9,NA,Electric sounder measurement,Water level accuracy to nearest tenth of a foot,1,Department of Water Resources,NA,1,Department of Water Resources,NA,NA,NA,31659,08N06E09Q004M,NA,Unknown,Unknown,5-021.65,South American,Sacramento,125,Residential,Unknown,732,1977-02-25 - 2020-09-16,182
31659,385578N1213240W001,2157727,2015-10-13T00:00:00Z,77.62,76.42,0,87.2,-9.58,87.2,86,NA,Electric sounder measurement,Water level accuracy to nearest tenth of a foot,1,Department of Water Resources,NA,1,Department of Water Resources,NA,NA,NA,31659,08N06E09Q004M,NA,Unknown,Unknown,5-021.65,South American,Sacramento,125,Residential,Unknown,732,1977-02-25 - 2020-09-16,182
31659,385578N1213240W001,2153096,2015-09-01T00:00:00Z,77.62,76.42,0,87,-9.38,87,85.8,NA,Electric sounder measurement,Water level accuracy to nearest tenth of a foot,1,Department of Water Resources,NA,1,Department of Water Resources,NA,NA,NA,31659,08N06E09Q004M,NA,Unknown,Unknown,5-021.65,South American,Sacramento,125,Residential,Unknown,732,1977-02-25 - 2020-09-16,182
31659,385578N1213240W001,2150906,2015-08-27T00:00:00Z,77.62,76.42,0,87.3,-9.68,87.3,86.1,NA,Electric sounder measurement,Water level accuracy to nearest tenth of a foot,1,Department of Water Resources,NA,1,Department of Water Resources,NA,NA,NA,31659,08N06E09Q004M,NA,Unknown,Unknown,5-021.65,South American,Sacramento,125,Residential,Unknown,732,1977-02-25 - 2020-09-16,182
31659,385578N1213240W001,2146979,2015-07-07T00:00:00Z,77.62,76.42,0,86.6,-8.98,86.6,85.4,NA,Electric sounder measurement,Water level accuracy to nearest tenth of a foot,1,Department of Water Resources,NA,1,Department of Water Resources,NA,NA,NA,31659,08N06E09Q004M,NA,Unknown,Unknown,5-021.65,South American,Sacramento,125,Residential,Unknown,732,1977-02-25 - 2020-09-16,182
31659,385578N1213240W001,2143349,2015-06-19T00:00:00Z,77.62,76.42,0,88.2,-10.58,88.2,87,NA,Electric sounder measurement,Water level accuracy to nearest tenth of a foot,1,Department of Water Resources,NA,1,Department of Water Resources,NA,NA,NA,31659,08N06E09Q004M,NA,Unknown,Unknown,5-021.65,South American,Sacramento,125,Residential,Unknown,732,1977-02-25 - 2020-09-16,182
31659,385578N1213240W001,2140433,2015-05-28T00:00:00Z,77.62,76.42,0,87.5,-9.88,87.5,86.3,NA,Electric sounder measurement,Water level accuracy to nearest tenth of a foot,1,Department of Water Resources,NA,1,Department of Water Resources,NA,NA,NA,31659,08N06E09Q004M,NA,Unknown,Unknown,5-021.65,South American,Sacramento,125,Residential,Unknown,732,1977-02-25 - 2020-09-16,182
31659,385578N1213240W001,2136199,2015-04-20T00:00:00Z,77.62,76.42,0,86.3,-8.68,86.3,85.1,NA,Electric sounder measurement,Water level accuracy to nearest tenth of a foot,1,Department of Water Resources,NA,1,Department of Water Resources,NA,NA,NA,31659,08N06E09Q004M,NA,Unknown,Unknown,5-021.65,South American,Sacramento,125,Residential,Unknown,732,1977-02-25 - 2020-09-16,182
31659,385578N1213240W001,2119296,2015-03-18T00:00:00Z,77.62,76.42,0,86.4,-8.78,86.4,85.2,NA,Electric sounder measurement,Water level accuracy to nearest tenth of a foot,1,Department of Water Resources,NA,1,Department of Water Resources,NA,NA,NA,31659,08N06E09Q004M,NA,Unknown,Unknown,5-021.65,South American,Sacramento,125,Residential,Unknown,732,1977-02-25 - 2020-09-16,182
31659,385578N1213240W001,2115201,2015-02-25T00:00:00Z,77.62,76.42,0,86.2,-8.58,86.2,85,NA,Electric sounder measurement,Water level accuracy to nearest tenth of a foot,1,Department of Water Resources,NA,1,Department of Water Resources,NA,NA,NA,31659,08N06E09Q004M,NA,Unknown,Unknown,5-021.65,South American,Sacramento,125,Residential,Unknown,732,1977-02-25 - 2020-09-16,182
31659,385578N1213240W001,2113528,2015-01-16T00:00:00Z,77.62,76.42,0,86.8,-9.18,86.8,85.6,NA,Electric sounder measurement,Water level accuracy to nearest tenth of a foot,1,Department of Water Resources,NA,1,Department of Water Resources,NA,NA,NA,31659,08N06E09Q004M,NA,Unknown,Unknown,5-021.65,South American,Sacramento,125,Residential,Unknown,732,1977-02-25 - 2020-09-16,182
31659,385578N1213240W001,2109761,2014-12-30T00:00:00Z,77.62,76.42,0,86.9,-9.28,86.9,85.7,NA,Electric sounder measurement,Water level accuracy to nearest tenth of a foot,1,Department of Water Resources,NA,1,Department of Water Resources,NA,NA,NA,31659,08N06E09Q004M,NA,Unknown,Unknown,5-021.65,South American,Sacramento,125,Residential,Unknown,732,1977-02-25 - 2020-09-16,182
31659,385578N1213240W001,2106797,2014-11-21T00:00:00Z,77.62,76.42,0,88.6,-10.98,88.6,87.4,NA,Electric sounder measurement,Water level accuracy to nearest tenth of a foot,1,Department of Water Resources,NA,1,Department of Water Resources,NA,NA,NA,31659,08N06E09Q004M,NA,Unknown,Unknown,5-021.65,South American,Sacramento,125,Residential,Unknown,732,1977-02-25 - 2020-09-16,182
31659,385578N1213240W001,2019257,2014-10-20T00:00:00Z,77.62,76.42,0,87.4,-9.78,87.4,86.2,NA,Electric sounder measurement,Water level accuracy to nearest tenth of a foot,1,Department of Water Resources,NA,1,Department of Water Resources,NA,NA,NA,31659,08N06E09Q004M,NA,Unknown,Unknown,5-021.65,South American,Sacramento,125,Residential,Unknown,732,1977-02-25 - 2020-09-16,182
31659,385578N1213240W001,2002107,2014-09-19T00:00:00Z,77.62,76.42,0,87.3,-9.68,87.3,86.1,NA,Electric sounder measurement,Water level accuracy to nearest tenth of a foot,1,Department of Water Resources,NA,1,Department of Water Resources,NA,NA,NA,31659,08N06E09Q004M,NA,Unknown,Unknown,5-021.65,South American,Sacramento,125,Residential,Unknown,732,1977-02-25 - 2020-09-16,182
31659,385578N1213240W001,1995554,2014-08-20T00:00:00Z,77.62,76.42,0,87.1,-9.48,87.1,85.9,NA,Electric sounder measurement,Water level accuracy to nearest tenth of a foot,1,Department of Water Resources,NA,1,Department of Water Resources,NA,NA,NA,31659,08N06E09Q004M,NA,Unknown,Unknown,5-021.65,South American,Sacramento,125,Residential,Unknown,732,1977-02-25 - 2020-09-16,182
31659,385578N1213240W001,1991001,2014-06-25T00:00:00Z,77.62,76.42,0,86.5,-8.88,86.5,85.3,NA,Electric sounder measurement,Water level accuracy to nearest tenth of a foot,1,Department of Water Resources,NA,1,Department of Water Resources,NA,NA,NA,31659,08N06E09Q004M,NA,Unknown,Unknown,5-021.65,South American,Sacramento,125,Residential,Unknown,732,1977-02-25 - 2020-09-16,182
31659,385578N1213240W001,1993602,2014-06-25T00:00:00Z,77.62,76.42,0,86.5,-8.88,86.5,85.3,NA,Electric sounder measurement,Water level accuracy to nearest tenth of a foot,1,Department of Water Resources,NA,1,Department of Water Resources,NA,NA,NA,31659,08N06E09Q004M,NA,Unknown,Unknown,5-021.65,South American,Sacramento,125,Residential,Unknown,732,1977-02-25 - 2020-09-16,182
31659,385578N1213240W001,1977441,2014-05-08T00:00:00Z,77.62,76.42,0,86.1,-8.48,86.1,84.9,NA,Electric sounder measurement,Water level accuracy to nearest tenth of a foot,1,Department of Water Resources,NA,1,Department of Water Resources,NA,NA,NA,31659,08N06E09Q004M,NA,Unknown,Unknown,5-021.65,South American,Sacramento,125,Residential,Unknown,732,1977-02-25 - 2020-09-16,182
31659,385578N1213240W001,1975890,2014-04-15T00:00:00Z,77.62,76.42,0,86.2,-8.58,86.2,85,NA,Electric sounder measurement,Water level accuracy to nearest tenth of a foot,1,Department of Water Resources,NA,1,Department of Water Resources,NA,NA,NA,31659,08N06E09Q004M,NA,Unknown,Unknown,5-021.65,South American,Sacramento,125,Residential,Unknown,732,1977-02-25 - 2020-09-16,182
31659,385578N1213240W001,1877426,2014-03-10T00:00:00Z,77.62,76.42,0,86.9,-9.28,86.9,85.7,NA,Electric sounder measurement,Water level accuracy to nearest tenth of a foot,1,Department of Water Resources,NA,1,Department of Water Resources,NA,NA,NA,31659,08N06E09Q004M,NA,Unknown,Unknown,5-021.65,South American,Sacramento,125,Residential,Unknown,732,1977-02-25 - 2020-09-16,182
31659,385578N1213240W001,1876292,2014-02-24T00:00:00Z,77.62,76.42,0,86.9,-9.28,86.9,85.7,NA,Electric sounder measurement,Water level accuracy to nearest tenth of a foot,1,Department of Water Resources,NA,1,Department of Water Resources,NA,NA,NA,31659,08N06E09Q004M,NA,Unknown,Unknown,5-021.65,South American,Sacramento,125,Residential,Unknown,732,1977-02-25 - 2020-09-16,182
31659,385578N1213240W001,1825618,2014-01-27T00:00:00Z,77.62,76.42,0,87,-9.38,87,85.8,NA,Electric sounder measurement,Water level accuracy to nearest tenth of a foot,1,Department of Water Resources,NA,1,Department of Water Resources,NA,NA,NA,31659,08N06E09Q004M,NA,Unknown,Unknown,5-021.65,South American,Sacramento,125,Residential,Unknown,732,1977-02-25 - 2020-09-16,182
31659,385578N1213240W001,1823618,2013-12-26T00:00:00Z,77.62,76.42,0,87.2,-9.58,87.2,86,NA,Electric sounder measurement,Water level accuracy to nearest tenth of a foot,1,Department of Water Resources,NA,1,Department of Water Resources,NA,NA,NA,31659,08N06E09Q004M,NA,Unknown,Unknown,5-021.65,South American,Sacramento,125,Residential,Unknown,732,1977-02-25 - 2020-09-16,182
31659,385578N1213240W001,1808535,2013-12-03T00:00:00Z,77.62,76.42,0,87,-9.38,87,85.8,NA,Electric sounder measurement,Water level accuracy to nearest tenth of a foot,1,Department of Water Resources,NA,1,Department of Water Resources,NA,NA,NA,31659,08N06E09Q004M,NA,Unknown,Unknown,5-021.65,South American,Sacramento,125,Residential,Unknown,732,1977-02-25 - 2020-09-16,182
31659,385578N1213240W001,1797551,2013-10-29T00:00:00Z,77.62,76.42,0,87,-9.38,87,85.8,NA,Electric sounder measurement,Water level accuracy to nearest tenth of a foot,1,Department of Water Resources,NA,1,Department of Water Resources,NA,NA,NA,31659,08N06E09Q004M,NA,Unknown,Unknown,5-021.65,South American,Sacramento,125,Residential,Unknown,732,1977-02-25 - 2020-09-16,182
31659,385578N1213240W001,1795862,2013-09-25T00:00:00Z,77.62,76.42,0,86.8,-9.18,86.8,85.6,NA,Electric sounder measurement,Water level accuracy to nearest tenth of a foot,1,Department of Water Resources,NA,1,Department of Water Resources,NA,NA,NA,31659,08N06E09Q004M,NA,Unknown,Unknown,5-021.65,South American,Sacramento,125,Residential,Unknown,732,1977-02-25 - 2020-09-16,182
31659,385578N1213240W001,1745164,2013-08-29T00:00:00Z,77.62,76.42,0,84.7,-7.08,84.7,83.5,NA,Electric sounder measurement,Water level accuracy to nearest tenth of a foot,1,Department of Water Resources,NA,1,Department of Water Resources,NA,NA,NA,31659,08N06E09Q004M,NA,Unknown,Unknown,5-021.65,South American,Sacramento,125,Residential,Unknown,732,1977-02-25 - 2020-09-16,182
31659,385578N1213240W001,1739443,2013-08-01T00:00:00Z,77.62,76.42,0,85.9,-8.28,85.9,84.7,NA,Electric sounder measurement,Water level accuracy to nearest tenth of a foot,1,Department of Water Resources,NA,1,Department of Water Resources,NA,NA,NA,31659,08N06E09Q004M,NA,Unknown,Unknown,5-021.65,South American,Sacramento,125,Residential,Unknown,732,1977-02-25 - 2020-09-16,182
31659,385578N1213240W001,1735629,2013-06-24T00:00:00Z,77.62,76.42,0,86.2,-8.58,86.2,85,NA,Electric sounder measurement,Water level accuracy to nearest tenth of a foot,1,Department of Water Resources,NA,1,Department of Water Resources,NA,NA,NA,31659,08N06E09Q004M,NA,Unknown,Unknown,5-021.65,South American,Sacramento,125,Residential,Unknown,732,1977-02-25 - 2020-09-16,182
31659,385578N1213240W001,1703832,2013-03-18T00:00:00Z,77.62,76.42,0,84.5,-6.88,84.5,83.3,NA,Electric sounder measurement,Water level accuracy to nearest tenth of a foot,1,Department of Water Resources,NA,1,Department of Water Resources,NA,NA,NA,31659,08N06E09Q004M,NA,Unknown,Unknown,5-021.65,South American,Sacramento,125,Residential,Unknown,732,1977-02-25 - 2020-09-16,182
31659,385578N1213240W001,68866,2012-10-18T00:00:00Z,77.62,76.42,0,85.4,-7.78,85.4,84.2,NA,Electric sounder measurement,Water level accuracy to nearest tenth of a foot,1,Department of Water Resources,NA,1,Department of Water Resources,NA,NA,NA,31659,08N06E09Q004M,NA,Unknown,Unknown,5-021.65,South American,Sacramento,125,Residential,Unknown,732,1977-02-25 - 2020-09-16,182
31659,385578N1213240W001,1294795,2011-10-18T00:00:00Z,77.62,76.42,0,86.1,-8.48,86.1,84.9,NA,Unknown,Water level accuracy is unknown,1,Department of Water Resources,NA,1,Department of Water Resources,NA,NA,NA,31659,08N06E09Q004M,NA,Unknown,Unknown,5-021.65,South American,Sacramento,125,Residential,Unknown,732,1977-02-25 - 2020-09-16,182
31659,385578N1213240W001,1294794,2011-04-05T00:00:00Z,77.62,76.42,0,86.2,-8.58,86.2,85,NA,Unknown,Water level accuracy is unknown,1,Department of Water Resources,NA,1,Department of Water Resources,NA,NA,NA,31659,08N06E09Q004M,NA,Unknown,Unknown,5-021.65,South American,Sacramento,125,Residential,Unknown,732,1977-02-25 - 2020-09-16,182
31659,385578N1213240W001,1294793,2010-11-22T00:00:00Z,77.62,76.42,0,87.7,-10.08,87.7,86.5,NA,Unknown,Water level accuracy is unknown,1,Department of Water Resources,NA,1,Department of Water Resources,NA,NA,NA,31659,08N06E09Q004M,NA,Unknown,Unknown,5-021.65,South American,Sacramento,125,Residential,Unknown,732,1977-02-25 - 2020-09-16,182
31659,385578N1213240W001,1294792,2010-07-29T00:00:00Z,77.62,76.42,0,87.4,-9.78,87.4,86.2,NA,Unknown,Water level accuracy is unknown,1,Department of Water Resources,NA,1,Department of Water Resources,NA,NA,NA,31659,08N06E09Q004M,NA,Unknown,Unknown,5-021.65,South American,Sacramento,125,Residential,Unknown,732,1977-02-25 - 2020-09-16,182
31659,385578N1213240W001,1294791,2010-03-22T00:00:00Z,77.62,76.42,0,86.4,-8.78,86.4,85.2,NA,Unknown,Water level accuracy is unknown,1,Department of Water Resources,NA,1,Department of Water Resources,NA,NA,NA,31659,08N06E09Q004M,NA,Unknown,Unknown,5-021.65,South American,Sacramento,125,Residential,Unknown,732,1977-02-25 - 2020-09-16,182
31659,385578N1213240W001,1294790,2009-10-15T00:00:00Z,77.62,76.42,0,86.6,-8.98,86.6,85.4,NA,Unknown,Water level accuracy is unknown,1,Department of Water Resources,NA,1,Department of Water Resources,NA,NA,NA,31659,08N06E09Q004M,NA,Unknown,Unknown,5-021.65,South American,Sacramento,125,Residential,Unknown,732,1977-02-25 - 2020-09-16,182
31659,385578N1213240W001,1294789,2009-09-16T00:00:00Z,77.62,76.42,0,87.4,-9.78,87.4,86.2,NA,Unknown,Water level accuracy is unknown,1,Department of Water Resources,NA,1,Department of Water Resources,NA,NA,NA,31659,08N06E09Q004M,NA,Unknown,Unknown,5-021.65,South American,Sacramento,125,Residential,Unknown,732,1977-02-25 - 2020-09-16,182
31659,385578N1213240W001,1294788,2009-08-13T00:00:00Z,77.62,76.42,0,86.5,-8.88,86.5,85.3,NA,Unknown,Water level accuracy is unknown,1,Department of Water Resources,NA,1,Department of Water Resources,NA,NA,NA,31659,08N06E09Q004M,NA,Unknown,Unknown,5-021.65,South American,Sacramento,125,Residential,Unknown,732,1977-02-25 - 2020-09-16,182
31659,385578N1213240W001,1294787,2009-07-15T00:00:00Z,77.62,76.42,0,86.9,-9.28,86.9,85.7,NA,Unknown,Water level accuracy is unknown,1,Department of Water Resources,NA,1,Department of Water Resources,NA,NA,NA,31659,08N06E09Q004M,NA,Unknown,Unknown,5-021.65,South American,Sacramento,125,Residential,Unknown,732,1977-02-25 - 2020-09-16,182
31659,385578N1213240W001,1294786,2009-06-22T00:00:00Z,77.62,76.42,0,86,-8.38,86,84.8,NA,Unknown,Water level accuracy is unknown,1,Department of Water Resources,NA,1,Department of Water Resources,NA,NA,NA,31659,08N06E09Q004M,NA,Unknown,Unknown,5-021.65,South American,Sacramento,125,Residential,Unknown,732,1977-02-25 - 2020-09-16,182
31659,385578N1213240W001,1294785,2009-05-14T00:00:00Z,77.62,76.42,0,86,-8.38,86,84.8,NA,Unknown,Water level accuracy is unknown,1,Department of Water Resources,NA,1,Department of Water Resources,NA,NA,NA,31659,08N06E09Q004M,NA,Unknown,Unknown,5-021.65,South American,Sacramento,125,Residential,Unknown,732,1977-02-25 - 2020-09-16,182
31659,385578N1213240W001,1294784,2009-04-16T00:00:00Z,77.62,76.42,0,85.6,-7.98,85.6,84.4,NA,Unknown,Water level accuracy is unknown,1,Department of Water Resources,NA,1,Department of Water Resources,NA,NA,NA,31659,08N06E09Q004M,NA,Unknown,Unknown,5-021.65,South American,Sacramento,125,Residential,Unknown,732,1977-02-25 - 2020-09-16,182
31659,385578N1213240W001,1294783,2008-10-29T00:00:00Z,77.62,76.42,0,85.4,-7.78,85.4,84.2,NA,Unknown,Water level accuracy is unknown,1,Department of Water Resources,NA,1,Department of Water Resources,NA,NA,NA,31659,08N06E09Q004M,NA,Unknown,Unknown,5-021.65,South American,Sacramento,125,Residential,Unknown,732,1977-02-25 - 2020-09-16,182
31659,385578N1213240W001,1294782,2008-03-20T00:00:00Z,77.62,76.42,0,83.9,-6.28,83.9,82.7,NA,Unknown,Water level accuracy is unknown,1,Department of Water Resources,NA,1,Department of Water Resources,NA,NA,NA,31659,08N06E09Q004M,NA,Unknown,Unknown,5-021.65,South American,Sacramento,125,Residential,Unknown,732,1977-02-25 - 2020-09-16,182
31659,385578N1213240W001,1294781,2007-10-30T00:00:00Z,77.62,76.42,0,84.8,-7.18,84.8,83.6,NA,Unknown,Water level accuracy is unknown,1,Department of Water Resources,NA,1,Department of Water Resources,NA,NA,NA,31659,08N06E09Q004M,NA,Unknown,Unknown,5-021.65,South American,Sacramento,125,Residential,Unknown,732,1977-02-25 - 2020-09-16,182
31659,385578N1213240W001,1294780,2007-04-06T00:00:00Z,77.62,76.42,0,82.1,-4.48,82.1,80.9,NA,Unknown,Water level accuracy is unknown,1,Department of Water Resources,NA,1,Department of Water Resources,NA,NA,NA,31659,08N06E09Q004M,NA,Unknown,Unknown,5-021.65,South American,Sacramento,125,Residential,Unknown,732,1977-02-25 - 2020-09-16,182
31659,385578N1213240W001,1294779,2006-10-18T00:00:00Z,77.62,76.42,0,84.9,-7.28,84.9,83.7,NA,Unknown,Water level accuracy is unknown,1,Department of Water Resources,NA,1,Department of Water Resources,NA,NA,NA,31659,08N06E09Q004M,NA,Unknown,Unknown,5-021.65,South American,Sacramento,125,Residential,Unknown,732,1977-02-25 - 2020-09-16,182
31659,385578N1213240W001,1294778,2006-04-26T00:00:00Z,77.62,76.42,0,82.6,-4.98,82.6,81.4,NA,Unknown,Water level accuracy is unknown,1,Department of Water Resources,NA,1,Department of Water Resources,NA,NA,NA,31659,08N06E09Q004M,NA,Unknown,Unknown,5-021.65,South American,Sacramento,125,Residential,Unknown,732,1977-02-25 - 2020-09-16,182
31659,385578N1213240W001,1294777,2005-10-31T00:00:00Z,77.62,76.42,0,85.1,-7.48,85.1,83.9,NA,Unknown,Water level accuracy is unknown,1,Department of Water Resources,NA,1,Department of Water Resources,NA,NA,NA,31659,08N06E09Q004M,NA,Unknown,Unknown,5-021.65,South American,Sacramento,125,Residential,Unknown,732,1977-02-25 - 2020-09-16,182
31659,385578N1213240W001,1294776,2005-04-13T00:00:00Z,77.62,76.42,0,85,-7.38,85,83.8,NA,Unknown,Water level accuracy is unknown,1,Department of Water Resources,NA,1,Department of Water Resources,NA,NA,NA,31659,08N06E09Q004M,NA,Unknown,Unknown,5-021.65,South American,Sacramento,125,Residential,Unknown,732,1977-02-25 - 2020-09-16,182
31659,385578N1213240W001,1294775,2004-10-28T00:00:00Z,77.62,76.42,0,85.4,-7.78,85.4,84.2,NA,Unknown,Water level accuracy is unknown,1,Department of Water Resources,NA,1,Department of Water Resources,NA,NA,NA,31659,08N06E09Q004M,NA,Unknown,Unknown,5-021.65,South American,Sacramento,125,Residential,Unknown,732,1977-02-25 - 2020-09-16,182
31659,385578N1213240W001,1294774,2004-03-23T00:00:00Z,77.62,76.42,0,83.8,-6.18,83.8,82.6,NA,Unknown,Water level accuracy is unknown,1,Department of Water Resources,NA,1,Department of Water Resources,NA,NA,NA,31659,08N06E09Q004M,NA,Unknown,Unknown,5-021.65,South American,Sacramento,125,Residential,Unknown,732,1977-02-25 - 2020-09-16,182
31659,385578N1213240W001,1294773,2003-10-27T00:00:00Z,77.62,76.42,0,84.7,-7.08,84.7,83.5,NA,Unknown,Water level accuracy is unknown,1,Department of Water Resources,NA,1,Department of Water Resources,NA,NA,NA,31659,08N06E09Q004M,NA,Unknown,Unknown,5-021.65,South American,Sacramento,125,Residential,Unknown,732,1977-02-25 - 2020-09-16,182
31659,385578N1213240W001,1294772,2003-04-07T00:00:00Z,77.62,76.42,0,78.8,-1.18,78.8,77.6,NA,Unknown,Water level accuracy is unknown,1,Department of Water Resources,NA,1,Department of Water Resources,NA,NA,NA,31659,08N06E09Q004M,NA,Unknown,Unknown,5-021.65,South American,Sacramento,125,Residential,Unknown,732,1977-02-25 - 2020-09-16,182
31659,385578N1213240W001,1294771,2002-11-19T00:00:00Z,77.62,76.42,0,83.3,-5.68,83.3,82.1,NA,Unknown,Water level accuracy is unknown,1,Department of Water Resources,NA,1,Department of Water Resources,NA,NA,NA,31659,08N06E09Q004M,NA,Unknown,Unknown,5-021.65,South American,Sacramento,125,Residential,Unknown,732,1977-02-25 - 2020-09-16,182
31659,385578N1213240W001,1294770,2002-04-15T00:00:00Z,77.62,76.42,0,80.4,-2.78,80.4,79.2,NA,Unknown,Water level accuracy is unknown,1,Department of Water Resources,NA,1,Department of Water Resources,NA,NA,NA,31659,08N06E09Q004M,NA,Unknown,Unknown,5-021.65,South American,Sacramento,125,Residential,Unknown,732,1977-02-25 - 2020-09-16,182
31659,385578N1213240W001,1294769,2001-11-26T00:00:00Z,77.62,76.42,0,87.9,-10.28,87.9,86.7,NA,Unknown,Water level accuracy is unknown,1,Department of Water Resources,NA,1,Department of Water Resources,NA,NA,NA,31659,08N06E09Q004M,NA,Unknown,Unknown,5-021.65,South American,Sacramento,125,Residential,Unknown,732,1977-02-25 - 2020-09-16,182
31659,385578N1213240W001,1294768,2001-05-23T00:00:00Z,77.62,76.42,0,78.7,-1.08,78.7,77.5,NA,Unknown,Water level accuracy is unknown,1,Department of Water Resources,NA,1,Department of Water Resources,NA,NA,NA,31659,08N06E09Q004M,NA,Unknown,Unknown,5-021.65,South American,Sacramento,125,Residential,Unknown,732,1977-02-25 - 2020-09-16,182
31659,385578N1213240W001,1294763,2000-05-03T00:00:00Z,77.62,76.42,0,77,0.62,77,75.8,NA,Unknown,Water level accuracy is unknown,1,Department of Water Resources,NA,1,Department of Water Resources,NA,NA,NA,31659,08N06E09Q004M,NA,Unknown,Unknown,5-021.65,South American,Sacramento,125,Residential,Unknown,732,1977-02-25 - 2020-09-16,182
31659,385578N1213240W001,1294762,1999-11-03T00:00:00Z,77.62,76.42,0,76.9,0.72,76.9,75.7,NA,Unknown,Water level accuracy is unknown,1,Department of Water Resources,NA,1,Department of Water Resources,NA,NA,NA,31659,08N06E09Q004M,NA,Unknown,Unknown,5-021.65,South American,Sacramento,125,Residential,Unknown,732,1977-02-25 - 2020-09-16,182
31659,385578N1213240W001,1294761,1999-04-26T00:00:00Z,77.62,76.42,0,74.3,3.32,74.3,73.1,NA,Unknown,Water level accuracy is unknown,1,Department of Water Resources,NA,1,Department of Water Resources,NA,NA,NA,31659,08N06E09Q004M,NA,Unknown,Unknown,5-021.65,South American,Sacramento,125,Residential,Unknown,732,1977-02-25 - 2020-09-16,182
31659,385578N1213240W001,1294767,1998-11-09T00:00:00Z,77.62,76.42,0,75,2.62,75,73.8,NA,Unknown,Water level accuracy is unknown,1,Department of Water Resources,NA,1,Department of Water Resources,NA,NA,NA,31659,08N06E09Q004M,NA,Unknown,Unknown,5-021.65,South American,Sacramento,125,Residential,Unknown,732,1977-02-25 - 2020-09-16,182
31659,385578N1213240W001,1294765,1997-11-06T00:00:00Z,77.62,76.42,0,77.4,0.22,77.4,76.2,NA,Unknown,Water level accuracy is unknown,1,Department of Water Resources,NA,1,Department of Water Resources,NA,NA,NA,31659,08N06E09Q004M,NA,Unknown,Unknown,5-021.65,South American,Sacramento,125,Residential,Unknown,732,1977-02-25 - 2020-09-16,182
31659,385578N1213240W001,1294766,1997-04-21T00:00:00Z,77.62,76.42,0,75.8,1.82,75.8,74.6,NA,Unknown,Water level accuracy is unknown,1,Department of Water Resources,NA,1,Department of Water Resources,NA,NA,NA,31659,08N06E09Q004M,NA,Unknown,Unknown,5-021.65,South American,Sacramento,125,Residential,Unknown,732,1977-02-25 - 2020-09-16,182
31659,385578N1213240W001,1294760,1996-12-11T00:00:00Z,77.62,76.42,0,76.9,0.72,76.9,75.7,NA,Unknown,Water level accuracy is unknown,1,Department of Water Resources,NA,1,Department of Water Resources,NA,NA,NA,31659,08N06E09Q004M,NA,Unknown,Unknown,5-021.65,South American,Sacramento,125,Residential,Unknown,732,1977-02-25 - 2020-09-16,182
31659,385578N1213240W001,1294759,1996-04-26T00:00:00Z,77.62,76.42,0,76.3,1.32,76.3,75.1,NA,Unknown,Water level accuracy is unknown,1,Department of Water Resources,NA,1,Department of Water Resources,NA,NA,NA,31659,08N06E09Q004M,NA,Unknown,Unknown,5-021.65,South American,Sacramento,125,Residential,Unknown,732,1977-02-25 - 2020-09-16,182
31659,385578N1213240W001,1294758,1995-12-08T00:00:00Z,77.62,76.42,0,77.7,-0.08,77.7,76.5,NA,Unknown,Water level accuracy is unknown,1,Department of Water Resources,NA,1,Department of Water Resources,NA,NA,NA,31659,08N06E09Q004M,NA,Unknown,Unknown,5-021.65,South American,Sacramento,125,Residential,Unknown,732,1977-02-25 - 2020-09-16,182
31659,385578N1213240W001,1294757,1995-04-17T00:00:00Z,77.62,76.42,0,83.5,-5.88,83.5,82.3,NA,Unknown,Water level accuracy is unknown,1,Department of Water Resources,NA,1,Department of Water Resources,NA,NA,NA,31659,08N06E09Q004M,NA,Unknown,Unknown,5-021.65,South American,Sacramento,125,Residential,Unknown,732,1977-02-25 - 2020-09-16,182
31659,385578N1213240W001,1294756,1994-12-05T00:00:00Z,77.62,76.42,0,78.7,-1.08,78.7,77.5,NA,Unknown,Water level accuracy is unknown,1,Department of Water Resources,NA,1,Department of Water Resources,NA,NA,NA,31659,08N06E09Q004M,NA,Unknown,Unknown,5-021.65,South American,Sacramento,125,Residential,Unknown,732,1977-02-25 - 2020-09-16,182
31659,385578N1213240W001,1294755,1994-03-16T00:00:00Z,77.62,76.42,0,79.6,-1.98,79.6,78.4,NA,Unknown,Water level accuracy is unknown,1,Department of Water Resources,NA,1,Department of Water Resources,NA,NA,NA,31659,08N06E09Q004M,NA,Unknown,Unknown,5-021.65,South American,Sacramento,125,Residential,Unknown,732,1977-02-25 - 2020-09-16,182
31659,385578N1213240W001,1294754,1993-11-17T00:00:00Z,77.62,76.42,0,78.4,-0.78,78.4,77.2,NA,Unknown,Water level accuracy is unknown,1,Department of Water Resources,NA,1,Department of Water Resources,NA,NA,NA,31659,08N06E09Q004M,NA,Unknown,Unknown,5-021.65,South American,Sacramento,125,Residential,Unknown,732,1977-02-25 - 2020-09-16,182
31659,385578N1213240W001,1294753,1993-04-15T00:00:00Z,77.62,76.42,0,77.2,0.42,77.2,76,NA,Unknown,Water level accuracy is unknown,1,Department of Water Resources,NA,1,Department of Water Resources,NA,NA,NA,31659,08N06E09Q004M,NA,Unknown,Unknown,5-021.65,South American,Sacramento,125,Residential,Unknown,732,1977-02-25 - 2020-09-16,182
31659,385578N1213240W001,1294752,1992-12-15T00:00:00Z,77.62,76.42,0,80,-2.38,80,78.8,NA,Unknown,Water level accuracy is unknown,1,Department of Water Resources,NA,1,Department of Water Resources,NA,NA,NA,31659,08N06E09Q004M,NA,Unknown,Unknown,5-021.65,South American,Sacramento,125,Residential,Unknown,732,1977-02-25 - 2020-09-16,182
31659,385578N1213240W001,1294750,1991-03-13T00:00:00Z,77.62,76.42,0,75.4,2.22,75.4,74.2,NA,Unknown,Water level accuracy is unknown,1,Department of Water Resources,NA,1,Department of Water Resources,NA,NA,NA,31659,08N06E09Q004M,NA,Unknown,Unknown,5-021.65,South American,Sacramento,125,Residential,Unknown,732,1977-02-25 - 2020-09-16,182
31659,385578N1213240W001,1294749,1990-10-18T00:00:00Z,77.62,76.42,0,75.9,1.72,75.9,74.7,NA,Unknown,Water level accuracy is unknown,1,Department of Water Resources,NA,1,Department of Water Resources,NA,NA,NA,31659,08N06E09Q004M,NA,Unknown,Unknown,5-021.65,South American,Sacramento,125,Residential,Unknown,732,1977-02-25 - 2020-09-16,182
31659,385578N1213240W001,1294748,1990-03-23T00:00:00Z,77.62,76.42,0,73.7,3.92,73.7,72.5,NA,Unknown,Water level accuracy is unknown,1,Department of Water Resources,NA,1,Department of Water Resources,NA,NA,NA,31659,08N06E09Q004M,NA,Unknown,Unknown,5-021.65,South American,Sacramento,125,Residential,Unknown,732,1977-02-25 - 2020-09-16,182
31659,385578N1213240W001,1294747,1989-10-09T00:00:00Z,77.62,76.42,0,74.6,3.02,74.6,73.4,NA,Unknown,Water level accuracy is unknown,1,Department of Water Resources,NA,1,Department of Water Resources,NA,NA,NA,31659,08N06E09Q004M,NA,Unknown,Unknown,5-021.65,South American,Sacramento,125,Residential,Unknown,732,1977-02-25 - 2020-09-16,182
31659,385578N1213240W001,1294746,1989-03-10T00:00:00Z,77.62,76.42,0,72.7,4.92,72.7,71.5,NA,Unknown,Water level accuracy is unknown,1,Department of Water Resources,NA,1,Department of Water Resources,NA,NA,NA,31659,08N06E09Q004M,NA,Unknown,Unknown,5-021.65,South American,Sacramento,125,Residential,Unknown,732,1977-02-25 - 2020-09-16,182
31659,385578N1213240W001,1294745,1988-10-17T00:00:00Z,77.62,76.42,0,73.3,4.32,73.3,72.1,NA,Unknown,Water level accuracy is unknown,1,Department of Water Resources,NA,1,Department of Water Resources,NA,NA,NA,31659,08N06E09Q004M,NA,Unknown,Unknown,5-021.65,South American,Sacramento,125,Residential,Unknown,732,1977-02-25 - 2020-09-16,182
31659,385578N1213240W001,1294744,1988-03-16T00:00:00Z,77.62,76.42,0,71,6.62,71,69.8,NA,Unknown,Water level accuracy is unknown,1,Department of Water Resources,NA,1,Department of Water Resources,NA,NA,NA,31659,08N06E09Q004M,NA,Unknown,Unknown,5-021.65,South American,Sacramento,125,Residential,Unknown,732,1977-02-25 - 2020-09-16,182
31659,385578N1213240W001,1294743,1987-10-19T00:00:00Z,77.62,76.42,0,71.6,6.02,71.6,70.4,NA,Unknown,Water level accuracy is unknown,1,Department of Water Resources,NA,1,Department of Water Resources,NA,NA,NA,31659,08N06E09Q004M,NA,Unknown,Unknown,5-021.65,South American,Sacramento,125,Residential,Unknown,732,1977-02-25 - 2020-09-16,182
31659,385578N1213240W001,1294742,1987-03-19T00:00:00Z,77.62,76.42,0,68.8,8.82,68.8,67.6,NA,Unknown,Water level accuracy is unknown,1,Department of Water Resources,NA,1,Department of Water Resources,NA,NA,NA,31659,08N06E09Q004M,NA,Unknown,Unknown,5-021.65,South American,Sacramento,125,Residential,Unknown,732,1977-02-25 - 2020-09-16,182
31659,385578N1213240W001,1294741,1986-10-20T00:00:00Z,77.62,76.42,0,69.7,7.92,69.7,68.5,NA,Unknown,Water level accuracy is unknown,1,Department of Water Resources,NA,1,Department of Water Resources,NA,NA,NA,31659,08N06E09Q004M,NA,Unknown,Unknown,5-021.65,South American,Sacramento,125,Residential,Unknown,732,1977-02-25 - 2020-09-16,182
31659,385578N1213240W001,1294740,1986-03-17T00:00:00Z,77.62,76.42,0,68.6,9.02,68.6,67.4,NA,Unknown,Water level accuracy is unknown,1,Department of Water Resources,NA,1,Department of Water Resources,NA,NA,NA,31659,08N06E09Q004M,NA,Unknown,Unknown,5-021.65,South American,Sacramento,125,Residential,Unknown,732,1977-02-25 - 2020-09-16,182
31659,385578N1213240W001,1294739,1985-10-16T00:00:00Z,77.62,76.42,0,69.6,8.02,69.6,68.4,NA,Unknown,Water level accuracy is unknown,1,Department of Water Resources,NA,1,Department of Water Resources,NA,NA,NA,31659,08N06E09Q004M,NA,Unknown,Unknown,5-021.65,South American,Sacramento,125,Residential,Unknown,732,1977-02-25 - 2020-09-16,182
31659,385578N1213240W001,1294738,1985-03-07T00:00:00Z,77.62,76.42,0,66.4,11.22,66.4,65.2,NA,Unknown,Water level accuracy is unknown,1,Department of Water Resources,NA,1,Department of Water Resources,NA,NA,NA,31659,08N06E09Q004M,NA,Unknown,Unknown,5-021.65,South American,Sacramento,125,Residential,Unknown,732,1977-02-25 - 2020-09-16,182
31659,385578N1213240W001,1294737,1984-10-19T00:00:00Z,77.62,76.42,0,67,10.62,67,65.8,NA,Unknown,Water level accuracy is unknown,1,Department of Water Resources,NA,1,Department of Water Resources,NA,NA,NA,31659,08N06E09Q004M,NA,Unknown,Unknown,5-021.65,South American,Sacramento,125,Residential,Unknown,732,1977-02-25 - 2020-09-16,182
31659,385578N1213240W001,1294736,1984-03-15T00:00:00Z,77.62,76.42,0,64,13.62,64,62.8,NA,Unknown,Water level accuracy is unknown,1,Department of Water Resources,NA,1,Department of Water Resources,NA,NA,NA,31659,08N06E09Q004M,NA,Unknown,Unknown,5-021.65,South American,Sacramento,125,Residential,Unknown,732,1977-02-25 - 2020-09-16,182
31659,385578N1213240W001,1294735,1983-10-07T00:00:00Z,77.62,76.42,0,65.6,12.02,65.6,64.4,NA,Unknown,Water level accuracy is unknown,1,Department of Water Resources,NA,1,Department of Water Resources,NA,NA,NA,31659,08N06E09Q004M,NA,Unknown,Unknown,5-021.65,South American,Sacramento,125,Residential,Unknown,732,1977-02-25 - 2020-09-16,182
31659,385578N1213240W001,1294734,1983-03-16T00:00:00Z,77.62,76.42,0,66.2,11.42,66.2,65,NA,Unknown,Water level accuracy is unknown,1,Department of Water Resources,NA,1,Department of Water Resources,NA,NA,NA,31659,08N06E09Q004M,NA,Unknown,Unknown,5-021.65,South American,Sacramento,125,Residential,Unknown,732,1977-02-25 - 2020-09-16,182
31659,385578N1213240W001,1294733,1982-10-20T00:00:00Z,77.62,76.42,0,70.2,7.42,70.2,69,NA,Unknown,Water level accuracy is unknown,1,Department of Water Resources,NA,1,Department of Water Resources,NA,NA,NA,31659,08N06E09Q004M,NA,Unknown,Unknown,5-021.65,South American,Sacramento,125,Residential,Unknown,732,1977-02-25 - 2020-09-16,182
31659,385578N1213240W001,1294732,1982-03-22T00:00:00Z,77.62,76.42,0,68.6,9.02,68.6,67.4,NA,Unknown,Water level accuracy is unknown,1,Department of Water Resources,NA,1,Department of Water Resources,NA,NA,NA,31659,08N06E09Q004M,NA,Unknown,Unknown,5-021.65,South American,Sacramento,125,Residential,Unknown,732,1977-02-25 - 2020-09-16,182
31659,385578N1213240W001,1294731,1981-10-01T00:00:00Z,77.62,76.42,0,70.5,7.12,70.5,69.3,NA,Unknown,Water level accuracy is unknown,1,Department of Water Resources,NA,1,Department of Water Resources,NA,NA,NA,31659,08N06E09Q004M,NA,Unknown,Unknown,5-021.65,South American,Sacramento,125,Residential,Unknown,732,1977-02-25 - 2020-09-16,182
31659,385578N1213240W001,1294730,1981-03-23T00:00:00Z,77.62,76.42,0,68,9.62,68,66.8,NA,Unknown,Water level accuracy is unknown,1,Department of Water Resources,NA,1,Department of Water Resources,NA,NA,NA,31659,08N06E09Q004M,NA,Unknown,Unknown,5-021.65,South American,Sacramento,125,Residential,Unknown,732,1977-02-25 - 2020-09-16,182
31659,385578N1213240W001,1294729,1980-10-07T00:00:00Z,77.62,76.42,0,69.1,8.52,69.1,67.9,NA,Unknown,Water level accuracy is unknown,1,Department of Water Resources,NA,1,Department of Water Resources,NA,NA,NA,31659,08N06E09Q004M,NA,Unknown,Unknown,5-021.65,South American,Sacramento,125,Residential,Unknown,732,1977-02-25 - 2020-09-16,182
31659,385578N1213240W001,1294728,1980-03-21T00:00:00Z,77.62,76.42,0,68,9.62,68,66.8,NA,Unknown,Water level accuracy is unknown,1,Department of Water Resources,NA,1,Department of Water Resources,NA,NA,NA,31659,08N06E09Q004M,NA,Unknown,Unknown,5-021.65,South American,Sacramento,125,Residential,Unknown,732,1977-02-25 - 2020-09-16,182
31659,385578N1213240W001,1294727,1979-10-05T00:00:00Z,77.62,76.42,0,69,8.62,69,67.8,NA,Unknown,Water level accuracy is unknown,1,Department of Water Resources,NA,1,Department of Water Resources,NA,NA,NA,31659,08N06E09Q004M,NA,Unknown,Unknown,5-021.65,South American,Sacramento,125,Residential,Unknown,732,1977-02-25 - 2020-09-16,182
31659,385578N1213240W001,1294726,1979-03-26T00:00:00Z,77.62,76.42,0,66.8,10.82,66.8,65.6,NA,Unknown,Water level accuracy is unknown,1,Department of Water Resources,NA,1,Department of Water Resources,NA,NA,NA,31659,08N06E09Q004M,NA,Unknown,Unknown,5-021.65,South American,Sacramento,125,Residential,Unknown,732,1977-02-25 - 2020-09-16,182
31659,385578N1213240W001,1294725,1978-12-18T00:00:00Z,77.62,76.42,0,67.7,9.92,67.7,66.5,NA,Unknown,Water level accuracy is unknown,1,Department of Water Resources,NA,1,Department of Water Resources,NA,NA,NA,31659,08N06E09Q004M,NA,Unknown,Unknown,5-021.65,South American,Sacramento,125,Residential,Unknown,732,1977-02-25 - 2020-09-16,182
31659,385578N1213240W001,1294724,1978-11-28T00:00:00Z,77.62,76.42,0,68,9.62,68,66.8,NA,Unknown,Water level accuracy is unknown,1,Department of Water Resources,NA,1,Department of Water Resources,NA,NA,NA,31659,08N06E09Q004M,NA,Unknown,Unknown,5-021.65,South American,Sacramento,125,Residential,Unknown,732,1977-02-25 - 2020-09-16,182
31659,385578N1213240W001,1294723,1978-10-26T00:00:00Z,77.62,76.42,0,68.2,9.42,68.2,67,NA,Unknown,Water level accuracy is unknown,1,Department of Water Resources,NA,1,Department of Water Resources,NA,NA,NA,31659,08N06E09Q004M,NA,Unknown,Unknown,5-021.65,South American,Sacramento,125,Residential,Unknown,732,1977-02-25 - 2020-09-16,182
31659,385578N1213240W001,1294722,1978-09-26T00:00:00Z,77.62,76.42,0,68.2,9.42,68.2,67,NA,Unknown,Water level accuracy is unknown,1,Department of Water Resources,NA,1,Department of Water Resources,NA,NA,NA,31659,08N06E09Q004M,NA,Unknown,Unknown,5-021.65,South American,Sacramento,125,Residential,Unknown,732,1977-02-25 - 2020-09-16,182
31659,385578N1213240W001,1294721,1978-08-29T00:00:00Z,77.62,76.42,0,68,9.62,68,66.8,NA,Unknown,Water level accuracy is unknown,1,Department of Water Resources,NA,1,Department of Water Resources,NA,NA,NA,31659,08N06E09Q004M,NA,Unknown,Unknown,5-021.65,South American,Sacramento,125,Residential,Unknown,732,1977-02-25 - 2020-09-16,182
31659,385578N1213240W001,1294720,1978-07-25T00:00:00Z,77.62,76.42,0,67.5,10.12,67.5,66.3,NA,Unknown,Water level accuracy is unknown,1,Department of Water Resources,NA,1,Department of Water Resources,NA,NA,NA,31659,08N06E09Q004M,NA,Unknown,Unknown,5-021.65,South American,Sacramento,125,Residential,Unknown,732,1977-02-25 - 2020-09-16,182
31659,385578N1213240W001,1294719,1978-06-27T00:00:00Z,77.62,76.42,0,67,10.62,67,65.8,NA,Unknown,Water level accuracy is unknown,1,Department of Water Resources,NA,1,Department of Water Resources,NA,NA,NA,31659,08N06E09Q004M,NA,Unknown,Unknown,5-021.65,South American,Sacramento,125,Residential,Unknown,732,1977-02-25 - 2020-09-16,182
31659,385578N1213240W001,1294718,1978-05-31T00:00:00Z,77.62,76.42,0,66.5,11.12,66.5,65.3,NA,Unknown,Water level accuracy is unknown,1,Department of Water Resources,NA,1,Department of Water Resources,NA,NA,NA,31659,08N06E09Q004M,NA,Unknown,Unknown,5-021.65,South American,Sacramento,125,Residential,Unknown,732,1977-02-25 - 2020-09-16,182
31659,385578N1213240W001,1294717,1978-04-26T00:00:00Z,77.62,76.42,0,66.4,11.22,66.4,65.2,NA,Unknown,Water level accuracy is unknown,1,Department of Water Resources,NA,1,Department of Water Resources,NA,NA,NA,31659,08N06E09Q004M,NA,Unknown,Unknown,5-021.65,South American,Sacramento,125,Residential,Unknown,732,1977-02-25 - 2020-09-16,182
31659,385578N1213240W001,1294716,1978-03-30T00:00:00Z,77.62,76.42,0,66.6,11.02,66.6,65.4,NA,Unknown,Water level accuracy is unknown,1,Department of Water Resources,NA,1,Department of Water Resources,NA,NA,NA,31659,08N06E09Q004M,NA,Unknown,Unknown,5-021.65,South American,Sacramento,125,Residential,Unknown,732,1977-02-25 - 2020-09-16,182
31659,385578N1213240W001,1294715,1978-02-23T00:00:00Z,77.62,76.42,0,67,10.62,67,65.8,NA,Unknown,Water level accuracy is unknown,1,Department of Water Resources,NA,1,Department of Water Resources,NA,NA,NA,31659,08N06E09Q004M,NA,Unknown,Unknown,5-021.65,South American,Sacramento,125,Residential,Unknown,732,1977-02-25 - 2020-09-16,182
31659,385578N1213240W001,1294714,1978-01-25T00:00:00Z,77.62,76.42,0,67.4,10.22,67.4,66.2,NA,Unknown,Water level accuracy is unknown,1,Department of Water Resources,NA,1,Department of Water Resources,NA,NA,NA,31659,08N06E09Q004M,NA,Unknown,Unknown,5-021.65,South American,Sacramento,125,Residential,Unknown,732,1977-02-25 - 2020-09-16,182
31659,385578N1213240W001,1294713,1977-12-20T00:00:00Z,77.62,76.42,0,67.5,10.12,67.5,66.3,NA,Unknown,Water level accuracy is unknown,1,Department of Water Resources,NA,1,Department of Water Resources,NA,NA,NA,31659,08N06E09Q004M,NA,Unknown,Unknown,5-021.65,South American,Sacramento,125,Residential,Unknown,732,1977-02-25 - 2020-09-16,182
31659,385578N1213240W001,1294712,1977-11-29T00:00:00Z,77.62,76.42,0,67.8,9.82,67.8,66.6,NA,Unknown,Water level accuracy is unknown,1,Department of Water Resources,NA,1,Department of Water Resources,NA,NA,NA,31659,08N06E09Q004M,NA,Unknown,Unknown,5-021.65,South American,Sacramento,125,Residential,Unknown,732,1977-02-25 - 2020-09-16,182
31659,385578N1213240W001,1294711,1977-10-25T00:00:00Z,77.62,76.42,0,67.7,9.92,67.7,66.5,NA,Unknown,Water level accuracy is unknown,1,Department of Water Resources,NA,1,Department of Water Resources,NA,NA,NA,31659,08N06E09Q004M,NA,Unknown,Unknown,5-021.65,South American,Sacramento,125,Residential,Unknown,732,1977-02-25 - 2020-09-16,182
31659,385578N1213240W001,1294710,1977-09-28T00:00:00Z,77.62,76.42,0,67.7,9.92,67.7,66.5,NA,Unknown,Water level accuracy is unknown,1,Department of Water Resources,NA,1,Department of Water Resources,NA,NA,NA,31659,08N06E09Q004M,NA,Unknown,Unknown,5-021.65,South American,Sacramento,125,Residential,Unknown,732,1977-02-25 - 2020-09-16,182
31659,385578N1213240W001,1294709,1977-08-30T00:00:00Z,77.62,76.42,0,67.5,10.12,67.5,66.3,NA,Unknown,Water level accuracy is unknown,1,Department of Water Resources,NA,1,Department of Water Resources,NA,NA,NA,31659,08N06E09Q004M,NA,Unknown,Unknown,5-021.65,South American,Sacramento,125,Residential,Unknown,732,1977-02-25 - 2020-09-16,182
31659,385578N1213240W001,1294708,1977-07-28T00:00:00Z,77.62,76.42,0,67,10.62,67,65.8,NA,Unknown,Water level accuracy is unknown,1,Department of Water Resources,NA,1,Department of Water Resources,NA,NA,NA,31659,08N06E09Q004M,NA,Unknown,Unknown,5-021.65,South American,Sacramento,125,Residential,Unknown,732,1977-02-25 - 2020-09-16,182
31659,385578N1213240W001,1294707,1977-06-30T00:00:00Z,77.62,76.42,0,66.8,10.82,66.8,65.6,NA,Unknown,Water level accuracy is unknown,1,Department of Water Resources,NA,1,Department of Water Resources,NA,NA,NA,31659,08N06E09Q004M,NA,Unknown,Unknown,5-021.65,South American,Sacramento,125,Residential,Unknown,732,1977-02-25 - 2020-09-16,182
31659,385578N1213240W001,1294706,1977-05-25T00:00:00Z,77.62,76.42,0,66.4,11.22,66.4,65.2,NA,Unknown,Water level accuracy is unknown,1,Department of Water Resources,NA,1,Department of Water Resources,NA,NA,NA,31659,08N06E09Q004M,NA,Unknown,Unknown,5-021.65,South American,Sacramento,125,Residential,Unknown,732,1977-02-25 - 2020-09-16,182
31659,385578N1213240W001,1294705,1977-04-26T00:00:00Z,77.62,76.42,0,66.2,11.42,66.2,65,NA,Unknown,Water level accuracy is unknown,1,Department of Water Resources,NA,1,Department of Water Resources,NA,NA,NA,31659,08N06E09Q004M,NA,Unknown,Unknown,5-021.65,South American,Sacramento,125,Residential,Unknown,732,1977-02-25 - 2020-09-16,182
31659,385578N1213240W001,1294704,1977-03-24T00:00:00Z,77.62,76.42,0,65.7,11.92,65.7,64.5,NA,Unknown,Water level accuracy is unknown,1,Department of Water Resources,NA,1,Department of Water Resources,NA,NA,NA,31659,08N06E09Q004M,NA,Unknown,Unknown,5-021.65,South American,Sacramento,125,Residential,Unknown,732,1977-02-25 - 2020-09-16,182
31659,385578N1213240W001,1294703,1977-02-25T00:00:00Z,77.62,76.42,0,66,11.62,66,64.8,NA,Unknown,Water level accuracy is unknown,1,Department of Water Resources,NA,1,Department of Water Resources,NA,NA,NA,31659,08N06E09Q004M,NA,Unknown,Unknown,5-021.65,South American,Sacramento,125,Residential,Unknown,732,1977-02-25 - 2020-09-16,182
