STN_ID.x,SITE_CODE,WLM_ID,MSMT_DATE,WLM_RPE,WLM_GSE,RDNG_WS,RDNG_RP,WSE,RPE_WSE,GSE_WSE,WLM_QA_DESC,WLM_DESC,WLM_ACC_DESC,WLM_ORG_ID,WLM_ORG_NAME,MSMT_CMT,COOP_AGENCY_ORG_ID,COOP_ORG_NAME,STN_ID.y,TOP_PRF,BOT_PRF,STN_ID,SWN,WELL_NAME,WLM_METHOD,WLM_ACC,BASIN_CODE,BASIN_NAME,COUNTY_NAME,WELL_DEPTH,WELL_USE,WELL_TYPE,WCR_NO,t_range,n_samples
9296,385541N1211812W001,61318,2012-04-19T00:00:00Z,257.64,256.64,0,139.4,118.24,139.4,138.4,NA,Electric sounder measurement,Water level accuracy to nearest tenth of a foot,5050,Sacramento Central Groundwater Authority,NA,5050,Sacramento Central Groundwater Authority,NA,NA,NA,9296,08N07E14C001M,SCGA #21,Unknown,Unknown,5-021.65,South American,Sacramento,208,Stockwatering,Single Well,214,1946-04-08 - 2020-04-15,149
9296,385541N1211812W001,1296928,2006-10-12T00:00:00Z,257.64,256.64,0,130.5,127.14,130.5,129.5,NA,Unknown,Water level accuracy is unknown,1,Department of Water Resources,NA,323,Sacramento County,NA,NA,NA,9296,08N07E14C001M,SCGA #21,Unknown,Unknown,5-021.65,South American,Sacramento,208,Stockwatering,Single Well,214,1946-04-08 - 2020-04-15,149
9296,385541N1211812W001,1296927,2006-04-26T00:00:00Z,257.64,256.64,0,139.7,117.94,139.7,138.7,NA,Unknown,Water level accuracy is unknown,1,Department of Water Resources,NA,323,Sacramento County,NA,NA,NA,9296,08N07E14C001M,SCGA #21,Unknown,Unknown,5-021.65,South American,Sacramento,208,Stockwatering,Single Well,214,1946-04-08 - 2020-04-15,149
9296,385541N1211812W001,1296926,2005-10-20T00:00:00Z,257.64,256.64,0,139.7,117.94,139.7,138.7,NA,Unknown,Water level accuracy is unknown,1,Department of Water Resources,NA,323,Sacramento County,NA,NA,NA,9296,08N07E14C001M,SCGA #21,Unknown,Unknown,5-021.65,South American,Sacramento,208,Stockwatering,Single Well,214,1946-04-08 - 2020-04-15,149
9296,385541N1211812W001,1296925,2005-04-22T00:00:00Z,257.64,256.64,0,139.8,117.84,139.8,138.8,NA,Unknown,Water level accuracy is unknown,1,Department of Water Resources,NA,323,Sacramento County,NA,NA,NA,9296,08N07E14C001M,SCGA #21,Unknown,Unknown,5-021.65,South American,Sacramento,208,Stockwatering,Single Well,214,1946-04-08 - 2020-04-15,149
9296,385541N1211812W001,1296924,2004-10-27T00:00:00Z,257.64,256.64,0,139.8,117.84,139.8,138.8,NA,Unknown,Water level accuracy is unknown,1,Department of Water Resources,NA,323,Sacramento County,NA,NA,NA,9296,08N07E14C001M,SCGA #21,Unknown,Unknown,5-021.65,South American,Sacramento,208,Stockwatering,Single Well,214,1946-04-08 - 2020-04-15,149
9296,385541N1211812W001,1296923,2004-03-30T00:00:00Z,257.64,256.64,0,154.7,102.94,154.7,153.7,NA,Unknown,Water level accuracy is unknown,1,Department of Water Resources,NA,323,Sacramento County,NA,NA,NA,9296,08N07E14C001M,SCGA #21,Unknown,Unknown,5-021.65,South American,Sacramento,208,Stockwatering,Single Well,214,1946-04-08 - 2020-04-15,149
9296,385541N1211812W001,1296922,2003-10-31T00:00:00Z,257.64,256.64,0,140,117.64,140,139,NA,Unknown,Water level accuracy is unknown,1,Department of Water Resources,NA,323,Sacramento County,NA,NA,NA,9296,08N07E14C001M,SCGA #21,Unknown,Unknown,5-021.65,South American,Sacramento,208,Stockwatering,Single Well,214,1946-04-08 - 2020-04-15,149
9296,385541N1211812W001,1296916,2003-04-30T00:00:00Z,257.64,256.64,0,132.8,124.84,132.8,131.8,NA,Unknown,Water level accuracy is unknown,1,Department of Water Resources,NA,323,Sacramento County,NA,NA,NA,9296,08N07E14C001M,SCGA #21,Unknown,Unknown,5-021.65,South American,Sacramento,208,Stockwatering,Single Well,214,1946-04-08 - 2020-04-15,149
9296,385541N1211812W001,1296918,2002-10-21T00:00:00Z,257.64,256.64,0,132,125.64,132,131,NA,Unknown,Water level accuracy is unknown,1,Department of Water Resources,NA,323,Sacramento County,NA,NA,NA,9296,08N07E14C001M,SCGA #21,Unknown,Unknown,5-021.65,South American,Sacramento,208,Stockwatering,Single Well,214,1946-04-08 - 2020-04-15,149
9296,385541N1211812W001,1296920,2002-05-22T00:00:00Z,257.64,256.64,0,140.1,117.54,140.1,139.1,NA,Unknown,Water level accuracy is unknown,1,Department of Water Resources,NA,323,Sacramento County,NA,NA,NA,9296,08N07E14C001M,SCGA #21,Unknown,Unknown,5-021.65,South American,Sacramento,208,Stockwatering,Single Well,214,1946-04-08 - 2020-04-15,149
9296,385541N1211812W001,1296917,2001-09-26T00:00:00Z,257.64,256.64,0,140.2,117.44,140.2,139.2,Other,Unknown,Water level accuracy is unknown,1,Department of Water Resources,NA,323,Sacramento County,NA,NA,NA,9296,08N07E14C001M,SCGA #21,Unknown,Unknown,5-021.65,South American,Sacramento,208,Stockwatering,Single Well,214,1946-04-08 - 2020-04-15,149
9296,385541N1211812W001,1296919,2001-04-16T00:00:00Z,257.64,256.64,0,140.2,117.44,140.2,139.2,NA,Unknown,Water level accuracy is unknown,1,Department of Water Resources,NA,323,Sacramento County,NA,NA,NA,9296,08N07E14C001M,SCGA #21,Unknown,Unknown,5-021.65,South American,Sacramento,208,Stockwatering,Single Well,214,1946-04-08 - 2020-04-15,149
9296,385541N1211812W001,1296912,1999-10-12T00:00:00Z,257.64,256.64,0,138.3,119.34,138.3,137.3,Oil or foreign substance in casing,Unknown,Water level accuracy is unknown,1,Department of Water Resources,NA,323,Sacramento County,NA,NA,NA,9296,08N07E14C001M,SCGA #21,Unknown,Unknown,5-021.65,South American,Sacramento,208,Stockwatering,Single Well,214,1946-04-08 - 2020-04-15,149
9296,385541N1211812W001,1296802,1998-10-06T00:00:00Z,257.64,256.64,0,138.9,118.74,138.9,137.9,NA,Unknown,Water level accuracy is unknown,1,Department of Water Resources,NA,323,Sacramento County,NA,NA,NA,9296,08N07E14C001M,SCGA #21,Unknown,Unknown,5-021.65,South American,Sacramento,208,Stockwatering,Single Well,214,1946-04-08 - 2020-04-15,149
9296,385541N1211812W001,1296801,1998-04-06T00:00:00Z,257.64,256.64,0,152,105.64,152,151,NA,Unknown,Water level accuracy is unknown,1,Department of Water Resources,NA,323,Sacramento County,NA,NA,NA,9296,08N07E14C001M,SCGA #21,Unknown,Unknown,5-021.65,South American,Sacramento,208,Stockwatering,Single Well,214,1946-04-08 - 2020-04-15,149
9296,385541N1211812W001,1296915,1997-03-31T00:00:00Z,257.64,256.64,0,140.2,117.44,140.2,139.2,NA,Unknown,Water level accuracy is unknown,1,Department of Water Resources,NA,323,Sacramento County,NA,NA,NA,9296,08N07E14C001M,SCGA #21,Unknown,Unknown,5-021.65,South American,Sacramento,208,Stockwatering,Single Well,214,1946-04-08 - 2020-04-15,149
9296,385541N1211812W001,1296911,1996-10-08T00:00:00Z,257.64,256.64,0,136.6,121.04,136.6,135.6,NA,Unknown,Water level accuracy is unknown,1,Department of Water Resources,NA,323,Sacramento County,NA,NA,NA,9296,08N07E14C001M,SCGA #21,Unknown,Unknown,5-021.65,South American,Sacramento,208,Stockwatering,Single Well,214,1946-04-08 - 2020-04-15,149
9296,385541N1211812W001,1296910,1996-04-03T00:00:00Z,257.64,256.64,0,144,113.64,144,143,NA,Unknown,Water level accuracy is unknown,1,Department of Water Resources,NA,323,Sacramento County,NA,NA,NA,9296,08N07E14C001M,SCGA #21,Unknown,Unknown,5-021.65,South American,Sacramento,208,Stockwatering,Single Well,214,1946-04-08 - 2020-04-15,149
9296,385541N1211812W001,1296909,1995-10-02T00:00:00Z,257.64,256.64,0,140.3,117.34,140.3,139.3,NA,Unknown,Water level accuracy is unknown,1,Department of Water Resources,NA,323,Sacramento County,NA,NA,NA,9296,08N07E14C001M,SCGA #21,Unknown,Unknown,5-021.65,South American,Sacramento,208,Stockwatering,Single Well,214,1946-04-08 - 2020-04-15,149
9296,385541N1211812W001,1296907,1994-10-28T00:00:00Z,257.64,256.64,0,154.5,103.14,154.5,153.5,NA,Unknown,Water level accuracy is unknown,1,Department of Water Resources,NA,323,Sacramento County,NA,NA,NA,9296,08N07E14C001M,SCGA #21,Unknown,Unknown,5-021.65,South American,Sacramento,208,Stockwatering,Single Well,214,1946-04-08 - 2020-04-15,149
9296,385541N1211812W001,1296906,1994-04-01T00:00:00Z,257.64,256.64,0,148.7,108.94,148.7,147.7,NA,Unknown,Water level accuracy is unknown,1,Department of Water Resources,NA,323,Sacramento County,NA,NA,NA,9296,08N07E14C001M,SCGA #21,Unknown,Unknown,5-021.65,South American,Sacramento,208,Stockwatering,Single Well,214,1946-04-08 - 2020-04-15,149
9296,385541N1211812W001,1296901,1991-10-16T00:00:00Z,257.64,256.64,0,172.2,85.44,172.2,171.2,NA,Unknown,Water level accuracy is unknown,1,Department of Water Resources,NA,323,Sacramento County,NA,NA,NA,9296,08N07E14C001M,SCGA #21,Unknown,Unknown,5-021.65,South American,Sacramento,208,Stockwatering,Single Well,214,1946-04-08 - 2020-04-15,149
9296,385541N1211812W001,1296900,1991-02-25T00:00:00Z,257.64,256.64,0,169,88.64,169,168,NA,Unknown,Water level accuracy is unknown,1,Department of Water Resources,NA,323,Sacramento County,NA,NA,NA,9296,08N07E14C001M,SCGA #21,Unknown,Unknown,5-021.65,South American,Sacramento,208,Stockwatering,Single Well,214,1946-04-08 - 2020-04-15,149
9296,385541N1211812W001,1296899,1990-10-04T00:00:00Z,257.64,256.64,0,174,83.64,174,173,NA,Unknown,Water level accuracy is unknown,1,Department of Water Resources,NA,323,Sacramento County,NA,NA,NA,9296,08N07E14C001M,SCGA #21,Unknown,Unknown,5-021.65,South American,Sacramento,208,Stockwatering,Single Well,214,1946-04-08 - 2020-04-15,149
9296,385541N1211812W001,1296898,1990-05-07T00:00:00Z,257.64,256.64,0,160,97.64,160,159,NA,Unknown,Water level accuracy is unknown,1,Department of Water Resources,NA,323,Sacramento County,NA,NA,NA,9296,08N07E14C001M,SCGA #21,Unknown,Unknown,5-021.65,South American,Sacramento,208,Stockwatering,Single Well,214,1946-04-08 - 2020-04-15,149
9296,385541N1211812W001,1296897,1988-03-24T00:00:00Z,257.64,256.64,0,155,102.64,155,154,NA,Unknown,Water level accuracy is unknown,1,Department of Water Resources,NA,323,Sacramento County,NA,NA,NA,9296,08N07E14C001M,SCGA #21,Unknown,Unknown,5-021.65,South American,Sacramento,208,Stockwatering,Single Well,214,1946-04-08 - 2020-04-15,149
9296,385541N1211812W001,1296896,1987-10-08T00:00:00Z,257.64,256.64,0,144.8,112.84,144.8,143.8,NA,Unknown,Water level accuracy is unknown,1,Department of Water Resources,NA,323,Sacramento County,NA,NA,NA,9296,08N07E14C001M,SCGA #21,Unknown,Unknown,5-021.65,South American,Sacramento,208,Stockwatering,Single Well,214,1946-04-08 - 2020-04-15,149
9296,385541N1211812W001,1296895,1987-03-18T00:00:00Z,257.64,256.64,0,144.7,112.94,144.7,143.7,NA,Unknown,Water level accuracy is unknown,1,Department of Water Resources,NA,323,Sacramento County,NA,NA,NA,9296,08N07E14C001M,SCGA #21,Unknown,Unknown,5-021.65,South American,Sacramento,208,Stockwatering,Single Well,214,1946-04-08 - 2020-04-15,149
9296,385541N1211812W001,1296894,1986-10-08T00:00:00Z,257.64,256.64,0,141.4,116.24,141.4,140.4,NA,Unknown,Water level accuracy is unknown,1,Department of Water Resources,NA,323,Sacramento County,NA,NA,NA,9296,08N07E14C001M,SCGA #21,Unknown,Unknown,5-021.65,South American,Sacramento,208,Stockwatering,Single Well,214,1946-04-08 - 2020-04-15,149
9296,385541N1211812W001,1296893,1986-03-10T00:00:00Z,257.64,256.64,0,135,122.64,135,134,NA,Unknown,Water level accuracy is unknown,1,Department of Water Resources,NA,323,Sacramento County,NA,NA,NA,9296,08N07E14C001M,SCGA #21,Unknown,Unknown,5-021.65,South American,Sacramento,208,Stockwatering,Single Well,214,1946-04-08 - 2020-04-15,149
9296,385541N1211812W001,1296892,1985-10-21T00:00:00Z,257.64,256.64,0,141.5,116.14,141.5,140.5,NA,Unknown,Water level accuracy is unknown,1,Department of Water Resources,NA,323,Sacramento County,NA,NA,NA,9296,08N07E14C001M,SCGA #21,Unknown,Unknown,5-021.65,South American,Sacramento,208,Stockwatering,Single Well,214,1946-04-08 - 2020-04-15,149
9296,385541N1211812W001,1296891,1985-03-28T00:00:00Z,257.64,256.64,0,131,126.64,131,130,NA,Unknown,Water level accuracy is unknown,1,Department of Water Resources,NA,323,Sacramento County,NA,NA,NA,9296,08N07E14C001M,SCGA #21,Unknown,Unknown,5-021.65,South American,Sacramento,208,Stockwatering,Single Well,214,1946-04-08 - 2020-04-15,149
9296,385541N1211812W001,1296890,1984-10-16T00:00:00Z,257.64,256.64,0,141.6,116.04,141.6,140.6,NA,Unknown,Water level accuracy is unknown,1,Department of Water Resources,NA,323,Sacramento County,NA,NA,NA,9296,08N07E14C001M,SCGA #21,Unknown,Unknown,5-021.65,South American,Sacramento,208,Stockwatering,Single Well,214,1946-04-08 - 2020-04-15,149
9296,385541N1211812W001,1296889,1984-03-12T00:00:00Z,257.64,256.64,0,146.5,111.14,146.5,145.5,NA,Unknown,Water level accuracy is unknown,1,Department of Water Resources,NA,323,Sacramento County,NA,NA,NA,9296,08N07E14C001M,SCGA #21,Unknown,Unknown,5-021.65,South American,Sacramento,208,Stockwatering,Single Well,214,1946-04-08 - 2020-04-15,149
9296,385541N1211812W001,1296888,1983-10-17T00:00:00Z,257.64,256.64,0,132.3,125.34,132.3,131.3,NA,Unknown,Water level accuracy is unknown,1,Department of Water Resources,NA,323,Sacramento County,NA,NA,NA,9296,08N07E14C001M,SCGA #21,Unknown,Unknown,5-021.65,South American,Sacramento,208,Stockwatering,Single Well,214,1946-04-08 - 2020-04-15,149
9296,385541N1211812W001,1296887,1983-03-22T00:00:00Z,257.64,256.64,0,163.5,94.14,163.5,162.5,NA,Unknown,Water level accuracy is unknown,1,Department of Water Resources,NA,323,Sacramento County,NA,NA,NA,9296,08N07E14C001M,SCGA #21,Unknown,Unknown,5-021.65,South American,Sacramento,208,Stockwatering,Single Well,214,1946-04-08 - 2020-04-15,149
9296,385541N1211812W001,1296886,1982-11-01T00:00:00Z,257.64,256.64,0,169.2,88.44,169.2,168.2,NA,Unknown,Water level accuracy is unknown,1,Department of Water Resources,NA,323,Sacramento County,NA,NA,NA,9296,08N07E14C001M,SCGA #21,Unknown,Unknown,5-021.65,South American,Sacramento,208,Stockwatering,Single Well,214,1946-04-08 - 2020-04-15,149
9296,385541N1211812W001,1296885,1981-10-20T00:00:00Z,257.64,256.64,0,168,89.64,168,167,NA,Unknown,Water level accuracy is unknown,1,Department of Water Resources,NA,323,Sacramento County,NA,NA,NA,9296,08N07E14C001M,SCGA #21,Unknown,Unknown,5-021.65,South American,Sacramento,208,Stockwatering,Single Well,214,1946-04-08 - 2020-04-15,149
9296,385541N1211812W001,1296883,1981-01-14T00:00:00Z,257.64,256.64,0,152.3,105.34,152.3,151.3,NA,Unknown,Water level accuracy is unknown,1,Department of Water Resources,NA,323,Sacramento County,NA,NA,NA,9296,08N07E14C001M,SCGA #21,Unknown,Unknown,5-021.65,South American,Sacramento,208,Stockwatering,Single Well,214,1946-04-08 - 2020-04-15,149
9296,385541N1211812W001,1296882,1980-10-02T00:00:00Z,257.64,256.64,0,162,95.64,162,161,NA,Unknown,Water level accuracy is unknown,1,Department of Water Resources,NA,323,Sacramento County,NA,NA,NA,9296,08N07E14C001M,SCGA #21,Unknown,Unknown,5-021.65,South American,Sacramento,208,Stockwatering,Single Well,214,1946-04-08 - 2020-04-15,149
9296,385541N1211812W001,1296881,1980-03-12T00:00:00Z,257.64,256.64,0,150.6,107.04,150.6,149.6,NA,Unknown,Water level accuracy is unknown,1,Department of Water Resources,NA,323,Sacramento County,NA,NA,NA,9296,08N07E14C001M,SCGA #21,Unknown,Unknown,5-021.65,South American,Sacramento,208,Stockwatering,Single Well,214,1946-04-08 - 2020-04-15,149
9296,385541N1211812W001,1296880,1979-10-03T00:00:00Z,257.64,256.64,0,154.6,103.04,154.6,153.6,NA,Unknown,Water level accuracy is unknown,1,Department of Water Resources,NA,323,Sacramento County,NA,NA,NA,9296,08N07E14C001M,SCGA #21,Unknown,Unknown,5-021.65,South American,Sacramento,208,Stockwatering,Single Well,214,1946-04-08 - 2020-04-15,149
9296,385541N1211812W001,1296879,1979-03-19T00:00:00Z,257.64,256.64,0,148,109.64,148,147,NA,Unknown,Water level accuracy is unknown,1,Department of Water Resources,NA,323,Sacramento County,NA,NA,NA,9296,08N07E14C001M,SCGA #21,Unknown,Unknown,5-021.65,South American,Sacramento,208,Stockwatering,Single Well,214,1946-04-08 - 2020-04-15,149
9296,385541N1211812W001,1296878,1978-10-23T00:00:00Z,257.64,256.64,0,153.1,104.54,153.1,152.1,NA,Unknown,Water level accuracy is unknown,1,Department of Water Resources,NA,323,Sacramento County,NA,NA,NA,9296,08N07E14C001M,SCGA #21,Unknown,Unknown,5-021.65,South American,Sacramento,208,Stockwatering,Single Well,214,1946-04-08 - 2020-04-15,149
9296,385541N1211812W001,1296877,1978-03-15T00:00:00Z,257.64,256.64,0,153,104.64,153,152,NA,Unknown,Water level accuracy is unknown,1,Department of Water Resources,NA,323,Sacramento County,NA,NA,NA,9296,08N07E14C001M,SCGA #21,Unknown,Unknown,5-021.65,South American,Sacramento,208,Stockwatering,Single Well,214,1946-04-08 - 2020-04-15,149
9296,385541N1211812W001,1296876,1977-10-11T00:00:00Z,257.64,256.64,0,155.7,101.94,155.7,154.7,NA,Unknown,Water level accuracy is unknown,1,Department of Water Resources,NA,323,Sacramento County,NA,NA,NA,9296,08N07E14C001M,SCGA #21,Unknown,Unknown,5-021.65,South American,Sacramento,208,Stockwatering,Single Well,214,1946-04-08 - 2020-04-15,149
9296,385541N1211812W001,1296875,1977-03-10T00:00:00Z,257.64,256.64,0,146.4,111.24,146.4,145.4,NA,Unknown,Water level accuracy is unknown,1,Department of Water Resources,NA,323,Sacramento County,NA,NA,NA,9296,08N07E14C001M,SCGA #21,Unknown,Unknown,5-021.65,South American,Sacramento,208,Stockwatering,Single Well,214,1946-04-08 - 2020-04-15,149
9296,385541N1211812W001,1296874,1976-10-12T00:00:00Z,257.64,256.64,0,149.9,107.74,149.9,148.9,NA,Unknown,Water level accuracy is unknown,1,Department of Water Resources,NA,323,Sacramento County,NA,NA,NA,9296,08N07E14C001M,SCGA #21,Unknown,Unknown,5-021.65,South American,Sacramento,208,Stockwatering,Single Well,214,1946-04-08 - 2020-04-15,149
9296,385541N1211812W001,1296873,1976-03-08T00:00:00Z,257.64,256.64,0,149,108.64,149,148,NA,Unknown,Water level accuracy is unknown,1,Department of Water Resources,NA,323,Sacramento County,NA,NA,NA,9296,08N07E14C001M,SCGA #21,Unknown,Unknown,5-021.65,South American,Sacramento,208,Stockwatering,Single Well,214,1946-04-08 - 2020-04-15,149
9296,385541N1211812W001,1296872,1975-10-10T00:00:00Z,257.64,256.64,0,150.2,107.44,150.2,149.2,NA,Unknown,Water level accuracy is unknown,1,Department of Water Resources,NA,323,Sacramento County,NA,NA,NA,9296,08N07E14C001M,SCGA #21,Unknown,Unknown,5-021.65,South American,Sacramento,208,Stockwatering,Single Well,214,1946-04-08 - 2020-04-15,149
9296,385541N1211812W001,1296871,1975-03-10T00:00:00Z,257.64,256.64,0,147.4,110.24,147.4,146.4,NA,Unknown,Water level accuracy is unknown,1,Department of Water Resources,NA,323,Sacramento County,NA,NA,NA,9296,08N07E14C001M,SCGA #21,Unknown,Unknown,5-021.65,South American,Sacramento,208,Stockwatering,Single Well,214,1946-04-08 - 2020-04-15,149
9296,385541N1211812W001,1296868,1973-10-05T00:00:00Z,257.64,256.64,0,150.5,107.14,150.5,149.5,NA,Unknown,Water level accuracy is unknown,1,Department of Water Resources,NA,323,Sacramento County,NA,NA,NA,9296,08N07E14C001M,SCGA #21,Unknown,Unknown,5-021.65,South American,Sacramento,208,Stockwatering,Single Well,214,1946-04-08 - 2020-04-15,149
9296,385541N1211812W001,1296867,1973-03-12T00:00:00Z,257.64,256.64,0,150.2,107.44,150.2,149.2,NA,Unknown,Water level accuracy is unknown,1,Department of Water Resources,NA,323,Sacramento County,NA,NA,NA,9296,08N07E14C001M,SCGA #21,Unknown,Unknown,5-021.65,South American,Sacramento,208,Stockwatering,Single Well,214,1946-04-08 - 2020-04-15,149
9296,385541N1211812W001,1296866,1972-10-16T00:00:00Z,257.64,256.64,0,149.7,107.94,149.7,148.7,NA,Unknown,Water level accuracy is unknown,1,Department of Water Resources,NA,323,Sacramento County,NA,NA,NA,9296,08N07E14C001M,SCGA #21,Unknown,Unknown,5-021.65,South American,Sacramento,208,Stockwatering,Single Well,214,1946-04-08 - 2020-04-15,149
9296,385541N1211812W001,1296865,1972-03-09T00:00:00Z,257.64,256.64,0,149.3,108.34,149.3,148.3,NA,Unknown,Water level accuracy is unknown,1,Department of Water Resources,NA,323,Sacramento County,NA,NA,NA,9296,08N07E14C001M,SCGA #21,Unknown,Unknown,5-021.65,South American,Sacramento,208,Stockwatering,Single Well,214,1946-04-08 - 2020-04-15,149
9296,385541N1211812W001,1296864,1971-10-07T00:00:00Z,257.64,256.64,0,144.8,112.84,144.8,143.8,NA,Unknown,Water level accuracy is unknown,1,Department of Water Resources,NA,323,Sacramento County,NA,NA,NA,9296,08N07E14C001M,SCGA #21,Unknown,Unknown,5-021.65,South American,Sacramento,208,Stockwatering,Single Well,214,1946-04-08 - 2020-04-15,149
9296,385541N1211812W001,1296863,1971-04-29T00:00:00Z,257.64,256.64,0,146.5,111.14,146.5,145.5,NA,Unknown,Water level accuracy is unknown,1,Department of Water Resources,NA,323,Sacramento County,NA,NA,NA,9296,08N07E14C001M,SCGA #21,Unknown,Unknown,5-021.65,South American,Sacramento,208,Stockwatering,Single Well,214,1946-04-08 - 2020-04-15,149
9296,385541N1211812W001,1296862,1970-10-20T00:00:00Z,257.64,256.64,0,146,111.64,146,145,NA,Unknown,Water level accuracy is unknown,1,Department of Water Resources,NA,323,Sacramento County,NA,NA,NA,9296,08N07E14C001M,SCGA #21,Unknown,Unknown,5-021.65,South American,Sacramento,208,Stockwatering,Single Well,214,1946-04-08 - 2020-04-15,149
9296,385541N1211812W001,1296861,1970-04-13T00:00:00Z,257.64,256.64,0,147.5,110.14,147.5,146.5,NA,Unknown,Water level accuracy is unknown,1,Department of Water Resources,NA,323,Sacramento County,NA,NA,NA,9296,08N07E14C001M,SCGA #21,Unknown,Unknown,5-021.65,South American,Sacramento,208,Stockwatering,Single Well,214,1946-04-08 - 2020-04-15,149
9296,385541N1211812W001,1296860,1969-03-27T00:00:00Z,257.64,256.64,0,148.5,109.14,148.5,147.5,NA,Unknown,Water level accuracy is unknown,1,Department of Water Resources,NA,323,Sacramento County,NA,NA,NA,9296,08N07E14C001M,SCGA #21,Unknown,Unknown,5-021.65,South American,Sacramento,208,Stockwatering,Single Well,214,1946-04-08 - 2020-04-15,149
9296,385541N1211812W001,1296859,1968-10-24T00:00:00Z,257.64,256.64,0,146.8,110.84,146.8,145.8,NA,Unknown,Water level accuracy is unknown,1,Department of Water Resources,NA,323,Sacramento County,NA,NA,NA,9296,08N07E14C001M,SCGA #21,Unknown,Unknown,5-021.65,South American,Sacramento,208,Stockwatering,Single Well,214,1946-04-08 - 2020-04-15,149
9296,385541N1211812W001,1296857,1967-10-16T00:00:00Z,257.64,256.64,0,147.3,110.34,147.3,146.3,NA,Unknown,Water level accuracy is unknown,1,Department of Water Resources,NA,323,Sacramento County,NA,NA,NA,9296,08N07E14C001M,SCGA #21,Unknown,Unknown,5-021.65,South American,Sacramento,208,Stockwatering,Single Well,214,1946-04-08 - 2020-04-15,149
9296,385541N1211812W001,1296856,1967-03-08T00:00:00Z,257.64,256.64,0,147.1,110.54,147.1,146.1,NA,Unknown,Water level accuracy is unknown,1,Department of Water Resources,NA,323,Sacramento County,NA,NA,NA,9296,08N07E14C001M,SCGA #21,Unknown,Unknown,5-021.65,South American,Sacramento,208,Stockwatering,Single Well,214,1946-04-08 - 2020-04-15,149
9296,385541N1211812W001,1296855,1966-10-06T00:00:00Z,257.64,256.64,0,147.6,110.04,147.6,146.6,Casing leaking or wet,Unknown,Water level accuracy is unknown,1,Department of Water Resources,NA,323,Sacramento County,NA,NA,NA,9296,08N07E14C001M,SCGA #21,Unknown,Unknown,5-021.65,South American,Sacramento,208,Stockwatering,Single Well,214,1946-04-08 - 2020-04-15,149
9296,385541N1211812W001,1296854,1966-03-14T00:00:00Z,257.64,256.64,0,147.1,110.54,147.1,146.1,NA,Unknown,Water level accuracy is unknown,1,Department of Water Resources,NA,323,Sacramento County,NA,NA,NA,9296,08N07E14C001M,SCGA #21,Unknown,Unknown,5-021.65,South American,Sacramento,208,Stockwatering,Single Well,214,1946-04-08 - 2020-04-15,149
9296,385541N1211812W001,1296853,1965-10-06T00:00:00Z,257.64,256.64,0,145.2,112.44,145.2,144.2,NA,Unknown,Water level accuracy is unknown,1,Department of Water Resources,NA,323,Sacramento County,NA,NA,NA,9296,08N07E14C001M,SCGA #21,Unknown,Unknown,5-021.65,South American,Sacramento,208,Stockwatering,Single Well,214,1946-04-08 - 2020-04-15,149
9296,385541N1211812W001,1296852,1965-03-18T00:00:00Z,257.64,256.64,0,141,116.64,141,140,NA,Unknown,Water level accuracy is unknown,1,Department of Water Resources,NA,323,Sacramento County,NA,NA,NA,9296,08N07E14C001M,SCGA #21,Unknown,Unknown,5-021.65,South American,Sacramento,208,Stockwatering,Single Well,214,1946-04-08 - 2020-04-15,149
9296,385541N1211812W001,1296851,1964-10-08T00:00:00Z,257.64,256.64,0,146.1,111.54,146.1,145.1,NA,Unknown,Water level accuracy is unknown,1,Department of Water Resources,NA,323,Sacramento County,NA,NA,NA,9296,08N07E14C001M,SCGA #21,Unknown,Unknown,5-021.65,South American,Sacramento,208,Stockwatering,Single Well,214,1946-04-08 - 2020-04-15,149
9296,385541N1211812W001,1296850,1964-04-02T00:00:00Z,257.64,256.64,0,128.2,129.44,128.2,127.2,NA,Unknown,Water level accuracy is unknown,1,Department of Water Resources,NA,323,Sacramento County,NA,NA,NA,9296,08N07E14C001M,SCGA #21,Unknown,Unknown,5-021.65,South American,Sacramento,208,Stockwatering,Single Well,214,1946-04-08 - 2020-04-15,149
9296,385541N1211812W001,1296849,1963-10-17T00:00:00Z,257.64,256.64,0,128.6,129.04,128.6,127.6,NA,Unknown,Water level accuracy is unknown,1,Department of Water Resources,NA,323,Sacramento County,NA,NA,NA,9296,08N07E14C001M,SCGA #21,Unknown,Unknown,5-021.65,South American,Sacramento,208,Stockwatering,Single Well,214,1946-04-08 - 2020-04-15,149
9296,385541N1211812W001,1296848,1963-03-20T00:00:00Z,257.64,256.64,0,125.4,132.24,125.4,124.4,NA,Unknown,Water level accuracy is unknown,1,Department of Water Resources,NA,323,Sacramento County,NA,NA,NA,9296,08N07E14C001M,SCGA #21,Unknown,Unknown,5-021.65,South American,Sacramento,208,Stockwatering,Single Well,214,1946-04-08 - 2020-04-15,149
9296,385541N1211812W001,1296847,1963-02-25T00:00:00Z,257.64,256.64,0,144.6,113.04,144.6,143.6,NA,Unknown,Water level accuracy is unknown,1,Department of Water Resources,NA,323,Sacramento County,NA,NA,NA,9296,08N07E14C001M,SCGA #21,Unknown,Unknown,5-021.65,South American,Sacramento,208,Stockwatering,Single Well,214,1946-04-08 - 2020-04-15,149
9296,385541N1211812W001,1296846,1962-10-23T00:00:00Z,257.64,256.64,0,144.2,113.44,144.2,143.2,NA,Unknown,Water level accuracy is unknown,1,Department of Water Resources,NA,323,Sacramento County,NA,NA,NA,9296,08N07E14C001M,SCGA #21,Unknown,Unknown,5-021.65,South American,Sacramento,208,Stockwatering,Single Well,214,1946-04-08 - 2020-04-15,149
9296,385541N1211812W001,1296845,1962-10-10T00:00:00Z,257.64,256.64,0,145.4,112.24,145.4,144.4,NA,Unknown,Water level accuracy is unknown,1,Department of Water Resources,NA,323,Sacramento County,NA,NA,NA,9296,08N07E14C001M,SCGA #21,Unknown,Unknown,5-021.65,South American,Sacramento,208,Stockwatering,Single Well,214,1946-04-08 - 2020-04-15,149
9296,385541N1211812W001,1296844,1962-03-22T00:00:00Z,257.64,256.64,0,121.8,135.84,121.8,120.8,NA,Unknown,Water level accuracy is unknown,1,Department of Water Resources,NA,323,Sacramento County,NA,NA,NA,9296,08N07E14C001M,SCGA #21,Unknown,Unknown,5-021.65,South American,Sacramento,208,Stockwatering,Single Well,214,1946-04-08 - 2020-04-15,149
9296,385541N1211812W001,1296842,1961-10-04T00:00:00Z,257.64,256.64,0,142.7,114.94,142.7,141.7,NA,Unknown,Water level accuracy is unknown,1,Department of Water Resources,NA,323,Sacramento County,NA,NA,NA,9296,08N07E14C001M,SCGA #21,Unknown,Unknown,5-021.65,South American,Sacramento,208,Stockwatering,Single Well,214,1946-04-08 - 2020-04-15,149
9296,385541N1211812W001,1296841,1961-04-11T00:00:00Z,257.64,256.64,0,125.1,132.54,125.1,124.1,NA,Unknown,Water level accuracy is unknown,1,Department of Water Resources,NA,323,Sacramento County,NA,NA,NA,9296,08N07E14C001M,SCGA #21,Unknown,Unknown,5-021.65,South American,Sacramento,208,Stockwatering,Single Well,214,1946-04-08 - 2020-04-15,149
9296,385541N1211812W001,1296840,1960-02-15T00:00:00Z,257.64,256.64,0,117.9,139.74,117.9,116.9,NA,Unknown,Water level accuracy is unknown,1,Department of Water Resources,NA,323,Sacramento County,NA,NA,NA,9296,08N07E14C001M,SCGA #21,Unknown,Unknown,5-021.65,South American,Sacramento,208,Stockwatering,Single Well,214,1946-04-08 - 2020-04-15,149
9296,385541N1211812W001,1296839,1959-11-06T00:00:00Z,257.64,256.64,0,132,125.64,132,131,NA,Unknown,Water level accuracy is unknown,1,Department of Water Resources,NA,323,Sacramento County,NA,NA,NA,9296,08N07E14C001M,SCGA #21,Unknown,Unknown,5-021.65,South American,Sacramento,208,Stockwatering,Single Well,214,1946-04-08 - 2020-04-15,149
9296,385541N1211812W001,1296838,1959-04-07T00:00:00Z,257.64,256.64,0,119,138.64,119,118,NA,Unknown,Water level accuracy is unknown,1,Department of Water Resources,NA,323,Sacramento County,NA,NA,NA,9296,08N07E14C001M,SCGA #21,Unknown,Unknown,5-021.65,South American,Sacramento,208,Stockwatering,Single Well,214,1946-04-08 - 2020-04-15,149
9296,385541N1211812W001,1296837,1958-04-29T00:00:00Z,257.64,256.64,0,120.1,137.54,120.1,119.1,NA,Unknown,Water level accuracy is unknown,1,Department of Water Resources,NA,323,Sacramento County,NA,NA,NA,9296,08N07E14C001M,SCGA #21,Unknown,Unknown,5-021.65,South American,Sacramento,208,Stockwatering,Single Well,214,1946-04-08 - 2020-04-15,149
9296,385541N1211812W001,1296836,1957-10-24T00:00:00Z,257.64,256.64,0,135.5,122.14,135.5,134.5,NA,Unknown,Water level accuracy is unknown,1,Department of Water Resources,NA,323,Sacramento County,NA,NA,NA,9296,08N07E14C001M,SCGA #21,Unknown,Unknown,5-021.65,South American,Sacramento,208,Stockwatering,Single Well,214,1946-04-08 - 2020-04-15,149
9296,385541N1211812W001,1296835,1957-04-02T00:00:00Z,257.64,256.64,0,132.4,125.24,132.4,131.4,NA,Unknown,Water level accuracy is unknown,1,Department of Water Resources,NA,323,Sacramento County,NA,NA,NA,9296,08N07E14C001M,SCGA #21,Unknown,Unknown,5-021.65,South American,Sacramento,208,Stockwatering,Single Well,214,1946-04-08 - 2020-04-15,149
9296,385541N1211812W001,1296834,1956-10-22T00:00:00Z,257.64,256.64,0,137.3,120.34,137.3,136.3,NA,Unknown,Water level accuracy is unknown,1,Department of Water Resources,NA,323,Sacramento County,NA,NA,NA,9296,08N07E14C001M,SCGA #21,Unknown,Unknown,5-021.65,South American,Sacramento,208,Stockwatering,Single Well,214,1946-04-08 - 2020-04-15,149
9296,385541N1211812W001,1296833,1956-03-29T00:00:00Z,257.64,256.64,0,137.7,119.94,137.7,136.7,NA,Unknown,Water level accuracy is unknown,1,Department of Water Resources,NA,323,Sacramento County,NA,NA,NA,9296,08N07E14C001M,SCGA #21,Unknown,Unknown,5-021.65,South American,Sacramento,208,Stockwatering,Single Well,214,1946-04-08 - 2020-04-15,149
9296,385541N1211812W001,1296832,1955-11-01T00:00:00Z,257.64,256.64,0,139.4,118.24,139.4,138.4,NA,Unknown,Water level accuracy is unknown,1,Department of Water Resources,NA,323,Sacramento County,NA,NA,NA,9296,08N07E14C001M,SCGA #21,Unknown,Unknown,5-021.65,South American,Sacramento,208,Stockwatering,Single Well,214,1946-04-08 - 2020-04-15,149
9296,385541N1211812W001,1296831,1955-03-29T00:00:00Z,257.64,256.64,0,139.5,118.14,139.5,138.5,NA,Unknown,Water level accuracy is unknown,1,Department of Water Resources,NA,323,Sacramento County,NA,NA,NA,9296,08N07E14C001M,SCGA #21,Unknown,Unknown,5-021.65,South American,Sacramento,208,Stockwatering,Single Well,214,1946-04-08 - 2020-04-15,149
9296,385541N1211812W001,1296830,1954-10-26T00:00:00Z,257.64,256.64,0,138.8,118.84,138.8,137.8,NA,Unknown,Water level accuracy is unknown,1,Department of Water Resources,NA,323,Sacramento County,NA,NA,NA,9296,08N07E14C001M,SCGA #21,Unknown,Unknown,5-021.65,South American,Sacramento,208,Stockwatering,Single Well,214,1946-04-08 - 2020-04-15,149
9296,385541N1211812W001,1296829,1954-04-07T00:00:00Z,257.64,256.64,0,136.4,121.24,136.4,135.4,NA,Unknown,Water level accuracy is unknown,1,Department of Water Resources,NA,323,Sacramento County,NA,NA,NA,9296,08N07E14C001M,SCGA #21,Unknown,Unknown,5-021.65,South American,Sacramento,208,Stockwatering,Single Well,214,1946-04-08 - 2020-04-15,149
9296,385541N1211812W001,1296828,1953-11-03T00:00:00Z,257.64,256.64,0,136.7,120.94,136.7,135.7,NA,Unknown,Water level accuracy is unknown,1,Department of Water Resources,NA,323,Sacramento County,NA,NA,NA,9296,08N07E14C001M,SCGA #21,Unknown,Unknown,5-021.65,South American,Sacramento,208,Stockwatering,Single Well,214,1946-04-08 - 2020-04-15,149
9296,385541N1211812W001,1296827,1953-03-05T00:00:00Z,257.64,256.64,0,137.8,119.84,137.8,136.8,NA,Unknown,Water level accuracy is unknown,1,Department of Water Resources,NA,323,Sacramento County,NA,NA,NA,9296,08N07E14C001M,SCGA #21,Unknown,Unknown,5-021.65,South American,Sacramento,208,Stockwatering,Single Well,214,1946-04-08 - 2020-04-15,149
9296,385541N1211812W001,1296826,1952-10-28T00:00:00Z,257.64,256.64,0,120.2,137.44,120.2,119.2,NA,Unknown,Water level accuracy is unknown,1,Department of Water Resources,NA,323,Sacramento County,NA,NA,NA,9296,08N07E14C001M,SCGA #21,Unknown,Unknown,5-021.65,South American,Sacramento,208,Stockwatering,Single Well,214,1946-04-08 - 2020-04-15,149
9296,385541N1211812W001,1296825,1952-04-07T00:00:00Z,257.64,256.64,0,121.3,136.34,121.3,120.3,NA,Unknown,Water level accuracy is unknown,1,Department of Water Resources,NA,323,Sacramento County,NA,NA,NA,9296,08N07E14C001M,SCGA #21,Unknown,Unknown,5-021.65,South American,Sacramento,208,Stockwatering,Single Well,214,1946-04-08 - 2020-04-15,149
9296,385541N1211812W001,1296824,1951-11-08T00:00:00Z,257.64,256.64,0,128.2,129.44,128.2,127.2,NA,Unknown,Water level accuracy is unknown,1,Department of Water Resources,NA,323,Sacramento County,NA,NA,NA,9296,08N07E14C001M,SCGA #21,Unknown,Unknown,5-021.65,South American,Sacramento,208,Stockwatering,Single Well,214,1946-04-08 - 2020-04-15,149
9296,385541N1211812W001,1296823,1951-10-08T00:00:00Z,257.64,256.64,0,136.7,120.94,136.7,135.7,NA,Unknown,Water level accuracy is unknown,1,Department of Water Resources,NA,323,Sacramento County,NA,NA,NA,9296,08N07E14C001M,SCGA #21,Unknown,Unknown,5-021.65,South American,Sacramento,208,Stockwatering,Single Well,214,1946-04-08 - 2020-04-15,149
9296,385541N1211812W001,1296822,1951-04-03T00:00:00Z,257.64,256.64,0,140.5,117.14,140.5,139.5,NA,Unknown,Water level accuracy is unknown,1,Department of Water Resources,NA,323,Sacramento County,NA,NA,NA,9296,08N07E14C001M,SCGA #21,Unknown,Unknown,5-021.65,South American,Sacramento,208,Stockwatering,Single Well,214,1946-04-08 - 2020-04-15,149
9296,385541N1211812W001,1296820,1950-10-17T00:00:00Z,257.64,256.64,0,141.2,116.44,141.2,140.2,NA,Unknown,Water level accuracy is unknown,1,Department of Water Resources,NA,323,Sacramento County,NA,NA,NA,9296,08N07E14C001M,SCGA #21,Unknown,Unknown,5-021.65,South American,Sacramento,208,Stockwatering,Single Well,214,1946-04-08 - 2020-04-15,149
9296,385541N1211812W001,1296819,1950-07-11T00:00:00Z,257.64,256.64,0,140.9,116.74,140.9,139.9,NA,Unknown,Water level accuracy is unknown,1,Department of Water Resources,NA,323,Sacramento County,NA,NA,NA,9296,08N07E14C001M,SCGA #21,Unknown,Unknown,5-021.65,South American,Sacramento,208,Stockwatering,Single Well,214,1946-04-08 - 2020-04-15,149
9296,385541N1211812W001,1296818,1950-04-14T00:00:00Z,257.64,256.64,0,140.9,116.74,140.9,139.9,NA,Unknown,Water level accuracy is unknown,1,Department of Water Resources,NA,323,Sacramento County,NA,NA,NA,9296,08N07E14C001M,SCGA #21,Unknown,Unknown,5-021.65,South American,Sacramento,208,Stockwatering,Single Well,214,1946-04-08 - 2020-04-15,149
9296,385541N1211812W001,1296817,1950-01-10T00:00:00Z,257.64,256.64,0,140.8,116.84,140.8,139.8,NA,Unknown,Water level accuracy is unknown,1,Department of Water Resources,NA,323,Sacramento County,NA,NA,NA,9296,08N07E14C001M,SCGA #21,Unknown,Unknown,5-021.65,South American,Sacramento,208,Stockwatering,Single Well,214,1946-04-08 - 2020-04-15,149
9296,385541N1211812W001,1296816,1949-10-05T00:00:00Z,257.64,256.64,0,140.6,117.04,140.6,139.6,NA,Unknown,Water level accuracy is unknown,1,Department of Water Resources,NA,323,Sacramento County,NA,NA,NA,9296,08N07E14C001M,SCGA #21,Unknown,Unknown,5-021.65,South American,Sacramento,208,Stockwatering,Single Well,214,1946-04-08 - 2020-04-15,149
9296,385541N1211812W001,1296815,1949-07-07T00:00:00Z,257.64,256.64,0,140.6,117.04,140.6,139.6,NA,Unknown,Water level accuracy is unknown,1,Department of Water Resources,NA,323,Sacramento County,NA,NA,NA,9296,08N07E14C001M,SCGA #21,Unknown,Unknown,5-021.65,South American,Sacramento,208,Stockwatering,Single Well,214,1946-04-08 - 2020-04-15,149
9296,385541N1211812W001,1296814,1949-04-25T00:00:00Z,257.64,256.64,0,143.8,113.84,143.8,142.8,NA,Unknown,Water level accuracy is unknown,1,Department of Water Resources,NA,323,Sacramento County,NA,NA,NA,9296,08N07E14C001M,SCGA #21,Unknown,Unknown,5-021.65,South American,Sacramento,208,Stockwatering,Single Well,214,1946-04-08 - 2020-04-15,149
9296,385541N1211812W001,1296813,1948-12-29T00:00:00Z,257.64,256.64,0,140.5,117.14,140.5,139.5,NA,Unknown,Water level accuracy is unknown,1,Department of Water Resources,NA,323,Sacramento County,NA,NA,NA,9296,08N07E14C001M,SCGA #21,Unknown,Unknown,5-021.65,South American,Sacramento,208,Stockwatering,Single Well,214,1946-04-08 - 2020-04-15,149
9296,385541N1211812W001,1296812,1948-10-13T00:00:00Z,257.64,256.64,0,140.5,117.14,140.5,139.5,NA,Unknown,Water level accuracy is unknown,1,Department of Water Resources,NA,323,Sacramento County,NA,NA,NA,9296,08N07E14C001M,SCGA #21,Unknown,Unknown,5-021.65,South American,Sacramento,208,Stockwatering,Single Well,214,1946-04-08 - 2020-04-15,149
9296,385541N1211812W001,1296810,1948-03-31T00:00:00Z,257.64,256.64,0,143.1,114.54,143.1,142.1,NA,Unknown,Water level accuracy is unknown,1,Department of Water Resources,NA,323,Sacramento County,NA,NA,NA,9296,08N07E14C001M,SCGA #21,Unknown,Unknown,5-021.65,South American,Sacramento,208,Stockwatering,Single Well,214,1946-04-08 - 2020-04-15,149
9296,385541N1211812W001,1296808,1947-09-30T00:00:00Z,257.64,256.64,0,160,97.64,160,159,NA,Unknown,Water level accuracy is unknown,1,Department of Water Resources,NA,323,Sacramento County,NA,NA,NA,9296,08N07E14C001M,SCGA #21,Unknown,Unknown,5-021.65,South American,Sacramento,208,Stockwatering,Single Well,214,1946-04-08 - 2020-04-15,149
9296,385541N1211812W001,1296807,1947-07-11T00:00:00Z,257.64,256.64,0,122.5,135.14,122.5,121.5,NA,Unknown,Water level accuracy is unknown,1,Department of Water Resources,NA,323,Sacramento County,NA,NA,NA,9296,08N07E14C001M,SCGA #21,Unknown,Unknown,5-021.65,South American,Sacramento,208,Stockwatering,Single Well,214,1946-04-08 - 2020-04-15,149
9296,385541N1211812W001,1296806,1947-01-27T00:00:00Z,257.64,256.64,0,110.6,147.04,110.6,109.6,NA,Unknown,Water level accuracy is unknown,1,Department of Water Resources,NA,323,Sacramento County,NA,NA,NA,9296,08N07E14C001M,SCGA #21,Unknown,Unknown,5-021.65,South American,Sacramento,208,Stockwatering,Single Well,214,1946-04-08 - 2020-04-15,149
9296,385541N1211812W001,1296803,1946-04-08T00:00:00Z,257.64,256.64,0,98.5,159.14,98.5,97.5,NA,Unknown,Water level accuracy is unknown,1,Department of Water Resources,NA,323,Sacramento County,NA,NA,NA,9296,08N07E14C001M,SCGA #21,Unknown,Unknown,5-021.65,South American,Sacramento,208,Stockwatering,Single Well,214,1946-04-08 - 2020-04-15,149
