SITE_CODE,WLM_ID,MSMT_DATE,WLM_RPE,WLM_GSE,RDNG_WS,RDNG_RP,WSE,RPE_WSE,GSE_WSE,WLM_QA_DESC,WLM_DESC,WLM_ACC_DESC,WLM_ORG_ID,WLM_ORG_NAME,MSMT_CMT,COOP_AGENCY_ORG_ID,COOP_ORG_NAME,TOP_PRF,BOT_PRF,STN_ID,SWN,WELL_NAME,WLM_METHOD,WLM_ACC,BASIN_CODE,BASIN_NAME,COUNTY_NAME,WELL_DEPTH,WELL_USE,WELL_TYPE,WCR_NO,t_range,n_samples,season,fall_high,fall_low,spring_high,spring_low,water_year,Oct.Mar,Apr.Jul,WYsum,Index,water_year_type,region,water_year_start,water_year_end,X,Y
385571N1212250W001,1296718,2003-10-27T00:00:00Z,183.44,182.44,0,146.2,37.24,146.2,145.2,NA,Unknown,Water level accuracy is unknown,1,Department of Water Resources,NA,1,Department of Water Resources,NA,NA,9295,08N07E08R001M,NA,Unknown,Unknown,5-021.65,South American,Sacramento,405,Residential,Unknown,79141,1981-01-08 - 2005-04-13,47,fall,124.4,145.2,NA,NA,2003,10.71,7.74,19.31,8.21,Above Normal,SAC,2003-10-01T00:00:00Z,2004-10-01T00:00:00Z,-121.225,38.5571
385571N1212250W001,1296716,2002-11-19T00:00:00Z,183.44,182.44,0,144.6,38.84,144.6,143.6,NA,Unknown,Water level accuracy is unknown,1,Department of Water Resources,NA,1,Department of Water Resources,NA,NA,9295,08N07E08R001M,NA,Unknown,Unknown,5-021.65,South American,Sacramento,405,Residential,Unknown,79141,1981-01-08 - 2005-04-13,47,fall,124.4,145.2,NA,NA,2002,9.32,4.57,14.6,6.35,Dry,SAC,2002-10-01T00:00:00Z,2003-10-01T00:00:00Z,-121.225,38.5571
385571N1212250W001,1296714,2001-11-26T00:00:00Z,183.44,182.44,0,140.2,43.24,140.2,139.2,NA,Unknown,Water level accuracy is unknown,1,Department of Water Resources,NA,1,Department of Water Resources,NA,NA,9295,08N07E08R001M,NA,Unknown,Unknown,5-021.65,South American,Sacramento,405,Residential,Unknown,79141,1981-01-08 - 2005-04-13,47,fall,124.4,145.2,NA,NA,2001,5.64,3.46,9.81,5.76,Dry,SAC,2001-10-01T00:00:00Z,2002-10-01T00:00:00Z,-121.225,38.5571
385571N1212250W001,1296713,2001-05-23T00:00:00Z,183.44,182.44,0,137.8,45.64,137.8,136.8,NA,Unknown,Water level accuracy is unknown,1,Department of Water Resources,NA,1,Department of Water Resources,NA,NA,9295,08N07E08R001M,NA,Unknown,Unknown,5-021.65,South American,Sacramento,405,Residential,Unknown,79141,1981-01-08 - 2005-04-13,47,spring,NA,NA,121.6,138.4,2000,12.06,5.96,18.9,8.94,Above Normal,SAC,2000-10-01T00:00:00Z,2001-10-01T00:00:00Z,-121.225,38.5571
385571N1212250W001,1296709,2000-11-06T00:00:00Z,183.44,182.44,0,138.1,45.34,138.1,137.1,NA,Unknown,Water level accuracy is unknown,1,Department of Water Resources,NA,1,Department of Water Resources,NA,NA,9295,08N07E08R001M,NA,Unknown,Unknown,5-021.65,South American,Sacramento,405,Residential,Unknown,79141,1981-01-08 - 2005-04-13,47,fall,124.4,145.2,NA,NA,2000,12.06,5.96,18.9,8.94,Above Normal,SAC,2000-10-01T00:00:00Z,2001-10-01T00:00:00Z,-121.225,38.5571
385571N1212250W001,1296708,2000-05-03T00:00:00Z,183.44,182.44,0,138.1,45.34,138.1,137.1,NA,Unknown,Water level accuracy is unknown,1,Department of Water Resources,NA,1,Department of Water Resources,NA,NA,9295,08N07E08R001M,NA,Unknown,Unknown,5-021.65,South American,Sacramento,405,Residential,Unknown,79141,1981-01-08 - 2005-04-13,47,spring,NA,NA,121.6,138.4,1999,12.97,7.26,21.19,9.8,Wet,SAC,1999-10-01T00:00:00Z,2000-10-01T00:00:00Z,-121.225,38.5571
385571N1212250W001,1296707,1999-11-02T00:00:00Z,183.44,182.44,0,139.7,43.74,139.7,138.7,NA,Unknown,Water level accuracy is unknown,1,Department of Water Resources,NA,1,Department of Water Resources,NA,NA,9295,08N07E08R001M,NA,Unknown,Unknown,5-021.65,South American,Sacramento,405,Residential,Unknown,79141,1981-01-08 - 2005-04-13,47,fall,124.4,145.2,NA,NA,1999,12.97,7.26,21.19,9.8,Wet,SAC,1999-10-01T00:00:00Z,2000-10-01T00:00:00Z,-121.225,38.5571
385571N1212250W001,1296706,1999-04-26T00:00:00Z,183.44,182.44,0,137.6,45.84,137.6,136.6,NA,Unknown,Water level accuracy is unknown,1,Department of Water Resources,NA,1,Department of Water Resources,NA,NA,9295,08N07E08R001M,NA,Unknown,Unknown,5-021.65,South American,Sacramento,405,Residential,Unknown,79141,1981-01-08 - 2005-04-13,47,spring,NA,NA,121.6,138.4,1998,17.65,12.54,31.4,13.31,Wet,SAC,1998-10-01T00:00:00Z,1999-10-01T00:00:00Z,-121.225,38.5571
385571N1212250W001,1296712,1998-11-10T00:00:00Z,183.44,182.44,0,139.1,44.34,139.1,138.1,NA,Unknown,Water level accuracy is unknown,1,Department of Water Resources,NA,1,Department of Water Resources,NA,NA,9295,08N07E08R001M,NA,Unknown,Unknown,5-021.65,South American,Sacramento,405,Residential,Unknown,79141,1981-01-08 - 2005-04-13,47,fall,124.4,145.2,NA,NA,1998,17.65,12.54,31.4,13.31,Wet,SAC,1998-10-01T00:00:00Z,1999-10-01T00:00:00Z,-121.225,38.5571
385571N1212250W001,1296710,1997-11-06T00:00:00Z,183.44,182.44,0,140.2,43.24,140.2,139.2,NA,Unknown,Water level accuracy is unknown,1,Department of Water Resources,NA,1,Department of Water Resources,NA,NA,9295,08N07E08R001M,NA,Unknown,Unknown,5-021.65,South American,Sacramento,405,Residential,Unknown,79141,1981-01-08 - 2005-04-13,47,fall,124.4,145.2,NA,NA,1997,20.22,4.39,25.42,10.82,Wet,SAC,1997-10-01T00:00:00Z,1998-10-01T00:00:00Z,-121.225,38.5571
385571N1212250W001,1296711,1997-04-21T00:00:00Z,183.44,182.44,0,137.8,45.64,137.8,136.8,NA,Unknown,Water level accuracy is unknown,1,Department of Water Resources,NA,1,Department of Water Resources,NA,NA,9295,08N07E08R001M,NA,Unknown,Unknown,5-021.65,South American,Sacramento,405,Residential,Unknown,79141,1981-01-08 - 2005-04-13,47,spring,NA,NA,121.6,138.4,1996,13.05,8.37,22.29,10.26,Wet,SAC,1996-10-01T00:00:00Z,1997-10-01T00:00:00Z,-121.225,38.5571
385571N1212250W001,1296704,1996-04-22T00:00:00Z,183.44,182.44,0,139.4,44.04,139.4,138.4,NA,Unknown,Water level accuracy is unknown,1,Department of Water Resources,NA,1,Department of Water Resources,NA,NA,9295,08N07E08R001M,NA,Unknown,Unknown,5-021.65,South American,Sacramento,405,Residential,Unknown,79141,1981-01-08 - 2005-04-13,47,spring,NA,NA,121.6,138.4,1995,19.83,13.6,34.55,12.89,Wet,SAC,1995-10-01T00:00:00Z,1996-10-01T00:00:00Z,-121.225,38.5571
385571N1212250W001,1296703,1995-12-08T00:00:00Z,183.44,182.44,0,139.5,43.94,139.5,138.5,Pumped recently,Unknown,Water level accuracy is unknown,1,Department of Water Resources,NA,1,Department of Water Resources,NA,NA,9295,08N07E08R001M,NA,Unknown,Unknown,5-021.65,South American,Sacramento,405,Residential,Unknown,79141,1981-01-08 - 2005-04-13,47,other,NA,NA,NA,NA,1995,19.83,13.6,34.55,12.89,Wet,SAC,1995-10-01T00:00:00Z,1996-10-01T00:00:00Z,-121.225,38.5571
385571N1212250W001,1296702,1995-04-17T00:00:00Z,183.44,182.44,0,134.7,48.74,134.7,133.7,NA,Unknown,Water level accuracy is unknown,1,Department of Water Resources,NA,1,Department of Water Resources,NA,NA,9295,08N07E08R001M,NA,Unknown,Unknown,5-021.65,South American,Sacramento,405,Residential,Unknown,79141,1981-01-08 - 2005-04-13,47,spring,NA,NA,121.6,138.4,1994,4.55,2.73,7.81,5.02,Critical,SAC,1994-10-01T00:00:00Z,1995-10-01T00:00:00Z,-121.225,38.5571
385571N1212250W001,1296697,1993-01-19T00:00:00Z,183.44,182.44,0,132.8,50.64,132.8,131.8,Oil or foreign substance in casing,Unknown,Water level accuracy is unknown,1,Department of Water Resources,NA,1,Department of Water Resources,NA,NA,9295,08N07E08R001M,NA,Unknown,Unknown,5-021.65,South American,Sacramento,405,Residential,Unknown,79141,1981-01-08 - 2005-04-13,47,other,NA,NA,NA,NA,1992,5.41,2.93,8.87,4.06,Critical,SAC,1992-10-01T00:00:00Z,1993-10-01T00:00:00Z,-121.225,38.5571
385571N1212250W001,1296695,1991-03-21T00:00:00Z,183.44,182.44,0,131,52.44,131,130,NA,Unknown,Water level accuracy is unknown,1,Department of Water Resources,NA,1,Department of Water Resources,NA,NA,9295,08N07E08R001M,NA,Unknown,Unknown,5-021.65,South American,Sacramento,405,Residential,Unknown,79141,1981-01-08 - 2005-04-13,47,spring,NA,NA,121.6,138.4,1990,4.94,3.72,9.26,4.81,Critical,SAC,1990-10-01T00:00:00Z,1991-10-01T00:00:00Z,-121.225,38.5571
385571N1212250W001,1296694,1990-10-17T00:00:00Z,183.44,182.44,0,131.9,51.54,131.9,130.9,NA,Unknown,Water level accuracy is unknown,1,Department of Water Resources,NA,1,Department of Water Resources,NA,NA,9295,08N07E08R001M,NA,Unknown,Unknown,5-021.65,South American,Sacramento,405,Residential,Unknown,79141,1981-01-08 - 2005-04-13,47,fall,124.4,145.2,NA,NA,1990,4.94,3.72,9.26,4.81,Critical,SAC,1990-10-01T00:00:00Z,1991-10-01T00:00:00Z,-121.225,38.5571
385571N1212250W001,1296693,1990-03-26T00:00:00Z,183.44,182.44,0,129.2,54.24,129.2,128.2,NA,Unknown,Water level accuracy is unknown,1,Department of Water Resources,NA,1,Department of Water Resources,NA,NA,9295,08N07E08R001M,NA,Unknown,Unknown,5-021.65,South American,Sacramento,405,Residential,Unknown,79141,1981-01-08 - 2005-04-13,47,spring,NA,NA,121.6,138.4,1989,9.03,5.07,14.82,6.13,Dry,SAC,1989-10-01T00:00:00Z,1990-10-01T00:00:00Z,-121.225,38.5571
385571N1212250W001,1296692,1989-10-13T00:00:00Z,183.44,182.44,0,130,53.44,130,129,Pumped recently,Unknown,Water level accuracy is unknown,1,Department of Water Resources,CASING VERY WET,1,Department of Water Resources,NA,NA,9295,08N07E08R001M,NA,Unknown,Unknown,5-021.65,South American,Sacramento,405,Residential,Unknown,79141,1981-01-08 - 2005-04-13,47,fall,124.4,145.2,NA,NA,1989,9.03,5.07,14.82,6.13,Dry,SAC,1989-10-01T00:00:00Z,1990-10-01T00:00:00Z,-121.225,38.5571
385571N1212250W001,1296691,1989-03-23T00:00:00Z,183.44,182.44,0,127.2,56.24,127.2,126.2,NA,Unknown,Water level accuracy is unknown,1,Department of Water Resources,NA,1,Department of Water Resources,NA,NA,9295,08N07E08R001M,NA,Unknown,Unknown,5-021.65,South American,Sacramento,405,Residential,Unknown,79141,1981-01-08 - 2005-04-13,47,spring,NA,NA,121.6,138.4,1988,5.78,2.9,9.23,4.65,Critical,SAC,1988-10-01T00:00:00Z,1989-10-01T00:00:00Z,-121.225,38.5571
385571N1212250W001,1296690,1988-10-18T00:00:00Z,183.44,182.44,0,130.2,53.24,130.2,129.2,NA,Unknown,Water level accuracy is unknown,1,Department of Water Resources,NA,1,Department of Water Resources,NA,NA,9295,08N07E08R001M,NA,Unknown,Unknown,5-021.65,South American,Sacramento,405,Residential,Unknown,79141,1981-01-08 - 2005-04-13,47,fall,124.4,145.2,NA,NA,1988,5.78,2.9,9.23,4.65,Critical,SAC,1988-10-01T00:00:00Z,1989-10-01T00:00:00Z,-121.225,38.5571
385571N1212250W001,1296689,1988-03-15T00:00:00Z,183.44,182.44,0,125.3,58.14,125.3,124.3,NA,Unknown,Water level accuracy is unknown,1,Department of Water Resources,NA,1,Department of Water Resources,NA,NA,9295,08N07E08R001M,NA,Unknown,Unknown,5-021.65,South American,Sacramento,405,Residential,Unknown,79141,1981-01-08 - 2005-04-13,47,spring,NA,NA,121.6,138.4,1987,5.85,2.8,9.27,5.86,Dry,SAC,1987-10-01T00:00:00Z,1988-10-01T00:00:00Z,-121.225,38.5571
385571N1212250W001,1296688,1987-10-19T00:00:00Z,183.44,182.44,0,127.2,56.24,127.2,126.2,Pumped recently,Unknown,Water level accuracy is unknown,1,Department of Water Resources,NA,1,Department of Water Resources,NA,NA,9295,08N07E08R001M,NA,Unknown,Unknown,5-021.65,South American,Sacramento,405,Residential,Unknown,79141,1981-01-08 - 2005-04-13,47,fall,124.4,145.2,NA,NA,1987,5.85,2.8,9.27,5.86,Dry,SAC,1987-10-01T00:00:00Z,1988-10-01T00:00:00Z,-121.225,38.5571
385571N1212250W001,1296687,1987-03-19T00:00:00Z,183.44,182.44,0,123.1,60.34,123.1,122.1,NA,Unknown,Water level accuracy is unknown,1,Department of Water Resources,NA,1,Department of Water Resources,NA,NA,9295,08N07E08R001M,NA,Unknown,Unknown,5-021.65,South American,Sacramento,405,Residential,Unknown,79141,1981-01-08 - 2005-04-13,47,spring,NA,NA,121.6,138.4,1986,19.45,5.45,25.83,9.96,Wet,SAC,1986-10-01T00:00:00Z,1987-10-01T00:00:00Z,-121.225,38.5571
385571N1212250W001,1296686,1986-10-22T00:00:00Z,183.44,182.44,0,125.4,58.04,125.4,124.4,NA,Unknown,Water level accuracy is unknown,1,Department of Water Resources,NA,1,Department of Water Resources,NA,NA,9295,08N07E08R001M,NA,Unknown,Unknown,5-021.65,South American,Sacramento,405,Residential,Unknown,79141,1981-01-08 - 2005-04-13,47,fall,124.4,145.2,NA,NA,1986,19.45,5.45,25.83,9.96,Wet,SAC,1986-10-01T00:00:00Z,1987-10-01T00:00:00Z,-121.225,38.5571
385571N1212250W001,1296685,1986-03-12T00:00:00Z,183.44,182.44,0,123.6,59.84,123.6,122.6,NA,Unknown,Water level accuracy is unknown,1,Department of Water Resources,NA,1,Department of Water Resources,NA,NA,9295,08N07E08R001M,NA,Unknown,Unknown,5-021.65,South American,Sacramento,405,Residential,Unknown,79141,1981-01-08 - 2005-04-13,47,spring,NA,NA,121.6,138.4,1985,6.24,4,11.04,6.47,Dry,SAC,1985-10-01T00:00:00Z,1986-10-01T00:00:00Z,-121.225,38.5571
385571N1212250W001,1296684,1985-10-16T00:00:00Z,183.44,182.44,0,125.9,57.54,125.9,124.9,NA,Unknown,Water level accuracy is unknown,1,Department of Water Resources,NA,1,Department of Water Resources,NA,NA,9295,08N07E08R001M,NA,Unknown,Unknown,5-021.65,South American,Sacramento,405,Residential,Unknown,79141,1981-01-08 - 2005-04-13,47,fall,124.4,145.2,NA,NA,1985,6.24,4,11.04,6.47,Dry,SAC,1985-10-01T00:00:00Z,1986-10-01T00:00:00Z,-121.225,38.5571
385571N1212250W001,1296683,1985-03-07T00:00:00Z,183.44,182.44,0,122.8,60.64,122.8,121.8,NA,Unknown,Water level accuracy is unknown,1,Department of Water Resources,NA,1,Department of Water Resources,NA,NA,9295,08N07E08R001M,NA,Unknown,Unknown,5-021.65,South American,Sacramento,405,Residential,Unknown,79141,1981-01-08 - 2005-04-13,47,spring,NA,NA,121.6,138.4,1984,15.98,5.52,22.35,10,Wet,SAC,1984-10-01T00:00:00Z,1985-10-01T00:00:00Z,-121.225,38.5571
385571N1212250W001,1296682,1984-10-12T00:00:00Z,183.44,182.44,0,126.5,56.94,126.5,125.5,NA,Unknown,Water level accuracy is unknown,1,Department of Water Resources,NA,1,Department of Water Resources,NA,NA,9295,08N07E08R001M,NA,Unknown,Unknown,5-021.65,South American,Sacramento,405,Residential,Unknown,79141,1981-01-08 - 2005-04-13,47,fall,124.4,145.2,NA,NA,1984,15.98,5.52,22.35,10,Wet,SAC,1984-10-01T00:00:00Z,1985-10-01T00:00:00Z,-121.225,38.5571
385571N1212250W001,1296681,1984-03-14T00:00:00Z,183.44,182.44,0,122.6,60.84,122.6,121.6,NA,Unknown,Water level accuracy is unknown,1,Department of Water Resources,NA,1,Department of Water Resources,NA,NA,9295,08N07E08R001M,NA,Unknown,Unknown,5-021.65,South American,Sacramento,405,Residential,Unknown,79141,1981-01-08 - 2005-04-13,47,spring,NA,NA,121.6,138.4,1983,22.75,13.66,37.68,15.29,Wet,SAC,1983-10-01T00:00:00Z,1984-10-01T00:00:00Z,-121.225,38.5571
385571N1212250W001,1296680,1983-10-07T00:00:00Z,183.44,182.44,0,125.6,57.84,125.6,124.6,NA,Unknown,Water level accuracy is unknown,1,Department of Water Resources,NA,1,Department of Water Resources,NA,NA,9295,08N07E08R001M,NA,Unknown,Unknown,5-021.65,South American,Sacramento,405,Residential,Unknown,79141,1981-01-08 - 2005-04-13,47,fall,124.4,145.2,NA,NA,1983,22.75,13.66,37.68,15.29,Wet,SAC,1983-10-01T00:00:00Z,1984-10-01T00:00:00Z,-121.225,38.5571
385571N1212250W001,1296679,1983-03-16T00:00:00Z,183.44,182.44,0,125.9,57.54,125.9,124.9,NA,Unknown,Water level accuracy is unknown,1,Department of Water Resources,NA,1,Department of Water Resources,NA,NA,9295,08N07E08R001M,NA,Unknown,Unknown,5-021.65,South American,Sacramento,405,Residential,Unknown,79141,1981-01-08 - 2005-04-13,47,spring,NA,NA,121.6,138.4,1982,20.56,11.82,33.41,12.76,Wet,SAC,1982-10-01T00:00:00Z,1983-10-01T00:00:00Z,-121.225,38.5571
385571N1212250W001,1296678,1982-10-20T00:00:00Z,183.44,182.44,0,128.7,54.74,128.7,127.7,Pumped recently,Unknown,Water level accuracy is unknown,1,Department of Water Resources,NA,1,Department of Water Resources,NA,NA,9295,08N07E08R001M,NA,Unknown,Unknown,5-021.65,South American,Sacramento,405,Residential,Unknown,79141,1981-01-08 - 2005-04-13,47,fall,124.4,145.2,NA,NA,1982,20.56,11.82,33.41,12.76,Wet,SAC,1982-10-01T00:00:00Z,1983-10-01T00:00:00Z,-121.225,38.5571
385571N1212250W001,1296677,1982-03-08T00:00:00Z,183.44,182.44,0,127.4,56.04,127.4,126.4,NA,Unknown,Water level accuracy is unknown,1,Department of Water Resources,NA,1,Department of Water Resources,NA,NA,9295,08N07E08R001M,NA,Unknown,Unknown,5-021.65,South American,Sacramento,405,Residential,Unknown,79141,1981-01-08 - 2005-04-13,47,spring,NA,NA,121.6,138.4,1981,6.81,3.63,11.1,6.21,Dry,SAC,1981-10-01T00:00:00Z,1982-10-01T00:00:00Z,-121.225,38.5571
385571N1212250W001,1296676,1981-10-01T00:00:00Z,183.44,182.44,0,130.5,52.94,130.5,129.5,NA,Unknown,Water level accuracy is unknown,1,Department of Water Resources,NA,1,Department of Water Resources,NA,NA,9295,08N07E08R001M,NA,Unknown,Unknown,5-021.65,South American,Sacramento,405,Residential,Unknown,79141,1981-01-08 - 2005-04-13,47,fall,124.4,145.2,NA,NA,1981,6.81,3.63,11.1,6.21,Dry,SAC,1981-10-01T00:00:00Z,1982-10-01T00:00:00Z,-121.225,38.5571
385571N1212250W001,1296675,1981-01-08T00:00:00Z,183.44,182.44,0,126.3,57.14,126.3,125.3,NA,Unknown,Water level accuracy is unknown,1,Department of Water Resources,NA,1,Department of Water Resources,NA,NA,9295,08N07E08R001M,NA,Unknown,Unknown,5-021.65,South American,Sacramento,405,Residential,Unknown,79141,1981-01-08 - 2005-04-13,47,other,NA,NA,NA,NA,1980,15.49,6,22.33,9.04,Above Normal,SAC,1980-10-01T00:00:00Z,1981-10-01T00:00:00Z,-121.225,38.5571
