SITE_CODE,WLM_ID,MSMT_DATE,WLM_RPE,WLM_GSE,RDNG_WS,RDNG_RP,WSE,RPE_WSE,GSE_WSE,WLM_QA_DESC,WLM_DESC,WLM_ACC_DESC,WLM_ORG_ID,WLM_ORG_NAME,MSMT_CMT,COOP_AGENCY_ORG_ID,COOP_ORG_NAME,TOP_PRF,BOT_PRF,STN_ID,SWN,WELL_NAME,WLM_METHOD,WLM_ACC,BASIN_CODE,BASIN_NAME,COUNTY_NAME,WELL_DEPTH,WELL_USE,WELL_TYPE,WCR_NO,t_range,n_samples,season,fall_high,fall_low,spring_high,spring_low,water_year,Oct.Mar,Apr.Jul,WYsum,Index,water_year_type,region,water_year_start,water_year_end,X,Y
385537N1214369W001,2182808,2016-02-25T00:00:00Z,33.47,32.47,0,33.9,-0.43,33.9,32.9,NA,Electric sounder measurement,Water level accuracy to nearest tenth of a foot,1,Department of Water Resources,NA,1,Department of Water Resources,182,300,31360,08N05E16C001M,NA,Unknown,Unknown,5-021.65,South American,Sacramento,300,Irrigation,Unknown,615,1989-03-10 - 2016-10-18,98,other,NA,NA,NA,NA,2016,12.24,4.6,17.48,6.71,Below Normal,SAC,2015-10-01T00:00:00Z,2016-10-01T00:00:00Z,-121.437,38.5537
385537N1214369W001,2180991,2016-01-25T00:00:00Z,33.47,32.47,0,34.3,-0.83,34.3,33.3,NA,Electric sounder measurement,Water level accuracy to nearest tenth of a foot,1,Department of Water Resources,NA,1,Department of Water Resources,182,300,31360,08N05E16C001M,NA,Unknown,Unknown,5-021.65,South American,Sacramento,300,Irrigation,Unknown,615,1989-03-10 - 2016-10-18,98,other,NA,NA,NA,NA,2016,12.24,4.6,17.48,6.71,Below Normal,SAC,2015-10-01T00:00:00Z,2016-10-01T00:00:00Z,-121.437,38.5537
385537N1214369W001,2178009,2015-12-29T00:00:00Z,33.47,32.47,0,34.6,-1.13,34.6,33.6,NA,Electric sounder measurement,Water level accuracy to nearest tenth of a foot,1,Department of Water Resources,NA,1,Department of Water Resources,182,300,31360,08N05E16C001M,NA,Unknown,Unknown,5-021.65,South American,Sacramento,300,Irrigation,Unknown,615,1989-03-10 - 2016-10-18,98,other,NA,NA,NA,NA,2016,12.24,4.6,17.48,6.71,Below Normal,SAC,2015-10-01T00:00:00Z,2016-10-01T00:00:00Z,-121.437,38.5537
385537N1214369W001,2175804,2015-11-10T00:00:00Z,33.47,32.47,0,34.9,-1.43,34.9,33.9,NA,Electric sounder measurement,Water level accuracy to nearest tenth of a foot,1,Department of Water Resources,NA,1,Department of Water Resources,182,300,31360,08N05E16C001M,NA,Unknown,Unknown,5-021.65,South American,Sacramento,300,Irrigation,Unknown,615,1989-03-10 - 2016-10-18,98,fall,31.9,53.2,NA,NA,2016,12.24,4.6,17.48,6.71,Below Normal,SAC,2015-10-01T00:00:00Z,2016-10-01T00:00:00Z,-121.437,38.5537
385537N1214369W001,2157726,2015-10-13T00:00:00Z,33.47,32.47,0,35.1,-1.63,35.1,34.1,NA,Electric sounder measurement,Water level accuracy to nearest tenth of a foot,1,Department of Water Resources,NA,1,Department of Water Resources,182,300,31360,08N05E16C001M,NA,Unknown,Unknown,5-021.65,South American,Sacramento,300,Irrigation,Unknown,615,1989-03-10 - 2016-10-18,98,fall,31.9,53.2,NA,NA,2016,12.24,4.6,17.48,6.71,Below Normal,SAC,2015-10-01T00:00:00Z,2016-10-01T00:00:00Z,-121.437,38.5537
385537N1214369W001,2153095,2015-09-01T00:00:00Z,33.47,32.47,0,35.1,-1.63,35.1,34.1,NA,Electric sounder measurement,Water level accuracy to nearest tenth of a foot,1,Department of Water Resources,NA,1,Department of Water Resources,182,300,31360,08N05E16C001M,NA,Unknown,Unknown,5-021.65,South American,Sacramento,300,Irrigation,Unknown,615,1989-03-10 - 2016-10-18,98,fall,31.9,53.2,NA,NA,2015,6.91,1.77,9.23,4,Critical,SAC,2014-10-01T00:00:00Z,2015-10-01T00:00:00Z,-121.437,38.5537
385537N1214369W001,2146974,2015-07-07T00:00:00Z,33.47,32.47,0,35.5,-2.03,35.5,34.5,NA,Electric sounder measurement,Water level accuracy to nearest tenth of a foot,1,Department of Water Resources,NA,1,Department of Water Resources,182,300,31360,08N05E16C001M,NA,Unknown,Unknown,5-021.65,South American,Sacramento,300,Irrigation,Unknown,615,1989-03-10 - 2016-10-18,98,other,NA,NA,NA,NA,2015,6.91,1.77,9.23,4,Critical,SAC,2014-10-01T00:00:00Z,2015-10-01T00:00:00Z,-121.437,38.5537
385537N1214369W001,2143344,2015-06-19T00:00:00Z,33.47,32.47,0,35.2,-1.73,35.2,34.2,NA,Electric sounder measurement,Water level accuracy to nearest tenth of a foot,1,Department of Water Resources,NA,1,Department of Water Resources,182,300,31360,08N05E16C001M,NA,Unknown,Unknown,5-021.65,South American,Sacramento,300,Irrigation,Unknown,615,1989-03-10 - 2016-10-18,98,other,NA,NA,NA,NA,2015,6.91,1.77,9.23,4,Critical,SAC,2014-10-01T00:00:00Z,2015-10-01T00:00:00Z,-121.437,38.5537
385537N1214369W001,2140422,2015-05-27T00:00:00Z,33.47,32.47,0,34.8,-1.33,34.8,33.8,NA,Electric sounder measurement,Water level accuracy to nearest tenth of a foot,1,Department of Water Resources,NA,1,Department of Water Resources,182,300,31360,08N05E16C001M,NA,Unknown,Unknown,5-021.65,South American,Sacramento,300,Irrigation,Unknown,615,1989-03-10 - 2016-10-18,98,spring,NA,NA,31.2,54.8,2015,6.91,1.77,9.23,4,Critical,SAC,2014-10-01T00:00:00Z,2015-10-01T00:00:00Z,-121.437,38.5537
385537N1214369W001,2136206,2015-04-23T00:00:00Z,33.47,32.47,0,33.6,-0.13,33.6,32.6,NA,Electric sounder measurement,Water level accuracy to nearest tenth of a foot,1,Department of Water Resources,NA,1,Department of Water Resources,182,300,31360,08N05E16C001M,NA,Unknown,Unknown,5-021.65,South American,Sacramento,300,Irrigation,Unknown,615,1989-03-10 - 2016-10-18,98,spring,NA,NA,31.2,54.8,2015,6.91,1.77,9.23,4,Critical,SAC,2014-10-01T00:00:00Z,2015-10-01T00:00:00Z,-121.437,38.5537
385537N1214369W001,2119303,2015-03-25T00:00:00Z,33.47,32.47,0,33.6,-0.13,33.6,32.6,NA,Electric sounder measurement,Water level accuracy to nearest tenth of a foot,1,Department of Water Resources,NA,1,Department of Water Resources,182,300,31360,08N05E16C001M,NA,Unknown,Unknown,5-021.65,South American,Sacramento,300,Irrigation,Unknown,615,1989-03-10 - 2016-10-18,98,spring,NA,NA,31.2,54.8,2015,6.91,1.77,9.23,4,Critical,SAC,2014-10-01T00:00:00Z,2015-10-01T00:00:00Z,-121.437,38.5537
385537N1214369W001,2115191,2015-02-26T00:00:00Z,33.47,32.47,0,33.8,-0.33,33.8,32.8,NA,Electric sounder measurement,Water level accuracy to nearest tenth of a foot,1,Department of Water Resources,NA,1,Department of Water Resources,182,300,31360,08N05E16C001M,NA,Unknown,Unknown,5-021.65,South American,Sacramento,300,Irrigation,Unknown,615,1989-03-10 - 2016-10-18,98,other,NA,NA,NA,NA,2015,6.91,1.77,9.23,4,Critical,SAC,2014-10-01T00:00:00Z,2015-10-01T00:00:00Z,-121.437,38.5537
385537N1214369W001,2113535,2015-01-14T00:00:00Z,33.47,32.47,0,34,-0.53,34,33,NA,Electric sounder measurement,Water level accuracy to nearest tenth of a foot,1,Department of Water Resources,NA,1,Department of Water Resources,182,300,31360,08N05E16C001M,NA,Unknown,Unknown,5-021.65,South American,Sacramento,300,Irrigation,Unknown,615,1989-03-10 - 2016-10-18,98,other,NA,NA,NA,NA,2015,6.91,1.77,9.23,4,Critical,SAC,2014-10-01T00:00:00Z,2015-10-01T00:00:00Z,-121.437,38.5537
385537N1214369W001,2109741,2014-12-23T00:00:00Z,33.47,32.47,0,34.3,-0.83,34.3,33.3,NA,Electric sounder measurement,Water level accuracy to nearest tenth of a foot,1,Department of Water Resources,NA,1,Department of Water Resources,182,300,31360,08N05E16C001M,NA,Unknown,Unknown,5-021.65,South American,Sacramento,300,Irrigation,Unknown,615,1989-03-10 - 2016-10-18,98,other,NA,NA,NA,NA,2015,6.91,1.77,9.23,4,Critical,SAC,2014-10-01T00:00:00Z,2015-10-01T00:00:00Z,-121.437,38.5537
385537N1214369W001,2106438,2014-11-13T00:00:00Z,33.47,32.47,0,35,-1.53,35,34,NA,Electric sounder measurement,Water level accuracy to nearest tenth of a foot,1,Department of Water Resources,NA,1,Department of Water Resources,182,300,31360,08N05E16C001M,NA,Unknown,Unknown,5-021.65,South American,Sacramento,300,Irrigation,Unknown,615,1989-03-10 - 2016-10-18,98,fall,31.9,53.2,NA,NA,2015,6.91,1.77,9.23,4,Critical,SAC,2014-10-01T00:00:00Z,2015-10-01T00:00:00Z,-121.437,38.5537
385537N1214369W001,2019249,2014-10-17T00:00:00Z,33.47,32.47,0,35.4,-1.93,35.4,34.4,NA,Electric sounder measurement,Water level accuracy to nearest tenth of a foot,1,Department of Water Resources,NA,1,Department of Water Resources,182,300,31360,08N05E16C001M,NA,Unknown,Unknown,5-021.65,South American,Sacramento,300,Irrigation,Unknown,615,1989-03-10 - 2016-10-18,98,fall,31.9,53.2,NA,NA,2015,6.91,1.77,9.23,4,Critical,SAC,2014-10-01T00:00:00Z,2015-10-01T00:00:00Z,-121.437,38.5537
385537N1214369W001,2002101,2014-09-18T00:00:00Z,33.47,32.47,0,35.8,-2.33,35.8,34.8,NA,Electric sounder measurement,Water level accuracy to nearest tenth of a foot,1,Department of Water Resources,NA,1,Department of Water Resources,182,300,31360,08N05E16C001M,NA,Unknown,Unknown,5-021.65,South American,Sacramento,300,Irrigation,Unknown,615,1989-03-10 - 2016-10-18,98,fall,31.9,53.2,NA,NA,2014,4.29,2.59,7.46,4.07,Critical,SAC,2013-10-01T00:00:00Z,2014-10-01T00:00:00Z,-121.437,38.5537
385537N1214369W001,1995548,2014-08-19T00:00:00Z,33.47,32.47,0,35.4,-1.93,35.4,34.4,NA,Electric sounder measurement,Water level accuracy to nearest tenth of a foot,1,Department of Water Resources,NA,1,Department of Water Resources,182,300,31360,08N05E16C001M,NA,Unknown,Unknown,5-021.65,South American,Sacramento,300,Irrigation,Unknown,615,1989-03-10 - 2016-10-18,98,fall,31.9,53.2,NA,NA,2014,4.29,2.59,7.46,4.07,Critical,SAC,2013-10-01T00:00:00Z,2014-10-01T00:00:00Z,-121.437,38.5537
385537N1214369W001,1993596,2014-07-28T00:00:00Z,33.47,32.47,0,34.8,-1.33,34.8,33.8,NA,Electric sounder measurement,Water level accuracy to nearest tenth of a foot,1,Department of Water Resources,NA,1,Department of Water Resources,182,300,31360,08N05E16C001M,NA,Unknown,Unknown,5-021.65,South American,Sacramento,300,Irrigation,Unknown,615,1989-03-10 - 2016-10-18,98,other,NA,NA,NA,NA,2014,4.29,2.59,7.46,4.07,Critical,SAC,2013-10-01T00:00:00Z,2014-10-01T00:00:00Z,-121.437,38.5537
385537N1214369W001,1977452,2014-05-05T00:00:00Z,33.47,32.47,0,33.6,-0.13,33.6,32.6,NA,Electric sounder measurement,Water level accuracy to nearest tenth of a foot,1,Department of Water Resources,NA,1,Department of Water Resources,182,300,31360,08N05E16C001M,NA,Unknown,Unknown,5-021.65,South American,Sacramento,300,Irrigation,Unknown,615,1989-03-10 - 2016-10-18,98,spring,NA,NA,31.2,54.8,2014,4.29,2.59,7.46,4.07,Critical,SAC,2013-10-01T00:00:00Z,2014-10-01T00:00:00Z,-121.437,38.5537
385537N1214369W001,1975919,2014-04-14T00:00:00Z,33.47,32.47,0,33.4,0.07,33.4,32.4,NA,Electric sounder measurement,Water level accuracy to nearest tenth of a foot,1,Department of Water Resources,NA,1,Department of Water Resources,182,300,31360,08N05E16C001M,NA,Unknown,Unknown,5-021.65,South American,Sacramento,300,Irrigation,Unknown,615,1989-03-10 - 2016-10-18,98,spring,NA,NA,31.2,54.8,2014,4.29,2.59,7.46,4.07,Critical,SAC,2013-10-01T00:00:00Z,2014-10-01T00:00:00Z,-121.437,38.5537
385537N1214369W001,1879562,2014-03-17T00:00:00Z,33.47,32.47,0,33,0.47,33,32,NA,Electric sounder measurement,Water level accuracy to nearest tenth of a foot,1,Department of Water Resources,NA,1,Department of Water Resources,182,300,31360,08N05E16C001M,NA,Unknown,Unknown,5-021.65,South American,Sacramento,300,Irrigation,Unknown,615,1989-03-10 - 2016-10-18,98,spring,NA,NA,31.2,54.8,2014,4.29,2.59,7.46,4.07,Critical,SAC,2013-10-01T00:00:00Z,2014-10-01T00:00:00Z,-121.437,38.5537
385537N1214369W001,1876286,2014-02-21T00:00:00Z,33.47,32.47,0,33.4,0.07,33.4,32.4,NA,Electric sounder measurement,Water level accuracy to nearest tenth of a foot,1,Department of Water Resources,NA,1,Department of Water Resources,182,300,31360,08N05E16C001M,NA,Unknown,Unknown,5-021.65,South American,Sacramento,300,Irrigation,Unknown,615,1989-03-10 - 2016-10-18,98,other,NA,NA,NA,NA,2014,4.29,2.59,7.46,4.07,Critical,SAC,2013-10-01T00:00:00Z,2014-10-01T00:00:00Z,-121.437,38.5537
385537N1214369W001,1825598,2014-01-24T00:00:00Z,33.47,32.47,0,33.7,-0.23,33.7,32.7,NA,Electric sounder measurement,Water level accuracy to nearest tenth of a foot,1,Department of Water Resources,NA,1,Department of Water Resources,182,300,31360,08N05E16C001M,NA,Unknown,Unknown,5-021.65,South American,Sacramento,300,Irrigation,Unknown,615,1989-03-10 - 2016-10-18,98,other,NA,NA,NA,NA,2014,4.29,2.59,7.46,4.07,Critical,SAC,2013-10-01T00:00:00Z,2014-10-01T00:00:00Z,-121.437,38.5537
385537N1214369W001,1823629,2013-12-24T00:00:00Z,33.47,32.47,0,33.4,0.07,33.4,32.4,NA,Electric sounder measurement,Water level accuracy to nearest tenth of a foot,1,Department of Water Resources,NA,1,Department of Water Resources,182,300,31360,08N05E16C001M,NA,Unknown,Unknown,5-021.65,South American,Sacramento,300,Irrigation,Unknown,615,1989-03-10 - 2016-10-18,98,other,NA,NA,NA,NA,2014,4.29,2.59,7.46,4.07,Critical,SAC,2013-10-01T00:00:00Z,2014-10-01T00:00:00Z,-121.437,38.5537
385537N1214369W001,1808529,2013-11-25T00:00:00Z,33.47,32.47,0,33.7,-0.23,33.7,32.7,NA,Electric sounder measurement,Water level accuracy to nearest tenth of a foot,1,Department of Water Resources,NA,1,Department of Water Resources,182,300,31360,08N05E16C001M,NA,Unknown,Unknown,5-021.65,South American,Sacramento,300,Irrigation,Unknown,615,1989-03-10 - 2016-10-18,98,fall,31.9,53.2,NA,NA,2014,4.29,2.59,7.46,4.07,Critical,SAC,2013-10-01T00:00:00Z,2014-10-01T00:00:00Z,-121.437,38.5537
385537N1214369W001,1795856,2013-09-24T00:00:00Z,33.47,32.47,0,35.5,-2.03,35.5,34.5,NA,Electric sounder measurement,Water level accuracy to nearest tenth of a foot,1,Department of Water Resources,Maintenance,1,Department of Water Resources,182,300,31360,08N05E16C001M,NA,Unknown,Unknown,5-021.65,South American,Sacramento,300,Irrigation,Unknown,615,1989-03-10 - 2016-10-18,98,fall,31.9,53.2,NA,NA,2013,8.52,3.01,12.19,5.83,Dry,SAC,2012-10-01T00:00:00Z,2013-10-01T00:00:00Z,-121.437,38.5537
385537N1214369W001,1735623,2013-06-25T00:00:00Z,33.47,32.47,0,33.5,-0.03,33.5,32.5,NA,Electric sounder measurement,Water level accuracy to nearest tenth of a foot,1,Department of Water Resources,NA,1,Department of Water Resources,182,300,31360,08N05E16C001M,NA,Unknown,Unknown,5-021.65,South American,Sacramento,300,Irrigation,Unknown,615,1989-03-10 - 2016-10-18,98,other,NA,NA,NA,NA,2013,8.52,3.01,12.19,5.83,Dry,SAC,2012-10-01T00:00:00Z,2013-10-01T00:00:00Z,-121.437,38.5537
385537N1214369W001,1703826,2013-03-15T00:00:00Z,33.47,32.47,0,32.2,1.27,32.2,31.2,NA,Electric sounder measurement,Water level accuracy to nearest tenth of a foot,1,Department of Water Resources,NA,1,Department of Water Resources,182,300,31360,08N05E16C001M,NA,Unknown,Unknown,5-021.65,South American,Sacramento,300,Irrigation,Unknown,615,1989-03-10 - 2016-10-18,98,spring,NA,NA,31.2,54.8,2013,8.52,3.01,12.19,5.83,Dry,SAC,2012-10-01T00:00:00Z,2013-10-01T00:00:00Z,-121.437,38.5537
385537N1214369W001,66901,2012-07-30T00:00:00Z,33.47,32.47,0,34.4,-0.93,34.4,33.4,NA,Electric sounder measurement,Water level accuracy to nearest tenth of a foot,1,Department of Water Resources,NA,1,Department of Water Resources,182,300,31360,08N05E16C001M,NA,Unknown,Unknown,5-021.65,South American,Sacramento,300,Irrigation,Unknown,615,1989-03-10 - 2016-10-18,98,other,NA,NA,NA,NA,2012,5.69,5.46,11.84,6.89,Below Normal,SAC,2011-10-01T00:00:00Z,2012-10-01T00:00:00Z,-121.437,38.5537
385537N1214369W001,66889,2012-03-26T00:00:00Z,33.47,32.47,0,32.2,1.27,32.2,31.2,NA,Electric sounder measurement,Water level accuracy to nearest tenth of a foot,1,Department of Water Resources,NA,1,Department of Water Resources,182,300,31360,08N05E16C001M,NA,Unknown,Unknown,5-021.65,South American,Sacramento,300,Irrigation,Unknown,615,1989-03-10 - 2016-10-18,98,spring,NA,NA,31.2,54.8,2012,5.69,5.46,11.84,6.89,Below Normal,SAC,2011-10-01T00:00:00Z,2012-10-01T00:00:00Z,-121.437,38.5537
385537N1214369W001,1294209,2011-10-17T00:00:00Z,33.47,32.47,0,32.9,0.57,32.9,31.9,NA,Unknown,Water level accuracy is unknown,1,Department of Water Resources,NA,1,Department of Water Resources,182,300,31360,08N05E16C001M,NA,Unknown,Unknown,5-021.65,South American,Sacramento,300,Irrigation,Unknown,615,1989-03-10 - 2016-10-18,98,fall,31.9,53.2,NA,NA,2012,5.69,5.46,11.84,6.89,Below Normal,SAC,2011-10-01T00:00:00Z,2012-10-01T00:00:00Z,-121.437,38.5537
385537N1214369W001,1294208,2011-04-06T00:00:00Z,33.47,32.47,0,32.3,1.17,32.3,31.3,NA,Unknown,Water level accuracy is unknown,1,Department of Water Resources,NA,1,Department of Water Resources,182,300,31360,08N05E16C001M,NA,Unknown,Unknown,5-021.65,South American,Sacramento,300,Irrigation,Unknown,615,1989-03-10 - 2016-10-18,98,spring,NA,NA,31.2,54.8,2011,12.68,11.53,25.21,10.54,Wet,SAC,2010-10-01T00:00:00Z,2011-10-01T00:00:00Z,-121.437,38.5537
385537N1214369W001,1294207,2010-11-24T00:00:00Z,33.47,32.47,0,35.2,-1.73,35.2,34.2,NA,Unknown,Water level accuracy is unknown,1,Department of Water Resources,NA,1,Department of Water Resources,182,300,31360,08N05E16C001M,NA,Unknown,Unknown,5-021.65,South American,Sacramento,300,Irrigation,Unknown,615,1989-03-10 - 2016-10-18,98,fall,31.9,53.2,NA,NA,2011,12.68,11.53,25.21,10.54,Wet,SAC,2010-10-01T00:00:00Z,2011-10-01T00:00:00Z,-121.437,38.5537
385537N1214369W001,1294206,2010-07-28T00:00:00Z,33.47,32.47,0,36.3,-2.83,36.3,35.3,NA,Unknown,Water level accuracy is unknown,1,Department of Water Resources,NA,1,Department of Water Resources,182,300,31360,08N05E16C001M,NA,Unknown,Unknown,5-021.65,South American,Sacramento,300,Irrigation,Unknown,615,1989-03-10 - 2016-10-18,98,other,NA,NA,NA,NA,2010,7.45,7.78,16.01,7.08,Below Normal,SAC,2009-10-01T00:00:00Z,2010-10-01T00:00:00Z,-121.437,38.5537
385537N1214369W001,1294205,2010-03-24T00:00:00Z,33.47,32.47,0,34.5,-1.03,34.5,33.5,NA,Unknown,Water level accuracy is unknown,1,Department of Water Resources,NA,1,Department of Water Resources,182,300,31360,08N05E16C001M,NA,Unknown,Unknown,5-021.65,South American,Sacramento,300,Irrigation,Unknown,615,1989-03-10 - 2016-10-18,98,spring,NA,NA,31.2,54.8,2010,7.45,7.78,16.01,7.08,Below Normal,SAC,2009-10-01T00:00:00Z,2010-10-01T00:00:00Z,-121.437,38.5537
385537N1214369W001,1294204,2009-12-16T00:00:00Z,33.47,32.47,0,35.7,-2.23,35.7,34.7,NA,Unknown,Water level accuracy is unknown,1,Department of Water Resources,NA,1,Department of Water Resources,182,300,31360,08N05E16C001M,NA,Unknown,Unknown,5-021.65,South American,Sacramento,300,Irrigation,Unknown,615,1989-03-10 - 2016-10-18,98,other,NA,NA,NA,NA,2010,7.45,7.78,16.01,7.08,Below Normal,SAC,2009-10-01T00:00:00Z,2010-10-01T00:00:00Z,-121.437,38.5537
385537N1214369W001,1294202,2009-10-12T00:00:00Z,33.47,32.47,0,37.1,-3.63,37.1,36.1,NA,Unknown,Water level accuracy is unknown,1,Department of Water Resources,NA,1,Department of Water Resources,182,300,31360,08N05E16C001M,NA,Unknown,Unknown,5-021.65,South American,Sacramento,300,Irrigation,Unknown,615,1989-03-10 - 2016-10-18,98,fall,31.9,53.2,NA,NA,2010,7.45,7.78,16.01,7.08,Below Normal,SAC,2009-10-01T00:00:00Z,2010-10-01T00:00:00Z,-121.437,38.5537
385537N1214369W001,1294200,2009-08-10T00:00:00Z,33.47,32.47,0,37.4,-3.93,37.4,36.4,NA,Unknown,Water level accuracy is unknown,1,Department of Water Resources,NA,1,Department of Water Resources,182,300,31360,08N05E16C001M,NA,Unknown,Unknown,5-021.65,South American,Sacramento,300,Irrigation,Unknown,615,1989-03-10 - 2016-10-18,98,fall,31.9,53.2,NA,NA,2009,7.05,5.3,13.02,5.78,Dry,SAC,2008-10-01T00:00:00Z,2009-10-01T00:00:00Z,-121.437,38.5537
385537N1214369W001,1294199,2009-07-15T00:00:00Z,33.47,32.47,0,37.8,-4.33,37.8,36.8,NA,Unknown,Water level accuracy is unknown,1,Department of Water Resources,NA,1,Department of Water Resources,182,300,31360,08N05E16C001M,NA,Unknown,Unknown,5-021.65,South American,Sacramento,300,Irrigation,Unknown,615,1989-03-10 - 2016-10-18,98,other,NA,NA,NA,NA,2009,7.05,5.3,13.02,5.78,Dry,SAC,2008-10-01T00:00:00Z,2009-10-01T00:00:00Z,-121.437,38.5537
385537N1214369W001,1294198,2009-06-22T00:00:00Z,33.47,32.47,0,36.4,-2.93,36.4,35.4,NA,Unknown,Water level accuracy is unknown,1,Department of Water Resources,NA,1,Department of Water Resources,182,300,31360,08N05E16C001M,NA,Unknown,Unknown,5-021.65,South American,Sacramento,300,Irrigation,Unknown,615,1989-03-10 - 2016-10-18,98,other,NA,NA,NA,NA,2009,7.05,5.3,13.02,5.78,Dry,SAC,2008-10-01T00:00:00Z,2009-10-01T00:00:00Z,-121.437,38.5537
385537N1214369W001,1294197,2009-05-11T00:00:00Z,33.47,32.47,0,38.1,-4.63,38.1,37.1,NA,Unknown,Water level accuracy is unknown,1,Department of Water Resources,NA,1,Department of Water Resources,182,300,31360,08N05E16C001M,NA,Unknown,Unknown,5-021.65,South American,Sacramento,300,Irrigation,Unknown,615,1989-03-10 - 2016-10-18,98,spring,NA,NA,31.2,54.8,2009,7.05,5.3,13.02,5.78,Dry,SAC,2008-10-01T00:00:00Z,2009-10-01T00:00:00Z,-121.437,38.5537
385537N1214369W001,1294196,2009-04-29T00:00:00Z,33.47,32.47,0,35.7,-2.23,35.7,34.7,NA,Unknown,Water level accuracy is unknown,1,Department of Water Resources,NA,1,Department of Water Resources,182,300,31360,08N05E16C001M,NA,Unknown,Unknown,5-021.65,South American,Sacramento,300,Irrigation,Unknown,615,1989-03-10 - 2016-10-18,98,spring,NA,NA,31.2,54.8,2009,7.05,5.3,13.02,5.78,Dry,SAC,2008-10-01T00:00:00Z,2009-10-01T00:00:00Z,-121.437,38.5537
385537N1214369W001,1294195,2008-11-19T00:00:00Z,33.47,32.47,0,52.6,-19.13,52.6,51.6,NA,Unknown,Water level accuracy is unknown,1,Department of Water Resources,NA,1,Department of Water Resources,182,300,31360,08N05E16C001M,NA,Unknown,Unknown,5-021.65,South American,Sacramento,300,Irrigation,Unknown,615,1989-03-10 - 2016-10-18,98,fall,31.9,53.2,NA,NA,2009,7.05,5.3,13.02,5.78,Dry,SAC,2008-10-01T00:00:00Z,2009-10-01T00:00:00Z,-121.437,38.5537
385537N1214369W001,1294194,2008-03-28T00:00:00Z,33.47,32.47,0,44.9,-11.43,44.9,43.9,NA,Unknown,Water level accuracy is unknown,1,Department of Water Resources,NA,1,Department of Water Resources,182,300,31360,08N05E16C001M,NA,Unknown,Unknown,5-021.65,South American,Sacramento,300,Irrigation,Unknown,615,1989-03-10 - 2016-10-18,98,spring,NA,NA,31.2,54.8,2008,5.9,3.82,10.28,5.16,Critical,SAC,2007-10-01T00:00:00Z,2008-10-01T00:00:00Z,-121.437,38.5537
385537N1214369W001,1294193,2007-10-29T00:00:00Z,33.47,32.47,0,48.7,-15.23,48.7,47.7,NA,Unknown,Water level accuracy is unknown,1,Department of Water Resources,NA,1,Department of Water Resources,182,300,31360,08N05E16C001M,NA,Unknown,Unknown,5-021.65,South American,Sacramento,300,Irrigation,Unknown,615,1989-03-10 - 2016-10-18,98,fall,31.9,53.2,NA,NA,2008,5.9,3.82,10.28,5.16,Critical,SAC,2007-10-01T00:00:00Z,2008-10-01T00:00:00Z,-121.437,38.5537
385537N1214369W001,1294192,2007-03-28T00:00:00Z,33.47,32.47,0,43.4,-9.93,43.4,42.4,NA,Unknown,Water level accuracy is unknown,1,Department of Water Resources,NA,1,Department of Water Resources,182,300,31360,08N05E16C001M,NA,Unknown,Unknown,5-021.65,South American,Sacramento,300,Irrigation,Unknown,615,1989-03-10 - 2016-10-18,98,spring,NA,NA,31.2,54.8,2007,6.59,3.04,10.28,6.19,Dry,SAC,2006-10-01T00:00:00Z,2007-10-01T00:00:00Z,-121.437,38.5537
385537N1214369W001,1294191,2006-10-18T00:00:00Z,33.47,32.47,0,48,-14.53,48,47,NA,Unknown,Water level accuracy is unknown,1,Department of Water Resources,NA,1,Department of Water Resources,182,300,31360,08N05E16C001M,NA,Unknown,Unknown,5-021.65,South American,Sacramento,300,Irrigation,Unknown,615,1989-03-10 - 2016-10-18,98,fall,31.9,53.2,NA,NA,2007,6.59,3.04,10.28,6.19,Dry,SAC,2006-10-01T00:00:00Z,2007-10-01T00:00:00Z,-121.437,38.5537
385537N1214369W001,1294190,2006-04-18T00:00:00Z,33.47,32.47,0,40,-6.53,40,39,NA,Unknown,Water level accuracy is unknown,1,Department of Water Resources,NA,1,Department of Water Resources,182,300,31360,08N05E16C001M,NA,Unknown,Unknown,5-021.65,South American,Sacramento,300,Irrigation,Unknown,615,1989-03-10 - 2016-10-18,98,spring,NA,NA,31.2,54.8,2006,18.06,13.09,32.09,13.2,Wet,SAC,2005-10-01T00:00:00Z,2006-10-01T00:00:00Z,-121.437,38.5537
385537N1214369W001,1294189,2005-11-22T00:00:00Z,33.47,32.47,0,47.9,-14.43,47.9,46.9,NA,Unknown,Water level accuracy is unknown,1,Department of Water Resources,NA,1,Department of Water Resources,182,300,31360,08N05E16C001M,NA,Unknown,Unknown,5-021.65,South American,Sacramento,300,Irrigation,Unknown,615,1989-03-10 - 2016-10-18,98,fall,31.9,53.2,NA,NA,2006,18.06,13.09,32.09,13.2,Wet,SAC,2005-10-01T00:00:00Z,2006-10-01T00:00:00Z,-121.437,38.5537
385537N1214369W001,1294188,2005-03-30T00:00:00Z,33.47,32.47,0,35.1,-1.63,35.1,34.1,NA,Unknown,Water level accuracy is unknown,1,Department of Water Resources,NA,1,Department of Water Resources,182,300,31360,08N05E16C001M,NA,Unknown,Unknown,5-021.65,South American,Sacramento,300,Irrigation,Unknown,615,1989-03-10 - 2016-10-18,98,spring,NA,NA,31.2,54.8,2005,8.4,9.28,18.55,8.49,Above Normal,SAC,2004-10-01T00:00:00Z,2005-10-01T00:00:00Z,-121.437,38.5537
385537N1214369W001,1294187,2004-10-28T00:00:00Z,33.47,32.47,0,48.8,-15.33,48.8,47.8,NA,Unknown,Water level accuracy is unknown,1,Department of Water Resources,NA,1,Department of Water Resources,182,300,31360,08N05E16C001M,NA,Unknown,Unknown,5-021.65,South American,Sacramento,300,Irrigation,Unknown,615,1989-03-10 - 2016-10-18,98,fall,31.9,53.2,NA,NA,2005,8.4,9.28,18.55,8.49,Above Normal,SAC,2004-10-01T00:00:00Z,2005-10-01T00:00:00Z,-121.437,38.5537
385537N1214369W001,1294186,2004-03-23T00:00:00Z,33.47,32.47,0,46.6,-13.13,46.6,45.6,NA,Unknown,Water level accuracy is unknown,1,Department of Water Resources,NA,1,Department of Water Resources,182,300,31360,08N05E16C001M,NA,Unknown,Unknown,5-021.65,South American,Sacramento,300,Irrigation,Unknown,615,1989-03-10 - 2016-10-18,98,spring,NA,NA,31.2,54.8,2004,10.95,4.4,16.04,7.51,Below Normal,SAC,2003-10-01T00:00:00Z,2004-10-01T00:00:00Z,-121.437,38.5537
385537N1214369W001,1294185,2003-11-25T00:00:00Z,33.47,32.47,0,38.1,-4.63,38.1,37.1,NA,Unknown,Water level accuracy is unknown,1,Department of Water Resources,NA,1,Department of Water Resources,182,300,31360,08N05E16C001M,NA,Unknown,Unknown,5-021.65,South American,Sacramento,300,Irrigation,Unknown,615,1989-03-10 - 2016-10-18,98,fall,31.9,53.2,NA,NA,2004,10.95,4.4,16.04,7.51,Below Normal,SAC,2003-10-01T00:00:00Z,2004-10-01T00:00:00Z,-121.437,38.5537
385537N1214369W001,1294184,2003-04-15T00:00:00Z,33.47,32.47,0,54.2,-20.73,54.2,53.2,NA,Unknown,Water level accuracy is unknown,1,Department of Water Resources,NA,1,Department of Water Resources,182,300,31360,08N05E16C001M,NA,Unknown,Unknown,5-021.65,South American,Sacramento,300,Irrigation,Unknown,615,1989-03-10 - 2016-10-18,98,spring,NA,NA,31.2,54.8,2003,10.71,7.74,19.31,8.21,Above Normal,SAC,2002-10-01T00:00:00Z,2003-10-01T00:00:00Z,-121.437,38.5537
385537N1214369W001,1294183,2002-11-15T00:00:00Z,33.47,32.47,0,54.2,-20.73,54.2,53.2,NA,Unknown,Water level accuracy is unknown,1,Department of Water Resources,NA,1,Department of Water Resources,182,300,31360,08N05E16C001M,NA,Unknown,Unknown,5-021.65,South American,Sacramento,300,Irrigation,Unknown,615,1989-03-10 - 2016-10-18,98,fall,31.9,53.2,NA,NA,2003,10.71,7.74,19.31,8.21,Above Normal,SAC,2002-10-01T00:00:00Z,2003-10-01T00:00:00Z,-121.437,38.5537
385537N1214369W001,1294182,2002-04-30T00:00:00Z,33.47,32.47,0,37.9,-4.43,37.9,36.9,NA,Unknown,Water level accuracy is unknown,1,Department of Water Resources,NA,1,Department of Water Resources,182,300,31360,08N05E16C001M,NA,Unknown,Unknown,5-021.65,South American,Sacramento,300,Irrigation,Unknown,615,1989-03-10 - 2016-10-18,98,spring,NA,NA,31.2,54.8,2002,9.32,4.57,14.6,6.35,Dry,SAC,2001-10-01T00:00:00Z,2002-10-01T00:00:00Z,-121.437,38.5537
385537N1214369W001,1294181,2001-11-30T00:00:00Z,33.47,32.47,0,53.8,-20.33,53.8,52.8,NA,Unknown,Water level accuracy is unknown,1,Department of Water Resources,NA,1,Department of Water Resources,182,300,31360,08N05E16C001M,NA,Unknown,Unknown,5-021.65,South American,Sacramento,300,Irrigation,Unknown,615,1989-03-10 - 2016-10-18,98,fall,31.9,53.2,NA,NA,2002,9.32,4.57,14.6,6.35,Dry,SAC,2001-10-01T00:00:00Z,2002-10-01T00:00:00Z,-121.437,38.5537
385537N1214369W001,1294180,2001-05-14T00:00:00Z,33.47,32.47,0,38,-4.53,38,37,NA,Unknown,Water level accuracy is unknown,1,Department of Water Resources,NA,1,Department of Water Resources,182,300,31360,08N05E16C001M,NA,Unknown,Unknown,5-021.65,South American,Sacramento,300,Irrigation,Unknown,615,1989-03-10 - 2016-10-18,98,spring,NA,NA,31.2,54.8,2001,5.64,3.46,9.81,5.76,Dry,SAC,2000-10-01T00:00:00Z,2001-10-01T00:00:00Z,-121.437,38.5537
385537N1214369W001,1294175,2000-11-06T00:00:00Z,33.47,32.47,0,54.1,-20.63,54.1,53.1,NA,Unknown,Water level accuracy is unknown,1,Department of Water Resources,NA,1,Department of Water Resources,182,300,31360,08N05E16C001M,NA,Unknown,Unknown,5-021.65,South American,Sacramento,300,Irrigation,Unknown,615,1989-03-10 - 2016-10-18,98,fall,31.9,53.2,NA,NA,2001,5.64,3.46,9.81,5.76,Dry,SAC,2000-10-01T00:00:00Z,2001-10-01T00:00:00Z,-121.437,38.5537
385537N1214369W001,1294174,2000-03-30T00:00:00Z,33.47,32.47,0,35.6,-2.13,35.6,34.6,NA,Unknown,Water level accuracy is unknown,1,Department of Water Resources,NA,1,Department of Water Resources,182,300,31360,08N05E16C001M,NA,Unknown,Unknown,5-021.65,South American,Sacramento,300,Irrigation,Unknown,615,1989-03-10 - 2016-10-18,98,spring,NA,NA,31.2,54.8,2000,12.06,5.96,18.9,8.94,Above Normal,SAC,1999-10-01T00:00:00Z,2000-10-01T00:00:00Z,-121.437,38.5537
385537N1214369W001,1294173,1999-11-01T00:00:00Z,33.47,32.47,0,50.5,-17.03,50.5,49.5,NA,Unknown,Water level accuracy is unknown,1,Department of Water Resources,NA,1,Department of Water Resources,182,300,31360,08N05E16C001M,NA,Unknown,Unknown,5-021.65,South American,Sacramento,300,Irrigation,Unknown,615,1989-03-10 - 2016-10-18,98,fall,31.9,53.2,NA,NA,2000,12.06,5.96,18.9,8.94,Above Normal,SAC,1999-10-01T00:00:00Z,2000-10-01T00:00:00Z,-121.437,38.5537
385537N1214369W001,1294172,1999-03-31T00:00:00Z,33.47,32.47,0,34.2,-0.73,34.2,33.2,NA,Unknown,Water level accuracy is unknown,1,Department of Water Resources,NA,1,Department of Water Resources,182,300,31360,08N05E16C001M,NA,Unknown,Unknown,5-021.65,South American,Sacramento,300,Irrigation,Unknown,615,1989-03-10 - 2016-10-18,98,spring,NA,NA,31.2,54.8,1999,12.97,7.26,21.19,9.8,Wet,SAC,1998-10-01T00:00:00Z,1999-10-01T00:00:00Z,-121.437,38.5537
385537N1214369W001,1294179,1998-11-09T00:00:00Z,33.47,32.47,0,37.3,-3.83,37.3,36.3,NA,Unknown,Water level accuracy is unknown,1,Department of Water Resources,NA,1,Department of Water Resources,182,300,31360,08N05E16C001M,NA,Unknown,Unknown,5-021.65,South American,Sacramento,300,Irrigation,Unknown,615,1989-03-10 - 2016-10-18,98,fall,31.9,53.2,NA,NA,1999,12.97,7.26,21.19,9.8,Wet,SAC,1998-10-01T00:00:00Z,1999-10-01T00:00:00Z,-121.437,38.5537
385537N1214369W001,1294178,1998-05-01T00:00:00Z,33.47,32.47,0,35.1,-1.63,35.1,34.1,NA,Unknown,Water level accuracy is unknown,1,Department of Water Resources,NA,1,Department of Water Resources,182,300,31360,08N05E16C001M,NA,Unknown,Unknown,5-021.65,South American,Sacramento,300,Irrigation,Unknown,615,1989-03-10 - 2016-10-18,98,spring,NA,NA,31.2,54.8,1998,17.65,12.54,31.4,13.31,Wet,SAC,1997-10-01T00:00:00Z,1998-10-01T00:00:00Z,-121.437,38.5537
385537N1214369W001,1294177,1997-12-03T00:00:00Z,33.47,32.47,0,52.2,-18.73,52.2,51.2,NA,Unknown,Water level accuracy is unknown,1,Department of Water Resources,NA,1,Department of Water Resources,182,300,31360,08N05E16C001M,NA,Unknown,Unknown,5-021.65,South American,Sacramento,300,Irrigation,Unknown,615,1989-03-10 - 2016-10-18,98,other,NA,NA,NA,NA,1998,17.65,12.54,31.4,13.31,Wet,SAC,1997-10-01T00:00:00Z,1998-10-01T00:00:00Z,-121.437,38.5537
385537N1214369W001,1294176,1997-04-22T00:00:00Z,33.47,32.47,0,55.8,-22.33,55.8,54.8,NA,Unknown,Water level accuracy is unknown,1,Department of Water Resources,NA,1,Department of Water Resources,182,300,31360,08N05E16C001M,NA,Unknown,Unknown,5-021.65,South American,Sacramento,300,Irrigation,Unknown,615,1989-03-10 - 2016-10-18,98,spring,NA,NA,31.2,54.8,1997,20.22,4.39,25.42,10.82,Wet,SAC,1996-10-01T00:00:00Z,1997-10-01T00:00:00Z,-121.437,38.5537
385537N1214369W001,1294171,1996-11-20T00:00:00Z,33.47,32.47,0,52.1,-18.63,52.1,51.1,NA,Unknown,Water level accuracy is unknown,1,Department of Water Resources,NA,1,Department of Water Resources,182,300,31360,08N05E16C001M,NA,Unknown,Unknown,5-021.65,South American,Sacramento,300,Irrigation,Unknown,615,1989-03-10 - 2016-10-18,98,fall,31.9,53.2,NA,NA,1997,20.22,4.39,25.42,10.82,Wet,SAC,1996-10-01T00:00:00Z,1997-10-01T00:00:00Z,-121.437,38.5537
385537N1214369W001,1294170,1996-05-03T00:00:00Z,33.47,32.47,0,47.6,-14.13,47.6,46.6,NA,Unknown,Water level accuracy is unknown,1,Department of Water Resources,NA,1,Department of Water Resources,182,300,31360,08N05E16C001M,NA,Unknown,Unknown,5-021.65,South American,Sacramento,300,Irrigation,Unknown,615,1989-03-10 - 2016-10-18,98,spring,NA,NA,31.2,54.8,1996,13.05,8.37,22.29,10.26,Wet,SAC,1995-10-01T00:00:00Z,1996-10-01T00:00:00Z,-121.437,38.5537
385537N1214369W001,1294169,1995-12-04T00:00:00Z,33.47,32.47,0,55.9,-22.43,55.9,54.9,NA,Unknown,Water level accuracy is unknown,1,Department of Water Resources,NA,1,Department of Water Resources,182,300,31360,08N05E16C001M,NA,Unknown,Unknown,5-021.65,South American,Sacramento,300,Irrigation,Unknown,615,1989-03-10 - 2016-10-18,98,other,NA,NA,NA,NA,1996,13.05,8.37,22.29,10.26,Wet,SAC,1995-10-01T00:00:00Z,1996-10-01T00:00:00Z,-121.437,38.5537
385537N1214369W001,1294168,1995-05-18T00:00:00Z,33.47,32.47,0,41.1,-7.63,41.1,40.1,NA,Unknown,Water level accuracy is unknown,1,Department of Water Resources,NA,1,Department of Water Resources,182,300,31360,08N05E16C001M,NA,Unknown,Unknown,5-021.65,South American,Sacramento,300,Irrigation,Unknown,615,1989-03-10 - 2016-10-18,98,spring,NA,NA,31.2,54.8,1995,19.83,13.6,34.55,12.89,Wet,SAC,1994-10-01T00:00:00Z,1995-10-01T00:00:00Z,-121.437,38.5537
385537N1214369W001,1294167,1994-11-29T00:00:00Z,33.47,32.47,0,49.7,-16.23,49.7,48.7,NA,Unknown,Water level accuracy is unknown,1,Department of Water Resources,NA,1,Department of Water Resources,182,300,31360,08N05E16C001M,NA,Unknown,Unknown,5-021.65,South American,Sacramento,300,Irrigation,Unknown,615,1989-03-10 - 2016-10-18,98,fall,31.9,53.2,NA,NA,1995,19.83,13.6,34.55,12.89,Wet,SAC,1994-10-01T00:00:00Z,1995-10-01T00:00:00Z,-121.437,38.5537
385537N1214369W001,1294166,1994-03-31T00:00:00Z,33.47,32.47,0,44,-10.53,44,43,NA,Unknown,Water level accuracy is unknown,1,Department of Water Resources,NA,1,Department of Water Resources,182,300,31360,08N05E16C001M,NA,Unknown,Unknown,5-021.65,South American,Sacramento,300,Irrigation,Unknown,615,1989-03-10 - 2016-10-18,98,spring,NA,NA,31.2,54.8,1994,4.55,2.73,7.81,5.02,Critical,SAC,1993-10-01T00:00:00Z,1994-10-01T00:00:00Z,-121.437,38.5537
385537N1214369W001,1294165,1993-11-24T00:00:00Z,33.47,32.47,0,46.2,-12.73,46.2,45.2,NA,Unknown,Water level accuracy is unknown,1,Department of Water Resources,NA,1,Department of Water Resources,182,300,31360,08N05E16C001M,NA,Unknown,Unknown,5-021.65,South American,Sacramento,300,Irrigation,Unknown,615,1989-03-10 - 2016-10-18,98,fall,31.9,53.2,NA,NA,1994,4.55,2.73,7.81,5.02,Critical,SAC,1993-10-01T00:00:00Z,1994-10-01T00:00:00Z,-121.437,38.5537
385537N1214369W001,1294164,1993-03-26T00:00:00Z,33.47,32.47,0,42.2,-8.73,42.2,41.2,NA,Unknown,Water level accuracy is unknown,1,Department of Water Resources,NA,1,Department of Water Resources,182,300,31360,08N05E16C001M,NA,Unknown,Unknown,5-021.65,South American,Sacramento,300,Irrigation,Unknown,615,1989-03-10 - 2016-10-18,98,spring,NA,NA,31.2,54.8,1993,12.44,8.98,22.21,8.54,Above Normal,SAC,1992-10-01T00:00:00Z,1993-10-01T00:00:00Z,-121.437,38.5537
385537N1214369W001,1294163,1993-01-28T00:00:00Z,33.47,32.47,0,45.8,-12.33,45.8,44.8,Oil or foreign substance in casing,Unknown,Water level accuracy is unknown,1,Department of Water Resources,NA,1,Department of Water Resources,182,300,31360,08N05E16C001M,NA,Unknown,Unknown,5-021.65,South American,Sacramento,300,Irrigation,Unknown,615,1989-03-10 - 2016-10-18,98,other,NA,NA,NA,NA,1993,12.44,8.98,22.21,8.54,Above Normal,SAC,1992-10-01T00:00:00Z,1993-10-01T00:00:00Z,-121.437,38.5537
385537N1214369W001,1294161,1991-03-21T00:00:00Z,33.47,32.47,0,44.2,-10.73,44.2,43.2,NA,Unknown,Water level accuracy is unknown,1,Department of Water Resources,NA,1,Department of Water Resources,182,300,31360,08N05E16C001M,NA,Unknown,Unknown,5-021.65,South American,Sacramento,300,Irrigation,Unknown,615,1989-03-10 - 2016-10-18,98,spring,NA,NA,31.2,54.8,1991,3.9,4.01,8.44,4.21,Critical,SAC,1990-10-01T00:00:00Z,1991-10-01T00:00:00Z,-121.437,38.5537
385537N1214369W001,1294160,1990-10-15T00:00:00Z,33.47,32.47,0,48.2,-14.73,48.2,47.2,NA,Unknown,Water level accuracy is unknown,1,Department of Water Resources,NA,1,Department of Water Resources,182,300,31360,08N05E16C001M,NA,Unknown,Unknown,5-021.65,South American,Sacramento,300,Irrigation,Unknown,615,1989-03-10 - 2016-10-18,98,fall,31.9,53.2,NA,NA,1991,3.9,4.01,8.44,4.21,Critical,SAC,1990-10-01T00:00:00Z,1991-10-01T00:00:00Z,-121.437,38.5537
385537N1214369W001,1294157,1990-02-28T00:00:00Z,33.47,32.47,0,42,-8.53,42,41,NA,Unknown,Water level accuracy is unknown,1,Department of Water Resources,NA,1,Department of Water Resources,182,300,31360,08N05E16C001M,NA,Unknown,Unknown,5-021.65,South American,Sacramento,300,Irrigation,Unknown,615,1989-03-10 - 2016-10-18,98,other,NA,NA,NA,NA,1990,4.94,3.72,9.26,4.81,Critical,SAC,1989-10-01T00:00:00Z,1990-10-01T00:00:00Z,-121.437,38.5537
385537N1214369W001,1294159,1989-10-09T00:00:00Z,33.47,32.47,0,45.6,-12.13,45.6,44.6,NA,Unknown,Water level accuracy is unknown,1,Department of Water Resources,NA,1,Department of Water Resources,182,300,31360,08N05E16C001M,NA,Unknown,Unknown,5-021.65,South American,Sacramento,300,Irrigation,Unknown,615,1989-03-10 - 2016-10-18,98,fall,31.9,53.2,NA,NA,1990,4.94,3.72,9.26,4.81,Critical,SAC,1989-10-01T00:00:00Z,1990-10-01T00:00:00Z,-121.437,38.5537
385537N1214369W001,1294158,1989-03-10T00:00:00Z,33.47,32.47,0,43.3,-9.83,43.3,42.3,NA,Unknown,Water level accuracy is unknown,1,Department of Water Resources,NA,1,Department of Water Resources,182,300,31360,08N05E16C001M,NA,Unknown,Unknown,5-021.65,South American,Sacramento,300,Irrigation,Unknown,615,1989-03-10 - 2016-10-18,98,spring,NA,NA,31.2,54.8,1989,9.03,5.07,14.82,6.13,Dry,SAC,1988-10-01T00:00:00Z,1989-10-01T00:00:00Z,-121.437,38.5537
