SITE_CODE,WLM_ID,MSMT_DATE,WLM_RPE,WLM_GSE,RDNG_WS,RDNG_RP,WSE,RPE_WSE,GSE_WSE,WLM_QA_DESC,WLM_DESC,WLM_ACC_DESC,WLM_ORG_ID,WLM_ORG_NAME,MSMT_CMT,COOP_AGENCY_ORG_ID,COOP_ORG_NAME,TOP_PRF,BOT_PRF,STN_ID,SWN,WELL_NAME,WLM_METHOD,WLM_ACC,BASIN_CODE,BASIN_NAME,COUNTY_NAME,WELL_DEPTH,WELL_USE,WELL_TYPE,WCR_NO,t_range,n_samples,X,Y
385608N1212491W001,1296669,1993-03-22T00:00:00Z,145.44,143.44,0,116,29.44,116,114,NA,Unknown,Water level accuracy is unknown,1,Department of Water Resources,NA,1,Department of Water Resources,148,189,40117,08N07E07K001M,NA,Unknown,Unknown,5-021.65,South American,Sacramento,194,Residential,Unknown,NA,1981-01-30 - 1995-12-08,29,-121.249,38.5608
385608N1212491W001,1296668,1993-01-19T00:00:00Z,145.44,143.44,0,114.3,31.14,114.3,112.3,NA,Unknown,Water level accuracy is unknown,1,Department of Water Resources,NA,1,Department of Water Resources,148,189,40117,08N07E07K001M,NA,Unknown,Unknown,5-021.65,South American,Sacramento,194,Residential,Unknown,NA,1981-01-30 - 1995-12-08,29,-121.249,38.5608
385608N1212491W001,1296666,1991-03-21T00:00:00Z,145.44,143.44,0,110.2,35.24,110.2,108.2,NA,Unknown,Water level accuracy is unknown,1,Department of Water Resources,NA,1,Department of Water Resources,148,189,40117,08N07E07K001M,NA,Unknown,Unknown,5-021.65,South American,Sacramento,194,Residential,Unknown,NA,1981-01-30 - 1995-12-08,29,-121.249,38.5608
385608N1212491W001,1296665,1990-10-17T00:00:00Z,145.44,143.44,0,113.3,32.14,113.3,111.3,NA,Unknown,Water level accuracy is unknown,1,Department of Water Resources,NA,1,Department of Water Resources,148,189,40117,08N07E07K001M,NA,Unknown,Unknown,5-021.65,South American,Sacramento,194,Residential,Unknown,NA,1981-01-30 - 1995-12-08,29,-121.249,38.5608
385608N1212491W001,1296664,1990-03-26T00:00:00Z,145.44,143.44,0,127.7,17.74,127.7,125.7,NA,Unknown,Water level accuracy is unknown,1,Department of Water Resources,NA,1,Department of Water Resources,148,189,40117,08N07E07K001M,NA,Unknown,Unknown,5-021.65,South American,Sacramento,194,Residential,Unknown,NA,1981-01-30 - 1995-12-08,29,-121.249,38.5608
385608N1212491W001,1296663,1989-10-13T00:00:00Z,145.44,143.44,0,110.2,35.24,110.2,108.2,NA,Unknown,Water level accuracy is unknown,1,Department of Water Resources,NA,1,Department of Water Resources,148,189,40117,08N07E07K001M,NA,Unknown,Unknown,5-021.65,South American,Sacramento,194,Residential,Unknown,NA,1981-01-30 - 1995-12-08,29,-121.249,38.5608
385608N1212491W001,1296662,1989-03-23T00:00:00Z,145.44,143.44,0,105.1,40.34,105.1,103.1,NA,Unknown,Water level accuracy is unknown,1,Department of Water Resources,NA,1,Department of Water Resources,148,189,40117,08N07E07K001M,NA,Unknown,Unknown,5-021.65,South American,Sacramento,194,Residential,Unknown,NA,1981-01-30 - 1995-12-08,29,-121.249,38.5608
385608N1212491W001,1296661,1988-10-18T00:00:00Z,145.44,143.44,0,108.4,37.04,108.4,106.4,NA,Unknown,Water level accuracy is unknown,1,Department of Water Resources,NA,1,Department of Water Resources,148,189,40117,08N07E07K001M,NA,Unknown,Unknown,5-021.65,South American,Sacramento,194,Residential,Unknown,NA,1981-01-30 - 1995-12-08,29,-121.249,38.5608
385608N1212491W001,1296660,1988-03-15T00:00:00Z,145.44,143.44,0,102.4,43.04,102.4,100.4,NA,Unknown,Water level accuracy is unknown,1,Department of Water Resources,NA,1,Department of Water Resources,148,189,40117,08N07E07K001M,NA,Unknown,Unknown,5-021.65,South American,Sacramento,194,Residential,Unknown,NA,1981-01-30 - 1995-12-08,29,-121.249,38.5608
385608N1212491W001,1296659,1987-10-19T00:00:00Z,145.44,143.44,0,105.9,39.54,105.9,103.9,NA,Unknown,Water level accuracy is unknown,1,Department of Water Resources,NA,1,Department of Water Resources,148,189,40117,08N07E07K001M,NA,Unknown,Unknown,5-021.65,South American,Sacramento,194,Residential,Unknown,NA,1981-01-30 - 1995-12-08,29,-121.249,38.5608
385608N1212491W001,1296658,1987-03-19T00:00:00Z,145.44,143.44,0,98.9,46.54,98.9,96.9,NA,Unknown,Water level accuracy is unknown,1,Department of Water Resources,NA,1,Department of Water Resources,148,189,40117,08N07E07K001M,NA,Unknown,Unknown,5-021.65,South American,Sacramento,194,Residential,Unknown,NA,1981-01-30 - 1995-12-08,29,-121.249,38.5608
385608N1212491W001,1296657,1986-10-28T00:00:00Z,145.44,143.44,0,101.3,44.14,101.3,99.3,NA,Unknown,Water level accuracy is unknown,1,Department of Water Resources,NA,1,Department of Water Resources,148,189,40117,08N07E07K001M,NA,Unknown,Unknown,5-021.65,South American,Sacramento,194,Residential,Unknown,NA,1981-01-30 - 1995-12-08,29,-121.249,38.5608
385608N1212491W001,1296656,1986-03-12T00:00:00Z,145.44,143.44,0,98.5,46.94,98.5,96.5,NA,Unknown,Water level accuracy is unknown,1,Department of Water Resources,NA,1,Department of Water Resources,148,189,40117,08N07E07K001M,NA,Unknown,Unknown,5-021.65,South American,Sacramento,194,Residential,Unknown,NA,1981-01-30 - 1995-12-08,29,-121.249,38.5608
385608N1212491W001,1296655,1985-10-16T00:00:00Z,145.44,143.44,0,103.8,41.64,103.8,101.8,NA,Unknown,Water level accuracy is unknown,1,Department of Water Resources,NA,1,Department of Water Resources,148,189,40117,08N07E07K001M,NA,Unknown,Unknown,5-021.65,South American,Sacramento,194,Residential,Unknown,NA,1981-01-30 - 1995-12-08,29,-121.249,38.5608
385608N1212491W001,1296654,1985-03-07T00:00:00Z,145.44,143.44,0,96.8,48.64,96.8,94.8,NA,Unknown,Water level accuracy is unknown,1,Department of Water Resources,NA,1,Department of Water Resources,148,189,40117,08N07E07K001M,NA,Unknown,Unknown,5-021.65,South American,Sacramento,194,Residential,Unknown,NA,1981-01-30 - 1995-12-08,29,-121.249,38.5608
385608N1212491W001,1296653,1984-10-12T00:00:00Z,145.44,143.44,0,100.1,45.34,100.1,98.1,NA,Unknown,Water level accuracy is unknown,1,Department of Water Resources,NA,1,Department of Water Resources,148,189,40117,08N07E07K001M,NA,Unknown,Unknown,5-021.65,South American,Sacramento,194,Residential,Unknown,NA,1981-01-30 - 1995-12-08,29,-121.249,38.5608
385608N1212491W001,1296652,1984-03-14T00:00:00Z,145.44,143.44,0,93.4,52.04,93.4,91.4,NA,Unknown,Water level accuracy is unknown,1,Department of Water Resources,NA,1,Department of Water Resources,148,189,40117,08N07E07K001M,NA,Unknown,Unknown,5-021.65,South American,Sacramento,194,Residential,Unknown,NA,1981-01-30 - 1995-12-08,29,-121.249,38.5608
385608N1212491W001,1296651,1983-10-07T00:00:00Z,145.44,143.44,0,97.8,47.64,97.8,95.8,NA,Unknown,Water level accuracy is unknown,1,Department of Water Resources,NA,1,Department of Water Resources,148,189,40117,08N07E07K001M,NA,Unknown,Unknown,5-021.65,South American,Sacramento,194,Residential,Unknown,NA,1981-01-30 - 1995-12-08,29,-121.249,38.5608
385608N1212491W001,1296650,1983-03-16T00:00:00Z,145.44,143.44,0,99.5,45.94,99.5,97.5,NA,Unknown,Water level accuracy is unknown,1,Department of Water Resources,NA,1,Department of Water Resources,148,189,40117,08N07E07K001M,NA,Unknown,Unknown,5-021.65,South American,Sacramento,194,Residential,Unknown,NA,1981-01-30 - 1995-12-08,29,-121.249,38.5608
385608N1212491W001,1296649,1982-10-20T00:00:00Z,145.44,143.44,0,104,41.44,104,102,NA,Unknown,Water level accuracy is unknown,1,Department of Water Resources,NA,1,Department of Water Resources,148,189,40117,08N07E07K001M,NA,Unknown,Unknown,5-021.65,South American,Sacramento,194,Residential,Unknown,NA,1981-01-30 - 1995-12-08,29,-121.249,38.5608
385608N1212491W001,1296648,1982-03-08T00:00:00Z,145.44,143.44,0,103.5,41.94,103.5,101.5,NA,Unknown,Water level accuracy is unknown,1,Department of Water Resources,NA,1,Department of Water Resources,148,189,40117,08N07E07K001M,NA,Unknown,Unknown,5-021.65,South American,Sacramento,194,Residential,Unknown,NA,1981-01-30 - 1995-12-08,29,-121.249,38.5608
385608N1212491W001,1296647,1981-10-01T00:00:00Z,145.44,143.44,0,107.9,37.54,107.9,105.9,NA,Unknown,Water level accuracy is unknown,1,Department of Water Resources,NA,1,Department of Water Resources,148,189,40117,08N07E07K001M,NA,Unknown,Unknown,5-021.65,South American,Sacramento,194,Residential,Unknown,NA,1981-01-30 - 1995-12-08,29,-121.249,38.5608
385608N1212491W001,1296646,1981-01-30T00:00:00Z,145.44,143.44,0,102.4,43.04,102.4,100.4,NA,Unknown,Water level accuracy is unknown,1,Department of Water Resources,NA,1,Department of Water Resources,148,189,40117,08N07E07K001M,NA,Unknown,Unknown,5-021.65,South American,Sacramento,194,Residential,Unknown,NA,1981-01-30 - 1995-12-08,29,-121.249,38.5608
