STN_ID.x,SITE_CODE,WLM_ID,MSMT_DATE,WLM_RPE,WLM_GSE,RDNG_WS,RDNG_RP,WSE,RPE_WSE,GSE_WSE,WLM_QA_DESC,WLM_DESC,WLM_ACC_DESC,WLM_ORG_ID,WLM_ORG_NAME,MSMT_CMT,COOP_AGENCY_ORG_ID,COOP_ORG_NAME,STN_ID.y,TOP_PRF,BOT_PRF,STN_ID,SWN,WELL_NAME,WLM_METHOD,WLM_ACC,BASIN_CODE,BASIN_NAME,COUNTY_NAME,WELL_DEPTH,WELL_USE,WELL_TYPE,WCR_NO,t_range,n_samples
8725,385636N1213490W001,1294701,1975-04-10T00:00:00Z,60.23,60.23,0,50.7,9.53,50.7,50.7,NA,Unknown,Water level accuracy is unknown,1,Department of Water Resources,NA,1,Department of Water Resources,NA,NA,NA,8725,08N06E08F001M,NA,Unknown,Unknown,5-021.65,South American,Sacramento,122,Irrigation,Unknown,NA,1942-08-05 - 1975-10-27,76
8725,385636N1213490W001,1294700,1974-10-16T00:00:00Z,60.23,60.23,0,54.8,5.43,54.8,54.8,NA,Unknown,Water level accuracy is unknown,1,Department of Water Resources,NA,1,Department of Water Resources,NA,NA,NA,8725,08N06E08F001M,NA,Unknown,Unknown,5-021.65,South American,Sacramento,122,Irrigation,Unknown,NA,1942-08-05 - 1975-10-27,76
8725,385636N1213490W001,1294699,1974-05-07T00:00:00Z,60.23,60.23,0,49.8,10.43,49.8,49.8,NA,Unknown,Water level accuracy is unknown,1,Department of Water Resources,NA,1,Department of Water Resources,NA,NA,NA,8725,08N06E08F001M,NA,Unknown,Unknown,5-021.65,South American,Sacramento,122,Irrigation,Unknown,NA,1942-08-05 - 1975-10-27,76
8725,385636N1213490W001,1294698,1973-10-08T00:00:00Z,60.23,60.23,0,53.7,6.53,53.7,53.7,NA,Unknown,Water level accuracy is unknown,1,Department of Water Resources,NA,1,Department of Water Resources,NA,NA,NA,8725,08N06E08F001M,NA,Unknown,Unknown,5-021.65,South American,Sacramento,122,Irrigation,Unknown,NA,1942-08-05 - 1975-10-27,76
8725,385636N1213490W001,1294697,1973-03-21T00:00:00Z,60.23,60.23,0,48.9,11.33,48.9,48.9,NA,Unknown,Water level accuracy is unknown,1,Department of Water Resources,NA,1,Department of Water Resources,NA,NA,NA,8725,08N06E08F001M,NA,Unknown,Unknown,5-021.65,South American,Sacramento,122,Irrigation,Unknown,NA,1942-08-05 - 1975-10-27,76
8725,385636N1213490W001,1294696,1972-10-11T00:00:00Z,60.23,60.23,0,53.4,6.83,53.4,53.4,NA,Unknown,Water level accuracy is unknown,1,Department of Water Resources,NA,1,Department of Water Resources,NA,NA,NA,8725,08N06E08F001M,NA,Unknown,Unknown,5-021.65,South American,Sacramento,122,Irrigation,Unknown,NA,1942-08-05 - 1975-10-27,76
8725,385636N1213490W001,1294695,1972-03-10T00:00:00Z,60.23,60.23,0,49.3,10.93,49.3,49.3,NA,Unknown,Water level accuracy is unknown,1,Department of Water Resources,NA,1,Department of Water Resources,NA,NA,NA,8725,08N06E08F001M,NA,Unknown,Unknown,5-021.65,South American,Sacramento,122,Irrigation,Unknown,NA,1942-08-05 - 1975-10-27,76
8725,385636N1213490W001,1294694,1971-10-18T00:00:00Z,60.23,60.23,0,52.5,7.73,52.5,52.5,NA,Unknown,Water level accuracy is unknown,1,Department of Water Resources,NA,1,Department of Water Resources,NA,NA,NA,8725,08N06E08F001M,NA,Unknown,Unknown,5-021.65,South American,Sacramento,122,Irrigation,Unknown,NA,1942-08-05 - 1975-10-27,76
8725,385636N1213490W001,1294693,1971-03-17T00:00:00Z,60.23,60.23,0,47.9,12.33,47.9,47.9,NA,Unknown,Water level accuracy is unknown,1,Department of Water Resources,NA,1,Department of Water Resources,NA,NA,NA,8725,08N06E08F001M,NA,Unknown,Unknown,5-021.65,South American,Sacramento,122,Irrigation,Unknown,NA,1942-08-05 - 1975-10-27,76
8725,385636N1213490W001,1294692,1970-10-15T00:00:00Z,60.23,60.23,0,53,7.23,53,53,NA,Unknown,Water level accuracy is unknown,1,Department of Water Resources,NA,1,Department of Water Resources,NA,NA,NA,8725,08N06E08F001M,NA,Unknown,Unknown,5-021.65,South American,Sacramento,122,Irrigation,Unknown,NA,1942-08-05 - 1975-10-27,76
8725,385636N1213490W001,1294691,1970-03-23T00:00:00Z,60.23,60.23,0,46.3,13.93,46.3,46.3,NA,Unknown,Water level accuracy is unknown,1,Department of Water Resources,NA,1,Department of Water Resources,NA,NA,NA,8725,08N06E08F001M,NA,Unknown,Unknown,5-021.65,South American,Sacramento,122,Irrigation,Unknown,NA,1942-08-05 - 1975-10-27,76
8725,385636N1213490W001,1294690,1969-10-22T00:00:00Z,60.23,60.23,0,49.2,11.03,49.2,49.2,NA,Unknown,Water level accuracy is unknown,1,Department of Water Resources,NA,1,Department of Water Resources,NA,NA,NA,8725,08N06E08F001M,NA,Unknown,Unknown,5-021.65,South American,Sacramento,122,Irrigation,Unknown,NA,1942-08-05 - 1975-10-27,76
8725,385636N1213490W001,1294689,1969-04-03T00:00:00Z,60.23,60.23,0,45.2,15.03,45.2,45.2,NA,Unknown,Water level accuracy is unknown,1,Department of Water Resources,NA,1,Department of Water Resources,NA,NA,NA,8725,08N06E08F001M,NA,Unknown,Unknown,5-021.65,South American,Sacramento,122,Irrigation,Unknown,NA,1942-08-05 - 1975-10-27,76
8725,385636N1213490W001,1294688,1968-10-14T00:00:00Z,60.23,60.23,0,50.9,9.33,50.9,50.9,NA,Unknown,Water level accuracy is unknown,1,Department of Water Resources,NA,1,Department of Water Resources,NA,NA,NA,8725,08N06E08F001M,NA,Unknown,Unknown,5-021.65,South American,Sacramento,122,Irrigation,Unknown,NA,1942-08-05 - 1975-10-27,76
8725,385636N1213490W001,1294687,1968-03-13T00:00:00Z,60.23,60.23,0,46.1,14.13,46.1,46.1,NA,Unknown,Water level accuracy is unknown,1,Department of Water Resources,NA,1,Department of Water Resources,NA,NA,NA,8725,08N06E08F001M,NA,Unknown,Unknown,5-021.65,South American,Sacramento,122,Irrigation,Unknown,NA,1942-08-05 - 1975-10-27,76
8725,385636N1213490W001,1294686,1967-10-09T00:00:00Z,60.23,60.23,0,49.5,10.73,49.5,49.5,NA,Unknown,Water level accuracy is unknown,1,Department of Water Resources,NA,1,Department of Water Resources,NA,NA,NA,8725,08N06E08F001M,NA,Unknown,Unknown,5-021.65,South American,Sacramento,122,Irrigation,Unknown,NA,1942-08-05 - 1975-10-27,76
8725,385636N1213490W001,1294685,1967-03-09T00:00:00Z,60.23,60.23,0,46.2,14.03,46.2,46.2,NA,Unknown,Water level accuracy is unknown,1,Department of Water Resources,NA,1,Department of Water Resources,NA,NA,NA,8725,08N06E08F001M,NA,Unknown,Unknown,5-021.65,South American,Sacramento,122,Irrigation,Unknown,NA,1942-08-05 - 1975-10-27,76
8725,385636N1213490W001,1294684,1966-10-06T00:00:00Z,60.23,60.23,0,51.9,8.33,51.9,51.9,NA,Unknown,Water level accuracy is unknown,1,Department of Water Resources,NA,1,Department of Water Resources,NA,NA,NA,8725,08N06E08F001M,NA,Unknown,Unknown,5-021.65,South American,Sacramento,122,Irrigation,Unknown,NA,1942-08-05 - 1975-10-27,76
8725,385636N1213490W001,1294683,1966-03-18T00:00:00Z,60.23,60.23,0,45.7,14.53,45.7,45.7,NA,Unknown,Water level accuracy is unknown,1,Department of Water Resources,NA,1,Department of Water Resources,NA,NA,NA,8725,08N06E08F001M,NA,Unknown,Unknown,5-021.65,South American,Sacramento,122,Irrigation,Unknown,NA,1942-08-05 - 1975-10-27,76
8725,385636N1213490W001,1294681,1965-10-07T00:00:00Z,60.23,60.23,0,49.3,10.93,49.3,49.3,NA,Unknown,Water level accuracy is unknown,1,Department of Water Resources,NA,323,Sacramento County,NA,NA,NA,8725,08N06E08F001M,NA,Unknown,Unknown,5-021.65,South American,Sacramento,122,Irrigation,Unknown,NA,1942-08-05 - 1975-10-27,76
8725,385636N1213490W001,1294680,1965-03-12T00:00:00Z,60.23,60.23,0,43.8,16.43,43.8,43.8,NA,Unknown,Water level accuracy is unknown,1,Department of Water Resources,NA,323,Sacramento County,NA,NA,NA,8725,08N06E08F001M,NA,Unknown,Unknown,5-021.65,South American,Sacramento,122,Irrigation,Unknown,NA,1942-08-05 - 1975-10-27,76
8725,385636N1213490W001,1294678,1964-04-06T00:00:00Z,60.23,60.23,0,50.3,9.93,50.3,50.3,NA,Unknown,Water level accuracy is unknown,1,Department of Water Resources,NA,323,Sacramento County,NA,NA,NA,8725,08N06E08F001M,NA,Unknown,Unknown,5-021.65,South American,Sacramento,122,Irrigation,Unknown,NA,1942-08-05 - 1975-10-27,76
8725,385636N1213490W001,1294677,1963-10-17T00:00:00Z,60.23,60.23,0,45.8,14.43,45.8,45.8,NA,Unknown,Water level accuracy is unknown,1,Department of Water Resources,NA,323,Sacramento County,NA,NA,NA,8725,08N06E08F001M,NA,Unknown,Unknown,5-021.65,South American,Sacramento,122,Irrigation,Unknown,NA,1942-08-05 - 1975-10-27,76
8725,385636N1213490W001,1294676,1963-03-21T00:00:00Z,60.23,60.23,0,42.9,17.33,42.9,42.9,NA,Unknown,Water level accuracy is unknown,1,Department of Water Resources,NA,1,Department of Water Resources,NA,NA,NA,8725,08N06E08F001M,NA,Unknown,Unknown,5-021.65,South American,Sacramento,122,Irrigation,Unknown,NA,1942-08-05 - 1975-10-27,76
8725,385636N1213490W001,1294675,1962-10-11T00:00:00Z,60.23,60.23,0,47.8,12.43,47.8,47.8,NA,Unknown,Water level accuracy is unknown,1,Department of Water Resources,NA,1,Department of Water Resources,NA,NA,NA,8725,08N06E08F001M,NA,Unknown,Unknown,5-021.65,South American,Sacramento,122,Irrigation,Unknown,NA,1942-08-05 - 1975-10-27,76
8725,385636N1213490W001,1294674,1962-03-09T00:00:00Z,60.23,60.23,0,43,17.23,43,43,NA,Unknown,Water level accuracy is unknown,1,Department of Water Resources,GOOD CUT,1,Department of Water Resources,NA,NA,NA,8725,08N06E08F001M,NA,Unknown,Unknown,5-021.65,South American,Sacramento,122,Irrigation,Unknown,NA,1942-08-05 - 1975-10-27,76
8725,385636N1213490W001,1294671,1960-02-16T00:00:00Z,60.23,60.23,0,41.2,19.03,41.2,41.2,Casing leaking or wet,Unknown,Water level accuracy is unknown,1,Department of Water Resources,WET CASING,1,Department of Water Resources,NA,NA,NA,8725,08N06E08F001M,NA,Unknown,Unknown,5-021.65,South American,Sacramento,122,Irrigation,Unknown,NA,1942-08-05 - 1975-10-27,76
8725,385636N1213490W001,1294670,1959-11-10T00:00:00Z,60.23,60.23,0,69.8,-9.57,69.8,69.8,NA,Unknown,Water level accuracy is unknown,1,Department of Water Resources,NA,624,Bureau of Reclamation,NA,NA,NA,8725,08N06E08F001M,NA,Unknown,Unknown,5-021.65,South American,Sacramento,122,Irrigation,Unknown,NA,1942-08-05 - 1975-10-27,76
8725,385636N1213490W001,1294669,1959-04-06T00:00:00Z,60.23,60.23,0,38.5,21.73,38.5,38.5,NA,Unknown,Water level accuracy is unknown,1,Department of Water Resources,NA,624,Bureau of Reclamation,NA,NA,NA,8725,08N06E08F001M,NA,Unknown,Unknown,5-021.65,South American,Sacramento,122,Irrigation,Unknown,NA,1942-08-05 - 1975-10-27,76
8725,385636N1213490W001,1294668,1958-04-30T00:00:00Z,60.23,60.23,0,36.2,24.03,36.2,36.2,NA,Unknown,Water level accuracy is unknown,1,Department of Water Resources,NA,624,Bureau of Reclamation,NA,NA,NA,8725,08N06E08F001M,NA,Unknown,Unknown,5-021.65,South American,Sacramento,122,Irrigation,Unknown,NA,1942-08-05 - 1975-10-27,76
8725,385636N1213490W001,1294667,1957-10-23T00:00:00Z,60.23,60.23,0,41.9,18.33,41.9,41.9,NA,Unknown,Water level accuracy is unknown,1,Department of Water Resources,NA,624,Bureau of Reclamation,NA,NA,NA,8725,08N06E08F001M,NA,Unknown,Unknown,5-021.65,South American,Sacramento,122,Irrigation,Unknown,NA,1942-08-05 - 1975-10-27,76
8725,385636N1213490W001,1294666,1957-04-02T00:00:00Z,60.23,60.23,0,36.4,23.83,36.4,36.4,NA,Unknown,Water level accuracy is unknown,1,Department of Water Resources,NA,624,Bureau of Reclamation,NA,NA,NA,8725,08N06E08F001M,NA,Unknown,Unknown,5-021.65,South American,Sacramento,122,Irrigation,Unknown,NA,1942-08-05 - 1975-10-27,76
8725,385636N1213490W001,1294665,1956-10-22T00:00:00Z,60.23,60.23,0,39.9,20.33,39.9,39.9,NA,Unknown,Water level accuracy is unknown,1,Department of Water Resources,NA,624,Bureau of Reclamation,NA,NA,NA,8725,08N06E08F001M,NA,Unknown,Unknown,5-021.65,South American,Sacramento,122,Irrigation,Unknown,NA,1942-08-05 - 1975-10-27,76
8725,385636N1213490W001,1294664,1956-03-29T00:00:00Z,60.23,60.23,0,33.9,26.33,33.9,33.9,NA,Unknown,Water level accuracy is unknown,1,Department of Water Resources,NA,624,Bureau of Reclamation,NA,NA,NA,8725,08N06E08F001M,NA,Unknown,Unknown,5-021.65,South American,Sacramento,122,Irrigation,Unknown,NA,1942-08-05 - 1975-10-27,76
8725,385636N1213490W001,1294663,1955-10-31T00:00:00Z,60.23,60.23,0,40.5,19.73,40.5,40.5,NA,Unknown,Water level accuracy is unknown,1,Department of Water Resources,NA,624,Bureau of Reclamation,NA,NA,NA,8725,08N06E08F001M,NA,Unknown,Unknown,5-021.65,South American,Sacramento,122,Irrigation,Unknown,NA,1942-08-05 - 1975-10-27,76
8725,385636N1213490W001,1294662,1955-03-29T00:00:00Z,60.23,60.23,0,35.6,24.63,35.6,35.6,NA,Unknown,Water level accuracy is unknown,1,Department of Water Resources,NA,624,Bureau of Reclamation,NA,NA,NA,8725,08N06E08F001M,NA,Unknown,Unknown,5-021.65,South American,Sacramento,122,Irrigation,Unknown,NA,1942-08-05 - 1975-10-27,76
8725,385636N1213490W001,1294661,1954-10-27T00:00:00Z,60.23,60.23,0,38.5,21.73,38.5,38.5,NA,Unknown,Water level accuracy is unknown,1,Department of Water Resources,NA,624,Bureau of Reclamation,NA,NA,NA,8725,08N06E08F001M,NA,Unknown,Unknown,5-021.65,South American,Sacramento,122,Irrigation,Unknown,NA,1942-08-05 - 1975-10-27,76
8725,385636N1213490W001,1294660,1954-04-08T00:00:00Z,60.23,60.23,0,33,27.23,33,33,NA,Unknown,Water level accuracy is unknown,1,Department of Water Resources,NA,624,Bureau of Reclamation,NA,NA,NA,8725,08N06E08F001M,NA,Unknown,Unknown,5-021.65,South American,Sacramento,122,Irrigation,Unknown,NA,1942-08-05 - 1975-10-27,76
8725,385636N1213490W001,1294659,1953-11-03T00:00:00Z,60.23,60.23,0,37.7,22.53,37.7,37.7,NA,Unknown,Water level accuracy is unknown,1,Department of Water Resources,NA,624,Bureau of Reclamation,NA,NA,NA,8725,08N06E08F001M,NA,Unknown,Unknown,5-021.65,South American,Sacramento,122,Irrigation,Unknown,NA,1942-08-05 - 1975-10-27,76
8725,385636N1213490W001,1294658,1953-03-18T00:00:00Z,60.23,60.23,0,31.6,28.63,31.6,31.6,NA,Unknown,Water level accuracy is unknown,1,Department of Water Resources,METER #037793,624,Bureau of Reclamation,NA,NA,NA,8725,08N06E08F001M,NA,Unknown,Unknown,5-021.65,South American,Sacramento,122,Irrigation,Unknown,NA,1942-08-05 - 1975-10-27,76
8725,385636N1213490W001,1294657,1952-10-27T00:00:00Z,60.23,60.23,0,34.5,25.73,34.5,34.5,NA,Unknown,Water level accuracy is unknown,1,Department of Water Resources,NA,624,Bureau of Reclamation,NA,NA,NA,8725,08N06E08F001M,NA,Unknown,Unknown,5-021.65,South American,Sacramento,122,Irrigation,Unknown,NA,1942-08-05 - 1975-10-27,76
8725,385636N1213490W001,1294656,1952-04-15T00:00:00Z,60.23,60.23,0,28.1,32.13,28.1,28.1,NA,Unknown,Water level accuracy is unknown,1,Department of Water Resources,NA,624,Bureau of Reclamation,NA,NA,NA,8725,08N06E08F001M,NA,Unknown,Unknown,5-021.65,South American,Sacramento,122,Irrigation,Unknown,NA,1942-08-05 - 1975-10-27,76
8725,385636N1213490W001,1294655,1951-10-25T00:00:00Z,60.23,60.23,0,35.8,24.43,35.8,35.8,NA,Unknown,Water level accuracy is unknown,1,Department of Water Resources,OIL ON TAPE,624,Bureau of Reclamation,NA,NA,NA,8725,08N06E08F001M,NA,Unknown,Unknown,5-021.65,South American,Sacramento,122,Irrigation,Unknown,NA,1942-08-05 - 1975-10-27,76
8725,385636N1213490W001,1294654,1951-04-11T00:00:00Z,60.23,60.23,0,30.6,29.63,30.6,30.6,NA,Unknown,Water level accuracy is unknown,1,Department of Water Resources,NA,624,Bureau of Reclamation,NA,NA,NA,8725,08N06E08F001M,NA,Unknown,Unknown,5-021.65,South American,Sacramento,122,Irrigation,Unknown,NA,1942-08-05 - 1975-10-27,76
8725,385636N1213490W001,1294653,1951-01-30T00:00:00Z,60.23,60.23,0,29.8,30.43,29.8,29.8,NA,Unknown,Water level accuracy is unknown,1,Department of Water Resources,NA,624,Bureau of Reclamation,NA,NA,NA,8725,08N06E08F001M,NA,Unknown,Unknown,5-021.65,South American,Sacramento,122,Irrigation,Unknown,NA,1942-08-05 - 1975-10-27,76
8725,385636N1213490W001,1294652,1950-10-17T00:00:00Z,60.23,60.23,0,36.2,24.03,36.2,36.2,NA,Unknown,Water level accuracy is unknown,1,Department of Water Resources,NA,624,Bureau of Reclamation,NA,NA,NA,8725,08N06E08F001M,NA,Unknown,Unknown,5-021.65,South American,Sacramento,122,Irrigation,Unknown,NA,1942-08-05 - 1975-10-27,76
8725,385636N1213490W001,1294651,1950-08-18T00:00:00Z,60.23,60.23,0,40.9,19.33,40.9,40.9,NA,Unknown,Water level accuracy is unknown,1,Department of Water Resources,NA,624,Bureau of Reclamation,NA,NA,NA,8725,08N06E08F001M,NA,Unknown,Unknown,5-021.65,South American,Sacramento,122,Irrigation,Unknown,NA,1942-08-05 - 1975-10-27,76
8725,385636N1213490W001,1294650,1950-04-14T00:00:00Z,60.23,60.23,0,31.2,29.03,31.2,31.2,NA,Unknown,Water level accuracy is unknown,1,Department of Water Resources,NA,624,Bureau of Reclamation,NA,NA,NA,8725,08N06E08F001M,NA,Unknown,Unknown,5-021.65,South American,Sacramento,122,Irrigation,Unknown,NA,1942-08-05 - 1975-10-27,76
8725,385636N1213490W001,1294649,1950-01-11T00:00:00Z,60.23,60.23,0,32.9,27.33,32.9,32.9,NA,Unknown,Water level accuracy is unknown,1,Department of Water Resources,NA,624,Bureau of Reclamation,NA,NA,NA,8725,08N06E08F001M,NA,Unknown,Unknown,5-021.65,South American,Sacramento,122,Irrigation,Unknown,NA,1942-08-05 - 1975-10-27,76
8725,385636N1213490W001,1294648,1949-10-06T00:00:00Z,60.23,60.23,0,36.2,24.03,36.2,36.2,NA,Unknown,Water level accuracy is unknown,1,Department of Water Resources,NA,624,Bureau of Reclamation,NA,NA,NA,8725,08N06E08F001M,NA,Unknown,Unknown,5-021.65,South American,Sacramento,122,Irrigation,Unknown,NA,1942-08-05 - 1975-10-27,76
8725,385636N1213490W001,1294647,1949-07-07T00:00:00Z,60.23,60.23,0,37.9,22.33,37.9,37.9,NA,Unknown,Water level accuracy is unknown,1,Department of Water Resources,NA,624,Bureau of Reclamation,NA,NA,NA,8725,08N06E08F001M,NA,Unknown,Unknown,5-021.65,South American,Sacramento,122,Irrigation,Unknown,NA,1942-08-05 - 1975-10-27,76
8725,385636N1213490W001,1294646,1949-04-12T00:00:00Z,60.23,60.23,0,32.1,28.13,32.1,32.1,NA,Unknown,Water level accuracy is unknown,1,Department of Water Resources,NA,624,Bureau of Reclamation,NA,NA,NA,8725,08N06E08F001M,NA,Unknown,Unknown,5-021.65,South American,Sacramento,122,Irrigation,Unknown,NA,1942-08-05 - 1975-10-27,76
8725,385636N1213490W001,1294645,1949-01-03T00:00:00Z,60.23,60.23,0,31.7,28.53,31.7,31.7,NA,Unknown,Water level accuracy is unknown,1,Department of Water Resources,NA,624,Bureau of Reclamation,NA,NA,NA,8725,08N06E08F001M,NA,Unknown,Unknown,5-021.65,South American,Sacramento,122,Irrigation,Unknown,NA,1942-08-05 - 1975-10-27,76
8725,385636N1213490W001,1294644,1947-10-05T00:00:00Z,60.23,60.23,0,34.3,25.93,34.3,34.3,NA,Unknown,Water level accuracy is unknown,1,Department of Water Resources,NA,624,Bureau of Reclamation,NA,NA,NA,8725,08N06E08F001M,NA,Unknown,Unknown,5-021.65,South American,Sacramento,122,Irrigation,Unknown,NA,1942-08-05 - 1975-10-27,76
8725,385636N1213490W001,1294640,1947-10-02T00:00:00Z,60.23,60.23,0,33.5,26.73,33.5,33.5,NA,Unknown,Water level accuracy is unknown,1,Department of Water Resources,NA,624,Bureau of Reclamation,NA,NA,NA,8725,08N06E08F001M,NA,Unknown,Unknown,5-021.65,South American,Sacramento,122,Irrigation,Unknown,NA,1942-08-05 - 1975-10-27,76
8725,385636N1213490W001,1294639,1947-07-11T00:00:00Z,60.23,60.23,0,25.2,35.03,25.2,25.2,NA,Unknown,Water level accuracy is unknown,1,Department of Water Resources,NA,624,Bureau of Reclamation,NA,NA,NA,8725,08N06E08F001M,NA,Unknown,Unknown,5-021.65,South American,Sacramento,122,Irrigation,Unknown,NA,1942-08-05 - 1975-10-27,76
8725,385636N1213490W001,1294643,1947-07-06T00:00:00Z,60.23,60.23,0,35.4,24.83,35.4,35.4,NA,Unknown,Water level accuracy is unknown,1,Department of Water Resources,NA,624,Bureau of Reclamation,NA,NA,NA,8725,08N06E08F001M,NA,Unknown,Unknown,5-021.65,South American,Sacramento,122,Irrigation,Unknown,NA,1942-08-05 - 1975-10-27,76
8725,385636N1213490W001,1294638,1947-04-04T00:00:00Z,60.23,60.23,0,28.5,31.73,28.5,28.5,NA,Unknown,Water level accuracy is unknown,1,Department of Water Resources,NA,624,Bureau of Reclamation,NA,NA,NA,8725,08N06E08F001M,NA,Unknown,Unknown,5-021.65,South American,Sacramento,122,Irrigation,Unknown,NA,1942-08-05 - 1975-10-27,76
8725,385636N1213490W001,1294642,1947-04-01T00:00:00Z,60.23,60.23,0,30,30.23,30,30,NA,Unknown,Water level accuracy is unknown,1,Department of Water Resources,NA,624,Bureau of Reclamation,NA,NA,NA,8725,08N06E08F001M,NA,Unknown,Unknown,5-021.65,South American,Sacramento,122,Irrigation,Unknown,NA,1942-08-05 - 1975-10-27,76
8725,385636N1213490W001,1294637,1947-01-08T00:00:00Z,60.23,60.23,0,29.4,30.83,29.4,29.4,NA,Unknown,Water level accuracy is unknown,1,Department of Water Resources,NA,624,Bureau of Reclamation,NA,NA,NA,8725,08N06E08F001M,NA,Unknown,Unknown,5-021.65,South American,Sacramento,122,Irrigation,Unknown,NA,1942-08-05 - 1975-10-27,76
8725,385636N1213490W001,1294641,1947-01-06T00:00:00Z,60.23,60.23,0,31,29.23,31,31,NA,Unknown,Water level accuracy is unknown,1,Department of Water Resources,NA,624,Bureau of Reclamation,NA,NA,NA,8725,08N06E08F001M,NA,Unknown,Unknown,5-021.65,South American,Sacramento,122,Irrigation,Unknown,NA,1942-08-05 - 1975-10-27,76
8725,385636N1213490W001,1294636,1946-10-03T00:00:00Z,60.23,60.23,0,31.5,28.73,31.5,31.5,NA,Unknown,Water level accuracy is unknown,1,Department of Water Resources,NA,624,Bureau of Reclamation,NA,NA,NA,8725,08N06E08F001M,NA,Unknown,Unknown,5-021.65,South American,Sacramento,122,Irrigation,Unknown,NA,1942-08-05 - 1975-10-27,76
8725,385636N1213490W001,1294635,1946-07-18T00:00:00Z,60.23,60.23,0,28,32.23,28,28,NA,Unknown,Water level accuracy is unknown,1,Department of Water Resources,NA,624,Bureau of Reclamation,NA,NA,NA,8725,08N06E08F001M,NA,Unknown,Unknown,5-021.65,South American,Sacramento,122,Irrigation,Unknown,NA,1942-08-05 - 1975-10-27,76
8725,385636N1213490W001,1294634,1946-04-11T00:00:00Z,60.23,60.23,0,26.7,33.53,26.7,26.7,NA,Unknown,Water level accuracy is unknown,1,Department of Water Resources,NA,624,Bureau of Reclamation,NA,NA,NA,8725,08N06E08F001M,NA,Unknown,Unknown,5-021.65,South American,Sacramento,122,Irrigation,Unknown,NA,1942-08-05 - 1975-10-27,76
8725,385636N1213490W001,1294633,1946-03-08T00:00:00Z,60.23,60.23,0,26.9,33.33,26.9,26.9,NA,Unknown,Water level accuracy is unknown,1,Department of Water Resources,NA,624,Bureau of Reclamation,NA,NA,NA,8725,08N06E08F001M,NA,Unknown,Unknown,5-021.65,South American,Sacramento,122,Irrigation,Unknown,NA,1942-08-05 - 1975-10-27,76
8725,385636N1213490W001,1294632,1946-02-12T00:00:00Z,60.23,60.23,0,27,33.23,27,27,NA,Unknown,Water level accuracy is unknown,1,Department of Water Resources,NA,624,Bureau of Reclamation,NA,NA,NA,8725,08N06E08F001M,NA,Unknown,Unknown,5-021.65,South American,Sacramento,122,Irrigation,Unknown,NA,1942-08-05 - 1975-10-27,76
8725,385636N1213490W001,1294631,1943-07-29T00:00:00Z,60.23,60.23,0,39.2,21.03,39.2,39.2,NA,Unknown,Water level accuracy is unknown,1,Department of Water Resources,NA,624,Bureau of Reclamation,NA,NA,NA,8725,08N06E08F001M,NA,Unknown,Unknown,5-021.65,South American,Sacramento,122,Irrigation,Unknown,NA,1942-08-05 - 1975-10-27,76
8725,385636N1213490W001,1294630,1943-04-14T00:00:00Z,60.23,60.23,0,21.8,38.43,21.8,21.8,NA,Unknown,Water level accuracy is unknown,1,Department of Water Resources,NA,624,Bureau of Reclamation,NA,NA,NA,8725,08N06E08F001M,NA,Unknown,Unknown,5-021.65,South American,Sacramento,122,Irrigation,Unknown,NA,1942-08-05 - 1975-10-27,76
8725,385636N1213490W001,1294629,1942-12-17T00:00:00Z,60.23,60.23,0,25.6,34.63,25.6,25.6,NA,Unknown,Water level accuracy is unknown,1,Department of Water Resources,RP ON BASE OF PUMP,624,Bureau of Reclamation,NA,NA,NA,8725,08N06E08F001M,NA,Unknown,Unknown,5-021.65,South American,Sacramento,122,Irrigation,Unknown,NA,1942-08-05 - 1975-10-27,76
8725,385636N1213490W001,1294628,1942-09-09T00:00:00Z,60.23,60.23,0,23.6,36.63,23.6,23.6,NA,Unknown,Water level accuracy is unknown,1,Department of Water Resources,NA,624,Bureau of Reclamation,NA,NA,NA,8725,08N06E08F001M,NA,Unknown,Unknown,5-021.65,South American,Sacramento,122,Irrigation,Unknown,NA,1942-08-05 - 1975-10-27,76
8725,385636N1213490W001,1294627,1942-08-05T00:00:00Z,60.23,60.23,0,27.8,32.43,27.8,27.8,NA,Unknown,Water level accuracy is unknown,1,Department of Water Resources,RP ON STEEL FLOOR PLATE OF,624,Bureau of Reclamation,NA,NA,NA,8725,08N06E08F001M,NA,Unknown,Unknown,5-021.65,South American,Sacramento,122,Irrigation,Unknown,NA,1942-08-05 - 1975-10-27,76
