SITE_CODE,WLM_ID,MSMT_DATE,WLM_RPE,WLM_GSE,RDNG_WS,RDNG_RP,WSE,RPE_WSE,GSE_WSE,WLM_QA_DESC,WLM_DESC,WLM_ACC_DESC,WLM_ORG_ID,WLM_ORG_NAME,MSMT_CMT,COOP_AGENCY_ORG_ID,COOP_ORG_NAME,TOP_PRF,BOT_PRF,STN_ID,SWN,WELL_NAME,WLM_METHOD,WLM_ACC,BASIN_CODE,BASIN_NAME,COUNTY_NAME,WELL_DEPTH,WELL_USE,WELL_TYPE,WCR_NO,t_range,n_samples,season,fall_high,fall_low,spring_high,spring_low,water_year,Oct.Mar,Apr.Jul,WYsum,Index,water_year_type,region,water_year_start,water_year_end,X,Y
385784N1214655W001,2283329,2018-02-16T00:00:00Z,26.33,24.73,0,21.2,5.13,21.2,19.6,NA,Electric sounder measurement,Water level accuracy to nearest tenth of a foot,1,Department of Water Resources,NA,1,Department of Water Resources,200,229,31359,08N05E06H001M,NA,Unknown,Unknown,5-021.65,South American,Sacramento,240,Irrigation,Unknown,2615,1968-03-13 - 2018-05-14,110,other,NA,NA,NA,NA,2018,7.09,5.05,12.86,7.14,Below Normal,SAC,2017-10-01T00:00:00Z,2018-10-01T00:00:00Z,-121.466,38.5784
385784N1214655W001,2280971,2018-01-24T00:00:00Z,26.33,24.73,0,21.1,5.23,21.1,19.5,NA,Electric sounder measurement,Water level accuracy to nearest tenth of a foot,1,Department of Water Resources,NA,1,Department of Water Resources,200,229,31359,08N05E06H001M,NA,Unknown,Unknown,5-021.65,South American,Sacramento,240,Irrigation,Unknown,2615,1968-03-13 - 2018-05-14,110,other,NA,NA,NA,NA,2018,7.09,5.05,12.86,7.14,Below Normal,SAC,2017-10-01T00:00:00Z,2018-10-01T00:00:00Z,-121.466,38.5784
385784N1214655W001,2277409,2017-12-05T00:00:00Z,26.33,24.73,0,21.9,4.43,21.9,20.3,NA,Electric sounder measurement,Water level accuracy to nearest tenth of a foot,1,Department of Water Resources,NA,1,Department of Water Resources,200,229,31359,08N05E06H001M,NA,Unknown,Unknown,5-021.65,South American,Sacramento,240,Irrigation,Unknown,2615,1968-03-13 - 2018-05-14,110,other,NA,NA,NA,NA,2018,7.09,5.05,12.86,7.14,Below Normal,SAC,2017-10-01T00:00:00Z,2018-10-01T00:00:00Z,-121.466,38.5784
385784N1214655W001,2274548,2017-11-15T00:00:00Z,26.33,24.73,0,21.7,4.63,21.7,20.1,NA,Electric sounder measurement,Water level accuracy to nearest tenth of a foot,1,Department of Water Resources,NA,1,Department of Water Resources,200,229,31359,08N05E06H001M,NA,Unknown,Unknown,5-021.65,South American,Sacramento,240,Irrigation,Unknown,2615,1968-03-13 - 2018-05-14,110,fall,16.6,35,NA,NA,2018,7.09,5.05,12.86,7.14,Below Normal,SAC,2017-10-01T00:00:00Z,2018-10-01T00:00:00Z,-121.466,38.5784
385784N1214655W001,2268286,2017-10-25T00:00:00Z,26.33,24.73,0,18.6,7.73,18.6,17,NA,Electric sounder measurement,Water level accuracy to nearest tenth of a foot,1,Department of Water Resources,NA,1,Department of Water Resources,200,229,31359,08N05E06H001M,NA,Unknown,Unknown,5-021.65,South American,Sacramento,240,Irrigation,Unknown,2615,1968-03-13 - 2018-05-14,110,fall,16.6,35,NA,NA,2018,7.09,5.05,12.86,7.14,Below Normal,SAC,2017-10-01T00:00:00Z,2018-10-01T00:00:00Z,-121.466,38.5784
385784N1214655W001,2263256,2017-09-26T00:00:00Z,26.33,24.73,0,18.3,8.03,18.3,16.7,NA,Electric sounder measurement,Water level accuracy to nearest tenth of a foot,1,Department of Water Resources,NA,1,Department of Water Resources,200,229,31359,08N05E06H001M,NA,Unknown,Unknown,5-021.65,South American,Sacramento,240,Irrigation,Unknown,2615,1968-03-13 - 2018-05-14,110,fall,16.6,35,NA,NA,2017,26.17,10.69,37.82,14.14,Wet,SAC,2016-10-01T00:00:00Z,2017-10-01T00:00:00Z,-121.466,38.5784
385784N1214655W001,2263255,2017-08-30T00:00:00Z,26.33,24.73,0,18.2,8.13,18.2,16.6,NA,Electric sounder measurement,Water level accuracy to nearest tenth of a foot,1,Department of Water Resources,NA,1,Department of Water Resources,200,229,31359,08N05E06H001M,NA,Unknown,Unknown,5-021.65,South American,Sacramento,240,Irrigation,Unknown,2615,1968-03-13 - 2018-05-14,110,fall,16.6,35,NA,NA,2017,26.17,10.69,37.82,14.14,Wet,SAC,2016-10-01T00:00:00Z,2017-10-01T00:00:00Z,-121.466,38.5784
385784N1214655W001,2263254,2017-06-27T00:00:00Z,26.33,24.73,0,18,8.33,18,16.4,NA,Electric sounder measurement,Water level accuracy to nearest tenth of a foot,1,Department of Water Resources,NA,1,Department of Water Resources,200,229,31359,08N05E06H001M,NA,Unknown,Unknown,5-021.65,South American,Sacramento,240,Irrigation,Unknown,2615,1968-03-13 - 2018-05-14,110,other,NA,NA,NA,NA,2017,26.17,10.69,37.82,14.14,Wet,SAC,2016-10-01T00:00:00Z,2017-10-01T00:00:00Z,-121.466,38.5784
385784N1214655W001,2263253,2017-05-08T00:00:00Z,26.33,24.73,0,15.7,10.63,15.7,14.1,NA,Electric sounder measurement,Water level accuracy to nearest tenth of a foot,1,Department of Water Resources,NA,1,Department of Water Resources,200,229,31359,08N05E06H001M,NA,Unknown,Unknown,5-021.65,South American,Sacramento,240,Irrigation,Unknown,2615,1968-03-13 - 2018-05-14,110,spring,NA,NA,11.1,25.1,2017,26.17,10.69,37.82,14.14,Wet,SAC,2016-10-01T00:00:00Z,2017-10-01T00:00:00Z,-121.466,38.5784
385784N1214655W001,2263252,2017-04-12T00:00:00Z,26.33,24.73,0,16.2,10.13,16.2,14.6,NA,Electric sounder measurement,Water level accuracy to nearest tenth of a foot,1,Department of Water Resources,NA,1,Department of Water Resources,200,229,31359,08N05E06H001M,NA,Unknown,Unknown,5-021.65,South American,Sacramento,240,Irrigation,Unknown,2615,1968-03-13 - 2018-05-14,110,spring,NA,NA,11.1,25.1,2017,26.17,10.69,37.82,14.14,Wet,SAC,2016-10-01T00:00:00Z,2017-10-01T00:00:00Z,-121.466,38.5784
385784N1214655W001,2237487,2017-03-06T00:00:00Z,26.33,24.73,0,16.4,9.93,16.4,14.8,NA,Electric sounder measurement,Water level accuracy to nearest tenth of a foot,1,Department of Water Resources,NA,1,Department of Water Resources,200,229,31359,08N05E06H001M,NA,Unknown,Unknown,5-021.65,South American,Sacramento,240,Irrigation,Unknown,2615,1968-03-13 - 2018-05-14,110,spring,NA,NA,11.1,25.1,2017,26.17,10.69,37.82,14.14,Wet,SAC,2016-10-01T00:00:00Z,2017-10-01T00:00:00Z,-121.466,38.5784
385784N1214655W001,2230614,2017-01-13T00:00:00Z,26.33,24.73,0,22.6,3.73,22.6,21,NA,Electric sounder measurement,Water level accuracy to nearest tenth of a foot,1,Department of Water Resources,NA,1,Department of Water Resources,200,229,31359,08N05E06H001M,NA,Unknown,Unknown,5-021.65,South American,Sacramento,240,Irrigation,Unknown,2615,1968-03-13 - 2018-05-14,110,other,NA,NA,NA,NA,2017,26.17,10.69,37.82,14.14,Wet,SAC,2016-10-01T00:00:00Z,2017-10-01T00:00:00Z,-121.466,38.5784
385784N1214655W001,2223648,2016-12-19T00:00:00Z,26.33,24.73,0,23.9,2.43,23.9,22.3,NA,Electric sounder measurement,Water level accuracy to nearest tenth of a foot,1,Department of Water Resources,NA,1,Department of Water Resources,200,229,31359,08N05E06H001M,NA,Unknown,Unknown,5-021.65,South American,Sacramento,240,Irrigation,Unknown,2615,1968-03-13 - 2018-05-14,110,other,NA,NA,NA,NA,2017,26.17,10.69,37.82,14.14,Wet,SAC,2016-10-01T00:00:00Z,2017-10-01T00:00:00Z,-121.466,38.5784
385784N1214655W001,2185785,2016-03-24T00:00:00Z,26.33,24.73,0,24.3,2.03,24.3,22.7,NA,Electric sounder measurement,Water level accuracy to nearest tenth of a foot,1,Department of Water Resources,NA,1,Department of Water Resources,200,229,31359,08N05E06H001M,NA,Unknown,Unknown,5-021.65,South American,Sacramento,240,Irrigation,Unknown,2615,1968-03-13 - 2018-05-14,110,spring,NA,NA,11.1,25.1,2016,12.24,4.6,17.48,6.71,Below Normal,SAC,2015-10-01T00:00:00Z,2016-10-01T00:00:00Z,-121.466,38.5784
385784N1214655W001,2180994,2016-01-25T00:00:00Z,26.33,24.73,0,24.9,1.43,24.9,23.3,NA,Electric sounder measurement,Water level accuracy to nearest tenth of a foot,1,Department of Water Resources,NA,1,Department of Water Resources,200,229,31359,08N05E06H001M,NA,Unknown,Unknown,5-021.65,South American,Sacramento,240,Irrigation,Unknown,2615,1968-03-13 - 2018-05-14,110,other,NA,NA,NA,NA,2016,12.24,4.6,17.48,6.71,Below Normal,SAC,2015-10-01T00:00:00Z,2016-10-01T00:00:00Z,-121.466,38.5784
385784N1214655W001,2178012,2015-12-29T00:00:00Z,26.33,24.73,0,24.9,1.43,24.9,23.3,NA,Electric sounder measurement,Water level accuracy to nearest tenth of a foot,1,Department of Water Resources,NA,1,Department of Water Resources,200,229,31359,08N05E06H001M,NA,Unknown,Unknown,5-021.65,South American,Sacramento,240,Irrigation,Unknown,2615,1968-03-13 - 2018-05-14,110,other,NA,NA,NA,NA,2016,12.24,4.6,17.48,6.71,Below Normal,SAC,2015-10-01T00:00:00Z,2016-10-01T00:00:00Z,-121.466,38.5784
385784N1214655W001,2175807,2015-11-17T00:00:00Z,26.33,24.73,0,25.1,1.23,25.1,23.5,NA,Electric sounder measurement,Water level accuracy to nearest tenth of a foot,1,Department of Water Resources,NA,1,Department of Water Resources,200,229,31359,08N05E06H001M,NA,Unknown,Unknown,5-021.65,South American,Sacramento,240,Irrigation,Unknown,2615,1968-03-13 - 2018-05-14,110,fall,16.6,35,NA,NA,2016,12.24,4.6,17.48,6.71,Below Normal,SAC,2015-10-01T00:00:00Z,2016-10-01T00:00:00Z,-121.466,38.5784
385784N1214655W001,2157739,2015-10-13T00:00:00Z,26.33,24.73,0,24.6,1.73,24.6,23,NA,Electric sounder measurement,Water level accuracy to nearest tenth of a foot,1,Department of Water Resources,NA,1,Department of Water Resources,200,229,31359,08N05E06H001M,NA,Unknown,Unknown,5-021.65,South American,Sacramento,240,Irrigation,Unknown,2615,1968-03-13 - 2018-05-14,110,fall,16.6,35,NA,NA,2016,12.24,4.6,17.48,6.71,Below Normal,SAC,2015-10-01T00:00:00Z,2016-10-01T00:00:00Z,-121.466,38.5784
385784N1214655W001,2153108,2015-09-01T00:00:00Z,26.33,24.73,0,24.7,1.63,24.7,23.1,NA,Electric sounder measurement,Water level accuracy to nearest tenth of a foot,1,Department of Water Resources,NA,1,Department of Water Resources,200,229,31359,08N05E06H001M,NA,Unknown,Unknown,5-021.65,South American,Sacramento,240,Irrigation,Unknown,2615,1968-03-13 - 2018-05-14,110,fall,16.6,35,NA,NA,2015,6.91,1.77,9.23,4,Critical,SAC,2014-10-01T00:00:00Z,2015-10-01T00:00:00Z,-121.466,38.5784
385784N1214655W001,2150904,2015-08-14T00:00:00Z,26.33,24.73,0,24.7,1.63,24.7,23.1,NA,Electric sounder measurement,Water level accuracy to nearest tenth of a foot,1,Department of Water Resources,NA,1,Department of Water Resources,200,229,31359,08N05E06H001M,NA,Unknown,Unknown,5-021.65,South American,Sacramento,240,Irrigation,Unknown,2615,1968-03-13 - 2018-05-14,110,fall,16.6,35,NA,NA,2015,6.91,1.77,9.23,4,Critical,SAC,2014-10-01T00:00:00Z,2015-10-01T00:00:00Z,-121.466,38.5784
385784N1214655W001,1293988,2002-11-15T00:00:00Z,26.33,24.73,0,23.9,2.43,23.9,22.3,NA,Unknown,Water level accuracy is unknown,1,Department of Water Resources,NA,1,Department of Water Resources,200,229,31359,08N05E06H001M,NA,Unknown,Unknown,5-021.65,South American,Sacramento,240,Irrigation,Unknown,2615,1968-03-13 - 2018-05-14,110,fall,16.6,35,NA,NA,2003,10.71,7.74,19.31,8.21,Above Normal,SAC,2002-10-01T00:00:00Z,2003-10-01T00:00:00Z,-121.466,38.5784
385784N1214655W001,1293987,2002-04-30T00:00:00Z,26.33,24.73,0,21.7,4.63,21.7,20.1,Pumped recently,Unknown,Water level accuracy is unknown,1,Department of Water Resources,NA,1,Department of Water Resources,200,229,31359,08N05E06H001M,NA,Unknown,Unknown,5-021.65,South American,Sacramento,240,Irrigation,Unknown,2615,1968-03-13 - 2018-05-14,110,spring,NA,NA,11.1,25.1,2002,9.32,4.57,14.6,6.35,Dry,SAC,2001-10-01T00:00:00Z,2002-10-01T00:00:00Z,-121.466,38.5784
385784N1214655W001,1293986,2001-11-27T00:00:00Z,26.33,24.73,0,24.1,2.23,24.1,22.5,NA,Unknown,Water level accuracy is unknown,1,Department of Water Resources,NA,1,Department of Water Resources,200,229,31359,08N05E06H001M,NA,Unknown,Unknown,5-021.65,South American,Sacramento,240,Irrigation,Unknown,2615,1968-03-13 - 2018-05-14,110,fall,16.6,35,NA,NA,2002,9.32,4.57,14.6,6.35,Dry,SAC,2001-10-01T00:00:00Z,2002-10-01T00:00:00Z,-121.466,38.5784
385784N1214655W001,1293985,2001-05-24T00:00:00Z,26.33,24.73,0,20.4,5.93,20.4,18.8,NA,Unknown,Water level accuracy is unknown,1,Department of Water Resources,NA,1,Department of Water Resources,200,229,31359,08N05E06H001M,NA,Unknown,Unknown,5-021.65,South American,Sacramento,240,Irrigation,Unknown,2615,1968-03-13 - 2018-05-14,110,spring,NA,NA,11.1,25.1,2001,5.64,3.46,9.81,5.76,Dry,SAC,2000-10-01T00:00:00Z,2001-10-01T00:00:00Z,-121.466,38.5784
385784N1214655W001,1293979,2000-05-04T00:00:00Z,26.33,24.73,0,19.3,7.03,19.3,17.7,NA,Unknown,Water level accuracy is unknown,1,Department of Water Resources,NA,1,Department of Water Resources,200,229,31359,08N05E06H001M,NA,Unknown,Unknown,5-021.65,South American,Sacramento,240,Irrigation,Unknown,2615,1968-03-13 - 2018-05-14,110,spring,NA,NA,11.1,25.1,2000,12.06,5.96,18.9,8.94,Above Normal,SAC,1999-10-01T00:00:00Z,2000-10-01T00:00:00Z,-121.466,38.5784
385784N1214655W001,1293978,1999-12-10T00:00:00Z,26.33,24.73,0,23.7,2.63,23.7,22.1,NA,Unknown,Water level accuracy is unknown,1,Department of Water Resources,NA,1,Department of Water Resources,200,229,31359,08N05E06H001M,NA,Unknown,Unknown,5-021.65,South American,Sacramento,240,Irrigation,Unknown,2615,1968-03-13 - 2018-05-14,110,other,NA,NA,NA,NA,2000,12.06,5.96,18.9,8.94,Above Normal,SAC,1999-10-01T00:00:00Z,2000-10-01T00:00:00Z,-121.466,38.5784
385784N1214655W001,1293977,1999-04-27T00:00:00Z,26.33,24.73,0,18.6,7.73,18.6,17,NA,Unknown,Water level accuracy is unknown,1,Department of Water Resources,NA,1,Department of Water Resources,200,229,31359,08N05E06H001M,NA,Unknown,Unknown,5-021.65,South American,Sacramento,240,Irrigation,Unknown,2615,1968-03-13 - 2018-05-14,110,spring,NA,NA,11.1,25.1,1999,12.97,7.26,21.19,9.8,Wet,SAC,1998-10-01T00:00:00Z,1999-10-01T00:00:00Z,-121.466,38.5784
385784N1214655W001,1293982,1997-12-02T00:00:00Z,26.33,24.73,0,23.5,2.83,23.5,21.9,NA,Unknown,Water level accuracy is unknown,1,Department of Water Resources,NA,1,Department of Water Resources,200,229,31359,08N05E06H001M,NA,Unknown,Unknown,5-021.65,South American,Sacramento,240,Irrigation,Unknown,2615,1968-03-13 - 2018-05-14,110,other,NA,NA,NA,NA,1998,17.65,12.54,31.4,13.31,Wet,SAC,1997-10-01T00:00:00Z,1998-10-01T00:00:00Z,-121.466,38.5784
385784N1214655W001,1293981,1997-04-17T00:00:00Z,26.33,24.73,0,19.5,6.83,19.5,17.9,NA,Unknown,Water level accuracy is unknown,1,Department of Water Resources,NA,1,Department of Water Resources,200,229,31359,08N05E06H001M,NA,Unknown,Unknown,5-021.65,South American,Sacramento,240,Irrigation,Unknown,2615,1968-03-13 - 2018-05-14,110,spring,NA,NA,11.1,25.1,1997,20.22,4.39,25.42,10.82,Wet,SAC,1996-10-01T00:00:00Z,1997-10-01T00:00:00Z,-121.466,38.5784
385784N1214655W001,1293976,1996-12-08T00:00:00Z,26.33,24.73,0,21.4,4.93,21.4,19.8,NA,Unknown,Water level accuracy is unknown,1,Department of Water Resources,NA,1,Department of Water Resources,200,229,31359,08N05E06H001M,NA,Unknown,Unknown,5-021.65,South American,Sacramento,240,Irrigation,Unknown,2615,1968-03-13 - 2018-05-14,110,other,NA,NA,NA,NA,1997,20.22,4.39,25.42,10.82,Wet,SAC,1996-10-01T00:00:00Z,1997-10-01T00:00:00Z,-121.466,38.5784
385784N1214655W001,1293975,1996-05-03T00:00:00Z,26.33,24.73,0,18.5,7.83,18.5,16.9,NA,Unknown,Water level accuracy is unknown,1,Department of Water Resources,NA,1,Department of Water Resources,200,229,31359,08N05E06H001M,NA,Unknown,Unknown,5-021.65,South American,Sacramento,240,Irrigation,Unknown,2615,1968-03-13 - 2018-05-14,110,spring,NA,NA,11.1,25.1,1996,13.05,8.37,22.29,10.26,Wet,SAC,1995-10-01T00:00:00Z,1996-10-01T00:00:00Z,-121.466,38.5784
385784N1214655W001,1293974,1995-12-18T00:00:00Z,26.33,24.73,0,22.7,3.63,22.7,21.1,NA,Unknown,Water level accuracy is unknown,1,Department of Water Resources,NA,1,Department of Water Resources,200,229,31359,08N05E06H001M,NA,Unknown,Unknown,5-021.65,South American,Sacramento,240,Irrigation,Unknown,2615,1968-03-13 - 2018-05-14,110,other,NA,NA,NA,NA,1996,13.05,8.37,22.29,10.26,Wet,SAC,1995-10-01T00:00:00Z,1996-10-01T00:00:00Z,-121.466,38.5784
385784N1214655W001,1293973,1995-05-18T00:00:00Z,26.33,24.73,0,17,9.33,17,15.4,NA,Unknown,Water level accuracy is unknown,1,Department of Water Resources,NA,1,Department of Water Resources,200,229,31359,08N05E06H001M,NA,Unknown,Unknown,5-021.65,South American,Sacramento,240,Irrigation,Unknown,2615,1968-03-13 - 2018-05-14,110,spring,NA,NA,11.1,25.1,1995,19.83,13.6,34.55,12.89,Wet,SAC,1994-10-01T00:00:00Z,1995-10-01T00:00:00Z,-121.466,38.5784
385784N1214655W001,1293972,1994-12-15T00:00:00Z,26.33,24.73,0,26.2,0.13,26.2,24.6,NA,Unknown,Water level accuracy is unknown,1,Department of Water Resources,NA,1,Department of Water Resources,200,229,31359,08N05E06H001M,NA,Unknown,Unknown,5-021.65,South American,Sacramento,240,Irrigation,Unknown,2615,1968-03-13 - 2018-05-14,110,other,NA,NA,NA,NA,1995,19.83,13.6,34.55,12.89,Wet,SAC,1994-10-01T00:00:00Z,1995-10-01T00:00:00Z,-121.466,38.5784
385784N1214655W001,1293971,1994-05-06T00:00:00Z,26.33,24.73,0,26.7,-0.37,26.7,25.1,NA,Unknown,Water level accuracy is unknown,1,Department of Water Resources,NA,1,Department of Water Resources,200,229,31359,08N05E06H001M,NA,Unknown,Unknown,5-021.65,South American,Sacramento,240,Irrigation,Unknown,2615,1968-03-13 - 2018-05-14,110,spring,NA,NA,11.1,25.1,1994,4.55,2.73,7.81,5.02,Critical,SAC,1993-10-01T00:00:00Z,1994-10-01T00:00:00Z,-121.466,38.5784
385784N1214655W001,1293970,1993-11-19T00:00:00Z,26.33,24.73,0,25.6,0.73,25.6,24,NA,Unknown,Water level accuracy is unknown,1,Department of Water Resources,NA,1,Department of Water Resources,200,229,31359,08N05E06H001M,NA,Unknown,Unknown,5-021.65,South American,Sacramento,240,Irrigation,Unknown,2615,1968-03-13 - 2018-05-14,110,fall,16.6,35,NA,NA,1994,4.55,2.73,7.81,5.02,Critical,SAC,1993-10-01T00:00:00Z,1994-10-01T00:00:00Z,-121.466,38.5784
385784N1214655W001,1293969,1993-03-17T00:00:00Z,26.33,24.73,0,22.2,4.13,22.2,20.6,NA,Unknown,Water level accuracy is unknown,1,Department of Water Resources,NA,1,Department of Water Resources,200,229,31359,08N05E06H001M,NA,Unknown,Unknown,5-021.65,South American,Sacramento,240,Irrigation,Unknown,2615,1968-03-13 - 2018-05-14,110,spring,NA,NA,11.1,25.1,1993,12.44,8.98,22.21,8.54,Above Normal,SAC,1992-10-01T00:00:00Z,1993-10-01T00:00:00Z,-121.466,38.5784
385784N1214655W001,1293966,1991-03-20T00:00:00Z,26.33,24.73,0,25.2,1.13,25.2,23.6,NA,Unknown,Water level accuracy is unknown,1,Department of Water Resources,OIL,1,Department of Water Resources,200,229,31359,08N05E06H001M,NA,Unknown,Unknown,5-021.65,South American,Sacramento,240,Irrigation,Unknown,2615,1968-03-13 - 2018-05-14,110,spring,NA,NA,11.1,25.1,1991,3.9,4.01,8.44,4.21,Critical,SAC,1990-10-01T00:00:00Z,1991-10-01T00:00:00Z,-121.466,38.5784
385784N1214655W001,1293965,1990-10-22T00:00:00Z,26.33,24.73,0,27.2,-0.87,27.2,25.6,Oil or foreign substance in casing,Unknown,Water level accuracy is unknown,1,Department of Water Resources,NA,1,Department of Water Resources,200,229,31359,08N05E06H001M,NA,Unknown,Unknown,5-021.65,South American,Sacramento,240,Irrigation,Unknown,2615,1968-03-13 - 2018-05-14,110,fall,16.6,35,NA,NA,1991,3.9,4.01,8.44,4.21,Critical,SAC,1990-10-01T00:00:00Z,1991-10-01T00:00:00Z,-121.466,38.5784
385784N1214655W001,1293964,1990-02-28T00:00:00Z,26.33,24.73,0,23.7,2.63,23.7,22.1,NA,Unknown,Water level accuracy is unknown,1,Department of Water Resources,NA,1,Department of Water Resources,200,229,31359,08N05E06H001M,NA,Unknown,Unknown,5-021.65,South American,Sacramento,240,Irrigation,Unknown,2615,1968-03-13 - 2018-05-14,110,other,NA,NA,NA,NA,1990,4.94,3.72,9.26,4.81,Critical,SAC,1989-10-01T00:00:00Z,1990-10-01T00:00:00Z,-121.466,38.5784
385784N1214655W001,1293963,1989-10-16T00:00:00Z,26.33,24.73,0,25.8,0.53,25.8,24.2,NA,Unknown,Water level accuracy is unknown,1,Department of Water Resources,NA,1,Department of Water Resources,200,229,31359,08N05E06H001M,NA,Unknown,Unknown,5-021.65,South American,Sacramento,240,Irrigation,Unknown,2615,1968-03-13 - 2018-05-14,110,fall,16.6,35,NA,NA,1990,4.94,3.72,9.26,4.81,Critical,SAC,1989-10-01T00:00:00Z,1990-10-01T00:00:00Z,-121.466,38.5784
385784N1214655W001,1293962,1989-03-20T00:00:00Z,26.33,24.73,0,25,1.33,25,23.4,NA,Unknown,Water level accuracy is unknown,1,Department of Water Resources,NA,1,Department of Water Resources,200,229,31359,08N05E06H001M,NA,Unknown,Unknown,5-021.65,South American,Sacramento,240,Irrigation,Unknown,2615,1968-03-13 - 2018-05-14,110,spring,NA,NA,11.1,25.1,1989,9.03,5.07,14.82,6.13,Dry,SAC,1988-10-01T00:00:00Z,1989-10-01T00:00:00Z,-121.466,38.5784
385784N1214655W001,1293961,1988-10-20T00:00:00Z,26.33,24.73,0,27.8,-1.47,27.8,26.2,NA,Unknown,Water level accuracy is unknown,1,Department of Water Resources,OIL,1,Department of Water Resources,200,229,31359,08N05E06H001M,NA,Unknown,Unknown,5-021.65,South American,Sacramento,240,Irrigation,Unknown,2615,1968-03-13 - 2018-05-14,110,fall,16.6,35,NA,NA,1989,9.03,5.07,14.82,6.13,Dry,SAC,1988-10-01T00:00:00Z,1989-10-01T00:00:00Z,-121.466,38.5784
385784N1214655W001,1293960,1988-03-24T00:00:00Z,26.33,24.73,0,24.4,1.93,24.4,22.8,NA,Unknown,Water level accuracy is unknown,1,Department of Water Resources,NA,1,Department of Water Resources,200,229,31359,08N05E06H001M,NA,Unknown,Unknown,5-021.65,South American,Sacramento,240,Irrigation,Unknown,2615,1968-03-13 - 2018-05-14,110,spring,NA,NA,11.1,25.1,1988,5.78,2.9,9.23,4.65,Critical,SAC,1987-10-01T00:00:00Z,1988-10-01T00:00:00Z,-121.466,38.5784
385784N1214655W001,1293959,1987-10-22T00:00:00Z,26.33,24.73,0,26.3,0.03,26.3,24.7,NA,Unknown,Water level accuracy is unknown,1,Department of Water Resources,NA,1,Department of Water Resources,200,229,31359,08N05E06H001M,NA,Unknown,Unknown,5-021.65,South American,Sacramento,240,Irrigation,Unknown,2615,1968-03-13 - 2018-05-14,110,fall,16.6,35,NA,NA,1988,5.78,2.9,9.23,4.65,Critical,SAC,1987-10-01T00:00:00Z,1988-10-01T00:00:00Z,-121.466,38.5784
385784N1214655W001,1293958,1987-03-30T00:00:00Z,26.33,24.73,0,22.4,3.93,22.4,20.8,NA,Unknown,Water level accuracy is unknown,1,Department of Water Resources,NA,1,Department of Water Resources,200,229,31359,08N05E06H001M,NA,Unknown,Unknown,5-021.65,South American,Sacramento,240,Irrigation,Unknown,2615,1968-03-13 - 2018-05-14,110,spring,NA,NA,11.1,25.1,1987,5.85,2.8,9.27,5.86,Dry,SAC,1986-10-01T00:00:00Z,1987-10-01T00:00:00Z,-121.466,38.5784
385784N1214655W001,1293957,1986-11-07T00:00:00Z,26.33,24.73,0,24.9,1.43,24.9,23.3,NA,Unknown,Water level accuracy is unknown,1,Department of Water Resources,NA,1,Department of Water Resources,200,229,31359,08N05E06H001M,NA,Unknown,Unknown,5-021.65,South American,Sacramento,240,Irrigation,Unknown,2615,1968-03-13 - 2018-05-14,110,fall,16.6,35,NA,NA,1987,5.85,2.8,9.27,5.86,Dry,SAC,1986-10-01T00:00:00Z,1987-10-01T00:00:00Z,-121.466,38.5784
385784N1214655W001,1293956,1986-03-13T00:00:00Z,26.33,24.73,0,16,10.33,16,14.4,NA,Unknown,Water level accuracy is unknown,1,Department of Water Resources,NA,1,Department of Water Resources,200,229,31359,08N05E06H001M,NA,Unknown,Unknown,5-021.65,South American,Sacramento,240,Irrigation,Unknown,2615,1968-03-13 - 2018-05-14,110,spring,NA,NA,11.1,25.1,1986,19.45,5.45,25.83,9.96,Wet,SAC,1985-10-01T00:00:00Z,1986-10-01T00:00:00Z,-121.466,38.5784
385784N1214655W001,1293955,1985-09-30T00:00:00Z,26.33,24.73,0,25.2,1.13,25.2,23.6,NA,Unknown,Water level accuracy is unknown,1,Department of Water Resources,NA,1,Department of Water Resources,200,229,31359,08N05E06H001M,NA,Unknown,Unknown,5-021.65,South American,Sacramento,240,Irrigation,Unknown,2615,1968-03-13 - 2018-05-14,110,fall,16.6,35,NA,NA,1985,6.24,4,11.04,6.47,Dry,SAC,1984-10-01T00:00:00Z,1985-10-01T00:00:00Z,-121.466,38.5784
385784N1214655W001,1293954,1985-03-20T00:00:00Z,26.33,24.73,0,21.6,4.73,21.6,20,NA,Unknown,Water level accuracy is unknown,1,Department of Water Resources,NA,1,Department of Water Resources,200,229,31359,08N05E06H001M,NA,Unknown,Unknown,5-021.65,South American,Sacramento,240,Irrigation,Unknown,2615,1968-03-13 - 2018-05-14,110,spring,NA,NA,11.1,25.1,1985,6.24,4,11.04,6.47,Dry,SAC,1984-10-01T00:00:00Z,1985-10-01T00:00:00Z,-121.466,38.5784
385784N1214655W001,1293953,1984-10-19T00:00:00Z,26.33,24.73,0,23.5,2.83,23.5,21.9,NA,Unknown,Water level accuracy is unknown,1,Department of Water Resources,NA,1,Department of Water Resources,200,229,31359,08N05E06H001M,NA,Unknown,Unknown,5-021.65,South American,Sacramento,240,Irrigation,Unknown,2615,1968-03-13 - 2018-05-14,110,fall,16.6,35,NA,NA,1985,6.24,4,11.04,6.47,Dry,SAC,1984-10-01T00:00:00Z,1985-10-01T00:00:00Z,-121.466,38.5784
385784N1214655W001,1293952,1984-03-27T00:00:00Z,26.33,24.73,0,17.3,9.03,17.3,15.7,NA,Unknown,Water level accuracy is unknown,1,Department of Water Resources,NA,1,Department of Water Resources,200,229,31359,08N05E06H001M,NA,Unknown,Unknown,5-021.65,South American,Sacramento,240,Irrigation,Unknown,2615,1968-03-13 - 2018-05-14,110,spring,NA,NA,11.1,25.1,1984,15.98,5.52,22.35,10,Wet,SAC,1983-10-01T00:00:00Z,1984-10-01T00:00:00Z,-121.466,38.5784
385784N1214655W001,1293951,1983-10-05T00:00:00Z,26.33,24.73,0,22.4,3.93,22.4,20.8,NA,Unknown,Water level accuracy is unknown,1,Department of Water Resources,NA,1,Department of Water Resources,200,229,31359,08N05E06H001M,NA,Unknown,Unknown,5-021.65,South American,Sacramento,240,Irrigation,Unknown,2615,1968-03-13 - 2018-05-14,110,fall,16.6,35,NA,NA,1984,15.98,5.52,22.35,10,Wet,SAC,1983-10-01T00:00:00Z,1984-10-01T00:00:00Z,-121.466,38.5784
385784N1214655W001,1293950,1983-03-14T00:00:00Z,26.33,24.73,0,12.7,13.63,12.7,11.1,NA,Unknown,Water level accuracy is unknown,1,Department of Water Resources,NA,1,Department of Water Resources,200,229,31359,08N05E06H001M,NA,Unknown,Unknown,5-021.65,South American,Sacramento,240,Irrigation,Unknown,2615,1968-03-13 - 2018-05-14,110,spring,NA,NA,11.1,25.1,1983,22.75,13.66,37.68,15.29,Wet,SAC,1982-10-01T00:00:00Z,1983-10-01T00:00:00Z,-121.466,38.5784
385784N1214655W001,1293949,1982-10-26T00:00:00Z,26.33,24.73,0,21.4,4.93,21.4,19.8,NA,Unknown,Water level accuracy is unknown,1,Department of Water Resources,NA,1,Department of Water Resources,200,229,31359,08N05E06H001M,NA,Unknown,Unknown,5-021.65,South American,Sacramento,240,Irrigation,Unknown,2615,1968-03-13 - 2018-05-14,110,fall,16.6,35,NA,NA,1983,22.75,13.66,37.68,15.29,Wet,SAC,1982-10-01T00:00:00Z,1983-10-01T00:00:00Z,-121.466,38.5784
385784N1214655W001,1293948,1982-03-23T00:00:00Z,26.33,24.73,0,16.1,10.23,16.1,14.5,NA,Unknown,Water level accuracy is unknown,1,Department of Water Resources,NA,1,Department of Water Resources,200,229,31359,08N05E06H001M,NA,Unknown,Unknown,5-021.65,South American,Sacramento,240,Irrigation,Unknown,2615,1968-03-13 - 2018-05-14,110,spring,NA,NA,11.1,25.1,1982,20.56,11.82,33.41,12.76,Wet,SAC,1981-10-01T00:00:00Z,1982-10-01T00:00:00Z,-121.466,38.5784
385784N1214655W001,1293947,1981-10-05T00:00:00Z,26.33,24.73,0,26,0.33,26,24.4,NA,Unknown,Water level accuracy is unknown,1,Department of Water Resources,NA,1,Department of Water Resources,200,229,31359,08N05E06H001M,NA,Unknown,Unknown,5-021.65,South American,Sacramento,240,Irrigation,Unknown,2615,1968-03-13 - 2018-05-14,110,fall,16.6,35,NA,NA,1982,20.56,11.82,33.41,12.76,Wet,SAC,1981-10-01T00:00:00Z,1982-10-01T00:00:00Z,-121.466,38.5784
385784N1214655W001,1293946,1981-03-27T00:00:00Z,26.33,24.73,0,21,5.33,21,19.4,NA,Unknown,Water level accuracy is unknown,1,Department of Water Resources,NA,1,Department of Water Resources,200,229,31359,08N05E06H001M,NA,Unknown,Unknown,5-021.65,South American,Sacramento,240,Irrigation,Unknown,2615,1968-03-13 - 2018-05-14,110,spring,NA,NA,11.1,25.1,1981,6.81,3.63,11.1,6.21,Dry,SAC,1980-10-01T00:00:00Z,1981-10-01T00:00:00Z,-121.466,38.5784
385784N1214655W001,1293945,1980-10-22T00:00:00Z,26.33,24.73,0,23.6,2.73,23.6,22,NA,Unknown,Water level accuracy is unknown,1,Department of Water Resources,NA,1,Department of Water Resources,200,229,31359,08N05E06H001M,NA,Unknown,Unknown,5-021.65,South American,Sacramento,240,Irrigation,Unknown,2615,1968-03-13 - 2018-05-14,110,fall,16.6,35,NA,NA,1981,6.81,3.63,11.1,6.21,Dry,SAC,1980-10-01T00:00:00Z,1981-10-01T00:00:00Z,-121.466,38.5784
385784N1214655W001,1293944,1980-03-17T00:00:00Z,26.33,24.73,0,17.2,9.13,17.2,15.6,NA,Unknown,Water level accuracy is unknown,1,Department of Water Resources,NA,1,Department of Water Resources,200,229,31359,08N05E06H001M,NA,Unknown,Unknown,5-021.65,South American,Sacramento,240,Irrigation,Unknown,2615,1968-03-13 - 2018-05-14,110,spring,NA,NA,11.1,25.1,1980,15.49,6,22.33,9.04,Above Normal,SAC,1979-10-01T00:00:00Z,1980-10-01T00:00:00Z,-121.466,38.5784
385784N1214655W001,1293943,1979-10-09T00:00:00Z,26.33,24.73,0,26.7,-0.37,26.7,25.1,NA,Unknown,Water level accuracy is unknown,1,Department of Water Resources,NA,1,Department of Water Resources,200,229,31359,08N05E06H001M,NA,Unknown,Unknown,5-021.65,South American,Sacramento,240,Irrigation,Unknown,2615,1968-03-13 - 2018-05-14,110,fall,16.6,35,NA,NA,1980,15.49,6,22.33,9.04,Above Normal,SAC,1979-10-01T00:00:00Z,1980-10-01T00:00:00Z,-121.466,38.5784
385784N1214655W001,1293942,1979-04-17T00:00:00Z,26.33,24.73,0,21.4,4.93,21.4,19.8,NA,Unknown,Water level accuracy is unknown,1,Department of Water Resources,NA,1,Department of Water Resources,200,229,31359,08N05E06H001M,NA,Unknown,Unknown,5-021.65,South American,Sacramento,240,Irrigation,Unknown,2615,1968-03-13 - 2018-05-14,110,spring,NA,NA,11.1,25.1,1979,6.06,5.64,12.41,6.67,Below Normal,SAC,1978-10-01T00:00:00Z,1979-10-01T00:00:00Z,-121.466,38.5784
385784N1214655W001,1293941,1978-10-02T00:00:00Z,26.33,24.73,0,27.2,-0.87,27.2,25.6,NA,Unknown,Water level accuracy is unknown,1,Department of Water Resources,NA,1,Department of Water Resources,200,229,31359,08N05E06H001M,NA,Unknown,Unknown,5-021.65,South American,Sacramento,240,Irrigation,Unknown,2615,1968-03-13 - 2018-05-14,110,fall,16.6,35,NA,NA,1979,6.06,5.64,12.41,6.67,Below Normal,SAC,1978-10-01T00:00:00Z,1979-10-01T00:00:00Z,-121.466,38.5784
385784N1214655W001,1293940,1978-03-13T00:00:00Z,26.33,24.73,0,20.4,5.93,20.4,18.8,NA,Unknown,Water level accuracy is unknown,1,Department of Water Resources,NA,1,Department of Water Resources,200,229,31359,08N05E06H001M,NA,Unknown,Unknown,5-021.65,South American,Sacramento,240,Irrigation,Unknown,2615,1968-03-13 - 2018-05-14,110,spring,NA,NA,11.1,25.1,1978,14.9,8.12,23.92,8.65,Above Normal,SAC,1977-10-01T00:00:00Z,1978-10-01T00:00:00Z,-121.466,38.5784
385784N1214655W001,1293939,1977-10-20T00:00:00Z,26.33,24.73,0,28.2,-1.87,28.2,26.6,NA,Unknown,Water level accuracy is unknown,1,Department of Water Resources,NA,1,Department of Water Resources,200,229,31359,08N05E06H001M,NA,Unknown,Unknown,5-021.65,South American,Sacramento,240,Irrigation,Unknown,2615,1968-03-13 - 2018-05-14,110,fall,16.6,35,NA,NA,1978,14.9,8.12,23.92,8.65,Above Normal,SAC,1977-10-01T00:00:00Z,1978-10-01T00:00:00Z,-121.466,38.5784
385784N1214655W001,1293938,1977-02-28T00:00:00Z,26.33,24.73,0,24.9,1.43,24.9,23.3,NA,Unknown,Water level accuracy is unknown,1,Department of Water Resources,NA,1,Department of Water Resources,200,229,31359,08N05E06H001M,NA,Unknown,Unknown,5-021.65,South American,Sacramento,240,Irrigation,Unknown,2615,1968-03-13 - 2018-05-14,110,other,NA,NA,NA,NA,1977,2.49,1.93,5.12,3.11,Critical,SAC,1976-10-01T00:00:00Z,1977-10-01T00:00:00Z,-121.466,38.5784
385784N1214655W001,1293937,1976-10-10T00:00:00Z,26.33,24.73,0,27.5,-1.17,27.5,25.9,NA,Unknown,Water level accuracy is unknown,1,Department of Water Resources,NA,1,Department of Water Resources,200,229,31359,08N05E06H001M,NA,Unknown,Unknown,5-021.65,South American,Sacramento,240,Irrigation,Unknown,2615,1968-03-13 - 2018-05-14,110,fall,16.6,35,NA,NA,1977,2.49,1.93,5.12,3.11,Critical,SAC,1976-10-01T00:00:00Z,1977-10-01T00:00:00Z,-121.466,38.5784
385784N1214655W001,1293936,1976-03-08T00:00:00Z,26.33,24.73,0,21.9,4.43,21.9,20.3,NA,Unknown,Water level accuracy is unknown,1,Department of Water Resources,NA,1,Department of Water Resources,200,229,31359,08N05E06H001M,NA,Unknown,Unknown,5-021.65,South American,Sacramento,240,Irrigation,Unknown,2615,1968-03-13 - 2018-05-14,110,spring,NA,NA,11.1,25.1,1976,4.63,2.75,8.2,5.29,Critical,SAC,1975-10-01T00:00:00Z,1976-10-01T00:00:00Z,-121.466,38.5784
385784N1214655W001,1293935,1975-10-01T00:00:00Z,26.33,24.73,0,25.1,1.23,25.1,23.5,NA,Unknown,Water level accuracy is unknown,1,Department of Water Resources,NA,1,Department of Water Resources,200,229,31359,08N05E06H001M,NA,Unknown,Unknown,5-021.65,South American,Sacramento,240,Irrigation,Unknown,2615,1968-03-13 - 2018-05-14,110,fall,16.6,35,NA,NA,1976,4.63,2.75,8.2,5.29,Critical,SAC,1975-10-01T00:00:00Z,1976-10-01T00:00:00Z,-121.466,38.5784
385784N1214655W001,1293934,1975-03-04T00:00:00Z,26.33,24.73,0,18.8,7.53,18.8,17.2,NA,Unknown,Water level accuracy is unknown,1,Department of Water Resources,NA,1,Department of Water Resources,200,229,31359,08N05E06H001M,NA,Unknown,Unknown,5-021.65,South American,Sacramento,240,Irrigation,Unknown,2615,1968-03-13 - 2018-05-14,110,spring,NA,NA,11.1,25.1,1975,9.24,8.95,19.23,9.35,Wet,SAC,1974-10-01T00:00:00Z,1975-10-01T00:00:00Z,-121.466,38.5784
385784N1214655W001,1293933,1974-10-29T00:00:00Z,26.33,24.73,0,21.9,4.43,21.9,20.3,NA,Unknown,Water level accuracy is unknown,1,Department of Water Resources,NA,1,Department of Water Resources,200,229,31359,08N05E06H001M,NA,Unknown,Unknown,5-021.65,South American,Sacramento,240,Irrigation,Unknown,2615,1968-03-13 - 2018-05-14,110,fall,16.6,35,NA,NA,1975,9.24,8.95,19.23,9.35,Wet,SAC,1974-10-01T00:00:00Z,1975-10-01T00:00:00Z,-121.466,38.5784
385784N1214655W001,1293932,1974-03-08T00:00:00Z,26.33,24.73,0,15.8,10.53,15.8,14.2,NA,Unknown,Water level accuracy is unknown,1,Department of Water Resources,NA,1,Department of Water Resources,200,229,31359,08N05E06H001M,NA,Unknown,Unknown,5-021.65,South American,Sacramento,240,Irrigation,Unknown,2615,1968-03-13 - 2018-05-14,110,spring,NA,NA,11.1,25.1,1974,21.69,9.78,32.5,12.99,Wet,SAC,1973-10-01T00:00:00Z,1974-10-01T00:00:00Z,-121.466,38.5784
385784N1214655W001,1293931,1973-10-01T00:00:00Z,26.33,24.73,0,25.6,0.73,25.6,24,NA,Unknown,Water level accuracy is unknown,1,Department of Water Resources,NA,1,Department of Water Resources,200,229,31359,08N05E06H001M,NA,Unknown,Unknown,5-021.65,South American,Sacramento,240,Irrigation,Unknown,2615,1968-03-13 - 2018-05-14,110,fall,16.6,35,NA,NA,1974,21.69,9.78,32.5,12.99,Wet,SAC,1973-10-01T00:00:00Z,1974-10-01T00:00:00Z,-121.466,38.5784
385784N1214655W001,1293930,1973-03-01T00:00:00Z,26.33,24.73,0,18,8.33,18,16.4,NA,Unknown,Water level accuracy is unknown,1,Department of Water Resources,NA,1,Department of Water Resources,200,229,31359,08N05E06H001M,NA,Unknown,Unknown,5-021.65,South American,Sacramento,240,Irrigation,Unknown,2615,1968-03-13 - 2018-05-14,110,spring,NA,NA,11.1,25.1,1973,12.8,6.38,20.05,8.58,Above Normal,SAC,1972-10-01T00:00:00Z,1973-10-01T00:00:00Z,-121.466,38.5784
385784N1214655W001,1293929,1972-10-05T00:00:00Z,26.33,24.73,0,27.9,-1.57,27.9,26.3,NA,Unknown,Water level accuracy is unknown,1,Department of Water Resources,NA,1,Department of Water Resources,200,229,31359,08N05E06H001M,NA,Unknown,Unknown,5-021.65,South American,Sacramento,240,Irrigation,Unknown,2615,1968-03-13 - 2018-05-14,110,fall,16.6,35,NA,NA,1973,12.8,6.38,20.05,8.58,Above Normal,SAC,1972-10-01T00:00:00Z,1973-10-01T00:00:00Z,-121.466,38.5784
385784N1214655W001,1293928,1972-03-06T00:00:00Z,26.33,24.73,0,22.2,4.13,22.2,20.6,NA,Unknown,Water level accuracy is unknown,1,Department of Water Resources,NA,1,Department of Water Resources,200,229,31359,08N05E06H001M,NA,Unknown,Unknown,5-021.65,South American,Sacramento,240,Irrigation,Unknown,2615,1968-03-13 - 2018-05-14,110,spring,NA,NA,11.1,25.1,1972,7.61,5.02,13.43,7.29,Below Normal,SAC,1971-10-01T00:00:00Z,1972-10-01T00:00:00Z,-121.466,38.5784
385784N1214655W001,1293927,1971-10-07T00:00:00Z,26.33,24.73,0,26.7,-0.37,26.7,25.1,NA,Unknown,Water level accuracy is unknown,1,Department of Water Resources,NA,1,Department of Water Resources,200,229,31359,08N05E06H001M,NA,Unknown,Unknown,5-021.65,South American,Sacramento,240,Irrigation,Unknown,2615,1968-03-13 - 2018-05-14,110,fall,16.6,35,NA,NA,1972,7.61,5.02,13.43,7.29,Below Normal,SAC,1971-10-01T00:00:00Z,1972-10-01T00:00:00Z,-121.466,38.5784
385784N1214655W001,1293926,1971-03-15T00:00:00Z,26.33,24.73,0,20.1,6.23,20.1,18.5,NA,Unknown,Water level accuracy is unknown,1,Department of Water Resources,NA,1,Department of Water Resources,200,229,31359,08N05E06H001M,NA,Unknown,Unknown,5-021.65,South American,Sacramento,240,Irrigation,Unknown,2615,1968-03-13 - 2018-05-14,110,spring,NA,NA,11.1,25.1,1971,12.71,8.9,22.57,10.37,Wet,SAC,1970-10-01T00:00:00Z,1971-10-01T00:00:00Z,-121.466,38.5784
385784N1214655W001,1293925,1970-10-15T00:00:00Z,26.33,24.73,0,26.6,-0.27,26.6,25,NA,Unknown,Water level accuracy is unknown,1,Department of Water Resources,NA,1,Department of Water Resources,200,229,31359,08N05E06H001M,NA,Unknown,Unknown,5-021.65,South American,Sacramento,240,Irrigation,Unknown,2615,1968-03-13 - 2018-05-14,110,fall,16.6,35,NA,NA,1971,12.71,8.9,22.57,10.37,Wet,SAC,1970-10-01T00:00:00Z,1971-10-01T00:00:00Z,-121.466,38.5784
385784N1214655W001,1293924,1970-03-16T00:00:00Z,26.33,24.73,0,17.4,8.93,17.4,15.8,NA,Unknown,Water level accuracy is unknown,1,Department of Water Resources,NA,1,Department of Water Resources,200,229,31359,08N05E06H001M,NA,Unknown,Unknown,5-021.65,South American,Sacramento,240,Irrigation,Unknown,2615,1968-03-13 - 2018-05-14,110,spring,NA,NA,11.1,25.1,1970,18.87,4.35,24.06,10.4,Wet,SAC,1969-10-01T00:00:00Z,1970-10-01T00:00:00Z,-121.466,38.5784
385784N1214655W001,1293923,1969-10-01T00:00:00Z,26.33,24.73,0,26,0.33,26,24.4,NA,Unknown,Water level accuracy is unknown,1,Department of Water Resources,NA,1,Department of Water Resources,200,229,31359,08N05E06H001M,NA,Unknown,Unknown,5-021.65,South American,Sacramento,240,Irrigation,Unknown,2615,1968-03-13 - 2018-05-14,110,fall,16.6,35,NA,NA,1970,18.87,4.35,24.06,10.4,Wet,SAC,1969-10-01T00:00:00Z,1970-10-01T00:00:00Z,-121.466,38.5784
385784N1214655W001,1293922,1969-03-31T00:00:00Z,26.33,24.73,0,19.4,6.93,19.4,17.8,NA,Unknown,Water level accuracy is unknown,1,Department of Water Resources,NA,1,Department of Water Resources,200,229,31359,08N05E06H001M,NA,Unknown,Unknown,5-021.65,South American,Sacramento,240,Irrigation,Unknown,2615,1968-03-13 - 2018-05-14,110,spring,NA,NA,11.1,25.1,1969,15.33,10.68,26.98,11.05,Wet,SAC,1968-10-01T00:00:00Z,1969-10-01T00:00:00Z,-121.466,38.5784
385784N1214655W001,1293921,1968-10-11T00:00:00Z,26.33,24.73,0,36.6,-10.27,36.6,35,Pumped recently,Unknown,Water level accuracy is unknown,1,Department of Water Resources,NA,1,Department of Water Resources,200,229,31359,08N05E06H001M,NA,Unknown,Unknown,5-021.65,South American,Sacramento,240,Irrigation,Unknown,2615,1968-03-13 - 2018-05-14,110,fall,16.6,35,NA,NA,1969,15.33,10.68,26.98,11.05,Wet,SAC,1968-10-01T00:00:00Z,1969-10-01T00:00:00Z,-121.466,38.5784
385784N1214655W001,1293920,1968-03-13T00:00:00Z,26.33,24.73,0,22.4,3.93,22.4,20.8,NA,Unknown,Water level accuracy is unknown,1,Department of Water Resources,NA,1,Department of Water Resources,200,229,31359,08N05E06H001M,NA,Unknown,Unknown,5-021.65,South American,Sacramento,240,Irrigation,Unknown,2615,1968-03-13 - 2018-05-14,110,spring,NA,NA,11.1,25.1,1968,8.66,4.12,13.64,7.24,Below Normal,SAC,1967-10-01T00:00:00Z,1968-10-01T00:00:00Z,-121.466,38.5784
