SITE_CODE,WLM_ID,MSMT_DATE,WLM_RPE,WLM_GSE,RDNG_WS,RDNG_RP,WSE,RPE_WSE,GSE_WSE,WLM_QA_DESC,WLM_DESC,WLM_ACC_DESC,WLM_ORG_ID,WLM_ORG_NAME,MSMT_CMT,COOP_AGENCY_ORG_ID,COOP_ORG_NAME,TOP_PRF,BOT_PRF,STN_ID,SWN,WELL_NAME,WLM_METHOD,WLM_ACC,BASIN_CODE,BASIN_NAME,COUNTY_NAME,WELL_DEPTH,WELL_USE,WELL_TYPE,WCR_NO,t_range,n_samples,season,fall_high,fall_low,spring_high,spring_low,water_year,Oct.Mar,Apr.Jul,WYsum,Index,water_year_type,region,water_year_start,water_year_end,X,Y
385974N1212706W001,1345696,2007-10-30T00:00:00Z,113.47,112.47,0,79.9,33.57,79.9,78.9,NA,Unknown,Water level accuracy is unknown,1,Department of Water Resources,NA,1,Department of Water Resources,NA,NA,31419,09N06E36C001M,NA,Unknown,Unknown,5-021.65,South American,Sacramento,NA,Unknown,Unknown,NA,1981-01-19 - 2008-03-20,53,fall,50.9,78.9,NA,NA,2008,5.9,3.82,10.28,5.16,Critical,SAC,2007-10-01T00:00:00Z,2008-10-01T00:00:00Z,-121.271,38.5974
385974N1212706W001,1345695,2007-04-06T00:00:00Z,113.47,112.47,0,72.4,41.07,72.4,71.4,NA,Unknown,Water level accuracy is unknown,1,Department of Water Resources,NA,1,Department of Water Resources,NA,NA,31419,09N06E36C001M,NA,Unknown,Unknown,5-021.65,South American,Sacramento,NA,Unknown,Unknown,NA,1981-01-19 - 2008-03-20,53,spring,NA,NA,47.6,74.6,2007,6.59,3.04,10.28,6.19,Dry,SAC,2006-10-01T00:00:00Z,2007-10-01T00:00:00Z,-121.271,38.5974
385974N1212706W001,1345694,2006-10-18T00:00:00Z,113.47,112.47,0,75.6,37.87,75.6,74.6,NA,Unknown,Water level accuracy is unknown,1,Department of Water Resources,NA,1,Department of Water Resources,NA,NA,31419,09N06E36C001M,NA,Unknown,Unknown,5-021.65,South American,Sacramento,NA,Unknown,Unknown,NA,1981-01-19 - 2008-03-20,53,fall,50.9,78.9,NA,NA,2007,6.59,3.04,10.28,6.19,Dry,SAC,2006-10-01T00:00:00Z,2007-10-01T00:00:00Z,-121.271,38.5974
385974N1212706W001,1345693,2006-04-26T00:00:00Z,113.47,112.47,0,66.5,46.97,66.5,65.5,NA,Unknown,Water level accuracy is unknown,1,Department of Water Resources,NA,1,Department of Water Resources,NA,NA,31419,09N06E36C001M,NA,Unknown,Unknown,5-021.65,South American,Sacramento,NA,Unknown,Unknown,NA,1981-01-19 - 2008-03-20,53,spring,NA,NA,47.6,74.6,2006,18.06,13.09,32.09,13.2,Wet,SAC,2005-10-01T00:00:00Z,2006-10-01T00:00:00Z,-121.271,38.5974
385974N1212706W001,1345692,2005-10-31T00:00:00Z,113.47,112.47,0,65.8,47.67,65.8,64.8,NA,Unknown,Water level accuracy is unknown,1,Department of Water Resources,NA,1,Department of Water Resources,NA,NA,31419,09N06E36C001M,NA,Unknown,Unknown,5-021.65,South American,Sacramento,NA,Unknown,Unknown,NA,1981-01-19 - 2008-03-20,53,fall,50.9,78.9,NA,NA,2006,18.06,13.09,32.09,13.2,Wet,SAC,2005-10-01T00:00:00Z,2006-10-01T00:00:00Z,-121.271,38.5974
385974N1212706W001,1345691,2005-04-13T00:00:00Z,113.47,112.47,0,65.1,48.37,65.1,64.1,NA,Unknown,Water level accuracy is unknown,1,Department of Water Resources,NA,1,Department of Water Resources,NA,NA,31419,09N06E36C001M,NA,Unknown,Unknown,5-021.65,South American,Sacramento,NA,Unknown,Unknown,NA,1981-01-19 - 2008-03-20,53,spring,NA,NA,47.6,74.6,2005,8.4,9.28,18.55,8.49,Above Normal,SAC,2004-10-01T00:00:00Z,2005-10-01T00:00:00Z,-121.271,38.5974
385974N1212706W001,1345690,2004-10-28T00:00:00Z,113.47,112.47,0,65.9,47.57,65.9,64.9,NA,Unknown,Water level accuracy is unknown,1,Department of Water Resources,NA,1,Department of Water Resources,NA,NA,31419,09N06E36C001M,NA,Unknown,Unknown,5-021.65,South American,Sacramento,NA,Unknown,Unknown,NA,1981-01-19 - 2008-03-20,53,fall,50.9,78.9,NA,NA,2005,8.4,9.28,18.55,8.49,Above Normal,SAC,2004-10-01T00:00:00Z,2005-10-01T00:00:00Z,-121.271,38.5974
385974N1212706W001,1345689,2004-03-23T00:00:00Z,113.47,112.47,0,61.9,51.57,61.9,60.9,NA,Unknown,Water level accuracy is unknown,1,Department of Water Resources,NA,1,Department of Water Resources,NA,NA,31419,09N06E36C001M,NA,Unknown,Unknown,5-021.65,South American,Sacramento,NA,Unknown,Unknown,NA,1981-01-19 - 2008-03-20,53,spring,NA,NA,47.6,74.6,2004,10.95,4.4,16.04,7.51,Below Normal,SAC,2003-10-01T00:00:00Z,2004-10-01T00:00:00Z,-121.271,38.5974
385974N1212706W001,1345688,2003-10-27T00:00:00Z,113.47,112.47,0,71.6,41.87,71.6,70.6,NA,Unknown,Water level accuracy is unknown,1,Department of Water Resources,NA,1,Department of Water Resources,NA,NA,31419,09N06E36C001M,NA,Unknown,Unknown,5-021.65,South American,Sacramento,NA,Unknown,Unknown,NA,1981-01-19 - 2008-03-20,53,fall,50.9,78.9,NA,NA,2004,10.95,4.4,16.04,7.51,Below Normal,SAC,2003-10-01T00:00:00Z,2004-10-01T00:00:00Z,-121.271,38.5974
385974N1212706W001,1345687,2003-04-07T00:00:00Z,113.47,112.47,0,61.7,51.77,61.7,60.7,NA,Unknown,Water level accuracy is unknown,1,Department of Water Resources,NA,1,Department of Water Resources,NA,NA,31419,09N06E36C001M,NA,Unknown,Unknown,5-021.65,South American,Sacramento,NA,Unknown,Unknown,NA,1981-01-19 - 2008-03-20,53,spring,NA,NA,47.6,74.6,2003,10.71,7.74,19.31,8.21,Above Normal,SAC,2002-10-01T00:00:00Z,2003-10-01T00:00:00Z,-121.271,38.5974
385974N1212706W001,1345686,2002-11-21T00:00:00Z,113.47,112.47,0,70.2,43.27,70.2,69.2,NA,Unknown,Water level accuracy is unknown,1,Department of Water Resources,NA,1,Department of Water Resources,NA,NA,31419,09N06E36C001M,NA,Unknown,Unknown,5-021.65,South American,Sacramento,NA,Unknown,Unknown,NA,1981-01-19 - 2008-03-20,53,fall,50.9,78.9,NA,NA,2003,10.71,7.74,19.31,8.21,Above Normal,SAC,2002-10-01T00:00:00Z,2003-10-01T00:00:00Z,-121.271,38.5974
385974N1212706W001,1345685,2002-04-11T00:00:00Z,113.47,112.47,0,63.2,50.27,63.2,62.2,NA,Unknown,Water level accuracy is unknown,1,Department of Water Resources,NA,1,Department of Water Resources,NA,NA,31419,09N06E36C001M,NA,Unknown,Unknown,5-021.65,South American,Sacramento,NA,Unknown,Unknown,NA,1981-01-19 - 2008-03-20,53,spring,NA,NA,47.6,74.6,2002,9.32,4.57,14.6,6.35,Dry,SAC,2001-10-01T00:00:00Z,2002-10-01T00:00:00Z,-121.271,38.5974
385974N1212706W001,1345684,2001-11-16T00:00:00Z,113.47,112.47,0,65.8,47.67,65.8,64.8,NA,Unknown,Water level accuracy is unknown,1,Department of Water Resources,NA,1,Department of Water Resources,NA,NA,31419,09N06E36C001M,NA,Unknown,Unknown,5-021.65,South American,Sacramento,NA,Unknown,Unknown,NA,1981-01-19 - 2008-03-20,53,fall,50.9,78.9,NA,NA,2002,9.32,4.57,14.6,6.35,Dry,SAC,2001-10-01T00:00:00Z,2002-10-01T00:00:00Z,-121.271,38.5974
385974N1212706W001,1345683,2001-05-22T00:00:00Z,113.47,112.47,0,64.9,48.57,64.9,63.9,NA,Unknown,Water level accuracy is unknown,1,Department of Water Resources,NA,1,Department of Water Resources,NA,NA,31419,09N06E36C001M,NA,Unknown,Unknown,5-021.65,South American,Sacramento,NA,Unknown,Unknown,NA,1981-01-19 - 2008-03-20,53,spring,NA,NA,47.6,74.6,2001,5.64,3.46,9.81,5.76,Dry,SAC,2000-10-01T00:00:00Z,2001-10-01T00:00:00Z,-121.271,38.5974
385974N1212706W001,1345678,2000-05-03T00:00:00Z,113.47,112.47,0,65.4,48.07,65.4,64.4,NA,Unknown,Water level accuracy is unknown,1,Department of Water Resources,NA,1,Department of Water Resources,NA,NA,31419,09N06E36C001M,NA,Unknown,Unknown,5-021.65,South American,Sacramento,NA,Unknown,Unknown,NA,1981-01-19 - 2008-03-20,53,spring,NA,NA,47.6,74.6,2000,12.06,5.96,18.9,8.94,Above Normal,SAC,1999-10-01T00:00:00Z,2000-10-01T00:00:00Z,-121.271,38.5974
385974N1212706W001,1345677,1999-11-01T00:00:00Z,113.47,112.47,0,70.7,42.77,70.7,69.7,NA,Unknown,Water level accuracy is unknown,1,Department of Water Resources,NA,1,Department of Water Resources,NA,NA,31419,09N06E36C001M,NA,Unknown,Unknown,5-021.65,South American,Sacramento,NA,Unknown,Unknown,NA,1981-01-19 - 2008-03-20,53,fall,50.9,78.9,NA,NA,2000,12.06,5.96,18.9,8.94,Above Normal,SAC,1999-10-01T00:00:00Z,2000-10-01T00:00:00Z,-121.271,38.5974
385974N1212706W001,1345676,1999-03-26T00:00:00Z,113.47,112.47,0,62.3,51.17,62.3,61.3,NA,Unknown,Water level accuracy is unknown,1,Department of Water Resources,NA,1,Department of Water Resources,NA,NA,31419,09N06E36C001M,NA,Unknown,Unknown,5-021.65,South American,Sacramento,NA,Unknown,Unknown,NA,1981-01-19 - 2008-03-20,53,spring,NA,NA,47.6,74.6,1999,12.97,7.26,21.19,9.8,Wet,SAC,1998-10-01T00:00:00Z,1999-10-01T00:00:00Z,-121.271,38.5974
385974N1212706W001,1345682,1998-11-10T00:00:00Z,113.47,112.47,0,73.2,40.27,73.2,72.2,NA,Unknown,Water level accuracy is unknown,1,Department of Water Resources,NA,1,Department of Water Resources,NA,NA,31419,09N06E36C001M,NA,Unknown,Unknown,5-021.65,South American,Sacramento,NA,Unknown,Unknown,NA,1981-01-19 - 2008-03-20,53,fall,50.9,78.9,NA,NA,1999,12.97,7.26,21.19,9.8,Wet,SAC,1998-10-01T00:00:00Z,1999-10-01T00:00:00Z,-121.271,38.5974
385974N1212706W001,1345681,1997-11-06T00:00:00Z,113.47,112.47,0,71.8,41.67,71.8,70.8,NA,Unknown,Water level accuracy is unknown,1,Department of Water Resources,NA,1,Department of Water Resources,NA,NA,31419,09N06E36C001M,NA,Unknown,Unknown,5-021.65,South American,Sacramento,NA,Unknown,Unknown,NA,1981-01-19 - 2008-03-20,53,fall,50.9,78.9,NA,NA,1998,17.65,12.54,31.4,13.31,Wet,SAC,1997-10-01T00:00:00Z,1998-10-01T00:00:00Z,-121.271,38.5974
385974N1212706W001,1345680,1997-04-21T00:00:00Z,113.47,112.47,0,66.2,47.27,66.2,65.2,NA,Unknown,Water level accuracy is unknown,1,Department of Water Resources,NA,1,Department of Water Resources,NA,NA,31419,09N06E36C001M,NA,Unknown,Unknown,5-021.65,South American,Sacramento,NA,Unknown,Unknown,NA,1981-01-19 - 2008-03-20,53,spring,NA,NA,47.6,74.6,1997,20.22,4.39,25.42,10.82,Wet,SAC,1996-10-01T00:00:00Z,1997-10-01T00:00:00Z,-121.271,38.5974
385974N1212706W001,1345675,1996-12-11T00:00:00Z,113.47,112.47,0,71.5,41.97,71.5,70.5,NA,Unknown,Water level accuracy is unknown,1,Department of Water Resources,NA,1,Department of Water Resources,NA,NA,31419,09N06E36C001M,NA,Unknown,Unknown,5-021.65,South American,Sacramento,NA,Unknown,Unknown,NA,1981-01-19 - 2008-03-20,53,other,NA,NA,NA,NA,1997,20.22,4.39,25.42,10.82,Wet,SAC,1996-10-01T00:00:00Z,1997-10-01T00:00:00Z,-121.271,38.5974
385974N1212706W001,1345674,1996-03-28T00:00:00Z,113.47,112.47,0,69.1,44.37,69.1,68.1,NA,Unknown,Water level accuracy is unknown,1,Department of Water Resources,NA,1,Department of Water Resources,NA,NA,31419,09N06E36C001M,NA,Unknown,Unknown,5-021.65,South American,Sacramento,NA,Unknown,Unknown,NA,1981-01-19 - 2008-03-20,53,spring,NA,NA,47.6,74.6,1996,13.05,8.37,22.29,10.26,Wet,SAC,1995-10-01T00:00:00Z,1996-10-01T00:00:00Z,-121.271,38.5974
385974N1212706W001,1345673,1995-12-08T00:00:00Z,113.47,112.47,0,64.5,48.97,64.5,63.5,NA,Unknown,Water level accuracy is unknown,1,Department of Water Resources,NA,1,Department of Water Resources,NA,NA,31419,09N06E36C001M,NA,Unknown,Unknown,5-021.65,South American,Sacramento,NA,Unknown,Unknown,NA,1981-01-19 - 2008-03-20,53,other,NA,NA,NA,NA,1996,13.05,8.37,22.29,10.26,Wet,SAC,1995-10-01T00:00:00Z,1996-10-01T00:00:00Z,-121.271,38.5974
385974N1212706W001,1345672,1995-04-12T00:00:00Z,113.47,112.47,0,74.1,39.37,74.1,73.1,NA,Unknown,Water level accuracy is unknown,1,Department of Water Resources,NA,1,Department of Water Resources,NA,NA,31419,09N06E36C001M,NA,Unknown,Unknown,5-021.65,South American,Sacramento,NA,Unknown,Unknown,NA,1981-01-19 - 2008-03-20,53,spring,NA,NA,47.6,74.6,1995,19.83,13.6,34.55,12.89,Wet,SAC,1994-10-01T00:00:00Z,1995-10-01T00:00:00Z,-121.271,38.5974
385974N1212706W001,1345671,1994-12-05T00:00:00Z,113.47,112.47,0,77.9,35.57,77.9,76.9,NA,Unknown,Water level accuracy is unknown,1,Department of Water Resources,NA,1,Department of Water Resources,NA,NA,31419,09N06E36C001M,NA,Unknown,Unknown,5-021.65,South American,Sacramento,NA,Unknown,Unknown,NA,1981-01-19 - 2008-03-20,53,other,NA,NA,NA,NA,1995,19.83,13.6,34.55,12.89,Wet,SAC,1994-10-01T00:00:00Z,1995-10-01T00:00:00Z,-121.271,38.5974
385974N1212706W001,1345670,1994-03-15T00:00:00Z,113.47,112.47,0,75.6,37.87,75.6,74.6,NA,Unknown,Water level accuracy is unknown,1,Department of Water Resources,NA,1,Department of Water Resources,NA,NA,31419,09N06E36C001M,NA,Unknown,Unknown,5-021.65,South American,Sacramento,NA,Unknown,Unknown,NA,1981-01-19 - 2008-03-20,53,spring,NA,NA,47.6,74.6,1994,4.55,2.73,7.81,5.02,Critical,SAC,1993-10-01T00:00:00Z,1994-10-01T00:00:00Z,-121.271,38.5974
385974N1212706W001,1345669,1993-10-26T00:00:00Z,113.47,112.47,0,73.1,40.37,73.1,72.1,NA,Unknown,Water level accuracy is unknown,1,Department of Water Resources,NA,1,Department of Water Resources,NA,NA,31419,09N06E36C001M,NA,Unknown,Unknown,5-021.65,South American,Sacramento,NA,Unknown,Unknown,NA,1981-01-19 - 2008-03-20,53,fall,50.9,78.9,NA,NA,1994,4.55,2.73,7.81,5.02,Critical,SAC,1993-10-01T00:00:00Z,1994-10-01T00:00:00Z,-121.271,38.5974
385974N1212706W001,1345668,1993-03-16T00:00:00Z,113.47,112.47,0,72.6,40.87,72.6,71.6,NA,Unknown,Water level accuracy is unknown,1,Department of Water Resources,NA,1,Department of Water Resources,NA,NA,31419,09N06E36C001M,NA,Unknown,Unknown,5-021.65,South American,Sacramento,NA,Unknown,Unknown,NA,1981-01-19 - 2008-03-20,53,spring,NA,NA,47.6,74.6,1993,12.44,8.98,22.21,8.54,Above Normal,SAC,1992-10-01T00:00:00Z,1993-10-01T00:00:00Z,-121.271,38.5974
385974N1212706W001,1345667,1992-12-15T00:00:00Z,113.47,112.47,0,74.2,39.27,74.2,73.2,NA,Unknown,Water level accuracy is unknown,1,Department of Water Resources,NA,1,Department of Water Resources,NA,NA,31419,09N06E36C001M,NA,Unknown,Unknown,5-021.65,South American,Sacramento,NA,Unknown,Unknown,NA,1981-01-19 - 2008-03-20,53,other,NA,NA,NA,NA,1993,12.44,8.98,22.21,8.54,Above Normal,SAC,1992-10-01T00:00:00Z,1993-10-01T00:00:00Z,-121.271,38.5974
385974N1212706W001,1345665,1991-03-21T00:00:00Z,113.47,112.47,0,71,42.47,71,70,NA,Unknown,Water level accuracy is unknown,1,Department of Water Resources,NA,1,Department of Water Resources,NA,NA,31419,09N06E36C001M,NA,Unknown,Unknown,5-021.65,South American,Sacramento,NA,Unknown,Unknown,NA,1981-01-19 - 2008-03-20,53,spring,NA,NA,47.6,74.6,1991,3.9,4.01,8.44,4.21,Critical,SAC,1990-10-01T00:00:00Z,1991-10-01T00:00:00Z,-121.271,38.5974
385974N1212706W001,1345664,1990-10-17T00:00:00Z,113.47,112.47,0,72.1,41.37,72.1,71.1,NA,Unknown,Water level accuracy is unknown,1,Department of Water Resources,NA,1,Department of Water Resources,NA,NA,31419,09N06E36C001M,NA,Unknown,Unknown,5-021.65,South American,Sacramento,NA,Unknown,Unknown,NA,1981-01-19 - 2008-03-20,53,fall,50.9,78.9,NA,NA,1991,3.9,4.01,8.44,4.21,Critical,SAC,1990-10-01T00:00:00Z,1991-10-01T00:00:00Z,-121.271,38.5974
385974N1212706W001,1345663,1990-03-26T00:00:00Z,113.47,112.47,0,64.6,48.87,64.6,63.6,NA,Unknown,Water level accuracy is unknown,1,Department of Water Resources,NA,1,Department of Water Resources,NA,NA,31419,09N06E36C001M,NA,Unknown,Unknown,5-021.65,South American,Sacramento,NA,Unknown,Unknown,NA,1981-01-19 - 2008-03-20,53,spring,NA,NA,47.6,74.6,1990,4.94,3.72,9.26,4.81,Critical,SAC,1989-10-01T00:00:00Z,1990-10-01T00:00:00Z,-121.271,38.5974
385974N1212706W001,1345662,1989-10-09T00:00:00Z,113.47,112.47,0,66,47.47,66,65,NA,Unknown,Water level accuracy is unknown,1,Department of Water Resources,NA,1,Department of Water Resources,NA,NA,31419,09N06E36C001M,NA,Unknown,Unknown,5-021.65,South American,Sacramento,NA,Unknown,Unknown,NA,1981-01-19 - 2008-03-20,53,fall,50.9,78.9,NA,NA,1990,4.94,3.72,9.26,4.81,Critical,SAC,1989-10-01T00:00:00Z,1990-10-01T00:00:00Z,-121.271,38.5974
385974N1212706W001,1345661,1989-03-23T00:00:00Z,113.47,112.47,0,64.2,49.27,64.2,63.2,NA,Unknown,Water level accuracy is unknown,1,Department of Water Resources,NA,1,Department of Water Resources,NA,NA,31419,09N06E36C001M,NA,Unknown,Unknown,5-021.65,South American,Sacramento,NA,Unknown,Unknown,NA,1981-01-19 - 2008-03-20,53,spring,NA,NA,47.6,74.6,1989,9.03,5.07,14.82,6.13,Dry,SAC,1988-10-01T00:00:00Z,1989-10-01T00:00:00Z,-121.271,38.5974
385974N1212706W001,1345660,1988-10-18T00:00:00Z,113.47,112.47,0,65.3,48.17,65.3,64.3,NA,Unknown,Water level accuracy is unknown,1,Department of Water Resources,NA,1,Department of Water Resources,NA,NA,31419,09N06E36C001M,NA,Unknown,Unknown,5-021.65,South American,Sacramento,NA,Unknown,Unknown,NA,1981-01-19 - 2008-03-20,53,fall,50.9,78.9,NA,NA,1989,9.03,5.07,14.82,6.13,Dry,SAC,1988-10-01T00:00:00Z,1989-10-01T00:00:00Z,-121.271,38.5974
385974N1212706W001,1345659,1988-03-15T00:00:00Z,113.47,112.47,0,61.2,52.27,61.2,60.2,NA,Unknown,Water level accuracy is unknown,1,Department of Water Resources,NA,1,Department of Water Resources,NA,NA,31419,09N06E36C001M,NA,Unknown,Unknown,5-021.65,South American,Sacramento,NA,Unknown,Unknown,NA,1981-01-19 - 2008-03-20,53,spring,NA,NA,47.6,74.6,1988,5.78,2.9,9.23,4.65,Critical,SAC,1987-10-01T00:00:00Z,1988-10-01T00:00:00Z,-121.271,38.5974
385974N1212706W001,1345658,1987-10-19T00:00:00Z,113.47,112.47,0,62,51.47,62,61,NA,Unknown,Water level accuracy is unknown,1,Department of Water Resources,NA,1,Department of Water Resources,NA,NA,31419,09N06E36C001M,NA,Unknown,Unknown,5-021.65,South American,Sacramento,NA,Unknown,Unknown,NA,1981-01-19 - 2008-03-20,53,fall,50.9,78.9,NA,NA,1988,5.78,2.9,9.23,4.65,Critical,SAC,1987-10-01T00:00:00Z,1988-10-01T00:00:00Z,-121.271,38.5974
385974N1212706W001,1345657,1987-03-19T00:00:00Z,113.47,112.47,0,56.6,56.87,56.6,55.6,NA,Unknown,Water level accuracy is unknown,1,Department of Water Resources,NA,1,Department of Water Resources,NA,NA,31419,09N06E36C001M,NA,Unknown,Unknown,5-021.65,South American,Sacramento,NA,Unknown,Unknown,NA,1981-01-19 - 2008-03-20,53,spring,NA,NA,47.6,74.6,1987,5.85,2.8,9.27,5.86,Dry,SAC,1986-10-01T00:00:00Z,1987-10-01T00:00:00Z,-121.271,38.5974
385974N1212706W001,1345656,1986-10-22T00:00:00Z,113.47,112.47,0,56.9,56.57,56.9,55.9,NA,Unknown,Water level accuracy is unknown,1,Department of Water Resources,NA,1,Department of Water Resources,NA,NA,31419,09N06E36C001M,NA,Unknown,Unknown,5-021.65,South American,Sacramento,NA,Unknown,Unknown,NA,1981-01-19 - 2008-03-20,53,fall,50.9,78.9,NA,NA,1987,5.85,2.8,9.27,5.86,Dry,SAC,1986-10-01T00:00:00Z,1987-10-01T00:00:00Z,-121.271,38.5974
385974N1212706W001,1345655,1986-03-12T00:00:00Z,113.47,112.47,0,56.3,57.17,56.3,55.3,NA,Unknown,Water level accuracy is unknown,1,Department of Water Resources,NA,1,Department of Water Resources,NA,NA,31419,09N06E36C001M,NA,Unknown,Unknown,5-021.65,South American,Sacramento,NA,Unknown,Unknown,NA,1981-01-19 - 2008-03-20,53,spring,NA,NA,47.6,74.6,1986,19.45,5.45,25.83,9.96,Wet,SAC,1985-10-01T00:00:00Z,1986-10-01T00:00:00Z,-121.271,38.5974
385974N1212706W001,1345654,1985-10-16T00:00:00Z,113.47,112.47,0,60.9,52.57,60.9,59.9,NA,Unknown,Water level accuracy is unknown,1,Department of Water Resources,NA,1,Department of Water Resources,NA,NA,31419,09N06E36C001M,NA,Unknown,Unknown,5-021.65,South American,Sacramento,NA,Unknown,Unknown,NA,1981-01-19 - 2008-03-20,53,fall,50.9,78.9,NA,NA,1986,19.45,5.45,25.83,9.96,Wet,SAC,1985-10-01T00:00:00Z,1986-10-01T00:00:00Z,-121.271,38.5974
385974N1212706W001,1345653,1985-03-07T00:00:00Z,113.47,112.47,0,53.7,59.77,53.7,52.7,NA,Unknown,Water level accuracy is unknown,1,Department of Water Resources,NA,1,Department of Water Resources,NA,NA,31419,09N06E36C001M,NA,Unknown,Unknown,5-021.65,South American,Sacramento,NA,Unknown,Unknown,NA,1981-01-19 - 2008-03-20,53,spring,NA,NA,47.6,74.6,1985,6.24,4,11.04,6.47,Dry,SAC,1984-10-01T00:00:00Z,1985-10-01T00:00:00Z,-121.271,38.5974
385974N1212706W001,1345652,1984-10-19T00:00:00Z,113.47,112.47,0,54.4,59.07,54.4,53.4,NA,Unknown,Water level accuracy is unknown,1,Department of Water Resources,NA,1,Department of Water Resources,NA,NA,31419,09N06E36C001M,NA,Unknown,Unknown,5-021.65,South American,Sacramento,NA,Unknown,Unknown,NA,1981-01-19 - 2008-03-20,53,fall,50.9,78.9,NA,NA,1985,6.24,4,11.04,6.47,Dry,SAC,1984-10-01T00:00:00Z,1985-10-01T00:00:00Z,-121.271,38.5974
385974N1212706W001,1345651,1984-03-14T00:00:00Z,113.47,112.47,0,48.6,64.87,48.6,47.6,NA,Unknown,Water level accuracy is unknown,1,Department of Water Resources,NA,1,Department of Water Resources,NA,NA,31419,09N06E36C001M,NA,Unknown,Unknown,5-021.65,South American,Sacramento,NA,Unknown,Unknown,NA,1981-01-19 - 2008-03-20,53,spring,NA,NA,47.6,74.6,1984,15.98,5.52,22.35,10,Wet,SAC,1983-10-01T00:00:00Z,1984-10-01T00:00:00Z,-121.271,38.5974
385974N1212706W001,1345650,1983-10-07T00:00:00Z,113.47,112.47,0,51.9,61.57,51.9,50.9,NA,Unknown,Water level accuracy is unknown,1,Department of Water Resources,NA,1,Department of Water Resources,NA,NA,31419,09N06E36C001M,NA,Unknown,Unknown,5-021.65,South American,Sacramento,NA,Unknown,Unknown,NA,1981-01-19 - 2008-03-20,53,fall,50.9,78.9,NA,NA,1984,15.98,5.52,22.35,10,Wet,SAC,1983-10-01T00:00:00Z,1984-10-01T00:00:00Z,-121.271,38.5974
385974N1212706W001,1345649,1983-03-25T00:00:00Z,113.47,112.47,0,52.4,61.07,52.4,51.4,NA,Unknown,Water level accuracy is unknown,1,Department of Water Resources,NA,1,Department of Water Resources,NA,NA,31419,09N06E36C001M,NA,Unknown,Unknown,5-021.65,South American,Sacramento,NA,Unknown,Unknown,NA,1981-01-19 - 2008-03-20,53,spring,NA,NA,47.6,74.6,1983,22.75,13.66,37.68,15.29,Wet,SAC,1982-10-01T00:00:00Z,1983-10-01T00:00:00Z,-121.271,38.5974
385974N1212706W001,1345648,1982-10-20T00:00:00Z,113.47,112.47,0,60.3,53.17,60.3,59.3,NA,Unknown,Water level accuracy is unknown,1,Department of Water Resources,NA,1,Department of Water Resources,NA,NA,31419,09N06E36C001M,NA,Unknown,Unknown,5-021.65,South American,Sacramento,NA,Unknown,Unknown,NA,1981-01-19 - 2008-03-20,53,fall,50.9,78.9,NA,NA,1983,22.75,13.66,37.68,15.29,Wet,SAC,1982-10-01T00:00:00Z,1983-10-01T00:00:00Z,-121.271,38.5974
385974N1212706W001,1345647,1982-03-22T00:00:00Z,113.47,112.47,0,65.1,48.37,65.1,64.1,NA,Unknown,Water level accuracy is unknown,1,Department of Water Resources,NA,1,Department of Water Resources,NA,NA,31419,09N06E36C001M,NA,Unknown,Unknown,5-021.65,South American,Sacramento,NA,Unknown,Unknown,NA,1981-01-19 - 2008-03-20,53,spring,NA,NA,47.6,74.6,1982,20.56,11.82,33.41,12.76,Wet,SAC,1981-10-01T00:00:00Z,1982-10-01T00:00:00Z,-121.271,38.5974
385974N1212706W001,1345646,1981-10-01T00:00:00Z,113.47,112.47,0,78.5,34.97,78.5,77.5,NA,Unknown,Water level accuracy is unknown,1,Department of Water Resources,NA,1,Department of Water Resources,NA,NA,31419,09N06E36C001M,NA,Unknown,Unknown,5-021.65,South American,Sacramento,NA,Unknown,Unknown,NA,1981-01-19 - 2008-03-20,53,fall,50.9,78.9,NA,NA,1982,20.56,11.82,33.41,12.76,Wet,SAC,1981-10-01T00:00:00Z,1982-10-01T00:00:00Z,-121.271,38.5974
385974N1212706W001,1345645,1981-01-19T00:00:00Z,113.47,112.47,0,65.4,48.07,65.4,64.4,NA,Unknown,Water level accuracy is unknown,1,Department of Water Resources,NA,1,Department of Water Resources,NA,NA,31419,09N06E36C001M,NA,Unknown,Unknown,5-021.65,South American,Sacramento,NA,Unknown,Unknown,NA,1981-01-19 - 2008-03-20,53,other,NA,NA,NA,NA,1981,6.81,3.63,11.1,6.21,Dry,SAC,1980-10-01T00:00:00Z,1981-10-01T00:00:00Z,-121.271,38.5974
