SITE_CODE,WLM_ID,MSMT_DATE,WLM_RPE,WLM_GSE,RDNG_WS,RDNG_RP,WSE,RPE_WSE,GSE_WSE,WLM_QA_DESC,WLM_DESC,WLM_ACC_DESC,WLM_ORG_ID,WLM_ORG_NAME,MSMT_CMT,COOP_AGENCY_ORG_ID,COOP_ORG_NAME,TOP_PRF,BOT_PRF,STN_ID,SWN,WELL_NAME,WLM_METHOD,WLM_ACC,BASIN_CODE,BASIN_NAME,COUNTY_NAME,WELL_DEPTH,WELL_USE,WELL_TYPE,WCR_NO,t_range,n_samples,season,fall_high,fall_low,spring_high,spring_low,water_year,Oct.Mar,Apr.Jul,WYsum,Index,water_year_type,region,water_year_start,water_year_end,X,Y
385923N1211621W001,2630615,2020-06-23T00:00:00Z,314.48,312.48,0,204,110.48,204,202,NA,Electric sounder measurement,Water level accuracy to nearest tenth of a foot,1,Department of Water Resources,Run 17,1,Department of Water Resources,197,269,9661,09N07E36F001M,NA,Unknown,Unknown,5-021.65,South American,Sacramento,285,Residential,Unknown,36418,1979-10-05 - 2020-09-16,159,other,NA,NA,NA,NA,2019,13.11,10.66,24.77,10.34,Wet,SAC,2019-10-01T00:00:00Z,2020-10-01T00:00:00Z,-121.162,38.5923
385923N1211621W001,2538588,2020-03-05T00:00:00Z,314.48,312.48,0,201,113.48,201,199,NA,Electric sounder measurement,Water level accuracy to nearest tenth of a foot,1,Department of Water Resources,NA,1,Department of Water Resources,197,269,9661,09N07E36F001M,NA,Unknown,Unknown,5-021.65,South American,Sacramento,285,Residential,Unknown,36418,1979-10-05 - 2020-09-16,159,spring,NA,NA,132.2,199,2019,13.11,10.66,24.77,10.34,Wet,SAC,2019-10-01T00:00:00Z,2020-10-01T00:00:00Z,-121.162,38.5923
385923N1211621W001,2484878,2019-11-07T00:00:00Z,314.48,312.48,0,200.3,114.18,200.3,198.3,NA,Electric sounder measurement,Water level accuracy to nearest tenth of a foot,1,Department of Water Resources,NA,1,Department of Water Resources,197,269,9661,09N07E36F001M,NA,Unknown,Unknown,5-021.65,South American,Sacramento,285,Residential,Unknown,36418,1979-10-05 - 2020-09-16,159,fall,132.1,198.3,NA,NA,2019,13.11,10.66,24.77,10.34,Wet,SAC,2019-10-01T00:00:00Z,2020-10-01T00:00:00Z,-121.162,38.5923
385923N1211621W001,2469033,2019-07-05T00:00:00Z,314.48,312.48,0,203.8,110.68,203.8,201.8,NA,Electric sounder measurement,Water level accuracy to nearest tenth of a foot,1,Department of Water Resources,NA,1,Department of Water Resources,197,269,9661,09N07E36F001M,NA,Unknown,Unknown,5-021.65,South American,Sacramento,285,Residential,Unknown,36418,1979-10-05 - 2020-09-16,159,other,NA,NA,NA,NA,2018,7.09,5.05,12.86,7.14,Below Normal,SAC,2018-10-01T00:00:00Z,2019-10-01T00:00:00Z,-121.162,38.5923
385923N1211621W001,2465069,2019-06-10T00:00:00Z,314.48,312.48,0,209.4,105.08,209.4,207.4,NA,Electric sounder measurement,Water level accuracy to nearest tenth of a foot,1,Department of Water Resources,NA,1,Department of Water Resources,197,269,9661,09N07E36F001M,NA,Unknown,Unknown,5-021.65,South American,Sacramento,285,Residential,Unknown,36418,1979-10-05 - 2020-09-16,159,other,NA,NA,NA,NA,2018,7.09,5.05,12.86,7.14,Below Normal,SAC,2018-10-01T00:00:00Z,2019-10-01T00:00:00Z,-121.162,38.5923
385923N1211621W001,2460918,2019-05-17T00:00:00Z,314.48,312.48,0,200.1,114.38,200.1,198.1,NA,Electric sounder measurement,Water level accuracy to nearest tenth of a foot,1,Department of Water Resources,NA,1,Department of Water Resources,197,269,9661,09N07E36F001M,NA,Unknown,Unknown,5-021.65,South American,Sacramento,285,Residential,Unknown,36418,1979-10-05 - 2020-09-16,159,spring,NA,NA,132.2,199,2018,7.09,5.05,12.86,7.14,Below Normal,SAC,2018-10-01T00:00:00Z,2019-10-01T00:00:00Z,-121.162,38.5923
385923N1211621W001,2451743,2019-04-02T00:00:00Z,314.48,312.48,0,197.1,117.38,197.1,195.1,NA,Electric sounder measurement,Water level accuracy to nearest tenth of a foot,1,Department of Water Resources,NA,1,Department of Water Resources,197,269,9661,09N07E36F001M,NA,Unknown,Unknown,5-021.65,South American,Sacramento,285,Residential,Unknown,36418,1979-10-05 - 2020-09-16,159,spring,NA,NA,132.2,199,2018,7.09,5.05,12.86,7.14,Below Normal,SAC,2018-10-01T00:00:00Z,2019-10-01T00:00:00Z,-121.162,38.5923
385923N1211621W001,2450046,2019-03-04T00:00:00Z,314.48,312.48,0,195.9,118.58,195.9,193.9,NA,Electric sounder measurement,Water level accuracy to nearest tenth of a foot,1,Department of Water Resources,NA,1,Department of Water Resources,197,269,9661,09N07E36F001M,NA,Unknown,Unknown,5-021.65,South American,Sacramento,285,Residential,Unknown,36418,1979-10-05 - 2020-09-16,159,spring,NA,NA,132.2,199,2018,7.09,5.05,12.86,7.14,Below Normal,SAC,2018-10-01T00:00:00Z,2019-10-01T00:00:00Z,-121.162,38.5923
385923N1211621W001,2450031,2019-02-11T00:00:00Z,314.48,312.48,0,196.8,117.68,196.8,194.8,NA,Electric sounder measurement,Water level accuracy to nearest tenth of a foot,1,Department of Water Resources,NA,1,Department of Water Resources,197,269,9661,09N07E36F001M,NA,Unknown,Unknown,5-021.65,South American,Sacramento,285,Residential,Unknown,36418,1979-10-05 - 2020-09-16,159,other,NA,NA,NA,NA,2018,7.09,5.05,12.86,7.14,Below Normal,SAC,2018-10-01T00:00:00Z,2019-10-01T00:00:00Z,-121.162,38.5923
385923N1211621W001,2433670,2018-12-07T00:00:00Z,314.48,312.48,0,196,118.48,196,194,NA,Electric sounder measurement,Water level accuracy to nearest tenth of a foot,1,Department of Water Resources,NA,1,Department of Water Resources,197,269,9661,09N07E36F001M,NA,Unknown,Unknown,5-021.65,South American,Sacramento,285,Residential,Unknown,36418,1979-10-05 - 2020-09-16,159,other,NA,NA,NA,NA,2018,7.09,5.05,12.86,7.14,Below Normal,SAC,2018-10-01T00:00:00Z,2019-10-01T00:00:00Z,-121.162,38.5923
385923N1211621W001,2429269,2018-11-02T00:00:00Z,314.48,312.48,0,196.8,117.68,196.8,194.8,NA,Electric sounder measurement,Water level accuracy to nearest tenth of a foot,1,Department of Water Resources,NA,1,Department of Water Resources,197,269,9661,09N07E36F001M,NA,Unknown,Unknown,5-021.65,South American,Sacramento,285,Residential,Unknown,36418,1979-10-05 - 2020-09-16,159,fall,132.1,198.3,NA,NA,2018,7.09,5.05,12.86,7.14,Below Normal,SAC,2018-10-01T00:00:00Z,2019-10-01T00:00:00Z,-121.162,38.5923
385923N1211621W001,2411706,2018-10-02T00:00:00Z,314.48,312.48,0,200.1,114.38,200.1,198.1,NA,Electric sounder measurement,Water level accuracy to nearest tenth of a foot,1,Department of Water Resources,NA,1,Department of Water Resources,197,269,9661,09N07E36F001M,NA,Unknown,Unknown,5-021.65,South American,Sacramento,285,Residential,Unknown,36418,1979-10-05 - 2020-09-16,159,fall,132.1,198.3,NA,NA,2018,7.09,5.05,12.86,7.14,Below Normal,SAC,2018-10-01T00:00:00Z,2019-10-01T00:00:00Z,-121.162,38.5923
385923N1211621W001,2409294,2018-08-15T00:00:00Z,314.48,312.48,0,196.8,117.68,196.8,194.8,NA,Electric sounder measurement,Water level accuracy to nearest tenth of a foot,1,Department of Water Resources,NA,1,Department of Water Resources,197,269,9661,09N07E36F001M,NA,Unknown,Unknown,5-021.65,South American,Sacramento,285,Residential,Unknown,36418,1979-10-05 - 2020-09-16,159,fall,132.1,198.3,NA,NA,2017,26.17,10.69,37.82,14.14,Wet,SAC,2017-10-01T00:00:00Z,2018-10-01T00:00:00Z,-121.162,38.5923
385923N1211621W001,2307683,2018-07-02T00:00:00Z,314.48,312.48,0,198.9,115.58,198.9,196.9,NA,Electric sounder measurement,Water level accuracy to nearest tenth of a foot,1,Department of Water Resources,NA,1,Department of Water Resources,197,269,9661,09N07E36F001M,NA,Unknown,Unknown,5-021.65,South American,Sacramento,285,Residential,Unknown,36418,1979-10-05 - 2020-09-16,159,other,NA,NA,NA,NA,2017,26.17,10.69,37.82,14.14,Wet,SAC,2017-10-01T00:00:00Z,2018-10-01T00:00:00Z,-121.162,38.5923
385923N1211621W001,2287193,2018-04-10T10:30:00Z,314.48,312.48,0,194.6,119.88,194.6,192.6,NA,Electric sounder measurement,Water level accuracy to nearest tenth of a foot,1,Department of Water Resources,NA,1,Department of Water Resources,197,269,9661,09N07E36F001M,NA,Unknown,Unknown,5-021.65,South American,Sacramento,285,Residential,Unknown,36418,1979-10-05 - 2020-09-16,159,spring,NA,NA,132.2,199,2017,26.17,10.69,37.82,14.14,Wet,SAC,2017-10-01T00:00:00Z,2018-10-01T00:00:00Z,-121.162,38.5923
385923N1211621W001,2283576,2018-03-06T10:30:00Z,314.48,312.48,0,194.5,119.98,194.5,192.5,NA,Electric sounder measurement,Water level accuracy to nearest tenth of a foot,1,Department of Water Resources,NA,1,Department of Water Resources,197,269,9661,09N07E36F001M,NA,Unknown,Unknown,5-021.65,South American,Sacramento,285,Residential,Unknown,36418,1979-10-05 - 2020-09-16,159,spring,NA,NA,132.2,199,2017,26.17,10.69,37.82,14.14,Wet,SAC,2017-10-01T00:00:00Z,2018-10-01T00:00:00Z,-121.162,38.5923
385923N1211621W001,2283336,2018-02-09T00:00:00Z,314.48,312.48,0,194.5,119.98,194.5,192.5,NA,Electric sounder measurement,Water level accuracy to nearest tenth of a foot,1,Department of Water Resources,NA,1,Department of Water Resources,197,269,9661,09N07E36F001M,NA,Unknown,Unknown,5-021.65,South American,Sacramento,285,Residential,Unknown,36418,1979-10-05 - 2020-09-16,159,other,NA,NA,NA,NA,2017,26.17,10.69,37.82,14.14,Wet,SAC,2017-10-01T00:00:00Z,2018-10-01T00:00:00Z,-121.162,38.5923
385923N1211621W001,2433930,2018-01-08T00:00:00Z,314.48,312.48,0,196.1,118.38,196.1,194.1,NA,Electric sounder measurement,Water level accuracy to nearest tenth of a foot,1,Department of Water Resources,NA,1,Department of Water Resources,197,269,9661,09N07E36F001M,NA,Unknown,Unknown,5-021.65,South American,Sacramento,285,Residential,Unknown,36418,1979-10-05 - 2020-09-16,159,other,NA,NA,NA,NA,2017,26.17,10.69,37.82,14.14,Wet,SAC,2017-10-01T00:00:00Z,2018-10-01T00:00:00Z,-121.162,38.5923
385923N1211621W001,2268294,2017-10-25T00:00:00Z,314.48,312.48,0,195.5,118.98,195.5,193.5,NA,Electric sounder measurement,Water level accuracy to nearest tenth of a foot,1,Department of Water Resources,NA,1,Department of Water Resources,197,269,9661,09N07E36F001M,NA,Unknown,Unknown,5-021.65,South American,Sacramento,285,Residential,Unknown,36418,1979-10-05 - 2020-09-16,159,fall,132.1,198.3,NA,NA,2017,26.17,10.69,37.82,14.14,Wet,SAC,2017-10-01T00:00:00Z,2018-10-01T00:00:00Z,-121.162,38.5923
385923N1211621W001,2263296,2017-09-26T00:00:00Z,314.48,312.48,0,195.3,119.18,195.3,193.3,NA,Electric sounder measurement,Water level accuracy to nearest tenth of a foot,1,Department of Water Resources,NA,1,Department of Water Resources,197,269,9661,09N07E36F001M,NA,Unknown,Unknown,5-021.65,South American,Sacramento,285,Residential,Unknown,36418,1979-10-05 - 2020-09-16,159,fall,132.1,198.3,NA,NA,2016,12.24,4.6,17.48,6.71,Below Normal,SAC,2016-10-01T00:00:00Z,2017-10-01T00:00:00Z,-121.162,38.5923
385923N1211621W001,2263295,2017-08-30T00:00:00Z,314.48,312.48,0,195.2,119.28,195.2,193.2,NA,Electric sounder measurement,Water level accuracy to nearest tenth of a foot,1,Department of Water Resources,NA,1,Department of Water Resources,197,269,9661,09N07E36F001M,NA,Unknown,Unknown,5-021.65,South American,Sacramento,285,Residential,Unknown,36418,1979-10-05 - 2020-09-16,159,fall,132.1,198.3,NA,NA,2016,12.24,4.6,17.48,6.71,Below Normal,SAC,2016-10-01T00:00:00Z,2017-10-01T00:00:00Z,-121.162,38.5923
385923N1211621W001,2263294,2017-06-27T00:00:00Z,314.48,312.48,0,193.6,120.88,193.6,191.6,NA,Electric sounder measurement,Water level accuracy to nearest tenth of a foot,1,Department of Water Resources,NA,1,Department of Water Resources,197,269,9661,09N07E36F001M,NA,Unknown,Unknown,5-021.65,South American,Sacramento,285,Residential,Unknown,36418,1979-10-05 - 2020-09-16,159,other,NA,NA,NA,NA,2016,12.24,4.6,17.48,6.71,Below Normal,SAC,2016-10-01T00:00:00Z,2017-10-01T00:00:00Z,-121.162,38.5923
385923N1211621W001,2263293,2017-05-08T00:00:00Z,314.48,312.48,0,192,122.48,192,190,NA,Electric sounder measurement,Water level accuracy to nearest tenth of a foot,1,Department of Water Resources,NA,1,Department of Water Resources,197,269,9661,09N07E36F001M,NA,Unknown,Unknown,5-021.65,South American,Sacramento,285,Residential,Unknown,36418,1979-10-05 - 2020-09-16,159,spring,NA,NA,132.2,199,2016,12.24,4.6,17.48,6.71,Below Normal,SAC,2016-10-01T00:00:00Z,2017-10-01T00:00:00Z,-121.162,38.5923
385923N1211621W001,2263292,2017-04-20T00:00:00Z,314.48,312.48,0,191.4,123.08,191.4,189.4,NA,Electric sounder measurement,Water level accuracy to nearest tenth of a foot,1,Department of Water Resources,NA,1,Department of Water Resources,197,269,9661,09N07E36F001M,NA,Unknown,Unknown,5-021.65,South American,Sacramento,285,Residential,Unknown,36418,1979-10-05 - 2020-09-16,159,spring,NA,NA,132.2,199,2016,12.24,4.6,17.48,6.71,Below Normal,SAC,2016-10-01T00:00:00Z,2017-10-01T00:00:00Z,-121.162,38.5923
385923N1211621W001,2237484,2017-03-06T00:00:00Z,314.48,312.48,0,191.6,122.88,191.6,189.6,NA,Electric sounder measurement,Water level accuracy to nearest tenth of a foot,1,Department of Water Resources,NA,1,Department of Water Resources,197,269,9661,09N07E36F001M,NA,Unknown,Unknown,5-021.65,South American,Sacramento,285,Residential,Unknown,36418,1979-10-05 - 2020-09-16,159,spring,NA,NA,132.2,199,2016,12.24,4.6,17.48,6.71,Below Normal,SAC,2016-10-01T00:00:00Z,2017-10-01T00:00:00Z,-121.162,38.5923
385923N1211621W001,2230610,2017-01-13T00:00:00Z,314.48,312.48,0,191,123.48,191,189,NA,Electric sounder measurement,Water level accuracy to nearest tenth of a foot,1,Department of Water Resources,NA,1,Department of Water Resources,197,269,9661,09N07E36F001M,NA,Unknown,Unknown,5-021.65,South American,Sacramento,285,Residential,Unknown,36418,1979-10-05 - 2020-09-16,159,other,NA,NA,NA,NA,2016,12.24,4.6,17.48,6.71,Below Normal,SAC,2016-10-01T00:00:00Z,2017-10-01T00:00:00Z,-121.162,38.5923
385923N1211621W001,2223644,2016-12-19T00:00:00Z,314.48,312.48,0,188.5,125.98,188.5,186.5,NA,Electric sounder measurement,Water level accuracy to nearest tenth of a foot,1,Department of Water Resources,NA,1,Department of Water Resources,197,269,9661,09N07E36F001M,NA,Unknown,Unknown,5-021.65,South American,Sacramento,285,Residential,Unknown,36418,1979-10-05 - 2020-09-16,159,other,NA,NA,NA,NA,2016,12.24,4.6,17.48,6.71,Below Normal,SAC,2016-10-01T00:00:00Z,2017-10-01T00:00:00Z,-121.162,38.5923
385923N1211621W001,2220286,2016-11-21T00:00:00Z,314.48,312.48,0,189.4,125.08,189.4,187.4,NA,Electric sounder measurement,Water level accuracy to nearest tenth of a foot,1,Department of Water Resources,NA,1,Department of Water Resources,197,269,9661,09N07E36F001M,NA,Unknown,Unknown,5-021.65,South American,Sacramento,285,Residential,Unknown,36418,1979-10-05 - 2020-09-16,159,fall,132.1,198.3,NA,NA,2016,12.24,4.6,17.48,6.71,Below Normal,SAC,2016-10-01T00:00:00Z,2017-10-01T00:00:00Z,-121.162,38.5923
385923N1211621W001,2214327,2016-10-18T00:00:00Z,314.48,312.48,0,191.7,122.78,191.7,189.7,NA,Electric sounder measurement,Water level accuracy to nearest tenth of a foot,1,Department of Water Resources,NA,1,Department of Water Resources,197,269,9661,09N07E36F001M,NA,Unknown,Unknown,5-021.65,South American,Sacramento,285,Residential,Unknown,36418,1979-10-05 - 2020-09-16,159,fall,132.1,198.3,NA,NA,2016,12.24,4.6,17.48,6.71,Below Normal,SAC,2016-10-01T00:00:00Z,2017-10-01T00:00:00Z,-121.162,38.5923
385923N1211621W001,2211416,2016-09-13T00:00:00Z,314.48,312.48,0,191.4,123.08,191.4,189.4,NA,Electric sounder measurement,Water level accuracy to nearest tenth of a foot,1,Department of Water Resources,NA,1,Department of Water Resources,197,269,9661,09N07E36F001M,NA,Unknown,Unknown,5-021.65,South American,Sacramento,285,Residential,Unknown,36418,1979-10-05 - 2020-09-16,159,fall,132.1,198.3,NA,NA,2015,6.91,1.77,9.23,4,Critical,SAC,2015-10-01T00:00:00Z,2016-10-01T00:00:00Z,-121.162,38.5923
385923N1211621W001,2211430,2016-08-18T00:00:00Z,314.48,312.48,0,190.6,123.88,190.6,188.6,NA,Electric sounder measurement,Water level accuracy to nearest tenth of a foot,1,Department of Water Resources,NA,1,Department of Water Resources,197,269,9661,09N07E36F001M,NA,Unknown,Unknown,5-021.65,South American,Sacramento,285,Residential,Unknown,36418,1979-10-05 - 2020-09-16,159,fall,132.1,198.3,NA,NA,2015,6.91,1.77,9.23,4,Critical,SAC,2015-10-01T00:00:00Z,2016-10-01T00:00:00Z,-121.162,38.5923
385923N1211621W001,2201405,2016-07-18T00:00:00Z,314.48,312.48,0,224,90.48,224,222,Pumping,Electric sounder measurement,Water level accuracy to nearest tenth of a foot,1,Department of Water Resources,NA,1,Department of Water Resources,197,269,9661,09N07E36F001M,NA,Unknown,Unknown,5-021.65,South American,Sacramento,285,Residential,Unknown,36418,1979-10-05 - 2020-09-16,159,other,NA,NA,NA,NA,2015,6.91,1.77,9.23,4,Critical,SAC,2015-10-01T00:00:00Z,2016-10-01T00:00:00Z,-121.162,38.5923
385923N1211621W001,2199300,2016-06-30T00:00:00Z,314.48,312.48,0,190.3,124.18,190.3,188.3,NA,Electric sounder measurement,Water level accuracy to nearest tenth of a foot,1,Department of Water Resources,NA,1,Department of Water Resources,197,269,9661,09N07E36F001M,NA,Unknown,Unknown,5-021.65,South American,Sacramento,285,Residential,Unknown,36418,1979-10-05 - 2020-09-16,159,other,NA,NA,NA,NA,2015,6.91,1.77,9.23,4,Critical,SAC,2015-10-01T00:00:00Z,2016-10-01T00:00:00Z,-121.162,38.5923
385923N1211621W001,2196960,2016-05-26T00:00:00Z,314.48,312.48,0,189,125.48,189,187,NA,Electric sounder measurement,Water level accuracy to nearest tenth of a foot,1,Department of Water Resources,NA,1,Department of Water Resources,197,269,9661,09N07E36F001M,NA,Unknown,Unknown,5-021.65,South American,Sacramento,285,Residential,Unknown,36418,1979-10-05 - 2020-09-16,159,spring,NA,NA,132.2,199,2015,6.91,1.77,9.23,4,Critical,SAC,2015-10-01T00:00:00Z,2016-10-01T00:00:00Z,-121.162,38.5923
385923N1211621W001,2192094,2016-04-19T00:00:00Z,314.48,312.48,0,188.7,125.78,188.7,186.7,NA,Electric sounder measurement,Water level accuracy to nearest tenth of a foot,1,Department of Water Resources,NA,1,Department of Water Resources,197,269,9661,09N07E36F001M,NA,Unknown,Unknown,5-021.65,South American,Sacramento,285,Residential,Unknown,36418,1979-10-05 - 2020-09-16,159,spring,NA,NA,132.2,199,2015,6.91,1.77,9.23,4,Critical,SAC,2015-10-01T00:00:00Z,2016-10-01T00:00:00Z,-121.162,38.5923
385923N1211621W001,2185778,2016-03-24T00:00:00Z,314.48,312.48,0,187.4,127.08,187.4,185.4,NA,Electric sounder measurement,Water level accuracy to nearest tenth of a foot,1,Department of Water Resources,NA,1,Department of Water Resources,197,269,9661,09N07E36F001M,NA,Unknown,Unknown,5-021.65,South American,Sacramento,285,Residential,Unknown,36418,1979-10-05 - 2020-09-16,159,spring,NA,NA,132.2,199,2015,6.91,1.77,9.23,4,Critical,SAC,2015-10-01T00:00:00Z,2016-10-01T00:00:00Z,-121.162,38.5923
385923N1211621W001,2181001,2016-01-25T00:00:00Z,314.48,312.48,0,186.5,127.98,186.5,184.5,NA,Electric sounder measurement,Water level accuracy to nearest tenth of a foot,1,Department of Water Resources,NA,1,Department of Water Resources,197,269,9661,09N07E36F001M,NA,Unknown,Unknown,5-021.65,South American,Sacramento,285,Residential,Unknown,36418,1979-10-05 - 2020-09-16,159,other,NA,NA,NA,NA,2015,6.91,1.77,9.23,4,Critical,SAC,2015-10-01T00:00:00Z,2016-10-01T00:00:00Z,-121.162,38.5923
385923N1211621W001,2178019,2015-12-29T00:00:00Z,314.48,312.48,0,186.4,128.08,186.4,184.4,NA,Electric sounder measurement,Water level accuracy to nearest tenth of a foot,1,Department of Water Resources,NA,1,Department of Water Resources,197,269,9661,09N07E36F001M,NA,Unknown,Unknown,5-021.65,South American,Sacramento,285,Residential,Unknown,36418,1979-10-05 - 2020-09-16,159,other,NA,NA,NA,NA,2015,6.91,1.77,9.23,4,Critical,SAC,2015-10-01T00:00:00Z,2016-10-01T00:00:00Z,-121.162,38.5923
385923N1211621W001,2175814,2015-11-16T00:00:00Z,314.48,312.48,0,186.7,127.78,186.7,184.7,NA,Electric sounder measurement,Water level accuracy to nearest tenth of a foot,1,Department of Water Resources,NA,1,Department of Water Resources,197,269,9661,09N07E36F001M,NA,Unknown,Unknown,5-021.65,South American,Sacramento,285,Residential,Unknown,36418,1979-10-05 - 2020-09-16,159,fall,132.1,198.3,NA,NA,2015,6.91,1.77,9.23,4,Critical,SAC,2015-10-01T00:00:00Z,2016-10-01T00:00:00Z,-121.162,38.5923
385923N1211621W001,2157732,2015-10-13T00:00:00Z,314.48,312.48,0,187.1,127.38,187.1,185.1,NA,Electric sounder measurement,Water level accuracy to nearest tenth of a foot,1,Department of Water Resources,NA,1,Department of Water Resources,197,269,9661,09N07E36F001M,NA,Unknown,Unknown,5-021.65,South American,Sacramento,285,Residential,Unknown,36418,1979-10-05 - 2020-09-16,159,fall,132.1,198.3,NA,NA,2015,6.91,1.77,9.23,4,Critical,SAC,2015-10-01T00:00:00Z,2016-10-01T00:00:00Z,-121.162,38.5923
385923N1211621W001,2146984,2015-07-07T00:00:00Z,314.48,312.48,0,184.4,130.08,184.4,182.4,NA,Electric sounder measurement,Water level accuracy to nearest tenth of a foot,1,Department of Water Resources,NA,1,Department of Water Resources,197,269,9661,09N07E36F001M,NA,Unknown,Unknown,5-021.65,South American,Sacramento,285,Residential,Unknown,36418,1979-10-05 - 2020-09-16,159,other,NA,NA,NA,NA,2014,4.29,2.59,7.46,4.07,Critical,SAC,2014-10-01T00:00:00Z,2015-10-01T00:00:00Z,-121.162,38.5923
385923N1211621W001,2143354,2015-06-25T00:00:00Z,314.48,312.48,0,183.6,130.88,183.6,181.6,NA,Electric sounder measurement,Water level accuracy to nearest tenth of a foot,1,Department of Water Resources,NA,1,Department of Water Resources,197,269,9661,09N07E36F001M,NA,Unknown,Unknown,5-021.65,South American,Sacramento,285,Residential,Unknown,36418,1979-10-05 - 2020-09-16,159,other,NA,NA,NA,NA,2014,4.29,2.59,7.46,4.07,Critical,SAC,2014-10-01T00:00:00Z,2015-10-01T00:00:00Z,-121.162,38.5923
385923N1211621W001,2140438,2015-05-28T00:00:00Z,314.48,312.48,0,183.8,130.68,183.8,181.8,NA,Electric sounder measurement,Water level accuracy to nearest tenth of a foot,1,Department of Water Resources,NA,1,Department of Water Resources,197,269,9661,09N07E36F001M,NA,Unknown,Unknown,5-021.65,South American,Sacramento,285,Residential,Unknown,36418,1979-10-05 - 2020-09-16,159,spring,NA,NA,132.2,199,2014,4.29,2.59,7.46,4.07,Critical,SAC,2014-10-01T00:00:00Z,2015-10-01T00:00:00Z,-121.162,38.5923
385923N1211621W001,2136204,2015-04-20T00:00:00Z,314.48,312.48,0,182.7,131.78,182.7,180.7,NA,Electric sounder measurement,Water level accuracy to nearest tenth of a foot,1,Department of Water Resources,NA,1,Department of Water Resources,197,269,9661,09N07E36F001M,NA,Unknown,Unknown,5-021.65,South American,Sacramento,285,Residential,Unknown,36418,1979-10-05 - 2020-09-16,159,spring,NA,NA,132.2,199,2014,4.29,2.59,7.46,4.07,Critical,SAC,2014-10-01T00:00:00Z,2015-10-01T00:00:00Z,-121.162,38.5923
385923N1211621W001,2119301,2015-03-24T00:00:00Z,314.48,312.48,0,181.9,132.58,181.9,179.9,NA,Electric sounder measurement,Water level accuracy to nearest tenth of a foot,1,Department of Water Resources,NA,1,Department of Water Resources,197,269,9661,09N07E36F001M,NA,Unknown,Unknown,5-021.65,South American,Sacramento,285,Residential,Unknown,36418,1979-10-05 - 2020-09-16,159,spring,NA,NA,132.2,199,2014,4.29,2.59,7.46,4.07,Critical,SAC,2014-10-01T00:00:00Z,2015-10-01T00:00:00Z,-121.162,38.5923
385923N1211621W001,2115206,2015-02-24T00:00:00Z,314.48,312.48,0,181.6,132.88,181.6,179.6,NA,Electric sounder measurement,Water level accuracy to nearest tenth of a foot,1,Department of Water Resources,NA,1,Department of Water Resources,197,269,9661,09N07E36F001M,NA,Unknown,Unknown,5-021.65,South American,Sacramento,285,Residential,Unknown,36418,1979-10-05 - 2020-09-16,159,other,NA,NA,NA,NA,2014,4.29,2.59,7.46,4.07,Critical,SAC,2014-10-01T00:00:00Z,2015-10-01T00:00:00Z,-121.162,38.5923
385923N1211621W001,2113533,2015-01-16T00:00:00Z,314.48,312.48,0,180.7,133.78,180.7,178.7,NA,Electric sounder measurement,Water level accuracy to nearest tenth of a foot,1,Department of Water Resources,NA,1,Department of Water Resources,197,269,9661,09N07E36F001M,NA,Unknown,Unknown,5-021.65,South American,Sacramento,285,Residential,Unknown,36418,1979-10-05 - 2020-09-16,159,other,NA,NA,NA,NA,2014,4.29,2.59,7.46,4.07,Critical,SAC,2014-10-01T00:00:00Z,2015-10-01T00:00:00Z,-121.162,38.5923
385923N1211621W001,2109766,2014-12-30T00:00:00Z,314.48,312.48,0,180.1,134.38,180.1,178.1,NA,Electric sounder measurement,Water level accuracy to nearest tenth of a foot,1,Department of Water Resources,NA,1,Department of Water Resources,197,269,9661,09N07E36F001M,NA,Unknown,Unknown,5-021.65,South American,Sacramento,285,Residential,Unknown,36418,1979-10-05 - 2020-09-16,159,other,NA,NA,NA,NA,2014,4.29,2.59,7.46,4.07,Critical,SAC,2014-10-01T00:00:00Z,2015-10-01T00:00:00Z,-121.162,38.5923
385923N1211621W001,2106802,2014-11-21T00:00:00Z,314.48,312.48,0,180.4,134.08,180.4,178.4,NA,Electric sounder measurement,Water level accuracy to nearest tenth of a foot,1,Department of Water Resources,NA,1,Department of Water Resources,197,269,9661,09N07E36F001M,NA,Unknown,Unknown,5-021.65,South American,Sacramento,285,Residential,Unknown,36418,1979-10-05 - 2020-09-16,159,fall,132.1,198.3,NA,NA,2014,4.29,2.59,7.46,4.07,Critical,SAC,2014-10-01T00:00:00Z,2015-10-01T00:00:00Z,-121.162,38.5923
385923N1211621W001,2019262,2014-10-20T00:00:00Z,314.48,312.48,0,180.2,134.28,180.2,178.2,NA,Electric sounder measurement,Water level accuracy to nearest tenth of a foot,1,Department of Water Resources,NA,1,Department of Water Resources,197,269,9661,09N07E36F001M,NA,Unknown,Unknown,5-021.65,South American,Sacramento,285,Residential,Unknown,36418,1979-10-05 - 2020-09-16,159,fall,132.1,198.3,NA,NA,2014,4.29,2.59,7.46,4.07,Critical,SAC,2014-10-01T00:00:00Z,2015-10-01T00:00:00Z,-121.162,38.5923
385923N1211621W001,2002112,2014-09-19T00:00:00Z,314.48,312.48,0,180.2,134.28,180.2,178.2,NA,Electric sounder measurement,Water level accuracy to nearest tenth of a foot,1,Department of Water Resources,NA,1,Department of Water Resources,197,269,9661,09N07E36F001M,NA,Unknown,Unknown,5-021.65,South American,Sacramento,285,Residential,Unknown,36418,1979-10-05 - 2020-09-16,159,fall,132.1,198.3,NA,NA,2013,8.52,3.01,12.19,5.83,Dry,SAC,2013-10-01T00:00:00Z,2014-10-01T00:00:00Z,-121.162,38.5923
385923N1211621W001,1995559,2014-08-19T00:00:00Z,314.48,312.48,0,180.5,133.98,180.5,178.5,NA,Electric sounder measurement,Water level accuracy to nearest tenth of a foot,1,Department of Water Resources,NA,1,Department of Water Resources,197,269,9661,09N07E36F001M,NA,Unknown,Unknown,5-021.65,South American,Sacramento,285,Residential,Unknown,36418,1979-10-05 - 2020-09-16,159,fall,132.1,198.3,NA,NA,2013,8.52,3.01,12.19,5.83,Dry,SAC,2013-10-01T00:00:00Z,2014-10-01T00:00:00Z,-121.162,38.5923
385923N1211621W001,1977446,2014-05-08T00:00:00Z,314.48,312.48,0,180.2,134.28,180.2,178.2,NA,Electric sounder measurement,Water level accuracy to nearest tenth of a foot,1,Department of Water Resources,NA,1,Department of Water Resources,197,269,9661,09N07E36F001M,NA,Unknown,Unknown,5-021.65,South American,Sacramento,285,Residential,Unknown,36418,1979-10-05 - 2020-09-16,159,spring,NA,NA,132.2,199,2013,8.52,3.01,12.19,5.83,Dry,SAC,2013-10-01T00:00:00Z,2014-10-01T00:00:00Z,-121.162,38.5923
385923N1211621W001,1975895,2014-04-15T00:00:00Z,314.48,312.48,0,180.7,133.78,180.7,178.7,NA,Electric sounder measurement,Water level accuracy to nearest tenth of a foot,1,Department of Water Resources,NA,1,Department of Water Resources,197,269,9661,09N07E36F001M,NA,Unknown,Unknown,5-021.65,South American,Sacramento,285,Residential,Unknown,36418,1979-10-05 - 2020-09-16,159,spring,NA,NA,132.2,199,2013,8.52,3.01,12.19,5.83,Dry,SAC,2013-10-01T00:00:00Z,2014-10-01T00:00:00Z,-121.162,38.5923
385923N1211621W001,1877431,2014-03-10T00:00:00Z,314.48,312.48,0,180,134.48,180,178,NA,Electric sounder measurement,Water level accuracy to nearest tenth of a foot,1,Department of Water Resources,Sign out key from office.,1,Department of Water Resources,197,269,9661,09N07E36F001M,NA,Unknown,Unknown,5-021.65,South American,Sacramento,285,Residential,Unknown,36418,1979-10-05 - 2020-09-16,159,spring,NA,NA,132.2,199,2013,8.52,3.01,12.19,5.83,Dry,SAC,2013-10-01T00:00:00Z,2014-10-01T00:00:00Z,-121.162,38.5923
385923N1211621W001,1876297,2014-02-21T00:00:00Z,314.48,312.48,0,180.2,134.28,180.2,178.2,NA,Electric sounder measurement,Water level accuracy to nearest tenth of a foot,1,Department of Water Resources,NA,1,Department of Water Resources,197,269,9661,09N07E36F001M,NA,Unknown,Unknown,5-021.65,South American,Sacramento,285,Residential,Unknown,36418,1979-10-05 - 2020-09-16,159,other,NA,NA,NA,NA,2013,8.52,3.01,12.19,5.83,Dry,SAC,2013-10-01T00:00:00Z,2014-10-01T00:00:00Z,-121.162,38.5923
385923N1211621W001,1825623,2014-01-27T00:00:00Z,314.48,312.48,0,181.8,132.68,181.8,179.8,NA,Electric sounder measurement,Water level accuracy to nearest tenth of a foot,1,Department of Water Resources,NA,1,Department of Water Resources,197,269,9661,09N07E36F001M,NA,Unknown,Unknown,5-021.65,South American,Sacramento,285,Residential,Unknown,36418,1979-10-05 - 2020-09-16,159,other,NA,NA,NA,NA,2013,8.52,3.01,12.19,5.83,Dry,SAC,2013-10-01T00:00:00Z,2014-10-01T00:00:00Z,-121.162,38.5923
385923N1211621W001,1808543,2013-12-03T00:00:00Z,314.48,312.48,0,181.4,133.08,181.4,179.4,NA,Electric sounder measurement,Water level accuracy to nearest tenth of a foot,1,Department of Water Resources,NA,1,Department of Water Resources,197,269,9661,09N07E36F001M,NA,Unknown,Unknown,5-021.65,South American,Sacramento,285,Residential,Unknown,36418,1979-10-05 - 2020-09-16,159,other,NA,NA,NA,NA,2013,8.52,3.01,12.19,5.83,Dry,SAC,2013-10-01T00:00:00Z,2014-10-01T00:00:00Z,-121.162,38.5923
385923N1211621W001,1797559,2013-10-29T00:00:00Z,314.48,312.48,0,183,131.48,183,181,NA,Electric sounder measurement,Water level accuracy to nearest tenth of a foot,1,Department of Water Resources,NA,1,Department of Water Resources,197,269,9661,09N07E36F001M,NA,Unknown,Unknown,5-021.65,South American,Sacramento,285,Residential,Unknown,36418,1979-10-05 - 2020-09-16,159,fall,132.1,198.3,NA,NA,2013,8.52,3.01,12.19,5.83,Dry,SAC,2013-10-01T00:00:00Z,2014-10-01T00:00:00Z,-121.162,38.5923
385923N1211621W001,68874,2012-10-18T00:00:00Z,314.48,312.48,0,182.7,131.78,182.7,180.7,NA,Electric sounder measurement,Water level accuracy to nearest tenth of a foot,1,Department of Water Resources,NA,1,Department of Water Resources,197,269,9661,09N07E36F001M,NA,Unknown,Unknown,5-021.65,South American,Sacramento,285,Residential,Unknown,36418,1979-10-05 - 2020-09-16,159,fall,132.1,198.3,NA,NA,2012,5.69,5.46,11.84,6.89,Below Normal,SAC,2012-10-01T00:00:00Z,2013-10-01T00:00:00Z,-121.162,38.5923
385923N1211621W001,1346048,2011-10-18T00:00:00Z,314.48,312.48,0,182.5,131.98,182.5,180.5,NA,Unknown,Water level accuracy is unknown,1,Department of Water Resources,NA,1,Department of Water Resources,197,269,9661,09N07E36F001M,NA,Unknown,Unknown,5-021.65,South American,Sacramento,285,Residential,Unknown,36418,1979-10-05 - 2020-09-16,159,fall,132.1,198.3,NA,NA,2011,12.68,11.53,25.21,10.54,Wet,SAC,2011-10-01T00:00:00Z,2012-10-01T00:00:00Z,-121.162,38.5923
385923N1211621W001,1346047,2011-04-05T00:00:00Z,314.48,312.48,0,182.6,131.88,182.6,180.6,NA,Unknown,Water level accuracy is unknown,1,Department of Water Resources,NA,1,Department of Water Resources,197,269,9661,09N07E36F001M,NA,Unknown,Unknown,5-021.65,South American,Sacramento,285,Residential,Unknown,36418,1979-10-05 - 2020-09-16,159,spring,NA,NA,132.2,199,2010,7.45,7.78,16.01,7.08,Below Normal,SAC,2010-10-01T00:00:00Z,2011-10-01T00:00:00Z,-121.162,38.5923
385923N1211621W001,1346046,2010-11-22T00:00:00Z,314.48,312.48,0,183.2,131.28,183.2,181.2,NA,Unknown,Water level accuracy is unknown,1,Department of Water Resources,NA,1,Department of Water Resources,197,269,9661,09N07E36F001M,NA,Unknown,Unknown,5-021.65,South American,Sacramento,285,Residential,Unknown,36418,1979-10-05 - 2020-09-16,159,fall,132.1,198.3,NA,NA,2010,7.45,7.78,16.01,7.08,Below Normal,SAC,2010-10-01T00:00:00Z,2011-10-01T00:00:00Z,-121.162,38.5923
385923N1211621W001,1346045,2010-07-29T00:00:00Z,314.48,312.48,0,186.1,128.38,186.1,184.1,NA,Unknown,Water level accuracy is unknown,1,Department of Water Resources,NA,1,Department of Water Resources,197,269,9661,09N07E36F001M,NA,Unknown,Unknown,5-021.65,South American,Sacramento,285,Residential,Unknown,36418,1979-10-05 - 2020-09-16,159,other,NA,NA,NA,NA,2009,7.05,5.3,13.02,5.78,Dry,SAC,2009-10-01T00:00:00Z,2010-10-01T00:00:00Z,-121.162,38.5923
385923N1211621W001,1346044,2010-03-23T00:00:00Z,314.48,312.48,0,184.7,129.78,184.7,182.7,NA,Unknown,Water level accuracy is unknown,1,Department of Water Resources,NA,1,Department of Water Resources,197,269,9661,09N07E36F001M,NA,Unknown,Unknown,5-021.65,South American,Sacramento,285,Residential,Unknown,36418,1979-10-05 - 2020-09-16,159,spring,NA,NA,132.2,199,2009,7.05,5.3,13.02,5.78,Dry,SAC,2009-10-01T00:00:00Z,2010-10-01T00:00:00Z,-121.162,38.5923
385923N1211621W001,1346043,2009-10-15T00:00:00Z,314.48,312.48,0,185.4,129.08,185.4,183.4,NA,Unknown,Water level accuracy is unknown,1,Department of Water Resources,NA,1,Department of Water Resources,197,269,9661,09N07E36F001M,NA,Unknown,Unknown,5-021.65,South American,Sacramento,285,Residential,Unknown,36418,1979-10-05 - 2020-09-16,159,fall,132.1,198.3,NA,NA,2009,7.05,5.3,13.02,5.78,Dry,SAC,2009-10-01T00:00:00Z,2010-10-01T00:00:00Z,-121.162,38.5923
385923N1211621W001,1346042,2009-09-16T00:00:00Z,314.48,312.48,0,188.2,126.28,188.2,186.2,NA,Unknown,Water level accuracy is unknown,1,Department of Water Resources,NA,1,Department of Water Resources,197,269,9661,09N07E36F001M,NA,Unknown,Unknown,5-021.65,South American,Sacramento,285,Residential,Unknown,36418,1979-10-05 - 2020-09-16,159,fall,132.1,198.3,NA,NA,2008,5.9,3.82,10.28,5.16,Critical,SAC,2008-10-01T00:00:00Z,2009-10-01T00:00:00Z,-121.162,38.5923
385923N1211621W001,1346041,2009-08-13T00:00:00Z,314.48,312.48,0,192.9,121.58,192.9,190.9,Pumped recently,Unknown,Water level accuracy is unknown,1,Department of Water Resources,NA,1,Department of Water Resources,197,269,9661,09N07E36F001M,NA,Unknown,Unknown,5-021.65,South American,Sacramento,285,Residential,Unknown,36418,1979-10-05 - 2020-09-16,159,fall,132.1,198.3,NA,NA,2008,5.9,3.82,10.28,5.16,Critical,SAC,2008-10-01T00:00:00Z,2009-10-01T00:00:00Z,-121.162,38.5923
385923N1211621W001,1346039,2009-06-22T00:00:00Z,314.48,312.48,0,184.8,129.68,184.8,182.8,NA,Unknown,Water level accuracy is unknown,1,Department of Water Resources,NA,1,Department of Water Resources,197,269,9661,09N07E36F001M,NA,Unknown,Unknown,5-021.65,South American,Sacramento,285,Residential,Unknown,36418,1979-10-05 - 2020-09-16,159,other,NA,NA,NA,NA,2008,5.9,3.82,10.28,5.16,Critical,SAC,2008-10-01T00:00:00Z,2009-10-01T00:00:00Z,-121.162,38.5923
385923N1211621W001,1346037,2009-04-16T00:00:00Z,314.48,312.48,0,184,130.48,184,182,NA,Unknown,Water level accuracy is unknown,1,Department of Water Resources,NA,1,Department of Water Resources,197,269,9661,09N07E36F001M,NA,Unknown,Unknown,5-021.65,South American,Sacramento,285,Residential,Unknown,36418,1979-10-05 - 2020-09-16,159,spring,NA,NA,132.2,199,2008,5.9,3.82,10.28,5.16,Critical,SAC,2008-10-01T00:00:00Z,2009-10-01T00:00:00Z,-121.162,38.5923
385923N1211621W001,1346036,2008-10-29T00:00:00Z,314.48,312.48,0,184.9,129.58,184.9,182.9,NA,Unknown,Water level accuracy is unknown,1,Department of Water Resources,NA,1,Department of Water Resources,197,269,9661,09N07E36F001M,NA,Unknown,Unknown,5-021.65,South American,Sacramento,285,Residential,Unknown,36418,1979-10-05 - 2020-09-16,159,fall,132.1,198.3,NA,NA,2008,5.9,3.82,10.28,5.16,Critical,SAC,2008-10-01T00:00:00Z,2009-10-01T00:00:00Z,-121.162,38.5923
385923N1211621W001,1346035,2008-03-20T00:00:00Z,314.48,312.48,0,190.6,123.88,190.6,188.6,NA,Unknown,Water level accuracy is unknown,1,Department of Water Resources,NA,1,Department of Water Resources,197,269,9661,09N07E36F001M,NA,Unknown,Unknown,5-021.65,South American,Sacramento,285,Residential,Unknown,36418,1979-10-05 - 2020-09-16,159,spring,NA,NA,132.2,199,2007,6.59,3.04,10.28,6.19,Dry,SAC,2007-10-01T00:00:00Z,2008-10-01T00:00:00Z,-121.162,38.5923
385923N1211621W001,1346034,2007-10-30T00:00:00Z,314.48,312.48,0,191.1,123.38,191.1,189.1,NA,Unknown,Water level accuracy is unknown,1,Department of Water Resources,NA,1,Department of Water Resources,197,269,9661,09N07E36F001M,NA,Unknown,Unknown,5-021.65,South American,Sacramento,285,Residential,Unknown,36418,1979-10-05 - 2020-09-16,159,fall,132.1,198.3,NA,NA,2007,6.59,3.04,10.28,6.19,Dry,SAC,2007-10-01T00:00:00Z,2008-10-01T00:00:00Z,-121.162,38.5923
385923N1211621W001,1346033,2007-04-06T00:00:00Z,314.48,312.48,0,182.9,131.58,182.9,180.9,NA,Unknown,Water level accuracy is unknown,1,Department of Water Resources,NA,1,Department of Water Resources,197,269,9661,09N07E36F001M,NA,Unknown,Unknown,5-021.65,South American,Sacramento,285,Residential,Unknown,36418,1979-10-05 - 2020-09-16,159,spring,NA,NA,132.2,199,2006,18.06,13.09,32.09,13.2,Wet,SAC,2006-10-01T00:00:00Z,2007-10-01T00:00:00Z,-121.162,38.5923
385923N1211621W001,1346030,2005-10-31T00:00:00Z,314.48,312.48,0,177.2,137.28,177.2,175.2,NA,Unknown,Water level accuracy is unknown,1,Department of Water Resources,NA,1,Department of Water Resources,197,269,9661,09N07E36F001M,NA,Unknown,Unknown,5-021.65,South American,Sacramento,285,Residential,Unknown,36418,1979-10-05 - 2020-09-16,159,fall,132.1,198.3,NA,NA,2005,8.4,9.28,18.55,8.49,Above Normal,SAC,2005-10-01T00:00:00Z,2006-10-01T00:00:00Z,-121.162,38.5923
385923N1211621W001,1346028,2004-10-28T00:00:00Z,314.48,312.48,0,176.1,138.38,176.1,174.1,NA,Unknown,Water level accuracy is unknown,1,Department of Water Resources,NA,1,Department of Water Resources,197,269,9661,09N07E36F001M,NA,Unknown,Unknown,5-021.65,South American,Sacramento,285,Residential,Unknown,36418,1979-10-05 - 2020-09-16,159,fall,132.1,198.3,NA,NA,2004,10.95,4.4,16.04,7.51,Below Normal,SAC,2004-10-01T00:00:00Z,2005-10-01T00:00:00Z,-121.162,38.5923
385923N1211621W001,1346027,2004-03-23T00:00:00Z,314.48,312.48,0,174.4,140.08,174.4,172.4,NA,Unknown,Water level accuracy is unknown,1,Department of Water Resources,NA,1,Department of Water Resources,197,269,9661,09N07E36F001M,NA,Unknown,Unknown,5-021.65,South American,Sacramento,285,Residential,Unknown,36418,1979-10-05 - 2020-09-16,159,spring,NA,NA,132.2,199,2003,10.71,7.74,19.31,8.21,Above Normal,SAC,2003-10-01T00:00:00Z,2004-10-01T00:00:00Z,-121.162,38.5923
385923N1211621W001,1346025,2003-04-07T00:00:00Z,314.48,312.48,0,168.9,145.58,168.9,166.9,NA,Unknown,Water level accuracy is unknown,1,Department of Water Resources,NA,1,Department of Water Resources,197,269,9661,09N07E36F001M,NA,Unknown,Unknown,5-021.65,South American,Sacramento,285,Residential,Unknown,36418,1979-10-05 - 2020-09-16,159,spring,NA,NA,132.2,199,2002,9.32,4.57,14.6,6.35,Dry,SAC,2002-10-01T00:00:00Z,2003-10-01T00:00:00Z,-121.162,38.5923
385923N1211621W001,1346023,2002-04-15T00:00:00Z,314.48,312.48,0,173.2,141.28,173.2,171.2,NA,Unknown,Water level accuracy is unknown,1,Department of Water Resources,NA,1,Department of Water Resources,197,269,9661,09N07E36F001M,NA,Unknown,Unknown,5-021.65,South American,Sacramento,285,Residential,Unknown,36418,1979-10-05 - 2020-09-16,159,spring,NA,NA,132.2,199,2001,5.64,3.46,9.81,5.76,Dry,SAC,2001-10-01T00:00:00Z,2002-10-01T00:00:00Z,-121.162,38.5923
385923N1211621W001,1346022,2001-11-26T00:00:00Z,314.48,312.48,0,169.1,145.38,169.1,167.1,NA,Unknown,Water level accuracy is unknown,1,Department of Water Resources,NA,1,Department of Water Resources,197,269,9661,09N07E36F001M,NA,Unknown,Unknown,5-021.65,South American,Sacramento,285,Residential,Unknown,36418,1979-10-05 - 2020-09-16,159,fall,132.1,198.3,NA,NA,2001,5.64,3.46,9.81,5.76,Dry,SAC,2001-10-01T00:00:00Z,2002-10-01T00:00:00Z,-121.162,38.5923
385923N1211621W001,1346021,2001-05-22T00:00:00Z,314.48,312.48,0,172.7,141.78,172.7,170.7,NA,Unknown,Water level accuracy is unknown,1,Department of Water Resources,NA,1,Department of Water Resources,197,269,9661,09N07E36F001M,NA,Unknown,Unknown,5-021.65,South American,Sacramento,285,Residential,Unknown,36418,1979-10-05 - 2020-09-16,159,spring,NA,NA,132.2,199,2000,12.06,5.96,18.9,8.94,Above Normal,SAC,2000-10-01T00:00:00Z,2001-10-01T00:00:00Z,-121.162,38.5923
385923N1211621W001,1346017,2000-11-06T00:00:00Z,314.48,312.48,0,170.4,144.08,170.4,168.4,NA,Unknown,Water level accuracy is unknown,1,Department of Water Resources,NA,1,Department of Water Resources,197,269,9661,09N07E36F001M,NA,Unknown,Unknown,5-021.65,South American,Sacramento,285,Residential,Unknown,36418,1979-10-05 - 2020-09-16,159,fall,132.1,198.3,NA,NA,2000,12.06,5.96,18.9,8.94,Above Normal,SAC,2000-10-01T00:00:00Z,2001-10-01T00:00:00Z,-121.162,38.5923
385923N1211621W001,1346016,2000-05-03T00:00:00Z,314.48,312.48,0,171,143.48,171,169,NA,Unknown,Water level accuracy is unknown,1,Department of Water Resources,NA,1,Department of Water Resources,197,269,9661,09N07E36F001M,NA,Unknown,Unknown,5-021.65,South American,Sacramento,285,Residential,Unknown,36418,1979-10-05 - 2020-09-16,159,spring,NA,NA,132.2,199,1999,12.97,7.26,21.19,9.8,Wet,SAC,1999-10-01T00:00:00Z,2000-10-01T00:00:00Z,-121.162,38.5923
385923N1211621W001,1346015,1999-11-01T00:00:00Z,314.48,312.48,0,168,146.48,168,166,NA,Unknown,Water level accuracy is unknown,1,Department of Water Resources,NA,1,Department of Water Resources,197,269,9661,09N07E36F001M,NA,Unknown,Unknown,5-021.65,South American,Sacramento,285,Residential,Unknown,36418,1979-10-05 - 2020-09-16,159,fall,132.1,198.3,NA,NA,1999,12.97,7.26,21.19,9.8,Wet,SAC,1999-10-01T00:00:00Z,2000-10-01T00:00:00Z,-121.162,38.5923
385923N1211621W001,1346014,1999-04-26T00:00:00Z,314.48,312.48,0,168.1,146.38,168.1,166.1,NA,Unknown,Water level accuracy is unknown,1,Department of Water Resources,NA,1,Department of Water Resources,197,269,9661,09N07E36F001M,NA,Unknown,Unknown,5-021.65,South American,Sacramento,285,Residential,Unknown,36418,1979-10-05 - 2020-09-16,159,spring,NA,NA,132.2,199,1998,17.65,12.54,31.4,13.31,Wet,SAC,1998-10-01T00:00:00Z,1999-10-01T00:00:00Z,-121.162,38.5923
385923N1211621W001,1346020,1998-11-16T00:00:00Z,314.48,312.48,0,165.3,149.18,165.3,163.3,NA,Unknown,Water level accuracy is unknown,1,Department of Water Resources,NA,1,Department of Water Resources,197,269,9661,09N07E36F001M,NA,Unknown,Unknown,5-021.65,South American,Sacramento,285,Residential,Unknown,36418,1979-10-05 - 2020-09-16,159,fall,132.1,198.3,NA,NA,1998,17.65,12.54,31.4,13.31,Wet,SAC,1998-10-01T00:00:00Z,1999-10-01T00:00:00Z,-121.162,38.5923
385923N1211621W001,1346019,1997-11-24T00:00:00Z,314.48,312.48,0,162,152.48,162,160,NA,Unknown,Water level accuracy is unknown,1,Department of Water Resources,NA,1,Department of Water Resources,197,269,9661,09N07E36F001M,NA,Unknown,Unknown,5-021.65,South American,Sacramento,285,Residential,Unknown,36418,1979-10-05 - 2020-09-16,159,fall,132.1,198.3,NA,NA,1997,20.22,4.39,25.42,10.82,Wet,SAC,1997-10-01T00:00:00Z,1998-10-01T00:00:00Z,-121.162,38.5923
385923N1211621W001,1346018,1997-04-25T00:00:00Z,314.48,312.48,0,163.5,150.98,163.5,161.5,NA,Unknown,Water level accuracy is unknown,1,Department of Water Resources,NA,1,Department of Water Resources,197,269,9661,09N07E36F001M,NA,Unknown,Unknown,5-021.65,South American,Sacramento,285,Residential,Unknown,36418,1979-10-05 - 2020-09-16,159,spring,NA,NA,132.2,199,1996,13.05,8.37,22.29,10.26,Wet,SAC,1996-10-01T00:00:00Z,1997-10-01T00:00:00Z,-121.162,38.5923
385923N1211621W001,1346012,1996-04-22T00:00:00Z,314.48,312.48,0,162.9,151.58,162.9,160.9,NA,Unknown,Water level accuracy is unknown,1,Department of Water Resources,NA,1,Department of Water Resources,197,269,9661,09N07E36F001M,NA,Unknown,Unknown,5-021.65,South American,Sacramento,285,Residential,Unknown,36418,1979-10-05 - 2020-09-16,159,spring,NA,NA,132.2,199,1995,19.83,13.6,34.55,12.89,Wet,SAC,1995-10-01T00:00:00Z,1996-10-01T00:00:00Z,-121.162,38.5923
385923N1211621W001,1346011,1995-12-08T00:00:00Z,314.48,312.48,0,162.6,151.88,162.6,160.6,NA,Unknown,Water level accuracy is unknown,1,Department of Water Resources,NA,1,Department of Water Resources,197,269,9661,09N07E36F001M,NA,Unknown,Unknown,5-021.65,South American,Sacramento,285,Residential,Unknown,36418,1979-10-05 - 2020-09-16,159,other,NA,NA,NA,NA,1995,19.83,13.6,34.55,12.89,Wet,SAC,1995-10-01T00:00:00Z,1996-10-01T00:00:00Z,-121.162,38.5923
385923N1211621W001,1346010,1995-05-08T00:00:00Z,314.48,312.48,0,161.7,152.78,161.7,159.7,NA,Unknown,Water level accuracy is unknown,1,Department of Water Resources,NA,1,Department of Water Resources,197,269,9661,09N07E36F001M,NA,Unknown,Unknown,5-021.65,South American,Sacramento,285,Residential,Unknown,36418,1979-10-05 - 2020-09-16,159,spring,NA,NA,132.2,199,1994,4.55,2.73,7.81,5.02,Critical,SAC,1994-10-01T00:00:00Z,1995-10-01T00:00:00Z,-121.162,38.5923
385923N1211621W001,1346008,1994-04-15T00:00:00Z,314.48,312.48,0,160.4,154.08,160.4,158.4,NA,Unknown,Water level accuracy is unknown,1,Department of Water Resources,NA,1,Department of Water Resources,197,269,9661,09N07E36F001M,NA,Unknown,Unknown,5-021.65,South American,Sacramento,285,Residential,Unknown,36418,1979-10-05 - 2020-09-16,159,spring,NA,NA,132.2,199,1993,12.44,8.98,22.21,8.54,Above Normal,SAC,1993-10-01T00:00:00Z,1994-10-01T00:00:00Z,-121.162,38.5923
385923N1211621W001,1346007,1993-12-13T00:00:00Z,314.48,312.48,0,161.3,153.18,161.3,159.3,NA,Unknown,Water level accuracy is unknown,1,Department of Water Resources,NA,1,Department of Water Resources,197,269,9661,09N07E36F001M,NA,Unknown,Unknown,5-021.65,South American,Sacramento,285,Residential,Unknown,36418,1979-10-05 - 2020-09-16,159,other,NA,NA,NA,NA,1993,12.44,8.98,22.21,8.54,Above Normal,SAC,1993-10-01T00:00:00Z,1994-10-01T00:00:00Z,-121.162,38.5923
385923N1211621W001,1346006,1993-03-22T00:00:00Z,314.48,312.48,0,160.7,153.78,160.7,158.7,NA,Unknown,Water level accuracy is unknown,1,Department of Water Resources,NA,1,Department of Water Resources,197,269,9661,09N07E36F001M,NA,Unknown,Unknown,5-021.65,South American,Sacramento,285,Residential,Unknown,36418,1979-10-05 - 2020-09-16,159,spring,NA,NA,132.2,199,1992,5.41,2.93,8.87,4.06,Critical,SAC,1992-10-01T00:00:00Z,1993-10-01T00:00:00Z,-121.162,38.5923
385923N1211621W001,1346003,1991-03-15T00:00:00Z,314.48,312.48,0,158.3,156.18,158.3,156.3,NA,Unknown,Water level accuracy is unknown,1,Department of Water Resources,NA,1,Department of Water Resources,197,269,9661,09N07E36F001M,NA,Unknown,Unknown,5-021.65,South American,Sacramento,285,Residential,Unknown,36418,1979-10-05 - 2020-09-16,159,spring,NA,NA,132.2,199,1990,4.94,3.72,9.26,4.81,Critical,SAC,1990-10-01T00:00:00Z,1991-10-01T00:00:00Z,-121.162,38.5923
385923N1211621W001,1346002,1990-10-17T00:00:00Z,314.48,312.48,0,158.2,156.28,158.2,156.2,NA,Unknown,Water level accuracy is unknown,1,Department of Water Resources,NA,1,Department of Water Resources,197,269,9661,09N07E36F001M,NA,Unknown,Unknown,5-021.65,South American,Sacramento,285,Residential,Unknown,36418,1979-10-05 - 2020-09-16,159,fall,132.1,198.3,NA,NA,1990,4.94,3.72,9.26,4.81,Critical,SAC,1990-10-01T00:00:00Z,1991-10-01T00:00:00Z,-121.162,38.5923
385923N1211621W001,1346001,1990-03-26T00:00:00Z,314.48,312.48,0,156.3,158.18,156.3,154.3,NA,Unknown,Water level accuracy is unknown,1,Department of Water Resources,NA,1,Department of Water Resources,197,269,9661,09N07E36F001M,NA,Unknown,Unknown,5-021.65,South American,Sacramento,285,Residential,Unknown,36418,1979-10-05 - 2020-09-16,159,spring,NA,NA,132.2,199,1989,9.03,5.07,14.82,6.13,Dry,SAC,1989-10-01T00:00:00Z,1990-10-01T00:00:00Z,-121.162,38.5923
385923N1211621W001,1346000,1989-10-13T00:00:00Z,314.48,312.48,0,154.7,159.78,154.7,152.7,NA,Unknown,Water level accuracy is unknown,1,Department of Water Resources,NA,1,Department of Water Resources,197,269,9661,09N07E36F001M,NA,Unknown,Unknown,5-021.65,South American,Sacramento,285,Residential,Unknown,36418,1979-10-05 - 2020-09-16,159,fall,132.1,198.3,NA,NA,1989,9.03,5.07,14.82,6.13,Dry,SAC,1989-10-01T00:00:00Z,1990-10-01T00:00:00Z,-121.162,38.5923
385923N1211621W001,1345999,1989-03-23T00:00:00Z,314.48,312.48,0,151,163.48,151,149,NA,Unknown,Water level accuracy is unknown,1,Department of Water Resources,NA,1,Department of Water Resources,197,269,9661,09N07E36F001M,NA,Unknown,Unknown,5-021.65,South American,Sacramento,285,Residential,Unknown,36418,1979-10-05 - 2020-09-16,159,spring,NA,NA,132.2,199,1988,5.78,2.9,9.23,4.65,Critical,SAC,1988-10-01T00:00:00Z,1989-10-01T00:00:00Z,-121.162,38.5923
385923N1211621W001,1345998,1988-10-18T00:00:00Z,314.48,312.48,0,149,165.48,149,147,NA,Unknown,Water level accuracy is unknown,1,Department of Water Resources,NA,1,Department of Water Resources,197,269,9661,09N07E36F001M,NA,Unknown,Unknown,5-021.65,South American,Sacramento,285,Residential,Unknown,36418,1979-10-05 - 2020-09-16,159,fall,132.1,198.3,NA,NA,1988,5.78,2.9,9.23,4.65,Critical,SAC,1988-10-01T00:00:00Z,1989-10-01T00:00:00Z,-121.162,38.5923
385923N1211621W001,1345997,1988-03-15T00:00:00Z,314.48,312.48,0,145.3,169.18,145.3,143.3,NA,Unknown,Water level accuracy is unknown,1,Department of Water Resources,NA,1,Department of Water Resources,197,269,9661,09N07E36F001M,NA,Unknown,Unknown,5-021.65,South American,Sacramento,285,Residential,Unknown,36418,1979-10-05 - 2020-09-16,159,spring,NA,NA,132.2,199,1987,5.85,2.8,9.27,5.86,Dry,SAC,1987-10-01T00:00:00Z,1988-10-01T00:00:00Z,-121.162,38.5923
385923N1211621W001,1345995,1987-03-19T00:00:00Z,314.48,312.48,0,138.8,175.68,138.8,136.8,NA,Unknown,Water level accuracy is unknown,1,Department of Water Resources,NA,1,Department of Water Resources,197,269,9661,09N07E36F001M,NA,Unknown,Unknown,5-021.65,South American,Sacramento,285,Residential,Unknown,36418,1979-10-05 - 2020-09-16,159,spring,NA,NA,132.2,199,1986,19.45,5.45,25.83,9.96,Wet,SAC,1986-10-01T00:00:00Z,1987-10-01T00:00:00Z,-121.162,38.5923
385923N1211621W001,1345994,1986-10-22T00:00:00Z,314.48,312.48,0,134.7,179.78,134.7,132.7,NA,Unknown,Water level accuracy is unknown,1,Department of Water Resources,NA,1,Department of Water Resources,197,269,9661,09N07E36F001M,NA,Unknown,Unknown,5-021.65,South American,Sacramento,285,Residential,Unknown,36418,1979-10-05 - 2020-09-16,159,fall,132.1,198.3,NA,NA,1986,19.45,5.45,25.83,9.96,Wet,SAC,1986-10-01T00:00:00Z,1987-10-01T00:00:00Z,-121.162,38.5923
385923N1211621W001,1345993,1986-03-17T00:00:00Z,314.48,312.48,0,134.2,180.28,134.2,132.2,NA,Unknown,Water level accuracy is unknown,1,Department of Water Resources,NA,1,Department of Water Resources,197,269,9661,09N07E36F001M,NA,Unknown,Unknown,5-021.65,South American,Sacramento,285,Residential,Unknown,36418,1979-10-05 - 2020-09-16,159,spring,NA,NA,132.2,199,1985,6.24,4,11.04,6.47,Dry,SAC,1985-10-01T00:00:00Z,1986-10-01T00:00:00Z,-121.162,38.5923
385923N1211621W001,1345992,1985-10-21T00:00:00Z,314.48,312.48,0,134.1,180.38,134.1,132.1,NA,Unknown,Water level accuracy is unknown,1,Department of Water Resources,NA,1,Department of Water Resources,197,269,9661,09N07E36F001M,NA,Unknown,Unknown,5-021.65,South American,Sacramento,285,Residential,Unknown,36418,1979-10-05 - 2020-09-16,159,fall,132.1,198.3,NA,NA,1985,6.24,4,11.04,6.47,Dry,SAC,1985-10-01T00:00:00Z,1986-10-01T00:00:00Z,-121.162,38.5923
385923N1211621W001,1345991,1985-03-08T00:00:00Z,314.48,312.48,0,134.2,180.28,134.2,132.2,NA,Unknown,Water level accuracy is unknown,1,Department of Water Resources,NA,1,Department of Water Resources,197,269,9661,09N07E36F001M,NA,Unknown,Unknown,5-021.65,South American,Sacramento,285,Residential,Unknown,36418,1979-10-05 - 2020-09-16,159,spring,NA,NA,132.2,199,1984,15.98,5.52,22.35,10,Wet,SAC,1984-10-01T00:00:00Z,1985-10-01T00:00:00Z,-121.162,38.5923
385923N1211621W001,1345990,1984-10-12T00:00:00Z,314.48,312.48,0,134.4,180.08,134.4,132.4,NA,Unknown,Water level accuracy is unknown,1,Department of Water Resources,NA,1,Department of Water Resources,197,269,9661,09N07E36F001M,NA,Unknown,Unknown,5-021.65,South American,Sacramento,285,Residential,Unknown,36418,1979-10-05 - 2020-09-16,159,fall,132.1,198.3,NA,NA,1984,15.98,5.52,22.35,10,Wet,SAC,1984-10-01T00:00:00Z,1985-10-01T00:00:00Z,-121.162,38.5923
385923N1211621W001,1345989,1984-03-14T00:00:00Z,314.48,312.48,0,144,170.48,144,142,NA,Unknown,Water level accuracy is unknown,1,Department of Water Resources,NA,1,Department of Water Resources,197,269,9661,09N07E36F001M,NA,Unknown,Unknown,5-021.65,South American,Sacramento,285,Residential,Unknown,36418,1979-10-05 - 2020-09-16,159,spring,NA,NA,132.2,199,1983,22.75,13.66,37.68,15.29,Wet,SAC,1983-10-01T00:00:00Z,1984-10-01T00:00:00Z,-121.162,38.5923
385923N1211621W001,1345988,1983-10-07T00:00:00Z,314.48,312.48,0,139.5,174.98,139.5,137.5,NA,Unknown,Water level accuracy is unknown,1,Department of Water Resources,NA,1,Department of Water Resources,197,269,9661,09N07E36F001M,NA,Unknown,Unknown,5-021.65,South American,Sacramento,285,Residential,Unknown,36418,1979-10-05 - 2020-09-16,159,fall,132.1,198.3,NA,NA,1983,22.75,13.66,37.68,15.29,Wet,SAC,1983-10-01T00:00:00Z,1984-10-01T00:00:00Z,-121.162,38.5923
385923N1211621W001,1345987,1983-03-16T00:00:00Z,314.48,312.48,0,143.3,171.18,143.3,141.3,NA,Unknown,Water level accuracy is unknown,1,Department of Water Resources,NA,1,Department of Water Resources,197,269,9661,09N07E36F001M,NA,Unknown,Unknown,5-021.65,South American,Sacramento,285,Residential,Unknown,36418,1979-10-05 - 2020-09-16,159,spring,NA,NA,132.2,199,1982,20.56,11.82,33.41,12.76,Wet,SAC,1982-10-01T00:00:00Z,1983-10-01T00:00:00Z,-121.162,38.5923
385923N1211621W001,1345986,1982-10-20T00:00:00Z,314.48,312.48,0,144.6,169.88,144.6,142.6,NA,Unknown,Water level accuracy is unknown,1,Department of Water Resources,NA,1,Department of Water Resources,197,269,9661,09N07E36F001M,NA,Unknown,Unknown,5-021.65,South American,Sacramento,285,Residential,Unknown,36418,1979-10-05 - 2020-09-16,159,fall,132.1,198.3,NA,NA,1982,20.56,11.82,33.41,12.76,Wet,SAC,1982-10-01T00:00:00Z,1983-10-01T00:00:00Z,-121.162,38.5923
385923N1211621W001,1345985,1982-03-08T00:00:00Z,314.48,312.48,0,145.4,169.08,145.4,143.4,NA,Unknown,Water level accuracy is unknown,1,Department of Water Resources,NA,1,Department of Water Resources,197,269,9661,09N07E36F001M,NA,Unknown,Unknown,5-021.65,South American,Sacramento,285,Residential,Unknown,36418,1979-10-05 - 2020-09-16,159,spring,NA,NA,132.2,199,1981,6.81,3.63,11.1,6.21,Dry,SAC,1981-10-01T00:00:00Z,1982-10-01T00:00:00Z,-121.162,38.5923
385923N1211621W001,1345984,1981-10-01T00:00:00Z,314.48,312.48,0,145.4,169.08,145.4,143.4,NA,Unknown,Water level accuracy is unknown,1,Department of Water Resources,NA,1,Department of Water Resources,197,269,9661,09N07E36F001M,NA,Unknown,Unknown,5-021.65,South American,Sacramento,285,Residential,Unknown,36418,1979-10-05 - 2020-09-16,159,fall,132.1,198.3,NA,NA,1981,6.81,3.63,11.1,6.21,Dry,SAC,1981-10-01T00:00:00Z,1982-10-01T00:00:00Z,-121.162,38.5923
385923N1211621W001,1345983,1981-03-23T00:00:00Z,314.48,312.48,0,144,170.48,144,142,NA,Unknown,Water level accuracy is unknown,1,Department of Water Resources,NA,1,Department of Water Resources,197,269,9661,09N07E36F001M,NA,Unknown,Unknown,5-021.65,South American,Sacramento,285,Residential,Unknown,36418,1979-10-05 - 2020-09-16,159,spring,NA,NA,132.2,199,1980,15.49,6,22.33,9.04,Above Normal,SAC,1980-10-01T00:00:00Z,1981-10-01T00:00:00Z,-121.162,38.5923
385923N1211621W001,1345982,1981-01-20T00:00:00Z,314.48,312.48,0,144.3,170.18,144.3,142.3,NA,Unknown,Water level accuracy is unknown,1,Department of Water Resources,NA,1,Department of Water Resources,197,269,9661,09N07E36F001M,NA,Unknown,Unknown,5-021.65,South American,Sacramento,285,Residential,Unknown,36418,1979-10-05 - 2020-09-16,159,other,NA,NA,NA,NA,1980,15.49,6,22.33,9.04,Above Normal,SAC,1980-10-01T00:00:00Z,1981-10-01T00:00:00Z,-121.162,38.5923
385923N1211621W001,1345981,1980-10-16T00:00:00Z,314.48,312.48,0,146.6,167.88,146.6,144.6,NA,Unknown,Water level accuracy is unknown,1,Department of Water Resources,NA,1,Department of Water Resources,197,269,9661,09N07E36F001M,NA,Unknown,Unknown,5-021.65,South American,Sacramento,285,Residential,Unknown,36418,1979-10-05 - 2020-09-16,159,fall,132.1,198.3,NA,NA,1980,15.49,6,22.33,9.04,Above Normal,SAC,1980-10-01T00:00:00Z,1981-10-01T00:00:00Z,-121.162,38.5923
385923N1211621W001,1345980,1980-04-07T00:00:00Z,314.48,312.48,0,145.8,168.68,145.8,143.8,NA,Unknown,Water level accuracy is unknown,1,Department of Water Resources,NA,1,Department of Water Resources,197,269,9661,09N07E36F001M,NA,Unknown,Unknown,5-021.65,South American,Sacramento,285,Residential,Unknown,36418,1979-10-05 - 2020-09-16,159,spring,NA,NA,132.2,199,1979,6.06,5.64,12.41,6.67,Below Normal,SAC,1979-10-01T00:00:00Z,1980-10-01T00:00:00Z,-121.162,38.5923
385923N1211621W001,1345979,1979-10-05T00:00:00Z,314.48,312.48,0,143.6,170.88,143.6,141.6,NA,Unknown,Water level accuracy is unknown,1,Department of Water Resources,OIL,1,Department of Water Resources,197,269,9661,09N07E36F001M,NA,Unknown,Unknown,5-021.65,South American,Sacramento,285,Residential,Unknown,36418,1979-10-05 - 2020-09-16,159,fall,132.1,198.3,NA,NA,1979,6.06,5.64,12.41,6.67,Below Normal,SAC,1979-10-01T00:00:00Z,1980-10-01T00:00:00Z,-121.162,38.5923
