STN_ID.x,SITE_CODE,WLM_ID,MSMT_DATE,WLM_RPE,WLM_GSE,RDNG_WS,RDNG_RP,WSE,RPE_WSE,GSE_WSE,WLM_QA_DESC,WLM_DESC,WLM_ACC_DESC,WLM_ORG_ID,WLM_ORG_NAME,MSMT_CMT,COOP_AGENCY_ORG_ID,COOP_ORG_NAME,STN_ID.y,TOP_PRF,BOT_PRF,STN_ID,SWN,WELL_NAME,WLM_METHOD,WLM_ACC,BASIN_CODE,BASIN_NAME,COUNTY_NAME,WELL_DEPTH,WELL_USE,WELL_TYPE,WCR_NO,t_range,n_samples
9647,386081N1212710W001,2196962,2016-05-26T00:00:00Z,104.99,105.49,0,105.6,-0.61,105.6,106.1,NA,Electric sounder measurement,Water level accuracy to nearest tenth of a foot,1,Department of Water Resources,NA,1,Department of Water Resources,NA,NA,NA,9647,09N06E25F003M,09N06E25F003M,Unknown,Unknown,5-021.65,South American,Sacramento,440,Observation,Single Well,234381,1981-11-04 - 2016-10-18,60
9647,386081N1212710W001,2192096,2016-04-19T00:00:00Z,104.99,105.49,0,105.2,-0.21,105.2,105.7,NA,Electric sounder measurement,Water level accuracy to nearest tenth of a foot,1,Department of Water Resources,NA,1,Department of Water Resources,NA,NA,NA,9647,09N06E25F003M,09N06E25F003M,Unknown,Unknown,5-021.65,South American,Sacramento,440,Observation,Single Well,234381,1981-11-04 - 2016-10-18,60
9647,386081N1212710W001,2185780,2016-03-24T00:00:00Z,104.99,105.49,0,104.8,0.19,104.8,105.3,NA,Electric sounder measurement,Water level accuracy to nearest tenth of a foot,1,Department of Water Resources,NA,1,Department of Water Resources,NA,NA,NA,9647,09N06E25F003M,09N06E25F003M,Unknown,Unknown,5-021.65,South American,Sacramento,440,Observation,Single Well,234381,1981-11-04 - 2016-10-18,60
9647,386081N1212710W001,2182821,2016-02-25T00:00:00Z,104.99,105.49,0,105.4,-0.41,105.4,105.9,NA,Electric sounder measurement,Water level accuracy to nearest tenth of a foot,1,Department of Water Resources,NA,1,Department of Water Resources,NA,NA,NA,9647,09N06E25F003M,09N06E25F003M,Unknown,Unknown,5-021.65,South American,Sacramento,440,Observation,Single Well,234381,1981-11-04 - 2016-10-18,60
9647,386081N1212710W001,2181004,2016-01-25T00:00:00Z,104.99,105.49,0,105.4,-0.41,105.4,105.9,NA,Electric sounder measurement,Water level accuracy to nearest tenth of a foot,1,Department of Water Resources,NA,1,Department of Water Resources,NA,NA,NA,9647,09N06E25F003M,09N06E25F003M,Unknown,Unknown,5-021.65,South American,Sacramento,440,Observation,Single Well,234381,1981-11-04 - 2016-10-18,60
9647,386081N1212710W001,2178022,2015-12-29T00:00:00Z,104.99,105.49,0,105.5,-0.51,105.5,106,NA,Electric sounder measurement,Water level accuracy to nearest tenth of a foot,1,Department of Water Resources,NA,1,Department of Water Resources,NA,NA,NA,9647,09N06E25F003M,09N06E25F003M,Unknown,Unknown,5-021.65,South American,Sacramento,440,Observation,Single Well,234381,1981-11-04 - 2016-10-18,60
9647,386081N1212710W001,2175817,2015-11-16T00:00:00Z,104.99,105.49,0,105.9,-0.91,105.9,106.4,NA,Electric sounder measurement,Water level accuracy to nearest tenth of a foot,1,Department of Water Resources,NA,1,Department of Water Resources,NA,NA,NA,9647,09N06E25F003M,09N06E25F003M,Unknown,Unknown,5-021.65,South American,Sacramento,440,Observation,Single Well,234381,1981-11-04 - 2016-10-18,60
9647,386081N1212710W001,2157734,2015-10-13T00:00:00Z,104.99,105.49,0,105.7,-0.71,105.7,106.2,NA,Electric sounder measurement,Water level accuracy to nearest tenth of a foot,1,Department of Water Resources,NA,1,Department of Water Resources,NA,NA,NA,9647,09N06E25F003M,09N06E25F003M,Unknown,Unknown,5-021.65,South American,Sacramento,440,Observation,Single Well,234381,1981-11-04 - 2016-10-18,60
9647,386081N1212710W001,2153103,2015-09-01T00:00:00Z,104.99,105.49,0,105.6,-0.61,105.6,106.1,NA,Electric sounder measurement,Water level accuracy to nearest tenth of a foot,1,Department of Water Resources,NA,1,Department of Water Resources,NA,NA,NA,9647,09N06E25F003M,09N06E25F003M,Unknown,Unknown,5-021.65,South American,Sacramento,440,Observation,Single Well,234381,1981-11-04 - 2016-10-18,60
9647,386081N1212710W001,2150914,2015-08-26T00:00:00Z,104.99,105.49,0,105.6,-0.61,105.6,106.1,NA,Electric sounder measurement,Water level accuracy to nearest tenth of a foot,1,Department of Water Resources,NA,1,Department of Water Resources,NA,NA,NA,9647,09N06E25F003M,09N06E25F003M,Unknown,Unknown,5-021.65,South American,Sacramento,440,Observation,Single Well,234381,1981-11-04 - 2016-10-18,60
9647,386081N1212710W001,2146987,2015-07-07T00:00:00Z,104.99,105.49,0,105.9,-0.91,105.9,106.4,NA,Electric sounder measurement,Water level accuracy to nearest tenth of a foot,1,Department of Water Resources,NA,1,Department of Water Resources,NA,NA,NA,9647,09N06E25F003M,09N06E25F003M,Unknown,Unknown,5-021.65,South American,Sacramento,440,Observation,Single Well,234381,1981-11-04 - 2016-10-18,60
9647,386081N1212710W001,2143357,2015-06-23T00:00:00Z,104.99,105.49,0,105.6,-0.61,105.6,106.1,NA,Electric sounder measurement,Water level accuracy to nearest tenth of a foot,1,Department of Water Resources,NA,1,Department of Water Resources,NA,NA,NA,9647,09N06E25F003M,09N06E25F003M,Unknown,Unknown,5-021.65,South American,Sacramento,440,Observation,Single Well,234381,1981-11-04 - 2016-10-18,60
9647,386081N1212710W001,1345402,2001-05-14T00:00:00Z,104.99,105.49,0,81.2,23.79,81.2,81.7,NA,Unknown,Water level accuracy is unknown,1,Department of Water Resources,NA,1,Department of Water Resources,NA,NA,NA,9647,09N06E25F003M,09N06E25F003M,Unknown,Unknown,5-021.65,South American,Sacramento,440,Observation,Single Well,234381,1981-11-04 - 2016-10-18,60
9647,386081N1212710W001,1345398,2000-11-06T00:00:00Z,104.99,105.49,0,76.3,28.69,76.3,76.8,NA,Unknown,Water level accuracy is unknown,1,Department of Water Resources,NA,1,Department of Water Resources,NA,NA,NA,9647,09N06E25F003M,09N06E25F003M,Unknown,Unknown,5-021.65,South American,Sacramento,440,Observation,Single Well,234381,1981-11-04 - 2016-10-18,60
9647,386081N1212710W001,1345397,2000-05-04T00:00:00Z,104.99,105.49,0,79.6,25.39,79.6,80.1,NA,Unknown,Water level accuracy is unknown,1,Department of Water Resources,NA,1,Department of Water Resources,NA,NA,NA,9647,09N06E25F003M,09N06E25F003M,Unknown,Unknown,5-021.65,South American,Sacramento,440,Observation,Single Well,234381,1981-11-04 - 2016-10-18,60
9647,386081N1212710W001,1345396,1999-11-01T00:00:00Z,104.99,105.49,0,81.4,23.59,81.4,81.9,NA,Unknown,Water level accuracy is unknown,1,Department of Water Resources,NA,1,Department of Water Resources,NA,NA,NA,9647,09N06E25F003M,09N06E25F003M,Unknown,Unknown,5-021.65,South American,Sacramento,440,Observation,Single Well,234381,1981-11-04 - 2016-10-18,60
9647,386081N1212710W001,1345395,1999-04-01T00:00:00Z,104.99,105.49,0,74,30.99,74,74.5,NA,Unknown,Water level accuracy is unknown,1,Department of Water Resources,NA,1,Department of Water Resources,NA,NA,NA,9647,09N06E25F003M,09N06E25F003M,Unknown,Unknown,5-021.65,South American,Sacramento,440,Observation,Single Well,234381,1981-11-04 - 2016-10-18,60
9647,386081N1212710W001,1345401,1998-11-10T00:00:00Z,104.99,105.49,0,73.9,31.09,73.9,74.4,NA,Unknown,Water level accuracy is unknown,1,Department of Water Resources,NA,1,Department of Water Resources,NA,NA,NA,9647,09N06E25F003M,09N06E25F003M,Unknown,Unknown,5-021.65,South American,Sacramento,440,Observation,Single Well,234381,1981-11-04 - 2016-10-18,60
9647,386081N1212710W001,1345400,1997-11-06T00:00:00Z,104.99,105.49,0,81.5,23.49,81.5,82,NA,Unknown,Water level accuracy is unknown,1,Department of Water Resources,NA,1,Department of Water Resources,NA,NA,NA,9647,09N06E25F003M,09N06E25F003M,Unknown,Unknown,5-021.65,South American,Sacramento,440,Observation,Single Well,234381,1981-11-04 - 2016-10-18,60
9647,386081N1212710W001,1345399,1997-04-21T00:00:00Z,104.99,105.49,0,81.2,23.79,81.2,81.7,NA,Unknown,Water level accuracy is unknown,1,Department of Water Resources,NA,1,Department of Water Resources,NA,NA,NA,9647,09N06E25F003M,09N06E25F003M,Unknown,Unknown,5-021.65,South American,Sacramento,440,Observation,Single Well,234381,1981-11-04 - 2016-10-18,60
9647,386081N1212710W001,1345394,1996-12-02T00:00:00Z,104.99,105.49,0,80,24.99,80,80.5,NA,Unknown,Water level accuracy is unknown,1,Department of Water Resources,NA,1,Department of Water Resources,NA,NA,NA,9647,09N06E25F003M,09N06E25F003M,Unknown,Unknown,5-021.65,South American,Sacramento,440,Observation,Single Well,234381,1981-11-04 - 2016-10-18,60
9647,386081N1212710W001,1345393,1996-03-28T00:00:00Z,104.99,105.49,0,78.1,26.89,78.1,78.6,NA,Unknown,Water level accuracy is unknown,1,Department of Water Resources,NA,1,Department of Water Resources,NA,NA,NA,9647,09N06E25F003M,09N06E25F003M,Unknown,Unknown,5-021.65,South American,Sacramento,440,Observation,Single Well,234381,1981-11-04 - 2016-10-18,60
9647,386081N1212710W001,1345392,1995-12-08T00:00:00Z,104.99,105.49,0,80.4,24.59,80.4,80.9,NA,Unknown,Water level accuracy is unknown,1,Department of Water Resources,NA,1,Department of Water Resources,NA,NA,NA,9647,09N06E25F003M,09N06E25F003M,Unknown,Unknown,5-021.65,South American,Sacramento,440,Observation,Single Well,234381,1981-11-04 - 2016-10-18,60
9647,386081N1212710W001,1345391,1995-04-12T00:00:00Z,104.99,105.49,0,80.4,24.59,80.4,80.9,NA,Unknown,Water level accuracy is unknown,1,Department of Water Resources,NA,1,Department of Water Resources,NA,NA,NA,9647,09N06E25F003M,09N06E25F003M,Unknown,Unknown,5-021.65,South American,Sacramento,440,Observation,Single Well,234381,1981-11-04 - 2016-10-18,60
9647,386081N1212710W001,1345390,1994-12-05T00:00:00Z,104.99,105.49,0,84,20.99,84,84.5,NA,Unknown,Water level accuracy is unknown,1,Department of Water Resources,NA,1,Department of Water Resources,NA,NA,NA,9647,09N06E25F003M,09N06E25F003M,Unknown,Unknown,5-021.65,South American,Sacramento,440,Observation,Single Well,234381,1981-11-04 - 2016-10-18,60
9647,386081N1212710W001,1345389,1994-03-15T00:00:00Z,104.99,105.49,0,79.1,25.89,79.1,79.6,NA,Unknown,Water level accuracy is unknown,1,Department of Water Resources,NA,1,Department of Water Resources,NA,NA,NA,9647,09N06E25F003M,09N06E25F003M,Unknown,Unknown,5-021.65,South American,Sacramento,440,Observation,Single Well,234381,1981-11-04 - 2016-10-18,60
9647,386081N1212710W001,1345388,1993-10-26T00:00:00Z,104.99,105.49,0,84,20.99,84,84.5,NA,Unknown,Water level accuracy is unknown,1,Department of Water Resources,NA,1,Department of Water Resources,NA,NA,NA,9647,09N06E25F003M,09N06E25F003M,Unknown,Unknown,5-021.65,South American,Sacramento,440,Observation,Single Well,234381,1981-11-04 - 2016-10-18,60
9647,386081N1212710W001,1345387,1993-03-15T00:00:00Z,104.99,105.49,0,76.5,28.49,76.5,77,NA,Unknown,Water level accuracy is unknown,1,Department of Water Resources,NA,1,Department of Water Resources,NA,NA,NA,9647,09N06E25F003M,09N06E25F003M,Unknown,Unknown,5-021.65,South American,Sacramento,440,Observation,Single Well,234381,1981-11-04 - 2016-10-18,60
9647,386081N1212710W001,1345384,1991-03-21T00:00:00Z,104.99,105.49,0,84.1,20.89,84.1,84.6,NA,Unknown,Water level accuracy is unknown,1,Department of Water Resources,NA,1,Department of Water Resources,NA,NA,NA,9647,09N06E25F003M,09N06E25F003M,Unknown,Unknown,5-021.65,South American,Sacramento,440,Observation,Single Well,234381,1981-11-04 - 2016-10-18,60
9647,386081N1212710W001,1345383,1990-10-18T00:00:00Z,104.99,105.49,0,79.7,25.29,79.7,80.2,NA,Unknown,Water level accuracy is unknown,1,Department of Water Resources,NA,1,Department of Water Resources,NA,NA,NA,9647,09N06E25F003M,09N06E25F003M,Unknown,Unknown,5-021.65,South American,Sacramento,440,Observation,Single Well,234381,1981-11-04 - 2016-10-18,60
9647,386081N1212710W001,1345382,1990-03-26T00:00:00Z,104.99,105.49,0,73.6,31.39,73.6,74.1,NA,Unknown,Water level accuracy is unknown,1,Department of Water Resources,NA,1,Department of Water Resources,NA,NA,NA,9647,09N06E25F003M,09N06E25F003M,Unknown,Unknown,5-021.65,South American,Sacramento,440,Observation,Single Well,234381,1981-11-04 - 2016-10-18,60
9647,386081N1212710W001,1345381,1989-10-09T00:00:00Z,104.99,105.49,0,76.1,28.89,76.1,76.6,NA,Unknown,Water level accuracy is unknown,1,Department of Water Resources,NA,1,Department of Water Resources,NA,NA,NA,9647,09N06E25F003M,09N06E25F003M,Unknown,Unknown,5-021.65,South American,Sacramento,440,Observation,Single Well,234381,1981-11-04 - 2016-10-18,60
9647,386081N1212710W001,1345380,1989-03-23T00:00:00Z,104.99,105.49,0,71.4,33.59,71.4,71.9,NA,Unknown,Water level accuracy is unknown,1,Department of Water Resources,NA,1,Department of Water Resources,NA,NA,NA,9647,09N06E25F003M,09N06E25F003M,Unknown,Unknown,5-021.65,South American,Sacramento,440,Observation,Single Well,234381,1981-11-04 - 2016-10-18,60
9647,386081N1212710W001,1345379,1988-10-18T00:00:00Z,104.99,105.49,0,76.4,28.59,76.4,76.9,NA,Unknown,Water level accuracy is unknown,1,Department of Water Resources,NA,1,Department of Water Resources,NA,NA,NA,9647,09N06E25F003M,09N06E25F003M,Unknown,Unknown,5-021.65,South American,Sacramento,440,Observation,Single Well,234381,1981-11-04 - 2016-10-18,60
9647,386081N1212710W001,1345378,1988-03-16T00:00:00Z,104.99,105.49,0,72.8,32.19,72.8,73.3,NA,Unknown,Water level accuracy is unknown,1,Department of Water Resources,NA,1,Department of Water Resources,NA,NA,NA,9647,09N06E25F003M,09N06E25F003M,Unknown,Unknown,5-021.65,South American,Sacramento,440,Observation,Single Well,234381,1981-11-04 - 2016-10-18,60
9647,386081N1212710W001,1345377,1987-10-20T00:00:00Z,104.99,105.49,0,74.8,30.19,74.8,75.3,NA,Unknown,Water level accuracy is unknown,1,Department of Water Resources,NA,1,Department of Water Resources,NA,NA,NA,9647,09N06E25F003M,09N06E25F003M,Unknown,Unknown,5-021.65,South American,Sacramento,440,Observation,Single Well,234381,1981-11-04 - 2016-10-18,60
9647,386081N1212710W001,1345376,1987-03-19T00:00:00Z,104.99,105.49,0,66.2,38.79,66.2,66.7,NA,Unknown,Water level accuracy is unknown,1,Department of Water Resources,NA,1,Department of Water Resources,NA,NA,NA,9647,09N06E25F003M,09N06E25F003M,Unknown,Unknown,5-021.65,South American,Sacramento,440,Observation,Single Well,234381,1981-11-04 - 2016-10-18,60
9647,386081N1212710W001,1345375,1986-10-22T00:00:00Z,104.99,105.49,0,70.1,34.89,70.1,70.6,NA,Unknown,Water level accuracy is unknown,1,Department of Water Resources,NA,1,Department of Water Resources,NA,NA,NA,9647,09N06E25F003M,09N06E25F003M,Unknown,Unknown,5-021.65,South American,Sacramento,440,Observation,Single Well,234381,1981-11-04 - 2016-10-18,60
9647,386081N1212710W001,1345374,1986-03-17T00:00:00Z,104.99,105.49,0,57.6,47.39,57.6,58.1,NA,Unknown,Water level accuracy is unknown,1,Department of Water Resources,NA,1,Department of Water Resources,NA,NA,NA,9647,09N06E25F003M,09N06E25F003M,Unknown,Unknown,5-021.65,South American,Sacramento,440,Observation,Single Well,234381,1981-11-04 - 2016-10-18,60
9647,386081N1212710W001,1345373,1985-10-16T00:00:00Z,104.99,105.49,0,77.5,27.49,77.5,78,NA,Unknown,Water level accuracy is unknown,1,Department of Water Resources,NA,1,Department of Water Resources,NA,NA,NA,9647,09N06E25F003M,09N06E25F003M,Unknown,Unknown,5-021.65,South American,Sacramento,440,Observation,Single Well,234381,1981-11-04 - 2016-10-18,60
9647,386081N1212710W001,1345372,1985-03-07T00:00:00Z,104.99,105.49,0,67.4,37.59,67.4,67.9,NA,Unknown,Water level accuracy is unknown,1,Department of Water Resources,NA,1,Department of Water Resources,NA,NA,NA,9647,09N06E25F003M,09N06E25F003M,Unknown,Unknown,5-021.65,South American,Sacramento,440,Observation,Single Well,234381,1981-11-04 - 2016-10-18,60
9647,386081N1212710W001,1345371,1984-10-10T00:00:00Z,104.99,105.49,0,72.7,32.29,72.7,73.2,NA,Unknown,Water level accuracy is unknown,1,Department of Water Resources,NA,1,Department of Water Resources,NA,NA,NA,9647,09N06E25F003M,09N06E25F003M,Unknown,Unknown,5-021.65,South American,Sacramento,440,Observation,Single Well,234381,1981-11-04 - 2016-10-18,60
9647,386081N1212710W001,1345370,1984-03-13T00:00:00Z,104.99,105.49,0,58.5,46.49,58.5,59,NA,Unknown,Water level accuracy is unknown,1,Department of Water Resources,NA,1,Department of Water Resources,NA,NA,NA,9647,09N06E25F003M,09N06E25F003M,Unknown,Unknown,5-021.65,South American,Sacramento,440,Observation,Single Well,234381,1981-11-04 - 2016-10-18,60
9647,386081N1212710W001,1345369,1983-10-07T00:00:00Z,104.99,105.49,0,63.2,41.79,63.2,63.7,NA,Unknown,Water level accuracy is unknown,1,Department of Water Resources,NA,1,Department of Water Resources,NA,NA,NA,9647,09N06E25F003M,09N06E25F003M,Unknown,Unknown,5-021.65,South American,Sacramento,440,Observation,Single Well,234381,1981-11-04 - 2016-10-18,60
9647,386081N1212710W001,1345368,1983-03-25T00:00:00Z,104.99,105.49,0,54.2,50.79,54.2,54.7,NA,Unknown,Water level accuracy is unknown,1,Department of Water Resources,NA,1,Department of Water Resources,NA,NA,NA,9647,09N06E25F003M,09N06E25F003M,Unknown,Unknown,5-021.65,South American,Sacramento,440,Observation,Single Well,234381,1981-11-04 - 2016-10-18,60
9647,386081N1212710W001,1345367,1982-10-20T00:00:00Z,104.99,105.49,0,65.1,39.89,65.1,65.6,NA,Unknown,Water level accuracy is unknown,1,Department of Water Resources,NA,1,Department of Water Resources,NA,NA,NA,9647,09N06E25F003M,09N06E25F003M,Unknown,Unknown,5-021.65,South American,Sacramento,440,Observation,Single Well,234381,1981-11-04 - 2016-10-18,60
9647,386081N1212710W001,1345366,1982-03-09T00:00:00Z,104.99,105.49,0,62.6,42.39,62.6,63.1,NA,Unknown,Water level accuracy is unknown,1,Department of Water Resources,NA,1,Department of Water Resources,NA,NA,NA,9647,09N06E25F003M,09N06E25F003M,Unknown,Unknown,5-021.65,South American,Sacramento,440,Observation,Single Well,234381,1981-11-04 - 2016-10-18,60
9647,386081N1212710W001,1345365,1981-11-04T00:00:00Z,104.99,105.49,0,66.3,38.69,66.3,66.8,NA,Unknown,Water level accuracy is unknown,1,Department of Water Resources,NA,1,Department of Water Resources,NA,NA,NA,9647,09N06E25F003M,09N06E25F003M,Unknown,Unknown,5-021.65,South American,Sacramento,440,Observation,Single Well,234381,1981-11-04 - 2016-10-18,60
