STN_ID.x,SITE_CODE,WLM_ID,MSMT_DATE,WLM_RPE,WLM_GSE,RDNG_WS,RDNG_RP,WSE,RPE_WSE,GSE_WSE,WLM_QA_DESC,WLM_DESC,WLM_ACC_DESC,WLM_ORG_ID,WLM_ORG_NAME,MSMT_CMT,COOP_AGENCY_ORG_ID,COOP_ORG_NAME,STN_ID.y,TOP_PRF,BOT_PRF,STN_ID,SWN,WELL_NAME,WLM_METHOD,WLM_ACC,BASIN_CODE,BASIN_NAME,COUNTY_NAME,WELL_DEPTH,WELL_USE,WELL_TYPE,WCR_NO,t_range,n_samples
9646,386078N1212713W001,2196963,2016-05-26T00:00:00Z,104.99,105.49,0,96.4,8.59,96.4,96.9,NA,Electric sounder measurement,Water level accuracy to nearest tenth of a foot,1,Department of Water Resources,NA,1,Department of Water Resources,NA,NA,NA,9646,09N06E25F002M,09N06E25F002M,Unknown,Unknown,5-021.65,South American,Sacramento,250,Observation,Single Well,244136,1981-11-04 - 2016-10-18,61
9646,386078N1212713W001,2192097,2016-04-19T00:00:00Z,104.99,105.49,0,95.8,9.19,95.8,96.3,NA,Electric sounder measurement,Water level accuracy to nearest tenth of a foot,1,Department of Water Resources,NA,1,Department of Water Resources,NA,NA,NA,9646,09N06E25F002M,09N06E25F002M,Unknown,Unknown,5-021.65,South American,Sacramento,250,Observation,Single Well,244136,1981-11-04 - 2016-10-18,61
9646,386078N1212713W001,2185781,2016-03-24T00:00:00Z,104.99,105.49,0,95.7,9.29,95.7,96.2,NA,Electric sounder measurement,Water level accuracy to nearest tenth of a foot,1,Department of Water Resources,NA,1,Department of Water Resources,NA,NA,NA,9646,09N06E25F002M,09N06E25F002M,Unknown,Unknown,5-021.65,South American,Sacramento,250,Observation,Single Well,244136,1981-11-04 - 2016-10-18,61
9646,386078N1212713W001,2182820,2016-02-25T00:00:00Z,104.99,105.49,0,96,8.99,96,96.5,NA,Electric sounder measurement,Water level accuracy to nearest tenth of a foot,1,Department of Water Resources,NA,1,Department of Water Resources,NA,NA,NA,9646,09N06E25F002M,09N06E25F002M,Unknown,Unknown,5-021.65,South American,Sacramento,250,Observation,Single Well,244136,1981-11-04 - 2016-10-18,61
9646,386078N1212713W001,2181003,2016-01-25T00:00:00Z,104.99,105.49,0,96.3,8.69,96.3,96.8,NA,Electric sounder measurement,Water level accuracy to nearest tenth of a foot,1,Department of Water Resources,NA,1,Department of Water Resources,NA,NA,NA,9646,09N06E25F002M,09N06E25F002M,Unknown,Unknown,5-021.65,South American,Sacramento,250,Observation,Single Well,244136,1981-11-04 - 2016-10-18,61
9646,386078N1212713W001,2178021,2015-12-29T00:00:00Z,104.99,105.49,0,96.7,8.29,96.7,97.2,NA,Electric sounder measurement,Water level accuracy to nearest tenth of a foot,1,Department of Water Resources,NA,1,Department of Water Resources,NA,NA,NA,9646,09N06E25F002M,09N06E25F002M,Unknown,Unknown,5-021.65,South American,Sacramento,250,Observation,Single Well,244136,1981-11-04 - 2016-10-18,61
9646,386078N1212713W001,2175816,2015-11-16T00:00:00Z,104.99,105.49,0,96.9,8.09,96.9,97.4,NA,Electric sounder measurement,Water level accuracy to nearest tenth of a foot,1,Department of Water Resources,NA,1,Department of Water Resources,NA,NA,NA,9646,09N06E25F002M,09N06E25F002M,Unknown,Unknown,5-021.65,South American,Sacramento,250,Observation,Single Well,244136,1981-11-04 - 2016-10-18,61
9646,386078N1212713W001,2157735,2015-10-13T00:00:00Z,104.99,105.49,0,96.9,8.09,96.9,97.4,NA,Electric sounder measurement,Water level accuracy to nearest tenth of a foot,1,Department of Water Resources,NA,1,Department of Water Resources,NA,NA,NA,9646,09N06E25F002M,09N06E25F002M,Unknown,Unknown,5-021.65,South American,Sacramento,250,Observation,Single Well,244136,1981-11-04 - 2016-10-18,61
9646,386078N1212713W001,2153104,2015-09-01T00:00:00Z,104.99,105.49,0,97,7.99,97,97.5,NA,Electric sounder measurement,Water level accuracy to nearest tenth of a foot,1,Department of Water Resources,NA,1,Department of Water Resources,NA,NA,NA,9646,09N06E25F002M,09N06E25F002M,Unknown,Unknown,5-021.65,South American,Sacramento,250,Observation,Single Well,244136,1981-11-04 - 2016-10-18,61
9646,386078N1212713W001,2150913,2015-08-26T00:00:00Z,104.99,105.49,0,96.9,8.09,96.9,97.4,NA,Electric sounder measurement,Water level accuracy to nearest tenth of a foot,1,Department of Water Resources,NA,1,Department of Water Resources,NA,NA,NA,9646,09N06E25F002M,09N06E25F002M,Unknown,Unknown,5-021.65,South American,Sacramento,250,Observation,Single Well,244136,1981-11-04 - 2016-10-18,61
9646,386078N1212713W001,2146986,2015-07-07T00:00:00Z,104.99,105.49,0,97,7.99,97,97.5,NA,Electric sounder measurement,Water level accuracy to nearest tenth of a foot,1,Department of Water Resources,NA,1,Department of Water Resources,NA,NA,NA,9646,09N06E25F002M,09N06E25F002M,Unknown,Unknown,5-021.65,South American,Sacramento,250,Observation,Single Well,244136,1981-11-04 - 2016-10-18,61
9646,386078N1212713W001,2143356,2015-06-23T00:00:00Z,104.99,105.49,0,96.8,8.19,96.8,97.3,NA,Electric sounder measurement,Water level accuracy to nearest tenth of a foot,1,Department of Water Resources,NA,1,Department of Water Resources,NA,NA,NA,9646,09N06E25F002M,09N06E25F002M,Unknown,Unknown,5-021.65,South American,Sacramento,250,Observation,Single Well,244136,1981-11-04 - 2016-10-18,61
9646,386078N1212713W001,2140392,2015-05-28T00:00:00Z,104.99,105.49,0,96.8,8.19,96.8,97.3,NA,Electric sounder measurement,Water level accuracy to nearest tenth of a foot,1,Department of Water Resources,NA,1,Department of Water Resources,NA,NA,NA,9646,09N06E25F002M,09N06E25F002M,Unknown,Unknown,5-021.65,South American,Sacramento,250,Observation,Single Well,244136,1981-11-04 - 2016-10-18,61
9646,386078N1212713W001,1345359,2001-05-14T00:00:00Z,104.99,105.49,0,73.7,31.29,73.7,74.2,NA,Unknown,Water level accuracy is unknown,1,Department of Water Resources,NA,1,Department of Water Resources,NA,NA,NA,9646,09N06E25F002M,09N06E25F002M,Unknown,Unknown,5-021.65,South American,Sacramento,250,Observation,Single Well,244136,1981-11-04 - 2016-10-18,61
9646,386078N1212713W001,1345355,2000-11-06T00:00:00Z,104.99,105.49,0,72.1,32.89,72.1,72.6,NA,Unknown,Water level accuracy is unknown,1,Department of Water Resources,NA,1,Department of Water Resources,NA,NA,NA,9646,09N06E25F002M,09N06E25F002M,Unknown,Unknown,5-021.65,South American,Sacramento,250,Observation,Single Well,244136,1981-11-04 - 2016-10-18,61
9646,386078N1212713W001,1345354,2000-05-04T00:00:00Z,104.99,105.49,0,73.9,31.09,73.9,74.4,NA,Unknown,Water level accuracy is unknown,1,Department of Water Resources,NA,1,Department of Water Resources,NA,NA,NA,9646,09N06E25F002M,09N06E25F002M,Unknown,Unknown,5-021.65,South American,Sacramento,250,Observation,Single Well,244136,1981-11-04 - 2016-10-18,61
9646,386078N1212713W001,1345353,1999-11-01T00:00:00Z,104.99,105.49,0,75.5,29.49,75.5,76,NA,Unknown,Water level accuracy is unknown,1,Department of Water Resources,NA,1,Department of Water Resources,NA,NA,NA,9646,09N06E25F002M,09N06E25F002M,Unknown,Unknown,5-021.65,South American,Sacramento,250,Observation,Single Well,244136,1981-11-04 - 2016-10-18,61
9646,386078N1212713W001,1345352,1999-04-01T00:00:00Z,104.99,105.49,0,68.4,36.59,68.4,68.9,NA,Unknown,Water level accuracy is unknown,1,Department of Water Resources,NA,1,Department of Water Resources,NA,NA,NA,9646,09N06E25F002M,09N06E25F002M,Unknown,Unknown,5-021.65,South American,Sacramento,250,Observation,Single Well,244136,1981-11-04 - 2016-10-18,61
9646,386078N1212713W001,1345358,1998-11-10T00:00:00Z,104.99,105.49,0,65.8,39.19,65.8,66.3,NA,Unknown,Water level accuracy is unknown,1,Department of Water Resources,NA,1,Department of Water Resources,NA,NA,NA,9646,09N06E25F002M,09N06E25F002M,Unknown,Unknown,5-021.65,South American,Sacramento,250,Observation,Single Well,244136,1981-11-04 - 2016-10-18,61
9646,386078N1212713W001,1345357,1997-11-06T00:00:00Z,104.99,105.49,0,75.3,29.69,75.3,75.8,NA,Unknown,Water level accuracy is unknown,1,Department of Water Resources,NA,1,Department of Water Resources,NA,NA,NA,9646,09N06E25F002M,09N06E25F002M,Unknown,Unknown,5-021.65,South American,Sacramento,250,Observation,Single Well,244136,1981-11-04 - 2016-10-18,61
9646,386078N1212713W001,1345356,1997-04-21T00:00:00Z,104.99,105.49,0,74.9,30.09,74.9,75.4,NA,Unknown,Water level accuracy is unknown,1,Department of Water Resources,NA,1,Department of Water Resources,NA,NA,NA,9646,09N06E25F002M,09N06E25F002M,Unknown,Unknown,5-021.65,South American,Sacramento,250,Observation,Single Well,244136,1981-11-04 - 2016-10-18,61
9646,386078N1212713W001,1345351,1996-12-02T00:00:00Z,104.99,105.49,0,75.4,29.59,75.4,75.9,NA,Unknown,Water level accuracy is unknown,1,Department of Water Resources,NA,1,Department of Water Resources,NA,NA,NA,9646,09N06E25F002M,09N06E25F002M,Unknown,Unknown,5-021.65,South American,Sacramento,250,Observation,Single Well,244136,1981-11-04 - 2016-10-18,61
9646,386078N1212713W001,1345350,1996-03-28T00:00:00Z,104.99,105.49,0,73.2,31.79,73.2,73.7,NA,Unknown,Water level accuracy is unknown,1,Department of Water Resources,NA,1,Department of Water Resources,NA,NA,NA,9646,09N06E25F002M,09N06E25F002M,Unknown,Unknown,5-021.65,South American,Sacramento,250,Observation,Single Well,244136,1981-11-04 - 2016-10-18,61
9646,386078N1212713W001,1345349,1995-12-08T00:00:00Z,104.99,105.49,0,75.7,29.29,75.7,76.2,NA,Unknown,Water level accuracy is unknown,1,Department of Water Resources,NA,1,Department of Water Resources,NA,NA,NA,9646,09N06E25F002M,09N06E25F002M,Unknown,Unknown,5-021.65,South American,Sacramento,250,Observation,Single Well,244136,1981-11-04 - 2016-10-18,61
9646,386078N1212713W001,1345348,1995-04-12T00:00:00Z,104.99,105.49,0,74.1,30.89,74.1,74.6,NA,Unknown,Water level accuracy is unknown,1,Department of Water Resources,NA,1,Department of Water Resources,NA,NA,NA,9646,09N06E25F002M,09N06E25F002M,Unknown,Unknown,5-021.65,South American,Sacramento,250,Observation,Single Well,244136,1981-11-04 - 2016-10-18,61
9646,386078N1212713W001,1345347,1994-12-05T00:00:00Z,104.99,105.49,0,79.2,25.79,79.2,79.7,NA,Unknown,Water level accuracy is unknown,1,Department of Water Resources,NA,1,Department of Water Resources,NA,NA,NA,9646,09N06E25F002M,09N06E25F002M,Unknown,Unknown,5-021.65,South American,Sacramento,250,Observation,Single Well,244136,1981-11-04 - 2016-10-18,61
9646,386078N1212713W001,1345346,1994-03-15T00:00:00Z,104.99,105.49,0,75,29.99,75,75.5,NA,Unknown,Water level accuracy is unknown,1,Department of Water Resources,NA,1,Department of Water Resources,NA,NA,NA,9646,09N06E25F002M,09N06E25F002M,Unknown,Unknown,5-021.65,South American,Sacramento,250,Observation,Single Well,244136,1981-11-04 - 2016-10-18,61
9646,386078N1212713W001,1345345,1993-10-26T00:00:00Z,104.99,105.49,0,77.4,27.59,77.4,77.9,NA,Unknown,Water level accuracy is unknown,1,Department of Water Resources,NA,1,Department of Water Resources,NA,NA,NA,9646,09N06E25F002M,09N06E25F002M,Unknown,Unknown,5-021.65,South American,Sacramento,250,Observation,Single Well,244136,1981-11-04 - 2016-10-18,61
9646,386078N1212713W001,1345344,1993-03-15T00:00:00Z,104.99,105.49,0,72.6,32.39,72.6,73.1,NA,Unknown,Water level accuracy is unknown,1,Department of Water Resources,NA,1,Department of Water Resources,NA,NA,NA,9646,09N06E25F002M,09N06E25F002M,Unknown,Unknown,5-021.65,South American,Sacramento,250,Observation,Single Well,244136,1981-11-04 - 2016-10-18,61
9646,386078N1212713W001,1345341,1991-03-21T00:00:00Z,104.99,105.49,0,70.3,34.69,70.3,70.8,NA,Unknown,Water level accuracy is unknown,1,Department of Water Resources,NA,1,Department of Water Resources,NA,NA,NA,9646,09N06E25F002M,09N06E25F002M,Unknown,Unknown,5-021.65,South American,Sacramento,250,Observation,Single Well,244136,1981-11-04 - 2016-10-18,61
9646,386078N1212713W001,1345340,1990-10-18T00:00:00Z,104.99,105.49,0,74.9,30.09,74.9,75.4,NA,Unknown,Water level accuracy is unknown,1,Department of Water Resources,NA,1,Department of Water Resources,NA,NA,NA,9646,09N06E25F002M,09N06E25F002M,Unknown,Unknown,5-021.65,South American,Sacramento,250,Observation,Single Well,244136,1981-11-04 - 2016-10-18,61
9646,386078N1212713W001,1345339,1990-03-26T00:00:00Z,104.99,105.49,0,69.5,35.49,69.5,70,NA,Unknown,Water level accuracy is unknown,1,Department of Water Resources,NA,1,Department of Water Resources,NA,NA,NA,9646,09N06E25F002M,09N06E25F002M,Unknown,Unknown,5-021.65,South American,Sacramento,250,Observation,Single Well,244136,1981-11-04 - 2016-10-18,61
9646,386078N1212713W001,1345338,1989-10-09T00:00:00Z,104.99,105.49,0,71.8,33.19,71.8,72.3,NA,Unknown,Water level accuracy is unknown,1,Department of Water Resources,NA,1,Department of Water Resources,NA,NA,NA,9646,09N06E25F002M,09N06E25F002M,Unknown,Unknown,5-021.65,South American,Sacramento,250,Observation,Single Well,244136,1981-11-04 - 2016-10-18,61
9646,386078N1212713W001,1345337,1989-03-23T00:00:00Z,104.99,105.49,0,67.8,37.19,67.8,68.3,NA,Unknown,Water level accuracy is unknown,1,Department of Water Resources,NA,1,Department of Water Resources,NA,NA,NA,9646,09N06E25F002M,09N06E25F002M,Unknown,Unknown,5-021.65,South American,Sacramento,250,Observation,Single Well,244136,1981-11-04 - 2016-10-18,61
9646,386078N1212713W001,1345336,1988-10-18T00:00:00Z,104.99,105.49,0,71.8,33.19,71.8,72.3,NA,Unknown,Water level accuracy is unknown,1,Department of Water Resources,NA,1,Department of Water Resources,NA,NA,NA,9646,09N06E25F002M,09N06E25F002M,Unknown,Unknown,5-021.65,South American,Sacramento,250,Observation,Single Well,244136,1981-11-04 - 2016-10-18,61
9646,386078N1212713W001,1345335,1988-03-16T00:00:00Z,104.99,105.49,0,68,36.99,68,68.5,NA,Unknown,Water level accuracy is unknown,1,Department of Water Resources,NA,1,Department of Water Resources,NA,NA,NA,9646,09N06E25F002M,09N06E25F002M,Unknown,Unknown,5-021.65,South American,Sacramento,250,Observation,Single Well,244136,1981-11-04 - 2016-10-18,61
9646,386078N1212713W001,1345334,1987-10-20T00:00:00Z,104.99,105.49,0,69.6,35.39,69.6,70.1,NA,Unknown,Water level accuracy is unknown,1,Department of Water Resources,NA,1,Department of Water Resources,NA,NA,NA,9646,09N06E25F002M,09N06E25F002M,Unknown,Unknown,5-021.65,South American,Sacramento,250,Observation,Single Well,244136,1981-11-04 - 2016-10-18,61
9646,386078N1212713W001,1345333,1987-03-19T00:00:00Z,104.99,105.49,0,62.3,42.69,62.3,62.8,NA,Unknown,Water level accuracy is unknown,1,Department of Water Resources,NA,1,Department of Water Resources,NA,NA,NA,9646,09N06E25F002M,09N06E25F002M,Unknown,Unknown,5-021.65,South American,Sacramento,250,Observation,Single Well,244136,1981-11-04 - 2016-10-18,61
9646,386078N1212713W001,1345332,1986-10-22T00:00:00Z,104.99,105.49,0,64.9,40.09,64.9,65.4,NA,Unknown,Water level accuracy is unknown,1,Department of Water Resources,NA,1,Department of Water Resources,NA,NA,NA,9646,09N06E25F002M,09N06E25F002M,Unknown,Unknown,5-021.65,South American,Sacramento,250,Observation,Single Well,244136,1981-11-04 - 2016-10-18,61
9646,386078N1212713W001,1345331,1986-03-12T00:00:00Z,104.99,105.49,0,62,42.99,62,62.5,NA,Unknown,Water level accuracy is unknown,1,Department of Water Resources,NA,1,Department of Water Resources,NA,NA,NA,9646,09N06E25F002M,09N06E25F002M,Unknown,Unknown,5-021.65,South American,Sacramento,250,Observation,Single Well,244136,1981-11-04 - 2016-10-18,61
9646,386078N1212713W001,1345330,1985-10-16T00:00:00Z,104.99,105.49,0,68.8,36.19,68.8,69.3,NA,Unknown,Water level accuracy is unknown,1,Department of Water Resources,NA,1,Department of Water Resources,NA,NA,NA,9646,09N06E25F002M,09N06E25F002M,Unknown,Unknown,5-021.65,South American,Sacramento,250,Observation,Single Well,244136,1981-11-04 - 2016-10-18,61
9646,386078N1212713W001,1345329,1985-03-07T00:00:00Z,104.99,105.49,0,60.1,44.89,60.1,60.6,NA,Unknown,Water level accuracy is unknown,1,Department of Water Resources,NA,1,Department of Water Resources,NA,NA,NA,9646,09N06E25F002M,09N06E25F002M,Unknown,Unknown,5-021.65,South American,Sacramento,250,Observation,Single Well,244136,1981-11-04 - 2016-10-18,61
9646,386078N1212713W001,1345328,1984-10-10T00:00:00Z,104.99,105.49,0,64.5,40.49,64.5,65,NA,Unknown,Water level accuracy is unknown,1,Department of Water Resources,NA,1,Department of Water Resources,NA,NA,NA,9646,09N06E25F002M,09N06E25F002M,Unknown,Unknown,5-021.65,South American,Sacramento,250,Observation,Single Well,244136,1981-11-04 - 2016-10-18,61
9646,386078N1212713W001,1345327,1984-03-14T00:00:00Z,104.99,105.49,0,54.1,50.89,54.1,54.6,NA,Unknown,Water level accuracy is unknown,1,Department of Water Resources,NA,1,Department of Water Resources,NA,NA,NA,9646,09N06E25F002M,09N06E25F002M,Unknown,Unknown,5-021.65,South American,Sacramento,250,Observation,Single Well,244136,1981-11-04 - 2016-10-18,61
9646,386078N1212713W001,1345326,1983-10-07T00:00:00Z,104.99,105.49,0,58.9,46.09,58.9,59.4,NA,Unknown,Water level accuracy is unknown,1,Department of Water Resources,NA,1,Department of Water Resources,NA,NA,NA,9646,09N06E25F002M,09N06E25F002M,Unknown,Unknown,5-021.65,South American,Sacramento,250,Observation,Single Well,244136,1981-11-04 - 2016-10-18,61
9646,386078N1212713W001,1345325,1983-03-25T00:00:00Z,104.99,105.49,0,57.6,47.39,57.6,58.1,NA,Unknown,Water level accuracy is unknown,1,Department of Water Resources,NA,1,Department of Water Resources,NA,NA,NA,9646,09N06E25F002M,09N06E25F002M,Unknown,Unknown,5-021.65,South American,Sacramento,250,Observation,Single Well,244136,1981-11-04 - 2016-10-18,61
9646,386078N1212713W001,1345324,1982-10-20T00:00:00Z,104.99,105.49,0,62.1,42.89,62.1,62.6,NA,Unknown,Water level accuracy is unknown,1,Department of Water Resources,NA,1,Department of Water Resources,NA,NA,NA,9646,09N06E25F002M,09N06E25F002M,Unknown,Unknown,5-021.65,South American,Sacramento,250,Observation,Single Well,244136,1981-11-04 - 2016-10-18,61
9646,386078N1212713W001,1345323,1982-03-09T00:00:00Z,104.99,105.49,0,60.5,44.49,60.5,61,NA,Unknown,Water level accuracy is unknown,1,Department of Water Resources,NA,1,Department of Water Resources,NA,NA,NA,9646,09N06E25F002M,09N06E25F002M,Unknown,Unknown,5-021.65,South American,Sacramento,250,Observation,Single Well,244136,1981-11-04 - 2016-10-18,61
9646,386078N1212713W001,1345322,1981-11-04T00:00:00Z,104.99,105.49,0,64.5,40.49,64.5,65,NA,Unknown,Water level accuracy is unknown,1,Department of Water Resources,NA,1,Department of Water Resources,NA,NA,NA,9646,09N06E25F002M,09N06E25F002M,Unknown,Unknown,5-021.65,South American,Sacramento,250,Observation,Single Well,244136,1981-11-04 - 2016-10-18,61
