SITE_CODE,WLM_ID,MSMT_DATE,WLM_RPE,WLM_GSE,RDNG_WS,RDNG_RP,WSE,RPE_WSE,GSE_WSE,WLM_QA_DESC,WLM_DESC,WLM_ACC_DESC,WLM_ORG_ID,WLM_ORG_NAME,MSMT_CMT,COOP_AGENCY_ORG_ID,COOP_ORG_NAME,TOP_PRF,BOT_PRF,STN_ID,SWN,WELL_NAME,WLM_METHOD,WLM_ACC,BASIN_CODE,BASIN_NAME,COUNTY_NAME,WELL_DEPTH,WELL_USE,WELL_TYPE,WCR_NO,t_range,n_samples,season,fall_high,fall_low,spring_high,spring_low,water_year,Oct.Mar,Apr.Jul,WYsum,Index,water_year_type,region,water_year_start,water_year_end,X,Y
386578N1211879W001,2482841,2019-10-25T00:00:00Z,144.1,144.6,0,12.1,132,12.1,12.6,NA,Electric sounder measurement,Water level accuracy to nearest tenth of a foot,5050,Sacramento Central Groundwater Authority,NA,5050,Sacramento Central Groundwater Authority,135,165,48863,09N07E02N001M,SCGA #27,Surveyed to a benchmark,Unknown,5-021.65,South American,Sacramento,170,Observation,Single Well,NA,2012-04-30 - 2020-04-15,17,fall,11.7,13.5,NA,NA,2019,13.11,10.66,24.77,10.34,Wet,SAC,2019-10-01T00:00:00Z,2020-10-01T00:00:00Z,-121.188,38.6578
386578N1211879W001,2454989,2019-04-18T00:00:00Z,144.1,144.6,0,10.5,133.6,10.5,11,NA,Electric sounder measurement,Water level accuracy to nearest tenth of a foot,5050,Sacramento Central Groundwater Authority,NA,5050,Sacramento Central Groundwater Authority,135,165,48863,09N07E02N001M,SCGA #27,Surveyed to a benchmark,Unknown,5-021.65,South American,Sacramento,170,Observation,Single Well,NA,2012-04-30 - 2020-04-15,17,spring,NA,NA,11,12.9,2018,7.09,5.05,12.86,7.14,Below Normal,SAC,2018-10-01T00:00:00Z,2019-10-01T00:00:00Z,-121.188,38.6578
386578N1211879W001,2413109,2018-10-24T00:00:00Z,144.1,144.6,0,12.2,131.9,12.2,12.7,NA,Electric sounder measurement,Water level accuracy to nearest tenth of a foot,5050,Sacramento Central Groundwater Authority,NA,5050,Sacramento Central Groundwater Authority,135,165,48863,09N07E02N001M,SCGA #27,Surveyed to a benchmark,Unknown,5-021.65,South American,Sacramento,170,Observation,Single Well,NA,2012-04-30 - 2020-04-15,17,fall,11.7,13.5,NA,NA,2018,7.09,5.05,12.86,7.14,Below Normal,SAC,2018-10-01T00:00:00Z,2019-10-01T00:00:00Z,-121.188,38.6578
386578N1211879W001,2305638,2018-04-13T00:00:00Z,144.1,144.6,0,10.6,133.5,10.6,11.1,NA,Electric sounder measurement,Water level accuracy to nearest tenth of a foot,5050,Sacramento Central Groundwater Authority,NA,5050,Sacramento Central Groundwater Authority,135,165,48863,09N07E02N001M,SCGA #27,Surveyed to a benchmark,Unknown,5-021.65,South American,Sacramento,170,Observation,Single Well,NA,2012-04-30 - 2020-04-15,17,spring,NA,NA,11,12.9,2017,26.17,10.69,37.82,14.14,Wet,SAC,2017-10-01T00:00:00Z,2018-10-01T00:00:00Z,-121.188,38.6578
386578N1211879W001,2252823,2017-05-10T00:00:00Z,144.1,144.6,0,11,133.1,11,11.5,NA,Electric sounder measurement,Water level accuracy to nearest tenth of a foot,5050,Sacramento Central Groundwater Authority,NA,5050,Sacramento Central Groundwater Authority,135,165,48863,09N07E02N001M,SCGA #27,Surveyed to a benchmark,Unknown,5-021.65,South American,Sacramento,170,Observation,Single Well,NA,2012-04-30 - 2020-04-15,17,spring,NA,NA,11,12.9,2016,12.24,4.6,17.48,6.71,Below Normal,SAC,2016-10-01T00:00:00Z,2017-10-01T00:00:00Z,-121.188,38.6578
386578N1211879W001,2185719,2015-10-26T00:00:00Z,144.1,144.6,0,13,131.1,13,13.5,NA,Electric sounder measurement,Water level accuracy to nearest tenth of a foot,5050,Sacramento Central Groundwater Authority,NA,5050,Sacramento Central Groundwater Authority,135,165,48863,09N07E02N001M,SCGA #27,Surveyed to a benchmark,Unknown,5-021.65,South American,Sacramento,170,Observation,Single Well,NA,2012-04-30 - 2020-04-15,17,fall,11.7,13.5,NA,NA,2015,6.91,1.77,9.23,4,Critical,SAC,2015-10-01T00:00:00Z,2016-10-01T00:00:00Z,-121.188,38.6578
386578N1211879W001,2137264,2015-04-22T00:00:00Z,144.1,144.6,0,12.2,131.9,12.2,12.7,NA,Electric sounder measurement,Water level accuracy to nearest tenth of a foot,5050,Sacramento Central Groundwater Authority,NA,5050,Sacramento Central Groundwater Authority,135,165,48863,09N07E02N001M,SCGA #27,Surveyed to a benchmark,Unknown,5-021.65,South American,Sacramento,170,Observation,Single Well,NA,2012-04-30 - 2020-04-15,17,spring,NA,NA,11,12.9,2014,4.29,2.59,7.46,4.07,Critical,SAC,2014-10-01T00:00:00Z,2015-10-01T00:00:00Z,-121.188,38.6578
386578N1211879W001,2137263,2014-10-27T00:00:00Z,144.1,144.6,0,11.2,132.9,11.2,11.7,NA,Electric sounder measurement,Water level accuracy to nearest tenth of a foot,5050,Sacramento Central Groundwater Authority,NA,5050,Sacramento Central Groundwater Authority,135,165,48863,09N07E02N001M,SCGA #27,Surveyed to a benchmark,Unknown,5-021.65,South American,Sacramento,170,Observation,Single Well,NA,2012-04-30 - 2020-04-15,17,fall,11.7,13.5,NA,NA,2014,4.29,2.59,7.46,4.07,Critical,SAC,2014-10-01T00:00:00Z,2015-10-01T00:00:00Z,-121.188,38.6578
386578N1211879W001,1905129,2014-04-16T00:00:00Z,144.1,144.6,0,12.4,131.7,12.4,12.9,NA,Electric sounder measurement,Water level accuracy to nearest tenth of a foot,5050,Sacramento Central Groundwater Authority,NA,5050,Sacramento Central Groundwater Authority,135,165,48863,09N07E02N001M,SCGA #27,Surveyed to a benchmark,Unknown,5-021.65,South American,Sacramento,170,Observation,Single Well,NA,2012-04-30 - 2020-04-15,17,spring,NA,NA,11,12.9,2013,8.52,3.01,12.19,5.83,Dry,SAC,2013-10-01T00:00:00Z,2014-10-01T00:00:00Z,-121.188,38.6578
386578N1211879W001,1905128,2013-10-23T00:00:00Z,144.1,144.6,0,12.7,131.4,12.7,13.2,NA,Electric sounder measurement,Water level accuracy to nearest tenth of a foot,5050,Sacramento Central Groundwater Authority,NA,5050,Sacramento Central Groundwater Authority,135,165,48863,09N07E02N001M,SCGA #27,Surveyed to a benchmark,Unknown,5-021.65,South American,Sacramento,170,Observation,Single Well,NA,2012-04-30 - 2020-04-15,17,fall,11.7,13.5,NA,NA,2013,8.52,3.01,12.19,5.83,Dry,SAC,2013-10-01T00:00:00Z,2014-10-01T00:00:00Z,-121.188,38.6578
386578N1211879W001,1704751,2013-04-30T00:00:00Z,144.1,144.6,0,11.9,132.2,11.9,12.4,NA,Electric sounder measurement,Water level accuracy to nearest tenth of a foot,5050,Sacramento Central Groundwater Authority,NA,5050,Sacramento Central Groundwater Authority,135,165,48863,09N07E02N001M,SCGA #27,Surveyed to a benchmark,Unknown,5-021.65,South American,Sacramento,170,Observation,Single Well,NA,2012-04-30 - 2020-04-15,17,spring,NA,NA,11,12.9,2012,5.69,5.46,11.84,6.89,Below Normal,SAC,2012-10-01T00:00:00Z,2013-10-01T00:00:00Z,-121.188,38.6578
386578N1211879W001,1704750,2012-10-29T00:00:00Z,144.1,144.6,0,12.7,131.4,12.7,13.2,NA,Electric sounder measurement,Water level accuracy to nearest tenth of a foot,5050,Sacramento Central Groundwater Authority,NA,5050,Sacramento Central Groundwater Authority,135,165,48863,09N07E02N001M,SCGA #27,Surveyed to a benchmark,Unknown,5-021.65,South American,Sacramento,170,Observation,Single Well,NA,2012-04-30 - 2020-04-15,17,fall,11.7,13.5,NA,NA,2012,5.69,5.46,11.84,6.89,Below Normal,SAC,2012-10-01T00:00:00Z,2013-10-01T00:00:00Z,-121.188,38.6578
386578N1211879W001,61322,2012-04-30T00:00:00Z,144.1,144.6,0,11.2,132.9,11.2,11.7,NA,Electric sounder measurement,Water level accuracy to nearest tenth of a foot,5050,Sacramento Central Groundwater Authority,NA,5050,Sacramento Central Groundwater Authority,135,165,48863,09N07E02N001M,SCGA #27,Surveyed to a benchmark,Unknown,5-021.65,South American,Sacramento,170,Observation,Single Well,NA,2012-04-30 - 2020-04-15,17,spring,NA,NA,11,12.9,2011,12.68,11.53,25.21,10.54,Wet,SAC,2011-10-01T00:00:00Z,2012-10-01T00:00:00Z,-121.188,38.6578
