SITE_CODE,WLM_ID,MSMT_DATE,WLM_RPE,WLM_GSE,RDNG_WS,RDNG_RP,WSE,RPE_WSE,GSE_WSE,WLM_QA_DESC,WLM_DESC,WLM_ACC_DESC,WLM_ORG_ID,WLM_ORG_NAME,MSMT_CMT,COOP_AGENCY_ORG_ID,COOP_ORG_NAME,TOP_PRF,BOT_PRF,STN_ID,SWN,WELL_NAME,WLM_METHOD,WLM_ACC,BASIN_CODE,BASIN_NAME,COUNTY_NAME,WELL_DEPTH,WELL_USE,WELL_TYPE,WCR_NO,t_range,n_samples,X,Y
386650N1211776W001,2482842,2019-10-15T00:00:00Z,182.36,179.86,0,11.5,170.86,11.5,9,NA,Electric sounder measurement,Water level accuracy to nearest tenth of a foot,5050,Sacramento Central Groundwater Authority,NA,5050,Sacramento Central Groundwater Authority,70,100,24654,09N07E02G001M,SCGA #28,Unknown,Unknown,5-021.65,South American,Sacramento,101,Observation,Single Well,1099176,2006-12-08 - 2020-04-15,32,-121.178,38.665
386650N1211776W001,2454988,2019-04-10T00:00:00Z,182.36,179.86,0,9.5,172.86,9.5,7,NA,Electric sounder measurement,Water level accuracy to nearest tenth of a foot,5050,Sacramento Central Groundwater Authority,NA,5050,Sacramento Central Groundwater Authority,70,100,24654,09N07E02G001M,SCGA #28,Unknown,Unknown,5-021.65,South American,Sacramento,101,Observation,Single Well,1099176,2006-12-08 - 2020-04-15,32,-121.178,38.665
386650N1211776W001,2413108,2018-10-23T00:00:00Z,182.36,179.86,0,11.8,170.56,11.8,9.3,NA,Electric sounder measurement,Water level accuracy to nearest tenth of a foot,5050,Sacramento Central Groundwater Authority,NA,5050,Sacramento Central Groundwater Authority,70,100,24654,09N07E02G001M,SCGA #28,Unknown,Unknown,5-021.65,South American,Sacramento,101,Observation,Single Well,1099176,2006-12-08 - 2020-04-15,32,-121.178,38.665
386650N1211776W001,2305633,2018-04-13T00:00:00Z,182.36,179.86,0,9.7,172.66,9.7,7.2,NA,Electric sounder measurement,Water level accuracy to nearest tenth of a foot,5050,Sacramento Central Groundwater Authority,NA,5050,Sacramento Central Groundwater Authority,70,100,24654,09N07E02G001M,SCGA #28,Unknown,Unknown,5-021.65,South American,Sacramento,101,Observation,Single Well,1099176,2006-12-08 - 2020-04-15,32,-121.178,38.665
386650N1211776W001,2278892,2017-10-16T00:00:00Z,182.36,179.86,0,11.7,170.66,11.7,9.2,NA,Electric sounder measurement,Water level accuracy to nearest tenth of a foot,5050,Sacramento Central Groundwater Authority,NA,5050,Sacramento Central Groundwater Authority,70,100,24654,09N07E02G001M,SCGA #28,Unknown,Unknown,5-021.65,South American,Sacramento,101,Observation,Single Well,1099176,2006-12-08 - 2020-04-15,32,-121.178,38.665
386650N1211776W001,2252831,2017-05-10T00:00:00Z,182.36,179.86,0,9.6,172.76,9.6,7.1,NA,Electric sounder measurement,Water level accuracy to nearest tenth of a foot,5050,Sacramento Central Groundwater Authority,NA,5050,Sacramento Central Groundwater Authority,70,100,24654,09N07E02G001M,SCGA #28,Unknown,Unknown,5-021.65,South American,Sacramento,101,Observation,Single Well,1099176,2006-12-08 - 2020-04-15,32,-121.178,38.665
386650N1211776W001,2252830,2016-10-26T00:00:00Z,182.36,179.86,0,11.1,171.26,11.1,8.6,NA,Electric sounder measurement,Water level accuracy to nearest tenth of a foot,5050,Sacramento Central Groundwater Authority,NA,5050,Sacramento Central Groundwater Authority,70,100,24654,09N07E02G001M,SCGA #28,Unknown,Unknown,5-021.65,South American,Sacramento,101,Observation,Single Well,1099176,2006-12-08 - 2020-04-15,32,-121.178,38.665
386650N1211776W001,2185708,2015-10-26T00:00:00Z,182.36,179.86,0,12.7,169.66,12.7,10.2,NA,Electric sounder measurement,Water level accuracy to nearest tenth of a foot,5050,Sacramento Central Groundwater Authority,NA,5050,Sacramento Central Groundwater Authority,70,100,24654,09N07E02G001M,SCGA #28,Unknown,Unknown,5-021.65,South American,Sacramento,101,Observation,Single Well,1099176,2006-12-08 - 2020-04-15,32,-121.178,38.665
386650N1211776W001,2137267,2015-04-22T00:00:00Z,182.36,179.86,0,11.5,170.86,11.5,9,NA,Electric sounder measurement,Water level accuracy to nearest tenth of a foot,5050,Sacramento Central Groundwater Authority,NA,5050,Sacramento Central Groundwater Authority,70,100,24654,09N07E02G001M,SCGA #28,Unknown,Unknown,5-021.65,South American,Sacramento,101,Observation,Single Well,1099176,2006-12-08 - 2020-04-15,32,-121.178,38.665
386650N1211776W001,2137266,2014-10-27T00:00:00Z,182.36,179.86,0,12.1,170.26,12.1,9.6,NA,Electric sounder measurement,Water level accuracy to nearest tenth of a foot,5050,Sacramento Central Groundwater Authority,NA,5050,Sacramento Central Groundwater Authority,70,100,24654,09N07E02G001M,SCGA #28,Unknown,Unknown,5-021.65,South American,Sacramento,101,Observation,Single Well,1099176,2006-12-08 - 2020-04-15,32,-121.178,38.665
386650N1211776W001,2137265,2014-10-27T00:00:00Z,182.36,179.86,0,12.1,170.26,12.1,9.6,NA,Electric sounder measurement,Water level accuracy to nearest tenth of a foot,5050,Sacramento Central Groundwater Authority,NA,5050,Sacramento Central Groundwater Authority,70,100,24654,09N07E02G001M,SCGA #28,Unknown,Unknown,5-021.65,South American,Sacramento,101,Observation,Single Well,1099176,2006-12-08 - 2020-04-15,32,-121.178,38.665
386650N1211776W001,1905131,2014-04-16T00:00:00Z,182.36,179.86,0,10.9,171.46,10.9,8.4,NA,Electric sounder measurement,Water level accuracy to nearest tenth of a foot,5050,Sacramento Central Groundwater Authority,NA,5050,Sacramento Central Groundwater Authority,70,100,24654,09N07E02G001M,SCGA #28,Unknown,Unknown,5-021.65,South American,Sacramento,101,Observation,Single Well,1099176,2006-12-08 - 2020-04-15,32,-121.178,38.665
386650N1211776W001,1905130,2013-10-23T00:00:00Z,182.36,179.86,0,11.9,170.46,11.9,9.4,NA,Electric sounder measurement,Water level accuracy to nearest tenth of a foot,5050,Sacramento Central Groundwater Authority,NA,5050,Sacramento Central Groundwater Authority,70,100,24654,09N07E02G001M,SCGA #28,Unknown,Unknown,5-021.65,South American,Sacramento,101,Observation,Single Well,1099176,2006-12-08 - 2020-04-15,32,-121.178,38.665
386650N1211776W001,1704753,2013-04-30T00:00:00Z,182.36,179.86,0,10.3,172.06,10.3,7.8,NA,Electric sounder measurement,Water level accuracy to nearest tenth of a foot,5050,Sacramento Central Groundwater Authority,NA,5050,Sacramento Central Groundwater Authority,70,100,24654,09N07E02G001M,SCGA #28,Unknown,Unknown,5-021.65,South American,Sacramento,101,Observation,Single Well,1099176,2006-12-08 - 2020-04-15,32,-121.178,38.665
386650N1211776W001,1704752,2012-10-29T00:00:00Z,182.36,179.86,0,9.8,172.56,9.8,7.3,NA,Electric sounder measurement,Water level accuracy to nearest tenth of a foot,5050,Sacramento Central Groundwater Authority,NA,5050,Sacramento Central Groundwater Authority,70,100,24654,09N07E02G001M,SCGA #28,Unknown,Unknown,5-021.65,South American,Sacramento,101,Observation,Single Well,1099176,2006-12-08 - 2020-04-15,32,-121.178,38.665
386650N1211776W001,61323,2012-04-30T00:00:00Z,182.36,179.86,0,10,172.36,10,7.5,NA,Electric sounder measurement,Water level accuracy to nearest tenth of a foot,5050,Sacramento Central Groundwater Authority,NA,5050,Sacramento Central Groundwater Authority,70,100,24654,09N07E02G001M,SCGA #28,Unknown,Unknown,5-021.65,South American,Sacramento,101,Observation,Single Well,1099176,2006-12-08 - 2020-04-15,32,-121.178,38.665
386650N1211776W001,1345731,2009-02-19T00:00:00Z,182.36,179.86,0,9.19,173.17,9.19,6.69,NA,Unknown,Water level accuracy is unknown,1,Department of Water Resources,NA,1,Department of Water Resources,70,100,24654,09N07E02G001M,SCGA #28,Unknown,Unknown,5-021.65,South American,Sacramento,101,Observation,Single Well,1099176,2006-12-08 - 2020-04-15,32,-121.178,38.665
386650N1211776W001,1345730,2008-10-02T00:00:00Z,182.36,179.86,0,10.24,172.12,10.24,7.74,NA,Unknown,Water level accuracy is unknown,1,Department of Water Resources,NA,1,Department of Water Resources,70,100,24654,09N07E02G001M,SCGA #28,Unknown,Unknown,5-021.65,South American,Sacramento,101,Observation,Single Well,1099176,2006-12-08 - 2020-04-15,32,-121.178,38.665
386650N1211776W001,1345729,2008-08-12T00:00:00Z,182.36,179.86,0,10.07,172.29,10.07,7.57,NA,Unknown,Water level accuracy is unknown,1,Department of Water Resources,NA,1,Department of Water Resources,70,100,24654,09N07E02G001M,SCGA #28,Unknown,Unknown,5-021.65,South American,Sacramento,101,Observation,Single Well,1099176,2006-12-08 - 2020-04-15,32,-121.178,38.665
386650N1211776W001,1345728,2008-05-26T00:00:00Z,182.36,179.86,0,9.6,172.76,9.6,7.1,NA,Unknown,Water level accuracy is unknown,1,Department of Water Resources,NA,1,Department of Water Resources,70,100,24654,09N07E02G001M,SCGA #28,Unknown,Unknown,5-021.65,South American,Sacramento,101,Observation,Single Well,1099176,2006-12-08 - 2020-04-15,32,-121.178,38.665
386650N1211776W001,1345727,2008-04-03T00:00:00Z,182.36,179.86,0,9.29,173.07,9.29,6.79,NA,Unknown,Water level accuracy is unknown,1,Department of Water Resources,NA,1,Department of Water Resources,70,100,24654,09N07E02G001M,SCGA #28,Unknown,Unknown,5-021.65,South American,Sacramento,101,Observation,Single Well,1099176,2006-12-08 - 2020-04-15,32,-121.178,38.665
386650N1211776W001,1345726,2007-12-21T00:00:00Z,182.36,179.86,0,8.59,173.77,8.59,6.09,NA,Unknown,Water level accuracy is unknown,1,Department of Water Resources,NA,1,Department of Water Resources,70,100,24654,09N07E02G001M,SCGA #28,Unknown,Unknown,5-021.65,South American,Sacramento,101,Observation,Single Well,1099176,2006-12-08 - 2020-04-15,32,-121.178,38.665
386650N1211776W001,1345725,2007-10-16T00:00:00Z,182.36,179.86,0,9.31,173.05,9.31,6.81,NA,Unknown,Water level accuracy is unknown,1,Department of Water Resources,NA,1,Department of Water Resources,70,100,24654,09N07E02G001M,SCGA #28,Unknown,Unknown,5-021.65,South American,Sacramento,101,Observation,Single Well,1099176,2006-12-08 - 2020-04-15,32,-121.178,38.665
386650N1211776W001,1345724,2007-08-22T00:00:00Z,182.36,179.86,0,9.88,172.48,9.88,7.38,NA,Unknown,Water level accuracy is unknown,1,Department of Water Resources,NA,1,Department of Water Resources,70,100,24654,09N07E02G001M,SCGA #28,Unknown,Unknown,5-021.65,South American,Sacramento,101,Observation,Single Well,1099176,2006-12-08 - 2020-04-15,32,-121.178,38.665
386650N1211776W001,1345723,2007-06-09T00:00:00Z,182.36,179.86,0,9.7,172.66,9.7,7.2,NA,Unknown,Water level accuracy is unknown,1,Department of Water Resources,NA,1,Department of Water Resources,70,100,24654,09N07E02G001M,SCGA #28,Unknown,Unknown,5-021.65,South American,Sacramento,101,Observation,Single Well,1099176,2006-12-08 - 2020-04-15,32,-121.178,38.665
386650N1211776W001,1345722,2007-04-25T00:00:00Z,182.36,179.86,0,9.23,173.13,9.23,6.73,NA,Unknown,Water level accuracy is unknown,1,Department of Water Resources,NA,1,Department of Water Resources,70,100,24654,09N07E02G001M,SCGA #28,Unknown,Unknown,5-021.65,South American,Sacramento,101,Observation,Single Well,1099176,2006-12-08 - 2020-04-15,32,-121.178,38.665
386650N1211776W001,1345721,2007-02-15T00:00:00Z,182.36,179.86,0,9.05,173.31,9.05,6.55,NA,Unknown,Water level accuracy is unknown,1,Department of Water Resources,NA,1,Department of Water Resources,70,100,24654,09N07E02G001M,SCGA #28,Unknown,Unknown,5-021.65,South American,Sacramento,101,Observation,Single Well,1099176,2006-12-08 - 2020-04-15,32,-121.178,38.665
386650N1211776W001,1345720,2007-02-02T00:00:00Z,182.36,179.86,0,10.01,172.35,10.01,7.51,NA,Unknown,Water level accuracy is unknown,1,Department of Water Resources,NA,1,Department of Water Resources,70,100,24654,09N07E02G001M,SCGA #28,Unknown,Unknown,5-021.65,South American,Sacramento,101,Observation,Single Well,1099176,2006-12-08 - 2020-04-15,32,-121.178,38.665
386650N1211776W001,1345719,2007-01-19T00:00:00Z,182.36,179.86,0,10.13,172.23,10.13,7.63,NA,Unknown,Water level accuracy is unknown,1,Department of Water Resources,NA,1,Department of Water Resources,70,100,24654,09N07E02G001M,SCGA #28,Unknown,Unknown,5-021.65,South American,Sacramento,101,Observation,Single Well,1099176,2006-12-08 - 2020-04-15,32,-121.178,38.665
386650N1211776W001,1345718,2006-12-08T00:00:00Z,182.36,179.86,0,10.39,171.97,10.39,7.89,NA,Unknown,Water level accuracy is unknown,1,Department of Water Resources,NA,1,Department of Water Resources,70,100,24654,09N07E02G001M,SCGA #28,Unknown,Unknown,5-021.65,South American,Sacramento,101,Observation,Single Well,1099176,2006-12-08 - 2020-04-15,32,-121.178,38.665
