SITE_CODE,WLM_ID,MSMT_DATE,WLM_RPE,WLM_GSE,RDNG_WS,RDNG_RP,WSE,RPE_WSE,GSE_WSE,WLM_QA_DESC,WLM_DESC,WLM_ACC_DESC,WLM_ORG_ID,WLM_ORG_NAME,MSMT_CMT,COOP_AGENCY_ORG_ID,COOP_ORG_NAME,TOP_PRF,BOT_PRF,STN_ID,SWN,WELL_NAME,WLM_METHOD,WLM_ACC,BASIN_CODE,BASIN_NAME,COUNTY_NAME,WELL_DEPTH,WELL_USE,WELL_TYPE,WCR_NO,t_range,n_samples,season,fall_high,fall_low,spring_high,spring_low,water_year,water_year_type,water_year_start,water_year_end,X,Y
395951N1203910W001,2623615,2020-04-03T12:00:00Z,4955.14,4953.3,0,7.5,4947.64,7.5,5.66,NA,Electric sounder measurement,Water level accuracy to nearest tenth of a foot,1,Department of Water Resources,NA,388,Sierra Valley Groundwater Management District,70,200,38377,20N14E11P001M,DMW 2s,Surveyed to a benchmark,0.1 ft.,5-012.01,Sierra Valley,Sierra,200,Observation,Part of a nested/multi-completion well,788365,2002-09-03 00:00:00 - 2020-04-24 12:00:00,73,spring,NA,NA,1.13,7.82,2020,Dry,2019-10-01T00:00:00Z,2020-10-01T00:00:00Z,-120.391,39.5951
395951N1203910W001,2493684,2019-10-23T12:00:00Z,4955.14,4953.3,0,10.15,4944.99,10.15,8.31,NA,Electric sounder measurement,Water level accuracy to nearest hundredth of a foot,1,Department of Water Resources,NA,1,Department of Water Resources,70,200,38377,20N14E11P001M,DMW 2s,Surveyed to a benchmark,0.1 ft.,5-012.01,Sierra Valley,Sierra,200,Observation,Part of a nested/multi-completion well,788365,2002-09-03 00:00:00 - 2020-04-24 12:00:00,73,fall,1.17,10.32,NA,NA,2020,Dry,2019-10-01T00:00:00Z,2020-10-01T00:00:00Z,-120.391,39.5951
395951N1203910W001,2454921,2019-04-09T12:00:00Z,4955.14,4953.3,0,7.1,4948.04,7.1,5.26,NA,Electric sounder measurement,Water level accuracy to nearest hundredth of a foot,1,Department of Water Resources,NA,1,Department of Water Resources,70,200,38377,20N14E11P001M,DMW 2s,Surveyed to a benchmark,0.1 ft.,5-012.01,Sierra Valley,Sierra,200,Observation,Part of a nested/multi-completion well,788365,2002-09-03 00:00:00 - 2020-04-24 12:00:00,73,spring,NA,NA,1.13,7.82,2019,Wet,2018-10-01T00:00:00Z,2019-10-01T00:00:00Z,-120.391,39.5951
395951N1203910W001,2414989,2018-10-24T12:00:00Z,4955.14,4953.3,0,10.3,4944.84,10.3,8.46,NA,Electric sounder measurement,Water level accuracy to nearest hundredth of a foot,1,Department of Water Resources,NA,1,Department of Water Resources,70,200,38377,20N14E11P001M,DMW 2s,Surveyed to a benchmark,0.1 ft.,5-012.01,Sierra Valley,Sierra,200,Observation,Part of a nested/multi-completion well,788365,2002-09-03 00:00:00 - 2020-04-24 12:00:00,73,fall,1.17,10.32,NA,NA,2019,Wet,2018-10-01T00:00:00Z,2019-10-01T00:00:00Z,-120.391,39.5951
395951N1203910W001,2285928,2018-04-02T12:00:00Z,4955.14,4953.3,0,6.95,4948.19,6.95,5.11,NA,Electric sounder measurement,Water level accuracy to nearest hundredth of a foot,1,Department of Water Resources,NA,1,Department of Water Resources,70,200,38377,20N14E11P001M,DMW 2s,Surveyed to a benchmark,0.1 ft.,5-012.01,Sierra Valley,Sierra,200,Observation,Part of a nested/multi-completion well,788365,2002-09-03 00:00:00 - 2020-04-24 12:00:00,73,spring,NA,NA,1.13,7.82,2018,NA,2017-10-01T00:00:00Z,2018-10-01T00:00:00Z,-120.391,39.5951
395951N1203910W001,2267968,2017-10-16T00:00:00Z,4955.14,4953.3,0,9.4,4945.74,9.4,7.56,NA,Electric sounder measurement,Water level accuracy to nearest hundredth of a foot,1,Department of Water Resources,NA,1,Department of Water Resources,70,200,38377,20N14E11P001M,DMW 2s,Surveyed to a benchmark,0.1 ft.,5-012.01,Sierra Valley,Sierra,200,Observation,Part of a nested/multi-completion well,788365,2002-09-03 00:00:00 - 2020-04-24 12:00:00,73,fall,1.17,10.32,NA,NA,2018,NA,2017-10-01T00:00:00Z,2018-10-01T00:00:00Z,-120.391,39.5951
395951N1203910W001,2244256,2017-04-03T00:00:00Z,4955.14,4953.3,0,6.3,4948.84,6.3,4.46,NA,Electric sounder measurement,Water level accuracy to nearest hundredth of a foot,1,Department of Water Resources,NA,1,Department of Water Resources,70,200,38377,20N14E11P001M,DMW 2s,Surveyed to a benchmark,0.1 ft.,5-012.01,Sierra Valley,Sierra,200,Observation,Part of a nested/multi-completion well,788365,2002-09-03 00:00:00 - 2020-04-24 12:00:00,73,spring,NA,NA,1.13,7.82,2017,Wet,2016-10-01T00:00:00Z,2017-10-01T00:00:00Z,-120.391,39.5951
395951N1203910W001,2214086,2016-10-24T00:00:00Z,4955.14,4953.3,0,10.04,4945.1,10.04,8.2,NA,Electric sounder measurement,Water level accuracy to nearest hundredth of a foot,1,Department of Water Resources,NA,1,Department of Water Resources,70,200,38377,20N14E11P001M,DMW 2s,Surveyed to a benchmark,0.1 ft.,5-012.01,Sierra Valley,Sierra,200,Observation,Part of a nested/multi-completion well,788365,2002-09-03 00:00:00 - 2020-04-24 12:00:00,73,fall,1.17,10.32,NA,NA,2017,Wet,2016-10-01T00:00:00Z,2017-10-01T00:00:00Z,-120.391,39.5951
395951N1203910W001,2184552,2016-03-21T00:00:00Z,4955.14,4953.3,0,7.64,4947.5,7.64,5.8,NA,Electric sounder measurement,Water level accuracy to nearest hundredth of a foot,1,Department of Water Resources,NA,1,Department of Water Resources,70,200,38377,20N14E11P001M,DMW 2s,Surveyed to a benchmark,0.1 ft.,5-012.01,Sierra Valley,Sierra,200,Observation,Part of a nested/multi-completion well,788365,2002-09-03 00:00:00 - 2020-04-24 12:00:00,73,spring,NA,NA,1.13,7.82,2016,NA,2015-10-01T00:00:00Z,2016-10-01T00:00:00Z,-120.391,39.5951
395951N1203910W001,2157026,2015-10-19T00:00:00Z,4955.14,4953.3,0,10.83,4944.31,10.83,8.99,NA,Electric sounder measurement,Water level accuracy to nearest hundredth of a foot,1,Department of Water Resources,NA,1,Department of Water Resources,70,200,38377,20N14E11P001M,DMW 2s,Surveyed to a benchmark,0.1 ft.,5-012.01,Sierra Valley,Sierra,200,Observation,Part of a nested/multi-completion well,788365,2002-09-03 00:00:00 - 2020-04-24 12:00:00,73,fall,1.17,10.32,NA,NA,2016,NA,2015-10-01T00:00:00Z,2016-10-01T00:00:00Z,-120.391,39.5951
395951N1203910W001,2119738,2015-03-23T00:00:00Z,4955.14,4953.3,0,8.73,4946.41,8.73,6.89,NA,Electric sounder measurement,Water level accuracy to nearest hundredth of a foot,1,Department of Water Resources,NA,1,Department of Water Resources,70,200,38377,20N14E11P001M,DMW 2s,Surveyed to a benchmark,0.1 ft.,5-012.01,Sierra Valley,Sierra,200,Observation,Part of a nested/multi-completion well,788365,2002-09-03 00:00:00 - 2020-04-24 12:00:00,73,spring,NA,NA,1.13,7.82,2015,NA,2014-10-01T00:00:00Z,2015-10-01T00:00:00Z,-120.391,39.5951
395951N1203910W001,2020253,2014-10-20T00:00:00Z,4955.14,4953.3,0,10.96,4944.18,10.96,9.12,NA,Electric sounder measurement,Water level accuracy to nearest hundredth of a foot,1,Department of Water Resources,NA,1,Department of Water Resources,70,200,38377,20N14E11P001M,DMW 2s,Surveyed to a benchmark,0.1 ft.,5-012.01,Sierra Valley,Sierra,200,Observation,Part of a nested/multi-completion well,788365,2002-09-03 00:00:00 - 2020-04-24 12:00:00,73,fall,1.17,10.32,NA,NA,2015,NA,2014-10-01T00:00:00Z,2015-10-01T00:00:00Z,-120.391,39.5951
395951N1203910W001,1880736,2014-03-14T00:00:00Z,4955.14,4953.3,0,8.88,4946.26,8.88,7.04,NA,Electric sounder measurement,Water level accuracy to nearest hundredth of a foot,1,Department of Water Resources,NA,1,Department of Water Resources,70,200,38377,20N14E11P001M,DMW 2s,Surveyed to a benchmark,0.1 ft.,5-012.01,Sierra Valley,Sierra,200,Observation,Part of a nested/multi-completion well,788365,2002-09-03 00:00:00 - 2020-04-24 12:00:00,73,spring,NA,NA,1.13,7.82,2014,NA,2013-10-01T00:00:00Z,2014-10-01T00:00:00Z,-120.391,39.5951
395951N1203910W001,1797078,2013-10-21T00:00:00Z,4955.14,4953.3,0,10.53,4944.61,10.53,8.69,NA,Electric sounder measurement,Water level accuracy to nearest hundredth of a foot,1,Department of Water Resources,NA,1,Department of Water Resources,70,200,38377,20N14E11P001M,DMW 2s,Surveyed to a benchmark,0.1 ft.,5-012.01,Sierra Valley,Sierra,200,Observation,Part of a nested/multi-completion well,788365,2002-09-03 00:00:00 - 2020-04-24 12:00:00,73,fall,1.17,10.32,NA,NA,2014,NA,2013-10-01T00:00:00Z,2014-10-01T00:00:00Z,-120.391,39.5951
395951N1203910W001,1684397,2013-03-25T00:00:00Z,4953.26,4953.26,0,7.82,4945.44,7.82,7.82,NA,Electric sounder measurement,Water level accuracy to nearest hundredth of a foot,1,Department of Water Resources,NA,1,Department of Water Resources,70,200,38377,20N14E11P001M,DMW 2s,Surveyed to a benchmark,0.1 ft.,5-012.01,Sierra Valley,Sierra,200,Observation,Part of a nested/multi-completion well,788365,2002-09-03 00:00:00 - 2020-04-24 12:00:00,73,spring,NA,NA,1.13,7.82,2013,Dry,2012-10-01T00:00:00Z,2013-10-01T00:00:00Z,-120.391,39.5951
395951N1203910W001,69338,2012-10-30T00:00:00Z,4953.26,4953.26,0,10.3,4942.96,10.3,10.3,NA,Electric sounder measurement,Water level accuracy to nearest hundredth of a foot,1,Department of Water Resources,NA,1,Department of Water Resources,70,200,38377,20N14E11P001M,DMW 2s,Surveyed to a benchmark,0.1 ft.,5-012.01,Sierra Valley,Sierra,200,Observation,Part of a nested/multi-completion well,788365,2002-09-03 00:00:00 - 2020-04-24 12:00:00,73,fall,1.17,10.32,NA,NA,2013,Dry,2012-10-01T00:00:00Z,2013-10-01T00:00:00Z,-120.391,39.5951
395951N1203910W001,59920,2012-04-17T00:00:00Z,4953.26,4953.26,0,7.51,4945.75,7.51,7.51,NA,Electric sounder measurement,Water level accuracy to nearest hundredth of a foot,1,Department of Water Resources,NA,1,Department of Water Resources,70,200,38377,20N14E11P001M,DMW 2s,Surveyed to a benchmark,0.1 ft.,5-012.01,Sierra Valley,Sierra,200,Observation,Part of a nested/multi-completion well,788365,2002-09-03 00:00:00 - 2020-04-24 12:00:00,73,spring,NA,NA,1.13,7.82,2012,NA,2011-10-01T00:00:00Z,2012-10-01T00:00:00Z,-120.391,39.5951
395951N1203910W001,39768,2011-10-18T00:00:00Z,4953.26,4953.26,0,1.17,4952.09,1.17,1.17,NA,Electric sounder measurement,Water level accuracy to nearest hundredth of a foot,1,Department of Water Resources,NA,1,Department of Water Resources,70,200,38377,20N14E11P001M,DMW 2s,Surveyed to a benchmark,0.1 ft.,5-012.01,Sierra Valley,Sierra,200,Observation,Part of a nested/multi-completion well,788365,2002-09-03 00:00:00 - 2020-04-24 12:00:00,73,fall,1.17,10.32,NA,NA,2012,NA,2011-10-01T00:00:00Z,2012-10-01T00:00:00Z,-120.391,39.5951
395951N1203910W001,936237,2011-10-18T00:00:00Z,4953.3,4953.3,0,1.17,4952.13,1.17,1.17,NA,Unknown,Water level accuracy is unknown,1,Department of Water Resources,NA,1,Department of Water Resources,70,200,38377,20N14E11P001M,DMW 2s,Surveyed to a benchmark,0.1 ft.,5-012.01,Sierra Valley,Sierra,200,Observation,Part of a nested/multi-completion well,788365,2002-09-03 00:00:00 - 2020-04-24 12:00:00,73,fall,1.17,10.32,NA,NA,2012,NA,2011-10-01T00:00:00Z,2012-10-01T00:00:00Z,-120.391,39.5951
395951N1203910W001,936236,2011-04-25T00:00:00Z,4953.3,4953.3,0,1.13,4952.17,1.13,1.13,NA,Unknown,Water level accuracy is unknown,1,Department of Water Resources,NA,1,Department of Water Resources,70,200,38377,20N14E11P001M,DMW 2s,Surveyed to a benchmark,0.1 ft.,5-012.01,Sierra Valley,Sierra,200,Observation,Part of a nested/multi-completion well,788365,2002-09-03 00:00:00 - 2020-04-24 12:00:00,73,spring,NA,NA,1.13,7.82,2011,Wet,2010-10-01T00:00:00Z,2011-10-01T00:00:00Z,-120.391,39.5951
395951N1203910W001,936235,2010-10-25T00:00:00Z,4953.3,4953.3,0,2.02,4951.28,2.02,2.02,NA,Unknown,Water level accuracy is unknown,1,Department of Water Resources,NA,1,Department of Water Resources,70,200,38377,20N14E11P001M,DMW 2s,Surveyed to a benchmark,0.1 ft.,5-012.01,Sierra Valley,Sierra,200,Observation,Part of a nested/multi-completion well,788365,2002-09-03 00:00:00 - 2020-04-24 12:00:00,73,fall,1.17,10.32,NA,NA,2011,Wet,2010-10-01T00:00:00Z,2011-10-01T00:00:00Z,-120.391,39.5951
395951N1203910W001,936234,2010-04-07T00:00:00Z,4953.3,4953.3,0,7.32,4945.98,7.32,7.32,NA,Unknown,Water level accuracy is unknown,1,Department of Water Resources,NA,1,Department of Water Resources,70,200,38377,20N14E11P001M,DMW 2s,Surveyed to a benchmark,0.1 ft.,5-012.01,Sierra Valley,Sierra,200,Observation,Part of a nested/multi-completion well,788365,2002-09-03 00:00:00 - 2020-04-24 12:00:00,73,spring,NA,NA,1.13,7.82,2010,NA,2009-10-01T00:00:00Z,2010-10-01T00:00:00Z,-120.391,39.5951
395951N1203910W001,936233,2009-10-28T00:00:00Z,4953.3,4953.3,0,2.5,4950.8,2.5,2.5,NA,Unknown,Water level accuracy is unknown,1,Department of Water Resources,NA,1,Department of Water Resources,70,200,38377,20N14E11P001M,DMW 2s,Surveyed to a benchmark,0.1 ft.,5-012.01,Sierra Valley,Sierra,200,Observation,Part of a nested/multi-completion well,788365,2002-09-03 00:00:00 - 2020-04-24 12:00:00,73,fall,1.17,10.32,NA,NA,2010,NA,2009-10-01T00:00:00Z,2010-10-01T00:00:00Z,-120.391,39.5951
395951N1203910W001,936232,2009-04-13T00:00:00Z,4953.3,4953.3,0,7.67,4945.63,7.67,7.67,NA,Unknown,Water level accuracy is unknown,1,Department of Water Resources,NA,1,Department of Water Resources,70,200,38377,20N14E11P001M,DMW 2s,Surveyed to a benchmark,0.1 ft.,5-012.01,Sierra Valley,Sierra,200,Observation,Part of a nested/multi-completion well,788365,2002-09-03 00:00:00 - 2020-04-24 12:00:00,73,spring,NA,NA,1.13,7.82,2009,NA,2008-10-01T00:00:00Z,2009-10-01T00:00:00Z,-120.391,39.5951
395951N1203910W001,936231,2008-10-27T00:00:00Z,4953.3,4953.3,0,9.58,4943.72,9.58,9.58,NA,Unknown,Water level accuracy is unknown,1,Department of Water Resources,NA,388,Sierra Valley Groundwater Management District,70,200,38377,20N14E11P001M,DMW 2s,Surveyed to a benchmark,0.1 ft.,5-012.01,Sierra Valley,Sierra,200,Observation,Part of a nested/multi-completion well,788365,2002-09-03 00:00:00 - 2020-04-24 12:00:00,73,fall,1.17,10.32,NA,NA,2009,NA,2008-10-01T00:00:00Z,2009-10-01T00:00:00Z,-120.391,39.5951
395951N1203910W001,936230,2008-04-09T00:00:00Z,4953.3,4953.3,0,7.6,4945.7,7.6,7.6,NA,Unknown,Water level accuracy is unknown,1,Department of Water Resources,NA,388,Sierra Valley Groundwater Management District,70,200,38377,20N14E11P001M,DMW 2s,Surveyed to a benchmark,0.1 ft.,5-012.01,Sierra Valley,Sierra,200,Observation,Part of a nested/multi-completion well,788365,2002-09-03 00:00:00 - 2020-04-24 12:00:00,73,spring,NA,NA,1.13,7.82,2008,NA,2007-10-01T00:00:00Z,2008-10-01T00:00:00Z,-120.391,39.5951
395951N1203910W001,936229,2007-10-25T00:00:00Z,4953.3,4953.3,0,9.9,4943.4,9.9,9.9,NA,Unknown,Water level accuracy is unknown,1,Department of Water Resources,NA,388,Sierra Valley Groundwater Management District,70,200,38377,20N14E11P001M,DMW 2s,Surveyed to a benchmark,0.1 ft.,5-012.01,Sierra Valley,Sierra,200,Observation,Part of a nested/multi-completion well,788365,2002-09-03 00:00:00 - 2020-04-24 12:00:00,73,fall,1.17,10.32,NA,NA,2008,NA,2007-10-01T00:00:00Z,2008-10-01T00:00:00Z,-120.391,39.5951
395951N1203910W001,936188,2006-04-06T00:00:00Z,4953.3,4953.3,0,5.9,4947.4,5.9,5.9,NA,Unknown,Water level accuracy is unknown,1,Department of Water Resources,NA,388,Sierra Valley Groundwater Management District,70,200,38377,20N14E11P001M,DMW 2s,Surveyed to a benchmark,0.1 ft.,5-012.01,Sierra Valley,Sierra,200,Observation,Part of a nested/multi-completion well,788365,2002-09-03 00:00:00 - 2020-04-24 12:00:00,73,spring,NA,NA,1.13,7.82,2006,Wet,2005-10-01T00:00:00Z,2006-10-01T00:00:00Z,-120.391,39.5951
395951N1203910W001,936187,2006-02-03T00:00:00Z,4953.3,4953.3,0,6.6,4946.7,6.6,6.6,NA,Unknown,Water level accuracy is unknown,1,Department of Water Resources,NA,388,Sierra Valley Groundwater Management District,70,200,38377,20N14E11P001M,DMW 2s,Surveyed to a benchmark,0.1 ft.,5-012.01,Sierra Valley,Sierra,200,Observation,Part of a nested/multi-completion well,788365,2002-09-03 00:00:00 - 2020-04-24 12:00:00,73,other,NA,NA,NA,NA,2006,Wet,2005-10-01T00:00:00Z,2006-10-01T00:00:00Z,-120.391,39.5951
395951N1203910W001,936186,2006-01-04T00:00:00Z,4953.3,4953.3,0,7.3,4946,7.3,7.3,NA,Unknown,Water level accuracy is unknown,1,Department of Water Resources,NA,388,Sierra Valley Groundwater Management District,70,200,38377,20N14E11P001M,DMW 2s,Surveyed to a benchmark,0.1 ft.,5-012.01,Sierra Valley,Sierra,200,Observation,Part of a nested/multi-completion well,788365,2002-09-03 00:00:00 - 2020-04-24 12:00:00,73,other,NA,NA,NA,NA,2006,Wet,2005-10-01T00:00:00Z,2006-10-01T00:00:00Z,-120.391,39.5951
395951N1203910W001,936185,2005-11-30T00:00:00Z,4953.3,4953.3,0,9.7,4943.6,9.7,9.7,NA,Unknown,Water level accuracy is unknown,1,Department of Water Resources,NA,388,Sierra Valley Groundwater Management District,70,200,38377,20N14E11P001M,DMW 2s,Surveyed to a benchmark,0.1 ft.,5-012.01,Sierra Valley,Sierra,200,Observation,Part of a nested/multi-completion well,788365,2002-09-03 00:00:00 - 2020-04-24 12:00:00,73,fall,1.17,10.32,NA,NA,2006,Wet,2005-10-01T00:00:00Z,2006-10-01T00:00:00Z,-120.391,39.5951
395951N1203910W001,936226,2005-11-02T00:00:00Z,4953.3,4953.3,0,9.5,4943.8,9.5,9.5,NA,Unknown,Water level accuracy is unknown,1,Department of Water Resources,NA,388,Sierra Valley Groundwater Management District,70,200,38377,20N14E11P001M,DMW 2s,Surveyed to a benchmark,0.1 ft.,5-012.01,Sierra Valley,Sierra,200,Observation,Part of a nested/multi-completion well,788365,2002-09-03 00:00:00 - 2020-04-24 12:00:00,73,fall,1.17,10.32,NA,NA,2006,Wet,2005-10-01T00:00:00Z,2006-10-01T00:00:00Z,-120.391,39.5951
395951N1203910W001,936225,2005-09-29T00:00:00Z,4953.3,4953.3,0,9.4,4943.9,9.4,9.4,NA,Unknown,Water level accuracy is unknown,1,Department of Water Resources,NA,388,Sierra Valley Groundwater Management District,70,200,38377,20N14E11P001M,DMW 2s,Surveyed to a benchmark,0.1 ft.,5-012.01,Sierra Valley,Sierra,200,Observation,Part of a nested/multi-completion well,788365,2002-09-03 00:00:00 - 2020-04-24 12:00:00,73,fall,1.17,10.32,NA,NA,2005,NA,2004-10-01T00:00:00Z,2005-10-01T00:00:00Z,-120.391,39.5951
395951N1203910W001,936224,2005-09-02T00:00:00Z,4953.3,4953.3,0,9,4944.3,9,9,NA,Unknown,Water level accuracy is unknown,1,Department of Water Resources,NA,388,Sierra Valley Groundwater Management District,70,200,38377,20N14E11P001M,DMW 2s,Surveyed to a benchmark,0.1 ft.,5-012.01,Sierra Valley,Sierra,200,Observation,Part of a nested/multi-completion well,788365,2002-09-03 00:00:00 - 2020-04-24 12:00:00,73,fall,1.17,10.32,NA,NA,2005,NA,2004-10-01T00:00:00Z,2005-10-01T00:00:00Z,-120.391,39.5951
395951N1203910W001,936223,2005-07-29T00:00:00Z,4953.3,4953.3,0,8.1,4945.2,8.1,8.1,NA,Unknown,Water level accuracy is unknown,1,Department of Water Resources,NA,388,Sierra Valley Groundwater Management District,70,200,38377,20N14E11P001M,DMW 2s,Surveyed to a benchmark,0.1 ft.,5-012.01,Sierra Valley,Sierra,200,Observation,Part of a nested/multi-completion well,788365,2002-09-03 00:00:00 - 2020-04-24 12:00:00,73,other,NA,NA,NA,NA,2005,NA,2004-10-01T00:00:00Z,2005-10-01T00:00:00Z,-120.391,39.5951
395951N1203910W001,936222,2005-06-29T00:00:00Z,4953.3,4953.3,0,7.5,4945.8,7.5,7.5,NA,Unknown,Water level accuracy is unknown,1,Department of Water Resources,NA,388,Sierra Valley Groundwater Management District,70,200,38377,20N14E11P001M,DMW 2s,Surveyed to a benchmark,0.1 ft.,5-012.01,Sierra Valley,Sierra,200,Observation,Part of a nested/multi-completion well,788365,2002-09-03 00:00:00 - 2020-04-24 12:00:00,73,other,NA,NA,NA,NA,2005,NA,2004-10-01T00:00:00Z,2005-10-01T00:00:00Z,-120.391,39.5951
395951N1203910W001,936221,2005-05-31T00:00:00Z,4953.3,4953.3,0,7.1,4946.2,7.1,7.1,NA,Unknown,Water level accuracy is unknown,1,Department of Water Resources,NA,388,Sierra Valley Groundwater Management District,70,200,38377,20N14E11P001M,DMW 2s,Surveyed to a benchmark,0.1 ft.,5-012.01,Sierra Valley,Sierra,200,Observation,Part of a nested/multi-completion well,788365,2002-09-03 00:00:00 - 2020-04-24 12:00:00,73,spring,NA,NA,1.13,7.82,2005,NA,2004-10-01T00:00:00Z,2005-10-01T00:00:00Z,-120.391,39.5951
395951N1203910W001,936220,2005-04-28T00:00:00Z,4953.3,4953.3,0,6.9,4946.4,6.9,6.9,NA,Unknown,Water level accuracy is unknown,1,Department of Water Resources,NA,388,Sierra Valley Groundwater Management District,70,200,38377,20N14E11P001M,DMW 2s,Surveyed to a benchmark,0.1 ft.,5-012.01,Sierra Valley,Sierra,200,Observation,Part of a nested/multi-completion well,788365,2002-09-03 00:00:00 - 2020-04-24 12:00:00,73,spring,NA,NA,1.13,7.82,2005,NA,2004-10-01T00:00:00Z,2005-10-01T00:00:00Z,-120.391,39.5951
395951N1203910W001,936219,2005-04-02T00:00:00Z,4953.3,4953.3,0,6.8,4946.5,6.8,6.8,NA,Unknown,Water level accuracy is unknown,1,Department of Water Resources,NA,388,Sierra Valley Groundwater Management District,70,200,38377,20N14E11P001M,DMW 2s,Surveyed to a benchmark,0.1 ft.,5-012.01,Sierra Valley,Sierra,200,Observation,Part of a nested/multi-completion well,788365,2002-09-03 00:00:00 - 2020-04-24 12:00:00,73,spring,NA,NA,1.13,7.82,2005,NA,2004-10-01T00:00:00Z,2005-10-01T00:00:00Z,-120.391,39.5951
395951N1203910W001,936218,2005-03-03T00:00:00Z,4953.3,4953.3,0,7.2,4946.1,7.2,7.2,NA,Unknown,Water level accuracy is unknown,1,Department of Water Resources,NA,388,Sierra Valley Groundwater Management District,70,200,38377,20N14E11P001M,DMW 2s,Surveyed to a benchmark,0.1 ft.,5-012.01,Sierra Valley,Sierra,200,Observation,Part of a nested/multi-completion well,788365,2002-09-03 00:00:00 - 2020-04-24 12:00:00,73,spring,NA,NA,1.13,7.82,2005,NA,2004-10-01T00:00:00Z,2005-10-01T00:00:00Z,-120.391,39.5951
395951N1203910W001,936217,2005-01-31T00:00:00Z,4953.3,4953.3,0,7.6,4945.7,7.6,7.6,NA,Unknown,Water level accuracy is unknown,1,Department of Water Resources,NA,388,Sierra Valley Groundwater Management District,70,200,38377,20N14E11P001M,DMW 2s,Surveyed to a benchmark,0.1 ft.,5-012.01,Sierra Valley,Sierra,200,Observation,Part of a nested/multi-completion well,788365,2002-09-03 00:00:00 - 2020-04-24 12:00:00,73,other,NA,NA,NA,NA,2005,NA,2004-10-01T00:00:00Z,2005-10-01T00:00:00Z,-120.391,39.5951
395951N1203910W001,936216,2004-12-03T00:00:00Z,4953.3,4953.3,0,9.4,4943.9,9.4,9.4,NA,Unknown,Water level accuracy is unknown,1,Department of Water Resources,NA,388,Sierra Valley Groundwater Management District,70,200,38377,20N14E11P001M,DMW 2s,Surveyed to a benchmark,0.1 ft.,5-012.01,Sierra Valley,Sierra,200,Observation,Part of a nested/multi-completion well,788365,2002-09-03 00:00:00 - 2020-04-24 12:00:00,73,other,NA,NA,NA,NA,2005,NA,2004-10-01T00:00:00Z,2005-10-01T00:00:00Z,-120.391,39.5951
395951N1203910W001,936215,2004-11-02T00:00:00Z,4953.3,4953.3,0,9.5,4943.8,9.5,9.5,NA,Unknown,Water level accuracy is unknown,1,Department of Water Resources,NA,388,Sierra Valley Groundwater Management District,70,200,38377,20N14E11P001M,DMW 2s,Surveyed to a benchmark,0.1 ft.,5-012.01,Sierra Valley,Sierra,200,Observation,Part of a nested/multi-completion well,788365,2002-09-03 00:00:00 - 2020-04-24 12:00:00,73,fall,1.17,10.32,NA,NA,2005,NA,2004-10-01T00:00:00Z,2005-10-01T00:00:00Z,-120.391,39.5951
395951N1203910W001,936214,2004-09-30T00:00:00Z,4953.3,4953.3,0,9.6,4943.7,9.6,9.6,NA,Unknown,Water level accuracy is unknown,1,Department of Water Resources,NA,388,Sierra Valley Groundwater Management District,70,200,38377,20N14E11P001M,DMW 2s,Surveyed to a benchmark,0.1 ft.,5-012.01,Sierra Valley,Sierra,200,Observation,Part of a nested/multi-completion well,788365,2002-09-03 00:00:00 - 2020-04-24 12:00:00,73,fall,1.17,10.32,NA,NA,2004,NA,2003-10-01T00:00:00Z,2004-10-01T00:00:00Z,-120.391,39.5951
395951N1203910W001,936213,2004-08-31T00:00:00Z,4953.3,4953.3,0,9.3,4944,9.3,9.3,NA,Unknown,Water level accuracy is unknown,1,Department of Water Resources,NA,388,Sierra Valley Groundwater Management District,70,200,38377,20N14E11P001M,DMW 2s,Surveyed to a benchmark,0.1 ft.,5-012.01,Sierra Valley,Sierra,200,Observation,Part of a nested/multi-completion well,788365,2002-09-03 00:00:00 - 2020-04-24 12:00:00,73,fall,1.17,10.32,NA,NA,2004,NA,2003-10-01T00:00:00Z,2004-10-01T00:00:00Z,-120.391,39.5951
395951N1203910W001,936212,2004-07-30T00:00:00Z,4953.3,4953.3,0,8.8,4944.5,8.8,8.8,NA,Unknown,Water level accuracy is unknown,1,Department of Water Resources,NA,388,Sierra Valley Groundwater Management District,70,200,38377,20N14E11P001M,DMW 2s,Surveyed to a benchmark,0.1 ft.,5-012.01,Sierra Valley,Sierra,200,Observation,Part of a nested/multi-completion well,788365,2002-09-03 00:00:00 - 2020-04-24 12:00:00,73,other,NA,NA,NA,NA,2004,NA,2003-10-01T00:00:00Z,2004-10-01T00:00:00Z,-120.391,39.5951
395951N1203910W001,936211,2004-06-29T00:00:00Z,4953.3,4953.3,0,8,4945.3,8,8,NA,Unknown,Water level accuracy is unknown,1,Department of Water Resources,NA,388,Sierra Valley Groundwater Management District,70,200,38377,20N14E11P001M,DMW 2s,Surveyed to a benchmark,0.1 ft.,5-012.01,Sierra Valley,Sierra,200,Observation,Part of a nested/multi-completion well,788365,2002-09-03 00:00:00 - 2020-04-24 12:00:00,73,other,NA,NA,NA,NA,2004,NA,2003-10-01T00:00:00Z,2004-10-01T00:00:00Z,-120.391,39.5951
395951N1203910W001,936210,2004-05-31T00:00:00Z,4953.3,4953.3,0,7.8,4945.5,7.8,7.8,NA,Unknown,Water level accuracy is unknown,1,Department of Water Resources,NA,388,Sierra Valley Groundwater Management District,70,200,38377,20N14E11P001M,DMW 2s,Surveyed to a benchmark,0.1 ft.,5-012.01,Sierra Valley,Sierra,200,Observation,Part of a nested/multi-completion well,788365,2002-09-03 00:00:00 - 2020-04-24 12:00:00,73,spring,NA,NA,1.13,7.82,2004,NA,2003-10-01T00:00:00Z,2004-10-01T00:00:00Z,-120.391,39.5951
395951N1203910W001,936209,2004-04-29T00:00:00Z,4953.3,4953.3,0,7.5,4945.8,7.5,7.5,NA,Unknown,Water level accuracy is unknown,1,Department of Water Resources,NA,388,Sierra Valley Groundwater Management District,70,200,38377,20N14E11P001M,DMW 2s,Surveyed to a benchmark,0.1 ft.,5-012.01,Sierra Valley,Sierra,200,Observation,Part of a nested/multi-completion well,788365,2002-09-03 00:00:00 - 2020-04-24 12:00:00,73,spring,NA,NA,1.13,7.82,2004,NA,2003-10-01T00:00:00Z,2004-10-01T00:00:00Z,-120.391,39.5951
395951N1203910W001,936208,2004-04-01T00:00:00Z,4953.3,4953.3,0,7.1,4946.2,7.1,7.1,NA,Unknown,Water level accuracy is unknown,1,Department of Water Resources,NA,388,Sierra Valley Groundwater Management District,70,200,38377,20N14E11P001M,DMW 2s,Surveyed to a benchmark,0.1 ft.,5-012.01,Sierra Valley,Sierra,200,Observation,Part of a nested/multi-completion well,788365,2002-09-03 00:00:00 - 2020-04-24 12:00:00,73,spring,NA,NA,1.13,7.82,2004,NA,2003-10-01T00:00:00Z,2004-10-01T00:00:00Z,-120.391,39.5951
395951N1203910W001,936207,2004-02-29T00:00:00Z,4953.3,4953.3,0,6.9,4946.4,6.9,6.9,NA,Unknown,Water level accuracy is unknown,1,Department of Water Resources,NA,388,Sierra Valley Groundwater Management District,70,200,38377,20N14E11P001M,DMW 2s,Surveyed to a benchmark,0.1 ft.,5-012.01,Sierra Valley,Sierra,200,Observation,Part of a nested/multi-completion well,788365,2002-09-03 00:00:00 - 2020-04-24 12:00:00,73,other,NA,NA,NA,NA,2004,NA,2003-10-01T00:00:00Z,2004-10-01T00:00:00Z,-120.391,39.5951
395951N1203910W001,936206,2004-01-31T00:00:00Z,4953.3,4953.3,0,7.4,4945.9,7.4,7.4,NA,Unknown,Water level accuracy is unknown,1,Department of Water Resources,NA,388,Sierra Valley Groundwater Management District,70,200,38377,20N14E11P001M,DMW 2s,Surveyed to a benchmark,0.1 ft.,5-012.01,Sierra Valley,Sierra,200,Observation,Part of a nested/multi-completion well,788365,2002-09-03 00:00:00 - 2020-04-24 12:00:00,73,other,NA,NA,NA,NA,2004,NA,2003-10-01T00:00:00Z,2004-10-01T00:00:00Z,-120.391,39.5951
395951N1203910W001,936205,2003-12-02T00:00:00Z,4953.3,4953.3,0,9.6,4943.7,9.6,9.6,NA,Unknown,Water level accuracy is unknown,1,Department of Water Resources,NA,388,Sierra Valley Groundwater Management District,70,200,38377,20N14E11P001M,DMW 2s,Surveyed to a benchmark,0.1 ft.,5-012.01,Sierra Valley,Sierra,200,Observation,Part of a nested/multi-completion well,788365,2002-09-03 00:00:00 - 2020-04-24 12:00:00,73,other,NA,NA,NA,NA,2004,NA,2003-10-01T00:00:00Z,2004-10-01T00:00:00Z,-120.391,39.5951
395951N1203910W001,936204,2003-11-01T00:00:00Z,4953.3,4953.3,0,9.3,4944,9.3,9.3,NA,Unknown,Water level accuracy is unknown,1,Department of Water Resources,NA,388,Sierra Valley Groundwater Management District,70,200,38377,20N14E11P001M,DMW 2s,Surveyed to a benchmark,0.1 ft.,5-012.01,Sierra Valley,Sierra,200,Observation,Part of a nested/multi-completion well,788365,2002-09-03 00:00:00 - 2020-04-24 12:00:00,73,fall,1.17,10.32,NA,NA,2004,NA,2003-10-01T00:00:00Z,2004-10-01T00:00:00Z,-120.391,39.5951
395951N1203910W001,936227,2003-10-30T00:00:00Z,4953.3,4953.3,0,9.8,4943.5,9.8,9.8,NA,Unknown,Water level accuracy is unknown,1,Department of Water Resources,NA,388,Sierra Valley Groundwater Management District,70,200,38377,20N14E11P001M,DMW 2s,Surveyed to a benchmark,0.1 ft.,5-012.01,Sierra Valley,Sierra,200,Observation,Part of a nested/multi-completion well,788365,2002-09-03 00:00:00 - 2020-04-24 12:00:00,73,fall,1.17,10.32,NA,NA,2004,NA,2003-10-01T00:00:00Z,2004-10-01T00:00:00Z,-120.391,39.5951
395951N1203910W001,936203,2003-10-01T00:00:00Z,4953.3,4953.3,0,9.2,4944.1,9.2,9.2,NA,Unknown,Water level accuracy is unknown,1,Department of Water Resources,NA,388,Sierra Valley Groundwater Management District,70,200,38377,20N14E11P001M,DMW 2s,Surveyed to a benchmark,0.1 ft.,5-012.01,Sierra Valley,Sierra,200,Observation,Part of a nested/multi-completion well,788365,2002-09-03 00:00:00 - 2020-04-24 12:00:00,73,fall,1.17,10.32,NA,NA,2004,NA,2003-10-01T00:00:00Z,2004-10-01T00:00:00Z,-120.391,39.5951
395951N1203910W001,936202,2003-09-02T00:00:00Z,4953.3,4953.3,0,9.1,4944.2,9.1,9.1,NA,Unknown,Water level accuracy is unknown,1,Department of Water Resources,NA,388,Sierra Valley Groundwater Management District,70,200,38377,20N14E11P001M,DMW 2s,Surveyed to a benchmark,0.1 ft.,5-012.01,Sierra Valley,Sierra,200,Observation,Part of a nested/multi-completion well,788365,2002-09-03 00:00:00 - 2020-04-24 12:00:00,73,fall,1.17,10.32,NA,NA,2003,NA,2002-10-01T00:00:00Z,2003-10-01T00:00:00Z,-120.391,39.5951
395951N1203910W001,936201,2003-07-30T00:00:00Z,4953.3,4953.3,0,8.8,4944.5,8.8,8.8,NA,Unknown,Water level accuracy is unknown,1,Department of Water Resources,NA,388,Sierra Valley Groundwater Management District,70,200,38377,20N14E11P001M,DMW 2s,Surveyed to a benchmark,0.1 ft.,5-012.01,Sierra Valley,Sierra,200,Observation,Part of a nested/multi-completion well,788365,2002-09-03 00:00:00 - 2020-04-24 12:00:00,73,other,NA,NA,NA,NA,2003,NA,2002-10-01T00:00:00Z,2003-10-01T00:00:00Z,-120.391,39.5951
395951N1203910W001,936200,2003-07-02T00:00:00Z,4953.3,4953.3,0,8.6,4944.7,8.6,8.6,NA,Unknown,Water level accuracy is unknown,1,Department of Water Resources,NA,388,Sierra Valley Groundwater Management District,70,200,38377,20N14E11P001M,DMW 2s,Surveyed to a benchmark,0.1 ft.,5-012.01,Sierra Valley,Sierra,200,Observation,Part of a nested/multi-completion well,788365,2002-09-03 00:00:00 - 2020-04-24 12:00:00,73,other,NA,NA,NA,NA,2003,NA,2002-10-01T00:00:00Z,2003-10-01T00:00:00Z,-120.391,39.5951
395951N1203910W001,936199,2003-06-30T00:00:00Z,4953.3,4953.3,0,8.1,4945.2,8.1,8.1,NA,Unknown,Water level accuracy is unknown,1,Department of Water Resources,NA,388,Sierra Valley Groundwater Management District,70,200,38377,20N14E11P001M,DMW 2s,Surveyed to a benchmark,0.1 ft.,5-012.01,Sierra Valley,Sierra,200,Observation,Part of a nested/multi-completion well,788365,2002-09-03 00:00:00 - 2020-04-24 12:00:00,73,other,NA,NA,NA,NA,2003,NA,2002-10-01T00:00:00Z,2003-10-01T00:00:00Z,-120.391,39.5951
395951N1203910W001,936198,2003-06-03T00:00:00Z,4953.3,4953.3,0,7.6,4945.7,7.6,7.6,NA,Unknown,Water level accuracy is unknown,1,Department of Water Resources,NA,388,Sierra Valley Groundwater Management District,70,200,38377,20N14E11P001M,DMW 2s,Surveyed to a benchmark,0.1 ft.,5-012.01,Sierra Valley,Sierra,200,Observation,Part of a nested/multi-completion well,788365,2002-09-03 00:00:00 - 2020-04-24 12:00:00,73,other,NA,NA,NA,NA,2003,NA,2002-10-01T00:00:00Z,2003-10-01T00:00:00Z,-120.391,39.5951
395951N1203910W001,936197,2003-04-30T00:00:00Z,4953.3,4953.3,0,6.84,4946.46,6.84,6.84,NA,Unknown,Water level accuracy is unknown,1,Department of Water Resources,NA,388,Sierra Valley Groundwater Management District,70,200,38377,20N14E11P001M,DMW 2s,Surveyed to a benchmark,0.1 ft.,5-012.01,Sierra Valley,Sierra,200,Observation,Part of a nested/multi-completion well,788365,2002-09-03 00:00:00 - 2020-04-24 12:00:00,73,spring,NA,NA,1.13,7.82,2003,NA,2002-10-01T00:00:00Z,2003-10-01T00:00:00Z,-120.391,39.5951
395951N1203910W001,936196,2003-03-31T00:00:00Z,4953.3,4953.3,0,7.35,4945.95,7.35,7.35,NA,Unknown,Water level accuracy is unknown,1,Department of Water Resources,NA,388,Sierra Valley Groundwater Management District,70,200,38377,20N14E11P001M,DMW 2s,Surveyed to a benchmark,0.1 ft.,5-012.01,Sierra Valley,Sierra,200,Observation,Part of a nested/multi-completion well,788365,2002-09-03 00:00:00 - 2020-04-24 12:00:00,73,spring,NA,NA,1.13,7.82,2003,NA,2002-10-01T00:00:00Z,2003-10-01T00:00:00Z,-120.391,39.5951
395951N1203910W001,936228,2003-03-27T00:00:00Z,4953.3,4953.3,0,7.35,4945.95,7.35,7.35,NA,Unknown,Water level accuracy is unknown,1,Department of Water Resources,NA,388,Sierra Valley Groundwater Management District,70,200,38377,20N14E11P001M,DMW 2s,Surveyed to a benchmark,0.1 ft.,5-012.01,Sierra Valley,Sierra,200,Observation,Part of a nested/multi-completion well,788365,2002-09-03 00:00:00 - 2020-04-24 12:00:00,73,spring,NA,NA,1.13,7.82,2003,NA,2002-10-01T00:00:00Z,2003-10-01T00:00:00Z,-120.391,39.5951
395951N1203910W001,936195,2003-03-01T00:00:00Z,4953.3,4953.3,0,7.37,4945.93,7.37,7.37,NA,Unknown,Water level accuracy is unknown,1,Department of Water Resources,NA,388,Sierra Valley Groundwater Management District,70,200,38377,20N14E11P001M,DMW 2s,Surveyed to a benchmark,0.1 ft.,5-012.01,Sierra Valley,Sierra,200,Observation,Part of a nested/multi-completion well,788365,2002-09-03 00:00:00 - 2020-04-24 12:00:00,73,spring,NA,NA,1.13,7.82,2003,NA,2002-10-01T00:00:00Z,2003-10-01T00:00:00Z,-120.391,39.5951
395951N1203910W001,936194,2003-01-30T00:00:00Z,4953.3,4953.3,0,7.34,4945.96,7.34,7.34,NA,Unknown,Water level accuracy is unknown,1,Department of Water Resources,NA,388,Sierra Valley Groundwater Management District,70,200,38377,20N14E11P001M,DMW 2s,Surveyed to a benchmark,0.1 ft.,5-012.01,Sierra Valley,Sierra,200,Observation,Part of a nested/multi-completion well,788365,2002-09-03 00:00:00 - 2020-04-24 12:00:00,73,other,NA,NA,NA,NA,2003,NA,2002-10-01T00:00:00Z,2003-10-01T00:00:00Z,-120.391,39.5951
395951N1203910W001,936193,2002-12-30T00:00:00Z,4953.3,4953.3,0,8.87,4944.43,8.87,8.87,NA,Unknown,Water level accuracy is unknown,1,Department of Water Resources,NA,388,Sierra Valley Groundwater Management District,70,200,38377,20N14E11P001M,DMW 2s,Surveyed to a benchmark,0.1 ft.,5-012.01,Sierra Valley,Sierra,200,Observation,Part of a nested/multi-completion well,788365,2002-09-03 00:00:00 - 2020-04-24 12:00:00,73,other,NA,NA,NA,NA,2003,NA,2002-10-01T00:00:00Z,2003-10-01T00:00:00Z,-120.391,39.5951
395951N1203910W001,936192,2002-12-03T00:00:00Z,4953.3,4953.3,0,9.37,4943.93,9.37,9.37,NA,Unknown,Water level accuracy is unknown,1,Department of Water Resources,NA,388,Sierra Valley Groundwater Management District,70,200,38377,20N14E11P001M,DMW 2s,Surveyed to a benchmark,0.1 ft.,5-012.01,Sierra Valley,Sierra,200,Observation,Part of a nested/multi-completion well,788365,2002-09-03 00:00:00 - 2020-04-24 12:00:00,73,other,NA,NA,NA,NA,2003,NA,2002-10-01T00:00:00Z,2003-10-01T00:00:00Z,-120.391,39.5951
395951N1203910W001,936191,2002-11-01T00:00:00Z,4953.3,4953.3,0,10.32,4942.98,10.32,10.32,NA,Unknown,Water level accuracy is unknown,1,Department of Water Resources,NA,388,Sierra Valley Groundwater Management District,70,200,38377,20N14E11P001M,DMW 2s,Surveyed to a benchmark,0.1 ft.,5-012.01,Sierra Valley,Sierra,200,Observation,Part of a nested/multi-completion well,788365,2002-09-03 00:00:00 - 2020-04-24 12:00:00,73,fall,1.17,10.32,NA,NA,2003,NA,2002-10-01T00:00:00Z,2003-10-01T00:00:00Z,-120.391,39.5951
395951N1203910W001,936190,2002-10-03T00:00:00Z,4953.3,4953.3,0,10.11,4943.19,10.11,10.11,NA,Unknown,Water level accuracy is unknown,1,Department of Water Resources,NA,388,Sierra Valley Groundwater Management District,70,200,38377,20N14E11P001M,DMW 2s,Surveyed to a benchmark,0.1 ft.,5-012.01,Sierra Valley,Sierra,200,Observation,Part of a nested/multi-completion well,788365,2002-09-03 00:00:00 - 2020-04-24 12:00:00,73,fall,1.17,10.32,NA,NA,2003,NA,2002-10-01T00:00:00Z,2003-10-01T00:00:00Z,-120.391,39.5951
395951N1203910W001,936189,2002-09-03T00:00:00Z,4953.3,4953.3,0,9.76,4943.54,9.76,9.76,NA,Unknown,Water level accuracy is unknown,1,Department of Water Resources,NA,388,Sierra Valley Groundwater Management District,70,200,38377,20N14E11P001M,DMW 2s,Surveyed to a benchmark,0.1 ft.,5-012.01,Sierra Valley,Sierra,200,Observation,Part of a nested/multi-completion well,788365,2002-09-03 00:00:00 - 2020-04-24 12:00:00,73,fall,1.17,10.32,NA,NA,2002,NA,2001-10-01T00:00:00Z,2002-10-01T00:00:00Z,-120.391,39.5951
