SITE_CODE,WLM_ID,MSMT_DATE,WLM_RPE,WLM_GSE,RDNG_WS,RDNG_RP,WSE,RPE_WSE,GSE_WSE,WLM_QA_DESC,WLM_DESC,WLM_ACC_DESC,WLM_ORG_ID,WLM_ORG_NAME,MSMT_CMT,COOP_AGENCY_ORG_ID,COOP_ORG_NAME,TOP_PRF,BOT_PRF,STN_ID,SWN,WELL_NAME,WLM_METHOD,WLM_ACC,BASIN_CODE,BASIN_NAME,COUNTY_NAME,WELL_DEPTH,WELL_USE,WELL_TYPE,WCR_NO,t_range,n_samples,season,fall_high,fall_low,spring_high,spring_low,water_year,water_year_type,water_year_start,water_year_end,X,Y
395951N1203910W002,2623616,2020-04-03T12:00:00Z,4955.25,4953.4,0,4.1,4951.15,4.1,2.25,NA,Electric sounder measurement,Water level accuracy to nearest tenth of a foot,1,Department of Water Resources,NA,388,Sierra Valley Groundwater Management District,220,250,25529,20N14E11P002M,DMW 2I,Surveyed to a benchmark,0.1 ft.,5-012.01,Sierra Valley,Sierra,260,Observation,Part of a nested/multi-completion well,788365,2002-09-03 00:00:00 - 2020-04-24 12:00:00,73,spring,NA,NA,2.05,6.64,2020,Dry,2019-10-01T00:00:00Z,2020-10-01T00:00:00Z,-120.391,39.5951
395951N1203910W002,2493685,2019-10-23T12:00:00Z,4955.25,4953.4,0,6.15,4949.1,6.15,4.3,NA,Electric sounder measurement,Water level accuracy to nearest hundredth of a foot,1,Department of Water Resources,NA,1,Department of Water Resources,220,250,25529,20N14E11P002M,DMW 2I,Surveyed to a benchmark,0.1 ft.,5-012.01,Sierra Valley,Sierra,260,Observation,Part of a nested/multi-completion well,788365,2002-09-03 00:00:00 - 2020-04-24 12:00:00,73,fall,3.3,6.64,NA,NA,2020,Dry,2019-10-01T00:00:00Z,2020-10-01T00:00:00Z,-120.391,39.5951
395951N1203910W002,2454922,2019-04-09T12:00:00Z,4955.25,4953.4,0,5,4950.25,5,3.15,NA,Electric sounder measurement,Water level accuracy to nearest hundredth of a foot,1,Department of Water Resources,NA,1,Department of Water Resources,220,250,25529,20N14E11P002M,DMW 2I,Surveyed to a benchmark,0.1 ft.,5-012.01,Sierra Valley,Sierra,260,Observation,Part of a nested/multi-completion well,788365,2002-09-03 00:00:00 - 2020-04-24 12:00:00,73,spring,NA,NA,2.05,6.64,2019,Wet,2018-10-01T00:00:00Z,2019-10-01T00:00:00Z,-120.391,39.5951
395951N1203910W002,2414990,2018-10-24T12:00:00Z,4955.25,4953.4,0,6.1,4949.15,6.1,4.25,NA,Electric sounder measurement,Water level accuracy to nearest hundredth of a foot,1,Department of Water Resources,NA,1,Department of Water Resources,220,250,25529,20N14E11P002M,DMW 2I,Surveyed to a benchmark,0.1 ft.,5-012.01,Sierra Valley,Sierra,260,Observation,Part of a nested/multi-completion well,788365,2002-09-03 00:00:00 - 2020-04-24 12:00:00,73,fall,3.3,6.64,NA,NA,2019,Wet,2018-10-01T00:00:00Z,2019-10-01T00:00:00Z,-120.391,39.5951
395951N1203910W002,2285929,2018-04-02T12:00:00Z,4955.25,4953.4,0,4.49,4950.76,4.49,2.64,NA,Electric sounder measurement,Water level accuracy to nearest hundredth of a foot,1,Department of Water Resources,NA,1,Department of Water Resources,220,250,25529,20N14E11P002M,DMW 2I,Surveyed to a benchmark,0.1 ft.,5-012.01,Sierra Valley,Sierra,260,Observation,Part of a nested/multi-completion well,788365,2002-09-03 00:00:00 - 2020-04-24 12:00:00,73,spring,NA,NA,2.05,6.64,2018,NA,2017-10-01T00:00:00Z,2018-10-01T00:00:00Z,-120.391,39.5951
395951N1203910W002,2267969,2017-10-16T00:00:00Z,4955.25,4953.4,0,5.15,4950.1,5.15,3.3,NA,Electric sounder measurement,Water level accuracy to nearest hundredth of a foot,1,Department of Water Resources,NA,1,Department of Water Resources,220,250,25529,20N14E11P002M,DMW 2I,Surveyed to a benchmark,0.1 ft.,5-012.01,Sierra Valley,Sierra,260,Observation,Part of a nested/multi-completion well,788365,2002-09-03 00:00:00 - 2020-04-24 12:00:00,73,fall,3.3,6.64,NA,NA,2018,NA,2017-10-01T00:00:00Z,2018-10-01T00:00:00Z,-120.391,39.5951
395951N1203910W002,2244257,2017-04-03T00:00:00Z,4955.25,4953.4,0,3.9,4951.35,3.9,2.05,NA,Electric sounder measurement,Water level accuracy to nearest hundredth of a foot,1,Department of Water Resources,NA,1,Department of Water Resources,220,250,25529,20N14E11P002M,DMW 2I,Surveyed to a benchmark,0.1 ft.,5-012.01,Sierra Valley,Sierra,260,Observation,Part of a nested/multi-completion well,788365,2002-09-03 00:00:00 - 2020-04-24 12:00:00,73,spring,NA,NA,2.05,6.64,2017,Wet,2016-10-01T00:00:00Z,2017-10-01T00:00:00Z,-120.391,39.5951
395951N1203910W002,2214087,2016-10-24T00:00:00Z,4955.25,4953.4,0,6.7,4948.55,6.7,4.85,NA,Electric sounder measurement,Water level accuracy to nearest hundredth of a foot,1,Department of Water Resources,NA,1,Department of Water Resources,220,250,25529,20N14E11P002M,DMW 2I,Surveyed to a benchmark,0.1 ft.,5-012.01,Sierra Valley,Sierra,260,Observation,Part of a nested/multi-completion well,788365,2002-09-03 00:00:00 - 2020-04-24 12:00:00,73,fall,3.3,6.64,NA,NA,2017,Wet,2016-10-01T00:00:00Z,2017-10-01T00:00:00Z,-120.391,39.5951
395951N1203910W002,2184553,2016-03-21T00:00:00Z,4955.25,4953.4,0,6.09,4949.16,6.09,4.24,NA,Electric sounder measurement,Water level accuracy to nearest hundredth of a foot,1,Department of Water Resources,NA,1,Department of Water Resources,220,250,25529,20N14E11P002M,DMW 2I,Surveyed to a benchmark,0.1 ft.,5-012.01,Sierra Valley,Sierra,260,Observation,Part of a nested/multi-completion well,788365,2002-09-03 00:00:00 - 2020-04-24 12:00:00,73,spring,NA,NA,2.05,6.64,2016,NA,2015-10-01T00:00:00Z,2016-10-01T00:00:00Z,-120.391,39.5951
395951N1203910W002,2157027,2015-10-19T00:00:00Z,4955.25,4953.4,0,7.59,4947.66,7.59,5.74,NA,Electric sounder measurement,Water level accuracy to nearest hundredth of a foot,1,Department of Water Resources,NA,1,Department of Water Resources,220,250,25529,20N14E11P002M,DMW 2I,Surveyed to a benchmark,0.1 ft.,5-012.01,Sierra Valley,Sierra,260,Observation,Part of a nested/multi-completion well,788365,2002-09-03 00:00:00 - 2020-04-24 12:00:00,73,fall,3.3,6.64,NA,NA,2016,NA,2015-10-01T00:00:00Z,2016-10-01T00:00:00Z,-120.391,39.5951
395951N1203910W002,2119739,2015-03-23T00:00:00Z,4955.25,4953.4,0,6.73,4948.52,6.73,4.88,NA,Electric sounder measurement,Water level accuracy to nearest hundredth of a foot,1,Department of Water Resources,NA,1,Department of Water Resources,220,250,25529,20N14E11P002M,DMW 2I,Surveyed to a benchmark,0.1 ft.,5-012.01,Sierra Valley,Sierra,260,Observation,Part of a nested/multi-completion well,788365,2002-09-03 00:00:00 - 2020-04-24 12:00:00,73,spring,NA,NA,2.05,6.64,2015,NA,2014-10-01T00:00:00Z,2015-10-01T00:00:00Z,-120.391,39.5951
395951N1203910W002,2020254,2014-10-20T01:00:00Z,4955.25,4953.4,0,7.78,4947.47,7.78,5.93,NA,Electric sounder measurement,Water level accuracy to nearest hundredth of a foot,1,Department of Water Resources,NA,1,Department of Water Resources,220,250,25529,20N14E11P002M,DMW 2I,Surveyed to a benchmark,0.1 ft.,5-012.01,Sierra Valley,Sierra,260,Observation,Part of a nested/multi-completion well,788365,2002-09-03 00:00:00 - 2020-04-24 12:00:00,73,fall,3.3,6.64,NA,NA,2015,NA,2014-10-01T00:00:00Z,2015-10-01T00:00:00Z,-120.391,39.5951
395951N1203910W002,1880737,2014-03-14T00:00:00Z,4955.25,4953.4,0,6.92,4948.33,6.92,5.07,NA,Electric sounder measurement,Water level accuracy to nearest hundredth of a foot,1,Department of Water Resources,NA,1,Department of Water Resources,220,250,25529,20N14E11P002M,DMW 2I,Surveyed to a benchmark,0.1 ft.,5-012.01,Sierra Valley,Sierra,260,Observation,Part of a nested/multi-completion well,788365,2002-09-03 00:00:00 - 2020-04-24 12:00:00,73,spring,NA,NA,2.05,6.64,2014,NA,2013-10-01T00:00:00Z,2014-10-01T00:00:00Z,-120.391,39.5951
395951N1203910W002,1797079,2013-10-21T00:00:00Z,4955.25,4953.4,0,7.04,4948.21,7.04,5.19,NA,Electric sounder measurement,Water level accuracy to nearest hundredth of a foot,1,Department of Water Resources,NA,1,Department of Water Resources,220,250,25529,20N14E11P002M,DMW 2I,Surveyed to a benchmark,0.1 ft.,5-012.01,Sierra Valley,Sierra,260,Observation,Part of a nested/multi-completion well,788365,2002-09-03 00:00:00 - 2020-04-24 12:00:00,73,fall,3.3,6.64,NA,NA,2014,NA,2013-10-01T00:00:00Z,2014-10-01T00:00:00Z,-120.391,39.5951
395951N1203910W002,1684398,2013-03-25T00:00:00Z,4953.43,4953.43,0,6.64,4946.79,6.64,6.64,NA,Electric sounder measurement,Water level accuracy to nearest hundredth of a foot,1,Department of Water Resources,NA,1,Department of Water Resources,220,250,25529,20N14E11P002M,DMW 2I,Surveyed to a benchmark,0.1 ft.,5-012.01,Sierra Valley,Sierra,260,Observation,Part of a nested/multi-completion well,788365,2002-09-03 00:00:00 - 2020-04-24 12:00:00,73,spring,NA,NA,2.05,6.64,2013,Dry,2012-10-01T00:00:00Z,2013-10-01T00:00:00Z,-120.391,39.5951
395951N1203910W002,69339,2012-10-30T00:00:00Z,4953.43,4953.43,0,6.64,4946.79,6.64,6.64,NA,Electric sounder measurement,Water level accuracy to nearest hundredth of a foot,1,Department of Water Resources,NA,1,Department of Water Resources,220,250,25529,20N14E11P002M,DMW 2I,Surveyed to a benchmark,0.1 ft.,5-012.01,Sierra Valley,Sierra,260,Observation,Part of a nested/multi-completion well,788365,2002-09-03 00:00:00 - 2020-04-24 12:00:00,73,fall,3.3,6.64,NA,NA,2013,Dry,2012-10-01T00:00:00Z,2013-10-01T00:00:00Z,-120.391,39.5951
395951N1203910W002,59921,2012-04-17T00:00:00Z,4953.43,4953.43,0,5.22,4948.21,5.22,5.22,NA,Electric sounder measurement,Water level accuracy to nearest hundredth of a foot,1,Department of Water Resources,NA,1,Department of Water Resources,220,250,25529,20N14E11P002M,DMW 2I,Surveyed to a benchmark,0.1 ft.,5-012.01,Sierra Valley,Sierra,260,Observation,Part of a nested/multi-completion well,788365,2002-09-03 00:00:00 - 2020-04-24 12:00:00,73,spring,NA,NA,2.05,6.64,2012,NA,2011-10-01T00:00:00Z,2012-10-01T00:00:00Z,-120.391,39.5951
395951N1203910W002,39769,2011-10-18T00:00:00Z,4953.43,4953.43,0,4.98,4948.45,4.98,4.98,NA,Electric sounder measurement,Water level accuracy to nearest hundredth of a foot,1,Department of Water Resources,NA,1,Department of Water Resources,220,250,25529,20N14E11P002M,DMW 2I,Surveyed to a benchmark,0.1 ft.,5-012.01,Sierra Valley,Sierra,260,Observation,Part of a nested/multi-completion well,788365,2002-09-03 00:00:00 - 2020-04-24 12:00:00,73,fall,3.3,6.64,NA,NA,2012,NA,2011-10-01T00:00:00Z,2012-10-01T00:00:00Z,-120.391,39.5951
395951N1203910W002,936290,2011-10-18T00:00:00Z,4953.4,4953.4,0,4.98,4948.42,4.98,4.98,NA,Unknown,Water level accuracy is unknown,1,Department of Water Resources,NA,1,Department of Water Resources,220,250,25529,20N14E11P002M,DMW 2I,Surveyed to a benchmark,0.1 ft.,5-012.01,Sierra Valley,Sierra,260,Observation,Part of a nested/multi-completion well,788365,2002-09-03 00:00:00 - 2020-04-24 12:00:00,73,fall,3.3,6.64,NA,NA,2012,NA,2011-10-01T00:00:00Z,2012-10-01T00:00:00Z,-120.391,39.5951
395951N1203910W002,936289,2011-04-25T00:00:00Z,4953.4,4953.4,0,4.1,4949.3,4.1,4.1,NA,Unknown,Water level accuracy is unknown,1,Department of Water Resources,NA,1,Department of Water Resources,220,250,25529,20N14E11P002M,DMW 2I,Surveyed to a benchmark,0.1 ft.,5-012.01,Sierra Valley,Sierra,260,Observation,Part of a nested/multi-completion well,788365,2002-09-03 00:00:00 - 2020-04-24 12:00:00,73,spring,NA,NA,2.05,6.64,2011,Wet,2010-10-01T00:00:00Z,2011-10-01T00:00:00Z,-120.391,39.5951
395951N1203910W002,936288,2010-10-25T00:00:00Z,4953.4,4953.4,0,5.82,4947.58,5.82,5.82,NA,Unknown,Water level accuracy is unknown,1,Department of Water Resources,NA,1,Department of Water Resources,220,250,25529,20N14E11P002M,DMW 2I,Surveyed to a benchmark,0.1 ft.,5-012.01,Sierra Valley,Sierra,260,Observation,Part of a nested/multi-completion well,788365,2002-09-03 00:00:00 - 2020-04-24 12:00:00,73,fall,3.3,6.64,NA,NA,2011,Wet,2010-10-01T00:00:00Z,2011-10-01T00:00:00Z,-120.391,39.5951
395951N1203910W002,936287,2010-04-07T00:00:00Z,4953.4,4953.4,0,5.56,4947.84,5.56,5.56,NA,Unknown,Water level accuracy is unknown,1,Department of Water Resources,NA,1,Department of Water Resources,220,250,25529,20N14E11P002M,DMW 2I,Surveyed to a benchmark,0.1 ft.,5-012.01,Sierra Valley,Sierra,260,Observation,Part of a nested/multi-completion well,788365,2002-09-03 00:00:00 - 2020-04-24 12:00:00,73,spring,NA,NA,2.05,6.64,2010,NA,2009-10-01T00:00:00Z,2010-10-01T00:00:00Z,-120.391,39.5951
395951N1203910W002,936286,2009-10-28T00:00:00Z,4953.4,4953.4,0,6.4,4947,6.4,6.4,NA,Unknown,Water level accuracy is unknown,1,Department of Water Resources,NA,1,Department of Water Resources,220,250,25529,20N14E11P002M,DMW 2I,Surveyed to a benchmark,0.1 ft.,5-012.01,Sierra Valley,Sierra,260,Observation,Part of a nested/multi-completion well,788365,2002-09-03 00:00:00 - 2020-04-24 12:00:00,73,fall,3.3,6.64,NA,NA,2010,NA,2009-10-01T00:00:00Z,2010-10-01T00:00:00Z,-120.391,39.5951
395951N1203910W002,936285,2009-04-13T00:00:00Z,4953.4,4953.4,0,5.42,4947.98,5.42,5.42,NA,Unknown,Water level accuracy is unknown,1,Department of Water Resources,NA,1,Department of Water Resources,220,250,25529,20N14E11P002M,DMW 2I,Surveyed to a benchmark,0.1 ft.,5-012.01,Sierra Valley,Sierra,260,Observation,Part of a nested/multi-completion well,788365,2002-09-03 00:00:00 - 2020-04-24 12:00:00,73,spring,NA,NA,2.05,6.64,2009,NA,2008-10-01T00:00:00Z,2009-10-01T00:00:00Z,-120.391,39.5951
395951N1203910W002,936284,2008-10-27T00:00:00Z,4953.4,4953.4,0,6.42,4946.98,6.42,6.42,NA,Unknown,Water level accuracy is unknown,1,Department of Water Resources,NA,388,Sierra Valley Groundwater Management District,220,250,25529,20N14E11P002M,DMW 2I,Surveyed to a benchmark,0.1 ft.,5-012.01,Sierra Valley,Sierra,260,Observation,Part of a nested/multi-completion well,788365,2002-09-03 00:00:00 - 2020-04-24 12:00:00,73,fall,3.3,6.64,NA,NA,2009,NA,2008-10-01T00:00:00Z,2009-10-01T00:00:00Z,-120.391,39.5951
395951N1203910W002,936283,2008-04-09T00:00:00Z,4953.4,4953.4,0,5.6,4947.8,5.6,5.6,NA,Unknown,Water level accuracy is unknown,1,Department of Water Resources,NA,388,Sierra Valley Groundwater Management District,220,250,25529,20N14E11P002M,DMW 2I,Surveyed to a benchmark,0.1 ft.,5-012.01,Sierra Valley,Sierra,260,Observation,Part of a nested/multi-completion well,788365,2002-09-03 00:00:00 - 2020-04-24 12:00:00,73,spring,NA,NA,2.05,6.64,2008,NA,2007-10-01T00:00:00Z,2008-10-01T00:00:00Z,-120.391,39.5951
395951N1203910W002,936282,2007-10-25T00:00:00Z,4953.4,4953.4,0,6.2,4947.2,6.2,6.2,NA,Unknown,Water level accuracy is unknown,1,Department of Water Resources,NA,388,Sierra Valley Groundwater Management District,220,250,25529,20N14E11P002M,DMW 2I,Surveyed to a benchmark,0.1 ft.,5-012.01,Sierra Valley,Sierra,260,Observation,Part of a nested/multi-completion well,788365,2002-09-03 00:00:00 - 2020-04-24 12:00:00,73,fall,3.3,6.64,NA,NA,2008,NA,2007-10-01T00:00:00Z,2008-10-01T00:00:00Z,-120.391,39.5951
395951N1203910W002,936241,2006-04-06T00:00:00Z,4953.4,4953.4,0,3.9,4949.5,3.9,3.9,NA,Unknown,Water level accuracy is unknown,1,Department of Water Resources,NA,388,Sierra Valley Groundwater Management District,220,250,25529,20N14E11P002M,DMW 2I,Surveyed to a benchmark,0.1 ft.,5-012.01,Sierra Valley,Sierra,260,Observation,Part of a nested/multi-completion well,788365,2002-09-03 00:00:00 - 2020-04-24 12:00:00,73,spring,NA,NA,2.05,6.64,2006,Wet,2005-10-01T00:00:00Z,2006-10-01T00:00:00Z,-120.391,39.5951
395951N1203910W002,936240,2006-02-03T00:00:00Z,4953.4,4953.4,0,4.8,4948.6,4.8,4.8,NA,Unknown,Water level accuracy is unknown,1,Department of Water Resources,NA,388,Sierra Valley Groundwater Management District,220,250,25529,20N14E11P002M,DMW 2I,Surveyed to a benchmark,0.1 ft.,5-012.01,Sierra Valley,Sierra,260,Observation,Part of a nested/multi-completion well,788365,2002-09-03 00:00:00 - 2020-04-24 12:00:00,73,other,NA,NA,NA,NA,2006,Wet,2005-10-01T00:00:00Z,2006-10-01T00:00:00Z,-120.391,39.5951
395951N1203910W002,936239,2006-01-04T00:00:00Z,4953.4,4953.4,0,5.4,4948,5.4,5.4,NA,Unknown,Water level accuracy is unknown,1,Department of Water Resources,NA,388,Sierra Valley Groundwater Management District,220,250,25529,20N14E11P002M,DMW 2I,Surveyed to a benchmark,0.1 ft.,5-012.01,Sierra Valley,Sierra,260,Observation,Part of a nested/multi-completion well,788365,2002-09-03 00:00:00 - 2020-04-24 12:00:00,73,other,NA,NA,NA,NA,2006,Wet,2005-10-01T00:00:00Z,2006-10-01T00:00:00Z,-120.391,39.5951
395951N1203910W002,936238,2005-11-30T00:00:00Z,4953.4,4953.4,0,5.9,4947.5,5.9,5.9,NA,Unknown,Water level accuracy is unknown,1,Department of Water Resources,NA,388,Sierra Valley Groundwater Management District,220,250,25529,20N14E11P002M,DMW 2I,Surveyed to a benchmark,0.1 ft.,5-012.01,Sierra Valley,Sierra,260,Observation,Part of a nested/multi-completion well,788365,2002-09-03 00:00:00 - 2020-04-24 12:00:00,73,fall,3.3,6.64,NA,NA,2006,Wet,2005-10-01T00:00:00Z,2006-10-01T00:00:00Z,-120.391,39.5951
395951N1203910W002,936279,2005-11-02T00:00:00Z,4953.4,4953.4,0,5.8,4947.6,5.8,5.8,NA,Unknown,Water level accuracy is unknown,1,Department of Water Resources,NA,388,Sierra Valley Groundwater Management District,220,250,25529,20N14E11P002M,DMW 2I,Surveyed to a benchmark,0.1 ft.,5-012.01,Sierra Valley,Sierra,260,Observation,Part of a nested/multi-completion well,788365,2002-09-03 00:00:00 - 2020-04-24 12:00:00,73,fall,3.3,6.64,NA,NA,2006,Wet,2005-10-01T00:00:00Z,2006-10-01T00:00:00Z,-120.391,39.5951
395951N1203910W002,936278,2005-09-29T00:00:00Z,4953.4,4953.4,0,5.7,4947.7,5.7,5.7,NA,Unknown,Water level accuracy is unknown,1,Department of Water Resources,NA,388,Sierra Valley Groundwater Management District,220,250,25529,20N14E11P002M,DMW 2I,Surveyed to a benchmark,0.1 ft.,5-012.01,Sierra Valley,Sierra,260,Observation,Part of a nested/multi-completion well,788365,2002-09-03 00:00:00 - 2020-04-24 12:00:00,73,fall,3.3,6.64,NA,NA,2005,NA,2004-10-01T00:00:00Z,2005-10-01T00:00:00Z,-120.391,39.5951
395951N1203910W002,936277,2005-09-02T00:00:00Z,4953.4,4953.4,0,5.3,4948.1,5.3,5.3,NA,Unknown,Water level accuracy is unknown,1,Department of Water Resources,NA,388,Sierra Valley Groundwater Management District,220,250,25529,20N14E11P002M,DMW 2I,Surveyed to a benchmark,0.1 ft.,5-012.01,Sierra Valley,Sierra,260,Observation,Part of a nested/multi-completion well,788365,2002-09-03 00:00:00 - 2020-04-24 12:00:00,73,fall,3.3,6.64,NA,NA,2005,NA,2004-10-01T00:00:00Z,2005-10-01T00:00:00Z,-120.391,39.5951
395951N1203910W002,936276,2005-07-29T00:00:00Z,4953.4,4953.4,0,4.8,4948.6,4.8,4.8,NA,Unknown,Water level accuracy is unknown,1,Department of Water Resources,NA,388,Sierra Valley Groundwater Management District,220,250,25529,20N14E11P002M,DMW 2I,Surveyed to a benchmark,0.1 ft.,5-012.01,Sierra Valley,Sierra,260,Observation,Part of a nested/multi-completion well,788365,2002-09-03 00:00:00 - 2020-04-24 12:00:00,73,other,NA,NA,NA,NA,2005,NA,2004-10-01T00:00:00Z,2005-10-01T00:00:00Z,-120.391,39.5951
395951N1203910W002,936275,2005-06-29T00:00:00Z,4953.4,4953.4,0,4.6,4948.8,4.6,4.6,NA,Unknown,Water level accuracy is unknown,1,Department of Water Resources,NA,388,Sierra Valley Groundwater Management District,220,250,25529,20N14E11P002M,DMW 2I,Surveyed to a benchmark,0.1 ft.,5-012.01,Sierra Valley,Sierra,260,Observation,Part of a nested/multi-completion well,788365,2002-09-03 00:00:00 - 2020-04-24 12:00:00,73,other,NA,NA,NA,NA,2005,NA,2004-10-01T00:00:00Z,2005-10-01T00:00:00Z,-120.391,39.5951
395951N1203910W002,936274,2005-05-31T00:00:00Z,4953.4,4953.4,0,4.5,4948.9,4.5,4.5,NA,Unknown,Water level accuracy is unknown,1,Department of Water Resources,NA,388,Sierra Valley Groundwater Management District,220,250,25529,20N14E11P002M,DMW 2I,Surveyed to a benchmark,0.1 ft.,5-012.01,Sierra Valley,Sierra,260,Observation,Part of a nested/multi-completion well,788365,2002-09-03 00:00:00 - 2020-04-24 12:00:00,73,spring,NA,NA,2.05,6.64,2005,NA,2004-10-01T00:00:00Z,2005-10-01T00:00:00Z,-120.391,39.5951
395951N1203910W002,936273,2005-04-28T00:00:00Z,4953.4,4953.4,0,4.7,4948.7,4.7,4.7,NA,Unknown,Water level accuracy is unknown,1,Department of Water Resources,NA,388,Sierra Valley Groundwater Management District,220,250,25529,20N14E11P002M,DMW 2I,Surveyed to a benchmark,0.1 ft.,5-012.01,Sierra Valley,Sierra,260,Observation,Part of a nested/multi-completion well,788365,2002-09-03 00:00:00 - 2020-04-24 12:00:00,73,spring,NA,NA,2.05,6.64,2005,NA,2004-10-01T00:00:00Z,2005-10-01T00:00:00Z,-120.391,39.5951
395951N1203910W002,936272,2005-04-02T00:00:00Z,4953.4,4953.4,0,5,4948.4,5,5,NA,Unknown,Water level accuracy is unknown,1,Department of Water Resources,NA,388,Sierra Valley Groundwater Management District,220,250,25529,20N14E11P002M,DMW 2I,Surveyed to a benchmark,0.1 ft.,5-012.01,Sierra Valley,Sierra,260,Observation,Part of a nested/multi-completion well,788365,2002-09-03 00:00:00 - 2020-04-24 12:00:00,73,spring,NA,NA,2.05,6.64,2005,NA,2004-10-01T00:00:00Z,2005-10-01T00:00:00Z,-120.391,39.5951
395951N1203910W002,936271,2005-03-03T00:00:00Z,4953.4,4953.4,0,5.3,4948.1,5.3,5.3,NA,Unknown,Water level accuracy is unknown,1,Department of Water Resources,NA,388,Sierra Valley Groundwater Management District,220,250,25529,20N14E11P002M,DMW 2I,Surveyed to a benchmark,0.1 ft.,5-012.01,Sierra Valley,Sierra,260,Observation,Part of a nested/multi-completion well,788365,2002-09-03 00:00:00 - 2020-04-24 12:00:00,73,spring,NA,NA,2.05,6.64,2005,NA,2004-10-01T00:00:00Z,2005-10-01T00:00:00Z,-120.391,39.5951
395951N1203910W002,936270,2005-01-31T00:00:00Z,4953.4,4953.4,0,5.4,4948,5.4,5.4,NA,Unknown,Water level accuracy is unknown,1,Department of Water Resources,NA,388,Sierra Valley Groundwater Management District,220,250,25529,20N14E11P002M,DMW 2I,Surveyed to a benchmark,0.1 ft.,5-012.01,Sierra Valley,Sierra,260,Observation,Part of a nested/multi-completion well,788365,2002-09-03 00:00:00 - 2020-04-24 12:00:00,73,other,NA,NA,NA,NA,2005,NA,2004-10-01T00:00:00Z,2005-10-01T00:00:00Z,-120.391,39.5951
395951N1203910W002,936269,2004-12-03T00:00:00Z,4953.4,4953.4,0,5.9,4947.5,5.9,5.9,NA,Unknown,Water level accuracy is unknown,1,Department of Water Resources,NA,388,Sierra Valley Groundwater Management District,220,250,25529,20N14E11P002M,DMW 2I,Surveyed to a benchmark,0.1 ft.,5-012.01,Sierra Valley,Sierra,260,Observation,Part of a nested/multi-completion well,788365,2002-09-03 00:00:00 - 2020-04-24 12:00:00,73,other,NA,NA,NA,NA,2005,NA,2004-10-01T00:00:00Z,2005-10-01T00:00:00Z,-120.391,39.5951
395951N1203910W002,936268,2004-11-01T00:00:00Z,4953.4,4953.4,0,5.9,4947.5,5.9,5.9,NA,Unknown,Water level accuracy is unknown,1,Department of Water Resources,NA,388,Sierra Valley Groundwater Management District,220,250,25529,20N14E11P002M,DMW 2I,Surveyed to a benchmark,0.1 ft.,5-012.01,Sierra Valley,Sierra,260,Observation,Part of a nested/multi-completion well,788365,2002-09-03 00:00:00 - 2020-04-24 12:00:00,73,fall,3.3,6.64,NA,NA,2005,NA,2004-10-01T00:00:00Z,2005-10-01T00:00:00Z,-120.391,39.5951
395951N1203910W002,936267,2004-09-30T00:00:00Z,4953.4,4953.4,0,5.8,4947.6,5.8,5.8,NA,Unknown,Water level accuracy is unknown,1,Department of Water Resources,NA,388,Sierra Valley Groundwater Management District,220,250,25529,20N14E11P002M,DMW 2I,Surveyed to a benchmark,0.1 ft.,5-012.01,Sierra Valley,Sierra,260,Observation,Part of a nested/multi-completion well,788365,2002-09-03 00:00:00 - 2020-04-24 12:00:00,73,fall,3.3,6.64,NA,NA,2004,NA,2003-10-01T00:00:00Z,2004-10-01T00:00:00Z,-120.391,39.5951
395951N1203910W002,936266,2004-08-31T00:00:00Z,4953.4,4953.4,0,5.5,4947.9,5.5,5.5,NA,Unknown,Water level accuracy is unknown,1,Department of Water Resources,NA,388,Sierra Valley Groundwater Management District,220,250,25529,20N14E11P002M,DMW 2I,Surveyed to a benchmark,0.1 ft.,5-012.01,Sierra Valley,Sierra,260,Observation,Part of a nested/multi-completion well,788365,2002-09-03 00:00:00 - 2020-04-24 12:00:00,73,fall,3.3,6.64,NA,NA,2004,NA,2003-10-01T00:00:00Z,2004-10-01T00:00:00Z,-120.391,39.5951
395951N1203910W002,936265,2004-07-30T00:00:00Z,4953.4,4953.4,0,5,4948.4,5,5,NA,Unknown,Water level accuracy is unknown,1,Department of Water Resources,NA,388,Sierra Valley Groundwater Management District,220,250,25529,20N14E11P002M,DMW 2I,Surveyed to a benchmark,0.1 ft.,5-012.01,Sierra Valley,Sierra,260,Observation,Part of a nested/multi-completion well,788365,2002-09-03 00:00:00 - 2020-04-24 12:00:00,73,other,NA,NA,NA,NA,2004,NA,2003-10-01T00:00:00Z,2004-10-01T00:00:00Z,-120.391,39.5951
395951N1203910W002,936264,2004-06-29T00:00:00Z,4953.4,4953.4,0,5,4948.4,5,5,NA,Unknown,Water level accuracy is unknown,1,Department of Water Resources,NA,388,Sierra Valley Groundwater Management District,220,250,25529,20N14E11P002M,DMW 2I,Surveyed to a benchmark,0.1 ft.,5-012.01,Sierra Valley,Sierra,260,Observation,Part of a nested/multi-completion well,788365,2002-09-03 00:00:00 - 2020-04-24 12:00:00,73,other,NA,NA,NA,NA,2004,NA,2003-10-01T00:00:00Z,2004-10-01T00:00:00Z,-120.391,39.5951
395951N1203910W002,936263,2004-05-31T00:00:00Z,4953.4,4953.4,0,4.7,4948.7,4.7,4.7,NA,Unknown,Water level accuracy is unknown,1,Department of Water Resources,NA,388,Sierra Valley Groundwater Management District,220,250,25529,20N14E11P002M,DMW 2I,Surveyed to a benchmark,0.1 ft.,5-012.01,Sierra Valley,Sierra,260,Observation,Part of a nested/multi-completion well,788365,2002-09-03 00:00:00 - 2020-04-24 12:00:00,73,spring,NA,NA,2.05,6.64,2004,NA,2003-10-01T00:00:00Z,2004-10-01T00:00:00Z,-120.391,39.5951
395951N1203910W002,936262,2004-04-29T00:00:00Z,4953.4,4953.4,0,4.7,4948.7,4.7,4.7,NA,Unknown,Water level accuracy is unknown,1,Department of Water Resources,NA,388,Sierra Valley Groundwater Management District,220,250,25529,20N14E11P002M,DMW 2I,Surveyed to a benchmark,0.1 ft.,5-012.01,Sierra Valley,Sierra,260,Observation,Part of a nested/multi-completion well,788365,2002-09-03 00:00:00 - 2020-04-24 12:00:00,73,spring,NA,NA,2.05,6.64,2004,NA,2003-10-01T00:00:00Z,2004-10-01T00:00:00Z,-120.391,39.5951
395951N1203910W002,936261,2004-04-01T00:00:00Z,4953.4,4953.4,0,4.7,4948.7,4.7,4.7,NA,Unknown,Water level accuracy is unknown,1,Department of Water Resources,NA,388,Sierra Valley Groundwater Management District,220,250,25529,20N14E11P002M,DMW 2I,Surveyed to a benchmark,0.1 ft.,5-012.01,Sierra Valley,Sierra,260,Observation,Part of a nested/multi-completion well,788365,2002-09-03 00:00:00 - 2020-04-24 12:00:00,73,spring,NA,NA,2.05,6.64,2004,NA,2003-10-01T00:00:00Z,2004-10-01T00:00:00Z,-120.391,39.5951
395951N1203910W002,936260,2004-02-29T00:00:00Z,4953.4,4953.4,0,5,4948.4,5,5,NA,Unknown,Water level accuracy is unknown,1,Department of Water Resources,NA,388,Sierra Valley Groundwater Management District,220,250,25529,20N14E11P002M,DMW 2I,Surveyed to a benchmark,0.1 ft.,5-012.01,Sierra Valley,Sierra,260,Observation,Part of a nested/multi-completion well,788365,2002-09-03 00:00:00 - 2020-04-24 12:00:00,73,other,NA,NA,NA,NA,2004,NA,2003-10-01T00:00:00Z,2004-10-01T00:00:00Z,-120.391,39.5951
395951N1203910W002,936259,2004-01-31T00:00:00Z,4953.4,4953.4,0,5.2,4948.2,5.2,5.2,NA,Unknown,Water level accuracy is unknown,1,Department of Water Resources,NA,388,Sierra Valley Groundwater Management District,220,250,25529,20N14E11P002M,DMW 2I,Surveyed to a benchmark,0.1 ft.,5-012.01,Sierra Valley,Sierra,260,Observation,Part of a nested/multi-completion well,788365,2002-09-03 00:00:00 - 2020-04-24 12:00:00,73,other,NA,NA,NA,NA,2004,NA,2003-10-01T00:00:00Z,2004-10-01T00:00:00Z,-120.391,39.5951
395951N1203910W002,936258,2003-12-02T00:00:00Z,4953.4,4953.4,0,5.9,4947.5,5.9,5.9,NA,Unknown,Water level accuracy is unknown,1,Department of Water Resources,NA,388,Sierra Valley Groundwater Management District,220,250,25529,20N14E11P002M,DMW 2I,Surveyed to a benchmark,0.1 ft.,5-012.01,Sierra Valley,Sierra,260,Observation,Part of a nested/multi-completion well,788365,2002-09-03 00:00:00 - 2020-04-24 12:00:00,73,other,NA,NA,NA,NA,2004,NA,2003-10-01T00:00:00Z,2004-10-01T00:00:00Z,-120.391,39.5951
395951N1203910W002,936257,2003-11-01T00:00:00Z,4953.4,4953.4,0,5.8,4947.6,5.8,5.8,NA,Unknown,Water level accuracy is unknown,1,Department of Water Resources,NA,388,Sierra Valley Groundwater Management District,220,250,25529,20N14E11P002M,DMW 2I,Surveyed to a benchmark,0.1 ft.,5-012.01,Sierra Valley,Sierra,260,Observation,Part of a nested/multi-completion well,788365,2002-09-03 00:00:00 - 2020-04-24 12:00:00,73,fall,3.3,6.64,NA,NA,2004,NA,2003-10-01T00:00:00Z,2004-10-01T00:00:00Z,-120.391,39.5951
395951N1203910W002,936280,2003-10-30T00:00:00Z,4953.4,4953.4,0,5.9,4947.5,5.9,5.9,NA,Unknown,Water level accuracy is unknown,1,Department of Water Resources,NA,388,Sierra Valley Groundwater Management District,220,250,25529,20N14E11P002M,DMW 2I,Surveyed to a benchmark,0.1 ft.,5-012.01,Sierra Valley,Sierra,260,Observation,Part of a nested/multi-completion well,788365,2002-09-03 00:00:00 - 2020-04-24 12:00:00,73,fall,3.3,6.64,NA,NA,2004,NA,2003-10-01T00:00:00Z,2004-10-01T00:00:00Z,-120.391,39.5951
395951N1203910W002,936256,2003-10-01T00:00:00Z,4953.4,4953.4,0,5.48,4947.92,5.48,5.48,NA,Unknown,Water level accuracy is unknown,1,Department of Water Resources,NA,388,Sierra Valley Groundwater Management District,220,250,25529,20N14E11P002M,DMW 2I,Surveyed to a benchmark,0.1 ft.,5-012.01,Sierra Valley,Sierra,260,Observation,Part of a nested/multi-completion well,788365,2002-09-03 00:00:00 - 2020-04-24 12:00:00,73,fall,3.3,6.64,NA,NA,2004,NA,2003-10-01T00:00:00Z,2004-10-01T00:00:00Z,-120.391,39.5951
395951N1203910W002,936255,2003-09-02T00:00:00Z,4953.4,4953.4,0,5.2,4948.2,5.2,5.2,NA,Unknown,Water level accuracy is unknown,1,Department of Water Resources,NA,388,Sierra Valley Groundwater Management District,220,250,25529,20N14E11P002M,DMW 2I,Surveyed to a benchmark,0.1 ft.,5-012.01,Sierra Valley,Sierra,260,Observation,Part of a nested/multi-completion well,788365,2002-09-03 00:00:00 - 2020-04-24 12:00:00,73,fall,3.3,6.64,NA,NA,2003,NA,2002-10-01T00:00:00Z,2003-10-01T00:00:00Z,-120.391,39.5951
395951N1203910W002,936254,2003-07-30T00:00:00Z,4953.4,4953.4,0,4.9,4948.5,4.9,4.9,NA,Unknown,Water level accuracy is unknown,1,Department of Water Resources,NA,388,Sierra Valley Groundwater Management District,220,250,25529,20N14E11P002M,DMW 2I,Surveyed to a benchmark,0.1 ft.,5-012.01,Sierra Valley,Sierra,260,Observation,Part of a nested/multi-completion well,788365,2002-09-03 00:00:00 - 2020-04-24 12:00:00,73,other,NA,NA,NA,NA,2003,NA,2002-10-01T00:00:00Z,2003-10-01T00:00:00Z,-120.391,39.5951
395951N1203910W002,936253,2003-07-02T00:00:00Z,4953.4,4953.4,0,4.9,4948.5,4.9,4.9,NA,Unknown,Water level accuracy is unknown,1,Department of Water Resources,NA,388,Sierra Valley Groundwater Management District,220,250,25529,20N14E11P002M,DMW 2I,Surveyed to a benchmark,0.1 ft.,5-012.01,Sierra Valley,Sierra,260,Observation,Part of a nested/multi-completion well,788365,2002-09-03 00:00:00 - 2020-04-24 12:00:00,73,other,NA,NA,NA,NA,2003,NA,2002-10-01T00:00:00Z,2003-10-01T00:00:00Z,-120.391,39.5951
395951N1203910W002,936252,2003-06-30T00:00:00Z,4953.4,4953.4,0,4.2,4949.2,4.2,4.2,NA,Unknown,Water level accuracy is unknown,1,Department of Water Resources,NA,388,Sierra Valley Groundwater Management District,220,250,25529,20N14E11P002M,DMW 2I,Surveyed to a benchmark,0.1 ft.,5-012.01,Sierra Valley,Sierra,260,Observation,Part of a nested/multi-completion well,788365,2002-09-03 00:00:00 - 2020-04-24 12:00:00,73,other,NA,NA,NA,NA,2003,NA,2002-10-01T00:00:00Z,2003-10-01T00:00:00Z,-120.391,39.5951
395951N1203910W002,936251,2003-06-03T00:00:00Z,4953.4,4953.4,0,4.6,4948.8,4.6,4.6,NA,Unknown,Water level accuracy is unknown,1,Department of Water Resources,NA,388,Sierra Valley Groundwater Management District,220,250,25529,20N14E11P002M,DMW 2I,Surveyed to a benchmark,0.1 ft.,5-012.01,Sierra Valley,Sierra,260,Observation,Part of a nested/multi-completion well,788365,2002-09-03 00:00:00 - 2020-04-24 12:00:00,73,other,NA,NA,NA,NA,2003,NA,2002-10-01T00:00:00Z,2003-10-01T00:00:00Z,-120.391,39.5951
395951N1203910W002,936250,2003-04-30T00:00:00Z,4953.4,4953.4,0,4.73,4948.67,4.73,4.73,NA,Unknown,Water level accuracy is unknown,1,Department of Water Resources,NA,388,Sierra Valley Groundwater Management District,220,250,25529,20N14E11P002M,DMW 2I,Surveyed to a benchmark,0.1 ft.,5-012.01,Sierra Valley,Sierra,260,Observation,Part of a nested/multi-completion well,788365,2002-09-03 00:00:00 - 2020-04-24 12:00:00,73,spring,NA,NA,2.05,6.64,2003,NA,2002-10-01T00:00:00Z,2003-10-01T00:00:00Z,-120.391,39.5951
395951N1203910W002,936249,2003-03-31T00:00:00Z,4953.4,4953.4,0,5.09,4948.31,5.09,5.09,NA,Unknown,Water level accuracy is unknown,1,Department of Water Resources,NA,388,Sierra Valley Groundwater Management District,220,250,25529,20N14E11P002M,DMW 2I,Surveyed to a benchmark,0.1 ft.,5-012.01,Sierra Valley,Sierra,260,Observation,Part of a nested/multi-completion well,788365,2002-09-03 00:00:00 - 2020-04-24 12:00:00,73,spring,NA,NA,2.05,6.64,2003,NA,2002-10-01T00:00:00Z,2003-10-01T00:00:00Z,-120.391,39.5951
395951N1203910W002,936281,2003-03-27T00:00:00Z,4953.4,4953.4,0,5.1,4948.3,5.1,5.1,NA,Unknown,Water level accuracy is unknown,1,Department of Water Resources,NA,388,Sierra Valley Groundwater Management District,220,250,25529,20N14E11P002M,DMW 2I,Surveyed to a benchmark,0.1 ft.,5-012.01,Sierra Valley,Sierra,260,Observation,Part of a nested/multi-completion well,788365,2002-09-03 00:00:00 - 2020-04-24 12:00:00,73,spring,NA,NA,2.05,6.64,2003,NA,2002-10-01T00:00:00Z,2003-10-01T00:00:00Z,-120.391,39.5951
395951N1203910W002,936248,2003-03-01T00:00:00Z,4953.4,4953.4,0,5.24,4948.16,5.24,5.24,NA,Unknown,Water level accuracy is unknown,1,Department of Water Resources,NA,388,Sierra Valley Groundwater Management District,220,250,25529,20N14E11P002M,DMW 2I,Surveyed to a benchmark,0.1 ft.,5-012.01,Sierra Valley,Sierra,260,Observation,Part of a nested/multi-completion well,788365,2002-09-03 00:00:00 - 2020-04-24 12:00:00,73,spring,NA,NA,2.05,6.64,2003,NA,2002-10-01T00:00:00Z,2003-10-01T00:00:00Z,-120.391,39.5951
395951N1203910W002,936247,2003-01-30T00:00:00Z,4953.4,4953.4,0,5.6,4947.8,5.6,5.6,NA,Unknown,Water level accuracy is unknown,1,Department of Water Resources,NA,388,Sierra Valley Groundwater Management District,220,250,25529,20N14E11P002M,DMW 2I,Surveyed to a benchmark,0.1 ft.,5-012.01,Sierra Valley,Sierra,260,Observation,Part of a nested/multi-completion well,788365,2002-09-03 00:00:00 - 2020-04-24 12:00:00,73,other,NA,NA,NA,NA,2003,NA,2002-10-01T00:00:00Z,2003-10-01T00:00:00Z,-120.391,39.5951
395951N1203910W002,936246,2002-12-30T00:00:00Z,4953.4,4953.4,0,6.04,4947.36,6.04,6.04,NA,Unknown,Water level accuracy is unknown,1,Department of Water Resources,NA,388,Sierra Valley Groundwater Management District,220,250,25529,20N14E11P002M,DMW 2I,Surveyed to a benchmark,0.1 ft.,5-012.01,Sierra Valley,Sierra,260,Observation,Part of a nested/multi-completion well,788365,2002-09-03 00:00:00 - 2020-04-24 12:00:00,73,other,NA,NA,NA,NA,2003,NA,2002-10-01T00:00:00Z,2003-10-01T00:00:00Z,-120.391,39.5951
395951N1203910W002,936245,2002-12-03T00:00:00Z,4953.4,4953.4,0,6.4,4947,6.4,6.4,NA,Unknown,Water level accuracy is unknown,1,Department of Water Resources,NA,388,Sierra Valley Groundwater Management District,220,250,25529,20N14E11P002M,DMW 2I,Surveyed to a benchmark,0.1 ft.,5-012.01,Sierra Valley,Sierra,260,Observation,Part of a nested/multi-completion well,788365,2002-09-03 00:00:00 - 2020-04-24 12:00:00,73,other,NA,NA,NA,NA,2003,NA,2002-10-01T00:00:00Z,2003-10-01T00:00:00Z,-120.391,39.5951
395951N1203910W002,936244,2002-11-01T00:00:00Z,4953.4,4953.4,0,6.64,4946.76,6.64,6.64,NA,Unknown,Water level accuracy is unknown,1,Department of Water Resources,NA,388,Sierra Valley Groundwater Management District,220,250,25529,20N14E11P002M,DMW 2I,Surveyed to a benchmark,0.1 ft.,5-012.01,Sierra Valley,Sierra,260,Observation,Part of a nested/multi-completion well,788365,2002-09-03 00:00:00 - 2020-04-24 12:00:00,73,fall,3.3,6.64,NA,NA,2003,NA,2002-10-01T00:00:00Z,2003-10-01T00:00:00Z,-120.391,39.5951
395951N1203910W002,936243,2002-10-03T00:00:00Z,4953.4,4953.4,0,6.38,4947.02,6.38,6.38,NA,Unknown,Water level accuracy is unknown,1,Department of Water Resources,NA,388,Sierra Valley Groundwater Management District,220,250,25529,20N14E11P002M,DMW 2I,Surveyed to a benchmark,0.1 ft.,5-012.01,Sierra Valley,Sierra,260,Observation,Part of a nested/multi-completion well,788365,2002-09-03 00:00:00 - 2020-04-24 12:00:00,73,fall,3.3,6.64,NA,NA,2003,NA,2002-10-01T00:00:00Z,2003-10-01T00:00:00Z,-120.391,39.5951
395951N1203910W002,936242,2002-09-03T00:00:00Z,4953.4,4953.4,0,6.04,4947.36,6.04,6.04,NA,Unknown,Water level accuracy is unknown,1,Department of Water Resources,NA,388,Sierra Valley Groundwater Management District,220,250,25529,20N14E11P002M,DMW 2I,Surveyed to a benchmark,0.1 ft.,5-012.01,Sierra Valley,Sierra,260,Observation,Part of a nested/multi-completion well,788365,2002-09-03 00:00:00 - 2020-04-24 12:00:00,73,fall,3.3,6.64,NA,NA,2002,NA,2001-10-01T00:00:00Z,2002-10-01T00:00:00Z,-120.391,39.5951
