SITE_CODE,WLM_ID,MSMT_DATE,WLM_RPE,WLM_GSE,RDNG_WS,RDNG_RP,WSE,RPE_WSE,GSE_WSE,WLM_QA_DESC,WLM_DESC,WLM_ACC_DESC,WLM_ORG_ID,WLM_ORG_NAME,MSMT_CMT,COOP_AGENCY_ORG_ID,COOP_ORG_NAME,TOP_PRF,BOT_PRF,STN_ID,SWN,WELL_NAME,WLM_METHOD,WLM_ACC,BASIN_CODE,BASIN_NAME,COUNTY_NAME,WELL_DEPTH,WELL_USE,WELL_TYPE,WCR_NO,t_range,n_samples,season,fall_high,fall_low,spring_high,spring_low,water_year,water_year_type,water_year_start,water_year_end,X,Y
395951N1203910W003,2623617,2020-04-03T12:00:00Z,4955.08,4953.4,0,1.5,4953.58,1.5,-0.18,NA,Electric sounder measurement,Water level accuracy to nearest tenth of a foot,1,Department of Water Resources,NA,388,Sierra Valley Groundwater Management District,420,450,25807,20N14E11P003M,DMW 2d,Surveyed to a benchmark,0.1 ft.,5-012.01,Sierra Valley,Sierra,670,Observation,Part of a nested/multi-completion well,788365,2002-09-03 00:00:00 - 2020-04-24 12:00:00,73,spring,NA,NA,-0.88,5.5,2020,Dry,2019-10-01T00:00:00Z,2020-10-01T00:00:00Z,-120.391,39.5951
395951N1203910W003,2493686,2019-10-23T12:00:00Z,4955.08,4953.4,0,1.96,4953.12,1.96,0.28,NA,Electric sounder measurement,Water level accuracy to nearest hundredth of a foot,1,Department of Water Resources,NA,1,Department of Water Resources,420,450,25807,20N14E11P003M,DMW 2d,Surveyed to a benchmark,0.1 ft.,5-012.01,Sierra Valley,Sierra,670,Observation,Part of a nested/multi-completion well,788365,2002-09-03 00:00:00 - 2020-04-24 12:00:00,73,fall,-0.68,8.68,NA,NA,2020,Dry,2019-10-01T00:00:00Z,2020-10-01T00:00:00Z,-120.391,39.5951
395951N1203910W003,2454923,2019-04-09T12:00:00Z,4955.08,4953.4,0,1.6,4953.48,1.6,-0.08,NA,Electric sounder measurement,Water level accuracy to nearest hundredth of a foot,1,Department of Water Resources,NA,1,Department of Water Resources,420,450,25807,20N14E11P003M,DMW 2d,Surveyed to a benchmark,0.1 ft.,5-012.01,Sierra Valley,Sierra,670,Observation,Part of a nested/multi-completion well,788365,2002-09-03 00:00:00 - 2020-04-24 12:00:00,73,spring,NA,NA,-0.88,5.5,2019,Wet,2018-10-01T00:00:00Z,2019-10-01T00:00:00Z,-120.391,39.5951
395951N1203910W003,2414991,2018-10-24T12:00:00Z,4955.08,4953.4,0,1.75,4953.33,1.75,0.07,NA,Electric sounder measurement,Water level accuracy to nearest hundredth of a foot,1,Department of Water Resources,NA,1,Department of Water Resources,420,450,25807,20N14E11P003M,DMW 2d,Surveyed to a benchmark,0.1 ft.,5-012.01,Sierra Valley,Sierra,670,Observation,Part of a nested/multi-completion well,788365,2002-09-03 00:00:00 - 2020-04-24 12:00:00,73,fall,-0.68,8.68,NA,NA,2019,Wet,2018-10-01T00:00:00Z,2019-10-01T00:00:00Z,-120.391,39.5951
395951N1203910W003,2285930,2018-04-02T12:00:00Z,4955.08,4953.4,0,0.8,4954.28,0.8,-0.88,NA,Electric sounder measurement,Water level accuracy to nearest hundredth of a foot,1,Department of Water Resources,NA,1,Department of Water Resources,420,450,25807,20N14E11P003M,DMW 2d,Surveyed to a benchmark,0.1 ft.,5-012.01,Sierra Valley,Sierra,670,Observation,Part of a nested/multi-completion well,788365,2002-09-03 00:00:00 - 2020-04-24 12:00:00,73,spring,NA,NA,-0.88,5.5,2018,NA,2017-10-01T00:00:00Z,2018-10-01T00:00:00Z,-120.391,39.5951
395951N1203910W003,2267970,2017-10-16T00:00:00Z,4955.08,4953.4,0,1,4954.08,1,-0.68,NA,Electric sounder measurement,Water level accuracy to nearest hundredth of a foot,1,Department of Water Resources,NA,1,Department of Water Resources,420,450,25807,20N14E11P003M,DMW 2d,Surveyed to a benchmark,0.1 ft.,5-012.01,Sierra Valley,Sierra,670,Observation,Part of a nested/multi-completion well,788365,2002-09-03 00:00:00 - 2020-04-24 12:00:00,73,fall,-0.68,8.68,NA,NA,2018,NA,2017-10-01T00:00:00Z,2018-10-01T00:00:00Z,-120.391,39.5951
395951N1203910W003,2244258,2017-04-03T00:00:00Z,4955.08,4953.4,0,1,4954.08,1,-0.68,NA,Electric sounder measurement,Water level accuracy to nearest hundredth of a foot,1,Department of Water Resources,NA,1,Department of Water Resources,420,450,25807,20N14E11P003M,DMW 2d,Surveyed to a benchmark,0.1 ft.,5-012.01,Sierra Valley,Sierra,670,Observation,Part of a nested/multi-completion well,788365,2002-09-03 00:00:00 - 2020-04-24 12:00:00,73,spring,NA,NA,-0.88,5.5,2017,Wet,2016-10-01T00:00:00Z,2017-10-01T00:00:00Z,-120.391,39.5951
395951N1203910W003,2214088,2016-10-24T00:00:00Z,4955.08,4953.4,0,2.53,4952.55,2.53,0.85,NA,Electric sounder measurement,Water level accuracy to nearest hundredth of a foot,1,Department of Water Resources,NA,1,Department of Water Resources,420,450,25807,20N14E11P003M,DMW 2d,Surveyed to a benchmark,0.1 ft.,5-012.01,Sierra Valley,Sierra,670,Observation,Part of a nested/multi-completion well,788365,2002-09-03 00:00:00 - 2020-04-24 12:00:00,73,fall,-0.68,8.68,NA,NA,2017,Wet,2016-10-01T00:00:00Z,2017-10-01T00:00:00Z,-120.391,39.5951
395951N1203910W003,2184554,2016-03-21T00:00:00Z,4955.08,4953.4,0,2.81,4952.27,2.81,1.13,NA,Electric sounder measurement,Water level accuracy to nearest hundredth of a foot,1,Department of Water Resources,NA,1,Department of Water Resources,420,450,25807,20N14E11P003M,DMW 2d,Surveyed to a benchmark,0.1 ft.,5-012.01,Sierra Valley,Sierra,670,Observation,Part of a nested/multi-completion well,788365,2002-09-03 00:00:00 - 2020-04-24 12:00:00,73,spring,NA,NA,-0.88,5.5,2016,NA,2015-10-01T00:00:00Z,2016-10-01T00:00:00Z,-120.391,39.5951
395951N1203910W003,2157028,2015-10-19T00:00:00Z,4955.08,4953.4,0,3.56,4951.52,3.56,1.88,NA,Electric sounder measurement,Water level accuracy to nearest hundredth of a foot,1,Department of Water Resources,NA,1,Department of Water Resources,420,450,25807,20N14E11P003M,DMW 2d,Surveyed to a benchmark,0.1 ft.,5-012.01,Sierra Valley,Sierra,670,Observation,Part of a nested/multi-completion well,788365,2002-09-03 00:00:00 - 2020-04-24 12:00:00,73,fall,-0.68,8.68,NA,NA,2016,NA,2015-10-01T00:00:00Z,2016-10-01T00:00:00Z,-120.391,39.5951
395951N1203910W003,2119740,2015-03-23T00:00:00Z,4955.08,4953.4,0,3.22,4951.86,3.22,1.54,NA,Electric sounder measurement,Water level accuracy to nearest hundredth of a foot,1,Department of Water Resources,NA,1,Department of Water Resources,420,450,25807,20N14E11P003M,DMW 2d,Surveyed to a benchmark,0.1 ft.,5-012.01,Sierra Valley,Sierra,670,Observation,Part of a nested/multi-completion well,788365,2002-09-03 00:00:00 - 2020-04-24 12:00:00,73,spring,NA,NA,-0.88,5.5,2015,NA,2014-10-01T00:00:00Z,2015-10-01T00:00:00Z,-120.391,39.5951
395951N1203910W003,2020255,2014-10-20T02:00:00Z,4955.08,4953.4,0,3.72,4951.36,3.72,2.04,NA,Electric sounder measurement,Water level accuracy to nearest hundredth of a foot,1,Department of Water Resources,NA,1,Department of Water Resources,420,450,25807,20N14E11P003M,DMW 2d,Surveyed to a benchmark,0.1 ft.,5-012.01,Sierra Valley,Sierra,670,Observation,Part of a nested/multi-completion well,788365,2002-09-03 00:00:00 - 2020-04-24 12:00:00,73,fall,-0.68,8.68,NA,NA,2015,NA,2014-10-01T00:00:00Z,2015-10-01T00:00:00Z,-120.391,39.5951
395951N1203910W003,1880738,2014-03-14T00:00:00Z,4955.08,4953.4,0,3.22,4951.86,3.22,1.54,NA,Electric sounder measurement,Water level accuracy to nearest hundredth of a foot,1,Department of Water Resources,NA,1,Department of Water Resources,420,450,25807,20N14E11P003M,DMW 2d,Surveyed to a benchmark,0.1 ft.,5-012.01,Sierra Valley,Sierra,670,Observation,Part of a nested/multi-completion well,788365,2002-09-03 00:00:00 - 2020-04-24 12:00:00,73,spring,NA,NA,-0.88,5.5,2014,NA,2013-10-01T00:00:00Z,2014-10-01T00:00:00Z,-120.391,39.5951
395951N1203910W003,1797080,2013-10-21T00:00:00Z,4955.08,4953.4,0,3.05,4952.03,3.05,1.37,NA,Electric sounder measurement,Water level accuracy to nearest hundredth of a foot,1,Department of Water Resources,NA,1,Department of Water Resources,420,450,25807,20N14E11P003M,DMW 2d,Surveyed to a benchmark,0.1 ft.,5-012.01,Sierra Valley,Sierra,670,Observation,Part of a nested/multi-completion well,788365,2002-09-03 00:00:00 - 2020-04-24 12:00:00,73,fall,-0.68,8.68,NA,NA,2014,NA,2013-10-01T00:00:00Z,2014-10-01T00:00:00Z,-120.391,39.5951
395951N1203910W003,1684399,2013-03-25T00:00:00Z,4953.42,4953.42,0,5.5,4947.92,5.5,5.5,NA,Electric sounder measurement,Water level accuracy to nearest hundredth of a foot,1,Department of Water Resources,NA,1,Department of Water Resources,420,450,25807,20N14E11P003M,DMW 2d,Surveyed to a benchmark,0.1 ft.,5-012.01,Sierra Valley,Sierra,670,Observation,Part of a nested/multi-completion well,788365,2002-09-03 00:00:00 - 2020-04-24 12:00:00,73,spring,NA,NA,-0.88,5.5,2013,Dry,2012-10-01T00:00:00Z,2013-10-01T00:00:00Z,-120.391,39.5951
395951N1203910W003,69340,2012-10-30T00:00:00Z,4953.42,4953.42,0,2.71,4950.71,2.71,2.71,NA,Electric sounder measurement,Water level accuracy to nearest hundredth of a foot,1,Department of Water Resources,NA,1,Department of Water Resources,420,450,25807,20N14E11P003M,DMW 2d,Surveyed to a benchmark,0.1 ft.,5-012.01,Sierra Valley,Sierra,670,Observation,Part of a nested/multi-completion well,788365,2002-09-03 00:00:00 - 2020-04-24 12:00:00,73,fall,-0.68,8.68,NA,NA,2013,Dry,2012-10-01T00:00:00Z,2013-10-01T00:00:00Z,-120.391,39.5951
395951N1203910W003,59922,2012-04-17T00:00:00Z,4953.42,4953.42,0,1.83,4951.59,1.83,1.83,NA,Electric sounder measurement,Water level accuracy to nearest hundredth of a foot,1,Department of Water Resources,NA,1,Department of Water Resources,420,450,25807,20N14E11P003M,DMW 2d,Surveyed to a benchmark,0.1 ft.,5-012.01,Sierra Valley,Sierra,670,Observation,Part of a nested/multi-completion well,788365,2002-09-03 00:00:00 - 2020-04-24 12:00:00,73,spring,NA,NA,-0.88,5.5,2012,NA,2011-10-01T00:00:00Z,2012-10-01T00:00:00Z,-120.391,39.5951
395951N1203910W003,39770,2011-10-18T00:00:00Z,4953.42,4953.42,0,8.68,4944.74,8.68,8.68,NA,Electric sounder measurement,Water level accuracy to nearest hundredth of a foot,1,Department of Water Resources,NA,1,Department of Water Resources,420,450,25807,20N14E11P003M,DMW 2d,Surveyed to a benchmark,0.1 ft.,5-012.01,Sierra Valley,Sierra,670,Observation,Part of a nested/multi-completion well,788365,2002-09-03 00:00:00 - 2020-04-24 12:00:00,73,fall,-0.68,8.68,NA,NA,2012,NA,2011-10-01T00:00:00Z,2012-10-01T00:00:00Z,-120.391,39.5951
395951N1203910W003,936343,2011-10-18T00:00:00Z,4953.4,4953.4,0,8.68,4944.72,8.68,8.68,NA,Unknown,Water level accuracy is unknown,1,Department of Water Resources,NA,1,Department of Water Resources,420,450,25807,20N14E11P003M,DMW 2d,Surveyed to a benchmark,0.1 ft.,5-012.01,Sierra Valley,Sierra,670,Observation,Part of a nested/multi-completion well,788365,2002-09-03 00:00:00 - 2020-04-24 12:00:00,73,fall,-0.68,8.68,NA,NA,2012,NA,2011-10-01T00:00:00Z,2012-10-01T00:00:00Z,-120.391,39.5951
395951N1203910W003,936342,2011-04-25T00:00:00Z,4953.4,4953.4,0,1.13,4952.27,1.13,1.13,NA,Unknown,Water level accuracy is unknown,1,Department of Water Resources,NA,1,Department of Water Resources,420,450,25807,20N14E11P003M,DMW 2d,Surveyed to a benchmark,0.1 ft.,5-012.01,Sierra Valley,Sierra,670,Observation,Part of a nested/multi-completion well,788365,2002-09-03 00:00:00 - 2020-04-24 12:00:00,73,spring,NA,NA,-0.88,5.5,2011,Wet,2010-10-01T00:00:00Z,2011-10-01T00:00:00Z,-120.391,39.5951
395951N1203910W003,936341,2010-10-25T00:00:00Z,4953.4,4953.4,0,2.02,4951.38,2.02,2.02,NA,Unknown,Water level accuracy is unknown,1,Department of Water Resources,NA,1,Department of Water Resources,420,450,25807,20N14E11P003M,DMW 2d,Surveyed to a benchmark,0.1 ft.,5-012.01,Sierra Valley,Sierra,670,Observation,Part of a nested/multi-completion well,788365,2002-09-03 00:00:00 - 2020-04-24 12:00:00,73,fall,-0.68,8.68,NA,NA,2011,Wet,2010-10-01T00:00:00Z,2011-10-01T00:00:00Z,-120.391,39.5951
395951N1203910W003,936340,2010-04-07T00:00:00Z,4953.4,4953.4,0,2.36,4951.04,2.36,2.36,NA,Unknown,Water level accuracy is unknown,1,Department of Water Resources,NA,1,Department of Water Resources,420,450,25807,20N14E11P003M,DMW 2d,Surveyed to a benchmark,0.1 ft.,5-012.01,Sierra Valley,Sierra,670,Observation,Part of a nested/multi-completion well,788365,2002-09-03 00:00:00 - 2020-04-24 12:00:00,73,spring,NA,NA,-0.88,5.5,2010,NA,2009-10-01T00:00:00Z,2010-10-01T00:00:00Z,-120.391,39.5951
395951N1203910W003,936339,2009-10-28T00:00:00Z,4953.4,4953.4,0,2.5,4950.9,2.5,2.5,NA,Unknown,Water level accuracy is unknown,1,Department of Water Resources,NA,1,Department of Water Resources,420,450,25807,20N14E11P003M,DMW 2d,Surveyed to a benchmark,0.1 ft.,5-012.01,Sierra Valley,Sierra,670,Observation,Part of a nested/multi-completion well,788365,2002-09-03 00:00:00 - 2020-04-24 12:00:00,73,fall,-0.68,8.68,NA,NA,2010,NA,2009-10-01T00:00:00Z,2010-10-01T00:00:00Z,-120.391,39.5951
395951N1203910W003,936338,2009-04-13T00:00:00Z,4953.4,4953.4,0,2.35,4951.05,2.35,2.35,NA,Unknown,Water level accuracy is unknown,1,Department of Water Resources,NA,1,Department of Water Resources,420,450,25807,20N14E11P003M,DMW 2d,Surveyed to a benchmark,0.1 ft.,5-012.01,Sierra Valley,Sierra,670,Observation,Part of a nested/multi-completion well,788365,2002-09-03 00:00:00 - 2020-04-24 12:00:00,73,spring,NA,NA,-0.88,5.5,2009,NA,2008-10-01T00:00:00Z,2009-10-01T00:00:00Z,-120.391,39.5951
395951N1203910W003,936337,2008-10-27T00:00:00Z,4953.4,4953.4,0,2.72,4950.68,2.72,2.72,NA,Unknown,Water level accuracy is unknown,1,Department of Water Resources,NA,388,Sierra Valley Groundwater Management District,420,450,25807,20N14E11P003M,DMW 2d,Surveyed to a benchmark,0.1 ft.,5-012.01,Sierra Valley,Sierra,670,Observation,Part of a nested/multi-completion well,788365,2002-09-03 00:00:00 - 2020-04-24 12:00:00,73,fall,-0.68,8.68,NA,NA,2009,NA,2008-10-01T00:00:00Z,2009-10-01T00:00:00Z,-120.391,39.5951
395951N1203910W003,936336,2008-04-09T00:00:00Z,4953.4,4953.4,0,2.35,4951.05,2.35,2.35,NA,Unknown,Water level accuracy is unknown,1,Department of Water Resources,NA,388,Sierra Valley Groundwater Management District,420,450,25807,20N14E11P003M,DMW 2d,Surveyed to a benchmark,0.1 ft.,5-012.01,Sierra Valley,Sierra,670,Observation,Part of a nested/multi-completion well,788365,2002-09-03 00:00:00 - 2020-04-24 12:00:00,73,spring,NA,NA,-0.88,5.5,2008,NA,2007-10-01T00:00:00Z,2008-10-01T00:00:00Z,-120.391,39.5951
395951N1203910W003,936335,2007-10-25T00:00:00Z,4953.4,4953.4,0,2.4,4951,2.4,2.4,NA,Unknown,Water level accuracy is unknown,1,Department of Water Resources,NA,388,Sierra Valley Groundwater Management District,420,450,25807,20N14E11P003M,DMW 2d,Surveyed to a benchmark,0.1 ft.,5-012.01,Sierra Valley,Sierra,670,Observation,Part of a nested/multi-completion well,788365,2002-09-03 00:00:00 - 2020-04-24 12:00:00,73,fall,-0.68,8.68,NA,NA,2008,NA,2007-10-01T00:00:00Z,2008-10-01T00:00:00Z,-120.391,39.5951
395951N1203910W003,936294,2006-04-06T00:00:00Z,4953.4,4953.4,0,1.3,4952.1,1.3,1.3,NA,Unknown,Water level accuracy is unknown,1,Department of Water Resources,NA,388,Sierra Valley Groundwater Management District,420,450,25807,20N14E11P003M,DMW 2d,Surveyed to a benchmark,0.1 ft.,5-012.01,Sierra Valley,Sierra,670,Observation,Part of a nested/multi-completion well,788365,2002-09-03 00:00:00 - 2020-04-24 12:00:00,73,spring,NA,NA,-0.88,5.5,2006,Wet,2005-10-01T00:00:00Z,2006-10-01T00:00:00Z,-120.391,39.5951
395951N1203910W003,936293,2006-02-03T00:00:00Z,4953.4,4953.4,0,1.9,4951.5,1.9,1.9,NA,Unknown,Water level accuracy is unknown,1,Department of Water Resources,NA,388,Sierra Valley Groundwater Management District,420,450,25807,20N14E11P003M,DMW 2d,Surveyed to a benchmark,0.1 ft.,5-012.01,Sierra Valley,Sierra,670,Observation,Part of a nested/multi-completion well,788365,2002-09-03 00:00:00 - 2020-04-24 12:00:00,73,other,NA,NA,NA,NA,2006,Wet,2005-10-01T00:00:00Z,2006-10-01T00:00:00Z,-120.391,39.5951
395951N1203910W003,936292,2006-01-04T00:00:00Z,4953.4,4953.4,0,2.1,4951.3,2.1,2.1,NA,Unknown,Water level accuracy is unknown,1,Department of Water Resources,NA,388,Sierra Valley Groundwater Management District,420,450,25807,20N14E11P003M,DMW 2d,Surveyed to a benchmark,0.1 ft.,5-012.01,Sierra Valley,Sierra,670,Observation,Part of a nested/multi-completion well,788365,2002-09-03 00:00:00 - 2020-04-24 12:00:00,73,other,NA,NA,NA,NA,2006,Wet,2005-10-01T00:00:00Z,2006-10-01T00:00:00Z,-120.391,39.5951
395951N1203910W003,936291,2005-11-30T00:00:00Z,4953.4,4953.4,0,2.3,4951.1,2.3,2.3,NA,Unknown,Water level accuracy is unknown,1,Department of Water Resources,NA,388,Sierra Valley Groundwater Management District,420,450,25807,20N14E11P003M,DMW 2d,Surveyed to a benchmark,0.1 ft.,5-012.01,Sierra Valley,Sierra,670,Observation,Part of a nested/multi-completion well,788365,2002-09-03 00:00:00 - 2020-04-24 12:00:00,73,fall,-0.68,8.68,NA,NA,2006,Wet,2005-10-01T00:00:00Z,2006-10-01T00:00:00Z,-120.391,39.5951
395951N1203910W003,936332,2005-11-02T00:00:00Z,4953.4,4953.4,0,2.1,4951.3,2.1,2.1,NA,Unknown,Water level accuracy is unknown,1,Department of Water Resources,NA,388,Sierra Valley Groundwater Management District,420,450,25807,20N14E11P003M,DMW 2d,Surveyed to a benchmark,0.1 ft.,5-012.01,Sierra Valley,Sierra,670,Observation,Part of a nested/multi-completion well,788365,2002-09-03 00:00:00 - 2020-04-24 12:00:00,73,fall,-0.68,8.68,NA,NA,2006,Wet,2005-10-01T00:00:00Z,2006-10-01T00:00:00Z,-120.391,39.5951
395951N1203910W003,936331,2005-09-29T00:00:00Z,4953.4,4953.4,0,2.1,4951.3,2.1,2.1,NA,Unknown,Water level accuracy is unknown,1,Department of Water Resources,NA,388,Sierra Valley Groundwater Management District,420,450,25807,20N14E11P003M,DMW 2d,Surveyed to a benchmark,0.1 ft.,5-012.01,Sierra Valley,Sierra,670,Observation,Part of a nested/multi-completion well,788365,2002-09-03 00:00:00 - 2020-04-24 12:00:00,73,fall,-0.68,8.68,NA,NA,2005,NA,2004-10-01T00:00:00Z,2005-10-01T00:00:00Z,-120.391,39.5951
395951N1203910W003,936330,2005-09-02T00:00:00Z,4953.4,4953.4,0,1.7,4951.7,1.7,1.7,NA,Unknown,Water level accuracy is unknown,1,Department of Water Resources,NA,388,Sierra Valley Groundwater Management District,420,450,25807,20N14E11P003M,DMW 2d,Surveyed to a benchmark,0.1 ft.,5-012.01,Sierra Valley,Sierra,670,Observation,Part of a nested/multi-completion well,788365,2002-09-03 00:00:00 - 2020-04-24 12:00:00,73,fall,-0.68,8.68,NA,NA,2005,NA,2004-10-01T00:00:00Z,2005-10-01T00:00:00Z,-120.391,39.5951
395951N1203910W003,936329,2005-07-29T00:00:00Z,4953.4,4953.4,0,1.7,4951.7,1.7,1.7,NA,Unknown,Water level accuracy is unknown,1,Department of Water Resources,NA,388,Sierra Valley Groundwater Management District,420,450,25807,20N14E11P003M,DMW 2d,Surveyed to a benchmark,0.1 ft.,5-012.01,Sierra Valley,Sierra,670,Observation,Part of a nested/multi-completion well,788365,2002-09-03 00:00:00 - 2020-04-24 12:00:00,73,other,NA,NA,NA,NA,2005,NA,2004-10-01T00:00:00Z,2005-10-01T00:00:00Z,-120.391,39.5951
395951N1203910W003,936328,2005-06-29T00:00:00Z,4953.4,4953.4,0,1.5,4951.9,1.5,1.5,NA,Unknown,Water level accuracy is unknown,1,Department of Water Resources,NA,388,Sierra Valley Groundwater Management District,420,450,25807,20N14E11P003M,DMW 2d,Surveyed to a benchmark,0.1 ft.,5-012.01,Sierra Valley,Sierra,670,Observation,Part of a nested/multi-completion well,788365,2002-09-03 00:00:00 - 2020-04-24 12:00:00,73,other,NA,NA,NA,NA,2005,NA,2004-10-01T00:00:00Z,2005-10-01T00:00:00Z,-120.391,39.5951
395951N1203910W003,936327,2005-05-31T00:00:00Z,4953.4,4953.4,0,1.8,4951.6,1.8,1.8,NA,Unknown,Water level accuracy is unknown,1,Department of Water Resources,NA,388,Sierra Valley Groundwater Management District,420,450,25807,20N14E11P003M,DMW 2d,Surveyed to a benchmark,0.1 ft.,5-012.01,Sierra Valley,Sierra,670,Observation,Part of a nested/multi-completion well,788365,2002-09-03 00:00:00 - 2020-04-24 12:00:00,73,spring,NA,NA,-0.88,5.5,2005,NA,2004-10-01T00:00:00Z,2005-10-01T00:00:00Z,-120.391,39.5951
395951N1203910W003,936326,2005-04-28T00:00:00Z,4953.4,4953.4,0,1.8,4951.6,1.8,1.8,NA,Unknown,Water level accuracy is unknown,1,Department of Water Resources,NA,388,Sierra Valley Groundwater Management District,420,450,25807,20N14E11P003M,DMW 2d,Surveyed to a benchmark,0.1 ft.,5-012.01,Sierra Valley,Sierra,670,Observation,Part of a nested/multi-completion well,788365,2002-09-03 00:00:00 - 2020-04-24 12:00:00,73,spring,NA,NA,-0.88,5.5,2005,NA,2004-10-01T00:00:00Z,2005-10-01T00:00:00Z,-120.391,39.5951
395951N1203910W003,936325,2005-04-02T00:00:00Z,4953.4,4953.4,0,2,4951.4,2,2,NA,Unknown,Water level accuracy is unknown,1,Department of Water Resources,NA,388,Sierra Valley Groundwater Management District,420,450,25807,20N14E11P003M,DMW 2d,Surveyed to a benchmark,0.1 ft.,5-012.01,Sierra Valley,Sierra,670,Observation,Part of a nested/multi-completion well,788365,2002-09-03 00:00:00 - 2020-04-24 12:00:00,73,spring,NA,NA,-0.88,5.5,2005,NA,2004-10-01T00:00:00Z,2005-10-01T00:00:00Z,-120.391,39.5951
395951N1203910W003,936324,2005-03-03T00:00:00Z,4953.4,4953.4,0,2,4951.4,2,2,NA,Unknown,Water level accuracy is unknown,1,Department of Water Resources,NA,388,Sierra Valley Groundwater Management District,420,450,25807,20N14E11P003M,DMW 2d,Surveyed to a benchmark,0.1 ft.,5-012.01,Sierra Valley,Sierra,670,Observation,Part of a nested/multi-completion well,788365,2002-09-03 00:00:00 - 2020-04-24 12:00:00,73,spring,NA,NA,-0.88,5.5,2005,NA,2004-10-01T00:00:00Z,2005-10-01T00:00:00Z,-120.391,39.5951
395951N1203910W003,936323,2005-01-31T00:00:00Z,4953.4,4953.4,0,2,4951.4,2,2,NA,Unknown,Water level accuracy is unknown,1,Department of Water Resources,NA,388,Sierra Valley Groundwater Management District,420,450,25807,20N14E11P003M,DMW 2d,Surveyed to a benchmark,0.1 ft.,5-012.01,Sierra Valley,Sierra,670,Observation,Part of a nested/multi-completion well,788365,2002-09-03 00:00:00 - 2020-04-24 12:00:00,73,other,NA,NA,NA,NA,2005,NA,2004-10-01T00:00:00Z,2005-10-01T00:00:00Z,-120.391,39.5951
395951N1203910W003,936322,2004-12-03T00:00:00Z,4953.4,4953.4,0,2.4,4951,2.4,2.4,NA,Unknown,Water level accuracy is unknown,1,Department of Water Resources,NA,388,Sierra Valley Groundwater Management District,420,450,25807,20N14E11P003M,DMW 2d,Surveyed to a benchmark,0.1 ft.,5-012.01,Sierra Valley,Sierra,670,Observation,Part of a nested/multi-completion well,788365,2002-09-03 00:00:00 - 2020-04-24 12:00:00,73,other,NA,NA,NA,NA,2005,NA,2004-10-01T00:00:00Z,2005-10-01T00:00:00Z,-120.391,39.5951
395951N1203910W003,936321,2004-11-02T00:00:00Z,4953.4,4953.4,0,2.4,4951,2.4,2.4,NA,Unknown,Water level accuracy is unknown,1,Department of Water Resources,NA,388,Sierra Valley Groundwater Management District,420,450,25807,20N14E11P003M,DMW 2d,Surveyed to a benchmark,0.1 ft.,5-012.01,Sierra Valley,Sierra,670,Observation,Part of a nested/multi-completion well,788365,2002-09-03 00:00:00 - 2020-04-24 12:00:00,73,fall,-0.68,8.68,NA,NA,2005,NA,2004-10-01T00:00:00Z,2005-10-01T00:00:00Z,-120.391,39.5951
395951N1203910W003,936320,2004-09-30T00:00:00Z,4953.4,4953.4,0,2.2,4951.2,2.2,2.2,NA,Unknown,Water level accuracy is unknown,1,Department of Water Resources,NA,388,Sierra Valley Groundwater Management District,420,450,25807,20N14E11P003M,DMW 2d,Surveyed to a benchmark,0.1 ft.,5-012.01,Sierra Valley,Sierra,670,Observation,Part of a nested/multi-completion well,788365,2002-09-03 00:00:00 - 2020-04-24 12:00:00,73,fall,-0.68,8.68,NA,NA,2004,NA,2003-10-01T00:00:00Z,2004-10-01T00:00:00Z,-120.391,39.5951
395951N1203910W003,936319,2004-08-31T00:00:00Z,4953.4,4953.4,0,2,4951.4,2,2,NA,Unknown,Water level accuracy is unknown,1,Department of Water Resources,NA,388,Sierra Valley Groundwater Management District,420,450,25807,20N14E11P003M,DMW 2d,Surveyed to a benchmark,0.1 ft.,5-012.01,Sierra Valley,Sierra,670,Observation,Part of a nested/multi-completion well,788365,2002-09-03 00:00:00 - 2020-04-24 12:00:00,73,fall,-0.68,8.68,NA,NA,2004,NA,2003-10-01T00:00:00Z,2004-10-01T00:00:00Z,-120.391,39.5951
395951N1203910W003,936318,2004-07-30T00:00:00Z,4953.4,4953.4,0,1.7,4951.7,1.7,1.7,NA,Unknown,Water level accuracy is unknown,1,Department of Water Resources,NA,388,Sierra Valley Groundwater Management District,420,450,25807,20N14E11P003M,DMW 2d,Surveyed to a benchmark,0.1 ft.,5-012.01,Sierra Valley,Sierra,670,Observation,Part of a nested/multi-completion well,788365,2002-09-03 00:00:00 - 2020-04-24 12:00:00,73,other,NA,NA,NA,NA,2004,NA,2003-10-01T00:00:00Z,2004-10-01T00:00:00Z,-120.391,39.5951
395951N1203910W003,936317,2004-06-29T00:00:00Z,4953.4,4953.4,0,1.6,4951.8,1.6,1.6,NA,Unknown,Water level accuracy is unknown,1,Department of Water Resources,NA,388,Sierra Valley Groundwater Management District,420,450,25807,20N14E11P003M,DMW 2d,Surveyed to a benchmark,0.1 ft.,5-012.01,Sierra Valley,Sierra,670,Observation,Part of a nested/multi-completion well,788365,2002-09-03 00:00:00 - 2020-04-24 12:00:00,73,other,NA,NA,NA,NA,2004,NA,2003-10-01T00:00:00Z,2004-10-01T00:00:00Z,-120.391,39.5951
395951N1203910W003,936316,2004-05-31T00:00:00Z,4953.4,4953.4,0,1.5,4951.9,1.5,1.5,NA,Unknown,Water level accuracy is unknown,1,Department of Water Resources,NA,388,Sierra Valley Groundwater Management District,420,450,25807,20N14E11P003M,DMW 2d,Surveyed to a benchmark,0.1 ft.,5-012.01,Sierra Valley,Sierra,670,Observation,Part of a nested/multi-completion well,788365,2002-09-03 00:00:00 - 2020-04-24 12:00:00,73,spring,NA,NA,-0.88,5.5,2004,NA,2003-10-01T00:00:00Z,2004-10-01T00:00:00Z,-120.391,39.5951
395951N1203910W003,936315,2004-04-29T00:00:00Z,4953.4,4953.4,0,1.7,4951.7,1.7,1.7,NA,Unknown,Water level accuracy is unknown,1,Department of Water Resources,NA,388,Sierra Valley Groundwater Management District,420,450,25807,20N14E11P003M,DMW 2d,Surveyed to a benchmark,0.1 ft.,5-012.01,Sierra Valley,Sierra,670,Observation,Part of a nested/multi-completion well,788365,2002-09-03 00:00:00 - 2020-04-24 12:00:00,73,spring,NA,NA,-0.88,5.5,2004,NA,2003-10-01T00:00:00Z,2004-10-01T00:00:00Z,-120.391,39.5951
395951N1203910W003,936314,2004-04-01T00:00:00Z,4953.4,4953.4,0,1.8,4951.6,1.8,1.8,NA,Unknown,Water level accuracy is unknown,1,Department of Water Resources,NA,388,Sierra Valley Groundwater Management District,420,450,25807,20N14E11P003M,DMW 2d,Surveyed to a benchmark,0.1 ft.,5-012.01,Sierra Valley,Sierra,670,Observation,Part of a nested/multi-completion well,788365,2002-09-03 00:00:00 - 2020-04-24 12:00:00,73,spring,NA,NA,-0.88,5.5,2004,NA,2003-10-01T00:00:00Z,2004-10-01T00:00:00Z,-120.391,39.5951
395951N1203910W003,936313,2004-02-29T00:00:00Z,4953.4,4953.4,0,2,4951.4,2,2,NA,Unknown,Water level accuracy is unknown,1,Department of Water Resources,NA,388,Sierra Valley Groundwater Management District,420,450,25807,20N14E11P003M,DMW 2d,Surveyed to a benchmark,0.1 ft.,5-012.01,Sierra Valley,Sierra,670,Observation,Part of a nested/multi-completion well,788365,2002-09-03 00:00:00 - 2020-04-24 12:00:00,73,other,NA,NA,NA,NA,2004,NA,2003-10-01T00:00:00Z,2004-10-01T00:00:00Z,-120.391,39.5951
395951N1203910W003,936312,2004-01-31T00:00:00Z,4953.4,4953.4,0,2,4951.4,2,2,NA,Unknown,Water level accuracy is unknown,1,Department of Water Resources,NA,388,Sierra Valley Groundwater Management District,420,450,25807,20N14E11P003M,DMW 2d,Surveyed to a benchmark,0.1 ft.,5-012.01,Sierra Valley,Sierra,670,Observation,Part of a nested/multi-completion well,788365,2002-09-03 00:00:00 - 2020-04-24 12:00:00,73,other,NA,NA,NA,NA,2004,NA,2003-10-01T00:00:00Z,2004-10-01T00:00:00Z,-120.391,39.5951
395951N1203910W003,936311,2003-12-02T00:00:00Z,4953.4,4953.4,0,2.4,4951,2.4,2.4,NA,Unknown,Water level accuracy is unknown,1,Department of Water Resources,NA,388,Sierra Valley Groundwater Management District,420,450,25807,20N14E11P003M,DMW 2d,Surveyed to a benchmark,0.1 ft.,5-012.01,Sierra Valley,Sierra,670,Observation,Part of a nested/multi-completion well,788365,2002-09-03 00:00:00 - 2020-04-24 12:00:00,73,other,NA,NA,NA,NA,2004,NA,2003-10-01T00:00:00Z,2004-10-01T00:00:00Z,-120.391,39.5951
395951N1203910W003,936310,2003-11-01T00:00:00Z,4953.4,4953.4,0,2.1,4951.3,2.1,2.1,NA,Unknown,Water level accuracy is unknown,1,Department of Water Resources,NA,388,Sierra Valley Groundwater Management District,420,450,25807,20N14E11P003M,DMW 2d,Surveyed to a benchmark,0.1 ft.,5-012.01,Sierra Valley,Sierra,670,Observation,Part of a nested/multi-completion well,788365,2002-09-03 00:00:00 - 2020-04-24 12:00:00,73,fall,-0.68,8.68,NA,NA,2004,NA,2003-10-01T00:00:00Z,2004-10-01T00:00:00Z,-120.391,39.5951
395951N1203910W003,936333,2003-10-30T00:00:00Z,4953.4,4953.4,0,2.3,4951.1,2.3,2.3,NA,Unknown,Water level accuracy is unknown,1,Department of Water Resources,NA,388,Sierra Valley Groundwater Management District,420,450,25807,20N14E11P003M,DMW 2d,Surveyed to a benchmark,0.1 ft.,5-012.01,Sierra Valley,Sierra,670,Observation,Part of a nested/multi-completion well,788365,2002-09-03 00:00:00 - 2020-04-24 12:00:00,73,fall,-0.68,8.68,NA,NA,2004,NA,2003-10-01T00:00:00Z,2004-10-01T00:00:00Z,-120.391,39.5951
395951N1203910W003,936309,2003-10-01T00:00:00Z,4953.4,4953.4,0,1.9,4951.5,1.9,1.9,NA,Unknown,Water level accuracy is unknown,1,Department of Water Resources,NA,388,Sierra Valley Groundwater Management District,420,450,25807,20N14E11P003M,DMW 2d,Surveyed to a benchmark,0.1 ft.,5-012.01,Sierra Valley,Sierra,670,Observation,Part of a nested/multi-completion well,788365,2002-09-03 00:00:00 - 2020-04-24 12:00:00,73,fall,-0.68,8.68,NA,NA,2004,NA,2003-10-01T00:00:00Z,2004-10-01T00:00:00Z,-120.391,39.5951
395951N1203910W003,936308,2003-09-02T00:00:00Z,4953.4,4953.4,0,1.8,4951.6,1.8,1.8,NA,Unknown,Water level accuracy is unknown,1,Department of Water Resources,NA,388,Sierra Valley Groundwater Management District,420,450,25807,20N14E11P003M,DMW 2d,Surveyed to a benchmark,0.1 ft.,5-012.01,Sierra Valley,Sierra,670,Observation,Part of a nested/multi-completion well,788365,2002-09-03 00:00:00 - 2020-04-24 12:00:00,73,fall,-0.68,8.68,NA,NA,2003,NA,2002-10-01T00:00:00Z,2003-10-01T00:00:00Z,-120.391,39.5951
395951N1203910W003,936307,2003-07-30T00:00:00Z,4953.4,4953.4,0,1.8,4951.6,1.8,1.8,NA,Unknown,Water level accuracy is unknown,1,Department of Water Resources,NA,388,Sierra Valley Groundwater Management District,420,450,25807,20N14E11P003M,DMW 2d,Surveyed to a benchmark,0.1 ft.,5-012.01,Sierra Valley,Sierra,670,Observation,Part of a nested/multi-completion well,788365,2002-09-03 00:00:00 - 2020-04-24 12:00:00,73,other,NA,NA,NA,NA,2003,NA,2002-10-01T00:00:00Z,2003-10-01T00:00:00Z,-120.391,39.5951
395951N1203910W003,936306,2003-07-02T00:00:00Z,4953.4,4953.4,0,1.8,4951.6,1.8,1.8,NA,Unknown,Water level accuracy is unknown,1,Department of Water Resources,NA,388,Sierra Valley Groundwater Management District,420,450,25807,20N14E11P003M,DMW 2d,Surveyed to a benchmark,0.1 ft.,5-012.01,Sierra Valley,Sierra,670,Observation,Part of a nested/multi-completion well,788365,2002-09-03 00:00:00 - 2020-04-24 12:00:00,73,other,NA,NA,NA,NA,2003,NA,2002-10-01T00:00:00Z,2003-10-01T00:00:00Z,-120.391,39.5951
395951N1203910W003,936305,2003-06-30T00:00:00Z,4953.4,4953.4,0,1.8,4951.6,1.8,1.8,NA,Unknown,Water level accuracy is unknown,1,Department of Water Resources,NA,388,Sierra Valley Groundwater Management District,420,450,25807,20N14E11P003M,DMW 2d,Surveyed to a benchmark,0.1 ft.,5-012.01,Sierra Valley,Sierra,670,Observation,Part of a nested/multi-completion well,788365,2002-09-03 00:00:00 - 2020-04-24 12:00:00,73,other,NA,NA,NA,NA,2003,NA,2002-10-01T00:00:00Z,2003-10-01T00:00:00Z,-120.391,39.5951
395951N1203910W003,936304,2003-06-03T00:00:00Z,4953.4,4953.4,0,1.8,4951.6,1.8,1.8,NA,Unknown,Water level accuracy is unknown,1,Department of Water Resources,NA,388,Sierra Valley Groundwater Management District,420,450,25807,20N14E11P003M,DMW 2d,Surveyed to a benchmark,0.1 ft.,5-012.01,Sierra Valley,Sierra,670,Observation,Part of a nested/multi-completion well,788365,2002-09-03 00:00:00 - 2020-04-24 12:00:00,73,other,NA,NA,NA,NA,2003,NA,2002-10-01T00:00:00Z,2003-10-01T00:00:00Z,-120.391,39.5951
395951N1203910W003,936303,2003-04-30T00:00:00Z,4953.4,4953.4,0,1.87,4951.53,1.87,1.87,NA,Unknown,Water level accuracy is unknown,1,Department of Water Resources,NA,388,Sierra Valley Groundwater Management District,420,450,25807,20N14E11P003M,DMW 2d,Surveyed to a benchmark,0.1 ft.,5-012.01,Sierra Valley,Sierra,670,Observation,Part of a nested/multi-completion well,788365,2002-09-03 00:00:00 - 2020-04-24 12:00:00,73,spring,NA,NA,-0.88,5.5,2003,NA,2002-10-01T00:00:00Z,2003-10-01T00:00:00Z,-120.391,39.5951
395951N1203910W003,936302,2003-03-31T00:00:00Z,4953.4,4953.4,0,2.14,4951.26,2.14,2.14,NA,Unknown,Water level accuracy is unknown,1,Department of Water Resources,NA,388,Sierra Valley Groundwater Management District,420,450,25807,20N14E11P003M,DMW 2d,Surveyed to a benchmark,0.1 ft.,5-012.01,Sierra Valley,Sierra,670,Observation,Part of a nested/multi-completion well,788365,2002-09-03 00:00:00 - 2020-04-24 12:00:00,73,spring,NA,NA,-0.88,5.5,2003,NA,2002-10-01T00:00:00Z,2003-10-01T00:00:00Z,-120.391,39.5951
395951N1203910W003,936334,2003-03-27T00:00:00Z,4953.4,4953.4,0,1.7,4951.7,1.7,1.7,NA,Unknown,Water level accuracy is unknown,1,Department of Water Resources,NA,388,Sierra Valley Groundwater Management District,420,450,25807,20N14E11P003M,DMW 2d,Surveyed to a benchmark,0.1 ft.,5-012.01,Sierra Valley,Sierra,670,Observation,Part of a nested/multi-completion well,788365,2002-09-03 00:00:00 - 2020-04-24 12:00:00,73,spring,NA,NA,-0.88,5.5,2003,NA,2002-10-01T00:00:00Z,2003-10-01T00:00:00Z,-120.391,39.5951
395951N1203910W003,936301,2003-03-01T00:00:00Z,4953.4,4953.4,0,2.31,4951.09,2.31,2.31,NA,Unknown,Water level accuracy is unknown,1,Department of Water Resources,NA,388,Sierra Valley Groundwater Management District,420,450,25807,20N14E11P003M,DMW 2d,Surveyed to a benchmark,0.1 ft.,5-012.01,Sierra Valley,Sierra,670,Observation,Part of a nested/multi-completion well,788365,2002-09-03 00:00:00 - 2020-04-24 12:00:00,73,spring,NA,NA,-0.88,5.5,2003,NA,2002-10-01T00:00:00Z,2003-10-01T00:00:00Z,-120.391,39.5951
395951N1203910W003,936300,2003-01-30T00:00:00Z,4953.4,4953.4,0,2.57,4950.83,2.57,2.57,NA,Unknown,Water level accuracy is unknown,1,Department of Water Resources,NA,388,Sierra Valley Groundwater Management District,420,450,25807,20N14E11P003M,DMW 2d,Surveyed to a benchmark,0.1 ft.,5-012.01,Sierra Valley,Sierra,670,Observation,Part of a nested/multi-completion well,788365,2002-09-03 00:00:00 - 2020-04-24 12:00:00,73,other,NA,NA,NA,NA,2003,NA,2002-10-01T00:00:00Z,2003-10-01T00:00:00Z,-120.391,39.5951
395951N1203910W003,936299,2002-12-30T00:00:00Z,4953.4,4953.4,0,2.66,4950.74,2.66,2.66,NA,Unknown,Water level accuracy is unknown,1,Department of Water Resources,NA,388,Sierra Valley Groundwater Management District,420,450,25807,20N14E11P003M,DMW 2d,Surveyed to a benchmark,0.1 ft.,5-012.01,Sierra Valley,Sierra,670,Observation,Part of a nested/multi-completion well,788365,2002-09-03 00:00:00 - 2020-04-24 12:00:00,73,other,NA,NA,NA,NA,2003,NA,2002-10-01T00:00:00Z,2003-10-01T00:00:00Z,-120.391,39.5951
395951N1203910W003,936298,2002-12-03T00:00:00Z,4953.4,4953.4,0,2.86,4950.54,2.86,2.86,NA,Unknown,Water level accuracy is unknown,1,Department of Water Resources,NA,388,Sierra Valley Groundwater Management District,420,450,25807,20N14E11P003M,DMW 2d,Surveyed to a benchmark,0.1 ft.,5-012.01,Sierra Valley,Sierra,670,Observation,Part of a nested/multi-completion well,788365,2002-09-03 00:00:00 - 2020-04-24 12:00:00,73,other,NA,NA,NA,NA,2003,NA,2002-10-01T00:00:00Z,2003-10-01T00:00:00Z,-120.391,39.5951
395951N1203910W003,936297,2002-11-01T00:00:00Z,4953.4,4953.4,0,3.04,4950.36,3.04,3.04,NA,Unknown,Water level accuracy is unknown,1,Department of Water Resources,NA,388,Sierra Valley Groundwater Management District,420,450,25807,20N14E11P003M,DMW 2d,Surveyed to a benchmark,0.1 ft.,5-012.01,Sierra Valley,Sierra,670,Observation,Part of a nested/multi-completion well,788365,2002-09-03 00:00:00 - 2020-04-24 12:00:00,73,fall,-0.68,8.68,NA,NA,2003,NA,2002-10-01T00:00:00Z,2003-10-01T00:00:00Z,-120.391,39.5951
395951N1203910W003,936296,2002-10-03T00:00:00Z,4953.4,4953.4,0,2.83,4950.57,2.83,2.83,NA,Unknown,Water level accuracy is unknown,1,Department of Water Resources,NA,388,Sierra Valley Groundwater Management District,420,450,25807,20N14E11P003M,DMW 2d,Surveyed to a benchmark,0.1 ft.,5-012.01,Sierra Valley,Sierra,670,Observation,Part of a nested/multi-completion well,788365,2002-09-03 00:00:00 - 2020-04-24 12:00:00,73,fall,-0.68,8.68,NA,NA,2003,NA,2002-10-01T00:00:00Z,2003-10-01T00:00:00Z,-120.391,39.5951
395951N1203910W003,936295,2002-09-03T00:00:00Z,4953.4,4953.4,0,2.56,4950.84,2.56,2.56,NA,Unknown,Water level accuracy is unknown,1,Department of Water Resources,NA,388,Sierra Valley Groundwater Management District,420,450,25807,20N14E11P003M,DMW 2d,Surveyed to a benchmark,0.1 ft.,5-012.01,Sierra Valley,Sierra,670,Observation,Part of a nested/multi-completion well,788365,2002-09-03 00:00:00 - 2020-04-24 12:00:00,73,fall,-0.68,8.68,NA,NA,2002,NA,2001-10-01T00:00:00Z,2002-10-01T00:00:00Z,-120.391,39.5951
