SITE_CODE,WLM_ID,MSMT_DATE,WLM_RPE,WLM_GSE,RDNG_WS,RDNG_RP,WSE,RPE_WSE,GSE_WSE,WLM_QA_DESC,WLM_DESC,WLM_ACC_DESC,WLM_ORG_ID,WLM_ORG_NAME,MSMT_CMT,COOP_AGENCY_ORG_ID,COOP_ORG_NAME,TOP_PRF,BOT_PRF,STN_ID,SWN,WELL_NAME,WLM_METHOD,WLM_ACC,BASIN_CODE,BASIN_NAME,COUNTY_NAME,WELL_DEPTH,WELL_USE,WELL_TYPE,WCR_NO,t_range,n_samples,season,fall_high,fall_low,spring_high,spring_low,water_year,water_year_type,water_year_start,water_year_end,X,Y
396236N1203595W001,973028,2006-10-18T00:00:00Z,4923.61,4923.61,0,3,4920.61,3,3,NA,Unknown,Water level accuracy is unknown,1,Department of Water Resources,NA,1,Department of Water Resources,NA,NA,39195,21N14E36Q002M,NA,Unknown,Unknown,5-012.01,Sierra Valley,Sierra,242,Irrigation,Unknown,72917,1981-04-21 - 2009-04-13,62,fall,1.8,6,NA,NA,2007,Dry,2006-10-01T00:00:00Z,2007-10-01T00:00:00Z,-120.36,39.6236
396236N1203595W001,973027,2006-04-18T00:00:00Z,4923.61,4923.61,0,1.1,4922.51,1.1,1.1,NA,Unknown,Water level accuracy is unknown,1,Department of Water Resources,NA,1,Department of Water Resources,NA,NA,39195,21N14E36Q002M,NA,Unknown,Unknown,5-012.01,Sierra Valley,Sierra,242,Irrigation,Unknown,72917,1981-04-21 - 2009-04-13,62,spring,NA,NA,0.6,3,2006,Wet,2005-10-01T00:00:00Z,2006-10-01T00:00:00Z,-120.36,39.6236
396236N1203595W001,973024,2004-10-15T00:00:00Z,4923.61,4923.61,0,4.2,4919.41,4.2,4.2,NA,Unknown,Water level accuracy is unknown,1,Department of Water Resources,NA,1,Department of Water Resources,NA,NA,39195,21N14E36Q002M,NA,Unknown,Unknown,5-012.01,Sierra Valley,Sierra,242,Irrigation,Unknown,72917,1981-04-21 - 2009-04-13,62,fall,1.8,6,NA,NA,2005,NA,2004-10-01T00:00:00Z,2005-10-01T00:00:00Z,-120.36,39.6236
396236N1203595W001,973023,2004-04-07T00:00:00Z,4923.61,4923.61,0,2.7,4920.91,2.7,2.7,NA,Unknown,Water level accuracy is unknown,1,Department of Water Resources,NA,1,Department of Water Resources,NA,NA,39195,21N14E36Q002M,NA,Unknown,Unknown,5-012.01,Sierra Valley,Sierra,242,Irrigation,Unknown,72917,1981-04-21 - 2009-04-13,62,spring,NA,NA,0.6,3,2004,NA,2003-10-01T00:00:00Z,2004-10-01T00:00:00Z,-120.36,39.6236
396236N1203595W001,973021,2003-03-27T00:00:00Z,4923.61,4923.61,0,2.3,4921.31,2.3,2.3,NA,Unknown,Water level accuracy is unknown,1,Department of Water Resources,NA,1,Department of Water Resources,NA,NA,39195,21N14E36Q002M,NA,Unknown,Unknown,5-012.01,Sierra Valley,Sierra,242,Irrigation,Unknown,72917,1981-04-21 - 2009-04-13,62,spring,NA,NA,0.6,3,2003,NA,2002-10-01T00:00:00Z,2003-10-01T00:00:00Z,-120.36,39.6236
396236N1203595W001,973020,2002-10-23T00:00:00Z,4923.61,4923.61,0,3.7,4919.91,3.7,3.7,NA,Unknown,Water level accuracy is unknown,1,Department of Water Resources,NA,1,Department of Water Resources,NA,NA,39195,21N14E36Q002M,NA,Unknown,Unknown,5-012.01,Sierra Valley,Sierra,242,Irrigation,Unknown,72917,1981-04-21 - 2009-04-13,62,fall,1.8,6,NA,NA,2003,NA,2002-10-01T00:00:00Z,2003-10-01T00:00:00Z,-120.36,39.6236
396236N1203595W001,973019,2002-03-26T00:00:00Z,4923.61,4923.61,0,3,4920.61,3,3,NA,Unknown,Water level accuracy is unknown,1,Department of Water Resources,NA,1,Department of Water Resources,NA,NA,39195,21N14E36Q002M,NA,Unknown,Unknown,5-012.01,Sierra Valley,Sierra,242,Irrigation,Unknown,72917,1981-04-21 - 2009-04-13,62,spring,NA,NA,0.6,3,2002,NA,2001-10-01T00:00:00Z,2002-10-01T00:00:00Z,-120.36,39.6236
396236N1203595W001,973018,2001-10-18T00:00:00Z,4923.61,4923.61,0,3.5,4920.11,3.5,3.5,NA,Unknown,Water level accuracy is unknown,1,Department of Water Resources,NA,1,Department of Water Resources,NA,NA,39195,21N14E36Q002M,NA,Unknown,Unknown,5-012.01,Sierra Valley,Sierra,242,Irrigation,Unknown,72917,1981-04-21 - 2009-04-13,62,fall,1.8,6,NA,NA,2002,NA,2001-10-01T00:00:00Z,2002-10-01T00:00:00Z,-120.36,39.6236
396236N1203595W001,973017,2001-03-27T00:00:00Z,4923.61,4923.61,0,2.6,4921.01,2.6,2.6,NA,Unknown,Water level accuracy is unknown,1,Department of Water Resources,NA,1,Department of Water Resources,NA,NA,39195,21N14E36Q002M,NA,Unknown,Unknown,5-012.01,Sierra Valley,Sierra,242,Irrigation,Unknown,72917,1981-04-21 - 2009-04-13,62,spring,NA,NA,0.6,3,2001,Dry,2000-10-01T00:00:00Z,2001-10-01T00:00:00Z,-120.36,39.6236
396236N1203595W001,973016,2000-10-19T00:00:00Z,4923.61,4923.61,0,2.5,4921.11,2.5,2.5,NA,Unknown,Water level accuracy is unknown,1,Department of Water Resources,NA,1,Department of Water Resources,NA,NA,39195,21N14E36Q002M,NA,Unknown,Unknown,5-012.01,Sierra Valley,Sierra,242,Irrigation,Unknown,72917,1981-04-21 - 2009-04-13,62,fall,1.8,6,NA,NA,2001,Dry,2000-10-01T00:00:00Z,2001-10-01T00:00:00Z,-120.36,39.6236
396236N1203595W001,973015,2000-03-26T00:00:00Z,4923.61,4923.61,0,1.6,4922.01,1.6,1.6,NA,Unknown,Water level accuracy is unknown,1,Department of Water Resources,NA,1,Department of Water Resources,NA,NA,39195,21N14E36Q002M,NA,Unknown,Unknown,5-012.01,Sierra Valley,Sierra,242,Irrigation,Unknown,72917,1981-04-21 - 2009-04-13,62,spring,NA,NA,0.6,3,2000,NA,1999-10-01T00:00:00Z,2000-10-01T00:00:00Z,-120.36,39.6236
396236N1203595W001,973013,1999-10-12T00:00:00Z,4923.61,4923.61,0,2.7,4920.91,2.7,2.7,NA,Unknown,Water level accuracy is unknown,1,Department of Water Resources,NA,1,Department of Water Resources,NA,NA,39195,21N14E36Q002M,NA,Unknown,Unknown,5-012.01,Sierra Valley,Sierra,242,Irrigation,Unknown,72917,1981-04-21 - 2009-04-13,62,fall,1.8,6,NA,NA,2000,NA,1999-10-01T00:00:00Z,2000-10-01T00:00:00Z,-120.36,39.6236
396236N1203595W001,973014,1999-04-15T00:00:00Z,4923.61,4923.61,0,1.2,4922.41,1.2,1.2,NA,Unknown,Water level accuracy is unknown,1,Department of Water Resources,NA,1,Department of Water Resources,NA,NA,39195,21N14E36Q002M,NA,Unknown,Unknown,5-012.01,Sierra Valley,Sierra,242,Irrigation,Unknown,72917,1981-04-21 - 2009-04-13,62,spring,NA,NA,0.6,3,1999,NA,1998-10-01T00:00:00Z,1999-10-01T00:00:00Z,-120.36,39.6236
396236N1203595W001,973011,1998-10-13T00:00:00Z,4923.61,4923.61,0,2.5,4921.11,2.5,2.5,NA,Unknown,Water level accuracy is unknown,1,Department of Water Resources,NA,1,Department of Water Resources,NA,NA,39195,21N14E36Q002M,NA,Unknown,Unknown,5-012.01,Sierra Valley,Sierra,242,Irrigation,Unknown,72917,1981-04-21 - 2009-04-13,62,fall,1.8,6,NA,NA,1999,NA,1998-10-01T00:00:00Z,1999-10-01T00:00:00Z,-120.36,39.6236
396236N1203595W001,973012,1998-05-15T00:00:00Z,4923.61,4923.61,0,1.4,4922.21,1.4,1.4,NA,Unknown,Water level accuracy is unknown,1,Department of Water Resources,NA,1,Department of Water Resources,NA,NA,39195,21N14E36Q002M,NA,Unknown,Unknown,5-012.01,Sierra Valley,Sierra,242,Irrigation,Unknown,72917,1981-04-21 - 2009-04-13,62,spring,NA,NA,0.6,3,1998,NA,1997-10-01T00:00:00Z,1998-10-01T00:00:00Z,-120.36,39.6236
396236N1203595W001,973010,1997-10-18T00:00:00Z,4923.61,4923.61,0,2.6,4921.01,2.6,2.6,NA,Unknown,Water level accuracy is unknown,1,Department of Water Resources,NA,1,Department of Water Resources,NA,NA,39195,21N14E36Q002M,NA,Unknown,Unknown,5-012.01,Sierra Valley,Sierra,242,Irrigation,Unknown,72917,1981-04-21 - 2009-04-13,62,fall,1.8,6,NA,NA,1998,NA,1997-10-01T00:00:00Z,1998-10-01T00:00:00Z,-120.36,39.6236
396236N1203595W001,973009,1997-04-05T00:00:00Z,4923.61,4923.61,0,1,4922.61,1,1,NA,Unknown,Water level accuracy is unknown,1,Department of Water Resources,NA,1,Department of Water Resources,NA,NA,39195,21N14E36Q002M,NA,Unknown,Unknown,5-012.01,Sierra Valley,Sierra,242,Irrigation,Unknown,72917,1981-04-21 - 2009-04-13,62,spring,NA,NA,0.6,3,1997,NA,1996-10-01T00:00:00Z,1997-10-01T00:00:00Z,-120.36,39.6236
396236N1203595W001,972972,1996-10-31T00:00:00Z,4923.61,4923.61,0,2.4,4921.21,2.4,2.4,NA,Unknown,Water level accuracy is unknown,1,Department of Water Resources,NA,1,Department of Water Resources,NA,NA,39195,21N14E36Q002M,NA,Unknown,Unknown,5-012.01,Sierra Valley,Sierra,242,Irrigation,Unknown,72917,1981-04-21 - 2009-04-13,62,fall,1.8,6,NA,NA,1997,NA,1996-10-01T00:00:00Z,1997-10-01T00:00:00Z,-120.36,39.6236
396236N1203595W001,973008,1996-05-07T00:00:00Z,4923.61,4923.61,0,1.3,4922.31,1.3,1.3,NA,Unknown,Water level accuracy is unknown,1,Department of Water Resources,NA,1,Department of Water Resources,NA,NA,39195,21N14E36Q002M,NA,Unknown,Unknown,5-012.01,Sierra Valley,Sierra,242,Irrigation,Unknown,72917,1981-04-21 - 2009-04-13,62,spring,NA,NA,0.6,3,1996,NA,1995-10-01T00:00:00Z,1996-10-01T00:00:00Z,-120.36,39.6236
396236N1203595W001,973007,1995-10-26T00:00:00Z,4923.61,4923.61,0,2.5,4921.11,2.5,2.5,NA,Unknown,Water level accuracy is unknown,1,Department of Water Resources,NA,1,Department of Water Resources,NA,NA,39195,21N14E36Q002M,NA,Unknown,Unknown,5-012.01,Sierra Valley,Sierra,242,Irrigation,Unknown,72917,1981-04-21 - 2009-04-13,62,fall,1.8,6,NA,NA,1996,NA,1995-10-01T00:00:00Z,1996-10-01T00:00:00Z,-120.36,39.6236
396236N1203595W001,973006,1995-06-02T00:00:00Z,4923.61,4923.61,0,1.3,4922.31,1.3,1.3,NA,Unknown,Water level accuracy is unknown,1,Department of Water Resources,NA,1,Department of Water Resources,NA,NA,39195,21N14E36Q002M,NA,Unknown,Unknown,5-012.01,Sierra Valley,Sierra,242,Irrigation,Unknown,72917,1981-04-21 - 2009-04-13,62,other,NA,NA,NA,NA,1995,Wet,1994-10-01T00:00:00Z,1995-10-01T00:00:00Z,-120.36,39.6236
396236N1203595W001,973005,1994-10-29T00:00:00Z,4923.61,4923.61,0,3.2,4920.41,3.2,3.2,NA,Unknown,Water level accuracy is unknown,1,Department of Water Resources,NA,1,Department of Water Resources,NA,NA,39195,21N14E36Q002M,NA,Unknown,Unknown,5-012.01,Sierra Valley,Sierra,242,Irrigation,Unknown,72917,1981-04-21 - 2009-04-13,62,fall,1.8,6,NA,NA,1995,Wet,1994-10-01T00:00:00Z,1995-10-01T00:00:00Z,-120.36,39.6236
396236N1203595W001,973004,1994-03-28T00:00:00Z,4923.61,4923.61,0,2.5,4921.11,2.5,2.5,NA,Unknown,Water level accuracy is unknown,1,Department of Water Resources,NA,1,Department of Water Resources,NA,NA,39195,21N14E36Q002M,NA,Unknown,Unknown,5-012.01,Sierra Valley,Sierra,242,Irrigation,Unknown,72917,1981-04-21 - 2009-04-13,62,spring,NA,NA,0.6,3,1994,Dry,1993-10-01T00:00:00Z,1994-10-01T00:00:00Z,-120.36,39.6236
396236N1203595W001,973003,1993-10-19T00:00:00Z,4923.61,4923.61,0,2.9,4920.71,2.9,2.9,NA,Unknown,Water level accuracy is unknown,1,Department of Water Resources,NA,1,Department of Water Resources,NA,NA,39195,21N14E36Q002M,NA,Unknown,Unknown,5-012.01,Sierra Valley,Sierra,242,Irrigation,Unknown,72917,1981-04-21 - 2009-04-13,62,fall,1.8,6,NA,NA,1994,Dry,1993-10-01T00:00:00Z,1994-10-01T00:00:00Z,-120.36,39.6236
396236N1203595W001,973002,1993-04-19T00:00:00Z,4923.61,4923.61,0,1.6,4922.01,1.6,1.6,NA,Unknown,Water level accuracy is unknown,1,Department of Water Resources,NA,1,Department of Water Resources,NA,NA,39195,21N14E36Q002M,NA,Unknown,Unknown,5-012.01,Sierra Valley,Sierra,242,Irrigation,Unknown,72917,1981-04-21 - 2009-04-13,62,spring,NA,NA,0.6,3,1993,NA,1992-10-01T00:00:00Z,1993-10-01T00:00:00Z,-120.36,39.6236
396236N1203595W001,973001,1992-10-19T00:00:00Z,4923.61,4923.61,0,3.4,4920.21,3.4,3.4,NA,Unknown,Water level accuracy is unknown,1,Department of Water Resources,NA,1,Department of Water Resources,NA,NA,39195,21N14E36Q002M,NA,Unknown,Unknown,5-012.01,Sierra Valley,Sierra,242,Irrigation,Unknown,72917,1981-04-21 - 2009-04-13,62,fall,1.8,6,NA,NA,1993,NA,1992-10-01T00:00:00Z,1993-10-01T00:00:00Z,-120.36,39.6236
396236N1203595W001,973000,1992-03-23T00:00:00Z,4923.61,4923.61,0,2.6,4921.01,2.6,2.6,NA,Unknown,Water level accuracy is unknown,1,Department of Water Resources,NA,1,Department of Water Resources,NA,NA,39195,21N14E36Q002M,NA,Unknown,Unknown,5-012.01,Sierra Valley,Sierra,242,Irrigation,Unknown,72917,1981-04-21 - 2009-04-13,62,spring,NA,NA,0.6,3,1992,NA,1991-10-01T00:00:00Z,1992-10-01T00:00:00Z,-120.36,39.6236
396236N1203595W001,972999,1991-10-24T00:00:00Z,4923.61,4923.61,0,2.9,4920.71,2.9,2.9,NA,Unknown,Water level accuracy is unknown,1,Department of Water Resources,NA,1,Department of Water Resources,NA,NA,39195,21N14E36Q002M,NA,Unknown,Unknown,5-012.01,Sierra Valley,Sierra,242,Irrigation,Unknown,72917,1981-04-21 - 2009-04-13,62,fall,1.8,6,NA,NA,1992,NA,1991-10-01T00:00:00Z,1992-10-01T00:00:00Z,-120.36,39.6236
396236N1203595W001,972998,1991-04-23T00:00:00Z,4923.61,4923.61,0,2.2,4921.41,2.2,2.2,NA,Unknown,Water level accuracy is unknown,1,Department of Water Resources,NA,388,Sierra Valley Groundwater Management District,NA,NA,39195,21N14E36Q002M,NA,Unknown,Unknown,5-012.01,Sierra Valley,Sierra,242,Irrigation,Unknown,72917,1981-04-21 - 2009-04-13,62,spring,NA,NA,0.6,3,1991,NA,1990-10-01T00:00:00Z,1991-10-01T00:00:00Z,-120.36,39.6236
396236N1203595W001,972997,1991-02-26T00:00:00Z,4923.61,4923.61,0,2.7,4920.91,2.7,2.7,NA,Unknown,Water level accuracy is unknown,1,Department of Water Resources,NA,1,Department of Water Resources,NA,NA,39195,21N14E36Q002M,NA,Unknown,Unknown,5-012.01,Sierra Valley,Sierra,242,Irrigation,Unknown,72917,1981-04-21 - 2009-04-13,62,other,NA,NA,NA,NA,1991,NA,1990-10-01T00:00:00Z,1991-10-01T00:00:00Z,-120.36,39.6236
396236N1203595W001,972996,1990-10-22T00:00:00Z,4923.61,4923.61,0,2.9,4920.71,2.9,2.9,NA,Unknown,Water level accuracy is unknown,1,Department of Water Resources,NA,1,Department of Water Resources,NA,NA,39195,21N14E36Q002M,NA,Unknown,Unknown,5-012.01,Sierra Valley,Sierra,242,Irrigation,Unknown,72917,1981-04-21 - 2009-04-13,62,fall,1.8,6,NA,NA,1991,NA,1990-10-01T00:00:00Z,1991-10-01T00:00:00Z,-120.36,39.6236
396236N1203595W001,972995,1990-04-09T00:00:00Z,4923.61,4923.61,0,1.9,4921.71,1.9,1.9,NA,Unknown,Water level accuracy is unknown,1,Department of Water Resources,NA,1,Department of Water Resources,NA,NA,39195,21N14E36Q002M,NA,Unknown,Unknown,5-012.01,Sierra Valley,Sierra,242,Irrigation,Unknown,72917,1981-04-21 - 2009-04-13,62,spring,NA,NA,0.6,3,1990,NA,1989-10-01T00:00:00Z,1990-10-01T00:00:00Z,-120.36,39.6236
396236N1203595W001,972994,1989-09-25T00:00:00Z,4923.61,4923.61,0,2.6,4921.01,2.6,2.6,NA,Unknown,Water level accuracy is unknown,1,Department of Water Resources,NA,1,Department of Water Resources,NA,NA,39195,21N14E36Q002M,NA,Unknown,Unknown,5-012.01,Sierra Valley,Sierra,242,Irrigation,Unknown,72917,1981-04-21 - 2009-04-13,62,fall,1.8,6,NA,NA,1989,NA,1988-10-01T00:00:00Z,1989-10-01T00:00:00Z,-120.36,39.6236
396236N1203595W001,972993,1989-04-04T00:00:00Z,4923.61,4923.61,0,1.8,4921.81,1.8,1.8,NA,Unknown,Water level accuracy is unknown,1,Department of Water Resources,NA,1,Department of Water Resources,NA,NA,39195,21N14E36Q002M,NA,Unknown,Unknown,5-012.01,Sierra Valley,Sierra,242,Irrigation,Unknown,72917,1981-04-21 - 2009-04-13,62,spring,NA,NA,0.6,3,1989,NA,1988-10-01T00:00:00Z,1989-10-01T00:00:00Z,-120.36,39.6236
396236N1203595W001,972992,1988-10-26T00:00:00Z,4923.61,4923.61,0,3.3,4920.31,3.3,3.3,NA,Unknown,Water level accuracy is unknown,1,Department of Water Resources,NA,1,Department of Water Resources,NA,NA,39195,21N14E36Q002M,NA,Unknown,Unknown,5-012.01,Sierra Valley,Sierra,242,Irrigation,Unknown,72917,1981-04-21 - 2009-04-13,62,fall,1.8,6,NA,NA,1989,NA,1988-10-01T00:00:00Z,1989-10-01T00:00:00Z,-120.36,39.6236
396236N1203595W001,972991,1988-03-23T00:00:00Z,4923.61,4923.61,0,2.3,4921.31,2.3,2.3,NA,Unknown,Water level accuracy is unknown,1,Department of Water Resources,NA,1,Department of Water Resources,NA,NA,39195,21N14E36Q002M,NA,Unknown,Unknown,5-012.01,Sierra Valley,Sierra,242,Irrigation,Unknown,72917,1981-04-21 - 2009-04-13,62,spring,NA,NA,0.6,3,1988,NA,1987-10-01T00:00:00Z,1988-10-01T00:00:00Z,-120.36,39.6236
396236N1203595W001,972990,1987-10-20T00:00:00Z,4923.61,4923.61,0,5,4918.61,5,5,NA,Unknown,Water level accuracy is unknown,1,Department of Water Resources,NA,1,Department of Water Resources,NA,NA,39195,21N14E36Q002M,NA,Unknown,Unknown,5-012.01,Sierra Valley,Sierra,242,Irrigation,Unknown,72917,1981-04-21 - 2009-04-13,62,fall,1.8,6,NA,NA,1988,NA,1987-10-01T00:00:00Z,1988-10-01T00:00:00Z,-120.36,39.6236
396236N1203595W001,972989,1987-04-07T00:00:00Z,4923.61,4923.61,0,2.1,4921.51,2.1,2.1,NA,Unknown,Water level accuracy is unknown,1,Department of Water Resources,NA,1,Department of Water Resources,NA,NA,39195,21N14E36Q002M,NA,Unknown,Unknown,5-012.01,Sierra Valley,Sierra,242,Irrigation,Unknown,72917,1981-04-21 - 2009-04-13,62,spring,NA,NA,0.6,3,1987,Dry,1986-10-01T00:00:00Z,1987-10-01T00:00:00Z,-120.36,39.6236
396236N1203595W001,972988,1986-10-02T00:00:00Z,4923.61,4923.61,0,2,4921.61,2,2,NA,Unknown,Water level accuracy is unknown,1,Department of Water Resources,NA,1,Department of Water Resources,NA,NA,39195,21N14E36Q002M,NA,Unknown,Unknown,5-012.01,Sierra Valley,Sierra,242,Irrigation,Unknown,72917,1981-04-21 - 2009-04-13,62,fall,1.8,6,NA,NA,1987,Dry,1986-10-01T00:00:00Z,1987-10-01T00:00:00Z,-120.36,39.6236
396236N1203595W001,972987,1986-04-18T00:00:00Z,4923.61,4923.61,0,0.9,4922.71,0.9,0.9,NA,Unknown,Water level accuracy is unknown,1,Department of Water Resources,NA,1,Department of Water Resources,NA,NA,39195,21N14E36Q002M,NA,Unknown,Unknown,5-012.01,Sierra Valley,Sierra,242,Irrigation,Unknown,72917,1981-04-21 - 2009-04-13,62,spring,NA,NA,0.6,3,1986,Wet,1985-10-01T00:00:00Z,1986-10-01T00:00:00Z,-120.36,39.6236
396236N1203595W001,972986,1985-10-05T00:00:00Z,4923.61,4923.61,0,2.5,4921.11,2.5,2.5,NA,Unknown,Water level accuracy is unknown,1,Department of Water Resources,NA,1,Department of Water Resources,NA,NA,39195,21N14E36Q002M,NA,Unknown,Unknown,5-012.01,Sierra Valley,Sierra,242,Irrigation,Unknown,72917,1981-04-21 - 2009-04-13,62,fall,1.8,6,NA,NA,1986,Wet,1985-10-01T00:00:00Z,1986-10-01T00:00:00Z,-120.36,39.6236
396236N1203595W001,972985,1985-03-25T00:00:00Z,4923.61,4923.61,0,1.4,4922.21,1.4,1.4,NA,Unknown,Water level accuracy is unknown,1,Department of Water Resources,NA,1,Department of Water Resources,NA,NA,39195,21N14E36Q002M,NA,Unknown,Unknown,5-012.01,Sierra Valley,Sierra,242,Irrigation,Unknown,72917,1981-04-21 - 2009-04-13,62,spring,NA,NA,0.6,3,1985,Dry,1984-10-01T00:00:00Z,1985-10-01T00:00:00Z,-120.36,39.6236
396236N1203595W001,972984,1984-10-01T00:00:00Z,4923.61,4923.61,0,2,4921.61,2,2,NA,Unknown,Water level accuracy is unknown,1,Department of Water Resources,NA,1,Department of Water Resources,NA,NA,39195,21N14E36Q002M,NA,Unknown,Unknown,5-012.01,Sierra Valley,Sierra,242,Irrigation,Unknown,72917,1981-04-21 - 2009-04-13,62,fall,1.8,6,NA,NA,1985,Dry,1984-10-01T00:00:00Z,1985-10-01T00:00:00Z,-120.36,39.6236
396236N1203595W001,972983,1984-03-14T00:00:00Z,4923.61,4923.61,0,0.7,4922.91,0.7,0.7,NA,Unknown,Water level accuracy is unknown,1,Department of Water Resources,NA,1,Department of Water Resources,NA,NA,39195,21N14E36Q002M,NA,Unknown,Unknown,5-012.01,Sierra Valley,Sierra,242,Irrigation,Unknown,72917,1981-04-21 - 2009-04-13,62,spring,NA,NA,0.6,3,1984,NA,1983-10-01T00:00:00Z,1984-10-01T00:00:00Z,-120.36,39.6236
396236N1203595W001,972981,1983-04-12T00:00:00Z,4923.61,4923.61,0,0.6,4923.01,0.6,0.6,NA,Unknown,Water level accuracy is unknown,1,Department of Water Resources,NA,1,Department of Water Resources,NA,NA,39195,21N14E36Q002M,NA,Unknown,Unknown,5-012.01,Sierra Valley,Sierra,242,Irrigation,Unknown,72917,1981-04-21 - 2009-04-13,62,spring,NA,NA,0.6,3,1983,NA,1982-10-01T00:00:00Z,1983-10-01T00:00:00Z,-120.36,39.6236
396236N1203595W001,972980,1982-10-06T00:00:00Z,4923.61,4923.61,0,1.9,4921.71,1.9,1.9,NA,Unknown,Water level accuracy is unknown,1,Department of Water Resources,NA,1,Department of Water Resources,NA,NA,39195,21N14E36Q002M,NA,Unknown,Unknown,5-012.01,Sierra Valley,Sierra,242,Irrigation,Unknown,72917,1981-04-21 - 2009-04-13,62,fall,1.8,6,NA,NA,1983,NA,1982-10-01T00:00:00Z,1983-10-01T00:00:00Z,-120.36,39.6236
396236N1203595W001,972979,1982-09-16T00:00:00Z,4923.61,4923.61,0,1.8,4921.81,1.8,1.8,NA,Unknown,Water level accuracy is unknown,1,Department of Water Resources,NA,1,Department of Water Resources,NA,NA,39195,21N14E36Q002M,NA,Unknown,Unknown,5-012.01,Sierra Valley,Sierra,242,Irrigation,Unknown,72917,1981-04-21 - 2009-04-13,62,fall,1.8,6,NA,NA,1982,Wet,1981-10-01T00:00:00Z,1982-10-01T00:00:00Z,-120.36,39.6236
396236N1203595W001,972978,1982-04-23T00:00:00Z,4923.61,4923.61,0,1.1,4922.51,1.1,1.1,NA,Unknown,Water level accuracy is unknown,1,Department of Water Resources,NA,1,Department of Water Resources,NA,NA,39195,21N14E36Q002M,NA,Unknown,Unknown,5-012.01,Sierra Valley,Sierra,242,Irrigation,Unknown,72917,1981-04-21 - 2009-04-13,62,spring,NA,NA,0.6,3,1982,Wet,1981-10-01T00:00:00Z,1982-10-01T00:00:00Z,-120.36,39.6236
396236N1203595W001,972977,1981-10-07T00:00:00Z,4923.61,4923.61,0,3.5,4920.11,3.5,3.5,NA,Unknown,Water level accuracy is unknown,1,Department of Water Resources,NA,1,Department of Water Resources,NA,NA,39195,21N14E36Q002M,NA,Unknown,Unknown,5-012.01,Sierra Valley,Sierra,242,Irrigation,Unknown,72917,1981-04-21 - 2009-04-13,62,fall,1.8,6,NA,NA,1982,Wet,1981-10-01T00:00:00Z,1982-10-01T00:00:00Z,-120.36,39.6236
396236N1203595W001,972976,1981-09-16T00:00:00Z,4923.61,4923.61,0,3.5,4920.11,3.5,3.5,NA,Unknown,Water level accuracy is unknown,1,Department of Water Resources,NA,1,Department of Water Resources,NA,NA,39195,21N14E36Q002M,NA,Unknown,Unknown,5-012.01,Sierra Valley,Sierra,242,Irrigation,Unknown,72917,1981-04-21 - 2009-04-13,62,fall,1.8,6,NA,NA,1981,Dry,1980-10-01T00:00:00Z,1981-10-01T00:00:00Z,-120.36,39.6236
396236N1203595W001,972975,1981-08-26T00:00:00Z,4923.61,4923.61,0,6,4917.61,6,6,NA,Unknown,Water level accuracy is unknown,1,Department of Water Resources,NA,1,Department of Water Resources,NA,NA,39195,21N14E36Q002M,NA,Unknown,Unknown,5-012.01,Sierra Valley,Sierra,242,Irrigation,Unknown,72917,1981-04-21 - 2009-04-13,62,fall,1.8,6,NA,NA,1981,Dry,1980-10-01T00:00:00Z,1981-10-01T00:00:00Z,-120.36,39.6236
396236N1203595W001,972974,1981-08-11T00:00:00Z,4923.61,4923.61,0,5.5,4918.11,5.5,5.5,NA,Unknown,Water level accuracy is unknown,1,Department of Water Resources,NA,1,Department of Water Resources,NA,NA,39195,21N14E36Q002M,NA,Unknown,Unknown,5-012.01,Sierra Valley,Sierra,242,Irrigation,Unknown,72917,1981-04-21 - 2009-04-13,62,fall,1.8,6,NA,NA,1981,Dry,1980-10-01T00:00:00Z,1981-10-01T00:00:00Z,-120.36,39.6236
396236N1203595W001,972973,1981-04-21T00:00:00Z,4923.61,4923.61,0,2.4,4921.21,2.4,2.4,NA,Unknown,Water level accuracy is unknown,1,Department of Water Resources,NA,1,Department of Water Resources,NA,NA,39195,21N14E36Q002M,NA,Unknown,Unknown,5-012.01,Sierra Valley,Sierra,242,Irrigation,Unknown,72917,1981-04-21 - 2009-04-13,62,spring,NA,NA,0.6,3,1981,Dry,1980-10-01T00:00:00Z,1981-10-01T00:00:00Z,-120.36,39.6236
