SITE_CODE,WLM_ID,MSMT_DATE,WLM_RPE,WLM_GSE,RDNG_WS,RDNG_RP,WSE,RPE_WSE,GSE_WSE,WLM_QA_DESC,WLM_DESC,WLM_ACC_DESC,WLM_ORG_ID,WLM_ORG_NAME,MSMT_CMT,COOP_AGENCY_ORG_ID,COOP_ORG_NAME,TOP_PRF,BOT_PRF,STN_ID,SWN,WELL_NAME,WLM_METHOD,WLM_ACC,BASIN_CODE,BASIN_NAME,COUNTY_NAME,WELL_DEPTH,WELL_USE,WELL_TYPE,WCR_NO,t_range,n_samples,season,fall_high,fall_low,spring_high,spring_low,water_year,water_year_type,water_year_start,water_year_end,X,Y
396391N1203667W001,2493692,2019-10-23T12:00:00Z,4939.6,4938.6,7.6,30,4917.2,22.4,21.4,NA,Steel tape measurement,Water level accuracy to nearest tenth of a foot,1,Department of Water Resources,NA,1,Department of Water Resources,NA,NA,36133,21N14E25P003M,21N14E25P003M,USGS quad,5 ft.,5-012.01,Sierra Valley,Sierra,60,Residential,Single Well,NA,1981-04-27 00:00:00 - 2020-04-24 12:00:00,82,fall,17.9,36.8,NA,NA,2020,Dry,2019-10-01T00:00:00Z,2020-10-01T00:00:00Z,-120.367,39.6391
396391N1203667W001,2454929,2019-04-10T12:00:00Z,4939.6,4938.6,14.4,30,4924,15.6,14.6,NA,Steel tape measurement,Water level accuracy to nearest tenth of a foot,1,Department of Water Resources,NA,1,Department of Water Resources,NA,NA,36133,21N14E25P003M,21N14E25P003M,USGS quad,5 ft.,5-012.01,Sierra Valley,Sierra,60,Residential,Single Well,NA,1981-04-27 00:00:00 - 2020-04-24 12:00:00,82,spring,NA,NA,12.14,25.2,2019,Wet,2018-10-01T00:00:00Z,2019-10-01T00:00:00Z,-120.367,39.6391
396391N1203667W001,2414997,2018-10-25T12:00:00Z,4939.6,4938.6,8.9,30,4918.5,21.1,20.1,NA,Steel tape measurement,Water level accuracy to nearest tenth of a foot,1,Department of Water Resources,NA,1,Department of Water Resources,NA,NA,36133,21N14E25P003M,21N14E25P003M,USGS quad,5 ft.,5-012.01,Sierra Valley,Sierra,60,Residential,Single Well,NA,1981-04-27 00:00:00 - 2020-04-24 12:00:00,82,fall,17.9,36.8,NA,NA,2019,Wet,2018-10-01T00:00:00Z,2019-10-01T00:00:00Z,-120.367,39.6391
396391N1203667W001,2285936,2018-04-02T12:00:00Z,4939.6,4938.6,0,13.14,4926.46,13.14,12.14,NA,Electric sounder measurement,Water level accuracy to nearest hundredth of a foot,1,Department of Water Resources,NA,1,Department of Water Resources,NA,NA,36133,21N14E25P003M,21N14E25P003M,USGS quad,5 ft.,5-012.01,Sierra Valley,Sierra,60,Residential,Single Well,NA,1981-04-27 00:00:00 - 2020-04-24 12:00:00,82,spring,NA,NA,12.14,25.2,2018,NA,2017-10-01T00:00:00Z,2018-10-01T00:00:00Z,-120.367,39.6391
396391N1203667W001,2267976,2017-10-16T00:00:00Z,4939.6,4938.6,4.8,26,4918.4,21.2,20.2,NA,Steel tape measurement,Water level accuracy to nearest tenth of a foot,1,Department of Water Resources,NA,1,Department of Water Resources,NA,NA,36133,21N14E25P003M,21N14E25P003M,USGS quad,5 ft.,5-012.01,Sierra Valley,Sierra,60,Residential,Single Well,NA,1981-04-27 00:00:00 - 2020-04-24 12:00:00,82,fall,17.9,36.8,NA,NA,2018,NA,2017-10-01T00:00:00Z,2018-10-01T00:00:00Z,-120.367,39.6391
396391N1203667W001,2214094,2016-10-24T00:00:00Z,4939.6,4938.6,0,22.26,4917.34,22.26,21.26,NA,Electric sounder measurement,Water level accuracy to nearest hundredth of a foot,1,Department of Water Resources,NA,1,Department of Water Resources,NA,NA,36133,21N14E25P003M,21N14E25P003M,USGS quad,5 ft.,5-012.01,Sierra Valley,Sierra,60,Residential,Single Well,NA,1981-04-27 00:00:00 - 2020-04-24 12:00:00,82,fall,17.9,36.8,NA,NA,2017,Wet,2016-10-01T00:00:00Z,2017-10-01T00:00:00Z,-120.367,39.6391
396391N1203667W001,2184560,2016-03-21T00:00:00Z,4939.6,4938.6,0,18.01,4921.59,18.01,17.01,NA,Electric sounder measurement,Water level accuracy to nearest hundredth of a foot,1,Department of Water Resources,NA,1,Department of Water Resources,NA,NA,36133,21N14E25P003M,21N14E25P003M,USGS quad,5 ft.,5-012.01,Sierra Valley,Sierra,60,Residential,Single Well,NA,1981-04-27 00:00:00 - 2020-04-24 12:00:00,82,spring,NA,NA,12.14,25.2,2016,NA,2015-10-01T00:00:00Z,2016-10-01T00:00:00Z,-120.367,39.6391
396391N1203667W001,2020261,2014-10-20T08:00:00Z,4939.6,4938.6,0,25.28,4914.32,25.28,24.28,NA,Electric sounder measurement,Water level accuracy to nearest hundredth of a foot,1,Department of Water Resources,NA,1,Department of Water Resources,NA,NA,36133,21N14E25P003M,21N14E25P003M,USGS quad,5 ft.,5-012.01,Sierra Valley,Sierra,60,Residential,Single Well,NA,1981-04-27 00:00:00 - 2020-04-24 12:00:00,82,fall,17.9,36.8,NA,NA,2015,NA,2014-10-01T00:00:00Z,2015-10-01T00:00:00Z,-120.367,39.6391
396391N1203667W001,1684405,2013-03-25T00:00:00Z,4939.61,4938.61,0,19.52,4920.09,19.52,18.52,NA,Electric sounder measurement,Water level accuracy to nearest hundredth of a foot,1,Department of Water Resources,NA,1,Department of Water Resources,NA,NA,36133,21N14E25P003M,21N14E25P003M,USGS quad,5 ft.,5-012.01,Sierra Valley,Sierra,60,Residential,Single Well,NA,1981-04-27 00:00:00 - 2020-04-24 12:00:00,82,spring,NA,NA,12.14,25.2,2013,Dry,2012-10-01T00:00:00Z,2013-10-01T00:00:00Z,-120.367,39.6391
396391N1203667W001,69346,2012-10-30T00:00:00Z,4939.61,4938.61,0,24.01,4915.6,24.01,23.01,NA,Electric sounder measurement,Water level accuracy to nearest hundredth of a foot,1,Department of Water Resources,NA,1,Department of Water Resources,NA,NA,36133,21N14E25P003M,21N14E25P003M,USGS quad,5 ft.,5-012.01,Sierra Valley,Sierra,60,Residential,Single Well,NA,1981-04-27 00:00:00 - 2020-04-24 12:00:00,82,fall,17.9,36.8,NA,NA,2013,Dry,2012-10-01T00:00:00Z,2013-10-01T00:00:00Z,-120.367,39.6391
396391N1203667W001,59928,2012-04-17T00:00:00Z,4939.61,4938.61,0,20.35,4919.26,20.35,19.35,NA,Electric sounder measurement,Water level accuracy to nearest hundredth of a foot,1,Department of Water Resources,NA,1,Department of Water Resources,NA,NA,36133,21N14E25P003M,21N14E25P003M,USGS quad,5 ft.,5-012.01,Sierra Valley,Sierra,60,Residential,Single Well,NA,1981-04-27 00:00:00 - 2020-04-24 12:00:00,82,spring,NA,NA,12.14,25.2,2012,NA,2011-10-01T00:00:00Z,2012-10-01T00:00:00Z,-120.367,39.6391
396391N1203667W001,39776,2011-10-18T00:00:00Z,4939.61,4938.61,0,21.7,4917.91,21.7,20.7,NA,Electric sounder measurement,Water level accuracy to nearest hundredth of a foot,1,Department of Water Resources,NA,1,Department of Water Resources,NA,NA,36133,21N14E25P003M,21N14E25P003M,USGS quad,5 ft.,5-012.01,Sierra Valley,Sierra,60,Residential,Single Well,NA,1981-04-27 00:00:00 - 2020-04-24 12:00:00,82,fall,17.9,36.8,NA,NA,2012,NA,2011-10-01T00:00:00Z,2012-10-01T00:00:00Z,-120.367,39.6391
396391N1203667W001,1751256,2011-10-18T00:00:00Z,4939.6,4938.6,0,21.7,4917.9,21.7,20.7,NA,Unknown,Water level accuracy is unknown,1,Department of Water Resources,NA,1,Department of Water Resources,NA,NA,36133,21N14E25P003M,21N14E25P003M,USGS quad,5 ft.,5-012.01,Sierra Valley,Sierra,60,Residential,Single Well,NA,1981-04-27 00:00:00 - 2020-04-24 12:00:00,82,fall,17.9,36.8,NA,NA,2012,NA,2011-10-01T00:00:00Z,2012-10-01T00:00:00Z,-120.367,39.6391
396391N1203667W001,1751254,2010-10-25T00:00:00Z,4939.6,4938.6,0,23.43,4916.17,23.43,22.43,NA,Unknown,Water level accuracy is unknown,1,Department of Water Resources,NA,1,Department of Water Resources,NA,NA,36133,21N14E25P003M,21N14E25P003M,USGS quad,5 ft.,5-012.01,Sierra Valley,Sierra,60,Residential,Single Well,NA,1981-04-27 00:00:00 - 2020-04-24 12:00:00,82,fall,17.9,36.8,NA,NA,2011,Wet,2010-10-01T00:00:00Z,2011-10-01T00:00:00Z,-120.367,39.6391
396391N1203667W001,1751245,2006-04-18T00:00:00Z,4939.6,4938.6,0,14.4,4925.2,14.4,13.4,NA,Unknown,Water level accuracy is unknown,1,Department of Water Resources,NA,1,Department of Water Resources,NA,NA,36133,21N14E25P003M,21N14E25P003M,USGS quad,5 ft.,5-012.01,Sierra Valley,Sierra,60,Residential,Single Well,NA,1981-04-27 00:00:00 - 2020-04-24 12:00:00,82,spring,NA,NA,12.14,25.2,2006,Wet,2005-10-01T00:00:00Z,2006-10-01T00:00:00Z,-120.367,39.6391
396391N1203667W001,1751244,2005-10-27T00:00:00Z,4939.6,4938.6,0,23.5,4916.1,23.5,22.5,NA,Unknown,Water level accuracy is unknown,1,Department of Water Resources,NA,1,Department of Water Resources,NA,NA,36133,21N14E25P003M,21N14E25P003M,USGS quad,5 ft.,5-012.01,Sierra Valley,Sierra,60,Residential,Single Well,NA,1981-04-27 00:00:00 - 2020-04-24 12:00:00,82,fall,17.9,36.8,NA,NA,2006,Wet,2005-10-01T00:00:00Z,2006-10-01T00:00:00Z,-120.367,39.6391
396391N1203667W001,1751243,2005-04-06T00:00:00Z,4939.6,4938.6,0,17.5,4922.1,17.5,16.5,NA,Unknown,Water level accuracy is unknown,1,Department of Water Resources,NA,1,Department of Water Resources,NA,NA,36133,21N14E25P003M,21N14E25P003M,USGS quad,5 ft.,5-012.01,Sierra Valley,Sierra,60,Residential,Single Well,NA,1981-04-27 00:00:00 - 2020-04-24 12:00:00,82,spring,NA,NA,12.14,25.2,2005,NA,2004-10-01T00:00:00Z,2005-10-01T00:00:00Z,-120.367,39.6391
396391N1203667W001,1751242,2004-10-15T00:00:00Z,4939.6,4938.6,0,24.5,4915.1,24.5,23.5,NA,Unknown,Water level accuracy is unknown,1,Department of Water Resources,NA,1,Department of Water Resources,NA,NA,36133,21N14E25P003M,21N14E25P003M,USGS quad,5 ft.,5-012.01,Sierra Valley,Sierra,60,Residential,Single Well,NA,1981-04-27 00:00:00 - 2020-04-24 12:00:00,82,fall,17.9,36.8,NA,NA,2005,NA,2004-10-01T00:00:00Z,2005-10-01T00:00:00Z,-120.367,39.6391
396391N1203667W001,1751241,2004-04-07T00:00:00Z,4939.6,4938.6,0,19.1,4920.5,19.1,18.1,NA,Unknown,Water level accuracy is unknown,1,Department of Water Resources,NA,1,Department of Water Resources,NA,NA,36133,21N14E25P003M,21N14E25P003M,USGS quad,5 ft.,5-012.01,Sierra Valley,Sierra,60,Residential,Single Well,NA,1981-04-27 00:00:00 - 2020-04-24 12:00:00,82,spring,NA,NA,12.14,25.2,2004,NA,2003-10-01T00:00:00Z,2004-10-01T00:00:00Z,-120.367,39.6391
396391N1203667W001,1751240,2003-10-30T00:00:00Z,4939.6,4938.6,0,26,4913.6,26,25,NA,Unknown,Water level accuracy is unknown,1,Department of Water Resources,NA,1,Department of Water Resources,NA,NA,36133,21N14E25P003M,21N14E25P003M,USGS quad,5 ft.,5-012.01,Sierra Valley,Sierra,60,Residential,Single Well,NA,1981-04-27 00:00:00 - 2020-04-24 12:00:00,82,fall,17.9,36.8,NA,NA,2004,NA,2003-10-01T00:00:00Z,2004-10-01T00:00:00Z,-120.367,39.6391
396391N1203667W001,1751239,2003-03-27T00:00:00Z,4939.6,4938.6,0,21.5,4918.1,21.5,20.5,NA,Unknown,Water level accuracy is unknown,1,Department of Water Resources,NA,1,Department of Water Resources,NA,NA,36133,21N14E25P003M,21N14E25P003M,USGS quad,5 ft.,5-012.01,Sierra Valley,Sierra,60,Residential,Single Well,NA,1981-04-27 00:00:00 - 2020-04-24 12:00:00,82,spring,NA,NA,12.14,25.2,2003,NA,2002-10-01T00:00:00Z,2003-10-01T00:00:00Z,-120.367,39.6391
396391N1203667W001,1751238,2002-10-23T00:00:00Z,4939.6,4938.6,0,25.4,4914.2,25.4,24.4,NA,Unknown,Water level accuracy is unknown,1,Department of Water Resources,NA,1,Department of Water Resources,NA,NA,36133,21N14E25P003M,21N14E25P003M,USGS quad,5 ft.,5-012.01,Sierra Valley,Sierra,60,Residential,Single Well,NA,1981-04-27 00:00:00 - 2020-04-24 12:00:00,82,fall,17.9,36.8,NA,NA,2003,NA,2002-10-01T00:00:00Z,2003-10-01T00:00:00Z,-120.367,39.6391
396391N1203667W001,1751237,2002-03-26T00:00:00Z,4939.6,4938.6,0,26.2,4913.4,26.2,25.2,NA,Unknown,Water level accuracy is unknown,1,Department of Water Resources,NA,1,Department of Water Resources,NA,NA,36133,21N14E25P003M,21N14E25P003M,USGS quad,5 ft.,5-012.01,Sierra Valley,Sierra,60,Residential,Single Well,NA,1981-04-27 00:00:00 - 2020-04-24 12:00:00,82,spring,NA,NA,12.14,25.2,2002,NA,2001-10-01T00:00:00Z,2002-10-01T00:00:00Z,-120.367,39.6391
396391N1203667W001,1751236,2001-10-18T00:00:00Z,4939.6,4938.6,0,25.9,4913.7,25.9,24.9,NA,Unknown,Water level accuracy is unknown,1,Department of Water Resources,NA,1,Department of Water Resources,NA,NA,36133,21N14E25P003M,21N14E25P003M,USGS quad,5 ft.,5-012.01,Sierra Valley,Sierra,60,Residential,Single Well,NA,1981-04-27 00:00:00 - 2020-04-24 12:00:00,82,fall,17.9,36.8,NA,NA,2002,NA,2001-10-01T00:00:00Z,2002-10-01T00:00:00Z,-120.367,39.6391
396391N1203667W001,1751235,2001-03-27T00:00:00Z,4939.6,4938.6,0,23.7,4915.9,23.7,22.7,NA,Unknown,Water level accuracy is unknown,1,Department of Water Resources,NA,1,Department of Water Resources,NA,NA,36133,21N14E25P003M,21N14E25P003M,USGS quad,5 ft.,5-012.01,Sierra Valley,Sierra,60,Residential,Single Well,NA,1981-04-27 00:00:00 - 2020-04-24 12:00:00,82,spring,NA,NA,12.14,25.2,2001,Dry,2000-10-01T00:00:00Z,2001-10-01T00:00:00Z,-120.367,39.6391
396391N1203667W001,1751234,2000-10-19T00:00:00Z,4939.6,4938.6,0,23.6,4916,23.6,22.6,NA,Unknown,Water level accuracy is unknown,1,Department of Water Resources,NA,1,Department of Water Resources,NA,NA,36133,21N14E25P003M,21N14E25P003M,USGS quad,5 ft.,5-012.01,Sierra Valley,Sierra,60,Residential,Single Well,NA,1981-04-27 00:00:00 - 2020-04-24 12:00:00,82,fall,17.9,36.8,NA,NA,2001,Dry,2000-10-01T00:00:00Z,2001-10-01T00:00:00Z,-120.367,39.6391
396391N1203667W001,1751233,2000-03-26T00:00:00Z,4939.6,4938.6,0,16,4923.6,16,15,NA,Unknown,Water level accuracy is unknown,1,Department of Water Resources,NA,1,Department of Water Resources,NA,NA,36133,21N14E25P003M,21N14E25P003M,USGS quad,5 ft.,5-012.01,Sierra Valley,Sierra,60,Residential,Single Well,NA,1981-04-27 00:00:00 - 2020-04-24 12:00:00,82,spring,NA,NA,12.14,25.2,2000,NA,1999-10-01T00:00:00Z,2000-10-01T00:00:00Z,-120.367,39.6391
396391N1203667W001,1751231,1999-10-12T00:00:00Z,4939.6,4938.6,0,22.4,4917.2,22.4,21.4,NA,Unknown,Water level accuracy is unknown,1,Department of Water Resources,NA,1,Department of Water Resources,NA,NA,36133,21N14E25P003M,21N14E25P003M,USGS quad,5 ft.,5-012.01,Sierra Valley,Sierra,60,Residential,Single Well,NA,1981-04-27 00:00:00 - 2020-04-24 12:00:00,82,fall,17.9,36.8,NA,NA,2000,NA,1999-10-01T00:00:00Z,2000-10-01T00:00:00Z,-120.367,39.6391
396391N1203667W001,1751232,1999-04-15T00:00:00Z,4939.6,4938.6,0,16.4,4923.2,16.4,15.4,NA,Unknown,Water level accuracy is unknown,1,Department of Water Resources,NA,1,Department of Water Resources,NA,NA,36133,21N14E25P003M,21N14E25P003M,USGS quad,5 ft.,5-012.01,Sierra Valley,Sierra,60,Residential,Single Well,NA,1981-04-27 00:00:00 - 2020-04-24 12:00:00,82,spring,NA,NA,12.14,25.2,1999,NA,1998-10-01T00:00:00Z,1999-10-01T00:00:00Z,-120.367,39.6391
396391N1203667W001,1751229,1998-10-13T00:00:00Z,4939.6,4938.6,0,22.2,4917.4,22.2,21.2,NA,Unknown,Water level accuracy is unknown,1,Department of Water Resources,NA,1,Department of Water Resources,NA,NA,36133,21N14E25P003M,21N14E25P003M,USGS quad,5 ft.,5-012.01,Sierra Valley,Sierra,60,Residential,Single Well,NA,1981-04-27 00:00:00 - 2020-04-24 12:00:00,82,fall,17.9,36.8,NA,NA,1999,NA,1998-10-01T00:00:00Z,1999-10-01T00:00:00Z,-120.367,39.6391
396391N1203667W001,1751230,1998-05-16T00:00:00Z,4939.6,4938.6,0,21.2,4918.4,21.2,20.2,NA,Unknown,Water level accuracy is unknown,1,Department of Water Resources,NA,1,Department of Water Resources,NA,NA,36133,21N14E25P003M,21N14E25P003M,USGS quad,5 ft.,5-012.01,Sierra Valley,Sierra,60,Residential,Single Well,NA,1981-04-27 00:00:00 - 2020-04-24 12:00:00,82,spring,NA,NA,12.14,25.2,1998,NA,1997-10-01T00:00:00Z,1998-10-01T00:00:00Z,-120.367,39.6391
396391N1203667W001,1751228,1997-10-18T00:00:00Z,4939.6,4938.6,0,22.9,4916.7,22.9,21.9,NA,Unknown,Water level accuracy is unknown,1,Department of Water Resources,NA,1,Department of Water Resources,NA,NA,36133,21N14E25P003M,21N14E25P003M,USGS quad,5 ft.,5-012.01,Sierra Valley,Sierra,60,Residential,Single Well,NA,1981-04-27 00:00:00 - 2020-04-24 12:00:00,82,fall,17.9,36.8,NA,NA,1998,NA,1997-10-01T00:00:00Z,1998-10-01T00:00:00Z,-120.367,39.6391
396391N1203667W001,1751227,1997-04-05T00:00:00Z,4939.6,4938.6,0,16.2,4923.4,16.2,15.2,NA,Unknown,Water level accuracy is unknown,1,Department of Water Resources,NA,1,Department of Water Resources,NA,NA,36133,21N14E25P003M,21N14E25P003M,USGS quad,5 ft.,5-012.01,Sierra Valley,Sierra,60,Residential,Single Well,NA,1981-04-27 00:00:00 - 2020-04-24 12:00:00,82,spring,NA,NA,12.14,25.2,1997,NA,1996-10-01T00:00:00Z,1997-10-01T00:00:00Z,-120.367,39.6391
396391N1203667W001,1751193,1996-10-31T00:00:00Z,4939.6,4938.6,0,22.8,4916.8,22.8,21.8,NA,Unknown,Water level accuracy is unknown,1,Department of Water Resources,NA,1,Department of Water Resources,NA,NA,36133,21N14E25P003M,21N14E25P003M,USGS quad,5 ft.,5-012.01,Sierra Valley,Sierra,60,Residential,Single Well,NA,1981-04-27 00:00:00 - 2020-04-24 12:00:00,82,fall,17.9,36.8,NA,NA,1997,NA,1996-10-01T00:00:00Z,1997-10-01T00:00:00Z,-120.367,39.6391
396391N1203667W001,1751226,1996-05-07T00:00:00Z,4939.6,4938.6,0,16.1,4923.5,16.1,15.1,NA,Unknown,Water level accuracy is unknown,1,Department of Water Resources,NA,1,Department of Water Resources,NA,NA,36133,21N14E25P003M,21N14E25P003M,USGS quad,5 ft.,5-012.01,Sierra Valley,Sierra,60,Residential,Single Well,NA,1981-04-27 00:00:00 - 2020-04-24 12:00:00,82,spring,NA,NA,12.14,25.2,1996,NA,1995-10-01T00:00:00Z,1996-10-01T00:00:00Z,-120.367,39.6391
396391N1203667W001,1751225,1995-10-26T00:00:00Z,4939.6,4938.6,0,22.2,4917.4,22.2,21.2,NA,Unknown,Water level accuracy is unknown,1,Department of Water Resources,NA,1,Department of Water Resources,NA,NA,36133,21N14E25P003M,21N14E25P003M,USGS quad,5 ft.,5-012.01,Sierra Valley,Sierra,60,Residential,Single Well,NA,1981-04-27 00:00:00 - 2020-04-24 12:00:00,82,fall,17.9,36.8,NA,NA,1996,NA,1995-10-01T00:00:00Z,1996-10-01T00:00:00Z,-120.367,39.6391
396391N1203667W001,1751224,1995-06-02T00:00:00Z,4939.6,4938.6,0,17,4922.6,17,16,NA,Unknown,Water level accuracy is unknown,1,Department of Water Resources,NA,1,Department of Water Resources,NA,NA,36133,21N14E25P003M,21N14E25P003M,USGS quad,5 ft.,5-012.01,Sierra Valley,Sierra,60,Residential,Single Well,NA,1981-04-27 00:00:00 - 2020-04-24 12:00:00,82,other,NA,NA,NA,NA,1995,Wet,1994-10-01T00:00:00Z,1995-10-01T00:00:00Z,-120.367,39.6391
396391N1203667W001,1751223,1994-10-29T00:00:00Z,4939.6,4938.6,0,18.9,4920.7,18.9,17.9,NA,Unknown,Water level accuracy is unknown,1,Department of Water Resources,NA,1,Department of Water Resources,NA,NA,36133,21N14E25P003M,21N14E25P003M,USGS quad,5 ft.,5-012.01,Sierra Valley,Sierra,60,Residential,Single Well,NA,1981-04-27 00:00:00 - 2020-04-24 12:00:00,82,fall,17.9,36.8,NA,NA,1995,Wet,1994-10-01T00:00:00Z,1995-10-01T00:00:00Z,-120.367,39.6391
396391N1203667W001,1751222,1994-03-28T00:00:00Z,4939.6,4938.6,0,22,4917.6,22,21,NA,Unknown,Water level accuracy is unknown,1,Department of Water Resources,NA,1,Department of Water Resources,NA,NA,36133,21N14E25P003M,21N14E25P003M,USGS quad,5 ft.,5-012.01,Sierra Valley,Sierra,60,Residential,Single Well,NA,1981-04-27 00:00:00 - 2020-04-24 12:00:00,82,spring,NA,NA,12.14,25.2,1994,Dry,1993-10-01T00:00:00Z,1994-10-01T00:00:00Z,-120.367,39.6391
396391N1203667W001,1751221,1993-10-19T00:00:00Z,4939.6,4938.6,0,22.9,4916.7,22.9,21.9,NA,Unknown,Water level accuracy is unknown,1,Department of Water Resources,NA,1,Department of Water Resources,NA,NA,36133,21N14E25P003M,21N14E25P003M,USGS quad,5 ft.,5-012.01,Sierra Valley,Sierra,60,Residential,Single Well,NA,1981-04-27 00:00:00 - 2020-04-24 12:00:00,82,fall,17.9,36.8,NA,NA,1994,Dry,1993-10-01T00:00:00Z,1994-10-01T00:00:00Z,-120.367,39.6391
396391N1203667W001,1751220,1993-04-19T00:00:00Z,4939.6,4938.6,0,16.4,4923.2,16.4,15.4,NA,Unknown,Water level accuracy is unknown,1,Department of Water Resources,NA,1,Department of Water Resources,NA,NA,36133,21N14E25P003M,21N14E25P003M,USGS quad,5 ft.,5-012.01,Sierra Valley,Sierra,60,Residential,Single Well,NA,1981-04-27 00:00:00 - 2020-04-24 12:00:00,82,spring,NA,NA,12.14,25.2,1993,NA,1992-10-01T00:00:00Z,1993-10-01T00:00:00Z,-120.367,39.6391
396391N1203667W001,1751219,1992-10-19T00:00:00Z,4939.6,4938.6,0,25.9,4913.7,25.9,24.9,NA,Unknown,Water level accuracy is unknown,1,Department of Water Resources,NA,1,Department of Water Resources,NA,NA,36133,21N14E25P003M,21N14E25P003M,USGS quad,5 ft.,5-012.01,Sierra Valley,Sierra,60,Residential,Single Well,NA,1981-04-27 00:00:00 - 2020-04-24 12:00:00,82,fall,17.9,36.8,NA,NA,1993,NA,1992-10-01T00:00:00Z,1993-10-01T00:00:00Z,-120.367,39.6391
396391N1203667W001,1751218,1992-03-23T00:00:00Z,4939.6,4938.6,0,26.1,4913.5,26.1,25.1,NA,Unknown,Water level accuracy is unknown,1,Department of Water Resources,NA,1,Department of Water Resources,NA,NA,36133,21N14E25P003M,21N14E25P003M,USGS quad,5 ft.,5-012.01,Sierra Valley,Sierra,60,Residential,Single Well,NA,1981-04-27 00:00:00 - 2020-04-24 12:00:00,82,spring,NA,NA,12.14,25.2,1992,NA,1991-10-01T00:00:00Z,1992-10-01T00:00:00Z,-120.367,39.6391
396391N1203667W001,1751217,1991-10-21T00:00:00Z,4939.6,4938.6,0,25.4,4914.2,25.4,24.4,NA,Unknown,Water level accuracy is unknown,1,Department of Water Resources,NA,1,Department of Water Resources,NA,NA,36133,21N14E25P003M,21N14E25P003M,USGS quad,5 ft.,5-012.01,Sierra Valley,Sierra,60,Residential,Single Well,NA,1981-04-27 00:00:00 - 2020-04-24 12:00:00,82,fall,17.9,36.8,NA,NA,1992,NA,1991-10-01T00:00:00Z,1992-10-01T00:00:00Z,-120.367,39.6391
396391N1203667W001,1751216,1991-02-26T00:00:00Z,4939.6,4938.6,0,25.8,4913.8,25.8,24.8,NA,Unknown,Water level accuracy is unknown,1,Department of Water Resources,NA,1,Department of Water Resources,NA,NA,36133,21N14E25P003M,21N14E25P003M,USGS quad,5 ft.,5-012.01,Sierra Valley,Sierra,60,Residential,Single Well,NA,1981-04-27 00:00:00 - 2020-04-24 12:00:00,82,other,NA,NA,NA,NA,1991,NA,1990-10-01T00:00:00Z,1991-10-01T00:00:00Z,-120.367,39.6391
396391N1203667W001,1751215,1990-10-22T00:00:00Z,4939.6,4938.6,0,37.8,4901.8,37.8,36.8,Pumped recently,Unknown,Water level accuracy is unknown,1,Department of Water Resources,NA,1,Department of Water Resources,NA,NA,36133,21N14E25P003M,21N14E25P003M,USGS quad,5 ft.,5-012.01,Sierra Valley,Sierra,60,Residential,Single Well,NA,1981-04-27 00:00:00 - 2020-04-24 12:00:00,82,fall,17.9,36.8,NA,NA,1991,NA,1990-10-01T00:00:00Z,1991-10-01T00:00:00Z,-120.367,39.6391
396391N1203667W001,1751214,1990-04-09T00:00:00Z,4939.6,4938.6,0,21.7,4917.9,21.7,20.7,NA,Unknown,Water level accuracy is unknown,1,Department of Water Resources,NA,1,Department of Water Resources,NA,NA,36133,21N14E25P003M,21N14E25P003M,USGS quad,5 ft.,5-012.01,Sierra Valley,Sierra,60,Residential,Single Well,NA,1981-04-27 00:00:00 - 2020-04-24 12:00:00,82,spring,NA,NA,12.14,25.2,1990,NA,1989-10-01T00:00:00Z,1990-10-01T00:00:00Z,-120.367,39.6391
396391N1203667W001,1751213,1989-09-25T00:00:00Z,4939.6,4938.6,0,25.1,4914.5,25.1,24.1,NA,Unknown,Water level accuracy is unknown,1,Department of Water Resources,NA,1,Department of Water Resources,NA,NA,36133,21N14E25P003M,21N14E25P003M,USGS quad,5 ft.,5-012.01,Sierra Valley,Sierra,60,Residential,Single Well,NA,1981-04-27 00:00:00 - 2020-04-24 12:00:00,82,fall,17.9,36.8,NA,NA,1989,NA,1988-10-01T00:00:00Z,1989-10-01T00:00:00Z,-120.367,39.6391
396391N1203667W001,1751212,1989-04-04T00:00:00Z,4939.6,4938.6,0,21,4918.6,21,20,NA,Unknown,Water level accuracy is unknown,1,Department of Water Resources,NA,1,Department of Water Resources,NA,NA,36133,21N14E25P003M,21N14E25P003M,USGS quad,5 ft.,5-012.01,Sierra Valley,Sierra,60,Residential,Single Well,NA,1981-04-27 00:00:00 - 2020-04-24 12:00:00,82,spring,NA,NA,12.14,25.2,1989,NA,1988-10-01T00:00:00Z,1989-10-01T00:00:00Z,-120.367,39.6391
396391N1203667W001,1751211,1988-10-26T00:00:00Z,4939.6,4938.6,0,25.8,4913.8,25.8,24.8,NA,Unknown,Water level accuracy is unknown,1,Department of Water Resources,NA,1,Department of Water Resources,NA,NA,36133,21N14E25P003M,21N14E25P003M,USGS quad,5 ft.,5-012.01,Sierra Valley,Sierra,60,Residential,Single Well,NA,1981-04-27 00:00:00 - 2020-04-24 12:00:00,82,fall,17.9,36.8,NA,NA,1989,NA,1988-10-01T00:00:00Z,1989-10-01T00:00:00Z,-120.367,39.6391
396391N1203667W001,1751210,1988-03-23T00:00:00Z,4939.6,4938.6,0,24.8,4914.8,24.8,23.8,NA,Unknown,Water level accuracy is unknown,1,Department of Water Resources,NA,1,Department of Water Resources,NA,NA,36133,21N14E25P003M,21N14E25P003M,USGS quad,5 ft.,5-012.01,Sierra Valley,Sierra,60,Residential,Single Well,NA,1981-04-27 00:00:00 - 2020-04-24 12:00:00,82,spring,NA,NA,12.14,25.2,1988,NA,1987-10-01T00:00:00Z,1988-10-01T00:00:00Z,-120.367,39.6391
396391N1203667W001,1751209,1987-10-20T00:00:00Z,4939.6,4938.6,0,28.2,4911.4,28.2,27.2,NA,Unknown,Water level accuracy is unknown,1,Department of Water Resources,NA,1,Department of Water Resources,NA,NA,36133,21N14E25P003M,21N14E25P003M,USGS quad,5 ft.,5-012.01,Sierra Valley,Sierra,60,Residential,Single Well,NA,1981-04-27 00:00:00 - 2020-04-24 12:00:00,82,fall,17.9,36.8,NA,NA,1988,NA,1987-10-01T00:00:00Z,1988-10-01T00:00:00Z,-120.367,39.6391
396391N1203667W001,1751208,1987-04-07T00:00:00Z,4939.6,4938.6,0,23.2,4916.4,23.2,22.2,NA,Unknown,Water level accuracy is unknown,1,Department of Water Resources,NA,1,Department of Water Resources,NA,NA,36133,21N14E25P003M,21N14E25P003M,USGS quad,5 ft.,5-012.01,Sierra Valley,Sierra,60,Residential,Single Well,NA,1981-04-27 00:00:00 - 2020-04-24 12:00:00,82,spring,NA,NA,12.14,25.2,1987,Dry,1986-10-01T00:00:00Z,1987-10-01T00:00:00Z,-120.367,39.6391
396391N1203667W001,1751207,1986-10-02T00:00:00Z,4939.6,4938.6,0,22.5,4917.1,22.5,21.5,NA,Unknown,Water level accuracy is unknown,1,Department of Water Resources,NA,1,Department of Water Resources,NA,NA,36133,21N14E25P003M,21N14E25P003M,USGS quad,5 ft.,5-012.01,Sierra Valley,Sierra,60,Residential,Single Well,NA,1981-04-27 00:00:00 - 2020-04-24 12:00:00,82,fall,17.9,36.8,NA,NA,1987,Dry,1986-10-01T00:00:00Z,1987-10-01T00:00:00Z,-120.367,39.6391
396391N1203667W001,1751206,1986-04-01T00:00:00Z,4939.6,4938.6,0,16.7,4922.9,16.7,15.7,NA,Unknown,Water level accuracy is unknown,1,Department of Water Resources,NA,1,Department of Water Resources,NA,NA,36133,21N14E25P003M,21N14E25P003M,USGS quad,5 ft.,5-012.01,Sierra Valley,Sierra,60,Residential,Single Well,NA,1981-04-27 00:00:00 - 2020-04-24 12:00:00,82,spring,NA,NA,12.14,25.2,1986,Wet,1985-10-01T00:00:00Z,1986-10-01T00:00:00Z,-120.367,39.6391
396391N1203667W001,1751205,1985-10-05T00:00:00Z,4939.6,4938.6,0,23.7,4915.9,23.7,22.7,NA,Unknown,Water level accuracy is unknown,1,Department of Water Resources,NA,1,Department of Water Resources,NA,NA,36133,21N14E25P003M,21N14E25P003M,USGS quad,5 ft.,5-012.01,Sierra Valley,Sierra,60,Residential,Single Well,NA,1981-04-27 00:00:00 - 2020-04-24 12:00:00,82,fall,17.9,36.8,NA,NA,1986,Wet,1985-10-01T00:00:00Z,1986-10-01T00:00:00Z,-120.367,39.6391
396391N1203667W001,1751204,1985-03-25T00:00:00Z,4939.6,4938.6,0,19.6,4920,19.6,18.6,NA,Unknown,Water level accuracy is unknown,1,Department of Water Resources,NA,1,Department of Water Resources,NA,NA,36133,21N14E25P003M,21N14E25P003M,USGS quad,5 ft.,5-012.01,Sierra Valley,Sierra,60,Residential,Single Well,NA,1981-04-27 00:00:00 - 2020-04-24 12:00:00,82,spring,NA,NA,12.14,25.2,1985,Dry,1984-10-01T00:00:00Z,1985-10-01T00:00:00Z,-120.367,39.6391
396391N1203667W001,1751203,1984-10-01T00:00:00Z,4939.6,4938.6,0,22.5,4917.1,22.5,21.5,NA,Unknown,Water level accuracy is unknown,1,Department of Water Resources,NA,1,Department of Water Resources,NA,NA,36133,21N14E25P003M,21N14E25P003M,USGS quad,5 ft.,5-012.01,Sierra Valley,Sierra,60,Residential,Single Well,NA,1981-04-27 00:00:00 - 2020-04-24 12:00:00,82,fall,17.9,36.8,NA,NA,1985,Dry,1984-10-01T00:00:00Z,1985-10-01T00:00:00Z,-120.367,39.6391
396391N1203667W001,1751202,1984-03-14T00:00:00Z,4939.6,4938.6,0,16.2,4923.4,16.2,15.2,NA,Unknown,Water level accuracy is unknown,1,Department of Water Resources,NA,1,Department of Water Resources,NA,NA,36133,21N14E25P003M,21N14E25P003M,USGS quad,5 ft.,5-012.01,Sierra Valley,Sierra,60,Residential,Single Well,NA,1981-04-27 00:00:00 - 2020-04-24 12:00:00,82,spring,NA,NA,12.14,25.2,1984,NA,1983-10-01T00:00:00Z,1984-10-01T00:00:00Z,-120.367,39.6391
396391N1203667W001,1751201,1983-09-27T00:00:00Z,4939.6,4938.6,0,24.9,4914.7,24.9,23.9,NA,Unknown,Water level accuracy is unknown,1,Department of Water Resources,NA,1,Department of Water Resources,NA,NA,36133,21N14E25P003M,21N14E25P003M,USGS quad,5 ft.,5-012.01,Sierra Valley,Sierra,60,Residential,Single Well,NA,1981-04-27 00:00:00 - 2020-04-24 12:00:00,82,fall,17.9,36.8,NA,NA,1983,NA,1982-10-01T00:00:00Z,1983-10-01T00:00:00Z,-120.367,39.6391
396391N1203667W001,1751200,1983-04-12T00:00:00Z,4939.6,4938.6,0,15.7,4923.9,15.7,14.7,NA,Unknown,Water level accuracy is unknown,1,Department of Water Resources,NA,1,Department of Water Resources,NA,NA,36133,21N14E25P003M,21N14E25P003M,USGS quad,5 ft.,5-012.01,Sierra Valley,Sierra,60,Residential,Single Well,NA,1981-04-27 00:00:00 - 2020-04-24 12:00:00,82,spring,NA,NA,12.14,25.2,1983,NA,1982-10-01T00:00:00Z,1983-10-01T00:00:00Z,-120.367,39.6391
396391N1203667W001,1751199,1982-10-05T00:00:00Z,4939.6,4938.6,0,22.1,4917.5,22.1,21.1,NA,Unknown,Water level accuracy is unknown,1,Department of Water Resources,NA,1,Department of Water Resources,NA,NA,36133,21N14E25P003M,21N14E25P003M,USGS quad,5 ft.,5-012.01,Sierra Valley,Sierra,60,Residential,Single Well,NA,1981-04-27 00:00:00 - 2020-04-24 12:00:00,82,fall,17.9,36.8,NA,NA,1983,NA,1982-10-01T00:00:00Z,1983-10-01T00:00:00Z,-120.367,39.6391
396391N1203667W001,1751198,1982-09-16T00:00:00Z,4939.6,4938.6,0,22.7,4916.9,22.7,21.7,NA,Unknown,Water level accuracy is unknown,1,Department of Water Resources,NA,1,Department of Water Resources,NA,NA,36133,21N14E25P003M,21N14E25P003M,USGS quad,5 ft.,5-012.01,Sierra Valley,Sierra,60,Residential,Single Well,NA,1981-04-27 00:00:00 - 2020-04-24 12:00:00,82,fall,17.9,36.8,NA,NA,1982,Wet,1981-10-01T00:00:00Z,1982-10-01T00:00:00Z,-120.367,39.6391
396391N1203667W001,1751197,1982-04-27T00:00:00Z,4939.6,4938.6,0,15.6,4924,15.6,14.6,NA,Unknown,Water level accuracy is unknown,1,Department of Water Resources,NA,1,Department of Water Resources,NA,NA,36133,21N14E25P003M,21N14E25P003M,USGS quad,5 ft.,5-012.01,Sierra Valley,Sierra,60,Residential,Single Well,NA,1981-04-27 00:00:00 - 2020-04-24 12:00:00,82,spring,NA,NA,12.14,25.2,1982,Wet,1981-10-01T00:00:00Z,1982-10-01T00:00:00Z,-120.367,39.6391
396391N1203667W001,1751196,1981-10-07T00:00:00Z,4939.6,4938.6,0,25,4914.6,25,24,NA,Unknown,Water level accuracy is unknown,1,Department of Water Resources,NA,1,Department of Water Resources,NA,NA,36133,21N14E25P003M,21N14E25P003M,USGS quad,5 ft.,5-012.01,Sierra Valley,Sierra,60,Residential,Single Well,NA,1981-04-27 00:00:00 - 2020-04-24 12:00:00,82,fall,17.9,36.8,NA,NA,1982,Wet,1981-10-01T00:00:00Z,1982-10-01T00:00:00Z,-120.367,39.6391
396391N1203667W001,1751195,1981-09-16T00:00:00Z,4939.6,4938.6,0,26.1,4913.5,26.1,25.1,NA,Unknown,Water level accuracy is unknown,1,Department of Water Resources,NA,1,Department of Water Resources,NA,NA,36133,21N14E25P003M,21N14E25P003M,USGS quad,5 ft.,5-012.01,Sierra Valley,Sierra,60,Residential,Single Well,NA,1981-04-27 00:00:00 - 2020-04-24 12:00:00,82,fall,17.9,36.8,NA,NA,1981,Dry,1980-10-01T00:00:00Z,1981-10-01T00:00:00Z,-120.367,39.6391
396391N1203667W001,1751194,1981-04-27T00:00:00Z,4939.6,4938.6,0,25.5,4914.1,25.5,24.5,NA,Unknown,Water level accuracy is unknown,1,Department of Water Resources,NA,1,Department of Water Resources,NA,NA,36133,21N14E25P003M,21N14E25P003M,USGS quad,5 ft.,5-012.01,Sierra Valley,Sierra,60,Residential,Single Well,NA,1981-04-27 00:00:00 - 2020-04-24 12:00:00,82,spring,NA,NA,12.14,25.2,1981,Dry,1980-10-01T00:00:00Z,1981-10-01T00:00:00Z,-120.367,39.6391
