SITE_CODE,WLM_ID,MSMT_DATE,WLM_RPE,WLM_GSE,RDNG_WS,RDNG_RP,WSE,RPE_WSE,GSE_WSE,WLM_QA_DESC,WLM_DESC,WLM_ACC_DESC,WLM_ORG_ID,WLM_ORG_NAME,MSMT_CMT,COOP_AGENCY_ORG_ID,COOP_ORG_NAME,TOP_PRF,BOT_PRF,STN_ID,SWN,WELL_NAME,WLM_METHOD,WLM_ACC,BASIN_CODE,BASIN_NAME,COUNTY_NAME,WELL_DEPTH,WELL_USE,WELL_TYPE,WCR_NO,t_range,n_samples,season,fall_high,fall_low,spring_high,spring_low,water_year,water_year_type,water_year_start,water_year_end,X,Y
396426N1204317W001,972931,2002-03-26T00:00:00Z,4937.13,4936.13,0,4,4933.13,4,3,NA,Unknown,Water level accuracy is unknown,1,Department of Water Resources,NA,1,Department of Water Resources,NA,NA,19594,21N14E29J001M,NA,Unknown,Unknown,5-012.01,Sierra Valley,Sierra,30,Residential,Unknown,184756,1959-04-21 - 2009-04-13,71,spring,NA,NA,0.9,9.9,2002,NA,2001-10-01T00:00:00Z,2002-10-01T00:00:00Z,-120.432,39.6426
396426N1204317W001,972930,2001-10-18T00:00:00Z,4937.13,4936.13,0,6.6,4930.53,6.6,5.6,NA,Unknown,Water level accuracy is unknown,1,Department of Water Resources,NA,1,Department of Water Resources,NA,NA,19594,21N14E29J001M,NA,Unknown,Unknown,5-012.01,Sierra Valley,Sierra,30,Residential,Unknown,184756,1959-04-21 - 2009-04-13,71,fall,5.6,29.2,NA,NA,2002,NA,2001-10-01T00:00:00Z,2002-10-01T00:00:00Z,-120.432,39.6426
396426N1204317W001,972929,2001-03-27T00:00:00Z,4937.13,4936.13,0,7,4930.13,7,6,NA,Unknown,Water level accuracy is unknown,1,Department of Water Resources,NA,1,Department of Water Resources,NA,NA,19594,21N14E29J001M,NA,Unknown,Unknown,5-012.01,Sierra Valley,Sierra,30,Residential,Unknown,184756,1959-04-21 - 2009-04-13,71,spring,NA,NA,0.9,9.9,2001,Dry,2000-10-01T00:00:00Z,2001-10-01T00:00:00Z,-120.432,39.6426
396426N1204317W001,972928,2000-10-19T00:00:00Z,4937.13,4936.13,0,10.8,4926.33,10.8,9.8,NA,Unknown,Water level accuracy is unknown,1,Department of Water Resources,NA,1,Department of Water Resources,NA,NA,19594,21N14E29J001M,NA,Unknown,Unknown,5-012.01,Sierra Valley,Sierra,30,Residential,Unknown,184756,1959-04-21 - 2009-04-13,71,fall,5.6,29.2,NA,NA,2001,Dry,2000-10-01T00:00:00Z,2001-10-01T00:00:00Z,-120.432,39.6426
396426N1204317W001,972927,2000-03-26T00:00:00Z,4937.13,4936.13,0,5.1,4932.03,5.1,4.1,NA,Unknown,Water level accuracy is unknown,1,Department of Water Resources,NA,1,Department of Water Resources,NA,NA,19594,21N14E29J001M,NA,Unknown,Unknown,5-012.01,Sierra Valley,Sierra,30,Residential,Unknown,184756,1959-04-21 - 2009-04-13,71,spring,NA,NA,0.9,9.9,2000,NA,1999-10-01T00:00:00Z,2000-10-01T00:00:00Z,-120.432,39.6426
396426N1204317W001,972925,1999-10-12T00:00:00Z,4937.13,4936.13,0,12.9,4924.23,12.9,11.9,Pumped recently,Unknown,Water level accuracy is unknown,1,Department of Water Resources,NA,1,Department of Water Resources,NA,NA,19594,21N14E29J001M,NA,Unknown,Unknown,5-012.01,Sierra Valley,Sierra,30,Residential,Unknown,184756,1959-04-21 - 2009-04-13,71,fall,5.6,29.2,NA,NA,2000,NA,1999-10-01T00:00:00Z,2000-10-01T00:00:00Z,-120.432,39.6426
396426N1204317W001,972926,1999-04-15T00:00:00Z,4937.13,4936.13,0,3.6,4933.53,3.6,2.6,NA,Unknown,Water level accuracy is unknown,1,Department of Water Resources,NA,1,Department of Water Resources,NA,NA,19594,21N14E29J001M,NA,Unknown,Unknown,5-012.01,Sierra Valley,Sierra,30,Residential,Unknown,184756,1959-04-21 - 2009-04-13,71,spring,NA,NA,0.9,9.9,1999,NA,1998-10-01T00:00:00Z,1999-10-01T00:00:00Z,-120.432,39.6426
396426N1204317W001,972923,1998-10-13T00:00:00Z,4937.13,4936.13,0,10,4927.13,10,9,NA,Unknown,Water level accuracy is unknown,1,Department of Water Resources,NA,1,Department of Water Resources,NA,NA,19594,21N14E29J001M,NA,Unknown,Unknown,5-012.01,Sierra Valley,Sierra,30,Residential,Unknown,184756,1959-04-21 - 2009-04-13,71,fall,5.6,29.2,NA,NA,1999,NA,1998-10-01T00:00:00Z,1999-10-01T00:00:00Z,-120.432,39.6426
396426N1204317W001,972924,1998-05-16T00:00:00Z,4937.13,4936.13,0,3.7,4933.43,3.7,2.7,NA,Unknown,Water level accuracy is unknown,1,Department of Water Resources,NA,1,Department of Water Resources,NA,NA,19594,21N14E29J001M,NA,Unknown,Unknown,5-012.01,Sierra Valley,Sierra,30,Residential,Unknown,184756,1959-04-21 - 2009-04-13,71,spring,NA,NA,0.9,9.9,1998,NA,1997-10-01T00:00:00Z,1998-10-01T00:00:00Z,-120.432,39.6426
396426N1204317W001,972922,1997-10-18T00:00:00Z,4937.13,4936.13,0,9.6,4927.53,9.6,8.6,NA,Unknown,Water level accuracy is unknown,1,Department of Water Resources,NA,1,Department of Water Resources,NA,NA,19594,21N14E29J001M,NA,Unknown,Unknown,5-012.01,Sierra Valley,Sierra,30,Residential,Unknown,184756,1959-04-21 - 2009-04-13,71,fall,5.6,29.2,NA,NA,1998,NA,1997-10-01T00:00:00Z,1998-10-01T00:00:00Z,-120.432,39.6426
396426N1204317W001,972921,1997-04-05T00:00:00Z,4937.13,4936.13,0,6.2,4930.93,6.2,5.2,NA,Unknown,Water level accuracy is unknown,1,Department of Water Resources,NA,1,Department of Water Resources,NA,NA,19594,21N14E29J001M,NA,Unknown,Unknown,5-012.01,Sierra Valley,Sierra,30,Residential,Unknown,184756,1959-04-21 - 2009-04-13,71,spring,NA,NA,0.9,9.9,1997,NA,1996-10-01T00:00:00Z,1997-10-01T00:00:00Z,-120.432,39.6426
396426N1204317W001,972874,1996-10-31T00:00:00Z,4937.13,4936.13,0,9.5,4927.63,9.5,8.5,NA,Unknown,Water level accuracy is unknown,1,Department of Water Resources,NA,1,Department of Water Resources,NA,NA,19594,21N14E29J001M,NA,Unknown,Unknown,5-012.01,Sierra Valley,Sierra,30,Residential,Unknown,184756,1959-04-21 - 2009-04-13,71,fall,5.6,29.2,NA,NA,1997,NA,1996-10-01T00:00:00Z,1997-10-01T00:00:00Z,-120.432,39.6426
396426N1204317W001,972920,1996-05-09T00:00:00Z,4937.13,4936.13,0,6.6,4930.53,6.6,5.6,Pumped recently,Unknown,Water level accuracy is unknown,1,Department of Water Resources,NA,1,Department of Water Resources,NA,NA,19594,21N14E29J001M,NA,Unknown,Unknown,5-012.01,Sierra Valley,Sierra,30,Residential,Unknown,184756,1959-04-21 - 2009-04-13,71,spring,NA,NA,0.9,9.9,1996,NA,1995-10-01T00:00:00Z,1996-10-01T00:00:00Z,-120.432,39.6426
396426N1204317W001,972919,1995-10-27T00:00:00Z,4937.13,4936.13,0,9.7,4927.43,9.7,8.7,NA,Unknown,Water level accuracy is unknown,1,Department of Water Resources,NA,1,Department of Water Resources,NA,NA,19594,21N14E29J001M,NA,Unknown,Unknown,5-012.01,Sierra Valley,Sierra,30,Residential,Unknown,184756,1959-04-21 - 2009-04-13,71,fall,5.6,29.2,NA,NA,1996,NA,1995-10-01T00:00:00Z,1996-10-01T00:00:00Z,-120.432,39.6426
396426N1204317W001,972918,1995-06-02T00:00:00Z,4937.13,4936.13,0,6.9,4930.23,6.9,5.9,Pumped recently,Unknown,Water level accuracy is unknown,1,Department of Water Resources,NA,1,Department of Water Resources,NA,NA,19594,21N14E29J001M,NA,Unknown,Unknown,5-012.01,Sierra Valley,Sierra,30,Residential,Unknown,184756,1959-04-21 - 2009-04-13,71,other,NA,NA,NA,NA,1995,Wet,1994-10-01T00:00:00Z,1995-10-01T00:00:00Z,-120.432,39.6426
396426N1204317W001,972917,1994-10-29T00:00:00Z,4937.13,4936.13,0,10.5,4926.63,10.5,9.5,NA,Unknown,Water level accuracy is unknown,1,Department of Water Resources,NA,1,Department of Water Resources,NA,NA,19594,21N14E29J001M,NA,Unknown,Unknown,5-012.01,Sierra Valley,Sierra,30,Residential,Unknown,184756,1959-04-21 - 2009-04-13,71,fall,5.6,29.2,NA,NA,1995,Wet,1994-10-01T00:00:00Z,1995-10-01T00:00:00Z,-120.432,39.6426
396426N1204317W001,972916,1994-04-01T00:00:00Z,4937.13,4936.13,0,6.2,4930.93,6.2,5.2,NA,Unknown,Water level accuracy is unknown,1,Department of Water Resources,NA,1,Department of Water Resources,NA,NA,19594,21N14E29J001M,NA,Unknown,Unknown,5-012.01,Sierra Valley,Sierra,30,Residential,Unknown,184756,1959-04-21 - 2009-04-13,71,spring,NA,NA,0.9,9.9,1994,Dry,1993-10-01T00:00:00Z,1994-10-01T00:00:00Z,-120.432,39.6426
396426N1204317W001,972915,1993-10-22T00:00:00Z,4937.13,4936.13,0,9.8,4927.33,9.8,8.8,NA,Unknown,Water level accuracy is unknown,1,Department of Water Resources,NA,1,Department of Water Resources,NA,NA,19594,21N14E29J001M,NA,Unknown,Unknown,5-012.01,Sierra Valley,Sierra,30,Residential,Unknown,184756,1959-04-21 - 2009-04-13,71,fall,5.6,29.2,NA,NA,1994,Dry,1993-10-01T00:00:00Z,1994-10-01T00:00:00Z,-120.432,39.6426
396426N1204317W001,972914,1993-04-19T00:00:00Z,4937.13,4936.13,0,4.1,4933.03,4.1,3.1,Pumped recently,Unknown,Water level accuracy is unknown,1,Department of Water Resources,NA,1,Department of Water Resources,NA,NA,19594,21N14E29J001M,NA,Unknown,Unknown,5-012.01,Sierra Valley,Sierra,30,Residential,Unknown,184756,1959-04-21 - 2009-04-13,71,spring,NA,NA,0.9,9.9,1993,NA,1992-10-01T00:00:00Z,1993-10-01T00:00:00Z,-120.432,39.6426
396426N1204317W001,972913,1992-10-19T00:00:00Z,4937.13,4936.13,0,10.9,4926.23,10.9,9.9,NA,Unknown,Water level accuracy is unknown,1,Department of Water Resources,NA,1,Department of Water Resources,NA,NA,19594,21N14E29J001M,NA,Unknown,Unknown,5-012.01,Sierra Valley,Sierra,30,Residential,Unknown,184756,1959-04-21 - 2009-04-13,71,fall,5.6,29.2,NA,NA,1993,NA,1992-10-01T00:00:00Z,1993-10-01T00:00:00Z,-120.432,39.6426
396426N1204317W001,972912,1992-03-23T00:00:00Z,4937.13,4936.13,0,3.4,4933.73,3.4,2.4,NA,Unknown,Water level accuracy is unknown,1,Department of Water Resources,NA,1,Department of Water Resources,NA,NA,19594,21N14E29J001M,NA,Unknown,Unknown,5-012.01,Sierra Valley,Sierra,30,Residential,Unknown,184756,1959-04-21 - 2009-04-13,71,spring,NA,NA,0.9,9.9,1992,NA,1991-10-01T00:00:00Z,1992-10-01T00:00:00Z,-120.432,39.6426
396426N1204317W001,972911,1991-10-21T00:00:00Z,4937.13,4936.13,0,30.2,4906.93,30.2,29.2,Pumping,Unknown,Water level accuracy is unknown,1,Department of Water Resources,NA,1,Department of Water Resources,NA,NA,19594,21N14E29J001M,NA,Unknown,Unknown,5-012.01,Sierra Valley,Sierra,30,Residential,Unknown,184756,1959-04-21 - 2009-04-13,71,fall,5.6,29.2,NA,NA,1992,NA,1991-10-01T00:00:00Z,1992-10-01T00:00:00Z,-120.432,39.6426
396426N1204317W001,972910,1991-02-26T00:00:00Z,4937.13,4936.13,0,9,4928.13,9,8,NA,Unknown,Water level accuracy is unknown,1,Department of Water Resources,NA,1,Department of Water Resources,NA,NA,19594,21N14E29J001M,NA,Unknown,Unknown,5-012.01,Sierra Valley,Sierra,30,Residential,Unknown,184756,1959-04-21 - 2009-04-13,71,other,NA,NA,NA,NA,1991,NA,1990-10-01T00:00:00Z,1991-10-01T00:00:00Z,-120.432,39.6426
396426N1204317W001,972909,1990-10-22T00:00:00Z,4937.13,4936.13,0,9.6,4927.53,9.6,8.6,NA,Unknown,Water level accuracy is unknown,1,Department of Water Resources,NA,1,Department of Water Resources,NA,NA,19594,21N14E29J001M,NA,Unknown,Unknown,5-012.01,Sierra Valley,Sierra,30,Residential,Unknown,184756,1959-04-21 - 2009-04-13,71,fall,5.6,29.2,NA,NA,1991,NA,1990-10-01T00:00:00Z,1991-10-01T00:00:00Z,-120.432,39.6426
396426N1204317W001,972908,1990-04-09T00:00:00Z,4937.13,4936.13,0,3.8,4933.33,3.8,2.8,NA,Unknown,Water level accuracy is unknown,1,Department of Water Resources,NA,1,Department of Water Resources,NA,NA,19594,21N14E29J001M,NA,Unknown,Unknown,5-012.01,Sierra Valley,Sierra,30,Residential,Unknown,184756,1959-04-21 - 2009-04-13,71,spring,NA,NA,0.9,9.9,1990,NA,1989-10-01T00:00:00Z,1990-10-01T00:00:00Z,-120.432,39.6426
396426N1204317W001,972907,1989-09-25T00:00:00Z,4937.13,4936.13,0,9.4,4927.73,9.4,8.4,NA,Unknown,Water level accuracy is unknown,1,Department of Water Resources,NA,1,Department of Water Resources,NA,NA,19594,21N14E29J001M,NA,Unknown,Unknown,5-012.01,Sierra Valley,Sierra,30,Residential,Unknown,184756,1959-04-21 - 2009-04-13,71,fall,5.6,29.2,NA,NA,1989,NA,1988-10-01T00:00:00Z,1989-10-01T00:00:00Z,-120.432,39.6426
396426N1204317W001,972906,1989-04-04T00:00:00Z,4937.13,4936.13,0,3.7,4933.43,3.7,2.7,NA,Unknown,Water level accuracy is unknown,1,Department of Water Resources,NA,1,Department of Water Resources,NA,NA,19594,21N14E29J001M,NA,Unknown,Unknown,5-012.01,Sierra Valley,Sierra,30,Residential,Unknown,184756,1959-04-21 - 2009-04-13,71,spring,NA,NA,0.9,9.9,1989,NA,1988-10-01T00:00:00Z,1989-10-01T00:00:00Z,-120.432,39.6426
396426N1204317W001,972905,1988-10-27T00:00:00Z,4937.13,4936.13,0,10.8,4926.33,10.8,9.8,NA,Unknown,Water level accuracy is unknown,1,Department of Water Resources,NA,1,Department of Water Resources,NA,NA,19594,21N14E29J001M,NA,Unknown,Unknown,5-012.01,Sierra Valley,Sierra,30,Residential,Unknown,184756,1959-04-21 - 2009-04-13,71,fall,5.6,29.2,NA,NA,1989,NA,1988-10-01T00:00:00Z,1989-10-01T00:00:00Z,-120.432,39.6426
396426N1204317W001,972904,1988-03-23T00:00:00Z,4937.13,4936.13,0,6.1,4931.03,6.1,5.1,NA,Unknown,Water level accuracy is unknown,1,Department of Water Resources,NA,1,Department of Water Resources,NA,NA,19594,21N14E29J001M,NA,Unknown,Unknown,5-012.01,Sierra Valley,Sierra,30,Residential,Unknown,184756,1959-04-21 - 2009-04-13,71,spring,NA,NA,0.9,9.9,1988,NA,1987-10-01T00:00:00Z,1988-10-01T00:00:00Z,-120.432,39.6426
396426N1204317W001,972903,1987-10-21T00:00:00Z,4937.13,4936.13,0,10.5,4926.63,10.5,9.5,NA,Unknown,Water level accuracy is unknown,1,Department of Water Resources,NA,1,Department of Water Resources,NA,NA,19594,21N14E29J001M,NA,Unknown,Unknown,5-012.01,Sierra Valley,Sierra,30,Residential,Unknown,184756,1959-04-21 - 2009-04-13,71,fall,5.6,29.2,NA,NA,1988,NA,1987-10-01T00:00:00Z,1988-10-01T00:00:00Z,-120.432,39.6426
396426N1204317W001,972902,1987-04-07T00:00:00Z,4937.13,4936.13,0,10.9,4926.23,10.9,9.9,NA,Unknown,Water level accuracy is unknown,1,Department of Water Resources,NA,1,Department of Water Resources,NA,NA,19594,21N14E29J001M,NA,Unknown,Unknown,5-012.01,Sierra Valley,Sierra,30,Residential,Unknown,184756,1959-04-21 - 2009-04-13,71,spring,NA,NA,0.9,9.9,1987,Dry,1986-10-01T00:00:00Z,1987-10-01T00:00:00Z,-120.432,39.6426
396426N1204317W001,972901,1986-10-02T00:00:00Z,4937.13,4936.13,0,9.1,4928.03,9.1,8.1,NA,Unknown,Water level accuracy is unknown,1,Department of Water Resources,NA,1,Department of Water Resources,NA,NA,19594,21N14E29J001M,NA,Unknown,Unknown,5-012.01,Sierra Valley,Sierra,30,Residential,Unknown,184756,1959-04-21 - 2009-04-13,71,fall,5.6,29.2,NA,NA,1987,Dry,1986-10-01T00:00:00Z,1987-10-01T00:00:00Z,-120.432,39.6426
396426N1204317W001,972900,1986-04-01T00:00:00Z,4937.13,4936.13,0,3.1,4934.03,3.1,2.1,NA,Unknown,Water level accuracy is unknown,1,Department of Water Resources,NA,1,Department of Water Resources,NA,NA,19594,21N14E29J001M,NA,Unknown,Unknown,5-012.01,Sierra Valley,Sierra,30,Residential,Unknown,184756,1959-04-21 - 2009-04-13,71,spring,NA,NA,0.9,9.9,1986,Wet,1985-10-01T00:00:00Z,1986-10-01T00:00:00Z,-120.432,39.6426
396426N1204317W001,972899,1985-10-05T00:00:00Z,4937.13,4936.13,0,9.5,4927.63,9.5,8.5,NA,Unknown,Water level accuracy is unknown,1,Department of Water Resources,NA,1,Department of Water Resources,NA,NA,19594,21N14E29J001M,NA,Unknown,Unknown,5-012.01,Sierra Valley,Sierra,30,Residential,Unknown,184756,1959-04-21 - 2009-04-13,71,fall,5.6,29.2,NA,NA,1986,Wet,1985-10-01T00:00:00Z,1986-10-01T00:00:00Z,-120.432,39.6426
396426N1204317W001,972898,1985-03-25T00:00:00Z,4937.13,4936.13,0,2.2,4934.93,2.2,1.2,NA,Unknown,Water level accuracy is unknown,1,Department of Water Resources,NA,1,Department of Water Resources,NA,NA,19594,21N14E29J001M,NA,Unknown,Unknown,5-012.01,Sierra Valley,Sierra,30,Residential,Unknown,184756,1959-04-21 - 2009-04-13,71,spring,NA,NA,0.9,9.9,1985,Dry,1984-10-01T00:00:00Z,1985-10-01T00:00:00Z,-120.432,39.6426
396426N1204317W001,972897,1984-10-01T00:00:00Z,4937.13,4936.13,0,9.6,4927.53,9.6,8.6,NA,Unknown,Water level accuracy is unknown,1,Department of Water Resources,NA,1,Department of Water Resources,NA,NA,19594,21N14E29J001M,NA,Unknown,Unknown,5-012.01,Sierra Valley,Sierra,30,Residential,Unknown,184756,1959-04-21 - 2009-04-13,71,fall,5.6,29.2,NA,NA,1985,Dry,1984-10-01T00:00:00Z,1985-10-01T00:00:00Z,-120.432,39.6426
396426N1204317W001,972896,1984-03-14T00:00:00Z,4937.13,4936.13,0,2.4,4934.73,2.4,1.4,NA,Unknown,Water level accuracy is unknown,1,Department of Water Resources,NA,1,Department of Water Resources,NA,NA,19594,21N14E29J001M,NA,Unknown,Unknown,5-012.01,Sierra Valley,Sierra,30,Residential,Unknown,184756,1959-04-21 - 2009-04-13,71,spring,NA,NA,0.9,9.9,1984,NA,1983-10-01T00:00:00Z,1984-10-01T00:00:00Z,-120.432,39.6426
396426N1204317W001,972895,1983-09-27T00:00:00Z,4937.13,4936.13,0,8.7,4928.43,8.7,7.7,NA,Unknown,Water level accuracy is unknown,1,Department of Water Resources,NA,1,Department of Water Resources,NA,NA,19594,21N14E29J001M,NA,Unknown,Unknown,5-012.01,Sierra Valley,Sierra,30,Residential,Unknown,184756,1959-04-21 - 2009-04-13,71,fall,5.6,29.2,NA,NA,1983,NA,1982-10-01T00:00:00Z,1983-10-01T00:00:00Z,-120.432,39.6426
396426N1204317W001,972894,1983-09-26T00:00:00Z,4937.13,4936.13,0,21,4916.13,21,20,NA,Unknown,Water level accuracy is unknown,1,Department of Water Resources,NA,1,Department of Water Resources,NA,NA,19594,21N14E29J001M,NA,Unknown,Unknown,5-012.01,Sierra Valley,Sierra,30,Residential,Unknown,184756,1959-04-21 - 2009-04-13,71,fall,5.6,29.2,NA,NA,1983,NA,1982-10-01T00:00:00Z,1983-10-01T00:00:00Z,-120.432,39.6426
396426N1204317W001,972893,1983-04-12T00:00:00Z,4937.13,4936.13,0,2,4935.13,2,1,NA,Unknown,Water level accuracy is unknown,1,Department of Water Resources,NA,1,Department of Water Resources,NA,NA,19594,21N14E29J001M,NA,Unknown,Unknown,5-012.01,Sierra Valley,Sierra,30,Residential,Unknown,184756,1959-04-21 - 2009-04-13,71,spring,NA,NA,0.9,9.9,1983,NA,1982-10-01T00:00:00Z,1983-10-01T00:00:00Z,-120.432,39.6426
396426N1204317W001,972892,1982-10-05T00:00:00Z,4937.13,4936.13,0,8.6,4928.53,8.6,7.6,NA,Unknown,Water level accuracy is unknown,1,Department of Water Resources,NA,1,Department of Water Resources,NA,NA,19594,21N14E29J001M,NA,Unknown,Unknown,5-012.01,Sierra Valley,Sierra,30,Residential,Unknown,184756,1959-04-21 - 2009-04-13,71,fall,5.6,29.2,NA,NA,1983,NA,1982-10-01T00:00:00Z,1983-10-01T00:00:00Z,-120.432,39.6426
396426N1204317W001,972891,1982-09-15T00:00:00Z,4937.13,4936.13,0,18.2,4918.93,18.2,17.2,NA,Unknown,Water level accuracy is unknown,1,Department of Water Resources,NA,1,Department of Water Resources,NA,NA,19594,21N14E29J001M,NA,Unknown,Unknown,5-012.01,Sierra Valley,Sierra,30,Residential,Unknown,184756,1959-04-21 - 2009-04-13,71,fall,5.6,29.2,NA,NA,1982,Wet,1981-10-01T00:00:00Z,1982-10-01T00:00:00Z,-120.432,39.6426
396426N1204317W001,972890,1982-04-26T00:00:00Z,4937.13,4936.13,0,2.3,4934.83,2.3,1.3,NA,Unknown,Water level accuracy is unknown,1,Department of Water Resources,NA,1,Department of Water Resources,NA,NA,19594,21N14E29J001M,NA,Unknown,Unknown,5-012.01,Sierra Valley,Sierra,30,Residential,Unknown,184756,1959-04-21 - 2009-04-13,71,spring,NA,NA,0.9,9.9,1982,Wet,1981-10-01T00:00:00Z,1982-10-01T00:00:00Z,-120.432,39.6426
396426N1204317W001,972889,1982-02-03T00:00:00Z,4937.13,4936.13,0,4.3,4932.83,4.3,3.3,NA,Unknown,Water level accuracy is unknown,1,Department of Water Resources,NA,1,Department of Water Resources,NA,NA,19594,21N14E29J001M,NA,Unknown,Unknown,5-012.01,Sierra Valley,Sierra,30,Residential,Unknown,184756,1959-04-21 - 2009-04-13,71,other,NA,NA,NA,NA,1982,Wet,1981-10-01T00:00:00Z,1982-10-01T00:00:00Z,-120.432,39.6426
396426N1204317W001,972888,1981-10-06T00:00:00Z,4937.13,4936.13,0,14,4923.13,14,13,NA,Unknown,Water level accuracy is unknown,1,Department of Water Resources,NA,1,Department of Water Resources,NA,NA,19594,21N14E29J001M,NA,Unknown,Unknown,5-012.01,Sierra Valley,Sierra,30,Residential,Unknown,184756,1959-04-21 - 2009-04-13,71,fall,5.6,29.2,NA,NA,1982,Wet,1981-10-01T00:00:00Z,1982-10-01T00:00:00Z,-120.432,39.6426
396426N1204317W001,972887,1981-09-15T00:00:00Z,4937.13,4936.13,0,20,4917.13,20,19,NA,Unknown,Water level accuracy is unknown,1,Department of Water Resources,NA,1,Department of Water Resources,NA,NA,19594,21N14E29J001M,NA,Unknown,Unknown,5-012.01,Sierra Valley,Sierra,30,Residential,Unknown,184756,1959-04-21 - 2009-04-13,71,fall,5.6,29.2,NA,NA,1981,Dry,1980-10-01T00:00:00Z,1981-10-01T00:00:00Z,-120.432,39.6426
396426N1204317W001,972886,1981-08-26T00:00:00Z,4937.13,4936.13,0,12,4925.13,12,11,NA,Unknown,Water level accuracy is unknown,1,Department of Water Resources,NA,1,Department of Water Resources,NA,NA,19594,21N14E29J001M,NA,Unknown,Unknown,5-012.01,Sierra Valley,Sierra,30,Residential,Unknown,184756,1959-04-21 - 2009-04-13,71,fall,5.6,29.2,NA,NA,1981,Dry,1980-10-01T00:00:00Z,1981-10-01T00:00:00Z,-120.432,39.6426
396426N1204317W001,972885,1981-08-11T00:00:00Z,4937.13,4936.13,0,20.7,4916.43,20.7,19.7,NA,Unknown,Water level accuracy is unknown,1,Department of Water Resources,NA,1,Department of Water Resources,NA,NA,19594,21N14E29J001M,NA,Unknown,Unknown,5-012.01,Sierra Valley,Sierra,30,Residential,Unknown,184756,1959-04-21 - 2009-04-13,71,fall,5.6,29.2,NA,NA,1981,Dry,1980-10-01T00:00:00Z,1981-10-01T00:00:00Z,-120.432,39.6426
396426N1204317W001,972884,1981-04-30T00:00:00Z,4937.13,4936.13,0,6.5,4930.63,6.5,5.5,NA,Unknown,Water level accuracy is unknown,1,Department of Water Resources,NA,1,Department of Water Resources,NA,NA,19594,21N14E29J001M,NA,Unknown,Unknown,5-012.01,Sierra Valley,Sierra,30,Residential,Unknown,184756,1959-04-21 - 2009-04-13,71,spring,NA,NA,0.9,9.9,1981,Dry,1980-10-01T00:00:00Z,1981-10-01T00:00:00Z,-120.432,39.6426
396426N1204317W001,972883,1965-04-15T00:00:00Z,4937.13,4936.13,0,2.6,4934.53,2.6,1.6,NA,Unknown,Water level accuracy is unknown,1,Department of Water Resources,NA,1,Department of Water Resources,NA,NA,19594,21N14E29J001M,NA,Unknown,Unknown,5-012.01,Sierra Valley,Sierra,30,Residential,Unknown,184756,1959-04-21 - 2009-04-13,71,spring,NA,NA,0.9,9.9,1965,Wet,1964-10-01T00:00:00Z,1965-10-01T00:00:00Z,-120.432,39.6426
396426N1204317W001,972882,1964-10-16T00:00:00Z,4937.13,4936.13,0,8.2,4928.93,8.2,7.2,NA,Unknown,Water level accuracy is unknown,1,Department of Water Resources,NA,1,Department of Water Resources,NA,NA,19594,21N14E29J001M,NA,Unknown,Unknown,5-012.01,Sierra Valley,Sierra,30,Residential,Unknown,184756,1959-04-21 - 2009-04-13,71,fall,5.6,29.2,NA,NA,1965,Wet,1964-10-01T00:00:00Z,1965-10-01T00:00:00Z,-120.432,39.6426
396426N1204317W001,972878,1960-09-19T00:00:00Z,4937.13,4936.13,0,8.4,4928.73,8.4,7.4,NA,Unknown,Water level accuracy is unknown,1,Department of Water Resources,NA,1,Department of Water Resources,NA,NA,19594,21N14E29J001M,NA,Unknown,Unknown,5-012.01,Sierra Valley,Sierra,30,Residential,Unknown,184756,1959-04-21 - 2009-04-13,71,fall,5.6,29.2,NA,NA,1960,Dry,1959-10-01T00:00:00Z,1960-10-01T00:00:00Z,-120.432,39.6426
396426N1204317W001,972877,1960-04-12T00:00:00Z,4937.13,4936.13,0,1.9,4935.23,1.9,0.9,NA,Unknown,Water level accuracy is unknown,1,Department of Water Resources,NA,1,Department of Water Resources,NA,NA,19594,21N14E29J001M,NA,Unknown,Unknown,5-012.01,Sierra Valley,Sierra,30,Residential,Unknown,184756,1959-04-21 - 2009-04-13,71,spring,NA,NA,0.9,9.9,1960,Dry,1959-10-01T00:00:00Z,1960-10-01T00:00:00Z,-120.432,39.6426
396426N1204317W001,972876,1959-09-23T00:00:00Z,4937.13,4936.13,0,7.8,4929.33,7.8,6.8,NA,Unknown,Water level accuracy is unknown,1,Department of Water Resources,NA,1,Department of Water Resources,NA,NA,19594,21N14E29J001M,NA,Unknown,Unknown,5-012.01,Sierra Valley,Sierra,30,Residential,Unknown,184756,1959-04-21 - 2009-04-13,71,fall,5.6,29.2,NA,NA,1959,NA,1958-10-01T00:00:00Z,1959-10-01T00:00:00Z,-120.432,39.6426
396426N1204317W001,972875,1959-04-21T00:00:00Z,4937.13,4936.13,0,8.2,4928.93,8.2,7.2,NA,Unknown,Water level accuracy is unknown,1,Department of Water Resources,NA,1,Department of Water Resources,NA,NA,19594,21N14E29J001M,NA,Unknown,Unknown,5-012.01,Sierra Valley,Sierra,30,Residential,Unknown,184756,1959-04-21 - 2009-04-13,71,spring,NA,NA,0.9,9.9,1959,NA,1958-10-01T00:00:00Z,1959-10-01T00:00:00Z,-120.432,39.6426
