SITE_CODE,WLM_ID,MSMT_DATE,WLM_RPE,WLM_GSE,RDNG_WS,RDNG_RP,WSE,RPE_WSE,GSE_WSE,WLM_QA_DESC,WLM_DESC,WLM_ACC_DESC,WLM_ORG_ID,WLM_ORG_NAME,MSMT_CMT,COOP_AGENCY_ORG_ID,COOP_ORG_NAME,TOP_PRF,BOT_PRF,STN_ID,SWN,WELL_NAME,WLM_METHOD,WLM_ACC,BASIN_CODE,BASIN_NAME,COUNTY_NAME,WELL_DEPTH,WELL_USE,WELL_TYPE,WCR_NO,t_range,n_samples,season,fall_high,fall_low,spring_high,spring_low,water_year,water_year_type,water_year_start,water_year_end,X,Y
396444N1204137W001,2623621,2020-04-03T12:00:00Z,4915.2,4915.2,0,1,4914.2,1,1,NA,Electric sounder measurement,Water level accuracy to nearest tenth of a foot,1,Department of Water Resources,NA,388,Sierra Valley Groundwater Management District,90,100,25535,21N14E28G001M,DMW 3s,Digital aerial photo,0.1 ft.,5-012.01,Sierra Valley,Sierra,200,Observation,Part of a nested/multi-completion well,788366,2002-09-03 00:00:00 - 2020-04-24 12:00:00,69,spring,NA,NA,0.38,17.1,2020,Dry,2019-10-01T00:00:00Z,2020-10-01T00:00:00Z,-120.414,39.6444
396444N1204137W001,2493693,2019-10-23T12:00:00Z,4915.2,4915.2,0,2.27,4912.93,2.27,2.27,NA,Electric sounder measurement,Water level accuracy to nearest hundredth of a foot,1,Department of Water Resources,NA,1,Department of Water Resources,90,100,25535,21N14E28G001M,DMW 3s,Digital aerial photo,0.1 ft.,5-012.01,Sierra Valley,Sierra,200,Observation,Part of a nested/multi-completion well,788366,2002-09-03 00:00:00 - 2020-04-24 12:00:00,69,fall,1.65,30.3,NA,NA,2020,Dry,2019-10-01T00:00:00Z,2020-10-01T00:00:00Z,-120.414,39.6444
396444N1204137W001,2454930,2019-04-09T12:00:00Z,4915.2,4915.2,0,0.6,4914.6,0.6,0.6,NA,Electric sounder measurement,Water level accuracy to nearest hundredth of a foot,1,Department of Water Resources,NA,1,Department of Water Resources,90,100,25535,21N14E28G001M,DMW 3s,Digital aerial photo,0.1 ft.,5-012.01,Sierra Valley,Sierra,200,Observation,Part of a nested/multi-completion well,788366,2002-09-03 00:00:00 - 2020-04-24 12:00:00,69,spring,NA,NA,0.38,17.1,2019,Wet,2018-10-01T00:00:00Z,2019-10-01T00:00:00Z,-120.414,39.6444
396444N1204137W001,2414998,2018-10-25T12:00:00Z,4915.2,4915.2,0,2.5,4912.7,2.5,2.5,NA,Electric sounder measurement,Water level accuracy to nearest hundredth of a foot,1,Department of Water Resources,NA,1,Department of Water Resources,90,100,25535,21N14E28G001M,DMW 3s,Digital aerial photo,0.1 ft.,5-012.01,Sierra Valley,Sierra,200,Observation,Part of a nested/multi-completion well,788366,2002-09-03 00:00:00 - 2020-04-24 12:00:00,69,fall,1.65,30.3,NA,NA,2019,Wet,2018-10-01T00:00:00Z,2019-10-01T00:00:00Z,-120.414,39.6444
396444N1204137W001,2285937,2018-04-02T12:00:00Z,4915.2,4915.2,0,0.38,4914.82,0.38,0.38,NA,Electric sounder measurement,Water level accuracy to nearest hundredth of a foot,1,Department of Water Resources,NA,1,Department of Water Resources,90,100,25535,21N14E28G001M,DMW 3s,Digital aerial photo,0.1 ft.,5-012.01,Sierra Valley,Sierra,200,Observation,Part of a nested/multi-completion well,788366,2002-09-03 00:00:00 - 2020-04-24 12:00:00,69,spring,NA,NA,0.38,17.1,2018,NA,2017-10-01T00:00:00Z,2018-10-01T00:00:00Z,-120.414,39.6444
396444N1204137W001,2267977,2017-10-16T00:00:00Z,4915.2,4915.2,0,1.65,4913.55,1.65,1.65,NA,Electric sounder measurement,Water level accuracy to nearest hundredth of a foot,1,Department of Water Resources,NA,1,Department of Water Resources,90,100,25535,21N14E28G001M,DMW 3s,Digital aerial photo,0.1 ft.,5-012.01,Sierra Valley,Sierra,200,Observation,Part of a nested/multi-completion well,788366,2002-09-03 00:00:00 - 2020-04-24 12:00:00,69,fall,1.65,30.3,NA,NA,2018,NA,2017-10-01T00:00:00Z,2018-10-01T00:00:00Z,-120.414,39.6444
396444N1204137W001,2244265,2017-04-03T00:00:00Z,4915.2,4915.2,0,0.7,4914.5,0.7,0.7,NA,Electric sounder measurement,Water level accuracy to nearest hundredth of a foot,1,Department of Water Resources,NA,1,Department of Water Resources,90,100,25535,21N14E28G001M,DMW 3s,Digital aerial photo,0.1 ft.,5-012.01,Sierra Valley,Sierra,200,Observation,Part of a nested/multi-completion well,788366,2002-09-03 00:00:00 - 2020-04-24 12:00:00,69,spring,NA,NA,0.38,17.1,2017,Wet,2016-10-01T00:00:00Z,2017-10-01T00:00:00Z,-120.414,39.6444
396444N1204137W001,2214095,2016-10-24T00:00:00Z,4915.2,4915.2,0,6.35,4908.85,6.35,6.35,NA,Electric sounder measurement,Water level accuracy to nearest hundredth of a foot,1,Department of Water Resources,NA,1,Department of Water Resources,90,100,25535,21N14E28G001M,DMW 3s,Digital aerial photo,0.1 ft.,5-012.01,Sierra Valley,Sierra,200,Observation,Part of a nested/multi-completion well,788366,2002-09-03 00:00:00 - 2020-04-24 12:00:00,69,fall,1.65,30.3,NA,NA,2017,Wet,2016-10-01T00:00:00Z,2017-10-01T00:00:00Z,-120.414,39.6444
396444N1204137W001,2157035,2015-10-19T00:00:00Z,4915.2,4915.2,0,16.57,4898.63,16.57,16.57,NA,Electric sounder measurement,Water level accuracy to nearest hundredth of a foot,1,Department of Water Resources,NA,1,Department of Water Resources,90,100,25535,21N14E28G001M,DMW 3s,Digital aerial photo,0.1 ft.,5-012.01,Sierra Valley,Sierra,200,Observation,Part of a nested/multi-completion well,788366,2002-09-03 00:00:00 - 2020-04-24 12:00:00,69,fall,1.65,30.3,NA,NA,2016,NA,2015-10-01T00:00:00Z,2016-10-01T00:00:00Z,-120.414,39.6444
396444N1204137W001,2119747,2015-03-23T00:00:00Z,4915.2,4915.2,0,1.88,4913.32,1.88,1.88,NA,Electric sounder measurement,Water level accuracy to nearest hundredth of a foot,1,Department of Water Resources,NA,1,Department of Water Resources,90,100,25535,21N14E28G001M,DMW 3s,Digital aerial photo,0.1 ft.,5-012.01,Sierra Valley,Sierra,200,Observation,Part of a nested/multi-completion well,788366,2002-09-03 00:00:00 - 2020-04-24 12:00:00,69,spring,NA,NA,0.38,17.1,2015,NA,2014-10-01T00:00:00Z,2015-10-01T00:00:00Z,-120.414,39.6444
396444N1204137W001,2020262,2014-10-20T09:00:00Z,4915.2,4915.2,0,12.3,4902.9,12.3,12.3,NA,Electric sounder measurement,Water level accuracy to nearest hundredth of a foot,1,Department of Water Resources,NA,1,Department of Water Resources,90,100,25535,21N14E28G001M,DMW 3s,Digital aerial photo,0.1 ft.,5-012.01,Sierra Valley,Sierra,200,Observation,Part of a nested/multi-completion well,788366,2002-09-03 00:00:00 - 2020-04-24 12:00:00,69,fall,1.65,30.3,NA,NA,2015,NA,2014-10-01T00:00:00Z,2015-10-01T00:00:00Z,-120.414,39.6444
396444N1204137W001,1797087,2013-10-21T00:00:00Z,4915.2,4915.2,0,4.91,4910.29,4.91,4.91,NA,Electric sounder measurement,Water level accuracy to nearest hundredth of a foot,1,Department of Water Resources,NA,1,Department of Water Resources,90,100,25535,21N14E28G001M,DMW 3s,Digital aerial photo,0.1 ft.,5-012.01,Sierra Valley,Sierra,200,Observation,Part of a nested/multi-completion well,788366,2002-09-03 00:00:00 - 2020-04-24 12:00:00,69,fall,1.65,30.3,NA,NA,2014,NA,2013-10-01T00:00:00Z,2014-10-01T00:00:00Z,-120.414,39.6444
396444N1204137W001,1684406,2013-03-25T00:00:00Z,4915.23,4915.23,0,0.75,4914.48,0.75,0.75,NA,Electric sounder measurement,Water level accuracy to nearest hundredth of a foot,1,Department of Water Resources,NA,1,Department of Water Resources,90,100,25535,21N14E28G001M,DMW 3s,Digital aerial photo,0.1 ft.,5-012.01,Sierra Valley,Sierra,200,Observation,Part of a nested/multi-completion well,788366,2002-09-03 00:00:00 - 2020-04-24 12:00:00,69,spring,NA,NA,0.38,17.1,2013,Dry,2012-10-01T00:00:00Z,2013-10-01T00:00:00Z,-120.414,39.6444
396444N1204137W001,69347,2012-10-30T00:00:00Z,4915.23,4915.23,0,2.86,4912.37,2.86,2.86,NA,Electric sounder measurement,Water level accuracy to nearest hundredth of a foot,1,Department of Water Resources,NA,1,Department of Water Resources,90,100,25535,21N14E28G001M,DMW 3s,Digital aerial photo,0.1 ft.,5-012.01,Sierra Valley,Sierra,200,Observation,Part of a nested/multi-completion well,788366,2002-09-03 00:00:00 - 2020-04-24 12:00:00,69,fall,1.65,30.3,NA,NA,2013,Dry,2012-10-01T00:00:00Z,2013-10-01T00:00:00Z,-120.414,39.6444
396444N1204137W001,39777,2011-10-18T00:00:00Z,4915.23,4915.23,0,1.79,4913.44,1.79,1.79,NA,Electric sounder measurement,Water level accuracy to nearest hundredth of a foot,1,Department of Water Resources,NA,1,Department of Water Resources,90,100,25535,21N14E28G001M,DMW 3s,Digital aerial photo,0.1 ft.,5-012.01,Sierra Valley,Sierra,200,Observation,Part of a nested/multi-completion well,788366,2002-09-03 00:00:00 - 2020-04-24 12:00:00,69,fall,1.65,30.3,NA,NA,2012,NA,2011-10-01T00:00:00Z,2012-10-01T00:00:00Z,-120.414,39.6444
396444N1204137W001,972774,2011-10-18T00:00:00Z,4915.2,4915.2,0,1.79,4913.41,1.79,1.79,NA,Unknown,Water level accuracy is unknown,1,Department of Water Resources,NA,1,Department of Water Resources,90,100,25535,21N14E28G001M,DMW 3s,Digital aerial photo,0.1 ft.,5-012.01,Sierra Valley,Sierra,200,Observation,Part of a nested/multi-completion well,788366,2002-09-03 00:00:00 - 2020-04-24 12:00:00,69,fall,1.65,30.3,NA,NA,2012,NA,2011-10-01T00:00:00Z,2012-10-01T00:00:00Z,-120.414,39.6444
396444N1204137W001,972773,2011-04-25T00:00:00Z,4915.2,4915.2,0,0.5,4914.7,0.5,0.5,NA,Unknown,Water level accuracy is unknown,1,Department of Water Resources,NA,1,Department of Water Resources,90,100,25535,21N14E28G001M,DMW 3s,Digital aerial photo,0.1 ft.,5-012.01,Sierra Valley,Sierra,200,Observation,Part of a nested/multi-completion well,788366,2002-09-03 00:00:00 - 2020-04-24 12:00:00,69,spring,NA,NA,0.38,17.1,2011,Wet,2010-10-01T00:00:00Z,2011-10-01T00:00:00Z,-120.414,39.6444
396444N1204137W001,972772,2010-10-25T00:00:00Z,4915.2,4915.2,0,2.58,4912.62,2.58,2.58,NA,Unknown,Water level accuracy is unknown,1,Department of Water Resources,NA,1,Department of Water Resources,90,100,25535,21N14E28G001M,DMW 3s,Digital aerial photo,0.1 ft.,5-012.01,Sierra Valley,Sierra,200,Observation,Part of a nested/multi-completion well,788366,2002-09-03 00:00:00 - 2020-04-24 12:00:00,69,fall,1.65,30.3,NA,NA,2011,Wet,2010-10-01T00:00:00Z,2011-10-01T00:00:00Z,-120.414,39.6444
396444N1204137W001,972771,2010-04-07T00:00:00Z,4915.2,4915.2,0,1,4914.2,1,1,NA,Unknown,Water level accuracy is unknown,1,Department of Water Resources,NA,1,Department of Water Resources,90,100,25535,21N14E28G001M,DMW 3s,Digital aerial photo,0.1 ft.,5-012.01,Sierra Valley,Sierra,200,Observation,Part of a nested/multi-completion well,788366,2002-09-03 00:00:00 - 2020-04-24 12:00:00,69,spring,NA,NA,0.38,17.1,2010,NA,2009-10-01T00:00:00Z,2010-10-01T00:00:00Z,-120.414,39.6444
396444N1204137W001,972770,2009-10-28T00:00:00Z,4915.2,4915.2,0,2.8,4912.4,2.8,2.8,NA,Unknown,Water level accuracy is unknown,1,Department of Water Resources,NA,1,Department of Water Resources,90,100,25535,21N14E28G001M,DMW 3s,Digital aerial photo,0.1 ft.,5-012.01,Sierra Valley,Sierra,200,Observation,Part of a nested/multi-completion well,788366,2002-09-03 00:00:00 - 2020-04-24 12:00:00,69,fall,1.65,30.3,NA,NA,2010,NA,2009-10-01T00:00:00Z,2010-10-01T00:00:00Z,-120.414,39.6444
396444N1204137W001,972728,2006-04-06T00:00:00Z,4915.2,4915.2,0,0.6,4914.6,0.6,0.6,NA,Unknown,Water level accuracy is unknown,1,Department of Water Resources,NA,388,Sierra Valley Groundwater Management District,90,100,25535,21N14E28G001M,DMW 3s,Digital aerial photo,0.1 ft.,5-012.01,Sierra Valley,Sierra,200,Observation,Part of a nested/multi-completion well,788366,2002-09-03 00:00:00 - 2020-04-24 12:00:00,69,spring,NA,NA,0.38,17.1,2006,Wet,2005-10-01T00:00:00Z,2006-10-01T00:00:00Z,-120.414,39.6444
396444N1204137W001,972727,2006-02-03T00:00:00Z,4915.2,4915.2,0,1.5,4913.7,1.5,1.5,NA,Unknown,Water level accuracy is unknown,1,Department of Water Resources,NA,388,Sierra Valley Groundwater Management District,90,100,25535,21N14E28G001M,DMW 3s,Digital aerial photo,0.1 ft.,5-012.01,Sierra Valley,Sierra,200,Observation,Part of a nested/multi-completion well,788366,2002-09-03 00:00:00 - 2020-04-24 12:00:00,69,other,NA,NA,NA,NA,2006,Wet,2005-10-01T00:00:00Z,2006-10-01T00:00:00Z,-120.414,39.6444
396444N1204137W001,972726,2006-01-04T00:00:00Z,4915.2,4915.2,0,1.5,4913.7,1.5,1.5,NA,Unknown,Water level accuracy is unknown,1,Department of Water Resources,NA,388,Sierra Valley Groundwater Management District,90,100,25535,21N14E28G001M,DMW 3s,Digital aerial photo,0.1 ft.,5-012.01,Sierra Valley,Sierra,200,Observation,Part of a nested/multi-completion well,788366,2002-09-03 00:00:00 - 2020-04-24 12:00:00,69,other,NA,NA,NA,NA,2006,Wet,2005-10-01T00:00:00Z,2006-10-01T00:00:00Z,-120.414,39.6444
396444N1204137W001,972725,2005-11-30T00:00:00Z,4915.2,4915.2,0,2.4,4912.8,2.4,2.4,NA,Unknown,Water level accuracy is unknown,1,Department of Water Resources,NA,388,Sierra Valley Groundwater Management District,90,100,25535,21N14E28G001M,DMW 3s,Digital aerial photo,0.1 ft.,5-012.01,Sierra Valley,Sierra,200,Observation,Part of a nested/multi-completion well,788366,2002-09-03 00:00:00 - 2020-04-24 12:00:00,69,fall,1.65,30.3,NA,NA,2006,Wet,2005-10-01T00:00:00Z,2006-10-01T00:00:00Z,-120.414,39.6444
396444N1204137W001,972765,2005-11-02T00:00:00Z,4915.2,4915.2,0,3,4912.2,3,3,NA,Unknown,Water level accuracy is unknown,1,Department of Water Resources,NA,388,Sierra Valley Groundwater Management District,90,100,25535,21N14E28G001M,DMW 3s,Digital aerial photo,0.1 ft.,5-012.01,Sierra Valley,Sierra,200,Observation,Part of a nested/multi-completion well,788366,2002-09-03 00:00:00 - 2020-04-24 12:00:00,69,fall,1.65,30.3,NA,NA,2006,Wet,2005-10-01T00:00:00Z,2006-10-01T00:00:00Z,-120.414,39.6444
396444N1204137W001,972764,2005-09-29T00:00:00Z,4915.2,4915.2,0,6.3,4908.9,6.3,6.3,NA,Unknown,Water level accuracy is unknown,1,Department of Water Resources,NA,388,Sierra Valley Groundwater Management District,90,100,25535,21N14E28G001M,DMW 3s,Digital aerial photo,0.1 ft.,5-012.01,Sierra Valley,Sierra,200,Observation,Part of a nested/multi-completion well,788366,2002-09-03 00:00:00 - 2020-04-24 12:00:00,69,fall,1.65,30.3,NA,NA,2005,NA,2004-10-01T00:00:00Z,2005-10-01T00:00:00Z,-120.414,39.6444
396444N1204137W001,972763,2005-09-02T00:00:00Z,4915.2,4915.2,0,7.3,4907.9,7.3,7.3,NA,Unknown,Water level accuracy is unknown,1,Department of Water Resources,NA,388,Sierra Valley Groundwater Management District,90,100,25535,21N14E28G001M,DMW 3s,Digital aerial photo,0.1 ft.,5-012.01,Sierra Valley,Sierra,200,Observation,Part of a nested/multi-completion well,788366,2002-09-03 00:00:00 - 2020-04-24 12:00:00,69,fall,1.65,30.3,NA,NA,2005,NA,2004-10-01T00:00:00Z,2005-10-01T00:00:00Z,-120.414,39.6444
396444N1204137W001,972762,2005-07-29T00:00:00Z,4915.2,4915.2,0,2.2,4913,2.2,2.2,NA,Unknown,Water level accuracy is unknown,1,Department of Water Resources,NA,388,Sierra Valley Groundwater Management District,90,100,25535,21N14E28G001M,DMW 3s,Digital aerial photo,0.1 ft.,5-012.01,Sierra Valley,Sierra,200,Observation,Part of a nested/multi-completion well,788366,2002-09-03 00:00:00 - 2020-04-24 12:00:00,69,other,NA,NA,NA,NA,2005,NA,2004-10-01T00:00:00Z,2005-10-01T00:00:00Z,-120.414,39.6444
396444N1204137W001,972761,2005-06-29T00:00:00Z,4915.2,4915.2,0,1.4,4913.8,1.4,1.4,NA,Unknown,Water level accuracy is unknown,1,Department of Water Resources,NA,388,Sierra Valley Groundwater Management District,90,100,25535,21N14E28G001M,DMW 3s,Digital aerial photo,0.1 ft.,5-012.01,Sierra Valley,Sierra,200,Observation,Part of a nested/multi-completion well,788366,2002-09-03 00:00:00 - 2020-04-24 12:00:00,69,other,NA,NA,NA,NA,2005,NA,2004-10-01T00:00:00Z,2005-10-01T00:00:00Z,-120.414,39.6444
396444N1204137W001,972760,2005-05-31T00:00:00Z,4915.2,4915.2,0,1,4914.2,1,1,NA,Unknown,Water level accuracy is unknown,1,Department of Water Resources,NA,388,Sierra Valley Groundwater Management District,90,100,25535,21N14E28G001M,DMW 3s,Digital aerial photo,0.1 ft.,5-012.01,Sierra Valley,Sierra,200,Observation,Part of a nested/multi-completion well,788366,2002-09-03 00:00:00 - 2020-04-24 12:00:00,69,spring,NA,NA,0.38,17.1,2005,NA,2004-10-01T00:00:00Z,2005-10-01T00:00:00Z,-120.414,39.6444
396444N1204137W001,972759,2005-04-28T00:00:00Z,4915.2,4915.2,0,1,4914.2,1,1,NA,Unknown,Water level accuracy is unknown,1,Department of Water Resources,NA,388,Sierra Valley Groundwater Management District,90,100,25535,21N14E28G001M,DMW 3s,Digital aerial photo,0.1 ft.,5-012.01,Sierra Valley,Sierra,200,Observation,Part of a nested/multi-completion well,788366,2002-09-03 00:00:00 - 2020-04-24 12:00:00,69,spring,NA,NA,0.38,17.1,2005,NA,2004-10-01T00:00:00Z,2005-10-01T00:00:00Z,-120.414,39.6444
396444N1204137W001,972758,2005-04-02T00:00:00Z,4915.2,4915.2,0,1.1,4914.1,1.1,1.1,NA,Unknown,Water level accuracy is unknown,1,Department of Water Resources,NA,388,Sierra Valley Groundwater Management District,90,100,25535,21N14E28G001M,DMW 3s,Digital aerial photo,0.1 ft.,5-012.01,Sierra Valley,Sierra,200,Observation,Part of a nested/multi-completion well,788366,2002-09-03 00:00:00 - 2020-04-24 12:00:00,69,spring,NA,NA,0.38,17.1,2005,NA,2004-10-01T00:00:00Z,2005-10-01T00:00:00Z,-120.414,39.6444
396444N1204137W001,972757,2005-03-03T00:00:00Z,4915.2,4915.2,0,1.5,4913.7,1.5,1.5,NA,Unknown,Water level accuracy is unknown,1,Department of Water Resources,NA,388,Sierra Valley Groundwater Management District,90,100,25535,21N14E28G001M,DMW 3s,Digital aerial photo,0.1 ft.,5-012.01,Sierra Valley,Sierra,200,Observation,Part of a nested/multi-completion well,788366,2002-09-03 00:00:00 - 2020-04-24 12:00:00,69,spring,NA,NA,0.38,17.1,2005,NA,2004-10-01T00:00:00Z,2005-10-01T00:00:00Z,-120.414,39.6444
396444N1204137W001,972756,2005-01-31T00:00:00Z,4915.2,4915.2,0,1.9,4913.3,1.9,1.9,NA,Unknown,Water level accuracy is unknown,1,Department of Water Resources,NA,388,Sierra Valley Groundwater Management District,90,100,25535,21N14E28G001M,DMW 3s,Digital aerial photo,0.1 ft.,5-012.01,Sierra Valley,Sierra,200,Observation,Part of a nested/multi-completion well,788366,2002-09-03 00:00:00 - 2020-04-24 12:00:00,69,other,NA,NA,NA,NA,2005,NA,2004-10-01T00:00:00Z,2005-10-01T00:00:00Z,-120.414,39.6444
396444N1204137W001,972755,2004-12-03T00:00:00Z,4915.2,4915.2,0,3.9,4911.3,3.9,3.9,NA,Unknown,Water level accuracy is unknown,1,Department of Water Resources,NA,388,Sierra Valley Groundwater Management District,90,100,25535,21N14E28G001M,DMW 3s,Digital aerial photo,0.1 ft.,5-012.01,Sierra Valley,Sierra,200,Observation,Part of a nested/multi-completion well,788366,2002-09-03 00:00:00 - 2020-04-24 12:00:00,69,other,NA,NA,NA,NA,2005,NA,2004-10-01T00:00:00Z,2005-10-01T00:00:00Z,-120.414,39.6444
396444N1204137W001,972754,2004-11-02T00:00:00Z,4915.2,4915.2,0,6.2,4909,6.2,6.2,NA,Unknown,Water level accuracy is unknown,1,Department of Water Resources,NA,388,Sierra Valley Groundwater Management District,90,100,25535,21N14E28G001M,DMW 3s,Digital aerial photo,0.1 ft.,5-012.01,Sierra Valley,Sierra,200,Observation,Part of a nested/multi-completion well,788366,2002-09-03 00:00:00 - 2020-04-24 12:00:00,69,fall,1.65,30.3,NA,NA,2005,NA,2004-10-01T00:00:00Z,2005-10-01T00:00:00Z,-120.414,39.6444
396444N1204137W001,972753,2004-09-30T00:00:00Z,4915.2,4915.2,0,13.7,4901.5,13.7,13.7,NA,Unknown,Water level accuracy is unknown,1,Department of Water Resources,NA,388,Sierra Valley Groundwater Management District,90,100,25535,21N14E28G001M,DMW 3s,Digital aerial photo,0.1 ft.,5-012.01,Sierra Valley,Sierra,200,Observation,Part of a nested/multi-completion well,788366,2002-09-03 00:00:00 - 2020-04-24 12:00:00,69,fall,1.65,30.3,NA,NA,2004,NA,2003-10-01T00:00:00Z,2004-10-01T00:00:00Z,-120.414,39.6444
396444N1204137W001,972752,2004-08-31T00:00:00Z,4915.2,4915.2,0,30.3,4884.9,30.3,30.3,NA,Unknown,Water level accuracy is unknown,1,Department of Water Resources,NA,388,Sierra Valley Groundwater Management District,90,100,25535,21N14E28G001M,DMW 3s,Digital aerial photo,0.1 ft.,5-012.01,Sierra Valley,Sierra,200,Observation,Part of a nested/multi-completion well,788366,2002-09-03 00:00:00 - 2020-04-24 12:00:00,69,fall,1.65,30.3,NA,NA,2004,NA,2003-10-01T00:00:00Z,2004-10-01T00:00:00Z,-120.414,39.6444
396444N1204137W001,972751,2004-07-30T00:00:00Z,4915.2,4915.2,0,31.8,4883.4,31.8,31.8,NA,Unknown,Water level accuracy is unknown,1,Department of Water Resources,NA,388,Sierra Valley Groundwater Management District,90,100,25535,21N14E28G001M,DMW 3s,Digital aerial photo,0.1 ft.,5-012.01,Sierra Valley,Sierra,200,Observation,Part of a nested/multi-completion well,788366,2002-09-03 00:00:00 - 2020-04-24 12:00:00,69,other,NA,NA,NA,NA,2004,NA,2003-10-01T00:00:00Z,2004-10-01T00:00:00Z,-120.414,39.6444
396444N1204137W001,972750,2004-07-05T00:00:00Z,4915.2,4915.2,0,28.2,4887,28.2,28.2,NA,Unknown,Water level accuracy is unknown,1,Department of Water Resources,NA,388,Sierra Valley Groundwater Management District,90,100,25535,21N14E28G001M,DMW 3s,Digital aerial photo,0.1 ft.,5-012.01,Sierra Valley,Sierra,200,Observation,Part of a nested/multi-completion well,788366,2002-09-03 00:00:00 - 2020-04-24 12:00:00,69,other,NA,NA,NA,NA,2004,NA,2003-10-01T00:00:00Z,2004-10-01T00:00:00Z,-120.414,39.6444
396444N1204137W001,972749,2004-05-31T00:00:00Z,4915.2,4915.2,0,5.5,4909.7,5.5,5.5,NA,Unknown,Water level accuracy is unknown,1,Department of Water Resources,NA,388,Sierra Valley Groundwater Management District,90,100,25535,21N14E28G001M,DMW 3s,Digital aerial photo,0.1 ft.,5-012.01,Sierra Valley,Sierra,200,Observation,Part of a nested/multi-completion well,788366,2002-09-03 00:00:00 - 2020-04-24 12:00:00,69,spring,NA,NA,0.38,17.1,2004,NA,2003-10-01T00:00:00Z,2004-10-01T00:00:00Z,-120.414,39.6444
396444N1204137W001,972748,2004-04-29T00:00:00Z,4915.2,4915.2,0,17.1,4898.1,17.1,17.1,NA,Unknown,Water level accuracy is unknown,1,Department of Water Resources,NA,388,Sierra Valley Groundwater Management District,90,100,25535,21N14E28G001M,DMW 3s,Digital aerial photo,0.1 ft.,5-012.01,Sierra Valley,Sierra,200,Observation,Part of a nested/multi-completion well,788366,2002-09-03 00:00:00 - 2020-04-24 12:00:00,69,spring,NA,NA,0.38,17.1,2004,NA,2003-10-01T00:00:00Z,2004-10-01T00:00:00Z,-120.414,39.6444
396444N1204137W001,972747,2004-04-01T00:00:00Z,4915.2,4915.2,0,0.8,4914.4,0.8,0.8,NA,Unknown,Water level accuracy is unknown,1,Department of Water Resources,NA,388,Sierra Valley Groundwater Management District,90,100,25535,21N14E28G001M,DMW 3s,Digital aerial photo,0.1 ft.,5-012.01,Sierra Valley,Sierra,200,Observation,Part of a nested/multi-completion well,788366,2002-09-03 00:00:00 - 2020-04-24 12:00:00,69,spring,NA,NA,0.38,17.1,2004,NA,2003-10-01T00:00:00Z,2004-10-01T00:00:00Z,-120.414,39.6444
396444N1204137W001,972746,2004-02-29T00:00:00Z,4915.2,4915.2,0,0.9,4914.3,0.9,0.9,NA,Unknown,Water level accuracy is unknown,1,Department of Water Resources,NA,388,Sierra Valley Groundwater Management District,90,100,25535,21N14E28G001M,DMW 3s,Digital aerial photo,0.1 ft.,5-012.01,Sierra Valley,Sierra,200,Observation,Part of a nested/multi-completion well,788366,2002-09-03 00:00:00 - 2020-04-24 12:00:00,69,other,NA,NA,NA,NA,2004,NA,2003-10-01T00:00:00Z,2004-10-01T00:00:00Z,-120.414,39.6444
396444N1204137W001,972745,2004-01-31T00:00:00Z,4915.2,4915.2,0,1.2,4914,1.2,1.2,NA,Unknown,Water level accuracy is unknown,1,Department of Water Resources,NA,388,Sierra Valley Groundwater Management District,90,100,25535,21N14E28G001M,DMW 3s,Digital aerial photo,0.1 ft.,5-012.01,Sierra Valley,Sierra,200,Observation,Part of a nested/multi-completion well,788366,2002-09-03 00:00:00 - 2020-04-24 12:00:00,69,other,NA,NA,NA,NA,2004,NA,2003-10-01T00:00:00Z,2004-10-01T00:00:00Z,-120.414,39.6444
396444N1204137W001,972744,2003-12-02T00:00:00Z,4915.2,4915.2,0,2.2,4913,2.2,2.2,NA,Unknown,Water level accuracy is unknown,1,Department of Water Resources,NA,388,Sierra Valley Groundwater Management District,90,100,25535,21N14E28G001M,DMW 3s,Digital aerial photo,0.1 ft.,5-012.01,Sierra Valley,Sierra,200,Observation,Part of a nested/multi-completion well,788366,2002-09-03 00:00:00 - 2020-04-24 12:00:00,69,other,NA,NA,NA,NA,2004,NA,2003-10-01T00:00:00Z,2004-10-01T00:00:00Z,-120.414,39.6444
396444N1204137W001,972743,2003-11-02T00:00:00Z,4915.2,4915.2,0,2.4,4912.8,2.4,2.4,NA,Unknown,Water level accuracy is unknown,1,Department of Water Resources,NA,388,Sierra Valley Groundwater Management District,90,100,25535,21N14E28G001M,DMW 3s,Digital aerial photo,0.1 ft.,5-012.01,Sierra Valley,Sierra,200,Observation,Part of a nested/multi-completion well,788366,2002-09-03 00:00:00 - 2020-04-24 12:00:00,69,fall,1.65,30.3,NA,NA,2004,NA,2003-10-01T00:00:00Z,2004-10-01T00:00:00Z,-120.414,39.6444
396444N1204137W001,972742,2003-10-01T00:00:00Z,4915.2,4915.2,0,4.3,4910.9,4.3,4.3,NA,Unknown,Water level accuracy is unknown,1,Department of Water Resources,NA,388,Sierra Valley Groundwater Management District,90,100,25535,21N14E28G001M,DMW 3s,Digital aerial photo,0.1 ft.,5-012.01,Sierra Valley,Sierra,200,Observation,Part of a nested/multi-completion well,788366,2002-09-03 00:00:00 - 2020-04-24 12:00:00,69,fall,1.65,30.3,NA,NA,2004,NA,2003-10-01T00:00:00Z,2004-10-01T00:00:00Z,-120.414,39.6444
396444N1204137W001,972741,2003-09-03T00:00:00Z,4915.2,4915.2,0,8.1,4907.1,8.1,8.1,NA,Unknown,Water level accuracy is unknown,1,Department of Water Resources,NA,388,Sierra Valley Groundwater Management District,90,100,25535,21N14E28G001M,DMW 3s,Digital aerial photo,0.1 ft.,5-012.01,Sierra Valley,Sierra,200,Observation,Part of a nested/multi-completion well,788366,2002-09-03 00:00:00 - 2020-04-24 12:00:00,69,fall,1.65,30.3,NA,NA,2003,NA,2002-10-01T00:00:00Z,2003-10-01T00:00:00Z,-120.414,39.6444
396444N1204137W001,972740,2003-07-30T00:00:00Z,4915.2,4915.2,0,17,4898.2,17,17,NA,Unknown,Water level accuracy is unknown,1,Department of Water Resources,NA,388,Sierra Valley Groundwater Management District,90,100,25535,21N14E28G001M,DMW 3s,Digital aerial photo,0.1 ft.,5-012.01,Sierra Valley,Sierra,200,Observation,Part of a nested/multi-completion well,788366,2002-09-03 00:00:00 - 2020-04-24 12:00:00,69,other,NA,NA,NA,NA,2003,NA,2002-10-01T00:00:00Z,2003-10-01T00:00:00Z,-120.414,39.6444
396444N1204137W001,972739,2003-06-30T00:00:00Z,4915.2,4915.2,0,24.2,4891,24.2,24.2,NA,Unknown,Water level accuracy is unknown,1,Department of Water Resources,NA,388,Sierra Valley Groundwater Management District,90,100,25535,21N14E28G001M,DMW 3s,Digital aerial photo,0.1 ft.,5-012.01,Sierra Valley,Sierra,200,Observation,Part of a nested/multi-completion well,788366,2002-09-03 00:00:00 - 2020-04-24 12:00:00,69,other,NA,NA,NA,NA,2003,NA,2002-10-01T00:00:00Z,2003-10-01T00:00:00Z,-120.414,39.6444
396444N1204137W001,972738,2003-06-03T00:00:00Z,4915.2,4915.2,0,12.3,4902.9,12.3,12.3,NA,Unknown,Water level accuracy is unknown,1,Department of Water Resources,NA,388,Sierra Valley Groundwater Management District,90,100,25535,21N14E28G001M,DMW 3s,Digital aerial photo,0.1 ft.,5-012.01,Sierra Valley,Sierra,200,Observation,Part of a nested/multi-completion well,788366,2002-09-03 00:00:00 - 2020-04-24 12:00:00,69,other,NA,NA,NA,NA,2003,NA,2002-10-01T00:00:00Z,2003-10-01T00:00:00Z,-120.414,39.6444
396444N1204137W001,972737,2003-04-30T00:00:00Z,4915.2,4915.2,0,0.46,4914.74,0.46,0.46,NA,Unknown,Water level accuracy is unknown,1,Department of Water Resources,NA,388,Sierra Valley Groundwater Management District,90,100,25535,21N14E28G001M,DMW 3s,Digital aerial photo,0.1 ft.,5-012.01,Sierra Valley,Sierra,200,Observation,Part of a nested/multi-completion well,788366,2002-09-03 00:00:00 - 2020-04-24 12:00:00,69,spring,NA,NA,0.38,17.1,2003,NA,2002-10-01T00:00:00Z,2003-10-01T00:00:00Z,-120.414,39.6444
396444N1204137W001,972736,2003-03-31T00:00:00Z,4915.2,4915.2,0,0.64,4914.56,0.64,0.64,NA,Unknown,Water level accuracy is unknown,1,Department of Water Resources,NA,388,Sierra Valley Groundwater Management District,90,100,25535,21N14E28G001M,DMW 3s,Digital aerial photo,0.1 ft.,5-012.01,Sierra Valley,Sierra,200,Observation,Part of a nested/multi-completion well,788366,2002-09-03 00:00:00 - 2020-04-24 12:00:00,69,spring,NA,NA,0.38,17.1,2003,NA,2002-10-01T00:00:00Z,2003-10-01T00:00:00Z,-120.414,39.6444
396444N1204137W001,972767,2003-03-27T00:00:00Z,4915.2,4915.2,0,0.65,4914.55,0.65,0.65,NA,Unknown,Water level accuracy is unknown,1,Department of Water Resources,NA,388,Sierra Valley Groundwater Management District,90,100,25535,21N14E28G001M,DMW 3s,Digital aerial photo,0.1 ft.,5-012.01,Sierra Valley,Sierra,200,Observation,Part of a nested/multi-completion well,788366,2002-09-03 00:00:00 - 2020-04-24 12:00:00,69,spring,NA,NA,0.38,17.1,2003,NA,2002-10-01T00:00:00Z,2003-10-01T00:00:00Z,-120.414,39.6444
396444N1204137W001,972735,2003-03-01T00:00:00Z,4915.2,4915.2,0,0.7,4914.5,0.7,0.7,NA,Unknown,Water level accuracy is unknown,1,Department of Water Resources,NA,388,Sierra Valley Groundwater Management District,90,100,25535,21N14E28G001M,DMW 3s,Digital aerial photo,0.1 ft.,5-012.01,Sierra Valley,Sierra,200,Observation,Part of a nested/multi-completion well,788366,2002-09-03 00:00:00 - 2020-04-24 12:00:00,69,spring,NA,NA,0.38,17.1,2003,NA,2002-10-01T00:00:00Z,2003-10-01T00:00:00Z,-120.414,39.6444
396444N1204137W001,972734,2003-01-30T00:00:00Z,4915.2,4915.2,0,0.9,4914.3,0.9,0.9,NA,Unknown,Water level accuracy is unknown,1,Department of Water Resources,NA,388,Sierra Valley Groundwater Management District,90,100,25535,21N14E28G001M,DMW 3s,Digital aerial photo,0.1 ft.,5-012.01,Sierra Valley,Sierra,200,Observation,Part of a nested/multi-completion well,788366,2002-09-03 00:00:00 - 2020-04-24 12:00:00,69,other,NA,NA,NA,NA,2003,NA,2002-10-01T00:00:00Z,2003-10-01T00:00:00Z,-120.414,39.6444
396444N1204137W001,972733,2002-12-30T00:00:00Z,4915.2,4915.2,0,1.16,4914.04,1.16,1.16,NA,Unknown,Water level accuracy is unknown,1,Department of Water Resources,NA,388,Sierra Valley Groundwater Management District,90,100,25535,21N14E28G001M,DMW 3s,Digital aerial photo,0.1 ft.,5-012.01,Sierra Valley,Sierra,200,Observation,Part of a nested/multi-completion well,788366,2002-09-03 00:00:00 - 2020-04-24 12:00:00,69,other,NA,NA,NA,NA,2003,NA,2002-10-01T00:00:00Z,2003-10-01T00:00:00Z,-120.414,39.6444
396444N1204137W001,972732,2002-12-03T00:00:00Z,4915.2,4915.2,0,1.69,4913.51,1.69,1.69,NA,Unknown,Water level accuracy is unknown,1,Department of Water Resources,NA,388,Sierra Valley Groundwater Management District,90,100,25535,21N14E28G001M,DMW 3s,Digital aerial photo,0.1 ft.,5-012.01,Sierra Valley,Sierra,200,Observation,Part of a nested/multi-completion well,788366,2002-09-03 00:00:00 - 2020-04-24 12:00:00,69,other,NA,NA,NA,NA,2003,NA,2002-10-01T00:00:00Z,2003-10-01T00:00:00Z,-120.414,39.6444
396444N1204137W001,972731,2002-11-01T00:00:00Z,4915.2,4915.2,0,2.04,4913.16,2.04,2.04,NA,Unknown,Water level accuracy is unknown,1,Department of Water Resources,NA,388,Sierra Valley Groundwater Management District,90,100,25535,21N14E28G001M,DMW 3s,Digital aerial photo,0.1 ft.,5-012.01,Sierra Valley,Sierra,200,Observation,Part of a nested/multi-completion well,788366,2002-09-03 00:00:00 - 2020-04-24 12:00:00,69,fall,1.65,30.3,NA,NA,2003,NA,2002-10-01T00:00:00Z,2003-10-01T00:00:00Z,-120.414,39.6444
396444N1204137W001,972730,2002-10-03T00:00:00Z,4915.2,4915.2,0,2.24,4912.96,2.24,2.24,NA,Unknown,Water level accuracy is unknown,1,Department of Water Resources,NA,388,Sierra Valley Groundwater Management District,90,100,25535,21N14E28G001M,DMW 3s,Digital aerial photo,0.1 ft.,5-012.01,Sierra Valley,Sierra,200,Observation,Part of a nested/multi-completion well,788366,2002-09-03 00:00:00 - 2020-04-24 12:00:00,69,fall,1.65,30.3,NA,NA,2003,NA,2002-10-01T00:00:00Z,2003-10-01T00:00:00Z,-120.414,39.6444
396444N1204137W001,972729,2002-09-03T00:00:00Z,4915.2,4915.2,0,1.93,4913.27,1.93,1.93,NA,Unknown,Water level accuracy is unknown,1,Department of Water Resources,NA,388,Sierra Valley Groundwater Management District,90,100,25535,21N14E28G001M,DMW 3s,Digital aerial photo,0.1 ft.,5-012.01,Sierra Valley,Sierra,200,Observation,Part of a nested/multi-completion well,788366,2002-09-03 00:00:00 - 2020-04-24 12:00:00,69,fall,1.65,30.3,NA,NA,2002,NA,2001-10-01T00:00:00Z,2002-10-01T00:00:00Z,-120.414,39.6444
