SITE_CODE,WLM_ID,MSMT_DATE,WLM_RPE,WLM_GSE,RDNG_WS,RDNG_RP,WSE,RPE_WSE,GSE_WSE,WLM_QA_DESC,WLM_DESC,WLM_ACC_DESC,WLM_ORG_ID,WLM_ORG_NAME,MSMT_CMT,COOP_AGENCY_ORG_ID,COOP_ORG_NAME,TOP_PRF,BOT_PRF,STN_ID,SWN,WELL_NAME,WLM_METHOD,WLM_ACC,BASIN_CODE,BASIN_NAME,COUNTY_NAME,WELL_DEPTH,WELL_USE,WELL_TYPE,WCR_NO,t_range,n_samples,season,fall_high,fall_low,spring_high,spring_low,water_year,water_year_type,water_year_start,water_year_end,X,Y
396444N1204137W003,2214097,2016-10-24T00:00:00Z,4915.2,4915.2,0,0.32,4914.88,0.32,0.32,NA,Electric sounder measurement,Water level accuracy to nearest hundredth of a foot,1,Department of Water Resources,NA,1,Department of Water Resources,340,355,38384,21N14E28G003M,DMW 3d,Digital aerial photo,0.1 ft.,5-012.01,Sierra Valley,Sierra,440,Observation,Part of a nested/multi-completion well,788366,2002-10-03 00:00:00 - 2020-04-24 12:00:00,68,fall,-5.26,16.1,NA,NA,2017,Wet,2016-10-01T00:00:00Z,2017-10-01T00:00:00Z,-120.414,39.6444
396444N1204137W003,2157037,2015-10-19T00:00:00Z,4915.2,4915.2,0,9.11,4906.09,9.11,9.11,NA,Electric sounder measurement,Water level accuracy to nearest hundredth of a foot,1,Department of Water Resources,NA,1,Department of Water Resources,340,355,38384,21N14E28G003M,DMW 3d,Digital aerial photo,0.1 ft.,5-012.01,Sierra Valley,Sierra,440,Observation,Part of a nested/multi-completion well,788366,2002-10-03 00:00:00 - 2020-04-24 12:00:00,68,fall,-5.26,16.1,NA,NA,2016,NA,2015-10-01T00:00:00Z,2016-10-01T00:00:00Z,-120.414,39.6444
396444N1204137W003,2020264,2014-10-20T11:00:00Z,4915.2,4915.2,0,4.35,4910.85,4.35,4.35,NA,Electric sounder measurement,Water level accuracy to nearest hundredth of a foot,1,Department of Water Resources,NA,1,Department of Water Resources,340,355,38384,21N14E28G003M,DMW 3d,Digital aerial photo,0.1 ft.,5-012.01,Sierra Valley,Sierra,440,Observation,Part of a nested/multi-completion well,788366,2002-10-03 00:00:00 - 2020-04-24 12:00:00,68,fall,-5.26,16.1,NA,NA,2015,NA,2014-10-01T00:00:00Z,2015-10-01T00:00:00Z,-120.414,39.6444
396444N1204137W003,1797089,2013-10-21T00:00:00Z,4915.2,4915.2,0,2.19,4913.01,2.19,2.19,NA,Electric sounder measurement,Water level accuracy to nearest hundredth of a foot,1,Department of Water Resources,NA,1,Department of Water Resources,340,355,38384,21N14E28G003M,DMW 3d,Digital aerial photo,0.1 ft.,5-012.01,Sierra Valley,Sierra,440,Observation,Part of a nested/multi-completion well,788366,2002-10-03 00:00:00 - 2020-04-24 12:00:00,68,fall,-5.26,16.1,NA,NA,2014,NA,2013-10-01T00:00:00Z,2014-10-01T00:00:00Z,-120.414,39.6444
396444N1204137W003,1684408,2013-03-25T00:00:00Z,4915.23,4915.23,0,0,4915.23,0,0,NA,Electric sounder measurement,Water level accuracy to nearest hundredth of a foot,1,Department of Water Resources,Flowing.,1,Department of Water Resources,340,355,38384,21N14E28G003M,DMW 3d,Digital aerial photo,0.1 ft.,5-012.01,Sierra Valley,Sierra,440,Observation,Part of a nested/multi-completion well,788366,2002-10-03 00:00:00 - 2020-04-24 12:00:00,68,spring,NA,NA,-6.5,9.8,2013,Dry,2012-10-01T00:00:00Z,2013-10-01T00:00:00Z,-120.414,39.6444
396444N1204137W003,69349,2012-10-30T00:00:00Z,4915.23,4915.23,0,0,4915.23,0,0,NA,Electric sounder measurement,Water level accuracy to nearest hundredth of a foot,1,Department of Water Resources,Flowing.,1,Department of Water Resources,340,355,38384,21N14E28G003M,DMW 3d,Digital aerial photo,0.1 ft.,5-012.01,Sierra Valley,Sierra,440,Observation,Part of a nested/multi-completion well,788366,2002-10-03 00:00:00 - 2020-04-24 12:00:00,68,fall,-5.26,16.1,NA,NA,2013,Dry,2012-10-01T00:00:00Z,2013-10-01T00:00:00Z,-120.414,39.6444
396444N1204137W003,972872,2011-04-25T00:00:00Z,4915.2,4915.2,0,0,4915.2,0,0,NA,Unknown,Water level accuracy is unknown,1,Department of Water Resources,FLOWING.,1,Department of Water Resources,340,355,38384,21N14E28G003M,DMW 3d,Digital aerial photo,0.1 ft.,5-012.01,Sierra Valley,Sierra,440,Observation,Part of a nested/multi-completion well,788366,2002-10-03 00:00:00 - 2020-04-24 12:00:00,68,spring,NA,NA,-6.5,9.8,2011,Wet,2010-10-01T00:00:00Z,2011-10-01T00:00:00Z,-120.414,39.6444
396444N1204137W003,972871,2010-10-25T00:00:00Z,4915.2,4915.2,0,0,4915.2,0,0,NA,Unknown,Water level accuracy is unknown,1,Department of Water Resources,FLOWING,1,Department of Water Resources,340,355,38384,21N14E28G003M,DMW 3d,Digital aerial photo,0.1 ft.,5-012.01,Sierra Valley,Sierra,440,Observation,Part of a nested/multi-completion well,788366,2002-10-03 00:00:00 - 2020-04-24 12:00:00,68,fall,-5.26,16.1,NA,NA,2011,Wet,2010-10-01T00:00:00Z,2011-10-01T00:00:00Z,-120.414,39.6444
396444N1204137W003,972870,2010-04-07T00:00:00Z,4915.2,4915.2,0,0,4915.2,0,0,Other,Unknown,Water level accuracy is unknown,1,Department of Water Resources,FLOWING,1,Department of Water Resources,340,355,38384,21N14E28G003M,DMW 3d,Digital aerial photo,0.1 ft.,5-012.01,Sierra Valley,Sierra,440,Observation,Part of a nested/multi-completion well,788366,2002-10-03 00:00:00 - 2020-04-24 12:00:00,68,spring,NA,NA,-6.5,9.8,2010,NA,2009-10-01T00:00:00Z,2010-10-01T00:00:00Z,-120.414,39.6444
396444N1204137W003,972869,2009-10-28T00:00:00Z,4915.2,4915.2,0,0,4915.2,0,0,NA,Unknown,Water level accuracy is unknown,1,Department of Water Resources,NA,1,Department of Water Resources,340,355,38384,21N14E28G003M,DMW 3d,Digital aerial photo,0.1 ft.,5-012.01,Sierra Valley,Sierra,440,Observation,Part of a nested/multi-completion well,788366,2002-10-03 00:00:00 - 2020-04-24 12:00:00,68,fall,-5.26,16.1,NA,NA,2010,NA,2009-10-01T00:00:00Z,2010-10-01T00:00:00Z,-120.414,39.6444
396444N1204137W003,972864,2005-11-02T00:00:00Z,4915.2,4915.2,0,-5.1,4920.3,-5.1,-5.1,NA,Unknown,Water level accuracy is unknown,1,Department of Water Resources,NA,388,Sierra Valley Groundwater Management District,340,355,38384,21N14E28G003M,DMW 3d,Digital aerial photo,0.1 ft.,5-012.01,Sierra Valley,Sierra,440,Observation,Part of a nested/multi-completion well,788366,2002-10-03 00:00:00 - 2020-04-24 12:00:00,68,fall,-5.26,16.1,NA,NA,2006,Wet,2005-10-01T00:00:00Z,2006-10-01T00:00:00Z,-120.414,39.6444
396444N1204137W003,972863,2005-09-29T00:00:00Z,4915.2,4915.2,0,0,4915.2,0,0,NA,Unknown,Water level accuracy is unknown,1,Department of Water Resources,NA,388,Sierra Valley Groundwater Management District,340,355,38384,21N14E28G003M,DMW 3d,Digital aerial photo,0.1 ft.,5-012.01,Sierra Valley,Sierra,440,Observation,Part of a nested/multi-completion well,788366,2002-10-03 00:00:00 - 2020-04-24 12:00:00,68,fall,-5.26,16.1,NA,NA,2005,NA,2004-10-01T00:00:00Z,2005-10-01T00:00:00Z,-120.414,39.6444
396444N1204137W003,972862,2005-09-02T00:00:00Z,4915.2,4915.2,0,6.9,4908.3,6.9,6.9,NA,Unknown,Water level accuracy is unknown,1,Department of Water Resources,NA,388,Sierra Valley Groundwater Management District,340,355,38384,21N14E28G003M,DMW 3d,Digital aerial photo,0.1 ft.,5-012.01,Sierra Valley,Sierra,440,Observation,Part of a nested/multi-completion well,788366,2002-10-03 00:00:00 - 2020-04-24 12:00:00,68,fall,-5.26,16.1,NA,NA,2005,NA,2004-10-01T00:00:00Z,2005-10-01T00:00:00Z,-120.414,39.6444
396444N1204137W003,972861,2005-07-29T00:00:00Z,4915.2,4915.2,0,-4.7,4919.9,-4.7,-4.7,NA,Unknown,Water level accuracy is unknown,1,Department of Water Resources,NA,388,Sierra Valley Groundwater Management District,340,355,38384,21N14E28G003M,DMW 3d,Digital aerial photo,0.1 ft.,5-012.01,Sierra Valley,Sierra,440,Observation,Part of a nested/multi-completion well,788366,2002-10-03 00:00:00 - 2020-04-24 12:00:00,68,other,NA,NA,NA,NA,2005,NA,2004-10-01T00:00:00Z,2005-10-01T00:00:00Z,-120.414,39.6444
396444N1204137W003,972860,2005-06-29T00:00:00Z,4915.2,4915.2,0,-4.3,4919.5,-4.3,-4.3,NA,Unknown,Water level accuracy is unknown,1,Department of Water Resources,NA,388,Sierra Valley Groundwater Management District,340,355,38384,21N14E28G003M,DMW 3d,Digital aerial photo,0.1 ft.,5-012.01,Sierra Valley,Sierra,440,Observation,Part of a nested/multi-completion well,788366,2002-10-03 00:00:00 - 2020-04-24 12:00:00,68,other,NA,NA,NA,NA,2005,NA,2004-10-01T00:00:00Z,2005-10-01T00:00:00Z,-120.414,39.6444
396444N1204137W003,972859,2005-05-31T00:00:00Z,4915.2,4915.2,0,-4.4,4919.6,-4.4,-4.4,NA,Unknown,Water level accuracy is unknown,1,Department of Water Resources,NA,388,Sierra Valley Groundwater Management District,340,355,38384,21N14E28G003M,DMW 3d,Digital aerial photo,0.1 ft.,5-012.01,Sierra Valley,Sierra,440,Observation,Part of a nested/multi-completion well,788366,2002-10-03 00:00:00 - 2020-04-24 12:00:00,68,spring,NA,NA,-6.5,9.8,2005,NA,2004-10-01T00:00:00Z,2005-10-01T00:00:00Z,-120.414,39.6444
396444N1204137W003,972858,2005-04-28T00:00:00Z,4915.2,4915.2,0,-4.4,4919.6,-4.4,-4.4,NA,Unknown,Water level accuracy is unknown,1,Department of Water Resources,NA,388,Sierra Valley Groundwater Management District,340,355,38384,21N14E28G003M,DMW 3d,Digital aerial photo,0.1 ft.,5-012.01,Sierra Valley,Sierra,440,Observation,Part of a nested/multi-completion well,788366,2002-10-03 00:00:00 - 2020-04-24 12:00:00,68,spring,NA,NA,-6.5,9.8,2005,NA,2004-10-01T00:00:00Z,2005-10-01T00:00:00Z,-120.414,39.6444
396444N1204137W003,972857,2005-04-02T00:00:00Z,4915.2,4915.2,0,-4.6,4919.8,-4.6,-4.6,NA,Unknown,Water level accuracy is unknown,1,Department of Water Resources,NA,388,Sierra Valley Groundwater Management District,340,355,38384,21N14E28G003M,DMW 3d,Digital aerial photo,0.1 ft.,5-012.01,Sierra Valley,Sierra,440,Observation,Part of a nested/multi-completion well,788366,2002-10-03 00:00:00 - 2020-04-24 12:00:00,68,spring,NA,NA,-6.5,9.8,2005,NA,2004-10-01T00:00:00Z,2005-10-01T00:00:00Z,-120.414,39.6444
396444N1204137W003,972856,2005-03-03T00:00:00Z,4915.2,4915.2,0,-4.8,4920,-4.8,-4.8,NA,Unknown,Water level accuracy is unknown,1,Department of Water Resources,NA,388,Sierra Valley Groundwater Management District,340,355,38384,21N14E28G003M,DMW 3d,Digital aerial photo,0.1 ft.,5-012.01,Sierra Valley,Sierra,440,Observation,Part of a nested/multi-completion well,788366,2002-10-03 00:00:00 - 2020-04-24 12:00:00,68,spring,NA,NA,-6.5,9.8,2005,NA,2004-10-01T00:00:00Z,2005-10-01T00:00:00Z,-120.414,39.6444
396444N1204137W003,972855,2005-01-31T00:00:00Z,4915.2,4915.2,0,-4.9,4920.1,-4.9,-4.9,NA,Unknown,Water level accuracy is unknown,1,Department of Water Resources,NA,388,Sierra Valley Groundwater Management District,340,355,38384,21N14E28G003M,DMW 3d,Digital aerial photo,0.1 ft.,5-012.01,Sierra Valley,Sierra,440,Observation,Part of a nested/multi-completion well,788366,2002-10-03 00:00:00 - 2020-04-24 12:00:00,68,other,NA,NA,NA,NA,2005,NA,2004-10-01T00:00:00Z,2005-10-01T00:00:00Z,-120.414,39.6444
396444N1204137W003,972854,2004-12-03T00:00:00Z,4915.2,4915.2,0,-5.9,4921.1,-5.9,-5.9,NA,Unknown,Water level accuracy is unknown,1,Department of Water Resources,NA,388,Sierra Valley Groundwater Management District,340,355,38384,21N14E28G003M,DMW 3d,Digital aerial photo,0.1 ft.,5-012.01,Sierra Valley,Sierra,440,Observation,Part of a nested/multi-completion well,788366,2002-10-03 00:00:00 - 2020-04-24 12:00:00,68,other,NA,NA,NA,NA,2005,NA,2004-10-01T00:00:00Z,2005-10-01T00:00:00Z,-120.414,39.6444
396444N1204137W003,972853,2004-11-02T00:00:00Z,4915.2,4915.2,0,0.5,4914.7,0.5,0.5,NA,Unknown,Water level accuracy is unknown,1,Department of Water Resources,NA,388,Sierra Valley Groundwater Management District,340,355,38384,21N14E28G003M,DMW 3d,Digital aerial photo,0.1 ft.,5-012.01,Sierra Valley,Sierra,440,Observation,Part of a nested/multi-completion well,788366,2002-10-03 00:00:00 - 2020-04-24 12:00:00,68,fall,-5.26,16.1,NA,NA,2005,NA,2004-10-01T00:00:00Z,2005-10-01T00:00:00Z,-120.414,39.6444
396444N1204137W003,972852,2004-09-30T00:00:00Z,4915.2,4915.2,0,6.1,4909.1,6.1,6.1,NA,Unknown,Water level accuracy is unknown,1,Department of Water Resources,NA,388,Sierra Valley Groundwater Management District,340,355,38384,21N14E28G003M,DMW 3d,Digital aerial photo,0.1 ft.,5-012.01,Sierra Valley,Sierra,440,Observation,Part of a nested/multi-completion well,788366,2002-10-03 00:00:00 - 2020-04-24 12:00:00,68,fall,-5.26,16.1,NA,NA,2004,NA,2003-10-01T00:00:00Z,2004-10-01T00:00:00Z,-120.414,39.6444
396444N1204137W003,972851,2004-08-31T00:00:00Z,4915.2,4915.2,0,16.1,4899.1,16.1,16.1,NA,Unknown,Water level accuracy is unknown,1,Department of Water Resources,NA,388,Sierra Valley Groundwater Management District,340,355,38384,21N14E28G003M,DMW 3d,Digital aerial photo,0.1 ft.,5-012.01,Sierra Valley,Sierra,440,Observation,Part of a nested/multi-completion well,788366,2002-10-03 00:00:00 - 2020-04-24 12:00:00,68,fall,-5.26,16.1,NA,NA,2004,NA,2003-10-01T00:00:00Z,2004-10-01T00:00:00Z,-120.414,39.6444
396444N1204137W003,972850,2004-07-30T00:00:00Z,4915.2,4915.2,0,7.8,4907.4,7.8,7.8,NA,Unknown,Water level accuracy is unknown,1,Department of Water Resources,NA,388,Sierra Valley Groundwater Management District,340,355,38384,21N14E28G003M,DMW 3d,Digital aerial photo,0.1 ft.,5-012.01,Sierra Valley,Sierra,440,Observation,Part of a nested/multi-completion well,788366,2002-10-03 00:00:00 - 2020-04-24 12:00:00,68,other,NA,NA,NA,NA,2004,NA,2003-10-01T00:00:00Z,2004-10-01T00:00:00Z,-120.414,39.6444
396444N1204137W003,972849,2004-07-05T00:00:00Z,4915.2,4915.2,0,16.6,4898.6,16.6,16.6,NA,Unknown,Water level accuracy is unknown,1,Department of Water Resources,NA,388,Sierra Valley Groundwater Management District,340,355,38384,21N14E28G003M,DMW 3d,Digital aerial photo,0.1 ft.,5-012.01,Sierra Valley,Sierra,440,Observation,Part of a nested/multi-completion well,788366,2002-10-03 00:00:00 - 2020-04-24 12:00:00,68,other,NA,NA,NA,NA,2004,NA,2003-10-01T00:00:00Z,2004-10-01T00:00:00Z,-120.414,39.6444
396444N1204137W003,972848,2004-05-31T00:00:00Z,4915.2,4915.2,0,-6.5,4921.7,-6.5,-6.5,NA,Unknown,Water level accuracy is unknown,1,Department of Water Resources,NA,388,Sierra Valley Groundwater Management District,340,355,38384,21N14E28G003M,DMW 3d,Digital aerial photo,0.1 ft.,5-012.01,Sierra Valley,Sierra,440,Observation,Part of a nested/multi-completion well,788366,2002-10-03 00:00:00 - 2020-04-24 12:00:00,68,spring,NA,NA,-6.5,9.8,2004,NA,2003-10-01T00:00:00Z,2004-10-01T00:00:00Z,-120.414,39.6444
396444N1204137W003,972847,2004-04-29T00:00:00Z,4915.2,4915.2,0,9.8,4905.4,9.8,9.8,NA,Unknown,Water level accuracy is unknown,1,Department of Water Resources,NA,388,Sierra Valley Groundwater Management District,340,355,38384,21N14E28G003M,DMW 3d,Digital aerial photo,0.1 ft.,5-012.01,Sierra Valley,Sierra,440,Observation,Part of a nested/multi-completion well,788366,2002-10-03 00:00:00 - 2020-04-24 12:00:00,68,spring,NA,NA,-6.5,9.8,2004,NA,2003-10-01T00:00:00Z,2004-10-01T00:00:00Z,-120.414,39.6444
396444N1204137W003,972846,2004-04-01T00:00:00Z,4915.2,4915.2,0,-3.3,4918.5,-3.3,-3.3,NA,Unknown,Water level accuracy is unknown,1,Department of Water Resources,NA,388,Sierra Valley Groundwater Management District,340,355,38384,21N14E28G003M,DMW 3d,Digital aerial photo,0.1 ft.,5-012.01,Sierra Valley,Sierra,440,Observation,Part of a nested/multi-completion well,788366,2002-10-03 00:00:00 - 2020-04-24 12:00:00,68,spring,NA,NA,-6.5,9.8,2004,NA,2003-10-01T00:00:00Z,2004-10-01T00:00:00Z,-120.414,39.6444
396444N1204137W003,972845,2004-02-29T00:00:00Z,4915.2,4915.2,0,-3.4,4918.6,-3.4,-3.4,NA,Unknown,Water level accuracy is unknown,1,Department of Water Resources,NA,388,Sierra Valley Groundwater Management District,340,355,38384,21N14E28G003M,DMW 3d,Digital aerial photo,0.1 ft.,5-012.01,Sierra Valley,Sierra,440,Observation,Part of a nested/multi-completion well,788366,2002-10-03 00:00:00 - 2020-04-24 12:00:00,68,other,NA,NA,NA,NA,2004,NA,2003-10-01T00:00:00Z,2004-10-01T00:00:00Z,-120.414,39.6444
396444N1204137W003,972844,2004-01-31T00:00:00Z,4915.2,4915.2,0,-3.6,4918.8,-3.6,-3.6,NA,Unknown,Water level accuracy is unknown,1,Department of Water Resources,NA,388,Sierra Valley Groundwater Management District,340,355,38384,21N14E28G003M,DMW 3d,Digital aerial photo,0.1 ft.,5-012.01,Sierra Valley,Sierra,440,Observation,Part of a nested/multi-completion well,788366,2002-10-03 00:00:00 - 2020-04-24 12:00:00,68,other,NA,NA,NA,NA,2004,NA,2003-10-01T00:00:00Z,2004-10-01T00:00:00Z,-120.414,39.6444
396444N1204137W003,972843,2003-12-02T00:00:00Z,4915.2,4915.2,0,-4.4,4919.6,-4.4,-4.4,NA,Unknown,Water level accuracy is unknown,1,Department of Water Resources,NA,388,Sierra Valley Groundwater Management District,340,355,38384,21N14E28G003M,DMW 3d,Digital aerial photo,0.1 ft.,5-012.01,Sierra Valley,Sierra,440,Observation,Part of a nested/multi-completion well,788366,2002-10-03 00:00:00 - 2020-04-24 12:00:00,68,other,NA,NA,NA,NA,2004,NA,2003-10-01T00:00:00Z,2004-10-01T00:00:00Z,-120.414,39.6444
396444N1204137W003,972842,2003-11-02T00:00:00Z,4915.2,4915.2,0,-4.6,4919.8,-4.6,-4.6,NA,Unknown,Water level accuracy is unknown,1,Department of Water Resources,NA,388,Sierra Valley Groundwater Management District,340,355,38384,21N14E28G003M,DMW 3d,Digital aerial photo,0.1 ft.,5-012.01,Sierra Valley,Sierra,440,Observation,Part of a nested/multi-completion well,788366,2002-10-03 00:00:00 - 2020-04-24 12:00:00,68,fall,-5.26,16.1,NA,NA,2004,NA,2003-10-01T00:00:00Z,2004-10-01T00:00:00Z,-120.414,39.6444
396444N1204137W003,972841,2003-10-01T00:00:00Z,4915.2,4915.2,0,-5.1,4920.3,-5.1,-5.1,NA,Unknown,Water level accuracy is unknown,1,Department of Water Resources,NA,388,Sierra Valley Groundwater Management District,340,355,38384,21N14E28G003M,DMW 3d,Digital aerial photo,0.1 ft.,5-012.01,Sierra Valley,Sierra,440,Observation,Part of a nested/multi-completion well,788366,2002-10-03 00:00:00 - 2020-04-24 12:00:00,68,fall,-5.26,16.1,NA,NA,2004,NA,2003-10-01T00:00:00Z,2004-10-01T00:00:00Z,-120.414,39.6444
396444N1204137W003,972840,2003-09-03T00:00:00Z,4915.2,4915.2,0,3.6,4911.6,3.6,3.6,NA,Unknown,Water level accuracy is unknown,1,Department of Water Resources,NA,388,Sierra Valley Groundwater Management District,340,355,38384,21N14E28G003M,DMW 3d,Digital aerial photo,0.1 ft.,5-012.01,Sierra Valley,Sierra,440,Observation,Part of a nested/multi-completion well,788366,2002-10-03 00:00:00 - 2020-04-24 12:00:00,68,fall,-5.26,16.1,NA,NA,2003,NA,2002-10-01T00:00:00Z,2003-10-01T00:00:00Z,-120.414,39.6444
396444N1204137W003,972839,2003-07-30T00:00:00Z,4915.2,4915.2,0,12,4903.2,12,12,NA,Unknown,Water level accuracy is unknown,1,Department of Water Resources,NA,388,Sierra Valley Groundwater Management District,340,355,38384,21N14E28G003M,DMW 3d,Digital aerial photo,0.1 ft.,5-012.01,Sierra Valley,Sierra,440,Observation,Part of a nested/multi-completion well,788366,2002-10-03 00:00:00 - 2020-04-24 12:00:00,68,other,NA,NA,NA,NA,2003,NA,2002-10-01T00:00:00Z,2003-10-01T00:00:00Z,-120.414,39.6444
396444N1204137W003,972838,2003-06-30T00:00:00Z,4915.2,4915.2,0,21.1,4894.1,21.1,21.1,NA,Unknown,Water level accuracy is unknown,1,Department of Water Resources,NA,388,Sierra Valley Groundwater Management District,340,355,38384,21N14E28G003M,DMW 3d,Digital aerial photo,0.1 ft.,5-012.01,Sierra Valley,Sierra,440,Observation,Part of a nested/multi-completion well,788366,2002-10-03 00:00:00 - 2020-04-24 12:00:00,68,other,NA,NA,NA,NA,2003,NA,2002-10-01T00:00:00Z,2003-10-01T00:00:00Z,-120.414,39.6444
396444N1204137W003,972837,2003-06-03T00:00:00Z,4915.2,4915.2,0,-4,4919.2,-4,-4,NA,Unknown,Water level accuracy is unknown,1,Department of Water Resources,NA,388,Sierra Valley Groundwater Management District,340,355,38384,21N14E28G003M,DMW 3d,Digital aerial photo,0.1 ft.,5-012.01,Sierra Valley,Sierra,440,Observation,Part of a nested/multi-completion well,788366,2002-10-03 00:00:00 - 2020-04-24 12:00:00,68,other,NA,NA,NA,NA,2003,NA,2002-10-01T00:00:00Z,2003-10-01T00:00:00Z,-120.414,39.6444
396444N1204137W003,972836,2003-04-30T00:00:00Z,4915.2,4915.2,0,-5.95,4921.15,-5.95,-5.95,NA,Unknown,Water level accuracy is unknown,1,Department of Water Resources,NA,388,Sierra Valley Groundwater Management District,340,355,38384,21N14E28G003M,DMW 3d,Digital aerial photo,0.1 ft.,5-012.01,Sierra Valley,Sierra,440,Observation,Part of a nested/multi-completion well,788366,2002-10-03 00:00:00 - 2020-04-24 12:00:00,68,spring,NA,NA,-6.5,9.8,2003,NA,2002-10-01T00:00:00Z,2003-10-01T00:00:00Z,-120.414,39.6444
396444N1204137W003,972835,2003-03-31T00:00:00Z,4915.2,4915.2,0,-5.93,4921.13,-5.93,-5.93,NA,Unknown,Water level accuracy is unknown,1,Department of Water Resources,NA,388,Sierra Valley Groundwater Management District,340,355,38384,21N14E28G003M,DMW 3d,Digital aerial photo,0.1 ft.,5-012.01,Sierra Valley,Sierra,440,Observation,Part of a nested/multi-completion well,788366,2002-10-03 00:00:00 - 2020-04-24 12:00:00,68,spring,NA,NA,-6.5,9.8,2003,NA,2002-10-01T00:00:00Z,2003-10-01T00:00:00Z,-120.414,39.6444
396444N1204137W003,972834,2003-03-01T00:00:00Z,4915.2,4915.2,0,-5.75,4920.95,-5.75,-5.75,NA,Unknown,Water level accuracy is unknown,1,Department of Water Resources,NA,388,Sierra Valley Groundwater Management District,340,355,38384,21N14E28G003M,DMW 3d,Digital aerial photo,0.1 ft.,5-012.01,Sierra Valley,Sierra,440,Observation,Part of a nested/multi-completion well,788366,2002-10-03 00:00:00 - 2020-04-24 12:00:00,68,spring,NA,NA,-6.5,9.8,2003,NA,2002-10-01T00:00:00Z,2003-10-01T00:00:00Z,-120.414,39.6444
396444N1204137W003,972833,2003-01-30T00:00:00Z,4915.2,4915.2,0,-5.65,4920.85,-5.65,-5.65,NA,Unknown,Water level accuracy is unknown,1,Department of Water Resources,NA,388,Sierra Valley Groundwater Management District,340,355,38384,21N14E28G003M,DMW 3d,Digital aerial photo,0.1 ft.,5-012.01,Sierra Valley,Sierra,440,Observation,Part of a nested/multi-completion well,788366,2002-10-03 00:00:00 - 2020-04-24 12:00:00,68,other,NA,NA,NA,NA,2003,NA,2002-10-01T00:00:00Z,2003-10-01T00:00:00Z,-120.414,39.6444
396444N1204137W003,972832,2002-12-30T00:00:00Z,4915.2,4915.2,0,-5.66,4920.86,-5.66,-5.66,NA,Unknown,Water level accuracy is unknown,1,Department of Water Resources,NA,388,Sierra Valley Groundwater Management District,340,355,38384,21N14E28G003M,DMW 3d,Digital aerial photo,0.1 ft.,5-012.01,Sierra Valley,Sierra,440,Observation,Part of a nested/multi-completion well,788366,2002-10-03 00:00:00 - 2020-04-24 12:00:00,68,other,NA,NA,NA,NA,2003,NA,2002-10-01T00:00:00Z,2003-10-01T00:00:00Z,-120.414,39.6444
396444N1204137W003,972831,2002-12-03T00:00:00Z,4915.2,4915.2,0,-5.37,4920.57,-5.37,-5.37,NA,Unknown,Water level accuracy is unknown,1,Department of Water Resources,NA,388,Sierra Valley Groundwater Management District,340,355,38384,21N14E28G003M,DMW 3d,Digital aerial photo,0.1 ft.,5-012.01,Sierra Valley,Sierra,440,Observation,Part of a nested/multi-completion well,788366,2002-10-03 00:00:00 - 2020-04-24 12:00:00,68,other,NA,NA,NA,NA,2003,NA,2002-10-01T00:00:00Z,2003-10-01T00:00:00Z,-120.414,39.6444
396444N1204137W003,972830,2002-11-01T00:00:00Z,4915.2,4915.2,0,-5.26,4920.46,-5.26,-5.26,NA,Unknown,Water level accuracy is unknown,1,Department of Water Resources,NA,388,Sierra Valley Groundwater Management District,340,355,38384,21N14E28G003M,DMW 3d,Digital aerial photo,0.1 ft.,5-012.01,Sierra Valley,Sierra,440,Observation,Part of a nested/multi-completion well,788366,2002-10-03 00:00:00 - 2020-04-24 12:00:00,68,fall,-5.26,16.1,NA,NA,2003,NA,2002-10-01T00:00:00Z,2003-10-01T00:00:00Z,-120.414,39.6444
396444N1204137W003,972829,2002-10-03T00:00:00Z,4915.2,4915.2,0,-5.25,4920.45,-5.25,-5.25,NA,Unknown,Water level accuracy is unknown,1,Department of Water Resources,NA,388,Sierra Valley Groundwater Management District,340,355,38384,21N14E28G003M,DMW 3d,Digital aerial photo,0.1 ft.,5-012.01,Sierra Valley,Sierra,440,Observation,Part of a nested/multi-completion well,788366,2002-10-03 00:00:00 - 2020-04-24 12:00:00,68,fall,-5.26,16.1,NA,NA,2003,NA,2002-10-01T00:00:00Z,2003-10-01T00:00:00Z,-120.414,39.6444
