SITE_CODE,WLM_ID,MSMT_DATE,WLM_RPE,WLM_GSE,RDNG_WS,RDNG_RP,WSE,RPE_WSE,GSE_WSE,WLM_QA_DESC,WLM_DESC,WLM_ACC_DESC,WLM_ORG_ID,WLM_ORG_NAME,MSMT_CMT,COOP_AGENCY_ORG_ID,COOP_ORG_NAME,TOP_PRF,BOT_PRF,STN_ID,SWN,WELL_NAME,WLM_METHOD,WLM_ACC,BASIN_CODE,BASIN_NAME,COUNTY_NAME,WELL_DEPTH,WELL_USE,WELL_TYPE,WCR_NO,t_range,n_samples,season,fall_high,fall_low,spring_high,spring_low,water_year,water_year_type,water_year_start,water_year_end,X,Y
396599N1202229W001,2267992,2017-10-16T00:00:00Z,5095.6,5093.8,0,26.25,5069.35,26.25,24.45,NA,Electric sounder measurement,Water level accuracy to nearest hundredth of a foot,1,Department of Water Resources,NA,1,Department of Water Resources,NA,NA,48703,21N16E30A001M,21N16E30A001M,USGS quad,5 ft.,5-012.01,Sierra Valley,Sierra,400,Other,Single Well,NA,2011-10-18 00:00:00 - 2020-04-24 12:00:00,18,fall,24.45,101.4,NA,NA,2018,NA,2017-10-01T00:00:00Z,2018-10-01T00:00:00Z,-120.223,39.6499
396599N1202229W001,2244280,2017-04-03T00:00:00Z,5095.6,5093.8,0,18,5077.6,18,16.2,NA,Electric sounder measurement,Water level accuracy to nearest hundredth of a foot,1,Department of Water Resources,NA,1,Department of Water Resources,NA,NA,48703,21N16E30A001M,21N16E30A001M,USGS quad,5 ft.,5-012.01,Sierra Valley,Sierra,400,Other,Single Well,NA,2011-10-18 00:00:00 - 2020-04-24 12:00:00,18,spring,NA,NA,16.2,86.6,2017,Wet,2016-10-01T00:00:00Z,2017-10-01T00:00:00Z,-120.223,39.6499
396599N1202229W001,2214110,2016-10-24T00:00:00Z,5095.6,5093.8,0,103.2,4992.4,103.2,101.4,Pumping,Electric sounder measurement,Water level accuracy to nearest hundredth of a foot,1,Department of Water Resources,NA,1,Department of Water Resources,NA,NA,48703,21N16E30A001M,21N16E30A001M,USGS quad,5 ft.,5-012.01,Sierra Valley,Sierra,400,Other,Single Well,NA,2011-10-18 00:00:00 - 2020-04-24 12:00:00,18,fall,24.45,101.4,NA,NA,2017,Wet,2016-10-01T00:00:00Z,2017-10-01T00:00:00Z,-120.223,39.6499
396599N1202229W001,2184576,2016-03-21T00:00:00Z,5095.6,5093.8,0,21.95,5073.65,21.95,20.15,NA,Electric sounder measurement,Water level accuracy to nearest hundredth of a foot,1,Department of Water Resources,NA,1,Department of Water Resources,NA,NA,48703,21N16E30A001M,21N16E30A001M,USGS quad,5 ft.,5-012.01,Sierra Valley,Sierra,400,Other,Single Well,NA,2011-10-18 00:00:00 - 2020-04-24 12:00:00,18,spring,NA,NA,16.2,86.6,2016,NA,2015-10-01T00:00:00Z,2016-10-01T00:00:00Z,-120.223,39.6499
396599N1202229W001,2157050,2015-10-19T00:00:00Z,5095.6,5093.8,0,29.34,5066.26,29.34,27.54,NA,Electric sounder measurement,Water level accuracy to nearest hundredth of a foot,1,Department of Water Resources,NA,1,Department of Water Resources,NA,NA,48703,21N16E30A001M,21N16E30A001M,USGS quad,5 ft.,5-012.01,Sierra Valley,Sierra,400,Other,Single Well,NA,2011-10-18 00:00:00 - 2020-04-24 12:00:00,18,fall,24.45,101.4,NA,NA,2016,NA,2015-10-01T00:00:00Z,2016-10-01T00:00:00Z,-120.223,39.6499
396599N1202229W001,2119762,2015-03-23T00:00:00Z,5095.6,5093.8,0,26.1,5069.5,26.1,24.3,NA,Electric sounder measurement,Water level accuracy to nearest hundredth of a foot,1,Department of Water Resources,NA,1,Department of Water Resources,NA,NA,48703,21N16E30A001M,21N16E30A001M,USGS quad,5 ft.,5-012.01,Sierra Valley,Sierra,400,Other,Single Well,NA,2011-10-18 00:00:00 - 2020-04-24 12:00:00,18,spring,NA,NA,16.2,86.6,2015,NA,2014-10-01T00:00:00Z,2015-10-01T00:00:00Z,-120.223,39.6499
396599N1202229W001,2020277,2014-10-20T00:00:00Z,5095.6,5093.8,0,67.25,5028.35,67.25,65.45,NA,Electric sounder measurement,Water level accuracy to nearest hundredth of a foot,1,Department of Water Resources,NA,1,Department of Water Resources,NA,NA,48703,21N16E30A001M,21N16E30A001M,USGS quad,5 ft.,5-012.01,Sierra Valley,Sierra,400,Other,Single Well,NA,2011-10-18 00:00:00 - 2020-04-24 12:00:00,18,fall,24.45,101.4,NA,NA,2015,NA,2014-10-01T00:00:00Z,2015-10-01T00:00:00Z,-120.223,39.6499
396599N1202229W001,1880760,2014-03-14T00:00:00Z,5095.6,5093.8,0,29.12,5066.48,29.12,27.32,NA,Electric sounder measurement,Water level accuracy to nearest hundredth of a foot,1,Department of Water Resources,NA,1,Department of Water Resources,NA,NA,48703,21N16E30A001M,21N16E30A001M,USGS quad,5 ft.,5-012.01,Sierra Valley,Sierra,400,Other,Single Well,NA,2011-10-18 00:00:00 - 2020-04-24 12:00:00,18,spring,NA,NA,16.2,86.6,2014,NA,2013-10-01T00:00:00Z,2014-10-01T00:00:00Z,-120.223,39.6499
396599N1202229W001,1797102,2013-10-21T00:00:00Z,5095.6,5093.8,0,29.12,5066.48,29.12,27.32,NA,Electric sounder measurement,Water level accuracy to nearest hundredth of a foot,1,Department of Water Resources,NA,1,Department of Water Resources,NA,NA,48703,21N16E30A001M,21N16E30A001M,USGS quad,5 ft.,5-012.01,Sierra Valley,Sierra,400,Other,Single Well,NA,2011-10-18 00:00:00 - 2020-04-24 12:00:00,18,fall,24.45,101.4,NA,NA,2014,NA,2013-10-01T00:00:00Z,2014-10-01T00:00:00Z,-120.223,39.6499
396599N1202229W001,1684421,2013-03-25T00:00:00Z,5095.57,5093.77,0,88.4,5007.17,88.4,86.6,Pumping,Electric sounder measurement,Water level accuracy to nearest hundredth of a foot,1,Department of Water Resources,NA,1,Department of Water Resources,NA,NA,48703,21N16E30A001M,21N16E30A001M,USGS quad,5 ft.,5-012.01,Sierra Valley,Sierra,400,Other,Single Well,NA,2011-10-18 00:00:00 - 2020-04-24 12:00:00,18,spring,NA,NA,16.2,86.6,2013,Dry,2012-10-01T00:00:00Z,2013-10-01T00:00:00Z,-120.223,39.6499
396599N1202229W001,69362,2012-10-30T00:00:00Z,5095.57,5093.77,0,28.57,5067,28.57,26.77,NA,Electric sounder measurement,Water level accuracy to nearest hundredth of a foot,1,Department of Water Resources,NA,1,Department of Water Resources,NA,NA,48703,21N16E30A001M,21N16E30A001M,USGS quad,5 ft.,5-012.01,Sierra Valley,Sierra,400,Other,Single Well,NA,2011-10-18 00:00:00 - 2020-04-24 12:00:00,18,fall,24.45,101.4,NA,NA,2013,Dry,2012-10-01T00:00:00Z,2013-10-01T00:00:00Z,-120.223,39.6499
396599N1202229W001,59944,2012-04-17T00:00:00Z,5095.57,5093.77,0,86.53,5009.04,86.53,84.73,Pumping,Electric sounder measurement,Water level accuracy to nearest hundredth of a foot,1,Department of Water Resources,NA,1,Department of Water Resources,NA,NA,48703,21N16E30A001M,21N16E30A001M,USGS quad,5 ft.,5-012.01,Sierra Valley,Sierra,400,Other,Single Well,NA,2011-10-18 00:00:00 - 2020-04-24 12:00:00,18,spring,NA,NA,16.2,86.6,2012,NA,2011-10-01T00:00:00Z,2012-10-01T00:00:00Z,-120.223,39.6499
396599N1202229W001,39792,2011-10-18T00:00:00Z,5095.57,5093.77,0,27.55,5068.02,27.55,25.75,NA,Electric sounder measurement,Water level accuracy to nearest hundredth of a foot,1,Department of Water Resources,NA,1,Department of Water Resources,NA,NA,48703,21N16E30A001M,21N16E30A001M,USGS quad,5 ft.,5-012.01,Sierra Valley,Sierra,400,Other,Single Well,NA,2011-10-18 00:00:00 - 2020-04-24 12:00:00,18,fall,24.45,101.4,NA,NA,2012,NA,2011-10-01T00:00:00Z,2012-10-01T00:00:00Z,-120.223,39.6499
