SITE_CODE,WLM_ID,MSMT_DATE,WLM_RPE,WLM_GSE,RDNG_WS,RDNG_RP,WSE,RPE_WSE,GSE_WSE,WLM_QA_DESC,WLM_DESC,WLM_ACC_DESC,WLM_ORG_ID,WLM_ORG_NAME,MSMT_CMT,COOP_AGENCY_ORG_ID,COOP_ORG_NAME,TOP_PRF,BOT_PRF,STN_ID,SWN,WELL_NAME,WLM_METHOD,WLM_ACC,BASIN_CODE,BASIN_NAME,COUNTY_NAME,WELL_DEPTH,WELL_USE,WELL_TYPE,WCR_NO,t_range,n_samples,season,fall_high,fall_low,spring_high,spring_low,water_year,water_year_type,water_year_start,water_year_end,X,Y
396746N1202251W001,973825,1987-04-07T00:00:00Z,4999.51,4998.81,0,12.9,4986.61,12.9,12.2,NA,Unknown,Water level accuracy is unknown,1,Department of Water Resources,NA,1,Department of Water Resources,NA,NA,20077,21N16E18H001M,NA,Unknown,Unknown,5-012.01,Sierra Valley,Sierra,118,Stockwatering,Unknown,48781,1957-09-10 - 1988-10-04,63,spring,NA,NA,12.2,25,1987,Dry,1986-10-01T00:00:00Z,1987-10-01T00:00:00Z,-120.225,39.6746
396746N1202251W001,973823,1986-04-01T00:00:00Z,4999.51,4998.81,0,14.7,4984.81,14.7,14,NA,Unknown,Water level accuracy is unknown,1,Department of Water Resources,NA,1,Department of Water Resources,NA,NA,20077,21N16E18H001M,NA,Unknown,Unknown,5-012.01,Sierra Valley,Sierra,118,Stockwatering,Unknown,48781,1957-09-10 - 1988-10-04,63,spring,NA,NA,12.2,25,1986,Wet,1985-10-01T00:00:00Z,1986-10-01T00:00:00Z,-120.225,39.6746
396746N1202251W001,973822,1985-10-06T00:00:00Z,4999.51,4998.81,0,24,4975.51,24,23.3,NA,Unknown,Water level accuracy is unknown,1,Department of Water Resources,NA,1,Department of Water Resources,NA,NA,20077,21N16E18H001M,NA,Unknown,Unknown,5-012.01,Sierra Valley,Sierra,118,Stockwatering,Unknown,48781,1957-09-10 - 1988-10-04,63,fall,18,31.3,NA,NA,1986,Wet,1985-10-01T00:00:00Z,1986-10-01T00:00:00Z,-120.225,39.6746
396746N1202251W001,973821,1985-03-26T00:00:00Z,4999.51,4998.81,0,17.9,4981.61,17.9,17.2,NA,Unknown,Water level accuracy is unknown,1,Department of Water Resources,NA,388,Sierra Valley Groundwater Management District,NA,NA,20077,21N16E18H001M,NA,Unknown,Unknown,5-012.01,Sierra Valley,Sierra,118,Stockwatering,Unknown,48781,1957-09-10 - 1988-10-04,63,spring,NA,NA,12.2,25,1985,Dry,1984-10-01T00:00:00Z,1985-10-01T00:00:00Z,-120.225,39.6746
396746N1202251W001,973820,1984-10-04T00:00:00Z,4999.51,4998.81,0,22,4977.51,22,21.3,NA,Unknown,Water level accuracy is unknown,1,Department of Water Resources,NA,1,Department of Water Resources,NA,NA,20077,21N16E18H001M,NA,Unknown,Unknown,5-012.01,Sierra Valley,Sierra,118,Stockwatering,Unknown,48781,1957-09-10 - 1988-10-04,63,fall,18,31.3,NA,NA,1985,Dry,1984-10-01T00:00:00Z,1985-10-01T00:00:00Z,-120.225,39.6746
396746N1202251W001,973819,1984-03-13T00:00:00Z,4999.51,4998.81,0,14,4985.51,14,13.3,NA,Unknown,Water level accuracy is unknown,1,Department of Water Resources,NA,1,Department of Water Resources,NA,NA,20077,21N16E18H001M,NA,Unknown,Unknown,5-012.01,Sierra Valley,Sierra,118,Stockwatering,Unknown,48781,1957-09-10 - 1988-10-04,63,spring,NA,NA,12.2,25,1984,NA,1983-10-01T00:00:00Z,1984-10-01T00:00:00Z,-120.225,39.6746
396746N1202251W001,973818,1983-09-28T00:00:00Z,4999.51,4998.81,0,20.1,4979.41,20.1,19.4,NA,Unknown,Water level accuracy is unknown,1,Department of Water Resources,NA,1,Department of Water Resources,NA,NA,20077,21N16E18H001M,NA,Unknown,Unknown,5-012.01,Sierra Valley,Sierra,118,Stockwatering,Unknown,48781,1957-09-10 - 1988-10-04,63,fall,18,31.3,NA,NA,1983,NA,1982-10-01T00:00:00Z,1983-10-01T00:00:00Z,-120.225,39.6746
396746N1202251W001,973817,1983-04-13T00:00:00Z,4999.51,4998.81,0,14.9,4984.61,14.9,14.2,NA,Unknown,Water level accuracy is unknown,1,Department of Water Resources,NA,1,Department of Water Resources,NA,NA,20077,21N16E18H001M,NA,Unknown,Unknown,5-012.01,Sierra Valley,Sierra,118,Stockwatering,Unknown,48781,1957-09-10 - 1988-10-04,63,spring,NA,NA,12.2,25,1983,NA,1982-10-01T00:00:00Z,1983-10-01T00:00:00Z,-120.225,39.6746
396746N1202251W001,973816,1982-10-14T00:00:00Z,4999.51,4998.81,0,24,4975.51,24,23.3,NA,Unknown,Water level accuracy is unknown,1,Department of Water Resources,NA,1,Department of Water Resources,NA,NA,20077,21N16E18H001M,NA,Unknown,Unknown,5-012.01,Sierra Valley,Sierra,118,Stockwatering,Unknown,48781,1957-09-10 - 1988-10-04,63,fall,18,31.3,NA,NA,1983,NA,1982-10-01T00:00:00Z,1983-10-01T00:00:00Z,-120.225,39.6746
396746N1202251W001,973815,1982-10-07T00:00:00Z,4999.51,4998.81,0,19.5,4980.01,19.5,18.8,NA,Unknown,Water level accuracy is unknown,1,Department of Water Resources,NA,1,Department of Water Resources,NA,NA,20077,21N16E18H001M,NA,Unknown,Unknown,5-012.01,Sierra Valley,Sierra,118,Stockwatering,Unknown,48781,1957-09-10 - 1988-10-04,63,fall,18,31.3,NA,NA,1983,NA,1982-10-01T00:00:00Z,1983-10-01T00:00:00Z,-120.225,39.6746
396746N1202251W001,973814,1982-10-06T00:00:00Z,4999.51,4998.81,0,19.2,4980.31,19.2,18.5,NA,Unknown,Water level accuracy is unknown,1,Department of Water Resources,NA,1,Department of Water Resources,NA,NA,20077,21N16E18H001M,NA,Unknown,Unknown,5-012.01,Sierra Valley,Sierra,118,Stockwatering,Unknown,48781,1957-09-10 - 1988-10-04,63,fall,18,31.3,NA,NA,1983,NA,1982-10-01T00:00:00Z,1983-10-01T00:00:00Z,-120.225,39.6746
396746N1202251W001,973813,1982-04-28T00:00:00Z,4999.51,4998.81,0,17.2,4982.31,17.2,16.5,NA,Unknown,Water level accuracy is unknown,1,Department of Water Resources,NA,1,Department of Water Resources,NA,NA,20077,21N16E18H001M,NA,Unknown,Unknown,5-012.01,Sierra Valley,Sierra,118,Stockwatering,Unknown,48781,1957-09-10 - 1988-10-04,63,spring,NA,NA,12.2,25,1982,Wet,1981-10-01T00:00:00Z,1982-10-01T00:00:00Z,-120.225,39.6746
396746N1202251W001,973812,1981-10-06T00:00:00Z,4999.51,4998.81,0,32,4967.51,32,31.3,NA,Unknown,Water level accuracy is unknown,1,Department of Water Resources,NA,1,Department of Water Resources,NA,NA,20077,21N16E18H001M,NA,Unknown,Unknown,5-012.01,Sierra Valley,Sierra,118,Stockwatering,Unknown,48781,1957-09-10 - 1988-10-04,63,fall,18,31.3,NA,NA,1982,Wet,1981-10-01T00:00:00Z,1982-10-01T00:00:00Z,-120.225,39.6746
396746N1202251W001,973811,1981-09-17T00:00:00Z,4999.51,4998.81,0,30.5,4969.01,30.5,29.8,NA,Unknown,Water level accuracy is unknown,1,Department of Water Resources,NA,1,Department of Water Resources,NA,NA,20077,21N16E18H001M,NA,Unknown,Unknown,5-012.01,Sierra Valley,Sierra,118,Stockwatering,Unknown,48781,1957-09-10 - 1988-10-04,63,fall,18,31.3,NA,NA,1981,Dry,1980-10-01T00:00:00Z,1981-10-01T00:00:00Z,-120.225,39.6746
396746N1202251W001,973810,1981-08-27T00:00:00Z,4999.51,4998.81,0,30,4969.51,30,29.3,NA,Unknown,Water level accuracy is unknown,1,Department of Water Resources,NA,1,Department of Water Resources,NA,NA,20077,21N16E18H001M,NA,Unknown,Unknown,5-012.01,Sierra Valley,Sierra,118,Stockwatering,Unknown,48781,1957-09-10 - 1988-10-04,63,fall,18,31.3,NA,NA,1981,Dry,1980-10-01T00:00:00Z,1981-10-01T00:00:00Z,-120.225,39.6746
396746N1202251W001,973809,1981-08-13T00:00:00Z,4999.51,4998.81,0,30.9,4968.61,30.9,30.2,NA,Unknown,Water level accuracy is unknown,1,Department of Water Resources,NA,1,Department of Water Resources,NA,NA,20077,21N16E18H001M,NA,Unknown,Unknown,5-012.01,Sierra Valley,Sierra,118,Stockwatering,Unknown,48781,1957-09-10 - 1988-10-04,63,fall,18,31.3,NA,NA,1981,Dry,1980-10-01T00:00:00Z,1981-10-01T00:00:00Z,-120.225,39.6746
396746N1202251W001,973808,1981-04-16T00:00:00Z,4999.51,4998.81,0,24.3,4975.21,24.3,23.6,NA,Unknown,Water level accuracy is unknown,1,Department of Water Resources,NA,1,Department of Water Resources,NA,NA,20077,21N16E18H001M,NA,Unknown,Unknown,5-012.01,Sierra Valley,Sierra,118,Stockwatering,Unknown,48781,1957-09-10 - 1988-10-04,63,spring,NA,NA,12.2,25,1981,Dry,1980-10-01T00:00:00Z,1981-10-01T00:00:00Z,-120.225,39.6746
396746N1202251W001,973807,1980-10-23T00:00:00Z,4999.51,4998.81,0,25.8,4973.71,25.8,25.1,NA,Unknown,Water level accuracy is unknown,1,Department of Water Resources,NA,1,Department of Water Resources,NA,NA,20077,21N16E18H001M,NA,Unknown,Unknown,5-012.01,Sierra Valley,Sierra,118,Stockwatering,Unknown,48781,1957-09-10 - 1988-10-04,63,fall,18,31.3,NA,NA,1981,Dry,1980-10-01T00:00:00Z,1981-10-01T00:00:00Z,-120.225,39.6746
396746N1202251W001,973806,1980-08-28T00:00:00Z,4999.51,4998.81,0,24.7,4974.81,24.7,24,NA,Unknown,Water level accuracy is unknown,1,Department of Water Resources,NA,1,Department of Water Resources,NA,NA,20077,21N16E18H001M,NA,Unknown,Unknown,5-012.01,Sierra Valley,Sierra,118,Stockwatering,Unknown,48781,1957-09-10 - 1988-10-04,63,fall,18,31.3,NA,NA,1980,NA,1979-10-01T00:00:00Z,1980-10-01T00:00:00Z,-120.225,39.6746
396746N1202251W001,973805,1980-04-24T00:00:00Z,4999.51,4998.81,0,23.4,4976.11,23.4,22.7,NA,Unknown,Water level accuracy is unknown,1,Department of Water Resources,NA,1,Department of Water Resources,NA,NA,20077,21N16E18H001M,NA,Unknown,Unknown,5-012.01,Sierra Valley,Sierra,118,Stockwatering,Unknown,48781,1957-09-10 - 1988-10-04,63,spring,NA,NA,12.2,25,1980,NA,1979-10-01T00:00:00Z,1980-10-01T00:00:00Z,-120.225,39.6746
396746N1202251W001,973804,1978-10-18T00:00:00Z,4999.51,4998.81,0,26.9,4972.61,26.9,26.2,NA,Unknown,Water level accuracy is unknown,1,Department of Water Resources,NA,1,Department of Water Resources,NA,NA,20077,21N16E18H001M,NA,Unknown,Unknown,5-012.01,Sierra Valley,Sierra,118,Stockwatering,Unknown,48781,1957-09-10 - 1988-10-04,63,fall,18,31.3,NA,NA,1979,NA,1978-10-01T00:00:00Z,1979-10-01T00:00:00Z,-120.225,39.6746
396746N1202251W001,973803,1978-05-18T00:00:00Z,4999.51,4998.81,0,22.6,4976.91,22.6,21.9,NA,Unknown,Water level accuracy is unknown,1,Department of Water Resources,NA,1,Department of Water Resources,NA,NA,20077,21N16E18H001M,NA,Unknown,Unknown,5-012.01,Sierra Valley,Sierra,118,Stockwatering,Unknown,48781,1957-09-10 - 1988-10-04,63,spring,NA,NA,12.2,25,1978,NA,1977-10-01T00:00:00Z,1978-10-01T00:00:00Z,-120.225,39.6746
396746N1202251W001,973802,1977-10-11T00:00:00Z,4999.51,4998.81,0,28.1,4971.41,28.1,27.4,NA,Unknown,Water level accuracy is unknown,1,Department of Water Resources,NA,1,Department of Water Resources,NA,NA,20077,21N16E18H001M,NA,Unknown,Unknown,5-012.01,Sierra Valley,Sierra,118,Stockwatering,Unknown,48781,1957-09-10 - 1988-10-04,63,fall,18,31.3,NA,NA,1978,NA,1977-10-01T00:00:00Z,1978-10-01T00:00:00Z,-120.225,39.6746
396746N1202251W001,973801,1977-04-21T00:00:00Z,4999.51,4998.81,0,25.7,4973.81,25.7,25,NA,Unknown,Water level accuracy is unknown,1,Department of Water Resources,NA,1,Department of Water Resources,NA,NA,20077,21N16E18H001M,NA,Unknown,Unknown,5-012.01,Sierra Valley,Sierra,118,Stockwatering,Unknown,48781,1957-09-10 - 1988-10-04,63,spring,NA,NA,12.2,25,1977,NA,1976-10-01T00:00:00Z,1977-10-01T00:00:00Z,-120.225,39.6746
396746N1202251W001,973800,1976-11-04T00:00:00Z,4999.51,4998.81,0,26.8,4972.71,26.8,26.1,NA,Unknown,Water level accuracy is unknown,1,Department of Water Resources,NA,1,Department of Water Resources,NA,NA,20077,21N16E18H001M,NA,Unknown,Unknown,5-012.01,Sierra Valley,Sierra,118,Stockwatering,Unknown,48781,1957-09-10 - 1988-10-04,63,fall,18,31.3,NA,NA,1977,NA,1976-10-01T00:00:00Z,1977-10-01T00:00:00Z,-120.225,39.6746
396746N1202251W001,973799,1976-04-22T00:00:00Z,4999.51,4998.81,0,23.6,4975.91,23.6,22.9,NA,Unknown,Water level accuracy is unknown,1,Department of Water Resources,NA,1,Department of Water Resources,NA,NA,20077,21N16E18H001M,NA,Unknown,Unknown,5-012.01,Sierra Valley,Sierra,118,Stockwatering,Unknown,48781,1957-09-10 - 1988-10-04,63,spring,NA,NA,12.2,25,1976,Dry,1975-10-01T00:00:00Z,1976-10-01T00:00:00Z,-120.225,39.6746
396746N1202251W001,973798,1975-10-02T00:00:00Z,4999.51,4998.81,0,24.6,4974.91,24.6,23.9,NA,Unknown,Water level accuracy is unknown,1,Department of Water Resources,NA,1,Department of Water Resources,NA,NA,20077,21N16E18H001M,NA,Unknown,Unknown,5-012.01,Sierra Valley,Sierra,118,Stockwatering,Unknown,48781,1957-09-10 - 1988-10-04,63,fall,18,31.3,NA,NA,1976,Dry,1975-10-01T00:00:00Z,1976-10-01T00:00:00Z,-120.225,39.6746
396746N1202251W001,973797,1975-05-08T00:00:00Z,4999.51,4998.81,0,21.7,4977.81,21.7,21,NA,Unknown,Water level accuracy is unknown,1,Department of Water Resources,NA,1,Department of Water Resources,NA,NA,20077,21N16E18H001M,NA,Unknown,Unknown,5-012.01,Sierra Valley,Sierra,118,Stockwatering,Unknown,48781,1957-09-10 - 1988-10-04,63,spring,NA,NA,12.2,25,1975,NA,1974-10-01T00:00:00Z,1975-10-01T00:00:00Z,-120.225,39.6746
396746N1202251W001,973796,1974-10-10T00:00:00Z,4999.51,4998.81,0,25.6,4973.91,25.6,24.9,NA,Unknown,Water level accuracy is unknown,1,Department of Water Resources,NA,1,Department of Water Resources,NA,NA,20077,21N16E18H001M,NA,Unknown,Unknown,5-012.01,Sierra Valley,Sierra,118,Stockwatering,Unknown,48781,1957-09-10 - 1988-10-04,63,fall,18,31.3,NA,NA,1975,NA,1974-10-01T00:00:00Z,1975-10-01T00:00:00Z,-120.225,39.6746
396746N1202251W001,973795,1974-05-03T00:00:00Z,4999.51,4998.81,0,19.3,4980.21,19.3,18.6,NA,Unknown,Water level accuracy is unknown,1,Department of Water Resources,NA,1,Department of Water Resources,NA,NA,20077,21N16E18H001M,NA,Unknown,Unknown,5-012.01,Sierra Valley,Sierra,118,Stockwatering,Unknown,48781,1957-09-10 - 1988-10-04,63,spring,NA,NA,12.2,25,1974,Wet,1973-10-01T00:00:00Z,1974-10-01T00:00:00Z,-120.225,39.6746
396746N1202251W001,973794,1973-10-03T00:00:00Z,4999.51,4998.81,0,24.7,4974.81,24.7,24,NA,Unknown,Water level accuracy is unknown,1,Department of Water Resources,NA,1,Department of Water Resources,NA,NA,20077,21N16E18H001M,NA,Unknown,Unknown,5-012.01,Sierra Valley,Sierra,118,Stockwatering,Unknown,48781,1957-09-10 - 1988-10-04,63,fall,18,31.3,NA,NA,1974,Wet,1973-10-01T00:00:00Z,1974-10-01T00:00:00Z,-120.225,39.6746
396746N1202251W001,973793,1973-04-13T00:00:00Z,4999.51,4998.81,0,20.3,4979.21,20.3,19.6,NA,Unknown,Water level accuracy is unknown,1,Department of Water Resources,NA,1,Department of Water Resources,NA,NA,20077,21N16E18H001M,NA,Unknown,Unknown,5-012.01,Sierra Valley,Sierra,118,Stockwatering,Unknown,48781,1957-09-10 - 1988-10-04,63,spring,NA,NA,12.2,25,1973,NA,1972-10-01T00:00:00Z,1973-10-01T00:00:00Z,-120.225,39.6746
396746N1202251W001,973789,1971-05-06T00:00:00Z,4999.51,4998.81,0,16.8,4982.71,16.8,16.1,NA,Unknown,Water level accuracy is unknown,1,Department of Water Resources,NA,1,Department of Water Resources,NA,NA,20077,21N16E18H001M,NA,Unknown,Unknown,5-012.01,Sierra Valley,Sierra,118,Stockwatering,Unknown,48781,1957-09-10 - 1988-10-04,63,spring,NA,NA,12.2,25,1971,NA,1970-10-01T00:00:00Z,1971-10-01T00:00:00Z,-120.225,39.6746
396746N1202251W001,973788,1970-10-14T00:00:00Z,4999.51,4998.81,0,22.4,4977.11,22.4,21.7,NA,Unknown,Water level accuracy is unknown,1,Department of Water Resources,NA,1,Department of Water Resources,NA,NA,20077,21N16E18H001M,NA,Unknown,Unknown,5-012.01,Sierra Valley,Sierra,118,Stockwatering,Unknown,48781,1957-09-10 - 1988-10-04,63,fall,18,31.3,NA,NA,1971,NA,1970-10-01T00:00:00Z,1971-10-01T00:00:00Z,-120.225,39.6746
396746N1202251W001,973787,1970-05-06T00:00:00Z,4999.51,4998.81,0,17.6,4981.91,17.6,16.9,NA,Unknown,Water level accuracy is unknown,1,Department of Water Resources,NA,1,Department of Water Resources,NA,NA,20077,21N16E18H001M,NA,Unknown,Unknown,5-012.01,Sierra Valley,Sierra,118,Stockwatering,Unknown,48781,1957-09-10 - 1988-10-04,63,spring,NA,NA,12.2,25,1970,NA,1969-10-01T00:00:00Z,1970-10-01T00:00:00Z,-120.225,39.6746
396746N1202251W001,973786,1969-10-23T00:00:00Z,4999.51,4998.81,0,23.5,4976.01,23.5,22.8,NA,Unknown,Water level accuracy is unknown,1,Department of Water Resources,NA,1,Department of Water Resources,NA,NA,20077,21N16E18H001M,NA,Unknown,Unknown,5-012.01,Sierra Valley,Sierra,118,Stockwatering,Unknown,48781,1957-09-10 - 1988-10-04,63,fall,18,31.3,NA,NA,1970,NA,1969-10-01T00:00:00Z,1970-10-01T00:00:00Z,-120.225,39.6746
396746N1202251W001,973785,1969-05-01T00:00:00Z,4999.51,4998.81,0,15.9,4983.61,15.9,15.2,NA,Unknown,Water level accuracy is unknown,1,Department of Water Resources,NA,1,Department of Water Resources,NA,NA,20077,21N16E18H001M,NA,Unknown,Unknown,5-012.01,Sierra Valley,Sierra,118,Stockwatering,Unknown,48781,1957-09-10 - 1988-10-04,63,spring,NA,NA,12.2,25,1969,Wet,1968-10-01T00:00:00Z,1969-10-01T00:00:00Z,-120.225,39.6746
396746N1202251W001,973784,1968-10-17T00:00:00Z,4999.51,4998.81,0,23.2,4976.31,23.2,22.5,NA,Unknown,Water level accuracy is unknown,1,Department of Water Resources,NA,1,Department of Water Resources,NA,NA,20077,21N16E18H001M,NA,Unknown,Unknown,5-012.01,Sierra Valley,Sierra,118,Stockwatering,Unknown,48781,1957-09-10 - 1988-10-04,63,fall,18,31.3,NA,NA,1969,Wet,1968-10-01T00:00:00Z,1969-10-01T00:00:00Z,-120.225,39.6746
396746N1202251W001,973783,1968-04-24T00:00:00Z,4999.51,4998.81,0,18.8,4980.71,18.8,18.1,NA,Unknown,Water level accuracy is unknown,1,Department of Water Resources,NA,1,Department of Water Resources,NA,NA,20077,21N16E18H001M,NA,Unknown,Unknown,5-012.01,Sierra Valley,Sierra,118,Stockwatering,Unknown,48781,1957-09-10 - 1988-10-04,63,spring,NA,NA,12.2,25,1968,NA,1967-10-01T00:00:00Z,1968-10-01T00:00:00Z,-120.225,39.6746
396746N1202251W001,973782,1967-10-06T00:00:00Z,4999.51,4998.81,0,22.1,4977.41,22.1,21.4,NA,Unknown,Water level accuracy is unknown,1,Department of Water Resources,NA,1,Department of Water Resources,NA,NA,20077,21N16E18H001M,NA,Unknown,Unknown,5-012.01,Sierra Valley,Sierra,118,Stockwatering,Unknown,48781,1957-09-10 - 1988-10-04,63,fall,18,31.3,NA,NA,1968,NA,1967-10-01T00:00:00Z,1968-10-01T00:00:00Z,-120.225,39.6746
396746N1202251W001,973781,1967-05-11T00:00:00Z,4999.51,4998.81,0,18.9,4980.61,18.9,18.2,NA,Unknown,Water level accuracy is unknown,1,Department of Water Resources,NA,1,Department of Water Resources,NA,NA,20077,21N16E18H001M,NA,Unknown,Unknown,5-012.01,Sierra Valley,Sierra,118,Stockwatering,Unknown,48781,1957-09-10 - 1988-10-04,63,spring,NA,NA,12.2,25,1967,Wet,1966-10-01T00:00:00Z,1967-10-01T00:00:00Z,-120.225,39.6746
396746N1202251W001,973780,1966-10-19T00:00:00Z,4999.51,4998.81,0,25.3,4974.21,25.3,24.6,NA,Unknown,Water level accuracy is unknown,1,Department of Water Resources,NA,1,Department of Water Resources,NA,NA,20077,21N16E18H001M,NA,Unknown,Unknown,5-012.01,Sierra Valley,Sierra,118,Stockwatering,Unknown,48781,1957-09-10 - 1988-10-04,63,fall,18,31.3,NA,NA,1967,Wet,1966-10-01T00:00:00Z,1967-10-01T00:00:00Z,-120.225,39.6746
396746N1202251W001,973779,1966-04-27T00:00:00Z,4999.51,4998.81,0,18.5,4981.01,18.5,17.8,NA,Unknown,Water level accuracy is unknown,1,Department of Water Resources,NA,1,Department of Water Resources,NA,NA,20077,21N16E18H001M,NA,Unknown,Unknown,5-012.01,Sierra Valley,Sierra,118,Stockwatering,Unknown,48781,1957-09-10 - 1988-10-04,63,spring,NA,NA,12.2,25,1966,NA,1965-10-01T00:00:00Z,1966-10-01T00:00:00Z,-120.225,39.6746
396746N1202251W001,973778,1965-04-14T00:00:00Z,4999.51,4998.81,0,20.2,4979.31,20.2,19.5,NA,Unknown,Water level accuracy is unknown,1,Department of Water Resources,NA,1,Department of Water Resources,NA,NA,20077,21N16E18H001M,NA,Unknown,Unknown,5-012.01,Sierra Valley,Sierra,118,Stockwatering,Unknown,48781,1957-09-10 - 1988-10-04,63,spring,NA,NA,12.2,25,1965,Wet,1964-10-01T00:00:00Z,1965-10-01T00:00:00Z,-120.225,39.6746
396746N1202251W001,973777,1964-10-15T00:00:00Z,4999.51,4998.81,0,23.4,4976.11,23.4,22.7,NA,Unknown,Water level accuracy is unknown,1,Department of Water Resources,NA,1,Department of Water Resources,NA,NA,20077,21N16E18H001M,NA,Unknown,Unknown,5-012.01,Sierra Valley,Sierra,118,Stockwatering,Unknown,48781,1957-09-10 - 1988-10-04,63,fall,18,31.3,NA,NA,1965,Wet,1964-10-01T00:00:00Z,1965-10-01T00:00:00Z,-120.225,39.6746
396746N1202251W001,973773,1960-09-21T00:00:00Z,4999.51,4998.81,0,19.6,4979.91,19.6,18.9,NA,Unknown,Water level accuracy is unknown,1,Department of Water Resources,NA,1,Department of Water Resources,NA,NA,20077,21N16E18H001M,NA,Unknown,Unknown,5-012.01,Sierra Valley,Sierra,118,Stockwatering,Unknown,48781,1957-09-10 - 1988-10-04,63,fall,18,31.3,NA,NA,1960,Dry,1959-10-01T00:00:00Z,1960-10-01T00:00:00Z,-120.225,39.6746
396746N1202251W001,973772,1960-04-11T00:00:00Z,4999.51,4998.81,0,19.1,4980.41,19.1,18.4,NA,Unknown,Water level accuracy is unknown,1,Department of Water Resources,NA,1,Department of Water Resources,NA,NA,20077,21N16E18H001M,NA,Unknown,Unknown,5-012.01,Sierra Valley,Sierra,118,Stockwatering,Unknown,48781,1957-09-10 - 1988-10-04,63,spring,NA,NA,12.2,25,1960,Dry,1959-10-01T00:00:00Z,1960-10-01T00:00:00Z,-120.225,39.6746
396746N1202251W001,973771,1959-09-21T00:00:00Z,4999.51,4998.81,0,18.7,4980.81,18.7,18,NA,Unknown,Water level accuracy is unknown,1,Department of Water Resources,NA,1,Department of Water Resources,NA,NA,20077,21N16E18H001M,NA,Unknown,Unknown,5-012.01,Sierra Valley,Sierra,118,Stockwatering,Unknown,48781,1957-09-10 - 1988-10-04,63,fall,18,31.3,NA,NA,1959,NA,1958-10-01T00:00:00Z,1959-10-01T00:00:00Z,-120.225,39.6746
396746N1202251W001,973770,1959-04-23T00:00:00Z,4999.51,4998.81,0,16.9,4982.61,16.9,16.2,NA,Unknown,Water level accuracy is unknown,1,Department of Water Resources,NA,1,Department of Water Resources,NA,NA,20077,21N16E18H001M,NA,Unknown,Unknown,5-012.01,Sierra Valley,Sierra,118,Stockwatering,Unknown,48781,1957-09-10 - 1988-10-04,63,spring,NA,NA,12.2,25,1959,NA,1958-10-01T00:00:00Z,1959-10-01T00:00:00Z,-120.225,39.6746
396746N1202251W001,973769,1959-03-13T00:00:00Z,4999.51,4998.81,0,17.8,4981.71,17.8,17.1,NA,Unknown,Water level accuracy is unknown,1,Department of Water Resources,NA,1,Department of Water Resources,NA,NA,20077,21N16E18H001M,NA,Unknown,Unknown,5-012.01,Sierra Valley,Sierra,118,Stockwatering,Unknown,48781,1957-09-10 - 1988-10-04,63,spring,NA,NA,12.2,25,1959,NA,1958-10-01T00:00:00Z,1959-10-01T00:00:00Z,-120.225,39.6746
396746N1202251W001,973768,1958-10-15T00:00:00Z,4999.51,4998.81,0,20.4,4979.11,20.4,19.7,NA,Unknown,Water level accuracy is unknown,1,Department of Water Resources,NA,1,Department of Water Resources,NA,NA,20077,21N16E18H001M,NA,Unknown,Unknown,5-012.01,Sierra Valley,Sierra,118,Stockwatering,Unknown,48781,1957-09-10 - 1988-10-04,63,fall,18,31.3,NA,NA,1959,NA,1958-10-01T00:00:00Z,1959-10-01T00:00:00Z,-120.225,39.6746
396746N1202251W001,973767,1958-06-02T00:00:00Z,4999.51,4998.81,0,15.4,4984.11,15.4,14.7,NA,Unknown,Water level accuracy is unknown,1,Department of Water Resources,NA,1,Department of Water Resources,NA,NA,20077,21N16E18H001M,NA,Unknown,Unknown,5-012.01,Sierra Valley,Sierra,118,Stockwatering,Unknown,48781,1957-09-10 - 1988-10-04,63,other,NA,NA,NA,NA,1958,Wet,1957-10-01T00:00:00Z,1958-10-01T00:00:00Z,-120.225,39.6746
396746N1202251W001,973766,1957-09-10T00:00:00Z,4999.51,4998.81,0,19.8,4979.71,19.8,19.1,NA,Unknown,Water level accuracy is unknown,1,Department of Water Resources,NA,1,Department of Water Resources,NA,NA,20077,21N16E18H001M,NA,Unknown,Unknown,5-012.01,Sierra Valley,Sierra,118,Stockwatering,Unknown,48781,1957-09-10 - 1988-10-04,63,fall,18,31.3,NA,NA,1957,NA,1956-10-01T00:00:00Z,1957-10-01T00:00:00Z,-120.225,39.6746
