SITE_CODE,WLM_ID,MSMT_DATE,WLM_RPE,WLM_GSE,RDNG_WS,RDNG_RP,WSE,RPE_WSE,GSE_WSE,WLM_QA_DESC,WLM_DESC,WLM_ACC_DESC,WLM_ORG_ID,WLM_ORG_NAME,MSMT_CMT,COOP_AGENCY_ORG_ID,COOP_ORG_NAME,TOP_PRF,BOT_PRF,STN_ID,SWN,WELL_NAME,WLM_METHOD,WLM_ACC,BASIN_CODE,BASIN_NAME,COUNTY_NAME,WELL_DEPTH,WELL_USE,WELL_TYPE,WCR_NO,t_range,n_samples,season,fall_high,fall_low,spring_high,spring_low,water_year,water_year_type,water_year_start,water_year_end,X,Y
396798N1202528W001,2620096,2020-04-24T12:00:00Z,4932.1,4930.7,0,20.8,4911.3,20.8,19.4,NA,Electric sounder measurement,Water level accuracy to nearest hundredth of a foot,1,Department of Water Resources,NA,1,Department of Water Resources,NA,NA,20068,21N15E12P003M,21N15E12P003M,Unknown,Unknown,5-012.01,Sierra Valley,Sierra,514,Irrigation,Single Well,YES,1981-09-30 00:00:00 - 2020-04-24 12:00:00,63,spring,NA,NA,8.4,31.86,2020,Dry,2019-10-01T00:00:00Z,2020-10-01T00:00:00Z,-120.253,39.6798
396798N1202528W001,2493700,2019-10-23T12:00:00Z,4932.1,4930.7,0,42.25,4889.85,42.25,40.85,NA,Electric sounder measurement,Water level accuracy to nearest hundredth of a foot,1,Department of Water Resources,NA,1,Department of Water Resources,NA,NA,20068,21N15E12P003M,21N15E12P003M,Unknown,Unknown,5-012.01,Sierra Valley,Sierra,514,Irrigation,Single Well,YES,1981-09-30 00:00:00 - 2020-04-24 12:00:00,63,fall,28.8,63.86,NA,NA,2020,Dry,2019-10-01T00:00:00Z,2020-10-01T00:00:00Z,-120.253,39.6798
396798N1202528W001,2454937,2019-04-09T12:00:00Z,4932.1,4930.7,0,22.35,4909.75,22.35,20.95,NA,Electric sounder measurement,Water level accuracy to nearest hundredth of a foot,1,Department of Water Resources,NA,1,Department of Water Resources,NA,NA,20068,21N15E12P003M,21N15E12P003M,Unknown,Unknown,5-012.01,Sierra Valley,Sierra,514,Irrigation,Single Well,YES,1981-09-30 00:00:00 - 2020-04-24 12:00:00,63,spring,NA,NA,8.4,31.86,2019,Wet,2018-10-01T00:00:00Z,2019-10-01T00:00:00Z,-120.253,39.6798
396798N1202528W001,2415005,2018-10-24T12:00:00Z,4932.1,4930.7,0,42.9,4889.2,42.9,41.5,NA,Electric sounder measurement,Water level accuracy to nearest hundredth of a foot,1,Department of Water Resources,NA,1,Department of Water Resources,NA,NA,20068,21N15E12P003M,21N15E12P003M,Unknown,Unknown,5-012.01,Sierra Valley,Sierra,514,Irrigation,Single Well,YES,1981-09-30 00:00:00 - 2020-04-24 12:00:00,63,fall,28.8,63.86,NA,NA,2019,Wet,2018-10-01T00:00:00Z,2019-10-01T00:00:00Z,-120.253,39.6798
396798N1202528W001,2285944,2018-04-02T12:00:00Z,4932.1,4930.7,0,22.32,4909.78,22.32,20.92,NA,Electric sounder measurement,Water level accuracy to nearest hundredth of a foot,1,Department of Water Resources,NA,1,Department of Water Resources,NA,NA,20068,21N15E12P003M,21N15E12P003M,Unknown,Unknown,5-012.01,Sierra Valley,Sierra,514,Irrigation,Single Well,YES,1981-09-30 00:00:00 - 2020-04-24 12:00:00,63,spring,NA,NA,8.4,31.86,2018,NA,2017-10-01T00:00:00Z,2018-10-01T00:00:00Z,-120.253,39.6798
396798N1202528W001,2267984,2017-10-16T00:00:00Z,4932.1,4930.7,0,45.8,4886.3,45.8,44.4,NA,Electric sounder measurement,Water level accuracy to nearest hundredth of a foot,1,Department of Water Resources,NA,1,Department of Water Resources,NA,NA,20068,21N15E12P003M,21N15E12P003M,Unknown,Unknown,5-012.01,Sierra Valley,Sierra,514,Irrigation,Single Well,YES,1981-09-30 00:00:00 - 2020-04-24 12:00:00,63,fall,28.8,63.86,NA,NA,2018,NA,2017-10-01T00:00:00Z,2018-10-01T00:00:00Z,-120.253,39.6798
396798N1202528W001,2244272,2017-04-03T00:00:00Z,4932.1,4930.7,0,25.4,4906.7,25.4,24,NA,Electric sounder measurement,Water level accuracy to nearest hundredth of a foot,1,Department of Water Resources,NA,1,Department of Water Resources,NA,NA,20068,21N15E12P003M,21N15E12P003M,Unknown,Unknown,5-012.01,Sierra Valley,Sierra,514,Irrigation,Single Well,YES,1981-09-30 00:00:00 - 2020-04-24 12:00:00,63,spring,NA,NA,8.4,31.86,2017,Wet,2016-10-01T00:00:00Z,2017-10-01T00:00:00Z,-120.253,39.6798
396798N1202528W001,2214102,2016-10-24T00:00:00Z,4932.1,4930.7,0,54.3,4877.8,54.3,52.9,NA,Electric sounder measurement,Water level accuracy to nearest hundredth of a foot,1,Department of Water Resources,NA,1,Department of Water Resources,NA,NA,20068,21N15E12P003M,21N15E12P003M,Unknown,Unknown,5-012.01,Sierra Valley,Sierra,514,Irrigation,Single Well,YES,1981-09-30 00:00:00 - 2020-04-24 12:00:00,63,fall,28.8,63.86,NA,NA,2017,Wet,2016-10-01T00:00:00Z,2017-10-01T00:00:00Z,-120.253,39.6798
396798N1202528W001,2157042,2015-10-19T00:00:00Z,4932.1,4930.7,0,59.94,4872.16,59.94,58.54,NA,Electric sounder measurement,Water level accuracy to nearest hundredth of a foot,1,Department of Water Resources,NA,1,Department of Water Resources,NA,NA,20068,21N15E12P003M,21N15E12P003M,Unknown,Unknown,5-012.01,Sierra Valley,Sierra,514,Irrigation,Single Well,YES,1981-09-30 00:00:00 - 2020-04-24 12:00:00,63,fall,28.8,63.86,NA,NA,2016,NA,2015-10-01T00:00:00Z,2016-10-01T00:00:00Z,-120.253,39.6798
396798N1202528W001,2119754,2015-03-23T00:00:00Z,4932.1,4930.7,0,33.26,4898.84,33.26,31.86,NA,Electric sounder measurement,Water level accuracy to nearest hundredth of a foot,1,Department of Water Resources,NA,1,Department of Water Resources,NA,NA,20068,21N15E12P003M,21N15E12P003M,Unknown,Unknown,5-012.01,Sierra Valley,Sierra,514,Irrigation,Single Well,YES,1981-09-30 00:00:00 - 2020-04-24 12:00:00,63,spring,NA,NA,8.4,31.86,2015,NA,2014-10-01T00:00:00Z,2015-10-01T00:00:00Z,-120.253,39.6798
396798N1202528W001,2020269,2014-10-20T16:00:00Z,4932.1,4930.7,0,65.26,4866.84,65.26,63.86,NA,Electric sounder measurement,Water level accuracy to nearest hundredth of a foot,1,Department of Water Resources,NA,1,Department of Water Resources,NA,NA,20068,21N15E12P003M,21N15E12P003M,Unknown,Unknown,5-012.01,Sierra Valley,Sierra,514,Irrigation,Single Well,YES,1981-09-30 00:00:00 - 2020-04-24 12:00:00,63,fall,28.8,63.86,NA,NA,2015,NA,2014-10-01T00:00:00Z,2015-10-01T00:00:00Z,-120.253,39.6798
396798N1202528W001,1880752,2014-03-14T00:00:00Z,4932.1,4930.7,0,31.82,4900.28,31.82,30.42,NA,Electric sounder measurement,Water level accuracy to nearest hundredth of a foot,1,Department of Water Resources,NA,1,Department of Water Resources,NA,NA,20068,21N15E12P003M,21N15E12P003M,Unknown,Unknown,5-012.01,Sierra Valley,Sierra,514,Irrigation,Single Well,YES,1981-09-30 00:00:00 - 2020-04-24 12:00:00,63,spring,NA,NA,8.4,31.86,2014,NA,2013-10-01T00:00:00Z,2014-10-01T00:00:00Z,-120.253,39.6798
396798N1202528W001,1797094,2013-10-21T00:00:00Z,4932.1,4930.7,0,61.55,4870.55,61.55,60.15,NA,Electric sounder measurement,Water level accuracy to nearest hundredth of a foot,1,Department of Water Resources,NA,1,Department of Water Resources,NA,NA,20068,21N15E12P003M,21N15E12P003M,Unknown,Unknown,5-012.01,Sierra Valley,Sierra,514,Irrigation,Single Well,YES,1981-09-30 00:00:00 - 2020-04-24 12:00:00,63,fall,28.8,63.86,NA,NA,2014,NA,2013-10-01T00:00:00Z,2014-10-01T00:00:00Z,-120.253,39.6798
396798N1202528W001,1684413,2013-03-25T00:00:00Z,4932.05,4930.65,0,27.16,4904.89,27.16,25.76,NA,Electric sounder measurement,Water level accuracy to nearest hundredth of a foot,1,Department of Water Resources,NA,1,Department of Water Resources,NA,NA,20068,21N15E12P003M,21N15E12P003M,Unknown,Unknown,5-012.01,Sierra Valley,Sierra,514,Irrigation,Single Well,YES,1981-09-30 00:00:00 - 2020-04-24 12:00:00,63,spring,NA,NA,8.4,31.86,2013,Dry,2012-10-01T00:00:00Z,2013-10-01T00:00:00Z,-120.253,39.6798
396798N1202528W001,69354,2012-10-30T00:00:00Z,4932.05,4930.65,0,55.68,4876.37,55.68,54.28,NA,Electric sounder measurement,Water level accuracy to nearest hundredth of a foot,1,Department of Water Resources,NA,1,Department of Water Resources,NA,NA,20068,21N15E12P003M,21N15E12P003M,Unknown,Unknown,5-012.01,Sierra Valley,Sierra,514,Irrigation,Single Well,YES,1981-09-30 00:00:00 - 2020-04-24 12:00:00,63,fall,28.8,63.86,NA,NA,2013,Dry,2012-10-01T00:00:00Z,2013-10-01T00:00:00Z,-120.253,39.6798
396798N1202528W001,59936,2012-04-17T00:00:00Z,4932.05,4930.65,0,18.35,4913.7,18.35,16.95,NA,Electric sounder measurement,Water level accuracy to nearest hundredth of a foot,1,Department of Water Resources,NA,1,Department of Water Resources,NA,NA,20068,21N15E12P003M,21N15E12P003M,Unknown,Unknown,5-012.01,Sierra Valley,Sierra,514,Irrigation,Single Well,YES,1981-09-30 00:00:00 - 2020-04-24 12:00:00,63,spring,NA,NA,8.4,31.86,2012,NA,2011-10-01T00:00:00Z,2012-10-01T00:00:00Z,-120.253,39.6798
396798N1202528W001,39784,2011-10-18T00:00:00Z,4932.05,4930.65,0,44.98,4887.07,44.98,43.58,NA,Electric sounder measurement,Water level accuracy to nearest hundredth of a foot,1,Department of Water Resources,NA,1,Department of Water Resources,NA,NA,20068,21N15E12P003M,21N15E12P003M,Unknown,Unknown,5-012.01,Sierra Valley,Sierra,514,Irrigation,Single Well,YES,1981-09-30 00:00:00 - 2020-04-24 12:00:00,63,fall,28.8,63.86,NA,NA,2012,NA,2011-10-01T00:00:00Z,2012-10-01T00:00:00Z,-120.253,39.6798
396798N1202528W001,1751455,2011-10-18T00:00:00Z,4932.1,4930.7,0,44.98,4887.12,44.98,43.58,NA,Unknown,Water level accuracy is unknown,1,Department of Water Resources,NA,1,Department of Water Resources,NA,NA,20068,21N15E12P003M,21N15E12P003M,Unknown,Unknown,5-012.01,Sierra Valley,Sierra,514,Irrigation,Single Well,YES,1981-09-30 00:00:00 - 2020-04-24 12:00:00,63,fall,28.8,63.86,NA,NA,2012,NA,2011-10-01T00:00:00Z,2012-10-01T00:00:00Z,-120.253,39.6798
396798N1202528W001,1751454,2011-04-26T00:00:00Z,4932.1,4930.7,0,18.9,4913.2,18.9,17.5,NA,Unknown,Water level accuracy is unknown,1,Department of Water Resources,NA,1,Department of Water Resources,NA,NA,20068,21N15E12P003M,21N15E12P003M,Unknown,Unknown,5-012.01,Sierra Valley,Sierra,514,Irrigation,Single Well,YES,1981-09-30 00:00:00 - 2020-04-24 12:00:00,63,spring,NA,NA,8.4,31.86,2011,Wet,2010-10-01T00:00:00Z,2011-10-01T00:00:00Z,-120.253,39.6798
396798N1202528W001,1751453,2010-10-25T00:00:00Z,4932.1,4930.7,0,43.69,4888.41,43.69,42.29,NA,Unknown,Water level accuracy is unknown,1,Department of Water Resources,NA,1,Department of Water Resources,NA,NA,20068,21N15E12P003M,21N15E12P003M,Unknown,Unknown,5-012.01,Sierra Valley,Sierra,514,Irrigation,Single Well,YES,1981-09-30 00:00:00 - 2020-04-24 12:00:00,63,fall,28.8,63.86,NA,NA,2011,Wet,2010-10-01T00:00:00Z,2011-10-01T00:00:00Z,-120.253,39.6798
396798N1202528W001,1751452,2010-04-06T00:00:00Z,4932.1,4930.7,0,23.5,4908.6,23.5,22.1,NA,Unknown,Water level accuracy is unknown,1,Department of Water Resources,NA,1,Department of Water Resources,NA,NA,20068,21N15E12P003M,21N15E12P003M,Unknown,Unknown,5-012.01,Sierra Valley,Sierra,514,Irrigation,Single Well,YES,1981-09-30 00:00:00 - 2020-04-24 12:00:00,63,spring,NA,NA,8.4,31.86,2010,NA,2009-10-01T00:00:00Z,2010-10-01T00:00:00Z,-120.253,39.6798
396798N1202528W001,1751451,2009-10-28T00:00:00Z,4932.1,4930.7,0,43.3,4888.8,43.3,41.9,NA,Unknown,Water level accuracy is unknown,1,Department of Water Resources,NA,1,Department of Water Resources,NA,NA,20068,21N15E12P003M,21N15E12P003M,Unknown,Unknown,5-012.01,Sierra Valley,Sierra,514,Irrigation,Single Well,YES,1981-09-30 00:00:00 - 2020-04-24 12:00:00,63,fall,28.8,63.86,NA,NA,2010,NA,2009-10-01T00:00:00Z,2010-10-01T00:00:00Z,-120.253,39.6798
396798N1202528W001,1751449,2008-10-27T00:00:00Z,4932.1,4930.7,0,48,4884.1,48,46.6,NA,Unknown,Water level accuracy is unknown,1,Department of Water Resources,NA,1,Department of Water Resources,NA,NA,20068,21N15E12P003M,21N15E12P003M,Unknown,Unknown,5-012.01,Sierra Valley,Sierra,514,Irrigation,Single Well,YES,1981-09-30 00:00:00 - 2020-04-24 12:00:00,63,fall,28.8,63.86,NA,NA,2009,NA,2008-10-01T00:00:00Z,2009-10-01T00:00:00Z,-120.253,39.6798
396798N1202528W001,1751447,2008-04-09T00:00:00Z,4932.1,4930.7,0,21.1,4911,21.1,19.7,NA,Unknown,Water level accuracy is unknown,1,Department of Water Resources,NA,1,Department of Water Resources,NA,NA,20068,21N15E12P003M,21N15E12P003M,Unknown,Unknown,5-012.01,Sierra Valley,Sierra,514,Irrigation,Single Well,YES,1981-09-30 00:00:00 - 2020-04-24 12:00:00,63,spring,NA,NA,8.4,31.86,2008,NA,2007-10-01T00:00:00Z,2008-10-01T00:00:00Z,-120.253,39.6798
396798N1202528W001,1751448,2007-10-25T00:00:00Z,4932.1,4930.7,0,45.4,4886.7,45.4,44,NA,Unknown,Water level accuracy is unknown,1,Department of Water Resources,NA,1,Department of Water Resources,NA,NA,20068,21N15E12P003M,21N15E12P003M,Unknown,Unknown,5-012.01,Sierra Valley,Sierra,514,Irrigation,Single Well,YES,1981-09-30 00:00:00 - 2020-04-24 12:00:00,63,fall,28.8,63.86,NA,NA,2008,NA,2007-10-01T00:00:00Z,2008-10-01T00:00:00Z,-120.253,39.6798
396798N1202528W001,1751445,2006-10-18T00:00:00Z,4932.1,4930.7,0,34.2,4897.9,34.2,32.8,NA,Unknown,Water level accuracy is unknown,1,Department of Water Resources,NA,1,Department of Water Resources,NA,NA,20068,21N15E12P003M,21N15E12P003M,Unknown,Unknown,5-012.01,Sierra Valley,Sierra,514,Irrigation,Single Well,YES,1981-09-30 00:00:00 - 2020-04-24 12:00:00,63,fall,28.8,63.86,NA,NA,2007,Dry,2006-10-01T00:00:00Z,2007-10-01T00:00:00Z,-120.253,39.6798
396798N1202528W001,1751444,2006-04-18T00:00:00Z,4932.1,4930.7,0,17.8,4914.3,17.8,16.4,NA,Unknown,Water level accuracy is unknown,1,Department of Water Resources,NA,1,Department of Water Resources,NA,NA,20068,21N15E12P003M,21N15E12P003M,Unknown,Unknown,5-012.01,Sierra Valley,Sierra,514,Irrigation,Single Well,YES,1981-09-30 00:00:00 - 2020-04-24 12:00:00,63,spring,NA,NA,8.4,31.86,2006,Wet,2005-10-01T00:00:00Z,2006-10-01T00:00:00Z,-120.253,39.6798
396798N1202528W001,1751443,2005-10-27T00:00:00Z,4932.1,4930.7,0,40.9,4891.2,40.9,39.5,NA,Unknown,Water level accuracy is unknown,1,Department of Water Resources,NA,1,Department of Water Resources,NA,NA,20068,21N15E12P003M,21N15E12P003M,Unknown,Unknown,5-012.01,Sierra Valley,Sierra,514,Irrigation,Single Well,YES,1981-09-30 00:00:00 - 2020-04-24 12:00:00,63,fall,28.8,63.86,NA,NA,2006,Wet,2005-10-01T00:00:00Z,2006-10-01T00:00:00Z,-120.253,39.6798
396798N1202528W001,1751442,2005-04-05T00:00:00Z,4932.1,4930.7,0,19.5,4912.6,19.5,18.1,NA,Unknown,Water level accuracy is unknown,1,Department of Water Resources,NA,1,Department of Water Resources,NA,NA,20068,21N15E12P003M,21N15E12P003M,Unknown,Unknown,5-012.01,Sierra Valley,Sierra,514,Irrigation,Single Well,YES,1981-09-30 00:00:00 - 2020-04-24 12:00:00,63,spring,NA,NA,8.4,31.86,2005,NA,2004-10-01T00:00:00Z,2005-10-01T00:00:00Z,-120.253,39.6798
396798N1202528W001,1751441,2004-10-15T00:00:00Z,4932.1,4930.7,0,51.5,4880.6,51.5,50.1,NA,Unknown,Water level accuracy is unknown,1,Department of Water Resources,NA,1,Department of Water Resources,NA,NA,20068,21N15E12P003M,21N15E12P003M,Unknown,Unknown,5-012.01,Sierra Valley,Sierra,514,Irrigation,Single Well,YES,1981-09-30 00:00:00 - 2020-04-24 12:00:00,63,fall,28.8,63.86,NA,NA,2005,NA,2004-10-01T00:00:00Z,2005-10-01T00:00:00Z,-120.253,39.6798
396798N1202528W001,1751440,2004-04-07T00:00:00Z,4932.1,4930.7,0,16.7,4915.4,16.7,15.3,NA,Unknown,Water level accuracy is unknown,1,Department of Water Resources,NA,1,Department of Water Resources,NA,NA,20068,21N15E12P003M,21N15E12P003M,Unknown,Unknown,5-012.01,Sierra Valley,Sierra,514,Irrigation,Single Well,YES,1981-09-30 00:00:00 - 2020-04-24 12:00:00,63,spring,NA,NA,8.4,31.86,2004,NA,2003-10-01T00:00:00Z,2004-10-01T00:00:00Z,-120.253,39.6798
396798N1202528W001,1751439,2003-10-29T00:00:00Z,4932.1,4930.7,0,47.2,4884.9,47.2,45.8,NA,Unknown,Water level accuracy is unknown,1,Department of Water Resources,NA,1,Department of Water Resources,NA,NA,20068,21N15E12P003M,21N15E12P003M,Unknown,Unknown,5-012.01,Sierra Valley,Sierra,514,Irrigation,Single Well,YES,1981-09-30 00:00:00 - 2020-04-24 12:00:00,63,fall,28.8,63.86,NA,NA,2004,NA,2003-10-01T00:00:00Z,2004-10-01T00:00:00Z,-120.253,39.6798
396798N1202528W001,1751438,2003-03-28T00:00:00Z,4932.1,4930.7,0,18.6,4913.5,18.6,17.2,NA,Unknown,Water level accuracy is unknown,1,Department of Water Resources,NA,1,Department of Water Resources,NA,NA,20068,21N15E12P003M,21N15E12P003M,Unknown,Unknown,5-012.01,Sierra Valley,Sierra,514,Irrigation,Single Well,YES,1981-09-30 00:00:00 - 2020-04-24 12:00:00,63,spring,NA,NA,8.4,31.86,2003,NA,2002-10-01T00:00:00Z,2003-10-01T00:00:00Z,-120.253,39.6798
396798N1202528W001,1751437,2002-10-24T00:00:00Z,4932.1,4930.7,0,45.5,4886.6,45.5,44.1,NA,Unknown,Water level accuracy is unknown,1,Department of Water Resources,NA,1,Department of Water Resources,NA,NA,20068,21N15E12P003M,21N15E12P003M,Unknown,Unknown,5-012.01,Sierra Valley,Sierra,514,Irrigation,Single Well,YES,1981-09-30 00:00:00 - 2020-04-24 12:00:00,63,fall,28.8,63.86,NA,NA,2003,NA,2002-10-01T00:00:00Z,2003-10-01T00:00:00Z,-120.253,39.6798
396798N1202528W001,1751436,2002-03-26T00:00:00Z,4932.1,4930.7,0,17.5,4914.6,17.5,16.1,NA,Unknown,Water level accuracy is unknown,1,Department of Water Resources,NA,1,Department of Water Resources,NA,NA,20068,21N15E12P003M,21N15E12P003M,Unknown,Unknown,5-012.01,Sierra Valley,Sierra,514,Irrigation,Single Well,YES,1981-09-30 00:00:00 - 2020-04-24 12:00:00,63,spring,NA,NA,8.4,31.86,2002,NA,2001-10-01T00:00:00Z,2002-10-01T00:00:00Z,-120.253,39.6798
396798N1202528W001,1751435,2001-10-18T00:00:00Z,4932.1,4930.7,0,50.2,4881.9,50.2,48.8,NA,Unknown,Water level accuracy is unknown,1,Department of Water Resources,NA,1,Department of Water Resources,NA,NA,20068,21N15E12P003M,21N15E12P003M,Unknown,Unknown,5-012.01,Sierra Valley,Sierra,514,Irrigation,Single Well,YES,1981-09-30 00:00:00 - 2020-04-24 12:00:00,63,fall,28.8,63.86,NA,NA,2002,NA,2001-10-01T00:00:00Z,2002-10-01T00:00:00Z,-120.253,39.6798
396798N1202528W001,1751434,2001-03-27T00:00:00Z,4932.1,4930.7,0,14,4918.1,14,12.6,NA,Unknown,Water level accuracy is unknown,1,Department of Water Resources,NA,1,Department of Water Resources,NA,NA,20068,21N15E12P003M,21N15E12P003M,Unknown,Unknown,5-012.01,Sierra Valley,Sierra,514,Irrigation,Single Well,YES,1981-09-30 00:00:00 - 2020-04-24 12:00:00,63,spring,NA,NA,8.4,31.86,2001,Dry,2000-10-01T00:00:00Z,2001-10-01T00:00:00Z,-120.253,39.6798
396798N1202528W001,1751433,2000-10-18T00:00:00Z,4932.1,4930.7,0,38.6,4893.5,38.6,37.2,NA,Unknown,Water level accuracy is unknown,1,Department of Water Resources,NA,1,Department of Water Resources,NA,NA,20068,21N15E12P003M,21N15E12P003M,Unknown,Unknown,5-012.01,Sierra Valley,Sierra,514,Irrigation,Single Well,YES,1981-09-30 00:00:00 - 2020-04-24 12:00:00,63,fall,28.8,63.86,NA,NA,2001,Dry,2000-10-01T00:00:00Z,2001-10-01T00:00:00Z,-120.253,39.6798
396798N1202528W001,1751432,2000-03-26T00:00:00Z,4932.1,4930.7,0,12,4920.1,12,10.6,NA,Unknown,Water level accuracy is unknown,1,Department of Water Resources,NA,1,Department of Water Resources,NA,NA,20068,21N15E12P003M,21N15E12P003M,Unknown,Unknown,5-012.01,Sierra Valley,Sierra,514,Irrigation,Single Well,YES,1981-09-30 00:00:00 - 2020-04-24 12:00:00,63,spring,NA,NA,8.4,31.86,2000,NA,1999-10-01T00:00:00Z,2000-10-01T00:00:00Z,-120.253,39.6798
396798N1202528W001,1751430,1999-10-12T00:00:00Z,4932.1,4930.7,0,46.2,4885.9,46.2,44.8,NA,Unknown,Water level accuracy is unknown,1,Department of Water Resources,NA,1,Department of Water Resources,NA,NA,20068,21N15E12P003M,21N15E12P003M,Unknown,Unknown,5-012.01,Sierra Valley,Sierra,514,Irrigation,Single Well,YES,1981-09-30 00:00:00 - 2020-04-24 12:00:00,63,fall,28.8,63.86,NA,NA,2000,NA,1999-10-01T00:00:00Z,2000-10-01T00:00:00Z,-120.253,39.6798
396798N1202528W001,1751431,1999-04-14T00:00:00Z,4932.1,4930.7,0,9.8,4922.3,9.8,8.4,NA,Unknown,Water level accuracy is unknown,1,Department of Water Resources,NA,1,Department of Water Resources,NA,NA,20068,21N15E12P003M,21N15E12P003M,Unknown,Unknown,5-012.01,Sierra Valley,Sierra,514,Irrigation,Single Well,YES,1981-09-30 00:00:00 - 2020-04-24 12:00:00,63,spring,NA,NA,8.4,31.86,1999,NA,1998-10-01T00:00:00Z,1999-10-01T00:00:00Z,-120.253,39.6798
396798N1202528W001,1751429,1998-10-14T00:00:00Z,4932.1,4930.7,0,34.4,4897.7,34.4,33,NA,Unknown,Water level accuracy is unknown,1,Department of Water Resources,NA,1,Department of Water Resources,NA,NA,20068,21N15E12P003M,21N15E12P003M,Unknown,Unknown,5-012.01,Sierra Valley,Sierra,514,Irrigation,Single Well,YES,1981-09-30 00:00:00 - 2020-04-24 12:00:00,63,fall,28.8,63.86,NA,NA,1999,NA,1998-10-01T00:00:00Z,1999-10-01T00:00:00Z,-120.253,39.6798
396798N1202528W001,1751428,1998-05-15T00:00:00Z,4932.1,4930.7,0,12,4920.1,12,10.6,NA,Unknown,Water level accuracy is unknown,1,Department of Water Resources,NA,1,Department of Water Resources,NA,NA,20068,21N15E12P003M,21N15E12P003M,Unknown,Unknown,5-012.01,Sierra Valley,Sierra,514,Irrigation,Single Well,YES,1981-09-30 00:00:00 - 2020-04-24 12:00:00,63,spring,NA,NA,8.4,31.86,1998,NA,1997-10-01T00:00:00Z,1998-10-01T00:00:00Z,-120.253,39.6798
396798N1202528W001,1751427,1997-10-18T00:00:00Z,4932.1,4930.7,0,42.6,4889.5,42.6,41.2,NA,Unknown,Water level accuracy is unknown,1,Department of Water Resources,NA,1,Department of Water Resources,NA,NA,20068,21N15E12P003M,21N15E12P003M,Unknown,Unknown,5-012.01,Sierra Valley,Sierra,514,Irrigation,Single Well,YES,1981-09-30 00:00:00 - 2020-04-24 12:00:00,63,fall,28.8,63.86,NA,NA,1998,NA,1997-10-01T00:00:00Z,1998-10-01T00:00:00Z,-120.253,39.6798
396798N1202528W001,1751426,1997-04-05T00:00:00Z,4932.1,4930.7,0,11.7,4920.4,11.7,10.3,NA,Unknown,Water level accuracy is unknown,1,Department of Water Resources,NA,1,Department of Water Resources,NA,NA,20068,21N15E12P003M,21N15E12P003M,Unknown,Unknown,5-012.01,Sierra Valley,Sierra,514,Irrigation,Single Well,YES,1981-09-30 00:00:00 - 2020-04-24 12:00:00,63,spring,NA,NA,8.4,31.86,1997,NA,1996-10-01T00:00:00Z,1997-10-01T00:00:00Z,-120.253,39.6798
396798N1202528W001,1751412,1996-10-30T00:00:00Z,4932.1,4930.7,0,30.2,4901.9,30.2,28.8,NA,Unknown,Water level accuracy is unknown,1,Department of Water Resources,NA,1,Department of Water Resources,NA,NA,20068,21N15E12P003M,21N15E12P003M,Unknown,Unknown,5-012.01,Sierra Valley,Sierra,514,Irrigation,Single Well,YES,1981-09-30 00:00:00 - 2020-04-24 12:00:00,63,fall,28.8,63.86,NA,NA,1997,NA,1996-10-01T00:00:00Z,1997-10-01T00:00:00Z,-120.253,39.6798
396798N1202528W001,1751425,1996-05-07T00:00:00Z,4932.1,4930.7,0,13.7,4918.4,13.7,12.3,NA,Unknown,Water level accuracy is unknown,1,Department of Water Resources,NA,1,Department of Water Resources,NA,NA,20068,21N15E12P003M,21N15E12P003M,Unknown,Unknown,5-012.01,Sierra Valley,Sierra,514,Irrigation,Single Well,YES,1981-09-30 00:00:00 - 2020-04-24 12:00:00,63,spring,NA,NA,8.4,31.86,1996,NA,1995-10-01T00:00:00Z,1996-10-01T00:00:00Z,-120.253,39.6798
396798N1202528W001,1751424,1995-10-26T00:00:00Z,4932.1,4930.7,0,41.1,4891,41.1,39.7,NA,Unknown,Water level accuracy is unknown,1,Department of Water Resources,NA,1,Department of Water Resources,NA,NA,20068,21N15E12P003M,21N15E12P003M,Unknown,Unknown,5-012.01,Sierra Valley,Sierra,514,Irrigation,Single Well,YES,1981-09-30 00:00:00 - 2020-04-24 12:00:00,63,fall,28.8,63.86,NA,NA,1996,NA,1995-10-01T00:00:00Z,1996-10-01T00:00:00Z,-120.253,39.6798
396798N1202528W001,1751423,1995-06-01T00:00:00Z,4932.1,4930.7,0,19.8,4912.3,19.8,18.4,NA,Unknown,Water level accuracy is unknown,1,Department of Water Resources,NA,1,Department of Water Resources,NA,NA,20068,21N15E12P003M,21N15E12P003M,Unknown,Unknown,5-012.01,Sierra Valley,Sierra,514,Irrigation,Single Well,YES,1981-09-30 00:00:00 - 2020-04-24 12:00:00,63,other,NA,NA,NA,NA,1995,Wet,1994-10-01T00:00:00Z,1995-10-01T00:00:00Z,-120.253,39.6798
396798N1202528W001,1751422,1994-10-29T00:00:00Z,4932.1,4930.7,0,56.1,4876,56.1,54.7,NA,Unknown,Water level accuracy is unknown,1,Department of Water Resources,NA,1,Department of Water Resources,NA,NA,20068,21N15E12P003M,21N15E12P003M,Unknown,Unknown,5-012.01,Sierra Valley,Sierra,514,Irrigation,Single Well,YES,1981-09-30 00:00:00 - 2020-04-24 12:00:00,63,fall,28.8,63.86,NA,NA,1995,Wet,1994-10-01T00:00:00Z,1995-10-01T00:00:00Z,-120.253,39.6798
396798N1202528W001,1751421,1994-03-31T00:00:00Z,4932.1,4930.7,0,19.5,4912.6,19.5,18.1,NA,Unknown,Water level accuracy is unknown,1,Department of Water Resources,NA,1,Department of Water Resources,NA,NA,20068,21N15E12P003M,21N15E12P003M,Unknown,Unknown,5-012.01,Sierra Valley,Sierra,514,Irrigation,Single Well,YES,1981-09-30 00:00:00 - 2020-04-24 12:00:00,63,spring,NA,NA,8.4,31.86,1994,Dry,1993-10-01T00:00:00Z,1994-10-01T00:00:00Z,-120.253,39.6798
396798N1202528W001,1751420,1993-10-21T00:00:00Z,4932.1,4930.7,0,45.4,4886.7,45.4,44,NA,Unknown,Water level accuracy is unknown,1,Department of Water Resources,NA,1,Department of Water Resources,NA,NA,20068,21N15E12P003M,21N15E12P003M,Unknown,Unknown,5-012.01,Sierra Valley,Sierra,514,Irrigation,Single Well,YES,1981-09-30 00:00:00 - 2020-04-24 12:00:00,63,fall,28.8,63.86,NA,NA,1994,Dry,1993-10-01T00:00:00Z,1994-10-01T00:00:00Z,-120.253,39.6798
396798N1202528W001,1751419,1993-04-21T00:00:00Z,4932.1,4930.7,0,23.9,4908.2,23.9,22.5,NA,Unknown,Water level accuracy is unknown,1,Department of Water Resources,NA,1,Department of Water Resources,NA,NA,20068,21N15E12P003M,21N15E12P003M,Unknown,Unknown,5-012.01,Sierra Valley,Sierra,514,Irrigation,Single Well,YES,1981-09-30 00:00:00 - 2020-04-24 12:00:00,63,spring,NA,NA,8.4,31.86,1993,NA,1992-10-01T00:00:00Z,1993-10-01T00:00:00Z,-120.253,39.6798
396798N1202528W001,1751418,1992-10-22T00:00:00Z,4932.1,4930.7,0,57.4,4874.7,57.4,56,NA,Unknown,Water level accuracy is unknown,1,Department of Water Resources,NA,1,Department of Water Resources,NA,NA,20068,21N15E12P003M,21N15E12P003M,Unknown,Unknown,5-012.01,Sierra Valley,Sierra,514,Irrigation,Single Well,YES,1981-09-30 00:00:00 - 2020-04-24 12:00:00,63,fall,28.8,63.86,NA,NA,1993,NA,1992-10-01T00:00:00Z,1993-10-01T00:00:00Z,-120.253,39.6798
396798N1202528W001,1751417,1992-03-24T00:00:00Z,4932.1,4930.7,0,22.8,4909.3,22.8,21.4,NA,Unknown,Water level accuracy is unknown,1,Department of Water Resources,NA,1,Department of Water Resources,NA,NA,20068,21N15E12P003M,21N15E12P003M,Unknown,Unknown,5-012.01,Sierra Valley,Sierra,514,Irrigation,Single Well,YES,1981-09-30 00:00:00 - 2020-04-24 12:00:00,63,spring,NA,NA,8.4,31.86,1992,NA,1991-10-01T00:00:00Z,1992-10-01T00:00:00Z,-120.253,39.6798
396798N1202528W001,1751416,1991-10-21T00:00:00Z,4932.1,4930.7,0,52.3,4879.8,52.3,50.9,NA,Unknown,Water level accuracy is unknown,1,Department of Water Resources,NA,1,Department of Water Resources,NA,NA,20068,21N15E12P003M,21N15E12P003M,Unknown,Unknown,5-012.01,Sierra Valley,Sierra,514,Irrigation,Single Well,YES,1981-09-30 00:00:00 - 2020-04-24 12:00:00,63,fall,28.8,63.86,NA,NA,1992,NA,1991-10-01T00:00:00Z,1992-10-01T00:00:00Z,-120.253,39.6798
396798N1202528W001,1751415,1991-02-26T00:00:00Z,4932.1,4930.7,0,22.8,4909.3,22.8,21.4,NA,Unknown,Water level accuracy is unknown,1,Department of Water Resources,NA,1,Department of Water Resources,NA,NA,20068,21N15E12P003M,21N15E12P003M,Unknown,Unknown,5-012.01,Sierra Valley,Sierra,514,Irrigation,Single Well,YES,1981-09-30 00:00:00 - 2020-04-24 12:00:00,63,other,NA,NA,NA,NA,1991,NA,1990-10-01T00:00:00Z,1991-10-01T00:00:00Z,-120.253,39.6798
396798N1202528W001,1751414,1981-10-14T00:00:00Z,4932.1,4930.7,0,40,4892.1,40,38.6,NA,Unknown,Water level accuracy is unknown,1,Department of Water Resources,NA,1,Department of Water Resources,NA,NA,20068,21N15E12P003M,21N15E12P003M,Unknown,Unknown,5-012.01,Sierra Valley,Sierra,514,Irrigation,Single Well,YES,1981-09-30 00:00:00 - 2020-04-24 12:00:00,63,fall,28.8,63.86,NA,NA,1982,Wet,1981-10-01T00:00:00Z,1982-10-01T00:00:00Z,-120.253,39.6798
396798N1202528W001,1751413,1981-09-30T00:00:00Z,4932.1,4930.7,0,58,4874.1,58,56.6,NA,Unknown,Water level accuracy is unknown,1,Department of Water Resources,NA,1,Department of Water Resources,NA,NA,20068,21N15E12P003M,21N15E12P003M,Unknown,Unknown,5-012.01,Sierra Valley,Sierra,514,Irrigation,Single Well,YES,1981-09-30 00:00:00 - 2020-04-24 12:00:00,63,fall,28.8,63.86,NA,NA,1981,Dry,1980-10-01T00:00:00Z,1981-10-01T00:00:00Z,-120.253,39.6798
