SITE_CODE,WLM_ID,MSMT_DATE,WLM_RPE,WLM_GSE,RDNG_WS,RDNG_RP,WSE,RPE_WSE,GSE_WSE,WLM_QA_DESC,WLM_DESC,WLM_ACC_DESC,WLM_ORG_ID,WLM_ORG_NAME,MSMT_CMT,COOP_AGENCY_ORG_ID,COOP_ORG_NAME,TOP_PRF,BOT_PRF,STN_ID,SWN,WELL_NAME,WLM_METHOD,WLM_ACC,BASIN_CODE,BASIN_NAME,COUNTY_NAME,WELL_DEPTH,WELL_USE,WELL_TYPE,WCR_NO,t_range,n_samples,season,fall_high,fall_low,spring_high,spring_low,water_year,water_year_type,water_year_start,water_year_end,X,Y
396722N1204095W003,2623620,2020-04-03T12:00:00Z,4919.8,4919.8,0,44.9,4874.9,44.9,44.9,NA,Electric sounder measurement,Water level accuracy to nearest tenth of a foot,1,Department of Water Resources,NA,388,Sierra Valley Groundwater Management District,670,690,25525,21N14E16H003M,DMW 4d,Surveyed to a benchmark,0.1 ft.,5-012.01,Sierra Valley,Sierra,720,Observation,Part of a nested/multi-completion well,788361,2002-09-03 00:00:00 - 2020-04-24 12:00:00,72,spring,NA,NA,37.7,48.8,2020,Dry,2019-10-01T00:00:00Z,2020-10-01T00:00:00Z,-120.409,39.6722
396722N1204095W003,2493691,2019-10-23T12:00:00Z,4919.8,4919.8,0,45.15,4874.65,45.15,45.15,NA,Electric sounder measurement,Water level accuracy to nearest hundredth of a foot,1,Department of Water Resources,NA,1,Department of Water Resources,670,690,25525,21N14E16H003M,DMW 4d,Surveyed to a benchmark,0.1 ft.,5-012.01,Sierra Valley,Sierra,720,Observation,Part of a nested/multi-completion well,788361,2002-09-03 00:00:00 - 2020-04-24 12:00:00,72,fall,34.39,48.78,NA,NA,2020,Dry,2019-10-01T00:00:00Z,2020-10-01T00:00:00Z,-120.409,39.6722
396722N1204095W003,2454928,2019-04-09T12:00:00Z,4919.8,4919.8,0,45.4,4874.4,45.4,45.4,NA,Electric sounder measurement,Water level accuracy to nearest hundredth of a foot,1,Department of Water Resources,NA,1,Department of Water Resources,670,690,25525,21N14E16H003M,DMW 4d,Surveyed to a benchmark,0.1 ft.,5-012.01,Sierra Valley,Sierra,720,Observation,Part of a nested/multi-completion well,788361,2002-09-03 00:00:00 - 2020-04-24 12:00:00,72,spring,NA,NA,37.7,48.8,2019,Wet,2018-10-01T00:00:00Z,2019-10-01T00:00:00Z,-120.409,39.6722
396722N1204095W003,2414996,2018-10-25T12:00:00Z,4919.8,4919.8,0,46.15,4873.65,46.15,46.15,NA,Electric sounder measurement,Water level accuracy to nearest hundredth of a foot,1,Department of Water Resources,NA,1,Department of Water Resources,670,690,25525,21N14E16H003M,DMW 4d,Surveyed to a benchmark,0.1 ft.,5-012.01,Sierra Valley,Sierra,720,Observation,Part of a nested/multi-completion well,788361,2002-09-03 00:00:00 - 2020-04-24 12:00:00,72,fall,34.39,48.78,NA,NA,2019,Wet,2018-10-01T00:00:00Z,2019-10-01T00:00:00Z,-120.409,39.6722
396722N1204095W003,2285935,2018-04-02T12:00:00Z,4919.8,4919.8,0,46.75,4873.05,46.75,46.75,NA,Electric sounder measurement,Water level accuracy to nearest hundredth of a foot,1,Department of Water Resources,NA,1,Department of Water Resources,670,690,25525,21N14E16H003M,DMW 4d,Surveyed to a benchmark,0.1 ft.,5-012.01,Sierra Valley,Sierra,720,Observation,Part of a nested/multi-completion well,788361,2002-09-03 00:00:00 - 2020-04-24 12:00:00,72,spring,NA,NA,37.7,48.8,2018,NA,2017-10-01T00:00:00Z,2018-10-01T00:00:00Z,-120.409,39.6722
396722N1204095W003,2267975,2017-10-16T00:00:00Z,4919.8,4919.8,0,48.17,4871.63,48.17,48.17,NA,Electric sounder measurement,Water level accuracy to nearest hundredth of a foot,1,Department of Water Resources,NA,1,Department of Water Resources,670,690,25525,21N14E16H003M,DMW 4d,Surveyed to a benchmark,0.1 ft.,5-012.01,Sierra Valley,Sierra,720,Observation,Part of a nested/multi-completion well,788361,2002-09-03 00:00:00 - 2020-04-24 12:00:00,72,fall,34.39,48.78,NA,NA,2018,NA,2017-10-01T00:00:00Z,2018-10-01T00:00:00Z,-120.409,39.6722
396722N1204095W003,2244263,2017-04-03T00:00:00Z,4919.8,4919.8,0,48.8,4871,48.8,48.8,NA,Electric sounder measurement,Water level accuracy to nearest hundredth of a foot,1,Department of Water Resources,NA,1,Department of Water Resources,670,690,25525,21N14E16H003M,DMW 4d,Surveyed to a benchmark,0.1 ft.,5-012.01,Sierra Valley,Sierra,720,Observation,Part of a nested/multi-completion well,788361,2002-09-03 00:00:00 - 2020-04-24 12:00:00,72,spring,NA,NA,37.7,48.8,2017,Wet,2016-10-01T00:00:00Z,2017-10-01T00:00:00Z,-120.409,39.6722
396722N1204095W003,2214093,2016-10-24T00:00:00Z,4919.8,4919.8,0,48.78,4871.02,48.78,48.78,NA,Electric sounder measurement,Water level accuracy to nearest hundredth of a foot,1,Department of Water Resources,NA,1,Department of Water Resources,670,690,25525,21N14E16H003M,DMW 4d,Surveyed to a benchmark,0.1 ft.,5-012.01,Sierra Valley,Sierra,720,Observation,Part of a nested/multi-completion well,788361,2002-09-03 00:00:00 - 2020-04-24 12:00:00,72,fall,34.39,48.78,NA,NA,2017,Wet,2016-10-01T00:00:00Z,2017-10-01T00:00:00Z,-120.409,39.6722
396722N1204095W003,2184559,2016-03-21T00:00:00Z,4919.8,4919.8,0,48.51,4871.29,48.51,48.51,NA,Electric sounder measurement,Water level accuracy to nearest hundredth of a foot,1,Department of Water Resources,NA,1,Department of Water Resources,670,690,25525,21N14E16H003M,DMW 4d,Surveyed to a benchmark,0.1 ft.,5-012.01,Sierra Valley,Sierra,720,Observation,Part of a nested/multi-completion well,788361,2002-09-03 00:00:00 - 2020-04-24 12:00:00,72,spring,NA,NA,37.7,48.8,2016,NA,2015-10-01T00:00:00Z,2016-10-01T00:00:00Z,-120.409,39.6722
396722N1204095W003,2157033,2015-10-19T00:00:00Z,4919.8,4919.8,0,48.22,4871.58,48.22,48.22,NA,Electric sounder measurement,Water level accuracy to nearest hundredth of a foot,1,Department of Water Resources,NA,1,Department of Water Resources,670,690,25525,21N14E16H003M,DMW 4d,Surveyed to a benchmark,0.1 ft.,5-012.01,Sierra Valley,Sierra,720,Observation,Part of a nested/multi-completion well,788361,2002-09-03 00:00:00 - 2020-04-24 12:00:00,72,fall,34.39,48.78,NA,NA,2016,NA,2015-10-01T00:00:00Z,2016-10-01T00:00:00Z,-120.409,39.6722
396722N1204095W003,2119745,2015-03-23T00:00:00Z,4919.8,4919.8,0,46.91,4872.89,46.91,46.91,NA,Electric sounder measurement,Water level accuracy to nearest hundredth of a foot,1,Department of Water Resources,NA,1,Department of Water Resources,670,690,25525,21N14E16H003M,DMW 4d,Surveyed to a benchmark,0.1 ft.,5-012.01,Sierra Valley,Sierra,720,Observation,Part of a nested/multi-completion well,788361,2002-09-03 00:00:00 - 2020-04-24 12:00:00,72,spring,NA,NA,37.7,48.8,2015,NA,2014-10-01T00:00:00Z,2015-10-01T00:00:00Z,-120.409,39.6722
396722N1204095W003,2020260,2014-10-20T07:00:00Z,4919.8,4919.8,0,45.93,4873.87,45.93,45.93,NA,Electric sounder measurement,Water level accuracy to nearest hundredth of a foot,1,Department of Water Resources,NA,1,Department of Water Resources,670,690,25525,21N14E16H003M,DMW 4d,Surveyed to a benchmark,0.1 ft.,5-012.01,Sierra Valley,Sierra,720,Observation,Part of a nested/multi-completion well,788361,2002-09-03 00:00:00 - 2020-04-24 12:00:00,72,fall,34.39,48.78,NA,NA,2015,NA,2014-10-01T00:00:00Z,2015-10-01T00:00:00Z,-120.409,39.6722
396722N1204095W003,1880743,2014-03-14T00:00:00Z,4919.8,4919.8,0,44.41,4875.39,44.41,44.41,NA,Electric sounder measurement,Water level accuracy to nearest hundredth of a foot,1,Department of Water Resources,NA,1,Department of Water Resources,670,690,25525,21N14E16H003M,DMW 4d,Surveyed to a benchmark,0.1 ft.,5-012.01,Sierra Valley,Sierra,720,Observation,Part of a nested/multi-completion well,788361,2002-09-03 00:00:00 - 2020-04-24 12:00:00,72,spring,NA,NA,37.7,48.8,2014,NA,2013-10-01T00:00:00Z,2014-10-01T00:00:00Z,-120.409,39.6722
396722N1204095W003,1797085,2013-10-21T00:00:00Z,4919.8,4919.8,0,43.33,4876.47,43.33,43.33,NA,Electric sounder measurement,Water level accuracy to nearest hundredth of a foot,1,Department of Water Resources,NA,1,Department of Water Resources,670,690,25525,21N14E16H003M,DMW 4d,Surveyed to a benchmark,0.1 ft.,5-012.01,Sierra Valley,Sierra,720,Observation,Part of a nested/multi-completion well,788361,2002-09-03 00:00:00 - 2020-04-24 12:00:00,72,fall,34.39,48.78,NA,NA,2014,NA,2013-10-01T00:00:00Z,2014-10-01T00:00:00Z,-120.409,39.6722
396722N1204095W003,1684404,2013-03-25T00:00:00Z,4919.79,4919.79,0,41.58,4878.21,41.58,41.58,NA,Electric sounder measurement,Water level accuracy to nearest hundredth of a foot,1,Department of Water Resources,NA,1,Department of Water Resources,670,690,25525,21N14E16H003M,DMW 4d,Surveyed to a benchmark,0.1 ft.,5-012.01,Sierra Valley,Sierra,720,Observation,Part of a nested/multi-completion well,788361,2002-09-03 00:00:00 - 2020-04-24 12:00:00,72,spring,NA,NA,37.7,48.8,2013,Dry,2012-10-01T00:00:00Z,2013-10-01T00:00:00Z,-120.409,39.6722
396722N1204095W003,69345,2012-10-30T00:00:00Z,4919.79,4919.79,0,34.39,4885.4,34.39,34.39,NA,Electric sounder measurement,Water level accuracy to nearest hundredth of a foot,1,Department of Water Resources,NA,1,Department of Water Resources,670,690,25525,21N14E16H003M,DMW 4d,Surveyed to a benchmark,0.1 ft.,5-012.01,Sierra Valley,Sierra,720,Observation,Part of a nested/multi-completion well,788361,2002-09-03 00:00:00 - 2020-04-24 12:00:00,72,fall,34.39,48.78,NA,NA,2013,Dry,2012-10-01T00:00:00Z,2013-10-01T00:00:00Z,-120.409,39.6722
396722N1204095W003,59927,2012-04-17T00:00:00Z,4919.79,4919.79,0,40.51,4879.28,40.51,40.51,NA,Electric sounder measurement,Water level accuracy to nearest hundredth of a foot,1,Department of Water Resources,NA,1,Department of Water Resources,670,690,25525,21N14E16H003M,DMW 4d,Surveyed to a benchmark,0.1 ft.,5-012.01,Sierra Valley,Sierra,720,Observation,Part of a nested/multi-completion well,788361,2002-09-03 00:00:00 - 2020-04-24 12:00:00,72,spring,NA,NA,37.7,48.8,2012,NA,2011-10-01T00:00:00Z,2012-10-01T00:00:00Z,-120.409,39.6722
396722N1204095W003,39775,2011-10-18T00:00:00Z,4919.79,4919.79,0,41.96,4877.83,41.96,41.96,NA,Electric sounder measurement,Water level accuracy to nearest hundredth of a foot,1,Department of Water Resources,NA,1,Department of Water Resources,670,690,25525,21N14E16H003M,DMW 4d,Surveyed to a benchmark,0.1 ft.,5-012.01,Sierra Valley,Sierra,720,Observation,Part of a nested/multi-completion well,788361,2002-09-03 00:00:00 - 2020-04-24 12:00:00,72,fall,34.39,48.78,NA,NA,2012,NA,2011-10-01T00:00:00Z,2012-10-01T00:00:00Z,-120.409,39.6722
396722N1204095W003,972707,2011-10-18T00:00:00Z,4919.8,4919.8,0,41.96,4877.84,41.96,41.96,NA,Unknown,Water level accuracy is unknown,1,Department of Water Resources,NA,1,Department of Water Resources,670,690,25525,21N14E16H003M,DMW 4d,Surveyed to a benchmark,0.1 ft.,5-012.01,Sierra Valley,Sierra,720,Observation,Part of a nested/multi-completion well,788361,2002-09-03 00:00:00 - 2020-04-24 12:00:00,72,fall,34.39,48.78,NA,NA,2012,NA,2011-10-01T00:00:00Z,2012-10-01T00:00:00Z,-120.409,39.6722
396722N1204095W003,972706,2011-04-25T00:00:00Z,4919.8,4919.8,0,42.6,4877.2,42.6,42.6,NA,Unknown,Water level accuracy is unknown,1,Department of Water Resources,NA,1,Department of Water Resources,670,690,25525,21N14E16H003M,DMW 4d,Surveyed to a benchmark,0.1 ft.,5-012.01,Sierra Valley,Sierra,720,Observation,Part of a nested/multi-completion well,788361,2002-09-03 00:00:00 - 2020-04-24 12:00:00,72,spring,NA,NA,37.7,48.8,2011,Wet,2010-10-01T00:00:00Z,2011-10-01T00:00:00Z,-120.409,39.6722
396722N1204095W003,972705,2010-10-25T00:00:00Z,4919.8,4919.8,0,42.98,4876.82,42.98,42.98,NA,Unknown,Water level accuracy is unknown,1,Department of Water Resources,NA,1,Department of Water Resources,670,690,25525,21N14E16H003M,DMW 4d,Surveyed to a benchmark,0.1 ft.,5-012.01,Sierra Valley,Sierra,720,Observation,Part of a nested/multi-completion well,788361,2002-09-03 00:00:00 - 2020-04-24 12:00:00,72,fall,34.39,48.78,NA,NA,2011,Wet,2010-10-01T00:00:00Z,2011-10-01T00:00:00Z,-120.409,39.6722
396722N1204095W003,972704,2010-04-07T00:00:00Z,4919.8,4919.8,0,43.49,4876.31,43.49,43.49,NA,Unknown,Water level accuracy is unknown,1,Department of Water Resources,NA,1,Department of Water Resources,670,690,25525,21N14E16H003M,DMW 4d,Surveyed to a benchmark,0.1 ft.,5-012.01,Sierra Valley,Sierra,720,Observation,Part of a nested/multi-completion well,788361,2002-09-03 00:00:00 - 2020-04-24 12:00:00,72,spring,NA,NA,37.7,48.8,2010,NA,2009-10-01T00:00:00Z,2010-10-01T00:00:00Z,-120.409,39.6722
396722N1204095W003,972703,2009-10-28T00:00:00Z,4919.8,4919.8,0,43.4,4876.4,43.4,43.4,NA,Unknown,Water level accuracy is unknown,1,Department of Water Resources,NA,1,Department of Water Resources,670,690,25525,21N14E16H003M,DMW 4d,Surveyed to a benchmark,0.1 ft.,5-012.01,Sierra Valley,Sierra,720,Observation,Part of a nested/multi-completion well,788361,2002-09-03 00:00:00 - 2020-04-24 12:00:00,72,fall,34.39,48.78,NA,NA,2010,NA,2009-10-01T00:00:00Z,2010-10-01T00:00:00Z,-120.409,39.6722
396722N1204095W003,972702,2009-04-13T00:00:00Z,4919.8,4919.8,0,42.64,4877.16,42.64,42.64,NA,Unknown,Water level accuracy is unknown,1,Department of Water Resources,NA,1,Department of Water Resources,670,690,25525,21N14E16H003M,DMW 4d,Surveyed to a benchmark,0.1 ft.,5-012.01,Sierra Valley,Sierra,720,Observation,Part of a nested/multi-completion well,788361,2002-09-03 00:00:00 - 2020-04-24 12:00:00,72,spring,NA,NA,37.7,48.8,2009,NA,2008-10-01T00:00:00Z,2009-10-01T00:00:00Z,-120.409,39.6722
396722N1204095W003,972701,2008-10-27T00:00:00Z,4919.8,4919.8,0,42.2,4877.6,42.2,42.2,NA,Unknown,Water level accuracy is unknown,1,Department of Water Resources,NA,388,Sierra Valley Groundwater Management District,670,690,25525,21N14E16H003M,DMW 4d,Surveyed to a benchmark,0.1 ft.,5-012.01,Sierra Valley,Sierra,720,Observation,Part of a nested/multi-completion well,788361,2002-09-03 00:00:00 - 2020-04-24 12:00:00,72,fall,34.39,48.78,NA,NA,2009,NA,2008-10-01T00:00:00Z,2009-10-01T00:00:00Z,-120.409,39.6722
396722N1204095W003,972700,2008-04-09T00:00:00Z,4919.8,4919.8,0,40.9,4878.9,40.9,40.9,NA,Unknown,Water level accuracy is unknown,1,Department of Water Resources,NA,388,Sierra Valley Groundwater Management District,670,690,25525,21N14E16H003M,DMW 4d,Surveyed to a benchmark,0.1 ft.,5-012.01,Sierra Valley,Sierra,720,Observation,Part of a nested/multi-completion well,788361,2002-09-03 00:00:00 - 2020-04-24 12:00:00,72,spring,NA,NA,37.7,48.8,2008,NA,2007-10-01T00:00:00Z,2008-10-01T00:00:00Z,-120.409,39.6722
396722N1204095W003,972699,2007-10-25T00:00:00Z,4919.8,4919.8,0,40.5,4879.3,40.5,40.5,NA,Unknown,Water level accuracy is unknown,1,Department of Water Resources,NA,388,Sierra Valley Groundwater Management District,670,690,25525,21N14E16H003M,DMW 4d,Surveyed to a benchmark,0.1 ft.,5-012.01,Sierra Valley,Sierra,720,Observation,Part of a nested/multi-completion well,788361,2002-09-03 00:00:00 - 2020-04-24 12:00:00,72,fall,34.39,48.78,NA,NA,2008,NA,2007-10-01T00:00:00Z,2008-10-01T00:00:00Z,-120.409,39.6722
396722N1204095W003,972659,2006-04-06T00:00:00Z,4919.8,4919.8,0,39.9,4879.9,39.9,39.9,NA,Unknown,Water level accuracy is unknown,1,Department of Water Resources,NA,388,Sierra Valley Groundwater Management District,670,690,25525,21N14E16H003M,DMW 4d,Surveyed to a benchmark,0.1 ft.,5-012.01,Sierra Valley,Sierra,720,Observation,Part of a nested/multi-completion well,788361,2002-09-03 00:00:00 - 2020-04-24 12:00:00,72,spring,NA,NA,37.7,48.8,2006,Wet,2005-10-01T00:00:00Z,2006-10-01T00:00:00Z,-120.409,39.6722
396722N1204095W003,972658,2006-02-03T00:00:00Z,4919.8,4919.8,0,40,4879.8,40,40,NA,Unknown,Water level accuracy is unknown,1,Department of Water Resources,NA,388,Sierra Valley Groundwater Management District,670,690,25525,21N14E16H003M,DMW 4d,Surveyed to a benchmark,0.1 ft.,5-012.01,Sierra Valley,Sierra,720,Observation,Part of a nested/multi-completion well,788361,2002-09-03 00:00:00 - 2020-04-24 12:00:00,72,other,NA,NA,NA,NA,2006,Wet,2005-10-01T00:00:00Z,2006-10-01T00:00:00Z,-120.409,39.6722
396722N1204095W003,972657,2006-01-04T00:00:00Z,4919.8,4919.8,0,40,4879.8,40,40,NA,Unknown,Water level accuracy is unknown,1,Department of Water Resources,NA,388,Sierra Valley Groundwater Management District,670,690,25525,21N14E16H003M,DMW 4d,Surveyed to a benchmark,0.1 ft.,5-012.01,Sierra Valley,Sierra,720,Observation,Part of a nested/multi-completion well,788361,2002-09-03 00:00:00 - 2020-04-24 12:00:00,72,other,NA,NA,NA,NA,2006,Wet,2005-10-01T00:00:00Z,2006-10-01T00:00:00Z,-120.409,39.6722
396722N1204095W003,972656,2005-11-30T00:00:00Z,4919.8,4919.8,0,40.1,4879.7,40.1,40.1,NA,Unknown,Water level accuracy is unknown,1,Department of Water Resources,NA,388,Sierra Valley Groundwater Management District,670,690,25525,21N14E16H003M,DMW 4d,Surveyed to a benchmark,0.1 ft.,5-012.01,Sierra Valley,Sierra,720,Observation,Part of a nested/multi-completion well,788361,2002-09-03 00:00:00 - 2020-04-24 12:00:00,72,fall,34.39,48.78,NA,NA,2006,Wet,2005-10-01T00:00:00Z,2006-10-01T00:00:00Z,-120.409,39.6722
396722N1204095W003,972696,2005-11-02T00:00:00Z,4919.8,4919.8,0,40.3,4879.5,40.3,40.3,NA,Unknown,Water level accuracy is unknown,1,Department of Water Resources,NA,388,Sierra Valley Groundwater Management District,670,690,25525,21N14E16H003M,DMW 4d,Surveyed to a benchmark,0.1 ft.,5-012.01,Sierra Valley,Sierra,720,Observation,Part of a nested/multi-completion well,788361,2002-09-03 00:00:00 - 2020-04-24 12:00:00,72,fall,34.39,48.78,NA,NA,2006,Wet,2005-10-01T00:00:00Z,2006-10-01T00:00:00Z,-120.409,39.6722
396722N1204095W003,972695,2005-09-29T00:00:00Z,4919.8,4919.8,0,40,4879.8,40,40,NA,Unknown,Water level accuracy is unknown,1,Department of Water Resources,NA,388,Sierra Valley Groundwater Management District,670,690,25525,21N14E16H003M,DMW 4d,Surveyed to a benchmark,0.1 ft.,5-012.01,Sierra Valley,Sierra,720,Observation,Part of a nested/multi-completion well,788361,2002-09-03 00:00:00 - 2020-04-24 12:00:00,72,fall,34.39,48.78,NA,NA,2005,NA,2004-10-01T00:00:00Z,2005-10-01T00:00:00Z,-120.409,39.6722
396722N1204095W003,972694,2005-09-02T00:00:00Z,4919.8,4919.8,0,40,4879.8,40,40,NA,Unknown,Water level accuracy is unknown,1,Department of Water Resources,NA,388,Sierra Valley Groundwater Management District,670,690,25525,21N14E16H003M,DMW 4d,Surveyed to a benchmark,0.1 ft.,5-012.01,Sierra Valley,Sierra,720,Observation,Part of a nested/multi-completion well,788361,2002-09-03 00:00:00 - 2020-04-24 12:00:00,72,fall,34.39,48.78,NA,NA,2005,NA,2004-10-01T00:00:00Z,2005-10-01T00:00:00Z,-120.409,39.6722
396722N1204095W003,972693,2005-07-29T00:00:00Z,4919.8,4919.8,0,39.9,4879.9,39.9,39.9,NA,Unknown,Water level accuracy is unknown,1,Department of Water Resources,NA,388,Sierra Valley Groundwater Management District,670,690,25525,21N14E16H003M,DMW 4d,Surveyed to a benchmark,0.1 ft.,5-012.01,Sierra Valley,Sierra,720,Observation,Part of a nested/multi-completion well,788361,2002-09-03 00:00:00 - 2020-04-24 12:00:00,72,other,NA,NA,NA,NA,2005,NA,2004-10-01T00:00:00Z,2005-10-01T00:00:00Z,-120.409,39.6722
396722N1204095W003,972692,2005-06-29T00:00:00Z,4919.8,4919.8,0,39.9,4879.9,39.9,39.9,NA,Unknown,Water level accuracy is unknown,1,Department of Water Resources,NA,388,Sierra Valley Groundwater Management District,670,690,25525,21N14E16H003M,DMW 4d,Surveyed to a benchmark,0.1 ft.,5-012.01,Sierra Valley,Sierra,720,Observation,Part of a nested/multi-completion well,788361,2002-09-03 00:00:00 - 2020-04-24 12:00:00,72,other,NA,NA,NA,NA,2005,NA,2004-10-01T00:00:00Z,2005-10-01T00:00:00Z,-120.409,39.6722
396722N1204095W003,972691,2005-05-31T00:00:00Z,4919.8,4919.8,0,39.9,4879.9,39.9,39.9,NA,Unknown,Water level accuracy is unknown,1,Department of Water Resources,NA,388,Sierra Valley Groundwater Management District,670,690,25525,21N14E16H003M,DMW 4d,Surveyed to a benchmark,0.1 ft.,5-012.01,Sierra Valley,Sierra,720,Observation,Part of a nested/multi-completion well,788361,2002-09-03 00:00:00 - 2020-04-24 12:00:00,72,spring,NA,NA,37.7,48.8,2005,NA,2004-10-01T00:00:00Z,2005-10-01T00:00:00Z,-120.409,39.6722
396722N1204095W003,972690,2005-04-28T00:00:00Z,4919.8,4919.8,0,39.9,4879.9,39.9,39.9,NA,Unknown,Water level accuracy is unknown,1,Department of Water Resources,NA,388,Sierra Valley Groundwater Management District,670,690,25525,21N14E16H003M,DMW 4d,Surveyed to a benchmark,0.1 ft.,5-012.01,Sierra Valley,Sierra,720,Observation,Part of a nested/multi-completion well,788361,2002-09-03 00:00:00 - 2020-04-24 12:00:00,72,spring,NA,NA,37.7,48.8,2005,NA,2004-10-01T00:00:00Z,2005-10-01T00:00:00Z,-120.409,39.6722
396722N1204095W003,972689,2005-04-02T00:00:00Z,4919.8,4919.8,0,39.9,4879.9,39.9,39.9,NA,Unknown,Water level accuracy is unknown,1,Department of Water Resources,NA,388,Sierra Valley Groundwater Management District,670,690,25525,21N14E16H003M,DMW 4d,Surveyed to a benchmark,0.1 ft.,5-012.01,Sierra Valley,Sierra,720,Observation,Part of a nested/multi-completion well,788361,2002-09-03 00:00:00 - 2020-04-24 12:00:00,72,spring,NA,NA,37.7,48.8,2005,NA,2004-10-01T00:00:00Z,2005-10-01T00:00:00Z,-120.409,39.6722
396722N1204095W003,972688,2005-03-03T00:00:00Z,4919.8,4919.8,0,39.9,4879.9,39.9,39.9,NA,Unknown,Water level accuracy is unknown,1,Department of Water Resources,NA,388,Sierra Valley Groundwater Management District,670,690,25525,21N14E16H003M,DMW 4d,Surveyed to a benchmark,0.1 ft.,5-012.01,Sierra Valley,Sierra,720,Observation,Part of a nested/multi-completion well,788361,2002-09-03 00:00:00 - 2020-04-24 12:00:00,72,spring,NA,NA,37.7,48.8,2005,NA,2004-10-01T00:00:00Z,2005-10-01T00:00:00Z,-120.409,39.6722
396722N1204095W003,972687,2005-01-31T00:00:00Z,4919.8,4919.8,0,40,4879.8,40,40,NA,Unknown,Water level accuracy is unknown,1,Department of Water Resources,NA,388,Sierra Valley Groundwater Management District,670,690,25525,21N14E16H003M,DMW 4d,Surveyed to a benchmark,0.1 ft.,5-012.01,Sierra Valley,Sierra,720,Observation,Part of a nested/multi-completion well,788361,2002-09-03 00:00:00 - 2020-04-24 12:00:00,72,other,NA,NA,NA,NA,2005,NA,2004-10-01T00:00:00Z,2005-10-01T00:00:00Z,-120.409,39.6722
396722N1204095W003,972686,2004-12-03T00:00:00Z,4919.8,4919.8,0,40,4879.8,40,40,NA,Unknown,Water level accuracy is unknown,1,Department of Water Resources,NA,388,Sierra Valley Groundwater Management District,670,690,25525,21N14E16H003M,DMW 4d,Surveyed to a benchmark,0.1 ft.,5-012.01,Sierra Valley,Sierra,720,Observation,Part of a nested/multi-completion well,788361,2002-09-03 00:00:00 - 2020-04-24 12:00:00,72,other,NA,NA,NA,NA,2005,NA,2004-10-01T00:00:00Z,2005-10-01T00:00:00Z,-120.409,39.6722
396722N1204095W003,972685,2004-11-02T00:00:00Z,4919.8,4919.8,0,39.9,4879.9,39.9,39.9,NA,Unknown,Water level accuracy is unknown,1,Department of Water Resources,NA,388,Sierra Valley Groundwater Management District,670,690,25525,21N14E16H003M,DMW 4d,Surveyed to a benchmark,0.1 ft.,5-012.01,Sierra Valley,Sierra,720,Observation,Part of a nested/multi-completion well,788361,2002-09-03 00:00:00 - 2020-04-24 12:00:00,72,fall,34.39,48.78,NA,NA,2005,NA,2004-10-01T00:00:00Z,2005-10-01T00:00:00Z,-120.409,39.6722
396722N1204095W003,972684,2004-09-30T00:00:00Z,4919.8,4919.8,0,39.5,4880.3,39.5,39.5,NA,Unknown,Water level accuracy is unknown,1,Department of Water Resources,NA,388,Sierra Valley Groundwater Management District,670,690,25525,21N14E16H003M,DMW 4d,Surveyed to a benchmark,0.1 ft.,5-012.01,Sierra Valley,Sierra,720,Observation,Part of a nested/multi-completion well,788361,2002-09-03 00:00:00 - 2020-04-24 12:00:00,72,fall,34.39,48.78,NA,NA,2004,NA,2003-10-01T00:00:00Z,2004-10-01T00:00:00Z,-120.409,39.6722
396722N1204095W003,972683,2004-08-31T00:00:00Z,4919.8,4919.8,0,39.2,4880.6,39.2,39.2,NA,Unknown,Water level accuracy is unknown,1,Department of Water Resources,NA,388,Sierra Valley Groundwater Management District,670,690,25525,21N14E16H003M,DMW 4d,Surveyed to a benchmark,0.1 ft.,5-012.01,Sierra Valley,Sierra,720,Observation,Part of a nested/multi-completion well,788361,2002-09-03 00:00:00 - 2020-04-24 12:00:00,72,fall,34.39,48.78,NA,NA,2004,NA,2003-10-01T00:00:00Z,2004-10-01T00:00:00Z,-120.409,39.6722
396722N1204095W003,972682,2004-07-30T00:00:00Z,4919.8,4919.8,0,39,4880.8,39,39,NA,Unknown,Water level accuracy is unknown,1,Department of Water Resources,NA,388,Sierra Valley Groundwater Management District,670,690,25525,21N14E16H003M,DMW 4d,Surveyed to a benchmark,0.1 ft.,5-012.01,Sierra Valley,Sierra,720,Observation,Part of a nested/multi-completion well,788361,2002-09-03 00:00:00 - 2020-04-24 12:00:00,72,other,NA,NA,NA,NA,2004,NA,2003-10-01T00:00:00Z,2004-10-01T00:00:00Z,-120.409,39.6722
396722N1204095W003,972681,2004-07-05T00:00:00Z,4919.8,4919.8,0,38.9,4880.9,38.9,38.9,NA,Unknown,Water level accuracy is unknown,1,Department of Water Resources,NA,388,Sierra Valley Groundwater Management District,670,690,25525,21N14E16H003M,DMW 4d,Surveyed to a benchmark,0.1 ft.,5-012.01,Sierra Valley,Sierra,720,Observation,Part of a nested/multi-completion well,788361,2002-09-03 00:00:00 - 2020-04-24 12:00:00,72,other,NA,NA,NA,NA,2004,NA,2003-10-01T00:00:00Z,2004-10-01T00:00:00Z,-120.409,39.6722
396722N1204095W003,972680,2004-05-31T00:00:00Z,4919.8,4919.8,0,38.8,4881,38.8,38.8,NA,Unknown,Water level accuracy is unknown,1,Department of Water Resources,NA,388,Sierra Valley Groundwater Management District,670,690,25525,21N14E16H003M,DMW 4d,Surveyed to a benchmark,0.1 ft.,5-012.01,Sierra Valley,Sierra,720,Observation,Part of a nested/multi-completion well,788361,2002-09-03 00:00:00 - 2020-04-24 12:00:00,72,spring,NA,NA,37.7,48.8,2004,NA,2003-10-01T00:00:00Z,2004-10-01T00:00:00Z,-120.409,39.6722
396722N1204095W003,972679,2004-04-29T00:00:00Z,4919.8,4919.8,0,38.7,4881.1,38.7,38.7,NA,Unknown,Water level accuracy is unknown,1,Department of Water Resources,NA,388,Sierra Valley Groundwater Management District,670,690,25525,21N14E16H003M,DMW 4d,Surveyed to a benchmark,0.1 ft.,5-012.01,Sierra Valley,Sierra,720,Observation,Part of a nested/multi-completion well,788361,2002-09-03 00:00:00 - 2020-04-24 12:00:00,72,spring,NA,NA,37.7,48.8,2004,NA,2003-10-01T00:00:00Z,2004-10-01T00:00:00Z,-120.409,39.6722
396722N1204095W003,972678,2004-04-01T00:00:00Z,4919.8,4919.8,0,38.6,4881.2,38.6,38.6,NA,Unknown,Water level accuracy is unknown,1,Department of Water Resources,NA,388,Sierra Valley Groundwater Management District,670,690,25525,21N14E16H003M,DMW 4d,Surveyed to a benchmark,0.1 ft.,5-012.01,Sierra Valley,Sierra,720,Observation,Part of a nested/multi-completion well,788361,2002-09-03 00:00:00 - 2020-04-24 12:00:00,72,spring,NA,NA,37.7,48.8,2004,NA,2003-10-01T00:00:00Z,2004-10-01T00:00:00Z,-120.409,39.6722
396722N1204095W003,972677,2004-02-29T00:00:00Z,4919.8,4919.8,0,38.6,4881.2,38.6,38.6,NA,Unknown,Water level accuracy is unknown,1,Department of Water Resources,NA,388,Sierra Valley Groundwater Management District,670,690,25525,21N14E16H003M,DMW 4d,Surveyed to a benchmark,0.1 ft.,5-012.01,Sierra Valley,Sierra,720,Observation,Part of a nested/multi-completion well,788361,2002-09-03 00:00:00 - 2020-04-24 12:00:00,72,other,NA,NA,NA,NA,2004,NA,2003-10-01T00:00:00Z,2004-10-01T00:00:00Z,-120.409,39.6722
396722N1204095W003,972676,2004-01-31T00:00:00Z,4919.8,4919.8,0,39,4880.8,39,39,NA,Unknown,Water level accuracy is unknown,1,Department of Water Resources,NA,388,Sierra Valley Groundwater Management District,670,690,25525,21N14E16H003M,DMW 4d,Surveyed to a benchmark,0.1 ft.,5-012.01,Sierra Valley,Sierra,720,Observation,Part of a nested/multi-completion well,788361,2002-09-03 00:00:00 - 2020-04-24 12:00:00,72,other,NA,NA,NA,NA,2004,NA,2003-10-01T00:00:00Z,2004-10-01T00:00:00Z,-120.409,39.6722
396722N1204095W003,972675,2003-12-02T00:00:00Z,4919.8,4919.8,0,39,4880.8,39,39,NA,Unknown,Water level accuracy is unknown,1,Department of Water Resources,NA,388,Sierra Valley Groundwater Management District,670,690,25525,21N14E16H003M,DMW 4d,Surveyed to a benchmark,0.1 ft.,5-012.01,Sierra Valley,Sierra,720,Observation,Part of a nested/multi-completion well,788361,2002-09-03 00:00:00 - 2020-04-24 12:00:00,72,other,NA,NA,NA,NA,2004,NA,2003-10-01T00:00:00Z,2004-10-01T00:00:00Z,-120.409,39.6722
396722N1204095W003,972674,2003-11-02T00:00:00Z,4919.8,4919.8,0,38.6,4881.2,38.6,38.6,NA,Unknown,Water level accuracy is unknown,1,Department of Water Resources,NA,388,Sierra Valley Groundwater Management District,670,690,25525,21N14E16H003M,DMW 4d,Surveyed to a benchmark,0.1 ft.,5-012.01,Sierra Valley,Sierra,720,Observation,Part of a nested/multi-completion well,788361,2002-09-03 00:00:00 - 2020-04-24 12:00:00,72,fall,34.39,48.78,NA,NA,2004,NA,2003-10-01T00:00:00Z,2004-10-01T00:00:00Z,-120.409,39.6722
396722N1204095W003,972697,2003-10-30T00:00:00Z,4919.8,4919.8,0,39.1,4880.7,39.1,39.1,NA,Unknown,Water level accuracy is unknown,1,Department of Water Resources,NA,388,Sierra Valley Groundwater Management District,670,690,25525,21N14E16H003M,DMW 4d,Surveyed to a benchmark,0.1 ft.,5-012.01,Sierra Valley,Sierra,720,Observation,Part of a nested/multi-completion well,788361,2002-09-03 00:00:00 - 2020-04-24 12:00:00,72,fall,34.39,48.78,NA,NA,2004,NA,2003-10-01T00:00:00Z,2004-10-01T00:00:00Z,-120.409,39.6722
396722N1204095W003,972673,2003-10-01T00:00:00Z,4919.8,4919.8,0,38.4,4881.4,38.4,38.4,NA,Unknown,Water level accuracy is unknown,1,Department of Water Resources,NA,388,Sierra Valley Groundwater Management District,670,690,25525,21N14E16H003M,DMW 4d,Surveyed to a benchmark,0.1 ft.,5-012.01,Sierra Valley,Sierra,720,Observation,Part of a nested/multi-completion well,788361,2002-09-03 00:00:00 - 2020-04-24 12:00:00,72,fall,34.39,48.78,NA,NA,2004,NA,2003-10-01T00:00:00Z,2004-10-01T00:00:00Z,-120.409,39.6722
396722N1204095W003,972672,2003-09-02T00:00:00Z,4919.8,4919.8,0,38.1,4881.7,38.1,38.1,NA,Unknown,Water level accuracy is unknown,1,Department of Water Resources,NA,388,Sierra Valley Groundwater Management District,670,690,25525,21N14E16H003M,DMW 4d,Surveyed to a benchmark,0.1 ft.,5-012.01,Sierra Valley,Sierra,720,Observation,Part of a nested/multi-completion well,788361,2002-09-03 00:00:00 - 2020-04-24 12:00:00,72,fall,34.39,48.78,NA,NA,2003,NA,2002-10-01T00:00:00Z,2003-10-01T00:00:00Z,-120.409,39.6722
396722N1204095W003,972671,2003-07-30T00:00:00Z,4919.8,4919.8,0,37.9,4881.9,37.9,37.9,NA,Unknown,Water level accuracy is unknown,1,Department of Water Resources,NA,388,Sierra Valley Groundwater Management District,670,690,25525,21N14E16H003M,DMW 4d,Surveyed to a benchmark,0.1 ft.,5-012.01,Sierra Valley,Sierra,720,Observation,Part of a nested/multi-completion well,788361,2002-09-03 00:00:00 - 2020-04-24 12:00:00,72,other,NA,NA,NA,NA,2003,NA,2002-10-01T00:00:00Z,2003-10-01T00:00:00Z,-120.409,39.6722
396722N1204095W003,972670,2003-06-30T00:00:00Z,4919.8,4919.8,0,37.8,4882,37.8,37.8,NA,Unknown,Water level accuracy is unknown,1,Department of Water Resources,NA,388,Sierra Valley Groundwater Management District,670,690,25525,21N14E16H003M,DMW 4d,Surveyed to a benchmark,0.1 ft.,5-012.01,Sierra Valley,Sierra,720,Observation,Part of a nested/multi-completion well,788361,2002-09-03 00:00:00 - 2020-04-24 12:00:00,72,other,NA,NA,NA,NA,2003,NA,2002-10-01T00:00:00Z,2003-10-01T00:00:00Z,-120.409,39.6722
396722N1204095W003,972669,2003-06-03T00:00:00Z,4919.8,4919.8,0,37.6,4882.2,37.6,37.6,NA,Unknown,Water level accuracy is unknown,1,Department of Water Resources,NA,388,Sierra Valley Groundwater Management District,670,690,25525,21N14E16H003M,DMW 4d,Surveyed to a benchmark,0.1 ft.,5-012.01,Sierra Valley,Sierra,720,Observation,Part of a nested/multi-completion well,788361,2002-09-03 00:00:00 - 2020-04-24 12:00:00,72,other,NA,NA,NA,NA,2003,NA,2002-10-01T00:00:00Z,2003-10-01T00:00:00Z,-120.409,39.6722
396722N1204095W003,972668,2003-04-30T00:00:00Z,4919.8,4919.8,0,37.7,4882.1,37.7,37.7,NA,Unknown,Water level accuracy is unknown,1,Department of Water Resources,NA,388,Sierra Valley Groundwater Management District,670,690,25525,21N14E16H003M,DMW 4d,Surveyed to a benchmark,0.1 ft.,5-012.01,Sierra Valley,Sierra,720,Observation,Part of a nested/multi-completion well,788361,2002-09-03 00:00:00 - 2020-04-24 12:00:00,72,spring,NA,NA,37.7,48.8,2003,NA,2002-10-01T00:00:00Z,2003-10-01T00:00:00Z,-120.409,39.6722
396722N1204095W003,972667,2003-03-31T00:00:00Z,4919.8,4919.8,0,37.87,4881.93,37.87,37.87,NA,Unknown,Water level accuracy is unknown,1,Department of Water Resources,NA,388,Sierra Valley Groundwater Management District,670,690,25525,21N14E16H003M,DMW 4d,Surveyed to a benchmark,0.1 ft.,5-012.01,Sierra Valley,Sierra,720,Observation,Part of a nested/multi-completion well,788361,2002-09-03 00:00:00 - 2020-04-24 12:00:00,72,spring,NA,NA,37.7,48.8,2003,NA,2002-10-01T00:00:00Z,2003-10-01T00:00:00Z,-120.409,39.6722
396722N1204095W003,972698,2003-03-27T00:00:00Z,4919.8,4919.8,0,37.9,4881.9,37.9,37.9,NA,Unknown,Water level accuracy is unknown,1,Department of Water Resources,NA,388,Sierra Valley Groundwater Management District,670,690,25525,21N14E16H003M,DMW 4d,Surveyed to a benchmark,0.1 ft.,5-012.01,Sierra Valley,Sierra,720,Observation,Part of a nested/multi-completion well,788361,2002-09-03 00:00:00 - 2020-04-24 12:00:00,72,spring,NA,NA,37.7,48.8,2003,NA,2002-10-01T00:00:00Z,2003-10-01T00:00:00Z,-120.409,39.6722
396722N1204095W003,972666,2003-03-01T00:00:00Z,4919.8,4919.8,0,37.9,4881.9,37.9,37.9,NA,Unknown,Water level accuracy is unknown,1,Department of Water Resources,NA,388,Sierra Valley Groundwater Management District,670,690,25525,21N14E16H003M,DMW 4d,Surveyed to a benchmark,0.1 ft.,5-012.01,Sierra Valley,Sierra,720,Observation,Part of a nested/multi-completion well,788361,2002-09-03 00:00:00 - 2020-04-24 12:00:00,72,spring,NA,NA,37.7,48.8,2003,NA,2002-10-01T00:00:00Z,2003-10-01T00:00:00Z,-120.409,39.6722
396722N1204095W003,972665,2003-01-30T00:00:00Z,4919.8,4919.8,0,37.9,4881.9,37.9,37.9,NA,Unknown,Water level accuracy is unknown,1,Department of Water Resources,NA,388,Sierra Valley Groundwater Management District,670,690,25525,21N14E16H003M,DMW 4d,Surveyed to a benchmark,0.1 ft.,5-012.01,Sierra Valley,Sierra,720,Observation,Part of a nested/multi-completion well,788361,2002-09-03 00:00:00 - 2020-04-24 12:00:00,72,other,NA,NA,NA,NA,2003,NA,2002-10-01T00:00:00Z,2003-10-01T00:00:00Z,-120.409,39.6722
396722N1204095W003,972664,2002-12-30T00:00:00Z,4919.8,4919.8,0,37.81,4881.99,37.81,37.81,NA,Unknown,Water level accuracy is unknown,1,Department of Water Resources,NA,388,Sierra Valley Groundwater Management District,670,690,25525,21N14E16H003M,DMW 4d,Surveyed to a benchmark,0.1 ft.,5-012.01,Sierra Valley,Sierra,720,Observation,Part of a nested/multi-completion well,788361,2002-09-03 00:00:00 - 2020-04-24 12:00:00,72,other,NA,NA,NA,NA,2003,NA,2002-10-01T00:00:00Z,2003-10-01T00:00:00Z,-120.409,39.6722
396722N1204095W003,972663,2002-12-03T00:00:00Z,4919.8,4919.8,0,38.05,4881.75,38.05,38.05,NA,Unknown,Water level accuracy is unknown,1,Department of Water Resources,NA,388,Sierra Valley Groundwater Management District,670,690,25525,21N14E16H003M,DMW 4d,Surveyed to a benchmark,0.1 ft.,5-012.01,Sierra Valley,Sierra,720,Observation,Part of a nested/multi-completion well,788361,2002-09-03 00:00:00 - 2020-04-24 12:00:00,72,other,NA,NA,NA,NA,2003,NA,2002-10-01T00:00:00Z,2003-10-01T00:00:00Z,-120.409,39.6722
396722N1204095W003,972662,2002-11-01T00:00:00Z,4919.8,4919.8,0,38.02,4881.78,38.02,38.02,NA,Unknown,Water level accuracy is unknown,1,Department of Water Resources,NA,388,Sierra Valley Groundwater Management District,670,690,25525,21N14E16H003M,DMW 4d,Surveyed to a benchmark,0.1 ft.,5-012.01,Sierra Valley,Sierra,720,Observation,Part of a nested/multi-completion well,788361,2002-09-03 00:00:00 - 2020-04-24 12:00:00,72,fall,34.39,48.78,NA,NA,2003,NA,2002-10-01T00:00:00Z,2003-10-01T00:00:00Z,-120.409,39.6722
396722N1204095W003,972661,2002-10-03T00:00:00Z,4919.8,4919.8,0,37.71,4882.09,37.71,37.71,NA,Unknown,Water level accuracy is unknown,1,Department of Water Resources,NA,388,Sierra Valley Groundwater Management District,670,690,25525,21N14E16H003M,DMW 4d,Surveyed to a benchmark,0.1 ft.,5-012.01,Sierra Valley,Sierra,720,Observation,Part of a nested/multi-completion well,788361,2002-09-03 00:00:00 - 2020-04-24 12:00:00,72,fall,34.39,48.78,NA,NA,2003,NA,2002-10-01T00:00:00Z,2003-10-01T00:00:00Z,-120.409,39.6722
396722N1204095W003,972660,2002-09-03T00:00:00Z,4919.8,4919.8,0,37.31,4882.49,37.31,37.31,NA,Unknown,Water level accuracy is unknown,1,Department of Water Resources,NA,388,Sierra Valley Groundwater Management District,670,690,25525,21N14E16H003M,DMW 4d,Surveyed to a benchmark,0.1 ft.,5-012.01,Sierra Valley,Sierra,720,Observation,Part of a nested/multi-completion well,788361,2002-09-03 00:00:00 - 2020-04-24 12:00:00,72,fall,34.39,48.78,NA,NA,2002,NA,2001-10-01T00:00:00Z,2002-10-01T00:00:00Z,-120.409,39.6722
