SITE_CODE,WLM_ID,MSMT_DATE,WLM_RPE,WLM_GSE,RDNG_WS,RDNG_RP,WSE,RPE_WSE,GSE_WSE,WLM_QA_DESC,WLM_DESC,WLM_ACC_DESC,WLM_ORG_ID,WLM_ORG_NAME,MSMT_CMT,COOP_AGENCY_ORG_ID,COOP_ORG_NAME,TOP_PRF,BOT_PRF,STN_ID,SWN,WELL_NAME,WLM_METHOD,WLM_ACC,BASIN_CODE,BASIN_NAME,COUNTY_NAME,WELL_DEPTH,WELL_USE,WELL_TYPE,WCR_NO,t_range,n_samples,season,fall_high,fall_low,spring_high,spring_low,water_year,water_year_type,water_year_start,water_year_end,X,Y
396798N1203121W001,973333,1997-10-18T00:00:00Z,4914.93,4914.63,0,0,4914.93,0,-0.3,NA,Unknown,Water level accuracy is unknown,1,Department of Water Resources,NA,1,Department of Water Resources,NA,NA,20062,21N15E09N006M,NA,Unknown,Unknown,5-012.01,Sierra Valley,Sierra,562,Irrigation,Unknown,123372,1990-10-25 - 2003-03-28,27,fall,-0.3,8.7,NA,NA,1998,NA,1997-10-01T00:00:00Z,1998-10-01T00:00:00Z,-120.312,39.6798
396798N1203121W001,973328,1994-10-29T00:00:00Z,4914.93,4914.63,0,3.5,4911.43,3.5,3.2,NA,Unknown,Water level accuracy is unknown,1,Department of Water Resources,NA,1,Department of Water Resources,NA,NA,20062,21N15E09N006M,NA,Unknown,Unknown,5-012.01,Sierra Valley,Sierra,562,Irrigation,Unknown,123372,1990-10-25 - 2003-03-28,27,fall,-0.3,8.7,NA,NA,1995,Wet,1994-10-01T00:00:00Z,1995-10-01T00:00:00Z,-120.312,39.6798
396798N1203121W001,973327,1994-03-28T00:00:00Z,4914.93,4914.63,0,0.9,4914.03,0.9,0.6,NA,Unknown,Water level accuracy is unknown,1,Department of Water Resources,NA,1,Department of Water Resources,NA,NA,20062,21N15E09N006M,NA,Unknown,Unknown,5-012.01,Sierra Valley,Sierra,562,Irrigation,Unknown,123372,1990-10-25 - 2003-03-28,27,spring,NA,NA,0.6,3.2,1994,Dry,1993-10-01T00:00:00Z,1994-10-01T00:00:00Z,-120.312,39.6798
396798N1203121W001,973326,1993-10-19T00:00:00Z,4914.93,4914.63,0,1.5,4913.43,1.5,1.2,NA,Unknown,Water level accuracy is unknown,1,Department of Water Resources,NA,1,Department of Water Resources,NA,NA,20062,21N15E09N006M,NA,Unknown,Unknown,5-012.01,Sierra Valley,Sierra,562,Irrigation,Unknown,123372,1990-10-25 - 2003-03-28,27,fall,-0.3,8.7,NA,NA,1994,Dry,1993-10-01T00:00:00Z,1994-10-01T00:00:00Z,-120.312,39.6798
396798N1203121W001,973325,1993-04-19T00:00:00Z,4914.93,4914.63,0,1.6,4913.33,1.6,1.3,NA,Unknown,Water level accuracy is unknown,1,Department of Water Resources,NA,1,Department of Water Resources,NA,NA,20062,21N15E09N006M,NA,Unknown,Unknown,5-012.01,Sierra Valley,Sierra,562,Irrigation,Unknown,123372,1990-10-25 - 2003-03-28,27,spring,NA,NA,0.6,3.2,1993,NA,1992-10-01T00:00:00Z,1993-10-01T00:00:00Z,-120.312,39.6798
396798N1203121W001,973324,1992-10-22T00:00:00Z,4914.93,4914.63,0,9,4905.93,9,8.7,NA,Unknown,Water level accuracy is unknown,1,Department of Water Resources,NA,1,Department of Water Resources,NA,NA,20062,21N15E09N006M,NA,Unknown,Unknown,5-012.01,Sierra Valley,Sierra,562,Irrigation,Unknown,123372,1990-10-25 - 2003-03-28,27,fall,-0.3,8.7,NA,NA,1993,NA,1992-10-01T00:00:00Z,1993-10-01T00:00:00Z,-120.312,39.6798
396798N1203121W001,973323,1992-03-23T00:00:00Z,4914.93,4914.63,0,3.5,4911.43,3.5,3.2,NA,Unknown,Water level accuracy is unknown,1,Department of Water Resources,NA,1,Department of Water Resources,NA,NA,20062,21N15E09N006M,NA,Unknown,Unknown,5-012.01,Sierra Valley,Sierra,562,Irrigation,Unknown,123372,1990-10-25 - 2003-03-28,27,spring,NA,NA,0.6,3.2,1992,NA,1991-10-01T00:00:00Z,1992-10-01T00:00:00Z,-120.312,39.6798
396798N1203121W001,973322,1991-10-22T00:00:00Z,4914.93,4914.63,0,6.2,4908.73,6.2,5.9,NA,Unknown,Water level accuracy is unknown,1,Department of Water Resources,NA,1,Department of Water Resources,NA,NA,20062,21N15E09N006M,NA,Unknown,Unknown,5-012.01,Sierra Valley,Sierra,562,Irrigation,Unknown,123372,1990-10-25 - 2003-03-28,27,fall,-0.3,8.7,NA,NA,1992,NA,1991-10-01T00:00:00Z,1992-10-01T00:00:00Z,-120.312,39.6798
396798N1203121W001,973321,1991-02-26T00:00:00Z,4914.93,4914.63,0,2.9,4912.03,2.9,2.6,NA,Unknown,Water level accuracy is unknown,1,Department of Water Resources,NA,1,Department of Water Resources,NA,NA,20062,21N15E09N006M,NA,Unknown,Unknown,5-012.01,Sierra Valley,Sierra,562,Irrigation,Unknown,123372,1990-10-25 - 2003-03-28,27,other,NA,NA,NA,NA,1991,NA,1990-10-01T00:00:00Z,1991-10-01T00:00:00Z,-120.312,39.6798
396798N1203121W001,973320,1990-10-25T00:00:00Z,4914.93,4914.63,0,8.3,4906.63,8.3,8,NA,Unknown,Water level accuracy is unknown,1,Department of Water Resources,NA,1,Department of Water Resources,NA,NA,20062,21N15E09N006M,NA,Unknown,Unknown,5-012.01,Sierra Valley,Sierra,562,Irrigation,Unknown,123372,1990-10-25 - 2003-03-28,27,fall,-0.3,8.7,NA,NA,1991,NA,1990-10-01T00:00:00Z,1991-10-01T00:00:00Z,-120.312,39.6798
