SITE_CODE,WLM_ID,MSMT_DATE,WLM_RPE,WLM_GSE,RDNG_WS,RDNG_RP,WSE,RPE_WSE,GSE_WSE,WLM_QA_DESC,WLM_DESC,WLM_ACC_DESC,WLM_ORG_ID,WLM_ORG_NAME,MSMT_CMT,COOP_AGENCY_ORG_ID,COOP_ORG_NAME,TOP_PRF,BOT_PRF,STN_ID,SWN,WELL_NAME,WLM_METHOD,WLM_ACC,BASIN_CODE,BASIN_NAME,COUNTY_NAME,WELL_DEPTH,WELL_USE,WELL_TYPE,WCR_NO,t_range,n_samples,season,fall_high,fall_low,spring_high,spring_low,water_year,water_year_type,water_year_start,water_year_end,X,Y
396722N1204095W002,2623619,2020-04-03T12:00:00Z,4920.1,4920.1,0,38,4882.1,38,38,NA,Electric sounder measurement,Water level accuracy to nearest tenth of a foot,1,Department of Water Resources,NA,388,Sierra Valley Groundwater Management District,530,550,25448,21N14E16H002M,DMW 4i,Surveyed to a benchmark,0.1 ft.,5-012.01,Sierra Valley,Sierra,560,Observation,Part of a nested/multi-completion well,788361,2002-09-03 00:00:00 - 2020-04-24 12:00:00,72,spring,NA,NA,31.3,40.75,2020,Dry,2019-10-01T00:00:00Z,2020-10-01T00:00:00Z,-120.409,39.6722
396722N1204095W002,2493690,2019-10-23T12:00:00Z,4920.1,4920.1,0,38.45,4881.65,38.45,38.45,NA,Electric sounder measurement,Water level accuracy to nearest hundredth of a foot,1,Department of Water Resources,NA,1,Department of Water Resources,530,550,25448,21N14E16H002M,DMW 4i,Surveyed to a benchmark,0.1 ft.,5-012.01,Sierra Valley,Sierra,560,Observation,Part of a nested/multi-completion well,788361,2002-09-03 00:00:00 - 2020-04-24 12:00:00,72,fall,31.22,41.11,NA,NA,2020,Dry,2019-10-01T00:00:00Z,2020-10-01T00:00:00Z,-120.409,39.6722
396722N1204095W002,2454927,2019-04-09T12:00:00Z,4920.1,4920.1,0,38.5,4881.6,38.5,38.5,NA,Electric sounder measurement,Water level accuracy to nearest hundredth of a foot,1,Department of Water Resources,NA,1,Department of Water Resources,530,550,25448,21N14E16H002M,DMW 4i,Surveyed to a benchmark,0.1 ft.,5-012.01,Sierra Valley,Sierra,560,Observation,Part of a nested/multi-completion well,788361,2002-09-03 00:00:00 - 2020-04-24 12:00:00,72,spring,NA,NA,31.3,40.75,2019,Wet,2018-10-01T00:00:00Z,2019-10-01T00:00:00Z,-120.409,39.6722
396722N1204095W002,2414995,2018-10-25T12:00:00Z,4920.1,4920.1,0,39.3,4880.8,39.3,39.3,NA,Electric sounder measurement,Water level accuracy to nearest hundredth of a foot,1,Department of Water Resources,NA,1,Department of Water Resources,530,550,25448,21N14E16H002M,DMW 4i,Surveyed to a benchmark,0.1 ft.,5-012.01,Sierra Valley,Sierra,560,Observation,Part of a nested/multi-completion well,788361,2002-09-03 00:00:00 - 2020-04-24 12:00:00,72,fall,31.22,41.11,NA,NA,2019,Wet,2018-10-01T00:00:00Z,2019-10-01T00:00:00Z,-120.409,39.6722
396722N1204095W002,2285934,2018-04-02T12:00:00Z,4920.1,4920.1,0,39.55,4880.55,39.55,39.55,NA,Electric sounder measurement,Water level accuracy to nearest hundredth of a foot,1,Department of Water Resources,NA,1,Department of Water Resources,530,550,25448,21N14E16H002M,DMW 4i,Surveyed to a benchmark,0.1 ft.,5-012.01,Sierra Valley,Sierra,560,Observation,Part of a nested/multi-completion well,788361,2002-09-03 00:00:00 - 2020-04-24 12:00:00,72,spring,NA,NA,31.3,40.75,2018,NA,2017-10-01T00:00:00Z,2018-10-01T00:00:00Z,-120.409,39.6722
396722N1204095W002,2267974,2017-10-16T00:00:00Z,4920.1,4920.1,0,40.65,4879.45,40.65,40.65,NA,Electric sounder measurement,Water level accuracy to nearest hundredth of a foot,1,Department of Water Resources,NA,1,Department of Water Resources,530,550,25448,21N14E16H002M,DMW 4i,Surveyed to a benchmark,0.1 ft.,5-012.01,Sierra Valley,Sierra,560,Observation,Part of a nested/multi-completion well,788361,2002-09-03 00:00:00 - 2020-04-24 12:00:00,72,fall,31.22,41.11,NA,NA,2018,NA,2017-10-01T00:00:00Z,2018-10-01T00:00:00Z,-120.409,39.6722
396722N1204095W002,2244262,2017-04-03T00:00:00Z,4920.1,4920.1,0,40.75,4879.35,40.75,40.75,NA,Electric sounder measurement,Water level accuracy to nearest hundredth of a foot,1,Department of Water Resources,NA,1,Department of Water Resources,530,550,25448,21N14E16H002M,DMW 4i,Surveyed to a benchmark,0.1 ft.,5-012.01,Sierra Valley,Sierra,560,Observation,Part of a nested/multi-completion well,788361,2002-09-03 00:00:00 - 2020-04-24 12:00:00,72,spring,NA,NA,31.3,40.75,2017,Wet,2016-10-01T00:00:00Z,2017-10-01T00:00:00Z,-120.409,39.6722
396722N1204095W002,2214092,2016-10-24T00:00:00Z,4920.1,4920.1,0,40.77,4879.33,40.77,40.77,NA,Electric sounder measurement,Water level accuracy to nearest hundredth of a foot,1,Department of Water Resources,NA,1,Department of Water Resources,530,550,25448,21N14E16H002M,DMW 4i,Surveyed to a benchmark,0.1 ft.,5-012.01,Sierra Valley,Sierra,560,Observation,Part of a nested/multi-completion well,788361,2002-09-03 00:00:00 - 2020-04-24 12:00:00,72,fall,31.22,41.11,NA,NA,2017,Wet,2016-10-01T00:00:00Z,2017-10-01T00:00:00Z,-120.409,39.6722
396722N1204095W002,2184558,2016-03-21T00:00:00Z,4920.1,4920.1,0,40.34,4879.76,40.34,40.34,NA,Electric sounder measurement,Water level accuracy to nearest hundredth of a foot,1,Department of Water Resources,NA,1,Department of Water Resources,530,550,25448,21N14E16H002M,DMW 4i,Surveyed to a benchmark,0.1 ft.,5-012.01,Sierra Valley,Sierra,560,Observation,Part of a nested/multi-completion well,788361,2002-09-03 00:00:00 - 2020-04-24 12:00:00,72,spring,NA,NA,31.3,40.75,2016,NA,2015-10-01T00:00:00Z,2016-10-01T00:00:00Z,-120.409,39.6722
396722N1204095W002,2157032,2015-10-19T00:00:00Z,4920.1,4920.1,0,40.11,4879.99,40.11,40.11,NA,Electric sounder measurement,Water level accuracy to nearest hundredth of a foot,1,Department of Water Resources,NA,1,Department of Water Resources,530,550,25448,21N14E16H002M,DMW 4i,Surveyed to a benchmark,0.1 ft.,5-012.01,Sierra Valley,Sierra,560,Observation,Part of a nested/multi-completion well,788361,2002-09-03 00:00:00 - 2020-04-24 12:00:00,72,fall,31.22,41.11,NA,NA,2016,NA,2015-10-01T00:00:00Z,2016-10-01T00:00:00Z,-120.409,39.6722
396722N1204095W002,2119744,2015-03-23T00:00:00Z,4920.1,4920.1,0,38.87,4881.23,38.87,38.87,NA,Electric sounder measurement,Water level accuracy to nearest hundredth of a foot,1,Department of Water Resources,NA,1,Department of Water Resources,530,550,25448,21N14E16H002M,DMW 4i,Surveyed to a benchmark,0.1 ft.,5-012.01,Sierra Valley,Sierra,560,Observation,Part of a nested/multi-completion well,788361,2002-09-03 00:00:00 - 2020-04-24 12:00:00,72,spring,NA,NA,31.3,40.75,2015,NA,2014-10-01T00:00:00Z,2015-10-01T00:00:00Z,-120.409,39.6722
396722N1204095W002,2020259,2014-10-20T06:00:00Z,4920.1,4920.1,0,38.05,4882.05,38.05,38.05,NA,Electric sounder measurement,Water level accuracy to nearest hundredth of a foot,1,Department of Water Resources,NA,1,Department of Water Resources,530,550,25448,21N14E16H002M,DMW 4i,Surveyed to a benchmark,0.1 ft.,5-012.01,Sierra Valley,Sierra,560,Observation,Part of a nested/multi-completion well,788361,2002-09-03 00:00:00 - 2020-04-24 12:00:00,72,fall,31.22,41.11,NA,NA,2015,NA,2014-10-01T00:00:00Z,2015-10-01T00:00:00Z,-120.409,39.6722
396722N1204095W002,1880742,2014-03-14T00:00:00Z,4920.1,4920.1,0,36.81,4883.29,36.81,36.81,NA,Electric sounder measurement,Water level accuracy to nearest hundredth of a foot,1,Department of Water Resources,NA,1,Department of Water Resources,530,550,25448,21N14E16H002M,DMW 4i,Surveyed to a benchmark,0.1 ft.,5-012.01,Sierra Valley,Sierra,560,Observation,Part of a nested/multi-completion well,788361,2002-09-03 00:00:00 - 2020-04-24 12:00:00,72,spring,NA,NA,31.3,40.75,2014,NA,2013-10-01T00:00:00Z,2014-10-01T00:00:00Z,-120.409,39.6722
396722N1204095W002,1797084,2013-10-21T00:00:00Z,4920.1,4920.1,0,36.02,4884.08,36.02,36.02,NA,Electric sounder measurement,Water level accuracy to nearest hundredth of a foot,1,Department of Water Resources,NA,1,Department of Water Resources,530,550,25448,21N14E16H002M,DMW 4i,Surveyed to a benchmark,0.1 ft.,5-012.01,Sierra Valley,Sierra,560,Observation,Part of a nested/multi-completion well,788361,2002-09-03 00:00:00 - 2020-04-24 12:00:00,72,fall,31.22,41.11,NA,NA,2014,NA,2013-10-01T00:00:00Z,2014-10-01T00:00:00Z,-120.409,39.6722
396722N1204095W002,1684403,2013-03-25T00:00:00Z,4920.12,4920.12,0,34.57,4885.55,34.57,34.57,NA,Electric sounder measurement,Water level accuracy to nearest hundredth of a foot,1,Department of Water Resources,NA,1,Department of Water Resources,530,550,25448,21N14E16H002M,DMW 4i,Surveyed to a benchmark,0.1 ft.,5-012.01,Sierra Valley,Sierra,560,Observation,Part of a nested/multi-completion well,788361,2002-09-03 00:00:00 - 2020-04-24 12:00:00,72,spring,NA,NA,31.3,40.75,2013,Dry,2012-10-01T00:00:00Z,2013-10-01T00:00:00Z,-120.409,39.6722
396722N1204095W002,69344,2012-10-30T00:00:00Z,4920.12,4920.12,0,41.11,4879.01,41.11,41.11,NA,Electric sounder measurement,Water level accuracy to nearest hundredth of a foot,1,Department of Water Resources,NA,1,Department of Water Resources,530,550,25448,21N14E16H002M,DMW 4i,Surveyed to a benchmark,0.1 ft.,5-012.01,Sierra Valley,Sierra,560,Observation,Part of a nested/multi-completion well,788361,2002-09-03 00:00:00 - 2020-04-24 12:00:00,72,fall,31.22,41.11,NA,NA,2013,Dry,2012-10-01T00:00:00Z,2013-10-01T00:00:00Z,-120.409,39.6722
396722N1204095W002,59926,2012-04-17T00:00:00Z,4920.12,4920.12,0,34.23,4885.89,34.23,34.23,NA,Electric sounder measurement,Water level accuracy to nearest hundredth of a foot,1,Department of Water Resources,NA,1,Department of Water Resources,530,550,25448,21N14E16H002M,DMW 4i,Surveyed to a benchmark,0.1 ft.,5-012.01,Sierra Valley,Sierra,560,Observation,Part of a nested/multi-completion well,788361,2002-09-03 00:00:00 - 2020-04-24 12:00:00,72,spring,NA,NA,31.3,40.75,2012,NA,2011-10-01T00:00:00Z,2012-10-01T00:00:00Z,-120.409,39.6722
396722N1204095W002,39774,2011-10-18T00:00:00Z,4920.12,4920.12,0,35.3,4884.82,35.3,35.3,NA,Electric sounder measurement,Water level accuracy to nearest hundredth of a foot,1,Department of Water Resources,NA,1,Department of Water Resources,530,550,25448,21N14E16H002M,DMW 4i,Surveyed to a benchmark,0.1 ft.,5-012.01,Sierra Valley,Sierra,560,Observation,Part of a nested/multi-completion well,788361,2002-09-03 00:00:00 - 2020-04-24 12:00:00,72,fall,31.22,41.11,NA,NA,2012,NA,2011-10-01T00:00:00Z,2012-10-01T00:00:00Z,-120.409,39.6722
396722N1204095W002,972655,2011-10-18T00:00:00Z,4920.1,4920.1,0,35.3,4884.8,35.3,35.3,NA,Unknown,Water level accuracy is unknown,1,Department of Water Resources,NA,1,Department of Water Resources,530,550,25448,21N14E16H002M,DMW 4i,Surveyed to a benchmark,0.1 ft.,5-012.01,Sierra Valley,Sierra,560,Observation,Part of a nested/multi-completion well,788361,2002-09-03 00:00:00 - 2020-04-24 12:00:00,72,fall,31.22,41.11,NA,NA,2012,NA,2011-10-01T00:00:00Z,2012-10-01T00:00:00Z,-120.409,39.6722
396722N1204095W002,972654,2011-04-25T00:00:00Z,4920.1,4920.1,0,35.54,4884.56,35.54,35.54,NA,Unknown,Water level accuracy is unknown,1,Department of Water Resources,NA,1,Department of Water Resources,530,550,25448,21N14E16H002M,DMW 4i,Surveyed to a benchmark,0.1 ft.,5-012.01,Sierra Valley,Sierra,560,Observation,Part of a nested/multi-completion well,788361,2002-09-03 00:00:00 - 2020-04-24 12:00:00,72,spring,NA,NA,31.3,40.75,2011,Wet,2010-10-01T00:00:00Z,2011-10-01T00:00:00Z,-120.409,39.6722
396722N1204095W002,972653,2010-10-25T00:00:00Z,4920.1,4920.1,0,35.87,4884.23,35.87,35.87,NA,Unknown,Water level accuracy is unknown,1,Department of Water Resources,NA,1,Department of Water Resources,530,550,25448,21N14E16H002M,DMW 4i,Surveyed to a benchmark,0.1 ft.,5-012.01,Sierra Valley,Sierra,560,Observation,Part of a nested/multi-completion well,788361,2002-09-03 00:00:00 - 2020-04-24 12:00:00,72,fall,31.22,41.11,NA,NA,2011,Wet,2010-10-01T00:00:00Z,2011-10-01T00:00:00Z,-120.409,39.6722
396722N1204095W002,972652,2010-04-07T00:00:00Z,4920.1,4920.1,0,36.09,4884.01,36.09,36.09,NA,Unknown,Water level accuracy is unknown,1,Department of Water Resources,NA,1,Department of Water Resources,530,550,25448,21N14E16H002M,DMW 4i,Surveyed to a benchmark,0.1 ft.,5-012.01,Sierra Valley,Sierra,560,Observation,Part of a nested/multi-completion well,788361,2002-09-03 00:00:00 - 2020-04-24 12:00:00,72,spring,NA,NA,31.3,40.75,2010,NA,2009-10-01T00:00:00Z,2010-10-01T00:00:00Z,-120.409,39.6722
396722N1204095W002,972651,2009-10-28T00:00:00Z,4920.1,4920.1,0,36.05,4884.05,36.05,36.05,NA,Unknown,Water level accuracy is unknown,1,Department of Water Resources,NA,1,Department of Water Resources,530,550,25448,21N14E16H002M,DMW 4i,Surveyed to a benchmark,0.1 ft.,5-012.01,Sierra Valley,Sierra,560,Observation,Part of a nested/multi-completion well,788361,2002-09-03 00:00:00 - 2020-04-24 12:00:00,72,fall,31.22,41.11,NA,NA,2010,NA,2009-10-01T00:00:00Z,2010-10-01T00:00:00Z,-120.409,39.6722
396722N1204095W002,972650,2009-04-13T00:00:00Z,4920.1,4920.1,0,35.53,4884.57,35.53,35.53,NA,Unknown,Water level accuracy is unknown,1,Department of Water Resources,NA,1,Department of Water Resources,530,550,25448,21N14E16H002M,DMW 4i,Surveyed to a benchmark,0.1 ft.,5-012.01,Sierra Valley,Sierra,560,Observation,Part of a nested/multi-completion well,788361,2002-09-03 00:00:00 - 2020-04-24 12:00:00,72,spring,NA,NA,31.3,40.75,2009,NA,2008-10-01T00:00:00Z,2009-10-01T00:00:00Z,-120.409,39.6722
396722N1204095W002,972649,2008-10-27T00:00:00Z,4920.1,4920.1,0,35.2,4884.9,35.2,35.2,NA,Unknown,Water level accuracy is unknown,1,Department of Water Resources,NA,388,Sierra Valley Groundwater Management District,530,550,25448,21N14E16H002M,DMW 4i,Surveyed to a benchmark,0.1 ft.,5-012.01,Sierra Valley,Sierra,560,Observation,Part of a nested/multi-completion well,788361,2002-09-03 00:00:00 - 2020-04-24 12:00:00,72,fall,31.22,41.11,NA,NA,2009,NA,2008-10-01T00:00:00Z,2009-10-01T00:00:00Z,-120.409,39.6722
396722N1204095W002,972648,2008-04-09T00:00:00Z,4920.1,4920.1,0,34,4886.1,34,34,NA,Unknown,Water level accuracy is unknown,1,Department of Water Resources,NA,388,Sierra Valley Groundwater Management District,530,550,25448,21N14E16H002M,DMW 4i,Surveyed to a benchmark,0.1 ft.,5-012.01,Sierra Valley,Sierra,560,Observation,Part of a nested/multi-completion well,788361,2002-09-03 00:00:00 - 2020-04-24 12:00:00,72,spring,NA,NA,31.3,40.75,2008,NA,2007-10-01T00:00:00Z,2008-10-01T00:00:00Z,-120.409,39.6722
396722N1204095W002,972647,2007-10-25T00:00:00Z,4920.1,4920.1,0,33.8,4886.3,33.8,33.8,NA,Unknown,Water level accuracy is unknown,1,Department of Water Resources,NA,388,Sierra Valley Groundwater Management District,530,550,25448,21N14E16H002M,DMW 4i,Surveyed to a benchmark,0.1 ft.,5-012.01,Sierra Valley,Sierra,560,Observation,Part of a nested/multi-completion well,788361,2002-09-03 00:00:00 - 2020-04-24 12:00:00,72,fall,31.22,41.11,NA,NA,2008,NA,2007-10-01T00:00:00Z,2008-10-01T00:00:00Z,-120.409,39.6722
396722N1204095W002,972607,2006-04-06T00:00:00Z,4920.1,4920.1,0,33.3,4886.8,33.3,33.3,NA,Unknown,Water level accuracy is unknown,1,Department of Water Resources,NA,388,Sierra Valley Groundwater Management District,530,550,25448,21N14E16H002M,DMW 4i,Surveyed to a benchmark,0.1 ft.,5-012.01,Sierra Valley,Sierra,560,Observation,Part of a nested/multi-completion well,788361,2002-09-03 00:00:00 - 2020-04-24 12:00:00,72,spring,NA,NA,31.3,40.75,2006,Wet,2005-10-01T00:00:00Z,2006-10-01T00:00:00Z,-120.409,39.6722
396722N1204095W002,972606,2006-02-03T00:00:00Z,4920.1,4920.1,0,33.4,4886.7,33.4,33.4,NA,Unknown,Water level accuracy is unknown,1,Department of Water Resources,NA,388,Sierra Valley Groundwater Management District,530,550,25448,21N14E16H002M,DMW 4i,Surveyed to a benchmark,0.1 ft.,5-012.01,Sierra Valley,Sierra,560,Observation,Part of a nested/multi-completion well,788361,2002-09-03 00:00:00 - 2020-04-24 12:00:00,72,other,NA,NA,NA,NA,2006,Wet,2005-10-01T00:00:00Z,2006-10-01T00:00:00Z,-120.409,39.6722
396722N1204095W002,972605,2006-01-04T00:00:00Z,4920.1,4920.1,0,33.4,4886.7,33.4,33.4,NA,Unknown,Water level accuracy is unknown,1,Department of Water Resources,NA,388,Sierra Valley Groundwater Management District,530,550,25448,21N14E16H002M,DMW 4i,Surveyed to a benchmark,0.1 ft.,5-012.01,Sierra Valley,Sierra,560,Observation,Part of a nested/multi-completion well,788361,2002-09-03 00:00:00 - 2020-04-24 12:00:00,72,other,NA,NA,NA,NA,2006,Wet,2005-10-01T00:00:00Z,2006-10-01T00:00:00Z,-120.409,39.6722
396722N1204095W002,972604,2005-11-30T00:00:00Z,4920.1,4920.1,0,33.8,4886.3,33.8,33.8,NA,Unknown,Water level accuracy is unknown,1,Department of Water Resources,NA,388,Sierra Valley Groundwater Management District,530,550,25448,21N14E16H002M,DMW 4i,Surveyed to a benchmark,0.1 ft.,5-012.01,Sierra Valley,Sierra,560,Observation,Part of a nested/multi-completion well,788361,2002-09-03 00:00:00 - 2020-04-24 12:00:00,72,fall,31.22,41.11,NA,NA,2006,Wet,2005-10-01T00:00:00Z,2006-10-01T00:00:00Z,-120.409,39.6722
396722N1204095W002,972644,2005-11-02T00:00:00Z,4920.1,4920.1,0,33.7,4886.4,33.7,33.7,NA,Unknown,Water level accuracy is unknown,1,Department of Water Resources,NA,388,Sierra Valley Groundwater Management District,530,550,25448,21N14E16H002M,DMW 4i,Surveyed to a benchmark,0.1 ft.,5-012.01,Sierra Valley,Sierra,560,Observation,Part of a nested/multi-completion well,788361,2002-09-03 00:00:00 - 2020-04-24 12:00:00,72,fall,31.22,41.11,NA,NA,2006,Wet,2005-10-01T00:00:00Z,2006-10-01T00:00:00Z,-120.409,39.6722
396722N1204095W002,972643,2005-09-29T00:00:00Z,4920.1,4920.1,0,33.7,4886.4,33.7,33.7,NA,Unknown,Water level accuracy is unknown,1,Department of Water Resources,NA,388,Sierra Valley Groundwater Management District,530,550,25448,21N14E16H002M,DMW 4i,Surveyed to a benchmark,0.1 ft.,5-012.01,Sierra Valley,Sierra,560,Observation,Part of a nested/multi-completion well,788361,2002-09-03 00:00:00 - 2020-04-24 12:00:00,72,fall,31.22,41.11,NA,NA,2005,NA,2004-10-01T00:00:00Z,2005-10-01T00:00:00Z,-120.409,39.6722
396722N1204095W002,972642,2005-09-02T00:00:00Z,4920.1,4920.1,0,33.6,4886.5,33.6,33.6,NA,Unknown,Water level accuracy is unknown,1,Department of Water Resources,NA,388,Sierra Valley Groundwater Management District,530,550,25448,21N14E16H002M,DMW 4i,Surveyed to a benchmark,0.1 ft.,5-012.01,Sierra Valley,Sierra,560,Observation,Part of a nested/multi-completion well,788361,2002-09-03 00:00:00 - 2020-04-24 12:00:00,72,fall,31.22,41.11,NA,NA,2005,NA,2004-10-01T00:00:00Z,2005-10-01T00:00:00Z,-120.409,39.6722
396722N1204095W002,972641,2005-07-29T00:00:00Z,4920.1,4920.1,0,33.6,4886.5,33.6,33.6,NA,Unknown,Water level accuracy is unknown,1,Department of Water Resources,NA,388,Sierra Valley Groundwater Management District,530,550,25448,21N14E16H002M,DMW 4i,Surveyed to a benchmark,0.1 ft.,5-012.01,Sierra Valley,Sierra,560,Observation,Part of a nested/multi-completion well,788361,2002-09-03 00:00:00 - 2020-04-24 12:00:00,72,other,NA,NA,NA,NA,2005,NA,2004-10-01T00:00:00Z,2005-10-01T00:00:00Z,-120.409,39.6722
396722N1204095W002,972640,2005-06-29T00:00:00Z,4920.1,4920.1,0,33.4,4886.7,33.4,33.4,NA,Unknown,Water level accuracy is unknown,1,Department of Water Resources,NA,388,Sierra Valley Groundwater Management District,530,550,25448,21N14E16H002M,DMW 4i,Surveyed to a benchmark,0.1 ft.,5-012.01,Sierra Valley,Sierra,560,Observation,Part of a nested/multi-completion well,788361,2002-09-03 00:00:00 - 2020-04-24 12:00:00,72,other,NA,NA,NA,NA,2005,NA,2004-10-01T00:00:00Z,2005-10-01T00:00:00Z,-120.409,39.6722
396722N1204095W002,972639,2005-05-31T00:00:00Z,4920.1,4920.1,0,33.2,4886.9,33.2,33.2,NA,Unknown,Water level accuracy is unknown,1,Department of Water Resources,NA,388,Sierra Valley Groundwater Management District,530,550,25448,21N14E16H002M,DMW 4i,Surveyed to a benchmark,0.1 ft.,5-012.01,Sierra Valley,Sierra,560,Observation,Part of a nested/multi-completion well,788361,2002-09-03 00:00:00 - 2020-04-24 12:00:00,72,spring,NA,NA,31.3,40.75,2005,NA,2004-10-01T00:00:00Z,2005-10-01T00:00:00Z,-120.409,39.6722
396722N1204095W002,972638,2005-04-28T00:00:00Z,4920.1,4920.1,0,33.2,4886.9,33.2,33.2,NA,Unknown,Water level accuracy is unknown,1,Department of Water Resources,NA,388,Sierra Valley Groundwater Management District,530,550,25448,21N14E16H002M,DMW 4i,Surveyed to a benchmark,0.1 ft.,5-012.01,Sierra Valley,Sierra,560,Observation,Part of a nested/multi-completion well,788361,2002-09-03 00:00:00 - 2020-04-24 12:00:00,72,spring,NA,NA,31.3,40.75,2005,NA,2004-10-01T00:00:00Z,2005-10-01T00:00:00Z,-120.409,39.6722
396722N1204095W002,972637,2005-04-02T00:00:00Z,4920.1,4920.1,0,33.2,4886.9,33.2,33.2,NA,Unknown,Water level accuracy is unknown,1,Department of Water Resources,NA,388,Sierra Valley Groundwater Management District,530,550,25448,21N14E16H002M,DMW 4i,Surveyed to a benchmark,0.1 ft.,5-012.01,Sierra Valley,Sierra,560,Observation,Part of a nested/multi-completion well,788361,2002-09-03 00:00:00 - 2020-04-24 12:00:00,72,spring,NA,NA,31.3,40.75,2005,NA,2004-10-01T00:00:00Z,2005-10-01T00:00:00Z,-120.409,39.6722
396722N1204095W002,972636,2005-03-03T00:00:00Z,4920.1,4920.1,0,33,4887.1,33,33,NA,Unknown,Water level accuracy is unknown,1,Department of Water Resources,NA,388,Sierra Valley Groundwater Management District,530,550,25448,21N14E16H002M,DMW 4i,Surveyed to a benchmark,0.1 ft.,5-012.01,Sierra Valley,Sierra,560,Observation,Part of a nested/multi-completion well,788361,2002-09-03 00:00:00 - 2020-04-24 12:00:00,72,spring,NA,NA,31.3,40.75,2005,NA,2004-10-01T00:00:00Z,2005-10-01T00:00:00Z,-120.409,39.6722
396722N1204095W002,972635,2005-01-31T00:00:00Z,4920.1,4920.1,0,33,4887.1,33,33,NA,Unknown,Water level accuracy is unknown,1,Department of Water Resources,NA,388,Sierra Valley Groundwater Management District,530,550,25448,21N14E16H002M,DMW 4i,Surveyed to a benchmark,0.1 ft.,5-012.01,Sierra Valley,Sierra,560,Observation,Part of a nested/multi-completion well,788361,2002-09-03 00:00:00 - 2020-04-24 12:00:00,72,other,NA,NA,NA,NA,2005,NA,2004-10-01T00:00:00Z,2005-10-01T00:00:00Z,-120.409,39.6722
396722N1204095W002,972634,2004-12-03T00:00:00Z,4920.1,4920.1,0,33.3,4886.8,33.3,33.3,NA,Unknown,Water level accuracy is unknown,1,Department of Water Resources,NA,388,Sierra Valley Groundwater Management District,530,550,25448,21N14E16H002M,DMW 4i,Surveyed to a benchmark,0.1 ft.,5-012.01,Sierra Valley,Sierra,560,Observation,Part of a nested/multi-completion well,788361,2002-09-03 00:00:00 - 2020-04-24 12:00:00,72,other,NA,NA,NA,NA,2005,NA,2004-10-01T00:00:00Z,2005-10-01T00:00:00Z,-120.409,39.6722
396722N1204095W002,972633,2004-11-02T00:00:00Z,4920.1,4920.1,0,33.1,4887,33.1,33.1,NA,Unknown,Water level accuracy is unknown,1,Department of Water Resources,NA,388,Sierra Valley Groundwater Management District,530,550,25448,21N14E16H002M,DMW 4i,Surveyed to a benchmark,0.1 ft.,5-012.01,Sierra Valley,Sierra,560,Observation,Part of a nested/multi-completion well,788361,2002-09-03 00:00:00 - 2020-04-24 12:00:00,72,fall,31.22,41.11,NA,NA,2005,NA,2004-10-01T00:00:00Z,2005-10-01T00:00:00Z,-120.409,39.6722
396722N1204095W002,972632,2004-09-30T00:00:00Z,4920.1,4920.1,0,33,4887.1,33,33,NA,Unknown,Water level accuracy is unknown,1,Department of Water Resources,NA,388,Sierra Valley Groundwater Management District,530,550,25448,21N14E16H002M,DMW 4i,Surveyed to a benchmark,0.1 ft.,5-012.01,Sierra Valley,Sierra,560,Observation,Part of a nested/multi-completion well,788361,2002-09-03 00:00:00 - 2020-04-24 12:00:00,72,fall,31.22,41.11,NA,NA,2004,NA,2003-10-01T00:00:00Z,2004-10-01T00:00:00Z,-120.409,39.6722
396722N1204095W002,972631,2004-08-31T00:00:00Z,4920.1,4920.1,0,32.9,4887.2,32.9,32.9,NA,Unknown,Water level accuracy is unknown,1,Department of Water Resources,NA,388,Sierra Valley Groundwater Management District,530,550,25448,21N14E16H002M,DMW 4i,Surveyed to a benchmark,0.1 ft.,5-012.01,Sierra Valley,Sierra,560,Observation,Part of a nested/multi-completion well,788361,2002-09-03 00:00:00 - 2020-04-24 12:00:00,72,fall,31.22,41.11,NA,NA,2004,NA,2003-10-01T00:00:00Z,2004-10-01T00:00:00Z,-120.409,39.6722
396722N1204095W002,972630,2004-07-30T00:00:00Z,4920.1,4920.1,0,32.6,4887.5,32.6,32.6,NA,Unknown,Water level accuracy is unknown,1,Department of Water Resources,NA,388,Sierra Valley Groundwater Management District,530,550,25448,21N14E16H002M,DMW 4i,Surveyed to a benchmark,0.1 ft.,5-012.01,Sierra Valley,Sierra,560,Observation,Part of a nested/multi-completion well,788361,2002-09-03 00:00:00 - 2020-04-24 12:00:00,72,other,NA,NA,NA,NA,2004,NA,2003-10-01T00:00:00Z,2004-10-01T00:00:00Z,-120.409,39.6722
396722N1204095W002,972629,2004-07-05T00:00:00Z,4920.1,4920.1,0,32.6,4887.5,32.6,32.6,NA,Unknown,Water level accuracy is unknown,1,Department of Water Resources,NA,388,Sierra Valley Groundwater Management District,530,550,25448,21N14E16H002M,DMW 4i,Surveyed to a benchmark,0.1 ft.,5-012.01,Sierra Valley,Sierra,560,Observation,Part of a nested/multi-completion well,788361,2002-09-03 00:00:00 - 2020-04-24 12:00:00,72,other,NA,NA,NA,NA,2004,NA,2003-10-01T00:00:00Z,2004-10-01T00:00:00Z,-120.409,39.6722
396722N1204095W002,972628,2004-05-31T00:00:00Z,4920.1,4920.1,0,32.4,4887.7,32.4,32.4,NA,Unknown,Water level accuracy is unknown,1,Department of Water Resources,NA,388,Sierra Valley Groundwater Management District,530,550,25448,21N14E16H002M,DMW 4i,Surveyed to a benchmark,0.1 ft.,5-012.01,Sierra Valley,Sierra,560,Observation,Part of a nested/multi-completion well,788361,2002-09-03 00:00:00 - 2020-04-24 12:00:00,72,spring,NA,NA,31.3,40.75,2004,NA,2003-10-01T00:00:00Z,2004-10-01T00:00:00Z,-120.409,39.6722
396722N1204095W002,972627,2004-04-29T00:00:00Z,4920.1,4920.1,0,32.3,4887.8,32.3,32.3,NA,Unknown,Water level accuracy is unknown,1,Department of Water Resources,NA,388,Sierra Valley Groundwater Management District,530,550,25448,21N14E16H002M,DMW 4i,Surveyed to a benchmark,0.1 ft.,5-012.01,Sierra Valley,Sierra,560,Observation,Part of a nested/multi-completion well,788361,2002-09-03 00:00:00 - 2020-04-24 12:00:00,72,spring,NA,NA,31.3,40.75,2004,NA,2003-10-01T00:00:00Z,2004-10-01T00:00:00Z,-120.409,39.6722
396722N1204095W002,972626,2004-04-01T00:00:00Z,4920.1,4920.1,0,32.1,4888,32.1,32.1,NA,Unknown,Water level accuracy is unknown,1,Department of Water Resources,NA,388,Sierra Valley Groundwater Management District,530,550,25448,21N14E16H002M,DMW 4i,Surveyed to a benchmark,0.1 ft.,5-012.01,Sierra Valley,Sierra,560,Observation,Part of a nested/multi-completion well,788361,2002-09-03 00:00:00 - 2020-04-24 12:00:00,72,spring,NA,NA,31.3,40.75,2004,NA,2003-10-01T00:00:00Z,2004-10-01T00:00:00Z,-120.409,39.6722
396722N1204095W002,972625,2004-02-29T00:00:00Z,4920.1,4920.1,0,32,4888.1,32,32,NA,Unknown,Water level accuracy is unknown,1,Department of Water Resources,NA,388,Sierra Valley Groundwater Management District,530,550,25448,21N14E16H002M,DMW 4i,Surveyed to a benchmark,0.1 ft.,5-012.01,Sierra Valley,Sierra,560,Observation,Part of a nested/multi-completion well,788361,2002-09-03 00:00:00 - 2020-04-24 12:00:00,72,other,NA,NA,NA,NA,2004,NA,2003-10-01T00:00:00Z,2004-10-01T00:00:00Z,-120.409,39.6722
396722N1204095W002,972624,2004-01-31T00:00:00Z,4920.1,4920.1,0,32.1,4888,32.1,32.1,NA,Unknown,Water level accuracy is unknown,1,Department of Water Resources,NA,388,Sierra Valley Groundwater Management District,530,550,25448,21N14E16H002M,DMW 4i,Surveyed to a benchmark,0.1 ft.,5-012.01,Sierra Valley,Sierra,560,Observation,Part of a nested/multi-completion well,788361,2002-09-03 00:00:00 - 2020-04-24 12:00:00,72,other,NA,NA,NA,NA,2004,NA,2003-10-01T00:00:00Z,2004-10-01T00:00:00Z,-120.409,39.6722
396722N1204095W002,972623,2003-12-02T00:00:00Z,4920.1,4920.1,0,32.4,4887.7,32.4,32.4,NA,Unknown,Water level accuracy is unknown,1,Department of Water Resources,NA,388,Sierra Valley Groundwater Management District,530,550,25448,21N14E16H002M,DMW 4i,Surveyed to a benchmark,0.1 ft.,5-012.01,Sierra Valley,Sierra,560,Observation,Part of a nested/multi-completion well,788361,2002-09-03 00:00:00 - 2020-04-24 12:00:00,72,other,NA,NA,NA,NA,2004,NA,2003-10-01T00:00:00Z,2004-10-01T00:00:00Z,-120.409,39.6722
396722N1204095W002,972622,2003-11-02T00:00:00Z,4920.1,4920.1,0,32.1,4888,32.1,32.1,NA,Unknown,Water level accuracy is unknown,1,Department of Water Resources,NA,388,Sierra Valley Groundwater Management District,530,550,25448,21N14E16H002M,DMW 4i,Surveyed to a benchmark,0.1 ft.,5-012.01,Sierra Valley,Sierra,560,Observation,Part of a nested/multi-completion well,788361,2002-09-03 00:00:00 - 2020-04-24 12:00:00,72,fall,31.22,41.11,NA,NA,2004,NA,2003-10-01T00:00:00Z,2004-10-01T00:00:00Z,-120.409,39.6722
396722N1204095W002,972645,2003-10-30T00:00:00Z,4920.1,4920.1,0,32.8,4887.3,32.8,32.8,NA,Unknown,Water level accuracy is unknown,1,Department of Water Resources,NA,388,Sierra Valley Groundwater Management District,530,550,25448,21N14E16H002M,DMW 4i,Surveyed to a benchmark,0.1 ft.,5-012.01,Sierra Valley,Sierra,560,Observation,Part of a nested/multi-completion well,788361,2002-09-03 00:00:00 - 2020-04-24 12:00:00,72,fall,31.22,41.11,NA,NA,2004,NA,2003-10-01T00:00:00Z,2004-10-01T00:00:00Z,-120.409,39.6722
396722N1204095W002,972621,2003-10-01T00:00:00Z,4920.1,4920.1,0,31.9,4888.2,31.9,31.9,NA,Unknown,Water level accuracy is unknown,1,Department of Water Resources,NA,388,Sierra Valley Groundwater Management District,530,550,25448,21N14E16H002M,DMW 4i,Surveyed to a benchmark,0.1 ft.,5-012.01,Sierra Valley,Sierra,560,Observation,Part of a nested/multi-completion well,788361,2002-09-03 00:00:00 - 2020-04-24 12:00:00,72,fall,31.22,41.11,NA,NA,2004,NA,2003-10-01T00:00:00Z,2004-10-01T00:00:00Z,-120.409,39.6722
396722N1204095W002,972620,2003-09-02T00:00:00Z,4920.1,4920.1,0,31.8,4888.3,31.8,31.8,NA,Unknown,Water level accuracy is unknown,1,Department of Water Resources,NA,388,Sierra Valley Groundwater Management District,530,550,25448,21N14E16H002M,DMW 4i,Surveyed to a benchmark,0.1 ft.,5-012.01,Sierra Valley,Sierra,560,Observation,Part of a nested/multi-completion well,788361,2002-09-03 00:00:00 - 2020-04-24 12:00:00,72,fall,31.22,41.11,NA,NA,2003,NA,2002-10-01T00:00:00Z,2003-10-01T00:00:00Z,-120.409,39.6722
396722N1204095W002,972619,2003-07-30T00:00:00Z,4920.1,4920.1,0,31.7,4888.4,31.7,31.7,NA,Unknown,Water level accuracy is unknown,1,Department of Water Resources,NA,388,Sierra Valley Groundwater Management District,530,550,25448,21N14E16H002M,DMW 4i,Surveyed to a benchmark,0.1 ft.,5-012.01,Sierra Valley,Sierra,560,Observation,Part of a nested/multi-completion well,788361,2002-09-03 00:00:00 - 2020-04-24 12:00:00,72,other,NA,NA,NA,NA,2003,NA,2002-10-01T00:00:00Z,2003-10-01T00:00:00Z,-120.409,39.6722
396722N1204095W002,972618,2003-06-30T00:00:00Z,4920.1,4920.1,0,31.6,4888.5,31.6,31.6,NA,Unknown,Water level accuracy is unknown,1,Department of Water Resources,NA,388,Sierra Valley Groundwater Management District,530,550,25448,21N14E16H002M,DMW 4i,Surveyed to a benchmark,0.1 ft.,5-012.01,Sierra Valley,Sierra,560,Observation,Part of a nested/multi-completion well,788361,2002-09-03 00:00:00 - 2020-04-24 12:00:00,72,other,NA,NA,NA,NA,2003,NA,2002-10-01T00:00:00Z,2003-10-01T00:00:00Z,-120.409,39.6722
396722N1204095W002,972617,2003-06-03T00:00:00Z,4920.1,4920.1,0,31.4,4888.7,31.4,31.4,NA,Unknown,Water level accuracy is unknown,1,Department of Water Resources,NA,388,Sierra Valley Groundwater Management District,530,550,25448,21N14E16H002M,DMW 4i,Surveyed to a benchmark,0.1 ft.,5-012.01,Sierra Valley,Sierra,560,Observation,Part of a nested/multi-completion well,788361,2002-09-03 00:00:00 - 2020-04-24 12:00:00,72,other,NA,NA,NA,NA,2003,NA,2002-10-01T00:00:00Z,2003-10-01T00:00:00Z,-120.409,39.6722
396722N1204095W002,972616,2003-04-30T00:00:00Z,4920.1,4920.1,0,31.3,4888.8,31.3,31.3,NA,Unknown,Water level accuracy is unknown,1,Department of Water Resources,NA,388,Sierra Valley Groundwater Management District,530,550,25448,21N14E16H002M,DMW 4i,Surveyed to a benchmark,0.1 ft.,5-012.01,Sierra Valley,Sierra,560,Observation,Part of a nested/multi-completion well,788361,2002-09-03 00:00:00 - 2020-04-24 12:00:00,72,spring,NA,NA,31.3,40.75,2003,NA,2002-10-01T00:00:00Z,2003-10-01T00:00:00Z,-120.409,39.6722
396722N1204095W002,972615,2003-03-31T00:00:00Z,4920.1,4920.1,0,31.39,4888.71,31.39,31.39,NA,Unknown,Water level accuracy is unknown,1,Department of Water Resources,NA,388,Sierra Valley Groundwater Management District,530,550,25448,21N14E16H002M,DMW 4i,Surveyed to a benchmark,0.1 ft.,5-012.01,Sierra Valley,Sierra,560,Observation,Part of a nested/multi-completion well,788361,2002-09-03 00:00:00 - 2020-04-24 12:00:00,72,spring,NA,NA,31.3,40.75,2003,NA,2002-10-01T00:00:00Z,2003-10-01T00:00:00Z,-120.409,39.6722
396722N1204095W002,972646,2003-03-27T00:00:00Z,4920.1,4920.1,0,31.5,4888.6,31.5,31.5,NA,Unknown,Water level accuracy is unknown,1,Department of Water Resources,NA,388,Sierra Valley Groundwater Management District,530,550,25448,21N14E16H002M,DMW 4i,Surveyed to a benchmark,0.1 ft.,5-012.01,Sierra Valley,Sierra,560,Observation,Part of a nested/multi-completion well,788361,2002-09-03 00:00:00 - 2020-04-24 12:00:00,72,spring,NA,NA,31.3,40.75,2003,NA,2002-10-01T00:00:00Z,2003-10-01T00:00:00Z,-120.409,39.6722
396722N1204095W002,972614,2003-03-01T00:00:00Z,4920.1,4920.1,0,31.4,4888.7,31.4,31.4,NA,Unknown,Water level accuracy is unknown,1,Department of Water Resources,NA,388,Sierra Valley Groundwater Management District,530,550,25448,21N14E16H002M,DMW 4i,Surveyed to a benchmark,0.1 ft.,5-012.01,Sierra Valley,Sierra,560,Observation,Part of a nested/multi-completion well,788361,2002-09-03 00:00:00 - 2020-04-24 12:00:00,72,spring,NA,NA,31.3,40.75,2003,NA,2002-10-01T00:00:00Z,2003-10-01T00:00:00Z,-120.409,39.6722
396722N1204095W002,972613,2003-01-30T00:00:00Z,4920.1,4920.1,0,31.3,4888.8,31.3,31.3,NA,Unknown,Water level accuracy is unknown,1,Department of Water Resources,NA,388,Sierra Valley Groundwater Management District,530,550,25448,21N14E16H002M,DMW 4i,Surveyed to a benchmark,0.1 ft.,5-012.01,Sierra Valley,Sierra,560,Observation,Part of a nested/multi-completion well,788361,2002-09-03 00:00:00 - 2020-04-24 12:00:00,72,other,NA,NA,NA,NA,2003,NA,2002-10-01T00:00:00Z,2003-10-01T00:00:00Z,-120.409,39.6722
396722N1204095W002,972612,2002-12-30T00:00:00Z,4920.1,4920.1,0,31.22,4888.88,31.22,31.22,NA,Unknown,Water level accuracy is unknown,1,Department of Water Resources,NA,388,Sierra Valley Groundwater Management District,530,550,25448,21N14E16H002M,DMW 4i,Surveyed to a benchmark,0.1 ft.,5-012.01,Sierra Valley,Sierra,560,Observation,Part of a nested/multi-completion well,788361,2002-09-03 00:00:00 - 2020-04-24 12:00:00,72,other,NA,NA,NA,NA,2003,NA,2002-10-01T00:00:00Z,2003-10-01T00:00:00Z,-120.409,39.6722
396722N1204095W002,972611,2002-12-03T00:00:00Z,4920.1,4920.1,0,31.49,4888.61,31.49,31.49,NA,Unknown,Water level accuracy is unknown,1,Department of Water Resources,NA,388,Sierra Valley Groundwater Management District,530,550,25448,21N14E16H002M,DMW 4i,Surveyed to a benchmark,0.1 ft.,5-012.01,Sierra Valley,Sierra,560,Observation,Part of a nested/multi-completion well,788361,2002-09-03 00:00:00 - 2020-04-24 12:00:00,72,other,NA,NA,NA,NA,2003,NA,2002-10-01T00:00:00Z,2003-10-01T00:00:00Z,-120.409,39.6722
396722N1204095W002,972610,2002-11-01T00:00:00Z,4920.1,4920.1,0,31.59,4888.51,31.59,31.59,NA,Unknown,Water level accuracy is unknown,1,Department of Water Resources,NA,388,Sierra Valley Groundwater Management District,530,550,25448,21N14E16H002M,DMW 4i,Surveyed to a benchmark,0.1 ft.,5-012.01,Sierra Valley,Sierra,560,Observation,Part of a nested/multi-completion well,788361,2002-09-03 00:00:00 - 2020-04-24 12:00:00,72,fall,31.22,41.11,NA,NA,2003,NA,2002-10-01T00:00:00Z,2003-10-01T00:00:00Z,-120.409,39.6722
396722N1204095W002,972609,2002-10-03T00:00:00Z,4920.1,4920.1,0,31.43,4888.67,31.43,31.43,NA,Unknown,Water level accuracy is unknown,1,Department of Water Resources,NA,388,Sierra Valley Groundwater Management District,530,550,25448,21N14E16H002M,DMW 4i,Surveyed to a benchmark,0.1 ft.,5-012.01,Sierra Valley,Sierra,560,Observation,Part of a nested/multi-completion well,788361,2002-09-03 00:00:00 - 2020-04-24 12:00:00,72,fall,31.22,41.11,NA,NA,2003,NA,2002-10-01T00:00:00Z,2003-10-01T00:00:00Z,-120.409,39.6722
396722N1204095W002,972608,2002-09-03T00:00:00Z,4920.1,4920.1,0,31.22,4888.88,31.22,31.22,NA,Unknown,Water level accuracy is unknown,1,Department of Water Resources,NA,388,Sierra Valley Groundwater Management District,530,550,25448,21N14E16H002M,DMW 4i,Surveyed to a benchmark,0.1 ft.,5-012.01,Sierra Valley,Sierra,560,Observation,Part of a nested/multi-completion well,788361,2002-09-03 00:00:00 - 2020-04-24 12:00:00,72,fall,31.22,41.11,NA,NA,2002,NA,2001-10-01T00:00:00Z,2002-10-01T00:00:00Z,-120.409,39.6722
