SITE_CODE,WLM_ID,MSMT_DATE,WLM_RPE,WLM_GSE,RDNG_WS,RDNG_RP,WSE,RPE_WSE,GSE_WSE,WLM_QA_DESC,WLM_DESC,WLM_ACC_DESC,WLM_ORG_ID,WLM_ORG_NAME,MSMT_CMT,COOP_AGENCY_ORG_ID,COOP_ORG_NAME,TOP_PRF,BOT_PRF,STN_ID,SWN,WELL_NAME,WLM_METHOD,WLM_ACC,BASIN_CODE,BASIN_NAME,COUNTY_NAME,WELL_DEPTH,WELL_USE,WELL_TYPE,WCR_NO,t_range,n_samples,season,fall_high,fall_low,spring_high,spring_low,water_year,water_year_type,water_year_start,water_year_end,X,Y
396814N1203367W001,973290,1985-10-05T00:00:00Z,4898.29,4896.29,0,-2.5,4900.79,-2.5,-4.5,NA,Unknown,Water level accuracy is unknown,1,Department of Water Resources,NA,1,Department of Water Resources,NA,NA,20061,21N15E07R001M,NA,Unknown,Unknown,5-012.01,Sierra Valley,Sierra,NA,Stockwatering,Unknown,123372,1959-09-22 - 2000-03-26,79,fall,-7.6,-2.3,NA,NA,1986,Wet,1985-10-01T00:00:00Z,1986-10-01T00:00:00Z,-120.337,39.6814
396814N1203367W001,973288,1984-10-01T00:00:00Z,4898.29,4896.29,0,-1,4899.29,-1,-3,NA,Unknown,Water level accuracy is unknown,1,Department of Water Resources,NA,1,Department of Water Resources,NA,NA,20061,21N15E07R001M,NA,Unknown,Unknown,5-012.01,Sierra Valley,Sierra,NA,Stockwatering,Unknown,123372,1959-09-22 - 2000-03-26,79,fall,-7.6,-2.3,NA,NA,1985,Dry,1984-10-01T00:00:00Z,1985-10-01T00:00:00Z,-120.337,39.6814
396814N1203367W001,973286,1983-09-27T00:00:00Z,4898.29,4896.29,0,-4.1,4902.39,-4.1,-6.1,NA,Unknown,Water level accuracy is unknown,1,Department of Water Resources,NA,1,Department of Water Resources,NA,NA,20061,21N15E07R001M,NA,Unknown,Unknown,5-012.01,Sierra Valley,Sierra,NA,Stockwatering,Unknown,123372,1959-09-22 - 2000-03-26,79,fall,-7.6,-2.3,NA,NA,1983,NA,1982-10-01T00:00:00Z,1983-10-01T00:00:00Z,-120.337,39.6814
396814N1203367W001,973285,1983-04-12T00:00:00Z,4898.29,4896.29,0,-0.8,4899.09,-0.8,-2.8,NA,Unknown,Water level accuracy is unknown,1,Department of Water Resources,NA,1,Department of Water Resources,NA,NA,20061,21N15E07R001M,NA,Unknown,Unknown,5-012.01,Sierra Valley,Sierra,NA,Stockwatering,Unknown,123372,1959-09-22 - 2000-03-26,79,spring,NA,NA,-9.5,-2.3,1983,NA,1982-10-01T00:00:00Z,1983-10-01T00:00:00Z,-120.337,39.6814
396814N1203367W001,973284,1982-10-06T00:00:00Z,4898.29,4896.29,0,-0.3,4898.59,-0.3,-2.3,NA,Unknown,Water level accuracy is unknown,1,Department of Water Resources,NA,1,Department of Water Resources,NA,NA,20061,21N15E07R001M,NA,Unknown,Unknown,5-012.01,Sierra Valley,Sierra,NA,Stockwatering,Unknown,123372,1959-09-22 - 2000-03-26,79,fall,-7.6,-2.3,NA,NA,1983,NA,1982-10-01T00:00:00Z,1983-10-01T00:00:00Z,-120.337,39.6814
396814N1203367W001,973283,1982-04-27T00:00:00Z,4898.29,4896.29,0,-0.3,4898.59,-0.3,-2.3,NA,Unknown,Water level accuracy is unknown,1,Department of Water Resources,NA,1,Department of Water Resources,NA,NA,20061,21N15E07R001M,NA,Unknown,Unknown,5-012.01,Sierra Valley,Sierra,NA,Stockwatering,Unknown,123372,1959-09-22 - 2000-03-26,79,spring,NA,NA,-9.5,-2.3,1982,Wet,1981-10-01T00:00:00Z,1982-10-01T00:00:00Z,-120.337,39.6814
396814N1203367W001,973282,1981-10-06T00:00:00Z,4898.29,4896.29,0,-0.3,4898.59,-0.3,-2.3,NA,Unknown,Water level accuracy is unknown,1,Department of Water Resources,NA,1,Department of Water Resources,NA,NA,20061,21N15E07R001M,NA,Unknown,Unknown,5-012.01,Sierra Valley,Sierra,NA,Stockwatering,Unknown,123372,1959-09-22 - 2000-03-26,79,fall,-7.6,-2.3,NA,NA,1982,Wet,1981-10-01T00:00:00Z,1982-10-01T00:00:00Z,-120.337,39.6814
396814N1203367W001,973281,1981-09-16T00:00:00Z,4898.29,4896.29,0,-0.3,4898.59,-0.3,-2.3,NA,Unknown,Water level accuracy is unknown,1,Department of Water Resources,NA,1,Department of Water Resources,NA,NA,20061,21N15E07R001M,NA,Unknown,Unknown,5-012.01,Sierra Valley,Sierra,NA,Stockwatering,Unknown,123372,1959-09-22 - 2000-03-26,79,fall,-7.6,-2.3,NA,NA,1981,Dry,1980-10-01T00:00:00Z,1981-10-01T00:00:00Z,-120.337,39.6814
396814N1203367W001,973280,1981-08-26T00:00:00Z,4898.29,4896.29,0,-0.3,4898.59,-0.3,-2.3,NA,Unknown,Water level accuracy is unknown,1,Department of Water Resources,NA,1,Department of Water Resources,NA,NA,20061,21N15E07R001M,NA,Unknown,Unknown,5-012.01,Sierra Valley,Sierra,NA,Stockwatering,Unknown,123372,1959-09-22 - 2000-03-26,79,fall,-7.6,-2.3,NA,NA,1981,Dry,1980-10-01T00:00:00Z,1981-10-01T00:00:00Z,-120.337,39.6814
396814N1203367W001,973279,1981-08-11T00:00:00Z,4898.29,4896.29,0,-0.3,4898.59,-0.3,-2.3,NA,Unknown,Water level accuracy is unknown,1,Department of Water Resources,NA,1,Department of Water Resources,NA,NA,20061,21N15E07R001M,NA,Unknown,Unknown,5-012.01,Sierra Valley,Sierra,NA,Stockwatering,Unknown,123372,1959-09-22 - 2000-03-26,79,fall,-7.6,-2.3,NA,NA,1981,Dry,1980-10-01T00:00:00Z,1981-10-01T00:00:00Z,-120.337,39.6814
396814N1203367W001,973277,1981-04-16T00:00:00Z,4898.29,4896.29,0,-2,4900.29,-2,-4,NA,Unknown,Water level accuracy is unknown,1,Department of Water Resources,NA,1,Department of Water Resources,NA,NA,20061,21N15E07R001M,NA,Unknown,Unknown,5-012.01,Sierra Valley,Sierra,NA,Stockwatering,Unknown,123372,1959-09-22 - 2000-03-26,79,spring,NA,NA,-9.5,-2.3,1981,Dry,1980-10-01T00:00:00Z,1981-10-01T00:00:00Z,-120.337,39.6814
396814N1203367W001,973276,1980-10-29T00:00:00Z,4898.29,4896.29,0,-3,4901.29,-3,-5,NA,Unknown,Water level accuracy is unknown,1,Department of Water Resources,NA,1,Department of Water Resources,NA,NA,20061,21N15E07R001M,NA,Unknown,Unknown,5-012.01,Sierra Valley,Sierra,NA,Stockwatering,Unknown,123372,1959-09-22 - 2000-03-26,79,fall,-7.6,-2.3,NA,NA,1981,Dry,1980-10-01T00:00:00Z,1981-10-01T00:00:00Z,-120.337,39.6814
396814N1203367W001,973275,1980-08-28T00:00:00Z,4898.29,4896.29,0,-3,4901.29,-3,-5,NA,Unknown,Water level accuracy is unknown,1,Department of Water Resources,NA,1,Department of Water Resources,NA,NA,20061,21N15E07R001M,NA,Unknown,Unknown,5-012.01,Sierra Valley,Sierra,NA,Stockwatering,Unknown,123372,1959-09-22 - 2000-03-26,79,fall,-7.6,-2.3,NA,NA,1980,NA,1979-10-01T00:00:00Z,1980-10-01T00:00:00Z,-120.337,39.6814
396814N1203367W001,973274,1980-04-24T00:00:00Z,4898.29,4896.29,0,-2.2,4900.49,-2.2,-4.2,NA,Unknown,Water level accuracy is unknown,1,Department of Water Resources,NA,1,Department of Water Resources,NA,NA,20061,21N15E07R001M,NA,Unknown,Unknown,5-012.01,Sierra Valley,Sierra,NA,Stockwatering,Unknown,123372,1959-09-22 - 2000-03-26,79,spring,NA,NA,-9.5,-2.3,1980,NA,1979-10-01T00:00:00Z,1980-10-01T00:00:00Z,-120.337,39.6814
396814N1203367W001,973273,1978-10-18T00:00:00Z,4898.29,4896.29,0,-3.8,4902.09,-3.8,-5.8,NA,Unknown,Water level accuracy is unknown,1,Department of Water Resources,NA,1,Department of Water Resources,NA,NA,20061,21N15E07R001M,NA,Unknown,Unknown,5-012.01,Sierra Valley,Sierra,NA,Stockwatering,Unknown,123372,1959-09-22 - 2000-03-26,79,fall,-7.6,-2.3,NA,NA,1979,NA,1978-10-01T00:00:00Z,1979-10-01T00:00:00Z,-120.337,39.6814
396814N1203367W001,973272,1978-05-18T00:00:00Z,4898.29,4896.29,0,-5.3,4903.59,-5.3,-7.3,NA,Unknown,Water level accuracy is unknown,1,Department of Water Resources,NA,1,Department of Water Resources,NA,NA,20061,21N15E07R001M,NA,Unknown,Unknown,5-012.01,Sierra Valley,Sierra,NA,Stockwatering,Unknown,123372,1959-09-22 - 2000-03-26,79,spring,NA,NA,-9.5,-2.3,1978,NA,1977-10-01T00:00:00Z,1978-10-01T00:00:00Z,-120.337,39.6814
396814N1203367W001,973271,1977-10-11T00:00:00Z,4898.29,4896.29,0,-3.8,4902.09,-3.8,-5.8,NA,Unknown,Water level accuracy is unknown,1,Department of Water Resources,NA,1,Department of Water Resources,NA,NA,20061,21N15E07R001M,NA,Unknown,Unknown,5-012.01,Sierra Valley,Sierra,NA,Stockwatering,Unknown,123372,1959-09-22 - 2000-03-26,79,fall,-7.6,-2.3,NA,NA,1978,NA,1977-10-01T00:00:00Z,1978-10-01T00:00:00Z,-120.337,39.6814
396814N1203367W001,973270,1977-04-21T00:00:00Z,4898.29,4896.29,0,-4.4,4902.69,-4.4,-6.4,NA,Unknown,Water level accuracy is unknown,1,Department of Water Resources,NA,1,Department of Water Resources,NA,NA,20061,21N15E07R001M,NA,Unknown,Unknown,5-012.01,Sierra Valley,Sierra,NA,Stockwatering,Unknown,123372,1959-09-22 - 2000-03-26,79,spring,NA,NA,-9.5,-2.3,1977,NA,1976-10-01T00:00:00Z,1977-10-01T00:00:00Z,-120.337,39.6814
396814N1203367W001,973269,1976-11-04T00:00:00Z,4898.29,4896.29,0,-4.2,4902.49,-4.2,-6.2,NA,Unknown,Water level accuracy is unknown,1,Department of Water Resources,NA,1,Department of Water Resources,NA,NA,20061,21N15E07R001M,NA,Unknown,Unknown,5-012.01,Sierra Valley,Sierra,NA,Stockwatering,Unknown,123372,1959-09-22 - 2000-03-26,79,fall,-7.6,-2.3,NA,NA,1977,NA,1976-10-01T00:00:00Z,1977-10-01T00:00:00Z,-120.337,39.6814
396814N1203367W001,973268,1975-10-02T00:00:00Z,4898.29,4896.29,0,-4.8,4903.09,-4.8,-6.8,NA,Unknown,Water level accuracy is unknown,1,Department of Water Resources,NA,1,Department of Water Resources,NA,NA,20061,21N15E07R001M,NA,Unknown,Unknown,5-012.01,Sierra Valley,Sierra,NA,Stockwatering,Unknown,123372,1959-09-22 - 2000-03-26,79,fall,-7.6,-2.3,NA,NA,1976,Dry,1975-10-01T00:00:00Z,1976-10-01T00:00:00Z,-120.337,39.6814
396814N1203367W001,973267,1975-05-08T00:00:00Z,4898.29,4896.29,0,-5.3,4903.59,-5.3,-7.3,NA,Unknown,Water level accuracy is unknown,1,Department of Water Resources,NA,1,Department of Water Resources,NA,NA,20061,21N15E07R001M,NA,Unknown,Unknown,5-012.01,Sierra Valley,Sierra,NA,Stockwatering,Unknown,123372,1959-09-22 - 2000-03-26,79,spring,NA,NA,-9.5,-2.3,1975,NA,1974-10-01T00:00:00Z,1975-10-01T00:00:00Z,-120.337,39.6814
396814N1203367W001,973266,1974-10-10T00:00:00Z,4898.29,4896.29,0,-4.8,4903.09,-4.8,-6.8,NA,Unknown,Water level accuracy is unknown,1,Department of Water Resources,NA,1,Department of Water Resources,NA,NA,20061,21N15E07R001M,NA,Unknown,Unknown,5-012.01,Sierra Valley,Sierra,NA,Stockwatering,Unknown,123372,1959-09-22 - 2000-03-26,79,fall,-7.6,-2.3,NA,NA,1975,NA,1974-10-01T00:00:00Z,1975-10-01T00:00:00Z,-120.337,39.6814
396814N1203367W001,973265,1974-05-03T00:00:00Z,4898.29,4896.29,0,-6.2,4904.49,-6.2,-8.2,NA,Unknown,Water level accuracy is unknown,1,Department of Water Resources,NA,1,Department of Water Resources,NA,NA,20061,21N15E07R001M,NA,Unknown,Unknown,5-012.01,Sierra Valley,Sierra,NA,Stockwatering,Unknown,123372,1959-09-22 - 2000-03-26,79,spring,NA,NA,-9.5,-2.3,1974,Wet,1973-10-01T00:00:00Z,1974-10-01T00:00:00Z,-120.337,39.6814
396814N1203367W001,973264,1973-10-03T00:00:00Z,4898.29,4896.29,0,-4.7,4902.99,-4.7,-6.7,NA,Unknown,Water level accuracy is unknown,1,Department of Water Resources,NA,1,Department of Water Resources,NA,NA,20061,21N15E07R001M,NA,Unknown,Unknown,5-012.01,Sierra Valley,Sierra,NA,Stockwatering,Unknown,123372,1959-09-22 - 2000-03-26,79,fall,-7.6,-2.3,NA,NA,1974,Wet,1973-10-01T00:00:00Z,1974-10-01T00:00:00Z,-120.337,39.6814
396814N1203367W001,973263,1973-04-13T00:00:00Z,4898.29,4896.29,0,-5.9,4904.19,-5.9,-7.9,NA,Unknown,Water level accuracy is unknown,1,Department of Water Resources,NA,1,Department of Water Resources,NA,NA,20061,21N15E07R001M,NA,Unknown,Unknown,5-012.01,Sierra Valley,Sierra,NA,Stockwatering,Unknown,123372,1959-09-22 - 2000-03-26,79,spring,NA,NA,-9.5,-2.3,1973,NA,1972-10-01T00:00:00Z,1973-10-01T00:00:00Z,-120.337,39.6814
396814N1203367W001,973262,1972-10-09T00:00:00Z,4898.29,4896.29,0,-4.1,4902.39,-4.1,-6.1,NA,Unknown,Water level accuracy is unknown,1,Department of Water Resources,NA,1,Department of Water Resources,NA,NA,20061,21N15E07R001M,NA,Unknown,Unknown,5-012.01,Sierra Valley,Sierra,NA,Stockwatering,Unknown,123372,1959-09-22 - 2000-03-26,79,fall,-7.6,-2.3,NA,NA,1973,NA,1972-10-01T00:00:00Z,1973-10-01T00:00:00Z,-120.337,39.6814
396814N1203367W001,973261,1972-04-27T00:00:00Z,4898.29,4896.29,0,-5.4,4903.69,-5.4,-7.4,NA,Unknown,Water level accuracy is unknown,1,Department of Water Resources,NA,1,Department of Water Resources,NA,NA,20061,21N15E07R001M,NA,Unknown,Unknown,5-012.01,Sierra Valley,Sierra,NA,Stockwatering,Unknown,123372,1959-09-22 - 2000-03-26,79,spring,NA,NA,-9.5,-2.3,1972,NA,1971-10-01T00:00:00Z,1972-10-01T00:00:00Z,-120.337,39.6814
396814N1203367W001,973260,1971-10-07T00:00:00Z,4898.29,4896.29,0,-4.9,4903.19,-4.9,-6.9,NA,Unknown,Water level accuracy is unknown,1,Department of Water Resources,NA,1,Department of Water Resources,NA,NA,20061,21N15E07R001M,NA,Unknown,Unknown,5-012.01,Sierra Valley,Sierra,NA,Stockwatering,Unknown,123372,1959-09-22 - 2000-03-26,79,fall,-7.6,-2.3,NA,NA,1972,NA,1971-10-01T00:00:00Z,1972-10-01T00:00:00Z,-120.337,39.6814
396814N1203367W001,973259,1971-05-06T00:00:00Z,4898.29,4896.29,0,-6.1,4904.39,-6.1,-8.1,NA,Unknown,Water level accuracy is unknown,1,Department of Water Resources,NA,1,Department of Water Resources,NA,NA,20061,21N15E07R001M,NA,Unknown,Unknown,5-012.01,Sierra Valley,Sierra,NA,Stockwatering,Unknown,123372,1959-09-22 - 2000-03-26,79,spring,NA,NA,-9.5,-2.3,1971,NA,1970-10-01T00:00:00Z,1971-10-01T00:00:00Z,-120.337,39.6814
396814N1203367W001,973258,1970-10-14T00:00:00Z,4898.29,4896.29,0,-4.2,4902.49,-4.2,-6.2,NA,Unknown,Water level accuracy is unknown,1,Department of Water Resources,NA,1,Department of Water Resources,NA,NA,20061,21N15E07R001M,NA,Unknown,Unknown,5-012.01,Sierra Valley,Sierra,NA,Stockwatering,Unknown,123372,1959-09-22 - 2000-03-26,79,fall,-7.6,-2.3,NA,NA,1971,NA,1970-10-01T00:00:00Z,1971-10-01T00:00:00Z,-120.337,39.6814
396814N1203367W001,973257,1970-05-06T00:00:00Z,4898.29,4896.29,0,-5.4,4903.69,-5.4,-7.4,NA,Unknown,Water level accuracy is unknown,1,Department of Water Resources,NA,1,Department of Water Resources,NA,NA,20061,21N15E07R001M,NA,Unknown,Unknown,5-012.01,Sierra Valley,Sierra,NA,Stockwatering,Unknown,123372,1959-09-22 - 2000-03-26,79,spring,NA,NA,-9.5,-2.3,1970,NA,1969-10-01T00:00:00Z,1970-10-01T00:00:00Z,-120.337,39.6814
396814N1203367W001,973256,1969-10-23T00:00:00Z,4898.29,4896.29,0,-4.5,4902.79,-4.5,-6.5,NA,Unknown,Water level accuracy is unknown,1,Department of Water Resources,NA,1,Department of Water Resources,NA,NA,20061,21N15E07R001M,NA,Unknown,Unknown,5-012.01,Sierra Valley,Sierra,NA,Stockwatering,Unknown,123372,1959-09-22 - 2000-03-26,79,fall,-7.6,-2.3,NA,NA,1970,NA,1969-10-01T00:00:00Z,1970-10-01T00:00:00Z,-120.337,39.6814
396814N1203367W001,973255,1969-05-01T00:00:00Z,4898.29,4896.29,0,-7.5,4905.79,-7.5,-9.5,NA,Unknown,Water level accuracy is unknown,1,Department of Water Resources,NA,1,Department of Water Resources,NA,NA,20061,21N15E07R001M,NA,Unknown,Unknown,5-012.01,Sierra Valley,Sierra,NA,Stockwatering,Unknown,123372,1959-09-22 - 2000-03-26,79,spring,NA,NA,-9.5,-2.3,1969,Wet,1968-10-01T00:00:00Z,1969-10-01T00:00:00Z,-120.337,39.6814
396814N1203367W001,973254,1968-10-17T00:00:00Z,4898.29,4896.29,0,-4.7,4902.99,-4.7,-6.7,NA,Unknown,Water level accuracy is unknown,1,Department of Water Resources,NA,1,Department of Water Resources,NA,NA,20061,21N15E07R001M,NA,Unknown,Unknown,5-012.01,Sierra Valley,Sierra,NA,Stockwatering,Unknown,123372,1959-09-22 - 2000-03-26,79,fall,-7.6,-2.3,NA,NA,1969,Wet,1968-10-01T00:00:00Z,1969-10-01T00:00:00Z,-120.337,39.6814
396814N1203367W001,973253,1968-04-24T00:00:00Z,4898.29,4896.29,0,-6.2,4904.49,-6.2,-8.2,NA,Unknown,Water level accuracy is unknown,1,Department of Water Resources,NA,1,Department of Water Resources,NA,NA,20061,21N15E07R001M,NA,Unknown,Unknown,5-012.01,Sierra Valley,Sierra,NA,Stockwatering,Unknown,123372,1959-09-22 - 2000-03-26,79,spring,NA,NA,-9.5,-2.3,1968,NA,1967-10-01T00:00:00Z,1968-10-01T00:00:00Z,-120.337,39.6814
396814N1203367W001,973252,1967-10-06T00:00:00Z,4898.29,4896.29,0,-5.6,4903.89,-5.6,-7.6,NA,Unknown,Water level accuracy is unknown,1,Department of Water Resources,NA,1,Department of Water Resources,NA,NA,20061,21N15E07R001M,NA,Unknown,Unknown,5-012.01,Sierra Valley,Sierra,NA,Stockwatering,Unknown,123372,1959-09-22 - 2000-03-26,79,fall,-7.6,-2.3,NA,NA,1968,NA,1967-10-01T00:00:00Z,1968-10-01T00:00:00Z,-120.337,39.6814
396814N1203367W001,973251,1967-05-11T00:00:00Z,4898.29,4896.29,0,-5.8,4904.09,-5.8,-7.8,NA,Unknown,Water level accuracy is unknown,1,Department of Water Resources,NA,1,Department of Water Resources,NA,NA,20061,21N15E07R001M,NA,Unknown,Unknown,5-012.01,Sierra Valley,Sierra,NA,Stockwatering,Unknown,123372,1959-09-22 - 2000-03-26,79,spring,NA,NA,-9.5,-2.3,1967,Wet,1966-10-01T00:00:00Z,1967-10-01T00:00:00Z,-120.337,39.6814
396814N1203367W001,973250,1966-10-19T00:00:00Z,4898.29,4896.29,0,-5.3,4903.59,-5.3,-7.3,NA,Unknown,Water level accuracy is unknown,1,Department of Water Resources,NA,1,Department of Water Resources,NA,NA,20061,21N15E07R001M,NA,Unknown,Unknown,5-012.01,Sierra Valley,Sierra,NA,Stockwatering,Unknown,123372,1959-09-22 - 2000-03-26,79,fall,-7.6,-2.3,NA,NA,1967,Wet,1966-10-01T00:00:00Z,1967-10-01T00:00:00Z,-120.337,39.6814
396814N1203367W001,973249,1966-04-27T00:00:00Z,4898.29,4896.29,0,-5.1,4903.39,-5.1,-7.1,NA,Unknown,Water level accuracy is unknown,1,Department of Water Resources,NA,1,Department of Water Resources,NA,NA,20061,21N15E07R001M,NA,Unknown,Unknown,5-012.01,Sierra Valley,Sierra,NA,Stockwatering,Unknown,123372,1959-09-22 - 2000-03-26,79,spring,NA,NA,-9.5,-2.3,1966,NA,1965-10-01T00:00:00Z,1966-10-01T00:00:00Z,-120.337,39.6814
396814N1203367W001,973248,1965-04-15T00:00:00Z,4898.29,4896.29,0,-4.9,4903.19,-4.9,-6.9,NA,Unknown,Water level accuracy is unknown,1,Department of Water Resources,NA,1,Department of Water Resources,NA,NA,20061,21N15E07R001M,NA,Unknown,Unknown,5-012.01,Sierra Valley,Sierra,NA,Stockwatering,Unknown,123372,1959-09-22 - 2000-03-26,79,spring,NA,NA,-9.5,-2.3,1965,Wet,1964-10-01T00:00:00Z,1965-10-01T00:00:00Z,-120.337,39.6814
396814N1203367W001,973247,1964-10-15T00:00:00Z,4898.29,4896.29,0,-3.6,4901.89,-3.6,-5.6,NA,Unknown,Water level accuracy is unknown,1,Department of Water Resources,NA,1,Department of Water Resources,NA,NA,20061,21N15E07R001M,NA,Unknown,Unknown,5-012.01,Sierra Valley,Sierra,NA,Stockwatering,Unknown,123372,1959-09-22 - 2000-03-26,79,fall,-7.6,-2.3,NA,NA,1965,Wet,1964-10-01T00:00:00Z,1965-10-01T00:00:00Z,-120.337,39.6814
396814N1203367W001,973246,1963-10-09T00:00:00Z,4898.29,4896.29,0,-3.9,4902.19,-3.9,-5.9,NA,Unknown,Water level accuracy is unknown,1,Department of Water Resources,NA,1,Department of Water Resources,NA,NA,20061,21N15E07R001M,NA,Unknown,Unknown,5-012.01,Sierra Valley,Sierra,NA,Stockwatering,Unknown,123372,1959-09-22 - 2000-03-26,79,fall,-7.6,-2.3,NA,NA,1964,Dry,1963-10-01T00:00:00Z,1964-10-01T00:00:00Z,-120.337,39.6814
396814N1203367W001,973245,1962-10-25T00:00:00Z,4898.29,4896.29,0,-2,4900.29,-2,-4,NA,Unknown,Water level accuracy is unknown,1,Department of Water Resources,NA,1,Department of Water Resources,NA,NA,20061,21N15E07R001M,NA,Unknown,Unknown,5-012.01,Sierra Valley,Sierra,NA,Stockwatering,Unknown,123372,1959-09-22 - 2000-03-26,79,fall,-7.6,-2.3,NA,NA,1963,Wet,1962-10-01T00:00:00Z,1963-10-01T00:00:00Z,-120.337,39.6814
396814N1203367W001,973244,1961-10-19T00:00:00Z,4898.29,4896.29,0,-1.6,4899.89,-1.6,-3.6,NA,Unknown,Water level accuracy is unknown,1,Department of Water Resources,NA,1,Department of Water Resources,NA,NA,20061,21N15E07R001M,NA,Unknown,Unknown,5-012.01,Sierra Valley,Sierra,NA,Stockwatering,Unknown,123372,1959-09-22 - 2000-03-26,79,fall,-7.6,-2.3,NA,NA,1962,NA,1961-10-01T00:00:00Z,1962-10-01T00:00:00Z,-120.337,39.6814
396814N1203367W001,973243,1960-09-22T00:00:00Z,4898.29,4896.29,0,-2.3,4900.59,-2.3,-4.3,NA,Unknown,Water level accuracy is unknown,1,Department of Water Resources,NA,1,Department of Water Resources,NA,NA,20061,21N15E07R001M,NA,Unknown,Unknown,5-012.01,Sierra Valley,Sierra,NA,Stockwatering,Unknown,123372,1959-09-22 - 2000-03-26,79,fall,-7.6,-2.3,NA,NA,1960,Dry,1959-10-01T00:00:00Z,1960-10-01T00:00:00Z,-120.337,39.6814
396814N1203367W001,973242,1960-04-11T00:00:00Z,4898.29,4896.29,0,-3.5,4901.79,-3.5,-5.5,NA,Unknown,Water level accuracy is unknown,1,Department of Water Resources,NA,1,Department of Water Resources,NA,NA,20061,21N15E07R001M,NA,Unknown,Unknown,5-012.01,Sierra Valley,Sierra,NA,Stockwatering,Unknown,123372,1959-09-22 - 2000-03-26,79,spring,NA,NA,-9.5,-2.3,1960,Dry,1959-10-01T00:00:00Z,1960-10-01T00:00:00Z,-120.337,39.6814
396814N1203367W001,973241,1959-09-22T00:00:00Z,4898.29,4896.29,0,-2.5,4900.79,-2.5,-4.5,NA,Unknown,Water level accuracy is unknown,1,Department of Water Resources,NA,1,Department of Water Resources,NA,NA,20061,21N15E07R001M,NA,Unknown,Unknown,5-012.01,Sierra Valley,Sierra,NA,Stockwatering,Unknown,123372,1959-09-22 - 2000-03-26,79,fall,-7.6,-2.3,NA,NA,1959,NA,1958-10-01T00:00:00Z,1959-10-01T00:00:00Z,-120.337,39.6814
