SITE_CODE,WLM_ID,MSMT_DATE,WLM_RPE,WLM_GSE,RDNG_WS,RDNG_RP,WSE,RPE_WSE,GSE_WSE,WLM_QA_DESC,WLM_DESC,WLM_ACC_DESC,WLM_ORG_ID,WLM_ORG_NAME,MSMT_CMT,COOP_AGENCY_ORG_ID,COOP_ORG_NAME,TOP_PRF,BOT_PRF,STN_ID,SWN,WELL_NAME,WLM_METHOD,WLM_ACC,BASIN_CODE,BASIN_NAME,COUNTY_NAME,WELL_DEPTH,WELL_USE,WELL_TYPE,WCR_NO,t_range,n_samples,season,fall_high,fall_low,spring_high,spring_low,water_year,water_year_type,water_year_start,water_year_end,X,Y
396865N1202738W001,973421,1999-04-14T00:00:00Z,4906.62,4905.62,0,5.7,4900.92,5.7,4.7,NA,Unknown,Water level accuracy is unknown,1,Department of Water Resources,NA,1,Department of Water Resources,NA,NA,20065,21N15E11M003M,NA,Unknown,Unknown,5-012.01,Sierra Valley,Sierra,406,Stockwatering,Unknown,14718,1981-08-27 - 2000-03-26,40,spring,NA,NA,1,56.7,1999,NA,1998-10-01T00:00:00Z,1999-10-01T00:00:00Z,-120.274,39.6865
396865N1202738W001,973419,1998-10-14T00:00:00Z,4906.62,4905.62,0,28.6,4878.02,28.6,27.6,NA,Unknown,Water level accuracy is unknown,1,Department of Water Resources,NA,1,Department of Water Resources,NA,NA,20065,21N15E11M003M,NA,Unknown,Unknown,5-012.01,Sierra Valley,Sierra,406,Stockwatering,Unknown,14718,1981-08-27 - 2000-03-26,40,fall,6.5,73.5,NA,NA,1999,NA,1998-10-01T00:00:00Z,1999-10-01T00:00:00Z,-120.274,39.6865
396865N1202738W001,973418,1998-05-15T00:00:00Z,4906.62,4905.62,0,7,4899.62,7,6,NA,Unknown,Water level accuracy is unknown,1,Department of Water Resources,NA,1,Department of Water Resources,NA,NA,20065,21N15E11M003M,NA,Unknown,Unknown,5-012.01,Sierra Valley,Sierra,406,Stockwatering,Unknown,14718,1981-08-27 - 2000-03-26,40,spring,NA,NA,1,56.7,1998,NA,1997-10-01T00:00:00Z,1998-10-01T00:00:00Z,-120.274,39.6865
396865N1202738W001,973417,1997-10-17T00:00:00Z,4906.62,4905.62,0,74.5,4832.12,74.5,73.5,NA,Unknown,Water level accuracy is unknown,1,Department of Water Resources,NA,1,Department of Water Resources,NA,NA,20065,21N15E11M003M,NA,Unknown,Unknown,5-012.01,Sierra Valley,Sierra,406,Stockwatering,Unknown,14718,1981-08-27 - 2000-03-26,40,fall,6.5,73.5,NA,NA,1998,NA,1997-10-01T00:00:00Z,1998-10-01T00:00:00Z,-120.274,39.6865
396865N1202738W001,973416,1997-04-05T00:00:00Z,4906.62,4905.62,0,7.3,4899.32,7.3,6.3,NA,Unknown,Water level accuracy is unknown,1,Department of Water Resources,NA,1,Department of Water Resources,NA,NA,20065,21N15E11M003M,NA,Unknown,Unknown,5-012.01,Sierra Valley,Sierra,406,Stockwatering,Unknown,14718,1981-08-27 - 2000-03-26,40,spring,NA,NA,1,56.7,1997,NA,1996-10-01T00:00:00Z,1997-10-01T00:00:00Z,-120.274,39.6865
396865N1202738W001,973383,1996-10-30T00:00:00Z,4906.62,4905.62,0,27.7,4878.92,27.7,26.7,NA,Unknown,Water level accuracy is unknown,1,Department of Water Resources,NA,1,Department of Water Resources,NA,NA,20065,21N15E11M003M,NA,Unknown,Unknown,5-012.01,Sierra Valley,Sierra,406,Stockwatering,Unknown,14718,1981-08-27 - 2000-03-26,40,fall,6.5,73.5,NA,NA,1997,NA,1996-10-01T00:00:00Z,1997-10-01T00:00:00Z,-120.274,39.6865
396865N1202738W001,973415,1996-05-07T00:00:00Z,4906.62,4905.62,0,10.6,4896.02,10.6,9.6,NA,Unknown,Water level accuracy is unknown,1,Department of Water Resources,NA,1,Department of Water Resources,NA,NA,20065,21N15E11M003M,NA,Unknown,Unknown,5-012.01,Sierra Valley,Sierra,406,Stockwatering,Unknown,14718,1981-08-27 - 2000-03-26,40,spring,NA,NA,1,56.7,1996,NA,1995-10-01T00:00:00Z,1996-10-01T00:00:00Z,-120.274,39.6865
396865N1202738W001,973414,1995-10-26T00:00:00Z,4906.62,4905.62,0,33,4873.62,33,32,NA,Unknown,Water level accuracy is unknown,1,Department of Water Resources,NA,1,Department of Water Resources,NA,NA,20065,21N15E11M003M,NA,Unknown,Unknown,5-012.01,Sierra Valley,Sierra,406,Stockwatering,Unknown,14718,1981-08-27 - 2000-03-26,40,fall,6.5,73.5,NA,NA,1996,NA,1995-10-01T00:00:00Z,1996-10-01T00:00:00Z,-120.274,39.6865
396865N1202738W001,973413,1995-06-01T00:00:00Z,4906.62,4905.62,0,23.5,4883.12,23.5,22.5,NA,Unknown,Water level accuracy is unknown,1,Department of Water Resources,NA,1,Department of Water Resources,NA,NA,20065,21N15E11M003M,NA,Unknown,Unknown,5-012.01,Sierra Valley,Sierra,406,Stockwatering,Unknown,14718,1981-08-27 - 2000-03-26,40,other,NA,NA,NA,NA,1995,Wet,1994-10-01T00:00:00Z,1995-10-01T00:00:00Z,-120.274,39.6865
396865N1202738W001,973411,1994-03-31T00:00:00Z,4906.62,4905.62,0,19.9,4886.72,19.9,18.9,NA,Unknown,Water level accuracy is unknown,1,Department of Water Resources,NA,1,Department of Water Resources,NA,NA,20065,21N15E11M003M,NA,Unknown,Unknown,5-012.01,Sierra Valley,Sierra,406,Stockwatering,Unknown,14718,1981-08-27 - 2000-03-26,40,spring,NA,NA,1,56.7,1994,Dry,1993-10-01T00:00:00Z,1994-10-01T00:00:00Z,-120.274,39.6865
396865N1202738W001,973410,1993-10-21T00:00:00Z,4906.62,4905.62,0,34.7,4871.92,34.7,33.7,NA,Unknown,Water level accuracy is unknown,1,Department of Water Resources,NA,1,Department of Water Resources,NA,NA,20065,21N15E11M003M,NA,Unknown,Unknown,5-012.01,Sierra Valley,Sierra,406,Stockwatering,Unknown,14718,1981-08-27 - 2000-03-26,40,fall,6.5,73.5,NA,NA,1994,Dry,1993-10-01T00:00:00Z,1994-10-01T00:00:00Z,-120.274,39.6865
396865N1202738W001,973409,1993-04-21T00:00:00Z,4906.62,4905.62,0,21.8,4884.82,21.8,20.8,NA,Unknown,Water level accuracy is unknown,1,Department of Water Resources,NA,1,Department of Water Resources,NA,NA,20065,21N15E11M003M,NA,Unknown,Unknown,5-012.01,Sierra Valley,Sierra,406,Stockwatering,Unknown,14718,1981-08-27 - 2000-03-26,40,spring,NA,NA,1,56.7,1993,NA,1992-10-01T00:00:00Z,1993-10-01T00:00:00Z,-120.274,39.6865
396865N1202738W001,973408,1992-10-22T00:00:00Z,4906.62,4905.62,0,57.6,4849.02,57.6,56.6,NA,Unknown,Water level accuracy is unknown,1,Department of Water Resources,NA,1,Department of Water Resources,NA,NA,20065,21N15E11M003M,NA,Unknown,Unknown,5-012.01,Sierra Valley,Sierra,406,Stockwatering,Unknown,14718,1981-08-27 - 2000-03-26,40,fall,6.5,73.5,NA,NA,1993,NA,1992-10-01T00:00:00Z,1993-10-01T00:00:00Z,-120.274,39.6865
396865N1202738W001,973407,1992-03-24T00:00:00Z,4906.62,4905.62,0,30.4,4876.22,30.4,29.4,NA,Unknown,Water level accuracy is unknown,1,Department of Water Resources,NA,1,Department of Water Resources,NA,NA,20065,21N15E11M003M,NA,Unknown,Unknown,5-012.01,Sierra Valley,Sierra,406,Stockwatering,Unknown,14718,1981-08-27 - 2000-03-26,40,spring,NA,NA,1,56.7,1992,NA,1991-10-01T00:00:00Z,1992-10-01T00:00:00Z,-120.274,39.6865
396865N1202738W001,973406,1991-10-21T00:00:00Z,4906.62,4905.62,0,52.1,4854.52,52.1,51.1,NA,Unknown,Water level accuracy is unknown,1,Department of Water Resources,NA,1,Department of Water Resources,NA,NA,20065,21N15E11M003M,NA,Unknown,Unknown,5-012.01,Sierra Valley,Sierra,406,Stockwatering,Unknown,14718,1981-08-27 - 2000-03-26,40,fall,6.5,73.5,NA,NA,1992,NA,1991-10-01T00:00:00Z,1992-10-01T00:00:00Z,-120.274,39.6865
396865N1202738W001,973405,1991-02-26T00:00:00Z,4906.62,4905.62,0,19.2,4887.42,19.2,18.2,NA,Unknown,Water level accuracy is unknown,1,Department of Water Resources,NA,1,Department of Water Resources,NA,NA,20065,21N15E11M003M,NA,Unknown,Unknown,5-012.01,Sierra Valley,Sierra,406,Stockwatering,Unknown,14718,1981-08-27 - 2000-03-26,40,other,NA,NA,NA,NA,1991,NA,1990-10-01T00:00:00Z,1991-10-01T00:00:00Z,-120.274,39.6865
396865N1202738W001,973404,1990-10-25T00:00:00Z,4906.62,4905.62,0,41.9,4864.72,41.9,40.9,NA,Unknown,Water level accuracy is unknown,1,Department of Water Resources,NA,1,Department of Water Resources,NA,NA,20065,21N15E11M003M,NA,Unknown,Unknown,5-012.01,Sierra Valley,Sierra,406,Stockwatering,Unknown,14718,1981-08-27 - 2000-03-26,40,fall,6.5,73.5,NA,NA,1991,NA,1990-10-01T00:00:00Z,1991-10-01T00:00:00Z,-120.274,39.6865
396865N1202738W001,973403,1990-04-11T00:00:00Z,4906.62,4905.62,0,13.1,4893.52,13.1,12.1,NA,Unknown,Water level accuracy is unknown,1,Department of Water Resources,NA,1,Department of Water Resources,NA,NA,20065,21N15E11M003M,NA,Unknown,Unknown,5-012.01,Sierra Valley,Sierra,406,Stockwatering,Unknown,14718,1981-08-27 - 2000-03-26,40,spring,NA,NA,1,56.7,1990,NA,1989-10-01T00:00:00Z,1990-10-01T00:00:00Z,-120.274,39.6865
396865N1202738W001,973402,1989-09-26T00:00:00Z,4906.62,4905.62,0,51,4855.62,51,50,NA,Unknown,Water level accuracy is unknown,1,Department of Water Resources,NA,1,Department of Water Resources,NA,NA,20065,21N15E11M003M,NA,Unknown,Unknown,5-012.01,Sierra Valley,Sierra,406,Stockwatering,Unknown,14718,1981-08-27 - 2000-03-26,40,fall,6.5,73.5,NA,NA,1989,NA,1988-10-01T00:00:00Z,1989-10-01T00:00:00Z,-120.274,39.6865
396865N1202738W001,973401,1989-04-16T00:00:00Z,4906.62,4905.62,0,57.7,4848.92,57.7,56.7,NA,Unknown,Water level accuracy is unknown,1,Department of Water Resources,NA,1,Department of Water Resources,NA,NA,20065,21N15E11M003M,NA,Unknown,Unknown,5-012.01,Sierra Valley,Sierra,406,Stockwatering,Unknown,14718,1981-08-27 - 2000-03-26,40,spring,NA,NA,1,56.7,1989,NA,1988-10-01T00:00:00Z,1989-10-01T00:00:00Z,-120.274,39.6865
396865N1202738W001,973400,1988-10-29T00:00:00Z,4906.62,4905.62,0,34,4872.62,34,33,NA,Unknown,Water level accuracy is unknown,1,Department of Water Resources,NA,1,Department of Water Resources,NA,NA,20065,21N15E11M003M,NA,Unknown,Unknown,5-012.01,Sierra Valley,Sierra,406,Stockwatering,Unknown,14718,1981-08-27 - 2000-03-26,40,fall,6.5,73.5,NA,NA,1989,NA,1988-10-01T00:00:00Z,1989-10-01T00:00:00Z,-120.274,39.6865
396865N1202738W001,973399,1988-03-23T00:00:00Z,4906.62,4905.62,0,19.2,4887.42,19.2,18.2,NA,Unknown,Water level accuracy is unknown,1,Department of Water Resources,NA,1,Department of Water Resources,NA,NA,20065,21N15E11M003M,NA,Unknown,Unknown,5-012.01,Sierra Valley,Sierra,406,Stockwatering,Unknown,14718,1981-08-27 - 2000-03-26,40,spring,NA,NA,1,56.7,1988,NA,1987-10-01T00:00:00Z,1988-10-01T00:00:00Z,-120.274,39.6865
396865N1202738W001,973398,1987-10-20T00:00:00Z,4906.62,4905.62,0,41.1,4865.52,41.1,40.1,NA,Unknown,Water level accuracy is unknown,1,Department of Water Resources,NA,1,Department of Water Resources,NA,NA,20065,21N15E11M003M,NA,Unknown,Unknown,5-012.01,Sierra Valley,Sierra,406,Stockwatering,Unknown,14718,1981-08-27 - 2000-03-26,40,fall,6.5,73.5,NA,NA,1988,NA,1987-10-01T00:00:00Z,1988-10-01T00:00:00Z,-120.274,39.6865
396865N1202738W001,973397,1987-04-08T00:00:00Z,4906.62,4905.62,0,14.4,4892.22,14.4,13.4,NA,Unknown,Water level accuracy is unknown,1,Department of Water Resources,NA,1,Department of Water Resources,NA,NA,20065,21N15E11M003M,NA,Unknown,Unknown,5-012.01,Sierra Valley,Sierra,406,Stockwatering,Unknown,14718,1981-08-27 - 2000-03-26,40,spring,NA,NA,1,56.7,1987,Dry,1986-10-01T00:00:00Z,1987-10-01T00:00:00Z,-120.274,39.6865
396865N1202738W001,973396,1986-10-01T00:00:00Z,4906.62,4905.62,0,32.8,4873.82,32.8,31.8,NA,Unknown,Water level accuracy is unknown,1,Department of Water Resources,NA,1,Department of Water Resources,NA,NA,20065,21N15E11M003M,NA,Unknown,Unknown,5-012.01,Sierra Valley,Sierra,406,Stockwatering,Unknown,14718,1981-08-27 - 2000-03-26,40,fall,6.5,73.5,NA,NA,1987,Dry,1986-10-01T00:00:00Z,1987-10-01T00:00:00Z,-120.274,39.6865
396865N1202738W001,973395,1986-04-02T00:00:00Z,4906.62,4905.62,0,7.8,4898.82,7.8,6.8,NA,Unknown,Water level accuracy is unknown,1,Department of Water Resources,NA,1,Department of Water Resources,NA,NA,20065,21N15E11M003M,NA,Unknown,Unknown,5-012.01,Sierra Valley,Sierra,406,Stockwatering,Unknown,14718,1981-08-27 - 2000-03-26,40,spring,NA,NA,1,56.7,1986,Wet,1985-10-01T00:00:00Z,1986-10-01T00:00:00Z,-120.274,39.6865
396865N1202738W001,973394,1985-10-05T00:00:00Z,4906.62,4905.62,0,36.3,4870.32,36.3,35.3,NA,Unknown,Water level accuracy is unknown,1,Department of Water Resources,NA,1,Department of Water Resources,NA,NA,20065,21N15E11M003M,NA,Unknown,Unknown,5-012.01,Sierra Valley,Sierra,406,Stockwatering,Unknown,14718,1981-08-27 - 2000-03-26,40,fall,6.5,73.5,NA,NA,1986,Wet,1985-10-01T00:00:00Z,1986-10-01T00:00:00Z,-120.274,39.6865
396865N1202738W001,973393,1985-04-01T00:00:00Z,4906.62,4905.62,0,2.8,4903.82,2.8,1.8,NA,Unknown,Water level accuracy is unknown,1,Department of Water Resources,NA,1,Department of Water Resources,NA,NA,20065,21N15E11M003M,NA,Unknown,Unknown,5-012.01,Sierra Valley,Sierra,406,Stockwatering,Unknown,14718,1981-08-27 - 2000-03-26,40,spring,NA,NA,1,56.7,1985,Dry,1984-10-01T00:00:00Z,1985-10-01T00:00:00Z,-120.274,39.6865
396865N1202738W001,973392,1984-10-02T00:00:00Z,4906.62,4905.62,0,27.9,4878.72,27.9,26.9,NA,Unknown,Water level accuracy is unknown,1,Department of Water Resources,NA,1,Department of Water Resources,NA,NA,20065,21N15E11M003M,NA,Unknown,Unknown,5-012.01,Sierra Valley,Sierra,406,Stockwatering,Unknown,14718,1981-08-27 - 2000-03-26,40,fall,6.5,73.5,NA,NA,1985,Dry,1984-10-01T00:00:00Z,1985-10-01T00:00:00Z,-120.274,39.6865
396865N1202738W001,973391,1984-03-13T00:00:00Z,4906.62,4905.62,0,5,4901.62,5,4,NA,Unknown,Water level accuracy is unknown,1,Department of Water Resources,NA,1,Department of Water Resources,NA,NA,20065,21N15E11M003M,NA,Unknown,Unknown,5-012.01,Sierra Valley,Sierra,406,Stockwatering,Unknown,14718,1981-08-27 - 2000-03-26,40,spring,NA,NA,1,56.7,1984,NA,1983-10-01T00:00:00Z,1984-10-01T00:00:00Z,-120.274,39.6865
396865N1202738W001,973390,1983-09-27T00:00:00Z,4906.62,4905.62,0,20.1,4886.52,20.1,19.1,NA,Unknown,Water level accuracy is unknown,1,Department of Water Resources,NA,1,Department of Water Resources,NA,NA,20065,21N15E11M003M,NA,Unknown,Unknown,5-012.01,Sierra Valley,Sierra,406,Stockwatering,Unknown,14718,1981-08-27 - 2000-03-26,40,fall,6.5,73.5,NA,NA,1983,NA,1982-10-01T00:00:00Z,1983-10-01T00:00:00Z,-120.274,39.6865
396865N1202738W001,973389,1983-04-13T00:00:00Z,4906.62,4905.62,0,5.2,4901.42,5.2,4.2,NA,Unknown,Water level accuracy is unknown,1,Department of Water Resources,NA,1,Department of Water Resources,NA,NA,20065,21N15E11M003M,NA,Unknown,Unknown,5-012.01,Sierra Valley,Sierra,406,Stockwatering,Unknown,14718,1981-08-27 - 2000-03-26,40,spring,NA,NA,1,56.7,1983,NA,1982-10-01T00:00:00Z,1983-10-01T00:00:00Z,-120.274,39.6865
396865N1202738W001,973388,1982-09-16T00:00:00Z,4906.62,4905.62,0,30.8,4875.82,30.8,29.8,NA,Unknown,Water level accuracy is unknown,1,Department of Water Resources,NA,1,Department of Water Resources,NA,NA,20065,21N15E11M003M,NA,Unknown,Unknown,5-012.01,Sierra Valley,Sierra,406,Stockwatering,Unknown,14718,1981-08-27 - 2000-03-26,40,fall,6.5,73.5,NA,NA,1982,Wet,1981-10-01T00:00:00Z,1982-10-01T00:00:00Z,-120.274,39.6865
396865N1202738W001,973387,1982-04-28T00:00:00Z,4906.62,4905.62,0,2,4904.62,2,1,NA,Unknown,Water level accuracy is unknown,1,Department of Water Resources,NA,1,Department of Water Resources,NA,NA,20065,21N15E11M003M,NA,Unknown,Unknown,5-012.01,Sierra Valley,Sierra,406,Stockwatering,Unknown,14718,1981-08-27 - 2000-03-26,40,spring,NA,NA,1,56.7,1982,Wet,1981-10-01T00:00:00Z,1982-10-01T00:00:00Z,-120.274,39.6865
396865N1202738W001,973386,1981-10-07T00:00:00Z,4906.62,4905.62,0,14,4892.62,14,13,NA,Unknown,Water level accuracy is unknown,1,Department of Water Resources,NA,1,Department of Water Resources,NA,NA,20065,21N15E11M003M,NA,Unknown,Unknown,5-012.01,Sierra Valley,Sierra,406,Stockwatering,Unknown,14718,1981-08-27 - 2000-03-26,40,fall,6.5,73.5,NA,NA,1982,Wet,1981-10-01T00:00:00Z,1982-10-01T00:00:00Z,-120.274,39.6865
396865N1202738W001,973385,1981-09-17T00:00:00Z,4906.62,4905.62,0,7.5,4899.12,7.5,6.5,NA,Unknown,Water level accuracy is unknown,1,Department of Water Resources,NA,1,Department of Water Resources,NA,NA,20065,21N15E11M003M,NA,Unknown,Unknown,5-012.01,Sierra Valley,Sierra,406,Stockwatering,Unknown,14718,1981-08-27 - 2000-03-26,40,fall,6.5,73.5,NA,NA,1981,Dry,1980-10-01T00:00:00Z,1981-10-01T00:00:00Z,-120.274,39.6865
396865N1202738W001,973384,1981-08-27T00:00:00Z,4906.62,4905.62,0,11.6,4895.02,11.6,10.6,NA,Unknown,Water level accuracy is unknown,1,Department of Water Resources,NA,1,Department of Water Resources,NA,NA,20065,21N15E11M003M,NA,Unknown,Unknown,5-012.01,Sierra Valley,Sierra,406,Stockwatering,Unknown,14718,1981-08-27 - 2000-03-26,40,fall,6.5,73.5,NA,NA,1981,Dry,1980-10-01T00:00:00Z,1981-10-01T00:00:00Z,-120.274,39.6865
