SITE_CODE,WLM_ID,MSMT_DATE,WLM_RPE,WLM_GSE,RDNG_WS,RDNG_RP,WSE,RPE_WSE,GSE_WSE,WLM_QA_DESC,WLM_DESC,WLM_ACC_DESC,WLM_ORG_ID,WLM_ORG_NAME,MSMT_CMT,COOP_AGENCY_ORG_ID,COOP_ORG_NAME,TOP_PRF,BOT_PRF,STN_ID,SWN,WELL_NAME,WLM_METHOD,WLM_ACC,BASIN_CODE,BASIN_NAME,COUNTY_NAME,WELL_DEPTH,WELL_USE,WELL_TYPE,WCR_NO,t_range,n_samples,season,fall_high,fall_low,spring_high,spring_low,water_year,water_year_type,water_year_start,water_year_end,X,Y
396864N1202299W001,2620101,2020-04-24T12:00:00Z,4963.9,4963.7,0,45.8,4918.1,45.8,45.6,NA,Electric sounder measurement,Water level accuracy to nearest hundredth of a foot,1,Department of Water Resources,NA,1,Department of Water Resources,NA,NA,20074,21N16E07G001M,21N16E07G001M,USGS quad,5 ft.,5-012.01,Sierra Valley,Sierra,400,Irrigation,Single Well,72460,1990-10-25 00:00:00 - 2020-04-24 12:00:00,63,spring,NA,NA,34.3,59.5,2020,Dry,2019-10-01T00:00:00Z,2020-10-01T00:00:00Z,-120.23,39.6864
396864N1202299W001,2454942,2019-04-10T12:00:00Z,4963.9,4963.7,12.3,60,4916.2,47.7,47.5,NA,Steel tape measurement,Water level accuracy to nearest tenth of a foot,1,Department of Water Resources,NA,1,Department of Water Resources,NA,NA,20074,21N16E07G001M,21N16E07G001M,USGS quad,5 ft.,5-012.01,Sierra Valley,Sierra,400,Irrigation,Single Well,72460,1990-10-25 00:00:00 - 2020-04-24 12:00:00,63,spring,NA,NA,34.3,59.5,2019,Wet,2018-10-01T00:00:00Z,2019-10-01T00:00:00Z,-120.23,39.6864
396864N1202299W001,2285949,2018-04-02T12:00:00Z,4963.9,4963.7,55,105,4913.9,50,49.8,NA,Steel tape measurement,Water level accuracy to nearest tenth of a foot,1,Department of Water Resources,NA,1,Department of Water Resources,NA,NA,20074,21N16E07G001M,21N16E07G001M,USGS quad,5 ft.,5-012.01,Sierra Valley,Sierra,400,Irrigation,Single Well,72460,1990-10-25 00:00:00 - 2020-04-24 12:00:00,63,spring,NA,NA,34.3,59.5,2018,NA,2017-10-01T00:00:00Z,2018-10-01T00:00:00Z,-120.23,39.6864
396864N1202299W001,2267989,2017-10-16T00:00:00Z,4963.9,4963.7,18.6,90,4892.5,71.4,71.2,NA,Steel tape measurement,Water level accuracy to nearest tenth of a foot,1,Department of Water Resources,NA,1,Department of Water Resources,NA,NA,20074,21N16E07G001M,21N16E07G001M,USGS quad,5 ft.,5-012.01,Sierra Valley,Sierra,400,Irrigation,Single Well,72460,1990-10-25 00:00:00 - 2020-04-24 12:00:00,63,fall,51.5,86.69,NA,NA,2018,NA,2017-10-01T00:00:00Z,2018-10-01T00:00:00Z,-120.23,39.6864
396864N1202299W001,2244277,2017-04-03T00:00:00Z,4963.9,4963.7,0,53.8,4910.1,53.8,53.6,NA,Electric sounder measurement,Water level accuracy to nearest hundredth of a foot,1,Department of Water Resources,NA,1,Department of Water Resources,NA,NA,20074,21N16E07G001M,21N16E07G001M,USGS quad,5 ft.,5-012.01,Sierra Valley,Sierra,400,Irrigation,Single Well,72460,1990-10-25 00:00:00 - 2020-04-24 12:00:00,63,spring,NA,NA,34.3,59.5,2017,Wet,2016-10-01T00:00:00Z,2017-10-01T00:00:00Z,-120.23,39.6864
396864N1202299W001,2214107,2016-10-24T00:00:00Z,4963.9,4963.7,0,81.1,4882.8,81.1,80.9,NA,Electric sounder measurement,Water level accuracy to nearest hundredth of a foot,1,Department of Water Resources,NA,1,Department of Water Resources,NA,NA,20074,21N16E07G001M,21N16E07G001M,USGS quad,5 ft.,5-012.01,Sierra Valley,Sierra,400,Irrigation,Single Well,72460,1990-10-25 00:00:00 - 2020-04-24 12:00:00,63,fall,51.5,86.69,NA,NA,2017,Wet,2016-10-01T00:00:00Z,2017-10-01T00:00:00Z,-120.23,39.6864
396864N1202299W001,2184573,2016-03-21T00:00:00Z,4963.9,4963.7,0,59.7,4904.2,59.7,59.5,NA,Electric sounder measurement,Water level accuracy to nearest hundredth of a foot,1,Department of Water Resources,NA,1,Department of Water Resources,NA,NA,20074,21N16E07G001M,21N16E07G001M,USGS quad,5 ft.,5-012.01,Sierra Valley,Sierra,400,Irrigation,Single Well,72460,1990-10-25 00:00:00 - 2020-04-24 12:00:00,63,spring,NA,NA,34.3,59.5,2016,NA,2015-10-01T00:00:00Z,2016-10-01T00:00:00Z,-120.23,39.6864
396864N1202299W001,2157047,2015-10-19T00:00:00Z,4963.9,4963.7,0,86.89,4877.01,86.89,86.69,NA,Electric sounder measurement,Water level accuracy to nearest hundredth of a foot,1,Department of Water Resources,NA,1,Department of Water Resources,NA,NA,20074,21N16E07G001M,21N16E07G001M,USGS quad,5 ft.,5-012.01,Sierra Valley,Sierra,400,Irrigation,Single Well,72460,1990-10-25 00:00:00 - 2020-04-24 12:00:00,63,fall,51.5,86.69,NA,NA,2016,NA,2015-10-01T00:00:00Z,2016-10-01T00:00:00Z,-120.23,39.6864
396864N1202299W001,1684418,2013-03-25T00:00:00Z,4963.87,4963.67,0,52.61,4911.26,52.61,52.41,NA,Electric sounder measurement,Water level accuracy to nearest hundredth of a foot,1,Department of Water Resources,NA,1,Department of Water Resources,NA,NA,20074,21N16E07G001M,21N16E07G001M,USGS quad,5 ft.,5-012.01,Sierra Valley,Sierra,400,Irrigation,Single Well,72460,1990-10-25 00:00:00 - 2020-04-24 12:00:00,63,spring,NA,NA,34.3,59.5,2013,Dry,2012-10-01T00:00:00Z,2013-10-01T00:00:00Z,-120.23,39.6864
396864N1202299W001,69359,2012-10-30T00:00:00Z,4963.87,4963.67,0,79.75,4884.12,79.75,79.55,NA,Electric sounder measurement,Water level accuracy to nearest hundredth of a foot,1,Department of Water Resources,NA,1,Department of Water Resources,NA,NA,20074,21N16E07G001M,21N16E07G001M,USGS quad,5 ft.,5-012.01,Sierra Valley,Sierra,400,Irrigation,Single Well,72460,1990-10-25 00:00:00 - 2020-04-24 12:00:00,63,fall,51.5,86.69,NA,NA,2013,Dry,2012-10-01T00:00:00Z,2013-10-01T00:00:00Z,-120.23,39.6864
396864N1202299W001,59941,2012-04-17T00:00:00Z,4963.87,4963.67,0,44.49,4919.38,44.49,44.29,NA,Electric sounder measurement,Water level accuracy to nearest hundredth of a foot,1,Department of Water Resources,NA,1,Department of Water Resources,NA,NA,20074,21N16E07G001M,21N16E07G001M,USGS quad,5 ft.,5-012.01,Sierra Valley,Sierra,400,Irrigation,Single Well,72460,1990-10-25 00:00:00 - 2020-04-24 12:00:00,63,spring,NA,NA,34.3,59.5,2012,NA,2011-10-01T00:00:00Z,2012-10-01T00:00:00Z,-120.23,39.6864
396864N1202299W001,39789,2011-10-18T00:00:00Z,4963.87,4963.67,0,68.6,4895.27,68.6,68.4,NA,Steel tape measurement,Water level accuracy to nearest tenth of a foot,1,Department of Water Resources,NA,1,Department of Water Resources,NA,NA,20074,21N16E07G001M,21N16E07G001M,USGS quad,5 ft.,5-012.01,Sierra Valley,Sierra,400,Irrigation,Single Well,72460,1990-10-25 00:00:00 - 2020-04-24 12:00:00,63,fall,51.5,86.69,NA,NA,2012,NA,2011-10-01T00:00:00Z,2012-10-01T00:00:00Z,-120.23,39.6864
396864N1202299W001,1751747,2011-10-18T00:00:00Z,4963.9,4963.7,0,68.6,4895.3,68.6,68.4,NA,Unknown,Water level accuracy is unknown,1,Department of Water Resources,NA,1,Department of Water Resources,NA,NA,20074,21N16E07G001M,21N16E07G001M,USGS quad,5 ft.,5-012.01,Sierra Valley,Sierra,400,Irrigation,Single Well,72460,1990-10-25 00:00:00 - 2020-04-24 12:00:00,63,fall,51.5,86.69,NA,NA,2012,NA,2011-10-01T00:00:00Z,2012-10-01T00:00:00Z,-120.23,39.6864
396864N1202299W001,1751744,2010-04-06T00:00:00Z,4963.9,4963.7,0,49.5,4914.4,49.5,49.3,NA,Unknown,Water level accuracy is unknown,1,Department of Water Resources,NA,1,Department of Water Resources,NA,NA,20074,21N16E07G001M,21N16E07G001M,USGS quad,5 ft.,5-012.01,Sierra Valley,Sierra,400,Irrigation,Single Well,72460,1990-10-25 00:00:00 - 2020-04-24 12:00:00,63,spring,NA,NA,34.3,59.5,2010,NA,2009-10-01T00:00:00Z,2010-10-01T00:00:00Z,-120.23,39.6864
396864N1202299W001,1751743,2009-10-28T00:00:00Z,4963.9,4963.7,0,67.4,4896.5,67.4,67.2,NA,Unknown,Water level accuracy is unknown,1,Department of Water Resources,NA,1,Department of Water Resources,NA,NA,20074,21N16E07G001M,21N16E07G001M,USGS quad,5 ft.,5-012.01,Sierra Valley,Sierra,400,Irrigation,Single Well,72460,1990-10-25 00:00:00 - 2020-04-24 12:00:00,63,fall,51.5,86.69,NA,NA,2010,NA,2009-10-01T00:00:00Z,2010-10-01T00:00:00Z,-120.23,39.6864
396864N1202299W001,1751739,2008-04-09T00:00:00Z,4963.9,4963.7,0,46.8,4917.1,46.8,46.6,NA,Unknown,Water level accuracy is unknown,1,Department of Water Resources,NA,1,Department of Water Resources,NA,NA,20074,21N16E07G001M,21N16E07G001M,USGS quad,5 ft.,5-012.01,Sierra Valley,Sierra,400,Irrigation,Single Well,72460,1990-10-25 00:00:00 - 2020-04-24 12:00:00,63,spring,NA,NA,34.3,59.5,2008,NA,2007-10-01T00:00:00Z,2008-10-01T00:00:00Z,-120.23,39.6864
396864N1202299W001,1751738,2007-04-10T00:00:00Z,4963.9,4963.7,0,41.7,4922.2,41.7,41.5,NA,Unknown,Water level accuracy is unknown,1,Department of Water Resources,NA,1,Department of Water Resources,NA,NA,20074,21N16E07G001M,21N16E07G001M,USGS quad,5 ft.,5-012.01,Sierra Valley,Sierra,400,Irrigation,Single Well,72460,1990-10-25 00:00:00 - 2020-04-24 12:00:00,63,spring,NA,NA,34.3,59.5,2007,Dry,2006-10-01T00:00:00Z,2007-10-01T00:00:00Z,-120.23,39.6864
396864N1202299W001,1751737,2006-10-17T00:00:00Z,4963.9,4963.7,0,58.9,4905,58.9,58.7,NA,Unknown,Water level accuracy is unknown,1,Department of Water Resources,NA,1,Department of Water Resources,NA,NA,20074,21N16E07G001M,21N16E07G001M,USGS quad,5 ft.,5-012.01,Sierra Valley,Sierra,400,Irrigation,Single Well,72460,1990-10-25 00:00:00 - 2020-04-24 12:00:00,63,fall,51.5,86.69,NA,NA,2007,Dry,2006-10-01T00:00:00Z,2007-10-01T00:00:00Z,-120.23,39.6864
396864N1202299W001,1751736,2006-04-18T00:00:00Z,4963.9,4963.7,0,41.9,4922,41.9,41.7,NA,Unknown,Water level accuracy is unknown,1,Department of Water Resources,NA,1,Department of Water Resources,NA,NA,20074,21N16E07G001M,21N16E07G001M,USGS quad,5 ft.,5-012.01,Sierra Valley,Sierra,400,Irrigation,Single Well,72460,1990-10-25 00:00:00 - 2020-04-24 12:00:00,63,spring,NA,NA,34.3,59.5,2006,Wet,2005-10-01T00:00:00Z,2006-10-01T00:00:00Z,-120.23,39.6864
396864N1202299W001,1751735,2005-10-27T00:00:00Z,4963.9,4963.7,0,59.5,4904.4,59.5,59.3,NA,Unknown,Water level accuracy is unknown,1,Department of Water Resources,NA,1,Department of Water Resources,NA,NA,20074,21N16E07G001M,21N16E07G001M,USGS quad,5 ft.,5-012.01,Sierra Valley,Sierra,400,Irrigation,Single Well,72460,1990-10-25 00:00:00 - 2020-04-24 12:00:00,63,fall,51.5,86.69,NA,NA,2006,Wet,2005-10-01T00:00:00Z,2006-10-01T00:00:00Z,-120.23,39.6864
396864N1202299W001,1751734,2005-04-05T00:00:00Z,4963.9,4963.7,0,48,4915.9,48,47.8,NA,Unknown,Water level accuracy is unknown,1,Department of Water Resources,NA,1,Department of Water Resources,NA,NA,20074,21N16E07G001M,21N16E07G001M,USGS quad,5 ft.,5-012.01,Sierra Valley,Sierra,400,Irrigation,Single Well,72460,1990-10-25 00:00:00 - 2020-04-24 12:00:00,63,spring,NA,NA,34.3,59.5,2005,NA,2004-10-01T00:00:00Z,2005-10-01T00:00:00Z,-120.23,39.6864
396864N1202299W001,1751733,2004-10-14T00:00:00Z,4963.9,4963.7,0,72,4891.9,72,71.8,NA,Unknown,Water level accuracy is unknown,1,Department of Water Resources,NA,1,Department of Water Resources,NA,NA,20074,21N16E07G001M,21N16E07G001M,USGS quad,5 ft.,5-012.01,Sierra Valley,Sierra,400,Irrigation,Single Well,72460,1990-10-25 00:00:00 - 2020-04-24 12:00:00,63,fall,51.5,86.69,NA,NA,2005,NA,2004-10-01T00:00:00Z,2005-10-01T00:00:00Z,-120.23,39.6864
396864N1202299W001,1751732,2004-04-07T00:00:00Z,4963.9,4963.7,0,42.3,4921.6,42.3,42.1,NA,Unknown,Water level accuracy is unknown,1,Department of Water Resources,NA,1,Department of Water Resources,NA,NA,20074,21N16E07G001M,21N16E07G001M,USGS quad,5 ft.,5-012.01,Sierra Valley,Sierra,400,Irrigation,Single Well,72460,1990-10-25 00:00:00 - 2020-04-24 12:00:00,63,spring,NA,NA,34.3,59.5,2004,NA,2003-10-01T00:00:00Z,2004-10-01T00:00:00Z,-120.23,39.6864
396864N1202299W001,1751731,2003-10-29T00:00:00Z,4963.9,4963.7,0,67.2,4896.7,67.2,67,NA,Unknown,Water level accuracy is unknown,1,Department of Water Resources,NA,1,Department of Water Resources,NA,NA,20074,21N16E07G001M,21N16E07G001M,USGS quad,5 ft.,5-012.01,Sierra Valley,Sierra,400,Irrigation,Single Well,72460,1990-10-25 00:00:00 - 2020-04-24 12:00:00,63,fall,51.5,86.69,NA,NA,2004,NA,2003-10-01T00:00:00Z,2004-10-01T00:00:00Z,-120.23,39.6864
396864N1202299W001,1751730,2003-03-28T00:00:00Z,4963.9,4963.7,0,43.8,4920.1,43.8,43.6,NA,Unknown,Water level accuracy is unknown,1,Department of Water Resources,NA,1,Department of Water Resources,NA,NA,20074,21N16E07G001M,21N16E07G001M,USGS quad,5 ft.,5-012.01,Sierra Valley,Sierra,400,Irrigation,Single Well,72460,1990-10-25 00:00:00 - 2020-04-24 12:00:00,63,spring,NA,NA,34.3,59.5,2003,NA,2002-10-01T00:00:00Z,2003-10-01T00:00:00Z,-120.23,39.6864
396864N1202299W001,1751729,2002-10-23T00:00:00Z,4963.9,4963.7,0,74.9,4889,74.9,74.7,NA,Unknown,Water level accuracy is unknown,1,Department of Water Resources,NA,1,Department of Water Resources,NA,NA,20074,21N16E07G001M,21N16E07G001M,USGS quad,5 ft.,5-012.01,Sierra Valley,Sierra,400,Irrigation,Single Well,72460,1990-10-25 00:00:00 - 2020-04-24 12:00:00,63,fall,51.5,86.69,NA,NA,2003,NA,2002-10-01T00:00:00Z,2003-10-01T00:00:00Z,-120.23,39.6864
396864N1202299W001,1751728,2002-03-27T00:00:00Z,4963.9,4963.7,0,41.7,4922.2,41.7,41.5,NA,Unknown,Water level accuracy is unknown,1,Department of Water Resources,NA,1,Department of Water Resources,NA,NA,20074,21N16E07G001M,21N16E07G001M,USGS quad,5 ft.,5-012.01,Sierra Valley,Sierra,400,Irrigation,Single Well,72460,1990-10-25 00:00:00 - 2020-04-24 12:00:00,63,spring,NA,NA,34.3,59.5,2002,NA,2001-10-01T00:00:00Z,2002-10-01T00:00:00Z,-120.23,39.6864
396864N1202299W001,1751727,2002-03-26T00:00:00Z,4963.9,4963.7,0,41.7,4922.2,41.7,41.5,NA,Unknown,Water level accuracy is unknown,1,Department of Water Resources,NA,1,Department of Water Resources,NA,NA,20074,21N16E07G001M,21N16E07G001M,USGS quad,5 ft.,5-012.01,Sierra Valley,Sierra,400,Irrigation,Single Well,72460,1990-10-25 00:00:00 - 2020-04-24 12:00:00,63,spring,NA,NA,34.3,59.5,2002,NA,2001-10-01T00:00:00Z,2002-10-01T00:00:00Z,-120.23,39.6864
396864N1202299W001,1751726,2001-10-18T00:00:00Z,4963.9,4963.7,0,67,4896.9,67,66.8,NA,Unknown,Water level accuracy is unknown,1,Department of Water Resources,NA,1,Department of Water Resources,NA,NA,20074,21N16E07G001M,21N16E07G001M,USGS quad,5 ft.,5-012.01,Sierra Valley,Sierra,400,Irrigation,Single Well,72460,1990-10-25 00:00:00 - 2020-04-24 12:00:00,63,fall,51.5,86.69,NA,NA,2002,NA,2001-10-01T00:00:00Z,2002-10-01T00:00:00Z,-120.23,39.6864
396864N1202299W001,1751725,2001-03-26T00:00:00Z,4963.9,4963.7,0,47,4916.9,47,46.8,NA,Unknown,Water level accuracy is unknown,1,Department of Water Resources,NA,1,Department of Water Resources,NA,NA,20074,21N16E07G001M,21N16E07G001M,USGS quad,5 ft.,5-012.01,Sierra Valley,Sierra,400,Irrigation,Single Well,72460,1990-10-25 00:00:00 - 2020-04-24 12:00:00,63,spring,NA,NA,34.3,59.5,2001,Dry,2000-10-01T00:00:00Z,2001-10-01T00:00:00Z,-120.23,39.6864
396864N1202299W001,1751724,2000-10-18T00:00:00Z,4963.9,4963.7,0,57.1,4906.8,57.1,56.9,NA,Unknown,Water level accuracy is unknown,1,Department of Water Resources,NA,1,Department of Water Resources,NA,NA,20074,21N16E07G001M,21N16E07G001M,USGS quad,5 ft.,5-012.01,Sierra Valley,Sierra,400,Irrigation,Single Well,72460,1990-10-25 00:00:00 - 2020-04-24 12:00:00,63,fall,51.5,86.69,NA,NA,2001,Dry,2000-10-01T00:00:00Z,2001-10-01T00:00:00Z,-120.23,39.6864
396864N1202299W001,1751723,2000-03-26T00:00:00Z,4963.9,4963.7,0,35.6,4928.3,35.6,35.4,NA,Unknown,Water level accuracy is unknown,1,Department of Water Resources,NA,1,Department of Water Resources,NA,NA,20074,21N16E07G001M,21N16E07G001M,USGS quad,5 ft.,5-012.01,Sierra Valley,Sierra,400,Irrigation,Single Well,72460,1990-10-25 00:00:00 - 2020-04-24 12:00:00,63,spring,NA,NA,34.3,59.5,2000,NA,1999-10-01T00:00:00Z,2000-10-01T00:00:00Z,-120.23,39.6864
396864N1202299W001,1751721,1999-10-13T00:00:00Z,4963.9,4963.7,0,65.6,4898.3,65.6,65.4,NA,Unknown,Water level accuracy is unknown,1,Department of Water Resources,NA,1,Department of Water Resources,NA,NA,20074,21N16E07G001M,21N16E07G001M,USGS quad,5 ft.,5-012.01,Sierra Valley,Sierra,400,Irrigation,Single Well,72460,1990-10-25 00:00:00 - 2020-04-24 12:00:00,63,fall,51.5,86.69,NA,NA,2000,NA,1999-10-01T00:00:00Z,2000-10-01T00:00:00Z,-120.23,39.6864
396864N1202299W001,1751722,1999-04-15T00:00:00Z,4963.9,4963.7,0,34.5,4929.4,34.5,34.3,NA,Unknown,Water level accuracy is unknown,1,Department of Water Resources,NA,1,Department of Water Resources,NA,NA,20074,21N16E07G001M,21N16E07G001M,USGS quad,5 ft.,5-012.01,Sierra Valley,Sierra,400,Irrigation,Single Well,72460,1990-10-25 00:00:00 - 2020-04-24 12:00:00,63,spring,NA,NA,34.3,59.5,1999,NA,1998-10-01T00:00:00Z,1999-10-01T00:00:00Z,-120.23,39.6864
396864N1202299W001,1751720,1998-10-14T00:00:00Z,4963.9,4963.7,0,55,4908.9,55,54.8,NA,Unknown,Water level accuracy is unknown,1,Department of Water Resources,NA,1,Department of Water Resources,NA,NA,20074,21N16E07G001M,21N16E07G001M,USGS quad,5 ft.,5-012.01,Sierra Valley,Sierra,400,Irrigation,Single Well,72460,1990-10-25 00:00:00 - 2020-04-24 12:00:00,63,fall,51.5,86.69,NA,NA,1999,NA,1998-10-01T00:00:00Z,1999-10-01T00:00:00Z,-120.23,39.6864
396864N1202299W001,1751719,1998-05-15T00:00:00Z,4963.9,4963.7,0,36.9,4927,36.9,36.7,NA,Unknown,Water level accuracy is unknown,1,Department of Water Resources,NA,1,Department of Water Resources,NA,NA,20074,21N16E07G001M,21N16E07G001M,USGS quad,5 ft.,5-012.01,Sierra Valley,Sierra,400,Irrigation,Single Well,72460,1990-10-25 00:00:00 - 2020-04-24 12:00:00,63,spring,NA,NA,34.3,59.5,1998,NA,1997-10-01T00:00:00Z,1998-10-01T00:00:00Z,-120.23,39.6864
396864N1202299W001,1751718,1997-10-17T00:00:00Z,4963.9,4963.7,0,60.8,4903.1,60.8,60.6,NA,Unknown,Water level accuracy is unknown,1,Department of Water Resources,NA,1,Department of Water Resources,NA,NA,20074,21N16E07G001M,21N16E07G001M,USGS quad,5 ft.,5-012.01,Sierra Valley,Sierra,400,Irrigation,Single Well,72460,1990-10-25 00:00:00 - 2020-04-24 12:00:00,63,fall,51.5,86.69,NA,NA,1998,NA,1997-10-01T00:00:00Z,1998-10-01T00:00:00Z,-120.23,39.6864
396864N1202299W001,1751717,1997-04-04T00:00:00Z,4963.9,4963.7,0,37,4926.9,37,36.8,NA,Unknown,Water level accuracy is unknown,1,Department of Water Resources,NA,1,Department of Water Resources,NA,NA,20074,21N16E07G001M,21N16E07G001M,USGS quad,5 ft.,5-012.01,Sierra Valley,Sierra,400,Irrigation,Single Well,72460,1990-10-25 00:00:00 - 2020-04-24 12:00:00,63,spring,NA,NA,34.3,59.5,1997,NA,1996-10-01T00:00:00Z,1997-10-01T00:00:00Z,-120.23,39.6864
396864N1202299W001,1751703,1996-10-30T00:00:00Z,4963.9,4963.7,0,51.7,4912.2,51.7,51.5,NA,Unknown,Water level accuracy is unknown,1,Department of Water Resources,NA,1,Department of Water Resources,NA,NA,20074,21N16E07G001M,21N16E07G001M,USGS quad,5 ft.,5-012.01,Sierra Valley,Sierra,400,Irrigation,Single Well,72460,1990-10-25 00:00:00 - 2020-04-24 12:00:00,63,fall,51.5,86.69,NA,NA,1997,NA,1996-10-01T00:00:00Z,1997-10-01T00:00:00Z,-120.23,39.6864
396864N1202299W001,1751716,1996-05-07T00:00:00Z,4963.9,4963.7,0,38.5,4925.4,38.5,38.3,NA,Unknown,Water level accuracy is unknown,1,Department of Water Resources,NA,1,Department of Water Resources,NA,NA,20074,21N16E07G001M,21N16E07G001M,USGS quad,5 ft.,5-012.01,Sierra Valley,Sierra,400,Irrigation,Single Well,72460,1990-10-25 00:00:00 - 2020-04-24 12:00:00,63,spring,NA,NA,34.3,59.5,1996,NA,1995-10-01T00:00:00Z,1996-10-01T00:00:00Z,-120.23,39.6864
396864N1202299W001,1751715,1995-10-25T00:00:00Z,4963.9,4963.7,0,58.1,4905.8,58.1,57.9,NA,Unknown,Water level accuracy is unknown,1,Department of Water Resources,NA,1,Department of Water Resources,NA,NA,20074,21N16E07G001M,21N16E07G001M,USGS quad,5 ft.,5-012.01,Sierra Valley,Sierra,400,Irrigation,Single Well,72460,1990-10-25 00:00:00 - 2020-04-24 12:00:00,63,fall,51.5,86.69,NA,NA,1996,NA,1995-10-01T00:00:00Z,1996-10-01T00:00:00Z,-120.23,39.6864
396864N1202299W001,1751714,1995-06-01T00:00:00Z,4963.9,4963.7,0,43.9,4920,43.9,43.7,NA,Unknown,Water level accuracy is unknown,1,Department of Water Resources,NA,1,Department of Water Resources,NA,NA,20074,21N16E07G001M,21N16E07G001M,USGS quad,5 ft.,5-012.01,Sierra Valley,Sierra,400,Irrigation,Single Well,72460,1990-10-25 00:00:00 - 2020-04-24 12:00:00,63,other,NA,NA,NA,NA,1995,Wet,1994-10-01T00:00:00Z,1995-10-01T00:00:00Z,-120.23,39.6864
396864N1202299W001,1751713,1994-10-28T00:00:00Z,4963.9,4963.7,0,69.1,4894.8,69.1,68.9,NA,Unknown,Water level accuracy is unknown,1,Department of Water Resources,NA,1,Department of Water Resources,NA,NA,20074,21N16E07G001M,21N16E07G001M,USGS quad,5 ft.,5-012.01,Sierra Valley,Sierra,400,Irrigation,Single Well,72460,1990-10-25 00:00:00 - 2020-04-24 12:00:00,63,fall,51.5,86.69,NA,NA,1995,Wet,1994-10-01T00:00:00Z,1995-10-01T00:00:00Z,-120.23,39.6864
396864N1202299W001,1751712,1994-03-29T00:00:00Z,4963.9,4963.7,0,44.9,4919,44.9,44.7,NA,Unknown,Water level accuracy is unknown,1,Department of Water Resources,NA,1,Department of Water Resources,NA,NA,20074,21N16E07G001M,21N16E07G001M,USGS quad,5 ft.,5-012.01,Sierra Valley,Sierra,400,Irrigation,Single Well,72460,1990-10-25 00:00:00 - 2020-04-24 12:00:00,63,spring,NA,NA,34.3,59.5,1994,Dry,1993-10-01T00:00:00Z,1994-10-01T00:00:00Z,-120.23,39.6864
396864N1202299W001,1751711,1993-10-21T00:00:00Z,4963.9,4963.7,0,65.9,4898,65.9,65.7,NA,Unknown,Water level accuracy is unknown,1,Department of Water Resources,NA,1,Department of Water Resources,NA,NA,20074,21N16E07G001M,21N16E07G001M,USGS quad,5 ft.,5-012.01,Sierra Valley,Sierra,400,Irrigation,Single Well,72460,1990-10-25 00:00:00 - 2020-04-24 12:00:00,63,fall,51.5,86.69,NA,NA,1994,Dry,1993-10-01T00:00:00Z,1994-10-01T00:00:00Z,-120.23,39.6864
396864N1202299W001,1751710,1993-04-21T00:00:00Z,4963.9,4963.7,0,46.8,4917.1,46.8,46.6,NA,Unknown,Water level accuracy is unknown,1,Department of Water Resources,NA,1,Department of Water Resources,NA,NA,20074,21N16E07G001M,21N16E07G001M,USGS quad,5 ft.,5-012.01,Sierra Valley,Sierra,400,Irrigation,Single Well,72460,1990-10-25 00:00:00 - 2020-04-24 12:00:00,63,spring,NA,NA,34.3,59.5,1993,NA,1992-10-01T00:00:00Z,1993-10-01T00:00:00Z,-120.23,39.6864
396864N1202299W001,1751709,1992-10-22T00:00:00Z,4963.9,4963.7,0,73,4890.9,73,72.8,NA,Unknown,Water level accuracy is unknown,1,Department of Water Resources,NA,1,Department of Water Resources,NA,NA,20074,21N16E07G001M,21N16E07G001M,USGS quad,5 ft.,5-012.01,Sierra Valley,Sierra,400,Irrigation,Single Well,72460,1990-10-25 00:00:00 - 2020-04-24 12:00:00,63,fall,51.5,86.69,NA,NA,1993,NA,1992-10-01T00:00:00Z,1993-10-01T00:00:00Z,-120.23,39.6864
396864N1202299W001,1751708,1992-03-24T00:00:00Z,4963.9,4963.7,0,52.4,4911.5,52.4,52.2,NA,Unknown,Water level accuracy is unknown,1,Department of Water Resources,NA,1,Department of Water Resources,NA,NA,20074,21N16E07G001M,21N16E07G001M,USGS quad,5 ft.,5-012.01,Sierra Valley,Sierra,400,Irrigation,Single Well,72460,1990-10-25 00:00:00 - 2020-04-24 12:00:00,63,spring,NA,NA,34.3,59.5,1992,NA,1991-10-01T00:00:00Z,1992-10-01T00:00:00Z,-120.23,39.6864
396864N1202299W001,1751707,1991-10-22T00:00:00Z,4963.9,4963.7,0,70.4,4893.5,70.4,70.2,NA,Unknown,Water level accuracy is unknown,1,Department of Water Resources,NA,1,Department of Water Resources,NA,NA,20074,21N16E07G001M,21N16E07G001M,USGS quad,5 ft.,5-012.01,Sierra Valley,Sierra,400,Irrigation,Single Well,72460,1990-10-25 00:00:00 - 2020-04-24 12:00:00,63,fall,51.5,86.69,NA,NA,1992,NA,1991-10-01T00:00:00Z,1992-10-01T00:00:00Z,-120.23,39.6864
396864N1202299W001,1751706,1991-04-10T00:00:00Z,4963.9,4963.7,0,43.9,4920,43.9,43.7,NA,Unknown,Water level accuracy is unknown,1,Department of Water Resources,NA,388,Sierra Valley Groundwater Management District,NA,NA,20074,21N16E07G001M,21N16E07G001M,USGS quad,5 ft.,5-012.01,Sierra Valley,Sierra,400,Irrigation,Single Well,72460,1990-10-25 00:00:00 - 2020-04-24 12:00:00,63,spring,NA,NA,34.3,59.5,1991,NA,1990-10-01T00:00:00Z,1991-10-01T00:00:00Z,-120.23,39.6864
396864N1202299W001,1751705,1991-02-26T00:00:00Z,4963.9,4963.7,0,46.4,4917.5,46.4,46.2,NA,Unknown,Water level accuracy is unknown,1,Department of Water Resources,NA,1,Department of Water Resources,NA,NA,20074,21N16E07G001M,21N16E07G001M,USGS quad,5 ft.,5-012.01,Sierra Valley,Sierra,400,Irrigation,Single Well,72460,1990-10-25 00:00:00 - 2020-04-24 12:00:00,63,other,NA,NA,NA,NA,1991,NA,1990-10-01T00:00:00Z,1991-10-01T00:00:00Z,-120.23,39.6864
396864N1202299W001,1751704,1990-10-25T00:00:00Z,4963.7,4963.7,0,65.7,4898,65.7,65.7,NA,Unknown,Water level accuracy is unknown,1,Department of Water Resources,NA,1,Department of Water Resources,NA,NA,20074,21N16E07G001M,21N16E07G001M,USGS quad,5 ft.,5-012.01,Sierra Valley,Sierra,400,Irrigation,Single Well,72460,1990-10-25 00:00:00 - 2020-04-24 12:00:00,63,fall,51.5,86.69,NA,NA,1991,NA,1990-10-01T00:00:00Z,1991-10-01T00:00:00Z,-120.23,39.6864
