SITE_CODE,WLM_ID,MSMT_DATE,WLM_RPE,WLM_GSE,RDNG_WS,RDNG_RP,WSE,RPE_WSE,GSE_WSE,WLM_QA_DESC,WLM_DESC,WLM_ACC_DESC,WLM_ORG_ID,WLM_ORG_NAME,MSMT_CMT,COOP_AGENCY_ORG_ID,COOP_ORG_NAME,TOP_PRF,BOT_PRF,STN_ID,SWN,WELL_NAME,WLM_METHOD,WLM_ACC,BASIN_CODE,BASIN_NAME,COUNTY_NAME,WELL_DEPTH,WELL_USE,WELL_TYPE,WCR_NO,t_range,n_samples,season,fall_high,fall_low,spring_high,spring_low,water_year,water_year_type,water_year_start,water_year_end,X,Y
396814N1202407W001,2620095,2020-04-24T12:00:00Z,4946.5,4945.7,0,34.25,4912.25,34.25,33.45,NA,Electric sounder measurement,Water level accuracy to nearest hundredth of a foot,1,Department of Water Resources,NA,1,Department of Water Resources,35,100,20067,21N15E12J001M,21N15E12J001M,USGS quad,5 ft.,5-012.01,Sierra Valley,Sierra,360,Irrigation,Single Well,YES,1981-04-22 00:00:00 - 2020-04-24 12:00:00,192,spring,NA,NA,21.8,47.2,2020,Dry,2019-10-01T00:00:00Z,2020-10-01T00:00:00Z,-120.241,39.6813
396814N1202407W001,2620095,2020-04-24T12:00:00Z,4946.5,4945.7,0,34.25,4912.25,34.25,33.45,NA,Electric sounder measurement,Water level accuracy to nearest hundredth of a foot,1,Department of Water Resources,NA,1,Department of Water Resources,120,220,20067,21N15E12J001M,21N15E12J001M,USGS quad,5 ft.,5-012.01,Sierra Valley,Sierra,360,Irrigation,Single Well,YES,1981-04-22 00:00:00 - 2020-04-24 12:00:00,192,spring,NA,NA,21.8,47.2,2020,Dry,2019-10-01T00:00:00Z,2020-10-01T00:00:00Z,-120.241,39.6813
396814N1202407W001,2620095,2020-04-24T12:00:00Z,4946.5,4945.7,0,34.25,4912.25,34.25,33.45,NA,Electric sounder measurement,Water level accuracy to nearest hundredth of a foot,1,Department of Water Resources,NA,1,Department of Water Resources,298,325,20067,21N15E12J001M,21N15E12J001M,USGS quad,5 ft.,5-012.01,Sierra Valley,Sierra,360,Irrigation,Single Well,YES,1981-04-22 00:00:00 - 2020-04-24 12:00:00,192,spring,NA,NA,21.8,47.2,2020,Dry,2019-10-01T00:00:00Z,2020-10-01T00:00:00Z,-120.241,39.6813
396814N1202407W001,2493699,2019-10-23T12:00:00Z,4946.5,4945.7,0,54.6,4891.9,54.6,53.8,NA,Electric sounder measurement,Water level accuracy to nearest hundredth of a foot,1,Department of Water Resources,NA,1,Department of Water Resources,35,100,20067,21N15E12J001M,21N15E12J001M,USGS quad,5 ft.,5-012.01,Sierra Valley,Sierra,360,Irrigation,Single Well,YES,1981-04-22 00:00:00 - 2020-04-24 12:00:00,192,fall,38.7,77.41,NA,NA,2020,Dry,2019-10-01T00:00:00Z,2020-10-01T00:00:00Z,-120.241,39.6813
396814N1202407W001,2493699,2019-10-23T12:00:00Z,4946.5,4945.7,0,54.6,4891.9,54.6,53.8,NA,Electric sounder measurement,Water level accuracy to nearest hundredth of a foot,1,Department of Water Resources,NA,1,Department of Water Resources,120,220,20067,21N15E12J001M,21N15E12J001M,USGS quad,5 ft.,5-012.01,Sierra Valley,Sierra,360,Irrigation,Single Well,YES,1981-04-22 00:00:00 - 2020-04-24 12:00:00,192,fall,38.7,77.41,NA,NA,2020,Dry,2019-10-01T00:00:00Z,2020-10-01T00:00:00Z,-120.241,39.6813
396814N1202407W001,2493699,2019-10-23T12:00:00Z,4946.5,4945.7,0,54.6,4891.9,54.6,53.8,NA,Electric sounder measurement,Water level accuracy to nearest hundredth of a foot,1,Department of Water Resources,NA,1,Department of Water Resources,298,325,20067,21N15E12J001M,21N15E12J001M,USGS quad,5 ft.,5-012.01,Sierra Valley,Sierra,360,Irrigation,Single Well,YES,1981-04-22 00:00:00 - 2020-04-24 12:00:00,192,fall,38.7,77.41,NA,NA,2020,Dry,2019-10-01T00:00:00Z,2020-10-01T00:00:00Z,-120.241,39.6813
396814N1202407W001,2454936,2019-04-10T12:00:00Z,4946.5,4945.7,0,34.3,4912.2,34.3,33.5,NA,Electric sounder measurement,Water level accuracy to nearest hundredth of a foot,1,Department of Water Resources,NA,1,Department of Water Resources,35,100,20067,21N15E12J001M,21N15E12J001M,USGS quad,5 ft.,5-012.01,Sierra Valley,Sierra,360,Irrigation,Single Well,YES,1981-04-22 00:00:00 - 2020-04-24 12:00:00,192,spring,NA,NA,21.8,47.2,2019,Wet,2018-10-01T00:00:00Z,2019-10-01T00:00:00Z,-120.241,39.6813
396814N1202407W001,2454936,2019-04-10T12:00:00Z,4946.5,4945.7,0,34.3,4912.2,34.3,33.5,NA,Electric sounder measurement,Water level accuracy to nearest hundredth of a foot,1,Department of Water Resources,NA,1,Department of Water Resources,120,220,20067,21N15E12J001M,21N15E12J001M,USGS quad,5 ft.,5-012.01,Sierra Valley,Sierra,360,Irrigation,Single Well,YES,1981-04-22 00:00:00 - 2020-04-24 12:00:00,192,spring,NA,NA,21.8,47.2,2019,Wet,2018-10-01T00:00:00Z,2019-10-01T00:00:00Z,-120.241,39.6813
396814N1202407W001,2454936,2019-04-10T12:00:00Z,4946.5,4945.7,0,34.3,4912.2,34.3,33.5,NA,Electric sounder measurement,Water level accuracy to nearest hundredth of a foot,1,Department of Water Resources,NA,1,Department of Water Resources,298,325,20067,21N15E12J001M,21N15E12J001M,USGS quad,5 ft.,5-012.01,Sierra Valley,Sierra,360,Irrigation,Single Well,YES,1981-04-22 00:00:00 - 2020-04-24 12:00:00,192,spring,NA,NA,21.8,47.2,2019,Wet,2018-10-01T00:00:00Z,2019-10-01T00:00:00Z,-120.241,39.6813
396814N1202407W001,2415004,2018-10-24T12:00:00Z,4946.5,4945.7,0,58.3,4888.2,58.3,57.5,NA,Electric sounder measurement,Water level accuracy to nearest hundredth of a foot,1,Department of Water Resources,NA,1,Department of Water Resources,35,100,20067,21N15E12J001M,21N15E12J001M,USGS quad,5 ft.,5-012.01,Sierra Valley,Sierra,360,Irrigation,Single Well,YES,1981-04-22 00:00:00 - 2020-04-24 12:00:00,192,fall,38.7,77.41,NA,NA,2019,Wet,2018-10-01T00:00:00Z,2019-10-01T00:00:00Z,-120.241,39.6813
396814N1202407W001,2415004,2018-10-24T12:00:00Z,4946.5,4945.7,0,58.3,4888.2,58.3,57.5,NA,Electric sounder measurement,Water level accuracy to nearest hundredth of a foot,1,Department of Water Resources,NA,1,Department of Water Resources,120,220,20067,21N15E12J001M,21N15E12J001M,USGS quad,5 ft.,5-012.01,Sierra Valley,Sierra,360,Irrigation,Single Well,YES,1981-04-22 00:00:00 - 2020-04-24 12:00:00,192,fall,38.7,77.41,NA,NA,2019,Wet,2018-10-01T00:00:00Z,2019-10-01T00:00:00Z,-120.241,39.6813
396814N1202407W001,2415004,2018-10-24T12:00:00Z,4946.5,4945.7,0,58.3,4888.2,58.3,57.5,NA,Electric sounder measurement,Water level accuracy to nearest hundredth of a foot,1,Department of Water Resources,NA,1,Department of Water Resources,298,325,20067,21N15E12J001M,21N15E12J001M,USGS quad,5 ft.,5-012.01,Sierra Valley,Sierra,360,Irrigation,Single Well,YES,1981-04-22 00:00:00 - 2020-04-24 12:00:00,192,fall,38.7,77.41,NA,NA,2019,Wet,2018-10-01T00:00:00Z,2019-10-01T00:00:00Z,-120.241,39.6813
396814N1202407W001,2285943,2018-04-02T12:00:00Z,4946.5,4945.7,0,37.01,4909.49,37.01,36.21,NA,Electric sounder measurement,Water level accuracy to nearest hundredth of a foot,1,Department of Water Resources,NA,1,Department of Water Resources,35,100,20067,21N15E12J001M,21N15E12J001M,USGS quad,5 ft.,5-012.01,Sierra Valley,Sierra,360,Irrigation,Single Well,YES,1981-04-22 00:00:00 - 2020-04-24 12:00:00,192,spring,NA,NA,21.8,47.2,2018,NA,2017-10-01T00:00:00Z,2018-10-01T00:00:00Z,-120.241,39.6813
396814N1202407W001,2285943,2018-04-02T12:00:00Z,4946.5,4945.7,0,37.01,4909.49,37.01,36.21,NA,Electric sounder measurement,Water level accuracy to nearest hundredth of a foot,1,Department of Water Resources,NA,1,Department of Water Resources,120,220,20067,21N15E12J001M,21N15E12J001M,USGS quad,5 ft.,5-012.01,Sierra Valley,Sierra,360,Irrigation,Single Well,YES,1981-04-22 00:00:00 - 2020-04-24 12:00:00,192,spring,NA,NA,21.8,47.2,2018,NA,2017-10-01T00:00:00Z,2018-10-01T00:00:00Z,-120.241,39.6813
396814N1202407W001,2285943,2018-04-02T12:00:00Z,4946.5,4945.7,0,37.01,4909.49,37.01,36.21,NA,Electric sounder measurement,Water level accuracy to nearest hundredth of a foot,1,Department of Water Resources,NA,1,Department of Water Resources,298,325,20067,21N15E12J001M,21N15E12J001M,USGS quad,5 ft.,5-012.01,Sierra Valley,Sierra,360,Irrigation,Single Well,YES,1981-04-22 00:00:00 - 2020-04-24 12:00:00,192,spring,NA,NA,21.8,47.2,2018,NA,2017-10-01T00:00:00Z,2018-10-01T00:00:00Z,-120.241,39.6813
396814N1202407W001,2267983,2017-10-16T00:00:00Z,4946.5,4945.7,0,60.1,4886.4,60.1,59.3,NA,Electric sounder measurement,Water level accuracy to nearest hundredth of a foot,1,Department of Water Resources,NA,1,Department of Water Resources,35,100,20067,21N15E12J001M,21N15E12J001M,USGS quad,5 ft.,5-012.01,Sierra Valley,Sierra,360,Irrigation,Single Well,YES,1981-04-22 00:00:00 - 2020-04-24 12:00:00,192,fall,38.7,77.41,NA,NA,2018,NA,2017-10-01T00:00:00Z,2018-10-01T00:00:00Z,-120.241,39.6813
396814N1202407W001,2267983,2017-10-16T00:00:00Z,4946.5,4945.7,0,60.1,4886.4,60.1,59.3,NA,Electric sounder measurement,Water level accuracy to nearest hundredth of a foot,1,Department of Water Resources,NA,1,Department of Water Resources,120,220,20067,21N15E12J001M,21N15E12J001M,USGS quad,5 ft.,5-012.01,Sierra Valley,Sierra,360,Irrigation,Single Well,YES,1981-04-22 00:00:00 - 2020-04-24 12:00:00,192,fall,38.7,77.41,NA,NA,2018,NA,2017-10-01T00:00:00Z,2018-10-01T00:00:00Z,-120.241,39.6813
396814N1202407W001,2267983,2017-10-16T00:00:00Z,4946.5,4945.7,0,60.1,4886.4,60.1,59.3,NA,Electric sounder measurement,Water level accuracy to nearest hundredth of a foot,1,Department of Water Resources,NA,1,Department of Water Resources,298,325,20067,21N15E12J001M,21N15E12J001M,USGS quad,5 ft.,5-012.01,Sierra Valley,Sierra,360,Irrigation,Single Well,YES,1981-04-22 00:00:00 - 2020-04-24 12:00:00,192,fall,38.7,77.41,NA,NA,2018,NA,2017-10-01T00:00:00Z,2018-10-01T00:00:00Z,-120.241,39.6813
396814N1202407W001,2244271,2017-04-03T00:00:00Z,4946.5,4945.7,0,39.1,4907.4,39.1,38.3,NA,Electric sounder measurement,Water level accuracy to nearest hundredth of a foot,1,Department of Water Resources,NA,1,Department of Water Resources,35,100,20067,21N15E12J001M,21N15E12J001M,USGS quad,5 ft.,5-012.01,Sierra Valley,Sierra,360,Irrigation,Single Well,YES,1981-04-22 00:00:00 - 2020-04-24 12:00:00,192,spring,NA,NA,21.8,47.2,2017,Wet,2016-10-01T00:00:00Z,2017-10-01T00:00:00Z,-120.241,39.6813
396814N1202407W001,2244271,2017-04-03T00:00:00Z,4946.5,4945.7,0,39.1,4907.4,39.1,38.3,NA,Electric sounder measurement,Water level accuracy to nearest hundredth of a foot,1,Department of Water Resources,NA,1,Department of Water Resources,120,220,20067,21N15E12J001M,21N15E12J001M,USGS quad,5 ft.,5-012.01,Sierra Valley,Sierra,360,Irrigation,Single Well,YES,1981-04-22 00:00:00 - 2020-04-24 12:00:00,192,spring,NA,NA,21.8,47.2,2017,Wet,2016-10-01T00:00:00Z,2017-10-01T00:00:00Z,-120.241,39.6813
396814N1202407W001,2244271,2017-04-03T00:00:00Z,4946.5,4945.7,0,39.1,4907.4,39.1,38.3,NA,Electric sounder measurement,Water level accuracy to nearest hundredth of a foot,1,Department of Water Resources,NA,1,Department of Water Resources,298,325,20067,21N15E12J001M,21N15E12J001M,USGS quad,5 ft.,5-012.01,Sierra Valley,Sierra,360,Irrigation,Single Well,YES,1981-04-22 00:00:00 - 2020-04-24 12:00:00,192,spring,NA,NA,21.8,47.2,2017,Wet,2016-10-01T00:00:00Z,2017-10-01T00:00:00Z,-120.241,39.6813
396814N1202407W001,2214101,2016-10-24T00:00:00Z,4946.5,4945.7,0,69.38,4877.12,69.38,68.58,NA,Electric sounder measurement,Water level accuracy to nearest hundredth of a foot,1,Department of Water Resources,NA,1,Department of Water Resources,35,100,20067,21N15E12J001M,21N15E12J001M,USGS quad,5 ft.,5-012.01,Sierra Valley,Sierra,360,Irrigation,Single Well,YES,1981-04-22 00:00:00 - 2020-04-24 12:00:00,192,fall,38.7,77.41,NA,NA,2017,Wet,2016-10-01T00:00:00Z,2017-10-01T00:00:00Z,-120.241,39.6813
396814N1202407W001,2214101,2016-10-24T00:00:00Z,4946.5,4945.7,0,69.38,4877.12,69.38,68.58,NA,Electric sounder measurement,Water level accuracy to nearest hundredth of a foot,1,Department of Water Resources,NA,1,Department of Water Resources,120,220,20067,21N15E12J001M,21N15E12J001M,USGS quad,5 ft.,5-012.01,Sierra Valley,Sierra,360,Irrigation,Single Well,YES,1981-04-22 00:00:00 - 2020-04-24 12:00:00,192,fall,38.7,77.41,NA,NA,2017,Wet,2016-10-01T00:00:00Z,2017-10-01T00:00:00Z,-120.241,39.6813
396814N1202407W001,2214101,2016-10-24T00:00:00Z,4946.5,4945.7,0,69.38,4877.12,69.38,68.58,NA,Electric sounder measurement,Water level accuracy to nearest hundredth of a foot,1,Department of Water Resources,NA,1,Department of Water Resources,298,325,20067,21N15E12J001M,21N15E12J001M,USGS quad,5 ft.,5-012.01,Sierra Valley,Sierra,360,Irrigation,Single Well,YES,1981-04-22 00:00:00 - 2020-04-24 12:00:00,192,fall,38.7,77.41,NA,NA,2017,Wet,2016-10-01T00:00:00Z,2017-10-01T00:00:00Z,-120.241,39.6813
396814N1202407W001,2184567,2016-03-21T00:00:00Z,4946.5,4945.7,0,46.15,4900.35,46.15,45.35,NA,Electric sounder measurement,Water level accuracy to nearest hundredth of a foot,1,Department of Water Resources,NA,1,Department of Water Resources,35,100,20067,21N15E12J001M,21N15E12J001M,USGS quad,5 ft.,5-012.01,Sierra Valley,Sierra,360,Irrigation,Single Well,YES,1981-04-22 00:00:00 - 2020-04-24 12:00:00,192,spring,NA,NA,21.8,47.2,2016,NA,2015-10-01T00:00:00Z,2016-10-01T00:00:00Z,-120.241,39.6813
396814N1202407W001,2184567,2016-03-21T00:00:00Z,4946.5,4945.7,0,46.15,4900.35,46.15,45.35,NA,Electric sounder measurement,Water level accuracy to nearest hundredth of a foot,1,Department of Water Resources,NA,1,Department of Water Resources,120,220,20067,21N15E12J001M,21N15E12J001M,USGS quad,5 ft.,5-012.01,Sierra Valley,Sierra,360,Irrigation,Single Well,YES,1981-04-22 00:00:00 - 2020-04-24 12:00:00,192,spring,NA,NA,21.8,47.2,2016,NA,2015-10-01T00:00:00Z,2016-10-01T00:00:00Z,-120.241,39.6813
396814N1202407W001,2184567,2016-03-21T00:00:00Z,4946.5,4945.7,0,46.15,4900.35,46.15,45.35,NA,Electric sounder measurement,Water level accuracy to nearest hundredth of a foot,1,Department of Water Resources,NA,1,Department of Water Resources,298,325,20067,21N15E12J001M,21N15E12J001M,USGS quad,5 ft.,5-012.01,Sierra Valley,Sierra,360,Irrigation,Single Well,YES,1981-04-22 00:00:00 - 2020-04-24 12:00:00,192,spring,NA,NA,21.8,47.2,2016,NA,2015-10-01T00:00:00Z,2016-10-01T00:00:00Z,-120.241,39.6813
396814N1202407W001,2157041,2015-10-19T00:00:00Z,4946.5,4945.7,0,75.5,4871,75.5,74.7,NA,Electric sounder measurement,Water level accuracy to nearest hundredth of a foot,1,Department of Water Resources,NA,1,Department of Water Resources,35,100,20067,21N15E12J001M,21N15E12J001M,USGS quad,5 ft.,5-012.01,Sierra Valley,Sierra,360,Irrigation,Single Well,YES,1981-04-22 00:00:00 - 2020-04-24 12:00:00,192,fall,38.7,77.41,NA,NA,2016,NA,2015-10-01T00:00:00Z,2016-10-01T00:00:00Z,-120.241,39.6813
396814N1202407W001,2157041,2015-10-19T00:00:00Z,4946.5,4945.7,0,75.5,4871,75.5,74.7,NA,Electric sounder measurement,Water level accuracy to nearest hundredth of a foot,1,Department of Water Resources,NA,1,Department of Water Resources,120,220,20067,21N15E12J001M,21N15E12J001M,USGS quad,5 ft.,5-012.01,Sierra Valley,Sierra,360,Irrigation,Single Well,YES,1981-04-22 00:00:00 - 2020-04-24 12:00:00,192,fall,38.7,77.41,NA,NA,2016,NA,2015-10-01T00:00:00Z,2016-10-01T00:00:00Z,-120.241,39.6813
396814N1202407W001,2157041,2015-10-19T00:00:00Z,4946.5,4945.7,0,75.5,4871,75.5,74.7,NA,Electric sounder measurement,Water level accuracy to nearest hundredth of a foot,1,Department of Water Resources,NA,1,Department of Water Resources,298,325,20067,21N15E12J001M,21N15E12J001M,USGS quad,5 ft.,5-012.01,Sierra Valley,Sierra,360,Irrigation,Single Well,YES,1981-04-22 00:00:00 - 2020-04-24 12:00:00,192,fall,38.7,77.41,NA,NA,2016,NA,2015-10-01T00:00:00Z,2016-10-01T00:00:00Z,-120.241,39.6813
396814N1202407W001,2119753,2015-03-23T00:00:00Z,4946.5,4945.7,0,45.97,4900.53,45.97,45.17,NA,Electric sounder measurement,Water level accuracy to nearest hundredth of a foot,1,Department of Water Resources,NA,1,Department of Water Resources,35,100,20067,21N15E12J001M,21N15E12J001M,USGS quad,5 ft.,5-012.01,Sierra Valley,Sierra,360,Irrigation,Single Well,YES,1981-04-22 00:00:00 - 2020-04-24 12:00:00,192,spring,NA,NA,21.8,47.2,2015,NA,2014-10-01T00:00:00Z,2015-10-01T00:00:00Z,-120.241,39.6813
396814N1202407W001,2119753,2015-03-23T00:00:00Z,4946.5,4945.7,0,45.97,4900.53,45.97,45.17,NA,Electric sounder measurement,Water level accuracy to nearest hundredth of a foot,1,Department of Water Resources,NA,1,Department of Water Resources,120,220,20067,21N15E12J001M,21N15E12J001M,USGS quad,5 ft.,5-012.01,Sierra Valley,Sierra,360,Irrigation,Single Well,YES,1981-04-22 00:00:00 - 2020-04-24 12:00:00,192,spring,NA,NA,21.8,47.2,2015,NA,2014-10-01T00:00:00Z,2015-10-01T00:00:00Z,-120.241,39.6813
396814N1202407W001,2119753,2015-03-23T00:00:00Z,4946.5,4945.7,0,45.97,4900.53,45.97,45.17,NA,Electric sounder measurement,Water level accuracy to nearest hundredth of a foot,1,Department of Water Resources,NA,1,Department of Water Resources,298,325,20067,21N15E12J001M,21N15E12J001M,USGS quad,5 ft.,5-012.01,Sierra Valley,Sierra,360,Irrigation,Single Well,YES,1981-04-22 00:00:00 - 2020-04-24 12:00:00,192,spring,NA,NA,21.8,47.2,2015,NA,2014-10-01T00:00:00Z,2015-10-01T00:00:00Z,-120.241,39.6813
396814N1202407W001,2020268,2014-10-20T15:00:00Z,4946.5,4945.7,0,78.21,4868.29,78.21,77.41,NA,Electric sounder measurement,Water level accuracy to nearest hundredth of a foot,1,Department of Water Resources,NA,1,Department of Water Resources,35,100,20067,21N15E12J001M,21N15E12J001M,USGS quad,5 ft.,5-012.01,Sierra Valley,Sierra,360,Irrigation,Single Well,YES,1981-04-22 00:00:00 - 2020-04-24 12:00:00,192,fall,38.7,77.41,NA,NA,2015,NA,2014-10-01T00:00:00Z,2015-10-01T00:00:00Z,-120.241,39.6813
396814N1202407W001,2020268,2014-10-20T15:00:00Z,4946.5,4945.7,0,78.21,4868.29,78.21,77.41,NA,Electric sounder measurement,Water level accuracy to nearest hundredth of a foot,1,Department of Water Resources,NA,1,Department of Water Resources,120,220,20067,21N15E12J001M,21N15E12J001M,USGS quad,5 ft.,5-012.01,Sierra Valley,Sierra,360,Irrigation,Single Well,YES,1981-04-22 00:00:00 - 2020-04-24 12:00:00,192,fall,38.7,77.41,NA,NA,2015,NA,2014-10-01T00:00:00Z,2015-10-01T00:00:00Z,-120.241,39.6813
396814N1202407W001,2020268,2014-10-20T15:00:00Z,4946.5,4945.7,0,78.21,4868.29,78.21,77.41,NA,Electric sounder measurement,Water level accuracy to nearest hundredth of a foot,1,Department of Water Resources,NA,1,Department of Water Resources,298,325,20067,21N15E12J001M,21N15E12J001M,USGS quad,5 ft.,5-012.01,Sierra Valley,Sierra,360,Irrigation,Single Well,YES,1981-04-22 00:00:00 - 2020-04-24 12:00:00,192,fall,38.7,77.41,NA,NA,2015,NA,2014-10-01T00:00:00Z,2015-10-01T00:00:00Z,-120.241,39.6813
396814N1202407W001,1880751,2014-03-14T00:00:00Z,4946.5,4945.7,0,44.55,4901.95,44.55,43.75,NA,Electric sounder measurement,Water level accuracy to nearest hundredth of a foot,1,Department of Water Resources,NA,1,Department of Water Resources,35,100,20067,21N15E12J001M,21N15E12J001M,USGS quad,5 ft.,5-012.01,Sierra Valley,Sierra,360,Irrigation,Single Well,YES,1981-04-22 00:00:00 - 2020-04-24 12:00:00,192,spring,NA,NA,21.8,47.2,2014,NA,2013-10-01T00:00:00Z,2014-10-01T00:00:00Z,-120.241,39.6813
396814N1202407W001,1880751,2014-03-14T00:00:00Z,4946.5,4945.7,0,44.55,4901.95,44.55,43.75,NA,Electric sounder measurement,Water level accuracy to nearest hundredth of a foot,1,Department of Water Resources,NA,1,Department of Water Resources,120,220,20067,21N15E12J001M,21N15E12J001M,USGS quad,5 ft.,5-012.01,Sierra Valley,Sierra,360,Irrigation,Single Well,YES,1981-04-22 00:00:00 - 2020-04-24 12:00:00,192,spring,NA,NA,21.8,47.2,2014,NA,2013-10-01T00:00:00Z,2014-10-01T00:00:00Z,-120.241,39.6813
396814N1202407W001,1880751,2014-03-14T00:00:00Z,4946.5,4945.7,0,44.55,4901.95,44.55,43.75,NA,Electric sounder measurement,Water level accuracy to nearest hundredth of a foot,1,Department of Water Resources,NA,1,Department of Water Resources,298,325,20067,21N15E12J001M,21N15E12J001M,USGS quad,5 ft.,5-012.01,Sierra Valley,Sierra,360,Irrigation,Single Well,YES,1981-04-22 00:00:00 - 2020-04-24 12:00:00,192,spring,NA,NA,21.8,47.2,2014,NA,2013-10-01T00:00:00Z,2014-10-01T00:00:00Z,-120.241,39.6813
396814N1202407W001,1797093,2013-10-21T00:00:00Z,4946.5,4945.7,0,73.93,4872.57,73.93,73.13,NA,Electric sounder measurement,Water level accuracy to nearest hundredth of a foot,1,Department of Water Resources,NA,1,Department of Water Resources,35,100,20067,21N15E12J001M,21N15E12J001M,USGS quad,5 ft.,5-012.01,Sierra Valley,Sierra,360,Irrigation,Single Well,YES,1981-04-22 00:00:00 - 2020-04-24 12:00:00,192,fall,38.7,77.41,NA,NA,2014,NA,2013-10-01T00:00:00Z,2014-10-01T00:00:00Z,-120.241,39.6813
396814N1202407W001,1797093,2013-10-21T00:00:00Z,4946.5,4945.7,0,73.93,4872.57,73.93,73.13,NA,Electric sounder measurement,Water level accuracy to nearest hundredth of a foot,1,Department of Water Resources,NA,1,Department of Water Resources,120,220,20067,21N15E12J001M,21N15E12J001M,USGS quad,5 ft.,5-012.01,Sierra Valley,Sierra,360,Irrigation,Single Well,YES,1981-04-22 00:00:00 - 2020-04-24 12:00:00,192,fall,38.7,77.41,NA,NA,2014,NA,2013-10-01T00:00:00Z,2014-10-01T00:00:00Z,-120.241,39.6813
396814N1202407W001,1797093,2013-10-21T00:00:00Z,4946.5,4945.7,0,73.93,4872.57,73.93,73.13,NA,Electric sounder measurement,Water level accuracy to nearest hundredth of a foot,1,Department of Water Resources,NA,1,Department of Water Resources,298,325,20067,21N15E12J001M,21N15E12J001M,USGS quad,5 ft.,5-012.01,Sierra Valley,Sierra,360,Irrigation,Single Well,YES,1981-04-22 00:00:00 - 2020-04-24 12:00:00,192,fall,38.7,77.41,NA,NA,2014,NA,2013-10-01T00:00:00Z,2014-10-01T00:00:00Z,-120.241,39.6813
396814N1202407W001,1684412,2013-03-25T00:00:00Z,4946.46,4945.66,0,39.53,4906.93,39.53,38.73,NA,Electric sounder measurement,Water level accuracy to nearest hundredth of a foot,1,Department of Water Resources,NA,1,Department of Water Resources,35,100,20067,21N15E12J001M,21N15E12J001M,USGS quad,5 ft.,5-012.01,Sierra Valley,Sierra,360,Irrigation,Single Well,YES,1981-04-22 00:00:00 - 2020-04-24 12:00:00,192,spring,NA,NA,21.8,47.2,2013,Dry,2012-10-01T00:00:00Z,2013-10-01T00:00:00Z,-120.241,39.6813
396814N1202407W001,1684412,2013-03-25T00:00:00Z,4946.46,4945.66,0,39.53,4906.93,39.53,38.73,NA,Electric sounder measurement,Water level accuracy to nearest hundredth of a foot,1,Department of Water Resources,NA,1,Department of Water Resources,120,220,20067,21N15E12J001M,21N15E12J001M,USGS quad,5 ft.,5-012.01,Sierra Valley,Sierra,360,Irrigation,Single Well,YES,1981-04-22 00:00:00 - 2020-04-24 12:00:00,192,spring,NA,NA,21.8,47.2,2013,Dry,2012-10-01T00:00:00Z,2013-10-01T00:00:00Z,-120.241,39.6813
396814N1202407W001,1684412,2013-03-25T00:00:00Z,4946.46,4945.66,0,39.53,4906.93,39.53,38.73,NA,Electric sounder measurement,Water level accuracy to nearest hundredth of a foot,1,Department of Water Resources,NA,1,Department of Water Resources,298,325,20067,21N15E12J001M,21N15E12J001M,USGS quad,5 ft.,5-012.01,Sierra Valley,Sierra,360,Irrigation,Single Well,YES,1981-04-22 00:00:00 - 2020-04-24 12:00:00,192,spring,NA,NA,21.8,47.2,2013,Dry,2012-10-01T00:00:00Z,2013-10-01T00:00:00Z,-120.241,39.6813
396814N1202407W001,69353,2012-10-30T00:00:00Z,4946.46,4945.66,0,67.95,4878.51,67.95,67.15,NA,Electric sounder measurement,Water level accuracy to nearest hundredth of a foot,1,Department of Water Resources,NA,1,Department of Water Resources,35,100,20067,21N15E12J001M,21N15E12J001M,USGS quad,5 ft.,5-012.01,Sierra Valley,Sierra,360,Irrigation,Single Well,YES,1981-04-22 00:00:00 - 2020-04-24 12:00:00,192,fall,38.7,77.41,NA,NA,2013,Dry,2012-10-01T00:00:00Z,2013-10-01T00:00:00Z,-120.241,39.6813
396814N1202407W001,69353,2012-10-30T00:00:00Z,4946.46,4945.66,0,67.95,4878.51,67.95,67.15,NA,Electric sounder measurement,Water level accuracy to nearest hundredth of a foot,1,Department of Water Resources,NA,1,Department of Water Resources,120,220,20067,21N15E12J001M,21N15E12J001M,USGS quad,5 ft.,5-012.01,Sierra Valley,Sierra,360,Irrigation,Single Well,YES,1981-04-22 00:00:00 - 2020-04-24 12:00:00,192,fall,38.7,77.41,NA,NA,2013,Dry,2012-10-01T00:00:00Z,2013-10-01T00:00:00Z,-120.241,39.6813
396814N1202407W001,69353,2012-10-30T00:00:00Z,4946.46,4945.66,0,67.95,4878.51,67.95,67.15,NA,Electric sounder measurement,Water level accuracy to nearest hundredth of a foot,1,Department of Water Resources,NA,1,Department of Water Resources,298,325,20067,21N15E12J001M,21N15E12J001M,USGS quad,5 ft.,5-012.01,Sierra Valley,Sierra,360,Irrigation,Single Well,YES,1981-04-22 00:00:00 - 2020-04-24 12:00:00,192,fall,38.7,77.41,NA,NA,2013,Dry,2012-10-01T00:00:00Z,2013-10-01T00:00:00Z,-120.241,39.6813
396814N1202407W001,59935,2012-04-17T00:00:00Z,4946.46,4945.66,9.4,40,4915.86,30.6,29.8,NA,Steel tape measurement,Water level accuracy to nearest tenth of a foot,1,Department of Water Resources,NA,1,Department of Water Resources,35,100,20067,21N15E12J001M,21N15E12J001M,USGS quad,5 ft.,5-012.01,Sierra Valley,Sierra,360,Irrigation,Single Well,YES,1981-04-22 00:00:00 - 2020-04-24 12:00:00,192,spring,NA,NA,21.8,47.2,2012,NA,2011-10-01T00:00:00Z,2012-10-01T00:00:00Z,-120.241,39.6813
396814N1202407W001,59935,2012-04-17T00:00:00Z,4946.46,4945.66,9.4,40,4915.86,30.6,29.8,NA,Steel tape measurement,Water level accuracy to nearest tenth of a foot,1,Department of Water Resources,NA,1,Department of Water Resources,120,220,20067,21N15E12J001M,21N15E12J001M,USGS quad,5 ft.,5-012.01,Sierra Valley,Sierra,360,Irrigation,Single Well,YES,1981-04-22 00:00:00 - 2020-04-24 12:00:00,192,spring,NA,NA,21.8,47.2,2012,NA,2011-10-01T00:00:00Z,2012-10-01T00:00:00Z,-120.241,39.6813
396814N1202407W001,59935,2012-04-17T00:00:00Z,4946.46,4945.66,9.4,40,4915.86,30.6,29.8,NA,Steel tape measurement,Water level accuracy to nearest tenth of a foot,1,Department of Water Resources,NA,1,Department of Water Resources,298,325,20067,21N15E12J001M,21N15E12J001M,USGS quad,5 ft.,5-012.01,Sierra Valley,Sierra,360,Irrigation,Single Well,YES,1981-04-22 00:00:00 - 2020-04-24 12:00:00,192,spring,NA,NA,21.8,47.2,2012,NA,2011-10-01T00:00:00Z,2012-10-01T00:00:00Z,-120.241,39.6813
396814N1202407W001,39783,2011-10-18T00:00:00Z,4946.46,4945.66,0,51.3,4895.16,51.3,50.5,NA,Steel tape measurement,Water level accuracy to nearest tenth of a foot,1,Department of Water Resources,NA,1,Department of Water Resources,35,100,20067,21N15E12J001M,21N15E12J001M,USGS quad,5 ft.,5-012.01,Sierra Valley,Sierra,360,Irrigation,Single Well,YES,1981-04-22 00:00:00 - 2020-04-24 12:00:00,192,fall,38.7,77.41,NA,NA,2012,NA,2011-10-01T00:00:00Z,2012-10-01T00:00:00Z,-120.241,39.6813
396814N1202407W001,39783,2011-10-18T00:00:00Z,4946.46,4945.66,0,51.3,4895.16,51.3,50.5,NA,Steel tape measurement,Water level accuracy to nearest tenth of a foot,1,Department of Water Resources,NA,1,Department of Water Resources,120,220,20067,21N15E12J001M,21N15E12J001M,USGS quad,5 ft.,5-012.01,Sierra Valley,Sierra,360,Irrigation,Single Well,YES,1981-04-22 00:00:00 - 2020-04-24 12:00:00,192,fall,38.7,77.41,NA,NA,2012,NA,2011-10-01T00:00:00Z,2012-10-01T00:00:00Z,-120.241,39.6813
396814N1202407W001,39783,2011-10-18T00:00:00Z,4946.46,4945.66,0,51.3,4895.16,51.3,50.5,NA,Steel tape measurement,Water level accuracy to nearest tenth of a foot,1,Department of Water Resources,NA,1,Department of Water Resources,298,325,20067,21N15E12J001M,21N15E12J001M,USGS quad,5 ft.,5-012.01,Sierra Valley,Sierra,360,Irrigation,Single Well,YES,1981-04-22 00:00:00 - 2020-04-24 12:00:00,192,fall,38.7,77.41,NA,NA,2012,NA,2011-10-01T00:00:00Z,2012-10-01T00:00:00Z,-120.241,39.6813
396814N1202407W001,1751411,2011-10-18T00:00:00Z,4946.5,4945.7,0,51.3,4895.2,51.3,50.5,NA,Unknown,Water level accuracy is unknown,1,Department of Water Resources,NA,1,Department of Water Resources,35,100,20067,21N15E12J001M,21N15E12J001M,USGS quad,5 ft.,5-012.01,Sierra Valley,Sierra,360,Irrigation,Single Well,YES,1981-04-22 00:00:00 - 2020-04-24 12:00:00,192,fall,38.7,77.41,NA,NA,2012,NA,2011-10-01T00:00:00Z,2012-10-01T00:00:00Z,-120.241,39.6813
396814N1202407W001,1751411,2011-10-18T00:00:00Z,4946.5,4945.7,0,51.3,4895.2,51.3,50.5,NA,Unknown,Water level accuracy is unknown,1,Department of Water Resources,NA,1,Department of Water Resources,120,220,20067,21N15E12J001M,21N15E12J001M,USGS quad,5 ft.,5-012.01,Sierra Valley,Sierra,360,Irrigation,Single Well,YES,1981-04-22 00:00:00 - 2020-04-24 12:00:00,192,fall,38.7,77.41,NA,NA,2012,NA,2011-10-01T00:00:00Z,2012-10-01T00:00:00Z,-120.241,39.6813
396814N1202407W001,1751411,2011-10-18T00:00:00Z,4946.5,4945.7,0,51.3,4895.2,51.3,50.5,NA,Unknown,Water level accuracy is unknown,1,Department of Water Resources,NA,1,Department of Water Resources,298,325,20067,21N15E12J001M,21N15E12J001M,USGS quad,5 ft.,5-012.01,Sierra Valley,Sierra,360,Irrigation,Single Well,YES,1981-04-22 00:00:00 - 2020-04-24 12:00:00,192,fall,38.7,77.41,NA,NA,2012,NA,2011-10-01T00:00:00Z,2012-10-01T00:00:00Z,-120.241,39.6813
396814N1202407W001,1751410,2011-04-25T00:00:00Z,4946.5,4945.7,0,31,4915.5,31,30.2,NA,Unknown,Water level accuracy is unknown,1,Department of Water Resources,NA,1,Department of Water Resources,35,100,20067,21N15E12J001M,21N15E12J001M,USGS quad,5 ft.,5-012.01,Sierra Valley,Sierra,360,Irrigation,Single Well,YES,1981-04-22 00:00:00 - 2020-04-24 12:00:00,192,spring,NA,NA,21.8,47.2,2011,Wet,2010-10-01T00:00:00Z,2011-10-01T00:00:00Z,-120.241,39.6813
396814N1202407W001,1751410,2011-04-25T00:00:00Z,4946.5,4945.7,0,31,4915.5,31,30.2,NA,Unknown,Water level accuracy is unknown,1,Department of Water Resources,NA,1,Department of Water Resources,120,220,20067,21N15E12J001M,21N15E12J001M,USGS quad,5 ft.,5-012.01,Sierra Valley,Sierra,360,Irrigation,Single Well,YES,1981-04-22 00:00:00 - 2020-04-24 12:00:00,192,spring,NA,NA,21.8,47.2,2011,Wet,2010-10-01T00:00:00Z,2011-10-01T00:00:00Z,-120.241,39.6813
396814N1202407W001,1751410,2011-04-25T00:00:00Z,4946.5,4945.7,0,31,4915.5,31,30.2,NA,Unknown,Water level accuracy is unknown,1,Department of Water Resources,NA,1,Department of Water Resources,298,325,20067,21N15E12J001M,21N15E12J001M,USGS quad,5 ft.,5-012.01,Sierra Valley,Sierra,360,Irrigation,Single Well,YES,1981-04-22 00:00:00 - 2020-04-24 12:00:00,192,spring,NA,NA,21.8,47.2,2011,Wet,2010-10-01T00:00:00Z,2011-10-01T00:00:00Z,-120.241,39.6813
396814N1202407W001,1751409,2010-10-25T00:00:00Z,4946.5,4945.7,0,55.5,4891,55.5,54.7,NA,Unknown,Water level accuracy is unknown,1,Department of Water Resources,NA,1,Department of Water Resources,35,100,20067,21N15E12J001M,21N15E12J001M,USGS quad,5 ft.,5-012.01,Sierra Valley,Sierra,360,Irrigation,Single Well,YES,1981-04-22 00:00:00 - 2020-04-24 12:00:00,192,fall,38.7,77.41,NA,NA,2011,Wet,2010-10-01T00:00:00Z,2011-10-01T00:00:00Z,-120.241,39.6813
396814N1202407W001,1751409,2010-10-25T00:00:00Z,4946.5,4945.7,0,55.5,4891,55.5,54.7,NA,Unknown,Water level accuracy is unknown,1,Department of Water Resources,NA,1,Department of Water Resources,120,220,20067,21N15E12J001M,21N15E12J001M,USGS quad,5 ft.,5-012.01,Sierra Valley,Sierra,360,Irrigation,Single Well,YES,1981-04-22 00:00:00 - 2020-04-24 12:00:00,192,fall,38.7,77.41,NA,NA,2011,Wet,2010-10-01T00:00:00Z,2011-10-01T00:00:00Z,-120.241,39.6813
396814N1202407W001,1751409,2010-10-25T00:00:00Z,4946.5,4945.7,0,55.5,4891,55.5,54.7,NA,Unknown,Water level accuracy is unknown,1,Department of Water Resources,NA,1,Department of Water Resources,298,325,20067,21N15E12J001M,21N15E12J001M,USGS quad,5 ft.,5-012.01,Sierra Valley,Sierra,360,Irrigation,Single Well,YES,1981-04-22 00:00:00 - 2020-04-24 12:00:00,192,fall,38.7,77.41,NA,NA,2011,Wet,2010-10-01T00:00:00Z,2011-10-01T00:00:00Z,-120.241,39.6813
396814N1202407W001,1751408,2010-04-06T00:00:00Z,4946.5,4945.7,0,36.7,4909.8,36.7,35.9,NA,Unknown,Water level accuracy is unknown,1,Department of Water Resources,NA,1,Department of Water Resources,35,100,20067,21N15E12J001M,21N15E12J001M,USGS quad,5 ft.,5-012.01,Sierra Valley,Sierra,360,Irrigation,Single Well,YES,1981-04-22 00:00:00 - 2020-04-24 12:00:00,192,spring,NA,NA,21.8,47.2,2010,NA,2009-10-01T00:00:00Z,2010-10-01T00:00:00Z,-120.241,39.6813
396814N1202407W001,1751408,2010-04-06T00:00:00Z,4946.5,4945.7,0,36.7,4909.8,36.7,35.9,NA,Unknown,Water level accuracy is unknown,1,Department of Water Resources,NA,1,Department of Water Resources,120,220,20067,21N15E12J001M,21N15E12J001M,USGS quad,5 ft.,5-012.01,Sierra Valley,Sierra,360,Irrigation,Single Well,YES,1981-04-22 00:00:00 - 2020-04-24 12:00:00,192,spring,NA,NA,21.8,47.2,2010,NA,2009-10-01T00:00:00Z,2010-10-01T00:00:00Z,-120.241,39.6813
396814N1202407W001,1751408,2010-04-06T00:00:00Z,4946.5,4945.7,0,36.7,4909.8,36.7,35.9,NA,Unknown,Water level accuracy is unknown,1,Department of Water Resources,NA,1,Department of Water Resources,298,325,20067,21N15E12J001M,21N15E12J001M,USGS quad,5 ft.,5-012.01,Sierra Valley,Sierra,360,Irrigation,Single Well,YES,1981-04-22 00:00:00 - 2020-04-24 12:00:00,192,spring,NA,NA,21.8,47.2,2010,NA,2009-10-01T00:00:00Z,2010-10-01T00:00:00Z,-120.241,39.6813
396814N1202407W001,1751407,2009-10-28T00:00:00Z,4946.5,4945.7,0,55.9,4890.6,55.9,55.1,NA,Unknown,Water level accuracy is unknown,1,Department of Water Resources,NA,1,Department of Water Resources,35,100,20067,21N15E12J001M,21N15E12J001M,USGS quad,5 ft.,5-012.01,Sierra Valley,Sierra,360,Irrigation,Single Well,YES,1981-04-22 00:00:00 - 2020-04-24 12:00:00,192,fall,38.7,77.41,NA,NA,2010,NA,2009-10-01T00:00:00Z,2010-10-01T00:00:00Z,-120.241,39.6813
396814N1202407W001,1751407,2009-10-28T00:00:00Z,4946.5,4945.7,0,55.9,4890.6,55.9,55.1,NA,Unknown,Water level accuracy is unknown,1,Department of Water Resources,NA,1,Department of Water Resources,120,220,20067,21N15E12J001M,21N15E12J001M,USGS quad,5 ft.,5-012.01,Sierra Valley,Sierra,360,Irrigation,Single Well,YES,1981-04-22 00:00:00 - 2020-04-24 12:00:00,192,fall,38.7,77.41,NA,NA,2010,NA,2009-10-01T00:00:00Z,2010-10-01T00:00:00Z,-120.241,39.6813
396814N1202407W001,1751407,2009-10-28T00:00:00Z,4946.5,4945.7,0,55.9,4890.6,55.9,55.1,NA,Unknown,Water level accuracy is unknown,1,Department of Water Resources,NA,1,Department of Water Resources,298,325,20067,21N15E12J001M,21N15E12J001M,USGS quad,5 ft.,5-012.01,Sierra Valley,Sierra,360,Irrigation,Single Well,YES,1981-04-22 00:00:00 - 2020-04-24 12:00:00,192,fall,38.7,77.41,NA,NA,2010,NA,2009-10-01T00:00:00Z,2010-10-01T00:00:00Z,-120.241,39.6813
396814N1202407W001,1751406,2009-04-13T00:00:00Z,4946.5,4945.7,0,36.3,4910.2,36.3,35.5,NA,Unknown,Water level accuracy is unknown,1,Department of Water Resources,NA,1,Department of Water Resources,35,100,20067,21N15E12J001M,21N15E12J001M,USGS quad,5 ft.,5-012.01,Sierra Valley,Sierra,360,Irrigation,Single Well,YES,1981-04-22 00:00:00 - 2020-04-24 12:00:00,192,spring,NA,NA,21.8,47.2,2009,NA,2008-10-01T00:00:00Z,2009-10-01T00:00:00Z,-120.241,39.6813
396814N1202407W001,1751406,2009-04-13T00:00:00Z,4946.5,4945.7,0,36.3,4910.2,36.3,35.5,NA,Unknown,Water level accuracy is unknown,1,Department of Water Resources,NA,1,Department of Water Resources,120,220,20067,21N15E12J001M,21N15E12J001M,USGS quad,5 ft.,5-012.01,Sierra Valley,Sierra,360,Irrigation,Single Well,YES,1981-04-22 00:00:00 - 2020-04-24 12:00:00,192,spring,NA,NA,21.8,47.2,2009,NA,2008-10-01T00:00:00Z,2009-10-01T00:00:00Z,-120.241,39.6813
396814N1202407W001,1751406,2009-04-13T00:00:00Z,4946.5,4945.7,0,36.3,4910.2,36.3,35.5,NA,Unknown,Water level accuracy is unknown,1,Department of Water Resources,NA,1,Department of Water Resources,298,325,20067,21N15E12J001M,21N15E12J001M,USGS quad,5 ft.,5-012.01,Sierra Valley,Sierra,360,Irrigation,Single Well,YES,1981-04-22 00:00:00 - 2020-04-24 12:00:00,192,spring,NA,NA,21.8,47.2,2009,NA,2008-10-01T00:00:00Z,2009-10-01T00:00:00Z,-120.241,39.6813
396814N1202407W001,1751405,2008-10-27T00:00:00Z,4946.5,4945.7,0,60.4,4886.1,60.4,59.6,NA,Unknown,Water level accuracy is unknown,1,Department of Water Resources,NA,1,Department of Water Resources,35,100,20067,21N15E12J001M,21N15E12J001M,USGS quad,5 ft.,5-012.01,Sierra Valley,Sierra,360,Irrigation,Single Well,YES,1981-04-22 00:00:00 - 2020-04-24 12:00:00,192,fall,38.7,77.41,NA,NA,2009,NA,2008-10-01T00:00:00Z,2009-10-01T00:00:00Z,-120.241,39.6813
396814N1202407W001,1751405,2008-10-27T00:00:00Z,4946.5,4945.7,0,60.4,4886.1,60.4,59.6,NA,Unknown,Water level accuracy is unknown,1,Department of Water Resources,NA,1,Department of Water Resources,120,220,20067,21N15E12J001M,21N15E12J001M,USGS quad,5 ft.,5-012.01,Sierra Valley,Sierra,360,Irrigation,Single Well,YES,1981-04-22 00:00:00 - 2020-04-24 12:00:00,192,fall,38.7,77.41,NA,NA,2009,NA,2008-10-01T00:00:00Z,2009-10-01T00:00:00Z,-120.241,39.6813
396814N1202407W001,1751405,2008-10-27T00:00:00Z,4946.5,4945.7,0,60.4,4886.1,60.4,59.6,NA,Unknown,Water level accuracy is unknown,1,Department of Water Resources,NA,1,Department of Water Resources,298,325,20067,21N15E12J001M,21N15E12J001M,USGS quad,5 ft.,5-012.01,Sierra Valley,Sierra,360,Irrigation,Single Well,YES,1981-04-22 00:00:00 - 2020-04-24 12:00:00,192,fall,38.7,77.41,NA,NA,2009,NA,2008-10-01T00:00:00Z,2009-10-01T00:00:00Z,-120.241,39.6813
396814N1202407W001,1751403,2008-04-09T00:00:00Z,4946.5,4945.7,0,36,4910.5,36,35.2,NA,Unknown,Water level accuracy is unknown,1,Department of Water Resources,NA,1,Department of Water Resources,35,100,20067,21N15E12J001M,21N15E12J001M,USGS quad,5 ft.,5-012.01,Sierra Valley,Sierra,360,Irrigation,Single Well,YES,1981-04-22 00:00:00 - 2020-04-24 12:00:00,192,spring,NA,NA,21.8,47.2,2008,NA,2007-10-01T00:00:00Z,2008-10-01T00:00:00Z,-120.241,39.6813
396814N1202407W001,1751403,2008-04-09T00:00:00Z,4946.5,4945.7,0,36,4910.5,36,35.2,NA,Unknown,Water level accuracy is unknown,1,Department of Water Resources,NA,1,Department of Water Resources,120,220,20067,21N15E12J001M,21N15E12J001M,USGS quad,5 ft.,5-012.01,Sierra Valley,Sierra,360,Irrigation,Single Well,YES,1981-04-22 00:00:00 - 2020-04-24 12:00:00,192,spring,NA,NA,21.8,47.2,2008,NA,2007-10-01T00:00:00Z,2008-10-01T00:00:00Z,-120.241,39.6813
396814N1202407W001,1751403,2008-04-09T00:00:00Z,4946.5,4945.7,0,36,4910.5,36,35.2,NA,Unknown,Water level accuracy is unknown,1,Department of Water Resources,NA,1,Department of Water Resources,298,325,20067,21N15E12J001M,21N15E12J001M,USGS quad,5 ft.,5-012.01,Sierra Valley,Sierra,360,Irrigation,Single Well,YES,1981-04-22 00:00:00 - 2020-04-24 12:00:00,192,spring,NA,NA,21.8,47.2,2008,NA,2007-10-01T00:00:00Z,2008-10-01T00:00:00Z,-120.241,39.6813
396814N1202407W001,1751404,2007-10-25T00:00:00Z,4946.5,4945.7,0,61.8,4884.7,61.8,61,NA,Unknown,Water level accuracy is unknown,1,Department of Water Resources,NA,1,Department of Water Resources,35,100,20067,21N15E12J001M,21N15E12J001M,USGS quad,5 ft.,5-012.01,Sierra Valley,Sierra,360,Irrigation,Single Well,YES,1981-04-22 00:00:00 - 2020-04-24 12:00:00,192,fall,38.7,77.41,NA,NA,2008,NA,2007-10-01T00:00:00Z,2008-10-01T00:00:00Z,-120.241,39.6813
396814N1202407W001,1751404,2007-10-25T00:00:00Z,4946.5,4945.7,0,61.8,4884.7,61.8,61,NA,Unknown,Water level accuracy is unknown,1,Department of Water Resources,NA,1,Department of Water Resources,120,220,20067,21N15E12J001M,21N15E12J001M,USGS quad,5 ft.,5-012.01,Sierra Valley,Sierra,360,Irrigation,Single Well,YES,1981-04-22 00:00:00 - 2020-04-24 12:00:00,192,fall,38.7,77.41,NA,NA,2008,NA,2007-10-01T00:00:00Z,2008-10-01T00:00:00Z,-120.241,39.6813
396814N1202407W001,1751404,2007-10-25T00:00:00Z,4946.5,4945.7,0,61.8,4884.7,61.8,61,NA,Unknown,Water level accuracy is unknown,1,Department of Water Resources,NA,1,Department of Water Resources,298,325,20067,21N15E12J001M,21N15E12J001M,USGS quad,5 ft.,5-012.01,Sierra Valley,Sierra,360,Irrigation,Single Well,YES,1981-04-22 00:00:00 - 2020-04-24 12:00:00,192,fall,38.7,77.41,NA,NA,2008,NA,2007-10-01T00:00:00Z,2008-10-01T00:00:00Z,-120.241,39.6813
396814N1202407W001,1751402,2007-04-10T00:00:00Z,4946.5,4945.7,0,34.8,4911.7,34.8,34,NA,Unknown,Water level accuracy is unknown,1,Department of Water Resources,NA,1,Department of Water Resources,35,100,20067,21N15E12J001M,21N15E12J001M,USGS quad,5 ft.,5-012.01,Sierra Valley,Sierra,360,Irrigation,Single Well,YES,1981-04-22 00:00:00 - 2020-04-24 12:00:00,192,spring,NA,NA,21.8,47.2,2007,Dry,2006-10-01T00:00:00Z,2007-10-01T00:00:00Z,-120.241,39.6813
396814N1202407W001,1751402,2007-04-10T00:00:00Z,4946.5,4945.7,0,34.8,4911.7,34.8,34,NA,Unknown,Water level accuracy is unknown,1,Department of Water Resources,NA,1,Department of Water Resources,120,220,20067,21N15E12J001M,21N15E12J001M,USGS quad,5 ft.,5-012.01,Sierra Valley,Sierra,360,Irrigation,Single Well,YES,1981-04-22 00:00:00 - 2020-04-24 12:00:00,192,spring,NA,NA,21.8,47.2,2007,Dry,2006-10-01T00:00:00Z,2007-10-01T00:00:00Z,-120.241,39.6813
396814N1202407W001,1751402,2007-04-10T00:00:00Z,4946.5,4945.7,0,34.8,4911.7,34.8,34,NA,Unknown,Water level accuracy is unknown,1,Department of Water Resources,NA,1,Department of Water Resources,298,325,20067,21N15E12J001M,21N15E12J001M,USGS quad,5 ft.,5-012.01,Sierra Valley,Sierra,360,Irrigation,Single Well,YES,1981-04-22 00:00:00 - 2020-04-24 12:00:00,192,spring,NA,NA,21.8,47.2,2007,Dry,2006-10-01T00:00:00Z,2007-10-01T00:00:00Z,-120.241,39.6813
396814N1202407W001,1751401,2006-10-17T00:00:00Z,4946.5,4945.7,0,48,4898.5,48,47.2,NA,Unknown,Water level accuracy is unknown,1,Department of Water Resources,NA,1,Department of Water Resources,35,100,20067,21N15E12J001M,21N15E12J001M,USGS quad,5 ft.,5-012.01,Sierra Valley,Sierra,360,Irrigation,Single Well,YES,1981-04-22 00:00:00 - 2020-04-24 12:00:00,192,fall,38.7,77.41,NA,NA,2007,Dry,2006-10-01T00:00:00Z,2007-10-01T00:00:00Z,-120.241,39.6813
396814N1202407W001,1751401,2006-10-17T00:00:00Z,4946.5,4945.7,0,48,4898.5,48,47.2,NA,Unknown,Water level accuracy is unknown,1,Department of Water Resources,NA,1,Department of Water Resources,120,220,20067,21N15E12J001M,21N15E12J001M,USGS quad,5 ft.,5-012.01,Sierra Valley,Sierra,360,Irrigation,Single Well,YES,1981-04-22 00:00:00 - 2020-04-24 12:00:00,192,fall,38.7,77.41,NA,NA,2007,Dry,2006-10-01T00:00:00Z,2007-10-01T00:00:00Z,-120.241,39.6813
396814N1202407W001,1751401,2006-10-17T00:00:00Z,4946.5,4945.7,0,48,4898.5,48,47.2,NA,Unknown,Water level accuracy is unknown,1,Department of Water Resources,NA,1,Department of Water Resources,298,325,20067,21N15E12J001M,21N15E12J001M,USGS quad,5 ft.,5-012.01,Sierra Valley,Sierra,360,Irrigation,Single Well,YES,1981-04-22 00:00:00 - 2020-04-24 12:00:00,192,fall,38.7,77.41,NA,NA,2007,Dry,2006-10-01T00:00:00Z,2007-10-01T00:00:00Z,-120.241,39.6813
396814N1202407W001,1751400,2006-04-18T00:00:00Z,4946.5,4945.7,0,28.4,4918.1,28.4,27.6,NA,Unknown,Water level accuracy is unknown,1,Department of Water Resources,NA,1,Department of Water Resources,35,100,20067,21N15E12J001M,21N15E12J001M,USGS quad,5 ft.,5-012.01,Sierra Valley,Sierra,360,Irrigation,Single Well,YES,1981-04-22 00:00:00 - 2020-04-24 12:00:00,192,spring,NA,NA,21.8,47.2,2006,Wet,2005-10-01T00:00:00Z,2006-10-01T00:00:00Z,-120.241,39.6813
396814N1202407W001,1751400,2006-04-18T00:00:00Z,4946.5,4945.7,0,28.4,4918.1,28.4,27.6,NA,Unknown,Water level accuracy is unknown,1,Department of Water Resources,NA,1,Department of Water Resources,120,220,20067,21N15E12J001M,21N15E12J001M,USGS quad,5 ft.,5-012.01,Sierra Valley,Sierra,360,Irrigation,Single Well,YES,1981-04-22 00:00:00 - 2020-04-24 12:00:00,192,spring,NA,NA,21.8,47.2,2006,Wet,2005-10-01T00:00:00Z,2006-10-01T00:00:00Z,-120.241,39.6813
396814N1202407W001,1751400,2006-04-18T00:00:00Z,4946.5,4945.7,0,28.4,4918.1,28.4,27.6,NA,Unknown,Water level accuracy is unknown,1,Department of Water Resources,NA,1,Department of Water Resources,298,325,20067,21N15E12J001M,21N15E12J001M,USGS quad,5 ft.,5-012.01,Sierra Valley,Sierra,360,Irrigation,Single Well,YES,1981-04-22 00:00:00 - 2020-04-24 12:00:00,192,spring,NA,NA,21.8,47.2,2006,Wet,2005-10-01T00:00:00Z,2006-10-01T00:00:00Z,-120.241,39.6813
396814N1202407W001,1751399,2005-10-27T00:00:00Z,4946.5,4945.7,0,48.4,4898.1,48.4,47.6,NA,Unknown,Water level accuracy is unknown,1,Department of Water Resources,NA,1,Department of Water Resources,35,100,20067,21N15E12J001M,21N15E12J001M,USGS quad,5 ft.,5-012.01,Sierra Valley,Sierra,360,Irrigation,Single Well,YES,1981-04-22 00:00:00 - 2020-04-24 12:00:00,192,fall,38.7,77.41,NA,NA,2006,Wet,2005-10-01T00:00:00Z,2006-10-01T00:00:00Z,-120.241,39.6813
396814N1202407W001,1751399,2005-10-27T00:00:00Z,4946.5,4945.7,0,48.4,4898.1,48.4,47.6,NA,Unknown,Water level accuracy is unknown,1,Department of Water Resources,NA,1,Department of Water Resources,120,220,20067,21N15E12J001M,21N15E12J001M,USGS quad,5 ft.,5-012.01,Sierra Valley,Sierra,360,Irrigation,Single Well,YES,1981-04-22 00:00:00 - 2020-04-24 12:00:00,192,fall,38.7,77.41,NA,NA,2006,Wet,2005-10-01T00:00:00Z,2006-10-01T00:00:00Z,-120.241,39.6813
396814N1202407W001,1751399,2005-10-27T00:00:00Z,4946.5,4945.7,0,48.4,4898.1,48.4,47.6,NA,Unknown,Water level accuracy is unknown,1,Department of Water Resources,NA,1,Department of Water Resources,298,325,20067,21N15E12J001M,21N15E12J001M,USGS quad,5 ft.,5-012.01,Sierra Valley,Sierra,360,Irrigation,Single Well,YES,1981-04-22 00:00:00 - 2020-04-24 12:00:00,192,fall,38.7,77.41,NA,NA,2006,Wet,2005-10-01T00:00:00Z,2006-10-01T00:00:00Z,-120.241,39.6813
396814N1202407W001,1751398,2005-04-05T00:00:00Z,4946.5,4945.7,0,32.6,4913.9,32.6,31.8,NA,Unknown,Water level accuracy is unknown,1,Department of Water Resources,NA,1,Department of Water Resources,35,100,20067,21N15E12J001M,21N15E12J001M,USGS quad,5 ft.,5-012.01,Sierra Valley,Sierra,360,Irrigation,Single Well,YES,1981-04-22 00:00:00 - 2020-04-24 12:00:00,192,spring,NA,NA,21.8,47.2,2005,NA,2004-10-01T00:00:00Z,2005-10-01T00:00:00Z,-120.241,39.6813
396814N1202407W001,1751398,2005-04-05T00:00:00Z,4946.5,4945.7,0,32.6,4913.9,32.6,31.8,NA,Unknown,Water level accuracy is unknown,1,Department of Water Resources,NA,1,Department of Water Resources,120,220,20067,21N15E12J001M,21N15E12J001M,USGS quad,5 ft.,5-012.01,Sierra Valley,Sierra,360,Irrigation,Single Well,YES,1981-04-22 00:00:00 - 2020-04-24 12:00:00,192,spring,NA,NA,21.8,47.2,2005,NA,2004-10-01T00:00:00Z,2005-10-01T00:00:00Z,-120.241,39.6813
396814N1202407W001,1751398,2005-04-05T00:00:00Z,4946.5,4945.7,0,32.6,4913.9,32.6,31.8,NA,Unknown,Water level accuracy is unknown,1,Department of Water Resources,NA,1,Department of Water Resources,298,325,20067,21N15E12J001M,21N15E12J001M,USGS quad,5 ft.,5-012.01,Sierra Valley,Sierra,360,Irrigation,Single Well,YES,1981-04-22 00:00:00 - 2020-04-24 12:00:00,192,spring,NA,NA,21.8,47.2,2005,NA,2004-10-01T00:00:00Z,2005-10-01T00:00:00Z,-120.241,39.6813
396814N1202407W001,1751397,2004-10-15T00:00:00Z,4946.5,4945.7,0,62.6,4883.9,62.6,61.8,NA,Unknown,Water level accuracy is unknown,1,Department of Water Resources,NA,1,Department of Water Resources,35,100,20067,21N15E12J001M,21N15E12J001M,USGS quad,5 ft.,5-012.01,Sierra Valley,Sierra,360,Irrigation,Single Well,YES,1981-04-22 00:00:00 - 2020-04-24 12:00:00,192,fall,38.7,77.41,NA,NA,2005,NA,2004-10-01T00:00:00Z,2005-10-01T00:00:00Z,-120.241,39.6813
396814N1202407W001,1751397,2004-10-15T00:00:00Z,4946.5,4945.7,0,62.6,4883.9,62.6,61.8,NA,Unknown,Water level accuracy is unknown,1,Department of Water Resources,NA,1,Department of Water Resources,120,220,20067,21N15E12J001M,21N15E12J001M,USGS quad,5 ft.,5-012.01,Sierra Valley,Sierra,360,Irrigation,Single Well,YES,1981-04-22 00:00:00 - 2020-04-24 12:00:00,192,fall,38.7,77.41,NA,NA,2005,NA,2004-10-01T00:00:00Z,2005-10-01T00:00:00Z,-120.241,39.6813
396814N1202407W001,1751397,2004-10-15T00:00:00Z,4946.5,4945.7,0,62.6,4883.9,62.6,61.8,NA,Unknown,Water level accuracy is unknown,1,Department of Water Resources,NA,1,Department of Water Resources,298,325,20067,21N15E12J001M,21N15E12J001M,USGS quad,5 ft.,5-012.01,Sierra Valley,Sierra,360,Irrigation,Single Well,YES,1981-04-22 00:00:00 - 2020-04-24 12:00:00,192,fall,38.7,77.41,NA,NA,2005,NA,2004-10-01T00:00:00Z,2005-10-01T00:00:00Z,-120.241,39.6813
396814N1202407W001,1751396,2004-04-07T00:00:00Z,4946.5,4945.7,0,29.1,4917.4,29.1,28.3,NA,Unknown,Water level accuracy is unknown,1,Department of Water Resources,NA,1,Department of Water Resources,35,100,20067,21N15E12J001M,21N15E12J001M,USGS quad,5 ft.,5-012.01,Sierra Valley,Sierra,360,Irrigation,Single Well,YES,1981-04-22 00:00:00 - 2020-04-24 12:00:00,192,spring,NA,NA,21.8,47.2,2004,NA,2003-10-01T00:00:00Z,2004-10-01T00:00:00Z,-120.241,39.6813
396814N1202407W001,1751396,2004-04-07T00:00:00Z,4946.5,4945.7,0,29.1,4917.4,29.1,28.3,NA,Unknown,Water level accuracy is unknown,1,Department of Water Resources,NA,1,Department of Water Resources,120,220,20067,21N15E12J001M,21N15E12J001M,USGS quad,5 ft.,5-012.01,Sierra Valley,Sierra,360,Irrigation,Single Well,YES,1981-04-22 00:00:00 - 2020-04-24 12:00:00,192,spring,NA,NA,21.8,47.2,2004,NA,2003-10-01T00:00:00Z,2004-10-01T00:00:00Z,-120.241,39.6813
396814N1202407W001,1751396,2004-04-07T00:00:00Z,4946.5,4945.7,0,29.1,4917.4,29.1,28.3,NA,Unknown,Water level accuracy is unknown,1,Department of Water Resources,NA,1,Department of Water Resources,298,325,20067,21N15E12J001M,21N15E12J001M,USGS quad,5 ft.,5-012.01,Sierra Valley,Sierra,360,Irrigation,Single Well,YES,1981-04-22 00:00:00 - 2020-04-24 12:00:00,192,spring,NA,NA,21.8,47.2,2004,NA,2003-10-01T00:00:00Z,2004-10-01T00:00:00Z,-120.241,39.6813
396814N1202407W001,1751395,2003-10-29T00:00:00Z,4946.5,4945.7,0,58.6,4887.9,58.6,57.8,NA,Unknown,Water level accuracy is unknown,1,Department of Water Resources,NA,1,Department of Water Resources,35,100,20067,21N15E12J001M,21N15E12J001M,USGS quad,5 ft.,5-012.01,Sierra Valley,Sierra,360,Irrigation,Single Well,YES,1981-04-22 00:00:00 - 2020-04-24 12:00:00,192,fall,38.7,77.41,NA,NA,2004,NA,2003-10-01T00:00:00Z,2004-10-01T00:00:00Z,-120.241,39.6813
396814N1202407W001,1751395,2003-10-29T00:00:00Z,4946.5,4945.7,0,58.6,4887.9,58.6,57.8,NA,Unknown,Water level accuracy is unknown,1,Department of Water Resources,NA,1,Department of Water Resources,120,220,20067,21N15E12J001M,21N15E12J001M,USGS quad,5 ft.,5-012.01,Sierra Valley,Sierra,360,Irrigation,Single Well,YES,1981-04-22 00:00:00 - 2020-04-24 12:00:00,192,fall,38.7,77.41,NA,NA,2004,NA,2003-10-01T00:00:00Z,2004-10-01T00:00:00Z,-120.241,39.6813
396814N1202407W001,1751395,2003-10-29T00:00:00Z,4946.5,4945.7,0,58.6,4887.9,58.6,57.8,NA,Unknown,Water level accuracy is unknown,1,Department of Water Resources,NA,1,Department of Water Resources,298,325,20067,21N15E12J001M,21N15E12J001M,USGS quad,5 ft.,5-012.01,Sierra Valley,Sierra,360,Irrigation,Single Well,YES,1981-04-22 00:00:00 - 2020-04-24 12:00:00,192,fall,38.7,77.41,NA,NA,2004,NA,2003-10-01T00:00:00Z,2004-10-01T00:00:00Z,-120.241,39.6813
396814N1202407W001,1751394,2003-03-28T00:00:00Z,4946.5,4945.7,0,35.2,4911.3,35.2,34.4,NA,Unknown,Water level accuracy is unknown,1,Department of Water Resources,NA,1,Department of Water Resources,35,100,20067,21N15E12J001M,21N15E12J001M,USGS quad,5 ft.,5-012.01,Sierra Valley,Sierra,360,Irrigation,Single Well,YES,1981-04-22 00:00:00 - 2020-04-24 12:00:00,192,spring,NA,NA,21.8,47.2,2003,NA,2002-10-01T00:00:00Z,2003-10-01T00:00:00Z,-120.241,39.6813
396814N1202407W001,1751394,2003-03-28T00:00:00Z,4946.5,4945.7,0,35.2,4911.3,35.2,34.4,NA,Unknown,Water level accuracy is unknown,1,Department of Water Resources,NA,1,Department of Water Resources,120,220,20067,21N15E12J001M,21N15E12J001M,USGS quad,5 ft.,5-012.01,Sierra Valley,Sierra,360,Irrigation,Single Well,YES,1981-04-22 00:00:00 - 2020-04-24 12:00:00,192,spring,NA,NA,21.8,47.2,2003,NA,2002-10-01T00:00:00Z,2003-10-01T00:00:00Z,-120.241,39.6813
396814N1202407W001,1751394,2003-03-28T00:00:00Z,4946.5,4945.7,0,35.2,4911.3,35.2,34.4,NA,Unknown,Water level accuracy is unknown,1,Department of Water Resources,NA,1,Department of Water Resources,298,325,20067,21N15E12J001M,21N15E12J001M,USGS quad,5 ft.,5-012.01,Sierra Valley,Sierra,360,Irrigation,Single Well,YES,1981-04-22 00:00:00 - 2020-04-24 12:00:00,192,spring,NA,NA,21.8,47.2,2003,NA,2002-10-01T00:00:00Z,2003-10-01T00:00:00Z,-120.241,39.6813
396814N1202407W001,1751393,2002-10-24T00:00:00Z,4946.5,4945.7,0,54.9,4891.6,54.9,54.1,NA,Unknown,Water level accuracy is unknown,1,Department of Water Resources,NA,1,Department of Water Resources,35,100,20067,21N15E12J001M,21N15E12J001M,USGS quad,5 ft.,5-012.01,Sierra Valley,Sierra,360,Irrigation,Single Well,YES,1981-04-22 00:00:00 - 2020-04-24 12:00:00,192,fall,38.7,77.41,NA,NA,2003,NA,2002-10-01T00:00:00Z,2003-10-01T00:00:00Z,-120.241,39.6813
396814N1202407W001,1751393,2002-10-24T00:00:00Z,4946.5,4945.7,0,54.9,4891.6,54.9,54.1,NA,Unknown,Water level accuracy is unknown,1,Department of Water Resources,NA,1,Department of Water Resources,120,220,20067,21N15E12J001M,21N15E12J001M,USGS quad,5 ft.,5-012.01,Sierra Valley,Sierra,360,Irrigation,Single Well,YES,1981-04-22 00:00:00 - 2020-04-24 12:00:00,192,fall,38.7,77.41,NA,NA,2003,NA,2002-10-01T00:00:00Z,2003-10-01T00:00:00Z,-120.241,39.6813
396814N1202407W001,1751393,2002-10-24T00:00:00Z,4946.5,4945.7,0,54.9,4891.6,54.9,54.1,NA,Unknown,Water level accuracy is unknown,1,Department of Water Resources,NA,1,Department of Water Resources,298,325,20067,21N15E12J001M,21N15E12J001M,USGS quad,5 ft.,5-012.01,Sierra Valley,Sierra,360,Irrigation,Single Well,YES,1981-04-22 00:00:00 - 2020-04-24 12:00:00,192,fall,38.7,77.41,NA,NA,2003,NA,2002-10-01T00:00:00Z,2003-10-01T00:00:00Z,-120.241,39.6813
396814N1202407W001,1751392,2002-03-26T00:00:00Z,4946.5,4945.7,0,29.4,4917.1,29.4,28.6,NA,Unknown,Water level accuracy is unknown,1,Department of Water Resources,NA,1,Department of Water Resources,35,100,20067,21N15E12J001M,21N15E12J001M,USGS quad,5 ft.,5-012.01,Sierra Valley,Sierra,360,Irrigation,Single Well,YES,1981-04-22 00:00:00 - 2020-04-24 12:00:00,192,spring,NA,NA,21.8,47.2,2002,NA,2001-10-01T00:00:00Z,2002-10-01T00:00:00Z,-120.241,39.6813
396814N1202407W001,1751392,2002-03-26T00:00:00Z,4946.5,4945.7,0,29.4,4917.1,29.4,28.6,NA,Unknown,Water level accuracy is unknown,1,Department of Water Resources,NA,1,Department of Water Resources,120,220,20067,21N15E12J001M,21N15E12J001M,USGS quad,5 ft.,5-012.01,Sierra Valley,Sierra,360,Irrigation,Single Well,YES,1981-04-22 00:00:00 - 2020-04-24 12:00:00,192,spring,NA,NA,21.8,47.2,2002,NA,2001-10-01T00:00:00Z,2002-10-01T00:00:00Z,-120.241,39.6813
396814N1202407W001,1751392,2002-03-26T00:00:00Z,4946.5,4945.7,0,29.4,4917.1,29.4,28.6,NA,Unknown,Water level accuracy is unknown,1,Department of Water Resources,NA,1,Department of Water Resources,298,325,20067,21N15E12J001M,21N15E12J001M,USGS quad,5 ft.,5-012.01,Sierra Valley,Sierra,360,Irrigation,Single Well,YES,1981-04-22 00:00:00 - 2020-04-24 12:00:00,192,spring,NA,NA,21.8,47.2,2002,NA,2001-10-01T00:00:00Z,2002-10-01T00:00:00Z,-120.241,39.6813
396814N1202407W001,1751391,2001-10-17T00:00:00Z,4946.5,4945.7,0,58.1,4888.4,58.1,57.3,NA,Unknown,Water level accuracy is unknown,1,Department of Water Resources,NA,1,Department of Water Resources,35,100,20067,21N15E12J001M,21N15E12J001M,USGS quad,5 ft.,5-012.01,Sierra Valley,Sierra,360,Irrigation,Single Well,YES,1981-04-22 00:00:00 - 2020-04-24 12:00:00,192,fall,38.7,77.41,NA,NA,2002,NA,2001-10-01T00:00:00Z,2002-10-01T00:00:00Z,-120.241,39.6813
396814N1202407W001,1751391,2001-10-17T00:00:00Z,4946.5,4945.7,0,58.1,4888.4,58.1,57.3,NA,Unknown,Water level accuracy is unknown,1,Department of Water Resources,NA,1,Department of Water Resources,120,220,20067,21N15E12J001M,21N15E12J001M,USGS quad,5 ft.,5-012.01,Sierra Valley,Sierra,360,Irrigation,Single Well,YES,1981-04-22 00:00:00 - 2020-04-24 12:00:00,192,fall,38.7,77.41,NA,NA,2002,NA,2001-10-01T00:00:00Z,2002-10-01T00:00:00Z,-120.241,39.6813
396814N1202407W001,1751391,2001-10-17T00:00:00Z,4946.5,4945.7,0,58.1,4888.4,58.1,57.3,NA,Unknown,Water level accuracy is unknown,1,Department of Water Resources,NA,1,Department of Water Resources,298,325,20067,21N15E12J001M,21N15E12J001M,USGS quad,5 ft.,5-012.01,Sierra Valley,Sierra,360,Irrigation,Single Well,YES,1981-04-22 00:00:00 - 2020-04-24 12:00:00,192,fall,38.7,77.41,NA,NA,2002,NA,2001-10-01T00:00:00Z,2002-10-01T00:00:00Z,-120.241,39.6813
396814N1202407W001,1751390,2001-03-27T00:00:00Z,4946.5,4945.7,0,26.6,4919.9,26.6,25.8,NA,Unknown,Water level accuracy is unknown,1,Department of Water Resources,NA,1,Department of Water Resources,35,100,20067,21N15E12J001M,21N15E12J001M,USGS quad,5 ft.,5-012.01,Sierra Valley,Sierra,360,Irrigation,Single Well,YES,1981-04-22 00:00:00 - 2020-04-24 12:00:00,192,spring,NA,NA,21.8,47.2,2001,Dry,2000-10-01T00:00:00Z,2001-10-01T00:00:00Z,-120.241,39.6813
396814N1202407W001,1751390,2001-03-27T00:00:00Z,4946.5,4945.7,0,26.6,4919.9,26.6,25.8,NA,Unknown,Water level accuracy is unknown,1,Department of Water Resources,NA,1,Department of Water Resources,120,220,20067,21N15E12J001M,21N15E12J001M,USGS quad,5 ft.,5-012.01,Sierra Valley,Sierra,360,Irrigation,Single Well,YES,1981-04-22 00:00:00 - 2020-04-24 12:00:00,192,spring,NA,NA,21.8,47.2,2001,Dry,2000-10-01T00:00:00Z,2001-10-01T00:00:00Z,-120.241,39.6813
396814N1202407W001,1751390,2001-03-27T00:00:00Z,4946.5,4945.7,0,26.6,4919.9,26.6,25.8,NA,Unknown,Water level accuracy is unknown,1,Department of Water Resources,NA,1,Department of Water Resources,298,325,20067,21N15E12J001M,21N15E12J001M,USGS quad,5 ft.,5-012.01,Sierra Valley,Sierra,360,Irrigation,Single Well,YES,1981-04-22 00:00:00 - 2020-04-24 12:00:00,192,spring,NA,NA,21.8,47.2,2001,Dry,2000-10-01T00:00:00Z,2001-10-01T00:00:00Z,-120.241,39.6813
396814N1202407W001,1751389,2000-10-18T00:00:00Z,4946.5,4945.7,0,47.7,4898.8,47.7,46.9,NA,Unknown,Water level accuracy is unknown,1,Department of Water Resources,NA,1,Department of Water Resources,35,100,20067,21N15E12J001M,21N15E12J001M,USGS quad,5 ft.,5-012.01,Sierra Valley,Sierra,360,Irrigation,Single Well,YES,1981-04-22 00:00:00 - 2020-04-24 12:00:00,192,fall,38.7,77.41,NA,NA,2001,Dry,2000-10-01T00:00:00Z,2001-10-01T00:00:00Z,-120.241,39.6813
396814N1202407W001,1751389,2000-10-18T00:00:00Z,4946.5,4945.7,0,47.7,4898.8,47.7,46.9,NA,Unknown,Water level accuracy is unknown,1,Department of Water Resources,NA,1,Department of Water Resources,120,220,20067,21N15E12J001M,21N15E12J001M,USGS quad,5 ft.,5-012.01,Sierra Valley,Sierra,360,Irrigation,Single Well,YES,1981-04-22 00:00:00 - 2020-04-24 12:00:00,192,fall,38.7,77.41,NA,NA,2001,Dry,2000-10-01T00:00:00Z,2001-10-01T00:00:00Z,-120.241,39.6813
396814N1202407W001,1751389,2000-10-18T00:00:00Z,4946.5,4945.7,0,47.7,4898.8,47.7,46.9,NA,Unknown,Water level accuracy is unknown,1,Department of Water Resources,NA,1,Department of Water Resources,298,325,20067,21N15E12J001M,21N15E12J001M,USGS quad,5 ft.,5-012.01,Sierra Valley,Sierra,360,Irrigation,Single Well,YES,1981-04-22 00:00:00 - 2020-04-24 12:00:00,192,fall,38.7,77.41,NA,NA,2001,Dry,2000-10-01T00:00:00Z,2001-10-01T00:00:00Z,-120.241,39.6813
396814N1202407W001,1751388,2000-03-26T00:00:00Z,4946.5,4945.7,0,24.7,4921.8,24.7,23.9,NA,Unknown,Water level accuracy is unknown,1,Department of Water Resources,NA,1,Department of Water Resources,35,100,20067,21N15E12J001M,21N15E12J001M,USGS quad,5 ft.,5-012.01,Sierra Valley,Sierra,360,Irrigation,Single Well,YES,1981-04-22 00:00:00 - 2020-04-24 12:00:00,192,spring,NA,NA,21.8,47.2,2000,NA,1999-10-01T00:00:00Z,2000-10-01T00:00:00Z,-120.241,39.6813
396814N1202407W001,1751388,2000-03-26T00:00:00Z,4946.5,4945.7,0,24.7,4921.8,24.7,23.9,NA,Unknown,Water level accuracy is unknown,1,Department of Water Resources,NA,1,Department of Water Resources,120,220,20067,21N15E12J001M,21N15E12J001M,USGS quad,5 ft.,5-012.01,Sierra Valley,Sierra,360,Irrigation,Single Well,YES,1981-04-22 00:00:00 - 2020-04-24 12:00:00,192,spring,NA,NA,21.8,47.2,2000,NA,1999-10-01T00:00:00Z,2000-10-01T00:00:00Z,-120.241,39.6813
396814N1202407W001,1751388,2000-03-26T00:00:00Z,4946.5,4945.7,0,24.7,4921.8,24.7,23.9,NA,Unknown,Water level accuracy is unknown,1,Department of Water Resources,NA,1,Department of Water Resources,298,325,20067,21N15E12J001M,21N15E12J001M,USGS quad,5 ft.,5-012.01,Sierra Valley,Sierra,360,Irrigation,Single Well,YES,1981-04-22 00:00:00 - 2020-04-24 12:00:00,192,spring,NA,NA,21.8,47.2,2000,NA,1999-10-01T00:00:00Z,2000-10-01T00:00:00Z,-120.241,39.6813
396814N1202407W001,1751386,1999-10-12T00:00:00Z,4946.5,4945.7,0,55.4,4891.1,55.4,54.6,NA,Unknown,Water level accuracy is unknown,1,Department of Water Resources,NA,1,Department of Water Resources,35,100,20067,21N15E12J001M,21N15E12J001M,USGS quad,5 ft.,5-012.01,Sierra Valley,Sierra,360,Irrigation,Single Well,YES,1981-04-22 00:00:00 - 2020-04-24 12:00:00,192,fall,38.7,77.41,NA,NA,2000,NA,1999-10-01T00:00:00Z,2000-10-01T00:00:00Z,-120.241,39.6813
396814N1202407W001,1751386,1999-10-12T00:00:00Z,4946.5,4945.7,0,55.4,4891.1,55.4,54.6,NA,Unknown,Water level accuracy is unknown,1,Department of Water Resources,NA,1,Department of Water Resources,120,220,20067,21N15E12J001M,21N15E12J001M,USGS quad,5 ft.,5-012.01,Sierra Valley,Sierra,360,Irrigation,Single Well,YES,1981-04-22 00:00:00 - 2020-04-24 12:00:00,192,fall,38.7,77.41,NA,NA,2000,NA,1999-10-01T00:00:00Z,2000-10-01T00:00:00Z,-120.241,39.6813
396814N1202407W001,1751386,1999-10-12T00:00:00Z,4946.5,4945.7,0,55.4,4891.1,55.4,54.6,NA,Unknown,Water level accuracy is unknown,1,Department of Water Resources,NA,1,Department of Water Resources,298,325,20067,21N15E12J001M,21N15E12J001M,USGS quad,5 ft.,5-012.01,Sierra Valley,Sierra,360,Irrigation,Single Well,YES,1981-04-22 00:00:00 - 2020-04-24 12:00:00,192,fall,38.7,77.41,NA,NA,2000,NA,1999-10-01T00:00:00Z,2000-10-01T00:00:00Z,-120.241,39.6813
396814N1202407W001,1751387,1999-04-15T00:00:00Z,4946.5,4945.7,0,22.6,4923.9,22.6,21.8,NA,Unknown,Water level accuracy is unknown,1,Department of Water Resources,NA,1,Department of Water Resources,35,100,20067,21N15E12J001M,21N15E12J001M,USGS quad,5 ft.,5-012.01,Sierra Valley,Sierra,360,Irrigation,Single Well,YES,1981-04-22 00:00:00 - 2020-04-24 12:00:00,192,spring,NA,NA,21.8,47.2,1999,NA,1998-10-01T00:00:00Z,1999-10-01T00:00:00Z,-120.241,39.6813
396814N1202407W001,1751387,1999-04-15T00:00:00Z,4946.5,4945.7,0,22.6,4923.9,22.6,21.8,NA,Unknown,Water level accuracy is unknown,1,Department of Water Resources,NA,1,Department of Water Resources,120,220,20067,21N15E12J001M,21N15E12J001M,USGS quad,5 ft.,5-012.01,Sierra Valley,Sierra,360,Irrigation,Single Well,YES,1981-04-22 00:00:00 - 2020-04-24 12:00:00,192,spring,NA,NA,21.8,47.2,1999,NA,1998-10-01T00:00:00Z,1999-10-01T00:00:00Z,-120.241,39.6813
396814N1202407W001,1751387,1999-04-15T00:00:00Z,4946.5,4945.7,0,22.6,4923.9,22.6,21.8,NA,Unknown,Water level accuracy is unknown,1,Department of Water Resources,NA,1,Department of Water Resources,298,325,20067,21N15E12J001M,21N15E12J001M,USGS quad,5 ft.,5-012.01,Sierra Valley,Sierra,360,Irrigation,Single Well,YES,1981-04-22 00:00:00 - 2020-04-24 12:00:00,192,spring,NA,NA,21.8,47.2,1999,NA,1998-10-01T00:00:00Z,1999-10-01T00:00:00Z,-120.241,39.6813
396814N1202407W001,1751385,1998-10-14T00:00:00Z,4946.5,4945.7,0,43.9,4902.6,43.9,43.1,NA,Unknown,Water level accuracy is unknown,1,Department of Water Resources,NA,1,Department of Water Resources,35,100,20067,21N15E12J001M,21N15E12J001M,USGS quad,5 ft.,5-012.01,Sierra Valley,Sierra,360,Irrigation,Single Well,YES,1981-04-22 00:00:00 - 2020-04-24 12:00:00,192,fall,38.7,77.41,NA,NA,1999,NA,1998-10-01T00:00:00Z,1999-10-01T00:00:00Z,-120.241,39.6813
396814N1202407W001,1751385,1998-10-14T00:00:00Z,4946.5,4945.7,0,43.9,4902.6,43.9,43.1,NA,Unknown,Water level accuracy is unknown,1,Department of Water Resources,NA,1,Department of Water Resources,120,220,20067,21N15E12J001M,21N15E12J001M,USGS quad,5 ft.,5-012.01,Sierra Valley,Sierra,360,Irrigation,Single Well,YES,1981-04-22 00:00:00 - 2020-04-24 12:00:00,192,fall,38.7,77.41,NA,NA,1999,NA,1998-10-01T00:00:00Z,1999-10-01T00:00:00Z,-120.241,39.6813
396814N1202407W001,1751385,1998-10-14T00:00:00Z,4946.5,4945.7,0,43.9,4902.6,43.9,43.1,NA,Unknown,Water level accuracy is unknown,1,Department of Water Resources,NA,1,Department of Water Resources,298,325,20067,21N15E12J001M,21N15E12J001M,USGS quad,5 ft.,5-012.01,Sierra Valley,Sierra,360,Irrigation,Single Well,YES,1981-04-22 00:00:00 - 2020-04-24 12:00:00,192,fall,38.7,77.41,NA,NA,1999,NA,1998-10-01T00:00:00Z,1999-10-01T00:00:00Z,-120.241,39.6813
396814N1202407W001,1751384,1998-05-15T00:00:00Z,4946.5,4945.7,0,25.3,4921.2,25.3,24.5,NA,Unknown,Water level accuracy is unknown,1,Department of Water Resources,NA,1,Department of Water Resources,35,100,20067,21N15E12J001M,21N15E12J001M,USGS quad,5 ft.,5-012.01,Sierra Valley,Sierra,360,Irrigation,Single Well,YES,1981-04-22 00:00:00 - 2020-04-24 12:00:00,192,spring,NA,NA,21.8,47.2,1998,NA,1997-10-01T00:00:00Z,1998-10-01T00:00:00Z,-120.241,39.6813
396814N1202407W001,1751384,1998-05-15T00:00:00Z,4946.5,4945.7,0,25.3,4921.2,25.3,24.5,NA,Unknown,Water level accuracy is unknown,1,Department of Water Resources,NA,1,Department of Water Resources,120,220,20067,21N15E12J001M,21N15E12J001M,USGS quad,5 ft.,5-012.01,Sierra Valley,Sierra,360,Irrigation,Single Well,YES,1981-04-22 00:00:00 - 2020-04-24 12:00:00,192,spring,NA,NA,21.8,47.2,1998,NA,1997-10-01T00:00:00Z,1998-10-01T00:00:00Z,-120.241,39.6813
396814N1202407W001,1751384,1998-05-15T00:00:00Z,4946.5,4945.7,0,25.3,4921.2,25.3,24.5,NA,Unknown,Water level accuracy is unknown,1,Department of Water Resources,NA,1,Department of Water Resources,298,325,20067,21N15E12J001M,21N15E12J001M,USGS quad,5 ft.,5-012.01,Sierra Valley,Sierra,360,Irrigation,Single Well,YES,1981-04-22 00:00:00 - 2020-04-24 12:00:00,192,spring,NA,NA,21.8,47.2,1998,NA,1997-10-01T00:00:00Z,1998-10-01T00:00:00Z,-120.241,39.6813
396814N1202407W001,1751383,1997-10-17T00:00:00Z,4946.5,4945.7,0,50.7,4895.8,50.7,49.9,NA,Unknown,Water level accuracy is unknown,1,Department of Water Resources,NA,1,Department of Water Resources,35,100,20067,21N15E12J001M,21N15E12J001M,USGS quad,5 ft.,5-012.01,Sierra Valley,Sierra,360,Irrigation,Single Well,YES,1981-04-22 00:00:00 - 2020-04-24 12:00:00,192,fall,38.7,77.41,NA,NA,1998,NA,1997-10-01T00:00:00Z,1998-10-01T00:00:00Z,-120.241,39.6813
396814N1202407W001,1751383,1997-10-17T00:00:00Z,4946.5,4945.7,0,50.7,4895.8,50.7,49.9,NA,Unknown,Water level accuracy is unknown,1,Department of Water Resources,NA,1,Department of Water Resources,120,220,20067,21N15E12J001M,21N15E12J001M,USGS quad,5 ft.,5-012.01,Sierra Valley,Sierra,360,Irrigation,Single Well,YES,1981-04-22 00:00:00 - 2020-04-24 12:00:00,192,fall,38.7,77.41,NA,NA,1998,NA,1997-10-01T00:00:00Z,1998-10-01T00:00:00Z,-120.241,39.6813
396814N1202407W001,1751383,1997-10-17T00:00:00Z,4946.5,4945.7,0,50.7,4895.8,50.7,49.9,NA,Unknown,Water level accuracy is unknown,1,Department of Water Resources,NA,1,Department of Water Resources,298,325,20067,21N15E12J001M,21N15E12J001M,USGS quad,5 ft.,5-012.01,Sierra Valley,Sierra,360,Irrigation,Single Well,YES,1981-04-22 00:00:00 - 2020-04-24 12:00:00,192,fall,38.7,77.41,NA,NA,1998,NA,1997-10-01T00:00:00Z,1998-10-01T00:00:00Z,-120.241,39.6813
396814N1202407W001,1751382,1997-04-04T00:00:00Z,4946.5,4945.7,0,24,4922.5,24,23.2,NA,Unknown,Water level accuracy is unknown,1,Department of Water Resources,NA,1,Department of Water Resources,35,100,20067,21N15E12J001M,21N15E12J001M,USGS quad,5 ft.,5-012.01,Sierra Valley,Sierra,360,Irrigation,Single Well,YES,1981-04-22 00:00:00 - 2020-04-24 12:00:00,192,spring,NA,NA,21.8,47.2,1997,NA,1996-10-01T00:00:00Z,1997-10-01T00:00:00Z,-120.241,39.6813
396814N1202407W001,1751382,1997-04-04T00:00:00Z,4946.5,4945.7,0,24,4922.5,24,23.2,NA,Unknown,Water level accuracy is unknown,1,Department of Water Resources,NA,1,Department of Water Resources,120,220,20067,21N15E12J001M,21N15E12J001M,USGS quad,5 ft.,5-012.01,Sierra Valley,Sierra,360,Irrigation,Single Well,YES,1981-04-22 00:00:00 - 2020-04-24 12:00:00,192,spring,NA,NA,21.8,47.2,1997,NA,1996-10-01T00:00:00Z,1997-10-01T00:00:00Z,-120.241,39.6813
396814N1202407W001,1751382,1997-04-04T00:00:00Z,4946.5,4945.7,0,24,4922.5,24,23.2,NA,Unknown,Water level accuracy is unknown,1,Department of Water Resources,NA,1,Department of Water Resources,298,325,20067,21N15E12J001M,21N15E12J001M,USGS quad,5 ft.,5-012.01,Sierra Valley,Sierra,360,Irrigation,Single Well,YES,1981-04-22 00:00:00 - 2020-04-24 12:00:00,192,spring,NA,NA,21.8,47.2,1997,NA,1996-10-01T00:00:00Z,1997-10-01T00:00:00Z,-120.241,39.6813
396814N1202407W001,1751367,1996-10-30T00:00:00Z,4946.5,4945.7,0,39.5,4907,39.5,38.7,NA,Unknown,Water level accuracy is unknown,1,Department of Water Resources,NA,1,Department of Water Resources,35,100,20067,21N15E12J001M,21N15E12J001M,USGS quad,5 ft.,5-012.01,Sierra Valley,Sierra,360,Irrigation,Single Well,YES,1981-04-22 00:00:00 - 2020-04-24 12:00:00,192,fall,38.7,77.41,NA,NA,1997,NA,1996-10-01T00:00:00Z,1997-10-01T00:00:00Z,-120.241,39.6813
396814N1202407W001,1751367,1996-10-30T00:00:00Z,4946.5,4945.7,0,39.5,4907,39.5,38.7,NA,Unknown,Water level accuracy is unknown,1,Department of Water Resources,NA,1,Department of Water Resources,120,220,20067,21N15E12J001M,21N15E12J001M,USGS quad,5 ft.,5-012.01,Sierra Valley,Sierra,360,Irrigation,Single Well,YES,1981-04-22 00:00:00 - 2020-04-24 12:00:00,192,fall,38.7,77.41,NA,NA,1997,NA,1996-10-01T00:00:00Z,1997-10-01T00:00:00Z,-120.241,39.6813
396814N1202407W001,1751367,1996-10-30T00:00:00Z,4946.5,4945.7,0,39.5,4907,39.5,38.7,NA,Unknown,Water level accuracy is unknown,1,Department of Water Resources,NA,1,Department of Water Resources,298,325,20067,21N15E12J001M,21N15E12J001M,USGS quad,5 ft.,5-012.01,Sierra Valley,Sierra,360,Irrigation,Single Well,YES,1981-04-22 00:00:00 - 2020-04-24 12:00:00,192,fall,38.7,77.41,NA,NA,1997,NA,1996-10-01T00:00:00Z,1997-10-01T00:00:00Z,-120.241,39.6813
396814N1202407W001,1751381,1996-05-07T00:00:00Z,4946.5,4945.7,0,25.2,4921.3,25.2,24.4,NA,Unknown,Water level accuracy is unknown,1,Department of Water Resources,NA,1,Department of Water Resources,35,100,20067,21N15E12J001M,21N15E12J001M,USGS quad,5 ft.,5-012.01,Sierra Valley,Sierra,360,Irrigation,Single Well,YES,1981-04-22 00:00:00 - 2020-04-24 12:00:00,192,spring,NA,NA,21.8,47.2,1996,NA,1995-10-01T00:00:00Z,1996-10-01T00:00:00Z,-120.241,39.6813
396814N1202407W001,1751381,1996-05-07T00:00:00Z,4946.5,4945.7,0,25.2,4921.3,25.2,24.4,NA,Unknown,Water level accuracy is unknown,1,Department of Water Resources,NA,1,Department of Water Resources,120,220,20067,21N15E12J001M,21N15E12J001M,USGS quad,5 ft.,5-012.01,Sierra Valley,Sierra,360,Irrigation,Single Well,YES,1981-04-22 00:00:00 - 2020-04-24 12:00:00,192,spring,NA,NA,21.8,47.2,1996,NA,1995-10-01T00:00:00Z,1996-10-01T00:00:00Z,-120.241,39.6813
396814N1202407W001,1751381,1996-05-07T00:00:00Z,4946.5,4945.7,0,25.2,4921.3,25.2,24.4,NA,Unknown,Water level accuracy is unknown,1,Department of Water Resources,NA,1,Department of Water Resources,298,325,20067,21N15E12J001M,21N15E12J001M,USGS quad,5 ft.,5-012.01,Sierra Valley,Sierra,360,Irrigation,Single Well,YES,1981-04-22 00:00:00 - 2020-04-24 12:00:00,192,spring,NA,NA,21.8,47.2,1996,NA,1995-10-01T00:00:00Z,1996-10-01T00:00:00Z,-120.241,39.6813
396814N1202407W001,1751380,1995-10-25T00:00:00Z,4946.5,4945.7,0,45.3,4901.2,45.3,44.5,NA,Unknown,Water level accuracy is unknown,1,Department of Water Resources,NA,1,Department of Water Resources,35,100,20067,21N15E12J001M,21N15E12J001M,USGS quad,5 ft.,5-012.01,Sierra Valley,Sierra,360,Irrigation,Single Well,YES,1981-04-22 00:00:00 - 2020-04-24 12:00:00,192,fall,38.7,77.41,NA,NA,1996,NA,1995-10-01T00:00:00Z,1996-10-01T00:00:00Z,-120.241,39.6813
396814N1202407W001,1751380,1995-10-25T00:00:00Z,4946.5,4945.7,0,45.3,4901.2,45.3,44.5,NA,Unknown,Water level accuracy is unknown,1,Department of Water Resources,NA,1,Department of Water Resources,120,220,20067,21N15E12J001M,21N15E12J001M,USGS quad,5 ft.,5-012.01,Sierra Valley,Sierra,360,Irrigation,Single Well,YES,1981-04-22 00:00:00 - 2020-04-24 12:00:00,192,fall,38.7,77.41,NA,NA,1996,NA,1995-10-01T00:00:00Z,1996-10-01T00:00:00Z,-120.241,39.6813
396814N1202407W001,1751380,1995-10-25T00:00:00Z,4946.5,4945.7,0,45.3,4901.2,45.3,44.5,NA,Unknown,Water level accuracy is unknown,1,Department of Water Resources,NA,1,Department of Water Resources,298,325,20067,21N15E12J001M,21N15E12J001M,USGS quad,5 ft.,5-012.01,Sierra Valley,Sierra,360,Irrigation,Single Well,YES,1981-04-22 00:00:00 - 2020-04-24 12:00:00,192,fall,38.7,77.41,NA,NA,1996,NA,1995-10-01T00:00:00Z,1996-10-01T00:00:00Z,-120.241,39.6813
396814N1202407W001,1751379,1995-06-01T00:00:00Z,4946.5,4945.7,0,30.1,4916.4,30.1,29.3,NA,Unknown,Water level accuracy is unknown,1,Department of Water Resources,NA,1,Department of Water Resources,35,100,20067,21N15E12J001M,21N15E12J001M,USGS quad,5 ft.,5-012.01,Sierra Valley,Sierra,360,Irrigation,Single Well,YES,1981-04-22 00:00:00 - 2020-04-24 12:00:00,192,other,NA,NA,NA,NA,1995,Wet,1994-10-01T00:00:00Z,1995-10-01T00:00:00Z,-120.241,39.6813
396814N1202407W001,1751379,1995-06-01T00:00:00Z,4946.5,4945.7,0,30.1,4916.4,30.1,29.3,NA,Unknown,Water level accuracy is unknown,1,Department of Water Resources,NA,1,Department of Water Resources,120,220,20067,21N15E12J001M,21N15E12J001M,USGS quad,5 ft.,5-012.01,Sierra Valley,Sierra,360,Irrigation,Single Well,YES,1981-04-22 00:00:00 - 2020-04-24 12:00:00,192,other,NA,NA,NA,NA,1995,Wet,1994-10-01T00:00:00Z,1995-10-01T00:00:00Z,-120.241,39.6813
396814N1202407W001,1751379,1995-06-01T00:00:00Z,4946.5,4945.7,0,30.1,4916.4,30.1,29.3,NA,Unknown,Water level accuracy is unknown,1,Department of Water Resources,NA,1,Department of Water Resources,298,325,20067,21N15E12J001M,21N15E12J001M,USGS quad,5 ft.,5-012.01,Sierra Valley,Sierra,360,Irrigation,Single Well,YES,1981-04-22 00:00:00 - 2020-04-24 12:00:00,192,other,NA,NA,NA,NA,1995,Wet,1994-10-01T00:00:00Z,1995-10-01T00:00:00Z,-120.241,39.6813
396814N1202407W001,1751378,1994-10-29T00:00:00Z,4946.5,4945.7,0,62.5,4884,62.5,61.7,NA,Unknown,Water level accuracy is unknown,1,Department of Water Resources,NA,1,Department of Water Resources,35,100,20067,21N15E12J001M,21N15E12J001M,USGS quad,5 ft.,5-012.01,Sierra Valley,Sierra,360,Irrigation,Single Well,YES,1981-04-22 00:00:00 - 2020-04-24 12:00:00,192,fall,38.7,77.41,NA,NA,1995,Wet,1994-10-01T00:00:00Z,1995-10-01T00:00:00Z,-120.241,39.6813
396814N1202407W001,1751378,1994-10-29T00:00:00Z,4946.5,4945.7,0,62.5,4884,62.5,61.7,NA,Unknown,Water level accuracy is unknown,1,Department of Water Resources,NA,1,Department of Water Resources,120,220,20067,21N15E12J001M,21N15E12J001M,USGS quad,5 ft.,5-012.01,Sierra Valley,Sierra,360,Irrigation,Single Well,YES,1981-04-22 00:00:00 - 2020-04-24 12:00:00,192,fall,38.7,77.41,NA,NA,1995,Wet,1994-10-01T00:00:00Z,1995-10-01T00:00:00Z,-120.241,39.6813
396814N1202407W001,1751378,1994-10-29T00:00:00Z,4946.5,4945.7,0,62.5,4884,62.5,61.7,NA,Unknown,Water level accuracy is unknown,1,Department of Water Resources,NA,1,Department of Water Resources,298,325,20067,21N15E12J001M,21N15E12J001M,USGS quad,5 ft.,5-012.01,Sierra Valley,Sierra,360,Irrigation,Single Well,YES,1981-04-22 00:00:00 - 2020-04-24 12:00:00,192,fall,38.7,77.41,NA,NA,1995,Wet,1994-10-01T00:00:00Z,1995-10-01T00:00:00Z,-120.241,39.6813
396814N1202407W001,1751377,1994-03-31T00:00:00Z,4946.5,4945.7,0,31.5,4915,31.5,30.7,NA,Unknown,Water level accuracy is unknown,1,Department of Water Resources,NA,1,Department of Water Resources,35,100,20067,21N15E12J001M,21N15E12J001M,USGS quad,5 ft.,5-012.01,Sierra Valley,Sierra,360,Irrigation,Single Well,YES,1981-04-22 00:00:00 - 2020-04-24 12:00:00,192,spring,NA,NA,21.8,47.2,1994,Dry,1993-10-01T00:00:00Z,1994-10-01T00:00:00Z,-120.241,39.6813
396814N1202407W001,1751377,1994-03-31T00:00:00Z,4946.5,4945.7,0,31.5,4915,31.5,30.7,NA,Unknown,Water level accuracy is unknown,1,Department of Water Resources,NA,1,Department of Water Resources,120,220,20067,21N15E12J001M,21N15E12J001M,USGS quad,5 ft.,5-012.01,Sierra Valley,Sierra,360,Irrigation,Single Well,YES,1981-04-22 00:00:00 - 2020-04-24 12:00:00,192,spring,NA,NA,21.8,47.2,1994,Dry,1993-10-01T00:00:00Z,1994-10-01T00:00:00Z,-120.241,39.6813
396814N1202407W001,1751377,1994-03-31T00:00:00Z,4946.5,4945.7,0,31.5,4915,31.5,30.7,NA,Unknown,Water level accuracy is unknown,1,Department of Water Resources,NA,1,Department of Water Resources,298,325,20067,21N15E12J001M,21N15E12J001M,USGS quad,5 ft.,5-012.01,Sierra Valley,Sierra,360,Irrigation,Single Well,YES,1981-04-22 00:00:00 - 2020-04-24 12:00:00,192,spring,NA,NA,21.8,47.2,1994,Dry,1993-10-01T00:00:00Z,1994-10-01T00:00:00Z,-120.241,39.6813
396814N1202407W001,1751376,1993-10-21T00:00:00Z,4946.5,4945.7,0,53.3,4893.2,53.3,52.5,NA,Unknown,Water level accuracy is unknown,1,Department of Water Resources,NA,1,Department of Water Resources,35,100,20067,21N15E12J001M,21N15E12J001M,USGS quad,5 ft.,5-012.01,Sierra Valley,Sierra,360,Irrigation,Single Well,YES,1981-04-22 00:00:00 - 2020-04-24 12:00:00,192,fall,38.7,77.41,NA,NA,1994,Dry,1993-10-01T00:00:00Z,1994-10-01T00:00:00Z,-120.241,39.6813
396814N1202407W001,1751376,1993-10-21T00:00:00Z,4946.5,4945.7,0,53.3,4893.2,53.3,52.5,NA,Unknown,Water level accuracy is unknown,1,Department of Water Resources,NA,1,Department of Water Resources,120,220,20067,21N15E12J001M,21N15E12J001M,USGS quad,5 ft.,5-012.01,Sierra Valley,Sierra,360,Irrigation,Single Well,YES,1981-04-22 00:00:00 - 2020-04-24 12:00:00,192,fall,38.7,77.41,NA,NA,1994,Dry,1993-10-01T00:00:00Z,1994-10-01T00:00:00Z,-120.241,39.6813
396814N1202407W001,1751376,1993-10-21T00:00:00Z,4946.5,4945.7,0,53.3,4893.2,53.3,52.5,NA,Unknown,Water level accuracy is unknown,1,Department of Water Resources,NA,1,Department of Water Resources,298,325,20067,21N15E12J001M,21N15E12J001M,USGS quad,5 ft.,5-012.01,Sierra Valley,Sierra,360,Irrigation,Single Well,YES,1981-04-22 00:00:00 - 2020-04-24 12:00:00,192,fall,38.7,77.41,NA,NA,1994,Dry,1993-10-01T00:00:00Z,1994-10-01T00:00:00Z,-120.241,39.6813
396814N1202407W001,1751374,1992-10-20T00:00:00Z,4946.5,4945.7,0,64.1,4882.4,64.1,63.3,NA,Unknown,Water level accuracy is unknown,1,Department of Water Resources,NA,1,Department of Water Resources,35,100,20067,21N15E12J001M,21N15E12J001M,USGS quad,5 ft.,5-012.01,Sierra Valley,Sierra,360,Irrigation,Single Well,YES,1981-04-22 00:00:00 - 2020-04-24 12:00:00,192,fall,38.7,77.41,NA,NA,1993,NA,1992-10-01T00:00:00Z,1993-10-01T00:00:00Z,-120.241,39.6813
396814N1202407W001,1751374,1992-10-20T00:00:00Z,4946.5,4945.7,0,64.1,4882.4,64.1,63.3,NA,Unknown,Water level accuracy is unknown,1,Department of Water Resources,NA,1,Department of Water Resources,120,220,20067,21N15E12J001M,21N15E12J001M,USGS quad,5 ft.,5-012.01,Sierra Valley,Sierra,360,Irrigation,Single Well,YES,1981-04-22 00:00:00 - 2020-04-24 12:00:00,192,fall,38.7,77.41,NA,NA,1993,NA,1992-10-01T00:00:00Z,1993-10-01T00:00:00Z,-120.241,39.6813
396814N1202407W001,1751374,1992-10-20T00:00:00Z,4946.5,4945.7,0,64.1,4882.4,64.1,63.3,NA,Unknown,Water level accuracy is unknown,1,Department of Water Resources,NA,1,Department of Water Resources,298,325,20067,21N15E12J001M,21N15E12J001M,USGS quad,5 ft.,5-012.01,Sierra Valley,Sierra,360,Irrigation,Single Well,YES,1981-04-22 00:00:00 - 2020-04-24 12:00:00,192,fall,38.7,77.41,NA,NA,1993,NA,1992-10-01T00:00:00Z,1993-10-01T00:00:00Z,-120.241,39.6813
396814N1202407W001,1751372,1991-11-01T00:00:00Z,4946.5,4945.7,0,55,4891.5,55,54.2,NA,Unknown,Water level accuracy is unknown,1,Department of Water Resources,NA,388,Sierra Valley Groundwater Management District,35,100,20067,21N15E12J001M,21N15E12J001M,USGS quad,5 ft.,5-012.01,Sierra Valley,Sierra,360,Irrigation,Single Well,YES,1981-04-22 00:00:00 - 2020-04-24 12:00:00,192,fall,38.7,77.41,NA,NA,1992,NA,1991-10-01T00:00:00Z,1992-10-01T00:00:00Z,-120.241,39.6813
396814N1202407W001,1751372,1991-11-01T00:00:00Z,4946.5,4945.7,0,55,4891.5,55,54.2,NA,Unknown,Water level accuracy is unknown,1,Department of Water Resources,NA,388,Sierra Valley Groundwater Management District,120,220,20067,21N15E12J001M,21N15E12J001M,USGS quad,5 ft.,5-012.01,Sierra Valley,Sierra,360,Irrigation,Single Well,YES,1981-04-22 00:00:00 - 2020-04-24 12:00:00,192,fall,38.7,77.41,NA,NA,1992,NA,1991-10-01T00:00:00Z,1992-10-01T00:00:00Z,-120.241,39.6813
396814N1202407W001,1751372,1991-11-01T00:00:00Z,4946.5,4945.7,0,55,4891.5,55,54.2,NA,Unknown,Water level accuracy is unknown,1,Department of Water Resources,NA,388,Sierra Valley Groundwater Management District,298,325,20067,21N15E12J001M,21N15E12J001M,USGS quad,5 ft.,5-012.01,Sierra Valley,Sierra,360,Irrigation,Single Well,YES,1981-04-22 00:00:00 - 2020-04-24 12:00:00,192,fall,38.7,77.41,NA,NA,1992,NA,1991-10-01T00:00:00Z,1992-10-01T00:00:00Z,-120.241,39.6813
396814N1202407W001,1751370,1991-02-26T00:00:00Z,4946.5,4945.7,0,33.8,4912.7,33.8,33,NA,Unknown,Water level accuracy is unknown,1,Department of Water Resources,NA,1,Department of Water Resources,35,100,20067,21N15E12J001M,21N15E12J001M,USGS quad,5 ft.,5-012.01,Sierra Valley,Sierra,360,Irrigation,Single Well,YES,1981-04-22 00:00:00 - 2020-04-24 12:00:00,192,other,NA,NA,NA,NA,1991,NA,1990-10-01T00:00:00Z,1991-10-01T00:00:00Z,-120.241,39.6813
396814N1202407W001,1751370,1991-02-26T00:00:00Z,4946.5,4945.7,0,33.8,4912.7,33.8,33,NA,Unknown,Water level accuracy is unknown,1,Department of Water Resources,NA,1,Department of Water Resources,120,220,20067,21N15E12J001M,21N15E12J001M,USGS quad,5 ft.,5-012.01,Sierra Valley,Sierra,360,Irrigation,Single Well,YES,1981-04-22 00:00:00 - 2020-04-24 12:00:00,192,other,NA,NA,NA,NA,1991,NA,1990-10-01T00:00:00Z,1991-10-01T00:00:00Z,-120.241,39.6813
396814N1202407W001,1751370,1991-02-26T00:00:00Z,4946.5,4945.7,0,33.8,4912.7,33.8,33,NA,Unknown,Water level accuracy is unknown,1,Department of Water Resources,NA,1,Department of Water Resources,298,325,20067,21N15E12J001M,21N15E12J001M,USGS quad,5 ft.,5-012.01,Sierra Valley,Sierra,360,Irrigation,Single Well,YES,1981-04-22 00:00:00 - 2020-04-24 12:00:00,192,other,NA,NA,NA,NA,1991,NA,1990-10-01T00:00:00Z,1991-10-01T00:00:00Z,-120.241,39.6813
396814N1202407W001,1751369,1990-10-25T00:00:00Z,4946.5,4945.7,0,54.9,4891.6,54.9,54.1,NA,Unknown,Water level accuracy is unknown,1,Department of Water Resources,NA,1,Department of Water Resources,35,100,20067,21N15E12J001M,21N15E12J001M,USGS quad,5 ft.,5-012.01,Sierra Valley,Sierra,360,Irrigation,Single Well,YES,1981-04-22 00:00:00 - 2020-04-24 12:00:00,192,fall,38.7,77.41,NA,NA,1991,NA,1990-10-01T00:00:00Z,1991-10-01T00:00:00Z,-120.241,39.6813
396814N1202407W001,1751369,1990-10-25T00:00:00Z,4946.5,4945.7,0,54.9,4891.6,54.9,54.1,NA,Unknown,Water level accuracy is unknown,1,Department of Water Resources,NA,1,Department of Water Resources,120,220,20067,21N15E12J001M,21N15E12J001M,USGS quad,5 ft.,5-012.01,Sierra Valley,Sierra,360,Irrigation,Single Well,YES,1981-04-22 00:00:00 - 2020-04-24 12:00:00,192,fall,38.7,77.41,NA,NA,1991,NA,1990-10-01T00:00:00Z,1991-10-01T00:00:00Z,-120.241,39.6813
396814N1202407W001,1751369,1990-10-25T00:00:00Z,4946.5,4945.7,0,54.9,4891.6,54.9,54.1,NA,Unknown,Water level accuracy is unknown,1,Department of Water Resources,NA,1,Department of Water Resources,298,325,20067,21N15E12J001M,21N15E12J001M,USGS quad,5 ft.,5-012.01,Sierra Valley,Sierra,360,Irrigation,Single Well,YES,1981-04-22 00:00:00 - 2020-04-24 12:00:00,192,fall,38.7,77.41,NA,NA,1991,NA,1990-10-01T00:00:00Z,1991-10-01T00:00:00Z,-120.241,39.6813
396814N1202407W001,1751368,1981-04-22T00:00:00Z,4946.5,4945.7,0,48,4898.5,48,47.2,NA,Unknown,Water level accuracy is unknown,1,Department of Water Resources,NA,1,Department of Water Resources,35,100,20067,21N15E12J001M,21N15E12J001M,USGS quad,5 ft.,5-012.01,Sierra Valley,Sierra,360,Irrigation,Single Well,YES,1981-04-22 00:00:00 - 2020-04-24 12:00:00,192,spring,NA,NA,21.8,47.2,1981,Dry,1980-10-01T00:00:00Z,1981-10-01T00:00:00Z,-120.241,39.6813
396814N1202407W001,1751368,1981-04-22T00:00:00Z,4946.5,4945.7,0,48,4898.5,48,47.2,NA,Unknown,Water level accuracy is unknown,1,Department of Water Resources,NA,1,Department of Water Resources,120,220,20067,21N15E12J001M,21N15E12J001M,USGS quad,5 ft.,5-012.01,Sierra Valley,Sierra,360,Irrigation,Single Well,YES,1981-04-22 00:00:00 - 2020-04-24 12:00:00,192,spring,NA,NA,21.8,47.2,1981,Dry,1980-10-01T00:00:00Z,1981-10-01T00:00:00Z,-120.241,39.6813
396814N1202407W001,1751368,1981-04-22T00:00:00Z,4946.5,4945.7,0,48,4898.5,48,47.2,NA,Unknown,Water level accuracy is unknown,1,Department of Water Resources,NA,1,Department of Water Resources,298,325,20067,21N15E12J001M,21N15E12J001M,USGS quad,5 ft.,5-012.01,Sierra Valley,Sierra,360,Irrigation,Single Well,YES,1981-04-22 00:00:00 - 2020-04-24 12:00:00,192,spring,NA,NA,21.8,47.2,1981,Dry,1980-10-01T00:00:00Z,1981-10-01T00:00:00Z,-120.241,39.6813
