SITE_CODE,WLM_ID,MSMT_DATE,WLM_RPE,WLM_GSE,RDNG_WS,RDNG_RP,WSE,RPE_WSE,GSE_WSE,WLM_QA_DESC,WLM_DESC,WLM_ACC_DESC,WLM_ORG_ID,WLM_ORG_NAME,MSMT_CMT,COOP_AGENCY_ORG_ID,COOP_ORG_NAME,TOP_PRF,BOT_PRF,STN_ID,SWN,WELL_NAME,WLM_METHOD,WLM_ACC,BASIN_CODE,BASIN_NAME,COUNTY_NAME,WELL_DEPTH,WELL_USE,WELL_TYPE,WCR_NO,t_range,n_samples,season,fall_high,fall_low,spring_high,spring_low,water_year,water_year_type,water_year_start,water_year_end,X,Y
396862N1202400W001,2620102,2020-04-24T12:00:00Z,4941.7,4941.7,16.1,50,4907.8,33.9,33.9,NA,Steel tape measurement,Water level accuracy to nearest tenth of a foot,1,Department of Water Resources,NA,1,Department of Water Resources,NA,NA,20075,21N16E07M001M,21N16E07M001M,USGS quad,5 ft.,5-012.01,Sierra Valley,Sierra,420,Irrigation,Single Well,YES,1990-10-25 00:00:00 - 2020-04-24 12:00:00,63,spring,NA,NA,22.7,49.2,2020,Dry,2019-10-01T00:00:00Z,2020-10-01T00:00:00Z,-120.24,39.6862
396862N1202400W001,2493706,2019-10-23T12:00:00Z,4941.7,4941.7,8,66,4883.7,58,58,NA,Steel tape measurement,Water level accuracy to nearest tenth of a foot,1,Department of Water Resources,NA,1,Department of Water Resources,NA,NA,20075,21N16E07M001M,21N16E07M001M,USGS quad,5 ft.,5-012.01,Sierra Valley,Sierra,420,Irrigation,Single Well,YES,1990-10-25 00:00:00 - 2020-04-24 12:00:00,63,fall,42.6,86.3,NA,NA,2020,Dry,2019-10-01T00:00:00Z,2020-10-01T00:00:00Z,-120.24,39.6862
396862N1202400W001,2454943,2019-04-10T12:00:00Z,4941.7,4941.7,15.6,50,4907.3,34.4,34.4,NA,Steel tape measurement,Water level accuracy to nearest tenth of a foot,1,Department of Water Resources,NA,1,Department of Water Resources,NA,NA,20075,21N16E07M001M,21N16E07M001M,USGS quad,5 ft.,5-012.01,Sierra Valley,Sierra,420,Irrigation,Single Well,YES,1990-10-25 00:00:00 - 2020-04-24 12:00:00,63,spring,NA,NA,22.7,49.2,2019,Wet,2018-10-01T00:00:00Z,2019-10-01T00:00:00Z,-120.24,39.6862
396862N1202400W001,2415011,2018-10-24T12:00:00Z,4941.7,4941.7,45.6,106,4881.3,60.4,60.4,NA,Steel tape measurement,Water level accuracy to nearest tenth of a foot,1,Department of Water Resources,NA,1,Department of Water Resources,NA,NA,20075,21N16E07M001M,21N16E07M001M,USGS quad,5 ft.,5-012.01,Sierra Valley,Sierra,420,Irrigation,Single Well,YES,1990-10-25 00:00:00 - 2020-04-24 12:00:00,63,fall,42.6,86.3,NA,NA,2019,Wet,2018-10-01T00:00:00Z,2019-10-01T00:00:00Z,-120.24,39.6862
396862N1202400W001,2285950,2018-04-02T12:00:00Z,4941.7,4941.7,51.6,90,4903.3,38.4,38.4,NA,Steel tape measurement,Water level accuracy to nearest tenth of a foot,1,Department of Water Resources,NA,1,Department of Water Resources,NA,NA,20075,21N16E07M001M,21N16E07M001M,USGS quad,5 ft.,5-012.01,Sierra Valley,Sierra,420,Irrigation,Single Well,YES,1990-10-25 00:00:00 - 2020-04-24 12:00:00,63,spring,NA,NA,22.7,49.2,2018,NA,2017-10-01T00:00:00Z,2018-10-01T00:00:00Z,-120.24,39.6862
396862N1202400W001,2119760,2015-03-23T00:00:00Z,4941.7,4941.7,6.8,56,4892.5,49.2,49.2,NA,Steel tape measurement,Water level accuracy to nearest tenth of a foot,1,Department of Water Resources,NA,1,Department of Water Resources,NA,NA,20075,21N16E07M001M,21N16E07M001M,USGS quad,5 ft.,5-012.01,Sierra Valley,Sierra,420,Irrigation,Single Well,YES,1990-10-25 00:00:00 - 2020-04-24 12:00:00,63,spring,NA,NA,22.7,49.2,2015,NA,2014-10-01T00:00:00Z,2015-10-01T00:00:00Z,-120.24,39.6862
396862N1202400W001,2020275,2014-10-20T22:00:00Z,4941.7,4941.7,12.7,99,4855.4,86.3,86.3,NA,Steel tape measurement,Water level accuracy to nearest tenth of a foot,1,Department of Water Resources,NA,1,Department of Water Resources,NA,NA,20075,21N16E07M001M,21N16E07M001M,USGS quad,5 ft.,5-012.01,Sierra Valley,Sierra,420,Irrigation,Single Well,YES,1990-10-25 00:00:00 - 2020-04-24 12:00:00,63,fall,42.6,86.3,NA,NA,2015,NA,2014-10-01T00:00:00Z,2015-10-01T00:00:00Z,-120.24,39.6862
396862N1202400W001,1880758,2014-03-14T00:00:00Z,4941.7,4941.7,10.3,50,4902,39.7,39.7,NA,Steel tape measurement,Water level accuracy to nearest tenth of a foot,1,Department of Water Resources,NA,1,Department of Water Resources,NA,NA,20075,21N16E07M001M,21N16E07M001M,USGS quad,5 ft.,5-012.01,Sierra Valley,Sierra,420,Irrigation,Single Well,YES,1990-10-25 00:00:00 - 2020-04-24 12:00:00,63,spring,NA,NA,22.7,49.2,2014,NA,2013-10-01T00:00:00Z,2014-10-01T00:00:00Z,-120.24,39.6862
396862N1202400W001,1797100,2013-10-21T00:00:00Z,4941.7,4941.7,0,77,4864.7,77,77,NA,Steel tape measurement,Water level accuracy to nearest tenth of a foot,1,Department of Water Resources,NA,1,Department of Water Resources,NA,NA,20075,21N16E07M001M,21N16E07M001M,USGS quad,5 ft.,5-012.01,Sierra Valley,Sierra,420,Irrigation,Single Well,YES,1990-10-25 00:00:00 - 2020-04-24 12:00:00,63,fall,42.6,86.3,NA,NA,2014,NA,2013-10-01T00:00:00Z,2014-10-01T00:00:00Z,-120.24,39.6862
396862N1202400W001,1684419,2013-03-25T00:00:00Z,4941.65,4941.65,8.8,46,4904.45,37.2,37.2,NA,Steel tape measurement,Water level accuracy to nearest tenth of a foot,1,Department of Water Resources,NA,1,Department of Water Resources,NA,NA,20075,21N16E07M001M,21N16E07M001M,USGS quad,5 ft.,5-012.01,Sierra Valley,Sierra,420,Irrigation,Single Well,YES,1990-10-25 00:00:00 - 2020-04-24 12:00:00,63,spring,NA,NA,22.7,49.2,2013,Dry,2012-10-01T00:00:00Z,2013-10-01T00:00:00Z,-120.24,39.6862
396862N1202400W001,69360,2012-10-30T00:00:00Z,4941.65,4941.65,6.5,70,4878.15,63.5,63.5,NA,Steel tape measurement,Water level accuracy to nearest tenth of a foot,1,Department of Water Resources,NA,1,Department of Water Resources,NA,NA,20075,21N16E07M001M,21N16E07M001M,USGS quad,5 ft.,5-012.01,Sierra Valley,Sierra,420,Irrigation,Single Well,YES,1990-10-25 00:00:00 - 2020-04-24 12:00:00,63,fall,42.6,86.3,NA,NA,2013,Dry,2012-10-01T00:00:00Z,2013-10-01T00:00:00Z,-120.24,39.6862
396862N1202400W001,59942,2012-04-17T00:00:00Z,4941.65,4941.65,13.4,40,4915.05,26.6,26.6,NA,Steel tape measurement,Water level accuracy to nearest tenth of a foot,1,Department of Water Resources,NA,1,Department of Water Resources,NA,NA,20075,21N16E07M001M,21N16E07M001M,USGS quad,5 ft.,5-012.01,Sierra Valley,Sierra,420,Irrigation,Single Well,YES,1990-10-25 00:00:00 - 2020-04-24 12:00:00,63,spring,NA,NA,22.7,49.2,2012,NA,2011-10-01T00:00:00Z,2012-10-01T00:00:00Z,-120.24,39.6862
396862N1202400W001,39790,2011-10-18T00:00:00Z,4941.65,4941.65,0,48.8,4892.85,48.8,48.8,NA,Steel tape measurement,Water level accuracy to nearest tenth of a foot,1,Department of Water Resources,NA,1,Department of Water Resources,NA,NA,20075,21N16E07M001M,21N16E07M001M,USGS quad,5 ft.,5-012.01,Sierra Valley,Sierra,420,Irrigation,Single Well,YES,1990-10-25 00:00:00 - 2020-04-24 12:00:00,63,fall,42.6,86.3,NA,NA,2012,NA,2011-10-01T00:00:00Z,2012-10-01T00:00:00Z,-120.24,39.6862
396862N1202400W001,1751792,2011-10-18T00:00:00Z,4941.7,4941.7,0,48.8,4892.9,48.8,48.8,NA,Unknown,Water level accuracy is unknown,1,Department of Water Resources,NA,1,Department of Water Resources,NA,NA,20075,21N16E07M001M,21N16E07M001M,USGS quad,5 ft.,5-012.01,Sierra Valley,Sierra,420,Irrigation,Single Well,YES,1990-10-25 00:00:00 - 2020-04-24 12:00:00,63,fall,42.6,86.3,NA,NA,2012,NA,2011-10-01T00:00:00Z,2012-10-01T00:00:00Z,-120.24,39.6862
396862N1202400W001,1751791,2011-04-25T00:00:00Z,4941.7,4941.7,0,28.6,4913.1,28.6,28.6,NA,Unknown,Water level accuracy is unknown,1,Department of Water Resources,NA,1,Department of Water Resources,NA,NA,20075,21N16E07M001M,21N16E07M001M,USGS quad,5 ft.,5-012.01,Sierra Valley,Sierra,420,Irrigation,Single Well,YES,1990-10-25 00:00:00 - 2020-04-24 12:00:00,63,spring,NA,NA,22.7,49.2,2011,Wet,2010-10-01T00:00:00Z,2011-10-01T00:00:00Z,-120.24,39.6862
396862N1202400W001,1751790,2010-10-25T00:00:00Z,4941.7,4941.7,0,52,4889.7,52,52,NA,Unknown,Water level accuracy is unknown,1,Department of Water Resources,NA,1,Department of Water Resources,NA,NA,20075,21N16E07M001M,21N16E07M001M,USGS quad,5 ft.,5-012.01,Sierra Valley,Sierra,420,Irrigation,Single Well,YES,1990-10-25 00:00:00 - 2020-04-24 12:00:00,63,fall,42.6,86.3,NA,NA,2011,Wet,2010-10-01T00:00:00Z,2011-10-01T00:00:00Z,-120.24,39.6862
396862N1202400W001,1751789,2010-04-06T00:00:00Z,4941.7,4941.7,0,34.9,4906.8,34.9,34.9,NA,Unknown,Water level accuracy is unknown,1,Department of Water Resources,NA,1,Department of Water Resources,NA,NA,20075,21N16E07M001M,21N16E07M001M,USGS quad,5 ft.,5-012.01,Sierra Valley,Sierra,420,Irrigation,Single Well,YES,1990-10-25 00:00:00 - 2020-04-24 12:00:00,63,spring,NA,NA,22.7,49.2,2010,NA,2009-10-01T00:00:00Z,2010-10-01T00:00:00Z,-120.24,39.6862
396862N1202400W001,1751788,2009-10-28T00:00:00Z,4941.7,4941.7,0,54.9,4886.8,54.9,54.9,NA,Unknown,Water level accuracy is unknown,1,Department of Water Resources,NA,1,Department of Water Resources,NA,NA,20075,21N16E07M001M,21N16E07M001M,USGS quad,5 ft.,5-012.01,Sierra Valley,Sierra,420,Irrigation,Single Well,YES,1990-10-25 00:00:00 - 2020-04-24 12:00:00,63,fall,42.6,86.3,NA,NA,2010,NA,2009-10-01T00:00:00Z,2010-10-01T00:00:00Z,-120.24,39.6862
396862N1202400W001,1751787,2009-04-13T00:00:00Z,4941.7,4941.7,0,36.8,4904.9,36.8,36.8,NA,Unknown,Water level accuracy is unknown,1,Department of Water Resources,NA,1,Department of Water Resources,NA,NA,20075,21N16E07M001M,21N16E07M001M,USGS quad,5 ft.,5-012.01,Sierra Valley,Sierra,420,Irrigation,Single Well,YES,1990-10-25 00:00:00 - 2020-04-24 12:00:00,63,spring,NA,NA,22.7,49.2,2009,NA,2008-10-01T00:00:00Z,2009-10-01T00:00:00Z,-120.24,39.6862
396862N1202400W001,1751786,2008-10-27T00:00:00Z,4941.7,4941.7,0,66.6,4875.1,66.6,66.6,NA,Unknown,Water level accuracy is unknown,1,Department of Water Resources,NA,1,Department of Water Resources,NA,NA,20075,21N16E07M001M,21N16E07M001M,USGS quad,5 ft.,5-012.01,Sierra Valley,Sierra,420,Irrigation,Single Well,YES,1990-10-25 00:00:00 - 2020-04-24 12:00:00,63,fall,42.6,86.3,NA,NA,2009,NA,2008-10-01T00:00:00Z,2009-10-01T00:00:00Z,-120.24,39.6862
396862N1202400W001,1751784,2008-04-09T00:00:00Z,4941.7,4941.7,0,32.2,4909.5,32.2,32.2,NA,Unknown,Water level accuracy is unknown,1,Department of Water Resources,NA,1,Department of Water Resources,NA,NA,20075,21N16E07M001M,21N16E07M001M,USGS quad,5 ft.,5-012.01,Sierra Valley,Sierra,420,Irrigation,Single Well,YES,1990-10-25 00:00:00 - 2020-04-24 12:00:00,63,spring,NA,NA,22.7,49.2,2008,NA,2007-10-01T00:00:00Z,2008-10-01T00:00:00Z,-120.24,39.6862
396862N1202400W001,1751785,2007-10-25T00:00:00Z,4941.7,4941.7,0,67.6,4874.1,67.6,67.6,NA,Unknown,Water level accuracy is unknown,1,Department of Water Resources,NA,1,Department of Water Resources,NA,NA,20075,21N16E07M001M,21N16E07M001M,USGS quad,5 ft.,5-012.01,Sierra Valley,Sierra,420,Irrigation,Single Well,YES,1990-10-25 00:00:00 - 2020-04-24 12:00:00,63,fall,42.6,86.3,NA,NA,2008,NA,2007-10-01T00:00:00Z,2008-10-01T00:00:00Z,-120.24,39.6862
396862N1202400W001,1751783,2007-04-10T00:00:00Z,4941.7,4941.7,0,31.9,4909.8,31.9,31.9,NA,Unknown,Water level accuracy is unknown,1,Department of Water Resources,NA,1,Department of Water Resources,NA,NA,20075,21N16E07M001M,21N16E07M001M,USGS quad,5 ft.,5-012.01,Sierra Valley,Sierra,420,Irrigation,Single Well,YES,1990-10-25 00:00:00 - 2020-04-24 12:00:00,63,spring,NA,NA,22.7,49.2,2007,Dry,2006-10-01T00:00:00Z,2007-10-01T00:00:00Z,-120.24,39.6862
396862N1202400W001,1751782,2006-10-17T00:00:00Z,4941.7,4941.7,0,53.5,4888.2,53.5,53.5,NA,Unknown,Water level accuracy is unknown,1,Department of Water Resources,NA,1,Department of Water Resources,NA,NA,20075,21N16E07M001M,21N16E07M001M,USGS quad,5 ft.,5-012.01,Sierra Valley,Sierra,420,Irrigation,Single Well,YES,1990-10-25 00:00:00 - 2020-04-24 12:00:00,63,fall,42.6,86.3,NA,NA,2007,Dry,2006-10-01T00:00:00Z,2007-10-01T00:00:00Z,-120.24,39.6862
396862N1202400W001,1751781,2006-04-18T00:00:00Z,4941.7,4941.7,0,31,4910.7,31,31,NA,Unknown,Water level accuracy is unknown,1,Department of Water Resources,NA,1,Department of Water Resources,NA,NA,20075,21N16E07M001M,21N16E07M001M,USGS quad,5 ft.,5-012.01,Sierra Valley,Sierra,420,Irrigation,Single Well,YES,1990-10-25 00:00:00 - 2020-04-24 12:00:00,63,spring,NA,NA,22.7,49.2,2006,Wet,2005-10-01T00:00:00Z,2006-10-01T00:00:00Z,-120.24,39.6862
396862N1202400W001,1751780,2005-10-27T00:00:00Z,4941.7,4941.7,0,51.4,4890.3,51.4,51.4,NA,Unknown,Water level accuracy is unknown,1,Department of Water Resources,NA,1,Department of Water Resources,NA,NA,20075,21N16E07M001M,21N16E07M001M,USGS quad,5 ft.,5-012.01,Sierra Valley,Sierra,420,Irrigation,Single Well,YES,1990-10-25 00:00:00 - 2020-04-24 12:00:00,63,fall,42.6,86.3,NA,NA,2006,Wet,2005-10-01T00:00:00Z,2006-10-01T00:00:00Z,-120.24,39.6862
396862N1202400W001,1751779,2005-04-05T00:00:00Z,4941.7,4941.7,0,36.3,4905.4,36.3,36.3,NA,Unknown,Water level accuracy is unknown,1,Department of Water Resources,NA,1,Department of Water Resources,NA,NA,20075,21N16E07M001M,21N16E07M001M,USGS quad,5 ft.,5-012.01,Sierra Valley,Sierra,420,Irrigation,Single Well,YES,1990-10-25 00:00:00 - 2020-04-24 12:00:00,63,spring,NA,NA,22.7,49.2,2005,NA,2004-10-01T00:00:00Z,2005-10-01T00:00:00Z,-120.24,39.6862
396862N1202400W001,1751778,2004-10-14T00:00:00Z,4941.7,4941.7,0,65.9,4875.8,65.9,65.9,NA,Unknown,Water level accuracy is unknown,1,Department of Water Resources,NA,1,Department of Water Resources,NA,NA,20075,21N16E07M001M,21N16E07M001M,USGS quad,5 ft.,5-012.01,Sierra Valley,Sierra,420,Irrigation,Single Well,YES,1990-10-25 00:00:00 - 2020-04-24 12:00:00,63,fall,42.6,86.3,NA,NA,2005,NA,2004-10-01T00:00:00Z,2005-10-01T00:00:00Z,-120.24,39.6862
396862N1202400W001,1751777,2004-04-07T00:00:00Z,4941.7,4941.7,0,31.1,4910.6,31.1,31.1,NA,Unknown,Water level accuracy is unknown,1,Department of Water Resources,NA,1,Department of Water Resources,NA,NA,20075,21N16E07M001M,21N16E07M001M,USGS quad,5 ft.,5-012.01,Sierra Valley,Sierra,420,Irrigation,Single Well,YES,1990-10-25 00:00:00 - 2020-04-24 12:00:00,63,spring,NA,NA,22.7,49.2,2004,NA,2003-10-01T00:00:00Z,2004-10-01T00:00:00Z,-120.24,39.6862
396862N1202400W001,1751776,2003-10-29T00:00:00Z,4941.7,4941.7,0,54.8,4886.9,54.8,54.8,NA,Unknown,Water level accuracy is unknown,1,Department of Water Resources,NA,1,Department of Water Resources,NA,NA,20075,21N16E07M001M,21N16E07M001M,USGS quad,5 ft.,5-012.01,Sierra Valley,Sierra,420,Irrigation,Single Well,YES,1990-10-25 00:00:00 - 2020-04-24 12:00:00,63,fall,42.6,86.3,NA,NA,2004,NA,2003-10-01T00:00:00Z,2004-10-01T00:00:00Z,-120.24,39.6862
396862N1202400W001,1751775,2003-03-28T00:00:00Z,4941.7,4941.7,0,32.9,4908.8,32.9,32.9,NA,Unknown,Water level accuracy is unknown,1,Department of Water Resources,NA,1,Department of Water Resources,NA,NA,20075,21N16E07M001M,21N16E07M001M,USGS quad,5 ft.,5-012.01,Sierra Valley,Sierra,420,Irrigation,Single Well,YES,1990-10-25 00:00:00 - 2020-04-24 12:00:00,63,spring,NA,NA,22.7,49.2,2003,NA,2002-10-01T00:00:00Z,2003-10-01T00:00:00Z,-120.24,39.6862
396862N1202400W001,1751774,2002-10-24T00:00:00Z,4941.7,4941.7,0,59.6,4882.1,59.6,59.6,NA,Unknown,Water level accuracy is unknown,1,Department of Water Resources,NA,1,Department of Water Resources,NA,NA,20075,21N16E07M001M,21N16E07M001M,USGS quad,5 ft.,5-012.01,Sierra Valley,Sierra,420,Irrigation,Single Well,YES,1990-10-25 00:00:00 - 2020-04-24 12:00:00,63,fall,42.6,86.3,NA,NA,2003,NA,2002-10-01T00:00:00Z,2003-10-01T00:00:00Z,-120.24,39.6862
396862N1202400W001,1751773,2002-03-27T00:00:00Z,4941.7,4941.7,0,31.5,4910.2,31.5,31.5,NA,Unknown,Water level accuracy is unknown,1,Department of Water Resources,NA,1,Department of Water Resources,NA,NA,20075,21N16E07M001M,21N16E07M001M,USGS quad,5 ft.,5-012.01,Sierra Valley,Sierra,420,Irrigation,Single Well,YES,1990-10-25 00:00:00 - 2020-04-24 12:00:00,63,spring,NA,NA,22.7,49.2,2002,NA,2001-10-01T00:00:00Z,2002-10-01T00:00:00Z,-120.24,39.6862
396862N1202400W001,1751772,2002-03-26T00:00:00Z,4941.7,4941.7,0,31.5,4910.2,31.5,31.5,NA,Unknown,Water level accuracy is unknown,1,Department of Water Resources,NA,1,Department of Water Resources,NA,NA,20075,21N16E07M001M,21N16E07M001M,USGS quad,5 ft.,5-012.01,Sierra Valley,Sierra,420,Irrigation,Single Well,YES,1990-10-25 00:00:00 - 2020-04-24 12:00:00,63,spring,NA,NA,22.7,49.2,2002,NA,2001-10-01T00:00:00Z,2002-10-01T00:00:00Z,-120.24,39.6862
396862N1202400W001,1751770,2001-06-17T00:00:00Z,4941.7,4941.7,0,26.9,4914.8,26.9,26.9,NA,Unknown,Water level accuracy is unknown,1,Department of Water Resources,NA,1,Department of Water Resources,NA,NA,20075,21N16E07M001M,21N16E07M001M,USGS quad,5 ft.,5-012.01,Sierra Valley,Sierra,420,Irrigation,Single Well,YES,1990-10-25 00:00:00 - 2020-04-24 12:00:00,63,other,NA,NA,NA,NA,2001,Dry,2000-10-01T00:00:00Z,2001-10-01T00:00:00Z,-120.24,39.6862
396862N1202400W001,1751769,2000-10-18T00:00:00Z,4941.7,4941.7,0,52.1,4889.6,52.1,52.1,NA,Unknown,Water level accuracy is unknown,1,Department of Water Resources,NA,1,Department of Water Resources,NA,NA,20075,21N16E07M001M,21N16E07M001M,USGS quad,5 ft.,5-012.01,Sierra Valley,Sierra,420,Irrigation,Single Well,YES,1990-10-25 00:00:00 - 2020-04-24 12:00:00,63,fall,42.6,86.3,NA,NA,2001,Dry,2000-10-01T00:00:00Z,2001-10-01T00:00:00Z,-120.24,39.6862
396862N1202400W001,1751768,2000-03-26T00:00:00Z,4941.7,4941.7,0,24.5,4917.2,24.5,24.5,NA,Unknown,Water level accuracy is unknown,1,Department of Water Resources,NA,1,Department of Water Resources,NA,NA,20075,21N16E07M001M,21N16E07M001M,USGS quad,5 ft.,5-012.01,Sierra Valley,Sierra,420,Irrigation,Single Well,YES,1990-10-25 00:00:00 - 2020-04-24 12:00:00,63,spring,NA,NA,22.7,49.2,2000,NA,1999-10-01T00:00:00Z,2000-10-01T00:00:00Z,-120.24,39.6862
396862N1202400W001,1751766,1999-10-13T00:00:00Z,4941.7,4941.7,0,62.6,4879.1,62.6,62.6,NA,Unknown,Water level accuracy is unknown,1,Department of Water Resources,NA,1,Department of Water Resources,NA,NA,20075,21N16E07M001M,21N16E07M001M,USGS quad,5 ft.,5-012.01,Sierra Valley,Sierra,420,Irrigation,Single Well,YES,1990-10-25 00:00:00 - 2020-04-24 12:00:00,63,fall,42.6,86.3,NA,NA,2000,NA,1999-10-01T00:00:00Z,2000-10-01T00:00:00Z,-120.24,39.6862
396862N1202400W001,1751767,1999-04-15T00:00:00Z,4941.7,4941.7,0,22.7,4919,22.7,22.7,NA,Unknown,Water level accuracy is unknown,1,Department of Water Resources,NA,1,Department of Water Resources,NA,NA,20075,21N16E07M001M,21N16E07M001M,USGS quad,5 ft.,5-012.01,Sierra Valley,Sierra,420,Irrigation,Single Well,YES,1990-10-25 00:00:00 - 2020-04-24 12:00:00,63,spring,NA,NA,22.7,49.2,1999,NA,1998-10-01T00:00:00Z,1999-10-01T00:00:00Z,-120.24,39.6862
396862N1202400W001,1751765,1998-10-14T00:00:00Z,4941.7,4941.7,0,47.4,4894.3,47.4,47.4,NA,Unknown,Water level accuracy is unknown,1,Department of Water Resources,NA,1,Department of Water Resources,NA,NA,20075,21N16E07M001M,21N16E07M001M,USGS quad,5 ft.,5-012.01,Sierra Valley,Sierra,420,Irrigation,Single Well,YES,1990-10-25 00:00:00 - 2020-04-24 12:00:00,63,fall,42.6,86.3,NA,NA,1999,NA,1998-10-01T00:00:00Z,1999-10-01T00:00:00Z,-120.24,39.6862
396862N1202400W001,1751764,1998-05-15T00:00:00Z,4941.7,4941.7,0,24.8,4916.9,24.8,24.8,NA,Unknown,Water level accuracy is unknown,1,Department of Water Resources,NA,1,Department of Water Resources,NA,NA,20075,21N16E07M001M,21N16E07M001M,USGS quad,5 ft.,5-012.01,Sierra Valley,Sierra,420,Irrigation,Single Well,YES,1990-10-25 00:00:00 - 2020-04-24 12:00:00,63,spring,NA,NA,22.7,49.2,1998,NA,1997-10-01T00:00:00Z,1998-10-01T00:00:00Z,-120.24,39.6862
396862N1202400W001,1751763,1997-10-17T00:00:00Z,4941.7,4941.7,0,54.2,4887.5,54.2,54.2,NA,Unknown,Water level accuracy is unknown,1,Department of Water Resources,NA,1,Department of Water Resources,NA,NA,20075,21N16E07M001M,21N16E07M001M,USGS quad,5 ft.,5-012.01,Sierra Valley,Sierra,420,Irrigation,Single Well,YES,1990-10-25 00:00:00 - 2020-04-24 12:00:00,63,fall,42.6,86.3,NA,NA,1998,NA,1997-10-01T00:00:00Z,1998-10-01T00:00:00Z,-120.24,39.6862
396862N1202400W001,1751762,1997-04-04T00:00:00Z,4941.7,4941.7,0,24.9,4916.8,24.9,24.9,NA,Unknown,Water level accuracy is unknown,1,Department of Water Resources,NA,1,Department of Water Resources,NA,NA,20075,21N16E07M001M,21N16E07M001M,USGS quad,5 ft.,5-012.01,Sierra Valley,Sierra,420,Irrigation,Single Well,YES,1990-10-25 00:00:00 - 2020-04-24 12:00:00,63,spring,NA,NA,22.7,49.2,1997,NA,1996-10-01T00:00:00Z,1997-10-01T00:00:00Z,-120.24,39.6862
396862N1202400W001,1751748,1996-10-30T00:00:00Z,4941.7,4941.7,0,42.6,4899.1,42.6,42.6,NA,Unknown,Water level accuracy is unknown,1,Department of Water Resources,NA,1,Department of Water Resources,NA,NA,20075,21N16E07M001M,21N16E07M001M,USGS quad,5 ft.,5-012.01,Sierra Valley,Sierra,420,Irrigation,Single Well,YES,1990-10-25 00:00:00 - 2020-04-24 12:00:00,63,fall,42.6,86.3,NA,NA,1997,NA,1996-10-01T00:00:00Z,1997-10-01T00:00:00Z,-120.24,39.6862
396862N1202400W001,1751761,1996-05-07T00:00:00Z,4941.7,4941.7,0,28.8,4912.9,28.8,28.8,NA,Unknown,Water level accuracy is unknown,1,Department of Water Resources,NA,1,Department of Water Resources,NA,NA,20075,21N16E07M001M,21N16E07M001M,USGS quad,5 ft.,5-012.01,Sierra Valley,Sierra,420,Irrigation,Single Well,YES,1990-10-25 00:00:00 - 2020-04-24 12:00:00,63,spring,NA,NA,22.7,49.2,1996,NA,1995-10-01T00:00:00Z,1996-10-01T00:00:00Z,-120.24,39.6862
396862N1202400W001,1751760,1995-10-25T00:00:00Z,4941.7,4941.7,0,49.1,4892.6,49.1,49.1,NA,Unknown,Water level accuracy is unknown,1,Department of Water Resources,NA,1,Department of Water Resources,NA,NA,20075,21N16E07M001M,21N16E07M001M,USGS quad,5 ft.,5-012.01,Sierra Valley,Sierra,420,Irrigation,Single Well,YES,1990-10-25 00:00:00 - 2020-04-24 12:00:00,63,fall,42.6,86.3,NA,NA,1996,NA,1995-10-01T00:00:00Z,1996-10-01T00:00:00Z,-120.24,39.6862
396862N1202400W001,1751759,1995-06-01T00:00:00Z,4941.7,4941.7,0,32.7,4909,32.7,32.7,NA,Unknown,Water level accuracy is unknown,1,Department of Water Resources,NA,1,Department of Water Resources,NA,NA,20075,21N16E07M001M,21N16E07M001M,USGS quad,5 ft.,5-012.01,Sierra Valley,Sierra,420,Irrigation,Single Well,YES,1990-10-25 00:00:00 - 2020-04-24 12:00:00,63,other,NA,NA,NA,NA,1995,Wet,1994-10-01T00:00:00Z,1995-10-01T00:00:00Z,-120.24,39.6862
396862N1202400W001,1751758,1994-10-29T00:00:00Z,4941.7,4941.7,0,67.3,4874.4,67.3,67.3,NA,Unknown,Water level accuracy is unknown,1,Department of Water Resources,NA,1,Department of Water Resources,NA,NA,20075,21N16E07M001M,21N16E07M001M,USGS quad,5 ft.,5-012.01,Sierra Valley,Sierra,420,Irrigation,Single Well,YES,1990-10-25 00:00:00 - 2020-04-24 12:00:00,63,fall,42.6,86.3,NA,NA,1995,Wet,1994-10-01T00:00:00Z,1995-10-01T00:00:00Z,-120.24,39.6862
396862N1202400W001,1751757,1994-03-31T00:00:00Z,4941.7,4941.7,0,32.9,4908.8,32.9,32.9,NA,Unknown,Water level accuracy is unknown,1,Department of Water Resources,NA,1,Department of Water Resources,NA,NA,20075,21N16E07M001M,21N16E07M001M,USGS quad,5 ft.,5-012.01,Sierra Valley,Sierra,420,Irrigation,Single Well,YES,1990-10-25 00:00:00 - 2020-04-24 12:00:00,63,spring,NA,NA,22.7,49.2,1994,Dry,1993-10-01T00:00:00Z,1994-10-01T00:00:00Z,-120.24,39.6862
396862N1202400W001,1751756,1993-10-21T00:00:00Z,4941.7,4941.7,0,57.1,4884.6,57.1,57.1,NA,Unknown,Water level accuracy is unknown,1,Department of Water Resources,NA,1,Department of Water Resources,NA,NA,20075,21N16E07M001M,21N16E07M001M,USGS quad,5 ft.,5-012.01,Sierra Valley,Sierra,420,Irrigation,Single Well,YES,1990-10-25 00:00:00 - 2020-04-24 12:00:00,63,fall,42.6,86.3,NA,NA,1994,Dry,1993-10-01T00:00:00Z,1994-10-01T00:00:00Z,-120.24,39.6862
396862N1202400W001,1751755,1993-04-21T00:00:00Z,4941.7,4941.7,0,35.3,4906.4,35.3,35.3,NA,Unknown,Water level accuracy is unknown,1,Department of Water Resources,NA,1,Department of Water Resources,NA,NA,20075,21N16E07M001M,21N16E07M001M,USGS quad,5 ft.,5-012.01,Sierra Valley,Sierra,420,Irrigation,Single Well,YES,1990-10-25 00:00:00 - 2020-04-24 12:00:00,63,spring,NA,NA,22.7,49.2,1993,NA,1992-10-01T00:00:00Z,1993-10-01T00:00:00Z,-120.24,39.6862
396862N1202400W001,1751754,1992-10-22T00:00:00Z,4941.7,4941.7,0,73.7,4868,73.7,73.7,NA,Unknown,Water level accuracy is unknown,1,Department of Water Resources,NA,1,Department of Water Resources,NA,NA,20075,21N16E07M001M,21N16E07M001M,USGS quad,5 ft.,5-012.01,Sierra Valley,Sierra,420,Irrigation,Single Well,YES,1990-10-25 00:00:00 - 2020-04-24 12:00:00,63,fall,42.6,86.3,NA,NA,1993,NA,1992-10-01T00:00:00Z,1993-10-01T00:00:00Z,-120.24,39.6862
396862N1202400W001,1751753,1992-03-24T00:00:00Z,4941.7,4941.7,0,35.4,4906.3,35.4,35.4,NA,Unknown,Water level accuracy is unknown,1,Department of Water Resources,NA,1,Department of Water Resources,NA,NA,20075,21N16E07M001M,21N16E07M001M,USGS quad,5 ft.,5-012.01,Sierra Valley,Sierra,420,Irrigation,Single Well,YES,1990-10-25 00:00:00 - 2020-04-24 12:00:00,63,spring,NA,NA,22.7,49.2,1992,NA,1991-10-01T00:00:00Z,1992-10-01T00:00:00Z,-120.24,39.6862
396862N1202400W001,1751752,1991-11-01T00:00:00Z,4941.7,4941.7,0,64,4877.7,64,64,NA,Unknown,Water level accuracy is unknown,1,Department of Water Resources,NA,388,Sierra Valley Groundwater Management District,NA,NA,20075,21N16E07M001M,21N16E07M001M,USGS quad,5 ft.,5-012.01,Sierra Valley,Sierra,420,Irrigation,Single Well,YES,1990-10-25 00:00:00 - 2020-04-24 12:00:00,63,fall,42.6,86.3,NA,NA,1992,NA,1991-10-01T00:00:00Z,1992-10-01T00:00:00Z,-120.24,39.6862
396862N1202400W001,1751751,1991-10-22T00:00:00Z,4941.7,4941.7,0,65.8,4875.9,65.8,65.8,Nearby pump operating,Unknown,Water level accuracy is unknown,1,Department of Water Resources,NA,1,Department of Water Resources,NA,NA,20075,21N16E07M001M,21N16E07M001M,USGS quad,5 ft.,5-012.01,Sierra Valley,Sierra,420,Irrigation,Single Well,YES,1990-10-25 00:00:00 - 2020-04-24 12:00:00,63,fall,42.6,86.3,NA,NA,1992,NA,1991-10-01T00:00:00Z,1992-10-01T00:00:00Z,-120.24,39.6862
396862N1202400W001,1751750,1991-02-26T00:00:00Z,4941.7,4941.7,0,35.4,4906.3,35.4,35.4,NA,Unknown,Water level accuracy is unknown,1,Department of Water Resources,NA,1,Department of Water Resources,NA,NA,20075,21N16E07M001M,21N16E07M001M,USGS quad,5 ft.,5-012.01,Sierra Valley,Sierra,420,Irrigation,Single Well,YES,1990-10-25 00:00:00 - 2020-04-24 12:00:00,63,other,NA,NA,NA,NA,1991,NA,1990-10-01T00:00:00Z,1991-10-01T00:00:00Z,-120.24,39.6862
396862N1202400W001,1751749,1990-10-25T00:00:00Z,4941.7,4941.7,0,57.3,4884.4,57.3,57.3,NA,Unknown,Water level accuracy is unknown,1,Department of Water Resources,NA,1,Department of Water Resources,NA,NA,20075,21N16E07M001M,21N16E07M001M,USGS quad,5 ft.,5-012.01,Sierra Valley,Sierra,420,Irrigation,Single Well,YES,1990-10-25 00:00:00 - 2020-04-24 12:00:00,63,fall,42.6,86.3,NA,NA,1991,NA,1990-10-01T00:00:00Z,1991-10-01T00:00:00Z,-120.24,39.6862
