SITE_CODE,WLM_ID,MSMT_DATE,WLM_RPE,WLM_GSE,RDNG_WS,RDNG_RP,WSE,RPE_WSE,GSE_WSE,WLM_QA_DESC,WLM_DESC,WLM_ACC_DESC,WLM_ORG_ID,WLM_ORG_NAME,MSMT_CMT,COOP_AGENCY_ORG_ID,COOP_ORG_NAME,TOP_PRF,BOT_PRF,STN_ID,SWN,WELL_NAME,WLM_METHOD,WLM_ACC,BASIN_CODE,BASIN_NAME,COUNTY_NAME,WELL_DEPTH,WELL_USE,WELL_TYPE,WCR_NO,t_range,n_samples,season,fall_high,fall_low,spring_high,spring_low,water_year,water_year_type,water_year_start,water_year_end,X,Y
396911N1202211W001,1768203,1991-02-26T00:00:00Z,4963.68,4963.68,0,48.2,4915.48,48.2,48.2,NA,Unknown,Water level accuracy is unknown,1,Department of Water Resources,NA,1,Department of Water Resources,NA,NA,34884,21N16E08D002M,NA,Unknown,Unknown,5-012.01,Sierra Valley,Sierra,140,Stockwatering,Unknown,133208,1980-10-25 - 1992-10-22,29,other,NA,NA,NA,NA,1991,NA,1990-10-01T00:00:00Z,1991-10-01T00:00:00Z,-120.221,39.6911
396911N1202211W001,1768202,1990-10-25T00:00:00Z,4963.68,4963.68,0,56.2,4907.48,56.2,56.2,NA,Unknown,Water level accuracy is unknown,1,Department of Water Resources,NA,1,Department of Water Resources,NA,NA,34884,21N16E08D002M,NA,Unknown,Unknown,5-012.01,Sierra Valley,Sierra,140,Stockwatering,Unknown,133208,1980-10-25 - 1992-10-22,29,fall,35.7,63,NA,NA,1991,NA,1990-10-01T00:00:00Z,1991-10-01T00:00:00Z,-120.221,39.6911
396911N1202211W001,1768201,1990-04-12T00:00:00Z,4963.68,4963.68,0,44.2,4919.48,44.2,44.2,NA,Unknown,Water level accuracy is unknown,1,Department of Water Resources,NA,1,Department of Water Resources,NA,NA,34884,21N16E08D002M,NA,Unknown,Unknown,5-012.01,Sierra Valley,Sierra,140,Stockwatering,Unknown,133208,1980-10-25 - 1992-10-22,29,spring,NA,NA,28.6,44.2,1990,NA,1989-10-01T00:00:00Z,1990-10-01T00:00:00Z,-120.221,39.6911
396911N1202211W001,1768200,1989-09-26T00:00:00Z,4963.68,4963.68,0,56.5,4907.18,56.5,56.5,NA,Unknown,Water level accuracy is unknown,1,Department of Water Resources,NA,1,Department of Water Resources,NA,NA,34884,21N16E08D002M,NA,Unknown,Unknown,5-012.01,Sierra Valley,Sierra,140,Stockwatering,Unknown,133208,1980-10-25 - 1992-10-22,29,fall,35.7,63,NA,NA,1989,NA,1988-10-01T00:00:00Z,1989-10-01T00:00:00Z,-120.221,39.6911
396911N1202211W001,1768199,1989-04-16T00:00:00Z,4963.68,4963.68,0,42.5,4921.18,42.5,42.5,NA,Unknown,Water level accuracy is unknown,1,Department of Water Resources,NA,1,Department of Water Resources,NA,NA,34884,21N16E08D002M,NA,Unknown,Unknown,5-012.01,Sierra Valley,Sierra,140,Stockwatering,Unknown,133208,1980-10-25 - 1992-10-22,29,spring,NA,NA,28.6,44.2,1989,NA,1988-10-01T00:00:00Z,1989-10-01T00:00:00Z,-120.221,39.6911
396911N1202211W001,1768198,1988-10-29T00:00:00Z,4963.68,4963.68,0,59,4904.68,59,59,NA,Unknown,Water level accuracy is unknown,1,Department of Water Resources,NA,1,Department of Water Resources,NA,NA,34884,21N16E08D002M,NA,Unknown,Unknown,5-012.01,Sierra Valley,Sierra,140,Stockwatering,Unknown,133208,1980-10-25 - 1992-10-22,29,fall,35.7,63,NA,NA,1989,NA,1988-10-01T00:00:00Z,1989-10-01T00:00:00Z,-120.221,39.6911
396911N1202211W001,1768197,1988-03-22T00:00:00Z,4963.68,4963.68,0,38.9,4924.78,38.9,38.9,NA,Unknown,Water level accuracy is unknown,1,Department of Water Resources,NA,1,Department of Water Resources,NA,NA,34884,21N16E08D002M,NA,Unknown,Unknown,5-012.01,Sierra Valley,Sierra,140,Stockwatering,Unknown,133208,1980-10-25 - 1992-10-22,29,spring,NA,NA,28.6,44.2,1988,NA,1987-10-01T00:00:00Z,1988-10-01T00:00:00Z,-120.221,39.6911
396911N1202211W001,1768196,1987-10-20T00:00:00Z,4964.68,4963.68,0,47.6,4917.08,47.6,46.6,NA,Unknown,Water level accuracy is unknown,1,Department of Water Resources,NA,1,Department of Water Resources,NA,NA,34884,21N16E08D002M,NA,Unknown,Unknown,5-012.01,Sierra Valley,Sierra,140,Stockwatering,Unknown,133208,1980-10-25 - 1992-10-22,29,fall,35.7,63,NA,NA,1988,NA,1987-10-01T00:00:00Z,1988-10-01T00:00:00Z,-120.221,39.6911
396911N1202211W001,1768195,1987-04-07T00:00:00Z,4964.68,4963.68,0,33.7,4930.98,33.7,32.7,NA,Unknown,Water level accuracy is unknown,1,Department of Water Resources,NA,1,Department of Water Resources,NA,NA,34884,21N16E08D002M,NA,Unknown,Unknown,5-012.01,Sierra Valley,Sierra,140,Stockwatering,Unknown,133208,1980-10-25 - 1992-10-22,29,spring,NA,NA,28.6,44.2,1987,Dry,1986-10-01T00:00:00Z,1987-10-01T00:00:00Z,-120.221,39.6911
396911N1202211W001,1768194,1986-10-01T00:00:00Z,4964.68,4963.68,0,46.5,4918.18,46.5,45.5,NA,Unknown,Water level accuracy is unknown,1,Department of Water Resources,NA,1,Department of Water Resources,NA,NA,34884,21N16E08D002M,NA,Unknown,Unknown,5-012.01,Sierra Valley,Sierra,140,Stockwatering,Unknown,133208,1980-10-25 - 1992-10-22,29,fall,35.7,63,NA,NA,1987,Dry,1986-10-01T00:00:00Z,1987-10-01T00:00:00Z,-120.221,39.6911
396911N1202211W001,1768193,1986-04-01T00:00:00Z,4964.68,4963.68,0,37.9,4926.78,37.9,36.9,NA,Unknown,Water level accuracy is unknown,1,Department of Water Resources,NA,1,Department of Water Resources,NA,NA,34884,21N16E08D002M,NA,Unknown,Unknown,5-012.01,Sierra Valley,Sierra,140,Stockwatering,Unknown,133208,1980-10-25 - 1992-10-22,29,spring,NA,NA,28.6,44.2,1986,Wet,1985-10-01T00:00:00Z,1986-10-01T00:00:00Z,-120.221,39.6911
396911N1202211W001,1768192,1985-10-06T00:00:00Z,4964.68,4963.68,0,46.7,4917.98,46.7,45.7,NA,Unknown,Water level accuracy is unknown,1,Department of Water Resources,NA,1,Department of Water Resources,NA,NA,34884,21N16E08D002M,NA,Unknown,Unknown,5-012.01,Sierra Valley,Sierra,140,Stockwatering,Unknown,133208,1980-10-25 - 1992-10-22,29,fall,35.7,63,NA,NA,1986,Wet,1985-10-01T00:00:00Z,1986-10-01T00:00:00Z,-120.221,39.6911
396911N1202211W001,1768191,1985-03-26T00:00:00Z,4964.68,4963.68,0,32.1,4932.58,32.1,31.1,NA,Unknown,Water level accuracy is unknown,1,Department of Water Resources,NA,388,Sierra Valley Groundwater Management District,NA,NA,34884,21N16E08D002M,NA,Unknown,Unknown,5-012.01,Sierra Valley,Sierra,140,Stockwatering,Unknown,133208,1980-10-25 - 1992-10-22,29,spring,NA,NA,28.6,44.2,1985,Dry,1984-10-01T00:00:00Z,1985-10-01T00:00:00Z,-120.221,39.6911
396911N1202211W001,1768190,1984-10-03T00:00:00Z,4964.68,4963.68,0,47,4917.68,47,46,NA,Unknown,Water level accuracy is unknown,1,Department of Water Resources,NA,1,Department of Water Resources,NA,NA,34884,21N16E08D002M,NA,Unknown,Unknown,5-012.01,Sierra Valley,Sierra,140,Stockwatering,Unknown,133208,1980-10-25 - 1992-10-22,29,fall,35.7,63,NA,NA,1985,Dry,1984-10-01T00:00:00Z,1985-10-01T00:00:00Z,-120.221,39.6911
396911N1202211W001,1768189,1984-04-11T00:00:00Z,4964.68,4963.68,0,29.6,4935.08,29.6,28.6,NA,Unknown,Water level accuracy is unknown,1,Department of Water Resources,NA,1,Department of Water Resources,NA,NA,34884,21N16E08D002M,NA,Unknown,Unknown,5-012.01,Sierra Valley,Sierra,140,Stockwatering,Unknown,133208,1980-10-25 - 1992-10-22,29,spring,NA,NA,28.6,44.2,1984,NA,1983-10-01T00:00:00Z,1984-10-01T00:00:00Z,-120.221,39.6911
396911N1202211W001,1768188,1984-03-13T00:00:00Z,4964.68,4963.68,0,30.9,4933.78,30.9,29.9,NA,Unknown,Water level accuracy is unknown,1,Department of Water Resources,NA,1,Department of Water Resources,NA,NA,34884,21N16E08D002M,NA,Unknown,Unknown,5-012.01,Sierra Valley,Sierra,140,Stockwatering,Unknown,133208,1980-10-25 - 1992-10-22,29,spring,NA,NA,28.6,44.2,1984,NA,1983-10-01T00:00:00Z,1984-10-01T00:00:00Z,-120.221,39.6911
396911N1202211W001,1768187,1983-09-28T00:00:00Z,4964.68,4963.68,0,43.9,4920.78,43.9,42.9,NA,Unknown,Water level accuracy is unknown,1,Department of Water Resources,NA,1,Department of Water Resources,NA,NA,34884,21N16E08D002M,NA,Unknown,Unknown,5-012.01,Sierra Valley,Sierra,140,Stockwatering,Unknown,133208,1980-10-25 - 1992-10-22,29,fall,35.7,63,NA,NA,1983,NA,1982-10-01T00:00:00Z,1983-10-01T00:00:00Z,-120.221,39.6911
396911N1202211W001,1768186,1983-04-13T00:00:00Z,4964.68,4963.68,0,38.4,4926.28,38.4,37.4,NA,Unknown,Water level accuracy is unknown,1,Department of Water Resources,NA,1,Department of Water Resources,NA,NA,34884,21N16E08D002M,NA,Unknown,Unknown,5-012.01,Sierra Valley,Sierra,140,Stockwatering,Unknown,133208,1980-10-25 - 1992-10-22,29,spring,NA,NA,28.6,44.2,1983,NA,1982-10-01T00:00:00Z,1983-10-01T00:00:00Z,-120.221,39.6911
396911N1202211W001,1768185,1982-10-07T00:00:00Z,4964.68,4963.68,0,52.8,4911.88,52.8,51.8,NA,Unknown,Water level accuracy is unknown,1,Department of Water Resources,NA,1,Department of Water Resources,NA,NA,34884,21N16E08D002M,NA,Unknown,Unknown,5-012.01,Sierra Valley,Sierra,140,Stockwatering,Unknown,133208,1980-10-25 - 1992-10-22,29,fall,35.7,63,NA,NA,1983,NA,1982-10-01T00:00:00Z,1983-10-01T00:00:00Z,-120.221,39.6911
396911N1202211W001,1768184,1982-04-28T00:00:00Z,4964.68,4963.68,0,40.8,4923.88,40.8,39.8,NA,Unknown,Water level accuracy is unknown,1,Department of Water Resources,NA,1,Department of Water Resources,NA,NA,34884,21N16E08D002M,NA,Unknown,Unknown,5-012.01,Sierra Valley,Sierra,140,Stockwatering,Unknown,133208,1980-10-25 - 1992-10-22,29,spring,NA,NA,28.6,44.2,1982,Wet,1981-10-01T00:00:00Z,1982-10-01T00:00:00Z,-120.221,39.6911
396911N1202211W001,1768183,1981-10-07T00:00:00Z,4964.68,4963.68,0,62,4902.68,62,61,NA,Unknown,Water level accuracy is unknown,1,Department of Water Resources,NA,1,Department of Water Resources,NA,NA,34884,21N16E08D002M,NA,Unknown,Unknown,5-012.01,Sierra Valley,Sierra,140,Stockwatering,Unknown,133208,1980-10-25 - 1992-10-22,29,fall,35.7,63,NA,NA,1982,Wet,1981-10-01T00:00:00Z,1982-10-01T00:00:00Z,-120.221,39.6911
396911N1202211W001,1768182,1981-09-17T00:00:00Z,4964.68,4963.68,0,64,4900.68,64,63,NA,Unknown,Water level accuracy is unknown,1,Department of Water Resources,NA,1,Department of Water Resources,NA,NA,34884,21N16E08D002M,NA,Unknown,Unknown,5-012.01,Sierra Valley,Sierra,140,Stockwatering,Unknown,133208,1980-10-25 - 1992-10-22,29,fall,35.7,63,NA,NA,1981,Dry,1980-10-01T00:00:00Z,1981-10-01T00:00:00Z,-120.221,39.6911
396911N1202211W001,1768181,1981-08-27T00:00:00Z,4964.68,4963.68,0,58.5,4906.18,58.5,57.5,NA,Unknown,Water level accuracy is unknown,1,Department of Water Resources,NA,1,Department of Water Resources,NA,NA,34884,21N16E08D002M,NA,Unknown,Unknown,5-012.01,Sierra Valley,Sierra,140,Stockwatering,Unknown,133208,1980-10-25 - 1992-10-22,29,fall,35.7,63,NA,NA,1981,Dry,1980-10-01T00:00:00Z,1981-10-01T00:00:00Z,-120.221,39.6911
396911N1202211W001,1768180,1981-08-11T00:00:00Z,4964.68,4963.68,0,59,4905.68,59,58,NA,Unknown,Water level accuracy is unknown,1,Department of Water Resources,NA,1,Department of Water Resources,NA,NA,34884,21N16E08D002M,NA,Unknown,Unknown,5-012.01,Sierra Valley,Sierra,140,Stockwatering,Unknown,133208,1980-10-25 - 1992-10-22,29,fall,35.7,63,NA,NA,1981,Dry,1980-10-01T00:00:00Z,1981-10-01T00:00:00Z,-120.221,39.6911
396911N1202211W001,1768179,1981-04-17T00:00:00Z,4964.68,4963.68,0,45,4919.68,45,44,NA,Unknown,Water level accuracy is unknown,1,Department of Water Resources,NA,1,Department of Water Resources,NA,NA,34884,21N16E08D002M,NA,Unknown,Unknown,5-012.01,Sierra Valley,Sierra,140,Stockwatering,Unknown,133208,1980-10-25 - 1992-10-22,29,spring,NA,NA,28.6,44.2,1981,Dry,1980-10-01T00:00:00Z,1981-10-01T00:00:00Z,-120.221,39.6911
396911N1202211W001,1768178,1980-10-25T00:00:00Z,4964.68,4963.68,0,36.7,4927.98,36.7,35.7,NA,Unknown,Water level accuracy is unknown,1,Department of Water Resources,NA,1,Department of Water Resources,NA,NA,34884,21N16E08D002M,NA,Unknown,Unknown,5-012.01,Sierra Valley,Sierra,140,Stockwatering,Unknown,133208,1980-10-25 - 1992-10-22,29,fall,35.7,63,NA,NA,1981,Dry,1980-10-01T00:00:00Z,1981-10-01T00:00:00Z,-120.221,39.6911
