SITE_CODE,WLM_ID,MSMT_DATE,WLM_RPE,WLM_GSE,RDNG_WS,RDNG_RP,WSE,RPE_WSE,GSE_WSE,WLM_QA_DESC,WLM_DESC,WLM_ACC_DESC,WLM_ORG_ID,WLM_ORG_NAME,MSMT_CMT,COOP_AGENCY_ORG_ID,COOP_ORG_NAME,TOP_PRF,BOT_PRF,STN_ID,SWN,WELL_NAME,WLM_METHOD,WLM_ACC,BASIN_CODE,BASIN_NAME,COUNTY_NAME,WELL_DEPTH,WELL_USE,WELL_TYPE,WCR_NO,t_range,n_samples,season,fall_high,fall_low,spring_high,spring_low,water_year,water_year_type,water_year_start,water_year_end,X,Y
396934N1202234W001,2620099,2020-04-24T12:00:00Z,4971.3,4969.7,17.4,60,4928.7,42.6,41,NA,Steel tape measurement,Water level accuracy to nearest tenth of a foot,1,Department of Water Resources,NA,1,Department of Water Resources,NA,NA,20072,21N16E07A001M,21N16E07A001M,USGS quad,5 ft.,5-012.01,Sierra Valley,Sierra,200,Irrigation,Single Well,NA,1981-04-16 00:00:00 - 2020-04-24 12:00:00,64,spring,NA,NA,30.1,55.02,2020,Dry,2019-10-01T00:00:00Z,2020-10-01T00:00:00Z,-120.223,39.6935
396934N1202234W001,2493703,2019-10-23T12:00:00Z,4971.3,4969.7,12.4,65,4918.7,52.6,51,NA,Steel tape measurement,Water level accuracy to nearest tenth of a foot,1,Department of Water Resources,NA,1,Department of Water Resources,NA,NA,20072,21N16E07A001M,21N16E07A001M,USGS quad,5 ft.,5-012.01,Sierra Valley,Sierra,200,Irrigation,Single Well,NA,1981-04-16 00:00:00 - 2020-04-24 12:00:00,64,fall,39.8,65.75,NA,NA,2020,Dry,2019-10-01T00:00:00Z,2020-10-01T00:00:00Z,-120.223,39.6935
396934N1202234W001,2415008,2018-10-25T12:00:00Z,4971.3,4969.7,8.1,65,4914.4,56.9,55.3,NA,Steel tape measurement,Water level accuracy to nearest tenth of a foot,1,Department of Water Resources,NA,1,Department of Water Resources,NA,NA,20072,21N16E07A001M,21N16E07A001M,USGS quad,5 ft.,5-012.01,Sierra Valley,Sierra,200,Irrigation,Single Well,NA,1981-04-16 00:00:00 - 2020-04-24 12:00:00,64,fall,39.8,65.75,NA,NA,2019,Wet,2018-10-01T00:00:00Z,2019-10-01T00:00:00Z,-120.223,39.6935
396934N1202234W001,2285947,2018-04-02T12:00:00Z,4971.3,4969.7,5.4,55,4921.7,49.6,48,NA,Steel tape measurement,Water level accuracy to nearest tenth of a foot,1,Department of Water Resources,NA,1,Department of Water Resources,NA,NA,20072,21N16E07A001M,21N16E07A001M,USGS quad,5 ft.,5-012.01,Sierra Valley,Sierra,200,Irrigation,Single Well,NA,1981-04-16 00:00:00 - 2020-04-24 12:00:00,64,spring,NA,NA,30.1,55.02,2018,NA,2017-10-01T00:00:00Z,2018-10-01T00:00:00Z,-120.223,39.6935
396934N1202234W001,2267987,2017-10-16T00:00:00Z,4971.3,4969.7,19.8,80,4911.1,60.2,58.6,NA,Steel tape measurement,Water level accuracy to nearest tenth of a foot,1,Department of Water Resources,NA,1,Department of Water Resources,NA,NA,20072,21N16E07A001M,21N16E07A001M,USGS quad,5 ft.,5-012.01,Sierra Valley,Sierra,200,Irrigation,Single Well,NA,1981-04-16 00:00:00 - 2020-04-24 12:00:00,64,fall,39.8,65.75,NA,NA,2018,NA,2017-10-01T00:00:00Z,2018-10-01T00:00:00Z,-120.223,39.6935
396934N1202234W001,2244275,2017-04-03T00:00:00Z,4971.3,4969.7,4.7,60,4916,55.3,53.7,NA,Steel tape measurement,Water level accuracy to nearest tenth of a foot,1,Department of Water Resources,NA,1,Department of Water Resources,NA,NA,20072,21N16E07A001M,21N16E07A001M,USGS quad,5 ft.,5-012.01,Sierra Valley,Sierra,200,Irrigation,Single Well,NA,1981-04-16 00:00:00 - 2020-04-24 12:00:00,64,spring,NA,NA,30.1,55.02,2017,Wet,2016-10-01T00:00:00Z,2017-10-01T00:00:00Z,-120.223,39.6935
396934N1202234W001,2214105,2016-10-24T00:00:00Z,4971.3,4969.7,0,66.27,4905.03,66.27,64.67,NA,Electric sounder measurement,Water level accuracy to nearest hundredth of a foot,1,Department of Water Resources,NA,1,Department of Water Resources,NA,NA,20072,21N16E07A001M,21N16E07A001M,USGS quad,5 ft.,5-012.01,Sierra Valley,Sierra,200,Irrigation,Single Well,NA,1981-04-16 00:00:00 - 2020-04-24 12:00:00,64,fall,39.8,65.75,NA,NA,2017,Wet,2016-10-01T00:00:00Z,2017-10-01T00:00:00Z,-120.223,39.6935
396934N1202234W001,2184571,2016-03-21T00:00:00Z,4971.3,4969.7,0,56.62,4914.68,56.62,55.02,NA,Electric sounder measurement,Water level accuracy to nearest hundredth of a foot,1,Department of Water Resources,NA,1,Department of Water Resources,NA,NA,20072,21N16E07A001M,21N16E07A001M,USGS quad,5 ft.,5-012.01,Sierra Valley,Sierra,200,Irrigation,Single Well,NA,1981-04-16 00:00:00 - 2020-04-24 12:00:00,64,spring,NA,NA,30.1,55.02,2016,NA,2015-10-01T00:00:00Z,2016-10-01T00:00:00Z,-120.223,39.6935
396934N1202234W001,2157045,2015-10-19T00:00:00Z,4971.3,4969.7,0,67.35,4903.95,67.35,65.75,NA,Electric sounder measurement,Water level accuracy to nearest hundredth of a foot,1,Department of Water Resources,NA,1,Department of Water Resources,NA,NA,20072,21N16E07A001M,21N16E07A001M,USGS quad,5 ft.,5-012.01,Sierra Valley,Sierra,200,Irrigation,Single Well,NA,1981-04-16 00:00:00 - 2020-04-24 12:00:00,64,fall,39.8,65.75,NA,NA,2016,NA,2015-10-01T00:00:00Z,2016-10-01T00:00:00Z,-120.223,39.6935
396934N1202234W001,2119757,2015-03-23T00:00:00Z,4971.3,4969.7,0,54.93,4916.37,54.93,53.33,NA,Electric sounder measurement,Water level accuracy to nearest hundredth of a foot,1,Department of Water Resources,NA,1,Department of Water Resources,NA,NA,20072,21N16E07A001M,21N16E07A001M,USGS quad,5 ft.,5-012.01,Sierra Valley,Sierra,200,Irrigation,Single Well,NA,1981-04-16 00:00:00 - 2020-04-24 12:00:00,64,spring,NA,NA,30.1,55.02,2015,NA,2014-10-01T00:00:00Z,2015-10-01T00:00:00Z,-120.223,39.6935
396934N1202234W001,2020272,2014-10-20T19:00:00Z,4971.3,4969.7,0,66.78,4904.52,66.78,65.18,NA,Electric sounder measurement,Water level accuracy to nearest hundredth of a foot,1,Department of Water Resources,NA,1,Department of Water Resources,NA,NA,20072,21N16E07A001M,21N16E07A001M,USGS quad,5 ft.,5-012.01,Sierra Valley,Sierra,200,Irrigation,Single Well,NA,1981-04-16 00:00:00 - 2020-04-24 12:00:00,64,fall,39.8,65.75,NA,NA,2015,NA,2014-10-01T00:00:00Z,2015-10-01T00:00:00Z,-120.223,39.6935
396934N1202234W001,1880755,2014-03-14T00:00:00Z,4971.3,4969.7,0,52.44,4918.86,52.44,50.84,NA,Electric sounder measurement,Water level accuracy to nearest hundredth of a foot,1,Department of Water Resources,NA,1,Department of Water Resources,NA,NA,20072,21N16E07A001M,21N16E07A001M,USGS quad,5 ft.,5-012.01,Sierra Valley,Sierra,200,Irrigation,Single Well,NA,1981-04-16 00:00:00 - 2020-04-24 12:00:00,64,spring,NA,NA,30.1,55.02,2014,NA,2013-10-01T00:00:00Z,2014-10-01T00:00:00Z,-120.223,39.6935
396934N1202234W001,1797097,2013-10-21T00:00:00Z,4971.3,4969.7,0,64.16,4907.14,64.16,62.56,NA,Electric sounder measurement,Water level accuracy to nearest hundredth of a foot,1,Department of Water Resources,NA,1,Department of Water Resources,NA,NA,20072,21N16E07A001M,21N16E07A001M,USGS quad,5 ft.,5-012.01,Sierra Valley,Sierra,200,Irrigation,Single Well,NA,1981-04-16 00:00:00 - 2020-04-24 12:00:00,64,fall,39.8,65.75,NA,NA,2014,NA,2013-10-01T00:00:00Z,2014-10-01T00:00:00Z,-120.223,39.6935
396934N1202234W001,1684416,2013-03-25T00:00:00Z,4971.27,4969.67,0,47.11,4924.16,47.11,45.51,NA,Electric sounder measurement,Water level accuracy to nearest hundredth of a foot,1,Department of Water Resources,NA,1,Department of Water Resources,NA,NA,20072,21N16E07A001M,21N16E07A001M,USGS quad,5 ft.,5-012.01,Sierra Valley,Sierra,200,Irrigation,Single Well,NA,1981-04-16 00:00:00 - 2020-04-24 12:00:00,64,spring,NA,NA,30.1,55.02,2013,Dry,2012-10-01T00:00:00Z,2013-10-01T00:00:00Z,-120.223,39.6935
396934N1202234W001,69357,2012-10-30T00:00:00Z,4971.27,4969.67,0,58.25,4913.02,58.25,56.65,NA,Electric sounder measurement,Water level accuracy to nearest hundredth of a foot,1,Department of Water Resources,NA,1,Department of Water Resources,NA,NA,20072,21N16E07A001M,21N16E07A001M,USGS quad,5 ft.,5-012.01,Sierra Valley,Sierra,200,Irrigation,Single Well,NA,1981-04-16 00:00:00 - 2020-04-24 12:00:00,64,fall,39.8,65.75,NA,NA,2013,Dry,2012-10-01T00:00:00Z,2013-10-01T00:00:00Z,-120.223,39.6935
396934N1202234W001,59939,2012-04-17T00:00:00Z,4971.27,4969.67,0,43,4928.27,43,41.4,NA,Electric sounder measurement,Water level accuracy to nearest hundredth of a foot,1,Department of Water Resources,NA,1,Department of Water Resources,NA,NA,20072,21N16E07A001M,21N16E07A001M,USGS quad,5 ft.,5-012.01,Sierra Valley,Sierra,200,Irrigation,Single Well,NA,1981-04-16 00:00:00 - 2020-04-24 12:00:00,64,spring,NA,NA,30.1,55.02,2012,NA,2011-10-01T00:00:00Z,2012-10-01T00:00:00Z,-120.223,39.6935
396934N1202234W001,39787,2011-10-18T00:00:00Z,4971.27,4969.67,0,53.11,4918.16,53.11,51.51,NA,Electric sounder measurement,Water level accuracy to nearest hundredth of a foot,1,Department of Water Resources,NA,1,Department of Water Resources,NA,NA,20072,21N16E07A001M,21N16E07A001M,USGS quad,5 ft.,5-012.01,Sierra Valley,Sierra,200,Irrigation,Single Well,NA,1981-04-16 00:00:00 - 2020-04-24 12:00:00,64,fall,39.8,65.75,NA,NA,2012,NA,2011-10-01T00:00:00Z,2012-10-01T00:00:00Z,-120.223,39.6935
396934N1202234W001,1751634,2011-10-18T00:00:00Z,4971.3,4969.7,0,53.11,4918.19,53.11,51.51,NA,Unknown,Water level accuracy is unknown,1,Department of Water Resources,NA,1,Department of Water Resources,NA,NA,20072,21N16E07A001M,21N16E07A001M,USGS quad,5 ft.,5-012.01,Sierra Valley,Sierra,200,Irrigation,Single Well,NA,1981-04-16 00:00:00 - 2020-04-24 12:00:00,64,fall,39.8,65.75,NA,NA,2012,NA,2011-10-01T00:00:00Z,2012-10-01T00:00:00Z,-120.223,39.6935
396934N1202234W001,1751633,2011-04-25T00:00:00Z,4971.3,4969.7,0,44.1,4927.2,44.1,42.5,NA,Unknown,Water level accuracy is unknown,1,Department of Water Resources,NA,1,Department of Water Resources,NA,NA,20072,21N16E07A001M,21N16E07A001M,USGS quad,5 ft.,5-012.01,Sierra Valley,Sierra,200,Irrigation,Single Well,NA,1981-04-16 00:00:00 - 2020-04-24 12:00:00,64,spring,NA,NA,30.1,55.02,2011,Wet,2010-10-01T00:00:00Z,2011-10-01T00:00:00Z,-120.223,39.6935
396934N1202234W001,1751632,2010-10-25T00:00:00Z,4971.3,4969.7,0,53.7,4917.6,53.7,52.1,NA,Unknown,Water level accuracy is unknown,1,Department of Water Resources,NA,1,Department of Water Resources,NA,NA,20072,21N16E07A001M,21N16E07A001M,USGS quad,5 ft.,5-012.01,Sierra Valley,Sierra,200,Irrigation,Single Well,NA,1981-04-16 00:00:00 - 2020-04-24 12:00:00,64,fall,39.8,65.75,NA,NA,2011,Wet,2010-10-01T00:00:00Z,2011-10-01T00:00:00Z,-120.223,39.6935
396934N1202234W001,1751631,2010-04-06T00:00:00Z,4971.3,4969.7,0,45.75,4925.55,45.75,44.15,NA,Unknown,Water level accuracy is unknown,1,Department of Water Resources,NA,1,Department of Water Resources,NA,NA,20072,21N16E07A001M,21N16E07A001M,USGS quad,5 ft.,5-012.01,Sierra Valley,Sierra,200,Irrigation,Single Well,NA,1981-04-16 00:00:00 - 2020-04-24 12:00:00,64,spring,NA,NA,30.1,55.02,2010,NA,2009-10-01T00:00:00Z,2010-10-01T00:00:00Z,-120.223,39.6935
396934N1202234W001,1751630,2009-10-28T00:00:00Z,4971.3,4969.7,0,53,4918.3,53,51.4,NA,Unknown,Water level accuracy is unknown,1,Department of Water Resources,NA,1,Department of Water Resources,NA,NA,20072,21N16E07A001M,21N16E07A001M,USGS quad,5 ft.,5-012.01,Sierra Valley,Sierra,200,Irrigation,Single Well,NA,1981-04-16 00:00:00 - 2020-04-24 12:00:00,64,fall,39.8,65.75,NA,NA,2010,NA,2009-10-01T00:00:00Z,2010-10-01T00:00:00Z,-120.223,39.6935
396934N1202234W001,1751629,2009-04-13T00:00:00Z,4971.3,4969.7,0,44,4927.3,44,42.4,NA,Unknown,Water level accuracy is unknown,1,Department of Water Resources,NA,1,Department of Water Resources,NA,NA,20072,21N16E07A001M,21N16E07A001M,USGS quad,5 ft.,5-012.01,Sierra Valley,Sierra,200,Irrigation,Single Well,NA,1981-04-16 00:00:00 - 2020-04-24 12:00:00,64,spring,NA,NA,30.1,55.02,2009,NA,2008-10-01T00:00:00Z,2009-10-01T00:00:00Z,-120.223,39.6935
396934N1202234W001,1751628,2008-10-28T00:00:00Z,4971.3,4969.7,0,52.5,4918.8,52.5,50.9,NA,Unknown,Water level accuracy is unknown,1,Department of Water Resources,NA,1,Department of Water Resources,NA,NA,20072,21N16E07A001M,21N16E07A001M,USGS quad,5 ft.,5-012.01,Sierra Valley,Sierra,200,Irrigation,Single Well,NA,1981-04-16 00:00:00 - 2020-04-24 12:00:00,64,fall,39.8,65.75,NA,NA,2009,NA,2008-10-01T00:00:00Z,2009-10-01T00:00:00Z,-120.223,39.6935
396934N1202234W001,1751626,2008-04-09T00:00:00Z,4971.3,4969.7,0,41.9,4929.4,41.9,40.3,NA,Unknown,Water level accuracy is unknown,1,Department of Water Resources,NA,1,Department of Water Resources,NA,NA,20072,21N16E07A001M,21N16E07A001M,USGS quad,5 ft.,5-012.01,Sierra Valley,Sierra,200,Irrigation,Single Well,NA,1981-04-16 00:00:00 - 2020-04-24 12:00:00,64,spring,NA,NA,30.1,55.02,2008,NA,2007-10-01T00:00:00Z,2008-10-01T00:00:00Z,-120.223,39.6935
396934N1202234W001,1751627,2007-10-25T00:00:00Z,4971.3,4969.7,0,50.8,4920.5,50.8,49.2,NA,Unknown,Water level accuracy is unknown,1,Department of Water Resources,NA,1,Department of Water Resources,NA,NA,20072,21N16E07A001M,21N16E07A001M,USGS quad,5 ft.,5-012.01,Sierra Valley,Sierra,200,Irrigation,Single Well,NA,1981-04-16 00:00:00 - 2020-04-24 12:00:00,64,fall,39.8,65.75,NA,NA,2008,NA,2007-10-01T00:00:00Z,2008-10-01T00:00:00Z,-120.223,39.6935
396934N1202234W001,1751625,2007-04-10T00:00:00Z,4971.3,4969.7,0,40.4,4930.9,40.4,38.8,NA,Unknown,Water level accuracy is unknown,1,Department of Water Resources,NA,1,Department of Water Resources,NA,NA,20072,21N16E07A001M,21N16E07A001M,USGS quad,5 ft.,5-012.01,Sierra Valley,Sierra,200,Irrigation,Single Well,NA,1981-04-16 00:00:00 - 2020-04-24 12:00:00,64,spring,NA,NA,30.1,55.02,2007,Dry,2006-10-01T00:00:00Z,2007-10-01T00:00:00Z,-120.223,39.6935
396934N1202234W001,1751624,2006-10-17T00:00:00Z,4971.3,4969.7,0,46.4,4924.9,46.4,44.8,NA,Unknown,Water level accuracy is unknown,1,Department of Water Resources,NA,1,Department of Water Resources,NA,NA,20072,21N16E07A001M,21N16E07A001M,USGS quad,5 ft.,5-012.01,Sierra Valley,Sierra,200,Irrigation,Single Well,NA,1981-04-16 00:00:00 - 2020-04-24 12:00:00,64,fall,39.8,65.75,NA,NA,2007,Dry,2006-10-01T00:00:00Z,2007-10-01T00:00:00Z,-120.223,39.6935
396934N1202234W001,1751623,2006-04-18T00:00:00Z,4971.3,4969.7,0,41,4930.3,41,39.4,NA,Unknown,Water level accuracy is unknown,1,Department of Water Resources,NA,1,Department of Water Resources,NA,NA,20072,21N16E07A001M,21N16E07A001M,USGS quad,5 ft.,5-012.01,Sierra Valley,Sierra,200,Irrigation,Single Well,NA,1981-04-16 00:00:00 - 2020-04-24 12:00:00,64,spring,NA,NA,30.1,55.02,2006,Wet,2005-10-01T00:00:00Z,2006-10-01T00:00:00Z,-120.223,39.6935
396934N1202234W001,1751622,2005-10-27T00:00:00Z,4971.3,4969.7,0,49,4922.3,49,47.4,NA,Unknown,Water level accuracy is unknown,1,Department of Water Resources,NA,1,Department of Water Resources,NA,NA,20072,21N16E07A001M,21N16E07A001M,USGS quad,5 ft.,5-012.01,Sierra Valley,Sierra,200,Irrigation,Single Well,NA,1981-04-16 00:00:00 - 2020-04-24 12:00:00,64,fall,39.8,65.75,NA,NA,2006,Wet,2005-10-01T00:00:00Z,2006-10-01T00:00:00Z,-120.223,39.6935
396934N1202234W001,1751621,2005-04-05T00:00:00Z,4971.3,4969.7,0,41.2,4930.1,41.2,39.6,NA,Unknown,Water level accuracy is unknown,1,Department of Water Resources,NA,1,Department of Water Resources,NA,NA,20072,21N16E07A001M,21N16E07A001M,USGS quad,5 ft.,5-012.01,Sierra Valley,Sierra,200,Irrigation,Single Well,NA,1981-04-16 00:00:00 - 2020-04-24 12:00:00,64,spring,NA,NA,30.1,55.02,2005,NA,2004-10-01T00:00:00Z,2005-10-01T00:00:00Z,-120.223,39.6935
396934N1202234W001,1751620,2004-10-14T00:00:00Z,4971.3,4969.7,0,54.5,4916.8,54.5,52.9,NA,Unknown,Water level accuracy is unknown,1,Department of Water Resources,NA,1,Department of Water Resources,NA,NA,20072,21N16E07A001M,21N16E07A001M,USGS quad,5 ft.,5-012.01,Sierra Valley,Sierra,200,Irrigation,Single Well,NA,1981-04-16 00:00:00 - 2020-04-24 12:00:00,64,fall,39.8,65.75,NA,NA,2005,NA,2004-10-01T00:00:00Z,2005-10-01T00:00:00Z,-120.223,39.6935
396934N1202234W001,1751619,2004-04-07T00:00:00Z,4971.3,4969.7,0,41.5,4929.8,41.5,39.9,NA,Unknown,Water level accuracy is unknown,1,Department of Water Resources,NA,1,Department of Water Resources,NA,NA,20072,21N16E07A001M,21N16E07A001M,USGS quad,5 ft.,5-012.01,Sierra Valley,Sierra,200,Irrigation,Single Well,NA,1981-04-16 00:00:00 - 2020-04-24 12:00:00,64,spring,NA,NA,30.1,55.02,2004,NA,2003-10-01T00:00:00Z,2004-10-01T00:00:00Z,-120.223,39.6935
396934N1202234W001,1751618,2003-10-29T00:00:00Z,4971.3,4969.7,0,50.6,4920.7,50.6,49,NA,Unknown,Water level accuracy is unknown,1,Department of Water Resources,NA,1,Department of Water Resources,NA,NA,20072,21N16E07A001M,21N16E07A001M,USGS quad,5 ft.,5-012.01,Sierra Valley,Sierra,200,Irrigation,Single Well,NA,1981-04-16 00:00:00 - 2020-04-24 12:00:00,64,fall,39.8,65.75,NA,NA,2004,NA,2003-10-01T00:00:00Z,2004-10-01T00:00:00Z,-120.223,39.6935
396934N1202234W001,1751617,2003-03-28T00:00:00Z,4971.3,4969.7,0,49.5,4921.8,49.5,47.9,NA,Unknown,Water level accuracy is unknown,1,Department of Water Resources,NA,1,Department of Water Resources,NA,NA,20072,21N16E07A001M,21N16E07A001M,USGS quad,5 ft.,5-012.01,Sierra Valley,Sierra,200,Irrigation,Single Well,NA,1981-04-16 00:00:00 - 2020-04-24 12:00:00,64,spring,NA,NA,30.1,55.02,2003,NA,2002-10-01T00:00:00Z,2003-10-01T00:00:00Z,-120.223,39.6935
396934N1202234W001,1751616,2002-10-23T00:00:00Z,4971.3,4969.7,0,51.9,4919.4,51.9,50.3,NA,Unknown,Water level accuracy is unknown,1,Department of Water Resources,NA,1,Department of Water Resources,NA,NA,20072,21N16E07A001M,21N16E07A001M,USGS quad,5 ft.,5-012.01,Sierra Valley,Sierra,200,Irrigation,Single Well,NA,1981-04-16 00:00:00 - 2020-04-24 12:00:00,64,fall,39.8,65.75,NA,NA,2003,NA,2002-10-01T00:00:00Z,2003-10-01T00:00:00Z,-120.223,39.6935
396934N1202234W001,1751615,2002-03-27T00:00:00Z,4971.3,4969.7,0,39,4932.3,39,37.4,NA,Unknown,Water level accuracy is unknown,1,Department of Water Resources,NA,1,Department of Water Resources,NA,NA,20072,21N16E07A001M,21N16E07A001M,USGS quad,5 ft.,5-012.01,Sierra Valley,Sierra,200,Irrigation,Single Well,NA,1981-04-16 00:00:00 - 2020-04-24 12:00:00,64,spring,NA,NA,30.1,55.02,2002,NA,2001-10-01T00:00:00Z,2002-10-01T00:00:00Z,-120.223,39.6935
396934N1202234W001,1751614,2002-03-26T00:00:00Z,4971.3,4969.7,0,39,4932.3,39,37.4,NA,Unknown,Water level accuracy is unknown,1,Department of Water Resources,NA,1,Department of Water Resources,NA,NA,20072,21N16E07A001M,21N16E07A001M,USGS quad,5 ft.,5-012.01,Sierra Valley,Sierra,200,Irrigation,Single Well,NA,1981-04-16 00:00:00 - 2020-04-24 12:00:00,64,spring,NA,NA,30.1,55.02,2002,NA,2001-10-01T00:00:00Z,2002-10-01T00:00:00Z,-120.223,39.6935
396934N1202234W001,1751613,2001-10-18T00:00:00Z,4971.3,4969.7,0,50.6,4920.7,50.6,49,NA,Unknown,Water level accuracy is unknown,1,Department of Water Resources,NA,1,Department of Water Resources,NA,NA,20072,21N16E07A001M,21N16E07A001M,USGS quad,5 ft.,5-012.01,Sierra Valley,Sierra,200,Irrigation,Single Well,NA,1981-04-16 00:00:00 - 2020-04-24 12:00:00,64,fall,39.8,65.75,NA,NA,2002,NA,2001-10-01T00:00:00Z,2002-10-01T00:00:00Z,-120.223,39.6935
396934N1202234W001,1751612,2001-03-26T00:00:00Z,4971.3,4969.7,0,34,4937.3,34,32.4,NA,Unknown,Water level accuracy is unknown,1,Department of Water Resources,NA,1,Department of Water Resources,NA,NA,20072,21N16E07A001M,21N16E07A001M,USGS quad,5 ft.,5-012.01,Sierra Valley,Sierra,200,Irrigation,Single Well,NA,1981-04-16 00:00:00 - 2020-04-24 12:00:00,64,spring,NA,NA,30.1,55.02,2001,Dry,2000-10-01T00:00:00Z,2001-10-01T00:00:00Z,-120.223,39.6935
396934N1202234W001,1751611,2000-10-18T00:00:00Z,4971.3,4969.7,0,43.2,4928.1,43.2,41.6,NA,Unknown,Water level accuracy is unknown,1,Department of Water Resources,NA,1,Department of Water Resources,NA,NA,20072,21N16E07A001M,21N16E07A001M,USGS quad,5 ft.,5-012.01,Sierra Valley,Sierra,200,Irrigation,Single Well,NA,1981-04-16 00:00:00 - 2020-04-24 12:00:00,64,fall,39.8,65.75,NA,NA,2001,Dry,2000-10-01T00:00:00Z,2001-10-01T00:00:00Z,-120.223,39.6935
396934N1202234W001,1751610,2000-03-26T00:00:00Z,4971.3,4969.7,0,31.7,4939.6,31.7,30.1,NA,Unknown,Water level accuracy is unknown,1,Department of Water Resources,NA,1,Department of Water Resources,NA,NA,20072,21N16E07A001M,21N16E07A001M,USGS quad,5 ft.,5-012.01,Sierra Valley,Sierra,200,Irrigation,Single Well,NA,1981-04-16 00:00:00 - 2020-04-24 12:00:00,64,spring,NA,NA,30.1,55.02,2000,NA,1999-10-01T00:00:00Z,2000-10-01T00:00:00Z,-120.223,39.6935
396934N1202234W001,1751608,1999-10-13T00:00:00Z,4971.3,4969.7,0,43.9,4927.4,43.9,42.3,NA,Unknown,Water level accuracy is unknown,1,Department of Water Resources,NA,1,Department of Water Resources,NA,NA,20072,21N16E07A001M,21N16E07A001M,USGS quad,5 ft.,5-012.01,Sierra Valley,Sierra,200,Irrigation,Single Well,NA,1981-04-16 00:00:00 - 2020-04-24 12:00:00,64,fall,39.8,65.75,NA,NA,2000,NA,1999-10-01T00:00:00Z,2000-10-01T00:00:00Z,-120.223,39.6935
396934N1202234W001,1751609,1999-04-15T00:00:00Z,4971.3,4969.7,0,33,4938.3,33,31.4,NA,Unknown,Water level accuracy is unknown,1,Department of Water Resources,NA,1,Department of Water Resources,NA,NA,20072,21N16E07A001M,21N16E07A001M,USGS quad,5 ft.,5-012.01,Sierra Valley,Sierra,200,Irrigation,Single Well,NA,1981-04-16 00:00:00 - 2020-04-24 12:00:00,64,spring,NA,NA,30.1,55.02,1999,NA,1998-10-01T00:00:00Z,1999-10-01T00:00:00Z,-120.223,39.6935
396934N1202234W001,1751607,1998-10-14T00:00:00Z,4971.3,4969.7,0,41.4,4929.9,41.4,39.8,NA,Unknown,Water level accuracy is unknown,1,Department of Water Resources,NA,1,Department of Water Resources,NA,NA,20072,21N16E07A001M,21N16E07A001M,USGS quad,5 ft.,5-012.01,Sierra Valley,Sierra,200,Irrigation,Single Well,NA,1981-04-16 00:00:00 - 2020-04-24 12:00:00,64,fall,39.8,65.75,NA,NA,1999,NA,1998-10-01T00:00:00Z,1999-10-01T00:00:00Z,-120.223,39.6935
396934N1202234W001,1751606,1998-05-15T00:00:00Z,4971.3,4969.7,0,34,4937.3,34,32.4,NA,Unknown,Water level accuracy is unknown,1,Department of Water Resources,NA,1,Department of Water Resources,NA,NA,20072,21N16E07A001M,21N16E07A001M,USGS quad,5 ft.,5-012.01,Sierra Valley,Sierra,200,Irrigation,Single Well,NA,1981-04-16 00:00:00 - 2020-04-24 12:00:00,64,spring,NA,NA,30.1,55.02,1998,NA,1997-10-01T00:00:00Z,1998-10-01T00:00:00Z,-120.223,39.6935
396934N1202234W001,1751605,1997-10-17T00:00:00Z,4971.3,4969.7,0,45.5,4925.8,45.5,43.9,NA,Unknown,Water level accuracy is unknown,1,Department of Water Resources,NA,1,Department of Water Resources,NA,NA,20072,21N16E07A001M,21N16E07A001M,USGS quad,5 ft.,5-012.01,Sierra Valley,Sierra,200,Irrigation,Single Well,NA,1981-04-16 00:00:00 - 2020-04-24 12:00:00,64,fall,39.8,65.75,NA,NA,1998,NA,1997-10-01T00:00:00Z,1998-10-01T00:00:00Z,-120.223,39.6935
396934N1202234W001,1751604,1997-04-04T00:00:00Z,4971.3,4969.7,0,36.4,4934.9,36.4,34.8,NA,Unknown,Water level accuracy is unknown,1,Department of Water Resources,NA,1,Department of Water Resources,NA,NA,20072,21N16E07A001M,21N16E07A001M,USGS quad,5 ft.,5-012.01,Sierra Valley,Sierra,200,Irrigation,Single Well,NA,1981-04-16 00:00:00 - 2020-04-24 12:00:00,64,spring,NA,NA,30.1,55.02,1997,NA,1996-10-01T00:00:00Z,1997-10-01T00:00:00Z,-120.223,39.6935
396934N1202234W001,1751590,1996-10-30T00:00:00Z,4971.3,4969.7,0,45.1,4926.2,45.1,43.5,NA,Unknown,Water level accuracy is unknown,1,Department of Water Resources,NA,1,Department of Water Resources,NA,NA,20072,21N16E07A001M,21N16E07A001M,USGS quad,5 ft.,5-012.01,Sierra Valley,Sierra,200,Irrigation,Single Well,NA,1981-04-16 00:00:00 - 2020-04-24 12:00:00,64,fall,39.8,65.75,NA,NA,1997,NA,1996-10-01T00:00:00Z,1997-10-01T00:00:00Z,-120.223,39.6935
396934N1202234W001,1751603,1996-05-07T00:00:00Z,4971.3,4969.7,0,40.7,4930.6,40.7,39.1,NA,Unknown,Water level accuracy is unknown,1,Department of Water Resources,NA,1,Department of Water Resources,NA,NA,20072,21N16E07A001M,21N16E07A001M,USGS quad,5 ft.,5-012.01,Sierra Valley,Sierra,200,Irrigation,Single Well,NA,1981-04-16 00:00:00 - 2020-04-24 12:00:00,64,spring,NA,NA,30.1,55.02,1996,NA,1995-10-01T00:00:00Z,1996-10-01T00:00:00Z,-120.223,39.6935
396934N1202234W001,1751602,1995-10-25T00:00:00Z,4971.3,4969.7,0,50.8,4920.5,50.8,49.2,NA,Unknown,Water level accuracy is unknown,1,Department of Water Resources,NA,1,Department of Water Resources,NA,NA,20072,21N16E07A001M,21N16E07A001M,USGS quad,5 ft.,5-012.01,Sierra Valley,Sierra,200,Irrigation,Single Well,NA,1981-04-16 00:00:00 - 2020-04-24 12:00:00,64,fall,39.8,65.75,NA,NA,1996,NA,1995-10-01T00:00:00Z,1996-10-01T00:00:00Z,-120.223,39.6935
396934N1202234W001,1751601,1995-06-01T00:00:00Z,4971.3,4969.7,0,46.2,4925.1,46.2,44.6,NA,Unknown,Water level accuracy is unknown,1,Department of Water Resources,NA,1,Department of Water Resources,NA,NA,20072,21N16E07A001M,21N16E07A001M,USGS quad,5 ft.,5-012.01,Sierra Valley,Sierra,200,Irrigation,Single Well,NA,1981-04-16 00:00:00 - 2020-04-24 12:00:00,64,other,NA,NA,NA,NA,1995,Wet,1994-10-01T00:00:00Z,1995-10-01T00:00:00Z,-120.223,39.6935
396934N1202234W001,1751600,1994-10-29T00:00:00Z,4971.3,4969.7,0,61.5,4909.8,61.5,59.9,NA,Unknown,Water level accuracy is unknown,1,Department of Water Resources,NA,1,Department of Water Resources,NA,NA,20072,21N16E07A001M,21N16E07A001M,USGS quad,5 ft.,5-012.01,Sierra Valley,Sierra,200,Irrigation,Single Well,NA,1981-04-16 00:00:00 - 2020-04-24 12:00:00,64,fall,39.8,65.75,NA,NA,1995,Wet,1994-10-01T00:00:00Z,1995-10-01T00:00:00Z,-120.223,39.6935
396934N1202234W001,1751599,1994-03-29T00:00:00Z,4971.3,4969.7,0,46.8,4924.5,46.8,45.2,NA,Unknown,Water level accuracy is unknown,1,Department of Water Resources,NA,1,Department of Water Resources,NA,NA,20072,21N16E07A001M,21N16E07A001M,USGS quad,5 ft.,5-012.01,Sierra Valley,Sierra,200,Irrigation,Single Well,NA,1981-04-16 00:00:00 - 2020-04-24 12:00:00,64,spring,NA,NA,30.1,55.02,1994,Dry,1993-10-01T00:00:00Z,1994-10-01T00:00:00Z,-120.223,39.6935
396934N1202234W001,1751598,1993-10-21T00:00:00Z,4971.3,4969.7,0,57.2,4914.1,57.2,55.6,NA,Unknown,Water level accuracy is unknown,1,Department of Water Resources,NA,1,Department of Water Resources,NA,NA,20072,21N16E07A001M,21N16E07A001M,USGS quad,5 ft.,5-012.01,Sierra Valley,Sierra,200,Irrigation,Single Well,NA,1981-04-16 00:00:00 - 2020-04-24 12:00:00,64,fall,39.8,65.75,NA,NA,1994,Dry,1993-10-01T00:00:00Z,1994-10-01T00:00:00Z,-120.223,39.6935
396934N1202234W001,1751597,1993-04-21T00:00:00Z,4971.3,4969.7,0,47.7,4923.6,47.7,46.1,Oil or foreign substance in casing,Unknown,Water level accuracy is unknown,1,Department of Water Resources,NA,1,Department of Water Resources,NA,NA,20072,21N16E07A001M,21N16E07A001M,USGS quad,5 ft.,5-012.01,Sierra Valley,Sierra,200,Irrigation,Single Well,NA,1981-04-16 00:00:00 - 2020-04-24 12:00:00,64,spring,NA,NA,30.1,55.02,1993,NA,1992-10-01T00:00:00Z,1993-10-01T00:00:00Z,-120.223,39.6935
396934N1202234W001,1751596,1992-10-22T00:00:00Z,4971.3,4969.7,0,61,4910.3,61,59.4,NA,Unknown,Water level accuracy is unknown,1,Department of Water Resources,NA,1,Department of Water Resources,NA,NA,20072,21N16E07A001M,21N16E07A001M,USGS quad,5 ft.,5-012.01,Sierra Valley,Sierra,200,Irrigation,Single Well,NA,1981-04-16 00:00:00 - 2020-04-24 12:00:00,64,fall,39.8,65.75,NA,NA,1993,NA,1992-10-01T00:00:00Z,1993-10-01T00:00:00Z,-120.223,39.6935
396934N1202234W001,1751595,1992-03-24T00:00:00Z,4971.3,4969.7,0,46,4925.3,46,44.4,NA,Unknown,Water level accuracy is unknown,1,Department of Water Resources,NA,1,Department of Water Resources,NA,NA,20072,21N16E07A001M,21N16E07A001M,USGS quad,5 ft.,5-012.01,Sierra Valley,Sierra,200,Irrigation,Single Well,NA,1981-04-16 00:00:00 - 2020-04-24 12:00:00,64,spring,NA,NA,30.1,55.02,1992,NA,1991-10-01T00:00:00Z,1992-10-01T00:00:00Z,-120.223,39.6935
396934N1202234W001,1751594,1991-10-22T00:00:00Z,4971.3,4969.7,0,55.7,4915.6,55.7,54.1,NA,Unknown,Water level accuracy is unknown,1,Department of Water Resources,NA,1,Department of Water Resources,NA,NA,20072,21N16E07A001M,21N16E07A001M,USGS quad,5 ft.,5-012.01,Sierra Valley,Sierra,200,Irrigation,Single Well,NA,1981-04-16 00:00:00 - 2020-04-24 12:00:00,64,fall,39.8,65.75,NA,NA,1992,NA,1991-10-01T00:00:00Z,1992-10-01T00:00:00Z,-120.223,39.6935
396934N1202234W001,1751593,1991-02-26T00:00:00Z,4971.3,4969.7,0,44.7,4926.6,44.7,43.1,NA,Unknown,Water level accuracy is unknown,1,Department of Water Resources,NA,1,Department of Water Resources,NA,NA,20072,21N16E07A001M,21N16E07A001M,USGS quad,5 ft.,5-012.01,Sierra Valley,Sierra,200,Irrigation,Single Well,NA,1981-04-16 00:00:00 - 2020-04-24 12:00:00,64,other,NA,NA,NA,NA,1991,NA,1990-10-01T00:00:00Z,1991-10-01T00:00:00Z,-120.223,39.6935
396934N1202234W001,1751592,1990-10-25T00:00:00Z,4971.3,4969.7,0,54.8,4916.5,54.8,53.2,NA,Unknown,Water level accuracy is unknown,1,Department of Water Resources,NA,1,Department of Water Resources,NA,NA,20072,21N16E07A001M,21N16E07A001M,USGS quad,5 ft.,5-012.01,Sierra Valley,Sierra,200,Irrigation,Single Well,NA,1981-04-16 00:00:00 - 2020-04-24 12:00:00,64,fall,39.8,65.75,NA,NA,1991,NA,1990-10-01T00:00:00Z,1991-10-01T00:00:00Z,-120.223,39.6935
396934N1202234W001,1751591,1981-04-16T00:00:00Z,4970.7,4969.7,0,32.7,4938,32.7,31.7,NA,Unknown,Water level accuracy is unknown,1,Department of Water Resources,NA,1,Department of Water Resources,NA,NA,20072,21N16E07A001M,21N16E07A001M,USGS quad,5 ft.,5-012.01,Sierra Valley,Sierra,200,Irrigation,Single Well,NA,1981-04-16 00:00:00 - 2020-04-24 12:00:00,64,spring,NA,NA,30.1,55.02,1981,Dry,1980-10-01T00:00:00Z,1981-10-01T00:00:00Z,-120.223,39.6935
