SITE_CODE,WLM_ID,MSMT_DATE,WLM_RPE,WLM_GSE,RDNG_WS,RDNG_RP,WSE,RPE_WSE,GSE_WSE,WLM_QA_DESC,WLM_DESC,WLM_ACC_DESC,WLM_ORG_ID,WLM_ORG_NAME,MSMT_CMT,COOP_AGENCY_ORG_ID,COOP_ORG_NAME,TOP_PRF,BOT_PRF,STN_ID,SWN,WELL_NAME,WLM_METHOD,WLM_ACC,BASIN_CODE,BASIN_NAME,COUNTY_NAME,WELL_DEPTH,WELL_USE,WELL_TYPE,WCR_NO,t_range,n_samples,season,fall_high,fall_low,spring_high,spring_low,water_year,water_year_type,water_year_start,water_year_end,X,Y
396929N1202374W001,973749,1991-11-01T00:00:00Z,4938.84,4938.64,0,16.3,4922.54,16.3,16.1,NA,Unknown,Water level accuracy is unknown,1,Department of Water Resources,NA,388,Sierra Valley Groundwater Management District,NA,NA,20073,21N16E07D002M,NA,Unknown,Unknown,5-012.01,Sierra Valley,Sierra,310,Irrigation,Unknown,72461,1990-10-25 - 2000-03-26,21,fall,10.2,53.4,NA,NA,1992,NA,1991-10-01T00:00:00Z,1992-10-01T00:00:00Z,-120.237,39.6929
396929N1202374W001,973748,1991-10-24T00:00:00Z,4938.84,4938.64,0,10.4,4928.44,10.4,10.2,NA,Unknown,Water level accuracy is unknown,1,Department of Water Resources,NA,1,Department of Water Resources,NA,NA,20073,21N16E07D002M,NA,Unknown,Unknown,5-012.01,Sierra Valley,Sierra,310,Irrigation,Unknown,72461,1990-10-25 - 2000-03-26,21,fall,10.2,53.4,NA,NA,1992,NA,1991-10-01T00:00:00Z,1992-10-01T00:00:00Z,-120.237,39.6929
396929N1202374W001,973747,1991-02-26T00:00:00Z,4938.84,4938.64,0,33.3,4905.54,33.3,33.1,NA,Unknown,Water level accuracy is unknown,1,Department of Water Resources,NA,1,Department of Water Resources,NA,NA,20073,21N16E07D002M,NA,Unknown,Unknown,5-012.01,Sierra Valley,Sierra,310,Irrigation,Unknown,72461,1990-10-25 - 2000-03-26,21,other,NA,NA,NA,NA,1991,NA,1990-10-01T00:00:00Z,1991-10-01T00:00:00Z,-120.237,39.6929
396929N1202374W001,973746,1990-10-25T00:00:00Z,4938.84,4938.64,0,53.6,4885.24,53.6,53.4,NA,Unknown,Water level accuracy is unknown,1,Department of Water Resources,NA,1,Department of Water Resources,NA,NA,20073,21N16E07D002M,NA,Unknown,Unknown,5-012.01,Sierra Valley,Sierra,310,Irrigation,Unknown,72461,1990-10-25 - 2000-03-26,21,fall,10.2,53.4,NA,NA,1991,NA,1990-10-01T00:00:00Z,1991-10-01T00:00:00Z,-120.237,39.6929
