SITE_CODE,WLM_ID,MSMT_DATE,WLM_RPE,WLM_GSE,RDNG_WS,RDNG_RP,WSE,RPE_WSE,GSE_WSE,WLM_QA_DESC,WLM_DESC,WLM_ACC_DESC,WLM_ORG_ID,WLM_ORG_NAME,MSMT_CMT,COOP_AGENCY_ORG_ID,COOP_ORG_NAME,TOP_PRF,BOT_PRF,STN_ID,SWN,WELL_NAME,WLM_METHOD,WLM_ACC,BASIN_CODE,BASIN_NAME,COUNTY_NAME,WELL_DEPTH,WELL_USE,WELL_TYPE,WCR_NO,t_range,n_samples,season,fall_high,fall_low,spring_high,spring_low,water_year,water_year_type,water_year_start,water_year_end,X,Y
396976N1202492W001,2623625,2020-04-03T12:00:00Z,4917.1,4916.6,0,18,4899.1,18,17.5,NA,Electric sounder measurement,Water level accuracy to nearest tenth of a foot,1,Department of Water Resources,NA,388,Sierra Valley Groundwater Management District,NA,NA,36135,21N15E01K002M,21N15E01K002M,USGS quad,5 ft.,5-012.01,Sierra Valley,Sierra,100,Observation,Single Well,NA,1995-10-26 00:00:00 - 2020-04-24 12:00:00,52,spring,NA,NA,8.7,18.8,2020,Dry,2019-10-01T00:00:00Z,2020-10-01T00:00:00Z,-120.249,39.6976
396976N1202492W001,2493697,2019-10-23T12:00:00Z,4917.1,4916.6,0,18.9,4898.2,18.9,18.4,NA,Electric sounder measurement,Water level accuracy to nearest hundredth of a foot,1,Department of Water Resources,NA,1,Department of Water Resources,NA,NA,36135,21N15E01K002M,21N15E01K002M,USGS quad,5 ft.,5-012.01,Sierra Valley,Sierra,100,Observation,Single Well,NA,1995-10-26 00:00:00 - 2020-04-24 12:00:00,52,fall,15.9,19.1,NA,NA,2020,Dry,2019-10-01T00:00:00Z,2020-10-01T00:00:00Z,-120.249,39.6976
396976N1202492W001,2454934,2019-04-09T12:00:00Z,4917.1,4916.6,0,18.35,4898.75,18.35,17.85,NA,Electric sounder measurement,Water level accuracy to nearest hundredth of a foot,1,Department of Water Resources,NA,1,Department of Water Resources,NA,NA,36135,21N15E01K002M,21N15E01K002M,USGS quad,5 ft.,5-012.01,Sierra Valley,Sierra,100,Observation,Single Well,NA,1995-10-26 00:00:00 - 2020-04-24 12:00:00,52,spring,NA,NA,8.7,18.8,2019,Wet,2018-10-01T00:00:00Z,2019-10-01T00:00:00Z,-120.249,39.6976
396976N1202492W001,2415002,2018-10-24T12:00:00Z,4917.1,4916.6,0,19.1,4898,19.1,18.6,NA,Electric sounder measurement,Water level accuracy to nearest hundredth of a foot,1,Department of Water Resources,NA,1,Department of Water Resources,NA,NA,36135,21N15E01K002M,21N15E01K002M,USGS quad,5 ft.,5-012.01,Sierra Valley,Sierra,100,Observation,Single Well,NA,1995-10-26 00:00:00 - 2020-04-24 12:00:00,52,fall,15.9,19.1,NA,NA,2019,Wet,2018-10-01T00:00:00Z,2019-10-01T00:00:00Z,-120.249,39.6976
396976N1202492W001,2285941,2018-04-02T12:00:00Z,4917.1,4916.6,0,18.52,4898.58,18.52,18.02,NA,Electric sounder measurement,Water level accuracy to nearest hundredth of a foot,1,Department of Water Resources,NA,1,Department of Water Resources,NA,NA,36135,21N15E01K002M,21N15E01K002M,USGS quad,5 ft.,5-012.01,Sierra Valley,Sierra,100,Observation,Single Well,NA,1995-10-26 00:00:00 - 2020-04-24 12:00:00,52,spring,NA,NA,8.7,18.8,2018,NA,2017-10-01T00:00:00Z,2018-10-01T00:00:00Z,-120.249,39.6976
396976N1202492W001,2267981,2017-10-16T00:00:00Z,4917.1,4916.6,0,19.6,4897.5,19.6,19.1,Nearby pump operating,Electric sounder measurement,Water level accuracy to nearest hundredth of a foot,1,Department of Water Resources,NA,1,Department of Water Resources,NA,NA,36135,21N15E01K002M,21N15E01K002M,USGS quad,5 ft.,5-012.01,Sierra Valley,Sierra,100,Observation,Single Well,NA,1995-10-26 00:00:00 - 2020-04-24 12:00:00,52,fall,15.9,19.1,NA,NA,2018,NA,2017-10-01T00:00:00Z,2018-10-01T00:00:00Z,-120.249,39.6976
396976N1202492W001,2244269,2017-04-03T00:00:00Z,4917.1,4916.6,0,18.7,4898.4,18.7,18.2,NA,Electric sounder measurement,Water level accuracy to nearest hundredth of a foot,1,Department of Water Resources,NA,1,Department of Water Resources,NA,NA,36135,21N15E01K002M,21N15E01K002M,USGS quad,5 ft.,5-012.01,Sierra Valley,Sierra,100,Observation,Single Well,NA,1995-10-26 00:00:00 - 2020-04-24 12:00:00,52,spring,NA,NA,8.7,18.8,2017,Wet,2016-10-01T00:00:00Z,2017-10-01T00:00:00Z,-120.249,39.6976
396976N1202492W001,2214099,2016-10-24T00:00:00Z,4917.1,4916.6,0,19.27,4897.83,19.27,18.77,NA,Electric sounder measurement,Water level accuracy to nearest hundredth of a foot,1,Department of Water Resources,NA,1,Department of Water Resources,NA,NA,36135,21N15E01K002M,21N15E01K002M,USGS quad,5 ft.,5-012.01,Sierra Valley,Sierra,100,Observation,Single Well,NA,1995-10-26 00:00:00 - 2020-04-24 12:00:00,52,fall,15.9,19.1,NA,NA,2017,Wet,2016-10-01T00:00:00Z,2017-10-01T00:00:00Z,-120.249,39.6976
396976N1202492W001,2184565,2016-03-21T00:00:00Z,4917.1,4916.6,0,18.65,4898.45,18.65,18.15,NA,Electric sounder measurement,Water level accuracy to nearest hundredth of a foot,1,Department of Water Resources,NA,1,Department of Water Resources,NA,NA,36135,21N15E01K002M,21N15E01K002M,USGS quad,5 ft.,5-012.01,Sierra Valley,Sierra,100,Observation,Single Well,NA,1995-10-26 00:00:00 - 2020-04-24 12:00:00,52,spring,NA,NA,8.7,18.8,2016,NA,2015-10-01T00:00:00Z,2016-10-01T00:00:00Z,-120.249,39.6976
396976N1202492W001,2157039,2015-10-19T00:00:00Z,4917.1,4916.6,0,19.35,4897.75,19.35,18.85,NA,Electric sounder measurement,Water level accuracy to nearest hundredth of a foot,1,Department of Water Resources,NA,1,Department of Water Resources,NA,NA,36135,21N15E01K002M,21N15E01K002M,USGS quad,5 ft.,5-012.01,Sierra Valley,Sierra,100,Observation,Single Well,NA,1995-10-26 00:00:00 - 2020-04-24 12:00:00,52,fall,15.9,19.1,NA,NA,2016,NA,2015-10-01T00:00:00Z,2016-10-01T00:00:00Z,-120.249,39.6976
396976N1202492W001,2119751,2015-03-23T00:00:00Z,4917.1,4916.6,0,18.94,4898.16,18.94,18.44,NA,Electric sounder measurement,Water level accuracy to nearest hundredth of a foot,1,Department of Water Resources,NA,1,Department of Water Resources,NA,NA,36135,21N15E01K002M,21N15E01K002M,USGS quad,5 ft.,5-012.01,Sierra Valley,Sierra,100,Observation,Single Well,NA,1995-10-26 00:00:00 - 2020-04-24 12:00:00,52,spring,NA,NA,8.7,18.8,2015,NA,2014-10-01T00:00:00Z,2015-10-01T00:00:00Z,-120.249,39.6976
396976N1202492W001,2020266,2014-10-20T13:00:00Z,4917.1,4916.6,0,19.07,4898.03,19.07,18.57,NA,Electric sounder measurement,Water level accuracy to nearest hundredth of a foot,1,Department of Water Resources,NA,1,Department of Water Resources,NA,NA,36135,21N15E01K002M,21N15E01K002M,USGS quad,5 ft.,5-012.01,Sierra Valley,Sierra,100,Observation,Single Well,NA,1995-10-26 00:00:00 - 2020-04-24 12:00:00,52,fall,15.9,19.1,NA,NA,2015,NA,2014-10-01T00:00:00Z,2015-10-01T00:00:00Z,-120.249,39.6976
396976N1202492W001,1880749,2014-03-14T00:00:00Z,4917.1,4916.6,0,19.3,4897.8,19.3,18.8,NA,Electric sounder measurement,Water level accuracy to nearest hundredth of a foot,1,Department of Water Resources,NA,1,Department of Water Resources,NA,NA,36135,21N15E01K002M,21N15E01K002M,USGS quad,5 ft.,5-012.01,Sierra Valley,Sierra,100,Observation,Single Well,NA,1995-10-26 00:00:00 - 2020-04-24 12:00:00,52,spring,NA,NA,8.7,18.8,2014,NA,2013-10-01T00:00:00Z,2014-10-01T00:00:00Z,-120.249,39.6976
396976N1202492W001,1797091,2013-10-21T00:00:00Z,4917.1,4916.6,0,18.92,4898.18,18.92,18.42,NA,Electric sounder measurement,Water level accuracy to nearest hundredth of a foot,1,Department of Water Resources,NA,1,Department of Water Resources,NA,NA,36135,21N15E01K002M,21N15E01K002M,USGS quad,5 ft.,5-012.01,Sierra Valley,Sierra,100,Observation,Single Well,NA,1995-10-26 00:00:00 - 2020-04-24 12:00:00,52,fall,15.9,19.1,NA,NA,2014,NA,2013-10-01T00:00:00Z,2014-10-01T00:00:00Z,-120.249,39.6976
396976N1202492W001,1684410,2013-03-25T00:00:00Z,4917.09,4916.59,0,18.42,4898.67,18.42,17.92,NA,Electric sounder measurement,Water level accuracy to nearest hundredth of a foot,1,Department of Water Resources,NA,1,Department of Water Resources,NA,NA,36135,21N15E01K002M,21N15E01K002M,USGS quad,5 ft.,5-012.01,Sierra Valley,Sierra,100,Observation,Single Well,NA,1995-10-26 00:00:00 - 2020-04-24 12:00:00,52,spring,NA,NA,8.7,18.8,2013,Dry,2012-10-01T00:00:00Z,2013-10-01T00:00:00Z,-120.249,39.6976
396976N1202492W001,69351,2012-10-30T00:00:00Z,4917.09,4916.59,0,19.02,4898.07,19.02,18.52,NA,Electric sounder measurement,Water level accuracy to nearest hundredth of a foot,1,Department of Water Resources,NA,1,Department of Water Resources,NA,NA,36135,21N15E01K002M,21N15E01K002M,USGS quad,5 ft.,5-012.01,Sierra Valley,Sierra,100,Observation,Single Well,NA,1995-10-26 00:00:00 - 2020-04-24 12:00:00,52,fall,15.9,19.1,NA,NA,2013,Dry,2012-10-01T00:00:00Z,2013-10-01T00:00:00Z,-120.249,39.6976
396976N1202492W001,59933,2012-04-17T00:00:00Z,4917.09,4916.59,0,18.87,4898.22,18.87,18.37,NA,Electric sounder measurement,Water level accuracy to nearest hundredth of a foot,1,Department of Water Resources,NA,1,Department of Water Resources,NA,NA,36135,21N15E01K002M,21N15E01K002M,USGS quad,5 ft.,5-012.01,Sierra Valley,Sierra,100,Observation,Single Well,NA,1995-10-26 00:00:00 - 2020-04-24 12:00:00,52,spring,NA,NA,8.7,18.8,2012,NA,2011-10-01T00:00:00Z,2012-10-01T00:00:00Z,-120.249,39.6976
396976N1202492W001,39781,2011-10-18T00:00:00Z,4917.09,4916.59,0,19.41,4897.68,19.41,18.91,NA,Electric sounder measurement,Water level accuracy to nearest hundredth of a foot,1,Department of Water Resources,NA,1,Department of Water Resources,NA,NA,36135,21N15E01K002M,21N15E01K002M,USGS quad,5 ft.,5-012.01,Sierra Valley,Sierra,100,Observation,Single Well,NA,1995-10-26 00:00:00 - 2020-04-24 12:00:00,52,fall,15.9,19.1,NA,NA,2012,NA,2011-10-01T00:00:00Z,2012-10-01T00:00:00Z,-120.249,39.6976
396976N1202492W001,1751322,2011-10-18T00:00:00Z,4917.1,4916.6,0,19.41,4897.69,19.41,18.91,NA,Unknown,Water level accuracy is unknown,1,Department of Water Resources,NA,1,Department of Water Resources,NA,NA,36135,21N15E01K002M,21N15E01K002M,USGS quad,5 ft.,5-012.01,Sierra Valley,Sierra,100,Observation,Single Well,NA,1995-10-26 00:00:00 - 2020-04-24 12:00:00,52,fall,15.9,19.1,NA,NA,2012,NA,2011-10-01T00:00:00Z,2012-10-01T00:00:00Z,-120.249,39.6976
396976N1202492W001,1751321,2011-04-25T00:00:00Z,4917.1,4916.6,0,18.98,4898.12,18.98,18.48,NA,Unknown,Water level accuracy is unknown,1,Department of Water Resources,NA,1,Department of Water Resources,NA,NA,36135,21N15E01K002M,21N15E01K002M,USGS quad,5 ft.,5-012.01,Sierra Valley,Sierra,100,Observation,Single Well,NA,1995-10-26 00:00:00 - 2020-04-24 12:00:00,52,spring,NA,NA,8.7,18.8,2011,Wet,2010-10-01T00:00:00Z,2011-10-01T00:00:00Z,-120.249,39.6976
396976N1202492W001,1751320,2010-10-25T00:00:00Z,4917.1,4916.6,0,19.57,4897.53,19.57,19.07,NA,Unknown,Water level accuracy is unknown,1,Department of Water Resources,NA,1,Department of Water Resources,NA,NA,36135,21N15E01K002M,21N15E01K002M,USGS quad,5 ft.,5-012.01,Sierra Valley,Sierra,100,Observation,Single Well,NA,1995-10-26 00:00:00 - 2020-04-24 12:00:00,52,fall,15.9,19.1,NA,NA,2011,Wet,2010-10-01T00:00:00Z,2011-10-01T00:00:00Z,-120.249,39.6976
396976N1202492W001,1751319,2010-04-07T00:00:00Z,4917.1,4916.6,0,18.97,4898.13,18.97,18.47,NA,Unknown,Water level accuracy is unknown,1,Department of Water Resources,NA,1,Department of Water Resources,NA,NA,36135,21N15E01K002M,21N15E01K002M,USGS quad,5 ft.,5-012.01,Sierra Valley,Sierra,100,Observation,Single Well,NA,1995-10-26 00:00:00 - 2020-04-24 12:00:00,52,spring,NA,NA,8.7,18.8,2010,NA,2009-10-01T00:00:00Z,2010-10-01T00:00:00Z,-120.249,39.6976
396976N1202492W001,1751318,2009-10-28T00:00:00Z,4917.1,4916.6,0,19.3,4897.8,19.3,18.8,NA,Unknown,Water level accuracy is unknown,1,Department of Water Resources,NA,1,Department of Water Resources,NA,NA,36135,21N15E01K002M,21N15E01K002M,USGS quad,5 ft.,5-012.01,Sierra Valley,Sierra,100,Observation,Single Well,NA,1995-10-26 00:00:00 - 2020-04-24 12:00:00,52,fall,15.9,19.1,NA,NA,2010,NA,2009-10-01T00:00:00Z,2010-10-01T00:00:00Z,-120.249,39.6976
396976N1202492W001,1751317,2009-04-13T00:00:00Z,4917.1,4916.6,0,18.91,4898.19,18.91,18.41,NA,Unknown,Water level accuracy is unknown,1,Department of Water Resources,NA,1,Department of Water Resources,NA,NA,36135,21N15E01K002M,21N15E01K002M,USGS quad,5 ft.,5-012.01,Sierra Valley,Sierra,100,Observation,Single Well,NA,1995-10-26 00:00:00 - 2020-04-24 12:00:00,52,spring,NA,NA,8.7,18.8,2009,NA,2008-10-01T00:00:00Z,2009-10-01T00:00:00Z,-120.249,39.6976
396976N1202492W001,1751316,2008-10-27T00:00:00Z,4917.1,4916.6,0,18.9,4898.2,18.9,18.4,NA,Unknown,Water level accuracy is unknown,1,Department of Water Resources,NA,1,Department of Water Resources,NA,NA,36135,21N15E01K002M,21N15E01K002M,USGS quad,5 ft.,5-012.01,Sierra Valley,Sierra,100,Observation,Single Well,NA,1995-10-26 00:00:00 - 2020-04-24 12:00:00,52,fall,15.9,19.1,NA,NA,2009,NA,2008-10-01T00:00:00Z,2009-10-01T00:00:00Z,-120.249,39.6976
396976N1202492W001,1751314,2008-04-09T00:00:00Z,4917.1,4916.6,0,18.4,4898.7,18.4,17.9,NA,Unknown,Water level accuracy is unknown,1,Department of Water Resources,NA,1,Department of Water Resources,NA,NA,36135,21N15E01K002M,21N15E01K002M,USGS quad,5 ft.,5-012.01,Sierra Valley,Sierra,100,Observation,Single Well,NA,1995-10-26 00:00:00 - 2020-04-24 12:00:00,52,spring,NA,NA,8.7,18.8,2008,NA,2007-10-01T00:00:00Z,2008-10-01T00:00:00Z,-120.249,39.6976
396976N1202492W001,1751315,2007-10-25T00:00:00Z,4917.1,4916.6,0,18.7,4898.4,18.7,18.2,NA,Unknown,Water level accuracy is unknown,1,Department of Water Resources,NA,1,Department of Water Resources,NA,NA,36135,21N15E01K002M,21N15E01K002M,USGS quad,5 ft.,5-012.01,Sierra Valley,Sierra,100,Observation,Single Well,NA,1995-10-26 00:00:00 - 2020-04-24 12:00:00,52,fall,15.9,19.1,NA,NA,2008,NA,2007-10-01T00:00:00Z,2008-10-01T00:00:00Z,-120.249,39.6976
396976N1202492W001,1751313,2007-04-10T00:00:00Z,4917.1,4916.6,0,18.36,4898.74,18.36,17.86,NA,Unknown,Water level accuracy is unknown,1,Department of Water Resources,NA,1,Department of Water Resources,NA,NA,36135,21N15E01K002M,21N15E01K002M,USGS quad,5 ft.,5-012.01,Sierra Valley,Sierra,100,Observation,Single Well,NA,1995-10-26 00:00:00 - 2020-04-24 12:00:00,52,spring,NA,NA,8.7,18.8,2007,Dry,2006-10-01T00:00:00Z,2007-10-01T00:00:00Z,-120.249,39.6976
396976N1202492W001,1751312,2006-10-17T00:00:00Z,4917.1,4916.6,0,18.5,4898.6,18.5,18,NA,Unknown,Water level accuracy is unknown,1,Department of Water Resources,NA,1,Department of Water Resources,NA,NA,36135,21N15E01K002M,21N15E01K002M,USGS quad,5 ft.,5-012.01,Sierra Valley,Sierra,100,Observation,Single Well,NA,1995-10-26 00:00:00 - 2020-04-24 12:00:00,52,fall,15.9,19.1,NA,NA,2007,Dry,2006-10-01T00:00:00Z,2007-10-01T00:00:00Z,-120.249,39.6976
396976N1202492W001,1751311,2006-04-18T00:00:00Z,4917.1,4916.6,0,18.1,4899,18.1,17.6,NA,Unknown,Water level accuracy is unknown,1,Department of Water Resources,NA,1,Department of Water Resources,NA,NA,36135,21N15E01K002M,21N15E01K002M,USGS quad,5 ft.,5-012.01,Sierra Valley,Sierra,100,Observation,Single Well,NA,1995-10-26 00:00:00 - 2020-04-24 12:00:00,52,spring,NA,NA,8.7,18.8,2006,Wet,2005-10-01T00:00:00Z,2006-10-01T00:00:00Z,-120.249,39.6976
396976N1202492W001,1751310,2005-10-27T00:00:00Z,4917.1,4916.6,0,18.9,4898.2,18.9,18.4,NA,Unknown,Water level accuracy is unknown,1,Department of Water Resources,NA,1,Department of Water Resources,NA,NA,36135,21N15E01K002M,21N15E01K002M,USGS quad,5 ft.,5-012.01,Sierra Valley,Sierra,100,Observation,Single Well,NA,1995-10-26 00:00:00 - 2020-04-24 12:00:00,52,fall,15.9,19.1,NA,NA,2006,Wet,2005-10-01T00:00:00Z,2006-10-01T00:00:00Z,-120.249,39.6976
396976N1202492W001,1751309,2005-04-05T00:00:00Z,4917.1,4916.6,0,18.8,4898.3,18.8,18.3,NA,Unknown,Water level accuracy is unknown,1,Department of Water Resources,NA,1,Department of Water Resources,NA,NA,36135,21N15E01K002M,21N15E01K002M,USGS quad,5 ft.,5-012.01,Sierra Valley,Sierra,100,Observation,Single Well,NA,1995-10-26 00:00:00 - 2020-04-24 12:00:00,52,spring,NA,NA,8.7,18.8,2005,NA,2004-10-01T00:00:00Z,2005-10-01T00:00:00Z,-120.249,39.6976
396976N1202492W001,1751308,2004-10-15T00:00:00Z,4917.1,4916.6,0,18.7,4898.4,18.7,18.2,NA,Unknown,Water level accuracy is unknown,1,Department of Water Resources,NA,1,Department of Water Resources,NA,NA,36135,21N15E01K002M,21N15E01K002M,USGS quad,5 ft.,5-012.01,Sierra Valley,Sierra,100,Observation,Single Well,NA,1995-10-26 00:00:00 - 2020-04-24 12:00:00,52,fall,15.9,19.1,NA,NA,2005,NA,2004-10-01T00:00:00Z,2005-10-01T00:00:00Z,-120.249,39.6976
396976N1202492W001,1751307,2004-04-07T00:00:00Z,4917.1,4916.6,0,18.2,4898.9,18.2,17.7,NA,Unknown,Water level accuracy is unknown,1,Department of Water Resources,NA,1,Department of Water Resources,NA,NA,36135,21N15E01K002M,21N15E01K002M,USGS quad,5 ft.,5-012.01,Sierra Valley,Sierra,100,Observation,Single Well,NA,1995-10-26 00:00:00 - 2020-04-24 12:00:00,52,spring,NA,NA,8.7,18.8,2004,NA,2003-10-01T00:00:00Z,2004-10-01T00:00:00Z,-120.249,39.6976
396976N1202492W001,1751306,2003-10-29T00:00:00Z,4917.1,4916.6,0,19.4,4897.7,19.4,18.9,NA,Unknown,Water level accuracy is unknown,1,Department of Water Resources,NA,1,Department of Water Resources,NA,NA,36135,21N15E01K002M,21N15E01K002M,USGS quad,5 ft.,5-012.01,Sierra Valley,Sierra,100,Observation,Single Well,NA,1995-10-26 00:00:00 - 2020-04-24 12:00:00,52,fall,15.9,19.1,NA,NA,2004,NA,2003-10-01T00:00:00Z,2004-10-01T00:00:00Z,-120.249,39.6976
396976N1202492W001,1751305,2003-03-28T00:00:00Z,4917.1,4916.6,0,18,4899.1,18,17.5,NA,Unknown,Water level accuracy is unknown,1,Department of Water Resources,NA,1,Department of Water Resources,NA,NA,36135,21N15E01K002M,21N15E01K002M,USGS quad,5 ft.,5-012.01,Sierra Valley,Sierra,100,Observation,Single Well,NA,1995-10-26 00:00:00 - 2020-04-24 12:00:00,52,spring,NA,NA,8.7,18.8,2003,NA,2002-10-01T00:00:00Z,2003-10-01T00:00:00Z,-120.249,39.6976
396976N1202492W001,1751304,2002-10-24T00:00:00Z,4917.1,4916.6,0,18.3,4898.8,18.3,17.8,NA,Unknown,Water level accuracy is unknown,1,Department of Water Resources,NA,1,Department of Water Resources,NA,NA,36135,21N15E01K002M,21N15E01K002M,USGS quad,5 ft.,5-012.01,Sierra Valley,Sierra,100,Observation,Single Well,NA,1995-10-26 00:00:00 - 2020-04-24 12:00:00,52,fall,15.9,19.1,NA,NA,2003,NA,2002-10-01T00:00:00Z,2003-10-01T00:00:00Z,-120.249,39.6976
396976N1202492W001,1751303,2002-03-26T00:00:00Z,4917.1,4916.6,0,17.4,4899.7,17.4,16.9,NA,Unknown,Water level accuracy is unknown,1,Department of Water Resources,NA,1,Department of Water Resources,NA,NA,36135,21N15E01K002M,21N15E01K002M,USGS quad,5 ft.,5-012.01,Sierra Valley,Sierra,100,Observation,Single Well,NA,1995-10-26 00:00:00 - 2020-04-24 12:00:00,52,spring,NA,NA,8.7,18.8,2002,NA,2001-10-01T00:00:00Z,2002-10-01T00:00:00Z,-120.249,39.6976
396976N1202492W001,1751302,2001-10-18T00:00:00Z,4917.1,4916.6,0,17.4,4899.7,17.4,16.9,NA,Unknown,Water level accuracy is unknown,1,Department of Water Resources,NA,1,Department of Water Resources,NA,NA,36135,21N15E01K002M,21N15E01K002M,USGS quad,5 ft.,5-012.01,Sierra Valley,Sierra,100,Observation,Single Well,NA,1995-10-26 00:00:00 - 2020-04-24 12:00:00,52,fall,15.9,19.1,NA,NA,2002,NA,2001-10-01T00:00:00Z,2002-10-01T00:00:00Z,-120.249,39.6976
396976N1202492W001,1751301,2001-03-26T00:00:00Z,4917.1,4916.6,0,17.2,4899.9,17.2,16.7,NA,Unknown,Water level accuracy is unknown,1,Department of Water Resources,NA,1,Department of Water Resources,NA,NA,36135,21N15E01K002M,21N15E01K002M,USGS quad,5 ft.,5-012.01,Sierra Valley,Sierra,100,Observation,Single Well,NA,1995-10-26 00:00:00 - 2020-04-24 12:00:00,52,spring,NA,NA,8.7,18.8,2001,Dry,2000-10-01T00:00:00Z,2001-10-01T00:00:00Z,-120.249,39.6976
396976N1202492W001,1751300,2000-10-19T00:00:00Z,4917.1,4916.6,0,17.2,4899.9,17.2,16.7,NA,Unknown,Water level accuracy is unknown,1,Department of Water Resources,NA,1,Department of Water Resources,NA,NA,36135,21N15E01K002M,21N15E01K002M,USGS quad,5 ft.,5-012.01,Sierra Valley,Sierra,100,Observation,Single Well,NA,1995-10-26 00:00:00 - 2020-04-24 12:00:00,52,fall,15.9,19.1,NA,NA,2001,Dry,2000-10-01T00:00:00Z,2001-10-01T00:00:00Z,-120.249,39.6976
396976N1202492W001,1751299,2000-03-26T00:00:00Z,4917.1,4916.6,0,17.1,4900,17.1,16.6,NA,Unknown,Water level accuracy is unknown,1,Department of Water Resources,NA,1,Department of Water Resources,NA,NA,36135,21N15E01K002M,21N15E01K002M,USGS quad,5 ft.,5-012.01,Sierra Valley,Sierra,100,Observation,Single Well,NA,1995-10-26 00:00:00 - 2020-04-24 12:00:00,52,spring,NA,NA,8.7,18.8,2000,NA,1999-10-01T00:00:00Z,2000-10-01T00:00:00Z,-120.249,39.6976
396976N1202492W001,1751297,1999-10-12T00:00:00Z,4917.1,4916.6,0,17.1,4900,17.1,16.6,NA,Unknown,Water level accuracy is unknown,1,Department of Water Resources,NA,1,Department of Water Resources,NA,NA,36135,21N15E01K002M,21N15E01K002M,USGS quad,5 ft.,5-012.01,Sierra Valley,Sierra,100,Observation,Single Well,NA,1995-10-26 00:00:00 - 2020-04-24 12:00:00,52,fall,15.9,19.1,NA,NA,2000,NA,1999-10-01T00:00:00Z,2000-10-01T00:00:00Z,-120.249,39.6976
396976N1202492W001,1751298,1999-04-15T00:00:00Z,4917.1,4916.6,0,16.8,4900.3,16.8,16.3,NA,Unknown,Water level accuracy is unknown,1,Department of Water Resources,NA,1,Department of Water Resources,NA,NA,36135,21N15E01K002M,21N15E01K002M,USGS quad,5 ft.,5-012.01,Sierra Valley,Sierra,100,Observation,Single Well,NA,1995-10-26 00:00:00 - 2020-04-24 12:00:00,52,spring,NA,NA,8.7,18.8,1999,NA,1998-10-01T00:00:00Z,1999-10-01T00:00:00Z,-120.249,39.6976
396976N1202492W001,1751295,1998-10-14T00:00:00Z,4917.1,4916.6,0,16.9,4900.2,16.9,16.4,NA,Unknown,Water level accuracy is unknown,1,Department of Water Resources,NA,1,Department of Water Resources,NA,NA,36135,21N15E01K002M,21N15E01K002M,USGS quad,5 ft.,5-012.01,Sierra Valley,Sierra,100,Observation,Single Well,NA,1995-10-26 00:00:00 - 2020-04-24 12:00:00,52,fall,15.9,19.1,NA,NA,1999,NA,1998-10-01T00:00:00Z,1999-10-01T00:00:00Z,-120.249,39.6976
396976N1202492W001,1751296,1998-05-15T00:00:00Z,4917.1,4916.6,0,9.2,4907.9,9.2,8.7,NA,Unknown,Water level accuracy is unknown,1,Department of Water Resources,NA,1,Department of Water Resources,NA,NA,36135,21N15E01K002M,21N15E01K002M,USGS quad,5 ft.,5-012.01,Sierra Valley,Sierra,100,Observation,Single Well,NA,1995-10-26 00:00:00 - 2020-04-24 12:00:00,52,spring,NA,NA,8.7,18.8,1998,NA,1997-10-01T00:00:00Z,1998-10-01T00:00:00Z,-120.249,39.6976
396976N1202492W001,1751294,1997-10-17T00:00:00Z,4917.1,4916.6,0,17.2,4899.9,17.2,16.7,NA,Unknown,Water level accuracy is unknown,1,Department of Water Resources,NA,1,Department of Water Resources,NA,NA,36135,21N15E01K002M,21N15E01K002M,USGS quad,5 ft.,5-012.01,Sierra Valley,Sierra,100,Observation,Single Well,NA,1995-10-26 00:00:00 - 2020-04-24 12:00:00,52,fall,15.9,19.1,NA,NA,1998,NA,1997-10-01T00:00:00Z,1998-10-01T00:00:00Z,-120.249,39.6976
396976N1202492W001,1751293,1997-04-05T00:00:00Z,4917.1,4916.6,0,16.4,4900.7,16.4,15.9,NA,Unknown,Water level accuracy is unknown,1,Department of Water Resources,NA,1,Department of Water Resources,NA,NA,36135,21N15E01K002M,21N15E01K002M,USGS quad,5 ft.,5-012.01,Sierra Valley,Sierra,100,Observation,Single Well,NA,1995-10-26 00:00:00 - 2020-04-24 12:00:00,52,spring,NA,NA,8.7,18.8,1997,NA,1996-10-01T00:00:00Z,1997-10-01T00:00:00Z,-120.249,39.6976
396976N1202492W001,1751290,1996-10-30T00:00:00Z,4917.1,4916.6,0,16.7,4900.4,16.7,16.2,NA,Unknown,Water level accuracy is unknown,1,Department of Water Resources,NA,1,Department of Water Resources,NA,NA,36135,21N15E01K002M,21N15E01K002M,USGS quad,5 ft.,5-012.01,Sierra Valley,Sierra,100,Observation,Single Well,NA,1995-10-26 00:00:00 - 2020-04-24 12:00:00,52,fall,15.9,19.1,NA,NA,1997,NA,1996-10-01T00:00:00Z,1997-10-01T00:00:00Z,-120.249,39.6976
396976N1202492W001,1751292,1996-05-08T00:00:00Z,4917.1,4916.6,0,16,4901.1,16,15.5,NA,Unknown,Water level accuracy is unknown,1,Department of Water Resources,NA,1,Department of Water Resources,NA,NA,36135,21N15E01K002M,21N15E01K002M,USGS quad,5 ft.,5-012.01,Sierra Valley,Sierra,100,Observation,Single Well,NA,1995-10-26 00:00:00 - 2020-04-24 12:00:00,52,spring,NA,NA,8.7,18.8,1996,NA,1995-10-01T00:00:00Z,1996-10-01T00:00:00Z,-120.249,39.6976
396976N1202492W001,1751291,1995-10-26T00:00:00Z,4917.1,4916.6,0,16.4,4900.7,16.4,15.9,NA,Unknown,Water level accuracy is unknown,1,Department of Water Resources,NA,1,Department of Water Resources,NA,NA,36135,21N15E01K002M,21N15E01K002M,USGS quad,5 ft.,5-012.01,Sierra Valley,Sierra,100,Observation,Single Well,NA,1995-10-26 00:00:00 - 2020-04-24 12:00:00,52,fall,15.9,19.1,NA,NA,1996,NA,1995-10-01T00:00:00Z,1996-10-01T00:00:00Z,-120.249,39.6976
