SITE_CODE,WLM_ID,MSMT_DATE,WLM_RPE,WLM_GSE,RDNG_WS,RDNG_RP,WSE,RPE_WSE,GSE_WSE,WLM_QA_DESC,WLM_DESC,WLM_ACC_DESC,WLM_ORG_ID,WLM_ORG_NAME,MSMT_CMT,COOP_AGENCY_ORG_ID,COOP_ORG_NAME,TOP_PRF,BOT_PRF,STN_ID,SWN,WELL_NAME,WLM_METHOD,WLM_ACC,BASIN_CODE,BASIN_NAME,COUNTY_NAME,WELL_DEPTH,WELL_USE,WELL_TYPE,WCR_NO,t_range,n_samples,season,fall_high,fall_low,spring_high,spring_low,water_year,water_year_type,water_year_start,water_year_end,X,Y
396944N1203056W001,1767915,2004-04-07T00:00:00Z,4899.59,4896.59,0,8.6,4890.99,8.6,5.6,NA,Unknown,Water level accuracy is unknown,1,Department of Water Resources,NA,1,Department of Water Resources,NA,NA,20060,21N15E04Q001M,NA,Unknown,Unknown,5-012.01,Sierra Valley,Sierra,160,Irrigation,Unknown,132810,1980-10-23 - 2009-04-14,59,spring,NA,NA,0.5,10.2,2004,NA,2003-10-01T00:00:00Z,2004-10-01T00:00:00Z,-120.306,39.6944
396944N1203056W001,1767914,2003-10-29T00:00:00Z,4899.59,4896.59,0,11.7,4887.89,11.7,8.7,NA,Unknown,Water level accuracy is unknown,1,Department of Water Resources,NA,1,Department of Water Resources,NA,NA,20060,21N15E04Q001M,NA,Unknown,Unknown,5-012.01,Sierra Valley,Sierra,160,Irrigation,Unknown,132810,1980-10-23 - 2009-04-14,59,fall,5.9,11.3,NA,NA,2004,NA,2003-10-01T00:00:00Z,2004-10-01T00:00:00Z,-120.306,39.6944
396944N1203056W001,1767913,2003-03-27T00:00:00Z,4899.59,4896.59,0,11,4888.59,11,8,NA,Unknown,Water level accuracy is unknown,1,Department of Water Resources,NA,1,Department of Water Resources,NA,NA,20060,21N15E04Q001M,NA,Unknown,Unknown,5-012.01,Sierra Valley,Sierra,160,Irrigation,Unknown,132810,1980-10-23 - 2009-04-14,59,spring,NA,NA,0.5,10.2,2003,NA,2002-10-01T00:00:00Z,2003-10-01T00:00:00Z,-120.306,39.6944
396944N1203056W001,1767911,2002-03-26T00:00:00Z,4899.59,4896.59,0,11.4,4888.19,11.4,8.4,NA,Unknown,Water level accuracy is unknown,1,Department of Water Resources,NA,1,Department of Water Resources,NA,NA,20060,21N15E04Q001M,NA,Unknown,Unknown,5-012.01,Sierra Valley,Sierra,160,Irrigation,Unknown,132810,1980-10-23 - 2009-04-14,59,spring,NA,NA,0.5,10.2,2002,NA,2001-10-01T00:00:00Z,2002-10-01T00:00:00Z,-120.306,39.6944
396944N1203056W001,1767910,2001-10-18T00:00:00Z,4899.59,4896.59,0,12,4887.59,12,9,NA,Unknown,Water level accuracy is unknown,1,Department of Water Resources,NA,1,Department of Water Resources,NA,NA,20060,21N15E04Q001M,NA,Unknown,Unknown,5-012.01,Sierra Valley,Sierra,160,Irrigation,Unknown,132810,1980-10-23 - 2009-04-14,59,fall,5.9,11.3,NA,NA,2002,NA,2001-10-01T00:00:00Z,2002-10-01T00:00:00Z,-120.306,39.6944
396944N1203056W001,1767909,2001-03-27T00:00:00Z,4899.59,4896.59,0,10.6,4888.99,10.6,7.6,NA,Unknown,Water level accuracy is unknown,1,Department of Water Resources,NA,1,Department of Water Resources,NA,NA,20060,21N15E04Q001M,NA,Unknown,Unknown,5-012.01,Sierra Valley,Sierra,160,Irrigation,Unknown,132810,1980-10-23 - 2009-04-14,59,spring,NA,NA,0.5,10.2,2001,Dry,2000-10-01T00:00:00Z,2001-10-01T00:00:00Z,-120.306,39.6944
396944N1203056W001,1767908,2000-10-19T00:00:00Z,4899.59,4896.59,0,10.8,4888.79,10.8,7.8,NA,Unknown,Water level accuracy is unknown,1,Department of Water Resources,NA,1,Department of Water Resources,NA,NA,20060,21N15E04Q001M,NA,Unknown,Unknown,5-012.01,Sierra Valley,Sierra,160,Irrigation,Unknown,132810,1980-10-23 - 2009-04-14,59,fall,5.9,11.3,NA,NA,2001,Dry,2000-10-01T00:00:00Z,2001-10-01T00:00:00Z,-120.306,39.6944
396944N1203056W001,1767907,2000-03-26T00:00:00Z,4899.59,4896.59,0,5.3,4894.29,5.3,2.3,NA,Unknown,Water level accuracy is unknown,1,Department of Water Resources,NA,1,Department of Water Resources,NA,NA,20060,21N15E04Q001M,NA,Unknown,Unknown,5-012.01,Sierra Valley,Sierra,160,Irrigation,Unknown,132810,1980-10-23 - 2009-04-14,59,spring,NA,NA,0.5,10.2,2000,NA,1999-10-01T00:00:00Z,2000-10-01T00:00:00Z,-120.306,39.6944
396944N1203056W001,1767905,1999-10-12T00:00:00Z,4899.59,4896.59,0,9.3,4890.29,9.3,6.3,NA,Unknown,Water level accuracy is unknown,1,Department of Water Resources,NA,1,Department of Water Resources,NA,NA,20060,21N15E04Q001M,NA,Unknown,Unknown,5-012.01,Sierra Valley,Sierra,160,Irrigation,Unknown,132810,1980-10-23 - 2009-04-14,59,fall,5.9,11.3,NA,NA,2000,NA,1999-10-01T00:00:00Z,2000-10-01T00:00:00Z,-120.306,39.6944
396944N1203056W001,1767906,1999-04-14T00:00:00Z,4899.59,4896.59,0,3.8,4895.79,3.8,0.8,NA,Unknown,Water level accuracy is unknown,1,Department of Water Resources,NA,1,Department of Water Resources,NA,NA,20060,21N15E04Q001M,NA,Unknown,Unknown,5-012.01,Sierra Valley,Sierra,160,Irrigation,Unknown,132810,1980-10-23 - 2009-04-14,59,spring,NA,NA,0.5,10.2,1999,NA,1998-10-01T00:00:00Z,1999-10-01T00:00:00Z,-120.306,39.6944
396944N1203056W001,1767903,1998-10-13T00:00:00Z,4899.59,4896.59,0,9.2,4890.39,9.2,6.2,NA,Unknown,Water level accuracy is unknown,1,Department of Water Resources,NA,1,Department of Water Resources,NA,NA,20060,21N15E04Q001M,NA,Unknown,Unknown,5-012.01,Sierra Valley,Sierra,160,Irrigation,Unknown,132810,1980-10-23 - 2009-04-14,59,fall,5.9,11.3,NA,NA,1999,NA,1998-10-01T00:00:00Z,1999-10-01T00:00:00Z,-120.306,39.6944
396944N1203056W001,1767904,1998-05-15T00:00:00Z,4899.59,4896.59,0,5.3,4894.29,5.3,2.3,NA,Unknown,Water level accuracy is unknown,1,Department of Water Resources,NA,1,Department of Water Resources,NA,NA,20060,21N15E04Q001M,NA,Unknown,Unknown,5-012.01,Sierra Valley,Sierra,160,Irrigation,Unknown,132810,1980-10-23 - 2009-04-14,59,spring,NA,NA,0.5,10.2,1998,NA,1997-10-01T00:00:00Z,1998-10-01T00:00:00Z,-120.306,39.6944
396944N1203056W001,1767902,1997-10-18T00:00:00Z,4899.59,4896.59,0,9.3,4890.29,9.3,6.3,NA,Unknown,Water level accuracy is unknown,1,Department of Water Resources,NA,1,Department of Water Resources,NA,NA,20060,21N15E04Q001M,NA,Unknown,Unknown,5-012.01,Sierra Valley,Sierra,160,Irrigation,Unknown,132810,1980-10-23 - 2009-04-14,59,fall,5.9,11.3,NA,NA,1998,NA,1997-10-01T00:00:00Z,1998-10-01T00:00:00Z,-120.306,39.6944
396944N1203056W001,1767901,1997-04-05T00:00:00Z,4899.59,4896.59,0,5.7,4893.89,5.7,2.7,NA,Unknown,Water level accuracy is unknown,1,Department of Water Resources,NA,1,Department of Water Resources,NA,NA,20060,21N15E04Q001M,NA,Unknown,Unknown,5-012.01,Sierra Valley,Sierra,160,Irrigation,Unknown,132810,1980-10-23 - 2009-04-14,59,spring,NA,NA,0.5,10.2,1997,NA,1996-10-01T00:00:00Z,1997-10-01T00:00:00Z,-120.306,39.6944
396944N1203056W001,1767867,1996-10-30T00:00:00Z,4899.59,4896.59,0,8.9,4890.69,8.9,5.9,NA,Unknown,Water level accuracy is unknown,1,Department of Water Resources,NA,1,Department of Water Resources,NA,NA,20060,21N15E04Q001M,NA,Unknown,Unknown,5-012.01,Sierra Valley,Sierra,160,Irrigation,Unknown,132810,1980-10-23 - 2009-04-14,59,fall,5.9,11.3,NA,NA,1997,NA,1996-10-01T00:00:00Z,1997-10-01T00:00:00Z,-120.306,39.6944
396944N1203056W001,1767900,1996-05-07T00:00:00Z,4899.59,4896.59,0,5.7,4893.89,5.7,2.7,NA,Unknown,Water level accuracy is unknown,1,Department of Water Resources,NA,1,Department of Water Resources,NA,NA,20060,21N15E04Q001M,NA,Unknown,Unknown,5-012.01,Sierra Valley,Sierra,160,Irrigation,Unknown,132810,1980-10-23 - 2009-04-14,59,spring,NA,NA,0.5,10.2,1996,NA,1995-10-01T00:00:00Z,1996-10-01T00:00:00Z,-120.306,39.6944
396944N1203056W001,1767899,1995-10-23T00:00:00Z,4899.59,4896.59,0,9.1,4890.49,9.1,6.1,NA,Unknown,Water level accuracy is unknown,1,Department of Water Resources,NA,1,Department of Water Resources,NA,NA,20060,21N15E04Q001M,NA,Unknown,Unknown,5-012.01,Sierra Valley,Sierra,160,Irrigation,Unknown,132810,1980-10-23 - 2009-04-14,59,fall,5.9,11.3,NA,NA,1996,NA,1995-10-01T00:00:00Z,1996-10-01T00:00:00Z,-120.306,39.6944
396944N1203056W001,1767898,1995-05-31T00:00:00Z,4899.59,4896.59,0,5.8,4893.79,5.8,2.8,NA,Unknown,Water level accuracy is unknown,1,Department of Water Resources,NA,1,Department of Water Resources,NA,NA,20060,21N15E04Q001M,NA,Unknown,Unknown,5-012.01,Sierra Valley,Sierra,160,Irrigation,Unknown,132810,1980-10-23 - 2009-04-14,59,spring,NA,NA,0.5,10.2,1995,Wet,1994-10-01T00:00:00Z,1995-10-01T00:00:00Z,-120.306,39.6944
396944N1203056W001,1767897,1994-10-29T00:00:00Z,4899.59,4896.59,0,10.8,4888.79,10.8,7.8,NA,Unknown,Water level accuracy is unknown,1,Department of Water Resources,NA,1,Department of Water Resources,NA,NA,20060,21N15E04Q001M,NA,Unknown,Unknown,5-012.01,Sierra Valley,Sierra,160,Irrigation,Unknown,132810,1980-10-23 - 2009-04-14,59,fall,5.9,11.3,NA,NA,1995,Wet,1994-10-01T00:00:00Z,1995-10-01T00:00:00Z,-120.306,39.6944
396944N1203056W001,1767896,1994-03-28T00:00:00Z,4899.59,4896.59,0,9.9,4889.69,9.9,6.9,NA,Unknown,Water level accuracy is unknown,1,Department of Water Resources,NA,1,Department of Water Resources,NA,NA,20060,21N15E04Q001M,NA,Unknown,Unknown,5-012.01,Sierra Valley,Sierra,160,Irrigation,Unknown,132810,1980-10-23 - 2009-04-14,59,spring,NA,NA,0.5,10.2,1994,Dry,1993-10-01T00:00:00Z,1994-10-01T00:00:00Z,-120.306,39.6944
396944N1203056W001,1767895,1993-10-18T00:00:00Z,4899.59,4896.59,0,9.8,4889.79,9.8,6.8,NA,Unknown,Water level accuracy is unknown,1,Department of Water Resources,NA,1,Department of Water Resources,NA,NA,20060,21N15E04Q001M,NA,Unknown,Unknown,5-012.01,Sierra Valley,Sierra,160,Irrigation,Unknown,132810,1980-10-23 - 2009-04-14,59,fall,5.9,11.3,NA,NA,1994,Dry,1993-10-01T00:00:00Z,1994-10-01T00:00:00Z,-120.306,39.6944
396944N1203056W001,1767894,1993-04-19T00:00:00Z,4899.59,4896.59,0,4.8,4894.79,4.8,1.8,NA,Unknown,Water level accuracy is unknown,1,Department of Water Resources,NA,1,Department of Water Resources,NA,NA,20060,21N15E04Q001M,NA,Unknown,Unknown,5-012.01,Sierra Valley,Sierra,160,Irrigation,Unknown,132810,1980-10-23 - 2009-04-14,59,spring,NA,NA,0.5,10.2,1993,NA,1992-10-01T00:00:00Z,1993-10-01T00:00:00Z,-120.306,39.6944
396944N1203056W001,1767893,1992-10-19T00:00:00Z,4899.59,4896.59,0,14.3,4885.29,14.3,11.3,NA,Unknown,Water level accuracy is unknown,1,Department of Water Resources,NA,1,Department of Water Resources,NA,NA,20060,21N15E04Q001M,NA,Unknown,Unknown,5-012.01,Sierra Valley,Sierra,160,Irrigation,Unknown,132810,1980-10-23 - 2009-04-14,59,fall,5.9,11.3,NA,NA,1993,NA,1992-10-01T00:00:00Z,1993-10-01T00:00:00Z,-120.306,39.6944
396944N1203056W001,1767892,1992-03-23T00:00:00Z,4899.59,4896.59,0,13.2,4886.39,13.2,10.2,NA,Unknown,Water level accuracy is unknown,1,Department of Water Resources,NA,1,Department of Water Resources,NA,NA,20060,21N15E04Q001M,NA,Unknown,Unknown,5-012.01,Sierra Valley,Sierra,160,Irrigation,Unknown,132810,1980-10-23 - 2009-04-14,59,spring,NA,NA,0.5,10.2,1992,NA,1991-10-01T00:00:00Z,1992-10-01T00:00:00Z,-120.306,39.6944
396944N1203056W001,1767891,1991-10-21T00:00:00Z,4899.59,4896.59,0,12.8,4886.79,12.8,9.8,NA,Unknown,Water level accuracy is unknown,1,Department of Water Resources,NA,1,Department of Water Resources,NA,NA,20060,21N15E04Q001M,NA,Unknown,Unknown,5-012.01,Sierra Valley,Sierra,160,Irrigation,Unknown,132810,1980-10-23 - 2009-04-14,59,fall,5.9,11.3,NA,NA,1992,NA,1991-10-01T00:00:00Z,1992-10-01T00:00:00Z,-120.306,39.6944
396944N1203056W001,1767890,1991-02-26T00:00:00Z,4899.59,4896.59,0,12.2,4887.39,12.2,9.2,NA,Unknown,Water level accuracy is unknown,1,Department of Water Resources,NA,1,Department of Water Resources,NA,NA,20060,21N15E04Q001M,NA,Unknown,Unknown,5-012.01,Sierra Valley,Sierra,160,Irrigation,Unknown,132810,1980-10-23 - 2009-04-14,59,other,NA,NA,NA,NA,1991,NA,1990-10-01T00:00:00Z,1991-10-01T00:00:00Z,-120.306,39.6944
396944N1203056W001,1767889,1990-10-24T00:00:00Z,4899.59,4896.59,0,11.7,4887.89,11.7,8.7,NA,Unknown,Water level accuracy is unknown,1,Department of Water Resources,NA,1,Department of Water Resources,NA,NA,20060,21N15E04Q001M,NA,Unknown,Unknown,5-012.01,Sierra Valley,Sierra,160,Irrigation,Unknown,132810,1980-10-23 - 2009-04-14,59,fall,5.9,11.3,NA,NA,1991,NA,1990-10-01T00:00:00Z,1991-10-01T00:00:00Z,-120.306,39.6944
396944N1203056W001,1767888,1988-03-23T00:00:00Z,4899.59,4896.59,0,12.3,4887.29,12.3,9.3,NA,Unknown,Water level accuracy is unknown,1,Department of Water Resources,NA,1,Department of Water Resources,NA,NA,20060,21N15E04Q001M,NA,Unknown,Unknown,5-012.01,Sierra Valley,Sierra,160,Irrigation,Unknown,132810,1980-10-23 - 2009-04-14,59,spring,NA,NA,0.5,10.2,1988,NA,1987-10-01T00:00:00Z,1988-10-01T00:00:00Z,-120.306,39.6944
396944N1203056W001,1767887,1987-10-20T00:00:00Z,4899.59,4896.59,0,12.5,4887.09,12.5,9.5,NA,Unknown,Water level accuracy is unknown,1,Department of Water Resources,NA,1,Department of Water Resources,NA,NA,20060,21N15E04Q001M,NA,Unknown,Unknown,5-012.01,Sierra Valley,Sierra,160,Irrigation,Unknown,132810,1980-10-23 - 2009-04-14,59,fall,5.9,11.3,NA,NA,1988,NA,1987-10-01T00:00:00Z,1988-10-01T00:00:00Z,-120.306,39.6944
396944N1203056W001,1767886,1987-04-07T00:00:00Z,4899.59,4896.59,0,10.6,4888.99,10.6,7.6,NA,Unknown,Water level accuracy is unknown,1,Department of Water Resources,NA,1,Department of Water Resources,NA,NA,20060,21N15E04Q001M,NA,Unknown,Unknown,5-012.01,Sierra Valley,Sierra,160,Irrigation,Unknown,132810,1980-10-23 - 2009-04-14,59,spring,NA,NA,0.5,10.2,1987,Dry,1986-10-01T00:00:00Z,1987-10-01T00:00:00Z,-120.306,39.6944
396944N1203056W001,1767885,1986-10-02T00:00:00Z,4899.59,4896.59,0,10.2,4889.39,10.2,7.2,NA,Unknown,Water level accuracy is unknown,1,Department of Water Resources,NA,1,Department of Water Resources,NA,NA,20060,21N15E04Q001M,NA,Unknown,Unknown,5-012.01,Sierra Valley,Sierra,160,Irrigation,Unknown,132810,1980-10-23 - 2009-04-14,59,fall,5.9,11.3,NA,NA,1987,Dry,1986-10-01T00:00:00Z,1987-10-01T00:00:00Z,-120.306,39.6944
396944N1203056W001,1767884,1986-04-02T00:00:00Z,4899.59,4896.59,0,4.7,4894.89,4.7,1.7,NA,Unknown,Water level accuracy is unknown,1,Department of Water Resources,NA,1,Department of Water Resources,NA,NA,20060,21N15E04Q001M,NA,Unknown,Unknown,5-012.01,Sierra Valley,Sierra,160,Irrigation,Unknown,132810,1980-10-23 - 2009-04-14,59,spring,NA,NA,0.5,10.2,1986,Wet,1985-10-01T00:00:00Z,1986-10-01T00:00:00Z,-120.306,39.6944
396944N1203056W001,1767883,1985-10-05T00:00:00Z,4899.59,4896.59,0,10.7,4888.89,10.7,7.7,NA,Unknown,Water level accuracy is unknown,1,Department of Water Resources,NA,1,Department of Water Resources,NA,NA,20060,21N15E04Q001M,NA,Unknown,Unknown,5-012.01,Sierra Valley,Sierra,160,Irrigation,Unknown,132810,1980-10-23 - 2009-04-14,59,fall,5.9,11.3,NA,NA,1986,Wet,1985-10-01T00:00:00Z,1986-10-01T00:00:00Z,-120.306,39.6944
396944N1203056W001,1767882,1985-03-25T00:00:00Z,4899.59,4896.59,0,8.2,4891.39,8.2,5.2,NA,Unknown,Water level accuracy is unknown,1,Department of Water Resources,NA,1,Department of Water Resources,NA,NA,20060,21N15E04Q001M,NA,Unknown,Unknown,5-012.01,Sierra Valley,Sierra,160,Irrigation,Unknown,132810,1980-10-23 - 2009-04-14,59,spring,NA,NA,0.5,10.2,1985,Dry,1984-10-01T00:00:00Z,1985-10-01T00:00:00Z,-120.306,39.6944
396944N1203056W001,1767881,1984-10-02T00:00:00Z,4899.59,4896.59,0,9.6,4889.99,9.6,6.6,NA,Unknown,Water level accuracy is unknown,1,Department of Water Resources,NA,1,Department of Water Resources,NA,NA,20060,21N15E04Q001M,NA,Unknown,Unknown,5-012.01,Sierra Valley,Sierra,160,Irrigation,Unknown,132810,1980-10-23 - 2009-04-14,59,fall,5.9,11.3,NA,NA,1985,Dry,1984-10-01T00:00:00Z,1985-10-01T00:00:00Z,-120.306,39.6944
396944N1203056W001,1767880,1984-03-14T00:00:00Z,4899.39,4896.59,0,3.3,4896.09,3.3,0.5,NA,Unknown,Water level accuracy is unknown,1,Department of Water Resources,NA,1,Department of Water Resources,NA,NA,20060,21N15E04Q001M,NA,Unknown,Unknown,5-012.01,Sierra Valley,Sierra,160,Irrigation,Unknown,132810,1980-10-23 - 2009-04-14,59,spring,NA,NA,0.5,10.2,1984,NA,1983-10-01T00:00:00Z,1984-10-01T00:00:00Z,-120.306,39.6944
396944N1203056W001,1767879,1983-09-27T00:00:00Z,4899.39,4896.59,0,9.4,4889.99,9.4,6.6,NA,Unknown,Water level accuracy is unknown,1,Department of Water Resources,NA,1,Department of Water Resources,NA,NA,20060,21N15E04Q001M,NA,Unknown,Unknown,5-012.01,Sierra Valley,Sierra,160,Irrigation,Unknown,132810,1980-10-23 - 2009-04-14,59,fall,5.9,11.3,NA,NA,1983,NA,1982-10-01T00:00:00Z,1983-10-01T00:00:00Z,-120.306,39.6944
396944N1203056W001,1767877,1982-10-06T00:00:00Z,4891.49,4896.59,0,0.8,4890.69,0.8,5.9,NA,Unknown,Water level accuracy is unknown,1,Department of Water Resources,NA,1,Department of Water Resources,NA,NA,20060,21N15E04Q001M,NA,Unknown,Unknown,5-012.01,Sierra Valley,Sierra,160,Irrigation,Unknown,132810,1980-10-23 - 2009-04-14,59,fall,5.9,11.3,NA,NA,1983,NA,1982-10-01T00:00:00Z,1983-10-01T00:00:00Z,-120.306,39.6944
396944N1203056W001,1767876,1982-09-15T00:00:00Z,4891.49,4896.59,0,3.4,4888.09,3.4,8.5,NA,Unknown,Water level accuracy is unknown,1,Department of Water Resources,NA,1,Department of Water Resources,NA,NA,20060,21N15E04Q001M,NA,Unknown,Unknown,5-012.01,Sierra Valley,Sierra,160,Irrigation,Unknown,132810,1980-10-23 - 2009-04-14,59,fall,5.9,11.3,NA,NA,1982,Wet,1981-10-01T00:00:00Z,1982-10-01T00:00:00Z,-120.306,39.6944
396944N1203056W001,1767874,1981-10-07T00:00:00Z,4891.49,4896.59,0,4,4887.49,4,9.1,NA,Unknown,Water level accuracy is unknown,1,Department of Water Resources,NA,1,Department of Water Resources,NA,NA,20060,21N15E04Q001M,NA,Unknown,Unknown,5-012.01,Sierra Valley,Sierra,160,Irrigation,Unknown,132810,1980-10-23 - 2009-04-14,59,fall,5.9,11.3,NA,NA,1982,Wet,1981-10-01T00:00:00Z,1982-10-01T00:00:00Z,-120.306,39.6944
396944N1203056W001,1767873,1981-09-16T00:00:00Z,4891.49,4896.59,0,4.5,4886.99,4.5,9.6,NA,Unknown,Water level accuracy is unknown,1,Department of Water Resources,NA,1,Department of Water Resources,NA,NA,20060,21N15E04Q001M,NA,Unknown,Unknown,5-012.01,Sierra Valley,Sierra,160,Irrigation,Unknown,132810,1980-10-23 - 2009-04-14,59,fall,5.9,11.3,NA,NA,1981,Dry,1980-10-01T00:00:00Z,1981-10-01T00:00:00Z,-120.306,39.6944
396944N1203056W001,1767872,1981-08-27T00:00:00Z,4891.49,4896.59,0,5,4886.49,5,10.1,NA,Unknown,Water level accuracy is unknown,1,Department of Water Resources,NA,1,Department of Water Resources,NA,NA,20060,21N15E04Q001M,NA,Unknown,Unknown,5-012.01,Sierra Valley,Sierra,160,Irrigation,Unknown,132810,1980-10-23 - 2009-04-14,59,fall,5.9,11.3,NA,NA,1981,Dry,1980-10-01T00:00:00Z,1981-10-01T00:00:00Z,-120.306,39.6944
396944N1203056W001,1767871,1981-08-11T00:00:00Z,4891.49,4896.59,0,5,4886.49,5,10.1,NA,Unknown,Water level accuracy is unknown,1,Department of Water Resources,NA,1,Department of Water Resources,NA,NA,20060,21N15E04Q001M,NA,Unknown,Unknown,5-012.01,Sierra Valley,Sierra,160,Irrigation,Unknown,132810,1980-10-23 - 2009-04-14,59,fall,5.9,11.3,NA,NA,1981,Dry,1980-10-01T00:00:00Z,1981-10-01T00:00:00Z,-120.306,39.6944
396944N1203056W001,1767870,1981-04-23T00:00:00Z,4896.59,4896.59,0,9.5,4887.09,9.5,9.5,NA,Unknown,Water level accuracy is unknown,1,Department of Water Resources,NA,1,Department of Water Resources,NA,NA,20060,21N15E04Q001M,NA,Unknown,Unknown,5-012.01,Sierra Valley,Sierra,160,Irrigation,Unknown,132810,1980-10-23 - 2009-04-14,59,spring,NA,NA,0.5,10.2,1981,Dry,1980-10-01T00:00:00Z,1981-10-01T00:00:00Z,-120.306,39.6944
396944N1203056W001,1767869,1981-04-16T00:00:00Z,4896.59,4896.59,0,9.2,4887.39,9.2,9.2,NA,Unknown,Water level accuracy is unknown,1,Department of Water Resources,NA,1,Department of Water Resources,NA,NA,20060,21N15E04Q001M,NA,Unknown,Unknown,5-012.01,Sierra Valley,Sierra,160,Irrigation,Unknown,132810,1980-10-23 - 2009-04-14,59,spring,NA,NA,0.5,10.2,1981,Dry,1980-10-01T00:00:00Z,1981-10-01T00:00:00Z,-120.306,39.6944
396944N1203056W001,1767868,1980-10-23T00:00:00Z,4896.59,4896.59,0,8.5,4888.09,8.5,8.5,NA,Unknown,Water level accuracy is unknown,1,Department of Water Resources,NA,1,Department of Water Resources,NA,NA,20060,21N15E04Q001M,NA,Unknown,Unknown,5-012.01,Sierra Valley,Sierra,160,Irrigation,Unknown,132810,1980-10-23 - 2009-04-14,59,fall,5.9,11.3,NA,NA,1981,Dry,1980-10-01T00:00:00Z,1981-10-01T00:00:00Z,-120.306,39.6944
