SITE_CODE,WLM_ID,MSMT_DATE,WLM_RPE,WLM_GSE,RDNG_WS,RDNG_RP,WSE,RPE_WSE,GSE_WSE,WLM_QA_DESC,WLM_DESC,WLM_ACC_DESC,WLM_ORG_ID,WLM_ORG_NAME,MSMT_CMT,COOP_AGENCY_ORG_ID,COOP_ORG_NAME,TOP_PRF,BOT_PRF,STN_ID,SWN,WELL_NAME,WLM_METHOD,WLM_ACC,BASIN_CODE,BASIN_NAME,COUNTY_NAME,WELL_DEPTH,WELL_USE,WELL_TYPE,WCR_NO,t_range,n_samples,season,fall_high,fall_low,spring_high,spring_low,water_year,water_year_type,water_year_start,water_year_end,X,Y
396901N1202874W001,973381,1999-04-14T00:00:00Z,4899.01,4897.61,0,7.5,4891.51,7.5,6.1,NA,Unknown,Water level accuracy is unknown,1,Department of Water Resources,NA,1,Department of Water Resources,NA,NA,20064,21N15E10C001M,NA,Unknown,Unknown,5-012.01,Sierra Valley,Sierra,390,Stockwatering,Unknown,14718,1981-04-22 - 2000-03-26,32,spring,NA,NA,4.2,14.2,1999,NA,1998-10-01T00:00:00Z,1999-10-01T00:00:00Z,-120.287,39.6901
396901N1202874W001,973379,1998-10-13T00:00:00Z,4899.01,4897.61,0,10.9,4888.11,10.9,9.5,NA,Unknown,Water level accuracy is unknown,1,Department of Water Resources,NA,1,Department of Water Resources,NA,NA,20064,21N15E10C001M,NA,Unknown,Unknown,5-012.01,Sierra Valley,Sierra,390,Stockwatering,Unknown,14718,1981-04-22 - 2000-03-26,32,fall,5.3,15.2,NA,NA,1999,NA,1998-10-01T00:00:00Z,1999-10-01T00:00:00Z,-120.287,39.6901
396901N1202874W001,973378,1998-05-15T00:00:00Z,4899.01,4897.61,0,8.1,4890.91,8.1,6.7,NA,Unknown,Water level accuracy is unknown,1,Department of Water Resources,NA,1,Department of Water Resources,NA,NA,20064,21N15E10C001M,NA,Unknown,Unknown,5-012.01,Sierra Valley,Sierra,390,Stockwatering,Unknown,14718,1981-04-22 - 2000-03-26,32,spring,NA,NA,4.2,14.2,1998,NA,1997-10-01T00:00:00Z,1998-10-01T00:00:00Z,-120.287,39.6901
396901N1202874W001,973377,1997-10-17T00:00:00Z,4899.01,4897.61,0,10.6,4888.41,10.6,9.2,NA,Unknown,Water level accuracy is unknown,1,Department of Water Resources,NA,1,Department of Water Resources,NA,NA,20064,21N15E10C001M,NA,Unknown,Unknown,5-012.01,Sierra Valley,Sierra,390,Stockwatering,Unknown,14718,1981-04-22 - 2000-03-26,32,fall,5.3,15.2,NA,NA,1998,NA,1997-10-01T00:00:00Z,1998-10-01T00:00:00Z,-120.287,39.6901
396901N1202874W001,973376,1997-04-05T00:00:00Z,4899.01,4897.61,0,7.9,4891.11,7.9,6.5,NA,Unknown,Water level accuracy is unknown,1,Department of Water Resources,NA,1,Department of Water Resources,NA,NA,20064,21N15E10C001M,NA,Unknown,Unknown,5-012.01,Sierra Valley,Sierra,390,Stockwatering,Unknown,14718,1981-04-22 - 2000-03-26,32,spring,NA,NA,4.2,14.2,1997,NA,1996-10-01T00:00:00Z,1997-10-01T00:00:00Z,-120.287,39.6901
396901N1202874W001,973351,1996-10-30T00:00:00Z,4899.01,4897.61,0,12.8,4886.21,12.8,11.4,NA,Unknown,Water level accuracy is unknown,1,Department of Water Resources,NA,1,Department of Water Resources,NA,NA,20064,21N15E10C001M,NA,Unknown,Unknown,5-012.01,Sierra Valley,Sierra,390,Stockwatering,Unknown,14718,1981-04-22 - 2000-03-26,32,fall,5.3,15.2,NA,NA,1997,NA,1996-10-01T00:00:00Z,1997-10-01T00:00:00Z,-120.287,39.6901
396901N1202874W001,973375,1996-05-07T00:00:00Z,4899.01,4897.61,0,7.7,4891.31,7.7,6.3,NA,Unknown,Water level accuracy is unknown,1,Department of Water Resources,NA,1,Department of Water Resources,NA,NA,20064,21N15E10C001M,NA,Unknown,Unknown,5-012.01,Sierra Valley,Sierra,390,Stockwatering,Unknown,14718,1981-04-22 - 2000-03-26,32,spring,NA,NA,4.2,14.2,1996,NA,1995-10-01T00:00:00Z,1996-10-01T00:00:00Z,-120.287,39.6901
396901N1202874W001,973374,1995-10-26T00:00:00Z,4899.01,4897.61,0,13,4886.01,13,11.6,NA,Unknown,Water level accuracy is unknown,1,Department of Water Resources,NA,1,Department of Water Resources,NA,NA,20064,21N15E10C001M,NA,Unknown,Unknown,5-012.01,Sierra Valley,Sierra,390,Stockwatering,Unknown,14718,1981-04-22 - 2000-03-26,32,fall,5.3,15.2,NA,NA,1996,NA,1995-10-01T00:00:00Z,1996-10-01T00:00:00Z,-120.287,39.6901
396901N1202874W001,973372,1994-10-29T00:00:00Z,4899.01,4897.61,0,15.6,4883.41,15.6,14.2,NA,Unknown,Water level accuracy is unknown,1,Department of Water Resources,NA,1,Department of Water Resources,NA,NA,20064,21N15E10C001M,NA,Unknown,Unknown,5-012.01,Sierra Valley,Sierra,390,Stockwatering,Unknown,14718,1981-04-22 - 2000-03-26,32,fall,5.3,15.2,NA,NA,1995,Wet,1994-10-01T00:00:00Z,1995-10-01T00:00:00Z,-120.287,39.6901
396901N1202874W001,973371,1994-03-31T00:00:00Z,4899.01,4897.61,0,14.7,4884.31,14.7,13.3,NA,Unknown,Water level accuracy is unknown,1,Department of Water Resources,NA,1,Department of Water Resources,NA,NA,20064,21N15E10C001M,NA,Unknown,Unknown,5-012.01,Sierra Valley,Sierra,390,Stockwatering,Unknown,14718,1981-04-22 - 2000-03-26,32,spring,NA,NA,4.2,14.2,1994,Dry,1993-10-01T00:00:00Z,1994-10-01T00:00:00Z,-120.287,39.6901
396901N1202874W001,973370,1993-10-20T00:00:00Z,4899.01,4897.61,0,15,4884.01,15,13.6,NA,Unknown,Water level accuracy is unknown,1,Department of Water Resources,NA,1,Department of Water Resources,NA,NA,20064,21N15E10C001M,NA,Unknown,Unknown,5-012.01,Sierra Valley,Sierra,390,Stockwatering,Unknown,14718,1981-04-22 - 2000-03-26,32,fall,5.3,15.2,NA,NA,1994,Dry,1993-10-01T00:00:00Z,1994-10-01T00:00:00Z,-120.287,39.6901
396901N1202874W001,973369,1993-04-21T00:00:00Z,4899.01,4897.61,0,11.2,4887.81,11.2,9.8,NA,Unknown,Water level accuracy is unknown,1,Department of Water Resources,NA,1,Department of Water Resources,NA,NA,20064,21N15E10C001M,NA,Unknown,Unknown,5-012.01,Sierra Valley,Sierra,390,Stockwatering,Unknown,14718,1981-04-22 - 2000-03-26,32,spring,NA,NA,4.2,14.2,1993,NA,1992-10-01T00:00:00Z,1993-10-01T00:00:00Z,-120.287,39.6901
396901N1202874W001,973368,1992-10-22T00:00:00Z,4899.01,4897.61,0,16.6,4882.41,16.6,15.2,NA,Unknown,Water level accuracy is unknown,1,Department of Water Resources,NA,1,Department of Water Resources,NA,NA,20064,21N15E10C001M,NA,Unknown,Unknown,5-012.01,Sierra Valley,Sierra,390,Stockwatering,Unknown,14718,1981-04-22 - 2000-03-26,32,fall,5.3,15.2,NA,NA,1993,NA,1992-10-01T00:00:00Z,1993-10-01T00:00:00Z,-120.287,39.6901
396901N1202874W001,973367,1992-03-25T00:00:00Z,4899.01,4897.61,0,15.6,4883.41,15.6,14.2,NA,Unknown,Water level accuracy is unknown,1,Department of Water Resources,NA,1,Department of Water Resources,NA,NA,20064,21N15E10C001M,NA,Unknown,Unknown,5-012.01,Sierra Valley,Sierra,390,Stockwatering,Unknown,14718,1981-04-22 - 2000-03-26,32,spring,NA,NA,4.2,14.2,1992,NA,1991-10-01T00:00:00Z,1992-10-01T00:00:00Z,-120.287,39.6901
396901N1202874W001,973366,1991-10-21T00:00:00Z,4899.01,4897.61,0,15,4884.01,15,13.6,NA,Unknown,Water level accuracy is unknown,1,Department of Water Resources,NA,1,Department of Water Resources,NA,NA,20064,21N15E10C001M,NA,Unknown,Unknown,5-012.01,Sierra Valley,Sierra,390,Stockwatering,Unknown,14718,1981-04-22 - 2000-03-26,32,fall,5.3,15.2,NA,NA,1992,NA,1991-10-01T00:00:00Z,1992-10-01T00:00:00Z,-120.287,39.6901
396901N1202874W001,973365,1990-10-25T00:00:00Z,4899.01,4897.61,0,13.8,4885.21,13.8,12.4,NA,Unknown,Water level accuracy is unknown,1,Department of Water Resources,NA,1,Department of Water Resources,NA,NA,20064,21N15E10C001M,NA,Unknown,Unknown,5-012.01,Sierra Valley,Sierra,390,Stockwatering,Unknown,14718,1981-04-22 - 2000-03-26,32,fall,5.3,15.2,NA,NA,1991,NA,1990-10-01T00:00:00Z,1991-10-01T00:00:00Z,-120.287,39.6901
396901N1202874W001,973364,1990-04-09T00:00:00Z,4899.01,4897.61,0,13.8,4885.21,13.8,12.4,NA,Unknown,Water level accuracy is unknown,1,Department of Water Resources,NA,1,Department of Water Resources,NA,NA,20064,21N15E10C001M,NA,Unknown,Unknown,5-012.01,Sierra Valley,Sierra,390,Stockwatering,Unknown,14718,1981-04-22 - 2000-03-26,32,spring,NA,NA,4.2,14.2,1990,NA,1989-10-01T00:00:00Z,1990-10-01T00:00:00Z,-120.287,39.6901
396901N1202874W001,973363,1990-02-26T00:00:00Z,4899.01,4897.61,0,14.6,4884.41,14.6,13.2,NA,Unknown,Water level accuracy is unknown,1,Department of Water Resources,NA,1,Department of Water Resources,NA,NA,20064,21N15E10C001M,NA,Unknown,Unknown,5-012.01,Sierra Valley,Sierra,390,Stockwatering,Unknown,14718,1981-04-22 - 2000-03-26,32,other,NA,NA,NA,NA,1990,NA,1989-10-01T00:00:00Z,1990-10-01T00:00:00Z,-120.287,39.6901
396901N1202874W001,973362,1989-09-27T00:00:00Z,4899.01,4897.61,0,12.1,4886.91,12.1,10.7,NA,Unknown,Water level accuracy is unknown,1,Department of Water Resources,NA,1,Department of Water Resources,NA,NA,20064,21N15E10C001M,NA,Unknown,Unknown,5-012.01,Sierra Valley,Sierra,390,Stockwatering,Unknown,14718,1981-04-22 - 2000-03-26,32,fall,5.3,15.2,NA,NA,1989,NA,1988-10-01T00:00:00Z,1989-10-01T00:00:00Z,-120.287,39.6901
396901N1202874W001,973360,1988-10-26T00:00:00Z,4899.01,4897.61,0,13.1,4885.91,13.1,11.7,NA,Unknown,Water level accuracy is unknown,1,Department of Water Resources,NA,1,Department of Water Resources,NA,NA,20064,21N15E10C001M,NA,Unknown,Unknown,5-012.01,Sierra Valley,Sierra,390,Stockwatering,Unknown,14718,1981-04-22 - 2000-03-26,32,fall,5.3,15.2,NA,NA,1989,NA,1988-10-01T00:00:00Z,1989-10-01T00:00:00Z,-120.287,39.6901
396901N1202874W001,973359,1988-03-23T00:00:00Z,4899.01,4897.61,0,11.1,4887.91,11.1,9.7,NA,Unknown,Water level accuracy is unknown,1,Department of Water Resources,NA,1,Department of Water Resources,NA,NA,20064,21N15E10C001M,NA,Unknown,Unknown,5-012.01,Sierra Valley,Sierra,390,Stockwatering,Unknown,14718,1981-04-22 - 2000-03-26,32,spring,NA,NA,4.2,14.2,1988,NA,1987-10-01T00:00:00Z,1988-10-01T00:00:00Z,-120.287,39.6901
396901N1202874W001,973358,1982-10-06T00:00:00Z,4899.01,4897.61,0,8.2,4890.81,8.2,6.8,NA,Unknown,Water level accuracy is unknown,1,Department of Water Resources,NA,1,Department of Water Resources,NA,NA,20064,21N15E10C001M,NA,Unknown,Unknown,5-012.01,Sierra Valley,Sierra,390,Stockwatering,Unknown,14718,1981-04-22 - 2000-03-26,32,fall,5.3,15.2,NA,NA,1983,NA,1982-10-01T00:00:00Z,1983-10-01T00:00:00Z,-120.287,39.6901
396901N1202874W001,973357,1982-04-28T00:00:00Z,4899.01,4897.61,0,5.6,4893.41,5.6,4.2,NA,Unknown,Water level accuracy is unknown,1,Department of Water Resources,NA,1,Department of Water Resources,NA,NA,20064,21N15E10C001M,NA,Unknown,Unknown,5-012.01,Sierra Valley,Sierra,390,Stockwatering,Unknown,14718,1981-04-22 - 2000-03-26,32,spring,NA,NA,4.2,14.2,1982,Wet,1981-10-01T00:00:00Z,1982-10-01T00:00:00Z,-120.287,39.6901
396901N1202874W001,973356,1981-10-07T00:00:00Z,4899.01,4897.61,0,7,4892.01,7,5.6,NA,Unknown,Water level accuracy is unknown,1,Department of Water Resources,NA,1,Department of Water Resources,NA,NA,20064,21N15E10C001M,NA,Unknown,Unknown,5-012.01,Sierra Valley,Sierra,390,Stockwatering,Unknown,14718,1981-04-22 - 2000-03-26,32,fall,5.3,15.2,NA,NA,1982,Wet,1981-10-01T00:00:00Z,1982-10-01T00:00:00Z,-120.287,39.6901
396901N1202874W001,973355,1981-09-16T00:00:00Z,4899.01,4897.61,0,7.1,4891.91,7.1,5.7,NA,Unknown,Water level accuracy is unknown,1,Department of Water Resources,NA,1,Department of Water Resources,NA,NA,20064,21N15E10C001M,NA,Unknown,Unknown,5-012.01,Sierra Valley,Sierra,390,Stockwatering,Unknown,14718,1981-04-22 - 2000-03-26,32,fall,5.3,15.2,NA,NA,1981,Dry,1980-10-01T00:00:00Z,1981-10-01T00:00:00Z,-120.287,39.6901
396901N1202874W001,973354,1981-08-27T00:00:00Z,4899.01,4897.61,0,7,4892.01,7,5.6,NA,Unknown,Water level accuracy is unknown,1,Department of Water Resources,NA,1,Department of Water Resources,NA,NA,20064,21N15E10C001M,NA,Unknown,Unknown,5-012.01,Sierra Valley,Sierra,390,Stockwatering,Unknown,14718,1981-04-22 - 2000-03-26,32,fall,5.3,15.2,NA,NA,1981,Dry,1980-10-01T00:00:00Z,1981-10-01T00:00:00Z,-120.287,39.6901
396901N1202874W001,973353,1981-08-11T00:00:00Z,4899.01,4897.61,0,6.7,4892.31,6.7,5.3,NA,Unknown,Water level accuracy is unknown,1,Department of Water Resources,NA,1,Department of Water Resources,NA,NA,20064,21N15E10C001M,NA,Unknown,Unknown,5-012.01,Sierra Valley,Sierra,390,Stockwatering,Unknown,14718,1981-04-22 - 2000-03-26,32,fall,5.3,15.2,NA,NA,1981,Dry,1980-10-01T00:00:00Z,1981-10-01T00:00:00Z,-120.287,39.6901
396901N1202874W001,973352,1981-04-22T00:00:00Z,4899.01,4897.61,0,6,4893.01,6,4.6,NA,Unknown,Water level accuracy is unknown,1,Department of Water Resources,NA,1,Department of Water Resources,NA,NA,20064,21N15E10C001M,NA,Unknown,Unknown,5-012.01,Sierra Valley,Sierra,390,Stockwatering,Unknown,14718,1981-04-22 - 2000-03-26,32,spring,NA,NA,4.2,14.2,1981,Dry,1980-10-01T00:00:00Z,1981-10-01T00:00:00Z,-120.287,39.6901
