SITE_CODE,WLM_ID,MSMT_DATE,WLM_RPE,WLM_GSE,RDNG_WS,RDNG_RP,WSE,RPE_WSE,GSE_WSE,WLM_QA_DESC,WLM_DESC,WLM_ACC_DESC,WLM_ORG_ID,WLM_ORG_NAME,MSMT_CMT,COOP_AGENCY_ORG_ID,COOP_ORG_NAME,TOP_PRF,BOT_PRF,STN_ID,SWN,WELL_NAME,WLM_METHOD,WLM_ACC,BASIN_CODE,BASIN_NAME,COUNTY_NAME,WELL_DEPTH,WELL_USE,WELL_TYPE,WCR_NO,t_range,n_samples,season,fall_high,fall_low,spring_high,spring_low,water_year,water_year_type,water_year_start,water_year_end,X,Y
396970N1202916W001,2620094,2020-04-24T12:00:00Z,4897.8,4895.6,19.9,48,4869.7,28.1,25.9,NA,Steel tape measurement,Water level accuracy to nearest tenth of a foot,1,Department of Water Resources,NA,1,Department of Water Resources,NA,NA,36136,21N15E03M003M,21N15E03M003M,USGS quad,5 ft.,5-012.01,Sierra Valley,Sierra,700,Irrigation,Single Well,YES,1990-10-25 00:00:00 - 2020-04-24 12:00:00,62,spring,NA,NA,9.5,45.7,2020,Dry,2019-10-01T00:00:00Z,2020-10-01T00:00:00Z,-120.292,39.697
396970N1202916W001,2493698,2019-10-23T12:00:00Z,4897.8,4895.6,9,70,4836.8,61,58.8,NA,Steel tape measurement,Water level accuracy to nearest tenth of a foot,1,Department of Water Resources,NA,1,Department of Water Resources,NA,NA,36136,21N15E03M003M,21N15E03M003M,USGS quad,5 ft.,5-012.01,Sierra Valley,Sierra,700,Irrigation,Single Well,YES,1990-10-25 00:00:00 - 2020-04-24 12:00:00,62,fall,35.2,165.6,NA,NA,2020,Dry,2019-10-01T00:00:00Z,2020-10-01T00:00:00Z,-120.292,39.697
396970N1202916W001,2454935,2019-04-10T12:00:00Z,4897.8,4895.6,9.2,40,4867,30.8,28.6,NA,Steel tape measurement,Water level accuracy to nearest tenth of a foot,1,Department of Water Resources,NA,1,Department of Water Resources,NA,NA,36136,21N15E03M003M,21N15E03M003M,USGS quad,5 ft.,5-012.01,Sierra Valley,Sierra,700,Irrigation,Single Well,YES,1990-10-25 00:00:00 - 2020-04-24 12:00:00,62,spring,NA,NA,9.5,45.7,2019,Wet,2018-10-01T00:00:00Z,2019-10-01T00:00:00Z,-120.292,39.697
396970N1202916W001,2415003,2018-10-24T12:00:00Z,4897.8,4895.6,14,80,4831.8,66,63.8,NA,Steel tape measurement,Water level accuracy to nearest tenth of a foot,1,Department of Water Resources,NA,1,Department of Water Resources,NA,NA,36136,21N15E03M003M,21N15E03M003M,USGS quad,5 ft.,5-012.01,Sierra Valley,Sierra,700,Irrigation,Single Well,YES,1990-10-25 00:00:00 - 2020-04-24 12:00:00,62,fall,35.2,165.6,NA,NA,2019,Wet,2018-10-01T00:00:00Z,2019-10-01T00:00:00Z,-120.292,39.697
396970N1202916W001,2285942,2018-04-02T12:00:00Z,4897.8,4895.6,56.4,90,4864.2,33.6,31.4,NA,Steel tape measurement,Water level accuracy to nearest tenth of a foot,1,Department of Water Resources,NA,1,Department of Water Resources,NA,NA,36136,21N15E03M003M,21N15E03M003M,USGS quad,5 ft.,5-012.01,Sierra Valley,Sierra,700,Irrigation,Single Well,YES,1990-10-25 00:00:00 - 2020-04-24 12:00:00,62,spring,NA,NA,9.5,45.7,2018,NA,2017-10-01T00:00:00Z,2018-10-01T00:00:00Z,-120.292,39.697
396970N1202916W001,2267982,2017-10-16T00:00:00Z,4897.8,4895.6,15.2,78,4835,62.8,60.6,NA,Steel tape measurement,Water level accuracy to nearest tenth of a foot,1,Department of Water Resources,NA,1,Department of Water Resources,NA,NA,36136,21N15E03M003M,21N15E03M003M,USGS quad,5 ft.,5-012.01,Sierra Valley,Sierra,700,Irrigation,Single Well,YES,1990-10-25 00:00:00 - 2020-04-24 12:00:00,62,fall,35.2,165.6,NA,NA,2018,NA,2017-10-01T00:00:00Z,2018-10-01T00:00:00Z,-120.292,39.697
396970N1202916W001,2214100,2016-10-24T00:00:00Z,4897.8,4895.6,26.6,100,4824.4,73.4,71.2,NA,Steel tape measurement,Water level accuracy to nearest tenth of a foot,1,Department of Water Resources,NA,1,Department of Water Resources,NA,NA,36136,21N15E03M003M,21N15E03M003M,USGS quad,5 ft.,5-012.01,Sierra Valley,Sierra,700,Irrigation,Single Well,YES,1990-10-25 00:00:00 - 2020-04-24 12:00:00,62,fall,35.2,165.6,NA,NA,2017,Wet,2016-10-01T00:00:00Z,2017-10-01T00:00:00Z,-120.292,39.697
396970N1202916W001,2184566,2016-03-21T00:00:00Z,4897.8,4895.6,2.1,50,4849.9,47.9,45.7,NA,Steel tape measurement,Water level accuracy to nearest tenth of a foot,1,Department of Water Resources,NA,1,Department of Water Resources,NA,NA,36136,21N15E03M003M,21N15E03M003M,USGS quad,5 ft.,5-012.01,Sierra Valley,Sierra,700,Irrigation,Single Well,YES,1990-10-25 00:00:00 - 2020-04-24 12:00:00,62,spring,NA,NA,9.5,45.7,2016,NA,2015-10-01T00:00:00Z,2016-10-01T00:00:00Z,-120.292,39.697
396970N1202916W001,2157040,2015-10-19T00:00:00Z,4897.8,4895.6,21.9,110,4809.7,88.1,85.9,NA,Steel tape measurement,Water level accuracy to nearest tenth of a foot,1,Department of Water Resources,NA,1,Department of Water Resources,NA,NA,36136,21N15E03M003M,21N15E03M003M,USGS quad,5 ft.,5-012.01,Sierra Valley,Sierra,700,Irrigation,Single Well,YES,1990-10-25 00:00:00 - 2020-04-24 12:00:00,62,fall,35.2,165.6,NA,NA,2016,NA,2015-10-01T00:00:00Z,2016-10-01T00:00:00Z,-120.292,39.697
396970N1202916W001,2119752,2015-03-23T00:00:00Z,4897.8,4895.6,5.1,50,4852.9,44.9,42.7,NA,Steel tape measurement,Water level accuracy to nearest tenth of a foot,1,Department of Water Resources,NA,1,Department of Water Resources,NA,NA,36136,21N15E03M003M,21N15E03M003M,USGS quad,5 ft.,5-012.01,Sierra Valley,Sierra,700,Irrigation,Single Well,YES,1990-10-25 00:00:00 - 2020-04-24 12:00:00,62,spring,NA,NA,9.5,45.7,2015,NA,2014-10-01T00:00:00Z,2015-10-01T00:00:00Z,-120.292,39.697
396970N1202916W001,2020267,2014-10-20T14:00:00Z,4897.8,4895.6,34.4,120,4812.2,85.6,83.4,NA,Steel tape measurement,Water level accuracy to nearest tenth of a foot,1,Department of Water Resources,NA,1,Department of Water Resources,NA,NA,36136,21N15E03M003M,21N15E03M003M,USGS quad,5 ft.,5-012.01,Sierra Valley,Sierra,700,Irrigation,Single Well,YES,1990-10-25 00:00:00 - 2020-04-24 12:00:00,62,fall,35.2,165.6,NA,NA,2015,NA,2014-10-01T00:00:00Z,2015-10-01T00:00:00Z,-120.292,39.697
396970N1202916W001,1880750,2014-03-14T00:00:00Z,4897.8,4895.6,5.6,50,4853.4,44.4,42.2,NA,Steel tape measurement,Water level accuracy to nearest tenth of a foot,1,Department of Water Resources,NA,1,Department of Water Resources,NA,NA,36136,21N15E03M003M,21N15E03M003M,USGS quad,5 ft.,5-012.01,Sierra Valley,Sierra,700,Irrigation,Single Well,YES,1990-10-25 00:00:00 - 2020-04-24 12:00:00,62,spring,NA,NA,9.5,45.7,2014,NA,2013-10-01T00:00:00Z,2014-10-01T00:00:00Z,-120.292,39.697
396970N1202916W001,1797092,2013-10-21T00:00:00Z,4897.8,4895.6,0,100,4797.8,100,97.8,NA,Steel tape measurement,Water level accuracy to nearest tenth of a foot,1,Department of Water Resources,NA,1,Department of Water Resources,NA,NA,36136,21N15E03M003M,21N15E03M003M,USGS quad,5 ft.,5-012.01,Sierra Valley,Sierra,700,Irrigation,Single Well,YES,1990-10-25 00:00:00 - 2020-04-24 12:00:00,62,fall,35.2,165.6,NA,NA,2014,NA,2013-10-01T00:00:00Z,2014-10-01T00:00:00Z,-120.292,39.697
396970N1202916W001,1684411,2013-03-25T00:00:00Z,4897.79,4895.59,-0.7,40,4857.09,40.7,38.5,NA,Steel tape measurement,Water level accuracy to nearest tenth of a foot,1,Department of Water Resources,NA,1,Department of Water Resources,NA,NA,36136,21N15E03M003M,21N15E03M003M,USGS quad,5 ft.,5-012.01,Sierra Valley,Sierra,700,Irrigation,Single Well,YES,1990-10-25 00:00:00 - 2020-04-24 12:00:00,62,spring,NA,NA,9.5,45.7,2013,Dry,2012-10-01T00:00:00Z,2013-10-01T00:00:00Z,-120.292,39.697
396970N1202916W001,69352,2012-10-30T00:00:00Z,4897.79,4895.59,18.7,100,4816.49,81.3,79.1,NA,Steel tape measurement,Water level accuracy to nearest tenth of a foot,1,Department of Water Resources,NA,1,Department of Water Resources,NA,NA,36136,21N15E03M003M,21N15E03M003M,USGS quad,5 ft.,5-012.01,Sierra Valley,Sierra,700,Irrigation,Single Well,YES,1990-10-25 00:00:00 - 2020-04-24 12:00:00,62,fall,35.2,165.6,NA,NA,2013,Dry,2012-10-01T00:00:00Z,2013-10-01T00:00:00Z,-120.292,39.697
396970N1202916W001,59934,2012-04-17T00:00:00Z,4897.79,4895.59,12.3,37,4873.09,24.7,22.5,NA,Steel tape measurement,Water level accuracy to nearest tenth of a foot,1,Department of Water Resources,NA,1,Department of Water Resources,NA,NA,36136,21N15E03M003M,21N15E03M003M,USGS quad,5 ft.,5-012.01,Sierra Valley,Sierra,700,Irrigation,Single Well,YES,1990-10-25 00:00:00 - 2020-04-24 12:00:00,62,spring,NA,NA,9.5,45.7,2012,NA,2011-10-01T00:00:00Z,2012-10-01T00:00:00Z,-120.292,39.697
396970N1202916W001,39782,2011-10-18T00:00:00Z,4897.79,4895.59,0,62,4835.79,62,59.8,NA,Steel tape measurement,Water level accuracy to nearest tenth of a foot,1,Department of Water Resources,NA,1,Department of Water Resources,NA,NA,36136,21N15E03M003M,21N15E03M003M,USGS quad,5 ft.,5-012.01,Sierra Valley,Sierra,700,Irrigation,Single Well,YES,1990-10-25 00:00:00 - 2020-04-24 12:00:00,62,fall,35.2,165.6,NA,NA,2012,NA,2011-10-01T00:00:00Z,2012-10-01T00:00:00Z,-120.292,39.697
396970N1202916W001,1751366,2011-10-18T00:00:00Z,4897.8,4895.6,0,62,4835.8,62,59.8,NA,Unknown,Water level accuracy is unknown,1,Department of Water Resources,NA,1,Department of Water Resources,NA,NA,36136,21N15E03M003M,21N15E03M003M,USGS quad,5 ft.,5-012.01,Sierra Valley,Sierra,700,Irrigation,Single Well,YES,1990-10-25 00:00:00 - 2020-04-24 12:00:00,62,fall,35.2,165.6,NA,NA,2012,NA,2011-10-01T00:00:00Z,2012-10-01T00:00:00Z,-120.292,39.697
396970N1202916W001,1751365,2011-04-25T00:00:00Z,4897.8,4895.6,0,28.5,4869.3,28.5,26.3,NA,Unknown,Water level accuracy is unknown,1,Department of Water Resources,NA,1,Department of Water Resources,NA,NA,36136,21N15E03M003M,21N15E03M003M,USGS quad,5 ft.,5-012.01,Sierra Valley,Sierra,700,Irrigation,Single Well,YES,1990-10-25 00:00:00 - 2020-04-24 12:00:00,62,spring,NA,NA,9.5,45.7,2011,Wet,2010-10-01T00:00:00Z,2011-10-01T00:00:00Z,-120.292,39.697
396970N1202916W001,1751364,2010-10-25T00:00:00Z,4897.8,4895.6,0,60,4837.8,60,57.8,NA,Unknown,Water level accuracy is unknown,1,Department of Water Resources,NA,1,Department of Water Resources,NA,NA,36136,21N15E03M003M,21N15E03M003M,USGS quad,5 ft.,5-012.01,Sierra Valley,Sierra,700,Irrigation,Single Well,YES,1990-10-25 00:00:00 - 2020-04-24 12:00:00,62,fall,35.2,165.6,NA,NA,2011,Wet,2010-10-01T00:00:00Z,2011-10-01T00:00:00Z,-120.292,39.697
396970N1202916W001,1751363,2010-04-06T00:00:00Z,4897.8,4895.6,0,35.3,4862.5,35.3,33.1,NA,Unknown,Water level accuracy is unknown,1,Department of Water Resources,NA,1,Department of Water Resources,NA,NA,36136,21N15E03M003M,21N15E03M003M,USGS quad,5 ft.,5-012.01,Sierra Valley,Sierra,700,Irrigation,Single Well,YES,1990-10-25 00:00:00 - 2020-04-24 12:00:00,62,spring,NA,NA,9.5,45.7,2010,NA,2009-10-01T00:00:00Z,2010-10-01T00:00:00Z,-120.292,39.697
396970N1202916W001,1751362,2009-10-28T00:00:00Z,4897.8,4895.6,0,67.3,4830.5,67.3,65.1,NA,Unknown,Water level accuracy is unknown,1,Department of Water Resources,NA,1,Department of Water Resources,NA,NA,36136,21N15E03M003M,21N15E03M003M,USGS quad,5 ft.,5-012.01,Sierra Valley,Sierra,700,Irrigation,Single Well,YES,1990-10-25 00:00:00 - 2020-04-24 12:00:00,62,fall,35.2,165.6,NA,NA,2010,NA,2009-10-01T00:00:00Z,2010-10-01T00:00:00Z,-120.292,39.697
396970N1202916W001,1751360,2008-10-27T00:00:00Z,4897.8,4895.6,0,74.3,4823.5,74.3,72.1,NA,Unknown,Water level accuracy is unknown,1,Department of Water Resources,NA,1,Department of Water Resources,NA,NA,36136,21N15E03M003M,21N15E03M003M,USGS quad,5 ft.,5-012.01,Sierra Valley,Sierra,700,Irrigation,Single Well,YES,1990-10-25 00:00:00 - 2020-04-24 12:00:00,62,fall,35.2,165.6,NA,NA,2009,NA,2008-10-01T00:00:00Z,2009-10-01T00:00:00Z,-120.292,39.697
396970N1202916W001,1751358,2008-04-09T00:00:00Z,4897.8,4895.6,0,33,4864.8,33,30.8,NA,Unknown,Water level accuracy is unknown,1,Department of Water Resources,NA,1,Department of Water Resources,NA,NA,36136,21N15E03M003M,21N15E03M003M,USGS quad,5 ft.,5-012.01,Sierra Valley,Sierra,700,Irrigation,Single Well,YES,1990-10-25 00:00:00 - 2020-04-24 12:00:00,62,spring,NA,NA,9.5,45.7,2008,NA,2007-10-01T00:00:00Z,2008-10-01T00:00:00Z,-120.292,39.697
396970N1202916W001,1751359,2007-10-25T00:00:00Z,4897.8,4895.6,0,73.5,4824.3,73.5,71.3,NA,Unknown,Water level accuracy is unknown,1,Department of Water Resources,NA,1,Department of Water Resources,NA,NA,36136,21N15E03M003M,21N15E03M003M,USGS quad,5 ft.,5-012.01,Sierra Valley,Sierra,700,Irrigation,Single Well,YES,1990-10-25 00:00:00 - 2020-04-24 12:00:00,62,fall,35.2,165.6,NA,NA,2008,NA,2007-10-01T00:00:00Z,2008-10-01T00:00:00Z,-120.292,39.697
396970N1202916W001,1751357,2007-04-10T00:00:00Z,4897.8,4895.6,0,23.7,4874.1,23.7,21.5,NA,Unknown,Water level accuracy is unknown,1,Department of Water Resources,NA,1,Department of Water Resources,NA,NA,36136,21N15E03M003M,21N15E03M003M,USGS quad,5 ft.,5-012.01,Sierra Valley,Sierra,700,Irrigation,Single Well,YES,1990-10-25 00:00:00 - 2020-04-24 12:00:00,62,spring,NA,NA,9.5,45.7,2007,Dry,2006-10-01T00:00:00Z,2007-10-01T00:00:00Z,-120.292,39.697
396970N1202916W001,1751356,2006-10-17T00:00:00Z,4897.8,4895.6,0,58.1,4839.7,58.1,55.9,NA,Unknown,Water level accuracy is unknown,1,Department of Water Resources,NA,1,Department of Water Resources,NA,NA,36136,21N15E03M003M,21N15E03M003M,USGS quad,5 ft.,5-012.01,Sierra Valley,Sierra,700,Irrigation,Single Well,YES,1990-10-25 00:00:00 - 2020-04-24 12:00:00,62,fall,35.2,165.6,NA,NA,2007,Dry,2006-10-01T00:00:00Z,2007-10-01T00:00:00Z,-120.292,39.697
396970N1202916W001,1751354,2005-10-27T00:00:00Z,4897.8,4895.6,0,54.6,4843.2,54.6,52.4,NA,Unknown,Water level accuracy is unknown,1,Department of Water Resources,NA,1,Department of Water Resources,NA,NA,36136,21N15E03M003M,21N15E03M003M,USGS quad,5 ft.,5-012.01,Sierra Valley,Sierra,700,Irrigation,Single Well,YES,1990-10-25 00:00:00 - 2020-04-24 12:00:00,62,fall,35.2,165.6,NA,NA,2006,Wet,2005-10-01T00:00:00Z,2006-10-01T00:00:00Z,-120.292,39.697
396970N1202916W001,1751353,2005-04-05T00:00:00Z,4897.8,4895.6,0,31.6,4866.2,31.6,29.4,NA,Unknown,Water level accuracy is unknown,1,Department of Water Resources,NA,1,Department of Water Resources,NA,NA,36136,21N15E03M003M,21N15E03M003M,USGS quad,5 ft.,5-012.01,Sierra Valley,Sierra,700,Irrigation,Single Well,YES,1990-10-25 00:00:00 - 2020-04-24 12:00:00,62,spring,NA,NA,9.5,45.7,2005,NA,2004-10-01T00:00:00Z,2005-10-01T00:00:00Z,-120.292,39.697
396970N1202916W001,1751352,2004-10-15T00:00:00Z,4897.8,4895.6,0,70.8,4827,70.8,68.6,NA,Unknown,Water level accuracy is unknown,1,Department of Water Resources,NA,1,Department of Water Resources,NA,NA,36136,21N15E03M003M,21N15E03M003M,USGS quad,5 ft.,5-012.01,Sierra Valley,Sierra,700,Irrigation,Single Well,YES,1990-10-25 00:00:00 - 2020-04-24 12:00:00,62,fall,35.2,165.6,NA,NA,2005,NA,2004-10-01T00:00:00Z,2005-10-01T00:00:00Z,-120.292,39.697
396970N1202916W001,1751351,2004-04-07T00:00:00Z,4897.8,4895.6,0,25.9,4871.9,25.9,23.7,NA,Unknown,Water level accuracy is unknown,1,Department of Water Resources,NA,1,Department of Water Resources,NA,NA,36136,21N15E03M003M,21N15E03M003M,USGS quad,5 ft.,5-012.01,Sierra Valley,Sierra,700,Irrigation,Single Well,YES,1990-10-25 00:00:00 - 2020-04-24 12:00:00,62,spring,NA,NA,9.5,45.7,2004,NA,2003-10-01T00:00:00Z,2004-10-01T00:00:00Z,-120.292,39.697
396970N1202916W001,1751350,2003-10-29T00:00:00Z,4897.8,4895.6,0,61.8,4836,61.8,59.6,NA,Unknown,Water level accuracy is unknown,1,Department of Water Resources,NA,1,Department of Water Resources,NA,NA,36136,21N15E03M003M,21N15E03M003M,USGS quad,5 ft.,5-012.01,Sierra Valley,Sierra,700,Irrigation,Single Well,YES,1990-10-25 00:00:00 - 2020-04-24 12:00:00,62,fall,35.2,165.6,NA,NA,2004,NA,2003-10-01T00:00:00Z,2004-10-01T00:00:00Z,-120.292,39.697
396970N1202916W001,1751349,2003-03-27T00:00:00Z,4897.8,4895.6,0,28,4869.8,28,25.8,NA,Unknown,Water level accuracy is unknown,1,Department of Water Resources,NA,1,Department of Water Resources,NA,NA,36136,21N15E03M003M,21N15E03M003M,USGS quad,5 ft.,5-012.01,Sierra Valley,Sierra,700,Irrigation,Single Well,YES,1990-10-25 00:00:00 - 2020-04-24 12:00:00,62,spring,NA,NA,9.5,45.7,2003,NA,2002-10-01T00:00:00Z,2003-10-01T00:00:00Z,-120.292,39.697
396970N1202916W001,1751348,2002-10-23T00:00:00Z,4897.8,4895.6,0,65,4832.8,65,62.8,NA,Unknown,Water level accuracy is unknown,1,Department of Water Resources,NA,1,Department of Water Resources,NA,NA,36136,21N15E03M003M,21N15E03M003M,USGS quad,5 ft.,5-012.01,Sierra Valley,Sierra,700,Irrigation,Single Well,YES,1990-10-25 00:00:00 - 2020-04-24 12:00:00,62,fall,35.2,165.6,NA,NA,2003,NA,2002-10-01T00:00:00Z,2003-10-01T00:00:00Z,-120.292,39.697
396970N1202916W001,1751347,2002-03-26T00:00:00Z,4897.8,4895.6,0,26.5,4871.3,26.5,24.3,NA,Unknown,Water level accuracy is unknown,1,Department of Water Resources,NA,1,Department of Water Resources,NA,NA,36136,21N15E03M003M,21N15E03M003M,USGS quad,5 ft.,5-012.01,Sierra Valley,Sierra,700,Irrigation,Single Well,YES,1990-10-25 00:00:00 - 2020-04-24 12:00:00,62,spring,NA,NA,9.5,45.7,2002,NA,2001-10-01T00:00:00Z,2002-10-01T00:00:00Z,-120.292,39.697
396970N1202916W001,1751346,2001-10-18T00:00:00Z,4897.8,4895.6,0,64.3,4833.5,64.3,62.1,NA,Unknown,Water level accuracy is unknown,1,Department of Water Resources,NA,1,Department of Water Resources,NA,NA,36136,21N15E03M003M,21N15E03M003M,USGS quad,5 ft.,5-012.01,Sierra Valley,Sierra,700,Irrigation,Single Well,YES,1990-10-25 00:00:00 - 2020-04-24 12:00:00,62,fall,35.2,165.6,NA,NA,2002,NA,2001-10-01T00:00:00Z,2002-10-01T00:00:00Z,-120.292,39.697
396970N1202916W001,1751345,2001-03-27T00:00:00Z,4897.8,4895.6,0,20.1,4877.7,20.1,17.9,NA,Unknown,Water level accuracy is unknown,1,Department of Water Resources,NA,1,Department of Water Resources,NA,NA,36136,21N15E03M003M,21N15E03M003M,USGS quad,5 ft.,5-012.01,Sierra Valley,Sierra,700,Irrigation,Single Well,YES,1990-10-25 00:00:00 - 2020-04-24 12:00:00,62,spring,NA,NA,9.5,45.7,2001,Dry,2000-10-01T00:00:00Z,2001-10-01T00:00:00Z,-120.292,39.697
396970N1202916W001,1751344,2000-10-18T00:00:00Z,4897.8,4895.6,0,50.3,4847.5,50.3,48.1,NA,Unknown,Water level accuracy is unknown,1,Department of Water Resources,NA,1,Department of Water Resources,NA,NA,36136,21N15E03M003M,21N15E03M003M,USGS quad,5 ft.,5-012.01,Sierra Valley,Sierra,700,Irrigation,Single Well,YES,1990-10-25 00:00:00 - 2020-04-24 12:00:00,62,fall,35.2,165.6,NA,NA,2001,Dry,2000-10-01T00:00:00Z,2001-10-01T00:00:00Z,-120.292,39.697
396970N1202916W001,1751343,2000-03-26T00:00:00Z,4897.8,4895.6,0,14.4,4883.4,14.4,12.2,NA,Unknown,Water level accuracy is unknown,1,Department of Water Resources,NA,1,Department of Water Resources,NA,NA,36136,21N15E03M003M,21N15E03M003M,USGS quad,5 ft.,5-012.01,Sierra Valley,Sierra,700,Irrigation,Single Well,YES,1990-10-25 00:00:00 - 2020-04-24 12:00:00,62,spring,NA,NA,9.5,45.7,2000,NA,1999-10-01T00:00:00Z,2000-10-01T00:00:00Z,-120.292,39.697
396970N1202916W001,1751341,1999-10-12T00:00:00Z,4897.8,4895.6,0,44.9,4852.9,44.9,42.7,NA,Unknown,Water level accuracy is unknown,1,Department of Water Resources,NA,1,Department of Water Resources,NA,NA,36136,21N15E03M003M,21N15E03M003M,USGS quad,5 ft.,5-012.01,Sierra Valley,Sierra,700,Irrigation,Single Well,YES,1990-10-25 00:00:00 - 2020-04-24 12:00:00,62,fall,35.2,165.6,NA,NA,2000,NA,1999-10-01T00:00:00Z,2000-10-01T00:00:00Z,-120.292,39.697
396970N1202916W001,1751342,1999-04-14T00:00:00Z,4897.8,4895.6,0,11.7,4886.1,11.7,9.5,NA,Unknown,Water level accuracy is unknown,1,Department of Water Resources,NA,1,Department of Water Resources,NA,NA,36136,21N15E03M003M,21N15E03M003M,USGS quad,5 ft.,5-012.01,Sierra Valley,Sierra,700,Irrigation,Single Well,YES,1990-10-25 00:00:00 - 2020-04-24 12:00:00,62,spring,NA,NA,9.5,45.7,1999,NA,1998-10-01T00:00:00Z,1999-10-01T00:00:00Z,-120.292,39.697
396970N1202916W001,1751339,1998-10-13T00:00:00Z,4897.8,4895.6,0,42,4855.8,42,39.8,Oil or foreign substance in casing,Unknown,Water level accuracy is unknown,1,Department of Water Resources,NA,1,Department of Water Resources,NA,NA,36136,21N15E03M003M,21N15E03M003M,USGS quad,5 ft.,5-012.01,Sierra Valley,Sierra,700,Irrigation,Single Well,YES,1990-10-25 00:00:00 - 2020-04-24 12:00:00,62,fall,35.2,165.6,NA,NA,1999,NA,1998-10-01T00:00:00Z,1999-10-01T00:00:00Z,-120.292,39.697
396970N1202916W001,1751340,1998-05-15T00:00:00Z,4897.8,4895.6,0,13.8,4884,13.8,11.6,NA,Unknown,Water level accuracy is unknown,1,Department of Water Resources,NA,1,Department of Water Resources,NA,NA,36136,21N15E03M003M,21N15E03M003M,USGS quad,5 ft.,5-012.01,Sierra Valley,Sierra,700,Irrigation,Single Well,YES,1990-10-25 00:00:00 - 2020-04-24 12:00:00,62,spring,NA,NA,9.5,45.7,1998,NA,1997-10-01T00:00:00Z,1998-10-01T00:00:00Z,-120.292,39.697
396970N1202916W001,1751338,1997-10-17T00:00:00Z,4897.8,4895.6,0,167.8,4730,167.8,165.6,Pumping,Unknown,Water level accuracy is unknown,1,Department of Water Resources,NA,1,Department of Water Resources,NA,NA,36136,21N15E03M003M,21N15E03M003M,USGS quad,5 ft.,5-012.01,Sierra Valley,Sierra,700,Irrigation,Single Well,YES,1990-10-25 00:00:00 - 2020-04-24 12:00:00,62,fall,35.2,165.6,NA,NA,1998,NA,1997-10-01T00:00:00Z,1998-10-01T00:00:00Z,-120.292,39.697
396970N1202916W001,1751337,1997-04-05T00:00:00Z,4897.8,4895.6,0,13.8,4884,13.8,11.6,NA,Unknown,Water level accuracy is unknown,1,Department of Water Resources,NA,1,Department of Water Resources,NA,NA,36136,21N15E03M003M,21N15E03M003M,USGS quad,5 ft.,5-012.01,Sierra Valley,Sierra,700,Irrigation,Single Well,YES,1990-10-25 00:00:00 - 2020-04-24 12:00:00,62,spring,NA,NA,9.5,45.7,1997,NA,1996-10-01T00:00:00Z,1997-10-01T00:00:00Z,-120.292,39.697
396970N1202916W001,1751323,1996-10-30T00:00:00Z,4897.8,4895.6,0,37.4,4860.4,37.4,35.2,NA,Unknown,Water level accuracy is unknown,1,Department of Water Resources,NA,1,Department of Water Resources,NA,NA,36136,21N15E03M003M,21N15E03M003M,USGS quad,5 ft.,5-012.01,Sierra Valley,Sierra,700,Irrigation,Single Well,YES,1990-10-25 00:00:00 - 2020-04-24 12:00:00,62,fall,35.2,165.6,NA,NA,1997,NA,1996-10-01T00:00:00Z,1997-10-01T00:00:00Z,-120.292,39.697
396970N1202916W001,1751336,1996-05-07T00:00:00Z,4897.8,4895.6,0,16.1,4881.7,16.1,13.9,NA,Unknown,Water level accuracy is unknown,1,Department of Water Resources,NA,1,Department of Water Resources,NA,NA,36136,21N15E03M003M,21N15E03M003M,USGS quad,5 ft.,5-012.01,Sierra Valley,Sierra,700,Irrigation,Single Well,YES,1990-10-25 00:00:00 - 2020-04-24 12:00:00,62,spring,NA,NA,9.5,45.7,1996,NA,1995-10-01T00:00:00Z,1996-10-01T00:00:00Z,-120.292,39.697
396970N1202916W001,1751335,1995-10-26T00:00:00Z,4897.8,4895.6,0,49.1,4848.7,49.1,46.9,NA,Unknown,Water level accuracy is unknown,1,Department of Water Resources,NA,1,Department of Water Resources,NA,NA,36136,21N15E03M003M,21N15E03M003M,USGS quad,5 ft.,5-012.01,Sierra Valley,Sierra,700,Irrigation,Single Well,YES,1990-10-25 00:00:00 - 2020-04-24 12:00:00,62,fall,35.2,165.6,NA,NA,1996,NA,1995-10-01T00:00:00Z,1996-10-01T00:00:00Z,-120.292,39.697
396970N1202916W001,1751334,1995-06-02T00:00:00Z,4897.8,4895.6,0,22.9,4874.9,22.9,20.7,NA,Unknown,Water level accuracy is unknown,1,Department of Water Resources,NA,1,Department of Water Resources,NA,NA,36136,21N15E03M003M,21N15E03M003M,USGS quad,5 ft.,5-012.01,Sierra Valley,Sierra,700,Irrigation,Single Well,YES,1990-10-25 00:00:00 - 2020-04-24 12:00:00,62,other,NA,NA,NA,NA,1995,Wet,1994-10-01T00:00:00Z,1995-10-01T00:00:00Z,-120.292,39.697
396970N1202916W001,1751333,1994-10-29T00:00:00Z,4897.8,4895.6,0,64.1,4833.7,64.1,61.9,NA,Unknown,Water level accuracy is unknown,1,Department of Water Resources,NA,1,Department of Water Resources,NA,NA,36136,21N15E03M003M,21N15E03M003M,USGS quad,5 ft.,5-012.01,Sierra Valley,Sierra,700,Irrigation,Single Well,YES,1990-10-25 00:00:00 - 2020-04-24 12:00:00,62,fall,35.2,165.6,NA,NA,1995,Wet,1994-10-01T00:00:00Z,1995-10-01T00:00:00Z,-120.292,39.697
396970N1202916W001,1751332,1994-03-31T00:00:00Z,4897.8,4895.6,0,21.9,4875.9,21.9,19.7,NA,Unknown,Water level accuracy is unknown,1,Department of Water Resources,NA,1,Department of Water Resources,NA,NA,36136,21N15E03M003M,21N15E03M003M,USGS quad,5 ft.,5-012.01,Sierra Valley,Sierra,700,Irrigation,Single Well,YES,1990-10-25 00:00:00 - 2020-04-24 12:00:00,62,spring,NA,NA,9.5,45.7,1994,Dry,1993-10-01T00:00:00Z,1994-10-01T00:00:00Z,-120.292,39.697
396970N1202916W001,1751331,1993-10-21T00:00:00Z,4897.8,4895.6,0,45.2,4852.6,45.2,43,NA,Unknown,Water level accuracy is unknown,1,Department of Water Resources,NA,1,Department of Water Resources,NA,NA,36136,21N15E03M003M,21N15E03M003M,USGS quad,5 ft.,5-012.01,Sierra Valley,Sierra,700,Irrigation,Single Well,YES,1990-10-25 00:00:00 - 2020-04-24 12:00:00,62,fall,35.2,165.6,NA,NA,1994,Dry,1993-10-01T00:00:00Z,1994-10-01T00:00:00Z,-120.292,39.697
396970N1202916W001,1751330,1993-04-21T00:00:00Z,4897.8,4895.6,0,28.7,4869.1,28.7,26.5,NA,Unknown,Water level accuracy is unknown,1,Department of Water Resources,NA,1,Department of Water Resources,NA,NA,36136,21N15E03M003M,21N15E03M003M,USGS quad,5 ft.,5-012.01,Sierra Valley,Sierra,700,Irrigation,Single Well,YES,1990-10-25 00:00:00 - 2020-04-24 12:00:00,62,spring,NA,NA,9.5,45.7,1993,NA,1992-10-01T00:00:00Z,1993-10-01T00:00:00Z,-120.292,39.697
396970N1202916W001,1751329,1992-10-22T00:00:00Z,4897.8,4895.6,0,67.9,4829.9,67.9,65.7,NA,Unknown,Water level accuracy is unknown,1,Department of Water Resources,NA,1,Department of Water Resources,NA,NA,36136,21N15E03M003M,21N15E03M003M,USGS quad,5 ft.,5-012.01,Sierra Valley,Sierra,700,Irrigation,Single Well,YES,1990-10-25 00:00:00 - 2020-04-24 12:00:00,62,fall,35.2,165.6,NA,NA,1993,NA,1992-10-01T00:00:00Z,1993-10-01T00:00:00Z,-120.292,39.697
396970N1202916W001,1751328,1992-03-25T00:00:00Z,4897.8,4895.6,0,28.9,4868.9,28.9,26.7,NA,Unknown,Water level accuracy is unknown,1,Department of Water Resources,NA,1,Department of Water Resources,NA,NA,36136,21N15E03M003M,21N15E03M003M,USGS quad,5 ft.,5-012.01,Sierra Valley,Sierra,700,Irrigation,Single Well,YES,1990-10-25 00:00:00 - 2020-04-24 12:00:00,62,spring,NA,NA,9.5,45.7,1992,NA,1991-10-01T00:00:00Z,1992-10-01T00:00:00Z,-120.292,39.697
396970N1202916W001,1751327,1991-10-21T00:00:00Z,4897.8,4895.6,0,59.2,4838.6,59.2,57,NA,Unknown,Water level accuracy is unknown,1,Department of Water Resources,NA,1,Department of Water Resources,NA,NA,36136,21N15E03M003M,21N15E03M003M,USGS quad,5 ft.,5-012.01,Sierra Valley,Sierra,700,Irrigation,Single Well,YES,1990-10-25 00:00:00 - 2020-04-24 12:00:00,62,fall,35.2,165.6,NA,NA,1992,NA,1991-10-01T00:00:00Z,1992-10-01T00:00:00Z,-120.292,39.697
396970N1202916W001,1751326,1991-04-03T00:00:00Z,4897.2,4895.6,0,24.2,4873,24.2,22.6,NA,Unknown,Water level accuracy is unknown,1,Department of Water Resources,NA,1,Department of Water Resources,NA,NA,36136,21N15E03M003M,21N15E03M003M,USGS quad,5 ft.,5-012.01,Sierra Valley,Sierra,700,Irrigation,Single Well,YES,1990-10-25 00:00:00 - 2020-04-24 12:00:00,62,spring,NA,NA,9.5,45.7,1991,NA,1990-10-01T00:00:00Z,1991-10-01T00:00:00Z,-120.292,39.697
396970N1202916W001,1751325,1991-02-26T00:00:00Z,4897.2,4895.6,0,30.8,4866.4,30.8,29.2,NA,Unknown,Water level accuracy is unknown,1,Department of Water Resources,NA,1,Department of Water Resources,NA,NA,36136,21N15E03M003M,21N15E03M003M,USGS quad,5 ft.,5-012.01,Sierra Valley,Sierra,700,Irrigation,Single Well,YES,1990-10-25 00:00:00 - 2020-04-24 12:00:00,62,other,NA,NA,NA,NA,1991,NA,1990-10-01T00:00:00Z,1991-10-01T00:00:00Z,-120.292,39.697
396970N1202916W001,1751324,1990-10-25T00:00:00Z,4897.2,4895.6,0,56.9,4840.3,56.9,55.3,NA,Unknown,Water level accuracy is unknown,1,Department of Water Resources,NA,1,Department of Water Resources,NA,NA,36136,21N15E03M003M,21N15E03M003M,USGS quad,5 ft.,5-012.01,Sierra Valley,Sierra,700,Irrigation,Single Well,YES,1990-10-25 00:00:00 - 2020-04-24 12:00:00,62,fall,35.2,165.6,NA,NA,1991,NA,1990-10-01T00:00:00Z,1991-10-01T00:00:00Z,-120.292,39.697
