SITE_CODE,WLM_ID,MSMT_DATE,WLM_RPE,WLM_GSE,RDNG_WS,RDNG_RP,WSE,RPE_WSE,GSE_WSE,WLM_QA_DESC,WLM_DESC,WLM_ACC_DESC,WLM_ORG_ID,WLM_ORG_NAME,MSMT_CMT,COOP_AGENCY_ORG_ID,COOP_ORG_NAME,TOP_PRF,BOT_PRF,STN_ID,SWN,WELL_NAME,WLM_METHOD,WLM_ACC,BASIN_CODE,BASIN_NAME,COUNTY_NAME,WELL_DEPTH,WELL_USE,WELL_TYPE,WCR_NO,t_range,n_samples,season,fall_high,fall_low,spring_high,spring_low,water_year,water_year_type,water_year_start,water_year_end,X,Y
396976N1202493W001,2623624,2020-04-03T12:00:00Z,4917.3,4916.6,0,23,4894.3,23,22.3,NA,Electric sounder measurement,Water level accuracy to nearest tenth of a foot,1,Department of Water Resources,NA,388,Sierra Valley Groundwater Management District,400,600,19595,21N15E01K001M,21N15E01K001M,USGS quad,5 ft.,5-012.01,Sierra Valley,Sierra,600,Observation,Single Well,345387,1995-10-26 00:00:00 - 2020-04-24 12:00:00,52,spring,NA,NA,-0.7,36.72,2020,Dry,2019-10-01T00:00:00Z,2020-10-01T00:00:00Z,-120.249,39.6976
396976N1202493W001,2493696,2019-10-23T12:00:00Z,4917.3,4916.6,0,50.7,4866.6,50.7,50,NA,Electric sounder measurement,Water level accuracy to nearest hundredth of a foot,1,Department of Water Resources,NA,1,Department of Water Resources,400,600,19595,21N15E01K001M,21N15E01K001M,USGS quad,5 ft.,5-012.01,Sierra Valley,Sierra,600,Observation,Single Well,345387,1995-10-26 00:00:00 - 2020-04-24 12:00:00,52,fall,29.5,80.42,NA,NA,2020,Dry,2019-10-01T00:00:00Z,2020-10-01T00:00:00Z,-120.249,39.6976
396976N1202493W001,2454933,2019-04-09T12:00:00Z,4917.3,4916.6,0,24.45,4892.85,24.45,23.75,NA,Electric sounder measurement,Water level accuracy to nearest hundredth of a foot,1,Department of Water Resources,NA,1,Department of Water Resources,400,600,19595,21N15E01K001M,21N15E01K001M,USGS quad,5 ft.,5-012.01,Sierra Valley,Sierra,600,Observation,Single Well,345387,1995-10-26 00:00:00 - 2020-04-24 12:00:00,52,spring,NA,NA,-0.7,36.72,2019,Wet,2018-10-01T00:00:00Z,2019-10-01T00:00:00Z,-120.249,39.6976
396976N1202493W001,2415001,2018-10-24T12:00:00Z,4917.3,4916.6,0,55.45,4861.85,55.45,54.75,NA,Electric sounder measurement,Water level accuracy to nearest hundredth of a foot,1,Department of Water Resources,NA,1,Department of Water Resources,400,600,19595,21N15E01K001M,21N15E01K001M,USGS quad,5 ft.,5-012.01,Sierra Valley,Sierra,600,Observation,Single Well,345387,1995-10-26 00:00:00 - 2020-04-24 12:00:00,52,fall,29.5,80.42,NA,NA,2019,Wet,2018-10-01T00:00:00Z,2019-10-01T00:00:00Z,-120.249,39.6976
396976N1202493W001,2285940,2018-04-02T12:00:00Z,4917.3,4916.6,0,26.22,4891.08,26.22,25.52,NA,Electric sounder measurement,Water level accuracy to nearest hundredth of a foot,1,Department of Water Resources,NA,1,Department of Water Resources,400,600,19595,21N15E01K001M,21N15E01K001M,USGS quad,5 ft.,5-012.01,Sierra Valley,Sierra,600,Observation,Single Well,345387,1995-10-26 00:00:00 - 2020-04-24 12:00:00,52,spring,NA,NA,-0.7,36.72,2018,NA,2017-10-01T00:00:00Z,2018-10-01T00:00:00Z,-120.249,39.6976
396976N1202493W001,2267980,2017-10-16T00:00:00Z,4917.3,4916.6,0,57.6,4859.7,57.6,56.9,Nearby pump operating,Electric sounder measurement,Water level accuracy to nearest hundredth of a foot,1,Department of Water Resources,NA,1,Department of Water Resources,400,600,19595,21N15E01K001M,21N15E01K001M,USGS quad,5 ft.,5-012.01,Sierra Valley,Sierra,600,Observation,Single Well,345387,1995-10-26 00:00:00 - 2020-04-24 12:00:00,52,fall,29.5,80.42,NA,NA,2018,NA,2017-10-01T00:00:00Z,2018-10-01T00:00:00Z,-120.249,39.6976
396976N1202493W001,2244268,2017-04-03T00:00:00Z,4917.3,4916.6,0,31.5,4885.8,31.5,30.8,NA,Electric sounder measurement,Water level accuracy to nearest hundredth of a foot,1,Department of Water Resources,NA,1,Department of Water Resources,400,600,19595,21N15E01K001M,21N15E01K001M,USGS quad,5 ft.,5-012.01,Sierra Valley,Sierra,600,Observation,Single Well,345387,1995-10-26 00:00:00 - 2020-04-24 12:00:00,52,spring,NA,NA,-0.7,36.72,2017,Wet,2016-10-01T00:00:00Z,2017-10-01T00:00:00Z,-120.249,39.6976
396976N1202493W001,2214098,2016-10-24T00:00:00Z,4917.3,4916.6,0,68.33,4848.97,68.33,67.63,NA,Electric sounder measurement,Water level accuracy to nearest hundredth of a foot,1,Department of Water Resources,NA,1,Department of Water Resources,400,600,19595,21N15E01K001M,21N15E01K001M,USGS quad,5 ft.,5-012.01,Sierra Valley,Sierra,600,Observation,Single Well,345387,1995-10-26 00:00:00 - 2020-04-24 12:00:00,52,fall,29.5,80.42,NA,NA,2017,Wet,2016-10-01T00:00:00Z,2017-10-01T00:00:00Z,-120.249,39.6976
396976N1202493W001,2184564,2016-03-21T00:00:00Z,4917.3,4916.6,0,37.42,4879.88,37.42,36.72,NA,Electric sounder measurement,Water level accuracy to nearest hundredth of a foot,1,Department of Water Resources,NA,1,Department of Water Resources,400,600,19595,21N15E01K001M,21N15E01K001M,USGS quad,5 ft.,5-012.01,Sierra Valley,Sierra,600,Observation,Single Well,345387,1995-10-26 00:00:00 - 2020-04-24 12:00:00,52,spring,NA,NA,-0.7,36.72,2016,NA,2015-10-01T00:00:00Z,2016-10-01T00:00:00Z,-120.249,39.6976
396976N1202493W001,2157038,2015-10-19T00:00:00Z,4917.3,4916.6,0,78.05,4839.25,78.05,77.35,NA,Electric sounder measurement,Water level accuracy to nearest hundredth of a foot,1,Department of Water Resources,NA,1,Department of Water Resources,400,600,19595,21N15E01K001M,21N15E01K001M,USGS quad,5 ft.,5-012.01,Sierra Valley,Sierra,600,Observation,Single Well,345387,1995-10-26 00:00:00 - 2020-04-24 12:00:00,52,fall,29.5,80.42,NA,NA,2016,NA,2015-10-01T00:00:00Z,2016-10-01T00:00:00Z,-120.249,39.6976
396976N1202493W001,2119750,2015-03-23T00:00:00Z,4917.3,4916.6,0,36.25,4881.05,36.25,35.55,NA,Electric sounder measurement,Water level accuracy to nearest hundredth of a foot,1,Department of Water Resources,NA,1,Department of Water Resources,400,600,19595,21N15E01K001M,21N15E01K001M,USGS quad,5 ft.,5-012.01,Sierra Valley,Sierra,600,Observation,Single Well,345387,1995-10-26 00:00:00 - 2020-04-24 12:00:00,52,spring,NA,NA,-0.7,36.72,2015,NA,2014-10-01T00:00:00Z,2015-10-01T00:00:00Z,-120.249,39.6976
396976N1202493W001,2020265,2014-10-20T12:00:00Z,4917.3,4916.6,0,81.12,4836.18,81.12,80.42,NA,Electric sounder measurement,Water level accuracy to nearest hundredth of a foot,1,Department of Water Resources,NA,1,Department of Water Resources,400,600,19595,21N15E01K001M,21N15E01K001M,USGS quad,5 ft.,5-012.01,Sierra Valley,Sierra,600,Observation,Single Well,345387,1995-10-26 00:00:00 - 2020-04-24 12:00:00,52,fall,29.5,80.42,NA,NA,2015,NA,2014-10-01T00:00:00Z,2015-10-01T00:00:00Z,-120.249,39.6976
396976N1202493W001,1880748,2014-03-14T00:00:00Z,4917.3,4916.6,0,34.05,4883.25,34.05,33.35,NA,Electric sounder measurement,Water level accuracy to nearest hundredth of a foot,1,Department of Water Resources,NA,1,Department of Water Resources,400,600,19595,21N15E01K001M,21N15E01K001M,USGS quad,5 ft.,5-012.01,Sierra Valley,Sierra,600,Observation,Single Well,345387,1995-10-26 00:00:00 - 2020-04-24 12:00:00,52,spring,NA,NA,-0.7,36.72,2014,NA,2013-10-01T00:00:00Z,2014-10-01T00:00:00Z,-120.249,39.6976
396976N1202493W001,1797090,2013-10-21T00:00:00Z,4917.3,4916.6,0,75.85,4841.45,75.85,75.15,NA,Electric sounder measurement,Water level accuracy to nearest hundredth of a foot,1,Department of Water Resources,NA,1,Department of Water Resources,400,600,19595,21N15E01K001M,21N15E01K001M,USGS quad,5 ft.,5-012.01,Sierra Valley,Sierra,600,Observation,Single Well,345387,1995-10-26 00:00:00 - 2020-04-24 12:00:00,52,fall,29.5,80.42,NA,NA,2014,NA,2013-10-01T00:00:00Z,2014-10-01T00:00:00Z,-120.249,39.6976
396976N1202493W001,1684409,2013-03-25T00:00:00Z,4917.29,4916.59,0,29.78,4887.51,29.78,29.08,NA,Electric sounder measurement,Water level accuracy to nearest hundredth of a foot,1,Department of Water Resources,NA,1,Department of Water Resources,400,600,19595,21N15E01K001M,21N15E01K001M,USGS quad,5 ft.,5-012.01,Sierra Valley,Sierra,600,Observation,Single Well,345387,1995-10-26 00:00:00 - 2020-04-24 12:00:00,52,spring,NA,NA,-0.7,36.72,2013,Dry,2012-10-01T00:00:00Z,2013-10-01T00:00:00Z,-120.249,39.6976
396976N1202493W001,69350,2012-10-30T00:00:00Z,4917.29,4916.59,0,68.93,4848.36,68.93,68.23,NA,Electric sounder measurement,Water level accuracy to nearest hundredth of a foot,1,Department of Water Resources,NA,1,Department of Water Resources,400,600,19595,21N15E01K001M,21N15E01K001M,USGS quad,5 ft.,5-012.01,Sierra Valley,Sierra,600,Observation,Single Well,345387,1995-10-26 00:00:00 - 2020-04-24 12:00:00,52,fall,29.5,80.42,NA,NA,2013,Dry,2012-10-01T00:00:00Z,2013-10-01T00:00:00Z,-120.249,39.6976
396976N1202493W001,59932,2012-04-17T00:00:00Z,4917.29,4916.59,0,18.52,4898.77,18.52,17.82,NA,Electric sounder measurement,Water level accuracy to nearest hundredth of a foot,1,Department of Water Resources,Gate locked.,1,Department of Water Resources,400,600,19595,21N15E01K001M,21N15E01K001M,USGS quad,5 ft.,5-012.01,Sierra Valley,Sierra,600,Observation,Single Well,345387,1995-10-26 00:00:00 - 2020-04-24 12:00:00,52,spring,NA,NA,-0.7,36.72,2012,NA,2011-10-01T00:00:00Z,2012-10-01T00:00:00Z,-120.249,39.6976
396976N1202493W001,39780,2011-10-18T00:00:00Z,4917.29,4916.59,0,52.51,4864.78,52.51,51.81,NA,Electric sounder measurement,Water level accuracy to nearest hundredth of a foot,1,Department of Water Resources,NA,1,Department of Water Resources,400,600,19595,21N15E01K001M,21N15E01K001M,USGS quad,5 ft.,5-012.01,Sierra Valley,Sierra,600,Observation,Single Well,345387,1995-10-26 00:00:00 - 2020-04-24 12:00:00,52,fall,29.5,80.42,NA,NA,2012,NA,2011-10-01T00:00:00Z,2012-10-01T00:00:00Z,-120.249,39.6976
396976N1202493W001,1751289,2011-10-18T00:00:00Z,4917.3,4916.6,0,52.51,4864.79,52.51,51.81,NA,Unknown,Water level accuracy is unknown,1,Department of Water Resources,NA,1,Department of Water Resources,400,600,19595,21N15E01K001M,21N15E01K001M,USGS quad,5 ft.,5-012.01,Sierra Valley,Sierra,600,Observation,Single Well,345387,1995-10-26 00:00:00 - 2020-04-24 12:00:00,52,fall,29.5,80.42,NA,NA,2012,NA,2011-10-01T00:00:00Z,2012-10-01T00:00:00Z,-120.249,39.6976
396976N1202493W001,1751288,2011-04-25T00:00:00Z,4917.3,4916.6,0,20.21,4897.09,20.21,19.51,NA,Unknown,Water level accuracy is unknown,1,Department of Water Resources,NA,1,Department of Water Resources,400,600,19595,21N15E01K001M,21N15E01K001M,USGS quad,5 ft.,5-012.01,Sierra Valley,Sierra,600,Observation,Single Well,345387,1995-10-26 00:00:00 - 2020-04-24 12:00:00,52,spring,NA,NA,-0.7,36.72,2011,Wet,2010-10-01T00:00:00Z,2011-10-01T00:00:00Z,-120.249,39.6976
396976N1202493W001,1751287,2010-10-25T00:00:00Z,4917.3,4916.6,0,51.01,4866.29,51.01,50.31,NA,Unknown,Water level accuracy is unknown,1,Department of Water Resources,NA,1,Department of Water Resources,400,600,19595,21N15E01K001M,21N15E01K001M,USGS quad,5 ft.,5-012.01,Sierra Valley,Sierra,600,Observation,Single Well,345387,1995-10-26 00:00:00 - 2020-04-24 12:00:00,52,fall,29.5,80.42,NA,NA,2011,Wet,2010-10-01T00:00:00Z,2011-10-01T00:00:00Z,-120.249,39.6976
396976N1202493W001,1751286,2010-04-06T00:00:00Z,4917.3,4916.6,0,25.25,4892.05,25.25,24.55,NA,Unknown,Water level accuracy is unknown,1,Department of Water Resources,NA,1,Department of Water Resources,400,600,19595,21N15E01K001M,21N15E01K001M,USGS quad,5 ft.,5-012.01,Sierra Valley,Sierra,600,Observation,Single Well,345387,1995-10-26 00:00:00 - 2020-04-24 12:00:00,52,spring,NA,NA,-0.7,36.72,2010,NA,2009-10-01T00:00:00Z,2010-10-01T00:00:00Z,-120.249,39.6976
396976N1202493W001,1751285,2009-10-28T00:00:00Z,4917.3,4916.6,0,52.3,4865,52.3,51.6,NA,Unknown,Water level accuracy is unknown,1,Department of Water Resources,NA,1,Department of Water Resources,400,600,19595,21N15E01K001M,21N15E01K001M,USGS quad,5 ft.,5-012.01,Sierra Valley,Sierra,600,Observation,Single Well,345387,1995-10-26 00:00:00 - 2020-04-24 12:00:00,52,fall,29.5,80.42,NA,NA,2010,NA,2009-10-01T00:00:00Z,2010-10-01T00:00:00Z,-120.249,39.6976
396976N1202493W001,1751284,2009-04-13T00:00:00Z,4917.3,4916.6,0,24.8,4892.5,24.8,24.1,NA,Unknown,Water level accuracy is unknown,1,Department of Water Resources,NA,1,Department of Water Resources,400,600,19595,21N15E01K001M,21N15E01K001M,USGS quad,5 ft.,5-012.01,Sierra Valley,Sierra,600,Observation,Single Well,345387,1995-10-26 00:00:00 - 2020-04-24 12:00:00,52,spring,NA,NA,-0.7,36.72,2009,NA,2008-10-01T00:00:00Z,2009-10-01T00:00:00Z,-120.249,39.6976
396976N1202493W001,1751283,2008-10-27T00:00:00Z,4917.3,4916.6,0,58.1,4859.2,58.1,57.4,NA,Unknown,Water level accuracy is unknown,1,Department of Water Resources,NA,1,Department of Water Resources,400,600,19595,21N15E01K001M,21N15E01K001M,USGS quad,5 ft.,5-012.01,Sierra Valley,Sierra,600,Observation,Single Well,345387,1995-10-26 00:00:00 - 2020-04-24 12:00:00,52,fall,29.5,80.42,NA,NA,2009,NA,2008-10-01T00:00:00Z,2009-10-01T00:00:00Z,-120.249,39.6976
396976N1202493W001,1751281,2008-04-09T00:00:00Z,4917.3,4916.6,0,23.1,4894.2,23.1,22.4,NA,Unknown,Water level accuracy is unknown,1,Department of Water Resources,NA,1,Department of Water Resources,400,600,19595,21N15E01K001M,21N15E01K001M,USGS quad,5 ft.,5-012.01,Sierra Valley,Sierra,600,Observation,Single Well,345387,1995-10-26 00:00:00 - 2020-04-24 12:00:00,52,spring,NA,NA,-0.7,36.72,2008,NA,2007-10-01T00:00:00Z,2008-10-01T00:00:00Z,-120.249,39.6976
396976N1202493W001,1751282,2007-10-25T00:00:00Z,4917.3,4916.6,0,57.1,4860.2,57.1,56.4,NA,Unknown,Water level accuracy is unknown,1,Department of Water Resources,NA,1,Department of Water Resources,400,600,19595,21N15E01K001M,21N15E01K001M,USGS quad,5 ft.,5-012.01,Sierra Valley,Sierra,600,Observation,Single Well,345387,1995-10-26 00:00:00 - 2020-04-24 12:00:00,52,fall,29.5,80.42,NA,NA,2008,NA,2007-10-01T00:00:00Z,2008-10-01T00:00:00Z,-120.249,39.6976
396976N1202493W001,1751280,2007-04-10T00:00:00Z,4917.3,4916.6,0,16.2,4901.1,16.2,15.5,NA,Unknown,Water level accuracy is unknown,1,Department of Water Resources,NA,1,Department of Water Resources,400,600,19595,21N15E01K001M,21N15E01K001M,USGS quad,5 ft.,5-012.01,Sierra Valley,Sierra,600,Observation,Single Well,345387,1995-10-26 00:00:00 - 2020-04-24 12:00:00,52,spring,NA,NA,-0.7,36.72,2007,Dry,2006-10-01T00:00:00Z,2007-10-01T00:00:00Z,-120.249,39.6976
396976N1202493W001,1751279,2006-10-17T00:00:00Z,4917.3,4916.6,0,42.6,4874.7,42.6,41.9,NA,Unknown,Water level accuracy is unknown,1,Department of Water Resources,NA,1,Department of Water Resources,400,600,19595,21N15E01K001M,21N15E01K001M,USGS quad,5 ft.,5-012.01,Sierra Valley,Sierra,600,Observation,Single Well,345387,1995-10-26 00:00:00 - 2020-04-24 12:00:00,52,fall,29.5,80.42,NA,NA,2007,Dry,2006-10-01T00:00:00Z,2007-10-01T00:00:00Z,-120.249,39.6976
396976N1202493W001,1751278,2006-04-18T00:00:00Z,4917.3,4916.6,0,16.5,4900.8,16.5,15.8,NA,Unknown,Water level accuracy is unknown,1,Department of Water Resources,NA,1,Department of Water Resources,400,600,19595,21N15E01K001M,21N15E01K001M,USGS quad,5 ft.,5-012.01,Sierra Valley,Sierra,600,Observation,Single Well,345387,1995-10-26 00:00:00 - 2020-04-24 12:00:00,52,spring,NA,NA,-0.7,36.72,2006,Wet,2005-10-01T00:00:00Z,2006-10-01T00:00:00Z,-120.249,39.6976
396976N1202493W001,1751277,2005-10-27T00:00:00Z,4917.3,4916.6,0,40.7,4876.6,40.7,40,NA,Unknown,Water level accuracy is unknown,1,Department of Water Resources,NA,1,Department of Water Resources,400,600,19595,21N15E01K001M,21N15E01K001M,USGS quad,5 ft.,5-012.01,Sierra Valley,Sierra,600,Observation,Single Well,345387,1995-10-26 00:00:00 - 2020-04-24 12:00:00,52,fall,29.5,80.42,NA,NA,2006,Wet,2005-10-01T00:00:00Z,2006-10-01T00:00:00Z,-120.249,39.6976
396976N1202493W001,1751276,2005-04-05T00:00:00Z,4917.3,4916.6,0,19.4,4897.9,19.4,18.7,NA,Unknown,Water level accuracy is unknown,1,Department of Water Resources,NA,1,Department of Water Resources,400,600,19595,21N15E01K001M,21N15E01K001M,USGS quad,5 ft.,5-012.01,Sierra Valley,Sierra,600,Observation,Single Well,345387,1995-10-26 00:00:00 - 2020-04-24 12:00:00,52,spring,NA,NA,-0.7,36.72,2005,NA,2004-10-01T00:00:00Z,2005-10-01T00:00:00Z,-120.249,39.6976
396976N1202493W001,1751275,2004-10-15T00:00:00Z,4917.3,4916.6,0,58.4,4858.9,58.4,57.7,NA,Unknown,Water level accuracy is unknown,1,Department of Water Resources,NA,1,Department of Water Resources,400,600,19595,21N15E01K001M,21N15E01K001M,USGS quad,5 ft.,5-012.01,Sierra Valley,Sierra,600,Observation,Single Well,345387,1995-10-26 00:00:00 - 2020-04-24 12:00:00,52,fall,29.5,80.42,NA,NA,2005,NA,2004-10-01T00:00:00Z,2005-10-01T00:00:00Z,-120.249,39.6976
396976N1202493W001,1751274,2004-04-07T00:00:00Z,4917.3,4916.6,0,16.2,4901.1,16.2,15.5,NA,Unknown,Water level accuracy is unknown,1,Department of Water Resources,NA,1,Department of Water Resources,400,600,19595,21N15E01K001M,21N15E01K001M,USGS quad,5 ft.,5-012.01,Sierra Valley,Sierra,600,Observation,Single Well,345387,1995-10-26 00:00:00 - 2020-04-24 12:00:00,52,spring,NA,NA,-0.7,36.72,2004,NA,2003-10-01T00:00:00Z,2004-10-01T00:00:00Z,-120.249,39.6976
396976N1202493W001,1751273,2003-10-29T00:00:00Z,4917.3,4916.6,0,48.6,4868.7,48.6,47.9,NA,Unknown,Water level accuracy is unknown,1,Department of Water Resources,NA,1,Department of Water Resources,400,600,19595,21N15E01K001M,21N15E01K001M,USGS quad,5 ft.,5-012.01,Sierra Valley,Sierra,600,Observation,Single Well,345387,1995-10-26 00:00:00 - 2020-04-24 12:00:00,52,fall,29.5,80.42,NA,NA,2004,NA,2003-10-01T00:00:00Z,2004-10-01T00:00:00Z,-120.249,39.6976
396976N1202493W001,1751272,2003-03-28T00:00:00Z,4917.3,4916.6,0,18.3,4899,18.3,17.6,NA,Unknown,Water level accuracy is unknown,1,Department of Water Resources,NA,1,Department of Water Resources,400,600,19595,21N15E01K001M,21N15E01K001M,USGS quad,5 ft.,5-012.01,Sierra Valley,Sierra,600,Observation,Single Well,345387,1995-10-26 00:00:00 - 2020-04-24 12:00:00,52,spring,NA,NA,-0.7,36.72,2003,NA,2002-10-01T00:00:00Z,2003-10-01T00:00:00Z,-120.249,39.6976
396976N1202493W001,1751270,2002-03-26T00:00:00Z,4917.3,4916.6,0,16.9,4900.4,16.9,16.2,NA,Unknown,Water level accuracy is unknown,1,Department of Water Resources,NA,1,Department of Water Resources,400,600,19595,21N15E01K001M,21N15E01K001M,USGS quad,5 ft.,5-012.01,Sierra Valley,Sierra,600,Observation,Single Well,345387,1995-10-26 00:00:00 - 2020-04-24 12:00:00,52,spring,NA,NA,-0.7,36.72,2002,NA,2001-10-01T00:00:00Z,2002-10-01T00:00:00Z,-120.249,39.6976
396976N1202493W001,1751269,2001-10-18T00:00:00Z,4917.3,4916.6,0,52.5,4864.8,52.5,51.8,NA,Unknown,Water level accuracy is unknown,1,Department of Water Resources,NA,1,Department of Water Resources,400,600,19595,21N15E01K001M,21N15E01K001M,USGS quad,5 ft.,5-012.01,Sierra Valley,Sierra,600,Observation,Single Well,345387,1995-10-26 00:00:00 - 2020-04-24 12:00:00,52,fall,29.5,80.42,NA,NA,2002,NA,2001-10-01T00:00:00Z,2002-10-01T00:00:00Z,-120.249,39.6976
396976N1202493W001,1751268,2001-03-26T00:00:00Z,4917.3,4916.6,0,12,4905.3,12,11.3,NA,Unknown,Water level accuracy is unknown,1,Department of Water Resources,NA,1,Department of Water Resources,400,600,19595,21N15E01K001M,21N15E01K001M,USGS quad,5 ft.,5-012.01,Sierra Valley,Sierra,600,Observation,Single Well,345387,1995-10-26 00:00:00 - 2020-04-24 12:00:00,52,spring,NA,NA,-0.7,36.72,2001,Dry,2000-10-01T00:00:00Z,2001-10-01T00:00:00Z,-120.249,39.6976
396976N1202493W001,1751267,2000-10-19T00:00:00Z,4917.3,4916.6,0,39.3,4878,39.3,38.6,NA,Unknown,Water level accuracy is unknown,1,Department of Water Resources,NA,1,Department of Water Resources,400,600,19595,21N15E01K001M,21N15E01K001M,USGS quad,5 ft.,5-012.01,Sierra Valley,Sierra,600,Observation,Single Well,345387,1995-10-26 00:00:00 - 2020-04-24 12:00:00,52,fall,29.5,80.42,NA,NA,2001,Dry,2000-10-01T00:00:00Z,2001-10-01T00:00:00Z,-120.249,39.6976
396976N1202493W001,1751266,2000-03-26T00:00:00Z,4917.3,4916.6,0,9,4908.3,9,8.3,NA,Unknown,Water level accuracy is unknown,1,Department of Water Resources,NA,1,Department of Water Resources,400,600,19595,21N15E01K001M,21N15E01K001M,USGS quad,5 ft.,5-012.01,Sierra Valley,Sierra,600,Observation,Single Well,345387,1995-10-26 00:00:00 - 2020-04-24 12:00:00,52,spring,NA,NA,-0.7,36.72,2000,NA,1999-10-01T00:00:00Z,2000-10-01T00:00:00Z,-120.249,39.6976
396976N1202493W001,1751264,1999-10-12T00:00:00Z,4917.3,4916.6,0,47.6,4869.7,47.6,46.9,NA,Unknown,Water level accuracy is unknown,1,Department of Water Resources,NA,1,Department of Water Resources,400,600,19595,21N15E01K001M,21N15E01K001M,USGS quad,5 ft.,5-012.01,Sierra Valley,Sierra,600,Observation,Single Well,345387,1995-10-26 00:00:00 - 2020-04-24 12:00:00,52,fall,29.5,80.42,NA,NA,2000,NA,1999-10-01T00:00:00Z,2000-10-01T00:00:00Z,-120.249,39.6976
396976N1202493W001,1751265,1999-04-15T00:00:00Z,4917.3,4916.6,0,7.2,4910.1,7.2,6.5,NA,Unknown,Water level accuracy is unknown,1,Department of Water Resources,NA,1,Department of Water Resources,400,600,19595,21N15E01K001M,21N15E01K001M,USGS quad,5 ft.,5-012.01,Sierra Valley,Sierra,600,Observation,Single Well,345387,1995-10-26 00:00:00 - 2020-04-24 12:00:00,52,spring,NA,NA,-0.7,36.72,1999,NA,1998-10-01T00:00:00Z,1999-10-01T00:00:00Z,-120.249,39.6976
396976N1202493W001,1751262,1998-10-14T00:00:00Z,4917.3,4916.6,0,37,4880.3,37,36.3,NA,Unknown,Water level accuracy is unknown,1,Department of Water Resources,NA,1,Department of Water Resources,400,600,19595,21N15E01K001M,21N15E01K001M,USGS quad,5 ft.,5-012.01,Sierra Valley,Sierra,600,Observation,Single Well,345387,1995-10-26 00:00:00 - 2020-04-24 12:00:00,52,fall,29.5,80.42,NA,NA,1999,NA,1998-10-01T00:00:00Z,1999-10-01T00:00:00Z,-120.249,39.6976
396976N1202493W001,1751263,1998-05-15T00:00:00Z,4917.3,4916.6,0,0,4917.3,0,-0.7,NA,Unknown,Water level accuracy is unknown,1,Department of Water Resources,NA,1,Department of Water Resources,400,600,19595,21N15E01K001M,21N15E01K001M,USGS quad,5 ft.,5-012.01,Sierra Valley,Sierra,600,Observation,Single Well,345387,1995-10-26 00:00:00 - 2020-04-24 12:00:00,52,spring,NA,NA,-0.7,36.72,1998,NA,1997-10-01T00:00:00Z,1998-10-01T00:00:00Z,-120.249,39.6976
396976N1202493W001,1751261,1997-10-17T00:00:00Z,4917.3,4916.6,0,44.2,4873.1,44.2,43.5,NA,Unknown,Water level accuracy is unknown,1,Department of Water Resources,NA,1,Department of Water Resources,400,600,19595,21N15E01K001M,21N15E01K001M,USGS quad,5 ft.,5-012.01,Sierra Valley,Sierra,600,Observation,Single Well,345387,1995-10-26 00:00:00 - 2020-04-24 12:00:00,52,fall,29.5,80.42,NA,NA,1998,NA,1997-10-01T00:00:00Z,1998-10-01T00:00:00Z,-120.249,39.6976
396976N1202493W001,1751260,1997-04-05T00:00:00Z,4917.3,4916.6,0,9.3,4908,9.3,8.6,NA,Unknown,Water level accuracy is unknown,1,Department of Water Resources,NA,1,Department of Water Resources,400,600,19595,21N15E01K001M,21N15E01K001M,USGS quad,5 ft.,5-012.01,Sierra Valley,Sierra,600,Observation,Single Well,345387,1995-10-26 00:00:00 - 2020-04-24 12:00:00,52,spring,NA,NA,-0.7,36.72,1997,NA,1996-10-01T00:00:00Z,1997-10-01T00:00:00Z,-120.249,39.6976
396976N1202493W001,1751257,1996-10-30T00:00:00Z,4917.3,4916.6,0,30.2,4887.1,30.2,29.5,NA,Unknown,Water level accuracy is unknown,1,Department of Water Resources,NA,1,Department of Water Resources,400,600,19595,21N15E01K001M,21N15E01K001M,USGS quad,5 ft.,5-012.01,Sierra Valley,Sierra,600,Observation,Single Well,345387,1995-10-26 00:00:00 - 2020-04-24 12:00:00,52,fall,29.5,80.42,NA,NA,1997,NA,1996-10-01T00:00:00Z,1997-10-01T00:00:00Z,-120.249,39.6976
396976N1202493W001,1751259,1996-05-08T00:00:00Z,4917.3,4916.6,0,10.3,4907,10.3,9.6,NA,Unknown,Water level accuracy is unknown,1,Department of Water Resources,NA,1,Department of Water Resources,400,600,19595,21N15E01K001M,21N15E01K001M,USGS quad,5 ft.,5-012.01,Sierra Valley,Sierra,600,Observation,Single Well,345387,1995-10-26 00:00:00 - 2020-04-24 12:00:00,52,spring,NA,NA,-0.7,36.72,1996,NA,1995-10-01T00:00:00Z,1996-10-01T00:00:00Z,-120.249,39.6976
396976N1202493W001,1751258,1995-10-26T00:00:00Z,4917.3,4916.6,0,37.9,4879.4,37.9,37.2,NA,Unknown,Water level accuracy is unknown,1,Department of Water Resources,NA,1,Department of Water Resources,400,600,19595,21N15E01K001M,21N15E01K001M,USGS quad,5 ft.,5-012.01,Sierra Valley,Sierra,600,Observation,Single Well,345387,1995-10-26 00:00:00 - 2020-04-24 12:00:00,52,fall,29.5,80.42,NA,NA,1996,NA,1995-10-01T00:00:00Z,1996-10-01T00:00:00Z,-120.249,39.6976
