SITE_CODE,WLM_ID,MSMT_DATE,WLM_RPE,WLM_GSE,RDNG_WS,RDNG_RP,WSE,RPE_WSE,GSE_WSE,WLM_QA_DESC,WLM_DESC,WLM_ACC_DESC,WLM_ORG_ID,WLM_ORG_NAME,MSMT_CMT,COOP_AGENCY_ORG_ID,COOP_ORG_NAME,TOP_PRF,BOT_PRF,STN_ID,SWN,WELL_NAME,WLM_METHOD,WLM_ACC,BASIN_CODE,BASIN_NAME,COUNTY_NAME,WELL_DEPTH,WELL_USE,WELL_TYPE,WCR_NO,t_range,n_samples,season,fall_high,fall_low,spring_high,spring_low,water_year,water_year_type,water_year_start,water_year_end,X,Y
397011N1202223W001,2493702,2019-10-23T12:00:00Z,4954.7,4953.7,7.1,70,4891.8,62.9,61.9,NA,Steel tape measurement,Water level accuracy to nearest tenth of a foot,1,Department of Water Resources,NA,1,Department of Water Resources,NA,NA,20071,21N16E06H003M,21N16E06H003M,Unknown,Unknown,5-012.01,Sierra Valley,Sierra,156,Residential,Single Well,11554,1980-04-16 00:00:00 - 2020-04-24 12:00:00,86,fall,43.8,77.5,NA,NA,2020,Dry,2019-10-01T00:00:00Z,2020-10-01T00:00:00Z,-120.222,39.7011
397011N1202223W001,2454939,2019-04-10T12:00:00Z,4954.7,4953.7,8.5,60,4903.2,51.5,50.5,NA,Steel tape measurement,Water level accuracy to nearest tenth of a foot,1,Department of Water Resources,NA,1,Department of Water Resources,NA,NA,20071,21N16E06H003M,21N16E06H003M,Unknown,Unknown,5-012.01,Sierra Valley,Sierra,156,Residential,Single Well,11554,1980-04-16 00:00:00 - 2020-04-24 12:00:00,86,spring,NA,NA,33.5,61.1,2019,Wet,2018-10-01T00:00:00Z,2019-10-01T00:00:00Z,-120.222,39.7011
397011N1202223W001,2415007,2018-10-25T12:00:00Z,4954.7,4953.7,8.2,70,4892.9,61.8,60.8,NA,Steel tape measurement,Water level accuracy to nearest tenth of a foot,1,Department of Water Resources,NA,1,Department of Water Resources,NA,NA,20071,21N16E06H003M,21N16E06H003M,Unknown,Unknown,5-012.01,Sierra Valley,Sierra,156,Residential,Single Well,11554,1980-04-16 00:00:00 - 2020-04-24 12:00:00,86,fall,43.8,77.5,NA,NA,2019,Wet,2018-10-01T00:00:00Z,2019-10-01T00:00:00Z,-120.222,39.7011
397011N1202223W001,2285946,2018-04-02T12:00:00Z,4954.7,4953.7,9.8,65,4899.5,55.2,54.2,NA,Steel tape measurement,Water level accuracy to nearest tenth of a foot,1,Department of Water Resources,NA,1,Department of Water Resources,NA,NA,20071,21N16E06H003M,21N16E06H003M,Unknown,Unknown,5-012.01,Sierra Valley,Sierra,156,Residential,Single Well,11554,1980-04-16 00:00:00 - 2020-04-24 12:00:00,86,spring,NA,NA,33.5,61.1,2018,NA,2017-10-01T00:00:00Z,2018-10-01T00:00:00Z,-120.222,39.7011
397011N1202223W001,2267986,2017-10-16T00:00:00Z,4954.7,4953.7,15,80,4889.7,65,64,NA,Steel tape measurement,Water level accuracy to nearest tenth of a foot,1,Department of Water Resources,NA,1,Department of Water Resources,NA,NA,20071,21N16E06H003M,21N16E06H003M,Unknown,Unknown,5-012.01,Sierra Valley,Sierra,156,Residential,Single Well,11554,1980-04-16 00:00:00 - 2020-04-24 12:00:00,86,fall,43.8,77.5,NA,NA,2018,NA,2017-10-01T00:00:00Z,2018-10-01T00:00:00Z,-120.222,39.7011
397011N1202223W001,2244274,2017-04-03T00:00:00Z,4954.7,4953.7,10.1,70,4894.8,59.9,58.9,NA,Steel tape measurement,Water level accuracy to nearest tenth of a foot,1,Department of Water Resources,NA,1,Department of Water Resources,NA,NA,20071,21N16E06H003M,21N16E06H003M,Unknown,Unknown,5-012.01,Sierra Valley,Sierra,156,Residential,Single Well,11554,1980-04-16 00:00:00 - 2020-04-24 12:00:00,86,spring,NA,NA,33.5,61.1,2017,Wet,2016-10-01T00:00:00Z,2017-10-01T00:00:00Z,-120.222,39.7011
397011N1202223W001,2214104,2016-10-24T00:00:00Z,4954.7,4953.7,9.9,80,4884.6,70.1,69.1,NA,Steel tape measurement,Water level accuracy to nearest tenth of a foot,1,Department of Water Resources,NA,1,Department of Water Resources,NA,NA,20071,21N16E06H003M,21N16E06H003M,Unknown,Unknown,5-012.01,Sierra Valley,Sierra,156,Residential,Single Well,11554,1980-04-16 00:00:00 - 2020-04-24 12:00:00,86,fall,43.8,77.5,NA,NA,2017,Wet,2016-10-01T00:00:00Z,2017-10-01T00:00:00Z,-120.222,39.7011
397011N1202223W001,2184570,2016-03-21T00:00:00Z,4954.7,4953.7,7.9,70,4892.6,62.1,61.1,NA,Steel tape measurement,Water level accuracy to nearest tenth of a foot,1,Department of Water Resources,NA,1,Department of Water Resources,NA,NA,20071,21N16E06H003M,21N16E06H003M,Unknown,Unknown,5-012.01,Sierra Valley,Sierra,156,Residential,Single Well,11554,1980-04-16 00:00:00 - 2020-04-24 12:00:00,86,spring,NA,NA,33.5,61.1,2016,NA,2015-10-01T00:00:00Z,2016-10-01T00:00:00Z,-120.222,39.7011
397011N1202223W001,2157044,2015-10-19T00:00:00Z,4954.7,4953.7,19,90,4883.7,71,70,NA,Steel tape measurement,Water level accuracy to nearest tenth of a foot,1,Department of Water Resources,NA,1,Department of Water Resources,NA,NA,20071,21N16E06H003M,21N16E06H003M,Unknown,Unknown,5-012.01,Sierra Valley,Sierra,156,Residential,Single Well,11554,1980-04-16 00:00:00 - 2020-04-24 12:00:00,86,fall,43.8,77.5,NA,NA,2016,NA,2015-10-01T00:00:00Z,2016-10-01T00:00:00Z,-120.222,39.7011
397011N1202223W001,2175938,2015-03-23T00:00:00Z,4954.7,4953.7,20.3,80,4895,59.7,58.7,NA,Steel tape measurement,Water level accuracy to nearest tenth of a foot,1,Department of Water Resources,NA,1,Department of Water Resources,NA,NA,20071,21N16E06H003M,21N16E06H003M,Unknown,Unknown,5-012.01,Sierra Valley,Sierra,156,Residential,Single Well,11554,1980-04-16 00:00:00 - 2020-04-24 12:00:00,86,spring,NA,NA,33.5,61.1,2015,NA,2014-10-01T00:00:00Z,2015-10-01T00:00:00Z,-120.222,39.7011
397011N1202223W001,2020271,2014-10-20T18:00:00Z,4954.7,4953.7,1.5,80,4876.2,78.5,77.5,Pumped recently,Steel tape measurement,Water level accuracy to nearest tenth of a foot,1,Department of Water Resources,NA,1,Department of Water Resources,NA,NA,20071,21N16E06H003M,21N16E06H003M,Unknown,Unknown,5-012.01,Sierra Valley,Sierra,156,Residential,Single Well,11554,1980-04-16 00:00:00 - 2020-04-24 12:00:00,86,fall,43.8,77.5,NA,NA,2015,NA,2014-10-01T00:00:00Z,2015-10-01T00:00:00Z,-120.222,39.7011
397011N1202223W001,1880754,2014-03-14T00:00:00Z,4954.7,4953.7,8.8,70,4893.5,61.2,60.2,NA,Steel tape measurement,Water level accuracy to nearest tenth of a foot,1,Department of Water Resources,NA,1,Department of Water Resources,NA,NA,20071,21N16E06H003M,21N16E06H003M,Unknown,Unknown,5-012.01,Sierra Valley,Sierra,156,Residential,Single Well,11554,1980-04-16 00:00:00 - 2020-04-24 12:00:00,86,spring,NA,NA,33.5,61.1,2014,NA,2013-10-01T00:00:00Z,2014-10-01T00:00:00Z,-120.222,39.7011
397011N1202223W001,1797096,2013-10-21T00:00:00Z,4954.7,4953.7,0,70,4884.7,70,69,NA,Steel tape measurement,Water level accuracy to nearest tenth of a foot,1,Department of Water Resources,NA,1,Department of Water Resources,NA,NA,20071,21N16E06H003M,21N16E06H003M,Unknown,Unknown,5-012.01,Sierra Valley,Sierra,156,Residential,Single Well,11554,1980-04-16 00:00:00 - 2020-04-24 12:00:00,86,fall,43.8,77.5,NA,NA,2014,NA,2013-10-01T00:00:00Z,2014-10-01T00:00:00Z,-120.222,39.7011
397011N1202223W001,1684415,2013-03-25T00:00:00Z,4954.66,4953.66,8.5,60,4903.16,51.5,50.5,NA,Steel tape measurement,Water level accuracy to nearest tenth of a foot,1,Department of Water Resources,NA,1,Department of Water Resources,NA,NA,20071,21N16E06H003M,21N16E06H003M,Unknown,Unknown,5-012.01,Sierra Valley,Sierra,156,Residential,Single Well,11554,1980-04-16 00:00:00 - 2020-04-24 12:00:00,86,spring,NA,NA,33.5,61.1,2013,Dry,2012-10-01T00:00:00Z,2013-10-01T00:00:00Z,-120.222,39.7011
397011N1202223W001,69356,2012-10-30T00:00:00Z,4954.66,4953.66,3.5,65,4893.16,61.5,60.5,NA,Steel tape measurement,Water level accuracy to nearest tenth of a foot,1,Department of Water Resources,NA,1,Department of Water Resources,NA,NA,20071,21N16E06H003M,21N16E06H003M,Unknown,Unknown,5-012.01,Sierra Valley,Sierra,156,Residential,Single Well,11554,1980-04-16 00:00:00 - 2020-04-24 12:00:00,86,fall,43.8,77.5,NA,NA,2013,Dry,2012-10-01T00:00:00Z,2013-10-01T00:00:00Z,-120.222,39.7011
397011N1202223W001,59938,2012-04-17T00:00:00Z,4954.66,4953.66,11.5,60,4906.16,48.5,47.5,NA,Steel tape measurement,Water level accuracy to nearest tenth of a foot,1,Department of Water Resources,NA,1,Department of Water Resources,NA,NA,20071,21N16E06H003M,21N16E06H003M,Unknown,Unknown,5-012.01,Sierra Valley,Sierra,156,Residential,Single Well,11554,1980-04-16 00:00:00 - 2020-04-24 12:00:00,86,spring,NA,NA,33.5,61.1,2012,NA,2011-10-01T00:00:00Z,2012-10-01T00:00:00Z,-120.222,39.7011
397011N1202223W001,39786,2011-10-18T00:00:00Z,4954.66,4953.66,0,59.7,4894.96,59.7,58.7,NA,Steel tape measurement,Water level accuracy to nearest tenth of a foot,1,Department of Water Resources,NA,1,Department of Water Resources,NA,NA,20071,21N16E06H003M,21N16E06H003M,Unknown,Unknown,5-012.01,Sierra Valley,Sierra,156,Residential,Single Well,11554,1980-04-16 00:00:00 - 2020-04-24 12:00:00,86,fall,43.8,77.5,NA,NA,2012,NA,2011-10-01T00:00:00Z,2012-10-01T00:00:00Z,-120.222,39.7011
397011N1202223W001,1751589,2011-10-18T00:00:00Z,4954.7,4953.7,0,59.7,4895,59.7,58.7,NA,Unknown,Water level accuracy is unknown,1,Department of Water Resources,NA,1,Department of Water Resources,NA,NA,20071,21N16E06H003M,21N16E06H003M,Unknown,Unknown,5-012.01,Sierra Valley,Sierra,156,Residential,Single Well,11554,1980-04-16 00:00:00 - 2020-04-24 12:00:00,86,fall,43.8,77.5,NA,NA,2012,NA,2011-10-01T00:00:00Z,2012-10-01T00:00:00Z,-120.222,39.7011
397011N1202223W001,1751588,2011-04-25T00:00:00Z,4954.7,4953.7,0,48,4906.7,48,47,NA,Unknown,Water level accuracy is unknown,1,Department of Water Resources,NA,1,Department of Water Resources,NA,NA,20071,21N16E06H003M,21N16E06H003M,Unknown,Unknown,5-012.01,Sierra Valley,Sierra,156,Residential,Single Well,11554,1980-04-16 00:00:00 - 2020-04-24 12:00:00,86,spring,NA,NA,33.5,61.1,2011,Wet,2010-10-01T00:00:00Z,2011-10-01T00:00:00Z,-120.222,39.7011
397011N1202223W001,1751587,2010-10-25T00:00:00Z,4954.7,4953.7,0,60.2,4894.5,60.2,59.2,Pumped recently,Unknown,Water level accuracy is unknown,1,Department of Water Resources,NA,1,Department of Water Resources,NA,NA,20071,21N16E06H003M,21N16E06H003M,Unknown,Unknown,5-012.01,Sierra Valley,Sierra,156,Residential,Single Well,11554,1980-04-16 00:00:00 - 2020-04-24 12:00:00,86,fall,43.8,77.5,NA,NA,2011,Wet,2010-10-01T00:00:00Z,2011-10-01T00:00:00Z,-120.222,39.7011
397011N1202223W001,1751586,2010-04-06T00:00:00Z,4954.7,4953.7,0,50.1,4904.6,50.1,49.1,Pumped recently,Unknown,Water level accuracy is unknown,1,Department of Water Resources,NA,1,Department of Water Resources,NA,NA,20071,21N16E06H003M,21N16E06H003M,Unknown,Unknown,5-012.01,Sierra Valley,Sierra,156,Residential,Single Well,11554,1980-04-16 00:00:00 - 2020-04-24 12:00:00,86,spring,NA,NA,33.5,61.1,2010,NA,2009-10-01T00:00:00Z,2010-10-01T00:00:00Z,-120.222,39.7011
397011N1202223W001,1751585,2009-10-28T00:00:00Z,4954.7,4953.7,0,53,4901.7,53,52,NA,Unknown,Water level accuracy is unknown,1,Department of Water Resources,NA,1,Department of Water Resources,NA,NA,20071,21N16E06H003M,21N16E06H003M,Unknown,Unknown,5-012.01,Sierra Valley,Sierra,156,Residential,Single Well,11554,1980-04-16 00:00:00 - 2020-04-24 12:00:00,86,fall,43.8,77.5,NA,NA,2010,NA,2009-10-01T00:00:00Z,2010-10-01T00:00:00Z,-120.222,39.7011
397011N1202223W001,1751584,2009-04-14T00:00:00Z,4954.7,4953.7,0,48.1,4906.6,48.1,47.1,NA,Unknown,Water level accuracy is unknown,1,Department of Water Resources,NA,1,Department of Water Resources,NA,NA,20071,21N16E06H003M,21N16E06H003M,Unknown,Unknown,5-012.01,Sierra Valley,Sierra,156,Residential,Single Well,11554,1980-04-16 00:00:00 - 2020-04-24 12:00:00,86,spring,NA,NA,33.5,61.1,2009,NA,2008-10-01T00:00:00Z,2009-10-01T00:00:00Z,-120.222,39.7011
397011N1202223W001,1751583,2008-10-28T00:00:00Z,4954.7,4953.7,0,56,4898.7,56,55,Pumping,Unknown,Water level accuracy is unknown,1,Department of Water Resources,NA,1,Department of Water Resources,NA,NA,20071,21N16E06H003M,21N16E06H003M,Unknown,Unknown,5-012.01,Sierra Valley,Sierra,156,Residential,Single Well,11554,1980-04-16 00:00:00 - 2020-04-24 12:00:00,86,fall,43.8,77.5,NA,NA,2009,NA,2008-10-01T00:00:00Z,2009-10-01T00:00:00Z,-120.222,39.7011
397011N1202223W001,1751581,2008-04-09T00:00:00Z,4954.7,4953.7,0,50,4904.7,50,49,Pumping,Unknown,Water level accuracy is unknown,1,Department of Water Resources,NA,1,Department of Water Resources,NA,NA,20071,21N16E06H003M,21N16E06H003M,Unknown,Unknown,5-012.01,Sierra Valley,Sierra,156,Residential,Single Well,11554,1980-04-16 00:00:00 - 2020-04-24 12:00:00,86,spring,NA,NA,33.5,61.1,2008,NA,2007-10-01T00:00:00Z,2008-10-01T00:00:00Z,-120.222,39.7011
397011N1202223W001,1751582,2007-10-25T00:00:00Z,4954.7,4953.7,0,53.7,4901,53.7,52.7,NA,Unknown,Water level accuracy is unknown,1,Department of Water Resources,NA,1,Department of Water Resources,NA,NA,20071,21N16E06H003M,21N16E06H003M,Unknown,Unknown,5-012.01,Sierra Valley,Sierra,156,Residential,Single Well,11554,1980-04-16 00:00:00 - 2020-04-24 12:00:00,86,fall,43.8,77.5,NA,NA,2008,NA,2007-10-01T00:00:00Z,2008-10-01T00:00:00Z,-120.222,39.7011
397011N1202223W001,1751580,2007-04-10T00:00:00Z,4954.7,4953.7,0,46.8,4907.9,46.8,45.8,Pumping,Unknown,Water level accuracy is unknown,1,Department of Water Resources,NA,1,Department of Water Resources,NA,NA,20071,21N16E06H003M,21N16E06H003M,Unknown,Unknown,5-012.01,Sierra Valley,Sierra,156,Residential,Single Well,11554,1980-04-16 00:00:00 - 2020-04-24 12:00:00,86,spring,NA,NA,33.5,61.1,2007,Dry,2006-10-01T00:00:00Z,2007-10-01T00:00:00Z,-120.222,39.7011
397011N1202223W001,1751579,2006-10-17T00:00:00Z,4954.7,4953.7,0,50.3,4904.4,50.3,49.3,Pumped recently,Unknown,Water level accuracy is unknown,1,Department of Water Resources,NA,1,Department of Water Resources,NA,NA,20071,21N16E06H003M,21N16E06H003M,Unknown,Unknown,5-012.01,Sierra Valley,Sierra,156,Residential,Single Well,11554,1980-04-16 00:00:00 - 2020-04-24 12:00:00,86,fall,43.8,77.5,NA,NA,2007,Dry,2006-10-01T00:00:00Z,2007-10-01T00:00:00Z,-120.222,39.7011
397011N1202223W001,1751578,2006-04-18T00:00:00Z,4954.7,4953.7,0,43.2,4911.5,43.2,42.2,NA,Unknown,Water level accuracy is unknown,1,Department of Water Resources,NA,1,Department of Water Resources,NA,NA,20071,21N16E06H003M,21N16E06H003M,Unknown,Unknown,5-012.01,Sierra Valley,Sierra,156,Residential,Single Well,11554,1980-04-16 00:00:00 - 2020-04-24 12:00:00,86,spring,NA,NA,33.5,61.1,2006,Wet,2005-10-01T00:00:00Z,2006-10-01T00:00:00Z,-120.222,39.7011
397011N1202223W001,1751577,2005-10-27T00:00:00Z,4954.7,4953.7,0,52,4902.7,52,51,NA,Unknown,Water level accuracy is unknown,1,Department of Water Resources,NA,1,Department of Water Resources,NA,NA,20071,21N16E06H003M,21N16E06H003M,Unknown,Unknown,5-012.01,Sierra Valley,Sierra,156,Residential,Single Well,11554,1980-04-16 00:00:00 - 2020-04-24 12:00:00,86,fall,43.8,77.5,NA,NA,2006,Wet,2005-10-01T00:00:00Z,2006-10-01T00:00:00Z,-120.222,39.7011
397011N1202223W001,1751576,2005-04-05T00:00:00Z,4954.7,4953.7,0,49.5,4905.2,49.5,48.5,NA,Unknown,Water level accuracy is unknown,1,Department of Water Resources,NA,1,Department of Water Resources,NA,NA,20071,21N16E06H003M,21N16E06H003M,Unknown,Unknown,5-012.01,Sierra Valley,Sierra,156,Residential,Single Well,11554,1980-04-16 00:00:00 - 2020-04-24 12:00:00,86,spring,NA,NA,33.5,61.1,2005,NA,2004-10-01T00:00:00Z,2005-10-01T00:00:00Z,-120.222,39.7011
397011N1202223W001,1751575,2004-10-14T00:00:00Z,4954.7,4953.7,0,58,4896.7,58,57,NA,Unknown,Water level accuracy is unknown,1,Department of Water Resources,NA,1,Department of Water Resources,NA,NA,20071,21N16E06H003M,21N16E06H003M,Unknown,Unknown,5-012.01,Sierra Valley,Sierra,156,Residential,Single Well,11554,1980-04-16 00:00:00 - 2020-04-24 12:00:00,86,fall,43.8,77.5,NA,NA,2005,NA,2004-10-01T00:00:00Z,2005-10-01T00:00:00Z,-120.222,39.7011
397011N1202223W001,1751574,2004-04-07T00:00:00Z,4954.7,4953.7,0,45.4,4909.3,45.4,44.4,NA,Unknown,Water level accuracy is unknown,1,Department of Water Resources,NA,1,Department of Water Resources,NA,NA,20071,21N16E06H003M,21N16E06H003M,Unknown,Unknown,5-012.01,Sierra Valley,Sierra,156,Residential,Single Well,11554,1980-04-16 00:00:00 - 2020-04-24 12:00:00,86,spring,NA,NA,33.5,61.1,2004,NA,2003-10-01T00:00:00Z,2004-10-01T00:00:00Z,-120.222,39.7011
397011N1202223W001,1751573,2003-10-29T00:00:00Z,4954.7,4953.7,0,55.6,4899.1,55.6,54.6,NA,Unknown,Water level accuracy is unknown,1,Department of Water Resources,NA,1,Department of Water Resources,NA,NA,20071,21N16E06H003M,21N16E06H003M,Unknown,Unknown,5-012.01,Sierra Valley,Sierra,156,Residential,Single Well,11554,1980-04-16 00:00:00 - 2020-04-24 12:00:00,86,fall,43.8,77.5,NA,NA,2004,NA,2003-10-01T00:00:00Z,2004-10-01T00:00:00Z,-120.222,39.7011
397011N1202223W001,1751571,2002-10-24T00:00:00Z,4954.7,4953.7,0,53.7,4901,53.7,52.7,NA,Unknown,Water level accuracy is unknown,1,Department of Water Resources,NA,1,Department of Water Resources,NA,NA,20071,21N16E06H003M,21N16E06H003M,Unknown,Unknown,5-012.01,Sierra Valley,Sierra,156,Residential,Single Well,11554,1980-04-16 00:00:00 - 2020-04-24 12:00:00,86,fall,43.8,77.5,NA,NA,2003,NA,2002-10-01T00:00:00Z,2003-10-01T00:00:00Z,-120.222,39.7011
397011N1202223W001,1751570,2002-03-27T00:00:00Z,4954.7,4953.7,0,42.6,4912.1,42.6,41.6,NA,Unknown,Water level accuracy is unknown,1,Department of Water Resources,NA,1,Department of Water Resources,NA,NA,20071,21N16E06H003M,21N16E06H003M,Unknown,Unknown,5-012.01,Sierra Valley,Sierra,156,Residential,Single Well,11554,1980-04-16 00:00:00 - 2020-04-24 12:00:00,86,spring,NA,NA,33.5,61.1,2002,NA,2001-10-01T00:00:00Z,2002-10-01T00:00:00Z,-120.222,39.7011
397011N1202223W001,1751569,2002-03-26T00:00:00Z,4954.7,4953.7,0,42.6,4912.1,42.6,41.6,NA,Unknown,Water level accuracy is unknown,1,Department of Water Resources,NA,1,Department of Water Resources,NA,NA,20071,21N16E06H003M,21N16E06H003M,Unknown,Unknown,5-012.01,Sierra Valley,Sierra,156,Residential,Single Well,11554,1980-04-16 00:00:00 - 2020-04-24 12:00:00,86,spring,NA,NA,33.5,61.1,2002,NA,2001-10-01T00:00:00Z,2002-10-01T00:00:00Z,-120.222,39.7011
397011N1202223W001,1751568,2001-10-18T00:00:00Z,4954.7,4953.7,0,51.9,4902.8,51.9,50.9,NA,Unknown,Water level accuracy is unknown,1,Department of Water Resources,NA,1,Department of Water Resources,NA,NA,20071,21N16E06H003M,21N16E06H003M,Unknown,Unknown,5-012.01,Sierra Valley,Sierra,156,Residential,Single Well,11554,1980-04-16 00:00:00 - 2020-04-24 12:00:00,86,fall,43.8,77.5,NA,NA,2002,NA,2001-10-01T00:00:00Z,2002-10-01T00:00:00Z,-120.222,39.7011
397011N1202223W001,1751567,2001-03-26T00:00:00Z,4954.7,4953.7,0,38.3,4916.4,38.3,37.3,NA,Unknown,Water level accuracy is unknown,1,Department of Water Resources,NA,1,Department of Water Resources,NA,NA,20071,21N16E06H003M,21N16E06H003M,Unknown,Unknown,5-012.01,Sierra Valley,Sierra,156,Residential,Single Well,11554,1980-04-16 00:00:00 - 2020-04-24 12:00:00,86,spring,NA,NA,33.5,61.1,2001,Dry,2000-10-01T00:00:00Z,2001-10-01T00:00:00Z,-120.222,39.7011
397011N1202223W001,1751566,2000-10-18T00:00:00Z,4954.7,4953.7,0,47.1,4907.6,47.1,46.1,NA,Unknown,Water level accuracy is unknown,1,Department of Water Resources,NA,1,Department of Water Resources,NA,NA,20071,21N16E06H003M,21N16E06H003M,Unknown,Unknown,5-012.01,Sierra Valley,Sierra,156,Residential,Single Well,11554,1980-04-16 00:00:00 - 2020-04-24 12:00:00,86,fall,43.8,77.5,NA,NA,2001,Dry,2000-10-01T00:00:00Z,2001-10-01T00:00:00Z,-120.222,39.7011
397011N1202223W001,1751565,2000-03-26T00:00:00Z,4954.7,4953.7,0,36.9,4917.8,36.9,35.9,NA,Unknown,Water level accuracy is unknown,1,Department of Water Resources,NA,1,Department of Water Resources,NA,NA,20071,21N16E06H003M,21N16E06H003M,Unknown,Unknown,5-012.01,Sierra Valley,Sierra,156,Residential,Single Well,11554,1980-04-16 00:00:00 - 2020-04-24 12:00:00,86,spring,NA,NA,33.5,61.1,2000,NA,1999-10-01T00:00:00Z,2000-10-01T00:00:00Z,-120.222,39.7011
397011N1202223W001,1751563,1999-10-13T00:00:00Z,4954.7,4953.7,0,54.4,4900.3,54.4,53.4,Pumped recently,Unknown,Water level accuracy is unknown,1,Department of Water Resources,NA,1,Department of Water Resources,NA,NA,20071,21N16E06H003M,21N16E06H003M,Unknown,Unknown,5-012.01,Sierra Valley,Sierra,156,Residential,Single Well,11554,1980-04-16 00:00:00 - 2020-04-24 12:00:00,86,fall,43.8,77.5,NA,NA,2000,NA,1999-10-01T00:00:00Z,2000-10-01T00:00:00Z,-120.222,39.7011
397011N1202223W001,1751564,1999-04-15T00:00:00Z,4954.7,4953.7,0,37,4917.7,37,36,NA,Unknown,Water level accuracy is unknown,1,Department of Water Resources,NA,1,Department of Water Resources,NA,NA,20071,21N16E06H003M,21N16E06H003M,Unknown,Unknown,5-012.01,Sierra Valley,Sierra,156,Residential,Single Well,11554,1980-04-16 00:00:00 - 2020-04-24 12:00:00,86,spring,NA,NA,33.5,61.1,1999,NA,1998-10-01T00:00:00Z,1999-10-01T00:00:00Z,-120.222,39.7011
397011N1202223W001,1751562,1998-10-14T00:00:00Z,4954.7,4953.7,0,44.8,4909.9,44.8,43.8,NA,Unknown,Water level accuracy is unknown,1,Department of Water Resources,NA,1,Department of Water Resources,NA,NA,20071,21N16E06H003M,21N16E06H003M,Unknown,Unknown,5-012.01,Sierra Valley,Sierra,156,Residential,Single Well,11554,1980-04-16 00:00:00 - 2020-04-24 12:00:00,86,fall,43.8,77.5,NA,NA,1999,NA,1998-10-01T00:00:00Z,1999-10-01T00:00:00Z,-120.222,39.7011
397011N1202223W001,1751561,1998-05-15T00:00:00Z,4954.7,4953.7,0,39.1,4915.6,39.1,38.1,NA,Unknown,Water level accuracy is unknown,1,Department of Water Resources,NA,1,Department of Water Resources,NA,NA,20071,21N16E06H003M,21N16E06H003M,Unknown,Unknown,5-012.01,Sierra Valley,Sierra,156,Residential,Single Well,11554,1980-04-16 00:00:00 - 2020-04-24 12:00:00,86,spring,NA,NA,33.5,61.1,1998,NA,1997-10-01T00:00:00Z,1998-10-01T00:00:00Z,-120.222,39.7011
397011N1202223W001,1751560,1997-10-16T00:00:00Z,4954.7,4953.7,0,49.9,4904.8,49.9,48.9,NA,Unknown,Water level accuracy is unknown,1,Department of Water Resources,NA,1,Department of Water Resources,NA,NA,20071,21N16E06H003M,21N16E06H003M,Unknown,Unknown,5-012.01,Sierra Valley,Sierra,156,Residential,Single Well,11554,1980-04-16 00:00:00 - 2020-04-24 12:00:00,86,fall,43.8,77.5,NA,NA,1998,NA,1997-10-01T00:00:00Z,1998-10-01T00:00:00Z,-120.222,39.7011
397011N1202223W001,1751559,1997-04-04T00:00:00Z,4954.7,4953.7,0,42.1,4912.6,42.1,41.1,NA,Unknown,Water level accuracy is unknown,1,Department of Water Resources,NA,1,Department of Water Resources,NA,NA,20071,21N16E06H003M,21N16E06H003M,Unknown,Unknown,5-012.01,Sierra Valley,Sierra,156,Residential,Single Well,11554,1980-04-16 00:00:00 - 2020-04-24 12:00:00,86,spring,NA,NA,33.5,61.1,1997,NA,1996-10-01T00:00:00Z,1997-10-01T00:00:00Z,-120.222,39.7011
397011N1202223W001,1751522,1996-10-30T00:00:00Z,4954.7,4953.7,0,54.3,4900.4,54.3,53.3,NA,Unknown,Water level accuracy is unknown,1,Department of Water Resources,NA,1,Department of Water Resources,NA,NA,20071,21N16E06H003M,21N16E06H003M,Unknown,Unknown,5-012.01,Sierra Valley,Sierra,156,Residential,Single Well,11554,1980-04-16 00:00:00 - 2020-04-24 12:00:00,86,fall,43.8,77.5,NA,NA,1997,NA,1996-10-01T00:00:00Z,1997-10-01T00:00:00Z,-120.222,39.7011
397011N1202223W001,1751558,1996-05-07T00:00:00Z,4954.7,4953.7,0,46.8,4907.9,46.8,45.8,NA,Unknown,Water level accuracy is unknown,1,Department of Water Resources,NA,1,Department of Water Resources,NA,NA,20071,21N16E06H003M,21N16E06H003M,Unknown,Unknown,5-012.01,Sierra Valley,Sierra,156,Residential,Single Well,11554,1980-04-16 00:00:00 - 2020-04-24 12:00:00,86,spring,NA,NA,33.5,61.1,1996,NA,1995-10-01T00:00:00Z,1996-10-01T00:00:00Z,-120.222,39.7011
397011N1202223W001,1751557,1995-10-25T00:00:00Z,4954.7,4953.7,0,57.1,4897.6,57.1,56.1,NA,Unknown,Water level accuracy is unknown,1,Department of Water Resources,NA,1,Department of Water Resources,NA,NA,20071,21N16E06H003M,21N16E06H003M,Unknown,Unknown,5-012.01,Sierra Valley,Sierra,156,Residential,Single Well,11554,1980-04-16 00:00:00 - 2020-04-24 12:00:00,86,fall,43.8,77.5,NA,NA,1996,NA,1995-10-01T00:00:00Z,1996-10-01T00:00:00Z,-120.222,39.7011
397011N1202223W001,1751556,1995-06-01T00:00:00Z,4954.7,4953.7,0,51.4,4903.3,51.4,50.4,NA,Unknown,Water level accuracy is unknown,1,Department of Water Resources,NA,1,Department of Water Resources,NA,NA,20071,21N16E06H003M,21N16E06H003M,Unknown,Unknown,5-012.01,Sierra Valley,Sierra,156,Residential,Single Well,11554,1980-04-16 00:00:00 - 2020-04-24 12:00:00,86,other,NA,NA,NA,NA,1995,Wet,1994-10-01T00:00:00Z,1995-10-01T00:00:00Z,-120.222,39.7011
397011N1202223W001,1751555,1994-10-28T00:00:00Z,4954.7,4953.7,0,65.2,4889.5,65.2,64.2,NA,Unknown,Water level accuracy is unknown,1,Department of Water Resources,NA,1,Department of Water Resources,NA,NA,20071,21N16E06H003M,21N16E06H003M,Unknown,Unknown,5-012.01,Sierra Valley,Sierra,156,Residential,Single Well,11554,1980-04-16 00:00:00 - 2020-04-24 12:00:00,86,fall,43.8,77.5,NA,NA,1995,Wet,1994-10-01T00:00:00Z,1995-10-01T00:00:00Z,-120.222,39.7011
397011N1202223W001,1751554,1994-03-29T00:00:00Z,4954.7,4953.7,0,52.4,4902.3,52.4,51.4,NA,Unknown,Water level accuracy is unknown,1,Department of Water Resources,NA,1,Department of Water Resources,NA,NA,20071,21N16E06H003M,21N16E06H003M,Unknown,Unknown,5-012.01,Sierra Valley,Sierra,156,Residential,Single Well,11554,1980-04-16 00:00:00 - 2020-04-24 12:00:00,86,spring,NA,NA,33.5,61.1,1994,Dry,1993-10-01T00:00:00Z,1994-10-01T00:00:00Z,-120.222,39.7011
397011N1202223W001,1751553,1993-10-21T00:00:00Z,4954.7,4953.7,0,61.8,4892.9,61.8,60.8,NA,Unknown,Water level accuracy is unknown,1,Department of Water Resources,NA,1,Department of Water Resources,NA,NA,20071,21N16E06H003M,21N16E06H003M,Unknown,Unknown,5-012.01,Sierra Valley,Sierra,156,Residential,Single Well,11554,1980-04-16 00:00:00 - 2020-04-24 12:00:00,86,fall,43.8,77.5,NA,NA,1994,Dry,1993-10-01T00:00:00Z,1994-10-01T00:00:00Z,-120.222,39.7011
397011N1202223W001,1751552,1993-04-21T00:00:00Z,4954.7,4953.7,0,54,4900.7,54,53,Pumped recently,Unknown,Water level accuracy is unknown,1,Department of Water Resources,NA,1,Department of Water Resources,NA,NA,20071,21N16E06H003M,21N16E06H003M,Unknown,Unknown,5-012.01,Sierra Valley,Sierra,156,Residential,Single Well,11554,1980-04-16 00:00:00 - 2020-04-24 12:00:00,86,spring,NA,NA,33.5,61.1,1993,NA,1992-10-01T00:00:00Z,1993-10-01T00:00:00Z,-120.222,39.7011
397011N1202223W001,1751551,1992-10-22T00:00:00Z,4954.7,4953.7,0,65.1,4889.6,65.1,64.1,NA,Unknown,Water level accuracy is unknown,1,Department of Water Resources,NA,1,Department of Water Resources,NA,NA,20071,21N16E06H003M,21N16E06H003M,Unknown,Unknown,5-012.01,Sierra Valley,Sierra,156,Residential,Single Well,11554,1980-04-16 00:00:00 - 2020-04-24 12:00:00,86,fall,43.8,77.5,NA,NA,1993,NA,1992-10-01T00:00:00Z,1993-10-01T00:00:00Z,-120.222,39.7011
397011N1202223W001,1751550,1992-03-25T00:00:00Z,4954.7,4953.7,0,53.5,4901.2,53.5,52.5,NA,Unknown,Water level accuracy is unknown,1,Department of Water Resources,NA,1,Department of Water Resources,NA,NA,20071,21N16E06H003M,21N16E06H003M,Unknown,Unknown,5-012.01,Sierra Valley,Sierra,156,Residential,Single Well,11554,1980-04-16 00:00:00 - 2020-04-24 12:00:00,86,spring,NA,NA,33.5,61.1,1992,NA,1991-10-01T00:00:00Z,1992-10-01T00:00:00Z,-120.222,39.7011
397011N1202223W001,1751549,1991-10-22T00:00:00Z,4954.7,4953.7,0,60.2,4894.5,60.2,59.2,NA,Unknown,Water level accuracy is unknown,1,Department of Water Resources,NA,1,Department of Water Resources,NA,NA,20071,21N16E06H003M,21N16E06H003M,Unknown,Unknown,5-012.01,Sierra Valley,Sierra,156,Residential,Single Well,11554,1980-04-16 00:00:00 - 2020-04-24 12:00:00,86,fall,43.8,77.5,NA,NA,1992,NA,1991-10-01T00:00:00Z,1992-10-01T00:00:00Z,-120.222,39.7011
397011N1202223W001,1751548,1991-02-26T00:00:00Z,4954.7,4953.7,0,50.5,4904.2,50.5,49.5,NA,Unknown,Water level accuracy is unknown,1,Department of Water Resources,NA,1,Department of Water Resources,NA,NA,20071,21N16E06H003M,21N16E06H003M,Unknown,Unknown,5-012.01,Sierra Valley,Sierra,156,Residential,Single Well,11554,1980-04-16 00:00:00 - 2020-04-24 12:00:00,86,other,NA,NA,NA,NA,1991,NA,1990-10-01T00:00:00Z,1991-10-01T00:00:00Z,-120.222,39.7011
397011N1202223W001,1751547,1990-10-25T00:00:00Z,4954.7,4953.7,0,57.7,4897,57.7,56.7,NA,Unknown,Water level accuracy is unknown,1,Department of Water Resources,NA,1,Department of Water Resources,NA,NA,20071,21N16E06H003M,21N16E06H003M,Unknown,Unknown,5-012.01,Sierra Valley,Sierra,156,Residential,Single Well,11554,1980-04-16 00:00:00 - 2020-04-24 12:00:00,86,fall,43.8,77.5,NA,NA,1991,NA,1990-10-01T00:00:00Z,1991-10-01T00:00:00Z,-120.222,39.7011
397011N1202223W001,1751546,1990-04-12T00:00:00Z,4954.7,4953.7,0,49.6,4905.1,49.6,48.6,NA,Unknown,Water level accuracy is unknown,1,Department of Water Resources,NA,388,Sierra Valley Groundwater Management District,NA,NA,20071,21N16E06H003M,21N16E06H003M,Unknown,Unknown,5-012.01,Sierra Valley,Sierra,156,Residential,Single Well,11554,1980-04-16 00:00:00 - 2020-04-24 12:00:00,86,spring,NA,NA,33.5,61.1,1990,NA,1989-10-01T00:00:00Z,1990-10-01T00:00:00Z,-120.222,39.7011
397011N1202223W001,1751545,1989-09-26T00:00:00Z,4954.7,4953.7,0,64,4890.7,64,63,NA,Unknown,Water level accuracy is unknown,1,Department of Water Resources,NA,1,Department of Water Resources,NA,NA,20071,21N16E06H003M,21N16E06H003M,Unknown,Unknown,5-012.01,Sierra Valley,Sierra,156,Residential,Single Well,11554,1980-04-16 00:00:00 - 2020-04-24 12:00:00,86,fall,43.8,77.5,NA,NA,1989,NA,1988-10-01T00:00:00Z,1989-10-01T00:00:00Z,-120.222,39.7011
397011N1202223W001,1751544,1989-04-16T00:00:00Z,4954.7,4953.7,0,54,4900.7,54,53,NA,Unknown,Water level accuracy is unknown,1,Department of Water Resources,NA,1,Department of Water Resources,NA,NA,20071,21N16E06H003M,21N16E06H003M,Unknown,Unknown,5-012.01,Sierra Valley,Sierra,156,Residential,Single Well,11554,1980-04-16 00:00:00 - 2020-04-24 12:00:00,86,spring,NA,NA,33.5,61.1,1989,NA,1988-10-01T00:00:00Z,1989-10-01T00:00:00Z,-120.222,39.7011
397011N1202223W001,1751543,1988-10-29T00:00:00Z,4954.7,4953.7,0,58,4896.7,58,57,NA,Unknown,Water level accuracy is unknown,1,Department of Water Resources,NA,1,Department of Water Resources,NA,NA,20071,21N16E06H003M,21N16E06H003M,Unknown,Unknown,5-012.01,Sierra Valley,Sierra,156,Residential,Single Well,11554,1980-04-16 00:00:00 - 2020-04-24 12:00:00,86,fall,43.8,77.5,NA,NA,1989,NA,1988-10-01T00:00:00Z,1989-10-01T00:00:00Z,-120.222,39.7011
397011N1202223W001,1751542,1988-03-22T00:00:00Z,4954.7,4953.7,0,41.7,4913,41.7,40.7,NA,Unknown,Water level accuracy is unknown,1,Department of Water Resources,NA,1,Department of Water Resources,NA,NA,20071,21N16E06H003M,21N16E06H003M,Unknown,Unknown,5-012.01,Sierra Valley,Sierra,156,Residential,Single Well,11554,1980-04-16 00:00:00 - 2020-04-24 12:00:00,86,spring,NA,NA,33.5,61.1,1988,NA,1987-10-01T00:00:00Z,1988-10-01T00:00:00Z,-120.222,39.7011
397011N1202223W001,1751541,1987-10-20T00:00:00Z,4954.7,4953.7,0,54.7,4900,54.7,53.7,NA,Unknown,Water level accuracy is unknown,1,Department of Water Resources,NA,1,Department of Water Resources,NA,NA,20071,21N16E06H003M,21N16E06H003M,Unknown,Unknown,5-012.01,Sierra Valley,Sierra,156,Residential,Single Well,11554,1980-04-16 00:00:00 - 2020-04-24 12:00:00,86,fall,43.8,77.5,NA,NA,1988,NA,1987-10-01T00:00:00Z,1988-10-01T00:00:00Z,-120.222,39.7011
397011N1202223W001,1751540,1987-04-07T00:00:00Z,4954.7,4953.7,0,36.9,4917.8,36.9,35.9,NA,Unknown,Water level accuracy is unknown,1,Department of Water Resources,NA,1,Department of Water Resources,NA,NA,20071,21N16E06H003M,21N16E06H003M,Unknown,Unknown,5-012.01,Sierra Valley,Sierra,156,Residential,Single Well,11554,1980-04-16 00:00:00 - 2020-04-24 12:00:00,86,spring,NA,NA,33.5,61.1,1987,Dry,1986-10-01T00:00:00Z,1987-10-01T00:00:00Z,-120.222,39.7011
397011N1202223W001,1751539,1986-10-01T00:00:00Z,4954.7,4953.7,0,50.5,4904.2,50.5,49.5,NA,Unknown,Water level accuracy is unknown,1,Department of Water Resources,NA,1,Department of Water Resources,NA,NA,20071,21N16E06H003M,21N16E06H003M,Unknown,Unknown,5-012.01,Sierra Valley,Sierra,156,Residential,Single Well,11554,1980-04-16 00:00:00 - 2020-04-24 12:00:00,86,fall,43.8,77.5,NA,NA,1987,Dry,1986-10-01T00:00:00Z,1987-10-01T00:00:00Z,-120.222,39.7011
397011N1202223W001,1751538,1986-04-01T00:00:00Z,4954.7,4953.7,0,37.5,4917.2,37.5,36.5,NA,Unknown,Water level accuracy is unknown,1,Department of Water Resources,NA,1,Department of Water Resources,NA,NA,20071,21N16E06H003M,21N16E06H003M,Unknown,Unknown,5-012.01,Sierra Valley,Sierra,156,Residential,Single Well,11554,1980-04-16 00:00:00 - 2020-04-24 12:00:00,86,spring,NA,NA,33.5,61.1,1986,Wet,1985-10-01T00:00:00Z,1986-10-01T00:00:00Z,-120.222,39.7011
397011N1202223W001,1751537,1985-10-06T00:00:00Z,4954.7,4953.7,0,49.5,4905.2,49.5,48.5,NA,Unknown,Water level accuracy is unknown,1,Department of Water Resources,NA,1,Department of Water Resources,NA,NA,20071,21N16E06H003M,21N16E06H003M,Unknown,Unknown,5-012.01,Sierra Valley,Sierra,156,Residential,Single Well,11554,1980-04-16 00:00:00 - 2020-04-24 12:00:00,86,fall,43.8,77.5,NA,NA,1986,Wet,1985-10-01T00:00:00Z,1986-10-01T00:00:00Z,-120.222,39.7011
397011N1202223W001,1751536,1985-03-26T00:00:00Z,4954.7,4953.7,0,34.9,4919.8,34.9,33.9,NA,Unknown,Water level accuracy is unknown,1,Department of Water Resources,NA,388,Sierra Valley Groundwater Management District,NA,NA,20071,21N16E06H003M,21N16E06H003M,Unknown,Unknown,5-012.01,Sierra Valley,Sierra,156,Residential,Single Well,11554,1980-04-16 00:00:00 - 2020-04-24 12:00:00,86,spring,NA,NA,33.5,61.1,1985,Dry,1984-10-01T00:00:00Z,1985-10-01T00:00:00Z,-120.222,39.7011
397011N1202223W001,1751535,1984-10-03T00:00:00Z,4954.7,4953.7,0,48.8,4905.9,48.8,47.8,NA,Unknown,Water level accuracy is unknown,1,Department of Water Resources,NA,1,Department of Water Resources,NA,NA,20071,21N16E06H003M,21N16E06H003M,Unknown,Unknown,5-012.01,Sierra Valley,Sierra,156,Residential,Single Well,11554,1980-04-16 00:00:00 - 2020-04-24 12:00:00,86,fall,43.8,77.5,NA,NA,1985,Dry,1984-10-01T00:00:00Z,1985-10-01T00:00:00Z,-120.222,39.7011
397011N1202223W001,1751534,1984-03-16T00:00:00Z,4954.7,4953.7,0,34.5,4920.2,34.5,33.5,NA,Unknown,Water level accuracy is unknown,1,Department of Water Resources,NA,1,Department of Water Resources,NA,NA,20071,21N16E06H003M,21N16E06H003M,Unknown,Unknown,5-012.01,Sierra Valley,Sierra,156,Residential,Single Well,11554,1980-04-16 00:00:00 - 2020-04-24 12:00:00,86,spring,NA,NA,33.5,61.1,1984,NA,1983-10-01T00:00:00Z,1984-10-01T00:00:00Z,-120.222,39.7011
397011N1202223W001,1751533,1983-09-28T00:00:00Z,4954.7,4953.7,0,48.2,4906.5,48.2,47.2,NA,Unknown,Water level accuracy is unknown,1,Department of Water Resources,NA,1,Department of Water Resources,NA,NA,20071,21N16E06H003M,21N16E06H003M,Unknown,Unknown,5-012.01,Sierra Valley,Sierra,156,Residential,Single Well,11554,1980-04-16 00:00:00 - 2020-04-24 12:00:00,86,fall,43.8,77.5,NA,NA,1983,NA,1982-10-01T00:00:00Z,1983-10-01T00:00:00Z,-120.222,39.7011
397011N1202223W001,1751532,1983-04-13T00:00:00Z,4954.7,4953.7,0,39.9,4914.8,39.9,38.9,NA,Unknown,Water level accuracy is unknown,1,Department of Water Resources,NA,1,Department of Water Resources,NA,NA,20071,21N16E06H003M,21N16E06H003M,Unknown,Unknown,5-012.01,Sierra Valley,Sierra,156,Residential,Single Well,11554,1980-04-16 00:00:00 - 2020-04-24 12:00:00,86,spring,NA,NA,33.5,61.1,1983,NA,1982-10-01T00:00:00Z,1983-10-01T00:00:00Z,-120.222,39.7011
397011N1202223W001,1751531,1982-10-07T00:00:00Z,4954.7,4953.7,0,53.2,4901.5,53.2,52.2,NA,Unknown,Water level accuracy is unknown,1,Department of Water Resources,NA,1,Department of Water Resources,NA,NA,20071,21N16E06H003M,21N16E06H003M,Unknown,Unknown,5-012.01,Sierra Valley,Sierra,156,Residential,Single Well,11554,1980-04-16 00:00:00 - 2020-04-24 12:00:00,86,fall,43.8,77.5,NA,NA,1983,NA,1982-10-01T00:00:00Z,1983-10-01T00:00:00Z,-120.222,39.7011
397011N1202223W001,1751530,1982-09-16T00:00:00Z,4954.7,4953.7,0,58.8,4895.9,58.8,57.8,NA,Unknown,Water level accuracy is unknown,1,Department of Water Resources,NA,1,Department of Water Resources,NA,NA,20071,21N16E06H003M,21N16E06H003M,Unknown,Unknown,5-012.01,Sierra Valley,Sierra,156,Residential,Single Well,11554,1980-04-16 00:00:00 - 2020-04-24 12:00:00,86,fall,43.8,77.5,NA,NA,1982,Wet,1981-10-01T00:00:00Z,1982-10-01T00:00:00Z,-120.222,39.7011
397011N1202223W001,1751529,1982-04-28T00:00:00Z,4954.7,4953.7,0,40.8,4913.9,40.8,39.8,NA,Unknown,Water level accuracy is unknown,1,Department of Water Resources,NA,1,Department of Water Resources,NA,NA,20071,21N16E06H003M,21N16E06H003M,Unknown,Unknown,5-012.01,Sierra Valley,Sierra,156,Residential,Single Well,11554,1980-04-16 00:00:00 - 2020-04-24 12:00:00,86,spring,NA,NA,33.5,61.1,1982,Wet,1981-10-01T00:00:00Z,1982-10-01T00:00:00Z,-120.222,39.7011
397011N1202223W001,1751528,1981-10-07T00:00:00Z,4954.7,4953.7,0,60,4894.7,60,59,NA,Unknown,Water level accuracy is unknown,1,Department of Water Resources,NA,1,Department of Water Resources,NA,NA,20071,21N16E06H003M,21N16E06H003M,Unknown,Unknown,5-012.01,Sierra Valley,Sierra,156,Residential,Single Well,11554,1980-04-16 00:00:00 - 2020-04-24 12:00:00,86,fall,43.8,77.5,NA,NA,1982,Wet,1981-10-01T00:00:00Z,1982-10-01T00:00:00Z,-120.222,39.7011
397011N1202223W001,1751527,1981-09-17T00:00:00Z,4954.7,4953.7,0,70,4884.7,70,69,NA,Unknown,Water level accuracy is unknown,1,Department of Water Resources,NA,1,Department of Water Resources,NA,NA,20071,21N16E06H003M,21N16E06H003M,Unknown,Unknown,5-012.01,Sierra Valley,Sierra,156,Residential,Single Well,11554,1980-04-16 00:00:00 - 2020-04-24 12:00:00,86,fall,43.8,77.5,NA,NA,1981,Dry,1980-10-01T00:00:00Z,1981-10-01T00:00:00Z,-120.222,39.7011
397011N1202223W001,1751526,1981-08-27T00:00:00Z,4954.7,4953.7,0,70.9,4883.8,70.9,69.9,NA,Unknown,Water level accuracy is unknown,1,Department of Water Resources,NA,1,Department of Water Resources,NA,NA,20071,21N16E06H003M,21N16E06H003M,Unknown,Unknown,5-012.01,Sierra Valley,Sierra,156,Residential,Single Well,11554,1980-04-16 00:00:00 - 2020-04-24 12:00:00,86,fall,43.8,77.5,NA,NA,1981,Dry,1980-10-01T00:00:00Z,1981-10-01T00:00:00Z,-120.222,39.7011
397011N1202223W001,1751525,1981-08-13T00:00:00Z,4954.7,4953.7,0,69,4885.7,69,68,NA,Unknown,Water level accuracy is unknown,1,Department of Water Resources,NA,1,Department of Water Resources,NA,NA,20071,21N16E06H003M,21N16E06H003M,Unknown,Unknown,5-012.01,Sierra Valley,Sierra,156,Residential,Single Well,11554,1980-04-16 00:00:00 - 2020-04-24 12:00:00,86,fall,43.8,77.5,NA,NA,1981,Dry,1980-10-01T00:00:00Z,1981-10-01T00:00:00Z,-120.222,39.7011
397011N1202223W001,1751524,1980-10-23T00:00:00Z,4954.7,4953.7,0,46,4908.7,46,45,NA,Unknown,Water level accuracy is unknown,1,Department of Water Resources,NA,1,Department of Water Resources,NA,NA,20071,21N16E06H003M,21N16E06H003M,Unknown,Unknown,5-012.01,Sierra Valley,Sierra,156,Residential,Single Well,11554,1980-04-16 00:00:00 - 2020-04-24 12:00:00,86,fall,43.8,77.5,NA,NA,1981,Dry,1980-10-01T00:00:00Z,1981-10-01T00:00:00Z,-120.222,39.7011
397011N1202223W001,1751523,1980-04-16T00:00:00Z,4954.7,4953.7,0,37,4917.7,37,36,NA,Unknown,Water level accuracy is unknown,1,Department of Water Resources,NA,1,Department of Water Resources,NA,NA,20071,21N16E06H003M,21N16E06H003M,Unknown,Unknown,5-012.01,Sierra Valley,Sierra,156,Residential,Single Well,11554,1980-04-16 00:00:00 - 2020-04-24 12:00:00,86,spring,NA,NA,33.5,61.1,1980,NA,1979-10-01T00:00:00Z,1980-10-01T00:00:00Z,-120.222,39.7011
