SITE_CODE,WLM_ID,MSMT_DATE,WLM_RPE,WLM_GSE,RDNG_WS,RDNG_RP,WSE,RPE_WSE,GSE_WSE,WLM_QA_DESC,WLM_DESC,WLM_ACC_DESC,WLM_ORG_ID,WLM_ORG_NAME,MSMT_CMT,COOP_AGENCY_ORG_ID,COOP_ORG_NAME,TOP_PRF,BOT_PRF,STN_ID,SWN,WELL_NAME,WLM_METHOD,WLM_ACC,BASIN_CODE,BASIN_NAME,COUNTY_NAME,WELL_DEPTH,WELL_USE,WELL_TYPE,WCR_NO,t_range,n_samples,season,fall_high,fall_low,spring_high,spring_low,water_year,water_year_type,water_year_start,water_year_end,X,Y
397116N1202884W001,1770366,1993-10-21T00:00:00Z,4894.08,4893.78,0,45,4849.08,45,44.7,NA,Unknown,Water level accuracy is unknown,1,Department of Water Resources,NA,1,Department of Water Resources,NA,NA,36032,22N15E34L002M,NA,Unknown,Unknown,5-012.01,Sierra Valley,Plumas,NA,Stockwatering,Unknown,NA,1958-10-16 - 1993-10-21,35,fall,-2.1,94.7,NA,NA,1994,Dry,1993-10-01T00:00:00Z,1994-10-01T00:00:00Z,-120.288,39.7116
397116N1202884W001,1770365,1993-04-21T00:00:00Z,4894.08,4893.78,0,29.2,4864.88,29.2,28.9,NA,Unknown,Water level accuracy is unknown,1,Department of Water Resources,NA,1,Department of Water Resources,NA,NA,36032,22N15E34L002M,NA,Unknown,Unknown,5-012.01,Sierra Valley,Plumas,NA,Stockwatering,Unknown,NA,1958-10-16 - 1993-10-21,35,spring,NA,NA,-5.8,28.9,1993,NA,1992-10-01T00:00:00Z,1993-10-01T00:00:00Z,-120.288,39.7116
397116N1202884W001,1770364,1992-10-22T00:00:00Z,4894.78,4893.78,0,72.2,4822.58,72.2,71.2,Pumping,Unknown,Water level accuracy is unknown,1,Department of Water Resources,NA,1,Department of Water Resources,NA,NA,36032,22N15E34L002M,NA,Unknown,Unknown,5-012.01,Sierra Valley,Plumas,NA,Stockwatering,Unknown,NA,1958-10-16 - 1993-10-21,35,fall,-2.1,94.7,NA,NA,1993,NA,1992-10-01T00:00:00Z,1993-10-01T00:00:00Z,-120.288,39.7116
397116N1202884W001,1770363,1992-03-25T00:00:00Z,4894.78,4893.78,0,29,4865.78,29,28,NA,Unknown,Water level accuracy is unknown,1,Department of Water Resources,NA,1,Department of Water Resources,NA,NA,36032,22N15E34L002M,NA,Unknown,Unknown,5-012.01,Sierra Valley,Plumas,NA,Stockwatering,Unknown,NA,1958-10-16 - 1993-10-21,35,spring,NA,NA,-5.8,28.9,1992,NA,1991-10-01T00:00:00Z,1992-10-01T00:00:00Z,-120.288,39.7116
397116N1202884W001,1770362,1991-10-21T00:00:00Z,4894.78,4893.78,0,62.6,4832.18,62.6,61.6,NA,Unknown,Water level accuracy is unknown,1,Department of Water Resources,NA,1,Department of Water Resources,NA,NA,36032,22N15E34L002M,NA,Unknown,Unknown,5-012.01,Sierra Valley,Plumas,NA,Stockwatering,Unknown,NA,1958-10-16 - 1993-10-21,35,fall,-2.1,94.7,NA,NA,1992,NA,1991-10-01T00:00:00Z,1992-10-01T00:00:00Z,-120.288,39.7116
397116N1202884W001,1770361,1991-02-27T00:00:00Z,4894.08,4893.78,0,30.2,4863.88,30.2,29.9,NA,Unknown,Water level accuracy is unknown,1,Department of Water Resources,NA,1,Department of Water Resources,NA,NA,36032,22N15E34L002M,NA,Unknown,Unknown,5-012.01,Sierra Valley,Plumas,NA,Stockwatering,Unknown,NA,1958-10-16 - 1993-10-21,35,other,NA,NA,NA,NA,1991,NA,1990-10-01T00:00:00Z,1991-10-01T00:00:00Z,-120.288,39.7116
397116N1202884W001,1770360,1990-10-24T00:00:00Z,4894.08,4893.78,0,63.5,4830.58,63.5,63.2,Other,Unknown,Water level accuracy is unknown,1,Department of Water Resources,NA,1,Department of Water Resources,NA,NA,36032,22N15E34L002M,NA,Unknown,Unknown,5-012.01,Sierra Valley,Plumas,NA,Stockwatering,Unknown,NA,1958-10-16 - 1993-10-21,35,fall,-2.1,94.7,NA,NA,1991,NA,1990-10-01T00:00:00Z,1991-10-01T00:00:00Z,-120.288,39.7116
397116N1202884W001,1770359,1990-04-11T00:00:00Z,4894.08,4893.78,0,20.6,4873.48,20.6,20.3,Other,Unknown,Water level accuracy is unknown,1,Department of Water Resources,NA,1,Department of Water Resources,NA,NA,36032,22N15E34L002M,NA,Unknown,Unknown,5-012.01,Sierra Valley,Plumas,NA,Stockwatering,Unknown,NA,1958-10-16 - 1993-10-21,35,spring,NA,NA,-5.8,28.9,1990,NA,1989-10-01T00:00:00Z,1990-10-01T00:00:00Z,-120.288,39.7116
397116N1202884W001,1770358,1989-09-27T00:00:00Z,4894.08,4893.78,0,29.3,4864.78,29.3,29,NA,Unknown,Water level accuracy is unknown,1,Department of Water Resources,NA,1,Department of Water Resources,NA,NA,36032,22N15E34L002M,NA,Unknown,Unknown,5-012.01,Sierra Valley,Plumas,NA,Stockwatering,Unknown,NA,1958-10-16 - 1993-10-21,35,fall,-2.1,94.7,NA,NA,1989,NA,1988-10-01T00:00:00Z,1989-10-01T00:00:00Z,-120.288,39.7116
397116N1202884W001,1770357,1989-04-07T00:00:00Z,4894.08,4893.78,0,22.9,4871.18,22.9,22.6,NA,Unknown,Water level accuracy is unknown,1,Department of Water Resources,NA,1,Department of Water Resources,NA,NA,36032,22N15E34L002M,NA,Unknown,Unknown,5-012.01,Sierra Valley,Plumas,NA,Stockwatering,Unknown,NA,1958-10-16 - 1993-10-21,35,spring,NA,NA,-5.8,28.9,1989,NA,1988-10-01T00:00:00Z,1989-10-01T00:00:00Z,-120.288,39.7116
397116N1202884W001,1770356,1988-10-26T00:00:00Z,4894.08,4893.78,0,41.6,4852.48,41.6,41.3,Casing leaking or wet,Unknown,Water level accuracy is unknown,1,Department of Water Resources,NA,1,Department of Water Resources,NA,NA,36032,22N15E34L002M,NA,Unknown,Unknown,5-012.01,Sierra Valley,Plumas,NA,Stockwatering,Unknown,NA,1958-10-16 - 1993-10-21,35,fall,-2.1,94.7,NA,NA,1989,NA,1988-10-01T00:00:00Z,1989-10-01T00:00:00Z,-120.288,39.7116
397116N1202884W001,1770355,1988-03-23T00:00:00Z,4894.08,4893.78,0,21.5,4872.58,21.5,21.2,Casing leaking or wet,Unknown,Water level accuracy is unknown,1,Department of Water Resources,NA,1,Department of Water Resources,NA,NA,36032,22N15E34L002M,NA,Unknown,Unknown,5-012.01,Sierra Valley,Plumas,NA,Stockwatering,Unknown,NA,1958-10-16 - 1993-10-21,35,spring,NA,NA,-5.8,28.9,1988,NA,1987-10-01T00:00:00Z,1988-10-01T00:00:00Z,-120.288,39.7116
397116N1202884W001,1770354,1987-10-28T00:00:00Z,4894.08,4893.78,0,52,4842.08,52,51.7,NA,Unknown,Water level accuracy is unknown,1,Department of Water Resources,NA,1,Department of Water Resources,NA,NA,36032,22N15E34L002M,NA,Unknown,Unknown,5-012.01,Sierra Valley,Plumas,NA,Stockwatering,Unknown,NA,1958-10-16 - 1993-10-21,35,fall,-2.1,94.7,NA,NA,1988,NA,1987-10-01T00:00:00Z,1988-10-01T00:00:00Z,-120.288,39.7116
397116N1202884W001,1770353,1987-04-08T00:00:00Z,4894.08,4893.78,0,11.6,4882.48,11.6,11.3,NA,Unknown,Water level accuracy is unknown,1,Department of Water Resources,NA,1,Department of Water Resources,NA,NA,36032,22N15E34L002M,NA,Unknown,Unknown,5-012.01,Sierra Valley,Plumas,NA,Stockwatering,Unknown,NA,1958-10-16 - 1993-10-21,35,spring,NA,NA,-5.8,28.9,1987,Dry,1986-10-01T00:00:00Z,1987-10-01T00:00:00Z,-120.288,39.7116
397116N1202884W001,1770352,1986-10-02T00:00:00Z,4894.08,4893.78,0,41.7,4852.38,41.7,41.4,NA,Unknown,Water level accuracy is unknown,1,Department of Water Resources,NA,1,Department of Water Resources,NA,NA,36032,22N15E34L002M,NA,Unknown,Unknown,5-012.01,Sierra Valley,Plumas,NA,Stockwatering,Unknown,NA,1958-10-16 - 1993-10-21,35,fall,-2.1,94.7,NA,NA,1987,Dry,1986-10-01T00:00:00Z,1987-10-01T00:00:00Z,-120.288,39.7116
397116N1202884W001,1770351,1986-04-02T00:00:00Z,4894.08,4893.78,0,16.1,4877.98,16.1,15.8,NA,Unknown,Water level accuracy is unknown,1,Department of Water Resources,NA,1,Department of Water Resources,NA,NA,36032,22N15E34L002M,NA,Unknown,Unknown,5-012.01,Sierra Valley,Plumas,NA,Stockwatering,Unknown,NA,1958-10-16 - 1993-10-21,35,spring,NA,NA,-5.8,28.9,1986,Wet,1985-10-01T00:00:00Z,1986-10-01T00:00:00Z,-120.288,39.7116
397116N1202884W001,1770350,1985-10-05T00:00:00Z,4894.08,4893.78,0,47.1,4846.98,47.1,46.8,NA,Unknown,Water level accuracy is unknown,1,Department of Water Resources,NA,1,Department of Water Resources,NA,NA,36032,22N15E34L002M,NA,Unknown,Unknown,5-012.01,Sierra Valley,Plumas,NA,Stockwatering,Unknown,NA,1958-10-16 - 1993-10-21,35,fall,-2.1,94.7,NA,NA,1986,Wet,1985-10-01T00:00:00Z,1986-10-01T00:00:00Z,-120.288,39.7116
397116N1202884W001,1770349,1985-06-10T00:00:00Z,4894.08,4893.78,0,40,4854.08,40,39.7,NA,Unknown,Water level accuracy is unknown,1,Department of Water Resources,NA,1,Department of Water Resources,NA,NA,36032,22N15E34L002M,NA,Unknown,Unknown,5-012.01,Sierra Valley,Plumas,NA,Stockwatering,Unknown,NA,1958-10-16 - 1993-10-21,35,other,NA,NA,NA,NA,1985,Dry,1984-10-01T00:00:00Z,1985-10-01T00:00:00Z,-120.288,39.7116
397116N1202884W001,1770348,1985-04-01T00:00:00Z,4894.08,4893.78,0,7.7,4886.38,7.7,7.4,NA,Unknown,Water level accuracy is unknown,1,Department of Water Resources,NA,1,Department of Water Resources,NA,NA,36032,22N15E34L002M,NA,Unknown,Unknown,5-012.01,Sierra Valley,Plumas,NA,Stockwatering,Unknown,NA,1958-10-16 - 1993-10-21,35,spring,NA,NA,-5.8,28.9,1985,Dry,1984-10-01T00:00:00Z,1985-10-01T00:00:00Z,-120.288,39.7116
397116N1202884W001,1770347,1984-10-02T00:00:00Z,4894.08,4893.78,0,46,4848.08,46,45.7,NA,Unknown,Water level accuracy is unknown,1,Department of Water Resources,NA,1,Department of Water Resources,NA,NA,36032,22N15E34L002M,NA,Unknown,Unknown,5-012.01,Sierra Valley,Plumas,NA,Stockwatering,Unknown,NA,1958-10-16 - 1993-10-21,35,fall,-2.1,94.7,NA,NA,1985,Dry,1984-10-01T00:00:00Z,1985-10-01T00:00:00Z,-120.288,39.7116
397116N1202884W001,1770346,1984-03-16T00:00:00Z,4894.08,4893.78,0,3.5,4890.58,3.5,3.2,NA,Unknown,Water level accuracy is unknown,1,Department of Water Resources,NA,1,Department of Water Resources,NA,NA,36032,22N15E34L002M,NA,Unknown,Unknown,5-012.01,Sierra Valley,Plumas,NA,Stockwatering,Unknown,NA,1958-10-16 - 1993-10-21,35,spring,NA,NA,-5.8,28.9,1984,NA,1983-10-01T00:00:00Z,1984-10-01T00:00:00Z,-120.288,39.7116
397116N1202884W001,1770345,1983-09-27T00:00:00Z,4894.08,4893.78,0,45,4849.08,45,44.7,NA,Unknown,Water level accuracy is unknown,1,Department of Water Resources,NA,1,Department of Water Resources,NA,NA,36032,22N15E34L002M,NA,Unknown,Unknown,5-012.01,Sierra Valley,Plumas,NA,Stockwatering,Unknown,NA,1958-10-16 - 1993-10-21,35,fall,-2.1,94.7,NA,NA,1983,NA,1982-10-01T00:00:00Z,1983-10-01T00:00:00Z,-120.288,39.7116
397116N1202884W001,1770344,1983-04-14T00:00:00Z,4894.08,4893.78,0,8.7,4885.38,8.7,8.4,NA,Unknown,Water level accuracy is unknown,1,Department of Water Resources,NA,1,Department of Water Resources,NA,NA,36032,22N15E34L002M,NA,Unknown,Unknown,5-012.01,Sierra Valley,Plumas,NA,Stockwatering,Unknown,NA,1958-10-16 - 1993-10-21,35,spring,NA,NA,-5.8,28.9,1983,NA,1982-10-01T00:00:00Z,1983-10-01T00:00:00Z,-120.288,39.7116
397116N1202884W001,1770343,1982-10-06T00:00:00Z,4894.08,4893.78,0,44.7,4849.38,44.7,44.4,NA,Unknown,Water level accuracy is unknown,1,Department of Water Resources,NA,1,Department of Water Resources,NA,NA,36032,22N15E34L002M,NA,Unknown,Unknown,5-012.01,Sierra Valley,Plumas,NA,Stockwatering,Unknown,NA,1958-10-16 - 1993-10-21,35,fall,-2.1,94.7,NA,NA,1983,NA,1982-10-01T00:00:00Z,1983-10-01T00:00:00Z,-120.288,39.7116
397116N1202884W001,1770342,1982-09-16T00:00:00Z,4894.08,4893.78,0,48.2,4845.88,48.2,47.9,NA,Unknown,Water level accuracy is unknown,1,Department of Water Resources,NA,1,Department of Water Resources,NA,NA,36032,22N15E34L002M,NA,Unknown,Unknown,5-012.01,Sierra Valley,Plumas,NA,Stockwatering,Unknown,NA,1958-10-16 - 1993-10-21,35,fall,-2.1,94.7,NA,NA,1982,Wet,1981-10-01T00:00:00Z,1982-10-01T00:00:00Z,-120.288,39.7116
397116N1202884W001,1770341,1982-04-28T00:00:00Z,4894.08,4893.78,0,9.6,4884.48,9.6,9.3,NA,Unknown,Water level accuracy is unknown,1,Department of Water Resources,NA,1,Department of Water Resources,NA,NA,36032,22N15E34L002M,NA,Unknown,Unknown,5-012.01,Sierra Valley,Plumas,NA,Stockwatering,Unknown,NA,1958-10-16 - 1993-10-21,35,spring,NA,NA,-5.8,28.9,1982,Wet,1981-10-01T00:00:00Z,1982-10-01T00:00:00Z,-120.288,39.7116
397116N1202884W001,1770340,1981-10-08T00:00:00Z,4894.08,4893.78,0,86,4808.08,86,85.7,NA,Unknown,Water level accuracy is unknown,1,Department of Water Resources,NA,1,Department of Water Resources,NA,NA,36032,22N15E34L002M,NA,Unknown,Unknown,5-012.01,Sierra Valley,Plumas,NA,Stockwatering,Unknown,NA,1958-10-16 - 1993-10-21,35,fall,-2.1,94.7,NA,NA,1982,Wet,1981-10-01T00:00:00Z,1982-10-01T00:00:00Z,-120.288,39.7116
397116N1202884W001,1770339,1981-09-16T00:00:00Z,4894.08,4893.78,0,84,4810.08,84,83.7,NA,Unknown,Water level accuracy is unknown,1,Department of Water Resources,NA,1,Department of Water Resources,NA,NA,36032,22N15E34L002M,NA,Unknown,Unknown,5-012.01,Sierra Valley,Plumas,NA,Stockwatering,Unknown,NA,1958-10-16 - 1993-10-21,35,fall,-2.1,94.7,NA,NA,1981,Dry,1980-10-01T00:00:00Z,1981-10-01T00:00:00Z,-120.288,39.7116
397116N1202884W001,1770338,1981-08-26T00:00:00Z,4894.08,4893.78,0,95,4799.08,95,94.7,NA,Unknown,Water level accuracy is unknown,1,Department of Water Resources,NA,1,Department of Water Resources,NA,NA,36032,22N15E34L002M,NA,Unknown,Unknown,5-012.01,Sierra Valley,Plumas,NA,Stockwatering,Unknown,NA,1958-10-16 - 1993-10-21,35,fall,-2.1,94.7,NA,NA,1981,Dry,1980-10-01T00:00:00Z,1981-10-01T00:00:00Z,-120.288,39.7116
397116N1202884W001,1770337,1981-08-12T00:00:00Z,4894.08,4893.78,0,65,4829.08,65,64.7,NA,Unknown,Water level accuracy is unknown,1,Department of Water Resources,NA,1,Department of Water Resources,NA,NA,36032,22N15E34L002M,NA,Unknown,Unknown,5-012.01,Sierra Valley,Plumas,NA,Stockwatering,Unknown,NA,1958-10-16 - 1993-10-21,35,fall,-2.1,94.7,NA,NA,1981,Dry,1980-10-01T00:00:00Z,1981-10-01T00:00:00Z,-120.288,39.7116
397116N1202884W001,1770335,1960-04-11T00:00:00Z,4894.08,4893.78,0,-5.5,4899.58,-5.5,-5.8,NA,Unknown,Water level accuracy is unknown,1,Department of Water Resources,NA,1,Department of Water Resources,NA,NA,36032,22N15E34L002M,NA,Unknown,Unknown,5-012.01,Sierra Valley,Plumas,NA,Stockwatering,Unknown,NA,1958-10-16 - 1993-10-21,35,spring,NA,NA,-5.8,28.9,1960,Dry,1959-10-01T00:00:00Z,1960-10-01T00:00:00Z,-120.288,39.7116
397116N1202884W001,1770334,1959-09-23T00:00:00Z,4894.08,4893.78,0,-0.8,4894.88,-0.8,-1.1,NA,Unknown,Water level accuracy is unknown,1,Department of Water Resources,NA,1,Department of Water Resources,NA,NA,36032,22N15E34L002M,NA,Unknown,Unknown,5-012.01,Sierra Valley,Plumas,NA,Stockwatering,Unknown,NA,1958-10-16 - 1993-10-21,35,fall,-2.1,94.7,NA,NA,1959,NA,1958-10-01T00:00:00Z,1959-10-01T00:00:00Z,-120.288,39.7116
397116N1202884W001,1770333,1959-04-22T00:00:00Z,4894.08,4893.78,0,-1.4,4895.48,-1.4,-1.7,NA,Unknown,Water level accuracy is unknown,1,Department of Water Resources,NA,1,Department of Water Resources,NA,NA,36032,22N15E34L002M,NA,Unknown,Unknown,5-012.01,Sierra Valley,Plumas,NA,Stockwatering,Unknown,NA,1958-10-16 - 1993-10-21,35,spring,NA,NA,-5.8,28.9,1959,NA,1958-10-01T00:00:00Z,1959-10-01T00:00:00Z,-120.288,39.7116
397116N1202884W001,1770332,1958-10-16T00:00:00Z,4894.08,4893.78,0,-1.8,4895.88,-1.8,-2.1,NA,Unknown,Water level accuracy is unknown,1,Department of Water Resources,NA,1,Department of Water Resources,NA,NA,36032,22N15E34L002M,NA,Unknown,Unknown,5-012.01,Sierra Valley,Plumas,NA,Stockwatering,Unknown,NA,1958-10-16 - 1993-10-21,35,fall,-2.1,94.7,NA,NA,1959,NA,1958-10-01T00:00:00Z,1959-10-01T00:00:00Z,-120.288,39.7116
