SITE_CODE,WLM_ID,MSMT_DATE,WLM_RPE,WLM_GSE,RDNG_WS,RDNG_RP,WSE,RPE_WSE,GSE_WSE,WLM_QA_DESC,WLM_DESC,WLM_ACC_DESC,WLM_ORG_ID,WLM_ORG_NAME,MSMT_CMT,COOP_AGENCY_ORG_ID,COOP_ORG_NAME,TOP_PRF,BOT_PRF,STN_ID,SWN,WELL_NAME,WLM_METHOD,WLM_ACC,BASIN_CODE,BASIN_NAME,COUNTY_NAME,WELL_DEPTH,WELL_USE,WELL_TYPE,WCR_NO,t_range,n_samples,season,fall_high,fall_low,spring_high,spring_low,water_year,water_year_type,water_year_start,water_year_end,X,Y
397161N1202444W001,801929,1998-10-14T00:00:00Z,4903.59,4903.59,0,34.9,4868.69,34.9,34.9,NA,Unknown,Water level accuracy is unknown,1,Department of Water Resources,NA,1,Department of Water Resources,NA,NA,20708,22N15E36H001M,NA,Unknown,Unknown,5-012.01,Sierra Valley,Plumas,462,Irrigation,Unknown,DWR,1980-10-04 - 2000-03-26,38,fall,22.3,69.6,NA,NA,1999,NA,1998-10-01T00:00:00Z,1999-10-01T00:00:00Z,-120.244,39.7161
397161N1202444W001,801930,1998-05-15T00:00:00Z,4903.59,4903.59,0,0.8,4902.79,0.8,0.8,NA,Unknown,Water level accuracy is unknown,1,Department of Water Resources,NA,1,Department of Water Resources,NA,NA,20708,22N15E36H001M,NA,Unknown,Unknown,5-012.01,Sierra Valley,Plumas,462,Irrigation,Unknown,DWR,1980-10-04 - 2000-03-26,38,spring,NA,NA,-1,16,1998,NA,1997-10-01T00:00:00Z,1998-10-01T00:00:00Z,-120.244,39.7161
397161N1202444W001,801928,1997-10-17T00:00:00Z,4903.59,4903.59,0,33.2,4870.39,33.2,33.2,NA,Unknown,Water level accuracy is unknown,1,Department of Water Resources,NA,1,Department of Water Resources,NA,NA,20708,22N15E36H001M,NA,Unknown,Unknown,5-012.01,Sierra Valley,Plumas,462,Irrigation,Unknown,DWR,1980-10-04 - 2000-03-26,38,fall,22.3,69.6,NA,NA,1998,NA,1997-10-01T00:00:00Z,1998-10-01T00:00:00Z,-120.244,39.7161
397161N1202444W001,801926,1997-04-04T00:00:00Z,4903.59,4903.59,0,2,4901.59,2,2,NA,Unknown,Water level accuracy is unknown,1,Department of Water Resources,NA,1,Department of Water Resources,NA,NA,20708,22N15E36H001M,NA,Unknown,Unknown,5-012.01,Sierra Valley,Plumas,462,Irrigation,Unknown,DWR,1980-10-04 - 2000-03-26,38,spring,NA,NA,-1,16,1997,NA,1996-10-01T00:00:00Z,1997-10-01T00:00:00Z,-120.244,39.7161
397161N1202444W001,801927,1996-10-31T00:00:00Z,4903.59,4903.59,0,22.3,4881.29,22.3,22.3,NA,Unknown,Water level accuracy is unknown,1,Department of Water Resources,NA,1,Department of Water Resources,NA,NA,20708,22N15E36H001M,NA,Unknown,Unknown,5-012.01,Sierra Valley,Plumas,462,Irrigation,Unknown,DWR,1980-10-04 - 2000-03-26,38,fall,22.3,69.6,NA,NA,1997,NA,1996-10-01T00:00:00Z,1997-10-01T00:00:00Z,-120.244,39.7161
397161N1202444W001,801925,1996-05-07T00:00:00Z,4903.59,4903.59,0,4.6,4898.99,4.6,4.6,NA,Unknown,Water level accuracy is unknown,1,Department of Water Resources,NA,1,Department of Water Resources,NA,NA,20708,22N15E36H001M,NA,Unknown,Unknown,5-012.01,Sierra Valley,Plumas,462,Irrigation,Unknown,DWR,1980-10-04 - 2000-03-26,38,spring,NA,NA,-1,16,1996,NA,1995-10-01T00:00:00Z,1996-10-01T00:00:00Z,-120.244,39.7161
397161N1202444W001,801924,1995-10-25T00:00:00Z,4903.59,4903.59,0,31.9,4871.69,31.9,31.9,NA,Unknown,Water level accuracy is unknown,1,Department of Water Resources,NA,1,Department of Water Resources,NA,NA,20708,22N15E36H001M,NA,Unknown,Unknown,5-012.01,Sierra Valley,Plumas,462,Irrigation,Unknown,DWR,1980-10-04 - 2000-03-26,38,fall,22.3,69.6,NA,NA,1996,NA,1995-10-01T00:00:00Z,1996-10-01T00:00:00Z,-120.244,39.7161
397161N1202444W001,801922,1994-10-29T00:00:00Z,4903.59,4903.59,0,46,4857.59,46,46,NA,Unknown,Water level accuracy is unknown,1,Department of Water Resources,NA,1,Department of Water Resources,NA,NA,20708,22N15E36H001M,NA,Unknown,Unknown,5-012.01,Sierra Valley,Plumas,462,Irrigation,Unknown,DWR,1980-10-04 - 2000-03-26,38,fall,22.3,69.6,NA,NA,1995,Wet,1994-10-01T00:00:00Z,1995-10-01T00:00:00Z,-120.244,39.7161
397161N1202444W001,801921,1994-03-29T00:00:00Z,4903.59,4903.59,0,10.7,4892.89,10.7,10.7,NA,Unknown,Water level accuracy is unknown,1,Department of Water Resources,NA,1,Department of Water Resources,NA,NA,20708,22N15E36H001M,NA,Unknown,Unknown,5-012.01,Sierra Valley,Plumas,462,Irrigation,Unknown,DWR,1980-10-04 - 2000-03-26,38,spring,NA,NA,-1,16,1994,Dry,1993-10-01T00:00:00Z,1994-10-01T00:00:00Z,-120.244,39.7161
397161N1202444W001,801920,1993-10-21T00:00:00Z,4903.59,4903.59,0,38,4865.59,38,38,NA,Unknown,Water level accuracy is unknown,1,Department of Water Resources,NA,1,Department of Water Resources,NA,NA,20708,22N15E36H001M,NA,Unknown,Unknown,5-012.01,Sierra Valley,Plumas,462,Irrigation,Unknown,DWR,1980-10-04 - 2000-03-26,38,fall,22.3,69.6,NA,NA,1994,Dry,1993-10-01T00:00:00Z,1994-10-01T00:00:00Z,-120.244,39.7161
397161N1202444W001,801919,1993-04-22T00:00:00Z,4903.59,4903.59,0,15.7,4887.89,15.7,15.7,NA,Unknown,Water level accuracy is unknown,1,Department of Water Resources,NA,1,Department of Water Resources,NA,NA,20708,22N15E36H001M,NA,Unknown,Unknown,5-012.01,Sierra Valley,Plumas,462,Irrigation,Unknown,DWR,1980-10-04 - 2000-03-26,38,spring,NA,NA,-1,16,1993,NA,1992-10-01T00:00:00Z,1993-10-01T00:00:00Z,-120.244,39.7161
397161N1202444W001,801918,1992-10-22T00:00:00Z,4903.59,4903.59,0,59.7,4843.89,59.7,59.7,NA,Unknown,Water level accuracy is unknown,1,Department of Water Resources,NA,1,Department of Water Resources,NA,NA,20708,22N15E36H001M,NA,Unknown,Unknown,5-012.01,Sierra Valley,Plumas,462,Irrigation,Unknown,DWR,1980-10-04 - 2000-03-26,38,fall,22.3,69.6,NA,NA,1993,NA,1992-10-01T00:00:00Z,1993-10-01T00:00:00Z,-120.244,39.7161
397161N1202444W001,801917,1992-03-24T00:00:00Z,4903.59,4903.59,0,16,4887.59,16,16,NA,Unknown,Water level accuracy is unknown,1,Department of Water Resources,NA,1,Department of Water Resources,NA,NA,20708,22N15E36H001M,NA,Unknown,Unknown,5-012.01,Sierra Valley,Plumas,462,Irrigation,Unknown,DWR,1980-10-04 - 2000-03-26,38,spring,NA,NA,-1,16,1992,NA,1991-10-01T00:00:00Z,1992-10-01T00:00:00Z,-120.244,39.7161
397161N1202444W001,801916,1991-10-22T00:00:00Z,4903.59,4903.59,0,48.3,4855.29,48.3,48.3,NA,Unknown,Water level accuracy is unknown,1,Department of Water Resources,NA,1,Department of Water Resources,NA,NA,20708,22N15E36H001M,NA,Unknown,Unknown,5-012.01,Sierra Valley,Plumas,462,Irrigation,Unknown,DWR,1980-10-04 - 2000-03-26,38,fall,22.3,69.6,NA,NA,1992,NA,1991-10-01T00:00:00Z,1992-10-01T00:00:00Z,-120.244,39.7161
397161N1202444W001,801915,1991-02-28T00:00:00Z,4903.59,4903.59,0,16.2,4887.39,16.2,16.2,NA,Unknown,Water level accuracy is unknown,1,Department of Water Resources,NA,1,Department of Water Resources,NA,NA,20708,22N15E36H001M,NA,Unknown,Unknown,5-012.01,Sierra Valley,Plumas,462,Irrigation,Unknown,DWR,1980-10-04 - 2000-03-26,38,other,NA,NA,NA,NA,1991,NA,1990-10-01T00:00:00Z,1991-10-01T00:00:00Z,-120.244,39.7161
397161N1202444W001,801913,1988-03-23T00:00:00Z,4903.59,4903.59,0,14.2,4889.39,14.2,14.2,NA,Unknown,Water level accuracy is unknown,1,Department of Water Resources,NA,1,Department of Water Resources,NA,NA,20708,22N15E36H001M,NA,Unknown,Unknown,5-012.01,Sierra Valley,Plumas,462,Irrigation,Unknown,DWR,1980-10-04 - 2000-03-26,38,spring,NA,NA,-1,16,1988,NA,1987-10-01T00:00:00Z,1988-10-01T00:00:00Z,-120.244,39.7161
397161N1202444W001,801910,1986-10-03T00:00:00Z,4903.59,4903.59,0,46.4,4857.19,46.4,46.4,NA,Unknown,Water level accuracy is unknown,1,Department of Water Resources,NA,1,Department of Water Resources,NA,NA,20708,22N15E36H001M,NA,Unknown,Unknown,5-012.01,Sierra Valley,Plumas,462,Irrigation,Unknown,DWR,1980-10-04 - 2000-03-26,38,fall,22.3,69.6,NA,NA,1987,Dry,1986-10-01T00:00:00Z,1987-10-01T00:00:00Z,-120.244,39.7161
397161N1202444W001,801909,1986-04-02T00:00:00Z,4903.59,4903.59,0,1.7,4901.89,1.7,1.7,NA,Unknown,Water level accuracy is unknown,1,Department of Water Resources,NA,1,Department of Water Resources,NA,NA,20708,22N15E36H001M,NA,Unknown,Unknown,5-012.01,Sierra Valley,Plumas,462,Irrigation,Unknown,DWR,1980-10-04 - 2000-03-26,38,spring,NA,NA,-1,16,1986,Wet,1985-10-01T00:00:00Z,1986-10-01T00:00:00Z,-120.244,39.7161
397161N1202444W001,801906,1984-10-03T00:00:00Z,4903.59,4903.59,0,38,4865.59,38,38,NA,Unknown,Water level accuracy is unknown,1,Department of Water Resources,NA,1,Department of Water Resources,NA,NA,20708,22N15E36H001M,NA,Unknown,Unknown,5-012.01,Sierra Valley,Plumas,462,Irrigation,Unknown,DWR,1980-10-04 - 2000-03-26,38,fall,22.3,69.6,NA,NA,1985,Dry,1984-10-01T00:00:00Z,1985-10-01T00:00:00Z,-120.244,39.7161
397161N1202444W001,801904,1983-09-28T00:00:00Z,4903.59,4903.59,0,30,4873.59,30,30,NA,Unknown,Water level accuracy is unknown,1,Department of Water Resources,NA,1,Department of Water Resources,NA,NA,20708,22N15E36H001M,NA,Unknown,Unknown,5-012.01,Sierra Valley,Plumas,462,Irrigation,Unknown,DWR,1980-10-04 - 2000-03-26,38,fall,22.3,69.6,NA,NA,1983,NA,1982-10-01T00:00:00Z,1983-10-01T00:00:00Z,-120.244,39.7161
397161N1202444W001,801903,1983-04-14T00:00:00Z,4903.59,4903.59,0,1.8,4901.79,1.8,1.8,NA,Unknown,Water level accuracy is unknown,1,Department of Water Resources,NA,1,Department of Water Resources,NA,NA,20708,22N15E36H001M,NA,Unknown,Unknown,5-012.01,Sierra Valley,Plumas,462,Irrigation,Unknown,DWR,1980-10-04 - 2000-03-26,38,spring,NA,NA,-1,16,1983,NA,1982-10-01T00:00:00Z,1983-10-01T00:00:00Z,-120.244,39.7161
397161N1202444W001,801902,1982-10-07T00:00:00Z,4903.59,4903.59,0,41.1,4862.49,41.1,41.1,NA,Unknown,Water level accuracy is unknown,1,Department of Water Resources,NA,1,Department of Water Resources,NA,NA,20708,22N15E36H001M,NA,Unknown,Unknown,5-012.01,Sierra Valley,Plumas,462,Irrigation,Unknown,DWR,1980-10-04 - 2000-03-26,38,fall,22.3,69.6,NA,NA,1983,NA,1982-10-01T00:00:00Z,1983-10-01T00:00:00Z,-120.244,39.7161
397161N1202444W001,801901,1982-04-27T00:00:00Z,4903.59,4903.59,0,2.4,4901.19,2.4,2.4,NA,Unknown,Water level accuracy is unknown,1,Department of Water Resources,NA,1,Department of Water Resources,NA,NA,20708,22N15E36H001M,NA,Unknown,Unknown,5-012.01,Sierra Valley,Plumas,462,Irrigation,Unknown,DWR,1980-10-04 - 2000-03-26,38,spring,NA,NA,-1,16,1982,Wet,1981-10-01T00:00:00Z,1982-10-01T00:00:00Z,-120.244,39.7161
397161N1202444W001,801900,1982-02-05T00:00:00Z,4903.59,4903.59,0,9.3,4894.29,9.3,9.3,NA,Unknown,Water level accuracy is unknown,1,Department of Water Resources,NA,1,Department of Water Resources,NA,NA,20708,22N15E36H001M,NA,Unknown,Unknown,5-012.01,Sierra Valley,Plumas,462,Irrigation,Unknown,DWR,1980-10-04 - 2000-03-26,38,other,NA,NA,NA,NA,1982,Wet,1981-10-01T00:00:00Z,1982-10-01T00:00:00Z,-120.244,39.7161
397161N1202444W001,801899,1981-10-15T00:00:00Z,4903.59,4903.59,0,42.5,4861.09,42.5,42.5,NA,Unknown,Water level accuracy is unknown,1,Department of Water Resources,NA,1,Department of Water Resources,NA,NA,20708,22N15E36H001M,NA,Unknown,Unknown,5-012.01,Sierra Valley,Plumas,462,Irrigation,Unknown,DWR,1980-10-04 - 2000-03-26,38,fall,22.3,69.6,NA,NA,1982,Wet,1981-10-01T00:00:00Z,1982-10-01T00:00:00Z,-120.244,39.7161
397161N1202444W001,801898,1981-10-04T00:00:00Z,4903.59,4903.59,0,69.6,4833.99,69.6,69.6,NA,Unknown,Water level accuracy is unknown,1,Department of Water Resources,NA,1,Department of Water Resources,NA,NA,20708,22N15E36H001M,NA,Unknown,Unknown,5-012.01,Sierra Valley,Plumas,462,Irrigation,Unknown,DWR,1980-10-04 - 2000-03-26,38,fall,22.3,69.6,NA,NA,1982,Wet,1981-10-01T00:00:00Z,1982-10-01T00:00:00Z,-120.244,39.7161
397161N1202444W001,801897,1981-04-09T00:00:00Z,4903.59,4903.59,0,-1,4904.59,-1,-1,NA,Unknown,Water level accuracy is unknown,1,Department of Water Resources,NA,1,Department of Water Resources,NA,NA,20708,22N15E36H001M,NA,Unknown,Unknown,5-012.01,Sierra Valley,Plumas,462,Irrigation,Unknown,DWR,1980-10-04 - 2000-03-26,38,spring,NA,NA,-1,16,1981,Dry,1980-10-01T00:00:00Z,1981-10-01T00:00:00Z,-120.244,39.7161
397161N1202444W001,801896,1980-10-04T00:00:00Z,4903.59,4903.59,0,38,4865.59,38,38,NA,Unknown,Water level accuracy is unknown,1,Department of Water Resources,NA,1,Department of Water Resources,NA,NA,20708,22N15E36H001M,NA,Unknown,Unknown,5-012.01,Sierra Valley,Plumas,462,Irrigation,Unknown,DWR,1980-10-04 - 2000-03-26,38,fall,22.3,69.6,NA,NA,1981,Dry,1980-10-01T00:00:00Z,1981-10-01T00:00:00Z,-120.244,39.7161
