SITE_CODE,WLM_ID,MSMT_DATE,WLM_RPE,WLM_GSE,RDNG_WS,RDNG_RP,WSE,RPE_WSE,GSE_WSE,WLM_QA_DESC,WLM_DESC,WLM_ACC_DESC,WLM_ORG_ID,WLM_ORG_NAME,MSMT_CMT,COOP_AGENCY_ORG_ID,COOP_ORG_NAME,TOP_PRF,BOT_PRF,STN_ID,SWN,WELL_NAME,WLM_METHOD,WLM_ACC,BASIN_CODE,BASIN_NAME,COUNTY_NAME,WELL_DEPTH,WELL_USE,WELL_TYPE,WCR_NO,t_range,n_samples,season,fall_high,fall_low,spring_high,spring_low,water_year,water_year_type,water_year_start,water_year_end,X,Y
397259N1202270W001,1770699,1998-10-14T00:00:00Z,4919.62,4918.62,0,21,4898.62,21,20,NA,Unknown,Water level accuracy is unknown,1,Department of Water Resources,NA,1,Department of Water Resources,NA,NA,36147,22N16E30Q001M,NA,Unknown,Unknown,5-012.01,Sierra Valley,Plumas,NA,Irrigation,Unknown,NA,1981-04-22 - 2000-03-26,41,fall,18.1,42.9,NA,NA,1999,NA,1998-10-01T00:00:00Z,1999-10-01T00:00:00Z,-120.227,39.7259
397259N1202270W001,1770698,1997-10-17T00:00:00Z,4919.62,4918.62,0,21.6,4898.02,21.6,20.6,NA,Unknown,Water level accuracy is unknown,1,Department of Water Resources,NA,1,Department of Water Resources,NA,NA,36147,22N16E30Q001M,NA,Unknown,Unknown,5-012.01,Sierra Valley,Plumas,NA,Irrigation,Unknown,NA,1981-04-22 - 2000-03-26,41,fall,18.1,42.9,NA,NA,1998,NA,1997-10-01T00:00:00Z,1998-10-01T00:00:00Z,-120.227,39.7259
397259N1202270W001,1770696,1997-04-04T00:00:00Z,4919.62,4918.62,0,17.2,4902.42,17.2,16.2,Oil or foreign substance in casing,Unknown,Water level accuracy is unknown,1,Department of Water Resources,NA,1,Department of Water Resources,NA,NA,36147,22N16E30Q001M,NA,Unknown,Unknown,5-012.01,Sierra Valley,Plumas,NA,Irrigation,Unknown,NA,1981-04-22 - 2000-03-26,41,spring,NA,NA,7.7,30.3,1997,NA,1996-10-01T00:00:00Z,1997-10-01T00:00:00Z,-120.227,39.7259
397259N1202270W001,1770697,1996-10-30T00:00:00Z,4919.62,4918.62,0,23.4,4896.22,23.4,22.4,Oil or foreign substance in casing,Unknown,Water level accuracy is unknown,1,Department of Water Resources,NA,1,Department of Water Resources,NA,NA,36147,22N16E30Q001M,NA,Unknown,Unknown,5-012.01,Sierra Valley,Plumas,NA,Irrigation,Unknown,NA,1981-04-22 - 2000-03-26,41,fall,18.1,42.9,NA,NA,1997,NA,1996-10-01T00:00:00Z,1997-10-01T00:00:00Z,-120.227,39.7259
397259N1202270W001,1770695,1996-05-07T00:00:00Z,4919.62,4918.62,0,22.6,4897.02,22.6,21.6,NA,Unknown,Water level accuracy is unknown,1,Department of Water Resources,NA,1,Department of Water Resources,NA,NA,36147,22N16E30Q001M,NA,Unknown,Unknown,5-012.01,Sierra Valley,Plumas,NA,Irrigation,Unknown,NA,1981-04-22 - 2000-03-26,41,spring,NA,NA,7.7,30.3,1996,NA,1995-10-01T00:00:00Z,1996-10-01T00:00:00Z,-120.227,39.7259
397259N1202270W001,1770694,1995-10-25T00:00:00Z,4919.62,4918.62,0,30.6,4889.02,30.6,29.6,Oil or foreign substance in casing,Unknown,Water level accuracy is unknown,1,Department of Water Resources,NA,1,Department of Water Resources,NA,NA,36147,22N16E30Q001M,NA,Unknown,Unknown,5-012.01,Sierra Valley,Plumas,NA,Irrigation,Unknown,NA,1981-04-22 - 2000-03-26,41,fall,18.1,42.9,NA,NA,1996,NA,1995-10-01T00:00:00Z,1996-10-01T00:00:00Z,-120.227,39.7259
397259N1202270W001,1770692,1994-10-29T00:00:00Z,4919.62,4918.62,0,43.9,4875.72,43.9,42.9,Oil or foreign substance in casing,Unknown,Water level accuracy is unknown,1,Department of Water Resources,NA,1,Department of Water Resources,NA,NA,36147,22N16E30Q001M,NA,Unknown,Unknown,5-012.01,Sierra Valley,Plumas,NA,Irrigation,Unknown,NA,1981-04-22 - 2000-03-26,41,fall,18.1,42.9,NA,NA,1995,Wet,1994-10-01T00:00:00Z,1995-10-01T00:00:00Z,-120.227,39.7259
397259N1202270W001,1770691,1994-03-29T00:00:00Z,4919.62,4918.62,0,29.3,4890.32,29.3,28.3,Oil or foreign substance in casing,Unknown,Water level accuracy is unknown,1,Department of Water Resources,NA,1,Department of Water Resources,NA,NA,36147,22N16E30Q001M,NA,Unknown,Unknown,5-012.01,Sierra Valley,Plumas,NA,Irrigation,Unknown,NA,1981-04-22 - 2000-03-26,41,spring,NA,NA,7.7,30.3,1994,Dry,1993-10-01T00:00:00Z,1994-10-01T00:00:00Z,-120.227,39.7259
397259N1202270W001,1770690,1993-10-19T00:00:00Z,4919.62,4918.62,0,36.6,4883.02,36.6,35.6,Oil or foreign substance in casing,Unknown,Water level accuracy is unknown,1,Department of Water Resources,NA,1,Department of Water Resources,NA,NA,36147,22N16E30Q001M,NA,Unknown,Unknown,5-012.01,Sierra Valley,Plumas,NA,Irrigation,Unknown,NA,1981-04-22 - 2000-03-26,41,fall,18.1,42.9,NA,NA,1994,Dry,1993-10-01T00:00:00Z,1994-10-01T00:00:00Z,-120.227,39.7259
397259N1202270W001,1770689,1993-04-20T00:00:00Z,4919.62,4918.62,0,31.3,4888.32,31.3,30.3,NA,Unknown,Water level accuracy is unknown,1,Department of Water Resources,NA,1,Department of Water Resources,NA,NA,36147,22N16E30Q001M,NA,Unknown,Unknown,5-012.01,Sierra Valley,Plumas,NA,Irrigation,Unknown,NA,1981-04-22 - 2000-03-26,41,spring,NA,NA,7.7,30.3,1993,NA,1992-10-01T00:00:00Z,1993-10-01T00:00:00Z,-120.227,39.7259
397259N1202270W001,1770688,1992-10-22T00:00:00Z,4919.62,4918.62,0,40.4,4879.22,40.4,39.4,NA,Unknown,Water level accuracy is unknown,1,Department of Water Resources,NA,1,Department of Water Resources,NA,NA,36147,22N16E30Q001M,NA,Unknown,Unknown,5-012.01,Sierra Valley,Plumas,NA,Irrigation,Unknown,NA,1981-04-22 - 2000-03-26,41,fall,18.1,42.9,NA,NA,1993,NA,1992-10-01T00:00:00Z,1993-10-01T00:00:00Z,-120.227,39.7259
397259N1202270W001,1770687,1992-03-24T00:00:00Z,4919.62,4918.62,0,28.3,4891.32,28.3,27.3,Oil or foreign substance in casing,Unknown,Water level accuracy is unknown,1,Department of Water Resources,NA,1,Department of Water Resources,NA,NA,36147,22N16E30Q001M,NA,Unknown,Unknown,5-012.01,Sierra Valley,Plumas,NA,Irrigation,Unknown,NA,1981-04-22 - 2000-03-26,41,spring,NA,NA,7.7,30.3,1992,NA,1991-10-01T00:00:00Z,1992-10-01T00:00:00Z,-120.227,39.7259
397259N1202270W001,1770686,1991-10-22T00:00:00Z,4919.62,4918.62,0,35.1,4884.52,35.1,34.1,Oil or foreign substance in casing,Unknown,Water level accuracy is unknown,1,Department of Water Resources,NA,1,Department of Water Resources,NA,NA,36147,22N16E30Q001M,NA,Unknown,Unknown,5-012.01,Sierra Valley,Plumas,NA,Irrigation,Unknown,NA,1981-04-22 - 2000-03-26,41,fall,18.1,42.9,NA,NA,1992,NA,1991-10-01T00:00:00Z,1992-10-01T00:00:00Z,-120.227,39.7259
397259N1202270W001,1770685,1991-02-27T00:00:00Z,4919.62,4918.62,0,30.9,4888.72,30.9,29.9,NA,Unknown,Water level accuracy is unknown,1,Department of Water Resources,NA,1,Department of Water Resources,NA,NA,36147,22N16E30Q001M,NA,Unknown,Unknown,5-012.01,Sierra Valley,Plumas,NA,Irrigation,Unknown,NA,1981-04-22 - 2000-03-26,41,other,NA,NA,NA,NA,1991,NA,1990-10-01T00:00:00Z,1991-10-01T00:00:00Z,-120.227,39.7259
397259N1202270W001,1770684,1990-10-24T00:00:00Z,4919.62,4918.62,0,32.8,4886.82,32.8,31.8,Pumping,Unknown,Water level accuracy is unknown,1,Department of Water Resources,NA,1,Department of Water Resources,NA,NA,36147,22N16E30Q001M,NA,Unknown,Unknown,5-012.01,Sierra Valley,Plumas,NA,Irrigation,Unknown,NA,1981-04-22 - 2000-03-26,41,fall,18.1,42.9,NA,NA,1991,NA,1990-10-01T00:00:00Z,1991-10-01T00:00:00Z,-120.227,39.7259
397259N1202270W001,1770683,1990-04-12T00:00:00Z,4919.62,4918.62,0,24.2,4895.42,24.2,23.2,Oil or foreign substance in casing,Unknown,Water level accuracy is unknown,1,Department of Water Resources,NA,388,Sierra Valley Groundwater Management District,NA,NA,36147,22N16E30Q001M,NA,Unknown,Unknown,5-012.01,Sierra Valley,Plumas,NA,Irrigation,Unknown,NA,1981-04-22 - 2000-03-26,41,spring,NA,NA,7.7,30.3,1990,NA,1989-10-01T00:00:00Z,1990-10-01T00:00:00Z,-120.227,39.7259
397259N1202270W001,1770682,1989-09-26T00:00:00Z,4919.62,4918.62,0,29.2,4890.42,29.2,28.2,Oil or foreign substance in casing,Unknown,Water level accuracy is unknown,1,Department of Water Resources,NA,1,Department of Water Resources,NA,NA,36147,22N16E30Q001M,NA,Unknown,Unknown,5-012.01,Sierra Valley,Plumas,NA,Irrigation,Unknown,NA,1981-04-22 - 2000-03-26,41,fall,18.1,42.9,NA,NA,1989,NA,1988-10-01T00:00:00Z,1989-10-01T00:00:00Z,-120.227,39.7259
397259N1202270W001,1770681,1989-04-16T00:00:00Z,4919.62,4918.62,0,22,4897.62,22,21,Oil or foreign substance in casing,Unknown,Water level accuracy is unknown,1,Department of Water Resources,NA,1,Department of Water Resources,NA,NA,36147,22N16E30Q001M,NA,Unknown,Unknown,5-012.01,Sierra Valley,Plumas,NA,Irrigation,Unknown,NA,1981-04-22 - 2000-03-26,41,spring,NA,NA,7.7,30.3,1989,NA,1988-10-01T00:00:00Z,1989-10-01T00:00:00Z,-120.227,39.7259
397259N1202270W001,1770680,1988-10-29T00:00:00Z,4919.62,4918.62,0,29.5,4890.12,29.5,28.5,Oil or foreign substance in casing,Unknown,Water level accuracy is unknown,1,Department of Water Resources,NA,1,Department of Water Resources,NA,NA,36147,22N16E30Q001M,NA,Unknown,Unknown,5-012.01,Sierra Valley,Plumas,NA,Irrigation,Unknown,NA,1981-04-22 - 2000-03-26,41,fall,18.1,42.9,NA,NA,1989,NA,1988-10-01T00:00:00Z,1989-10-01T00:00:00Z,-120.227,39.7259
397259N1202270W001,1770679,1988-03-21T00:00:00Z,4919.62,4918.62,0,20.5,4899.12,20.5,19.5,Oil or foreign substance in casing,Unknown,Water level accuracy is unknown,1,Department of Water Resources,NA,1,Department of Water Resources,NA,NA,36147,22N16E30Q001M,NA,Unknown,Unknown,5-012.01,Sierra Valley,Plumas,NA,Irrigation,Unknown,NA,1981-04-22 - 2000-03-26,41,spring,NA,NA,7.7,30.3,1988,NA,1987-10-01T00:00:00Z,1988-10-01T00:00:00Z,-120.227,39.7259
397259N1202270W001,1770678,1987-10-20T00:00:00Z,4919.62,4918.62,0,31.4,4888.22,31.4,30.4,Oil or foreign substance in casing,Unknown,Water level accuracy is unknown,1,Department of Water Resources,NA,1,Department of Water Resources,NA,NA,36147,22N16E30Q001M,NA,Unknown,Unknown,5-012.01,Sierra Valley,Plumas,NA,Irrigation,Unknown,NA,1981-04-22 - 2000-03-26,41,fall,18.1,42.9,NA,NA,1988,NA,1987-10-01T00:00:00Z,1988-10-01T00:00:00Z,-120.227,39.7259
397259N1202270W001,1770677,1987-04-07T00:00:00Z,4919.62,4918.62,0,16,4903.62,16,15,Oil or foreign substance in casing,Unknown,Water level accuracy is unknown,1,Department of Water Resources,NA,1,Department of Water Resources,NA,NA,36147,22N16E30Q001M,NA,Unknown,Unknown,5-012.01,Sierra Valley,Plumas,NA,Irrigation,Unknown,NA,1981-04-22 - 2000-03-26,41,spring,NA,NA,7.7,30.3,1987,Dry,1986-10-01T00:00:00Z,1987-10-01T00:00:00Z,-120.227,39.7259
397259N1202270W001,1770676,1986-10-01T00:00:00Z,4920.12,4918.62,0,22.2,4897.92,22.2,20.7,NA,Unknown,Water level accuracy is unknown,1,Department of Water Resources,NA,1,Department of Water Resources,NA,NA,36147,22N16E30Q001M,NA,Unknown,Unknown,5-012.01,Sierra Valley,Plumas,NA,Irrigation,Unknown,NA,1981-04-22 - 2000-03-26,41,fall,18.1,42.9,NA,NA,1987,Dry,1986-10-01T00:00:00Z,1987-10-01T00:00:00Z,-120.227,39.7259
397259N1202270W001,1770675,1986-04-01T00:00:00Z,4920.12,4918.62,0,12,4908.12,12,10.5,Oil or foreign substance in casing,Unknown,Water level accuracy is unknown,1,Department of Water Resources,NA,1,Department of Water Resources,NA,NA,36147,22N16E30Q001M,NA,Unknown,Unknown,5-012.01,Sierra Valley,Plumas,NA,Irrigation,Unknown,NA,1981-04-22 - 2000-03-26,41,spring,NA,NA,7.7,30.3,1986,Wet,1985-10-01T00:00:00Z,1986-10-01T00:00:00Z,-120.227,39.7259
397259N1202270W001,1770674,1985-10-06T00:00:00Z,4920.12,4918.62,0,22.6,4897.52,22.6,21.1,Oil or foreign substance in casing,Unknown,Water level accuracy is unknown,1,Department of Water Resources,NA,1,Department of Water Resources,NA,NA,36147,22N16E30Q001M,NA,Unknown,Unknown,5-012.01,Sierra Valley,Plumas,NA,Irrigation,Unknown,NA,1981-04-22 - 2000-03-26,41,fall,18.1,42.9,NA,NA,1986,Wet,1985-10-01T00:00:00Z,1986-10-01T00:00:00Z,-120.227,39.7259
397259N1202270W001,1770673,1985-04-04T00:00:00Z,4920.12,4918.62,0,10,4910.12,10,8.5,Oil or foreign substance in casing,Unknown,Water level accuracy is unknown,1,Department of Water Resources,NA,1,Department of Water Resources,NA,NA,36147,22N16E30Q001M,NA,Unknown,Unknown,5-012.01,Sierra Valley,Plumas,NA,Irrigation,Unknown,NA,1981-04-22 - 2000-03-26,41,spring,NA,NA,7.7,30.3,1985,Dry,1984-10-01T00:00:00Z,1985-10-01T00:00:00Z,-120.227,39.7259
397259N1202270W001,1770672,1984-10-03T00:00:00Z,4920.12,4918.62,0,19.7,4900.42,19.7,18.2,Oil or foreign substance in casing,Unknown,Water level accuracy is unknown,1,Department of Water Resources,NA,1,Department of Water Resources,NA,NA,36147,22N16E30Q001M,NA,Unknown,Unknown,5-012.01,Sierra Valley,Plumas,NA,Irrigation,Unknown,NA,1981-04-22 - 2000-03-26,41,fall,18.1,42.9,NA,NA,1985,Dry,1984-10-01T00:00:00Z,1985-10-01T00:00:00Z,-120.227,39.7259
397259N1202270W001,1770671,1984-03-16T00:00:00Z,4920.12,4918.62,0,9.2,4910.92,9.2,7.7,Oil or foreign substance in casing,Unknown,Water level accuracy is unknown,1,Department of Water Resources,NA,1,Department of Water Resources,NA,NA,36147,22N16E30Q001M,NA,Unknown,Unknown,5-012.01,Sierra Valley,Plumas,NA,Irrigation,Unknown,NA,1981-04-22 - 2000-03-26,41,spring,NA,NA,7.7,30.3,1984,NA,1983-10-01T00:00:00Z,1984-10-01T00:00:00Z,-120.227,39.7259
397259N1202270W001,1770670,1983-09-28T00:00:00Z,4920.12,4918.62,0,19.6,4900.52,19.6,18.1,Oil or foreign substance in casing,Unknown,Water level accuracy is unknown,1,Department of Water Resources,NA,1,Department of Water Resources,NA,NA,36147,22N16E30Q001M,NA,Unknown,Unknown,5-012.01,Sierra Valley,Plumas,NA,Irrigation,Unknown,NA,1981-04-22 - 2000-03-26,41,fall,18.1,42.9,NA,NA,1983,NA,1982-10-01T00:00:00Z,1983-10-01T00:00:00Z,-120.227,39.7259
397259N1202270W001,1770669,1983-04-13T00:00:00Z,4920.12,4918.62,0,13.7,4906.42,13.7,12.2,Oil or foreign substance in casing,Unknown,Water level accuracy is unknown,1,Department of Water Resources,NA,1,Department of Water Resources,NA,NA,36147,22N16E30Q001M,NA,Unknown,Unknown,5-012.01,Sierra Valley,Plumas,NA,Irrigation,Unknown,NA,1981-04-22 - 2000-03-26,41,spring,NA,NA,7.7,30.3,1983,NA,1982-10-01T00:00:00Z,1983-10-01T00:00:00Z,-120.227,39.7259
397259N1202270W001,1770668,1982-10-07T00:00:00Z,4920.12,4918.62,0,25.6,4894.52,25.6,24.1,NA,Unknown,Water level accuracy is unknown,1,Department of Water Resources,NA,1,Department of Water Resources,NA,NA,36147,22N16E30Q001M,NA,Unknown,Unknown,5-012.01,Sierra Valley,Plumas,NA,Irrigation,Unknown,NA,1981-04-22 - 2000-03-26,41,fall,18.1,42.9,NA,NA,1983,NA,1982-10-01T00:00:00Z,1983-10-01T00:00:00Z,-120.227,39.7259
397259N1202270W001,1770667,1982-09-16T00:00:00Z,4920.12,4918.62,0,31.9,4888.22,31.9,30.4,NA,Unknown,Water level accuracy is unknown,1,Department of Water Resources,NA,1,Department of Water Resources,NA,NA,36147,22N16E30Q001M,NA,Unknown,Unknown,5-012.01,Sierra Valley,Plumas,NA,Irrigation,Unknown,NA,1981-04-22 - 2000-03-26,41,fall,18.1,42.9,NA,NA,1982,Wet,1981-10-01T00:00:00Z,1982-10-01T00:00:00Z,-120.227,39.7259
397259N1202270W001,1770666,1982-04-27T00:00:00Z,4920.12,4918.62,0,14,4906.12,14,12.5,NA,Unknown,Water level accuracy is unknown,1,Department of Water Resources,NA,1,Department of Water Resources,NA,NA,36147,22N16E30Q001M,NA,Unknown,Unknown,5-012.01,Sierra Valley,Plumas,NA,Irrigation,Unknown,NA,1981-04-22 - 2000-03-26,41,spring,NA,NA,7.7,30.3,1982,Wet,1981-10-01T00:00:00Z,1982-10-01T00:00:00Z,-120.227,39.7259
397259N1202270W001,1770665,1981-10-07T00:00:00Z,4920.12,4918.62,0,25.4,4894.72,25.4,23.9,NA,Unknown,Water level accuracy is unknown,1,Department of Water Resources,NA,1,Department of Water Resources,NA,NA,36147,22N16E30Q001M,NA,Unknown,Unknown,5-012.01,Sierra Valley,Plumas,NA,Irrigation,Unknown,NA,1981-04-22 - 2000-03-26,41,fall,18.1,42.9,NA,NA,1982,Wet,1981-10-01T00:00:00Z,1982-10-01T00:00:00Z,-120.227,39.7259
397259N1202270W001,1770664,1981-09-16T00:00:00Z,4920.12,4918.62,0,27.7,4892.42,27.7,26.2,NA,Unknown,Water level accuracy is unknown,1,Department of Water Resources,NA,1,Department of Water Resources,NA,NA,36147,22N16E30Q001M,NA,Unknown,Unknown,5-012.01,Sierra Valley,Plumas,NA,Irrigation,Unknown,NA,1981-04-22 - 2000-03-26,41,fall,18.1,42.9,NA,NA,1981,Dry,1980-10-01T00:00:00Z,1981-10-01T00:00:00Z,-120.227,39.7259
397259N1202270W001,1770663,1981-04-22T00:00:00Z,4920.12,4918.62,0,10.9,4909.22,10.9,9.4,NA,Unknown,Water level accuracy is unknown,1,Department of Water Resources,NA,1,Department of Water Resources,NA,NA,36147,22N16E30Q001M,NA,Unknown,Unknown,5-012.01,Sierra Valley,Plumas,NA,Irrigation,Unknown,NA,1981-04-22 - 2000-03-26,41,spring,NA,NA,7.7,30.3,1981,Dry,1980-10-01T00:00:00Z,1981-10-01T00:00:00Z,-120.227,39.7259
