SITE_CODE,WLM_ID,MSMT_DATE,WLM_RPE,WLM_GSE,RDNG_WS,RDNG_RP,WSE,RPE_WSE,GSE_WSE,WLM_QA_DESC,WLM_DESC,WLM_ACC_DESC,WLM_ORG_ID,WLM_ORG_NAME,MSMT_CMT,COOP_AGENCY_ORG_ID,COOP_ORG_NAME,TOP_PRF,BOT_PRF,STN_ID,SWN,WELL_NAME,WLM_METHOD,WLM_ACC,BASIN_CODE,BASIN_NAME,COUNTY_NAME,WELL_DEPTH,WELL_USE,WELL_TYPE,WCR_NO,t_range,n_samples,season,fall_high,fall_low,spring_high,spring_low,water_year,water_year_type,water_year_start,water_year_end,X,Y
397282N1203065W001,1770330,1999-04-14T00:00:00Z,4886.67,4885.07,0,19.5,4867.17,19.5,17.9,NA,Unknown,Water level accuracy is unknown,1,Department of Water Resources,NA,1,Department of Water Resources,NA,NA,20705,22N15E28L001M,NA,Unknown,Unknown,5-012.01,Sierra Valley,Plumas,296,Stockwatering,Unknown,NA,1958-04-16 - 2000-03-26,81,spring,NA,NA,-9.3,31.6,1999,NA,1998-10-01T00:00:00Z,1999-10-01T00:00:00Z,-120.306,39.7282
397282N1203065W001,1770328,1998-10-13T00:00:00Z,4886.67,4885.07,0,27.7,4858.97,27.7,26.1,NA,Unknown,Water level accuracy is unknown,1,Department of Water Resources,NA,1,Department of Water Resources,NA,NA,20705,22N15E28L001M,NA,Unknown,Unknown,5-012.01,Sierra Valley,Plumas,296,Stockwatering,Unknown,NA,1958-04-16 - 2000-03-26,81,fall,-5.6,45.5,NA,NA,1999,NA,1998-10-01T00:00:00Z,1999-10-01T00:00:00Z,-120.306,39.7282
397282N1203065W001,1770327,1998-05-15T00:00:00Z,4886.67,4885.07,0,21.5,4865.17,21.5,19.9,NA,Unknown,Water level accuracy is unknown,1,Department of Water Resources,NA,1,Department of Water Resources,NA,NA,20705,22N15E28L001M,NA,Unknown,Unknown,5-012.01,Sierra Valley,Plumas,296,Stockwatering,Unknown,NA,1958-04-16 - 2000-03-26,81,spring,NA,NA,-9.3,31.6,1998,NA,1997-10-01T00:00:00Z,1998-10-01T00:00:00Z,-120.306,39.7282
397282N1203065W001,1770324,1997-04-05T00:00:00Z,4886.67,4885.07,0,21.4,4865.27,21.4,19.8,NA,Unknown,Water level accuracy is unknown,1,Department of Water Resources,NA,1,Department of Water Resources,NA,NA,20705,22N15E28L001M,NA,Unknown,Unknown,5-012.01,Sierra Valley,Plumas,296,Stockwatering,Unknown,NA,1958-04-16 - 2000-03-26,81,spring,NA,NA,-9.3,31.6,1997,NA,1996-10-01T00:00:00Z,1997-10-01T00:00:00Z,-120.306,39.7282
397282N1203065W001,1770323,1996-05-07T00:00:00Z,4886.67,4885.07,0,24.2,4862.47,24.2,22.6,NA,Unknown,Water level accuracy is unknown,1,Department of Water Resources,NA,1,Department of Water Resources,NA,NA,20705,22N15E28L001M,NA,Unknown,Unknown,5-012.01,Sierra Valley,Plumas,296,Stockwatering,Unknown,NA,1958-04-16 - 2000-03-26,81,spring,NA,NA,-9.3,31.6,1996,NA,1995-10-01T00:00:00Z,1996-10-01T00:00:00Z,-120.306,39.7282
397282N1203065W001,1770322,1995-10-25T00:00:00Z,4886.67,4885.07,0,34.9,4851.77,34.9,33.3,NA,Unknown,Water level accuracy is unknown,1,Department of Water Resources,NA,1,Department of Water Resources,NA,NA,20705,22N15E28L001M,NA,Unknown,Unknown,5-012.01,Sierra Valley,Plumas,296,Stockwatering,Unknown,NA,1958-04-16 - 2000-03-26,81,fall,-5.6,45.5,NA,NA,1996,NA,1995-10-01T00:00:00Z,1996-10-01T00:00:00Z,-120.306,39.7282
397282N1203065W001,1770321,1995-05-31T00:00:00Z,4886.67,4885.07,0,27.7,4858.97,27.7,26.1,NA,Unknown,Water level accuracy is unknown,1,Department of Water Resources,NA,1,Department of Water Resources,NA,NA,20705,22N15E28L001M,NA,Unknown,Unknown,5-012.01,Sierra Valley,Plumas,296,Stockwatering,Unknown,NA,1958-04-16 - 2000-03-26,81,spring,NA,NA,-9.3,31.6,1995,Wet,1994-10-01T00:00:00Z,1995-10-01T00:00:00Z,-120.306,39.7282
397282N1203065W001,1770320,1994-10-29T00:00:00Z,4886.67,4885.07,0,44,4842.67,44,42.4,NA,Unknown,Water level accuracy is unknown,1,Department of Water Resources,NA,1,Department of Water Resources,NA,NA,20705,22N15E28L001M,NA,Unknown,Unknown,5-012.01,Sierra Valley,Plumas,296,Stockwatering,Unknown,NA,1958-04-16 - 2000-03-26,81,fall,-5.6,45.5,NA,NA,1995,Wet,1994-10-01T00:00:00Z,1995-10-01T00:00:00Z,-120.306,39.7282
397282N1203065W001,1770319,1994-03-28T00:00:00Z,4886.67,4885.07,0,28.7,4857.97,28.7,27.1,NA,Unknown,Water level accuracy is unknown,1,Department of Water Resources,NA,1,Department of Water Resources,NA,NA,20705,22N15E28L001M,NA,Unknown,Unknown,5-012.01,Sierra Valley,Plumas,296,Stockwatering,Unknown,NA,1958-04-16 - 2000-03-26,81,spring,NA,NA,-9.3,31.6,1994,Dry,1993-10-01T00:00:00Z,1994-10-01T00:00:00Z,-120.306,39.7282
397282N1203065W001,1770318,1993-10-21T00:00:00Z,4886.67,4885.07,0,36.9,4849.77,36.9,35.3,NA,Unknown,Water level accuracy is unknown,1,Department of Water Resources,NA,1,Department of Water Resources,NA,NA,20705,22N15E28L001M,NA,Unknown,Unknown,5-012.01,Sierra Valley,Plumas,296,Stockwatering,Unknown,NA,1958-04-16 - 2000-03-26,81,fall,-5.6,45.5,NA,NA,1994,Dry,1993-10-01T00:00:00Z,1994-10-01T00:00:00Z,-120.306,39.7282
397282N1203065W001,1770317,1993-04-21T00:00:00Z,4886.67,4885.07,0,33.2,4853.47,33.2,31.6,NA,Unknown,Water level accuracy is unknown,1,Department of Water Resources,NA,1,Department of Water Resources,NA,NA,20705,22N15E28L001M,NA,Unknown,Unknown,5-012.01,Sierra Valley,Plumas,296,Stockwatering,Unknown,NA,1958-04-16 - 2000-03-26,81,spring,NA,NA,-9.3,31.6,1993,NA,1992-10-01T00:00:00Z,1993-10-01T00:00:00Z,-120.306,39.7282
397282N1203065W001,1770316,1992-10-22T00:00:00Z,4886.67,4885.07,0,47.1,4839.57,47.1,45.5,NA,Unknown,Water level accuracy is unknown,1,Department of Water Resources,NA,1,Department of Water Resources,NA,NA,20705,22N15E28L001M,NA,Unknown,Unknown,5-012.01,Sierra Valley,Plumas,296,Stockwatering,Unknown,NA,1958-04-16 - 2000-03-26,81,fall,-5.6,45.5,NA,NA,1993,NA,1992-10-01T00:00:00Z,1993-10-01T00:00:00Z,-120.306,39.7282
397282N1203065W001,1770315,1992-03-23T00:00:00Z,4886.67,4885.07,0,31.4,4855.27,31.4,29.8,NA,Unknown,Water level accuracy is unknown,1,Department of Water Resources,NA,1,Department of Water Resources,NA,NA,20705,22N15E28L001M,NA,Unknown,Unknown,5-012.01,Sierra Valley,Plumas,296,Stockwatering,Unknown,NA,1958-04-16 - 2000-03-26,81,spring,NA,NA,-9.3,31.6,1992,NA,1991-10-01T00:00:00Z,1992-10-01T00:00:00Z,-120.306,39.7282
397282N1203065W001,1770314,1991-10-24T00:00:00Z,4886.67,4885.07,0,40.7,4845.97,40.7,39.1,NA,Unknown,Water level accuracy is unknown,1,Department of Water Resources,NA,1,Department of Water Resources,NA,NA,20705,22N15E28L001M,NA,Unknown,Unknown,5-012.01,Sierra Valley,Plumas,296,Stockwatering,Unknown,NA,1958-04-16 - 2000-03-26,81,fall,-5.6,45.5,NA,NA,1992,NA,1991-10-01T00:00:00Z,1992-10-01T00:00:00Z,-120.306,39.7282
397282N1203065W001,1770313,1991-02-27T00:00:00Z,4886.67,4885.07,0,27.8,4858.87,27.8,26.2,NA,Unknown,Water level accuracy is unknown,1,Department of Water Resources,NA,1,Department of Water Resources,NA,NA,20705,22N15E28L001M,NA,Unknown,Unknown,5-012.01,Sierra Valley,Plumas,296,Stockwatering,Unknown,NA,1958-04-16 - 2000-03-26,81,other,NA,NA,NA,NA,1991,NA,1990-10-01T00:00:00Z,1991-10-01T00:00:00Z,-120.306,39.7282
397282N1203065W001,1770312,1990-10-25T00:00:00Z,4886.67,4885.07,0,5.4,4881.27,5.4,3.8,NA,Unknown,Water level accuracy is unknown,1,Department of Water Resources,NA,1,Department of Water Resources,NA,NA,20705,22N15E28L001M,NA,Unknown,Unknown,5-012.01,Sierra Valley,Plumas,296,Stockwatering,Unknown,NA,1958-04-16 - 2000-03-26,81,fall,-5.6,45.5,NA,NA,1991,NA,1990-10-01T00:00:00Z,1991-10-01T00:00:00Z,-120.306,39.7282
397282N1203065W001,1770311,1990-04-09T00:00:00Z,4886.67,4885.07,0,25.8,4860.87,25.8,24.2,NA,Unknown,Water level accuracy is unknown,1,Department of Water Resources,NA,1,Department of Water Resources,NA,NA,20705,22N15E28L001M,NA,Unknown,Unknown,5-012.01,Sierra Valley,Plumas,296,Stockwatering,Unknown,NA,1958-04-16 - 2000-03-26,81,spring,NA,NA,-9.3,31.6,1990,NA,1989-10-01T00:00:00Z,1990-10-01T00:00:00Z,-120.306,39.7282
397282N1203065W001,1770310,1989-09-27T00:00:00Z,4886.67,4885.07,0,35.1,4851.57,35.1,33.5,NA,Unknown,Water level accuracy is unknown,1,Department of Water Resources,NA,1,Department of Water Resources,NA,NA,20705,22N15E28L001M,NA,Unknown,Unknown,5-012.01,Sierra Valley,Plumas,296,Stockwatering,Unknown,NA,1958-04-16 - 2000-03-26,81,fall,-5.6,45.5,NA,NA,1989,NA,1988-10-01T00:00:00Z,1989-10-01T00:00:00Z,-120.306,39.7282
397282N1203065W001,1770309,1989-04-04T00:00:00Z,4886.67,4885.07,0,23.8,4862.87,23.8,22.2,NA,Unknown,Water level accuracy is unknown,1,Department of Water Resources,NA,1,Department of Water Resources,NA,NA,20705,22N15E28L001M,NA,Unknown,Unknown,5-012.01,Sierra Valley,Plumas,296,Stockwatering,Unknown,NA,1958-04-16 - 2000-03-26,81,spring,NA,NA,-9.3,31.6,1989,NA,1988-10-01T00:00:00Z,1989-10-01T00:00:00Z,-120.306,39.7282
397282N1203065W001,1770308,1988-10-26T00:00:00Z,4886.67,4885.07,0,37.6,4849.07,37.6,36,NA,Unknown,Water level accuracy is unknown,1,Department of Water Resources,NA,1,Department of Water Resources,NA,NA,20705,22N15E28L001M,NA,Unknown,Unknown,5-012.01,Sierra Valley,Plumas,296,Stockwatering,Unknown,NA,1958-04-16 - 2000-03-26,81,fall,-5.6,45.5,NA,NA,1989,NA,1988-10-01T00:00:00Z,1989-10-01T00:00:00Z,-120.306,39.7282
397282N1203065W001,1770307,1988-03-23T00:00:00Z,4886.67,4885.07,0,22.7,4863.97,22.7,21.1,NA,Unknown,Water level accuracy is unknown,1,Department of Water Resources,NA,1,Department of Water Resources,NA,NA,20705,22N15E28L001M,NA,Unknown,Unknown,5-012.01,Sierra Valley,Plumas,296,Stockwatering,Unknown,NA,1958-04-16 - 2000-03-26,81,spring,NA,NA,-9.3,31.6,1988,NA,1987-10-01T00:00:00Z,1988-10-01T00:00:00Z,-120.306,39.7282
397282N1203065W001,1770305,1987-04-08T00:00:00Z,4886.67,4885.07,0,18.2,4868.47,18.2,16.6,NA,Unknown,Water level accuracy is unknown,1,Department of Water Resources,NA,1,Department of Water Resources,NA,NA,20705,22N15E28L001M,NA,Unknown,Unknown,5-012.01,Sierra Valley,Plumas,296,Stockwatering,Unknown,NA,1958-04-16 - 2000-03-26,81,spring,NA,NA,-9.3,31.6,1987,Dry,1986-10-01T00:00:00Z,1987-10-01T00:00:00Z,-120.306,39.7282
397282N1203065W001,1770304,1986-10-04T00:00:00Z,4886.67,4885.07,0,25.9,4860.77,25.9,24.3,NA,Unknown,Water level accuracy is unknown,1,Department of Water Resources,NA,1,Department of Water Resources,NA,NA,20705,22N15E28L001M,NA,Unknown,Unknown,5-012.01,Sierra Valley,Plumas,296,Stockwatering,Unknown,NA,1958-04-16 - 2000-03-26,81,fall,-5.6,45.5,NA,NA,1987,Dry,1986-10-01T00:00:00Z,1987-10-01T00:00:00Z,-120.306,39.7282
397282N1203065W001,1770303,1986-04-02T00:00:00Z,4886.67,4885.07,0,19.1,4867.57,19.1,17.5,NA,Unknown,Water level accuracy is unknown,1,Department of Water Resources,NA,1,Department of Water Resources,NA,NA,20705,22N15E28L001M,NA,Unknown,Unknown,5-012.01,Sierra Valley,Plumas,296,Stockwatering,Unknown,NA,1958-04-16 - 2000-03-26,81,spring,NA,NA,-9.3,31.6,1986,Wet,1985-10-01T00:00:00Z,1986-10-01T00:00:00Z,-120.306,39.7282
397282N1203065W001,1770302,1985-10-05T00:00:00Z,4886.67,4885.07,0,29,4857.67,29,27.4,NA,Unknown,Water level accuracy is unknown,1,Department of Water Resources,NA,1,Department of Water Resources,NA,NA,20705,22N15E28L001M,NA,Unknown,Unknown,5-012.01,Sierra Valley,Plumas,296,Stockwatering,Unknown,NA,1958-04-16 - 2000-03-26,81,fall,-5.6,45.5,NA,NA,1986,Wet,1985-10-01T00:00:00Z,1986-10-01T00:00:00Z,-120.306,39.7282
397282N1203065W001,1770301,1985-03-25T00:00:00Z,4886.67,4885.07,0,14.8,4871.87,14.8,13.2,NA,Unknown,Water level accuracy is unknown,1,Department of Water Resources,NA,1,Department of Water Resources,NA,NA,20705,22N15E28L001M,NA,Unknown,Unknown,5-012.01,Sierra Valley,Plumas,296,Stockwatering,Unknown,NA,1958-04-16 - 2000-03-26,81,spring,NA,NA,-9.3,31.6,1985,Dry,1984-10-01T00:00:00Z,1985-10-01T00:00:00Z,-120.306,39.7282
397282N1203065W001,1770299,1984-03-16T00:00:00Z,4886.67,4885.07,0,11.1,4875.57,11.1,9.5,NA,Unknown,Water level accuracy is unknown,1,Department of Water Resources,NA,1,Department of Water Resources,NA,NA,20705,22N15E28L001M,NA,Unknown,Unknown,5-012.01,Sierra Valley,Plumas,296,Stockwatering,Unknown,NA,1958-04-16 - 2000-03-26,81,spring,NA,NA,-9.3,31.6,1984,NA,1983-10-01T00:00:00Z,1984-10-01T00:00:00Z,-120.306,39.7282
397282N1203065W001,1770298,1983-09-27T00:00:00Z,4886.67,4885.07,0,16.7,4869.97,16.7,15.1,NA,Unknown,Water level accuracy is unknown,1,Department of Water Resources,NA,1,Department of Water Resources,NA,NA,20705,22N15E28L001M,NA,Unknown,Unknown,5-012.01,Sierra Valley,Plumas,296,Stockwatering,Unknown,NA,1958-04-16 - 2000-03-26,81,fall,-5.6,45.5,NA,NA,1983,NA,1982-10-01T00:00:00Z,1983-10-01T00:00:00Z,-120.306,39.7282
397282N1203065W001,1770297,1983-04-06T00:00:00Z,4886.67,4885.07,0,11.8,4874.87,11.8,10.2,NA,Unknown,Water level accuracy is unknown,1,Department of Water Resources,NA,1,Department of Water Resources,NA,NA,20705,22N15E28L001M,NA,Unknown,Unknown,5-012.01,Sierra Valley,Plumas,296,Stockwatering,Unknown,NA,1958-04-16 - 2000-03-26,81,spring,NA,NA,-9.3,31.6,1983,NA,1982-10-01T00:00:00Z,1983-10-01T00:00:00Z,-120.306,39.7282
397282N1203065W001,1770295,1982-07-28T00:00:00Z,4886.67,4885.07,0,12.3,4874.37,12.3,10.7,NA,Unknown,Water level accuracy is unknown,1,Department of Water Resources,NA,1,Department of Water Resources,NA,NA,20705,22N15E28L001M,NA,Unknown,Unknown,5-012.01,Sierra Valley,Plumas,296,Stockwatering,Unknown,NA,1958-04-16 - 2000-03-26,81,other,NA,NA,NA,NA,1982,Wet,1981-10-01T00:00:00Z,1982-10-01T00:00:00Z,-120.306,39.7282
397282N1203065W001,1770294,1981-10-07T00:00:00Z,4886.67,4885.07,0,22,4864.67,22,20.4,NA,Unknown,Water level accuracy is unknown,1,Department of Water Resources,NA,1,Department of Water Resources,NA,NA,20705,22N15E28L001M,NA,Unknown,Unknown,5-012.01,Sierra Valley,Plumas,296,Stockwatering,Unknown,NA,1958-04-16 - 2000-03-26,81,fall,-5.6,45.5,NA,NA,1982,Wet,1981-10-01T00:00:00Z,1982-10-01T00:00:00Z,-120.306,39.7282
397282N1203065W001,1770293,1981-09-17T00:00:00Z,4886.67,4885.07,0,20.9,4865.77,20.9,19.3,NA,Unknown,Water level accuracy is unknown,1,Department of Water Resources,NA,1,Department of Water Resources,NA,NA,20705,22N15E28L001M,NA,Unknown,Unknown,5-012.01,Sierra Valley,Plumas,296,Stockwatering,Unknown,NA,1958-04-16 - 2000-03-26,81,fall,-5.6,45.5,NA,NA,1981,Dry,1980-10-01T00:00:00Z,1981-10-01T00:00:00Z,-120.306,39.7282
397282N1203065W001,1770292,1981-08-27T00:00:00Z,4886.67,4885.07,0,18.4,4868.27,18.4,16.8,NA,Unknown,Water level accuracy is unknown,1,Department of Water Resources,NA,1,Department of Water Resources,NA,NA,20705,22N15E28L001M,NA,Unknown,Unknown,5-012.01,Sierra Valley,Plumas,296,Stockwatering,Unknown,NA,1958-04-16 - 2000-03-26,81,fall,-5.6,45.5,NA,NA,1981,Dry,1980-10-01T00:00:00Z,1981-10-01T00:00:00Z,-120.306,39.7282
397282N1203065W001,1770291,1981-08-11T00:00:00Z,4886.67,4885.07,0,17,4869.67,17,15.4,NA,Unknown,Water level accuracy is unknown,1,Department of Water Resources,NA,1,Department of Water Resources,NA,NA,20705,22N15E28L001M,NA,Unknown,Unknown,5-012.01,Sierra Valley,Plumas,296,Stockwatering,Unknown,NA,1958-04-16 - 2000-03-26,81,fall,-5.6,45.5,NA,NA,1981,Dry,1980-10-01T00:00:00Z,1981-10-01T00:00:00Z,-120.306,39.7282
397282N1203065W001,1770290,1981-04-16T00:00:00Z,4886.67,4885.07,0,3.2,4883.47,3.2,1.6,NA,Unknown,Water level accuracy is unknown,1,Department of Water Resources,NA,1,Department of Water Resources,NA,NA,20705,22N15E28L001M,NA,Unknown,Unknown,5-012.01,Sierra Valley,Plumas,296,Stockwatering,Unknown,NA,1958-04-16 - 2000-03-26,81,spring,NA,NA,-9.3,31.6,1981,Dry,1980-10-01T00:00:00Z,1981-10-01T00:00:00Z,-120.306,39.7282
397282N1203065W001,1770289,1980-10-17T00:00:00Z,4886.67,4885.07,0,4,4882.67,4,2.4,NA,Unknown,Water level accuracy is unknown,1,Department of Water Resources,NA,1,Department of Water Resources,NA,NA,20705,22N15E28L001M,NA,Unknown,Unknown,5-012.01,Sierra Valley,Plumas,296,Stockwatering,Unknown,NA,1958-04-16 - 2000-03-26,81,fall,-5.6,45.5,NA,NA,1981,Dry,1980-10-01T00:00:00Z,1981-10-01T00:00:00Z,-120.306,39.7282
397282N1203065W001,1770288,1980-08-28T00:00:00Z,4886.67,4885.07,0,11.6,4875.07,11.6,10,NA,Unknown,Water level accuracy is unknown,1,Department of Water Resources,NA,1,Department of Water Resources,NA,NA,20705,22N15E28L001M,NA,Unknown,Unknown,5-012.01,Sierra Valley,Plumas,296,Stockwatering,Unknown,NA,1958-04-16 - 2000-03-26,81,fall,-5.6,45.5,NA,NA,1980,NA,1979-10-01T00:00:00Z,1980-10-01T00:00:00Z,-120.306,39.7282
397282N1203065W001,1770287,1980-04-24T00:00:00Z,4886.67,4885.07,0,7.7,4878.97,7.7,6.1,NA,Unknown,Water level accuracy is unknown,1,Department of Water Resources,NA,1,Department of Water Resources,NA,NA,20705,22N15E28L001M,NA,Unknown,Unknown,5-012.01,Sierra Valley,Plumas,296,Stockwatering,Unknown,NA,1958-04-16 - 2000-03-26,81,spring,NA,NA,-9.3,31.6,1980,NA,1979-10-01T00:00:00Z,1980-10-01T00:00:00Z,-120.306,39.7282
397282N1203065W001,1770286,1978-10-18T00:00:00Z,4886.67,4885.07,0,11.3,4875.37,11.3,9.7,NA,Unknown,Water level accuracy is unknown,1,Department of Water Resources,NA,1,Department of Water Resources,NA,NA,20705,22N15E28L001M,NA,Unknown,Unknown,5-012.01,Sierra Valley,Plumas,296,Stockwatering,Unknown,NA,1958-04-16 - 2000-03-26,81,fall,-5.6,45.5,NA,NA,1979,NA,1978-10-01T00:00:00Z,1979-10-01T00:00:00Z,-120.306,39.7282
397282N1203065W001,1770285,1978-05-18T00:00:00Z,4886.67,4885.07,0,7,4879.67,7,5.4,NA,Unknown,Water level accuracy is unknown,1,Department of Water Resources,NA,1,Department of Water Resources,NA,NA,20705,22N15E28L001M,NA,Unknown,Unknown,5-012.01,Sierra Valley,Plumas,296,Stockwatering,Unknown,NA,1958-04-16 - 2000-03-26,81,spring,NA,NA,-9.3,31.6,1978,NA,1977-10-01T00:00:00Z,1978-10-01T00:00:00Z,-120.306,39.7282
397282N1203065W001,1770284,1977-10-11T00:00:00Z,4886.67,4885.07,0,15,4871.67,15,13.4,NA,Unknown,Water level accuracy is unknown,1,Department of Water Resources,NA,1,Department of Water Resources,NA,NA,20705,22N15E28L001M,NA,Unknown,Unknown,5-012.01,Sierra Valley,Plumas,296,Stockwatering,Unknown,NA,1958-04-16 - 2000-03-26,81,fall,-5.6,45.5,NA,NA,1978,NA,1977-10-01T00:00:00Z,1978-10-01T00:00:00Z,-120.306,39.7282
397282N1203065W001,1770283,1977-04-21T00:00:00Z,4886.67,4885.07,0,6.5,4880.17,6.5,4.9,NA,Unknown,Water level accuracy is unknown,1,Department of Water Resources,NA,1,Department of Water Resources,NA,NA,20705,22N15E28L001M,NA,Unknown,Unknown,5-012.01,Sierra Valley,Plumas,296,Stockwatering,Unknown,NA,1958-04-16 - 2000-03-26,81,spring,NA,NA,-9.3,31.6,1977,NA,1976-10-01T00:00:00Z,1977-10-01T00:00:00Z,-120.306,39.7282
397282N1203065W001,1770282,1976-11-04T00:00:00Z,4886.67,4885.07,0,11.2,4875.47,11.2,9.6,NA,Unknown,Water level accuracy is unknown,1,Department of Water Resources,NA,1,Department of Water Resources,NA,NA,20705,22N15E28L001M,NA,Unknown,Unknown,5-012.01,Sierra Valley,Plumas,296,Stockwatering,Unknown,NA,1958-04-16 - 2000-03-26,81,fall,-5.6,45.5,NA,NA,1977,NA,1976-10-01T00:00:00Z,1977-10-01T00:00:00Z,-120.306,39.7282
397282N1203065W001,1770281,1976-04-22T00:00:00Z,4886.67,4885.07,0,6.4,4880.27,6.4,4.8,NA,Unknown,Water level accuracy is unknown,1,Department of Water Resources,NA,1,Department of Water Resources,NA,NA,20705,22N15E28L001M,NA,Unknown,Unknown,5-012.01,Sierra Valley,Plumas,296,Stockwatering,Unknown,NA,1958-04-16 - 2000-03-26,81,spring,NA,NA,-9.3,31.6,1976,Dry,1975-10-01T00:00:00Z,1976-10-01T00:00:00Z,-120.306,39.7282
397282N1203065W001,1770280,1975-10-02T00:00:00Z,4886.67,4885.07,0,13.5,4873.17,13.5,11.9,NA,Unknown,Water level accuracy is unknown,1,Department of Water Resources,NA,1,Department of Water Resources,NA,NA,20705,22N15E28L001M,NA,Unknown,Unknown,5-012.01,Sierra Valley,Plumas,296,Stockwatering,Unknown,NA,1958-04-16 - 2000-03-26,81,fall,-5.6,45.5,NA,NA,1976,Dry,1975-10-01T00:00:00Z,1976-10-01T00:00:00Z,-120.306,39.7282
397282N1203065W001,1770279,1975-05-08T00:00:00Z,4886.67,4885.07,0,6.7,4879.97,6.7,5.1,NA,Unknown,Water level accuracy is unknown,1,Department of Water Resources,NA,1,Department of Water Resources,NA,NA,20705,22N15E28L001M,NA,Unknown,Unknown,5-012.01,Sierra Valley,Plumas,296,Stockwatering,Unknown,NA,1958-04-16 - 2000-03-26,81,spring,NA,NA,-9.3,31.6,1975,NA,1974-10-01T00:00:00Z,1975-10-01T00:00:00Z,-120.306,39.7282
397282N1203065W001,1770278,1974-10-10T00:00:00Z,4886.67,4885.07,0,15.8,4870.87,15.8,14.2,NA,Unknown,Water level accuracy is unknown,1,Department of Water Resources,NA,1,Department of Water Resources,NA,NA,20705,22N15E28L001M,NA,Unknown,Unknown,5-012.01,Sierra Valley,Plumas,296,Stockwatering,Unknown,NA,1958-04-16 - 2000-03-26,81,fall,-5.6,45.5,NA,NA,1975,NA,1974-10-01T00:00:00Z,1975-10-01T00:00:00Z,-120.306,39.7282
397282N1203065W001,1770277,1974-05-03T00:00:00Z,4886.67,4885.07,0,5.3,4881.37,5.3,3.7,NA,Unknown,Water level accuracy is unknown,1,Department of Water Resources,NA,1,Department of Water Resources,NA,NA,20705,22N15E28L001M,NA,Unknown,Unknown,5-012.01,Sierra Valley,Plumas,296,Stockwatering,Unknown,NA,1958-04-16 - 2000-03-26,81,spring,NA,NA,-9.3,31.6,1974,Wet,1973-10-01T00:00:00Z,1974-10-01T00:00:00Z,-120.306,39.7282
397282N1203065W001,1770276,1973-10-03T00:00:00Z,4886.67,4885.07,0,13.9,4872.77,13.9,12.3,NA,Unknown,Water level accuracy is unknown,1,Department of Water Resources,NA,1,Department of Water Resources,NA,NA,20705,22N15E28L001M,NA,Unknown,Unknown,5-012.01,Sierra Valley,Plumas,296,Stockwatering,Unknown,NA,1958-04-16 - 2000-03-26,81,fall,-5.6,45.5,NA,NA,1974,Wet,1973-10-01T00:00:00Z,1974-10-01T00:00:00Z,-120.306,39.7282
397282N1203065W001,1770275,1972-10-04T00:00:00Z,4886.67,4885.07,0,8.6,4878.07,8.6,7,NA,Unknown,Water level accuracy is unknown,1,Department of Water Resources,NA,1,Department of Water Resources,NA,NA,20705,22N15E28L001M,NA,Unknown,Unknown,5-012.01,Sierra Valley,Plumas,296,Stockwatering,Unknown,NA,1958-04-16 - 2000-03-26,81,fall,-5.6,45.5,NA,NA,1973,NA,1972-10-01T00:00:00Z,1973-10-01T00:00:00Z,-120.306,39.7282
397282N1203065W001,1770274,1972-04-27T00:00:00Z,4886.67,4885.07,0,1.2,4885.47,1.2,-0.4,NA,Unknown,Water level accuracy is unknown,1,Department of Water Resources,NA,1,Department of Water Resources,NA,NA,20705,22N15E28L001M,NA,Unknown,Unknown,5-012.01,Sierra Valley,Plumas,296,Stockwatering,Unknown,NA,1958-04-16 - 2000-03-26,81,spring,NA,NA,-9.3,31.6,1972,NA,1971-10-01T00:00:00Z,1972-10-01T00:00:00Z,-120.306,39.7282
397282N1203065W001,1770273,1972-04-13T00:00:00Z,4886.67,4885.07,0,3.3,4883.37,3.3,1.7,NA,Unknown,Water level accuracy is unknown,1,Department of Water Resources,NA,1,Department of Water Resources,NA,NA,20705,22N15E28L001M,NA,Unknown,Unknown,5-012.01,Sierra Valley,Plumas,296,Stockwatering,Unknown,NA,1958-04-16 - 2000-03-26,81,spring,NA,NA,-9.3,31.6,1972,NA,1971-10-01T00:00:00Z,1972-10-01T00:00:00Z,-120.306,39.7282
397282N1203065W001,1770272,1971-10-07T00:00:00Z,4886.67,4885.07,0,6.1,4880.57,6.1,4.5,NA,Unknown,Water level accuracy is unknown,1,Department of Water Resources,NA,1,Department of Water Resources,NA,NA,20705,22N15E28L001M,NA,Unknown,Unknown,5-012.01,Sierra Valley,Plumas,296,Stockwatering,Unknown,NA,1958-04-16 - 2000-03-26,81,fall,-5.6,45.5,NA,NA,1972,NA,1971-10-01T00:00:00Z,1972-10-01T00:00:00Z,-120.306,39.7282
397282N1203065W001,1770271,1971-05-06T00:00:00Z,4886.67,4885.07,0,1.4,4885.27,1.4,-0.2,NA,Unknown,Water level accuracy is unknown,1,Department of Water Resources,NA,1,Department of Water Resources,NA,NA,20705,22N15E28L001M,NA,Unknown,Unknown,5-012.01,Sierra Valley,Plumas,296,Stockwatering,Unknown,NA,1958-04-16 - 2000-03-26,81,spring,NA,NA,-9.3,31.6,1971,NA,1970-10-01T00:00:00Z,1971-10-01T00:00:00Z,-120.306,39.7282
397282N1203065W001,1770270,1970-10-14T00:00:00Z,4886.67,4885.07,0,9.5,4877.17,9.5,7.9,NA,Unknown,Water level accuracy is unknown,1,Department of Water Resources,NA,1,Department of Water Resources,NA,NA,20705,22N15E28L001M,NA,Unknown,Unknown,5-012.01,Sierra Valley,Plumas,296,Stockwatering,Unknown,NA,1958-04-16 - 2000-03-26,81,fall,-5.6,45.5,NA,NA,1971,NA,1970-10-01T00:00:00Z,1971-10-01T00:00:00Z,-120.306,39.7282
397282N1203065W001,1770269,1970-05-06T00:00:00Z,4886.67,4885.07,0,0.8,4885.87,0.8,-0.8,NA,Unknown,Water level accuracy is unknown,1,Department of Water Resources,NA,1,Department of Water Resources,NA,NA,20705,22N15E28L001M,NA,Unknown,Unknown,5-012.01,Sierra Valley,Plumas,296,Stockwatering,Unknown,NA,1958-04-16 - 2000-03-26,81,spring,NA,NA,-9.3,31.6,1970,NA,1969-10-01T00:00:00Z,1970-10-01T00:00:00Z,-120.306,39.7282
397282N1203065W001,1770268,1969-10-23T00:00:00Z,4886.67,4885.07,0,6.5,4880.17,6.5,4.9,NA,Unknown,Water level accuracy is unknown,1,Department of Water Resources,NA,1,Department of Water Resources,NA,NA,20705,22N15E28L001M,NA,Unknown,Unknown,5-012.01,Sierra Valley,Plumas,296,Stockwatering,Unknown,NA,1958-04-16 - 2000-03-26,81,fall,-5.6,45.5,NA,NA,1970,NA,1969-10-01T00:00:00Z,1970-10-01T00:00:00Z,-120.306,39.7282
397282N1203065W001,1770267,1969-05-01T00:00:00Z,4886.67,4885.07,0,1.5,4885.17,1.5,-0.1,NA,Unknown,Water level accuracy is unknown,1,Department of Water Resources,NA,1,Department of Water Resources,NA,NA,20705,22N15E28L001M,NA,Unknown,Unknown,5-012.01,Sierra Valley,Plumas,296,Stockwatering,Unknown,NA,1958-04-16 - 2000-03-26,81,spring,NA,NA,-9.3,31.6,1969,Wet,1968-10-01T00:00:00Z,1969-10-01T00:00:00Z,-120.306,39.7282
397282N1203065W001,1770266,1968-10-17T00:00:00Z,4886.67,4885.07,0,9.1,4877.57,9.1,7.5,NA,Unknown,Water level accuracy is unknown,1,Department of Water Resources,NA,1,Department of Water Resources,NA,NA,20705,22N15E28L001M,NA,Unknown,Unknown,5-012.01,Sierra Valley,Plumas,296,Stockwatering,Unknown,NA,1958-04-16 - 2000-03-26,81,fall,-5.6,45.5,NA,NA,1969,Wet,1968-10-01T00:00:00Z,1969-10-01T00:00:00Z,-120.306,39.7282
397282N1203065W001,1770264,1967-10-06T00:00:00Z,4886.67,4885.07,0,5.9,4880.77,5.9,4.3,NA,Unknown,Water level accuracy is unknown,1,Department of Water Resources,NA,1,Department of Water Resources,NA,NA,20705,22N15E28L001M,NA,Unknown,Unknown,5-012.01,Sierra Valley,Plumas,296,Stockwatering,Unknown,NA,1958-04-16 - 2000-03-26,81,fall,-5.6,45.5,NA,NA,1968,NA,1967-10-01T00:00:00Z,1968-10-01T00:00:00Z,-120.306,39.7282
397282N1203065W001,1770262,1966-10-19T00:00:00Z,4886.67,4885.07,0,7.4,4879.27,7.4,5.8,NA,Unknown,Water level accuracy is unknown,1,Department of Water Resources,NA,1,Department of Water Resources,NA,NA,20705,22N15E28L001M,NA,Unknown,Unknown,5-012.01,Sierra Valley,Plumas,296,Stockwatering,Unknown,NA,1958-04-16 - 2000-03-26,81,fall,-5.6,45.5,NA,NA,1967,Wet,1966-10-01T00:00:00Z,1967-10-01T00:00:00Z,-120.306,39.7282
397282N1203065W001,1770260,1965-04-14T00:00:00Z,4888.57,4885.07,0,-2.2,4890.77,-2.2,-5.7,NA,Unknown,Water level accuracy is unknown,1,Department of Water Resources,NA,1,Department of Water Resources,NA,NA,20705,22N15E28L001M,NA,Unknown,Unknown,5-012.01,Sierra Valley,Plumas,296,Stockwatering,Unknown,NA,1958-04-16 - 2000-03-26,81,spring,NA,NA,-9.3,31.6,1965,Wet,1964-10-01T00:00:00Z,1965-10-01T00:00:00Z,-120.306,39.7282
397282N1203065W001,1770259,1964-10-14T00:00:00Z,4888.57,4885.07,0,-1.9,4890.47,-1.9,-5.4,NA,Unknown,Water level accuracy is unknown,1,Department of Water Resources,NA,1,Department of Water Resources,NA,NA,20705,22N15E28L001M,NA,Unknown,Unknown,5-012.01,Sierra Valley,Plumas,296,Stockwatering,Unknown,NA,1958-04-16 - 2000-03-26,81,fall,-5.6,45.5,NA,NA,1965,Wet,1964-10-01T00:00:00Z,1965-10-01T00:00:00Z,-120.306,39.7282
397282N1203065W001,1770254,1960-04-11T00:00:00Z,4888.57,4885.07,0,-2,4890.57,-2,-5.5,NA,Unknown,Water level accuracy is unknown,1,Department of Water Resources,NA,1,Department of Water Resources,NA,NA,20705,22N15E28L001M,NA,Unknown,Unknown,5-012.01,Sierra Valley,Plumas,296,Stockwatering,Unknown,NA,1958-04-16 - 2000-03-26,81,spring,NA,NA,-9.3,31.6,1960,Dry,1959-10-01T00:00:00Z,1960-10-01T00:00:00Z,-120.306,39.7282
397282N1203065W001,1770253,1959-09-22T00:00:00Z,4888.57,4885.07,0,-2.1,4890.67,-2.1,-5.6,NA,Unknown,Water level accuracy is unknown,1,Department of Water Resources,NA,1,Department of Water Resources,NA,NA,20705,22N15E28L001M,NA,Unknown,Unknown,5-012.01,Sierra Valley,Plumas,296,Stockwatering,Unknown,NA,1958-04-16 - 2000-03-26,81,fall,-5.6,45.5,NA,NA,1959,NA,1958-10-01T00:00:00Z,1959-10-01T00:00:00Z,-120.306,39.7282
397282N1203065W001,1770252,1959-04-22T00:00:00Z,4888.57,4885.07,0,-5.8,4894.37,-5.8,-9.3,NA,Unknown,Water level accuracy is unknown,1,Department of Water Resources,NA,1,Department of Water Resources,NA,NA,20705,22N15E28L001M,NA,Unknown,Unknown,5-012.01,Sierra Valley,Plumas,296,Stockwatering,Unknown,NA,1958-04-16 - 2000-03-26,81,spring,NA,NA,-9.3,31.6,1959,NA,1958-10-01T00:00:00Z,1959-10-01T00:00:00Z,-120.306,39.7282
397282N1203065W001,1770251,1958-04-16T00:00:00Z,4888.57,4885.07,0,-1.5,4890.07,-1.5,-5,NA,Unknown,Water level accuracy is unknown,1,Department of Water Resources,NA,1,Department of Water Resources,NA,NA,20705,22N15E28L001M,NA,Unknown,Unknown,5-012.01,Sierra Valley,Plumas,296,Stockwatering,Unknown,NA,1958-04-16 - 2000-03-26,81,spring,NA,NA,-9.3,31.6,1958,Wet,1957-10-01T00:00:00Z,1958-10-01T00:00:00Z,-120.306,39.7282
