SITE_CODE,WLM_ID,MSMT_DATE,WLM_RPE,WLM_GSE,RDNG_WS,RDNG_RP,WSE,RPE_WSE,GSE_WSE,WLM_QA_DESC,WLM_DESC,WLM_ACC_DESC,WLM_ORG_ID,WLM_ORG_NAME,MSMT_CMT,COOP_AGENCY_ORG_ID,COOP_ORG_NAME,TOP_PRF,BOT_PRF,STN_ID,SWN,WELL_NAME,WLM_METHOD,WLM_ACC,BASIN_CODE,BASIN_NAME,COUNTY_NAME,WELL_DEPTH,WELL_USE,WELL_TYPE,WCR_NO,t_range,n_samples,season,fall_high,fall_low,spring_high,spring_low,water_year,water_year_type,water_year_start,water_year_end,X,Y
397226N1202835W001,2620110,2020-04-24T12:00:00Z,4888.27,4885.57,18.9,50,4857.17,31.1,28.4,NA,Steel tape measurement,Water level accuracy to nearest tenth of a foot,1,Department of Water Resources,NA,1,Department of Water Resources,NA,NA,36031,22N15E27Q001M,22N15E27Q001M,Unknown,Unknown,5-012.01,Sierra Valley,Plumas,NA,Irrigation,Single Well,NA,1981-04-16 00:00:00 - 2020-04-24 12:00:00,80,spring,NA,NA,5.3,48.4,2020,Dry,2019-10-01T00:00:00Z,2020-10-01T00:00:00Z,-120.283,39.7226
397226N1202835W001,2493714,2019-10-24T12:00:00Z,4888.27,4885.57,13.2,67,4834.47,53.8,51.1,NA,Steel tape measurement,Water level accuracy to nearest tenth of a foot,1,Department of Water Resources,NA,1,Department of Water Resources,NA,NA,36031,22N15E27Q001M,22N15E27Q001M,Unknown,Unknown,5-012.01,Sierra Valley,Plumas,NA,Irrigation,Single Well,NA,1981-04-16 00:00:00 - 2020-04-24 12:00:00,80,fall,32.4,67.3,NA,NA,2020,Dry,2019-10-01T00:00:00Z,2020-10-01T00:00:00Z,-120.283,39.7226
397226N1202835W001,2415019,2018-10-24T12:00:00Z,4888.27,4885.57,5.5,60,4833.77,54.5,51.8,NA,Steel tape measurement,Water level accuracy to nearest tenth of a foot,1,Department of Water Resources,NA,1,Department of Water Resources,NA,NA,36031,22N15E27Q001M,22N15E27Q001M,Unknown,Unknown,5-012.01,Sierra Valley,Plumas,NA,Irrigation,Single Well,NA,1981-04-16 00:00:00 - 2020-04-24 12:00:00,80,fall,32.4,67.3,NA,NA,2019,Wet,2018-10-01T00:00:00Z,2019-10-01T00:00:00Z,-120.283,39.7226
397226N1202835W001,2285958,2018-04-02T12:00:00Z,4888.27,4885.57,63.9,100,4852.17,36.1,33.4,NA,Steel tape measurement,Water level accuracy to nearest tenth of a foot,1,Department of Water Resources,NA,1,Department of Water Resources,NA,NA,36031,22N15E27Q001M,22N15E27Q001M,Unknown,Unknown,5-012.01,Sierra Valley,Plumas,NA,Irrigation,Single Well,NA,1981-04-16 00:00:00 - 2020-04-24 12:00:00,80,spring,NA,NA,5.3,48.4,2018,NA,2017-10-01T00:00:00Z,2018-10-01T00:00:00Z,-120.283,39.7226
397226N1202835W001,2267998,2017-10-16T00:00:00Z,4888.27,4885.57,7.2,60,4835.47,52.8,50.1,NA,Steel tape measurement,Water level accuracy to nearest tenth of a foot,1,Department of Water Resources,NA,1,Department of Water Resources,NA,NA,36031,22N15E27Q001M,22N15E27Q001M,Unknown,Unknown,5-012.01,Sierra Valley,Plumas,NA,Irrigation,Single Well,NA,1981-04-16 00:00:00 - 2020-04-24 12:00:00,80,fall,32.4,67.3,NA,NA,2018,NA,2017-10-01T00:00:00Z,2018-10-01T00:00:00Z,-120.283,39.7226
397226N1202835W001,2244286,2017-04-03T00:00:00Z,4888.27,4885.57,4.3,50,4842.57,45.7,43,NA,Steel tape measurement,Water level accuracy to nearest tenth of a foot,1,Department of Water Resources,NA,1,Department of Water Resources,NA,NA,36031,22N15E27Q001M,22N15E27Q001M,Unknown,Unknown,5-012.01,Sierra Valley,Plumas,NA,Irrigation,Single Well,NA,1981-04-16 00:00:00 - 2020-04-24 12:00:00,80,spring,NA,NA,5.3,48.4,2017,Wet,2016-10-01T00:00:00Z,2017-10-01T00:00:00Z,-120.283,39.7226
397226N1202835W001,2214116,2016-10-24T00:00:00Z,4888.27,4885.57,4.1,61,4831.37,56.9,54.2,NA,Steel tape measurement,Water level accuracy to nearest tenth of a foot,1,Department of Water Resources,NA,1,Department of Water Resources,NA,NA,36031,22N15E27Q001M,22N15E27Q001M,Unknown,Unknown,5-012.01,Sierra Valley,Plumas,NA,Irrigation,Single Well,NA,1981-04-16 00:00:00 - 2020-04-24 12:00:00,80,fall,32.4,67.3,NA,NA,2017,Wet,2016-10-01T00:00:00Z,2017-10-01T00:00:00Z,-120.283,39.7226
397226N1202835W001,2119768,2015-03-23T00:00:00Z,4888.27,4885.57,8.9,60,4837.17,51.1,48.4,NA,Steel tape measurement,Water level accuracy to nearest tenth of a foot,1,Department of Water Resources,NA,1,Department of Water Resources,NA,NA,36031,22N15E27Q001M,22N15E27Q001M,Unknown,Unknown,5-012.01,Sierra Valley,Plumas,NA,Irrigation,Single Well,NA,1981-04-16 00:00:00 - 2020-04-24 12:00:00,80,spring,NA,NA,5.3,48.4,2015,NA,2014-10-01T00:00:00Z,2015-10-01T00:00:00Z,-120.283,39.7226
397226N1202835W001,1880766,2014-03-14T00:00:00Z,4888.27,4885.57,12,60,4840.27,48,45.3,NA,Steel tape measurement,Water level accuracy to nearest tenth of a foot,1,Department of Water Resources,NA,1,Department of Water Resources,NA,NA,36031,22N15E27Q001M,22N15E27Q001M,Unknown,Unknown,5-012.01,Sierra Valley,Plumas,NA,Irrigation,Single Well,NA,1981-04-16 00:00:00 - 2020-04-24 12:00:00,80,spring,NA,NA,5.3,48.4,2014,NA,2013-10-01T00:00:00Z,2014-10-01T00:00:00Z,-120.283,39.7226
397226N1202835W001,1797108,2013-10-21T00:00:00Z,4888.27,4885.57,0,70,4818.27,70,67.3,NA,Steel tape measurement,Water level accuracy to nearest tenth of a foot,1,Department of Water Resources,NA,1,Department of Water Resources,NA,NA,36031,22N15E27Q001M,22N15E27Q001M,Unknown,Unknown,5-012.01,Sierra Valley,Plumas,NA,Irrigation,Single Well,NA,1981-04-16 00:00:00 - 2020-04-24 12:00:00,80,fall,32.4,67.3,NA,NA,2014,NA,2013-10-01T00:00:00Z,2014-10-01T00:00:00Z,-120.283,39.7226
397226N1202835W001,1684427,2013-03-25T00:00:00Z,4888.27,4885.57,7,50,4845.27,43,40.3,NA,Steel tape measurement,Water level accuracy to nearest tenth of a foot,1,Department of Water Resources,NA,1,Department of Water Resources,NA,NA,36031,22N15E27Q001M,22N15E27Q001M,Unknown,Unknown,5-012.01,Sierra Valley,Plumas,NA,Irrigation,Single Well,NA,1981-04-16 00:00:00 - 2020-04-24 12:00:00,80,spring,NA,NA,5.3,48.4,2013,Dry,2012-10-01T00:00:00Z,2013-10-01T00:00:00Z,-120.283,39.7226
397226N1202835W001,69368,2012-10-30T00:00:00Z,4888.27,4885.57,9.5,70,4827.77,60.5,57.8,NA,Electric sounder measurement,Water level accuracy to nearest hundredth of a foot,1,Department of Water Resources,NA,1,Department of Water Resources,NA,NA,36031,22N15E27Q001M,22N15E27Q001M,Unknown,Unknown,5-012.01,Sierra Valley,Plumas,NA,Irrigation,Single Well,NA,1981-04-16 00:00:00 - 2020-04-24 12:00:00,80,fall,32.4,67.3,NA,NA,2013,Dry,2012-10-01T00:00:00Z,2013-10-01T00:00:00Z,-120.283,39.7226
397226N1202835W001,59950,2012-04-17T00:00:00Z,4888.27,4885.57,7,35,4860.27,28,25.3,NA,Steel tape measurement,Water level accuracy to nearest tenth of a foot,1,Department of Water Resources,NA,1,Department of Water Resources,NA,NA,36031,22N15E27Q001M,22N15E27Q001M,Unknown,Unknown,5-012.01,Sierra Valley,Plumas,NA,Irrigation,Single Well,NA,1981-04-16 00:00:00 - 2020-04-24 12:00:00,80,spring,NA,NA,5.3,48.4,2012,NA,2011-10-01T00:00:00Z,2012-10-01T00:00:00Z,-120.283,39.7226
397226N1202835W001,39798,2011-10-18T00:00:00Z,4888.27,4885.57,0,53.9,4834.37,53.9,51.2,NA,Steel tape measurement,Water level accuracy to nearest tenth of a foot,1,Department of Water Resources,NA,1,Department of Water Resources,NA,NA,36031,22N15E27Q001M,22N15E27Q001M,Unknown,Unknown,5-012.01,Sierra Valley,Plumas,NA,Irrigation,Single Well,NA,1981-04-16 00:00:00 - 2020-04-24 12:00:00,80,fall,32.4,67.3,NA,NA,2012,NA,2011-10-01T00:00:00Z,2012-10-01T00:00:00Z,-120.283,39.7226
397226N1202835W001,801807,2011-10-18T00:00:00Z,4888.27,4885.57,0,53.9,4834.37,53.9,51.2,NA,Unknown,Water level accuracy is unknown,1,Department of Water Resources,NA,1,Department of Water Resources,NA,NA,36031,22N15E27Q001M,22N15E27Q001M,Unknown,Unknown,5-012.01,Sierra Valley,Plumas,NA,Irrigation,Single Well,NA,1981-04-16 00:00:00 - 2020-04-24 12:00:00,80,fall,32.4,67.3,NA,NA,2012,NA,2011-10-01T00:00:00Z,2012-10-01T00:00:00Z,-120.283,39.7226
397226N1202835W001,801806,2011-04-25T00:00:00Z,4888.27,4885.57,0,28.4,4859.87,28.4,25.7,NA,Unknown,Water level accuracy is unknown,1,Department of Water Resources,NA,1,Department of Water Resources,NA,NA,36031,22N15E27Q001M,22N15E27Q001M,Unknown,Unknown,5-012.01,Sierra Valley,Plumas,NA,Irrigation,Single Well,NA,1981-04-16 00:00:00 - 2020-04-24 12:00:00,80,spring,NA,NA,5.3,48.4,2011,Wet,2010-10-01T00:00:00Z,2011-10-01T00:00:00Z,-120.283,39.7226
397226N1202835W001,801805,2010-10-27T00:00:00Z,4888.27,4885.57,0,58.1,4830.17,58.1,55.4,NA,Unknown,Water level accuracy is unknown,1,Department of Water Resources,NA,1,Department of Water Resources,NA,NA,36031,22N15E27Q001M,22N15E27Q001M,Unknown,Unknown,5-012.01,Sierra Valley,Plumas,NA,Irrigation,Single Well,NA,1981-04-16 00:00:00 - 2020-04-24 12:00:00,80,fall,32.4,67.3,NA,NA,2011,Wet,2010-10-01T00:00:00Z,2011-10-01T00:00:00Z,-120.283,39.7226
397226N1202835W001,801804,2010-04-07T00:00:00Z,4888.27,4885.57,0,37.5,4850.77,37.5,34.8,NA,Unknown,Water level accuracy is unknown,1,Department of Water Resources,NA,1,Department of Water Resources,NA,NA,36031,22N15E27Q001M,22N15E27Q001M,Unknown,Unknown,5-012.01,Sierra Valley,Plumas,NA,Irrigation,Single Well,NA,1981-04-16 00:00:00 - 2020-04-24 12:00:00,80,spring,NA,NA,5.3,48.4,2010,NA,2009-10-01T00:00:00Z,2010-10-01T00:00:00Z,-120.283,39.7226
397226N1202835W001,801803,2009-10-28T00:00:00Z,4888.27,4885.57,0,53,4835.27,53,50.3,NA,Unknown,Water level accuracy is unknown,1,Department of Water Resources,NA,1,Department of Water Resources,NA,NA,36031,22N15E27Q001M,22N15E27Q001M,Unknown,Unknown,5-012.01,Sierra Valley,Plumas,NA,Irrigation,Single Well,NA,1981-04-16 00:00:00 - 2020-04-24 12:00:00,80,fall,32.4,67.3,NA,NA,2010,NA,2009-10-01T00:00:00Z,2010-10-01T00:00:00Z,-120.283,39.7226
397226N1202835W001,801797,2006-10-18T00:00:00Z,4888.27,4885.57,0,55.5,4832.77,55.5,52.8,NA,Unknown,Water level accuracy is unknown,1,Department of Water Resources,NA,1,Department of Water Resources,NA,NA,36031,22N15E27Q001M,22N15E27Q001M,Unknown,Unknown,5-012.01,Sierra Valley,Plumas,NA,Irrigation,Single Well,NA,1981-04-16 00:00:00 - 2020-04-24 12:00:00,80,fall,32.4,67.3,NA,NA,2007,Dry,2006-10-01T00:00:00Z,2007-10-01T00:00:00Z,-120.283,39.7226
397226N1202835W001,801795,2005-10-27T00:00:00Z,4888.27,4885.57,0,54.7,4833.57,54.7,52,NA,Unknown,Water level accuracy is unknown,1,Department of Water Resources,NA,1,Department of Water Resources,NA,NA,36031,22N15E27Q001M,22N15E27Q001M,Unknown,Unknown,5-012.01,Sierra Valley,Plumas,NA,Irrigation,Single Well,NA,1981-04-16 00:00:00 - 2020-04-24 12:00:00,80,fall,32.4,67.3,NA,NA,2006,Wet,2005-10-01T00:00:00Z,2006-10-01T00:00:00Z,-120.283,39.7226
397226N1202835W001,801791,2003-03-28T00:00:00Z,4888.27,4885.57,0,32.8,4855.47,32.8,30.1,Oil or foreign substance in casing,Unknown,Water level accuracy is unknown,1,Department of Water Resources,NA,1,Department of Water Resources,NA,NA,36031,22N15E27Q001M,22N15E27Q001M,Unknown,Unknown,5-012.01,Sierra Valley,Plumas,NA,Irrigation,Single Well,NA,1981-04-16 00:00:00 - 2020-04-24 12:00:00,80,spring,NA,NA,5.3,48.4,2003,NA,2002-10-01T00:00:00Z,2003-10-01T00:00:00Z,-120.283,39.7226
397226N1202835W001,801790,2002-10-23T00:00:00Z,4888.27,4885.57,0,52.6,4835.67,52.6,49.9,Oil or foreign substance in casing,Unknown,Water level accuracy is unknown,1,Department of Water Resources,NA,1,Department of Water Resources,NA,NA,36031,22N15E27Q001M,22N15E27Q001M,Unknown,Unknown,5-012.01,Sierra Valley,Plumas,NA,Irrigation,Single Well,NA,1981-04-16 00:00:00 - 2020-04-24 12:00:00,80,fall,32.4,67.3,NA,NA,2003,NA,2002-10-01T00:00:00Z,2003-10-01T00:00:00Z,-120.283,39.7226
397226N1202835W001,801789,2002-03-26T00:00:00Z,4888.27,4885.57,0,27.1,4861.17,27.1,24.4,Oil or foreign substance in casing,Unknown,Water level accuracy is unknown,1,Department of Water Resources,NA,1,Department of Water Resources,NA,NA,36031,22N15E27Q001M,22N15E27Q001M,Unknown,Unknown,5-012.01,Sierra Valley,Plumas,NA,Irrigation,Single Well,NA,1981-04-16 00:00:00 - 2020-04-24 12:00:00,80,spring,NA,NA,5.3,48.4,2002,NA,2001-10-01T00:00:00Z,2002-10-01T00:00:00Z,-120.283,39.7226
397226N1202835W001,801787,2000-10-19T00:00:00Z,4888.27,4885.57,0,49.5,4838.77,49.5,46.8,NA,Unknown,Water level accuracy is unknown,1,Department of Water Resources,NA,1,Department of Water Resources,NA,NA,36031,22N15E27Q001M,22N15E27Q001M,Unknown,Unknown,5-012.01,Sierra Valley,Plumas,NA,Irrigation,Single Well,NA,1981-04-16 00:00:00 - 2020-04-24 12:00:00,80,fall,32.4,67.3,NA,NA,2001,Dry,2000-10-01T00:00:00Z,2001-10-01T00:00:00Z,-120.283,39.7226
397226N1202835W001,801786,2000-03-26T00:00:00Z,4888.27,4885.57,0,12.6,4875.67,12.6,9.9,NA,Unknown,Water level accuracy is unknown,1,Department of Water Resources,NA,1,Department of Water Resources,NA,NA,36031,22N15E27Q001M,22N15E27Q001M,Unknown,Unknown,5-012.01,Sierra Valley,Plumas,NA,Irrigation,Single Well,NA,1981-04-16 00:00:00 - 2020-04-24 12:00:00,80,spring,NA,NA,5.3,48.4,2000,NA,1999-10-01T00:00:00Z,2000-10-01T00:00:00Z,-120.283,39.7226
397226N1202835W001,801784,1999-10-12T00:00:00Z,4888.27,4885.57,0,38.1,4850.17,38.1,35.4,NA,Unknown,Water level accuracy is unknown,1,Department of Water Resources,NA,1,Department of Water Resources,NA,NA,36031,22N15E27Q001M,22N15E27Q001M,Unknown,Unknown,5-012.01,Sierra Valley,Plumas,NA,Irrigation,Single Well,NA,1981-04-16 00:00:00 - 2020-04-24 12:00:00,80,fall,32.4,67.3,NA,NA,2000,NA,1999-10-01T00:00:00Z,2000-10-01T00:00:00Z,-120.283,39.7226
397226N1202835W001,801785,1999-04-14T00:00:00Z,4888.27,4885.57,0,9.9,4878.37,9.9,7.2,NA,Unknown,Water level accuracy is unknown,1,Department of Water Resources,NA,1,Department of Water Resources,NA,NA,36031,22N15E27Q001M,22N15E27Q001M,Unknown,Unknown,5-012.01,Sierra Valley,Plumas,NA,Irrigation,Single Well,NA,1981-04-16 00:00:00 - 2020-04-24 12:00:00,80,spring,NA,NA,5.3,48.4,1999,NA,1998-10-01T00:00:00Z,1999-10-01T00:00:00Z,-120.283,39.7226
397226N1202835W001,801783,1998-10-14T00:00:00Z,4888.27,4885.57,0,37.8,4850.47,37.8,35.1,NA,Unknown,Water level accuracy is unknown,1,Department of Water Resources,NA,1,Department of Water Resources,NA,NA,36031,22N15E27Q001M,22N15E27Q001M,Unknown,Unknown,5-012.01,Sierra Valley,Plumas,NA,Irrigation,Single Well,NA,1981-04-16 00:00:00 - 2020-04-24 12:00:00,80,fall,32.4,67.3,NA,NA,1999,NA,1998-10-01T00:00:00Z,1999-10-01T00:00:00Z,-120.283,39.7226
397226N1202835W001,801782,1998-05-15T00:00:00Z,4888.27,4885.57,0,11.2,4877.07,11.2,8.5,NA,Unknown,Water level accuracy is unknown,1,Department of Water Resources,NA,1,Department of Water Resources,NA,NA,36031,22N15E27Q001M,22N15E27Q001M,Unknown,Unknown,5-012.01,Sierra Valley,Plumas,NA,Irrigation,Single Well,NA,1981-04-16 00:00:00 - 2020-04-24 12:00:00,80,spring,NA,NA,5.3,48.4,1998,NA,1997-10-01T00:00:00Z,1998-10-01T00:00:00Z,-120.283,39.7226
397226N1202835W001,801781,1997-10-17T00:00:00Z,4888.27,4885.57,0,47.5,4840.77,47.5,44.8,NA,Unknown,Water level accuracy is unknown,1,Department of Water Resources,NA,1,Department of Water Resources,NA,NA,36031,22N15E27Q001M,22N15E27Q001M,Unknown,Unknown,5-012.01,Sierra Valley,Plumas,NA,Irrigation,Single Well,NA,1981-04-16 00:00:00 - 2020-04-24 12:00:00,80,fall,32.4,67.3,NA,NA,1998,NA,1997-10-01T00:00:00Z,1998-10-01T00:00:00Z,-120.283,39.7226
397226N1202835W001,801779,1997-04-04T00:00:00Z,4888.27,4885.57,0,12.6,4875.67,12.6,9.9,NA,Unknown,Water level accuracy is unknown,1,Department of Water Resources,NA,1,Department of Water Resources,NA,NA,36031,22N15E27Q001M,22N15E27Q001M,Unknown,Unknown,5-012.01,Sierra Valley,Plumas,NA,Irrigation,Single Well,NA,1981-04-16 00:00:00 - 2020-04-24 12:00:00,80,spring,NA,NA,5.3,48.4,1997,NA,1996-10-01T00:00:00Z,1997-10-01T00:00:00Z,-120.283,39.7226
397226N1202835W001,801780,1996-10-31T00:00:00Z,4888.27,4885.57,0,35.1,4853.17,35.1,32.4,NA,Unknown,Water level accuracy is unknown,1,Department of Water Resources,NA,1,Department of Water Resources,NA,NA,36031,22N15E27Q001M,22N15E27Q001M,Unknown,Unknown,5-012.01,Sierra Valley,Plumas,NA,Irrigation,Single Well,NA,1981-04-16 00:00:00 - 2020-04-24 12:00:00,80,fall,32.4,67.3,NA,NA,1997,NA,1996-10-01T00:00:00Z,1997-10-01T00:00:00Z,-120.283,39.7226
397226N1202835W001,801778,1996-05-07T00:00:00Z,4888.27,4885.57,0,15.1,4873.17,15.1,12.4,NA,Unknown,Water level accuracy is unknown,1,Department of Water Resources,NA,1,Department of Water Resources,NA,NA,36031,22N15E27Q001M,22N15E27Q001M,Unknown,Unknown,5-012.01,Sierra Valley,Plumas,NA,Irrigation,Single Well,NA,1981-04-16 00:00:00 - 2020-04-24 12:00:00,80,spring,NA,NA,5.3,48.4,1996,NA,1995-10-01T00:00:00Z,1996-10-01T00:00:00Z,-120.283,39.7226
397226N1202835W001,801777,1995-10-25T00:00:00Z,4888.27,4885.57,0,52.1,4836.17,52.1,49.4,NA,Unknown,Water level accuracy is unknown,1,Department of Water Resources,NA,1,Department of Water Resources,NA,NA,36031,22N15E27Q001M,22N15E27Q001M,Unknown,Unknown,5-012.01,Sierra Valley,Plumas,NA,Irrigation,Single Well,NA,1981-04-16 00:00:00 - 2020-04-24 12:00:00,80,fall,32.4,67.3,NA,NA,1996,NA,1995-10-01T00:00:00Z,1996-10-01T00:00:00Z,-120.283,39.7226
397226N1202835W001,801776,1995-06-01T00:00:00Z,4888.27,4885.57,0,22.7,4865.57,22.7,20,NA,Unknown,Water level accuracy is unknown,1,Department of Water Resources,NA,1,Department of Water Resources,NA,NA,36031,22N15E27Q001M,22N15E27Q001M,Unknown,Unknown,5-012.01,Sierra Valley,Plumas,NA,Irrigation,Single Well,NA,1981-04-16 00:00:00 - 2020-04-24 12:00:00,80,other,NA,NA,NA,NA,1995,Wet,1994-10-01T00:00:00Z,1995-10-01T00:00:00Z,-120.283,39.7226
397226N1202835W001,801775,1994-10-29T00:00:00Z,4888.27,4885.57,0,65.1,4823.17,65.1,62.4,NA,Unknown,Water level accuracy is unknown,1,Department of Water Resources,NA,1,Department of Water Resources,NA,NA,36031,22N15E27Q001M,22N15E27Q001M,Unknown,Unknown,5-012.01,Sierra Valley,Plumas,NA,Irrigation,Single Well,NA,1981-04-16 00:00:00 - 2020-04-24 12:00:00,80,fall,32.4,67.3,NA,NA,1995,Wet,1994-10-01T00:00:00Z,1995-10-01T00:00:00Z,-120.283,39.7226
397226N1202835W001,801774,1994-03-29T00:00:00Z,4888.27,4885.57,0,22.4,4865.87,22.4,19.7,Oil or foreign substance in casing,Unknown,Water level accuracy is unknown,1,Department of Water Resources,NA,1,Department of Water Resources,NA,NA,36031,22N15E27Q001M,22N15E27Q001M,Unknown,Unknown,5-012.01,Sierra Valley,Plumas,NA,Irrigation,Single Well,NA,1981-04-16 00:00:00 - 2020-04-24 12:00:00,80,spring,NA,NA,5.3,48.4,1994,Dry,1993-10-01T00:00:00Z,1994-10-01T00:00:00Z,-120.283,39.7226
397226N1202835W001,801773,1993-10-19T00:00:00Z,4888.27,4885.57,0,45,4843.27,45,42.3,NA,Unknown,Water level accuracy is unknown,1,Department of Water Resources,NA,1,Department of Water Resources,NA,NA,36031,22N15E27Q001M,22N15E27Q001M,Unknown,Unknown,5-012.01,Sierra Valley,Plumas,NA,Irrigation,Single Well,NA,1981-04-16 00:00:00 - 2020-04-24 12:00:00,80,fall,32.4,67.3,NA,NA,1994,Dry,1993-10-01T00:00:00Z,1994-10-01T00:00:00Z,-120.283,39.7226
397226N1202835W001,801772,1993-04-22T00:00:00Z,4888.27,4885.57,0,29.5,4858.77,29.5,26.8,NA,Unknown,Water level accuracy is unknown,1,Department of Water Resources,NA,1,Department of Water Resources,NA,NA,36031,22N15E27Q001M,22N15E27Q001M,Unknown,Unknown,5-012.01,Sierra Valley,Plumas,NA,Irrigation,Single Well,NA,1981-04-16 00:00:00 - 2020-04-24 12:00:00,80,spring,NA,NA,5.3,48.4,1993,NA,1992-10-01T00:00:00Z,1993-10-01T00:00:00Z,-120.283,39.7226
397226N1202835W001,801771,1992-10-22T00:00:00Z,4888.27,4885.57,0,69.7,4818.57,69.7,67,NA,Unknown,Water level accuracy is unknown,1,Department of Water Resources,NA,1,Department of Water Resources,NA,NA,36031,22N15E27Q001M,22N15E27Q001M,Unknown,Unknown,5-012.01,Sierra Valley,Plumas,NA,Irrigation,Single Well,NA,1981-04-16 00:00:00 - 2020-04-24 12:00:00,80,fall,32.4,67.3,NA,NA,1993,NA,1992-10-01T00:00:00Z,1993-10-01T00:00:00Z,-120.283,39.7226
397226N1202835W001,801770,1992-03-24T00:00:00Z,4888.27,4885.57,0,29.3,4858.97,29.3,26.6,Oil or foreign substance in casing,Unknown,Water level accuracy is unknown,1,Department of Water Resources,NA,1,Department of Water Resources,NA,NA,36031,22N15E27Q001M,22N15E27Q001M,Unknown,Unknown,5-012.01,Sierra Valley,Plumas,NA,Irrigation,Single Well,NA,1981-04-16 00:00:00 - 2020-04-24 12:00:00,80,spring,NA,NA,5.3,48.4,1992,NA,1991-10-01T00:00:00Z,1992-10-01T00:00:00Z,-120.283,39.7226
397226N1202835W001,801769,1991-10-21T00:00:00Z,4888.27,4885.57,0,59.9,4828.37,59.9,57.2,Oil or foreign substance in casing,Unknown,Water level accuracy is unknown,1,Department of Water Resources,NA,1,Department of Water Resources,NA,NA,36031,22N15E27Q001M,22N15E27Q001M,Unknown,Unknown,5-012.01,Sierra Valley,Plumas,NA,Irrigation,Single Well,NA,1981-04-16 00:00:00 - 2020-04-24 12:00:00,80,fall,32.4,67.3,NA,NA,1992,NA,1991-10-01T00:00:00Z,1992-10-01T00:00:00Z,-120.283,39.7226
397226N1202835W001,801768,1991-02-27T00:00:00Z,4888.27,4885.57,0,29.7,4858.57,29.7,27,NA,Unknown,Water level accuracy is unknown,1,Department of Water Resources,NA,1,Department of Water Resources,NA,NA,36031,22N15E27Q001M,22N15E27Q001M,Unknown,Unknown,5-012.01,Sierra Valley,Plumas,NA,Irrigation,Single Well,NA,1981-04-16 00:00:00 - 2020-04-24 12:00:00,80,other,NA,NA,NA,NA,1991,NA,1990-10-01T00:00:00Z,1991-10-01T00:00:00Z,-120.283,39.7226
397226N1202835W001,801767,1990-10-25T00:00:00Z,4888.27,4885.57,0,58.7,4829.57,58.7,56,NA,Unknown,Water level accuracy is unknown,1,Department of Water Resources,NA,1,Department of Water Resources,NA,NA,36031,22N15E27Q001M,22N15E27Q001M,Unknown,Unknown,5-012.01,Sierra Valley,Plumas,NA,Irrigation,Single Well,NA,1981-04-16 00:00:00 - 2020-04-24 12:00:00,80,fall,32.4,67.3,NA,NA,1991,NA,1990-10-01T00:00:00Z,1991-10-01T00:00:00Z,-120.283,39.7226
397226N1202835W001,801766,1990-04-10T00:00:00Z,4888.27,4885.57,0,20.8,4867.47,20.8,18.1,NA,Unknown,Water level accuracy is unknown,1,Department of Water Resources,NA,1,Department of Water Resources,NA,NA,36031,22N15E27Q001M,22N15E27Q001M,Unknown,Unknown,5-012.01,Sierra Valley,Plumas,NA,Irrigation,Single Well,NA,1981-04-16 00:00:00 - 2020-04-24 12:00:00,80,spring,NA,NA,5.3,48.4,1990,NA,1989-10-01T00:00:00Z,1990-10-01T00:00:00Z,-120.283,39.7226
397226N1202835W001,801765,1989-09-27T00:00:00Z,4888.27,4885.57,0,65.4,4822.87,65.4,62.7,NA,Unknown,Water level accuracy is unknown,1,Department of Water Resources,NA,1,Department of Water Resources,NA,NA,36031,22N15E27Q001M,22N15E27Q001M,Unknown,Unknown,5-012.01,Sierra Valley,Plumas,NA,Irrigation,Single Well,NA,1981-04-16 00:00:00 - 2020-04-24 12:00:00,80,fall,32.4,67.3,NA,NA,1989,NA,1988-10-01T00:00:00Z,1989-10-01T00:00:00Z,-120.283,39.7226
397226N1202835W001,801764,1989-04-05T00:00:00Z,4888.27,4885.57,0,23.2,4865.07,23.2,20.5,NA,Unknown,Water level accuracy is unknown,1,Department of Water Resources,NA,1,Department of Water Resources,NA,NA,36031,22N15E27Q001M,22N15E27Q001M,Unknown,Unknown,5-012.01,Sierra Valley,Plumas,NA,Irrigation,Single Well,NA,1981-04-16 00:00:00 - 2020-04-24 12:00:00,80,spring,NA,NA,5.3,48.4,1989,NA,1988-10-01T00:00:00Z,1989-10-01T00:00:00Z,-120.283,39.7226
397226N1202835W001,801763,1988-10-25T00:00:00Z,4888.27,4885.57,0,63.2,4825.07,63.2,60.5,NA,Unknown,Water level accuracy is unknown,1,Department of Water Resources,NA,1,Department of Water Resources,NA,NA,36031,22N15E27Q001M,22N15E27Q001M,Unknown,Unknown,5-012.01,Sierra Valley,Plumas,NA,Irrigation,Single Well,NA,1981-04-16 00:00:00 - 2020-04-24 12:00:00,80,fall,32.4,67.3,NA,NA,1989,NA,1988-10-01T00:00:00Z,1989-10-01T00:00:00Z,-120.283,39.7226
397226N1202835W001,801762,1988-03-23T00:00:00Z,4888.27,4885.57,0,21.5,4866.77,21.5,18.8,NA,Unknown,Water level accuracy is unknown,1,Department of Water Resources,NA,1,Department of Water Resources,NA,NA,36031,22N15E27Q001M,22N15E27Q001M,Unknown,Unknown,5-012.01,Sierra Valley,Plumas,NA,Irrigation,Single Well,NA,1981-04-16 00:00:00 - 2020-04-24 12:00:00,80,spring,NA,NA,5.3,48.4,1988,NA,1987-10-01T00:00:00Z,1988-10-01T00:00:00Z,-120.283,39.7226
397226N1202835W001,801761,1987-10-20T00:00:00Z,4888.27,4885.57,0,55.9,4832.37,55.9,53.2,NA,Unknown,Water level accuracy is unknown,1,Department of Water Resources,NA,1,Department of Water Resources,NA,NA,36031,22N15E27Q001M,22N15E27Q001M,Unknown,Unknown,5-012.01,Sierra Valley,Plumas,NA,Irrigation,Single Well,NA,1981-04-16 00:00:00 - 2020-04-24 12:00:00,80,fall,32.4,67.3,NA,NA,1988,NA,1987-10-01T00:00:00Z,1988-10-01T00:00:00Z,-120.283,39.7226
397226N1202835W001,801760,1987-04-07T00:00:00Z,4888.27,4885.57,0,11.4,4876.87,11.4,8.7,NA,Unknown,Water level accuracy is unknown,1,Department of Water Resources,NA,1,Department of Water Resources,NA,NA,36031,22N15E27Q001M,22N15E27Q001M,Unknown,Unknown,5-012.01,Sierra Valley,Plumas,NA,Irrigation,Single Well,NA,1981-04-16 00:00:00 - 2020-04-24 12:00:00,80,spring,NA,NA,5.3,48.4,1987,Dry,1986-10-01T00:00:00Z,1987-10-01T00:00:00Z,-120.283,39.7226
397226N1202835W001,801759,1986-10-01T00:00:00Z,4888.27,4885.57,0,46.9,4841.37,46.9,44.2,NA,Unknown,Water level accuracy is unknown,1,Department of Water Resources,NA,1,Department of Water Resources,NA,NA,36031,22N15E27Q001M,22N15E27Q001M,Unknown,Unknown,5-012.01,Sierra Valley,Plumas,NA,Irrigation,Single Well,NA,1981-04-16 00:00:00 - 2020-04-24 12:00:00,80,fall,32.4,67.3,NA,NA,1987,Dry,1986-10-01T00:00:00Z,1987-10-01T00:00:00Z,-120.283,39.7226
397226N1202835W001,801758,1986-08-14T00:00:00Z,4888.27,4885.57,0,56.8,4831.47,56.8,54.1,NA,Unknown,Water level accuracy is unknown,1,Department of Water Resources,NA,1,Department of Water Resources,NA,NA,36031,22N15E27Q001M,22N15E27Q001M,Unknown,Unknown,5-012.01,Sierra Valley,Plumas,NA,Irrigation,Single Well,NA,1981-04-16 00:00:00 - 2020-04-24 12:00:00,80,fall,32.4,67.3,NA,NA,1986,Wet,1985-10-01T00:00:00Z,1986-10-01T00:00:00Z,-120.283,39.7226
397226N1202835W001,801757,1986-04-02T00:00:00Z,4888.27,4885.57,0,16.5,4871.77,16.5,13.8,NA,Unknown,Water level accuracy is unknown,1,Department of Water Resources,NA,1,Department of Water Resources,NA,NA,36031,22N15E27Q001M,22N15E27Q001M,Unknown,Unknown,5-012.01,Sierra Valley,Plumas,NA,Irrigation,Single Well,NA,1981-04-16 00:00:00 - 2020-04-24 12:00:00,80,spring,NA,NA,5.3,48.4,1986,Wet,1985-10-01T00:00:00Z,1986-10-01T00:00:00Z,-120.283,39.7226
397226N1202835W001,801755,1985-04-04T00:00:00Z,4888.27,4885.57,0,8,4880.27,8,5.3,NA,Unknown,Water level accuracy is unknown,1,Department of Water Resources,NA,1,Department of Water Resources,NA,NA,36031,22N15E27Q001M,22N15E27Q001M,Unknown,Unknown,5-012.01,Sierra Valley,Plumas,NA,Irrigation,Single Well,NA,1981-04-16 00:00:00 - 2020-04-24 12:00:00,80,spring,NA,NA,5.3,48.4,1985,Dry,1984-10-01T00:00:00Z,1985-10-01T00:00:00Z,-120.283,39.7226
397226N1202835W001,801754,1984-10-02T00:00:00Z,4888.27,4885.57,0,45,4843.27,45,42.3,NA,Unknown,Water level accuracy is unknown,1,Department of Water Resources,NA,1,Department of Water Resources,NA,NA,36031,22N15E27Q001M,22N15E27Q001M,Unknown,Unknown,5-012.01,Sierra Valley,Plumas,NA,Irrigation,Single Well,NA,1981-04-16 00:00:00 - 2020-04-24 12:00:00,80,fall,32.4,67.3,NA,NA,1985,Dry,1984-10-01T00:00:00Z,1985-10-01T00:00:00Z,-120.283,39.7226
397226N1202835W001,801752,1983-09-28T00:00:00Z,4888.27,4885.57,0,41,4847.27,41,38.3,NA,Unknown,Water level accuracy is unknown,1,Department of Water Resources,NA,1,Department of Water Resources,NA,NA,36031,22N15E27Q001M,22N15E27Q001M,Unknown,Unknown,5-012.01,Sierra Valley,Plumas,NA,Irrigation,Single Well,NA,1981-04-16 00:00:00 - 2020-04-24 12:00:00,80,fall,32.4,67.3,NA,NA,1983,NA,1982-10-01T00:00:00Z,1983-10-01T00:00:00Z,-120.283,39.7226
397226N1202835W001,801751,1983-04-14T00:00:00Z,4888.27,4885.57,0,8.8,4879.47,8.8,6.1,NA,Unknown,Water level accuracy is unknown,1,Department of Water Resources,NA,1,Department of Water Resources,NA,NA,36031,22N15E27Q001M,22N15E27Q001M,Unknown,Unknown,5-012.01,Sierra Valley,Plumas,NA,Irrigation,Single Well,NA,1981-04-16 00:00:00 - 2020-04-24 12:00:00,80,spring,NA,NA,5.3,48.4,1983,NA,1982-10-01T00:00:00Z,1983-10-01T00:00:00Z,-120.283,39.7226
397226N1202835W001,801750,1982-10-07T00:00:00Z,4888.27,4885.57,0,45.1,4843.17,45.1,42.4,NA,Unknown,Water level accuracy is unknown,1,Department of Water Resources,NA,1,Department of Water Resources,NA,NA,36031,22N15E27Q001M,22N15E27Q001M,Unknown,Unknown,5-012.01,Sierra Valley,Plumas,NA,Irrigation,Single Well,NA,1981-04-16 00:00:00 - 2020-04-24 12:00:00,80,fall,32.4,67.3,NA,NA,1983,NA,1982-10-01T00:00:00Z,1983-10-01T00:00:00Z,-120.283,39.7226
397226N1202835W001,801749,1982-04-28T00:00:00Z,4888.27,4885.57,0,9.9,4878.37,9.9,7.2,NA,Unknown,Water level accuracy is unknown,1,Department of Water Resources,NA,1,Department of Water Resources,NA,NA,36031,22N15E27Q001M,22N15E27Q001M,Unknown,Unknown,5-012.01,Sierra Valley,Plumas,NA,Irrigation,Single Well,NA,1981-04-16 00:00:00 - 2020-04-24 12:00:00,80,spring,NA,NA,5.3,48.4,1982,Wet,1981-10-01T00:00:00Z,1982-10-01T00:00:00Z,-120.283,39.7226
397226N1202835W001,801748,1981-10-15T00:00:00Z,4888.27,4885.57,0,54.9,4833.37,54.9,52.2,NA,Unknown,Water level accuracy is unknown,1,Department of Water Resources,NA,1,Department of Water Resources,NA,NA,36031,22N15E27Q001M,22N15E27Q001M,Unknown,Unknown,5-012.01,Sierra Valley,Plumas,NA,Irrigation,Single Well,NA,1981-04-16 00:00:00 - 2020-04-24 12:00:00,80,fall,32.4,67.3,NA,NA,1982,Wet,1981-10-01T00:00:00Z,1982-10-01T00:00:00Z,-120.283,39.7226
