SITE_CODE,WLM_ID,MSMT_DATE,WLM_RPE,WLM_GSE,RDNG_WS,RDNG_RP,WSE,RPE_WSE,GSE_WSE,WLM_QA_DESC,WLM_DESC,WLM_ACC_DESC,WLM_ORG_ID,WLM_ORG_NAME,MSMT_CMT,COOP_AGENCY_ORG_ID,COOP_ORG_NAME,TOP_PRF,BOT_PRF,STN_ID,SWN,WELL_NAME,WLM_METHOD,WLM_ACC,BASIN_CODE,BASIN_NAME,COUNTY_NAME,WELL_DEPTH,WELL_USE,WELL_TYPE,WCR_NO,t_range,n_samples,season,fall_high,fall_low,spring_high,spring_low,water_year,water_year_type,water_year_start,water_year_end,X,Y
397372N1202128W001,2493723,2019-10-23T12:00:00Z,4940.72,4938.22,8.9,18,4931.62,9.1,6.6,NA,Steel tape measurement,Water level accuracy to nearest tenth of a foot,1,Department of Water Resources,NA,1,Department of Water Resources,70,82,20719,22N16E20P002M,22N16E20P002M,Unknown,Unknown,5-012.01,Sierra Valley,Plumas,205,Residential,Single Well,15151,1981-04-17 00:00:00 - 2020-04-24 12:00:00,164,fall,-0.1,15.7,NA,NA,2020,Dry,2019-10-01T00:00:00Z,2020-10-01T00:00:00Z,-120.213,39.7372
397372N1202128W001,2493723,2019-10-23T12:00:00Z,4940.72,4938.22,8.9,18,4931.62,9.1,6.6,NA,Steel tape measurement,Water level accuracy to nearest tenth of a foot,1,Department of Water Resources,NA,1,Department of Water Resources,170,190,20719,22N16E20P002M,22N16E20P002M,Unknown,Unknown,5-012.01,Sierra Valley,Plumas,205,Residential,Single Well,15151,1981-04-17 00:00:00 - 2020-04-24 12:00:00,164,fall,-0.1,15.7,NA,NA,2020,Dry,2019-10-01T00:00:00Z,2020-10-01T00:00:00Z,-120.213,39.7372
397372N1202128W001,2454960,2019-04-10T12:00:00Z,4940.72,4938.22,11,14,4937.72,3,0.5,NA,Steel tape measurement,Water level accuracy to nearest tenth of a foot,1,Department of Water Resources,NA,1,Department of Water Resources,70,82,20719,22N16E20P002M,22N16E20P002M,Unknown,Unknown,5-012.01,Sierra Valley,Plumas,205,Residential,Single Well,15151,1981-04-17 00:00:00 - 2020-04-24 12:00:00,164,spring,NA,NA,-1.2,10,2019,Wet,2018-10-01T00:00:00Z,2019-10-01T00:00:00Z,-120.213,39.7372
397372N1202128W001,2454960,2019-04-10T12:00:00Z,4940.72,4938.22,11,14,4937.72,3,0.5,NA,Steel tape measurement,Water level accuracy to nearest tenth of a foot,1,Department of Water Resources,NA,1,Department of Water Resources,170,190,20719,22N16E20P002M,22N16E20P002M,Unknown,Unknown,5-012.01,Sierra Valley,Plumas,205,Residential,Single Well,15151,1981-04-17 00:00:00 - 2020-04-24 12:00:00,164,spring,NA,NA,-1.2,10,2019,Wet,2018-10-01T00:00:00Z,2019-10-01T00:00:00Z,-120.213,39.7372
397372N1202128W001,2285967,2018-04-02T12:00:00Z,4940.72,4938.22,1.9,10,4932.62,8.1,5.6,NA,Steel tape measurement,Water level accuracy to nearest tenth of a foot,1,Department of Water Resources,NA,1,Department of Water Resources,70,82,20719,22N16E20P002M,22N16E20P002M,Unknown,Unknown,5-012.01,Sierra Valley,Plumas,205,Residential,Single Well,15151,1981-04-17 00:00:00 - 2020-04-24 12:00:00,164,spring,NA,NA,-1.2,10,2018,NA,2017-10-01T00:00:00Z,2018-10-01T00:00:00Z,-120.213,39.7372
397372N1202128W001,2285967,2018-04-02T12:00:00Z,4940.72,4938.22,1.9,10,4932.62,8.1,5.6,NA,Steel tape measurement,Water level accuracy to nearest tenth of a foot,1,Department of Water Resources,NA,1,Department of Water Resources,170,190,20719,22N16E20P002M,22N16E20P002M,Unknown,Unknown,5-012.01,Sierra Valley,Plumas,205,Residential,Single Well,15151,1981-04-17 00:00:00 - 2020-04-24 12:00:00,164,spring,NA,NA,-1.2,10,2018,NA,2017-10-01T00:00:00Z,2018-10-01T00:00:00Z,-120.213,39.7372
397372N1202128W001,2268007,2017-10-16T00:00:00Z,4940.72,4938.22,16.9,20,4937.62,3.1,0.6,NA,Steel tape measurement,Water level accuracy to nearest tenth of a foot,1,Department of Water Resources,NA,1,Department of Water Resources,70,82,20719,22N16E20P002M,22N16E20P002M,Unknown,Unknown,5-012.01,Sierra Valley,Plumas,205,Residential,Single Well,15151,1981-04-17 00:00:00 - 2020-04-24 12:00:00,164,fall,-0.1,15.7,NA,NA,2018,NA,2017-10-01T00:00:00Z,2018-10-01T00:00:00Z,-120.213,39.7372
397372N1202128W001,2268007,2017-10-16T00:00:00Z,4940.72,4938.22,16.9,20,4937.62,3.1,0.6,NA,Steel tape measurement,Water level accuracy to nearest tenth of a foot,1,Department of Water Resources,NA,1,Department of Water Resources,170,190,20719,22N16E20P002M,22N16E20P002M,Unknown,Unknown,5-012.01,Sierra Valley,Plumas,205,Residential,Single Well,15151,1981-04-17 00:00:00 - 2020-04-24 12:00:00,164,fall,-0.1,15.7,NA,NA,2018,NA,2017-10-01T00:00:00Z,2018-10-01T00:00:00Z,-120.213,39.7372
397372N1202128W001,2244295,2017-04-03T00:00:00Z,4940.72,4938.22,10.3,21,4930.02,10.7,8.2,NA,Steel tape measurement,Water level accuracy to nearest tenth of a foot,1,Department of Water Resources,NA,1,Department of Water Resources,70,82,20719,22N16E20P002M,22N16E20P002M,Unknown,Unknown,5-012.01,Sierra Valley,Plumas,205,Residential,Single Well,15151,1981-04-17 00:00:00 - 2020-04-24 12:00:00,164,spring,NA,NA,-1.2,10,2017,Wet,2016-10-01T00:00:00Z,2017-10-01T00:00:00Z,-120.213,39.7372
397372N1202128W001,2244295,2017-04-03T00:00:00Z,4940.72,4938.22,10.3,21,4930.02,10.7,8.2,NA,Steel tape measurement,Water level accuracy to nearest tenth of a foot,1,Department of Water Resources,NA,1,Department of Water Resources,170,190,20719,22N16E20P002M,22N16E20P002M,Unknown,Unknown,5-012.01,Sierra Valley,Plumas,205,Residential,Single Well,15151,1981-04-17 00:00:00 - 2020-04-24 12:00:00,164,spring,NA,NA,-1.2,10,2017,Wet,2016-10-01T00:00:00Z,2017-10-01T00:00:00Z,-120.213,39.7372
397372N1202128W001,2415028,2016-10-25T12:00:00Z,4940.72,4938.22,10.1,20,4930.82,9.9,7.4,NA,Steel tape measurement,Water level accuracy to nearest tenth of a foot,1,Department of Water Resources,NA,1,Department of Water Resources,70,82,20719,22N16E20P002M,22N16E20P002M,Unknown,Unknown,5-012.01,Sierra Valley,Plumas,205,Residential,Single Well,15151,1981-04-17 00:00:00 - 2020-04-24 12:00:00,164,fall,-0.1,15.7,NA,NA,2017,Wet,2016-10-01T00:00:00Z,2017-10-01T00:00:00Z,-120.213,39.7372
397372N1202128W001,2415028,2016-10-25T12:00:00Z,4940.72,4938.22,10.1,20,4930.82,9.9,7.4,NA,Steel tape measurement,Water level accuracy to nearest tenth of a foot,1,Department of Water Resources,NA,1,Department of Water Resources,170,190,20719,22N16E20P002M,22N16E20P002M,Unknown,Unknown,5-012.01,Sierra Valley,Plumas,205,Residential,Single Well,15151,1981-04-17 00:00:00 - 2020-04-24 12:00:00,164,fall,-0.1,15.7,NA,NA,2017,Wet,2016-10-01T00:00:00Z,2017-10-01T00:00:00Z,-120.213,39.7372
397372N1202128W001,2214125,2016-10-24T00:00:00Z,4940.72,4938.22,1.5,10,4932.22,8.5,6,NA,Steel tape measurement,Water level accuracy to nearest tenth of a foot,1,Department of Water Resources,NA,1,Department of Water Resources,70,82,20719,22N16E20P002M,22N16E20P002M,Unknown,Unknown,5-012.01,Sierra Valley,Plumas,205,Residential,Single Well,15151,1981-04-17 00:00:00 - 2020-04-24 12:00:00,164,fall,-0.1,15.7,NA,NA,2017,Wet,2016-10-01T00:00:00Z,2017-10-01T00:00:00Z,-120.213,39.7372
397372N1202128W001,2214125,2016-10-24T00:00:00Z,4940.72,4938.22,1.5,10,4932.22,8.5,6,NA,Steel tape measurement,Water level accuracy to nearest tenth of a foot,1,Department of Water Resources,NA,1,Department of Water Resources,170,190,20719,22N16E20P002M,22N16E20P002M,Unknown,Unknown,5-012.01,Sierra Valley,Plumas,205,Residential,Single Well,15151,1981-04-17 00:00:00 - 2020-04-24 12:00:00,164,fall,-0.1,15.7,NA,NA,2017,Wet,2016-10-01T00:00:00Z,2017-10-01T00:00:00Z,-120.213,39.7372
397372N1202128W001,2184591,2016-03-21T00:00:00Z,4940.72,4938.22,3.9,10,4934.62,6.1,3.6,NA,Steel tape measurement,Water level accuracy to nearest tenth of a foot,1,Department of Water Resources,NA,1,Department of Water Resources,70,82,20719,22N16E20P002M,22N16E20P002M,Unknown,Unknown,5-012.01,Sierra Valley,Plumas,205,Residential,Single Well,15151,1981-04-17 00:00:00 - 2020-04-24 12:00:00,164,spring,NA,NA,-1.2,10,2016,NA,2015-10-01T00:00:00Z,2016-10-01T00:00:00Z,-120.213,39.7372
397372N1202128W001,2184591,2016-03-21T00:00:00Z,4940.72,4938.22,3.9,10,4934.62,6.1,3.6,NA,Steel tape measurement,Water level accuracy to nearest tenth of a foot,1,Department of Water Resources,NA,1,Department of Water Resources,170,190,20719,22N16E20P002M,22N16E20P002M,Unknown,Unknown,5-012.01,Sierra Valley,Plumas,205,Residential,Single Well,15151,1981-04-17 00:00:00 - 2020-04-24 12:00:00,164,spring,NA,NA,-1.2,10,2016,NA,2015-10-01T00:00:00Z,2016-10-01T00:00:00Z,-120.213,39.7372
397372N1202128W001,2157065,2015-10-19T00:00:00Z,4940.72,4938.22,10.5,16,4935.22,5.5,3,NA,Steel tape measurement,Water level accuracy to nearest tenth of a foot,1,Department of Water Resources,NA,1,Department of Water Resources,70,82,20719,22N16E20P002M,22N16E20P002M,Unknown,Unknown,5-012.01,Sierra Valley,Plumas,205,Residential,Single Well,15151,1981-04-17 00:00:00 - 2020-04-24 12:00:00,164,fall,-0.1,15.7,NA,NA,2016,NA,2015-10-01T00:00:00Z,2016-10-01T00:00:00Z,-120.213,39.7372
397372N1202128W001,2157065,2015-10-19T00:00:00Z,4940.72,4938.22,10.5,16,4935.22,5.5,3,NA,Steel tape measurement,Water level accuracy to nearest tenth of a foot,1,Department of Water Resources,NA,1,Department of Water Resources,170,190,20719,22N16E20P002M,22N16E20P002M,Unknown,Unknown,5-012.01,Sierra Valley,Plumas,205,Residential,Single Well,15151,1981-04-17 00:00:00 - 2020-04-24 12:00:00,164,fall,-0.1,15.7,NA,NA,2016,NA,2015-10-01T00:00:00Z,2016-10-01T00:00:00Z,-120.213,39.7372
397372N1202128W001,2119777,2015-03-23T00:00:00Z,4940.72,4938.22,4.4,10,4935.12,5.6,3.1,NA,Steel tape measurement,Water level accuracy to nearest tenth of a foot,1,Department of Water Resources,NA,1,Department of Water Resources,70,82,20719,22N16E20P002M,22N16E20P002M,Unknown,Unknown,5-012.01,Sierra Valley,Plumas,205,Residential,Single Well,15151,1981-04-17 00:00:00 - 2020-04-24 12:00:00,164,spring,NA,NA,-1.2,10,2015,NA,2014-10-01T00:00:00Z,2015-10-01T00:00:00Z,-120.213,39.7372
397372N1202128W001,2119777,2015-03-23T00:00:00Z,4940.72,4938.22,4.4,10,4935.12,5.6,3.1,NA,Steel tape measurement,Water level accuracy to nearest tenth of a foot,1,Department of Water Resources,NA,1,Department of Water Resources,170,190,20719,22N16E20P002M,22N16E20P002M,Unknown,Unknown,5-012.01,Sierra Valley,Plumas,205,Residential,Single Well,15151,1981-04-17 00:00:00 - 2020-04-24 12:00:00,164,spring,NA,NA,-1.2,10,2015,NA,2014-10-01T00:00:00Z,2015-10-01T00:00:00Z,-120.213,39.7372
397372N1202128W001,2020292,2014-10-20T15:00:00Z,4940.72,4938.22,9.5,20,4930.22,10.5,8,NA,Electric sounder measurement,Water level accuracy to nearest hundredth of a foot,1,Department of Water Resources,NA,1,Department of Water Resources,70,82,20719,22N16E20P002M,22N16E20P002M,Unknown,Unknown,5-012.01,Sierra Valley,Plumas,205,Residential,Single Well,15151,1981-04-17 00:00:00 - 2020-04-24 12:00:00,164,fall,-0.1,15.7,NA,NA,2015,NA,2014-10-01T00:00:00Z,2015-10-01T00:00:00Z,-120.213,39.7372
397372N1202128W001,2020292,2014-10-20T15:00:00Z,4940.72,4938.22,9.5,20,4930.22,10.5,8,NA,Electric sounder measurement,Water level accuracy to nearest hundredth of a foot,1,Department of Water Resources,NA,1,Department of Water Resources,170,190,20719,22N16E20P002M,22N16E20P002M,Unknown,Unknown,5-012.01,Sierra Valley,Plumas,205,Residential,Single Well,15151,1981-04-17 00:00:00 - 2020-04-24 12:00:00,164,fall,-0.1,15.7,NA,NA,2015,NA,2014-10-01T00:00:00Z,2015-10-01T00:00:00Z,-120.213,39.7372
397372N1202128W001,1880775,2014-03-14T00:00:00Z,4940.72,4938.22,4.1,10,4934.82,5.9,3.4,NA,Steel tape measurement,Water level accuracy to nearest tenth of a foot,1,Department of Water Resources,NA,1,Department of Water Resources,70,82,20719,22N16E20P002M,22N16E20P002M,Unknown,Unknown,5-012.01,Sierra Valley,Plumas,205,Residential,Single Well,15151,1981-04-17 00:00:00 - 2020-04-24 12:00:00,164,spring,NA,NA,-1.2,10,2014,NA,2013-10-01T00:00:00Z,2014-10-01T00:00:00Z,-120.213,39.7372
397372N1202128W001,1880775,2014-03-14T00:00:00Z,4940.72,4938.22,4.1,10,4934.82,5.9,3.4,NA,Steel tape measurement,Water level accuracy to nearest tenth of a foot,1,Department of Water Resources,NA,1,Department of Water Resources,170,190,20719,22N16E20P002M,22N16E20P002M,Unknown,Unknown,5-012.01,Sierra Valley,Plumas,205,Residential,Single Well,15151,1981-04-17 00:00:00 - 2020-04-24 12:00:00,164,spring,NA,NA,-1.2,10,2014,NA,2013-10-01T00:00:00Z,2014-10-01T00:00:00Z,-120.213,39.7372
397372N1202128W001,1797117,2013-10-21T00:00:00Z,4940.72,4938.22,0,10,4930.72,10,7.5,NA,Steel tape measurement,Water level accuracy to nearest tenth of a foot,1,Department of Water Resources,NA,1,Department of Water Resources,70,82,20719,22N16E20P002M,22N16E20P002M,Unknown,Unknown,5-012.01,Sierra Valley,Plumas,205,Residential,Single Well,15151,1981-04-17 00:00:00 - 2020-04-24 12:00:00,164,fall,-0.1,15.7,NA,NA,2014,NA,2013-10-01T00:00:00Z,2014-10-01T00:00:00Z,-120.213,39.7372
397372N1202128W001,1797117,2013-10-21T00:00:00Z,4940.72,4938.22,0,10,4930.72,10,7.5,NA,Steel tape measurement,Water level accuracy to nearest tenth of a foot,1,Department of Water Resources,NA,1,Department of Water Resources,170,190,20719,22N16E20P002M,22N16E20P002M,Unknown,Unknown,5-012.01,Sierra Valley,Plumas,205,Residential,Single Well,15151,1981-04-17 00:00:00 - 2020-04-24 12:00:00,164,fall,-0.1,15.7,NA,NA,2014,NA,2013-10-01T00:00:00Z,2014-10-01T00:00:00Z,-120.213,39.7372
397372N1202128W001,1684436,2013-03-25T00:00:00Z,4940.72,4938.22,-0.2,5,4935.52,5.2,2.7,NA,Steel tape measurement,Water level accuracy to nearest tenth of a foot,1,Department of Water Resources,NA,1,Department of Water Resources,70,82,20719,22N16E20P002M,22N16E20P002M,Unknown,Unknown,5-012.01,Sierra Valley,Plumas,205,Residential,Single Well,15151,1981-04-17 00:00:00 - 2020-04-24 12:00:00,164,spring,NA,NA,-1.2,10,2013,Dry,2012-10-01T00:00:00Z,2013-10-01T00:00:00Z,-120.213,39.7372
397372N1202128W001,1684436,2013-03-25T00:00:00Z,4940.72,4938.22,-0.2,5,4935.52,5.2,2.7,NA,Steel tape measurement,Water level accuracy to nearest tenth of a foot,1,Department of Water Resources,NA,1,Department of Water Resources,170,190,20719,22N16E20P002M,22N16E20P002M,Unknown,Unknown,5-012.01,Sierra Valley,Plumas,205,Residential,Single Well,15151,1981-04-17 00:00:00 - 2020-04-24 12:00:00,164,spring,NA,NA,-1.2,10,2013,Dry,2012-10-01T00:00:00Z,2013-10-01T00:00:00Z,-120.213,39.7372
397372N1202128W001,69377,2012-10-30T00:00:00Z,4940.72,4938.22,6.9,10,4937.62,3.1,0.6,NA,Steel tape measurement,Water level accuracy to nearest tenth of a foot,1,Department of Water Resources,NA,1,Department of Water Resources,70,82,20719,22N16E20P002M,22N16E20P002M,Unknown,Unknown,5-012.01,Sierra Valley,Plumas,205,Residential,Single Well,15151,1981-04-17 00:00:00 - 2020-04-24 12:00:00,164,fall,-0.1,15.7,NA,NA,2013,Dry,2012-10-01T00:00:00Z,2013-10-01T00:00:00Z,-120.213,39.7372
397372N1202128W001,69377,2012-10-30T00:00:00Z,4940.72,4938.22,6.9,10,4937.62,3.1,0.6,NA,Steel tape measurement,Water level accuracy to nearest tenth of a foot,1,Department of Water Resources,NA,1,Department of Water Resources,170,190,20719,22N16E20P002M,22N16E20P002M,Unknown,Unknown,5-012.01,Sierra Valley,Plumas,205,Residential,Single Well,15151,1981-04-17 00:00:00 - 2020-04-24 12:00:00,164,fall,-0.1,15.7,NA,NA,2013,Dry,2012-10-01T00:00:00Z,2013-10-01T00:00:00Z,-120.213,39.7372
397372N1202128W001,59959,2012-04-17T00:00:00Z,4940.72,4938.22,0.6,5,4936.32,4.4,1.9,NA,Steel tape measurement,Water level accuracy to nearest tenth of a foot,1,Department of Water Resources,NA,1,Department of Water Resources,70,82,20719,22N16E20P002M,22N16E20P002M,Unknown,Unknown,5-012.01,Sierra Valley,Plumas,205,Residential,Single Well,15151,1981-04-17 00:00:00 - 2020-04-24 12:00:00,164,spring,NA,NA,-1.2,10,2012,NA,2011-10-01T00:00:00Z,2012-10-01T00:00:00Z,-120.213,39.7372
397372N1202128W001,59959,2012-04-17T00:00:00Z,4940.72,4938.22,0.6,5,4936.32,4.4,1.9,NA,Steel tape measurement,Water level accuracy to nearest tenth of a foot,1,Department of Water Resources,NA,1,Department of Water Resources,170,190,20719,22N16E20P002M,22N16E20P002M,Unknown,Unknown,5-012.01,Sierra Valley,Plumas,205,Residential,Single Well,15151,1981-04-17 00:00:00 - 2020-04-24 12:00:00,164,spring,NA,NA,-1.2,10,2012,NA,2011-10-01T00:00:00Z,2012-10-01T00:00:00Z,-120.213,39.7372
397372N1202128W001,39807,2011-10-18T00:00:00Z,4940.72,4938.22,0,7.5,4933.22,7.5,5,Pumped recently,Steel tape measurement,Water level accuracy to nearest tenth of a foot,1,Department of Water Resources,NA,1,Department of Water Resources,70,82,20719,22N16E20P002M,22N16E20P002M,Unknown,Unknown,5-012.01,Sierra Valley,Plumas,205,Residential,Single Well,15151,1981-04-17 00:00:00 - 2020-04-24 12:00:00,164,fall,-0.1,15.7,NA,NA,2012,NA,2011-10-01T00:00:00Z,2012-10-01T00:00:00Z,-120.213,39.7372
397372N1202128W001,39807,2011-10-18T00:00:00Z,4940.72,4938.22,0,7.5,4933.22,7.5,5,Pumped recently,Steel tape measurement,Water level accuracy to nearest tenth of a foot,1,Department of Water Resources,NA,1,Department of Water Resources,170,190,20719,22N16E20P002M,22N16E20P002M,Unknown,Unknown,5-012.01,Sierra Valley,Plumas,205,Residential,Single Well,15151,1981-04-17 00:00:00 - 2020-04-24 12:00:00,164,fall,-0.1,15.7,NA,NA,2012,NA,2011-10-01T00:00:00Z,2012-10-01T00:00:00Z,-120.213,39.7372
397372N1202128W001,802468,2011-10-18T00:00:00Z,4940.72,4938.22,0,7.5,4933.22,7.5,5,Pumped recently,Unknown,Water level accuracy is unknown,1,Department of Water Resources,NA,1,Department of Water Resources,70,82,20719,22N16E20P002M,22N16E20P002M,Unknown,Unknown,5-012.01,Sierra Valley,Plumas,205,Residential,Single Well,15151,1981-04-17 00:00:00 - 2020-04-24 12:00:00,164,fall,-0.1,15.7,NA,NA,2012,NA,2011-10-01T00:00:00Z,2012-10-01T00:00:00Z,-120.213,39.7372
397372N1202128W001,802468,2011-10-18T00:00:00Z,4940.72,4938.22,0,7.5,4933.22,7.5,5,Pumped recently,Unknown,Water level accuracy is unknown,1,Department of Water Resources,NA,1,Department of Water Resources,170,190,20719,22N16E20P002M,22N16E20P002M,Unknown,Unknown,5-012.01,Sierra Valley,Plumas,205,Residential,Single Well,15151,1981-04-17 00:00:00 - 2020-04-24 12:00:00,164,fall,-0.1,15.7,NA,NA,2012,NA,2011-10-01T00:00:00Z,2012-10-01T00:00:00Z,-120.213,39.7372
397372N1202128W001,802467,2011-04-25T00:00:00Z,4940.72,4938.22,0,4,4936.72,4,1.5,NA,Unknown,Water level accuracy is unknown,1,Department of Water Resources,NA,1,Department of Water Resources,70,82,20719,22N16E20P002M,22N16E20P002M,Unknown,Unknown,5-012.01,Sierra Valley,Plumas,205,Residential,Single Well,15151,1981-04-17 00:00:00 - 2020-04-24 12:00:00,164,spring,NA,NA,-1.2,10,2011,Wet,2010-10-01T00:00:00Z,2011-10-01T00:00:00Z,-120.213,39.7372
397372N1202128W001,802467,2011-04-25T00:00:00Z,4940.72,4938.22,0,4,4936.72,4,1.5,NA,Unknown,Water level accuracy is unknown,1,Department of Water Resources,NA,1,Department of Water Resources,170,190,20719,22N16E20P002M,22N16E20P002M,Unknown,Unknown,5-012.01,Sierra Valley,Plumas,205,Residential,Single Well,15151,1981-04-17 00:00:00 - 2020-04-24 12:00:00,164,spring,NA,NA,-1.2,10,2011,Wet,2010-10-01T00:00:00Z,2011-10-01T00:00:00Z,-120.213,39.7372
397372N1202128W001,802466,2010-10-25T00:00:00Z,4940.72,4938.22,0,3,4937.72,3,0.5,NA,Unknown,Water level accuracy is unknown,1,Department of Water Resources,NA,1,Department of Water Resources,70,82,20719,22N16E20P002M,22N16E20P002M,Unknown,Unknown,5-012.01,Sierra Valley,Plumas,205,Residential,Single Well,15151,1981-04-17 00:00:00 - 2020-04-24 12:00:00,164,fall,-0.1,15.7,NA,NA,2011,Wet,2010-10-01T00:00:00Z,2011-10-01T00:00:00Z,-120.213,39.7372
397372N1202128W001,802466,2010-10-25T00:00:00Z,4940.72,4938.22,0,3,4937.72,3,0.5,NA,Unknown,Water level accuracy is unknown,1,Department of Water Resources,NA,1,Department of Water Resources,170,190,20719,22N16E20P002M,22N16E20P002M,Unknown,Unknown,5-012.01,Sierra Valley,Plumas,205,Residential,Single Well,15151,1981-04-17 00:00:00 - 2020-04-24 12:00:00,164,fall,-0.1,15.7,NA,NA,2011,Wet,2010-10-01T00:00:00Z,2011-10-01T00:00:00Z,-120.213,39.7372
397372N1202128W001,802465,2010-04-06T00:00:00Z,4940.72,4938.22,0,3,4937.72,3,0.5,NA,Unknown,Water level accuracy is unknown,1,Department of Water Resources,NA,1,Department of Water Resources,70,82,20719,22N16E20P002M,22N16E20P002M,Unknown,Unknown,5-012.01,Sierra Valley,Plumas,205,Residential,Single Well,15151,1981-04-17 00:00:00 - 2020-04-24 12:00:00,164,spring,NA,NA,-1.2,10,2010,NA,2009-10-01T00:00:00Z,2010-10-01T00:00:00Z,-120.213,39.7372
397372N1202128W001,802465,2010-04-06T00:00:00Z,4940.72,4938.22,0,3,4937.72,3,0.5,NA,Unknown,Water level accuracy is unknown,1,Department of Water Resources,NA,1,Department of Water Resources,170,190,20719,22N16E20P002M,22N16E20P002M,Unknown,Unknown,5-012.01,Sierra Valley,Plumas,205,Residential,Single Well,15151,1981-04-17 00:00:00 - 2020-04-24 12:00:00,164,spring,NA,NA,-1.2,10,2010,NA,2009-10-01T00:00:00Z,2010-10-01T00:00:00Z,-120.213,39.7372
397372N1202128W001,802464,2009-10-28T00:00:00Z,4940.72,4938.22,0,2.9,4937.82,2.9,0.4,NA,Unknown,Water level accuracy is unknown,1,Department of Water Resources,NA,1,Department of Water Resources,70,82,20719,22N16E20P002M,22N16E20P002M,Unknown,Unknown,5-012.01,Sierra Valley,Plumas,205,Residential,Single Well,15151,1981-04-17 00:00:00 - 2020-04-24 12:00:00,164,fall,-0.1,15.7,NA,NA,2010,NA,2009-10-01T00:00:00Z,2010-10-01T00:00:00Z,-120.213,39.7372
397372N1202128W001,802464,2009-10-28T00:00:00Z,4940.72,4938.22,0,2.9,4937.82,2.9,0.4,NA,Unknown,Water level accuracy is unknown,1,Department of Water Resources,NA,1,Department of Water Resources,170,190,20719,22N16E20P002M,22N16E20P002M,Unknown,Unknown,5-012.01,Sierra Valley,Plumas,205,Residential,Single Well,15151,1981-04-17 00:00:00 - 2020-04-24 12:00:00,164,fall,-0.1,15.7,NA,NA,2010,NA,2009-10-01T00:00:00Z,2010-10-01T00:00:00Z,-120.213,39.7372
397372N1202128W001,802463,2009-04-13T00:00:00Z,4940.72,4938.22,0,3,4937.72,3,0.5,NA,Unknown,Water level accuracy is unknown,1,Department of Water Resources,NA,1,Department of Water Resources,70,82,20719,22N16E20P002M,22N16E20P002M,Unknown,Unknown,5-012.01,Sierra Valley,Plumas,205,Residential,Single Well,15151,1981-04-17 00:00:00 - 2020-04-24 12:00:00,164,spring,NA,NA,-1.2,10,2009,NA,2008-10-01T00:00:00Z,2009-10-01T00:00:00Z,-120.213,39.7372
397372N1202128W001,802463,2009-04-13T00:00:00Z,4940.72,4938.22,0,3,4937.72,3,0.5,NA,Unknown,Water level accuracy is unknown,1,Department of Water Resources,NA,1,Department of Water Resources,170,190,20719,22N16E20P002M,22N16E20P002M,Unknown,Unknown,5-012.01,Sierra Valley,Plumas,205,Residential,Single Well,15151,1981-04-17 00:00:00 - 2020-04-24 12:00:00,164,spring,NA,NA,-1.2,10,2009,NA,2008-10-01T00:00:00Z,2009-10-01T00:00:00Z,-120.213,39.7372
397372N1202128W001,802462,2008-10-28T00:00:00Z,4940.72,4938.22,0,3.3,4937.42,3.3,0.8,NA,Unknown,Water level accuracy is unknown,1,Department of Water Resources,NA,1,Department of Water Resources,70,82,20719,22N16E20P002M,22N16E20P002M,Unknown,Unknown,5-012.01,Sierra Valley,Plumas,205,Residential,Single Well,15151,1981-04-17 00:00:00 - 2020-04-24 12:00:00,164,fall,-0.1,15.7,NA,NA,2009,NA,2008-10-01T00:00:00Z,2009-10-01T00:00:00Z,-120.213,39.7372
397372N1202128W001,802462,2008-10-28T00:00:00Z,4940.72,4938.22,0,3.3,4937.42,3.3,0.8,NA,Unknown,Water level accuracy is unknown,1,Department of Water Resources,NA,1,Department of Water Resources,170,190,20719,22N16E20P002M,22N16E20P002M,Unknown,Unknown,5-012.01,Sierra Valley,Plumas,205,Residential,Single Well,15151,1981-04-17 00:00:00 - 2020-04-24 12:00:00,164,fall,-0.1,15.7,NA,NA,2009,NA,2008-10-01T00:00:00Z,2009-10-01T00:00:00Z,-120.213,39.7372
397372N1202128W001,802460,2008-04-09T00:00:00Z,4940.72,4938.22,0,2.6,4938.12,2.6,0.1,NA,Unknown,Water level accuracy is unknown,1,Department of Water Resources,NA,1,Department of Water Resources,70,82,20719,22N16E20P002M,22N16E20P002M,Unknown,Unknown,5-012.01,Sierra Valley,Plumas,205,Residential,Single Well,15151,1981-04-17 00:00:00 - 2020-04-24 12:00:00,164,spring,NA,NA,-1.2,10,2008,NA,2007-10-01T00:00:00Z,2008-10-01T00:00:00Z,-120.213,39.7372
397372N1202128W001,802460,2008-04-09T00:00:00Z,4940.72,4938.22,0,2.6,4938.12,2.6,0.1,NA,Unknown,Water level accuracy is unknown,1,Department of Water Resources,NA,1,Department of Water Resources,170,190,20719,22N16E20P002M,22N16E20P002M,Unknown,Unknown,5-012.01,Sierra Valley,Plumas,205,Residential,Single Well,15151,1981-04-17 00:00:00 - 2020-04-24 12:00:00,164,spring,NA,NA,-1.2,10,2008,NA,2007-10-01T00:00:00Z,2008-10-01T00:00:00Z,-120.213,39.7372
397372N1202128W001,802459,2007-04-10T00:00:00Z,4940.72,4938.22,0,2.3,4938.42,2.3,-0.2,NA,Unknown,Water level accuracy is unknown,1,Department of Water Resources,NA,1,Department of Water Resources,70,82,20719,22N16E20P002M,22N16E20P002M,Unknown,Unknown,5-012.01,Sierra Valley,Plumas,205,Residential,Single Well,15151,1981-04-17 00:00:00 - 2020-04-24 12:00:00,164,spring,NA,NA,-1.2,10,2007,Dry,2006-10-01T00:00:00Z,2007-10-01T00:00:00Z,-120.213,39.7372
397372N1202128W001,802459,2007-04-10T00:00:00Z,4940.72,4938.22,0,2.3,4938.42,2.3,-0.2,NA,Unknown,Water level accuracy is unknown,1,Department of Water Resources,NA,1,Department of Water Resources,170,190,20719,22N16E20P002M,22N16E20P002M,Unknown,Unknown,5-012.01,Sierra Valley,Plumas,205,Residential,Single Well,15151,1981-04-17 00:00:00 - 2020-04-24 12:00:00,164,spring,NA,NA,-1.2,10,2007,Dry,2006-10-01T00:00:00Z,2007-10-01T00:00:00Z,-120.213,39.7372
397372N1202128W001,802457,2006-04-18T00:00:00Z,4940.72,4938.22,0,6.5,4934.22,6.5,4,Pumped recently,Unknown,Water level accuracy is unknown,1,Department of Water Resources,NA,1,Department of Water Resources,70,82,20719,22N16E20P002M,22N16E20P002M,Unknown,Unknown,5-012.01,Sierra Valley,Plumas,205,Residential,Single Well,15151,1981-04-17 00:00:00 - 2020-04-24 12:00:00,164,spring,NA,NA,-1.2,10,2006,Wet,2005-10-01T00:00:00Z,2006-10-01T00:00:00Z,-120.213,39.7372
397372N1202128W001,802457,2006-04-18T00:00:00Z,4940.72,4938.22,0,6.5,4934.22,6.5,4,Pumped recently,Unknown,Water level accuracy is unknown,1,Department of Water Resources,NA,1,Department of Water Resources,170,190,20719,22N16E20P002M,22N16E20P002M,Unknown,Unknown,5-012.01,Sierra Valley,Plumas,205,Residential,Single Well,15151,1981-04-17 00:00:00 - 2020-04-24 12:00:00,164,spring,NA,NA,-1.2,10,2006,Wet,2005-10-01T00:00:00Z,2006-10-01T00:00:00Z,-120.213,39.7372
397372N1202128W001,802456,2005-10-26T00:00:00Z,4940.72,4938.22,0,2.9,4937.82,2.9,0.4,NA,Unknown,Water level accuracy is unknown,1,Department of Water Resources,NA,1,Department of Water Resources,70,82,20719,22N16E20P002M,22N16E20P002M,Unknown,Unknown,5-012.01,Sierra Valley,Plumas,205,Residential,Single Well,15151,1981-04-17 00:00:00 - 2020-04-24 12:00:00,164,fall,-0.1,15.7,NA,NA,2006,Wet,2005-10-01T00:00:00Z,2006-10-01T00:00:00Z,-120.213,39.7372
397372N1202128W001,802456,2005-10-26T00:00:00Z,4940.72,4938.22,0,2.9,4937.82,2.9,0.4,NA,Unknown,Water level accuracy is unknown,1,Department of Water Resources,NA,1,Department of Water Resources,170,190,20719,22N16E20P002M,22N16E20P002M,Unknown,Unknown,5-012.01,Sierra Valley,Plumas,205,Residential,Single Well,15151,1981-04-17 00:00:00 - 2020-04-24 12:00:00,164,fall,-0.1,15.7,NA,NA,2006,Wet,2005-10-01T00:00:00Z,2006-10-01T00:00:00Z,-120.213,39.7372
397372N1202128W001,802455,2004-10-14T00:00:00Z,4940.72,4938.22,0,4.5,4936.22,4.5,2,NA,Unknown,Water level accuracy is unknown,1,Department of Water Resources,NA,1,Department of Water Resources,70,82,20719,22N16E20P002M,22N16E20P002M,Unknown,Unknown,5-012.01,Sierra Valley,Plumas,205,Residential,Single Well,15151,1981-04-17 00:00:00 - 2020-04-24 12:00:00,164,fall,-0.1,15.7,NA,NA,2005,NA,2004-10-01T00:00:00Z,2005-10-01T00:00:00Z,-120.213,39.7372
397372N1202128W001,802455,2004-10-14T00:00:00Z,4940.72,4938.22,0,4.5,4936.22,4.5,2,NA,Unknown,Water level accuracy is unknown,1,Department of Water Resources,NA,1,Department of Water Resources,170,190,20719,22N16E20P002M,22N16E20P002M,Unknown,Unknown,5-012.01,Sierra Valley,Plumas,205,Residential,Single Well,15151,1981-04-17 00:00:00 - 2020-04-24 12:00:00,164,fall,-0.1,15.7,NA,NA,2005,NA,2004-10-01T00:00:00Z,2005-10-01T00:00:00Z,-120.213,39.7372
397372N1202128W001,802454,2004-04-07T00:00:00Z,4940.72,4938.22,0,8.5,4932.22,8.5,6,Pumped recently,Unknown,Water level accuracy is unknown,1,Department of Water Resources,NA,1,Department of Water Resources,70,82,20719,22N16E20P002M,22N16E20P002M,Unknown,Unknown,5-012.01,Sierra Valley,Plumas,205,Residential,Single Well,15151,1981-04-17 00:00:00 - 2020-04-24 12:00:00,164,spring,NA,NA,-1.2,10,2004,NA,2003-10-01T00:00:00Z,2004-10-01T00:00:00Z,-120.213,39.7372
397372N1202128W001,802454,2004-04-07T00:00:00Z,4940.72,4938.22,0,8.5,4932.22,8.5,6,Pumped recently,Unknown,Water level accuracy is unknown,1,Department of Water Resources,NA,1,Department of Water Resources,170,190,20719,22N16E20P002M,22N16E20P002M,Unknown,Unknown,5-012.01,Sierra Valley,Plumas,205,Residential,Single Well,15151,1981-04-17 00:00:00 - 2020-04-24 12:00:00,164,spring,NA,NA,-1.2,10,2004,NA,2003-10-01T00:00:00Z,2004-10-01T00:00:00Z,-120.213,39.7372
397372N1202128W001,802453,2003-10-29T00:00:00Z,4940.72,4938.22,0,3.1,4937.62,3.1,0.6,NA,Unknown,Water level accuracy is unknown,1,Department of Water Resources,NA,1,Department of Water Resources,70,82,20719,22N16E20P002M,22N16E20P002M,Unknown,Unknown,5-012.01,Sierra Valley,Plumas,205,Residential,Single Well,15151,1981-04-17 00:00:00 - 2020-04-24 12:00:00,164,fall,-0.1,15.7,NA,NA,2004,NA,2003-10-01T00:00:00Z,2004-10-01T00:00:00Z,-120.213,39.7372
397372N1202128W001,802453,2003-10-29T00:00:00Z,4940.72,4938.22,0,3.1,4937.62,3.1,0.6,NA,Unknown,Water level accuracy is unknown,1,Department of Water Resources,NA,1,Department of Water Resources,170,190,20719,22N16E20P002M,22N16E20P002M,Unknown,Unknown,5-012.01,Sierra Valley,Plumas,205,Residential,Single Well,15151,1981-04-17 00:00:00 - 2020-04-24 12:00:00,164,fall,-0.1,15.7,NA,NA,2004,NA,2003-10-01T00:00:00Z,2004-10-01T00:00:00Z,-120.213,39.7372
397372N1202128W001,802452,2003-03-28T00:00:00Z,4940.72,4938.22,0,9.8,4930.92,9.8,7.3,NA,Unknown,Water level accuracy is unknown,1,Department of Water Resources,NA,1,Department of Water Resources,70,82,20719,22N16E20P002M,22N16E20P002M,Unknown,Unknown,5-012.01,Sierra Valley,Plumas,205,Residential,Single Well,15151,1981-04-17 00:00:00 - 2020-04-24 12:00:00,164,spring,NA,NA,-1.2,10,2003,NA,2002-10-01T00:00:00Z,2003-10-01T00:00:00Z,-120.213,39.7372
397372N1202128W001,802452,2003-03-28T00:00:00Z,4940.72,4938.22,0,9.8,4930.92,9.8,7.3,NA,Unknown,Water level accuracy is unknown,1,Department of Water Resources,NA,1,Department of Water Resources,170,190,20719,22N16E20P002M,22N16E20P002M,Unknown,Unknown,5-012.01,Sierra Valley,Plumas,205,Residential,Single Well,15151,1981-04-17 00:00:00 - 2020-04-24 12:00:00,164,spring,NA,NA,-1.2,10,2003,NA,2002-10-01T00:00:00Z,2003-10-01T00:00:00Z,-120.213,39.7372
397372N1202128W001,802451,2002-10-24T00:00:00Z,4940.72,4938.22,0,7.1,4933.62,7.1,4.6,NA,Unknown,Water level accuracy is unknown,1,Department of Water Resources,NA,1,Department of Water Resources,70,82,20719,22N16E20P002M,22N16E20P002M,Unknown,Unknown,5-012.01,Sierra Valley,Plumas,205,Residential,Single Well,15151,1981-04-17 00:00:00 - 2020-04-24 12:00:00,164,fall,-0.1,15.7,NA,NA,2003,NA,2002-10-01T00:00:00Z,2003-10-01T00:00:00Z,-120.213,39.7372
397372N1202128W001,802451,2002-10-24T00:00:00Z,4940.72,4938.22,0,7.1,4933.62,7.1,4.6,NA,Unknown,Water level accuracy is unknown,1,Department of Water Resources,NA,1,Department of Water Resources,170,190,20719,22N16E20P002M,22N16E20P002M,Unknown,Unknown,5-012.01,Sierra Valley,Plumas,205,Residential,Single Well,15151,1981-04-17 00:00:00 - 2020-04-24 12:00:00,164,fall,-0.1,15.7,NA,NA,2003,NA,2002-10-01T00:00:00Z,2003-10-01T00:00:00Z,-120.213,39.7372
397372N1202128W001,802450,2002-03-27T00:00:00Z,4940.72,4938.22,0,2.9,4937.82,2.9,0.4,NA,Unknown,Water level accuracy is unknown,1,Department of Water Resources,NA,1,Department of Water Resources,70,82,20719,22N16E20P002M,22N16E20P002M,Unknown,Unknown,5-012.01,Sierra Valley,Plumas,205,Residential,Single Well,15151,1981-04-17 00:00:00 - 2020-04-24 12:00:00,164,spring,NA,NA,-1.2,10,2002,NA,2001-10-01T00:00:00Z,2002-10-01T00:00:00Z,-120.213,39.7372
397372N1202128W001,802450,2002-03-27T00:00:00Z,4940.72,4938.22,0,2.9,4937.82,2.9,0.4,NA,Unknown,Water level accuracy is unknown,1,Department of Water Resources,NA,1,Department of Water Resources,170,190,20719,22N16E20P002M,22N16E20P002M,Unknown,Unknown,5-012.01,Sierra Valley,Plumas,205,Residential,Single Well,15151,1981-04-17 00:00:00 - 2020-04-24 12:00:00,164,spring,NA,NA,-1.2,10,2002,NA,2001-10-01T00:00:00Z,2002-10-01T00:00:00Z,-120.213,39.7372
397372N1202128W001,802449,2001-10-18T00:00:00Z,4940.72,4938.22,0,3.1,4937.62,3.1,0.6,NA,Unknown,Water level accuracy is unknown,1,Department of Water Resources,NA,1,Department of Water Resources,70,82,20719,22N16E20P002M,22N16E20P002M,Unknown,Unknown,5-012.01,Sierra Valley,Plumas,205,Residential,Single Well,15151,1981-04-17 00:00:00 - 2020-04-24 12:00:00,164,fall,-0.1,15.7,NA,NA,2002,NA,2001-10-01T00:00:00Z,2002-10-01T00:00:00Z,-120.213,39.7372
397372N1202128W001,802449,2001-10-18T00:00:00Z,4940.72,4938.22,0,3.1,4937.62,3.1,0.6,NA,Unknown,Water level accuracy is unknown,1,Department of Water Resources,NA,1,Department of Water Resources,170,190,20719,22N16E20P002M,22N16E20P002M,Unknown,Unknown,5-012.01,Sierra Valley,Plumas,205,Residential,Single Well,15151,1981-04-17 00:00:00 - 2020-04-24 12:00:00,164,fall,-0.1,15.7,NA,NA,2002,NA,2001-10-01T00:00:00Z,2002-10-01T00:00:00Z,-120.213,39.7372
397372N1202128W001,802448,2000-03-26T00:00:00Z,4940.72,4938.22,0,4.4,4936.32,4.4,1.9,NA,Unknown,Water level accuracy is unknown,1,Department of Water Resources,NA,1,Department of Water Resources,70,82,20719,22N16E20P002M,22N16E20P002M,Unknown,Unknown,5-012.01,Sierra Valley,Plumas,205,Residential,Single Well,15151,1981-04-17 00:00:00 - 2020-04-24 12:00:00,164,spring,NA,NA,-1.2,10,2000,NA,1999-10-01T00:00:00Z,2000-10-01T00:00:00Z,-120.213,39.7372
397372N1202128W001,802448,2000-03-26T00:00:00Z,4940.72,4938.22,0,4.4,4936.32,4.4,1.9,NA,Unknown,Water level accuracy is unknown,1,Department of Water Resources,NA,1,Department of Water Resources,170,190,20719,22N16E20P002M,22N16E20P002M,Unknown,Unknown,5-012.01,Sierra Valley,Plumas,205,Residential,Single Well,15151,1981-04-17 00:00:00 - 2020-04-24 12:00:00,164,spring,NA,NA,-1.2,10,2000,NA,1999-10-01T00:00:00Z,2000-10-01T00:00:00Z,-120.213,39.7372
397372N1202128W001,802446,1999-10-13T00:00:00Z,4940.72,4938.22,0,4.8,4935.92,4.8,2.3,NA,Unknown,Water level accuracy is unknown,1,Department of Water Resources,NA,1,Department of Water Resources,70,82,20719,22N16E20P002M,22N16E20P002M,Unknown,Unknown,5-012.01,Sierra Valley,Plumas,205,Residential,Single Well,15151,1981-04-17 00:00:00 - 2020-04-24 12:00:00,164,fall,-0.1,15.7,NA,NA,2000,NA,1999-10-01T00:00:00Z,2000-10-01T00:00:00Z,-120.213,39.7372
397372N1202128W001,802446,1999-10-13T00:00:00Z,4940.72,4938.22,0,4.8,4935.92,4.8,2.3,NA,Unknown,Water level accuracy is unknown,1,Department of Water Resources,NA,1,Department of Water Resources,170,190,20719,22N16E20P002M,22N16E20P002M,Unknown,Unknown,5-012.01,Sierra Valley,Plumas,205,Residential,Single Well,15151,1981-04-17 00:00:00 - 2020-04-24 12:00:00,164,fall,-0.1,15.7,NA,NA,2000,NA,1999-10-01T00:00:00Z,2000-10-01T00:00:00Z,-120.213,39.7372
397372N1202128W001,802447,1999-04-15T00:00:00Z,4940.72,4938.22,0,2.8,4937.92,2.8,0.3,NA,Unknown,Water level accuracy is unknown,1,Department of Water Resources,NA,1,Department of Water Resources,70,82,20719,22N16E20P002M,22N16E20P002M,Unknown,Unknown,5-012.01,Sierra Valley,Plumas,205,Residential,Single Well,15151,1981-04-17 00:00:00 - 2020-04-24 12:00:00,164,spring,NA,NA,-1.2,10,1999,NA,1998-10-01T00:00:00Z,1999-10-01T00:00:00Z,-120.213,39.7372
397372N1202128W001,802447,1999-04-15T00:00:00Z,4940.72,4938.22,0,2.8,4937.92,2.8,0.3,NA,Unknown,Water level accuracy is unknown,1,Department of Water Resources,NA,1,Department of Water Resources,170,190,20719,22N16E20P002M,22N16E20P002M,Unknown,Unknown,5-012.01,Sierra Valley,Plumas,205,Residential,Single Well,15151,1981-04-17 00:00:00 - 2020-04-24 12:00:00,164,spring,NA,NA,-1.2,10,1999,NA,1998-10-01T00:00:00Z,1999-10-01T00:00:00Z,-120.213,39.7372
397372N1202128W001,802444,1998-10-14T00:00:00Z,4940.72,4938.22,0,3.4,4937.32,3.4,0.9,NA,Unknown,Water level accuracy is unknown,1,Department of Water Resources,NA,1,Department of Water Resources,70,82,20719,22N16E20P002M,22N16E20P002M,Unknown,Unknown,5-012.01,Sierra Valley,Plumas,205,Residential,Single Well,15151,1981-04-17 00:00:00 - 2020-04-24 12:00:00,164,fall,-0.1,15.7,NA,NA,1999,NA,1998-10-01T00:00:00Z,1999-10-01T00:00:00Z,-120.213,39.7372
397372N1202128W001,802444,1998-10-14T00:00:00Z,4940.72,4938.22,0,3.4,4937.32,3.4,0.9,NA,Unknown,Water level accuracy is unknown,1,Department of Water Resources,NA,1,Department of Water Resources,170,190,20719,22N16E20P002M,22N16E20P002M,Unknown,Unknown,5-012.01,Sierra Valley,Plumas,205,Residential,Single Well,15151,1981-04-17 00:00:00 - 2020-04-24 12:00:00,164,fall,-0.1,15.7,NA,NA,1999,NA,1998-10-01T00:00:00Z,1999-10-01T00:00:00Z,-120.213,39.7372
397372N1202128W001,802445,1998-05-15T00:00:00Z,4940.72,4938.22,0,3.4,4937.32,3.4,0.9,NA,Unknown,Water level accuracy is unknown,1,Department of Water Resources,NA,1,Department of Water Resources,70,82,20719,22N16E20P002M,22N16E20P002M,Unknown,Unknown,5-012.01,Sierra Valley,Plumas,205,Residential,Single Well,15151,1981-04-17 00:00:00 - 2020-04-24 12:00:00,164,spring,NA,NA,-1.2,10,1998,NA,1997-10-01T00:00:00Z,1998-10-01T00:00:00Z,-120.213,39.7372
397372N1202128W001,802445,1998-05-15T00:00:00Z,4940.72,4938.22,0,3.4,4937.32,3.4,0.9,NA,Unknown,Water level accuracy is unknown,1,Department of Water Resources,NA,1,Department of Water Resources,170,190,20719,22N16E20P002M,22N16E20P002M,Unknown,Unknown,5-012.01,Sierra Valley,Plumas,205,Residential,Single Well,15151,1981-04-17 00:00:00 - 2020-04-24 12:00:00,164,spring,NA,NA,-1.2,10,1998,NA,1997-10-01T00:00:00Z,1998-10-01T00:00:00Z,-120.213,39.7372
397372N1202128W001,802443,1997-10-17T00:00:00Z,4940.72,4938.22,0,3.1,4937.62,3.1,0.6,NA,Unknown,Water level accuracy is unknown,1,Department of Water Resources,NA,1,Department of Water Resources,70,82,20719,22N16E20P002M,22N16E20P002M,Unknown,Unknown,5-012.01,Sierra Valley,Plumas,205,Residential,Single Well,15151,1981-04-17 00:00:00 - 2020-04-24 12:00:00,164,fall,-0.1,15.7,NA,NA,1998,NA,1997-10-01T00:00:00Z,1998-10-01T00:00:00Z,-120.213,39.7372
397372N1202128W001,802443,1997-10-17T00:00:00Z,4940.72,4938.22,0,3.1,4937.62,3.1,0.6,NA,Unknown,Water level accuracy is unknown,1,Department of Water Resources,NA,1,Department of Water Resources,170,190,20719,22N16E20P002M,22N16E20P002M,Unknown,Unknown,5-012.01,Sierra Valley,Plumas,205,Residential,Single Well,15151,1981-04-17 00:00:00 - 2020-04-24 12:00:00,164,fall,-0.1,15.7,NA,NA,1998,NA,1997-10-01T00:00:00Z,1998-10-01T00:00:00Z,-120.213,39.7372
397372N1202128W001,802441,1997-04-04T00:00:00Z,4940.72,4938.22,0,2.6,4938.12,2.6,0.1,NA,Unknown,Water level accuracy is unknown,1,Department of Water Resources,NA,1,Department of Water Resources,70,82,20719,22N16E20P002M,22N16E20P002M,Unknown,Unknown,5-012.01,Sierra Valley,Plumas,205,Residential,Single Well,15151,1981-04-17 00:00:00 - 2020-04-24 12:00:00,164,spring,NA,NA,-1.2,10,1997,NA,1996-10-01T00:00:00Z,1997-10-01T00:00:00Z,-120.213,39.7372
397372N1202128W001,802441,1997-04-04T00:00:00Z,4940.72,4938.22,0,2.6,4938.12,2.6,0.1,NA,Unknown,Water level accuracy is unknown,1,Department of Water Resources,NA,1,Department of Water Resources,170,190,20719,22N16E20P002M,22N16E20P002M,Unknown,Unknown,5-012.01,Sierra Valley,Plumas,205,Residential,Single Well,15151,1981-04-17 00:00:00 - 2020-04-24 12:00:00,164,spring,NA,NA,-1.2,10,1997,NA,1996-10-01T00:00:00Z,1997-10-01T00:00:00Z,-120.213,39.7372
397372N1202128W001,802442,1996-10-30T00:00:00Z,4940.72,4938.22,0,3.4,4937.32,3.4,0.9,NA,Unknown,Water level accuracy is unknown,1,Department of Water Resources,NA,1,Department of Water Resources,70,82,20719,22N16E20P002M,22N16E20P002M,Unknown,Unknown,5-012.01,Sierra Valley,Plumas,205,Residential,Single Well,15151,1981-04-17 00:00:00 - 2020-04-24 12:00:00,164,fall,-0.1,15.7,NA,NA,1997,NA,1996-10-01T00:00:00Z,1997-10-01T00:00:00Z,-120.213,39.7372
397372N1202128W001,802442,1996-10-30T00:00:00Z,4940.72,4938.22,0,3.4,4937.32,3.4,0.9,NA,Unknown,Water level accuracy is unknown,1,Department of Water Resources,NA,1,Department of Water Resources,170,190,20719,22N16E20P002M,22N16E20P002M,Unknown,Unknown,5-012.01,Sierra Valley,Plumas,205,Residential,Single Well,15151,1981-04-17 00:00:00 - 2020-04-24 12:00:00,164,fall,-0.1,15.7,NA,NA,1997,NA,1996-10-01T00:00:00Z,1997-10-01T00:00:00Z,-120.213,39.7372
397372N1202128W001,802440,1996-05-07T00:00:00Z,4940.72,4938.22,0,4.2,4936.52,4.2,1.7,NA,Unknown,Water level accuracy is unknown,1,Department of Water Resources,NA,1,Department of Water Resources,70,82,20719,22N16E20P002M,22N16E20P002M,Unknown,Unknown,5-012.01,Sierra Valley,Plumas,205,Residential,Single Well,15151,1981-04-17 00:00:00 - 2020-04-24 12:00:00,164,spring,NA,NA,-1.2,10,1996,NA,1995-10-01T00:00:00Z,1996-10-01T00:00:00Z,-120.213,39.7372
397372N1202128W001,802440,1996-05-07T00:00:00Z,4940.72,4938.22,0,4.2,4936.52,4.2,1.7,NA,Unknown,Water level accuracy is unknown,1,Department of Water Resources,NA,1,Department of Water Resources,170,190,20719,22N16E20P002M,22N16E20P002M,Unknown,Unknown,5-012.01,Sierra Valley,Plumas,205,Residential,Single Well,15151,1981-04-17 00:00:00 - 2020-04-24 12:00:00,164,spring,NA,NA,-1.2,10,1996,NA,1995-10-01T00:00:00Z,1996-10-01T00:00:00Z,-120.213,39.7372
397372N1202128W001,802439,1995-10-25T00:00:00Z,4940.72,4938.22,0,18.2,4922.52,18.2,15.7,NA,Unknown,Water level accuracy is unknown,1,Department of Water Resources,NA,1,Department of Water Resources,70,82,20719,22N16E20P002M,22N16E20P002M,Unknown,Unknown,5-012.01,Sierra Valley,Plumas,205,Residential,Single Well,15151,1981-04-17 00:00:00 - 2020-04-24 12:00:00,164,fall,-0.1,15.7,NA,NA,1996,NA,1995-10-01T00:00:00Z,1996-10-01T00:00:00Z,-120.213,39.7372
397372N1202128W001,802439,1995-10-25T00:00:00Z,4940.72,4938.22,0,18.2,4922.52,18.2,15.7,NA,Unknown,Water level accuracy is unknown,1,Department of Water Resources,NA,1,Department of Water Resources,170,190,20719,22N16E20P002M,22N16E20P002M,Unknown,Unknown,5-012.01,Sierra Valley,Plumas,205,Residential,Single Well,15151,1981-04-17 00:00:00 - 2020-04-24 12:00:00,164,fall,-0.1,15.7,NA,NA,1996,NA,1995-10-01T00:00:00Z,1996-10-01T00:00:00Z,-120.213,39.7372
397372N1202128W001,802438,1995-06-01T00:00:00Z,4940.72,4938.22,0,3.4,4937.32,3.4,0.9,NA,Unknown,Water level accuracy is unknown,1,Department of Water Resources,NA,1,Department of Water Resources,70,82,20719,22N16E20P002M,22N16E20P002M,Unknown,Unknown,5-012.01,Sierra Valley,Plumas,205,Residential,Single Well,15151,1981-04-17 00:00:00 - 2020-04-24 12:00:00,164,other,NA,NA,NA,NA,1995,Wet,1994-10-01T00:00:00Z,1995-10-01T00:00:00Z,-120.213,39.7372
397372N1202128W001,802438,1995-06-01T00:00:00Z,4940.72,4938.22,0,3.4,4937.32,3.4,0.9,NA,Unknown,Water level accuracy is unknown,1,Department of Water Resources,NA,1,Department of Water Resources,170,190,20719,22N16E20P002M,22N16E20P002M,Unknown,Unknown,5-012.01,Sierra Valley,Plumas,205,Residential,Single Well,15151,1981-04-17 00:00:00 - 2020-04-24 12:00:00,164,other,NA,NA,NA,NA,1995,Wet,1994-10-01T00:00:00Z,1995-10-01T00:00:00Z,-120.213,39.7372
397372N1202128W001,802437,1994-10-28T00:00:00Z,4940.72,4938.22,0,6.1,4934.62,6.1,3.6,NA,Unknown,Water level accuracy is unknown,1,Department of Water Resources,NA,1,Department of Water Resources,70,82,20719,22N16E20P002M,22N16E20P002M,Unknown,Unknown,5-012.01,Sierra Valley,Plumas,205,Residential,Single Well,15151,1981-04-17 00:00:00 - 2020-04-24 12:00:00,164,fall,-0.1,15.7,NA,NA,1995,Wet,1994-10-01T00:00:00Z,1995-10-01T00:00:00Z,-120.213,39.7372
397372N1202128W001,802437,1994-10-28T00:00:00Z,4940.72,4938.22,0,6.1,4934.62,6.1,3.6,NA,Unknown,Water level accuracy is unknown,1,Department of Water Resources,NA,1,Department of Water Resources,170,190,20719,22N16E20P002M,22N16E20P002M,Unknown,Unknown,5-012.01,Sierra Valley,Plumas,205,Residential,Single Well,15151,1981-04-17 00:00:00 - 2020-04-24 12:00:00,164,fall,-0.1,15.7,NA,NA,1995,Wet,1994-10-01T00:00:00Z,1995-10-01T00:00:00Z,-120.213,39.7372
397372N1202128W001,802436,1994-03-29T00:00:00Z,4940.72,4938.22,0,4.7,4936.02,4.7,2.2,NA,Unknown,Water level accuracy is unknown,1,Department of Water Resources,NA,1,Department of Water Resources,70,82,20719,22N16E20P002M,22N16E20P002M,Unknown,Unknown,5-012.01,Sierra Valley,Plumas,205,Residential,Single Well,15151,1981-04-17 00:00:00 - 2020-04-24 12:00:00,164,spring,NA,NA,-1.2,10,1994,Dry,1993-10-01T00:00:00Z,1994-10-01T00:00:00Z,-120.213,39.7372
397372N1202128W001,802436,1994-03-29T00:00:00Z,4940.72,4938.22,0,4.7,4936.02,4.7,2.2,NA,Unknown,Water level accuracy is unknown,1,Department of Water Resources,NA,1,Department of Water Resources,170,190,20719,22N16E20P002M,22N16E20P002M,Unknown,Unknown,5-012.01,Sierra Valley,Plumas,205,Residential,Single Well,15151,1981-04-17 00:00:00 - 2020-04-24 12:00:00,164,spring,NA,NA,-1.2,10,1994,Dry,1993-10-01T00:00:00Z,1994-10-01T00:00:00Z,-120.213,39.7372
397372N1202128W001,802435,1993-10-20T00:00:00Z,4940.72,4938.22,0,10.2,4930.52,10.2,7.7,NA,Unknown,Water level accuracy is unknown,1,Department of Water Resources,NA,1,Department of Water Resources,70,82,20719,22N16E20P002M,22N16E20P002M,Unknown,Unknown,5-012.01,Sierra Valley,Plumas,205,Residential,Single Well,15151,1981-04-17 00:00:00 - 2020-04-24 12:00:00,164,fall,-0.1,15.7,NA,NA,1994,Dry,1993-10-01T00:00:00Z,1994-10-01T00:00:00Z,-120.213,39.7372
397372N1202128W001,802435,1993-10-20T00:00:00Z,4940.72,4938.22,0,10.2,4930.52,10.2,7.7,NA,Unknown,Water level accuracy is unknown,1,Department of Water Resources,NA,1,Department of Water Resources,170,190,20719,22N16E20P002M,22N16E20P002M,Unknown,Unknown,5-012.01,Sierra Valley,Plumas,205,Residential,Single Well,15151,1981-04-17 00:00:00 - 2020-04-24 12:00:00,164,fall,-0.1,15.7,NA,NA,1994,Dry,1993-10-01T00:00:00Z,1994-10-01T00:00:00Z,-120.213,39.7372
397372N1202128W001,802434,1993-04-20T00:00:00Z,4940.72,4938.22,0,5,4935.72,5,2.5,NA,Unknown,Water level accuracy is unknown,1,Department of Water Resources,NA,1,Department of Water Resources,70,82,20719,22N16E20P002M,22N16E20P002M,Unknown,Unknown,5-012.01,Sierra Valley,Plumas,205,Residential,Single Well,15151,1981-04-17 00:00:00 - 2020-04-24 12:00:00,164,spring,NA,NA,-1.2,10,1993,NA,1992-10-01T00:00:00Z,1993-10-01T00:00:00Z,-120.213,39.7372
397372N1202128W001,802434,1993-04-20T00:00:00Z,4940.72,4938.22,0,5,4935.72,5,2.5,NA,Unknown,Water level accuracy is unknown,1,Department of Water Resources,NA,1,Department of Water Resources,170,190,20719,22N16E20P002M,22N16E20P002M,Unknown,Unknown,5-012.01,Sierra Valley,Plumas,205,Residential,Single Well,15151,1981-04-17 00:00:00 - 2020-04-24 12:00:00,164,spring,NA,NA,-1.2,10,1993,NA,1992-10-01T00:00:00Z,1993-10-01T00:00:00Z,-120.213,39.7372
397372N1202128W001,802433,1992-10-22T00:00:00Z,4940.72,4938.22,0,6.8,4933.92,6.8,4.3,NA,Unknown,Water level accuracy is unknown,1,Department of Water Resources,NA,1,Department of Water Resources,70,82,20719,22N16E20P002M,22N16E20P002M,Unknown,Unknown,5-012.01,Sierra Valley,Plumas,205,Residential,Single Well,15151,1981-04-17 00:00:00 - 2020-04-24 12:00:00,164,fall,-0.1,15.7,NA,NA,1993,NA,1992-10-01T00:00:00Z,1993-10-01T00:00:00Z,-120.213,39.7372
397372N1202128W001,802433,1992-10-22T00:00:00Z,4940.72,4938.22,0,6.8,4933.92,6.8,4.3,NA,Unknown,Water level accuracy is unknown,1,Department of Water Resources,NA,1,Department of Water Resources,170,190,20719,22N16E20P002M,22N16E20P002M,Unknown,Unknown,5-012.01,Sierra Valley,Plumas,205,Residential,Single Well,15151,1981-04-17 00:00:00 - 2020-04-24 12:00:00,164,fall,-0.1,15.7,NA,NA,1993,NA,1992-10-01T00:00:00Z,1993-10-01T00:00:00Z,-120.213,39.7372
397372N1202128W001,802432,1992-03-24T00:00:00Z,4940.72,4938.22,0,5.2,4935.52,5.2,2.7,NA,Unknown,Water level accuracy is unknown,1,Department of Water Resources,NA,1,Department of Water Resources,70,82,20719,22N16E20P002M,22N16E20P002M,Unknown,Unknown,5-012.01,Sierra Valley,Plumas,205,Residential,Single Well,15151,1981-04-17 00:00:00 - 2020-04-24 12:00:00,164,spring,NA,NA,-1.2,10,1992,NA,1991-10-01T00:00:00Z,1992-10-01T00:00:00Z,-120.213,39.7372
397372N1202128W001,802432,1992-03-24T00:00:00Z,4940.72,4938.22,0,5.2,4935.52,5.2,2.7,NA,Unknown,Water level accuracy is unknown,1,Department of Water Resources,NA,1,Department of Water Resources,170,190,20719,22N16E20P002M,22N16E20P002M,Unknown,Unknown,5-012.01,Sierra Valley,Plumas,205,Residential,Single Well,15151,1981-04-17 00:00:00 - 2020-04-24 12:00:00,164,spring,NA,NA,-1.2,10,1992,NA,1991-10-01T00:00:00Z,1992-10-01T00:00:00Z,-120.213,39.7372
397372N1202128W001,802431,1991-10-22T00:00:00Z,4940.72,4938.22,0,4.9,4935.82,4.9,2.4,NA,Unknown,Water level accuracy is unknown,1,Department of Water Resources,NA,1,Department of Water Resources,70,82,20719,22N16E20P002M,22N16E20P002M,Unknown,Unknown,5-012.01,Sierra Valley,Plumas,205,Residential,Single Well,15151,1981-04-17 00:00:00 - 2020-04-24 12:00:00,164,fall,-0.1,15.7,NA,NA,1992,NA,1991-10-01T00:00:00Z,1992-10-01T00:00:00Z,-120.213,39.7372
397372N1202128W001,802431,1991-10-22T00:00:00Z,4940.72,4938.22,0,4.9,4935.82,4.9,2.4,NA,Unknown,Water level accuracy is unknown,1,Department of Water Resources,NA,1,Department of Water Resources,170,190,20719,22N16E20P002M,22N16E20P002M,Unknown,Unknown,5-012.01,Sierra Valley,Plumas,205,Residential,Single Well,15151,1981-04-17 00:00:00 - 2020-04-24 12:00:00,164,fall,-0.1,15.7,NA,NA,1992,NA,1991-10-01T00:00:00Z,1992-10-01T00:00:00Z,-120.213,39.7372
397372N1202128W001,802430,1991-02-27T00:00:00Z,4940.72,4938.22,0,4.3,4936.42,4.3,1.8,NA,Unknown,Water level accuracy is unknown,1,Department of Water Resources,NA,1,Department of Water Resources,70,82,20719,22N16E20P002M,22N16E20P002M,Unknown,Unknown,5-012.01,Sierra Valley,Plumas,205,Residential,Single Well,15151,1981-04-17 00:00:00 - 2020-04-24 12:00:00,164,other,NA,NA,NA,NA,1991,NA,1990-10-01T00:00:00Z,1991-10-01T00:00:00Z,-120.213,39.7372
397372N1202128W001,802430,1991-02-27T00:00:00Z,4940.72,4938.22,0,4.3,4936.42,4.3,1.8,NA,Unknown,Water level accuracy is unknown,1,Department of Water Resources,NA,1,Department of Water Resources,170,190,20719,22N16E20P002M,22N16E20P002M,Unknown,Unknown,5-012.01,Sierra Valley,Plumas,205,Residential,Single Well,15151,1981-04-17 00:00:00 - 2020-04-24 12:00:00,164,other,NA,NA,NA,NA,1991,NA,1990-10-01T00:00:00Z,1991-10-01T00:00:00Z,-120.213,39.7372
397372N1202128W001,802429,1990-10-25T00:00:00Z,4940.72,4938.22,0,8.5,4932.22,8.5,6,Other,Unknown,Water level accuracy is unknown,1,Department of Water Resources,NA,1,Department of Water Resources,70,82,20719,22N16E20P002M,22N16E20P002M,Unknown,Unknown,5-012.01,Sierra Valley,Plumas,205,Residential,Single Well,15151,1981-04-17 00:00:00 - 2020-04-24 12:00:00,164,fall,-0.1,15.7,NA,NA,1991,NA,1990-10-01T00:00:00Z,1991-10-01T00:00:00Z,-120.213,39.7372
397372N1202128W001,802429,1990-10-25T00:00:00Z,4940.72,4938.22,0,8.5,4932.22,8.5,6,Other,Unknown,Water level accuracy is unknown,1,Department of Water Resources,NA,1,Department of Water Resources,170,190,20719,22N16E20P002M,22N16E20P002M,Unknown,Unknown,5-012.01,Sierra Valley,Plumas,205,Residential,Single Well,15151,1981-04-17 00:00:00 - 2020-04-24 12:00:00,164,fall,-0.1,15.7,NA,NA,1991,NA,1990-10-01T00:00:00Z,1991-10-01T00:00:00Z,-120.213,39.7372
397372N1202128W001,802428,1990-04-11T00:00:00Z,4940.72,4938.22,0,12.5,4928.22,12.5,10,NA,Unknown,Water level accuracy is unknown,1,Department of Water Resources,NA,1,Department of Water Resources,70,82,20719,22N16E20P002M,22N16E20P002M,Unknown,Unknown,5-012.01,Sierra Valley,Plumas,205,Residential,Single Well,15151,1981-04-17 00:00:00 - 2020-04-24 12:00:00,164,spring,NA,NA,-1.2,10,1990,NA,1989-10-01T00:00:00Z,1990-10-01T00:00:00Z,-120.213,39.7372
397372N1202128W001,802428,1990-04-11T00:00:00Z,4940.72,4938.22,0,12.5,4928.22,12.5,10,NA,Unknown,Water level accuracy is unknown,1,Department of Water Resources,NA,1,Department of Water Resources,170,190,20719,22N16E20P002M,22N16E20P002M,Unknown,Unknown,5-012.01,Sierra Valley,Plumas,205,Residential,Single Well,15151,1981-04-17 00:00:00 - 2020-04-24 12:00:00,164,spring,NA,NA,-1.2,10,1990,NA,1989-10-01T00:00:00Z,1990-10-01T00:00:00Z,-120.213,39.7372
397372N1202128W001,802427,1989-09-26T00:00:00Z,4940.72,4938.22,0,3.3,4937.42,3.3,0.8,Other,Unknown,Water level accuracy is unknown,1,Department of Water Resources,NA,1,Department of Water Resources,70,82,20719,22N16E20P002M,22N16E20P002M,Unknown,Unknown,5-012.01,Sierra Valley,Plumas,205,Residential,Single Well,15151,1981-04-17 00:00:00 - 2020-04-24 12:00:00,164,fall,-0.1,15.7,NA,NA,1989,NA,1988-10-01T00:00:00Z,1989-10-01T00:00:00Z,-120.213,39.7372
397372N1202128W001,802427,1989-09-26T00:00:00Z,4940.72,4938.22,0,3.3,4937.42,3.3,0.8,Other,Unknown,Water level accuracy is unknown,1,Department of Water Resources,NA,1,Department of Water Resources,170,190,20719,22N16E20P002M,22N16E20P002M,Unknown,Unknown,5-012.01,Sierra Valley,Plumas,205,Residential,Single Well,15151,1981-04-17 00:00:00 - 2020-04-24 12:00:00,164,fall,-0.1,15.7,NA,NA,1989,NA,1988-10-01T00:00:00Z,1989-10-01T00:00:00Z,-120.213,39.7372
397372N1202128W001,802426,1989-04-16T00:00:00Z,4940.72,4938.22,0,9,4931.72,9,6.5,NA,Unknown,Water level accuracy is unknown,1,Department of Water Resources,NA,1,Department of Water Resources,70,82,20719,22N16E20P002M,22N16E20P002M,Unknown,Unknown,5-012.01,Sierra Valley,Plumas,205,Residential,Single Well,15151,1981-04-17 00:00:00 - 2020-04-24 12:00:00,164,spring,NA,NA,-1.2,10,1989,NA,1988-10-01T00:00:00Z,1989-10-01T00:00:00Z,-120.213,39.7372
397372N1202128W001,802426,1989-04-16T00:00:00Z,4940.72,4938.22,0,9,4931.72,9,6.5,NA,Unknown,Water level accuracy is unknown,1,Department of Water Resources,NA,1,Department of Water Resources,170,190,20719,22N16E20P002M,22N16E20P002M,Unknown,Unknown,5-012.01,Sierra Valley,Plumas,205,Residential,Single Well,15151,1981-04-17 00:00:00 - 2020-04-24 12:00:00,164,spring,NA,NA,-1.2,10,1989,NA,1988-10-01T00:00:00Z,1989-10-01T00:00:00Z,-120.213,39.7372
397372N1202128W001,802425,1988-10-29T00:00:00Z,4940.72,4938.22,0,8,4932.72,8,5.5,NA,Unknown,Water level accuracy is unknown,1,Department of Water Resources,NA,1,Department of Water Resources,70,82,20719,22N16E20P002M,22N16E20P002M,Unknown,Unknown,5-012.01,Sierra Valley,Plumas,205,Residential,Single Well,15151,1981-04-17 00:00:00 - 2020-04-24 12:00:00,164,fall,-0.1,15.7,NA,NA,1989,NA,1988-10-01T00:00:00Z,1989-10-01T00:00:00Z,-120.213,39.7372
397372N1202128W001,802425,1988-10-29T00:00:00Z,4940.72,4938.22,0,8,4932.72,8,5.5,NA,Unknown,Water level accuracy is unknown,1,Department of Water Resources,NA,1,Department of Water Resources,170,190,20719,22N16E20P002M,22N16E20P002M,Unknown,Unknown,5-012.01,Sierra Valley,Plumas,205,Residential,Single Well,15151,1981-04-17 00:00:00 - 2020-04-24 12:00:00,164,fall,-0.1,15.7,NA,NA,1989,NA,1988-10-01T00:00:00Z,1989-10-01T00:00:00Z,-120.213,39.7372
397372N1202128W001,802424,1988-03-21T00:00:00Z,4940.72,4938.22,0,4.2,4936.52,4.2,1.7,NA,Unknown,Water level accuracy is unknown,1,Department of Water Resources,NA,1,Department of Water Resources,70,82,20719,22N16E20P002M,22N16E20P002M,Unknown,Unknown,5-012.01,Sierra Valley,Plumas,205,Residential,Single Well,15151,1981-04-17 00:00:00 - 2020-04-24 12:00:00,164,spring,NA,NA,-1.2,10,1988,NA,1987-10-01T00:00:00Z,1988-10-01T00:00:00Z,-120.213,39.7372
397372N1202128W001,802424,1988-03-21T00:00:00Z,4940.72,4938.22,0,4.2,4936.52,4.2,1.7,NA,Unknown,Water level accuracy is unknown,1,Department of Water Resources,NA,1,Department of Water Resources,170,190,20719,22N16E20P002M,22N16E20P002M,Unknown,Unknown,5-012.01,Sierra Valley,Plumas,205,Residential,Single Well,15151,1981-04-17 00:00:00 - 2020-04-24 12:00:00,164,spring,NA,NA,-1.2,10,1988,NA,1987-10-01T00:00:00Z,1988-10-01T00:00:00Z,-120.213,39.7372
397372N1202128W001,802423,1987-10-20T00:00:00Z,4940.72,4938.22,0,3,4937.72,3,0.5,NA,Unknown,Water level accuracy is unknown,1,Department of Water Resources,NA,1,Department of Water Resources,70,82,20719,22N16E20P002M,22N16E20P002M,Unknown,Unknown,5-012.01,Sierra Valley,Plumas,205,Residential,Single Well,15151,1981-04-17 00:00:00 - 2020-04-24 12:00:00,164,fall,-0.1,15.7,NA,NA,1988,NA,1987-10-01T00:00:00Z,1988-10-01T00:00:00Z,-120.213,39.7372
397372N1202128W001,802423,1987-10-20T00:00:00Z,4940.72,4938.22,0,3,4937.72,3,0.5,NA,Unknown,Water level accuracy is unknown,1,Department of Water Resources,NA,1,Department of Water Resources,170,190,20719,22N16E20P002M,22N16E20P002M,Unknown,Unknown,5-012.01,Sierra Valley,Plumas,205,Residential,Single Well,15151,1981-04-17 00:00:00 - 2020-04-24 12:00:00,164,fall,-0.1,15.7,NA,NA,1988,NA,1987-10-01T00:00:00Z,1988-10-01T00:00:00Z,-120.213,39.7372
397372N1202128W001,802422,1987-04-07T00:00:00Z,4940.72,4938.22,0,3.9,4936.82,3.9,1.4,NA,Unknown,Water level accuracy is unknown,1,Department of Water Resources,NA,1,Department of Water Resources,70,82,20719,22N16E20P002M,22N16E20P002M,Unknown,Unknown,5-012.01,Sierra Valley,Plumas,205,Residential,Single Well,15151,1981-04-17 00:00:00 - 2020-04-24 12:00:00,164,spring,NA,NA,-1.2,10,1987,Dry,1986-10-01T00:00:00Z,1987-10-01T00:00:00Z,-120.213,39.7372
397372N1202128W001,802422,1987-04-07T00:00:00Z,4940.72,4938.22,0,3.9,4936.82,3.9,1.4,NA,Unknown,Water level accuracy is unknown,1,Department of Water Resources,NA,1,Department of Water Resources,170,190,20719,22N16E20P002M,22N16E20P002M,Unknown,Unknown,5-012.01,Sierra Valley,Plumas,205,Residential,Single Well,15151,1981-04-17 00:00:00 - 2020-04-24 12:00:00,164,spring,NA,NA,-1.2,10,1987,Dry,1986-10-01T00:00:00Z,1987-10-01T00:00:00Z,-120.213,39.7372
397372N1202128W001,802421,1986-10-01T00:00:00Z,4940.72,4938.22,0,7,4933.72,7,4.5,Pumping,Unknown,Water level accuracy is unknown,1,Department of Water Resources,NA,1,Department of Water Resources,70,82,20719,22N16E20P002M,22N16E20P002M,Unknown,Unknown,5-012.01,Sierra Valley,Plumas,205,Residential,Single Well,15151,1981-04-17 00:00:00 - 2020-04-24 12:00:00,164,fall,-0.1,15.7,NA,NA,1987,Dry,1986-10-01T00:00:00Z,1987-10-01T00:00:00Z,-120.213,39.7372
397372N1202128W001,802421,1986-10-01T00:00:00Z,4940.72,4938.22,0,7,4933.72,7,4.5,Pumping,Unknown,Water level accuracy is unknown,1,Department of Water Resources,NA,1,Department of Water Resources,170,190,20719,22N16E20P002M,22N16E20P002M,Unknown,Unknown,5-012.01,Sierra Valley,Plumas,205,Residential,Single Well,15151,1981-04-17 00:00:00 - 2020-04-24 12:00:00,164,fall,-0.1,15.7,NA,NA,1987,Dry,1986-10-01T00:00:00Z,1987-10-01T00:00:00Z,-120.213,39.7372
397372N1202128W001,802420,1986-04-01T00:00:00Z,4940.72,4938.22,0,2.2,4938.52,2.2,-0.3,NA,Unknown,Water level accuracy is unknown,1,Department of Water Resources,NA,1,Department of Water Resources,70,82,20719,22N16E20P002M,22N16E20P002M,Unknown,Unknown,5-012.01,Sierra Valley,Plumas,205,Residential,Single Well,15151,1981-04-17 00:00:00 - 2020-04-24 12:00:00,164,spring,NA,NA,-1.2,10,1986,Wet,1985-10-01T00:00:00Z,1986-10-01T00:00:00Z,-120.213,39.7372
397372N1202128W001,802420,1986-04-01T00:00:00Z,4940.72,4938.22,0,2.2,4938.52,2.2,-0.3,NA,Unknown,Water level accuracy is unknown,1,Department of Water Resources,NA,1,Department of Water Resources,170,190,20719,22N16E20P002M,22N16E20P002M,Unknown,Unknown,5-012.01,Sierra Valley,Plumas,205,Residential,Single Well,15151,1981-04-17 00:00:00 - 2020-04-24 12:00:00,164,spring,NA,NA,-1.2,10,1986,Wet,1985-10-01T00:00:00Z,1986-10-01T00:00:00Z,-120.213,39.7372
397372N1202128W001,802419,1985-10-04T00:00:00Z,4940.72,4938.22,0,2.9,4937.82,2.9,0.4,NA,Unknown,Water level accuracy is unknown,1,Department of Water Resources,NA,1,Department of Water Resources,70,82,20719,22N16E20P002M,22N16E20P002M,Unknown,Unknown,5-012.01,Sierra Valley,Plumas,205,Residential,Single Well,15151,1981-04-17 00:00:00 - 2020-04-24 12:00:00,164,fall,-0.1,15.7,NA,NA,1986,Wet,1985-10-01T00:00:00Z,1986-10-01T00:00:00Z,-120.213,39.7372
397372N1202128W001,802419,1985-10-04T00:00:00Z,4940.72,4938.22,0,2.9,4937.82,2.9,0.4,NA,Unknown,Water level accuracy is unknown,1,Department of Water Resources,NA,1,Department of Water Resources,170,190,20719,22N16E20P002M,22N16E20P002M,Unknown,Unknown,5-012.01,Sierra Valley,Plumas,205,Residential,Single Well,15151,1981-04-17 00:00:00 - 2020-04-24 12:00:00,164,fall,-0.1,15.7,NA,NA,1986,Wet,1985-10-01T00:00:00Z,1986-10-01T00:00:00Z,-120.213,39.7372
397372N1202128W001,802418,1985-04-04T00:00:00Z,4940.72,4938.22,0,2.6,4938.12,2.6,0.1,NA,Unknown,Water level accuracy is unknown,1,Department of Water Resources,NA,1,Department of Water Resources,70,82,20719,22N16E20P002M,22N16E20P002M,Unknown,Unknown,5-012.01,Sierra Valley,Plumas,205,Residential,Single Well,15151,1981-04-17 00:00:00 - 2020-04-24 12:00:00,164,spring,NA,NA,-1.2,10,1985,Dry,1984-10-01T00:00:00Z,1985-10-01T00:00:00Z,-120.213,39.7372
397372N1202128W001,802418,1985-04-04T00:00:00Z,4940.72,4938.22,0,2.6,4938.12,2.6,0.1,NA,Unknown,Water level accuracy is unknown,1,Department of Water Resources,NA,1,Department of Water Resources,170,190,20719,22N16E20P002M,22N16E20P002M,Unknown,Unknown,5-012.01,Sierra Valley,Plumas,205,Residential,Single Well,15151,1981-04-17 00:00:00 - 2020-04-24 12:00:00,164,spring,NA,NA,-1.2,10,1985,Dry,1984-10-01T00:00:00Z,1985-10-01T00:00:00Z,-120.213,39.7372
397372N1202128W001,802417,1984-10-03T00:00:00Z,4940.72,4938.22,0,2.4,4938.32,2.4,-0.1,NA,Unknown,Water level accuracy is unknown,1,Department of Water Resources,NA,1,Department of Water Resources,70,82,20719,22N16E20P002M,22N16E20P002M,Unknown,Unknown,5-012.01,Sierra Valley,Plumas,205,Residential,Single Well,15151,1981-04-17 00:00:00 - 2020-04-24 12:00:00,164,fall,-0.1,15.7,NA,NA,1985,Dry,1984-10-01T00:00:00Z,1985-10-01T00:00:00Z,-120.213,39.7372
397372N1202128W001,802417,1984-10-03T00:00:00Z,4940.72,4938.22,0,2.4,4938.32,2.4,-0.1,NA,Unknown,Water level accuracy is unknown,1,Department of Water Resources,NA,1,Department of Water Resources,170,190,20719,22N16E20P002M,22N16E20P002M,Unknown,Unknown,5-012.01,Sierra Valley,Plumas,205,Residential,Single Well,15151,1981-04-17 00:00:00 - 2020-04-24 12:00:00,164,fall,-0.1,15.7,NA,NA,1985,Dry,1984-10-01T00:00:00Z,1985-10-01T00:00:00Z,-120.213,39.7372
397372N1202128W001,802416,1984-04-11T00:00:00Z,4940.72,4938.22,0,1.3,4939.42,1.3,-1.2,NA,Unknown,Water level accuracy is unknown,1,Department of Water Resources,NA,1,Department of Water Resources,70,82,20719,22N16E20P002M,22N16E20P002M,Unknown,Unknown,5-012.01,Sierra Valley,Plumas,205,Residential,Single Well,15151,1981-04-17 00:00:00 - 2020-04-24 12:00:00,164,spring,NA,NA,-1.2,10,1984,NA,1983-10-01T00:00:00Z,1984-10-01T00:00:00Z,-120.213,39.7372
397372N1202128W001,802416,1984-04-11T00:00:00Z,4940.72,4938.22,0,1.3,4939.42,1.3,-1.2,NA,Unknown,Water level accuracy is unknown,1,Department of Water Resources,NA,1,Department of Water Resources,170,190,20719,22N16E20P002M,22N16E20P002M,Unknown,Unknown,5-012.01,Sierra Valley,Plumas,205,Residential,Single Well,15151,1981-04-17 00:00:00 - 2020-04-24 12:00:00,164,spring,NA,NA,-1.2,10,1984,NA,1983-10-01T00:00:00Z,1984-10-01T00:00:00Z,-120.213,39.7372
397372N1202128W001,802415,1984-03-16T00:00:00Z,4940.72,4938.22,0,1.9,4938.82,1.9,-0.6,NA,Unknown,Water level accuracy is unknown,1,Department of Water Resources,NA,1,Department of Water Resources,70,82,20719,22N16E20P002M,22N16E20P002M,Unknown,Unknown,5-012.01,Sierra Valley,Plumas,205,Residential,Single Well,15151,1981-04-17 00:00:00 - 2020-04-24 12:00:00,164,spring,NA,NA,-1.2,10,1984,NA,1983-10-01T00:00:00Z,1984-10-01T00:00:00Z,-120.213,39.7372
397372N1202128W001,802415,1984-03-16T00:00:00Z,4940.72,4938.22,0,1.9,4938.82,1.9,-0.6,NA,Unknown,Water level accuracy is unknown,1,Department of Water Resources,NA,1,Department of Water Resources,170,190,20719,22N16E20P002M,22N16E20P002M,Unknown,Unknown,5-012.01,Sierra Valley,Plumas,205,Residential,Single Well,15151,1981-04-17 00:00:00 - 2020-04-24 12:00:00,164,spring,NA,NA,-1.2,10,1984,NA,1983-10-01T00:00:00Z,1984-10-01T00:00:00Z,-120.213,39.7372
397372N1202128W001,802414,1983-09-28T00:00:00Z,4940.72,4938.22,0,3,4937.72,3,0.5,NA,Unknown,Water level accuracy is unknown,1,Department of Water Resources,NA,1,Department of Water Resources,70,82,20719,22N16E20P002M,22N16E20P002M,Unknown,Unknown,5-012.01,Sierra Valley,Plumas,205,Residential,Single Well,15151,1981-04-17 00:00:00 - 2020-04-24 12:00:00,164,fall,-0.1,15.7,NA,NA,1983,NA,1982-10-01T00:00:00Z,1983-10-01T00:00:00Z,-120.213,39.7372
397372N1202128W001,802414,1983-09-28T00:00:00Z,4940.72,4938.22,0,3,4937.72,3,0.5,NA,Unknown,Water level accuracy is unknown,1,Department of Water Resources,NA,1,Department of Water Resources,170,190,20719,22N16E20P002M,22N16E20P002M,Unknown,Unknown,5-012.01,Sierra Valley,Plumas,205,Residential,Single Well,15151,1981-04-17 00:00:00 - 2020-04-24 12:00:00,164,fall,-0.1,15.7,NA,NA,1983,NA,1982-10-01T00:00:00Z,1983-10-01T00:00:00Z,-120.213,39.7372
397372N1202128W001,802413,1983-03-13T00:00:00Z,4940.72,4938.22,0,3,4937.72,3,0.5,NA,Unknown,Water level accuracy is unknown,1,Department of Water Resources,NA,1,Department of Water Resources,70,82,20719,22N16E20P002M,22N16E20P002M,Unknown,Unknown,5-012.01,Sierra Valley,Plumas,205,Residential,Single Well,15151,1981-04-17 00:00:00 - 2020-04-24 12:00:00,164,spring,NA,NA,-1.2,10,1983,NA,1982-10-01T00:00:00Z,1983-10-01T00:00:00Z,-120.213,39.7372
397372N1202128W001,802413,1983-03-13T00:00:00Z,4940.72,4938.22,0,3,4937.72,3,0.5,NA,Unknown,Water level accuracy is unknown,1,Department of Water Resources,NA,1,Department of Water Resources,170,190,20719,22N16E20P002M,22N16E20P002M,Unknown,Unknown,5-012.01,Sierra Valley,Plumas,205,Residential,Single Well,15151,1981-04-17 00:00:00 - 2020-04-24 12:00:00,164,spring,NA,NA,-1.2,10,1983,NA,1982-10-01T00:00:00Z,1983-10-01T00:00:00Z,-120.213,39.7372
397372N1202128W001,802412,1982-10-07T00:00:00Z,4940.72,4938.22,0,3,4937.72,3,0.5,NA,Unknown,Water level accuracy is unknown,1,Department of Water Resources,NA,1,Department of Water Resources,70,82,20719,22N16E20P002M,22N16E20P002M,Unknown,Unknown,5-012.01,Sierra Valley,Plumas,205,Residential,Single Well,15151,1981-04-17 00:00:00 - 2020-04-24 12:00:00,164,fall,-0.1,15.7,NA,NA,1983,NA,1982-10-01T00:00:00Z,1983-10-01T00:00:00Z,-120.213,39.7372
397372N1202128W001,802412,1982-10-07T00:00:00Z,4940.72,4938.22,0,3,4937.72,3,0.5,NA,Unknown,Water level accuracy is unknown,1,Department of Water Resources,NA,1,Department of Water Resources,170,190,20719,22N16E20P002M,22N16E20P002M,Unknown,Unknown,5-012.01,Sierra Valley,Plumas,205,Residential,Single Well,15151,1981-04-17 00:00:00 - 2020-04-24 12:00:00,164,fall,-0.1,15.7,NA,NA,1983,NA,1982-10-01T00:00:00Z,1983-10-01T00:00:00Z,-120.213,39.7372
397372N1202128W001,802411,1982-09-16T00:00:00Z,4940.72,4938.22,0,3.1,4937.62,3.1,0.6,NA,Unknown,Water level accuracy is unknown,1,Department of Water Resources,NA,1,Department of Water Resources,70,82,20719,22N16E20P002M,22N16E20P002M,Unknown,Unknown,5-012.01,Sierra Valley,Plumas,205,Residential,Single Well,15151,1981-04-17 00:00:00 - 2020-04-24 12:00:00,164,fall,-0.1,15.7,NA,NA,1982,Wet,1981-10-01T00:00:00Z,1982-10-01T00:00:00Z,-120.213,39.7372
397372N1202128W001,802411,1982-09-16T00:00:00Z,4940.72,4938.22,0,3.1,4937.62,3.1,0.6,NA,Unknown,Water level accuracy is unknown,1,Department of Water Resources,NA,1,Department of Water Resources,170,190,20719,22N16E20P002M,22N16E20P002M,Unknown,Unknown,5-012.01,Sierra Valley,Plumas,205,Residential,Single Well,15151,1981-04-17 00:00:00 - 2020-04-24 12:00:00,164,fall,-0.1,15.7,NA,NA,1982,Wet,1981-10-01T00:00:00Z,1982-10-01T00:00:00Z,-120.213,39.7372
397372N1202128W001,802410,1982-04-27T00:00:00Z,4940.72,4938.22,0,7,4933.72,7,4.5,NA,Unknown,Water level accuracy is unknown,1,Department of Water Resources,NA,1,Department of Water Resources,70,82,20719,22N16E20P002M,22N16E20P002M,Unknown,Unknown,5-012.01,Sierra Valley,Plumas,205,Residential,Single Well,15151,1981-04-17 00:00:00 - 2020-04-24 12:00:00,164,spring,NA,NA,-1.2,10,1982,Wet,1981-10-01T00:00:00Z,1982-10-01T00:00:00Z,-120.213,39.7372
397372N1202128W001,802410,1982-04-27T00:00:00Z,4940.72,4938.22,0,7,4933.72,7,4.5,NA,Unknown,Water level accuracy is unknown,1,Department of Water Resources,NA,1,Department of Water Resources,170,190,20719,22N16E20P002M,22N16E20P002M,Unknown,Unknown,5-012.01,Sierra Valley,Plumas,205,Residential,Single Well,15151,1981-04-17 00:00:00 - 2020-04-24 12:00:00,164,spring,NA,NA,-1.2,10,1982,Wet,1981-10-01T00:00:00Z,1982-10-01T00:00:00Z,-120.213,39.7372
397372N1202128W001,802409,1981-10-07T00:00:00Z,4940.72,4938.22,0,3,4937.72,3,0.5,NA,Unknown,Water level accuracy is unknown,1,Department of Water Resources,NA,1,Department of Water Resources,70,82,20719,22N16E20P002M,22N16E20P002M,Unknown,Unknown,5-012.01,Sierra Valley,Plumas,205,Residential,Single Well,15151,1981-04-17 00:00:00 - 2020-04-24 12:00:00,164,fall,-0.1,15.7,NA,NA,1982,Wet,1981-10-01T00:00:00Z,1982-10-01T00:00:00Z,-120.213,39.7372
397372N1202128W001,802409,1981-10-07T00:00:00Z,4940.72,4938.22,0,3,4937.72,3,0.5,NA,Unknown,Water level accuracy is unknown,1,Department of Water Resources,NA,1,Department of Water Resources,170,190,20719,22N16E20P002M,22N16E20P002M,Unknown,Unknown,5-012.01,Sierra Valley,Plumas,205,Residential,Single Well,15151,1981-04-17 00:00:00 - 2020-04-24 12:00:00,164,fall,-0.1,15.7,NA,NA,1982,Wet,1981-10-01T00:00:00Z,1982-10-01T00:00:00Z,-120.213,39.7372
397372N1202128W001,802408,1981-09-16T00:00:00Z,4940.72,4938.22,0,4,4936.72,4,1.5,NA,Unknown,Water level accuracy is unknown,1,Department of Water Resources,NA,1,Department of Water Resources,70,82,20719,22N16E20P002M,22N16E20P002M,Unknown,Unknown,5-012.01,Sierra Valley,Plumas,205,Residential,Single Well,15151,1981-04-17 00:00:00 - 2020-04-24 12:00:00,164,fall,-0.1,15.7,NA,NA,1981,Dry,1980-10-01T00:00:00Z,1981-10-01T00:00:00Z,-120.213,39.7372
397372N1202128W001,802408,1981-09-16T00:00:00Z,4940.72,4938.22,0,4,4936.72,4,1.5,NA,Unknown,Water level accuracy is unknown,1,Department of Water Resources,NA,1,Department of Water Resources,170,190,20719,22N16E20P002M,22N16E20P002M,Unknown,Unknown,5-012.01,Sierra Valley,Plumas,205,Residential,Single Well,15151,1981-04-17 00:00:00 - 2020-04-24 12:00:00,164,fall,-0.1,15.7,NA,NA,1981,Dry,1980-10-01T00:00:00Z,1981-10-01T00:00:00Z,-120.213,39.7372
397372N1202128W001,802407,1981-08-26T00:00:00Z,4940.72,4938.22,0,6,4934.72,6,3.5,NA,Unknown,Water level accuracy is unknown,1,Department of Water Resources,NA,1,Department of Water Resources,70,82,20719,22N16E20P002M,22N16E20P002M,Unknown,Unknown,5-012.01,Sierra Valley,Plumas,205,Residential,Single Well,15151,1981-04-17 00:00:00 - 2020-04-24 12:00:00,164,fall,-0.1,15.7,NA,NA,1981,Dry,1980-10-01T00:00:00Z,1981-10-01T00:00:00Z,-120.213,39.7372
397372N1202128W001,802407,1981-08-26T00:00:00Z,4940.72,4938.22,0,6,4934.72,6,3.5,NA,Unknown,Water level accuracy is unknown,1,Department of Water Resources,NA,1,Department of Water Resources,170,190,20719,22N16E20P002M,22N16E20P002M,Unknown,Unknown,5-012.01,Sierra Valley,Plumas,205,Residential,Single Well,15151,1981-04-17 00:00:00 - 2020-04-24 12:00:00,164,fall,-0.1,15.7,NA,NA,1981,Dry,1980-10-01T00:00:00Z,1981-10-01T00:00:00Z,-120.213,39.7372
397372N1202128W001,802406,1981-08-13T00:00:00Z,4940.72,4938.22,0,3,4937.72,3,0.5,NA,Unknown,Water level accuracy is unknown,1,Department of Water Resources,NA,1,Department of Water Resources,70,82,20719,22N16E20P002M,22N16E20P002M,Unknown,Unknown,5-012.01,Sierra Valley,Plumas,205,Residential,Single Well,15151,1981-04-17 00:00:00 - 2020-04-24 12:00:00,164,fall,-0.1,15.7,NA,NA,1981,Dry,1980-10-01T00:00:00Z,1981-10-01T00:00:00Z,-120.213,39.7372
397372N1202128W001,802406,1981-08-13T00:00:00Z,4940.72,4938.22,0,3,4937.72,3,0.5,NA,Unknown,Water level accuracy is unknown,1,Department of Water Resources,NA,1,Department of Water Resources,170,190,20719,22N16E20P002M,22N16E20P002M,Unknown,Unknown,5-012.01,Sierra Valley,Plumas,205,Residential,Single Well,15151,1981-04-17 00:00:00 - 2020-04-24 12:00:00,164,fall,-0.1,15.7,NA,NA,1981,Dry,1980-10-01T00:00:00Z,1981-10-01T00:00:00Z,-120.213,39.7372
