SITE_CODE,WLM_ID,MSMT_DATE,WLM_RPE,WLM_GSE,RDNG_WS,RDNG_RP,WSE,RPE_WSE,GSE_WSE,WLM_QA_DESC,WLM_DESC,WLM_ACC_DESC,WLM_ORG_ID,WLM_ORG_NAME,MSMT_CMT,COOP_AGENCY_ORG_ID,COOP_ORG_NAME,TOP_PRF,BOT_PRF,STN_ID,SWN,WELL_NAME,WLM_METHOD,WLM_ACC,BASIN_CODE,BASIN_NAME,COUNTY_NAME,WELL_DEPTH,WELL_USE,WELL_TYPE,WCR_NO,t_range,n_samples,season,fall_high,fall_low,spring_high,spring_low,water_year,water_year_type,water_year_start,water_year_end,X,Y
397465N1202098W001,1770647,1992-10-22T00:00:00Z,4925.91,4924.41,0,5.8,4920.11,5.8,4.3,NA,Unknown,Water level accuracy is unknown,1,Department of Water Resources,NA,1,Department of Water Resources,NA,NA,20718,22N16E20G002M,NA,Unknown,Unknown,5-012.01,Sierra Valley,Plumas,NA,Unknown,Unknown,NA,1959-09-21 - 2000-03-26,55,fall,-2.8,10.2,NA,NA,1993,NA,1992-10-01T00:00:00Z,1993-10-01T00:00:00Z,-120.21,39.7465
397465N1202098W001,1770645,1991-10-22T00:00:00Z,4925.91,4924.41,0,2.8,4923.11,2.8,1.3,NA,Unknown,Water level accuracy is unknown,1,Department of Water Resources,NA,1,Department of Water Resources,NA,NA,20718,22N16E20G002M,NA,Unknown,Unknown,5-012.01,Sierra Valley,Plumas,NA,Unknown,Unknown,NA,1959-09-21 - 2000-03-26,55,fall,-2.8,10.2,NA,NA,1992,NA,1991-10-01T00:00:00Z,1992-10-01T00:00:00Z,-120.21,39.7465
397465N1202098W001,1770643,1991-02-27T00:00:00Z,4925.91,4924.41,0,0.3,4925.61,0.3,-1.2,Other,Unknown,Water level accuracy is unknown,1,Department of Water Resources,NA,1,Department of Water Resources,NA,NA,20718,22N16E20G002M,NA,Unknown,Unknown,5-012.01,Sierra Valley,Plumas,NA,Unknown,Unknown,NA,1959-09-21 - 2000-03-26,55,other,NA,NA,NA,NA,1991,NA,1990-10-01T00:00:00Z,1991-10-01T00:00:00Z,-120.21,39.7465
397465N1202098W001,1770642,1990-10-25T00:00:00Z,4925.91,4924.41,0,2.3,4923.61,2.3,0.8,Other,Unknown,Water level accuracy is unknown,1,Department of Water Resources,NA,1,Department of Water Resources,NA,NA,20718,22N16E20G002M,NA,Unknown,Unknown,5-012.01,Sierra Valley,Plumas,NA,Unknown,Unknown,NA,1959-09-21 - 2000-03-26,55,fall,-2.8,10.2,NA,NA,1991,NA,1990-10-01T00:00:00Z,1991-10-01T00:00:00Z,-120.21,39.7465
397465N1202098W001,1770640,1990-04-11T00:00:00Z,4925.91,4924.41,0,7.9,4918.01,7.9,6.4,NA,Unknown,Water level accuracy is unknown,1,Department of Water Resources,NA,1,Department of Water Resources,NA,NA,20718,22N16E20G002M,NA,Unknown,Unknown,5-012.01,Sierra Valley,Plumas,NA,Unknown,Unknown,NA,1959-09-21 - 2000-03-26,55,spring,NA,NA,-2,6.4,1990,NA,1989-10-01T00:00:00Z,1990-10-01T00:00:00Z,-120.21,39.7465
397465N1202098W001,1770639,1989-09-26T00:00:00Z,4925.91,4924.41,0,0.3,4925.61,0.3,-1.2,NA,Unknown,Water level accuracy is unknown,1,Department of Water Resources,NA,1,Department of Water Resources,NA,NA,20718,22N16E20G002M,NA,Unknown,Unknown,5-012.01,Sierra Valley,Plumas,NA,Unknown,Unknown,NA,1959-09-21 - 2000-03-26,55,fall,-2.8,10.2,NA,NA,1989,NA,1988-10-01T00:00:00Z,1989-10-01T00:00:00Z,-120.21,39.7465
397465N1202098W001,1770638,1989-04-09T00:00:00Z,4925.91,4924.41,0,1,4924.91,1,-0.5,NA,Unknown,Water level accuracy is unknown,1,Department of Water Resources,NA,1,Department of Water Resources,NA,NA,20718,22N16E20G002M,NA,Unknown,Unknown,5-012.01,Sierra Valley,Plumas,NA,Unknown,Unknown,NA,1959-09-21 - 2000-03-26,55,spring,NA,NA,-2,6.4,1989,NA,1988-10-01T00:00:00Z,1989-10-01T00:00:00Z,-120.21,39.7465
397465N1202098W001,1770637,1988-10-29T00:00:00Z,4925.91,4924.41,0,1.1,4924.81,1.1,-0.4,NA,Unknown,Water level accuracy is unknown,1,Department of Water Resources,NA,1,Department of Water Resources,NA,NA,20718,22N16E20G002M,NA,Unknown,Unknown,5-012.01,Sierra Valley,Plumas,NA,Unknown,Unknown,NA,1959-09-21 - 2000-03-26,55,fall,-2.8,10.2,NA,NA,1989,NA,1988-10-01T00:00:00Z,1989-10-01T00:00:00Z,-120.21,39.7465
397465N1202098W001,1770636,1988-03-21T00:00:00Z,4925.91,4924.41,0,7.1,4918.81,7.1,5.6,NA,Unknown,Water level accuracy is unknown,1,Department of Water Resources,NA,1,Department of Water Resources,NA,NA,20718,22N16E20G002M,NA,Unknown,Unknown,5-012.01,Sierra Valley,Plumas,NA,Unknown,Unknown,NA,1959-09-21 - 2000-03-26,55,spring,NA,NA,-2,6.4,1988,NA,1987-10-01T00:00:00Z,1988-10-01T00:00:00Z,-120.21,39.7465
397465N1202098W001,1770635,1987-10-20T00:00:00Z,4925.91,4924.41,0,11.7,4914.21,11.7,10.2,NA,Unknown,Water level accuracy is unknown,1,Department of Water Resources,NA,1,Department of Water Resources,NA,NA,20718,22N16E20G002M,NA,Unknown,Unknown,5-012.01,Sierra Valley,Plumas,NA,Unknown,Unknown,NA,1959-09-21 - 2000-03-26,55,fall,-2.8,10.2,NA,NA,1988,NA,1987-10-01T00:00:00Z,1988-10-01T00:00:00Z,-120.21,39.7465
397465N1202098W001,1770634,1987-04-07T00:00:00Z,4925.91,4924.41,0,3,4922.91,3,1.5,NA,Unknown,Water level accuracy is unknown,1,Department of Water Resources,NA,1,Department of Water Resources,NA,NA,20718,22N16E20G002M,NA,Unknown,Unknown,5-012.01,Sierra Valley,Plumas,NA,Unknown,Unknown,NA,1959-09-21 - 2000-03-26,55,spring,NA,NA,-2,6.4,1987,Dry,1986-10-01T00:00:00Z,1987-10-01T00:00:00Z,-120.21,39.7465
397465N1202098W001,1770633,1986-10-03T00:00:00Z,4925.91,4924.41,0,7.8,4918.11,7.8,6.3,NA,Unknown,Water level accuracy is unknown,1,Department of Water Resources,NA,1,Department of Water Resources,NA,NA,20718,22N16E20G002M,NA,Unknown,Unknown,5-012.01,Sierra Valley,Plumas,NA,Unknown,Unknown,NA,1959-09-21 - 2000-03-26,55,fall,-2.8,10.2,NA,NA,1987,Dry,1986-10-01T00:00:00Z,1987-10-01T00:00:00Z,-120.21,39.7465
397465N1202098W001,1770632,1986-04-01T00:00:00Z,4925.91,4924.41,0,3.2,4922.71,3.2,1.7,NA,Unknown,Water level accuracy is unknown,1,Department of Water Resources,NA,1,Department of Water Resources,NA,NA,20718,22N16E20G002M,NA,Unknown,Unknown,5-012.01,Sierra Valley,Plumas,NA,Unknown,Unknown,NA,1959-09-21 - 2000-03-26,55,spring,NA,NA,-2,6.4,1986,Wet,1985-10-01T00:00:00Z,1986-10-01T00:00:00Z,-120.21,39.7465
397465N1202098W001,1770631,1985-10-04T00:00:00Z,4925.91,4924.41,0,10.2,4915.71,10.2,8.7,NA,Unknown,Water level accuracy is unknown,1,Department of Water Resources,NA,1,Department of Water Resources,NA,NA,20718,22N16E20G002M,NA,Unknown,Unknown,5-012.01,Sierra Valley,Plumas,NA,Unknown,Unknown,NA,1959-09-21 - 2000-03-26,55,fall,-2.8,10.2,NA,NA,1986,Wet,1985-10-01T00:00:00Z,1986-10-01T00:00:00Z,-120.21,39.7465
397465N1202098W001,1770629,1984-10-03T00:00:00Z,4925.91,4924.41,0,6.9,4919.01,6.9,5.4,NA,Unknown,Water level accuracy is unknown,1,Department of Water Resources,NA,1,Department of Water Resources,NA,NA,20718,22N16E20G002M,NA,Unknown,Unknown,5-012.01,Sierra Valley,Plumas,NA,Unknown,Unknown,NA,1959-09-21 - 2000-03-26,55,fall,-2.8,10.2,NA,NA,1985,Dry,1984-10-01T00:00:00Z,1985-10-01T00:00:00Z,-120.21,39.7465
397465N1202098W001,1770628,1984-03-16T00:00:00Z,4925.91,4924.41,0,-0.3,4926.21,-0.3,-1.8,NA,Unknown,Water level accuracy is unknown,1,Department of Water Resources,NA,1,Department of Water Resources,NA,NA,20718,22N16E20G002M,NA,Unknown,Unknown,5-012.01,Sierra Valley,Plumas,NA,Unknown,Unknown,NA,1959-09-21 - 2000-03-26,55,spring,NA,NA,-2,6.4,1984,NA,1983-10-01T00:00:00Z,1984-10-01T00:00:00Z,-120.21,39.7465
397465N1202098W001,1770627,1983-09-28T00:00:00Z,4925.91,4924.41,0,-1,4926.91,-1,-2.5,NA,Unknown,Water level accuracy is unknown,1,Department of Water Resources,NA,1,Department of Water Resources,NA,NA,20718,22N16E20G002M,NA,Unknown,Unknown,5-012.01,Sierra Valley,Plumas,NA,Unknown,Unknown,NA,1959-09-21 - 2000-03-26,55,fall,-2.8,10.2,NA,NA,1983,NA,1982-10-01T00:00:00Z,1983-10-01T00:00:00Z,-120.21,39.7465
397465N1202098W001,1770626,1983-04-13T00:00:00Z,4925.91,4924.41,0,2,4923.91,2,0.5,NA,Unknown,Water level accuracy is unknown,1,Department of Water Resources,NA,1,Department of Water Resources,NA,NA,20718,22N16E20G002M,NA,Unknown,Unknown,5-012.01,Sierra Valley,Plumas,NA,Unknown,Unknown,NA,1959-09-21 - 2000-03-26,55,spring,NA,NA,-2,6.4,1983,NA,1982-10-01T00:00:00Z,1983-10-01T00:00:00Z,-120.21,39.7465
397465N1202098W001,1770625,1982-10-07T00:00:00Z,4925.91,4924.41,0,0,4925.91,0,-1.5,NA,Unknown,Water level accuracy is unknown,1,Department of Water Resources,NA,1,Department of Water Resources,NA,NA,20718,22N16E20G002M,NA,Unknown,Unknown,5-012.01,Sierra Valley,Plumas,NA,Unknown,Unknown,NA,1959-09-21 - 2000-03-26,55,fall,-2.8,10.2,NA,NA,1983,NA,1982-10-01T00:00:00Z,1983-10-01T00:00:00Z,-120.21,39.7465
397465N1202098W001,1770622,1981-10-07T00:00:00Z,4925.11,4924.41,0,0.6,4924.51,0.6,-0.1,NA,Unknown,Water level accuracy is unknown,1,Department of Water Resources,NA,1,Department of Water Resources,NA,NA,20718,22N16E20G002M,NA,Unknown,Unknown,5-012.01,Sierra Valley,Plumas,NA,Unknown,Unknown,NA,1959-09-21 - 2000-03-26,55,fall,-2.8,10.2,NA,NA,1982,Wet,1981-10-01T00:00:00Z,1982-10-01T00:00:00Z,-120.21,39.7465
397465N1202098W001,1770615,1965-04-14T00:00:00Z,4925.11,4924.41,0,-1.3,4926.41,-1.3,-2,NA,Unknown,Water level accuracy is unknown,1,Department of Water Resources,NA,1,Department of Water Resources,NA,NA,20718,22N16E20G002M,NA,Unknown,Unknown,5-012.01,Sierra Valley,Plumas,NA,Unknown,Unknown,NA,1959-09-21 - 2000-03-26,55,spring,NA,NA,-2,6.4,1965,Wet,1964-10-01T00:00:00Z,1965-10-01T00:00:00Z,-120.21,39.7465
397465N1202098W001,1770614,1964-10-15T00:00:00Z,4925.11,4924.41,0,-1.2,4926.31,-1.2,-1.9,NA,Unknown,Water level accuracy is unknown,1,Department of Water Resources,NA,1,Department of Water Resources,NA,NA,20718,22N16E20G002M,NA,Unknown,Unknown,5-012.01,Sierra Valley,Plumas,NA,Unknown,Unknown,NA,1959-09-21 - 2000-03-26,55,fall,-2.8,10.2,NA,NA,1965,Wet,1964-10-01T00:00:00Z,1965-10-01T00:00:00Z,-120.21,39.7465
397465N1202098W001,1770613,1963-10-08T00:00:00Z,4925.11,4924.41,0,-2.1,4927.21,-2.1,-2.8,NA,Unknown,Water level accuracy is unknown,1,Department of Water Resources,NA,1,Department of Water Resources,NA,NA,20718,22N16E20G002M,NA,Unknown,Unknown,5-012.01,Sierra Valley,Plumas,NA,Unknown,Unknown,NA,1959-09-21 - 2000-03-26,55,fall,-2.8,10.2,NA,NA,1964,Dry,1963-10-01T00:00:00Z,1964-10-01T00:00:00Z,-120.21,39.7465
397465N1202098W001,1770612,1962-10-23T00:00:00Z,4925.11,4924.41,0,-1.3,4926.41,-1.3,-2,NA,Unknown,Water level accuracy is unknown,1,Department of Water Resources,NA,1,Department of Water Resources,NA,NA,20718,22N16E20G002M,NA,Unknown,Unknown,5-012.01,Sierra Valley,Plumas,NA,Unknown,Unknown,NA,1959-09-21 - 2000-03-26,55,fall,-2.8,10.2,NA,NA,1963,Wet,1962-10-01T00:00:00Z,1963-10-01T00:00:00Z,-120.21,39.7465
397465N1202098W001,1770611,1961-10-18T00:00:00Z,4925.11,4924.41,0,-1.8,4926.91,-1.8,-2.5,NA,Unknown,Water level accuracy is unknown,1,Department of Water Resources,NA,1,Department of Water Resources,NA,NA,20718,22N16E20G002M,NA,Unknown,Unknown,5-012.01,Sierra Valley,Plumas,NA,Unknown,Unknown,NA,1959-09-21 - 2000-03-26,55,fall,-2.8,10.2,NA,NA,1962,NA,1961-10-01T00:00:00Z,1962-10-01T00:00:00Z,-120.21,39.7465
397465N1202098W001,1770610,1960-09-21T00:00:00Z,4925.11,4924.41,0,-1,4926.11,-1,-1.7,NA,Unknown,Water level accuracy is unknown,1,Department of Water Resources,NA,1,Department of Water Resources,NA,NA,20718,22N16E20G002M,NA,Unknown,Unknown,5-012.01,Sierra Valley,Plumas,NA,Unknown,Unknown,NA,1959-09-21 - 2000-03-26,55,fall,-2.8,10.2,NA,NA,1960,Dry,1959-10-01T00:00:00Z,1960-10-01T00:00:00Z,-120.21,39.7465
397465N1202098W001,1770609,1960-04-10T00:00:00Z,4925.11,4924.41,0,-0.8,4925.91,-0.8,-1.5,NA,Unknown,Water level accuracy is unknown,1,Department of Water Resources,NA,1,Department of Water Resources,NA,NA,20718,22N16E20G002M,NA,Unknown,Unknown,5-012.01,Sierra Valley,Plumas,NA,Unknown,Unknown,NA,1959-09-21 - 2000-03-26,55,spring,NA,NA,-2,6.4,1960,Dry,1959-10-01T00:00:00Z,1960-10-01T00:00:00Z,-120.21,39.7465
397465N1202098W001,1770608,1959-09-21T00:00:00Z,4925.11,4924.41,0,-0.4,4925.51,-0.4,-1.1,NA,Unknown,Water level accuracy is unknown,1,Department of Water Resources,NA,1,Department of Water Resources,NA,NA,20718,22N16E20G002M,NA,Unknown,Unknown,5-012.01,Sierra Valley,Plumas,NA,Unknown,Unknown,NA,1959-09-21 - 2000-03-26,55,fall,-2.8,10.2,NA,NA,1959,NA,1958-10-01T00:00:00Z,1959-10-01T00:00:00Z,-120.21,39.7465
