SITE_CODE,WLM_ID,MSMT_DATE,WLM_RPE,WLM_GSE,RDNG_WS,RDNG_RP,WSE,RPE_WSE,GSE_WSE,WLM_QA_DESC,WLM_DESC,WLM_ACC_DESC,WLM_ORG_ID,WLM_ORG_NAME,MSMT_CMT,COOP_AGENCY_ORG_ID,COOP_ORG_NAME,TOP_PRF,BOT_PRF,STN_ID,SWN,WELL_NAME,WLM_METHOD,WLM_ACC,BASIN_CODE,BASIN_NAME,COUNTY_NAME,WELL_DEPTH,WELL_USE,WELL_TYPE,WCR_NO,t_range,n_samples,season,fall_high,fall_low,spring_high,spring_low,water_year,water_year_type,water_year_start,water_year_end,X,Y
397403N1202870W001,2620109,2020-04-24T12:00:00Z,4885.77,4884.47,19,40,4864.77,21,19.7,NA,Steel tape measurement,Water level accuracy to nearest tenth of a foot,1,Department of Water Resources,NA,1,Department of Water Resources,NA,NA,20702,22N15E22Q001M,22N15E22Q001M,Unknown,Unknown,5-012.01,Sierra Valley,Plumas,600,Stockwatering,Single Well,NA,1958-10-16 00:00:00 - 2020-04-24 12:00:00,121,spring,NA,NA,-3.8,28.3,2020,Dry,2019-10-01T00:00:00Z,2020-10-01T00:00:00Z,-120.287,39.7403
397403N1202870W001,2415018,2018-10-24T12:00:00Z,4885.77,4884.47,5.8,30,4861.57,24.2,22.9,NA,Steel tape measurement,Water level accuracy to nearest tenth of a foot,1,Department of Water Resources,NA,1,Department of Water Resources,NA,NA,20702,22N15E22Q001M,22N15E22Q001M,Unknown,Unknown,5-012.01,Sierra Valley,Plumas,600,Stockwatering,Single Well,NA,1958-10-16 00:00:00 - 2020-04-24 12:00:00,121,fall,-2,29.9,NA,NA,2019,Wet,2018-10-01T00:00:00Z,2019-10-01T00:00:00Z,-120.287,39.7403
397403N1202870W001,2267997,2017-10-16T00:00:00Z,4885.77,4884.47,0,24.35,4861.42,24.35,23.05,NA,Steel tape measurement,Water level accuracy to nearest tenth of a foot,1,Department of Water Resources,NA,1,Department of Water Resources,NA,NA,20702,22N15E22Q001M,22N15E22Q001M,Unknown,Unknown,5-012.01,Sierra Valley,Plumas,600,Stockwatering,Single Well,NA,1958-10-16 00:00:00 - 2020-04-24 12:00:00,121,fall,-2,29.9,NA,NA,2018,NA,2017-10-01T00:00:00Z,2018-10-01T00:00:00Z,-120.287,39.7403
397403N1202870W001,2214115,2016-10-24T00:00:00Z,4885.77,4884.47,0,31.2,4854.57,31.2,29.9,NA,Electric sounder measurement,Water level accuracy to nearest hundredth of a foot,1,Department of Water Resources,NA,1,Department of Water Resources,NA,NA,20702,22N15E22Q001M,22N15E22Q001M,Unknown,Unknown,5-012.01,Sierra Valley,Plumas,600,Stockwatering,Single Well,NA,1958-10-16 00:00:00 - 2020-04-24 12:00:00,121,fall,-2,29.9,NA,NA,2017,Wet,2016-10-01T00:00:00Z,2017-10-01T00:00:00Z,-120.287,39.7403
397403N1202870W001,2184581,2016-03-21T00:00:00Z,4885.77,4884.47,0,29.6,4856.17,29.6,28.3,NA,Electric sounder measurement,Water level accuracy to nearest hundredth of a foot,1,Department of Water Resources,NA,1,Department of Water Resources,NA,NA,20702,22N15E22Q001M,22N15E22Q001M,Unknown,Unknown,5-012.01,Sierra Valley,Plumas,600,Stockwatering,Single Well,NA,1958-10-16 00:00:00 - 2020-04-24 12:00:00,121,spring,NA,NA,-3.8,28.3,2016,NA,2015-10-01T00:00:00Z,2016-10-01T00:00:00Z,-120.287,39.7403
397403N1202870W001,2157055,2015-10-19T00:00:00Z,4885.77,4884.47,0,24.4,4861.37,24.4,23.1,NA,Electric sounder measurement,Water level accuracy to nearest hundredth of a foot,1,Department of Water Resources,NA,1,Department of Water Resources,NA,NA,20702,22N15E22Q001M,22N15E22Q001M,Unknown,Unknown,5-012.01,Sierra Valley,Plumas,600,Stockwatering,Single Well,NA,1958-10-16 00:00:00 - 2020-04-24 12:00:00,121,fall,-2,29.9,NA,NA,2016,NA,2015-10-01T00:00:00Z,2016-10-01T00:00:00Z,-120.287,39.7403
397403N1202870W001,2119767,2015-03-23T00:00:00Z,4885.77,4884.47,0,27.55,4858.22,27.55,26.25,NA,Electric sounder measurement,Water level accuracy to nearest hundredth of a foot,1,Department of Water Resources,NA,1,Department of Water Resources,NA,NA,20702,22N15E22Q001M,22N15E22Q001M,Unknown,Unknown,5-012.01,Sierra Valley,Plumas,600,Stockwatering,Single Well,NA,1958-10-16 00:00:00 - 2020-04-24 12:00:00,121,spring,NA,NA,-3.8,28.3,2015,NA,2014-10-01T00:00:00Z,2015-10-01T00:00:00Z,-120.287,39.7403
397403N1202870W001,2020282,2014-10-20T05:00:00Z,4885.77,4884.47,0,24,4861.77,24,22.7,NA,Electric sounder measurement,Water level accuracy to nearest hundredth of a foot,1,Department of Water Resources,NA,1,Department of Water Resources,NA,NA,20702,22N15E22Q001M,22N15E22Q001M,Unknown,Unknown,5-012.01,Sierra Valley,Plumas,600,Stockwatering,Single Well,NA,1958-10-16 00:00:00 - 2020-04-24 12:00:00,121,fall,-2,29.9,NA,NA,2015,NA,2014-10-01T00:00:00Z,2015-10-01T00:00:00Z,-120.287,39.7403
397403N1202870W001,1880765,2014-03-14T00:00:00Z,4885.77,4884.47,0,28.88,4856.89,28.88,27.58,NA,Electric sounder measurement,Water level accuracy to nearest hundredth of a foot,1,Department of Water Resources,NA,1,Department of Water Resources,NA,NA,20702,22N15E22Q001M,22N15E22Q001M,Unknown,Unknown,5-012.01,Sierra Valley,Plumas,600,Stockwatering,Single Well,NA,1958-10-16 00:00:00 - 2020-04-24 12:00:00,121,spring,NA,NA,-3.8,28.3,2014,NA,2013-10-01T00:00:00Z,2014-10-01T00:00:00Z,-120.287,39.7403
397403N1202870W001,1797107,2013-10-21T00:00:00Z,4885.77,4884.47,0,30.88,4854.89,30.88,29.58,NA,Electric sounder measurement,Water level accuracy to nearest hundredth of a foot,1,Department of Water Resources,NA,1,Department of Water Resources,NA,NA,20702,22N15E22Q001M,22N15E22Q001M,Unknown,Unknown,5-012.01,Sierra Valley,Plumas,600,Stockwatering,Single Well,NA,1958-10-16 00:00:00 - 2020-04-24 12:00:00,121,fall,-2,29.9,NA,NA,2014,NA,2013-10-01T00:00:00Z,2014-10-01T00:00:00Z,-120.287,39.7403
397403N1202870W001,1684426,2013-03-25T00:00:00Z,4885.77,4884.47,0,25.1,4860.67,25.1,23.8,NA,Electric sounder measurement,Water level accuracy to nearest hundredth of a foot,1,Department of Water Resources,NA,1,Department of Water Resources,NA,NA,20702,22N15E22Q001M,22N15E22Q001M,Unknown,Unknown,5-012.01,Sierra Valley,Plumas,600,Stockwatering,Single Well,NA,1958-10-16 00:00:00 - 2020-04-24 12:00:00,121,spring,NA,NA,-3.8,28.3,2013,Dry,2012-10-01T00:00:00Z,2013-10-01T00:00:00Z,-120.287,39.7403
397403N1202870W001,69367,2012-10-30T00:00:00Z,4885.77,4884.47,0,27.26,4858.51,27.26,25.96,NA,Electric sounder measurement,Water level accuracy to nearest hundredth of a foot,1,Department of Water Resources,NA,1,Department of Water Resources,NA,NA,20702,22N15E22Q001M,22N15E22Q001M,Unknown,Unknown,5-012.01,Sierra Valley,Plumas,600,Stockwatering,Single Well,NA,1958-10-16 00:00:00 - 2020-04-24 12:00:00,121,fall,-2,29.9,NA,NA,2013,Dry,2012-10-01T00:00:00Z,2013-10-01T00:00:00Z,-120.287,39.7403
397403N1202870W001,59949,2012-04-17T00:00:00Z,4885.77,4884.47,0,20.71,4865.06,20.71,19.41,NA,Electric sounder measurement,Water level accuracy to nearest hundredth of a foot,1,Department of Water Resources,NA,1,Department of Water Resources,NA,NA,20702,22N15E22Q001M,22N15E22Q001M,Unknown,Unknown,5-012.01,Sierra Valley,Plumas,600,Stockwatering,Single Well,NA,1958-10-16 00:00:00 - 2020-04-24 12:00:00,121,spring,NA,NA,-3.8,28.3,2012,NA,2011-10-01T00:00:00Z,2012-10-01T00:00:00Z,-120.287,39.7403
397403N1202870W001,39797,2011-10-18T00:00:00Z,4885.77,4884.47,0,23.05,4862.72,23.05,21.75,NA,Electric sounder measurement,Water level accuracy to nearest hundredth of a foot,1,Department of Water Resources,NA,1,Department of Water Resources,NA,NA,20702,22N15E22Q001M,22N15E22Q001M,Unknown,Unknown,5-012.01,Sierra Valley,Plumas,600,Stockwatering,Single Well,NA,1958-10-16 00:00:00 - 2020-04-24 12:00:00,121,fall,-2,29.9,NA,NA,2012,NA,2011-10-01T00:00:00Z,2012-10-01T00:00:00Z,-120.287,39.7403
397403N1202870W001,801707,2011-10-18T00:00:00Z,4885.77,4884.47,0,23.05,4862.72,23.05,21.75,NA,Unknown,Water level accuracy is unknown,1,Department of Water Resources,NA,1,Department of Water Resources,NA,NA,20702,22N15E22Q001M,22N15E22Q001M,Unknown,Unknown,5-012.01,Sierra Valley,Plumas,600,Stockwatering,Single Well,NA,1958-10-16 00:00:00 - 2020-04-24 12:00:00,121,fall,-2,29.9,NA,NA,2012,NA,2011-10-01T00:00:00Z,2012-10-01T00:00:00Z,-120.287,39.7403
397403N1202870W001,801706,2011-04-25T00:00:00Z,4885.77,4884.47,0,11.5,4874.27,11.5,10.2,NA,Unknown,Water level accuracy is unknown,1,Department of Water Resources,NA,1,Department of Water Resources,NA,NA,20702,22N15E22Q001M,22N15E22Q001M,Unknown,Unknown,5-012.01,Sierra Valley,Plumas,600,Stockwatering,Single Well,NA,1958-10-16 00:00:00 - 2020-04-24 12:00:00,121,spring,NA,NA,-3.8,28.3,2011,Wet,2010-10-01T00:00:00Z,2011-10-01T00:00:00Z,-120.287,39.7403
397403N1202870W001,801705,2010-10-25T00:00:00Z,4885.77,4884.47,0,24,4861.77,24,22.7,NA,Unknown,Water level accuracy is unknown,1,Department of Water Resources,NA,1,Department of Water Resources,NA,NA,20702,22N15E22Q001M,22N15E22Q001M,Unknown,Unknown,5-012.01,Sierra Valley,Plumas,600,Stockwatering,Single Well,NA,1958-10-16 00:00:00 - 2020-04-24 12:00:00,121,fall,-2,29.9,NA,NA,2011,Wet,2010-10-01T00:00:00Z,2011-10-01T00:00:00Z,-120.287,39.7403
397403N1202870W001,801704,2010-04-06T00:00:00Z,4885.77,4884.47,0,23.4,4862.37,23.4,22.1,NA,Unknown,Water level accuracy is unknown,1,Department of Water Resources,NA,1,Department of Water Resources,NA,NA,20702,22N15E22Q001M,22N15E22Q001M,Unknown,Unknown,5-012.01,Sierra Valley,Plumas,600,Stockwatering,Single Well,NA,1958-10-16 00:00:00 - 2020-04-24 12:00:00,121,spring,NA,NA,-3.8,28.3,2010,NA,2009-10-01T00:00:00Z,2010-10-01T00:00:00Z,-120.287,39.7403
397403N1202870W001,801703,2009-10-28T00:00:00Z,4885.77,4884.47,0,24.1,4861.67,24.1,22.8,NA,Unknown,Water level accuracy is unknown,1,Department of Water Resources,NA,1,Department of Water Resources,NA,NA,20702,22N15E22Q001M,22N15E22Q001M,Unknown,Unknown,5-012.01,Sierra Valley,Plumas,600,Stockwatering,Single Well,NA,1958-10-16 00:00:00 - 2020-04-24 12:00:00,121,fall,-2,29.9,NA,NA,2010,NA,2009-10-01T00:00:00Z,2010-10-01T00:00:00Z,-120.287,39.7403
397403N1202870W001,801702,2009-04-13T00:00:00Z,4885.77,4884.47,0,23.7,4862.07,23.7,22.4,NA,Unknown,Water level accuracy is unknown,1,Department of Water Resources,NA,1,Department of Water Resources,NA,NA,20702,22N15E22Q001M,22N15E22Q001M,Unknown,Unknown,5-012.01,Sierra Valley,Plumas,600,Stockwatering,Single Well,NA,1958-10-16 00:00:00 - 2020-04-24 12:00:00,121,spring,NA,NA,-3.8,28.3,2009,NA,2008-10-01T00:00:00Z,2009-10-01T00:00:00Z,-120.287,39.7403
397403N1202870W001,801701,2008-10-28T00:00:00Z,4885.77,4884.47,0,25.4,4860.37,25.4,24.1,NA,Unknown,Water level accuracy is unknown,1,Department of Water Resources,NA,1,Department of Water Resources,NA,NA,20702,22N15E22Q001M,22N15E22Q001M,Unknown,Unknown,5-012.01,Sierra Valley,Plumas,600,Stockwatering,Single Well,NA,1958-10-16 00:00:00 - 2020-04-24 12:00:00,121,fall,-2,29.9,NA,NA,2009,NA,2008-10-01T00:00:00Z,2009-10-01T00:00:00Z,-120.287,39.7403
397403N1202870W001,801699,2008-04-09T00:00:00Z,4885.77,4884.47,0,21.3,4864.47,21.3,20,NA,Unknown,Water level accuracy is unknown,1,Department of Water Resources,NA,1,Department of Water Resources,NA,NA,20702,22N15E22Q001M,22N15E22Q001M,Unknown,Unknown,5-012.01,Sierra Valley,Plumas,600,Stockwatering,Single Well,NA,1958-10-16 00:00:00 - 2020-04-24 12:00:00,121,spring,NA,NA,-3.8,28.3,2008,NA,2007-10-01T00:00:00Z,2008-10-01T00:00:00Z,-120.287,39.7403
397403N1202870W001,801700,2007-10-25T00:00:00Z,4885.77,4884.47,0,24.5,4861.27,24.5,23.2,NA,Unknown,Water level accuracy is unknown,1,Department of Water Resources,NA,1,Department of Water Resources,NA,NA,20702,22N15E22Q001M,22N15E22Q001M,Unknown,Unknown,5-012.01,Sierra Valley,Plumas,600,Stockwatering,Single Well,NA,1958-10-16 00:00:00 - 2020-04-24 12:00:00,121,fall,-2,29.9,NA,NA,2008,NA,2007-10-01T00:00:00Z,2008-10-01T00:00:00Z,-120.287,39.7403
397403N1202870W001,801698,2007-04-10T00:00:00Z,4885.77,4884.47,0,19.2,4866.57,19.2,17.9,NA,Unknown,Water level accuracy is unknown,1,Department of Water Resources,NA,1,Department of Water Resources,NA,NA,20702,22N15E22Q001M,22N15E22Q001M,Unknown,Unknown,5-012.01,Sierra Valley,Plumas,600,Stockwatering,Single Well,NA,1958-10-16 00:00:00 - 2020-04-24 12:00:00,121,spring,NA,NA,-3.8,28.3,2007,Dry,2006-10-01T00:00:00Z,2007-10-01T00:00:00Z,-120.287,39.7403
397403N1202870W001,801697,2006-10-18T00:00:00Z,4885.77,4884.47,0,19.2,4866.57,19.2,17.9,NA,Unknown,Water level accuracy is unknown,1,Department of Water Resources,NA,1,Department of Water Resources,NA,NA,20702,22N15E22Q001M,22N15E22Q001M,Unknown,Unknown,5-012.01,Sierra Valley,Plumas,600,Stockwatering,Single Well,NA,1958-10-16 00:00:00 - 2020-04-24 12:00:00,121,fall,-2,29.9,NA,NA,2007,Dry,2006-10-01T00:00:00Z,2007-10-01T00:00:00Z,-120.287,39.7403
397403N1202870W001,801695,2005-10-26T00:00:00Z,4885.77,4884.47,0,21.8,4863.97,21.8,20.5,NA,Unknown,Water level accuracy is unknown,1,Department of Water Resources,NA,1,Department of Water Resources,NA,NA,20702,22N15E22Q001M,22N15E22Q001M,Unknown,Unknown,5-012.01,Sierra Valley,Plumas,600,Stockwatering,Single Well,NA,1958-10-16 00:00:00 - 2020-04-24 12:00:00,121,fall,-2,29.9,NA,NA,2006,Wet,2005-10-01T00:00:00Z,2006-10-01T00:00:00Z,-120.287,39.7403
397403N1202870W001,801694,2005-04-05T00:00:00Z,4885.77,4884.47,0,19.9,4865.87,19.9,18.6,NA,Unknown,Water level accuracy is unknown,1,Department of Water Resources,NA,1,Department of Water Resources,NA,NA,20702,22N15E22Q001M,22N15E22Q001M,Unknown,Unknown,5-012.01,Sierra Valley,Plumas,600,Stockwatering,Single Well,NA,1958-10-16 00:00:00 - 2020-04-24 12:00:00,121,spring,NA,NA,-3.8,28.3,2005,NA,2004-10-01T00:00:00Z,2005-10-01T00:00:00Z,-120.287,39.7403
397403N1202870W001,801693,2004-10-15T00:00:00Z,4885.77,4884.47,0,24,4861.77,24,22.7,NA,Unknown,Water level accuracy is unknown,1,Department of Water Resources,NA,1,Department of Water Resources,NA,NA,20702,22N15E22Q001M,22N15E22Q001M,Unknown,Unknown,5-012.01,Sierra Valley,Plumas,600,Stockwatering,Single Well,NA,1958-10-16 00:00:00 - 2020-04-24 12:00:00,121,fall,-2,29.9,NA,NA,2005,NA,2004-10-01T00:00:00Z,2005-10-01T00:00:00Z,-120.287,39.7403
397403N1202870W001,801692,2004-04-07T00:00:00Z,4885.77,4884.47,0,19,4866.77,19,17.7,NA,Unknown,Water level accuracy is unknown,1,Department of Water Resources,NA,1,Department of Water Resources,NA,NA,20702,22N15E22Q001M,22N15E22Q001M,Unknown,Unknown,5-012.01,Sierra Valley,Plumas,600,Stockwatering,Single Well,NA,1958-10-16 00:00:00 - 2020-04-24 12:00:00,121,spring,NA,NA,-3.8,28.3,2004,NA,2003-10-01T00:00:00Z,2004-10-01T00:00:00Z,-120.287,39.7403
397403N1202870W001,801691,2003-10-29T00:00:00Z,4885.77,4884.47,0,15.2,4870.57,15.2,13.9,NA,Unknown,Water level accuracy is unknown,1,Department of Water Resources,NA,1,Department of Water Resources,NA,NA,20702,22N15E22Q001M,22N15E22Q001M,Unknown,Unknown,5-012.01,Sierra Valley,Plumas,600,Stockwatering,Single Well,NA,1958-10-16 00:00:00 - 2020-04-24 12:00:00,121,fall,-2,29.9,NA,NA,2004,NA,2003-10-01T00:00:00Z,2004-10-01T00:00:00Z,-120.287,39.7403
397403N1202870W001,801690,2003-03-28T00:00:00Z,4885.77,4884.47,0,18.9,4866.87,18.9,17.6,NA,Unknown,Water level accuracy is unknown,1,Department of Water Resources,NA,1,Department of Water Resources,NA,NA,20702,22N15E22Q001M,22N15E22Q001M,Unknown,Unknown,5-012.01,Sierra Valley,Plumas,600,Stockwatering,Single Well,NA,1958-10-16 00:00:00 - 2020-04-24 12:00:00,121,spring,NA,NA,-3.8,28.3,2003,NA,2002-10-01T00:00:00Z,2003-10-01T00:00:00Z,-120.287,39.7403
397403N1202870W001,801689,2002-10-23T00:00:00Z,4885.77,4884.47,0,22.1,4863.67,22.1,20.8,NA,Unknown,Water level accuracy is unknown,1,Department of Water Resources,NA,1,Department of Water Resources,NA,NA,20702,22N15E22Q001M,22N15E22Q001M,Unknown,Unknown,5-012.01,Sierra Valley,Plumas,600,Stockwatering,Single Well,NA,1958-10-16 00:00:00 - 2020-04-24 12:00:00,121,fall,-2,29.9,NA,NA,2003,NA,2002-10-01T00:00:00Z,2003-10-01T00:00:00Z,-120.287,39.7403
397403N1202870W001,801688,2002-03-26T00:00:00Z,4885.77,4884.47,0,17.9,4867.87,17.9,16.6,NA,Unknown,Water level accuracy is unknown,1,Department of Water Resources,NA,1,Department of Water Resources,NA,NA,20702,22N15E22Q001M,22N15E22Q001M,Unknown,Unknown,5-012.01,Sierra Valley,Plumas,600,Stockwatering,Single Well,NA,1958-10-16 00:00:00 - 2020-04-24 12:00:00,121,spring,NA,NA,-3.8,28.3,2002,NA,2001-10-01T00:00:00Z,2002-10-01T00:00:00Z,-120.287,39.7403
397403N1202870W001,801687,2001-10-17T00:00:00Z,4885.77,4884.47,0,18.9,4866.87,18.9,17.6,NA,Unknown,Water level accuracy is unknown,1,Department of Water Resources,NA,1,Department of Water Resources,NA,NA,20702,22N15E22Q001M,22N15E22Q001M,Unknown,Unknown,5-012.01,Sierra Valley,Plumas,600,Stockwatering,Single Well,NA,1958-10-16 00:00:00 - 2020-04-24 12:00:00,121,fall,-2,29.9,NA,NA,2002,NA,2001-10-01T00:00:00Z,2002-10-01T00:00:00Z,-120.287,39.7403
397403N1202870W001,801686,2001-03-27T00:00:00Z,4885.77,4884.47,0,15.1,4870.67,15.1,13.8,NA,Unknown,Water level accuracy is unknown,1,Department of Water Resources,NA,1,Department of Water Resources,NA,NA,20702,22N15E22Q001M,22N15E22Q001M,Unknown,Unknown,5-012.01,Sierra Valley,Plumas,600,Stockwatering,Single Well,NA,1958-10-16 00:00:00 - 2020-04-24 12:00:00,121,spring,NA,NA,-3.8,28.3,2001,Dry,2000-10-01T00:00:00Z,2001-10-01T00:00:00Z,-120.287,39.7403
397403N1202870W001,801685,2000-10-18T00:00:00Z,4885.77,4884.47,0,15.2,4870.57,15.2,13.9,NA,Unknown,Water level accuracy is unknown,1,Department of Water Resources,NA,1,Department of Water Resources,NA,NA,20702,22N15E22Q001M,22N15E22Q001M,Unknown,Unknown,5-012.01,Sierra Valley,Plumas,600,Stockwatering,Single Well,NA,1958-10-16 00:00:00 - 2020-04-24 12:00:00,121,fall,-2,29.9,NA,NA,2001,Dry,2000-10-01T00:00:00Z,2001-10-01T00:00:00Z,-120.287,39.7403
397403N1202870W001,801684,2000-03-26T00:00:00Z,4885.77,4884.47,0,13.5,4872.27,13.5,12.2,NA,Unknown,Water level accuracy is unknown,1,Department of Water Resources,NA,1,Department of Water Resources,NA,NA,20702,22N15E22Q001M,22N15E22Q001M,Unknown,Unknown,5-012.01,Sierra Valley,Plumas,600,Stockwatering,Single Well,NA,1958-10-16 00:00:00 - 2020-04-24 12:00:00,121,spring,NA,NA,-3.8,28.3,2000,NA,1999-10-01T00:00:00Z,2000-10-01T00:00:00Z,-120.287,39.7403
397403N1202870W001,801682,1999-10-12T00:00:00Z,4885.77,4884.47,0,14.4,4871.37,14.4,13.1,NA,Unknown,Water level accuracy is unknown,1,Department of Water Resources,NA,1,Department of Water Resources,NA,NA,20702,22N15E22Q001M,22N15E22Q001M,Unknown,Unknown,5-012.01,Sierra Valley,Plumas,600,Stockwatering,Single Well,NA,1958-10-16 00:00:00 - 2020-04-24 12:00:00,121,fall,-2,29.9,NA,NA,2000,NA,1999-10-01T00:00:00Z,2000-10-01T00:00:00Z,-120.287,39.7403
397403N1202870W001,801683,1999-04-14T00:00:00Z,4885.77,4884.47,0,13.5,4872.27,13.5,12.2,NA,Unknown,Water level accuracy is unknown,1,Department of Water Resources,NA,1,Department of Water Resources,NA,NA,20702,22N15E22Q001M,22N15E22Q001M,Unknown,Unknown,5-012.01,Sierra Valley,Plumas,600,Stockwatering,Single Well,NA,1958-10-16 00:00:00 - 2020-04-24 12:00:00,121,spring,NA,NA,-3.8,28.3,1999,NA,1998-10-01T00:00:00Z,1999-10-01T00:00:00Z,-120.287,39.7403
397403N1202870W001,801681,1998-10-13T00:00:00Z,4885.77,4884.47,0,14.8,4870.97,14.8,13.5,NA,Unknown,Water level accuracy is unknown,1,Department of Water Resources,NA,1,Department of Water Resources,NA,NA,20702,22N15E22Q001M,22N15E22Q001M,Unknown,Unknown,5-012.01,Sierra Valley,Plumas,600,Stockwatering,Single Well,NA,1958-10-16 00:00:00 - 2020-04-24 12:00:00,121,fall,-2,29.9,NA,NA,1999,NA,1998-10-01T00:00:00Z,1999-10-01T00:00:00Z,-120.287,39.7403
397403N1202870W001,801680,1998-05-15T00:00:00Z,4885.77,4884.47,0,14.2,4871.57,14.2,12.9,NA,Unknown,Water level accuracy is unknown,1,Department of Water Resources,NA,1,Department of Water Resources,NA,NA,20702,22N15E22Q001M,22N15E22Q001M,Unknown,Unknown,5-012.01,Sierra Valley,Plumas,600,Stockwatering,Single Well,NA,1958-10-16 00:00:00 - 2020-04-24 12:00:00,121,spring,NA,NA,-3.8,28.3,1998,NA,1997-10-01T00:00:00Z,1998-10-01T00:00:00Z,-120.287,39.7403
397403N1202870W001,801679,1997-10-17T00:00:00Z,4885.77,4884.47,0,15.5,4870.27,15.5,14.2,NA,Unknown,Water level accuracy is unknown,1,Department of Water Resources,NA,1,Department of Water Resources,NA,NA,20702,22N15E22Q001M,22N15E22Q001M,Unknown,Unknown,5-012.01,Sierra Valley,Plumas,600,Stockwatering,Single Well,NA,1958-10-16 00:00:00 - 2020-04-24 12:00:00,121,fall,-2,29.9,NA,NA,1998,NA,1997-10-01T00:00:00Z,1998-10-01T00:00:00Z,-120.287,39.7403
397403N1202870W001,801677,1997-04-04T00:00:00Z,4885.77,4884.47,0,13.4,4872.37,13.4,12.1,NA,Unknown,Water level accuracy is unknown,1,Department of Water Resources,NA,1,Department of Water Resources,NA,NA,20702,22N15E22Q001M,22N15E22Q001M,Unknown,Unknown,5-012.01,Sierra Valley,Plumas,600,Stockwatering,Single Well,NA,1958-10-16 00:00:00 - 2020-04-24 12:00:00,121,spring,NA,NA,-3.8,28.3,1997,NA,1996-10-01T00:00:00Z,1997-10-01T00:00:00Z,-120.287,39.7403
397403N1202870W001,801678,1996-10-31T00:00:00Z,4885.77,4884.47,0,16,4869.77,16,14.7,NA,Unknown,Water level accuracy is unknown,1,Department of Water Resources,NA,1,Department of Water Resources,NA,NA,20702,22N15E22Q001M,22N15E22Q001M,Unknown,Unknown,5-012.01,Sierra Valley,Plumas,600,Stockwatering,Single Well,NA,1958-10-16 00:00:00 - 2020-04-24 12:00:00,121,fall,-2,29.9,NA,NA,1997,NA,1996-10-01T00:00:00Z,1997-10-01T00:00:00Z,-120.287,39.7403
397403N1202870W001,801676,1996-05-07T00:00:00Z,4885.77,4884.47,0,11.8,4873.97,11.8,10.5,NA,Unknown,Water level accuracy is unknown,1,Department of Water Resources,NA,1,Department of Water Resources,NA,NA,20702,22N15E22Q001M,22N15E22Q001M,Unknown,Unknown,5-012.01,Sierra Valley,Plumas,600,Stockwatering,Single Well,NA,1958-10-16 00:00:00 - 2020-04-24 12:00:00,121,spring,NA,NA,-3.8,28.3,1996,NA,1995-10-01T00:00:00Z,1996-10-01T00:00:00Z,-120.287,39.7403
397403N1202870W001,801675,1995-10-25T00:00:00Z,4885.77,4884.47,0,17.3,4868.47,17.3,16,NA,Unknown,Water level accuracy is unknown,1,Department of Water Resources,NA,1,Department of Water Resources,NA,NA,20702,22N15E22Q001M,22N15E22Q001M,Unknown,Unknown,5-012.01,Sierra Valley,Plumas,600,Stockwatering,Single Well,NA,1958-10-16 00:00:00 - 2020-04-24 12:00:00,121,fall,-2,29.9,NA,NA,1996,NA,1995-10-01T00:00:00Z,1996-10-01T00:00:00Z,-120.287,39.7403
397403N1202870W001,801674,1995-05-31T00:00:00Z,4885.77,4884.47,0,16.8,4868.97,16.8,15.5,NA,Unknown,Water level accuracy is unknown,1,Department of Water Resources,NA,1,Department of Water Resources,NA,NA,20702,22N15E22Q001M,22N15E22Q001M,Unknown,Unknown,5-012.01,Sierra Valley,Plumas,600,Stockwatering,Single Well,NA,1958-10-16 00:00:00 - 2020-04-24 12:00:00,121,spring,NA,NA,-3.8,28.3,1995,Wet,1994-10-01T00:00:00Z,1995-10-01T00:00:00Z,-120.287,39.7403
397403N1202870W001,801673,1994-10-28T00:00:00Z,4885.77,4884.47,0,19.9,4865.87,19.9,18.6,NA,Unknown,Water level accuracy is unknown,1,Department of Water Resources,NA,1,Department of Water Resources,NA,NA,20702,22N15E22Q001M,22N15E22Q001M,Unknown,Unknown,5-012.01,Sierra Valley,Plumas,600,Stockwatering,Single Well,NA,1958-10-16 00:00:00 - 2020-04-24 12:00:00,121,fall,-2,29.9,NA,NA,1995,Wet,1994-10-01T00:00:00Z,1995-10-01T00:00:00Z,-120.287,39.7403
397403N1202870W001,801672,1994-03-28T00:00:00Z,4885.77,4884.47,0,17,4868.77,17,15.7,NA,Unknown,Water level accuracy is unknown,1,Department of Water Resources,NA,1,Department of Water Resources,NA,NA,20702,22N15E22Q001M,22N15E22Q001M,Unknown,Unknown,5-012.01,Sierra Valley,Plumas,600,Stockwatering,Single Well,NA,1958-10-16 00:00:00 - 2020-04-24 12:00:00,121,spring,NA,NA,-3.8,28.3,1994,Dry,1993-10-01T00:00:00Z,1994-10-01T00:00:00Z,-120.287,39.7403
397403N1202870W001,801671,1993-10-18T00:00:00Z,4885.77,4884.47,0,18.1,4867.67,18.1,16.8,NA,Unknown,Water level accuracy is unknown,1,Department of Water Resources,NA,1,Department of Water Resources,NA,NA,20702,22N15E22Q001M,22N15E22Q001M,Unknown,Unknown,5-012.01,Sierra Valley,Plumas,600,Stockwatering,Single Well,NA,1958-10-16 00:00:00 - 2020-04-24 12:00:00,121,fall,-2,29.9,NA,NA,1994,Dry,1993-10-01T00:00:00Z,1994-10-01T00:00:00Z,-120.287,39.7403
397403N1202870W001,801670,1993-04-21T00:00:00Z,4885.77,4884.47,0,17.3,4868.47,17.3,16,NA,Unknown,Water level accuracy is unknown,1,Department of Water Resources,NA,1,Department of Water Resources,NA,NA,20702,22N15E22Q001M,22N15E22Q001M,Unknown,Unknown,5-012.01,Sierra Valley,Plumas,600,Stockwatering,Single Well,NA,1958-10-16 00:00:00 - 2020-04-24 12:00:00,121,spring,NA,NA,-3.8,28.3,1993,NA,1992-10-01T00:00:00Z,1993-10-01T00:00:00Z,-120.287,39.7403
397403N1202870W001,801669,1992-10-21T00:00:00Z,4885.77,4884.47,0,24.2,4861.57,24.2,22.9,NA,Unknown,Water level accuracy is unknown,1,Department of Water Resources,NA,1,Department of Water Resources,NA,NA,20702,22N15E22Q001M,22N15E22Q001M,Unknown,Unknown,5-012.01,Sierra Valley,Plumas,600,Stockwatering,Single Well,NA,1958-10-16 00:00:00 - 2020-04-24 12:00:00,121,fall,-2,29.9,NA,NA,1993,NA,1992-10-01T00:00:00Z,1993-10-01T00:00:00Z,-120.287,39.7403
397403N1202870W001,801668,1992-03-24T00:00:00Z,4885.77,4884.47,0,17.5,4868.27,17.5,16.2,NA,Unknown,Water level accuracy is unknown,1,Department of Water Resources,NA,1,Department of Water Resources,NA,NA,20702,22N15E22Q001M,22N15E22Q001M,Unknown,Unknown,5-012.01,Sierra Valley,Plumas,600,Stockwatering,Single Well,NA,1958-10-16 00:00:00 - 2020-04-24 12:00:00,121,spring,NA,NA,-3.8,28.3,1992,NA,1991-10-01T00:00:00Z,1992-10-01T00:00:00Z,-120.287,39.7403
397403N1202870W001,801667,1991-10-21T00:00:00Z,4885.77,4884.47,0,20.1,4865.67,20.1,18.8,NA,Unknown,Water level accuracy is unknown,1,Department of Water Resources,NA,1,Department of Water Resources,NA,NA,20702,22N15E22Q001M,22N15E22Q001M,Unknown,Unknown,5-012.01,Sierra Valley,Plumas,600,Stockwatering,Single Well,NA,1958-10-16 00:00:00 - 2020-04-24 12:00:00,121,fall,-2,29.9,NA,NA,1992,NA,1991-10-01T00:00:00Z,1992-10-01T00:00:00Z,-120.287,39.7403
397403N1202870W001,801666,1991-02-27T00:00:00Z,4885.77,4884.47,0,17.6,4868.17,17.6,16.3,Other,Unknown,Water level accuracy is unknown,1,Department of Water Resources,NA,1,Department of Water Resources,NA,NA,20702,22N15E22Q001M,22N15E22Q001M,Unknown,Unknown,5-012.01,Sierra Valley,Plumas,600,Stockwatering,Single Well,NA,1958-10-16 00:00:00 - 2020-04-24 12:00:00,121,other,NA,NA,NA,NA,1991,NA,1990-10-01T00:00:00Z,1991-10-01T00:00:00Z,-120.287,39.7403
397403N1202870W001,801665,1990-10-25T00:00:00Z,4885.77,4884.47,0,18.9,4866.87,18.9,17.6,Other,Unknown,Water level accuracy is unknown,1,Department of Water Resources,NA,1,Department of Water Resources,NA,NA,20702,22N15E22Q001M,22N15E22Q001M,Unknown,Unknown,5-012.01,Sierra Valley,Plumas,600,Stockwatering,Single Well,NA,1958-10-16 00:00:00 - 2020-04-24 12:00:00,121,fall,-2,29.9,NA,NA,1991,NA,1990-10-01T00:00:00Z,1991-10-01T00:00:00Z,-120.287,39.7403
397403N1202870W001,801664,1990-04-09T00:00:00Z,4885.77,4884.47,0,15.6,4870.17,15.6,14.3,NA,Unknown,Water level accuracy is unknown,1,Department of Water Resources,NA,1,Department of Water Resources,NA,NA,20702,22N15E22Q001M,22N15E22Q001M,Unknown,Unknown,5-012.01,Sierra Valley,Plumas,600,Stockwatering,Single Well,NA,1958-10-16 00:00:00 - 2020-04-24 12:00:00,121,spring,NA,NA,-3.8,28.3,1990,NA,1989-10-01T00:00:00Z,1990-10-01T00:00:00Z,-120.287,39.7403
397403N1202870W001,801663,1989-09-25T00:00:00Z,4885.77,4884.47,0,18,4867.77,18,16.7,NA,Unknown,Water level accuracy is unknown,1,Department of Water Resources,NA,1,Department of Water Resources,NA,NA,20702,22N15E22Q001M,22N15E22Q001M,Unknown,Unknown,5-012.01,Sierra Valley,Plumas,600,Stockwatering,Single Well,NA,1958-10-16 00:00:00 - 2020-04-24 12:00:00,121,fall,-2,29.9,NA,NA,1989,NA,1988-10-01T00:00:00Z,1989-10-01T00:00:00Z,-120.287,39.7403
397403N1202870W001,801662,1989-04-05T00:00:00Z,4885.77,4884.47,0,14.4,4871.37,14.4,13.1,NA,Unknown,Water level accuracy is unknown,1,Department of Water Resources,NA,1,Department of Water Resources,NA,NA,20702,22N15E22Q001M,22N15E22Q001M,Unknown,Unknown,5-012.01,Sierra Valley,Plumas,600,Stockwatering,Single Well,NA,1958-10-16 00:00:00 - 2020-04-24 12:00:00,121,spring,NA,NA,-3.8,28.3,1989,NA,1988-10-01T00:00:00Z,1989-10-01T00:00:00Z,-120.287,39.7403
397403N1202870W001,801661,1988-10-26T00:00:00Z,4885.77,4884.47,0,18.5,4867.27,18.5,17.2,NA,Unknown,Water level accuracy is unknown,1,Department of Water Resources,NA,1,Department of Water Resources,NA,NA,20702,22N15E22Q001M,22N15E22Q001M,Unknown,Unknown,5-012.01,Sierra Valley,Plumas,600,Stockwatering,Single Well,NA,1958-10-16 00:00:00 - 2020-04-24 12:00:00,121,fall,-2,29.9,NA,NA,1989,NA,1988-10-01T00:00:00Z,1989-10-01T00:00:00Z,-120.287,39.7403
397403N1202870W001,801660,1988-03-23T00:00:00Z,4885.77,4884.47,0,14.7,4871.07,14.7,13.4,NA,Unknown,Water level accuracy is unknown,1,Department of Water Resources,NA,1,Department of Water Resources,NA,NA,20702,22N15E22Q001M,22N15E22Q001M,Unknown,Unknown,5-012.01,Sierra Valley,Plumas,600,Stockwatering,Single Well,NA,1958-10-16 00:00:00 - 2020-04-24 12:00:00,121,spring,NA,NA,-3.8,28.3,1988,NA,1987-10-01T00:00:00Z,1988-10-01T00:00:00Z,-120.287,39.7403
397403N1202870W001,801659,1987-10-21T00:00:00Z,4885.77,4884.47,0,15.9,4869.87,15.9,14.6,NA,Unknown,Water level accuracy is unknown,1,Department of Water Resources,NA,1,Department of Water Resources,NA,NA,20702,22N15E22Q001M,22N15E22Q001M,Unknown,Unknown,5-012.01,Sierra Valley,Plumas,600,Stockwatering,Single Well,NA,1958-10-16 00:00:00 - 2020-04-24 12:00:00,121,fall,-2,29.9,NA,NA,1988,NA,1987-10-01T00:00:00Z,1988-10-01T00:00:00Z,-120.287,39.7403
397403N1202870W001,801658,1987-04-07T00:00:00Z,4885.77,4884.47,0,11.9,4873.87,11.9,10.6,NA,Unknown,Water level accuracy is unknown,1,Department of Water Resources,NA,1,Department of Water Resources,NA,NA,20702,22N15E22Q001M,22N15E22Q001M,Unknown,Unknown,5-012.01,Sierra Valley,Plumas,600,Stockwatering,Single Well,NA,1958-10-16 00:00:00 - 2020-04-24 12:00:00,121,spring,NA,NA,-3.8,28.3,1987,Dry,1986-10-01T00:00:00Z,1987-10-01T00:00:00Z,-120.287,39.7403
397403N1202870W001,801657,1986-10-01T00:00:00Z,4885.77,4884.47,0,13.6,4872.17,13.6,12.3,NA,Unknown,Water level accuracy is unknown,1,Department of Water Resources,NA,1,Department of Water Resources,NA,NA,20702,22N15E22Q001M,22N15E22Q001M,Unknown,Unknown,5-012.01,Sierra Valley,Plumas,600,Stockwatering,Single Well,NA,1958-10-16 00:00:00 - 2020-04-24 12:00:00,121,fall,-2,29.9,NA,NA,1987,Dry,1986-10-01T00:00:00Z,1987-10-01T00:00:00Z,-120.287,39.7403
397403N1202870W001,801656,1986-04-02T00:00:00Z,4885.77,4884.47,0,12.1,4873.67,12.1,10.8,NA,Unknown,Water level accuracy is unknown,1,Department of Water Resources,NA,1,Department of Water Resources,NA,NA,20702,22N15E22Q001M,22N15E22Q001M,Unknown,Unknown,5-012.01,Sierra Valley,Plumas,600,Stockwatering,Single Well,NA,1958-10-16 00:00:00 - 2020-04-24 12:00:00,121,spring,NA,NA,-3.8,28.3,1986,Wet,1985-10-01T00:00:00Z,1986-10-01T00:00:00Z,-120.287,39.7403
397403N1202870W001,801655,1985-10-05T00:00:00Z,4885.77,4884.47,0,14.8,4870.97,14.8,13.5,NA,Unknown,Water level accuracy is unknown,1,Department of Water Resources,NA,1,Department of Water Resources,NA,NA,20702,22N15E22Q001M,22N15E22Q001M,Unknown,Unknown,5-012.01,Sierra Valley,Plumas,600,Stockwatering,Single Well,NA,1958-10-16 00:00:00 - 2020-04-24 12:00:00,121,fall,-2,29.9,NA,NA,1986,Wet,1985-10-01T00:00:00Z,1986-10-01T00:00:00Z,-120.287,39.7403
397403N1202870W001,801654,1985-04-04T00:00:00Z,4885.77,4884.47,0,10.1,4875.67,10.1,8.8,NA,Unknown,Water level accuracy is unknown,1,Department of Water Resources,NA,1,Department of Water Resources,NA,NA,20702,22N15E22Q001M,22N15E22Q001M,Unknown,Unknown,5-012.01,Sierra Valley,Plumas,600,Stockwatering,Single Well,NA,1958-10-16 00:00:00 - 2020-04-24 12:00:00,121,spring,NA,NA,-3.8,28.3,1985,Dry,1984-10-01T00:00:00Z,1985-10-01T00:00:00Z,-120.287,39.7403
397403N1202870W001,801653,1984-10-02T00:00:00Z,4885.77,4884.47,0,11.5,4874.27,11.5,10.2,NA,Unknown,Water level accuracy is unknown,1,Department of Water Resources,NA,1,Department of Water Resources,NA,NA,20702,22N15E22Q001M,22N15E22Q001M,Unknown,Unknown,5-012.01,Sierra Valley,Plumas,600,Stockwatering,Single Well,NA,1958-10-16 00:00:00 - 2020-04-24 12:00:00,121,fall,-2,29.9,NA,NA,1985,Dry,1984-10-01T00:00:00Z,1985-10-01T00:00:00Z,-120.287,39.7403
397403N1202870W001,801652,1984-03-16T00:00:00Z,4885.77,4884.47,0,9.2,4876.57,9.2,7.9,NA,Unknown,Water level accuracy is unknown,1,Department of Water Resources,NA,1,Department of Water Resources,NA,NA,20702,22N15E22Q001M,22N15E22Q001M,Unknown,Unknown,5-012.01,Sierra Valley,Plumas,600,Stockwatering,Single Well,NA,1958-10-16 00:00:00 - 2020-04-24 12:00:00,121,spring,NA,NA,-3.8,28.3,1984,NA,1983-10-01T00:00:00Z,1984-10-01T00:00:00Z,-120.287,39.7403
397403N1202870W001,801651,1983-09-27T00:00:00Z,4885.77,4884.47,0,10.4,4875.37,10.4,9.1,NA,Unknown,Water level accuracy is unknown,1,Department of Water Resources,NA,1,Department of Water Resources,NA,NA,20702,22N15E22Q001M,22N15E22Q001M,Unknown,Unknown,5-012.01,Sierra Valley,Plumas,600,Stockwatering,Single Well,NA,1958-10-16 00:00:00 - 2020-04-24 12:00:00,121,fall,-2,29.9,NA,NA,1983,NA,1982-10-01T00:00:00Z,1983-10-01T00:00:00Z,-120.287,39.7403
397403N1202870W001,801650,1983-04-06T00:00:00Z,4885.77,4884.47,0,9.8,4875.97,9.8,8.5,NA,Unknown,Water level accuracy is unknown,1,Department of Water Resources,NA,1,Department of Water Resources,NA,NA,20702,22N15E22Q001M,22N15E22Q001M,Unknown,Unknown,5-012.01,Sierra Valley,Plumas,600,Stockwatering,Single Well,NA,1958-10-16 00:00:00 - 2020-04-24 12:00:00,121,spring,NA,NA,-3.8,28.3,1983,NA,1982-10-01T00:00:00Z,1983-10-01T00:00:00Z,-120.287,39.7403
397403N1202870W001,801649,1982-10-07T00:00:00Z,4885.77,4884.47,0,11.8,4873.97,11.8,10.5,NA,Unknown,Water level accuracy is unknown,1,Department of Water Resources,NA,1,Department of Water Resources,NA,NA,20702,22N15E22Q001M,22N15E22Q001M,Unknown,Unknown,5-012.01,Sierra Valley,Plumas,600,Stockwatering,Single Well,NA,1958-10-16 00:00:00 - 2020-04-24 12:00:00,121,fall,-2,29.9,NA,NA,1983,NA,1982-10-01T00:00:00Z,1983-10-01T00:00:00Z,-120.287,39.7403
397403N1202870W001,801648,1982-04-28T00:00:00Z,4885.77,4884.47,0,8.9,4876.87,8.9,7.6,NA,Unknown,Water level accuracy is unknown,1,Department of Water Resources,NA,1,Department of Water Resources,NA,NA,20702,22N15E22Q001M,22N15E22Q001M,Unknown,Unknown,5-012.01,Sierra Valley,Plumas,600,Stockwatering,Single Well,NA,1958-10-16 00:00:00 - 2020-04-24 12:00:00,121,spring,NA,NA,-3.8,28.3,1982,Wet,1981-10-01T00:00:00Z,1982-10-01T00:00:00Z,-120.287,39.7403
397403N1202870W001,801647,1981-10-07T00:00:00Z,4885.77,4884.47,0,10,4875.77,10,8.7,NA,Unknown,Water level accuracy is unknown,1,Department of Water Resources,NA,1,Department of Water Resources,NA,NA,20702,22N15E22Q001M,22N15E22Q001M,Unknown,Unknown,5-012.01,Sierra Valley,Plumas,600,Stockwatering,Single Well,NA,1958-10-16 00:00:00 - 2020-04-24 12:00:00,121,fall,-2,29.9,NA,NA,1982,Wet,1981-10-01T00:00:00Z,1982-10-01T00:00:00Z,-120.287,39.7403
397403N1202870W001,801646,1981-09-16T00:00:00Z,4885.77,4884.47,0,10.5,4875.27,10.5,9.2,NA,Unknown,Water level accuracy is unknown,1,Department of Water Resources,NA,1,Department of Water Resources,NA,NA,20702,22N15E22Q001M,22N15E22Q001M,Unknown,Unknown,5-012.01,Sierra Valley,Plumas,600,Stockwatering,Single Well,NA,1958-10-16 00:00:00 - 2020-04-24 12:00:00,121,fall,-2,29.9,NA,NA,1981,Dry,1980-10-01T00:00:00Z,1981-10-01T00:00:00Z,-120.287,39.7403
397403N1202870W001,801645,1981-08-27T00:00:00Z,4885.77,4884.47,0,9.5,4876.27,9.5,8.2,NA,Unknown,Water level accuracy is unknown,1,Department of Water Resources,NA,1,Department of Water Resources,NA,NA,20702,22N15E22Q001M,22N15E22Q001M,Unknown,Unknown,5-012.01,Sierra Valley,Plumas,600,Stockwatering,Single Well,NA,1958-10-16 00:00:00 - 2020-04-24 12:00:00,121,fall,-2,29.9,NA,NA,1981,Dry,1980-10-01T00:00:00Z,1981-10-01T00:00:00Z,-120.287,39.7403
397403N1202870W001,801643,1981-04-16T00:00:00Z,4885.77,4884.47,0,6.8,4878.97,6.8,5.5,NA,Unknown,Water level accuracy is unknown,1,Department of Water Resources,NA,1,Department of Water Resources,NA,NA,20702,22N15E22Q001M,22N15E22Q001M,Unknown,Unknown,5-012.01,Sierra Valley,Plumas,600,Stockwatering,Single Well,NA,1958-10-16 00:00:00 - 2020-04-24 12:00:00,121,spring,NA,NA,-3.8,28.3,1981,Dry,1980-10-01T00:00:00Z,1981-10-01T00:00:00Z,-120.287,39.7403
397403N1202870W001,801642,1980-10-17T00:00:00Z,4885.77,4884.47,0,8.4,4877.37,8.4,7.1,NA,Unknown,Water level accuracy is unknown,1,Department of Water Resources,NA,1,Department of Water Resources,NA,NA,20702,22N15E22Q001M,22N15E22Q001M,Unknown,Unknown,5-012.01,Sierra Valley,Plumas,600,Stockwatering,Single Well,NA,1958-10-16 00:00:00 - 2020-04-24 12:00:00,121,fall,-2,29.9,NA,NA,1981,Dry,1980-10-01T00:00:00Z,1981-10-01T00:00:00Z,-120.287,39.7403
397403N1202870W001,801641,1980-08-28T00:00:00Z,4885.77,4884.47,0,8.5,4877.27,8.5,7.2,NA,Unknown,Water level accuracy is unknown,1,Department of Water Resources,NA,1,Department of Water Resources,NA,NA,20702,22N15E22Q001M,22N15E22Q001M,Unknown,Unknown,5-012.01,Sierra Valley,Plumas,600,Stockwatering,Single Well,NA,1958-10-16 00:00:00 - 2020-04-24 12:00:00,121,fall,-2,29.9,NA,NA,1980,NA,1979-10-01T00:00:00Z,1980-10-01T00:00:00Z,-120.287,39.7403
397403N1202870W001,801640,1980-04-24T00:00:00Z,4885.77,4884.47,0,8.2,4877.57,8.2,6.9,NA,Unknown,Water level accuracy is unknown,1,Department of Water Resources,NA,1,Department of Water Resources,NA,NA,20702,22N15E22Q001M,22N15E22Q001M,Unknown,Unknown,5-012.01,Sierra Valley,Plumas,600,Stockwatering,Single Well,NA,1958-10-16 00:00:00 - 2020-04-24 12:00:00,121,spring,NA,NA,-3.8,28.3,1980,NA,1979-10-01T00:00:00Z,1980-10-01T00:00:00Z,-120.287,39.7403
397403N1202870W001,801639,1978-10-18T00:00:00Z,4885.77,4884.47,0,9,4876.77,9,7.7,NA,Unknown,Water level accuracy is unknown,1,Department of Water Resources,NA,1,Department of Water Resources,NA,NA,20702,22N15E22Q001M,22N15E22Q001M,Unknown,Unknown,5-012.01,Sierra Valley,Plumas,600,Stockwatering,Single Well,NA,1958-10-16 00:00:00 - 2020-04-24 12:00:00,121,fall,-2,29.9,NA,NA,1979,NA,1978-10-01T00:00:00Z,1979-10-01T00:00:00Z,-120.287,39.7403
397403N1202870W001,801638,1978-05-18T00:00:00Z,4885.77,4884.47,0,8.1,4877.67,8.1,6.8,NA,Unknown,Water level accuracy is unknown,1,Department of Water Resources,NA,1,Department of Water Resources,NA,NA,20702,22N15E22Q001M,22N15E22Q001M,Unknown,Unknown,5-012.01,Sierra Valley,Plumas,600,Stockwatering,Single Well,NA,1958-10-16 00:00:00 - 2020-04-24 12:00:00,121,spring,NA,NA,-3.8,28.3,1978,NA,1977-10-01T00:00:00Z,1978-10-01T00:00:00Z,-120.287,39.7403
397403N1202870W001,801637,1977-10-11T00:00:00Z,4885.77,4884.47,0,9.8,4875.97,9.8,8.5,NA,Unknown,Water level accuracy is unknown,1,Department of Water Resources,NA,1,Department of Water Resources,NA,NA,20702,22N15E22Q001M,22N15E22Q001M,Unknown,Unknown,5-012.01,Sierra Valley,Plumas,600,Stockwatering,Single Well,NA,1958-10-16 00:00:00 - 2020-04-24 12:00:00,121,fall,-2,29.9,NA,NA,1978,NA,1977-10-01T00:00:00Z,1978-10-01T00:00:00Z,-120.287,39.7403
397403N1202870W001,801636,1977-04-21T00:00:00Z,4885.77,4884.47,0,8.4,4877.37,8.4,7.1,NA,Unknown,Water level accuracy is unknown,1,Department of Water Resources,NA,1,Department of Water Resources,NA,NA,20702,22N15E22Q001M,22N15E22Q001M,Unknown,Unknown,5-012.01,Sierra Valley,Plumas,600,Stockwatering,Single Well,NA,1958-10-16 00:00:00 - 2020-04-24 12:00:00,121,spring,NA,NA,-3.8,28.3,1977,NA,1976-10-01T00:00:00Z,1977-10-01T00:00:00Z,-120.287,39.7403
397403N1202870W001,801635,1976-11-04T00:00:00Z,4885.77,4884.47,0,9.6,4876.17,9.6,8.3,NA,Unknown,Water level accuracy is unknown,1,Department of Water Resources,NA,1,Department of Water Resources,NA,NA,20702,22N15E22Q001M,22N15E22Q001M,Unknown,Unknown,5-012.01,Sierra Valley,Plumas,600,Stockwatering,Single Well,NA,1958-10-16 00:00:00 - 2020-04-24 12:00:00,121,fall,-2,29.9,NA,NA,1977,NA,1976-10-01T00:00:00Z,1977-10-01T00:00:00Z,-120.287,39.7403
397403N1202870W001,801634,1976-04-22T00:00:00Z,4885.77,4884.47,0,8.2,4877.57,8.2,6.9,NA,Unknown,Water level accuracy is unknown,1,Department of Water Resources,NA,1,Department of Water Resources,NA,NA,20702,22N15E22Q001M,22N15E22Q001M,Unknown,Unknown,5-012.01,Sierra Valley,Plumas,600,Stockwatering,Single Well,NA,1958-10-16 00:00:00 - 2020-04-24 12:00:00,121,spring,NA,NA,-3.8,28.3,1976,Dry,1975-10-01T00:00:00Z,1976-10-01T00:00:00Z,-120.287,39.7403
397403N1202870W001,801633,1975-10-02T00:00:00Z,4885.77,4884.47,0,9.9,4875.87,9.9,8.6,NA,Unknown,Water level accuracy is unknown,1,Department of Water Resources,NA,1,Department of Water Resources,NA,NA,20702,22N15E22Q001M,22N15E22Q001M,Unknown,Unknown,5-012.01,Sierra Valley,Plumas,600,Stockwatering,Single Well,NA,1958-10-16 00:00:00 - 2020-04-24 12:00:00,121,fall,-2,29.9,NA,NA,1976,Dry,1975-10-01T00:00:00Z,1976-10-01T00:00:00Z,-120.287,39.7403
397403N1202870W001,801632,1975-05-08T00:00:00Z,4885.77,4884.47,0,7.8,4877.97,7.8,6.5,NA,Unknown,Water level accuracy is unknown,1,Department of Water Resources,NA,1,Department of Water Resources,NA,NA,20702,22N15E22Q001M,22N15E22Q001M,Unknown,Unknown,5-012.01,Sierra Valley,Plumas,600,Stockwatering,Single Well,NA,1958-10-16 00:00:00 - 2020-04-24 12:00:00,121,spring,NA,NA,-3.8,28.3,1975,NA,1974-10-01T00:00:00Z,1975-10-01T00:00:00Z,-120.287,39.7403
397403N1202870W001,801631,1974-10-10T00:00:00Z,4885.77,4884.47,0,11.7,4874.07,11.7,10.4,NA,Unknown,Water level accuracy is unknown,1,Department of Water Resources,NA,1,Department of Water Resources,NA,NA,20702,22N15E22Q001M,22N15E22Q001M,Unknown,Unknown,5-012.01,Sierra Valley,Plumas,600,Stockwatering,Single Well,NA,1958-10-16 00:00:00 - 2020-04-24 12:00:00,121,fall,-2,29.9,NA,NA,1975,NA,1974-10-01T00:00:00Z,1975-10-01T00:00:00Z,-120.287,39.7403
397403N1202870W001,801630,1974-05-03T00:00:00Z,4885.77,4884.47,0,6.7,4879.07,6.7,5.4,NA,Unknown,Water level accuracy is unknown,1,Department of Water Resources,NA,1,Department of Water Resources,NA,NA,20702,22N15E22Q001M,22N15E22Q001M,Unknown,Unknown,5-012.01,Sierra Valley,Plumas,600,Stockwatering,Single Well,NA,1958-10-16 00:00:00 - 2020-04-24 12:00:00,121,spring,NA,NA,-3.8,28.3,1974,Wet,1973-10-01T00:00:00Z,1974-10-01T00:00:00Z,-120.287,39.7403
397403N1202870W001,801629,1973-10-03T00:00:00Z,4885.77,4884.47,0,10.7,4875.07,10.7,9.4,NA,Unknown,Water level accuracy is unknown,1,Department of Water Resources,NA,1,Department of Water Resources,NA,NA,20702,22N15E22Q001M,22N15E22Q001M,Unknown,Unknown,5-012.01,Sierra Valley,Plumas,600,Stockwatering,Single Well,NA,1958-10-16 00:00:00 - 2020-04-24 12:00:00,121,fall,-2,29.9,NA,NA,1974,Wet,1973-10-01T00:00:00Z,1974-10-01T00:00:00Z,-120.287,39.7403
397403N1202870W001,801628,1973-04-13T00:00:00Z,4885.77,4884.47,0,5.5,4880.27,5.5,4.2,NA,Unknown,Water level accuracy is unknown,1,Department of Water Resources,NA,1,Department of Water Resources,NA,NA,20702,22N15E22Q001M,22N15E22Q001M,Unknown,Unknown,5-012.01,Sierra Valley,Plumas,600,Stockwatering,Single Well,NA,1958-10-16 00:00:00 - 2020-04-24 12:00:00,121,spring,NA,NA,-3.8,28.3,1973,NA,1972-10-01T00:00:00Z,1973-10-01T00:00:00Z,-120.287,39.7403
397403N1202870W001,801627,1972-10-04T00:00:00Z,4885.77,4884.47,0,8,4877.77,8,6.7,NA,Unknown,Water level accuracy is unknown,1,Department of Water Resources,NA,1,Department of Water Resources,NA,NA,20702,22N15E22Q001M,22N15E22Q001M,Unknown,Unknown,5-012.01,Sierra Valley,Plumas,600,Stockwatering,Single Well,NA,1958-10-16 00:00:00 - 2020-04-24 12:00:00,121,fall,-2,29.9,NA,NA,1973,NA,1972-10-01T00:00:00Z,1973-10-01T00:00:00Z,-120.287,39.7403
397403N1202870W001,801626,1972-04-27T00:00:00Z,4885.77,4884.47,0,4.2,4881.57,4.2,2.9,NA,Unknown,Water level accuracy is unknown,1,Department of Water Resources,NA,1,Department of Water Resources,NA,NA,20702,22N15E22Q001M,22N15E22Q001M,Unknown,Unknown,5-012.01,Sierra Valley,Plumas,600,Stockwatering,Single Well,NA,1958-10-16 00:00:00 - 2020-04-24 12:00:00,121,spring,NA,NA,-3.8,28.3,1972,NA,1971-10-01T00:00:00Z,1972-10-01T00:00:00Z,-120.287,39.7403
397403N1202870W001,801625,1971-10-07T00:00:00Z,4885.77,4884.47,0,6.3,4879.47,6.3,5,NA,Unknown,Water level accuracy is unknown,1,Department of Water Resources,NA,1,Department of Water Resources,NA,NA,20702,22N15E22Q001M,22N15E22Q001M,Unknown,Unknown,5-012.01,Sierra Valley,Plumas,600,Stockwatering,Single Well,NA,1958-10-16 00:00:00 - 2020-04-24 12:00:00,121,fall,-2,29.9,NA,NA,1972,NA,1971-10-01T00:00:00Z,1972-10-01T00:00:00Z,-120.287,39.7403
397403N1202870W001,801624,1971-05-06T00:00:00Z,4885.77,4884.47,0,4.7,4881.07,4.7,3.4,NA,Unknown,Water level accuracy is unknown,1,Department of Water Resources,NA,1,Department of Water Resources,NA,NA,20702,22N15E22Q001M,22N15E22Q001M,Unknown,Unknown,5-012.01,Sierra Valley,Plumas,600,Stockwatering,Single Well,NA,1958-10-16 00:00:00 - 2020-04-24 12:00:00,121,spring,NA,NA,-3.8,28.3,1971,NA,1970-10-01T00:00:00Z,1971-10-01T00:00:00Z,-120.287,39.7403
397403N1202870W001,801623,1970-10-14T00:00:00Z,4885.77,4884.47,0,8.7,4877.07,8.7,7.4,NA,Unknown,Water level accuracy is unknown,1,Department of Water Resources,NA,1,Department of Water Resources,NA,NA,20702,22N15E22Q001M,22N15E22Q001M,Unknown,Unknown,5-012.01,Sierra Valley,Plumas,600,Stockwatering,Single Well,NA,1958-10-16 00:00:00 - 2020-04-24 12:00:00,121,fall,-2,29.9,NA,NA,1971,NA,1970-10-01T00:00:00Z,1971-10-01T00:00:00Z,-120.287,39.7403
397403N1202870W001,801622,1970-05-06T00:00:00Z,4885.77,4884.47,0,4,4881.77,4,2.7,NA,Unknown,Water level accuracy is unknown,1,Department of Water Resources,NA,1,Department of Water Resources,NA,NA,20702,22N15E22Q001M,22N15E22Q001M,Unknown,Unknown,5-012.01,Sierra Valley,Plumas,600,Stockwatering,Single Well,NA,1958-10-16 00:00:00 - 2020-04-24 12:00:00,121,spring,NA,NA,-3.8,28.3,1970,NA,1969-10-01T00:00:00Z,1970-10-01T00:00:00Z,-120.287,39.7403
397403N1202870W001,801621,1969-10-23T00:00:00Z,4885.77,4884.47,0,6.5,4879.27,6.5,5.2,NA,Unknown,Water level accuracy is unknown,1,Department of Water Resources,NA,1,Department of Water Resources,NA,NA,20702,22N15E22Q001M,22N15E22Q001M,Unknown,Unknown,5-012.01,Sierra Valley,Plumas,600,Stockwatering,Single Well,NA,1958-10-16 00:00:00 - 2020-04-24 12:00:00,121,fall,-2,29.9,NA,NA,1970,NA,1969-10-01T00:00:00Z,1970-10-01T00:00:00Z,-120.287,39.7403
397403N1202870W001,801620,1969-05-01T00:00:00Z,4885.77,4884.47,0,4.1,4881.67,4.1,2.8,NA,Unknown,Water level accuracy is unknown,1,Department of Water Resources,NA,1,Department of Water Resources,NA,NA,20702,22N15E22Q001M,22N15E22Q001M,Unknown,Unknown,5-012.01,Sierra Valley,Plumas,600,Stockwatering,Single Well,NA,1958-10-16 00:00:00 - 2020-04-24 12:00:00,121,spring,NA,NA,-3.8,28.3,1969,Wet,1968-10-01T00:00:00Z,1969-10-01T00:00:00Z,-120.287,39.7403
397403N1202870W001,801619,1968-10-17T00:00:00Z,4885.77,4884.47,0,8.2,4877.57,8.2,6.9,NA,Unknown,Water level accuracy is unknown,1,Department of Water Resources,NA,1,Department of Water Resources,NA,NA,20702,22N15E22Q001M,22N15E22Q001M,Unknown,Unknown,5-012.01,Sierra Valley,Plumas,600,Stockwatering,Single Well,NA,1958-10-16 00:00:00 - 2020-04-24 12:00:00,121,fall,-2,29.9,NA,NA,1969,Wet,1968-10-01T00:00:00Z,1969-10-01T00:00:00Z,-120.287,39.7403
397403N1202870W001,801618,1968-04-23T00:00:00Z,4885.77,4884.47,0,3.1,4882.67,3.1,1.8,NA,Unknown,Water level accuracy is unknown,1,Department of Water Resources,NA,1,Department of Water Resources,NA,NA,20702,22N15E22Q001M,22N15E22Q001M,Unknown,Unknown,5-012.01,Sierra Valley,Plumas,600,Stockwatering,Single Well,NA,1958-10-16 00:00:00 - 2020-04-24 12:00:00,121,spring,NA,NA,-3.8,28.3,1968,NA,1967-10-01T00:00:00Z,1968-10-01T00:00:00Z,-120.287,39.7403
397403N1202870W001,801617,1967-10-06T00:00:00Z,4885.77,4884.47,0,6.2,4879.57,6.2,4.9,NA,Unknown,Water level accuracy is unknown,1,Department of Water Resources,NA,1,Department of Water Resources,NA,NA,20702,22N15E22Q001M,22N15E22Q001M,Unknown,Unknown,5-012.01,Sierra Valley,Plumas,600,Stockwatering,Single Well,NA,1958-10-16 00:00:00 - 2020-04-24 12:00:00,121,fall,-2,29.9,NA,NA,1968,NA,1967-10-01T00:00:00Z,1968-10-01T00:00:00Z,-120.287,39.7403
397403N1202870W001,801615,1966-10-19T00:00:00Z,4885.77,4884.47,0,7.5,4878.27,7.5,6.2,NA,Unknown,Water level accuracy is unknown,1,Department of Water Resources,NA,1,Department of Water Resources,NA,NA,20702,22N15E22Q001M,22N15E22Q001M,Unknown,Unknown,5-012.01,Sierra Valley,Plumas,600,Stockwatering,Single Well,NA,1958-10-16 00:00:00 - 2020-04-24 12:00:00,121,fall,-2,29.9,NA,NA,1967,Wet,1966-10-01T00:00:00Z,1967-10-01T00:00:00Z,-120.287,39.7403
397403N1202870W001,801614,1966-04-27T00:00:00Z,4885.77,4884.47,0,1.2,4884.57,1.2,-0.1,NA,Unknown,Water level accuracy is unknown,1,Department of Water Resources,NA,1,Department of Water Resources,NA,NA,20702,22N15E22Q001M,22N15E22Q001M,Unknown,Unknown,5-012.01,Sierra Valley,Plumas,600,Stockwatering,Single Well,NA,1958-10-16 00:00:00 - 2020-04-24 12:00:00,121,spring,NA,NA,-3.8,28.3,1966,NA,1965-10-01T00:00:00Z,1966-10-01T00:00:00Z,-120.287,39.7403
397403N1202870W001,801613,1965-04-14T00:00:00Z,4885.77,4884.47,0,-0.4,4886.17,-0.4,-1.7,NA,Unknown,Water level accuracy is unknown,1,Department of Water Resources,NA,1,Department of Water Resources,NA,NA,20702,22N15E22Q001M,22N15E22Q001M,Unknown,Unknown,5-012.01,Sierra Valley,Plumas,600,Stockwatering,Single Well,NA,1958-10-16 00:00:00 - 2020-04-24 12:00:00,121,spring,NA,NA,-3.8,28.3,1965,Wet,1964-10-01T00:00:00Z,1965-10-01T00:00:00Z,-120.287,39.7403
397403N1202870W001,801612,1964-10-14T00:00:00Z,4885.77,4884.47,0,1.4,4884.37,1.4,0.1,NA,Unknown,Water level accuracy is unknown,1,Department of Water Resources,NA,1,Department of Water Resources,NA,NA,20702,22N15E22Q001M,22N15E22Q001M,Unknown,Unknown,5-012.01,Sierra Valley,Plumas,600,Stockwatering,Single Well,NA,1958-10-16 00:00:00 - 2020-04-24 12:00:00,121,fall,-2,29.9,NA,NA,1965,Wet,1964-10-01T00:00:00Z,1965-10-01T00:00:00Z,-120.287,39.7403
397403N1202870W001,801611,1963-10-10T00:00:00Z,4885.77,4884.47,0,-0.7,4886.47,-0.7,-2,NA,Unknown,Water level accuracy is unknown,1,Department of Water Resources,NA,1,Department of Water Resources,NA,NA,20702,22N15E22Q001M,22N15E22Q001M,Unknown,Unknown,5-012.01,Sierra Valley,Plumas,600,Stockwatering,Single Well,NA,1958-10-16 00:00:00 - 2020-04-24 12:00:00,121,fall,-2,29.9,NA,NA,1964,Dry,1963-10-01T00:00:00Z,1964-10-01T00:00:00Z,-120.287,39.7403
397403N1202870W001,801607,1960-04-11T00:00:00Z,4885.77,4884.47,0,-2.5,4888.27,-2.5,-3.8,NA,Unknown,Water level accuracy is unknown,1,Department of Water Resources,NA,1,Department of Water Resources,NA,NA,20702,22N15E22Q001M,22N15E22Q001M,Unknown,Unknown,5-012.01,Sierra Valley,Plumas,600,Stockwatering,Single Well,NA,1958-10-16 00:00:00 - 2020-04-24 12:00:00,121,spring,NA,NA,-3.8,28.3,1960,Dry,1959-10-01T00:00:00Z,1960-10-01T00:00:00Z,-120.287,39.7403
