SITE_CODE,WLM_ID,MSMT_DATE,WLM_RPE,WLM_GSE,RDNG_WS,RDNG_RP,WSE,RPE_WSE,GSE_WSE,WLM_QA_DESC,WLM_DESC,WLM_ACC_DESC,WLM_ORG_ID,WLM_ORG_NAME,MSMT_CMT,COOP_AGENCY_ORG_ID,COOP_ORG_NAME,TOP_PRF,BOT_PRF,STN_ID,SWN,WELL_NAME,WLM_METHOD,WLM_ACC,BASIN_CODE,BASIN_NAME,COUNTY_NAME,WELL_DEPTH,WELL_USE,WELL_TYPE,WCR_NO,t_range,n_samples,season,fall_high,fall_low,spring_high,spring_low,water_year,water_year_type,water_year_start,water_year_end,X,Y
397417N1202377W001,802394,2003-10-29T00:00:00Z,4898.29,4896.69,0,22.5,4875.79,22.5,20.9,NA,Unknown,Water level accuracy is unknown,1,Department of Water Resources,NA,1,Department of Water Resources,NA,NA,36146,22N16E19M001M,NA,Unknown,Unknown,5-012.01,Sierra Valley,Plumas,256,Irrigation,Unknown,YES,1958-10-12 - 2009-04-13,66,fall,9.5,48.4,NA,NA,2004,NA,2003-10-01T00:00:00Z,2004-10-01T00:00:00Z,-120.238,39.7417
397417N1202377W001,802391,2002-03-27T00:00:00Z,4898.29,4896.69,0,11.8,4886.49,11.8,10.2,NA,Unknown,Water level accuracy is unknown,1,Department of Water Resources,NA,1,Department of Water Resources,NA,NA,36146,22N16E19M001M,NA,Unknown,Unknown,5-012.01,Sierra Valley,Plumas,256,Irrigation,Unknown,YES,1958-10-12 - 2009-04-13,66,spring,NA,NA,-1,27.8,2002,NA,2001-10-01T00:00:00Z,2002-10-01T00:00:00Z,-120.238,39.7417
397417N1202377W001,802390,2002-03-26T00:00:00Z,4898.29,4896.69,0,11.8,4886.49,11.8,10.2,NA,Unknown,Water level accuracy is unknown,1,Department of Water Resources,NA,1,Department of Water Resources,NA,NA,36146,22N16E19M001M,NA,Unknown,Unknown,5-012.01,Sierra Valley,Plumas,256,Irrigation,Unknown,YES,1958-10-12 - 2009-04-13,66,spring,NA,NA,-1,27.8,2002,NA,2001-10-01T00:00:00Z,2002-10-01T00:00:00Z,-120.238,39.7417
397417N1202377W001,802389,2001-10-18T00:00:00Z,4898.29,4896.69,0,21.4,4876.89,21.4,19.8,NA,Unknown,Water level accuracy is unknown,1,Department of Water Resources,NA,1,Department of Water Resources,NA,NA,36146,22N16E19M001M,NA,Unknown,Unknown,5-012.01,Sierra Valley,Plumas,256,Irrigation,Unknown,YES,1958-10-12 - 2009-04-13,66,fall,9.5,48.4,NA,NA,2002,NA,2001-10-01T00:00:00Z,2002-10-01T00:00:00Z,-120.238,39.7417
397417N1202377W001,802388,2001-03-27T00:00:00Z,4898.29,4896.69,0,6.6,4891.69,6.6,5,NA,Unknown,Water level accuracy is unknown,1,Department of Water Resources,NA,1,Department of Water Resources,NA,NA,36146,22N16E19M001M,NA,Unknown,Unknown,5-012.01,Sierra Valley,Plumas,256,Irrigation,Unknown,YES,1958-10-12 - 2009-04-13,66,spring,NA,NA,-1,27.8,2001,Dry,2000-10-01T00:00:00Z,2001-10-01T00:00:00Z,-120.238,39.7417
397417N1202377W001,802387,2000-10-19T00:00:00Z,4898.29,4896.69,0,15.5,4882.79,15.5,13.9,NA,Unknown,Water level accuracy is unknown,1,Department of Water Resources,NA,1,Department of Water Resources,NA,NA,36146,22N16E19M001M,NA,Unknown,Unknown,5-012.01,Sierra Valley,Plumas,256,Irrigation,Unknown,YES,1958-10-12 - 2009-04-13,66,fall,9.5,48.4,NA,NA,2001,Dry,2000-10-01T00:00:00Z,2001-10-01T00:00:00Z,-120.238,39.7417
397417N1202377W001,802386,2000-03-26T00:00:00Z,4898.29,4896.69,0,2.9,4895.39,2.9,1.3,NA,Unknown,Water level accuracy is unknown,1,Department of Water Resources,NA,1,Department of Water Resources,NA,NA,36146,22N16E19M001M,NA,Unknown,Unknown,5-012.01,Sierra Valley,Plumas,256,Irrigation,Unknown,YES,1958-10-12 - 2009-04-13,66,spring,NA,NA,-1,27.8,2000,NA,1999-10-01T00:00:00Z,2000-10-01T00:00:00Z,-120.238,39.7417
397417N1202377W001,802384,1999-10-13T00:00:00Z,4898.29,4896.69,0,11.5,4886.79,11.5,9.9,NA,Unknown,Water level accuracy is unknown,1,Department of Water Resources,NA,1,Department of Water Resources,NA,NA,36146,22N16E19M001M,NA,Unknown,Unknown,5-012.01,Sierra Valley,Plumas,256,Irrigation,Unknown,YES,1958-10-12 - 2009-04-13,66,fall,9.5,48.4,NA,NA,2000,NA,1999-10-01T00:00:00Z,2000-10-01T00:00:00Z,-120.238,39.7417
397417N1202377W001,802385,1999-04-14T00:00:00Z,4898.29,4896.69,0,3.2,4895.09,3.2,1.6,NA,Unknown,Water level accuracy is unknown,1,Department of Water Resources,NA,1,Department of Water Resources,NA,NA,36146,22N16E19M001M,NA,Unknown,Unknown,5-012.01,Sierra Valley,Plumas,256,Irrigation,Unknown,YES,1958-10-12 - 2009-04-13,66,spring,NA,NA,-1,27.8,1999,NA,1998-10-01T00:00:00Z,1999-10-01T00:00:00Z,-120.238,39.7417
397417N1202377W001,802382,1998-10-14T00:00:00Z,4898.29,4896.69,0,11.1,4887.19,11.1,9.5,NA,Unknown,Water level accuracy is unknown,1,Department of Water Resources,NA,1,Department of Water Resources,NA,NA,36146,22N16E19M001M,NA,Unknown,Unknown,5-012.01,Sierra Valley,Plumas,256,Irrigation,Unknown,YES,1958-10-12 - 2009-04-13,66,fall,9.5,48.4,NA,NA,1999,NA,1998-10-01T00:00:00Z,1999-10-01T00:00:00Z,-120.238,39.7417
397417N1202377W001,802383,1998-05-15T00:00:00Z,4898.29,4896.69,0,6.3,4891.99,6.3,4.7,NA,Unknown,Water level accuracy is unknown,1,Department of Water Resources,NA,1,Department of Water Resources,NA,NA,36146,22N16E19M001M,NA,Unknown,Unknown,5-012.01,Sierra Valley,Plumas,256,Irrigation,Unknown,YES,1958-10-12 - 2009-04-13,66,spring,NA,NA,-1,27.8,1998,NA,1997-10-01T00:00:00Z,1998-10-01T00:00:00Z,-120.238,39.7417
397417N1202377W001,802381,1997-10-17T00:00:00Z,4898.29,4896.69,0,15.5,4882.79,15.5,13.9,NA,Unknown,Water level accuracy is unknown,1,Department of Water Resources,NA,1,Department of Water Resources,NA,NA,36146,22N16E19M001M,NA,Unknown,Unknown,5-012.01,Sierra Valley,Plumas,256,Irrigation,Unknown,YES,1958-10-12 - 2009-04-13,66,fall,9.5,48.4,NA,NA,1998,NA,1997-10-01T00:00:00Z,1998-10-01T00:00:00Z,-120.238,39.7417
397417N1202377W001,802379,1997-04-04T00:00:00Z,4898.29,4896.69,0,9.4,4888.89,9.4,7.8,NA,Unknown,Water level accuracy is unknown,1,Department of Water Resources,NA,1,Department of Water Resources,NA,NA,36146,22N16E19M001M,NA,Unknown,Unknown,5-012.01,Sierra Valley,Plumas,256,Irrigation,Unknown,YES,1958-10-12 - 2009-04-13,66,spring,NA,NA,-1,27.8,1997,NA,1996-10-01T00:00:00Z,1997-10-01T00:00:00Z,-120.238,39.7417
397417N1202377W001,802380,1996-10-30T00:00:00Z,4898.29,4896.69,0,18,4880.29,18,16.4,NA,Unknown,Water level accuracy is unknown,1,Department of Water Resources,NA,1,Department of Water Resources,NA,NA,36146,22N16E19M001M,NA,Unknown,Unknown,5-012.01,Sierra Valley,Plumas,256,Irrigation,Unknown,YES,1958-10-12 - 2009-04-13,66,fall,9.5,48.4,NA,NA,1997,NA,1996-10-01T00:00:00Z,1997-10-01T00:00:00Z,-120.238,39.7417
397417N1202377W001,802378,1996-05-07T00:00:00Z,4898.29,4896.69,0,13.7,4884.59,13.7,12.1,NA,Unknown,Water level accuracy is unknown,1,Department of Water Resources,NA,1,Department of Water Resources,NA,NA,36146,22N16E19M001M,NA,Unknown,Unknown,5-012.01,Sierra Valley,Plumas,256,Irrigation,Unknown,YES,1958-10-12 - 2009-04-13,66,spring,NA,NA,-1,27.8,1996,NA,1995-10-01T00:00:00Z,1996-10-01T00:00:00Z,-120.238,39.7417
397417N1202377W001,802377,1995-10-25T00:00:00Z,4898.29,4896.69,0,25.1,4873.19,25.1,23.5,Oil or foreign substance in casing,Unknown,Water level accuracy is unknown,1,Department of Water Resources,NA,1,Department of Water Resources,NA,NA,36146,22N16E19M001M,NA,Unknown,Unknown,5-012.01,Sierra Valley,Plumas,256,Irrigation,Unknown,YES,1958-10-12 - 2009-04-13,66,fall,9.5,48.4,NA,NA,1996,NA,1995-10-01T00:00:00Z,1996-10-01T00:00:00Z,-120.238,39.7417
397417N1202377W001,802376,1995-06-01T00:00:00Z,4898.29,4896.69,0,20.6,4877.69,20.6,19,NA,Unknown,Water level accuracy is unknown,1,Department of Water Resources,NA,1,Department of Water Resources,NA,NA,36146,22N16E19M001M,NA,Unknown,Unknown,5-012.01,Sierra Valley,Plumas,256,Irrigation,Unknown,YES,1958-10-12 - 2009-04-13,66,other,NA,NA,NA,NA,1995,Wet,1994-10-01T00:00:00Z,1995-10-01T00:00:00Z,-120.238,39.7417
397417N1202377W001,802375,1994-10-28T00:00:00Z,4898.29,4896.69,0,39.4,4858.89,39.4,37.8,NA,Unknown,Water level accuracy is unknown,1,Department of Water Resources,NA,1,Department of Water Resources,NA,NA,36146,22N16E19M001M,NA,Unknown,Unknown,5-012.01,Sierra Valley,Plumas,256,Irrigation,Unknown,YES,1958-10-12 - 2009-04-13,66,fall,9.5,48.4,NA,NA,1995,Wet,1994-10-01T00:00:00Z,1995-10-01T00:00:00Z,-120.238,39.7417
397417N1202377W001,802374,1994-03-29T00:00:00Z,4898.29,4896.69,0,21.8,4876.49,21.8,20.2,NA,Unknown,Water level accuracy is unknown,1,Department of Water Resources,NA,1,Department of Water Resources,NA,NA,36146,22N16E19M001M,NA,Unknown,Unknown,5-012.01,Sierra Valley,Plumas,256,Irrigation,Unknown,YES,1958-10-12 - 2009-04-13,66,spring,NA,NA,-1,27.8,1994,Dry,1993-10-01T00:00:00Z,1994-10-01T00:00:00Z,-120.238,39.7417
397417N1202377W001,802373,1993-10-19T00:00:00Z,4898.29,4896.69,0,32.3,4865.99,32.3,30.7,NA,Unknown,Water level accuracy is unknown,1,Department of Water Resources,NA,1,Department of Water Resources,NA,NA,36146,22N16E19M001M,NA,Unknown,Unknown,5-012.01,Sierra Valley,Plumas,256,Irrigation,Unknown,YES,1958-10-12 - 2009-04-13,66,fall,9.5,48.4,NA,NA,1994,Dry,1993-10-01T00:00:00Z,1994-10-01T00:00:00Z,-120.238,39.7417
397417N1202377W001,802372,1993-04-22T00:00:00Z,4898.29,4896.69,0,29.4,4868.89,29.4,27.8,NA,Unknown,Water level accuracy is unknown,1,Department of Water Resources,NA,1,Department of Water Resources,NA,NA,36146,22N16E19M001M,NA,Unknown,Unknown,5-012.01,Sierra Valley,Plumas,256,Irrigation,Unknown,YES,1958-10-12 - 2009-04-13,66,spring,NA,NA,-1,27.8,1993,NA,1992-10-01T00:00:00Z,1993-10-01T00:00:00Z,-120.238,39.7417
397417N1202377W001,802371,1992-10-21T00:00:00Z,4898.29,4896.69,0,50,4848.29,50,48.4,NA,Unknown,Water level accuracy is unknown,1,Department of Water Resources,NA,1,Department of Water Resources,NA,NA,36146,22N16E19M001M,NA,Unknown,Unknown,5-012.01,Sierra Valley,Plumas,256,Irrigation,Unknown,YES,1958-10-12 - 2009-04-13,66,fall,9.5,48.4,NA,NA,1993,NA,1992-10-01T00:00:00Z,1993-10-01T00:00:00Z,-120.238,39.7417
397417N1202377W001,802370,1992-03-24T00:00:00Z,4898.29,4896.69,0,28.6,4869.69,28.6,27,NA,Unknown,Water level accuracy is unknown,1,Department of Water Resources,NA,1,Department of Water Resources,NA,NA,36146,22N16E19M001M,NA,Unknown,Unknown,5-012.01,Sierra Valley,Plumas,256,Irrigation,Unknown,YES,1958-10-12 - 2009-04-13,66,spring,NA,NA,-1,27.8,1992,NA,1991-10-01T00:00:00Z,1992-10-01T00:00:00Z,-120.238,39.7417
397417N1202377W001,802369,1991-10-22T00:00:00Z,4898.29,4896.69,0,45.3,4852.99,45.3,43.7,NA,Unknown,Water level accuracy is unknown,1,Department of Water Resources,NA,1,Department of Water Resources,NA,NA,36146,22N16E19M001M,NA,Unknown,Unknown,5-012.01,Sierra Valley,Plumas,256,Irrigation,Unknown,YES,1958-10-12 - 2009-04-13,66,fall,9.5,48.4,NA,NA,1992,NA,1991-10-01T00:00:00Z,1992-10-01T00:00:00Z,-120.238,39.7417
397417N1202377W001,802368,1991-02-27T00:00:00Z,4898.29,4896.69,0,23.7,4874.59,23.7,22.1,NA,Unknown,Water level accuracy is unknown,1,Department of Water Resources,NA,1,Department of Water Resources,NA,NA,36146,22N16E19M001M,NA,Unknown,Unknown,5-012.01,Sierra Valley,Plumas,256,Irrigation,Unknown,YES,1958-10-12 - 2009-04-13,66,other,NA,NA,NA,NA,1991,NA,1990-10-01T00:00:00Z,1991-10-01T00:00:00Z,-120.238,39.7417
397417N1202377W001,802367,1990-10-25T00:00:00Z,4898.29,4896.69,0,45,4853.29,45,43.4,NA,Unknown,Water level accuracy is unknown,1,Department of Water Resources,NA,1,Department of Water Resources,NA,NA,36146,22N16E19M001M,NA,Unknown,Unknown,5-012.01,Sierra Valley,Plumas,256,Irrigation,Unknown,YES,1958-10-12 - 2009-04-13,66,fall,9.5,48.4,NA,NA,1991,NA,1990-10-01T00:00:00Z,1991-10-01T00:00:00Z,-120.238,39.7417
397417N1202377W001,802366,1989-04-05T00:00:00Z,4898.29,4896.69,0,14.2,4884.09,14.2,12.6,NA,Unknown,Water level accuracy is unknown,1,Department of Water Resources,NA,1,Department of Water Resources,NA,NA,36146,22N16E19M001M,NA,Unknown,Unknown,5-012.01,Sierra Valley,Plumas,256,Irrigation,Unknown,YES,1958-10-12 - 2009-04-13,66,spring,NA,NA,-1,27.8,1989,NA,1988-10-01T00:00:00Z,1989-10-01T00:00:00Z,-120.238,39.7417
397417N1202377W001,802365,1988-10-25T00:00:00Z,4898.29,4896.69,0,36,4862.29,36,34.4,NA,Unknown,Water level accuracy is unknown,1,Department of Water Resources,NA,1,Department of Water Resources,NA,NA,36146,22N16E19M001M,NA,Unknown,Unknown,5-012.01,Sierra Valley,Plumas,256,Irrigation,Unknown,YES,1958-10-12 - 2009-04-13,66,fall,9.5,48.4,NA,NA,1989,NA,1988-10-01T00:00:00Z,1989-10-01T00:00:00Z,-120.238,39.7417
397417N1202377W001,802364,1988-03-23T00:00:00Z,4898.29,4896.69,0,17.3,4880.99,17.3,15.7,Other,Unknown,Water level accuracy is unknown,1,Department of Water Resources,NA,1,Department of Water Resources,NA,NA,36146,22N16E19M001M,NA,Unknown,Unknown,5-012.01,Sierra Valley,Plumas,256,Irrigation,Unknown,YES,1958-10-12 - 2009-04-13,66,spring,NA,NA,-1,27.8,1988,NA,1987-10-01T00:00:00Z,1988-10-01T00:00:00Z,-120.238,39.7417
397417N1202377W001,802362,1987-04-07T00:00:00Z,4898.29,4896.69,0,11,4887.29,11,9.4,NA,Unknown,Water level accuracy is unknown,1,Department of Water Resources,NA,1,Department of Water Resources,NA,NA,36146,22N16E19M001M,NA,Unknown,Unknown,5-012.01,Sierra Valley,Plumas,256,Irrigation,Unknown,YES,1958-10-12 - 2009-04-13,66,spring,NA,NA,-1,27.8,1987,Dry,1986-10-01T00:00:00Z,1987-10-01T00:00:00Z,-120.238,39.7417
397417N1202377W001,802361,1986-10-01T00:00:00Z,4898.29,4896.69,0,30.5,4867.79,30.5,28.9,NA,Unknown,Water level accuracy is unknown,1,Department of Water Resources,NA,1,Department of Water Resources,NA,NA,36146,22N16E19M001M,NA,Unknown,Unknown,5-012.01,Sierra Valley,Plumas,256,Irrigation,Unknown,YES,1958-10-12 - 2009-04-13,66,fall,9.5,48.4,NA,NA,1987,Dry,1986-10-01T00:00:00Z,1987-10-01T00:00:00Z,-120.238,39.7417
397417N1202377W001,802360,1985-10-04T00:00:00Z,4898.29,4896.69,0,39.4,4858.89,39.4,37.8,NA,Unknown,Water level accuracy is unknown,1,Department of Water Resources,NA,1,Department of Water Resources,NA,NA,36146,22N16E19M001M,NA,Unknown,Unknown,5-012.01,Sierra Valley,Plumas,256,Irrigation,Unknown,YES,1958-10-12 - 2009-04-13,66,fall,9.5,48.4,NA,NA,1986,Wet,1985-10-01T00:00:00Z,1986-10-01T00:00:00Z,-120.238,39.7417
397417N1202377W001,802359,1985-04-04T00:00:00Z,4898.29,4896.69,0,7.8,4890.49,7.8,6.2,NA,Unknown,Water level accuracy is unknown,1,Department of Water Resources,NA,1,Department of Water Resources,NA,NA,36146,22N16E19M001M,NA,Unknown,Unknown,5-012.01,Sierra Valley,Plumas,256,Irrigation,Unknown,YES,1958-10-12 - 2009-04-13,66,spring,NA,NA,-1,27.8,1985,Dry,1984-10-01T00:00:00Z,1985-10-01T00:00:00Z,-120.238,39.7417
397417N1202377W001,802358,1984-10-03T00:00:00Z,4898.29,4896.69,0,28.7,4869.59,28.7,27.1,NA,Unknown,Water level accuracy is unknown,1,Department of Water Resources,NA,1,Department of Water Resources,NA,NA,36146,22N16E19M001M,NA,Unknown,Unknown,5-012.01,Sierra Valley,Plumas,256,Irrigation,Unknown,YES,1958-10-12 - 2009-04-13,66,fall,9.5,48.4,NA,NA,1985,Dry,1984-10-01T00:00:00Z,1985-10-01T00:00:00Z,-120.238,39.7417
397417N1202377W001,802357,1984-04-11T00:00:00Z,4898.29,4896.69,0,5,4893.29,5,3.4,NA,Unknown,Water level accuracy is unknown,1,Department of Water Resources,NA,1,Department of Water Resources,NA,NA,36146,22N16E19M001M,NA,Unknown,Unknown,5-012.01,Sierra Valley,Plumas,256,Irrigation,Unknown,YES,1958-10-12 - 2009-04-13,66,spring,NA,NA,-1,27.8,1984,NA,1983-10-01T00:00:00Z,1984-10-01T00:00:00Z,-120.238,39.7417
397417N1202377W001,802356,1984-03-16T00:00:00Z,4898.29,4896.69,0,6.3,4891.99,6.3,4.7,NA,Unknown,Water level accuracy is unknown,1,Department of Water Resources,NA,1,Department of Water Resources,NA,NA,36146,22N16E19M001M,NA,Unknown,Unknown,5-012.01,Sierra Valley,Plumas,256,Irrigation,Unknown,YES,1958-10-12 - 2009-04-13,66,spring,NA,NA,-1,27.8,1984,NA,1983-10-01T00:00:00Z,1984-10-01T00:00:00Z,-120.238,39.7417
397417N1202377W001,802355,1983-09-28T00:00:00Z,4898.29,4896.69,0,23.8,4874.49,23.8,22.2,NA,Unknown,Water level accuracy is unknown,1,Department of Water Resources,NA,1,Department of Water Resources,NA,NA,36146,22N16E19M001M,NA,Unknown,Unknown,5-012.01,Sierra Valley,Plumas,256,Irrigation,Unknown,YES,1958-10-12 - 2009-04-13,66,fall,9.5,48.4,NA,NA,1983,NA,1982-10-01T00:00:00Z,1983-10-01T00:00:00Z,-120.238,39.7417
397417N1202377W001,802354,1983-04-15T00:00:00Z,4898.29,4896.69,0,11.4,4886.89,11.4,9.8,NA,Unknown,Water level accuracy is unknown,1,Department of Water Resources,NA,1,Department of Water Resources,NA,NA,36146,22N16E19M001M,NA,Unknown,Unknown,5-012.01,Sierra Valley,Plumas,256,Irrigation,Unknown,YES,1958-10-12 - 2009-04-13,66,spring,NA,NA,-1,27.8,1983,NA,1982-10-01T00:00:00Z,1983-10-01T00:00:00Z,-120.238,39.7417
397417N1202377W001,802353,1982-10-07T00:00:00Z,4898.29,4896.69,0,34.3,4863.99,34.3,32.7,NA,Unknown,Water level accuracy is unknown,1,Department of Water Resources,NA,1,Department of Water Resources,NA,NA,36146,22N16E19M001M,NA,Unknown,Unknown,5-012.01,Sierra Valley,Plumas,256,Irrigation,Unknown,YES,1958-10-12 - 2009-04-13,66,fall,9.5,48.4,NA,NA,1983,NA,1982-10-01T00:00:00Z,1983-10-01T00:00:00Z,-120.238,39.7417
397417N1202377W001,802352,1982-09-16T00:00:00Z,4898.29,4896.69,0,37,4861.29,37,35.4,NA,Unknown,Water level accuracy is unknown,1,Department of Water Resources,NA,1,Department of Water Resources,NA,NA,36146,22N16E19M001M,NA,Unknown,Unknown,5-012.01,Sierra Valley,Plumas,256,Irrigation,Unknown,YES,1958-10-12 - 2009-04-13,66,fall,9.5,48.4,NA,NA,1982,Wet,1981-10-01T00:00:00Z,1982-10-01T00:00:00Z,-120.238,39.7417
397417N1202377W001,802351,1982-04-29T00:00:00Z,4898.29,4896.69,0,12.1,4886.19,12.1,10.5,NA,Unknown,Water level accuracy is unknown,1,Department of Water Resources,NA,1,Department of Water Resources,NA,NA,36146,22N16E19M001M,NA,Unknown,Unknown,5-012.01,Sierra Valley,Plumas,256,Irrigation,Unknown,YES,1958-10-12 - 2009-04-13,66,spring,NA,NA,-1,27.8,1982,Wet,1981-10-01T00:00:00Z,1982-10-01T00:00:00Z,-120.238,39.7417
397417N1202377W001,802350,1981-10-14T00:00:00Z,4898.29,4896.69,0,34.7,4863.59,34.7,33.1,NA,Unknown,Water level accuracy is unknown,1,Department of Water Resources,NA,1,Department of Water Resources,NA,NA,36146,22N16E19M001M,NA,Unknown,Unknown,5-012.01,Sierra Valley,Plumas,256,Irrigation,Unknown,YES,1958-10-12 - 2009-04-13,66,fall,9.5,48.4,NA,NA,1982,Wet,1981-10-01T00:00:00Z,1982-10-01T00:00:00Z,-120.238,39.7417
397417N1202377W001,802349,1981-10-07T00:00:00Z,4898.29,4896.69,0,40.7,4857.59,40.7,39.1,NA,Unknown,Water level accuracy is unknown,1,Department of Water Resources,NA,1,Department of Water Resources,NA,NA,36146,22N16E19M001M,NA,Unknown,Unknown,5-012.01,Sierra Valley,Plumas,256,Irrigation,Unknown,YES,1958-10-12 - 2009-04-13,66,fall,9.5,48.4,NA,NA,1982,Wet,1981-10-01T00:00:00Z,1982-10-01T00:00:00Z,-120.238,39.7417
397417N1202377W001,802348,1981-10-01T00:00:00Z,4898.29,4896.69,0,43.5,4854.79,43.5,41.9,NA,Unknown,Water level accuracy is unknown,1,Department of Water Resources,NA,1,Department of Water Resources,NA,NA,36146,22N16E19M001M,NA,Unknown,Unknown,5-012.01,Sierra Valley,Plumas,256,Irrigation,Unknown,YES,1958-10-12 - 2009-04-13,66,fall,9.5,48.4,NA,NA,1982,Wet,1981-10-01T00:00:00Z,1982-10-01T00:00:00Z,-120.238,39.7417
397417N1202377W001,802347,1981-09-16T00:00:00Z,4898.29,4896.69,0,43.2,4855.09,43.2,41.6,NA,Unknown,Water level accuracy is unknown,1,Department of Water Resources,NA,1,Department of Water Resources,NA,NA,36146,22N16E19M001M,NA,Unknown,Unknown,5-012.01,Sierra Valley,Plumas,256,Irrigation,Unknown,YES,1958-10-12 - 2009-04-13,66,fall,9.5,48.4,NA,NA,1981,Dry,1980-10-01T00:00:00Z,1981-10-01T00:00:00Z,-120.238,39.7417
397417N1202377W001,802346,1981-08-26T00:00:00Z,4898.29,4896.69,0,43.5,4854.79,43.5,41.9,NA,Unknown,Water level accuracy is unknown,1,Department of Water Resources,NA,1,Department of Water Resources,NA,NA,36146,22N16E19M001M,NA,Unknown,Unknown,5-012.01,Sierra Valley,Plumas,256,Irrigation,Unknown,YES,1958-10-12 - 2009-04-13,66,fall,9.5,48.4,NA,NA,1981,Dry,1980-10-01T00:00:00Z,1981-10-01T00:00:00Z,-120.238,39.7417
397417N1202377W001,802345,1981-08-13T00:00:00Z,4898.29,4896.69,0,44.5,4853.79,44.5,42.9,NA,Unknown,Water level accuracy is unknown,1,Department of Water Resources,NA,1,Department of Water Resources,NA,NA,36146,22N16E19M001M,NA,Unknown,Unknown,5-012.01,Sierra Valley,Plumas,256,Irrigation,Unknown,YES,1958-10-12 - 2009-04-13,66,fall,9.5,48.4,NA,NA,1981,Dry,1980-10-01T00:00:00Z,1981-10-01T00:00:00Z,-120.238,39.7417
397417N1202377W001,802344,1981-04-09T00:00:00Z,4898.29,4896.69,0,6.5,4891.79,6.5,4.9,NA,Unknown,Water level accuracy is unknown,1,Department of Water Resources,NA,1,Department of Water Resources,NA,NA,36146,22N16E19M001M,NA,Unknown,Unknown,5-012.01,Sierra Valley,Plumas,256,Irrigation,Unknown,YES,1958-10-12 - 2009-04-13,66,spring,NA,NA,-1,27.8,1981,Dry,1980-10-01T00:00:00Z,1981-10-01T00:00:00Z,-120.238,39.7417
397417N1202377W001,802343,1960-04-11T00:00:00Z,4898.29,4896.69,0,0.6,4897.69,0.6,-1,Casing leaking or wet,Unknown,Water level accuracy is unknown,1,Department of Water Resources,NA,1,Department of Water Resources,NA,NA,36146,22N16E19M001M,NA,Unknown,Unknown,5-012.01,Sierra Valley,Plumas,256,Irrigation,Unknown,YES,1958-10-12 - 2009-04-13,66,spring,NA,NA,-1,27.8,1960,Dry,1959-10-01T00:00:00Z,1960-10-01T00:00:00Z,-120.238,39.7417
