SITE_CODE,WLM_ID,MSMT_DATE,WLM_RPE,WLM_GSE,RDNG_WS,RDNG_RP,WSE,RPE_WSE,GSE_WSE,WLM_QA_DESC,WLM_DESC,WLM_ACC_DESC,WLM_ORG_ID,WLM_ORG_NAME,MSMT_CMT,COOP_AGENCY_ORG_ID,COOP_ORG_NAME,TOP_PRF,BOT_PRF,STN_ID,SWN,WELL_NAME,WLM_METHOD,WLM_ACC,BASIN_CODE,BASIN_NAME,COUNTY_NAME,WELL_DEPTH,WELL_USE,WELL_TYPE,WCR_NO,t_range,n_samples,season,fall_high,fall_low,spring_high,spring_low,water_year,water_year_type,water_year_start,water_year_end,X,Y
397513N1202266W001,802290,1998-10-14T00:00:00Z,4903.59,4903.59,0,2,4901.59,2,2,NA,Unknown,Water level accuracy is unknown,1,Department of Water Resources,NA,1,Department of Water Resources,NA,NA,36145,22N16E19A001M,NA,Unknown,Unknown,5-012.01,Sierra Valley,Plumas,500,Irrigation,Unknown,72433,1980-10-04 - 2000-03-26,43,fall,2,58,NA,NA,1999,NA,1998-10-01T00:00:00Z,1999-10-01T00:00:00Z,-120.227,39.7513
397513N1202266W001,802289,1997-10-17T00:00:00Z,4903.59,4903.59,0,4.2,4899.39,4.2,4.2,NA,Unknown,Water level accuracy is unknown,1,Department of Water Resources,NA,1,Department of Water Resources,NA,NA,36145,22N16E19A001M,NA,Unknown,Unknown,5-012.01,Sierra Valley,Plumas,500,Irrigation,Unknown,72433,1980-10-04 - 2000-03-26,43,fall,2,58,NA,NA,1998,NA,1997-10-01T00:00:00Z,1998-10-01T00:00:00Z,-120.227,39.7513
397513N1202266W001,802288,1996-10-29T00:00:00Z,4903.59,4903.59,0,7.5,4896.09,7.5,7.5,NA,Unknown,Water level accuracy is unknown,1,Department of Water Resources,NA,1,Department of Water Resources,NA,NA,36145,22N16E19A001M,NA,Unknown,Unknown,5-012.01,Sierra Valley,Plumas,500,Irrigation,Unknown,72433,1980-10-04 - 2000-03-26,43,fall,2,58,NA,NA,1997,NA,1996-10-01T00:00:00Z,1997-10-01T00:00:00Z,-120.227,39.7513
397513N1202266W001,802286,1996-05-07T00:00:00Z,4903.59,4903.59,0,5.2,4898.39,5.2,5.2,NA,Unknown,Water level accuracy is unknown,1,Department of Water Resources,NA,1,Department of Water Resources,NA,NA,36145,22N16E19A001M,NA,Unknown,Unknown,5-012.01,Sierra Valley,Plumas,500,Irrigation,Unknown,72433,1980-10-04 - 2000-03-26,43,spring,NA,NA,5.2,29,1996,NA,1995-10-01T00:00:00Z,1996-10-01T00:00:00Z,-120.227,39.7513
397513N1202266W001,802285,1995-10-25T00:00:00Z,4903.59,4903.59,0,13.4,4890.19,13.4,13.4,Oil or foreign substance in casing,Unknown,Water level accuracy is unknown,1,Department of Water Resources,NA,1,Department of Water Resources,NA,NA,36145,22N16E19A001M,NA,Unknown,Unknown,5-012.01,Sierra Valley,Plumas,500,Irrigation,Unknown,72433,1980-10-04 - 2000-03-26,43,fall,2,58,NA,NA,1996,NA,1995-10-01T00:00:00Z,1996-10-01T00:00:00Z,-120.227,39.7513
397513N1202266W001,802284,1995-06-01T00:00:00Z,4903.59,4903.59,0,11.6,4891.99,11.6,11.6,Oil or foreign substance in casing,Unknown,Water level accuracy is unknown,1,Department of Water Resources,NA,1,Department of Water Resources,NA,NA,36145,22N16E19A001M,NA,Unknown,Unknown,5-012.01,Sierra Valley,Plumas,500,Irrigation,Unknown,72433,1980-10-04 - 2000-03-26,43,other,NA,NA,NA,NA,1995,Wet,1994-10-01T00:00:00Z,1995-10-01T00:00:00Z,-120.227,39.7513
397513N1202266W001,802283,1994-10-28T00:00:00Z,4903.59,4903.59,0,24.7,4878.89,24.7,24.7,Oil or foreign substance in casing,Unknown,Water level accuracy is unknown,1,Department of Water Resources,NA,1,Department of Water Resources,NA,NA,36145,22N16E19A001M,NA,Unknown,Unknown,5-012.01,Sierra Valley,Plumas,500,Irrigation,Unknown,72433,1980-10-04 - 2000-03-26,43,fall,2,58,NA,NA,1995,Wet,1994-10-01T00:00:00Z,1995-10-01T00:00:00Z,-120.227,39.7513
397513N1202266W001,802282,1994-03-29T00:00:00Z,4903.59,4903.59,0,16.3,4887.29,16.3,16.3,Oil or foreign substance in casing,Unknown,Water level accuracy is unknown,1,Department of Water Resources,NA,1,Department of Water Resources,NA,NA,36145,22N16E19A001M,NA,Unknown,Unknown,5-012.01,Sierra Valley,Plumas,500,Irrigation,Unknown,72433,1980-10-04 - 2000-03-26,43,spring,NA,NA,5.2,29,1994,Dry,1993-10-01T00:00:00Z,1994-10-01T00:00:00Z,-120.227,39.7513
397513N1202266W001,802281,1993-10-19T00:00:00Z,4903.59,4903.59,0,22.6,4880.99,22.6,22.6,Oil or foreign substance in casing,Unknown,Water level accuracy is unknown,1,Department of Water Resources,NA,1,Department of Water Resources,NA,NA,36145,22N16E19A001M,NA,Unknown,Unknown,5-012.01,Sierra Valley,Plumas,500,Irrigation,Unknown,72433,1980-10-04 - 2000-03-26,43,fall,2,58,NA,NA,1994,Dry,1993-10-01T00:00:00Z,1994-10-01T00:00:00Z,-120.227,39.7513
397513N1202266W001,802280,1993-04-22T00:00:00Z,4903.59,4903.59,0,27.3,4876.29,27.3,27.3,Oil or foreign substance in casing,Unknown,Water level accuracy is unknown,1,Department of Water Resources,NA,1,Department of Water Resources,NA,NA,36145,22N16E19A001M,NA,Unknown,Unknown,5-012.01,Sierra Valley,Plumas,500,Irrigation,Unknown,72433,1980-10-04 - 2000-03-26,43,spring,NA,NA,5.2,29,1993,NA,1992-10-01T00:00:00Z,1993-10-01T00:00:00Z,-120.227,39.7513
397513N1202266W001,802279,1992-10-21T00:00:00Z,4903.59,4903.59,0,58,4845.59,58,58,Oil or foreign substance in casing,Unknown,Water level accuracy is unknown,1,Department of Water Resources,NA,1,Department of Water Resources,NA,NA,36145,22N16E19A001M,NA,Unknown,Unknown,5-012.01,Sierra Valley,Plumas,500,Irrigation,Unknown,72433,1980-10-04 - 2000-03-26,43,fall,2,58,NA,NA,1993,NA,1992-10-01T00:00:00Z,1993-10-01T00:00:00Z,-120.227,39.7513
397513N1202266W001,802278,1992-03-24T00:00:00Z,4903.59,4903.59,0,29,4874.59,29,29,NA,Unknown,Water level accuracy is unknown,1,Department of Water Resources,NA,1,Department of Water Resources,NA,NA,36145,22N16E19A001M,NA,Unknown,Unknown,5-012.01,Sierra Valley,Plumas,500,Irrigation,Unknown,72433,1980-10-04 - 2000-03-26,43,spring,NA,NA,5.2,29,1992,NA,1991-10-01T00:00:00Z,1992-10-01T00:00:00Z,-120.227,39.7513
397513N1202266W001,802277,1991-10-22T00:00:00Z,4903.59,4903.59,0,49.1,4854.49,49.1,49.1,Oil or foreign substance in casing,Unknown,Water level accuracy is unknown,1,Department of Water Resources,NA,1,Department of Water Resources,NA,NA,36145,22N16E19A001M,NA,Unknown,Unknown,5-012.01,Sierra Valley,Plumas,500,Irrigation,Unknown,72433,1980-10-04 - 2000-03-26,43,fall,2,58,NA,NA,1992,NA,1991-10-01T00:00:00Z,1992-10-01T00:00:00Z,-120.227,39.7513
397513N1202266W001,802276,1991-02-27T00:00:00Z,4903.59,4903.59,0,29.5,4874.09,29.5,29.5,NA,Unknown,Water level accuracy is unknown,1,Department of Water Resources,NA,388,Sierra Valley Groundwater Management District,NA,NA,36145,22N16E19A001M,NA,Unknown,Unknown,5-012.01,Sierra Valley,Plumas,500,Irrigation,Unknown,72433,1980-10-04 - 2000-03-26,43,other,NA,NA,NA,NA,1991,NA,1990-10-01T00:00:00Z,1991-10-01T00:00:00Z,-120.227,39.7513
397513N1202266W001,802275,1990-10-24T00:00:00Z,4903.59,4903.59,0,52.2,4851.39,52.2,52.2,NA,Unknown,Water level accuracy is unknown,1,Department of Water Resources,NA,1,Department of Water Resources,NA,NA,36145,22N16E19A001M,NA,Unknown,Unknown,5-012.01,Sierra Valley,Plumas,500,Irrigation,Unknown,72433,1980-10-04 - 2000-03-26,43,fall,2,58,NA,NA,1991,NA,1990-10-01T00:00:00Z,1991-10-01T00:00:00Z,-120.227,39.7513
397513N1202266W001,802274,1990-04-11T00:00:00Z,4903.59,4903.59,0,21.6,4881.99,21.6,21.6,NA,Unknown,Water level accuracy is unknown,1,Department of Water Resources,NA,388,Sierra Valley Groundwater Management District,NA,NA,36145,22N16E19A001M,NA,Unknown,Unknown,5-012.01,Sierra Valley,Plumas,500,Irrigation,Unknown,72433,1980-10-04 - 2000-03-26,43,spring,NA,NA,5.2,29,1990,NA,1989-10-01T00:00:00Z,1990-10-01T00:00:00Z,-120.227,39.7513
397513N1202266W001,802272,1989-04-09T00:00:00Z,4903.59,4903.59,0,22,4881.59,22,22,Oil or foreign substance in casing,Unknown,Water level accuracy is unknown,1,Department of Water Resources,NA,1,Department of Water Resources,NA,NA,36145,22N16E19A001M,NA,Unknown,Unknown,5-012.01,Sierra Valley,Plumas,500,Irrigation,Unknown,72433,1980-10-04 - 2000-03-26,43,spring,NA,NA,5.2,29,1989,NA,1988-10-01T00:00:00Z,1989-10-01T00:00:00Z,-120.227,39.7513
397513N1202266W001,802271,1988-10-29T00:00:00Z,4903.59,4903.59,0,31,4872.59,31,31,Oil or foreign substance in casing,Unknown,Water level accuracy is unknown,1,Department of Water Resources,NA,1,Department of Water Resources,NA,NA,36145,22N16E19A001M,NA,Unknown,Unknown,5-012.01,Sierra Valley,Plumas,500,Irrigation,Unknown,72433,1980-10-04 - 2000-03-26,43,fall,2,58,NA,NA,1989,NA,1988-10-01T00:00:00Z,1989-10-01T00:00:00Z,-120.227,39.7513
397513N1202266W001,802270,1988-03-22T00:00:00Z,4903.59,4903.59,0,20.1,4883.49,20.1,20.1,Oil or foreign substance in casing,Unknown,Water level accuracy is unknown,1,Department of Water Resources,NA,1,Department of Water Resources,NA,NA,36145,22N16E19A001M,NA,Unknown,Unknown,5-012.01,Sierra Valley,Plumas,500,Irrigation,Unknown,72433,1980-10-04 - 2000-03-26,43,spring,NA,NA,5.2,29,1988,NA,1987-10-01T00:00:00Z,1988-10-01T00:00:00Z,-120.227,39.7513
397513N1202266W001,802269,1987-10-20T00:00:00Z,4903.59,4903.59,0,46.2,4857.39,46.2,46.2,Oil or foreign substance in casing,Unknown,Water level accuracy is unknown,1,Department of Water Resources,NA,1,Department of Water Resources,NA,NA,36145,22N16E19A001M,NA,Unknown,Unknown,5-012.01,Sierra Valley,Plumas,500,Irrigation,Unknown,72433,1980-10-04 - 2000-03-26,43,fall,2,58,NA,NA,1988,NA,1987-10-01T00:00:00Z,1988-10-01T00:00:00Z,-120.227,39.7513
397513N1202266W001,802268,1987-04-07T00:00:00Z,4903.59,4903.59,0,12.7,4890.89,12.7,12.7,NA,Unknown,Water level accuracy is unknown,1,Department of Water Resources,NA,1,Department of Water Resources,NA,NA,36145,22N16E19A001M,NA,Unknown,Unknown,5-012.01,Sierra Valley,Plumas,500,Irrigation,Unknown,72433,1980-10-04 - 2000-03-26,43,spring,NA,NA,5.2,29,1987,Dry,1986-10-01T00:00:00Z,1987-10-01T00:00:00Z,-120.227,39.7513
397513N1202266W001,802267,1986-10-01T00:00:00Z,4903.59,4903.59,0,37.4,4866.19,37.4,37.4,NA,Unknown,Water level accuracy is unknown,1,Department of Water Resources,NA,1,Department of Water Resources,NA,NA,36145,22N16E19A001M,NA,Unknown,Unknown,5-012.01,Sierra Valley,Plumas,500,Irrigation,Unknown,72433,1980-10-04 - 2000-03-26,43,fall,2,58,NA,NA,1987,Dry,1986-10-01T00:00:00Z,1987-10-01T00:00:00Z,-120.227,39.7513
397513N1202266W001,802266,1986-04-02T00:00:00Z,4903.59,4903.59,0,13.1,4890.49,13.1,13.1,Oil or foreign substance in casing,Unknown,Water level accuracy is unknown,1,Department of Water Resources,NA,1,Department of Water Resources,NA,NA,36145,22N16E19A001M,NA,Unknown,Unknown,5-012.01,Sierra Valley,Plumas,500,Irrigation,Unknown,72433,1980-10-04 - 2000-03-26,43,spring,NA,NA,5.2,29,1986,Wet,1985-10-01T00:00:00Z,1986-10-01T00:00:00Z,-120.227,39.7513
397513N1202266W001,802265,1985-10-04T00:00:00Z,4903.59,4903.59,0,46,4857.59,46,46,NA,Unknown,Water level accuracy is unknown,1,Department of Water Resources,NA,1,Department of Water Resources,NA,NA,36145,22N16E19A001M,NA,Unknown,Unknown,5-012.01,Sierra Valley,Plumas,500,Irrigation,Unknown,72433,1980-10-04 - 2000-03-26,43,fall,2,58,NA,NA,1986,Wet,1985-10-01T00:00:00Z,1986-10-01T00:00:00Z,-120.227,39.7513
397513N1202266W001,802264,1985-04-04T00:00:00Z,4903.59,4903.59,0,9.5,4894.09,9.5,9.5,NA,Unknown,Water level accuracy is unknown,1,Department of Water Resources,NA,1,Department of Water Resources,NA,NA,36145,22N16E19A001M,NA,Unknown,Unknown,5-012.01,Sierra Valley,Plumas,500,Irrigation,Unknown,72433,1980-10-04 - 2000-03-26,43,spring,NA,NA,5.2,29,1985,Dry,1984-10-01T00:00:00Z,1985-10-01T00:00:00Z,-120.227,39.7513
397513N1202266W001,802263,1984-10-03T00:00:00Z,4903.59,4903.59,0,39.6,4863.99,39.6,39.6,NA,Unknown,Water level accuracy is unknown,1,Department of Water Resources,NA,1,Department of Water Resources,NA,NA,36145,22N16E19A001M,NA,Unknown,Unknown,5-012.01,Sierra Valley,Plumas,500,Irrigation,Unknown,72433,1980-10-04 - 2000-03-26,43,fall,2,58,NA,NA,1985,Dry,1984-10-01T00:00:00Z,1985-10-01T00:00:00Z,-120.227,39.7513
397513N1202266W001,802262,1984-03-16T00:00:00Z,4903.59,4903.59,0,6,4897.59,6,6,NA,Unknown,Water level accuracy is unknown,1,Department of Water Resources,NA,1,Department of Water Resources,NA,NA,36145,22N16E19A001M,NA,Unknown,Unknown,5-012.01,Sierra Valley,Plumas,500,Irrigation,Unknown,72433,1980-10-04 - 2000-03-26,43,spring,NA,NA,5.2,29,1984,NA,1983-10-01T00:00:00Z,1984-10-01T00:00:00Z,-120.227,39.7513
397513N1202266W001,802261,1983-09-28T00:00:00Z,4903.59,4903.59,0,39.3,4864.29,39.3,39.3,NA,Unknown,Water level accuracy is unknown,1,Department of Water Resources,NA,1,Department of Water Resources,NA,NA,36145,22N16E19A001M,NA,Unknown,Unknown,5-012.01,Sierra Valley,Plumas,500,Irrigation,Unknown,72433,1980-10-04 - 2000-03-26,43,fall,2,58,NA,NA,1983,NA,1982-10-01T00:00:00Z,1983-10-01T00:00:00Z,-120.227,39.7513
397513N1202266W001,802260,1983-04-14T00:00:00Z,4903.59,4903.59,0,7,4896.59,7,7,NA,Unknown,Water level accuracy is unknown,1,Department of Water Resources,NA,1,Department of Water Resources,NA,NA,36145,22N16E19A001M,NA,Unknown,Unknown,5-012.01,Sierra Valley,Plumas,500,Irrigation,Unknown,72433,1980-10-04 - 2000-03-26,43,spring,NA,NA,5.2,29,1983,NA,1982-10-01T00:00:00Z,1983-10-01T00:00:00Z,-120.227,39.7513
397513N1202266W001,802259,1982-10-07T00:00:00Z,4903.59,4903.59,0,30,4873.59,30,30,NA,Unknown,Water level accuracy is unknown,1,Department of Water Resources,NA,1,Department of Water Resources,NA,NA,36145,22N16E19A001M,NA,Unknown,Unknown,5-012.01,Sierra Valley,Plumas,500,Irrigation,Unknown,72433,1980-10-04 - 2000-03-26,43,fall,2,58,NA,NA,1983,NA,1982-10-01T00:00:00Z,1983-10-01T00:00:00Z,-120.227,39.7513
397513N1202266W001,802258,1982-09-16T00:00:00Z,4903.59,4903.59,0,36.2,4867.39,36.2,36.2,NA,Unknown,Water level accuracy is unknown,1,Department of Water Resources,NA,1,Department of Water Resources,NA,NA,36145,22N16E19A001M,NA,Unknown,Unknown,5-012.01,Sierra Valley,Plumas,500,Irrigation,Unknown,72433,1980-10-04 - 2000-03-26,43,fall,2,58,NA,NA,1982,Wet,1981-10-01T00:00:00Z,1982-10-01T00:00:00Z,-120.227,39.7513
397513N1202266W001,802257,1982-04-28T00:00:00Z,4903.59,4903.59,0,8.3,4895.29,8.3,8.3,NA,Unknown,Water level accuracy is unknown,1,Department of Water Resources,NA,1,Department of Water Resources,NA,NA,36145,22N16E19A001M,NA,Unknown,Unknown,5-012.01,Sierra Valley,Plumas,500,Irrigation,Unknown,72433,1980-10-04 - 2000-03-26,43,spring,NA,NA,5.2,29,1982,Wet,1981-10-01T00:00:00Z,1982-10-01T00:00:00Z,-120.227,39.7513
397513N1202266W001,802256,1981-10-14T00:00:00Z,4903.59,4903.59,0,31.3,4872.29,31.3,31.3,NA,Unknown,Water level accuracy is unknown,1,Department of Water Resources,NA,1,Department of Water Resources,NA,NA,36145,22N16E19A001M,NA,Unknown,Unknown,5-012.01,Sierra Valley,Plumas,500,Irrigation,Unknown,72433,1980-10-04 - 2000-03-26,43,fall,2,58,NA,NA,1982,Wet,1981-10-01T00:00:00Z,1982-10-01T00:00:00Z,-120.227,39.7513
397513N1202266W001,802255,1981-10-08T00:00:00Z,4903.59,4903.59,0,33,4870.59,33,33,NA,Unknown,Water level accuracy is unknown,1,Department of Water Resources,NA,1,Department of Water Resources,NA,NA,36145,22N16E19A001M,NA,Unknown,Unknown,5-012.01,Sierra Valley,Plumas,500,Irrigation,Unknown,72433,1980-10-04 - 2000-03-26,43,fall,2,58,NA,NA,1982,Wet,1981-10-01T00:00:00Z,1982-10-01T00:00:00Z,-120.227,39.7513
397513N1202266W001,802254,1981-10-01T00:00:00Z,4903.59,4903.59,0,35.6,4867.99,35.6,35.6,NA,Unknown,Water level accuracy is unknown,1,Department of Water Resources,NA,1,Department of Water Resources,NA,NA,36145,22N16E19A001M,NA,Unknown,Unknown,5-012.01,Sierra Valley,Plumas,500,Irrigation,Unknown,72433,1980-10-04 - 2000-03-26,43,fall,2,58,NA,NA,1982,Wet,1981-10-01T00:00:00Z,1982-10-01T00:00:00Z,-120.227,39.7513
397513N1202266W001,802253,1981-04-09T00:00:00Z,4903.59,4903.59,0,5.2,4898.39,5.2,5.2,NA,Unknown,Water level accuracy is unknown,1,Department of Water Resources,NA,1,Department of Water Resources,NA,NA,36145,22N16E19A001M,NA,Unknown,Unknown,5-012.01,Sierra Valley,Plumas,500,Irrigation,Unknown,72433,1980-10-04 - 2000-03-26,43,spring,NA,NA,5.2,29,1981,Dry,1980-10-01T00:00:00Z,1981-10-01T00:00:00Z,-120.227,39.7513
397513N1202266W001,802252,1980-10-04T00:00:00Z,4903.59,4903.59,0,20.2,4883.39,20.2,20.2,NA,Unknown,Water level accuracy is unknown,1,Department of Water Resources,NA,1,Department of Water Resources,NA,NA,36145,22N16E19A001M,NA,Unknown,Unknown,5-012.01,Sierra Valley,Plumas,500,Irrigation,Unknown,72433,1980-10-04 - 2000-03-26,43,fall,2,58,NA,NA,1981,Dry,1980-10-01T00:00:00Z,1981-10-01T00:00:00Z,-120.227,39.7513
