SITE_CODE,WLM_ID,MSMT_DATE,WLM_RPE,WLM_GSE,RDNG_WS,RDNG_RP,WSE,RPE_WSE,GSE_WSE,WLM_QA_DESC,WLM_DESC,WLM_ACC_DESC,WLM_ORG_ID,WLM_ORG_NAME,MSMT_CMT,COOP_AGENCY_ORG_ID,COOP_ORG_NAME,TOP_PRF,BOT_PRF,STN_ID,SWN,WELL_NAME,WLM_METHOD,WLM_ACC,BASIN_CODE,BASIN_NAME,COUNTY_NAME,WELL_DEPTH,WELL_USE,WELL_TYPE,WCR_NO,t_range,n_samples,season,fall_high,fall_low,spring_high,spring_low,water_year,water_year_type,water_year_start,water_year_end,X,Y
397667N1203238W001,2620106,2020-04-24T12:00:00Z,4880.52,4880.52,0,2.2,4878.32,2.2,2.2,NA,Electric sounder measurement,Water level accuracy to nearest hundredth of a foot,1,Department of Water Resources,NA,1,Department of Water Resources,NA,NA,20571,22N15E08Q001M,22N15E08Q001M,Unknown,Unknown,5-012.01,Sierra Valley,Plumas,943,Stockwatering,Single Well,ELOG,1980-10-23 00:00:00 - 2020-04-24 12:00:00,81,spring,NA,NA,0.55,10.7,2020,Dry,2019-10-01T00:00:00Z,2020-10-01T00:00:00Z,-120.324,39.7667
397667N1203238W001,2493710,2019-10-24T12:00:00Z,4880.52,4880.52,0,5.5,4875.02,5.5,5.5,NA,Electric sounder measurement,Water level accuracy to nearest hundredth of a foot,1,Department of Water Resources,NA,1,Department of Water Resources,NA,NA,20571,22N15E08Q001M,22N15E08Q001M,Unknown,Unknown,5-012.01,Sierra Valley,Plumas,943,Stockwatering,Single Well,ELOG,1980-10-23 00:00:00 - 2020-04-24 12:00:00,81,fall,0.6,9.7,NA,NA,2020,Dry,2019-10-01T00:00:00Z,2020-10-01T00:00:00Z,-120.324,39.7667
397667N1203238W001,2454947,2019-04-09T12:00:00Z,4880.52,4880.52,0,0.55,4879.97,0.55,0.55,NA,Electric sounder measurement,Water level accuracy to nearest hundredth of a foot,1,Department of Water Resources,NA,1,Department of Water Resources,NA,NA,20571,22N15E08Q001M,22N15E08Q001M,Unknown,Unknown,5-012.01,Sierra Valley,Plumas,943,Stockwatering,Single Well,ELOG,1980-10-23 00:00:00 - 2020-04-24 12:00:00,81,spring,NA,NA,0.55,10.7,2019,Wet,2018-10-01T00:00:00Z,2019-10-01T00:00:00Z,-120.324,39.7667
397667N1203238W001,2415015,2018-10-24T12:00:00Z,4880.52,4880.52,0,5.9,4874.62,5.9,5.9,NA,Electric sounder measurement,Water level accuracy to nearest hundredth of a foot,1,Department of Water Resources,NA,1,Department of Water Resources,NA,NA,20571,22N15E08Q001M,22N15E08Q001M,Unknown,Unknown,5-012.01,Sierra Valley,Plumas,943,Stockwatering,Single Well,ELOG,1980-10-23 00:00:00 - 2020-04-24 12:00:00,81,fall,0.6,9.7,NA,NA,2019,Wet,2018-10-01T00:00:00Z,2019-10-01T00:00:00Z,-120.324,39.7667
397667N1203238W001,2285954,2018-04-02T12:00:00Z,4880.52,4880.52,0,0.6,4879.92,0.6,0.6,NA,Electric sounder measurement,Water level accuracy to nearest hundredth of a foot,1,Department of Water Resources,NA,1,Department of Water Resources,NA,NA,20571,22N15E08Q001M,22N15E08Q001M,Unknown,Unknown,5-012.01,Sierra Valley,Plumas,943,Stockwatering,Single Well,ELOG,1980-10-23 00:00:00 - 2020-04-24 12:00:00,81,spring,NA,NA,0.55,10.7,2018,NA,2017-10-01T00:00:00Z,2018-10-01T00:00:00Z,-120.324,39.7667
397667N1203238W001,2267994,2017-10-16T00:00:00Z,4880.52,4880.52,0,5.2,4875.32,5.2,5.2,NA,Electric sounder measurement,Water level accuracy to nearest hundredth of a foot,1,Department of Water Resources,NA,1,Department of Water Resources,NA,NA,20571,22N15E08Q001M,22N15E08Q001M,Unknown,Unknown,5-012.01,Sierra Valley,Plumas,943,Stockwatering,Single Well,ELOG,1980-10-23 00:00:00 - 2020-04-24 12:00:00,81,fall,0.6,9.7,NA,NA,2018,NA,2017-10-01T00:00:00Z,2018-10-01T00:00:00Z,-120.324,39.7667
397667N1203238W001,2214112,2016-10-24T00:00:00Z,4880.52,4880.52,0,5.7,4874.82,5.7,5.7,NA,Electric sounder measurement,Water level accuracy to nearest hundredth of a foot,1,Department of Water Resources,NA,1,Department of Water Resources,NA,NA,20571,22N15E08Q001M,22N15E08Q001M,Unknown,Unknown,5-012.01,Sierra Valley,Plumas,943,Stockwatering,Single Well,ELOG,1980-10-23 00:00:00 - 2020-04-24 12:00:00,81,fall,0.6,9.7,NA,NA,2017,Wet,2016-10-01T00:00:00Z,2017-10-01T00:00:00Z,-120.324,39.7667
397667N1203238W001,2184578,2016-03-21T00:00:00Z,4880.52,4880.52,0,4.3,4876.22,4.3,4.3,NA,Electric sounder measurement,Water level accuracy to nearest hundredth of a foot,1,Department of Water Resources,NA,1,Department of Water Resources,NA,NA,20571,22N15E08Q001M,22N15E08Q001M,Unknown,Unknown,5-012.01,Sierra Valley,Plumas,943,Stockwatering,Single Well,ELOG,1980-10-23 00:00:00 - 2020-04-24 12:00:00,81,spring,NA,NA,0.55,10.7,2016,NA,2015-10-01T00:00:00Z,2016-10-01T00:00:00Z,-120.324,39.7667
397667N1203238W001,2157052,2015-10-19T00:00:00Z,4880.52,4880.52,0,6.85,4873.67,6.85,6.85,NA,Electric sounder measurement,Water level accuracy to nearest hundredth of a foot,1,Department of Water Resources,NA,1,Department of Water Resources,NA,NA,20571,22N15E08Q001M,22N15E08Q001M,Unknown,Unknown,5-012.01,Sierra Valley,Plumas,943,Stockwatering,Single Well,ELOG,1980-10-23 00:00:00 - 2020-04-24 12:00:00,81,fall,0.6,9.7,NA,NA,2016,NA,2015-10-01T00:00:00Z,2016-10-01T00:00:00Z,-120.324,39.7667
397667N1203238W001,2119764,2015-03-23T00:00:00Z,4880.52,4880.52,0,4.95,4875.57,4.95,4.95,NA,Electric sounder measurement,Water level accuracy to nearest hundredth of a foot,1,Department of Water Resources,NA,1,Department of Water Resources,NA,NA,20571,22N15E08Q001M,22N15E08Q001M,Unknown,Unknown,5-012.01,Sierra Valley,Plumas,943,Stockwatering,Single Well,ELOG,1980-10-23 00:00:00 - 2020-04-24 12:00:00,81,spring,NA,NA,0.55,10.7,2015,NA,2014-10-01T00:00:00Z,2015-10-01T00:00:00Z,-120.324,39.7667
397667N1203238W001,2020279,2014-10-20T02:00:00Z,4880.52,4880.52,0,5.37,4875.15,5.37,5.37,NA,Electric sounder measurement,Water level accuracy to nearest hundredth of a foot,1,Department of Water Resources,NA,1,Department of Water Resources,NA,NA,20571,22N15E08Q001M,22N15E08Q001M,Unknown,Unknown,5-012.01,Sierra Valley,Plumas,943,Stockwatering,Single Well,ELOG,1980-10-23 00:00:00 - 2020-04-24 12:00:00,81,fall,0.6,9.7,NA,NA,2015,NA,2014-10-01T00:00:00Z,2015-10-01T00:00:00Z,-120.324,39.7667
397667N1203238W001,1880762,2014-03-14T00:00:00Z,4880.52,4880.52,0,5.57,4874.95,5.57,5.57,NA,Electric sounder measurement,Water level accuracy to nearest hundredth of a foot,1,Department of Water Resources,NA,1,Department of Water Resources,NA,NA,20571,22N15E08Q001M,22N15E08Q001M,Unknown,Unknown,5-012.01,Sierra Valley,Plumas,943,Stockwatering,Single Well,ELOG,1980-10-23 00:00:00 - 2020-04-24 12:00:00,81,spring,NA,NA,0.55,10.7,2014,NA,2013-10-01T00:00:00Z,2014-10-01T00:00:00Z,-120.324,39.7667
397667N1203238W001,1797104,2013-10-21T00:00:00Z,4880.52,4880.52,0,6.03,4874.49,6.03,6.03,NA,Electric sounder measurement,Water level accuracy to nearest hundredth of a foot,1,Department of Water Resources,NA,1,Department of Water Resources,NA,NA,20571,22N15E08Q001M,22N15E08Q001M,Unknown,Unknown,5-012.01,Sierra Valley,Plumas,943,Stockwatering,Single Well,ELOG,1980-10-23 00:00:00 - 2020-04-24 12:00:00,81,fall,0.6,9.7,NA,NA,2014,NA,2013-10-01T00:00:00Z,2014-10-01T00:00:00Z,-120.324,39.7667
397667N1203238W001,1684423,2013-03-25T00:00:00Z,4880.52,4880.52,0,2.6,4877.92,2.6,2.6,NA,Electric sounder measurement,Water level accuracy to nearest hundredth of a foot,1,Department of Water Resources,NA,1,Department of Water Resources,NA,NA,20571,22N15E08Q001M,22N15E08Q001M,Unknown,Unknown,5-012.01,Sierra Valley,Plumas,943,Stockwatering,Single Well,ELOG,1980-10-23 00:00:00 - 2020-04-24 12:00:00,81,spring,NA,NA,0.55,10.7,2013,Dry,2012-10-01T00:00:00Z,2013-10-01T00:00:00Z,-120.324,39.7667
397667N1203238W001,69364,2012-10-30T00:00:00Z,4880.52,4880.52,0,5.94,4874.58,5.94,5.94,NA,Electric sounder measurement,Water level accuracy to nearest hundredth of a foot,1,Department of Water Resources,NA,1,Department of Water Resources,NA,NA,20571,22N15E08Q001M,22N15E08Q001M,Unknown,Unknown,5-012.01,Sierra Valley,Plumas,943,Stockwatering,Single Well,ELOG,1980-10-23 00:00:00 - 2020-04-24 12:00:00,81,fall,0.6,9.7,NA,NA,2013,Dry,2012-10-01T00:00:00Z,2013-10-01T00:00:00Z,-120.324,39.7667
397667N1203238W001,59946,2012-04-17T00:00:00Z,4880.52,4880.52,0,2.6,4877.92,2.6,2.6,NA,Electric sounder measurement,Water level accuracy to nearest hundredth of a foot,1,Department of Water Resources,NA,1,Department of Water Resources,NA,NA,20571,22N15E08Q001M,22N15E08Q001M,Unknown,Unknown,5-012.01,Sierra Valley,Plumas,943,Stockwatering,Single Well,ELOG,1980-10-23 00:00:00 - 2020-04-24 12:00:00,81,spring,NA,NA,0.55,10.7,2012,NA,2011-10-01T00:00:00Z,2012-10-01T00:00:00Z,-120.324,39.7667
397667N1203238W001,1752509,2011-10-18T00:00:00Z,4880.52,4880.52,0,4.93,4875.59,4.93,4.93,NA,Unknown,Water level accuracy is unknown,1,Department of Water Resources,NA,1,Department of Water Resources,NA,NA,20571,22N15E08Q001M,22N15E08Q001M,Unknown,Unknown,5-012.01,Sierra Valley,Plumas,943,Stockwatering,Single Well,ELOG,1980-10-23 00:00:00 - 2020-04-24 12:00:00,81,fall,0.6,9.7,NA,NA,2012,NA,2011-10-01T00:00:00Z,2012-10-01T00:00:00Z,-120.324,39.7667
397667N1203238W001,39794,2011-10-18T00:00:00Z,4880.52,4880.52,0,4.93,4875.59,4.93,4.93,NA,Electric sounder measurement,Water level accuracy to nearest hundredth of a foot,1,Department of Water Resources,NA,1,Department of Water Resources,NA,NA,20571,22N15E08Q001M,22N15E08Q001M,Unknown,Unknown,5-012.01,Sierra Valley,Plumas,943,Stockwatering,Single Well,ELOG,1980-10-23 00:00:00 - 2020-04-24 12:00:00,81,fall,0.6,9.7,NA,NA,2012,NA,2011-10-01T00:00:00Z,2012-10-01T00:00:00Z,-120.324,39.7667
397667N1203238W001,1752508,2011-04-25T00:00:00Z,4880.52,4880.52,0,1.3,4879.22,1.3,1.3,NA,Unknown,Water level accuracy is unknown,1,Department of Water Resources,NA,1,Department of Water Resources,NA,NA,20571,22N15E08Q001M,22N15E08Q001M,Unknown,Unknown,5-012.01,Sierra Valley,Plumas,943,Stockwatering,Single Well,ELOG,1980-10-23 00:00:00 - 2020-04-24 12:00:00,81,spring,NA,NA,0.55,10.7,2011,Wet,2010-10-01T00:00:00Z,2011-10-01T00:00:00Z,-120.324,39.7667
397667N1203238W001,1752507,2010-10-25T00:00:00Z,4880.52,4880.52,0,5.9,4874.62,5.9,5.9,NA,Unknown,Water level accuracy is unknown,1,Department of Water Resources,NA,1,Department of Water Resources,NA,NA,20571,22N15E08Q001M,22N15E08Q001M,Unknown,Unknown,5-012.01,Sierra Valley,Plumas,943,Stockwatering,Single Well,ELOG,1980-10-23 00:00:00 - 2020-04-24 12:00:00,81,fall,0.6,9.7,NA,NA,2011,Wet,2010-10-01T00:00:00Z,2011-10-01T00:00:00Z,-120.324,39.7667
397667N1203238W001,1752506,2010-04-06T00:00:00Z,4880.52,4880.52,0,2.9,4877.62,2.9,2.9,NA,Unknown,Water level accuracy is unknown,1,Department of Water Resources,NA,1,Department of Water Resources,NA,NA,20571,22N15E08Q001M,22N15E08Q001M,Unknown,Unknown,5-012.01,Sierra Valley,Plumas,943,Stockwatering,Single Well,ELOG,1980-10-23 00:00:00 - 2020-04-24 12:00:00,81,spring,NA,NA,0.55,10.7,2010,NA,2009-10-01T00:00:00Z,2010-10-01T00:00:00Z,-120.324,39.7667
397667N1203238W001,1752505,2009-10-27T00:00:00Z,4880.52,4880.52,0,7.2,4873.32,7.2,7.2,NA,Unknown,Water level accuracy is unknown,1,Department of Water Resources,NA,1,Department of Water Resources,NA,NA,20571,22N15E08Q001M,22N15E08Q001M,Unknown,Unknown,5-012.01,Sierra Valley,Plumas,943,Stockwatering,Single Well,ELOG,1980-10-23 00:00:00 - 2020-04-24 12:00:00,81,fall,0.6,9.7,NA,NA,2010,NA,2009-10-01T00:00:00Z,2010-10-01T00:00:00Z,-120.324,39.7667
397667N1203238W001,1752503,2008-10-28T00:00:00Z,4880.52,4880.52,0,7,4873.52,7,7,NA,Unknown,Water level accuracy is unknown,1,Department of Water Resources,NA,1,Department of Water Resources,NA,NA,20571,22N15E08Q001M,22N15E08Q001M,Unknown,Unknown,5-012.01,Sierra Valley,Plumas,943,Stockwatering,Single Well,ELOG,1980-10-23 00:00:00 - 2020-04-24 12:00:00,81,fall,0.6,9.7,NA,NA,2009,NA,2008-10-01T00:00:00Z,2009-10-01T00:00:00Z,-120.324,39.7667
397667N1203238W001,1752501,2008-04-09T00:00:00Z,4880.52,4880.52,0,3.1,4877.42,3.1,3.1,NA,Unknown,Water level accuracy is unknown,1,Department of Water Resources,NA,1,Department of Water Resources,NA,NA,20571,22N15E08Q001M,22N15E08Q001M,Unknown,Unknown,5-012.01,Sierra Valley,Plumas,943,Stockwatering,Single Well,ELOG,1980-10-23 00:00:00 - 2020-04-24 12:00:00,81,spring,NA,NA,0.55,10.7,2008,NA,2007-10-01T00:00:00Z,2008-10-01T00:00:00Z,-120.324,39.7667
397667N1203238W001,1752502,2007-10-26T00:00:00Z,4880.52,4880.52,0,7,4873.52,7,7,NA,Unknown,Water level accuracy is unknown,1,Department of Water Resources,NA,1,Department of Water Resources,NA,NA,20571,22N15E08Q001M,22N15E08Q001M,Unknown,Unknown,5-012.01,Sierra Valley,Plumas,943,Stockwatering,Single Well,ELOG,1980-10-23 00:00:00 - 2020-04-24 12:00:00,81,fall,0.6,9.7,NA,NA,2008,NA,2007-10-01T00:00:00Z,2008-10-01T00:00:00Z,-120.324,39.7667
397667N1203238W001,1752500,2007-04-10T00:00:00Z,4880.52,4880.52,0,4.35,4876.17,4.35,4.35,NA,Unknown,Water level accuracy is unknown,1,Department of Water Resources,NA,1,Department of Water Resources,NA,NA,20571,22N15E08Q001M,22N15E08Q001M,Unknown,Unknown,5-012.01,Sierra Valley,Plumas,943,Stockwatering,Single Well,ELOG,1980-10-23 00:00:00 - 2020-04-24 12:00:00,81,spring,NA,NA,0.55,10.7,2007,Dry,2006-10-01T00:00:00Z,2007-10-01T00:00:00Z,-120.324,39.7667
397667N1203238W001,1752499,2006-10-18T00:00:00Z,4880.52,4880.52,0,6.2,4874.32,6.2,6.2,NA,Unknown,Water level accuracy is unknown,1,Department of Water Resources,NA,1,Department of Water Resources,NA,NA,20571,22N15E08Q001M,22N15E08Q001M,Unknown,Unknown,5-012.01,Sierra Valley,Plumas,943,Stockwatering,Single Well,ELOG,1980-10-23 00:00:00 - 2020-04-24 12:00:00,81,fall,0.6,9.7,NA,NA,2007,Dry,2006-10-01T00:00:00Z,2007-10-01T00:00:00Z,-120.324,39.7667
397667N1203238W001,1752498,2006-04-18T00:00:00Z,4880.52,4880.52,0,0.8,4879.72,0.8,0.8,NA,Unknown,Water level accuracy is unknown,1,Department of Water Resources,NA,1,Department of Water Resources,NA,NA,20571,22N15E08Q001M,22N15E08Q001M,Unknown,Unknown,5-012.01,Sierra Valley,Plumas,943,Stockwatering,Single Well,ELOG,1980-10-23 00:00:00 - 2020-04-24 12:00:00,81,spring,NA,NA,0.55,10.7,2006,Wet,2005-10-01T00:00:00Z,2006-10-01T00:00:00Z,-120.324,39.7667
397667N1203238W001,1752497,2005-10-26T00:00:00Z,4880.52,4880.52,0,7.2,4873.32,7.2,7.2,NA,Unknown,Water level accuracy is unknown,1,Department of Water Resources,NA,1,Department of Water Resources,NA,NA,20571,22N15E08Q001M,22N15E08Q001M,Unknown,Unknown,5-012.01,Sierra Valley,Plumas,943,Stockwatering,Single Well,ELOG,1980-10-23 00:00:00 - 2020-04-24 12:00:00,81,fall,0.6,9.7,NA,NA,2006,Wet,2005-10-01T00:00:00Z,2006-10-01T00:00:00Z,-120.324,39.7667
397667N1203238W001,1752496,2005-04-05T00:00:00Z,4880.52,4880.52,0,2.9,4877.62,2.9,2.9,NA,Unknown,Water level accuracy is unknown,1,Department of Water Resources,NA,1,Department of Water Resources,NA,NA,20571,22N15E08Q001M,22N15E08Q001M,Unknown,Unknown,5-012.01,Sierra Valley,Plumas,943,Stockwatering,Single Well,ELOG,1980-10-23 00:00:00 - 2020-04-24 12:00:00,81,spring,NA,NA,0.55,10.7,2005,NA,2004-10-01T00:00:00Z,2005-10-01T00:00:00Z,-120.324,39.7667
397667N1203238W001,1752495,2004-10-15T00:00:00Z,4880.52,4880.52,0,8.2,4872.32,8.2,8.2,NA,Unknown,Water level accuracy is unknown,1,Department of Water Resources,NA,1,Department of Water Resources,NA,NA,20571,22N15E08Q001M,22N15E08Q001M,Unknown,Unknown,5-012.01,Sierra Valley,Plumas,943,Stockwatering,Single Well,ELOG,1980-10-23 00:00:00 - 2020-04-24 12:00:00,81,fall,0.6,9.7,NA,NA,2005,NA,2004-10-01T00:00:00Z,2005-10-01T00:00:00Z,-120.324,39.7667
397667N1203238W001,1752494,2004-04-05T00:00:00Z,4880.52,4880.52,0,3.2,4877.32,3.2,3.2,NA,Unknown,Water level accuracy is unknown,1,Department of Water Resources,NA,1,Department of Water Resources,NA,NA,20571,22N15E08Q001M,22N15E08Q001M,Unknown,Unknown,5-012.01,Sierra Valley,Plumas,943,Stockwatering,Single Well,ELOG,1980-10-23 00:00:00 - 2020-04-24 12:00:00,81,spring,NA,NA,0.55,10.7,2004,NA,2003-10-01T00:00:00Z,2004-10-01T00:00:00Z,-120.324,39.7667
397667N1203238W001,1752493,2003-10-29T00:00:00Z,4880.52,4880.52,0,7.4,4873.12,7.4,7.4,NA,Unknown,Water level accuracy is unknown,1,Department of Water Resources,NA,1,Department of Water Resources,NA,NA,20571,22N15E08Q001M,22N15E08Q001M,Unknown,Unknown,5-012.01,Sierra Valley,Plumas,943,Stockwatering,Single Well,ELOG,1980-10-23 00:00:00 - 2020-04-24 12:00:00,81,fall,0.6,9.7,NA,NA,2004,NA,2003-10-01T00:00:00Z,2004-10-01T00:00:00Z,-120.324,39.7667
397667N1203238W001,1752492,2003-03-28T00:00:00Z,4880.52,4880.52,0,3.9,4876.62,3.9,3.9,NA,Unknown,Water level accuracy is unknown,1,Department of Water Resources,NA,1,Department of Water Resources,NA,NA,20571,22N15E08Q001M,22N15E08Q001M,Unknown,Unknown,5-012.01,Sierra Valley,Plumas,943,Stockwatering,Single Well,ELOG,1980-10-23 00:00:00 - 2020-04-24 12:00:00,81,spring,NA,NA,0.55,10.7,2003,NA,2002-10-01T00:00:00Z,2003-10-01T00:00:00Z,-120.324,39.7667
397667N1203238W001,1752491,2002-10-24T00:00:00Z,4880.52,4880.52,0,9.4,4871.12,9.4,9.4,NA,Unknown,Water level accuracy is unknown,1,Department of Water Resources,NA,1,Department of Water Resources,NA,NA,20571,22N15E08Q001M,22N15E08Q001M,Unknown,Unknown,5-012.01,Sierra Valley,Plumas,943,Stockwatering,Single Well,ELOG,1980-10-23 00:00:00 - 2020-04-24 12:00:00,81,fall,0.6,9.7,NA,NA,2003,NA,2002-10-01T00:00:00Z,2003-10-01T00:00:00Z,-120.324,39.7667
397667N1203238W001,1752490,2002-03-26T00:00:00Z,4880.52,4880.52,0,5.3,4875.22,5.3,5.3,NA,Unknown,Water level accuracy is unknown,1,Department of Water Resources,NA,1,Department of Water Resources,NA,NA,20571,22N15E08Q001M,22N15E08Q001M,Unknown,Unknown,5-012.01,Sierra Valley,Plumas,943,Stockwatering,Single Well,ELOG,1980-10-23 00:00:00 - 2020-04-24 12:00:00,81,spring,NA,NA,0.55,10.7,2002,NA,2001-10-01T00:00:00Z,2002-10-01T00:00:00Z,-120.324,39.7667
397667N1203238W001,1752489,2001-10-18T00:00:00Z,4880.52,4880.52,0,9.7,4870.82,9.7,9.7,NA,Unknown,Water level accuracy is unknown,1,Department of Water Resources,NA,1,Department of Water Resources,NA,NA,20571,22N15E08Q001M,22N15E08Q001M,Unknown,Unknown,5-012.01,Sierra Valley,Plumas,943,Stockwatering,Single Well,ELOG,1980-10-23 00:00:00 - 2020-04-24 12:00:00,81,fall,0.6,9.7,NA,NA,2002,NA,2001-10-01T00:00:00Z,2002-10-01T00:00:00Z,-120.324,39.7667
397667N1203238W001,1752488,2001-03-27T00:00:00Z,4880.52,4880.52,0,6.3,4874.22,6.3,6.3,NA,Unknown,Water level accuracy is unknown,1,Department of Water Resources,NA,1,Department of Water Resources,NA,NA,20571,22N15E08Q001M,22N15E08Q001M,Unknown,Unknown,5-012.01,Sierra Valley,Plumas,943,Stockwatering,Single Well,ELOG,1980-10-23 00:00:00 - 2020-04-24 12:00:00,81,spring,NA,NA,0.55,10.7,2001,Dry,2000-10-01T00:00:00Z,2001-10-01T00:00:00Z,-120.324,39.7667
397667N1203238W001,1752487,2000-10-18T00:00:00Z,4880.52,4880.52,0,6.7,4873.82,6.7,6.7,NA,Unknown,Water level accuracy is unknown,1,Department of Water Resources,NA,1,Department of Water Resources,NA,NA,20571,22N15E08Q001M,22N15E08Q001M,Unknown,Unknown,5-012.01,Sierra Valley,Plumas,943,Stockwatering,Single Well,ELOG,1980-10-23 00:00:00 - 2020-04-24 12:00:00,81,fall,0.6,9.7,NA,NA,2001,Dry,2000-10-01T00:00:00Z,2001-10-01T00:00:00Z,-120.324,39.7667
397667N1203238W001,1752486,2000-03-26T00:00:00Z,4880.52,4880.52,0,2.1,4878.42,2.1,2.1,NA,Unknown,Water level accuracy is unknown,1,Department of Water Resources,NA,1,Department of Water Resources,NA,NA,20571,22N15E08Q001M,22N15E08Q001M,Unknown,Unknown,5-012.01,Sierra Valley,Plumas,943,Stockwatering,Single Well,ELOG,1980-10-23 00:00:00 - 2020-04-24 12:00:00,81,spring,NA,NA,0.55,10.7,2000,NA,1999-10-01T00:00:00Z,2000-10-01T00:00:00Z,-120.324,39.7667
397667N1203238W001,1752484,1999-10-12T00:00:00Z,4880.52,4880.52,0,5.9,4874.62,5.9,5.9,NA,Unknown,Water level accuracy is unknown,1,Department of Water Resources,NA,1,Department of Water Resources,NA,NA,20571,22N15E08Q001M,22N15E08Q001M,Unknown,Unknown,5-012.01,Sierra Valley,Plumas,943,Stockwatering,Single Well,ELOG,1980-10-23 00:00:00 - 2020-04-24 12:00:00,81,fall,0.6,9.7,NA,NA,2000,NA,1999-10-01T00:00:00Z,2000-10-01T00:00:00Z,-120.324,39.7667
397667N1203238W001,1752485,1999-04-13T00:00:00Z,4880.52,4880.52,0,0.9,4879.62,0.9,0.9,NA,Unknown,Water level accuracy is unknown,1,Department of Water Resources,NA,1,Department of Water Resources,NA,NA,20571,22N15E08Q001M,22N15E08Q001M,Unknown,Unknown,5-012.01,Sierra Valley,Plumas,943,Stockwatering,Single Well,ELOG,1980-10-23 00:00:00 - 2020-04-24 12:00:00,81,spring,NA,NA,0.55,10.7,1999,NA,1998-10-01T00:00:00Z,1999-10-01T00:00:00Z,-120.324,39.7667
397667N1203238W001,1752483,1998-10-13T00:00:00Z,4880.52,4880.52,0,5.7,4874.82,5.7,5.7,NA,Unknown,Water level accuracy is unknown,1,Department of Water Resources,NA,1,Department of Water Resources,NA,NA,20571,22N15E08Q001M,22N15E08Q001M,Unknown,Unknown,5-012.01,Sierra Valley,Plumas,943,Stockwatering,Single Well,ELOG,1980-10-23 00:00:00 - 2020-04-24 12:00:00,81,fall,0.6,9.7,NA,NA,1999,NA,1998-10-01T00:00:00Z,1999-10-01T00:00:00Z,-120.324,39.7667
397667N1203238W001,1752482,1998-05-14T00:00:00Z,4880.52,4880.52,0,1.5,4879.02,1.5,1.5,NA,Unknown,Water level accuracy is unknown,1,Department of Water Resources,NA,1,Department of Water Resources,NA,NA,20571,22N15E08Q001M,22N15E08Q001M,Unknown,Unknown,5-012.01,Sierra Valley,Plumas,943,Stockwatering,Single Well,ELOG,1980-10-23 00:00:00 - 2020-04-24 12:00:00,81,spring,NA,NA,0.55,10.7,1998,NA,1997-10-01T00:00:00Z,1998-10-01T00:00:00Z,-120.324,39.7667
397667N1203238W001,1752481,1997-10-17T00:00:00Z,4880.52,4880.52,0,6.3,4874.22,6.3,6.3,NA,Unknown,Water level accuracy is unknown,1,Department of Water Resources,NA,1,Department of Water Resources,NA,NA,20571,22N15E08Q001M,22N15E08Q001M,Unknown,Unknown,5-012.01,Sierra Valley,Plumas,943,Stockwatering,Single Well,ELOG,1980-10-23 00:00:00 - 2020-04-24 12:00:00,81,fall,0.6,9.7,NA,NA,1998,NA,1997-10-01T00:00:00Z,1998-10-01T00:00:00Z,-120.324,39.7667
397667N1203238W001,1752480,1997-04-04T00:00:00Z,4880.52,4880.52,0,2,4878.52,2,2,NA,Unknown,Water level accuracy is unknown,1,Department of Water Resources,NA,1,Department of Water Resources,NA,NA,20571,22N15E08Q001M,22N15E08Q001M,Unknown,Unknown,5-012.01,Sierra Valley,Plumas,943,Stockwatering,Single Well,ELOG,1980-10-23 00:00:00 - 2020-04-24 12:00:00,81,spring,NA,NA,0.55,10.7,1997,NA,1996-10-01T00:00:00Z,1997-10-01T00:00:00Z,-120.324,39.7667
397667N1203238W001,1752447,1996-10-29T00:00:00Z,4880.52,4880.52,0,5.9,4874.62,5.9,5.9,NA,Unknown,Water level accuracy is unknown,1,Department of Water Resources,NA,1,Department of Water Resources,NA,NA,20571,22N15E08Q001M,22N15E08Q001M,Unknown,Unknown,5-012.01,Sierra Valley,Plumas,943,Stockwatering,Single Well,ELOG,1980-10-23 00:00:00 - 2020-04-24 12:00:00,81,fall,0.6,9.7,NA,NA,1997,NA,1996-10-01T00:00:00Z,1997-10-01T00:00:00Z,-120.324,39.7667
397667N1203238W001,1752479,1996-05-07T00:00:00Z,4880.52,4880.52,0,2.3,4878.22,2.3,2.3,NA,Unknown,Water level accuracy is unknown,1,Department of Water Resources,NA,1,Department of Water Resources,NA,NA,20571,22N15E08Q001M,22N15E08Q001M,Unknown,Unknown,5-012.01,Sierra Valley,Plumas,943,Stockwatering,Single Well,ELOG,1980-10-23 00:00:00 - 2020-04-24 12:00:00,81,spring,NA,NA,0.55,10.7,1996,NA,1995-10-01T00:00:00Z,1996-10-01T00:00:00Z,-120.324,39.7667
397667N1203238W001,1752478,1995-10-23T00:00:00Z,4880.52,4880.52,0,5.8,4874.72,5.8,5.8,NA,Unknown,Water level accuracy is unknown,1,Department of Water Resources,NA,1,Department of Water Resources,NA,NA,20571,22N15E08Q001M,22N15E08Q001M,Unknown,Unknown,5-012.01,Sierra Valley,Plumas,943,Stockwatering,Single Well,ELOG,1980-10-23 00:00:00 - 2020-04-24 12:00:00,81,fall,0.6,9.7,NA,NA,1996,NA,1995-10-01T00:00:00Z,1996-10-01T00:00:00Z,-120.324,39.7667
397667N1203238W001,1752477,1995-05-31T00:00:00Z,4880.52,4880.52,0,1.8,4878.72,1.8,1.8,NA,Unknown,Water level accuracy is unknown,1,Department of Water Resources,NA,1,Department of Water Resources,NA,NA,20571,22N15E08Q001M,22N15E08Q001M,Unknown,Unknown,5-012.01,Sierra Valley,Plumas,943,Stockwatering,Single Well,ELOG,1980-10-23 00:00:00 - 2020-04-24 12:00:00,81,spring,NA,NA,0.55,10.7,1995,Wet,1994-10-01T00:00:00Z,1995-10-01T00:00:00Z,-120.324,39.7667
397667N1203238W001,1752476,1994-10-28T00:00:00Z,4880.52,4880.52,0,7.3,4873.22,7.3,7.3,NA,Unknown,Water level accuracy is unknown,1,Department of Water Resources,NA,1,Department of Water Resources,NA,NA,20571,22N15E08Q001M,22N15E08Q001M,Unknown,Unknown,5-012.01,Sierra Valley,Plumas,943,Stockwatering,Single Well,ELOG,1980-10-23 00:00:00 - 2020-04-24 12:00:00,81,fall,0.6,9.7,NA,NA,1995,Wet,1994-10-01T00:00:00Z,1995-10-01T00:00:00Z,-120.324,39.7667
397667N1203238W001,1752475,1994-03-28T00:00:00Z,4880.52,4880.52,0,4.6,4875.92,4.6,4.6,NA,Unknown,Water level accuracy is unknown,1,Department of Water Resources,NA,1,Department of Water Resources,NA,NA,20571,22N15E08Q001M,22N15E08Q001M,Unknown,Unknown,5-012.01,Sierra Valley,Plumas,943,Stockwatering,Single Well,ELOG,1980-10-23 00:00:00 - 2020-04-24 12:00:00,81,spring,NA,NA,0.55,10.7,1994,Dry,1993-10-01T00:00:00Z,1994-10-01T00:00:00Z,-120.324,39.7667
397667N1203238W001,1752474,1993-10-21T00:00:00Z,4880.52,4880.52,0,6.2,4874.32,6.2,6.2,NA,Unknown,Water level accuracy is unknown,1,Department of Water Resources,NA,1,Department of Water Resources,NA,NA,20571,22N15E08Q001M,22N15E08Q001M,Unknown,Unknown,5-012.01,Sierra Valley,Plumas,943,Stockwatering,Single Well,ELOG,1980-10-23 00:00:00 - 2020-04-24 12:00:00,81,fall,0.6,9.7,NA,NA,1994,Dry,1993-10-01T00:00:00Z,1994-10-01T00:00:00Z,-120.324,39.7667
397667N1203238W001,1752473,1993-04-21T00:00:00Z,4880.52,4880.52,0,2,4878.52,2,2,NA,Unknown,Water level accuracy is unknown,1,Department of Water Resources,NA,1,Department of Water Resources,NA,NA,20571,22N15E08Q001M,22N15E08Q001M,Unknown,Unknown,5-012.01,Sierra Valley,Plumas,943,Stockwatering,Single Well,ELOG,1980-10-23 00:00:00 - 2020-04-24 12:00:00,81,spring,NA,NA,0.55,10.7,1993,NA,1992-10-01T00:00:00Z,1993-10-01T00:00:00Z,-120.324,39.7667
397667N1203238W001,1752472,1992-10-20T00:00:00Z,4880.52,4880.52,0,0.6,4879.92,0.6,0.6,NA,Unknown,Water level accuracy is unknown,1,Department of Water Resources,NA,1,Department of Water Resources,NA,NA,20571,22N15E08Q001M,22N15E08Q001M,Unknown,Unknown,5-012.01,Sierra Valley,Plumas,943,Stockwatering,Single Well,ELOG,1980-10-23 00:00:00 - 2020-04-24 12:00:00,81,fall,0.6,9.7,NA,NA,1993,NA,1992-10-01T00:00:00Z,1993-10-01T00:00:00Z,-120.324,39.7667
397667N1203238W001,1752471,1992-03-24T00:00:00Z,4880.52,4880.52,0,5.7,4874.82,5.7,5.7,NA,Unknown,Water level accuracy is unknown,1,Department of Water Resources,NA,1,Department of Water Resources,NA,NA,20571,22N15E08Q001M,22N15E08Q001M,Unknown,Unknown,5-012.01,Sierra Valley,Plumas,943,Stockwatering,Single Well,ELOG,1980-10-23 00:00:00 - 2020-04-24 12:00:00,81,spring,NA,NA,0.55,10.7,1992,NA,1991-10-01T00:00:00Z,1992-10-01T00:00:00Z,-120.324,39.7667
397667N1203238W001,1752470,1991-10-21T00:00:00Z,4880.52,4880.52,0,6.1,4874.42,6.1,6.1,NA,Unknown,Water level accuracy is unknown,1,Department of Water Resources,NA,1,Department of Water Resources,NA,NA,20571,22N15E08Q001M,22N15E08Q001M,Unknown,Unknown,5-012.01,Sierra Valley,Plumas,943,Stockwatering,Single Well,ELOG,1980-10-23 00:00:00 - 2020-04-24 12:00:00,81,fall,0.6,9.7,NA,NA,1992,NA,1991-10-01T00:00:00Z,1992-10-01T00:00:00Z,-120.324,39.7667
397667N1203238W001,1752469,1991-02-26T00:00:00Z,4880.52,4880.52,0,5.6,4874.92,5.6,5.6,Other,Unknown,Water level accuracy is unknown,1,Department of Water Resources,NA,1,Department of Water Resources,NA,NA,20571,22N15E08Q001M,22N15E08Q001M,Unknown,Unknown,5-012.01,Sierra Valley,Plumas,943,Stockwatering,Single Well,ELOG,1980-10-23 00:00:00 - 2020-04-24 12:00:00,81,other,NA,NA,NA,NA,1991,NA,1990-10-01T00:00:00Z,1991-10-01T00:00:00Z,-120.324,39.7667
397667N1203238W001,1752468,1990-10-24T00:00:00Z,4880.52,4880.52,0,6.2,4874.32,6.2,6.2,Other,Unknown,Water level accuracy is unknown,1,Department of Water Resources,NA,1,Department of Water Resources,NA,NA,20571,22N15E08Q001M,22N15E08Q001M,Unknown,Unknown,5-012.01,Sierra Valley,Plumas,943,Stockwatering,Single Well,ELOG,1980-10-23 00:00:00 - 2020-04-24 12:00:00,81,fall,0.6,9.7,NA,NA,1991,NA,1990-10-01T00:00:00Z,1991-10-01T00:00:00Z,-120.324,39.7667
397667N1203238W001,1752467,1990-04-11T00:00:00Z,4880.52,4880.52,0,3.8,4876.72,3.8,3.8,Other,Unknown,Water level accuracy is unknown,1,Department of Water Resources,NA,388,Sierra Valley Groundwater Management District,NA,NA,20571,22N15E08Q001M,22N15E08Q001M,Unknown,Unknown,5-012.01,Sierra Valley,Plumas,943,Stockwatering,Single Well,ELOG,1980-10-23 00:00:00 - 2020-04-24 12:00:00,81,spring,NA,NA,0.55,10.7,1990,NA,1989-10-01T00:00:00Z,1990-10-01T00:00:00Z,-120.324,39.7667
397667N1203238W001,1752466,1989-09-26T00:00:00Z,4880.52,4880.52,0,6.3,4874.22,6.3,6.3,Other,Unknown,Water level accuracy is unknown,1,Department of Water Resources,NA,1,Department of Water Resources,NA,NA,20571,22N15E08Q001M,22N15E08Q001M,Unknown,Unknown,5-012.01,Sierra Valley,Plumas,943,Stockwatering,Single Well,ELOG,1980-10-23 00:00:00 - 2020-04-24 12:00:00,81,fall,0.6,9.7,NA,NA,1989,NA,1988-10-01T00:00:00Z,1989-10-01T00:00:00Z,-120.324,39.7667
397667N1203238W001,1752465,1989-04-16T00:00:00Z,4880.52,4880.52,0,3,4877.52,3,3,NA,Unknown,Water level accuracy is unknown,1,Department of Water Resources,NA,1,Department of Water Resources,NA,NA,20571,22N15E08Q001M,22N15E08Q001M,Unknown,Unknown,5-012.01,Sierra Valley,Plumas,943,Stockwatering,Single Well,ELOG,1980-10-23 00:00:00 - 2020-04-24 12:00:00,81,spring,NA,NA,0.55,10.7,1989,NA,1988-10-01T00:00:00Z,1989-10-01T00:00:00Z,-120.324,39.7667
397667N1203238W001,1752464,1988-10-05T00:00:00Z,4880.52,4880.52,0,8.5,4872.02,8.5,8.5,NA,Unknown,Water level accuracy is unknown,1,Department of Water Resources,NA,1,Department of Water Resources,NA,NA,20571,22N15E08Q001M,22N15E08Q001M,Unknown,Unknown,5-012.01,Sierra Valley,Plumas,943,Stockwatering,Single Well,ELOG,1980-10-23 00:00:00 - 2020-04-24 12:00:00,81,fall,0.6,9.7,NA,NA,1989,NA,1988-10-01T00:00:00Z,1989-10-01T00:00:00Z,-120.324,39.7667
397667N1203238W001,1752463,1988-03-22T00:00:00Z,4880.52,4880.52,0,6.8,4873.72,6.8,6.8,NA,Unknown,Water level accuracy is unknown,1,Department of Water Resources,NA,1,Department of Water Resources,NA,NA,20571,22N15E08Q001M,22N15E08Q001M,Unknown,Unknown,5-012.01,Sierra Valley,Plumas,943,Stockwatering,Single Well,ELOG,1980-10-23 00:00:00 - 2020-04-24 12:00:00,81,spring,NA,NA,0.55,10.7,1988,NA,1987-10-01T00:00:00Z,1988-10-01T00:00:00Z,-120.324,39.7667
397667N1203238W001,1752462,1987-10-21T00:00:00Z,4880.52,4880.52,0,7.4,4873.12,7.4,7.4,NA,Unknown,Water level accuracy is unknown,1,Department of Water Resources,NA,1,Department of Water Resources,NA,NA,20571,22N15E08Q001M,22N15E08Q001M,Unknown,Unknown,5-012.01,Sierra Valley,Plumas,943,Stockwatering,Single Well,ELOG,1980-10-23 00:00:00 - 2020-04-24 12:00:00,81,fall,0.6,9.7,NA,NA,1988,NA,1987-10-01T00:00:00Z,1988-10-01T00:00:00Z,-120.324,39.7667
397667N1203238W001,1752461,1987-04-07T00:00:00Z,4880.52,4880.52,0,6.1,4874.42,6.1,6.1,NA,Unknown,Water level accuracy is unknown,1,Department of Water Resources,NA,1,Department of Water Resources,NA,NA,20571,22N15E08Q001M,22N15E08Q001M,Unknown,Unknown,5-012.01,Sierra Valley,Plumas,943,Stockwatering,Single Well,ELOG,1980-10-23 00:00:00 - 2020-04-24 12:00:00,81,spring,NA,NA,0.55,10.7,1987,Dry,1986-10-01T00:00:00Z,1987-10-01T00:00:00Z,-120.324,39.7667
397667N1203238W001,1752460,1986-10-04T00:00:00Z,4880.52,4880.52,0,7.5,4873.02,7.5,7.5,NA,Unknown,Water level accuracy is unknown,1,Department of Water Resources,NA,1,Department of Water Resources,NA,NA,20571,22N15E08Q001M,22N15E08Q001M,Unknown,Unknown,5-012.01,Sierra Valley,Plumas,943,Stockwatering,Single Well,ELOG,1980-10-23 00:00:00 - 2020-04-24 12:00:00,81,fall,0.6,9.7,NA,NA,1987,Dry,1986-10-01T00:00:00Z,1987-10-01T00:00:00Z,-120.324,39.7667
397667N1203238W001,1752459,1986-04-01T00:00:00Z,4880.52,4880.52,0,4.1,4876.42,4.1,4.1,NA,Unknown,Water level accuracy is unknown,1,Department of Water Resources,NA,1,Department of Water Resources,NA,NA,20571,22N15E08Q001M,22N15E08Q001M,Unknown,Unknown,5-012.01,Sierra Valley,Plumas,943,Stockwatering,Single Well,ELOG,1980-10-23 00:00:00 - 2020-04-24 12:00:00,81,spring,NA,NA,0.55,10.7,1986,Wet,1985-10-01T00:00:00Z,1986-10-01T00:00:00Z,-120.324,39.7667
397667N1203238W001,1752458,1985-10-06T00:00:00Z,4880.52,4880.52,0,6.5,4874.02,6.5,6.5,NA,Unknown,Water level accuracy is unknown,1,Department of Water Resources,NA,1,Department of Water Resources,NA,NA,20571,22N15E08Q001M,22N15E08Q001M,Unknown,Unknown,5-012.01,Sierra Valley,Plumas,943,Stockwatering,Single Well,ELOG,1980-10-23 00:00:00 - 2020-04-24 12:00:00,81,fall,0.6,9.7,NA,NA,1986,Wet,1985-10-01T00:00:00Z,1986-10-01T00:00:00Z,-120.324,39.7667
397667N1203238W001,1752457,1985-03-25T00:00:00Z,4880.52,4880.52,0,1.9,4878.62,1.9,1.9,NA,Unknown,Water level accuracy is unknown,1,Department of Water Resources,NA,1,Department of Water Resources,NA,NA,20571,22N15E08Q001M,22N15E08Q001M,Unknown,Unknown,5-012.01,Sierra Valley,Plumas,943,Stockwatering,Single Well,ELOG,1980-10-23 00:00:00 - 2020-04-24 12:00:00,81,spring,NA,NA,0.55,10.7,1985,Dry,1984-10-01T00:00:00Z,1985-10-01T00:00:00Z,-120.324,39.7667
397667N1203238W001,1752456,1984-10-02T00:00:00Z,4880.52,4880.52,0,4.8,4875.72,4.8,4.8,NA,Unknown,Water level accuracy is unknown,1,Department of Water Resources,NA,1,Department of Water Resources,NA,NA,20571,22N15E08Q001M,22N15E08Q001M,Unknown,Unknown,5-012.01,Sierra Valley,Plumas,943,Stockwatering,Single Well,ELOG,1980-10-23 00:00:00 - 2020-04-24 12:00:00,81,fall,0.6,9.7,NA,NA,1985,Dry,1984-10-01T00:00:00Z,1985-10-01T00:00:00Z,-120.324,39.7667
397667N1203238W001,1752455,1984-03-16T00:00:00Z,4880.52,4880.52,0,1.1,4879.42,1.1,1.1,NA,Unknown,Water level accuracy is unknown,1,Department of Water Resources,NA,1,Department of Water Resources,NA,NA,20571,22N15E08Q001M,22N15E08Q001M,Unknown,Unknown,5-012.01,Sierra Valley,Plumas,943,Stockwatering,Single Well,ELOG,1980-10-23 00:00:00 - 2020-04-24 12:00:00,81,spring,NA,NA,0.55,10.7,1984,NA,1983-10-01T00:00:00Z,1984-10-01T00:00:00Z,-120.324,39.7667
397667N1203238W001,1752454,1983-04-27T00:00:00Z,4880.52,4880.52,0,4.8,4875.72,4.8,4.8,NA,Unknown,Water level accuracy is unknown,1,Department of Water Resources,NA,1,Department of Water Resources,NA,NA,20571,22N15E08Q001M,22N15E08Q001M,Unknown,Unknown,5-012.01,Sierra Valley,Plumas,943,Stockwatering,Single Well,ELOG,1980-10-23 00:00:00 - 2020-04-24 12:00:00,81,spring,NA,NA,0.55,10.7,1983,NA,1982-10-01T00:00:00Z,1983-10-01T00:00:00Z,-120.324,39.7667
397667N1203238W001,1752453,1983-04-12T00:00:00Z,4880.52,4880.52,0,1.4,4879.12,1.4,1.4,NA,Unknown,Water level accuracy is unknown,1,Department of Water Resources,NA,1,Department of Water Resources,NA,NA,20571,22N15E08Q001M,22N15E08Q001M,Unknown,Unknown,5-012.01,Sierra Valley,Plumas,943,Stockwatering,Single Well,ELOG,1980-10-23 00:00:00 - 2020-04-24 12:00:00,81,spring,NA,NA,0.55,10.7,1983,NA,1982-10-01T00:00:00Z,1983-10-01T00:00:00Z,-120.324,39.7667
397667N1203238W001,1752452,1982-10-05T00:00:00Z,4880.52,4880.52,0,4.5,4876.02,4.5,4.5,NA,Unknown,Water level accuracy is unknown,1,Department of Water Resources,NA,1,Department of Water Resources,NA,NA,20571,22N15E08Q001M,22N15E08Q001M,Unknown,Unknown,5-012.01,Sierra Valley,Plumas,943,Stockwatering,Single Well,ELOG,1980-10-23 00:00:00 - 2020-04-24 12:00:00,81,fall,0.6,9.7,NA,NA,1983,NA,1982-10-01T00:00:00Z,1983-10-01T00:00:00Z,-120.324,39.7667
397667N1203238W001,1752451,1982-09-17T00:00:00Z,4880.52,4880.52,0,5,4875.52,5,5,NA,Unknown,Water level accuracy is unknown,1,Department of Water Resources,NA,1,Department of Water Resources,NA,NA,20571,22N15E08Q001M,22N15E08Q001M,Unknown,Unknown,5-012.01,Sierra Valley,Plumas,943,Stockwatering,Single Well,ELOG,1980-10-23 00:00:00 - 2020-04-24 12:00:00,81,fall,0.6,9.7,NA,NA,1982,Wet,1981-10-01T00:00:00Z,1982-10-01T00:00:00Z,-120.324,39.7667
397667N1203238W001,1752450,1982-04-28T00:00:00Z,4880.52,4880.52,0,10.7,4869.82,10.7,10.7,NA,Unknown,Water level accuracy is unknown,1,Department of Water Resources,NA,1,Department of Water Resources,NA,NA,20571,22N15E08Q001M,22N15E08Q001M,Unknown,Unknown,5-012.01,Sierra Valley,Plumas,943,Stockwatering,Single Well,ELOG,1980-10-23 00:00:00 - 2020-04-24 12:00:00,81,spring,NA,NA,0.55,10.7,1982,Wet,1981-10-01T00:00:00Z,1982-10-01T00:00:00Z,-120.324,39.7667
