SITE_CODE,WLM_ID,MSMT_DATE,WLM_RPE,WLM_GSE,RDNG_WS,RDNG_RP,WSE,RPE_WSE,GSE_WSE,WLM_QA_DESC,WLM_DESC,WLM_ACC_DESC,WLM_ORG_ID,WLM_ORG_NAME,MSMT_CMT,COOP_AGENCY_ORG_ID,COOP_ORG_NAME,TOP_PRF,BOT_PRF,STN_ID,SWN,WELL_NAME,WLM_METHOD,WLM_ACC,BASIN_CODE,BASIN_NAME,COUNTY_NAME,WELL_DEPTH,WELL_USE,WELL_TYPE,WCR_NO,t_range,n_samples,season,fall_high,fall_low,spring_high,spring_low,water_year,water_year_type,water_year_start,water_year_end,X,Y
397659N1202185W001,802206,1999-04-14T00:00:00Z,4915.29,4913.59,0,0.9,4914.39,0.9,-0.8,Oil or foreign substance in casing,Unknown,Water level accuracy is unknown,1,Department of Water Resources,NA,1,Department of Water Resources,NA,NA,36144,22N16E17D001M,NA,Unknown,Unknown,5-012.01,Sierra Valley,Plumas,810,Irrigation,Unknown,72926,1980-10-04 - 2000-03-26,51,spring,NA,NA,-0.8,32.2,1999,NA,1998-10-01T00:00:00Z,1999-10-01T00:00:00Z,-120.219,39.7659
397659N1202185W001,802203,1998-10-13T00:00:00Z,4915.29,4913.59,0,2.9,4912.39,2.9,1.2,NA,Unknown,Water level accuracy is unknown,1,Department of Water Resources,NA,1,Department of Water Resources,NA,NA,36144,22N16E17D001M,NA,Unknown,Unknown,5-012.01,Sierra Valley,Plumas,810,Irrigation,Unknown,72926,1980-10-04 - 2000-03-26,51,fall,1.2,157.8,NA,NA,1999,NA,1998-10-01T00:00:00Z,1999-10-01T00:00:00Z,-120.219,39.7659
397659N1202185W001,802204,1998-05-14T00:00:00Z,4915.29,4913.59,0,2.2,4913.09,2.2,0.5,NA,Unknown,Water level accuracy is unknown,1,Department of Water Resources,NA,1,Department of Water Resources,NA,NA,36144,22N16E17D001M,NA,Unknown,Unknown,5-012.01,Sierra Valley,Plumas,810,Irrigation,Unknown,72926,1980-10-04 - 2000-03-26,51,spring,NA,NA,-0.8,32.2,1998,NA,1997-10-01T00:00:00Z,1998-10-01T00:00:00Z,-120.219,39.7659
397659N1202185W001,802202,1997-10-16T00:00:00Z,4915.29,4913.59,0,3.9,4911.39,3.9,2.2,NA,Unknown,Water level accuracy is unknown,1,Department of Water Resources,NA,1,Department of Water Resources,NA,NA,36144,22N16E17D001M,NA,Unknown,Unknown,5-012.01,Sierra Valley,Plumas,810,Irrigation,Unknown,72926,1980-10-04 - 2000-03-26,51,fall,1.2,157.8,NA,NA,1998,NA,1997-10-01T00:00:00Z,1998-10-01T00:00:00Z,-120.219,39.7659
397659N1202185W001,802200,1997-04-04T00:00:00Z,4915.29,4913.59,0,2.9,4912.39,2.9,1.2,NA,Unknown,Water level accuracy is unknown,1,Department of Water Resources,NA,1,Department of Water Resources,NA,NA,36144,22N16E17D001M,NA,Unknown,Unknown,5-012.01,Sierra Valley,Plumas,810,Irrigation,Unknown,72926,1980-10-04 - 2000-03-26,51,spring,NA,NA,-0.8,32.2,1997,NA,1996-10-01T00:00:00Z,1997-10-01T00:00:00Z,-120.219,39.7659
397659N1202185W001,802201,1996-10-29T00:00:00Z,4915.29,4913.59,0,8,4907.29,8,6.3,NA,Unknown,Water level accuracy is unknown,1,Department of Water Resources,NA,1,Department of Water Resources,NA,NA,36144,22N16E17D001M,NA,Unknown,Unknown,5-012.01,Sierra Valley,Plumas,810,Irrigation,Unknown,72926,1980-10-04 - 2000-03-26,51,fall,1.2,157.8,NA,NA,1997,NA,1996-10-01T00:00:00Z,1997-10-01T00:00:00Z,-120.219,39.7659
397659N1202185W001,802199,1996-05-07T00:00:00Z,4915.29,4913.59,0,6.6,4908.69,6.6,4.9,NA,Unknown,Water level accuracy is unknown,1,Department of Water Resources,NA,1,Department of Water Resources,NA,NA,36144,22N16E17D001M,NA,Unknown,Unknown,5-012.01,Sierra Valley,Plumas,810,Irrigation,Unknown,72926,1980-10-04 - 2000-03-26,51,spring,NA,NA,-0.8,32.2,1996,NA,1995-10-01T00:00:00Z,1996-10-01T00:00:00Z,-120.219,39.7659
397659N1202185W001,802198,1995-10-25T00:00:00Z,4915.29,4913.59,0,13.4,4901.89,13.4,11.7,NA,Unknown,Water level accuracy is unknown,1,Department of Water Resources,NA,1,Department of Water Resources,NA,NA,36144,22N16E17D001M,NA,Unknown,Unknown,5-012.01,Sierra Valley,Plumas,810,Irrigation,Unknown,72926,1980-10-04 - 2000-03-26,51,fall,1.2,157.8,NA,NA,1996,NA,1995-10-01T00:00:00Z,1996-10-01T00:00:00Z,-120.219,39.7659
397659N1202185W001,802197,1995-05-31T00:00:00Z,4915.29,4913.59,0,13.8,4901.49,13.8,12.1,NA,Unknown,Water level accuracy is unknown,1,Department of Water Resources,NA,1,Department of Water Resources,NA,NA,36144,22N16E17D001M,NA,Unknown,Unknown,5-012.01,Sierra Valley,Plumas,810,Irrigation,Unknown,72926,1980-10-04 - 2000-03-26,51,spring,NA,NA,-0.8,32.2,1995,Wet,1994-10-01T00:00:00Z,1995-10-01T00:00:00Z,-120.219,39.7659
397659N1202185W001,802196,1994-10-28T00:00:00Z,4915.29,4913.59,0,24.7,4890.59,24.7,23,NA,Unknown,Water level accuracy is unknown,1,Department of Water Resources,NA,1,Department of Water Resources,NA,NA,36144,22N16E17D001M,NA,Unknown,Unknown,5-012.01,Sierra Valley,Plumas,810,Irrigation,Unknown,72926,1980-10-04 - 2000-03-26,51,fall,1.2,157.8,NA,NA,1995,Wet,1994-10-01T00:00:00Z,1995-10-01T00:00:00Z,-120.219,39.7659
397659N1202185W001,802195,1994-03-29T00:00:00Z,4915.29,4913.59,0,18.4,4896.89,18.4,16.7,NA,Unknown,Water level accuracy is unknown,1,Department of Water Resources,NA,1,Department of Water Resources,NA,NA,36144,22N16E17D001M,NA,Unknown,Unknown,5-012.01,Sierra Valley,Plumas,810,Irrigation,Unknown,72926,1980-10-04 - 2000-03-26,51,spring,NA,NA,-0.8,32.2,1994,Dry,1993-10-01T00:00:00Z,1994-10-01T00:00:00Z,-120.219,39.7659
397659N1202185W001,802194,1993-10-19T00:00:00Z,4915.29,4913.59,0,23.9,4891.39,23.9,22.2,NA,Unknown,Water level accuracy is unknown,1,Department of Water Resources,NA,1,Department of Water Resources,NA,NA,36144,22N16E17D001M,NA,Unknown,Unknown,5-012.01,Sierra Valley,Plumas,810,Irrigation,Unknown,72926,1980-10-04 - 2000-03-26,51,fall,1.2,157.8,NA,NA,1994,Dry,1993-10-01T00:00:00Z,1994-10-01T00:00:00Z,-120.219,39.7659
397659N1202185W001,802193,1993-04-22T00:00:00Z,4915.29,4913.59,0,30.3,4884.99,30.3,28.6,NA,Unknown,Water level accuracy is unknown,1,Department of Water Resources,NA,1,Department of Water Resources,NA,NA,36144,22N16E17D001M,NA,Unknown,Unknown,5-012.01,Sierra Valley,Plumas,810,Irrigation,Unknown,72926,1980-10-04 - 2000-03-26,51,spring,NA,NA,-0.8,32.2,1993,NA,1992-10-01T00:00:00Z,1993-10-01T00:00:00Z,-120.219,39.7659
397659N1202185W001,802192,1992-10-21T00:00:00Z,4915.29,4913.59,0,60.3,4854.99,60.3,58.6,NA,Unknown,Water level accuracy is unknown,1,Department of Water Resources,NA,1,Department of Water Resources,NA,NA,36144,22N16E17D001M,NA,Unknown,Unknown,5-012.01,Sierra Valley,Plumas,810,Irrigation,Unknown,72926,1980-10-04 - 2000-03-26,51,fall,1.2,157.8,NA,NA,1993,NA,1992-10-01T00:00:00Z,1993-10-01T00:00:00Z,-120.219,39.7659
397659N1202185W001,802191,1992-03-24T00:00:00Z,4915.29,4913.59,0,33.9,4881.39,33.9,32.2,NA,Unknown,Water level accuracy is unknown,1,Department of Water Resources,NA,1,Department of Water Resources,NA,NA,36144,22N16E17D001M,NA,Unknown,Unknown,5-012.01,Sierra Valley,Plumas,810,Irrigation,Unknown,72926,1980-10-04 - 2000-03-26,51,spring,NA,NA,-0.8,32.2,1992,NA,1991-10-01T00:00:00Z,1992-10-01T00:00:00Z,-120.219,39.7659
397659N1202185W001,802190,1991-10-22T00:00:00Z,4915.29,4913.59,0,65,4850.29,65,63.3,NA,Unknown,Water level accuracy is unknown,1,Department of Water Resources,NA,1,Department of Water Resources,NA,NA,36144,22N16E17D001M,NA,Unknown,Unknown,5-012.01,Sierra Valley,Plumas,810,Irrigation,Unknown,72926,1980-10-04 - 2000-03-26,51,fall,1.2,157.8,NA,NA,1992,NA,1991-10-01T00:00:00Z,1992-10-01T00:00:00Z,-120.219,39.7659
397659N1202185W001,802189,1991-02-27T00:00:00Z,4915.29,4913.59,0,35.6,4879.69,35.6,33.9,NA,Unknown,Water level accuracy is unknown,1,Department of Water Resources,NA,1,Department of Water Resources,NA,NA,36144,22N16E17D001M,NA,Unknown,Unknown,5-012.01,Sierra Valley,Plumas,810,Irrigation,Unknown,72926,1980-10-04 - 2000-03-26,51,other,NA,NA,NA,NA,1991,NA,1990-10-01T00:00:00Z,1991-10-01T00:00:00Z,-120.219,39.7659
397659N1202185W001,802187,1990-04-11T00:00:00Z,4915.29,4913.59,0,26.1,4889.19,26.1,24.4,NA,Unknown,Water level accuracy is unknown,1,Department of Water Resources,NA,388,Sierra Valley Groundwater Management District,NA,NA,36144,22N16E17D001M,NA,Unknown,Unknown,5-012.01,Sierra Valley,Plumas,810,Irrigation,Unknown,72926,1980-10-04 - 2000-03-26,51,spring,NA,NA,-0.8,32.2,1990,NA,1989-10-01T00:00:00Z,1990-10-01T00:00:00Z,-120.219,39.7659
397659N1202185W001,802186,1989-09-26T00:00:00Z,4915.29,4913.59,0,26,4889.29,26,24.3,Other,Unknown,Water level accuracy is unknown,1,Department of Water Resources,NA,1,Department of Water Resources,NA,NA,36144,22N16E17D001M,NA,Unknown,Unknown,5-012.01,Sierra Valley,Plumas,810,Irrigation,Unknown,72926,1980-10-04 - 2000-03-26,51,fall,1.2,157.8,NA,NA,1989,NA,1988-10-01T00:00:00Z,1989-10-01T00:00:00Z,-120.219,39.7659
397659N1202185W001,802185,1989-04-09T00:00:00Z,4915.29,4913.59,0,30.5,4884.79,30.5,28.8,NA,Unknown,Water level accuracy is unknown,1,Department of Water Resources,NA,1,Department of Water Resources,NA,NA,36144,22N16E17D001M,NA,Unknown,Unknown,5-012.01,Sierra Valley,Plumas,810,Irrigation,Unknown,72926,1980-10-04 - 2000-03-26,51,spring,NA,NA,-0.8,32.2,1989,NA,1988-10-01T00:00:00Z,1989-10-01T00:00:00Z,-120.219,39.7659
397659N1202185W001,802184,1988-10-28T00:00:00Z,4915.29,4913.59,0,59,4856.29,59,57.3,NA,Unknown,Water level accuracy is unknown,1,Department of Water Resources,NA,1,Department of Water Resources,NA,NA,36144,22N16E17D001M,NA,Unknown,Unknown,5-012.01,Sierra Valley,Plumas,810,Irrigation,Unknown,72926,1980-10-04 - 2000-03-26,51,fall,1.2,157.8,NA,NA,1989,NA,1988-10-01T00:00:00Z,1989-10-01T00:00:00Z,-120.219,39.7659
397659N1202185W001,802183,1988-03-22T00:00:00Z,4915.29,4913.59,0,27,4888.29,27,25.3,NA,Unknown,Water level accuracy is unknown,1,Department of Water Resources,NA,1,Department of Water Resources,NA,NA,36144,22N16E17D001M,NA,Unknown,Unknown,5-012.01,Sierra Valley,Plumas,810,Irrigation,Unknown,72926,1980-10-04 - 2000-03-26,51,spring,NA,NA,-0.8,32.2,1988,NA,1987-10-01T00:00:00Z,1988-10-01T00:00:00Z,-120.219,39.7659
397659N1202185W001,802182,1987-10-20T00:00:00Z,4915.29,4913.59,0,65.7,4849.59,65.7,64,NA,Unknown,Water level accuracy is unknown,1,Department of Water Resources,NA,1,Department of Water Resources,NA,NA,36144,22N16E17D001M,NA,Unknown,Unknown,5-012.01,Sierra Valley,Plumas,810,Irrigation,Unknown,72926,1980-10-04 - 2000-03-26,51,fall,1.2,157.8,NA,NA,1988,NA,1987-10-01T00:00:00Z,1988-10-01T00:00:00Z,-120.219,39.7659
397659N1202185W001,802181,1987-04-07T00:00:00Z,4915.29,4913.59,0,17.9,4897.39,17.9,16.2,NA,Unknown,Water level accuracy is unknown,1,Department of Water Resources,NA,1,Department of Water Resources,NA,NA,36144,22N16E17D001M,NA,Unknown,Unknown,5-012.01,Sierra Valley,Plumas,810,Irrigation,Unknown,72926,1980-10-04 - 2000-03-26,51,spring,NA,NA,-0.8,32.2,1987,Dry,1986-10-01T00:00:00Z,1987-10-01T00:00:00Z,-120.219,39.7659
397659N1202185W001,802180,1986-10-01T00:00:00Z,4915.29,4913.59,0,53.1,4862.19,53.1,51.4,NA,Unknown,Water level accuracy is unknown,1,Department of Water Resources,NA,1,Department of Water Resources,NA,NA,36144,22N16E17D001M,NA,Unknown,Unknown,5-012.01,Sierra Valley,Plumas,810,Irrigation,Unknown,72926,1980-10-04 - 2000-03-26,51,fall,1.2,157.8,NA,NA,1987,Dry,1986-10-01T00:00:00Z,1987-10-01T00:00:00Z,-120.219,39.7659
397659N1202185W001,802179,1986-08-13T00:00:00Z,4915.29,4913.59,0,159.5,4755.79,159.5,157.8,Pumping,Unknown,Water level accuracy is unknown,1,Department of Water Resources,NA,1,Department of Water Resources,NA,NA,36144,22N16E17D001M,NA,Unknown,Unknown,5-012.01,Sierra Valley,Plumas,810,Irrigation,Unknown,72926,1980-10-04 - 2000-03-26,51,fall,1.2,157.8,NA,NA,1986,Wet,1985-10-01T00:00:00Z,1986-10-01T00:00:00Z,-120.219,39.7659
397659N1202185W001,802178,1986-04-02T00:00:00Z,4915.29,4913.59,0,15.7,4899.59,15.7,14,NA,Unknown,Water level accuracy is unknown,1,Department of Water Resources,NA,1,Department of Water Resources,NA,NA,36144,22N16E17D001M,NA,Unknown,Unknown,5-012.01,Sierra Valley,Plumas,810,Irrigation,Unknown,72926,1980-10-04 - 2000-03-26,51,spring,NA,NA,-0.8,32.2,1986,Wet,1985-10-01T00:00:00Z,1986-10-01T00:00:00Z,-120.219,39.7659
397659N1202185W001,802177,1985-10-04T00:00:00Z,4915.29,4913.59,0,79.7,4835.59,79.7,78,NA,Unknown,Water level accuracy is unknown,1,Department of Water Resources,NA,1,Department of Water Resources,NA,NA,36144,22N16E17D001M,NA,Unknown,Unknown,5-012.01,Sierra Valley,Plumas,810,Irrigation,Unknown,72926,1980-10-04 - 2000-03-26,51,fall,1.2,157.8,NA,NA,1986,Wet,1985-10-01T00:00:00Z,1986-10-01T00:00:00Z,-120.219,39.7659
397659N1202185W001,802176,1985-07-18T00:00:00Z,4915.29,4913.59,0,116.7,4798.59,116.7,115,NA,Unknown,Water level accuracy is unknown,1,Department of Water Resources,NA,1,Department of Water Resources,NA,NA,36144,22N16E17D001M,NA,Unknown,Unknown,5-012.01,Sierra Valley,Plumas,810,Irrigation,Unknown,72926,1980-10-04 - 2000-03-26,51,other,NA,NA,NA,NA,1985,Dry,1984-10-01T00:00:00Z,1985-10-01T00:00:00Z,-120.219,39.7659
397659N1202185W001,802175,1985-07-09T00:00:00Z,4915.29,4913.59,0,97.9,4817.39,97.9,96.2,NA,Unknown,Water level accuracy is unknown,1,Department of Water Resources,NA,1,Department of Water Resources,NA,NA,36144,22N16E17D001M,NA,Unknown,Unknown,5-012.01,Sierra Valley,Plumas,810,Irrigation,Unknown,72926,1980-10-04 - 2000-03-26,51,other,NA,NA,NA,NA,1985,Dry,1984-10-01T00:00:00Z,1985-10-01T00:00:00Z,-120.219,39.7659
397659N1202185W001,802174,1985-06-27T00:00:00Z,4915.29,4913.59,0,79.5,4835.79,79.5,77.8,NA,Unknown,Water level accuracy is unknown,1,Department of Water Resources,NA,1,Department of Water Resources,NA,NA,36144,22N16E17D001M,NA,Unknown,Unknown,5-012.01,Sierra Valley,Plumas,810,Irrigation,Unknown,72926,1980-10-04 - 2000-03-26,51,other,NA,NA,NA,NA,1985,Dry,1984-10-01T00:00:00Z,1985-10-01T00:00:00Z,-120.219,39.7659
397659N1202185W001,802173,1985-06-27T00:00:00Z,4915.29,4913.59,0,80.6,4834.69,80.6,78.9,NA,Unknown,Water level accuracy is unknown,1,Department of Water Resources,NA,1,Department of Water Resources,NA,NA,36144,22N16E17D001M,NA,Unknown,Unknown,5-012.01,Sierra Valley,Plumas,810,Irrigation,Unknown,72926,1980-10-04 - 2000-03-26,51,other,NA,NA,NA,NA,1985,Dry,1984-10-01T00:00:00Z,1985-10-01T00:00:00Z,-120.219,39.7659
397659N1202185W001,802172,1985-04-11T00:00:00Z,4915.29,4913.59,0,15.2,4900.09,15.2,13.5,NA,Unknown,Water level accuracy is unknown,1,Department of Water Resources,NA,1,Department of Water Resources,NA,NA,36144,22N16E17D001M,NA,Unknown,Unknown,5-012.01,Sierra Valley,Plumas,810,Irrigation,Unknown,72926,1980-10-04 - 2000-03-26,51,spring,NA,NA,-0.8,32.2,1985,Dry,1984-10-01T00:00:00Z,1985-10-01T00:00:00Z,-120.219,39.7659
397659N1202185W001,802171,1984-10-04T00:00:00Z,4915.29,4913.59,0,65.5,4849.79,65.5,63.8,NA,Unknown,Water level accuracy is unknown,1,Department of Water Resources,NA,1,Department of Water Resources,NA,NA,36144,22N16E17D001M,NA,Unknown,Unknown,5-012.01,Sierra Valley,Plumas,810,Irrigation,Unknown,72926,1980-10-04 - 2000-03-26,51,fall,1.2,157.8,NA,NA,1985,Dry,1984-10-01T00:00:00Z,1985-10-01T00:00:00Z,-120.219,39.7659
397659N1202185W001,802170,1984-03-15T00:00:00Z,4915.29,4913.59,0,9.5,4905.79,9.5,7.8,NA,Unknown,Water level accuracy is unknown,1,Department of Water Resources,NA,1,Department of Water Resources,NA,NA,36144,22N16E17D001M,NA,Unknown,Unknown,5-012.01,Sierra Valley,Plumas,810,Irrigation,Unknown,72926,1980-10-04 - 2000-03-26,51,spring,NA,NA,-0.8,32.2,1984,NA,1983-10-01T00:00:00Z,1984-10-01T00:00:00Z,-120.219,39.7659
397659N1202185W001,802169,1983-09-30T00:00:00Z,4915.29,4913.59,0,89.6,4825.69,89.6,87.9,NA,Unknown,Water level accuracy is unknown,1,Department of Water Resources,NA,1,Department of Water Resources,NA,NA,36144,22N16E17D001M,NA,Unknown,Unknown,5-012.01,Sierra Valley,Plumas,810,Irrigation,Unknown,72926,1980-10-04 - 2000-03-26,51,fall,1.2,157.8,NA,NA,1983,NA,1982-10-01T00:00:00Z,1983-10-01T00:00:00Z,-120.219,39.7659
397659N1202185W001,802168,1983-09-29T00:00:00Z,4915.29,4913.59,0,101.4,4813.89,101.4,99.7,NA,Unknown,Water level accuracy is unknown,1,Department of Water Resources,NA,1,Department of Water Resources,NA,NA,36144,22N16E17D001M,NA,Unknown,Unknown,5-012.01,Sierra Valley,Plumas,810,Irrigation,Unknown,72926,1980-10-04 - 2000-03-26,51,fall,1.2,157.8,NA,NA,1983,NA,1982-10-01T00:00:00Z,1983-10-01T00:00:00Z,-120.219,39.7659
397659N1202185W001,802167,1983-09-28T00:00:00Z,4915.29,4913.59,0,147.8,4767.49,147.8,146.1,Pumped recently,Unknown,Water level accuracy is unknown,1,Department of Water Resources,NA,1,Department of Water Resources,NA,NA,36144,22N16E17D001M,NA,Unknown,Unknown,5-012.01,Sierra Valley,Plumas,810,Irrigation,Unknown,72926,1980-10-04 - 2000-03-26,51,fall,1.2,157.8,NA,NA,1983,NA,1982-10-01T00:00:00Z,1983-10-01T00:00:00Z,-120.219,39.7659
397659N1202185W001,802166,1983-04-14T00:00:00Z,4915.29,4913.59,0,10.2,4905.09,10.2,8.5,NA,Unknown,Water level accuracy is unknown,1,Department of Water Resources,NA,1,Department of Water Resources,NA,NA,36144,22N16E17D001M,NA,Unknown,Unknown,5-012.01,Sierra Valley,Plumas,810,Irrigation,Unknown,72926,1980-10-04 - 2000-03-26,51,spring,NA,NA,-0.8,32.2,1983,NA,1982-10-01T00:00:00Z,1983-10-01T00:00:00Z,-120.219,39.7659
397659N1202185W001,802165,1982-10-05T00:00:00Z,4915.29,4913.59,0,45,4870.29,45,43.3,NA,Unknown,Water level accuracy is unknown,1,Department of Water Resources,NA,1,Department of Water Resources,NA,NA,36144,22N16E17D001M,NA,Unknown,Unknown,5-012.01,Sierra Valley,Plumas,810,Irrigation,Unknown,72926,1980-10-04 - 2000-03-26,51,fall,1.2,157.8,NA,NA,1983,NA,1982-10-01T00:00:00Z,1983-10-01T00:00:00Z,-120.219,39.7659
397659N1202185W001,802164,1982-09-16T00:00:00Z,4915.29,4913.59,0,64,4851.29,64,62.3,NA,Unknown,Water level accuracy is unknown,1,Department of Water Resources,NA,1,Department of Water Resources,NA,NA,36144,22N16E17D001M,NA,Unknown,Unknown,5-012.01,Sierra Valley,Plumas,810,Irrigation,Unknown,72926,1980-10-04 - 2000-03-26,51,fall,1.2,157.8,NA,NA,1982,Wet,1981-10-01T00:00:00Z,1982-10-01T00:00:00Z,-120.219,39.7659
397659N1202185W001,802163,1982-04-27T00:00:00Z,4915.29,4913.59,0,11,4904.29,11,9.3,NA,Unknown,Water level accuracy is unknown,1,Department of Water Resources,NA,1,Department of Water Resources,NA,NA,36144,22N16E17D001M,NA,Unknown,Unknown,5-012.01,Sierra Valley,Plumas,810,Irrigation,Unknown,72926,1980-10-04 - 2000-03-26,51,spring,NA,NA,-0.8,32.2,1982,Wet,1981-10-01T00:00:00Z,1982-10-01T00:00:00Z,-120.219,39.7659
397659N1202185W001,802162,1981-10-14T00:00:00Z,4915.29,4913.59,0,49,4866.29,49,47.3,NA,Unknown,Water level accuracy is unknown,1,Department of Water Resources,NA,1,Department of Water Resources,NA,NA,36144,22N16E17D001M,NA,Unknown,Unknown,5-012.01,Sierra Valley,Plumas,810,Irrigation,Unknown,72926,1980-10-04 - 2000-03-26,51,fall,1.2,157.8,NA,NA,1982,Wet,1981-10-01T00:00:00Z,1982-10-01T00:00:00Z,-120.219,39.7659
397659N1202185W001,802161,1981-10-07T00:00:00Z,4915.29,4913.59,0,54.9,4860.39,54.9,53.2,NA,Unknown,Water level accuracy is unknown,1,Department of Water Resources,NA,1,Department of Water Resources,NA,NA,36144,22N16E17D001M,NA,Unknown,Unknown,5-012.01,Sierra Valley,Plumas,810,Irrigation,Unknown,72926,1980-10-04 - 2000-03-26,51,fall,1.2,157.8,NA,NA,1982,Wet,1981-10-01T00:00:00Z,1982-10-01T00:00:00Z,-120.219,39.7659
397659N1202185W001,802160,1981-10-01T00:00:00Z,4915.29,4913.59,0,65.1,4850.19,65.1,63.4,NA,Unknown,Water level accuracy is unknown,1,Department of Water Resources,NA,1,Department of Water Resources,NA,NA,36144,22N16E17D001M,NA,Unknown,Unknown,5-012.01,Sierra Valley,Plumas,810,Irrigation,Unknown,72926,1980-10-04 - 2000-03-26,51,fall,1.2,157.8,NA,NA,1982,Wet,1981-10-01T00:00:00Z,1982-10-01T00:00:00Z,-120.219,39.7659
397659N1202185W001,802159,1981-04-21T00:00:00Z,4915.29,4913.59,0,14.7,4900.59,14.7,13,NA,Unknown,Water level accuracy is unknown,1,Department of Water Resources,NA,1,Department of Water Resources,NA,NA,36144,22N16E17D001M,NA,Unknown,Unknown,5-012.01,Sierra Valley,Plumas,810,Irrigation,Unknown,72926,1980-10-04 - 2000-03-26,51,spring,NA,NA,-0.8,32.2,1981,Dry,1980-10-01T00:00:00Z,1981-10-01T00:00:00Z,-120.219,39.7659
397659N1202185W001,802157,1980-10-04T00:00:00Z,4915.29,4913.59,0,44.9,4870.39,44.9,43.2,NA,Unknown,Water level accuracy is unknown,1,Department of Water Resources,NA,1,Department of Water Resources,NA,NA,36144,22N16E17D001M,NA,Unknown,Unknown,5-012.01,Sierra Valley,Plumas,810,Irrigation,Unknown,72926,1980-10-04 - 2000-03-26,51,fall,1.2,157.8,NA,NA,1981,Dry,1980-10-01T00:00:00Z,1981-10-01T00:00:00Z,-120.219,39.7659
