SITE_CODE,WLM_ID,MSMT_DATE,WLM_RPE,WLM_GSE,RDNG_WS,RDNG_RP,WSE,RPE_WSE,GSE_WSE,WLM_QA_DESC,WLM_DESC,WLM_ACC_DESC,WLM_ORG_ID,WLM_ORG_NAME,MSMT_CMT,COOP_AGENCY_ORG_ID,COOP_ORG_NAME,TOP_PRF,BOT_PRF,STN_ID,SWN,WELL_NAME,WLM_METHOD,WLM_ACC,BASIN_CODE,BASIN_NAME,COUNTY_NAME,WELL_DEPTH,WELL_USE,WELL_TYPE,WCR_NO,t_range,n_samples,season,fall_high,fall_low,spring_high,spring_low,water_year,water_year_type,water_year_start,water_year_end,X,Y
397622N1202205W001,2620118,2020-04-24T12:00:00Z,4907.89,4904.89,14.7,21,4901.59,6.3,3.3,NA,Steel tape measurement,Water level accuracy to nearest tenth of a foot,1,Department of Water Resources,NA,1,Department of Water Resources,NA,NA,20715,22N16E17E002M,22N16E17E002M,Unknown,Unknown,5-012.01,Sierra Valley,Plumas,125,Stockwatering,Single Well,NA,1959-03-13 00:00:00 - 2020-04-24 12:00:00,130,spring,NA,NA,-2.8,28.1,2020,Dry,2019-10-01T00:00:00Z,2020-10-01T00:00:00Z,-120.221,39.7622
397622N1202205W001,2493722,2019-10-23T12:00:00Z,4907.89,4904.89,9.1,21,4895.99,11.9,8.9,NA,Steel tape measurement,Water level accuracy to nearest tenth of a foot,1,Department of Water Resources,NA,1,Department of Water Resources,NA,NA,20715,22N16E17E002M,22N16E17E002M,Unknown,Unknown,5-012.01,Sierra Valley,Plumas,125,Stockwatering,Single Well,NA,1959-03-13 00:00:00 - 2020-04-24 12:00:00,130,fall,-3.9,53.5,NA,NA,2020,Dry,2019-10-01T00:00:00Z,2020-10-01T00:00:00Z,-120.221,39.7622
397622N1202205W001,2454959,2019-04-09T12:00:00Z,4907.89,4904.89,15.3,25,4898.19,9.7,6.7,NA,Steel tape measurement,Water level accuracy to nearest tenth of a foot,1,Department of Water Resources,NA,1,Department of Water Resources,NA,NA,20715,22N16E17E002M,22N16E17E002M,Unknown,Unknown,5-012.01,Sierra Valley,Plumas,125,Stockwatering,Single Well,NA,1959-03-13 00:00:00 - 2020-04-24 12:00:00,130,spring,NA,NA,-2.8,28.1,2019,Wet,2018-10-01T00:00:00Z,2019-10-01T00:00:00Z,-120.221,39.7622
397622N1202205W001,2415027,2018-10-24T12:00:00Z,4907.89,4904.89,17,30,4894.89,13,10,NA,Steel tape measurement,Water level accuracy to nearest tenth of a foot,1,Department of Water Resources,NA,1,Department of Water Resources,NA,NA,20715,22N16E17E002M,22N16E17E002M,Unknown,Unknown,5-012.01,Sierra Valley,Plumas,125,Stockwatering,Single Well,NA,1959-03-13 00:00:00 - 2020-04-24 12:00:00,130,fall,-3.9,53.5,NA,NA,2019,Wet,2018-10-01T00:00:00Z,2019-10-01T00:00:00Z,-120.221,39.7622
397622N1202205W001,2285966,2018-04-02T12:00:00Z,4907.89,4904.89,0,10.51,4897.38,10.51,7.51,NA,Electric sounder measurement,Water level accuracy to nearest hundredth of a foot,1,Department of Water Resources,NA,1,Department of Water Resources,NA,NA,20715,22N16E17E002M,22N16E17E002M,Unknown,Unknown,5-012.01,Sierra Valley,Plumas,125,Stockwatering,Single Well,NA,1959-03-13 00:00:00 - 2020-04-24 12:00:00,130,spring,NA,NA,-2.8,28.1,2018,NA,2017-10-01T00:00:00Z,2018-10-01T00:00:00Z,-120.221,39.7622
397622N1202205W001,2244294,2017-04-03T00:00:00Z,4906.19,4904.89,10.9,26,4891.09,15.1,13.8,NA,Steel tape measurement,Water level accuracy to nearest tenth of a foot,1,Department of Water Resources,NA,1,Department of Water Resources,NA,NA,20715,22N16E17E002M,22N16E17E002M,Unknown,Unknown,5-012.01,Sierra Valley,Plumas,125,Stockwatering,Single Well,NA,1959-03-13 00:00:00 - 2020-04-24 12:00:00,130,spring,NA,NA,-2.8,28.1,2017,Wet,2016-10-01T00:00:00Z,2017-10-01T00:00:00Z,-120.221,39.7622
397622N1202205W001,2214124,2016-10-24T00:00:00Z,4906.19,4904.89,0,23.35,4882.84,23.35,22.05,NA,Electric sounder measurement,Water level accuracy to nearest hundredth of a foot,1,Department of Water Resources,NA,1,Department of Water Resources,NA,NA,20715,22N16E17E002M,22N16E17E002M,Unknown,Unknown,5-012.01,Sierra Valley,Plumas,125,Stockwatering,Single Well,NA,1959-03-13 00:00:00 - 2020-04-24 12:00:00,130,fall,-3.9,53.5,NA,NA,2017,Wet,2016-10-01T00:00:00Z,2017-10-01T00:00:00Z,-120.221,39.7622
397622N1202205W001,2268006,2016-10-17T00:00:00Z,4907.89,4904.89,12.7,30,4890.59,17.3,14.3,NA,Steel tape measurement,Water level accuracy to nearest tenth of a foot,1,Department of Water Resources,NA,1,Department of Water Resources,NA,NA,20715,22N16E17E002M,22N16E17E002M,Unknown,Unknown,5-012.01,Sierra Valley,Plumas,125,Stockwatering,Single Well,NA,1959-03-13 00:00:00 - 2020-04-24 12:00:00,130,fall,-3.9,53.5,NA,NA,2017,Wet,2016-10-01T00:00:00Z,2017-10-01T00:00:00Z,-120.221,39.7622
397622N1202205W001,2184590,2016-03-21T00:00:00Z,4906.19,4904.89,0,19.42,4886.77,19.42,18.12,NA,Electric sounder measurement,Water level accuracy to nearest hundredth of a foot,1,Department of Water Resources,NA,1,Department of Water Resources,NA,NA,20715,22N16E17E002M,22N16E17E002M,Unknown,Unknown,5-012.01,Sierra Valley,Plumas,125,Stockwatering,Single Well,NA,1959-03-13 00:00:00 - 2020-04-24 12:00:00,130,spring,NA,NA,-2.8,28.1,2016,NA,2015-10-01T00:00:00Z,2016-10-01T00:00:00Z,-120.221,39.7622
397622N1202205W001,2157064,2015-10-19T00:00:00Z,4906.19,4904.89,0,24.8,4881.39,24.8,23.5,NA,Electric sounder measurement,Water level accuracy to nearest hundredth of a foot,1,Department of Water Resources,NA,1,Department of Water Resources,NA,NA,20715,22N16E17E002M,22N16E17E002M,Unknown,Unknown,5-012.01,Sierra Valley,Plumas,125,Stockwatering,Single Well,NA,1959-03-13 00:00:00 - 2020-04-24 12:00:00,130,fall,-3.9,53.5,NA,NA,2016,NA,2015-10-01T00:00:00Z,2016-10-01T00:00:00Z,-120.221,39.7622
397622N1202205W001,2119776,2015-03-23T00:00:00Z,4906.19,4904.89,0,18.84,4887.35,18.84,17.54,NA,Electric sounder measurement,Water level accuracy to nearest hundredth of a foot,1,Department of Water Resources,NA,1,Department of Water Resources,NA,NA,20715,22N16E17E002M,22N16E17E002M,Unknown,Unknown,5-012.01,Sierra Valley,Plumas,125,Stockwatering,Single Well,NA,1959-03-13 00:00:00 - 2020-04-24 12:00:00,130,spring,NA,NA,-2.8,28.1,2015,NA,2014-10-01T00:00:00Z,2015-10-01T00:00:00Z,-120.221,39.7622
397622N1202205W001,2020291,2014-10-20T14:00:00Z,4906.19,4904.89,0,18.88,4887.31,18.88,17.58,NA,Steel tape measurement,Water level accuracy to nearest tenth of a foot,1,Department of Water Resources,NA,1,Department of Water Resources,NA,NA,20715,22N16E17E002M,22N16E17E002M,Unknown,Unknown,5-012.01,Sierra Valley,Plumas,125,Stockwatering,Single Well,NA,1959-03-13 00:00:00 - 2020-04-24 12:00:00,130,fall,-3.9,53.5,NA,NA,2015,NA,2014-10-01T00:00:00Z,2015-10-01T00:00:00Z,-120.221,39.7622
397622N1202205W001,1880774,2014-03-14T00:00:00Z,4906.19,4904.89,0,29.4,4876.79,29.4,28.1,NA,Electric sounder measurement,Water level accuracy to nearest hundredth of a foot,1,Department of Water Resources,NA,1,Department of Water Resources,NA,NA,20715,22N16E17E002M,22N16E17E002M,Unknown,Unknown,5-012.01,Sierra Valley,Plumas,125,Stockwatering,Single Well,NA,1959-03-13 00:00:00 - 2020-04-24 12:00:00,130,spring,NA,NA,-2.8,28.1,2014,NA,2013-10-01T00:00:00Z,2014-10-01T00:00:00Z,-120.221,39.7622
397622N1202205W001,1797116,2013-10-21T00:00:00Z,4906.19,4904.89,0,15.77,4890.42,15.77,14.47,NA,Steel tape measurement,Water level accuracy to nearest tenth of a foot,1,Department of Water Resources,NA,1,Department of Water Resources,NA,NA,20715,22N16E17E002M,22N16E17E002M,Unknown,Unknown,5-012.01,Sierra Valley,Plumas,125,Stockwatering,Single Well,NA,1959-03-13 00:00:00 - 2020-04-24 12:00:00,130,fall,-3.9,53.5,NA,NA,2014,NA,2013-10-01T00:00:00Z,2014-10-01T00:00:00Z,-120.221,39.7622
397622N1202205W001,1684435,2013-03-25T00:00:00Z,4906.19,4904.89,2.7,11.81,4897.08,9.11,7.81,NA,Steel tape measurement,Water level accuracy to nearest tenth of a foot,1,Department of Water Resources,NA,1,Department of Water Resources,NA,NA,20715,22N16E17E002M,22N16E17E002M,Unknown,Unknown,5-012.01,Sierra Valley,Plumas,125,Stockwatering,Single Well,NA,1959-03-13 00:00:00 - 2020-04-24 12:00:00,130,spring,NA,NA,-2.8,28.1,2013,Dry,2012-10-01T00:00:00Z,2013-10-01T00:00:00Z,-120.221,39.7622
397622N1202205W001,69376,2012-10-30T00:00:00Z,4906.19,4904.89,2.7,15,4893.89,12.3,11,NA,Steel tape measurement,Water level accuracy to nearest tenth of a foot,1,Department of Water Resources,NA,1,Department of Water Resources,NA,NA,20715,22N16E17E002M,22N16E17E002M,Unknown,Unknown,5-012.01,Sierra Valley,Plumas,125,Stockwatering,Single Well,NA,1959-03-13 00:00:00 - 2020-04-24 12:00:00,130,fall,-3.9,53.5,NA,NA,2013,Dry,2012-10-01T00:00:00Z,2013-10-01T00:00:00Z,-120.221,39.7622
397622N1202205W001,59958,2012-04-17T00:00:00Z,4906.19,4904.89,4.1,10,4900.29,5.9,4.6,NA,Steel tape measurement,Water level accuracy to nearest tenth of a foot,1,Department of Water Resources,NA,1,Department of Water Resources,NA,NA,20715,22N16E17E002M,22N16E17E002M,Unknown,Unknown,5-012.01,Sierra Valley,Plumas,125,Stockwatering,Single Well,NA,1959-03-13 00:00:00 - 2020-04-24 12:00:00,130,spring,NA,NA,-2.8,28.1,2012,NA,2011-10-01T00:00:00Z,2012-10-01T00:00:00Z,-120.221,39.7622
397622N1202205W001,39806,2011-10-18T00:00:00Z,4906.19,4904.89,0,7.3,4898.89,7.3,6,NA,Steel tape measurement,Water level accuracy to nearest tenth of a foot,1,Department of Water Resources,NA,1,Department of Water Resources,NA,NA,20715,22N16E17E002M,22N16E17E002M,Unknown,Unknown,5-012.01,Sierra Valley,Plumas,125,Stockwatering,Single Well,NA,1959-03-13 00:00:00 - 2020-04-24 12:00:00,130,fall,-3.9,53.5,NA,NA,2012,NA,2011-10-01T00:00:00Z,2012-10-01T00:00:00Z,-120.221,39.7622
397622N1202205W001,1752675,2011-10-18T00:00:00Z,4906.19,4904.89,0,7.3,4898.89,7.3,6,NA,Unknown,Water level accuracy is unknown,1,Department of Water Resources,NA,1,Department of Water Resources,NA,NA,20715,22N16E17E002M,22N16E17E002M,Unknown,Unknown,5-012.01,Sierra Valley,Plumas,125,Stockwatering,Single Well,NA,1959-03-13 00:00:00 - 2020-04-24 12:00:00,130,fall,-3.9,53.5,NA,NA,2012,NA,2011-10-01T00:00:00Z,2012-10-01T00:00:00Z,-120.221,39.7622
397622N1202205W001,1752674,2011-04-25T00:00:00Z,4906.19,4904.89,0,6.1,4900.09,6.1,4.8,NA,Unknown,Water level accuracy is unknown,1,Department of Water Resources,NA,1,Department of Water Resources,NA,NA,20715,22N16E17E002M,22N16E17E002M,Unknown,Unknown,5-012.01,Sierra Valley,Plumas,125,Stockwatering,Single Well,NA,1959-03-13 00:00:00 - 2020-04-24 12:00:00,130,spring,NA,NA,-2.8,28.1,2011,Wet,2010-10-01T00:00:00Z,2011-10-01T00:00:00Z,-120.221,39.7622
397622N1202205W001,1752673,2010-10-25T00:00:00Z,4906.19,4904.89,0,10.7,4895.49,10.7,9.4,NA,Unknown,Water level accuracy is unknown,1,Department of Water Resources,NA,1,Department of Water Resources,NA,NA,20715,22N16E17E002M,22N16E17E002M,Unknown,Unknown,5-012.01,Sierra Valley,Plumas,125,Stockwatering,Single Well,NA,1959-03-13 00:00:00 - 2020-04-24 12:00:00,130,fall,-3.9,53.5,NA,NA,2011,Wet,2010-10-01T00:00:00Z,2011-10-01T00:00:00Z,-120.221,39.7622
397622N1202205W001,1752672,2010-04-06T00:00:00Z,4906.19,4904.89,0,8.87,4897.32,8.87,7.57,NA,Unknown,Water level accuracy is unknown,1,Department of Water Resources,NA,1,Department of Water Resources,NA,NA,20715,22N16E17E002M,22N16E17E002M,Unknown,Unknown,5-012.01,Sierra Valley,Plumas,125,Stockwatering,Single Well,NA,1959-03-13 00:00:00 - 2020-04-24 12:00:00,130,spring,NA,NA,-2.8,28.1,2010,NA,2009-10-01T00:00:00Z,2010-10-01T00:00:00Z,-120.221,39.7622
397622N1202205W001,1752671,2009-10-27T00:00:00Z,4906.19,4904.89,0,13.8,4892.39,13.8,12.5,NA,Unknown,Water level accuracy is unknown,1,Department of Water Resources,NA,1,Department of Water Resources,NA,NA,20715,22N16E17E002M,22N16E17E002M,Unknown,Unknown,5-012.01,Sierra Valley,Plumas,125,Stockwatering,Single Well,NA,1959-03-13 00:00:00 - 2020-04-24 12:00:00,130,fall,-3.9,53.5,NA,NA,2010,NA,2009-10-01T00:00:00Z,2010-10-01T00:00:00Z,-120.221,39.7622
397622N1202205W001,1752670,2009-04-13T00:00:00Z,4906.19,4904.89,0,7.1,4899.09,7.1,5.8,NA,Unknown,Water level accuracy is unknown,1,Department of Water Resources,NA,1,Department of Water Resources,NA,NA,20715,22N16E17E002M,22N16E17E002M,Unknown,Unknown,5-012.01,Sierra Valley,Plumas,125,Stockwatering,Single Well,NA,1959-03-13 00:00:00 - 2020-04-24 12:00:00,130,spring,NA,NA,-2.8,28.1,2009,NA,2008-10-01T00:00:00Z,2009-10-01T00:00:00Z,-120.221,39.7622
397622N1202205W001,1752669,2008-10-28T00:00:00Z,4906.19,4904.89,0,8.6,4897.59,8.6,7.3,NA,Unknown,Water level accuracy is unknown,1,Department of Water Resources,NA,1,Department of Water Resources,NA,NA,20715,22N16E17E002M,22N16E17E002M,Unknown,Unknown,5-012.01,Sierra Valley,Plumas,125,Stockwatering,Single Well,NA,1959-03-13 00:00:00 - 2020-04-24 12:00:00,130,fall,-3.9,53.5,NA,NA,2009,NA,2008-10-01T00:00:00Z,2009-10-01T00:00:00Z,-120.221,39.7622
397622N1202205W001,1752667,2008-04-09T00:00:00Z,4906.19,4904.89,0,5.3,4900.89,5.3,4,NA,Unknown,Water level accuracy is unknown,1,Department of Water Resources,NA,1,Department of Water Resources,NA,NA,20715,22N16E17E002M,22N16E17E002M,Unknown,Unknown,5-012.01,Sierra Valley,Plumas,125,Stockwatering,Single Well,NA,1959-03-13 00:00:00 - 2020-04-24 12:00:00,130,spring,NA,NA,-2.8,28.1,2008,NA,2007-10-01T00:00:00Z,2008-10-01T00:00:00Z,-120.221,39.7622
397622N1202205W001,1752668,2007-10-25T00:00:00Z,4906.19,4904.89,0,6.5,4899.69,6.5,5.2,NA,Unknown,Water level accuracy is unknown,1,Department of Water Resources,NA,1,Department of Water Resources,NA,NA,20715,22N16E17E002M,22N16E17E002M,Unknown,Unknown,5-012.01,Sierra Valley,Plumas,125,Stockwatering,Single Well,NA,1959-03-13 00:00:00 - 2020-04-24 12:00:00,130,fall,-3.9,53.5,NA,NA,2008,NA,2007-10-01T00:00:00Z,2008-10-01T00:00:00Z,-120.221,39.7622
397622N1202205W001,1752666,2007-04-10T00:00:00Z,4906.19,4904.89,0,3.3,4902.89,3.3,2,NA,Unknown,Water level accuracy is unknown,1,Department of Water Resources,NA,1,Department of Water Resources,NA,NA,20715,22N16E17E002M,22N16E17E002M,Unknown,Unknown,5-012.01,Sierra Valley,Plumas,125,Stockwatering,Single Well,NA,1959-03-13 00:00:00 - 2020-04-24 12:00:00,130,spring,NA,NA,-2.8,28.1,2007,Dry,2006-10-01T00:00:00Z,2007-10-01T00:00:00Z,-120.221,39.7622
397622N1202205W001,1752665,2006-10-17T00:00:00Z,4906.19,4904.89,0,4.2,4901.99,4.2,2.9,NA,Unknown,Water level accuracy is unknown,1,Department of Water Resources,NA,1,Department of Water Resources,NA,NA,20715,22N16E17E002M,22N16E17E002M,Unknown,Unknown,5-012.01,Sierra Valley,Plumas,125,Stockwatering,Single Well,NA,1959-03-13 00:00:00 - 2020-04-24 12:00:00,130,fall,-3.9,53.5,NA,NA,2007,Dry,2006-10-01T00:00:00Z,2007-10-01T00:00:00Z,-120.221,39.7622
397622N1202205W001,1752664,2006-04-17T00:00:00Z,4906.19,4904.89,0,3.2,4902.99,3.2,1.9,NA,Unknown,Water level accuracy is unknown,1,Department of Water Resources,NA,1,Department of Water Resources,NA,NA,20715,22N16E17E002M,22N16E17E002M,Unknown,Unknown,5-012.01,Sierra Valley,Plumas,125,Stockwatering,Single Well,NA,1959-03-13 00:00:00 - 2020-04-24 12:00:00,130,spring,NA,NA,-2.8,28.1,2006,Wet,2005-10-01T00:00:00Z,2006-10-01T00:00:00Z,-120.221,39.7622
397622N1202205W001,1752663,2005-10-26T00:00:00Z,4906.19,4904.89,0,7.8,4898.39,7.8,6.5,NA,Unknown,Water level accuracy is unknown,1,Department of Water Resources,NA,1,Department of Water Resources,NA,NA,20715,22N16E17E002M,22N16E17E002M,Unknown,Unknown,5-012.01,Sierra Valley,Plumas,125,Stockwatering,Single Well,NA,1959-03-13 00:00:00 - 2020-04-24 12:00:00,130,fall,-3.9,53.5,NA,NA,2006,Wet,2005-10-01T00:00:00Z,2006-10-01T00:00:00Z,-120.221,39.7622
397622N1202205W001,1752662,2004-10-14T00:00:00Z,4906.19,4904.89,0,8.2,4897.99,8.2,6.9,NA,Unknown,Water level accuracy is unknown,1,Department of Water Resources,NA,1,Department of Water Resources,NA,NA,20715,22N16E17E002M,22N16E17E002M,Unknown,Unknown,5-012.01,Sierra Valley,Plumas,125,Stockwatering,Single Well,NA,1959-03-13 00:00:00 - 2020-04-24 12:00:00,130,fall,-3.9,53.5,NA,NA,2005,NA,2004-10-01T00:00:00Z,2005-10-01T00:00:00Z,-120.221,39.7622
397622N1202205W001,1752661,2004-04-07T00:00:00Z,4906.19,4904.89,0,5.4,4900.79,5.4,4.1,NA,Unknown,Water level accuracy is unknown,1,Department of Water Resources,NA,1,Department of Water Resources,NA,NA,20715,22N16E17E002M,22N16E17E002M,Unknown,Unknown,5-012.01,Sierra Valley,Plumas,125,Stockwatering,Single Well,NA,1959-03-13 00:00:00 - 2020-04-24 12:00:00,130,spring,NA,NA,-2.8,28.1,2004,NA,2003-10-01T00:00:00Z,2004-10-01T00:00:00Z,-120.221,39.7622
397622N1202205W001,1752660,2003-10-29T00:00:00Z,4906.19,4904.89,0,7.4,4898.79,7.4,6.1,NA,Unknown,Water level accuracy is unknown,1,Department of Water Resources,NA,1,Department of Water Resources,NA,NA,20715,22N16E17E002M,22N16E17E002M,Unknown,Unknown,5-012.01,Sierra Valley,Plumas,125,Stockwatering,Single Well,NA,1959-03-13 00:00:00 - 2020-04-24 12:00:00,130,fall,-3.9,53.5,NA,NA,2004,NA,2003-10-01T00:00:00Z,2004-10-01T00:00:00Z,-120.221,39.7622
397622N1202205W001,1752659,2003-03-28T00:00:00Z,4906.19,4904.89,0,4.9,4901.29,4.9,3.6,NA,Unknown,Water level accuracy is unknown,1,Department of Water Resources,NA,1,Department of Water Resources,NA,NA,20715,22N16E17E002M,22N16E17E002M,Unknown,Unknown,5-012.01,Sierra Valley,Plumas,125,Stockwatering,Single Well,NA,1959-03-13 00:00:00 - 2020-04-24 12:00:00,130,spring,NA,NA,-2.8,28.1,2003,NA,2002-10-01T00:00:00Z,2003-10-01T00:00:00Z,-120.221,39.7622
397622N1202205W001,1752658,2002-10-23T00:00:00Z,4906.19,4904.89,0,6.3,4899.89,6.3,5,NA,Unknown,Water level accuracy is unknown,1,Department of Water Resources,NA,1,Department of Water Resources,NA,NA,20715,22N16E17E002M,22N16E17E002M,Unknown,Unknown,5-012.01,Sierra Valley,Plumas,125,Stockwatering,Single Well,NA,1959-03-13 00:00:00 - 2020-04-24 12:00:00,130,fall,-3.9,53.5,NA,NA,2003,NA,2002-10-01T00:00:00Z,2003-10-01T00:00:00Z,-120.221,39.7622
397622N1202205W001,1752657,2002-03-27T00:00:00Z,4906.19,4904.89,0,3.5,4902.69,3.5,2.2,NA,Unknown,Water level accuracy is unknown,1,Department of Water Resources,NA,1,Department of Water Resources,NA,NA,20715,22N16E17E002M,22N16E17E002M,Unknown,Unknown,5-012.01,Sierra Valley,Plumas,125,Stockwatering,Single Well,NA,1959-03-13 00:00:00 - 2020-04-24 12:00:00,130,spring,NA,NA,-2.8,28.1,2002,NA,2001-10-01T00:00:00Z,2002-10-01T00:00:00Z,-120.221,39.7622
397622N1202205W001,1752656,2002-03-26T00:00:00Z,4906.19,4904.89,0,3.5,4902.69,3.5,2.2,NA,Unknown,Water level accuracy is unknown,1,Department of Water Resources,NA,1,Department of Water Resources,NA,NA,20715,22N16E17E002M,22N16E17E002M,Unknown,Unknown,5-012.01,Sierra Valley,Plumas,125,Stockwatering,Single Well,NA,1959-03-13 00:00:00 - 2020-04-24 12:00:00,130,spring,NA,NA,-2.8,28.1,2002,NA,2001-10-01T00:00:00Z,2002-10-01T00:00:00Z,-120.221,39.7622
397622N1202205W001,1752655,2001-10-17T00:00:00Z,4906.19,4904.89,0,4.6,4901.59,4.6,3.3,NA,Unknown,Water level accuracy is unknown,1,Department of Water Resources,NA,1,Department of Water Resources,NA,NA,20715,22N16E17E002M,22N16E17E002M,Unknown,Unknown,5-012.01,Sierra Valley,Plumas,125,Stockwatering,Single Well,NA,1959-03-13 00:00:00 - 2020-04-24 12:00:00,130,fall,-3.9,53.5,NA,NA,2002,NA,2001-10-01T00:00:00Z,2002-10-01T00:00:00Z,-120.221,39.7622
397622N1202205W001,1752654,2001-03-27T00:00:00Z,4906.19,4904.89,0,0.9,4905.29,0.9,-0.4,NA,Unknown,Water level accuracy is unknown,1,Department of Water Resources,NA,1,Department of Water Resources,NA,NA,20715,22N16E17E002M,22N16E17E002M,Unknown,Unknown,5-012.01,Sierra Valley,Plumas,125,Stockwatering,Single Well,NA,1959-03-13 00:00:00 - 2020-04-24 12:00:00,130,spring,NA,NA,-2.8,28.1,2001,Dry,2000-10-01T00:00:00Z,2001-10-01T00:00:00Z,-120.221,39.7622
397622N1202205W001,1752653,2000-10-18T00:00:00Z,4906.19,4904.89,0,1.5,4904.69,1.5,0.2,NA,Unknown,Water level accuracy is unknown,1,Department of Water Resources,NA,1,Department of Water Resources,NA,NA,20715,22N16E17E002M,22N16E17E002M,Unknown,Unknown,5-012.01,Sierra Valley,Plumas,125,Stockwatering,Single Well,NA,1959-03-13 00:00:00 - 2020-04-24 12:00:00,130,fall,-3.9,53.5,NA,NA,2001,Dry,2000-10-01T00:00:00Z,2001-10-01T00:00:00Z,-120.221,39.7622
397622N1202205W001,1752650,1999-10-13T00:00:00Z,4906.19,4904.89,0,0.4,4905.79,0.4,-0.9,NA,Unknown,Water level accuracy is unknown,1,Department of Water Resources,NA,1,Department of Water Resources,NA,NA,20715,22N16E17E002M,22N16E17E002M,Unknown,Unknown,5-012.01,Sierra Valley,Plumas,125,Stockwatering,Single Well,NA,1959-03-13 00:00:00 - 2020-04-24 12:00:00,130,fall,-3.9,53.5,NA,NA,2000,NA,1999-10-01T00:00:00Z,2000-10-01T00:00:00Z,-120.221,39.7622
397622N1202205W001,1752648,1998-10-14T00:00:00Z,4906.19,4904.89,0,1.8,4904.39,1.8,0.5,NA,Unknown,Water level accuracy is unknown,1,Department of Water Resources,NA,1,Department of Water Resources,NA,NA,20715,22N16E17E002M,22N16E17E002M,Unknown,Unknown,5-012.01,Sierra Valley,Plumas,125,Stockwatering,Single Well,NA,1959-03-13 00:00:00 - 2020-04-24 12:00:00,130,fall,-3.9,53.5,NA,NA,1999,NA,1998-10-01T00:00:00Z,1999-10-01T00:00:00Z,-120.221,39.7622
397622N1202205W001,1752649,1998-05-14T00:00:00Z,4906.19,4904.89,0,0.6,4905.59,0.6,-0.7,NA,Unknown,Water level accuracy is unknown,1,Department of Water Resources,NA,1,Department of Water Resources,NA,NA,20715,22N16E17E002M,22N16E17E002M,Unknown,Unknown,5-012.01,Sierra Valley,Plumas,125,Stockwatering,Single Well,NA,1959-03-13 00:00:00 - 2020-04-24 12:00:00,130,spring,NA,NA,-2.8,28.1,1998,NA,1997-10-01T00:00:00Z,1998-10-01T00:00:00Z,-120.221,39.7622
397622N1202205W001,1752647,1997-10-16T00:00:00Z,4906.19,4904.89,0,2.7,4903.49,2.7,1.4,NA,Unknown,Water level accuracy is unknown,1,Department of Water Resources,NA,1,Department of Water Resources,NA,NA,20715,22N16E17E002M,22N16E17E002M,Unknown,Unknown,5-012.01,Sierra Valley,Plumas,125,Stockwatering,Single Well,NA,1959-03-13 00:00:00 - 2020-04-24 12:00:00,130,fall,-3.9,53.5,NA,NA,1998,NA,1997-10-01T00:00:00Z,1998-10-01T00:00:00Z,-120.221,39.7622
397622N1202205W001,1752645,1997-04-04T00:00:00Z,4906.19,4904.89,0,3.1,4903.09,3.1,1.8,NA,Unknown,Water level accuracy is unknown,1,Department of Water Resources,NA,1,Department of Water Resources,NA,NA,20715,22N16E17E002M,22N16E17E002M,Unknown,Unknown,5-012.01,Sierra Valley,Plumas,125,Stockwatering,Single Well,NA,1959-03-13 00:00:00 - 2020-04-24 12:00:00,130,spring,NA,NA,-2.8,28.1,1997,NA,1996-10-01T00:00:00Z,1997-10-01T00:00:00Z,-120.221,39.7622
397622N1202205W001,1752646,1996-10-29T00:00:00Z,4906.19,4904.89,0,8.3,4897.89,8.3,7,NA,Unknown,Water level accuracy is unknown,1,Department of Water Resources,NA,1,Department of Water Resources,NA,NA,20715,22N16E17E002M,22N16E17E002M,Unknown,Unknown,5-012.01,Sierra Valley,Plumas,125,Stockwatering,Single Well,NA,1959-03-13 00:00:00 - 2020-04-24 12:00:00,130,fall,-3.9,53.5,NA,NA,1997,NA,1996-10-01T00:00:00Z,1997-10-01T00:00:00Z,-120.221,39.7622
397622N1202205W001,1752644,1996-05-07T00:00:00Z,4906.19,4904.89,0,5,4901.19,5,3.7,NA,Unknown,Water level accuracy is unknown,1,Department of Water Resources,NA,1,Department of Water Resources,NA,NA,20715,22N16E17E002M,22N16E17E002M,Unknown,Unknown,5-012.01,Sierra Valley,Plumas,125,Stockwatering,Single Well,NA,1959-03-13 00:00:00 - 2020-04-24 12:00:00,130,spring,NA,NA,-2.8,28.1,1996,NA,1995-10-01T00:00:00Z,1996-10-01T00:00:00Z,-120.221,39.7622
397622N1202205W001,1752643,1995-10-25T00:00:00Z,4906.19,4904.89,0,11.6,4894.59,11.6,10.3,NA,Unknown,Water level accuracy is unknown,1,Department of Water Resources,NA,1,Department of Water Resources,NA,NA,20715,22N16E17E002M,22N16E17E002M,Unknown,Unknown,5-012.01,Sierra Valley,Plumas,125,Stockwatering,Single Well,NA,1959-03-13 00:00:00 - 2020-04-24 12:00:00,130,fall,-3.9,53.5,NA,NA,1996,NA,1995-10-01T00:00:00Z,1996-10-01T00:00:00Z,-120.221,39.7622
397622N1202205W001,1752642,1995-05-31T00:00:00Z,4906.19,4904.89,0,11.4,4894.79,11.4,10.1,NA,Unknown,Water level accuracy is unknown,1,Department of Water Resources,NA,1,Department of Water Resources,NA,NA,20715,22N16E17E002M,22N16E17E002M,Unknown,Unknown,5-012.01,Sierra Valley,Plumas,125,Stockwatering,Single Well,NA,1959-03-13 00:00:00 - 2020-04-24 12:00:00,130,spring,NA,NA,-2.8,28.1,1995,Wet,1994-10-01T00:00:00Z,1995-10-01T00:00:00Z,-120.221,39.7622
397622N1202205W001,1752641,1994-10-28T00:00:00Z,4906.19,4904.89,0,20.9,4885.29,20.9,19.6,NA,Unknown,Water level accuracy is unknown,1,Department of Water Resources,NA,1,Department of Water Resources,NA,NA,20715,22N16E17E002M,22N16E17E002M,Unknown,Unknown,5-012.01,Sierra Valley,Plumas,125,Stockwatering,Single Well,NA,1959-03-13 00:00:00 - 2020-04-24 12:00:00,130,fall,-3.9,53.5,NA,NA,1995,Wet,1994-10-01T00:00:00Z,1995-10-01T00:00:00Z,-120.221,39.7622
397622N1202205W001,1752640,1994-03-29T00:00:00Z,4906.19,4904.89,0,16.3,4889.89,16.3,15,NA,Unknown,Water level accuracy is unknown,1,Department of Water Resources,NA,1,Department of Water Resources,NA,NA,20715,22N16E17E002M,22N16E17E002M,Unknown,Unknown,5-012.01,Sierra Valley,Plumas,125,Stockwatering,Single Well,NA,1959-03-13 00:00:00 - 2020-04-24 12:00:00,130,spring,NA,NA,-2.8,28.1,1994,Dry,1993-10-01T00:00:00Z,1994-10-01T00:00:00Z,-120.221,39.7622
397622N1202205W001,1752639,1993-10-19T00:00:00Z,4906.19,4904.89,0,21.5,4884.69,21.5,20.2,NA,Unknown,Water level accuracy is unknown,1,Department of Water Resources,NA,1,Department of Water Resources,NA,NA,20715,22N16E17E002M,22N16E17E002M,Unknown,Unknown,5-012.01,Sierra Valley,Plumas,125,Stockwatering,Single Well,NA,1959-03-13 00:00:00 - 2020-04-24 12:00:00,130,fall,-3.9,53.5,NA,NA,1994,Dry,1993-10-01T00:00:00Z,1994-10-01T00:00:00Z,-120.221,39.7622
397622N1202205W001,1752638,1993-04-22T00:00:00Z,4906.19,4904.89,0,27.6,4878.59,27.6,26.3,NA,Unknown,Water level accuracy is unknown,1,Department of Water Resources,NA,1,Department of Water Resources,NA,NA,20715,22N16E17E002M,22N16E17E002M,Unknown,Unknown,5-012.01,Sierra Valley,Plumas,125,Stockwatering,Single Well,NA,1959-03-13 00:00:00 - 2020-04-24 12:00:00,130,spring,NA,NA,-2.8,28.1,1993,NA,1992-10-01T00:00:00Z,1993-10-01T00:00:00Z,-120.221,39.7622
397622N1202205W001,1752637,1992-10-20T00:00:00Z,4906.19,4904.89,0,54.8,4851.39,54.8,53.5,NA,Unknown,Water level accuracy is unknown,1,Department of Water Resources,NA,1,Department of Water Resources,NA,NA,20715,22N16E17E002M,22N16E17E002M,Unknown,Unknown,5-012.01,Sierra Valley,Plumas,125,Stockwatering,Single Well,NA,1959-03-13 00:00:00 - 2020-04-24 12:00:00,130,fall,-3.9,53.5,NA,NA,1993,NA,1992-10-01T00:00:00Z,1993-10-01T00:00:00Z,-120.221,39.7622
397622N1202205W001,1752636,1992-03-24T00:00:00Z,4906.19,4904.89,0,27.9,4878.29,27.9,26.6,NA,Unknown,Water level accuracy is unknown,1,Department of Water Resources,NA,1,Department of Water Resources,NA,NA,20715,22N16E17E002M,22N16E17E002M,Unknown,Unknown,5-012.01,Sierra Valley,Plumas,125,Stockwatering,Single Well,NA,1959-03-13 00:00:00 - 2020-04-24 12:00:00,130,spring,NA,NA,-2.8,28.1,1992,NA,1991-10-01T00:00:00Z,1992-10-01T00:00:00Z,-120.221,39.7622
397622N1202205W001,1752635,1991-10-22T00:00:00Z,4906.19,4904.89,0,45.6,4860.59,45.6,44.3,NA,Unknown,Water level accuracy is unknown,1,Department of Water Resources,NA,1,Department of Water Resources,NA,NA,20715,22N16E17E002M,22N16E17E002M,Unknown,Unknown,5-012.01,Sierra Valley,Plumas,125,Stockwatering,Single Well,NA,1959-03-13 00:00:00 - 2020-04-24 12:00:00,130,fall,-3.9,53.5,NA,NA,1992,NA,1991-10-01T00:00:00Z,1992-10-01T00:00:00Z,-120.221,39.7622
397622N1202205W001,1752634,1991-02-27T00:00:00Z,4906.19,4904.89,0,29.2,4876.99,29.2,27.9,Other,Unknown,Water level accuracy is unknown,1,Department of Water Resources,NA,1,Department of Water Resources,NA,NA,20715,22N16E17E002M,22N16E17E002M,Unknown,Unknown,5-012.01,Sierra Valley,Plumas,125,Stockwatering,Single Well,NA,1959-03-13 00:00:00 - 2020-04-24 12:00:00,130,other,NA,NA,NA,NA,1991,NA,1990-10-01T00:00:00Z,1991-10-01T00:00:00Z,-120.221,39.7622
397622N1202205W001,1752633,1990-10-24T00:00:00Z,4906.19,4904.89,0,47.1,4859.09,47.1,45.8,Other,Unknown,Water level accuracy is unknown,1,Department of Water Resources,NA,1,Department of Water Resources,NA,NA,20715,22N16E17E002M,22N16E17E002M,Unknown,Unknown,5-012.01,Sierra Valley,Plumas,125,Stockwatering,Single Well,NA,1959-03-13 00:00:00 - 2020-04-24 12:00:00,130,fall,-3.9,53.5,NA,NA,1991,NA,1990-10-01T00:00:00Z,1991-10-01T00:00:00Z,-120.221,39.7622
397622N1202205W001,1752632,1990-04-10T00:00:00Z,4906.19,4904.89,0,21.4,4884.79,21.4,20.1,NA,Unknown,Water level accuracy is unknown,1,Department of Water Resources,NA,1,Department of Water Resources,NA,NA,20715,22N16E17E002M,22N16E17E002M,Unknown,Unknown,5-012.01,Sierra Valley,Plumas,125,Stockwatering,Single Well,NA,1959-03-13 00:00:00 - 2020-04-24 12:00:00,130,spring,NA,NA,-2.8,28.1,1990,NA,1989-10-01T00:00:00Z,1990-10-01T00:00:00Z,-120.221,39.7622
397622N1202205W001,1752631,1989-09-27T00:00:00Z,4906.19,4904.89,0,51.3,4854.89,51.3,50,NA,Unknown,Water level accuracy is unknown,1,Department of Water Resources,NA,1,Department of Water Resources,NA,NA,20715,22N16E17E002M,22N16E17E002M,Unknown,Unknown,5-012.01,Sierra Valley,Plumas,125,Stockwatering,Single Well,NA,1959-03-13 00:00:00 - 2020-04-24 12:00:00,130,fall,-3.9,53.5,NA,NA,1989,NA,1988-10-01T00:00:00Z,1989-10-01T00:00:00Z,-120.221,39.7622
397622N1202205W001,1752630,1989-04-05T00:00:00Z,4906.19,4904.89,0,19.5,4886.69,19.5,18.2,NA,Unknown,Water level accuracy is unknown,1,Department of Water Resources,NA,1,Department of Water Resources,NA,NA,20715,22N16E17E002M,22N16E17E002M,Unknown,Unknown,5-012.01,Sierra Valley,Plumas,125,Stockwatering,Single Well,NA,1959-03-13 00:00:00 - 2020-04-24 12:00:00,130,spring,NA,NA,-2.8,28.1,1989,NA,1988-10-01T00:00:00Z,1989-10-01T00:00:00Z,-120.221,39.7622
397622N1202205W001,1752629,1988-10-24T00:00:00Z,4906.19,4904.89,0,34.3,4871.89,34.3,33,NA,Unknown,Water level accuracy is unknown,1,Department of Water Resources,NA,1,Department of Water Resources,NA,NA,20715,22N16E17E002M,22N16E17E002M,Unknown,Unknown,5-012.01,Sierra Valley,Plumas,125,Stockwatering,Single Well,NA,1959-03-13 00:00:00 - 2020-04-24 12:00:00,130,fall,-3.9,53.5,NA,NA,1989,NA,1988-10-01T00:00:00Z,1989-10-01T00:00:00Z,-120.221,39.7622
397622N1202205W001,1752628,1988-03-22T00:00:00Z,4906.19,4904.89,0,20.5,4885.69,20.5,19.2,NA,Unknown,Water level accuracy is unknown,1,Department of Water Resources,NA,1,Department of Water Resources,NA,NA,20715,22N16E17E002M,22N16E17E002M,Unknown,Unknown,5-012.01,Sierra Valley,Plumas,125,Stockwatering,Single Well,NA,1959-03-13 00:00:00 - 2020-04-24 12:00:00,130,spring,NA,NA,-2.8,28.1,1988,NA,1987-10-01T00:00:00Z,1988-10-01T00:00:00Z,-120.221,39.7622
397622N1202205W001,1752627,1987-10-20T00:00:00Z,4906.19,4904.89,0,42,4864.19,42,40.7,NA,Unknown,Water level accuracy is unknown,1,Department of Water Resources,NA,1,Department of Water Resources,NA,NA,20715,22N16E17E002M,22N16E17E002M,Unknown,Unknown,5-012.01,Sierra Valley,Plumas,125,Stockwatering,Single Well,NA,1959-03-13 00:00:00 - 2020-04-24 12:00:00,130,fall,-3.9,53.5,NA,NA,1988,NA,1987-10-01T00:00:00Z,1988-10-01T00:00:00Z,-120.221,39.7622
397622N1202205W001,1752626,1987-04-07T00:00:00Z,4906.19,4904.89,0,13.4,4892.79,13.4,12.1,NA,Unknown,Water level accuracy is unknown,1,Department of Water Resources,NA,1,Department of Water Resources,NA,NA,20715,22N16E17E002M,22N16E17E002M,Unknown,Unknown,5-012.01,Sierra Valley,Plumas,125,Stockwatering,Single Well,NA,1959-03-13 00:00:00 - 2020-04-24 12:00:00,130,spring,NA,NA,-2.8,28.1,1987,Dry,1986-10-01T00:00:00Z,1987-10-01T00:00:00Z,-120.221,39.7622
397622N1202205W001,1752625,1986-10-01T00:00:00Z,4906.19,4904.89,0,36.2,4869.99,36.2,34.9,NA,Unknown,Water level accuracy is unknown,1,Department of Water Resources,NA,1,Department of Water Resources,NA,NA,20715,22N16E17E002M,22N16E17E002M,Unknown,Unknown,5-012.01,Sierra Valley,Plumas,125,Stockwatering,Single Well,NA,1959-03-13 00:00:00 - 2020-04-24 12:00:00,130,fall,-3.9,53.5,NA,NA,1987,Dry,1986-10-01T00:00:00Z,1987-10-01T00:00:00Z,-120.221,39.7622
397622N1202205W001,1752624,1986-04-01T00:00:00Z,4906.19,4904.89,0,13.2,4892.99,13.2,11.9,NA,Unknown,Water level accuracy is unknown,1,Department of Water Resources,NA,1,Department of Water Resources,NA,NA,20715,22N16E17E002M,22N16E17E002M,Unknown,Unknown,5-012.01,Sierra Valley,Plumas,125,Stockwatering,Single Well,NA,1959-03-13 00:00:00 - 2020-04-24 12:00:00,130,spring,NA,NA,-2.8,28.1,1986,Wet,1985-10-01T00:00:00Z,1986-10-01T00:00:00Z,-120.221,39.7622
397622N1202205W001,1752623,1985-11-13T00:00:00Z,4906.19,4904.89,0,30.8,4875.39,30.8,29.5,NA,Unknown,Water level accuracy is unknown,1,Department of Water Resources,NA,1,Department of Water Resources,NA,NA,20715,22N16E17E002M,22N16E17E002M,Unknown,Unknown,5-012.01,Sierra Valley,Plumas,125,Stockwatering,Single Well,NA,1959-03-13 00:00:00 - 2020-04-24 12:00:00,130,fall,-3.9,53.5,NA,NA,1986,Wet,1985-10-01T00:00:00Z,1986-10-01T00:00:00Z,-120.221,39.7622
397622N1202205W001,1752622,1985-11-07T00:00:00Z,4906.19,4904.89,0,32.3,4873.89,32.3,31,NA,Unknown,Water level accuracy is unknown,1,Department of Water Resources,NA,1,Department of Water Resources,NA,NA,20715,22N16E17E002M,22N16E17E002M,Unknown,Unknown,5-012.01,Sierra Valley,Plumas,125,Stockwatering,Single Well,NA,1959-03-13 00:00:00 - 2020-04-24 12:00:00,130,fall,-3.9,53.5,NA,NA,1986,Wet,1985-10-01T00:00:00Z,1986-10-01T00:00:00Z,-120.221,39.7622
397622N1202205W001,1752621,1985-11-01T00:00:00Z,4906.19,4904.89,0,33.8,4872.39,33.8,32.5,NA,Unknown,Water level accuracy is unknown,1,Department of Water Resources,NA,1,Department of Water Resources,NA,NA,20715,22N16E17E002M,22N16E17E002M,Unknown,Unknown,5-012.01,Sierra Valley,Plumas,125,Stockwatering,Single Well,NA,1959-03-13 00:00:00 - 2020-04-24 12:00:00,130,fall,-3.9,53.5,NA,NA,1986,Wet,1985-10-01T00:00:00Z,1986-10-01T00:00:00Z,-120.221,39.7622
397622N1202205W001,1752620,1985-10-28T00:00:00Z,4906.19,4904.89,0,34.9,4871.29,34.9,33.6,NA,Unknown,Water level accuracy is unknown,1,Department of Water Resources,NA,1,Department of Water Resources,NA,NA,20715,22N16E17E002M,22N16E17E002M,Unknown,Unknown,5-012.01,Sierra Valley,Plumas,125,Stockwatering,Single Well,NA,1959-03-13 00:00:00 - 2020-04-24 12:00:00,130,fall,-3.9,53.5,NA,NA,1986,Wet,1985-10-01T00:00:00Z,1986-10-01T00:00:00Z,-120.221,39.7622
397622N1202205W001,1752619,1985-10-06T00:00:00Z,4906.19,4904.89,0,40.5,4865.69,40.5,39.2,NA,Unknown,Water level accuracy is unknown,1,Department of Water Resources,NA,1,Department of Water Resources,NA,NA,20715,22N16E17E002M,22N16E17E002M,Unknown,Unknown,5-012.01,Sierra Valley,Plumas,125,Stockwatering,Single Well,NA,1959-03-13 00:00:00 - 2020-04-24 12:00:00,130,fall,-3.9,53.5,NA,NA,1986,Wet,1985-10-01T00:00:00Z,1986-10-01T00:00:00Z,-120.221,39.7622
397622N1202205W001,1752618,1985-04-04T00:00:00Z,4906.19,4904.89,0,9.9,4896.29,9.9,8.6,NA,Unknown,Water level accuracy is unknown,1,Department of Water Resources,NA,1,Department of Water Resources,NA,NA,20715,22N16E17E002M,22N16E17E002M,Unknown,Unknown,5-012.01,Sierra Valley,Plumas,125,Stockwatering,Single Well,NA,1959-03-13 00:00:00 - 2020-04-24 12:00:00,130,spring,NA,NA,-2.8,28.1,1985,Dry,1984-10-01T00:00:00Z,1985-10-01T00:00:00Z,-120.221,39.7622
397622N1202205W001,1752617,1984-10-03T00:00:00Z,4906.19,4904.89,0,37.6,4868.59,37.6,36.3,NA,Unknown,Water level accuracy is unknown,1,Department of Water Resources,NA,1,Department of Water Resources,NA,NA,20715,22N16E17E002M,22N16E17E002M,Unknown,Unknown,5-012.01,Sierra Valley,Plumas,125,Stockwatering,Single Well,NA,1959-03-13 00:00:00 - 2020-04-24 12:00:00,130,fall,-3.9,53.5,NA,NA,1985,Dry,1984-10-01T00:00:00Z,1985-10-01T00:00:00Z,-120.221,39.7622
397622N1202205W001,1752616,1984-03-15T00:00:00Z,4906.19,4904.89,0,6.2,4899.99,6.2,4.9,NA,Unknown,Water level accuracy is unknown,1,Department of Water Resources,NA,1,Department of Water Resources,NA,NA,20715,22N16E17E002M,22N16E17E002M,Unknown,Unknown,5-012.01,Sierra Valley,Plumas,125,Stockwatering,Single Well,NA,1959-03-13 00:00:00 - 2020-04-24 12:00:00,130,spring,NA,NA,-2.8,28.1,1984,NA,1983-10-01T00:00:00Z,1984-10-01T00:00:00Z,-120.221,39.7622
397622N1202205W001,1752615,1983-09-28T00:00:00Z,4906.19,4904.89,0,34.8,4871.39,34.8,33.5,NA,Unknown,Water level accuracy is unknown,1,Department of Water Resources,NA,1,Department of Water Resources,NA,NA,20715,22N16E17E002M,22N16E17E002M,Unknown,Unknown,5-012.01,Sierra Valley,Plumas,125,Stockwatering,Single Well,NA,1959-03-13 00:00:00 - 2020-04-24 12:00:00,130,fall,-3.9,53.5,NA,NA,1983,NA,1982-10-01T00:00:00Z,1983-10-01T00:00:00Z,-120.221,39.7622
397622N1202205W001,1752614,1983-04-06T00:00:00Z,4906.19,4904.89,0,8,4898.19,8,6.7,NA,Unknown,Water level accuracy is unknown,1,Department of Water Resources,NA,1,Department of Water Resources,NA,NA,20715,22N16E17E002M,22N16E17E002M,Unknown,Unknown,5-012.01,Sierra Valley,Plumas,125,Stockwatering,Single Well,NA,1959-03-13 00:00:00 - 2020-04-24 12:00:00,130,spring,NA,NA,-2.8,28.1,1983,NA,1982-10-01T00:00:00Z,1983-10-01T00:00:00Z,-120.221,39.7622
397622N1202205W001,1752613,1982-10-06T00:00:00Z,4906.19,4904.89,0,28.9,4877.29,28.9,27.6,NA,Unknown,Water level accuracy is unknown,1,Department of Water Resources,NA,1,Department of Water Resources,NA,NA,20715,22N16E17E002M,22N16E17E002M,Unknown,Unknown,5-012.01,Sierra Valley,Plumas,125,Stockwatering,Single Well,NA,1959-03-13 00:00:00 - 2020-04-24 12:00:00,130,fall,-3.9,53.5,NA,NA,1983,NA,1982-10-01T00:00:00Z,1983-10-01T00:00:00Z,-120.221,39.7622
397622N1202205W001,1752612,1982-09-15T00:00:00Z,4906.19,4904.89,0,36.2,4869.99,36.2,34.9,NA,Unknown,Water level accuracy is unknown,1,Department of Water Resources,NA,1,Department of Water Resources,NA,NA,20715,22N16E17E002M,22N16E17E002M,Unknown,Unknown,5-012.01,Sierra Valley,Plumas,125,Stockwatering,Single Well,NA,1959-03-13 00:00:00 - 2020-04-24 12:00:00,130,fall,-3.9,53.5,NA,NA,1982,Wet,1981-10-01T00:00:00Z,1982-10-01T00:00:00Z,-120.221,39.7622
397622N1202205W001,1752611,1982-04-27T00:00:00Z,4906.19,4904.89,0,7.8,4898.39,7.8,6.5,NA,Unknown,Water level accuracy is unknown,1,Department of Water Resources,NA,1,Department of Water Resources,NA,NA,20715,22N16E17E002M,22N16E17E002M,Unknown,Unknown,5-012.01,Sierra Valley,Plumas,125,Stockwatering,Single Well,NA,1959-03-13 00:00:00 - 2020-04-24 12:00:00,130,spring,NA,NA,-2.8,28.1,1982,Wet,1981-10-01T00:00:00Z,1982-10-01T00:00:00Z,-120.221,39.7622
397622N1202205W001,1752610,1982-02-04T00:00:00Z,4906.19,4904.89,0,13,4893.19,13,11.7,NA,Unknown,Water level accuracy is unknown,1,Department of Water Resources,NA,1,Department of Water Resources,NA,NA,20715,22N16E17E002M,22N16E17E002M,Unknown,Unknown,5-012.01,Sierra Valley,Plumas,125,Stockwatering,Single Well,NA,1959-03-13 00:00:00 - 2020-04-24 12:00:00,130,other,NA,NA,NA,NA,1982,Wet,1981-10-01T00:00:00Z,1982-10-01T00:00:00Z,-120.221,39.7622
397622N1202205W001,1752609,1981-10-07T00:00:00Z,4906.19,4904.89,0,30.3,4875.89,30.3,29,NA,Unknown,Water level accuracy is unknown,1,Department of Water Resources,NA,1,Department of Water Resources,NA,NA,20715,22N16E17E002M,22N16E17E002M,Unknown,Unknown,5-012.01,Sierra Valley,Plumas,125,Stockwatering,Single Well,NA,1959-03-13 00:00:00 - 2020-04-24 12:00:00,130,fall,-3.9,53.5,NA,NA,1982,Wet,1981-10-01T00:00:00Z,1982-10-01T00:00:00Z,-120.221,39.7622
397622N1202205W001,1752608,1981-09-14T00:00:00Z,4906.19,4904.89,0,40.2,4865.99,40.2,38.9,NA,Unknown,Water level accuracy is unknown,1,Department of Water Resources,NA,1,Department of Water Resources,NA,NA,20715,22N16E17E002M,22N16E17E002M,Unknown,Unknown,5-012.01,Sierra Valley,Plumas,125,Stockwatering,Single Well,NA,1959-03-13 00:00:00 - 2020-04-24 12:00:00,130,fall,-3.9,53.5,NA,NA,1981,Dry,1980-10-01T00:00:00Z,1981-10-01T00:00:00Z,-120.221,39.7622
397622N1202205W001,1752607,1981-08-26T00:00:00Z,4906.19,4904.89,0,37.5,4868.69,37.5,36.2,NA,Unknown,Water level accuracy is unknown,1,Department of Water Resources,NA,1,Department of Water Resources,NA,NA,20715,22N16E17E002M,22N16E17E002M,Unknown,Unknown,5-012.01,Sierra Valley,Plumas,125,Stockwatering,Single Well,NA,1959-03-13 00:00:00 - 2020-04-24 12:00:00,130,fall,-3.9,53.5,NA,NA,1981,Dry,1980-10-01T00:00:00Z,1981-10-01T00:00:00Z,-120.221,39.7622
397622N1202205W001,1752606,1981-08-13T00:00:00Z,4906.19,4904.89,0,34.6,4871.59,34.6,33.3,NA,Unknown,Water level accuracy is unknown,1,Department of Water Resources,NA,1,Department of Water Resources,NA,NA,20715,22N16E17E002M,22N16E17E002M,Unknown,Unknown,5-012.01,Sierra Valley,Plumas,125,Stockwatering,Single Well,NA,1959-03-13 00:00:00 - 2020-04-24 12:00:00,130,fall,-3.9,53.5,NA,NA,1981,Dry,1980-10-01T00:00:00Z,1981-10-01T00:00:00Z,-120.221,39.7622
397622N1202205W001,1752605,1981-04-16T00:00:00Z,4906.19,4904.89,0,5.7,4900.49,5.7,4.4,NA,Unknown,Water level accuracy is unknown,1,Department of Water Resources,NA,1,Department of Water Resources,NA,NA,20715,22N16E17E002M,22N16E17E002M,Unknown,Unknown,5-012.01,Sierra Valley,Plumas,125,Stockwatering,Single Well,NA,1959-03-13 00:00:00 - 2020-04-24 12:00:00,130,spring,NA,NA,-2.8,28.1,1981,Dry,1980-10-01T00:00:00Z,1981-10-01T00:00:00Z,-120.221,39.7622
397622N1202205W001,1752604,1981-04-09T00:00:00Z,4905.39,4904.89,0,4.5,4900.89,4.5,4,NA,Unknown,Water level accuracy is unknown,1,Department of Water Resources,NA,1,Department of Water Resources,NA,NA,20715,22N16E17E002M,22N16E17E002M,Unknown,Unknown,5-012.01,Sierra Valley,Plumas,125,Stockwatering,Single Well,NA,1959-03-13 00:00:00 - 2020-04-24 12:00:00,130,spring,NA,NA,-2.8,28.1,1981,Dry,1980-10-01T00:00:00Z,1981-10-01T00:00:00Z,-120.221,39.7622
397622N1202205W001,1752603,1981-01-12T00:00:00Z,4905.39,4904.89,0,9.1,4896.29,9.1,8.6,NA,Unknown,Water level accuracy is unknown,1,Department of Water Resources,NA,1,Department of Water Resources,NA,NA,20715,22N16E17E002M,22N16E17E002M,Unknown,Unknown,5-012.01,Sierra Valley,Plumas,125,Stockwatering,Single Well,NA,1959-03-13 00:00:00 - 2020-04-24 12:00:00,130,other,NA,NA,NA,NA,1981,Dry,1980-10-01T00:00:00Z,1981-10-01T00:00:00Z,-120.221,39.7622
397622N1202205W001,1752602,1980-10-21T00:00:00Z,4905.39,4904.89,0,19.6,4885.79,19.6,19.1,NA,Unknown,Water level accuracy is unknown,1,Department of Water Resources,NA,1,Department of Water Resources,NA,NA,20715,22N16E17E002M,22N16E17E002M,Unknown,Unknown,5-012.01,Sierra Valley,Plumas,125,Stockwatering,Single Well,NA,1959-03-13 00:00:00 - 2020-04-24 12:00:00,130,fall,-3.9,53.5,NA,NA,1981,Dry,1980-10-01T00:00:00Z,1981-10-01T00:00:00Z,-120.221,39.7622
397622N1202205W001,1752601,1980-08-26T00:00:00Z,4905.39,4904.89,0,20.4,4884.99,20.4,19.9,NA,Unknown,Water level accuracy is unknown,1,Department of Water Resources,NA,1,Department of Water Resources,NA,NA,20715,22N16E17E002M,22N16E17E002M,Unknown,Unknown,5-012.01,Sierra Valley,Plumas,125,Stockwatering,Single Well,NA,1959-03-13 00:00:00 - 2020-04-24 12:00:00,130,fall,-3.9,53.5,NA,NA,1980,NA,1979-10-01T00:00:00Z,1980-10-01T00:00:00Z,-120.221,39.7622
397622N1202205W001,1752600,1980-04-24T00:00:00Z,4905.39,4904.89,0,1.5,4903.89,1.5,1,NA,Unknown,Water level accuracy is unknown,1,Department of Water Resources,NA,1,Department of Water Resources,NA,NA,20715,22N16E17E002M,22N16E17E002M,Unknown,Unknown,5-012.01,Sierra Valley,Plumas,125,Stockwatering,Single Well,NA,1959-03-13 00:00:00 - 2020-04-24 12:00:00,130,spring,NA,NA,-2.8,28.1,1980,NA,1979-10-01T00:00:00Z,1980-10-01T00:00:00Z,-120.221,39.7622
397622N1202205W001,1752599,1978-10-18T00:00:00Z,4905.39,4904.89,0,0,4905.39,0,-0.5,Pumped recently,Unknown,Water level accuracy is unknown,1,Department of Water Resources,NA,1,Department of Water Resources,NA,NA,20715,22N16E17E002M,22N16E17E002M,Unknown,Unknown,5-012.01,Sierra Valley,Plumas,125,Stockwatering,Single Well,NA,1959-03-13 00:00:00 - 2020-04-24 12:00:00,130,fall,-3.9,53.5,NA,NA,1979,NA,1978-10-01T00:00:00Z,1979-10-01T00:00:00Z,-120.221,39.7622
397622N1202205W001,1752598,1978-05-18T00:00:00Z,4905.39,4904.89,0,-0.8,4906.19,-0.8,-1.3,NA,Unknown,Water level accuracy is unknown,1,Department of Water Resources,NA,1,Department of Water Resources,NA,NA,20715,22N16E17E002M,22N16E17E002M,Unknown,Unknown,5-012.01,Sierra Valley,Plumas,125,Stockwatering,Single Well,NA,1959-03-13 00:00:00 - 2020-04-24 12:00:00,130,spring,NA,NA,-2.8,28.1,1978,NA,1977-10-01T00:00:00Z,1978-10-01T00:00:00Z,-120.221,39.7622
397622N1202205W001,1752597,1977-10-11T00:00:00Z,4905.39,4904.89,0,1.5,4903.89,1.5,1,NA,Unknown,Water level accuracy is unknown,1,Department of Water Resources,NA,1,Department of Water Resources,NA,NA,20715,22N16E17E002M,22N16E17E002M,Unknown,Unknown,5-012.01,Sierra Valley,Plumas,125,Stockwatering,Single Well,NA,1959-03-13 00:00:00 - 2020-04-24 12:00:00,130,fall,-3.9,53.5,NA,NA,1978,NA,1977-10-01T00:00:00Z,1978-10-01T00:00:00Z,-120.221,39.7622
397622N1202205W001,1752596,1977-04-21T00:00:00Z,4905.39,4904.89,0,-0.8,4906.19,-0.8,-1.3,NA,Unknown,Water level accuracy is unknown,1,Department of Water Resources,NA,1,Department of Water Resources,NA,NA,20715,22N16E17E002M,22N16E17E002M,Unknown,Unknown,5-012.01,Sierra Valley,Plumas,125,Stockwatering,Single Well,NA,1959-03-13 00:00:00 - 2020-04-24 12:00:00,130,spring,NA,NA,-2.8,28.1,1977,NA,1976-10-01T00:00:00Z,1977-10-01T00:00:00Z,-120.221,39.7622
397622N1202205W001,1752595,1976-11-04T00:00:00Z,4906.39,4904.89,0,0.5,4905.89,0.5,-1,NA,Unknown,Water level accuracy is unknown,1,Department of Water Resources,NA,1,Department of Water Resources,NA,NA,20715,22N16E17E002M,22N16E17E002M,Unknown,Unknown,5-012.01,Sierra Valley,Plumas,125,Stockwatering,Single Well,NA,1959-03-13 00:00:00 - 2020-04-24 12:00:00,130,fall,-3.9,53.5,NA,NA,1977,NA,1976-10-01T00:00:00Z,1977-10-01T00:00:00Z,-120.221,39.7622
397622N1202205W001,1752594,1976-04-22T00:00:00Z,4905.39,4904.89,0,-1.4,4906.79,-1.4,-1.9,NA,Unknown,Water level accuracy is unknown,1,Department of Water Resources,NA,1,Department of Water Resources,NA,NA,20715,22N16E17E002M,22N16E17E002M,Unknown,Unknown,5-012.01,Sierra Valley,Plumas,125,Stockwatering,Single Well,NA,1959-03-13 00:00:00 - 2020-04-24 12:00:00,130,spring,NA,NA,-2.8,28.1,1976,Dry,1975-10-01T00:00:00Z,1976-10-01T00:00:00Z,-120.221,39.7622
397622N1202205W001,1752593,1975-10-02T00:00:00Z,4905.39,4904.89,0,-0.2,4905.59,-0.2,-0.7,NA,Unknown,Water level accuracy is unknown,1,Department of Water Resources,NA,1,Department of Water Resources,NA,NA,20715,22N16E17E002M,22N16E17E002M,Unknown,Unknown,5-012.01,Sierra Valley,Plumas,125,Stockwatering,Single Well,NA,1959-03-13 00:00:00 - 2020-04-24 12:00:00,130,fall,-3.9,53.5,NA,NA,1976,Dry,1975-10-01T00:00:00Z,1976-10-01T00:00:00Z,-120.221,39.7622
397622N1202205W001,1752591,1974-10-10T00:00:00Z,4905.39,4904.89,0,-0.5,4905.89,-0.5,-1,NA,Unknown,Water level accuracy is unknown,1,Department of Water Resources,NA,1,Department of Water Resources,NA,NA,20715,22N16E17E002M,22N16E17E002M,Unknown,Unknown,5-012.01,Sierra Valley,Plumas,125,Stockwatering,Single Well,NA,1959-03-13 00:00:00 - 2020-04-24 12:00:00,130,fall,-3.9,53.5,NA,NA,1975,NA,1974-10-01T00:00:00Z,1975-10-01T00:00:00Z,-120.221,39.7622
397622N1202205W001,1752590,1974-05-03T00:00:00Z,4905.39,4904.89,0,-1.9,4907.29,-1.9,-2.4,NA,Unknown,Water level accuracy is unknown,1,Department of Water Resources,NA,1,Department of Water Resources,NA,NA,20715,22N16E17E002M,22N16E17E002M,Unknown,Unknown,5-012.01,Sierra Valley,Plumas,125,Stockwatering,Single Well,NA,1959-03-13 00:00:00 - 2020-04-24 12:00:00,130,spring,NA,NA,-2.8,28.1,1974,Wet,1973-10-01T00:00:00Z,1974-10-01T00:00:00Z,-120.221,39.7622
397622N1202205W001,1752589,1973-10-03T00:00:00Z,4905.39,4904.89,0,9,4896.39,9,8.5,NA,Unknown,Water level accuracy is unknown,1,Department of Water Resources,NA,1,Department of Water Resources,NA,NA,20715,22N16E17E002M,22N16E17E002M,Unknown,Unknown,5-012.01,Sierra Valley,Plumas,125,Stockwatering,Single Well,NA,1959-03-13 00:00:00 - 2020-04-24 12:00:00,130,fall,-3.9,53.5,NA,NA,1974,Wet,1973-10-01T00:00:00Z,1974-10-01T00:00:00Z,-120.221,39.7622
397622N1202205W001,1752588,1973-04-13T00:00:00Z,4905.39,4904.89,0,-1.9,4907.29,-1.9,-2.4,NA,Unknown,Water level accuracy is unknown,1,Department of Water Resources,NA,1,Department of Water Resources,NA,NA,20715,22N16E17E002M,22N16E17E002M,Unknown,Unknown,5-012.01,Sierra Valley,Plumas,125,Stockwatering,Single Well,NA,1959-03-13 00:00:00 - 2020-04-24 12:00:00,130,spring,NA,NA,-2.8,28.1,1973,NA,1972-10-01T00:00:00Z,1973-10-01T00:00:00Z,-120.221,39.7622
397622N1202205W001,1752587,1972-10-04T00:00:00Z,4905.39,4904.89,0,-0.1,4905.49,-0.1,-0.6,NA,Unknown,Water level accuracy is unknown,1,Department of Water Resources,NA,1,Department of Water Resources,NA,NA,20715,22N16E17E002M,22N16E17E002M,Unknown,Unknown,5-012.01,Sierra Valley,Plumas,125,Stockwatering,Single Well,NA,1959-03-13 00:00:00 - 2020-04-24 12:00:00,130,fall,-3.9,53.5,NA,NA,1973,NA,1972-10-01T00:00:00Z,1973-10-01T00:00:00Z,-120.221,39.7622
397622N1202205W001,1752586,1972-04-27T00:00:00Z,4905.39,4904.89,0,-1.9,4907.29,-1.9,-2.4,NA,Unknown,Water level accuracy is unknown,1,Department of Water Resources,NA,1,Department of Water Resources,NA,NA,20715,22N16E17E002M,22N16E17E002M,Unknown,Unknown,5-012.01,Sierra Valley,Plumas,125,Stockwatering,Single Well,NA,1959-03-13 00:00:00 - 2020-04-24 12:00:00,130,spring,NA,NA,-2.8,28.1,1972,NA,1971-10-01T00:00:00Z,1972-10-01T00:00:00Z,-120.221,39.7622
397622N1202205W001,1752585,1971-10-07T00:00:00Z,4905.39,4904.89,0,0,4905.39,0,-0.5,NA,Unknown,Water level accuracy is unknown,1,Department of Water Resources,NA,1,Department of Water Resources,NA,NA,20715,22N16E17E002M,22N16E17E002M,Unknown,Unknown,5-012.01,Sierra Valley,Plumas,125,Stockwatering,Single Well,NA,1959-03-13 00:00:00 - 2020-04-24 12:00:00,130,fall,-3.9,53.5,NA,NA,1972,NA,1971-10-01T00:00:00Z,1972-10-01T00:00:00Z,-120.221,39.7622
397622N1202205W001,1752584,1971-05-06T00:00:00Z,4905.39,4904.89,0,-2,4907.39,-2,-2.5,NA,Unknown,Water level accuracy is unknown,1,Department of Water Resources,NA,1,Department of Water Resources,NA,NA,20715,22N16E17E002M,22N16E17E002M,Unknown,Unknown,5-012.01,Sierra Valley,Plumas,125,Stockwatering,Single Well,NA,1959-03-13 00:00:00 - 2020-04-24 12:00:00,130,spring,NA,NA,-2.8,28.1,1971,NA,1970-10-01T00:00:00Z,1971-10-01T00:00:00Z,-120.221,39.7622
397622N1202205W001,1752583,1970-10-14T00:00:00Z,4905.39,4904.89,0,0.3,4905.09,0.3,-0.2,NA,Unknown,Water level accuracy is unknown,1,Department of Water Resources,NA,1,Department of Water Resources,NA,NA,20715,22N16E17E002M,22N16E17E002M,Unknown,Unknown,5-012.01,Sierra Valley,Plumas,125,Stockwatering,Single Well,NA,1959-03-13 00:00:00 - 2020-04-24 12:00:00,130,fall,-3.9,53.5,NA,NA,1971,NA,1970-10-01T00:00:00Z,1971-10-01T00:00:00Z,-120.221,39.7622
397622N1202205W001,1752582,1970-05-06T00:00:00Z,4905.39,4904.89,0,-2,4907.39,-2,-2.5,NA,Unknown,Water level accuracy is unknown,1,Department of Water Resources,NA,1,Department of Water Resources,NA,NA,20715,22N16E17E002M,22N16E17E002M,Unknown,Unknown,5-012.01,Sierra Valley,Plumas,125,Stockwatering,Single Well,NA,1959-03-13 00:00:00 - 2020-04-24 12:00:00,130,spring,NA,NA,-2.8,28.1,1970,NA,1969-10-01T00:00:00Z,1970-10-01T00:00:00Z,-120.221,39.7622
397622N1202205W001,1752581,1969-10-23T00:00:00Z,4905.39,4904.89,0,-0.5,4905.89,-0.5,-1,NA,Unknown,Water level accuracy is unknown,1,Department of Water Resources,NA,1,Department of Water Resources,NA,NA,20715,22N16E17E002M,22N16E17E002M,Unknown,Unknown,5-012.01,Sierra Valley,Plumas,125,Stockwatering,Single Well,NA,1959-03-13 00:00:00 - 2020-04-24 12:00:00,130,fall,-3.9,53.5,NA,NA,1970,NA,1969-10-01T00:00:00Z,1970-10-01T00:00:00Z,-120.221,39.7622
397622N1202205W001,1752580,1969-05-01T00:00:00Z,4905.39,4904.89,0,-1.8,4907.19,-1.8,-2.3,NA,Unknown,Water level accuracy is unknown,1,Department of Water Resources,NA,1,Department of Water Resources,NA,NA,20715,22N16E17E002M,22N16E17E002M,Unknown,Unknown,5-012.01,Sierra Valley,Plumas,125,Stockwatering,Single Well,NA,1959-03-13 00:00:00 - 2020-04-24 12:00:00,130,spring,NA,NA,-2.8,28.1,1969,Wet,1968-10-01T00:00:00Z,1969-10-01T00:00:00Z,-120.221,39.7622
397622N1202205W001,1752579,1968-10-17T00:00:00Z,4905.39,4904.89,0,1.1,4904.29,1.1,0.6,NA,Unknown,Water level accuracy is unknown,1,Department of Water Resources,NA,1,Department of Water Resources,NA,NA,20715,22N16E17E002M,22N16E17E002M,Unknown,Unknown,5-012.01,Sierra Valley,Plumas,125,Stockwatering,Single Well,NA,1959-03-13 00:00:00 - 2020-04-24 12:00:00,130,fall,-3.9,53.5,NA,NA,1969,Wet,1968-10-01T00:00:00Z,1969-10-01T00:00:00Z,-120.221,39.7622
397622N1202205W001,1752578,1968-04-24T00:00:00Z,4905.39,4904.89,0,-2.1,4907.49,-2.1,-2.6,NA,Unknown,Water level accuracy is unknown,1,Department of Water Resources,NA,1,Department of Water Resources,NA,NA,20715,22N16E17E002M,22N16E17E002M,Unknown,Unknown,5-012.01,Sierra Valley,Plumas,125,Stockwatering,Single Well,NA,1959-03-13 00:00:00 - 2020-04-24 12:00:00,130,spring,NA,NA,-2.8,28.1,1968,NA,1967-10-01T00:00:00Z,1968-10-01T00:00:00Z,-120.221,39.7622
397622N1202205W001,1752577,1967-10-06T00:00:00Z,4905.39,4904.89,0,-0.7,4906.09,-0.7,-1.2,NA,Unknown,Water level accuracy is unknown,1,Department of Water Resources,NA,1,Department of Water Resources,NA,NA,20715,22N16E17E002M,22N16E17E002M,Unknown,Unknown,5-012.01,Sierra Valley,Plumas,125,Stockwatering,Single Well,NA,1959-03-13 00:00:00 - 2020-04-24 12:00:00,130,fall,-3.9,53.5,NA,NA,1968,NA,1967-10-01T00:00:00Z,1968-10-01T00:00:00Z,-120.221,39.7622
397622N1202205W001,1752576,1967-05-11T00:00:00Z,4905.39,4904.89,0,-2.1,4907.49,-2.1,-2.6,NA,Unknown,Water level accuracy is unknown,1,Department of Water Resources,NA,1,Department of Water Resources,NA,NA,20715,22N16E17E002M,22N16E17E002M,Unknown,Unknown,5-012.01,Sierra Valley,Plumas,125,Stockwatering,Single Well,NA,1959-03-13 00:00:00 - 2020-04-24 12:00:00,130,spring,NA,NA,-2.8,28.1,1967,Wet,1966-10-01T00:00:00Z,1967-10-01T00:00:00Z,-120.221,39.7622
397622N1202205W001,1752575,1966-10-19T00:00:00Z,4905.39,4904.89,0,1,4904.39,1,0.5,NA,Unknown,Water level accuracy is unknown,1,Department of Water Resources,NA,1,Department of Water Resources,NA,NA,20715,22N16E17E002M,22N16E17E002M,Unknown,Unknown,5-012.01,Sierra Valley,Plumas,125,Stockwatering,Single Well,NA,1959-03-13 00:00:00 - 2020-04-24 12:00:00,130,fall,-3.9,53.5,NA,NA,1967,Wet,1966-10-01T00:00:00Z,1967-10-01T00:00:00Z,-120.221,39.7622
397622N1202205W001,1752573,1965-04-14T00:00:00Z,4905.39,4904.89,0,-1.8,4907.19,-1.8,-2.3,NA,Unknown,Water level accuracy is unknown,1,Department of Water Resources,NA,1,Department of Water Resources,NA,NA,20715,22N16E17E002M,22N16E17E002M,Unknown,Unknown,5-012.01,Sierra Valley,Plumas,125,Stockwatering,Single Well,NA,1959-03-13 00:00:00 - 2020-04-24 12:00:00,130,spring,NA,NA,-2.8,28.1,1965,Wet,1964-10-01T00:00:00Z,1965-10-01T00:00:00Z,-120.221,39.7622
397622N1202205W001,1752572,1964-10-14T00:00:00Z,4905.39,4904.89,0,-0.1,4905.49,-0.1,-0.6,NA,Unknown,Water level accuracy is unknown,1,Department of Water Resources,NA,1,Department of Water Resources,NA,NA,20715,22N16E17E002M,22N16E17E002M,Unknown,Unknown,5-012.01,Sierra Valley,Plumas,125,Stockwatering,Single Well,NA,1959-03-13 00:00:00 - 2020-04-24 12:00:00,130,fall,-3.9,53.5,NA,NA,1965,Wet,1964-10-01T00:00:00Z,1965-10-01T00:00:00Z,-120.221,39.7622
397622N1202205W001,1752571,1963-10-08T00:00:00Z,4905.39,4904.89,0,-0.8,4906.19,-0.8,-1.3,NA,Unknown,Water level accuracy is unknown,1,Department of Water Resources,NA,1,Department of Water Resources,NA,NA,20715,22N16E17E002M,22N16E17E002M,Unknown,Unknown,5-012.01,Sierra Valley,Plumas,125,Stockwatering,Single Well,NA,1959-03-13 00:00:00 - 2020-04-24 12:00:00,130,fall,-3.9,53.5,NA,NA,1964,Dry,1963-10-01T00:00:00Z,1964-10-01T00:00:00Z,-120.221,39.7622
397622N1202205W001,1752569,1961-10-13T00:00:00Z,4905.39,4904.89,0,-3.4,4908.79,-3.4,-3.9,NA,Unknown,Water level accuracy is unknown,1,Department of Water Resources,NA,1,Department of Water Resources,NA,NA,20715,22N16E17E002M,22N16E17E002M,Unknown,Unknown,5-012.01,Sierra Valley,Plumas,125,Stockwatering,Single Well,NA,1959-03-13 00:00:00 - 2020-04-24 12:00:00,130,fall,-3.9,53.5,NA,NA,1962,NA,1961-10-01T00:00:00Z,1962-10-01T00:00:00Z,-120.221,39.7622
397622N1202205W001,1752568,1960-09-21T00:00:00Z,4905.39,4904.89,0,-1,4906.39,-1,-1.5,NA,Unknown,Water level accuracy is unknown,1,Department of Water Resources,NA,1,Department of Water Resources,NA,NA,20715,22N16E17E002M,22N16E17E002M,Unknown,Unknown,5-012.01,Sierra Valley,Plumas,125,Stockwatering,Single Well,NA,1959-03-13 00:00:00 - 2020-04-24 12:00:00,130,fall,-3.9,53.5,NA,NA,1960,Dry,1959-10-01T00:00:00Z,1960-10-01T00:00:00Z,-120.221,39.7622
397622N1202205W001,1752567,1960-04-10T00:00:00Z,4905.39,4904.89,0,-2.3,4907.69,-2.3,-2.8,NA,Unknown,Water level accuracy is unknown,1,Department of Water Resources,NA,1,Department of Water Resources,NA,NA,20715,22N16E17E002M,22N16E17E002M,Unknown,Unknown,5-012.01,Sierra Valley,Plumas,125,Stockwatering,Single Well,NA,1959-03-13 00:00:00 - 2020-04-24 12:00:00,130,spring,NA,NA,-2.8,28.1,1960,Dry,1959-10-01T00:00:00Z,1960-10-01T00:00:00Z,-120.221,39.7622
397622N1202205W001,1752566,1959-09-21T00:00:00Z,4905.39,4904.89,0,-1.4,4906.79,-1.4,-1.9,NA,Unknown,Water level accuracy is unknown,1,Department of Water Resources,NA,1,Department of Water Resources,NA,NA,20715,22N16E17E002M,22N16E17E002M,Unknown,Unknown,5-012.01,Sierra Valley,Plumas,125,Stockwatering,Single Well,NA,1959-03-13 00:00:00 - 2020-04-24 12:00:00,130,fall,-3.9,53.5,NA,NA,1959,NA,1958-10-01T00:00:00Z,1959-10-01T00:00:00Z,-120.221,39.7622
397622N1202205W001,1752565,1959-04-23T00:00:00Z,4905.39,4904.89,0,-2,4907.39,-2,-2.5,NA,Unknown,Water level accuracy is unknown,1,Department of Water Resources,NA,1,Department of Water Resources,NA,NA,20715,22N16E17E002M,22N16E17E002M,Unknown,Unknown,5-012.01,Sierra Valley,Plumas,125,Stockwatering,Single Well,NA,1959-03-13 00:00:00 - 2020-04-24 12:00:00,130,spring,NA,NA,-2.8,28.1,1959,NA,1958-10-01T00:00:00Z,1959-10-01T00:00:00Z,-120.221,39.7622
397622N1202205W001,1752564,1959-03-13T00:00:00Z,4905.39,4904.89,0,-2.2,4907.59,-2.2,-2.7,NA,Unknown,Water level accuracy is unknown,1,Department of Water Resources,NA,1,Department of Water Resources,NA,NA,20715,22N16E17E002M,22N16E17E002M,Unknown,Unknown,5-012.01,Sierra Valley,Plumas,125,Stockwatering,Single Well,NA,1959-03-13 00:00:00 - 2020-04-24 12:00:00,130,spring,NA,NA,-2.8,28.1,1959,NA,1958-10-01T00:00:00Z,1959-10-01T00:00:00Z,-120.221,39.7622
