SITE_CODE,WLM_ID,MSMT_DATE,WLM_RPE,WLM_GSE,RDNG_WS,RDNG_RP,WSE,RPE_WSE,GSE_WSE,WLM_QA_DESC,WLM_DESC,WLM_ACC_DESC,WLM_ORG_ID,WLM_ORG_NAME,MSMT_CMT,COOP_AGENCY_ORG_ID,COOP_ORG_NAME,TOP_PRF,BOT_PRF,STN_ID,SWN,WELL_NAME,WLM_METHOD,WLM_ACC,BASIN_CODE,BASIN_NAME,COUNTY_NAME,WELL_DEPTH,WELL_USE,WELL_TYPE,WCR_NO,t_range,n_samples,season,fall_high,fall_low,spring_high,spring_low,water_year,water_year_type,water_year_start,water_year_end,X,Y
397626N1202151W001,2623631,2020-04-03T12:00:00Z,4914.79,4910.59,0,16,4898.79,16,11.8,NA,Electric sounder measurement,Water level accuracy to nearest tenth of a foot,1,Department of Water Resources,NA,388,Sierra Valley Groundwater Management District,73,184,20714,22N16E17C001M,22N16E17C001M,Unknown,Unknown,5-012.01,Sierra Valley,Plumas,184,Observation,Single Well,72920,1980-04-09 00:00:00 - 2020-04-24 12:00:00,94,spring,NA,NA,0.7,27.5,2020,Dry,2019-10-01T00:00:00Z,2020-10-01T00:00:00Z,-120.215,39.7627
397626N1202151W001,2493721,2019-10-23T12:00:00Z,4914.79,4910.59,0,13.25,4901.54,13.25,9.05,NA,Electric sounder measurement,Water level accuracy to nearest hundredth of a foot,1,Department of Water Resources,NA,1,Department of Water Resources,73,184,20714,22N16E17C001M,22N16E17C001M,Unknown,Unknown,5-012.01,Sierra Valley,Plumas,184,Observation,Single Well,72920,1980-04-09 00:00:00 - 2020-04-24 12:00:00,94,fall,2.9,56.1,NA,NA,2020,Dry,2019-10-01T00:00:00Z,2020-10-01T00:00:00Z,-120.215,39.7627
397626N1202151W001,2454958,2019-04-09T12:00:00Z,4914.79,4910.59,8.1,19,4903.89,10.9,6.7,NA,Steel tape measurement,Water level accuracy to nearest hundredth of a foot,1,Department of Water Resources,NA,1,Department of Water Resources,73,184,20714,22N16E17C001M,22N16E17C001M,Unknown,Unknown,5-012.01,Sierra Valley,Plumas,184,Observation,Single Well,72920,1980-04-09 00:00:00 - 2020-04-24 12:00:00,94,spring,NA,NA,0.7,27.5,2019,Wet,2018-10-01T00:00:00Z,2019-10-01T00:00:00Z,-120.215,39.7627
397626N1202151W001,2415026,2018-10-24T12:00:00Z,4914.79,4910.59,0,16.05,4898.74,16.05,11.85,NA,Electric sounder measurement,Water level accuracy to nearest hundredth of a foot,1,Department of Water Resources,NA,1,Department of Water Resources,73,184,20714,22N16E17C001M,22N16E17C001M,Unknown,Unknown,5-012.01,Sierra Valley,Plumas,184,Observation,Single Well,72920,1980-04-09 00:00:00 - 2020-04-24 12:00:00,94,fall,2.9,56.1,NA,NA,2019,Wet,2018-10-01T00:00:00Z,2019-10-01T00:00:00Z,-120.215,39.7627
397626N1202151W001,2285965,2018-04-02T12:00:00Z,4914.79,4910.59,0,13.53,4901.26,13.53,9.33,NA,Electric sounder measurement,Water level accuracy to nearest hundredth of a foot,1,Department of Water Resources,NA,1,Department of Water Resources,73,184,20714,22N16E17C001M,22N16E17C001M,Unknown,Unknown,5-012.01,Sierra Valley,Plumas,184,Observation,Single Well,72920,1980-04-09 00:00:00 - 2020-04-24 12:00:00,94,spring,NA,NA,0.7,27.5,2018,NA,2017-10-01T00:00:00Z,2018-10-01T00:00:00Z,-120.215,39.7627
397626N1202151W001,2268005,2017-10-16T00:00:00Z,4914.79,4910.59,0,18,4896.79,18,13.8,NA,Electric sounder measurement,Water level accuracy to nearest hundredth of a foot,1,Department of Water Resources,NA,1,Department of Water Resources,73,184,20714,22N16E17C001M,22N16E17C001M,Unknown,Unknown,5-012.01,Sierra Valley,Plumas,184,Observation,Single Well,72920,1980-04-09 00:00:00 - 2020-04-24 12:00:00,94,fall,2.9,56.1,NA,NA,2018,NA,2017-10-01T00:00:00Z,2018-10-01T00:00:00Z,-120.215,39.7627
397626N1202151W001,2244293,2017-04-03T00:00:00Z,4914.79,4910.59,0,17.9,4896.89,17.9,13.7,NA,Electric sounder measurement,Water level accuracy to nearest hundredth of a foot,1,Department of Water Resources,NA,1,Department of Water Resources,73,184,20714,22N16E17C001M,22N16E17C001M,Unknown,Unknown,5-012.01,Sierra Valley,Plumas,184,Observation,Single Well,72920,1980-04-09 00:00:00 - 2020-04-24 12:00:00,94,spring,NA,NA,0.7,27.5,2017,Wet,2016-10-01T00:00:00Z,2017-10-01T00:00:00Z,-120.215,39.7627
397626N1202151W001,2214123,2016-10-24T00:00:00Z,4914.79,4910.59,0,26.2,4888.59,26.2,22,NA,Electric sounder measurement,Water level accuracy to nearest hundredth of a foot,1,Department of Water Resources,NA,1,Department of Water Resources,73,184,20714,22N16E17C001M,22N16E17C001M,Unknown,Unknown,5-012.01,Sierra Valley,Plumas,184,Observation,Single Well,72920,1980-04-09 00:00:00 - 2020-04-24 12:00:00,94,fall,2.9,56.1,NA,NA,2017,Wet,2016-10-01T00:00:00Z,2017-10-01T00:00:00Z,-120.215,39.7627
397626N1202151W001,2184589,2016-03-21T00:00:00Z,4914.79,4910.59,0,22.77,4892.02,22.77,18.57,NA,Electric sounder measurement,Water level accuracy to nearest hundredth of a foot,1,Department of Water Resources,NA,1,Department of Water Resources,73,184,20714,22N16E17C001M,22N16E17C001M,Unknown,Unknown,5-012.01,Sierra Valley,Plumas,184,Observation,Single Well,72920,1980-04-09 00:00:00 - 2020-04-24 12:00:00,94,spring,NA,NA,0.7,27.5,2016,NA,2015-10-01T00:00:00Z,2016-10-01T00:00:00Z,-120.215,39.7627
397626N1202151W001,2157063,2015-10-19T00:00:00Z,4914.79,4910.59,0,27.5,4887.29,27.5,23.3,NA,Electric sounder measurement,Water level accuracy to nearest hundredth of a foot,1,Department of Water Resources,NA,1,Department of Water Resources,73,184,20714,22N16E17C001M,22N16E17C001M,Unknown,Unknown,5-012.01,Sierra Valley,Plumas,184,Observation,Single Well,72920,1980-04-09 00:00:00 - 2020-04-24 12:00:00,94,fall,2.9,56.1,NA,NA,2016,NA,2015-10-01T00:00:00Z,2016-10-01T00:00:00Z,-120.215,39.7627
397626N1202151W001,2119775,2015-03-23T00:00:00Z,4914.79,4910.59,0,20.65,4894.14,20.65,16.45,NA,Electric sounder measurement,Water level accuracy to nearest hundredth of a foot,1,Department of Water Resources,NA,1,Department of Water Resources,73,184,20714,22N16E17C001M,22N16E17C001M,Unknown,Unknown,5-012.01,Sierra Valley,Plumas,184,Observation,Single Well,72920,1980-04-09 00:00:00 - 2020-04-24 12:00:00,94,spring,NA,NA,0.7,27.5,2015,NA,2014-10-01T00:00:00Z,2015-10-01T00:00:00Z,-120.215,39.7627
397626N1202151W001,2020290,2014-10-20T13:00:00Z,4914.79,4910.59,0,22.27,4892.52,22.27,18.07,NA,Electric sounder measurement,Water level accuracy to nearest hundredth of a foot,1,Department of Water Resources,NA,1,Department of Water Resources,73,184,20714,22N16E17C001M,22N16E17C001M,Unknown,Unknown,5-012.01,Sierra Valley,Plumas,184,Observation,Single Well,72920,1980-04-09 00:00:00 - 2020-04-24 12:00:00,94,fall,2.9,56.1,NA,NA,2015,NA,2014-10-01T00:00:00Z,2015-10-01T00:00:00Z,-120.215,39.7627
397626N1202151W001,1880773,2014-03-14T00:00:00Z,4914.79,4910.59,0,17.48,4897.31,17.48,13.28,NA,Electric sounder measurement,Water level accuracy to nearest hundredth of a foot,1,Department of Water Resources,NA,1,Department of Water Resources,73,184,20714,22N16E17C001M,22N16E17C001M,Unknown,Unknown,5-012.01,Sierra Valley,Plumas,184,Observation,Single Well,72920,1980-04-09 00:00:00 - 2020-04-24 12:00:00,94,spring,NA,NA,0.7,27.5,2014,NA,2013-10-01T00:00:00Z,2014-10-01T00:00:00Z,-120.215,39.7627
397626N1202151W001,1797115,2013-10-21T00:00:00Z,4914.79,4910.59,0,18.05,4896.74,18.05,13.85,NA,Electric sounder measurement,Water level accuracy to nearest hundredth of a foot,1,Department of Water Resources,NA,1,Department of Water Resources,73,184,20714,22N16E17C001M,22N16E17C001M,Unknown,Unknown,5-012.01,Sierra Valley,Plumas,184,Observation,Single Well,72920,1980-04-09 00:00:00 - 2020-04-24 12:00:00,94,fall,2.9,56.1,NA,NA,2014,NA,2013-10-01T00:00:00Z,2014-10-01T00:00:00Z,-120.215,39.7627
397626N1202151W001,1684434,2013-03-25T00:00:00Z,4914.79,4910.59,0,13.16,4901.63,13.16,8.96,NA,Electric sounder measurement,Water level accuracy to nearest hundredth of a foot,1,Department of Water Resources,NA,1,Department of Water Resources,73,184,20714,22N16E17C001M,22N16E17C001M,Unknown,Unknown,5-012.01,Sierra Valley,Plumas,184,Observation,Single Well,72920,1980-04-09 00:00:00 - 2020-04-24 12:00:00,94,spring,NA,NA,0.7,27.5,2013,Dry,2012-10-01T00:00:00Z,2013-10-01T00:00:00Z,-120.215,39.7627
397626N1202151W001,69375,2012-10-30T00:00:00Z,4914.79,4910.59,0,15.03,4899.76,15.03,10.83,NA,Electric sounder measurement,Water level accuracy to nearest hundredth of a foot,1,Department of Water Resources,NA,1,Department of Water Resources,73,184,20714,22N16E17C001M,22N16E17C001M,Unknown,Unknown,5-012.01,Sierra Valley,Plumas,184,Observation,Single Well,72920,1980-04-09 00:00:00 - 2020-04-24 12:00:00,94,fall,2.9,56.1,NA,NA,2013,Dry,2012-10-01T00:00:00Z,2013-10-01T00:00:00Z,-120.215,39.7627
397626N1202151W001,1770607,2011-10-18T00:00:00Z,4914.79,4910.59,0,11.98,4902.81,11.98,7.78,NA,Unknown,Water level accuracy is unknown,1,Department of Water Resources,NA,1,Department of Water Resources,73,184,20714,22N16E17C001M,22N16E17C001M,Unknown,Unknown,5-012.01,Sierra Valley,Plumas,184,Observation,Single Well,72920,1980-04-09 00:00:00 - 2020-04-24 12:00:00,94,fall,2.9,56.1,NA,NA,2012,NA,2011-10-01T00:00:00Z,2012-10-01T00:00:00Z,-120.215,39.7627
397626N1202151W001,39805,2011-10-18T00:00:00Z,4914.79,4910.59,0,11.98,4902.81,11.98,7.78,NA,Electric sounder measurement,Water level accuracy to nearest hundredth of a foot,1,Department of Water Resources,NA,1,Department of Water Resources,73,184,20714,22N16E17C001M,22N16E17C001M,Unknown,Unknown,5-012.01,Sierra Valley,Plumas,184,Observation,Single Well,72920,1980-04-09 00:00:00 - 2020-04-24 12:00:00,94,fall,2.9,56.1,NA,NA,2012,NA,2011-10-01T00:00:00Z,2012-10-01T00:00:00Z,-120.215,39.7627
397626N1202151W001,1770606,2011-04-25T00:00:00Z,4914.79,4910.59,0,10.03,4904.76,10.03,5.83,NA,Unknown,Water level accuracy is unknown,1,Department of Water Resources,NA,1,Department of Water Resources,73,184,20714,22N16E17C001M,22N16E17C001M,Unknown,Unknown,5-012.01,Sierra Valley,Plumas,184,Observation,Single Well,72920,1980-04-09 00:00:00 - 2020-04-24 12:00:00,94,spring,NA,NA,0.7,27.5,2011,Wet,2010-10-01T00:00:00Z,2011-10-01T00:00:00Z,-120.215,39.7627
397626N1202151W001,1770605,2010-10-25T00:00:00Z,4914.79,4910.59,0,14.75,4900.04,14.75,10.55,NA,Unknown,Water level accuracy is unknown,1,Department of Water Resources,NA,1,Department of Water Resources,73,184,20714,22N16E17C001M,22N16E17C001M,Unknown,Unknown,5-012.01,Sierra Valley,Plumas,184,Observation,Single Well,72920,1980-04-09 00:00:00 - 2020-04-24 12:00:00,94,fall,2.9,56.1,NA,NA,2011,Wet,2010-10-01T00:00:00Z,2011-10-01T00:00:00Z,-120.215,39.7627
397626N1202151W001,1770604,2010-04-06T00:00:00Z,4914.79,4910.59,0,13.1,4901.69,13.1,8.9,NA,Unknown,Water level accuracy is unknown,1,Department of Water Resources,NA,1,Department of Water Resources,73,184,20714,22N16E17C001M,22N16E17C001M,Unknown,Unknown,5-012.01,Sierra Valley,Plumas,184,Observation,Single Well,72920,1980-04-09 00:00:00 - 2020-04-24 12:00:00,94,spring,NA,NA,0.7,27.5,2010,NA,2009-10-01T00:00:00Z,2010-10-01T00:00:00Z,-120.215,39.7627
397626N1202151W001,1770603,2009-10-27T00:00:00Z,4914.79,4910.59,0,15.25,4899.54,15.25,11.05,NA,Unknown,Water level accuracy is unknown,1,Department of Water Resources,NA,1,Department of Water Resources,73,184,20714,22N16E17C001M,22N16E17C001M,Unknown,Unknown,5-012.01,Sierra Valley,Plumas,184,Observation,Single Well,72920,1980-04-09 00:00:00 - 2020-04-24 12:00:00,94,fall,2.9,56.1,NA,NA,2010,NA,2009-10-01T00:00:00Z,2010-10-01T00:00:00Z,-120.215,39.7627
397626N1202151W001,1770601,2008-10-28T00:00:00Z,4914.79,4910.59,0,13,4901.79,13,8.8,NA,Unknown,Water level accuracy is unknown,1,Department of Water Resources,NA,1,Department of Water Resources,73,184,20714,22N16E17C001M,22N16E17C001M,Unknown,Unknown,5-012.01,Sierra Valley,Plumas,184,Observation,Single Well,72920,1980-04-09 00:00:00 - 2020-04-24 12:00:00,94,fall,2.9,56.1,NA,NA,2009,NA,2008-10-01T00:00:00Z,2009-10-01T00:00:00Z,-120.215,39.7627
397626N1202151W001,1770599,2008-04-09T00:00:00Z,4914.79,4910.59,0,10,4904.79,10,5.8,NA,Unknown,Water level accuracy is unknown,1,Department of Water Resources,NA,1,Department of Water Resources,73,184,20714,22N16E17C001M,22N16E17C001M,Unknown,Unknown,5-012.01,Sierra Valley,Plumas,184,Observation,Single Well,72920,1980-04-09 00:00:00 - 2020-04-24 12:00:00,94,spring,NA,NA,0.7,27.5,2008,NA,2007-10-01T00:00:00Z,2008-10-01T00:00:00Z,-120.215,39.7627
397626N1202151W001,1770600,2007-10-25T00:00:00Z,4914.79,4910.59,0,12.4,4902.39,12.4,8.2,NA,Unknown,Water level accuracy is unknown,1,Department of Water Resources,NA,1,Department of Water Resources,73,184,20714,22N16E17C001M,22N16E17C001M,Unknown,Unknown,5-012.01,Sierra Valley,Plumas,184,Observation,Single Well,72920,1980-04-09 00:00:00 - 2020-04-24 12:00:00,94,fall,2.9,56.1,NA,NA,2008,NA,2007-10-01T00:00:00Z,2008-10-01T00:00:00Z,-120.215,39.7627
397626N1202151W001,1770598,2007-04-10T00:00:00Z,4914.79,4910.59,0,8.8,4905.99,8.8,4.6,NA,Unknown,Water level accuracy is unknown,1,Department of Water Resources,NA,1,Department of Water Resources,73,184,20714,22N16E17C001M,22N16E17C001M,Unknown,Unknown,5-012.01,Sierra Valley,Plumas,184,Observation,Single Well,72920,1980-04-09 00:00:00 - 2020-04-24 12:00:00,94,spring,NA,NA,0.7,27.5,2007,Dry,2006-10-01T00:00:00Z,2007-10-01T00:00:00Z,-120.215,39.7627
397626N1202151W001,1770597,2006-10-17T00:00:00Z,4914.79,4910.59,0,9.4,4905.39,9.4,5.2,NA,Unknown,Water level accuracy is unknown,1,Department of Water Resources,NA,1,Department of Water Resources,73,184,20714,22N16E17C001M,22N16E17C001M,Unknown,Unknown,5-012.01,Sierra Valley,Plumas,184,Observation,Single Well,72920,1980-04-09 00:00:00 - 2020-04-24 12:00:00,94,fall,2.9,56.1,NA,NA,2007,Dry,2006-10-01T00:00:00Z,2007-10-01T00:00:00Z,-120.215,39.7627
397626N1202151W001,1770596,2006-04-17T00:00:00Z,4914.79,4910.59,0,7.7,4907.09,7.7,3.5,NA,Unknown,Water level accuracy is unknown,1,Department of Water Resources,NA,1,Department of Water Resources,73,184,20714,22N16E17C001M,22N16E17C001M,Unknown,Unknown,5-012.01,Sierra Valley,Plumas,184,Observation,Single Well,72920,1980-04-09 00:00:00 - 2020-04-24 12:00:00,94,spring,NA,NA,0.7,27.5,2006,Wet,2005-10-01T00:00:00Z,2006-10-01T00:00:00Z,-120.215,39.7627
397626N1202151W001,1770595,2005-10-26T00:00:00Z,4914.79,4910.59,0,12.6,4902.19,12.6,8.4,NA,Unknown,Water level accuracy is unknown,1,Department of Water Resources,NA,1,Department of Water Resources,73,184,20714,22N16E17C001M,22N16E17C001M,Unknown,Unknown,5-012.01,Sierra Valley,Plumas,184,Observation,Single Well,72920,1980-04-09 00:00:00 - 2020-04-24 12:00:00,94,fall,2.9,56.1,NA,NA,2006,Wet,2005-10-01T00:00:00Z,2006-10-01T00:00:00Z,-120.215,39.7627
397626N1202151W001,1770594,2005-04-05T00:00:00Z,4914.79,4910.59,0,11.4,4903.39,11.4,7.2,NA,Unknown,Water level accuracy is unknown,1,Department of Water Resources,NA,1,Department of Water Resources,73,184,20714,22N16E17C001M,22N16E17C001M,Unknown,Unknown,5-012.01,Sierra Valley,Plumas,184,Observation,Single Well,72920,1980-04-09 00:00:00 - 2020-04-24 12:00:00,94,spring,NA,NA,0.7,27.5,2005,NA,2004-10-01T00:00:00Z,2005-10-01T00:00:00Z,-120.215,39.7627
397626N1202151W001,1770593,2004-10-14T00:00:00Z,4914.79,4910.59,0,13.2,4901.59,13.2,9,NA,Unknown,Water level accuracy is unknown,1,Department of Water Resources,NA,1,Department of Water Resources,73,184,20714,22N16E17C001M,22N16E17C001M,Unknown,Unknown,5-012.01,Sierra Valley,Plumas,184,Observation,Single Well,72920,1980-04-09 00:00:00 - 2020-04-24 12:00:00,94,fall,2.9,56.1,NA,NA,2005,NA,2004-10-01T00:00:00Z,2005-10-01T00:00:00Z,-120.215,39.7627
397626N1202151W001,1770592,2004-04-07T00:00:00Z,4914.79,4910.59,0,10.9,4903.89,10.9,6.7,NA,Unknown,Water level accuracy is unknown,1,Department of Water Resources,NA,1,Department of Water Resources,73,184,20714,22N16E17C001M,22N16E17C001M,Unknown,Unknown,5-012.01,Sierra Valley,Plumas,184,Observation,Single Well,72920,1980-04-09 00:00:00 - 2020-04-24 12:00:00,94,spring,NA,NA,0.7,27.5,2004,NA,2003-10-01T00:00:00Z,2004-10-01T00:00:00Z,-120.215,39.7627
397626N1202151W001,1770591,2003-10-29T00:00:00Z,4914.79,4910.59,0,12.2,4902.59,12.2,8,NA,Unknown,Water level accuracy is unknown,1,Department of Water Resources,NA,1,Department of Water Resources,73,184,20714,22N16E17C001M,22N16E17C001M,Unknown,Unknown,5-012.01,Sierra Valley,Plumas,184,Observation,Single Well,72920,1980-04-09 00:00:00 - 2020-04-24 12:00:00,94,fall,2.9,56.1,NA,NA,2004,NA,2003-10-01T00:00:00Z,2004-10-01T00:00:00Z,-120.215,39.7627
397626N1202151W001,1770590,2003-03-28T00:00:00Z,4914.79,4910.59,0,10.5,4904.29,10.5,6.3,NA,Unknown,Water level accuracy is unknown,1,Department of Water Resources,NA,1,Department of Water Resources,73,184,20714,22N16E17C001M,22N16E17C001M,Unknown,Unknown,5-012.01,Sierra Valley,Plumas,184,Observation,Single Well,72920,1980-04-09 00:00:00 - 2020-04-24 12:00:00,94,spring,NA,NA,0.7,27.5,2003,NA,2002-10-01T00:00:00Z,2003-10-01T00:00:00Z,-120.215,39.7627
397626N1202151W001,1770589,2002-10-23T00:00:00Z,4914.79,4910.59,0,11.5,4903.29,11.5,7.3,NA,Unknown,Water level accuracy is unknown,1,Department of Water Resources,NA,1,Department of Water Resources,73,184,20714,22N16E17C001M,22N16E17C001M,Unknown,Unknown,5-012.01,Sierra Valley,Plumas,184,Observation,Single Well,72920,1980-04-09 00:00:00 - 2020-04-24 12:00:00,94,fall,2.9,56.1,NA,NA,2003,NA,2002-10-01T00:00:00Z,2003-10-01T00:00:00Z,-120.215,39.7627
397626N1202151W001,1770588,2002-03-27T00:00:00Z,4914.79,4910.59,0,9.1,4905.69,9.1,4.9,NA,Unknown,Water level accuracy is unknown,1,Department of Water Resources,NA,1,Department of Water Resources,73,184,20714,22N16E17C001M,22N16E17C001M,Unknown,Unknown,5-012.01,Sierra Valley,Plumas,184,Observation,Single Well,72920,1980-04-09 00:00:00 - 2020-04-24 12:00:00,94,spring,NA,NA,0.7,27.5,2002,NA,2001-10-01T00:00:00Z,2002-10-01T00:00:00Z,-120.215,39.7627
397626N1202151W001,1770587,2002-03-26T00:00:00Z,4914.79,4910.59,0,9.1,4905.69,9.1,4.9,NA,Unknown,Water level accuracy is unknown,1,Department of Water Resources,NA,1,Department of Water Resources,73,184,20714,22N16E17C001M,22N16E17C001M,Unknown,Unknown,5-012.01,Sierra Valley,Plumas,184,Observation,Single Well,72920,1980-04-09 00:00:00 - 2020-04-24 12:00:00,94,spring,NA,NA,0.7,27.5,2002,NA,2001-10-01T00:00:00Z,2002-10-01T00:00:00Z,-120.215,39.7627
397626N1202151W001,1770586,2001-10-17T00:00:00Z,4914.79,4910.59,0,10.1,4904.69,10.1,5.9,NA,Unknown,Water level accuracy is unknown,1,Department of Water Resources,NA,1,Department of Water Resources,73,184,20714,22N16E17C001M,22N16E17C001M,Unknown,Unknown,5-012.01,Sierra Valley,Plumas,184,Observation,Single Well,72920,1980-04-09 00:00:00 - 2020-04-24 12:00:00,94,fall,2.9,56.1,NA,NA,2002,NA,2001-10-01T00:00:00Z,2002-10-01T00:00:00Z,-120.215,39.7627
397626N1202151W001,1770585,2001-03-26T00:00:00Z,4914.79,4910.59,0,17.3,4897.49,17.3,13.1,NA,Unknown,Water level accuracy is unknown,1,Department of Water Resources,NA,1,Department of Water Resources,73,184,20714,22N16E17C001M,22N16E17C001M,Unknown,Unknown,5-012.01,Sierra Valley,Plumas,184,Observation,Single Well,72920,1980-04-09 00:00:00 - 2020-04-24 12:00:00,94,spring,NA,NA,0.7,27.5,2001,Dry,2000-10-01T00:00:00Z,2001-10-01T00:00:00Z,-120.215,39.7627
397626N1202151W001,1770584,2000-10-18T00:00:00Z,4914.79,4910.59,0,7.9,4906.89,7.9,3.7,NA,Unknown,Water level accuracy is unknown,1,Department of Water Resources,NA,1,Department of Water Resources,73,184,20714,22N16E17C001M,22N16E17C001M,Unknown,Unknown,5-012.01,Sierra Valley,Plumas,184,Observation,Single Well,72920,1980-04-09 00:00:00 - 2020-04-24 12:00:00,94,fall,2.9,56.1,NA,NA,2001,Dry,2000-10-01T00:00:00Z,2001-10-01T00:00:00Z,-120.215,39.7627
397626N1202151W001,1770583,2000-03-26T00:00:00Z,4914.79,4910.59,0,5.4,4909.39,5.4,1.2,NA,Unknown,Water level accuracy is unknown,1,Department of Water Resources,NA,1,Department of Water Resources,73,184,20714,22N16E17C001M,22N16E17C001M,Unknown,Unknown,5-012.01,Sierra Valley,Plumas,184,Observation,Single Well,72920,1980-04-09 00:00:00 - 2020-04-24 12:00:00,94,spring,NA,NA,0.7,27.5,2000,NA,1999-10-01T00:00:00Z,2000-10-01T00:00:00Z,-120.215,39.7627
397626N1202151W001,1770581,1999-10-13T00:00:00Z,4914.79,4910.59,0,7.1,4907.69,7.1,2.9,NA,Unknown,Water level accuracy is unknown,1,Department of Water Resources,NA,1,Department of Water Resources,73,184,20714,22N16E17C001M,22N16E17C001M,Unknown,Unknown,5-012.01,Sierra Valley,Plumas,184,Observation,Single Well,72920,1980-04-09 00:00:00 - 2020-04-24 12:00:00,94,fall,2.9,56.1,NA,NA,2000,NA,1999-10-01T00:00:00Z,2000-10-01T00:00:00Z,-120.215,39.7627
397626N1202151W001,1770582,1999-04-14T00:00:00Z,4914.79,4910.59,0,4.9,4909.89,4.9,0.7,NA,Unknown,Water level accuracy is unknown,1,Department of Water Resources,NA,1,Department of Water Resources,73,184,20714,22N16E17C001M,22N16E17C001M,Unknown,Unknown,5-012.01,Sierra Valley,Plumas,184,Observation,Single Well,72920,1980-04-09 00:00:00 - 2020-04-24 12:00:00,94,spring,NA,NA,0.7,27.5,1999,NA,1998-10-01T00:00:00Z,1999-10-01T00:00:00Z,-120.215,39.7627
397626N1202151W001,1770579,1998-10-13T00:00:00Z,4914.79,4910.59,0,8,4906.79,8,3.8,NA,Unknown,Water level accuracy is unknown,1,Department of Water Resources,NA,1,Department of Water Resources,73,184,20714,22N16E17C001M,22N16E17C001M,Unknown,Unknown,5-012.01,Sierra Valley,Plumas,184,Observation,Single Well,72920,1980-04-09 00:00:00 - 2020-04-24 12:00:00,94,fall,2.9,56.1,NA,NA,1999,NA,1998-10-01T00:00:00Z,1999-10-01T00:00:00Z,-120.215,39.7627
397626N1202151W001,1770580,1998-05-14T00:00:00Z,4914.79,4910.59,0,7,4907.79,7,2.8,NA,Unknown,Water level accuracy is unknown,1,Department of Water Resources,NA,1,Department of Water Resources,73,184,20714,22N16E17C001M,22N16E17C001M,Unknown,Unknown,5-012.01,Sierra Valley,Plumas,184,Observation,Single Well,72920,1980-04-09 00:00:00 - 2020-04-24 12:00:00,94,spring,NA,NA,0.7,27.5,1998,NA,1997-10-01T00:00:00Z,1998-10-01T00:00:00Z,-120.215,39.7627
397626N1202151W001,1770578,1997-10-15T00:00:00Z,4914.79,4910.59,0,8.6,4906.19,8.6,4.4,NA,Unknown,Water level accuracy is unknown,1,Department of Water Resources,NA,1,Department of Water Resources,73,184,20714,22N16E17C001M,22N16E17C001M,Unknown,Unknown,5-012.01,Sierra Valley,Plumas,184,Observation,Single Well,72920,1980-04-09 00:00:00 - 2020-04-24 12:00:00,94,fall,2.9,56.1,NA,NA,1998,NA,1997-10-01T00:00:00Z,1998-10-01T00:00:00Z,-120.215,39.7627
397626N1202151W001,1770576,1997-04-04T00:00:00Z,4914.79,4910.59,0,6.1,4908.69,6.1,1.9,NA,Unknown,Water level accuracy is unknown,1,Department of Water Resources,NA,1,Department of Water Resources,73,184,20714,22N16E17C001M,22N16E17C001M,Unknown,Unknown,5-012.01,Sierra Valley,Plumas,184,Observation,Single Well,72920,1980-04-09 00:00:00 - 2020-04-24 12:00:00,94,spring,NA,NA,0.7,27.5,1997,NA,1996-10-01T00:00:00Z,1997-10-01T00:00:00Z,-120.215,39.7627
397626N1202151W001,1770577,1996-10-29T00:00:00Z,4914.79,4910.59,0,11.2,4903.59,11.2,7,NA,Unknown,Water level accuracy is unknown,1,Department of Water Resources,NA,1,Department of Water Resources,73,184,20714,22N16E17C001M,22N16E17C001M,Unknown,Unknown,5-012.01,Sierra Valley,Plumas,184,Observation,Single Well,72920,1980-04-09 00:00:00 - 2020-04-24 12:00:00,94,fall,2.9,56.1,NA,NA,1997,NA,1996-10-01T00:00:00Z,1997-10-01T00:00:00Z,-120.215,39.7627
397626N1202151W001,1770575,1996-05-07T00:00:00Z,4914.79,4910.59,0,9.6,4905.19,9.6,5.4,NA,Unknown,Water level accuracy is unknown,1,Department of Water Resources,NA,1,Department of Water Resources,73,184,20714,22N16E17C001M,22N16E17C001M,Unknown,Unknown,5-012.01,Sierra Valley,Plumas,184,Observation,Single Well,72920,1980-04-09 00:00:00 - 2020-04-24 12:00:00,94,spring,NA,NA,0.7,27.5,1996,NA,1995-10-01T00:00:00Z,1996-10-01T00:00:00Z,-120.215,39.7627
397626N1202151W001,1770574,1995-10-25T00:00:00Z,4914.79,4910.59,0,15.2,4899.59,15.2,11,NA,Unknown,Water level accuracy is unknown,1,Department of Water Resources,NA,1,Department of Water Resources,73,184,20714,22N16E17C001M,22N16E17C001M,Unknown,Unknown,5-012.01,Sierra Valley,Plumas,184,Observation,Single Well,72920,1980-04-09 00:00:00 - 2020-04-24 12:00:00,94,fall,2.9,56.1,NA,NA,1996,NA,1995-10-01T00:00:00Z,1996-10-01T00:00:00Z,-120.215,39.7627
397626N1202151W001,1770573,1995-05-31T00:00:00Z,4914.79,4910.59,0,14.2,4900.59,14.2,10,NA,Unknown,Water level accuracy is unknown,1,Department of Water Resources,NA,1,Department of Water Resources,73,184,20714,22N16E17C001M,22N16E17C001M,Unknown,Unknown,5-012.01,Sierra Valley,Plumas,184,Observation,Single Well,72920,1980-04-09 00:00:00 - 2020-04-24 12:00:00,94,spring,NA,NA,0.7,27.5,1995,Wet,1994-10-01T00:00:00Z,1995-10-01T00:00:00Z,-120.215,39.7627
397626N1202151W001,1770572,1994-10-28T00:00:00Z,4914.79,4910.59,0,24.1,4890.69,24.1,19.9,NA,Unknown,Water level accuracy is unknown,1,Department of Water Resources,NA,1,Department of Water Resources,73,184,20714,22N16E17C001M,22N16E17C001M,Unknown,Unknown,5-012.01,Sierra Valley,Plumas,184,Observation,Single Well,72920,1980-04-09 00:00:00 - 2020-04-24 12:00:00,94,fall,2.9,56.1,NA,NA,1995,Wet,1994-10-01T00:00:00Z,1995-10-01T00:00:00Z,-120.215,39.7627
397626N1202151W001,1770571,1994-03-29T00:00:00Z,4914.79,4910.59,0,20.4,4894.39,20.4,16.2,NA,Unknown,Water level accuracy is unknown,1,Department of Water Resources,NA,1,Department of Water Resources,73,184,20714,22N16E17C001M,22N16E17C001M,Unknown,Unknown,5-012.01,Sierra Valley,Plumas,184,Observation,Single Well,72920,1980-04-09 00:00:00 - 2020-04-24 12:00:00,94,spring,NA,NA,0.7,27.5,1994,Dry,1993-10-01T00:00:00Z,1994-10-01T00:00:00Z,-120.215,39.7627
397626N1202151W001,1770570,1993-10-19T00:00:00Z,4914.79,4910.59,0,25,4889.79,25,20.8,NA,Unknown,Water level accuracy is unknown,1,Department of Water Resources,NA,1,Department of Water Resources,73,184,20714,22N16E17C001M,22N16E17C001M,Unknown,Unknown,5-012.01,Sierra Valley,Plumas,184,Observation,Single Well,72920,1980-04-09 00:00:00 - 2020-04-24 12:00:00,94,fall,2.9,56.1,NA,NA,1994,Dry,1993-10-01T00:00:00Z,1994-10-01T00:00:00Z,-120.215,39.7627
397626N1202151W001,1770569,1993-04-22T00:00:00Z,4914.79,4910.59,0,30.2,4884.59,30.2,26,NA,Unknown,Water level accuracy is unknown,1,Department of Water Resources,NA,1,Department of Water Resources,73,184,20714,22N16E17C001M,22N16E17C001M,Unknown,Unknown,5-012.01,Sierra Valley,Plumas,184,Observation,Single Well,72920,1980-04-09 00:00:00 - 2020-04-24 12:00:00,94,spring,NA,NA,0.7,27.5,1993,NA,1992-10-01T00:00:00Z,1993-10-01T00:00:00Z,-120.215,39.7627
397626N1202151W001,1770568,1992-10-20T00:00:00Z,4914.79,4910.59,0,60.3,4854.49,60.3,56.1,NA,Unknown,Water level accuracy is unknown,1,Department of Water Resources,NA,1,Department of Water Resources,73,184,20714,22N16E17C001M,22N16E17C001M,Unknown,Unknown,5-012.01,Sierra Valley,Plumas,184,Observation,Single Well,72920,1980-04-09 00:00:00 - 2020-04-24 12:00:00,94,fall,2.9,56.1,NA,NA,1993,NA,1992-10-01T00:00:00Z,1993-10-01T00:00:00Z,-120.215,39.7627
397626N1202151W001,1770567,1992-03-24T00:00:00Z,4914.79,4910.59,0,31.7,4883.09,31.7,27.5,NA,Unknown,Water level accuracy is unknown,1,Department of Water Resources,NA,1,Department of Water Resources,73,184,20714,22N16E17C001M,22N16E17C001M,Unknown,Unknown,5-012.01,Sierra Valley,Plumas,184,Observation,Single Well,72920,1980-04-09 00:00:00 - 2020-04-24 12:00:00,94,spring,NA,NA,0.7,27.5,1992,NA,1991-10-01T00:00:00Z,1992-10-01T00:00:00Z,-120.215,39.7627
397626N1202151W001,1770566,1991-10-22T00:00:00Z,4914.79,4910.59,0,48,4866.79,48,43.8,NA,Unknown,Water level accuracy is unknown,1,Department of Water Resources,NA,1,Department of Water Resources,73,184,20714,22N16E17C001M,22N16E17C001M,Unknown,Unknown,5-012.01,Sierra Valley,Plumas,184,Observation,Single Well,72920,1980-04-09 00:00:00 - 2020-04-24 12:00:00,94,fall,2.9,56.1,NA,NA,1992,NA,1991-10-01T00:00:00Z,1992-10-01T00:00:00Z,-120.215,39.7627
397626N1202151W001,1770565,1991-04-09T00:00:00Z,4914.79,4910.59,0,29,4885.79,29,24.8,NA,Unknown,Water level accuracy is unknown,1,Department of Water Resources,NA,1,Department of Water Resources,73,184,20714,22N16E17C001M,22N16E17C001M,Unknown,Unknown,5-012.01,Sierra Valley,Plumas,184,Observation,Single Well,72920,1980-04-09 00:00:00 - 2020-04-24 12:00:00,94,spring,NA,NA,0.7,27.5,1991,NA,1990-10-01T00:00:00Z,1991-10-01T00:00:00Z,-120.215,39.7627
397626N1202151W001,1770564,1991-02-27T00:00:00Z,4914.79,4910.59,0,32.2,4882.59,32.2,28,NA,Unknown,Water level accuracy is unknown,1,Department of Water Resources,NA,1,Department of Water Resources,73,184,20714,22N16E17C001M,22N16E17C001M,Unknown,Unknown,5-012.01,Sierra Valley,Plumas,184,Observation,Single Well,72920,1980-04-09 00:00:00 - 2020-04-24 12:00:00,94,other,NA,NA,NA,NA,1991,NA,1990-10-01T00:00:00Z,1991-10-01T00:00:00Z,-120.215,39.7627
397626N1202151W001,1770563,1990-10-24T00:00:00Z,4914.79,4910.59,0,45.2,4869.59,45.2,41,NA,Unknown,Water level accuracy is unknown,1,Department of Water Resources,NA,1,Department of Water Resources,73,184,20714,22N16E17C001M,22N16E17C001M,Unknown,Unknown,5-012.01,Sierra Valley,Plumas,184,Observation,Single Well,72920,1980-04-09 00:00:00 - 2020-04-24 12:00:00,94,fall,2.9,56.1,NA,NA,1991,NA,1990-10-01T00:00:00Z,1991-10-01T00:00:00Z,-120.215,39.7627
397626N1202151W001,1770562,1990-04-10T00:00:00Z,4911.79,4910.59,0,21.9,4889.89,21.9,20.7,NA,Unknown,Water level accuracy is unknown,1,Department of Water Resources,NA,1,Department of Water Resources,73,184,20714,22N16E17C001M,22N16E17C001M,Unknown,Unknown,5-012.01,Sierra Valley,Plumas,184,Observation,Single Well,72920,1980-04-09 00:00:00 - 2020-04-24 12:00:00,94,spring,NA,NA,0.7,27.5,1990,NA,1989-10-01T00:00:00Z,1990-10-01T00:00:00Z,-120.215,39.7627
397626N1202151W001,1770561,1989-09-27T00:00:00Z,4911.79,4910.59,0,48.4,4863.39,48.4,47.2,NA,Unknown,Water level accuracy is unknown,1,Department of Water Resources,NA,1,Department of Water Resources,73,184,20714,22N16E17C001M,22N16E17C001M,Unknown,Unknown,5-012.01,Sierra Valley,Plumas,184,Observation,Single Well,72920,1980-04-09 00:00:00 - 2020-04-24 12:00:00,94,fall,2.9,56.1,NA,NA,1989,NA,1988-10-01T00:00:00Z,1989-10-01T00:00:00Z,-120.215,39.7627
397626N1202151W001,1770560,1989-04-05T00:00:00Z,4911.79,4910.59,0,19.9,4891.89,19.9,18.7,NA,Unknown,Water level accuracy is unknown,1,Department of Water Resources,NA,1,Department of Water Resources,73,184,20714,22N16E17C001M,22N16E17C001M,Unknown,Unknown,5-012.01,Sierra Valley,Plumas,184,Observation,Single Well,72920,1980-04-09 00:00:00 - 2020-04-24 12:00:00,94,spring,NA,NA,0.7,27.5,1989,NA,1988-10-01T00:00:00Z,1989-10-01T00:00:00Z,-120.215,39.7627
397626N1202151W001,1770559,1988-10-25T00:00:00Z,4911.79,4910.59,0,34.4,4877.39,34.4,33.2,NA,Unknown,Water level accuracy is unknown,1,Department of Water Resources,NA,1,Department of Water Resources,73,184,20714,22N16E17C001M,22N16E17C001M,Unknown,Unknown,5-012.01,Sierra Valley,Plumas,184,Observation,Single Well,72920,1980-04-09 00:00:00 - 2020-04-24 12:00:00,94,fall,2.9,56.1,NA,NA,1989,NA,1988-10-01T00:00:00Z,1989-10-01T00:00:00Z,-120.215,39.7627
397626N1202151W001,1770558,1988-03-22T00:00:00Z,4911.79,4910.59,0,21.6,4890.19,21.6,20.4,NA,Unknown,Water level accuracy is unknown,1,Department of Water Resources,NA,1,Department of Water Resources,73,184,20714,22N16E17C001M,22N16E17C001M,Unknown,Unknown,5-012.01,Sierra Valley,Plumas,184,Observation,Single Well,72920,1980-04-09 00:00:00 - 2020-04-24 12:00:00,94,spring,NA,NA,0.7,27.5,1988,NA,1987-10-01T00:00:00Z,1988-10-01T00:00:00Z,-120.215,39.7627
397626N1202151W001,1770557,1987-10-20T00:00:00Z,4911.79,4910.59,0,43.2,4868.59,43.2,42,NA,Unknown,Water level accuracy is unknown,1,Department of Water Resources,NA,1,Department of Water Resources,73,184,20714,22N16E17C001M,22N16E17C001M,Unknown,Unknown,5-012.01,Sierra Valley,Plumas,184,Observation,Single Well,72920,1980-04-09 00:00:00 - 2020-04-24 12:00:00,94,fall,2.9,56.1,NA,NA,1988,NA,1987-10-01T00:00:00Z,1988-10-01T00:00:00Z,-120.215,39.7627
397626N1202151W001,1770556,1987-04-07T00:00:00Z,4911.79,4910.59,0,15.5,4896.29,15.5,14.3,NA,Unknown,Water level accuracy is unknown,1,Department of Water Resources,NA,1,Department of Water Resources,73,184,20714,22N16E17C001M,22N16E17C001M,Unknown,Unknown,5-012.01,Sierra Valley,Plumas,184,Observation,Single Well,72920,1980-04-09 00:00:00 - 2020-04-24 12:00:00,94,spring,NA,NA,0.7,27.5,1987,Dry,1986-10-01T00:00:00Z,1987-10-01T00:00:00Z,-120.215,39.7627
397626N1202151W001,1770555,1986-10-01T00:00:00Z,4911.79,4910.59,0,34.3,4877.49,34.3,33.1,NA,Unknown,Water level accuracy is unknown,1,Department of Water Resources,NA,1,Department of Water Resources,73,184,20714,22N16E17C001M,22N16E17C001M,Unknown,Unknown,5-012.01,Sierra Valley,Plumas,184,Observation,Single Well,72920,1980-04-09 00:00:00 - 2020-04-24 12:00:00,94,fall,2.9,56.1,NA,NA,1987,Dry,1986-10-01T00:00:00Z,1987-10-01T00:00:00Z,-120.215,39.7627
397626N1202151W001,1770554,1986-04-02T00:00:00Z,4911.79,4910.59,0,13,4898.79,13,11.8,NA,Unknown,Water level accuracy is unknown,1,Department of Water Resources,NA,1,Department of Water Resources,73,184,20714,22N16E17C001M,22N16E17C001M,Unknown,Unknown,5-012.01,Sierra Valley,Plumas,184,Observation,Single Well,72920,1980-04-09 00:00:00 - 2020-04-24 12:00:00,94,spring,NA,NA,0.7,27.5,1986,Wet,1985-10-01T00:00:00Z,1986-10-01T00:00:00Z,-120.215,39.7627
397626N1202151W001,1770553,1985-10-28T00:00:00Z,4911.79,4910.59,0,33.7,4878.09,33.7,32.5,NA,Unknown,Water level accuracy is unknown,1,Department of Water Resources,NA,1,Department of Water Resources,73,184,20714,22N16E17C001M,22N16E17C001M,Unknown,Unknown,5-012.01,Sierra Valley,Plumas,184,Observation,Single Well,72920,1980-04-09 00:00:00 - 2020-04-24 12:00:00,94,fall,2.9,56.1,NA,NA,1986,Wet,1985-10-01T00:00:00Z,1986-10-01T00:00:00Z,-120.215,39.7627
397626N1202151W001,1770552,1985-10-04T00:00:00Z,4911.79,4910.59,0,41.8,4869.99,41.8,40.6,NA,Unknown,Water level accuracy is unknown,1,Department of Water Resources,NA,1,Department of Water Resources,73,184,20714,22N16E17C001M,22N16E17C001M,Unknown,Unknown,5-012.01,Sierra Valley,Plumas,184,Observation,Single Well,72920,1980-04-09 00:00:00 - 2020-04-24 12:00:00,94,fall,2.9,56.1,NA,NA,1986,Wet,1985-10-01T00:00:00Z,1986-10-01T00:00:00Z,-120.215,39.7627
397626N1202151W001,1770551,1985-04-04T00:00:00Z,4911.79,4910.59,0,11.1,4900.69,11.1,9.9,NA,Unknown,Water level accuracy is unknown,1,Department of Water Resources,NA,1,Department of Water Resources,73,184,20714,22N16E17C001M,22N16E17C001M,Unknown,Unknown,5-012.01,Sierra Valley,Plumas,184,Observation,Single Well,72920,1980-04-09 00:00:00 - 2020-04-24 12:00:00,94,spring,NA,NA,0.7,27.5,1985,Dry,1984-10-01T00:00:00Z,1985-10-01T00:00:00Z,-120.215,39.7627
397626N1202151W001,1770550,1984-10-03T00:00:00Z,4911.79,4910.59,0,35.5,4876.29,35.5,34.3,NA,Unknown,Water level accuracy is unknown,1,Department of Water Resources,NA,1,Department of Water Resources,73,184,20714,22N16E17C001M,22N16E17C001M,Unknown,Unknown,5-012.01,Sierra Valley,Plumas,184,Observation,Single Well,72920,1980-04-09 00:00:00 - 2020-04-24 12:00:00,94,fall,2.9,56.1,NA,NA,1985,Dry,1984-10-01T00:00:00Z,1985-10-01T00:00:00Z,-120.215,39.7627
397626N1202151W001,1770549,1984-08-09T00:00:00Z,4911.79,4910.59,0,38.4,4873.39,38.4,37.2,NA,Unknown,Water level accuracy is unknown,1,Department of Water Resources,NA,1,Department of Water Resources,73,184,20714,22N16E17C001M,22N16E17C001M,Unknown,Unknown,5-012.01,Sierra Valley,Plumas,184,Observation,Single Well,72920,1980-04-09 00:00:00 - 2020-04-24 12:00:00,94,fall,2.9,56.1,NA,NA,1984,NA,1983-10-01T00:00:00Z,1984-10-01T00:00:00Z,-120.215,39.7627
397626N1202151W001,1770548,1984-03-15T00:00:00Z,4911.79,4910.59,0,7.1,4904.69,7.1,5.9,NA,Unknown,Water level accuracy is unknown,1,Department of Water Resources,NA,1,Department of Water Resources,73,184,20714,22N16E17C001M,22N16E17C001M,Unknown,Unknown,5-012.01,Sierra Valley,Plumas,184,Observation,Single Well,72920,1980-04-09 00:00:00 - 2020-04-24 12:00:00,94,spring,NA,NA,0.7,27.5,1984,NA,1983-10-01T00:00:00Z,1984-10-01T00:00:00Z,-120.215,39.7627
397626N1202151W001,1770547,1983-09-30T00:00:00Z,4911.79,4910.59,0,31.8,4879.99,31.8,30.6,NA,Unknown,Water level accuracy is unknown,1,Department of Water Resources,NA,1,Department of Water Resources,73,184,20714,22N16E17C001M,22N16E17C001M,Unknown,Unknown,5-012.01,Sierra Valley,Plumas,184,Observation,Single Well,72920,1980-04-09 00:00:00 - 2020-04-24 12:00:00,94,fall,2.9,56.1,NA,NA,1983,NA,1982-10-01T00:00:00Z,1983-10-01T00:00:00Z,-120.215,39.7627
397626N1202151W001,1770546,1983-09-29T00:00:00Z,4911.79,4910.59,0,32,4879.79,32,30.8,NA,Unknown,Water level accuracy is unknown,1,Department of Water Resources,NA,1,Department of Water Resources,73,184,20714,22N16E17C001M,22N16E17C001M,Unknown,Unknown,5-012.01,Sierra Valley,Plumas,184,Observation,Single Well,72920,1980-04-09 00:00:00 - 2020-04-24 12:00:00,94,fall,2.9,56.1,NA,NA,1983,NA,1982-10-01T00:00:00Z,1983-10-01T00:00:00Z,-120.215,39.7627
397626N1202151W001,1770545,1983-09-28T00:00:00Z,4911.79,4910.59,0,32.1,4879.69,32.1,30.9,NA,Unknown,Water level accuracy is unknown,1,Department of Water Resources,NA,1,Department of Water Resources,73,184,20714,22N16E17C001M,22N16E17C001M,Unknown,Unknown,5-012.01,Sierra Valley,Plumas,184,Observation,Single Well,72920,1980-04-09 00:00:00 - 2020-04-24 12:00:00,94,fall,2.9,56.1,NA,NA,1983,NA,1982-10-01T00:00:00Z,1983-10-01T00:00:00Z,-120.215,39.7627
397626N1202151W001,1770544,1983-04-14T00:00:00Z,4911.79,4910.59,0,8.5,4903.29,8.5,7.3,NA,Unknown,Water level accuracy is unknown,1,Department of Water Resources,NA,1,Department of Water Resources,73,184,20714,22N16E17C001M,22N16E17C001M,Unknown,Unknown,5-012.01,Sierra Valley,Plumas,184,Observation,Single Well,72920,1980-04-09 00:00:00 - 2020-04-24 12:00:00,94,spring,NA,NA,0.7,27.5,1983,NA,1982-10-01T00:00:00Z,1983-10-01T00:00:00Z,-120.215,39.7627
397626N1202151W001,1770543,1982-10-05T00:00:00Z,4911.79,4910.59,0,28.8,4882.99,28.8,27.6,NA,Unknown,Water level accuracy is unknown,1,Department of Water Resources,NA,1,Department of Water Resources,73,184,20714,22N16E17C001M,22N16E17C001M,Unknown,Unknown,5-012.01,Sierra Valley,Plumas,184,Observation,Single Well,72920,1980-04-09 00:00:00 - 2020-04-24 12:00:00,94,fall,2.9,56.1,NA,NA,1983,NA,1982-10-01T00:00:00Z,1983-10-01T00:00:00Z,-120.215,39.7627
397626N1202151W001,1770542,1982-09-16T00:00:00Z,4911.79,4910.59,0,33.4,4878.39,33.4,32.2,NA,Unknown,Water level accuracy is unknown,1,Department of Water Resources,NA,1,Department of Water Resources,73,184,20714,22N16E17C001M,22N16E17C001M,Unknown,Unknown,5-012.01,Sierra Valley,Plumas,184,Observation,Single Well,72920,1980-04-09 00:00:00 - 2020-04-24 12:00:00,94,fall,2.9,56.1,NA,NA,1982,Wet,1981-10-01T00:00:00Z,1982-10-01T00:00:00Z,-120.215,39.7627
397626N1202151W001,1770541,1982-04-27T00:00:00Z,4911.79,4910.59,0,8.6,4903.19,8.6,7.4,NA,Unknown,Water level accuracy is unknown,1,Department of Water Resources,NA,1,Department of Water Resources,73,184,20714,22N16E17C001M,22N16E17C001M,Unknown,Unknown,5-012.01,Sierra Valley,Plumas,184,Observation,Single Well,72920,1980-04-09 00:00:00 - 2020-04-24 12:00:00,94,spring,NA,NA,0.7,27.5,1982,Wet,1981-10-01T00:00:00Z,1982-10-01T00:00:00Z,-120.215,39.7627
397626N1202151W001,1770540,1981-10-20T00:00:00Z,4911.79,4910.59,0,26,4885.79,26,24.8,NA,Unknown,Water level accuracy is unknown,1,Department of Water Resources,NA,1,Department of Water Resources,73,184,20714,22N16E17C001M,22N16E17C001M,Unknown,Unknown,5-012.01,Sierra Valley,Plumas,184,Observation,Single Well,72920,1980-04-09 00:00:00 - 2020-04-24 12:00:00,94,fall,2.9,56.1,NA,NA,1982,Wet,1981-10-01T00:00:00Z,1982-10-01T00:00:00Z,-120.215,39.7627
397626N1202151W001,1770539,1981-10-14T00:00:00Z,4911.79,4910.59,0,27.2,4884.59,27.2,26,NA,Unknown,Water level accuracy is unknown,1,Department of Water Resources,NA,1,Department of Water Resources,73,184,20714,22N16E17C001M,22N16E17C001M,Unknown,Unknown,5-012.01,Sierra Valley,Plumas,184,Observation,Single Well,72920,1980-04-09 00:00:00 - 2020-04-24 12:00:00,94,fall,2.9,56.1,NA,NA,1982,Wet,1981-10-01T00:00:00Z,1982-10-01T00:00:00Z,-120.215,39.7627
397626N1202151W001,1770538,1981-10-07T00:00:00Z,4911.79,4910.59,0,29,4882.79,29,27.8,NA,Unknown,Water level accuracy is unknown,1,Department of Water Resources,NA,1,Department of Water Resources,73,184,20714,22N16E17C001M,22N16E17C001M,Unknown,Unknown,5-012.01,Sierra Valley,Plumas,184,Observation,Single Well,72920,1980-04-09 00:00:00 - 2020-04-24 12:00:00,94,fall,2.9,56.1,NA,NA,1982,Wet,1981-10-01T00:00:00Z,1982-10-01T00:00:00Z,-120.215,39.7627
397626N1202151W001,1770537,1981-09-30T00:00:00Z,4911.79,4910.59,0,31.1,4880.69,31.1,29.9,NA,Unknown,Water level accuracy is unknown,1,Department of Water Resources,NA,1,Department of Water Resources,73,184,20714,22N16E17C001M,22N16E17C001M,Unknown,Unknown,5-012.01,Sierra Valley,Plumas,184,Observation,Single Well,72920,1980-04-09 00:00:00 - 2020-04-24 12:00:00,94,fall,2.9,56.1,NA,NA,1981,Dry,1980-10-01T00:00:00Z,1981-10-01T00:00:00Z,-120.215,39.7627
397626N1202151W001,1770536,1981-09-14T00:00:00Z,4911.79,4910.59,0,37.6,4874.19,37.6,36.4,NA,Unknown,Water level accuracy is unknown,1,Department of Water Resources,NA,1,Department of Water Resources,73,184,20714,22N16E17C001M,22N16E17C001M,Unknown,Unknown,5-012.01,Sierra Valley,Plumas,184,Observation,Single Well,72920,1980-04-09 00:00:00 - 2020-04-24 12:00:00,94,fall,2.9,56.1,NA,NA,1981,Dry,1980-10-01T00:00:00Z,1981-10-01T00:00:00Z,-120.215,39.7627
397626N1202151W001,1770535,1981-08-25T00:00:00Z,4911.79,4910.59,0,35.8,4875.99,35.8,34.6,NA,Unknown,Water level accuracy is unknown,1,Department of Water Resources,NA,1,Department of Water Resources,73,184,20714,22N16E17C001M,22N16E17C001M,Unknown,Unknown,5-012.01,Sierra Valley,Plumas,184,Observation,Single Well,72920,1980-04-09 00:00:00 - 2020-04-24 12:00:00,94,fall,2.9,56.1,NA,NA,1981,Dry,1980-10-01T00:00:00Z,1981-10-01T00:00:00Z,-120.215,39.7627
397626N1202151W001,1770534,1980-10-01T00:00:00Z,4911.79,4910.59,0,18.9,4892.89,18.9,17.7,NA,Unknown,Water level accuracy is unknown,1,Department of Water Resources,NA,1,Department of Water Resources,73,184,20714,22N16E17C001M,22N16E17C001M,Unknown,Unknown,5-012.01,Sierra Valley,Plumas,184,Observation,Single Well,72920,1980-04-09 00:00:00 - 2020-04-24 12:00:00,94,fall,2.9,56.1,NA,NA,1981,Dry,1980-10-01T00:00:00Z,1981-10-01T00:00:00Z,-120.215,39.7627
397626N1202151W001,1770533,1980-04-09T00:00:00Z,4911.79,4910.59,0,6.2,4905.59,6.2,5,NA,Unknown,Water level accuracy is unknown,1,Department of Water Resources,NA,1,Department of Water Resources,73,184,20714,22N16E17C001M,22N16E17C001M,Unknown,Unknown,5-012.01,Sierra Valley,Plumas,184,Observation,Single Well,72920,1980-04-09 00:00:00 - 2020-04-24 12:00:00,94,spring,NA,NA,0.7,27.5,1980,NA,1979-10-01T00:00:00Z,1980-10-01T00:00:00Z,-120.215,39.7627
