SITE_CODE,WLM_ID,MSMT_DATE,WLM_RPE,WLM_GSE,RDNG_WS,RDNG_RP,WSE,RPE_WSE,GSE_WSE,WLM_QA_DESC,WLM_DESC,WLM_ACC_DESC,WLM_ORG_ID,WLM_ORG_NAME,MSMT_CMT,COOP_AGENCY_ORG_ID,COOP_ORG_NAME,TOP_PRF,BOT_PRF,STN_ID,SWN,WELL_NAME,WLM_METHOD,WLM_ACC,BASIN_CODE,BASIN_NAME,COUNTY_NAME,WELL_DEPTH,WELL_USE,WELL_TYPE,WCR_NO,t_range,n_samples,season,fall_high,fall_low,spring_high,spring_low,water_year,water_year_type,water_year_start,water_year_end,X,Y
397808N1202893W001,2620107,2020-04-24T12:00:00Z,4894.74,4894.54,0,68.45,4826.29,68.45,68.25,NA,Electric sounder measurement,Water level accuracy to nearest hundredth of a foot,1,Department of Water Resources,NA,1,Department of Water Resources,475,740,20572,22N15E10B001M,Roberti Well,Unknown,Unknown,5-012.01,Sierra Valley,Plumas,945,Irrigation,Single Well,201846,1991-02-27 00:00:00 - 2020-04-24 12:00:00,120,spring,NA,NA,29.6,90.9,2020,Dry,2019-10-01T00:00:00Z,2020-10-01T00:00:00Z,-120.289,39.7808
397808N1202893W001,2620107,2020-04-24T12:00:00Z,4894.74,4894.54,0,68.45,4826.29,68.45,68.25,NA,Electric sounder measurement,Water level accuracy to nearest hundredth of a foot,1,Department of Water Resources,NA,1,Department of Water Resources,780,940,20572,22N15E10B001M,Roberti Well,Unknown,Unknown,5-012.01,Sierra Valley,Plumas,945,Irrigation,Single Well,201846,1991-02-27 00:00:00 - 2020-04-24 12:00:00,120,spring,NA,NA,29.6,90.9,2020,Dry,2019-10-01T00:00:00Z,2020-10-01T00:00:00Z,-120.289,39.7808
397808N1202893W001,2493711,2019-10-23T12:00:00Z,4894.74,4894.54,0,115.4,4779.34,115.4,115.2,NA,Electric sounder measurement,Water level accuracy to nearest hundredth of a foot,1,Department of Water Resources,NA,1,Department of Water Resources,475,740,20572,22N15E10B001M,Roberti Well,Unknown,Unknown,5-012.01,Sierra Valley,Plumas,945,Irrigation,Single Well,201846,1991-02-27 00:00:00 - 2020-04-24 12:00:00,120,fall,47.3,152.5,NA,NA,2020,Dry,2019-10-01T00:00:00Z,2020-10-01T00:00:00Z,-120.289,39.7808
397808N1202893W001,2493711,2019-10-23T12:00:00Z,4894.74,4894.54,0,115.4,4779.34,115.4,115.2,NA,Electric sounder measurement,Water level accuracy to nearest hundredth of a foot,1,Department of Water Resources,NA,1,Department of Water Resources,780,940,20572,22N15E10B001M,Roberti Well,Unknown,Unknown,5-012.01,Sierra Valley,Plumas,945,Irrigation,Single Well,201846,1991-02-27 00:00:00 - 2020-04-24 12:00:00,120,fall,47.3,152.5,NA,NA,2020,Dry,2019-10-01T00:00:00Z,2020-10-01T00:00:00Z,-120.289,39.7808
397808N1202893W001,2454948,2019-04-09T12:00:00Z,4894.74,4894.54,0,68.5,4826.24,68.5,68.3,NA,Electric sounder measurement,Water level accuracy to nearest hundredth of a foot,1,Department of Water Resources,NA,1,Department of Water Resources,475,740,20572,22N15E10B001M,Roberti Well,Unknown,Unknown,5-012.01,Sierra Valley,Plumas,945,Irrigation,Single Well,201846,1991-02-27 00:00:00 - 2020-04-24 12:00:00,120,spring,NA,NA,29.6,90.9,2019,Wet,2018-10-01T00:00:00Z,2019-10-01T00:00:00Z,-120.289,39.7808
397808N1202893W001,2454948,2019-04-09T12:00:00Z,4894.74,4894.54,0,68.5,4826.24,68.5,68.3,NA,Electric sounder measurement,Water level accuracy to nearest hundredth of a foot,1,Department of Water Resources,NA,1,Department of Water Resources,780,940,20572,22N15E10B001M,Roberti Well,Unknown,Unknown,5-012.01,Sierra Valley,Plumas,945,Irrigation,Single Well,201846,1991-02-27 00:00:00 - 2020-04-24 12:00:00,120,spring,NA,NA,29.6,90.9,2019,Wet,2018-10-01T00:00:00Z,2019-10-01T00:00:00Z,-120.289,39.7808
397808N1202893W001,2415016,2018-10-24T12:00:00Z,4894.74,4894.54,0,109.15,4785.59,109.15,108.95,NA,Electric sounder measurement,Water level accuracy to nearest hundredth of a foot,1,Department of Water Resources,NA,1,Department of Water Resources,475,740,20572,22N15E10B001M,Roberti Well,Unknown,Unknown,5-012.01,Sierra Valley,Plumas,945,Irrigation,Single Well,201846,1991-02-27 00:00:00 - 2020-04-24 12:00:00,120,fall,47.3,152.5,NA,NA,2019,Wet,2018-10-01T00:00:00Z,2019-10-01T00:00:00Z,-120.289,39.7808
397808N1202893W001,2415016,2018-10-24T12:00:00Z,4894.74,4894.54,0,109.15,4785.59,109.15,108.95,NA,Electric sounder measurement,Water level accuracy to nearest hundredth of a foot,1,Department of Water Resources,NA,1,Department of Water Resources,780,940,20572,22N15E10B001M,Roberti Well,Unknown,Unknown,5-012.01,Sierra Valley,Plumas,945,Irrigation,Single Well,201846,1991-02-27 00:00:00 - 2020-04-24 12:00:00,120,fall,47.3,152.5,NA,NA,2019,Wet,2018-10-01T00:00:00Z,2019-10-01T00:00:00Z,-120.289,39.7808
397808N1202893W001,2285955,2018-04-02T12:00:00Z,4894.74,4894.54,0,72.15,4822.59,72.15,71.95,NA,Electric sounder measurement,Water level accuracy to nearest hundredth of a foot,1,Department of Water Resources,NA,1,Department of Water Resources,475,740,20572,22N15E10B001M,Roberti Well,Unknown,Unknown,5-012.01,Sierra Valley,Plumas,945,Irrigation,Single Well,201846,1991-02-27 00:00:00 - 2020-04-24 12:00:00,120,spring,NA,NA,29.6,90.9,2018,NA,2017-10-01T00:00:00Z,2018-10-01T00:00:00Z,-120.289,39.7808
397808N1202893W001,2285955,2018-04-02T12:00:00Z,4894.74,4894.54,0,72.15,4822.59,72.15,71.95,NA,Electric sounder measurement,Water level accuracy to nearest hundredth of a foot,1,Department of Water Resources,NA,1,Department of Water Resources,780,940,20572,22N15E10B001M,Roberti Well,Unknown,Unknown,5-012.01,Sierra Valley,Plumas,945,Irrigation,Single Well,201846,1991-02-27 00:00:00 - 2020-04-24 12:00:00,120,spring,NA,NA,29.6,90.9,2018,NA,2017-10-01T00:00:00Z,2018-10-01T00:00:00Z,-120.289,39.7808
397808N1202893W001,2267995,2017-10-16T00:00:00Z,4894.74,4894.54,14.2,125,4783.94,110.8,110.6,NA,Steel tape measurement,Water level accuracy to nearest tenth of a foot,1,Department of Water Resources,NA,1,Department of Water Resources,475,740,20572,22N15E10B001M,Roberti Well,Unknown,Unknown,5-012.01,Sierra Valley,Plumas,945,Irrigation,Single Well,201846,1991-02-27 00:00:00 - 2020-04-24 12:00:00,120,fall,47.3,152.5,NA,NA,2018,NA,2017-10-01T00:00:00Z,2018-10-01T00:00:00Z,-120.289,39.7808
397808N1202893W001,2267995,2017-10-16T00:00:00Z,4894.74,4894.54,14.2,125,4783.94,110.8,110.6,NA,Steel tape measurement,Water level accuracy to nearest tenth of a foot,1,Department of Water Resources,NA,1,Department of Water Resources,780,940,20572,22N15E10B001M,Roberti Well,Unknown,Unknown,5-012.01,Sierra Valley,Plumas,945,Irrigation,Single Well,201846,1991-02-27 00:00:00 - 2020-04-24 12:00:00,120,fall,47.3,152.5,NA,NA,2018,NA,2017-10-01T00:00:00Z,2018-10-01T00:00:00Z,-120.289,39.7808
397808N1202893W001,2214113,2016-10-24T00:00:00Z,4894.74,4894.54,2.3,120,4777.04,117.7,117.5,NA,Steel tape measurement,Water level accuracy to nearest tenth of a foot,1,Department of Water Resources,NA,1,Department of Water Resources,475,740,20572,22N15E10B001M,Roberti Well,Unknown,Unknown,5-012.01,Sierra Valley,Plumas,945,Irrigation,Single Well,201846,1991-02-27 00:00:00 - 2020-04-24 12:00:00,120,fall,47.3,152.5,NA,NA,2017,Wet,2016-10-01T00:00:00Z,2017-10-01T00:00:00Z,-120.289,39.7808
397808N1202893W001,2214113,2016-10-24T00:00:00Z,4894.74,4894.54,2.3,120,4777.04,117.7,117.5,NA,Steel tape measurement,Water level accuracy to nearest tenth of a foot,1,Department of Water Resources,NA,1,Department of Water Resources,780,940,20572,22N15E10B001M,Roberti Well,Unknown,Unknown,5-012.01,Sierra Valley,Plumas,945,Irrigation,Single Well,201846,1991-02-27 00:00:00 - 2020-04-24 12:00:00,120,fall,47.3,152.5,NA,NA,2017,Wet,2016-10-01T00:00:00Z,2017-10-01T00:00:00Z,-120.289,39.7808
397808N1202893W001,2184579,2016-03-21T00:00:00Z,4894.74,4894.54,13.9,105,4803.64,91.1,90.9,NA,Steel tape measurement,Water level accuracy to nearest tenth of a foot,1,Department of Water Resources,NA,1,Department of Water Resources,475,740,20572,22N15E10B001M,Roberti Well,Unknown,Unknown,5-012.01,Sierra Valley,Plumas,945,Irrigation,Single Well,201846,1991-02-27 00:00:00 - 2020-04-24 12:00:00,120,spring,NA,NA,29.6,90.9,2016,NA,2015-10-01T00:00:00Z,2016-10-01T00:00:00Z,-120.289,39.7808
397808N1202893W001,2184579,2016-03-21T00:00:00Z,4894.74,4894.54,13.9,105,4803.64,91.1,90.9,NA,Steel tape measurement,Water level accuracy to nearest tenth of a foot,1,Department of Water Resources,NA,1,Department of Water Resources,780,940,20572,22N15E10B001M,Roberti Well,Unknown,Unknown,5-012.01,Sierra Valley,Plumas,945,Irrigation,Single Well,201846,1991-02-27 00:00:00 - 2020-04-24 12:00:00,120,spring,NA,NA,29.6,90.9,2016,NA,2015-10-01T00:00:00Z,2016-10-01T00:00:00Z,-120.289,39.7808
397808N1202893W001,2157053,2015-10-19T00:00:00Z,4894.74,4894.54,0,152.7,4742.04,152.7,152.5,NA,Electric sounder measurement,Water level accuracy to nearest hundredth of a foot,1,Department of Water Resources,NA,1,Department of Water Resources,475,740,20572,22N15E10B001M,Roberti Well,Unknown,Unknown,5-012.01,Sierra Valley,Plumas,945,Irrigation,Single Well,201846,1991-02-27 00:00:00 - 2020-04-24 12:00:00,120,fall,47.3,152.5,NA,NA,2016,NA,2015-10-01T00:00:00Z,2016-10-01T00:00:00Z,-120.289,39.7808
397808N1202893W001,2157053,2015-10-19T00:00:00Z,4894.74,4894.54,0,152.7,4742.04,152.7,152.5,NA,Electric sounder measurement,Water level accuracy to nearest hundredth of a foot,1,Department of Water Resources,NA,1,Department of Water Resources,780,940,20572,22N15E10B001M,Roberti Well,Unknown,Unknown,5-012.01,Sierra Valley,Plumas,945,Irrigation,Single Well,201846,1991-02-27 00:00:00 - 2020-04-24 12:00:00,120,fall,47.3,152.5,NA,NA,2016,NA,2015-10-01T00:00:00Z,2016-10-01T00:00:00Z,-120.289,39.7808
397808N1202893W001,2119765,2015-03-23T00:00:00Z,4894.74,4894.54,9.3,100,4804.04,90.7,90.5,NA,Steel tape measurement,Water level accuracy to nearest tenth of a foot,1,Department of Water Resources,NA,1,Department of Water Resources,475,740,20572,22N15E10B001M,Roberti Well,Unknown,Unknown,5-012.01,Sierra Valley,Plumas,945,Irrigation,Single Well,201846,1991-02-27 00:00:00 - 2020-04-24 12:00:00,120,spring,NA,NA,29.6,90.9,2015,NA,2014-10-01T00:00:00Z,2015-10-01T00:00:00Z,-120.289,39.7808
397808N1202893W001,2119765,2015-03-23T00:00:00Z,4894.74,4894.54,9.3,100,4804.04,90.7,90.5,NA,Steel tape measurement,Water level accuracy to nearest tenth of a foot,1,Department of Water Resources,NA,1,Department of Water Resources,780,940,20572,22N15E10B001M,Roberti Well,Unknown,Unknown,5-012.01,Sierra Valley,Plumas,945,Irrigation,Single Well,201846,1991-02-27 00:00:00 - 2020-04-24 12:00:00,120,spring,NA,NA,29.6,90.9,2015,NA,2014-10-01T00:00:00Z,2015-10-01T00:00:00Z,-120.289,39.7808
397808N1202893W001,1880763,2014-03-14T00:00:00Z,4894.74,4894.54,16.3,101,4810.04,84.7,84.5,NA,Steel tape measurement,Water level accuracy to nearest tenth of a foot,1,Department of Water Resources,NA,1,Department of Water Resources,475,740,20572,22N15E10B001M,Roberti Well,Unknown,Unknown,5-012.01,Sierra Valley,Plumas,945,Irrigation,Single Well,201846,1991-02-27 00:00:00 - 2020-04-24 12:00:00,120,spring,NA,NA,29.6,90.9,2014,NA,2013-10-01T00:00:00Z,2014-10-01T00:00:00Z,-120.289,39.7808
397808N1202893W001,1880763,2014-03-14T00:00:00Z,4894.74,4894.54,16.3,101,4810.04,84.7,84.5,NA,Steel tape measurement,Water level accuracy to nearest tenth of a foot,1,Department of Water Resources,NA,1,Department of Water Resources,780,940,20572,22N15E10B001M,Roberti Well,Unknown,Unknown,5-012.01,Sierra Valley,Plumas,945,Irrigation,Single Well,201846,1991-02-27 00:00:00 - 2020-04-24 12:00:00,120,spring,NA,NA,29.6,90.9,2014,NA,2013-10-01T00:00:00Z,2014-10-01T00:00:00Z,-120.289,39.7808
397808N1202893W001,1797105,2013-10-21T00:00:00Z,4894.74,4894.54,0,150,4744.74,150,149.8,Oil or foreign substance in casing,Steel tape measurement,Water level accuracy to nearest tenth of a foot,1,Department of Water Resources,NA,1,Department of Water Resources,475,740,20572,22N15E10B001M,Roberti Well,Unknown,Unknown,5-012.01,Sierra Valley,Plumas,945,Irrigation,Single Well,201846,1991-02-27 00:00:00 - 2020-04-24 12:00:00,120,fall,47.3,152.5,NA,NA,2014,NA,2013-10-01T00:00:00Z,2014-10-01T00:00:00Z,-120.289,39.7808
397808N1202893W001,1797105,2013-10-21T00:00:00Z,4894.74,4894.54,0,150,4744.74,150,149.8,Oil or foreign substance in casing,Steel tape measurement,Water level accuracy to nearest tenth of a foot,1,Department of Water Resources,NA,1,Department of Water Resources,780,940,20572,22N15E10B001M,Roberti Well,Unknown,Unknown,5-012.01,Sierra Valley,Plumas,945,Irrigation,Single Well,201846,1991-02-27 00:00:00 - 2020-04-24 12:00:00,120,fall,47.3,152.5,NA,NA,2014,NA,2013-10-01T00:00:00Z,2014-10-01T00:00:00Z,-120.289,39.7808
397808N1202893W001,1684424,2013-03-25T00:00:00Z,4894.74,4894.54,3.3,80,4818.04,76.7,76.5,Oil or foreign substance in casing,Steel tape measurement,Water level accuracy to nearest tenth of a foot,1,Department of Water Resources,NA,1,Department of Water Resources,475,740,20572,22N15E10B001M,Roberti Well,Unknown,Unknown,5-012.01,Sierra Valley,Plumas,945,Irrigation,Single Well,201846,1991-02-27 00:00:00 - 2020-04-24 12:00:00,120,spring,NA,NA,29.6,90.9,2013,Dry,2012-10-01T00:00:00Z,2013-10-01T00:00:00Z,-120.289,39.7808
397808N1202893W001,1684424,2013-03-25T00:00:00Z,4894.74,4894.54,3.3,80,4818.04,76.7,76.5,Oil or foreign substance in casing,Steel tape measurement,Water level accuracy to nearest tenth of a foot,1,Department of Water Resources,NA,1,Department of Water Resources,780,940,20572,22N15E10B001M,Roberti Well,Unknown,Unknown,5-012.01,Sierra Valley,Plumas,945,Irrigation,Single Well,201846,1991-02-27 00:00:00 - 2020-04-24 12:00:00,120,spring,NA,NA,29.6,90.9,2013,Dry,2012-10-01T00:00:00Z,2013-10-01T00:00:00Z,-120.289,39.7808
397808N1202893W001,69365,2012-10-30T00:00:00Z,4894.74,4894.54,14.2,135,4773.94,120.8,120.6,Oil or foreign substance in casing,Steel tape measurement,Water level accuracy to nearest tenth of a foot,1,Department of Water Resources,NA,1,Department of Water Resources,475,740,20572,22N15E10B001M,Roberti Well,Unknown,Unknown,5-012.01,Sierra Valley,Plumas,945,Irrigation,Single Well,201846,1991-02-27 00:00:00 - 2020-04-24 12:00:00,120,fall,47.3,152.5,NA,NA,2013,Dry,2012-10-01T00:00:00Z,2013-10-01T00:00:00Z,-120.289,39.7808
397808N1202893W001,69365,2012-10-30T00:00:00Z,4894.74,4894.54,14.2,135,4773.94,120.8,120.6,Oil or foreign substance in casing,Steel tape measurement,Water level accuracy to nearest tenth of a foot,1,Department of Water Resources,NA,1,Department of Water Resources,780,940,20572,22N15E10B001M,Roberti Well,Unknown,Unknown,5-012.01,Sierra Valley,Plumas,945,Irrigation,Single Well,201846,1991-02-27 00:00:00 - 2020-04-24 12:00:00,120,fall,47.3,152.5,NA,NA,2013,Dry,2012-10-01T00:00:00Z,2013-10-01T00:00:00Z,-120.289,39.7808
397808N1202893W001,59947,2012-04-17T00:00:00Z,4894.74,4894.54,28.9,85,4838.64,56.1,55.9,NA,Steel tape measurement,Water level accuracy to nearest tenth of a foot,1,Department of Water Resources,NA,1,Department of Water Resources,475,740,20572,22N15E10B001M,Roberti Well,Unknown,Unknown,5-012.01,Sierra Valley,Plumas,945,Irrigation,Single Well,201846,1991-02-27 00:00:00 - 2020-04-24 12:00:00,120,spring,NA,NA,29.6,90.9,2012,NA,2011-10-01T00:00:00Z,2012-10-01T00:00:00Z,-120.289,39.7808
397808N1202893W001,59947,2012-04-17T00:00:00Z,4894.74,4894.54,28.9,85,4838.64,56.1,55.9,NA,Steel tape measurement,Water level accuracy to nearest tenth of a foot,1,Department of Water Resources,NA,1,Department of Water Resources,780,940,20572,22N15E10B001M,Roberti Well,Unknown,Unknown,5-012.01,Sierra Valley,Plumas,945,Irrigation,Single Well,201846,1991-02-27 00:00:00 - 2020-04-24 12:00:00,120,spring,NA,NA,29.6,90.9,2012,NA,2011-10-01T00:00:00Z,2012-10-01T00:00:00Z,-120.289,39.7808
397808N1202893W001,39795,2011-10-18T00:00:00Z,4894.74,4894.54,0,88.2,4806.54,88.2,88,NA,Steel tape measurement,Water level accuracy to nearest tenth of a foot,1,Department of Water Resources,NA,1,Department of Water Resources,475,740,20572,22N15E10B001M,Roberti Well,Unknown,Unknown,5-012.01,Sierra Valley,Plumas,945,Irrigation,Single Well,201846,1991-02-27 00:00:00 - 2020-04-24 12:00:00,120,fall,47.3,152.5,NA,NA,2012,NA,2011-10-01T00:00:00Z,2012-10-01T00:00:00Z,-120.289,39.7808
397808N1202893W001,39795,2011-10-18T00:00:00Z,4894.74,4894.54,0,88.2,4806.54,88.2,88,NA,Steel tape measurement,Water level accuracy to nearest tenth of a foot,1,Department of Water Resources,NA,1,Department of Water Resources,780,940,20572,22N15E10B001M,Roberti Well,Unknown,Unknown,5-012.01,Sierra Valley,Plumas,945,Irrigation,Single Well,201846,1991-02-27 00:00:00 - 2020-04-24 12:00:00,120,fall,47.3,152.5,NA,NA,2012,NA,2011-10-01T00:00:00Z,2012-10-01T00:00:00Z,-120.289,39.7808
397808N1202893W001,801432,2011-10-18T00:00:00Z,4894.74,4894.54,0,88.2,4806.54,88.2,88,NA,Unknown,Water level accuracy is unknown,1,Department of Water Resources,NA,1,Department of Water Resources,475,740,20572,22N15E10B001M,Roberti Well,Unknown,Unknown,5-012.01,Sierra Valley,Plumas,945,Irrigation,Single Well,201846,1991-02-27 00:00:00 - 2020-04-24 12:00:00,120,fall,47.3,152.5,NA,NA,2012,NA,2011-10-01T00:00:00Z,2012-10-01T00:00:00Z,-120.289,39.7808
397808N1202893W001,801432,2011-10-18T00:00:00Z,4894.74,4894.54,0,88.2,4806.54,88.2,88,NA,Unknown,Water level accuracy is unknown,1,Department of Water Resources,NA,1,Department of Water Resources,780,940,20572,22N15E10B001M,Roberti Well,Unknown,Unknown,5-012.01,Sierra Valley,Plumas,945,Irrigation,Single Well,201846,1991-02-27 00:00:00 - 2020-04-24 12:00:00,120,fall,47.3,152.5,NA,NA,2012,NA,2011-10-01T00:00:00Z,2012-10-01T00:00:00Z,-120.289,39.7808
397808N1202893W001,801431,2011-04-25T00:00:00Z,4894.74,4894.54,0,77.9,4816.84,77.9,77.7,NA,Unknown,Water level accuracy is unknown,1,Department of Water Resources,NA,1,Department of Water Resources,475,740,20572,22N15E10B001M,Roberti Well,Unknown,Unknown,5-012.01,Sierra Valley,Plumas,945,Irrigation,Single Well,201846,1991-02-27 00:00:00 - 2020-04-24 12:00:00,120,spring,NA,NA,29.6,90.9,2011,Wet,2010-10-01T00:00:00Z,2011-10-01T00:00:00Z,-120.289,39.7808
397808N1202893W001,801431,2011-04-25T00:00:00Z,4894.74,4894.54,0,77.9,4816.84,77.9,77.7,NA,Unknown,Water level accuracy is unknown,1,Department of Water Resources,NA,1,Department of Water Resources,780,940,20572,22N15E10B001M,Roberti Well,Unknown,Unknown,5-012.01,Sierra Valley,Plumas,945,Irrigation,Single Well,201846,1991-02-27 00:00:00 - 2020-04-24 12:00:00,120,spring,NA,NA,29.6,90.9,2011,Wet,2010-10-01T00:00:00Z,2011-10-01T00:00:00Z,-120.289,39.7808
397808N1202893W001,801430,2010-10-25T00:00:00Z,4894.74,4894.54,0,118.1,4776.64,118.1,117.9,NA,Unknown,Water level accuracy is unknown,1,Department of Water Resources,NA,1,Department of Water Resources,475,740,20572,22N15E10B001M,Roberti Well,Unknown,Unknown,5-012.01,Sierra Valley,Plumas,945,Irrigation,Single Well,201846,1991-02-27 00:00:00 - 2020-04-24 12:00:00,120,fall,47.3,152.5,NA,NA,2011,Wet,2010-10-01T00:00:00Z,2011-10-01T00:00:00Z,-120.289,39.7808
397808N1202893W001,801430,2010-10-25T00:00:00Z,4894.74,4894.54,0,118.1,4776.64,118.1,117.9,NA,Unknown,Water level accuracy is unknown,1,Department of Water Resources,NA,1,Department of Water Resources,780,940,20572,22N15E10B001M,Roberti Well,Unknown,Unknown,5-012.01,Sierra Valley,Plumas,945,Irrigation,Single Well,201846,1991-02-27 00:00:00 - 2020-04-24 12:00:00,120,fall,47.3,152.5,NA,NA,2011,Wet,2010-10-01T00:00:00Z,2011-10-01T00:00:00Z,-120.289,39.7808
397808N1202893W001,801429,2010-04-06T00:00:00Z,4894.74,4894.54,0,74,4820.74,74,73.8,NA,Unknown,Water level accuracy is unknown,1,Department of Water Resources,NA,1,Department of Water Resources,475,740,20572,22N15E10B001M,Roberti Well,Unknown,Unknown,5-012.01,Sierra Valley,Plumas,945,Irrigation,Single Well,201846,1991-02-27 00:00:00 - 2020-04-24 12:00:00,120,spring,NA,NA,29.6,90.9,2010,NA,2009-10-01T00:00:00Z,2010-10-01T00:00:00Z,-120.289,39.7808
397808N1202893W001,801429,2010-04-06T00:00:00Z,4894.74,4894.54,0,74,4820.74,74,73.8,NA,Unknown,Water level accuracy is unknown,1,Department of Water Resources,NA,1,Department of Water Resources,780,940,20572,22N15E10B001M,Roberti Well,Unknown,Unknown,5-012.01,Sierra Valley,Plumas,945,Irrigation,Single Well,201846,1991-02-27 00:00:00 - 2020-04-24 12:00:00,120,spring,NA,NA,29.6,90.9,2010,NA,2009-10-01T00:00:00Z,2010-10-01T00:00:00Z,-120.289,39.7808
397808N1202893W001,801428,2009-10-29T00:00:00Z,4894.74,4894.54,0,120.41,4774.33,120.41,120.21,Oil or foreign substance in casing,Unknown,Water level accuracy is unknown,1,Department of Water Resources,NA,1,Department of Water Resources,475,740,20572,22N15E10B001M,Roberti Well,Unknown,Unknown,5-012.01,Sierra Valley,Plumas,945,Irrigation,Single Well,201846,1991-02-27 00:00:00 - 2020-04-24 12:00:00,120,fall,47.3,152.5,NA,NA,2010,NA,2009-10-01T00:00:00Z,2010-10-01T00:00:00Z,-120.289,39.7808
397808N1202893W001,801428,2009-10-29T00:00:00Z,4894.74,4894.54,0,120.41,4774.33,120.41,120.21,Oil or foreign substance in casing,Unknown,Water level accuracy is unknown,1,Department of Water Resources,NA,1,Department of Water Resources,780,940,20572,22N15E10B001M,Roberti Well,Unknown,Unknown,5-012.01,Sierra Valley,Plumas,945,Irrigation,Single Well,201846,1991-02-27 00:00:00 - 2020-04-24 12:00:00,120,fall,47.3,152.5,NA,NA,2010,NA,2009-10-01T00:00:00Z,2010-10-01T00:00:00Z,-120.289,39.7808
397808N1202893W001,801420,2005-10-26T00:00:00Z,4894.74,4894.54,0,99,4795.74,99,98.8,Oil or foreign substance in casing,Unknown,Water level accuracy is unknown,1,Department of Water Resources,NA,1,Department of Water Resources,475,740,20572,22N15E10B001M,Roberti Well,Unknown,Unknown,5-012.01,Sierra Valley,Plumas,945,Irrigation,Single Well,201846,1991-02-27 00:00:00 - 2020-04-24 12:00:00,120,fall,47.3,152.5,NA,NA,2006,Wet,2005-10-01T00:00:00Z,2006-10-01T00:00:00Z,-120.289,39.7808
397808N1202893W001,801420,2005-10-26T00:00:00Z,4894.74,4894.54,0,99,4795.74,99,98.8,Oil or foreign substance in casing,Unknown,Water level accuracy is unknown,1,Department of Water Resources,NA,1,Department of Water Resources,780,940,20572,22N15E10B001M,Roberti Well,Unknown,Unknown,5-012.01,Sierra Valley,Plumas,945,Irrigation,Single Well,201846,1991-02-27 00:00:00 - 2020-04-24 12:00:00,120,fall,47.3,152.5,NA,NA,2006,Wet,2005-10-01T00:00:00Z,2006-10-01T00:00:00Z,-120.289,39.7808
397808N1202893W001,801419,2005-04-05T00:00:00Z,4894.74,4894.54,0,68.8,4825.94,68.8,68.6,NA,Unknown,Water level accuracy is unknown,1,Department of Water Resources,NA,1,Department of Water Resources,475,740,20572,22N15E10B001M,Roberti Well,Unknown,Unknown,5-012.01,Sierra Valley,Plumas,945,Irrigation,Single Well,201846,1991-02-27 00:00:00 - 2020-04-24 12:00:00,120,spring,NA,NA,29.6,90.9,2005,NA,2004-10-01T00:00:00Z,2005-10-01T00:00:00Z,-120.289,39.7808
397808N1202893W001,801419,2005-04-05T00:00:00Z,4894.74,4894.54,0,68.8,4825.94,68.8,68.6,NA,Unknown,Water level accuracy is unknown,1,Department of Water Resources,NA,1,Department of Water Resources,780,940,20572,22N15E10B001M,Roberti Well,Unknown,Unknown,5-012.01,Sierra Valley,Plumas,945,Irrigation,Single Well,201846,1991-02-27 00:00:00 - 2020-04-24 12:00:00,120,spring,NA,NA,29.6,90.9,2005,NA,2004-10-01T00:00:00Z,2005-10-01T00:00:00Z,-120.289,39.7808
397808N1202893W001,801416,2003-10-29T00:00:00Z,4894.74,4894.54,0,108.5,4786.24,108.5,108.3,NA,Unknown,Water level accuracy is unknown,1,Department of Water Resources,NA,1,Department of Water Resources,475,740,20572,22N15E10B001M,Roberti Well,Unknown,Unknown,5-012.01,Sierra Valley,Plumas,945,Irrigation,Single Well,201846,1991-02-27 00:00:00 - 2020-04-24 12:00:00,120,fall,47.3,152.5,NA,NA,2004,NA,2003-10-01T00:00:00Z,2004-10-01T00:00:00Z,-120.289,39.7808
397808N1202893W001,801416,2003-10-29T00:00:00Z,4894.74,4894.54,0,108.5,4786.24,108.5,108.3,NA,Unknown,Water level accuracy is unknown,1,Department of Water Resources,NA,1,Department of Water Resources,780,940,20572,22N15E10B001M,Roberti Well,Unknown,Unknown,5-012.01,Sierra Valley,Plumas,945,Irrigation,Single Well,201846,1991-02-27 00:00:00 - 2020-04-24 12:00:00,120,fall,47.3,152.5,NA,NA,2004,NA,2003-10-01T00:00:00Z,2004-10-01T00:00:00Z,-120.289,39.7808
397808N1202893W001,801415,2003-03-28T00:00:00Z,4894.74,4894.54,0,64,4830.74,64,63.8,NA,Unknown,Water level accuracy is unknown,1,Department of Water Resources,NA,1,Department of Water Resources,475,740,20572,22N15E10B001M,Roberti Well,Unknown,Unknown,5-012.01,Sierra Valley,Plumas,945,Irrigation,Single Well,201846,1991-02-27 00:00:00 - 2020-04-24 12:00:00,120,spring,NA,NA,29.6,90.9,2003,NA,2002-10-01T00:00:00Z,2003-10-01T00:00:00Z,-120.289,39.7808
397808N1202893W001,801415,2003-03-28T00:00:00Z,4894.74,4894.54,0,64,4830.74,64,63.8,NA,Unknown,Water level accuracy is unknown,1,Department of Water Resources,NA,1,Department of Water Resources,780,940,20572,22N15E10B001M,Roberti Well,Unknown,Unknown,5-012.01,Sierra Valley,Plumas,945,Irrigation,Single Well,201846,1991-02-27 00:00:00 - 2020-04-24 12:00:00,120,spring,NA,NA,29.6,90.9,2003,NA,2002-10-01T00:00:00Z,2003-10-01T00:00:00Z,-120.289,39.7808
397808N1202893W001,801413,2002-03-26T00:00:00Z,4894.74,4894.54,0,57.2,4837.54,57.2,57,NA,Unknown,Water level accuracy is unknown,1,Department of Water Resources,NA,1,Department of Water Resources,475,740,20572,22N15E10B001M,Roberti Well,Unknown,Unknown,5-012.01,Sierra Valley,Plumas,945,Irrigation,Single Well,201846,1991-02-27 00:00:00 - 2020-04-24 12:00:00,120,spring,NA,NA,29.6,90.9,2002,NA,2001-10-01T00:00:00Z,2002-10-01T00:00:00Z,-120.289,39.7808
397808N1202893W001,801413,2002-03-26T00:00:00Z,4894.74,4894.54,0,57.2,4837.54,57.2,57,NA,Unknown,Water level accuracy is unknown,1,Department of Water Resources,NA,1,Department of Water Resources,780,940,20572,22N15E10B001M,Roberti Well,Unknown,Unknown,5-012.01,Sierra Valley,Plumas,945,Irrigation,Single Well,201846,1991-02-27 00:00:00 - 2020-04-24 12:00:00,120,spring,NA,NA,29.6,90.9,2002,NA,2001-10-01T00:00:00Z,2002-10-01T00:00:00Z,-120.289,39.7808
397808N1202893W001,801412,2001-10-18T00:00:00Z,4894.74,4894.54,0,102.5,4792.24,102.5,102.3,NA,Unknown,Water level accuracy is unknown,1,Department of Water Resources,NA,1,Department of Water Resources,475,740,20572,22N15E10B001M,Roberti Well,Unknown,Unknown,5-012.01,Sierra Valley,Plumas,945,Irrigation,Single Well,201846,1991-02-27 00:00:00 - 2020-04-24 12:00:00,120,fall,47.3,152.5,NA,NA,2002,NA,2001-10-01T00:00:00Z,2002-10-01T00:00:00Z,-120.289,39.7808
397808N1202893W001,801412,2001-10-18T00:00:00Z,4894.74,4894.54,0,102.5,4792.24,102.5,102.3,NA,Unknown,Water level accuracy is unknown,1,Department of Water Resources,NA,1,Department of Water Resources,780,940,20572,22N15E10B001M,Roberti Well,Unknown,Unknown,5-012.01,Sierra Valley,Plumas,945,Irrigation,Single Well,201846,1991-02-27 00:00:00 - 2020-04-24 12:00:00,120,fall,47.3,152.5,NA,NA,2002,NA,2001-10-01T00:00:00Z,2002-10-01T00:00:00Z,-120.289,39.7808
397808N1202893W001,801411,2001-03-27T00:00:00Z,4894.74,4894.54,0,45.9,4848.84,45.9,45.7,NA,Unknown,Water level accuracy is unknown,1,Department of Water Resources,NA,1,Department of Water Resources,475,740,20572,22N15E10B001M,Roberti Well,Unknown,Unknown,5-012.01,Sierra Valley,Plumas,945,Irrigation,Single Well,201846,1991-02-27 00:00:00 - 2020-04-24 12:00:00,120,spring,NA,NA,29.6,90.9,2001,Dry,2000-10-01T00:00:00Z,2001-10-01T00:00:00Z,-120.289,39.7808
397808N1202893W001,801411,2001-03-27T00:00:00Z,4894.74,4894.54,0,45.9,4848.84,45.9,45.7,NA,Unknown,Water level accuracy is unknown,1,Department of Water Resources,NA,1,Department of Water Resources,780,940,20572,22N15E10B001M,Roberti Well,Unknown,Unknown,5-012.01,Sierra Valley,Plumas,945,Irrigation,Single Well,201846,1991-02-27 00:00:00 - 2020-04-24 12:00:00,120,spring,NA,NA,29.6,90.9,2001,Dry,2000-10-01T00:00:00Z,2001-10-01T00:00:00Z,-120.289,39.7808
397808N1202893W001,801410,2000-10-18T00:00:00Z,4894.74,4894.54,0,70.6,4824.14,70.6,70.4,NA,Unknown,Water level accuracy is unknown,1,Department of Water Resources,NA,1,Department of Water Resources,475,740,20572,22N15E10B001M,Roberti Well,Unknown,Unknown,5-012.01,Sierra Valley,Plumas,945,Irrigation,Single Well,201846,1991-02-27 00:00:00 - 2020-04-24 12:00:00,120,fall,47.3,152.5,NA,NA,2001,Dry,2000-10-01T00:00:00Z,2001-10-01T00:00:00Z,-120.289,39.7808
397808N1202893W001,801410,2000-10-18T00:00:00Z,4894.74,4894.54,0,70.6,4824.14,70.6,70.4,NA,Unknown,Water level accuracy is unknown,1,Department of Water Resources,NA,1,Department of Water Resources,780,940,20572,22N15E10B001M,Roberti Well,Unknown,Unknown,5-012.01,Sierra Valley,Plumas,945,Irrigation,Single Well,201846,1991-02-27 00:00:00 - 2020-04-24 12:00:00,120,fall,47.3,152.5,NA,NA,2001,Dry,2000-10-01T00:00:00Z,2001-10-01T00:00:00Z,-120.289,39.7808
397808N1202893W001,801409,2000-03-26T00:00:00Z,4894.74,4894.54,0,34.4,4860.34,34.4,34.2,NA,Unknown,Water level accuracy is unknown,1,Department of Water Resources,NA,1,Department of Water Resources,475,740,20572,22N15E10B001M,Roberti Well,Unknown,Unknown,5-012.01,Sierra Valley,Plumas,945,Irrigation,Single Well,201846,1991-02-27 00:00:00 - 2020-04-24 12:00:00,120,spring,NA,NA,29.6,90.9,2000,NA,1999-10-01T00:00:00Z,2000-10-01T00:00:00Z,-120.289,39.7808
397808N1202893W001,801409,2000-03-26T00:00:00Z,4894.74,4894.54,0,34.4,4860.34,34.4,34.2,NA,Unknown,Water level accuracy is unknown,1,Department of Water Resources,NA,1,Department of Water Resources,780,940,20572,22N15E10B001M,Roberti Well,Unknown,Unknown,5-012.01,Sierra Valley,Plumas,945,Irrigation,Single Well,201846,1991-02-27 00:00:00 - 2020-04-24 12:00:00,120,spring,NA,NA,29.6,90.9,2000,NA,1999-10-01T00:00:00Z,2000-10-01T00:00:00Z,-120.289,39.7808
397808N1202893W001,801407,1999-10-12T00:00:00Z,4894.74,4894.54,0,59.8,4834.94,59.8,59.6,NA,Unknown,Water level accuracy is unknown,1,Department of Water Resources,NA,1,Department of Water Resources,475,740,20572,22N15E10B001M,Roberti Well,Unknown,Unknown,5-012.01,Sierra Valley,Plumas,945,Irrigation,Single Well,201846,1991-02-27 00:00:00 - 2020-04-24 12:00:00,120,fall,47.3,152.5,NA,NA,2000,NA,1999-10-01T00:00:00Z,2000-10-01T00:00:00Z,-120.289,39.7808
397808N1202893W001,801407,1999-10-12T00:00:00Z,4894.74,4894.54,0,59.8,4834.94,59.8,59.6,NA,Unknown,Water level accuracy is unknown,1,Department of Water Resources,NA,1,Department of Water Resources,780,940,20572,22N15E10B001M,Roberti Well,Unknown,Unknown,5-012.01,Sierra Valley,Plumas,945,Irrigation,Single Well,201846,1991-02-27 00:00:00 - 2020-04-24 12:00:00,120,fall,47.3,152.5,NA,NA,2000,NA,1999-10-01T00:00:00Z,2000-10-01T00:00:00Z,-120.289,39.7808
397808N1202893W001,801408,1999-04-13T00:00:00Z,4894.74,4894.54,0,29.8,4864.94,29.8,29.6,NA,Unknown,Water level accuracy is unknown,1,Department of Water Resources,NA,1,Department of Water Resources,475,740,20572,22N15E10B001M,Roberti Well,Unknown,Unknown,5-012.01,Sierra Valley,Plumas,945,Irrigation,Single Well,201846,1991-02-27 00:00:00 - 2020-04-24 12:00:00,120,spring,NA,NA,29.6,90.9,1999,NA,1998-10-01T00:00:00Z,1999-10-01T00:00:00Z,-120.289,39.7808
397808N1202893W001,801408,1999-04-13T00:00:00Z,4894.74,4894.54,0,29.8,4864.94,29.8,29.6,NA,Unknown,Water level accuracy is unknown,1,Department of Water Resources,NA,1,Department of Water Resources,780,940,20572,22N15E10B001M,Roberti Well,Unknown,Unknown,5-012.01,Sierra Valley,Plumas,945,Irrigation,Single Well,201846,1991-02-27 00:00:00 - 2020-04-24 12:00:00,120,spring,NA,NA,29.6,90.9,1999,NA,1998-10-01T00:00:00Z,1999-10-01T00:00:00Z,-120.289,39.7808
397808N1202893W001,801406,1998-10-13T00:00:00Z,4894.74,4894.54,0,47.5,4847.24,47.5,47.3,NA,Unknown,Water level accuracy is unknown,1,Department of Water Resources,NA,1,Department of Water Resources,475,740,20572,22N15E10B001M,Roberti Well,Unknown,Unknown,5-012.01,Sierra Valley,Plumas,945,Irrigation,Single Well,201846,1991-02-27 00:00:00 - 2020-04-24 12:00:00,120,fall,47.3,152.5,NA,NA,1999,NA,1998-10-01T00:00:00Z,1999-10-01T00:00:00Z,-120.289,39.7808
397808N1202893W001,801406,1998-10-13T00:00:00Z,4894.74,4894.54,0,47.5,4847.24,47.5,47.3,NA,Unknown,Water level accuracy is unknown,1,Department of Water Resources,NA,1,Department of Water Resources,780,940,20572,22N15E10B001M,Roberti Well,Unknown,Unknown,5-012.01,Sierra Valley,Plumas,945,Irrigation,Single Well,201846,1991-02-27 00:00:00 - 2020-04-24 12:00:00,120,fall,47.3,152.5,NA,NA,1999,NA,1998-10-01T00:00:00Z,1999-10-01T00:00:00Z,-120.289,39.7808
397808N1202893W001,801405,1998-05-14T00:00:00Z,4894.74,4894.54,0,32.9,4861.84,32.9,32.7,NA,Unknown,Water level accuracy is unknown,1,Department of Water Resources,NA,1,Department of Water Resources,475,740,20572,22N15E10B001M,Roberti Well,Unknown,Unknown,5-012.01,Sierra Valley,Plumas,945,Irrigation,Single Well,201846,1991-02-27 00:00:00 - 2020-04-24 12:00:00,120,spring,NA,NA,29.6,90.9,1998,NA,1997-10-01T00:00:00Z,1998-10-01T00:00:00Z,-120.289,39.7808
397808N1202893W001,801405,1998-05-14T00:00:00Z,4894.74,4894.54,0,32.9,4861.84,32.9,32.7,NA,Unknown,Water level accuracy is unknown,1,Department of Water Resources,NA,1,Department of Water Resources,780,940,20572,22N15E10B001M,Roberti Well,Unknown,Unknown,5-012.01,Sierra Valley,Plumas,945,Irrigation,Single Well,201846,1991-02-27 00:00:00 - 2020-04-24 12:00:00,120,spring,NA,NA,29.6,90.9,1998,NA,1997-10-01T00:00:00Z,1998-10-01T00:00:00Z,-120.289,39.7808
397808N1202893W001,801404,1997-10-16T00:00:00Z,4894.74,4894.54,0,58.7,4836.04,58.7,58.5,NA,Unknown,Water level accuracy is unknown,1,Department of Water Resources,NA,1,Department of Water Resources,475,740,20572,22N15E10B001M,Roberti Well,Unknown,Unknown,5-012.01,Sierra Valley,Plumas,945,Irrigation,Single Well,201846,1991-02-27 00:00:00 - 2020-04-24 12:00:00,120,fall,47.3,152.5,NA,NA,1998,NA,1997-10-01T00:00:00Z,1998-10-01T00:00:00Z,-120.289,39.7808
397808N1202893W001,801404,1997-10-16T00:00:00Z,4894.74,4894.54,0,58.7,4836.04,58.7,58.5,NA,Unknown,Water level accuracy is unknown,1,Department of Water Resources,NA,1,Department of Water Resources,780,940,20572,22N15E10B001M,Roberti Well,Unknown,Unknown,5-012.01,Sierra Valley,Plumas,945,Irrigation,Single Well,201846,1991-02-27 00:00:00 - 2020-04-24 12:00:00,120,fall,47.3,152.5,NA,NA,1998,NA,1997-10-01T00:00:00Z,1998-10-01T00:00:00Z,-120.289,39.7808
397808N1202893W001,801403,1997-04-05T00:00:00Z,4894.74,4894.54,0,33,4861.74,33,32.8,NA,Unknown,Water level accuracy is unknown,1,Department of Water Resources,NA,1,Department of Water Resources,475,740,20572,22N15E10B001M,Roberti Well,Unknown,Unknown,5-012.01,Sierra Valley,Plumas,945,Irrigation,Single Well,201846,1991-02-27 00:00:00 - 2020-04-24 12:00:00,120,spring,NA,NA,29.6,90.9,1997,NA,1996-10-01T00:00:00Z,1997-10-01T00:00:00Z,-120.289,39.7808
397808N1202893W001,801403,1997-04-05T00:00:00Z,4894.74,4894.54,0,33,4861.74,33,32.8,NA,Unknown,Water level accuracy is unknown,1,Department of Water Resources,NA,1,Department of Water Resources,780,940,20572,22N15E10B001M,Roberti Well,Unknown,Unknown,5-012.01,Sierra Valley,Plumas,945,Irrigation,Single Well,201846,1991-02-27 00:00:00 - 2020-04-24 12:00:00,120,spring,NA,NA,29.6,90.9,1997,NA,1996-10-01T00:00:00Z,1997-10-01T00:00:00Z,-120.289,39.7808
397808N1202893W001,801391,1996-10-29T00:00:00Z,4894.74,4894.54,0,47.5,4847.24,47.5,47.3,NA,Unknown,Water level accuracy is unknown,1,Department of Water Resources,NA,1,Department of Water Resources,475,740,20572,22N15E10B001M,Roberti Well,Unknown,Unknown,5-012.01,Sierra Valley,Plumas,945,Irrigation,Single Well,201846,1991-02-27 00:00:00 - 2020-04-24 12:00:00,120,fall,47.3,152.5,NA,NA,1997,NA,1996-10-01T00:00:00Z,1997-10-01T00:00:00Z,-120.289,39.7808
397808N1202893W001,801391,1996-10-29T00:00:00Z,4894.74,4894.54,0,47.5,4847.24,47.5,47.3,NA,Unknown,Water level accuracy is unknown,1,Department of Water Resources,NA,1,Department of Water Resources,780,940,20572,22N15E10B001M,Roberti Well,Unknown,Unknown,5-012.01,Sierra Valley,Plumas,945,Irrigation,Single Well,201846,1991-02-27 00:00:00 - 2020-04-24 12:00:00,120,fall,47.3,152.5,NA,NA,1997,NA,1996-10-01T00:00:00Z,1997-10-01T00:00:00Z,-120.289,39.7808
397808N1202893W001,801402,1996-05-07T00:00:00Z,4894.74,4894.54,0,35.1,4859.64,35.1,34.9,NA,Unknown,Water level accuracy is unknown,1,Department of Water Resources,NA,1,Department of Water Resources,475,740,20572,22N15E10B001M,Roberti Well,Unknown,Unknown,5-012.01,Sierra Valley,Plumas,945,Irrigation,Single Well,201846,1991-02-27 00:00:00 - 2020-04-24 12:00:00,120,spring,NA,NA,29.6,90.9,1996,NA,1995-10-01T00:00:00Z,1996-10-01T00:00:00Z,-120.289,39.7808
397808N1202893W001,801402,1996-05-07T00:00:00Z,4894.74,4894.54,0,35.1,4859.64,35.1,34.9,NA,Unknown,Water level accuracy is unknown,1,Department of Water Resources,NA,1,Department of Water Resources,780,940,20572,22N15E10B001M,Roberti Well,Unknown,Unknown,5-012.01,Sierra Valley,Plumas,945,Irrigation,Single Well,201846,1991-02-27 00:00:00 - 2020-04-24 12:00:00,120,spring,NA,NA,29.6,90.9,1996,NA,1995-10-01T00:00:00Z,1996-10-01T00:00:00Z,-120.289,39.7808
397808N1202893W001,801401,1995-10-23T00:00:00Z,4894.74,4894.54,0,52.7,4842.04,52.7,52.5,NA,Unknown,Water level accuracy is unknown,1,Department of Water Resources,NA,1,Department of Water Resources,475,740,20572,22N15E10B001M,Roberti Well,Unknown,Unknown,5-012.01,Sierra Valley,Plumas,945,Irrigation,Single Well,201846,1991-02-27 00:00:00 - 2020-04-24 12:00:00,120,fall,47.3,152.5,NA,NA,1996,NA,1995-10-01T00:00:00Z,1996-10-01T00:00:00Z,-120.289,39.7808
397808N1202893W001,801401,1995-10-23T00:00:00Z,4894.74,4894.54,0,52.7,4842.04,52.7,52.5,NA,Unknown,Water level accuracy is unknown,1,Department of Water Resources,NA,1,Department of Water Resources,780,940,20572,22N15E10B001M,Roberti Well,Unknown,Unknown,5-012.01,Sierra Valley,Plumas,945,Irrigation,Single Well,201846,1991-02-27 00:00:00 - 2020-04-24 12:00:00,120,fall,47.3,152.5,NA,NA,1996,NA,1995-10-01T00:00:00Z,1996-10-01T00:00:00Z,-120.289,39.7808
397808N1202893W001,801400,1995-05-31T00:00:00Z,4894.74,4894.54,0,45.8,4848.94,45.8,45.6,NA,Unknown,Water level accuracy is unknown,1,Department of Water Resources,NA,1,Department of Water Resources,475,740,20572,22N15E10B001M,Roberti Well,Unknown,Unknown,5-012.01,Sierra Valley,Plumas,945,Irrigation,Single Well,201846,1991-02-27 00:00:00 - 2020-04-24 12:00:00,120,spring,NA,NA,29.6,90.9,1995,Wet,1994-10-01T00:00:00Z,1995-10-01T00:00:00Z,-120.289,39.7808
397808N1202893W001,801400,1995-05-31T00:00:00Z,4894.74,4894.54,0,45.8,4848.94,45.8,45.6,NA,Unknown,Water level accuracy is unknown,1,Department of Water Resources,NA,1,Department of Water Resources,780,940,20572,22N15E10B001M,Roberti Well,Unknown,Unknown,5-012.01,Sierra Valley,Plumas,945,Irrigation,Single Well,201846,1991-02-27 00:00:00 - 2020-04-24 12:00:00,120,spring,NA,NA,29.6,90.9,1995,Wet,1994-10-01T00:00:00Z,1995-10-01T00:00:00Z,-120.289,39.7808
397808N1202893W001,801399,1994-10-28T00:00:00Z,4894.74,4894.54,0,75,4819.74,75,74.8,NA,Unknown,Water level accuracy is unknown,1,Department of Water Resources,NA,1,Department of Water Resources,475,740,20572,22N15E10B001M,Roberti Well,Unknown,Unknown,5-012.01,Sierra Valley,Plumas,945,Irrigation,Single Well,201846,1991-02-27 00:00:00 - 2020-04-24 12:00:00,120,fall,47.3,152.5,NA,NA,1995,Wet,1994-10-01T00:00:00Z,1995-10-01T00:00:00Z,-120.289,39.7808
397808N1202893W001,801399,1994-10-28T00:00:00Z,4894.74,4894.54,0,75,4819.74,75,74.8,NA,Unknown,Water level accuracy is unknown,1,Department of Water Resources,NA,1,Department of Water Resources,780,940,20572,22N15E10B001M,Roberti Well,Unknown,Unknown,5-012.01,Sierra Valley,Plumas,945,Irrigation,Single Well,201846,1991-02-27 00:00:00 - 2020-04-24 12:00:00,120,fall,47.3,152.5,NA,NA,1995,Wet,1994-10-01T00:00:00Z,1995-10-01T00:00:00Z,-120.289,39.7808
397808N1202893W001,801398,1994-03-28T00:00:00Z,4894.74,4894.54,0,44.2,4850.54,44.2,44,NA,Unknown,Water level accuracy is unknown,1,Department of Water Resources,NA,1,Department of Water Resources,475,740,20572,22N15E10B001M,Roberti Well,Unknown,Unknown,5-012.01,Sierra Valley,Plumas,945,Irrigation,Single Well,201846,1991-02-27 00:00:00 - 2020-04-24 12:00:00,120,spring,NA,NA,29.6,90.9,1994,Dry,1993-10-01T00:00:00Z,1994-10-01T00:00:00Z,-120.289,39.7808
397808N1202893W001,801398,1994-03-28T00:00:00Z,4894.74,4894.54,0,44.2,4850.54,44.2,44,NA,Unknown,Water level accuracy is unknown,1,Department of Water Resources,NA,1,Department of Water Resources,780,940,20572,22N15E10B001M,Roberti Well,Unknown,Unknown,5-012.01,Sierra Valley,Plumas,945,Irrigation,Single Well,201846,1991-02-27 00:00:00 - 2020-04-24 12:00:00,120,spring,NA,NA,29.6,90.9,1994,Dry,1993-10-01T00:00:00Z,1994-10-01T00:00:00Z,-120.289,39.7808
397808N1202893W001,801397,1993-10-21T00:00:00Z,4894.74,4894.54,0,67.8,4826.94,67.8,67.6,NA,Unknown,Water level accuracy is unknown,1,Department of Water Resources,NA,1,Department of Water Resources,475,740,20572,22N15E10B001M,Roberti Well,Unknown,Unknown,5-012.01,Sierra Valley,Plumas,945,Irrigation,Single Well,201846,1991-02-27 00:00:00 - 2020-04-24 12:00:00,120,fall,47.3,152.5,NA,NA,1994,Dry,1993-10-01T00:00:00Z,1994-10-01T00:00:00Z,-120.289,39.7808
397808N1202893W001,801397,1993-10-21T00:00:00Z,4894.74,4894.54,0,67.8,4826.94,67.8,67.6,NA,Unknown,Water level accuracy is unknown,1,Department of Water Resources,NA,1,Department of Water Resources,780,940,20572,22N15E10B001M,Roberti Well,Unknown,Unknown,5-012.01,Sierra Valley,Plumas,945,Irrigation,Single Well,201846,1991-02-27 00:00:00 - 2020-04-24 12:00:00,120,fall,47.3,152.5,NA,NA,1994,Dry,1993-10-01T00:00:00Z,1994-10-01T00:00:00Z,-120.289,39.7808
397808N1202893W001,801396,1993-04-21T00:00:00Z,4894.74,4894.54,0,49.3,4845.44,49.3,49.1,NA,Unknown,Water level accuracy is unknown,1,Department of Water Resources,NA,1,Department of Water Resources,475,740,20572,22N15E10B001M,Roberti Well,Unknown,Unknown,5-012.01,Sierra Valley,Plumas,945,Irrigation,Single Well,201846,1991-02-27 00:00:00 - 2020-04-24 12:00:00,120,spring,NA,NA,29.6,90.9,1993,NA,1992-10-01T00:00:00Z,1993-10-01T00:00:00Z,-120.289,39.7808
397808N1202893W001,801396,1993-04-21T00:00:00Z,4894.74,4894.54,0,49.3,4845.44,49.3,49.1,NA,Unknown,Water level accuracy is unknown,1,Department of Water Resources,NA,1,Department of Water Resources,780,940,20572,22N15E10B001M,Roberti Well,Unknown,Unknown,5-012.01,Sierra Valley,Plumas,945,Irrigation,Single Well,201846,1991-02-27 00:00:00 - 2020-04-24 12:00:00,120,spring,NA,NA,29.6,90.9,1993,NA,1992-10-01T00:00:00Z,1993-10-01T00:00:00Z,-120.289,39.7808
397808N1202893W001,801395,1992-10-20T00:00:00Z,4894.74,4894.54,0,80.2,4814.54,80.2,80,NA,Unknown,Water level accuracy is unknown,1,Department of Water Resources,NA,1,Department of Water Resources,475,740,20572,22N15E10B001M,Roberti Well,Unknown,Unknown,5-012.01,Sierra Valley,Plumas,945,Irrigation,Single Well,201846,1991-02-27 00:00:00 - 2020-04-24 12:00:00,120,fall,47.3,152.5,NA,NA,1993,NA,1992-10-01T00:00:00Z,1993-10-01T00:00:00Z,-120.289,39.7808
397808N1202893W001,801395,1992-10-20T00:00:00Z,4894.74,4894.54,0,80.2,4814.54,80.2,80,NA,Unknown,Water level accuracy is unknown,1,Department of Water Resources,NA,1,Department of Water Resources,780,940,20572,22N15E10B001M,Roberti Well,Unknown,Unknown,5-012.01,Sierra Valley,Plumas,945,Irrigation,Single Well,201846,1991-02-27 00:00:00 - 2020-04-24 12:00:00,120,fall,47.3,152.5,NA,NA,1993,NA,1992-10-01T00:00:00Z,1993-10-01T00:00:00Z,-120.289,39.7808
397808N1202893W001,801394,1992-03-24T00:00:00Z,4894.74,4894.54,0,47.3,4847.44,47.3,47.1,NA,Unknown,Water level accuracy is unknown,1,Department of Water Resources,NA,1,Department of Water Resources,475,740,20572,22N15E10B001M,Roberti Well,Unknown,Unknown,5-012.01,Sierra Valley,Plumas,945,Irrigation,Single Well,201846,1991-02-27 00:00:00 - 2020-04-24 12:00:00,120,spring,NA,NA,29.6,90.9,1992,NA,1991-10-01T00:00:00Z,1992-10-01T00:00:00Z,-120.289,39.7808
397808N1202893W001,801394,1992-03-24T00:00:00Z,4894.74,4894.54,0,47.3,4847.44,47.3,47.1,NA,Unknown,Water level accuracy is unknown,1,Department of Water Resources,NA,1,Department of Water Resources,780,940,20572,22N15E10B001M,Roberti Well,Unknown,Unknown,5-012.01,Sierra Valley,Plumas,945,Irrigation,Single Well,201846,1991-02-27 00:00:00 - 2020-04-24 12:00:00,120,spring,NA,NA,29.6,90.9,1992,NA,1991-10-01T00:00:00Z,1992-10-01T00:00:00Z,-120.289,39.7808
397808N1202893W001,801393,1991-10-22T00:00:00Z,4894.74,4894.54,0,69.8,4824.94,69.8,69.6,NA,Unknown,Water level accuracy is unknown,1,Department of Water Resources,NA,1,Department of Water Resources,475,740,20572,22N15E10B001M,Roberti Well,Unknown,Unknown,5-012.01,Sierra Valley,Plumas,945,Irrigation,Single Well,201846,1991-02-27 00:00:00 - 2020-04-24 12:00:00,120,fall,47.3,152.5,NA,NA,1992,NA,1991-10-01T00:00:00Z,1992-10-01T00:00:00Z,-120.289,39.7808
397808N1202893W001,801393,1991-10-22T00:00:00Z,4894.74,4894.54,0,69.8,4824.94,69.8,69.6,NA,Unknown,Water level accuracy is unknown,1,Department of Water Resources,NA,1,Department of Water Resources,780,940,20572,22N15E10B001M,Roberti Well,Unknown,Unknown,5-012.01,Sierra Valley,Plumas,945,Irrigation,Single Well,201846,1991-02-27 00:00:00 - 2020-04-24 12:00:00,120,fall,47.3,152.5,NA,NA,1992,NA,1991-10-01T00:00:00Z,1992-10-01T00:00:00Z,-120.289,39.7808
397808N1202893W001,801392,1991-02-27T00:00:00Z,4894.74,4894.54,0,45.3,4849.44,45.3,45.1,NA,Unknown,Water level accuracy is unknown,1,Department of Water Resources,NA,1,Department of Water Resources,475,740,20572,22N15E10B001M,Roberti Well,Unknown,Unknown,5-012.01,Sierra Valley,Plumas,945,Irrigation,Single Well,201846,1991-02-27 00:00:00 - 2020-04-24 12:00:00,120,other,NA,NA,NA,NA,1991,NA,1990-10-01T00:00:00Z,1991-10-01T00:00:00Z,-120.289,39.7808
397808N1202893W001,801392,1991-02-27T00:00:00Z,4894.74,4894.54,0,45.3,4849.44,45.3,45.1,NA,Unknown,Water level accuracy is unknown,1,Department of Water Resources,NA,1,Department of Water Resources,780,940,20572,22N15E10B001M,Roberti Well,Unknown,Unknown,5-012.01,Sierra Valley,Plumas,945,Irrigation,Single Well,201846,1991-02-27 00:00:00 - 2020-04-24 12:00:00,120,other,NA,NA,NA,NA,1991,NA,1990-10-01T00:00:00Z,1991-10-01T00:00:00Z,-120.289,39.7808
