SITE_CODE,WLM_ID,MSMT_DATE,WLM_RPE,WLM_GSE,RDNG_WS,RDNG_RP,WSE,RPE_WSE,GSE_WSE,WLM_QA_DESC,WLM_DESC,WLM_ACC_DESC,WLM_ORG_ID,WLM_ORG_NAME,MSMT_CMT,COOP_AGENCY_ORG_ID,COOP_ORG_NAME,TOP_PRF,BOT_PRF,STN_ID,SWN,WELL_NAME,WLM_METHOD,WLM_ACC,BASIN_CODE,BASIN_NAME,COUNTY_NAME,WELL_DEPTH,WELL_USE,WELL_TYPE,WCR_NO,t_range,n_samples,season,fall_high,fall_low,spring_high,spring_low,water_year,water_year_type,water_year_start,water_year_end,X,Y
397831N1202245W001,2620116,2020-04-24T12:00:00Z,4911.58,4911.58,40.4,105,4846.98,64.6,64.6,NA,Steel tape measurement,Water level accuracy to nearest tenth of a foot,1,Department of Water Resources,NA,1,Department of Water Resources,589,816,20712,22N16E06R002M,22N16E06R002M,Unknown,Unknown,5-012.01,Sierra Valley,Plumas,816,Irrigation,Single Well,72934,1981-04-11 00:00:00 - 2020-04-24 12:00:00,87,spring,NA,NA,19.4,89.8,2020,Dry,2019-10-01T00:00:00Z,2020-10-01T00:00:00Z,-120.225,39.7831
397831N1202245W001,2493720,2019-10-24T12:00:00Z,4911.58,4911.58,22.3,125,4808.88,102.7,102.7,NA,Steel tape measurement,Water level accuracy to nearest tenth of a foot,1,Department of Water Resources,NA,1,Department of Water Resources,589,816,20712,22N16E06R002M,22N16E06R002M,Unknown,Unknown,5-012.01,Sierra Valley,Plumas,816,Irrigation,Single Well,72934,1981-04-11 00:00:00 - 2020-04-24 12:00:00,87,fall,44,153.5,NA,NA,2020,Dry,2019-10-01T00:00:00Z,2020-10-01T00:00:00Z,-120.225,39.7831
397831N1202245W001,2415025,2018-10-24T12:00:00Z,4911.58,4911.58,26.1,140,4797.68,113.9,113.9,NA,Steel tape measurement,Water level accuracy to nearest tenth of a foot,1,Department of Water Resources,NA,1,Department of Water Resources,589,816,20712,22N16E06R002M,22N16E06R002M,Unknown,Unknown,5-012.01,Sierra Valley,Plumas,816,Irrigation,Single Well,72934,1981-04-11 00:00:00 - 2020-04-24 12:00:00,87,fall,44,153.5,NA,NA,2019,Wet,2018-10-01T00:00:00Z,2019-10-01T00:00:00Z,-120.225,39.7831
397831N1202245W001,2285964,2018-04-02T12:00:00Z,4911.58,4911.58,10.2,100,4821.78,89.8,89.8,NA,Steel tape measurement,Water level accuracy to nearest tenth of a foot,1,Department of Water Resources,NA,1,Department of Water Resources,589,816,20712,22N16E06R002M,22N16E06R002M,Unknown,Unknown,5-012.01,Sierra Valley,Plumas,816,Irrigation,Single Well,72934,1981-04-11 00:00:00 - 2020-04-24 12:00:00,87,spring,NA,NA,19.4,89.8,2018,NA,2017-10-01T00:00:00Z,2018-10-01T00:00:00Z,-120.225,39.7831
397831N1202245W001,2268004,2017-10-17T00:00:00Z,4911.58,4911.58,31.9,151,4792.48,119.1,119.1,NA,Steel tape measurement,Water level accuracy to nearest tenth of a foot,1,Department of Water Resources,NA,1,Department of Water Resources,589,816,20712,22N16E06R002M,22N16E06R002M,Unknown,Unknown,5-012.01,Sierra Valley,Plumas,816,Irrigation,Single Well,72934,1981-04-11 00:00:00 - 2020-04-24 12:00:00,87,fall,44,153.5,NA,NA,2018,NA,2017-10-01T00:00:00Z,2018-10-01T00:00:00Z,-120.225,39.7831
397831N1202245W001,2214122,2016-10-24T00:00:00Z,4911.58,4911.58,19.4,160,4770.98,140.6,140.6,NA,Steel tape measurement,Water level accuracy to nearest tenth of a foot,1,Department of Water Resources,NA,1,Department of Water Resources,589,816,20712,22N16E06R002M,22N16E06R002M,Unknown,Unknown,5-012.01,Sierra Valley,Plumas,816,Irrigation,Single Well,72934,1981-04-11 00:00:00 - 2020-04-24 12:00:00,87,fall,44,153.5,NA,NA,2017,Wet,2016-10-01T00:00:00Z,2017-10-01T00:00:00Z,-120.225,39.7831
397831N1202245W001,2184588,2016-03-21T00:00:00Z,4911.58,4911.58,12.5,101,4823.08,88.5,88.5,Oil or foreign substance in casing,Steel tape measurement,Water level accuracy to nearest tenth of a foot,1,Department of Water Resources,NA,1,Department of Water Resources,589,816,20712,22N16E06R002M,22N16E06R002M,Unknown,Unknown,5-012.01,Sierra Valley,Plumas,816,Irrigation,Single Well,72934,1981-04-11 00:00:00 - 2020-04-24 12:00:00,87,spring,NA,NA,19.4,89.8,2016,NA,2015-10-01T00:00:00Z,2016-10-01T00:00:00Z,-120.225,39.7831
397831N1202245W001,2157062,2015-10-19T00:00:00Z,4911.58,4911.58,8.6,160,4760.18,151.4,151.4,NA,Steel tape measurement,Water level accuracy to nearest tenth of a foot,1,Department of Water Resources,NA,1,Department of Water Resources,589,816,20712,22N16E06R002M,22N16E06R002M,Unknown,Unknown,5-012.01,Sierra Valley,Plumas,816,Irrigation,Single Well,72934,1981-04-11 00:00:00 - 2020-04-24 12:00:00,87,fall,44,153.5,NA,NA,2016,NA,2015-10-01T00:00:00Z,2016-10-01T00:00:00Z,-120.225,39.7831
397831N1202245W001,2119774,2015-03-23T00:00:00Z,4911.58,4911.58,14.7,100,4826.28,85.3,85.3,Oil or foreign substance in casing,Steel tape measurement,Water level accuracy to nearest tenth of a foot,1,Department of Water Resources,NA,1,Department of Water Resources,589,816,20712,22N16E06R002M,22N16E06R002M,Unknown,Unknown,5-012.01,Sierra Valley,Plumas,816,Irrigation,Single Well,72934,1981-04-11 00:00:00 - 2020-04-24 12:00:00,87,spring,NA,NA,19.4,89.8,2015,NA,2014-10-01T00:00:00Z,2015-10-01T00:00:00Z,-120.225,39.7831
397831N1202245W001,2020289,2014-10-20T12:00:00Z,4911.58,4911.58,6.5,160,4758.08,153.5,153.5,NA,Steel tape measurement,Water level accuracy to nearest tenth of a foot,1,Department of Water Resources,NA,1,Department of Water Resources,589,816,20712,22N16E06R002M,22N16E06R002M,Unknown,Unknown,5-012.01,Sierra Valley,Plumas,816,Irrigation,Single Well,72934,1981-04-11 00:00:00 - 2020-04-24 12:00:00,87,fall,44,153.5,NA,NA,2015,NA,2014-10-01T00:00:00Z,2015-10-01T00:00:00Z,-120.225,39.7831
397831N1202245W001,1880772,2014-03-14T00:00:00Z,4911.58,4911.58,26.5,104,4834.08,77.5,77.5,NA,Steel tape measurement,Water level accuracy to nearest tenth of a foot,1,Department of Water Resources,NA,1,Department of Water Resources,589,816,20712,22N16E06R002M,22N16E06R002M,Unknown,Unknown,5-012.01,Sierra Valley,Plumas,816,Irrigation,Single Well,72934,1981-04-11 00:00:00 - 2020-04-24 12:00:00,87,spring,NA,NA,19.4,89.8,2014,NA,2013-10-01T00:00:00Z,2014-10-01T00:00:00Z,-120.225,39.7831
397831N1202245W001,1797114,2013-10-21T00:00:00Z,4911.58,4911.58,0,150,4761.58,150,150,NA,Steel tape measurement,Water level accuracy to nearest tenth of a foot,1,Department of Water Resources,NA,1,Department of Water Resources,589,816,20712,22N16E06R002M,22N16E06R002M,Unknown,Unknown,5-012.01,Sierra Valley,Plumas,816,Irrigation,Single Well,72934,1981-04-11 00:00:00 - 2020-04-24 12:00:00,87,fall,44,153.5,NA,NA,2014,NA,2013-10-01T00:00:00Z,2014-10-01T00:00:00Z,-120.225,39.7831
397831N1202245W001,1684433,2013-03-25T00:00:00Z,4911.58,4911.58,12.6,85,4839.18,72.4,72.4,NA,Steel tape measurement,Water level accuracy to nearest tenth of a foot,1,Department of Water Resources,NA,1,Department of Water Resources,589,816,20712,22N16E06R002M,22N16E06R002M,Unknown,Unknown,5-012.01,Sierra Valley,Plumas,816,Irrigation,Single Well,72934,1981-04-11 00:00:00 - 2020-04-24 12:00:00,87,spring,NA,NA,19.4,89.8,2013,Dry,2012-10-01T00:00:00Z,2013-10-01T00:00:00Z,-120.225,39.7831
397831N1202245W001,69374,2012-10-30T00:00:00Z,4911.58,4911.58,13.6,130,4795.18,116.4,116.4,NA,Steel tape measurement,Water level accuracy to nearest tenth of a foot,1,Department of Water Resources,NA,1,Department of Water Resources,589,816,20712,22N16E06R002M,22N16E06R002M,Unknown,Unknown,5-012.01,Sierra Valley,Plumas,816,Irrigation,Single Well,72934,1981-04-11 00:00:00 - 2020-04-24 12:00:00,87,fall,44,153.5,NA,NA,2013,Dry,2012-10-01T00:00:00Z,2013-10-01T00:00:00Z,-120.225,39.7831
397831N1202245W001,59956,2012-04-17T00:00:00Z,4911.58,4911.58,7,75,4843.58,68,68,NA,Steel tape measurement,Water level accuracy to nearest tenth of a foot,1,Department of Water Resources,NA,1,Department of Water Resources,589,816,20712,22N16E06R002M,22N16E06R002M,Unknown,Unknown,5-012.01,Sierra Valley,Plumas,816,Irrigation,Single Well,72934,1981-04-11 00:00:00 - 2020-04-24 12:00:00,87,spring,NA,NA,19.4,89.8,2012,NA,2011-10-01T00:00:00Z,2012-10-01T00:00:00Z,-120.225,39.7831
397831N1202245W001,39804,2011-10-18T00:00:00Z,4911.58,4911.58,0,118.7,4792.88,118.7,118.7,NA,Steel tape measurement,Water level accuracy to nearest tenth of a foot,1,Department of Water Resources,NA,1,Department of Water Resources,589,816,20712,22N16E06R002M,22N16E06R002M,Unknown,Unknown,5-012.01,Sierra Valley,Plumas,816,Irrigation,Single Well,72934,1981-04-11 00:00:00 - 2020-04-24 12:00:00,87,fall,44,153.5,NA,NA,2012,NA,2011-10-01T00:00:00Z,2012-10-01T00:00:00Z,-120.225,39.7831
397831N1202245W001,1770532,2011-10-18T00:00:00Z,4911.58,4911.58,0,118.7,4792.88,118.7,118.7,NA,Unknown,Water level accuracy is unknown,1,Department of Water Resources,NA,1,Department of Water Resources,589,816,20712,22N16E06R002M,22N16E06R002M,Unknown,Unknown,5-012.01,Sierra Valley,Plumas,816,Irrigation,Single Well,72934,1981-04-11 00:00:00 - 2020-04-24 12:00:00,87,fall,44,153.5,NA,NA,2012,NA,2011-10-01T00:00:00Z,2012-10-01T00:00:00Z,-120.225,39.7831
397831N1202245W001,1770531,2011-04-25T00:00:00Z,4911.58,4911.58,0,69.8,4841.78,69.8,69.8,NA,Unknown,Water level accuracy is unknown,1,Department of Water Resources,NA,1,Department of Water Resources,589,816,20712,22N16E06R002M,22N16E06R002M,Unknown,Unknown,5-012.01,Sierra Valley,Plumas,816,Irrigation,Single Well,72934,1981-04-11 00:00:00 - 2020-04-24 12:00:00,87,spring,NA,NA,19.4,89.8,2011,Wet,2010-10-01T00:00:00Z,2011-10-01T00:00:00Z,-120.225,39.7831
397831N1202245W001,1770530,2010-10-25T00:00:00Z,4911.58,4911.58,0,114.1,4797.48,114.1,114.1,NA,Unknown,Water level accuracy is unknown,1,Department of Water Resources,NA,1,Department of Water Resources,589,816,20712,22N16E06R002M,22N16E06R002M,Unknown,Unknown,5-012.01,Sierra Valley,Plumas,816,Irrigation,Single Well,72934,1981-04-11 00:00:00 - 2020-04-24 12:00:00,87,fall,44,153.5,NA,NA,2011,Wet,2010-10-01T00:00:00Z,2011-10-01T00:00:00Z,-120.225,39.7831
397831N1202245W001,1770529,2010-04-06T00:00:00Z,4911.58,4911.58,0,71.1,4840.48,71.1,71.1,NA,Unknown,Water level accuracy is unknown,1,Department of Water Resources,NA,1,Department of Water Resources,589,816,20712,22N16E06R002M,22N16E06R002M,Unknown,Unknown,5-012.01,Sierra Valley,Plumas,816,Irrigation,Single Well,72934,1981-04-11 00:00:00 - 2020-04-24 12:00:00,87,spring,NA,NA,19.4,89.8,2010,NA,2009-10-01T00:00:00Z,2010-10-01T00:00:00Z,-120.225,39.7831
397831N1202245W001,1770528,2009-10-27T00:00:00Z,4911.58,4911.58,0,122.3,4789.28,122.3,122.3,NA,Unknown,Water level accuracy is unknown,1,Department of Water Resources,NA,1,Department of Water Resources,589,816,20712,22N16E06R002M,22N16E06R002M,Unknown,Unknown,5-012.01,Sierra Valley,Plumas,816,Irrigation,Single Well,72934,1981-04-11 00:00:00 - 2020-04-24 12:00:00,87,fall,44,153.5,NA,NA,2010,NA,2009-10-01T00:00:00Z,2010-10-01T00:00:00Z,-120.225,39.7831
397831N1202245W001,1770526,2008-10-28T00:00:00Z,4911.58,4911.58,0,130.5,4781.08,130.5,130.5,NA,Unknown,Water level accuracy is unknown,1,Department of Water Resources,NA,1,Department of Water Resources,589,816,20712,22N16E06R002M,22N16E06R002M,Unknown,Unknown,5-012.01,Sierra Valley,Plumas,816,Irrigation,Single Well,72934,1981-04-11 00:00:00 - 2020-04-24 12:00:00,87,fall,44,153.5,NA,NA,2009,NA,2008-10-01T00:00:00Z,2009-10-01T00:00:00Z,-120.225,39.7831
397831N1202245W001,1770525,2007-10-25T00:00:00Z,4911.58,4911.58,0,129.9,4781.68,129.9,129.9,NA,Unknown,Water level accuracy is unknown,1,Department of Water Resources,NA,1,Department of Water Resources,589,816,20712,22N16E06R002M,22N16E06R002M,Unknown,Unknown,5-012.01,Sierra Valley,Plumas,816,Irrigation,Single Well,72934,1981-04-11 00:00:00 - 2020-04-24 12:00:00,87,fall,44,153.5,NA,NA,2008,NA,2007-10-01T00:00:00Z,2008-10-01T00:00:00Z,-120.225,39.7831
397831N1202245W001,1770520,2005-10-26T00:00:00Z,4911.58,4911.58,0,104.8,4806.78,104.8,104.8,Oil or foreign substance in casing,Unknown,Water level accuracy is unknown,1,Department of Water Resources,NA,1,Department of Water Resources,589,816,20712,22N16E06R002M,22N16E06R002M,Unknown,Unknown,5-012.01,Sierra Valley,Plumas,816,Irrigation,Single Well,72934,1981-04-11 00:00:00 - 2020-04-24 12:00:00,87,fall,44,153.5,NA,NA,2006,Wet,2005-10-01T00:00:00Z,2006-10-01T00:00:00Z,-120.225,39.7831
397831N1202245W001,1770518,2004-10-14T00:00:00Z,4911.58,4911.58,0,124.6,4786.98,124.6,124.6,NA,Unknown,Water level accuracy is unknown,1,Department of Water Resources,NA,1,Department of Water Resources,589,816,20712,22N16E06R002M,22N16E06R002M,Unknown,Unknown,5-012.01,Sierra Valley,Plumas,816,Irrigation,Single Well,72934,1981-04-11 00:00:00 - 2020-04-24 12:00:00,87,fall,44,153.5,NA,NA,2005,NA,2004-10-01T00:00:00Z,2005-10-01T00:00:00Z,-120.225,39.7831
397831N1202245W001,1770517,2004-04-07T00:00:00Z,4911.58,4911.58,0,69,4842.58,69,69,Oil or foreign substance in casing,Unknown,Water level accuracy is unknown,1,Department of Water Resources,NA,1,Department of Water Resources,589,816,20712,22N16E06R002M,22N16E06R002M,Unknown,Unknown,5-012.01,Sierra Valley,Plumas,816,Irrigation,Single Well,72934,1981-04-11 00:00:00 - 2020-04-24 12:00:00,87,spring,NA,NA,19.4,89.8,2004,NA,2003-10-01T00:00:00Z,2004-10-01T00:00:00Z,-120.225,39.7831
397831N1202245W001,1770516,2003-10-29T00:00:00Z,4911.58,4911.58,0,111.8,4799.78,111.8,111.8,Oil or foreign substance in casing,Unknown,Water level accuracy is unknown,1,Department of Water Resources,NA,1,Department of Water Resources,589,816,20712,22N16E06R002M,22N16E06R002M,Unknown,Unknown,5-012.01,Sierra Valley,Plumas,816,Irrigation,Single Well,72934,1981-04-11 00:00:00 - 2020-04-24 12:00:00,87,fall,44,153.5,NA,NA,2004,NA,2003-10-01T00:00:00Z,2004-10-01T00:00:00Z,-120.225,39.7831
397831N1202245W001,1770515,2003-03-28T00:00:00Z,4911.58,4911.58,0,60.1,4851.48,60.1,60.1,NA,Unknown,Water level accuracy is unknown,1,Department of Water Resources,NA,1,Department of Water Resources,589,816,20712,22N16E06R002M,22N16E06R002M,Unknown,Unknown,5-012.01,Sierra Valley,Plumas,816,Irrigation,Single Well,72934,1981-04-11 00:00:00 - 2020-04-24 12:00:00,87,spring,NA,NA,19.4,89.8,2003,NA,2002-10-01T00:00:00Z,2003-10-01T00:00:00Z,-120.225,39.7831
397831N1202245W001,1770514,2002-10-22T00:00:00Z,4911.58,4911.58,0,111.4,4800.18,111.4,111.4,Other,Unknown,Water level accuracy is unknown,1,Department of Water Resources,NUMEROUS BEES IN CASING,1,Department of Water Resources,589,816,20712,22N16E06R002M,22N16E06R002M,Unknown,Unknown,5-012.01,Sierra Valley,Plumas,816,Irrigation,Single Well,72934,1981-04-11 00:00:00 - 2020-04-24 12:00:00,87,fall,44,153.5,NA,NA,2003,NA,2002-10-01T00:00:00Z,2003-10-01T00:00:00Z,-120.225,39.7831
397831N1202245W001,1770513,2002-03-27T00:00:00Z,4911.58,4911.58,0,48.2,4863.38,48.2,48.2,NA,Unknown,Water level accuracy is unknown,1,Department of Water Resources,NA,1,Department of Water Resources,589,816,20712,22N16E06R002M,22N16E06R002M,Unknown,Unknown,5-012.01,Sierra Valley,Plumas,816,Irrigation,Single Well,72934,1981-04-11 00:00:00 - 2020-04-24 12:00:00,87,spring,NA,NA,19.4,89.8,2002,NA,2001-10-01T00:00:00Z,2002-10-01T00:00:00Z,-120.225,39.7831
397831N1202245W001,1770512,2002-03-26T00:00:00Z,4911.58,4911.58,0,48.2,4863.38,48.2,48.2,NA,Unknown,Water level accuracy is unknown,1,Department of Water Resources,NA,1,Department of Water Resources,589,816,20712,22N16E06R002M,22N16E06R002M,Unknown,Unknown,5-012.01,Sierra Valley,Plumas,816,Irrigation,Single Well,72934,1981-04-11 00:00:00 - 2020-04-24 12:00:00,87,spring,NA,NA,19.4,89.8,2002,NA,2001-10-01T00:00:00Z,2002-10-01T00:00:00Z,-120.225,39.7831
397831N1202245W001,1770511,2001-10-17T00:00:00Z,4911.58,4911.58,0,95.8,4815.78,95.8,95.8,NA,Unknown,Water level accuracy is unknown,1,Department of Water Resources,NA,1,Department of Water Resources,589,816,20712,22N16E06R002M,22N16E06R002M,Unknown,Unknown,5-012.01,Sierra Valley,Plumas,816,Irrigation,Single Well,72934,1981-04-11 00:00:00 - 2020-04-24 12:00:00,87,fall,44,153.5,NA,NA,2002,NA,2001-10-01T00:00:00Z,2002-10-01T00:00:00Z,-120.225,39.7831
397831N1202245W001,1770510,2001-03-26T00:00:00Z,4911.58,4911.58,0,39.4,4872.18,39.4,39.4,NA,Unknown,Water level accuracy is unknown,1,Department of Water Resources,NA,1,Department of Water Resources,589,816,20712,22N16E06R002M,22N16E06R002M,Unknown,Unknown,5-012.01,Sierra Valley,Plumas,816,Irrigation,Single Well,72934,1981-04-11 00:00:00 - 2020-04-24 12:00:00,87,spring,NA,NA,19.4,89.8,2001,Dry,2000-10-01T00:00:00Z,2001-10-01T00:00:00Z,-120.225,39.7831
397831N1202245W001,1770509,2000-10-18T00:00:00Z,4911.58,4911.58,0,68.2,4843.38,68.2,68.2,NA,Unknown,Water level accuracy is unknown,1,Department of Water Resources,NA,1,Department of Water Resources,589,816,20712,22N16E06R002M,22N16E06R002M,Unknown,Unknown,5-012.01,Sierra Valley,Plumas,816,Irrigation,Single Well,72934,1981-04-11 00:00:00 - 2020-04-24 12:00:00,87,fall,44,153.5,NA,NA,2001,Dry,2000-10-01T00:00:00Z,2001-10-01T00:00:00Z,-120.225,39.7831
397831N1202245W001,1770508,2000-03-26T00:00:00Z,4911.58,4911.58,0,33.4,4878.18,33.4,33.4,NA,Unknown,Water level accuracy is unknown,1,Department of Water Resources,NA,1,Department of Water Resources,589,816,20712,22N16E06R002M,22N16E06R002M,Unknown,Unknown,5-012.01,Sierra Valley,Plumas,816,Irrigation,Single Well,72934,1981-04-11 00:00:00 - 2020-04-24 12:00:00,87,spring,NA,NA,19.4,89.8,2000,NA,1999-10-01T00:00:00Z,2000-10-01T00:00:00Z,-120.225,39.7831
397831N1202245W001,1770506,1999-10-13T00:00:00Z,4911.58,4911.58,0,66.7,4844.88,66.7,66.7,NA,Unknown,Water level accuracy is unknown,1,Department of Water Resources,NA,1,Department of Water Resources,589,816,20712,22N16E06R002M,22N16E06R002M,Unknown,Unknown,5-012.01,Sierra Valley,Plumas,816,Irrigation,Single Well,72934,1981-04-11 00:00:00 - 2020-04-24 12:00:00,87,fall,44,153.5,NA,NA,2000,NA,1999-10-01T00:00:00Z,2000-10-01T00:00:00Z,-120.225,39.7831
397831N1202245W001,1770507,1999-04-14T00:00:00Z,4911.58,4911.58,0,29.3,4882.28,29.3,29.3,NA,Unknown,Water level accuracy is unknown,1,Department of Water Resources,NA,1,Department of Water Resources,589,816,20712,22N16E06R002M,22N16E06R002M,Unknown,Unknown,5-012.01,Sierra Valley,Plumas,816,Irrigation,Single Well,72934,1981-04-11 00:00:00 - 2020-04-24 12:00:00,87,spring,NA,NA,19.4,89.8,1999,NA,1998-10-01T00:00:00Z,1999-10-01T00:00:00Z,-120.225,39.7831
397831N1202245W001,1770504,1998-10-13T00:00:00Z,4911.58,4911.58,0,60.9,4850.68,60.9,60.9,NA,Unknown,Water level accuracy is unknown,1,Department of Water Resources,NA,1,Department of Water Resources,589,816,20712,22N16E06R002M,22N16E06R002M,Unknown,Unknown,5-012.01,Sierra Valley,Plumas,816,Irrigation,Single Well,72934,1981-04-11 00:00:00 - 2020-04-24 12:00:00,87,fall,44,153.5,NA,NA,1999,NA,1998-10-01T00:00:00Z,1999-10-01T00:00:00Z,-120.225,39.7831
397831N1202245W001,1770505,1998-05-14T00:00:00Z,4911.58,4911.58,0,33,4878.58,33,33,NA,Unknown,Water level accuracy is unknown,1,Department of Water Resources,NA,1,Department of Water Resources,589,816,20712,22N16E06R002M,22N16E06R002M,Unknown,Unknown,5-012.01,Sierra Valley,Plumas,816,Irrigation,Single Well,72934,1981-04-11 00:00:00 - 2020-04-24 12:00:00,87,spring,NA,NA,19.4,89.8,1998,NA,1997-10-01T00:00:00Z,1998-10-01T00:00:00Z,-120.225,39.7831
397831N1202245W001,1770503,1997-10-16T00:00:00Z,4911.58,4911.58,0,74.7,4836.88,74.7,74.7,NA,Unknown,Water level accuracy is unknown,1,Department of Water Resources,NA,1,Department of Water Resources,589,816,20712,22N16E06R002M,22N16E06R002M,Unknown,Unknown,5-012.01,Sierra Valley,Plumas,816,Irrigation,Single Well,72934,1981-04-11 00:00:00 - 2020-04-24 12:00:00,87,fall,44,153.5,NA,NA,1998,NA,1997-10-01T00:00:00Z,1998-10-01T00:00:00Z,-120.225,39.7831
397831N1202245W001,1770501,1997-04-03T00:00:00Z,4911.58,4911.58,0,30.9,4880.68,30.9,30.9,NA,Unknown,Water level accuracy is unknown,1,Department of Water Resources,NA,1,Department of Water Resources,589,816,20712,22N16E06R002M,22N16E06R002M,Unknown,Unknown,5-012.01,Sierra Valley,Plumas,816,Irrigation,Single Well,72934,1981-04-11 00:00:00 - 2020-04-24 12:00:00,87,spring,NA,NA,19.4,89.8,1997,NA,1996-10-01T00:00:00Z,1997-10-01T00:00:00Z,-120.225,39.7831
397831N1202245W001,1770502,1996-10-30T00:00:00Z,4911.58,4911.58,0,58.1,4853.48,58.1,58.1,NA,Unknown,Water level accuracy is unknown,1,Department of Water Resources,NA,1,Department of Water Resources,589,816,20712,22N16E06R002M,22N16E06R002M,Unknown,Unknown,5-012.01,Sierra Valley,Plumas,816,Irrigation,Single Well,72934,1981-04-11 00:00:00 - 2020-04-24 12:00:00,87,fall,44,153.5,NA,NA,1997,NA,1996-10-01T00:00:00Z,1997-10-01T00:00:00Z,-120.225,39.7831
397831N1202245W001,1770500,1996-05-06T00:00:00Z,4911.58,4911.58,0,26.8,4884.78,26.8,26.8,NA,Unknown,Water level accuracy is unknown,1,Department of Water Resources,NA,1,Department of Water Resources,589,816,20712,22N16E06R002M,22N16E06R002M,Unknown,Unknown,5-012.01,Sierra Valley,Plumas,816,Irrigation,Single Well,72934,1981-04-11 00:00:00 - 2020-04-24 12:00:00,87,spring,NA,NA,19.4,89.8,1996,NA,1995-10-01T00:00:00Z,1996-10-01T00:00:00Z,-120.225,39.7831
397831N1202245W001,1770499,1995-10-25T00:00:00Z,4911.58,4911.58,0,52.2,4859.38,52.2,52.2,NA,Unknown,Water level accuracy is unknown,1,Department of Water Resources,NA,1,Department of Water Resources,589,816,20712,22N16E06R002M,22N16E06R002M,Unknown,Unknown,5-012.01,Sierra Valley,Plumas,816,Irrigation,Single Well,72934,1981-04-11 00:00:00 - 2020-04-24 12:00:00,87,fall,44,153.5,NA,NA,1996,NA,1995-10-01T00:00:00Z,1996-10-01T00:00:00Z,-120.225,39.7831
397831N1202245W001,1770498,1995-05-31T00:00:00Z,4911.58,4911.58,0,32.3,4879.28,32.3,32.3,NA,Unknown,Water level accuracy is unknown,1,Department of Water Resources,NA,1,Department of Water Resources,589,816,20712,22N16E06R002M,22N16E06R002M,Unknown,Unknown,5-012.01,Sierra Valley,Plumas,816,Irrigation,Single Well,72934,1981-04-11 00:00:00 - 2020-04-24 12:00:00,87,spring,NA,NA,19.4,89.8,1995,Wet,1994-10-01T00:00:00Z,1995-10-01T00:00:00Z,-120.225,39.7831
397831N1202245W001,1770497,1994-10-28T00:00:00Z,4911.58,4911.58,0,60.9,4850.68,60.9,60.9,NA,Unknown,Water level accuracy is unknown,1,Department of Water Resources,NA,1,Department of Water Resources,589,816,20712,22N16E06R002M,22N16E06R002M,Unknown,Unknown,5-012.01,Sierra Valley,Plumas,816,Irrigation,Single Well,72934,1981-04-11 00:00:00 - 2020-04-24 12:00:00,87,fall,44,153.5,NA,NA,1995,Wet,1994-10-01T00:00:00Z,1995-10-01T00:00:00Z,-120.225,39.7831
397831N1202245W001,1770496,1994-03-29T00:00:00Z,4911.58,4911.58,0,39.2,4872.38,39.2,39.2,NA,Unknown,Water level accuracy is unknown,1,Department of Water Resources,NA,1,Department of Water Resources,589,816,20712,22N16E06R002M,22N16E06R002M,Unknown,Unknown,5-012.01,Sierra Valley,Plumas,816,Irrigation,Single Well,72934,1981-04-11 00:00:00 - 2020-04-24 12:00:00,87,spring,NA,NA,19.4,89.8,1994,Dry,1993-10-01T00:00:00Z,1994-10-01T00:00:00Z,-120.225,39.7831
397831N1202245W001,1770495,1993-10-19T00:00:00Z,4911.58,4911.58,0,67.2,4844.38,67.2,67.2,NA,Unknown,Water level accuracy is unknown,1,Department of Water Resources,NA,1,Department of Water Resources,589,816,20712,22N16E06R002M,22N16E06R002M,Unknown,Unknown,5-012.01,Sierra Valley,Plumas,816,Irrigation,Single Well,72934,1981-04-11 00:00:00 - 2020-04-24 12:00:00,87,fall,44,153.5,NA,NA,1994,Dry,1993-10-01T00:00:00Z,1994-10-01T00:00:00Z,-120.225,39.7831
397831N1202245W001,1770494,1993-04-20T00:00:00Z,4911.58,4911.58,0,50.9,4860.68,50.9,50.9,NA,Unknown,Water level accuracy is unknown,1,Department of Water Resources,NA,1,Department of Water Resources,589,816,20712,22N16E06R002M,22N16E06R002M,Unknown,Unknown,5-012.01,Sierra Valley,Plumas,816,Irrigation,Single Well,72934,1981-04-11 00:00:00 - 2020-04-24 12:00:00,87,spring,NA,NA,19.4,89.8,1993,NA,1992-10-01T00:00:00Z,1993-10-01T00:00:00Z,-120.225,39.7831
397831N1202245W001,1770493,1992-10-20T00:00:00Z,4911.58,4911.58,0,95.6,4815.98,95.6,95.6,NA,Unknown,Water level accuracy is unknown,1,Department of Water Resources,NA,1,Department of Water Resources,589,816,20712,22N16E06R002M,22N16E06R002M,Unknown,Unknown,5-012.01,Sierra Valley,Plumas,816,Irrigation,Single Well,72934,1981-04-11 00:00:00 - 2020-04-24 12:00:00,87,fall,44,153.5,NA,NA,1993,NA,1992-10-01T00:00:00Z,1993-10-01T00:00:00Z,-120.225,39.7831
397831N1202245W001,1770492,1992-03-24T00:00:00Z,4911.58,4911.58,0,56.2,4855.38,56.2,56.2,NA,Unknown,Water level accuracy is unknown,1,Department of Water Resources,NA,1,Department of Water Resources,589,816,20712,22N16E06R002M,22N16E06R002M,Unknown,Unknown,5-012.01,Sierra Valley,Plumas,816,Irrigation,Single Well,72934,1981-04-11 00:00:00 - 2020-04-24 12:00:00,87,spring,NA,NA,19.4,89.8,1992,NA,1991-10-01T00:00:00Z,1992-10-01T00:00:00Z,-120.225,39.7831
397831N1202245W001,1770491,1991-10-22T00:00:00Z,4911.58,4911.58,0,98.2,4813.38,98.2,98.2,NA,Unknown,Water level accuracy is unknown,1,Department of Water Resources,NA,1,Department of Water Resources,589,816,20712,22N16E06R002M,22N16E06R002M,Unknown,Unknown,5-012.01,Sierra Valley,Plumas,816,Irrigation,Single Well,72934,1981-04-11 00:00:00 - 2020-04-24 12:00:00,87,fall,44,153.5,NA,NA,1992,NA,1991-10-01T00:00:00Z,1992-10-01T00:00:00Z,-120.225,39.7831
397831N1202245W001,1770490,1991-02-27T00:00:00Z,4911.58,4911.58,0,55.8,4855.78,55.8,55.8,NA,Unknown,Water level accuracy is unknown,1,Department of Water Resources,NA,1,Department of Water Resources,589,816,20712,22N16E06R002M,22N16E06R002M,Unknown,Unknown,5-012.01,Sierra Valley,Plumas,816,Irrigation,Single Well,72934,1981-04-11 00:00:00 - 2020-04-24 12:00:00,87,other,NA,NA,NA,NA,1991,NA,1990-10-01T00:00:00Z,1991-10-01T00:00:00Z,-120.225,39.7831
397831N1202245W001,1770489,1990-10-24T00:00:00Z,4911.58,4911.58,0,95,4816.58,95,95,Oil or foreign substance in casing,Unknown,Water level accuracy is unknown,1,Department of Water Resources,NA,1,Department of Water Resources,589,816,20712,22N16E06R002M,22N16E06R002M,Unknown,Unknown,5-012.01,Sierra Valley,Plumas,816,Irrigation,Single Well,72934,1981-04-11 00:00:00 - 2020-04-24 12:00:00,87,fall,44,153.5,NA,NA,1991,NA,1990-10-01T00:00:00Z,1991-10-01T00:00:00Z,-120.225,39.7831
397831N1202245W001,1770488,1990-04-10T00:00:00Z,4911.58,4911.58,0,45.7,4865.88,45.7,45.7,NA,Unknown,Water level accuracy is unknown,1,Department of Water Resources,NA,1,Department of Water Resources,589,816,20712,22N16E06R002M,22N16E06R002M,Unknown,Unknown,5-012.01,Sierra Valley,Plumas,816,Irrigation,Single Well,72934,1981-04-11 00:00:00 - 2020-04-24 12:00:00,87,spring,NA,NA,19.4,89.8,1990,NA,1989-10-01T00:00:00Z,1990-10-01T00:00:00Z,-120.225,39.7831
397831N1202245W001,1770487,1989-09-27T00:00:00Z,4911.58,4911.58,0,104.4,4807.18,104.4,104.4,Oil or foreign substance in casing,Unknown,Water level accuracy is unknown,1,Department of Water Resources,NA,1,Department of Water Resources,589,816,20712,22N16E06R002M,22N16E06R002M,Unknown,Unknown,5-012.01,Sierra Valley,Plumas,816,Irrigation,Single Well,72934,1981-04-11 00:00:00 - 2020-04-24 12:00:00,87,fall,44,153.5,NA,NA,1989,NA,1988-10-01T00:00:00Z,1989-10-01T00:00:00Z,-120.225,39.7831
397831N1202245W001,1770486,1989-04-05T00:00:00Z,4911.58,4911.58,0,46.6,4864.98,46.6,46.6,NA,Unknown,Water level accuracy is unknown,1,Department of Water Resources,NA,1,Department of Water Resources,589,816,20712,22N16E06R002M,22N16E06R002M,Unknown,Unknown,5-012.01,Sierra Valley,Plumas,816,Irrigation,Single Well,72934,1981-04-11 00:00:00 - 2020-04-24 12:00:00,87,spring,NA,NA,19.4,89.8,1989,NA,1988-10-01T00:00:00Z,1989-10-01T00:00:00Z,-120.225,39.7831
397831N1202245W001,1770485,1988-10-25T00:00:00Z,4912.58,4911.58,0,90.4,4822.18,90.4,89.4,Oil or foreign substance in casing,Unknown,Water level accuracy is unknown,1,Department of Water Resources,NA,1,Department of Water Resources,589,816,20712,22N16E06R002M,22N16E06R002M,Unknown,Unknown,5-012.01,Sierra Valley,Plumas,816,Irrigation,Single Well,72934,1981-04-11 00:00:00 - 2020-04-24 12:00:00,87,fall,44,153.5,NA,NA,1989,NA,1988-10-01T00:00:00Z,1989-10-01T00:00:00Z,-120.225,39.7831
397831N1202245W001,1770484,1988-03-22T00:00:00Z,4912.58,4911.58,0,49,4863.58,49,48,Oil or foreign substance in casing,Unknown,Water level accuracy is unknown,1,Department of Water Resources,NA,1,Department of Water Resources,589,816,20712,22N16E06R002M,22N16E06R002M,Unknown,Unknown,5-012.01,Sierra Valley,Plumas,816,Irrigation,Single Well,72934,1981-04-11 00:00:00 - 2020-04-24 12:00:00,87,spring,NA,NA,19.4,89.8,1988,NA,1987-10-01T00:00:00Z,1988-10-01T00:00:00Z,-120.225,39.7831
397831N1202245W001,1770483,1987-10-20T00:00:00Z,4912.58,4911.58,0,102.3,4810.28,102.3,101.3,NA,Unknown,Water level accuracy is unknown,1,Department of Water Resources,NA,1,Department of Water Resources,589,816,20712,22N16E06R002M,22N16E06R002M,Unknown,Unknown,5-012.01,Sierra Valley,Plumas,816,Irrigation,Single Well,72934,1981-04-11 00:00:00 - 2020-04-24 12:00:00,87,fall,44,153.5,NA,NA,1988,NA,1987-10-01T00:00:00Z,1988-10-01T00:00:00Z,-120.225,39.7831
397831N1202245W001,1770482,1987-04-07T00:00:00Z,4912.58,4911.58,0,39.8,4872.78,39.8,38.8,Oil or foreign substance in casing,Unknown,Water level accuracy is unknown,1,Department of Water Resources,NA,1,Department of Water Resources,589,816,20712,22N16E06R002M,22N16E06R002M,Unknown,Unknown,5-012.01,Sierra Valley,Plumas,816,Irrigation,Single Well,72934,1981-04-11 00:00:00 - 2020-04-24 12:00:00,87,spring,NA,NA,19.4,89.8,1987,Dry,1986-10-01T00:00:00Z,1987-10-01T00:00:00Z,-120.225,39.7831
397831N1202245W001,1770481,1986-10-01T00:00:00Z,4912.58,4911.58,0,83.6,4828.98,83.6,82.6,Oil or foreign substance in casing,Unknown,Water level accuracy is unknown,1,Department of Water Resources,NA,1,Department of Water Resources,589,816,20712,22N16E06R002M,22N16E06R002M,Unknown,Unknown,5-012.01,Sierra Valley,Plumas,816,Irrigation,Single Well,72934,1981-04-11 00:00:00 - 2020-04-24 12:00:00,87,fall,44,153.5,NA,NA,1987,Dry,1986-10-01T00:00:00Z,1987-10-01T00:00:00Z,-120.225,39.7831
397831N1202245W001,1770480,1986-04-02T00:00:00Z,4912.58,4911.58,0,37,4875.58,37,36,NA,Unknown,Water level accuracy is unknown,1,Department of Water Resources,NA,1,Department of Water Resources,589,816,20712,22N16E06R002M,22N16E06R002M,Unknown,Unknown,5-012.01,Sierra Valley,Plumas,816,Irrigation,Single Well,72934,1981-04-11 00:00:00 - 2020-04-24 12:00:00,87,spring,NA,NA,19.4,89.8,1986,Wet,1985-10-01T00:00:00Z,1986-10-01T00:00:00Z,-120.225,39.7831
397831N1202245W001,1770479,1985-10-04T00:00:00Z,4912.58,4911.58,0,83.5,4829.08,83.5,82.5,NA,Unknown,Water level accuracy is unknown,1,Department of Water Resources,NA,1,Department of Water Resources,589,816,20712,22N16E06R002M,22N16E06R002M,Unknown,Unknown,5-012.01,Sierra Valley,Plumas,816,Irrigation,Single Well,72934,1981-04-11 00:00:00 - 2020-04-24 12:00:00,87,fall,44,153.5,NA,NA,1986,Wet,1985-10-01T00:00:00Z,1986-10-01T00:00:00Z,-120.225,39.7831
397831N1202245W001,1770478,1985-03-25T00:00:00Z,4912.58,4911.58,0,28.8,4883.78,28.8,27.8,NA,Unknown,Water level accuracy is unknown,1,Department of Water Resources,NA,1,Department of Water Resources,589,816,20712,22N16E06R002M,22N16E06R002M,Unknown,Unknown,5-012.01,Sierra Valley,Plumas,816,Irrigation,Single Well,72934,1981-04-11 00:00:00 - 2020-04-24 12:00:00,87,spring,NA,NA,19.4,89.8,1985,Dry,1984-10-01T00:00:00Z,1985-10-01T00:00:00Z,-120.225,39.7831
397831N1202245W001,1770477,1984-10-03T00:00:00Z,4912.58,4911.58,0,61.5,4851.08,61.5,60.5,Oil or foreign substance in casing,Unknown,Water level accuracy is unknown,1,Department of Water Resources,NA,1,Department of Water Resources,589,816,20712,22N16E06R002M,22N16E06R002M,Unknown,Unknown,5-012.01,Sierra Valley,Plumas,816,Irrigation,Single Well,72934,1981-04-11 00:00:00 - 2020-04-24 12:00:00,87,fall,44,153.5,NA,NA,1985,Dry,1984-10-01T00:00:00Z,1985-10-01T00:00:00Z,-120.225,39.7831
397831N1202245W001,1770476,1984-03-12T00:00:00Z,4912.58,4911.58,0,25.8,4886.78,25.8,24.8,NA,Unknown,Water level accuracy is unknown,1,Department of Water Resources,NA,1,Department of Water Resources,589,816,20712,22N16E06R002M,22N16E06R002M,Unknown,Unknown,5-012.01,Sierra Valley,Plumas,816,Irrigation,Single Well,72934,1981-04-11 00:00:00 - 2020-04-24 12:00:00,87,spring,NA,NA,19.4,89.8,1984,NA,1983-10-01T00:00:00Z,1984-10-01T00:00:00Z,-120.225,39.7831
397831N1202245W001,1770474,1983-04-14T00:00:00Z,4912.58,4911.58,0,25.4,4887.18,25.4,24.4,NA,Unknown,Water level accuracy is unknown,1,Department of Water Resources,NA,1,Department of Water Resources,589,816,20712,22N16E06R002M,22N16E06R002M,Unknown,Unknown,5-012.01,Sierra Valley,Plumas,816,Irrigation,Single Well,72934,1981-04-11 00:00:00 - 2020-04-24 12:00:00,87,spring,NA,NA,19.4,89.8,1983,NA,1982-10-01T00:00:00Z,1983-10-01T00:00:00Z,-120.225,39.7831
397831N1202245W001,1770473,1982-10-20T00:00:00Z,4912.58,4911.58,0,57.5,4855.08,57.5,56.5,NA,Unknown,Water level accuracy is unknown,1,Department of Water Resources,NA,1,Department of Water Resources,589,816,20712,22N16E06R002M,22N16E06R002M,Unknown,Unknown,5-012.01,Sierra Valley,Plumas,816,Irrigation,Single Well,72934,1981-04-11 00:00:00 - 2020-04-24 12:00:00,87,fall,44,153.5,NA,NA,1983,NA,1982-10-01T00:00:00Z,1983-10-01T00:00:00Z,-120.225,39.7831
397831N1202245W001,1770472,1982-10-15T00:00:00Z,4912.58,4911.58,0,66.8,4845.78,66.8,65.8,NA,Unknown,Water level accuracy is unknown,1,Department of Water Resources,NA,1,Department of Water Resources,589,816,20712,22N16E06R002M,22N16E06R002M,Unknown,Unknown,5-012.01,Sierra Valley,Plumas,816,Irrigation,Single Well,72934,1981-04-11 00:00:00 - 2020-04-24 12:00:00,87,fall,44,153.5,NA,NA,1983,NA,1982-10-01T00:00:00Z,1983-10-01T00:00:00Z,-120.225,39.7831
397831N1202245W001,1770470,1982-09-16T00:00:00Z,4912.58,4911.58,0,50.8,4861.78,50.8,49.8,NA,Unknown,Water level accuracy is unknown,1,Department of Water Resources,NA,1,Department of Water Resources,589,816,20712,22N16E06R002M,22N16E06R002M,Unknown,Unknown,5-012.01,Sierra Valley,Plumas,816,Irrigation,Single Well,72934,1981-04-11 00:00:00 - 2020-04-24 12:00:00,87,fall,44,153.5,NA,NA,1982,Wet,1981-10-01T00:00:00Z,1982-10-01T00:00:00Z,-120.225,39.7831
397831N1202245W001,1770469,1982-04-28T00:00:00Z,4912.58,4911.58,0,26.3,4886.28,26.3,25.3,NA,Unknown,Water level accuracy is unknown,1,Department of Water Resources,NA,1,Department of Water Resources,589,816,20712,22N16E06R002M,22N16E06R002M,Unknown,Unknown,5-012.01,Sierra Valley,Plumas,816,Irrigation,Single Well,72934,1981-04-11 00:00:00 - 2020-04-24 12:00:00,87,spring,NA,NA,19.4,89.8,1982,Wet,1981-10-01T00:00:00Z,1982-10-01T00:00:00Z,-120.225,39.7831
397831N1202245W001,1770468,1981-10-14T00:00:00Z,4912.58,4911.58,0,82.8,4829.78,82.8,81.8,NA,Unknown,Water level accuracy is unknown,1,Department of Water Resources,NA,1,Department of Water Resources,589,816,20712,22N16E06R002M,22N16E06R002M,Unknown,Unknown,5-012.01,Sierra Valley,Plumas,816,Irrigation,Single Well,72934,1981-04-11 00:00:00 - 2020-04-24 12:00:00,87,fall,44,153.5,NA,NA,1982,Wet,1981-10-01T00:00:00Z,1982-10-01T00:00:00Z,-120.225,39.7831
397831N1202245W001,1770467,1981-10-07T00:00:00Z,4912.58,4911.58,0,77.6,4834.98,77.6,76.6,NA,Unknown,Water level accuracy is unknown,1,Department of Water Resources,NA,1,Department of Water Resources,589,816,20712,22N16E06R002M,22N16E06R002M,Unknown,Unknown,5-012.01,Sierra Valley,Plumas,816,Irrigation,Single Well,72934,1981-04-11 00:00:00 - 2020-04-24 12:00:00,87,fall,44,153.5,NA,NA,1982,Wet,1981-10-01T00:00:00Z,1982-10-01T00:00:00Z,-120.225,39.7831
397831N1202245W001,1770466,1981-10-01T00:00:00Z,4912.58,4911.58,0,80.2,4832.38,80.2,79.2,NA,Unknown,Water level accuracy is unknown,1,Department of Water Resources,NA,1,Department of Water Resources,589,816,20712,22N16E06R002M,22N16E06R002M,Unknown,Unknown,5-012.01,Sierra Valley,Plumas,816,Irrigation,Single Well,72934,1981-04-11 00:00:00 - 2020-04-24 12:00:00,87,fall,44,153.5,NA,NA,1982,Wet,1981-10-01T00:00:00Z,1982-10-01T00:00:00Z,-120.225,39.7831
397831N1202245W001,1770465,1981-09-17T00:00:00Z,4912.58,4911.58,0,45,4867.58,45,44,Casing leaking or wet,Unknown,Water level accuracy is unknown,1,Department of Water Resources,NA,1,Department of Water Resources,589,816,20712,22N16E06R002M,22N16E06R002M,Unknown,Unknown,5-012.01,Sierra Valley,Plumas,816,Irrigation,Single Well,72934,1981-04-11 00:00:00 - 2020-04-24 12:00:00,87,fall,44,153.5,NA,NA,1981,Dry,1980-10-01T00:00:00Z,1981-10-01T00:00:00Z,-120.225,39.7831
397831N1202245W001,1770464,1981-04-11T00:00:00Z,4912.58,4911.58,0,20.4,4892.18,20.4,19.4,NA,Unknown,Water level accuracy is unknown,1,Department of Water Resources,NA,1,Department of Water Resources,589,816,20712,22N16E06R002M,22N16E06R002M,Unknown,Unknown,5-012.01,Sierra Valley,Plumas,816,Irrigation,Single Well,72934,1981-04-11 00:00:00 - 2020-04-24 12:00:00,87,spring,NA,NA,19.4,89.8,1981,Dry,1980-10-01T00:00:00Z,1981-10-01T00:00:00Z,-120.225,39.7831
