SITE_CODE,WLM_ID,MSMT_DATE,WLM_RPE,WLM_GSE,RDNG_WS,RDNG_RP,WSE,RPE_WSE,GSE_WSE,WLM_QA_DESC,WLM_DESC,WLM_ACC_DESC,WLM_ORG_ID,WLM_ORG_NAME,MSMT_CMT,COOP_AGENCY_ORG_ID,COOP_ORG_NAME,TOP_PRF,BOT_PRF,STN_ID,SWN,WELL_NAME,WLM_METHOD,WLM_ACC,BASIN_CODE,BASIN_NAME,COUNTY_NAME,WELL_DEPTH,WELL_USE,WELL_TYPE,WCR_NO,t_range,n_samples,season,fall_high,fall_low,spring_high,spring_low,water_year,water_year_type,water_year_start,water_year_end,X,Y
397951N1201418W001,2493736,2019-10-24T12:00:00Z,5014.4,5013.6,0,10.3,5004.1,10.3,9.5,NA,Electric sounder measurement,Water level accuracy to nearest hundredth of a foot,1,Department of Water Resources,NA,1,Department of Water Resources,NA,NA,22561,23N16E36N002M,23N16E36N002M,USGS quad,5 ft.,5-012.02,Chilcoot,Plumas,50,Irrigation,Single Well,NA,1981-04-30 00:00:00 - 2020-04-24 12:00:00,83,fall,9.1,19.9,NA,NA,2020,Dry,2019-10-01T00:00:00Z,2020-10-01T00:00:00Z,-120.142,39.7951
397951N1201418W001,2454973,2019-04-09T12:00:00Z,5014.4,5013.6,0,7.1,5007.3,7.1,6.3,NA,Electric sounder measurement,Water level accuracy to nearest hundredth of a foot,1,Department of Water Resources,NA,1,Department of Water Resources,NA,NA,22561,23N16E36N002M,23N16E36N002M,USGS quad,5 ft.,5-012.02,Chilcoot,Plumas,50,Irrigation,Single Well,NA,1981-04-30 00:00:00 - 2020-04-24 12:00:00,83,spring,NA,NA,6.1,18.38,2019,Wet,2018-10-01T00:00:00Z,2019-10-01T00:00:00Z,-120.142,39.7951
397951N1201418W001,2415041,2018-10-24T12:00:00Z,5014.4,5013.6,0,11.7,5002.7,11.7,10.9,NA,Electric sounder measurement,Water level accuracy to nearest hundredth of a foot,1,Department of Water Resources,NA,1,Department of Water Resources,NA,NA,22561,23N16E36N002M,23N16E36N002M,USGS quad,5 ft.,5-012.02,Chilcoot,Plumas,50,Irrigation,Single Well,NA,1981-04-30 00:00:00 - 2020-04-24 12:00:00,83,fall,9.1,19.9,NA,NA,2019,Wet,2018-10-01T00:00:00Z,2019-10-01T00:00:00Z,-120.142,39.7951
397951N1201418W001,2285980,2018-04-03T12:00:00Z,5014.4,5013.6,0,9.57,5004.83,9.57,8.77,NA,Electric sounder measurement,Water level accuracy to nearest hundredth of a foot,1,Department of Water Resources,NA,1,Department of Water Resources,NA,NA,22561,23N16E36N002M,23N16E36N002M,USGS quad,5 ft.,5-012.02,Chilcoot,Plumas,50,Irrigation,Single Well,NA,1981-04-30 00:00:00 - 2020-04-24 12:00:00,83,spring,NA,NA,6.1,18.38,2018,NA,2017-10-01T00:00:00Z,2018-10-01T00:00:00Z,-120.142,39.7951
397951N1201418W001,2268021,2017-10-17T00:00:00Z,5014.4,5013.6,0,12.7,5001.7,12.7,11.9,NA,Electric sounder measurement,Water level accuracy to nearest hundredth of a foot,1,Department of Water Resources,NA,1,Department of Water Resources,NA,NA,22561,23N16E36N002M,23N16E36N002M,USGS quad,5 ft.,5-012.02,Chilcoot,Plumas,50,Irrigation,Single Well,NA,1981-04-30 00:00:00 - 2020-04-24 12:00:00,83,fall,9.1,19.9,NA,NA,2018,NA,2017-10-01T00:00:00Z,2018-10-01T00:00:00Z,-120.142,39.7951
397951N1201418W001,2244309,2017-04-04T00:00:00Z,5014.4,5013.6,0,9.8,5004.6,9.8,9,NA,Electric sounder measurement,Water level accuracy to nearest hundredth of a foot,1,Department of Water Resources,NA,1,Department of Water Resources,NA,NA,22561,23N16E36N002M,23N16E36N002M,USGS quad,5 ft.,5-012.02,Chilcoot,Plumas,50,Irrigation,Single Well,NA,1981-04-30 00:00:00 - 2020-04-24 12:00:00,83,spring,NA,NA,6.1,18.38,2017,Wet,2016-10-01T00:00:00Z,2017-10-01T00:00:00Z,-120.142,39.7951
397951N1201418W001,2214139,2016-10-24T00:00:00Z,5014.4,5013.6,0,20.2,4994.2,20.2,19.4,NA,Electric sounder measurement,Water level accuracy to nearest hundredth of a foot,1,Department of Water Resources,NA,1,Department of Water Resources,NA,NA,22561,23N16E36N002M,23N16E36N002M,USGS quad,5 ft.,5-012.02,Chilcoot,Plumas,50,Irrigation,Single Well,NA,1981-04-30 00:00:00 - 2020-04-24 12:00:00,83,fall,9.1,19.9,NA,NA,2017,Wet,2016-10-01T00:00:00Z,2017-10-01T00:00:00Z,-120.142,39.7951
397951N1201418W001,2184605,2016-03-21T00:00:00Z,5014.4,5013.6,0,19.18,4995.22,19.18,18.38,NA,Electric sounder measurement,Water level accuracy to nearest hundredth of a foot,1,Department of Water Resources,NA,1,Department of Water Resources,NA,NA,22561,23N16E36N002M,23N16E36N002M,USGS quad,5 ft.,5-012.02,Chilcoot,Plumas,50,Irrigation,Single Well,NA,1981-04-30 00:00:00 - 2020-04-24 12:00:00,83,spring,NA,NA,6.1,18.38,2016,NA,2015-10-01T00:00:00Z,2016-10-01T00:00:00Z,-120.142,39.7951
397951N1201418W001,2157081,2015-10-19T00:00:00Z,5014.4,5013.6,0,20.25,4994.15,20.25,19.45,NA,Electric sounder measurement,Water level accuracy to nearest hundredth of a foot,1,Department of Water Resources,NA,1,Department of Water Resources,NA,NA,22561,23N16E36N002M,23N16E36N002M,USGS quad,5 ft.,5-012.02,Chilcoot,Plumas,50,Irrigation,Single Well,NA,1981-04-30 00:00:00 - 2020-04-24 12:00:00,83,fall,9.1,19.9,NA,NA,2016,NA,2015-10-01T00:00:00Z,2016-10-01T00:00:00Z,-120.142,39.7951
397951N1201418W001,2119793,2015-03-23T00:00:00Z,5014.4,5013.6,0,19,4995.4,19,18.2,NA,Electric sounder measurement,Water level accuracy to nearest hundredth of a foot,1,Department of Water Resources,NA,1,Department of Water Resources,NA,NA,22561,23N16E36N002M,23N16E36N002M,USGS quad,5 ft.,5-012.02,Chilcoot,Plumas,50,Irrigation,Single Well,NA,1981-04-30 00:00:00 - 2020-04-24 12:00:00,83,spring,NA,NA,6.1,18.38,2015,NA,2014-10-01T00:00:00Z,2015-10-01T00:00:00Z,-120.142,39.7951
397951N1201418W001,2020308,2014-10-20T07:00:00Z,5014.4,5013.6,0,19.06,4995.34,19.06,18.26,NA,Electric sounder measurement,Water level accuracy to nearest hundredth of a foot,1,Department of Water Resources,NA,1,Department of Water Resources,NA,NA,22561,23N16E36N002M,23N16E36N002M,USGS quad,5 ft.,5-012.02,Chilcoot,Plumas,50,Irrigation,Single Well,NA,1981-04-30 00:00:00 - 2020-04-24 12:00:00,83,fall,9.1,19.9,NA,NA,2015,NA,2014-10-01T00:00:00Z,2015-10-01T00:00:00Z,-120.142,39.7951
397951N1201418W001,1880791,2014-03-14T00:00:00Z,5014.4,5013.6,0,17.45,4996.95,17.45,16.65,NA,Electric sounder measurement,Water level accuracy to nearest hundredth of a foot,1,Department of Water Resources,NA,1,Department of Water Resources,NA,NA,22561,23N16E36N002M,23N16E36N002M,USGS quad,5 ft.,5-012.02,Chilcoot,Plumas,50,Irrigation,Single Well,NA,1981-04-30 00:00:00 - 2020-04-24 12:00:00,83,spring,NA,NA,6.1,18.38,2014,NA,2013-10-01T00:00:00Z,2014-10-01T00:00:00Z,-120.142,39.7951
397951N1201418W001,1797133,2013-10-21T00:00:00Z,5014.4,5013.6,0,17.83,4996.57,17.83,17.03,NA,Electric sounder measurement,Water level accuracy to nearest hundredth of a foot,1,Department of Water Resources,NA,1,Department of Water Resources,NA,NA,22561,23N16E36N002M,23N16E36N002M,USGS quad,5 ft.,5-012.02,Chilcoot,Plumas,50,Irrigation,Single Well,NA,1981-04-30 00:00:00 - 2020-04-24 12:00:00,83,fall,9.1,19.9,NA,NA,2014,NA,2013-10-01T00:00:00Z,2014-10-01T00:00:00Z,-120.142,39.7951
397951N1201418W001,1684452,2013-03-25T00:00:00Z,5014.4,5013.6,0,15.66,4998.74,15.66,14.86,NA,Electric sounder measurement,Water level accuracy to nearest hundredth of a foot,1,Department of Water Resources,NA,1,Department of Water Resources,NA,NA,22561,23N16E36N002M,23N16E36N002M,USGS quad,5 ft.,5-012.02,Chilcoot,Plumas,50,Irrigation,Single Well,NA,1981-04-30 00:00:00 - 2020-04-24 12:00:00,83,spring,NA,NA,6.1,18.38,2013,Dry,2012-10-01T00:00:00Z,2013-10-01T00:00:00Z,-120.142,39.7951
397951N1201418W001,69393,2012-10-30T00:00:00Z,5014.4,5013.6,0,16.78,4997.62,16.78,15.98,NA,Electric sounder measurement,Water level accuracy to nearest hundredth of a foot,1,Department of Water Resources,NA,1,Department of Water Resources,NA,NA,22561,23N16E36N002M,23N16E36N002M,USGS quad,5 ft.,5-012.02,Chilcoot,Plumas,50,Irrigation,Single Well,NA,1981-04-30 00:00:00 - 2020-04-24 12:00:00,83,fall,9.1,19.9,NA,NA,2013,Dry,2012-10-01T00:00:00Z,2013-10-01T00:00:00Z,-120.142,39.7951
397951N1201418W001,59975,2012-04-18T00:00:00Z,5014.4,5013.6,0,14.12,5000.28,14.12,13.32,NA,Electric sounder measurement,Water level accuracy to nearest hundredth of a foot,1,Department of Water Resources,NA,1,Department of Water Resources,NA,NA,22561,23N16E36N002M,23N16E36N002M,USGS quad,5 ft.,5-012.02,Chilcoot,Plumas,50,Irrigation,Single Well,NA,1981-04-30 00:00:00 - 2020-04-24 12:00:00,83,spring,NA,NA,6.1,18.38,2012,NA,2011-10-01T00:00:00Z,2012-10-01T00:00:00Z,-120.142,39.7951
397951N1201418W001,1752867,2011-10-18T00:00:00Z,5014.4,5013.6,0,15.1,4999.3,15.1,14.3,NA,Unknown,Water level accuracy is unknown,1,Department of Water Resources,NA,1,Department of Water Resources,NA,NA,22561,23N16E36N002M,23N16E36N002M,USGS quad,5 ft.,5-012.02,Chilcoot,Plumas,50,Irrigation,Single Well,NA,1981-04-30 00:00:00 - 2020-04-24 12:00:00,83,fall,9.1,19.9,NA,NA,2012,NA,2011-10-01T00:00:00Z,2012-10-01T00:00:00Z,-120.142,39.7951
397951N1201418W001,39823,2011-10-18T00:00:00Z,5014.4,5013.6,0,15.1,4999.3,15.1,14.3,NA,Electric sounder measurement,Water level accuracy to nearest hundredth of a foot,1,Department of Water Resources,NA,1,Department of Water Resources,NA,NA,22561,23N16E36N002M,23N16E36N002M,USGS quad,5 ft.,5-012.02,Chilcoot,Plumas,50,Irrigation,Single Well,NA,1981-04-30 00:00:00 - 2020-04-24 12:00:00,83,fall,9.1,19.9,NA,NA,2012,NA,2011-10-01T00:00:00Z,2012-10-01T00:00:00Z,-120.142,39.7951
397951N1201418W001,1752866,2011-04-26T00:00:00Z,5014.4,5013.6,0,11.67,5002.73,11.67,10.87,NA,Unknown,Water level accuracy is unknown,1,Department of Water Resources,NA,1,Department of Water Resources,NA,NA,22561,23N16E36N002M,23N16E36N002M,USGS quad,5 ft.,5-012.02,Chilcoot,Plumas,50,Irrigation,Single Well,NA,1981-04-30 00:00:00 - 2020-04-24 12:00:00,83,spring,NA,NA,6.1,18.38,2011,Wet,2010-10-01T00:00:00Z,2011-10-01T00:00:00Z,-120.142,39.7951
397951N1201418W001,1752865,2010-10-26T00:00:00Z,5014.4,5013.6,0,18.5,4995.9,18.5,17.7,NA,Unknown,Water level accuracy is unknown,1,Department of Water Resources,NA,1,Department of Water Resources,NA,NA,22561,23N16E36N002M,23N16E36N002M,USGS quad,5 ft.,5-012.02,Chilcoot,Plumas,50,Irrigation,Single Well,NA,1981-04-30 00:00:00 - 2020-04-24 12:00:00,83,fall,9.1,19.9,NA,NA,2011,Wet,2010-10-01T00:00:00Z,2011-10-01T00:00:00Z,-120.142,39.7951
397951N1201418W001,1752864,2010-04-06T00:00:00Z,5014.4,5013.6,0,16.9,4997.5,16.9,16.1,NA,Unknown,Water level accuracy is unknown,1,Department of Water Resources,NA,1,Department of Water Resources,NA,NA,22561,23N16E36N002M,23N16E36N002M,USGS quad,5 ft.,5-012.02,Chilcoot,Plumas,50,Irrigation,Single Well,NA,1981-04-30 00:00:00 - 2020-04-24 12:00:00,83,spring,NA,NA,6.1,18.38,2010,NA,2009-10-01T00:00:00Z,2010-10-01T00:00:00Z,-120.142,39.7951
397951N1201418W001,1752863,2009-10-27T00:00:00Z,5014.4,5013.6,0,17.9,4996.5,17.9,17.1,NA,Unknown,Water level accuracy is unknown,1,Department of Water Resources,NA,1,Department of Water Resources,NA,NA,22561,23N16E36N002M,23N16E36N002M,USGS quad,5 ft.,5-012.02,Chilcoot,Plumas,50,Irrigation,Single Well,NA,1981-04-30 00:00:00 - 2020-04-24 12:00:00,83,fall,9.1,19.9,NA,NA,2010,NA,2009-10-01T00:00:00Z,2010-10-01T00:00:00Z,-120.142,39.7951
397951N1201418W001,1752861,2008-10-28T00:00:00Z,5014.4,5013.6,0,16.7,4997.7,16.7,15.9,NA,Unknown,Water level accuracy is unknown,1,Department of Water Resources,NA,1,Department of Water Resources,NA,NA,22561,23N16E36N002M,23N16E36N002M,USGS quad,5 ft.,5-012.02,Chilcoot,Plumas,50,Irrigation,Single Well,NA,1981-04-30 00:00:00 - 2020-04-24 12:00:00,83,fall,9.1,19.9,NA,NA,2009,NA,2008-10-01T00:00:00Z,2009-10-01T00:00:00Z,-120.142,39.7951
397951N1201418W001,1752859,2008-04-09T00:00:00Z,5014.4,5013.6,0,15,4999.4,15,14.2,NA,Unknown,Water level accuracy is unknown,1,Department of Water Resources,NA,1,Department of Water Resources,NA,NA,22561,23N16E36N002M,23N16E36N002M,USGS quad,5 ft.,5-012.02,Chilcoot,Plumas,50,Irrigation,Single Well,NA,1981-04-30 00:00:00 - 2020-04-24 12:00:00,83,spring,NA,NA,6.1,18.38,2008,NA,2007-10-01T00:00:00Z,2008-10-01T00:00:00Z,-120.142,39.7951
397951N1201418W001,1752860,2007-10-26T00:00:00Z,5014.4,5013.6,0,15.9,4998.5,15.9,15.1,NA,Unknown,Water level accuracy is unknown,1,Department of Water Resources,NA,1,Department of Water Resources,NA,NA,22561,23N16E36N002M,23N16E36N002M,USGS quad,5 ft.,5-012.02,Chilcoot,Plumas,50,Irrigation,Single Well,NA,1981-04-30 00:00:00 - 2020-04-24 12:00:00,83,fall,9.1,19.9,NA,NA,2008,NA,2007-10-01T00:00:00Z,2008-10-01T00:00:00Z,-120.142,39.7951
397951N1201418W001,1752858,2006-10-17T00:00:00Z,5014.4,5013.6,0,14.1,5000.3,14.1,13.3,NA,Unknown,Water level accuracy is unknown,1,Department of Water Resources,NA,1,Department of Water Resources,NA,NA,22561,23N16E36N002M,23N16E36N002M,USGS quad,5 ft.,5-012.02,Chilcoot,Plumas,50,Irrigation,Single Well,NA,1981-04-30 00:00:00 - 2020-04-24 12:00:00,83,fall,9.1,19.9,NA,NA,2007,Dry,2006-10-01T00:00:00Z,2007-10-01T00:00:00Z,-120.142,39.7951
397951N1201418W001,1752857,2006-04-19T00:00:00Z,5014.4,5013.6,0,10.2,5004.2,10.2,9.4,NA,Unknown,Water level accuracy is unknown,1,Department of Water Resources,NA,1,Department of Water Resources,NA,NA,22561,23N16E36N002M,23N16E36N002M,USGS quad,5 ft.,5-012.02,Chilcoot,Plumas,50,Irrigation,Single Well,NA,1981-04-30 00:00:00 - 2020-04-24 12:00:00,83,spring,NA,NA,6.1,18.38,2006,Wet,2005-10-01T00:00:00Z,2006-10-01T00:00:00Z,-120.142,39.7951
397951N1201418W001,1752856,2005-10-27T00:00:00Z,5014.4,5013.6,0,18.3,4996.1,18.3,17.5,NA,Unknown,Water level accuracy is unknown,1,Department of Water Resources,NA,1,Department of Water Resources,NA,NA,22561,23N16E36N002M,23N16E36N002M,USGS quad,5 ft.,5-012.02,Chilcoot,Plumas,50,Irrigation,Single Well,NA,1981-04-30 00:00:00 - 2020-04-24 12:00:00,83,fall,9.1,19.9,NA,NA,2006,Wet,2005-10-01T00:00:00Z,2006-10-01T00:00:00Z,-120.142,39.7951
397951N1201418W001,1752855,2005-04-06T00:00:00Z,5014.4,5013.6,0,16.5,4997.9,16.5,15.7,NA,Unknown,Water level accuracy is unknown,1,Department of Water Resources,NA,1,Department of Water Resources,NA,NA,22561,23N16E36N002M,23N16E36N002M,USGS quad,5 ft.,5-012.02,Chilcoot,Plumas,50,Irrigation,Single Well,NA,1981-04-30 00:00:00 - 2020-04-24 12:00:00,83,spring,NA,NA,6.1,18.38,2005,NA,2004-10-01T00:00:00Z,2005-10-01T00:00:00Z,-120.142,39.7951
397951N1201418W001,1752854,2004-10-14T00:00:00Z,5014.4,5013.6,0,20.7,4993.7,20.7,19.9,Pumping,Unknown,Water level accuracy is unknown,1,Department of Water Resources,NA,1,Department of Water Resources,NA,NA,22561,23N16E36N002M,23N16E36N002M,USGS quad,5 ft.,5-012.02,Chilcoot,Plumas,50,Irrigation,Single Well,NA,1981-04-30 00:00:00 - 2020-04-24 12:00:00,83,fall,9.1,19.9,NA,NA,2005,NA,2004-10-01T00:00:00Z,2005-10-01T00:00:00Z,-120.142,39.7951
397951N1201418W001,1752853,2004-04-08T00:00:00Z,5014.4,5013.6,0,16.2,4998.2,16.2,15.4,NA,Unknown,Water level accuracy is unknown,1,Department of Water Resources,NA,1,Department of Water Resources,NA,NA,22561,23N16E36N002M,23N16E36N002M,USGS quad,5 ft.,5-012.02,Chilcoot,Plumas,50,Irrigation,Single Well,NA,1981-04-30 00:00:00 - 2020-04-24 12:00:00,83,spring,NA,NA,6.1,18.38,2004,NA,2003-10-01T00:00:00Z,2004-10-01T00:00:00Z,-120.142,39.7951
397951N1201418W001,1752852,2003-10-28T00:00:00Z,5014.4,5013.6,0,18.4,4996,18.4,17.6,NA,Unknown,Water level accuracy is unknown,1,Department of Water Resources,NA,1,Department of Water Resources,NA,NA,22561,23N16E36N002M,23N16E36N002M,USGS quad,5 ft.,5-012.02,Chilcoot,Plumas,50,Irrigation,Single Well,NA,1981-04-30 00:00:00 - 2020-04-24 12:00:00,83,fall,9.1,19.9,NA,NA,2004,NA,2003-10-01T00:00:00Z,2004-10-01T00:00:00Z,-120.142,39.7951
397951N1201418W001,1752851,2003-03-29T00:00:00Z,5014.4,5013.6,0,14.9,4999.5,14.9,14.1,NA,Unknown,Water level accuracy is unknown,1,Department of Water Resources,NA,1,Department of Water Resources,NA,NA,22561,23N16E36N002M,23N16E36N002M,USGS quad,5 ft.,5-012.02,Chilcoot,Plumas,50,Irrigation,Single Well,NA,1981-04-30 00:00:00 - 2020-04-24 12:00:00,83,spring,NA,NA,6.1,18.38,2003,NA,2002-10-01T00:00:00Z,2003-10-01T00:00:00Z,-120.142,39.7951
397951N1201418W001,1752850,2002-10-24T00:00:00Z,5014.4,5013.6,0,16.1,4998.3,16.1,15.3,NA,Unknown,Water level accuracy is unknown,1,Department of Water Resources,NA,1,Department of Water Resources,NA,NA,22561,23N16E36N002M,23N16E36N002M,USGS quad,5 ft.,5-012.02,Chilcoot,Plumas,50,Irrigation,Single Well,NA,1981-04-30 00:00:00 - 2020-04-24 12:00:00,83,fall,9.1,19.9,NA,NA,2003,NA,2002-10-01T00:00:00Z,2003-10-01T00:00:00Z,-120.142,39.7951
397951N1201418W001,1752849,2002-03-28T00:00:00Z,5014.4,5013.6,0,13.5,5000.9,13.5,12.7,NA,Unknown,Water level accuracy is unknown,1,Department of Water Resources,NA,1,Department of Water Resources,NA,NA,22561,23N16E36N002M,23N16E36N002M,USGS quad,5 ft.,5-012.02,Chilcoot,Plumas,50,Irrigation,Single Well,NA,1981-04-30 00:00:00 - 2020-04-24 12:00:00,83,spring,NA,NA,6.1,18.38,2002,NA,2001-10-01T00:00:00Z,2002-10-01T00:00:00Z,-120.142,39.7951
397951N1201418W001,1752848,2001-10-17T00:00:00Z,5014.4,5013.6,0,15.4,4999,15.4,14.6,NA,Unknown,Water level accuracy is unknown,1,Department of Water Resources,NA,1,Department of Water Resources,NA,NA,22561,23N16E36N002M,23N16E36N002M,USGS quad,5 ft.,5-012.02,Chilcoot,Plumas,50,Irrigation,Single Well,NA,1981-04-30 00:00:00 - 2020-04-24 12:00:00,83,fall,9.1,19.9,NA,NA,2002,NA,2001-10-01T00:00:00Z,2002-10-01T00:00:00Z,-120.142,39.7951
397951N1201418W001,1752847,2001-03-28T00:00:00Z,5014.4,5013.6,0,12.2,5002.2,12.2,11.4,NA,Unknown,Water level accuracy is unknown,1,Department of Water Resources,NA,1,Department of Water Resources,NA,NA,22561,23N16E36N002M,23N16E36N002M,USGS quad,5 ft.,5-012.02,Chilcoot,Plumas,50,Irrigation,Single Well,NA,1981-04-30 00:00:00 - 2020-04-24 12:00:00,83,spring,NA,NA,6.1,18.38,2001,Dry,2000-10-01T00:00:00Z,2001-10-01T00:00:00Z,-120.142,39.7951
397951N1201418W001,1752846,2000-10-18T00:00:00Z,5014.4,5013.6,0,12.7,5001.7,12.7,11.9,NA,Unknown,Water level accuracy is unknown,1,Department of Water Resources,NA,1,Department of Water Resources,NA,NA,22561,23N16E36N002M,23N16E36N002M,USGS quad,5 ft.,5-012.02,Chilcoot,Plumas,50,Irrigation,Single Well,NA,1981-04-30 00:00:00 - 2020-04-24 12:00:00,83,fall,9.1,19.9,NA,NA,2001,Dry,2000-10-01T00:00:00Z,2001-10-01T00:00:00Z,-120.142,39.7951
397951N1201418W001,1752845,2000-03-27T00:00:00Z,5014.4,5013.6,0,8.6,5005.8,8.6,7.8,NA,Unknown,Water level accuracy is unknown,1,Department of Water Resources,NA,1,Department of Water Resources,NA,NA,22561,23N16E36N002M,23N16E36N002M,USGS quad,5 ft.,5-012.02,Chilcoot,Plumas,50,Irrigation,Single Well,NA,1981-04-30 00:00:00 - 2020-04-24 12:00:00,83,spring,NA,NA,6.1,18.38,2000,NA,1999-10-01T00:00:00Z,2000-10-01T00:00:00Z,-120.142,39.7951
397951N1201418W001,1752843,1999-10-11T00:00:00Z,5014.4,5013.6,0,11.1,5003.3,11.1,10.3,NA,Unknown,Water level accuracy is unknown,1,Department of Water Resources,NA,1,Department of Water Resources,NA,NA,22561,23N16E36N002M,23N16E36N002M,USGS quad,5 ft.,5-012.02,Chilcoot,Plumas,50,Irrigation,Single Well,NA,1981-04-30 00:00:00 - 2020-04-24 12:00:00,83,fall,9.1,19.9,NA,NA,2000,NA,1999-10-01T00:00:00Z,2000-10-01T00:00:00Z,-120.142,39.7951
397951N1201418W001,1752844,1999-04-13T00:00:00Z,5014.4,5013.6,0,7.6,5006.8,7.6,6.8,NA,Unknown,Water level accuracy is unknown,1,Department of Water Resources,NA,1,Department of Water Resources,NA,NA,22561,23N16E36N002M,23N16E36N002M,USGS quad,5 ft.,5-012.02,Chilcoot,Plumas,50,Irrigation,Single Well,NA,1981-04-30 00:00:00 - 2020-04-24 12:00:00,83,spring,NA,NA,6.1,18.38,1999,NA,1998-10-01T00:00:00Z,1999-10-01T00:00:00Z,-120.142,39.7951
397951N1201418W001,1752841,1998-10-14T00:00:00Z,5014.4,5013.6,0,10.9,5003.5,10.9,10.1,NA,Unknown,Water level accuracy is unknown,1,Department of Water Resources,NA,1,Department of Water Resources,NA,NA,22561,23N16E36N002M,23N16E36N002M,USGS quad,5 ft.,5-012.02,Chilcoot,Plumas,50,Irrigation,Single Well,NA,1981-04-30 00:00:00 - 2020-04-24 12:00:00,83,fall,9.1,19.9,NA,NA,1999,NA,1998-10-01T00:00:00Z,1999-10-01T00:00:00Z,-120.142,39.7951
397951N1201418W001,1752842,1998-05-14T00:00:00Z,5014.4,5013.6,0,8,5006.4,8,7.2,NA,Unknown,Water level accuracy is unknown,1,Department of Water Resources,NA,1,Department of Water Resources,NA,NA,22561,23N16E36N002M,23N16E36N002M,USGS quad,5 ft.,5-012.02,Chilcoot,Plumas,50,Irrigation,Single Well,NA,1981-04-30 00:00:00 - 2020-04-24 12:00:00,83,spring,NA,NA,6.1,18.38,1998,NA,1997-10-01T00:00:00Z,1998-10-01T00:00:00Z,-120.142,39.7951
397951N1201418W001,1752840,1997-10-15T00:00:00Z,5014.4,5013.6,0,10.4,5004,10.4,9.6,NA,Unknown,Water level accuracy is unknown,1,Department of Water Resources,NA,1,Department of Water Resources,NA,NA,22561,23N16E36N002M,23N16E36N002M,USGS quad,5 ft.,5-012.02,Chilcoot,Plumas,50,Irrigation,Single Well,NA,1981-04-30 00:00:00 - 2020-04-24 12:00:00,83,fall,9.1,19.9,NA,NA,1998,NA,1997-10-01T00:00:00Z,1998-10-01T00:00:00Z,-120.142,39.7951
397951N1201418W001,1752839,1997-03-26T00:00:00Z,5014.4,5013.6,0,7,5007.4,7,6.2,NA,Unknown,Water level accuracy is unknown,1,Department of Water Resources,NA,1,Department of Water Resources,NA,NA,22561,23N16E36N002M,23N16E36N002M,USGS quad,5 ft.,5-012.02,Chilcoot,Plumas,50,Irrigation,Single Well,NA,1981-04-30 00:00:00 - 2020-04-24 12:00:00,83,spring,NA,NA,6.1,18.38,1997,NA,1996-10-01T00:00:00Z,1997-10-01T00:00:00Z,-120.142,39.7951
397951N1201418W001,1752838,1996-10-29T00:00:00Z,5014.4,5013.6,0,11.5,5002.9,11.5,10.7,NA,Unknown,Water level accuracy is unknown,1,Department of Water Resources,NA,1,Department of Water Resources,NA,NA,22561,23N16E36N002M,23N16E36N002M,USGS quad,5 ft.,5-012.02,Chilcoot,Plumas,50,Irrigation,Single Well,NA,1981-04-30 00:00:00 - 2020-04-24 12:00:00,83,fall,9.1,19.9,NA,NA,1997,NA,1996-10-01T00:00:00Z,1997-10-01T00:00:00Z,-120.142,39.7951
397951N1201418W001,1752837,1996-05-08T00:00:00Z,5014.4,5013.6,0,11.7,5002.7,11.7,10.9,Pumping,Unknown,Water level accuracy is unknown,1,Department of Water Resources,NA,1,Department of Water Resources,NA,NA,22561,23N16E36N002M,23N16E36N002M,USGS quad,5 ft.,5-012.02,Chilcoot,Plumas,50,Irrigation,Single Well,NA,1981-04-30 00:00:00 - 2020-04-24 12:00:00,83,spring,NA,NA,6.1,18.38,1996,NA,1995-10-01T00:00:00Z,1996-10-01T00:00:00Z,-120.142,39.7951
397951N1201418W001,1752836,1995-10-24T00:00:00Z,5014.4,5013.6,0,13.1,5001.3,13.1,12.3,NA,Unknown,Water level accuracy is unknown,1,Department of Water Resources,NA,1,Department of Water Resources,NA,NA,22561,23N16E36N002M,23N16E36N002M,USGS quad,5 ft.,5-012.02,Chilcoot,Plumas,50,Irrigation,Single Well,NA,1981-04-30 00:00:00 - 2020-04-24 12:00:00,83,fall,9.1,19.9,NA,NA,1996,NA,1995-10-01T00:00:00Z,1996-10-01T00:00:00Z,-120.142,39.7951
397951N1201418W001,1752835,1995-06-01T00:00:00Z,5014.4,5013.6,0,10.1,5004.3,10.1,9.3,NA,Unknown,Water level accuracy is unknown,1,Department of Water Resources,NA,1,Department of Water Resources,NA,NA,22561,23N16E36N002M,23N16E36N002M,USGS quad,5 ft.,5-012.02,Chilcoot,Plumas,50,Irrigation,Single Well,NA,1981-04-30 00:00:00 - 2020-04-24 12:00:00,83,other,NA,NA,NA,NA,1995,Wet,1994-10-01T00:00:00Z,1995-10-01T00:00:00Z,-120.142,39.7951
397951N1201418W001,1752834,1994-10-28T00:00:00Z,5014.4,5013.6,0,17,4997.4,17,16.2,NA,Unknown,Water level accuracy is unknown,1,Department of Water Resources,NA,1,Department of Water Resources,NA,NA,22561,23N16E36N002M,23N16E36N002M,USGS quad,5 ft.,5-012.02,Chilcoot,Plumas,50,Irrigation,Single Well,NA,1981-04-30 00:00:00 - 2020-04-24 12:00:00,83,fall,9.1,19.9,NA,NA,1995,Wet,1994-10-01T00:00:00Z,1995-10-01T00:00:00Z,-120.142,39.7951
397951N1201418W001,1752833,1994-03-30T00:00:00Z,5014.4,5013.6,0,14.4,5000,14.4,13.6,NA,Unknown,Water level accuracy is unknown,1,Department of Water Resources,NA,1,Department of Water Resources,NA,NA,22561,23N16E36N002M,23N16E36N002M,USGS quad,5 ft.,5-012.02,Chilcoot,Plumas,50,Irrigation,Single Well,NA,1981-04-30 00:00:00 - 2020-04-24 12:00:00,83,spring,NA,NA,6.1,18.38,1994,Dry,1993-10-01T00:00:00Z,1994-10-01T00:00:00Z,-120.142,39.7951
397951N1201418W001,1752832,1993-10-19T00:00:00Z,5014.4,5013.6,0,15.2,4999.2,15.2,14.4,NA,Unknown,Water level accuracy is unknown,1,Department of Water Resources,NA,1,Department of Water Resources,NA,NA,22561,23N16E36N002M,23N16E36N002M,USGS quad,5 ft.,5-012.02,Chilcoot,Plumas,50,Irrigation,Single Well,NA,1981-04-30 00:00:00 - 2020-04-24 12:00:00,83,fall,9.1,19.9,NA,NA,1994,Dry,1993-10-01T00:00:00Z,1994-10-01T00:00:00Z,-120.142,39.7951
397951N1201418W001,1752831,1993-04-20T00:00:00Z,5014.4,5013.6,0,11.2,5003.2,11.2,10.4,NA,Unknown,Water level accuracy is unknown,1,Department of Water Resources,NA,1,Department of Water Resources,NA,NA,22561,23N16E36N002M,23N16E36N002M,USGS quad,5 ft.,5-012.02,Chilcoot,Plumas,50,Irrigation,Single Well,NA,1981-04-30 00:00:00 - 2020-04-24 12:00:00,83,spring,NA,NA,6.1,18.38,1993,NA,1992-10-01T00:00:00Z,1993-10-01T00:00:00Z,-120.142,39.7951
397951N1201418W001,1752830,1992-10-20T00:00:00Z,5014.4,5013.6,0,18.3,4996.1,18.3,17.5,NA,Unknown,Water level accuracy is unknown,1,Department of Water Resources,NA,1,Department of Water Resources,NA,NA,22561,23N16E36N002M,23N16E36N002M,USGS quad,5 ft.,5-012.02,Chilcoot,Plumas,50,Irrigation,Single Well,NA,1981-04-30 00:00:00 - 2020-04-24 12:00:00,83,fall,9.1,19.9,NA,NA,1993,NA,1992-10-01T00:00:00Z,1993-10-01T00:00:00Z,-120.142,39.7951
397951N1201418W001,1752829,1992-03-25T00:00:00Z,5014.4,5013.6,0,16.4,4998,16.4,15.6,NA,Unknown,Water level accuracy is unknown,1,Department of Water Resources,NA,1,Department of Water Resources,NA,NA,22561,23N16E36N002M,23N16E36N002M,USGS quad,5 ft.,5-012.02,Chilcoot,Plumas,50,Irrigation,Single Well,NA,1981-04-30 00:00:00 - 2020-04-24 12:00:00,83,spring,NA,NA,6.1,18.38,1992,NA,1991-10-01T00:00:00Z,1992-10-01T00:00:00Z,-120.142,39.7951
397951N1201418W001,1752828,1991-10-23T00:00:00Z,5014.4,5013.6,0,16.8,4997.6,16.8,16,NA,Unknown,Water level accuracy is unknown,1,Department of Water Resources,NA,1,Department of Water Resources,NA,NA,22561,23N16E36N002M,23N16E36N002M,USGS quad,5 ft.,5-012.02,Chilcoot,Plumas,50,Irrigation,Single Well,NA,1981-04-30 00:00:00 - 2020-04-24 12:00:00,83,fall,9.1,19.9,NA,NA,1992,NA,1991-10-01T00:00:00Z,1992-10-01T00:00:00Z,-120.142,39.7951
397951N1201418W001,1752827,1991-02-27T00:00:00Z,5014.4,5013.6,0,14.9,4999.5,14.9,14.1,NA,Unknown,Water level accuracy is unknown,1,Department of Water Resources,NA,1,Department of Water Resources,NA,NA,22561,23N16E36N002M,23N16E36N002M,USGS quad,5 ft.,5-012.02,Chilcoot,Plumas,50,Irrigation,Single Well,NA,1981-04-30 00:00:00 - 2020-04-24 12:00:00,83,other,NA,NA,NA,NA,1991,NA,1990-10-01T00:00:00Z,1991-10-01T00:00:00Z,-120.142,39.7951
397951N1201418W001,1752826,1990-10-23T00:00:00Z,5014.4,5013.6,0,15.4,4999,15.4,14.6,NA,Unknown,Water level accuracy is unknown,1,Department of Water Resources,NA,1,Department of Water Resources,NA,NA,22561,23N16E36N002M,23N16E36N002M,USGS quad,5 ft.,5-012.02,Chilcoot,Plumas,50,Irrigation,Single Well,NA,1981-04-30 00:00:00 - 2020-04-24 12:00:00,83,fall,9.1,19.9,NA,NA,1991,NA,1990-10-01T00:00:00Z,1991-10-01T00:00:00Z,-120.142,39.7951
397951N1201418W001,1752825,1990-04-10T00:00:00Z,5014.4,5013.6,0,12.3,5002.1,12.3,11.5,NA,Unknown,Water level accuracy is unknown,1,Department of Water Resources,NA,1,Department of Water Resources,NA,NA,22561,23N16E36N002M,23N16E36N002M,USGS quad,5 ft.,5-012.02,Chilcoot,Plumas,50,Irrigation,Single Well,NA,1981-04-30 00:00:00 - 2020-04-24 12:00:00,83,spring,NA,NA,6.1,18.38,1990,NA,1989-10-01T00:00:00Z,1990-10-01T00:00:00Z,-120.142,39.7951
397951N1201418W001,1752824,1989-09-27T00:00:00Z,5014.4,5013.6,0,14.4,5000,14.4,13.6,NA,Unknown,Water level accuracy is unknown,1,Department of Water Resources,NA,388,Sierra Valley Groundwater Management District,NA,NA,22561,23N16E36N002M,23N16E36N002M,USGS quad,5 ft.,5-012.02,Chilcoot,Plumas,50,Irrigation,Single Well,NA,1981-04-30 00:00:00 - 2020-04-24 12:00:00,83,fall,9.1,19.9,NA,NA,1989,NA,1988-10-01T00:00:00Z,1989-10-01T00:00:00Z,-120.142,39.7951
397951N1201418W001,1752823,1989-04-07T00:00:00Z,5014.4,5013.6,0,10.2,5004.2,10.2,9.4,NA,Unknown,Water level accuracy is unknown,1,Department of Water Resources,NA,1,Department of Water Resources,NA,NA,22561,23N16E36N002M,23N16E36N002M,USGS quad,5 ft.,5-012.02,Chilcoot,Plumas,50,Irrigation,Single Well,NA,1981-04-30 00:00:00 - 2020-04-24 12:00:00,83,spring,NA,NA,6.1,18.38,1989,NA,1988-10-01T00:00:00Z,1989-10-01T00:00:00Z,-120.142,39.7951
397951N1201418W001,1752822,1988-10-24T00:00:00Z,5014.4,5013.6,0,16.3,4998.1,16.3,15.5,NA,Unknown,Water level accuracy is unknown,1,Department of Water Resources,NA,1,Department of Water Resources,NA,NA,22561,23N16E36N002M,23N16E36N002M,USGS quad,5 ft.,5-012.02,Chilcoot,Plumas,50,Irrigation,Single Well,NA,1981-04-30 00:00:00 - 2020-04-24 12:00:00,83,fall,9.1,19.9,NA,NA,1989,NA,1988-10-01T00:00:00Z,1989-10-01T00:00:00Z,-120.142,39.7951
397951N1201418W001,1752821,1988-03-21T00:00:00Z,5014.4,5013.6,0,12,5002.4,12,11.2,NA,Unknown,Water level accuracy is unknown,1,Department of Water Resources,NA,1,Department of Water Resources,NA,NA,22561,23N16E36N002M,23N16E36N002M,USGS quad,5 ft.,5-012.02,Chilcoot,Plumas,50,Irrigation,Single Well,NA,1981-04-30 00:00:00 - 2020-04-24 12:00:00,83,spring,NA,NA,6.1,18.38,1988,NA,1987-10-01T00:00:00Z,1988-10-01T00:00:00Z,-120.142,39.7951
397951N1201418W001,1752820,1987-10-21T00:00:00Z,5014.4,5013.6,0,17.3,4997.1,17.3,16.5,NA,Unknown,Water level accuracy is unknown,1,Department of Water Resources,NA,1,Department of Water Resources,NA,NA,22561,23N16E36N002M,23N16E36N002M,USGS quad,5 ft.,5-012.02,Chilcoot,Plumas,50,Irrigation,Single Well,NA,1981-04-30 00:00:00 - 2020-04-24 12:00:00,83,fall,9.1,19.9,NA,NA,1988,NA,1987-10-01T00:00:00Z,1988-10-01T00:00:00Z,-120.142,39.7951
397951N1201418W001,1752819,1987-04-06T00:00:00Z,5014.4,5013.6,0,9.8,5004.6,9.8,9,NA,Unknown,Water level accuracy is unknown,1,Department of Water Resources,NA,1,Department of Water Resources,NA,NA,22561,23N16E36N002M,23N16E36N002M,USGS quad,5 ft.,5-012.02,Chilcoot,Plumas,50,Irrigation,Single Well,NA,1981-04-30 00:00:00 - 2020-04-24 12:00:00,83,spring,NA,NA,6.1,18.38,1987,Dry,1986-10-01T00:00:00Z,1987-10-01T00:00:00Z,-120.142,39.7951
397951N1201418W001,1752818,1986-10-03T00:00:00Z,5014.4,5013.6,0,11.1,5003.3,11.1,10.3,NA,Unknown,Water level accuracy is unknown,1,Department of Water Resources,NA,1,Department of Water Resources,NA,NA,22561,23N16E36N002M,23N16E36N002M,USGS quad,5 ft.,5-012.02,Chilcoot,Plumas,50,Irrigation,Single Well,NA,1981-04-30 00:00:00 - 2020-04-24 12:00:00,83,fall,9.1,19.9,NA,NA,1987,Dry,1986-10-01T00:00:00Z,1987-10-01T00:00:00Z,-120.142,39.7951
397951N1201418W001,1752817,1986-04-15T00:00:00Z,5014.4,5013.6,0,7.9,5006.5,7.9,7.1,NA,Unknown,Water level accuracy is unknown,1,Department of Water Resources,NA,1,Department of Water Resources,NA,NA,22561,23N16E36N002M,23N16E36N002M,USGS quad,5 ft.,5-012.02,Chilcoot,Plumas,50,Irrigation,Single Well,NA,1981-04-30 00:00:00 - 2020-04-24 12:00:00,83,spring,NA,NA,6.1,18.38,1986,Wet,1985-10-01T00:00:00Z,1986-10-01T00:00:00Z,-120.142,39.7951
397951N1201418W001,1752816,1986-04-01T00:00:00Z,5014.4,5013.6,0,7.8,5006.6,7.8,7,NA,Unknown,Water level accuracy is unknown,1,Department of Water Resources,NA,1,Department of Water Resources,NA,NA,22561,23N16E36N002M,23N16E36N002M,USGS quad,5 ft.,5-012.02,Chilcoot,Plumas,50,Irrigation,Single Well,NA,1981-04-30 00:00:00 - 2020-04-24 12:00:00,83,spring,NA,NA,6.1,18.38,1986,Wet,1985-10-01T00:00:00Z,1986-10-01T00:00:00Z,-120.142,39.7951
397951N1201418W001,1752815,1985-10-04T00:00:00Z,5014.4,5013.6,0,12.4,5002,12.4,11.6,NA,Unknown,Water level accuracy is unknown,1,Department of Water Resources,NA,1,Department of Water Resources,NA,NA,22561,23N16E36N002M,23N16E36N002M,USGS quad,5 ft.,5-012.02,Chilcoot,Plumas,50,Irrigation,Single Well,NA,1981-04-30 00:00:00 - 2020-04-24 12:00:00,83,fall,9.1,19.9,NA,NA,1986,Wet,1985-10-01T00:00:00Z,1986-10-01T00:00:00Z,-120.142,39.7951
397951N1201418W001,1752814,1985-03-26T00:00:00Z,5014.4,5013.6,0,8.6,5005.8,8.6,7.8,NA,Unknown,Water level accuracy is unknown,1,Department of Water Resources,NA,1,Department of Water Resources,NA,NA,22561,23N16E36N002M,23N16E36N002M,USGS quad,5 ft.,5-012.02,Chilcoot,Plumas,50,Irrigation,Single Well,NA,1981-04-30 00:00:00 - 2020-04-24 12:00:00,83,spring,NA,NA,6.1,18.38,1985,Dry,1984-10-01T00:00:00Z,1985-10-01T00:00:00Z,-120.142,39.7951
397951N1201418W001,1752813,1984-10-01T00:00:00Z,5014.4,5013.6,0,10.6,5003.8,10.6,9.8,NA,Unknown,Water level accuracy is unknown,1,Department of Water Resources,NA,1,Department of Water Resources,NA,NA,22561,23N16E36N002M,23N16E36N002M,USGS quad,5 ft.,5-012.02,Chilcoot,Plumas,50,Irrigation,Single Well,NA,1981-04-30 00:00:00 - 2020-04-24 12:00:00,83,fall,9.1,19.9,NA,NA,1985,Dry,1984-10-01T00:00:00Z,1985-10-01T00:00:00Z,-120.142,39.7951
397951N1201418W001,1752812,1984-03-13T00:00:00Z,5014.4,5013.6,0,6.9,5007.5,6.9,6.1,NA,Unknown,Water level accuracy is unknown,1,Department of Water Resources,NA,1,Department of Water Resources,NA,NA,22561,23N16E36N002M,23N16E36N002M,USGS quad,5 ft.,5-012.02,Chilcoot,Plumas,50,Irrigation,Single Well,NA,1981-04-30 00:00:00 - 2020-04-24 12:00:00,83,spring,NA,NA,6.1,18.38,1984,NA,1983-10-01T00:00:00Z,1984-10-01T00:00:00Z,-120.142,39.7951
397951N1201418W001,1752811,1983-09-29T00:00:00Z,5014.4,5013.6,0,9.9,5004.5,9.9,9.1,NA,Unknown,Water level accuracy is unknown,1,Department of Water Resources,NA,1,Department of Water Resources,NA,NA,22561,23N16E36N002M,23N16E36N002M,USGS quad,5 ft.,5-012.02,Chilcoot,Plumas,50,Irrigation,Single Well,NA,1981-04-30 00:00:00 - 2020-04-24 12:00:00,83,fall,9.1,19.9,NA,NA,1983,NA,1982-10-01T00:00:00Z,1983-10-01T00:00:00Z,-120.142,39.7951
397951N1201418W001,1752810,1983-04-15T00:00:00Z,5014.4,5013.6,0,7.8,5006.6,7.8,7,NA,Unknown,Water level accuracy is unknown,1,Department of Water Resources,NA,1,Department of Water Resources,NA,NA,22561,23N16E36N002M,23N16E36N002M,USGS quad,5 ft.,5-012.02,Chilcoot,Plumas,50,Irrigation,Single Well,NA,1981-04-30 00:00:00 - 2020-04-24 12:00:00,83,spring,NA,NA,6.1,18.38,1983,NA,1982-10-01T00:00:00Z,1983-10-01T00:00:00Z,-120.142,39.7951
397951N1201418W001,1752809,1982-10-06T00:00:00Z,5014.4,5013.6,0,13.6,5000.8,13.6,12.8,NA,Unknown,Water level accuracy is unknown,1,Department of Water Resources,NA,1,Department of Water Resources,NA,NA,22561,23N16E36N002M,23N16E36N002M,USGS quad,5 ft.,5-012.02,Chilcoot,Plumas,50,Irrigation,Single Well,NA,1981-04-30 00:00:00 - 2020-04-24 12:00:00,83,fall,9.1,19.9,NA,NA,1983,NA,1982-10-01T00:00:00Z,1983-10-01T00:00:00Z,-120.142,39.7951
397951N1201418W001,1752808,1982-04-27T00:00:00Z,5014.4,5013.6,0,10.5,5003.9,10.5,9.7,NA,Unknown,Water level accuracy is unknown,1,Department of Water Resources,NA,1,Department of Water Resources,NA,NA,22561,23N16E36N002M,23N16E36N002M,USGS quad,5 ft.,5-012.02,Chilcoot,Plumas,50,Irrigation,Single Well,NA,1981-04-30 00:00:00 - 2020-04-24 12:00:00,83,spring,NA,NA,6.1,18.38,1982,Wet,1981-10-01T00:00:00Z,1982-10-01T00:00:00Z,-120.142,39.7951
397951N1201418W001,1752807,1982-02-04T00:00:00Z,5014.4,5013.6,0,14,5000.4,14,13.2,NA,Unknown,Water level accuracy is unknown,1,Department of Water Resources,NA,1,Department of Water Resources,NA,NA,22561,23N16E36N002M,23N16E36N002M,USGS quad,5 ft.,5-012.02,Chilcoot,Plumas,50,Irrigation,Single Well,NA,1981-04-30 00:00:00 - 2020-04-24 12:00:00,83,other,NA,NA,NA,NA,1982,Wet,1981-10-01T00:00:00Z,1982-10-01T00:00:00Z,-120.142,39.7951
397951N1201418W001,1752806,1981-10-06T00:00:00Z,5014.4,5013.6,0,17.9,4996.5,17.9,17.1,NA,Unknown,Water level accuracy is unknown,1,Department of Water Resources,NA,1,Department of Water Resources,NA,NA,22561,23N16E36N002M,23N16E36N002M,USGS quad,5 ft.,5-012.02,Chilcoot,Plumas,50,Irrigation,Single Well,NA,1981-04-30 00:00:00 - 2020-04-24 12:00:00,83,fall,9.1,19.9,NA,NA,1982,Wet,1981-10-01T00:00:00Z,1982-10-01T00:00:00Z,-120.142,39.7951
397951N1201418W001,1752804,1981-08-25T00:00:00Z,5014.4,5013.6,0,17.9,4996.5,17.9,17.1,NA,Unknown,Water level accuracy is unknown,1,Department of Water Resources,NA,1,Department of Water Resources,NA,NA,22561,23N16E36N002M,23N16E36N002M,USGS quad,5 ft.,5-012.02,Chilcoot,Plumas,50,Irrigation,Single Well,NA,1981-04-30 00:00:00 - 2020-04-24 12:00:00,83,fall,9.1,19.9,NA,NA,1981,Dry,1980-10-01T00:00:00Z,1981-10-01T00:00:00Z,-120.142,39.7951
397951N1201418W001,1752803,1981-04-30T00:00:00Z,5014.4,5013.6,0,19,4995.4,19,18.2,Pumping,Unknown,Water level accuracy is unknown,1,Department of Water Resources,NA,1,Department of Water Resources,NA,NA,22561,23N16E36N002M,23N16E36N002M,USGS quad,5 ft.,5-012.02,Chilcoot,Plumas,50,Irrigation,Single Well,NA,1981-04-30 00:00:00 - 2020-04-24 12:00:00,83,spring,NA,NA,6.1,18.38,1981,Dry,1980-10-01T00:00:00Z,1981-10-01T00:00:00Z,-120.142,39.7951
