SITE_CODE,WLM_ID,MSMT_DATE,WLM_RPE,WLM_GSE,RDNG_WS,RDNG_RP,WSE,RPE_WSE,GSE_WSE,WLM_QA_DESC,WLM_DESC,WLM_ACC_DESC,WLM_ORG_ID,WLM_ORG_NAME,MSMT_CMT,COOP_AGENCY_ORG_ID,COOP_ORG_NAME,TOP_PRF,BOT_PRF,STN_ID,SWN,WELL_NAME,WLM_METHOD,WLM_ACC,BASIN_CODE,BASIN_NAME,COUNTY_NAME,WELL_DEPTH,WELL_USE,WELL_TYPE,WCR_NO,t_range,n_samples,season,fall_high,fall_low,spring_high,spring_low,water_year,water_year_type,water_year_start,water_year_end,X,Y
397956N1201417W002,2623627,2020-04-03T12:00:00Z,5011.9,5010.6,0,2.2,5009.7,2.2,0.9,NA,Electric sounder measurement,Water level accuracy to nearest tenth of a foot,1,Department of Water Resources,NA,388,Sierra Valley Groundwater Management District,185,195,38382,23N16E36N004M,DMW 5i,Surveyed to a benchmark,0.1 ft.,5-012.02,Chilcoot,Plumas,205,Observation,Part of a nested/multi-completion well,e016555,2004-10-27 00:00:00 - 2020-04-24 12:00:00,46,spring,NA,NA,0,12.18,2020,Dry,2019-10-01T00:00:00Z,2020-10-01T00:00:00Z,-120.142,39.7956
397956N1201417W002,2493738,2019-10-24T12:00:00Z,5011.9,5010.6,0,2.75,5009.15,2.75,1.45,NA,Electric sounder measurement,Water level accuracy to nearest hundredth of a foot,1,Department of Water Resources,NA,1,Department of Water Resources,185,195,38382,23N16E36N004M,DMW 5i,Surveyed to a benchmark,0.1 ft.,5-012.02,Chilcoot,Plumas,205,Observation,Part of a nested/multi-completion well,e016555,2004-10-27 00:00:00 - 2020-04-24 12:00:00,46,fall,1.45,15.2,NA,NA,2020,Dry,2019-10-01T00:00:00Z,2020-10-01T00:00:00Z,-120.142,39.7956
397956N1201417W002,2454975,2019-04-09T12:00:00Z,5011.9,5010.6,0,1.3,5010.6,1.3,0,NA,Electric sounder measurement,Water level accuracy to nearest hundredth of a foot,1,Department of Water Resources,NA,1,Department of Water Resources,185,195,38382,23N16E36N004M,DMW 5i,Surveyed to a benchmark,0.1 ft.,5-012.02,Chilcoot,Plumas,205,Observation,Part of a nested/multi-completion well,e016555,2004-10-27 00:00:00 - 2020-04-24 12:00:00,46,spring,NA,NA,0,12.18,2019,Wet,2018-10-01T00:00:00Z,2019-10-01T00:00:00Z,-120.142,39.7956
397956N1201417W002,2415043,2018-10-24T12:00:00Z,5011.9,5010.6,0,5.16,5006.74,5.16,3.86,NA,Electric sounder measurement,Water level accuracy to nearest hundredth of a foot,1,Department of Water Resources,NA,1,Department of Water Resources,185,195,38382,23N16E36N004M,DMW 5i,Surveyed to a benchmark,0.1 ft.,5-012.02,Chilcoot,Plumas,205,Observation,Part of a nested/multi-completion well,e016555,2004-10-27 00:00:00 - 2020-04-24 12:00:00,46,fall,1.45,15.2,NA,NA,2019,Wet,2018-10-01T00:00:00Z,2019-10-01T00:00:00Z,-120.142,39.7956
397956N1201417W002,2285982,2018-04-03T12:00:00Z,5011.9,5010.6,0,4.3,5007.6,4.3,3,NA,Electric sounder measurement,Water level accuracy to nearest hundredth of a foot,1,Department of Water Resources,NA,1,Department of Water Resources,185,195,38382,23N16E36N004M,DMW 5i,Surveyed to a benchmark,0.1 ft.,5-012.02,Chilcoot,Plumas,205,Observation,Part of a nested/multi-completion well,e016555,2004-10-27 00:00:00 - 2020-04-24 12:00:00,46,spring,NA,NA,0,12.18,2018,NA,2017-10-01T00:00:00Z,2018-10-01T00:00:00Z,-120.142,39.7956
397956N1201417W002,2268023,2017-10-17T00:00:00Z,5011.9,5010.6,0,6,5005.9,6,4.7,NA,Electric sounder measurement,Water level accuracy to nearest hundredth of a foot,1,Department of Water Resources,NA,1,Department of Water Resources,185,195,38382,23N16E36N004M,DMW 5i,Surveyed to a benchmark,0.1 ft.,5-012.02,Chilcoot,Plumas,205,Observation,Part of a nested/multi-completion well,e016555,2004-10-27 00:00:00 - 2020-04-24 12:00:00,46,fall,1.45,15.2,NA,NA,2018,NA,2017-10-01T00:00:00Z,2018-10-01T00:00:00Z,-120.142,39.7956
397956N1201417W002,2244311,2017-04-04T00:00:00Z,5011.9,5010.6,0,6.75,5005.15,6.75,5.45,NA,Electric sounder measurement,Water level accuracy to nearest hundredth of a foot,1,Department of Water Resources,NA,1,Department of Water Resources,185,195,38382,23N16E36N004M,DMW 5i,Surveyed to a benchmark,0.1 ft.,5-012.02,Chilcoot,Plumas,205,Observation,Part of a nested/multi-completion well,e016555,2004-10-27 00:00:00 - 2020-04-24 12:00:00,46,spring,NA,NA,0,12.18,2017,Wet,2016-10-01T00:00:00Z,2017-10-01T00:00:00Z,-120.142,39.7956
397956N1201417W002,2214141,2016-10-24T00:00:00Z,5011.9,5010.6,0,14.68,4997.22,14.68,13.38,NA,Electric sounder measurement,Water level accuracy to nearest hundredth of a foot,1,Department of Water Resources,NA,1,Department of Water Resources,185,195,38382,23N16E36N004M,DMW 5i,Surveyed to a benchmark,0.1 ft.,5-012.02,Chilcoot,Plumas,205,Observation,Part of a nested/multi-completion well,e016555,2004-10-27 00:00:00 - 2020-04-24 12:00:00,46,fall,1.45,15.2,NA,NA,2017,Wet,2016-10-01T00:00:00Z,2017-10-01T00:00:00Z,-120.142,39.7956
397956N1201417W002,2184607,2016-03-21T00:00:00Z,5011.9,5010.6,0,13.48,4998.42,13.48,12.18,NA,Electric sounder measurement,Water level accuracy to nearest hundredth of a foot,1,Department of Water Resources,NA,1,Department of Water Resources,185,195,38382,23N16E36N004M,DMW 5i,Surveyed to a benchmark,0.1 ft.,5-012.02,Chilcoot,Plumas,205,Observation,Part of a nested/multi-completion well,e016555,2004-10-27 00:00:00 - 2020-04-24 12:00:00,46,spring,NA,NA,0,12.18,2016,NA,2015-10-01T00:00:00Z,2016-10-01T00:00:00Z,-120.142,39.7956
397956N1201417W002,2157083,2015-10-19T00:00:00Z,5011.9,5010.6,0,15.06,4996.84,15.06,13.76,NA,Electric sounder measurement,Water level accuracy to nearest hundredth of a foot,1,Department of Water Resources,NA,1,Department of Water Resources,185,195,38382,23N16E36N004M,DMW 5i,Surveyed to a benchmark,0.1 ft.,5-012.02,Chilcoot,Plumas,205,Observation,Part of a nested/multi-completion well,e016555,2004-10-27 00:00:00 - 2020-04-24 12:00:00,46,fall,1.45,15.2,NA,NA,2016,NA,2015-10-01T00:00:00Z,2016-10-01T00:00:00Z,-120.142,39.7956
397956N1201417W002,2119795,2015-03-23T00:00:00Z,5011.9,5010.6,0,12.99,4998.91,12.99,11.69,NA,Electric sounder measurement,Water level accuracy to nearest hundredth of a foot,1,Department of Water Resources,NA,1,Department of Water Resources,185,195,38382,23N16E36N004M,DMW 5i,Surveyed to a benchmark,0.1 ft.,5-012.02,Chilcoot,Plumas,205,Observation,Part of a nested/multi-completion well,e016555,2004-10-27 00:00:00 - 2020-04-24 12:00:00,46,spring,NA,NA,0,12.18,2015,NA,2014-10-01T00:00:00Z,2015-10-01T00:00:00Z,-120.142,39.7956
397956N1201417W002,2020310,2014-10-20T09:00:00Z,5011.9,5010.6,0,13.62,4998.28,13.62,12.32,NA,Electric sounder measurement,Water level accuracy to nearest hundredth of a foot,1,Department of Water Resources,NA,1,Department of Water Resources,185,195,38382,23N16E36N004M,DMW 5i,Surveyed to a benchmark,0.1 ft.,5-012.02,Chilcoot,Plumas,205,Observation,Part of a nested/multi-completion well,e016555,2004-10-27 00:00:00 - 2020-04-24 12:00:00,46,fall,1.45,15.2,NA,NA,2015,NA,2014-10-01T00:00:00Z,2015-10-01T00:00:00Z,-120.142,39.7956
397956N1201417W002,1880793,2014-03-14T00:00:00Z,5011.9,5010.6,0,11.78,5000.12,11.78,10.48,NA,Electric sounder measurement,Water level accuracy to nearest hundredth of a foot,1,Department of Water Resources,NA,1,Department of Water Resources,185,195,38382,23N16E36N004M,DMW 5i,Surveyed to a benchmark,0.1 ft.,5-012.02,Chilcoot,Plumas,205,Observation,Part of a nested/multi-completion well,e016555,2004-10-27 00:00:00 - 2020-04-24 12:00:00,46,spring,NA,NA,0,12.18,2014,NA,2013-10-01T00:00:00Z,2014-10-01T00:00:00Z,-120.142,39.7956
397956N1201417W002,1797135,2013-10-21T00:00:00Z,5011.9,5010.6,0,12.1,4999.8,12.1,10.8,NA,Electric sounder measurement,Water level accuracy to nearest hundredth of a foot,1,Department of Water Resources,NA,1,Department of Water Resources,185,195,38382,23N16E36N004M,DMW 5i,Surveyed to a benchmark,0.1 ft.,5-012.02,Chilcoot,Plumas,205,Observation,Part of a nested/multi-completion well,e016555,2004-10-27 00:00:00 - 2020-04-24 12:00:00,46,fall,1.45,15.2,NA,NA,2014,NA,2013-10-01T00:00:00Z,2014-10-01T00:00:00Z,-120.142,39.7956
397956N1201417W002,1684454,2013-03-25T00:00:00Z,5011.9,5010.6,0,9.5,5002.4,9.5,8.2,NA,Electric sounder measurement,Water level accuracy to nearest hundredth of a foot,1,Department of Water Resources,NA,1,Department of Water Resources,185,195,38382,23N16E36N004M,DMW 5i,Surveyed to a benchmark,0.1 ft.,5-012.02,Chilcoot,Plumas,205,Observation,Part of a nested/multi-completion well,e016555,2004-10-27 00:00:00 - 2020-04-24 12:00:00,46,spring,NA,NA,0,12.18,2013,Dry,2012-10-01T00:00:00Z,2013-10-01T00:00:00Z,-120.142,39.7956
397956N1201417W002,69395,2012-10-30T00:00:00Z,5011.9,5010.6,0,10.72,5001.18,10.72,9.42,NA,Electric sounder measurement,Water level accuracy to nearest hundredth of a foot,1,Department of Water Resources,NA,1,Department of Water Resources,185,195,38382,23N16E36N004M,DMW 5i,Surveyed to a benchmark,0.1 ft.,5-012.02,Chilcoot,Plumas,205,Observation,Part of a nested/multi-completion well,e016555,2004-10-27 00:00:00 - 2020-04-24 12:00:00,46,fall,1.45,15.2,NA,NA,2013,Dry,2012-10-01T00:00:00Z,2013-10-01T00:00:00Z,-120.142,39.7956
397956N1201417W002,59977,2012-04-18T00:00:00Z,5011.9,5010.6,0,8.16,5003.74,8.16,6.86,NA,Electric sounder measurement,Water level accuracy to nearest hundredth of a foot,1,Department of Water Resources,NA,1,Department of Water Resources,185,195,38382,23N16E36N004M,DMW 5i,Surveyed to a benchmark,0.1 ft.,5-012.02,Chilcoot,Plumas,205,Observation,Part of a nested/multi-completion well,e016555,2004-10-27 00:00:00 - 2020-04-24 12:00:00,46,spring,NA,NA,0,12.18,2012,NA,2011-10-01T00:00:00Z,2012-10-01T00:00:00Z,-120.142,39.7956
397956N1201417W002,39825,2011-10-18T00:00:00Z,5011.9,5010.6,0,9.08,5002.82,9.08,7.78,NA,Electric sounder measurement,Water level accuracy to nearest hundredth of a foot,1,Department of Water Resources,NA,1,Department of Water Resources,185,195,38382,23N16E36N004M,DMW 5i,Surveyed to a benchmark,0.1 ft.,5-012.02,Chilcoot,Plumas,205,Observation,Part of a nested/multi-completion well,e016555,2004-10-27 00:00:00 - 2020-04-24 12:00:00,46,fall,1.45,15.2,NA,NA,2012,NA,2011-10-01T00:00:00Z,2012-10-01T00:00:00Z,-120.142,39.7956
397956N1201417W002,819483,2011-10-18T00:00:00Z,5011.9,5010.6,0,9.08,5002.82,9.08,7.78,NA,Unknown,Water level accuracy is unknown,1,Department of Water Resources,NA,1,Department of Water Resources,185,195,38382,23N16E36N004M,DMW 5i,Surveyed to a benchmark,0.1 ft.,5-012.02,Chilcoot,Plumas,205,Observation,Part of a nested/multi-completion well,e016555,2004-10-27 00:00:00 - 2020-04-24 12:00:00,46,fall,1.45,15.2,NA,NA,2012,NA,2011-10-01T00:00:00Z,2012-10-01T00:00:00Z,-120.142,39.7956
397956N1201417W002,819482,2011-04-26T00:00:00Z,5011.9,5010.6,0,8.1,5003.8,8.1,6.8,NA,Unknown,Water level accuracy is unknown,1,Department of Water Resources,NA,1,Department of Water Resources,185,195,38382,23N16E36N004M,DMW 5i,Surveyed to a benchmark,0.1 ft.,5-012.02,Chilcoot,Plumas,205,Observation,Part of a nested/multi-completion well,e016555,2004-10-27 00:00:00 - 2020-04-24 12:00:00,46,spring,NA,NA,0,12.18,2011,Wet,2010-10-01T00:00:00Z,2011-10-01T00:00:00Z,-120.142,39.7956
397956N1201417W002,819481,2010-10-26T00:00:00Z,5011.9,5010.6,0,12.62,4999.28,12.62,11.32,NA,Unknown,Water level accuracy is unknown,1,Department of Water Resources,NA,1,Department of Water Resources,185,195,38382,23N16E36N004M,DMW 5i,Surveyed to a benchmark,0.1 ft.,5-012.02,Chilcoot,Plumas,205,Observation,Part of a nested/multi-completion well,e016555,2004-10-27 00:00:00 - 2020-04-24 12:00:00,46,fall,1.45,15.2,NA,NA,2011,Wet,2010-10-01T00:00:00Z,2011-10-01T00:00:00Z,-120.142,39.7956
397956N1201417W002,819480,2010-04-06T00:00:00Z,5011.9,5010.6,0,11.15,5000.75,11.15,9.85,NA,Unknown,Water level accuracy is unknown,1,Department of Water Resources,NA,1,Department of Water Resources,185,195,38382,23N16E36N004M,DMW 5i,Surveyed to a benchmark,0.1 ft.,5-012.02,Chilcoot,Plumas,205,Observation,Part of a nested/multi-completion well,e016555,2004-10-27 00:00:00 - 2020-04-24 12:00:00,46,spring,NA,NA,0,12.18,2010,NA,2009-10-01T00:00:00Z,2010-10-01T00:00:00Z,-120.142,39.7956
397956N1201417W002,819479,2009-10-27T00:00:00Z,5011.9,5010.6,0,12.38,4999.52,12.38,11.08,NA,Unknown,Water level accuracy is unknown,1,Department of Water Resources,NA,1,Department of Water Resources,185,195,38382,23N16E36N004M,DMW 5i,Surveyed to a benchmark,0.1 ft.,5-012.02,Chilcoot,Plumas,205,Observation,Part of a nested/multi-completion well,e016555,2004-10-27 00:00:00 - 2020-04-24 12:00:00,46,fall,1.45,15.2,NA,NA,2010,NA,2009-10-01T00:00:00Z,2010-10-01T00:00:00Z,-120.142,39.7956
397956N1201417W002,819478,2008-10-28T00:00:00Z,5011.9,5010.6,0,11.1,5000.8,11.1,9.8,NA,Unknown,Water level accuracy is unknown,1,Department of Water Resources,NA,388,Sierra Valley Groundwater Management District,185,195,38382,23N16E36N004M,DMW 5i,Surveyed to a benchmark,0.1 ft.,5-012.02,Chilcoot,Plumas,205,Observation,Part of a nested/multi-completion well,e016555,2004-10-27 00:00:00 - 2020-04-24 12:00:00,46,fall,1.45,15.2,NA,NA,2009,NA,2008-10-01T00:00:00Z,2009-10-01T00:00:00Z,-120.142,39.7956
397956N1201417W002,819477,2008-04-09T00:00:00Z,5011.9,5010.6,0,9.2,5002.7,9.2,7.9,NA,Unknown,Water level accuracy is unknown,1,Department of Water Resources,NA,388,Sierra Valley Groundwater Management District,185,195,38382,23N16E36N004M,DMW 5i,Surveyed to a benchmark,0.1 ft.,5-012.02,Chilcoot,Plumas,205,Observation,Part of a nested/multi-completion well,e016555,2004-10-27 00:00:00 - 2020-04-24 12:00:00,46,spring,NA,NA,0,12.18,2008,NA,2007-10-01T00:00:00Z,2008-10-01T00:00:00Z,-120.142,39.7956
397956N1201417W002,819476,2007-10-26T00:00:00Z,5011.9,5010.6,0,11.7,5000.2,11.7,10.4,NA,Unknown,Water level accuracy is unknown,1,Department of Water Resources,NA,388,Sierra Valley Groundwater Management District,185,195,38382,23N16E36N004M,DMW 5i,Surveyed to a benchmark,0.1 ft.,5-012.02,Chilcoot,Plumas,205,Observation,Part of a nested/multi-completion well,e016555,2004-10-27 00:00:00 - 2020-04-24 12:00:00,46,fall,1.45,15.2,NA,NA,2008,NA,2007-10-01T00:00:00Z,2008-10-01T00:00:00Z,-120.142,39.7956
397956N1201417W002,819463,2006-04-06T00:00:00Z,5011.9,5010.6,0,8.9,5003,8.9,7.6,NA,Unknown,Water level accuracy is unknown,1,Department of Water Resources,NA,388,Sierra Valley Groundwater Management District,185,195,38382,23N16E36N004M,DMW 5i,Surveyed to a benchmark,0.1 ft.,5-012.02,Chilcoot,Plumas,205,Observation,Part of a nested/multi-completion well,e016555,2004-10-27 00:00:00 - 2020-04-24 12:00:00,46,spring,NA,NA,0,12.18,2006,Wet,2005-10-01T00:00:00Z,2006-10-01T00:00:00Z,-120.142,39.7956
397956N1201417W002,819462,2006-02-03T00:00:00Z,5011.9,5010.6,0,11.9,5000,11.9,10.6,NA,Unknown,Water level accuracy is unknown,1,Department of Water Resources,NA,388,Sierra Valley Groundwater Management District,185,195,38382,23N16E36N004M,DMW 5i,Surveyed to a benchmark,0.1 ft.,5-012.02,Chilcoot,Plumas,205,Observation,Part of a nested/multi-completion well,e016555,2004-10-27 00:00:00 - 2020-04-24 12:00:00,46,other,NA,NA,NA,NA,2006,Wet,2005-10-01T00:00:00Z,2006-10-01T00:00:00Z,-120.142,39.7956
397956N1201417W002,819461,2006-01-04T00:00:00Z,5011.9,5010.6,0,12.9,4999,12.9,11.6,NA,Unknown,Water level accuracy is unknown,1,Department of Water Resources,NA,388,Sierra Valley Groundwater Management District,185,195,38382,23N16E36N004M,DMW 5i,Surveyed to a benchmark,0.1 ft.,5-012.02,Chilcoot,Plumas,205,Observation,Part of a nested/multi-completion well,e016555,2004-10-27 00:00:00 - 2020-04-24 12:00:00,46,other,NA,NA,NA,NA,2006,Wet,2005-10-01T00:00:00Z,2006-10-01T00:00:00Z,-120.142,39.7956
397956N1201417W002,819460,2005-11-30T00:00:00Z,5011.9,5010.6,0,14.5,4997.4,14.5,13.2,NA,Unknown,Water level accuracy is unknown,1,Department of Water Resources,NA,388,Sierra Valley Groundwater Management District,185,195,38382,23N16E36N004M,DMW 5i,Surveyed to a benchmark,0.1 ft.,5-012.02,Chilcoot,Plumas,205,Observation,Part of a nested/multi-completion well,e016555,2004-10-27 00:00:00 - 2020-04-24 12:00:00,46,fall,1.45,15.2,NA,NA,2006,Wet,2005-10-01T00:00:00Z,2006-10-01T00:00:00Z,-120.142,39.7956
397956N1201417W002,819475,2005-11-02T00:00:00Z,5011.9,5010.6,0,15,4996.9,15,13.7,NA,Unknown,Water level accuracy is unknown,1,Department of Water Resources,NA,388,Sierra Valley Groundwater Management District,185,195,38382,23N16E36N004M,DMW 5i,Surveyed to a benchmark,0.1 ft.,5-012.02,Chilcoot,Plumas,205,Observation,Part of a nested/multi-completion well,e016555,2004-10-27 00:00:00 - 2020-04-24 12:00:00,46,fall,1.45,15.2,NA,NA,2006,Wet,2005-10-01T00:00:00Z,2006-10-01T00:00:00Z,-120.142,39.7956
397956N1201417W002,819474,2005-09-29T00:00:00Z,5011.9,5010.6,0,15.7,4996.2,15.7,14.4,NA,Unknown,Water level accuracy is unknown,1,Department of Water Resources,NA,388,Sierra Valley Groundwater Management District,185,195,38382,23N16E36N004M,DMW 5i,Surveyed to a benchmark,0.1 ft.,5-012.02,Chilcoot,Plumas,205,Observation,Part of a nested/multi-completion well,e016555,2004-10-27 00:00:00 - 2020-04-24 12:00:00,46,fall,1.45,15.2,NA,NA,2005,NA,2004-10-01T00:00:00Z,2005-10-01T00:00:00Z,-120.142,39.7956
397956N1201417W002,819473,2005-09-02T00:00:00Z,5011.9,5010.6,0,16.5,4995.4,16.5,15.2,NA,Unknown,Water level accuracy is unknown,1,Department of Water Resources,NA,388,Sierra Valley Groundwater Management District,185,195,38382,23N16E36N004M,DMW 5i,Surveyed to a benchmark,0.1 ft.,5-012.02,Chilcoot,Plumas,205,Observation,Part of a nested/multi-completion well,e016555,2004-10-27 00:00:00 - 2020-04-24 12:00:00,46,fall,1.45,15.2,NA,NA,2005,NA,2004-10-01T00:00:00Z,2005-10-01T00:00:00Z,-120.142,39.7956
397956N1201417W002,819472,2005-07-29T00:00:00Z,5011.9,5010.6,0,14.8,4997.1,14.8,13.5,NA,Unknown,Water level accuracy is unknown,1,Department of Water Resources,NA,388,Sierra Valley Groundwater Management District,185,195,38382,23N16E36N004M,DMW 5i,Surveyed to a benchmark,0.1 ft.,5-012.02,Chilcoot,Plumas,205,Observation,Part of a nested/multi-completion well,e016555,2004-10-27 00:00:00 - 2020-04-24 12:00:00,46,other,NA,NA,NA,NA,2005,NA,2004-10-01T00:00:00Z,2005-10-01T00:00:00Z,-120.142,39.7956
397956N1201417W002,819471,2005-06-29T00:00:00Z,5011.9,5010.6,0,13.5,4998.4,13.5,12.2,NA,Unknown,Water level accuracy is unknown,1,Department of Water Resources,NA,388,Sierra Valley Groundwater Management District,185,195,38382,23N16E36N004M,DMW 5i,Surveyed to a benchmark,0.1 ft.,5-012.02,Chilcoot,Plumas,205,Observation,Part of a nested/multi-completion well,e016555,2004-10-27 00:00:00 - 2020-04-24 12:00:00,46,other,NA,NA,NA,NA,2005,NA,2004-10-01T00:00:00Z,2005-10-01T00:00:00Z,-120.142,39.7956
397956N1201417W002,819470,2005-05-31T00:00:00Z,5011.9,5010.6,0,12.3,4999.6,12.3,11,NA,Unknown,Water level accuracy is unknown,1,Department of Water Resources,NA,388,Sierra Valley Groundwater Management District,185,195,38382,23N16E36N004M,DMW 5i,Surveyed to a benchmark,0.1 ft.,5-012.02,Chilcoot,Plumas,205,Observation,Part of a nested/multi-completion well,e016555,2004-10-27 00:00:00 - 2020-04-24 12:00:00,46,spring,NA,NA,0,12.18,2005,NA,2004-10-01T00:00:00Z,2005-10-01T00:00:00Z,-120.142,39.7956
397956N1201417W002,819469,2005-04-28T00:00:00Z,5011.9,5010.6,0,11.7,5000.2,11.7,10.4,NA,Unknown,Water level accuracy is unknown,1,Department of Water Resources,NA,388,Sierra Valley Groundwater Management District,185,195,38382,23N16E36N004M,DMW 5i,Surveyed to a benchmark,0.1 ft.,5-012.02,Chilcoot,Plumas,205,Observation,Part of a nested/multi-completion well,e016555,2004-10-27 00:00:00 - 2020-04-24 12:00:00,46,spring,NA,NA,0,12.18,2005,NA,2004-10-01T00:00:00Z,2005-10-01T00:00:00Z,-120.142,39.7956
397956N1201417W002,819468,2005-04-02T00:00:00Z,5011.9,5010.6,0,12.2,4999.7,12.2,10.9,NA,Unknown,Water level accuracy is unknown,1,Department of Water Resources,NA,388,Sierra Valley Groundwater Management District,185,195,38382,23N16E36N004M,DMW 5i,Surveyed to a benchmark,0.1 ft.,5-012.02,Chilcoot,Plumas,205,Observation,Part of a nested/multi-completion well,e016555,2004-10-27 00:00:00 - 2020-04-24 12:00:00,46,spring,NA,NA,0,12.18,2005,NA,2004-10-01T00:00:00Z,2005-10-01T00:00:00Z,-120.142,39.7956
397956N1201417W002,819467,2005-03-03T00:00:00Z,5011.9,5010.6,0,12.8,4999.1,12.8,11.5,NA,Unknown,Water level accuracy is unknown,1,Department of Water Resources,NA,388,Sierra Valley Groundwater Management District,185,195,38382,23N16E36N004M,DMW 5i,Surveyed to a benchmark,0.1 ft.,5-012.02,Chilcoot,Plumas,205,Observation,Part of a nested/multi-completion well,e016555,2004-10-27 00:00:00 - 2020-04-24 12:00:00,46,spring,NA,NA,0,12.18,2005,NA,2004-10-01T00:00:00Z,2005-10-01T00:00:00Z,-120.142,39.7956
397956N1201417W002,819466,2005-01-31T00:00:00Z,5011.9,5010.6,0,13.4,4998.5,13.4,12.1,NA,Unknown,Water level accuracy is unknown,1,Department of Water Resources,NA,388,Sierra Valley Groundwater Management District,185,195,38382,23N16E36N004M,DMW 5i,Surveyed to a benchmark,0.1 ft.,5-012.02,Chilcoot,Plumas,205,Observation,Part of a nested/multi-completion well,e016555,2004-10-27 00:00:00 - 2020-04-24 12:00:00,46,other,NA,NA,NA,NA,2005,NA,2004-10-01T00:00:00Z,2005-10-01T00:00:00Z,-120.142,39.7956
397956N1201417W002,819465,2004-12-03T00:00:00Z,5011.9,5010.6,0,13.1,4998.8,13.1,11.8,NA,Unknown,Water level accuracy is unknown,1,Department of Water Resources,NA,388,Sierra Valley Groundwater Management District,185,195,38382,23N16E36N004M,DMW 5i,Surveyed to a benchmark,0.1 ft.,5-012.02,Chilcoot,Plumas,205,Observation,Part of a nested/multi-completion well,e016555,2004-10-27 00:00:00 - 2020-04-24 12:00:00,46,other,NA,NA,NA,NA,2005,NA,2004-10-01T00:00:00Z,2005-10-01T00:00:00Z,-120.142,39.7956
397956N1201417W002,819464,2004-10-27T00:00:00Z,5011.9,5010.6,0,14.29,4997.61,14.29,12.99,NA,Unknown,Water level accuracy is unknown,1,Department of Water Resources,NA,388,Sierra Valley Groundwater Management District,185,195,38382,23N16E36N004M,DMW 5i,Surveyed to a benchmark,0.1 ft.,5-012.02,Chilcoot,Plumas,205,Observation,Part of a nested/multi-completion well,e016555,2004-10-27 00:00:00 - 2020-04-24 12:00:00,46,fall,1.45,15.2,NA,NA,2005,NA,2004-10-01T00:00:00Z,2005-10-01T00:00:00Z,-120.142,39.7956
