SITE_CODE,WLM_ID,MSMT_DATE,WLM_RPE,WLM_GSE,RDNG_WS,RDNG_RP,WSE,RPE_WSE,GSE_WSE,WLM_QA_DESC,WLM_DESC,WLM_ACC_DESC,WLM_ORG_ID,WLM_ORG_NAME,MSMT_CMT,COOP_AGENCY_ORG_ID,COOP_ORG_NAME,TOP_PRF,BOT_PRF,STN_ID,SWN,WELL_NAME,WLM_METHOD,WLM_ACC,BASIN_CODE,BASIN_NAME,COUNTY_NAME,WELL_DEPTH,WELL_USE,WELL_TYPE,WCR_NO,t_range,n_samples,season,fall_high,fall_low,spring_high,spring_low,water_year,water_year_type,water_year_start,water_year_end,X,Y
397927N1201294W001,2493718,2019-10-24T12:00:00Z,5094,5093.6,0,33.55,5060.45,33.55,33.15,NA,Electric sounder measurement,Water level accuracy to nearest hundredth of a foot,1,Department of Water Resources,NA,1,Department of Water Resources,NA,NA,36035,22N16E01A002M,22N16E01A002M,USGS quad,5 ft.,5-012.02,Chilcoot,Plumas,130,Residential,Single Well,132427,1985-03-26 00:00:00 - 2020-04-24 12:00:00,72,fall,20.8,54,NA,NA,2020,Dry,2019-10-01T00:00:00Z,2020-10-01T00:00:00Z,-120.129,39.7925
397927N1201294W001,2454955,2019-04-09T12:00:00Z,5094,5093.6,0,32.35,5061.65,32.35,31.95,NA,Electric sounder measurement,Water level accuracy to nearest hundredth of a foot,1,Department of Water Resources,NA,1,Department of Water Resources,NA,NA,36035,22N16E01A002M,22N16E01A002M,USGS quad,5 ft.,5-012.02,Chilcoot,Plumas,130,Residential,Single Well,132427,1985-03-26 00:00:00 - 2020-04-24 12:00:00,72,spring,NA,NA,28.6,49.75,2019,Wet,2018-10-01T00:00:00Z,2019-10-01T00:00:00Z,-120.129,39.7925
397927N1201294W001,2415023,2018-10-24T12:00:00Z,5094,5093.6,0,35.65,5058.35,35.65,35.25,NA,Electric sounder measurement,Water level accuracy to nearest hundredth of a foot,1,Department of Water Resources,NA,1,Department of Water Resources,NA,NA,36035,22N16E01A002M,22N16E01A002M,USGS quad,5 ft.,5-012.02,Chilcoot,Plumas,130,Residential,Single Well,132427,1985-03-26 00:00:00 - 2020-04-24 12:00:00,72,fall,20.8,54,NA,NA,2019,Wet,2018-10-01T00:00:00Z,2019-10-01T00:00:00Z,-120.129,39.7925
397927N1201294W001,2285962,2018-04-02T12:00:00Z,5094,5093.6,0,37.86,5056.14,37.86,37.46,NA,Electric sounder measurement,Water level accuracy to nearest hundredth of a foot,1,Department of Water Resources,NA,1,Department of Water Resources,NA,NA,36035,22N16E01A002M,22N16E01A002M,USGS quad,5 ft.,5-012.02,Chilcoot,Plumas,130,Residential,Single Well,132427,1985-03-26 00:00:00 - 2020-04-24 12:00:00,72,spring,NA,NA,28.6,49.75,2018,NA,2017-10-01T00:00:00Z,2018-10-01T00:00:00Z,-120.129,39.7925
397927N1201294W001,2214120,2016-10-24T00:00:00Z,5094,5093.6,0,49.94,5044.06,49.94,49.54,NA,Electric sounder measurement,Water level accuracy to nearest hundredth of a foot,1,Department of Water Resources,NA,1,Department of Water Resources,NA,NA,36035,22N16E01A002M,22N16E01A002M,USGS quad,5 ft.,5-012.02,Chilcoot,Plumas,130,Residential,Single Well,132427,1985-03-26 00:00:00 - 2020-04-24 12:00:00,72,fall,20.8,54,NA,NA,2017,Wet,2016-10-01T00:00:00Z,2017-10-01T00:00:00Z,-120.129,39.7925
397927N1201294W001,2184586,2016-03-21T00:00:00Z,5094,5093.6,0,48.9,5045.1,48.9,48.5,NA,Electric sounder measurement,Water level accuracy to nearest hundredth of a foot,1,Department of Water Resources,NA,1,Department of Water Resources,NA,NA,36035,22N16E01A002M,22N16E01A002M,USGS quad,5 ft.,5-012.02,Chilcoot,Plumas,130,Residential,Single Well,132427,1985-03-26 00:00:00 - 2020-04-24 12:00:00,72,spring,NA,NA,28.6,49.75,2016,NA,2015-10-01T00:00:00Z,2016-10-01T00:00:00Z,-120.129,39.7925
397927N1201294W001,2157060,2015-10-19T00:00:00Z,5094,5093.6,0,52.26,5041.74,52.26,51.86,NA,Electric sounder measurement,Water level accuracy to nearest hundredth of a foot,1,Department of Water Resources,NA,1,Department of Water Resources,NA,NA,36035,22N16E01A002M,22N16E01A002M,USGS quad,5 ft.,5-012.02,Chilcoot,Plumas,130,Residential,Single Well,132427,1985-03-26 00:00:00 - 2020-04-24 12:00:00,72,fall,20.8,54,NA,NA,2016,NA,2015-10-01T00:00:00Z,2016-10-01T00:00:00Z,-120.129,39.7925
397927N1201294W001,2119772,2015-03-23T00:00:00Z,5094,5093.6,0,50.15,5043.85,50.15,49.75,NA,Electric sounder measurement,Water level accuracy to nearest hundredth of a foot,1,Department of Water Resources,NA,1,Department of Water Resources,NA,NA,36035,22N16E01A002M,22N16E01A002M,USGS quad,5 ft.,5-012.02,Chilcoot,Plumas,130,Residential,Single Well,132427,1985-03-26 00:00:00 - 2020-04-24 12:00:00,72,spring,NA,NA,28.6,49.75,2015,NA,2014-10-01T00:00:00Z,2015-10-01T00:00:00Z,-120.129,39.7925
397927N1201294W001,2020287,2014-10-20T10:00:00Z,5094,5093.6,8.8,30,5072.8,21.2,20.8,NA,Steel tape measurement,Water level accuracy to nearest tenth of a foot,1,Department of Water Resources,NA,1,Department of Water Resources,NA,NA,36035,22N16E01A002M,22N16E01A002M,USGS quad,5 ft.,5-012.02,Chilcoot,Plumas,130,Residential,Single Well,132427,1985-03-26 00:00:00 - 2020-04-24 12:00:00,72,fall,20.8,54,NA,NA,2015,NA,2014-10-01T00:00:00Z,2015-10-01T00:00:00Z,-120.129,39.7925
397927N1201294W001,1880770,2014-03-14T00:00:00Z,5094,5093.6,0,46.97,5047.03,46.97,46.57,NA,Electric sounder measurement,Water level accuracy to nearest hundredth of a foot,1,Department of Water Resources,NA,1,Department of Water Resources,NA,NA,36035,22N16E01A002M,22N16E01A002M,USGS quad,5 ft.,5-012.02,Chilcoot,Plumas,130,Residential,Single Well,132427,1985-03-26 00:00:00 - 2020-04-24 12:00:00,72,spring,NA,NA,28.6,49.75,2014,NA,2013-10-01T00:00:00Z,2014-10-01T00:00:00Z,-120.129,39.7925
397927N1201294W001,1797112,2013-10-21T00:00:00Z,5094,5093.6,0,48.55,5045.45,48.55,48.15,NA,Steel tape measurement,Water level accuracy to nearest tenth of a foot,1,Department of Water Resources,NA,1,Department of Water Resources,NA,NA,36035,22N16E01A002M,22N16E01A002M,USGS quad,5 ft.,5-012.02,Chilcoot,Plumas,130,Residential,Single Well,132427,1985-03-26 00:00:00 - 2020-04-24 12:00:00,72,fall,20.8,54,NA,NA,2014,NA,2013-10-01T00:00:00Z,2014-10-01T00:00:00Z,-120.129,39.7925
397927N1201294W001,1684431,2013-03-25T00:00:00Z,5094.03,5093.63,0,44.55,5049.48,44.55,44.15,NA,Electric sounder measurement,Water level accuracy to nearest hundredth of a foot,1,Department of Water Resources,NA,1,Department of Water Resources,NA,NA,36035,22N16E01A002M,22N16E01A002M,USGS quad,5 ft.,5-012.02,Chilcoot,Plumas,130,Residential,Single Well,132427,1985-03-26 00:00:00 - 2020-04-24 12:00:00,72,spring,NA,NA,28.6,49.75,2013,Dry,2012-10-01T00:00:00Z,2013-10-01T00:00:00Z,-120.129,39.7925
397927N1201294W001,69372,2012-10-30T00:00:00Z,5094.03,5093.63,0,45.62,5048.41,45.62,45.22,NA,Electric sounder measurement,Water level accuracy to nearest hundredth of a foot,1,Department of Water Resources,NA,1,Department of Water Resources,NA,NA,36035,22N16E01A002M,22N16E01A002M,USGS quad,5 ft.,5-012.02,Chilcoot,Plumas,130,Residential,Single Well,132427,1985-03-26 00:00:00 - 2020-04-24 12:00:00,72,fall,20.8,54,NA,NA,2013,Dry,2012-10-01T00:00:00Z,2013-10-01T00:00:00Z,-120.129,39.7925
397927N1201294W001,59954,2012-04-18T00:00:00Z,5094.03,5093.63,8.2,50,5052.23,41.8,41.4,NA,Steel tape measurement,Water level accuracy to nearest tenth of a foot,1,Department of Water Resources,NA,1,Department of Water Resources,NA,NA,36035,22N16E01A002M,22N16E01A002M,USGS quad,5 ft.,5-012.02,Chilcoot,Plumas,130,Residential,Single Well,132427,1985-03-26 00:00:00 - 2020-04-24 12:00:00,72,spring,NA,NA,28.6,49.75,2012,NA,2011-10-01T00:00:00Z,2012-10-01T00:00:00Z,-120.129,39.7925
397927N1201294W001,39802,2011-10-18T00:00:00Z,5094.03,5093.63,0,42.2,5051.83,42.2,41.8,NA,Steel tape measurement,Water level accuracy to nearest tenth of a foot,1,Department of Water Resources,NA,1,Department of Water Resources,NA,NA,36035,22N16E01A002M,22N16E01A002M,USGS quad,5 ft.,5-012.02,Chilcoot,Plumas,130,Residential,Single Well,132427,1985-03-26 00:00:00 - 2020-04-24 12:00:00,72,fall,20.8,54,NA,NA,2012,NA,2011-10-01T00:00:00Z,2012-10-01T00:00:00Z,-120.129,39.7925
397927N1201294W001,1752563,2011-10-18T00:00:00Z,5094,5093.6,0,42.2,5051.8,42.2,41.8,NA,Unknown,Water level accuracy is unknown,1,Department of Water Resources,NA,1,Department of Water Resources,NA,NA,36035,22N16E01A002M,22N16E01A002M,USGS quad,5 ft.,5-012.02,Chilcoot,Plumas,130,Residential,Single Well,132427,1985-03-26 00:00:00 - 2020-04-24 12:00:00,72,fall,20.8,54,NA,NA,2012,NA,2011-10-01T00:00:00Z,2012-10-01T00:00:00Z,-120.129,39.7925
397927N1201294W001,1752562,2011-04-26T00:00:00Z,5094,5093.6,0,39.7,5054.3,39.7,39.3,NA,Unknown,Water level accuracy is unknown,1,Department of Water Resources,NA,1,Department of Water Resources,NA,NA,36035,22N16E01A002M,22N16E01A002M,USGS quad,5 ft.,5-012.02,Chilcoot,Plumas,130,Residential,Single Well,132427,1985-03-26 00:00:00 - 2020-04-24 12:00:00,72,spring,NA,NA,28.6,49.75,2011,Wet,2010-10-01T00:00:00Z,2011-10-01T00:00:00Z,-120.129,39.7925
397927N1201294W001,1752561,2010-10-26T00:00:00Z,5094,5093.6,0,45.6,5048.4,45.6,45.2,NA,Unknown,Water level accuracy is unknown,1,Department of Water Resources,NA,1,Department of Water Resources,NA,NA,36035,22N16E01A002M,22N16E01A002M,USGS quad,5 ft.,5-012.02,Chilcoot,Plumas,130,Residential,Single Well,132427,1985-03-26 00:00:00 - 2020-04-24 12:00:00,72,fall,20.8,54,NA,NA,2011,Wet,2010-10-01T00:00:00Z,2011-10-01T00:00:00Z,-120.129,39.7925
397927N1201294W001,1752560,2010-04-06T00:00:00Z,5094,5093.6,0,43,5051,43,42.6,NA,Unknown,Water level accuracy is unknown,1,Department of Water Resources,NA,1,Department of Water Resources,NA,NA,36035,22N16E01A002M,22N16E01A002M,USGS quad,5 ft.,5-012.02,Chilcoot,Plumas,130,Residential,Single Well,132427,1985-03-26 00:00:00 - 2020-04-24 12:00:00,72,spring,NA,NA,28.6,49.75,2010,NA,2009-10-01T00:00:00Z,2010-10-01T00:00:00Z,-120.129,39.7925
397927N1201294W001,1752559,2009-10-27T00:00:00Z,5094,5093.6,0,44.1,5049.9,44.1,43.7,NA,Unknown,Water level accuracy is unknown,1,Department of Water Resources,NA,1,Department of Water Resources,NA,NA,36035,22N16E01A002M,22N16E01A002M,USGS quad,5 ft.,5-012.02,Chilcoot,Plumas,130,Residential,Single Well,132427,1985-03-26 00:00:00 - 2020-04-24 12:00:00,72,fall,20.8,54,NA,NA,2010,NA,2009-10-01T00:00:00Z,2010-10-01T00:00:00Z,-120.129,39.7925
397927N1201294W001,1752555,2008-04-09T00:00:00Z,5094,5093.6,0,43.1,5050.9,43.1,42.7,NA,Unknown,Water level accuracy is unknown,1,Department of Water Resources,NA,1,Department of Water Resources,NA,NA,36035,22N16E01A002M,22N16E01A002M,USGS quad,5 ft.,5-012.02,Chilcoot,Plumas,130,Residential,Single Well,132427,1985-03-26 00:00:00 - 2020-04-24 12:00:00,72,spring,NA,NA,28.6,49.75,2008,NA,2007-10-01T00:00:00Z,2008-10-01T00:00:00Z,-120.129,39.7925
397927N1201294W001,1752554,2006-10-17T00:00:00Z,5094,5093.6,0,43.4,5050.6,43.4,43,NA,Unknown,Water level accuracy is unknown,1,Department of Water Resources,NA,1,Department of Water Resources,NA,NA,36035,22N16E01A002M,22N16E01A002M,USGS quad,5 ft.,5-012.02,Chilcoot,Plumas,130,Residential,Single Well,132427,1985-03-26 00:00:00 - 2020-04-24 12:00:00,72,fall,20.8,54,NA,NA,2007,Dry,2006-10-01T00:00:00Z,2007-10-01T00:00:00Z,-120.129,39.7925
397927N1201294W001,1752553,2006-04-19T00:00:00Z,5094,5093.6,0,43.3,5050.7,43.3,42.9,NA,Unknown,Water level accuracy is unknown,1,Department of Water Resources,NA,1,Department of Water Resources,NA,NA,36035,22N16E01A002M,22N16E01A002M,USGS quad,5 ft.,5-012.02,Chilcoot,Plumas,130,Residential,Single Well,132427,1985-03-26 00:00:00 - 2020-04-24 12:00:00,72,spring,NA,NA,28.6,49.75,2006,Wet,2005-10-01T00:00:00Z,2006-10-01T00:00:00Z,-120.129,39.7925
397927N1201294W001,1752552,2005-10-27T00:00:00Z,5094,5093.6,0,54.4,5039.6,54.4,54,NA,Unknown,Water level accuracy is unknown,1,Department of Water Resources,NA,1,Department of Water Resources,NA,NA,36035,22N16E01A002M,22N16E01A002M,USGS quad,5 ft.,5-012.02,Chilcoot,Plumas,130,Residential,Single Well,132427,1985-03-26 00:00:00 - 2020-04-24 12:00:00,72,fall,20.8,54,NA,NA,2006,Wet,2005-10-01T00:00:00Z,2006-10-01T00:00:00Z,-120.129,39.7925
397927N1201294W001,1752551,2005-04-05T00:00:00Z,5094,5093.6,0,45.8,5048.2,45.8,45.4,NA,Unknown,Water level accuracy is unknown,1,Department of Water Resources,NA,1,Department of Water Resources,NA,NA,36035,22N16E01A002M,22N16E01A002M,USGS quad,5 ft.,5-012.02,Chilcoot,Plumas,130,Residential,Single Well,132427,1985-03-26 00:00:00 - 2020-04-24 12:00:00,72,spring,NA,NA,28.6,49.75,2005,NA,2004-10-01T00:00:00Z,2005-10-01T00:00:00Z,-120.129,39.7925
397927N1201294W001,1752550,2004-10-14T00:00:00Z,5094,5093.6,0,50.6,5043.4,50.6,50.2,NA,Unknown,Water level accuracy is unknown,1,Department of Water Resources,NA,1,Department of Water Resources,NA,NA,36035,22N16E01A002M,22N16E01A002M,USGS quad,5 ft.,5-012.02,Chilcoot,Plumas,130,Residential,Single Well,132427,1985-03-26 00:00:00 - 2020-04-24 12:00:00,72,fall,20.8,54,NA,NA,2005,NA,2004-10-01T00:00:00Z,2005-10-01T00:00:00Z,-120.129,39.7925
397927N1201294W001,1752549,2004-04-08T00:00:00Z,5094,5093.6,0,48.9,5045.1,48.9,48.5,NA,Unknown,Water level accuracy is unknown,1,Department of Water Resources,NA,1,Department of Water Resources,NA,NA,36035,22N16E01A002M,22N16E01A002M,USGS quad,5 ft.,5-012.02,Chilcoot,Plumas,130,Residential,Single Well,132427,1985-03-26 00:00:00 - 2020-04-24 12:00:00,72,spring,NA,NA,28.6,49.75,2004,NA,2003-10-01T00:00:00Z,2004-10-01T00:00:00Z,-120.129,39.7925
397927N1201294W001,1752548,2003-10-28T00:00:00Z,5094,5093.6,0,50.5,5043.5,50.5,50.1,NA,Unknown,Water level accuracy is unknown,1,Department of Water Resources,NA,1,Department of Water Resources,NA,NA,36035,22N16E01A002M,22N16E01A002M,USGS quad,5 ft.,5-012.02,Chilcoot,Plumas,130,Residential,Single Well,132427,1985-03-26 00:00:00 - 2020-04-24 12:00:00,72,fall,20.8,54,NA,NA,2004,NA,2003-10-01T00:00:00Z,2004-10-01T00:00:00Z,-120.129,39.7925
397927N1201294W001,1752547,2003-03-29T00:00:00Z,5094,5093.6,0,45.6,5048.4,45.6,45.2,NA,Unknown,Water level accuracy is unknown,1,Department of Water Resources,NA,1,Department of Water Resources,NA,NA,36035,22N16E01A002M,22N16E01A002M,USGS quad,5 ft.,5-012.02,Chilcoot,Plumas,130,Residential,Single Well,132427,1985-03-26 00:00:00 - 2020-04-24 12:00:00,72,spring,NA,NA,28.6,49.75,2003,NA,2002-10-01T00:00:00Z,2003-10-01T00:00:00Z,-120.129,39.7925
397927N1201294W001,1752546,2002-10-24T00:00:00Z,5094,5093.6,0,42.8,5051.2,42.8,42.4,NA,Unknown,Water level accuracy is unknown,1,Department of Water Resources,NA,1,Department of Water Resources,NA,NA,36035,22N16E01A002M,22N16E01A002M,USGS quad,5 ft.,5-012.02,Chilcoot,Plumas,130,Residential,Single Well,132427,1985-03-26 00:00:00 - 2020-04-24 12:00:00,72,fall,20.8,54,NA,NA,2003,NA,2002-10-01T00:00:00Z,2003-10-01T00:00:00Z,-120.129,39.7925
397927N1201294W001,1752545,2002-03-28T00:00:00Z,5094,5093.6,0,40.2,5053.8,40.2,39.8,NA,Unknown,Water level accuracy is unknown,1,Department of Water Resources,NA,1,Department of Water Resources,NA,NA,36035,22N16E01A002M,22N16E01A002M,USGS quad,5 ft.,5-012.02,Chilcoot,Plumas,130,Residential,Single Well,132427,1985-03-26 00:00:00 - 2020-04-24 12:00:00,72,spring,NA,NA,28.6,49.75,2002,NA,2001-10-01T00:00:00Z,2002-10-01T00:00:00Z,-120.129,39.7925
397927N1201294W001,1752544,2001-10-17T00:00:00Z,5094,5093.6,0,40.3,5053.7,40.3,39.9,NA,Unknown,Water level accuracy is unknown,1,Department of Water Resources,NA,1,Department of Water Resources,NA,NA,36035,22N16E01A002M,22N16E01A002M,USGS quad,5 ft.,5-012.02,Chilcoot,Plumas,130,Residential,Single Well,132427,1985-03-26 00:00:00 - 2020-04-24 12:00:00,72,fall,20.8,54,NA,NA,2002,NA,2001-10-01T00:00:00Z,2002-10-01T00:00:00Z,-120.129,39.7925
397927N1201294W001,1752543,2001-03-28T00:00:00Z,5094,5093.6,0,37.6,5056.4,37.6,37.2,NA,Unknown,Water level accuracy is unknown,1,Department of Water Resources,NA,1,Department of Water Resources,NA,NA,36035,22N16E01A002M,22N16E01A002M,USGS quad,5 ft.,5-012.02,Chilcoot,Plumas,130,Residential,Single Well,132427,1985-03-26 00:00:00 - 2020-04-24 12:00:00,72,spring,NA,NA,28.6,49.75,2001,Dry,2000-10-01T00:00:00Z,2001-10-01T00:00:00Z,-120.129,39.7925
397927N1201294W001,1752542,2000-10-18T00:00:00Z,5094,5093.6,0,39.1,5054.9,39.1,38.7,NA,Unknown,Water level accuracy is unknown,1,Department of Water Resources,NA,1,Department of Water Resources,NA,NA,36035,22N16E01A002M,22N16E01A002M,USGS quad,5 ft.,5-012.02,Chilcoot,Plumas,130,Residential,Single Well,132427,1985-03-26 00:00:00 - 2020-04-24 12:00:00,72,fall,20.8,54,NA,NA,2001,Dry,2000-10-01T00:00:00Z,2001-10-01T00:00:00Z,-120.129,39.7925
397927N1201294W001,1752541,2000-03-26T00:00:00Z,5094,5093.6,0,33.3,5060.7,33.3,32.9,NA,Unknown,Water level accuracy is unknown,1,Department of Water Resources,NA,1,Department of Water Resources,NA,NA,36035,22N16E01A002M,22N16E01A002M,USGS quad,5 ft.,5-012.02,Chilcoot,Plumas,130,Residential,Single Well,132427,1985-03-26 00:00:00 - 2020-04-24 12:00:00,72,spring,NA,NA,28.6,49.75,2000,NA,1999-10-01T00:00:00Z,2000-10-01T00:00:00Z,-120.129,39.7925
397927N1201294W001,1752539,1999-10-11T00:00:00Z,5094,5093.6,0,38.1,5055.9,38.1,37.7,NA,Unknown,Water level accuracy is unknown,1,Department of Water Resources,NA,1,Department of Water Resources,NA,NA,36035,22N16E01A002M,22N16E01A002M,USGS quad,5 ft.,5-012.02,Chilcoot,Plumas,130,Residential,Single Well,132427,1985-03-26 00:00:00 - 2020-04-24 12:00:00,72,fall,20.8,54,NA,NA,2000,NA,1999-10-01T00:00:00Z,2000-10-01T00:00:00Z,-120.129,39.7925
397927N1201294W001,1752540,1999-04-13T00:00:00Z,5094,5093.6,0,29,5065,29,28.6,NA,Unknown,Water level accuracy is unknown,1,Department of Water Resources,NA,1,Department of Water Resources,NA,NA,36035,22N16E01A002M,22N16E01A002M,USGS quad,5 ft.,5-012.02,Chilcoot,Plumas,130,Residential,Single Well,132427,1985-03-26 00:00:00 - 2020-04-24 12:00:00,72,spring,NA,NA,28.6,49.75,1999,NA,1998-10-01T00:00:00Z,1999-10-01T00:00:00Z,-120.129,39.7925
397927N1201294W001,1752537,1998-10-14T00:00:00Z,5094,5093.6,0,34.4,5059.6,34.4,34,NA,Unknown,Water level accuracy is unknown,1,Department of Water Resources,NA,1,Department of Water Resources,NA,NA,36035,22N16E01A002M,22N16E01A002M,USGS quad,5 ft.,5-012.02,Chilcoot,Plumas,130,Residential,Single Well,132427,1985-03-26 00:00:00 - 2020-04-24 12:00:00,72,fall,20.8,54,NA,NA,1999,NA,1998-10-01T00:00:00Z,1999-10-01T00:00:00Z,-120.129,39.7925
397927N1201294W001,1752538,1998-05-14T00:00:00Z,5094,5093.6,0,30.2,5063.8,30.2,29.8,NA,Unknown,Water level accuracy is unknown,1,Department of Water Resources,NA,1,Department of Water Resources,NA,NA,36035,22N16E01A002M,22N16E01A002M,USGS quad,5 ft.,5-012.02,Chilcoot,Plumas,130,Residential,Single Well,132427,1985-03-26 00:00:00 - 2020-04-24 12:00:00,72,spring,NA,NA,28.6,49.75,1998,NA,1997-10-01T00:00:00Z,1998-10-01T00:00:00Z,-120.129,39.7925
397927N1201294W001,1752536,1997-10-15T00:00:00Z,5094,5093.6,0,36.4,5057.6,36.4,36,NA,Unknown,Water level accuracy is unknown,1,Department of Water Resources,NA,1,Department of Water Resources,NA,NA,36035,22N16E01A002M,22N16E01A002M,USGS quad,5 ft.,5-012.02,Chilcoot,Plumas,130,Residential,Single Well,132427,1985-03-26 00:00:00 - 2020-04-24 12:00:00,72,fall,20.8,54,NA,NA,1998,NA,1997-10-01T00:00:00Z,1998-10-01T00:00:00Z,-120.129,39.7925
397927N1201294W001,1752535,1997-03-26T00:00:00Z,5094,5093.6,0,29.4,5064.6,29.4,29,NA,Unknown,Water level accuracy is unknown,1,Department of Water Resources,NA,1,Department of Water Resources,NA,NA,36035,22N16E01A002M,22N16E01A002M,USGS quad,5 ft.,5-012.02,Chilcoot,Plumas,130,Residential,Single Well,132427,1985-03-26 00:00:00 - 2020-04-24 12:00:00,72,spring,NA,NA,28.6,49.75,1997,NA,1996-10-01T00:00:00Z,1997-10-01T00:00:00Z,-120.129,39.7925
397927N1201294W001,1752534,1996-10-29T00:00:00Z,5094,5093.6,0,34.4,5059.6,34.4,34,NA,Unknown,Water level accuracy is unknown,1,Department of Water Resources,NA,1,Department of Water Resources,NA,NA,36035,22N16E01A002M,22N16E01A002M,USGS quad,5 ft.,5-012.02,Chilcoot,Plumas,130,Residential,Single Well,132427,1985-03-26 00:00:00 - 2020-04-24 12:00:00,72,fall,20.8,54,NA,NA,1997,NA,1996-10-01T00:00:00Z,1997-10-01T00:00:00Z,-120.129,39.7925
397927N1201294W001,1752533,1996-05-08T00:00:00Z,5094,5093.6,0,33.3,5060.7,33.3,32.9,NA,Unknown,Water level accuracy is unknown,1,Department of Water Resources,NA,1,Department of Water Resources,NA,NA,36035,22N16E01A002M,22N16E01A002M,USGS quad,5 ft.,5-012.02,Chilcoot,Plumas,130,Residential,Single Well,132427,1985-03-26 00:00:00 - 2020-04-24 12:00:00,72,spring,NA,NA,28.6,49.75,1996,NA,1995-10-01T00:00:00Z,1996-10-01T00:00:00Z,-120.129,39.7925
397927N1201294W001,1752532,1995-10-24T00:00:00Z,5094,5093.6,0,39.1,5054.9,39.1,38.7,NA,Unknown,Water level accuracy is unknown,1,Department of Water Resources,NA,1,Department of Water Resources,NA,NA,36035,22N16E01A002M,22N16E01A002M,USGS quad,5 ft.,5-012.02,Chilcoot,Plumas,130,Residential,Single Well,132427,1985-03-26 00:00:00 - 2020-04-24 12:00:00,72,fall,20.8,54,NA,NA,1996,NA,1995-10-01T00:00:00Z,1996-10-01T00:00:00Z,-120.129,39.7925
397927N1201294W001,1752531,1995-06-01T00:00:00Z,5094,5093.6,0,39.3,5054.7,39.3,38.9,NA,Unknown,Water level accuracy is unknown,1,Department of Water Resources,NA,1,Department of Water Resources,NA,NA,36035,22N16E01A002M,22N16E01A002M,USGS quad,5 ft.,5-012.02,Chilcoot,Plumas,130,Residential,Single Well,132427,1985-03-26 00:00:00 - 2020-04-24 12:00:00,72,other,NA,NA,NA,NA,1995,Wet,1994-10-01T00:00:00Z,1995-10-01T00:00:00Z,-120.129,39.7925
397927N1201294W001,1752530,1994-10-28T00:00:00Z,5094,5093.6,0,43.3,5050.7,43.3,42.9,NA,Unknown,Water level accuracy is unknown,1,Department of Water Resources,NA,1,Department of Water Resources,NA,NA,36035,22N16E01A002M,22N16E01A002M,USGS quad,5 ft.,5-012.02,Chilcoot,Plumas,130,Residential,Single Well,132427,1985-03-26 00:00:00 - 2020-04-24 12:00:00,72,fall,20.8,54,NA,NA,1995,Wet,1994-10-01T00:00:00Z,1995-10-01T00:00:00Z,-120.129,39.7925
397927N1201294W001,1752529,1994-03-30T00:00:00Z,5094,5093.6,0,41.6,5052.4,41.6,41.2,NA,Unknown,Water level accuracy is unknown,1,Department of Water Resources,NA,1,Department of Water Resources,NA,NA,36035,22N16E01A002M,22N16E01A002M,USGS quad,5 ft.,5-012.02,Chilcoot,Plumas,130,Residential,Single Well,132427,1985-03-26 00:00:00 - 2020-04-24 12:00:00,72,spring,NA,NA,28.6,49.75,1994,Dry,1993-10-01T00:00:00Z,1994-10-01T00:00:00Z,-120.129,39.7925
397927N1201294W001,1752528,1993-10-19T00:00:00Z,5094,5093.6,0,41.4,5052.6,41.4,41,NA,Unknown,Water level accuracy is unknown,1,Department of Water Resources,NA,1,Department of Water Resources,NA,NA,36035,22N16E01A002M,22N16E01A002M,USGS quad,5 ft.,5-012.02,Chilcoot,Plumas,130,Residential,Single Well,132427,1985-03-26 00:00:00 - 2020-04-24 12:00:00,72,fall,20.8,54,NA,NA,1994,Dry,1993-10-01T00:00:00Z,1994-10-01T00:00:00Z,-120.129,39.7925
397927N1201294W001,1752527,1993-04-20T00:00:00Z,5094,5093.6,0,42.1,5051.9,42.1,41.7,NA,Unknown,Water level accuracy is unknown,1,Department of Water Resources,NA,1,Department of Water Resources,NA,NA,36035,22N16E01A002M,22N16E01A002M,USGS quad,5 ft.,5-012.02,Chilcoot,Plumas,130,Residential,Single Well,132427,1985-03-26 00:00:00 - 2020-04-24 12:00:00,72,spring,NA,NA,28.6,49.75,1993,NA,1992-10-01T00:00:00Z,1993-10-01T00:00:00Z,-120.129,39.7925
397927N1201294W001,1752526,1992-10-20T00:00:00Z,5094,5093.6,0,45.4,5048.6,45.4,45,Nearby pump operating,Unknown,Water level accuracy is unknown,1,Department of Water Resources,NA,1,Department of Water Resources,NA,NA,36035,22N16E01A002M,22N16E01A002M,USGS quad,5 ft.,5-012.02,Chilcoot,Plumas,130,Residential,Single Well,132427,1985-03-26 00:00:00 - 2020-04-24 12:00:00,72,fall,20.8,54,NA,NA,1993,NA,1992-10-01T00:00:00Z,1993-10-01T00:00:00Z,-120.129,39.7925
397927N1201294W001,1752525,1992-03-25T00:00:00Z,5094,5093.6,0,43.5,5050.5,43.5,43.1,NA,Unknown,Water level accuracy is unknown,1,Department of Water Resources,NA,1,Department of Water Resources,NA,NA,36035,22N16E01A002M,22N16E01A002M,USGS quad,5 ft.,5-012.02,Chilcoot,Plumas,130,Residential,Single Well,132427,1985-03-26 00:00:00 - 2020-04-24 12:00:00,72,spring,NA,NA,28.6,49.75,1992,NA,1991-10-01T00:00:00Z,1992-10-01T00:00:00Z,-120.129,39.7925
397927N1201294W001,1752524,1991-10-23T00:00:00Z,5094,5093.6,0,43,5051,43,42.6,NA,Unknown,Water level accuracy is unknown,1,Department of Water Resources,NA,1,Department of Water Resources,NA,NA,36035,22N16E01A002M,22N16E01A002M,USGS quad,5 ft.,5-012.02,Chilcoot,Plumas,130,Residential,Single Well,132427,1985-03-26 00:00:00 - 2020-04-24 12:00:00,72,fall,20.8,54,NA,NA,1992,NA,1991-10-01T00:00:00Z,1992-10-01T00:00:00Z,-120.129,39.7925
397927N1201294W001,1752523,1991-02-27T00:00:00Z,5094,5093.6,0,41.4,5052.6,41.4,41,NA,Unknown,Water level accuracy is unknown,1,Department of Water Resources,NA,1,Department of Water Resources,NA,NA,36035,22N16E01A002M,22N16E01A002M,USGS quad,5 ft.,5-012.02,Chilcoot,Plumas,130,Residential,Single Well,132427,1985-03-26 00:00:00 - 2020-04-24 12:00:00,72,other,NA,NA,NA,NA,1991,NA,1990-10-01T00:00:00Z,1991-10-01T00:00:00Z,-120.129,39.7925
397927N1201294W001,1752522,1990-10-23T00:00:00Z,5094,5093.6,0,41.2,5052.8,41.2,40.8,NA,Unknown,Water level accuracy is unknown,1,Department of Water Resources,NA,1,Department of Water Resources,NA,NA,36035,22N16E01A002M,22N16E01A002M,USGS quad,5 ft.,5-012.02,Chilcoot,Plumas,130,Residential,Single Well,132427,1985-03-26 00:00:00 - 2020-04-24 12:00:00,72,fall,20.8,54,NA,NA,1991,NA,1990-10-01T00:00:00Z,1991-10-01T00:00:00Z,-120.129,39.7925
397927N1201294W001,1752521,1990-04-10T00:00:00Z,5094,5093.6,0,40.6,5053.4,40.6,40.2,NA,Unknown,Water level accuracy is unknown,1,Department of Water Resources,NA,1,Department of Water Resources,NA,NA,36035,22N16E01A002M,22N16E01A002M,USGS quad,5 ft.,5-012.02,Chilcoot,Plumas,130,Residential,Single Well,132427,1985-03-26 00:00:00 - 2020-04-24 12:00:00,72,spring,NA,NA,28.6,49.75,1990,NA,1989-10-01T00:00:00Z,1990-10-01T00:00:00Z,-120.129,39.7925
397927N1201294W001,1752520,1989-09-27T00:00:00Z,5094,5093.6,0,40.1,5053.9,40.1,39.7,NA,Unknown,Water level accuracy is unknown,1,Department of Water Resources,NA,388,Sierra Valley Groundwater Management District,NA,NA,36035,22N16E01A002M,22N16E01A002M,USGS quad,5 ft.,5-012.02,Chilcoot,Plumas,130,Residential,Single Well,132427,1985-03-26 00:00:00 - 2020-04-24 12:00:00,72,fall,20.8,54,NA,NA,1989,NA,1988-10-01T00:00:00Z,1989-10-01T00:00:00Z,-120.129,39.7925
397927N1201294W001,1752519,1989-04-07T00:00:00Z,5094,5093.6,0,38.5,5055.5,38.5,38.1,NA,Unknown,Water level accuracy is unknown,1,Department of Water Resources,NA,1,Department of Water Resources,NA,NA,36035,22N16E01A002M,22N16E01A002M,USGS quad,5 ft.,5-012.02,Chilcoot,Plumas,130,Residential,Single Well,132427,1985-03-26 00:00:00 - 2020-04-24 12:00:00,72,spring,NA,NA,28.6,49.75,1989,NA,1988-10-01T00:00:00Z,1989-10-01T00:00:00Z,-120.129,39.7925
397927N1201294W001,1752518,1988-10-25T00:00:00Z,5094,5093.6,0,39.4,5054.6,39.4,39,NA,Unknown,Water level accuracy is unknown,1,Department of Water Resources,NA,1,Department of Water Resources,NA,NA,36035,22N16E01A002M,22N16E01A002M,USGS quad,5 ft.,5-012.02,Chilcoot,Plumas,130,Residential,Single Well,132427,1985-03-26 00:00:00 - 2020-04-24 12:00:00,72,fall,20.8,54,NA,NA,1989,NA,1988-10-01T00:00:00Z,1989-10-01T00:00:00Z,-120.129,39.7925
397927N1201294W001,1752517,1988-03-21T00:00:00Z,5094,5093.6,0,37.1,5056.9,37.1,36.7,NA,Unknown,Water level accuracy is unknown,1,Department of Water Resources,NA,1,Department of Water Resources,NA,NA,36035,22N16E01A002M,22N16E01A002M,USGS quad,5 ft.,5-012.02,Chilcoot,Plumas,130,Residential,Single Well,132427,1985-03-26 00:00:00 - 2020-04-24 12:00:00,72,spring,NA,NA,28.6,49.75,1988,NA,1987-10-01T00:00:00Z,1988-10-01T00:00:00Z,-120.129,39.7925
397927N1201294W001,1752516,1987-10-21T00:00:00Z,5094,5093.6,0,36.2,5057.8,36.2,35.8,NA,Unknown,Water level accuracy is unknown,1,Department of Water Resources,NA,1,Department of Water Resources,NA,NA,36035,22N16E01A002M,22N16E01A002M,USGS quad,5 ft.,5-012.02,Chilcoot,Plumas,130,Residential,Single Well,132427,1985-03-26 00:00:00 - 2020-04-24 12:00:00,72,fall,20.8,54,NA,NA,1988,NA,1987-10-01T00:00:00Z,1988-10-01T00:00:00Z,-120.129,39.7925
397927N1201294W001,1752515,1987-04-06T00:00:00Z,5094,5093.6,0,33.9,5060.1,33.9,33.5,NA,Unknown,Water level accuracy is unknown,1,Department of Water Resources,NA,1,Department of Water Resources,NA,NA,36035,22N16E01A002M,22N16E01A002M,USGS quad,5 ft.,5-012.02,Chilcoot,Plumas,130,Residential,Single Well,132427,1985-03-26 00:00:00 - 2020-04-24 12:00:00,72,spring,NA,NA,28.6,49.75,1987,Dry,1986-10-01T00:00:00Z,1987-10-01T00:00:00Z,-120.129,39.7925
397927N1201294W001,1752514,1986-10-03T00:00:00Z,5094,5093.6,0,32.7,5061.3,32.7,32.3,NA,Unknown,Water level accuracy is unknown,1,Department of Water Resources,NA,1,Department of Water Resources,NA,NA,36035,22N16E01A002M,22N16E01A002M,USGS quad,5 ft.,5-012.02,Chilcoot,Plumas,130,Residential,Single Well,132427,1985-03-26 00:00:00 - 2020-04-24 12:00:00,72,fall,20.8,54,NA,NA,1987,Dry,1986-10-01T00:00:00Z,1987-10-01T00:00:00Z,-120.129,39.7925
397927N1201294W001,1752513,1986-04-15T00:00:00Z,5094,5093.6,0,29.8,5064.2,29.8,29.4,NA,Unknown,Water level accuracy is unknown,1,Department of Water Resources,NA,1,Department of Water Resources,NA,NA,36035,22N16E01A002M,22N16E01A002M,USGS quad,5 ft.,5-012.02,Chilcoot,Plumas,130,Residential,Single Well,132427,1985-03-26 00:00:00 - 2020-04-24 12:00:00,72,spring,NA,NA,28.6,49.75,1986,Wet,1985-10-01T00:00:00Z,1986-10-01T00:00:00Z,-120.129,39.7925
397927N1201294W001,1752512,1986-04-01T00:00:00Z,5094,5093.6,0,29.7,5064.3,29.7,29.3,NA,Unknown,Water level accuracy is unknown,1,Department of Water Resources,NA,1,Department of Water Resources,NA,NA,36035,22N16E01A002M,22N16E01A002M,USGS quad,5 ft.,5-012.02,Chilcoot,Plumas,130,Residential,Single Well,132427,1985-03-26 00:00:00 - 2020-04-24 12:00:00,72,spring,NA,NA,28.6,49.75,1986,Wet,1985-10-01T00:00:00Z,1986-10-01T00:00:00Z,-120.129,39.7925
397927N1201294W001,1752511,1985-10-04T00:00:00Z,5094,5093.6,0,35.2,5058.8,35.2,34.8,NA,Unknown,Water level accuracy is unknown,1,Department of Water Resources,NA,1,Department of Water Resources,NA,NA,36035,22N16E01A002M,22N16E01A002M,USGS quad,5 ft.,5-012.02,Chilcoot,Plumas,130,Residential,Single Well,132427,1985-03-26 00:00:00 - 2020-04-24 12:00:00,72,fall,20.8,54,NA,NA,1986,Wet,1985-10-01T00:00:00Z,1986-10-01T00:00:00Z,-120.129,39.7925
397927N1201294W001,1752510,1985-03-26T00:00:00Z,5094,5093.6,0,32.7,5061.3,32.7,32.3,NA,Unknown,Water level accuracy is unknown,1,Department of Water Resources,NA,1,Department of Water Resources,NA,NA,36035,22N16E01A002M,22N16E01A002M,USGS quad,5 ft.,5-012.02,Chilcoot,Plumas,130,Residential,Single Well,132427,1985-03-26 00:00:00 - 2020-04-24 12:00:00,72,spring,NA,NA,28.6,49.75,1985,Dry,1984-10-01T00:00:00Z,1985-10-01T00:00:00Z,-120.129,39.7925
