SITE_CODE,WLM_ID,MSMT_DATE,WLM_RPE,WLM_GSE,RDNG_WS,RDNG_RP,WSE,RPE_WSE,GSE_WSE,WLM_QA_DESC,WLM_DESC,WLM_ACC_DESC,WLM_ORG_ID,WLM_ORG_NAME,MSMT_CMT,COOP_AGENCY_ORG_ID,COOP_ORG_NAME,TOP_PRF,BOT_PRF,STN_ID,SWN,WELL_NAME,WLM_METHOD,WLM_ACC,BASIN_CODE,BASIN_NAME,COUNTY_NAME,WELL_DEPTH,WELL_USE,WELL_TYPE,WCR_NO,t_range,n_samples,season,fall_high,fall_low,spring_high,spring_low,water_year,water_year_type,water_year_start,water_year_end,X,Y
397960N1201281W001,2493740,2019-10-24T12:00:00Z,5039.6,5038.6,0,11.55,5028.05,11.55,10.55,NA,Electric sounder measurement,Water level accuracy to nearest hundredth of a foot,1,Department of Water Resources,NA,1,Department of Water Resources,80,100,22562,23N16E36R001M,23N16E36R001M,USGS quad,5 ft.,5-012.02,Chilcoot,Plumas,100,Residential,Single Well,213453,1986-04-02 00:00:00 - 2020-04-24 12:00:00,72,fall,0.7,24.1,NA,NA,2020,Dry,2019-10-01T00:00:00Z,2020-10-01T00:00:00Z,-120.128,39.796
397960N1201281W001,2454977,2019-04-09T12:00:00Z,5039.6,5038.6,0,11.35,5028.25,11.35,10.35,NA,Electric sounder measurement,Water level accuracy to nearest hundredth of a foot,1,Department of Water Resources,NA,1,Department of Water Resources,80,100,22562,23N16E36R001M,23N16E36R001M,USGS quad,5 ft.,5-012.02,Chilcoot,Plumas,100,Residential,Single Well,213453,1986-04-02 00:00:00 - 2020-04-24 12:00:00,72,spring,NA,NA,2.6,33.9,2019,Wet,2018-10-01T00:00:00Z,2019-10-01T00:00:00Z,-120.128,39.796
397960N1201281W001,2415045,2018-10-25T12:00:00Z,5039.6,5038.6,9.5,21,5028.1,11.5,10.5,NA,Steel tape measurement,Water level accuracy to nearest tenth of a foot,1,Department of Water Resources,NA,1,Department of Water Resources,80,100,22562,23N16E36R001M,23N16E36R001M,USGS quad,5 ft.,5-012.02,Chilcoot,Plumas,100,Residential,Single Well,213453,1986-04-02 00:00:00 - 2020-04-24 12:00:00,72,fall,0.7,24.1,NA,NA,2019,Wet,2018-10-01T00:00:00Z,2019-10-01T00:00:00Z,-120.128,39.796
397960N1201281W001,2285984,2018-04-03T12:00:00Z,5039.6,5038.6,0,10.4,5029.2,10.4,9.4,NA,Electric sounder measurement,Water level accuracy to nearest hundredth of a foot,1,Department of Water Resources,NA,1,Department of Water Resources,80,100,22562,23N16E36R001M,23N16E36R001M,USGS quad,5 ft.,5-012.02,Chilcoot,Plumas,100,Residential,Single Well,213453,1986-04-02 00:00:00 - 2020-04-24 12:00:00,72,spring,NA,NA,2.6,33.9,2018,NA,2017-10-01T00:00:00Z,2018-10-01T00:00:00Z,-120.128,39.796
397960N1201281W001,2268025,2017-10-17T00:00:00Z,5039.6,5038.6,0,14.7,5024.9,14.7,13.7,NA,Electric sounder measurement,Water level accuracy to nearest hundredth of a foot,1,Department of Water Resources,NA,1,Department of Water Resources,80,100,22562,23N16E36R001M,23N16E36R001M,USGS quad,5 ft.,5-012.02,Chilcoot,Plumas,100,Residential,Single Well,213453,1986-04-02 00:00:00 - 2020-04-24 12:00:00,72,fall,0.7,24.1,NA,NA,2018,NA,2017-10-01T00:00:00Z,2018-10-01T00:00:00Z,-120.128,39.796
397960N1201281W001,2214143,2016-10-24T00:00:00Z,5039.6,5038.6,0,20.49,5019.11,20.49,19.49,NA,Electric sounder measurement,Water level accuracy to nearest hundredth of a foot,1,Department of Water Resources,NA,1,Department of Water Resources,80,100,22562,23N16E36R001M,23N16E36R001M,USGS quad,5 ft.,5-012.02,Chilcoot,Plumas,100,Residential,Single Well,213453,1986-04-02 00:00:00 - 2020-04-24 12:00:00,72,fall,0.7,24.1,NA,NA,2017,Wet,2016-10-01T00:00:00Z,2017-10-01T00:00:00Z,-120.128,39.796
397960N1201281W001,2184609,2016-03-21T00:00:00Z,5039.6,5038.6,0,25.51,5014.09,25.51,24.51,NA,Electric sounder measurement,Water level accuracy to nearest hundredth of a foot,1,Department of Water Resources,NA,1,Department of Water Resources,80,100,22562,23N16E36R001M,23N16E36R001M,USGS quad,5 ft.,5-012.02,Chilcoot,Plumas,100,Residential,Single Well,213453,1986-04-02 00:00:00 - 2020-04-24 12:00:00,72,spring,NA,NA,2.6,33.9,2016,NA,2015-10-01T00:00:00Z,2016-10-01T00:00:00Z,-120.128,39.796
397960N1201281W001,2157085,2015-10-19T00:00:00Z,5039.6,5038.6,0,22.62,5016.98,22.62,21.62,NA,Electric sounder measurement,Water level accuracy to nearest hundredth of a foot,1,Department of Water Resources,NA,1,Department of Water Resources,80,100,22562,23N16E36R001M,23N16E36R001M,USGS quad,5 ft.,5-012.02,Chilcoot,Plumas,100,Residential,Single Well,213453,1986-04-02 00:00:00 - 2020-04-24 12:00:00,72,fall,0.7,24.1,NA,NA,2016,NA,2015-10-01T00:00:00Z,2016-10-01T00:00:00Z,-120.128,39.796
397960N1201281W001,2119797,2015-03-23T00:00:00Z,5039.6,5038.6,0,23.13,5016.47,23.13,22.13,NA,Electric sounder measurement,Water level accuracy to nearest hundredth of a foot,1,Department of Water Resources,NA,1,Department of Water Resources,80,100,22562,23N16E36R001M,23N16E36R001M,USGS quad,5 ft.,5-012.02,Chilcoot,Plumas,100,Residential,Single Well,213453,1986-04-02 00:00:00 - 2020-04-24 12:00:00,72,spring,NA,NA,2.6,33.9,2015,NA,2014-10-01T00:00:00Z,2015-10-01T00:00:00Z,-120.128,39.796
397960N1201281W001,2020312,2014-10-20T11:00:00Z,5039.6,5038.6,0,22.26,5017.34,22.26,21.26,NA,Electric sounder measurement,Water level accuracy to nearest hundredth of a foot,1,Department of Water Resources,NA,1,Department of Water Resources,80,100,22562,23N16E36R001M,23N16E36R001M,USGS quad,5 ft.,5-012.02,Chilcoot,Plumas,100,Residential,Single Well,213453,1986-04-02 00:00:00 - 2020-04-24 12:00:00,72,fall,0.7,24.1,NA,NA,2015,NA,2014-10-01T00:00:00Z,2015-10-01T00:00:00Z,-120.128,39.796
397960N1201281W001,1880795,2014-03-14T00:00:00Z,5039.6,5038.6,0,20.33,5019.27,20.33,19.33,NA,Electric sounder measurement,Water level accuracy to nearest hundredth of a foot,1,Department of Water Resources,NA,1,Department of Water Resources,80,100,22562,23N16E36R001M,23N16E36R001M,USGS quad,5 ft.,5-012.02,Chilcoot,Plumas,100,Residential,Single Well,213453,1986-04-02 00:00:00 - 2020-04-24 12:00:00,72,spring,NA,NA,2.6,33.9,2014,NA,2013-10-01T00:00:00Z,2014-10-01T00:00:00Z,-120.128,39.796
397960N1201281W001,1797137,2013-10-21T00:00:00Z,5039.6,5038.6,0,21.33,5018.27,21.33,20.33,NA,Electric sounder measurement,Water level accuracy to nearest hundredth of a foot,1,Department of Water Resources,NA,1,Department of Water Resources,80,100,22562,23N16E36R001M,23N16E36R001M,USGS quad,5 ft.,5-012.02,Chilcoot,Plumas,100,Residential,Single Well,213453,1986-04-02 00:00:00 - 2020-04-24 12:00:00,72,fall,0.7,24.1,NA,NA,2014,NA,2013-10-01T00:00:00Z,2014-10-01T00:00:00Z,-120.128,39.796
397960N1201281W001,1684456,2013-03-25T00:00:00Z,5039.62,5038.62,0,17.78,5021.84,17.78,16.78,NA,Electric sounder measurement,Water level accuracy to nearest hundredth of a foot,1,Department of Water Resources,NA,1,Department of Water Resources,80,100,22562,23N16E36R001M,23N16E36R001M,USGS quad,5 ft.,5-012.02,Chilcoot,Plumas,100,Residential,Single Well,213453,1986-04-02 00:00:00 - 2020-04-24 12:00:00,72,spring,NA,NA,2.6,33.9,2013,Dry,2012-10-01T00:00:00Z,2013-10-01T00:00:00Z,-120.128,39.796
397960N1201281W001,69397,2012-10-30T00:00:00Z,5039.62,5038.62,0,18.15,5021.47,18.15,17.15,NA,Electric sounder measurement,Water level accuracy to nearest hundredth of a foot,1,Department of Water Resources,NA,1,Department of Water Resources,80,100,22562,23N16E36R001M,23N16E36R001M,USGS quad,5 ft.,5-012.02,Chilcoot,Plumas,100,Residential,Single Well,213453,1986-04-02 00:00:00 - 2020-04-24 12:00:00,72,fall,0.7,24.1,NA,NA,2013,Dry,2012-10-01T00:00:00Z,2013-10-01T00:00:00Z,-120.128,39.796
397960N1201281W001,59979,2012-04-18T00:00:00Z,5039.62,5038.62,0,20.12,5019.5,20.12,19.12,NA,Electric sounder measurement,Water level accuracy to nearest hundredth of a foot,1,Department of Water Resources,NA,1,Department of Water Resources,80,100,22562,23N16E36R001M,23N16E36R001M,USGS quad,5 ft.,5-012.02,Chilcoot,Plumas,100,Residential,Single Well,213453,1986-04-02 00:00:00 - 2020-04-24 12:00:00,72,spring,NA,NA,2.6,33.9,2012,NA,2011-10-01T00:00:00Z,2012-10-01T00:00:00Z,-120.128,39.796
397960N1201281W001,1752921,2011-10-18T00:00:00Z,5039.6,5038.6,0,13.35,5026.25,13.35,12.35,NA,Unknown,Water level accuracy is unknown,1,Department of Water Resources,NA,1,Department of Water Resources,80,100,22562,23N16E36R001M,23N16E36R001M,USGS quad,5 ft.,5-012.02,Chilcoot,Plumas,100,Residential,Single Well,213453,1986-04-02 00:00:00 - 2020-04-24 12:00:00,72,fall,0.7,24.1,NA,NA,2012,NA,2011-10-01T00:00:00Z,2012-10-01T00:00:00Z,-120.128,39.796
397960N1201281W001,39827,2011-10-18T00:00:00Z,5039.62,5038.62,0,13.35,5026.27,13.35,12.35,NA,Electric sounder measurement,Water level accuracy to nearest hundredth of a foot,1,Department of Water Resources,NA,1,Department of Water Resources,80,100,22562,23N16E36R001M,23N16E36R001M,USGS quad,5 ft.,5-012.02,Chilcoot,Plumas,100,Residential,Single Well,213453,1986-04-02 00:00:00 - 2020-04-24 12:00:00,72,fall,0.7,24.1,NA,NA,2012,NA,2011-10-01T00:00:00Z,2012-10-01T00:00:00Z,-120.128,39.796
397960N1201281W001,1752920,2011-04-26T00:00:00Z,5039.6,5038.6,0,32.95,5006.65,32.95,31.95,NA,Unknown,Water level accuracy is unknown,1,Department of Water Resources,NA,1,Department of Water Resources,80,100,22562,23N16E36R001M,23N16E36R001M,USGS quad,5 ft.,5-012.02,Chilcoot,Plumas,100,Residential,Single Well,213453,1986-04-02 00:00:00 - 2020-04-24 12:00:00,72,spring,NA,NA,2.6,33.9,2011,Wet,2010-10-01T00:00:00Z,2011-10-01T00:00:00Z,-120.128,39.796
397960N1201281W001,1752919,2010-10-26T00:00:00Z,5039.6,5038.6,0,21.24,5018.36,21.24,20.24,NA,Unknown,Water level accuracy is unknown,1,Department of Water Resources,NA,1,Department of Water Resources,80,100,22562,23N16E36R001M,23N16E36R001M,USGS quad,5 ft.,5-012.02,Chilcoot,Plumas,100,Residential,Single Well,213453,1986-04-02 00:00:00 - 2020-04-24 12:00:00,72,fall,0.7,24.1,NA,NA,2011,Wet,2010-10-01T00:00:00Z,2011-10-01T00:00:00Z,-120.128,39.796
397960N1201281W001,1752918,2010-04-06T00:00:00Z,5039.6,5038.6,0,18.8,5020.8,18.8,17.8,NA,Unknown,Water level accuracy is unknown,1,Department of Water Resources,NA,1,Department of Water Resources,80,100,22562,23N16E36R001M,23N16E36R001M,USGS quad,5 ft.,5-012.02,Chilcoot,Plumas,100,Residential,Single Well,213453,1986-04-02 00:00:00 - 2020-04-24 12:00:00,72,spring,NA,NA,2.6,33.9,2010,NA,2009-10-01T00:00:00Z,2010-10-01T00:00:00Z,-120.128,39.796
397960N1201281W001,1752917,2009-10-27T00:00:00Z,5039.6,5038.6,0,21.2,5018.4,21.2,20.2,NA,Unknown,Water level accuracy is unknown,1,Department of Water Resources,NA,1,Department of Water Resources,80,100,22562,23N16E36R001M,23N16E36R001M,USGS quad,5 ft.,5-012.02,Chilcoot,Plumas,100,Residential,Single Well,213453,1986-04-02 00:00:00 - 2020-04-24 12:00:00,72,fall,0.7,24.1,NA,NA,2010,NA,2009-10-01T00:00:00Z,2010-10-01T00:00:00Z,-120.128,39.796
397960N1201281W001,1752916,2009-04-14T00:00:00Z,5039.6,5038.6,0,17.8,5021.8,17.8,16.8,NA,Unknown,Water level accuracy is unknown,1,Department of Water Resources,NA,1,Department of Water Resources,80,100,22562,23N16E36R001M,23N16E36R001M,USGS quad,5 ft.,5-012.02,Chilcoot,Plumas,100,Residential,Single Well,213453,1986-04-02 00:00:00 - 2020-04-24 12:00:00,72,spring,NA,NA,2.6,33.9,2009,NA,2008-10-01T00:00:00Z,2009-10-01T00:00:00Z,-120.128,39.796
397960N1201281W001,1752915,2008-10-28T00:00:00Z,5039.6,5038.6,0,20,5019.6,20,19,NA,Unknown,Water level accuracy is unknown,1,Department of Water Resources,NA,1,Department of Water Resources,80,100,22562,23N16E36R001M,23N16E36R001M,USGS quad,5 ft.,5-012.02,Chilcoot,Plumas,100,Residential,Single Well,213453,1986-04-02 00:00:00 - 2020-04-24 12:00:00,72,fall,0.7,24.1,NA,NA,2009,NA,2008-10-01T00:00:00Z,2009-10-01T00:00:00Z,-120.128,39.796
397960N1201281W001,1752913,2008-04-09T00:00:00Z,5039.6,5038.6,0,16.6,5023,16.6,15.6,NA,Unknown,Water level accuracy is unknown,1,Department of Water Resources,NA,1,Department of Water Resources,80,100,22562,23N16E36R001M,23N16E36R001M,USGS quad,5 ft.,5-012.02,Chilcoot,Plumas,100,Residential,Single Well,213453,1986-04-02 00:00:00 - 2020-04-24 12:00:00,72,spring,NA,NA,2.6,33.9,2008,NA,2007-10-01T00:00:00Z,2008-10-01T00:00:00Z,-120.128,39.796
397960N1201281W001,1752914,2007-10-26T00:00:00Z,5039.6,5038.6,0,25.1,5014.5,25.1,24.1,NA,Unknown,Water level accuracy is unknown,1,Department of Water Resources,NA,1,Department of Water Resources,80,100,22562,23N16E36R001M,23N16E36R001M,USGS quad,5 ft.,5-012.02,Chilcoot,Plumas,100,Residential,Single Well,213453,1986-04-02 00:00:00 - 2020-04-24 12:00:00,72,fall,0.7,24.1,NA,NA,2008,NA,2007-10-01T00:00:00Z,2008-10-01T00:00:00Z,-120.128,39.796
397960N1201281W001,1752912,2007-04-10T00:00:00Z,5039.6,5038.6,0,15.5,5024.1,15.5,14.5,NA,Unknown,Water level accuracy is unknown,1,Department of Water Resources,NA,1,Department of Water Resources,80,100,22562,23N16E36R001M,23N16E36R001M,USGS quad,5 ft.,5-012.02,Chilcoot,Plumas,100,Residential,Single Well,213453,1986-04-02 00:00:00 - 2020-04-24 12:00:00,72,spring,NA,NA,2.6,33.9,2007,Dry,2006-10-01T00:00:00Z,2007-10-01T00:00:00Z,-120.128,39.796
397960N1201281W001,1752911,2006-10-17T00:00:00Z,5039.6,5038.6,0,12.3,5027.3,12.3,11.3,NA,Unknown,Water level accuracy is unknown,1,Department of Water Resources,NA,1,Department of Water Resources,80,100,22562,23N16E36R001M,23N16E36R001M,USGS quad,5 ft.,5-012.02,Chilcoot,Plumas,100,Residential,Single Well,213453,1986-04-02 00:00:00 - 2020-04-24 12:00:00,72,fall,0.7,24.1,NA,NA,2007,Dry,2006-10-01T00:00:00Z,2007-10-01T00:00:00Z,-120.128,39.796
397960N1201281W001,1752910,2006-04-19T00:00:00Z,5039.6,5038.6,0,11.1,5028.5,11.1,10.1,NA,Unknown,Water level accuracy is unknown,1,Department of Water Resources,NA,1,Department of Water Resources,80,100,22562,23N16E36R001M,23N16E36R001M,USGS quad,5 ft.,5-012.02,Chilcoot,Plumas,100,Residential,Single Well,213453,1986-04-02 00:00:00 - 2020-04-24 12:00:00,72,spring,NA,NA,2.6,33.9,2006,Wet,2005-10-01T00:00:00Z,2006-10-01T00:00:00Z,-120.128,39.796
397960N1201281W001,1752909,2005-10-27T00:00:00Z,5039.6,5038.6,0,24.6,5015,24.6,23.6,NA,Unknown,Water level accuracy is unknown,1,Department of Water Resources,NA,1,Department of Water Resources,80,100,22562,23N16E36R001M,23N16E36R001M,USGS quad,5 ft.,5-012.02,Chilcoot,Plumas,100,Residential,Single Well,213453,1986-04-02 00:00:00 - 2020-04-24 12:00:00,72,fall,0.7,24.1,NA,NA,2006,Wet,2005-10-01T00:00:00Z,2006-10-01T00:00:00Z,-120.128,39.796
397960N1201281W001,1752908,2005-04-06T00:00:00Z,5039.6,5038.6,0,19.1,5020.5,19.1,18.1,NA,Unknown,Water level accuracy is unknown,1,Department of Water Resources,NA,1,Department of Water Resources,80,100,22562,23N16E36R001M,23N16E36R001M,USGS quad,5 ft.,5-012.02,Chilcoot,Plumas,100,Residential,Single Well,213453,1986-04-02 00:00:00 - 2020-04-24 12:00:00,72,spring,NA,NA,2.6,33.9,2005,NA,2004-10-01T00:00:00Z,2005-10-01T00:00:00Z,-120.128,39.796
397960N1201281W001,1752907,2004-10-14T00:00:00Z,5039.6,5038.6,0,20.2,5019.4,20.2,19.2,NA,Unknown,Water level accuracy is unknown,1,Department of Water Resources,NA,1,Department of Water Resources,80,100,22562,23N16E36R001M,23N16E36R001M,USGS quad,5 ft.,5-012.02,Chilcoot,Plumas,100,Residential,Single Well,213453,1986-04-02 00:00:00 - 2020-04-24 12:00:00,72,fall,0.7,24.1,NA,NA,2005,NA,2004-10-01T00:00:00Z,2005-10-01T00:00:00Z,-120.128,39.796
397960N1201281W001,1752906,2004-04-08T00:00:00Z,5039.6,5038.6,0,34.9,5004.7,34.9,33.9,Other,Unknown,Water level accuracy is unknown,1,Department of Water Resources,GOOD DATA POINT.  EDITTED AS QM.,1,Department of Water Resources,80,100,22562,23N16E36R001M,23N16E36R001M,USGS quad,5 ft.,5-012.02,Chilcoot,Plumas,100,Residential,Single Well,213453,1986-04-02 00:00:00 - 2020-04-24 12:00:00,72,spring,NA,NA,2.6,33.9,2004,NA,2003-10-01T00:00:00Z,2004-10-01T00:00:00Z,-120.128,39.796
397960N1201281W001,1752905,2003-10-28T00:00:00Z,5039.6,5038.6,0,20.4,5019.2,20.4,19.4,NA,Unknown,Water level accuracy is unknown,1,Department of Water Resources,NA,1,Department of Water Resources,80,100,22562,23N16E36R001M,23N16E36R001M,USGS quad,5 ft.,5-012.02,Chilcoot,Plumas,100,Residential,Single Well,213453,1986-04-02 00:00:00 - 2020-04-24 12:00:00,72,fall,0.7,24.1,NA,NA,2004,NA,2003-10-01T00:00:00Z,2004-10-01T00:00:00Z,-120.128,39.796
397960N1201281W001,1752904,2003-03-29T00:00:00Z,5039.6,5038.6,0,18.2,5021.4,18.2,17.2,NA,Unknown,Water level accuracy is unknown,1,Department of Water Resources,NA,1,Department of Water Resources,80,100,22562,23N16E36R001M,23N16E36R001M,USGS quad,5 ft.,5-012.02,Chilcoot,Plumas,100,Residential,Single Well,213453,1986-04-02 00:00:00 - 2020-04-24 12:00:00,72,spring,NA,NA,2.6,33.9,2003,NA,2002-10-01T00:00:00Z,2003-10-01T00:00:00Z,-120.128,39.796
397960N1201281W001,1752903,2002-10-24T00:00:00Z,5039.6,5038.6,0,19.2,5020.4,19.2,18.2,NA,Unknown,Water level accuracy is unknown,1,Department of Water Resources,NA,1,Department of Water Resources,80,100,22562,23N16E36R001M,23N16E36R001M,USGS quad,5 ft.,5-012.02,Chilcoot,Plumas,100,Residential,Single Well,213453,1986-04-02 00:00:00 - 2020-04-24 12:00:00,72,fall,0.7,24.1,NA,NA,2003,NA,2002-10-01T00:00:00Z,2003-10-01T00:00:00Z,-120.128,39.796
397960N1201281W001,1752902,2002-03-28T00:00:00Z,5039.6,5038.6,0,17.1,5022.5,17.1,16.1,NA,Unknown,Water level accuracy is unknown,1,Department of Water Resources,NA,1,Department of Water Resources,80,100,22562,23N16E36R001M,23N16E36R001M,USGS quad,5 ft.,5-012.02,Chilcoot,Plumas,100,Residential,Single Well,213453,1986-04-02 00:00:00 - 2020-04-24 12:00:00,72,spring,NA,NA,2.6,33.9,2002,NA,2001-10-01T00:00:00Z,2002-10-01T00:00:00Z,-120.128,39.796
397960N1201281W001,1752901,2001-10-17T00:00:00Z,5039.6,5038.6,0,17.1,5022.5,17.1,16.1,NA,Unknown,Water level accuracy is unknown,1,Department of Water Resources,NA,1,Department of Water Resources,80,100,22562,23N16E36R001M,23N16E36R001M,USGS quad,5 ft.,5-012.02,Chilcoot,Plumas,100,Residential,Single Well,213453,1986-04-02 00:00:00 - 2020-04-24 12:00:00,72,fall,0.7,24.1,NA,NA,2002,NA,2001-10-01T00:00:00Z,2002-10-01T00:00:00Z,-120.128,39.796
397960N1201281W001,1752900,2001-03-28T00:00:00Z,5039.6,5038.6,0,14.5,5025.1,14.5,13.5,NA,Unknown,Water level accuracy is unknown,1,Department of Water Resources,NA,1,Department of Water Resources,80,100,22562,23N16E36R001M,23N16E36R001M,USGS quad,5 ft.,5-012.02,Chilcoot,Plumas,100,Residential,Single Well,213453,1986-04-02 00:00:00 - 2020-04-24 12:00:00,72,spring,NA,NA,2.6,33.9,2001,Dry,2000-10-01T00:00:00Z,2001-10-01T00:00:00Z,-120.128,39.796
397960N1201281W001,1752899,2000-10-19T00:00:00Z,5039.6,5038.6,0,14.5,5025.1,14.5,13.5,NA,Unknown,Water level accuracy is unknown,1,Department of Water Resources,NA,1,Department of Water Resources,80,100,22562,23N16E36R001M,23N16E36R001M,USGS quad,5 ft.,5-012.02,Chilcoot,Plumas,100,Residential,Single Well,213453,1986-04-02 00:00:00 - 2020-04-24 12:00:00,72,fall,0.7,24.1,NA,NA,2001,Dry,2000-10-01T00:00:00Z,2001-10-01T00:00:00Z,-120.128,39.796
397960N1201281W001,1752898,2000-03-27T00:00:00Z,5039.6,5038.6,0,11.7,5027.9,11.7,10.7,NA,Unknown,Water level accuracy is unknown,1,Department of Water Resources,NA,1,Department of Water Resources,80,100,22562,23N16E36R001M,23N16E36R001M,USGS quad,5 ft.,5-012.02,Chilcoot,Plumas,100,Residential,Single Well,213453,1986-04-02 00:00:00 - 2020-04-24 12:00:00,72,spring,NA,NA,2.6,33.9,2000,NA,1999-10-01T00:00:00Z,2000-10-01T00:00:00Z,-120.128,39.796
397960N1201281W001,1752896,1999-10-11T00:00:00Z,5039.6,5038.6,0,1.7,5037.9,1.7,0.7,NA,Unknown,Water level accuracy is unknown,1,Department of Water Resources,NA,1,Department of Water Resources,80,100,22562,23N16E36R001M,23N16E36R001M,USGS quad,5 ft.,5-012.02,Chilcoot,Plumas,100,Residential,Single Well,213453,1986-04-02 00:00:00 - 2020-04-24 12:00:00,72,fall,0.7,24.1,NA,NA,2000,NA,1999-10-01T00:00:00Z,2000-10-01T00:00:00Z,-120.128,39.796
397960N1201281W001,1752897,1999-04-13T00:00:00Z,5039.6,5038.6,0,4.9,5034.7,4.9,3.9,NA,Unknown,Water level accuracy is unknown,1,Department of Water Resources,NA,1,Department of Water Resources,80,100,22562,23N16E36R001M,23N16E36R001M,USGS quad,5 ft.,5-012.02,Chilcoot,Plumas,100,Residential,Single Well,213453,1986-04-02 00:00:00 - 2020-04-24 12:00:00,72,spring,NA,NA,2.6,33.9,1999,NA,1998-10-01T00:00:00Z,1999-10-01T00:00:00Z,-120.128,39.796
397960N1201281W001,1752894,1998-10-14T00:00:00Z,5039.6,5038.6,0,12,5027.6,12,11,NA,Unknown,Water level accuracy is unknown,1,Department of Water Resources,NA,1,Department of Water Resources,80,100,22562,23N16E36R001M,23N16E36R001M,USGS quad,5 ft.,5-012.02,Chilcoot,Plumas,100,Residential,Single Well,213453,1986-04-02 00:00:00 - 2020-04-24 12:00:00,72,fall,0.7,24.1,NA,NA,1999,NA,1998-10-01T00:00:00Z,1999-10-01T00:00:00Z,-120.128,39.796
397960N1201281W001,1752895,1998-05-14T00:00:00Z,5039.6,5038.6,0,10.3,5029.3,10.3,9.3,NA,Unknown,Water level accuracy is unknown,1,Department of Water Resources,NA,1,Department of Water Resources,80,100,22562,23N16E36R001M,23N16E36R001M,USGS quad,5 ft.,5-012.02,Chilcoot,Plumas,100,Residential,Single Well,213453,1986-04-02 00:00:00 - 2020-04-24 12:00:00,72,spring,NA,NA,2.6,33.9,1998,NA,1997-10-01T00:00:00Z,1998-10-01T00:00:00Z,-120.128,39.796
397960N1201281W001,1752893,1997-10-15T00:00:00Z,5039.6,5038.6,0,11.3,5028.3,11.3,10.3,NA,Unknown,Water level accuracy is unknown,1,Department of Water Resources,NA,1,Department of Water Resources,80,100,22562,23N16E36R001M,23N16E36R001M,USGS quad,5 ft.,5-012.02,Chilcoot,Plumas,100,Residential,Single Well,213453,1986-04-02 00:00:00 - 2020-04-24 12:00:00,72,fall,0.7,24.1,NA,NA,1998,NA,1997-10-01T00:00:00Z,1998-10-01T00:00:00Z,-120.128,39.796
397960N1201281W001,1752892,1997-03-26T00:00:00Z,5039.6,5038.6,0,3.6,5036,3.6,2.6,NA,Unknown,Water level accuracy is unknown,1,Department of Water Resources,NA,1,Department of Water Resources,80,100,22562,23N16E36R001M,23N16E36R001M,USGS quad,5 ft.,5-012.02,Chilcoot,Plumas,100,Residential,Single Well,213453,1986-04-02 00:00:00 - 2020-04-24 12:00:00,72,spring,NA,NA,2.6,33.9,1997,NA,1996-10-01T00:00:00Z,1997-10-01T00:00:00Z,-120.128,39.796
397960N1201281W001,1752891,1996-10-29T00:00:00Z,5039.6,5038.6,0,11.2,5028.4,11.2,10.2,NA,Unknown,Water level accuracy is unknown,1,Department of Water Resources,NA,1,Department of Water Resources,80,100,22562,23N16E36R001M,23N16E36R001M,USGS quad,5 ft.,5-012.02,Chilcoot,Plumas,100,Residential,Single Well,213453,1986-04-02 00:00:00 - 2020-04-24 12:00:00,72,fall,0.7,24.1,NA,NA,1997,NA,1996-10-01T00:00:00Z,1997-10-01T00:00:00Z,-120.128,39.796
397960N1201281W001,1752890,1996-05-08T00:00:00Z,5039.6,5038.6,0,4.8,5034.8,4.8,3.8,NA,Unknown,Water level accuracy is unknown,1,Department of Water Resources,NA,1,Department of Water Resources,80,100,22562,23N16E36R001M,23N16E36R001M,USGS quad,5 ft.,5-012.02,Chilcoot,Plumas,100,Residential,Single Well,213453,1986-04-02 00:00:00 - 2020-04-24 12:00:00,72,spring,NA,NA,2.6,33.9,1996,NA,1995-10-01T00:00:00Z,1996-10-01T00:00:00Z,-120.128,39.796
397960N1201281W001,1752889,1995-10-24T00:00:00Z,5039.6,5038.6,0,11.8,5027.8,11.8,10.8,NA,Unknown,Water level accuracy is unknown,1,Department of Water Resources,NA,1,Department of Water Resources,80,100,22562,23N16E36R001M,23N16E36R001M,USGS quad,5 ft.,5-012.02,Chilcoot,Plumas,100,Residential,Single Well,213453,1986-04-02 00:00:00 - 2020-04-24 12:00:00,72,fall,0.7,24.1,NA,NA,1996,NA,1995-10-01T00:00:00Z,1996-10-01T00:00:00Z,-120.128,39.796
397960N1201281W001,1752888,1995-06-01T00:00:00Z,5039.6,5038.6,0,8.6,5031,8.6,7.6,NA,Unknown,Water level accuracy is unknown,1,Department of Water Resources,NA,1,Department of Water Resources,80,100,22562,23N16E36R001M,23N16E36R001M,USGS quad,5 ft.,5-012.02,Chilcoot,Plumas,100,Residential,Single Well,213453,1986-04-02 00:00:00 - 2020-04-24 12:00:00,72,other,NA,NA,NA,NA,1995,Wet,1994-10-01T00:00:00Z,1995-10-01T00:00:00Z,-120.128,39.796
397960N1201281W001,1752887,1994-10-28T00:00:00Z,5039.6,5038.6,0,17.3,5022.3,17.3,16.3,NA,Unknown,Water level accuracy is unknown,1,Department of Water Resources,NA,1,Department of Water Resources,80,100,22562,23N16E36R001M,23N16E36R001M,USGS quad,5 ft.,5-012.02,Chilcoot,Plumas,100,Residential,Single Well,213453,1986-04-02 00:00:00 - 2020-04-24 12:00:00,72,fall,0.7,24.1,NA,NA,1995,Wet,1994-10-01T00:00:00Z,1995-10-01T00:00:00Z,-120.128,39.796
397960N1201281W001,1752886,1994-03-30T00:00:00Z,5039.6,5038.6,0,15.3,5024.3,15.3,14.3,Oil or foreign substance in casing,Unknown,Water level accuracy is unknown,1,Department of Water Resources,NA,1,Department of Water Resources,80,100,22562,23N16E36R001M,23N16E36R001M,USGS quad,5 ft.,5-012.02,Chilcoot,Plumas,100,Residential,Single Well,213453,1986-04-02 00:00:00 - 2020-04-24 12:00:00,72,spring,NA,NA,2.6,33.9,1994,Dry,1993-10-01T00:00:00Z,1994-10-01T00:00:00Z,-120.128,39.796
397960N1201281W001,1752885,1993-10-19T00:00:00Z,5039.6,5038.6,0,13.4,5026.2,13.4,12.4,NA,Unknown,Water level accuracy is unknown,1,Department of Water Resources,NA,1,Department of Water Resources,80,100,22562,23N16E36R001M,23N16E36R001M,USGS quad,5 ft.,5-012.02,Chilcoot,Plumas,100,Residential,Single Well,213453,1986-04-02 00:00:00 - 2020-04-24 12:00:00,72,fall,0.7,24.1,NA,NA,1994,Dry,1993-10-01T00:00:00Z,1994-10-01T00:00:00Z,-120.128,39.796
397960N1201281W001,1752884,1993-04-20T00:00:00Z,5039.6,5038.6,0,12,5027.6,12,11,NA,Unknown,Water level accuracy is unknown,1,Department of Water Resources,NA,1,Department of Water Resources,80,100,22562,23N16E36R001M,23N16E36R001M,USGS quad,5 ft.,5-012.02,Chilcoot,Plumas,100,Residential,Single Well,213453,1986-04-02 00:00:00 - 2020-04-24 12:00:00,72,spring,NA,NA,2.6,33.9,1993,NA,1992-10-01T00:00:00Z,1993-10-01T00:00:00Z,-120.128,39.796
397960N1201281W001,1752883,1992-10-20T00:00:00Z,5039.6,5038.6,0,20.2,5019.4,20.2,19.2,NA,Unknown,Water level accuracy is unknown,1,Department of Water Resources,NA,1,Department of Water Resources,80,100,22562,23N16E36R001M,23N16E36R001M,USGS quad,5 ft.,5-012.02,Chilcoot,Plumas,100,Residential,Single Well,213453,1986-04-02 00:00:00 - 2020-04-24 12:00:00,72,fall,0.7,24.1,NA,NA,1993,NA,1992-10-01T00:00:00Z,1993-10-01T00:00:00Z,-120.128,39.796
397960N1201281W001,1752882,1992-03-25T00:00:00Z,5039.6,5038.6,0,19.2,5020.4,19.2,18.2,NA,Unknown,Water level accuracy is unknown,1,Department of Water Resources,NA,1,Department of Water Resources,80,100,22562,23N16E36R001M,23N16E36R001M,USGS quad,5 ft.,5-012.02,Chilcoot,Plumas,100,Residential,Single Well,213453,1986-04-02 00:00:00 - 2020-04-24 12:00:00,72,spring,NA,NA,2.6,33.9,1992,NA,1991-10-01T00:00:00Z,1992-10-01T00:00:00Z,-120.128,39.796
397960N1201281W001,1752881,1991-10-23T00:00:00Z,5039.6,5038.6,0,20.2,5019.4,20.2,19.2,NA,Unknown,Water level accuracy is unknown,1,Department of Water Resources,NA,1,Department of Water Resources,80,100,22562,23N16E36R001M,23N16E36R001M,USGS quad,5 ft.,5-012.02,Chilcoot,Plumas,100,Residential,Single Well,213453,1986-04-02 00:00:00 - 2020-04-24 12:00:00,72,fall,0.7,24.1,NA,NA,1992,NA,1991-10-01T00:00:00Z,1992-10-01T00:00:00Z,-120.128,39.796
397960N1201281W001,1752880,1991-02-27T00:00:00Z,5039.6,5038.6,0,17.8,5021.8,17.8,16.8,NA,Unknown,Water level accuracy is unknown,1,Department of Water Resources,NA,1,Department of Water Resources,80,100,22562,23N16E36R001M,23N16E36R001M,USGS quad,5 ft.,5-012.02,Chilcoot,Plumas,100,Residential,Single Well,213453,1986-04-02 00:00:00 - 2020-04-24 12:00:00,72,other,NA,NA,NA,NA,1991,NA,1990-10-01T00:00:00Z,1991-10-01T00:00:00Z,-120.128,39.796
397960N1201281W001,1752879,1990-10-24T00:00:00Z,5039.6,5038.6,0,20.1,5019.5,20.1,19.1,NA,Unknown,Water level accuracy is unknown,1,Department of Water Resources,NA,1,Department of Water Resources,80,100,22562,23N16E36R001M,23N16E36R001M,USGS quad,5 ft.,5-012.02,Chilcoot,Plumas,100,Residential,Single Well,213453,1986-04-02 00:00:00 - 2020-04-24 12:00:00,72,fall,0.7,24.1,NA,NA,1991,NA,1990-10-01T00:00:00Z,1991-10-01T00:00:00Z,-120.128,39.796
397960N1201281W001,1752878,1990-04-10T00:00:00Z,5039.6,5038.6,0,16.8,5022.8,16.8,15.8,NA,Unknown,Water level accuracy is unknown,1,Department of Water Resources,NA,1,Department of Water Resources,80,100,22562,23N16E36R001M,23N16E36R001M,USGS quad,5 ft.,5-012.02,Chilcoot,Plumas,100,Residential,Single Well,213453,1986-04-02 00:00:00 - 2020-04-24 12:00:00,72,spring,NA,NA,2.6,33.9,1990,NA,1989-10-01T00:00:00Z,1990-10-01T00:00:00Z,-120.128,39.796
397960N1201281W001,1752877,1989-09-27T00:00:00Z,5039.6,5038.6,0,15,5024.6,15,14,NA,Unknown,Water level accuracy is unknown,1,Department of Water Resources,NA,388,Sierra Valley Groundwater Management District,80,100,22562,23N16E36R001M,23N16E36R001M,USGS quad,5 ft.,5-012.02,Chilcoot,Plumas,100,Residential,Single Well,213453,1986-04-02 00:00:00 - 2020-04-24 12:00:00,72,fall,0.7,24.1,NA,NA,1989,NA,1988-10-01T00:00:00Z,1989-10-01T00:00:00Z,-120.128,39.796
397960N1201281W001,1752876,1989-04-07T00:00:00Z,5039.6,5038.6,0,14.4,5025.2,14.4,13.4,NA,Unknown,Water level accuracy is unknown,1,Department of Water Resources,NA,1,Department of Water Resources,80,100,22562,23N16E36R001M,23N16E36R001M,USGS quad,5 ft.,5-012.02,Chilcoot,Plumas,100,Residential,Single Well,213453,1986-04-02 00:00:00 - 2020-04-24 12:00:00,72,spring,NA,NA,2.6,33.9,1989,NA,1988-10-01T00:00:00Z,1989-10-01T00:00:00Z,-120.128,39.796
397960N1201281W001,1752875,1988-10-25T00:00:00Z,5039.6,5038.6,0,17.6,5022,17.6,16.6,NA,Unknown,Water level accuracy is unknown,1,Department of Water Resources,NA,1,Department of Water Resources,80,100,22562,23N16E36R001M,23N16E36R001M,USGS quad,5 ft.,5-012.02,Chilcoot,Plumas,100,Residential,Single Well,213453,1986-04-02 00:00:00 - 2020-04-24 12:00:00,72,fall,0.7,24.1,NA,NA,1989,NA,1988-10-01T00:00:00Z,1989-10-01T00:00:00Z,-120.128,39.796
397960N1201281W001,1752874,1988-04-21T00:00:00Z,5039.6,5038.6,0,16.8,5022.8,16.8,15.8,NA,Unknown,Water level accuracy is unknown,1,Department of Water Resources,NA,1,Department of Water Resources,80,100,22562,23N16E36R001M,23N16E36R001M,USGS quad,5 ft.,5-012.02,Chilcoot,Plumas,100,Residential,Single Well,213453,1986-04-02 00:00:00 - 2020-04-24 12:00:00,72,spring,NA,NA,2.6,33.9,1988,NA,1987-10-01T00:00:00Z,1988-10-01T00:00:00Z,-120.128,39.796
397960N1201281W001,1752873,1987-10-21T00:00:00Z,5039.6,5038.6,0,16.5,5023.1,16.5,15.5,NA,Unknown,Water level accuracy is unknown,1,Department of Water Resources,NA,1,Department of Water Resources,80,100,22562,23N16E36R001M,23N16E36R001M,USGS quad,5 ft.,5-012.02,Chilcoot,Plumas,100,Residential,Single Well,213453,1986-04-02 00:00:00 - 2020-04-24 12:00:00,72,fall,0.7,24.1,NA,NA,1988,NA,1987-10-01T00:00:00Z,1988-10-01T00:00:00Z,-120.128,39.796
397960N1201281W001,1752872,1987-04-06T00:00:00Z,5039.6,5038.6,0,4.8,5034.8,4.8,3.8,NA,Unknown,Water level accuracy is unknown,1,Department of Water Resources,NA,1,Department of Water Resources,80,100,22562,23N16E36R001M,23N16E36R001M,USGS quad,5 ft.,5-012.02,Chilcoot,Plumas,100,Residential,Single Well,213453,1986-04-02 00:00:00 - 2020-04-24 12:00:00,72,spring,NA,NA,2.6,33.9,1987,Dry,1986-10-01T00:00:00Z,1987-10-01T00:00:00Z,-120.128,39.796
397960N1201281W001,1752871,1986-10-03T00:00:00Z,5039.6,5038.6,0,6,5033.6,6,5,NA,Unknown,Water level accuracy is unknown,1,Department of Water Resources,NA,1,Department of Water Resources,80,100,22562,23N16E36R001M,23N16E36R001M,USGS quad,5 ft.,5-012.02,Chilcoot,Plumas,100,Residential,Single Well,213453,1986-04-02 00:00:00 - 2020-04-24 12:00:00,72,fall,0.7,24.1,NA,NA,1987,Dry,1986-10-01T00:00:00Z,1987-10-01T00:00:00Z,-120.128,39.796
397960N1201281W001,1752870,1986-08-14T00:00:00Z,5039.6,5038.6,0,9.3,5030.3,9.3,8.3,NA,Unknown,Water level accuracy is unknown,1,Department of Water Resources,NA,1,Department of Water Resources,80,100,22562,23N16E36R001M,23N16E36R001M,USGS quad,5 ft.,5-012.02,Chilcoot,Plumas,100,Residential,Single Well,213453,1986-04-02 00:00:00 - 2020-04-24 12:00:00,72,fall,0.7,24.1,NA,NA,1986,Wet,1985-10-01T00:00:00Z,1986-10-01T00:00:00Z,-120.128,39.796
397960N1201281W001,1752869,1986-07-15T00:00:00Z,5039.6,5038.6,0,8.1,5031.5,8.1,7.1,NA,Unknown,Water level accuracy is unknown,1,Department of Water Resources,NA,1,Department of Water Resources,80,100,22562,23N16E36R001M,23N16E36R001M,USGS quad,5 ft.,5-012.02,Chilcoot,Plumas,100,Residential,Single Well,213453,1986-04-02 00:00:00 - 2020-04-24 12:00:00,72,other,NA,NA,NA,NA,1986,Wet,1985-10-01T00:00:00Z,1986-10-01T00:00:00Z,-120.128,39.796
397960N1201281W001,1752868,1986-04-02T00:00:00Z,5039.6,5038.6,0,5.5,5034.1,5.5,4.5,NA,Unknown,Water level accuracy is unknown,1,Department of Water Resources,NA,1,Department of Water Resources,80,100,22562,23N16E36R001M,23N16E36R001M,USGS quad,5 ft.,5-012.02,Chilcoot,Plumas,100,Residential,Single Well,213453,1986-04-02 00:00:00 - 2020-04-24 12:00:00,72,spring,NA,NA,2.6,33.9,1986,Wet,1985-10-01T00:00:00Z,1986-10-01T00:00:00Z,-120.128,39.796
