SITE_CODE,WLM_ID,MSMT_DATE,WLM_RPE,WLM_GSE,RDNG_WS,RDNG_RP,WSE,RPE_WSE,GSE_WSE,WLM_QA_DESC,WLM_DESC,WLM_ACC_DESC,WLM_ORG_ID,WLM_ORG_NAME,MSMT_CMT,COOP_AGENCY_ORG_ID,COOP_ORG_NAME,TOP_PRF,BOT_PRF,STN_ID,SWN,WELL_NAME,WLM_METHOD,WLM_ACC,BASIN_CODE,BASIN_NAME,COUNTY_NAME,WELL_DEPTH,WELL_USE,WELL_TYPE,WCR_NO,t_range,n_samples,season,fall_high,fall_low,spring_high,spring_low,water_year,water_year_type,water_year_start,water_year_end,X,Y
397979N1202099W001,2415037,2018-10-24T12:00:00Z,4924.09,4923.59,7.8,80,4851.89,72.2,71.7,Other,Steel tape measurement,Water level accuracy to nearest tenth of a foot,1,Department of Water Resources,Tape kept slowing up,1,Department of Water Resources,524,820,22135,23N16E32Q001M,23N16E32Q001M,Unknown,Unknown,5-012.01,Sierra Valley,Plumas,820,Irrigation,Single Well,72911,1980-10-04 00:00:00 - 2020-04-24 12:00:00,88,fall,65,149.5,NA,NA,2019,Wet,2018-10-01T00:00:00Z,2019-10-01T00:00:00Z,-120.21,39.7979
397979N1202099W001,2285976,2018-04-03T12:00:00Z,4924.09,4923.59,52.9,125,4851.99,72.1,71.6,NA,Steel tape measurement,Water level accuracy to nearest tenth of a foot,1,Department of Water Resources,NA,1,Department of Water Resources,524,820,22135,23N16E32Q001M,23N16E32Q001M,Unknown,Unknown,5-012.01,Sierra Valley,Plumas,820,Irrigation,Single Well,72911,1980-10-04 00:00:00 - 2020-04-24 12:00:00,88,spring,NA,NA,30.8,86.4,2018,NA,2017-10-01T00:00:00Z,2018-10-01T00:00:00Z,-120.21,39.7979
397979N1202099W001,2268017,2017-10-17T00:00:00Z,4924.09,4923.59,14.5,80,4858.59,65.5,65,Oil or foreign substance in casing,Steel tape measurement,Water level accuracy to nearest tenth of a foot,1,Department of Water Resources,NA,1,Department of Water Resources,524,820,22135,23N16E32Q001M,23N16E32Q001M,Unknown,Unknown,5-012.01,Sierra Valley,Plumas,820,Irrigation,Single Well,72911,1980-10-04 00:00:00 - 2020-04-24 12:00:00,88,fall,65,149.5,NA,NA,2018,NA,2017-10-01T00:00:00Z,2018-10-01T00:00:00Z,-120.21,39.7979
397979N1202099W001,2244305,2017-04-04T00:00:00Z,4924.09,4923.59,12,70,4866.09,58,57.5,NA,Steel tape measurement,Water level accuracy to nearest tenth of a foot,1,Department of Water Resources,NA,1,Department of Water Resources,524,820,22135,23N16E32Q001M,23N16E32Q001M,Unknown,Unknown,5-012.01,Sierra Valley,Plumas,820,Irrigation,Single Well,72911,1980-10-04 00:00:00 - 2020-04-24 12:00:00,88,spring,NA,NA,30.8,86.4,2017,Wet,2016-10-01T00:00:00Z,2017-10-01T00:00:00Z,-120.21,39.7979
397979N1202099W001,2184601,2016-03-21T00:00:00Z,4924.09,4923.59,24.5,90,4858.59,65.5,65,NA,Steel tape measurement,Water level accuracy to nearest tenth of a foot,1,Department of Water Resources,NA,1,Department of Water Resources,524,820,22135,23N16E32Q001M,23N16E32Q001M,Unknown,Unknown,5-012.01,Sierra Valley,Plumas,820,Irrigation,Single Well,72911,1980-10-04 00:00:00 - 2020-04-24 12:00:00,88,spring,NA,NA,30.8,86.4,2016,NA,2015-10-01T00:00:00Z,2016-10-01T00:00:00Z,-120.21,39.7979
397979N1202099W001,2157076,2015-10-19T00:00:00Z,4924.09,4923.59,17,110,4831.09,93,92.5,NA,Steel tape measurement,Water level accuracy to nearest tenth of a foot,1,Department of Water Resources,NA,1,Department of Water Resources,524,820,22135,23N16E32Q001M,23N16E32Q001M,Unknown,Unknown,5-012.01,Sierra Valley,Plumas,820,Irrigation,Single Well,72911,1980-10-04 00:00:00 - 2020-04-24 12:00:00,88,fall,65,149.5,NA,NA,2016,NA,2015-10-01T00:00:00Z,2016-10-01T00:00:00Z,-120.21,39.7979
397979N1202099W001,2119788,2015-03-23T00:00:00Z,4924.09,4923.59,14.5,90,4848.59,75.5,75,NA,Steel tape measurement,Water level accuracy to nearest tenth of a foot,1,Department of Water Resources,NA,1,Department of Water Resources,524,820,22135,23N16E32Q001M,23N16E32Q001M,Unknown,Unknown,5-012.01,Sierra Valley,Plumas,820,Irrigation,Single Well,72911,1980-10-04 00:00:00 - 2020-04-24 12:00:00,88,spring,NA,NA,30.8,86.4,2015,NA,2014-10-01T00:00:00Z,2015-10-01T00:00:00Z,-120.21,39.7979
397979N1202099W001,1880786,2014-03-14T00:00:00Z,4924.09,4923.59,14,96,4842.09,82,81.5,NA,Steel tape measurement,Water level accuracy to nearest tenth of a foot,1,Department of Water Resources,NA,1,Department of Water Resources,524,820,22135,23N16E32Q001M,23N16E32Q001M,Unknown,Unknown,5-012.01,Sierra Valley,Plumas,820,Irrigation,Single Well,72911,1980-10-04 00:00:00 - 2020-04-24 12:00:00,88,spring,NA,NA,30.8,86.4,2014,NA,2013-10-01T00:00:00Z,2014-10-01T00:00:00Z,-120.21,39.7979
397979N1202099W001,1797128,2013-10-21T00:00:00Z,4924.09,4923.59,0,150,4774.09,150,149.5,NA,Steel tape measurement,Water level accuracy to nearest tenth of a foot,1,Department of Water Resources,NA,1,Department of Water Resources,524,820,22135,23N16E32Q001M,23N16E32Q001M,Unknown,Unknown,5-012.01,Sierra Valley,Plumas,820,Irrigation,Single Well,72911,1980-10-04 00:00:00 - 2020-04-24 12:00:00,88,fall,65,149.5,NA,NA,2014,NA,2013-10-01T00:00:00Z,2014-10-01T00:00:00Z,-120.21,39.7979
397979N1202099W001,1684447,2013-03-25T00:00:00Z,4924.09,4923.59,3.1,90,4837.19,86.9,86.4,NA,Steel tape measurement,Water level accuracy to nearest tenth of a foot,1,Department of Water Resources,NA,1,Department of Water Resources,524,820,22135,23N16E32Q001M,23N16E32Q001M,Unknown,Unknown,5-012.01,Sierra Valley,Plumas,820,Irrigation,Single Well,72911,1980-10-04 00:00:00 - 2020-04-24 12:00:00,88,spring,NA,NA,30.8,86.4,2013,Dry,2012-10-01T00:00:00Z,2013-10-01T00:00:00Z,-120.21,39.7979
397979N1202099W001,69388,2012-10-30T00:00:00Z,4924.09,4923.59,4,130,4798.09,126,125.5,NA,Electric sounder measurement,Water level accuracy to nearest hundredth of a foot,1,Department of Water Resources,NA,1,Department of Water Resources,524,820,22135,23N16E32Q001M,23N16E32Q001M,Unknown,Unknown,5-012.01,Sierra Valley,Plumas,820,Irrigation,Single Well,72911,1980-10-04 00:00:00 - 2020-04-24 12:00:00,88,fall,65,149.5,NA,NA,2013,Dry,2012-10-01T00:00:00Z,2013-10-01T00:00:00Z,-120.21,39.7979
397979N1202099W001,39818,2011-10-18T00:00:00Z,4924.09,4923.59,0,116.5,4807.59,116.5,116,NA,Steel tape measurement,Water level accuracy to nearest tenth of a foot,1,Department of Water Resources,NA,1,Department of Water Resources,524,820,22135,23N16E32Q001M,23N16E32Q001M,Unknown,Unknown,5-012.01,Sierra Valley,Plumas,820,Irrigation,Single Well,72911,1980-10-04 00:00:00 - 2020-04-24 12:00:00,88,fall,65,149.5,NA,NA,2012,NA,2011-10-01T00:00:00Z,2012-10-01T00:00:00Z,-120.21,39.7979
397979N1202099W001,819100,2011-10-18T00:00:00Z,4924.09,4923.59,0,116.5,4807.59,116.5,116,NA,Unknown,Water level accuracy is unknown,1,Department of Water Resources,NA,1,Department of Water Resources,524,820,22135,23N16E32Q001M,23N16E32Q001M,Unknown,Unknown,5-012.01,Sierra Valley,Plumas,820,Irrigation,Single Well,72911,1980-10-04 00:00:00 - 2020-04-24 12:00:00,88,fall,65,149.5,NA,NA,2012,NA,2011-10-01T00:00:00Z,2012-10-01T00:00:00Z,-120.21,39.7979
397979N1202099W001,819099,2011-04-25T00:00:00Z,4924.09,4923.59,0,76.4,4847.69,76.4,75.9,NA,Unknown,Water level accuracy is unknown,1,Department of Water Resources,NA,1,Department of Water Resources,524,820,22135,23N16E32Q001M,23N16E32Q001M,Unknown,Unknown,5-012.01,Sierra Valley,Plumas,820,Irrigation,Single Well,72911,1980-10-04 00:00:00 - 2020-04-24 12:00:00,88,spring,NA,NA,30.8,86.4,2011,Wet,2010-10-01T00:00:00Z,2011-10-01T00:00:00Z,-120.21,39.7979
397979N1202099W001,819098,2010-10-25T00:00:00Z,4924.09,4923.59,0,123.1,4800.99,123.1,122.6,NA,Unknown,Water level accuracy is unknown,1,Department of Water Resources,NA,1,Department of Water Resources,524,820,22135,23N16E32Q001M,23N16E32Q001M,Unknown,Unknown,5-012.01,Sierra Valley,Plumas,820,Irrigation,Single Well,72911,1980-10-04 00:00:00 - 2020-04-24 12:00:00,88,fall,65,149.5,NA,NA,2011,Wet,2010-10-01T00:00:00Z,2011-10-01T00:00:00Z,-120.21,39.7979
397979N1202099W001,819097,2010-04-06T00:00:00Z,4924.09,4923.59,0,78.8,4845.29,78.8,78.3,NA,Unknown,Water level accuracy is unknown,1,Department of Water Resources,NA,1,Department of Water Resources,524,820,22135,23N16E32Q001M,23N16E32Q001M,Unknown,Unknown,5-012.01,Sierra Valley,Plumas,820,Irrigation,Single Well,72911,1980-10-04 00:00:00 - 2020-04-24 12:00:00,88,spring,NA,NA,30.8,86.4,2010,NA,2009-10-01T00:00:00Z,2010-10-01T00:00:00Z,-120.21,39.7979
397979N1202099W001,819096,2009-10-29T00:00:00Z,4924.09,4923.59,0,130.1,4793.99,130.1,129.6,NA,Unknown,Water level accuracy is unknown,1,Department of Water Resources,NA,1,Department of Water Resources,524,820,22135,23N16E32Q001M,23N16E32Q001M,Unknown,Unknown,5-012.01,Sierra Valley,Plumas,820,Irrigation,Single Well,72911,1980-10-04 00:00:00 - 2020-04-24 12:00:00,88,fall,65,149.5,NA,NA,2010,NA,2009-10-01T00:00:00Z,2010-10-01T00:00:00Z,-120.21,39.7979
397979N1202099W001,819087,2005-04-05T00:00:00Z,4924.09,4923.59,0,65.9,4858.19,65.9,65.4,NA,Unknown,Water level accuracy is unknown,1,Department of Water Resources,NA,1,Department of Water Resources,524,820,22135,23N16E32Q001M,23N16E32Q001M,Unknown,Unknown,5-012.01,Sierra Valley,Plumas,820,Irrigation,Single Well,72911,1980-10-04 00:00:00 - 2020-04-24 12:00:00,88,spring,NA,NA,30.8,86.4,2005,NA,2004-10-01T00:00:00Z,2005-10-01T00:00:00Z,-120.21,39.7979
397979N1202099W001,819085,2004-04-07T00:00:00Z,4924.09,4923.59,0,68,4856.09,68,67.5,Oil or foreign substance in casing,Unknown,Water level accuracy is unknown,1,Department of Water Resources,NA,1,Department of Water Resources,524,820,22135,23N16E32Q001M,23N16E32Q001M,Unknown,Unknown,5-012.01,Sierra Valley,Plumas,820,Irrigation,Single Well,72911,1980-10-04 00:00:00 - 2020-04-24 12:00:00,88,spring,NA,NA,30.8,86.4,2004,NA,2003-10-01T00:00:00Z,2004-10-01T00:00:00Z,-120.21,39.7979
397979N1202099W001,819084,2003-10-28T00:00:00Z,4924.09,4923.59,0,113.1,4810.99,113.1,112.6,Oil or foreign substance in casing,Unknown,Water level accuracy is unknown,1,Department of Water Resources,NA,1,Department of Water Resources,524,820,22135,23N16E32Q001M,23N16E32Q001M,Unknown,Unknown,5-012.01,Sierra Valley,Plumas,820,Irrigation,Single Well,72911,1980-10-04 00:00:00 - 2020-04-24 12:00:00,88,fall,65,149.5,NA,NA,2004,NA,2003-10-01T00:00:00Z,2004-10-01T00:00:00Z,-120.21,39.7979
397979N1202099W001,819083,2003-03-28T00:00:00Z,4924.09,4923.59,0,66.5,4857.59,66.5,66,Oil or foreign substance in casing,Unknown,Water level accuracy is unknown,1,Department of Water Resources,NA,1,Department of Water Resources,524,820,22135,23N16E32Q001M,23N16E32Q001M,Unknown,Unknown,5-012.01,Sierra Valley,Plumas,820,Irrigation,Single Well,72911,1980-10-04 00:00:00 - 2020-04-24 12:00:00,88,spring,NA,NA,30.8,86.4,2003,NA,2002-10-01T00:00:00Z,2003-10-01T00:00:00Z,-120.21,39.7979
397979N1202099W001,819081,2002-03-27T00:00:00Z,4924.09,4923.59,0,59.3,4864.79,59.3,58.8,NA,Unknown,Water level accuracy is unknown,1,Department of Water Resources,NA,1,Department of Water Resources,524,820,22135,23N16E32Q001M,23N16E32Q001M,Unknown,Unknown,5-012.01,Sierra Valley,Plumas,820,Irrigation,Single Well,72911,1980-10-04 00:00:00 - 2020-04-24 12:00:00,88,spring,NA,NA,30.8,86.4,2002,NA,2001-10-01T00:00:00Z,2002-10-01T00:00:00Z,-120.21,39.7979
397979N1202099W001,819080,2001-10-24T00:00:00Z,4924.09,4923.59,0,100.9,4823.19,100.9,100.4,Oil or foreign substance in casing,Unknown,Water level accuracy is unknown,1,Department of Water Resources,NA,1,Department of Water Resources,524,820,22135,23N16E32Q001M,23N16E32Q001M,Unknown,Unknown,5-012.01,Sierra Valley,Plumas,820,Irrigation,Single Well,72911,1980-10-04 00:00:00 - 2020-04-24 12:00:00,88,fall,65,149.5,NA,NA,2002,NA,2001-10-01T00:00:00Z,2002-10-01T00:00:00Z,-120.21,39.7979
397979N1202099W001,819078,2000-10-18T00:00:00Z,4924.09,4923.59,0,83.5,4840.59,83.5,83,Oil or foreign substance in casing,Unknown,Water level accuracy is unknown,1,Department of Water Resources,NA,1,Department of Water Resources,524,820,22135,23N16E32Q001M,23N16E32Q001M,Unknown,Unknown,5-012.01,Sierra Valley,Plumas,820,Irrigation,Single Well,72911,1980-10-04 00:00:00 - 2020-04-24 12:00:00,88,fall,65,149.5,NA,NA,2001,Dry,2000-10-01T00:00:00Z,2001-10-01T00:00:00Z,-120.21,39.7979
397979N1202099W001,819077,2000-03-26T00:00:00Z,4924.09,4923.59,0,45.7,4878.39,45.7,45.2,NA,Unknown,Water level accuracy is unknown,1,Department of Water Resources,NA,1,Department of Water Resources,524,820,22135,23N16E32Q001M,23N16E32Q001M,Unknown,Unknown,5-012.01,Sierra Valley,Plumas,820,Irrigation,Single Well,72911,1980-10-04 00:00:00 - 2020-04-24 12:00:00,88,spring,NA,NA,30.8,86.4,2000,NA,1999-10-01T00:00:00Z,2000-10-01T00:00:00Z,-120.21,39.7979
397979N1202099W001,819075,1999-10-13T00:00:00Z,4924.09,4923.59,0,91,4833.09,91,90.5,Oil or foreign substance in casing,Unknown,Water level accuracy is unknown,1,Department of Water Resources,NA,1,Department of Water Resources,524,820,22135,23N16E32Q001M,23N16E32Q001M,Unknown,Unknown,5-012.01,Sierra Valley,Plumas,820,Irrigation,Single Well,72911,1980-10-04 00:00:00 - 2020-04-24 12:00:00,88,fall,65,149.5,NA,NA,2000,NA,1999-10-01T00:00:00Z,2000-10-01T00:00:00Z,-120.21,39.7979
397979N1202099W001,819076,1999-04-14T00:00:00Z,4924.09,4923.59,0,39.2,4884.89,39.2,38.7,Oil or foreign substance in casing,Unknown,Water level accuracy is unknown,1,Department of Water Resources,NA,1,Department of Water Resources,524,820,22135,23N16E32Q001M,23N16E32Q001M,Unknown,Unknown,5-012.01,Sierra Valley,Plumas,820,Irrigation,Single Well,72911,1980-10-04 00:00:00 - 2020-04-24 12:00:00,88,spring,NA,NA,30.8,86.4,1999,NA,1998-10-01T00:00:00Z,1999-10-01T00:00:00Z,-120.21,39.7979
397979N1202099W001,819073,1998-10-15T00:00:00Z,4924.09,4923.59,0,68.8,4855.29,68.8,68.3,Oil or foreign substance in casing,Unknown,Water level accuracy is unknown,1,Department of Water Resources,NA,1,Department of Water Resources,524,820,22135,23N16E32Q001M,23N16E32Q001M,Unknown,Unknown,5-012.01,Sierra Valley,Plumas,820,Irrigation,Single Well,72911,1980-10-04 00:00:00 - 2020-04-24 12:00:00,88,fall,65,149.5,NA,NA,1999,NA,1998-10-01T00:00:00Z,1999-10-01T00:00:00Z,-120.21,39.7979
397979N1202099W001,819074,1998-05-14T00:00:00Z,4924.09,4923.59,0,42.4,4881.69,42.4,41.9,Oil or foreign substance in casing,Unknown,Water level accuracy is unknown,1,Department of Water Resources,NA,1,Department of Water Resources,524,820,22135,23N16E32Q001M,23N16E32Q001M,Unknown,Unknown,5-012.01,Sierra Valley,Plumas,820,Irrigation,Single Well,72911,1980-10-04 00:00:00 - 2020-04-24 12:00:00,88,spring,NA,NA,30.8,86.4,1998,NA,1997-10-01T00:00:00Z,1998-10-01T00:00:00Z,-120.21,39.7979
397979N1202099W001,819072,1997-10-16T00:00:00Z,4924.09,4923.59,0,86.7,4837.39,86.7,86.2,Oil or foreign substance in casing,Unknown,Water level accuracy is unknown,1,Department of Water Resources,NA,1,Department of Water Resources,524,820,22135,23N16E32Q001M,23N16E32Q001M,Unknown,Unknown,5-012.01,Sierra Valley,Plumas,820,Irrigation,Single Well,72911,1980-10-04 00:00:00 - 2020-04-24 12:00:00,88,fall,65,149.5,NA,NA,1998,NA,1997-10-01T00:00:00Z,1998-10-01T00:00:00Z,-120.21,39.7979
397979N1202099W001,819070,1997-04-03T00:00:00Z,4924.09,4923.59,0,49.4,4874.69,49.4,48.9,Oil or foreign substance in casing,Unknown,Water level accuracy is unknown,1,Department of Water Resources,NA,1,Department of Water Resources,524,820,22135,23N16E32Q001M,23N16E32Q001M,Unknown,Unknown,5-012.01,Sierra Valley,Plumas,820,Irrigation,Single Well,72911,1980-10-04 00:00:00 - 2020-04-24 12:00:00,88,spring,NA,NA,30.8,86.4,1997,NA,1996-10-01T00:00:00Z,1997-10-01T00:00:00Z,-120.21,39.7979
397979N1202099W001,819071,1996-10-30T00:00:00Z,4924.09,4923.59,0,67,4857.09,67,66.5,Oil or foreign substance in casing,Unknown,Water level accuracy is unknown,1,Department of Water Resources,NA,1,Department of Water Resources,524,820,22135,23N16E32Q001M,23N16E32Q001M,Unknown,Unknown,5-012.01,Sierra Valley,Plumas,820,Irrigation,Single Well,72911,1980-10-04 00:00:00 - 2020-04-24 12:00:00,88,fall,65,149.5,NA,NA,1997,NA,1996-10-01T00:00:00Z,1997-10-01T00:00:00Z,-120.21,39.7979
397979N1202099W001,819069,1996-05-06T00:00:00Z,4924.09,4923.59,0,36,4888.09,36,35.5,Oil or foreign substance in casing,Unknown,Water level accuracy is unknown,1,Department of Water Resources,NA,1,Department of Water Resources,524,820,22135,23N16E32Q001M,23N16E32Q001M,Unknown,Unknown,5-012.01,Sierra Valley,Plumas,820,Irrigation,Single Well,72911,1980-10-04 00:00:00 - 2020-04-24 12:00:00,88,spring,NA,NA,30.8,86.4,1996,NA,1995-10-01T00:00:00Z,1996-10-01T00:00:00Z,-120.21,39.7979
397979N1202099W001,819068,1995-10-23T00:00:00Z,4924.09,4923.59,0,67.9,4856.19,67.9,67.4,Oil or foreign substance in casing,Unknown,Water level accuracy is unknown,1,Department of Water Resources,NA,1,Department of Water Resources,524,820,22135,23N16E32Q001M,23N16E32Q001M,Unknown,Unknown,5-012.01,Sierra Valley,Plumas,820,Irrigation,Single Well,72911,1980-10-04 00:00:00 - 2020-04-24 12:00:00,88,fall,65,149.5,NA,NA,1996,NA,1995-10-01T00:00:00Z,1996-10-01T00:00:00Z,-120.21,39.7979
397979N1202099W001,819066,1994-10-28T00:00:00Z,4924.09,4923.59,0,80.3,4843.79,80.3,79.8,Oil or foreign substance in casing,Unknown,Water level accuracy is unknown,1,Department of Water Resources,NA,1,Department of Water Resources,524,820,22135,23N16E32Q001M,23N16E32Q001M,Unknown,Unknown,5-012.01,Sierra Valley,Plumas,820,Irrigation,Single Well,72911,1980-10-04 00:00:00 - 2020-04-24 12:00:00,88,fall,65,149.5,NA,NA,1995,Wet,1994-10-01T00:00:00Z,1995-10-01T00:00:00Z,-120.21,39.7979
397979N1202099W001,819065,1994-03-29T00:00:00Z,4924.09,4923.59,0,53.8,4870.29,53.8,53.3,Oil or foreign substance in casing,Unknown,Water level accuracy is unknown,1,Department of Water Resources,NA,1,Department of Water Resources,524,820,22135,23N16E32Q001M,23N16E32Q001M,Unknown,Unknown,5-012.01,Sierra Valley,Plumas,820,Irrigation,Single Well,72911,1980-10-04 00:00:00 - 2020-04-24 12:00:00,88,spring,NA,NA,30.8,86.4,1994,Dry,1993-10-01T00:00:00Z,1994-10-01T00:00:00Z,-120.21,39.7979
397979N1202099W001,819064,1993-10-18T00:00:00Z,4924.09,4923.59,0,78.9,4845.19,78.9,78.4,Oil or foreign substance in casing,Unknown,Water level accuracy is unknown,1,Department of Water Resources,NA,1,Department of Water Resources,524,820,22135,23N16E32Q001M,23N16E32Q001M,Unknown,Unknown,5-012.01,Sierra Valley,Plumas,820,Irrigation,Single Well,72911,1980-10-04 00:00:00 - 2020-04-24 12:00:00,88,fall,65,149.5,NA,NA,1994,Dry,1993-10-01T00:00:00Z,1994-10-01T00:00:00Z,-120.21,39.7979
397979N1202099W001,819063,1993-04-20T00:00:00Z,4924.09,4923.59,0,64.8,4859.29,64.8,64.3,NA,Unknown,Water level accuracy is unknown,1,Department of Water Resources,NA,1,Department of Water Resources,524,820,22135,23N16E32Q001M,23N16E32Q001M,Unknown,Unknown,5-012.01,Sierra Valley,Plumas,820,Irrigation,Single Well,72911,1980-10-04 00:00:00 - 2020-04-24 12:00:00,88,spring,NA,NA,30.8,86.4,1993,NA,1992-10-01T00:00:00Z,1993-10-01T00:00:00Z,-120.21,39.7979
397979N1202099W001,819062,1992-10-20T00:00:00Z,4924.09,4923.59,0,109.4,4814.69,109.4,108.9,Oil or foreign substance in casing,Unknown,Water level accuracy is unknown,1,Department of Water Resources,NA,1,Department of Water Resources,524,820,22135,23N16E32Q001M,23N16E32Q001M,Unknown,Unknown,5-012.01,Sierra Valley,Plumas,820,Irrigation,Single Well,72911,1980-10-04 00:00:00 - 2020-04-24 12:00:00,88,fall,65,149.5,NA,NA,1993,NA,1992-10-01T00:00:00Z,1993-10-01T00:00:00Z,-120.21,39.7979
397979N1202099W001,819061,1992-03-24T00:00:00Z,4924.09,4923.59,0,67,4857.09,67,66.5,NA,Unknown,Water level accuracy is unknown,1,Department of Water Resources,NA,1,Department of Water Resources,524,820,22135,23N16E32Q001M,23N16E32Q001M,Unknown,Unknown,5-012.01,Sierra Valley,Plumas,820,Irrigation,Single Well,72911,1980-10-04 00:00:00 - 2020-04-24 12:00:00,88,spring,NA,NA,30.8,86.4,1992,NA,1991-10-01T00:00:00Z,1992-10-01T00:00:00Z,-120.21,39.7979
397979N1202099W001,819060,1991-10-23T00:00:00Z,4924.09,4923.59,0,120.9,4803.19,120.9,120.4,NA,Unknown,Water level accuracy is unknown,1,Department of Water Resources,NA,1,Department of Water Resources,524,820,22135,23N16E32Q001M,23N16E32Q001M,Unknown,Unknown,5-012.01,Sierra Valley,Plumas,820,Irrigation,Single Well,72911,1980-10-04 00:00:00 - 2020-04-24 12:00:00,88,fall,65,149.5,NA,NA,1992,NA,1991-10-01T00:00:00Z,1992-10-01T00:00:00Z,-120.21,39.7979
397979N1202099W001,819059,1991-02-27T00:00:00Z,4924.09,4923.59,0,65.2,4858.89,65.2,64.7,NA,Unknown,Water level accuracy is unknown,1,Department of Water Resources,NA,1,Department of Water Resources,524,820,22135,23N16E32Q001M,23N16E32Q001M,Unknown,Unknown,5-012.01,Sierra Valley,Plumas,820,Irrigation,Single Well,72911,1980-10-04 00:00:00 - 2020-04-24 12:00:00,88,other,NA,NA,NA,NA,1991,NA,1990-10-01T00:00:00Z,1991-10-01T00:00:00Z,-120.21,39.7979
397979N1202099W001,819058,1990-10-23T00:00:00Z,4924.09,4923.59,0,106,4818.09,106,105.5,Oil or foreign substance in casing,Unknown,Water level accuracy is unknown,1,Department of Water Resources,NA,1,Department of Water Resources,524,820,22135,23N16E32Q001M,23N16E32Q001M,Unknown,Unknown,5-012.01,Sierra Valley,Plumas,820,Irrigation,Single Well,72911,1980-10-04 00:00:00 - 2020-04-24 12:00:00,88,fall,65,149.5,NA,NA,1991,NA,1990-10-01T00:00:00Z,1991-10-01T00:00:00Z,-120.21,39.7979
397979N1202099W001,819057,1990-04-11T00:00:00Z,4924.09,4923.59,0,54,4870.09,54,53.5,Oil or foreign substance in casing,Unknown,Water level accuracy is unknown,1,Department of Water Resources,NA,388,Sierra Valley Groundwater Management District,524,820,22135,23N16E32Q001M,23N16E32Q001M,Unknown,Unknown,5-012.01,Sierra Valley,Plumas,820,Irrigation,Single Well,72911,1980-10-04 00:00:00 - 2020-04-24 12:00:00,88,spring,NA,NA,30.8,86.4,1990,NA,1989-10-01T00:00:00Z,1990-10-01T00:00:00Z,-120.21,39.7979
397979N1202099W001,819056,1989-09-26T00:00:00Z,4924.09,4923.59,0,128,4796.09,128,127.5,Oil or foreign substance in casing,Unknown,Water level accuracy is unknown,1,Department of Water Resources,NA,1,Department of Water Resources,524,820,22135,23N16E32Q001M,23N16E32Q001M,Unknown,Unknown,5-012.01,Sierra Valley,Plumas,820,Irrigation,Single Well,72911,1980-10-04 00:00:00 - 2020-04-24 12:00:00,88,fall,65,149.5,NA,NA,1989,NA,1988-10-01T00:00:00Z,1989-10-01T00:00:00Z,-120.21,39.7979
397979N1202099W001,819055,1989-04-09T00:00:00Z,4924.09,4923.59,0,63,4861.09,63,62.5,Oil or foreign substance in casing,Unknown,Water level accuracy is unknown,1,Department of Water Resources,NA,1,Department of Water Resources,524,820,22135,23N16E32Q001M,23N16E32Q001M,Unknown,Unknown,5-012.01,Sierra Valley,Plumas,820,Irrigation,Single Well,72911,1980-10-04 00:00:00 - 2020-04-24 12:00:00,88,spring,NA,NA,30.8,86.4,1989,NA,1988-10-01T00:00:00Z,1989-10-01T00:00:00Z,-120.21,39.7979
397979N1202099W001,819054,1988-10-29T00:00:00Z,4924.09,4923.59,0,115,4809.09,115,114.5,NA,Unknown,Water level accuracy is unknown,1,Department of Water Resources,NA,1,Department of Water Resources,524,820,22135,23N16E32Q001M,23N16E32Q001M,Unknown,Unknown,5-012.01,Sierra Valley,Plumas,820,Irrigation,Single Well,72911,1980-10-04 00:00:00 - 2020-04-24 12:00:00,88,fall,65,149.5,NA,NA,1989,NA,1988-10-01T00:00:00Z,1989-10-01T00:00:00Z,-120.21,39.7979
397979N1202099W001,819053,1988-03-22T00:00:00Z,4924.09,4923.59,0,59.4,4864.69,59.4,58.9,NA,Unknown,Water level accuracy is unknown,1,Department of Water Resources,NA,1,Department of Water Resources,524,820,22135,23N16E32Q001M,23N16E32Q001M,Unknown,Unknown,5-012.01,Sierra Valley,Plumas,820,Irrigation,Single Well,72911,1980-10-04 00:00:00 - 2020-04-24 12:00:00,88,spring,NA,NA,30.8,86.4,1988,NA,1987-10-01T00:00:00Z,1988-10-01T00:00:00Z,-120.21,39.7979
397979N1202099W001,819051,1987-04-06T00:00:00Z,4924.09,4923.59,0,47.5,4876.59,47.5,47,NA,Unknown,Water level accuracy is unknown,1,Department of Water Resources,NA,1,Department of Water Resources,524,820,22135,23N16E32Q001M,23N16E32Q001M,Unknown,Unknown,5-012.01,Sierra Valley,Plumas,820,Irrigation,Single Well,72911,1980-10-04 00:00:00 - 2020-04-24 12:00:00,88,spring,NA,NA,30.8,86.4,1987,Dry,1986-10-01T00:00:00Z,1987-10-01T00:00:00Z,-120.21,39.7979
397979N1202099W001,819049,1986-04-01T00:00:00Z,4924.09,4923.59,0,49.9,4874.19,49.9,49.4,NA,Unknown,Water level accuracy is unknown,1,Department of Water Resources,NA,1,Department of Water Resources,524,820,22135,23N16E32Q001M,23N16E32Q001M,Unknown,Unknown,5-012.01,Sierra Valley,Plumas,820,Irrigation,Single Well,72911,1980-10-04 00:00:00 - 2020-04-24 12:00:00,88,spring,NA,NA,30.8,86.4,1986,Wet,1985-10-01T00:00:00Z,1986-10-01T00:00:00Z,-120.21,39.7979
397979N1202099W001,819048,1985-10-06T00:00:00Z,4924.09,4923.59,0,99.5,4824.59,99.5,99,NA,Unknown,Water level accuracy is unknown,1,Department of Water Resources,NA,1,Department of Water Resources,524,820,22135,23N16E32Q001M,23N16E32Q001M,Unknown,Unknown,5-012.01,Sierra Valley,Plumas,820,Irrigation,Single Well,72911,1980-10-04 00:00:00 - 2020-04-24 12:00:00,88,fall,65,149.5,NA,NA,1986,Wet,1985-10-01T00:00:00Z,1986-10-01T00:00:00Z,-120.21,39.7979
397979N1202099W001,819047,1985-03-25T00:00:00Z,4924.09,4923.59,0,38.6,4885.49,38.6,38.1,NA,Unknown,Water level accuracy is unknown,1,Department of Water Resources,NA,1,Department of Water Resources,524,820,22135,23N16E32Q001M,23N16E32Q001M,Unknown,Unknown,5-012.01,Sierra Valley,Plumas,820,Irrigation,Single Well,72911,1980-10-04 00:00:00 - 2020-04-24 12:00:00,88,spring,NA,NA,30.8,86.4,1985,Dry,1984-10-01T00:00:00Z,1985-10-01T00:00:00Z,-120.21,39.7979
397979N1202099W001,819046,1984-10-01T00:00:00Z,4924.09,4923.59,0,72.4,4851.69,72.4,71.9,NA,Unknown,Water level accuracy is unknown,1,Department of Water Resources,NA,1,Department of Water Resources,524,820,22135,23N16E32Q001M,23N16E32Q001M,Unknown,Unknown,5-012.01,Sierra Valley,Plumas,820,Irrigation,Single Well,72911,1980-10-04 00:00:00 - 2020-04-24 12:00:00,88,fall,65,149.5,NA,NA,1985,Dry,1984-10-01T00:00:00Z,1985-10-01T00:00:00Z,-120.21,39.7979
397979N1202099W001,819045,1984-04-12T00:00:00Z,4924.09,4923.59,0,34,4890.09,34,33.5,NA,Unknown,Water level accuracy is unknown,1,Department of Water Resources,NA,1,Department of Water Resources,524,820,22135,23N16E32Q001M,23N16E32Q001M,Unknown,Unknown,5-012.01,Sierra Valley,Plumas,820,Irrigation,Single Well,72911,1980-10-04 00:00:00 - 2020-04-24 12:00:00,88,spring,NA,NA,30.8,86.4,1984,NA,1983-10-01T00:00:00Z,1984-10-01T00:00:00Z,-120.21,39.7979
397979N1202099W001,819044,1984-03-12T00:00:00Z,4924.09,4923.59,0,36.6,4887.49,36.6,36.1,NA,Unknown,Water level accuracy is unknown,1,Department of Water Resources,NA,1,Department of Water Resources,524,820,22135,23N16E32Q001M,23N16E32Q001M,Unknown,Unknown,5-012.01,Sierra Valley,Plumas,820,Irrigation,Single Well,72911,1980-10-04 00:00:00 - 2020-04-24 12:00:00,88,spring,NA,NA,30.8,86.4,1984,NA,1983-10-01T00:00:00Z,1984-10-01T00:00:00Z,-120.21,39.7979
397979N1202099W001,819043,1983-09-29T00:00:00Z,4924.09,4923.59,0,77.6,4846.49,77.6,77.1,Oil or foreign substance in casing,Unknown,Water level accuracy is unknown,1,Department of Water Resources,NA,1,Department of Water Resources,524,820,22135,23N16E32Q001M,23N16E32Q001M,Unknown,Unknown,5-012.01,Sierra Valley,Plumas,820,Irrigation,Single Well,72911,1980-10-04 00:00:00 - 2020-04-24 12:00:00,88,fall,65,149.5,NA,NA,1983,NA,1982-10-01T00:00:00Z,1983-10-01T00:00:00Z,-120.21,39.7979
397979N1202099W001,819042,1983-04-07T00:00:00Z,4924.09,4923.59,0,37.4,4886.69,37.4,36.9,NA,Unknown,Water level accuracy is unknown,1,Department of Water Resources,NA,1,Department of Water Resources,524,820,22135,23N16E32Q001M,23N16E32Q001M,Unknown,Unknown,5-012.01,Sierra Valley,Plumas,820,Irrigation,Single Well,72911,1980-10-04 00:00:00 - 2020-04-24 12:00:00,88,spring,NA,NA,30.8,86.4,1983,NA,1982-10-01T00:00:00Z,1983-10-01T00:00:00Z,-120.21,39.7979
397979N1202099W001,819041,1982-10-15T00:00:00Z,4924.09,4923.59,0,72,4852.09,72,71.5,NA,Unknown,Water level accuracy is unknown,1,Department of Water Resources,NA,1,Department of Water Resources,524,820,22135,23N16E32Q001M,23N16E32Q001M,Unknown,Unknown,5-012.01,Sierra Valley,Plumas,820,Irrigation,Single Well,72911,1980-10-04 00:00:00 - 2020-04-24 12:00:00,88,fall,65,149.5,NA,NA,1983,NA,1982-10-01T00:00:00Z,1983-10-01T00:00:00Z,-120.21,39.7979
397979N1202099W001,819040,1982-10-07T00:00:00Z,4924.09,4923.59,0,72.5,4851.59,72.5,72,NA,Unknown,Water level accuracy is unknown,1,Department of Water Resources,NA,1,Department of Water Resources,524,820,22135,23N16E32Q001M,23N16E32Q001M,Unknown,Unknown,5-012.01,Sierra Valley,Plumas,820,Irrigation,Single Well,72911,1980-10-04 00:00:00 - 2020-04-24 12:00:00,88,fall,65,149.5,NA,NA,1983,NA,1982-10-01T00:00:00Z,1983-10-01T00:00:00Z,-120.21,39.7979
397979N1202099W001,819039,1982-10-05T00:00:00Z,4924.09,4923.59,0,74.2,4849.89,74.2,73.7,NA,Unknown,Water level accuracy is unknown,1,Department of Water Resources,NA,1,Department of Water Resources,524,820,22135,23N16E32Q001M,23N16E32Q001M,Unknown,Unknown,5-012.01,Sierra Valley,Plumas,820,Irrigation,Single Well,72911,1980-10-04 00:00:00 - 2020-04-24 12:00:00,88,fall,65,149.5,NA,NA,1983,NA,1982-10-01T00:00:00Z,1983-10-01T00:00:00Z,-120.21,39.7979
397979N1202099W001,819038,1982-09-16T00:00:00Z,4924.09,4923.59,0,91,4833.09,91,90.5,Casing leaking or wet,Unknown,Water level accuracy is unknown,1,Department of Water Resources,NA,1,Department of Water Resources,524,820,22135,23N16E32Q001M,23N16E32Q001M,Unknown,Unknown,5-012.01,Sierra Valley,Plumas,820,Irrigation,Single Well,72911,1980-10-04 00:00:00 - 2020-04-24 12:00:00,88,fall,65,149.5,NA,NA,1982,Wet,1981-10-01T00:00:00Z,1982-10-01T00:00:00Z,-120.21,39.7979
397979N1202099W001,819037,1982-04-27T00:00:00Z,4924.09,4923.59,0,40.2,4883.89,40.2,39.7,NA,Unknown,Water level accuracy is unknown,1,Department of Water Resources,NA,1,Department of Water Resources,524,820,22135,23N16E32Q001M,23N16E32Q001M,Unknown,Unknown,5-012.01,Sierra Valley,Plumas,820,Irrigation,Single Well,72911,1980-10-04 00:00:00 - 2020-04-24 12:00:00,88,spring,NA,NA,30.8,86.4,1982,Wet,1981-10-01T00:00:00Z,1982-10-01T00:00:00Z,-120.21,39.7979
397979N1202099W001,819036,1981-10-14T00:00:00Z,4924.09,4923.59,0,91.7,4832.39,91.7,91.2,NA,Unknown,Water level accuracy is unknown,1,Department of Water Resources,NA,1,Department of Water Resources,524,820,22135,23N16E32Q001M,23N16E32Q001M,Unknown,Unknown,5-012.01,Sierra Valley,Plumas,820,Irrigation,Single Well,72911,1980-10-04 00:00:00 - 2020-04-24 12:00:00,88,fall,65,149.5,NA,NA,1982,Wet,1981-10-01T00:00:00Z,1982-10-01T00:00:00Z,-120.21,39.7979
397979N1202099W001,819035,1981-10-07T00:00:00Z,4924.09,4923.59,0,94.9,4829.19,94.9,94.4,NA,Unknown,Water level accuracy is unknown,1,Department of Water Resources,NA,1,Department of Water Resources,524,820,22135,23N16E32Q001M,23N16E32Q001M,Unknown,Unknown,5-012.01,Sierra Valley,Plumas,820,Irrigation,Single Well,72911,1980-10-04 00:00:00 - 2020-04-24 12:00:00,88,fall,65,149.5,NA,NA,1982,Wet,1981-10-01T00:00:00Z,1982-10-01T00:00:00Z,-120.21,39.7979
397979N1202099W001,819034,1981-09-30T00:00:00Z,4924.09,4923.59,0,95,4829.09,95,94.5,NA,Unknown,Water level accuracy is unknown,1,Department of Water Resources,NA,1,Department of Water Resources,524,820,22135,23N16E32Q001M,23N16E32Q001M,Unknown,Unknown,5-012.01,Sierra Valley,Plumas,820,Irrigation,Single Well,72911,1980-10-04 00:00:00 - 2020-04-24 12:00:00,88,fall,65,149.5,NA,NA,1981,Dry,1980-10-01T00:00:00Z,1981-10-01T00:00:00Z,-120.21,39.7979
397979N1202099W001,819032,1981-04-11T00:00:00Z,4924.09,4923.59,0,31.3,4892.79,31.3,30.8,NA,Unknown,Water level accuracy is unknown,1,Department of Water Resources,NA,1,Department of Water Resources,524,820,22135,23N16E32Q001M,23N16E32Q001M,Unknown,Unknown,5-012.01,Sierra Valley,Plumas,820,Irrigation,Single Well,72911,1980-10-04 00:00:00 - 2020-04-24 12:00:00,88,spring,NA,NA,30.8,86.4,1981,Dry,1980-10-01T00:00:00Z,1981-10-01T00:00:00Z,-120.21,39.7979
397979N1202099W001,819031,1980-10-04T00:00:00Z,4924.09,4923.59,0,70.6,4853.49,70.6,70.1,NA,Unknown,Water level accuracy is unknown,1,Department of Water Resources,NA,1,Department of Water Resources,524,820,22135,23N16E32Q001M,23N16E32Q001M,Unknown,Unknown,5-012.01,Sierra Valley,Plumas,820,Irrigation,Single Well,72911,1980-10-04 00:00:00 - 2020-04-24 12:00:00,88,fall,65,149.5,NA,NA,1981,Dry,1980-10-01T00:00:00Z,1981-10-01T00:00:00Z,-120.21,39.7979
