SITE_CODE,WLM_ID,MSMT_DATE,WLM_RPE,WLM_GSE,RDNG_WS,RDNG_RP,WSE,RPE_WSE,GSE_WSE,WLM_QA_DESC,WLM_DESC,WLM_ACC_DESC,WLM_ORG_ID,WLM_ORG_NAME,MSMT_CMT,COOP_AGENCY_ORG_ID,COOP_ORG_NAME,TOP_PRF,BOT_PRF,STN_ID,SWN,WELL_NAME,WLM_METHOD,WLM_ACC,BASIN_CODE,BASIN_NAME,COUNTY_NAME,WELL_DEPTH,WELL_USE,WELL_TYPE,WCR_NO,t_range,n_samples,season,fall_high,fall_low,spring_high,spring_low,water_year,water_year_type,water_year_start,water_year_end,X,Y
398024N1201386W001,2493735,2019-10-24T12:00:00Z,5034.7,5033.6,0,30.85,5003.85,30.85,29.75,NA,Electric sounder measurement,Water level accuracy to nearest hundredth of a foot,1,Department of Water Resources,NA,1,Department of Water Resources,NA,NA,37454,23N16E36L004M,23N16E36L004M,USGS quad,5 ft.,5-012.02,Chilcoot,Plumas,250,Residential,Single Well,184758,1986-10-03 00:00:00 - 2020-04-24 12:00:00,69,fall,21.5,57.5,NA,NA,2020,Dry,2019-10-01T00:00:00Z,2020-10-01T00:00:00Z,-120.139,39.8024
398024N1201386W001,2454972,2019-04-09T12:00:00Z,5034.7,5033.6,0,24,5010.7,24,22.9,NA,Electric sounder measurement,Water level accuracy to nearest hundredth of a foot,1,Department of Water Resources,NA,1,Department of Water Resources,NA,NA,37454,23N16E36L004M,23N16E36L004M,USGS quad,5 ft.,5-012.02,Chilcoot,Plumas,250,Residential,Single Well,184758,1986-10-03 00:00:00 - 2020-04-24 12:00:00,69,spring,NA,NA,15.7,63.7,2019,Wet,2018-10-01T00:00:00Z,2019-10-01T00:00:00Z,-120.139,39.8024
398024N1201386W001,2415040,2018-10-24T12:00:00Z,5034.7,5033.6,0,36.35,4998.35,36.35,35.25,NA,Electric sounder measurement,Water level accuracy to nearest hundredth of a foot,1,Department of Water Resources,NA,1,Department of Water Resources,NA,NA,37454,23N16E36L004M,23N16E36L004M,USGS quad,5 ft.,5-012.02,Chilcoot,Plumas,250,Residential,Single Well,184758,1986-10-03 00:00:00 - 2020-04-24 12:00:00,69,fall,21.5,57.5,NA,NA,2019,Wet,2018-10-01T00:00:00Z,2019-10-01T00:00:00Z,-120.139,39.8024
398024N1201386W001,2285979,2018-04-03T12:00:00Z,5034.7,5033.6,0,30.22,5004.48,30.22,29.12,NA,Electric sounder measurement,Water level accuracy to nearest hundredth of a foot,1,Department of Water Resources,NA,1,Department of Water Resources,NA,NA,37454,23N16E36L004M,23N16E36L004M,USGS quad,5 ft.,5-012.02,Chilcoot,Plumas,250,Residential,Single Well,184758,1986-10-03 00:00:00 - 2020-04-24 12:00:00,69,spring,NA,NA,15.7,63.7,2018,NA,2017-10-01T00:00:00Z,2018-10-01T00:00:00Z,-120.139,39.8024
398024N1201386W001,2268020,2017-10-17T00:00:00Z,5034.7,5033.6,0,35.55,4999.15,35.55,34.45,NA,Electric sounder measurement,Water level accuracy to nearest hundredth of a foot,1,Department of Water Resources,NA,1,Department of Water Resources,NA,NA,37454,23N16E36L004M,23N16E36L004M,USGS quad,5 ft.,5-012.02,Chilcoot,Plumas,250,Residential,Single Well,184758,1986-10-03 00:00:00 - 2020-04-24 12:00:00,69,fall,21.5,57.5,NA,NA,2018,NA,2017-10-01T00:00:00Z,2018-10-01T00:00:00Z,-120.139,39.8024
398024N1201386W001,2244308,2017-04-04T00:00:00Z,5034.7,5033.6,0,28.8,5005.9,28.8,27.7,NA,Electric sounder measurement,Water level accuracy to nearest hundredth of a foot,1,Department of Water Resources,NA,1,Department of Water Resources,NA,NA,37454,23N16E36L004M,23N16E36L004M,USGS quad,5 ft.,5-012.02,Chilcoot,Plumas,250,Residential,Single Well,184758,1986-10-03 00:00:00 - 2020-04-24 12:00:00,69,spring,NA,NA,15.7,63.7,2017,Wet,2016-10-01T00:00:00Z,2017-10-01T00:00:00Z,-120.139,39.8024
398024N1201386W001,2214138,2016-10-24T00:00:00Z,5034.7,5033.6,0,53.85,4980.85,53.85,52.75,NA,Electric sounder measurement,Water level accuracy to nearest hundredth of a foot,1,Department of Water Resources,NA,1,Department of Water Resources,NA,NA,37454,23N16E36L004M,23N16E36L004M,USGS quad,5 ft.,5-012.02,Chilcoot,Plumas,250,Residential,Single Well,184758,1986-10-03 00:00:00 - 2020-04-24 12:00:00,69,fall,21.5,57.5,NA,NA,2017,Wet,2016-10-01T00:00:00Z,2017-10-01T00:00:00Z,-120.139,39.8024
398024N1201386W001,2184604,2016-03-21T00:00:00Z,5034.7,5033.6,0,49.32,4985.38,49.32,48.22,NA,Electric sounder measurement,Water level accuracy to nearest hundredth of a foot,1,Department of Water Resources,NA,1,Department of Water Resources,NA,NA,37454,23N16E36L004M,23N16E36L004M,USGS quad,5 ft.,5-012.02,Chilcoot,Plumas,250,Residential,Single Well,184758,1986-10-03 00:00:00 - 2020-04-24 12:00:00,69,spring,NA,NA,15.7,63.7,2016,NA,2015-10-01T00:00:00Z,2016-10-01T00:00:00Z,-120.139,39.8024
398024N1201386W001,2119792,2015-03-23T00:00:00Z,5034.7,5033.6,0,49.53,4985.17,49.53,48.43,NA,Electric sounder measurement,Water level accuracy to nearest hundredth of a foot,1,Department of Water Resources,NA,1,Department of Water Resources,NA,NA,37454,23N16E36L004M,23N16E36L004M,USGS quad,5 ft.,5-012.02,Chilcoot,Plumas,250,Residential,Single Well,184758,1986-10-03 00:00:00 - 2020-04-24 12:00:00,69,spring,NA,NA,15.7,63.7,2015,NA,2014-10-01T00:00:00Z,2015-10-01T00:00:00Z,-120.139,39.8024
398024N1201386W001,2020307,2014-10-20T06:00:00Z,5034.7,5033.6,0,52.73,4981.97,52.73,51.63,NA,Electric sounder measurement,Water level accuracy to nearest hundredth of a foot,1,Department of Water Resources,NA,1,Department of Water Resources,NA,NA,37454,23N16E36L004M,23N16E36L004M,USGS quad,5 ft.,5-012.02,Chilcoot,Plumas,250,Residential,Single Well,184758,1986-10-03 00:00:00 - 2020-04-24 12:00:00,69,fall,21.5,57.5,NA,NA,2015,NA,2014-10-01T00:00:00Z,2015-10-01T00:00:00Z,-120.139,39.8024
398024N1201386W001,1880790,2014-03-14T00:00:00Z,5034.7,5033.6,0,47.95,4986.75,47.95,46.85,NA,Electric sounder measurement,Water level accuracy to nearest hundredth of a foot,1,Department of Water Resources,NA,1,Department of Water Resources,NA,NA,37454,23N16E36L004M,23N16E36L004M,USGS quad,5 ft.,5-012.02,Chilcoot,Plumas,250,Residential,Single Well,184758,1986-10-03 00:00:00 - 2020-04-24 12:00:00,69,spring,NA,NA,15.7,63.7,2014,NA,2013-10-01T00:00:00Z,2014-10-01T00:00:00Z,-120.139,39.8024
398024N1201386W001,1797132,2013-10-21T00:00:00Z,5034.7,5033.6,0,51.78,4982.92,51.78,50.68,NA,Electric sounder measurement,Water level accuracy to nearest hundredth of a foot,1,Department of Water Resources,NA,1,Department of Water Resources,NA,NA,37454,23N16E36L004M,23N16E36L004M,USGS quad,5 ft.,5-012.02,Chilcoot,Plumas,250,Residential,Single Well,184758,1986-10-03 00:00:00 - 2020-04-24 12:00:00,69,fall,21.5,57.5,NA,NA,2014,NA,2013-10-01T00:00:00Z,2014-10-01T00:00:00Z,-120.139,39.8024
398024N1201386W001,1684451,2013-03-25T00:00:00Z,5034.7,5033.6,0,43.71,4990.99,43.71,42.61,NA,Electric sounder measurement,Water level accuracy to nearest hundredth of a foot,1,Department of Water Resources,NA,1,Department of Water Resources,NA,NA,37454,23N16E36L004M,23N16E36L004M,USGS quad,5 ft.,5-012.02,Chilcoot,Plumas,250,Residential,Single Well,184758,1986-10-03 00:00:00 - 2020-04-24 12:00:00,69,spring,NA,NA,15.7,63.7,2013,Dry,2012-10-01T00:00:00Z,2013-10-01T00:00:00Z,-120.139,39.8024
398024N1201386W001,69392,2012-10-30T00:00:00Z,5034.7,5033.6,0,47.27,4987.43,47.27,46.17,NA,Electric sounder measurement,Water level accuracy to nearest hundredth of a foot,1,Department of Water Resources,NA,1,Department of Water Resources,NA,NA,37454,23N16E36L004M,23N16E36L004M,USGS quad,5 ft.,5-012.02,Chilcoot,Plumas,250,Residential,Single Well,184758,1986-10-03 00:00:00 - 2020-04-24 12:00:00,69,fall,21.5,57.5,NA,NA,2013,Dry,2012-10-01T00:00:00Z,2013-10-01T00:00:00Z,-120.139,39.8024
398024N1201386W001,59974,2012-04-18T00:00:00Z,5034.7,5033.6,0,41.94,4992.76,41.94,40.84,NA,Electric sounder measurement,Water level accuracy to nearest hundredth of a foot,1,Department of Water Resources,NA,1,Department of Water Resources,NA,NA,37454,23N16E36L004M,23N16E36L004M,USGS quad,5 ft.,5-012.02,Chilcoot,Plumas,250,Residential,Single Well,184758,1986-10-03 00:00:00 - 2020-04-24 12:00:00,69,spring,NA,NA,15.7,63.7,2012,NA,2011-10-01T00:00:00Z,2012-10-01T00:00:00Z,-120.139,39.8024
398024N1201386W001,39822,2011-10-18T00:00:00Z,5034.7,5033.6,0,44.69,4990.01,44.69,43.59,NA,Electric sounder measurement,Water level accuracy to nearest hundredth of a foot,1,Department of Water Resources,NA,1,Department of Water Resources,NA,NA,37454,23N16E36L004M,23N16E36L004M,USGS quad,5 ft.,5-012.02,Chilcoot,Plumas,250,Residential,Single Well,184758,1986-10-03 00:00:00 - 2020-04-24 12:00:00,69,fall,21.5,57.5,NA,NA,2012,NA,2011-10-01T00:00:00Z,2012-10-01T00:00:00Z,-120.139,39.8024
398024N1201386W001,819435,2011-10-18T00:00:00Z,5034.7,5033.6,0,44.69,4990.01,44.69,43.59,NA,Unknown,Water level accuracy is unknown,1,Department of Water Resources,NA,1,Department of Water Resources,NA,NA,37454,23N16E36L004M,23N16E36L004M,USGS quad,5 ft.,5-012.02,Chilcoot,Plumas,250,Residential,Single Well,184758,1986-10-03 00:00:00 - 2020-04-24 12:00:00,69,fall,21.5,57.5,NA,NA,2012,NA,2011-10-01T00:00:00Z,2012-10-01T00:00:00Z,-120.139,39.8024
398024N1201386W001,819434,2011-04-26T00:00:00Z,5034.7,5033.6,0,37.4,4997.3,37.4,36.3,NA,Unknown,Water level accuracy is unknown,1,Department of Water Resources,NA,1,Department of Water Resources,NA,NA,37454,23N16E36L004M,23N16E36L004M,USGS quad,5 ft.,5-012.02,Chilcoot,Plumas,250,Residential,Single Well,184758,1986-10-03 00:00:00 - 2020-04-24 12:00:00,69,spring,NA,NA,15.7,63.7,2011,Wet,2010-10-01T00:00:00Z,2011-10-01T00:00:00Z,-120.139,39.8024
398024N1201386W001,819433,2010-10-26T00:00:00Z,5034.7,5033.6,0,53.2,4981.5,53.2,52.1,NA,Unknown,Water level accuracy is unknown,1,Department of Water Resources,NA,1,Department of Water Resources,NA,NA,37454,23N16E36L004M,23N16E36L004M,USGS quad,5 ft.,5-012.02,Chilcoot,Plumas,250,Residential,Single Well,184758,1986-10-03 00:00:00 - 2020-04-24 12:00:00,69,fall,21.5,57.5,NA,NA,2011,Wet,2010-10-01T00:00:00Z,2011-10-01T00:00:00Z,-120.139,39.8024
398024N1201386W001,819432,2010-04-06T00:00:00Z,5034.7,5033.6,0,46.97,4987.73,46.97,45.87,NA,Unknown,Water level accuracy is unknown,1,Department of Water Resources,NA,1,Department of Water Resources,NA,NA,37454,23N16E36L004M,23N16E36L004M,USGS quad,5 ft.,5-012.02,Chilcoot,Plumas,250,Residential,Single Well,184758,1986-10-03 00:00:00 - 2020-04-24 12:00:00,69,spring,NA,NA,15.7,63.7,2010,NA,2009-10-01T00:00:00Z,2010-10-01T00:00:00Z,-120.139,39.8024
398024N1201386W001,819431,2009-10-27T00:00:00Z,5034.7,5033.6,0,52,4982.7,52,50.9,NA,Unknown,Water level accuracy is unknown,1,Department of Water Resources,NA,1,Department of Water Resources,NA,NA,37454,23N16E36L004M,23N16E36L004M,USGS quad,5 ft.,5-012.02,Chilcoot,Plumas,250,Residential,Single Well,184758,1986-10-03 00:00:00 - 2020-04-24 12:00:00,69,fall,21.5,57.5,NA,NA,2010,NA,2009-10-01T00:00:00Z,2010-10-01T00:00:00Z,-120.139,39.8024
398024N1201386W001,819430,2009-04-14T00:00:00Z,5034.7,5033.6,0,46.3,4988.4,46.3,45.2,NA,Unknown,Water level accuracy is unknown,1,Department of Water Resources,NA,1,Department of Water Resources,NA,NA,37454,23N16E36L004M,23N16E36L004M,USGS quad,5 ft.,5-012.02,Chilcoot,Plumas,250,Residential,Single Well,184758,1986-10-03 00:00:00 - 2020-04-24 12:00:00,69,spring,NA,NA,15.7,63.7,2009,NA,2008-10-01T00:00:00Z,2009-10-01T00:00:00Z,-120.139,39.8024
398024N1201386W001,819429,2008-10-28T00:00:00Z,5034.7,5033.6,0,50.4,4984.3,50.4,49.3,NA,Unknown,Water level accuracy is unknown,1,Department of Water Resources,NA,1,Department of Water Resources,NA,NA,37454,23N16E36L004M,23N16E36L004M,USGS quad,5 ft.,5-012.02,Chilcoot,Plumas,250,Residential,Single Well,184758,1986-10-03 00:00:00 - 2020-04-24 12:00:00,69,fall,21.5,57.5,NA,NA,2009,NA,2008-10-01T00:00:00Z,2009-10-01T00:00:00Z,-120.139,39.8024
398024N1201386W001,819427,2008-04-09T00:00:00Z,5034.7,5033.6,0,42.8,4991.9,42.8,41.7,NA,Unknown,Water level accuracy is unknown,1,Department of Water Resources,NA,1,Department of Water Resources,NA,NA,37454,23N16E36L004M,23N16E36L004M,USGS quad,5 ft.,5-012.02,Chilcoot,Plumas,250,Residential,Single Well,184758,1986-10-03 00:00:00 - 2020-04-24 12:00:00,69,spring,NA,NA,15.7,63.7,2008,NA,2007-10-01T00:00:00Z,2008-10-01T00:00:00Z,-120.139,39.8024
398024N1201386W001,819428,2007-10-26T00:00:00Z,5034.7,5033.6,0,48.2,4986.5,48.2,47.1,NA,Unknown,Water level accuracy is unknown,1,Department of Water Resources,NA,1,Department of Water Resources,NA,NA,37454,23N16E36L004M,23N16E36L004M,USGS quad,5 ft.,5-012.02,Chilcoot,Plumas,250,Residential,Single Well,184758,1986-10-03 00:00:00 - 2020-04-24 12:00:00,69,fall,21.5,57.5,NA,NA,2008,NA,2007-10-01T00:00:00Z,2008-10-01T00:00:00Z,-120.139,39.8024
398024N1201386W001,819426,2007-04-10T00:00:00Z,5034.7,5033.6,0,42.8,4991.9,42.8,41.7,NA,Unknown,Water level accuracy is unknown,1,Department of Water Resources,NA,1,Department of Water Resources,NA,NA,37454,23N16E36L004M,23N16E36L004M,USGS quad,5 ft.,5-012.02,Chilcoot,Plumas,250,Residential,Single Well,184758,1986-10-03 00:00:00 - 2020-04-24 12:00:00,69,spring,NA,NA,15.7,63.7,2007,Dry,2006-10-01T00:00:00Z,2007-10-01T00:00:00Z,-120.139,39.8024
398024N1201386W001,819425,2006-10-17T00:00:00Z,5034.7,5033.6,0,43.8,4990.9,43.8,42.7,NA,Unknown,Water level accuracy is unknown,1,Department of Water Resources,NA,1,Department of Water Resources,NA,NA,37454,23N16E36L004M,23N16E36L004M,USGS quad,5 ft.,5-012.02,Chilcoot,Plumas,250,Residential,Single Well,184758,1986-10-03 00:00:00 - 2020-04-24 12:00:00,69,fall,21.5,57.5,NA,NA,2007,Dry,2006-10-01T00:00:00Z,2007-10-01T00:00:00Z,-120.139,39.8024
398024N1201386W001,819424,2006-04-18T00:00:00Z,5034.7,5033.6,0,34.7,5000,34.7,33.6,NA,Unknown,Water level accuracy is unknown,1,Department of Water Resources,NA,1,Department of Water Resources,NA,NA,37454,23N16E36L004M,23N16E36L004M,USGS quad,5 ft.,5-012.02,Chilcoot,Plumas,250,Residential,Single Well,184758,1986-10-03 00:00:00 - 2020-04-24 12:00:00,69,spring,NA,NA,15.7,63.7,2006,Wet,2005-10-01T00:00:00Z,2006-10-01T00:00:00Z,-120.139,39.8024
398024N1201386W001,819423,2005-10-27T00:00:00Z,5034.7,5033.6,0,58.6,4976.1,58.6,57.5,NA,Unknown,Water level accuracy is unknown,1,Department of Water Resources,NA,1,Department of Water Resources,NA,NA,37454,23N16E36L004M,23N16E36L004M,USGS quad,5 ft.,5-012.02,Chilcoot,Plumas,250,Residential,Single Well,184758,1986-10-03 00:00:00 - 2020-04-24 12:00:00,69,fall,21.5,57.5,NA,NA,2006,Wet,2005-10-01T00:00:00Z,2006-10-01T00:00:00Z,-120.139,39.8024
398024N1201386W001,819422,2005-04-06T00:00:00Z,5034.7,5033.6,0,47.4,4987.3,47.4,46.3,NA,Unknown,Water level accuracy is unknown,1,Department of Water Resources,NA,1,Department of Water Resources,NA,NA,37454,23N16E36L004M,23N16E36L004M,USGS quad,5 ft.,5-012.02,Chilcoot,Plumas,250,Residential,Single Well,184758,1986-10-03 00:00:00 - 2020-04-24 12:00:00,69,spring,NA,NA,15.7,63.7,2005,NA,2004-10-01T00:00:00Z,2005-10-01T00:00:00Z,-120.139,39.8024
398024N1201386W001,819421,2004-10-14T00:00:00Z,5034.7,5033.6,0,56.3,4978.4,56.3,55.2,NA,Unknown,Water level accuracy is unknown,1,Department of Water Resources,NA,1,Department of Water Resources,NA,NA,37454,23N16E36L004M,23N16E36L004M,USGS quad,5 ft.,5-012.02,Chilcoot,Plumas,250,Residential,Single Well,184758,1986-10-03 00:00:00 - 2020-04-24 12:00:00,69,fall,21.5,57.5,NA,NA,2005,NA,2004-10-01T00:00:00Z,2005-10-01T00:00:00Z,-120.139,39.8024
398024N1201386W001,819420,2004-04-08T00:00:00Z,5034.7,5033.6,0,45.6,4989.1,45.6,44.5,NA,Unknown,Water level accuracy is unknown,1,Department of Water Resources,NA,1,Department of Water Resources,NA,NA,37454,23N16E36L004M,23N16E36L004M,USGS quad,5 ft.,5-012.02,Chilcoot,Plumas,250,Residential,Single Well,184758,1986-10-03 00:00:00 - 2020-04-24 12:00:00,69,spring,NA,NA,15.7,63.7,2004,NA,2003-10-01T00:00:00Z,2004-10-01T00:00:00Z,-120.139,39.8024
398024N1201386W001,819419,2003-10-28T00:00:00Z,5034.7,5033.6,0,53.1,4981.6,53.1,52,NA,Unknown,Water level accuracy is unknown,1,Department of Water Resources,NA,1,Department of Water Resources,NA,NA,37454,23N16E36L004M,23N16E36L004M,USGS quad,5 ft.,5-012.02,Chilcoot,Plumas,250,Residential,Single Well,184758,1986-10-03 00:00:00 - 2020-04-24 12:00:00,69,fall,21.5,57.5,NA,NA,2004,NA,2003-10-01T00:00:00Z,2004-10-01T00:00:00Z,-120.139,39.8024
398024N1201386W001,819418,2003-03-29T00:00:00Z,5034.7,5033.6,0,44.9,4989.8,44.9,43.8,NA,Unknown,Water level accuracy is unknown,1,Department of Water Resources,NA,1,Department of Water Resources,NA,NA,37454,23N16E36L004M,23N16E36L004M,USGS quad,5 ft.,5-012.02,Chilcoot,Plumas,250,Residential,Single Well,184758,1986-10-03 00:00:00 - 2020-04-24 12:00:00,69,spring,NA,NA,15.7,63.7,2003,NA,2002-10-01T00:00:00Z,2003-10-01T00:00:00Z,-120.139,39.8024
398024N1201386W001,819417,2002-10-24T00:00:00Z,5034.7,5033.6,0,50.5,4984.2,50.5,49.4,NA,Unknown,Water level accuracy is unknown,1,Department of Water Resources,NA,1,Department of Water Resources,NA,NA,37454,23N16E36L004M,23N16E36L004M,USGS quad,5 ft.,5-012.02,Chilcoot,Plumas,250,Residential,Single Well,184758,1986-10-03 00:00:00 - 2020-04-24 12:00:00,69,fall,21.5,57.5,NA,NA,2003,NA,2002-10-01T00:00:00Z,2003-10-01T00:00:00Z,-120.139,39.8024
398024N1201386W001,819416,2002-03-28T00:00:00Z,5034.7,5033.6,0,40.9,4993.8,40.9,39.8,NA,Unknown,Water level accuracy is unknown,1,Department of Water Resources,NA,1,Department of Water Resources,NA,NA,37454,23N16E36L004M,23N16E36L004M,USGS quad,5 ft.,5-012.02,Chilcoot,Plumas,250,Residential,Single Well,184758,1986-10-03 00:00:00 - 2020-04-24 12:00:00,69,spring,NA,NA,15.7,63.7,2002,NA,2001-10-01T00:00:00Z,2002-10-01T00:00:00Z,-120.139,39.8024
398024N1201386W001,819415,2001-10-17T00:00:00Z,5034.7,5033.6,0,45.2,4989.5,45.2,44.1,NA,Unknown,Water level accuracy is unknown,1,Department of Water Resources,NA,1,Department of Water Resources,NA,NA,37454,23N16E36L004M,23N16E36L004M,USGS quad,5 ft.,5-012.02,Chilcoot,Plumas,250,Residential,Single Well,184758,1986-10-03 00:00:00 - 2020-04-24 12:00:00,69,fall,21.5,57.5,NA,NA,2002,NA,2001-10-01T00:00:00Z,2002-10-01T00:00:00Z,-120.139,39.8024
398024N1201386W001,819414,2001-03-28T00:00:00Z,5034.7,5033.6,0,38.4,4996.3,38.4,37.3,NA,Unknown,Water level accuracy is unknown,1,Department of Water Resources,NA,1,Department of Water Resources,NA,NA,37454,23N16E36L004M,23N16E36L004M,USGS quad,5 ft.,5-012.02,Chilcoot,Plumas,250,Residential,Single Well,184758,1986-10-03 00:00:00 - 2020-04-24 12:00:00,69,spring,NA,NA,15.7,63.7,2001,Dry,2000-10-01T00:00:00Z,2001-10-01T00:00:00Z,-120.139,39.8024
398024N1201386W001,819413,2000-10-19T00:00:00Z,5034.7,5033.6,0,41.4,4993.3,41.4,40.3,NA,Unknown,Water level accuracy is unknown,1,Department of Water Resources,NA,1,Department of Water Resources,NA,NA,37454,23N16E36L004M,23N16E36L004M,USGS quad,5 ft.,5-012.02,Chilcoot,Plumas,250,Residential,Single Well,184758,1986-10-03 00:00:00 - 2020-04-24 12:00:00,69,fall,21.5,57.5,NA,NA,2001,Dry,2000-10-01T00:00:00Z,2001-10-01T00:00:00Z,-120.139,39.8024
398024N1201386W001,819412,2000-03-28T00:00:00Z,5034.7,5033.6,0,33.1,5001.6,33.1,32,NA,Unknown,Water level accuracy is unknown,1,Department of Water Resources,NA,1,Department of Water Resources,NA,NA,37454,23N16E36L004M,23N16E36L004M,USGS quad,5 ft.,5-012.02,Chilcoot,Plumas,250,Residential,Single Well,184758,1986-10-03 00:00:00 - 2020-04-24 12:00:00,69,spring,NA,NA,15.7,63.7,2000,NA,1999-10-01T00:00:00Z,2000-10-01T00:00:00Z,-120.139,39.8024
398024N1201386W001,819410,1999-10-11T00:00:00Z,5034.7,5033.6,0,37.6,4997.1,37.6,36.5,NA,Unknown,Water level accuracy is unknown,1,Department of Water Resources,NA,1,Department of Water Resources,NA,NA,37454,23N16E36L004M,23N16E36L004M,USGS quad,5 ft.,5-012.02,Chilcoot,Plumas,250,Residential,Single Well,184758,1986-10-03 00:00:00 - 2020-04-24 12:00:00,69,fall,21.5,57.5,NA,NA,2000,NA,1999-10-01T00:00:00Z,2000-10-01T00:00:00Z,-120.139,39.8024
398024N1201386W001,819411,1999-04-13T00:00:00Z,5034.7,5033.6,0,25.2,5009.5,25.2,24.1,NA,Unknown,Water level accuracy is unknown,1,Department of Water Resources,NA,1,Department of Water Resources,NA,NA,37454,23N16E36L004M,23N16E36L004M,USGS quad,5 ft.,5-012.02,Chilcoot,Plumas,250,Residential,Single Well,184758,1986-10-03 00:00:00 - 2020-04-24 12:00:00,69,spring,NA,NA,15.7,63.7,1999,NA,1998-10-01T00:00:00Z,1999-10-01T00:00:00Z,-120.139,39.8024
398024N1201386W001,819408,1998-10-14T00:00:00Z,5034.7,5033.6,0,37.7,4997,37.7,36.6,NA,Unknown,Water level accuracy is unknown,1,Department of Water Resources,NA,1,Department of Water Resources,NA,NA,37454,23N16E36L004M,23N16E36L004M,USGS quad,5 ft.,5-012.02,Chilcoot,Plumas,250,Residential,Single Well,184758,1986-10-03 00:00:00 - 2020-04-24 12:00:00,69,fall,21.5,57.5,NA,NA,1999,NA,1998-10-01T00:00:00Z,1999-10-01T00:00:00Z,-120.139,39.8024
398024N1201386W001,819409,1998-05-14T00:00:00Z,5034.7,5033.6,0,30.8,5003.9,30.8,29.7,NA,Unknown,Water level accuracy is unknown,1,Department of Water Resources,NA,1,Department of Water Resources,NA,NA,37454,23N16E36L004M,23N16E36L004M,USGS quad,5 ft.,5-012.02,Chilcoot,Plumas,250,Residential,Single Well,184758,1986-10-03 00:00:00 - 2020-04-24 12:00:00,69,spring,NA,NA,15.7,63.7,1998,NA,1997-10-01T00:00:00Z,1998-10-01T00:00:00Z,-120.139,39.8024
398024N1201386W001,819407,1997-10-15T00:00:00Z,5034.7,5033.6,0,31.9,5002.8,31.9,30.8,NA,Unknown,Water level accuracy is unknown,1,Department of Water Resources,NA,1,Department of Water Resources,NA,NA,37454,23N16E36L004M,23N16E36L004M,USGS quad,5 ft.,5-012.02,Chilcoot,Plumas,250,Residential,Single Well,184758,1986-10-03 00:00:00 - 2020-04-24 12:00:00,69,fall,21.5,57.5,NA,NA,1998,NA,1997-10-01T00:00:00Z,1998-10-01T00:00:00Z,-120.139,39.8024
398024N1201386W001,819406,1997-03-26T00:00:00Z,5034.7,5033.6,0,16.8,5017.9,16.8,15.7,NA,Unknown,Water level accuracy is unknown,1,Department of Water Resources,NA,1,Department of Water Resources,NA,NA,37454,23N16E36L004M,23N16E36L004M,USGS quad,5 ft.,5-012.02,Chilcoot,Plumas,250,Residential,Single Well,184758,1986-10-03 00:00:00 - 2020-04-24 12:00:00,69,spring,NA,NA,15.7,63.7,1997,NA,1996-10-01T00:00:00Z,1997-10-01T00:00:00Z,-120.139,39.8024
398024N1201386W001,819405,1996-10-29T00:00:00Z,5034.7,5033.6,0,35,4999.7,35,33.9,NA,Unknown,Water level accuracy is unknown,1,Department of Water Resources,NA,1,Department of Water Resources,NA,NA,37454,23N16E36L004M,23N16E36L004M,USGS quad,5 ft.,5-012.02,Chilcoot,Plumas,250,Residential,Single Well,184758,1986-10-03 00:00:00 - 2020-04-24 12:00:00,69,fall,21.5,57.5,NA,NA,1997,NA,1996-10-01T00:00:00Z,1997-10-01T00:00:00Z,-120.139,39.8024
398024N1201386W001,819404,1996-05-08T00:00:00Z,5034.7,5033.6,0,29.2,5005.5,29.2,28.1,NA,Unknown,Water level accuracy is unknown,1,Department of Water Resources,NA,1,Department of Water Resources,NA,NA,37454,23N16E36L004M,23N16E36L004M,USGS quad,5 ft.,5-012.02,Chilcoot,Plumas,250,Residential,Single Well,184758,1986-10-03 00:00:00 - 2020-04-24 12:00:00,69,spring,NA,NA,15.7,63.7,1996,NA,1995-10-01T00:00:00Z,1996-10-01T00:00:00Z,-120.139,39.8024
398024N1201386W001,819403,1995-10-24T00:00:00Z,5034.7,5033.6,0,42.7,4992,42.7,41.6,NA,Unknown,Water level accuracy is unknown,1,Department of Water Resources,NA,1,Department of Water Resources,NA,NA,37454,23N16E36L004M,23N16E36L004M,USGS quad,5 ft.,5-012.02,Chilcoot,Plumas,250,Residential,Single Well,184758,1986-10-03 00:00:00 - 2020-04-24 12:00:00,69,fall,21.5,57.5,NA,NA,1996,NA,1995-10-01T00:00:00Z,1996-10-01T00:00:00Z,-120.139,39.8024
398024N1201386W001,819402,1995-06-01T00:00:00Z,5034.7,5033.6,0,36.9,4997.8,36.9,35.8,NA,Unknown,Water level accuracy is unknown,1,Department of Water Resources,NA,1,Department of Water Resources,NA,NA,37454,23N16E36L004M,23N16E36L004M,USGS quad,5 ft.,5-012.02,Chilcoot,Plumas,250,Residential,Single Well,184758,1986-10-03 00:00:00 - 2020-04-24 12:00:00,69,other,NA,NA,NA,NA,1995,Wet,1994-10-01T00:00:00Z,1995-10-01T00:00:00Z,-120.139,39.8024
398024N1201386W001,819401,1994-10-28T00:00:00Z,5034.7,5033.6,0,50.3,4984.4,50.3,49.2,NA,Unknown,Water level accuracy is unknown,1,Department of Water Resources,NA,1,Department of Water Resources,NA,NA,37454,23N16E36L004M,23N16E36L004M,USGS quad,5 ft.,5-012.02,Chilcoot,Plumas,250,Residential,Single Well,184758,1986-10-03 00:00:00 - 2020-04-24 12:00:00,69,fall,21.5,57.5,NA,NA,1995,Wet,1994-10-01T00:00:00Z,1995-10-01T00:00:00Z,-120.139,39.8024
398024N1201386W001,819400,1994-03-30T00:00:00Z,5034.7,5033.6,0,47.2,4987.5,47.2,46.1,NA,Unknown,Water level accuracy is unknown,1,Department of Water Resources,NA,1,Department of Water Resources,NA,NA,37454,23N16E36L004M,23N16E36L004M,USGS quad,5 ft.,5-012.02,Chilcoot,Plumas,250,Residential,Single Well,184758,1986-10-03 00:00:00 - 2020-04-24 12:00:00,69,spring,NA,NA,15.7,63.7,1994,Dry,1993-10-01T00:00:00Z,1994-10-01T00:00:00Z,-120.139,39.8024
398024N1201386W001,819399,1993-10-19T00:00:00Z,5034.7,5033.6,0,47.6,4987.1,47.6,46.5,NA,Unknown,Water level accuracy is unknown,1,Department of Water Resources,NA,1,Department of Water Resources,NA,NA,37454,23N16E36L004M,23N16E36L004M,USGS quad,5 ft.,5-012.02,Chilcoot,Plumas,250,Residential,Single Well,184758,1986-10-03 00:00:00 - 2020-04-24 12:00:00,69,fall,21.5,57.5,NA,NA,1994,Dry,1993-10-01T00:00:00Z,1994-10-01T00:00:00Z,-120.139,39.8024
398024N1201386W001,819398,1993-04-20T00:00:00Z,5034.7,5033.6,0,39.4,4995.3,39.4,38.3,NA,Unknown,Water level accuracy is unknown,1,Department of Water Resources,NA,1,Department of Water Resources,NA,NA,37454,23N16E36L004M,23N16E36L004M,USGS quad,5 ft.,5-012.02,Chilcoot,Plumas,250,Residential,Single Well,184758,1986-10-03 00:00:00 - 2020-04-24 12:00:00,69,spring,NA,NA,15.7,63.7,1993,NA,1992-10-01T00:00:00Z,1993-10-01T00:00:00Z,-120.139,39.8024
398024N1201386W001,819397,1992-10-20T00:00:00Z,5034.7,5033.6,0,50.3,4984.4,50.3,49.2,NA,Unknown,Water level accuracy is unknown,1,Department of Water Resources,NA,1,Department of Water Resources,NA,NA,37454,23N16E36L004M,23N16E36L004M,USGS quad,5 ft.,5-012.02,Chilcoot,Plumas,250,Residential,Single Well,184758,1986-10-03 00:00:00 - 2020-04-24 12:00:00,69,fall,21.5,57.5,NA,NA,1993,NA,1992-10-01T00:00:00Z,1993-10-01T00:00:00Z,-120.139,39.8024
398024N1201386W001,819396,1992-03-25T00:00:00Z,5034.7,5033.6,0,49.1,4985.6,49.1,48,NA,Unknown,Water level accuracy is unknown,1,Department of Water Resources,NA,1,Department of Water Resources,NA,NA,37454,23N16E36L004M,23N16E36L004M,USGS quad,5 ft.,5-012.02,Chilcoot,Plumas,250,Residential,Single Well,184758,1986-10-03 00:00:00 - 2020-04-24 12:00:00,69,spring,NA,NA,15.7,63.7,1992,NA,1991-10-01T00:00:00Z,1992-10-01T00:00:00Z,-120.139,39.8024
398024N1201386W001,819395,1991-10-23T00:00:00Z,5034.7,5033.6,0,54,4980.7,54,52.9,NA,Unknown,Water level accuracy is unknown,1,Department of Water Resources,NA,1,Department of Water Resources,NA,NA,37454,23N16E36L004M,23N16E36L004M,USGS quad,5 ft.,5-012.02,Chilcoot,Plumas,250,Residential,Single Well,184758,1986-10-03 00:00:00 - 2020-04-24 12:00:00,69,fall,21.5,57.5,NA,NA,1992,NA,1991-10-01T00:00:00Z,1992-10-01T00:00:00Z,-120.139,39.8024
398024N1201386W001,819394,1991-02-27T00:00:00Z,5034.7,5033.6,0,39.9,4994.8,39.9,38.8,NA,Unknown,Water level accuracy is unknown,1,Department of Water Resources,NA,1,Department of Water Resources,NA,NA,37454,23N16E36L004M,23N16E36L004M,USGS quad,5 ft.,5-012.02,Chilcoot,Plumas,250,Residential,Single Well,184758,1986-10-03 00:00:00 - 2020-04-24 12:00:00,69,other,NA,NA,NA,NA,1991,NA,1990-10-01T00:00:00Z,1991-10-01T00:00:00Z,-120.139,39.8024
398024N1201386W001,819393,1990-10-24T00:00:00Z,5034.7,5033.6,0,50,4984.7,50,48.9,NA,Unknown,Water level accuracy is unknown,1,Department of Water Resources,NA,1,Department of Water Resources,NA,NA,37454,23N16E36L004M,23N16E36L004M,USGS quad,5 ft.,5-012.02,Chilcoot,Plumas,250,Residential,Single Well,184758,1986-10-03 00:00:00 - 2020-04-24 12:00:00,69,fall,21.5,57.5,NA,NA,1991,NA,1990-10-01T00:00:00Z,1991-10-01T00:00:00Z,-120.139,39.8024
398024N1201386W001,819392,1990-04-10T00:00:00Z,5034.7,5033.6,0,41.4,4993.3,41.4,40.3,NA,Unknown,Water level accuracy is unknown,1,Department of Water Resources,NA,1,Department of Water Resources,NA,NA,37454,23N16E36L004M,23N16E36L004M,USGS quad,5 ft.,5-012.02,Chilcoot,Plumas,250,Residential,Single Well,184758,1986-10-03 00:00:00 - 2020-04-24 12:00:00,69,spring,NA,NA,15.7,63.7,1990,NA,1989-10-01T00:00:00Z,1990-10-01T00:00:00Z,-120.139,39.8024
398024N1201386W001,819391,1989-09-27T00:00:00Z,5034.7,5033.6,0,50,4984.7,50,48.9,NA,Unknown,Water level accuracy is unknown,1,Department of Water Resources,NA,388,Sierra Valley Groundwater Management District,NA,NA,37454,23N16E36L004M,23N16E36L004M,USGS quad,5 ft.,5-012.02,Chilcoot,Plumas,250,Residential,Single Well,184758,1986-10-03 00:00:00 - 2020-04-24 12:00:00,69,fall,21.5,57.5,NA,NA,1989,NA,1988-10-01T00:00:00Z,1989-10-01T00:00:00Z,-120.139,39.8024
398024N1201386W001,819390,1989-04-07T00:00:00Z,5034.7,5033.6,0,64.8,4969.9,64.8,63.7,NA,Unknown,Water level accuracy is unknown,1,Department of Water Resources,NA,1,Department of Water Resources,NA,NA,37454,23N16E36L004M,23N16E36L004M,USGS quad,5 ft.,5-012.02,Chilcoot,Plumas,250,Residential,Single Well,184758,1986-10-03 00:00:00 - 2020-04-24 12:00:00,69,spring,NA,NA,15.7,63.7,1989,NA,1988-10-01T00:00:00Z,1989-10-01T00:00:00Z,-120.139,39.8024
398024N1201386W001,819389,1988-10-24T00:00:00Z,5034.7,5033.6,0,22.6,5012.1,22.6,21.5,NA,Unknown,Water level accuracy is unknown,1,Department of Water Resources,NA,1,Department of Water Resources,NA,NA,37454,23N16E36L004M,23N16E36L004M,USGS quad,5 ft.,5-012.02,Chilcoot,Plumas,250,Residential,Single Well,184758,1986-10-03 00:00:00 - 2020-04-24 12:00:00,69,fall,21.5,57.5,NA,NA,1989,NA,1988-10-01T00:00:00Z,1989-10-01T00:00:00Z,-120.139,39.8024
398024N1201386W001,819388,1988-04-21T00:00:00Z,5034.7,5033.6,0,43.5,4991.2,43.5,42.4,NA,Unknown,Water level accuracy is unknown,1,Department of Water Resources,NA,1,Department of Water Resources,NA,NA,37454,23N16E36L004M,23N16E36L004M,USGS quad,5 ft.,5-012.02,Chilcoot,Plumas,250,Residential,Single Well,184758,1986-10-03 00:00:00 - 2020-04-24 12:00:00,69,spring,NA,NA,15.7,63.7,1988,NA,1987-10-01T00:00:00Z,1988-10-01T00:00:00Z,-120.139,39.8024
398024N1201386W001,819387,1987-10-21T00:00:00Z,5034.7,5033.6,0,44.6,4990.1,44.6,43.5,NA,Unknown,Water level accuracy is unknown,1,Department of Water Resources,NA,1,Department of Water Resources,NA,NA,37454,23N16E36L004M,23N16E36L004M,USGS quad,5 ft.,5-012.02,Chilcoot,Plumas,250,Residential,Single Well,184758,1986-10-03 00:00:00 - 2020-04-24 12:00:00,69,fall,21.5,57.5,NA,NA,1988,NA,1987-10-01T00:00:00Z,1988-10-01T00:00:00Z,-120.139,39.8024
398024N1201386W001,819386,1987-04-06T00:00:00Z,5034.7,5033.6,0,33.4,5001.3,33.4,32.3,NA,Unknown,Water level accuracy is unknown,1,Department of Water Resources,NA,1,Department of Water Resources,NA,NA,37454,23N16E36L004M,23N16E36L004M,USGS quad,5 ft.,5-012.02,Chilcoot,Plumas,250,Residential,Single Well,184758,1986-10-03 00:00:00 - 2020-04-24 12:00:00,69,spring,NA,NA,15.7,63.7,1987,Dry,1986-10-01T00:00:00Z,1987-10-01T00:00:00Z,-120.139,39.8024
398024N1201386W001,819385,1986-10-03T00:00:00Z,5034.7,5033.6,0,32.5,5002.2,32.5,31.4,NA,Unknown,Water level accuracy is unknown,1,Department of Water Resources,NA,1,Department of Water Resources,NA,NA,37454,23N16E36L004M,23N16E36L004M,USGS quad,5 ft.,5-012.02,Chilcoot,Plumas,250,Residential,Single Well,184758,1986-10-03 00:00:00 - 2020-04-24 12:00:00,69,fall,21.5,57.5,NA,NA,1987,Dry,1986-10-01T00:00:00Z,1987-10-01T00:00:00Z,-120.139,39.8024
