SITE_CODE,WLM_ID,MSMT_DATE,WLM_RPE,WLM_GSE,RDNG_WS,RDNG_RP,WSE,RPE_WSE,GSE_WSE,WLM_QA_DESC,WLM_DESC,WLM_ACC_DESC,WLM_ORG_ID,WLM_ORG_NAME,MSMT_CMT,COOP_AGENCY_ORG_ID,COOP_ORG_NAME,TOP_PRF,BOT_PRF,STN_ID,SWN,WELL_NAME,WLM_METHOD,WLM_ACC,BASIN_CODE,BASIN_NAME,COUNTY_NAME,WELL_DEPTH,WELL_USE,WELL_TYPE,WCR_NO,t_range,n_samples,season,fall_high,fall_low,spring_high,spring_low,water_year,water_year_type,water_year_start,water_year_end,X,Y
398024N1201371W001,2493734,2019-10-24T12:00:00Z,5014.8,5013.6,0,7.8,5007,7.8,6.6,NA,Electric sounder measurement,Water level accuracy to nearest hundredth of a foot,1,Department of Water Resources,NA,1,Department of Water Resources,NA,NA,22560,23N16E36L003M,23N16E36L003M,USGS quad,Unknown,5-012.02,Chilcoot,Plumas,230,Residential,Single Well,225170,1986-04-15 00:00:00 - 2020-04-24 12:00:00,70,fall,6.6,119.8,NA,NA,2020,Dry,2019-10-01T00:00:00Z,2020-10-01T00:00:00Z,-120.137,39.8024
398024N1201371W001,2454971,2019-04-09T12:00:00Z,5014.8,5013.6,0,2.3,5012.5,2.3,1.1,NA,Electric sounder measurement,Water level accuracy to nearest hundredth of a foot,1,Department of Water Resources,NA,1,Department of Water Resources,NA,NA,22560,23N16E36L003M,23N16E36L003M,USGS quad,Unknown,5-012.02,Chilcoot,Plumas,230,Residential,Single Well,225170,1986-04-15 00:00:00 - 2020-04-24 12:00:00,70,spring,NA,NA,0.8,126.8,2019,Wet,2018-10-01T00:00:00Z,2019-10-01T00:00:00Z,-120.137,39.8024
398024N1201371W001,2415039,2018-10-24T12:00:00Z,5014.8,5013.6,0,10.4,5004.4,10.4,9.2,NA,Electric sounder measurement,Water level accuracy to nearest hundredth of a foot,1,Department of Water Resources,NA,1,Department of Water Resources,NA,NA,22560,23N16E36L003M,23N16E36L003M,USGS quad,Unknown,5-012.02,Chilcoot,Plumas,230,Residential,Single Well,225170,1986-04-15 00:00:00 - 2020-04-24 12:00:00,70,fall,6.6,119.8,NA,NA,2019,Wet,2018-10-01T00:00:00Z,2019-10-01T00:00:00Z,-120.137,39.8024
398024N1201371W001,2285978,2018-04-03T12:00:00Z,5014.8,5013.6,0,2.7,5012.1,2.7,1.5,NA,Electric sounder measurement,Water level accuracy to nearest hundredth of a foot,1,Department of Water Resources,NA,1,Department of Water Resources,NA,NA,22560,23N16E36L003M,23N16E36L003M,USGS quad,Unknown,5-012.02,Chilcoot,Plumas,230,Residential,Single Well,225170,1986-04-15 00:00:00 - 2020-04-24 12:00:00,70,spring,NA,NA,0.8,126.8,2018,NA,2017-10-01T00:00:00Z,2018-10-01T00:00:00Z,-120.137,39.8024
398024N1201371W001,2268019,2017-10-17T00:00:00Z,5014.8,5013.6,0,9.9,5004.9,9.9,8.7,NA,Electric sounder measurement,Water level accuracy to nearest hundredth of a foot,1,Department of Water Resources,NA,1,Department of Water Resources,NA,NA,22560,23N16E36L003M,23N16E36L003M,USGS quad,Unknown,5-012.02,Chilcoot,Plumas,230,Residential,Single Well,225170,1986-04-15 00:00:00 - 2020-04-24 12:00:00,70,fall,6.6,119.8,NA,NA,2018,NA,2017-10-01T00:00:00Z,2018-10-01T00:00:00Z,-120.137,39.8024
398024N1201371W001,2244307,2017-04-04T00:00:00Z,5014.8,5013.6,0,3.2,5011.6,3.2,2,NA,Electric sounder measurement,Water level accuracy to nearest hundredth of a foot,1,Department of Water Resources,NA,1,Department of Water Resources,NA,NA,22560,23N16E36L003M,23N16E36L003M,USGS quad,Unknown,5-012.02,Chilcoot,Plumas,230,Residential,Single Well,225170,1986-04-15 00:00:00 - 2020-04-24 12:00:00,70,spring,NA,NA,0.8,126.8,2017,Wet,2016-10-01T00:00:00Z,2017-10-01T00:00:00Z,-120.137,39.8024
398024N1201371W001,2214137,2016-10-24T00:00:00Z,5014.8,5013.6,0,24.94,4989.86,24.94,23.74,NA,Electric sounder measurement,Water level accuracy to nearest hundredth of a foot,1,Department of Water Resources,NA,1,Department of Water Resources,NA,NA,22560,23N16E36L003M,23N16E36L003M,USGS quad,Unknown,5-012.02,Chilcoot,Plumas,230,Residential,Single Well,225170,1986-04-15 00:00:00 - 2020-04-24 12:00:00,70,fall,6.6,119.8,NA,NA,2017,Wet,2016-10-01T00:00:00Z,2017-10-01T00:00:00Z,-120.137,39.8024
398024N1201371W001,2184603,2016-03-21T00:00:00Z,5014.8,5013.6,0,21.7,4993.1,21.7,20.5,NA,Electric sounder measurement,Water level accuracy to nearest hundredth of a foot,1,Department of Water Resources,NA,1,Department of Water Resources,NA,NA,22560,23N16E36L003M,23N16E36L003M,USGS quad,Unknown,5-012.02,Chilcoot,Plumas,230,Residential,Single Well,225170,1986-04-15 00:00:00 - 2020-04-24 12:00:00,70,spring,NA,NA,0.8,126.8,2016,NA,2015-10-01T00:00:00Z,2016-10-01T00:00:00Z,-120.137,39.8024
398024N1201371W001,2157079,2015-10-19T00:00:00Z,5014.8,5013.6,0,25.02,4989.78,25.02,23.82,NA,Electric sounder measurement,Water level accuracy to nearest hundredth of a foot,1,Department of Water Resources,NA,1,Department of Water Resources,NA,NA,22560,23N16E36L003M,23N16E36L003M,USGS quad,Unknown,5-012.02,Chilcoot,Plumas,230,Residential,Single Well,225170,1986-04-15 00:00:00 - 2020-04-24 12:00:00,70,fall,6.6,119.8,NA,NA,2016,NA,2015-10-01T00:00:00Z,2016-10-01T00:00:00Z,-120.137,39.8024
398024N1201371W001,2119791,2015-03-23T00:00:00Z,5014.8,5013.6,0,21.15,4993.65,21.15,19.95,NA,Electric sounder measurement,Water level accuracy to nearest hundredth of a foot,1,Department of Water Resources,NA,1,Department of Water Resources,NA,NA,22560,23N16E36L003M,23N16E36L003M,USGS quad,Unknown,5-012.02,Chilcoot,Plumas,230,Residential,Single Well,225170,1986-04-15 00:00:00 - 2020-04-24 12:00:00,70,spring,NA,NA,0.8,126.8,2015,NA,2014-10-01T00:00:00Z,2015-10-01T00:00:00Z,-120.137,39.8024
398024N1201371W001,2020306,2014-10-20T05:00:00Z,5014.8,5013.6,0,23.78,4991.02,23.78,22.58,NA,Electric sounder measurement,Water level accuracy to nearest hundredth of a foot,1,Department of Water Resources,NA,1,Department of Water Resources,NA,NA,22560,23N16E36L003M,23N16E36L003M,USGS quad,Unknown,5-012.02,Chilcoot,Plumas,230,Residential,Single Well,225170,1986-04-15 00:00:00 - 2020-04-24 12:00:00,70,fall,6.6,119.8,NA,NA,2015,NA,2014-10-01T00:00:00Z,2015-10-01T00:00:00Z,-120.137,39.8024
398024N1201371W001,1880789,2014-03-14T00:00:00Z,5014.8,5013.6,0,19.17,4995.63,19.17,17.97,NA,Electric sounder measurement,Water level accuracy to nearest hundredth of a foot,1,Department of Water Resources,NA,1,Department of Water Resources,NA,NA,22560,23N16E36L003M,23N16E36L003M,USGS quad,Unknown,5-012.02,Chilcoot,Plumas,230,Residential,Single Well,225170,1986-04-15 00:00:00 - 2020-04-24 12:00:00,70,spring,NA,NA,0.8,126.8,2014,NA,2013-10-01T00:00:00Z,2014-10-01T00:00:00Z,-120.137,39.8024
398024N1201371W001,1797131,2013-10-21T00:00:00Z,5014.8,5013.6,0,20.51,4994.29,20.51,19.31,NA,Steel tape measurement,Water level accuracy to nearest tenth of a foot,1,Department of Water Resources,NA,1,Department of Water Resources,NA,NA,22560,23N16E36L003M,23N16E36L003M,USGS quad,Unknown,5-012.02,Chilcoot,Plumas,230,Residential,Single Well,225170,1986-04-15 00:00:00 - 2020-04-24 12:00:00,70,fall,6.6,119.8,NA,NA,2014,NA,2013-10-01T00:00:00Z,2014-10-01T00:00:00Z,-120.137,39.8024
398024N1201371W001,1684450,2013-03-25T00:00:00Z,5014.8,5013.6,2.5,15.95,5001.35,13.45,12.25,NA,Steel tape measurement,Water level accuracy to nearest tenth of a foot,1,Department of Water Resources,NA,1,Department of Water Resources,NA,NA,22560,23N16E36L003M,23N16E36L003M,USGS quad,Unknown,5-012.02,Chilcoot,Plumas,230,Residential,Single Well,225170,1986-04-15 00:00:00 - 2020-04-24 12:00:00,70,spring,NA,NA,0.8,126.8,2013,Dry,2012-10-01T00:00:00Z,2013-10-01T00:00:00Z,-120.137,39.8024
398024N1201371W001,69391,2012-10-30T00:00:00Z,5014.8,5013.6,2.5,20,4997.3,17.5,16.3,NA,Steel tape measurement,Water level accuracy to nearest tenth of a foot,1,Department of Water Resources,NA,1,Department of Water Resources,NA,NA,22560,23N16E36L003M,23N16E36L003M,USGS quad,Unknown,5-012.02,Chilcoot,Plumas,230,Residential,Single Well,225170,1986-04-15 00:00:00 - 2020-04-24 12:00:00,70,fall,6.6,119.8,NA,NA,2013,Dry,2012-10-01T00:00:00Z,2013-10-01T00:00:00Z,-120.137,39.8024
398024N1201371W001,59973,2012-04-18T00:00:00Z,5014.8,5013.6,6.2,20,5001,13.8,12.6,NA,Steel tape measurement,Water level accuracy to nearest tenth of a foot,1,Department of Water Resources,NA,1,Department of Water Resources,NA,NA,22560,23N16E36L003M,23N16E36L003M,USGS quad,Unknown,5-012.02,Chilcoot,Plumas,230,Residential,Single Well,225170,1986-04-15 00:00:00 - 2020-04-24 12:00:00,70,spring,NA,NA,0.8,126.8,2012,NA,2011-10-01T00:00:00Z,2012-10-01T00:00:00Z,-120.137,39.8024
398024N1201371W001,39821,2011-10-18T00:00:00Z,5014.8,5013.6,0,14.2,5000.6,14.2,13,NA,Steel tape measurement,Water level accuracy to nearest tenth of a foot,1,Department of Water Resources,NA,1,Department of Water Resources,NA,NA,22560,23N16E36L003M,23N16E36L003M,USGS quad,Unknown,5-012.02,Chilcoot,Plumas,230,Residential,Single Well,225170,1986-04-15 00:00:00 - 2020-04-24 12:00:00,70,fall,6.6,119.8,NA,NA,2012,NA,2011-10-01T00:00:00Z,2012-10-01T00:00:00Z,-120.137,39.8024
398024N1201371W001,819384,2011-10-18T00:00:00Z,5014.8,5013.6,0,14.2,5000.6,14.2,13,NA,Unknown,Water level accuracy is unknown,1,Department of Water Resources,NA,1,Department of Water Resources,NA,NA,22560,23N16E36L003M,23N16E36L003M,USGS quad,Unknown,5-012.02,Chilcoot,Plumas,230,Residential,Single Well,225170,1986-04-15 00:00:00 - 2020-04-24 12:00:00,70,fall,6.6,119.8,NA,NA,2012,NA,2011-10-01T00:00:00Z,2012-10-01T00:00:00Z,-120.137,39.8024
398024N1201371W001,819383,2011-04-26T00:00:00Z,5014.8,5013.6,0,4.2,5010.6,4.2,3,NA,Unknown,Water level accuracy is unknown,1,Department of Water Resources,NA,1,Department of Water Resources,NA,NA,22560,23N16E36L003M,23N16E36L003M,USGS quad,Unknown,5-012.02,Chilcoot,Plumas,230,Residential,Single Well,225170,1986-04-15 00:00:00 - 2020-04-24 12:00:00,70,spring,NA,NA,0.8,126.8,2011,Wet,2010-10-01T00:00:00Z,2011-10-01T00:00:00Z,-120.137,39.8024
398024N1201371W001,819382,2010-10-26T00:00:00Z,5014.8,5013.6,0,22.6,4992.2,22.6,21.4,NA,Unknown,Water level accuracy is unknown,1,Department of Water Resources,NA,1,Department of Water Resources,NA,NA,22560,23N16E36L003M,23N16E36L003M,USGS quad,Unknown,5-012.02,Chilcoot,Plumas,230,Residential,Single Well,225170,1986-04-15 00:00:00 - 2020-04-24 12:00:00,70,fall,6.6,119.8,NA,NA,2011,Wet,2010-10-01T00:00:00Z,2011-10-01T00:00:00Z,-120.137,39.8024
398024N1201371W001,819381,2010-04-06T00:00:00Z,5014.8,5013.6,0,19,4995.8,19,17.8,NA,Unknown,Water level accuracy is unknown,1,Department of Water Resources,NA,1,Department of Water Resources,NA,NA,22560,23N16E36L003M,23N16E36L003M,USGS quad,Unknown,5-012.02,Chilcoot,Plumas,230,Residential,Single Well,225170,1986-04-15 00:00:00 - 2020-04-24 12:00:00,70,spring,NA,NA,0.8,126.8,2010,NA,2009-10-01T00:00:00Z,2010-10-01T00:00:00Z,-120.137,39.8024
398024N1201371W001,819380,2009-10-27T00:00:00Z,5014.8,5013.6,0,20.7,4994.1,20.7,19.5,NA,Unknown,Water level accuracy is unknown,1,Department of Water Resources,NA,1,Department of Water Resources,NA,NA,22560,23N16E36L003M,23N16E36L003M,USGS quad,Unknown,5-012.02,Chilcoot,Plumas,230,Residential,Single Well,225170,1986-04-15 00:00:00 - 2020-04-24 12:00:00,70,fall,6.6,119.8,NA,NA,2010,NA,2009-10-01T00:00:00Z,2010-10-01T00:00:00Z,-120.137,39.8024
398024N1201371W001,819378,2008-10-28T00:00:00Z,5014.8,5013.6,0,17.9,4996.9,17.9,16.7,NA,Unknown,Water level accuracy is unknown,1,Department of Water Resources,NA,1,Department of Water Resources,NA,NA,22560,23N16E36L003M,23N16E36L003M,USGS quad,Unknown,5-012.02,Chilcoot,Plumas,230,Residential,Single Well,225170,1986-04-15 00:00:00 - 2020-04-24 12:00:00,70,fall,6.6,119.8,NA,NA,2009,NA,2008-10-01T00:00:00Z,2009-10-01T00:00:00Z,-120.137,39.8024
398024N1201371W001,819376,2008-04-09T00:00:00Z,5014.8,5013.6,0,13,5001.8,13,11.8,NA,Unknown,Water level accuracy is unknown,1,Department of Water Resources,NA,1,Department of Water Resources,NA,NA,22560,23N16E36L003M,23N16E36L003M,USGS quad,Unknown,5-012.02,Chilcoot,Plumas,230,Residential,Single Well,225170,1986-04-15 00:00:00 - 2020-04-24 12:00:00,70,spring,NA,NA,0.8,126.8,2008,NA,2007-10-01T00:00:00Z,2008-10-01T00:00:00Z,-120.137,39.8024
398024N1201371W001,819377,2007-10-26T00:00:00Z,5014.8,5013.6,0,19.7,4995.1,19.7,18.5,NA,Unknown,Water level accuracy is unknown,1,Department of Water Resources,NA,1,Department of Water Resources,NA,NA,22560,23N16E36L003M,23N16E36L003M,USGS quad,Unknown,5-012.02,Chilcoot,Plumas,230,Residential,Single Well,225170,1986-04-15 00:00:00 - 2020-04-24 12:00:00,70,fall,6.6,119.8,NA,NA,2008,NA,2007-10-01T00:00:00Z,2008-10-01T00:00:00Z,-120.137,39.8024
398024N1201371W001,819375,2007-04-10T00:00:00Z,5014.8,5013.6,0,14.3,5000.5,14.3,13.1,NA,Unknown,Water level accuracy is unknown,1,Department of Water Resources,NA,1,Department of Water Resources,NA,NA,22560,23N16E36L003M,23N16E36L003M,USGS quad,Unknown,5-012.02,Chilcoot,Plumas,230,Residential,Single Well,225170,1986-04-15 00:00:00 - 2020-04-24 12:00:00,70,spring,NA,NA,0.8,126.8,2007,Dry,2006-10-01T00:00:00Z,2007-10-01T00:00:00Z,-120.137,39.8024
398024N1201371W001,819374,2006-10-17T00:00:00Z,5014.8,5013.6,0,13.7,5001.1,13.7,12.5,NA,Unknown,Water level accuracy is unknown,1,Department of Water Resources,NA,1,Department of Water Resources,NA,NA,22560,23N16E36L003M,23N16E36L003M,USGS quad,Unknown,5-012.02,Chilcoot,Plumas,230,Residential,Single Well,225170,1986-04-15 00:00:00 - 2020-04-24 12:00:00,70,fall,6.6,119.8,NA,NA,2007,Dry,2006-10-01T00:00:00Z,2007-10-01T00:00:00Z,-120.137,39.8024
398024N1201371W001,819373,2006-04-18T00:00:00Z,5014.8,5013.6,0,2,5012.8,2,0.8,NA,Unknown,Water level accuracy is unknown,1,Department of Water Resources,NA,1,Department of Water Resources,NA,NA,22560,23N16E36L003M,23N16E36L003M,USGS quad,Unknown,5-012.02,Chilcoot,Plumas,230,Residential,Single Well,225170,1986-04-15 00:00:00 - 2020-04-24 12:00:00,70,spring,NA,NA,0.8,126.8,2006,Wet,2005-10-01T00:00:00Z,2006-10-01T00:00:00Z,-120.137,39.8024
398024N1201371W001,819372,2005-10-27T00:00:00Z,5014.8,5013.6,0,24.4,4990.4,24.4,23.2,NA,Unknown,Water level accuracy is unknown,1,Department of Water Resources,NA,1,Department of Water Resources,NA,NA,22560,23N16E36L003M,23N16E36L003M,USGS quad,Unknown,5-012.02,Chilcoot,Plumas,230,Residential,Single Well,225170,1986-04-15 00:00:00 - 2020-04-24 12:00:00,70,fall,6.6,119.8,NA,NA,2006,Wet,2005-10-01T00:00:00Z,2006-10-01T00:00:00Z,-120.137,39.8024
398024N1201371W001,819371,2005-04-06T00:00:00Z,5014.8,5013.6,0,19.7,4995.1,19.7,18.5,NA,Unknown,Water level accuracy is unknown,1,Department of Water Resources,NA,1,Department of Water Resources,NA,NA,22560,23N16E36L003M,23N16E36L003M,USGS quad,Unknown,5-012.02,Chilcoot,Plumas,230,Residential,Single Well,225170,1986-04-15 00:00:00 - 2020-04-24 12:00:00,70,spring,NA,NA,0.8,126.8,2005,NA,2004-10-01T00:00:00Z,2005-10-01T00:00:00Z,-120.137,39.8024
398024N1201371W001,819370,2004-10-14T00:00:00Z,5014.8,5013.6,0,26.1,4988.7,26.1,24.9,NA,Unknown,Water level accuracy is unknown,1,Department of Water Resources,NA,1,Department of Water Resources,NA,NA,22560,23N16E36L003M,23N16E36L003M,USGS quad,Unknown,5-012.02,Chilcoot,Plumas,230,Residential,Single Well,225170,1986-04-15 00:00:00 - 2020-04-24 12:00:00,70,fall,6.6,119.8,NA,NA,2005,NA,2004-10-01T00:00:00Z,2005-10-01T00:00:00Z,-120.137,39.8024
398024N1201371W001,819369,2004-04-08T00:00:00Z,5014.8,5013.6,0,18.6,4996.2,18.6,17.4,NA,Unknown,Water level accuracy is unknown,1,Department of Water Resources,NA,1,Department of Water Resources,NA,NA,22560,23N16E36L003M,23N16E36L003M,USGS quad,Unknown,5-012.02,Chilcoot,Plumas,230,Residential,Single Well,225170,1986-04-15 00:00:00 - 2020-04-24 12:00:00,70,spring,NA,NA,0.8,126.8,2004,NA,2003-10-01T00:00:00Z,2004-10-01T00:00:00Z,-120.137,39.8024
398024N1201371W001,819368,2003-10-28T00:00:00Z,5014.8,5013.6,0,21.8,4993,21.8,20.6,NA,Unknown,Water level accuracy is unknown,1,Department of Water Resources,NA,1,Department of Water Resources,NA,NA,22560,23N16E36L003M,23N16E36L003M,USGS quad,Unknown,5-012.02,Chilcoot,Plumas,230,Residential,Single Well,225170,1986-04-15 00:00:00 - 2020-04-24 12:00:00,70,fall,6.6,119.8,NA,NA,2004,NA,2003-10-01T00:00:00Z,2004-10-01T00:00:00Z,-120.137,39.8024
398024N1201371W001,819367,2003-03-29T00:00:00Z,5014.8,5013.6,0,15.7,4999.1,15.7,14.5,NA,Unknown,Water level accuracy is unknown,1,Department of Water Resources,NA,1,Department of Water Resources,NA,NA,22560,23N16E36L003M,23N16E36L003M,USGS quad,Unknown,5-012.02,Chilcoot,Plumas,230,Residential,Single Well,225170,1986-04-15 00:00:00 - 2020-04-24 12:00:00,70,spring,NA,NA,0.8,126.8,2003,NA,2002-10-01T00:00:00Z,2003-10-01T00:00:00Z,-120.137,39.8024
398024N1201371W001,819366,2002-10-24T00:00:00Z,5014.8,5013.6,0,20.4,4994.4,20.4,19.2,NA,Unknown,Water level accuracy is unknown,1,Department of Water Resources,NA,1,Department of Water Resources,NA,NA,22560,23N16E36L003M,23N16E36L003M,USGS quad,Unknown,5-012.02,Chilcoot,Plumas,230,Residential,Single Well,225170,1986-04-15 00:00:00 - 2020-04-24 12:00:00,70,fall,6.6,119.8,NA,NA,2003,NA,2002-10-01T00:00:00Z,2003-10-01T00:00:00Z,-120.137,39.8024
398024N1201371W001,819365,2002-03-28T00:00:00Z,5014.8,5013.6,0,13.9,5000.9,13.9,12.7,NA,Unknown,Water level accuracy is unknown,1,Department of Water Resources,NA,1,Department of Water Resources,NA,NA,22560,23N16E36L003M,23N16E36L003M,USGS quad,Unknown,5-012.02,Chilcoot,Plumas,230,Residential,Single Well,225170,1986-04-15 00:00:00 - 2020-04-24 12:00:00,70,spring,NA,NA,0.8,126.8,2002,NA,2001-10-01T00:00:00Z,2002-10-01T00:00:00Z,-120.137,39.8024
398024N1201371W001,819364,2001-10-17T00:00:00Z,5014.8,5013.6,0,16.8,4998,16.8,15.6,NA,Unknown,Water level accuracy is unknown,1,Department of Water Resources,NA,1,Department of Water Resources,NA,NA,22560,23N16E36L003M,23N16E36L003M,USGS quad,Unknown,5-012.02,Chilcoot,Plumas,230,Residential,Single Well,225170,1986-04-15 00:00:00 - 2020-04-24 12:00:00,70,fall,6.6,119.8,NA,NA,2002,NA,2001-10-01T00:00:00Z,2002-10-01T00:00:00Z,-120.137,39.8024
398024N1201371W001,819363,2001-03-28T00:00:00Z,5014.8,5013.6,0,9.3,5005.5,9.3,8.1,NA,Unknown,Water level accuracy is unknown,1,Department of Water Resources,NA,1,Department of Water Resources,NA,NA,22560,23N16E36L003M,23N16E36L003M,USGS quad,Unknown,5-012.02,Chilcoot,Plumas,230,Residential,Single Well,225170,1986-04-15 00:00:00 - 2020-04-24 12:00:00,70,spring,NA,NA,0.8,126.8,2001,Dry,2000-10-01T00:00:00Z,2001-10-01T00:00:00Z,-120.137,39.8024
398024N1201371W001,819362,2000-10-19T00:00:00Z,5014.8,5013.6,0,13.2,5001.6,13.2,12,NA,Unknown,Water level accuracy is unknown,1,Department of Water Resources,NA,1,Department of Water Resources,NA,NA,22560,23N16E36L003M,23N16E36L003M,USGS quad,Unknown,5-012.02,Chilcoot,Plumas,230,Residential,Single Well,225170,1986-04-15 00:00:00 - 2020-04-24 12:00:00,70,fall,6.6,119.8,NA,NA,2001,Dry,2000-10-01T00:00:00Z,2001-10-01T00:00:00Z,-120.137,39.8024
398024N1201371W001,819361,2000-03-28T00:00:00Z,5014.8,5013.6,0,5.4,5009.4,5.4,4.2,NA,Unknown,Water level accuracy is unknown,1,Department of Water Resources,NA,1,Department of Water Resources,NA,NA,22560,23N16E36L003M,23N16E36L003M,USGS quad,Unknown,5-012.02,Chilcoot,Plumas,230,Residential,Single Well,225170,1986-04-15 00:00:00 - 2020-04-24 12:00:00,70,spring,NA,NA,0.8,126.8,2000,NA,1999-10-01T00:00:00Z,2000-10-01T00:00:00Z,-120.137,39.8024
398024N1201371W001,819359,1999-10-11T00:00:00Z,5014.8,5013.6,0,10.9,5003.9,10.9,9.7,NA,Unknown,Water level accuracy is unknown,1,Department of Water Resources,NA,1,Department of Water Resources,NA,NA,22560,23N16E36L003M,23N16E36L003M,USGS quad,Unknown,5-012.02,Chilcoot,Plumas,230,Residential,Single Well,225170,1986-04-15 00:00:00 - 2020-04-24 12:00:00,70,fall,6.6,119.8,NA,NA,2000,NA,1999-10-01T00:00:00Z,2000-10-01T00:00:00Z,-120.137,39.8024
398024N1201371W001,819360,1999-04-13T00:00:00Z,5014.8,5013.6,0,3.3,5011.5,3.3,2.1,NA,Unknown,Water level accuracy is unknown,1,Department of Water Resources,NA,1,Department of Water Resources,NA,NA,22560,23N16E36L003M,23N16E36L003M,USGS quad,Unknown,5-012.02,Chilcoot,Plumas,230,Residential,Single Well,225170,1986-04-15 00:00:00 - 2020-04-24 12:00:00,70,spring,NA,NA,0.8,126.8,1999,NA,1998-10-01T00:00:00Z,1999-10-01T00:00:00Z,-120.137,39.8024
398024N1201371W001,819357,1998-10-14T00:00:00Z,5014.8,5013.6,0,10.9,5003.9,10.9,9.7,NA,Unknown,Water level accuracy is unknown,1,Department of Water Resources,NA,1,Department of Water Resources,NA,NA,22560,23N16E36L003M,23N16E36L003M,USGS quad,Unknown,5-012.02,Chilcoot,Plumas,230,Residential,Single Well,225170,1986-04-15 00:00:00 - 2020-04-24 12:00:00,70,fall,6.6,119.8,NA,NA,1999,NA,1998-10-01T00:00:00Z,1999-10-01T00:00:00Z,-120.137,39.8024
398024N1201371W001,819358,1998-05-14T00:00:00Z,5014.8,5013.6,0,7.7,5007.1,7.7,6.5,NA,Unknown,Water level accuracy is unknown,1,Department of Water Resources,NA,1,Department of Water Resources,NA,NA,22560,23N16E36L003M,23N16E36L003M,USGS quad,Unknown,5-012.02,Chilcoot,Plumas,230,Residential,Single Well,225170,1986-04-15 00:00:00 - 2020-04-24 12:00:00,70,spring,NA,NA,0.8,126.8,1998,NA,1997-10-01T00:00:00Z,1998-10-01T00:00:00Z,-120.137,39.8024
398024N1201371W001,819356,1997-10-15T00:00:00Z,5014.8,5013.6,0,8.8,5006,8.8,7.6,NA,Unknown,Water level accuracy is unknown,1,Department of Water Resources,NA,1,Department of Water Resources,NA,NA,22560,23N16E36L003M,23N16E36L003M,USGS quad,Unknown,5-012.02,Chilcoot,Plumas,230,Residential,Single Well,225170,1986-04-15 00:00:00 - 2020-04-24 12:00:00,70,fall,6.6,119.8,NA,NA,1998,NA,1997-10-01T00:00:00Z,1998-10-01T00:00:00Z,-120.137,39.8024
398024N1201371W001,819355,1997-03-26T00:00:00Z,5014.8,5013.6,0,3.1,5011.7,3.1,1.9,NA,Unknown,Water level accuracy is unknown,1,Department of Water Resources,NA,1,Department of Water Resources,NA,NA,22560,23N16E36L003M,23N16E36L003M,USGS quad,Unknown,5-012.02,Chilcoot,Plumas,230,Residential,Single Well,225170,1986-04-15 00:00:00 - 2020-04-24 12:00:00,70,spring,NA,NA,0.8,126.8,1997,NA,1996-10-01T00:00:00Z,1997-10-01T00:00:00Z,-120.137,39.8024
398024N1201371W001,819354,1996-10-29T00:00:00Z,5014.8,5013.6,0,8,5006.8,8,6.8,NA,Unknown,Water level accuracy is unknown,1,Department of Water Resources,NA,1,Department of Water Resources,NA,NA,22560,23N16E36L003M,23N16E36L003M,USGS quad,Unknown,5-012.02,Chilcoot,Plumas,230,Residential,Single Well,225170,1986-04-15 00:00:00 - 2020-04-24 12:00:00,70,fall,6.6,119.8,NA,NA,1997,NA,1996-10-01T00:00:00Z,1997-10-01T00:00:00Z,-120.137,39.8024
398024N1201371W001,819353,1996-05-08T00:00:00Z,5014.8,5013.6,0,5.3,5009.5,5.3,4.1,NA,Unknown,Water level accuracy is unknown,1,Department of Water Resources,NA,1,Department of Water Resources,NA,NA,22560,23N16E36L003M,23N16E36L003M,USGS quad,Unknown,5-012.02,Chilcoot,Plumas,230,Residential,Single Well,225170,1986-04-15 00:00:00 - 2020-04-24 12:00:00,70,spring,NA,NA,0.8,126.8,1996,NA,1995-10-01T00:00:00Z,1996-10-01T00:00:00Z,-120.137,39.8024
398024N1201371W001,819352,1995-10-24T00:00:00Z,5014.8,5013.6,0,13.3,5001.5,13.3,12.1,NA,Unknown,Water level accuracy is unknown,1,Department of Water Resources,NA,1,Department of Water Resources,NA,NA,22560,23N16E36L003M,23N16E36L003M,USGS quad,Unknown,5-012.02,Chilcoot,Plumas,230,Residential,Single Well,225170,1986-04-15 00:00:00 - 2020-04-24 12:00:00,70,fall,6.6,119.8,NA,NA,1996,NA,1995-10-01T00:00:00Z,1996-10-01T00:00:00Z,-120.137,39.8024
398024N1201371W001,819351,1995-06-01T00:00:00Z,5014.8,5013.6,0,5.3,5009.5,5.3,4.1,NA,Unknown,Water level accuracy is unknown,1,Department of Water Resources,NA,1,Department of Water Resources,NA,NA,22560,23N16E36L003M,23N16E36L003M,USGS quad,Unknown,5-012.02,Chilcoot,Plumas,230,Residential,Single Well,225170,1986-04-15 00:00:00 - 2020-04-24 12:00:00,70,other,NA,NA,NA,NA,1995,Wet,1994-10-01T00:00:00Z,1995-10-01T00:00:00Z,-120.137,39.8024
398024N1201371W001,819350,1994-10-28T00:00:00Z,5014.8,5013.6,0,19.8,4995,19.8,18.6,NA,Unknown,Water level accuracy is unknown,1,Department of Water Resources,NA,1,Department of Water Resources,NA,NA,22560,23N16E36L003M,23N16E36L003M,USGS quad,Unknown,5-012.02,Chilcoot,Plumas,230,Residential,Single Well,225170,1986-04-15 00:00:00 - 2020-04-24 12:00:00,70,fall,6.6,119.8,NA,NA,1995,Wet,1994-10-01T00:00:00Z,1995-10-01T00:00:00Z,-120.137,39.8024
398024N1201371W001,819349,1994-03-30T00:00:00Z,5014.8,5013.6,0,16.3,4998.5,16.3,15.1,NA,Unknown,Water level accuracy is unknown,1,Department of Water Resources,NA,1,Department of Water Resources,NA,NA,22560,23N16E36L003M,23N16E36L003M,USGS quad,Unknown,5-012.02,Chilcoot,Plumas,230,Residential,Single Well,225170,1986-04-15 00:00:00 - 2020-04-24 12:00:00,70,spring,NA,NA,0.8,126.8,1994,Dry,1993-10-01T00:00:00Z,1994-10-01T00:00:00Z,-120.137,39.8024
398024N1201371W001,819348,1993-10-19T00:00:00Z,5014.8,5013.6,0,15.2,4999.6,15.2,14,NA,Unknown,Water level accuracy is unknown,1,Department of Water Resources,NA,1,Department of Water Resources,NA,NA,22560,23N16E36L003M,23N16E36L003M,USGS quad,Unknown,5-012.02,Chilcoot,Plumas,230,Residential,Single Well,225170,1986-04-15 00:00:00 - 2020-04-24 12:00:00,70,fall,6.6,119.8,NA,NA,1994,Dry,1993-10-01T00:00:00Z,1994-10-01T00:00:00Z,-120.137,39.8024
398024N1201371W001,819347,1993-04-20T00:00:00Z,5014.8,5013.6,0,4.7,5010.1,4.7,3.5,NA,Unknown,Water level accuracy is unknown,1,Department of Water Resources,NA,1,Department of Water Resources,NA,NA,22560,23N16E36L003M,23N16E36L003M,USGS quad,Unknown,5-012.02,Chilcoot,Plumas,230,Residential,Single Well,225170,1986-04-15 00:00:00 - 2020-04-24 12:00:00,70,spring,NA,NA,0.8,126.8,1993,NA,1992-10-01T00:00:00Z,1993-10-01T00:00:00Z,-120.137,39.8024
398024N1201371W001,819346,1992-10-20T00:00:00Z,5014.8,5013.6,0,23.3,4991.5,23.3,22.1,NA,Unknown,Water level accuracy is unknown,1,Department of Water Resources,NA,1,Department of Water Resources,NA,NA,22560,23N16E36L003M,23N16E36L003M,USGS quad,Unknown,5-012.02,Chilcoot,Plumas,230,Residential,Single Well,225170,1986-04-15 00:00:00 - 2020-04-24 12:00:00,70,fall,6.6,119.8,NA,NA,1993,NA,1992-10-01T00:00:00Z,1993-10-01T00:00:00Z,-120.137,39.8024
398024N1201371W001,819345,1992-03-25T00:00:00Z,5014.8,5013.6,0,19.7,4995.1,19.7,18.5,NA,Unknown,Water level accuracy is unknown,1,Department of Water Resources,NA,1,Department of Water Resources,NA,NA,22560,23N16E36L003M,23N16E36L003M,USGS quad,Unknown,5-012.02,Chilcoot,Plumas,230,Residential,Single Well,225170,1986-04-15 00:00:00 - 2020-04-24 12:00:00,70,spring,NA,NA,0.8,126.8,1992,NA,1991-10-01T00:00:00Z,1992-10-01T00:00:00Z,-120.137,39.8024
398024N1201371W001,819344,1991-10-23T00:00:00Z,5014.8,5013.6,0,22.3,4992.5,22.3,21.1,NA,Unknown,Water level accuracy is unknown,1,Department of Water Resources,NA,1,Department of Water Resources,NA,NA,22560,23N16E36L003M,23N16E36L003M,USGS quad,Unknown,5-012.02,Chilcoot,Plumas,230,Residential,Single Well,225170,1986-04-15 00:00:00 - 2020-04-24 12:00:00,70,fall,6.6,119.8,NA,NA,1992,NA,1991-10-01T00:00:00Z,1992-10-01T00:00:00Z,-120.137,39.8024
398024N1201371W001,819343,1991-02-27T00:00:00Z,5014.8,5013.6,0,17.7,4997.1,17.7,16.5,NA,Unknown,Water level accuracy is unknown,1,Department of Water Resources,NA,1,Department of Water Resources,NA,NA,22560,23N16E36L003M,23N16E36L003M,USGS quad,Unknown,5-012.02,Chilcoot,Plumas,230,Residential,Single Well,225170,1986-04-15 00:00:00 - 2020-04-24 12:00:00,70,other,NA,NA,NA,NA,1991,NA,1990-10-01T00:00:00Z,1991-10-01T00:00:00Z,-120.137,39.8024
398024N1201371W001,819342,1990-10-24T00:00:00Z,5014.8,5013.6,0,17.5,4997.3,17.5,16.3,NA,Unknown,Water level accuracy is unknown,1,Department of Water Resources,NA,1,Department of Water Resources,NA,NA,22560,23N16E36L003M,23N16E36L003M,USGS quad,Unknown,5-012.02,Chilcoot,Plumas,230,Residential,Single Well,225170,1986-04-15 00:00:00 - 2020-04-24 12:00:00,70,fall,6.6,119.8,NA,NA,1991,NA,1990-10-01T00:00:00Z,1991-10-01T00:00:00Z,-120.137,39.8024
398024N1201371W001,819341,1990-04-10T00:00:00Z,5014.8,5013.6,0,14.9,4999.9,14.9,13.7,NA,Unknown,Water level accuracy is unknown,1,Department of Water Resources,NA,1,Department of Water Resources,NA,NA,22560,23N16E36L003M,23N16E36L003M,USGS quad,Unknown,5-012.02,Chilcoot,Plumas,230,Residential,Single Well,225170,1986-04-15 00:00:00 - 2020-04-24 12:00:00,70,spring,NA,NA,0.8,126.8,1990,NA,1989-10-01T00:00:00Z,1990-10-01T00:00:00Z,-120.137,39.8024
398024N1201371W001,819340,1989-09-27T00:00:00Z,5014.8,5013.6,0,15.7,4999.1,15.7,14.5,NA,Unknown,Water level accuracy is unknown,1,Department of Water Resources,NA,388,Sierra Valley Groundwater Management District,NA,NA,22560,23N16E36L003M,23N16E36L003M,USGS quad,Unknown,5-012.02,Chilcoot,Plumas,230,Residential,Single Well,225170,1986-04-15 00:00:00 - 2020-04-24 12:00:00,70,fall,6.6,119.8,NA,NA,1989,NA,1988-10-01T00:00:00Z,1989-10-01T00:00:00Z,-120.137,39.8024
398024N1201371W001,819339,1989-04-07T00:00:00Z,5014.8,5013.6,0,6.4,5008.4,6.4,5.2,NA,Unknown,Water level accuracy is unknown,1,Department of Water Resources,NA,1,Department of Water Resources,NA,NA,22560,23N16E36L003M,23N16E36L003M,USGS quad,Unknown,5-012.02,Chilcoot,Plumas,230,Residential,Single Well,225170,1986-04-15 00:00:00 - 2020-04-24 12:00:00,70,spring,NA,NA,0.8,126.8,1989,NA,1988-10-01T00:00:00Z,1989-10-01T00:00:00Z,-120.137,39.8024
398024N1201371W001,819338,1988-10-24T00:00:00Z,5014.8,5013.6,0,121,4893.8,121,119.8,Pumped recently,Unknown,Water level accuracy is unknown,1,Department of Water Resources,NA,1,Department of Water Resources,NA,NA,22560,23N16E36L003M,23N16E36L003M,USGS quad,Unknown,5-012.02,Chilcoot,Plumas,230,Residential,Single Well,225170,1986-04-15 00:00:00 - 2020-04-24 12:00:00,70,fall,6.6,119.8,NA,NA,1989,NA,1988-10-01T00:00:00Z,1989-10-01T00:00:00Z,-120.137,39.8024
398024N1201371W001,819337,1988-04-21T00:00:00Z,5014.8,5013.6,0,128,4886.8,128,126.8,Pumped recently,Unknown,Water level accuracy is unknown,1,Department of Water Resources,NA,1,Department of Water Resources,NA,NA,22560,23N16E36L003M,23N16E36L003M,USGS quad,Unknown,5-012.02,Chilcoot,Plumas,230,Residential,Single Well,225170,1986-04-15 00:00:00 - 2020-04-24 12:00:00,70,spring,NA,NA,0.8,126.8,1988,NA,1987-10-01T00:00:00Z,1988-10-01T00:00:00Z,-120.137,39.8024
398024N1201371W001,819335,1987-04-06T00:00:00Z,5014.8,5013.6,0,10.1,5004.7,10.1,8.9,NA,Unknown,Water level accuracy is unknown,1,Department of Water Resources,NA,1,Department of Water Resources,NA,NA,22560,23N16E36L003M,23N16E36L003M,USGS quad,Unknown,5-012.02,Chilcoot,Plumas,230,Residential,Single Well,225170,1986-04-15 00:00:00 - 2020-04-24 12:00:00,70,spring,NA,NA,0.8,126.8,1987,Dry,1986-10-01T00:00:00Z,1987-10-01T00:00:00Z,-120.137,39.8024
398024N1201371W001,819334,1986-10-03T00:00:00Z,5014.8,5013.6,0,11.9,5002.9,11.9,10.7,NA,Unknown,Water level accuracy is unknown,1,Department of Water Resources,NA,1,Department of Water Resources,NA,NA,22560,23N16E36L003M,23N16E36L003M,USGS quad,Unknown,5-012.02,Chilcoot,Plumas,230,Residential,Single Well,225170,1986-04-15 00:00:00 - 2020-04-24 12:00:00,70,fall,6.6,119.8,NA,NA,1987,Dry,1986-10-01T00:00:00Z,1987-10-01T00:00:00Z,-120.137,39.8024
398024N1201371W001,819333,1986-04-15T00:00:00Z,5014.8,5013.6,0,4.8,5010,4.8,3.6,NA,Unknown,Water level accuracy is unknown,1,Department of Water Resources,NA,1,Department of Water Resources,NA,NA,22560,23N16E36L003M,23N16E36L003M,USGS quad,Unknown,5-012.02,Chilcoot,Plumas,230,Residential,Single Well,225170,1986-04-15 00:00:00 - 2020-04-24 12:00:00,70,spring,NA,NA,0.8,126.8,1986,Wet,1985-10-01T00:00:00Z,1986-10-01T00:00:00Z,-120.137,39.8024
