SITE_CODE,WLM_ID,MSMT_DATE,WLM_RPE,WLM_GSE,RDNG_WS,RDNG_RP,WSE,RPE_WSE,GSE_WSE,WLM_QA_DESC,WLM_DESC,WLM_ACC_DESC,WLM_ORG_ID,WLM_ORG_NAME,MSMT_CMT,COOP_AGENCY_ORG_ID,COOP_ORG_NAME,TOP_PRF,BOT_PRF,STN_ID,SWN,WELL_NAME,WLM_METHOD,WLM_ACC,BASIN_CODE,BASIN_NAME,COUNTY_NAME,WELL_DEPTH,WELL_USE,WELL_TYPE,WCR_NO,t_range,n_samples,season,fall_high,fall_low,spring_high,spring_low,water_year,water_year_type,water_year_start,water_year_end,X,Y
398014N1202051W001,819029,1999-04-15T00:00:00Z,4929.99,4928.59,0,42.3,4887.69,42.3,40.9,Oil or foreign substance in casing,Unknown,Water level accuracy is unknown,1,Department of Water Resources,NA,1,Department of Water Resources,NA,NA,36665,23N16E32J001M,NA,Unknown,Unknown,5-012.01,Sierra Valley,Plumas,860,Irrigation,Unknown,354803,1995-10-23 - 2000-03-26,10,spring,NA,NA,36.6,42.4,1999,NA,1998-10-01T00:00:00Z,1999-10-01T00:00:00Z,-120.205,39.8014
398014N1202051W001,819026,1998-10-15T00:00:00Z,4929.99,4928.59,0,69.3,4860.69,69.3,67.9,Oil or foreign substance in casing,Unknown,Water level accuracy is unknown,1,Department of Water Resources,NA,1,Department of Water Resources,NA,NA,36665,23N16E32J001M,NA,Unknown,Unknown,5-012.01,Sierra Valley,Plumas,860,Irrigation,Unknown,354803,1995-10-23 - 2000-03-26,10,fall,64.3,83.6,NA,NA,1999,NA,1998-10-01T00:00:00Z,1999-10-01T00:00:00Z,-120.205,39.8014
398014N1202051W001,819027,1998-05-14T00:00:00Z,4929.99,4928.59,0,43.8,4886.19,43.8,42.4,Oil or foreign substance in casing,Unknown,Water level accuracy is unknown,1,Department of Water Resources,NA,1,Department of Water Resources,NA,NA,36665,23N16E32J001M,NA,Unknown,Unknown,5-012.01,Sierra Valley,Plumas,860,Irrigation,Unknown,354803,1995-10-23 - 2000-03-26,10,spring,NA,NA,36.6,42.4,1998,NA,1997-10-01T00:00:00Z,1998-10-01T00:00:00Z,-120.205,39.8014
398014N1202051W001,819025,1997-10-16T00:00:00Z,4929.99,4928.59,0,85,4844.99,85,83.6,Oil or foreign substance in casing,Unknown,Water level accuracy is unknown,1,Department of Water Resources,NA,1,Department of Water Resources,NA,NA,36665,23N16E32J001M,NA,Unknown,Unknown,5-012.01,Sierra Valley,Plumas,860,Irrigation,Unknown,354803,1995-10-23 - 2000-03-26,10,fall,64.3,83.6,NA,NA,1998,NA,1997-10-01T00:00:00Z,1998-10-01T00:00:00Z,-120.205,39.8014
398014N1202051W001,819023,1997-04-03T00:00:00Z,4929.99,4928.59,0,41.5,4888.49,41.5,40.1,Oil or foreign substance in casing,Unknown,Water level accuracy is unknown,1,Department of Water Resources,NA,1,Department of Water Resources,NA,NA,36665,23N16E32J001M,NA,Unknown,Unknown,5-012.01,Sierra Valley,Plumas,860,Irrigation,Unknown,354803,1995-10-23 - 2000-03-26,10,spring,NA,NA,36.6,42.4,1997,NA,1996-10-01T00:00:00Z,1997-10-01T00:00:00Z,-120.205,39.8014
398014N1202051W001,819024,1996-10-30T00:00:00Z,4929.99,4928.59,0,69.6,4860.39,69.6,68.2,Oil or foreign substance in casing,Unknown,Water level accuracy is unknown,1,Department of Water Resources,NA,1,Department of Water Resources,NA,NA,36665,23N16E32J001M,NA,Unknown,Unknown,5-012.01,Sierra Valley,Plumas,860,Irrigation,Unknown,354803,1995-10-23 - 2000-03-26,10,fall,64.3,83.6,NA,NA,1997,NA,1996-10-01T00:00:00Z,1997-10-01T00:00:00Z,-120.205,39.8014
398014N1202051W001,819022,1996-05-06T00:00:00Z,4929.99,4928.59,0,38,4891.99,38,36.6,Oil or foreign substance in casing,Unknown,Water level accuracy is unknown,1,Department of Water Resources,NA,1,Department of Water Resources,NA,NA,36665,23N16E32J001M,NA,Unknown,Unknown,5-012.01,Sierra Valley,Plumas,860,Irrigation,Unknown,354803,1995-10-23 - 2000-03-26,10,spring,NA,NA,36.6,42.4,1996,NA,1995-10-01T00:00:00Z,1996-10-01T00:00:00Z,-120.205,39.8014
398014N1202051W001,819021,1995-10-23T00:00:00Z,4929.99,4928.59,0,65.7,4864.29,65.7,64.3,Oil or foreign substance in casing,Unknown,Water level accuracy is unknown,1,Department of Water Resources,NA,1,Department of Water Resources,NA,NA,36665,23N16E32J001M,NA,Unknown,Unknown,5-012.01,Sierra Valley,Plumas,860,Irrigation,Unknown,354803,1995-10-23 - 2000-03-26,10,fall,64.3,83.6,NA,NA,1996,NA,1995-10-01T00:00:00Z,1996-10-01T00:00:00Z,-120.205,39.8014
