SITE_CODE,WLM_ID,MSMT_DATE,WLM_RPE,WLM_GSE,RDNG_WS,RDNG_RP,WSE,RPE_WSE,GSE_WSE,WLM_QA_DESC,WLM_DESC,WLM_ACC_DESC,WLM_ORG_ID,WLM_ORG_NAME,MSMT_CMT,COOP_AGENCY_ORG_ID,COOP_ORG_NAME,TOP_PRF,BOT_PRF,STN_ID,SWN,WELL_NAME,WLM_METHOD,WLM_ACC,BASIN_CODE,BASIN_NAME,COUNTY_NAME,WELL_DEPTH,WELL_USE,WELL_TYPE,WCR_NO,t_range,n_samples,season,fall_high,fall_low,spring_high,spring_low,water_year,water_year_type,water_year_start,water_year_end,X,Y
398059N1201862W001,2493733,2019-10-24T12:00:00Z,4944.59,4943.59,0,22.85,4921.74,22.85,21.85,NA,Electric sounder measurement,Water level accuracy to nearest hundredth of a foot,1,Department of Water Resources,NA,1,Department of Water Resources,230,290,36764,23N16E33A002M,23N16E33A002M,Unknown,Unknown,5-012.01,Sierra Valley,Plumas,297,Residential,Single Well,207721,1991-02-25 00:00:00 - 2020-04-24 12:00:00,60,fall,2.8,33.4,NA,NA,2020,Dry,2019-10-01T00:00:00Z,2020-10-01T00:00:00Z,-120.186,39.8059
398059N1201862W001,2454970,2019-04-09T12:00:00Z,4944.59,4943.59,0,15.1,4929.49,15.1,14.1,NA,Electric sounder measurement,Water level accuracy to nearest hundredth of a foot,1,Department of Water Resources,NA,1,Department of Water Resources,230,290,36764,23N16E33A002M,23N16E33A002M,Unknown,Unknown,5-012.01,Sierra Valley,Plumas,297,Residential,Single Well,207721,1991-02-25 00:00:00 - 2020-04-24 12:00:00,60,spring,NA,NA,-1,22.72,2019,Wet,2018-10-01T00:00:00Z,2019-10-01T00:00:00Z,-120.186,39.8059
398059N1201862W001,2415038,2018-10-25T12:00:00Z,4944.59,4943.59,0,22.9,4921.69,22.9,21.9,NA,Electric sounder measurement,Water level accuracy to nearest hundredth of a foot,1,Department of Water Resources,NA,1,Department of Water Resources,230,290,36764,23N16E33A002M,23N16E33A002M,Unknown,Unknown,5-012.01,Sierra Valley,Plumas,297,Residential,Single Well,207721,1991-02-25 00:00:00 - 2020-04-24 12:00:00,60,fall,2.8,33.4,NA,NA,2019,Wet,2018-10-01T00:00:00Z,2019-10-01T00:00:00Z,-120.186,39.8059
398059N1201862W001,2285977,2018-04-03T12:00:00Z,4944.59,4943.59,0,16.97,4927.62,16.97,15.97,NA,Electric sounder measurement,Water level accuracy to nearest hundredth of a foot,1,Department of Water Resources,NA,1,Department of Water Resources,230,290,36764,23N16E33A002M,23N16E33A002M,Unknown,Unknown,5-012.01,Sierra Valley,Plumas,297,Residential,Single Well,207721,1991-02-25 00:00:00 - 2020-04-24 12:00:00,60,spring,NA,NA,-1,22.72,2018,NA,2017-10-01T00:00:00Z,2018-10-01T00:00:00Z,-120.186,39.8059
398059N1201862W001,2268018,2017-10-17T00:00:00Z,4944.59,4943.59,0,26.2,4918.39,26.2,25.2,NA,Electric sounder measurement,Water level accuracy to nearest hundredth of a foot,1,Department of Water Resources,NA,1,Department of Water Resources,230,290,36764,23N16E33A002M,23N16E33A002M,Unknown,Unknown,5-012.01,Sierra Valley,Plumas,297,Residential,Single Well,207721,1991-02-25 00:00:00 - 2020-04-24 12:00:00,60,fall,2.8,33.4,NA,NA,2018,NA,2017-10-01T00:00:00Z,2018-10-01T00:00:00Z,-120.186,39.8059
398059N1201862W001,2244306,2017-04-04T00:00:00Z,4944.59,4943.59,0,20.75,4923.84,20.75,19.75,NA,Electric sounder measurement,Water level accuracy to nearest hundredth of a foot,1,Department of Water Resources,NA,1,Department of Water Resources,230,290,36764,23N16E33A002M,23N16E33A002M,Unknown,Unknown,5-012.01,Sierra Valley,Plumas,297,Residential,Single Well,207721,1991-02-25 00:00:00 - 2020-04-24 12:00:00,60,spring,NA,NA,-1,22.72,2017,Wet,2016-10-01T00:00:00Z,2017-10-01T00:00:00Z,-120.186,39.8059
398059N1201862W001,2214136,2016-10-24T00:00:00Z,4944.59,4943.59,0,32.78,4911.81,32.78,31.78,NA,Electric sounder measurement,Water level accuracy to nearest hundredth of a foot,1,Department of Water Resources,NA,1,Department of Water Resources,230,290,36764,23N16E33A002M,23N16E33A002M,Unknown,Unknown,5-012.01,Sierra Valley,Plumas,297,Residential,Single Well,207721,1991-02-25 00:00:00 - 2020-04-24 12:00:00,60,fall,2.8,33.4,NA,NA,2017,Wet,2016-10-01T00:00:00Z,2017-10-01T00:00:00Z,-120.186,39.8059
398059N1201862W001,2184602,2016-03-21T00:00:00Z,4944.59,4943.59,0,23.72,4920.87,23.72,22.72,NA,Electric sounder measurement,Water level accuracy to nearest hundredth of a foot,1,Department of Water Resources,NA,1,Department of Water Resources,230,290,36764,23N16E33A002M,23N16E33A002M,Unknown,Unknown,5-012.01,Sierra Valley,Plumas,297,Residential,Single Well,207721,1991-02-25 00:00:00 - 2020-04-24 12:00:00,60,spring,NA,NA,-1,22.72,2016,NA,2015-10-01T00:00:00Z,2016-10-01T00:00:00Z,-120.186,39.8059
398059N1201862W001,2157077,2015-10-19T00:00:00Z,4944.59,4943.59,0,34.4,4910.19,34.4,33.4,NA,Electric sounder measurement,Water level accuracy to nearest hundredth of a foot,1,Department of Water Resources,NA,1,Department of Water Resources,230,290,36764,23N16E33A002M,23N16E33A002M,Unknown,Unknown,5-012.01,Sierra Valley,Plumas,297,Residential,Single Well,207721,1991-02-25 00:00:00 - 2020-04-24 12:00:00,60,fall,2.8,33.4,NA,NA,2016,NA,2015-10-01T00:00:00Z,2016-10-01T00:00:00Z,-120.186,39.8059
398059N1201862W001,2119789,2015-03-23T00:00:00Z,4944.59,4943.59,0,22.36,4922.23,22.36,21.36,NA,Electric sounder measurement,Water level accuracy to nearest hundredth of a foot,1,Department of Water Resources,NA,1,Department of Water Resources,230,290,36764,23N16E33A002M,23N16E33A002M,Unknown,Unknown,5-012.01,Sierra Valley,Plumas,297,Residential,Single Well,207721,1991-02-25 00:00:00 - 2020-04-24 12:00:00,60,spring,NA,NA,-1,22.72,2015,NA,2014-10-01T00:00:00Z,2015-10-01T00:00:00Z,-120.186,39.8059
398059N1201862W001,2020304,2014-10-20T03:00:00Z,4944.59,4943.59,0,33.28,4911.31,33.28,32.28,NA,Electric sounder measurement,Water level accuracy to nearest hundredth of a foot,1,Department of Water Resources,NA,1,Department of Water Resources,230,290,36764,23N16E33A002M,23N16E33A002M,Unknown,Unknown,5-012.01,Sierra Valley,Plumas,297,Residential,Single Well,207721,1991-02-25 00:00:00 - 2020-04-24 12:00:00,60,fall,2.8,33.4,NA,NA,2015,NA,2014-10-01T00:00:00Z,2015-10-01T00:00:00Z,-120.186,39.8059
398059N1201862W001,1880787,2014-03-14T00:00:00Z,4944.59,4943.59,0,18.5,4926.09,18.5,17.5,NA,Electric sounder measurement,Water level accuracy to nearest hundredth of a foot,1,Department of Water Resources,NA,1,Department of Water Resources,230,290,36764,23N16E33A002M,23N16E33A002M,Unknown,Unknown,5-012.01,Sierra Valley,Plumas,297,Residential,Single Well,207721,1991-02-25 00:00:00 - 2020-04-24 12:00:00,60,spring,NA,NA,-1,22.72,2014,NA,2013-10-01T00:00:00Z,2014-10-01T00:00:00Z,-120.186,39.8059
398059N1201862W001,1797129,2013-10-21T00:00:00Z,4944.59,4943.59,0,30.68,4913.91,30.68,29.68,NA,Electric sounder measurement,Water level accuracy to nearest hundredth of a foot,1,Department of Water Resources,NA,1,Department of Water Resources,230,290,36764,23N16E33A002M,23N16E33A002M,Unknown,Unknown,5-012.01,Sierra Valley,Plumas,297,Residential,Single Well,207721,1991-02-25 00:00:00 - 2020-04-24 12:00:00,60,fall,2.8,33.4,NA,NA,2014,NA,2013-10-01T00:00:00Z,2014-10-01T00:00:00Z,-120.186,39.8059
398059N1201862W001,1684448,2013-03-25T00:00:00Z,4944.59,4943.59,17.22,23.16,4938.65,5.94,4.94,NA,Electric sounder measurement,Water level accuracy to nearest hundredth of a foot,1,Department of Water Resources,NA,1,Department of Water Resources,230,290,36764,23N16E33A002M,23N16E33A002M,Unknown,Unknown,5-012.01,Sierra Valley,Plumas,297,Residential,Single Well,207721,1991-02-25 00:00:00 - 2020-04-24 12:00:00,60,spring,NA,NA,-1,22.72,2013,Dry,2012-10-01T00:00:00Z,2013-10-01T00:00:00Z,-120.186,39.8059
398059N1201862W001,69389,2012-10-30T00:00:00Z,4944.59,4943.59,0,23.16,4921.43,23.16,22.16,NA,Electric sounder measurement,Water level accuracy to nearest hundredth of a foot,1,Department of Water Resources,NA,1,Department of Water Resources,230,290,36764,23N16E33A002M,23N16E33A002M,Unknown,Unknown,5-012.01,Sierra Valley,Plumas,297,Residential,Single Well,207721,1991-02-25 00:00:00 - 2020-04-24 12:00:00,60,fall,2.8,33.4,NA,NA,2013,Dry,2012-10-01T00:00:00Z,2013-10-01T00:00:00Z,-120.186,39.8059
398059N1201862W001,59971,2012-04-17T00:00:00Z,4944.59,4943.59,0,12.94,4931.65,12.94,11.94,NA,Electric sounder measurement,Water level accuracy to nearest hundredth of a foot,1,Department of Water Resources,NA,1,Department of Water Resources,230,290,36764,23N16E33A002M,23N16E33A002M,Unknown,Unknown,5-012.01,Sierra Valley,Plumas,297,Residential,Single Well,207721,1991-02-25 00:00:00 - 2020-04-24 12:00:00,60,spring,NA,NA,-1,22.72,2012,NA,2011-10-01T00:00:00Z,2012-10-01T00:00:00Z,-120.186,39.8059
398059N1201862W001,39819,2011-10-18T00:00:00Z,4944.59,4943.59,0,22.51,4922.08,22.51,21.51,NA,Electric sounder measurement,Water level accuracy to nearest hundredth of a foot,1,Department of Water Resources,NA,1,Department of Water Resources,230,290,36764,23N16E33A002M,23N16E33A002M,Unknown,Unknown,5-012.01,Sierra Valley,Plumas,297,Residential,Single Well,207721,1991-02-25 00:00:00 - 2020-04-24 12:00:00,60,fall,2.8,33.4,NA,NA,2012,NA,2011-10-01T00:00:00Z,2012-10-01T00:00:00Z,-120.186,39.8059
398059N1201862W001,819142,2011-10-18T00:00:00Z,4944.59,4943.59,0,22.51,4922.08,22.51,21.51,NA,Unknown,Water level accuracy is unknown,1,Department of Water Resources,NA,1,Department of Water Resources,230,290,36764,23N16E33A002M,23N16E33A002M,Unknown,Unknown,5-012.01,Sierra Valley,Plumas,297,Residential,Single Well,207721,1991-02-25 00:00:00 - 2020-04-24 12:00:00,60,fall,2.8,33.4,NA,NA,2012,NA,2011-10-01T00:00:00Z,2012-10-01T00:00:00Z,-120.186,39.8059
398059N1201862W001,819141,2011-04-25T00:00:00Z,4944.59,4943.59,0,18.83,4925.76,18.83,17.83,NA,Unknown,Water level accuracy is unknown,1,Department of Water Resources,NA,1,Department of Water Resources,230,290,36764,23N16E33A002M,23N16E33A002M,Unknown,Unknown,5-012.01,Sierra Valley,Plumas,297,Residential,Single Well,207721,1991-02-25 00:00:00 - 2020-04-24 12:00:00,60,spring,NA,NA,-1,22.72,2011,Wet,2010-10-01T00:00:00Z,2011-10-01T00:00:00Z,-120.186,39.8059
398059N1201862W001,819140,2010-10-26T00:00:00Z,4944.59,4943.59,0,25.22,4919.37,25.22,24.22,NA,Unknown,Water level accuracy is unknown,1,Department of Water Resources,NA,1,Department of Water Resources,230,290,36764,23N16E33A002M,23N16E33A002M,Unknown,Unknown,5-012.01,Sierra Valley,Plumas,297,Residential,Single Well,207721,1991-02-25 00:00:00 - 2020-04-24 12:00:00,60,fall,2.8,33.4,NA,NA,2011,Wet,2010-10-01T00:00:00Z,2011-10-01T00:00:00Z,-120.186,39.8059
398059N1201862W001,819139,2010-04-06T00:00:00Z,4944.59,4943.59,0,16.45,4928.14,16.45,15.45,NA,Unknown,Water level accuracy is unknown,1,Department of Water Resources,NA,1,Department of Water Resources,230,290,36764,23N16E33A002M,23N16E33A002M,Unknown,Unknown,5-012.01,Sierra Valley,Plumas,297,Residential,Single Well,207721,1991-02-25 00:00:00 - 2020-04-24 12:00:00,60,spring,NA,NA,-1,22.72,2010,NA,2009-10-01T00:00:00Z,2010-10-01T00:00:00Z,-120.186,39.8059
398059N1201862W001,819138,2009-10-27T00:00:00Z,4944.59,4943.59,0,26.07,4918.52,26.07,25.07,NA,Unknown,Water level accuracy is unknown,1,Department of Water Resources,NA,1,Department of Water Resources,230,290,36764,23N16E33A002M,23N16E33A002M,Unknown,Unknown,5-012.01,Sierra Valley,Plumas,297,Residential,Single Well,207721,1991-02-25 00:00:00 - 2020-04-24 12:00:00,60,fall,2.8,33.4,NA,NA,2010,NA,2009-10-01T00:00:00Z,2010-10-01T00:00:00Z,-120.186,39.8059
398059N1201862W001,819136,2008-10-28T00:00:00Z,4944.59,4943.59,0,25.1,4919.49,25.1,24.1,NA,Unknown,Water level accuracy is unknown,1,Department of Water Resources,NA,1,Department of Water Resources,230,290,36764,23N16E33A002M,23N16E33A002M,Unknown,Unknown,5-012.01,Sierra Valley,Plumas,297,Residential,Single Well,207721,1991-02-25 00:00:00 - 2020-04-24 12:00:00,60,fall,2.8,33.4,NA,NA,2009,NA,2008-10-01T00:00:00Z,2009-10-01T00:00:00Z,-120.186,39.8059
398059N1201862W001,819134,2008-04-09T00:00:00Z,4944.59,4943.59,0,13.7,4930.89,13.7,12.7,NA,Unknown,Water level accuracy is unknown,1,Department of Water Resources,NA,1,Department of Water Resources,230,290,36764,23N16E33A002M,23N16E33A002M,Unknown,Unknown,5-012.01,Sierra Valley,Plumas,297,Residential,Single Well,207721,1991-02-25 00:00:00 - 2020-04-24 12:00:00,60,spring,NA,NA,-1,22.72,2008,NA,2007-10-01T00:00:00Z,2008-10-01T00:00:00Z,-120.186,39.8059
398059N1201862W001,819135,2007-10-26T00:00:00Z,4944.59,4943.59,0,25,4919.59,25,24,NA,Unknown,Water level accuracy is unknown,1,Department of Water Resources,NA,1,Department of Water Resources,230,290,36764,23N16E33A002M,23N16E33A002M,Unknown,Unknown,5-012.01,Sierra Valley,Plumas,297,Residential,Single Well,207721,1991-02-25 00:00:00 - 2020-04-24 12:00:00,60,fall,2.8,33.4,NA,NA,2008,NA,2007-10-01T00:00:00Z,2008-10-01T00:00:00Z,-120.186,39.8059
398059N1201862W001,819133,2007-04-10T00:00:00Z,4944.59,4943.59,0,12.5,4932.09,12.5,11.5,NA,Unknown,Water level accuracy is unknown,1,Department of Water Resources,NA,1,Department of Water Resources,230,290,36764,23N16E33A002M,23N16E33A002M,Unknown,Unknown,5-012.01,Sierra Valley,Plumas,297,Residential,Single Well,207721,1991-02-25 00:00:00 - 2020-04-24 12:00:00,60,spring,NA,NA,-1,22.72,2007,Dry,2006-10-01T00:00:00Z,2007-10-01T00:00:00Z,-120.186,39.8059
398059N1201862W001,819131,2006-04-18T00:00:00Z,4944.59,4943.59,0,14.6,4929.99,14.6,13.6,NA,Unknown,Water level accuracy is unknown,1,Department of Water Resources,NA,1,Department of Water Resources,230,290,36764,23N16E33A002M,23N16E33A002M,Unknown,Unknown,5-012.01,Sierra Valley,Plumas,297,Residential,Single Well,207721,1991-02-25 00:00:00 - 2020-04-24 12:00:00,60,spring,NA,NA,-1,22.72,2006,Wet,2005-10-01T00:00:00Z,2006-10-01T00:00:00Z,-120.186,39.8059
398059N1201862W001,819130,2005-10-26T00:00:00Z,4944.59,4943.59,0,22.3,4922.29,22.3,21.3,NA,Unknown,Water level accuracy is unknown,1,Department of Water Resources,NA,1,Department of Water Resources,230,290,36764,23N16E33A002M,23N16E33A002M,Unknown,Unknown,5-012.01,Sierra Valley,Plumas,297,Residential,Single Well,207721,1991-02-25 00:00:00 - 2020-04-24 12:00:00,60,fall,2.8,33.4,NA,NA,2006,Wet,2005-10-01T00:00:00Z,2006-10-01T00:00:00Z,-120.186,39.8059
398059N1201862W001,819129,2005-04-05T00:00:00Z,4944.59,4943.59,0,15.4,4929.19,15.4,14.4,NA,Unknown,Water level accuracy is unknown,1,Department of Water Resources,NA,1,Department of Water Resources,230,290,36764,23N16E33A002M,23N16E33A002M,Unknown,Unknown,5-012.01,Sierra Valley,Plumas,297,Residential,Single Well,207721,1991-02-25 00:00:00 - 2020-04-24 12:00:00,60,spring,NA,NA,-1,22.72,2005,NA,2004-10-01T00:00:00Z,2005-10-01T00:00:00Z,-120.186,39.8059
398059N1201862W001,819128,2004-10-14T00:00:00Z,4944.59,4943.59,0,23,4921.59,23,22,NA,Unknown,Water level accuracy is unknown,1,Department of Water Resources,NA,1,Department of Water Resources,230,290,36764,23N16E33A002M,23N16E33A002M,Unknown,Unknown,5-012.01,Sierra Valley,Plumas,297,Residential,Single Well,207721,1991-02-25 00:00:00 - 2020-04-24 12:00:00,60,fall,2.8,33.4,NA,NA,2005,NA,2004-10-01T00:00:00Z,2005-10-01T00:00:00Z,-120.186,39.8059
398059N1201862W001,819127,2004-04-08T00:00:00Z,4944.59,4943.59,0,12.9,4931.69,12.9,11.9,NA,Unknown,Water level accuracy is unknown,1,Department of Water Resources,NA,1,Department of Water Resources,230,290,36764,23N16E33A002M,23N16E33A002M,Unknown,Unknown,5-012.01,Sierra Valley,Plumas,297,Residential,Single Well,207721,1991-02-25 00:00:00 - 2020-04-24 12:00:00,60,spring,NA,NA,-1,22.72,2004,NA,2003-10-01T00:00:00Z,2004-10-01T00:00:00Z,-120.186,39.8059
398059N1201862W001,819126,2003-10-28T00:00:00Z,4944.59,4943.59,0,21.6,4922.99,21.6,20.6,NA,Unknown,Water level accuracy is unknown,1,Department of Water Resources,NA,1,Department of Water Resources,230,290,36764,23N16E33A002M,23N16E33A002M,Unknown,Unknown,5-012.01,Sierra Valley,Plumas,297,Residential,Single Well,207721,1991-02-25 00:00:00 - 2020-04-24 12:00:00,60,fall,2.8,33.4,NA,NA,2004,NA,2003-10-01T00:00:00Z,2004-10-01T00:00:00Z,-120.186,39.8059
398059N1201862W001,819125,2003-03-27T00:00:00Z,4944.59,4943.59,0,9.8,4934.79,9.8,8.8,NA,Unknown,Water level accuracy is unknown,1,Department of Water Resources,NA,1,Department of Water Resources,230,290,36764,23N16E33A002M,23N16E33A002M,Unknown,Unknown,5-012.01,Sierra Valley,Plumas,297,Residential,Single Well,207721,1991-02-25 00:00:00 - 2020-04-24 12:00:00,60,spring,NA,NA,-1,22.72,2003,NA,2002-10-01T00:00:00Z,2003-10-01T00:00:00Z,-120.186,39.8059
398059N1201862W001,819124,2002-10-22T00:00:00Z,4944.59,4943.59,0,11.8,4932.79,11.8,10.8,NA,Unknown,Water level accuracy is unknown,1,Department of Water Resources,NA,1,Department of Water Resources,230,290,36764,23N16E33A002M,23N16E33A002M,Unknown,Unknown,5-012.01,Sierra Valley,Plumas,297,Residential,Single Well,207721,1991-02-25 00:00:00 - 2020-04-24 12:00:00,60,fall,2.8,33.4,NA,NA,2003,NA,2002-10-01T00:00:00Z,2003-10-01T00:00:00Z,-120.186,39.8059
398059N1201862W001,819123,2002-03-27T00:00:00Z,4944.59,4943.59,0,3.4,4941.19,3.4,2.4,NA,Unknown,Water level accuracy is unknown,1,Department of Water Resources,NA,1,Department of Water Resources,230,290,36764,23N16E33A002M,23N16E33A002M,Unknown,Unknown,5-012.01,Sierra Valley,Plumas,297,Residential,Single Well,207721,1991-02-25 00:00:00 - 2020-04-24 12:00:00,60,spring,NA,NA,-1,22.72,2002,NA,2001-10-01T00:00:00Z,2002-10-01T00:00:00Z,-120.186,39.8059
398059N1201862W001,819122,2001-10-17T00:00:00Z,4944.59,4943.59,0,10.1,4934.49,10.1,9.1,NA,Unknown,Water level accuracy is unknown,1,Department of Water Resources,NA,1,Department of Water Resources,230,290,36764,23N16E33A002M,23N16E33A002M,Unknown,Unknown,5-012.01,Sierra Valley,Plumas,297,Residential,Single Well,207721,1991-02-25 00:00:00 - 2020-04-24 12:00:00,60,fall,2.8,33.4,NA,NA,2002,NA,2001-10-01T00:00:00Z,2002-10-01T00:00:00Z,-120.186,39.8059
398059N1201862W001,819121,2001-03-26T00:00:00Z,4944.59,4943.59,0,0.9,4943.69,0.9,-0.1,NA,Unknown,Water level accuracy is unknown,1,Department of Water Resources,NA,1,Department of Water Resources,230,290,36764,23N16E33A002M,23N16E33A002M,Unknown,Unknown,5-012.01,Sierra Valley,Plumas,297,Residential,Single Well,207721,1991-02-25 00:00:00 - 2020-04-24 12:00:00,60,spring,NA,NA,-1,22.72,2001,Dry,2000-10-01T00:00:00Z,2001-10-01T00:00:00Z,-120.186,39.8059
398059N1201862W001,819120,2000-10-18T00:00:00Z,4944.59,4943.59,0,5,4939.59,5,4,NA,Unknown,Water level accuracy is unknown,1,Department of Water Resources,NA,1,Department of Water Resources,230,290,36764,23N16E33A002M,23N16E33A002M,Unknown,Unknown,5-012.01,Sierra Valley,Plumas,297,Residential,Single Well,207721,1991-02-25 00:00:00 - 2020-04-24 12:00:00,60,fall,2.8,33.4,NA,NA,2001,Dry,2000-10-01T00:00:00Z,2001-10-01T00:00:00Z,-120.186,39.8059
398059N1201862W001,819117,1999-10-12T00:00:00Z,4944.59,4943.59,0,7.5,4937.09,7.5,6.5,NA,Unknown,Water level accuracy is unknown,1,Department of Water Resources,NA,1,Department of Water Resources,230,290,36764,23N16E33A002M,23N16E33A002M,Unknown,Unknown,5-012.01,Sierra Valley,Plumas,297,Residential,Single Well,207721,1991-02-25 00:00:00 - 2020-04-24 12:00:00,60,fall,2.8,33.4,NA,NA,2000,NA,1999-10-01T00:00:00Z,2000-10-01T00:00:00Z,-120.186,39.8059
398059N1201862W001,819118,1999-04-13T00:00:00Z,4944.59,4943.59,0,0,4944.59,0,-1,NA,Unknown,Water level accuracy is unknown,1,Department of Water Resources,NA,1,Department of Water Resources,230,290,36764,23N16E33A002M,23N16E33A002M,Unknown,Unknown,5-012.01,Sierra Valley,Plumas,297,Residential,Single Well,207721,1991-02-25 00:00:00 - 2020-04-24 12:00:00,60,spring,NA,NA,-1,22.72,1999,NA,1998-10-01T00:00:00Z,1999-10-01T00:00:00Z,-120.186,39.8059
398059N1201862W001,819115,1998-10-14T00:00:00Z,4944.59,4943.59,0,3.8,4940.79,3.8,2.8,NA,Unknown,Water level accuracy is unknown,1,Department of Water Resources,NA,1,Department of Water Resources,230,290,36764,23N16E33A002M,23N16E33A002M,Unknown,Unknown,5-012.01,Sierra Valley,Plumas,297,Residential,Single Well,207721,1991-02-25 00:00:00 - 2020-04-24 12:00:00,60,fall,2.8,33.4,NA,NA,1999,NA,1998-10-01T00:00:00Z,1999-10-01T00:00:00Z,-120.186,39.8059
398059N1201862W001,819116,1998-05-14T00:00:00Z,4944.59,4943.59,0,1,4943.59,1,0,NA,Unknown,Water level accuracy is unknown,1,Department of Water Resources,NA,1,Department of Water Resources,230,290,36764,23N16E33A002M,23N16E33A002M,Unknown,Unknown,5-012.01,Sierra Valley,Plumas,297,Residential,Single Well,207721,1991-02-25 00:00:00 - 2020-04-24 12:00:00,60,spring,NA,NA,-1,22.72,1998,NA,1997-10-01T00:00:00Z,1998-10-01T00:00:00Z,-120.186,39.8059
398059N1201862W001,819114,1997-10-15T00:00:00Z,4944.59,4943.59,0,12,4932.59,12,11,NA,Unknown,Water level accuracy is unknown,1,Department of Water Resources,NA,1,Department of Water Resources,230,290,36764,23N16E33A002M,23N16E33A002M,Unknown,Unknown,5-012.01,Sierra Valley,Plumas,297,Residential,Single Well,207721,1991-02-25 00:00:00 - 2020-04-24 12:00:00,60,fall,2.8,33.4,NA,NA,1998,NA,1997-10-01T00:00:00Z,1998-10-01T00:00:00Z,-120.186,39.8059
398059N1201862W001,819112,1997-04-03T00:00:00Z,4944.59,4943.59,0,2,4942.59,2,1,NA,Unknown,Water level accuracy is unknown,1,Department of Water Resources,NA,1,Department of Water Resources,230,290,36764,23N16E33A002M,23N16E33A002M,Unknown,Unknown,5-012.01,Sierra Valley,Plumas,297,Residential,Single Well,207721,1991-02-25 00:00:00 - 2020-04-24 12:00:00,60,spring,NA,NA,-1,22.72,1997,NA,1996-10-01T00:00:00Z,1997-10-01T00:00:00Z,-120.186,39.8059
398059N1201862W001,819113,1996-10-30T00:00:00Z,4944.59,4943.59,0,7.5,4937.09,7.5,6.5,NA,Unknown,Water level accuracy is unknown,1,Department of Water Resources,NA,1,Department of Water Resources,230,290,36764,23N16E33A002M,23N16E33A002M,Unknown,Unknown,5-012.01,Sierra Valley,Plumas,297,Residential,Single Well,207721,1991-02-25 00:00:00 - 2020-04-24 12:00:00,60,fall,2.8,33.4,NA,NA,1997,NA,1996-10-01T00:00:00Z,1997-10-01T00:00:00Z,-120.186,39.8059
398059N1201862W001,819111,1996-05-06T00:00:00Z,4944.59,4943.59,0,9.4,4935.19,9.4,8.4,NA,Unknown,Water level accuracy is unknown,1,Department of Water Resources,NA,1,Department of Water Resources,230,290,36764,23N16E33A002M,23N16E33A002M,Unknown,Unknown,5-012.01,Sierra Valley,Plumas,297,Residential,Single Well,207721,1991-02-25 00:00:00 - 2020-04-24 12:00:00,60,spring,NA,NA,-1,22.72,1996,NA,1995-10-01T00:00:00Z,1996-10-01T00:00:00Z,-120.186,39.8059
398059N1201862W001,819110,1995-10-25T00:00:00Z,4944.59,4943.59,0,10,4934.59,10,9,NA,Unknown,Water level accuracy is unknown,1,Department of Water Resources,NA,1,Department of Water Resources,230,290,36764,23N16E33A002M,23N16E33A002M,Unknown,Unknown,5-012.01,Sierra Valley,Plumas,297,Residential,Single Well,207721,1991-02-25 00:00:00 - 2020-04-24 12:00:00,60,fall,2.8,33.4,NA,NA,1996,NA,1995-10-01T00:00:00Z,1996-10-01T00:00:00Z,-120.186,39.8059
398059N1201862W001,819109,1995-05-31T00:00:00Z,4944.59,4943.59,0,6.4,4938.19,6.4,5.4,NA,Unknown,Water level accuracy is unknown,1,Department of Water Resources,NA,1,Department of Water Resources,230,290,36764,23N16E33A002M,23N16E33A002M,Unknown,Unknown,5-012.01,Sierra Valley,Plumas,297,Residential,Single Well,207721,1991-02-25 00:00:00 - 2020-04-24 12:00:00,60,spring,NA,NA,-1,22.72,1995,Wet,1994-10-01T00:00:00Z,1995-10-01T00:00:00Z,-120.186,39.8059
398059N1201862W001,819108,1994-10-28T00:00:00Z,4944.59,4943.59,0,17,4927.59,17,16,NA,Unknown,Water level accuracy is unknown,1,Department of Water Resources,NA,1,Department of Water Resources,230,290,36764,23N16E33A002M,23N16E33A002M,Unknown,Unknown,5-012.01,Sierra Valley,Plumas,297,Residential,Single Well,207721,1991-02-25 00:00:00 - 2020-04-24 12:00:00,60,fall,2.8,33.4,NA,NA,1995,Wet,1994-10-01T00:00:00Z,1995-10-01T00:00:00Z,-120.186,39.8059
398059N1201862W001,819107,1994-03-29T00:00:00Z,4944.59,4943.59,0,9.3,4935.29,9.3,8.3,NA,Unknown,Water level accuracy is unknown,1,Department of Water Resources,NA,1,Department of Water Resources,230,290,36764,23N16E33A002M,23N16E33A002M,Unknown,Unknown,5-012.01,Sierra Valley,Plumas,297,Residential,Single Well,207721,1991-02-25 00:00:00 - 2020-04-24 12:00:00,60,spring,NA,NA,-1,22.72,1994,Dry,1993-10-01T00:00:00Z,1994-10-01T00:00:00Z,-120.186,39.8059
398059N1201862W001,819106,1993-10-19T00:00:00Z,4944.59,4943.59,0,22.6,4921.99,22.6,21.6,NA,Unknown,Water level accuracy is unknown,1,Department of Water Resources,NA,1,Department of Water Resources,230,290,36764,23N16E33A002M,23N16E33A002M,Unknown,Unknown,5-012.01,Sierra Valley,Plumas,297,Residential,Single Well,207721,1991-02-25 00:00:00 - 2020-04-24 12:00:00,60,fall,2.8,33.4,NA,NA,1994,Dry,1993-10-01T00:00:00Z,1994-10-01T00:00:00Z,-120.186,39.8059
398059N1201862W001,819105,1993-04-21T00:00:00Z,4944.59,4943.59,0,10.6,4933.99,10.6,9.6,NA,Unknown,Water level accuracy is unknown,1,Department of Water Resources,NA,1,Department of Water Resources,230,290,36764,23N16E33A002M,23N16E33A002M,Unknown,Unknown,5-012.01,Sierra Valley,Plumas,297,Residential,Single Well,207721,1991-02-25 00:00:00 - 2020-04-24 12:00:00,60,spring,NA,NA,-1,22.72,1993,NA,1992-10-01T00:00:00Z,1993-10-01T00:00:00Z,-120.186,39.8059
398059N1201862W001,819104,1992-10-21T00:00:00Z,4944.59,4943.59,0,19.8,4924.79,19.8,18.8,NA,Unknown,Water level accuracy is unknown,1,Department of Water Resources,NA,1,Department of Water Resources,230,290,36764,23N16E33A002M,23N16E33A002M,Unknown,Unknown,5-012.01,Sierra Valley,Plumas,297,Residential,Single Well,207721,1991-02-25 00:00:00 - 2020-04-24 12:00:00,60,fall,2.8,33.4,NA,NA,1993,NA,1992-10-01T00:00:00Z,1993-10-01T00:00:00Z,-120.186,39.8059
398059N1201862W001,819103,1992-03-25T00:00:00Z,4944.59,4943.59,0,15.1,4929.49,15.1,14.1,NA,Unknown,Water level accuracy is unknown,1,Department of Water Resources,NA,1,Department of Water Resources,230,290,36764,23N16E33A002M,23N16E33A002M,Unknown,Unknown,5-012.01,Sierra Valley,Plumas,297,Residential,Single Well,207721,1991-02-25 00:00:00 - 2020-04-24 12:00:00,60,spring,NA,NA,-1,22.72,1992,NA,1991-10-01T00:00:00Z,1992-10-01T00:00:00Z,-120.186,39.8059
398059N1201862W001,819102,1991-10-24T00:00:00Z,4944.59,4943.59,0,19.8,4924.79,19.8,18.8,NA,Unknown,Water level accuracy is unknown,1,Department of Water Resources,NA,1,Department of Water Resources,230,290,36764,23N16E33A002M,23N16E33A002M,Unknown,Unknown,5-012.01,Sierra Valley,Plumas,297,Residential,Single Well,207721,1991-02-25 00:00:00 - 2020-04-24 12:00:00,60,fall,2.8,33.4,NA,NA,1992,NA,1991-10-01T00:00:00Z,1992-10-01T00:00:00Z,-120.186,39.8059
398059N1201862W001,819101,1991-02-25T00:00:00Z,4944.59,4943.59,0,13.5,4931.09,13.5,12.5,NA,Unknown,Water level accuracy is unknown,1,Department of Water Resources,NA,1,Department of Water Resources,230,290,36764,23N16E33A002M,23N16E33A002M,Unknown,Unknown,5-012.01,Sierra Valley,Plumas,297,Residential,Single Well,207721,1991-02-25 00:00:00 - 2020-04-24 12:00:00,60,other,NA,NA,NA,NA,1991,NA,1990-10-01T00:00:00Z,1991-10-01T00:00:00Z,-120.186,39.8059
