SITE_CODE,WLM_ID,MSMT_DATE,WLM_RPE,WLM_GSE,RDNG_WS,RDNG_RP,WSE,RPE_WSE,GSE_WSE,WLM_QA_DESC,WLM_DESC,WLM_ACC_DESC,WLM_ORG_ID,WLM_ORG_NAME,MSMT_CMT,COOP_AGENCY_ORG_ID,COOP_ORG_NAME,TOP_PRF,BOT_PRF,STN_ID,SWN,WELL_NAME,WLM_METHOD,WLM_ACC,BASIN_CODE,BASIN_NAME,COUNTY_NAME,WELL_DEPTH,WELL_USE,WELL_TYPE,WCR_NO,t_range,n_samples,season,fall_high,fall_low,spring_high,spring_low,water_year,water_year_type,water_year_start,water_year_end,X,Y
398020N1203815W001,2493724,2019-10-23T12:00:00Z,4882.66,4880.96,0,12.7,4869.96,12.7,11,NA,Electric sounder measurement,Water level accuracy to nearest hundredth of a foot,1,Department of Water Resources,NA,1,Department of Water Resources,NA,NA,22071,23N14E35L001M,23N14E35L001M,Unknown,Unknown,5-012.01,Sierra Valley,Plumas,18,Stockwatering,Single Well,NA,1957-09-03 00:00:00 - 2020-04-24 12:00:00,96,fall,8.2,20.1,NA,NA,2020,Dry,2019-10-01T00:00:00Z,2020-10-01T00:00:00Z,-120.382,39.802
398020N1203815W001,2454961,2019-04-09T12:00:00Z,4882.66,4880.96,0,7.95,4874.71,7.95,6.25,NA,Electric sounder measurement,Water level accuracy to nearest hundredth of a foot,1,Department of Water Resources,NA,1,Department of Water Resources,NA,NA,22071,23N14E35L001M,23N14E35L001M,Unknown,Unknown,5-012.01,Sierra Valley,Plumas,18,Stockwatering,Single Well,NA,1957-09-03 00:00:00 - 2020-04-24 12:00:00,96,spring,NA,NA,3.8,13.3,2019,Wet,2018-10-01T00:00:00Z,2019-10-01T00:00:00Z,-120.382,39.802
398020N1203815W001,2415029,2018-10-25T12:00:00Z,4882.66,4880.96,0,14.05,4868.61,14.05,12.35,NA,Electric sounder measurement,Water level accuracy to nearest hundredth of a foot,1,Department of Water Resources,NA,1,Department of Water Resources,NA,NA,22071,23N14E35L001M,23N14E35L001M,Unknown,Unknown,5-012.01,Sierra Valley,Plumas,18,Stockwatering,Single Well,NA,1957-09-03 00:00:00 - 2020-04-24 12:00:00,96,fall,8.2,20.1,NA,NA,2019,Wet,2018-10-01T00:00:00Z,2019-10-01T00:00:00Z,-120.382,39.802
398020N1203815W001,2285968,2018-04-03T12:00:00Z,4882.66,4880.96,0,8.55,4874.11,8.55,6.85,NA,Electric sounder measurement,Water level accuracy to nearest hundredth of a foot,1,Department of Water Resources,NA,1,Department of Water Resources,NA,NA,22071,23N14E35L001M,23N14E35L001M,Unknown,Unknown,5-012.01,Sierra Valley,Plumas,18,Stockwatering,Single Well,NA,1957-09-03 00:00:00 - 2020-04-24 12:00:00,96,spring,NA,NA,3.8,13.3,2018,NA,2017-10-01T00:00:00Z,2018-10-01T00:00:00Z,-120.382,39.802
398020N1203815W001,2268008,2017-10-16T00:00:00Z,4882.66,4880.96,0,12.7,4869.96,12.7,11,NA,Electric sounder measurement,Water level accuracy to nearest tenth of a foot,1,Department of Water Resources,NA,1,Department of Water Resources,NA,NA,22071,23N14E35L001M,23N14E35L001M,Unknown,Unknown,5-012.01,Sierra Valley,Plumas,18,Stockwatering,Single Well,NA,1957-09-03 00:00:00 - 2020-04-24 12:00:00,96,fall,8.2,20.1,NA,NA,2018,NA,2017-10-01T00:00:00Z,2018-10-01T00:00:00Z,-120.382,39.802
398020N1203815W001,2244296,2017-04-03T00:00:00Z,4882.66,4880.96,0,7.9,4874.76,7.9,6.2,NA,Electric sounder measurement,Water level accuracy to nearest tenth of a foot,1,Department of Water Resources,Dry.,1,Department of Water Resources,NA,NA,22071,23N14E35L001M,23N14E35L001M,Unknown,Unknown,5-012.01,Sierra Valley,Plumas,18,Stockwatering,Single Well,NA,1957-09-03 00:00:00 - 2020-04-24 12:00:00,96,spring,NA,NA,3.8,13.3,2017,Wet,2016-10-01T00:00:00Z,2017-10-01T00:00:00Z,-120.382,39.802
398020N1203815W001,2184592,2016-03-21T00:00:00Z,4882.66,4880.96,0,9.35,4873.31,9.35,7.65,NA,Electric sounder measurement,Water level accuracy to nearest hundredth of a foot,1,Department of Water Resources,NA,1,Department of Water Resources,NA,NA,22071,23N14E35L001M,23N14E35L001M,Unknown,Unknown,5-012.01,Sierra Valley,Plumas,18,Stockwatering,Single Well,NA,1957-09-03 00:00:00 - 2020-04-24 12:00:00,96,spring,NA,NA,3.8,13.3,2016,NA,2015-10-01T00:00:00Z,2016-10-01T00:00:00Z,-120.382,39.802
398020N1203815W001,2119778,2015-03-23T00:00:00Z,4882.66,4880.96,0,14.17,4868.49,14.17,12.47,NA,Electric sounder measurement,Water level accuracy to nearest hundredth of a foot,1,Department of Water Resources,NA,1,Department of Water Resources,NA,NA,22071,23N14E35L001M,23N14E35L001M,Unknown,Unknown,5-012.01,Sierra Valley,Plumas,18,Stockwatering,Single Well,NA,1957-09-03 00:00:00 - 2020-04-24 12:00:00,96,spring,NA,NA,3.8,13.3,2015,NA,2014-10-01T00:00:00Z,2015-10-01T00:00:00Z,-120.382,39.802
398020N1203815W001,1880776,2014-03-14T00:00:00Z,4882.66,4880.96,0,14.61,4868.05,14.61,12.91,NA,Electric sounder measurement,Water level accuracy to nearest hundredth of a foot,1,Department of Water Resources,NA,1,Department of Water Resources,NA,NA,22071,23N14E35L001M,23N14E35L001M,Unknown,Unknown,5-012.01,Sierra Valley,Plumas,18,Stockwatering,Single Well,NA,1957-09-03 00:00:00 - 2020-04-24 12:00:00,96,spring,NA,NA,3.8,13.3,2014,NA,2013-10-01T00:00:00Z,2014-10-01T00:00:00Z,-120.382,39.802
398020N1203815W001,1684437,2013-03-25T00:00:00Z,4882.66,4880.96,0,10.8,4871.86,10.8,9.1,NA,Electric sounder measurement,Water level accuracy to nearest hundredth of a foot,1,Department of Water Resources,NA,1,Department of Water Resources,NA,NA,22071,23N14E35L001M,23N14E35L001M,Unknown,Unknown,5-012.01,Sierra Valley,Plumas,18,Stockwatering,Single Well,NA,1957-09-03 00:00:00 - 2020-04-24 12:00:00,96,spring,NA,NA,3.8,13.3,2013,Dry,2012-10-01T00:00:00Z,2013-10-01T00:00:00Z,-120.382,39.802
398020N1203815W001,69378,2012-10-30T00:00:00Z,4882.66,4880.96,0,15.48,4867.18,15.48,13.78,NA,Electric sounder measurement,Water level accuracy to nearest hundredth of a foot,1,Department of Water Resources,NA,1,Department of Water Resources,NA,NA,22071,23N14E35L001M,23N14E35L001M,Unknown,Unknown,5-012.01,Sierra Valley,Plumas,18,Stockwatering,Single Well,NA,1957-09-03 00:00:00 - 2020-04-24 12:00:00,96,fall,8.2,20.1,NA,NA,2013,Dry,2012-10-01T00:00:00Z,2013-10-01T00:00:00Z,-120.382,39.802
398020N1203815W001,59960,2012-04-17T00:00:00Z,4882.66,4880.96,-0.7,12,4869.96,12.7,11,NA,Steel tape measurement,Water level accuracy to nearest tenth of a foot,1,Department of Water Resources,NA,1,Department of Water Resources,NA,NA,22071,23N14E35L001M,23N14E35L001M,Unknown,Unknown,5-012.01,Sierra Valley,Plumas,18,Stockwatering,Single Well,NA,1957-09-03 00:00:00 - 2020-04-24 12:00:00,96,spring,NA,NA,3.8,13.3,2012,NA,2011-10-01T00:00:00Z,2012-10-01T00:00:00Z,-120.382,39.802
398020N1203815W001,39808,2011-10-18T00:00:00Z,4882.66,4880.96,0,13,4869.66,13,11.3,NA,Steel tape measurement,Water level accuracy to nearest tenth of a foot,1,Department of Water Resources,NA,1,Department of Water Resources,NA,NA,22071,23N14E35L001M,23N14E35L001M,Unknown,Unknown,5-012.01,Sierra Valley,Plumas,18,Stockwatering,Single Well,NA,1957-09-03 00:00:00 - 2020-04-24 12:00:00,96,fall,8.2,20.1,NA,NA,2012,NA,2011-10-01T00:00:00Z,2012-10-01T00:00:00Z,-120.382,39.802
398020N1203815W001,818297,2011-10-18T00:00:00Z,4882.66,4880.96,0,13,4869.66,13,11.3,NA,Unknown,Water level accuracy is unknown,1,Department of Water Resources,NA,1,Department of Water Resources,NA,NA,22071,23N14E35L001M,23N14E35L001M,Unknown,Unknown,5-012.01,Sierra Valley,Plumas,18,Stockwatering,Single Well,NA,1957-09-03 00:00:00 - 2020-04-24 12:00:00,96,fall,8.2,20.1,NA,NA,2012,NA,2011-10-01T00:00:00Z,2012-10-01T00:00:00Z,-120.382,39.802
398020N1203815W001,818296,2011-04-25T00:00:00Z,4882.66,4880.96,0,10.8,4871.86,10.8,9.1,NA,Unknown,Water level accuracy is unknown,1,Department of Water Resources,NA,1,Department of Water Resources,NA,NA,22071,23N14E35L001M,23N14E35L001M,Unknown,Unknown,5-012.01,Sierra Valley,Plumas,18,Stockwatering,Single Well,NA,1957-09-03 00:00:00 - 2020-04-24 12:00:00,96,spring,NA,NA,3.8,13.3,2011,Wet,2010-10-01T00:00:00Z,2011-10-01T00:00:00Z,-120.382,39.802
398020N1203815W001,818295,2010-10-25T00:00:00Z,4882.66,4880.96,0,15,4867.66,15,13.3,NA,Unknown,Water level accuracy is unknown,1,Department of Water Resources,NA,1,Department of Water Resources,NA,NA,22071,23N14E35L001M,23N14E35L001M,Unknown,Unknown,5-012.01,Sierra Valley,Plumas,18,Stockwatering,Single Well,NA,1957-09-03 00:00:00 - 2020-04-24 12:00:00,96,fall,8.2,20.1,NA,NA,2011,Wet,2010-10-01T00:00:00Z,2011-10-01T00:00:00Z,-120.382,39.802
398020N1203815W001,818294,2010-04-06T00:00:00Z,4882.66,4880.96,0,12.3,4870.36,12.3,10.6,NA,Unknown,Water level accuracy is unknown,1,Department of Water Resources,NA,1,Department of Water Resources,NA,NA,22071,23N14E35L001M,23N14E35L001M,Unknown,Unknown,5-012.01,Sierra Valley,Plumas,18,Stockwatering,Single Well,NA,1957-09-03 00:00:00 - 2020-04-24 12:00:00,96,spring,NA,NA,3.8,13.3,2010,NA,2009-10-01T00:00:00Z,2010-10-01T00:00:00Z,-120.382,39.802
398020N1203815W001,818293,2009-10-28T00:00:00Z,4882.66,4880.96,0,18.8,4863.86,18.8,17.1,NA,Unknown,Water level accuracy is unknown,1,Department of Water Resources,NA,1,Department of Water Resources,NA,NA,22071,23N14E35L001M,23N14E35L001M,Unknown,Unknown,5-012.01,Sierra Valley,Plumas,18,Stockwatering,Single Well,NA,1957-09-03 00:00:00 - 2020-04-24 12:00:00,96,fall,8.2,20.1,NA,NA,2010,NA,2009-10-01T00:00:00Z,2010-10-01T00:00:00Z,-120.382,39.802
398020N1203815W001,818292,2009-04-13T00:00:00Z,4882.66,4880.96,0,11.3,4871.36,11.3,9.6,NA,Unknown,Water level accuracy is unknown,1,Department of Water Resources,NA,1,Department of Water Resources,NA,NA,22071,23N14E35L001M,23N14E35L001M,Unknown,Unknown,5-012.01,Sierra Valley,Plumas,18,Stockwatering,Single Well,NA,1957-09-03 00:00:00 - 2020-04-24 12:00:00,96,spring,NA,NA,3.8,13.3,2009,NA,2008-10-01T00:00:00Z,2009-10-01T00:00:00Z,-120.382,39.802
398020N1203815W001,818291,2008-10-27T00:00:00Z,4882.66,4880.96,0,17.2,4865.46,17.2,15.5,NA,Unknown,Water level accuracy is unknown,1,Department of Water Resources,NA,1,Department of Water Resources,NA,NA,22071,23N14E35L001M,23N14E35L001M,Unknown,Unknown,5-012.01,Sierra Valley,Plumas,18,Stockwatering,Single Well,NA,1957-09-03 00:00:00 - 2020-04-24 12:00:00,96,fall,8.2,20.1,NA,NA,2009,NA,2008-10-01T00:00:00Z,2009-10-01T00:00:00Z,-120.382,39.802
398020N1203815W001,818289,2008-04-10T00:00:00Z,4882.66,4880.96,0,11,4871.66,11,9.3,NA,Unknown,Water level accuracy is unknown,1,Department of Water Resources,NA,1,Department of Water Resources,NA,NA,22071,23N14E35L001M,23N14E35L001M,Unknown,Unknown,5-012.01,Sierra Valley,Plumas,18,Stockwatering,Single Well,NA,1957-09-03 00:00:00 - 2020-04-24 12:00:00,96,spring,NA,NA,3.8,13.3,2008,NA,2007-10-01T00:00:00Z,2008-10-01T00:00:00Z,-120.382,39.802
398020N1203815W001,818288,2007-04-10T00:00:00Z,4882.66,4880.96,0,11.3,4871.36,11.3,9.6,NA,Unknown,Water level accuracy is unknown,1,Department of Water Resources,NA,1,Department of Water Resources,NA,NA,22071,23N14E35L001M,23N14E35L001M,Unknown,Unknown,5-012.01,Sierra Valley,Plumas,18,Stockwatering,Single Well,NA,1957-09-03 00:00:00 - 2020-04-24 12:00:00,96,spring,NA,NA,3.8,13.3,2007,Dry,2006-10-01T00:00:00Z,2007-10-01T00:00:00Z,-120.382,39.802
398020N1203815W001,818287,2006-10-18T00:00:00Z,4882.66,4880.96,0,14.2,4868.46,14.2,12.5,NA,Unknown,Water level accuracy is unknown,1,Department of Water Resources,NA,1,Department of Water Resources,NA,NA,22071,23N14E35L001M,23N14E35L001M,Unknown,Unknown,5-012.01,Sierra Valley,Plumas,18,Stockwatering,Single Well,NA,1957-09-03 00:00:00 - 2020-04-24 12:00:00,96,fall,8.2,20.1,NA,NA,2007,Dry,2006-10-01T00:00:00Z,2007-10-01T00:00:00Z,-120.382,39.802
398020N1203815W001,818286,2006-04-18T00:00:00Z,4882.66,4880.96,0,7.7,4874.96,7.7,6,NA,Unknown,Water level accuracy is unknown,1,Department of Water Resources,NA,1,Department of Water Resources,NA,NA,22071,23N14E35L001M,23N14E35L001M,Unknown,Unknown,5-012.01,Sierra Valley,Plumas,18,Stockwatering,Single Well,NA,1957-09-03 00:00:00 - 2020-04-24 12:00:00,96,spring,NA,NA,3.8,13.3,2006,Wet,2005-10-01T00:00:00Z,2006-10-01T00:00:00Z,-120.382,39.802
398020N1203815W001,818285,2005-10-27T00:00:00Z,4882.66,4880.96,0,15.4,4867.26,15.4,13.7,NA,Unknown,Water level accuracy is unknown,1,Department of Water Resources,NA,1,Department of Water Resources,NA,NA,22071,23N14E35L001M,23N14E35L001M,Unknown,Unknown,5-012.01,Sierra Valley,Plumas,18,Stockwatering,Single Well,NA,1957-09-03 00:00:00 - 2020-04-24 12:00:00,96,fall,8.2,20.1,NA,NA,2006,Wet,2005-10-01T00:00:00Z,2006-10-01T00:00:00Z,-120.382,39.802
398020N1203815W001,818283,2004-10-15T00:00:00Z,4882.66,4880.96,0,15.9,4866.76,15.9,14.2,NA,Unknown,Water level accuracy is unknown,1,Department of Water Resources,NA,1,Department of Water Resources,NA,NA,22071,23N14E35L001M,23N14E35L001M,Unknown,Unknown,5-012.01,Sierra Valley,Plumas,18,Stockwatering,Single Well,NA,1957-09-03 00:00:00 - 2020-04-24 12:00:00,96,fall,8.2,20.1,NA,NA,2005,NA,2004-10-01T00:00:00Z,2005-10-01T00:00:00Z,-120.382,39.802
398020N1203815W001,818282,2004-04-08T00:00:00Z,4882.66,4880.96,0,10.9,4871.76,10.9,9.2,NA,Unknown,Water level accuracy is unknown,1,Department of Water Resources,NA,1,Department of Water Resources,NA,NA,22071,23N14E35L001M,23N14E35L001M,Unknown,Unknown,5-012.01,Sierra Valley,Plumas,18,Stockwatering,Single Well,NA,1957-09-03 00:00:00 - 2020-04-24 12:00:00,96,spring,NA,NA,3.8,13.3,2004,NA,2003-10-01T00:00:00Z,2004-10-01T00:00:00Z,-120.382,39.802
398020N1203815W001,818281,2003-10-30T00:00:00Z,4882.66,4880.96,0,14.5,4868.16,14.5,12.8,NA,Unknown,Water level accuracy is unknown,1,Department of Water Resources,NA,1,Department of Water Resources,NA,NA,22071,23N14E35L001M,23N14E35L001M,Unknown,Unknown,5-012.01,Sierra Valley,Plumas,18,Stockwatering,Single Well,NA,1957-09-03 00:00:00 - 2020-04-24 12:00:00,96,fall,8.2,20.1,NA,NA,2004,NA,2003-10-01T00:00:00Z,2004-10-01T00:00:00Z,-120.382,39.802
398020N1203815W001,818280,2003-03-27T00:00:00Z,4882.66,4880.96,0,10.9,4871.76,10.9,9.2,NA,Unknown,Water level accuracy is unknown,1,Department of Water Resources,NA,1,Department of Water Resources,NA,NA,22071,23N14E35L001M,23N14E35L001M,Unknown,Unknown,5-012.01,Sierra Valley,Plumas,18,Stockwatering,Single Well,NA,1957-09-03 00:00:00 - 2020-04-24 12:00:00,96,spring,NA,NA,3.8,13.3,2003,NA,2002-10-01T00:00:00Z,2003-10-01T00:00:00Z,-120.382,39.802
398020N1203815W001,818278,2002-03-26T00:00:00Z,4882.66,4880.96,0,12.7,4869.96,12.7,11,NA,Unknown,Water level accuracy is unknown,1,Department of Water Resources,NA,1,Department of Water Resources,NA,NA,22071,23N14E35L001M,23N14E35L001M,Unknown,Unknown,5-012.01,Sierra Valley,Plumas,18,Stockwatering,Single Well,NA,1957-09-03 00:00:00 - 2020-04-24 12:00:00,96,spring,NA,NA,3.8,13.3,2002,NA,2001-10-01T00:00:00Z,2002-10-01T00:00:00Z,-120.382,39.802
398020N1203815W001,818277,2001-10-18T00:00:00Z,4882.66,4880.96,0,15.1,4867.56,15.1,13.4,Other,Unknown,Water level accuracy is unknown,1,Department of Water Resources,NEARBY WELL,1,Department of Water Resources,NA,NA,22071,23N14E35L001M,23N14E35L001M,Unknown,Unknown,5-012.01,Sierra Valley,Plumas,18,Stockwatering,Single Well,NA,1957-09-03 00:00:00 - 2020-04-24 12:00:00,96,fall,8.2,20.1,NA,NA,2002,NA,2001-10-01T00:00:00Z,2002-10-01T00:00:00Z,-120.382,39.802
398020N1203815W001,818276,2001-03-26T00:00:00Z,4882.66,4880.96,0,13.9,4868.76,13.9,12.2,NA,Unknown,Water level accuracy is unknown,1,Department of Water Resources,NA,1,Department of Water Resources,NA,NA,22071,23N14E35L001M,23N14E35L001M,Unknown,Unknown,5-012.01,Sierra Valley,Plumas,18,Stockwatering,Single Well,NA,1957-09-03 00:00:00 - 2020-04-24 12:00:00,96,spring,NA,NA,3.8,13.3,2001,Dry,2000-10-01T00:00:00Z,2001-10-01T00:00:00Z,-120.382,39.802
398020N1203815W001,818275,2000-10-19T00:00:00Z,4882.66,4880.96,0,13.9,4868.76,13.9,12.2,NA,Unknown,Water level accuracy is unknown,1,Department of Water Resources,NA,1,Department of Water Resources,NA,NA,22071,23N14E35L001M,23N14E35L001M,Unknown,Unknown,5-012.01,Sierra Valley,Plumas,18,Stockwatering,Single Well,NA,1957-09-03 00:00:00 - 2020-04-24 12:00:00,96,fall,8.2,20.1,NA,NA,2001,Dry,2000-10-01T00:00:00Z,2001-10-01T00:00:00Z,-120.382,39.802
398020N1203815W001,818274,2000-03-26T00:00:00Z,4882.66,4880.96,0,9,4873.66,9,7.3,NA,Unknown,Water level accuracy is unknown,1,Department of Water Resources,NA,1,Department of Water Resources,NA,NA,22071,23N14E35L001M,23N14E35L001M,Unknown,Unknown,5-012.01,Sierra Valley,Plumas,18,Stockwatering,Single Well,NA,1957-09-03 00:00:00 - 2020-04-24 12:00:00,96,spring,NA,NA,3.8,13.3,2000,NA,1999-10-01T00:00:00Z,2000-10-01T00:00:00Z,-120.382,39.802
398020N1203815W001,818272,1999-10-12T00:00:00Z,4882.66,4880.96,0,9.9,4872.76,9.9,8.2,NA,Unknown,Water level accuracy is unknown,1,Department of Water Resources,NA,1,Department of Water Resources,NA,NA,22071,23N14E35L001M,23N14E35L001M,Unknown,Unknown,5-012.01,Sierra Valley,Plumas,18,Stockwatering,Single Well,NA,1957-09-03 00:00:00 - 2020-04-24 12:00:00,96,fall,8.2,20.1,NA,NA,2000,NA,1999-10-01T00:00:00Z,2000-10-01T00:00:00Z,-120.382,39.802
398020N1203815W001,818273,1999-04-15T00:00:00Z,4882.66,4880.96,0,5.5,4877.16,5.5,3.8,NA,Unknown,Water level accuracy is unknown,1,Department of Water Resources,NA,1,Department of Water Resources,NA,NA,22071,23N14E35L001M,23N14E35L001M,Unknown,Unknown,5-012.01,Sierra Valley,Plumas,18,Stockwatering,Single Well,NA,1957-09-03 00:00:00 - 2020-04-24 12:00:00,96,spring,NA,NA,3.8,13.3,1999,NA,1998-10-01T00:00:00Z,1999-10-01T00:00:00Z,-120.382,39.802
398020N1203815W001,818270,1998-10-13T00:00:00Z,4882.66,4880.96,0,12.5,4870.16,12.5,10.8,NA,Unknown,Water level accuracy is unknown,1,Department of Water Resources,NA,1,Department of Water Resources,NA,NA,22071,23N14E35L001M,23N14E35L001M,Unknown,Unknown,5-012.01,Sierra Valley,Plumas,18,Stockwatering,Single Well,NA,1957-09-03 00:00:00 - 2020-04-24 12:00:00,96,fall,8.2,20.1,NA,NA,1999,NA,1998-10-01T00:00:00Z,1999-10-01T00:00:00Z,-120.382,39.802
398020N1203815W001,818271,1998-05-16T00:00:00Z,4882.66,4880.96,0,8.5,4874.16,8.5,6.8,NA,Unknown,Water level accuracy is unknown,1,Department of Water Resources,NA,1,Department of Water Resources,NA,NA,22071,23N14E35L001M,23N14E35L001M,Unknown,Unknown,5-012.01,Sierra Valley,Plumas,18,Stockwatering,Single Well,NA,1957-09-03 00:00:00 - 2020-04-24 12:00:00,96,spring,NA,NA,3.8,13.3,1998,NA,1997-10-01T00:00:00Z,1998-10-01T00:00:00Z,-120.382,39.802
398020N1203815W001,818269,1997-10-18T00:00:00Z,4882.66,4880.96,0,21.8,4860.86,21.8,20.1,NA,Unknown,Water level accuracy is unknown,1,Department of Water Resources,NA,1,Department of Water Resources,NA,NA,22071,23N14E35L001M,23N14E35L001M,Unknown,Unknown,5-012.01,Sierra Valley,Plumas,18,Stockwatering,Single Well,NA,1957-09-03 00:00:00 - 2020-04-24 12:00:00,96,fall,8.2,20.1,NA,NA,1998,NA,1997-10-01T00:00:00Z,1998-10-01T00:00:00Z,-120.382,39.802
398020N1203815W001,818267,1997-04-05T00:00:00Z,4882.66,4880.96,0,15,4867.66,15,13.3,Pumped recently,Unknown,Water level accuracy is unknown,1,Department of Water Resources,NA,1,Department of Water Resources,NA,NA,22071,23N14E35L001M,23N14E35L001M,Unknown,Unknown,5-012.01,Sierra Valley,Plumas,18,Stockwatering,Single Well,NA,1957-09-03 00:00:00 - 2020-04-24 12:00:00,96,spring,NA,NA,3.8,13.3,1997,NA,1996-10-01T00:00:00Z,1997-10-01T00:00:00Z,-120.382,39.802
398020N1203815W001,818268,1996-10-31T00:00:00Z,4882.66,4880.96,0,12.3,4870.36,12.3,10.6,NA,Unknown,Water level accuracy is unknown,1,Department of Water Resources,NA,1,Department of Water Resources,NA,NA,22071,23N14E35L001M,23N14E35L001M,Unknown,Unknown,5-012.01,Sierra Valley,Plumas,18,Stockwatering,Single Well,NA,1957-09-03 00:00:00 - 2020-04-24 12:00:00,96,fall,8.2,20.1,NA,NA,1997,NA,1996-10-01T00:00:00Z,1997-10-01T00:00:00Z,-120.382,39.802
398020N1203815W001,818266,1996-05-09T00:00:00Z,4882.66,4880.96,0,9.1,4873.56,9.1,7.4,NA,Unknown,Water level accuracy is unknown,1,Department of Water Resources,NA,1,Department of Water Resources,NA,NA,22071,23N14E35L001M,23N14E35L001M,Unknown,Unknown,5-012.01,Sierra Valley,Plumas,18,Stockwatering,Single Well,NA,1957-09-03 00:00:00 - 2020-04-24 12:00:00,96,spring,NA,NA,3.8,13.3,1996,NA,1995-10-01T00:00:00Z,1996-10-01T00:00:00Z,-120.382,39.802
398020N1203815W001,818265,1995-10-27T00:00:00Z,4882.66,4880.96,0,13.3,4869.36,13.3,11.6,NA,Unknown,Water level accuracy is unknown,1,Department of Water Resources,NA,1,Department of Water Resources,NA,NA,22071,23N14E35L001M,23N14E35L001M,Unknown,Unknown,5-012.01,Sierra Valley,Plumas,18,Stockwatering,Single Well,NA,1957-09-03 00:00:00 - 2020-04-24 12:00:00,96,fall,8.2,20.1,NA,NA,1996,NA,1995-10-01T00:00:00Z,1996-10-01T00:00:00Z,-120.382,39.802
398020N1203815W001,818264,1995-06-02T00:00:00Z,4882.66,4880.96,0,10,4872.66,10,8.3,NA,Unknown,Water level accuracy is unknown,1,Department of Water Resources,NA,1,Department of Water Resources,NA,NA,22071,23N14E35L001M,23N14E35L001M,Unknown,Unknown,5-012.01,Sierra Valley,Plumas,18,Stockwatering,Single Well,NA,1957-09-03 00:00:00 - 2020-04-24 12:00:00,96,other,NA,NA,NA,NA,1995,Wet,1994-10-01T00:00:00Z,1995-10-01T00:00:00Z,-120.382,39.802
398020N1203815W001,818263,1994-10-29T00:00:00Z,4882.66,4880.96,0,15.6,4867.06,15.6,13.9,NA,Unknown,Water level accuracy is unknown,1,Department of Water Resources,NA,1,Department of Water Resources,NA,NA,22071,23N14E35L001M,23N14E35L001M,Unknown,Unknown,5-012.01,Sierra Valley,Plumas,18,Stockwatering,Single Well,NA,1957-09-03 00:00:00 - 2020-04-24 12:00:00,96,fall,8.2,20.1,NA,NA,1995,Wet,1994-10-01T00:00:00Z,1995-10-01T00:00:00Z,-120.382,39.802
398020N1203815W001,818262,1994-04-01T00:00:00Z,4882.66,4880.96,0,11.9,4870.76,11.9,10.2,NA,Unknown,Water level accuracy is unknown,1,Department of Water Resources,NA,1,Department of Water Resources,NA,NA,22071,23N14E35L001M,23N14E35L001M,Unknown,Unknown,5-012.01,Sierra Valley,Plumas,18,Stockwatering,Single Well,NA,1957-09-03 00:00:00 - 2020-04-24 12:00:00,96,spring,NA,NA,3.8,13.3,1994,Dry,1993-10-01T00:00:00Z,1994-10-01T00:00:00Z,-120.382,39.802
398020N1203815W001,818261,1993-10-22T00:00:00Z,4882.66,4880.96,0,14.9,4867.76,14.9,13.2,NA,Unknown,Water level accuracy is unknown,1,Department of Water Resources,NA,1,Department of Water Resources,NA,NA,22071,23N14E35L001M,23N14E35L001M,Unknown,Unknown,5-012.01,Sierra Valley,Plumas,18,Stockwatering,Single Well,NA,1957-09-03 00:00:00 - 2020-04-24 12:00:00,96,fall,8.2,20.1,NA,NA,1994,Dry,1993-10-01T00:00:00Z,1994-10-01T00:00:00Z,-120.382,39.802
398020N1203815W001,818260,1993-04-19T00:00:00Z,4882.66,4880.96,0,9.4,4873.26,9.4,7.7,NA,Unknown,Water level accuracy is unknown,1,Department of Water Resources,NA,1,Department of Water Resources,NA,NA,22071,23N14E35L001M,23N14E35L001M,Unknown,Unknown,5-012.01,Sierra Valley,Plumas,18,Stockwatering,Single Well,NA,1957-09-03 00:00:00 - 2020-04-24 12:00:00,96,spring,NA,NA,3.8,13.3,1993,NA,1992-10-01T00:00:00Z,1993-10-01T00:00:00Z,-120.382,39.802
398020N1203815W001,818258,1992-03-23T00:00:00Z,4882.66,4880.96,0,14,4868.66,14,12.3,NA,Unknown,Water level accuracy is unknown,1,Department of Water Resources,NA,1,Department of Water Resources,NA,NA,22071,23N14E35L001M,23N14E35L001M,Unknown,Unknown,5-012.01,Sierra Valley,Plumas,18,Stockwatering,Single Well,NA,1957-09-03 00:00:00 - 2020-04-24 12:00:00,96,spring,NA,NA,3.8,13.3,1992,NA,1991-10-01T00:00:00Z,1992-10-01T00:00:00Z,-120.382,39.802
398020N1203815W001,818257,1991-10-21T00:00:00Z,4882.66,4880.96,0,16.5,4866.16,16.5,14.8,NA,Unknown,Water level accuracy is unknown,1,Department of Water Resources,NA,1,Department of Water Resources,NA,NA,22071,23N14E35L001M,23N14E35L001M,Unknown,Unknown,5-012.01,Sierra Valley,Plumas,18,Stockwatering,Single Well,NA,1957-09-03 00:00:00 - 2020-04-24 12:00:00,96,fall,8.2,20.1,NA,NA,1992,NA,1991-10-01T00:00:00Z,1992-10-01T00:00:00Z,-120.382,39.802
398020N1203815W001,818256,1991-02-27T00:00:00Z,4882.66,4880.96,0,14.3,4868.36,14.3,12.6,NA,Unknown,Water level accuracy is unknown,1,Department of Water Resources,NA,1,Department of Water Resources,NA,NA,22071,23N14E35L001M,23N14E35L001M,Unknown,Unknown,5-012.01,Sierra Valley,Plumas,18,Stockwatering,Single Well,NA,1957-09-03 00:00:00 - 2020-04-24 12:00:00,96,other,NA,NA,NA,NA,1991,NA,1990-10-01T00:00:00Z,1991-10-01T00:00:00Z,-120.382,39.802
398020N1203815W001,818255,1990-10-22T00:00:00Z,4882.66,4880.96,0,15.1,4867.56,15.1,13.4,NA,Unknown,Water level accuracy is unknown,1,Department of Water Resources,NA,1,Department of Water Resources,NA,NA,22071,23N14E35L001M,23N14E35L001M,Unknown,Unknown,5-012.01,Sierra Valley,Plumas,18,Stockwatering,Single Well,NA,1957-09-03 00:00:00 - 2020-04-24 12:00:00,96,fall,8.2,20.1,NA,NA,1991,NA,1990-10-01T00:00:00Z,1991-10-01T00:00:00Z,-120.382,39.802
398020N1203815W001,818254,1990-04-09T00:00:00Z,4882.66,4880.96,0,10.8,4871.86,10.8,9.1,NA,Unknown,Water level accuracy is unknown,1,Department of Water Resources,NA,1,Department of Water Resources,NA,NA,22071,23N14E35L001M,23N14E35L001M,Unknown,Unknown,5-012.01,Sierra Valley,Plumas,18,Stockwatering,Single Well,NA,1957-09-03 00:00:00 - 2020-04-24 12:00:00,96,spring,NA,NA,3.8,13.3,1990,NA,1989-10-01T00:00:00Z,1990-10-01T00:00:00Z,-120.382,39.802
398020N1203815W001,818253,1989-09-27T00:00:00Z,4882.66,4880.96,0,15,4867.66,15,13.3,NA,Unknown,Water level accuracy is unknown,1,Department of Water Resources,NA,1,Department of Water Resources,NA,NA,22071,23N14E35L001M,23N14E35L001M,Unknown,Unknown,5-012.01,Sierra Valley,Plumas,18,Stockwatering,Single Well,NA,1957-09-03 00:00:00 - 2020-04-24 12:00:00,96,fall,8.2,20.1,NA,NA,1989,NA,1988-10-01T00:00:00Z,1989-10-01T00:00:00Z,-120.382,39.802
398020N1203815W001,818252,1989-04-04T00:00:00Z,4882.66,4880.96,0,10.6,4872.06,10.6,8.9,Pumping,Unknown,Water level accuracy is unknown,1,Department of Water Resources,NA,1,Department of Water Resources,NA,NA,22071,23N14E35L001M,23N14E35L001M,Unknown,Unknown,5-012.01,Sierra Valley,Plumas,18,Stockwatering,Single Well,NA,1957-09-03 00:00:00 - 2020-04-24 12:00:00,96,spring,NA,NA,3.8,13.3,1989,NA,1988-10-01T00:00:00Z,1989-10-01T00:00:00Z,-120.382,39.802
398020N1203815W001,818251,1988-10-26T00:00:00Z,4882.66,4880.96,0,16.2,4866.46,16.2,14.5,NA,Unknown,Water level accuracy is unknown,1,Department of Water Resources,NA,1,Department of Water Resources,NA,NA,22071,23N14E35L001M,23N14E35L001M,Unknown,Unknown,5-012.01,Sierra Valley,Plumas,18,Stockwatering,Single Well,NA,1957-09-03 00:00:00 - 2020-04-24 12:00:00,96,fall,8.2,20.1,NA,NA,1989,NA,1988-10-01T00:00:00Z,1989-10-01T00:00:00Z,-120.382,39.802
398020N1203815W001,818250,1988-03-23T00:00:00Z,4882.66,4880.96,0,13.4,4869.26,13.4,11.7,NA,Unknown,Water level accuracy is unknown,1,Department of Water Resources,NA,1,Department of Water Resources,NA,NA,22071,23N14E35L001M,23N14E35L001M,Unknown,Unknown,5-012.01,Sierra Valley,Plumas,18,Stockwatering,Single Well,NA,1957-09-03 00:00:00 - 2020-04-24 12:00:00,96,spring,NA,NA,3.8,13.3,1988,NA,1987-10-01T00:00:00Z,1988-10-01T00:00:00Z,-120.382,39.802
398020N1203815W001,818249,1987-10-21T00:00:00Z,4882.66,4880.96,0,16,4866.66,16,14.3,NA,Unknown,Water level accuracy is unknown,1,Department of Water Resources,NA,1,Department of Water Resources,NA,NA,22071,23N14E35L001M,23N14E35L001M,Unknown,Unknown,5-012.01,Sierra Valley,Plumas,18,Stockwatering,Single Well,NA,1957-09-03 00:00:00 - 2020-04-24 12:00:00,96,fall,8.2,20.1,NA,NA,1988,NA,1987-10-01T00:00:00Z,1988-10-01T00:00:00Z,-120.382,39.802
398020N1203815W001,818248,1987-04-08T00:00:00Z,4882.66,4880.96,0,10.3,4872.36,10.3,8.6,NA,Unknown,Water level accuracy is unknown,1,Department of Water Resources,NA,1,Department of Water Resources,NA,NA,22071,23N14E35L001M,23N14E35L001M,Unknown,Unknown,5-012.01,Sierra Valley,Plumas,18,Stockwatering,Single Well,NA,1957-09-03 00:00:00 - 2020-04-24 12:00:00,96,spring,NA,NA,3.8,13.3,1987,Dry,1986-10-01T00:00:00Z,1987-10-01T00:00:00Z,-120.382,39.802
398020N1203815W001,818247,1986-10-21T00:00:00Z,4882.66,4880.96,0,13.4,4869.26,13.4,11.7,NA,Unknown,Water level accuracy is unknown,1,Department of Water Resources,NA,1,Department of Water Resources,NA,NA,22071,23N14E35L001M,23N14E35L001M,Unknown,Unknown,5-012.01,Sierra Valley,Plumas,18,Stockwatering,Single Well,NA,1957-09-03 00:00:00 - 2020-04-24 12:00:00,96,fall,8.2,20.1,NA,NA,1987,Dry,1986-10-01T00:00:00Z,1987-10-01T00:00:00Z,-120.382,39.802
398020N1203815W001,818246,1986-04-02T00:00:00Z,4882.66,4880.96,0,7.1,4875.56,7.1,5.4,NA,Unknown,Water level accuracy is unknown,1,Department of Water Resources,NA,1,Department of Water Resources,NA,NA,22071,23N14E35L001M,23N14E35L001M,Unknown,Unknown,5-012.01,Sierra Valley,Plumas,18,Stockwatering,Single Well,NA,1957-09-03 00:00:00 - 2020-04-24 12:00:00,96,spring,NA,NA,3.8,13.3,1986,Wet,1985-10-01T00:00:00Z,1986-10-01T00:00:00Z,-120.382,39.802
398020N1203815W001,818245,1985-10-05T00:00:00Z,4882.66,4880.96,0,13.8,4868.86,13.8,12.1,NA,Unknown,Water level accuracy is unknown,1,Department of Water Resources,NA,1,Department of Water Resources,NA,NA,22071,23N14E35L001M,23N14E35L001M,Unknown,Unknown,5-012.01,Sierra Valley,Plumas,18,Stockwatering,Single Well,NA,1957-09-03 00:00:00 - 2020-04-24 12:00:00,96,fall,8.2,20.1,NA,NA,1986,Wet,1985-10-01T00:00:00Z,1986-10-01T00:00:00Z,-120.382,39.802
398020N1203815W001,818244,1985-03-25T00:00:00Z,4882.66,4880.96,0,8.6,4874.06,8.6,6.9,NA,Unknown,Water level accuracy is unknown,1,Department of Water Resources,NA,1,Department of Water Resources,NA,NA,22071,23N14E35L001M,23N14E35L001M,Unknown,Unknown,5-012.01,Sierra Valley,Plumas,18,Stockwatering,Single Well,NA,1957-09-03 00:00:00 - 2020-04-24 12:00:00,96,spring,NA,NA,3.8,13.3,1985,Dry,1984-10-01T00:00:00Z,1985-10-01T00:00:00Z,-120.382,39.802
398020N1203815W001,818243,1984-10-03T00:00:00Z,4882.66,4880.96,0,12.7,4869.96,12.7,11,NA,Unknown,Water level accuracy is unknown,1,Department of Water Resources,NA,1,Department of Water Resources,NA,NA,22071,23N14E35L001M,23N14E35L001M,Unknown,Unknown,5-012.01,Sierra Valley,Plumas,18,Stockwatering,Single Well,NA,1957-09-03 00:00:00 - 2020-04-24 12:00:00,96,fall,8.2,20.1,NA,NA,1985,Dry,1984-10-01T00:00:00Z,1985-10-01T00:00:00Z,-120.382,39.802
398020N1203815W001,818242,1984-03-14T00:00:00Z,4882.66,4880.96,0,7.9,4874.76,7.9,6.2,NA,Unknown,Water level accuracy is unknown,1,Department of Water Resources,NA,1,Department of Water Resources,NA,NA,22071,23N14E35L001M,23N14E35L001M,Unknown,Unknown,5-012.01,Sierra Valley,Plumas,18,Stockwatering,Single Well,NA,1957-09-03 00:00:00 - 2020-04-24 12:00:00,96,spring,NA,NA,3.8,13.3,1984,NA,1983-10-01T00:00:00Z,1984-10-01T00:00:00Z,-120.382,39.802
398020N1203815W001,818241,1983-09-26T00:00:00Z,4882.66,4880.96,0,12,4870.66,12,10.3,NA,Unknown,Water level accuracy is unknown,1,Department of Water Resources,NA,1,Department of Water Resources,NA,NA,22071,23N14E35L001M,23N14E35L001M,Unknown,Unknown,5-012.01,Sierra Valley,Plumas,18,Stockwatering,Single Well,NA,1957-09-03 00:00:00 - 2020-04-24 12:00:00,96,fall,8.2,20.1,NA,NA,1983,NA,1982-10-01T00:00:00Z,1983-10-01T00:00:00Z,-120.382,39.802
398020N1203815W001,818240,1983-04-11T00:00:00Z,4882.66,4880.96,0,7.6,4875.06,7.6,5.9,NA,Unknown,Water level accuracy is unknown,1,Department of Water Resources,NA,1,Department of Water Resources,NA,NA,22071,23N14E35L001M,23N14E35L001M,Unknown,Unknown,5-012.01,Sierra Valley,Plumas,18,Stockwatering,Single Well,NA,1957-09-03 00:00:00 - 2020-04-24 12:00:00,96,spring,NA,NA,3.8,13.3,1983,NA,1982-10-01T00:00:00Z,1983-10-01T00:00:00Z,-120.382,39.802
398020N1203815W001,818239,1982-10-04T00:00:00Z,4882.66,4880.96,0,12.8,4869.86,12.8,11.1,NA,Unknown,Water level accuracy is unknown,1,Department of Water Resources,NA,1,Department of Water Resources,NA,NA,22071,23N14E35L001M,23N14E35L001M,Unknown,Unknown,5-012.01,Sierra Valley,Plumas,18,Stockwatering,Single Well,NA,1957-09-03 00:00:00 - 2020-04-24 12:00:00,96,fall,8.2,20.1,NA,NA,1983,NA,1982-10-01T00:00:00Z,1983-10-01T00:00:00Z,-120.382,39.802
398020N1203815W001,818238,1982-04-26T00:00:00Z,4882.66,4880.96,0,8,4874.66,8,6.3,NA,Unknown,Water level accuracy is unknown,1,Department of Water Resources,NA,1,Department of Water Resources,NA,NA,22071,23N14E35L001M,23N14E35L001M,Unknown,Unknown,5-012.01,Sierra Valley,Plumas,18,Stockwatering,Single Well,NA,1957-09-03 00:00:00 - 2020-04-24 12:00:00,96,spring,NA,NA,3.8,13.3,1982,Wet,1981-10-01T00:00:00Z,1982-10-01T00:00:00Z,-120.382,39.802
398020N1203815W001,818237,1981-10-06T00:00:00Z,4882.66,4880.96,0,14.9,4867.76,14.9,13.2,NA,Unknown,Water level accuracy is unknown,1,Department of Water Resources,NA,1,Department of Water Resources,NA,NA,22071,23N14E35L001M,23N14E35L001M,Unknown,Unknown,5-012.01,Sierra Valley,Plumas,18,Stockwatering,Single Well,NA,1957-09-03 00:00:00 - 2020-04-24 12:00:00,96,fall,8.2,20.1,NA,NA,1982,Wet,1981-10-01T00:00:00Z,1982-10-01T00:00:00Z,-120.382,39.802
398020N1203815W001,818236,1981-09-15T00:00:00Z,4882.66,4880.96,0,14.8,4867.86,14.8,13.1,NA,Unknown,Water level accuracy is unknown,1,Department of Water Resources,NA,1,Department of Water Resources,NA,NA,22071,23N14E35L001M,23N14E35L001M,Unknown,Unknown,5-012.01,Sierra Valley,Plumas,18,Stockwatering,Single Well,NA,1957-09-03 00:00:00 - 2020-04-24 12:00:00,96,fall,8.2,20.1,NA,NA,1981,Dry,1980-10-01T00:00:00Z,1981-10-01T00:00:00Z,-120.382,39.802
398020N1203815W001,818235,1981-08-26T00:00:00Z,4882.66,4880.96,0,14.5,4868.16,14.5,12.8,NA,Unknown,Water level accuracy is unknown,1,Department of Water Resources,NA,1,Department of Water Resources,NA,NA,22071,23N14E35L001M,23N14E35L001M,Unknown,Unknown,5-012.01,Sierra Valley,Plumas,18,Stockwatering,Single Well,NA,1957-09-03 00:00:00 - 2020-04-24 12:00:00,96,fall,8.2,20.1,NA,NA,1981,Dry,1980-10-01T00:00:00Z,1981-10-01T00:00:00Z,-120.382,39.802
398020N1203815W001,818234,1981-08-11T00:00:00Z,4882.66,4880.96,0,14.1,4868.56,14.1,12.4,NA,Unknown,Water level accuracy is unknown,1,Department of Water Resources,NA,1,Department of Water Resources,NA,NA,22071,23N14E35L001M,23N14E35L001M,Unknown,Unknown,5-012.01,Sierra Valley,Plumas,18,Stockwatering,Single Well,NA,1957-09-03 00:00:00 - 2020-04-24 12:00:00,96,fall,8.2,20.1,NA,NA,1981,Dry,1980-10-01T00:00:00Z,1981-10-01T00:00:00Z,-120.382,39.802
398020N1203815W001,818233,1981-04-23T00:00:00Z,4882.66,4880.96,0,11.7,4870.96,11.7,10,NA,Unknown,Water level accuracy is unknown,1,Department of Water Resources,NA,1,Department of Water Resources,NA,NA,22071,23N14E35L001M,23N14E35L001M,Unknown,Unknown,5-012.01,Sierra Valley,Plumas,18,Stockwatering,Single Well,NA,1957-09-03 00:00:00 - 2020-04-24 12:00:00,96,spring,NA,NA,3.8,13.3,1981,Dry,1980-10-01T00:00:00Z,1981-10-01T00:00:00Z,-120.382,39.802
398020N1203815W001,818232,1980-10-24T00:00:00Z,4882.66,4880.96,0,13.8,4868.86,13.8,12.1,NA,Unknown,Water level accuracy is unknown,1,Department of Water Resources,NA,1,Department of Water Resources,NA,NA,22071,23N14E35L001M,23N14E35L001M,Unknown,Unknown,5-012.01,Sierra Valley,Plumas,18,Stockwatering,Single Well,NA,1957-09-03 00:00:00 - 2020-04-24 12:00:00,96,fall,8.2,20.1,NA,NA,1981,Dry,1980-10-01T00:00:00Z,1981-10-01T00:00:00Z,-120.382,39.802
398020N1203815W001,818231,1965-04-14T00:00:00Z,4882.66,4880.96,0,8.6,4874.06,8.6,6.9,NA,Unknown,Water level accuracy is unknown,1,Department of Water Resources,NA,1,Department of Water Resources,NA,NA,22071,23N14E35L001M,23N14E35L001M,Unknown,Unknown,5-012.01,Sierra Valley,Plumas,18,Stockwatering,Single Well,NA,1957-09-03 00:00:00 - 2020-04-24 12:00:00,96,spring,NA,NA,3.8,13.3,1965,Wet,1964-10-01T00:00:00Z,1965-10-01T00:00:00Z,-120.382,39.802
398020N1203815W001,818230,1964-10-14T00:00:00Z,4882.66,4880.96,0,13.3,4869.36,13.3,11.6,NA,Unknown,Water level accuracy is unknown,1,Department of Water Resources,NA,1,Department of Water Resources,NA,NA,22071,23N14E35L001M,23N14E35L001M,Unknown,Unknown,5-012.01,Sierra Valley,Plumas,18,Stockwatering,Single Well,NA,1957-09-03 00:00:00 - 2020-04-24 12:00:00,96,fall,8.2,20.1,NA,NA,1965,Wet,1964-10-01T00:00:00Z,1965-10-01T00:00:00Z,-120.382,39.802
398020N1203815W001,818229,1963-10-08T00:00:00Z,4882.66,4880.96,0,12.8,4869.86,12.8,11.1,NA,Unknown,Water level accuracy is unknown,1,Department of Water Resources,NA,1,Department of Water Resources,NA,NA,22071,23N14E35L001M,23N14E35L001M,Unknown,Unknown,5-012.01,Sierra Valley,Plumas,18,Stockwatering,Single Well,NA,1957-09-03 00:00:00 - 2020-04-24 12:00:00,96,fall,8.2,20.1,NA,NA,1964,Dry,1963-10-01T00:00:00Z,1964-10-01T00:00:00Z,-120.382,39.802
398020N1203815W001,818228,1962-10-22T00:00:00Z,4882.66,4880.96,0,11.3,4871.36,11.3,9.6,NA,Unknown,Water level accuracy is unknown,1,Department of Water Resources,NA,1,Department of Water Resources,NA,NA,22071,23N14E35L001M,23N14E35L001M,Unknown,Unknown,5-012.01,Sierra Valley,Plumas,18,Stockwatering,Single Well,NA,1957-09-03 00:00:00 - 2020-04-24 12:00:00,96,fall,8.2,20.1,NA,NA,1963,Wet,1962-10-01T00:00:00Z,1963-10-01T00:00:00Z,-120.382,39.802
398020N1203815W001,818227,1960-09-23T00:00:00Z,4882.66,4880.96,0,14.3,4868.36,14.3,12.6,NA,Unknown,Water level accuracy is unknown,1,Department of Water Resources,NA,1,Department of Water Resources,NA,NA,22071,23N14E35L001M,23N14E35L001M,Unknown,Unknown,5-012.01,Sierra Valley,Plumas,18,Stockwatering,Single Well,NA,1957-09-03 00:00:00 - 2020-04-24 12:00:00,96,fall,8.2,20.1,NA,NA,1960,Dry,1959-10-01T00:00:00Z,1960-10-01T00:00:00Z,-120.382,39.802
398020N1203815W001,818226,1960-04-12T00:00:00Z,4882.66,4880.96,0,10.7,4871.96,10.7,9,NA,Unknown,Water level accuracy is unknown,1,Department of Water Resources,NA,1,Department of Water Resources,NA,NA,22071,23N14E35L001M,23N14E35L001M,Unknown,Unknown,5-012.01,Sierra Valley,Plumas,18,Stockwatering,Single Well,NA,1957-09-03 00:00:00 - 2020-04-24 12:00:00,96,spring,NA,NA,3.8,13.3,1960,Dry,1959-10-01T00:00:00Z,1960-10-01T00:00:00Z,-120.382,39.802
398020N1203815W001,818225,1959-09-21T00:00:00Z,4882.66,4880.96,0,14,4868.66,14,12.3,NA,Unknown,Water level accuracy is unknown,1,Department of Water Resources,NA,1,Department of Water Resources,NA,NA,22071,23N14E35L001M,23N14E35L001M,Unknown,Unknown,5-012.01,Sierra Valley,Plumas,18,Stockwatering,Single Well,NA,1957-09-03 00:00:00 - 2020-04-24 12:00:00,96,fall,8.2,20.1,NA,NA,1959,NA,1958-10-01T00:00:00Z,1959-10-01T00:00:00Z,-120.382,39.802
398020N1203815W001,818224,1959-04-22T00:00:00Z,4882.66,4880.96,0,10.6,4872.06,10.6,8.9,NA,Unknown,Water level accuracy is unknown,1,Department of Water Resources,NA,1,Department of Water Resources,NA,NA,22071,23N14E35L001M,23N14E35L001M,Unknown,Unknown,5-012.01,Sierra Valley,Plumas,18,Stockwatering,Single Well,NA,1957-09-03 00:00:00 - 2020-04-24 12:00:00,96,spring,NA,NA,3.8,13.3,1959,NA,1958-10-01T00:00:00Z,1959-10-01T00:00:00Z,-120.382,39.802
398020N1203815W001,818223,1958-10-02T00:00:00Z,4882.66,4880.96,0,10.9,4871.76,10.9,9.2,NA,Unknown,Water level accuracy is unknown,1,Department of Water Resources,NA,1,Department of Water Resources,NA,NA,22071,23N14E35L001M,23N14E35L001M,Unknown,Unknown,5-012.01,Sierra Valley,Plumas,18,Stockwatering,Single Well,NA,1957-09-03 00:00:00 - 2020-04-24 12:00:00,96,fall,8.2,20.1,NA,NA,1959,NA,1958-10-01T00:00:00Z,1959-10-01T00:00:00Z,-120.382,39.802
398020N1203815W001,818222,1958-05-31T00:00:00Z,4882.66,4880.96,0,9.5,4873.16,9.5,7.8,NA,Unknown,Water level accuracy is unknown,1,Department of Water Resources,NA,1,Department of Water Resources,NA,NA,22071,23N14E35L001M,23N14E35L001M,Unknown,Unknown,5-012.01,Sierra Valley,Plumas,18,Stockwatering,Single Well,NA,1957-09-03 00:00:00 - 2020-04-24 12:00:00,96,spring,NA,NA,3.8,13.3,1958,Wet,1957-10-01T00:00:00Z,1958-10-01T00:00:00Z,-120.382,39.802
398020N1203815W001,818221,1957-09-03T00:00:00Z,4882.66,4880.96,0,13.4,4869.26,13.4,11.7,NA,Unknown,Water level accuracy is unknown,1,Department of Water Resources,NA,1,Department of Water Resources,NA,NA,22071,23N14E35L001M,23N14E35L001M,Unknown,Unknown,5-012.01,Sierra Valley,Plumas,18,Stockwatering,Single Well,NA,1957-09-03 00:00:00 - 2020-04-24 12:00:00,96,fall,8.2,20.1,NA,NA,1957,NA,1956-10-01T00:00:00Z,1957-10-01T00:00:00Z,-120.382,39.802
