SITE_CODE,WLM_ID,MSMT_DATE,WLM_RPE,WLM_GSE,RDNG_WS,RDNG_RP,WSE,RPE_WSE,GSE_WSE,WLM_QA_DESC,WLM_DESC,WLM_ACC_DESC,WLM_ORG_ID,WLM_ORG_NAME,MSMT_CMT,COOP_AGENCY_ORG_ID,COOP_ORG_NAME,TOP_PRF,BOT_PRF,STN_ID,SWN,WELL_NAME,WLM_METHOD,WLM_ACC,BASIN_CODE,BASIN_NAME,COUNTY_NAME,WELL_DEPTH,WELL_USE,WELL_TYPE,WCR_NO,t_range,n_samples,season,fall_high,fall_low,spring_high,spring_low,water_year,water_year_type,water_year_start,water_year_end,X,Y
398094N1202932W001,2620123,2020-04-24T12:00:00Z,4893.23,4891.83,23,40,4876.23,17,15.6,NA,Steel tape measurement,Water level accuracy to nearest tenth of a foot,1,Department of Water Resources,NA,1,Department of Water Resources,NA,NA,22080,23N15E34D001M,23N15E34D001M,Unknown,Unknown,5-012.01,Sierra Valley,Plumas,137,Stockwatering,Single Well,NA,1958-10-02 00:00:00 - 2020-04-24 12:00:00,116,spring,NA,NA,-14.2,25.07,2020,Dry,2019-10-01T00:00:00Z,2020-10-01T00:00:00Z,-120.293,39.8094
398094N1202932W001,2493727,2019-10-24T12:00:00Z,4893.23,4891.83,14.7,36,4871.93,21.3,19.9,NA,Steel tape measurement,Water level accuracy to nearest tenth of a foot,1,Department of Water Resources,NA,1,Department of Water Resources,NA,NA,22080,23N15E34D001M,23N15E34D001M,Unknown,Unknown,5-012.01,Sierra Valley,Plumas,137,Stockwatering,Single Well,NA,1958-10-02 00:00:00 - 2020-04-24 12:00:00,116,fall,-13.4,29.12,NA,NA,2020,Dry,2019-10-01T00:00:00Z,2020-10-01T00:00:00Z,-120.293,39.8094
398094N1202932W001,2454964,2019-04-09T12:00:00Z,4896.53,4891.83,8.9,28,4877.43,19.1,14.4,NA,Steel tape measurement,Water level accuracy to nearest tenth of a foot,1,Department of Water Resources,NA,1,Department of Water Resources,NA,NA,22080,23N15E34D001M,23N15E34D001M,Unknown,Unknown,5-012.01,Sierra Valley,Plumas,137,Stockwatering,Single Well,NA,1958-10-02 00:00:00 - 2020-04-24 12:00:00,116,spring,NA,NA,-14.2,25.07,2019,Wet,2018-10-01T00:00:00Z,2019-10-01T00:00:00Z,-120.293,39.8094
398094N1202932W001,2415032,2018-10-25T12:00:00Z,4896.53,4891.83,0,25.1,4871.43,25.1,20.4,NA,Electric sounder measurement,Water level accuracy to nearest hundredth of a foot,1,Department of Water Resources,NA,1,Department of Water Resources,NA,NA,22080,23N15E34D001M,23N15E34D001M,Unknown,Unknown,5-012.01,Sierra Valley,Plumas,137,Stockwatering,Single Well,NA,1958-10-02 00:00:00 - 2020-04-24 12:00:00,116,fall,-13.4,29.12,NA,NA,2019,Wet,2018-10-01T00:00:00Z,2019-10-01T00:00:00Z,-120.293,39.8094
398094N1202932W001,2285971,2018-04-03T12:00:00Z,4896.53,4891.83,0,21.9,4874.63,21.9,17.2,NA,Electric sounder measurement,Water level accuracy to nearest hundredth of a foot,1,Department of Water Resources,NA,1,Department of Water Resources,NA,NA,22080,23N15E34D001M,23N15E34D001M,Unknown,Unknown,5-012.01,Sierra Valley,Plumas,137,Stockwatering,Single Well,NA,1958-10-02 00:00:00 - 2020-04-24 12:00:00,116,spring,NA,NA,-14.2,25.07,2018,NA,2017-10-01T00:00:00Z,2018-10-01T00:00:00Z,-120.293,39.8094
398094N1202932W001,2268012,2017-10-17T00:00:00Z,4896.53,4891.83,0,28,4868.53,28,23.3,NA,Electric sounder measurement,Water level accuracy to nearest hundredth of a foot,1,Department of Water Resources,NA,1,Department of Water Resources,NA,NA,22080,23N15E34D001M,23N15E34D001M,Unknown,Unknown,5-012.01,Sierra Valley,Plumas,137,Stockwatering,Single Well,NA,1958-10-02 00:00:00 - 2020-04-24 12:00:00,116,fall,-13.4,29.12,NA,NA,2018,NA,2017-10-01T00:00:00Z,2018-10-01T00:00:00Z,-120.293,39.8094
398094N1202932W001,2244300,2017-04-04T00:00:00Z,4896.53,4891.83,0,25.7,4870.83,25.7,21,NA,Electric sounder measurement,Water level accuracy to nearest hundredth of a foot,1,Department of Water Resources,NA,1,Department of Water Resources,NA,NA,22080,23N15E34D001M,23N15E34D001M,Unknown,Unknown,5-012.01,Sierra Valley,Plumas,137,Stockwatering,Single Well,NA,1958-10-02 00:00:00 - 2020-04-24 12:00:00,116,spring,NA,NA,-14.2,25.07,2017,Wet,2016-10-01T00:00:00Z,2017-10-01T00:00:00Z,-120.293,39.8094
398094N1202932W001,2214130,2016-10-24T00:00:00Z,4896.53,4891.83,0,33.82,4862.71,33.82,29.12,NA,Electric sounder measurement,Water level accuracy to nearest hundredth of a foot,1,Department of Water Resources,NA,1,Department of Water Resources,NA,NA,22080,23N15E34D001M,23N15E34D001M,Unknown,Unknown,5-012.01,Sierra Valley,Plumas,137,Stockwatering,Single Well,NA,1958-10-02 00:00:00 - 2020-04-24 12:00:00,116,fall,-13.4,29.12,NA,NA,2017,Wet,2016-10-01T00:00:00Z,2017-10-01T00:00:00Z,-120.293,39.8094
398094N1202932W001,2184596,2016-03-21T00:00:00Z,4896.53,4891.83,0,29.77,4866.76,29.77,25.07,NA,Electric sounder measurement,Water level accuracy to nearest hundredth of a foot,1,Department of Water Resources,NA,1,Department of Water Resources,NA,NA,22080,23N15E34D001M,23N15E34D001M,Unknown,Unknown,5-012.01,Sierra Valley,Plumas,137,Stockwatering,Single Well,NA,1958-10-02 00:00:00 - 2020-04-24 12:00:00,116,spring,NA,NA,-14.2,25.07,2016,NA,2015-10-01T00:00:00Z,2016-10-01T00:00:00Z,-120.293,39.8094
398094N1202932W001,2119783,2015-03-23T00:00:00Z,4896.53,4891.83,0,28.93,4867.6,28.93,24.23,NA,Electric sounder measurement,Water level accuracy to nearest hundredth of a foot,1,Department of Water Resources,NA,1,Department of Water Resources,NA,NA,22080,23N15E34D001M,23N15E34D001M,Unknown,Unknown,5-012.01,Sierra Valley,Plumas,137,Stockwatering,Single Well,NA,1958-10-02 00:00:00 - 2020-04-24 12:00:00,116,spring,NA,NA,-14.2,25.07,2015,NA,2014-10-01T00:00:00Z,2015-10-01T00:00:00Z,-120.293,39.8094
398094N1202932W001,2020298,2014-10-20T21:00:00Z,4896.53,4891.83,0,33.38,4863.15,33.38,28.68,NA,Electric sounder measurement,Water level accuracy to nearest hundredth of a foot,1,Department of Water Resources,NA,1,Department of Water Resources,NA,NA,22080,23N15E34D001M,23N15E34D001M,Unknown,Unknown,5-012.01,Sierra Valley,Plumas,137,Stockwatering,Single Well,NA,1958-10-02 00:00:00 - 2020-04-24 12:00:00,116,fall,-13.4,29.12,NA,NA,2015,NA,2014-10-01T00:00:00Z,2015-10-01T00:00:00Z,-120.293,39.8094
398094N1202932W001,1880781,2014-03-14T00:00:00Z,4896.53,4891.83,0,25.73,4870.8,25.73,21.03,NA,Electric sounder measurement,Water level accuracy to nearest hundredth of a foot,1,Department of Water Resources,NA,1,Department of Water Resources,NA,NA,22080,23N15E34D001M,23N15E34D001M,Unknown,Unknown,5-012.01,Sierra Valley,Plumas,137,Stockwatering,Single Well,NA,1958-10-02 00:00:00 - 2020-04-24 12:00:00,116,spring,NA,NA,-14.2,25.07,2014,NA,2013-10-01T00:00:00Z,2014-10-01T00:00:00Z,-120.293,39.8094
398094N1202932W001,1797123,2013-10-21T00:00:00Z,4896.53,4891.83,0,29.82,4866.71,29.82,25.12,NA,Electric sounder measurement,Water level accuracy to nearest hundredth of a foot,1,Department of Water Resources,NA,1,Department of Water Resources,NA,NA,22080,23N15E34D001M,23N15E34D001M,Unknown,Unknown,5-012.01,Sierra Valley,Plumas,137,Stockwatering,Single Well,NA,1958-10-02 00:00:00 - 2020-04-24 12:00:00,116,fall,-13.4,29.12,NA,NA,2014,NA,2013-10-01T00:00:00Z,2014-10-01T00:00:00Z,-120.293,39.8094
398094N1202932W001,1684442,2013-03-25T00:00:00Z,4896.53,4891.83,0,22.38,4874.15,22.38,17.68,NA,Electric sounder measurement,Water level accuracy to nearest hundredth of a foot,1,Department of Water Resources,NA,1,Department of Water Resources,NA,NA,22080,23N15E34D001M,23N15E34D001M,Unknown,Unknown,5-012.01,Sierra Valley,Plumas,137,Stockwatering,Single Well,NA,1958-10-02 00:00:00 - 2020-04-24 12:00:00,116,spring,NA,NA,-14.2,25.07,2013,Dry,2012-10-01T00:00:00Z,2013-10-01T00:00:00Z,-120.293,39.8094
398094N1202932W001,69383,2012-10-30T00:00:00Z,4896.53,4891.83,0,27.45,4869.08,27.45,22.75,NA,Electric sounder measurement,Water level accuracy to nearest hundredth of a foot,1,Department of Water Resources,NA,1,Department of Water Resources,NA,NA,22080,23N15E34D001M,23N15E34D001M,Unknown,Unknown,5-012.01,Sierra Valley,Plumas,137,Stockwatering,Single Well,NA,1958-10-02 00:00:00 - 2020-04-24 12:00:00,116,fall,-13.4,29.12,NA,NA,2013,Dry,2012-10-01T00:00:00Z,2013-10-01T00:00:00Z,-120.293,39.8094
398094N1202932W001,59965,2012-04-17T00:00:00Z,4896.53,4891.83,0,18.13,4878.4,18.13,13.43,NA,Electric sounder measurement,Water level accuracy to nearest hundredth of a foot,1,Department of Water Resources,NA,1,Department of Water Resources,NA,NA,22080,23N15E34D001M,23N15E34D001M,Unknown,Unknown,5-012.01,Sierra Valley,Plumas,137,Stockwatering,Single Well,NA,1958-10-02 00:00:00 - 2020-04-24 12:00:00,116,spring,NA,NA,-14.2,25.07,2012,NA,2011-10-01T00:00:00Z,2012-10-01T00:00:00Z,-120.293,39.8094
398094N1202932W001,1773146,2011-10-19T00:00:00Z,4896.53,4891.83,0,24.3,4872.23,24.3,19.6,NA,Unknown,Water level accuracy is unknown,1,Department of Water Resources,NA,1,Department of Water Resources,NA,NA,22080,23N15E34D001M,23N15E34D001M,Unknown,Unknown,5-012.01,Sierra Valley,Plumas,137,Stockwatering,Single Well,NA,1958-10-02 00:00:00 - 2020-04-24 12:00:00,116,fall,-13.4,29.12,NA,NA,2012,NA,2011-10-01T00:00:00Z,2012-10-01T00:00:00Z,-120.293,39.8094
398094N1202932W001,39813,2011-10-19T00:00:00Z,4896.53,4891.83,0,24.3,4872.23,24.3,19.6,NA,Electric sounder measurement,Water level accuracy to nearest hundredth of a foot,1,Department of Water Resources,NA,1,Department of Water Resources,NA,NA,22080,23N15E34D001M,23N15E34D001M,Unknown,Unknown,5-012.01,Sierra Valley,Plumas,137,Stockwatering,Single Well,NA,1958-10-02 00:00:00 - 2020-04-24 12:00:00,116,fall,-13.4,29.12,NA,NA,2012,NA,2011-10-01T00:00:00Z,2012-10-01T00:00:00Z,-120.293,39.8094
398094N1202932W001,1773145,2011-04-26T00:00:00Z,4896.53,4891.83,0,20,4876.53,20,15.3,NA,Unknown,Water level accuracy is unknown,1,Department of Water Resources,NA,1,Department of Water Resources,NA,NA,22080,23N15E34D001M,23N15E34D001M,Unknown,Unknown,5-012.01,Sierra Valley,Plumas,137,Stockwatering,Single Well,NA,1958-10-02 00:00:00 - 2020-04-24 12:00:00,116,spring,NA,NA,-14.2,25.07,2011,Wet,2010-10-01T00:00:00Z,2011-10-01T00:00:00Z,-120.293,39.8094
398094N1202932W001,1773144,2010-10-26T00:00:00Z,4896.53,4891.83,0,27.88,4868.65,27.88,23.18,NA,Unknown,Water level accuracy is unknown,1,Department of Water Resources,NA,1,Department of Water Resources,NA,NA,22080,23N15E34D001M,23N15E34D001M,Unknown,Unknown,5-012.01,Sierra Valley,Plumas,137,Stockwatering,Single Well,NA,1958-10-02 00:00:00 - 2020-04-24 12:00:00,116,fall,-13.4,29.12,NA,NA,2011,Wet,2010-10-01T00:00:00Z,2011-10-01T00:00:00Z,-120.293,39.8094
398094N1202932W001,1773143,2010-04-06T00:00:00Z,4896.53,4891.83,0,23.52,4873.01,23.52,18.82,NA,Unknown,Water level accuracy is unknown,1,Department of Water Resources,NA,1,Department of Water Resources,NA,NA,22080,23N15E34D001M,23N15E34D001M,Unknown,Unknown,5-012.01,Sierra Valley,Plumas,137,Stockwatering,Single Well,NA,1958-10-02 00:00:00 - 2020-04-24 12:00:00,116,spring,NA,NA,-14.2,25.07,2010,NA,2009-10-01T00:00:00Z,2010-10-01T00:00:00Z,-120.293,39.8094
398094N1202932W001,1773142,2009-10-27T00:00:00Z,4896.53,4891.83,0,30.9,4865.63,30.9,26.2,NA,Unknown,Water level accuracy is unknown,1,Department of Water Resources,NA,1,Department of Water Resources,NA,NA,22080,23N15E34D001M,23N15E34D001M,Unknown,Unknown,5-012.01,Sierra Valley,Plumas,137,Stockwatering,Single Well,NA,1958-10-02 00:00:00 - 2020-04-24 12:00:00,116,fall,-13.4,29.12,NA,NA,2010,NA,2009-10-01T00:00:00Z,2010-10-01T00:00:00Z,-120.293,39.8094
398094N1202932W001,1773141,2009-04-14T00:00:00Z,4896.53,4891.83,0,22.3,4874.23,22.3,17.6,NA,Unknown,Water level accuracy is unknown,1,Department of Water Resources,NA,1,Department of Water Resources,NA,NA,22080,23N15E34D001M,23N15E34D001M,Unknown,Unknown,5-012.01,Sierra Valley,Plumas,137,Stockwatering,Single Well,NA,1958-10-02 00:00:00 - 2020-04-24 12:00:00,116,spring,NA,NA,-14.2,25.07,2009,NA,2008-10-01T00:00:00Z,2009-10-01T00:00:00Z,-120.293,39.8094
398094N1202932W001,1773140,2008-10-28T00:00:00Z,4896.53,4891.83,0,30,4866.53,30,25.3,NA,Unknown,Water level accuracy is unknown,1,Department of Water Resources,NA,1,Department of Water Resources,NA,NA,22080,23N15E34D001M,23N15E34D001M,Unknown,Unknown,5-012.01,Sierra Valley,Plumas,137,Stockwatering,Single Well,NA,1958-10-02 00:00:00 - 2020-04-24 12:00:00,116,fall,-13.4,29.12,NA,NA,2009,NA,2008-10-01T00:00:00Z,2009-10-01T00:00:00Z,-120.293,39.8094
398094N1202932W001,1773138,2008-04-10T00:00:00Z,4896.53,4891.83,0,19.4,4877.13,19.4,14.7,NA,Unknown,Water level accuracy is unknown,1,Department of Water Resources,NA,1,Department of Water Resources,NA,NA,22080,23N15E34D001M,23N15E34D001M,Unknown,Unknown,5-012.01,Sierra Valley,Plumas,137,Stockwatering,Single Well,NA,1958-10-02 00:00:00 - 2020-04-24 12:00:00,116,spring,NA,NA,-14.2,25.07,2008,NA,2007-10-01T00:00:00Z,2008-10-01T00:00:00Z,-120.293,39.8094
398094N1202932W001,1773139,2007-10-26T00:00:00Z,4896.53,4891.83,0,25.3,4871.23,25.3,20.6,NA,Unknown,Water level accuracy is unknown,1,Department of Water Resources,NA,1,Department of Water Resources,NA,NA,22080,23N15E34D001M,23N15E34D001M,Unknown,Unknown,5-012.01,Sierra Valley,Plumas,137,Stockwatering,Single Well,NA,1958-10-02 00:00:00 - 2020-04-24 12:00:00,116,fall,-13.4,29.12,NA,NA,2008,NA,2007-10-01T00:00:00Z,2008-10-01T00:00:00Z,-120.293,39.8094
398094N1202932W001,1773137,2007-04-10T00:00:00Z,4896.53,4891.83,0,18.1,4878.43,18.1,13.4,NA,Unknown,Water level accuracy is unknown,1,Department of Water Resources,NA,1,Department of Water Resources,NA,NA,22080,23N15E34D001M,23N15E34D001M,Unknown,Unknown,5-012.01,Sierra Valley,Plumas,137,Stockwatering,Single Well,NA,1958-10-02 00:00:00 - 2020-04-24 12:00:00,116,spring,NA,NA,-14.2,25.07,2007,Dry,2006-10-01T00:00:00Z,2007-10-01T00:00:00Z,-120.293,39.8094
398094N1202932W001,1773136,2006-10-18T00:00:00Z,4896.53,4891.83,0,25.1,4871.43,25.1,20.4,NA,Unknown,Water level accuracy is unknown,1,Department of Water Resources,NA,1,Department of Water Resources,NA,NA,22080,23N15E34D001M,23N15E34D001M,Unknown,Unknown,5-012.01,Sierra Valley,Plumas,137,Stockwatering,Single Well,NA,1958-10-02 00:00:00 - 2020-04-24 12:00:00,116,fall,-13.4,29.12,NA,NA,2007,Dry,2006-10-01T00:00:00Z,2007-10-01T00:00:00Z,-120.293,39.8094
398094N1202932W001,1773135,2006-04-17T00:00:00Z,4896.53,4891.83,0,18,4878.53,18,13.3,NA,Unknown,Water level accuracy is unknown,1,Department of Water Resources,NA,1,Department of Water Resources,NA,NA,22080,23N15E34D001M,23N15E34D001M,Unknown,Unknown,5-012.01,Sierra Valley,Plumas,137,Stockwatering,Single Well,NA,1958-10-02 00:00:00 - 2020-04-24 12:00:00,116,spring,NA,NA,-14.2,25.07,2006,Wet,2005-10-01T00:00:00Z,2006-10-01T00:00:00Z,-120.293,39.8094
398094N1202932W001,1773134,2005-10-26T00:00:00Z,4896.53,4891.83,0,29,4867.53,29,24.3,NA,Unknown,Water level accuracy is unknown,1,Department of Water Resources,NA,1,Department of Water Resources,NA,NA,22080,23N15E34D001M,23N15E34D001M,Unknown,Unknown,5-012.01,Sierra Valley,Plumas,137,Stockwatering,Single Well,NA,1958-10-02 00:00:00 - 2020-04-24 12:00:00,116,fall,-13.4,29.12,NA,NA,2006,Wet,2005-10-01T00:00:00Z,2006-10-01T00:00:00Z,-120.293,39.8094
398094N1202932W001,1773133,2005-04-05T00:00:00Z,4896.53,4891.83,0,19.1,4877.43,19.1,14.4,NA,Unknown,Water level accuracy is unknown,1,Department of Water Resources,NA,1,Department of Water Resources,NA,NA,22080,23N15E34D001M,23N15E34D001M,Unknown,Unknown,5-012.01,Sierra Valley,Plumas,137,Stockwatering,Single Well,NA,1958-10-02 00:00:00 - 2020-04-24 12:00:00,116,spring,NA,NA,-14.2,25.07,2005,NA,2004-10-01T00:00:00Z,2005-10-01T00:00:00Z,-120.293,39.8094
398094N1202932W001,1773132,2004-10-14T00:00:00Z,4896.53,4891.83,0,27.6,4868.93,27.6,22.9,NA,Unknown,Water level accuracy is unknown,1,Department of Water Resources,NA,1,Department of Water Resources,NA,NA,22080,23N15E34D001M,23N15E34D001M,Unknown,Unknown,5-012.01,Sierra Valley,Plumas,137,Stockwatering,Single Well,NA,1958-10-02 00:00:00 - 2020-04-24 12:00:00,116,fall,-13.4,29.12,NA,NA,2005,NA,2004-10-01T00:00:00Z,2005-10-01T00:00:00Z,-120.293,39.8094
398094N1202932W001,1773131,2004-04-06T00:00:00Z,4896.53,4891.83,0,14.8,4881.73,14.8,10.1,NA,Unknown,Water level accuracy is unknown,1,Department of Water Resources,NA,1,Department of Water Resources,NA,NA,22080,23N15E34D001M,23N15E34D001M,Unknown,Unknown,5-012.01,Sierra Valley,Plumas,137,Stockwatering,Single Well,NA,1958-10-02 00:00:00 - 2020-04-24 12:00:00,116,spring,NA,NA,-14.2,25.07,2004,NA,2003-10-01T00:00:00Z,2004-10-01T00:00:00Z,-120.293,39.8094
398094N1202932W001,1773130,2003-10-28T00:00:00Z,4896.53,4891.83,0,21.3,4875.23,21.3,16.6,NA,Unknown,Water level accuracy is unknown,1,Department of Water Resources,NA,1,Department of Water Resources,NA,NA,22080,23N15E34D001M,23N15E34D001M,Unknown,Unknown,5-012.01,Sierra Valley,Plumas,137,Stockwatering,Single Well,NA,1958-10-02 00:00:00 - 2020-04-24 12:00:00,116,fall,-13.4,29.12,NA,NA,2004,NA,2003-10-01T00:00:00Z,2004-10-01T00:00:00Z,-120.293,39.8094
398094N1202932W001,1773129,2003-03-29T00:00:00Z,4896.53,4891.83,0,8.3,4888.23,8.3,3.6,NA,Unknown,Water level accuracy is unknown,1,Department of Water Resources,NA,1,Department of Water Resources,NA,NA,22080,23N15E34D001M,23N15E34D001M,Unknown,Unknown,5-012.01,Sierra Valley,Plumas,137,Stockwatering,Single Well,NA,1958-10-02 00:00:00 - 2020-04-24 12:00:00,116,spring,NA,NA,-14.2,25.07,2003,NA,2002-10-01T00:00:00Z,2003-10-01T00:00:00Z,-120.293,39.8094
398094N1202932W001,1773128,2002-10-22T00:00:00Z,4896.53,4891.83,0,10.5,4886.03,10.5,5.8,NA,Unknown,Water level accuracy is unknown,1,Department of Water Resources,NA,1,Department of Water Resources,NA,NA,22080,23N15E34D001M,23N15E34D001M,Unknown,Unknown,5-012.01,Sierra Valley,Plumas,137,Stockwatering,Single Well,NA,1958-10-02 00:00:00 - 2020-04-24 12:00:00,116,fall,-13.4,29.12,NA,NA,2003,NA,2002-10-01T00:00:00Z,2003-10-01T00:00:00Z,-120.293,39.8094
398094N1202932W001,1773127,2002-03-27T00:00:00Z,4896.53,4891.83,0,5.1,4891.43,5.1,0.4,NA,Unknown,Water level accuracy is unknown,1,Department of Water Resources,NA,1,Department of Water Resources,NA,NA,22080,23N15E34D001M,23N15E34D001M,Unknown,Unknown,5-012.01,Sierra Valley,Plumas,137,Stockwatering,Single Well,NA,1958-10-02 00:00:00 - 2020-04-24 12:00:00,116,spring,NA,NA,-14.2,25.07,2002,NA,2001-10-01T00:00:00Z,2002-10-01T00:00:00Z,-120.293,39.8094
398094N1202932W001,1773126,2001-10-17T00:00:00Z,4896.53,4891.83,0,7.6,4888.93,7.6,2.9,NA,Unknown,Water level accuracy is unknown,1,Department of Water Resources,NA,1,Department of Water Resources,NA,NA,22080,23N15E34D001M,23N15E34D001M,Unknown,Unknown,5-012.01,Sierra Valley,Plumas,137,Stockwatering,Single Well,NA,1958-10-02 00:00:00 - 2020-04-24 12:00:00,116,fall,-13.4,29.12,NA,NA,2002,NA,2001-10-01T00:00:00Z,2002-10-01T00:00:00Z,-120.293,39.8094
398094N1202932W001,1773125,2001-03-26T00:00:00Z,4896.53,4891.83,0,0.8,4895.73,0.8,-3.9,NA,Unknown,Water level accuracy is unknown,1,Department of Water Resources,NA,1,Department of Water Resources,NA,NA,22080,23N15E34D001M,23N15E34D001M,Unknown,Unknown,5-012.01,Sierra Valley,Plumas,137,Stockwatering,Single Well,NA,1958-10-02 00:00:00 - 2020-04-24 12:00:00,116,spring,NA,NA,-14.2,25.07,2001,Dry,2000-10-01T00:00:00Z,2001-10-01T00:00:00Z,-120.293,39.8094
398094N1202932W001,1773124,2000-10-18T00:00:00Z,4896.53,4891.83,0,1.7,4894.83,1.7,-3,NA,Unknown,Water level accuracy is unknown,1,Department of Water Resources,NA,1,Department of Water Resources,NA,NA,22080,23N15E34D001M,23N15E34D001M,Unknown,Unknown,5-012.01,Sierra Valley,Plumas,137,Stockwatering,Single Well,NA,1958-10-02 00:00:00 - 2020-04-24 12:00:00,116,fall,-13.4,29.12,NA,NA,2001,Dry,2000-10-01T00:00:00Z,2001-10-01T00:00:00Z,-120.293,39.8094
398094N1202932W001,1773119,1998-10-15T00:00:00Z,4896.53,4891.83,0,3.5,4893.03,3.5,-1.2,NA,Unknown,Water level accuracy is unknown,1,Department of Water Resources,NA,1,Department of Water Resources,NA,NA,22080,23N15E34D001M,23N15E34D001M,Unknown,Unknown,5-012.01,Sierra Valley,Plumas,137,Stockwatering,Single Well,NA,1958-10-02 00:00:00 - 2020-04-24 12:00:00,116,fall,-13.4,29.12,NA,NA,1999,NA,1998-10-01T00:00:00Z,1999-10-01T00:00:00Z,-120.293,39.8094
398094N1202932W001,1773118,1997-10-16T00:00:00Z,4896.53,4891.83,0,0.6,4895.93,0.6,-4.1,NA,Unknown,Water level accuracy is unknown,1,Department of Water Resources,NA,1,Department of Water Resources,NA,NA,22080,23N15E34D001M,23N15E34D001M,Unknown,Unknown,5-012.01,Sierra Valley,Plumas,137,Stockwatering,Single Well,NA,1958-10-02 00:00:00 - 2020-04-24 12:00:00,116,fall,-13.4,29.12,NA,NA,1998,NA,1997-10-01T00:00:00Z,1998-10-01T00:00:00Z,-120.293,39.8094
398094N1202932W001,1773116,1997-04-03T00:00:00Z,4896.53,4891.83,0,2.2,4894.33,2.2,-2.5,Other,Unknown,Water level accuracy is unknown,1,Department of Water Resources,NA,1,Department of Water Resources,NA,NA,22080,23N15E34D001M,23N15E34D001M,Unknown,Unknown,5-012.01,Sierra Valley,Plumas,137,Stockwatering,Single Well,NA,1958-10-02 00:00:00 - 2020-04-24 12:00:00,116,spring,NA,NA,-14.2,25.07,1997,NA,1996-10-01T00:00:00Z,1997-10-01T00:00:00Z,-120.293,39.8094
398094N1202932W001,1773117,1996-10-28T00:00:00Z,4896.53,4891.83,0,0.5,4896.03,0.5,-4.2,NA,Unknown,Water level accuracy is unknown,1,Department of Water Resources,NA,1,Department of Water Resources,NA,NA,22080,23N15E34D001M,23N15E34D001M,Unknown,Unknown,5-012.01,Sierra Valley,Plumas,137,Stockwatering,Single Well,NA,1958-10-02 00:00:00 - 2020-04-24 12:00:00,116,fall,-13.4,29.12,NA,NA,1997,NA,1996-10-01T00:00:00Z,1997-10-01T00:00:00Z,-120.293,39.8094
398094N1202932W001,1773114,1995-10-23T00:00:00Z,4896.53,4891.83,0,2.3,4894.23,2.3,-2.4,NA,Unknown,Water level accuracy is unknown,1,Department of Water Resources,NA,1,Department of Water Resources,NA,NA,22080,23N15E34D001M,23N15E34D001M,Unknown,Unknown,5-012.01,Sierra Valley,Plumas,137,Stockwatering,Single Well,NA,1958-10-02 00:00:00 - 2020-04-24 12:00:00,116,fall,-13.4,29.12,NA,NA,1996,NA,1995-10-01T00:00:00Z,1996-10-01T00:00:00Z,-120.293,39.8094
398094N1202932W001,1773113,1995-05-31T00:00:00Z,4896.53,4891.83,0,1.9,4894.63,1.9,-2.8,NA,Unknown,Water level accuracy is unknown,1,Department of Water Resources,NA,1,Department of Water Resources,NA,NA,22080,23N15E34D001M,23N15E34D001M,Unknown,Unknown,5-012.01,Sierra Valley,Plumas,137,Stockwatering,Single Well,NA,1958-10-02 00:00:00 - 2020-04-24 12:00:00,116,spring,NA,NA,-14.2,25.07,1995,Wet,1994-10-01T00:00:00Z,1995-10-01T00:00:00Z,-120.293,39.8094
398094N1202932W001,1773112,1994-10-27T00:00:00Z,4896.53,4891.83,0,8.5,4888.03,8.5,3.8,NA,Unknown,Water level accuracy is unknown,1,Department of Water Resources,NA,1,Department of Water Resources,NA,NA,22080,23N15E34D001M,23N15E34D001M,Unknown,Unknown,5-012.01,Sierra Valley,Plumas,137,Stockwatering,Single Well,NA,1958-10-02 00:00:00 - 2020-04-24 12:00:00,116,fall,-13.4,29.12,NA,NA,1995,Wet,1994-10-01T00:00:00Z,1995-10-01T00:00:00Z,-120.293,39.8094
398094N1202932W001,1773111,1994-03-29T00:00:00Z,4896.53,4891.83,0,6.3,4890.23,6.3,1.6,NA,Unknown,Water level accuracy is unknown,1,Department of Water Resources,NA,1,Department of Water Resources,NA,NA,22080,23N15E34D001M,23N15E34D001M,Unknown,Unknown,5-012.01,Sierra Valley,Plumas,137,Stockwatering,Single Well,NA,1958-10-02 00:00:00 - 2020-04-24 12:00:00,116,spring,NA,NA,-14.2,25.07,1994,Dry,1993-10-01T00:00:00Z,1994-10-01T00:00:00Z,-120.293,39.8094
398094N1202932W001,1773110,1993-10-18T00:00:00Z,4896.53,4891.83,0,8.2,4888.33,8.2,3.5,NA,Unknown,Water level accuracy is unknown,1,Department of Water Resources,NA,1,Department of Water Resources,NA,NA,22080,23N15E34D001M,23N15E34D001M,Unknown,Unknown,5-012.01,Sierra Valley,Plumas,137,Stockwatering,Single Well,NA,1958-10-02 00:00:00 - 2020-04-24 12:00:00,116,fall,-13.4,29.12,NA,NA,1994,Dry,1993-10-01T00:00:00Z,1994-10-01T00:00:00Z,-120.293,39.8094
398094N1202932W001,1773109,1993-04-20T00:00:00Z,4896.53,4891.83,0,9.5,4887.03,9.5,4.8,NA,Unknown,Water level accuracy is unknown,1,Department of Water Resources,NA,1,Department of Water Resources,NA,NA,22080,23N15E34D001M,23N15E34D001M,Unknown,Unknown,5-012.01,Sierra Valley,Plumas,137,Stockwatering,Single Well,NA,1958-10-02 00:00:00 - 2020-04-24 12:00:00,116,spring,NA,NA,-14.2,25.07,1993,NA,1992-10-01T00:00:00Z,1993-10-01T00:00:00Z,-120.293,39.8094
398094N1202932W001,1773108,1992-10-20T00:00:00Z,4894.63,4891.83,0,13.9,4880.73,13.9,11.1,NA,Unknown,Water level accuracy is unknown,1,Department of Water Resources,NA,1,Department of Water Resources,NA,NA,22080,23N15E34D001M,23N15E34D001M,Unknown,Unknown,5-012.01,Sierra Valley,Plumas,137,Stockwatering,Single Well,NA,1958-10-02 00:00:00 - 2020-04-24 12:00:00,116,fall,-13.4,29.12,NA,NA,1993,NA,1992-10-01T00:00:00Z,1993-10-01T00:00:00Z,-120.293,39.8094
398094N1202932W001,1773107,1992-03-25T00:00:00Z,4894.63,4891.83,0,10.7,4883.93,10.7,7.9,NA,Unknown,Water level accuracy is unknown,1,Department of Water Resources,NA,1,Department of Water Resources,NA,NA,22080,23N15E34D001M,23N15E34D001M,Unknown,Unknown,5-012.01,Sierra Valley,Plumas,137,Stockwatering,Single Well,NA,1958-10-02 00:00:00 - 2020-04-24 12:00:00,116,spring,NA,NA,-14.2,25.07,1992,NA,1991-10-01T00:00:00Z,1992-10-01T00:00:00Z,-120.293,39.8094
398094N1202932W001,1773106,1991-10-23T00:00:00Z,4894.63,4891.83,0,12.2,4882.43,12.2,9.4,NA,Unknown,Water level accuracy is unknown,1,Department of Water Resources,NA,1,Department of Water Resources,NA,NA,22080,23N15E34D001M,23N15E34D001M,Unknown,Unknown,5-012.01,Sierra Valley,Plumas,137,Stockwatering,Single Well,NA,1958-10-02 00:00:00 - 2020-04-24 12:00:00,116,fall,-13.4,29.12,NA,NA,1992,NA,1991-10-01T00:00:00Z,1992-10-01T00:00:00Z,-120.293,39.8094
398094N1202932W001,1773105,1991-02-26T00:00:00Z,4894.63,4891.83,0,9.6,4885.03,9.6,6.8,Other,Unknown,Water level accuracy is unknown,1,Department of Water Resources,NA,1,Department of Water Resources,NA,NA,22080,23N15E34D001M,23N15E34D001M,Unknown,Unknown,5-012.01,Sierra Valley,Plumas,137,Stockwatering,Single Well,NA,1958-10-02 00:00:00 - 2020-04-24 12:00:00,116,other,NA,NA,NA,NA,1991,NA,1990-10-01T00:00:00Z,1991-10-01T00:00:00Z,-120.293,39.8094
398094N1202932W001,1773104,1990-10-23T00:00:00Z,4894.63,4891.83,0,10.3,4884.33,10.3,7.5,Other,Unknown,Water level accuracy is unknown,1,Department of Water Resources,NA,1,Department of Water Resources,NA,NA,22080,23N15E34D001M,23N15E34D001M,Unknown,Unknown,5-012.01,Sierra Valley,Plumas,137,Stockwatering,Single Well,NA,1958-10-02 00:00:00 - 2020-04-24 12:00:00,116,fall,-13.4,29.12,NA,NA,1991,NA,1990-10-01T00:00:00Z,1991-10-01T00:00:00Z,-120.293,39.8094
398094N1202932W001,1773103,1990-04-10T00:00:00Z,4894.63,4891.83,0,6.7,4887.93,6.7,3.9,NA,Unknown,Water level accuracy is unknown,1,Department of Water Resources,NA,1,Department of Water Resources,NA,NA,22080,23N15E34D001M,23N15E34D001M,Unknown,Unknown,5-012.01,Sierra Valley,Plumas,137,Stockwatering,Single Well,NA,1958-10-02 00:00:00 - 2020-04-24 12:00:00,116,spring,NA,NA,-14.2,25.07,1990,NA,1989-10-01T00:00:00Z,1990-10-01T00:00:00Z,-120.293,39.8094
398094N1202932W001,1773102,1989-09-26T00:00:00Z,4894.63,4891.83,0,9,4885.63,9,6.2,NA,Unknown,Water level accuracy is unknown,1,Department of Water Resources,NA,1,Department of Water Resources,NA,NA,22080,23N15E34D001M,23N15E34D001M,Unknown,Unknown,5-012.01,Sierra Valley,Plumas,137,Stockwatering,Single Well,NA,1958-10-02 00:00:00 - 2020-04-24 12:00:00,116,fall,-13.4,29.12,NA,NA,1989,NA,1988-10-01T00:00:00Z,1989-10-01T00:00:00Z,-120.293,39.8094
398094N1202932W001,1773101,1989-04-05T00:00:00Z,4894.63,4891.83,0,7.3,4887.33,7.3,4.5,NA,Unknown,Water level accuracy is unknown,1,Department of Water Resources,NA,1,Department of Water Resources,NA,NA,22080,23N15E34D001M,23N15E34D001M,Unknown,Unknown,5-012.01,Sierra Valley,Plumas,137,Stockwatering,Single Well,NA,1958-10-02 00:00:00 - 2020-04-24 12:00:00,116,spring,NA,NA,-14.2,25.07,1989,NA,1988-10-01T00:00:00Z,1989-10-01T00:00:00Z,-120.293,39.8094
398094N1202932W001,1773100,1988-10-24T00:00:00Z,4894.63,4891.83,0,10,4884.63,10,7.2,NA,Unknown,Water level accuracy is unknown,1,Department of Water Resources,NA,1,Department of Water Resources,NA,NA,22080,23N15E34D001M,23N15E34D001M,Unknown,Unknown,5-012.01,Sierra Valley,Plumas,137,Stockwatering,Single Well,NA,1958-10-02 00:00:00 - 2020-04-24 12:00:00,116,fall,-13.4,29.12,NA,NA,1989,NA,1988-10-01T00:00:00Z,1989-10-01T00:00:00Z,-120.293,39.8094
398094N1202932W001,1773099,1988-03-21T00:00:00Z,4894.63,4891.83,0,5.7,4888.93,5.7,2.9,NA,Unknown,Water level accuracy is unknown,1,Department of Water Resources,NA,1,Department of Water Resources,NA,NA,22080,23N15E34D001M,23N15E34D001M,Unknown,Unknown,5-012.01,Sierra Valley,Plumas,137,Stockwatering,Single Well,NA,1958-10-02 00:00:00 - 2020-04-24 12:00:00,116,spring,NA,NA,-14.2,25.07,1988,NA,1987-10-01T00:00:00Z,1988-10-01T00:00:00Z,-120.293,39.8094
398094N1202932W001,1773098,1988-03-07T00:00:00Z,4894.63,4891.83,0,5.9,4888.73,5.9,3.1,NA,Unknown,Water level accuracy is unknown,1,Department of Water Resources,NA,1,Department of Water Resources,NA,NA,22080,23N15E34D001M,23N15E34D001M,Unknown,Unknown,5-012.01,Sierra Valley,Plumas,137,Stockwatering,Single Well,NA,1958-10-02 00:00:00 - 2020-04-24 12:00:00,116,spring,NA,NA,-14.2,25.07,1988,NA,1987-10-01T00:00:00Z,1988-10-01T00:00:00Z,-120.293,39.8094
398094N1202932W001,1773097,1984-10-03T00:00:00Z,4894.63,4891.83,0,3.3,4891.33,3.3,0.5,NA,Unknown,Water level accuracy is unknown,1,Department of Water Resources,NA,1,Department of Water Resources,NA,NA,22080,23N15E34D001M,23N15E34D001M,Unknown,Unknown,5-012.01,Sierra Valley,Plumas,137,Stockwatering,Single Well,NA,1958-10-02 00:00:00 - 2020-04-24 12:00:00,116,fall,-13.4,29.12,NA,NA,1985,Dry,1984-10-01T00:00:00Z,1985-10-01T00:00:00Z,-120.293,39.8094
398094N1202932W001,1773089,1981-10-07T00:00:00Z,4894.63,4891.83,0,4.4,4890.23,4.4,1.6,NA,Unknown,Water level accuracy is unknown,1,Department of Water Resources,NA,1,Department of Water Resources,NA,NA,22080,23N15E34D001M,23N15E34D001M,Unknown,Unknown,5-012.01,Sierra Valley,Plumas,137,Stockwatering,Single Well,NA,1958-10-02 00:00:00 - 2020-04-24 12:00:00,116,fall,-13.4,29.12,NA,NA,1982,Wet,1981-10-01T00:00:00Z,1982-10-01T00:00:00Z,-120.293,39.8094
398094N1202932W001,1773088,1981-09-11T00:00:00Z,4894.63,4891.83,0,3.6,4891.03,3.6,0.8,NA,Unknown,Water level accuracy is unknown,1,Department of Water Resources,NA,1,Department of Water Resources,NA,NA,22080,23N15E34D001M,23N15E34D001M,Unknown,Unknown,5-012.01,Sierra Valley,Plumas,137,Stockwatering,Single Well,NA,1958-10-02 00:00:00 - 2020-04-24 12:00:00,116,fall,-13.4,29.12,NA,NA,1981,Dry,1980-10-01T00:00:00Z,1981-10-01T00:00:00Z,-120.293,39.8094
398094N1202932W001,1773087,1981-08-25T00:00:00Z,4894.63,4891.83,0,2.4,4892.23,2.4,-0.4,NA,Unknown,Water level accuracy is unknown,1,Department of Water Resources,NA,1,Department of Water Resources,NA,NA,22080,23N15E34D001M,23N15E34D001M,Unknown,Unknown,5-012.01,Sierra Valley,Plumas,137,Stockwatering,Single Well,NA,1958-10-02 00:00:00 - 2020-04-24 12:00:00,116,fall,-13.4,29.12,NA,NA,1981,Dry,1980-10-01T00:00:00Z,1981-10-01T00:00:00Z,-120.293,39.8094
398094N1202932W001,1773085,1981-04-11T00:00:00Z,4894.63,4891.83,0,1.5,4893.13,1.5,-1.3,NA,Unknown,Water level accuracy is unknown,1,Department of Water Resources,NA,1,Department of Water Resources,NA,NA,22080,23N15E34D001M,23N15E34D001M,Unknown,Unknown,5-012.01,Sierra Valley,Plumas,137,Stockwatering,Single Well,NA,1958-10-02 00:00:00 - 2020-04-24 12:00:00,116,spring,NA,NA,-14.2,25.07,1981,Dry,1980-10-01T00:00:00Z,1981-10-01T00:00:00Z,-120.293,39.8094
398094N1202932W001,1773078,1976-11-04T00:00:00Z,4895.23,4891.83,0,-6.9,4902.13,-6.9,-10.3,NA,Unknown,Water level accuracy is unknown,1,Department of Water Resources,NA,1,Department of Water Resources,NA,NA,22080,23N15E34D001M,23N15E34D001M,Unknown,Unknown,5-012.01,Sierra Valley,Plumas,137,Stockwatering,Single Well,NA,1958-10-02 00:00:00 - 2020-04-24 12:00:00,116,fall,-13.4,29.12,NA,NA,1977,NA,1976-10-01T00:00:00Z,1977-10-01T00:00:00Z,-120.293,39.8094
398094N1202932W001,1773077,1976-04-22T00:00:00Z,4895.23,4891.83,0,-7.8,4903.03,-7.8,-11.2,NA,Unknown,Water level accuracy is unknown,1,Department of Water Resources,NA,1,Department of Water Resources,NA,NA,22080,23N15E34D001M,23N15E34D001M,Unknown,Unknown,5-012.01,Sierra Valley,Plumas,137,Stockwatering,Single Well,NA,1958-10-02 00:00:00 - 2020-04-24 12:00:00,116,spring,NA,NA,-14.2,25.07,1976,Dry,1975-10-01T00:00:00Z,1976-10-01T00:00:00Z,-120.293,39.8094
398094N1202932W001,1773076,1975-10-02T00:00:00Z,4895.23,4891.83,0,-7.5,4902.73,-7.5,-10.9,NA,Unknown,Water level accuracy is unknown,1,Department of Water Resources,NA,1,Department of Water Resources,NA,NA,22080,23N15E34D001M,23N15E34D001M,Unknown,Unknown,5-012.01,Sierra Valley,Plumas,137,Stockwatering,Single Well,NA,1958-10-02 00:00:00 - 2020-04-24 12:00:00,116,fall,-13.4,29.12,NA,NA,1976,Dry,1975-10-01T00:00:00Z,1976-10-01T00:00:00Z,-120.293,39.8094
398094N1202932W001,1773075,1975-05-08T00:00:00Z,4895.23,4891.83,0,-9.5,4904.73,-9.5,-12.9,NA,Unknown,Water level accuracy is unknown,1,Department of Water Resources,NA,1,Department of Water Resources,NA,NA,22080,23N15E34D001M,23N15E34D001M,Unknown,Unknown,5-012.01,Sierra Valley,Plumas,137,Stockwatering,Single Well,NA,1958-10-02 00:00:00 - 2020-04-24 12:00:00,116,spring,NA,NA,-14.2,25.07,1975,NA,1974-10-01T00:00:00Z,1975-10-01T00:00:00Z,-120.293,39.8094
398094N1202932W001,1773074,1974-10-10T00:00:00Z,4895.23,4891.83,0,-8.4,4903.63,-8.4,-11.8,NA,Unknown,Water level accuracy is unknown,1,Department of Water Resources,NA,1,Department of Water Resources,NA,NA,22080,23N15E34D001M,23N15E34D001M,Unknown,Unknown,5-012.01,Sierra Valley,Plumas,137,Stockwatering,Single Well,NA,1958-10-02 00:00:00 - 2020-04-24 12:00:00,116,fall,-13.4,29.12,NA,NA,1975,NA,1974-10-01T00:00:00Z,1975-10-01T00:00:00Z,-120.293,39.8094
398094N1202932W001,1773073,1974-05-03T00:00:00Z,4895.23,4891.83,0,-9.4,4904.63,-9.4,-12.8,NA,Unknown,Water level accuracy is unknown,1,Department of Water Resources,NA,1,Department of Water Resources,NA,NA,22080,23N15E34D001M,23N15E34D001M,Unknown,Unknown,5-012.01,Sierra Valley,Plumas,137,Stockwatering,Single Well,NA,1958-10-02 00:00:00 - 2020-04-24 12:00:00,116,spring,NA,NA,-14.2,25.07,1974,Wet,1973-10-01T00:00:00Z,1974-10-01T00:00:00Z,-120.293,39.8094
398094N1202932W001,1773071,1973-04-12T00:00:00Z,4895.23,4891.83,0,-9.6,4904.83,-9.6,-13,NA,Unknown,Water level accuracy is unknown,1,Department of Water Resources,NA,1,Department of Water Resources,NA,NA,22080,23N15E34D001M,23N15E34D001M,Unknown,Unknown,5-012.01,Sierra Valley,Plumas,137,Stockwatering,Single Well,NA,1958-10-02 00:00:00 - 2020-04-24 12:00:00,116,spring,NA,NA,-14.2,25.07,1973,NA,1972-10-01T00:00:00Z,1973-10-01T00:00:00Z,-120.293,39.8094
398094N1202932W001,1773070,1972-10-09T00:00:00Z,4895.23,4891.83,0,-9.2,4904.43,-9.2,-12.6,NA,Unknown,Water level accuracy is unknown,1,Department of Water Resources,NA,1,Department of Water Resources,NA,NA,22080,23N15E34D001M,23N15E34D001M,Unknown,Unknown,5-012.01,Sierra Valley,Plumas,137,Stockwatering,Single Well,NA,1958-10-02 00:00:00 - 2020-04-24 12:00:00,116,fall,-13.4,29.12,NA,NA,1973,NA,1972-10-01T00:00:00Z,1973-10-01T00:00:00Z,-120.293,39.8094
398094N1202932W001,1773069,1972-04-27T00:00:00Z,4895.23,4891.83,0,-10,4905.23,-10,-13.4,NA,Unknown,Water level accuracy is unknown,1,Department of Water Resources,NA,1,Department of Water Resources,NA,NA,22080,23N15E34D001M,23N15E34D001M,Unknown,Unknown,5-012.01,Sierra Valley,Plumas,137,Stockwatering,Single Well,NA,1958-10-02 00:00:00 - 2020-04-24 12:00:00,116,spring,NA,NA,-14.2,25.07,1972,NA,1971-10-01T00:00:00Z,1972-10-01T00:00:00Z,-120.293,39.8094
398094N1202932W001,1773068,1971-05-06T00:00:00Z,4895.23,4891.83,0,-9.6,4904.83,-9.6,-13,NA,Unknown,Water level accuracy is unknown,1,Department of Water Resources,NA,1,Department of Water Resources,NA,NA,22080,23N15E34D001M,23N15E34D001M,Unknown,Unknown,5-012.01,Sierra Valley,Plumas,137,Stockwatering,Single Well,NA,1958-10-02 00:00:00 - 2020-04-24 12:00:00,116,spring,NA,NA,-14.2,25.07,1971,NA,1970-10-01T00:00:00Z,1971-10-01T00:00:00Z,-120.293,39.8094
398094N1202932W001,1773067,1970-10-17T00:00:00Z,4895.23,4891.83,0,-9.2,4904.43,-9.2,-12.6,NA,Unknown,Water level accuracy is unknown,1,Department of Water Resources,NA,1,Department of Water Resources,NA,NA,22080,23N15E34D001M,23N15E34D001M,Unknown,Unknown,5-012.01,Sierra Valley,Plumas,137,Stockwatering,Single Well,NA,1958-10-02 00:00:00 - 2020-04-24 12:00:00,116,fall,-13.4,29.12,NA,NA,1971,NA,1970-10-01T00:00:00Z,1971-10-01T00:00:00Z,-120.293,39.8094
398094N1202932W001,1773066,1970-05-06T00:00:00Z,4895.23,4891.83,0,-10.2,4905.43,-10.2,-13.6,NA,Unknown,Water level accuracy is unknown,1,Department of Water Resources,NA,1,Department of Water Resources,NA,NA,22080,23N15E34D001M,23N15E34D001M,Unknown,Unknown,5-012.01,Sierra Valley,Plumas,137,Stockwatering,Single Well,NA,1958-10-02 00:00:00 - 2020-04-24 12:00:00,116,spring,NA,NA,-14.2,25.07,1970,NA,1969-10-01T00:00:00Z,1970-10-01T00:00:00Z,-120.293,39.8094
398094N1202932W001,1773065,1969-10-23T00:00:00Z,4895.23,4891.83,0,-9.4,4904.63,-9.4,-12.8,NA,Unknown,Water level accuracy is unknown,1,Department of Water Resources,NA,1,Department of Water Resources,NA,NA,22080,23N15E34D001M,23N15E34D001M,Unknown,Unknown,5-012.01,Sierra Valley,Plumas,137,Stockwatering,Single Well,NA,1958-10-02 00:00:00 - 2020-04-24 12:00:00,116,fall,-13.4,29.12,NA,NA,1970,NA,1969-10-01T00:00:00Z,1970-10-01T00:00:00Z,-120.293,39.8094
398094N1202932W001,1773064,1969-04-30T00:00:00Z,4895.23,4891.83,0,-10.8,4906.03,-10.8,-14.2,NA,Unknown,Water level accuracy is unknown,1,Department of Water Resources,NA,1,Department of Water Resources,NA,NA,22080,23N15E34D001M,23N15E34D001M,Unknown,Unknown,5-012.01,Sierra Valley,Plumas,137,Stockwatering,Single Well,NA,1958-10-02 00:00:00 - 2020-04-24 12:00:00,116,spring,NA,NA,-14.2,25.07,1969,Wet,1968-10-01T00:00:00Z,1969-10-01T00:00:00Z,-120.293,39.8094
398094N1202932W001,1773063,1968-10-16T00:00:00Z,4895.23,4891.83,0,-9.5,4904.73,-9.5,-12.9,NA,Unknown,Water level accuracy is unknown,1,Department of Water Resources,NA,1,Department of Water Resources,NA,NA,22080,23N15E34D001M,23N15E34D001M,Unknown,Unknown,5-012.01,Sierra Valley,Plumas,137,Stockwatering,Single Well,NA,1958-10-02 00:00:00 - 2020-04-24 12:00:00,116,fall,-13.4,29.12,NA,NA,1969,Wet,1968-10-01T00:00:00Z,1969-10-01T00:00:00Z,-120.293,39.8094
398094N1202932W001,1773062,1968-04-23T00:00:00Z,4895.23,4891.83,0,-10.1,4905.33,-10.1,-13.5,NA,Unknown,Water level accuracy is unknown,1,Department of Water Resources,NA,1,Department of Water Resources,NA,NA,22080,23N15E34D001M,23N15E34D001M,Unknown,Unknown,5-012.01,Sierra Valley,Plumas,137,Stockwatering,Single Well,NA,1958-10-02 00:00:00 - 2020-04-24 12:00:00,116,spring,NA,NA,-14.2,25.07,1968,NA,1967-10-01T00:00:00Z,1968-10-01T00:00:00Z,-120.293,39.8094
398094N1202932W001,1773061,1967-10-05T00:00:00Z,4895.23,4891.83,0,-9.9,4905.13,-9.9,-13.3,NA,Unknown,Water level accuracy is unknown,1,Department of Water Resources,NA,1,Department of Water Resources,NA,NA,22080,23N15E34D001M,23N15E34D001M,Unknown,Unknown,5-012.01,Sierra Valley,Plumas,137,Stockwatering,Single Well,NA,1958-10-02 00:00:00 - 2020-04-24 12:00:00,116,fall,-13.4,29.12,NA,NA,1968,NA,1967-10-01T00:00:00Z,1968-10-01T00:00:00Z,-120.293,39.8094
398094N1202932W001,1773060,1967-05-10T00:00:00Z,4895.23,4891.83,0,-10.1,4905.33,-10.1,-13.5,NA,Unknown,Water level accuracy is unknown,1,Department of Water Resources,NA,1,Department of Water Resources,NA,NA,22080,23N15E34D001M,23N15E34D001M,Unknown,Unknown,5-012.01,Sierra Valley,Plumas,137,Stockwatering,Single Well,NA,1958-10-02 00:00:00 - 2020-04-24 12:00:00,116,spring,NA,NA,-14.2,25.07,1967,Wet,1966-10-01T00:00:00Z,1967-10-01T00:00:00Z,-120.293,39.8094
398094N1202932W001,1773059,1966-10-18T00:00:00Z,4895.23,4891.83,0,-7.6,4902.83,-7.6,-11,NA,Unknown,Water level accuracy is unknown,1,Department of Water Resources,NA,1,Department of Water Resources,NA,NA,22080,23N15E34D001M,23N15E34D001M,Unknown,Unknown,5-012.01,Sierra Valley,Plumas,137,Stockwatering,Single Well,NA,1958-10-02 00:00:00 - 2020-04-24 12:00:00,116,fall,-13.4,29.12,NA,NA,1967,Wet,1966-10-01T00:00:00Z,1967-10-01T00:00:00Z,-120.293,39.8094
398094N1202932W001,1773057,1965-04-13T00:00:00Z,4895.23,4891.83,0,-10.1,4905.33,-10.1,-13.5,NA,Unknown,Water level accuracy is unknown,1,Department of Water Resources,NA,1,Department of Water Resources,NA,NA,22080,23N15E34D001M,23N15E34D001M,Unknown,Unknown,5-012.01,Sierra Valley,Plumas,137,Stockwatering,Single Well,NA,1958-10-02 00:00:00 - 2020-04-24 12:00:00,116,spring,NA,NA,-14.2,25.07,1965,Wet,1964-10-01T00:00:00Z,1965-10-01T00:00:00Z,-120.293,39.8094
398094N1202932W001,1773056,1964-10-13T00:00:00Z,4895.23,4891.83,0,-7,4902.23,-7,-10.4,NA,Unknown,Water level accuracy is unknown,1,Department of Water Resources,NA,1,Department of Water Resources,NA,NA,22080,23N15E34D001M,23N15E34D001M,Unknown,Unknown,5-012.01,Sierra Valley,Plumas,137,Stockwatering,Single Well,NA,1958-10-02 00:00:00 - 2020-04-24 12:00:00,116,fall,-13.4,29.12,NA,NA,1965,Wet,1964-10-01T00:00:00Z,1965-10-01T00:00:00Z,-120.293,39.8094
398094N1202932W001,1773055,1963-10-07T00:00:00Z,4895.23,4891.83,0,-10,4905.23,-10,-13.4,NA,Unknown,Water level accuracy is unknown,1,Department of Water Resources,NA,1,Department of Water Resources,NA,NA,22080,23N15E34D001M,23N15E34D001M,Unknown,Unknown,5-012.01,Sierra Valley,Plumas,137,Stockwatering,Single Well,NA,1958-10-02 00:00:00 - 2020-04-24 12:00:00,116,fall,-13.4,29.12,NA,NA,1964,Dry,1963-10-01T00:00:00Z,1964-10-01T00:00:00Z,-120.293,39.8094
398094N1202932W001,1773051,1960-04-13T00:00:00Z,4895.23,4891.83,0,-6.5,4901.73,-6.5,-9.9,NA,Unknown,Water level accuracy is unknown,1,Department of Water Resources,NA,1,Department of Water Resources,NA,NA,22080,23N15E34D001M,23N15E34D001M,Unknown,Unknown,5-012.01,Sierra Valley,Plumas,137,Stockwatering,Single Well,NA,1958-10-02 00:00:00 - 2020-04-24 12:00:00,116,spring,NA,NA,-14.2,25.07,1960,Dry,1959-10-01T00:00:00Z,1960-10-01T00:00:00Z,-120.293,39.8094
398094N1202932W001,1773050,1959-09-21T00:00:00Z,4895.23,4891.83,0,-2.2,4897.43,-2.2,-5.6,NA,Unknown,Water level accuracy is unknown,1,Department of Water Resources,NA,1,Department of Water Resources,NA,NA,22080,23N15E34D001M,23N15E34D001M,Unknown,Unknown,5-012.01,Sierra Valley,Plumas,137,Stockwatering,Single Well,NA,1958-10-02 00:00:00 - 2020-04-24 12:00:00,116,fall,-13.4,29.12,NA,NA,1959,NA,1958-10-01T00:00:00Z,1959-10-01T00:00:00Z,-120.293,39.8094
398094N1202932W001,1773049,1958-10-02T00:00:00Z,4895.23,4891.83,0,-1.8,4897.03,-1.8,-5.2,NA,Unknown,Water level accuracy is unknown,1,Department of Water Resources,NA,1,Department of Water Resources,NA,NA,22080,23N15E34D001M,23N15E34D001M,Unknown,Unknown,5-012.01,Sierra Valley,Plumas,137,Stockwatering,Single Well,NA,1958-10-02 00:00:00 - 2020-04-24 12:00:00,116,fall,-13.4,29.12,NA,NA,1959,NA,1958-10-01T00:00:00Z,1959-10-01T00:00:00Z,-120.293,39.8094
