SITE_CODE,WLM_ID,MSMT_DATE,WLM_RPE,WLM_GSE,RDNG_WS,RDNG_RP,WSE,RPE_WSE,GSE_WSE,WLM_QA_DESC,WLM_DESC,WLM_ACC_DESC,WLM_ORG_ID,WLM_ORG_NAME,MSMT_CMT,COOP_AGENCY_ORG_ID,COOP_ORG_NAME,TOP_PRF,BOT_PRF,STN_ID,SWN,WELL_NAME,WLM_METHOD,WLM_ACC,BASIN_CODE,BASIN_NAME,COUNTY_NAME,WELL_DEPTH,WELL_USE,WELL_TYPE,WCR_NO,t_range,n_samples,season,fall_high,fall_low,spring_high,spring_low,water_year,water_year_type,water_year_start,water_year_end,X,Y
398190N1203179W001,2020295,2014-10-20T18:00:00Z,4901.93,4899.93,0,30.66,4871.27,30.66,28.66,NA,Electric sounder measurement,Water level accuracy to nearest hundredth of a foot,1,Department of Water Resources,NA,1,Department of Water Resources,NA,NA,22078,23N15E29H001M,23N15E29H001M,Unknown,Unknown,5-012.01,Sierra Valley,Plumas,145,Stockwatering,Single Well,NA,1958-10-01 - 2015-10-19,113,fall,-10.1,28.66,NA,NA,2015,NA,2014-10-01T00:00:00Z,2015-10-01T00:00:00Z,-120.318,39.819
398190N1203179W001,1880778,2014-03-14T00:00:00Z,4901.93,4899.93,0,20.95,4880.98,20.95,18.95,NA,Electric sounder measurement,Water level accuracy to nearest hundredth of a foot,1,Department of Water Resources,NA,1,Department of Water Resources,NA,NA,22078,23N15E29H001M,23N15E29H001M,Unknown,Unknown,5-012.01,Sierra Valley,Plumas,145,Stockwatering,Single Well,NA,1958-10-01 - 2015-10-19,113,spring,NA,NA,-11.1,18.95,2014,NA,2013-10-01T00:00:00Z,2014-10-01T00:00:00Z,-120.318,39.819
398190N1203179W001,1797120,2013-10-21T00:00:00Z,4901.93,4899.93,0,28.4,4873.53,28.4,26.4,NA,Electric sounder measurement,Water level accuracy to nearest hundredth of a foot,1,Department of Water Resources,NA,1,Department of Water Resources,NA,NA,22078,23N15E29H001M,23N15E29H001M,Unknown,Unknown,5-012.01,Sierra Valley,Plumas,145,Stockwatering,Single Well,NA,1958-10-01 - 2015-10-19,113,fall,-10.1,28.66,NA,NA,2014,NA,2013-10-01T00:00:00Z,2014-10-01T00:00:00Z,-120.318,39.819
398190N1203179W001,1684439,2013-03-25T00:00:00Z,4901.93,4899.93,0,16.81,4885.12,16.81,14.81,NA,Electric sounder measurement,Water level accuracy to nearest hundredth of a foot,1,Department of Water Resources,NA,1,Department of Water Resources,NA,NA,22078,23N15E29H001M,23N15E29H001M,Unknown,Unknown,5-012.01,Sierra Valley,Plumas,145,Stockwatering,Single Well,NA,1958-10-01 - 2015-10-19,113,spring,NA,NA,-11.1,18.95,2013,Dry,2012-10-01T00:00:00Z,2013-10-01T00:00:00Z,-120.318,39.819
398190N1203179W001,69380,2012-10-30T00:00:00Z,4901.93,4899.93,0,24.58,4877.35,24.58,22.58,NA,Electric sounder measurement,Water level accuracy to nearest hundredth of a foot,1,Department of Water Resources,NA,1,Department of Water Resources,NA,NA,22078,23N15E29H001M,23N15E29H001M,Unknown,Unknown,5-012.01,Sierra Valley,Plumas,145,Stockwatering,Single Well,NA,1958-10-01 - 2015-10-19,113,fall,-10.1,28.66,NA,NA,2013,Dry,2012-10-01T00:00:00Z,2013-10-01T00:00:00Z,-120.318,39.819
398190N1203179W001,59962,2012-04-17T00:00:00Z,4901.93,4899.93,0,13.4,4888.53,13.4,11.4,NA,Electric sounder measurement,Water level accuracy to nearest hundredth of a foot,1,Department of Water Resources,NA,1,Department of Water Resources,NA,NA,22078,23N15E29H001M,23N15E29H001M,Unknown,Unknown,5-012.01,Sierra Valley,Plumas,145,Stockwatering,Single Well,NA,1958-10-01 - 2015-10-19,113,spring,NA,NA,-11.1,18.95,2012,NA,2011-10-01T00:00:00Z,2012-10-01T00:00:00Z,-120.318,39.819
398190N1203179W001,39810,2011-10-19T00:00:00Z,4901.93,4899.93,0,17.79,4884.14,17.79,15.79,NA,Electric sounder measurement,Water level accuracy to nearest hundredth of a foot,1,Department of Water Resources,NA,1,Department of Water Resources,NA,NA,22078,23N15E29H001M,23N15E29H001M,Unknown,Unknown,5-012.01,Sierra Valley,Plumas,145,Stockwatering,Single Well,NA,1958-10-01 - 2015-10-19,113,fall,-10.1,28.66,NA,NA,2012,NA,2011-10-01T00:00:00Z,2012-10-01T00:00:00Z,-120.318,39.819
398190N1203179W001,818581,2011-10-19T00:00:00Z,4901.93,4899.93,0,17.79,4884.14,17.79,15.79,NA,Unknown,Water level accuracy is unknown,1,Department of Water Resources,NA,1,Department of Water Resources,NA,NA,22078,23N15E29H001M,23N15E29H001M,Unknown,Unknown,5-012.01,Sierra Valley,Plumas,145,Stockwatering,Single Well,NA,1958-10-01 - 2015-10-19,113,fall,-10.1,28.66,NA,NA,2012,NA,2011-10-01T00:00:00Z,2012-10-01T00:00:00Z,-120.318,39.819
398190N1203179W001,818580,2011-04-26T00:00:00Z,4901.93,4899.93,0,13.19,4888.74,13.19,11.19,NA,Unknown,Water level accuracy is unknown,1,Department of Water Resources,NA,1,Department of Water Resources,NA,NA,22078,23N15E29H001M,23N15E29H001M,Unknown,Unknown,5-012.01,Sierra Valley,Plumas,145,Stockwatering,Single Well,NA,1958-10-01 - 2015-10-19,113,spring,NA,NA,-11.1,18.95,2011,Wet,2010-10-01T00:00:00Z,2011-10-01T00:00:00Z,-120.318,39.819
398190N1203179W001,818579,2010-10-26T00:00:00Z,4901.93,4899.93,0,21.46,4880.47,21.46,19.46,NA,Unknown,Water level accuracy is unknown,1,Department of Water Resources,NA,1,Department of Water Resources,NA,NA,22078,23N15E29H001M,23N15E29H001M,Unknown,Unknown,5-012.01,Sierra Valley,Plumas,145,Stockwatering,Single Well,NA,1958-10-01 - 2015-10-19,113,fall,-10.1,28.66,NA,NA,2011,Wet,2010-10-01T00:00:00Z,2011-10-01T00:00:00Z,-120.318,39.819
398190N1203179W001,818578,2010-04-06T00:00:00Z,4901.93,4899.93,0,18.88,4883.05,18.88,16.88,NA,Unknown,Water level accuracy is unknown,1,Department of Water Resources,NA,1,Department of Water Resources,NA,NA,22078,23N15E29H001M,23N15E29H001M,Unknown,Unknown,5-012.01,Sierra Valley,Plumas,145,Stockwatering,Single Well,NA,1958-10-01 - 2015-10-19,113,spring,NA,NA,-11.1,18.95,2010,NA,2009-10-01T00:00:00Z,2010-10-01T00:00:00Z,-120.318,39.819
398190N1203179W001,818577,2009-10-27T00:00:00Z,4901.93,4899.93,0,23.59,4878.34,23.59,21.59,NA,Unknown,Water level accuracy is unknown,1,Department of Water Resources,NA,1,Department of Water Resources,NA,NA,22078,23N15E29H001M,23N15E29H001M,Unknown,Unknown,5-012.01,Sierra Valley,Plumas,145,Stockwatering,Single Well,NA,1958-10-01 - 2015-10-19,113,fall,-10.1,28.66,NA,NA,2010,NA,2009-10-01T00:00:00Z,2010-10-01T00:00:00Z,-120.318,39.819
398190N1203179W001,818576,2009-04-14T00:00:00Z,4901.93,4899.93,0,10.9,4891.03,10.9,8.9,NA,Unknown,Water level accuracy is unknown,1,Department of Water Resources,NA,1,Department of Water Resources,NA,NA,22078,23N15E29H001M,23N15E29H001M,Unknown,Unknown,5-012.01,Sierra Valley,Plumas,145,Stockwatering,Single Well,NA,1958-10-01 - 2015-10-19,113,spring,NA,NA,-11.1,18.95,2009,NA,2008-10-01T00:00:00Z,2009-10-01T00:00:00Z,-120.318,39.819
398190N1203179W001,818575,2008-10-28T00:00:00Z,4901.93,4899.93,0,16.7,4885.23,16.7,14.7,NA,Unknown,Water level accuracy is unknown,1,Department of Water Resources,NA,1,Department of Water Resources,NA,NA,22078,23N15E29H001M,23N15E29H001M,Unknown,Unknown,5-012.01,Sierra Valley,Plumas,145,Stockwatering,Single Well,NA,1958-10-01 - 2015-10-19,113,fall,-10.1,28.66,NA,NA,2009,NA,2008-10-01T00:00:00Z,2009-10-01T00:00:00Z,-120.318,39.819
398190N1203179W001,818573,2008-04-10T00:00:00Z,4901.93,4899.93,0,8.1,4893.83,8.1,6.1,NA,Unknown,Water level accuracy is unknown,1,Department of Water Resources,NA,1,Department of Water Resources,NA,NA,22078,23N15E29H001M,23N15E29H001M,Unknown,Unknown,5-012.01,Sierra Valley,Plumas,145,Stockwatering,Single Well,NA,1958-10-01 - 2015-10-19,113,spring,NA,NA,-11.1,18.95,2008,NA,2007-10-01T00:00:00Z,2008-10-01T00:00:00Z,-120.318,39.819
398190N1203179W001,818574,2007-10-26T00:00:00Z,4901.93,4899.93,0,13.8,4888.13,13.8,11.8,NA,Unknown,Water level accuracy is unknown,1,Department of Water Resources,NA,1,Department of Water Resources,NA,NA,22078,23N15E29H001M,23N15E29H001M,Unknown,Unknown,5-012.01,Sierra Valley,Plumas,145,Stockwatering,Single Well,NA,1958-10-01 - 2015-10-19,113,fall,-10.1,28.66,NA,NA,2008,NA,2007-10-01T00:00:00Z,2008-10-01T00:00:00Z,-120.318,39.819
398190N1203179W001,818572,2007-04-10T00:00:00Z,4901.93,4899.93,0,7,4894.93,7,5,NA,Unknown,Water level accuracy is unknown,1,Department of Water Resources,NA,1,Department of Water Resources,NA,NA,22078,23N15E29H001M,23N15E29H001M,Unknown,Unknown,5-012.01,Sierra Valley,Plumas,145,Stockwatering,Single Well,NA,1958-10-01 - 2015-10-19,113,spring,NA,NA,-11.1,18.95,2007,Dry,2006-10-01T00:00:00Z,2007-10-01T00:00:00Z,-120.318,39.819
398190N1203179W001,818571,2006-10-18T00:00:00Z,4901.93,4899.93,0,12,4889.93,12,10,NA,Unknown,Water level accuracy is unknown,1,Department of Water Resources,NA,1,Department of Water Resources,NA,NA,22078,23N15E29H001M,23N15E29H001M,Unknown,Unknown,5-012.01,Sierra Valley,Plumas,145,Stockwatering,Single Well,NA,1958-10-01 - 2015-10-19,113,fall,-10.1,28.66,NA,NA,2007,Dry,2006-10-01T00:00:00Z,2007-10-01T00:00:00Z,-120.318,39.819
398190N1203179W001,818570,2006-04-17T00:00:00Z,4901.93,4899.93,0,5.4,4896.53,5.4,3.4,NA,Unknown,Water level accuracy is unknown,1,Department of Water Resources,NA,1,Department of Water Resources,NA,NA,22078,23N15E29H001M,23N15E29H001M,Unknown,Unknown,5-012.01,Sierra Valley,Plumas,145,Stockwatering,Single Well,NA,1958-10-01 - 2015-10-19,113,spring,NA,NA,-11.1,18.95,2006,Wet,2005-10-01T00:00:00Z,2006-10-01T00:00:00Z,-120.318,39.819
398190N1203179W001,818569,2005-10-26T00:00:00Z,4901.93,4899.93,0,14.8,4887.13,14.8,12.8,NA,Unknown,Water level accuracy is unknown,1,Department of Water Resources,NA,1,Department of Water Resources,NA,NA,22078,23N15E29H001M,23N15E29H001M,Unknown,Unknown,5-012.01,Sierra Valley,Plumas,145,Stockwatering,Single Well,NA,1958-10-01 - 2015-10-19,113,fall,-10.1,28.66,NA,NA,2006,Wet,2005-10-01T00:00:00Z,2006-10-01T00:00:00Z,-120.318,39.819
398190N1203179W001,818568,2005-04-05T00:00:00Z,4901.93,4899.93,0,7.9,4894.03,7.9,5.9,NA,Unknown,Water level accuracy is unknown,1,Department of Water Resources,NA,1,Department of Water Resources,NA,NA,22078,23N15E29H001M,23N15E29H001M,Unknown,Unknown,5-012.01,Sierra Valley,Plumas,145,Stockwatering,Single Well,NA,1958-10-01 - 2015-10-19,113,spring,NA,NA,-11.1,18.95,2005,NA,2004-10-01T00:00:00Z,2005-10-01T00:00:00Z,-120.318,39.819
398190N1203179W001,818567,2004-10-14T00:00:00Z,4901.93,4899.93,0,15,4886.93,15,13,NA,Unknown,Water level accuracy is unknown,1,Department of Water Resources,NA,1,Department of Water Resources,NA,NA,22078,23N15E29H001M,23N15E29H001M,Unknown,Unknown,5-012.01,Sierra Valley,Plumas,145,Stockwatering,Single Well,NA,1958-10-01 - 2015-10-19,113,fall,-10.1,28.66,NA,NA,2005,NA,2004-10-01T00:00:00Z,2005-10-01T00:00:00Z,-120.318,39.819
398190N1203179W001,818566,2004-04-06T00:00:00Z,4901.93,4899.93,0,6.3,4895.63,6.3,4.3,NA,Unknown,Water level accuracy is unknown,1,Department of Water Resources,NA,1,Department of Water Resources,NA,NA,22078,23N15E29H001M,23N15E29H001M,Unknown,Unknown,5-012.01,Sierra Valley,Plumas,145,Stockwatering,Single Well,NA,1958-10-01 - 2015-10-19,113,spring,NA,NA,-11.1,18.95,2004,NA,2003-10-01T00:00:00Z,2004-10-01T00:00:00Z,-120.318,39.819
398190N1203179W001,818565,2003-10-28T00:00:00Z,4901.93,4899.93,0,11.9,4890.03,11.9,9.9,NA,Unknown,Water level accuracy is unknown,1,Department of Water Resources,NA,1,Department of Water Resources,NA,NA,22078,23N15E29H001M,23N15E29H001M,Unknown,Unknown,5-012.01,Sierra Valley,Plumas,145,Stockwatering,Single Well,NA,1958-10-01 - 2015-10-19,113,fall,-10.1,28.66,NA,NA,2004,NA,2003-10-01T00:00:00Z,2004-10-01T00:00:00Z,-120.318,39.819
398190N1203179W001,818564,2003-03-29T00:00:00Z,4901.93,4899.93,0,5.3,4896.63,5.3,3.3,NA,Unknown,Water level accuracy is unknown,1,Department of Water Resources,NA,1,Department of Water Resources,NA,NA,22078,23N15E29H001M,23N15E29H001M,Unknown,Unknown,5-012.01,Sierra Valley,Plumas,145,Stockwatering,Single Well,NA,1958-10-01 - 2015-10-19,113,spring,NA,NA,-11.1,18.95,2003,NA,2002-10-01T00:00:00Z,2003-10-01T00:00:00Z,-120.318,39.819
398190N1203179W001,818563,2002-10-22T00:00:00Z,4901.93,4899.93,0,11,4890.93,11,9,NA,Unknown,Water level accuracy is unknown,1,Department of Water Resources,NA,1,Department of Water Resources,NA,NA,22078,23N15E29H001M,23N15E29H001M,Unknown,Unknown,5-012.01,Sierra Valley,Plumas,145,Stockwatering,Single Well,NA,1958-10-01 - 2015-10-19,113,fall,-10.1,28.66,NA,NA,2003,NA,2002-10-01T00:00:00Z,2003-10-01T00:00:00Z,-120.318,39.819
398190N1203179W001,818562,2002-03-27T00:00:00Z,4901.93,4899.93,0,4.5,4897.43,4.5,2.5,NA,Unknown,Water level accuracy is unknown,1,Department of Water Resources,NA,1,Department of Water Resources,NA,NA,22078,23N15E29H001M,23N15E29H001M,Unknown,Unknown,5-012.01,Sierra Valley,Plumas,145,Stockwatering,Single Well,NA,1958-10-01 - 2015-10-19,113,spring,NA,NA,-11.1,18.95,2002,NA,2001-10-01T00:00:00Z,2002-10-01T00:00:00Z,-120.318,39.819
398190N1203179W001,818561,2001-10-17T00:00:00Z,4901.93,4899.93,0,11.3,4890.63,11.3,9.3,NA,Unknown,Water level accuracy is unknown,1,Department of Water Resources,NA,1,Department of Water Resources,NA,NA,22078,23N15E29H001M,23N15E29H001M,Unknown,Unknown,5-012.01,Sierra Valley,Plumas,145,Stockwatering,Single Well,NA,1958-10-01 - 2015-10-19,113,fall,-10.1,28.66,NA,NA,2002,NA,2001-10-01T00:00:00Z,2002-10-01T00:00:00Z,-120.318,39.819
398190N1203179W001,818560,2001-03-26T00:00:00Z,4901.93,4899.93,0,0.3,4901.63,0.3,-1.7,NA,Unknown,Water level accuracy is unknown,1,Department of Water Resources,NA,1,Department of Water Resources,NA,NA,22078,23N15E29H001M,23N15E29H001M,Unknown,Unknown,5-012.01,Sierra Valley,Plumas,145,Stockwatering,Single Well,NA,1958-10-01 - 2015-10-19,113,spring,NA,NA,-11.1,18.95,2001,Dry,2000-10-01T00:00:00Z,2001-10-01T00:00:00Z,-120.318,39.819
398190N1203179W001,818559,2000-10-18T00:00:00Z,4901.93,4899.93,0,4.3,4897.63,4.3,2.3,NA,Unknown,Water level accuracy is unknown,1,Department of Water Resources,NA,1,Department of Water Resources,NA,NA,22078,23N15E29H001M,23N15E29H001M,Unknown,Unknown,5-012.01,Sierra Valley,Plumas,145,Stockwatering,Single Well,NA,1958-10-01 - 2015-10-19,113,fall,-10.1,28.66,NA,NA,2001,Dry,2000-10-01T00:00:00Z,2001-10-01T00:00:00Z,-120.318,39.819
398190N1203179W001,818556,1999-10-11T00:00:00Z,4901.93,4899.93,0,3.9,4898.03,3.9,1.9,NA,Unknown,Water level accuracy is unknown,1,Department of Water Resources,NA,1,Department of Water Resources,NA,NA,22078,23N15E29H001M,23N15E29H001M,Unknown,Unknown,5-012.01,Sierra Valley,Plumas,145,Stockwatering,Single Well,NA,1958-10-01 - 2015-10-19,113,fall,-10.1,28.66,NA,NA,2000,NA,1999-10-01T00:00:00Z,2000-10-01T00:00:00Z,-120.318,39.819
398190N1203179W001,818553,1997-10-16T00:00:00Z,4901.93,4899.93,0,1.4,4900.53,1.4,-0.6,NA,Unknown,Water level accuracy is unknown,1,Department of Water Resources,NA,1,Department of Water Resources,NA,NA,22078,23N15E29H001M,23N15E29H001M,Unknown,Unknown,5-012.01,Sierra Valley,Plumas,145,Stockwatering,Single Well,NA,1958-10-01 - 2015-10-19,113,fall,-10.1,28.66,NA,NA,1998,NA,1997-10-01T00:00:00Z,1998-10-01T00:00:00Z,-120.318,39.819
398190N1203179W001,818552,1996-10-28T00:00:00Z,4901.93,4899.93,0,1.1,4900.83,1.1,-0.9,NA,Unknown,Water level accuracy is unknown,1,Department of Water Resources,NA,1,Department of Water Resources,NA,NA,22078,23N15E29H001M,23N15E29H001M,Unknown,Unknown,5-012.01,Sierra Valley,Plumas,145,Stockwatering,Single Well,NA,1958-10-01 - 2015-10-19,113,fall,-10.1,28.66,NA,NA,1997,NA,1996-10-01T00:00:00Z,1997-10-01T00:00:00Z,-120.318,39.819
398190N1203179W001,818549,1995-10-23T00:00:00Z,4901.93,4899.93,0,2.4,4899.53,2.4,0.4,NA,Unknown,Water level accuracy is unknown,1,Department of Water Resources,NA,1,Department of Water Resources,NA,NA,22078,23N15E29H001M,23N15E29H001M,Unknown,Unknown,5-012.01,Sierra Valley,Plumas,145,Stockwatering,Single Well,NA,1958-10-01 - 2015-10-19,113,fall,-10.1,28.66,NA,NA,1996,NA,1995-10-01T00:00:00Z,1996-10-01T00:00:00Z,-120.318,39.819
398190N1203179W001,818547,1994-10-27T00:00:00Z,4901.93,4899.93,0,7.1,4894.83,7.1,5.1,NA,Unknown,Water level accuracy is unknown,1,Department of Water Resources,NA,1,Department of Water Resources,NA,NA,22078,23N15E29H001M,23N15E29H001M,Unknown,Unknown,5-012.01,Sierra Valley,Plumas,145,Stockwatering,Single Well,NA,1958-10-01 - 2015-10-19,113,fall,-10.1,28.66,NA,NA,1995,Wet,1994-10-01T00:00:00Z,1995-10-01T00:00:00Z,-120.318,39.819
398190N1203179W001,818546,1994-03-28T00:00:00Z,4901.93,4899.93,0,3,4898.93,3,1,NA,Unknown,Water level accuracy is unknown,1,Department of Water Resources,NA,1,Department of Water Resources,NA,NA,22078,23N15E29H001M,23N15E29H001M,Unknown,Unknown,5-012.01,Sierra Valley,Plumas,145,Stockwatering,Single Well,NA,1958-10-01 - 2015-10-19,113,spring,NA,NA,-11.1,18.95,1994,Dry,1993-10-01T00:00:00Z,1994-10-01T00:00:00Z,-120.318,39.819
398190N1203179W001,818545,1993-10-18T00:00:00Z,4901.93,4899.93,0,6.2,4895.73,6.2,4.2,NA,Unknown,Water level accuracy is unknown,1,Department of Water Resources,NA,1,Department of Water Resources,NA,NA,22078,23N15E29H001M,23N15E29H001M,Unknown,Unknown,5-012.01,Sierra Valley,Plumas,145,Stockwatering,Single Well,NA,1958-10-01 - 2015-10-19,113,fall,-10.1,28.66,NA,NA,1994,Dry,1993-10-01T00:00:00Z,1994-10-01T00:00:00Z,-120.318,39.819
398190N1203179W001,818544,1993-04-20T00:00:00Z,4901.93,4899.93,0,4.1,4897.83,4.1,2.1,NA,Unknown,Water level accuracy is unknown,1,Department of Water Resources,NA,1,Department of Water Resources,NA,NA,22078,23N15E29H001M,23N15E29H001M,Unknown,Unknown,5-012.01,Sierra Valley,Plumas,145,Stockwatering,Single Well,NA,1958-10-01 - 2015-10-19,113,spring,NA,NA,-11.1,18.95,1993,NA,1992-10-01T00:00:00Z,1993-10-01T00:00:00Z,-120.318,39.819
398190N1203179W001,818543,1992-10-20T00:00:00Z,4901.93,4899.93,0,9.7,4892.23,9.7,7.7,NA,Unknown,Water level accuracy is unknown,1,Department of Water Resources,NA,1,Department of Water Resources,NA,NA,22078,23N15E29H001M,23N15E29H001M,Unknown,Unknown,5-012.01,Sierra Valley,Plumas,145,Stockwatering,Single Well,NA,1958-10-01 - 2015-10-19,113,fall,-10.1,28.66,NA,NA,1993,NA,1992-10-01T00:00:00Z,1993-10-01T00:00:00Z,-120.318,39.819
398190N1203179W001,818542,1992-03-25T00:00:00Z,4901.93,4899.93,0,3.9,4898.03,3.9,1.9,NA,Unknown,Water level accuracy is unknown,1,Department of Water Resources,NA,1,Department of Water Resources,NA,NA,22078,23N15E29H001M,23N15E29H001M,Unknown,Unknown,5-012.01,Sierra Valley,Plumas,145,Stockwatering,Single Well,NA,1958-10-01 - 2015-10-19,113,spring,NA,NA,-11.1,18.95,1992,NA,1991-10-01T00:00:00Z,1992-10-01T00:00:00Z,-120.318,39.819
398190N1203179W001,818541,1991-10-23T00:00:00Z,4901.93,4899.93,0,5.9,4896.03,5.9,3.9,NA,Unknown,Water level accuracy is unknown,1,Department of Water Resources,NA,1,Department of Water Resources,NA,NA,22078,23N15E29H001M,23N15E29H001M,Unknown,Unknown,5-012.01,Sierra Valley,Plumas,145,Stockwatering,Single Well,NA,1958-10-01 - 2015-10-19,113,fall,-10.1,28.66,NA,NA,1992,NA,1991-10-01T00:00:00Z,1992-10-01T00:00:00Z,-120.318,39.819
398190N1203179W001,818540,1991-02-26T00:00:00Z,4901.93,4899.93,0,0.7,4901.23,0.7,-1.3,Other,Unknown,Water level accuracy is unknown,1,Department of Water Resources,NA,1,Department of Water Resources,NA,NA,22078,23N15E29H001M,23N15E29H001M,Unknown,Unknown,5-012.01,Sierra Valley,Plumas,145,Stockwatering,Single Well,NA,1958-10-01 - 2015-10-19,113,other,NA,NA,NA,NA,1991,NA,1990-10-01T00:00:00Z,1991-10-01T00:00:00Z,-120.318,39.819
398190N1203179W001,818539,1990-10-23T00:00:00Z,4901.93,4899.93,0,4,4897.93,4,2,Other,Unknown,Water level accuracy is unknown,1,Department of Water Resources,NA,1,Department of Water Resources,NA,NA,22078,23N15E29H001M,23N15E29H001M,Unknown,Unknown,5-012.01,Sierra Valley,Plumas,145,Stockwatering,Single Well,NA,1958-10-01 - 2015-10-19,113,fall,-10.1,28.66,NA,NA,1991,NA,1990-10-01T00:00:00Z,1991-10-01T00:00:00Z,-120.318,39.819
398190N1203179W001,818538,1990-04-10T00:00:00Z,4901.93,4899.93,0,2.2,4899.73,2.2,0.2,Other,Unknown,Water level accuracy is unknown,1,Department of Water Resources,NA,388,Sierra Valley Groundwater Management District,NA,NA,22078,23N15E29H001M,23N15E29H001M,Unknown,Unknown,5-012.01,Sierra Valley,Plumas,145,Stockwatering,Single Well,NA,1958-10-01 - 2015-10-19,113,spring,NA,NA,-11.1,18.95,1990,NA,1989-10-01T00:00:00Z,1990-10-01T00:00:00Z,-120.318,39.819
398190N1203179W001,818537,1989-09-26T00:00:00Z,4901.93,4899.93,0,3.3,4898.63,3.3,1.3,Other,Unknown,Water level accuracy is unknown,1,Department of Water Resources,NA,1,Department of Water Resources,NA,NA,22078,23N15E29H001M,23N15E29H001M,Unknown,Unknown,5-012.01,Sierra Valley,Plumas,145,Stockwatering,Single Well,NA,1958-10-01 - 2015-10-19,113,fall,-10.1,28.66,NA,NA,1989,NA,1988-10-01T00:00:00Z,1989-10-01T00:00:00Z,-120.318,39.819
398190N1203179W001,818536,1989-04-09T00:00:00Z,4901.93,4899.93,0,2,4899.93,2,0,NA,Unknown,Water level accuracy is unknown,1,Department of Water Resources,NA,1,Department of Water Resources,NA,NA,22078,23N15E29H001M,23N15E29H001M,Unknown,Unknown,5-012.01,Sierra Valley,Plumas,145,Stockwatering,Single Well,NA,1958-10-01 - 2015-10-19,113,spring,NA,NA,-11.1,18.95,1989,NA,1988-10-01T00:00:00Z,1989-10-01T00:00:00Z,-120.318,39.819
398190N1203179W001,818535,1988-10-29T00:00:00Z,4901.93,4899.93,0,5,4896.93,5,3,NA,Unknown,Water level accuracy is unknown,1,Department of Water Resources,NA,1,Department of Water Resources,NA,NA,22078,23N15E29H001M,23N15E29H001M,Unknown,Unknown,5-012.01,Sierra Valley,Plumas,145,Stockwatering,Single Well,NA,1958-10-01 - 2015-10-19,113,fall,-10.1,28.66,NA,NA,1989,NA,1988-10-01T00:00:00Z,1989-10-01T00:00:00Z,-120.318,39.819
398190N1203179W001,818534,1988-03-22T00:00:00Z,4901.93,4899.93,0,1.7,4900.23,1.7,-0.3,NA,Unknown,Water level accuracy is unknown,1,Department of Water Resources,NA,1,Department of Water Resources,NA,NA,22078,23N15E29H001M,23N15E29H001M,Unknown,Unknown,5-012.01,Sierra Valley,Plumas,145,Stockwatering,Single Well,NA,1958-10-01 - 2015-10-19,113,spring,NA,NA,-11.1,18.95,1988,NA,1987-10-01T00:00:00Z,1988-10-01T00:00:00Z,-120.318,39.819
398190N1203179W001,818533,1987-10-21T00:00:00Z,4901.93,4899.93,0,4.8,4897.13,4.8,2.8,NA,Unknown,Water level accuracy is unknown,1,Department of Water Resources,NA,1,Department of Water Resources,NA,NA,22078,23N15E29H001M,23N15E29H001M,Unknown,Unknown,5-012.01,Sierra Valley,Plumas,145,Stockwatering,Single Well,NA,1958-10-01 - 2015-10-19,113,fall,-10.1,28.66,NA,NA,1988,NA,1987-10-01T00:00:00Z,1988-10-01T00:00:00Z,-120.318,39.819
398190N1203179W001,818531,1986-10-04T00:00:00Z,4901.93,4899.93,0,1.7,4900.23,1.7,-0.3,NA,Unknown,Water level accuracy is unknown,1,Department of Water Resources,NA,1,Department of Water Resources,NA,NA,22078,23N15E29H001M,23N15E29H001M,Unknown,Unknown,5-012.01,Sierra Valley,Plumas,145,Stockwatering,Single Well,NA,1958-10-01 - 2015-10-19,113,fall,-10.1,28.66,NA,NA,1987,Dry,1986-10-01T00:00:00Z,1987-10-01T00:00:00Z,-120.318,39.819
398190N1203179W001,818529,1985-10-03T00:00:00Z,4901.93,4899.93,0,1.7,4900.23,1.7,-0.3,NA,Unknown,Water level accuracy is unknown,1,Department of Water Resources,NA,1,Department of Water Resources,NA,NA,22078,23N15E29H001M,23N15E29H001M,Unknown,Unknown,5-012.01,Sierra Valley,Plumas,145,Stockwatering,Single Well,NA,1958-10-01 - 2015-10-19,113,fall,-10.1,28.66,NA,NA,1986,Wet,1985-10-01T00:00:00Z,1986-10-01T00:00:00Z,-120.318,39.819
398190N1203179W001,818523,1982-10-06T00:00:00Z,4901.93,4899.93,0,1.2,4900.73,1.2,-0.8,NA,Unknown,Water level accuracy is unknown,1,Department of Water Resources,NA,1,Department of Water Resources,NA,NA,22078,23N15E29H001M,23N15E29H001M,Unknown,Unknown,5-012.01,Sierra Valley,Plumas,145,Stockwatering,Single Well,NA,1958-10-01 - 2015-10-19,113,fall,-10.1,28.66,NA,NA,1983,NA,1982-10-01T00:00:00Z,1983-10-01T00:00:00Z,-120.318,39.819
398190N1203179W001,818522,1982-04-26T00:00:00Z,4901.93,4899.93,0,-1.8,4903.73,-1.8,-3.8,NA,Unknown,Water level accuracy is unknown,1,Department of Water Resources,NA,1,Department of Water Resources,NA,NA,22078,23N15E29H001M,23N15E29H001M,Unknown,Unknown,5-012.01,Sierra Valley,Plumas,145,Stockwatering,Single Well,NA,1958-10-01 - 2015-10-19,113,spring,NA,NA,-11.1,18.95,1982,Wet,1981-10-01T00:00:00Z,1982-10-01T00:00:00Z,-120.318,39.819
398190N1203179W001,818521,1982-02-03T00:00:00Z,4901.93,4899.93,0,-1.8,4903.73,-1.8,-3.8,NA,Unknown,Water level accuracy is unknown,1,Department of Water Resources,NA,1,Department of Water Resources,NA,NA,22078,23N15E29H001M,23N15E29H001M,Unknown,Unknown,5-012.01,Sierra Valley,Plumas,145,Stockwatering,Single Well,NA,1958-10-01 - 2015-10-19,113,other,NA,NA,NA,NA,1982,Wet,1981-10-01T00:00:00Z,1982-10-01T00:00:00Z,-120.318,39.819
398190N1203179W001,818520,1981-10-06T00:00:00Z,4901.93,4899.93,0,3.7,4898.23,3.7,1.7,NA,Unknown,Water level accuracy is unknown,1,Department of Water Resources,NA,1,Department of Water Resources,NA,NA,22078,23N15E29H001M,23N15E29H001M,Unknown,Unknown,5-012.01,Sierra Valley,Plumas,145,Stockwatering,Single Well,NA,1958-10-01 - 2015-10-19,113,fall,-10.1,28.66,NA,NA,1982,Wet,1981-10-01T00:00:00Z,1982-10-01T00:00:00Z,-120.318,39.819
398190N1203179W001,818519,1981-09-14T00:00:00Z,4901.93,4899.93,0,5.4,4896.53,5.4,3.4,NA,Unknown,Water level accuracy is unknown,1,Department of Water Resources,NA,1,Department of Water Resources,NA,NA,22078,23N15E29H001M,23N15E29H001M,Unknown,Unknown,5-012.01,Sierra Valley,Plumas,145,Stockwatering,Single Well,NA,1958-10-01 - 2015-10-19,113,fall,-10.1,28.66,NA,NA,1981,Dry,1980-10-01T00:00:00Z,1981-10-01T00:00:00Z,-120.318,39.819
398190N1203179W001,818518,1981-08-25T00:00:00Z,4901.93,4899.93,0,4.4,4897.53,4.4,2.4,NA,Unknown,Water level accuracy is unknown,1,Department of Water Resources,NA,1,Department of Water Resources,NA,NA,22078,23N15E29H001M,23N15E29H001M,Unknown,Unknown,5-012.01,Sierra Valley,Plumas,145,Stockwatering,Single Well,NA,1958-10-01 - 2015-10-19,113,fall,-10.1,28.66,NA,NA,1981,Dry,1980-10-01T00:00:00Z,1981-10-01T00:00:00Z,-120.318,39.819
398190N1203179W001,818516,1980-10-22T00:00:00Z,4901.93,4899.93,0,-0.1,4902.03,-0.1,-2.1,NA,Unknown,Water level accuracy is unknown,1,Department of Water Resources,NA,1,Department of Water Resources,NA,NA,22078,23N15E29H001M,23N15E29H001M,Unknown,Unknown,5-012.01,Sierra Valley,Plumas,145,Stockwatering,Single Well,NA,1958-10-01 - 2015-10-19,113,fall,-10.1,28.66,NA,NA,1981,Dry,1980-10-01T00:00:00Z,1981-10-01T00:00:00Z,-120.318,39.819
398190N1203179W001,818515,1980-09-27T00:00:00Z,4901.93,4899.93,0,-1,4902.93,-1,-3,NA,Unknown,Water level accuracy is unknown,1,Department of Water Resources,NA,1,Department of Water Resources,NA,NA,22078,23N15E29H001M,23N15E29H001M,Unknown,Unknown,5-012.01,Sierra Valley,Plumas,145,Stockwatering,Single Well,NA,1958-10-01 - 2015-10-19,113,fall,-10.1,28.66,NA,NA,1980,NA,1979-10-01T00:00:00Z,1980-10-01T00:00:00Z,-120.318,39.819
398190N1203179W001,818514,1980-04-23T00:00:00Z,4901.93,4899.93,0,-6.2,4908.13,-6.2,-8.2,NA,Unknown,Water level accuracy is unknown,1,Department of Water Resources,NA,1,Department of Water Resources,NA,NA,22078,23N15E29H001M,23N15E29H001M,Unknown,Unknown,5-012.01,Sierra Valley,Plumas,145,Stockwatering,Single Well,NA,1958-10-01 - 2015-10-19,113,spring,NA,NA,-11.1,18.95,1980,NA,1979-10-01T00:00:00Z,1980-10-01T00:00:00Z,-120.318,39.819
398190N1203179W001,818513,1978-10-18T00:00:00Z,4901.93,4899.93,0,-3.3,4905.23,-3.3,-5.3,NA,Unknown,Water level accuracy is unknown,1,Department of Water Resources,NA,1,Department of Water Resources,NA,NA,22078,23N15E29H001M,23N15E29H001M,Unknown,Unknown,5-012.01,Sierra Valley,Plumas,145,Stockwatering,Single Well,NA,1958-10-01 - 2015-10-19,113,fall,-10.1,28.66,NA,NA,1979,NA,1978-10-01T00:00:00Z,1979-10-01T00:00:00Z,-120.318,39.819
398190N1203179W001,818512,1978-05-18T00:00:00Z,4901.93,4899.93,0,-5.1,4907.03,-5.1,-7.1,NA,Unknown,Water level accuracy is unknown,1,Department of Water Resources,NA,1,Department of Water Resources,NA,NA,22078,23N15E29H001M,23N15E29H001M,Unknown,Unknown,5-012.01,Sierra Valley,Plumas,145,Stockwatering,Single Well,NA,1958-10-01 - 2015-10-19,113,spring,NA,NA,-11.1,18.95,1978,NA,1977-10-01T00:00:00Z,1978-10-01T00:00:00Z,-120.318,39.819
398190N1203179W001,818511,1977-10-11T00:00:00Z,4901.93,4899.93,0,-3.1,4905.03,-3.1,-5.1,NA,Unknown,Water level accuracy is unknown,1,Department of Water Resources,NA,1,Department of Water Resources,NA,NA,22078,23N15E29H001M,23N15E29H001M,Unknown,Unknown,5-012.01,Sierra Valley,Plumas,145,Stockwatering,Single Well,NA,1958-10-01 - 2015-10-19,113,fall,-10.1,28.66,NA,NA,1978,NA,1977-10-01T00:00:00Z,1978-10-01T00:00:00Z,-120.318,39.819
398190N1203179W001,818510,1977-04-21T00:00:00Z,4901.93,4899.93,0,-5.1,4907.03,-5.1,-7.1,NA,Unknown,Water level accuracy is unknown,1,Department of Water Resources,NA,1,Department of Water Resources,NA,NA,22078,23N15E29H001M,23N15E29H001M,Unknown,Unknown,5-012.01,Sierra Valley,Plumas,145,Stockwatering,Single Well,NA,1958-10-01 - 2015-10-19,113,spring,NA,NA,-11.1,18.95,1977,NA,1976-10-01T00:00:00Z,1977-10-01T00:00:00Z,-120.318,39.819
398190N1203179W001,818509,1976-11-04T00:00:00Z,4901.93,4899.93,0,-4.9,4906.83,-4.9,-6.9,NA,Unknown,Water level accuracy is unknown,1,Department of Water Resources,NA,1,Department of Water Resources,NA,NA,22078,23N15E29H001M,23N15E29H001M,Unknown,Unknown,5-012.01,Sierra Valley,Plumas,145,Stockwatering,Single Well,NA,1958-10-01 - 2015-10-19,113,fall,-10.1,28.66,NA,NA,1977,NA,1976-10-01T00:00:00Z,1977-10-01T00:00:00Z,-120.318,39.819
398190N1203179W001,818508,1976-04-22T00:00:00Z,4901.93,4899.93,0,-5.9,4907.83,-5.9,-7.9,NA,Unknown,Water level accuracy is unknown,1,Department of Water Resources,NA,1,Department of Water Resources,NA,NA,22078,23N15E29H001M,23N15E29H001M,Unknown,Unknown,5-012.01,Sierra Valley,Plumas,145,Stockwatering,Single Well,NA,1958-10-01 - 2015-10-19,113,spring,NA,NA,-11.1,18.95,1976,Dry,1975-10-01T00:00:00Z,1976-10-01T00:00:00Z,-120.318,39.819
398190N1203179W001,818507,1975-10-02T00:00:00Z,4901.93,4899.93,0,-5.9,4907.83,-5.9,-7.9,NA,Unknown,Water level accuracy is unknown,1,Department of Water Resources,NA,1,Department of Water Resources,NA,NA,22078,23N15E29H001M,23N15E29H001M,Unknown,Unknown,5-012.01,Sierra Valley,Plumas,145,Stockwatering,Single Well,NA,1958-10-01 - 2015-10-19,113,fall,-10.1,28.66,NA,NA,1976,Dry,1975-10-01T00:00:00Z,1976-10-01T00:00:00Z,-120.318,39.819
398190N1203179W001,818506,1975-05-08T00:00:00Z,4901.93,4899.93,0,-7.5,4909.43,-7.5,-9.5,NA,Unknown,Water level accuracy is unknown,1,Department of Water Resources,NA,1,Department of Water Resources,NA,NA,22078,23N15E29H001M,23N15E29H001M,Unknown,Unknown,5-012.01,Sierra Valley,Plumas,145,Stockwatering,Single Well,NA,1958-10-01 - 2015-10-19,113,spring,NA,NA,-11.1,18.95,1975,NA,1974-10-01T00:00:00Z,1975-10-01T00:00:00Z,-120.318,39.819
398190N1203179W001,818505,1974-10-10T00:00:00Z,4901.93,4899.93,0,-6.5,4908.43,-6.5,-8.5,NA,Unknown,Water level accuracy is unknown,1,Department of Water Resources,NA,1,Department of Water Resources,NA,NA,22078,23N15E29H001M,23N15E29H001M,Unknown,Unknown,5-012.01,Sierra Valley,Plumas,145,Stockwatering,Single Well,NA,1958-10-01 - 2015-10-19,113,fall,-10.1,28.66,NA,NA,1975,NA,1974-10-01T00:00:00Z,1975-10-01T00:00:00Z,-120.318,39.819
398190N1203179W001,818504,1974-05-03T00:00:00Z,4901.93,4899.93,0,-8.2,4910.13,-8.2,-10.2,NA,Unknown,Water level accuracy is unknown,1,Department of Water Resources,NA,1,Department of Water Resources,NA,NA,22078,23N15E29H001M,23N15E29H001M,Unknown,Unknown,5-012.01,Sierra Valley,Plumas,145,Stockwatering,Single Well,NA,1958-10-01 - 2015-10-19,113,spring,NA,NA,-11.1,18.95,1974,Wet,1973-10-01T00:00:00Z,1974-10-01T00:00:00Z,-120.318,39.819
398190N1203179W001,818502,1973-04-12T00:00:00Z,4901.93,4899.93,0,-8.5,4910.43,-8.5,-10.5,NA,Unknown,Water level accuracy is unknown,1,Department of Water Resources,NA,1,Department of Water Resources,NA,NA,22078,23N15E29H001M,23N15E29H001M,Unknown,Unknown,5-012.01,Sierra Valley,Plumas,145,Stockwatering,Single Well,NA,1958-10-01 - 2015-10-19,113,spring,NA,NA,-11.1,18.95,1973,NA,1972-10-01T00:00:00Z,1973-10-01T00:00:00Z,-120.318,39.819
398190N1203179W001,818501,1972-10-09T00:00:00Z,4901.93,4899.93,0,-7.3,4909.23,-7.3,-9.3,NA,Unknown,Water level accuracy is unknown,1,Department of Water Resources,NA,1,Department of Water Resources,NA,NA,22078,23N15E29H001M,23N15E29H001M,Unknown,Unknown,5-012.01,Sierra Valley,Plumas,145,Stockwatering,Single Well,NA,1958-10-01 - 2015-10-19,113,fall,-10.1,28.66,NA,NA,1973,NA,1972-10-01T00:00:00Z,1973-10-01T00:00:00Z,-120.318,39.819
398190N1203179W001,818500,1972-04-27T00:00:00Z,4901.93,4899.93,0,-9.1,4911.03,-9.1,-11.1,NA,Unknown,Water level accuracy is unknown,1,Department of Water Resources,NA,1,Department of Water Resources,NA,NA,22078,23N15E29H001M,23N15E29H001M,Unknown,Unknown,5-012.01,Sierra Valley,Plumas,145,Stockwatering,Single Well,NA,1958-10-01 - 2015-10-19,113,spring,NA,NA,-11.1,18.95,1972,NA,1971-10-01T00:00:00Z,1972-10-01T00:00:00Z,-120.318,39.819
398190N1203179W001,818499,1971-10-07T00:00:00Z,4901.93,4899.93,0,-8.1,4910.03,-8.1,-10.1,NA,Unknown,Water level accuracy is unknown,1,Department of Water Resources,NA,1,Department of Water Resources,NA,NA,22078,23N15E29H001M,23N15E29H001M,Unknown,Unknown,5-012.01,Sierra Valley,Plumas,145,Stockwatering,Single Well,NA,1958-10-01 - 2015-10-19,113,fall,-10.1,28.66,NA,NA,1972,NA,1971-10-01T00:00:00Z,1972-10-01T00:00:00Z,-120.318,39.819
398190N1203179W001,818498,1971-05-06T00:00:00Z,4901.93,4899.93,0,-9,4910.93,-9,-11,NA,Unknown,Water level accuracy is unknown,1,Department of Water Resources,NA,1,Department of Water Resources,NA,NA,22078,23N15E29H001M,23N15E29H001M,Unknown,Unknown,5-012.01,Sierra Valley,Plumas,145,Stockwatering,Single Well,NA,1958-10-01 - 2015-10-19,113,spring,NA,NA,-11.1,18.95,1971,NA,1970-10-01T00:00:00Z,1971-10-01T00:00:00Z,-120.318,39.819
398190N1203179W001,818497,1970-10-14T00:00:00Z,4901.93,4899.93,0,-7.9,4909.83,-7.9,-9.9,NA,Unknown,Water level accuracy is unknown,1,Department of Water Resources,NA,1,Department of Water Resources,NA,NA,22078,23N15E29H001M,23N15E29H001M,Unknown,Unknown,5-012.01,Sierra Valley,Plumas,145,Stockwatering,Single Well,NA,1958-10-01 - 2015-10-19,113,fall,-10.1,28.66,NA,NA,1971,NA,1970-10-01T00:00:00Z,1971-10-01T00:00:00Z,-120.318,39.819
398190N1203179W001,818496,1970-05-06T00:00:00Z,4901.93,4899.93,0,-8.6,4910.53,-8.6,-10.6,NA,Unknown,Water level accuracy is unknown,1,Department of Water Resources,NA,1,Department of Water Resources,NA,NA,22078,23N15E29H001M,23N15E29H001M,Unknown,Unknown,5-012.01,Sierra Valley,Plumas,145,Stockwatering,Single Well,NA,1958-10-01 - 2015-10-19,113,spring,NA,NA,-11.1,18.95,1970,NA,1969-10-01T00:00:00Z,1970-10-01T00:00:00Z,-120.318,39.819
398190N1203179W001,818495,1969-10-23T00:00:00Z,4901.93,4899.93,0,-7.8,4909.73,-7.8,-9.8,NA,Unknown,Water level accuracy is unknown,1,Department of Water Resources,NA,1,Department of Water Resources,NA,NA,22078,23N15E29H001M,23N15E29H001M,Unknown,Unknown,5-012.01,Sierra Valley,Plumas,145,Stockwatering,Single Well,NA,1958-10-01 - 2015-10-19,113,fall,-10.1,28.66,NA,NA,1970,NA,1969-10-01T00:00:00Z,1970-10-01T00:00:00Z,-120.318,39.819
398190N1203179W001,818494,1969-04-30T00:00:00Z,4901.93,4899.93,0,-9,4910.93,-9,-11,NA,Unknown,Water level accuracy is unknown,1,Department of Water Resources,NA,1,Department of Water Resources,NA,NA,22078,23N15E29H001M,23N15E29H001M,Unknown,Unknown,5-012.01,Sierra Valley,Plumas,145,Stockwatering,Single Well,NA,1958-10-01 - 2015-10-19,113,spring,NA,NA,-11.1,18.95,1969,Wet,1968-10-01T00:00:00Z,1969-10-01T00:00:00Z,-120.318,39.819
398190N1203179W001,818493,1968-10-16T00:00:00Z,4901.93,4899.93,0,-7,4908.93,-7,-9,NA,Unknown,Water level accuracy is unknown,1,Department of Water Resources,NA,1,Department of Water Resources,NA,NA,22078,23N15E29H001M,23N15E29H001M,Unknown,Unknown,5-012.01,Sierra Valley,Plumas,145,Stockwatering,Single Well,NA,1958-10-01 - 2015-10-19,113,fall,-10.1,28.66,NA,NA,1969,Wet,1968-10-01T00:00:00Z,1969-10-01T00:00:00Z,-120.318,39.819
398190N1203179W001,818492,1968-04-23T00:00:00Z,4901.93,4899.93,0,-7.9,4909.83,-7.9,-9.9,NA,Unknown,Water level accuracy is unknown,1,Department of Water Resources,NA,1,Department of Water Resources,NA,NA,22078,23N15E29H001M,23N15E29H001M,Unknown,Unknown,5-012.01,Sierra Valley,Plumas,145,Stockwatering,Single Well,NA,1958-10-01 - 2015-10-19,113,spring,NA,NA,-11.1,18.95,1968,NA,1967-10-01T00:00:00Z,1968-10-01T00:00:00Z,-120.318,39.819
398190N1203179W001,818491,1967-10-05T00:00:00Z,4901.93,4899.93,0,-7.1,4909.03,-7.1,-9.1,NA,Unknown,Water level accuracy is unknown,1,Department of Water Resources,NA,1,Department of Water Resources,NA,NA,22078,23N15E29H001M,23N15E29H001M,Unknown,Unknown,5-012.01,Sierra Valley,Plumas,145,Stockwatering,Single Well,NA,1958-10-01 - 2015-10-19,113,fall,-10.1,28.66,NA,NA,1968,NA,1967-10-01T00:00:00Z,1968-10-01T00:00:00Z,-120.318,39.819
398190N1203179W001,818490,1967-05-10T00:00:00Z,4901.93,4899.93,0,-6.9,4908.83,-6.9,-8.9,NA,Unknown,Water level accuracy is unknown,1,Department of Water Resources,NA,1,Department of Water Resources,NA,NA,22078,23N15E29H001M,23N15E29H001M,Unknown,Unknown,5-012.01,Sierra Valley,Plumas,145,Stockwatering,Single Well,NA,1958-10-01 - 2015-10-19,113,spring,NA,NA,-11.1,18.95,1967,Wet,1966-10-01T00:00:00Z,1967-10-01T00:00:00Z,-120.318,39.819
398190N1203179W001,818489,1966-10-18T00:00:00Z,4901.93,4899.93,0,-5.2,4907.13,-5.2,-7.2,NA,Unknown,Water level accuracy is unknown,1,Department of Water Resources,NA,1,Department of Water Resources,NA,NA,22078,23N15E29H001M,23N15E29H001M,Unknown,Unknown,5-012.01,Sierra Valley,Plumas,145,Stockwatering,Single Well,NA,1958-10-01 - 2015-10-19,113,fall,-10.1,28.66,NA,NA,1967,Wet,1966-10-01T00:00:00Z,1967-10-01T00:00:00Z,-120.318,39.819
398190N1203179W001,818488,1966-04-26T00:00:00Z,4901.93,4899.93,0,-6.9,4908.83,-6.9,-8.9,NA,Unknown,Water level accuracy is unknown,1,Department of Water Resources,NA,1,Department of Water Resources,NA,NA,22078,23N15E29H001M,23N15E29H001M,Unknown,Unknown,5-012.01,Sierra Valley,Plumas,145,Stockwatering,Single Well,NA,1958-10-01 - 2015-10-19,113,spring,NA,NA,-11.1,18.95,1966,NA,1965-10-01T00:00:00Z,1966-10-01T00:00:00Z,-120.318,39.819
398190N1203179W001,818487,1965-04-13T00:00:00Z,4901.93,4899.93,0,-6.6,4908.53,-6.6,-8.6,NA,Unknown,Water level accuracy is unknown,1,Department of Water Resources,NA,1,Department of Water Resources,NA,NA,22078,23N15E29H001M,23N15E29H001M,Unknown,Unknown,5-012.01,Sierra Valley,Plumas,145,Stockwatering,Single Well,NA,1958-10-01 - 2015-10-19,113,spring,NA,NA,-11.1,18.95,1965,Wet,1964-10-01T00:00:00Z,1965-10-01T00:00:00Z,-120.318,39.819
398190N1203179W001,818486,1964-10-13T00:00:00Z,4901.93,4899.93,0,-4.3,4906.23,-4.3,-6.3,NA,Unknown,Water level accuracy is unknown,1,Department of Water Resources,NA,1,Department of Water Resources,NA,NA,22078,23N15E29H001M,23N15E29H001M,Unknown,Unknown,5-012.01,Sierra Valley,Plumas,145,Stockwatering,Single Well,NA,1958-10-01 - 2015-10-19,113,fall,-10.1,28.66,NA,NA,1965,Wet,1964-10-01T00:00:00Z,1965-10-01T00:00:00Z,-120.318,39.819
398190N1203179W001,818485,1963-10-07T00:00:00Z,4901.93,4899.93,0,-2.8,4904.73,-2.8,-4.8,NA,Unknown,Water level accuracy is unknown,1,Department of Water Resources,NA,1,Department of Water Resources,NA,NA,22078,23N15E29H001M,23N15E29H001M,Unknown,Unknown,5-012.01,Sierra Valley,Plumas,145,Stockwatering,Single Well,NA,1958-10-01 - 2015-10-19,113,fall,-10.1,28.66,NA,NA,1964,Dry,1963-10-01T00:00:00Z,1964-10-01T00:00:00Z,-120.318,39.819
398190N1203179W001,818484,1962-10-23T00:00:00Z,4901.93,4899.93,0,-3.2,4905.13,-3.2,-5.2,NA,Unknown,Water level accuracy is unknown,1,Department of Water Resources,NA,1,Department of Water Resources,NA,NA,22078,23N15E29H001M,23N15E29H001M,Unknown,Unknown,5-012.01,Sierra Valley,Plumas,145,Stockwatering,Single Well,NA,1958-10-01 - 2015-10-19,113,fall,-10.1,28.66,NA,NA,1963,Wet,1962-10-01T00:00:00Z,1963-10-01T00:00:00Z,-120.318,39.819
398190N1203179W001,818483,1961-10-18T00:00:00Z,4901.93,4899.93,0,-3.6,4905.53,-3.6,-5.6,NA,Unknown,Water level accuracy is unknown,1,Department of Water Resources,NA,1,Department of Water Resources,NA,NA,22078,23N15E29H001M,23N15E29H001M,Unknown,Unknown,5-012.01,Sierra Valley,Plumas,145,Stockwatering,Single Well,NA,1958-10-01 - 2015-10-19,113,fall,-10.1,28.66,NA,NA,1962,NA,1961-10-01T00:00:00Z,1962-10-01T00:00:00Z,-120.318,39.819
398190N1203179W001,818482,1960-09-20T00:00:00Z,4901.93,4899.93,0,-3.2,4905.13,-3.2,-5.2,NA,Unknown,Water level accuracy is unknown,1,Department of Water Resources,NA,1,Department of Water Resources,NA,NA,22078,23N15E29H001M,23N15E29H001M,Unknown,Unknown,5-012.01,Sierra Valley,Plumas,145,Stockwatering,Single Well,NA,1958-10-01 - 2015-10-19,113,fall,-10.1,28.66,NA,NA,1960,Dry,1959-10-01T00:00:00Z,1960-10-01T00:00:00Z,-120.318,39.819
398190N1203179W001,818481,1960-04-11T00:00:00Z,4901.93,4899.93,0,-2.1,4904.03,-2.1,-4.1,NA,Unknown,Water level accuracy is unknown,1,Department of Water Resources,NA,1,Department of Water Resources,NA,NA,22078,23N15E29H001M,23N15E29H001M,Unknown,Unknown,5-012.01,Sierra Valley,Plumas,145,Stockwatering,Single Well,NA,1958-10-01 - 2015-10-19,113,spring,NA,NA,-11.1,18.95,1960,Dry,1959-10-01T00:00:00Z,1960-10-01T00:00:00Z,-120.318,39.819
398190N1203179W001,818480,1959-09-22T00:00:00Z,4901.93,4899.93,0,-2.6,4904.53,-2.6,-4.6,NA,Unknown,Water level accuracy is unknown,1,Department of Water Resources,NA,1,Department of Water Resources,NA,NA,22078,23N15E29H001M,23N15E29H001M,Unknown,Unknown,5-012.01,Sierra Valley,Plumas,145,Stockwatering,Single Well,NA,1958-10-01 - 2015-10-19,113,fall,-10.1,28.66,NA,NA,1959,NA,1958-10-01T00:00:00Z,1959-10-01T00:00:00Z,-120.318,39.819
398190N1203179W001,818479,1959-04-22T00:00:00Z,4901.93,4899.93,0,-5,4906.93,-5,-7,NA,Unknown,Water level accuracy is unknown,1,Department of Water Resources,NA,1,Department of Water Resources,NA,NA,22078,23N15E29H001M,23N15E29H001M,Unknown,Unknown,5-012.01,Sierra Valley,Plumas,145,Stockwatering,Single Well,NA,1958-10-01 - 2015-10-19,113,spring,NA,NA,-11.1,18.95,1959,NA,1958-10-01T00:00:00Z,1959-10-01T00:00:00Z,-120.318,39.819
398190N1203179W001,818478,1958-10-01T00:00:00Z,4901.93,4899.93,0,-4.9,4906.83,-4.9,-6.9,NA,Unknown,Water level accuracy is unknown,1,Department of Water Resources,NA,1,Department of Water Resources,NA,NA,22078,23N15E29H001M,23N15E29H001M,Unknown,Unknown,5-012.01,Sierra Valley,Plumas,145,Stockwatering,Single Well,NA,1958-10-01 - 2015-10-19,113,fall,-10.1,28.66,NA,NA,1959,NA,1958-10-01T00:00:00Z,1959-10-01T00:00:00Z,-120.318,39.819
