SITE_CODE,WLM_ID,MSMT_DATE,WLM_RPE,WLM_GSE,RDNG_WS,RDNG_RP,WSE,RPE_WSE,GSE_WSE,WLM_QA_DESC,WLM_DESC,WLM_ACC_DESC,WLM_ORG_ID,WLM_ORG_NAME,MSMT_CMT,COOP_AGENCY_ORG_ID,COOP_ORG_NAME,TOP_PRF,BOT_PRF,STN_ID,SWN,WELL_NAME,WLM_METHOD,WLM_ACC,BASIN_CODE,BASIN_NAME,COUNTY_NAME,WELL_DEPTH,WELL_USE,WELL_TYPE,WCR_NO,t_range,n_samples,season,fall_high,fall_low,spring_high,spring_low,water_year,water_year_type,water_year_start,water_year_end,X,Y
398156N1201258W001,1773257,1998-10-14T00:00:00Z,5089.11,5088.61,0,0.8,5088.31,0.8,0.3,Other,Unknown,Water level accuracy is unknown,1,Department of Water Resources,NA,1,Department of Water Resources,NA,NA,22564,23N17E30M001M,NA,Unknown,Unknown,5-012.02,Chilcoot,Plumas,120,Stockwatering,Unknown,NONE,1981-05-15 - 2000-03-26,40,fall,-0.1,3.3,NA,NA,1999,NA,1998-10-01T00:00:00Z,1999-10-01T00:00:00Z,-120.126,39.8156
398156N1201258W001,1773256,1997-10-15T00:00:00Z,5089.11,5088.61,0,0.8,5088.31,0.8,0.3,NA,Unknown,Water level accuracy is unknown,1,Department of Water Resources,NA,1,Department of Water Resources,NA,NA,22564,23N17E30M001M,NA,Unknown,Unknown,5-012.02,Chilcoot,Plumas,120,Stockwatering,Unknown,NONE,1981-05-15 - 2000-03-26,40,fall,-0.1,3.3,NA,NA,1998,NA,1997-10-01T00:00:00Z,1998-10-01T00:00:00Z,-120.126,39.8156
398156N1201258W001,1773254,1996-10-29T00:00:00Z,5089.11,5088.61,0,0.4,5088.71,0.4,-0.1,NA,Unknown,Water level accuracy is unknown,1,Department of Water Resources,NA,1,Department of Water Resources,NA,NA,22564,23N17E30M001M,NA,Unknown,Unknown,5-012.02,Chilcoot,Plumas,120,Stockwatering,Unknown,NONE,1981-05-15 - 2000-03-26,40,fall,-0.1,3.3,NA,NA,1997,NA,1996-10-01T00:00:00Z,1997-10-01T00:00:00Z,-120.126,39.8156
398156N1201258W001,1773252,1995-10-24T00:00:00Z,5089.11,5088.61,0,1,5088.11,1,0.5,NA,Unknown,Water level accuracy is unknown,1,Department of Water Resources,NA,1,Department of Water Resources,NA,NA,22564,23N17E30M001M,NA,Unknown,Unknown,5-012.02,Chilcoot,Plumas,120,Stockwatering,Unknown,NONE,1981-05-15 - 2000-03-26,40,fall,-0.1,3.3,NA,NA,1996,NA,1995-10-01T00:00:00Z,1996-10-01T00:00:00Z,-120.126,39.8156
398156N1201258W001,1773250,1994-10-28T00:00:00Z,5089.11,5088.61,0,3.8,5085.31,3.8,3.3,NA,Unknown,Water level accuracy is unknown,1,Department of Water Resources,NA,1,Department of Water Resources,NA,NA,22564,23N17E30M001M,NA,Unknown,Unknown,5-012.02,Chilcoot,Plumas,120,Stockwatering,Unknown,NONE,1981-05-15 - 2000-03-26,40,fall,-0.1,3.3,NA,NA,1995,Wet,1994-10-01T00:00:00Z,1995-10-01T00:00:00Z,-120.126,39.8156
398156N1201258W001,1773249,1994-03-30T00:00:00Z,5089.11,5088.61,0,1.5,5087.61,1.5,1,NA,Unknown,Water level accuracy is unknown,1,Department of Water Resources,NA,1,Department of Water Resources,NA,NA,22564,23N17E30M001M,NA,Unknown,Unknown,5-012.02,Chilcoot,Plumas,120,Stockwatering,Unknown,NONE,1981-05-15 - 2000-03-26,40,spring,NA,NA,-1.5,3.8,1994,Dry,1993-10-01T00:00:00Z,1994-10-01T00:00:00Z,-120.126,39.8156
398156N1201258W001,1773248,1993-10-19T00:00:00Z,5089.11,5088.61,0,0.9,5088.21,0.9,0.4,NA,Unknown,Water level accuracy is unknown,1,Department of Water Resources,NA,1,Department of Water Resources,NA,NA,22564,23N17E30M001M,NA,Unknown,Unknown,5-012.02,Chilcoot,Plumas,120,Stockwatering,Unknown,NONE,1981-05-15 - 2000-03-26,40,fall,-0.1,3.3,NA,NA,1994,Dry,1993-10-01T00:00:00Z,1994-10-01T00:00:00Z,-120.126,39.8156
398156N1201258W001,1773246,1992-10-20T00:00:00Z,5088.61,5088.61,0,2.9,5085.71,2.9,2.9,NA,Unknown,Water level accuracy is unknown,1,Department of Water Resources,NA,1,Department of Water Resources,NA,NA,22564,23N17E30M001M,NA,Unknown,Unknown,5-012.02,Chilcoot,Plumas,120,Stockwatering,Unknown,NONE,1981-05-15 - 2000-03-26,40,fall,-0.1,3.3,NA,NA,1993,NA,1992-10-01T00:00:00Z,1993-10-01T00:00:00Z,-120.126,39.8156
398156N1201258W001,1773245,1992-03-25T00:00:00Z,5088.61,5088.61,0,1.7,5086.91,1.7,1.7,NA,Unknown,Water level accuracy is unknown,1,Department of Water Resources,NA,1,Department of Water Resources,NA,NA,22564,23N17E30M001M,NA,Unknown,Unknown,5-012.02,Chilcoot,Plumas,120,Stockwatering,Unknown,NONE,1981-05-15 - 2000-03-26,40,spring,NA,NA,-1.5,3.8,1992,NA,1991-10-01T00:00:00Z,1992-10-01T00:00:00Z,-120.126,39.8156
398156N1201258W001,1773244,1991-10-23T00:00:00Z,5088.61,5088.61,0,1.6,5087.01,1.6,1.6,NA,Unknown,Water level accuracy is unknown,1,Department of Water Resources,NA,1,Department of Water Resources,NA,NA,22564,23N17E30M001M,NA,Unknown,Unknown,5-012.02,Chilcoot,Plumas,120,Stockwatering,Unknown,NONE,1981-05-15 - 2000-03-26,40,fall,-0.1,3.3,NA,NA,1992,NA,1991-10-01T00:00:00Z,1992-10-01T00:00:00Z,-120.126,39.8156
398156N1201258W001,1773243,1991-02-27T00:00:00Z,5088.61,5088.61,0,0.4,5088.21,0.4,0.4,NA,Unknown,Water level accuracy is unknown,1,Department of Water Resources,NA,1,Department of Water Resources,NA,NA,22564,23N17E30M001M,NA,Unknown,Unknown,5-012.02,Chilcoot,Plumas,120,Stockwatering,Unknown,NONE,1981-05-15 - 2000-03-26,40,other,NA,NA,NA,NA,1991,NA,1990-10-01T00:00:00Z,1991-10-01T00:00:00Z,-120.126,39.8156
398156N1201258W001,1773230,1984-03-15T00:00:00Z,5089.11,5088.61,0,-1,5090.11,-1,-1.5,Air or pressure gauge measurement,Unknown,Water level accuracy is unknown,1,Department of Water Resources,NA,1,Department of Water Resources,NA,NA,22564,23N17E30M001M,NA,Unknown,Unknown,5-012.02,Chilcoot,Plumas,120,Stockwatering,Unknown,NONE,1981-05-15 - 2000-03-26,40,spring,NA,NA,-1.5,3.8,1984,NA,1983-10-01T00:00:00Z,1984-10-01T00:00:00Z,-120.126,39.8156
398156N1201258W001,1773229,1983-09-27T00:00:00Z,5089.11,5088.61,0,1.7,5087.41,1.7,1.2,NA,Unknown,Water level accuracy is unknown,1,Department of Water Resources,NA,1,Department of Water Resources,NA,NA,22564,23N17E30M001M,NA,Unknown,Unknown,5-012.02,Chilcoot,Plumas,120,Stockwatering,Unknown,NONE,1981-05-15 - 2000-03-26,40,fall,-0.1,3.3,NA,NA,1983,NA,1982-10-01T00:00:00Z,1983-10-01T00:00:00Z,-120.126,39.8156
398156N1201258W001,1773226,1981-10-06T00:00:00Z,5089.11,5088.61,0,3,5086.11,3,2.5,NA,Unknown,Water level accuracy is unknown,1,Department of Water Resources,NA,1,Department of Water Resources,NA,NA,22564,23N17E30M001M,NA,Unknown,Unknown,5-012.02,Chilcoot,Plumas,120,Stockwatering,Unknown,NONE,1981-05-15 - 2000-03-26,40,fall,-0.1,3.3,NA,NA,1982,Wet,1981-10-01T00:00:00Z,1982-10-01T00:00:00Z,-120.126,39.8156
398156N1201258W001,1773225,1981-09-14T00:00:00Z,5089.81,5088.61,0,2.6,5087.21,2.6,1.4,NA,Unknown,Water level accuracy is unknown,1,Department of Water Resources,NA,1,Department of Water Resources,NA,NA,22564,23N17E30M001M,NA,Unknown,Unknown,5-012.02,Chilcoot,Plumas,120,Stockwatering,Unknown,NONE,1981-05-15 - 2000-03-26,40,fall,-0.1,3.3,NA,NA,1981,Dry,1980-10-01T00:00:00Z,1981-10-01T00:00:00Z,-120.126,39.8156
398156N1201258W001,1773224,1981-08-25T00:00:00Z,5089.81,5088.61,0,2.4,5087.41,2.4,1.2,NA,Unknown,Water level accuracy is unknown,1,Department of Water Resources,NA,1,Department of Water Resources,NA,NA,22564,23N17E30M001M,NA,Unknown,Unknown,5-012.02,Chilcoot,Plumas,120,Stockwatering,Unknown,NONE,1981-05-15 - 2000-03-26,40,fall,-0.1,3.3,NA,NA,1981,Dry,1980-10-01T00:00:00Z,1981-10-01T00:00:00Z,-120.126,39.8156
398156N1201258W001,1773223,1981-08-13T00:00:00Z,5089.81,5088.61,0,3,5086.81,3,1.8,NA,Unknown,Water level accuracy is unknown,1,Department of Water Resources,NA,1,Department of Water Resources,NA,NA,22564,23N17E30M001M,NA,Unknown,Unknown,5-012.02,Chilcoot,Plumas,120,Stockwatering,Unknown,NONE,1981-05-15 - 2000-03-26,40,fall,-0.1,3.3,NA,NA,1981,Dry,1980-10-01T00:00:00Z,1981-10-01T00:00:00Z,-120.126,39.8156
398156N1201258W001,1773222,1981-05-15T00:00:00Z,5089.81,5088.61,0,5,5084.81,5,3.8,NA,Unknown,Water level accuracy is unknown,1,Department of Water Resources,NA,1,Department of Water Resources,NA,NA,22564,23N17E30M001M,NA,Unknown,Unknown,5-012.02,Chilcoot,Plumas,120,Stockwatering,Unknown,NONE,1981-05-15 - 2000-03-26,40,spring,NA,NA,-1.5,3.8,1981,Dry,1980-10-01T00:00:00Z,1981-10-01T00:00:00Z,-120.126,39.8156
