SITE_CODE,WLM_ID,MSMT_DATE,WLM_RPE,WLM_GSE,RDNG_WS,RDNG_RP,WSE,RPE_WSE,GSE_WSE,WLM_QA_DESC,WLM_DESC,WLM_ACC_DESC,WLM_ORG_ID,WLM_ORG_NAME,MSMT_CMT,COOP_AGENCY_ORG_ID,COOP_ORG_NAME,TOP_PRF,BOT_PRF,STN_ID,SWN,WELL_NAME,WLM_METHOD,WLM_ACC,BASIN_CODE,BASIN_NAME,COUNTY_NAME,WELL_DEPTH,WELL_USE,WELL_TYPE,WCR_NO,t_range,n_samples,season,fall_high,fall_low,spring_high,spring_low,water_year,water_year_type,water_year_start,water_year_end,X,Y
398100N1202582W001,59961,2012-04-17T00:00:00Z,4901.56,4900.56,9.8,60,4851.36,50.2,49.2,NA,Steel tape measurement,Water level accuracy to nearest tenth of a foot,1,Department of Water Resources,NA,1,Department of Water Resources,440,763,22075,23N15E26R001M,23N15E26R001M,Unknown,Unknown,5-012.01,Sierra Valley,Plumas,763,Irrigation,Single Well,72992,1981-04-10 - 2017-10-16,85,spring,NA,NA,10.7,60.05,2012,NA,2011-10-01T00:00:00Z,2012-10-01T00:00:00Z,-120.258,39.81
398100N1202582W001,1773007,2011-10-19T00:00:00Z,4901.56,4900.56,0,96.5,4805.06,96.5,95.5,NA,Unknown,Water level accuracy is unknown,1,Department of Water Resources,NA,1,Department of Water Resources,440,763,22075,23N15E26R001M,23N15E26R001M,Unknown,Unknown,5-012.01,Sierra Valley,Plumas,763,Irrigation,Single Well,72992,1981-04-10 - 2017-10-16,85,fall,40.9,108.95,NA,NA,2012,NA,2011-10-01T00:00:00Z,2012-10-01T00:00:00Z,-120.258,39.81
398100N1202582W001,39809,2011-10-19T00:00:00Z,4901.56,4900.56,0,96.5,4805.06,96.5,95.5,NA,Steel tape measurement,Water level accuracy to nearest tenth of a foot,1,Department of Water Resources,NA,1,Department of Water Resources,440,763,22075,23N15E26R001M,23N15E26R001M,Unknown,Unknown,5-012.01,Sierra Valley,Plumas,763,Irrigation,Single Well,72992,1981-04-10 - 2017-10-16,85,fall,40.9,108.95,NA,NA,2012,NA,2011-10-01T00:00:00Z,2012-10-01T00:00:00Z,-120.258,39.81
398100N1202582W001,1773006,2011-04-26T00:00:00Z,4901.56,4900.56,0,54.6,4846.96,54.6,53.6,Oil or foreign substance in casing,Unknown,Water level accuracy is unknown,1,Department of Water Resources,NA,1,Department of Water Resources,440,763,22075,23N15E26R001M,23N15E26R001M,Unknown,Unknown,5-012.01,Sierra Valley,Plumas,763,Irrigation,Single Well,72992,1981-04-10 - 2017-10-16,85,spring,NA,NA,10.7,60.05,2011,Wet,2010-10-01T00:00:00Z,2011-10-01T00:00:00Z,-120.258,39.81
398100N1202582W001,1773005,2010-10-26T00:00:00Z,4901.56,4900.56,0,101.5,4800.06,101.5,100.5,NA,Unknown,Water level accuracy is unknown,1,Department of Water Resources,NA,1,Department of Water Resources,440,763,22075,23N15E26R001M,23N15E26R001M,Unknown,Unknown,5-012.01,Sierra Valley,Plumas,763,Irrigation,Single Well,72992,1981-04-10 - 2017-10-16,85,fall,40.9,108.95,NA,NA,2011,Wet,2010-10-01T00:00:00Z,2011-10-01T00:00:00Z,-120.258,39.81
398100N1202582W001,1773004,2010-04-06T00:00:00Z,4901.56,4900.56,0,61.05,4840.51,61.05,60.05,Oil or foreign substance in casing,Unknown,Water level accuracy is unknown,1,Department of Water Resources,NA,1,Department of Water Resources,440,763,22075,23N15E26R001M,23N15E26R001M,Unknown,Unknown,5-012.01,Sierra Valley,Plumas,763,Irrigation,Single Well,72992,1981-04-10 - 2017-10-16,85,spring,NA,NA,10.7,60.05,2010,NA,2009-10-01T00:00:00Z,2010-10-01T00:00:00Z,-120.258,39.81
398100N1202582W001,1773003,2009-10-27T00:00:00Z,4901.56,4900.56,0,109.95,4791.61,109.95,108.95,NA,Unknown,Water level accuracy is unknown,1,Department of Water Resources,NA,1,Department of Water Resources,440,763,22075,23N15E26R001M,23N15E26R001M,Unknown,Unknown,5-012.01,Sierra Valley,Plumas,763,Irrigation,Single Well,72992,1981-04-10 - 2017-10-16,85,fall,40.9,108.95,NA,NA,2010,NA,2009-10-01T00:00:00Z,2010-10-01T00:00:00Z,-120.258,39.81
398100N1202582W001,1773002,2009-04-14T00:00:00Z,4901.56,4900.56,0,56,4845.56,56,55,NA,Unknown,Water level accuracy is unknown,1,Department of Water Resources,NA,1,Department of Water Resources,440,763,22075,23N15E26R001M,23N15E26R001M,Unknown,Unknown,5-012.01,Sierra Valley,Plumas,763,Irrigation,Single Well,72992,1981-04-10 - 2017-10-16,85,spring,NA,NA,10.7,60.05,2009,NA,2008-10-01T00:00:00Z,2009-10-01T00:00:00Z,-120.258,39.81
398100N1202582W001,1773001,2008-10-28T00:00:00Z,4901.56,4900.56,0,108.2,4793.36,108.2,107.2,NA,Unknown,Water level accuracy is unknown,1,Department of Water Resources,NA,1,Department of Water Resources,440,763,22075,23N15E26R001M,23N15E26R001M,Unknown,Unknown,5-012.01,Sierra Valley,Plumas,763,Irrigation,Single Well,72992,1981-04-10 - 2017-10-16,85,fall,40.9,108.95,NA,NA,2009,NA,2008-10-01T00:00:00Z,2009-10-01T00:00:00Z,-120.258,39.81
398100N1202582W001,1772999,2008-04-10T00:00:00Z,4901.56,4900.56,0,52.2,4849.36,52.2,51.2,NA,Unknown,Water level accuracy is unknown,1,Department of Water Resources,NA,1,Department of Water Resources,440,763,22075,23N15E26R001M,23N15E26R001M,Unknown,Unknown,5-012.01,Sierra Valley,Plumas,763,Irrigation,Single Well,72992,1981-04-10 - 2017-10-16,85,spring,NA,NA,10.7,60.05,2008,NA,2007-10-01T00:00:00Z,2008-10-01T00:00:00Z,-120.258,39.81
398100N1202582W001,1773000,2007-10-26T00:00:00Z,4901.56,4900.56,0,104.9,4796.66,104.9,103.9,NA,Unknown,Water level accuracy is unknown,1,Department of Water Resources,NA,1,Department of Water Resources,440,763,22075,23N15E26R001M,23N15E26R001M,Unknown,Unknown,5-012.01,Sierra Valley,Plumas,763,Irrigation,Single Well,72992,1981-04-10 - 2017-10-16,85,fall,40.9,108.95,NA,NA,2008,NA,2007-10-01T00:00:00Z,2008-10-01T00:00:00Z,-120.258,39.81
398100N1202582W001,1772998,2007-04-10T00:00:00Z,4901.56,4900.56,0,46.4,4855.16,46.4,45.4,NA,Unknown,Water level accuracy is unknown,1,Department of Water Resources,NA,1,Department of Water Resources,440,763,22075,23N15E26R001M,23N15E26R001M,Unknown,Unknown,5-012.01,Sierra Valley,Plumas,763,Irrigation,Single Well,72992,1981-04-10 - 2017-10-16,85,spring,NA,NA,10.7,60.05,2007,Dry,2006-10-01T00:00:00Z,2007-10-01T00:00:00Z,-120.258,39.81
398100N1202582W001,1772997,2006-10-18T00:00:00Z,4901.56,4900.56,0,96.5,4805.06,96.5,95.5,NA,Unknown,Water level accuracy is unknown,1,Department of Water Resources,NA,1,Department of Water Resources,440,763,22075,23N15E26R001M,23N15E26R001M,Unknown,Unknown,5-012.01,Sierra Valley,Plumas,763,Irrigation,Single Well,72992,1981-04-10 - 2017-10-16,85,fall,40.9,108.95,NA,NA,2007,Dry,2006-10-01T00:00:00Z,2007-10-01T00:00:00Z,-120.258,39.81
398100N1202582W001,1772996,2006-04-17T00:00:00Z,4901.56,4900.56,0,47.5,4854.06,47.5,46.5,NA,Unknown,Water level accuracy is unknown,1,Department of Water Resources,NA,1,Department of Water Resources,440,763,22075,23N15E26R001M,23N15E26R001M,Unknown,Unknown,5-012.01,Sierra Valley,Plumas,763,Irrigation,Single Well,72992,1981-04-10 - 2017-10-16,85,spring,NA,NA,10.7,60.05,2006,Wet,2005-10-01T00:00:00Z,2006-10-01T00:00:00Z,-120.258,39.81
398100N1202582W001,1772995,2005-10-26T00:00:00Z,4901.56,4900.56,0,97.1,4804.46,97.1,96.1,NA,Unknown,Water level accuracy is unknown,1,Department of Water Resources,NA,1,Department of Water Resources,440,763,22075,23N15E26R001M,23N15E26R001M,Unknown,Unknown,5-012.01,Sierra Valley,Plumas,763,Irrigation,Single Well,72992,1981-04-10 - 2017-10-16,85,fall,40.9,108.95,NA,NA,2006,Wet,2005-10-01T00:00:00Z,2006-10-01T00:00:00Z,-120.258,39.81
398100N1202582W001,1772994,2005-04-05T00:00:00Z,4901.56,4900.56,0,48.7,4852.86,48.7,47.7,NA,Unknown,Water level accuracy is unknown,1,Department of Water Resources,NA,1,Department of Water Resources,440,763,22075,23N15E26R001M,23N15E26R001M,Unknown,Unknown,5-012.01,Sierra Valley,Plumas,763,Irrigation,Single Well,72992,1981-04-10 - 2017-10-16,85,spring,NA,NA,10.7,60.05,2005,NA,2004-10-01T00:00:00Z,2005-10-01T00:00:00Z,-120.258,39.81
398100N1202582W001,1772993,2004-10-14T00:00:00Z,4901.56,4900.56,0,99.9,4801.66,99.9,98.9,NA,Unknown,Water level accuracy is unknown,1,Department of Water Resources,NA,1,Department of Water Resources,440,763,22075,23N15E26R001M,23N15E26R001M,Unknown,Unknown,5-012.01,Sierra Valley,Plumas,763,Irrigation,Single Well,72992,1981-04-10 - 2017-10-16,85,fall,40.9,108.95,NA,NA,2005,NA,2004-10-01T00:00:00Z,2005-10-01T00:00:00Z,-120.258,39.81
398100N1202582W001,1772992,2004-04-08T00:00:00Z,4901.56,4900.56,0,46.3,4855.26,46.3,45.3,NA,Unknown,Water level accuracy is unknown,1,Department of Water Resources,NA,1,Department of Water Resources,440,763,22075,23N15E26R001M,23N15E26R001M,Unknown,Unknown,5-012.01,Sierra Valley,Plumas,763,Irrigation,Single Well,72992,1981-04-10 - 2017-10-16,85,spring,NA,NA,10.7,60.05,2004,NA,2003-10-01T00:00:00Z,2004-10-01T00:00:00Z,-120.258,39.81
398100N1202582W001,1772991,2003-10-28T00:00:00Z,4901.56,4900.56,0,89.1,4812.46,89.1,88.1,NA,Unknown,Water level accuracy is unknown,1,Department of Water Resources,NA,1,Department of Water Resources,440,763,22075,23N15E26R001M,23N15E26R001M,Unknown,Unknown,5-012.01,Sierra Valley,Plumas,763,Irrigation,Single Well,72992,1981-04-10 - 2017-10-16,85,fall,40.9,108.95,NA,NA,2004,NA,2003-10-01T00:00:00Z,2004-10-01T00:00:00Z,-120.258,39.81
398100N1202582W001,1772990,2003-03-29T00:00:00Z,4901.56,4900.56,0,43.6,4857.96,43.6,42.6,NA,Unknown,Water level accuracy is unknown,1,Department of Water Resources,NA,1,Department of Water Resources,440,763,22075,23N15E26R001M,23N15E26R001M,Unknown,Unknown,5-012.01,Sierra Valley,Plumas,763,Irrigation,Single Well,72992,1981-04-10 - 2017-10-16,85,spring,NA,NA,10.7,60.05,2003,NA,2002-10-01T00:00:00Z,2003-10-01T00:00:00Z,-120.258,39.81
398100N1202582W001,1772989,2002-10-22T00:00:00Z,4901.56,4900.56,0,88.8,4812.76,88.8,87.8,NA,Unknown,Water level accuracy is unknown,1,Department of Water Resources,NA,1,Department of Water Resources,440,763,22075,23N15E26R001M,23N15E26R001M,Unknown,Unknown,5-012.01,Sierra Valley,Plumas,763,Irrigation,Single Well,72992,1981-04-10 - 2017-10-16,85,fall,40.9,108.95,NA,NA,2003,NA,2002-10-01T00:00:00Z,2003-10-01T00:00:00Z,-120.258,39.81
398100N1202582W001,1772988,2002-03-27T00:00:00Z,4901.56,4900.56,0,38.6,4862.96,38.6,37.6,NA,Unknown,Water level accuracy is unknown,1,Department of Water Resources,NA,1,Department of Water Resources,440,763,22075,23N15E26R001M,23N15E26R001M,Unknown,Unknown,5-012.01,Sierra Valley,Plumas,763,Irrigation,Single Well,72992,1981-04-10 - 2017-10-16,85,spring,NA,NA,10.7,60.05,2002,NA,2001-10-01T00:00:00Z,2002-10-01T00:00:00Z,-120.258,39.81
398100N1202582W001,1772987,2001-10-17T00:00:00Z,4901.56,4900.56,0,78.8,4822.76,78.8,77.8,NA,Unknown,Water level accuracy is unknown,1,Department of Water Resources,NA,1,Department of Water Resources,440,763,22075,23N15E26R001M,23N15E26R001M,Unknown,Unknown,5-012.01,Sierra Valley,Plumas,763,Irrigation,Single Well,72992,1981-04-10 - 2017-10-16,85,fall,40.9,108.95,NA,NA,2002,NA,2001-10-01T00:00:00Z,2002-10-01T00:00:00Z,-120.258,39.81
398100N1202582W001,1772986,2001-03-26T00:00:00Z,4901.56,4900.56,0,28.8,4872.76,28.8,27.8,NA,Unknown,Water level accuracy is unknown,1,Department of Water Resources,NA,1,Department of Water Resources,440,763,22075,23N15E26R001M,23N15E26R001M,Unknown,Unknown,5-012.01,Sierra Valley,Plumas,763,Irrigation,Single Well,72992,1981-04-10 - 2017-10-16,85,spring,NA,NA,10.7,60.05,2001,Dry,2000-10-01T00:00:00Z,2001-10-01T00:00:00Z,-120.258,39.81
398100N1202582W001,1772985,2000-10-18T00:00:00Z,4901.56,4900.56,0,58.4,4843.16,58.4,57.4,NA,Unknown,Water level accuracy is unknown,1,Department of Water Resources,NA,1,Department of Water Resources,440,763,22075,23N15E26R001M,23N15E26R001M,Unknown,Unknown,5-012.01,Sierra Valley,Plumas,763,Irrigation,Single Well,72992,1981-04-10 - 2017-10-16,85,fall,40.9,108.95,NA,NA,2001,Dry,2000-10-01T00:00:00Z,2001-10-01T00:00:00Z,-120.258,39.81
398100N1202582W001,1772984,2000-03-26T00:00:00Z,4901.56,4900.56,0,23.5,4878.06,23.5,22.5,NA,Unknown,Water level accuracy is unknown,1,Department of Water Resources,NA,1,Department of Water Resources,440,763,22075,23N15E26R001M,23N15E26R001M,Unknown,Unknown,5-012.01,Sierra Valley,Plumas,763,Irrigation,Single Well,72992,1981-04-10 - 2017-10-16,85,spring,NA,NA,10.7,60.05,2000,NA,1999-10-01T00:00:00Z,2000-10-01T00:00:00Z,-120.258,39.81
398100N1202582W001,1772982,1999-10-11T00:00:00Z,4901.56,4900.56,0,55.4,4846.16,55.4,54.4,NA,Unknown,Water level accuracy is unknown,1,Department of Water Resources,NA,1,Department of Water Resources,440,763,22075,23N15E26R001M,23N15E26R001M,Unknown,Unknown,5-012.01,Sierra Valley,Plumas,763,Irrigation,Single Well,72992,1981-04-10 - 2017-10-16,85,fall,40.9,108.95,NA,NA,2000,NA,1999-10-01T00:00:00Z,2000-10-01T00:00:00Z,-120.258,39.81
398100N1202582W001,1772983,1999-04-13T00:00:00Z,4901.56,4900.56,0,19.6,4881.96,19.6,18.6,NA,Unknown,Water level accuracy is unknown,1,Department of Water Resources,NA,1,Department of Water Resources,440,763,22075,23N15E26R001M,23N15E26R001M,Unknown,Unknown,5-012.01,Sierra Valley,Plumas,763,Irrigation,Single Well,72992,1981-04-10 - 2017-10-16,85,spring,NA,NA,10.7,60.05,1999,NA,1998-10-01T00:00:00Z,1999-10-01T00:00:00Z,-120.258,39.81
398100N1202582W001,1772980,1998-10-15T00:00:00Z,4901.56,4900.56,0,50.9,4850.66,50.9,49.9,NA,Unknown,Water level accuracy is unknown,1,Department of Water Resources,NA,1,Department of Water Resources,440,763,22075,23N15E26R001M,23N15E26R001M,Unknown,Unknown,5-012.01,Sierra Valley,Plumas,763,Irrigation,Single Well,72992,1981-04-10 - 2017-10-16,85,fall,40.9,108.95,NA,NA,1999,NA,1998-10-01T00:00:00Z,1999-10-01T00:00:00Z,-120.258,39.81
398100N1202582W001,1772981,1998-05-13T00:00:00Z,4901.56,4900.56,0,24.9,4876.66,24.9,23.9,NA,Unknown,Water level accuracy is unknown,1,Department of Water Resources,NA,1,Department of Water Resources,440,763,22075,23N15E26R001M,23N15E26R001M,Unknown,Unknown,5-012.01,Sierra Valley,Plumas,763,Irrigation,Single Well,72992,1981-04-10 - 2017-10-16,85,spring,NA,NA,10.7,60.05,1998,NA,1997-10-01T00:00:00Z,1998-10-01T00:00:00Z,-120.258,39.81
398100N1202582W001,1772979,1997-10-16T00:00:00Z,4901.56,4900.56,0,64.6,4836.96,64.6,63.6,NA,Unknown,Water level accuracy is unknown,1,Department of Water Resources,NA,1,Department of Water Resources,440,763,22075,23N15E26R001M,23N15E26R001M,Unknown,Unknown,5-012.01,Sierra Valley,Plumas,763,Irrigation,Single Well,72992,1981-04-10 - 2017-10-16,85,fall,40.9,108.95,NA,NA,1998,NA,1997-10-01T00:00:00Z,1998-10-01T00:00:00Z,-120.258,39.81
398100N1202582W001,1772977,1997-04-03T00:00:00Z,4901.56,4900.56,0,21.7,4879.86,21.7,20.7,NA,Unknown,Water level accuracy is unknown,1,Department of Water Resources,NA,1,Department of Water Resources,440,763,22075,23N15E26R001M,23N15E26R001M,Unknown,Unknown,5-012.01,Sierra Valley,Plumas,763,Irrigation,Single Well,72992,1981-04-10 - 2017-10-16,85,spring,NA,NA,10.7,60.05,1997,NA,1996-10-01T00:00:00Z,1997-10-01T00:00:00Z,-120.258,39.81
398100N1202582W001,1772978,1996-10-28T00:00:00Z,4901.56,4900.56,0,48,4853.56,48,47,NA,Unknown,Water level accuracy is unknown,1,Department of Water Resources,NA,1,Department of Water Resources,440,763,22075,23N15E26R001M,23N15E26R001M,Unknown,Unknown,5-012.01,Sierra Valley,Plumas,763,Irrigation,Single Well,72992,1981-04-10 - 2017-10-16,85,fall,40.9,108.95,NA,NA,1997,NA,1996-10-01T00:00:00Z,1997-10-01T00:00:00Z,-120.258,39.81
398100N1202582W001,1772976,1996-05-06T00:00:00Z,4901.56,4900.56,0,17.4,4884.16,17.4,16.4,Oil or foreign substance in casing,Unknown,Water level accuracy is unknown,1,Department of Water Resources,NA,1,Department of Water Resources,440,763,22075,23N15E26R001M,23N15E26R001M,Unknown,Unknown,5-012.01,Sierra Valley,Plumas,763,Irrigation,Single Well,72992,1981-04-10 - 2017-10-16,85,spring,NA,NA,10.7,60.05,1996,NA,1995-10-01T00:00:00Z,1996-10-01T00:00:00Z,-120.258,39.81
398100N1202582W001,1772975,1995-10-23T00:00:00Z,4901.56,4900.56,0,41.9,4859.66,41.9,40.9,Oil or foreign substance in casing,Unknown,Water level accuracy is unknown,1,Department of Water Resources,NA,1,Department of Water Resources,440,763,22075,23N15E26R001M,23N15E26R001M,Unknown,Unknown,5-012.01,Sierra Valley,Plumas,763,Irrigation,Single Well,72992,1981-04-10 - 2017-10-16,85,fall,40.9,108.95,NA,NA,1996,NA,1995-10-01T00:00:00Z,1996-10-01T00:00:00Z,-120.258,39.81
398100N1202582W001,1772974,1995-05-31T00:00:00Z,4901.56,4900.56,0,21.8,4879.76,21.8,20.8,NA,Unknown,Water level accuracy is unknown,1,Department of Water Resources,NA,1,Department of Water Resources,440,763,22075,23N15E26R001M,23N15E26R001M,Unknown,Unknown,5-012.01,Sierra Valley,Plumas,763,Irrigation,Single Well,72992,1981-04-10 - 2017-10-16,85,spring,NA,NA,10.7,60.05,1995,Wet,1994-10-01T00:00:00Z,1995-10-01T00:00:00Z,-120.258,39.81
398100N1202582W001,1772973,1994-10-27T00:00:00Z,4901.56,4900.56,0,50.9,4850.66,50.9,49.9,NA,Unknown,Water level accuracy is unknown,1,Department of Water Resources,NA,1,Department of Water Resources,440,763,22075,23N15E26R001M,23N15E26R001M,Unknown,Unknown,5-012.01,Sierra Valley,Plumas,763,Irrigation,Single Well,72992,1981-04-10 - 2017-10-16,85,fall,40.9,108.95,NA,NA,1995,Wet,1994-10-01T00:00:00Z,1995-10-01T00:00:00Z,-120.258,39.81
398100N1202582W001,1772972,1994-03-29T00:00:00Z,4901.56,4900.56,0,29.5,4872.06,29.5,28.5,Oil or foreign substance in casing,Unknown,Water level accuracy is unknown,1,Department of Water Resources,NA,1,Department of Water Resources,440,763,22075,23N15E26R001M,23N15E26R001M,Unknown,Unknown,5-012.01,Sierra Valley,Plumas,763,Irrigation,Single Well,72992,1981-04-10 - 2017-10-16,85,spring,NA,NA,10.7,60.05,1994,Dry,1993-10-01T00:00:00Z,1994-10-01T00:00:00Z,-120.258,39.81
398100N1202582W001,1772971,1993-10-18T00:00:00Z,4901.56,4900.56,0,55.8,4845.76,55.8,54.8,NA,Unknown,Water level accuracy is unknown,1,Department of Water Resources,NA,1,Department of Water Resources,440,763,22075,23N15E26R001M,23N15E26R001M,Unknown,Unknown,5-012.01,Sierra Valley,Plumas,763,Irrigation,Single Well,72992,1981-04-10 - 2017-10-16,85,fall,40.9,108.95,NA,NA,1994,Dry,1993-10-01T00:00:00Z,1994-10-01T00:00:00Z,-120.258,39.81
398100N1202582W001,1772970,1993-04-20T00:00:00Z,4901.56,4900.56,0,53.6,4847.96,53.6,52.6,Oil or foreign substance in casing,Unknown,Water level accuracy is unknown,1,Department of Water Resources,NA,1,Department of Water Resources,440,763,22075,23N15E26R001M,23N15E26R001M,Unknown,Unknown,5-012.01,Sierra Valley,Plumas,763,Irrigation,Single Well,72992,1981-04-10 - 2017-10-16,85,spring,NA,NA,10.7,60.05,1993,NA,1992-10-01T00:00:00Z,1993-10-01T00:00:00Z,-120.258,39.81
398100N1202582W001,1772969,1992-10-20T00:00:00Z,4900.56,4900.56,0,95.5,4805.06,95.5,95.5,NA,Unknown,Water level accuracy is unknown,1,Department of Water Resources,NA,1,Department of Water Resources,440,763,22075,23N15E26R001M,23N15E26R001M,Unknown,Unknown,5-012.01,Sierra Valley,Plumas,763,Irrigation,Single Well,72992,1981-04-10 - 2017-10-16,85,fall,40.9,108.95,NA,NA,1993,NA,1992-10-01T00:00:00Z,1993-10-01T00:00:00Z,-120.258,39.81
398100N1202582W001,1772968,1992-03-24T00:00:00Z,4900.56,4900.56,0,46.5,4854.06,46.5,46.5,Oil or foreign substance in casing,Unknown,Water level accuracy is unknown,1,Department of Water Resources,NA,1,Department of Water Resources,440,763,22075,23N15E26R001M,23N15E26R001M,Unknown,Unknown,5-012.01,Sierra Valley,Plumas,763,Irrigation,Single Well,72992,1981-04-10 - 2017-10-16,85,spring,NA,NA,10.7,60.05,1992,NA,1991-10-01T00:00:00Z,1992-10-01T00:00:00Z,-120.258,39.81
398100N1202582W001,1772967,1991-10-23T00:00:00Z,4900.56,4900.56,0,88.3,4812.26,88.3,88.3,Oil or foreign substance in casing,Unknown,Water level accuracy is unknown,1,Department of Water Resources,NA,1,Department of Water Resources,440,763,22075,23N15E26R001M,23N15E26R001M,Unknown,Unknown,5-012.01,Sierra Valley,Plumas,763,Irrigation,Single Well,72992,1981-04-10 - 2017-10-16,85,fall,40.9,108.95,NA,NA,1992,NA,1991-10-01T00:00:00Z,1992-10-01T00:00:00Z,-120.258,39.81
398100N1202582W001,1772966,1991-02-26T00:00:00Z,4900.56,4900.56,0,46.6,4853.96,46.6,46.6,Other,Unknown,Water level accuracy is unknown,1,Department of Water Resources,NA,1,Department of Water Resources,440,763,22075,23N15E26R001M,23N15E26R001M,Unknown,Unknown,5-012.01,Sierra Valley,Plumas,763,Irrigation,Single Well,72992,1981-04-10 - 2017-10-16,85,other,NA,NA,NA,NA,1991,NA,1990-10-01T00:00:00Z,1991-10-01T00:00:00Z,-120.258,39.81
398100N1202582W001,1772965,1990-10-23T00:00:00Z,4900.56,4900.56,0,83,4817.56,83,83,Oil or foreign substance in casing,Unknown,Water level accuracy is unknown,1,Department of Water Resources,NA,1,Department of Water Resources,440,763,22075,23N15E26R001M,23N15E26R001M,Unknown,Unknown,5-012.01,Sierra Valley,Plumas,763,Irrigation,Single Well,72992,1981-04-10 - 2017-10-16,85,fall,40.9,108.95,NA,NA,1991,NA,1990-10-01T00:00:00Z,1991-10-01T00:00:00Z,-120.258,39.81
398100N1202582W001,1772964,1990-04-10T00:00:00Z,4900.56,4900.56,0,35,4865.56,35,35,NA,Unknown,Water level accuracy is unknown,1,Department of Water Resources,NA,1,Department of Water Resources,440,763,22075,23N15E26R001M,23N15E26R001M,Unknown,Unknown,5-012.01,Sierra Valley,Plumas,763,Irrigation,Single Well,72992,1981-04-10 - 2017-10-16,85,spring,NA,NA,10.7,60.05,1990,NA,1989-10-01T00:00:00Z,1990-10-01T00:00:00Z,-120.258,39.81
398100N1202582W001,1772963,1989-09-26T00:00:00Z,4900.56,4900.56,0,94.9,4805.66,94.9,94.9,NA,Unknown,Water level accuracy is unknown,1,Department of Water Resources,NA,1,Department of Water Resources,440,763,22075,23N15E26R001M,23N15E26R001M,Unknown,Unknown,5-012.01,Sierra Valley,Plumas,763,Irrigation,Single Well,72992,1981-04-10 - 2017-10-16,85,fall,40.9,108.95,NA,NA,1989,NA,1988-10-01T00:00:00Z,1989-10-01T00:00:00Z,-120.258,39.81
398100N1202582W001,1772962,1989-04-05T00:00:00Z,4900.56,4900.56,0,37.9,4862.66,37.9,37.9,NA,Unknown,Water level accuracy is unknown,1,Department of Water Resources,NA,1,Department of Water Resources,440,763,22075,23N15E26R001M,23N15E26R001M,Unknown,Unknown,5-012.01,Sierra Valley,Plumas,763,Irrigation,Single Well,72992,1981-04-10 - 2017-10-16,85,spring,NA,NA,10.7,60.05,1989,NA,1988-10-01T00:00:00Z,1989-10-01T00:00:00Z,-120.258,39.81
398100N1202582W001,1772961,1988-10-24T00:00:00Z,4900.56,4900.56,0,77.9,4822.66,77.9,77.9,Nearby pump operating,Unknown,Water level accuracy is unknown,1,Department of Water Resources,NA,1,Department of Water Resources,440,763,22075,23N15E26R001M,23N15E26R001M,Unknown,Unknown,5-012.01,Sierra Valley,Plumas,763,Irrigation,Single Well,72992,1981-04-10 - 2017-10-16,85,fall,40.9,108.95,NA,NA,1989,NA,1988-10-01T00:00:00Z,1989-10-01T00:00:00Z,-120.258,39.81
398100N1202582W001,1772960,1988-03-22T00:00:00Z,4900.56,4900.56,0,38.4,4862.16,38.4,38.4,NA,Unknown,Water level accuracy is unknown,1,Department of Water Resources,NA,1,Department of Water Resources,440,763,22075,23N15E26R001M,23N15E26R001M,Unknown,Unknown,5-012.01,Sierra Valley,Plumas,763,Irrigation,Single Well,72992,1981-04-10 - 2017-10-16,85,spring,NA,NA,10.7,60.05,1988,NA,1987-10-01T00:00:00Z,1988-10-01T00:00:00Z,-120.258,39.81
398100N1202582W001,1772959,1987-10-21T00:00:00Z,4900.56,4900.56,0,96.4,4804.16,96.4,96.4,NA,Unknown,Water level accuracy is unknown,1,Department of Water Resources,NA,1,Department of Water Resources,440,763,22075,23N15E26R001M,23N15E26R001M,Unknown,Unknown,5-012.01,Sierra Valley,Plumas,763,Irrigation,Single Well,72992,1981-04-10 - 2017-10-16,85,fall,40.9,108.95,NA,NA,1988,NA,1987-10-01T00:00:00Z,1988-10-01T00:00:00Z,-120.258,39.81
398100N1202582W001,1772958,1987-04-08T00:00:00Z,4900.56,4900.56,0,30.9,4869.66,30.9,30.9,Pumped recently,Unknown,Water level accuracy is unknown,1,Department of Water Resources,NA,1,Department of Water Resources,440,763,22075,23N15E26R001M,23N15E26R001M,Unknown,Unknown,5-012.01,Sierra Valley,Plumas,763,Irrigation,Single Well,72992,1981-04-10 - 2017-10-16,85,spring,NA,NA,10.7,60.05,1987,Dry,1986-10-01T00:00:00Z,1987-10-01T00:00:00Z,-120.258,39.81
398100N1202582W001,1772957,1986-10-01T00:00:00Z,4900.56,4900.56,0,75,4825.56,75,75,NA,Unknown,Water level accuracy is unknown,1,Department of Water Resources,NA,1,Department of Water Resources,440,763,22075,23N15E26R001M,23N15E26R001M,Unknown,Unknown,5-012.01,Sierra Valley,Plumas,763,Irrigation,Single Well,72992,1981-04-10 - 2017-10-16,85,fall,40.9,108.95,NA,NA,1987,Dry,1986-10-01T00:00:00Z,1987-10-01T00:00:00Z,-120.258,39.81
398100N1202582W001,1772956,1986-08-18T00:00:00Z,4900.56,4900.56,0,89.8,4810.76,89.8,89.8,NA,Unknown,Water level accuracy is unknown,1,Department of Water Resources,NA,1,Department of Water Resources,440,763,22075,23N15E26R001M,23N15E26R001M,Unknown,Unknown,5-012.01,Sierra Valley,Plumas,763,Irrigation,Single Well,72992,1981-04-10 - 2017-10-16,85,fall,40.9,108.95,NA,NA,1986,Wet,1985-10-01T00:00:00Z,1986-10-01T00:00:00Z,-120.258,39.81
398100N1202582W001,1772954,1986-07-15T00:00:00Z,4900.56,4900.56,0,137,4763.56,137,137,Pumped recently,Unknown,Water level accuracy is unknown,1,Department of Water Resources,NA,1,Department of Water Resources,440,763,22075,23N15E26R001M,23N15E26R001M,Unknown,Unknown,5-012.01,Sierra Valley,Plumas,763,Irrigation,Single Well,72992,1981-04-10 - 2017-10-16,85,other,NA,NA,NA,NA,1986,Wet,1985-10-01T00:00:00Z,1986-10-01T00:00:00Z,-120.258,39.81
398100N1202582W001,1772955,1986-07-15T00:00:00Z,4900.56,4900.56,0,129.8,4770.76,129.8,129.8,Pumped recently,Unknown,Water level accuracy is unknown,1,Department of Water Resources,NA,1,Department of Water Resources,440,763,22075,23N15E26R001M,23N15E26R001M,Unknown,Unknown,5-012.01,Sierra Valley,Plumas,763,Irrigation,Single Well,72992,1981-04-10 - 2017-10-16,85,other,NA,NA,NA,NA,1986,Wet,1985-10-01T00:00:00Z,1986-10-01T00:00:00Z,-120.258,39.81
398100N1202582W001,1772953,1986-04-02T00:00:00Z,4900.56,4900.56,0,13.8,4886.76,13.8,13.8,NA,Unknown,Water level accuracy is unknown,1,Department of Water Resources,NA,1,Department of Water Resources,440,763,22075,23N15E26R001M,23N15E26R001M,Unknown,Unknown,5-012.01,Sierra Valley,Plumas,763,Irrigation,Single Well,72992,1981-04-10 - 2017-10-16,85,spring,NA,NA,10.7,60.05,1986,Wet,1985-10-01T00:00:00Z,1986-10-01T00:00:00Z,-120.258,39.81
398100N1202582W001,1772952,1985-10-03T00:00:00Z,4900.56,4900.56,0,75.5,4825.06,75.5,75.5,NA,Unknown,Water level accuracy is unknown,1,Department of Water Resources,NA,1,Department of Water Resources,440,763,22075,23N15E26R001M,23N15E26R001M,Unknown,Unknown,5-012.01,Sierra Valley,Plumas,763,Irrigation,Single Well,72992,1981-04-10 - 2017-10-16,85,fall,40.9,108.95,NA,NA,1986,Wet,1985-10-01T00:00:00Z,1986-10-01T00:00:00Z,-120.258,39.81
398100N1202582W001,1772951,1985-03-25T00:00:00Z,4900.56,4900.56,0,19.5,4881.06,19.5,19.5,NA,Unknown,Water level accuracy is unknown,1,Department of Water Resources,NA,1,Department of Water Resources,440,763,22075,23N15E26R001M,23N15E26R001M,Unknown,Unknown,5-012.01,Sierra Valley,Plumas,763,Irrigation,Single Well,72992,1981-04-10 - 2017-10-16,85,spring,NA,NA,10.7,60.05,1985,Dry,1984-10-01T00:00:00Z,1985-10-01T00:00:00Z,-120.258,39.81
398100N1202582W001,1772950,1984-10-01T00:00:00Z,4900.56,4900.56,0,53.5,4847.06,53.5,53.5,NA,Unknown,Water level accuracy is unknown,1,Department of Water Resources,NA,1,Department of Water Resources,440,763,22075,23N15E26R001M,23N15E26R001M,Unknown,Unknown,5-012.01,Sierra Valley,Plumas,763,Irrigation,Single Well,72992,1981-04-10 - 2017-10-16,85,fall,40.9,108.95,NA,NA,1985,Dry,1984-10-01T00:00:00Z,1985-10-01T00:00:00Z,-120.258,39.81
398100N1202582W001,1772949,1984-04-12T00:00:00Z,4900.56,4900.56,0,14.3,4886.26,14.3,14.3,NA,Unknown,Water level accuracy is unknown,1,Department of Water Resources,NA,1,Department of Water Resources,440,763,22075,23N15E26R001M,23N15E26R001M,Unknown,Unknown,5-012.01,Sierra Valley,Plumas,763,Irrigation,Single Well,72992,1981-04-10 - 2017-10-16,85,spring,NA,NA,10.7,60.05,1984,NA,1983-10-01T00:00:00Z,1984-10-01T00:00:00Z,-120.258,39.81
398100N1202582W001,1772948,1984-03-12T00:00:00Z,4900.56,4900.56,0,17.3,4883.26,17.3,17.3,NA,Unknown,Water level accuracy is unknown,1,Department of Water Resources,NA,1,Department of Water Resources,440,763,22075,23N15E26R001M,23N15E26R001M,Unknown,Unknown,5-012.01,Sierra Valley,Plumas,763,Irrigation,Single Well,72992,1981-04-10 - 2017-10-16,85,spring,NA,NA,10.7,60.05,1984,NA,1983-10-01T00:00:00Z,1984-10-01T00:00:00Z,-120.258,39.81
398100N1202582W001,1772947,1983-09-27T00:00:00Z,4900.56,4900.56,0,57.1,4843.46,57.1,57.1,NA,Unknown,Water level accuracy is unknown,1,Department of Water Resources,NA,1,Department of Water Resources,440,763,22075,23N15E26R001M,23N15E26R001M,Unknown,Unknown,5-012.01,Sierra Valley,Plumas,763,Irrigation,Single Well,72992,1981-04-10 - 2017-10-16,85,fall,40.9,108.95,NA,NA,1983,NA,1982-10-01T00:00:00Z,1983-10-01T00:00:00Z,-120.258,39.81
398100N1202582W001,1772946,1983-04-15T00:00:00Z,4900.56,4900.56,0,17.2,4883.36,17.2,17.2,NA,Unknown,Water level accuracy is unknown,1,Department of Water Resources,NA,1,Department of Water Resources,440,763,22075,23N15E26R001M,23N15E26R001M,Unknown,Unknown,5-012.01,Sierra Valley,Plumas,763,Irrigation,Single Well,72992,1981-04-10 - 2017-10-16,85,spring,NA,NA,10.7,60.05,1983,NA,1982-10-01T00:00:00Z,1983-10-01T00:00:00Z,-120.258,39.81
398100N1202582W001,1772945,1983-04-07T00:00:00Z,4900.56,4900.56,0,17.8,4882.76,17.8,17.8,NA,Unknown,Water level accuracy is unknown,1,Department of Water Resources,NA,1,Department of Water Resources,440,763,22075,23N15E26R001M,23N15E26R001M,Unknown,Unknown,5-012.01,Sierra Valley,Plumas,763,Irrigation,Single Well,72992,1981-04-10 - 2017-10-16,85,spring,NA,NA,10.7,60.05,1983,NA,1982-10-01T00:00:00Z,1983-10-01T00:00:00Z,-120.258,39.81
398100N1202582W001,1772944,1982-10-05T00:00:00Z,4900.56,4900.56,0,52.4,4848.16,52.4,52.4,NA,Unknown,Water level accuracy is unknown,1,Department of Water Resources,NA,1,Department of Water Resources,440,763,22075,23N15E26R001M,23N15E26R001M,Unknown,Unknown,5-012.01,Sierra Valley,Plumas,763,Irrigation,Single Well,72992,1981-04-10 - 2017-10-16,85,fall,40.9,108.95,NA,NA,1983,NA,1982-10-01T00:00:00Z,1983-10-01T00:00:00Z,-120.258,39.81
398100N1202582W001,1772943,1982-09-16T00:00:00Z,4900.56,4900.56,0,59.6,4840.96,59.6,59.6,NA,Unknown,Water level accuracy is unknown,1,Department of Water Resources,NA,1,Department of Water Resources,440,763,22075,23N15E26R001M,23N15E26R001M,Unknown,Unknown,5-012.01,Sierra Valley,Plumas,763,Irrigation,Single Well,72992,1981-04-10 - 2017-10-16,85,fall,40.9,108.95,NA,NA,1982,Wet,1981-10-01T00:00:00Z,1982-10-01T00:00:00Z,-120.258,39.81
398100N1202582W001,1772942,1982-04-26T00:00:00Z,4900.56,4900.56,0,18.6,4881.96,18.6,18.6,NA,Unknown,Water level accuracy is unknown,1,Department of Water Resources,NA,1,Department of Water Resources,440,763,22075,23N15E26R001M,23N15E26R001M,Unknown,Unknown,5-012.01,Sierra Valley,Plumas,763,Irrigation,Single Well,72992,1981-04-10 - 2017-10-16,85,spring,NA,NA,10.7,60.05,1982,Wet,1981-10-01T00:00:00Z,1982-10-01T00:00:00Z,-120.258,39.81
398100N1202582W001,1772941,1982-02-04T00:00:00Z,4900.56,4900.56,0,28.8,4871.76,28.8,28.8,NA,Unknown,Water level accuracy is unknown,1,Department of Water Resources,NA,1,Department of Water Resources,440,763,22075,23N15E26R001M,23N15E26R001M,Unknown,Unknown,5-012.01,Sierra Valley,Plumas,763,Irrigation,Single Well,72992,1981-04-10 - 2017-10-16,85,other,NA,NA,NA,NA,1982,Wet,1981-10-01T00:00:00Z,1982-10-01T00:00:00Z,-120.258,39.81
398100N1202582W001,1772940,1981-10-14T00:00:00Z,4900.56,4900.56,0,57.7,4842.86,57.7,57.7,NA,Unknown,Water level accuracy is unknown,1,Department of Water Resources,NA,1,Department of Water Resources,440,763,22075,23N15E26R001M,23N15E26R001M,Unknown,Unknown,5-012.01,Sierra Valley,Plumas,763,Irrigation,Single Well,72992,1981-04-10 - 2017-10-16,85,fall,40.9,108.95,NA,NA,1982,Wet,1981-10-01T00:00:00Z,1982-10-01T00:00:00Z,-120.258,39.81
398100N1202582W001,1772939,1981-10-06T00:00:00Z,4901.56,4900.56,0,62.7,4838.86,62.7,61.7,NA,Unknown,Water level accuracy is unknown,1,Department of Water Resources,NA,1,Department of Water Resources,440,763,22075,23N15E26R001M,23N15E26R001M,Unknown,Unknown,5-012.01,Sierra Valley,Plumas,763,Irrigation,Single Well,72992,1981-04-10 - 2017-10-16,85,fall,40.9,108.95,NA,NA,1982,Wet,1981-10-01T00:00:00Z,1982-10-01T00:00:00Z,-120.258,39.81
398100N1202582W001,1772938,1981-09-30T00:00:00Z,4901.56,4900.56,0,66,4835.56,66,65,NA,Unknown,Water level accuracy is unknown,1,Department of Water Resources,NA,1,Department of Water Resources,440,763,22075,23N15E26R001M,23N15E26R001M,Unknown,Unknown,5-012.01,Sierra Valley,Plumas,763,Irrigation,Single Well,72992,1981-04-10 - 2017-10-16,85,fall,40.9,108.95,NA,NA,1981,Dry,1980-10-01T00:00:00Z,1981-10-01T00:00:00Z,-120.258,39.81
398100N1202582W001,1772936,1981-04-10T00:00:00Z,4901.56,4900.56,0,11.7,4889.86,11.7,10.7,NA,Unknown,Water level accuracy is unknown,1,Department of Water Resources,NA,1,Department of Water Resources,440,763,22075,23N15E26R001M,23N15E26R001M,Unknown,Unknown,5-012.01,Sierra Valley,Plumas,763,Irrigation,Single Well,72992,1981-04-10 - 2017-10-16,85,spring,NA,NA,10.7,60.05,1981,Dry,1980-10-01T00:00:00Z,1981-10-01T00:00:00Z,-120.258,39.81
