SITE_CODE,WLM_ID,MSMT_DATE,WLM_RPE,WLM_GSE,RDNG_WS,RDNG_RP,WSE,RPE_WSE,GSE_WSE,WLM_QA_DESC,WLM_DESC,WLM_ACC_DESC,WLM_ORG_ID,WLM_ORG_NAME,MSMT_CMT,COOP_AGENCY_ORG_ID,COOP_ORG_NAME,TOP_PRF,BOT_PRF,STN_ID,SWN,WELL_NAME,WLM_METHOD,WLM_ACC,BASIN_CODE,BASIN_NAME,COUNTY_NAME,WELL_DEPTH,WELL_USE,WELL_TYPE,WCR_NO,t_range,n_samples,season,fall_high,fall_low,spring_high,spring_low,water_year,water_year_type,water_year_start,water_year_end,X,Y
398105N1203329W001,1773043,1997-10-16T00:00:00Z,4885.79,4885.49,0,23.9,4861.89,23.9,23.6,NA,Unknown,Water level accuracy is unknown,1,Department of Water Resources,NA,1,Department of Water Resources,NA,NA,22079,23N15E29N001M,NA,Unknown,Unknown,5-012.01,Sierra Valley,Plumas,696,Irrigation,Unknown,NONE,1980-10-04 - 2000-03-26,41,fall,4,58.1,NA,NA,1998,NA,1997-10-01T00:00:00Z,1998-10-01T00:00:00Z,-120.333,39.8105
398105N1203329W001,1773042,1996-10-28T00:00:00Z,4885.79,4885.49,0,13.7,4872.09,13.7,13.4,NA,Unknown,Water level accuracy is unknown,1,Department of Water Resources,NA,1,Department of Water Resources,NA,NA,22079,23N15E29N001M,NA,Unknown,Unknown,5-012.01,Sierra Valley,Plumas,696,Irrigation,Unknown,NONE,1980-10-04 - 2000-03-26,41,fall,4,58.1,NA,NA,1997,NA,1996-10-01T00:00:00Z,1997-10-01T00:00:00Z,-120.333,39.8105
398105N1203329W001,1773038,1995-05-31T00:00:00Z,4885.49,4885.49,0,2.9,4882.59,2.9,2.9,Oil or foreign substance in casing,Unknown,Water level accuracy is unknown,1,Department of Water Resources,NA,1,Department of Water Resources,NA,NA,22079,23N15E29N001M,NA,Unknown,Unknown,5-012.01,Sierra Valley,Plumas,696,Irrigation,Unknown,NONE,1980-10-04 - 2000-03-26,41,spring,NA,NA,1.6,11.1,1995,Wet,1994-10-01T00:00:00Z,1995-10-01T00:00:00Z,-120.333,39.8105
398105N1203329W001,1773037,1994-10-27T00:00:00Z,4885.49,4885.49,0,21.3,4864.19,21.3,21.3,Oil or foreign substance in casing,Unknown,Water level accuracy is unknown,1,Department of Water Resources,NA,1,Department of Water Resources,NA,NA,22079,23N15E29N001M,NA,Unknown,Unknown,5-012.01,Sierra Valley,Plumas,696,Irrigation,Unknown,NONE,1980-10-04 - 2000-03-26,41,fall,4,58.1,NA,NA,1995,Wet,1994-10-01T00:00:00Z,1995-10-01T00:00:00Z,-120.333,39.8105
398105N1203329W001,1773036,1994-03-28T00:00:00Z,4885.49,4885.49,0,8.6,4876.89,8.6,8.6,NA,Unknown,Water level accuracy is unknown,1,Department of Water Resources,NA,1,Department of Water Resources,NA,NA,22079,23N15E29N001M,NA,Unknown,Unknown,5-012.01,Sierra Valley,Plumas,696,Irrigation,Unknown,NONE,1980-10-04 - 2000-03-26,41,spring,NA,NA,1.6,11.1,1994,Dry,1993-10-01T00:00:00Z,1994-10-01T00:00:00Z,-120.333,39.8105
398105N1203329W001,1773035,1993-10-18T00:00:00Z,4885.49,4885.49,0,24.1,4861.39,24.1,24.1,NA,Unknown,Water level accuracy is unknown,1,Department of Water Resources,NA,1,Department of Water Resources,NA,NA,22079,23N15E29N001M,NA,Unknown,Unknown,5-012.01,Sierra Valley,Plumas,696,Irrigation,Unknown,NONE,1980-10-04 - 2000-03-26,41,fall,4,58.1,NA,NA,1994,Dry,1993-10-01T00:00:00Z,1994-10-01T00:00:00Z,-120.333,39.8105
398105N1203329W001,1773034,1993-04-21T00:00:00Z,4885.49,4885.49,0,10.6,4874.89,10.6,10.6,NA,Unknown,Water level accuracy is unknown,1,Department of Water Resources,NA,1,Department of Water Resources,NA,NA,22079,23N15E29N001M,NA,Unknown,Unknown,5-012.01,Sierra Valley,Plumas,696,Irrigation,Unknown,NONE,1980-10-04 - 2000-03-26,41,spring,NA,NA,1.6,11.1,1993,NA,1992-10-01T00:00:00Z,1993-10-01T00:00:00Z,-120.333,39.8105
398105N1203329W001,1773033,1992-10-20T00:00:00Z,4885.49,4885.49,0,29.7,4855.79,29.7,29.7,NA,Unknown,Water level accuracy is unknown,1,Department of Water Resources,NA,1,Department of Water Resources,NA,NA,22079,23N15E29N001M,NA,Unknown,Unknown,5-012.01,Sierra Valley,Plumas,696,Irrigation,Unknown,NONE,1980-10-04 - 2000-03-26,41,fall,4,58.1,NA,NA,1993,NA,1992-10-01T00:00:00Z,1993-10-01T00:00:00Z,-120.333,39.8105
398105N1203329W001,1773032,1992-03-24T00:00:00Z,4885.49,4885.49,0,11.1,4874.39,11.1,11.1,NA,Unknown,Water level accuracy is unknown,1,Department of Water Resources,NA,1,Department of Water Resources,NA,NA,22079,23N15E29N001M,NA,Unknown,Unknown,5-012.01,Sierra Valley,Plumas,696,Irrigation,Unknown,NONE,1980-10-04 - 2000-03-26,41,spring,NA,NA,1.6,11.1,1992,NA,1991-10-01T00:00:00Z,1992-10-01T00:00:00Z,-120.333,39.8105
398105N1203329W001,1773031,1991-10-23T00:00:00Z,4885.49,4885.49,0,31.4,4854.09,31.4,31.4,NA,Unknown,Water level accuracy is unknown,1,Department of Water Resources,NA,1,Department of Water Resources,NA,NA,22079,23N15E29N001M,NA,Unknown,Unknown,5-012.01,Sierra Valley,Plumas,696,Irrigation,Unknown,NONE,1980-10-04 - 2000-03-26,41,fall,4,58.1,NA,NA,1992,NA,1991-10-01T00:00:00Z,1992-10-01T00:00:00Z,-120.333,39.8105
398105N1203329W001,1773030,1991-02-26T00:00:00Z,4885.49,4885.49,0,10.8,4874.69,10.8,10.8,NA,Unknown,Water level accuracy is unknown,1,Department of Water Resources,NA,1,Department of Water Resources,NA,NA,22079,23N15E29N001M,NA,Unknown,Unknown,5-012.01,Sierra Valley,Plumas,696,Irrigation,Unknown,NONE,1980-10-04 - 2000-03-26,41,other,NA,NA,NA,NA,1991,NA,1990-10-01T00:00:00Z,1991-10-01T00:00:00Z,-120.333,39.8105
398105N1203329W001,1773029,1990-10-23T00:00:00Z,4885.49,4885.49,0,21.7,4863.79,21.7,21.7,NA,Unknown,Water level accuracy is unknown,1,Department of Water Resources,NA,1,Department of Water Resources,NA,NA,22079,23N15E29N001M,NA,Unknown,Unknown,5-012.01,Sierra Valley,Plumas,696,Irrigation,Unknown,NONE,1980-10-04 - 2000-03-26,41,fall,4,58.1,NA,NA,1991,NA,1990-10-01T00:00:00Z,1991-10-01T00:00:00Z,-120.333,39.8105
398105N1203329W001,1773028,1990-04-10T00:00:00Z,4885.49,4885.49,0,8.5,4876.99,8.5,8.5,Oil or foreign substance in casing,Unknown,Water level accuracy is unknown,1,Department of Water Resources,NA,388,Sierra Valley Groundwater Management District,NA,NA,22079,23N15E29N001M,NA,Unknown,Unknown,5-012.01,Sierra Valley,Plumas,696,Irrigation,Unknown,NONE,1980-10-04 - 2000-03-26,41,spring,NA,NA,1.6,11.1,1990,NA,1989-10-01T00:00:00Z,1990-10-01T00:00:00Z,-120.333,39.8105
398105N1203329W001,1773027,1989-09-26T00:00:00Z,4885.49,4885.49,0,42,4843.49,42,42,Other,Unknown,Water level accuracy is unknown,1,Department of Water Resources,NA,1,Department of Water Resources,NA,NA,22079,23N15E29N001M,NA,Unknown,Unknown,5-012.01,Sierra Valley,Plumas,696,Irrigation,Unknown,NONE,1980-10-04 - 2000-03-26,41,fall,4,58.1,NA,NA,1989,NA,1988-10-01T00:00:00Z,1989-10-01T00:00:00Z,-120.333,39.8105
398105N1203329W001,1773025,1988-03-22T00:00:00Z,4885.49,4885.49,0,7.4,4878.09,7.4,7.4,NA,Unknown,Water level accuracy is unknown,1,Department of Water Resources,NA,1,Department of Water Resources,NA,NA,22079,23N15E29N001M,NA,Unknown,Unknown,5-012.01,Sierra Valley,Plumas,696,Irrigation,Unknown,NONE,1980-10-04 - 2000-03-26,41,spring,NA,NA,1.6,11.1,1988,NA,1987-10-01T00:00:00Z,1988-10-01T00:00:00Z,-120.333,39.8105
398105N1203329W001,1773024,1987-10-21T00:00:00Z,4885.49,4885.49,0,35.7,4849.79,35.7,35.7,NA,Unknown,Water level accuracy is unknown,1,Department of Water Resources,NA,1,Department of Water Resources,NA,NA,22079,23N15E29N001M,NA,Unknown,Unknown,5-012.01,Sierra Valley,Plumas,696,Irrigation,Unknown,NONE,1980-10-04 - 2000-03-26,41,fall,4,58.1,NA,NA,1988,NA,1987-10-01T00:00:00Z,1988-10-01T00:00:00Z,-120.333,39.8105
398105N1203329W001,1773023,1987-04-06T00:00:00Z,4885.49,4885.49,0,1.6,4883.89,1.6,1.6,NA,Unknown,Water level accuracy is unknown,1,Department of Water Resources,NA,1,Department of Water Resources,NA,NA,22079,23N15E29N001M,NA,Unknown,Unknown,5-012.01,Sierra Valley,Plumas,696,Irrigation,Unknown,NONE,1980-10-04 - 2000-03-26,41,spring,NA,NA,1.6,11.1,1987,Dry,1986-10-01T00:00:00Z,1987-10-01T00:00:00Z,-120.333,39.8105
398105N1203329W001,1773022,1986-10-04T00:00:00Z,4885.49,4885.49,0,33.5,4851.99,33.5,33.5,NA,Unknown,Water level accuracy is unknown,1,Department of Water Resources,NA,1,Department of Water Resources,NA,NA,22079,23N15E29N001M,NA,Unknown,Unknown,5-012.01,Sierra Valley,Plumas,696,Irrigation,Unknown,NONE,1980-10-04 - 2000-03-26,41,fall,4,58.1,NA,NA,1987,Dry,1986-10-01T00:00:00Z,1987-10-01T00:00:00Z,-120.333,39.8105
398105N1203329W001,1773021,1986-08-13T00:00:00Z,4885.49,4885.49,0,58.1,4827.39,58.1,58.1,NA,Unknown,Water level accuracy is unknown,1,Department of Water Resources,NA,1,Department of Water Resources,NA,NA,22079,23N15E29N001M,NA,Unknown,Unknown,5-012.01,Sierra Valley,Plumas,696,Irrigation,Unknown,NONE,1980-10-04 - 2000-03-26,41,fall,4,58.1,NA,NA,1986,Wet,1985-10-01T00:00:00Z,1986-10-01T00:00:00Z,-120.333,39.8105
398105N1203329W001,1773019,1985-10-03T00:00:00Z,4885.49,4885.49,0,29,4856.49,29,29,NA,Unknown,Water level accuracy is unknown,1,Department of Water Resources,NA,1,Department of Water Resources,NA,NA,22079,23N15E29N001M,NA,Unknown,Unknown,5-012.01,Sierra Valley,Plumas,696,Irrigation,Unknown,NONE,1980-10-04 - 2000-03-26,41,fall,4,58.1,NA,NA,1986,Wet,1985-10-01T00:00:00Z,1986-10-01T00:00:00Z,-120.333,39.8105
398105N1203329W001,1773017,1984-10-03T00:00:00Z,4885.49,4885.49,0,4,4881.49,4,4,Other,Unknown,Water level accuracy is unknown,1,Department of Water Resources,NA,1,Department of Water Resources,NA,NA,22079,23N15E29N001M,NA,Unknown,Unknown,5-012.01,Sierra Valley,Plumas,696,Irrigation,Unknown,NONE,1980-10-04 - 2000-03-26,41,fall,4,58.1,NA,NA,1985,Dry,1984-10-01T00:00:00Z,1985-10-01T00:00:00Z,-120.333,39.8105
398105N1203329W001,1773015,1983-09-27T00:00:00Z,4885.49,4885.49,0,4.6,4880.89,4.6,4.6,NA,Unknown,Water level accuracy is unknown,1,Department of Water Resources,NA,1,Department of Water Resources,NA,NA,22079,23N15E29N001M,NA,Unknown,Unknown,5-012.01,Sierra Valley,Plumas,696,Irrigation,Unknown,NONE,1980-10-04 - 2000-03-26,41,fall,4,58.1,NA,NA,1983,NA,1982-10-01T00:00:00Z,1983-10-01T00:00:00Z,-120.333,39.8105
398105N1203329W001,1773013,1982-10-06T00:00:00Z,4885.49,4885.49,0,23.8,4861.69,23.8,23.8,NA,Unknown,Water level accuracy is unknown,1,Department of Water Resources,NA,1,Department of Water Resources,NA,NA,22079,23N15E29N001M,NA,Unknown,Unknown,5-012.01,Sierra Valley,Plumas,696,Irrigation,Unknown,NONE,1980-10-04 - 2000-03-26,41,fall,4,58.1,NA,NA,1983,NA,1982-10-01T00:00:00Z,1983-10-01T00:00:00Z,-120.333,39.8105
398105N1203329W001,1773011,1981-10-06T00:00:00Z,4885.49,4885.49,0,25.4,4860.09,25.4,25.4,NA,Unknown,Water level accuracy is unknown,1,Department of Water Resources,NA,1,Department of Water Resources,NA,NA,22079,23N15E29N001M,NA,Unknown,Unknown,5-012.01,Sierra Valley,Plumas,696,Irrigation,Unknown,NONE,1980-10-04 - 2000-03-26,41,fall,4,58.1,NA,NA,1982,Wet,1981-10-01T00:00:00Z,1982-10-01T00:00:00Z,-120.333,39.8105
398105N1203329W001,1773008,1980-10-04T00:00:00Z,4885.49,4885.49,0,12.5,4872.99,12.5,12.5,NA,Unknown,Water level accuracy is unknown,1,Department of Water Resources,NA,1,Department of Water Resources,NA,NA,22079,23N15E29N001M,NA,Unknown,Unknown,5-012.01,Sierra Valley,Plumas,696,Irrigation,Unknown,NONE,1980-10-04 - 2000-03-26,41,fall,4,58.1,NA,NA,1981,Dry,1980-10-01T00:00:00Z,1981-10-01T00:00:00Z,-120.333,39.8105
