SITE_CODE,WLM_ID,MSMT_DATE,WLM_RPE,WLM_GSE,RDNG_WS,RDNG_RP,WSE,RPE_WSE,GSE_WSE,WLM_QA_DESC,WLM_DESC,WLM_ACC_DESC,WLM_ORG_ID,WLM_ORG_NAME,MSMT_CMT,COOP_AGENCY_ORG_ID,COOP_ORG_NAME,TOP_PRF,BOT_PRF,STN_ID,SWN,WELL_NAME,WLM_METHOD,WLM_ACC,BASIN_CODE,BASIN_NAME,COUNTY_NAME,WELL_DEPTH,WELL_USE,WELL_TYPE,WCR_NO,t_range,n_samples,season,fall_high,fall_low,spring_high,spring_low,water_year,water_year_type,water_year_start,water_year_end,X,Y
398184N1202652W001,818394,1999-04-13T00:00:00Z,4902.56,4901.56,0,19.1,4883.46,19.1,18.1,Oil or foreign substance in casing,Unknown,Water level accuracy is unknown,1,Department of Water Resources,NA,1,Department of Water Resources,NA,NA,22074,23N15E26G001M,NA,Unknown,Unknown,5-012.01,Sierra Valley,Plumas,832,Irrigation,Unknown,72993,1981-04-10 - 2000-03-26,43,spring,NA,NA,8.9,42,1999,NA,1998-10-01T00:00:00Z,1999-10-01T00:00:00Z,-120.265,39.8184
398184N1202652W001,818391,1998-10-15T00:00:00Z,4902.56,4901.56,0,57.8,4844.76,57.8,56.8,NA,Unknown,Water level accuracy is unknown,1,Department of Water Resources,NA,1,Department of Water Resources,NA,NA,22074,23N15E26G001M,NA,Unknown,Unknown,5-012.01,Sierra Valley,Plumas,832,Irrigation,Unknown,72993,1981-04-10 - 2000-03-26,43,fall,23.9,92,NA,NA,1999,NA,1998-10-01T00:00:00Z,1999-10-01T00:00:00Z,-120.265,39.8184
398184N1202652W001,818392,1998-05-13T00:00:00Z,4902.56,4901.56,0,24.8,4877.76,24.8,23.8,Oil or foreign substance in casing,Unknown,Water level accuracy is unknown,1,Department of Water Resources,NA,1,Department of Water Resources,NA,NA,22074,23N15E26G001M,NA,Unknown,Unknown,5-012.01,Sierra Valley,Plumas,832,Irrigation,Unknown,72993,1981-04-10 - 2000-03-26,43,spring,NA,NA,8.9,42,1998,NA,1997-10-01T00:00:00Z,1998-10-01T00:00:00Z,-120.265,39.8184
398184N1202652W001,818390,1997-10-16T00:00:00Z,4902.56,4901.56,0,55.7,4846.86,55.7,54.7,NA,Unknown,Water level accuracy is unknown,1,Department of Water Resources,NA,1,Department of Water Resources,NA,NA,22074,23N15E26G001M,NA,Unknown,Unknown,5-012.01,Sierra Valley,Plumas,832,Irrigation,Unknown,72993,1981-04-10 - 2000-03-26,43,fall,23.9,92,NA,NA,1998,NA,1997-10-01T00:00:00Z,1998-10-01T00:00:00Z,-120.265,39.8184
398184N1202652W001,818388,1997-04-03T00:00:00Z,4902.56,4901.56,0,21.4,4881.16,21.4,20.4,Pumping,Unknown,Water level accuracy is unknown,1,Department of Water Resources,NA,1,Department of Water Resources,NA,NA,22074,23N15E26G001M,NA,Unknown,Unknown,5-012.01,Sierra Valley,Plumas,832,Irrigation,Unknown,72993,1981-04-10 - 2000-03-26,43,spring,NA,NA,8.9,42,1997,NA,1996-10-01T00:00:00Z,1997-10-01T00:00:00Z,-120.265,39.8184
398184N1202652W001,818389,1996-10-28T00:00:00Z,4902.56,4901.56,0,45.4,4857.16,45.4,44.4,NA,Unknown,Water level accuracy is unknown,1,Department of Water Resources,NA,1,Department of Water Resources,NA,NA,22074,23N15E26G001M,NA,Unknown,Unknown,5-012.01,Sierra Valley,Plumas,832,Irrigation,Unknown,72993,1981-04-10 - 2000-03-26,43,fall,23.9,92,NA,NA,1997,NA,1996-10-01T00:00:00Z,1997-10-01T00:00:00Z,-120.265,39.8184
398184N1202652W001,818387,1996-05-09T00:00:00Z,4902.56,4901.56,0,38.1,4864.46,38.1,37.1,NA,Unknown,Water level accuracy is unknown,1,Department of Water Resources,NA,1,Department of Water Resources,NA,NA,22074,23N15E26G001M,NA,Unknown,Unknown,5-012.01,Sierra Valley,Plumas,832,Irrigation,Unknown,72993,1981-04-10 - 2000-03-26,43,spring,NA,NA,8.9,42,1996,NA,1995-10-01T00:00:00Z,1996-10-01T00:00:00Z,-120.265,39.8184
398184N1202652W001,818386,1995-10-23T00:00:00Z,4902.56,4901.56,0,39.7,4862.86,39.7,38.7,Oil or foreign substance in casing,Unknown,Water level accuracy is unknown,1,Department of Water Resources,NA,1,Department of Water Resources,NA,NA,22074,23N15E26G001M,NA,Unknown,Unknown,5-012.01,Sierra Valley,Plumas,832,Irrigation,Unknown,72993,1981-04-10 - 2000-03-26,43,fall,23.9,92,NA,NA,1996,NA,1995-10-01T00:00:00Z,1996-10-01T00:00:00Z,-120.265,39.8184
398184N1202652W001,818385,1995-05-31T00:00:00Z,4902.56,4901.56,0,30.8,4871.76,30.8,29.8,Oil or foreign substance in casing,Unknown,Water level accuracy is unknown,1,Department of Water Resources,NA,1,Department of Water Resources,NA,NA,22074,23N15E26G001M,NA,Unknown,Unknown,5-012.01,Sierra Valley,Plumas,832,Irrigation,Unknown,72993,1981-04-10 - 2000-03-26,43,spring,NA,NA,8.9,42,1995,Wet,1994-10-01T00:00:00Z,1995-10-01T00:00:00Z,-120.265,39.8184
398184N1202652W001,818384,1994-10-27T00:00:00Z,4902.56,4901.56,0,46.6,4855.96,46.6,45.6,Oil or foreign substance in casing,Unknown,Water level accuracy is unknown,1,Department of Water Resources,NA,1,Department of Water Resources,NA,NA,22074,23N15E26G001M,NA,Unknown,Unknown,5-012.01,Sierra Valley,Plumas,832,Irrigation,Unknown,72993,1981-04-10 - 2000-03-26,43,fall,23.9,92,NA,NA,1995,Wet,1994-10-01T00:00:00Z,1995-10-01T00:00:00Z,-120.265,39.8184
398184N1202652W001,818383,1994-03-29T00:00:00Z,4902.56,4901.56,0,28.9,4873.66,28.9,27.9,Oil or foreign substance in casing,Unknown,Water level accuracy is unknown,1,Department of Water Resources,NA,1,Department of Water Resources,NA,NA,22074,23N15E26G001M,NA,Unknown,Unknown,5-012.01,Sierra Valley,Plumas,832,Irrigation,Unknown,72993,1981-04-10 - 2000-03-26,43,spring,NA,NA,8.9,42,1994,Dry,1993-10-01T00:00:00Z,1994-10-01T00:00:00Z,-120.265,39.8184
398184N1202652W001,818382,1993-10-18T00:00:00Z,4902.56,4901.56,0,45,4857.56,45,44,Oil or foreign substance in casing,Unknown,Water level accuracy is unknown,1,Department of Water Resources,NA,1,Department of Water Resources,NA,NA,22074,23N15E26G001M,NA,Unknown,Unknown,5-012.01,Sierra Valley,Plumas,832,Irrigation,Unknown,72993,1981-04-10 - 2000-03-26,43,fall,23.9,92,NA,NA,1994,Dry,1993-10-01T00:00:00Z,1994-10-01T00:00:00Z,-120.265,39.8184
398184N1202652W001,818381,1993-04-22T00:00:00Z,4902.56,4901.56,0,38.6,4863.96,38.6,37.6,Oil or foreign substance in casing,Unknown,Water level accuracy is unknown,1,Department of Water Resources,NA,1,Department of Water Resources,NA,NA,22074,23N15E26G001M,NA,Unknown,Unknown,5-012.01,Sierra Valley,Plumas,832,Irrigation,Unknown,72993,1981-04-10 - 2000-03-26,43,spring,NA,NA,8.9,42,1993,NA,1992-10-01T00:00:00Z,1993-10-01T00:00:00Z,-120.265,39.8184
398184N1202652W001,818380,1992-10-20T00:00:00Z,4902.56,4901.56,0,77.1,4825.46,77.1,76.1,Oil or foreign substance in casing,Unknown,Water level accuracy is unknown,1,Department of Water Resources,NA,1,Department of Water Resources,NA,NA,22074,23N15E26G001M,NA,Unknown,Unknown,5-012.01,Sierra Valley,Plumas,832,Irrigation,Unknown,72993,1981-04-10 - 2000-03-26,43,fall,23.9,92,NA,NA,1993,NA,1992-10-01T00:00:00Z,1993-10-01T00:00:00Z,-120.265,39.8184
398184N1202652W001,818379,1992-03-24T00:00:00Z,4902.56,4901.56,0,43,4859.56,43,42,Oil or foreign substance in casing,Unknown,Water level accuracy is unknown,1,Department of Water Resources,NA,1,Department of Water Resources,NA,NA,22074,23N15E26G001M,NA,Unknown,Unknown,5-012.01,Sierra Valley,Plumas,832,Irrigation,Unknown,72993,1981-04-10 - 2000-03-26,43,spring,NA,NA,8.9,42,1992,NA,1991-10-01T00:00:00Z,1992-10-01T00:00:00Z,-120.265,39.8184
398184N1202652W001,818378,1991-10-23T00:00:00Z,4902.56,4901.56,0,87.3,4815.26,87.3,86.3,Oil or foreign substance in casing,Unknown,Water level accuracy is unknown,1,Department of Water Resources,NA,1,Department of Water Resources,NA,NA,22074,23N15E26G001M,NA,Unknown,Unknown,5-012.01,Sierra Valley,Plumas,832,Irrigation,Unknown,72993,1981-04-10 - 2000-03-26,43,fall,23.9,92,NA,NA,1992,NA,1991-10-01T00:00:00Z,1992-10-01T00:00:00Z,-120.265,39.8184
398184N1202652W001,818377,1991-02-26T00:00:00Z,4902.56,4901.56,0,52,4850.56,52,51,NA,Unknown,Water level accuracy is unknown,1,Department of Water Resources,NA,1,Department of Water Resources,NA,NA,22074,23N15E26G001M,NA,Unknown,Unknown,5-012.01,Sierra Valley,Plumas,832,Irrigation,Unknown,72993,1981-04-10 - 2000-03-26,43,other,NA,NA,NA,NA,1991,NA,1990-10-01T00:00:00Z,1991-10-01T00:00:00Z,-120.265,39.8184
398184N1202652W001,818376,1990-10-23T00:00:00Z,4902.56,4901.56,0,78,4824.56,78,77,Other,Unknown,Water level accuracy is unknown,1,Department of Water Resources,NA,1,Department of Water Resources,NA,NA,22074,23N15E26G001M,NA,Unknown,Unknown,5-012.01,Sierra Valley,Plumas,832,Irrigation,Unknown,72993,1981-04-10 - 2000-03-26,43,fall,23.9,92,NA,NA,1991,NA,1990-10-01T00:00:00Z,1991-10-01T00:00:00Z,-120.265,39.8184
398184N1202652W001,818375,1990-04-10T00:00:00Z,4902.56,4901.56,0,29.7,4872.86,29.7,28.7,Oil or foreign substance in casing,Unknown,Water level accuracy is unknown,1,Department of Water Resources,NA,388,Sierra Valley Groundwater Management District,NA,NA,22074,23N15E26G001M,NA,Unknown,Unknown,5-012.01,Sierra Valley,Plumas,832,Irrigation,Unknown,72993,1981-04-10 - 2000-03-26,43,spring,NA,NA,8.9,42,1990,NA,1989-10-01T00:00:00Z,1990-10-01T00:00:00Z,-120.265,39.8184
398184N1202652W001,818374,1989-09-26T00:00:00Z,4902.56,4901.56,0,24.9,4877.66,24.9,23.9,Other,Unknown,Water level accuracy is unknown,1,Department of Water Resources,NA,1,Department of Water Resources,NA,NA,22074,23N15E26G001M,NA,Unknown,Unknown,5-012.01,Sierra Valley,Plumas,832,Irrigation,Unknown,72993,1981-04-10 - 2000-03-26,43,fall,23.9,92,NA,NA,1989,NA,1988-10-01T00:00:00Z,1989-10-01T00:00:00Z,-120.265,39.8184
398184N1202652W001,818373,1989-04-09T00:00:00Z,4902.56,4901.56,0,41,4861.56,41,40,Oil or foreign substance in casing,Unknown,Water level accuracy is unknown,1,Department of Water Resources,NA,1,Department of Water Resources,NA,NA,22074,23N15E26G001M,NA,Unknown,Unknown,5-012.01,Sierra Valley,Plumas,832,Irrigation,Unknown,72993,1981-04-10 - 2000-03-26,43,spring,NA,NA,8.9,42,1989,NA,1988-10-01T00:00:00Z,1989-10-01T00:00:00Z,-120.265,39.8184
398184N1202652W001,818372,1988-10-29T00:00:00Z,4902.56,4901.56,0,93,4809.56,93,92,Oil or foreign substance in casing,Unknown,Water level accuracy is unknown,1,Department of Water Resources,NA,1,Department of Water Resources,NA,NA,22074,23N15E26G001M,NA,Unknown,Unknown,5-012.01,Sierra Valley,Plumas,832,Irrigation,Unknown,72993,1981-04-10 - 2000-03-26,43,fall,23.9,92,NA,NA,1989,NA,1988-10-01T00:00:00Z,1989-10-01T00:00:00Z,-120.265,39.8184
398184N1202652W001,818371,1988-03-22T00:00:00Z,4902.56,4901.56,0,36.4,4866.16,36.4,35.4,Oil or foreign substance in casing,Unknown,Water level accuracy is unknown,1,Department of Water Resources,NA,1,Department of Water Resources,NA,NA,22074,23N15E26G001M,NA,Unknown,Unknown,5-012.01,Sierra Valley,Plumas,832,Irrigation,Unknown,72993,1981-04-10 - 2000-03-26,43,spring,NA,NA,8.9,42,1988,NA,1987-10-01T00:00:00Z,1988-10-01T00:00:00Z,-120.265,39.8184
398184N1202652W001,818370,1987-10-21T00:00:00Z,4902.56,4901.56,0,91,4811.56,91,90,Oil or foreign substance in casing,Unknown,Water level accuracy is unknown,1,Department of Water Resources,NA,1,Department of Water Resources,NA,NA,22074,23N15E26G001M,NA,Unknown,Unknown,5-012.01,Sierra Valley,Plumas,832,Irrigation,Unknown,72993,1981-04-10 - 2000-03-26,43,fall,23.9,92,NA,NA,1988,NA,1987-10-01T00:00:00Z,1988-10-01T00:00:00Z,-120.265,39.8184
398184N1202652W001,818369,1987-04-08T00:00:00Z,4902.56,4901.56,0,25.7,4876.86,25.7,24.7,Oil or foreign substance in casing,Unknown,Water level accuracy is unknown,1,Department of Water Resources,NA,1,Department of Water Resources,NA,NA,22074,23N15E26G001M,NA,Unknown,Unknown,5-012.01,Sierra Valley,Plumas,832,Irrigation,Unknown,72993,1981-04-10 - 2000-03-26,43,spring,NA,NA,8.9,42,1987,Dry,1986-10-01T00:00:00Z,1987-10-01T00:00:00Z,-120.265,39.8184
398184N1202652W001,818368,1986-10-01T00:00:00Z,4902.56,4901.56,0,60.7,4841.86,60.7,59.7,Oil or foreign substance in casing,Unknown,Water level accuracy is unknown,1,Department of Water Resources,NA,1,Department of Water Resources,NA,NA,22074,23N15E26G001M,NA,Unknown,Unknown,5-012.01,Sierra Valley,Plumas,832,Irrigation,Unknown,72993,1981-04-10 - 2000-03-26,43,fall,23.9,92,NA,NA,1987,Dry,1986-10-01T00:00:00Z,1987-10-01T00:00:00Z,-120.265,39.8184
398184N1202652W001,818367,1986-08-13T00:00:00Z,4902.56,4901.56,0,75.3,4827.26,75.3,74.3,NA,Unknown,Water level accuracy is unknown,1,Department of Water Resources,NA,1,Department of Water Resources,NA,NA,22074,23N15E26G001M,NA,Unknown,Unknown,5-012.01,Sierra Valley,Plumas,832,Irrigation,Unknown,72993,1981-04-10 - 2000-03-26,43,fall,23.9,92,NA,NA,1986,Wet,1985-10-01T00:00:00Z,1986-10-01T00:00:00Z,-120.265,39.8184
398184N1202652W001,818364,1985-03-25T00:00:00Z,4902.56,4901.56,0,17.8,4884.76,17.8,16.8,NA,Unknown,Water level accuracy is unknown,1,Department of Water Resources,NA,1,Department of Water Resources,NA,NA,22074,23N15E26G001M,NA,Unknown,Unknown,5-012.01,Sierra Valley,Plumas,832,Irrigation,Unknown,72993,1981-04-10 - 2000-03-26,43,spring,NA,NA,8.9,42,1985,Dry,1984-10-01T00:00:00Z,1985-10-01T00:00:00Z,-120.265,39.8184
398184N1202652W001,818363,1984-10-03T00:00:00Z,4902.56,4901.56,0,50.2,4852.36,50.2,49.2,NA,Unknown,Water level accuracy is unknown,1,Department of Water Resources,NA,1,Department of Water Resources,NA,NA,22074,23N15E26G001M,NA,Unknown,Unknown,5-012.01,Sierra Valley,Plumas,832,Irrigation,Unknown,72993,1981-04-10 - 2000-03-26,43,fall,23.9,92,NA,NA,1985,Dry,1984-10-01T00:00:00Z,1985-10-01T00:00:00Z,-120.265,39.8184
398184N1202652W001,818362,1984-03-12T00:00:00Z,4902.56,4901.56,0,15.7,4886.86,15.7,14.7,NA,Unknown,Water level accuracy is unknown,1,Department of Water Resources,NA,1,Department of Water Resources,NA,NA,22074,23N15E26G001M,NA,Unknown,Unknown,5-012.01,Sierra Valley,Plumas,832,Irrigation,Unknown,72993,1981-04-10 - 2000-03-26,43,spring,NA,NA,8.9,42,1984,NA,1983-10-01T00:00:00Z,1984-10-01T00:00:00Z,-120.265,39.8184
398184N1202652W001,818361,1983-09-27T00:00:00Z,4902.56,4901.56,0,42.6,4859.96,42.6,41.6,NA,Unknown,Water level accuracy is unknown,1,Department of Water Resources,NA,1,Department of Water Resources,NA,NA,22074,23N15E26G001M,NA,Unknown,Unknown,5-012.01,Sierra Valley,Plumas,832,Irrigation,Unknown,72993,1981-04-10 - 2000-03-26,43,fall,23.9,92,NA,NA,1983,NA,1982-10-01T00:00:00Z,1983-10-01T00:00:00Z,-120.265,39.8184
398184N1202652W001,818360,1983-04-15T00:00:00Z,4902.56,4901.56,0,15.8,4886.76,15.8,14.8,NA,Unknown,Water level accuracy is unknown,1,Department of Water Resources,NA,1,Department of Water Resources,NA,NA,22074,23N15E26G001M,NA,Unknown,Unknown,5-012.01,Sierra Valley,Plumas,832,Irrigation,Unknown,72993,1981-04-10 - 2000-03-26,43,spring,NA,NA,8.9,42,1983,NA,1982-10-01T00:00:00Z,1983-10-01T00:00:00Z,-120.265,39.8184
398184N1202652W001,818359,1982-10-05T00:00:00Z,4902.56,4901.56,0,41.8,4860.76,41.8,40.8,NA,Unknown,Water level accuracy is unknown,1,Department of Water Resources,NA,1,Department of Water Resources,NA,NA,22074,23N15E26G001M,NA,Unknown,Unknown,5-012.01,Sierra Valley,Plumas,832,Irrigation,Unknown,72993,1981-04-10 - 2000-03-26,43,fall,23.9,92,NA,NA,1983,NA,1982-10-01T00:00:00Z,1983-10-01T00:00:00Z,-120.265,39.8184
398184N1202652W001,818358,1982-09-16T00:00:00Z,4902.56,4901.56,0,50,4852.56,50,49,NA,Unknown,Water level accuracy is unknown,1,Department of Water Resources,NA,1,Department of Water Resources,NA,NA,22074,23N15E26G001M,NA,Unknown,Unknown,5-012.01,Sierra Valley,Plumas,832,Irrigation,Unknown,72993,1981-04-10 - 2000-03-26,43,fall,23.9,92,NA,NA,1982,Wet,1981-10-01T00:00:00Z,1982-10-01T00:00:00Z,-120.265,39.8184
398184N1202652W001,818357,1982-04-26T00:00:00Z,4902.56,4901.56,0,17.9,4884.66,17.9,16.9,NA,Unknown,Water level accuracy is unknown,1,Department of Water Resources,NA,1,Department of Water Resources,NA,NA,22074,23N15E26G001M,NA,Unknown,Unknown,5-012.01,Sierra Valley,Plumas,832,Irrigation,Unknown,72993,1981-04-10 - 2000-03-26,43,spring,NA,NA,8.9,42,1982,Wet,1981-10-01T00:00:00Z,1982-10-01T00:00:00Z,-120.265,39.8184
398184N1202652W001,818356,1981-10-14T00:00:00Z,4902.56,4901.56,0,48.7,4853.86,48.7,47.7,NA,Unknown,Water level accuracy is unknown,1,Department of Water Resources,NA,1,Department of Water Resources,NA,NA,22074,23N15E26G001M,NA,Unknown,Unknown,5-012.01,Sierra Valley,Plumas,832,Irrigation,Unknown,72993,1981-04-10 - 2000-03-26,43,fall,23.9,92,NA,NA,1982,Wet,1981-10-01T00:00:00Z,1982-10-01T00:00:00Z,-120.265,39.8184
398184N1202652W001,818355,1981-10-06T00:00:00Z,4902.56,4901.56,0,51.9,4850.66,51.9,50.9,NA,Unknown,Water level accuracy is unknown,1,Department of Water Resources,NA,1,Department of Water Resources,NA,NA,22074,23N15E26G001M,NA,Unknown,Unknown,5-012.01,Sierra Valley,Plumas,832,Irrigation,Unknown,72993,1981-04-10 - 2000-03-26,43,fall,23.9,92,NA,NA,1982,Wet,1981-10-01T00:00:00Z,1982-10-01T00:00:00Z,-120.265,39.8184
398184N1202652W001,818354,1981-09-30T00:00:00Z,4902.56,4901.56,0,55,4847.56,55,54,NA,Unknown,Water level accuracy is unknown,1,Department of Water Resources,NA,1,Department of Water Resources,NA,NA,22074,23N15E26G001M,NA,Unknown,Unknown,5-012.01,Sierra Valley,Plumas,832,Irrigation,Unknown,72993,1981-04-10 - 2000-03-26,43,fall,23.9,92,NA,NA,1981,Dry,1980-10-01T00:00:00Z,1981-10-01T00:00:00Z,-120.265,39.8184
398184N1202652W001,818353,1981-04-10T00:00:00Z,4902.56,4901.56,0,9.9,4892.66,9.9,8.9,NA,Unknown,Water level accuracy is unknown,1,Department of Water Resources,NA,1,Department of Water Resources,NA,NA,22074,23N15E26G001M,NA,Unknown,Unknown,5-012.01,Sierra Valley,Plumas,832,Irrigation,Unknown,72993,1981-04-10 - 2000-03-26,43,spring,NA,NA,8.9,42,1981,Dry,1980-10-01T00:00:00Z,1981-10-01T00:00:00Z,-120.265,39.8184
