SITE_CODE,WLM_ID,MSMT_DATE,WLM_RPE,WLM_GSE,RDNG_WS,RDNG_RP,WSE,RPE_WSE,GSE_WSE,WLM_QA_DESC,WLM_DESC,WLM_ACC_DESC,WLM_ORG_ID,WLM_ORG_NAME,MSMT_CMT,COOP_AGENCY_ORG_ID,COOP_ORG_NAME,TOP_PRF,BOT_PRF,STN_ID,SWN,WELL_NAME,WLM_METHOD,WLM_ACC,BASIN_CODE,BASIN_NAME,COUNTY_NAME,WELL_DEPTH,WELL_USE,WELL_TYPE,WCR_NO,t_range,n_samples,season,fall_high,fall_low,spring_high,spring_low,water_year,water_year_type,water_year_start,water_year_end,X,Y
398169N1203573W001,818215,1997-10-16T00:00:00Z,4893.58,4892.48,0,26.5,4867.08,26.5,25.4,NA,Unknown,Water level accuracy is unknown,1,Department of Water Resources,NA,1,Department of Water Resources,NA,NA,36662,23N14E25K004M,NA,Unknown,Unknown,5-012.01,Sierra Valley,Plumas,150,Residential,Unknown,52372,1990-04-11 - 2000-03-26,21,fall,21.2,33.6,NA,NA,1998,NA,1997-10-01T00:00:00Z,1998-10-01T00:00:00Z,-120.357,39.8169
398169N1203573W001,818213,1997-04-03T00:00:00Z,4893.58,4892.48,0,11.2,4882.38,11.2,10.1,NA,Unknown,Water level accuracy is unknown,1,Department of Water Resources,NA,1,Department of Water Resources,NA,NA,36662,23N14E25K004M,NA,Unknown,Unknown,5-012.01,Sierra Valley,Plumas,150,Residential,Unknown,52372,1990-04-11 - 2000-03-26,21,spring,NA,NA,10.1,22,1997,NA,1996-10-01T00:00:00Z,1997-10-01T00:00:00Z,-120.357,39.8169
398169N1203573W001,818214,1996-10-28T00:00:00Z,4893.58,4892.48,0,22.3,4871.28,22.3,21.2,NA,Unknown,Water level accuracy is unknown,1,Department of Water Resources,NA,1,Department of Water Resources,NA,NA,36662,23N14E25K004M,NA,Unknown,Unknown,5-012.01,Sierra Valley,Plumas,150,Residential,Unknown,52372,1990-04-11 - 2000-03-26,21,fall,21.2,33.6,NA,NA,1997,NA,1996-10-01T00:00:00Z,1997-10-01T00:00:00Z,-120.357,39.8169
398169N1203573W001,818212,1996-05-06T00:00:00Z,4893.58,4892.48,0,11.9,4881.68,11.9,10.8,NA,Unknown,Water level accuracy is unknown,1,Department of Water Resources,NA,1,Department of Water Resources,NA,NA,36662,23N14E25K004M,NA,Unknown,Unknown,5-012.01,Sierra Valley,Plumas,150,Residential,Unknown,52372,1990-04-11 - 2000-03-26,21,spring,NA,NA,10.1,22,1996,NA,1995-10-01T00:00:00Z,1996-10-01T00:00:00Z,-120.357,39.8169
398169N1203573W001,818211,1995-10-23T00:00:00Z,4893.58,4892.48,0,23.4,4870.18,23.4,22.3,NA,Unknown,Water level accuracy is unknown,1,Department of Water Resources,NA,1,Department of Water Resources,NA,NA,36662,23N14E25K004M,NA,Unknown,Unknown,5-012.01,Sierra Valley,Plumas,150,Residential,Unknown,52372,1990-04-11 - 2000-03-26,21,fall,21.2,33.6,NA,NA,1996,NA,1995-10-01T00:00:00Z,1996-10-01T00:00:00Z,-120.357,39.8169
398169N1203573W001,818210,1995-05-31T00:00:00Z,4893.58,4892.48,0,14.3,4879.28,14.3,13.2,NA,Unknown,Water level accuracy is unknown,1,Department of Water Resources,NA,1,Department of Water Resources,NA,NA,36662,23N14E25K004M,NA,Unknown,Unknown,5-012.01,Sierra Valley,Plumas,150,Residential,Unknown,52372,1990-04-11 - 2000-03-26,21,spring,NA,NA,10.1,22,1995,Wet,1994-10-01T00:00:00Z,1995-10-01T00:00:00Z,-120.357,39.8169
398169N1203573W001,818209,1994-10-29T00:00:00Z,4893.58,4892.48,0,28.2,4865.38,28.2,27.1,NA,Unknown,Water level accuracy is unknown,1,Department of Water Resources,NA,1,Department of Water Resources,NA,NA,36662,23N14E25K004M,NA,Unknown,Unknown,5-012.01,Sierra Valley,Plumas,150,Residential,Unknown,52372,1990-04-11 - 2000-03-26,21,fall,21.2,33.6,NA,NA,1995,Wet,1994-10-01T00:00:00Z,1995-10-01T00:00:00Z,-120.357,39.8169
398169N1203573W001,818208,1994-03-28T00:00:00Z,4893.58,4892.48,0,20.2,4873.38,20.2,19.1,NA,Unknown,Water level accuracy is unknown,1,Department of Water Resources,NA,1,Department of Water Resources,NA,NA,36662,23N14E25K004M,NA,Unknown,Unknown,5-012.01,Sierra Valley,Plumas,150,Residential,Unknown,52372,1990-04-11 - 2000-03-26,21,spring,NA,NA,10.1,22,1994,Dry,1993-10-01T00:00:00Z,1994-10-01T00:00:00Z,-120.357,39.8169
398169N1203573W001,818207,1993-10-18T00:00:00Z,4893.58,4892.48,0,28.9,4864.68,28.9,27.8,NA,Unknown,Water level accuracy is unknown,1,Department of Water Resources,NA,1,Department of Water Resources,NA,NA,36662,23N14E25K004M,NA,Unknown,Unknown,5-012.01,Sierra Valley,Plumas,150,Residential,Unknown,52372,1990-04-11 - 2000-03-26,21,fall,21.2,33.6,NA,NA,1994,Dry,1993-10-01T00:00:00Z,1994-10-01T00:00:00Z,-120.357,39.8169
398169N1203573W001,818206,1993-04-21T00:00:00Z,4893.58,4892.48,0,19.3,4874.28,19.3,18.2,NA,Unknown,Water level accuracy is unknown,1,Department of Water Resources,NA,1,Department of Water Resources,NA,NA,36662,23N14E25K004M,NA,Unknown,Unknown,5-012.01,Sierra Valley,Plumas,150,Residential,Unknown,52372,1990-04-11 - 2000-03-26,21,spring,NA,NA,10.1,22,1993,NA,1992-10-01T00:00:00Z,1993-10-01T00:00:00Z,-120.357,39.8169
398169N1203573W001,818205,1992-10-20T00:00:00Z,4893.58,4892.48,0,34.1,4859.48,34.1,33,NA,Unknown,Water level accuracy is unknown,1,Department of Water Resources,NA,1,Department of Water Resources,NA,NA,36662,23N14E25K004M,NA,Unknown,Unknown,5-012.01,Sierra Valley,Plumas,150,Residential,Unknown,52372,1990-04-11 - 2000-03-26,21,fall,21.2,33.6,NA,NA,1993,NA,1992-10-01T00:00:00Z,1993-10-01T00:00:00Z,-120.357,39.8169
398169N1203573W001,818204,1992-03-23T00:00:00Z,4893.58,4892.48,0,23.1,4870.48,23.1,22,NA,Unknown,Water level accuracy is unknown,1,Department of Water Resources,NA,1,Department of Water Resources,NA,NA,36662,23N14E25K004M,NA,Unknown,Unknown,5-012.01,Sierra Valley,Plumas,150,Residential,Unknown,52372,1990-04-11 - 2000-03-26,21,spring,NA,NA,10.1,22,1992,NA,1991-10-01T00:00:00Z,1992-10-01T00:00:00Z,-120.357,39.8169
398169N1203573W001,818203,1991-10-21T00:00:00Z,4893.58,4892.48,0,34.7,4858.88,34.7,33.6,NA,Unknown,Water level accuracy is unknown,1,Department of Water Resources,NA,1,Department of Water Resources,NA,NA,36662,23N14E25K004M,NA,Unknown,Unknown,5-012.01,Sierra Valley,Plumas,150,Residential,Unknown,52372,1990-04-11 - 2000-03-26,21,fall,21.2,33.6,NA,NA,1992,NA,1991-10-01T00:00:00Z,1992-10-01T00:00:00Z,-120.357,39.8169
398169N1203573W001,818202,1991-02-26T00:00:00Z,4893.58,4892.48,0,21.2,4872.38,21.2,20.1,NA,Unknown,Water level accuracy is unknown,1,Department of Water Resources,NA,1,Department of Water Resources,NA,NA,36662,23N14E25K004M,NA,Unknown,Unknown,5-012.01,Sierra Valley,Plumas,150,Residential,Unknown,52372,1990-04-11 - 2000-03-26,21,other,NA,NA,NA,NA,1991,NA,1990-10-01T00:00:00Z,1991-10-01T00:00:00Z,-120.357,39.8169
398169N1203573W001,818201,1990-10-23T00:00:00Z,4893.58,4892.48,0,26.3,4867.28,26.3,25.2,NA,Unknown,Water level accuracy is unknown,1,Department of Water Resources,NA,1,Department of Water Resources,NA,NA,36662,23N14E25K004M,NA,Unknown,Unknown,5-012.01,Sierra Valley,Plumas,150,Residential,Unknown,52372,1990-04-11 - 2000-03-26,21,fall,21.2,33.6,NA,NA,1991,NA,1990-10-01T00:00:00Z,1991-10-01T00:00:00Z,-120.357,39.8169
398169N1203573W001,818200,1990-04-11T00:00:00Z,4893.58,4892.48,0,19.2,4874.38,19.2,18.1,NA,Unknown,Water level accuracy is unknown,1,Department of Water Resources,NA,1,Department of Water Resources,NA,NA,36662,23N14E25K004M,NA,Unknown,Unknown,5-012.01,Sierra Valley,Plumas,150,Residential,Unknown,52372,1990-04-11 - 2000-03-26,21,spring,NA,NA,10.1,22,1990,NA,1989-10-01T00:00:00Z,1990-10-01T00:00:00Z,-120.357,39.8169
