SITE_CODE,WLM_ID,MSMT_DATE,WLM_RPE,WLM_GSE,RDNG_WS,RDNG_RP,WSE,RPE_WSE,GSE_WSE,WLM_QA_DESC,WLM_DESC,WLM_ACC_DESC,WLM_ORG_ID,WLM_ORG_NAME,MSMT_CMT,COOP_AGENCY_ORG_ID,COOP_ORG_NAME,TOP_PRF,BOT_PRF,STN_ID,SWN,WELL_NAME,WLM_METHOD,WLM_ACC,BASIN_CODE,BASIN_NAME,COUNTY_NAME,WELL_DEPTH,WELL_USE,WELL_TYPE,WCR_NO,t_range,n_samples,season,fall_high,fall_low,spring_high,spring_low,water_year,water_year_type,water_year_start,water_year_end,X,Y
398271N1202359W001,818698,1998-10-15T00:00:00Z,4934.98,4933.58,0,5.9,4929.08,5.9,4.5,NA,Unknown,Water level accuracy is unknown,1,Department of Water Resources,NA,1,Department of Water Resources,NA,NA,22083,23N16E19N001M,NA,Unknown,Unknown,5-012.01,Sierra Valley,Plumas,NA,Irrigation,Unknown,NA,1995-05-31 - 2000-03-26,11,fall,4.5,22.8,NA,NA,1999,NA,1998-10-01T00:00:00Z,1999-10-01T00:00:00Z,-120.236,39.8271
398271N1202359W001,818697,1997-10-16T00:00:00Z,4934.98,4933.58,0,12.8,4922.18,12.8,11.4,Oil or foreign substance in casing,Unknown,Water level accuracy is unknown,1,Department of Water Resources,NA,1,Department of Water Resources,NA,NA,22083,23N16E19N001M,NA,Unknown,Unknown,5-012.01,Sierra Valley,Plumas,NA,Irrigation,Unknown,NA,1995-05-31 - 2000-03-26,11,fall,4.5,22.8,NA,NA,1998,NA,1997-10-01T00:00:00Z,1998-10-01T00:00:00Z,-120.236,39.8271
398271N1202359W001,818695,1997-04-03T00:00:00Z,4934.98,4933.58,0,1.9,4933.08,1.9,0.5,Oil or foreign substance in casing,Unknown,Water level accuracy is unknown,1,Department of Water Resources,NA,1,Department of Water Resources,NA,NA,22083,23N16E19N001M,NA,Unknown,Unknown,5-012.01,Sierra Valley,Plumas,NA,Irrigation,Unknown,NA,1995-05-31 - 2000-03-26,11,spring,NA,NA,0.5,9.8,1997,NA,1996-10-01T00:00:00Z,1997-10-01T00:00:00Z,-120.236,39.8271
398271N1202359W001,818696,1996-10-28T00:00:00Z,4934.98,4933.58,0,15.3,4919.68,15.3,13.9,Oil or foreign substance in casing,Unknown,Water level accuracy is unknown,1,Department of Water Resources,NA,1,Department of Water Resources,NA,NA,22083,23N16E19N001M,NA,Unknown,Unknown,5-012.01,Sierra Valley,Plumas,NA,Irrigation,Unknown,NA,1995-05-31 - 2000-03-26,11,fall,4.5,22.8,NA,NA,1997,NA,1996-10-01T00:00:00Z,1997-10-01T00:00:00Z,-120.236,39.8271
398271N1202359W001,818694,1996-05-06T00:00:00Z,4934.98,4933.58,0,6,4928.98,6,4.6,Oil or foreign substance in casing,Unknown,Water level accuracy is unknown,1,Department of Water Resources,NA,1,Department of Water Resources,NA,NA,22083,23N16E19N001M,NA,Unknown,Unknown,5-012.01,Sierra Valley,Plumas,NA,Irrigation,Unknown,NA,1995-05-31 - 2000-03-26,11,spring,NA,NA,0.5,9.8,1996,NA,1995-10-01T00:00:00Z,1996-10-01T00:00:00Z,-120.236,39.8271
398271N1202359W001,818693,1995-10-23T00:00:00Z,4934.98,4933.58,0,24.2,4910.78,24.2,22.8,Oil or foreign substance in casing,Unknown,Water level accuracy is unknown,1,Department of Water Resources,NA,1,Department of Water Resources,NA,NA,22083,23N16E19N001M,NA,Unknown,Unknown,5-012.01,Sierra Valley,Plumas,NA,Irrigation,Unknown,NA,1995-05-31 - 2000-03-26,11,fall,4.5,22.8,NA,NA,1996,NA,1995-10-01T00:00:00Z,1996-10-01T00:00:00Z,-120.236,39.8271
398271N1202359W001,818692,1995-05-31T00:00:00Z,4934.98,4933.58,0,11.2,4923.78,11.2,9.8,Oil or foreign substance in casing,Unknown,Water level accuracy is unknown,1,Department of Water Resources,NA,1,Department of Water Resources,NA,NA,22083,23N16E19N001M,NA,Unknown,Unknown,5-012.01,Sierra Valley,Plumas,NA,Irrigation,Unknown,NA,1995-05-31 - 2000-03-26,11,spring,NA,NA,0.5,9.8,1995,Wet,1994-10-01T00:00:00Z,1995-10-01T00:00:00Z,-120.236,39.8271
