SITE_CODE,WLM_ID,MSMT_DATE,WLM_RPE,WLM_GSE,RDNG_WS,RDNG_RP,WSE,RPE_WSE,GSE_WSE,WLM_QA_DESC,WLM_DESC,WLM_ACC_DESC,WLM_ORG_ID,WLM_ORG_NAME,MSMT_CMT,COOP_AGENCY_ORG_ID,COOP_ORG_NAME,TOP_PRF,BOT_PRF,STN_ID,SWN,WELL_NAME,WLM_METHOD,WLM_ACC,BASIN_CODE,BASIN_NAME,COUNTY_NAME,WELL_DEPTH,WELL_USE,WELL_TYPE,WCR_NO,t_range,n_samples,season,fall_high,fall_low,spring_high,spring_low,water_year,water_year_type,water_year_start,water_year_end,X,Y
398204N1202904W001,818447,2004-04-06T00:00:00Z,4903.56,4903.56,0,4.3,4899.26,4.3,4.3,NA,Unknown,Water level accuracy is unknown,1,Department of Water Resources,NA,1,Department of Water Resources,NA,NA,22076,23N15E27E001M,NA,Unknown,Unknown,5-012.01,Sierra Valley,Plumas,110,Stockwatering,Unknown,NA,1980-10-04 - 2009-04-13,62,spring,NA,NA,2.1,9,2004,NA,2003-10-01T00:00:00Z,2004-10-01T00:00:00Z,-120.29,39.8204
398204N1202904W001,818446,2003-10-28T00:00:00Z,4903.56,4903.56,0,7.9,4895.66,7.9,7.9,NA,Unknown,Water level accuracy is unknown,1,Department of Water Resources,NA,1,Department of Water Resources,NA,NA,22076,23N15E27E001M,NA,Unknown,Unknown,5-012.01,Sierra Valley,Plumas,110,Stockwatering,Unknown,NA,1980-10-04 - 2009-04-13,62,fall,5.9,10.8,NA,NA,2004,NA,2003-10-01T00:00:00Z,2004-10-01T00:00:00Z,-120.29,39.8204
398204N1202904W001,818445,2003-03-29T00:00:00Z,4903.56,4903.56,0,5.5,4898.06,5.5,5.5,NA,Unknown,Water level accuracy is unknown,1,Department of Water Resources,NA,1,Department of Water Resources,NA,NA,22076,23N15E27E001M,NA,Unknown,Unknown,5-012.01,Sierra Valley,Plumas,110,Stockwatering,Unknown,NA,1980-10-04 - 2009-04-13,62,spring,NA,NA,2.1,9,2003,NA,2002-10-01T00:00:00Z,2003-10-01T00:00:00Z,-120.29,39.8204
398204N1202904W001,818444,2002-10-22T00:00:00Z,4903.56,4903.56,0,8.9,4894.66,8.9,8.9,NA,Unknown,Water level accuracy is unknown,1,Department of Water Resources,NA,1,Department of Water Resources,NA,NA,22076,23N15E27E001M,NA,Unknown,Unknown,5-012.01,Sierra Valley,Plumas,110,Stockwatering,Unknown,NA,1980-10-04 - 2009-04-13,62,fall,5.9,10.8,NA,NA,2003,NA,2002-10-01T00:00:00Z,2003-10-01T00:00:00Z,-120.29,39.8204
398204N1202904W001,818443,2002-03-27T00:00:00Z,4903.56,4903.56,0,6.5,4897.06,6.5,6.5,NA,Unknown,Water level accuracy is unknown,1,Department of Water Resources,NA,1,Department of Water Resources,NA,NA,22076,23N15E27E001M,NA,Unknown,Unknown,5-012.01,Sierra Valley,Plumas,110,Stockwatering,Unknown,NA,1980-10-04 - 2009-04-13,62,spring,NA,NA,2.1,9,2002,NA,2001-10-01T00:00:00Z,2002-10-01T00:00:00Z,-120.29,39.8204
398204N1202904W001,818442,2001-10-17T00:00:00Z,4903.56,4903.56,0,9.2,4894.36,9.2,9.2,NA,Unknown,Water level accuracy is unknown,1,Department of Water Resources,NA,1,Department of Water Resources,NA,NA,22076,23N15E27E001M,NA,Unknown,Unknown,5-012.01,Sierra Valley,Plumas,110,Stockwatering,Unknown,NA,1980-10-04 - 2009-04-13,62,fall,5.9,10.8,NA,NA,2002,NA,2001-10-01T00:00:00Z,2002-10-01T00:00:00Z,-120.29,39.8204
398204N1202904W001,818441,2001-03-26T00:00:00Z,4903.56,4903.56,0,7.3,4896.26,7.3,7.3,NA,Unknown,Water level accuracy is unknown,1,Department of Water Resources,NA,1,Department of Water Resources,NA,NA,22076,23N15E27E001M,NA,Unknown,Unknown,5-012.01,Sierra Valley,Plumas,110,Stockwatering,Unknown,NA,1980-10-04 - 2009-04-13,62,spring,NA,NA,2.1,9,2001,Dry,2000-10-01T00:00:00Z,2001-10-01T00:00:00Z,-120.29,39.8204
398204N1202904W001,818440,2000-10-18T00:00:00Z,4903.56,4903.56,0,7.2,4896.36,7.2,7.2,NA,Unknown,Water level accuracy is unknown,1,Department of Water Resources,NA,1,Department of Water Resources,NA,NA,22076,23N15E27E001M,NA,Unknown,Unknown,5-012.01,Sierra Valley,Plumas,110,Stockwatering,Unknown,NA,1980-10-04 - 2009-04-13,62,fall,5.9,10.8,NA,NA,2001,Dry,2000-10-01T00:00:00Z,2001-10-01T00:00:00Z,-120.29,39.8204
398204N1202904W001,818439,2000-03-26T00:00:00Z,4903.56,4903.56,0,3,4900.56,3,3,NA,Unknown,Water level accuracy is unknown,1,Department of Water Resources,NA,1,Department of Water Resources,NA,NA,22076,23N15E27E001M,NA,Unknown,Unknown,5-012.01,Sierra Valley,Plumas,110,Stockwatering,Unknown,NA,1980-10-04 - 2009-04-13,62,spring,NA,NA,2.1,9,2000,NA,1999-10-01T00:00:00Z,2000-10-01T00:00:00Z,-120.29,39.8204
398204N1202904W001,818437,1999-10-11T00:00:00Z,4903.56,4903.56,0,6.6,4896.96,6.6,6.6,NA,Unknown,Water level accuracy is unknown,1,Department of Water Resources,NA,1,Department of Water Resources,NA,NA,22076,23N15E27E001M,NA,Unknown,Unknown,5-012.01,Sierra Valley,Plumas,110,Stockwatering,Unknown,NA,1980-10-04 - 2009-04-13,62,fall,5.9,10.8,NA,NA,2000,NA,1999-10-01T00:00:00Z,2000-10-01T00:00:00Z,-120.29,39.8204
398204N1202904W001,818438,1999-04-13T00:00:00Z,4903.56,4903.56,0,2.1,4901.46,2.1,2.1,NA,Unknown,Water level accuracy is unknown,1,Department of Water Resources,NA,1,Department of Water Resources,NA,NA,22076,23N15E27E001M,NA,Unknown,Unknown,5-012.01,Sierra Valley,Plumas,110,Stockwatering,Unknown,NA,1980-10-04 - 2009-04-13,62,spring,NA,NA,2.1,9,1999,NA,1998-10-01T00:00:00Z,1999-10-01T00:00:00Z,-120.29,39.8204
398204N1202904W001,818435,1998-10-15T00:00:00Z,4903.56,4903.56,0,5.9,4897.66,5.9,5.9,NA,Unknown,Water level accuracy is unknown,1,Department of Water Resources,NA,1,Department of Water Resources,NA,NA,22076,23N15E27E001M,NA,Unknown,Unknown,5-012.01,Sierra Valley,Plumas,110,Stockwatering,Unknown,NA,1980-10-04 - 2009-04-13,62,fall,5.9,10.8,NA,NA,1999,NA,1998-10-01T00:00:00Z,1999-10-01T00:00:00Z,-120.29,39.8204
398204N1202904W001,818436,1998-05-13T00:00:00Z,4903.56,4903.56,0,2.9,4900.66,2.9,2.9,NA,Unknown,Water level accuracy is unknown,1,Department of Water Resources,NA,1,Department of Water Resources,NA,NA,22076,23N15E27E001M,NA,Unknown,Unknown,5-012.01,Sierra Valley,Plumas,110,Stockwatering,Unknown,NA,1980-10-04 - 2009-04-13,62,spring,NA,NA,2.1,9,1998,NA,1997-10-01T00:00:00Z,1998-10-01T00:00:00Z,-120.29,39.8204
398204N1202904W001,818434,1997-10-16T00:00:00Z,4903.56,4903.56,0,6.9,4896.66,6.9,6.9,NA,Unknown,Water level accuracy is unknown,1,Department of Water Resources,NA,1,Department of Water Resources,NA,NA,22076,23N15E27E001M,NA,Unknown,Unknown,5-012.01,Sierra Valley,Plumas,110,Stockwatering,Unknown,NA,1980-10-04 - 2009-04-13,62,fall,5.9,10.8,NA,NA,1998,NA,1997-10-01T00:00:00Z,1998-10-01T00:00:00Z,-120.29,39.8204
398204N1202904W001,818432,1997-04-03T00:00:00Z,4903.56,4903.56,0,3,4900.56,3,3,NA,Unknown,Water level accuracy is unknown,1,Department of Water Resources,NA,1,Department of Water Resources,NA,NA,22076,23N15E27E001M,NA,Unknown,Unknown,5-012.01,Sierra Valley,Plumas,110,Stockwatering,Unknown,NA,1980-10-04 - 2009-04-13,62,spring,NA,NA,2.1,9,1997,NA,1996-10-01T00:00:00Z,1997-10-01T00:00:00Z,-120.29,39.8204
398204N1202904W001,818433,1996-10-28T00:00:00Z,4903.56,4903.56,0,6.6,4896.96,6.6,6.6,NA,Unknown,Water level accuracy is unknown,1,Department of Water Resources,NA,1,Department of Water Resources,NA,NA,22076,23N15E27E001M,NA,Unknown,Unknown,5-012.01,Sierra Valley,Plumas,110,Stockwatering,Unknown,NA,1980-10-04 - 2009-04-13,62,fall,5.9,10.8,NA,NA,1997,NA,1996-10-01T00:00:00Z,1997-10-01T00:00:00Z,-120.29,39.8204
398204N1202904W001,818431,1996-05-06T00:00:00Z,4903.56,4903.56,0,3.3,4900.26,3.3,3.3,NA,Unknown,Water level accuracy is unknown,1,Department of Water Resources,NA,1,Department of Water Resources,NA,NA,22076,23N15E27E001M,NA,Unknown,Unknown,5-012.01,Sierra Valley,Plumas,110,Stockwatering,Unknown,NA,1980-10-04 - 2009-04-13,62,spring,NA,NA,2.1,9,1996,NA,1995-10-01T00:00:00Z,1996-10-01T00:00:00Z,-120.29,39.8204
398204N1202904W001,818430,1995-10-23T00:00:00Z,4903.56,4903.56,0,6.9,4896.66,6.9,6.9,NA,Unknown,Water level accuracy is unknown,1,Department of Water Resources,NA,1,Department of Water Resources,NA,NA,22076,23N15E27E001M,NA,Unknown,Unknown,5-012.01,Sierra Valley,Plumas,110,Stockwatering,Unknown,NA,1980-10-04 - 2009-04-13,62,fall,5.9,10.8,NA,NA,1996,NA,1995-10-01T00:00:00Z,1996-10-01T00:00:00Z,-120.29,39.8204
398204N1202904W001,818429,1995-05-31T00:00:00Z,4903.56,4903.56,0,4.2,4899.36,4.2,4.2,NA,Unknown,Water level accuracy is unknown,1,Department of Water Resources,NA,1,Department of Water Resources,NA,NA,22076,23N15E27E001M,NA,Unknown,Unknown,5-012.01,Sierra Valley,Plumas,110,Stockwatering,Unknown,NA,1980-10-04 - 2009-04-13,62,spring,NA,NA,2.1,9,1995,Wet,1994-10-01T00:00:00Z,1995-10-01T00:00:00Z,-120.29,39.8204
398204N1202904W001,818428,1994-10-27T00:00:00Z,4903.56,4903.56,0,9,4894.56,9,9,NA,Unknown,Water level accuracy is unknown,1,Department of Water Resources,NA,1,Department of Water Resources,NA,NA,22076,23N15E27E001M,NA,Unknown,Unknown,5-012.01,Sierra Valley,Plumas,110,Stockwatering,Unknown,NA,1980-10-04 - 2009-04-13,62,fall,5.9,10.8,NA,NA,1995,Wet,1994-10-01T00:00:00Z,1995-10-01T00:00:00Z,-120.29,39.8204
398204N1202904W001,818427,1994-03-28T00:00:00Z,4903.56,4903.56,0,7.1,4896.46,7.1,7.1,NA,Unknown,Water level accuracy is unknown,1,Department of Water Resources,NA,1,Department of Water Resources,NA,NA,22076,23N15E27E001M,NA,Unknown,Unknown,5-012.01,Sierra Valley,Plumas,110,Stockwatering,Unknown,NA,1980-10-04 - 2009-04-13,62,spring,NA,NA,2.1,9,1994,Dry,1993-10-01T00:00:00Z,1994-10-01T00:00:00Z,-120.29,39.8204
398204N1202904W001,818426,1993-10-18T00:00:00Z,4903.56,4903.56,0,8,4895.56,8,8,NA,Unknown,Water level accuracy is unknown,1,Department of Water Resources,NA,1,Department of Water Resources,NA,NA,22076,23N15E27E001M,NA,Unknown,Unknown,5-012.01,Sierra Valley,Plumas,110,Stockwatering,Unknown,NA,1980-10-04 - 2009-04-13,62,fall,5.9,10.8,NA,NA,1994,Dry,1993-10-01T00:00:00Z,1994-10-01T00:00:00Z,-120.29,39.8204
398204N1202904W001,818425,1993-04-20T00:00:00Z,4903.56,4903.56,0,3.2,4900.36,3.2,3.2,NA,Unknown,Water level accuracy is unknown,1,Department of Water Resources,NA,1,Department of Water Resources,NA,NA,22076,23N15E27E001M,NA,Unknown,Unknown,5-012.01,Sierra Valley,Plumas,110,Stockwatering,Unknown,NA,1980-10-04 - 2009-04-13,62,spring,NA,NA,2.1,9,1993,NA,1992-10-01T00:00:00Z,1993-10-01T00:00:00Z,-120.29,39.8204
398204N1202904W001,818424,1992-10-20T00:00:00Z,4903.56,4903.56,0,10.8,4892.76,10.8,10.8,NA,Unknown,Water level accuracy is unknown,1,Department of Water Resources,NA,1,Department of Water Resources,NA,NA,22076,23N15E27E001M,NA,Unknown,Unknown,5-012.01,Sierra Valley,Plumas,110,Stockwatering,Unknown,NA,1980-10-04 - 2009-04-13,62,fall,5.9,10.8,NA,NA,1993,NA,1992-10-01T00:00:00Z,1993-10-01T00:00:00Z,-120.29,39.8204
398204N1202904W001,818423,1992-03-25T00:00:00Z,4903.56,4903.56,0,9,4894.56,9,9,NA,Unknown,Water level accuracy is unknown,1,Department of Water Resources,NA,1,Department of Water Resources,NA,NA,22076,23N15E27E001M,NA,Unknown,Unknown,5-012.01,Sierra Valley,Plumas,110,Stockwatering,Unknown,NA,1980-10-04 - 2009-04-13,62,spring,NA,NA,2.1,9,1992,NA,1991-10-01T00:00:00Z,1992-10-01T00:00:00Z,-120.29,39.8204
398204N1202904W001,818422,1991-10-23T00:00:00Z,4903.56,4903.56,0,9,4894.56,9,9,NA,Unknown,Water level accuracy is unknown,1,Department of Water Resources,NA,1,Department of Water Resources,NA,NA,22076,23N15E27E001M,NA,Unknown,Unknown,5-012.01,Sierra Valley,Plumas,110,Stockwatering,Unknown,NA,1980-10-04 - 2009-04-13,62,fall,5.9,10.8,NA,NA,1992,NA,1991-10-01T00:00:00Z,1992-10-01T00:00:00Z,-120.29,39.8204
398204N1202904W001,818421,1991-02-26T00:00:00Z,4903.56,4903.56,0,8.8,4894.76,8.8,8.8,Other,Unknown,Water level accuracy is unknown,1,Department of Water Resources,NA,1,Department of Water Resources,NA,NA,22076,23N15E27E001M,NA,Unknown,Unknown,5-012.01,Sierra Valley,Plumas,110,Stockwatering,Unknown,NA,1980-10-04 - 2009-04-13,62,other,NA,NA,NA,NA,1991,NA,1990-10-01T00:00:00Z,1991-10-01T00:00:00Z,-120.29,39.8204
398204N1202904W001,818420,1990-10-23T00:00:00Z,4903.56,4903.56,0,8.7,4894.86,8.7,8.7,Other,Unknown,Water level accuracy is unknown,1,Department of Water Resources,NA,1,Department of Water Resources,NA,NA,22076,23N15E27E001M,NA,Unknown,Unknown,5-012.01,Sierra Valley,Plumas,110,Stockwatering,Unknown,NA,1980-10-04 - 2009-04-13,62,fall,5.9,10.8,NA,NA,1991,NA,1990-10-01T00:00:00Z,1991-10-01T00:00:00Z,-120.29,39.8204
398204N1202904W001,818419,1990-04-10T00:00:00Z,4903.56,4903.56,0,4.7,4898.86,4.7,4.7,Other,Unknown,Water level accuracy is unknown,1,Department of Water Resources,NA,388,Sierra Valley Groundwater Management District,NA,NA,22076,23N15E27E001M,NA,Unknown,Unknown,5-012.01,Sierra Valley,Plumas,110,Stockwatering,Unknown,NA,1980-10-04 - 2009-04-13,62,spring,NA,NA,2.1,9,1990,NA,1989-10-01T00:00:00Z,1990-10-01T00:00:00Z,-120.29,39.8204
398204N1202904W001,818418,1989-09-26T00:00:00Z,4903.56,4903.56,0,7.9,4895.66,7.9,7.9,Other,Unknown,Water level accuracy is unknown,1,Department of Water Resources,NA,1,Department of Water Resources,NA,NA,22076,23N15E27E001M,NA,Unknown,Unknown,5-012.01,Sierra Valley,Plumas,110,Stockwatering,Unknown,NA,1980-10-04 - 2009-04-13,62,fall,5.9,10.8,NA,NA,1989,NA,1988-10-01T00:00:00Z,1989-10-01T00:00:00Z,-120.29,39.8204
398204N1202904W001,818417,1989-04-09T00:00:00Z,4903.56,4903.56,0,6,4897.56,6,6,NA,Unknown,Water level accuracy is unknown,1,Department of Water Resources,NA,1,Department of Water Resources,NA,NA,22076,23N15E27E001M,NA,Unknown,Unknown,5-012.01,Sierra Valley,Plumas,110,Stockwatering,Unknown,NA,1980-10-04 - 2009-04-13,62,spring,NA,NA,2.1,9,1989,NA,1988-10-01T00:00:00Z,1989-10-01T00:00:00Z,-120.29,39.8204
398204N1202904W001,818416,1988-10-29T00:00:00Z,4903.56,4903.56,0,9.9,4893.66,9.9,9.9,NA,Unknown,Water level accuracy is unknown,1,Department of Water Resources,NA,1,Department of Water Resources,NA,NA,22076,23N15E27E001M,NA,Unknown,Unknown,5-012.01,Sierra Valley,Plumas,110,Stockwatering,Unknown,NA,1980-10-04 - 2009-04-13,62,fall,5.9,10.8,NA,NA,1989,NA,1988-10-01T00:00:00Z,1989-10-01T00:00:00Z,-120.29,39.8204
398204N1202904W001,818415,1988-03-22T00:00:00Z,4903.56,4903.56,0,8.3,4895.26,8.3,8.3,NA,Unknown,Water level accuracy is unknown,1,Department of Water Resources,NA,1,Department of Water Resources,NA,NA,22076,23N15E27E001M,NA,Unknown,Unknown,5-012.01,Sierra Valley,Plumas,110,Stockwatering,Unknown,NA,1980-10-04 - 2009-04-13,62,spring,NA,NA,2.1,9,1988,NA,1987-10-01T00:00:00Z,1988-10-01T00:00:00Z,-120.29,39.8204
398204N1202904W001,818414,1987-10-21T00:00:00Z,4903.56,4903.56,0,9,4894.56,9,9,NA,Unknown,Water level accuracy is unknown,1,Department of Water Resources,NA,1,Department of Water Resources,NA,NA,22076,23N15E27E001M,NA,Unknown,Unknown,5-012.01,Sierra Valley,Plumas,110,Stockwatering,Unknown,NA,1980-10-04 - 2009-04-13,62,fall,5.9,10.8,NA,NA,1988,NA,1987-10-01T00:00:00Z,1988-10-01T00:00:00Z,-120.29,39.8204
398204N1202904W001,818413,1987-04-06T00:00:00Z,4903.56,4903.56,0,7.5,4896.06,7.5,7.5,NA,Unknown,Water level accuracy is unknown,1,Department of Water Resources,NA,1,Department of Water Resources,NA,NA,22076,23N15E27E001M,NA,Unknown,Unknown,5-012.01,Sierra Valley,Plumas,110,Stockwatering,Unknown,NA,1980-10-04 - 2009-04-13,62,spring,NA,NA,2.1,9,1987,Dry,1986-10-01T00:00:00Z,1987-10-01T00:00:00Z,-120.29,39.8204
398204N1202904W001,818412,1986-10-04T00:00:00Z,4903.56,4903.56,0,7.9,4895.66,7.9,7.9,NA,Unknown,Water level accuracy is unknown,1,Department of Water Resources,NA,1,Department of Water Resources,NA,NA,22076,23N15E27E001M,NA,Unknown,Unknown,5-012.01,Sierra Valley,Plumas,110,Stockwatering,Unknown,NA,1980-10-04 - 2009-04-13,62,fall,5.9,10.8,NA,NA,1987,Dry,1986-10-01T00:00:00Z,1987-10-01T00:00:00Z,-120.29,39.8204
398204N1202904W001,818410,1985-10-03T00:00:00Z,4903.56,4903.56,0,7.1,4896.46,7.1,7.1,NA,Unknown,Water level accuracy is unknown,1,Department of Water Resources,NA,1,Department of Water Resources,NA,NA,22076,23N15E27E001M,NA,Unknown,Unknown,5-012.01,Sierra Valley,Plumas,110,Stockwatering,Unknown,NA,1980-10-04 - 2009-04-13,62,fall,5.9,10.8,NA,NA,1986,Wet,1985-10-01T00:00:00Z,1986-10-01T00:00:00Z,-120.29,39.8204
398204N1202904W001,818409,1985-03-25T00:00:00Z,4903.56,4903.56,0,4,4899.56,4,4,NA,Unknown,Water level accuracy is unknown,1,Department of Water Resources,NA,1,Department of Water Resources,NA,NA,22076,23N15E27E001M,NA,Unknown,Unknown,5-012.01,Sierra Valley,Plumas,110,Stockwatering,Unknown,NA,1980-10-04 - 2009-04-13,62,spring,NA,NA,2.1,9,1985,Dry,1984-10-01T00:00:00Z,1985-10-01T00:00:00Z,-120.29,39.8204
398204N1202904W001,818407,1984-03-12T00:00:00Z,4903.56,4903.56,0,2.6,4900.96,2.6,2.6,NA,Unknown,Water level accuracy is unknown,1,Department of Water Resources,NA,1,Department of Water Resources,NA,NA,22076,23N15E27E001M,NA,Unknown,Unknown,5-012.01,Sierra Valley,Plumas,110,Stockwatering,Unknown,NA,1980-10-04 - 2009-04-13,62,spring,NA,NA,2.1,9,1984,NA,1983-10-01T00:00:00Z,1984-10-01T00:00:00Z,-120.29,39.8204
398204N1202904W001,818406,1983-09-27T00:00:00Z,4903.56,4903.56,0,6,4897.56,6,6,NA,Unknown,Water level accuracy is unknown,1,Department of Water Resources,NA,1,Department of Water Resources,NA,NA,22076,23N15E27E001M,NA,Unknown,Unknown,5-012.01,Sierra Valley,Plumas,110,Stockwatering,Unknown,NA,1980-10-04 - 2009-04-13,62,fall,5.9,10.8,NA,NA,1983,NA,1982-10-01T00:00:00Z,1983-10-01T00:00:00Z,-120.29,39.8204
398204N1202904W001,818405,1983-04-15T00:00:00Z,4903.56,4903.56,0,2.8,4900.76,2.8,2.8,NA,Unknown,Water level accuracy is unknown,1,Department of Water Resources,NA,1,Department of Water Resources,NA,NA,22076,23N15E27E001M,NA,Unknown,Unknown,5-012.01,Sierra Valley,Plumas,110,Stockwatering,Unknown,NA,1980-10-04 - 2009-04-13,62,spring,NA,NA,2.1,9,1983,NA,1982-10-01T00:00:00Z,1983-10-01T00:00:00Z,-120.29,39.8204
398204N1202904W001,818404,1982-10-06T00:00:00Z,4903.56,4903.56,0,6.8,4896.76,6.8,6.8,NA,Unknown,Water level accuracy is unknown,1,Department of Water Resources,NA,1,Department of Water Resources,NA,NA,22076,23N15E27E001M,NA,Unknown,Unknown,5-012.01,Sierra Valley,Plumas,110,Stockwatering,Unknown,NA,1980-10-04 - 2009-04-13,62,fall,5.9,10.8,NA,NA,1983,NA,1982-10-01T00:00:00Z,1983-10-01T00:00:00Z,-120.29,39.8204
398204N1202904W001,818403,1982-04-26T00:00:00Z,4903.56,4903.56,0,2.9,4900.66,2.9,2.9,NA,Unknown,Water level accuracy is unknown,1,Department of Water Resources,NA,1,Department of Water Resources,NA,NA,22076,23N15E27E001M,NA,Unknown,Unknown,5-012.01,Sierra Valley,Plumas,110,Stockwatering,Unknown,NA,1980-10-04 - 2009-04-13,62,spring,NA,NA,2.1,9,1982,Wet,1981-10-01T00:00:00Z,1982-10-01T00:00:00Z,-120.29,39.8204
398204N1202904W001,818402,1982-02-03T00:00:00Z,4903.56,4903.56,0,1.9,4901.66,1.9,1.9,NA,Unknown,Water level accuracy is unknown,1,Department of Water Resources,NA,1,Department of Water Resources,NA,NA,22076,23N15E27E001M,NA,Unknown,Unknown,5-012.01,Sierra Valley,Plumas,110,Stockwatering,Unknown,NA,1980-10-04 - 2009-04-13,62,other,NA,NA,NA,NA,1982,Wet,1981-10-01T00:00:00Z,1982-10-01T00:00:00Z,-120.29,39.8204
398204N1202904W001,818401,1981-10-08T00:00:00Z,4903.56,4903.56,0,8.2,4895.36,8.2,8.2,NA,Unknown,Water level accuracy is unknown,1,Department of Water Resources,NA,1,Department of Water Resources,NA,NA,22076,23N15E27E001M,NA,Unknown,Unknown,5-012.01,Sierra Valley,Plumas,110,Stockwatering,Unknown,NA,1980-10-04 - 2009-04-13,62,fall,5.9,10.8,NA,NA,1982,Wet,1981-10-01T00:00:00Z,1982-10-01T00:00:00Z,-120.29,39.8204
398204N1202904W001,818400,1981-09-14T00:00:00Z,4903.56,4903.56,0,7.9,4895.66,7.9,7.9,NA,Unknown,Water level accuracy is unknown,1,Department of Water Resources,NA,1,Department of Water Resources,NA,NA,22076,23N15E27E001M,NA,Unknown,Unknown,5-012.01,Sierra Valley,Plumas,110,Stockwatering,Unknown,NA,1980-10-04 - 2009-04-13,62,fall,5.9,10.8,NA,NA,1981,Dry,1980-10-01T00:00:00Z,1981-10-01T00:00:00Z,-120.29,39.8204
398204N1202904W001,818399,1981-08-25T00:00:00Z,4903.56,4903.56,0,7.6,4895.96,7.6,7.6,NA,Unknown,Water level accuracy is unknown,1,Department of Water Resources,NA,1,Department of Water Resources,NA,NA,22076,23N15E27E001M,NA,Unknown,Unknown,5-012.01,Sierra Valley,Plumas,110,Stockwatering,Unknown,NA,1980-10-04 - 2009-04-13,62,fall,5.9,10.8,NA,NA,1981,Dry,1980-10-01T00:00:00Z,1981-10-01T00:00:00Z,-120.29,39.8204
398204N1202904W001,818398,1981-08-11T00:00:00Z,4903.56,4903.56,0,7.3,4896.26,7.3,7.3,Other,Unknown,Water level accuracy is unknown,1,Department of Water Resources,NA,1,Department of Water Resources,NA,NA,22076,23N15E27E001M,NA,Unknown,Unknown,5-012.01,Sierra Valley,Plumas,110,Stockwatering,Unknown,NA,1980-10-04 - 2009-04-13,62,fall,5.9,10.8,NA,NA,1981,Dry,1980-10-01T00:00:00Z,1981-10-01T00:00:00Z,-120.29,39.8204
398204N1202904W001,818397,1981-04-24T00:00:00Z,4903.56,4903.56,0,5,4898.56,5,5,NA,Unknown,Water level accuracy is unknown,1,Department of Water Resources,NA,1,Department of Water Resources,NA,NA,22076,23N15E27E001M,NA,Unknown,Unknown,5-012.01,Sierra Valley,Plumas,110,Stockwatering,Unknown,NA,1980-10-04 - 2009-04-13,62,spring,NA,NA,2.1,9,1981,Dry,1980-10-01T00:00:00Z,1981-10-01T00:00:00Z,-120.29,39.8204
398204N1202904W001,818396,1980-10-04T00:00:00Z,4903.56,4903.56,0,7.5,4896.06,7.5,7.5,NA,Unknown,Water level accuracy is unknown,1,Department of Water Resources,NA,1,Department of Water Resources,NA,NA,22076,23N15E27E001M,NA,Unknown,Unknown,5-012.01,Sierra Valley,Plumas,110,Stockwatering,Unknown,NA,1980-10-04 - 2009-04-13,62,fall,5.9,10.8,NA,NA,1981,Dry,1980-10-01T00:00:00Z,1981-10-01T00:00:00Z,-120.29,39.8204
