SITE_CODE,WLM_ID,MSMT_DATE,WLM_RPE,WLM_GSE,RDNG_WS,RDNG_RP,WSE,RPE_WSE,GSE_WSE,WLM_QA_DESC,WLM_DESC,WLM_ACC_DESC,WLM_ORG_ID,WLM_ORG_NAME,MSMT_CMT,COOP_AGENCY_ORG_ID,COOP_ORG_NAME,TOP_PRF,BOT_PRF,STN_ID,SWN,WELL_NAME,WLM_METHOD,WLM_ACC,BASIN_CODE,BASIN_NAME,COUNTY_NAME,WELL_DEPTH,WELL_USE,WELL_TYPE,WCR_NO,t_range,n_samples,season,fall_high,fall_low,spring_high,spring_low,water_year,water_year_type,water_year_start,water_year_end,X,Y
398447N1202174W001,818690,1999-04-13T00:00:00Z,4994.89,4994.59,0,10.7,4984.19,10.7,10.4,NA,Unknown,Water level accuracy is unknown,1,Department of Water Resources,NA,1,Department of Water Resources,NA,NA,22082,23N16E17M001M,NA,Unknown,Unknown,5-012.01,Sierra Valley,Plumas,130,Residential,Unknown,NA,1958-06-27 - 2000-03-26,31,spring,NA,NA,9.6,25.7,1999,NA,1998-10-01T00:00:00Z,1999-10-01T00:00:00Z,-120.217,39.8447
398447N1202174W001,818688,1998-05-13T00:00:00Z,4994.89,4994.59,0,14.1,4980.79,14.1,13.8,NA,Unknown,Water level accuracy is unknown,1,Department of Water Resources,NA,1,Department of Water Resources,NA,NA,22082,23N16E17M001M,NA,Unknown,Unknown,5-012.01,Sierra Valley,Plumas,130,Residential,Unknown,NA,1958-06-27 - 2000-03-26,31,spring,NA,NA,9.6,25.7,1998,NA,1997-10-01T00:00:00Z,1998-10-01T00:00:00Z,-120.217,39.8447
398447N1202174W001,818684,1997-04-03T00:00:00Z,4994.89,4994.59,0,14.3,4980.59,14.3,14,NA,Unknown,Water level accuracy is unknown,1,Department of Water Resources,NA,1,Department of Water Resources,NA,NA,22082,23N16E17M001M,NA,Unknown,Unknown,5-012.01,Sierra Valley,Plumas,130,Residential,Unknown,NA,1958-06-27 - 2000-03-26,31,spring,NA,NA,9.6,25.7,1997,NA,1996-10-01T00:00:00Z,1997-10-01T00:00:00Z,-120.217,39.8447
398447N1202174W001,818685,1996-10-29T00:00:00Z,4994.89,4994.59,0,17.6,4977.29,17.6,17.3,NA,Unknown,Water level accuracy is unknown,1,Department of Water Resources,NA,1,Department of Water Resources,NA,NA,22082,23N16E17M001M,NA,Unknown,Unknown,5-012.01,Sierra Valley,Plumas,130,Residential,Unknown,NA,1958-06-27 - 2000-03-26,31,fall,11.7,24.9,NA,NA,1997,NA,1996-10-01T00:00:00Z,1997-10-01T00:00:00Z,-120.217,39.8447
398447N1202174W001,818683,1996-05-06T00:00:00Z,4994.89,4994.59,0,17.4,4977.49,17.4,17.1,NA,Unknown,Water level accuracy is unknown,1,Department of Water Resources,NA,1,Department of Water Resources,NA,NA,22082,23N16E17M001M,NA,Unknown,Unknown,5-012.01,Sierra Valley,Plumas,130,Residential,Unknown,NA,1958-06-27 - 2000-03-26,31,spring,NA,NA,9.6,25.7,1996,NA,1995-10-01T00:00:00Z,1996-10-01T00:00:00Z,-120.217,39.8447
398447N1202174W001,818682,1995-10-24T00:00:00Z,4994.89,4994.59,0,23.6,4971.29,23.6,23.3,Pumped recently,Unknown,Water level accuracy is unknown,1,Department of Water Resources,NA,1,Department of Water Resources,NA,NA,22082,23N16E17M001M,NA,Unknown,Unknown,5-012.01,Sierra Valley,Plumas,130,Residential,Unknown,NA,1958-06-27 - 2000-03-26,31,fall,11.7,24.9,NA,NA,1996,NA,1995-10-01T00:00:00Z,1996-10-01T00:00:00Z,-120.217,39.8447
398447N1202174W001,818681,1995-05-31T00:00:00Z,4994.89,4994.59,0,18.9,4975.99,18.9,18.6,NA,Unknown,Water level accuracy is unknown,1,Department of Water Resources,NA,1,Department of Water Resources,NA,NA,22082,23N16E17M001M,NA,Unknown,Unknown,5-012.01,Sierra Valley,Plumas,130,Residential,Unknown,NA,1958-06-27 - 2000-03-26,31,spring,NA,NA,9.6,25.7,1995,Wet,1994-10-01T00:00:00Z,1995-10-01T00:00:00Z,-120.217,39.8447
398447N1202174W001,818680,1994-10-28T00:00:00Z,4994.89,4994.59,0,21.9,4972.99,21.9,21.6,NA,Unknown,Water level accuracy is unknown,1,Department of Water Resources,NA,1,Department of Water Resources,NA,NA,22082,23N16E17M001M,NA,Unknown,Unknown,5-012.01,Sierra Valley,Plumas,130,Residential,Unknown,NA,1958-06-27 - 2000-03-26,31,fall,11.7,24.9,NA,NA,1995,Wet,1994-10-01T00:00:00Z,1995-10-01T00:00:00Z,-120.217,39.8447
398447N1202174W001,818679,1994-03-30T00:00:00Z,4994.89,4994.59,0,21.2,4973.69,21.2,20.9,NA,Unknown,Water level accuracy is unknown,1,Department of Water Resources,NA,1,Department of Water Resources,NA,NA,22082,23N16E17M001M,NA,Unknown,Unknown,5-012.01,Sierra Valley,Plumas,130,Residential,Unknown,NA,1958-06-27 - 2000-03-26,31,spring,NA,NA,9.6,25.7,1994,Dry,1993-10-01T00:00:00Z,1994-10-01T00:00:00Z,-120.217,39.8447
398447N1202174W001,818678,1993-10-19T00:00:00Z,4994.89,4994.59,0,23,4971.89,23,22.7,NA,Unknown,Water level accuracy is unknown,1,Department of Water Resources,NA,1,Department of Water Resources,NA,NA,22082,23N16E17M001M,NA,Unknown,Unknown,5-012.01,Sierra Valley,Plumas,130,Residential,Unknown,NA,1958-06-27 - 2000-03-26,31,fall,11.7,24.9,NA,NA,1994,Dry,1993-10-01T00:00:00Z,1994-10-01T00:00:00Z,-120.217,39.8447
398447N1202174W001,818677,1993-04-20T00:00:00Z,4994.89,4994.59,0,20.1,4974.79,20.1,19.8,Pumped recently,Unknown,Water level accuracy is unknown,1,Department of Water Resources,NA,1,Department of Water Resources,NA,NA,22082,23N16E17M001M,NA,Unknown,Unknown,5-012.01,Sierra Valley,Plumas,130,Residential,Unknown,NA,1958-06-27 - 2000-03-26,31,spring,NA,NA,9.6,25.7,1993,NA,1992-10-01T00:00:00Z,1993-10-01T00:00:00Z,-120.217,39.8447
398447N1202174W001,818676,1992-10-20T00:00:00Z,4994.89,4994.59,0,25.2,4969.69,25.2,24.9,NA,Unknown,Water level accuracy is unknown,1,Department of Water Resources,NA,1,Department of Water Resources,NA,NA,22082,23N16E17M001M,NA,Unknown,Unknown,5-012.01,Sierra Valley,Plumas,130,Residential,Unknown,NA,1958-06-27 - 2000-03-26,31,fall,11.7,24.9,NA,NA,1993,NA,1992-10-01T00:00:00Z,1993-10-01T00:00:00Z,-120.217,39.8447
398447N1202174W001,818675,1992-03-25T00:00:00Z,4994.89,4994.59,0,26,4968.89,26,25.7,NA,Unknown,Water level accuracy is unknown,1,Department of Water Resources,NA,1,Department of Water Resources,NA,NA,22082,23N16E17M001M,NA,Unknown,Unknown,5-012.01,Sierra Valley,Plumas,130,Residential,Unknown,NA,1958-06-27 - 2000-03-26,31,spring,NA,NA,9.6,25.7,1992,NA,1991-10-01T00:00:00Z,1992-10-01T00:00:00Z,-120.217,39.8447
398447N1202174W001,818674,1991-10-23T00:00:00Z,4994.89,4994.59,0,24,4970.89,24,23.7,NA,Unknown,Water level accuracy is unknown,1,Department of Water Resources,NA,1,Department of Water Resources,NA,NA,22082,23N16E17M001M,NA,Unknown,Unknown,5-012.01,Sierra Valley,Plumas,130,Residential,Unknown,NA,1958-06-27 - 2000-03-26,31,fall,11.7,24.9,NA,NA,1992,NA,1991-10-01T00:00:00Z,1992-10-01T00:00:00Z,-120.217,39.8447
398447N1202174W001,818673,1991-04-09T00:00:00Z,4994.89,4994.59,0,24.4,4970.49,24.4,24.1,NA,Unknown,Water level accuracy is unknown,1,Department of Water Resources,NA,1,Department of Water Resources,NA,NA,22082,23N16E17M001M,NA,Unknown,Unknown,5-012.01,Sierra Valley,Plumas,130,Residential,Unknown,NA,1958-06-27 - 2000-03-26,31,spring,NA,NA,9.6,25.7,1991,NA,1990-10-01T00:00:00Z,1991-10-01T00:00:00Z,-120.217,39.8447
398447N1202174W001,818672,1991-02-25T00:00:00Z,4994.89,4994.59,0,24.9,4969.99,24.9,24.6,NA,Unknown,Water level accuracy is unknown,1,Department of Water Resources,NA,1,Department of Water Resources,NA,NA,22082,23N16E17M001M,NA,Unknown,Unknown,5-012.01,Sierra Valley,Plumas,130,Residential,Unknown,NA,1958-06-27 - 2000-03-26,31,other,NA,NA,NA,NA,1991,NA,1990-10-01T00:00:00Z,1991-10-01T00:00:00Z,-120.217,39.8447
398447N1202174W001,818671,1965-04-13T00:00:00Z,4994.89,4994.59,0,9.9,4984.99,9.9,9.6,NA,Unknown,Water level accuracy is unknown,1,Department of Water Resources,NA,1,Department of Water Resources,NA,NA,22082,23N16E17M001M,NA,Unknown,Unknown,5-012.01,Sierra Valley,Plumas,130,Residential,Unknown,NA,1958-06-27 - 2000-03-26,31,spring,NA,NA,9.6,25.7,1965,Wet,1964-10-01T00:00:00Z,1965-10-01T00:00:00Z,-120.217,39.8447
398447N1202174W001,818670,1964-10-14T00:00:00Z,4994.89,4994.59,0,16.7,4978.19,16.7,16.4,NA,Unknown,Water level accuracy is unknown,1,Department of Water Resources,NA,1,Department of Water Resources,NA,NA,22082,23N16E17M001M,NA,Unknown,Unknown,5-012.01,Sierra Valley,Plumas,130,Residential,Unknown,NA,1958-06-27 - 2000-03-26,31,fall,11.7,24.9,NA,NA,1965,Wet,1964-10-01T00:00:00Z,1965-10-01T00:00:00Z,-120.217,39.8447
398447N1202174W001,818669,1963-10-08T00:00:00Z,4994.89,4994.59,0,12,4982.89,12,11.7,NA,Unknown,Water level accuracy is unknown,1,Department of Water Resources,NA,1,Department of Water Resources,NA,NA,22082,23N16E17M001M,NA,Unknown,Unknown,5-012.01,Sierra Valley,Plumas,130,Residential,Unknown,NA,1958-06-27 - 2000-03-26,31,fall,11.7,24.9,NA,NA,1964,Dry,1963-10-01T00:00:00Z,1964-10-01T00:00:00Z,-120.217,39.8447
398447N1202174W001,818668,1962-10-23T00:00:00Z,4994.89,4994.59,0,15.1,4979.79,15.1,14.8,NA,Unknown,Water level accuracy is unknown,1,Department of Water Resources,NA,1,Department of Water Resources,NA,NA,22082,23N16E17M001M,NA,Unknown,Unknown,5-012.01,Sierra Valley,Plumas,130,Residential,Unknown,NA,1958-06-27 - 2000-03-26,31,fall,11.7,24.9,NA,NA,1963,Wet,1962-10-01T00:00:00Z,1963-10-01T00:00:00Z,-120.217,39.8447
398447N1202174W001,818666,1960-09-20T00:00:00Z,4994.89,4994.59,0,13.9,4980.99,13.9,13.6,NA,Unknown,Water level accuracy is unknown,1,Department of Water Resources,NA,1,Department of Water Resources,NA,NA,22082,23N16E17M001M,NA,Unknown,Unknown,5-012.01,Sierra Valley,Plumas,130,Residential,Unknown,NA,1958-06-27 - 2000-03-26,31,fall,11.7,24.9,NA,NA,1960,Dry,1959-10-01T00:00:00Z,1960-10-01T00:00:00Z,-120.217,39.8447
398447N1202174W001,818665,1960-04-09T00:00:00Z,4994.89,4994.59,0,11.4,4983.49,11.4,11.1,NA,Unknown,Water level accuracy is unknown,1,Department of Water Resources,NA,1,Department of Water Resources,NA,NA,22082,23N16E17M001M,NA,Unknown,Unknown,5-012.01,Sierra Valley,Plumas,130,Residential,Unknown,NA,1958-06-27 - 2000-03-26,31,spring,NA,NA,9.6,25.7,1960,Dry,1959-10-01T00:00:00Z,1960-10-01T00:00:00Z,-120.217,39.8447
398447N1202174W001,818664,1959-09-21T00:00:00Z,4994.89,4994.59,0,13.4,4981.49,13.4,13.1,NA,Unknown,Water level accuracy is unknown,1,Department of Water Resources,NA,1,Department of Water Resources,NA,NA,22082,23N16E17M001M,NA,Unknown,Unknown,5-012.01,Sierra Valley,Plumas,130,Residential,Unknown,NA,1958-06-27 - 2000-03-26,31,fall,11.7,24.9,NA,NA,1959,NA,1958-10-01T00:00:00Z,1959-10-01T00:00:00Z,-120.217,39.8447
398447N1202174W001,818663,1959-04-23T00:00:00Z,4994.89,4994.59,0,10.2,4984.69,10.2,9.9,NA,Unknown,Water level accuracy is unknown,1,Department of Water Resources,NA,1,Department of Water Resources,NA,NA,22082,23N16E17M001M,NA,Unknown,Unknown,5-012.01,Sierra Valley,Plumas,130,Residential,Unknown,NA,1958-06-27 - 2000-03-26,31,spring,NA,NA,9.6,25.7,1959,NA,1958-10-01T00:00:00Z,1959-10-01T00:00:00Z,-120.217,39.8447
398447N1202174W001,818662,1958-10-02T00:00:00Z,4994.89,4994.59,0,12.3,4982.59,12.3,12,NA,Unknown,Water level accuracy is unknown,1,Department of Water Resources,NA,1,Department of Water Resources,NA,NA,22082,23N16E17M001M,NA,Unknown,Unknown,5-012.01,Sierra Valley,Plumas,130,Residential,Unknown,NA,1958-06-27 - 2000-03-26,31,fall,11.7,24.9,NA,NA,1959,NA,1958-10-01T00:00:00Z,1959-10-01T00:00:00Z,-120.217,39.8447
398447N1202174W001,818661,1958-06-27T00:00:00Z,4994.89,4994.59,0,10.7,4984.19,10.7,10.4,NA,Unknown,Water level accuracy is unknown,1,Department of Water Resources,NA,1,Department of Water Resources,NA,NA,22082,23N16E17M001M,NA,Unknown,Unknown,5-012.01,Sierra Valley,Plumas,130,Residential,Unknown,NA,1958-06-27 - 2000-03-26,31,other,NA,NA,NA,NA,1958,Wet,1957-10-01T00:00:00Z,1958-10-01T00:00:00Z,-120.217,39.8447
